ID,DATE,ELEMENT,DATA_VALUE,M_FLAG,Q_FLAG,S_FLAG,OBS_TIME
US1TXAS0006,20101001,PRCP,0,,,N,0700
US1TXAS0006,20101002,PRCP,0,,,N,0700
US1TXAS0006,20101003,PRCP,0,,,N,0700
US1TXAS0006,20101004,PRCP,0,,,N,0700
US1TXAS0006,20101005,PRCP,0,,,N,0700
US1TXAS0006,20101006,PRCP,0,,,N,0700
US1TXAS0006,20101007,PRCP,0,,,N,0700
US1TXAS0006,20101008,PRCP,0,,,N,0700
US1TXAS0006,20101009,PRCP,0,,,N,0700
US1TXAS0006,20101010,PRCP,0,,,N,0700
US1TXAS0006,20101011,PRCP,0,,,N,0700
US1TXAS0006,20101012,PRCP,0,,,N,0700
US1TXAS0006,20101013,PRCP,0,,,N,0700
US1TXAS0006,20101014,PRCP,0,,,N,0700
US1TXAS0006,20101015,PRCP,0,,,N,0700
US1TXAS0006,20101016,PRCP,0,,,N,0700
US1TXAS0006,20101017,PRCP,0,,,N,0700
US1TXAS0006,20101018,PRCP,0,,,N,0700
US1TXAS0006,20101019,PRCP,0,,,N,0700
US1TXAS0006,20101020,PRCP,0,,,N,0700
US1TXAS0006,20101021,PRCP,0,,,N,0700
US1TXAS0006,20101022,PRCP,0,,,N,0700
US1TXAS0006,20101023,PRCP,0,,,N,0700
US1TXAS0006,20101024,PRCP,0,,,N,0700
US1TXAS0006,20101025,PRCP,0,,,N,0700
US1TXAS0006,20101026,PRCP,0,,,N,0700
US1TXAS0006,20101027,PRCP,0,,,N,0700
US1TXAS0006,20101028,PRCP,0,,,N,0700
US1TXAS0006,20101029,PRCP,0,,,N,0700
US1TXAS0006,20101030,PRCP,0,,,N,0700
US1TXAS0006,20101031,PRCP,0,,,N,0700
US1TXAS0006,20101001,SNOW,0,,,N,0700
US1TXAS0006,20101002,SNOW,0,,,N,0700
US1TXAS0006,20101003,SNOW,0,,,N,0700
US1TXAS0006,20101004,SNOW,0,,,N,0700
US1TXAS0006,20101005,SNOW,0,,,N,0700
US1TXAS0006,20101006,SNOW,0,,,N,0700
US1TXAS0006,20101007,SNOW,0,,,N,0700
US1TXAS0006,20101008,SNOW,0,,,N,0700
US1TXAS0006,20101009,SNOW,0,,,N,0700
US1TXAS0006,20101010,SNOW,0,,,N,0700
US1TXAS0006,20101011,SNOW,0,,,N,0700
US1TXAS0006,20101012,SNOW,0,,,N,0700
US1TXAS0006,20101013,SNOW,0,,,N,0700
US1TXAS0006,20101014,SNOW,0,,,N,0700
US1TXAS0006,20101015,SNOW,0,,,N,0700
US1TXAS0006,20101016,SNOW,0,,,N,0700
US1TXAS0006,20101017,SNOW,0,,,N,0700
US1TXAS0006,20101018,SNOW,0,,,N,0700
US1TXAS0006,20101019,SNOW,0,,,N,0700
US1TXAS0006,20101020,SNOW,0,,,N,0700
US1TXAS0006,20101021,SNOW,0,,,N,0700
US1TXAS0006,20101022,SNOW,0,,,N,0700
US1TXAS0006,20101023,SNOW,0,,,N,0700
US1TXAS0006,20101024,SNOW,0,,,N,0700
US1TXAS0006,20101025,SNOW,0,,,N,0700
US1TXAS0006,20101026,SNOW,0,,,N,0700
US1TXAS0006,20101027,SNOW,0,,,N,0700
US1TXAS0006,20101028,SNOW,0,,,N,0700
US1TXAS0006,20101029,SNOW,0,,,N,0700
US1TXAS0006,20101030,SNOW,0,,,N,0700
US1TXAS0006,20101031,SNOW,0,,,N,0700
US1TXAS0006,20101101,PRCP,0,,,N,0700
US1TXAS0006,20101102,PRCP,168,,,N,0700
US1TXAS0006,20101103,PRCP,41,,,N,0700
US1TXAS0006,20101104,PRCP,10,,,N,0700
US1TXAS0006,20101105,PRCP,0,,,N,0700
US1TXAS0006,20101106,PRCP,0,,,N,0700
US1TXAS0006,20101107,PRCP,0,,,N,0700
US1TXAS0006,20101108,PRCP,0,,,N,0700
US1TXAS0006,20101109,PRCP,0,,,N,0700
US1TXAS0006,20101110,PRCP,0,,,N,0700
US1TXAS0006,20101111,PRCP,0,,,N,0700
US1TXAS0006,20101112,PRCP,20,,,N,0700
US1TXAS0006,20101113,PRCP,23,,,N,0700
US1TXAS0006,20101114,PRCP,3,,,N,0700
US1TXAS0006,20101115,PRCP,41,,,N,0700
US1TXAS0006,20101116,PRCP,3,,,N,0700
US1TXAS0006,20101117,PRCP,0,,,N,0700
US1TXAS0006,20101118,PRCP,0,,,N,0700
US1TXAS0006,20101119,PRCP,0,,,N,0700
US1TXAS0006,20101120,PRCP,0,,,N,0700
US1TXAS0006,20101121,PRCP,0,,,N,0700
US1TXAS0006,20101122,PRCP,0,,,N,0700
US1TXAS0006,20101123,PRCP,0,,,N,0700
US1TXAS0006,20101124,PRCP,10,,,N,0700
US1TXAS0006,20101125,PRCP,0,,,N,0700
US1TXAS0006,20101126,PRCP,15,,,N,0700
US1TXAS0006,20101127,PRCP,38,,,N,0700
US1TXAS0006,20101128,PRCP,0,,,N,0700
US1TXAS0006,20101129,PRCP,0,,,N,0700
US1TXAS0006,20101130,PRCP,0,,,N,0700
US1TXAS0006,20101101,SNOW,0,,,N,0700
US1TXAS0006,20101102,SNOW,0,,,N,0700
US1TXAS0006,20101103,SNOW,0,,,N,0700
US1TXAS0006,20101104,SNOW,0,,,N,0700
US1TXAS0006,20101105,SNOW,0,,,N,0700
US1TXAS0006,20101106,SNOW,0,,,N,0700
US1TXAS0006,20101107,SNOW,0,,,N,0700
US1TXAS0006,20101108,SNOW,0,,,N,0700
US1TXAS0006,20101109,SNOW,0,,,N,0700
US1TXAS0006,20101110,SNOW,0,,,N,0700
US1TXAS0006,20101111,SNOW,0,,,N,0700
US1TXAS0006,20101112,SNOW,0,,,N,0700
US1TXAS0006,20101113,SNOW,0,,,N,0700
US1TXAS0006,20101115,SNOW,0,,,N,0700
US1TXAS0006,20101116,SNOW,0,,,N,0700
US1TXAS0006,20101117,SNOW,0,,,N,0700
US1TXAS0006,20101118,SNOW,0,,,N,0700
US1TXAS0006,20101119,SNOW,0,,,N,0700
US1TXAS0006,20101120,SNOW,0,,,N,0700
US1TXAS0006,20101121,SNOW,0,,,N,0700
US1TXAS0006,20101122,SNOW,0,,,N,0700
US1TXAS0006,20101123,SNOW,0,,,N,0700
US1TXAS0006,20101124,SNOW,0,,,N,0700
US1TXAS0006,20101125,SNOW,0,,,N,0700
US1TXAS0006,20101126,SNOW,0,,,N,0700
US1TXAS0006,20101127,SNOW,0,,,N,0700
US1TXAS0006,20101128,SNOW,0,,,N,0700
US1TXAS0006,20101129,SNOW,0,,,N,0700
US1TXAS0006,20101130,SNOW,0,,,N,0700
US1TXAS0006,20101201,PRCP,0,,,N,0700
US1TXAS0006,20101202,PRCP,0,,,N,0700
US1TXAS0006,20101203,PRCP,0,,,N,0700
US1TXAS0006,20101204,PRCP,0,,,N,0700
US1TXAS0006,20101205,PRCP,0,,,N,0700
US1TXAS0006,20101206,PRCP,0,,,N,0700
US1TXAS0006,20101207,PRCP,0,,,N,0700
US1TXAS0006,20101208,PRCP,5,,,N,0700
US1TXAS0006,20101209,PRCP,0,,,N,0700
US1TXAS0006,20101210,PRCP,0,,,N,0700
US1TXAS0006,20101211,PRCP,0,,,N,0700
US1TXAS0006,20101212,PRCP,0,,,N,0700
US1TXAS0006,20101213,PRCP,0,,,N,0700
US1TXAS0006,20101214,PRCP,0,,,N,0700
US1TXAS0006,20101215,PRCP,0,,,N,0700
US1TXAS0006,20101216,PRCP,0,,,N,0700
US1TXAS0006,20101217,PRCP,0,,,N,0700
US1TXAS0006,20101218,PRCP,0,,,N,0700
US1TXAS0006,20101219,PRCP,0,,,N,0700
US1TXAS0006,20101220,PRCP,0,,,N,0700
US1TXAS0006,20101221,PRCP,0,,,N,0700
US1TXAS0006,20101222,PRCP,0,,,N,0700
US1TXAS0006,20101223,PRCP,0,,,N,0700
US1TXAS0006,20101224,PRCP,0,,,N,0700
US1TXAS0006,20101225,PRCP,287,,,N,0700
US1TXAS0006,20101226,PRCP,0,,,N,0700
US1TXAS0006,20101227,PRCP,0,,,N,0700
US1TXAS0006,20101228,PRCP,0,,,N,0700
US1TXAS0006,20101229,PRCP,0,,,N,0700
US1TXAS0006,20101230,PRCP,53,,,N,0700
US1TXAS0006,20101231,PRCP,8,,,N,0700
US1TXAS0006,20101201,SNOW,0,,,N,0700
US1TXAS0006,20101202,SNOW,0,,,N,0700
US1TXAS0006,20101203,SNOW,0,,,N,0700
US1TXAS0006,20101204,SNOW,0,,,N,0700
US1TXAS0006,20101205,SNOW,0,,,N,0700
US1TXAS0006,20101206,SNOW,0,,,N,0700
US1TXAS0006,20101207,SNOW,0,,,N,0700
US1TXAS0006,20101208,SNOW,0,,,N,0700
US1TXAS0006,20101209,SNOW,0,,,N,0700
US1TXAS0006,20101210,SNOW,0,,,N,0700
US1TXAS0006,20101211,SNOW,0,,,N,0700
US1TXAS0006,20101212,SNOW,0,,,N,0700
US1TXAS0006,20101213,SNOW,0,,,N,0700
US1TXAS0006,20101214,SNOW,0,,,N,0700
US1TXAS0006,20101215,SNOW,0,,,N,0700
US1TXAS0006,20101216,SNOW,0,,,N,0700
US1TXAS0006,20101217,SNOW,0,,,N,0700
US1TXAS0006,20101218,SNOW,0,,,N,0700
US1TXAS0006,20101219,SNOW,0,,,N,0700
US1TXAS0006,20101220,SNOW,0,,,N,0700
US1TXAS0006,20101221,SNOW,0,,,N,0700
US1TXAS0006,20101222,SNOW,0,,,N,0700
US1TXAS0006,20101223,SNOW,0,,,N,0700
US1TXAS0006,20101224,SNOW,0,,,N,0700
US1TXAS0006,20101225,SNOW,0,,,N,0700
US1TXAS0006,20101226,SNOW,0,,,N,0700
US1TXAS0006,20101227,SNOW,0,,,N,0700
US1TXAS0006,20101228,SNOW,0,,,N,0700
US1TXAS0006,20101229,SNOW,0,,,N,0700
US1TXAS0006,20101230,SNOW,0,,,N,0700
US1TXAS0006,20101231,SNOW,0,,,N,0700
US1TXAS0006,20110101,PRCP,0,,,N,0700
US1TXAS0006,20110102,PRCP,0,,,N,0700
US1TXAS0006,20110103,PRCP,0,,,N,0700
US1TXAS0006,20110104,PRCP,0,,,N,0700
US1TXAS0006,20110105,PRCP,300,,,N,0700
US1TXAS0006,20110106,PRCP,0,,,N,0700
US1TXAS0006,20110107,PRCP,0,,,N,0700
US1TXAS0006,20110108,PRCP,0,,,N,0700
US1TXAS0006,20110109,PRCP,323,,,N,0700
US1TXAS0006,20110110,PRCP,46,,,N,0700
US1TXAS0006,20110111,PRCP,0,,,N,0700
US1TXAS0006,20110112,PRCP,0,,,N,0700
US1TXAS0006,20110113,PRCP,0,,,N,0700
US1TXAS0006,20110114,PRCP,0,,,N,0700
US1TXAS0006,20110115,PRCP,10,,,N,0700
US1TXAS0006,20110116,PRCP,61,,,N,0700
US1TXAS0006,20110117,PRCP,86,,,N,0700
US1TXAS0006,20110118,PRCP,0,,,N,0700
US1TXAS0006,20110119,PRCP,0,,,N,0700
US1TXAS0006,20110120,PRCP,0,,,N,0700
US1TXAS0006,20110121,PRCP,3,,,N,0700
US1TXAS0006,20110122,PRCP,0,,,N,0700
US1TXAS0006,20110123,PRCP,0,,,N,0700
US1TXAS0006,20110124,PRCP,86,,,N,0700
US1TXAS0006,20110125,PRCP,3,,,N,0700
US1TXAS0006,20110126,PRCP,0,,,N,0700
US1TXAS0006,20110127,PRCP,0,,,N,0700
US1TXAS0006,20110128,PRCP,0,,,N,0700
US1TXAS0006,20110129,PRCP,0,,,N,0700
US1TXAS0006,20110130,PRCP,0,,,N,0700
US1TXAS0006,20110131,PRCP,3,,,N,0700
US1TXAS0006,20110101,SNOW,0,,,N,0700
US1TXAS0006,20110102,SNOW,0,,,N,0700
US1TXAS0006,20110103,SNOW,0,,,N,0700
US1TXAS0006,20110104,SNOW,0,,,N,0700
US1TXAS0006,20110105,SNOW,0,,,N,0700
US1TXAS0006,20110106,SNOW,0,,,N,0700
US1TXAS0006,20110107,SNOW,0,,,N,0700
US1TXAS0006,20110108,SNOW,0,,,N,0700
US1TXAS0006,20110109,SNOW,0,,,N,0700
US1TXAS0006,20110110,SNOW,0,,,N,0700
US1TXAS0006,20110111,SNOW,0,,,N,0700
US1TXAS0006,20110112,SNOW,0,,,N,0700
US1TXAS0006,20110113,SNOW,0,,,N,0700
US1TXAS0006,20110114,SNOW,0,,,N,0700
US1TXAS0006,20110115,SNOW,0,,,N,0700
US1TXAS0006,20110116,SNOW,0,,,N,0700
US1TXAS0006,20110117,SNOW,0,,,N,0700
US1TXAS0006,20110118,SNOW,0,,,N,0700
US1TXAS0006,20110119,SNOW,0,,,N,0700
US1TXAS0006,20110120,SNOW,0,,,N,0700
US1TXAS0006,20110121,SNOW,0,,,N,0700
US1TXAS0006,20110122,SNOW,0,,,N,0700
US1TXAS0006,20110123,SNOW,0,,,N,0700
US1TXAS0006,20110124,SNOW,0,,,N,0700
US1TXAS0006,20110125,SNOW,0,,,N,0700
US1TXAS0006,20110126,SNOW,0,,,N,0700
US1TXAS0006,20110127,SNOW,0,,,N,0700
US1TXAS0006,20110128,SNOW,0,,,N,0700
US1TXAS0006,20110129,SNOW,0,,,N,0700
US1TXAS0006,20110130,SNOW,0,,,N,0700
US1TXAS0006,20110131,SNOW,0,,,N,0700
US1TXAS0006,20110201,PRCP,89,,,N,0700
US1TXAS0006,20110202,PRCP,0,,,N,0700
US1TXAS0006,20110203,PRCP,0,,,N,0700
US1TXAS0006,20110204,PRCP,0,,,N,0700
US1TXAS0006,20110205,PRCP,8,,,N,0700
US1TXAS0006,20110206,PRCP,0,,,N,0700
US1TXAS0006,20110207,PRCP,0,,,N,0700
US1TXAS0006,20110208,PRCP,0,,,N,0700
US1TXAS0006,20110209,PRCP,28,,,N,0700
US1TXAS0006,20110210,PRCP,30,,,N,0700
US1TXAS0006,20110211,PRCP,0,,,N,0700
US1TXAS0006,20110212,PRCP,0,,,N,0700
US1TXAS0006,20110213,PRCP,0,,,N,0700
US1TXAS0006,20110214,PRCP,0,,,N,0700
US1TXAS0006,20110215,PRCP,0,,,N,0700
US1TXAS0006,20110216,PRCP,0,,,N,0700
US1TXAS0006,20110217,PRCP,0,,,N,0700
US1TXAS0006,20110218,PRCP,0,,,N,0700
US1TXAS0006,20110219,PRCP,0,,,N,0700
US1TXAS0006,20110220,PRCP,0,,,N,0700
US1TXAS0006,20110221,PRCP,0,,,N,0700
US1TXAS0006,20110222,PRCP,0,,,N,0700
US1TXAS0006,20110223,PRCP,0,,,N,0700
US1TXAS0006,20110224,PRCP,0,,,N,0700
US1TXAS0006,20110225,PRCP,0,,,N,0700
US1TXAS0006,20110226,PRCP,0,,,N,0700
US1TXAS0006,20110227,PRCP,0,,,N,0700
US1TXAS0006,20110228,PRCP,3,,,N,0700
US1TXAS0006,20110201,SNOW,0,,,N,0700
US1TXAS0006,20110202,SNOW,0,,,N,0700
US1TXAS0006,20110203,SNOW,0,,,N,0700
US1TXAS0006,20110204,SNOW,0,,,N,0700
US1TXAS0006,20110205,SNOW,8,,,N,0700
US1TXAS0006,20110206,SNOW,0,,,N,0700
US1TXAS0006,20110207,SNOW,0,,,N,0700
US1TXAS0006,20110208,SNOW,0,,,N,0700
US1TXAS0006,20110209,SNOW,0,,,N,0700
US1TXAS0006,20110210,SNOW,0,,,N,0700
US1TXAS0006,20110211,SNOW,0,,,N,0700
US1TXAS0006,20110212,SNOW,0,,,N,0700
US1TXAS0006,20110213,SNOW,0,,,N,0700
US1TXAS0006,20110214,SNOW,0,,,N,0700
US1TXAS0006,20110215,SNOW,0,,,N,0700
US1TXAS0006,20110216,SNOW,0,,,N,0700
US1TXAS0006,20110217,SNOW,0,,,N,0700
US1TXAS0006,20110218,SNOW,0,,,N,0700
US1TXAS0006,20110219,SNOW,0,,,N,0700
US1TXAS0006,20110220,SNOW,0,,,N,0700
US1TXAS0006,20110221,SNOW,0,,,N,0700
US1TXAS0006,20110222,SNOW,0,,,N,0700
US1TXAS0006,20110223,SNOW,0,,,N,0700
US1TXAS0006,20110224,SNOW,0,,,N,0700
US1TXAS0006,20110225,SNOW,0,,,N,0700
US1TXAS0006,20110226,SNOW,0,,,N,0700
US1TXAS0006,20110227,SNOW,0,,,N,0700
US1TXAS0006,20110228,SNOW,0,,,N,0700
US1TXAS0006,20110205,WESF,8,,,N,0700
US1TXAS0006,20110301,PRCP,0,,,N,0700
US1TXAS0006,20110302,PRCP,0,,,N,0700
US1TXAS0006,20110303,PRCP,0,,,N,0700
US1TXAS0006,20110304,PRCP,0,,,N,0700
US1TXAS0006,20110305,PRCP,10,,,N,0700
US1TXAS0006,20110306,PRCP,0,,,N,0700
US1TXAS0006,20110307,PRCP,0,,,N,0700
US1TXAS0006,20110308,PRCP,0,,,N,0700
US1TXAS0006,20110309,PRCP,36,,,N,0700
US1TXAS0006,20110310,PRCP,0,,,N,0700
US1TXAS0006,20110311,PRCP,0,,,N,0700
US1TXAS0006,20110312,PRCP,0,,,N,0700
US1TXAS0006,20110313,PRCP,0,,,N,0700
US1TXAS0006,20110314,PRCP,28,,,N,0700
US1TXAS0006,20110315,PRCP,112,,,N,0700
US1TXAS0006,20110316,PRCP,0,,,N,0700
US1TXAS0006,20110317,PRCP,0,,,N,0700
US1TXAS0006,20110318,PRCP,0,,,N,0700
US1TXAS0006,20110319,PRCP,0,,,N,0700
US1TXAS0006,20110320,PRCP,0,,,N,0700
US1TXAS0006,20110321,PRCP,0,,,N,0700
US1TXAS0006,20110322,PRCP,0,,,N,0700
US1TXAS0006,20110323,PRCP,0,,,N,0700
US1TXAS0006,20110324,PRCP,0,,,N,0700
US1TXAS0006,20110325,PRCP,0,,,N,0700
US1TXAS0006,20110326,PRCP,0,,,N,0700
US1TXAS0006,20110327,PRCP,3,,,N,0700
US1TXAS0006,20110328,PRCP,0,,,N,0700
US1TXAS0006,20110329,PRCP,0,,,N,0700
US1TXAS0006,20110330,PRCP,8,,,N,0700
US1TXAS0006,20110331,PRCP,0,,,N,0700
US1TXAS0006,20110301,SNOW,0,,,N,0700
US1TXAS0006,20110302,SNOW,0,,,N,0700
US1TXAS0006,20110303,SNOW,0,,,N,0700
US1TXAS0006,20110304,SNOW,0,,,N,0700
US1TXAS0006,20110305,SNOW,0,,,N,0700
US1TXAS0006,20110306,SNOW,0,,,N,0700
US1TXAS0006,20110307,SNOW,0,,,N,0700
US1TXAS0006,20110308,SNOW,0,,,N,0700
US1TXAS0006,20110309,SNOW,0,,,N,0700
US1TXAS0006,20110310,SNOW,0,,,N,0700
US1TXAS0006,20110311,SNOW,0,,,N,0700
US1TXAS0006,20110312,SNOW,0,,,N,0700
US1TXAS0006,20110313,SNOW,0,,,N,0700
US1TXAS0006,20110314,SNOW,0,,,N,0700
US1TXAS0006,20110315,SNOW,0,,,N,0700
US1TXAS0006,20110316,SNOW,0,,,N,0700
US1TXAS0006,20110317,SNOW,0,,,N,0700
US1TXAS0006,20110318,SNOW,0,,,N,0700
US1TXAS0006,20110319,SNOW,0,,,N,0700
US1TXAS0006,20110320,SNOW,0,,,N,0700
US1TXAS0006,20110321,SNOW,0,,,N,0700
US1TXAS0006,20110322,SNOW,0,,,N,0700
US1TXAS0006,20110323,SNOW,0,,,N,0700
US1TXAS0006,20110324,SNOW,0,,,N,0700
US1TXAS0006,20110325,SNOW,0,,,N,0700
US1TXAS0006,20110326,SNOW,0,,,N,0700
US1TXAS0006,20110327,SNOW,0,,,N,0700
US1TXAS0006,20110328,SNOW,0,,,N,0700
US1TXAS0006,20110329,SNOW,0,,,N,0700
US1TXAS0006,20110330,SNOW,0,,,N,0700
US1TXAS0006,20110331,SNOW,0,,,N,0700
US1TXAS0006,20110401,PRCP,0,,,N,0700
US1TXAS0006,20110402,PRCP,0,,,N,0700
US1TXAS0006,20110403,PRCP,13,,,N,0700
US1TXAS0006,20110404,PRCP,0,,,N,0700
US1TXAS0006,20110405,PRCP,8,,,N,0700
US1TXAS0006,20110406,PRCP,0,,,N,0700
US1TXAS0006,20110407,PRCP,0,,,N,0700
US1TXAS0006,20110408,PRCP,0,,,N,0700
US1TXAS0006,20110409,PRCP,0,,,N,0700
US1TXAS0006,20110410,PRCP,0,,,N,0700
US1TXAS0006,20110411,PRCP,0,,,N,0700
US1TXAS0006,20110412,PRCP,3,,,N,0700
US1TXAS0006,20110413,PRCP,0,,,N,0700
US1TXAS0006,20110414,PRCP,0,,,N,0700
US1TXAS0006,20110415,PRCP,0,,,N,0700
US1TXAS0006,20110416,PRCP,0,,,N,0700
US1TXAS0006,20110417,PRCP,0,,,N,0700
US1TXAS0006,20110418,PRCP,0,,,N,0700
US1TXAS0006,20110419,PRCP,0,,,N,0700
US1TXAS0006,20110420,PRCP,0,,,N,0700
US1TXAS0006,20110421,PRCP,0,,,N,0700
US1TXAS0006,20110422,PRCP,0,,,N,0700
US1TXAS0006,20110423,PRCP,0,,,N,0700
US1TXAS0006,20110424,PRCP,0,,,N,0700
US1TXAS0006,20110425,PRCP,0,,,N,0700
US1TXAS0006,20110426,PRCP,0,,,N,0700
US1TXAS0006,20110427,PRCP,0,,,N,0700
US1TXAS0006,20110428,PRCP,0,,,N,0700
US1TXAS0006,20110429,PRCP,0,,,N,0700
US1TXAS0006,20110430,PRCP,0,,,N,0700
US1TXAS0006,20110401,SNOW,0,,,N,0700
US1TXAS0006,20110402,SNOW,0,,,N,0700
US1TXAS0006,20110403,SNOW,0,,,N,0700
US1TXAS0006,20110404,SNOW,0,,,N,0700
US1TXAS0006,20110405,SNOW,0,,,N,0700
US1TXAS0006,20110406,SNOW,0,,,N,0700
US1TXAS0006,20110407,SNOW,0,,,N,0700
US1TXAS0006,20110408,SNOW,0,,,N,0700
US1TXAS0006,20110409,SNOW,0,,,N,0700
US1TXAS0006,20110410,SNOW,0,,,N,0700
US1TXAS0006,20110411,SNOW,0,,,N,0700
US1TXAS0006,20110412,SNOW,0,,,N,0700
US1TXAS0006,20110413,SNOW,0,,,N,0700
US1TXAS0006,20110414,SNOW,0,,,N,0700
US1TXAS0006,20110415,SNOW,0,,,N,0700
US1TXAS0006,20110416,SNOW,0,,,N,0700
US1TXAS0006,20110417,SNOW,0,,,N,0700
US1TXAS0006,20110418,SNOW,0,,,N,0700
US1TXAS0006,20110419,SNOW,0,,,N,0700
US1TXAS0006,20110420,SNOW,0,,,N,0700
US1TXAS0006,20110421,SNOW,0,,,N,0700
US1TXAS0006,20110422,SNOW,0,,,N,0700
US1TXAS0006,20110423,SNOW,0,,,N,0700
US1TXAS0006,20110424,SNOW,0,,,N,0700
US1TXAS0006,20110425,SNOW,0,,,N,0700
US1TXAS0006,20110426,SNOW,0,,,N,0700
US1TXAS0006,20110427,SNOW,0,,,N,0700
US1TXAS0006,20110428,SNOW,0,,,N,0700
US1TXAS0006,20110429,SNOW,0,,,N,0700
US1TXAS0006,20110430,SNOW,0,,,N,0700
US1TXAS0006,20110501,PRCP,0,,,N,0700
US1TXAS0006,20110502,PRCP,0,,,N,0700
US1TXAS0006,20110503,PRCP,3,,,N,0700
US1TXAS0006,20110504,PRCP,0,,,N,0700
US1TXAS0006,20110505,PRCP,0,,,N,0700
US1TXAS0006,20110506,PRCP,0,,,N,0700
US1TXAS0006,20110507,PRCP,0,,,N,0700
US1TXAS0006,20110508,PRCP,0,,,N,0700
US1TXAS0006,20110509,PRCP,0,,,N,0700
US1TXAS0006,20110510,PRCP,0,,,N,0700
US1TXAS0006,20110511,PRCP,0,,,N,0700
US1TXAS0006,20110512,PRCP,0,,,N,0700
US1TXAS0006,20110513,PRCP,290,,,N,0700
US1TXAS0006,20110514,PRCP,0,,,N,0700
US1TXAS0006,20110515,PRCP,0,,,N,0700
US1TXAS0006,20110516,PRCP,0,,,N,0700
US1TXAS0006,20110517,PRCP,0,,,N,0700
US1TXAS0006,20110518,PRCP,0,,,N,0700
US1TXAS0006,20110519,PRCP,0,,,N,0700
US1TXAS0006,20110520,PRCP,0,,,N,0700
US1TXAS0006,20110521,PRCP,0,,,N,0700
US1TXAS0006,20110522,PRCP,0,,,N,0700
US1TXAS0006,20110523,PRCP,0,,,N,0700
US1TXAS0006,20110524,PRCP,0,,,N,0700
US1TXAS0006,20110525,PRCP,0,,,N,0700
US1TXAS0006,20110526,PRCP,0,,,N,0700
US1TXAS0006,20110527,PRCP,0,,,N,0700
US1TXAS0006,20110528,PRCP,0,,,N,0700
US1TXAS0006,20110529,PRCP,0,,,N,0700
US1TXAS0006,20110530,PRCP,0,,,N,0700
US1TXAS0006,20110531,PRCP,0,,,N,0700
US1TXAS0006,20110501,SNOW,0,,,N,0700
US1TXAS0006,20110502,SNOW,0,,,N,0700
US1TXAS0006,20110503,SNOW,0,,,N,0700
US1TXAS0006,20110504,SNOW,0,,,N,0700
US1TXAS0006,20110505,SNOW,0,,,N,0700
US1TXAS0006,20110506,SNOW,0,,,N,0700
US1TXAS0006,20110507,SNOW,0,,,N,0700
US1TXAS0006,20110508,SNOW,0,,,N,0700
US1TXAS0006,20110509,SNOW,0,,,N,0700
US1TXAS0006,20110510,SNOW,0,,,N,0700
US1TXAS0006,20110511,SNOW,0,,,N,0700
US1TXAS0006,20110512,SNOW,0,,,N,0700
US1TXAS0006,20110513,SNOW,0,,,N,0700
US1TXAS0006,20110514,SNOW,0,,,N,0700
US1TXAS0006,20110515,SNOW,0,,,N,0700
US1TXAS0006,20110516,SNOW,0,,,N,0700
US1TXAS0006,20110517,SNOW,0,,,N,0700
US1TXAS0006,20110518,SNOW,0,,,N,0700
US1TXAS0006,20110519,SNOW,0,,,N,0700
US1TXAS0006,20110520,SNOW,0,,,N,0700
US1TXAS0006,20110521,SNOW,0,,,N,0700
US1TXAS0006,20110522,SNOW,0,,,N,0700
US1TXAS0006,20110523,SNOW,0,,,N,0700
US1TXAS0006,20110524,SNOW,0,,,N,0700
US1TXAS0006,20110525,SNOW,0,,,N,0700
US1TXAS0006,20110526,SNOW,0,,,N,0700
US1TXAS0006,20110527,SNOW,0,,,N,0700
US1TXAS0006,20110528,SNOW,0,,,N,0700
US1TXAS0006,20110529,SNOW,0,,,N,0700
US1TXAS0006,20110530,SNOW,0,,,N,0700
US1TXAS0006,20110531,SNOW,0,,,N,0700
US1TXAS0006,20110601,PRCP,0,,,N,0700
US1TXAS0006,20110602,PRCP,0,,,N,0700
US1TXAS0006,20110603,PRCP,0,,,N,0700
US1TXAS0006,20110604,PRCP,0,,,N,0700
US1TXAS0006,20110605,PRCP,0,,,N,0700
US1TXAS0006,20110606,PRCP,0,,,N,0700
US1TXAS0006,20110607,PRCP,0,,,N,0700
US1TXAS0006,20110608,PRCP,0,,,N,0700
US1TXAS0006,20110609,PRCP,0,,,N,0700
US1TXAS0006,20110610,PRCP,0,,,N,0700
US1TXAS0006,20110611,PRCP,0,,,N,0700
US1TXAS0006,20110612,PRCP,0,,,N,0700
US1TXAS0006,20110613,PRCP,0,,,N,0700
US1TXAS0006,20110614,PRCP,0,,,N,0700
US1TXAS0006,20110615,PRCP,0,,,N,0700
US1TXAS0006,20110616,PRCP,0,,,N,0700
US1TXAS0006,20110617,PRCP,0,,,N,0700
US1TXAS0006,20110618,PRCP,0,,,N,0700
US1TXAS0006,20110619,PRCP,0,,,N,0700
US1TXAS0006,20110620,PRCP,0,,,N,0700
US1TXAS0006,20110621,PRCP,0,,,N,0700
US1TXAS0006,20110622,PRCP,23,,,N,0700
US1TXAS0006,20110623,PRCP,460,,,N,0700
US1TXAS0006,20110624,PRCP,0,,,N,0700
US1TXAS0006,20110625,PRCP,0,,,N,0700
US1TXAS0006,20110626,PRCP,0,,,N,0700
US1TXAS0006,20110627,PRCP,0,,,N,0700
US1TXAS0006,20110628,PRCP,0,,,N,0700
US1TXAS0006,20110629,PRCP,0,,,N,0700
US1TXAS0006,20110630,PRCP,0,,,N,0700
US1TXAS0006,20110601,SNOW,0,,,N,0700
US1TXAS0006,20110602,SNOW,0,,,N,0700
US1TXAS0006,20110603,SNOW,0,,,N,0700
US1TXAS0006,20110604,SNOW,0,,,N,0700
US1TXAS0006,20110605,SNOW,0,,,N,0700
US1TXAS0006,20110606,SNOW,0,,,N,0700
US1TXAS0006,20110607,SNOW,0,,,N,0700
US1TXAS0006,20110608,SNOW,0,,,N,0700
US1TXAS0006,20110609,SNOW,0,,,N,0700
US1TXAS0006,20110610,SNOW,0,,,N,0700
US1TXAS0006,20110611,SNOW,0,,,N,0700
US1TXAS0006,20110612,SNOW,0,,,N,0700
US1TXAS0006,20110613,SNOW,0,,,N,0700
US1TXAS0006,20110614,SNOW,0,,,N,0700
US1TXAS0006,20110615,SNOW,0,,,N,0700
US1TXAS0006,20110616,SNOW,0,,,N,0700
US1TXAS0006,20110617,SNOW,0,,,N,0700
US1TXAS0006,20110618,SNOW,0,,,N,0700
US1TXAS0006,20110619,SNOW,0,,,N,0700
US1TXAS0006,20110620,SNOW,0,,,N,0700
US1TXAS0006,20110621,SNOW,0,,,N,0700
US1TXAS0006,20110622,SNOW,0,,,N,0700
US1TXAS0006,20110623,SNOW,0,,,N,0700
US1TXAS0006,20110624,SNOW,0,,,N,0700
US1TXAS0006,20110625,SNOW,0,,,N,0700
US1TXAS0006,20110626,SNOW,0,,,N,0700
US1TXAS0006,20110627,SNOW,0,,,N,0700
US1TXAS0006,20110628,SNOW,0,,,N,0700
US1TXAS0006,20110629,SNOW,0,,,N,0700
US1TXAS0006,20110630,SNOW,0,,,N,0700
US1TXAS0006,20110701,PRCP,0,,,N,0700
US1TXAS0006,20110702,PRCP,13,,,N,0700
US1TXAS0006,20110703,PRCP,0,,,N,0700
US1TXAS0006,20110704,PRCP,0,,,N,0700
US1TXAS0006,20110705,PRCP,0,,,N,0700
US1TXAS0006,20110706,PRCP,0,,,N,0700
US1TXAS0006,20110707,PRCP,3,,,N,0700
US1TXAS0006,20110708,PRCP,0,,,N,0700
US1TXAS0006,20110709,PRCP,0,,,N,0700
US1TXAS0006,20110710,PRCP,0,,,N,0700
US1TXAS0006,20110711,PRCP,0,,,N,0700
US1TXAS0006,20110712,PRCP,0,,,N,0700
US1TXAS0006,20110713,PRCP,15,,,N,0700
US1TXAS0006,20110714,PRCP,0,,,N,0700
US1TXAS0006,20110715,PRCP,0,,,N,0700
US1TXAS0006,20110716,PRCP,0,,,N,0700
US1TXAS0006,20110717,PRCP,0,,,N,0700
US1TXAS0006,20110718,PRCP,0,,,N,0700
US1TXAS0006,20110719,PRCP,0,,,N,0700
US1TXAS0006,20110720,PRCP,0,,,N,0700
US1TXAS0006,20110721,PRCP,0,,,N,0700
US1TXAS0006,20110722,PRCP,0,,,N,0700
US1TXAS0006,20110723,PRCP,0,,,N,0700
US1TXAS0006,20110724,PRCP,0,,,N,0700
US1TXAS0006,20110725,PRCP,0,,,N,0700
US1TXAS0006,20110726,PRCP,0,,,N,0700
US1TXAS0006,20110727,PRCP,0,,,N,0700
US1TXAS0006,20110728,PRCP,0,,,N,0700
US1TXAS0006,20110729,PRCP,0,T,,N,0700
US1TXAS0006,20110730,PRCP,48,,,N,0700
US1TXAS0006,20110731,PRCP,0,,,N,0700
US1TXAS0006,20110701,SNOW,0,,,N,0700
US1TXAS0006,20110702,SNOW,0,,,N,0700
US1TXAS0006,20110703,SNOW,0,,,N,0700
US1TXAS0006,20110704,SNOW,0,,,N,0700
US1TXAS0006,20110705,SNOW,0,,,N,0700
US1TXAS0006,20110706,SNOW,0,,,N,0700
US1TXAS0006,20110707,SNOW,0,,,N,0700
US1TXAS0006,20110708,SNOW,0,,,N,0700
US1TXAS0006,20110709,SNOW,0,,,N,0700
US1TXAS0006,20110710,SNOW,0,,,N,0700
US1TXAS0006,20110711,SNOW,0,,,N,0700
US1TXAS0006,20110712,SNOW,0,,,N,0700
US1TXAS0006,20110713,SNOW,0,,,N,0700
US1TXAS0006,20110714,SNOW,0,,,N,0700
US1TXAS0006,20110715,SNOW,0,,,N,0700
US1TXAS0006,20110716,SNOW,0,,,N,0700
US1TXAS0006,20110717,SNOW,0,,,N,0700
US1TXAS0006,20110718,SNOW,0,,,N,0700
US1TXAS0006,20110719,SNOW,0,,,N,0700
US1TXAS0006,20110720,SNOW,0,,,N,0700
US1TXAS0006,20110721,SNOW,0,,,N,0700
US1TXAS0006,20110722,SNOW,0,,,N,0700
US1TXAS0006,20110723,SNOW,0,,,N,0700
US1TXAS0006,20110724,SNOW,0,,,N,0700
US1TXAS0006,20110725,SNOW,0,,,N,0700
US1TXAS0006,20110726,SNOW,0,,,N,0700
US1TXAS0006,20110727,SNOW,0,,,N,0700
US1TXAS0006,20110728,SNOW,0,,,N,0700
US1TXAS0006,20110729,SNOW,0,,,N,0700
US1TXAS0006,20110730,SNOW,0,,,N,0700
US1TXAS0006,20110731,SNOW,0,,,N,0700
US1TXAS0006,20110801,PRCP,0,,,N,0700
US1TXAS0006,20110802,PRCP,0,,,N,0700
US1TXAS0006,20110803,PRCP,0,,,N,0700
US1TXAS0006,20110804,PRCP,0,,,N,0700
US1TXAS0006,20110805,PRCP,0,,,N,0700
US1TXAS0006,20110806,PRCP,0,,,N,0700
US1TXAS0006,20110807,PRCP,0,,,N,0700
US1TXAS0006,20110808,PRCP,0,,,N,0700
US1TXAS0006,20110809,PRCP,0,,,N,0700
US1TXAS0006,20110810,PRCP,0,,,N,0700
US1TXAS0006,20110811,PRCP,0,,,N,0700
US1TXAS0006,20110812,PRCP,0,,,N,0700
US1TXAS0006,20110813,PRCP,0,,,N,0645
US1TXAS0006,20110814,PRCP,0,,,N,0700
US1TXAS0006,20110815,PRCP,0,T,,N,0700
US1TXAS0006,20110816,PRCP,0,,,N,0700
US1TXAS0006,20110817,PRCP,30,,,N,0700
US1TXAS0006,20110818,PRCP,0,,,N,0700
US1TXAS0006,20110819,PRCP,0,,,N,0700
US1TXAS0006,20110820,PRCP,0,,,N,0700
US1TXAS0006,20110821,PRCP,0,,,N,0700
US1TXAS0006,20110822,PRCP,0,,,N,0700
US1TXAS0006,20110823,PRCP,0,,,N,0700
US1TXAS0006,20110824,PRCP,0,,,N,0700
US1TXAS0006,20110825,PRCP,378,,,N,0700
US1TXAS0006,20110826,PRCP,5,,,N,0700
US1TXAS0006,20110827,PRCP,0,,,N,0700
US1TXAS0006,20110828,PRCP,0,,,N,0700
US1TXAS0006,20110829,PRCP,0,,,N,0700
US1TXAS0006,20110830,PRCP,0,,,N,0700
US1TXAS0006,20110831,PRCP,0,,,N,0700
US1TXAS0006,20110801,SNOW,0,,,N,0700
US1TXAS0006,20110802,SNOW,0,,,N,0700
US1TXAS0006,20110803,SNOW,0,,,N,0700
US1TXAS0006,20110804,SNOW,0,,,N,0700
US1TXAS0006,20110805,SNOW,0,,,N,0700
US1TXAS0006,20110806,SNOW,0,,,N,0700
US1TXAS0006,20110807,SNOW,0,,,N,0700
US1TXAS0006,20110808,SNOW,0,,,N,0700
US1TXAS0006,20110809,SNOW,0,,,N,0700
US1TXAS0006,20110810,SNOW,0,,,N,0700
US1TXAS0006,20110811,SNOW,0,,,N,0700
US1TXAS0006,20110812,SNOW,0,,,N,0700
US1TXAS0006,20110813,SNOW,0,,,N,0645
US1TXAS0006,20110814,SNOW,0,,,N,0700
US1TXAS0006,20110815,SNOW,0,,,N,0700
US1TXAS0006,20110816,SNOW,0,,,N,0700
US1TXAS0006,20110817,SNOW,0,,,N,0700
US1TXAS0006,20110818,SNOW,0,,,N,0700
US1TXAS0006,20110819,SNOW,0,,,N,0700
US1TXAS0006,20110820,SNOW,0,,,N,0700
US1TXAS0006,20110821,SNOW,0,,,N,0700
US1TXAS0006,20110822,SNOW,0,,,N,0700
US1TXAS0006,20110823,SNOW,0,,,N,0700
US1TXAS0006,20110824,SNOW,0,,,N,0700
US1TXAS0006,20110825,SNOW,0,,,N,0700
US1TXAS0006,20110826,SNOW,0,,,N,0700
US1TXAS0006,20110827,SNOW,0,,,N,0700
US1TXAS0006,20110828,SNOW,0,,,N,0700
US1TXAS0006,20110829,SNOW,0,,,N,0700
US1TXAS0006,20110830,SNOW,0,,,N,0700
US1TXAS0006,20110831,SNOW,0,,,N,0700
US1TXAS0006,20110901,PRCP,0,,,N,0700
US1TXAS0006,20110902,PRCP,0,,,N,0700
US1TXAS0006,20110903,PRCP,0,,,N,0700
US1TXAS0006,20110904,PRCP,0,,,N,0700
US1TXAS0006,20110905,PRCP,0,,,N,0700
US1TXAS0006,20110906,PRCP,0,,,N,0700
US1TXAS0006,20110907,PRCP,0,,,N,0700
US1TXAS0006,20110908,PRCP,0,,,N,0700
US1TXAS0006,20110909,PRCP,0,,,N,0700
US1TXAS0006,20110910,PRCP,0,,,N,0700
US1TXAS0006,20110911,PRCP,0,,,N,0700
US1TXAS0006,20110912,PRCP,0,,,N,0700
US1TXAS0006,20110913,PRCP,0,,,N,0700
US1TXAS0006,20110914,PRCP,0,,,N,0700
US1TXAS0006,20110915,PRCP,0,,,N,0700
US1TXAS0006,20110916,PRCP,0,,,N,0700
US1TXAS0006,20110917,PRCP,0,T,,N,0700
US1TXAS0006,20110918,PRCP,0,,,N,0700
US1TXAS0006,20110919,PRCP,64,,,N,0700
US1TXAS0006,20110920,PRCP,0,,,N,0700
US1TXAS0006,20110921,PRCP,0,,,N,0700
US1TXAS0006,20110922,PRCP,0,,,N,0700
US1TXAS0006,20110923,PRCP,0,,,N,0700
US1TXAS0006,20110924,PRCP,0,,,N,0700
US1TXAS0006,20110925,PRCP,0,,,N,0700
US1TXAS0006,20110926,PRCP,0,,,N,0700
US1TXAS0006,20110927,PRCP,0,,,N,0700
US1TXAS0006,20110928,PRCP,71,,,N,0700
US1TXAS0006,20110929,PRCP,0,,,N,0700
US1TXAS0006,20110930,PRCP,142,,,N,0700
US1TXAS0006,20110901,SNOW,0,,,N,0700
US1TXAS0006,20110902,SNOW,0,,,N,0700
US1TXAS0006,20110903,SNOW,0,,,N,0700
US1TXAS0006,20110904,SNOW,0,,,N,0700
US1TXAS0006,20110905,SNOW,0,,,N,0700
US1TXAS0006,20110906,SNOW,0,,,N,0700
US1TXAS0006,20110907,SNOW,0,,,N,0700
US1TXAS0006,20110908,SNOW,0,,,N,0700
US1TXAS0006,20110909,SNOW,0,,,N,0700
US1TXAS0006,20110910,SNOW,0,,,N,0700
US1TXAS0006,20110911,SNOW,0,,,N,0700
US1TXAS0006,20110912,SNOW,0,,,N,0700
US1TXAS0006,20110913,SNOW,0,,,N,0700
US1TXAS0006,20110914,SNOW,0,,,N,0700
US1TXAS0006,20110915,SNOW,0,,,N,0700
US1TXAS0006,20110916,SNOW,0,,,N,0700
US1TXAS0006,20110917,SNOW,0,,,N,0700
US1TXAS0006,20110918,SNOW,0,,,N,0700
US1TXAS0006,20110919,SNOW,0,,,N,0700
US1TXAS0006,20110920,SNOW,0,,,N,0700
US1TXAS0006,20110921,SNOW,0,,,N,0700
US1TXAS0006,20110922,SNOW,0,,,N,0700
US1TXAS0006,20110923,SNOW,0,,,N,0700
US1TXAS0006,20110924,SNOW,0,,,N,0700
US1TXAS0006,20110925,SNOW,0,,,N,0700
US1TXAS0006,20110926,SNOW,0,,,N,0700
US1TXAS0006,20110927,SNOW,0,,,N,0700
US1TXAS0006,20110928,SNOW,0,,,N,0700
US1TXAS0006,20110929,SNOW,0,,,N,0700
US1TXAS0006,20110930,SNOW,0,,,N,0700
US1TXAS0006,20110915,SNWD,0,,,N,0700
US1TXAS0006,20111001,PRCP,0,,,N,0700
US1TXAS0006,20111002,PRCP,0,,,N,0700
US1TXAS0006,20111003,PRCP,0,,,N,0700
US1TXAS0006,20111004,PRCP,0,,,N,0700
US1TXAS0006,20111005,PRCP,0,,,N,0700
US1TXAS0006,20111006,PRCP,0,,,N,0700
US1TXAS0006,20111007,PRCP,0,T,,N,0700
US1TXAS0006,20111008,PRCP,0,T,,N,0700
US1TXAS0006,20111009,PRCP,43,,,N,0700
US1TXAS0006,20111010,PRCP,406,,,N,0700
US1TXAS0006,20111011,PRCP,0,T,,N,0700
US1TXAS0006,20111012,PRCP,0,,,N,0700
US1TXAS0006,20111013,PRCP,0,,,N,0700
US1TXAS0006,20111014,PRCP,0,,,N,0700
US1TXAS0006,20111015,PRCP,0,,,N,0700
US1TXAS0006,20111016,PRCP,0,,,N,0700
US1TXAS0006,20111017,PRCP,0,,,N,0700
US1TXAS0006,20111018,PRCP,0,,,N,0700
US1TXAS0006,20111019,PRCP,0,,,N,0700
US1TXAS0006,20111020,PRCP,0,,,N,0700
US1TXAS0006,20111021,PRCP,0,,,N,0700
US1TXAS0006,20111022,PRCP,0,,,N,0700
US1TXAS0006,20111023,PRCP,0,,,N,0700
US1TXAS0006,20111024,PRCP,0,,,N,0700
US1TXAS0006,20111025,PRCP,0,,,N,0700
US1TXAS0006,20111026,PRCP,0,,,N,0700
US1TXAS0006,20111027,PRCP,0,,,N,0700
US1TXAS0006,20111028,PRCP,81,,,N,0700
US1TXAS0006,20111029,PRCP,0,,,N,0700
US1TXAS0006,20111030,PRCP,0,,,N,0700
US1TXAS0006,20111031,PRCP,0,,,N,0700
US1TXAS0006,20111001,SNOW,0,,,N,0700
US1TXAS0006,20111002,SNOW,0,,,N,0700
US1TXAS0006,20111003,SNOW,0,,,N,0700
US1TXAS0006,20111004,SNOW,0,,,N,0700
US1TXAS0006,20111005,SNOW,0,,,N,0700
US1TXAS0006,20111006,SNOW,0,,,N,0700
US1TXAS0006,20111007,SNOW,0,,,N,0700
US1TXAS0006,20111008,SNOW,0,,,N,0700
US1TXAS0006,20111009,SNOW,0,,,N,0700
US1TXAS0006,20111010,SNOW,0,,,N,0700
US1TXAS0006,20111011,SNOW,0,,,N,0700
US1TXAS0006,20111012,SNOW,0,,,N,0700
US1TXAS0006,20111013,SNOW,0,,,N,0700
US1TXAS0006,20111014,SNOW,0,,,N,0700
US1TXAS0006,20111015,SNOW,0,,,N,0700
US1TXAS0006,20111016,SNOW,0,,,N,0700
US1TXAS0006,20111017,SNOW,0,,,N,0700
US1TXAS0006,20111018,SNOW,0,,,N,0700
US1TXAS0006,20111019,SNOW,0,,,N,0700
US1TXAS0006,20111020,SNOW,0,,,N,0700
US1TXAS0006,20111021,SNOW,0,,,N,0700
US1TXAS0006,20111022,SNOW,0,,,N,0700
US1TXAS0006,20111023,SNOW,0,,,N,0700
US1TXAS0006,20111024,SNOW,0,,,N,0700
US1TXAS0006,20111025,SNOW,0,,,N,0700
US1TXAS0006,20111026,SNOW,0,,,N,0700
US1TXAS0006,20111027,SNOW,0,,,N,0700
US1TXAS0006,20111028,SNOW,0,,,N,0700
US1TXAS0006,20111029,SNOW,0,,,N,0700
US1TXAS0006,20111030,SNOW,0,,,N,0700
US1TXAS0006,20111031,SNOW,0,,,N,0700
US1TXAS0006,20111101,PRCP,0,,,N,0700
US1TXAS0006,20111102,PRCP,0,,,N,0700
US1TXAS0006,20111103,PRCP,5,,,N,0700
US1TXAS0006,20111104,PRCP,0,,,N,0700
US1TXAS0006,20111105,PRCP,0,,,N,0700
US1TXAS0006,20111106,PRCP,0,,,N,0700
US1TXAS0006,20111107,PRCP,0,,,N,0700
US1TXAS0006,20111108,PRCP,0,,,N,0700
US1TXAS0006,20111109,PRCP,43,,,N,0700
US1TXAS0006,20111110,PRCP,0,,,N,0700
US1TXAS0006,20111111,PRCP,0,,,N,0700
US1TXAS0006,20111112,PRCP,0,,,N,0700
US1TXAS0006,20111113,PRCP,0,T,,N,0700
US1TXAS0006,20111114,PRCP,0,,,N,0700
US1TXAS0006,20111115,PRCP,0,,,N,0700
US1TXAS0006,20111116,PRCP,18,,,N,0700
US1TXAS0006,20111117,PRCP,0,,,N,0700
US1TXAS0006,20111118,PRCP,0,,,N,0700
US1TXAS0006,20111119,PRCP,0,,,N,0700
US1TXAS0006,20111120,PRCP,0,T,,N,0700
US1TXAS0006,20111121,PRCP,0,T,,N,0700
US1TXAS0006,20111122,PRCP,25,,,N,0700
US1TXAS0006,20111123,PRCP,13,,,N,0700
US1TXAS0006,20111124,PRCP,0,,,N,0700
US1TXAS0006,20111125,PRCP,0,,,N,0700
US1TXAS0006,20111126,PRCP,8,,,N,0700
US1TXAS0006,20111127,PRCP,432,,,N,0700
US1TXAS0006,20111128,PRCP,0,,,N,0700
US1TXAS0006,20111129,PRCP,0,,,N,0700
US1TXAS0006,20111130,PRCP,0,,,N,0700
US1TXAS0006,20111101,SNOW,0,,,N,0700
US1TXAS0006,20111102,SNOW,0,,,N,0700
US1TXAS0006,20111103,SNOW,0,,,N,0700
US1TXAS0006,20111104,SNOW,0,,,N,0700
US1TXAS0006,20111105,SNOW,0,,,N,0700
US1TXAS0006,20111106,SNOW,0,,,N,0700
US1TXAS0006,20111107,SNOW,0,,,N,0700
US1TXAS0006,20111108,SNOW,0,,,N,0700
US1TXAS0006,20111109,SNOW,0,,,N,0700
US1TXAS0006,20111110,SNOW,0,,,N,0700
US1TXAS0006,20111111,SNOW,0,,,N,0700
US1TXAS0006,20111112,SNOW,0,,,N,0700
US1TXAS0006,20111113,SNOW,0,,,N,0700
US1TXAS0006,20111114,SNOW,0,,,N,0700
US1TXAS0006,20111115,SNOW,0,,,N,0700
US1TXAS0006,20111116,SNOW,0,,,N,0700
US1TXAS0006,20111117,SNOW,0,,,N,0700
US1TXAS0006,20111118,SNOW,0,,,N,0700
US1TXAS0006,20111119,SNOW,0,,,N,0700
US1TXAS0006,20111120,SNOW,0,,,N,0700
US1TXAS0006,20111121,SNOW,0,,,N,0700
US1TXAS0006,20111122,SNOW,0,,,N,0700
US1TXAS0006,20111123,SNOW,0,,,N,0700
US1TXAS0006,20111124,SNOW,0,,,N,0700
US1TXAS0006,20111125,SNOW,0,,,N,0700
US1TXAS0006,20111126,SNOW,0,,,N,0700
US1TXAS0006,20111127,SNOW,0,,,N,0700
US1TXAS0006,20111128,SNOW,0,,,N,0700
US1TXAS0006,20111129,SNOW,0,,,N,0700
US1TXAS0006,20111130,SNOW,0,,,N,0700
US1TXAS0006,20111201,PRCP,0,,,N,0700
US1TXAS0006,20111202,PRCP,0,T,,N,0700
US1TXAS0006,20111203,PRCP,0,,,N,0700
US1TXAS0006,20111204,PRCP,0,T,,N,0700
US1TXAS0006,20111205,PRCP,28,,,N,0700
US1TXAS0006,20111206,PRCP,0,T,,N,0700
US1TXAS0006,20111207,PRCP,0,,,N,0700
US1TXAS0006,20111208,PRCP,0,,,N,0700
US1TXAS0006,20111209,PRCP,0,,,N,0700
US1TXAS0006,20111210,PRCP,0,,,N,0700
US1TXAS0006,20111211,PRCP,0,,,N,0700
US1TXAS0006,20111212,PRCP,0,,,N,0700
US1TXAS0006,20111213,PRCP,0,,,N,0700
US1TXAS0006,20111214,PRCP,0,T,,N,0700
US1TXAS0006,20111215,PRCP,0,T,,N,0700
US1TXAS0006,20111216,PRCP,10,,,N,0700
US1TXAS0006,20111217,PRCP,0,,,N,0700
US1TXAS0006,20111218,PRCP,0,,,N,0700
US1TXAS0006,20111219,PRCP,0,,,N,0700
US1TXAS0006,20111220,PRCP,180,,,N,0700
US1TXAS0006,20111221,PRCP,0,,,N,0700
US1TXAS0006,20111222,PRCP,323,,,N,0700
US1TXAS0006,20111223,PRCP,0,,,N,0700
US1TXAS0006,20111224,PRCP,3,,,N,0700
US1TXAS0006,20111225,PRCP,163,,,N,0700
US1TXAS0006,20111226,PRCP,0,T,,N,0700
US1TXAS0006,20111227,PRCP,10,,,N,0700
US1TXAS0006,20111228,PRCP,0,,,N,0700
US1TXAS0006,20111229,PRCP,0,,,N,0700
US1TXAS0006,20111230,PRCP,0,,,N,0700
US1TXAS0006,20111231,PRCP,0,,,N,0640
US1TXAS0006,20111201,SNOW,0,,,N,0700
US1TXAS0006,20111202,SNOW,0,,,N,0700
US1TXAS0006,20111203,SNOW,0,,,N,0700
US1TXAS0006,20111205,SNOW,0,,,N,0700
US1TXAS0006,20111206,SNOW,0,,,N,0700
US1TXAS0006,20111207,SNOW,0,,,N,0700
US1TXAS0006,20111208,SNOW,0,,,N,0700
US1TXAS0006,20111209,SNOW,0,,,N,0700
US1TXAS0006,20111210,SNOW,0,,,N,0700
US1TXAS0006,20111211,SNOW,0,,,N,0700
US1TXAS0006,20111212,SNOW,0,,,N,0700
US1TXAS0006,20111213,SNOW,0,,,N,0700
US1TXAS0006,20111214,SNOW,0,,,N,0700
US1TXAS0006,20111215,SNOW,0,,,N,0700
US1TXAS0006,20111216,SNOW,0,,,N,0700
US1TXAS0006,20111217,SNOW,0,,,N,0700
US1TXAS0006,20111218,SNOW,0,,,N,0700
US1TXAS0006,20111219,SNOW,0,,,N,0700
US1TXAS0006,20111220,SNOW,0,,,N,0700
US1TXAS0006,20111221,SNOW,0,,,N,0700
US1TXAS0006,20111222,SNOW,0,,,N,0700
US1TXAS0006,20111223,SNOW,0,,,N,0700
US1TXAS0006,20111224,SNOW,0,,,N,0700
US1TXAS0006,20111225,SNOW,0,,,N,0700
US1TXAS0006,20111226,SNOW,0,,,N,0700
US1TXAS0006,20111227,SNOW,0,,,N,0700
US1TXAS0006,20111228,SNOW,0,,,N,0700
US1TXAS0006,20111229,SNOW,0,,,N,0700
US1TXAS0006,20111230,SNOW,0,,,N,0700
US1TXAS0006,20111231,SNOW,0,,,N,0640
US1TXAS0006,20111226,SNWD,0,,,N,0700
US1TXAS0006,20111227,SNWD,0,,,N,0700
US1TXAS0006,20120101,PRCP,8,,,N,0700
US1TXAS0006,20120102,PRCP,0,,,N,0700
US1TXAS0006,20120103,PRCP,0,,,N,0700
US1TXAS0006,20120104,PRCP,0,,,N,0700
US1TXAS0006,20120105,PRCP,0,,,N,0700
US1TXAS0006,20120106,PRCP,0,,,N,0700
US1TXAS0006,20120107,PRCP,0,,,N,0700
US1TXAS0006,20120108,PRCP,0,,,N,0700
US1TXAS0006,20120109,PRCP,122,,,N,0700
US1TXAS0006,20120110,PRCP,467,,,N,0700
US1TXAS0006,20120111,PRCP,0,,,N,0700
US1TXAS0006,20120112,PRCP,0,,,N,0700
US1TXAS0006,20120113,PRCP,0,,,N,0700
US1TXAS0006,20120114,PRCP,0,,,N,0700
US1TXAS0006,20120115,PRCP,0,,,N,0700
US1TXAS0006,20120116,PRCP,0,T,,N,0700
US1TXAS0006,20120117,PRCP,0,T,,N,0700
US1TXAS0006,20120118,PRCP,3,,,N,0700
US1TXAS0006,20120119,PRCP,0,,,N,0700
US1TXAS0006,20120120,PRCP,0,,,N,0700
US1TXAS0006,20120121,PRCP,0,,,N,0700
US1TXAS0006,20120122,PRCP,0,,,N,0700
US1TXAS0006,20120123,PRCP,0,,,N,0700
US1TXAS0006,20120124,PRCP,0,,,N,0700
US1TXAS0006,20120125,PRCP,79,,,N,0700
US1TXAS0006,20120126,PRCP,693,,,N,0700
US1TXAS0006,20120127,PRCP,0,,,N,0700
US1TXAS0006,20120128,PRCP,0,,,N,0700
US1TXAS0006,20120129,PRCP,0,,,N,0700
US1TXAS0006,20120130,PRCP,0,,,N,0700
US1TXAS0006,20120131,PRCP,51,,,N,0700
US1TXAS0006,20120101,SNOW,0,,,N,0700
US1TXAS0006,20120102,SNOW,0,,,N,0700
US1TXAS0006,20120103,SNOW,0,,,N,0700
US1TXAS0006,20120104,SNOW,0,,,N,0700
US1TXAS0006,20120105,SNOW,0,,,N,0700
US1TXAS0006,20120106,SNOW,0,,,N,0700
US1TXAS0006,20120107,SNOW,0,,,N,0700
US1TXAS0006,20120108,SNOW,0,,,N,0700
US1TXAS0006,20120109,SNOW,0,,,N,0700
US1TXAS0006,20120110,SNOW,0,,,N,0700
US1TXAS0006,20120111,SNOW,0,,,N,0700
US1TXAS0006,20120112,SNOW,0,,,N,0700
US1TXAS0006,20120113,SNOW,0,,,N,0700
US1TXAS0006,20120114,SNOW,0,,,N,0700
US1TXAS0006,20120115,SNOW,0,,,N,0700
US1TXAS0006,20120116,SNOW,0,,,N,0700
US1TXAS0006,20120117,SNOW,0,,,N,0700
US1TXAS0006,20120118,SNOW,0,,,N,0700
US1TXAS0006,20120119,SNOW,0,,,N,0700
US1TXAS0006,20120120,SNOW,0,,,N,0700
US1TXAS0006,20120121,SNOW,0,,,N,0700
US1TXAS0006,20120122,SNOW,0,,,N,0700
US1TXAS0006,20120123,SNOW,0,,,N,0700
US1TXAS0006,20120124,SNOW,0,,,N,0700
US1TXAS0006,20120125,SNOW,0,,,N,0700
US1TXAS0006,20120126,SNOW,0,,,N,0700
US1TXAS0006,20120127,SNOW,0,,,N,0700
US1TXAS0006,20120128,SNOW,0,,,N,0700
US1TXAS0006,20120129,SNOW,0,,,N,0700
US1TXAS0006,20120130,SNOW,0,,,N,0700
US1TXAS0006,20120131,SNOW,0,,,N,0700
US1TXAS0006,20120101,SNWD,0,,,N,0700
US1TXAS0006,20120102,SNWD,0,,,N,0700
US1TXAS0006,20120103,SNWD,0,,,N,0700
US1TXAS0006,20120104,SNWD,0,,,N,0700
US1TXAS0006,20120105,SNWD,0,,,N,0700
US1TXAS0006,20120106,SNWD,0,,,N,0700
US1TXAS0006,20120107,SNWD,0,,,N,0700
US1TXAS0006,20120108,SNWD,0,,,N,0700
US1TXAS0006,20120109,SNWD,0,,,N,0700
US1TXAS0006,20120110,SNWD,0,,,N,0700
US1TXAS0006,20120111,SNWD,0,,,N,0700
US1TXAS0006,20120112,SNWD,0,,,N,0700
US1TXAS0006,20120113,SNWD,0,,,N,0700
US1TXAS0006,20120114,SNWD,0,,,N,0700
US1TXAS0006,20120115,SNWD,0,,,N,0700
US1TXAS0006,20120116,SNWD,0,,,N,0700
US1TXAS0006,20120117,SNWD,0,,,N,0700
US1TXAS0006,20120118,SNWD,0,,,N,0700
US1TXAS0006,20120119,SNWD,0,,,N,0700
US1TXAS0006,20120120,SNWD,0,,,N,0700
US1TXAS0006,20120121,SNWD,0,,,N,0700
US1TXAS0006,20120122,SNWD,0,,,N,0700
US1TXAS0006,20120123,SNWD,0,,,N,0700
US1TXAS0006,20120124,SNWD,0,,,N,0700
US1TXAS0006,20120125,SNWD,0,,,N,0700
US1TXAS0006,20120126,SNWD,0,,,N,0700
US1TXAS0006,20120127,SNWD,0,,,N,0700
US1TXAS0006,20120128,SNWD,0,,,N,0700
US1TXAS0006,20120129,SNWD,0,,,N,0700
US1TXAS0006,20120130,SNWD,0,,,N,0700
US1TXAS0006,20120131,SNWD,0,,,N,0700
US1TXAS0006,20120201,PRCP,79,,,N,0700
US1TXAS0006,20120202,PRCP,0,T,,N,0700
US1TXAS0006,20120203,PRCP,38,,,N,0700
US1TXAS0006,20120204,PRCP,224,,,N,0700
US1TXAS0006,20120205,PRCP,56,,,N,0700
US1TXAS0006,20120206,PRCP,0,,,N,0700
US1TXAS0006,20120207,PRCP,0,,,N,0700
US1TXAS0006,20120208,PRCP,0,,,N,0700
US1TXAS0006,20120209,PRCP,0,,,N,0700
US1TXAS0006,20120210,PRCP,81,,,N,0700
US1TXAS0006,20120211,PRCP,112,,,N,0700
US1TXAS0006,20120212,PRCP,0,,,N,0700
US1TXAS0006,20120213,PRCP,0,T,,N,0700
US1TXAS0006,20120214,PRCP,152,,,N,0700
US1TXAS0006,20120215,PRCP,0,T,,N,0700
US1TXAS0006,20120216,PRCP,56,,,N,0700
US1TXAS0006,20120217,PRCP,0,,,N,0700
US1TXAS0006,20120218,PRCP,617,,,N,0700
US1TXAS0006,20120219,PRCP,58,,,N,0700
US1TXAS0006,20120220,PRCP,0,,,N,0700
US1TXAS0006,20120221,PRCP,0,,,N,0700
US1TXAS0006,20120222,PRCP,0,,,N,0700
US1TXAS0006,20120223,PRCP,0,,,N,0700
US1TXAS0006,20120224,PRCP,0,,,N,0700
US1TXAS0006,20120225,PRCP,0,,,N,0700
US1TXAS0006,20120226,PRCP,0,,,N,0700
US1TXAS0006,20120227,PRCP,0,,,N,0700
US1TXAS0006,20120228,PRCP,0,,,N,0700
US1TXAS0006,20120229,PRCP,3,,,N,0700
US1TXAS0006,20120201,SNOW,0,,,N,0700
US1TXAS0006,20120202,SNOW,0,,,N,0700
US1TXAS0006,20120203,SNOW,0,,,N,0700
US1TXAS0006,20120204,SNOW,0,,,N,0700
US1TXAS0006,20120205,SNOW,0,,,N,0700
US1TXAS0006,20120206,SNOW,0,,,N,0700
US1TXAS0006,20120207,SNOW,0,,,N,0700
US1TXAS0006,20120208,SNOW,0,,,N,0700
US1TXAS0006,20120209,SNOW,0,,,N,0700
US1TXAS0006,20120210,SNOW,0,,,N,0700
US1TXAS0006,20120211,SNOW,0,,,N,0700
US1TXAS0006,20120212,SNOW,0,,,N,0700
US1TXAS0006,20120213,SNOW,0,,,N,0700
US1TXAS0006,20120214,SNOW,0,,,N,0700
US1TXAS0006,20120215,SNOW,0,,,N,0700
US1TXAS0006,20120216,SNOW,0,,,N,0700
US1TXAS0006,20120217,SNOW,0,,,N,0700
US1TXAS0006,20120218,SNOW,0,,,N,0700
US1TXAS0006,20120219,SNOW,0,,,N,0700
US1TXAS0006,20120220,SNOW,0,,,N,0700
US1TXAS0006,20120221,SNOW,0,,,N,0700
US1TXAS0006,20120222,SNOW,0,,,N,0700
US1TXAS0006,20120223,SNOW,0,,,N,0700
US1TXAS0006,20120224,SNOW,0,,,N,0700
US1TXAS0006,20120225,SNOW,0,,,N,0700
US1TXAS0006,20120226,SNOW,0,,,N,0700
US1TXAS0006,20120227,SNOW,0,,,N,0700
US1TXAS0006,20120228,SNOW,0,,,N,0700
US1TXAS0006,20120229,SNOW,0,,,N,0700
US1TXAS0006,20120201,SNWD,0,,,N,0700
US1TXAS0006,20120202,SNWD,0,,,N,0700
US1TXAS0006,20120203,SNWD,0,,,N,0700
US1TXAS0006,20120204,SNWD,0,,,N,0700
US1TXAS0006,20120205,SNWD,0,,,N,0700
US1TXAS0006,20120206,SNWD,0,,,N,0700
US1TXAS0006,20120207,SNWD,0,,,N,0700
US1TXAS0006,20120208,SNWD,0,,,N,0700
US1TXAS0006,20120209,SNWD,0,,,N,0700
US1TXAS0006,20120210,SNWD,0,,,N,0700
US1TXAS0006,20120211,SNWD,0,,,N,0700
US1TXAS0006,20120212,SNWD,0,,,N,0700
US1TXAS0006,20120213,SNWD,0,,,N,0700
US1TXAS0006,20120214,SNWD,0,,,N,0700
US1TXAS0006,20120215,SNWD,0,,,N,0700
US1TXAS0006,20120216,SNWD,0,,,N,0700
US1TXAS0006,20120217,SNWD,0,,,N,0700
US1TXAS0006,20120218,SNWD,0,,,N,0700
US1TXAS0006,20120219,SNWD,0,,,N,0700
US1TXAS0006,20120220,SNWD,0,,,N,0700
US1TXAS0006,20120221,SNWD,0,,,N,0700
US1TXAS0006,20120222,SNWD,0,,,N,0700
US1TXAS0006,20120223,SNWD,0,,,N,0700
US1TXAS0006,20120224,SNWD,0,,,N,0700
US1TXAS0006,20120225,SNWD,0,,,N,0700
US1TXAS0006,20120226,SNWD,0,,,N,0700
US1TXAS0006,20120227,SNWD,0,,,N,0700
US1TXAS0006,20120228,SNWD,0,,,N,0700
US1TXAS0006,20120229,SNWD,0,,,N,0700
US1TXAS0006,20120301,PRCP,0,,,N,0700
US1TXAS0006,20120302,PRCP,0,,,N,0700
US1TXAS0006,20120303,PRCP,3,,,N,0700
US1TXAS0006,20120304,PRCP,0,T,,N,0700
US1TXAS0006,20120305,PRCP,0,,,N,0700
US1TXAS0006,20120306,PRCP,0,,,N,0700
US1TXAS0006,20120307,PRCP,0,,,N,0700
US1TXAS0006,20120308,PRCP,5,,,N,0700
US1TXAS0006,20120309,PRCP,38,,,N,0700
US1TXAS0006,20120310,PRCP,447,,,N,0700
US1TXAS0006,20120311,PRCP,234,,,N,0700
US1TXAS0006,20120312,PRCP,127,,,N,0700
US1TXAS0006,20120313,PRCP,3,,,N,0700
US1TXAS0006,20120314,PRCP,0,,,N,0700
US1TXAS0006,20120315,PRCP,0,,,N,0700
US1TXAS0006,20120316,PRCP,0,,,N,0700
US1TXAS0006,20120317,PRCP,3,,,N,0700
US1TXAS0006,20120318,PRCP,0,,,N,0700
US1TXAS0006,20120319,PRCP,0,T,,N,0700
US1TXAS0006,20120320,PRCP,216,,,N,0700
US1TXAS0006,20120321,PRCP,147,,,N,0700
US1TXAS0006,20120322,PRCP,0,,,N,0700
US1TXAS0006,20120323,PRCP,0,,,N,0700
US1TXAS0006,20120324,PRCP,0,,,N,0700
US1TXAS0006,20120325,PRCP,0,,,N,0700
US1TXAS0006,20120326,PRCP,0,,,N,0700
US1TXAS0006,20120327,PRCP,0,,,N,0700
US1TXAS0006,20120328,PRCP,0,,,N,0700
US1TXAS0006,20120329,PRCP,20,,,N,0700
US1TXAS0006,20120330,PRCP,3,,,N,0700
US1TXAS0006,20120331,PRCP,0,,,N,0700
US1TXAS0006,20120301,SNOW,0,,,N,0700
US1TXAS0006,20120302,SNOW,0,,,N,0700
US1TXAS0006,20120303,SNOW,0,,,N,0700
US1TXAS0006,20120304,SNOW,0,,,N,0700
US1TXAS0006,20120305,SNOW,0,,,N,0700
US1TXAS0006,20120306,SNOW,0,,,N,0700
US1TXAS0006,20120307,SNOW,0,,,N,0700
US1TXAS0006,20120308,SNOW,0,,,N,0700
US1TXAS0006,20120309,SNOW,0,,,N,0700
US1TXAS0006,20120310,SNOW,0,,,N,0700
US1TXAS0006,20120311,SNOW,0,,,N,0700
US1TXAS0006,20120312,SNOW,0,,,N,0700
US1TXAS0006,20120313,SNOW,0,,,N,0700
US1TXAS0006,20120314,SNOW,0,,,N,0700
US1TXAS0006,20120315,SNOW,0,,,N,0700
US1TXAS0006,20120316,SNOW,0,,,N,0700
US1TXAS0006,20120317,SNOW,0,,,N,0700
US1TXAS0006,20120318,SNOW,0,,,N,0700
US1TXAS0006,20120319,SNOW,0,,,N,0700
US1TXAS0006,20120320,SNOW,0,,,N,0700
US1TXAS0006,20120321,SNOW,0,,,N,0700
US1TXAS0006,20120322,SNOW,0,,,N,0700
US1TXAS0006,20120323,SNOW,0,,,N,0700
US1TXAS0006,20120324,SNOW,0,,,N,0700
US1TXAS0006,20120325,SNOW,0,,,N,0700
US1TXAS0006,20120326,SNOW,0,,,N,0700
US1TXAS0006,20120327,SNOW,0,,,N,0700
US1TXAS0006,20120328,SNOW,0,,,N,0700
US1TXAS0006,20120329,SNOW,0,,,N,0700
US1TXAS0006,20120330,SNOW,0,,,N,0700
US1TXAS0006,20120331,SNOW,0,,,N,0700
US1TXAS0006,20120301,SNWD,0,,,N,0700
US1TXAS0006,20120401,PRCP,0,,,N,0700
US1TXAS0006,20120402,PRCP,0,,,N,0700
US1TXAS0006,20120403,PRCP,20,,,N,0700
US1TXAS0006,20120404,PRCP,0,,,N,0700
US1TXAS0006,20120405,PRCP,0,,,N,0700
US1TXAS0006,20120406,PRCP,0,,,N,0700
US1TXAS0006,20120407,PRCP,0,,,N,0700
US1TXAS0006,20120408,PRCP,0,,,N,0700
US1TXAS0006,20120409,PRCP,0,,,N,0700
US1TXAS0006,20120410,PRCP,0,,,N,0700
US1TXAS0006,20120411,PRCP,0,,,N,0700
US1TXAS0006,20120412,PRCP,0,,,N,0700
US1TXAS0006,20120413,PRCP,0,,,N,0700
US1TXAS0006,20120414,PRCP,0,,,N,0700
US1TXAS0006,20120415,PRCP,0,,,N,0700
US1TXAS0006,20120416,PRCP,15,,,N,0700
US1TXAS0006,20120417,PRCP,3,,,N,0700
US1TXAS0006,20120418,PRCP,0,,,N,0700
US1TXAS0006,20120419,PRCP,0,,,N,0700
US1TXAS0006,20120420,PRCP,0,,,N,0700
US1TXAS0006,20120421,PRCP,84,,,N,0700
US1TXAS0006,20120422,PRCP,0,,,N,0700
US1TXAS0006,20120423,PRCP,0,,,N,0700
US1TXAS0006,20120424,PRCP,0,,,N,0700
US1TXAS0006,20120425,PRCP,0,,,N,0700
US1TXAS0006,20120426,PRCP,0,,,N,0700
US1TXAS0006,20120427,PRCP,0,,,N,0700
US1TXAS0006,20120428,PRCP,0,,,N,0700
US1TXAS0006,20120429,PRCP,0,,,N,0700
US1TXAS0006,20120430,PRCP,0,,,N,0700
US1TXAS0006,20120401,SNOW,0,,,N,0700
US1TXAS0006,20120402,SNOW,0,,,N,0700
US1TXAS0006,20120403,SNOW,0,,,N,0700
US1TXAS0006,20120404,SNOW,0,,,N,0700
US1TXAS0006,20120405,SNOW,0,,,N,0700
US1TXAS0006,20120406,SNOW,0,,,N,0700
US1TXAS0006,20120407,SNOW,0,,,N,0700
US1TXAS0006,20120408,SNOW,0,,,N,0700
US1TXAS0006,20120409,SNOW,0,,,N,0700
US1TXAS0006,20120410,SNOW,0,,,N,0700
US1TXAS0006,20120411,SNOW,0,,,N,0700
US1TXAS0006,20120412,SNOW,0,,,N,0700
US1TXAS0006,20120413,SNOW,0,,,N,0700
US1TXAS0006,20120414,SNOW,0,,,N,0700
US1TXAS0006,20120415,SNOW,0,,,N,0700
US1TXAS0006,20120416,SNOW,0,,,N,0700
US1TXAS0006,20120417,SNOW,0,,,N,0700
US1TXAS0006,20120418,SNOW,0,,,N,0700
US1TXAS0006,20120419,SNOW,0,,,N,0700
US1TXAS0006,20120420,SNOW,0,,,N,0700
US1TXAS0006,20120421,SNOW,0,,,N,0700
US1TXAS0006,20120422,SNOW,0,,,N,0700
US1TXAS0006,20120423,SNOW,0,,,N,0700
US1TXAS0006,20120424,SNOW,0,,,N,0700
US1TXAS0006,20120425,SNOW,0,,,N,0700
US1TXAS0006,20120426,SNOW,0,,,N,0700
US1TXAS0006,20120427,SNOW,0,,,N,0700
US1TXAS0006,20120428,SNOW,0,,,N,0700
US1TXAS0006,20120429,SNOW,0,,,N,0700
US1TXAS0006,20120430,SNOW,0,,,N,0700
US1TXAS0006,20120501,PRCP,0,,,N,0700
US1TXAS0006,20120502,PRCP,0,,,N,0700
US1TXAS0006,20120503,PRCP,0,,,N,0700
US1TXAS0006,20120504,PRCP,0,,,N,0700
US1TXAS0006,20120505,PRCP,0,,,N,0700
US1TXAS0006,20120506,PRCP,0,,,N,0700
US1TXAS0006,20120507,PRCP,0,T,,N,0700
US1TXAS0006,20120508,PRCP,201,,,N,0700
US1TXAS0006,20120509,PRCP,8,,,N,0700
US1TXAS0006,20120510,PRCP,0,,,N,0700
US1TXAS0006,20120511,PRCP,213,,,N,0700
US1TXAS0006,20120512,PRCP,373,,,N,0700
US1TXAS0006,20120513,PRCP,0,,,N,0700
US1TXAS0006,20120514,PRCP,0,,,N,0700
US1TXAS0006,20120515,PRCP,15,,,N,0700
US1TXAS0006,20120516,PRCP,86,,,N,0700
US1TXAS0006,20120517,PRCP,0,,,N,0700
US1TXAS0006,20120518,PRCP,0,,,N,0700
US1TXAS0006,20120519,PRCP,0,,,N,0700
US1TXAS0006,20120520,PRCP,0,,,N,0700
US1TXAS0006,20120521,PRCP,0,,,N,0700
US1TXAS0006,20120522,PRCP,0,,,N,0700
US1TXAS0006,20120523,PRCP,0,,,N,0700
US1TXAS0006,20120524,PRCP,0,,,N,0700
US1TXAS0006,20120525,PRCP,0,,,N,0700
US1TXAS0006,20120526,PRCP,0,,,N,0700
US1TXAS0006,20120527,PRCP,0,,,N,0700
US1TXAS0006,20120528,PRCP,0,,,N,0700
US1TXAS0006,20120529,PRCP,0,,,N,0700
US1TXAS0006,20120530,PRCP,0,,,N,0700
US1TXAS0006,20120531,PRCP,0,,,N,0700
US1TXAS0006,20120501,SNOW,0,,,N,0700
US1TXAS0006,20120502,SNOW,0,,,N,0700
US1TXAS0006,20120503,SNOW,0,,,N,0700
US1TXAS0006,20120504,SNOW,0,,,N,0700
US1TXAS0006,20120505,SNOW,0,,,N,0700
US1TXAS0006,20120506,SNOW,0,,,N,0700
US1TXAS0006,20120507,SNOW,0,,,N,0700
US1TXAS0006,20120508,SNOW,0,,,N,0700
US1TXAS0006,20120509,SNOW,0,,,N,0700
US1TXAS0006,20120510,SNOW,0,,,N,0700
US1TXAS0006,20120511,SNOW,0,,,N,0700
US1TXAS0006,20120512,SNOW,0,,,N,0700
US1TXAS0006,20120513,SNOW,0,,,N,0700
US1TXAS0006,20120514,SNOW,0,,,N,0700
US1TXAS0006,20120515,SNOW,0,,,N,0700
US1TXAS0006,20120516,SNOW,0,,,N,0700
US1TXAS0006,20120517,SNOW,0,,,N,0700
US1TXAS0006,20120518,SNOW,0,,,N,0700
US1TXAS0006,20120519,SNOW,0,,,N,0700
US1TXAS0006,20120520,SNOW,0,,,N,0700
US1TXAS0006,20120521,SNOW,0,,,N,0700
US1TXAS0006,20120522,SNOW,0,,,N,0700
US1TXAS0006,20120523,SNOW,0,,,N,0700
US1TXAS0006,20120524,SNOW,0,,,N,0700
US1TXAS0006,20120525,SNOW,0,,,N,0700
US1TXAS0006,20120526,SNOW,0,,,N,0700
US1TXAS0006,20120527,SNOW,0,,,N,0700
US1TXAS0006,20120528,SNOW,0,,,N,0700
US1TXAS0006,20120529,SNOW,0,,,N,0700
US1TXAS0006,20120530,SNOW,0,,,N,0700
US1TXAS0006,20120531,SNOW,0,,,N,0700
US1TXAS0006,20120601,PRCP,74,,,N,0700
US1TXAS0006,20120602,PRCP,0,,,N,0500
US1TXAS0006,20120603,PRCP,0,,,N,0700
US1TXAS0006,20120604,PRCP,0,,,N,0700
US1TXAS0006,20120605,PRCP,0,,,N,0700
US1TXAS0006,20120606,PRCP,0,,,N,0700
US1TXAS0006,20120607,PRCP,0,,,N,0700
US1TXAS0006,20120608,PRCP,711,,,N,0700
US1TXAS0006,20120609,PRCP,310,,,N,0700
US1TXAS0006,20120610,PRCP,0,,,N,0700
US1TXAS0006,20120611,PRCP,0,,,N,0700
US1TXAS0006,20120612,PRCP,0,,,N,0700
US1TXAS0006,20120613,PRCP,15,,,N,0700
US1TXAS0006,20120614,PRCP,0,,,N,0700
US1TXAS0006,20120615,PRCP,0,,,N,0700
US1TXAS0006,20120616,PRCP,0,,,N,0700
US1TXAS0006,20120617,PRCP,0,,,N,0700
US1TXAS0006,20120618,PRCP,0,,,N,0700
US1TXAS0006,20120619,PRCP,0,,,N,0700
US1TXAS0006,20120620,PRCP,114,,,N,0700
US1TXAS0006,20120621,PRCP,399,,,N,0700
US1TXAS0006,20120622,PRCP,0,,,N,0700
US1TXAS0006,20120623,PRCP,0,,,N,0700
US1TXAS0006,20120624,PRCP,0,,,N,0700
US1TXAS0006,20120625,PRCP,0,,,N,0700
US1TXAS0006,20120626,PRCP,0,,,N,0700
US1TXAS0006,20120627,PRCP,0,,,N,0700
US1TXAS0006,20120628,PRCP,0,,,N,0700
US1TXAS0006,20120629,PRCP,0,,,N,0700
US1TXAS0006,20120630,PRCP,0,,,N,0700
US1TXAS0006,20120601,SNOW,0,,,N,0700
US1TXAS0006,20120602,SNOW,0,,,N,0500
US1TXAS0006,20120603,SNOW,0,,,N,0700
US1TXAS0006,20120604,SNOW,0,,,N,0700
US1TXAS0006,20120605,SNOW,0,,,N,0700
US1TXAS0006,20120606,SNOW,0,,,N,0700
US1TXAS0006,20120607,SNOW,0,,,N,0700
US1TXAS0006,20120608,SNOW,0,,,N,0700
US1TXAS0006,20120609,SNOW,0,,,N,0700
US1TXAS0006,20120610,SNOW,0,,,N,0700
US1TXAS0006,20120611,SNOW,0,,,N,0700
US1TXAS0006,20120612,SNOW,0,,,N,0700
US1TXAS0006,20120613,SNOW,0,,,N,0700
US1TXAS0006,20120614,SNOW,0,,,N,0700
US1TXAS0006,20120615,SNOW,0,,,N,0700
US1TXAS0006,20120616,SNOW,0,,,N,0700
US1TXAS0006,20120617,SNOW,0,,,N,0700
US1TXAS0006,20120618,SNOW,0,,,N,0700
US1TXAS0006,20120619,SNOW,0,,,N,0700
US1TXAS0006,20120620,SNOW,0,,,N,0700
US1TXAS0006,20120621,SNOW,0,,,N,0700
US1TXAS0006,20120622,SNOW,0,,,N,0700
US1TXAS0006,20120623,SNOW,0,,,N,0700
US1TXAS0006,20120624,SNOW,0,,,N,0700
US1TXAS0006,20120625,SNOW,0,,,N,0700
US1TXAS0006,20120626,SNOW,0,,,N,0700
US1TXAS0006,20120627,SNOW,0,,,N,0700
US1TXAS0006,20120628,SNOW,0,,,N,0700
US1TXAS0006,20120629,SNOW,0,,,N,0700
US1TXAS0006,20120630,SNOW,0,,,N,0700
US1TXAS0006,20120701,PRCP,165,,,N,0700
US1TXAS0006,20120702,PRCP,183,,,N,0700
US1TXAS0006,20120703,PRCP,0,,,N,0700
US1TXAS0006,20120704,PRCP,168,,,N,0700
US1TXAS0006,20120705,PRCP,0,T,,N,0700
US1TXAS0006,20120706,PRCP,0,,,N,0700
US1TXAS0006,20120707,PRCP,0,,,N,0700
US1TXAS0006,20120708,PRCP,0,T,,N,0700
US1TXAS0006,20120709,PRCP,363,,,N,0700
US1TXAS0006,20120710,PRCP,71,,,N,0700
US1TXAS0006,20120711,PRCP,0,T,,N,0700
US1TXAS0006,20120712,PRCP,663,,,N,0700
US1TXAS0006,20120713,PRCP,559,,,N,0700
US1TXAS0006,20120714,PRCP,91,,,N,0700
US1TXAS0006,20120715,PRCP,447,,,N,0700
US1TXAS0006,20120716,PRCP,8,,,N,0700
US1TXAS0006,20120717,PRCP,33,,,N,0700
US1TXAS0006,20120718,PRCP,3,,,N,0700
US1TXAS0006,20120719,PRCP,0,T,,N,0700
US1TXAS0006,20120720,PRCP,0,,,N,0700
US1TXAS0006,20120721,PRCP,0,,,N,0700
US1TXAS0006,20120722,PRCP,10,,,N,0700
US1TXAS0006,20120723,PRCP,0,,,N,0700
US1TXAS0006,20120724,PRCP,0,,,N,0700
US1TXAS0006,20120725,PRCP,0,,,N,0700
US1TXAS0006,20120726,PRCP,3,,,N,0700
US1TXAS0006,20120727,PRCP,0,,,N,0700
US1TXAS0006,20120728,PRCP,0,,,N,0700
US1TXAS0006,20120729,PRCP,0,,,N,0700
US1TXAS0006,20120730,PRCP,0,,,N,0700
US1TXAS0006,20120731,PRCP,0,,,N,0700
US1TXAS0006,20120701,SNOW,0,,,N,0700
US1TXAS0006,20120702,SNOW,0,,,N,0700
US1TXAS0006,20120703,SNOW,0,,,N,0700
US1TXAS0006,20120704,SNOW,0,,,N,0700
US1TXAS0006,20120705,SNOW,0,,,N,0700
US1TXAS0006,20120706,SNOW,0,,,N,0700
US1TXAS0006,20120707,SNOW,0,,,N,0700
US1TXAS0006,20120708,SNOW,0,,,N,0700
US1TXAS0006,20120709,SNOW,0,,,N,0700
US1TXAS0006,20120710,SNOW,0,,,N,0700
US1TXAS0006,20120711,SNOW,0,,,N,0700
US1TXAS0006,20120712,SNOW,0,,,N,0700
US1TXAS0006,20120713,SNOW,0,,,N,0700
US1TXAS0006,20120714,SNOW,0,,,N,0700
US1TXAS0006,20120715,SNOW,0,,,N,0700
US1TXAS0006,20120716,SNOW,0,,,N,0700
US1TXAS0006,20120717,SNOW,0,,,N,0700
US1TXAS0006,20120718,SNOW,0,,,N,0700
US1TXAS0006,20120719,SNOW,0,,,N,0700
US1TXAS0006,20120720,SNOW,0,,,N,0700
US1TXAS0006,20120721,SNOW,0,,,N,0700
US1TXAS0006,20120722,SNOW,0,,,N,0700
US1TXAS0006,20120723,SNOW,0,,,N,0700
US1TXAS0006,20120724,SNOW,0,,,N,0700
US1TXAS0006,20120725,SNOW,0,,,N,0700
US1TXAS0006,20120726,SNOW,0,,,N,0700
US1TXAS0006,20120727,SNOW,0,,,N,0700
US1TXAS0006,20120728,SNOW,0,,,N,0700
US1TXAS0006,20120729,SNOW,0,,,N,0700
US1TXAS0006,20120730,SNOW,0,,,N,0700
US1TXAS0006,20120731,SNOW,0,,,N,0700
US1TXAS0006,20120801,PRCP,0,,,N,0700
US1TXAS0006,20120802,PRCP,0,,,N,0700
US1TXAS0006,20120803,PRCP,0,,,N,0700
US1TXAS0006,20120804,PRCP,0,,,N,0700
US1TXAS0006,20120805,PRCP,0,,,N,0700
US1TXAS0006,20120806,PRCP,460,,,N,0700
US1TXAS0006,20120807,PRCP,0,,,N,0700
US1TXAS0006,20120808,PRCP,0,,,N,0700
US1TXAS0006,20120809,PRCP,0,,,N,0700
US1TXAS0006,20120810,PRCP,0,,,N,0700
US1TXAS0006,20120811,PRCP,58,,,N,0700
US1TXAS0006,20120812,PRCP,0,,,N,0700
US1TXAS0006,20120813,PRCP,0,,,N,0700
US1TXAS0006,20120814,PRCP,0,,,N,0700
US1TXAS0006,20120815,PRCP,0,,,N,0700
US1TXAS0006,20120816,PRCP,0,,,N,0700
US1TXAS0006,20120817,PRCP,0,,,N,0700
US1TXAS0006,20120818,PRCP,0,,,N,0700
US1TXAS0006,20120819,PRCP,305,,,N,0700
US1TXAS0006,20120820,PRCP,239,,,N,0700
US1TXAS0006,20120821,PRCP,0,,,N,0700
US1TXAS0006,20120822,PRCP,0,T,,N,0700
US1TXAS0006,20120823,PRCP,0,T,,N,0700
US1TXAS0006,20120824,PRCP,0,,,N,0700
US1TXAS0006,20120825,PRCP,0,,,N,0700
US1TXAS0006,20120826,PRCP,38,,,N,0700
US1TXAS0006,20120827,PRCP,20,,,N,0700
US1TXAS0006,20120828,PRCP,0,,,N,0700
US1TXAS0006,20120829,PRCP,0,,,N,0700
US1TXAS0006,20120830,PRCP,0,,,N,0700
US1TXAS0006,20120831,PRCP,0,,,N,0700
US1TXAS0006,20120801,SNOW,0,,,N,0700
US1TXAS0006,20120802,SNOW,0,,,N,0700
US1TXAS0006,20120803,SNOW,0,,,N,0700
US1TXAS0006,20120804,SNOW,0,,,N,0700
US1TXAS0006,20120805,SNOW,0,,,N,0700
US1TXAS0006,20120806,SNOW,0,,,N,0700
US1TXAS0006,20120807,SNOW,0,,,N,0700
US1TXAS0006,20120808,SNOW,0,,,N,0700
US1TXAS0006,20120809,SNOW,0,,,N,0700
US1TXAS0006,20120810,SNOW,0,,,N,0700
US1TXAS0006,20120811,SNOW,0,,,N,0700
US1TXAS0006,20120812,SNOW,0,,,N,0700
US1TXAS0006,20120813,SNOW,0,,,N,0700
US1TXAS0006,20120814,SNOW,0,,,N,0700
US1TXAS0006,20120815,SNOW,0,,,N,0700
US1TXAS0006,20120816,SNOW,0,,,N,0700
US1TXAS0006,20120817,SNOW,0,,,N,0700
US1TXAS0006,20120818,SNOW,0,,,N,0700
US1TXAS0006,20120819,SNOW,0,,,N,0700
US1TXAS0006,20120820,SNOW,0,,,N,0700
US1TXAS0006,20120821,SNOW,0,,,N,0700
US1TXAS0006,20120822,SNOW,0,,,N,0700
US1TXAS0006,20120823,SNOW,0,,,N,0700
US1TXAS0006,20120824,SNOW,0,,,N,0700
US1TXAS0006,20120825,SNOW,0,,,N,0700
US1TXAS0006,20120826,SNOW,0,,,N,0700
US1TXAS0006,20120827,SNOW,0,,,N,0700
US1TXAS0006,20120828,SNOW,0,,,N,0700
US1TXAS0006,20120829,SNOW,0,,,N,0700
US1TXAS0006,20120830,SNOW,0,,,N,0700
US1TXAS0006,20120831,SNOW,0,,,N,0700
US1TXAS0006,20120901,PRCP,0,,,N,0700
US1TXAS0006,20120902,PRCP,0,T,,N,0700
US1TXAS0006,20120903,PRCP,0,,,N,0700
US1TXAS0006,20120904,PRCP,0,,,N,0700
US1TXAS0006,20120905,PRCP,0,,,N,0700
US1TXAS0006,20120906,PRCP,0,,,N,0700
US1TXAS0006,20120907,PRCP,0,,,N,0700
US1TXAS0006,20120908,PRCP,0,,,N,0700
US1TXAS0006,20120909,PRCP,0,,,N,0700
US1TXAS0006,20120910,PRCP,0,,,N,0700
US1TXAS0006,20120911,PRCP,0,,,N,0700
US1TXAS0006,20120912,PRCP,0,,,N,0700
US1TXAS0006,20120913,PRCP,10,,,N,0700
US1TXAS0006,20120914,PRCP,8,,,N,0700
US1TXAS0006,20120915,PRCP,241,,,N,0700
US1TXAS0006,20120916,PRCP,18,,,N,0700
US1TXAS0006,20120917,PRCP,338,,,N,0700
US1TXAS0006,20120918,PRCP,0,,,N,0700
US1TXAS0006,20120919,PRCP,0,,,N,0700
US1TXAS0006,20120920,PRCP,0,,,N,0700
US1TXAS0006,20120921,PRCP,0,,,N,0700
US1TXAS0006,20120922,PRCP,0,,,N,0700
US1TXAS0006,20120923,PRCP,0,,,N,0700
US1TXAS0006,20120924,PRCP,0,,,N,0700
US1TXAS0006,20120925,PRCP,0,,,N,0700
US1TXAS0006,20120926,PRCP,0,,,N,0700
US1TXAS0006,20120927,PRCP,0,,,N,0700
US1TXAS0006,20120928,PRCP,213,,,N,0700
US1TXAS0006,20120929,PRCP,61,,,N,0700
US1TXAS0006,20120930,PRCP,417,,,N,0700
US1TXAS0006,20120901,SNOW,0,,,N,0700
US1TXAS0006,20120902,SNOW,0,,,N,0700
US1TXAS0006,20120903,SNOW,0,,,N,0700
US1TXAS0006,20120904,SNOW,0,,,N,0700
US1TXAS0006,20120905,SNOW,0,,,N,0700
US1TXAS0006,20120906,SNOW,0,,,N,0700
US1TXAS0006,20120907,SNOW,0,,,N,0700
US1TXAS0006,20120908,SNOW,0,,,N,0700
US1TXAS0006,20120909,SNOW,0,,,N,0700
US1TXAS0006,20120910,SNOW,0,,,N,0700
US1TXAS0006,20120911,SNOW,0,,,N,0700
US1TXAS0006,20120912,SNOW,0,,,N,0700
US1TXAS0006,20120913,SNOW,0,,,N,0700
US1TXAS0006,20120914,SNOW,0,,,N,0700
US1TXAS0006,20120915,SNOW,0,,,N,0700
US1TXAS0006,20120916,SNOW,0,,,N,0700
US1TXAS0006,20120917,SNOW,0,,,N,0700
US1TXAS0006,20120918,SNOW,0,,,N,0700
US1TXAS0006,20120919,SNOW,0,,,N,0700
US1TXAS0006,20120920,SNOW,0,,,N,0700
US1TXAS0006,20120921,SNOW,0,,,N,0700
US1TXAS0006,20120922,SNOW,0,,,N,0700
US1TXAS0006,20120923,SNOW,0,,,N,0700
US1TXAS0006,20120924,SNOW,0,,,N,0700
US1TXAS0006,20120925,SNOW,0,,,N,0700
US1TXAS0006,20120926,SNOW,0,,,N,0700
US1TXAS0006,20120927,SNOW,0,,,N,0700
US1TXAS0006,20120928,SNOW,0,,,N,0700
US1TXAS0006,20120929,SNOW,0,,,N,0700
US1TXAS0006,20121001,PRCP,0,T,,N,0700
US1TXAS0006,20121002,PRCP,0,,,N,0700
US1TXAS0006,20121003,PRCP,0,T,,N,0700
US1TXAS0006,20121004,PRCP,0,,,N,0700
US1TXAS0006,20121005,PRCP,0,,,N,0700
US1TXAS0006,20121006,PRCP,0,,,N,0700
US1TXAS0006,20121007,PRCP,0,,,N,0700
US1TXAS0006,20121008,PRCP,0,,,N,0700
US1TXAS0006,20121009,PRCP,0,,,N,0700
US1TXAS0006,20121010,PRCP,0,,,N,0700
US1TXAS0006,20121011,PRCP,0,,,N,0700
US1TXAS0006,20121012,PRCP,46,,,N,0700
US1TXAS0006,20121013,PRCP,0,,,N,0700
US1TXAS0006,20121014,PRCP,3,,,N,0700
US1TXAS0006,20121015,PRCP,66,,,N,0700
US1TXAS0006,20121016,PRCP,0,,,N,0700
US1TXAS0006,20121017,PRCP,224,,,N,0700
US1TXAS0006,20121018,PRCP,0,,,N,0700
US1TXAS0006,20121019,PRCP,0,,,N,0700
US1TXAS0006,20121020,PRCP,0,,,N,0700
US1TXAS0006,20121021,PRCP,0,,,N,0700
US1TXAS0006,20121022,PRCP,0,,,N,0700
US1TXAS0006,20121023,PRCP,0,,,N,0700
US1TXAS0006,20121024,PRCP,0,,,N,0700
US1TXAS0006,20121025,PRCP,0,,,N,0700
US1TXAS0006,20121026,PRCP,10,,,N,0700
US1TXAS0006,20121027,PRCP,0,T,,N,0700
US1TXAS0006,20121028,PRCP,0,,,N,0700
US1TXAS0006,20121029,PRCP,0,,,N,0700
US1TXAS0006,20121030,PRCP,0,,,N,0700
US1TXAS0006,20121031,PRCP,0,,,N,0700
US1TXAS0006,20121001,SNOW,0,,,N,0700
US1TXAS0006,20121002,SNOW,0,,,N,0700
US1TXAS0006,20121003,SNOW,0,,,N,0700
US1TXAS0006,20121004,SNOW,0,,,N,0700
US1TXAS0006,20121005,SNOW,0,,,N,0700
US1TXAS0006,20121006,SNOW,0,,,N,0700
US1TXAS0006,20121007,SNOW,0,,,N,0700
US1TXAS0006,20121008,SNOW,0,,,N,0700
US1TXAS0006,20121009,SNOW,0,,,N,0700
US1TXAS0006,20121010,SNOW,0,,,N,0700
US1TXAS0006,20121011,SNOW,0,,,N,0700
US1TXAS0006,20121012,SNOW,0,,,N,0700
US1TXAS0006,20121013,SNOW,0,,,N,0700
US1TXAS0006,20121014,SNOW,0,,,N,0700
US1TXAS0006,20121015,SNOW,0,,,N,0700
US1TXAS0006,20121016,SNOW,0,,,N,0700
US1TXAS0006,20121017,SNOW,0,,,N,0700
US1TXAS0006,20121018,SNOW,0,,,N,0700
US1TXAS0006,20121019,SNOW,0,,,N,0700
US1TXAS0006,20121020,SNOW,0,,,N,0700
US1TXAS0006,20121021,SNOW,0,,,N,0700
US1TXAS0006,20121022,SNOW,0,,,N,0700
US1TXAS0006,20121023,SNOW,0,,,N,0700
US1TXAS0006,20121024,SNOW,0,,,N,0700
US1TXAS0006,20121025,SNOW,0,,,N,0700
US1TXAS0006,20121026,SNOW,0,,,N,0700
US1TXAS0006,20121027,SNOW,0,,,N,0700
US1TXAS0006,20121028,SNOW,0,,,N,0700
US1TXAS0006,20121029,SNOW,0,,,N,0700
US1TXAS0006,20121030,SNOW,0,,,N,0700
US1TXAS0006,20121031,SNOW,0,,,N,0700
US1TXAS0006,20121101,PRCP,0,,,N,0700
US1TXAS0006,20121102,PRCP,0,,,N,0700
US1TXAS0006,20121103,PRCP,18,,,N,0700
US1TXAS0006,20121104,PRCP,3,,,N,0700
US1TXAS0006,20121105,PRCP,0,,,N,0700
US1TXAS0006,20121106,PRCP,13,,,N,0700
US1TXAS0006,20121107,PRCP,0,,,N,0700
US1TXAS0006,20121108,PRCP,0,,,N,0700
US1TXAS0006,20121109,PRCP,0,,,N,0700
US1TXAS0006,20121110,PRCP,0,,,N,0700
US1TXAS0006,20121111,PRCP,0,T,,N,0700
US1TXAS0006,20121112,PRCP,5,,,N,0700
US1TXAS0006,20121113,PRCP,0,,,N,0700
US1TXAS0006,20121114,PRCP,0,,,N,0700
US1TXAS0006,20121115,PRCP,0,,,N,0700
US1TXAS0006,20121116,PRCP,0,,,N,0700
US1TXAS0006,20121117,PRCP,0,,,N,0700
US1TXAS0006,20121118,PRCP,0,,,N,0700
US1TXAS0006,20121119,PRCP,0,,,N,0700
US1TXAS0006,20121120,PRCP,0,,,N,0700
US1TXAS0006,20121121,PRCP,0,,,N,0700
US1TXAS0006,20121122,PRCP,0,,,N,0700
US1TXAS0006,20121123,PRCP,0,,,N,0700
US1TXAS0006,20121124,PRCP,0,T,,N,0700
US1TXAS0006,20121125,PRCP,0,,,N,0700
US1TXAS0006,20121126,PRCP,0,,,N,0700
US1TXAS0006,20121127,PRCP,0,,,N,0700
US1TXAS0006,20121128,PRCP,0,T,,N,0700
US1TXAS0006,20121129,PRCP,0,,,N,0700
US1TXAS0006,20121130,PRCP,0,,,N,0700
US1TXAS0006,20121101,SNOW,0,,,N,0700
US1TXAS0006,20121102,SNOW,0,,,N,0700
US1TXAS0006,20121103,SNOW,0,,,N,0700
US1TXAS0006,20121104,SNOW,0,,,N,0700
US1TXAS0006,20121105,SNOW,0,,,N,0700
US1TXAS0006,20121106,SNOW,0,,,N,0700
US1TXAS0006,20121107,SNOW,0,,,N,0700
US1TXAS0006,20121108,SNOW,0,,,N,0700
US1TXAS0006,20121109,SNOW,0,,,N,0700
US1TXAS0006,20121110,SNOW,0,,,N,0700
US1TXAS0006,20121111,SNOW,0,,,N,0700
US1TXAS0006,20121112,SNOW,0,,,N,0700
US1TXAS0006,20121113,SNOW,0,,,N,0700
US1TXAS0006,20121114,SNOW,0,,,N,0700
US1TXAS0006,20121115,SNOW,0,,,N,0700
US1TXAS0006,20121116,SNOW,0,,,N,0700
US1TXAS0006,20121117,SNOW,0,,,N,0700
US1TXAS0006,20121118,SNOW,0,,,N,0700
US1TXAS0006,20121119,SNOW,0,,,N,0700
US1TXAS0006,20121120,SNOW,0,,,N,0700
US1TXAS0006,20121121,SNOW,0,,,N,0700
US1TXAS0006,20121122,SNOW,0,,,N,0700
US1TXAS0006,20121123,SNOW,0,,,N,0700
US1TXAS0006,20121124,SNOW,0,,,N,0700
US1TXAS0006,20121125,SNOW,0,,,N,0700
US1TXAS0006,20121126,SNOW,0,,,N,0700
US1TXAS0006,20121127,SNOW,0,,,N,0700
US1TXAS0006,20121128,SNOW,0,,,N,0700
US1TXAS0006,20121129,SNOW,0,,,N,0700
US1TXAS0006,20121130,SNOW,0,,,N,0700
US1TXAS0006,20121201,PRCP,0,,,N,0700
US1TXAS0006,20121202,PRCP,3,,,N,0700
US1TXAS0006,20121203,PRCP,0,,,N,0700
US1TXAS0006,20121204,PRCP,0,,,N,0700
US1TXAS0006,20121205,PRCP,13,,,N,0700
US1TXAS0006,20121206,PRCP,0,,,N,0700
US1TXAS0006,20121207,PRCP,0,,,N,0700
US1TXAS0006,20121208,PRCP,0,,,N,0700
US1TXAS0006,20121209,PRCP,0,,,N,0700
US1TXAS0006,20121210,PRCP,18,,,N,0700
US1TXAS0006,20121211,PRCP,0,,,N,0700
US1TXAS0006,20121212,PRCP,0,,,N,0700
US1TXAS0006,20121213,PRCP,0,,,N,0700
US1TXAS0006,20121214,PRCP,0,,,N,0700
US1TXAS0006,20121215,PRCP,5,,,N,0700
US1TXAS0006,20121216,PRCP,8,,,N,0700
US1TXAS0006,20121217,PRCP,109,,,N,0700
US1TXAS0006,20121218,PRCP,0,,,N,0700
US1TXAS0006,20121219,PRCP,0,,,N,0700
US1TXAS0006,20121220,PRCP,36,,,N,0700
US1TXAS0006,20121221,PRCP,0,,,N,0700
US1TXAS0006,20121222,PRCP,0,,,N,0700
US1TXAS0006,20121223,PRCP,0,,,N,0700
US1TXAS0006,20121224,PRCP,0,,,N,0700
US1TXAS0006,20121225,PRCP,8,,,N,0700
US1TXAS0006,20121226,PRCP,3,,,N,0700
US1TXAS0006,20121227,PRCP,0,,,N,0700
US1TXAS0006,20121228,PRCP,28,,,N,0700
US1TXAS0006,20121229,PRCP,0,T,,N,0700
US1TXAS0006,20121230,PRCP,0,,,N,0700
US1TXAS0006,20121231,PRCP,0,T,,N,0700
US1TXAS0006,20121201,SNOW,0,,,N,0700
US1TXAS0006,20121202,SNOW,0,,,N,0700
US1TXAS0006,20121203,SNOW,0,,,N,0700
US1TXAS0006,20121204,SNOW,0,,,N,0700
US1TXAS0006,20121205,SNOW,0,,,N,0700
US1TXAS0006,20121206,SNOW,0,,,N,0700
US1TXAS0006,20121207,SNOW,0,,,N,0700
US1TXAS0006,20121208,SNOW,0,,,N,0700
US1TXAS0006,20121209,SNOW,0,,,N,0700
US1TXAS0006,20121210,SNOW,0,,,N,0700
US1TXAS0006,20121211,SNOW,0,,,N,0700
US1TXAS0006,20121212,SNOW,0,,,N,0700
US1TXAS0006,20121213,SNOW,0,,,N,0700
US1TXAS0006,20121214,SNOW,0,,,N,0700
US1TXAS0006,20121215,SNOW,0,,,N,0700
US1TXAS0006,20121216,SNOW,0,,,N,0700
US1TXAS0006,20121217,SNOW,0,,,N,0700
US1TXAS0006,20121218,SNOW,0,,,N,0700
US1TXAS0006,20121219,SNOW,0,,,N,0700
US1TXAS0006,20121220,SNOW,0,,,N,0700
US1TXAS0006,20121221,SNOW,0,,,N,0700
US1TXAS0006,20121222,SNOW,0,,,N,0700
US1TXAS0006,20121223,SNOW,0,,,N,0700
US1TXAS0006,20121224,SNOW,0,,,N,0700
US1TXAS0006,20121225,SNOW,0,,,N,0700
US1TXAS0006,20121226,SNOW,0,,,N,0700
US1TXAS0006,20121227,SNOW,0,,,N,0700
US1TXAS0006,20121228,SNOW,0,,,N,0700
US1TXAS0006,20121229,SNOW,0,,,N,0700
US1TXAS0006,20121230,SNOW,0,,,N,0700
US1TXAS0006,20121231,SNOW,0,,,N,0700
US1TXAS0006,20121201,SNWD,0,,,N,0700
US1TXAS0006,20121202,SNWD,0,,,N,0700
US1TXAS0006,20121203,SNWD,0,,,N,0700
US1TXAS0006,20121204,SNWD,0,,,N,0700
US1TXAS0006,20121205,SNWD,0,,,N,0700
US1TXAS0006,20121206,SNWD,0,,,N,0700
US1TXAS0006,20121207,SNWD,0,,,N,0700
US1TXAS0006,20121208,SNWD,0,,,N,0700
US1TXAS0006,20121209,SNWD,0,,,N,0700
US1TXAS0006,20121210,SNWD,0,,,N,0700
US1TXAS0006,20121211,SNWD,0,,,N,0700
US1TXAS0006,20121212,SNWD,0,,,N,0700
US1TXAS0006,20121213,SNWD,0,,,N,0700
US1TXAS0006,20121214,SNWD,0,,,N,0700
US1TXAS0006,20121215,SNWD,0,,,N,0700
US1TXAS0006,20121216,SNWD,0,,,N,0700
US1TXAS0006,20121217,SNWD,0,,,N,0700
US1TXAS0006,20121218,SNWD,0,,,N,0700
US1TXAS0006,20121219,SNWD,0,,,N,0700
US1TXAS0006,20121220,SNWD,0,,,N,0700
US1TXAS0006,20121221,SNWD,0,,,N,0700
US1TXAS0006,20121222,SNWD,0,,,N,0700
US1TXAS0006,20121223,SNWD,0,,,N,0700
US1TXAS0006,20121224,SNWD,0,,,N,0700
US1TXAS0006,20121225,SNWD,0,,,N,0700
US1TXAS0006,20121226,SNWD,0,,,N,0700
US1TXAS0006,20121227,SNWD,0,,,N,0700
US1TXAS0006,20121228,SNWD,0,,,N,0700
US1TXAS0006,20121229,SNWD,0,,,N,0700
US1TXAS0006,20121230,SNWD,0,,,N,0700
US1TXAS0006,20121231,SNWD,0,,,N,0700
US1TXAS0006,20130101,PRCP,58,,,N,0700
US1TXAS0006,20130102,PRCP,8,,,N,0700
US1TXAS0006,20130103,PRCP,0,T,,N,0700
US1TXAS0006,20130104,PRCP,0,,,N,0700
US1TXAS0006,20130105,PRCP,28,,,N,0700
US1TXAS0006,20130106,PRCP,89,,,N,0700
US1TXAS0006,20130107,PRCP,0,,,N,0700
US1TXAS0006,20130108,PRCP,51,,,N,0700
US1TXAS0006,20130109,PRCP,175,,,N,0700
US1TXAS0006,20130110,PRCP,688,,,N,0700
US1TXAS0006,20130111,PRCP,0,,,N,0700
US1TXAS0006,20130112,PRCP,3,,,N,0700
US1TXAS0006,20130113,PRCP,102,,,N,0700
US1TXAS0006,20130114,PRCP,10,,,N,0700
US1TXAS0006,20130115,PRCP,13,,,N,0700
US1TXAS0006,20130116,PRCP,5,,,N,0700
US1TXAS0006,20130117,PRCP,0,,,N,0700
US1TXAS0006,20130118,PRCP,0,,,N,0700
US1TXAS0006,20130119,PRCP,0,,,N,0700
US1TXAS0006,20130120,PRCP,0,,,N,0700
US1TXAS0006,20130121,PRCP,0,,,N,0700
US1TXAS0006,20130122,PRCP,0,,,N,0700
US1TXAS0006,20130123,PRCP,3,,,N,0700
US1TXAS0006,20130124,PRCP,0,,,N,0700
US1TXAS0006,20130125,PRCP,0,,,N,0700
US1TXAS0006,20130126,PRCP,0,,,N,0700
US1TXAS0006,20130127,PRCP,0,,,N,0700
US1TXAS0006,20130128,PRCP,3,,,N,0700
US1TXAS0006,20130129,PRCP,3,,,N,0700
US1TXAS0006,20130130,PRCP,10,,,N,0700
US1TXAS0006,20130131,PRCP,0,,,N,0700
US1TXAS0006,20130101,SNOW,0,,,N,0700
US1TXAS0006,20130102,SNOW,0,,,N,0700
US1TXAS0006,20130103,SNOW,0,,,N,0700
US1TXAS0006,20130104,SNOW,0,,,N,0700
US1TXAS0006,20130105,SNOW,0,,,N,0700
US1TXAS0006,20130106,SNOW,0,,,N,0700
US1TXAS0006,20130107,SNOW,0,,,N,0700
US1TXAS0006,20130108,SNOW,0,,,N,0700
US1TXAS0006,20130109,SNOW,0,,,N,0700
US1TXAS0006,20130110,SNOW,0,,,N,0700
US1TXAS0006,20130111,SNOW,0,,,N,0700
US1TXAS0006,20130112,SNOW,0,,,N,0700
US1TXAS0006,20130113,SNOW,0,,,N,0700
US1TXAS0006,20130114,SNOW,0,,,N,0700
US1TXAS0006,20130115,SNOW,0,,,N,0700
US1TXAS0006,20130116,SNOW,0,,,N,0700
US1TXAS0006,20130117,SNOW,0,,,N,0700
US1TXAS0006,20130118,SNOW,0,,,N,0700
US1TXAS0006,20130119,SNOW,0,,,N,0700
US1TXAS0006,20130120,SNOW,0,,,N,0700
US1TXAS0006,20130121,SNOW,0,,,N,0700
US1TXAS0006,20130122,SNOW,0,,,N,0700
US1TXAS0006,20130123,SNOW,0,,,N,0700
US1TXAS0006,20130124,SNOW,0,,,N,0700
US1TXAS0006,20130125,SNOW,0,,,N,0700
US1TXAS0006,20130126,SNOW,0,,,N,0700
US1TXAS0006,20130127,SNOW,0,,,N,0700
US1TXAS0006,20130128,SNOW,0,,,N,0700
US1TXAS0006,20130129,SNOW,0,,,N,0700
US1TXAS0006,20130130,SNOW,0,,,N,0700
US1TXAS0006,20130131,SNOW,0,,,N,0700
US1TXAS0006,20130101,SNWD,0,,,N,0700
US1TXAS0006,20130102,SNWD,0,,,N,0700
US1TXAS0006,20130103,SNWD,0,,,N,0700
US1TXAS0006,20130104,SNWD,0,,,N,0700
US1TXAS0006,20130105,SNWD,0,,,N,0700
US1TXAS0006,20130106,SNWD,0,,,N,0700
US1TXAS0006,20130107,SNWD,0,,,N,0700
US1TXAS0006,20130108,SNWD,0,,,N,0700
US1TXAS0006,20130109,SNWD,0,,,N,0700
US1TXAS0006,20130110,SNWD,0,,,N,0700
US1TXAS0006,20130111,SNWD,0,,,N,0700
US1TXAS0006,20130112,SNWD,0,,,N,0700
US1TXAS0006,20130113,SNWD,0,,,N,0700
US1TXAS0006,20130114,SNWD,0,,,N,0700
US1TXAS0006,20130115,SNWD,0,,,N,0700
US1TXAS0006,20130116,SNWD,0,,,N,0700
US1TXAS0006,20130117,SNWD,0,,,N,0700
US1TXAS0006,20130118,SNWD,0,,,N,0700
US1TXAS0006,20130119,SNWD,0,,,N,0700
US1TXAS0006,20130120,SNWD,0,,,N,0700
US1TXAS0006,20130121,SNWD,0,,,N,0700
US1TXAS0006,20130122,SNWD,0,,,N,0700
US1TXAS0006,20130123,SNWD,0,,,N,0700
US1TXAS0006,20130124,SNWD,0,,,N,0700
US1TXAS0006,20130125,SNWD,0,,,N,0700
US1TXAS0006,20130126,SNWD,0,,,N,0700
US1TXAS0006,20130127,SNWD,0,,,N,0700
US1TXAS0006,20130128,SNWD,0,,,N,0700
US1TXAS0006,20130129,SNWD,0,,,N,0700
US1TXAS0006,20130130,SNWD,0,,,N,0700
US1TXAS0006,20130131,SNWD,0,,,N,0700
US1TXAS0006,20130201,PRCP,0,,,N,0700
US1TXAS0006,20130202,PRCP,0,,,N,0700
US1TXAS0006,20130203,PRCP,0,,,N,0700
US1TXAS0006,20130204,PRCP,0,,,N,0700
US1TXAS0006,20130205,PRCP,0,,,N,0700
US1TXAS0006,20130206,PRCP,43,,,N,0700
US1TXAS0006,20130207,PRCP,104,,,N,0700
US1TXAS0006,20130208,PRCP,0,,,N,0700
US1TXAS0006,20130209,PRCP,0,,,N,0700
US1TXAS0006,20130210,PRCP,3,,,N,0700
US1TXAS0006,20130211,PRCP,33,,,N,0700
US1TXAS0006,20130212,PRCP,89,,,N,0700
US1TXAS0006,20130213,PRCP,0,,,N,0700
US1TXAS0006,20130214,PRCP,0,,,N,0700
US1TXAS0006,20130215,PRCP,0,,,N,0700
US1TXAS0006,20130216,PRCP,0,,,N,0700
US1TXAS0006,20130217,PRCP,0,,,N,0700
US1TXAS0006,20130218,PRCP,0,,,N,0700
US1TXAS0006,20130219,PRCP,112,,,N,0700
US1TXAS0006,20130220,PRCP,0,,,N,0700
US1TXAS0006,20130221,PRCP,30,,,N,0700
US1TXAS0006,20130222,PRCP,28,,,N,0700
US1TXAS0006,20130223,PRCP,0,,,N,0700
US1TXAS0006,20130224,PRCP,0,,,N,0700
US1TXAS0006,20130225,PRCP,0,,,N,0700
US1TXAS0006,20130226,PRCP,10,,,N,0700
US1TXAS0006,20130227,PRCP,0,,,N,0700
US1TXAS0006,20130228,PRCP,0,,,N,0700
US1TXAS0006,20130201,SNOW,0,,,N,0700
US1TXAS0006,20130202,SNOW,0,,,N,0700
US1TXAS0006,20130203,SNOW,0,,,N,0700
US1TXAS0006,20130204,SNOW,0,,,N,0700
US1TXAS0006,20130205,SNOW,0,,,N,0700
US1TXAS0006,20130206,SNOW,0,,,N,0700
US1TXAS0006,20130207,SNOW,0,,,N,0700
US1TXAS0006,20130208,SNOW,0,,,N,0700
US1TXAS0006,20130209,SNOW,0,,,N,0700
US1TXAS0006,20130210,SNOW,0,,,N,0700
US1TXAS0006,20130211,SNOW,0,,,N,0700
US1TXAS0006,20130212,SNOW,0,,,N,0700
US1TXAS0006,20130213,SNOW,0,,,N,0700
US1TXAS0006,20130214,SNOW,0,,,N,0700
US1TXAS0006,20130215,SNOW,0,,,N,0700
US1TXAS0006,20130216,SNOW,0,,,N,0700
US1TXAS0006,20130217,SNOW,0,,,N,0700
US1TXAS0006,20130218,SNOW,0,,,N,0700
US1TXAS0006,20130219,SNOW,0,,,N,0700
US1TXAS0006,20130220,SNOW,0,,,N,0700
US1TXAS0006,20130221,SNOW,0,,,N,0700
US1TXAS0006,20130222,SNOW,0,,,N,0700
US1TXAS0006,20130223,SNOW,0,,,N,0700
US1TXAS0006,20130224,SNOW,0,,,N,0700
US1TXAS0006,20130225,SNOW,0,,,N,0700
US1TXAS0006,20130226,SNOW,0,,,N,0700
US1TXAS0006,20130227,SNOW,0,,,N,0700
US1TXAS0006,20130228,SNOW,0,,,N,0700
US1TXAS0006,20130201,SNWD,0,,,N,0700
US1TXAS0006,20130202,SNWD,0,,,N,0700
US1TXAS0006,20130203,SNWD,0,,,N,0700
US1TXAS0006,20130204,SNWD,0,,,N,0700
US1TXAS0006,20130205,SNWD,0,,,N,0700
US1TXAS0006,20130206,SNWD,0,,,N,0700
US1TXAS0006,20130207,SNWD,0,,,N,0700
US1TXAS0006,20130208,SNWD,0,,,N,0700
US1TXAS0006,20130209,SNWD,0,,,N,0700
US1TXAS0006,20130210,SNWD,0,,,N,0700
US1TXAS0006,20130211,SNWD,0,,,N,0700
US1TXAS0006,20130212,SNWD,0,,,N,0700
US1TXAS0006,20130213,SNWD,0,,,N,0700
US1TXAS0006,20130214,SNWD,0,,,N,0700
US1TXAS0006,20130215,SNWD,0,,,N,0700
US1TXAS0006,20130216,SNWD,0,,,N,0700
US1TXAS0006,20130217,SNWD,0,,,N,0700
US1TXAS0006,20130218,SNWD,0,,,N,0700
US1TXAS0006,20130219,SNWD,0,,,N,0700
US1TXAS0006,20130220,SNWD,0,,,N,0700
US1TXAS0006,20130221,SNWD,0,,,N,0700
US1TXAS0006,20130222,SNWD,0,,,N,0700
US1TXAS0006,20130223,SNWD,0,,,N,0700
US1TXAS0006,20130224,SNWD,0,,,N,0700
US1TXAS0006,20130225,SNWD,0,,,N,0700
US1TXAS0006,20130226,SNWD,0,,,N,0700
US1TXAS0006,20130227,SNWD,0,,,N,0700
US1TXAS0006,20130228,SNWD,0,,,N,0700
US1TXAS0006,20130301,PRCP,0,,,N,0700
US1TXAS0006,20130302,PRCP,0,,,N,0700
US1TXAS0006,20130303,PRCP,0,,,N,0700
US1TXAS0006,20130304,PRCP,0,,,N,0700
US1TXAS0006,20130305,PRCP,0,,,N,0700
US1TXAS0006,20130306,PRCP,0,,,N,0700
US1TXAS0006,20130307,PRCP,0,,,N,0700
US1TXAS0006,20130308,PRCP,0,,,N,0700
US1TXAS0006,20130309,PRCP,0,,,N,0700
US1TXAS0006,20130310,PRCP,94,,,N,0700
US1TXAS0006,20130311,PRCP,69,,,N,0700
US1TXAS0006,20130312,PRCP,0,,,N,0700
US1TXAS0006,20130313,PRCP,0,,,N,0700
US1TXAS0006,20130314,PRCP,0,,,N,0700
US1TXAS0006,20130315,PRCP,0,,,N,0700
US1TXAS0006,20130316,PRCP,0,,,N,0700
US1TXAS0006,20130317,PRCP,0,,,N,0700
US1TXAS0006,20130318,PRCP,0,,,N,0700
US1TXAS0006,20130319,PRCP,0,,,N,0700
US1TXAS0006,20130320,PRCP,66,,,N,0700
US1TXAS0006,20130321,PRCP,3,,,N,0700
US1TXAS0006,20130322,PRCP,0,,,N,0700
US1TXAS0006,20130323,PRCP,0,,,N,0700
US1TXAS0006,20130324,PRCP,0,,,N,0700
US1TXAS0006,20130325,PRCP,0,,,N,0700
US1TXAS0006,20130326,PRCP,0,,,N,0700
US1TXAS0006,20130327,PRCP,0,,,N,0700
US1TXAS0006,20130328,PRCP,0,,,N,0700
US1TXAS0006,20130329,PRCP,0,,,N,0700
US1TXAS0006,20130330,PRCP,0,T,,N,0700
US1TXAS0006,20130331,PRCP,0,,,N,0700
US1TXAS0006,20130301,SNOW,0,,,N,0700
US1TXAS0006,20130302,SNOW,0,,,N,0700
US1TXAS0006,20130303,SNOW,0,,,N,0700
US1TXAS0006,20130304,SNOW,0,,,N,0700
US1TXAS0006,20130305,SNOW,0,,,N,0700
US1TXAS0006,20130306,SNOW,0,,,N,0700
US1TXAS0006,20130307,SNOW,0,,,N,0700
US1TXAS0006,20130308,SNOW,0,,,N,0700
US1TXAS0006,20130309,SNOW,0,,,N,0700
US1TXAS0006,20130310,SNOW,0,,,N,0700
US1TXAS0006,20130311,SNOW,0,,,N,0700
US1TXAS0006,20130312,SNOW,0,,,N,0700
US1TXAS0006,20130313,SNOW,0,,,N,0700
US1TXAS0006,20130314,SNOW,0,,,N,0700
US1TXAS0006,20130315,SNOW,0,,,N,0700
US1TXAS0006,20130316,SNOW,0,,,N,0700
US1TXAS0006,20130317,SNOW,0,,,N,0700
US1TXAS0006,20130318,SNOW,0,,,N,0700
US1TXAS0006,20130319,SNOW,0,,,N,0700
US1TXAS0006,20130320,SNOW,0,,,N,0700
US1TXAS0006,20130321,SNOW,0,,,N,0700
US1TXAS0006,20130322,SNOW,0,,,N,0700
US1TXAS0006,20130323,SNOW,0,,,N,0700
US1TXAS0006,20130324,SNOW,0,,,N,0700
US1TXAS0006,20130325,SNOW,0,,,N,0700
US1TXAS0006,20130326,SNOW,0,,,N,0700
US1TXAS0006,20130327,SNOW,0,,,N,0700
US1TXAS0006,20130328,SNOW,0,,,N,0700
US1TXAS0006,20130329,SNOW,0,,,N,0700
US1TXAS0006,20130330,SNOW,0,,,N,0700
US1TXAS0006,20130331,SNOW,0,,,N,0700
US1TXAS0006,20130301,SNWD,0,,,N,0700
US1TXAS0006,20130401,PRCP,206,,,N,0500
US1TXAS0006,20130402,PRCP,0,,,N,0500
US1TXAS0006,20130403,PRCP,549,,,N,0500
US1TXAS0006,20130404,PRCP,66,,,N,0500
US1TXAS0006,20130405,PRCP,3,,,N,0500
US1TXAS0006,20130406,PRCP,0,,,N,0700
US1TXAS0006,20130407,PRCP,0,,,N,0700
US1TXAS0006,20130408,PRCP,0,,,N,0500
US1TXAS0006,20130409,PRCP,0,,,N,0700
US1TXAS0006,20130410,PRCP,0,T,,N,0500
US1TXAS0006,20130411,PRCP,48,,,N,0700
US1TXAS0006,20130412,PRCP,0,,,N,0500
US1TXAS0006,20130413,PRCP,0,,,N,0700
US1TXAS0006,20130414,PRCP,0,,,N,0700
US1TXAS0006,20130415,PRCP,0,,,N,0500
US1TXAS0006,20130416,PRCP,0,,,N,0500
US1TXAS0006,20130417,PRCP,0,,,N,0500
US1TXAS0006,20130418,PRCP,3,,,N,0500
US1TXAS0006,20130419,PRCP,41,,,N,0500
US1TXAS0006,20130420,PRCP,0,,,N,0700
US1TXAS0006,20130421,PRCP,0,,,N,0700
US1TXAS0006,20130422,PRCP,0,,,N,0500
US1TXAS0006,20130423,PRCP,0,,,N,0500
US1TXAS0006,20130424,PRCP,18,,,N,0500
US1TXAS0006,20130425,PRCP,0,,,N,0500
US1TXAS0006,20130426,PRCP,0,,,N,0500
US1TXAS0006,20130427,PRCP,0,,,N,0700
US1TXAS0006,20130428,PRCP,178,,,N,0700
US1TXAS0006,20130429,PRCP,0,,,N,0500
US1TXAS0006,20130430,PRCP,302,,,N,0500
US1TXAS0006,20130401,SNOW,0,,,N,0500
US1TXAS0006,20130402,SNOW,0,,,N,0500
US1TXAS0006,20130404,SNOW,0,,,N,0500
US1TXAS0006,20130406,SNOW,0,,,N,0700
US1TXAS0006,20130407,SNOW,0,,,N,0700
US1TXAS0006,20130408,SNOW,0,,,N,0500
US1TXAS0006,20130409,SNOW,0,,,N,0700
US1TXAS0006,20130410,SNOW,0,,,N,0500
US1TXAS0006,20130411,SNOW,0,,,N,0700
US1TXAS0006,20130412,SNOW,0,,,N,0500
US1TXAS0006,20130413,SNOW,0,,,N,0700
US1TXAS0006,20130414,SNOW,0,,,N,0700
US1TXAS0006,20130415,SNOW,0,,,N,0500
US1TXAS0006,20130416,SNOW,0,,,N,0500
US1TXAS0006,20130417,SNOW,0,,,N,0500
US1TXAS0006,20130418,SNOW,0,,,N,0500
US1TXAS0006,20130419,SNOW,0,,,N,0500
US1TXAS0006,20130420,SNOW,0,,,N,0700
US1TXAS0006,20130421,SNOW,0,,,N,0700
US1TXAS0006,20130422,SNOW,0,,,N,0500
US1TXAS0006,20130423,SNOW,0,,,N,0500
US1TXAS0006,20130424,SNOW,0,,,N,0500
US1TXAS0006,20130425,SNOW,0,,,N,0500
US1TXAS0006,20130426,SNOW,0,,,N,0500
US1TXAS0006,20130427,SNOW,0,,,N,0700
US1TXAS0006,20130428,SNOW,0,,,N,0700
US1TXAS0006,20130429,SNOW,0,,,N,0500
US1TXAS0006,20130430,SNOW,0,,,N,0500
US1TXAS0006,20130501,PRCP,0,,,N,0500
US1TXAS0006,20130502,PRCP,0,,,N,0500
US1TXAS0006,20130503,PRCP,0,,,N,0500
US1TXAS0006,20130504,PRCP,0,,,N,0700
US1TXAS0006,20130505,PRCP,0,,,N,0700
US1TXAS0006,20130506,PRCP,0,,,N,0500
US1TXAS0006,20130507,PRCP,0,,,N,0500
US1TXAS0006,20130508,PRCP,0,,,N,0500
US1TXAS0006,20130509,PRCP,0,,,N,0500
US1TXAS0006,20130510,PRCP,168,,,N,0700
US1TXAS0006,20130511,PRCP,711,,,N,0700
US1TXAS0006,20130512,PRCP,0,,,N,0700
US1TXAS0006,20130513,PRCP,0,,,N,0500
US1TXAS0006,20130514,PRCP,0,,,N,0500
US1TXAS0006,20130515,PRCP,0,,,N,0500
US1TXAS0006,20130516,PRCP,33,,,N,0700
US1TXAS0006,20130517,PRCP,0,,,N,0500
US1TXAS0006,20130518,PRCP,0,,,N,0700
US1TXAS0006,20130519,PRCP,0,,,N,0700
US1TXAS0006,20130520,PRCP,0,,,N,0500
US1TXAS0006,20130521,PRCP,0,,,N,0500
US1TXAS0006,20130522,PRCP,104,,,N,0500
US1TXAS0006,20130523,PRCP,0,,,N,0500
US1TXAS0006,20130524,PRCP,0,,,N,0500
US1TXAS0006,20130525,PRCP,0,,,N,0700
US1TXAS0006,20130526,PRCP,3,,,N,0700
US1TXAS0006,20130527,PRCP,0,,,N,0700
US1TXAS0006,20130528,PRCP,0,,,N,0500
US1TXAS0006,20130529,PRCP,5,,,N,0500
US1TXAS0006,20130530,PRCP,0,T,,N,0500
US1TXAS0006,20130531,PRCP,0,T,,N,0700
US1TXAS0006,20130501,SNOW,0,,,N,0500
US1TXAS0006,20130502,SNOW,0,,,N,0500
US1TXAS0006,20130503,SNOW,0,,,N,0500
US1TXAS0006,20130504,SNOW,0,,,N,0700
US1TXAS0006,20130505,SNOW,0,,,N,0700
US1TXAS0006,20130506,SNOW,0,,,N,0500
US1TXAS0006,20130507,SNOW,0,,,N,0500
US1TXAS0006,20130508,SNOW,0,,,N,0500
US1TXAS0006,20130509,SNOW,0,,,N,0500
US1TXAS0006,20130510,SNOW,0,,,N,0700
US1TXAS0006,20130511,SNOW,0,,,N,0700
US1TXAS0006,20130512,SNOW,0,,,N,0700
US1TXAS0006,20130513,SNOW,0,,,N,0500
US1TXAS0006,20130514,SNOW,0,,,N,0500
US1TXAS0006,20130515,SNOW,0,,,N,0500
US1TXAS0006,20130516,SNOW,0,,,N,0700
US1TXAS0006,20130517,SNOW,0,,,N,0500
US1TXAS0006,20130518,SNOW,0,,,N,0700
US1TXAS0006,20130519,SNOW,0,,,N,0700
US1TXAS0006,20130520,SNOW,0,,,N,0500
US1TXAS0006,20130521,SNOW,0,,,N,0500
US1TXAS0006,20130522,SNOW,0,,,N,0500
US1TXAS0006,20130523,SNOW,0,,,N,0500
US1TXAS0006,20130524,SNOW,0,,,N,0500
US1TXAS0006,20130525,SNOW,0,,,N,0700
US1TXAS0006,20130526,SNOW,0,,,N,0700
US1TXAS0006,20130527,SNOW,0,,,N,0700
US1TXAS0006,20130528,SNOW,0,,,N,0500
US1TXAS0006,20130529,SNOW,0,,,N,0500
US1TXAS0006,20130530,SNOW,0,,,N,0500
US1TXAS0006,20130531,SNOW,0,,,N,0700
US1TXAS0006,20130601,PRCP,0,,,N,0600
US1TXAS0006,20130602,PRCP,0,,,N,0700
US1TXAS0006,20130603,PRCP,201,,,N,0500
US1TXAS0006,20130604,PRCP,0,,,N,0500
US1TXAS0006,20130605,PRCP,0,,,N,0500
US1TXAS0006,20130606,PRCP,0,,,N,0500
US1TXAS0006,20130607,PRCP,0,,,N,0500
US1TXAS0006,20130608,PRCP,0,,,N,0700
US1TXAS0006,20130609,PRCP,0,,,N,0700
US1TXAS0006,20130610,PRCP,173,,,N,0500
US1TXAS0006,20130611,PRCP,0,,,N,0500
US1TXAS0006,20130612,PRCP,18,,,N,0500
US1TXAS0006,20130613,PRCP,23,,,N,0500
US1TXAS0006,20130614,PRCP,0,,,N,0500
US1TXAS0006,20130615,PRCP,0,,,N,0700
US1TXAS0006,20130616,PRCP,0,,,N,0700
US1TXAS0006,20130617,PRCP,0,,,N,0500
US1TXAS0006,20130618,PRCP,0,,,N,0500
US1TXAS0006,20130619,PRCP,0,,,N,0500
US1TXAS0006,20130620,PRCP,0,,,N,0500
US1TXAS0006,20130621,PRCP,0,,,N,0500
US1TXAS0006,20130622,PRCP,0,,,N,0700
US1TXAS0006,20130623,PRCP,0,,,N,0700
US1TXAS0006,20130624,PRCP,0,T,,N,0500
US1TXAS0006,20130625,PRCP,0,,,N,0500
US1TXAS0006,20130626,PRCP,0,,,N,0500
US1TXAS0006,20130627,PRCP,0,,,N,0500
US1TXAS0006,20130628,PRCP,0,,,N,0500
US1TXAS0006,20130629,PRCP,0,,,N,0700
US1TXAS0006,20130630,PRCP,0,,,N,0700
US1TXAS0006,20130601,SNOW,0,,,N,0600
US1TXAS0006,20130602,SNOW,0,,,N,0700
US1TXAS0006,20130603,SNOW,0,,,N,0500
US1TXAS0006,20130604,SNOW,0,,,N,0500
US1TXAS0006,20130605,SNOW,0,,,N,0500
US1TXAS0006,20130606,SNOW,0,,,N,0500
US1TXAS0006,20130607,SNOW,0,,,N,0500
US1TXAS0006,20130608,SNOW,0,,,N,0700
US1TXAS0006,20130609,SNOW,0,,,N,0700
US1TXAS0006,20130610,SNOW,0,,,N,0500
US1TXAS0006,20130611,SNOW,0,,,N,0500
US1TXAS0006,20130612,SNOW,0,,,N,0500
US1TXAS0006,20130613,SNOW,0,,,N,0500
US1TXAS0006,20130614,SNOW,0,,,N,0500
US1TXAS0006,20130615,SNOW,0,,,N,0700
US1TXAS0006,20130616,SNOW,0,,,N,0700
US1TXAS0006,20130617,SNOW,0,,,N,0500
US1TXAS0006,20130618,SNOW,0,,,N,0500
US1TXAS0006,20130619,SNOW,0,,,N,0500
US1TXAS0006,20130620,SNOW,0,,,N,0500
US1TXAS0006,20130621,SNOW,0,,,N,0500
US1TXAS0006,20130622,SNOW,0,,,N,0700
US1TXAS0006,20130623,SNOW,0,,,N,0700
US1TXAS0006,20130624,SNOW,0,,,N,0500
US1TXAS0006,20130625,SNOW,0,,,N,0500
US1TXAS0006,20130626,SNOW,0,,,N,0500
US1TXAS0006,20130627,SNOW,0,,,N,0500
US1TXAS0006,20130628,SNOW,0,,,N,0500
US1TXAS0006,20130629,SNOW,0,,,N,0700
US1TXAS0006,20130630,SNOW,0,,,N,0700
US1TXAS0006,20130701,PRCP,0,,,N,0500
US1TXAS0006,20130702,PRCP,0,,,N,0500
US1TXAS0006,20130703,PRCP,0,,,N,0500
US1TXAS0006,20130704,PRCP,0,,,N,0700
US1TXAS0006,20130705,PRCP,0,T,,N,0500
US1TXAS0006,20130706,PRCP,0,,,N,0700
US1TXAS0006,20130707,PRCP,0,,,N,0700
US1TXAS0006,20130708,PRCP,5,,,N,0700
US1TXAS0006,20130709,PRCP,30,,,N,0700
US1TXAS0006,20130710,PRCP,20,,,N,0500
US1TXAS0006,20130711,PRCP,0,,,N,0500
US1TXAS0006,20130712,PRCP,0,,,N,0500
US1TXAS0006,20130713,PRCP,0,,,N,0700
US1TXAS0006,20130714,PRCP,0,,,N,0700
US1TXAS0006,20130715,PRCP,767,,,N,0500
US1TXAS0006,20130716,PRCP,91,,,N,0500
US1TXAS0006,20130717,PRCP,157,,,N,0700
US1TXAS0006,20130718,PRCP,0,,,N,0500
US1TXAS0006,20130719,PRCP,0,,,N,0500
US1TXAS0006,20130720,PRCP,0,,,N,0700
US1TXAS0006,20130721,PRCP,533,,,N,0700
US1TXAS0006,20130722,PRCP,3,,,N,0500
US1TXAS0006,20130723,PRCP,0,,,N,0500
US1TXAS0006,20130724,PRCP,0,,,N,0500
US1TXAS0006,20130725,PRCP,0,,,N,0500
US1TXAS0006,20130726,PRCP,0,,,N,0500
US1TXAS0006,20130727,PRCP,0,T,,N,0700
US1TXAS0006,20130728,PRCP,0,,,N,0700
US1TXAS0006,20130729,PRCP,0,,,N,0500
US1TXAS0006,20130730,PRCP,0,,,N,0500
US1TXAS0006,20130731,PRCP,0,,,N,0500
US1TXAS0006,20130701,SNOW,0,,,N,0500
US1TXAS0006,20130702,SNOW,0,,,N,0500
US1TXAS0006,20130703,SNOW,0,,,N,0500
US1TXAS0006,20130704,SNOW,0,,,N,0700
US1TXAS0006,20130705,SNOW,0,,,N,0500
US1TXAS0006,20130706,SNOW,0,,,N,0700
US1TXAS0006,20130707,SNOW,0,,,N,0700
US1TXAS0006,20130708,SNOW,0,,,N,0700
US1TXAS0006,20130709,SNOW,0,,,N,0700
US1TXAS0006,20130710,SNOW,0,,,N,0500
US1TXAS0006,20130711,SNOW,0,,,N,0500
US1TXAS0006,20130712,SNOW,0,,,N,0500
US1TXAS0006,20130713,SNOW,0,,,N,0700
US1TXAS0006,20130714,SNOW,0,,,N,0700
US1TXAS0006,20130715,SNOW,0,,,N,0500
US1TXAS0006,20130716,SNOW,0,,,N,0500
US1TXAS0006,20130717,SNOW,0,,,N,0700
US1TXAS0006,20130718,SNOW,0,,,N,0500
US1TXAS0006,20130719,SNOW,0,,,N,0500
US1TXAS0006,20130720,SNOW,0,,,N,0700
US1TXAS0006,20130721,SNOW,0,,,N,0700
US1TXAS0006,20130722,SNOW,0,,,N,0500
US1TXAS0006,20130723,SNOW,0,,,N,0500
US1TXAS0006,20130724,SNOW,0,,,N,0500
US1TXAS0006,20130725,SNOW,0,,,N,0500
US1TXAS0006,20130726,SNOW,0,,,N,0500
US1TXAS0006,20130727,SNOW,0,,,N,0700
US1TXAS0006,20130728,SNOW,0,,,N,0700
US1TXAS0006,20130729,SNOW,0,,,N,0500
US1TXAS0006,20130730,SNOW,0,,,N,0500
US1TXAS0006,20130731,SNOW,0,,,N,0500
US1TXAS0006,20130801,PRCP,0,,,N,0500
US1TXAS0006,20130802,PRCP,0,,,N,0700
US1TXAS0006,20130803,PRCP,0,,,N,0700
US1TXAS0006,20130804,PRCP,0,,,N,0700
US1TXAS0006,20130805,PRCP,0,,,N,0500
US1TXAS0006,20130806,PRCP,0,,,N,0500
US1TXAS0006,20130807,PRCP,0,,,N,0500
US1TXAS0006,20130808,PRCP,0,,,N,0500
US1TXAS0006,20130809,PRCP,0,,,N,0500
US1TXAS0006,20130810,PRCP,0,,,N,0700
US1TXAS0006,20130811,PRCP,0,T,,N,0700
US1TXAS0006,20130812,PRCP,0,,,N,0500
US1TXAS0006,20130813,PRCP,0,,,N,0500
US1TXAS0006,20130814,PRCP,0,,,N,0500
US1TXAS0006,20130815,PRCP,0,T,,N,0500
US1TXAS0006,20130816,PRCP,8,,,N,0500
US1TXAS0006,20130817,PRCP,0,T,,N,0700
US1TXAS0006,20130818,PRCP,0,,,N,0700
US1TXAS0006,20130819,PRCP,0,,,N,0500
US1TXAS0006,20130820,PRCP,0,,,N,0500
US1TXAS0006,20130821,PRCP,0,,,N,0500
US1TXAS0006,20130822,PRCP,3,,,N,0500
US1TXAS0006,20130823,PRCP,0,,,N,0500
US1TXAS0006,20130824,PRCP,0,,,N,0700
US1TXAS0006,20130825,PRCP,0,,,N,0700
US1TXAS0006,20130826,PRCP,3,,,N,0500
US1TXAS0006,20130827,PRCP,173,,,N,0500
US1TXAS0006,20130828,PRCP,8,,,N,0500
US1TXAS0006,20130829,PRCP,0,,,N,0500
US1TXAS0006,20130830,PRCP,0,,,N,0500
US1TXAS0006,20130831,PRCP,0,,,N,0700
US1TXAS0006,20130801,SNOW,0,,,N,0500
US1TXAS0006,20130802,SNOW,0,,,N,0700
US1TXAS0006,20130803,SNOW,0,,,N,0700
US1TXAS0006,20130804,SNOW,0,,,N,0700
US1TXAS0006,20130805,SNOW,0,,,N,0500
US1TXAS0006,20130806,SNOW,0,,,N,0500
US1TXAS0006,20130807,SNOW,0,,,N,0500
US1TXAS0006,20130808,SNOW,0,,,N,0500
US1TXAS0006,20130809,SNOW,0,,,N,0500
US1TXAS0006,20130810,SNOW,0,,,N,0700
US1TXAS0006,20130811,SNOW,0,,,N,0700
US1TXAS0006,20130812,SNOW,0,,,N,0500
US1TXAS0006,20130813,SNOW,0,,,N,0500
US1TXAS0006,20130814,SNOW,0,,,N,0500
US1TXAS0006,20130815,SNOW,0,,,N,0500
US1TXAS0006,20130816,SNOW,0,,,N,0500
US1TXAS0006,20130817,SNOW,0,,,N,0700
US1TXAS0006,20130818,SNOW,0,,,N,0700
US1TXAS0006,20130819,SNOW,0,,,N,0500
US1TXAS0006,20130820,SNOW,0,,,N,0500
US1TXAS0006,20130821,SNOW,0,,,N,0500
US1TXAS0006,20130822,SNOW,0,,,N,0500
US1TXAS0006,20130823,SNOW,0,,,N,0500
US1TXAS0006,20130824,SNOW,0,,,N,0700
US1TXAS0006,20130825,SNOW,0,,,N,0700
US1TXAS0006,20130826,SNOW,0,,,N,0500
US1TXAS0006,20130827,SNOW,0,,,N,0500
US1TXAS0006,20130828,SNOW,0,,,N,0500
US1TXAS0006,20130829,SNOW,0,,,N,0500
US1TXAS0006,20130830,SNOW,0,,,N,0500
US1TXAS0006,20130831,SNOW,0,,,N,0700
US1TXAS0006,20130901,PRCP,0,,,N,0700
US1TXAS0006,20130902,PRCP,0,,,N,0700
US1TXAS0006,20130903,PRCP,0,,,N,0700
US1TXAS0006,20130904,PRCP,8,,,N,0500
US1TXAS0006,20130905,PRCP,0,,,N,0500
US1TXAS0006,20130906,PRCP,269,,,N,0500
US1TXAS0006,20130907,PRCP,0,,,N,0700
US1TXAS0006,20130908,PRCP,163,,,N,0700
US1TXAS0006,20130909,PRCP,10,,,N,0500
US1TXAS0006,20130910,PRCP,10,,,N,0500
US1TXAS0006,20130911,PRCP,0,,,N,0700
US1TXAS0006,20130912,PRCP,0,,,N,0500
US1TXAS0006,20130913,PRCP,0,,,N,0500
US1TXAS0006,20130914,PRCP,0,,,N,0700
US1TXAS0006,20130915,PRCP,0,,,N,0700
US1TXAS0006,20130916,PRCP,0,,,N,0700
US1TXAS0006,20130917,PRCP,0,,,N,0700
US1TXAS0006,20130918,PRCP,0,,,N,0700
US1TXAS0006,20130919,PRCP,0,,,N,0700
US1TXAS0006,20130920,PRCP,330,,,N,0700
US1TXAS0006,20130921,PRCP,574,,,N,0700
US1TXAS0006,20130922,PRCP,0,,,N,0700
US1TXAS0006,20130923,PRCP,0,,,N,0700
US1TXAS0006,20130924,PRCP,0,,,N,0700
US1TXAS0006,20130925,PRCP,0,,,N,0700
US1TXAS0006,20130926,PRCP,0,,,N,0700
US1TXAS0006,20130927,PRCP,0,,,N,0500
US1TXAS0006,20130928,PRCP,0,,,N,0700
US1TXAS0006,20130929,PRCP,58,,,N,0700
US1TXAS0006,20130930,PRCP,5,,,N,0700
US1TXAS0006,20130901,SNOW,0,,,N,0700
US1TXAS0006,20130902,SNOW,0,,,N,0700
US1TXAS0006,20130903,SNOW,0,,,N,0700
US1TXAS0006,20130904,SNOW,0,,,N,0500
US1TXAS0006,20130905,SNOW,0,,,N,0500
US1TXAS0006,20130906,SNOW,0,,,N,0500
US1TXAS0006,20130907,SNOW,0,,,N,0700
US1TXAS0006,20130908,SNOW,0,,,N,0700
US1TXAS0006,20130909,SNOW,0,,,N,0500
US1TXAS0006,20130910,SNOW,0,,,N,0500
US1TXAS0006,20130911,SNOW,0,,,N,0700
US1TXAS0006,20130912,SNOW,0,,,N,0500
US1TXAS0006,20130913,SNOW,0,,,N,0500
US1TXAS0006,20130914,SNOW,0,,,N,0700
US1TXAS0006,20130915,SNOW,0,,,N,0700
US1TXAS0006,20130916,SNOW,0,,,N,0700
US1TXAS0006,20130917,SNOW,0,,,N,0700
US1TXAS0006,20130918,SNOW,0,,,N,0700
US1TXAS0006,20130919,SNOW,0,,,N,0700
US1TXAS0006,20130920,SNOW,0,,,N,0700
US1TXAS0006,20130921,SNOW,0,,,N,0700
US1TXAS0006,20130922,SNOW,0,,,N,0700
US1TXAS0006,20130923,SNOW,0,,,N,0700
US1TXAS0006,20130924,SNOW,0,,,N,0700
US1TXAS0006,20130925,SNOW,0,,,N,0700
US1TXAS0006,20130926,SNOW,0,,,N,0700
US1TXAS0006,20130927,SNOW,0,,,N,0500
US1TXAS0006,20130928,SNOW,0,,,N,0700
US1TXAS0006,20130929,SNOW,0,,,N,0700
US1TXAS0006,20130930,SNOW,0,,,N,0700
US1TXAS0006,20131001,PRCP,0,,,N,0700
US1TXAS0006,20131002,PRCP,3,,,N,0700
US1TXAS0006,20131003,PRCP,0,T,,N,0700
US1TXAS0006,20131004,PRCP,0,,,N,0700
US1TXAS0006,20131005,PRCP,0,,,N,0700
US1TXAS0006,20131006,PRCP,13,,,N,0700
US1TXAS0006,20131007,PRCP,84,,,N,0700
US1TXAS0006,20131008,PRCP,0,,,N,0700
US1TXAS0006,20131009,PRCP,0,,,N,0700
US1TXAS0006,20131010,PRCP,0,,,N,0700
US1TXAS0006,20131011,PRCP,0,,,N,0700
US1TXAS0006,20131012,PRCP,0,T,,N,0700
US1TXAS0006,20131013,PRCP,394,,,N,0700
US1TXAS0006,20131014,PRCP,947,,,N,0700
US1TXAS0006,20131015,PRCP,0,,,N,0700
US1TXAS0006,20131016,PRCP,0,,,N,0700
US1TXAS0006,20131017,PRCP,124,,,N,0700
US1TXAS0006,20131018,PRCP,0,,,N,0700
US1TXAS0006,20131019,PRCP,739,,,N,0700
US1TXAS0006,20131020,PRCP,0,,,N,0700
US1TXAS0006,20131021,PRCP,0,,,N,0700
US1TXAS0006,20131022,PRCP,0,,,N,0700
US1TXAS0006,20131023,PRCP,0,,,N,0700
US1TXAS0006,20131024,PRCP,0,,,N,0700
US1TXAS0006,20131025,PRCP,0,,,N,0700
US1TXAS0006,20131026,PRCP,0,,,N,0700
US1TXAS0006,20131027,PRCP,183,,,N,0700
US1TXAS0006,20131028,PRCP,173,,,N,0700
US1TXAS0006,20131029,PRCP,0,,,N,0700
US1TXAS0006,20131030,PRCP,51,,,N,0700
US1TXAS0006,20131031,PRCP,467,,,N,0700
US1TXAS0006,20131001,SNOW,0,,,N,0700
US1TXAS0006,20131002,SNOW,0,,,N,0700
US1TXAS0006,20131003,SNOW,0,,,N,0700
US1TXAS0006,20131004,SNOW,0,,,N,0700
US1TXAS0006,20131005,SNOW,0,,,N,0700
US1TXAS0006,20131006,SNOW,0,,,N,0700
US1TXAS0006,20131007,SNOW,0,,,N,0700
US1TXAS0006,20131008,SNOW,0,,,N,0700
US1TXAS0006,20131009,SNOW,0,,,N,0700
US1TXAS0006,20131010,SNOW,0,,,N,0700
US1TXAS0006,20131011,SNOW,0,,,N,0700
US1TXAS0006,20131012,SNOW,0,,,N,0700
US1TXAS0006,20131013,SNOW,0,,,N,0700
US1TXAS0006,20131014,SNOW,0,,,N,0700
US1TXAS0006,20131015,SNOW,0,,,N,0700
US1TXAS0006,20131016,SNOW,0,,,N,0700
US1TXAS0006,20131017,SNOW,0,,,N,0700
US1TXAS0006,20131018,SNOW,0,,,N,0700
US1TXAS0006,20131019,SNOW,0,,,N,0700
US1TXAS0006,20131020,SNOW,0,,,N,0700
US1TXAS0006,20131021,SNOW,0,,,N,0700
US1TXAS0006,20131022,SNOW,0,,,N,0700
US1TXAS0006,20131023,SNOW,0,,,N,0700
US1TXAS0006,20131024,SNOW,0,,,N,0700
US1TXAS0006,20131025,SNOW,0,,,N,0700
US1TXAS0006,20131026,SNOW,0,,,N,0700
US1TXAS0006,20131027,SNOW,0,,,N,0700
US1TXAS0006,20131028,SNOW,0,,,N,0700
US1TXAS0006,20131029,SNOW,0,,,N,0700
US1TXAS0006,20131030,SNOW,0,,,N,0700
US1TXAS0006,20131031,SNOW,0,,,N,0700
US1TXAS0006,20131101,PRCP,378,,,N,0700
US1TXAS0006,20131102,PRCP,0,,,N,0700
US1TXAS0006,20131103,PRCP,0,,,N,0700
US1TXAS0006,20131104,PRCP,0,,,N,0700
US1TXAS0006,20131105,PRCP,335,,,N,0700
US1TXAS0006,20131106,PRCP,124,,,N,0700
US1TXAS0006,20131107,PRCP,0,,,N,0700
US1TXAS0006,20131108,PRCP,0,,,N,0700
US1TXAS0006,20131109,PRCP,0,,,N,0700
US1TXAS0006,20131110,PRCP,0,T,,N,0700
US1TXAS0006,20131111,PRCP,0,,,N,0600
US1TXAS0006,20131112,PRCP,0,,,N,0600
US1TXAS0006,20131113,PRCP,0,,,N,0700
US1TXAS0006,20131114,PRCP,0,,,N,0700
US1TXAS0006,20131115,PRCP,3,,,N,0700
US1TXAS0006,20131116,PRCP,0,,,N,0700
US1TXAS0006,20131117,PRCP,0,T,,N,0700
US1TXAS0006,20131118,PRCP,3,,,N,0700
US1TXAS0006,20131119,PRCP,0,,,N,0700
US1TXAS0006,20131120,PRCP,0,,,N,0700
US1TXAS0006,20131121,PRCP,18,,,N,0700
US1TXAS0006,20131122,PRCP,521,,,N,0700
US1TXAS0006,20131123,PRCP,15,,,N,0700
US1TXAS0006,20131124,PRCP,28,,,N,0700
US1TXAS0006,20131125,PRCP,91,,,N,0700
US1TXAS0006,20131126,PRCP,168,,,N,0700
US1TXAS0006,20131127,PRCP,3,,,N,0700
US1TXAS0006,20131128,PRCP,0,,,N,0700
US1TXAS0006,20131129,PRCP,0,,,N,0700
US1TXAS0006,20131130,PRCP,0,,,N,0700
US1TXAS0006,20131101,SNOW,0,,,N,0700
US1TXAS0006,20131102,SNOW,0,,,N,0700
US1TXAS0006,20131103,SNOW,0,,,N,0700
US1TXAS0006,20131104,SNOW,0,,,N,0700
US1TXAS0006,20131105,SNOW,0,,,N,0700
US1TXAS0006,20131106,SNOW,0,,,N,0700
US1TXAS0006,20131107,SNOW,0,,,N,0700
US1TXAS0006,20131108,SNOW,0,,,N,0700
US1TXAS0006,20131109,SNOW,0,,,N,0700
US1TXAS0006,20131110,SNOW,0,,,N,0700
US1TXAS0006,20131111,SNOW,0,,,N,0600
US1TXAS0006,20131112,SNOW,0,,,N,0600
US1TXAS0006,20131113,SNOW,0,,,N,0700
US1TXAS0006,20131114,SNOW,0,,,N,0700
US1TXAS0006,20131115,SNOW,0,,,N,0700
US1TXAS0006,20131116,SNOW,0,,,N,0700
US1TXAS0006,20131117,SNOW,0,,,N,0700
US1TXAS0006,20131118,SNOW,0,,,N,0700
US1TXAS0006,20131119,SNOW,0,,,N,0700
US1TXAS0006,20131120,SNOW,0,,,N,0700
US1TXAS0006,20131121,SNOW,0,,,N,0700
US1TXAS0006,20131122,SNOW,0,,,N,0700
US1TXAS0006,20131123,SNOW,0,,,N,0700
US1TXAS0006,20131124,SNOW,0,,,N,0700
US1TXAS0006,20131125,SNOW,0,,,N,0700
US1TXAS0006,20131126,SNOW,0,,,N,0700
US1TXAS0006,20131127,SNOW,0,,,N,0700
US1TXAS0006,20131128,SNOW,0,,,N,0700
US1TXAS0006,20131129,SNOW,0,,,N,0700
US1TXAS0006,20131130,SNOW,0,,,N,0700
US1TXAS0006,20131201,PRCP,0,,,N,0700
US1TXAS0006,20131202,PRCP,0,,,N,0700
US1TXAS0006,20131203,PRCP,0,T,,N,0700
US1TXAS0006,20131204,PRCP,0,,,N,0700
US1TXAS0006,20131205,PRCP,0,,,N,0700
US1TXAS0006,20131206,PRCP,8,,,N,0700
US1TXAS0006,20131207,PRCP,3,,,N,0700
US1TXAS0006,20131208,PRCP,10,,,N,0700
US1TXAS0006,20131209,PRCP,5,,,N,0700
US1TXAS0006,20131210,PRCP,23,,,N,0700
US1TXAS0006,20131211,PRCP,0,,,N,0700
US1TXAS0006,20131212,PRCP,0,,,N,0700
US1TXAS0006,20131213,PRCP,0,,,N,0700
US1TXAS0006,20131214,PRCP,3,,,N,0700
US1TXAS0006,20131215,PRCP,0,,,N,0700
US1TXAS0006,20131216,PRCP,0,,,N,0700
US1TXAS0006,20131217,PRCP,0,,,N,0700
US1TXAS0006,20131218,PRCP,0,,,N,0700
US1TXAS0006,20131219,PRCP,0,,,N,0700
US1TXAS0006,20131220,PRCP,10,,,N,0700
US1TXAS0006,20131221,PRCP,18,,,N,0700
US1TXAS0006,20131222,PRCP,58,,,N,0700
US1TXAS0006,20131223,PRCP,0,,,N,0700
US1TXAS0006,20131224,PRCP,0,,,N,0700
US1TXAS0006,20131225,PRCP,0,,,N,0700
US1TXAS0006,20131226,PRCP,10,,,N,0700
US1TXAS0006,20131227,PRCP,0,T,,N,0700
US1TXAS0006,20131228,PRCP,0,,,N,0700
US1TXAS0006,20131229,PRCP,0,,,N,0700
US1TXAS0006,20131230,PRCP,0,,,N,0700
US1TXAS0006,20131231,PRCP,0,,,N,0700
US1TXAS0006,20131201,SNOW,0,,,N,0700
US1TXAS0006,20131202,SNOW,0,,,N,0700
US1TXAS0006,20131203,SNOW,0,,,N,0700
US1TXAS0006,20131204,SNOW,0,,,N,0700
US1TXAS0006,20131205,SNOW,0,,,N,0700
US1TXAS0006,20131206,SNOW,0,,,N,0700
US1TXAS0006,20131207,SNOW,0,,,N,0700
US1TXAS0006,20131208,SNOW,0,,,N,0700
US1TXAS0006,20131209,SNOW,0,,,N,0700
US1TXAS0006,20131210,SNOW,0,,,N,0700
US1TXAS0006,20131211,SNOW,0,,,N,0700
US1TXAS0006,20131212,SNOW,0,,,N,0700
US1TXAS0006,20131213,SNOW,0,,,N,0700
US1TXAS0006,20131214,SNOW,0,,,N,0700
US1TXAS0006,20131215,SNOW,0,,,N,0700
US1TXAS0006,20131216,SNOW,0,,,N,0700
US1TXAS0006,20131217,SNOW,0,,,N,0700
US1TXAS0006,20131218,SNOW,0,,,N,0700
US1TXAS0006,20131219,SNOW,0,,,N,0700
US1TXAS0006,20131220,SNOW,0,,,N,0700
US1TXAS0006,20131221,SNOW,0,,,N,0700
US1TXAS0006,20131222,SNOW,0,,,N,0700
US1TXAS0006,20131223,SNOW,0,,,N,0700
US1TXAS0006,20131224,SNOW,0,,,N,0700
US1TXAS0006,20131225,SNOW,0,,,N,0700
US1TXAS0006,20131226,SNOW,0,,,N,0700
US1TXAS0006,20131227,SNOW,0,,,N,0700
US1TXAS0006,20131228,SNOW,0,,,N,0700
US1TXAS0006,20131229,SNOW,0,,,N,0700
US1TXAS0006,20131230,SNOW,0,,,N,0700
US1TXAS0006,20131231,SNOW,0,,,N,0700
US1TXAS0006,20131201,SNWD,0,,,N,0700
US1TXAS0006,20131202,SNWD,0,,,N,0700
US1TXAS0006,20131203,SNWD,0,,,N,0700
US1TXAS0006,20131204,SNWD,0,,,N,0700
US1TXAS0006,20131205,SNWD,0,,,N,0700
US1TXAS0006,20131206,SNWD,0,,,N,0700
US1TXAS0006,20131207,SNWD,0,,,N,0700
US1TXAS0006,20131208,SNWD,0,,,N,0700
US1TXAS0006,20131209,SNWD,0,,,N,0700
US1TXAS0006,20131210,SNWD,0,,,N,0700
US1TXAS0006,20131211,SNWD,0,,,N,0700
US1TXAS0006,20131212,SNWD,0,,,N,0700
US1TXAS0006,20131213,SNWD,0,,,N,0700
US1TXAS0006,20131214,SNWD,0,,,N,0700
US1TXAS0006,20131215,SNWD,0,,,N,0700
US1TXAS0006,20131216,SNWD,0,,,N,0700
US1TXAS0006,20131217,SNWD,0,,,N,0700
US1TXAS0006,20131218,SNWD,0,,,N,0700
US1TXAS0006,20131219,SNWD,0,,,N,0700
US1TXAS0006,20131220,SNWD,0,,,N,0700
US1TXAS0006,20131221,SNWD,0,,,N,0700
US1TXAS0006,20131222,SNWD,0,,,N,0700
US1TXAS0006,20131223,SNWD,0,,,N,0700
US1TXAS0006,20131224,SNWD,0,,,N,0700
US1TXAS0006,20131225,SNWD,0,,,N,0700
US1TXAS0006,20131226,SNWD,0,,,N,0700
US1TXAS0006,20131227,SNWD,0,,,N,0700
US1TXAS0006,20131228,SNWD,0,,,N,0700
US1TXAS0006,20131229,SNWD,0,,,N,0700
US1TXAS0006,20131230,SNWD,0,,,N,0700
US1TXAS0006,20131231,SNWD,0,,,N,0700
US1TXAS0006,20131201,WESD,0,,,N,0700
US1TXAS0006,20131202,WESD,0,,,N,0700
US1TXAS0006,20131203,WESD,0,,,N,0700
US1TXAS0006,20131204,WESD,0,,,N,0700
US1TXAS0006,20131205,WESD,0,,,N,0700
US1TXAS0006,20131206,WESD,0,,,N,0700
US1TXAS0006,20131207,WESD,0,,,N,0700
US1TXAS0006,20131208,WESD,0,,,N,0700
US1TXAS0006,20131209,WESD,0,,,N,0700
US1TXAS0006,20131210,WESD,0,,,N,0700
US1TXAS0006,20131211,WESD,0,,,N,0700
US1TXAS0006,20131212,WESD,0,,,N,0700
US1TXAS0006,20131213,WESD,0,,,N,0700
US1TXAS0006,20131214,WESD,0,,,N,0700
US1TXAS0006,20131215,WESD,0,,,N,0700
US1TXAS0006,20131216,WESD,0,,,N,0700
US1TXAS0006,20131217,WESD,0,,,N,0700
US1TXAS0006,20131218,WESD,0,,,N,0700
US1TXAS0006,20131219,WESD,0,,,N,0700
US1TXAS0006,20131220,WESD,0,,,N,0700
US1TXAS0006,20131221,WESD,0,,,N,0700
US1TXAS0006,20131222,WESD,0,,,N,0700
US1TXAS0006,20131223,WESD,0,,,N,0700
US1TXAS0006,20131224,WESD,0,,,N,0700
US1TXAS0006,20131225,WESD,0,,,N,0700
US1TXAS0006,20131226,WESD,0,,,N,0700
US1TXAS0006,20131227,WESD,0,,,N,0700
US1TXAS0006,20131228,WESD,0,,,N,0700
US1TXAS0006,20131229,WESD,0,,,N,0700
US1TXAS0006,20131230,WESD,0,,,N,0700
US1TXAS0006,20131231,WESD,0,,,N,0700
US1TXAS0006,20131201,WESF,0,,,N,0700
US1TXAS0006,20131202,WESF,0,,,N,0700
US1TXAS0006,20131203,WESF,0,,,N,0700
US1TXAS0006,20131204,WESF,0,,,N,0700
US1TXAS0006,20131205,WESF,0,,,N,0700
US1TXAS0006,20131206,WESF,0,,,N,0700
US1TXAS0006,20131207,WESF,0,,,N,0700
US1TXAS0006,20131208,WESF,0,,,N,0700
US1TXAS0006,20131209,WESF,0,,,N,0700
US1TXAS0006,20131210,WESF,0,,,N,0700
US1TXAS0006,20131211,WESF,0,,,N,0700
US1TXAS0006,20131212,WESF,0,,,N,0700
US1TXAS0006,20131213,WESF,0,,,N,0700
US1TXAS0006,20131214,WESF,0,,,N,0700
US1TXAS0006,20131215,WESF,0,,,N,0700
US1TXAS0006,20131216,WESF,0,,,N,0700
US1TXAS0006,20131217,WESF,0,,,N,0700
US1TXAS0006,20131218,WESF,0,,,N,0700
US1TXAS0006,20131219,WESF,0,,,N,0700
US1TXAS0006,20131220,WESF,0,,,N,0700
US1TXAS0006,20131221,WESF,0,,,N,0700
US1TXAS0006,20131222,WESF,0,,,N,0700
US1TXAS0006,20131223,WESF,0,,,N,0700
US1TXAS0006,20131224,WESF,0,,,N,0700
US1TXAS0006,20131225,WESF,0,,,N,0700
US1TXAS0006,20131226,WESF,0,,,N,0700
US1TXAS0006,20131227,WESF,0,,,N,0700
US1TXAS0006,20131228,WESF,0,,,N,0700
US1TXAS0006,20131229,WESF,0,,,N,0700
US1TXAS0006,20131230,WESF,0,,,N,0700
US1TXAS0006,20131231,WESF,0,,,N,0700
US1TXAS0006,20140101,PRCP,0,,,N,0700
US1TXAS0006,20140102,PRCP,0,T,,N,0700
US1TXAS0006,20140103,PRCP,0,,,N,0700
US1TXAS0006,20140104,PRCP,0,,,N,0700
US1TXAS0006,20140105,PRCP,0,,,N,0700
US1TXAS0006,20140106,PRCP,0,,,N,0700
US1TXAS0006,20140107,PRCP,0,,,N,0700
US1TXAS0006,20140108,PRCP,0,,,N,0700
US1TXAS0006,20140109,PRCP,160,,,N,0700
US1TXAS0006,20140110,PRCP,307,,,N,0700
US1TXAS0006,20140111,PRCP,10,,,N,0700
US1TXAS0006,20140112,PRCP,0,,,N,0700
US1TXAS0006,20140113,PRCP,0,T,,N,0700
US1TXAS0006,20140114,PRCP,0,,,N,0700
US1TXAS0006,20140115,PRCP,0,,,N,0700
US1TXAS0006,20140116,PRCP,0,,,N,0700
US1TXAS0006,20140117,PRCP,0,,,N,0700
US1TXAS0006,20140118,PRCP,0,,,N,0700
US1TXAS0006,20140119,PRCP,0,,,N,0700
US1TXAS0006,20140120,PRCP,0,,,N,0700
US1TXAS0006,20140121,PRCP,0,,,N,0700
US1TXAS0006,20140122,PRCP,0,,,N,0700
US1TXAS0006,20140123,PRCP,0,,,N,0700
US1TXAS0006,20140124,PRCP,112,,,N,0700
US1TXAS0006,20140125,PRCP,0,,,N,0700
US1TXAS0006,20140126,PRCP,0,,,N,0700
US1TXAS0006,20140127,PRCP,3,,,N,0700
US1TXAS0006,20140128,PRCP,0,,,N,0700
US1TXAS0006,20140129,PRCP,10,,,N,0700
US1TXAS0006,20140130,PRCP,0,,,N,0700
US1TXAS0006,20140131,PRCP,0,,,N,0700
US1TXAS0006,20140101,SNOW,0,,,N,0700
US1TXAS0006,20140102,SNOW,0,,,N,0700
US1TXAS0006,20140103,SNOW,0,,,N,0700
US1TXAS0006,20140104,SNOW,0,,,N,0700
US1TXAS0006,20140105,SNOW,0,,,N,0700
US1TXAS0006,20140106,SNOW,0,,,N,0700
US1TXAS0006,20140107,SNOW,0,,,N,0700
US1TXAS0006,20140108,SNOW,0,,,N,0700
US1TXAS0006,20140109,SNOW,0,,,N,0700
US1TXAS0006,20140110,SNOW,0,,,N,0700
US1TXAS0006,20140111,SNOW,0,,,N,0700
US1TXAS0006,20140112,SNOW,0,,,N,0700
US1TXAS0006,20140113,SNOW,0,,,N,0700
US1TXAS0006,20140114,SNOW,0,,,N,0700
US1TXAS0006,20140115,SNOW,0,,,N,0700
US1TXAS0006,20140116,SNOW,0,,,N,0700
US1TXAS0006,20140117,SNOW,0,,,N,0700
US1TXAS0006,20140118,SNOW,0,,,N,0700
US1TXAS0006,20140119,SNOW,0,,,N,0700
US1TXAS0006,20140120,SNOW,0,,,N,0700
US1TXAS0006,20140121,SNOW,0,,,N,0700
US1TXAS0006,20140122,SNOW,0,,,N,0700
US1TXAS0006,20140123,SNOW,0,,,N,0700
US1TXAS0006,20140124,SNOW,0,,I,N,0700
US1TXAS0006,20140125,SNOW,0,,,N,0700
US1TXAS0006,20140126,SNOW,0,,,N,0700
US1TXAS0006,20140127,SNOW,0,,,N,0700
US1TXAS0006,20140128,SNOW,0,,,N,0700
US1TXAS0006,20140129,SNOW,0,T,I,N,0700
US1TXAS0006,20140130,SNOW,0,,,N,0700
US1TXAS0006,20140131,SNOW,0,,,N,0700
US1TXAS0006,20140101,SNWD,0,,,N,0700
US1TXAS0006,20140102,SNWD,0,,,N,0700
US1TXAS0006,20140103,SNWD,0,,,N,0700
US1TXAS0006,20140104,SNWD,0,,,N,0700
US1TXAS0006,20140105,SNWD,0,,,N,0700
US1TXAS0006,20140106,SNWD,0,,,N,0700
US1TXAS0006,20140107,SNWD,0,,,N,0700
US1TXAS0006,20140108,SNWD,0,,,N,0700
US1TXAS0006,20140109,SNWD,0,,,N,0700
US1TXAS0006,20140110,SNWD,0,,,N,0700
US1TXAS0006,20140111,SNWD,0,,,N,0700
US1TXAS0006,20140112,SNWD,0,,,N,0700
US1TXAS0006,20140113,SNWD,0,,,N,0700
US1TXAS0006,20140114,SNWD,0,,,N,0700
US1TXAS0006,20140115,SNWD,0,,,N,0700
US1TXAS0006,20140116,SNWD,0,,,N,0700
US1TXAS0006,20140117,SNWD,0,,,N,0700
US1TXAS0006,20140118,SNWD,0,,,N,0700
US1TXAS0006,20140119,SNWD,0,,,N,0700
US1TXAS0006,20140120,SNWD,0,,,N,0700
US1TXAS0006,20140121,SNWD,0,,,N,0700
US1TXAS0006,20140122,SNWD,0,,,N,0700
US1TXAS0006,20140123,SNWD,0,,,N,0700
US1TXAS0006,20140124,SNWD,0,,,N,0700
US1TXAS0006,20140125,SNWD,0,,,N,0700
US1TXAS0006,20140126,SNWD,0,,,N,0700
US1TXAS0006,20140127,SNWD,0,,,N,0700
US1TXAS0006,20140128,SNWD,0,,,N,0700
US1TXAS0006,20140129,SNWD,0,,,N,0700
US1TXAS0006,20140130,SNWD,0,,,N,0700
US1TXAS0006,20140131,SNWD,0,,,N,0700
US1TXAS0006,20140101,WESD,0,,,N,0700
US1TXAS0006,20140102,WESD,0,,,N,0700
US1TXAS0006,20140103,WESD,0,,,N,0700
US1TXAS0006,20140104,WESD,0,,,N,0700
US1TXAS0006,20140105,WESD,0,,,N,0700
US1TXAS0006,20140106,WESD,0,,,N,0700
US1TXAS0006,20140107,WESD,0,,,N,0700
US1TXAS0006,20140108,WESD,0,,,N,0700
US1TXAS0006,20140109,WESD,0,,,N,0700
US1TXAS0006,20140110,WESD,0,,,N,0700
US1TXAS0006,20140111,WESD,0,,,N,0700
US1TXAS0006,20140112,WESD,0,,,N,0700
US1TXAS0006,20140113,WESD,0,,,N,0700
US1TXAS0006,20140114,WESD,0,,,N,0700
US1TXAS0006,20140115,WESD,0,,,N,0700
US1TXAS0006,20140116,WESD,0,,,N,0700
US1TXAS0006,20140117,WESD,0,,,N,0700
US1TXAS0006,20140118,WESD,0,,,N,0700
US1TXAS0006,20140119,WESD,0,,,N,0700
US1TXAS0006,20140120,WESD,0,,,N,0700
US1TXAS0006,20140121,WESD,0,,,N,0700
US1TXAS0006,20140122,WESD,0,,,N,0700
US1TXAS0006,20140123,WESD,0,,,N,0700
US1TXAS0006,20140124,WESD,5,,,N,0700
US1TXAS0006,20140125,WESD,0,,,N,0700
US1TXAS0006,20140126,WESD,0,,,N,0700
US1TXAS0006,20140127,WESD,0,,,N,0700
US1TXAS0006,20140128,WESD,0,,,N,0700
US1TXAS0006,20140129,WESD,5,,,N,0700
US1TXAS0006,20140130,WESD,0,,,N,0700
US1TXAS0006,20140131,WESD,0,,,N,0700
US1TXAS0006,20140101,WESF,0,,,N,0700
US1TXAS0006,20140102,WESF,0,,,N,0700
US1TXAS0006,20140103,WESF,0,,,N,0700
US1TXAS0006,20140104,WESF,0,,,N,0700
US1TXAS0006,20140105,WESF,0,,,N,0700
US1TXAS0006,20140106,WESF,0,,,N,0700
US1TXAS0006,20140107,WESF,0,,,N,0700
US1TXAS0006,20140108,WESF,0,,,N,0700
US1TXAS0006,20140109,WESF,0,,,N,0700
US1TXAS0006,20140110,WESF,0,,,N,0700
US1TXAS0006,20140111,WESF,0,,,N,0700
US1TXAS0006,20140112,WESF,0,,,N,0700
US1TXAS0006,20140113,WESF,0,,,N,0700
US1TXAS0006,20140114,WESF,0,,,N,0700
US1TXAS0006,20140115,WESF,0,,,N,0700
US1TXAS0006,20140116,WESF,0,,,N,0700
US1TXAS0006,20140117,WESF,0,,,N,0700
US1TXAS0006,20140118,WESF,0,,,N,0700
US1TXAS0006,20140119,WESF,0,,,N,0700
US1TXAS0006,20140120,WESF,0,,,N,0700
US1TXAS0006,20140121,WESF,0,,,N,0700
US1TXAS0006,20140122,WESF,0,,,N,0700
US1TXAS0006,20140123,WESF,0,,,N,0700
US1TXAS0006,20140124,WESF,5,,I,N,0700
US1TXAS0006,20140125,WESF,0,,,N,0700
US1TXAS0006,20140126,WESF,0,,,N,0700
US1TXAS0006,20140127,WESF,0,,,N,0700
US1TXAS0006,20140128,WESF,0,,,N,0700
US1TXAS0006,20140129,WESF,5,,I,N,0700
US1TXAS0006,20140130,WESF,0,,,N,0700
US1TXAS0006,20140131,WESF,0,,,N,0700
US1TXAS0006,20140201,PRCP,0,,,N,0700
US1TXAS0006,20140202,PRCP,20,,,N,0700
US1TXAS0006,20140203,PRCP,53,,,N,0700
US1TXAS0006,20140204,PRCP,5,,,N,0700
US1TXAS0006,20140205,PRCP,23,,,N,0700
US1TXAS0006,20140206,PRCP,0,T,,N,0700
US1TXAS0006,20140207,PRCP,0,,,N,0700
US1TXAS0006,20140208,PRCP,0,T,,N,0700
US1TXAS0006,20140209,PRCP,0,,,N,0700
US1TXAS0006,20140210,PRCP,10,,,N,0700
US1TXAS0006,20140211,PRCP,23,,,N,0700
US1TXAS0006,20140212,PRCP,18,,,N,0700
US1TXAS0006,20140213,PRCP,0,,,N,0700
US1TXAS0006,20140214,PRCP,0,,,N,0700
US1TXAS0006,20140215,PRCP,0,,,N,0700
US1TXAS0006,20140216,PRCP,0,,,N,0700
US1TXAS0006,20140217,PRCP,0,,,N,0700
US1TXAS0006,20140218,PRCP,0,,,N,0700
US1TXAS0006,20140219,PRCP,0,,,N,0700
US1TXAS0006,20140220,PRCP,0,T,,N,0700
US1TXAS0006,20140221,PRCP,5,,,N,0700
US1TXAS0006,20140222,PRCP,0,,,N,0700
US1TXAS0006,20140223,PRCP,0,T,,N,0700
US1TXAS0006,20140224,PRCP,0,,,N,0700
US1TXAS0006,20140225,PRCP,0,,,N,0700
US1TXAS0006,20140226,PRCP,104,,,N,0700
US1TXAS0006,20140227,PRCP,36,,,N,0700
US1TXAS0006,20140228,PRCP,0,,,N,0700
US1TXAS0006,20140201,SNOW,0,,,N,0700
US1TXAS0006,20140202,SNOW,0,,,N,0700
US1TXAS0006,20140203,SNOW,0,,,N,0700
US1TXAS0006,20140204,SNOW,0,,,N,0700
US1TXAS0006,20140205,SNOW,0,,,N,0700
US1TXAS0006,20140206,SNOW,0,T,,N,0700
US1TXAS0006,20140207,SNOW,0,,,N,0700
US1TXAS0006,20140208,SNOW,0,,,N,0700
US1TXAS0006,20140209,SNOW,0,,,N,0700
US1TXAS0006,20140210,SNOW,0,,,N,0700
US1TXAS0006,20140211,SNOW,0,,,N,0700
US1TXAS0006,20140212,SNOW,0,,,N,0700
US1TXAS0006,20140213,SNOW,0,,,N,0700
US1TXAS0006,20140214,SNOW,0,,,N,0700
US1TXAS0006,20140215,SNOW,0,,,N,0700
US1TXAS0006,20140216,SNOW,0,,,N,0700
US1TXAS0006,20140217,SNOW,0,,,N,0700
US1TXAS0006,20140218,SNOW,0,,,N,0700
US1TXAS0006,20140219,SNOW,0,,,N,0700
US1TXAS0006,20140220,SNOW,0,,,N,0700
US1TXAS0006,20140221,SNOW,0,,,N,0700
US1TXAS0006,20140222,SNOW,0,,,N,0700
US1TXAS0006,20140223,SNOW,0,,,N,0700
US1TXAS0006,20140224,SNOW,0,,,N,0700
US1TXAS0006,20140225,SNOW,0,,,N,0700
US1TXAS0006,20140226,SNOW,0,,,N,0700
US1TXAS0006,20140227,SNOW,0,,,N,0700
US1TXAS0006,20140228,SNOW,0,,,N,0700
US1TXAS0006,20140201,SNWD,0,,,N,0700
US1TXAS0006,20140202,SNWD,0,,,N,0700
US1TXAS0006,20140203,SNWD,0,,,N,0700
US1TXAS0006,20140204,SNWD,0,,,N,0700
US1TXAS0006,20140205,SNWD,0,,,N,0700
US1TXAS0006,20140206,SNWD,0,T,,N,0700
US1TXAS0006,20140207,SNWD,0,,,N,0700
US1TXAS0006,20140208,SNWD,0,,,N,0700
US1TXAS0006,20140209,SNWD,0,,,N,0700
US1TXAS0006,20140210,SNWD,0,,,N,0700
US1TXAS0006,20140211,SNWD,0,,,N,0700
US1TXAS0006,20140212,SNWD,0,,,N,0700
US1TXAS0006,20140213,SNWD,0,,,N,0700
US1TXAS0006,20140214,SNWD,0,,,N,0700
US1TXAS0006,20140215,SNWD,0,,,N,0700
US1TXAS0006,20140216,SNWD,0,,,N,0700
US1TXAS0006,20140217,SNWD,0,,,N,0700
US1TXAS0006,20140218,SNWD,0,,,N,0700
US1TXAS0006,20140219,SNWD,0,,,N,0700
US1TXAS0006,20140220,SNWD,0,,,N,0700
US1TXAS0006,20140221,SNWD,0,,,N,0700
US1TXAS0006,20140222,SNWD,0,,,N,0700
US1TXAS0006,20140223,SNWD,0,,,N,0700
US1TXAS0006,20140224,SNWD,0,,,N,0700
US1TXAS0006,20140225,SNWD,0,,,N,0700
US1TXAS0006,20140226,SNWD,0,,,N,0700
US1TXAS0006,20140227,SNWD,0,,,N,0700
US1TXAS0006,20140228,SNWD,0,,,N,0700
US1TXAS0006,20140201,WESD,0,,,N,0700
US1TXAS0006,20140202,WESD,0,,,N,0700
US1TXAS0006,20140203,WESD,0,,,N,0700
US1TXAS0006,20140204,WESD,0,,,N,0700
US1TXAS0006,20140205,WESD,0,,,N,0700
US1TXAS0006,20140206,WESD,0,T,,N,0700
US1TXAS0006,20140207,WESD,0,,,N,0700
US1TXAS0006,20140208,WESD,0,,,N,0700
US1TXAS0006,20140209,WESD,0,,,N,0700
US1TXAS0006,20140210,WESD,0,,,N,0700
US1TXAS0006,20140211,WESD,0,,,N,0700
US1TXAS0006,20140212,WESD,0,,,N,0700
US1TXAS0006,20140213,WESD,0,,,N,0700
US1TXAS0006,20140214,WESD,0,,,N,0700
US1TXAS0006,20140215,WESD,0,,,N,0700
US1TXAS0006,20140216,WESD,0,,,N,0700
US1TXAS0006,20140217,WESD,0,,,N,0700
US1TXAS0006,20140218,WESD,0,,,N,0700
US1TXAS0006,20140219,WESD,0,,,N,0700
US1TXAS0006,20140220,WESD,0,,,N,0700
US1TXAS0006,20140221,WESD,0,,,N,0700
US1TXAS0006,20140222,WESD,0,,,N,0700
US1TXAS0006,20140223,WESD,0,,,N,0700
US1TXAS0006,20140224,WESD,0,,,N,0700
US1TXAS0006,20140225,WESD,0,,,N,0700
US1TXAS0006,20140226,WESD,0,,,N,0700
US1TXAS0006,20140227,WESD,0,,,N,0700
US1TXAS0006,20140228,WESD,0,,,N,0700
US1TXAS0006,20140201,WESF,0,,,N,0700
US1TXAS0006,20140202,WESF,0,,,N,0700
US1TXAS0006,20140203,WESF,0,,,N,0700
US1TXAS0006,20140204,WESF,0,,,N,0700
US1TXAS0006,20140205,WESF,0,,,N,0700
US1TXAS0006,20140206,WESF,0,T,,N,0700
US1TXAS0006,20140207,WESF,0,,,N,0700
US1TXAS0006,20140208,WESF,0,,,N,0700
US1TXAS0006,20140209,WESF,0,,,N,0700
US1TXAS0006,20140210,WESF,0,,,N,0700
US1TXAS0006,20140211,WESF,0,,,N,0700
US1TXAS0006,20140212,WESF,0,,,N,0700
US1TXAS0006,20140213,WESF,0,,,N,0700
US1TXAS0006,20140214,WESF,0,,,N,0700
US1TXAS0006,20140215,WESF,0,,,N,0700
US1TXAS0006,20140216,WESF,0,,,N,0700
US1TXAS0006,20140217,WESF,0,,,N,0700
US1TXAS0006,20140218,WESF,0,,,N,0700
US1TXAS0006,20140219,WESF,0,,,N,0700
US1TXAS0006,20140220,WESF,0,,,N,0700
US1TXAS0006,20140221,WESF,0,,,N,0700
US1TXAS0006,20140222,WESF,0,,,N,0700
US1TXAS0006,20140223,WESF,0,,,N,0700
US1TXAS0006,20140224,WESF,0,,,N,0700
US1TXAS0006,20140225,WESF,0,,,N,0700
US1TXAS0006,20140226,WESF,0,,,N,0700
US1TXAS0006,20140227,WESF,0,,,N,0700
US1TXAS0006,20140228,WESF,0,,,N,0700
US1TXAS0006,20140301,PRCP,0,T,,N,0700
US1TXAS0006,20140302,PRCP,0,,,N,0700
US1TXAS0006,20140303,PRCP,13,,,N,0700
US1TXAS0006,20140304,PRCP,236,,,N,0700
US1TXAS0006,20140305,PRCP,107,,,N,0700
US1TXAS0006,20140306,PRCP,5,,,N,0700
US1TXAS0006,20140307,PRCP,0,,,N,0700
US1TXAS0006,20140308,PRCP,0,,,N,0700
US1TXAS0006,20140309,PRCP,439,,,N,0700
US1TXAS0006,20140310,PRCP,0,,,N,0700
US1TXAS0006,20140311,PRCP,0,,,N,0700
US1TXAS0006,20140312,PRCP,0,,,N,0700
US1TXAS0006,20140313,PRCP,0,,,N,0700
US1TXAS0006,20140314,PRCP,0,,,N,0700
US1TXAS0006,20140315,PRCP,0,T,,N,0700
US1TXAS0006,20140316,PRCP,180,,,N,0700
US1TXAS0006,20140317,PRCP,8,,,N,0700
US1TXAS0006,20140318,PRCP,0,,,N,0700
US1TXAS0006,20140319,PRCP,0,T,,N,0700
US1TXAS0006,20140320,PRCP,0,,,N,0700
US1TXAS0006,20140321,PRCP,0,,,N,0700
US1TXAS0006,20140322,PRCP,0,,,N,0700
US1TXAS0006,20140323,PRCP,0,,,N,0700
US1TXAS0006,20140324,PRCP,5,,,N,0700
US1TXAS0006,20140325,PRCP,0,T,,N,0700
US1TXAS0006,20140326,PRCP,0,,,N,0700
US1TXAS0006,20140327,PRCP,109,,,N,0700
US1TXAS0006,20140328,PRCP,3,,,N,0700
US1TXAS0006,20140329,PRCP,64,,,N,0700
US1TXAS0006,20140330,PRCP,0,,,N,0700
US1TXAS0006,20140331,PRCP,0,,,N,0700
US1TXAS0006,20140301,SNOW,0,,,N,0700
US1TXAS0006,20140302,SNOW,0,,,N,0700
US1TXAS0006,20140303,SNOW,0,,,N,0700
US1TXAS0006,20140304,SNOW,0,,,N,0700
US1TXAS0006,20140305,SNOW,0,,,N,0700
US1TXAS0006,20140306,SNOW,0,,,N,0700
US1TXAS0006,20140307,SNOW,0,,,N,0700
US1TXAS0006,20140308,SNOW,0,,,N,0700
US1TXAS0006,20140309,SNOW,0,,,N,0700
US1TXAS0006,20140310,SNOW,0,,,N,0700
US1TXAS0006,20140311,SNOW,0,,,N,0700
US1TXAS0006,20140312,SNOW,0,,,N,0700
US1TXAS0006,20140313,SNOW,0,,,N,0700
US1TXAS0006,20140314,SNOW,0,,,N,0700
US1TXAS0006,20140315,SNOW,0,,,N,0700
US1TXAS0006,20140317,SNOW,0,,,N,0700
US1TXAS0006,20140318,SNOW,0,,,N,0700
US1TXAS0006,20140319,SNOW,0,,,N,0700
US1TXAS0006,20140320,SNOW,0,,,N,0700
US1TXAS0006,20140321,SNOW,0,,,N,0700
US1TXAS0006,20140322,SNOW,0,,,N,0700
US1TXAS0006,20140323,SNOW,0,,,N,0700
US1TXAS0006,20140324,SNOW,0,,,N,0700
US1TXAS0006,20140325,SNOW,0,,,N,0700
US1TXAS0006,20140326,SNOW,0,,,N,0700
US1TXAS0006,20140327,SNOW,0,,,N,0700
US1TXAS0006,20140328,SNOW,0,,,N,0700
US1TXAS0006,20140329,SNOW,0,,,N,0700
US1TXAS0006,20140330,SNOW,0,,,N,0700
US1TXAS0006,20140331,SNOW,0,,,N,0700
US1TXAS0006,20140301,SNWD,0,,,N,0700
US1TXAS0006,20140304,SNWD,13,,,N,0700
US1TXAS0006,20140301,WESD,0,,,N,0700
US1TXAS0006,20140304,WESD,71,,,N,0700
US1TXAS0006,20140301,WESF,0,,,N,0700
US1TXAS0006,20140304,WESF,0,,,N,0700
US1TXAS0006,20140401,PRCP,0,,,N,0700
US1TXAS0006,20140402,PRCP,0,,,N,0700
US1TXAS0006,20140403,PRCP,0,T,,N,0700
US1TXAS0006,20140404,PRCP,0,T,,N,0700
US1TXAS0006,20140405,PRCP,0,,,N,0700
US1TXAS0006,20140406,PRCP,3,,,N,0700
US1TXAS0006,20140407,PRCP,25,,,N,0700
US1TXAS0006,20140408,PRCP,30,,,N,0700
US1TXAS0006,20140409,PRCP,0,,,N,0700
US1TXAS0006,20140410,PRCP,0,,,N,0700
US1TXAS0006,20140411,PRCP,0,,,N,0700
US1TXAS0006,20140412,PRCP,0,,,N,0700
US1TXAS0006,20140413,PRCP,0,,,N,0700
US1TXAS0006,20140414,PRCP,3,,,N,0700
US1TXAS0006,20140415,PRCP,109,,,N,0700
US1TXAS0006,20140416,PRCP,0,,,N,0700
US1TXAS0006,20140417,PRCP,0,,,N,0700
US1TXAS0006,20140418,PRCP,0,,,N,0700
US1TXAS0006,20140419,PRCP,0,,,N,0700
US1TXAS0006,20140420,PRCP,0,,,N,0700
US1TXAS0006,20140421,PRCP,0,,,N,0700
US1TXAS0006,20140422,PRCP,0,,,N,0700
US1TXAS0006,20140423,PRCP,0,,,N,0700
US1TXAS0006,20140424,PRCP,0,,,N,0700
US1TXAS0006,20140425,PRCP,0,,,N,0700
US1TXAS0006,20140426,PRCP,0,,,N,0700
US1TXAS0006,20140427,PRCP,0,,,N,0700
US1TXAS0006,20140428,PRCP,0,,,N,0700
US1TXAS0006,20140429,PRCP,0,,,N,0700
US1TXAS0006,20140430,PRCP,0,,,N,0700
US1TXAS0006,20140401,SNOW,0,,,N,0700
US1TXAS0006,20140402,SNOW,0,,,N,0700
US1TXAS0006,20140403,SNOW,0,,,N,0700
US1TXAS0006,20140404,SNOW,0,,,N,0700
US1TXAS0006,20140405,SNOW,0,,,N,0700
US1TXAS0006,20140406,SNOW,0,,,N,0700
US1TXAS0006,20140407,SNOW,0,,,N,0700
US1TXAS0006,20140408,SNOW,0,,,N,0700
US1TXAS0006,20140409,SNOW,0,,,N,0700
US1TXAS0006,20140410,SNOW,0,,,N,0700
US1TXAS0006,20140411,SNOW,0,,,N,0700
US1TXAS0006,20140412,SNOW,0,,,N,0700
US1TXAS0006,20140413,SNOW,0,,,N,0700
US1TXAS0006,20140414,SNOW,0,,,N,0700
US1TXAS0006,20140415,SNOW,0,,,N,0700
US1TXAS0006,20140416,SNOW,0,,,N,0700
US1TXAS0006,20140417,SNOW,0,,,N,0700
US1TXAS0006,20140418,SNOW,0,,,N,0700
US1TXAS0006,20140419,SNOW,0,,,N,0700
US1TXAS0006,20140420,SNOW,0,,,N,0700
US1TXAS0006,20140421,SNOW,0,,,N,0700
US1TXAS0006,20140422,SNOW,0,,,N,0700
US1TXAS0006,20140423,SNOW,0,,,N,0700
US1TXAS0006,20140424,SNOW,0,,,N,0700
US1TXAS0006,20140425,SNOW,0,,,N,0700
US1TXAS0006,20140426,SNOW,0,,,N,0700
US1TXAS0006,20140427,SNOW,0,,,N,0700
US1TXAS0006,20140428,SNOW,0,,,N,0700
US1TXAS0006,20140429,SNOW,0,,,N,0700
US1TXAS0006,20140430,SNOW,0,,,N,0700
US1TXAS0006,20140501,PRCP,0,,,N,0700
US1TXAS0006,20140502,PRCP,0,,,N,0700
US1TXAS0006,20140503,PRCP,0,,,N,0700
US1TXAS0006,20140504,PRCP,0,,,N,0700
US1TXAS0006,20140505,PRCP,0,,,N,0700
US1TXAS0006,20140506,PRCP,0,,,N,0700
US1TXAS0006,20140507,PRCP,0,,,N,0700
US1TXAS0006,20140508,PRCP,0,T,,N,0700
US1TXAS0006,20140509,PRCP,5,,,N,0700
US1TXAS0006,20140510,PRCP,203,,,N,0700
US1TXAS0006,20140511,PRCP,0,,,N,0700
US1TXAS0006,20140512,PRCP,3,,,N,0700
US1TXAS0006,20140513,PRCP,792,,,N,0700
US1TXAS0006,20140514,PRCP,56,,,N,0700
US1TXAS0006,20140515,PRCP,0,,,N,0700
US1TXAS0006,20140516,PRCP,0,,,N,0700
US1TXAS0006,20140517,PRCP,0,,,N,0700
US1TXAS0006,20140518,PRCP,0,,,N,0700
US1TXAS0006,20140519,PRCP,0,,,N,0700
US1TXAS0006,20140520,PRCP,0,,,N,0700
US1TXAS0006,20140521,PRCP,0,,,N,0700
US1TXAS0006,20140522,PRCP,0,,,N,0700
US1TXAS0006,20140523,PRCP,0,,,N,0700
US1TXAS0006,20140524,PRCP,0,,,N,0700
US1TXAS0006,20140525,PRCP,0,T,,N,0700
US1TXAS0006,20140526,PRCP,0,,,N,0700
US1TXAS0006,20140527,PRCP,975,,,N,0700
US1TXAS0006,20140528,PRCP,368,,,N,0700
US1TXAS0006,20140529,PRCP,0,,,N,0700
US1TXAS0006,20140530,PRCP,0,,,N,0700
US1TXAS0006,20140531,PRCP,0,,,N,0700
US1TXAS0006,20140501,SNOW,0,,,N,0700
US1TXAS0006,20140502,SNOW,0,,,N,0700
US1TXAS0006,20140503,SNOW,0,,,N,0700
US1TXAS0006,20140504,SNOW,0,,,N,0700
US1TXAS0006,20140505,SNOW,0,,,N,0700
US1TXAS0006,20140506,SNOW,0,,,N,0700
US1TXAS0006,20140507,SNOW,0,,,N,0700
US1TXAS0006,20140508,SNOW,0,,,N,0700
US1TXAS0006,20140509,SNOW,0,,,N,0700
US1TXAS0006,20140510,SNOW,0,,,N,0700
US1TXAS0006,20140511,SNOW,0,,,N,0700
US1TXAS0006,20140512,SNOW,0,,,N,0700
US1TXAS0006,20140513,SNOW,0,,,N,0700
US1TXAS0006,20140514,SNOW,0,,,N,0700
US1TXAS0006,20140515,SNOW,0,,,N,0700
US1TXAS0006,20140516,SNOW,0,,,N,0700
US1TXAS0006,20140517,SNOW,0,,,N,0700
US1TXAS0006,20140518,SNOW,0,,,N,0700
US1TXAS0006,20140519,SNOW,0,,,N,0700
US1TXAS0006,20140520,SNOW,0,,,N,0700
US1TXAS0006,20140521,SNOW,0,,,N,0700
US1TXAS0006,20140522,SNOW,0,,,N,0700
US1TXAS0006,20140523,SNOW,0,,,N,0700
US1TXAS0006,20140524,SNOW,0,,,N,0700
US1TXAS0006,20140525,SNOW,0,,,N,0700
US1TXAS0006,20140526,SNOW,0,,,N,0700
US1TXAS0006,20140527,SNOW,0,,,N,0700
US1TXAS0006,20140528,SNOW,0,,,N,0700
US1TXAS0006,20140529,SNOW,0,,,N,0700
US1TXAS0006,20140530,SNOW,0,,,N,0700
US1TXAS0006,20140531,SNOW,0,,,N,0700
US1TXAS0006,20140601,PRCP,13,,,N,0700
US1TXAS0006,20140602,PRCP,0,T,,N,0700
US1TXAS0006,20140603,PRCP,0,,,N,0700
US1TXAS0006,20140604,PRCP,0,,,N,0700
US1TXAS0006,20140605,PRCP,0,,,N,0700
US1TXAS0006,20140606,PRCP,0,,,N,0700
US1TXAS0006,20140607,PRCP,8,,,N,0700
US1TXAS0006,20140608,PRCP,0,,,N,0700
US1TXAS0006,20140609,PRCP,0,,,N,0700
US1TXAS0006,20140610,PRCP,335,,,N,0700
US1TXAS0006,20140611,PRCP,0,,,N,0700
US1TXAS0006,20140612,PRCP,0,,,N,0700
US1TXAS0006,20140613,PRCP,8,,,N,0700
US1TXAS0006,20140614,PRCP,0,,,N,0700
US1TXAS0006,20140615,PRCP,0,,,N,0700
US1TXAS0006,20140616,PRCP,0,,,N,0700
US1TXAS0006,20140617,PRCP,0,T,,N,0700
US1TXAS0006,20140618,PRCP,0,,,N,0700
US1TXAS0006,20140619,PRCP,5,,,N,0700
US1TXAS0006,20140620,PRCP,0,,,N,0700
US1TXAS0006,20140621,PRCP,0,,,N,0700
US1TXAS0006,20140622,PRCP,0,,,N,0700
US1TXAS0006,20140623,PRCP,0,T,,N,0700
US1TXAS0006,20140624,PRCP,51,,,N,0700
US1TXAS0006,20140625,PRCP,51,,,N,0700
US1TXAS0006,20140626,PRCP,218,,,N,0700
US1TXAS0006,20140627,PRCP,0,,,N,0700
US1TXAS0006,20140628,PRCP,48,,,N,0700
US1TXAS0006,20140629,PRCP,0,,,N,0700
US1TXAS0006,20140630,PRCP,0,,,N,0700
US1TXAS0006,20140601,SNOW,0,,,N,0700
US1TXAS0006,20140602,SNOW,0,,,N,0700
US1TXAS0006,20140603,SNOW,0,,,N,0700
US1TXAS0006,20140604,SNOW,0,,,N,0700
US1TXAS0006,20140605,SNOW,0,,,N,0700
US1TXAS0006,20140606,SNOW,0,,,N,0700
US1TXAS0006,20140607,SNOW,0,,,N,0700
US1TXAS0006,20140608,SNOW,0,,,N,0700
US1TXAS0006,20140609,SNOW,0,,,N,0700
US1TXAS0006,20140610,SNOW,0,,,N,0700
US1TXAS0006,20140611,SNOW,0,,,N,0700
US1TXAS0006,20140612,SNOW,0,,,N,0700
US1TXAS0006,20140613,SNOW,0,,,N,0700
US1TXAS0006,20140614,SNOW,0,,,N,0700
US1TXAS0006,20140615,SNOW,0,,,N,0700
US1TXAS0006,20140616,SNOW,0,,,N,0700
US1TXAS0006,20140617,SNOW,0,,,N,0700
US1TXAS0006,20140618,SNOW,0,,,N,0700
US1TXAS0006,20140619,SNOW,0,,,N,0700
US1TXAS0006,20140620,SNOW,0,,,N,0700
US1TXAS0006,20140621,SNOW,0,,,N,0700
US1TXAS0006,20140622,SNOW,0,,,N,0700
US1TXAS0006,20140623,SNOW,0,,,N,0700
US1TXAS0006,20140624,SNOW,0,,,N,0700
US1TXAS0006,20140625,SNOW,0,,,N,0700
US1TXAS0006,20140626,SNOW,0,,,N,0700
US1TXAS0006,20140627,SNOW,0,,,N,0700
US1TXAS0006,20140628,SNOW,0,,,N,0700
US1TXAS0006,20140629,SNOW,0,,,N,0700
US1TXAS0006,20140630,SNOW,0,,,N,0700
US1TXAS0006,20140701,PRCP,0,,,N,0700
US1TXAS0006,20140702,PRCP,0,T,,N,0700
US1TXAS0006,20140703,PRCP,0,,,N,0700
US1TXAS0006,20140704,PRCP,0,,,N,0700
US1TXAS0006,20140705,PRCP,28,,,N,0700
US1TXAS0006,20140706,PRCP,142,,,N,0700
US1TXAS0006,20140707,PRCP,0,,,N,0700
US1TXAS0006,20140708,PRCP,0,,,N,0700
US1TXAS0006,20140709,PRCP,0,,,N,0700
US1TXAS0006,20140710,PRCP,0,,,N,0700
US1TXAS0006,20140711,PRCP,0,,,N,0700
US1TXAS0006,20140712,PRCP,0,,,N,0700
US1TXAS0006,20140713,PRCP,10,,,N,0700
US1TXAS0006,20140714,PRCP,38,,,N,0700
US1TXAS0006,20140715,PRCP,0,,,N,0700
US1TXAS0006,20140716,PRCP,0,,,N,0700
US1TXAS0006,20140717,PRCP,0,,,N,0700
US1TXAS0006,20140718,PRCP,91,,,N,0700
US1TXAS0006,20140719,PRCP,0,,,N,0600
US1TXAS0006,20140720,PRCP,0,,,N,0700
US1TXAS0006,20140721,PRCP,0,,,N,0700
US1TXAS0006,20140722,PRCP,0,,,N,0700
US1TXAS0006,20140723,PRCP,0,,,N,0700
US1TXAS0006,20140724,PRCP,0,,,N,0700
US1TXAS0006,20140725,PRCP,76,,,N,0700
US1TXAS0006,20140726,PRCP,0,,,N,0700
US1TXAS0006,20140727,PRCP,0,,,N,0700
US1TXAS0006,20140728,PRCP,0,,,N,0700
US1TXAS0006,20140729,PRCP,0,,,N,0700
US1TXAS0006,20140730,PRCP,0,,,N,0700
US1TXAS0006,20140731,PRCP,0,,,N,0700
US1TXAS0006,20140701,SNOW,0,,,N,0700
US1TXAS0006,20140702,SNOW,0,,,N,0700
US1TXAS0006,20140703,SNOW,0,,,N,0700
US1TXAS0006,20140704,SNOW,0,,,N,0700
US1TXAS0006,20140705,SNOW,0,,,N,0700
US1TXAS0006,20140706,SNOW,0,,,N,0700
US1TXAS0006,20140707,SNOW,0,,,N,0700
US1TXAS0006,20140708,SNOW,0,,,N,0700
US1TXAS0006,20140709,SNOW,0,,,N,0700
US1TXAS0006,20140710,SNOW,0,,,N,0700
US1TXAS0006,20140711,SNOW,0,,,N,0700
US1TXAS0006,20140712,SNOW,0,,,N,0700
US1TXAS0006,20140713,SNOW,0,,,N,0700
US1TXAS0006,20140714,SNOW,0,,,N,0700
US1TXAS0006,20140715,SNOW,0,,,N,0700
US1TXAS0006,20140716,SNOW,0,,,N,0700
US1TXAS0006,20140717,SNOW,0,,,N,0700
US1TXAS0006,20140718,SNOW,0,,,N,0700
US1TXAS0006,20140719,SNOW,0,,,N,0600
US1TXAS0006,20140720,SNOW,0,,,N,0700
US1TXAS0006,20140721,SNOW,0,,,N,0700
US1TXAS0006,20140722,SNOW,0,,,N,0700
US1TXAS0006,20140723,SNOW,0,,,N,0700
US1TXAS0006,20140724,SNOW,0,,,N,0700
US1TXAS0006,20140725,SNOW,0,,,N,0700
US1TXAS0006,20140726,SNOW,0,,,N,0700
US1TXAS0006,20140727,SNOW,0,,,N,0700
US1TXAS0006,20140728,SNOW,0,,,N,0700
US1TXAS0006,20140729,SNOW,0,,,N,0700
US1TXAS0006,20140730,SNOW,0,,,N,0700
US1TXAS0006,20140731,SNOW,0,,,N,0700
US1TXAS0006,20140801,PRCP,109,,,N,0700
US1TXAS0006,20140802,PRCP,0,,,N,0700
US1TXAS0006,20140803,PRCP,0,,,N,0700
US1TXAS0006,20140804,PRCP,0,,,N,0700
US1TXAS0006,20140805,PRCP,0,,,N,0700
US1TXAS0006,20140806,PRCP,0,,,N,0700
US1TXAS0006,20140807,PRCP,0,,,N,0700
US1TXAS0006,20140808,PRCP,0,,,N,0700
US1TXAS0006,20140809,PRCP,0,,,N,0700
US1TXAS0006,20140810,PRCP,0,,,N,0700
US1TXAS0006,20140811,PRCP,15,,,N,0700
US1TXAS0006,20140812,PRCP,0,T,,N,0700
US1TXAS0006,20140813,PRCP,0,,,N,0700
US1TXAS0006,20140814,PRCP,0,,,N,0700
US1TXAS0006,20140815,PRCP,0,,,N,0700
US1TXAS0006,20140816,PRCP,0,,,N,0700
US1TXAS0006,20140817,PRCP,0,,,N,0700
US1TXAS0006,20140818,PRCP,0,,,N,0700
US1TXAS0006,20140819,PRCP,5,,,N,0700
US1TXAS0006,20140820,PRCP,10,,,N,0700
US1TXAS0006,20140821,PRCP,0,,,N,0700
US1TXAS0006,20140822,PRCP,0,,,N,0700
US1TXAS0006,20140823,PRCP,0,,,N,0700
US1TXAS0006,20140824,PRCP,0,,,N,0700
US1TXAS0006,20140825,PRCP,0,,,N,0700
US1TXAS0006,20140826,PRCP,0,,,N,0700
US1TXAS0006,20140827,PRCP,0,,,N,0700
US1TXAS0006,20140828,PRCP,0,,,N,0700
US1TXAS0006,20140829,PRCP,0,,,N,0700
US1TXAS0006,20140830,PRCP,13,,,N,0700
US1TXAS0006,20140831,PRCP,0,,,N,0700
US1TXAS0006,20140801,SNOW,0,,,N,0700
US1TXAS0006,20140802,SNOW,0,,,N,0700
US1TXAS0006,20140803,SNOW,0,,,N,0700
US1TXAS0006,20140804,SNOW,0,,,N,0700
US1TXAS0006,20140805,SNOW,0,,,N,0700
US1TXAS0006,20140806,SNOW,0,,,N,0700
US1TXAS0006,20140807,SNOW,0,,,N,0700
US1TXAS0006,20140808,SNOW,0,,,N,0700
US1TXAS0006,20140809,SNOW,0,,,N,0700
US1TXAS0006,20140810,SNOW,0,,,N,0700
US1TXAS0006,20140811,SNOW,0,,,N,0700
US1TXAS0006,20140812,SNOW,0,,,N,0700
US1TXAS0006,20140813,SNOW,0,,,N,0700
US1TXAS0006,20140814,SNOW,0,,,N,0700
US1TXAS0006,20140815,SNOW,0,,,N,0700
US1TXAS0006,20140816,SNOW,0,,,N,0700
US1TXAS0006,20140817,SNOW,0,,,N,0700
US1TXAS0006,20140818,SNOW,0,,,N,0700
US1TXAS0006,20140819,SNOW,0,,,N,0700
US1TXAS0006,20140820,SNOW,0,,,N,0700
US1TXAS0006,20140821,SNOW,0,,,N,0700
US1TXAS0006,20140822,SNOW,0,,,N,0700
US1TXAS0006,20140823,SNOW,0,,,N,0700
US1TXAS0006,20140824,SNOW,0,,,N,0700
US1TXAS0006,20140825,SNOW,0,,,N,0700
US1TXAS0006,20140826,SNOW,0,,,N,0700
US1TXAS0006,20140827,SNOW,0,,,N,0700
US1TXAS0006,20140828,SNOW,0,,,N,0700
US1TXAS0006,20140829,SNOW,0,,,N,0700
US1TXAS0006,20140830,SNOW,0,,,N,0700
US1TXAS0006,20140831,SNOW,0,,,N,0700
US1TXAS0006,20140901,PRCP,0,,,N,0700
US1TXAS0006,20140902,PRCP,0,,,N,0700
US1TXAS0006,20140903,PRCP,0,T,,N,0700
US1TXAS0006,20140904,PRCP,0,,,N,0700
US1TXAS0006,20140905,PRCP,15,,,N,0700
US1TXAS0006,20140906,PRCP,0,T,,N,0700
US1TXAS0006,20140907,PRCP,48,,,N,0700
US1TXAS0006,20140908,PRCP,51,,,N,0700
US1TXAS0006,20140909,PRCP,0,,,N,0700
US1TXAS0006,20140910,PRCP,0,,,N,0700
US1TXAS0006,20140911,PRCP,0,,,N,0700
US1TXAS0006,20140912,PRCP,0,,,N,0700
US1TXAS0006,20140913,PRCP,41,,,N,0700
US1TXAS0006,20140914,PRCP,3,,,N,0700
US1TXAS0006,20140915,PRCP,0,,,N,0700
US1TXAS0006,20140916,PRCP,0,,,N,0700
US1TXAS0006,20140917,PRCP,58,,,N,0700
US1TXAS0006,20140918,PRCP,117,,,N,0700
US1TXAS0006,20140919,PRCP,345,,,N,0700
US1TXAS0006,20140920,PRCP,269,,,N,0700
US1TXAS0006,20140921,PRCP,0,,,N,0700
US1TXAS0006,20140922,PRCP,0,,,N,0700
US1TXAS0006,20140923,PRCP,0,,,N,0700
US1TXAS0006,20140924,PRCP,0,,,N,0700
US1TXAS0006,20140925,PRCP,0,,,N,0700
US1TXAS0006,20140926,PRCP,0,T,,N,0700
US1TXAS0006,20140927,PRCP,0,,,N,0700
US1TXAS0006,20140928,PRCP,0,T,,N,0700
US1TXAS0006,20140929,PRCP,23,,,N,0700
US1TXAS0006,20140930,PRCP,0,,,N,0700
US1TXAS0006,20140901,SNOW,0,,,N,0700
US1TXAS0006,20140902,SNOW,0,,,N,0700
US1TXAS0006,20140903,SNOW,0,,,N,0700
US1TXAS0006,20140904,SNOW,0,,,N,0700
US1TXAS0006,20140905,SNOW,0,,,N,0700
US1TXAS0006,20140906,SNOW,0,,,N,0700
US1TXAS0006,20140907,SNOW,0,,,N,0700
US1TXAS0006,20140908,SNOW,0,,,N,0700
US1TXAS0006,20140909,SNOW,0,,,N,0700
US1TXAS0006,20140910,SNOW,0,,,N,0700
US1TXAS0006,20140911,SNOW,0,,,N,0700
US1TXAS0006,20140912,SNOW,0,,,N,0700
US1TXAS0006,20140913,SNOW,0,,,N,0700
US1TXAS0006,20140914,SNOW,0,,,N,0700
US1TXAS0006,20140915,SNOW,0,,,N,0700
US1TXAS0006,20140916,SNOW,0,,,N,0700
US1TXAS0006,20140917,SNOW,0,,,N,0700
US1TXAS0006,20140918,SNOW,0,,,N,0700
US1TXAS0006,20140919,SNOW,0,,,N,0700
US1TXAS0006,20140920,SNOW,0,,,N,0700
US1TXAS0006,20140921,SNOW,0,,,N,0700
US1TXAS0006,20140922,SNOW,0,,,N,0700
US1TXAS0006,20140923,SNOW,0,,,N,0700
US1TXAS0006,20140924,SNOW,0,,,N,0700
US1TXAS0006,20140925,SNOW,0,,,N,0700
US1TXAS0006,20140926,SNOW,0,,,N,0700
US1TXAS0006,20140927,SNOW,0,,,N,0700
US1TXAS0006,20140928,SNOW,0,,,N,0700
US1TXAS0006,20140929,SNOW,0,,,N,0700
US1TXAS0006,20140930,SNOW,0,,,N,0700
US1TXAS0006,20141001,PRCP,0,,,N,0700
US1TXAS0006,20141002,PRCP,0,,,N,0700
US1TXAS0006,20141003,PRCP,320,,,N,0700
US1TXAS0006,20141004,PRCP,0,,,N,0700
US1TXAS0006,20141005,PRCP,0,,,N,0700
US1TXAS0006,20141006,PRCP,0,,,N,0700
US1TXAS0006,20141007,PRCP,36,,,N,0700
US1TXAS0006,20141008,PRCP,0,,,N,0700
US1TXAS0006,20141009,PRCP,0,,,N,0700
US1TXAS0006,20141010,PRCP,0,,,N,0700
US1TXAS0006,20141011,PRCP,3,,,N,0700
US1TXAS0006,20141012,PRCP,64,,,N,0700
US1TXAS0006,20141013,PRCP,3,,,N,0700
US1TXAS0006,20141014,PRCP,13,,,N,0700
US1TXAS0006,20141015,PRCP,0,,,N,0700
US1TXAS0006,20141016,PRCP,0,,,N,0700
US1TXAS0006,20141017,PRCP,0,,,N,0700
US1TXAS0006,20141018,PRCP,0,,,N,0700
US1TXAS0006,20141019,PRCP,0,,,N,0700
US1TXAS0006,20141020,PRCP,0,,,N,0700
US1TXAS0006,20141021,PRCP,0,,,N,0700
US1TXAS0006,20141022,PRCP,0,,,N,0700
US1TXAS0006,20141023,PRCP,0,,,N,0700
US1TXAS0006,20141024,PRCP,0,,,N,0700
US1TXAS0006,20141025,PRCP,0,,,N,0700
US1TXAS0006,20141026,PRCP,0,,,N,0700
US1TXAS0006,20141027,PRCP,0,,,N,0700
US1TXAS0006,20141028,PRCP,0,,,N,0700
US1TXAS0006,20141029,PRCP,0,,,N,0700
US1TXAS0006,20141030,PRCP,0,,,N,0700
US1TXAS0006,20141031,PRCP,0,,,N,0700
US1TXAS0006,20141001,SNOW,0,,,N,0700
US1TXAS0006,20141002,SNOW,0,,,N,0700
US1TXAS0006,20141003,SNOW,0,,,N,0700
US1TXAS0006,20141004,SNOW,0,,,N,0700
US1TXAS0006,20141005,SNOW,0,,,N,0700
US1TXAS0006,20141006,SNOW,0,,,N,0700
US1TXAS0006,20141007,SNOW,0,,,N,0700
US1TXAS0006,20141008,SNOW,0,,,N,0700
US1TXAS0006,20141009,SNOW,0,,,N,0700
US1TXAS0006,20141010,SNOW,0,,,N,0700
US1TXAS0006,20141011,SNOW,0,,,N,0700
US1TXAS0006,20141012,SNOW,0,,,N,0700
US1TXAS0006,20141013,SNOW,0,,,N,0700
US1TXAS0006,20141014,SNOW,0,,,N,0700
US1TXAS0006,20141015,SNOW,0,,,N,0700
US1TXAS0006,20141016,SNOW,0,,,N,0700
US1TXAS0006,20141017,SNOW,0,,,N,0700
US1TXAS0006,20141018,SNOW,0,,,N,0700
US1TXAS0006,20141019,SNOW,0,,,N,0700
US1TXAS0006,20141020,SNOW,0,,,N,0700
US1TXAS0006,20141021,SNOW,0,,,N,0700
US1TXAS0006,20141022,SNOW,0,,,N,0700
US1TXAS0006,20141023,SNOW,0,,,N,0700
US1TXAS0006,20141024,SNOW,0,,,N,0700
US1TXAS0006,20141025,SNOW,0,,,N,0700
US1TXAS0006,20141026,SNOW,0,,,N,0700
US1TXAS0006,20141027,SNOW,0,,,N,0700
US1TXAS0006,20141028,SNOW,0,,,N,0700
US1TXAS0006,20141029,SNOW,0,,,N,0700
US1TXAS0006,20141030,SNOW,0,,,N,0700
US1TXAS0006,20141031,SNOW,0,,,N,0700
US1TXAS0006,20141101,PRCP,0,,,N,0700
US1TXAS0006,20141102,PRCP,0,,,N,0700
US1TXAS0006,20141103,PRCP,0,,,N,0700
US1TXAS0006,20141104,PRCP,0,,,N,0700
US1TXAS0006,20141105,PRCP,196,,,N,0700
US1TXAS0006,20141106,PRCP,246,,,N,0700
US1TXAS0006,20141107,PRCP,8,,,N,0700
US1TXAS0006,20141108,PRCP,0,,,N,0700
US1TXAS0006,20141109,PRCP,0,,,N,0700
US1TXAS0006,20141110,PRCP,0,,,N,0700
US1TXAS0006,20141111,PRCP,0,,,N,0700
US1TXAS0006,20141112,PRCP,0,T,,N,0700
US1TXAS0006,20141113,PRCP,56,,,N,0700
US1TXAS0006,20141114,PRCP,0,,,N,0700
US1TXAS0006,20141115,PRCP,0,,,N,0700
US1TXAS0006,20141116,PRCP,48,,,N,0700
US1TXAS0006,20141117,PRCP,3,,,N,0700
US1TXAS0006,20141118,PRCP,0,,,N,0700
US1TXAS0006,20141119,PRCP,0,,,N,0700
US1TXAS0006,20141120,PRCP,0,,,N,0700
US1TXAS0006,20141121,PRCP,61,,,N,0700
US1TXAS0006,20141122,PRCP,56,,,N,0700
US1TXAS0006,20141123,PRCP,175,,,N,0700
US1TXAS0006,20141124,PRCP,0,,,N,0700
US1TXAS0006,20141125,PRCP,0,,,N,0700
US1TXAS0006,20141126,PRCP,0,,,N,0700
US1TXAS0006,20141127,PRCP,0,,,N,0700
US1TXAS0006,20141128,PRCP,0,,,N,0700
US1TXAS0006,20141129,PRCP,0,,,N,0700
US1TXAS0006,20141130,PRCP,0,,,N,0700
US1TXAS0006,20141101,SNOW,0,,,N,0700
US1TXAS0006,20141102,SNOW,0,,,N,0700
US1TXAS0006,20141103,SNOW,0,,,N,0700
US1TXAS0006,20141104,SNOW,0,,,N,0700
US1TXAS0006,20141105,SNOW,0,,,N,0700
US1TXAS0006,20141106,SNOW,0,,,N,0700
US1TXAS0006,20141107,SNOW,0,,,N,0700
US1TXAS0006,20141108,SNOW,0,,,N,0700
US1TXAS0006,20141109,SNOW,0,,,N,0700
US1TXAS0006,20141110,SNOW,0,,,N,0700
US1TXAS0006,20141111,SNOW,0,,,N,0700
US1TXAS0006,20141112,SNOW,0,,,N,0700
US1TXAS0006,20141113,SNOW,0,,,N,0700
US1TXAS0006,20141114,SNOW,0,,,N,0700
US1TXAS0006,20141115,SNOW,0,,,N,0700
US1TXAS0006,20141116,SNOW,0,,,N,0700
US1TXAS0006,20141117,SNOW,0,,,N,0700
US1TXAS0006,20141118,SNOW,0,,,N,0700
US1TXAS0006,20141119,SNOW,0,,,N,0700
US1TXAS0006,20141120,SNOW,0,,,N,0700
US1TXAS0006,20141121,SNOW,0,,,N,0700
US1TXAS0006,20141122,SNOW,0,,,N,0700
US1TXAS0006,20141123,SNOW,0,,,N,0700
US1TXAS0006,20141124,SNOW,0,,,N,0700
US1TXAS0006,20141125,SNOW,0,,,N,0700
US1TXAS0006,20141126,SNOW,0,,,N,0700
US1TXAS0006,20141127,SNOW,0,,,N,0700
US1TXAS0006,20141128,SNOW,0,,,N,0700
US1TXAS0006,20141129,SNOW,0,,,N,0700
US1TXAS0006,20141130,SNOW,0,,,N,0700
US1TXAS0006,20141201,PRCP,0,,,N,0700
US1TXAS0006,20141202,PRCP,18,,,N,0700
US1TXAS0006,20141203,PRCP,0,,,N,0700
US1TXAS0006,20141204,PRCP,0,,,N,0700
US1TXAS0006,20141205,PRCP,5,,,N,0700
US1TXAS0006,20141206,PRCP,3,,,N,0700
US1TXAS0006,20141207,PRCP,0,,,N,0700
US1TXAS0006,20141208,PRCP,0,,,N,0700
US1TXAS0006,20141209,PRCP,0,,,N,0700
US1TXAS0006,20141210,PRCP,0,,,N,0700
US1TXAS0006,20141211,PRCP,18,,,N,0700
US1TXAS0006,20141212,PRCP,8,,,N,0700
US1TXAS0006,20141213,PRCP,0,,,N,0700
US1TXAS0006,20141214,PRCP,0,,,N,0700
US1TXAS0006,20141215,PRCP,5,,,N,0700
US1TXAS0006,20141216,PRCP,0,,,N,0700
US1TXAS0006,20141217,PRCP,0,,,N,0700
US1TXAS0006,20141218,PRCP,18,,,N,0700
US1TXAS0006,20141219,PRCP,302,,,N,0700
US1TXAS0006,20141220,PRCP,157,,,N,0700
US1TXAS0006,20141221,PRCP,0,,,N,0700
US1TXAS0006,20141222,PRCP,0,,,N,0700
US1TXAS0006,20141223,PRCP,0,T,,N,0700
US1TXAS0006,20141224,PRCP,0,T,,N,0700
US1TXAS0006,20141225,PRCP,0,,,N,0700
US1TXAS0006,20141226,PRCP,0,,,N,0700
US1TXAS0006,20141227,PRCP,15,,,N,0700
US1TXAS0006,20141228,PRCP,140,,,N,0700
US1TXAS0006,20141229,PRCP,122,,,N,0700
US1TXAS0006,20141230,PRCP,0,T,,N,0700
US1TXAS0006,20141231,PRCP,0,,,N,0700
US1TXAS0006,20141201,SNOW,0,,,N,0700
US1TXAS0006,20141202,SNOW,0,,,N,0700
US1TXAS0006,20141203,SNOW,0,,,N,0700
US1TXAS0006,20141204,SNOW,0,,,N,0700
US1TXAS0006,20141205,SNOW,0,,,N,0700
US1TXAS0006,20141206,SNOW,0,,,N,0700
US1TXAS0006,20141207,SNOW,0,,,N,0700
US1TXAS0006,20141208,SNOW,0,,,N,0700
US1TXAS0006,20141209,SNOW,0,,,N,0700
US1TXAS0006,20141210,SNOW,0,,,N,0700
US1TXAS0006,20141211,SNOW,0,,,N,0700
US1TXAS0006,20141212,SNOW,0,,,N,0700
US1TXAS0006,20141213,SNOW,0,,,N,0700
US1TXAS0006,20141214,SNOW,0,,,N,0700
US1TXAS0006,20141215,SNOW,0,,,N,0700
US1TXAS0006,20141216,SNOW,0,,,N,0700
US1TXAS0006,20141217,SNOW,0,,,N,0700
US1TXAS0006,20141218,SNOW,0,,,N,0700
US1TXAS0006,20141219,SNOW,0,,,N,0700
US1TXAS0006,20141220,SNOW,0,,,N,0700
US1TXAS0006,20141221,SNOW,0,,,N,0700
US1TXAS0006,20141222,SNOW,0,,,N,0700
US1TXAS0006,20141223,SNOW,0,,,N,0700
US1TXAS0006,20141224,SNOW,0,,,N,0700
US1TXAS0006,20141225,SNOW,0,,,N,0700
US1TXAS0006,20141226,SNOW,0,,,N,0700
US1TXAS0006,20141227,SNOW,0,,,N,0700
US1TXAS0006,20141228,SNOW,0,,,N,0700
US1TXAS0006,20141229,SNOW,0,,,N,0700
US1TXAS0006,20141230,SNOW,0,,,N,0700
US1TXAS0006,20141231,SNOW,0,,,N,0700
US1TXAS0006,20141201,SNWD,0,,,N,0700
US1TXAS0006,20141202,SNWD,0,,,N,0700
US1TXAS0006,20141203,SNWD,0,,,N,0700
US1TXAS0006,20141204,SNWD,0,,,N,0700
US1TXAS0006,20141205,SNWD,0,,,N,0700
US1TXAS0006,20141206,SNWD,0,,,N,0700
US1TXAS0006,20141207,SNWD,0,,,N,0700
US1TXAS0006,20141208,SNWD,0,,,N,0700
US1TXAS0006,20141209,SNWD,0,,,N,0700
US1TXAS0006,20141210,SNWD,0,,,N,0700
US1TXAS0006,20141211,SNWD,0,,,N,0700
US1TXAS0006,20141212,SNWD,0,,,N,0700
US1TXAS0006,20141213,SNWD,0,,,N,0700
US1TXAS0006,20141214,SNWD,0,,,N,0700
US1TXAS0006,20141215,SNWD,0,,,N,0700
US1TXAS0006,20141216,SNWD,0,,,N,0700
US1TXAS0006,20141217,SNWD,0,,,N,0700
US1TXAS0006,20141218,SNWD,0,,,N,0700
US1TXAS0006,20141219,SNWD,0,,,N,0700
US1TXAS0006,20141220,SNWD,0,,,N,0700
US1TXAS0006,20141221,SNWD,0,,,N,0700
US1TXAS0006,20141222,SNWD,0,,,N,0700
US1TXAS0006,20141223,SNWD,0,,,N,0700
US1TXAS0006,20141224,SNWD,0,,,N,0700
US1TXAS0006,20141225,SNWD,0,,,N,0700
US1TXAS0006,20141226,SNWD,0,,,N,0700
US1TXAS0006,20141227,SNWD,0,,,N,0700
US1TXAS0006,20141228,SNWD,0,,,N,0700
US1TXAS0006,20141229,SNWD,0,,,N,0700
US1TXAS0006,20141230,SNWD,0,,,N,0700
US1TXAS0006,20141231,SNWD,0,,,N,0700
US1TXAS0006,20150101,PRCP,8,,,N,0700
US1TXAS0006,20150102,PRCP,69,,,N,0700
US1TXAS0006,20150103,PRCP,145,,,N,0700
US1TXAS0006,20150104,PRCP,0,,,N,0700
US1TXAS0006,20150105,PRCP,0,,,N,0700
US1TXAS0006,20150106,PRCP,0,,,N,0700
US1TXAS0006,20150107,PRCP,0,,,N,0700
US1TXAS0006,20150108,PRCP,0,,,N,0700
US1TXAS0006,20150109,PRCP,5,,,N,0700
US1TXAS0006,20150110,PRCP,8,,,N,0700
US1TXAS0006,20150111,PRCP,229,,,N,0700
US1TXAS0006,20150112,PRCP,64,,,N,0700
US1TXAS0006,20150113,PRCP,18,,,N,0700
US1TXAS0006,20150114,PRCP,0,,,N,0700
US1TXAS0006,20150115,PRCP,3,,,N,0700
US1TXAS0006,20150116,PRCP,0,,,N,0700
US1TXAS0006,20150117,PRCP,0,,,N,0700
US1TXAS0006,20150118,PRCP,0,,,N,0700
US1TXAS0006,20150119,PRCP,0,,,N,0700
US1TXAS0006,20150120,PRCP,0,,,N,0700
US1TXAS0006,20150121,PRCP,0,,,N,0700
US1TXAS0006,20150122,PRCP,15,,,N,0700
US1TXAS0006,20150123,PRCP,318,,,N,0700
US1TXAS0006,20150124,PRCP,15,,,N,0700
US1TXAS0006,20150125,PRCP,0,,,N,0700
US1TXAS0006,20150126,PRCP,0,,,N,0700
US1TXAS0006,20150127,PRCP,0,,,N,0700
US1TXAS0006,20150128,PRCP,0,,,N,0700
US1TXAS0006,20150129,PRCP,0,T,,N,0700
US1TXAS0006,20150130,PRCP,0,,,N,0700
US1TXAS0006,20150131,PRCP,0,,,N,0700
US1TXAS0006,20150101,SNOW,0,,,N,0700
US1TXAS0006,20150102,SNOW,0,,,N,0700
US1TXAS0006,20150103,SNOW,0,,,N,0700
US1TXAS0006,20150104,SNOW,0,,,N,0700
US1TXAS0006,20150105,SNOW,0,,,N,0700
US1TXAS0006,20150106,SNOW,0,,,N,0700
US1TXAS0006,20150107,SNOW,0,,,N,0700
US1TXAS0006,20150108,SNOW,0,,,N,0700
US1TXAS0006,20150109,SNOW,0,,,N,0700
US1TXAS0006,20150110,SNOW,0,,,N,0700
US1TXAS0006,20150111,SNOW,0,,,N,0700
US1TXAS0006,20150112,SNOW,0,,,N,0700
US1TXAS0006,20150113,SNOW,0,,,N,0700
US1TXAS0006,20150114,SNOW,0,,,N,0700
US1TXAS0006,20150115,SNOW,0,,,N,0700
US1TXAS0006,20150116,SNOW,0,,,N,0700
US1TXAS0006,20150117,SNOW,0,,,N,0700
US1TXAS0006,20150118,SNOW,0,,,N,0700
US1TXAS0006,20150119,SNOW,0,,,N,0700
US1TXAS0006,20150120,SNOW,0,,,N,0700
US1TXAS0006,20150121,SNOW,0,,,N,0700
US1TXAS0006,20150122,SNOW,0,,,N,0700
US1TXAS0006,20150123,SNOW,0,,,N,0700
US1TXAS0006,20150124,SNOW,0,,,N,0700
US1TXAS0006,20150125,SNOW,0,,,N,0700
US1TXAS0006,20150126,SNOW,0,,,N,0700
US1TXAS0006,20150127,SNOW,0,,,N,0700
US1TXAS0006,20150128,SNOW,0,,,N,0700
US1TXAS0006,20150129,SNOW,0,,,N,0700
US1TXAS0006,20150130,SNOW,0,,,N,0700
US1TXAS0006,20150131,SNOW,0,,,N,0700
US1TXAS0006,20150101,SNWD,0,,,N,0700
US1TXAS0006,20150102,SNWD,0,,,N,0700
US1TXAS0006,20150103,SNWD,0,,,N,0700
US1TXAS0006,20150104,SNWD,0,,,N,0700
US1TXAS0006,20150105,SNWD,0,,,N,0700
US1TXAS0006,20150106,SNWD,0,,,N,0700
US1TXAS0006,20150107,SNWD,0,,,N,0700
US1TXAS0006,20150108,SNWD,0,,,N,0700
US1TXAS0006,20150109,SNWD,0,,,N,0700
US1TXAS0006,20150110,SNWD,0,,,N,0700
US1TXAS0006,20150111,SNWD,0,,,N,0700
US1TXAS0006,20150112,SNWD,0,,,N,0700
US1TXAS0006,20150113,SNWD,0,,,N,0700
US1TXAS0006,20150114,SNWD,0,,,N,0700
US1TXAS0006,20150115,SNWD,0,,,N,0700
US1TXAS0006,20150116,SNWD,0,,,N,0700
US1TXAS0006,20150117,SNWD,0,,,N,0700
US1TXAS0006,20150118,SNWD,0,,,N,0700
US1TXAS0006,20150119,SNWD,0,,,N,0700
US1TXAS0006,20150120,SNWD,0,,,N,0700
US1TXAS0006,20150121,SNWD,0,,,N,0700
US1TXAS0006,20150122,SNWD,0,,,N,0700
US1TXAS0006,20150123,SNWD,0,,,N,0700
US1TXAS0006,20150124,SNWD,0,,,N,0700
US1TXAS0006,20150125,SNWD,0,,,N,0700
US1TXAS0006,20150126,SNWD,0,,,N,0700
US1TXAS0006,20150127,SNWD,0,,,N,0700
US1TXAS0006,20150128,SNWD,0,,,N,0700
US1TXAS0006,20150129,SNWD,0,,,N,0700
US1TXAS0006,20150130,SNWD,0,,,N,0700
US1TXAS0006,20150131,SNWD,0,,,N,0700
US1TXAS0006,20150201,PRCP,10,,,N,0700
US1TXAS0006,20150202,PRCP,0,T,,N,0700
US1TXAS0006,20150203,PRCP,3,,,N,0700
US1TXAS0006,20150204,PRCP,107,,,N,0700
US1TXAS0006,20150205,PRCP,10,,,N,0700
US1TXAS0006,20150206,PRCP,0,,,N,0700
US1TXAS0006,20150207,PRCP,0,,,N,0700
US1TXAS0006,20150208,PRCP,0,,,N,0700
US1TXAS0006,20150209,PRCP,0,T,,N,0700
US1TXAS0006,20150210,PRCP,0,,,N,0700
US1TXAS0006,20150211,PRCP,0,,,N,0700
US1TXAS0006,20150212,PRCP,0,,,N,0700
US1TXAS0006,20150213,PRCP,0,,,N,0700
US1TXAS0006,20150214,PRCP,0,,,N,0700
US1TXAS0006,20150215,PRCP,0,,,N,0700
US1TXAS0006,20150216,PRCP,13,,,N,0700
US1TXAS0006,20150217,PRCP,25,,,N,0700
US1TXAS0006,20150218,PRCP,0,,,N,0700
US1TXAS0006,20150219,PRCP,0,,,N,0700
US1TXAS0006,20150220,PRCP,0,,,N,0700
US1TXAS0006,20150221,PRCP,0,T,,N,0700
US1TXAS0006,20150222,PRCP,0,,,N,0700
US1TXAS0006,20150223,PRCP,0,T,,N,0700
US1TXAS0006,20150224,PRCP,8,,,N,0700
US1TXAS0006,20150225,PRCP,23,,,N,0700
US1TXAS0006,20150226,PRCP,0,,,N,0700
US1TXAS0006,20150227,PRCP,0,,,N,0700
US1TXAS0006,20150228,PRCP,0,,,N,0700
US1TXAS0006,20150201,SNOW,0,,,N,0700
US1TXAS0006,20150202,SNOW,0,,,N,0700
US1TXAS0006,20150203,SNOW,0,,,N,0700
US1TXAS0006,20150204,SNOW,0,,,N,0700
US1TXAS0006,20150205,SNOW,0,,,N,0700
US1TXAS0006,20150206,SNOW,0,,,N,0700
US1TXAS0006,20150207,SNOW,0,,,N,0700
US1TXAS0006,20150208,SNOW,0,,,N,0700
US1TXAS0006,20150209,SNOW,0,,,N,0700
US1TXAS0006,20150210,SNOW,0,,,N,0700
US1TXAS0006,20150211,SNOW,0,,,N,0700
US1TXAS0006,20150212,SNOW,0,,,N,0700
US1TXAS0006,20150213,SNOW,0,,,N,0700
US1TXAS0006,20150214,SNOW,0,,,N,0700
US1TXAS0006,20150215,SNOW,0,,,N,0700
US1TXAS0006,20150216,SNOW,0,,,N,0700
US1TXAS0006,20150217,SNOW,0,,,N,0700
US1TXAS0006,20150218,SNOW,0,,,N,0700
US1TXAS0006,20150219,SNOW,0,,,N,0700
US1TXAS0006,20150220,SNOW,0,,,N,0700
US1TXAS0006,20150221,SNOW,0,,,N,0700
US1TXAS0006,20150222,SNOW,0,,,N,0700
US1TXAS0006,20150223,SNOW,0,,,N,0700
US1TXAS0006,20150224,SNOW,0,,,N,0700
US1TXAS0006,20150225,SNOW,0,,,N,0700
US1TXAS0006,20150226,SNOW,0,,,N,0700
US1TXAS0006,20150227,SNOW,0,,,N,0700
US1TXAS0006,20150228,SNOW,0,,,N,0700
US1TXAS0006,20150201,SNWD,0,,,N,0700
US1TXAS0006,20150202,SNWD,0,,,N,0700
US1TXAS0006,20150203,SNWD,0,,,N,0700
US1TXAS0006,20150204,SNWD,0,,,N,0700
US1TXAS0006,20150205,SNWD,0,,,N,0700
US1TXAS0006,20150206,SNWD,0,,,N,0700
US1TXAS0006,20150207,SNWD,0,,,N,0700
US1TXAS0006,20150208,SNWD,0,,,N,0700
US1TXAS0006,20150209,SNWD,0,,,N,0700
US1TXAS0006,20150210,SNWD,0,,,N,0700
US1TXAS0006,20150211,SNWD,0,,,N,0700
US1TXAS0006,20150212,SNWD,0,,,N,0700
US1TXAS0006,20150213,SNWD,0,,,N,0700
US1TXAS0006,20150214,SNWD,0,,,N,0700
US1TXAS0006,20150215,SNWD,0,,,N,0700
US1TXAS0006,20150216,SNWD,0,,,N,0700
US1TXAS0006,20150217,SNWD,0,,,N,0700
US1TXAS0006,20150218,SNWD,0,,,N,0700
US1TXAS0006,20150219,SNWD,0,,,N,0700
US1TXAS0006,20150220,SNWD,0,,,N,0700
US1TXAS0006,20150221,SNWD,0,,,N,0700
US1TXAS0006,20150222,SNWD,0,,,N,0700
US1TXAS0006,20150223,SNWD,0,,,N,0700
US1TXAS0006,20150224,SNWD,0,,,N,0700
US1TXAS0006,20150225,SNWD,0,,,N,0700
US1TXAS0006,20150226,SNWD,0,,,N,0700
US1TXAS0006,20150227,SNWD,0,,,N,0700
US1TXAS0006,20150228,SNWD,0,,,N,0700
US1TXAS0006,20150301,PRCP,76,,,N,0700
US1TXAS0006,20150302,PRCP,25,,,N,0700
US1TXAS0006,20150303,PRCP,5,,,N,0700
US1TXAS0006,20150304,PRCP,0,T,,N,0700
US1TXAS0006,20150305,PRCP,25,,,N,0700
US1TXAS0006,20150306,PRCP,8,,,N,0700
US1TXAS0006,20150307,PRCP,0,,,N,0700
US1TXAS0006,20150308,PRCP,69,,,N,0700
US1TXAS0006,20150309,PRCP,460,,,N,0700
US1TXAS0006,20150310,PRCP,798,,,N,0700
US1TXAS0006,20150311,PRCP,3,,,N,0700
US1TXAS0006,20150312,PRCP,3,,,N,0700
US1TXAS0006,20150313,PRCP,30,,,N,0700
US1TXAS0006,20150314,PRCP,3,,,N,0700
US1TXAS0006,20150315,PRCP,0,,,N,0700
US1TXAS0006,20150316,PRCP,0,,,N,0700
US1TXAS0006,20150317,PRCP,0,,,N,0700
US1TXAS0006,20150318,PRCP,43,,,N,0700
US1TXAS0006,20150319,PRCP,76,,,N,0700
US1TXAS0006,20150320,PRCP,25,,,N,0700
US1TXAS0006,20150321,PRCP,257,,,N,0700
US1TXAS0006,20150322,PRCP,140,,,N,0700
US1TXAS0006,20150323,PRCP,0,,,N,0700
US1TXAS0006,20150324,PRCP,0,,,N,0700
US1TXAS0006,20150325,PRCP,0,,,N,0700
US1TXAS0006,20150326,PRCP,0,T,,N,0700
US1TXAS0006,20150327,PRCP,0,,,N,0700
US1TXAS0006,20150328,PRCP,0,,,N,0700
US1TXAS0006,20150329,PRCP,0,,,N,0700
US1TXAS0006,20150330,PRCP,0,,,N,0700
US1TXAS0006,20150331,PRCP,0,,,N,0700
US1TXAS0006,20150301,SNOW,0,,,N,0700
US1TXAS0006,20150302,SNOW,0,,,N,0700
US1TXAS0006,20150303,SNOW,0,,,N,0700
US1TXAS0006,20150304,SNOW,0,,,N,0700
US1TXAS0006,20150305,SNOW,0,,,N,0700
US1TXAS0006,20150306,SNOW,0,,,N,0700
US1TXAS0006,20150307,SNOW,0,,,N,0700
US1TXAS0006,20150308,SNOW,0,,,N,0700
US1TXAS0006,20150309,SNOW,0,,,N,0700
US1TXAS0006,20150310,SNOW,0,,,N,0700
US1TXAS0006,20150311,SNOW,0,,,N,0700
US1TXAS0006,20150312,SNOW,0,,,N,0700
US1TXAS0006,20150313,SNOW,0,,,N,0700
US1TXAS0006,20150314,SNOW,0,,,N,0700
US1TXAS0006,20150315,SNOW,0,,,N,0700
US1TXAS0006,20150316,SNOW,0,,,N,0700
US1TXAS0006,20150317,SNOW,0,,,N,0700
US1TXAS0006,20150318,SNOW,0,,,N,0700
US1TXAS0006,20150319,SNOW,0,,,N,0700
US1TXAS0006,20150320,SNOW,0,,,N,0700
US1TXAS0006,20150321,SNOW,0,,,N,0700
US1TXAS0006,20150322,SNOW,0,,,N,0700
US1TXAS0006,20150323,SNOW,0,,,N,0700
US1TXAS0006,20150324,SNOW,0,,,N,0700
US1TXAS0006,20150325,SNOW,0,,,N,0700
US1TXAS0006,20150326,SNOW,0,,,N,0700
US1TXAS0006,20150327,SNOW,0,,,N,0700
US1TXAS0006,20150328,SNOW,0,,,N,0700
US1TXAS0006,20150329,SNOW,0,,,N,0700
US1TXAS0006,20150330,SNOW,0,,,N,0700
US1TXAS0006,20150331,SNOW,0,,,N,0700
US1TXAS0006,20150301,SNWD,0,,,N,0700
US1TXAS0006,20150401,PRCP,0,,,N,0700
US1TXAS0006,20150402,PRCP,0,T,,N,0700
US1TXAS0006,20150403,PRCP,0,,,N,0700
US1TXAS0006,20150404,PRCP,8,,,N,0700
US1TXAS0006,20150405,PRCP,0,,,N,0700
US1TXAS0006,20150406,PRCP,5,,,N,0700
US1TXAS0006,20150407,PRCP,0,,,N,0700
US1TXAS0006,20150408,PRCP,0,,,N,0700
US1TXAS0006,20150409,PRCP,0,,,N,0700
US1TXAS0006,20150410,PRCP,5,,,N,0700
US1TXAS0006,20150411,PRCP,61,,,N,0700
US1TXAS0006,20150412,PRCP,10,,,N,0700
US1TXAS0006,20150413,PRCP,112,,,N,0700
US1TXAS0006,20150414,PRCP,0,,,N,0700
US1TXAS0006,20150415,PRCP,23,,,N,0700
US1TXAS0006,20150416,PRCP,0,,,N,0700
US1TXAS0006,20150417,PRCP,617,,,N,0700
US1TXAS0006,20150418,PRCP,244,,,N,0700
US1TXAS0006,20150419,PRCP,3,,,N,0700
US1TXAS0006,20150420,PRCP,155,,,N,0700
US1TXAS0006,20150421,PRCP,0,,,N,0700
US1TXAS0006,20150422,PRCP,0,,,N,0700
US1TXAS0006,20150423,PRCP,28,,,N,0700
US1TXAS0006,20150424,PRCP,0,T,,N,0700
US1TXAS0006,20150425,PRCP,137,,,N,0700
US1TXAS0006,20150426,PRCP,28,,,N,0700
US1TXAS0006,20150427,PRCP,64,,,N,0700
US1TXAS0006,20150428,PRCP,0,,,N,0700
US1TXAS0006,20150429,PRCP,0,,,N,0700
US1TXAS0006,20150430,PRCP,0,,,N,0700
US1TXAS0006,20150401,SNOW,0,,,N,0700
US1TXAS0006,20150402,SNOW,0,,,N,0700
US1TXAS0006,20150403,SNOW,0,,,N,0700
US1TXAS0006,20150404,SNOW,0,,,N,0700
US1TXAS0006,20150405,SNOW,0,,,N,0700
US1TXAS0006,20150406,SNOW,0,,,N,0700
US1TXAS0006,20150407,SNOW,0,,,N,0700
US1TXAS0006,20150408,SNOW,0,,,N,0700
US1TXAS0006,20150409,SNOW,0,,,N,0700
US1TXAS0006,20150410,SNOW,0,,,N,0700
US1TXAS0006,20150411,SNOW,0,,,N,0700
US1TXAS0006,20150412,SNOW,0,,,N,0700
US1TXAS0006,20150413,SNOW,0,,,N,0700
US1TXAS0006,20150414,SNOW,0,,,N,0700
US1TXAS0006,20150415,SNOW,0,,,N,0700
US1TXAS0006,20150416,SNOW,0,,,N,0700
US1TXAS0006,20150417,SNOW,0,,,N,0700
US1TXAS0006,20150418,SNOW,0,,,N,0700
US1TXAS0006,20150419,SNOW,0,,,N,0700
US1TXAS0006,20150420,SNOW,0,,,N,0700
US1TXAS0006,20150421,SNOW,0,,,N,0700
US1TXAS0006,20150422,SNOW,0,,,N,0700
US1TXAS0006,20150423,SNOW,0,,,N,0700
US1TXAS0006,20150424,SNOW,0,,,N,0700
US1TXAS0006,20150425,SNOW,0,,,N,0700
US1TXAS0006,20150426,SNOW,0,,,N,0700
US1TXAS0006,20150427,SNOW,0,,,N,0700
US1TXAS0006,20150428,SNOW,0,,,N,0700
US1TXAS0006,20150429,SNOW,0,,,N,0700
US1TXAS0006,20150430,SNOW,0,,,N,0700
US1TXAS0006,20150501,PRCP,0,,,N,0700
US1TXAS0006,20150502,PRCP,0,,,N,0700
US1TXAS0006,20150503,PRCP,0,,,N,0700
US1TXAS0006,20150504,PRCP,0,,,N,0700
US1TXAS0006,20150505,PRCP,0,,,N,0700
US1TXAS0006,20150506,PRCP,3,,,N,0700
US1TXAS0006,20150507,PRCP,0,,,N,0700
US1TXAS0006,20150508,PRCP,0,,,N,0700
US1TXAS0006,20150509,PRCP,0,,,N,0700
US1TXAS0006,20150510,PRCP,0,,,N,0700
US1TXAS0006,20150511,PRCP,5,,,N,0700
US1TXAS0006,20150512,PRCP,290,,,N,0700
US1TXAS0006,20150513,PRCP,13,,,N,0700
US1TXAS0006,20150514,PRCP,163,,,N,0700
US1TXAS0006,20150515,PRCP,401,,,N,0700
US1TXAS0006,20150516,PRCP,71,,,N,0700
US1TXAS0006,20150517,PRCP,0,T,,N,0700
US1TXAS0006,20150518,PRCP,251,,,N,0700
US1TXAS0006,20150519,PRCP,155,,,N,0700
US1TXAS0006,20150520,PRCP,0,,,N,0700
US1TXAS0006,20150521,PRCP,13,,,N,0700
US1TXAS0006,20150522,PRCP,0,T,,N,0700
US1TXAS0006,20150523,PRCP,0,,,N,0700
US1TXAS0006,20150524,PRCP,267,,,N,0700
US1TXAS0006,20150525,PRCP,0,,,N,0700
US1TXAS0006,20150526,PRCP,183,,,N,0700
US1TXAS0006,20150527,PRCP,3,,,N,0700
US1TXAS0006,20150528,PRCP,353,,,N,0700
US1TXAS0006,20150529,PRCP,36,,,N,0700
US1TXAS0006,20150530,PRCP,0,,,N,0700
US1TXAS0006,20150531,PRCP,198,,,N,0700
US1TXAS0006,20150501,SNOW,0,,,N,0700
US1TXAS0006,20150502,SNOW,0,,,N,0700
US1TXAS0006,20150503,SNOW,0,,,N,0700
US1TXAS0006,20150504,SNOW,0,,,N,0700
US1TXAS0006,20150505,SNOW,0,,,N,0700
US1TXAS0006,20150506,SNOW,0,,,N,0700
US1TXAS0006,20150507,SNOW,0,,,N,0700
US1TXAS0006,20150508,SNOW,0,,,N,0700
US1TXAS0006,20150509,SNOW,0,,,N,0700
US1TXAS0006,20150510,SNOW,0,,,N,0700
US1TXAS0006,20150511,SNOW,0,,,N,0700
US1TXAS0006,20150512,SNOW,0,,,N,0700
US1TXAS0006,20150513,SNOW,0,,,N,0700
US1TXAS0006,20150514,SNOW,0,,,N,0700
US1TXAS0006,20150515,SNOW,0,,,N,0700
US1TXAS0006,20150516,SNOW,0,,,N,0700
US1TXAS0006,20150517,SNOW,0,,,N,0700
US1TXAS0006,20150518,SNOW,0,,,N,0700
US1TXAS0006,20150519,SNOW,0,,,N,0700
US1TXAS0006,20150520,SNOW,0,,,N,0700
US1TXAS0006,20150521,SNOW,0,,,N,0700
US1TXAS0006,20150522,SNOW,0,,,N,0700
US1TXAS0006,20150523,SNOW,0,,,N,0700
US1TXAS0006,20150524,SNOW,0,,,N,0700
US1TXAS0006,20150525,SNOW,0,,,N,0700
US1TXAS0006,20150526,SNOW,0,,,N,0700
US1TXAS0006,20150527,SNOW,0,,,N,0700
US1TXAS0006,20150528,SNOW,0,,,N,0700
US1TXAS0006,20150529,SNOW,0,,,N,0700
US1TXAS0006,20150530,SNOW,0,,,N,0700
US1TXAS0006,20150531,SNOW,0,,,N,0700
US1TXAS0006,20150601,PRCP,0,,,N,0645
US1TXAS0006,20150602,PRCP,0,,,N,0650
US1TXAS0006,20150603,PRCP,0,,,N,0700
US1TXAS0006,20150604,PRCP,0,,,N,0700
US1TXAS0006,20150605,PRCP,0,,,N,0700
US1TXAS0006,20150606,PRCP,0,,,N,0700
US1TXAS0006,20150607,PRCP,0,,,N,0700
US1TXAS0006,20150608,PRCP,0,,,N,0700
US1TXAS0006,20150609,PRCP,0,,,N,0700
US1TXAS0006,20150610,PRCP,0,,,N,0700
US1TXAS0006,20150611,PRCP,0,,,N,0700
US1TXAS0006,20150612,PRCP,0,,,N,0700
US1TXAS0006,20150613,PRCP,3,,,N,0700
US1TXAS0006,20150614,PRCP,66,,,N,0700
US1TXAS0006,20150615,PRCP,66,,,N,0700
US1TXAS0006,20150616,PRCP,109,,,N,0700
US1TXAS0006,20150617,PRCP,1453,,,N,0700
US1TXAS0006,20150618,PRCP,175,,,N,0700
US1TXAS0006,20150619,PRCP,58,,,N,0700
US1TXAS0006,20150620,PRCP,8,,,N,0700
US1TXAS0006,20150621,PRCP,15,,,N,0700
US1TXAS0006,20150622,PRCP,0,,,N,0700
US1TXAS0006,20150623,PRCP,0,,,N,0700
US1TXAS0006,20150624,PRCP,0,,,N,0700
US1TXAS0006,20150625,PRCP,0,,,N,0700
US1TXAS0006,20150626,PRCP,0,,,N,0700
US1TXAS0006,20150627,PRCP,0,,,N,0700
US1TXAS0006,20150628,PRCP,56,,,N,0700
US1TXAS0006,20150629,PRCP,33,,,N,0700
US1TXAS0006,20150630,PRCP,0,,,N,0700
US1TXAS0006,20150601,SNOW,0,,,N,0645
US1TXAS0006,20150602,SNOW,0,,,N,0650
US1TXAS0006,20150603,SNOW,0,,,N,0700
US1TXAS0006,20150604,SNOW,0,,,N,0700
US1TXAS0006,20150605,SNOW,0,,,N,0700
US1TXAS0006,20150606,SNOW,0,,,N,0700
US1TXAS0006,20150607,SNOW,0,,,N,0700
US1TXAS0006,20150608,SNOW,0,,,N,0700
US1TXAS0006,20150609,SNOW,0,,,N,0700
US1TXAS0006,20150610,SNOW,0,,,N,0700
US1TXAS0006,20150611,SNOW,0,,,N,0700
US1TXAS0006,20150612,SNOW,0,,,N,0700
US1TXAS0006,20150613,SNOW,0,,,N,0700
US1TXAS0006,20150614,SNOW,0,,,N,0700
US1TXAS0006,20150615,SNOW,0,,,N,0700
US1TXAS0006,20150616,SNOW,0,,,N,0700
US1TXAS0006,20150617,SNOW,0,,,N,0700
US1TXAS0006,20150618,SNOW,0,,,N,0700
US1TXAS0006,20150619,SNOW,0,,,N,0700
US1TXAS0006,20150620,SNOW,0,,,N,0700
US1TXAS0006,20150621,SNOW,0,,,N,0700
US1TXAS0006,20150622,SNOW,0,,,N,0700
US1TXAS0006,20150623,SNOW,0,,,N,0700
US1TXAS0006,20150624,SNOW,0,,,N,0700
US1TXAS0006,20150625,SNOW,0,,,N,0700
US1TXAS0006,20150626,SNOW,0,,,N,0700
US1TXAS0006,20150627,SNOW,0,,,N,0700
US1TXAS0006,20150628,SNOW,0,,,N,0700
US1TXAS0006,20150629,SNOW,0,,,N,0700
US1TXAS0006,20150630,SNOW,0,,,N,0700
US1TXAS0006,20150701,PRCP,284,,,N,0700
US1TXAS0006,20150702,PRCP,48,,,N,0700
US1TXAS0006,20150703,PRCP,0,,,N,0700
US1TXAS0006,20150704,PRCP,23,,,N,0700
US1TXAS0006,20150705,PRCP,0,,,N,0700
US1TXAS0006,20150706,PRCP,0,,,N,0700
US1TXAS0006,20150707,PRCP,0,,,N,0700
US1TXAS0006,20150708,PRCP,0,,,N,0700
US1TXAS0006,20150709,PRCP,0,,,N,0700
US1TXAS0006,20150710,PRCP,0,,,N,0700
US1TXAS0006,20150711,PRCP,0,,,N,0700
US1TXAS0006,20150712,PRCP,5,,,N,0700
US1TXAS0006,20150713,PRCP,0,,,N,0700
US1TXAS0006,20150714,PRCP,0,,,N,0700
US1TXAS0006,20150715,PRCP,0,,,N,0700
US1TXAS0006,20150716,PRCP,0,,,N,0700
US1TXAS0006,20150717,PRCP,0,,,N,0700
US1TXAS0006,20150718,PRCP,0,,,N,0700
US1TXAS0006,20150719,PRCP,0,,,N,0700
US1TXAS0006,20150720,PRCP,0,,,N,0700
US1TXAS0006,20150721,PRCP,0,,,N,0700
US1TXAS0006,20150722,PRCP,0,,,N,0700
US1TXAS0006,20150723,PRCP,18,,,N,0700
US1TXAS0006,20150724,PRCP,0,,,N,0700
US1TXAS0006,20150725,PRCP,0,,,N,0700
US1TXAS0006,20150726,PRCP,0,,,N,0700
US1TXAS0006,20150727,PRCP,0,,,N,0700
US1TXAS0006,20150728,PRCP,0,,,N,0700
US1TXAS0006,20150729,PRCP,0,,,N,0700
US1TXAS0006,20150730,PRCP,0,,,N,0700
US1TXAS0006,20150731,PRCP,5,,,N,0700
US1TXAS0006,20150701,SNOW,0,,,N,0700
US1TXAS0006,20150702,SNOW,0,,,N,0700
US1TXAS0006,20150703,SNOW,0,,,N,0700
US1TXAS0006,20150704,SNOW,0,,,N,0700
US1TXAS0006,20150705,SNOW,0,,,N,0700
US1TXAS0006,20150706,SNOW,0,,,N,0700
US1TXAS0006,20150707,SNOW,0,,,N,0700
US1TXAS0006,20150708,SNOW,0,,,N,0700
US1TXAS0006,20150709,SNOW,0,,,N,0700
US1TXAS0006,20150710,SNOW,0,,,N,0700
US1TXAS0006,20150711,SNOW,0,,,N,0700
US1TXAS0006,20150712,SNOW,0,,,N,0700
US1TXAS0006,20150713,SNOW,0,,,N,0700
US1TXAS0006,20150714,SNOW,0,,,N,0700
US1TXAS0006,20150715,SNOW,0,,,N,0700
US1TXAS0006,20150716,SNOW,0,,,N,0700
US1TXAS0006,20150717,SNOW,0,,,N,0700
US1TXAS0006,20150718,SNOW,0,,,N,0700
US1TXAS0006,20150719,SNOW,0,,,N,0700
US1TXAS0006,20150720,SNOW,0,,,N,0700
US1TXAS0006,20150721,SNOW,0,,,N,0700
US1TXAS0006,20150722,SNOW,0,,,N,0700
US1TXAS0006,20150723,SNOW,0,,,N,0700
US1TXAS0006,20150724,SNOW,0,,,N,0700
US1TXAS0006,20150725,SNOW,0,,,N,0700
US1TXAS0006,20150726,SNOW,0,,,N,0700
US1TXAS0006,20150727,SNOW,0,,,N,0700
US1TXAS0006,20150728,SNOW,0,,,N,0700
US1TXAS0006,20150729,SNOW,0,,,N,0700
US1TXAS0006,20150730,SNOW,0,,,N,0700
US1TXAS0006,20150731,SNOW,0,,,N,0700
US1TXAS0006,20150801,PRCP,0,,,N,0700
US1TXAS0006,20150802,PRCP,0,,,N,0700
US1TXAS0006,20150803,PRCP,0,,,N,0700
US1TXAS0006,20150804,PRCP,0,,,N,0700
US1TXAS0006,20150805,PRCP,33,,,N,0700
US1TXAS0006,20150806,PRCP,0,,,N,0700
US1TXAS0006,20150807,PRCP,0,,,N,0600
US1TXAS0006,20150808,PRCP,0,,,N,0700
US1TXAS0006,20150809,PRCP,0,,,N,0700
US1TXAS0006,20150810,PRCP,0,,,N,0700
US1TXAS0006,20150811,PRCP,0,,,N,0700
US1TXAS0006,20150812,PRCP,114,,,N,0700
US1TXAS0006,20150813,PRCP,0,,,N,0700
US1TXAS0006,20150814,PRCP,0,,,N,0700
US1TXAS0006,20150815,PRCP,0,,,N,0700
US1TXAS0006,20150816,PRCP,0,,,N,0700
US1TXAS0006,20150817,PRCP,259,,,N,0700
US1TXAS0006,20150818,PRCP,20,,,N,0700
US1TXAS0006,20150819,PRCP,0,T,,N,0700
US1TXAS0006,20150820,PRCP,79,,,N,0700
US1TXAS0006,20150821,PRCP,208,,,N,0700
US1TXAS0006,20150822,PRCP,36,,,N,0700
US1TXAS0006,20150823,PRCP,0,T,,N,0700
US1TXAS0006,20150824,PRCP,0,,,N,0700
US1TXAS0006,20150825,PRCP,0,,,N,0700
US1TXAS0006,20150826,PRCP,13,,,N,0700
US1TXAS0006,20150827,PRCP,0,,,N,0700
US1TXAS0006,20150828,PRCP,0,,,N,0700
US1TXAS0006,20150829,PRCP,0,,,N,0700
US1TXAS0006,20150830,PRCP,0,,,N,0700
US1TXAS0006,20150831,PRCP,0,,,N,0700
US1TXAS0006,20150801,SNOW,0,,,N,0700
US1TXAS0006,20150802,SNOW,0,,,N,0700
US1TXAS0006,20150803,SNOW,0,,,N,0700
US1TXAS0006,20150804,SNOW,0,,,N,0700
US1TXAS0006,20150805,SNOW,0,,,N,0700
US1TXAS0006,20150806,SNOW,0,,,N,0700
US1TXAS0006,20150807,SNOW,0,,,N,0600
US1TXAS0006,20150808,SNOW,0,,,N,0700
US1TXAS0006,20150809,SNOW,0,,,N,0700
US1TXAS0006,20150810,SNOW,0,,,N,0700
US1TXAS0006,20150811,SNOW,0,,,N,0700
US1TXAS0006,20150812,SNOW,0,,,N,0700
US1TXAS0006,20150813,SNOW,0,,,N,0700
US1TXAS0006,20150814,SNOW,0,,,N,0700
US1TXAS0006,20150815,SNOW,0,,,N,0700
US1TXAS0006,20150816,SNOW,0,,,N,0700
US1TXAS0006,20150817,SNOW,0,,,N,0700
US1TXAS0006,20150818,SNOW,0,,,N,0700
US1TXAS0006,20150819,SNOW,0,,,N,0700
US1TXAS0006,20150820,SNOW,0,,,N,0700
US1TXAS0006,20150821,SNOW,0,,,N,0700
US1TXAS0006,20150822,SNOW,0,,,N,0700
US1TXAS0006,20150823,SNOW,0,,,N,0700
US1TXAS0006,20150824,SNOW,0,,,N,0700
US1TXAS0006,20150825,SNOW,0,,,N,0700
US1TXAS0006,20150826,SNOW,0,,,N,0700
US1TXAS0006,20150827,SNOW,0,,,N,0700
US1TXAS0006,20150828,SNOW,0,,,N,0700
US1TXAS0006,20150829,SNOW,0,,,N,0700
US1TXAS0006,20150830,SNOW,0,,,N,0700
US1TXAS0006,20150831,SNOW,0,,,N,0700
US1TXAS0006,20150901,PRCP,0,,,N,0700
US1TXAS0006,20150902,PRCP,0,T,,N,0700
US1TXAS0006,20150903,PRCP,53,,,N,0700
US1TXAS0006,20150904,PRCP,30,,,N,0700
US1TXAS0006,20150905,PRCP,58,,,N,0700
US1TXAS0006,20150906,PRCP,193,,,N,0700
US1TXAS0006,20150907,PRCP,0,,,N,0700
US1TXAS0006,20150908,PRCP,0,,,N,0700
US1TXAS0006,20150909,PRCP,0,,,N,0700
US1TXAS0006,20150910,PRCP,0,,,N,0700
US1TXAS0006,20150911,PRCP,277,,,N,0700
US1TXAS0006,20150912,PRCP,658,,,N,0700
US1TXAS0006,20150913,PRCP,0,,,N,0700
US1TXAS0006,20150914,PRCP,0,,,N,0700
US1TXAS0006,20150915,PRCP,0,,,N,0700
US1TXAS0006,20150916,PRCP,3,,,N,0700
US1TXAS0006,20150917,PRCP,0,,,N,0700
US1TXAS0006,20150918,PRCP,0,,,N,0700
US1TXAS0006,20150919,PRCP,0,,,N,0700
US1TXAS0006,20150920,PRCP,0,,,N,0700
US1TXAS0006,20150921,PRCP,0,,,N,0700
US1TXAS0006,20150922,PRCP,0,,,N,0700
US1TXAS0006,20150923,PRCP,0,,,N,0700
US1TXAS0006,20150924,PRCP,0,,,N,0700
US1TXAS0006,20150925,PRCP,0,,,N,0700
US1TXAS0006,20150926,PRCP,0,,,N,0700
US1TXAS0006,20150927,PRCP,0,,,N,0700
US1TXAS0006,20150928,PRCP,33,,,N,0700
US1TXAS0006,20150929,PRCP,3,,,N,0700
US1TXAS0006,20150930,PRCP,0,,,N,0700
US1TXAS0006,20150901,SNOW,0,,,N,0700
US1TXAS0006,20150903,SNOW,0,,,N,0700
US1TXAS0006,20150904,SNOW,0,,,N,0700
US1TXAS0006,20150905,SNOW,0,,,N,0700
US1TXAS0006,20150906,SNOW,0,,,N,0700
US1TXAS0006,20150907,SNOW,0,,,N,0700
US1TXAS0006,20150908,SNOW,0,,,N,0700
US1TXAS0006,20150909,SNOW,0,,,N,0700
US1TXAS0006,20150910,SNOW,0,,,N,0700
US1TXAS0006,20150911,SNOW,0,,,N,0700
US1TXAS0006,20150912,SNOW,0,,,N,0700
US1TXAS0006,20150913,SNOW,0,,,N,0700
US1TXAS0006,20150914,SNOW,0,,,N,0700
US1TXAS0006,20150915,SNOW,0,,,N,0700
US1TXAS0006,20150916,SNOW,0,,,N,0700
US1TXAS0006,20150917,SNOW,0,,,N,0700
US1TXAS0006,20150918,SNOW,0,,,N,0700
US1TXAS0006,20150919,SNOW,0,,,N,0700
US1TXAS0006,20150920,SNOW,0,,,N,0700
US1TXAS0006,20150921,SNOW,0,,,N,0700
US1TXAS0006,20150922,SNOW,0,,,N,0700
US1TXAS0006,20150923,SNOW,0,,,N,0700
US1TXAS0006,20150924,SNOW,0,,,N,0700
US1TXAS0006,20150925,SNOW,0,,,N,0700
US1TXAS0006,20150926,SNOW,0,,,N,0700
US1TXAS0006,20150927,SNOW,0,,,N,0700
US1TXAS0006,20150928,SNOW,0,,,N,0700
US1TXAS0006,20150929,SNOW,0,,,N,0700
US1TXAS0006,20150930,SNOW,0,,,N,0700
US1TXAS0006,20151001,PRCP,0,,,N,0700
US1TXAS0006,20151002,PRCP,0,,,N,0700
US1TXAS0006,20151003,PRCP,0,,,N,0700
US1TXAS0006,20151004,PRCP,0,,,N,0700
US1TXAS0006,20151005,PRCP,0,,,N,0700
US1TXAS0006,20151006,PRCP,0,,,N,0700
US1TXAS0006,20151007,PRCP,0,,,N,0700
US1TXAS0006,20151008,PRCP,0,,,N,0700
US1TXAS0006,20151009,PRCP,0,,,N,0700
US1TXAS0006,20151010,PRCP,0,,,N,0700
US1TXAS0006,20151011,PRCP,0,,,N,0700
US1TXAS0006,20151012,PRCP,0,,,N,0700
US1TXAS0006,20151013,PRCP,0,,,N,0700
US1TXAS0006,20151014,PRCP,0,,,N,0700
US1TXAS0006,20151015,PRCP,0,,,N,0700
US1TXAS0006,20151016,PRCP,0,,,N,0700
US1TXAS0006,20151017,PRCP,0,,,N,0700
US1TXAS0006,20151018,PRCP,0,,,N,0700
US1TXAS0006,20151019,PRCP,0,,,N,0700
US1TXAS0006,20151020,PRCP,0,,,N,0700
US1TXAS0006,20151021,PRCP,0,,,N,0700
US1TXAS0006,20151022,PRCP,0,T,,N,0700
US1TXAS0006,20151023,PRCP,61,,,N,0700
US1TXAS0006,20151024,PRCP,8,,,N,0700
US1TXAS0006,20151025,PRCP,1384,,,N,0700
US1TXAS0006,20151026,PRCP,206,,,N,0700
US1TXAS0006,20151027,PRCP,0,,,N,0700
US1TXAS0006,20151028,PRCP,0,,,N,0700
US1TXAS0006,20151029,PRCP,0,,,N,0700
US1TXAS0006,20151030,PRCP,0,,,N,0700
US1TXAS0006,20151031,PRCP,257,,,N,0700
US1TXAS0006,20151001,SNOW,0,,,N,0700
US1TXAS0006,20151002,SNOW,0,,,N,0700
US1TXAS0006,20151003,SNOW,0,,,N,0700
US1TXAS0006,20151004,SNOW,0,,,N,0700
US1TXAS0006,20151005,SNOW,0,,,N,0700
US1TXAS0006,20151006,SNOW,0,,,N,0700
US1TXAS0006,20151007,SNOW,0,,,N,0700
US1TXAS0006,20151008,SNOW,0,,,N,0700
US1TXAS0006,20151009,SNOW,0,,,N,0700
US1TXAS0006,20151010,SNOW,0,,,N,0700
US1TXAS0006,20151011,SNOW,0,,,N,0700
US1TXAS0006,20151012,SNOW,0,,,N,0700
US1TXAS0006,20151013,SNOW,0,,,N,0700
US1TXAS0006,20151014,SNOW,0,,,N,0700
US1TXAS0006,20151015,SNOW,0,,,N,0700
US1TXAS0006,20151016,SNOW,0,,,N,0700
US1TXAS0006,20151017,SNOW,0,,,N,0700
US1TXAS0006,20151018,SNOW,0,,,N,0700
US1TXAS0006,20151019,SNOW,0,,,N,0700
US1TXAS0006,20151020,SNOW,0,,,N,0700
US1TXAS0006,20151021,SNOW,0,,,N,0700
US1TXAS0006,20151022,SNOW,0,,,N,0700
US1TXAS0006,20151023,SNOW,0,,,N,0700
US1TXAS0006,20151024,SNOW,0,,,N,0700
US1TXAS0006,20151025,SNOW,0,,,N,0700
US1TXAS0006,20151026,SNOW,0,,,N,0700
US1TXAS0006,20151027,SNOW,0,,,N,0700
US1TXAS0006,20151028,SNOW,0,,,N,0700
US1TXAS0006,20151029,SNOW,0,,,N,0700
US1TXAS0006,20151030,SNOW,0,,,N,0700
US1TXAS0006,20151031,SNOW,0,,,N,0700
US1TXAS0006,20151101,PRCP,305,,,N,0700
US1TXAS0006,20151102,PRCP,0,,,N,0700
US1TXAS0006,20151103,PRCP,0,,,N,0700
US1TXAS0006,20151104,PRCP,0,,,N,0700
US1TXAS0006,20151105,PRCP,0,,,N,0700
US1TXAS0006,20151106,PRCP,3,,,N,0700
US1TXAS0006,20151107,PRCP,3,,,N,0700
US1TXAS0006,20151108,PRCP,20,,,N,0700
US1TXAS0006,20151109,PRCP,0,,,N,0700
US1TXAS0006,20151110,PRCP,0,,,N,0700
US1TXAS0006,20151111,PRCP,0,,,N,0700
US1TXAS0006,20151112,PRCP,28,,,N,0700
US1TXAS0006,20151113,PRCP,0,,,N,0700
US1TXAS0006,20151114,PRCP,0,,,N,0700
US1TXAS0006,20151115,PRCP,0,,,N,0700
US1TXAS0006,20151116,PRCP,0,,,N,0700
US1TXAS0006,20151117,PRCP,20,,,N,0700
US1TXAS0006,20151118,PRCP,681,,,N,0700
US1TXAS0006,20151119,PRCP,0,,,N,0700
US1TXAS0006,20151120,PRCP,0,,,N,0700
US1TXAS0006,20151121,PRCP,94,,,N,0700
US1TXAS0006,20151122,PRCP,8,,,N,0700
US1TXAS0006,20151123,PRCP,0,,,N,0700
US1TXAS0006,20151124,PRCP,0,,,N,0700
US1TXAS0006,20151125,PRCP,0,,,N,0700
US1TXAS0006,20151126,PRCP,0,,,N,0700
US1TXAS0006,20151127,PRCP,13,,,N,0700
US1TXAS0006,20151128,PRCP,99,,,N,0700
US1TXAS0006,20151129,PRCP,51,,,N,0700
US1TXAS0006,20151130,PRCP,20,,,N,0700
US1TXAS0006,20151101,SNOW,0,,,N,0700
US1TXAS0006,20151102,SNOW,0,,,N,0700
US1TXAS0006,20151103,SNOW,0,,,N,0700
US1TXAS0006,20151104,SNOW,0,,,N,0700
US1TXAS0006,20151105,SNOW,0,,,N,0700
US1TXAS0006,20151106,SNOW,0,,,N,0700
US1TXAS0006,20151107,SNOW,0,,,N,0700
US1TXAS0006,20151108,SNOW,0,,,N,0700
US1TXAS0006,20151109,SNOW,0,,,N,0700
US1TXAS0006,20151110,SNOW,0,,,N,0700
US1TXAS0006,20151111,SNOW,0,,,N,0700
US1TXAS0006,20151112,SNOW,0,,,N,0700
US1TXAS0006,20151113,SNOW,0,,,N,0700
US1TXAS0006,20151114,SNOW,0,,,N,0700
US1TXAS0006,20151115,SNOW,0,,,N,0700
US1TXAS0006,20151116,SNOW,0,,,N,0700
US1TXAS0006,20151117,SNOW,0,,,N,0700
US1TXAS0006,20151118,SNOW,0,,,N,0700
US1TXAS0006,20151119,SNOW,0,,,N,0700
US1TXAS0006,20151120,SNOW,0,,,N,0700
US1TXAS0006,20151121,SNOW,0,,,N,0700
US1TXAS0006,20151122,SNOW,0,,,N,0700
US1TXAS0006,20151123,SNOW,0,,,N,0700
US1TXAS0006,20151124,SNOW,0,,,N,0700
US1TXAS0006,20151125,SNOW,0,,,N,0700
US1TXAS0006,20151126,SNOW,0,,,N,0700
US1TXAS0006,20151127,SNOW,0,,,N,0700
US1TXAS0006,20151128,SNOW,0,,,N,0700
US1TXAS0006,20151129,SNOW,0,,,N,0700
US1TXAS0006,20151130,SNOW,0,,,N,0700
US1TXAS0006,20151201,PRCP,25,,,N,0700
US1TXAS0006,20151202,PRCP,5,,,N,0700
US1TXAS0006,20151203,PRCP,0,,,N,0700
US1TXAS0006,20151204,PRCP,0,,,N,0700
US1TXAS0006,20151205,PRCP,0,,,N,0700
US1TXAS0006,20151206,PRCP,0,,,N,0700
US1TXAS0006,20151207,PRCP,0,,,N,0700
US1TXAS0006,20151208,PRCP,0,,,N,0700
US1TXAS0006,20151209,PRCP,0,,,N,0700
US1TXAS0006,20151210,PRCP,0,,,N,0700
US1TXAS0006,20151211,PRCP,0,,,N,0700
US1TXAS0006,20151212,PRCP,0,,,N,0700
US1TXAS0006,20151213,PRCP,467,,,N,0700
US1TXAS0006,20151214,PRCP,84,,,N,0700
US1TXAS0006,20151215,PRCP,0,,,N,0700
US1TXAS0006,20151216,PRCP,0,T,,N,0700
US1TXAS0006,20151217,PRCP,0,,,N,0700
US1TXAS0006,20151218,PRCP,0,,,N,0700
US1TXAS0006,20151219,PRCP,0,,,N,0700
US1TXAS0006,20151220,PRCP,0,,,N,0700
US1TXAS0006,20151221,PRCP,8,,,N,0700
US1TXAS0006,20151222,PRCP,0,,,N,0700
US1TXAS0006,20151223,PRCP,0,T,,N,0700
US1TXAS0006,20151224,PRCP,0,,,N,0700
US1TXAS0006,20151225,PRCP,0,,,N,0700
US1TXAS0006,20151226,PRCP,3,,,N,0700
US1TXAS0006,20151227,PRCP,23,,,N,0700
US1TXAS0006,20151228,PRCP,287,,,N,0700
US1TXAS0006,20151229,PRCP,0,,,N,0700
US1TXAS0006,20151230,PRCP,10,,,N,0700
US1TXAS0006,20151231,PRCP,10,,,N,0700
US1TXAS0006,20151201,SNOW,0,,,N,0700
US1TXAS0006,20151202,SNOW,0,,,N,0700
US1TXAS0006,20151203,SNOW,0,,,N,0700
US1TXAS0006,20151204,SNOW,0,,,N,0700
US1TXAS0006,20151205,SNOW,0,,,N,0700
US1TXAS0006,20151206,SNOW,0,,,N,0700
US1TXAS0006,20151207,SNOW,0,,,N,0700
US1TXAS0006,20151208,SNOW,0,,,N,0700
US1TXAS0006,20151209,SNOW,0,,,N,0700
US1TXAS0006,20151210,SNOW,0,,,N,0700
US1TXAS0006,20151211,SNOW,0,,,N,0700
US1TXAS0006,20151212,SNOW,0,,,N,0700
US1TXAS0006,20151213,SNOW,0,,,N,0700
US1TXAS0006,20151214,SNOW,0,,,N,0700
US1TXAS0006,20151215,SNOW,0,,,N,0700
US1TXAS0006,20151216,SNOW,0,,,N,0700
US1TXAS0006,20151217,SNOW,0,,,N,0700
US1TXAS0006,20151218,SNOW,0,,,N,0700
US1TXAS0006,20151219,SNOW,0,,,N,0700
US1TXAS0006,20151220,SNOW,0,,,N,0700
US1TXAS0006,20151221,SNOW,0,,,N,0700
US1TXAS0006,20151222,SNOW,0,,,N,0700
US1TXAS0006,20151223,SNOW,0,,,N,0700
US1TXAS0006,20151224,SNOW,0,,,N,0700
US1TXAS0006,20151225,SNOW,0,,,N,0700
US1TXAS0006,20151226,SNOW,0,,,N,0700
US1TXAS0006,20151227,SNOW,0,,,N,0700
US1TXAS0006,20151228,SNOW,0,,,N,0700
US1TXAS0006,20151229,SNOW,0,,,N,0700
US1TXAS0006,20151230,SNOW,0,,,N,0700
US1TXAS0006,20151231,SNOW,0,,,N,0700
US1TXAS0006,20151201,SNWD,0,,,N,0700
US1TXAS0006,20151202,SNWD,0,,,N,0700
US1TXAS0006,20151203,SNWD,0,,,N,0700
US1TXAS0006,20151204,SNWD,0,,,N,0700
US1TXAS0006,20151205,SNWD,0,,,N,0700
US1TXAS0006,20151206,SNWD,0,,,N,0700
US1TXAS0006,20151207,SNWD,0,,,N,0700
US1TXAS0006,20151208,SNWD,0,,,N,0700
US1TXAS0006,20151209,SNWD,0,,,N,0700
US1TXAS0006,20151210,SNWD,0,,,N,0700
US1TXAS0006,20151211,SNWD,0,,,N,0700
US1TXAS0006,20151212,SNWD,0,,,N,0700
US1TXAS0006,20151213,SNWD,0,,,N,0700
US1TXAS0006,20151214,SNWD,0,,,N,0700
US1TXAS0006,20151215,SNWD,0,,,N,0700
US1TXAS0006,20151216,SNWD,0,,,N,0700
US1TXAS0006,20151217,SNWD,0,,,N,0700
US1TXAS0006,20151218,SNWD,0,,,N,0700
US1TXAS0006,20151219,SNWD,0,,,N,0700
US1TXAS0006,20151220,SNWD,0,,,N,0700
US1TXAS0006,20151221,SNWD,0,,,N,0700
US1TXAS0006,20151222,SNWD,0,,,N,0700
US1TXAS0006,20151223,SNWD,0,,,N,0700
US1TXAS0006,20151224,SNWD,0,,,N,0700
US1TXAS0006,20151225,SNWD,0,,,N,0700
US1TXAS0006,20151226,SNWD,0,,,N,0700
US1TXAS0006,20151227,SNWD,0,,,N,0700
US1TXAS0006,20151228,SNWD,0,,,N,0700
US1TXAS0006,20151229,SNWD,0,,,N,0700
US1TXAS0006,20151230,SNWD,0,,,N,0700
US1TXAS0006,20151231,SNWD,0,,,N,0700
US1TXAS0006,20160101,PRCP,5,,,N,0700
US1TXAS0006,20160102,PRCP,10,,,N,0700
US1TXAS0006,20160103,PRCP,53,,,N,0700
US1TXAS0006,20160104,PRCP,0,,,N,0700
US1TXAS0006,20160105,PRCP,0,,,N,0700
US1TXAS0006,20160106,PRCP,20,,,N,0700
US1TXAS0006,20160107,PRCP,198,,,N,0700
US1TXAS0006,20160108,PRCP,0,,,N,0700
US1TXAS0006,20160109,PRCP,0,T,,N,0700
US1TXAS0006,20160110,PRCP,0,,,N,0700
US1TXAS0006,20160111,PRCP,0,,,N,0700
US1TXAS0006,20160112,PRCP,0,,,N,0700
US1TXAS0006,20160113,PRCP,0,,,N,0700
US1TXAS0006,20160114,PRCP,0,,,N,0700
US1TXAS0006,20160115,PRCP,0,,,N,0700
US1TXAS0006,20160116,PRCP,0,,,N,0700
US1TXAS0006,20160117,PRCP,61,,,N,0700
US1TXAS0006,20160118,PRCP,0,,,N,0700
US1TXAS0006,20160119,PRCP,0,,,N,0700
US1TXAS0006,20160120,PRCP,0,,,N,0700
US1TXAS0006,20160121,PRCP,0,,,N,0700
US1TXAS0006,20160122,PRCP,5,,,N,0700
US1TXAS0006,20160123,PRCP,0,,,N,0700
US1TXAS0006,20160124,PRCP,0,,,N,0700
US1TXAS0006,20160125,PRCP,0,,,N,0700
US1TXAS0006,20160126,PRCP,0,,,N,0700
US1TXAS0006,20160127,PRCP,41,,,N,0700
US1TXAS0006,20160128,PRCP,0,,,N,0700
US1TXAS0006,20160129,PRCP,0,,,N,0700
US1TXAS0006,20160130,PRCP,0,,,N,0700
US1TXAS0006,20160131,PRCP,0,,,N,0700
US1TXAS0006,20160101,SNOW,0,,,N,0700
US1TXAS0006,20160102,SNOW,0,,,N,0700
US1TXAS0006,20160103,SNOW,0,,,N,0700
US1TXAS0006,20160104,SNOW,0,,,N,0700
US1TXAS0006,20160105,SNOW,0,,,N,0700
US1TXAS0006,20160106,SNOW,0,,,N,0700
US1TXAS0006,20160107,SNOW,0,,,N,0700
US1TXAS0006,20160108,SNOW,0,,,N,0700
US1TXAS0006,20160109,SNOW,0,,,N,0700
US1TXAS0006,20160110,SNOW,0,,,N,0700
US1TXAS0006,20160111,SNOW,0,,,N,0700
US1TXAS0006,20160112,SNOW,0,,,N,0700
US1TXAS0006,20160113,SNOW,0,,,N,0700
US1TXAS0006,20160114,SNOW,0,,,N,0700
US1TXAS0006,20160115,SNOW,0,,,N,0700
US1TXAS0006,20160116,SNOW,0,,,N,0700
US1TXAS0006,20160117,SNOW,0,,,N,0700
US1TXAS0006,20160118,SNOW,0,,,N,0700
US1TXAS0006,20160119,SNOW,0,,,N,0700
US1TXAS0006,20160120,SNOW,0,,,N,0700
US1TXAS0006,20160121,SNOW,0,,,N,0700
US1TXAS0006,20160122,SNOW,0,,,N,0700
US1TXAS0006,20160123,SNOW,0,,,N,0700
US1TXAS0006,20160124,SNOW,0,,,N,0700
US1TXAS0006,20160125,SNOW,0,,,N,0700
US1TXAS0006,20160126,SNOW,0,,,N,0700
US1TXAS0006,20160127,SNOW,0,,,N,0700
US1TXAS0006,20160128,SNOW,0,,,N,0700
US1TXAS0006,20160129,SNOW,0,,,N,0700
US1TXAS0006,20160130,SNOW,0,,,N,0700
US1TXAS0006,20160131,SNOW,0,,,N,0700
US1TXAS0006,20160101,SNWD,0,,,N,0700
US1TXAS0006,20160102,SNWD,0,,,N,0700
US1TXAS0006,20160103,SNWD,0,,,N,0700
US1TXAS0006,20160104,SNWD,0,,,N,0700
US1TXAS0006,20160105,SNWD,0,,,N,0700
US1TXAS0006,20160106,SNWD,0,,,N,0700
US1TXAS0006,20160107,SNWD,0,,,N,0700
US1TXAS0006,20160109,SNWD,0,,,N,0700
US1TXAS0006,20160110,SNWD,0,,,N,0700
US1TXAS0006,20160111,SNWD,0,,,N,0700
US1TXAS0006,20160112,SNWD,0,,,N,0700
US1TXAS0006,20160113,SNWD,0,,,N,0700
US1TXAS0006,20160114,SNWD,0,,,N,0700
US1TXAS0006,20160115,SNWD,0,,,N,0700
US1TXAS0006,20160116,SNWD,0,,,N,0700
US1TXAS0006,20160117,SNWD,0,,,N,0700
US1TXAS0006,20160118,SNWD,0,,,N,0700
US1TXAS0006,20160119,SNWD,0,,,N,0700
US1TXAS0006,20160120,SNWD,0,,,N,0700
US1TXAS0006,20160121,SNWD,0,,,N,0700
US1TXAS0006,20160122,SNWD,0,,,N,0700
US1TXAS0006,20160123,SNWD,0,,,N,0700
US1TXAS0006,20160124,SNWD,0,,,N,0700
US1TXAS0006,20160125,SNWD,0,,,N,0700
US1TXAS0006,20160126,SNWD,0,,,N,0700
US1TXAS0006,20160127,SNWD,0,,,N,0700
US1TXAS0006,20160128,SNWD,0,,,N,0700
US1TXAS0006,20160129,SNWD,0,,,N,0700
US1TXAS0006,20160130,SNWD,0,,,N,0700
US1TXAS0006,20160131,SNWD,0,,,N,0700
US1TXAS0006,20160201,PRCP,0,,,N,0700
US1TXAS0006,20160202,PRCP,0,,,N,0700
US1TXAS0006,20160203,PRCP,0,,,N,0700
US1TXAS0006,20160204,PRCP,0,,,N,0700
US1TXAS0006,20160205,PRCP,0,,,N,0700
US1TXAS0006,20160206,PRCP,15,,,N,0700
US1TXAS0006,20160207,PRCP,0,,,N,0700
US1TXAS0006,20160208,PRCP,0,,,N,0700
US1TXAS0006,20160209,PRCP,0,,,N,0700
US1TXAS0006,20160210,PRCP,0,,,N,0700
US1TXAS0006,20160211,PRCP,0,,,N,0700
US1TXAS0006,20160212,PRCP,0,,,N,0700
US1TXAS0006,20160213,PRCP,0,,,N,0700
US1TXAS0006,20160214,PRCP,0,,,N,0700
US1TXAS0006,20160215,PRCP,0,,,N,0700
US1TXAS0006,20160216,PRCP,0,,,N,0700
US1TXAS0006,20160217,PRCP,0,,,N,0700
US1TXAS0006,20160218,PRCP,0,,,N,0700
US1TXAS0006,20160219,PRCP,0,,,N,0700
US1TXAS0006,20160220,PRCP,0,,,N,0700
US1TXAS0006,20160221,PRCP,0,,,N,0700
US1TXAS0006,20160222,PRCP,102,,,N,0700
US1TXAS0006,20160223,PRCP,422,,,N,0700
US1TXAS0006,20160224,PRCP,3,,,N,0700
US1TXAS0006,20160225,PRCP,0,,,N,0700
US1TXAS0006,20160226,PRCP,0,,,N,0700
US1TXAS0006,20160227,PRCP,0,,,N,0700
US1TXAS0006,20160228,PRCP,0,,,N,0700
US1TXAS0006,20160229,PRCP,0,,,N,0700
US1TXAS0006,20160201,SNOW,0,,,N,0700
US1TXAS0006,20160202,SNOW,0,,,N,0700
US1TXAS0006,20160203,SNOW,0,,,N,0700
US1TXAS0006,20160204,SNOW,0,,,N,0700
US1TXAS0006,20160205,SNOW,0,,,N,0700
US1TXAS0006,20160206,SNOW,0,,,N,0700
US1TXAS0006,20160207,SNOW,0,,,N,0700
US1TXAS0006,20160208,SNOW,0,,,N,0700
US1TXAS0006,20160209,SNOW,0,,,N,0700
US1TXAS0006,20160210,SNOW,0,,,N,0700
US1TXAS0006,20160211,SNOW,0,,,N,0700
US1TXAS0006,20160212,SNOW,0,,,N,0700
US1TXAS0006,20160213,SNOW,0,,,N,0700
US1TXAS0006,20160214,SNOW,0,,,N,0700
US1TXAS0006,20160215,SNOW,0,,,N,0700
US1TXAS0006,20160216,SNOW,0,,,N,0700
US1TXAS0006,20160217,SNOW,0,,,N,0700
US1TXAS0006,20160218,SNOW,0,,,N,0700
US1TXAS0006,20160219,SNOW,0,,,N,0700
US1TXAS0006,20160220,SNOW,0,,,N,0700
US1TXAS0006,20160221,SNOW,0,,,N,0700
US1TXAS0006,20160222,SNOW,0,,,N,0700
US1TXAS0006,20160223,SNOW,0,,,N,0700
US1TXAS0006,20160224,SNOW,0,,,N,0700
US1TXAS0006,20160225,SNOW,0,,,N,0700
US1TXAS0006,20160226,SNOW,0,,,N,0700
US1TXAS0006,20160227,SNOW,0,,,N,0700
US1TXAS0006,20160228,SNOW,0,,,N,0700
US1TXAS0006,20160229,SNOW,0,,,N,0700
US1TXAS0006,20160201,SNWD,0,,,N,0700
US1TXAS0006,20160202,SNWD,0,,,N,0700
US1TXAS0006,20160203,SNWD,0,,,N,0700
US1TXAS0006,20160204,SNWD,0,,,N,0700
US1TXAS0006,20160205,SNWD,0,,,N,0700
US1TXAS0006,20160206,SNWD,0,,,N,0700
US1TXAS0006,20160207,SNWD,0,,,N,0700
US1TXAS0006,20160208,SNWD,0,,,N,0700
US1TXAS0006,20160209,SNWD,0,,,N,0700
US1TXAS0006,20160210,SNWD,0,,,N,0700
US1TXAS0006,20160211,SNWD,0,,,N,0700
US1TXAS0006,20160212,SNWD,0,,,N,0700
US1TXAS0006,20160213,SNWD,0,,,N,0700
US1TXAS0006,20160214,SNWD,0,,,N,0700
US1TXAS0006,20160215,SNWD,0,,,N,0700
US1TXAS0006,20160216,SNWD,0,,,N,0700
US1TXAS0006,20160217,SNWD,0,,,N,0700
US1TXAS0006,20160218,SNWD,0,,,N,0700
US1TXAS0006,20160219,SNWD,0,,,N,0700
US1TXAS0006,20160220,SNWD,0,,,N,0700
US1TXAS0006,20160221,SNWD,0,,,N,0700
US1TXAS0006,20160222,SNWD,0,,,N,0700
US1TXAS0006,20160223,SNWD,0,,,N,0700
US1TXAS0006,20160224,SNWD,0,,,N,0700
US1TXAS0006,20160225,SNWD,0,,,N,0700
US1TXAS0006,20160226,SNWD,0,,,N,0700
US1TXAS0006,20160227,SNWD,0,,,N,0700
US1TXAS0006,20160228,SNWD,0,,,N,0700
US1TXAS0006,20160229,SNWD,0,,,N,0700
US1TXAS0006,20160301,PRCP,0,,,N,0700
US1TXAS0006,20160302,PRCP,0,,,N,0700
US1TXAS0006,20160303,PRCP,0,,,N,0700
US1TXAS0006,20160304,PRCP,0,,,N,0700
US1TXAS0006,20160305,PRCP,0,,,N,0700
US1TXAS0006,20160306,PRCP,0,,,N,0700
US1TXAS0006,20160307,PRCP,0,,,N,0700
US1TXAS0006,20160308,PRCP,0,T,,N,0700
US1TXAS0006,20160309,PRCP,460,,,N,0700
US1TXAS0006,20160310,PRCP,942,,,N,0700
US1TXAS0006,20160311,PRCP,46,,,N,0700
US1TXAS0006,20160312,PRCP,56,,,N,0700
US1TXAS0006,20160313,PRCP,0,,,N,0700
US1TXAS0006,20160314,PRCP,0,,,N,0700
US1TXAS0006,20160315,PRCP,0,,,N,0700
US1TXAS0006,20160316,PRCP,0,,,N,0700
US1TXAS0006,20160317,PRCP,0,,,N,0700
US1TXAS0006,20160318,PRCP,18,,,N,0700
US1TXAS0006,20160319,PRCP,56,,,N,0700
US1TXAS0006,20160320,PRCP,0,,,N,0700
US1TXAS0006,20160321,PRCP,0,,,N,0700
US1TXAS0006,20160322,PRCP,0,,,N,0700
US1TXAS0006,20160323,PRCP,0,,,N,0700
US1TXAS0006,20160324,PRCP,201,,,N,0700
US1TXAS0006,20160325,PRCP,3,,,N,0700
US1TXAS0006,20160326,PRCP,0,,,N,0700
US1TXAS0006,20160327,PRCP,0,,,N,0700
US1TXAS0006,20160328,PRCP,0,,,N,0700
US1TXAS0006,20160329,PRCP,0,,,N,0700
US1TXAS0006,20160330,PRCP,5,,,N,0700
US1TXAS0006,20160331,PRCP,0,T,,N,0700
US1TXAS0006,20160301,SNOW,0,,,N,0700
US1TXAS0006,20160302,SNOW,0,,,N,0700
US1TXAS0006,20160303,SNOW,0,,,N,0700
US1TXAS0006,20160304,SNOW,0,,,N,0700
US1TXAS0006,20160305,SNOW,0,,,N,0700
US1TXAS0006,20160306,SNOW,0,,,N,0700
US1TXAS0006,20160307,SNOW,0,,,N,0700
US1TXAS0006,20160308,SNOW,0,,,N,0700
US1TXAS0006,20160309,SNOW,0,,,N,0700
US1TXAS0006,20160310,SNOW,0,,,N,0700
US1TXAS0006,20160311,SNOW,0,,,N,0700
US1TXAS0006,20160312,SNOW,0,,,N,0700
US1TXAS0006,20160313,SNOW,0,,,N,0700
US1TXAS0006,20160314,SNOW,0,,,N,0700
US1TXAS0006,20160315,SNOW,0,,,N,0700
US1TXAS0006,20160316,SNOW,0,,,N,0700
US1TXAS0006,20160317,SNOW,0,,,N,0700
US1TXAS0006,20160318,SNOW,0,,,N,0700
US1TXAS0006,20160319,SNOW,0,,,N,0700
US1TXAS0006,20160320,SNOW,0,,,N,0700
US1TXAS0006,20160321,SNOW,0,,,N,0700
US1TXAS0006,20160322,SNOW,0,,,N,0700
US1TXAS0006,20160323,SNOW,0,,,N,0700
US1TXAS0006,20160324,SNOW,0,,,N,0700
US1TXAS0006,20160325,SNOW,0,,,N,0700
US1TXAS0006,20160326,SNOW,0,,,N,0700
US1TXAS0006,20160327,SNOW,0,,,N,0700
US1TXAS0006,20160328,SNOW,0,,,N,0700
US1TXAS0006,20160329,SNOW,0,,,N,0700
US1TXAS0006,20160330,SNOW,0,,,N,0700
US1TXAS0006,20160331,SNOW,0,,,N,0700
US1TXAS0006,20160401,PRCP,8,,,N,0700
US1TXAS0006,20160402,PRCP,0,,,N,0700
US1TXAS0006,20160403,PRCP,0,,,N,0700
US1TXAS0006,20160404,PRCP,0,,,N,0700
US1TXAS0006,20160405,PRCP,0,,,N,0700
US1TXAS0006,20160406,PRCP,0,,,N,0700
US1TXAS0006,20160407,PRCP,0,,,N,0700
US1TXAS0006,20160408,PRCP,0,,,N,0700
US1TXAS0006,20160409,PRCP,0,,,N,0700
US1TXAS0006,20160410,PRCP,0,,,N,0700
US1TXAS0006,20160411,PRCP,0,T,,N,0700
US1TXAS0006,20160412,PRCP,0,,,N,0700
US1TXAS0006,20160413,PRCP,211,,,N,0700
US1TXAS0006,20160414,PRCP,5,,,N,0700
US1TXAS0006,20160415,PRCP,0,,,N,0700
US1TXAS0006,20160416,PRCP,0,,,N,0700
US1TXAS0006,20160417,PRCP,10,,,N,0700
US1TXAS0006,20160418,PRCP,3112,,,N,0700
US1TXAS0006,20160419,PRCP,561,,,N,0700
US1TXAS0006,20160420,PRCP,3,,,N,0700
US1TXAS0006,20160421,PRCP,213,,,N,0700
US1TXAS0006,20160422,PRCP,132,,,N,0700
US1TXAS0006,20160423,PRCP,0,,,N,0700
US1TXAS0006,20160424,PRCP,0,,,N,0700
US1TXAS0006,20160425,PRCP,99,,,N,0700
US1TXAS0006,20160426,PRCP,0,,,N,0700
US1TXAS0006,20160427,PRCP,140,,,N,0700
US1TXAS0006,20160428,PRCP,0,,,N,0700
US1TXAS0006,20160429,PRCP,0,,,N,0700
US1TXAS0006,20160430,PRCP,10,,,N,0700
US1TXAS0006,20160401,SNOW,0,,,N,0700
US1TXAS0006,20160402,SNOW,0,,,N,0700
US1TXAS0006,20160403,SNOW,0,,,N,0700
US1TXAS0006,20160404,SNOW,0,,,N,0700
US1TXAS0006,20160405,SNOW,0,,,N,0700
US1TXAS0006,20160406,SNOW,0,,,N,0700
US1TXAS0006,20160407,SNOW,0,,,N,0700
US1TXAS0006,20160408,SNOW,0,,,N,0700
US1TXAS0006,20160409,SNOW,0,,,N,0700
US1TXAS0006,20160410,SNOW,0,,,N,0700
US1TXAS0006,20160411,SNOW,0,,,N,0700
US1TXAS0006,20160412,SNOW,0,,,N,0700
US1TXAS0006,20160413,SNOW,0,,,N,0700
US1TXAS0006,20160414,SNOW,0,,,N,0700
US1TXAS0006,20160415,SNOW,0,,,N,0700
US1TXAS0006,20160416,SNOW,0,,,N,0700
US1TXAS0006,20160417,SNOW,0,,,N,0700
US1TXAS0006,20160418,SNOW,0,,,N,0700
US1TXAS0006,20160419,SNOW,0,,,N,0700
US1TXAS0006,20160420,SNOW,0,,,N,0700
US1TXAS0006,20160421,SNOW,0,,,N,0700
US1TXAS0006,20160422,SNOW,0,,,N,0700
US1TXAS0006,20160423,SNOW,0,,,N,0700
US1TXAS0006,20160424,SNOW,0,,,N,0700
US1TXAS0006,20160425,SNOW,0,,,N,0700
US1TXAS0006,20160426,SNOW,0,,,N,0700
US1TXAS0006,20160428,SNOW,0,,,N,0700
US1TXAS0006,20160429,SNOW,0,,,N,0700
US1TXAS0006,20160430,SNOW,0,,,N,0700
US1TXAS0006,20160501,PRCP,33,,,N,0700
US1TXAS0006,20160502,PRCP,61,,,N,0700
US1TXAS0006,20160503,PRCP,3,,,N,0700
US1TXAS0006,20160504,PRCP,0,,,N,0700
US1TXAS0006,20160505,PRCP,0,,,N,0700
US1TXAS0006,20160506,PRCP,0,,,N,0700
US1TXAS0006,20160507,PRCP,0,,,N,0700
US1TXAS0006,20160508,PRCP,0,,,N,0700
US1TXAS0006,20160509,PRCP,0,T,,N,0700
US1TXAS0006,20160510,PRCP,0,,,N,0700
US1TXAS0006,20160511,PRCP,8,,,N,0700
US1TXAS0006,20160512,PRCP,0,,,N,0700
US1TXAS0006,20160513,PRCP,0,,,N,0700
US1TXAS0006,20160514,PRCP,0,,,N,0700
US1TXAS0006,20160515,PRCP,1041,,,N,0700
US1TXAS0006,20160516,PRCP,170,,,N,0700
US1TXAS0006,20160517,PRCP,25,,,N,0700
US1TXAS0006,20160518,PRCP,13,,,N,0700
US1TXAS0006,20160519,PRCP,0,,,N,0700
US1TXAS0006,20160520,PRCP,358,,,N,0700
US1TXAS0006,20160521,PRCP,0,,,N,0700
US1TXAS0006,20160522,PRCP,3,,,N,0700
US1TXAS0006,20160523,PRCP,0,,,N,0700
US1TXAS0006,20160524,PRCP,0,,,N,0700
US1TXAS0006,20160525,PRCP,0,,,N,0700
US1TXAS0006,20160526,PRCP,0,,,N,0700
US1TXAS0006,20160527,PRCP,351,,,N,0700
US1TXAS0006,20160528,PRCP,655,,,N,0700
US1TXAS0006,20160529,PRCP,0,,,N,0700
US1TXAS0006,20160530,PRCP,0,,,N,0700
US1TXAS0006,20160531,PRCP,23,,,N,0700
US1TXAS0006,20160501,SNOW,0,,,N,0700
US1TXAS0006,20160502,SNOW,0,,,N,0700
US1TXAS0006,20160503,SNOW,0,,,N,0700
US1TXAS0006,20160504,SNOW,0,,,N,0700
US1TXAS0006,20160505,SNOW,0,,,N,0700
US1TXAS0006,20160506,SNOW,0,,,N,0700
US1TXAS0006,20160507,SNOW,0,,,N,0700
US1TXAS0006,20160508,SNOW,0,,,N,0700
US1TXAS0006,20160509,SNOW,0,,,N,0700
US1TXAS0006,20160510,SNOW,0,,,N,0700
US1TXAS0006,20160511,SNOW,0,,,N,0700
US1TXAS0006,20160512,SNOW,0,,,N,0700
US1TXAS0006,20160513,SNOW,0,,,N,0700
US1TXAS0006,20160514,SNOW,0,,,N,0700
US1TXAS0006,20160515,SNOW,0,,,N,0700
US1TXAS0006,20160516,SNOW,0,,,N,0700
US1TXAS0006,20160517,SNOW,0,,,N,0700
US1TXAS0006,20160518,SNOW,0,,,N,0700
US1TXAS0006,20160519,SNOW,0,,,N,0700
US1TXAS0006,20160520,SNOW,0,,,N,0700
US1TXAS0006,20160521,SNOW,0,,,N,0700
US1TXAS0006,20160522,SNOW,0,,,N,0700
US1TXAS0006,20160523,SNOW,0,,,N,0700
US1TXAS0006,20160524,SNOW,0,,,N,0700
US1TXAS0006,20160525,SNOW,0,,,N,0700
US1TXAS0006,20160526,SNOW,0,,,N,0700
US1TXAS0006,20160527,SNOW,0,,,N,0700
US1TXAS0006,20160528,SNOW,0,,,N,0700
US1TXAS0006,20160529,SNOW,0,,,N,0700
US1TXAS0006,20160530,SNOW,0,,,N,0700
US1TXAS0006,20160531,SNOW,0,,,N,0700
US1TXAS0006,20160601,PRCP,61,,,N,0700
US1TXAS0006,20160602,PRCP,124,,,N,0700
US1TXAS0006,20160603,PRCP,84,,,N,0700
US1TXAS0006,20160604,PRCP,127,,,N,0700
US1TXAS0006,20160605,PRCP,117,,,N,0700
US1TXAS0006,20160606,PRCP,15,,,N,0700
US1TXAS0006,20160607,PRCP,239,,,N,0700
US1TXAS0006,20160608,PRCP,0,,,N,0700
US1TXAS0006,20160609,PRCP,0,,,N,0700
US1TXAS0006,20160610,PRCP,0,,,N,0700
US1TXAS0006,20160611,PRCP,48,,,N,0700
US1TXAS0006,20160612,PRCP,0,,,N,0700
US1TXAS0006,20160613,PRCP,8,,,N,0700
US1TXAS0006,20160614,PRCP,0,,,N,0700
US1TXAS0006,20160615,PRCP,0,,,N,0700
US1TXAS0006,20160616,PRCP,0,,,N,0700
US1TXAS0006,20160617,PRCP,0,,,N,0700
US1TXAS0006,20160618,PRCP,0,,,N,0700
US1TXAS0006,20160619,PRCP,38,,,N,0700
US1TXAS0006,20160620,PRCP,0,,,N,0700
US1TXAS0006,20160621,PRCP,0,,,N,0700
US1TXAS0006,20160622,PRCP,0,,,N,0700
US1TXAS0006,20160623,PRCP,0,,,N,0700
US1TXAS0006,20160624,PRCP,0,,,N,0700
US1TXAS0006,20160625,PRCP,0,,,N,0700
US1TXAS0006,20160626,PRCP,91,,,N,0700
US1TXAS0006,20160627,PRCP,0,,,N,0700
US1TXAS0006,20160628,PRCP,0,,,N,0700
US1TXAS0006,20160629,PRCP,76,,,N,0700
US1TXAS0006,20160630,PRCP,0,,,N,0700
US1TXAS0006,20160601,SNOW,0,,,N,0700
US1TXAS0006,20160602,SNOW,0,,,N,0700
US1TXAS0006,20160603,SNOW,0,,,N,0700
US1TXAS0006,20160604,SNOW,0,,,N,0700
US1TXAS0006,20160605,SNOW,0,,,N,0700
US1TXAS0006,20160607,SNOW,0,,,N,0700
US1TXAS0006,20160608,SNOW,0,,,N,0700
US1TXAS0006,20160609,SNOW,0,,,N,0700
US1TXAS0006,20160610,SNOW,0,,,N,0700
US1TXAS0006,20160611,SNOW,0,,,N,0700
US1TXAS0006,20160612,SNOW,0,,,N,0700
US1TXAS0006,20160613,SNOW,0,,,N,0700
US1TXAS0006,20160614,SNOW,0,,,N,0700
US1TXAS0006,20160615,SNOW,0,,,N,0700
US1TXAS0006,20160616,SNOW,0,,,N,0700
US1TXAS0006,20160617,SNOW,0,,,N,0700
US1TXAS0006,20160618,SNOW,0,,,N,0700
US1TXAS0006,20160619,SNOW,0,,,N,0700
US1TXAS0006,20160620,SNOW,0,,,N,0700
US1TXAS0006,20160621,SNOW,0,,,N,0700
US1TXAS0006,20160622,SNOW,0,,,N,0700
US1TXAS0006,20160623,SNOW,0,,,N,0700
US1TXAS0006,20160624,SNOW,0,,,N,0700
US1TXAS0006,20160625,SNOW,0,,,N,0700
US1TXAS0006,20160626,SNOW,0,,,N,0700
US1TXAS0006,20160627,SNOW,0,,,N,0700
US1TXAS0006,20160628,SNOW,0,,,N,0700
US1TXAS0006,20160629,SNOW,0,,,N,0700
US1TXAS0006,20160630,SNOW,0,,,N,0700
US1TXAS0006,20160701,PRCP,0,,,N,0700
US1TXAS0006,20160702,PRCP,8,,,N,0700
US1TXAS0006,20160703,PRCP,0,,,N,0700
US1TXAS0006,20160704,PRCP,0,,,N,0700
US1TXAS0006,20160705,PRCP,0,,,N,0700
US1TXAS0006,20160706,PRCP,0,,,N,0700
US1TXAS0006,20160707,PRCP,0,,,N,0700
US1TXAS0006,20160708,PRCP,0,,,N,0700
US1TXAS0006,20160709,PRCP,0,,,N,0700
US1TXAS0006,20160710,PRCP,0,,,N,0700
US1TXAS0006,20160711,PRCP,0,,,N,0700
US1TXAS0006,20160712,PRCP,0,,,N,0700
US1TXAS0006,20160713,PRCP,0,,,N,0700
US1TXAS0006,20160714,PRCP,0,,,N,0700
US1TXAS0006,20160715,PRCP,0,,,N,0700
US1TXAS0006,20160716,PRCP,0,,,N,0700
US1TXAS0006,20160717,PRCP,0,,,N,0700
US1TXAS0006,20160718,PRCP,0,T,,N,0700
US1TXAS0006,20160719,PRCP,0,,,N,0700
US1TXAS0006,20160720,PRCP,3,,,N,0700
US1TXAS0006,20160721,PRCP,13,,,N,0700
US1TXAS0006,20160722,PRCP,0,,,N,0645
US1TXAS0006,20160723,PRCP,0,,,N,0700
US1TXAS0006,20160724,PRCP,0,,,N,0700
US1TXAS0006,20160725,PRCP,0,,,N,0700
US1TXAS0006,20160726,PRCP,130,,,N,0700
US1TXAS0006,20160727,PRCP,119,,,N,0655
US1TXAS0006,20160728,PRCP,0,,,N,0700
US1TXAS0006,20160729,PRCP,119,,,N,0700
US1TXAS0006,20160730,PRCP,0,,,N,0700
US1TXAS0006,20160731,PRCP,0,,,N,0700
US1TXAS0006,20160701,SNOW,0,,,N,0700
US1TXAS0006,20160702,SNOW,0,,,N,0700
US1TXAS0006,20160703,SNOW,0,,,N,0700
US1TXAS0006,20160704,SNOW,0,,,N,0700
US1TXAS0006,20160705,SNOW,0,,,N,0700
US1TXAS0006,20160706,SNOW,0,,,N,0700
US1TXAS0006,20160707,SNOW,0,,,N,0700
US1TXAS0006,20160708,SNOW,0,,,N,0700
US1TXAS0006,20160709,SNOW,0,,,N,0700
US1TXAS0006,20160710,SNOW,0,,,N,0700
US1TXAS0006,20160711,SNOW,0,,,N,0700
US1TXAS0006,20160712,SNOW,0,,,N,0700
US1TXAS0006,20160713,SNOW,0,,,N,0700
US1TXAS0006,20160714,SNOW,0,,,N,0700
US1TXAS0006,20160715,SNOW,0,,,N,0700
US1TXAS0006,20160716,SNOW,0,,,N,0700
US1TXAS0006,20160717,SNOW,0,,,N,0700
US1TXAS0006,20160718,SNOW,0,,,N,0700
US1TXAS0006,20160719,SNOW,0,,,N,0700
US1TXAS0006,20160720,SNOW,0,,,N,0700
US1TXAS0006,20160721,SNOW,0,,,N,0700
US1TXAS0006,20160722,SNOW,0,,,N,0645
US1TXAS0006,20160723,SNOW,0,,,N,0700
US1TXAS0006,20160724,SNOW,0,,,N,0700
US1TXAS0006,20160725,SNOW,0,,,N,0700
US1TXAS0006,20160726,SNOW,0,,,N,0700
US1TXAS0006,20160727,SNOW,0,,,N,0655
US1TXAS0006,20160728,SNOW,0,,,N,0700
US1TXAS0006,20160729,SNOW,0,,,N,0700
US1TXAS0006,20160730,SNOW,0,,,N,0700
US1TXAS0006,20160731,SNOW,0,,,N,0700
US1TXAS0006,20160801,PRCP,119,,,N,0700
US1TXAS0006,20160802,PRCP,0,,,N,0700
US1TXAS0006,20160803,PRCP,0,,,N,0700
US1TXAS0006,20160804,PRCP,0,,,N,0700
US1TXAS0006,20160805,PRCP,0,,,N,0700
US1TXAS0006,20160806,PRCP,0,,,N,0700
US1TXAS0006,20160807,PRCP,0,,,N,0700
US1TXAS0006,20160808,PRCP,0,,,N,0700
US1TXAS0006,20160809,PRCP,0,,,N,0700
US1TXAS0006,20160810,PRCP,0,,,N,0700
US1TXAS0006,20160811,PRCP,0,,,N,0700
US1TXAS0006,20160812,PRCP,0,,,N,0650
US1TXAS0006,20160813,PRCP,0,,,N,0700
US1TXAS0006,20160814,PRCP,25,,,N,0700
US1TXAS0006,20160815,PRCP,18,,,N,0700
US1TXAS0006,20160816,PRCP,145,,,N,0700
US1TXAS0006,20160817,PRCP,91,,,N,0700
US1TXAS0006,20160818,PRCP,46,,,N,0700
US1TXAS0006,20160819,PRCP,25,,,N,0700
US1TXAS0006,20160820,PRCP,66,,,N,0700
US1TXAS0006,20160821,PRCP,5,,,N,0700
US1TXAS0006,20160822,PRCP,157,,,N,0700
US1TXAS0006,20160823,PRCP,58,,,N,0700
US1TXAS0006,20160824,PRCP,0,,,N,0700
US1TXAS0006,20160825,PRCP,0,,,N,0700
US1TXAS0006,20160826,PRCP,0,,,N,0700
US1TXAS0006,20160827,PRCP,0,,,N,0700
US1TXAS0006,20160828,PRCP,0,,,N,0700
US1TXAS0006,20160829,PRCP,25,,,N,0700
US1TXAS0006,20160830,PRCP,20,,,N,0700
US1TXAS0006,20160831,PRCP,0,,,N,0700
US1TXAS0006,20160801,SNOW,0,,,N,0700
US1TXAS0006,20160802,SNOW,0,,,N,0700
US1TXAS0006,20160803,SNOW,0,,,N,0700
US1TXAS0006,20160804,SNOW,0,,,N,0700
US1TXAS0006,20160805,SNOW,0,,,N,0700
US1TXAS0006,20160806,SNOW,0,,,N,0700
US1TXAS0006,20160807,SNOW,0,,,N,0700
US1TXAS0006,20160808,SNOW,0,,,N,0700
US1TXAS0006,20160809,SNOW,0,,,N,0700
US1TXAS0006,20160810,SNOW,0,,,N,0700
US1TXAS0006,20160811,SNOW,0,,,N,0700
US1TXAS0006,20160812,SNOW,0,,,N,0650
US1TXAS0006,20160813,SNOW,0,,,N,0700
US1TXAS0006,20160814,SNOW,0,,,N,0700
US1TXAS0006,20160815,SNOW,0,,,N,0700
US1TXAS0006,20160816,SNOW,0,,,N,0700
US1TXAS0006,20160817,SNOW,0,,,N,0700
US1TXAS0006,20160818,SNOW,0,,,N,0700
US1TXAS0006,20160819,SNOW,0,,,N,0700
US1TXAS0006,20160820,SNOW,0,,,N,0700
US1TXAS0006,20160821,SNOW,0,,,N,0700
US1TXAS0006,20160822,SNOW,0,,,N,0700
US1TXAS0006,20160823,SNOW,0,,,N,0700
US1TXAS0006,20160824,SNOW,0,,,N,0700
US1TXAS0006,20160825,SNOW,0,,,N,0700
US1TXAS0006,20160826,SNOW,0,,,N,0700
US1TXAS0006,20160827,SNOW,0,,,N,0700
US1TXAS0006,20160828,SNOW,0,,,N,0700
US1TXAS0006,20160829,SNOW,0,,,N,0700
US1TXAS0006,20160830,SNOW,0,,,N,0700
US1TXAS0006,20160831,SNOW,0,,,N,0700
US1TXAS0006,20160901,PRCP,5,,,N,0700
US1TXAS0006,20160902,PRCP,0,,,N,0700
US1TXAS0006,20160903,PRCP,0,,,N,0700
US1TXAS0006,20160904,PRCP,0,,,N,0700
US1TXAS0006,20160905,PRCP,114,,,N,0700
US1TXAS0006,20160906,PRCP,18,,,N,0700
US1TXAS0006,20160907,PRCP,0,,,N,0700
US1TXAS0006,20160908,PRCP,8,,,N,0700
US1TXAS0006,20160909,PRCP,56,,,N,0700
US1TXAS0006,20160910,PRCP,3,,,N,0700
US1TXAS0006,20160911,PRCP,0,,,N,0700
US1TXAS0006,20160912,PRCP,0,,,N,0700
US1TXAS0006,20160913,PRCP,0,,,N,0700
US1TXAS0006,20160914,PRCP,0,,,N,0700
US1TXAS0006,20160915,PRCP,0,,,N,0700
US1TXAS0006,20160916,PRCP,0,,,N,0700
US1TXAS0006,20160917,PRCP,0,,,N,0700
US1TXAS0006,20160918,PRCP,0,,,N,0700
US1TXAS0006,20160919,PRCP,0,,,N,0700
US1TXAS0006,20160920,PRCP,0,,,N,0700
US1TXAS0006,20160921,PRCP,0,,,N,0700
US1TXAS0006,20160922,PRCP,0,,,N,0700
US1TXAS0006,20160923,PRCP,13,,,N,0700
US1TXAS0006,20160924,PRCP,0,,,N,0700
US1TXAS0006,20160925,PRCP,10,,,N,0700
US1TXAS0006,20160926,PRCP,89,,,N,0700
US1TXAS0006,20160927,PRCP,0,,,N,0700
US1TXAS0006,20160928,PRCP,0,,,N,0700
US1TXAS0006,20160929,PRCP,0,,,N,0700
US1TXAS0006,20160930,PRCP,0,,,N,0700
US1TXAS0006,20160901,SNOW,0,,,N,0700
US1TXAS0006,20160902,SNOW,0,,,N,0700
US1TXAS0006,20160903,SNOW,0,,,N,0700
US1TXAS0006,20160904,SNOW,0,,,N,0700
US1TXAS0006,20160905,SNOW,0,,,N,0700
US1TXAS0006,20160906,SNOW,0,,,N,0700
US1TXAS0006,20160907,SNOW,0,,,N,0700
US1TXAS0006,20160908,SNOW,0,,,N,0700
US1TXAS0006,20160909,SNOW,0,,,N,0700
US1TXAS0006,20160910,SNOW,0,,,N,0700
US1TXAS0006,20160911,SNOW,0,,,N,0700
US1TXAS0006,20160912,SNOW,0,,,N,0700
US1TXAS0006,20160913,SNOW,0,,,N,0700
US1TXAS0006,20160914,SNOW,0,,,N,0700
US1TXAS0006,20160915,SNOW,0,,,N,0700
US1TXAS0006,20160916,SNOW,0,,,N,0700
US1TXAS0006,20160917,SNOW,0,,,N,0700
US1TXAS0006,20160918,SNOW,0,,,N,0700
US1TXAS0006,20160919,SNOW,0,,,N,0700
US1TXAS0006,20160920,SNOW,0,,,N,0700
US1TXAS0006,20160921,SNOW,0,,,N,0700
US1TXAS0006,20160922,SNOW,0,,,N,0700
US1TXAS0006,20160923,SNOW,0,,,N,0700
US1TXAS0006,20160924,SNOW,0,,,N,0700
US1TXAS0006,20160925,SNOW,0,,,N,0700
US1TXAS0006,20160926,SNOW,0,,,N,0700
US1TXAS0006,20160927,SNOW,0,,,N,0700
US1TXAS0006,20160928,SNOW,0,,,N,0700
US1TXAS0006,20160929,SNOW,0,,,N,0700
US1TXAS0006,20160930,SNOW,0,,,N,0700
US1TXAS0006,20161001,PRCP,0,,,N,0700
US1TXAS0006,20161002,PRCP,0,,,N,0700
US1TXAS0006,20161003,PRCP,0,,,N,0700
US1TXAS0006,20161004,PRCP,0,,,N,0700
US1TXAS0006,20161005,PRCP,3,,,N,0700
US1TXAS0006,20161006,PRCP,0,,,N,0700
US1TXAS0006,20161007,PRCP,0,,,N,0700
US1TXAS0006,20161008,PRCP,0,,,N,0700
US1TXAS0006,20161009,PRCP,0,,,N,0700
US1TXAS0006,20161010,PRCP,0,,,N,0700
US1TXAS0006,20161011,PRCP,0,,,N,0700
US1TXAS0006,20161012,PRCP,0,,,N,0700
US1TXAS0006,20161013,PRCP,0,,,N,0700
US1TXAS0006,20161014,PRCP,0,,,N,0700
US1TXAS0006,20161015,PRCP,81,,,N,0700
US1TXAS0006,20161016,PRCP,0,,,N,0700
US1TXAS0006,20161017,PRCP,0,,,N,0700
US1TXAS0006,20161018,PRCP,0,,,N,0700
US1TXAS0006,20161019,PRCP,0,,,N,0700
US1TXAS0006,20161020,PRCP,71,,,N,0700
US1TXAS0006,20161021,PRCP,0,,,N,0700
US1TXAS0006,20161022,PRCP,0,,,N,0700
US1TXAS0006,20161023,PRCP,0,,,N,0700
US1TXAS0006,20161024,PRCP,0,,,N,0700
US1TXAS0006,20161025,PRCP,0,,,N,0700
US1TXAS0006,20161026,PRCP,0,,,N,0700
US1TXAS0006,20161027,PRCP,0,,,N,0700
US1TXAS0006,20161028,PRCP,0,,,N,0700
US1TXAS0006,20161029,PRCP,0,,,N,0700
US1TXAS0006,20161030,PRCP,0,,,N,0700
US1TXAS0006,20161031,PRCP,0,,,N,0700
US1TXAS0006,20161001,SNOW,0,,,N,0700
US1TXAS0006,20161002,SNOW,0,,,N,0700
US1TXAS0006,20161003,SNOW,0,,,N,0700
US1TXAS0006,20161004,SNOW,0,,,N,0700
US1TXAS0006,20161005,SNOW,0,,,N,0700
US1TXAS0006,20161006,SNOW,0,,,N,0700
US1TXAS0006,20161007,SNOW,0,,,N,0700
US1TXAS0006,20161008,SNOW,0,,,N,0700
US1TXAS0006,20161009,SNOW,0,,,N,0700
US1TXAS0006,20161010,SNOW,0,,,N,0700
US1TXAS0006,20161011,SNOW,0,,,N,0700
US1TXAS0006,20161012,SNOW,0,,,N,0700
US1TXAS0006,20161013,SNOW,0,,,N,0700
US1TXAS0006,20161014,SNOW,0,,,N,0700
US1TXAS0006,20161015,SNOW,0,,,N,0700
US1TXAS0006,20161016,SNOW,0,,,N,0700
US1TXAS0006,20161017,SNOW,0,,,N,0700
US1TXAS0006,20161018,SNOW,0,,,N,0700
US1TXAS0006,20161019,SNOW,0,,,N,0700
US1TXAS0006,20161020,SNOW,0,,,N,0700
US1TXAS0006,20161021,SNOW,0,,,N,0700
US1TXAS0006,20161022,SNOW,0,,,N,0700
US1TXAS0006,20161023,SNOW,0,,,N,0700
US1TXAS0006,20161024,SNOW,0,,,N,0700
US1TXAS0006,20161025,SNOW,0,,,N,0700
US1TXAS0006,20161026,SNOW,0,,,N,0700
US1TXAS0006,20161027,SNOW,0,,,N,0700
US1TXAS0006,20161028,SNOW,0,,,N,0700
US1TXAS0006,20161029,SNOW,0,,,N,0700
US1TXAS0006,20161030,SNOW,0,,,N,0700
US1TXAS0006,20161031,SNOW,0,,,N,0700
US1TXAS0006,20161101,PRCP,0,,,N,0700
US1TXAS0006,20161102,PRCP,3,,,N,0700
US1TXAS0006,20161103,PRCP,0,,,N,0700
US1TXAS0006,20161104,PRCP,20,,,N,0700
US1TXAS0006,20161105,PRCP,10,,,N,0700
US1TXAS0006,20161106,PRCP,0,,,N,0700
US1TXAS0006,20161107,PRCP,262,,,N,0700
US1TXAS0006,20161108,PRCP,0,,,N,0700
US1TXAS0006,20161109,PRCP,3,,,N,0700
US1TXAS0006,20161110,PRCP,0,,,N,0700
US1TXAS0006,20161111,PRCP,0,,,N,0700
US1TXAS0006,20161112,PRCP,0,,,N,0700
US1TXAS0006,20161113,PRCP,0,,,N,0700
US1TXAS0006,20161114,PRCP,0,,,N,0700
US1TXAS0006,20161115,PRCP,0,,,N,0700
US1TXAS0006,20161116,PRCP,0,,,N,0700
US1TXAS0006,20161117,PRCP,0,,,N,0700
US1TXAS0006,20161118,PRCP,0,,,N,0700
US1TXAS0006,20161119,PRCP,0,,,N,0700
US1TXAS0006,20161120,PRCP,0,,,N,0700
US1TXAS0006,20161121,PRCP,0,,,N,0700
US1TXAS0006,20161122,PRCP,0,,,N,0700
US1TXAS0006,20161123,PRCP,163,,,N,0700
US1TXAS0006,20161124,PRCP,20,,,N,0700
US1TXAS0006,20161125,PRCP,0,,,N,0700
US1TXAS0006,20161126,PRCP,74,,,N,0700
US1TXAS0006,20161127,PRCP,0,,,N,0700
US1TXAS0006,20161128,PRCP,5,,,N,0700
US1TXAS0006,20161129,PRCP,0,,,N,0700
US1TXAS0006,20161130,PRCP,0,,,N,0700
US1TXAS0006,20161101,SNOW,0,,,N,0700
US1TXAS0006,20161102,SNOW,0,,,N,0700
US1TXAS0006,20161103,SNOW,0,,,N,0700
US1TXAS0006,20161104,SNOW,0,,,N,0700
US1TXAS0006,20161105,SNOW,0,,,N,0700
US1TXAS0006,20161106,SNOW,0,,,N,0700
US1TXAS0006,20161107,SNOW,0,,,N,0700
US1TXAS0006,20161108,SNOW,0,,,N,0700
US1TXAS0006,20161109,SNOW,0,,,N,0700
US1TXAS0006,20161110,SNOW,0,,,N,0700
US1TXAS0006,20161111,SNOW,0,,,N,0700
US1TXAS0006,20161112,SNOW,0,,,N,0700
US1TXAS0006,20161113,SNOW,0,,,N,0700
US1TXAS0006,20161114,SNOW,0,,,N,0700
US1TXAS0006,20161115,SNOW,0,,,N,0700
US1TXAS0006,20161116,SNOW,0,,,N,0700
US1TXAS0006,20161117,SNOW,0,,,N,0700
US1TXAS0006,20161118,SNOW,0,,,N,0700
US1TXAS0006,20161119,SNOW,0,,,N,0700
US1TXAS0006,20161120,SNOW,0,,,N,0700
US1TXAS0006,20161121,SNOW,0,,,N,0700
US1TXAS0006,20161122,SNOW,0,,,N,0700
US1TXAS0006,20161123,SNOW,0,,,N,0700
US1TXAS0006,20161124,SNOW,0,,,N,0700
US1TXAS0006,20161125,SNOW,0,,,N,0700
US1TXAS0006,20161126,SNOW,0,,,N,0700
US1TXAS0006,20161127,SNOW,0,,,N,0700
US1TXAS0006,20161128,SNOW,0,,,N,0700
US1TXAS0006,20161129,SNOW,0,,,N,0700
US1TXAS0006,20161130,SNOW,0,,,N,0700
US1TXAS0006,20161201,PRCP,0,,,N,0700
US1TXAS0006,20161202,PRCP,0,,,N,0700
US1TXAS0006,20161203,PRCP,503,,,N,0700
US1TXAS0006,20161204,PRCP,356,,,N,0700
US1TXAS0006,20161205,PRCP,447,,,N,0700
US1TXAS0006,20161206,PRCP,13,,,N,0700
US1TXAS0006,20161207,PRCP,0,,,N,0700
US1TXAS0006,20161208,PRCP,66,,,N,0700
US1TXAS0006,20161209,PRCP,0,T,,N,0700
US1TXAS0006,20161210,PRCP,0,,,N,0700
US1TXAS0006,20161211,PRCP,0,,,N,0700
US1TXAS0006,20161212,PRCP,3,,,N,0700
US1TXAS0006,20161213,PRCP,0,,,N,0700
US1TXAS0006,20161214,PRCP,0,,,N,0700
US1TXAS0006,20161215,PRCP,0,,,N,0700
US1TXAS0006,20161216,PRCP,0,T,,N,0700
US1TXAS0006,20161217,PRCP,3,,,N,0700
US1TXAS0006,20161218,PRCP,5,,,N,0700
US1TXAS0006,20161219,PRCP,0,,,N,0700
US1TXAS0006,20161220,PRCP,0,,,N,0700
US1TXAS0006,20161221,PRCP,0,,,N,0700
US1TXAS0006,20161222,PRCP,0,,,N,0700
US1TXAS0006,20161223,PRCP,3,,,N,0700
US1TXAS0006,20161224,PRCP,8,,,N,0700
US1TXAS0006,20161225,PRCP,0,,,N,0700
US1TXAS0006,20161226,PRCP,0,T,,N,0700
US1TXAS0006,20161227,PRCP,0,,,N,0700
US1TXAS0006,20161228,PRCP,0,T,,N,0700
US1TXAS0006,20161229,PRCP,0,,,N,0700
US1TXAS0006,20161230,PRCP,0,,,N,0700
US1TXAS0006,20161231,PRCP,8,,,N,0700
US1TXAS0006,20161201,SNOW,0,,,N,0700
US1TXAS0006,20161202,SNOW,0,,,N,0700
US1TXAS0006,20161203,SNOW,0,,,N,0700
US1TXAS0006,20161204,SNOW,0,,,N,0700
US1TXAS0006,20161205,SNOW,0,,,N,0700
US1TXAS0006,20161206,SNOW,0,,,N,0700
US1TXAS0006,20161207,SNOW,0,,,N,0700
US1TXAS0006,20161208,SNOW,0,,,N,0700
US1TXAS0006,20161209,SNOW,0,,,N,0700
US1TXAS0006,20161210,SNOW,0,,,N,0700
US1TXAS0006,20161211,SNOW,0,,,N,0700
US1TXAS0006,20161212,SNOW,0,,,N,0700
US1TXAS0006,20161213,SNOW,0,,,N,0700
US1TXAS0006,20161214,SNOW,0,,,N,0700
US1TXAS0006,20161215,SNOW,0,,,N,0700
US1TXAS0006,20161216,SNOW,0,,,N,0700
US1TXAS0006,20161217,SNOW,0,,,N,0700
US1TXAS0006,20161218,SNOW,0,,,N,0700
US1TXAS0006,20161219,SNOW,0,,,N,0700
US1TXAS0006,20161220,SNOW,0,,,N,0700
US1TXAS0006,20161221,SNOW,0,,,N,0700
US1TXAS0006,20161222,SNOW,0,,,N,0700
US1TXAS0006,20161223,SNOW,0,,,N,0700
US1TXAS0006,20161224,SNOW,0,,,N,0700
US1TXAS0006,20161225,SNOW,0,,,N,0700
US1TXAS0006,20161226,SNOW,0,,,N,0700
US1TXAS0006,20161227,SNOW,0,,,N,0700
US1TXAS0006,20161228,SNOW,0,,,N,0700
US1TXAS0006,20161229,SNOW,0,,,N,0700
US1TXAS0006,20161230,SNOW,0,,,N,0700
US1TXAS0006,20161231,SNOW,0,,,N,0700
US1TXAS0006,20161202,SNWD,0,,,N,0700
US1TXAS0006,20161203,SNWD,0,,,N,0700
US1TXAS0006,20161205,SNWD,0,,,N,0700
US1TXAS0006,20161206,SNWD,0,,,N,0700
US1TXAS0006,20161207,SNWD,0,,,N,0700
US1TXAS0006,20161208,SNWD,0,,,N,0700
US1TXAS0006,20161209,SNWD,0,,,N,0700
US1TXAS0006,20161210,SNWD,0,,,N,0700
US1TXAS0006,20161211,SNWD,0,,,N,0700
US1TXAS0006,20161212,SNWD,0,,,N,0700
US1TXAS0006,20161213,SNWD,0,,,N,0700
US1TXAS0006,20161214,SNWD,0,,,N,0700
US1TXAS0006,20161215,SNWD,0,,,N,0700
US1TXAS0006,20161216,SNWD,0,,,N,0700
US1TXAS0006,20161217,SNWD,0,,,N,0700
US1TXAS0006,20161218,SNWD,0,,,N,0700
US1TXAS0006,20161219,SNWD,0,,,N,0700
US1TXAS0006,20161220,SNWD,0,,,N,0700
US1TXAS0006,20161221,SNWD,0,,,N,0700
US1TXAS0006,20161222,SNWD,0,,,N,0700
US1TXAS0006,20161223,SNWD,0,,,N,0700
US1TXAS0006,20161224,SNWD,0,,,N,0700
US1TXAS0006,20161225,SNWD,0,,,N,0700
US1TXAS0006,20161226,SNWD,0,,,N,0700
US1TXAS0006,20161227,SNWD,0,,,N,0700
US1TXAS0006,20161228,SNWD,0,,,N,0700
US1TXAS0006,20161229,SNWD,0,,,N,0700
US1TXAS0006,20161230,SNWD,0,,,N,0700
US1TXAS0006,20161231,SNWD,0,,,N,0700
US1TXAS0006,20170101,PRCP,61,,,N,0700
US1TXAS0006,20170102,PRCP,231,,,N,0700
US1TXAS0006,20170103,PRCP,140,,,N,0700
US1TXAS0006,20170104,PRCP,0,,,N,0700
US1TXAS0006,20170105,PRCP,0,,,N,0700
US1TXAS0006,20170106,PRCP,3,,,N,0700
US1TXAS0006,20170107,PRCP,0,T,,N,0700
US1TXAS0006,20170108,PRCP,0,,,N,0700
US1TXAS0006,20170109,PRCP,0,,,N,0700
US1TXAS0006,20170110,PRCP,0,,,N,0700
US1TXAS0006,20170111,PRCP,0,T,,N,0700
US1TXAS0006,20170112,PRCP,0,,,N,0700
US1TXAS0006,20170113,PRCP,0,,,N,0700
US1TXAS0006,20170114,PRCP,0,,,N,0700
US1TXAS0006,20170115,PRCP,3,,,N,0700
US1TXAS0006,20170116,PRCP,297,,,N,0700
US1TXAS0006,20170117,PRCP,137,,,N,0700
US1TXAS0006,20170118,PRCP,607,,,N,0700
US1TXAS0006,20170119,PRCP,81,,,N,0700
US1TXAS0006,20170120,PRCP,36,,,N,0700
US1TXAS0006,20170121,PRCP,132,,,N,0700
US1TXAS0006,20170122,PRCP,0,T,,N,0700
US1TXAS0006,20170123,PRCP,0,,,N,0700
US1TXAS0006,20170124,PRCP,0,,,N,0700
US1TXAS0006,20170125,PRCP,0,T,,N,0700
US1TXAS0006,20170126,PRCP,3,,,N,0700
US1TXAS0006,20170127,PRCP,0,,,N,0700
US1TXAS0006,20170128,PRCP,0,,,N,0700
US1TXAS0006,20170129,PRCP,0,,,N,0700
US1TXAS0006,20170130,PRCP,0,,,N,0700
US1TXAS0006,20170131,PRCP,0,,,N,0700
US1TXAS0006,20170101,SNOW,0,,,N,0700
US1TXAS0006,20170102,SNOW,0,,,N,0700
US1TXAS0006,20170103,SNOW,0,,,N,0700
US1TXAS0006,20170104,SNOW,0,,,N,0700
US1TXAS0006,20170105,SNOW,0,,,N,0700
US1TXAS0006,20170106,SNOW,0,,,N,0700
US1TXAS0006,20170107,SNOW,0,,,N,0700
US1TXAS0006,20170108,SNOW,0,,,N,0700
US1TXAS0006,20170109,SNOW,0,,,N,0700
US1TXAS0006,20170110,SNOW,0,,,N,0700
US1TXAS0006,20170111,SNOW,0,,,N,0700
US1TXAS0006,20170112,SNOW,0,,,N,0700
US1TXAS0006,20170113,SNOW,0,,,N,0700
US1TXAS0006,20170114,SNOW,0,,,N,0700
US1TXAS0006,20170115,SNOW,0,,,N,0700
US1TXAS0006,20170116,SNOW,0,,,N,0700
US1TXAS0006,20170117,SNOW,0,,,N,0700
US1TXAS0006,20170118,SNOW,0,,,N,0700
US1TXAS0006,20170119,SNOW,0,,,N,0700
US1TXAS0006,20170120,SNOW,0,,,N,0700
US1TXAS0006,20170121,SNOW,0,,,N,0700
US1TXAS0006,20170122,SNOW,0,,,N,0700
US1TXAS0006,20170123,SNOW,0,,,N,0700
US1TXAS0006,20170124,SNOW,0,,,N,0700
US1TXAS0006,20170125,SNOW,0,,,N,0700
US1TXAS0006,20170126,SNOW,0,,,N,0700
US1TXAS0006,20170127,SNOW,0,,,N,0700
US1TXAS0006,20170128,SNOW,0,,,N,0700
US1TXAS0006,20170129,SNOW,0,,,N,0700
US1TXAS0006,20170130,SNOW,0,,,N,0700
US1TXAS0006,20170131,SNOW,0,,,N,0700
US1TXAS0006,20170101,SNWD,0,,,N,0700
US1TXAS0006,20170102,SNWD,0,,,N,0700
US1TXAS0006,20170103,SNWD,0,,,N,0700
US1TXAS0006,20170104,SNWD,0,,,N,0700
US1TXAS0006,20170105,SNWD,0,,,N,0700
US1TXAS0006,20170106,SNWD,0,,,N,0700
US1TXAS0006,20170107,SNWD,0,,,N,0700
US1TXAS0006,20170108,SNWD,0,,,N,0700
US1TXAS0006,20170109,SNWD,0,,,N,0700
US1TXAS0006,20170110,SNWD,0,,,N,0700
US1TXAS0006,20170111,SNWD,0,,,N,0700
US1TXAS0006,20170112,SNWD,0,,,N,0700
US1TXAS0006,20170113,SNWD,0,,,N,0700
US1TXAS0006,20170114,SNWD,0,,,N,0700
US1TXAS0006,20170115,SNWD,0,,,N,0700
US1TXAS0006,20170116,SNWD,0,,,N,0700
US1TXAS0006,20170117,SNWD,0,,,N,0700
US1TXAS0006,20170118,SNWD,0,,,N,0700
US1TXAS0006,20170119,SNWD,0,,,N,0700
US1TXAS0006,20170120,SNWD,0,,,N,0700
US1TXAS0006,20170121,SNWD,0,,,N,0700
US1TXAS0006,20170122,SNWD,0,,,N,0700
US1TXAS0006,20170123,SNWD,0,,,N,0700
US1TXAS0006,20170124,SNWD,0,,,N,0700
US1TXAS0006,20170125,SNWD,0,,,N,0700
US1TXAS0006,20170126,SNWD,0,,,N,0700
US1TXAS0006,20170127,SNWD,0,,,N,0700
US1TXAS0006,20170128,SNWD,0,,,N,0700
US1TXAS0006,20170129,SNWD,0,,,N,0700
US1TXAS0006,20170130,SNWD,0,,,N,0700
US1TXAS0006,20170131,SNWD,0,,,N,0700
US1TXAS0006,20170201,PRCP,0,,,N,0700
US1TXAS0006,20170202,PRCP,10,,,N,0700
US1TXAS0006,20170203,PRCP,0,,,N,0700
US1TXAS0006,20170204,PRCP,0,,,N,0700
US1TXAS0006,20170205,PRCP,10,,,N,0700
US1TXAS0006,20170206,PRCP,3,,,N,0700
US1TXAS0006,20170207,PRCP,0,,,N,0700
US1TXAS0006,20170208,PRCP,0,T,,N,0700
US1TXAS0006,20170209,PRCP,0,,,N,0700
US1TXAS0006,20170210,PRCP,0,,,N,0700
US1TXAS0006,20170211,PRCP,0,,,N,0700
US1TXAS0006,20170212,PRCP,0,,,N,0700
US1TXAS0006,20170213,PRCP,0,,,N,0700
US1TXAS0006,20170214,PRCP,5,,,N,0700
US1TXAS0006,20170215,PRCP,206,,,N,0700
US1TXAS0006,20170216,PRCP,0,,,N,0700
US1TXAS0006,20170217,PRCP,13,,,N,0700
US1TXAS0006,20170218,PRCP,15,,,N,0700
US1TXAS0006,20170219,PRCP,0,,,N,0700
US1TXAS0006,20170220,PRCP,480,,,N,0700
US1TXAS0006,20170221,PRCP,114,,,N,0700
US1TXAS0006,20170222,PRCP,0,,,N,0700
US1TXAS0006,20170223,PRCP,0,,,N,0700
US1TXAS0006,20170224,PRCP,0,,,N,0700
US1TXAS0006,20170225,PRCP,0,,,N,0700
US1TXAS0006,20170226,PRCP,0,,,N,0700
US1TXAS0006,20170227,PRCP,0,T,,N,0700
US1TXAS0006,20170228,PRCP,0,,,N,0700
US1TXAS0006,20170201,SNOW,0,,,N,0700
US1TXAS0006,20170202,SNOW,0,,,N,0700
US1TXAS0006,20170203,SNOW,0,,,N,0700
US1TXAS0006,20170204,SNOW,0,,,N,0700
US1TXAS0006,20170205,SNOW,0,,,N,0700
US1TXAS0006,20170206,SNOW,0,,,N,0700
US1TXAS0006,20170207,SNOW,0,,,N,0700
US1TXAS0006,20170208,SNOW,0,,,N,0700
US1TXAS0006,20170209,SNOW,0,,,N,0700
US1TXAS0006,20170210,SNOW,0,,,N,0700
US1TXAS0006,20170211,SNOW,0,,,N,0700
US1TXAS0006,20170212,SNOW,0,,,N,0700
US1TXAS0006,20170213,SNOW,0,,,N,0700
US1TXAS0006,20170214,SNOW,0,,,N,0700
US1TXAS0006,20170215,SNOW,0,,,N,0700
US1TXAS0006,20170216,SNOW,0,,,N,0700
US1TXAS0006,20170217,SNOW,0,,,N,0700
US1TXAS0006,20170218,SNOW,0,,,N,0700
US1TXAS0006,20170219,SNOW,0,,,N,0700
US1TXAS0006,20170220,SNOW,0,,,N,0700
US1TXAS0006,20170221,SNOW,0,,,N,0700
US1TXAS0006,20170222,SNOW,0,,,N,0700
US1TXAS0006,20170223,SNOW,0,,,N,0700
US1TXAS0006,20170224,SNOW,0,,,N,0700
US1TXAS0006,20170225,SNOW,0,,,N,0700
US1TXAS0006,20170226,SNOW,0,,,N,0700
US1TXAS0006,20170227,SNOW,0,,,N,0700
US1TXAS0006,20170228,SNOW,0,,,N,0700
US1TXAS0006,20170201,SNWD,0,,,N,0700
US1TXAS0006,20170202,SNWD,0,,,N,0700
US1TXAS0006,20170203,SNWD,0,,,N,0700
US1TXAS0006,20170204,SNWD,0,,,N,0700
US1TXAS0006,20170205,SNWD,0,,,N,0700
US1TXAS0006,20170206,SNWD,0,,,N,0700
US1TXAS0006,20170207,SNWD,0,,,N,0700
US1TXAS0006,20170208,SNWD,0,,,N,0700
US1TXAS0006,20170209,SNWD,0,,,N,0700
US1TXAS0006,20170210,SNWD,0,,,N,0700
US1TXAS0006,20170211,SNWD,0,,,N,0700
US1TXAS0006,20170212,SNWD,0,,,N,0700
US1TXAS0006,20170213,SNWD,0,,,N,0700
US1TXAS0006,20170214,SNWD,0,,,N,0700
US1TXAS0006,20170215,SNWD,0,,,N,0700
US1TXAS0006,20170216,SNWD,0,,,N,0700
US1TXAS0006,20170217,SNWD,0,,,N,0700
US1TXAS0006,20170218,SNWD,0,,,N,0700
US1TXAS0006,20170219,SNWD,0,,,N,0700
US1TXAS0006,20170220,SNWD,0,,,N,0700
US1TXAS0006,20170221,SNWD,0,,,N,0700
US1TXAS0006,20170222,SNWD,0,,,N,0700
US1TXAS0006,20170223,SNWD,0,,,N,0700
US1TXAS0006,20170224,SNWD,0,,,N,0700
US1TXAS0006,20170225,SNWD,0,,,N,0700
US1TXAS0006,20170226,SNWD,0,,,N,0700
US1TXAS0006,20170227,SNWD,0,,,N,0700
US1TXAS0006,20170228,SNWD,0,,,N,0700
US1TXAS0006,20170301,PRCP,0,,,N,0700
US1TXAS0006,20170302,PRCP,0,,,N,0700
US1TXAS0006,20170303,PRCP,0,,,N,0645
US1TXAS0006,20170304,PRCP,0,,,N,0700
US1TXAS0006,20170305,PRCP,114,,,N,0700
US1TXAS0006,20170306,PRCP,124,,,N,0700
US1TXAS0006,20170307,PRCP,3,,,N,0700
US1TXAS0006,20170308,PRCP,198,,,N,0700
US1TXAS0006,20170309,PRCP,0,,,N,0645
US1TXAS0006,20170310,PRCP,109,,,N,0700
US1TXAS0006,20170311,PRCP,30,,,N,0700
US1TXAS0006,20170312,PRCP,142,,,N,0700
US1TXAS0006,20170313,PRCP,0,,,N,0700
US1TXAS0006,20170314,PRCP,0,,,N,0700
US1TXAS0006,20170315,PRCP,0,,,N,0700
US1TXAS0006,20170316,PRCP,0,,,N,0650
US1TXAS0006,20170317,PRCP,0,,,N,0700
US1TXAS0006,20170318,PRCP,0,,,N,0700
US1TXAS0006,20170319,PRCP,0,,,N,0700
US1TXAS0006,20170320,PRCP,0,,,N,0700
US1TXAS0006,20170321,PRCP,0,,,N,0700
US1TXAS0006,20170322,PRCP,0,,,N,0700
US1TXAS0006,20170323,PRCP,0,,,N,0700
US1TXAS0006,20170324,PRCP,0,,,N,0700
US1TXAS0006,20170325,PRCP,0,T,,N,0700
US1TXAS0006,20170326,PRCP,0,,,N,0700
US1TXAS0006,20170327,PRCP,0,,,N,0700
US1TXAS0006,20170328,PRCP,0,,,N,0700
US1TXAS0006,20170329,PRCP,0,,,N,0700
US1TXAS0006,20170330,PRCP,267,,,N,0700
US1TXAS0006,20170331,PRCP,0,,,N,0700
US1TXAS0006,20170301,SNOW,0,,,N,0700
US1TXAS0006,20170302,SNOW,0,,,N,0700
US1TXAS0006,20170303,SNOW,0,,,N,0645
US1TXAS0006,20170304,SNOW,0,,,N,0700
US1TXAS0006,20170305,SNOW,0,,,N,0700
US1TXAS0006,20170306,SNOW,0,,,N,0700
US1TXAS0006,20170307,SNOW,0,,,N,0700
US1TXAS0006,20170308,SNOW,0,,,N,0700
US1TXAS0006,20170309,SNOW,0,,,N,0645
US1TXAS0006,20170310,SNOW,0,,,N,0700
US1TXAS0006,20170311,SNOW,0,,,N,0700
US1TXAS0006,20170312,SNOW,0,,,N,0700
US1TXAS0006,20170313,SNOW,0,,,N,0700
US1TXAS0006,20170314,SNOW,0,,,N,0700
US1TXAS0006,20170315,SNOW,0,,,N,0700
US1TXAS0006,20170316,SNOW,0,,,N,0650
US1TXAS0006,20170317,SNOW,0,,,N,0700
US1TXAS0006,20170318,SNOW,0,,,N,0700
US1TXAS0006,20170319,SNOW,0,,,N,0700
US1TXAS0006,20170320,SNOW,0,,,N,0700
US1TXAS0006,20170321,SNOW,0,,,N,0700
US1TXAS0006,20170322,SNOW,0,,,N,0700
US1TXAS0006,20170323,SNOW,0,,,N,0700
US1TXAS0006,20170324,SNOW,0,,,N,0700
US1TXAS0006,20170325,SNOW,0,,,N,0700
US1TXAS0006,20170326,SNOW,0,,,N,0700
US1TXAS0006,20170327,SNOW,0,,,N,0700
US1TXAS0006,20170328,SNOW,0,,,N,0700
US1TXAS0006,20170329,SNOW,0,,,N,0700
US1TXAS0006,20170330,SNOW,0,,,N,0700
US1TXAS0006,20170331,SNOW,0,,,N,0700
US1TXAS0006,20170309,SNWD,0,,,N,0645
US1TXAS0006,20170401,PRCP,0,,,N,0700
US1TXAS0006,20170402,PRCP,5,,,N,0700
US1TXAS0006,20170403,PRCP,10,,,N,0700
US1TXAS0006,20170404,PRCP,0,,,N,0700
US1TXAS0006,20170405,PRCP,0,T,,N,0700
US1TXAS0006,20170406,PRCP,0,,,N,0700
US1TXAS0006,20170407,PRCP,0,,,N,0700
US1TXAS0006,20170408,PRCP,0,,,N,0700
US1TXAS0006,20170409,PRCP,0,,,N,0700
US1TXAS0006,20170410,PRCP,0,,,N,0700
US1TXAS0006,20170411,PRCP,3,,,N,0700
US1TXAS0006,20170412,PRCP,292,,,N,0700
US1TXAS0006,20170413,PRCP,0,,,N,0700
US1TXAS0006,20170414,PRCP,0,,,N,0700
US1TXAS0006,20170415,PRCP,43,,,N,0700
US1TXAS0006,20170416,PRCP,0,,,N,0700
US1TXAS0006,20170417,PRCP,0,,,N,0700
US1TXAS0006,20170418,PRCP,465,,,N,0700
US1TXAS0006,20170419,PRCP,10,,,N,0700
US1TXAS0006,20170420,PRCP,18,,,N,0700
US1TXAS0006,20170421,PRCP,0,,,N,0700
US1TXAS0006,20170422,PRCP,0,,,N,0700
US1TXAS0006,20170423,PRCP,0,,,N,0700
US1TXAS0006,20170424,PRCP,0,,,N,0700
US1TXAS0006,20170425,PRCP,0,,,N,0700
US1TXAS0006,20170426,PRCP,0,,,N,0700
US1TXAS0006,20170427,PRCP,0,,,N,0700
US1TXAS0006,20170428,PRCP,0,,,N,0700
US1TXAS0006,20170429,PRCP,0,,,N,0700
US1TXAS0006,20170430,PRCP,8,,,N,0700
US1TXAS0006,20170401,SNOW,0,,,N,0700
US1TXAS0006,20170402,SNOW,0,,,N,0700
US1TXAS0006,20170403,SNOW,0,,,N,0700
US1TXAS0006,20170404,SNOW,0,,,N,0700
US1TXAS0006,20170406,SNOW,0,,,N,0700
US1TXAS0006,20170407,SNOW,0,,,N,0700
US1TXAS0006,20170408,SNOW,0,,,N,0700
US1TXAS0006,20170409,SNOW,0,,,N,0700
US1TXAS0006,20170410,SNOW,0,,,N,0700
US1TXAS0006,20170411,SNOW,0,,,N,0700
US1TXAS0006,20170412,SNOW,0,,,N,0700
US1TXAS0006,20170413,SNOW,0,,,N,0700
US1TXAS0006,20170414,SNOW,0,,,N,0700
US1TXAS0006,20170415,SNOW,0,,,N,0700
US1TXAS0006,20170416,SNOW,0,,,N,0700
US1TXAS0006,20170417,SNOW,0,,,N,0700
US1TXAS0006,20170418,SNOW,0,,,N,0700
US1TXAS0006,20170419,SNOW,0,,,N,0700
US1TXAS0006,20170420,SNOW,0,,,N,0700
US1TXAS0006,20170421,SNOW,0,,,N,0700
US1TXAS0006,20170422,SNOW,0,,,N,0700
US1TXAS0006,20170423,SNOW,0,,,N,0700
US1TXAS0006,20170424,SNOW,0,,,N,0700
US1TXAS0006,20170425,SNOW,0,,,N,0700
US1TXAS0006,20170426,SNOW,0,,,N,0700
US1TXAS0006,20170427,SNOW,0,,,N,0700
US1TXAS0006,20170428,SNOW,0,,,N,0700
US1TXAS0006,20170429,SNOW,0,,,N,0700
US1TXAS0006,20170430,SNOW,0,,,N,0700
US1TXAS0006,20170501,PRCP,0,,,N,0700
US1TXAS0006,20170502,PRCP,0,,,N,0700
US1TXAS0006,20170503,PRCP,13,,,N,0700
US1TXAS0006,20170504,PRCP,18,,,N,0700
US1TXAS0006,20170505,PRCP,0,,,N,0700
US1TXAS0006,20170506,PRCP,0,,,N,0700
US1TXAS0006,20170507,PRCP,0,,,N,0700
US1TXAS0006,20170508,PRCP,0,,,N,0700
US1TXAS0006,20170509,PRCP,0,,,N,0700
US1TXAS0006,20170510,PRCP,0,,,N,0700
US1TXAS0006,20170511,PRCP,0,,,N,0700
US1TXAS0006,20170512,PRCP,0,T,,N,0700
US1TXAS0006,20170513,PRCP,0,,,N,0700
US1TXAS0006,20170514,PRCP,0,,,N,0700
US1TXAS0006,20170515,PRCP,0,,,N,0700
US1TXAS0006,20170516,PRCP,0,,,N,0700
US1TXAS0006,20170517,PRCP,0,,,N,0700
US1TXAS0006,20170518,PRCP,0,,,N,0700
US1TXAS0006,20170519,PRCP,0,,,N,0700
US1TXAS0006,20170520,PRCP,0,,,N,0700
US1TXAS0006,20170521,PRCP,3,,,N,0700
US1TXAS0006,20170522,PRCP,51,,,N,0700
US1TXAS0006,20170523,PRCP,25,,,N,0700
US1TXAS0006,20170524,PRCP,188,,,N,0700
US1TXAS0006,20170525,PRCP,0,,,N,0700
US1TXAS0006,20170526,PRCP,0,,,N,0700
US1TXAS0006,20170527,PRCP,0,,,N,0700
US1TXAS0006,20170528,PRCP,0,,,N,0700
US1TXAS0006,20170529,PRCP,107,,,N,0700
US1TXAS0006,20170530,PRCP,13,,,N,0700
US1TXAS0006,20170531,PRCP,0,,,N,0700
US1TXAS0006,20170501,SNOW,0,,,N,0700
US1TXAS0006,20170502,SNOW,0,,,N,0700
US1TXAS0006,20170503,SNOW,0,,,N,0700
US1TXAS0006,20170504,SNOW,0,,,N,0700
US1TXAS0006,20170505,SNOW,0,,,N,0700
US1TXAS0006,20170506,SNOW,0,,,N,0700
US1TXAS0006,20170507,SNOW,0,,,N,0700
US1TXAS0006,20170508,SNOW,0,,,N,0700
US1TXAS0006,20170509,SNOW,0,,,N,0700
US1TXAS0006,20170510,SNOW,0,,,N,0700
US1TXAS0006,20170511,SNOW,0,,,N,0700
US1TXAS0006,20170512,SNOW,0,,,N,0700
US1TXAS0006,20170513,SNOW,0,,,N,0700
US1TXAS0006,20170514,SNOW,0,,,N,0700
US1TXAS0006,20170515,SNOW,0,,,N,0700
US1TXAS0006,20170516,SNOW,0,,,N,0700
US1TXAS0006,20170517,SNOW,0,,,N,0700
US1TXAS0006,20170518,SNOW,0,,,N,0700
US1TXAS0006,20170519,SNOW,0,,,N,0700
US1TXAS0006,20170520,SNOW,0,,,N,0700
US1TXAS0006,20170521,SNOW,0,,,N,0700
US1TXAS0006,20170522,SNOW,0,,,N,0700
US1TXAS0006,20170523,SNOW,0,,,N,0700
US1TXAS0006,20170524,SNOW,0,,,N,0700
US1TXAS0006,20170525,SNOW,0,,,N,0700
US1TXAS0006,20170526,SNOW,0,,,N,0700
US1TXAS0006,20170527,SNOW,0,,,N,0700
US1TXAS0006,20170528,SNOW,0,,,N,0700
US1TXAS0006,20170529,SNOW,0,,,N,0700
US1TXAS0006,20170530,SNOW,0,,,N,0700
US1TXAS0006,20170531,SNOW,0,,,N,0700
US1TXAS0006,20170601,PRCP,127,,,N,0700
US1TXAS0006,20170602,PRCP,0,,,N,0700
US1TXAS0006,20170603,PRCP,0,,,N,0600
US1TXAS0006,20170604,PRCP,41,,,N,0700
US1TXAS0006,20170605,PRCP,290,,,N,0700
US1TXAS0006,20170606,PRCP,3,,,N,0700
US1TXAS0006,20170607,PRCP,0,,,N,0700
US1TXAS0006,20170608,PRCP,0,,,N,0700
US1TXAS0006,20170609,PRCP,0,,,N,0700
US1TXAS0006,20170610,PRCP,0,,,N,0700
US1TXAS0006,20170611,PRCP,0,,,N,0700
US1TXAS0006,20170612,PRCP,0,,,N,0700
US1TXAS0006,20170613,PRCP,0,T,,N,0700
US1TXAS0006,20170614,PRCP,0,,,N,0700
US1TXAS0006,20170615,PRCP,0,,,N,0700
US1TXAS0006,20170616,PRCP,0,,,N,0700
US1TXAS0006,20170617,PRCP,0,,,N,0700
US1TXAS0006,20170618,PRCP,0,,,N,0700
US1TXAS0006,20170619,PRCP,0,,,N,0700
US1TXAS0006,20170620,PRCP,0,,,N,0700
US1TXAS0006,20170621,PRCP,0,,,N,0700
US1TXAS0006,20170622,PRCP,13,,,N,0700
US1TXAS0006,20170623,PRCP,0,,,N,0700
US1TXAS0006,20170624,PRCP,0,,,N,0700
US1TXAS0006,20170625,PRCP,513,,,N,0700
US1TXAS0006,20170626,PRCP,0,,,N,0700
US1TXAS0006,20170627,PRCP,36,,,N,0700
US1TXAS0006,20170628,PRCP,5,,,N,0700
US1TXAS0006,20170629,PRCP,0,,,N,0700
US1TXAS0006,20170630,PRCP,25,,,N,0700
US1TXAS0006,20170601,SNOW,0,,,N,0700
US1TXAS0006,20170602,SNOW,0,,,N,0700
US1TXAS0006,20170603,SNOW,0,,,N,0600
US1TXAS0006,20170604,SNOW,0,,,N,0700
US1TXAS0006,20170605,SNOW,0,,,N,0700
US1TXAS0006,20170606,SNOW,0,,,N,0700
US1TXAS0006,20170607,SNOW,0,,,N,0700
US1TXAS0006,20170608,SNOW,0,,,N,0700
US1TXAS0006,20170609,SNOW,0,,,N,0700
US1TXAS0006,20170610,SNOW,0,,,N,0700
US1TXAS0006,20170611,SNOW,0,,,N,0700
US1TXAS0006,20170612,SNOW,0,,,N,0700
US1TXAS0006,20170613,SNOW,0,,,N,0700
US1TXAS0006,20170614,SNOW,0,,,N,0700
US1TXAS0006,20170615,SNOW,0,,,N,0700
US1TXAS0006,20170616,SNOW,0,,,N,0700
US1TXAS0006,20170617,SNOW,0,,,N,0700
US1TXAS0006,20170618,SNOW,0,,,N,0700
US1TXAS0006,20170619,SNOW,0,,,N,0700
US1TXAS0006,20170620,SNOW,0,,,N,0700
US1TXAS0006,20170621,SNOW,0,,,N,0700
US1TXAS0006,20170622,SNOW,0,,,N,0700
US1TXAS0006,20170623,SNOW,0,,,N,0700
US1TXAS0006,20170624,SNOW,0,,,N,0700
US1TXAS0006,20170625,SNOW,0,,,N,0700
US1TXAS0006,20170626,SNOW,0,,,N,0700
US1TXAS0006,20170627,SNOW,0,,,N,0700
US1TXAS0006,20170628,SNOW,0,,,N,0700
US1TXAS0006,20170629,SNOW,0,,,N,0700
US1TXAS0006,20170630,SNOW,0,,,N,0700
US1TXAS0006,20170701,PRCP,0,,,N,0700
US1TXAS0006,20170702,PRCP,0,,,N,0700
US1TXAS0006,20170703,PRCP,0,,,N,0700
US1TXAS0006,20170704,PRCP,0,,,N,0700
US1TXAS0006,20170705,PRCP,0,,,N,0700
US1TXAS0006,20170706,PRCP,0,,,N,0700
US1TXAS0006,20170707,PRCP,0,,,N,0700
US1TXAS0006,20170708,PRCP,0,,,N,0700
US1TXAS0006,20170709,PRCP,0,,,N,0700
US1TXAS0006,20170710,PRCP,0,T,,N,0700
US1TXAS0006,20170711,PRCP,0,,,N,0700
US1TXAS0006,20170712,PRCP,0,,,N,0700
US1TXAS0006,20170713,PRCP,0,,,N,0700
US1TXAS0006,20170714,PRCP,0,,,N,0700
US1TXAS0006,20170715,PRCP,0,,,N,0700
US1TXAS0006,20170716,PRCP,351,,,N,0700
US1TXAS0006,20170717,PRCP,0,,,N,0700
US1TXAS0006,20170718,PRCP,3,,,N,0700
US1TXAS0006,20170719,PRCP,0,,,N,0700
US1TXAS0006,20170720,PRCP,0,,,N,0700
US1TXAS0006,20170721,PRCP,0,,,N,0700
US1TXAS0006,20170722,PRCP,0,,,N,0700
US1TXAS0006,20170723,PRCP,3,,,N,0700
US1TXAS0006,20170724,PRCP,0,,,N,0700
US1TXAS0006,20170725,PRCP,0,,,N,0700
US1TXAS0006,20170726,PRCP,0,,,N,0700
US1TXAS0006,20170727,PRCP,0,,,N,0700
US1TXAS0006,20170728,PRCP,0,,,N,0700
US1TXAS0006,20170729,PRCP,0,,,N,0700
US1TXAS0006,20170730,PRCP,0,,,N,0700
US1TXAS0006,20170731,PRCP,0,,,N,0700
US1TXAS0006,20170701,SNOW,0,,,N,0700
US1TXAS0006,20170702,SNOW,0,,,N,0700
US1TXAS0006,20170703,SNOW,0,,,N,0700
US1TXAS0006,20170704,SNOW,0,,,N,0700
US1TXAS0006,20170705,SNOW,0,,,N,0700
US1TXAS0006,20170706,SNOW,0,,,N,0700
US1TXAS0006,20170707,SNOW,0,,,N,0700
US1TXAS0006,20170708,SNOW,0,,,N,0700
US1TXAS0006,20170709,SNOW,0,,,N,0700
US1TXAS0006,20170710,SNOW,0,,,N,0700
US1TXAS0006,20170711,SNOW,0,,,N,0700
US1TXAS0006,20170712,SNOW,0,,,N,0700
US1TXAS0006,20170713,SNOW,0,,,N,0700
US1TXAS0006,20170714,SNOW,0,,,N,0700
US1TXAS0006,20170715,SNOW,0,,,N,0700
US1TXAS0006,20170716,SNOW,0,,,N,0700
US1TXAS0006,20170717,SNOW,0,,,N,0700
US1TXAS0006,20170718,SNOW,0,,,N,0700
US1TXAS0006,20170719,SNOW,0,,,N,0700
US1TXAS0006,20170720,SNOW,0,,,N,0700
US1TXAS0006,20170721,SNOW,0,,,N,0700
US1TXAS0006,20170722,SNOW,0,,,N,0700
US1TXAS0006,20170723,SNOW,0,,,N,0700
US1TXAS0006,20170724,SNOW,0,,,N,0700
US1TXAS0006,20170725,SNOW,0,,,N,0700
US1TXAS0006,20170726,SNOW,0,,,N,0700
US1TXAS0006,20170727,SNOW,0,,,N,0700
US1TXAS0006,20170728,SNOW,0,,,N,0700
US1TXAS0006,20170729,SNOW,0,,,N,0700
US1TXAS0006,20170730,SNOW,0,,,N,0700
US1TXAS0006,20170731,SNOW,0,,,N,0700
US1TXAS0006,20170801,PRCP,0,,,N,0700
US1TXAS0006,20170802,PRCP,0,,,N,0700
US1TXAS0006,20170803,PRCP,168,,,N,0700
US1TXAS0006,20170804,PRCP,0,,,N,0700
US1TXAS0006,20170805,PRCP,0,,,N,0700
US1TXAS0006,20170806,PRCP,0,T,,N,0700
US1TXAS0006,20170807,PRCP,173,,,N,0700
US1TXAS0006,20170808,PRCP,841,,,N,0630
US1TXAS0006,20170809,PRCP,3,,,N,0700
US1TXAS0006,20170810,PRCP,0,,,N,0700
US1TXAS0006,20170811,PRCP,5,,,N,0700
US1TXAS0006,20170812,PRCP,0,,,N,0700
US1TXAS0006,20170813,PRCP,0,,,N,0700
US1TXAS0006,20170814,PRCP,0,,,N,0700
US1TXAS0006,20170815,PRCP,0,,,N,0700
US1TXAS0006,20170816,PRCP,0,,,N,0700
US1TXAS0006,20170817,PRCP,0,,,N,0700
US1TXAS0006,20170818,PRCP,0,,,N,0700
US1TXAS0006,20170819,PRCP,0,,,N,0700
US1TXAS0006,20170820,PRCP,0,,,N,0700
US1TXAS0006,20170821,PRCP,0,,,N,0700
US1TXAS0006,20170822,PRCP,0,,,N,0700
US1TXAS0006,20170823,PRCP,0,,,N,0700
US1TXAS0006,20170824,PRCP,0,,,N,0700
US1TXAS0006,20170825,PRCP,3,,,N,0700
US1TXAS0006,20170826,PRCP,1435,,,N,0700
US1TXAS0006,20170827,PRCP,1349,,,N,0700
US1TXAS0006,20170828,PRCP,2334,,,N,0700
US1TXAS0006,20170829,PRCP,792,,,N,0700
US1TXAS0006,20170830,PRCP,3,,,N,0700
US1TXAS0006,20170831,PRCP,0,,,N,0700
US1TXAS0006,20170801,SNOW,0,,,N,0700
US1TXAS0006,20170802,SNOW,0,,,N,0700
US1TXAS0006,20170803,SNOW,0,,,N,0700
US1TXAS0006,20170804,SNOW,0,,,N,0700
US1TXAS0006,20170805,SNOW,0,,,N,0700
US1TXAS0006,20170806,SNOW,0,,,N,0700
US1TXAS0006,20170807,SNOW,0,,,N,0700
US1TXAS0006,20170808,SNOW,0,,,N,0630
US1TXAS0006,20170809,SNOW,0,,,N,0700
US1TXAS0006,20170810,SNOW,0,,,N,0700
US1TXAS0006,20170811,SNOW,0,,,N,0700
US1TXAS0006,20170812,SNOW,0,,,N,0700
US1TXAS0006,20170813,SNOW,0,,,N,0700
US1TXAS0006,20170814,SNOW,0,,,N,0700
US1TXAS0006,20170815,SNOW,0,,,N,0700
US1TXAS0006,20170816,SNOW,0,,,N,0700
US1TXAS0006,20170817,SNOW,0,,,N,0700
US1TXAS0006,20170818,SNOW,0,,,N,0700
US1TXAS0006,20170819,SNOW,0,,,N,0700
US1TXAS0006,20170820,SNOW,0,,,N,0700
US1TXAS0006,20170821,SNOW,0,,,N,0700
US1TXAS0006,20170822,SNOW,0,,,N,0700
US1TXAS0006,20170823,SNOW,0,,,N,0700
US1TXAS0006,20170824,SNOW,0,,,N,0700
US1TXAS0006,20170825,SNOW,0,,,N,0700
US1TXAS0006,20170826,SNOW,0,,,N,0700
US1TXAS0006,20170827,SNOW,0,,,N,0700
US1TXAS0006,20170828,SNOW,0,,,N,0700
US1TXAS0006,20170829,SNOW,0,,,N,0700
US1TXAS0006,20170830,SNOW,0,,,N,0700
US1TXAS0006,20170831,SNOW,0,,,N,0700
US1TXAS0006,20170901,PRCP,0,,,N,0700
US1TXAS0006,20170902,PRCP,0,,,N,0700
US1TXAS0006,20170903,PRCP,0,,,N,0700
US1TXAS0006,20170904,PRCP,0,,,N,0700
US1TXAS0006,20170905,PRCP,0,,,N,0700
US1TXAS0006,20170906,PRCP,0,,,N,0700
US1TXAS0006,20170907,PRCP,0,,,N,0700
US1TXAS0006,20170908,PRCP,0,,,N,0700
US1TXAS0006,20170909,PRCP,0,,,N,0700
US1TXAS0006,20170910,PRCP,0,,,N,0700
US1TXAS0006,20170911,PRCP,0,,,N,0700
US1TXAS0006,20170912,PRCP,0,,,N,0700
US1TXAS0006,20170913,PRCP,0,,,N,0700
US1TXAS0006,20170914,PRCP,0,,,N,0700
US1TXAS0006,20170915,PRCP,0,,,N,0700
US1TXAS0006,20170916,PRCP,0,,,N,0700
US1TXAS0006,20170917,PRCP,0,,,N,0700
US1TXAS0006,20170918,PRCP,0,,,N,0700
US1TXAS0006,20170919,PRCP,3,,,N,0700
US1TXAS0006,20170920,PRCP,0,,,N,0700
US1TXAS0006,20170921,PRCP,0,,,N,0700
US1TXAS0006,20170922,PRCP,5,,,N,0700
US1TXAS0006,20170923,PRCP,0,,,N,0700
US1TXAS0006,20170924,PRCP,0,,,N,0700
US1TXAS0006,20170925,PRCP,0,,,N,0700
US1TXAS0006,20170926,PRCP,0,,,N,0700
US1TXAS0006,20170927,PRCP,0,,,N,0700
US1TXAS0006,20170928,PRCP,0,,,N,0700
US1TXAS0006,20170929,PRCP,10,,,N,0700
US1TXAS0006,20170930,PRCP,0,,,N,0700
US1TXAS0006,20170901,SNOW,0,,,N,0700
US1TXAS0006,20170902,SNOW,0,,,N,0700
US1TXAS0006,20170903,SNOW,0,,,N,0700
US1TXAS0006,20170904,SNOW,0,,,N,0700
US1TXAS0006,20170905,SNOW,0,,,N,0700
US1TXAS0006,20170906,SNOW,0,,,N,0700
US1TXAS0006,20170907,SNOW,0,,,N,0700
US1TXAS0006,20170908,SNOW,0,,,N,0700
US1TXAS0006,20170909,SNOW,0,,,N,0700
US1TXAS0006,20170910,SNOW,0,,,N,0700
US1TXAS0006,20170911,SNOW,0,,,N,0700
US1TXAS0006,20170912,SNOW,0,,,N,0700
US1TXAS0006,20170913,SNOW,0,,,N,0700
US1TXAS0006,20170914,SNOW,0,,,N,0700
US1TXAS0006,20170915,SNOW,0,,,N,0700
US1TXAS0006,20170916,SNOW,0,,,N,0700
US1TXAS0006,20170917,SNOW,0,,,N,0700
US1TXAS0006,20170918,SNOW,0,,,N,0700
US1TXAS0006,20170919,SNOW,0,,,N,0700
US1TXAS0006,20170920,SNOW,0,,,N,0700
US1TXAS0006,20170921,SNOW,0,,,N,0700
US1TXAS0006,20170922,SNOW,0,,,N,0700
US1TXAS0006,20170923,SNOW,0,,,N,0700
US1TXAS0006,20170924,SNOW,0,,,N,0700
US1TXAS0006,20170925,SNOW,0,,,N,0700
US1TXAS0006,20170926,SNOW,0,,,N,0700
US1TXAS0006,20170927,SNOW,0,,,N,0700
US1TXAS0006,20170928,SNOW,0,,,N,0700
US1TXAS0006,20170929,SNOW,0,,,N,0700
US1TXAS0006,20170930,SNOW,0,,,N,0700
US1TXAS0006,20171001,PRCP,0,,,N,0700
US1TXAS0006,20171002,PRCP,0,,,N,0700
US1TXAS0006,20171003,PRCP,0,,,N,0700
US1TXAS0006,20171004,PRCP,107,,,N,0700
US1TXAS0006,20171005,PRCP,0,,,N,0700
US1TXAS0006,20171006,PRCP,0,,,N,0700
US1TXAS0006,20171007,PRCP,0,,,N,0700
US1TXAS0006,20171008,PRCP,0,,,N,0700
US1TXAS0006,20171009,PRCP,0,,,N,0700
US1TXAS0006,20171010,PRCP,0,,,N,0700
US1TXAS0006,20171011,PRCP,0,,,N,0700
US1TXAS0006,20171012,PRCP,0,,,N,0700
US1TXAS0006,20171013,PRCP,0,,,N,0700
US1TXAS0006,20171014,PRCP,0,,,N,0700
US1TXAS0006,20171015,PRCP,0,,,N,0700
US1TXAS0006,20171016,PRCP,0,,,N,0700
US1TXAS0006,20171017,PRCP,0,,,N,0700
US1TXAS0006,20171018,PRCP,0,,,N,0700
US1TXAS0006,20171019,PRCP,0,,,N,0700
US1TXAS0006,20171020,PRCP,74,,,N,0700
US1TXAS0006,20171021,PRCP,0,,,N,0700
US1TXAS0006,20171022,PRCP,5,,,N,0700
US1TXAS0006,20171023,PRCP,196,,,N,0700
US1TXAS0006,20171024,PRCP,0,,,N,0700
US1TXAS0006,20171025,PRCP,0,,,N,0700
US1TXAS0006,20171026,PRCP,0,,,N,0700
US1TXAS0006,20171027,PRCP,0,,,N,0700
US1TXAS0006,20171028,PRCP,0,,,N,0700
US1TXAS0006,20171029,PRCP,0,,,N,0700
US1TXAS0006,20171030,PRCP,0,,,N,0700
US1TXAS0006,20171031,PRCP,0,,,N,0700
US1TXAS0006,20171001,SNOW,0,,,N,0700
US1TXAS0006,20171002,SNOW,0,,,N,0700
US1TXAS0006,20171003,SNOW,0,,,N,0700
US1TXAS0006,20171004,SNOW,0,,,N,0700
US1TXAS0006,20171005,SNOW,0,,,N,0700
US1TXAS0006,20171006,SNOW,0,,,N,0700
US1TXAS0006,20171007,SNOW,0,,,N,0700
US1TXAS0006,20171008,SNOW,0,,,N,0700
US1TXAS0006,20171009,SNOW,0,,,N,0700
US1TXAS0006,20171010,SNOW,0,,,N,0700
US1TXAS0006,20171011,SNOW,0,,,N,0700
US1TXAS0006,20171012,SNOW,0,,,N,0700
US1TXAS0006,20171013,SNOW,0,,,N,0700
US1TXAS0006,20171014,SNOW,0,,,N,0700
US1TXAS0006,20171015,SNOW,0,,,N,0700
US1TXAS0006,20171016,SNOW,0,,,N,0700
US1TXAS0006,20171017,SNOW,0,,,N,0700
US1TXAS0006,20171018,SNOW,0,,,N,0700
US1TXAS0006,20171019,SNOW,0,,,N,0700
US1TXAS0006,20171020,SNOW,0,,,N,0700
US1TXAS0006,20171021,SNOW,0,,,N,0700
US1TXAS0006,20171022,SNOW,0,,,N,0700
US1TXAS0006,20171023,SNOW,0,,,N,0700
US1TXAS0006,20171024,SNOW,0,,,N,0700
US1TXAS0006,20171025,SNOW,0,,,N,0700
US1TXAS0006,20171026,SNOW,0,,,N,0700
US1TXAS0006,20171027,SNOW,0,,,N,0700
US1TXAS0006,20171028,SNOW,0,,,N,0700
US1TXAS0006,20171029,SNOW,0,,,N,0700
US1TXAS0006,20171030,SNOW,0,,,N,0700
US1TXAS0006,20171031,SNOW,0,,,N,0700
US1TXAS0006,20171101,PRCP,137,,,N,0700
US1TXAS0006,20171102,PRCP,0,,,N,0700
US1TXAS0006,20171103,PRCP,0,,,N,0700
US1TXAS0006,20171104,PRCP,0,,,N,0700
US1TXAS0006,20171105,PRCP,0,,,N,0700
US1TXAS0006,20171106,PRCP,0,,,N,0700
US1TXAS0006,20171107,PRCP,0,,,N,0700
US1TXAS0006,20171108,PRCP,0,,,N,0700
US1TXAS0006,20171109,PRCP,20,,,N,0700
US1TXAS0006,20171110,PRCP,0,,,N,0700
US1TXAS0006,20171111,PRCP,0,,,N,0700
US1TXAS0006,20171112,PRCP,0,,,N,0700
US1TXAS0006,20171113,PRCP,0,,,N,0700
US1TXAS0006,20171114,PRCP,0,,,N,0700
US1TXAS0006,20171115,PRCP,0,,,N,0700
US1TXAS0006,20171116,PRCP,0,,,N,0700
US1TXAS0006,20171117,PRCP,5,,,N,0700
US1TXAS0006,20171118,PRCP,0,,,N,0700
US1TXAS0006,20171119,PRCP,0,,,N,0700
US1TXAS0006,20171120,PRCP,0,,,N,0700
US1TXAS0006,20171121,PRCP,0,,,N,0700
US1TXAS0006,20171122,PRCP,0,,,N,0700
US1TXAS0006,20171123,PRCP,0,,,N,0700
US1TXAS0006,20171124,PRCP,0,,,N,0700
US1TXAS0006,20171125,PRCP,0,,,N,0700
US1TXAS0006,20171126,PRCP,0,,,N,0700
US1TXAS0006,20171127,PRCP,0,,,N,0700
US1TXAS0006,20171128,PRCP,0,,,N,0700
US1TXAS0006,20171129,PRCP,0,,,N,0700
US1TXAS0006,20171130,PRCP,0,,,N,0700
US1TXAS0006,20171101,SNOW,0,,,N,0700
US1TXAS0006,20171102,SNOW,0,,,N,0700
US1TXAS0006,20171103,SNOW,0,,,N,0700
US1TXAS0006,20171104,SNOW,0,,,N,0700
US1TXAS0006,20171105,SNOW,0,,,N,0700
US1TXAS0006,20171106,SNOW,0,,,N,0700
US1TXAS0006,20171107,SNOW,0,,,N,0700
US1TXAS0006,20171108,SNOW,0,,,N,0700
US1TXAS0006,20171109,SNOW,0,,,N,0700
US1TXAS0006,20171110,SNOW,0,,,N,0700
US1TXAS0006,20171111,SNOW,0,,,N,0700
US1TXAS0006,20171112,SNOW,0,,,N,0700
US1TXAS0006,20171113,SNOW,0,,,N,0700
US1TXAS0006,20171114,SNOW,0,,,N,0700
US1TXAS0006,20171115,SNOW,0,,,N,0700
US1TXAS0006,20171116,SNOW,0,,,N,0700
US1TXAS0006,20171117,SNOW,0,,,N,0700
US1TXAS0006,20171118,SNOW,0,,,N,0700
US1TXAS0006,20171119,SNOW,0,,,N,0700
US1TXAS0006,20171120,SNOW,0,,,N,0700
US1TXAS0006,20171121,SNOW,0,,,N,0700
US1TXAS0006,20171122,SNOW,0,,,N,0700
US1TXAS0006,20171123,SNOW,0,,,N,0700
US1TXAS0006,20171124,SNOW,0,,,N,0700
US1TXAS0006,20171125,SNOW,0,,,N,0700
US1TXAS0006,20171126,SNOW,0,,,N,0700
US1TXAS0006,20171127,SNOW,0,,,N,0700
US1TXAS0006,20171128,SNOW,0,,,N,0700
US1TXAS0006,20171129,SNOW,0,,,N,0700
US1TXAS0006,20171130,SNOW,0,,,N,0700
US1TXAS0006,20171201,PRCP,0,,,N,0700
US1TXAS0006,20171202,PRCP,0,,,N,0700
US1TXAS0006,20171203,PRCP,0,,,N,0700
US1TXAS0006,20171204,PRCP,612,,,N,0700
US1TXAS0006,20171205,PRCP,3,,,N,0700
US1TXAS0006,20171206,PRCP,61,,,N,0700
US1TXAS0006,20171207,PRCP,193,,,N,0700
US1TXAS0006,20171208,PRCP,163,,,N,0700
US1TXAS0006,20171209,PRCP,0,,,N,0700
US1TXAS0006,20171210,PRCP,0,,,N,0700
US1TXAS0006,20171211,PRCP,0,,,N,0700
US1TXAS0006,20171212,PRCP,0,,,N,0700
US1TXAS0006,20171213,PRCP,0,,,N,0700
US1TXAS0006,20171214,PRCP,0,,,N,0700
US1TXAS0006,20171215,PRCP,0,,,N,0700
US1TXAS0006,20171216,PRCP,0,,,N,0700
US1TXAS0006,20171217,PRCP,269,,,N,0700
US1TXAS0006,20171218,PRCP,0,,,N,0700
US1TXAS0006,20171219,PRCP,48,,,N,0700
US1TXAS0006,20171220,PRCP,117,,,N,0700
US1TXAS0006,20171221,PRCP,0,,,N,0700
US1TXAS0006,20171222,PRCP,0,,,N,0700
US1TXAS0006,20171223,PRCP,0,T,,N,0700
US1TXAS0006,20171224,PRCP,0,,,N,0700
US1TXAS0006,20171225,PRCP,0,,,N,0700
US1TXAS0006,20171226,PRCP,18,,,N,0700
US1TXAS0006,20171227,PRCP,30,,,N,0700
US1TXAS0006,20171228,PRCP,18,,,N,0700
US1TXAS0006,20171229,PRCP,0,T,,N,0700
US1TXAS0006,20171230,PRCP,0,,,N,0700
US1TXAS0006,20171231,PRCP,5,,,N,0700
US1TXAS0006,20171201,SNOW,0,,,N,0700
US1TXAS0006,20171202,SNOW,0,,,N,0700
US1TXAS0006,20171203,SNOW,0,,,N,0700
US1TXAS0006,20171204,SNOW,0,,,N,0700
US1TXAS0006,20171205,SNOW,0,,,N,0700
US1TXAS0006,20171206,SNOW,0,,,N,0700
US1TXAS0006,20171207,SNOW,0,,,N,0700
US1TXAS0006,20171208,SNOW,41,,,N,0700
US1TXAS0006,20171209,SNOW,0,,,N,0700
US1TXAS0006,20171210,SNOW,0,,,N,0700
US1TXAS0006,20171211,SNOW,0,,,N,0700
US1TXAS0006,20171212,SNOW,0,,,N,0700
US1TXAS0006,20171213,SNOW,0,,,N,0700
US1TXAS0006,20171214,SNOW,0,,,N,0700
US1TXAS0006,20171215,SNOW,0,,,N,0700
US1TXAS0006,20171216,SNOW,0,,,N,0700
US1TXAS0006,20171217,SNOW,0,,,N,0700
US1TXAS0006,20171218,SNOW,0,,,N,0700
US1TXAS0006,20171219,SNOW,0,,,N,0700
US1TXAS0006,20171220,SNOW,0,,,N,0700
US1TXAS0006,20171221,SNOW,0,,,N,0700
US1TXAS0006,20171222,SNOW,0,,,N,0700
US1TXAS0006,20171223,SNOW,0,,,N,0700
US1TXAS0006,20171224,SNOW,0,,,N,0700
US1TXAS0006,20171225,SNOW,0,,,N,0700
US1TXAS0006,20171226,SNOW,0,,,N,0700
US1TXAS0006,20171227,SNOW,0,,,N,0700
US1TXAS0006,20171228,SNOW,0,,,N,0700
US1TXAS0006,20171229,SNOW,0,,,N,0700
US1TXAS0006,20171230,SNOW,0,,,N,0700
US1TXAS0006,20171231,SNOW,0,,,N,0700
US1TXAS0006,20171201,SNWD,0,,,N,0700
US1TXAS0006,20171202,SNWD,0,,,N,0700
US1TXAS0006,20171203,SNWD,0,,,N,0700
US1TXAS0006,20171204,SNWD,0,,,N,0700
US1TXAS0006,20171205,SNWD,0,,,N,0700
US1TXAS0006,20171206,SNWD,0,,,N,0700
US1TXAS0006,20171207,SNWD,0,,,N,0700
US1TXAS0006,20171208,SNWD,38,,,N,0700
US1TXAS0006,20171209,SNWD,0,,,N,0700
US1TXAS0006,20171210,SNWD,0,,,N,0700
US1TXAS0006,20171211,SNWD,0,,,N,0700
US1TXAS0006,20171212,SNWD,0,,,N,0700
US1TXAS0006,20171213,SNWD,0,,,N,0700
US1TXAS0006,20171214,SNWD,0,,,N,0700
US1TXAS0006,20171215,SNWD,0,,,N,0700
US1TXAS0006,20171216,SNWD,0,,,N,0700
US1TXAS0006,20171217,SNWD,0,,,N,0700
US1TXAS0006,20171218,SNWD,0,,,N,0700
US1TXAS0006,20171219,SNWD,0,,,N,0700
US1TXAS0006,20171220,SNWD,0,,,N,0700
US1TXAS0006,20171221,SNWD,0,,,N,0700
US1TXAS0006,20171222,SNWD,0,,,N,0700
US1TXAS0006,20171223,SNWD,0,,,N,0700
US1TXAS0006,20171224,SNWD,0,,,N,0700
US1TXAS0006,20171225,SNWD,0,,,N,0700
US1TXAS0006,20171226,SNWD,0,,,N,0700
US1TXAS0006,20171227,SNWD,0,,,N,0700
US1TXAS0006,20171228,SNWD,0,,,N,0700
US1TXAS0006,20171229,SNWD,0,,,N,0700
US1TXAS0006,20171230,SNWD,0,,,N,0700
US1TXAS0006,20171231,SNWD,0,,,N,0700
US1TXAS0006,20171208,WESD,41,,,N,0700
US1TXAS0006,20171208,WESF,41,,,N,0700
US1TXAS0006,20180101,PRCP,0,,,N,0700
US1TXAS0006,20180102,PRCP,0,,,N,0700
US1TXAS0006,20180103,PRCP,0,,,N,0700
US1TXAS0006,20180104,PRCP,0,,,N,0700
US1TXAS0006,20180105,PRCP,0,,,N,0700
US1TXAS0006,20180106,PRCP,0,,,N,0700
US1TXAS0006,20180107,PRCP,0,,,N,0700
US1TXAS0006,20180108,PRCP,23,,,N,0700
US1TXAS0006,20180109,PRCP,0,,,N,0640
US1TXAS0006,20180110,PRCP,0,,,N,0630
US1TXAS0006,20180111,PRCP,0,T,,N,0700
US1TXAS0006,20180112,PRCP,147,,,N,0700
US1TXAS0006,20180113,PRCP,0,,,N,0700
US1TXAS0006,20180114,PRCP,0,,,N,0700
US1TXAS0006,20180115,PRCP,0,,,N,0700
US1TXAS0006,20180116,PRCP,28,,,N,0700
US1TXAS0006,20180117,PRCP,53,,,N,0700
US1TXAS0006,20180118,PRCP,0,,,N,0700
US1TXAS0006,20180119,PRCP,0,,,N,0700
US1TXAS0006,20180120,PRCP,36,,,N,0700
US1TXAS0006,20180121,PRCP,3,,,N,0700
US1TXAS0006,20180122,PRCP,43,,,N,0645
US1TXAS0006,20180123,PRCP,0,,,N,0700
US1TXAS0006,20180124,PRCP,0,,,N,0700
US1TXAS0006,20180125,PRCP,0,,,N,0700
US1TXAS0006,20180126,PRCP,0,,,N,0700
US1TXAS0006,20180127,PRCP,43,,,N,0700
US1TXAS0006,20180128,PRCP,221,,,N,0700
US1TXAS0006,20180129,PRCP,0,,,N,0700
US1TXAS0006,20180130,PRCP,0,,,N,0700
US1TXAS0006,20180131,PRCP,0,,,N,0700
US1TXAS0006,20180101,SNOW,0,,,N,0700
US1TXAS0006,20180102,SNOW,0,,,N,0700
US1TXAS0006,20180103,SNOW,0,,,N,0700
US1TXAS0006,20180104,SNOW,0,,,N,0700
US1TXAS0006,20180105,SNOW,0,,,N,0700
US1TXAS0006,20180106,SNOW,0,,,N,0700
US1TXAS0006,20180107,SNOW,0,,,N,0700
US1TXAS0006,20180108,SNOW,0,,,N,0700
US1TXAS0006,20180109,SNOW,0,,,N,0640
US1TXAS0006,20180110,SNOW,0,,,N,0630
US1TXAS0006,20180111,SNOW,0,,,N,0700
US1TXAS0006,20180112,SNOW,0,,,N,0700
US1TXAS0006,20180113,SNOW,0,,,N,0700
US1TXAS0006,20180114,SNOW,0,,,N,0700
US1TXAS0006,20180115,SNOW,0,,,N,0700
US1TXAS0006,20180116,SNOW,0,,,N,0700
US1TXAS0006,20180117,SNOW,13,,,N,0700
US1TXAS0006,20180118,SNOW,0,,,N,0700
US1TXAS0006,20180119,SNOW,0,,,N,0700
US1TXAS0006,20180120,SNOW,0,,,N,0700
US1TXAS0006,20180121,SNOW,0,,,N,0700
US1TXAS0006,20180122,SNOW,0,,,N,0645
US1TXAS0006,20180123,SNOW,0,,,N,0700
US1TXAS0006,20180124,SNOW,0,,,N,0700
US1TXAS0006,20180125,SNOW,0,,,N,0700
US1TXAS0006,20180126,SNOW,0,,,N,0700
US1TXAS0006,20180127,SNOW,0,,,N,0700
US1TXAS0006,20180128,SNOW,0,,,N,0700
US1TXAS0006,20180129,SNOW,0,,,N,0700
US1TXAS0006,20180130,SNOW,0,,,N,0700
US1TXAS0006,20180131,SNOW,0,,,N,0700
US1TXAS0006,20180101,SNWD,0,,,N,0700
US1TXAS0006,20180102,SNWD,0,,,N,0700
US1TXAS0006,20180104,SNWD,0,,,N,0700
US1TXAS0006,20180105,SNWD,0,,,N,0700
US1TXAS0006,20180106,SNWD,0,,,N,0700
US1TXAS0006,20180107,SNWD,0,,,N,0700
US1TXAS0006,20180108,SNWD,0,,,N,0700
US1TXAS0006,20180109,SNWD,0,,,N,0640
US1TXAS0006,20180110,SNWD,0,,,N,0630
US1TXAS0006,20180111,SNWD,0,,,N,0700
US1TXAS0006,20180112,SNWD,0,,,N,0700
US1TXAS0006,20180113,SNWD,0,,,N,0700
US1TXAS0006,20180114,SNWD,0,,,N,0700
US1TXAS0006,20180115,SNWD,0,,,N,0700
US1TXAS0006,20180116,SNWD,0,,,N,0700
US1TXAS0006,20180117,SNWD,13,,,N,0700
US1TXAS0006,20180118,SNWD,0,,,N,0700
US1TXAS0006,20180119,SNWD,0,,,N,0700
US1TXAS0006,20180120,SNWD,0,,,N,0700
US1TXAS0006,20180121,SNWD,0,,,N,0700
US1TXAS0006,20180122,SNWD,0,,,N,0645
US1TXAS0006,20180123,SNWD,0,,,N,0700
US1TXAS0006,20180124,SNWD,0,,,N,0700
US1TXAS0006,20180125,SNWD,0,,,N,0700
US1TXAS0006,20180126,SNWD,0,,,N,0700
US1TXAS0006,20180127,SNWD,0,,,N,0700
US1TXAS0006,20180128,SNWD,0,,,N,0700
US1TXAS0006,20180129,SNWD,0,,,N,0700
US1TXAS0006,20180130,SNWD,0,,,N,0700
US1TXAS0006,20180131,SNWD,0,,,N,0700
US1TXAS0006,20180117,WESF,53,,,N,0700
US1TXAS0006,20180201,PRCP,0,,,N,0700
US1TXAS0006,20180202,PRCP,0,,,N,0700
US1TXAS0006,20180203,PRCP,5,,,N,0700
US1TXAS0006,20180204,PRCP,8,,,N,0700
US1TXAS0006,20180205,PRCP,0,T,,N,0700
US1TXAS0006,20180206,PRCP,15,,,N,0700
US1TXAS0006,20180207,PRCP,30,,,N,0700
US1TXAS0006,20180208,PRCP,61,,,N,0700
US1TXAS0006,20180209,PRCP,0,T,,N,0700
US1TXAS0006,20180210,PRCP,191,,,N,0700
US1TXAS0006,20180211,PRCP,5,,,N,0700
US1TXAS0006,20180212,PRCP,0,T,,N,0700
US1TXAS0006,20180213,PRCP,3,,,N,0700
US1TXAS0006,20180214,PRCP,8,,,N,0700
US1TXAS0006,20180215,PRCP,0,T,,N,0700
US1TXAS0006,20180216,PRCP,0,,,N,0700
US1TXAS0006,20180217,PRCP,3,,,N,0700
US1TXAS0006,20180218,PRCP,0,T,,N,0700
US1TXAS0006,20180219,PRCP,0,,,N,0700
US1TXAS0006,20180220,PRCP,0,,,N,0700
US1TXAS0006,20180221,PRCP,20,,,N,0700
US1TXAS0006,20180222,PRCP,69,,,N,0700
US1TXAS0006,20180223,PRCP,8,,,N,0700
US1TXAS0006,20180224,PRCP,5,,,N,0700
US1TXAS0006,20180225,PRCP,173,,,N,0700
US1TXAS0006,20180226,PRCP,193,,,N,0700
US1TXAS0006,20180227,PRCP,0,T,,N,0700
US1TXAS0006,20180228,PRCP,0,,,N,0700
US1TXAS0006,20180201,SNOW,0,,,N,0700
US1TXAS0006,20180202,SNOW,0,,,N,0700
US1TXAS0006,20180203,SNOW,0,,,N,0700
US1TXAS0006,20180204,SNOW,0,,,N,0700
US1TXAS0006,20180205,SNOW,0,,,N,0700
US1TXAS0006,20180206,SNOW,0,,,N,0700
US1TXAS0006,20180207,SNOW,0,,,N,0700
US1TXAS0006,20180208,SNOW,0,,,N,0700
US1TXAS0006,20180209,SNOW,0,,,N,0700
US1TXAS0006,20180210,SNOW,0,,,N,0700
US1TXAS0006,20180211,SNOW,0,,,N,0700
US1TXAS0006,20180212,SNOW,0,,,N,0700
US1TXAS0006,20180213,SNOW,0,,,N,0700
US1TXAS0006,20180214,SNOW,0,,,N,0700
US1TXAS0006,20180215,SNOW,0,,,N,0700
US1TXAS0006,20180216,SNOW,0,,,N,0700
US1TXAS0006,20180217,SNOW,0,,,N,0700
US1TXAS0006,20180218,SNOW,0,,,N,0700
US1TXAS0006,20180219,SNOW,0,,,N,0700
US1TXAS0006,20180220,SNOW,0,,,N,0700
US1TXAS0006,20180221,SNOW,0,,,N,0700
US1TXAS0006,20180222,SNOW,0,,,N,0700
US1TXAS0006,20180223,SNOW,0,,,N,0700
US1TXAS0006,20180224,SNOW,0,,,N,0700
US1TXAS0006,20180225,SNOW,0,,,N,0700
US1TXAS0006,20180226,SNOW,0,,,N,0700
US1TXAS0006,20180227,SNOW,0,,,N,0700
US1TXAS0006,20180228,SNOW,0,,,N,0700
US1TXAS0006,20180201,SNWD,0,,,N,0700
US1TXAS0006,20180202,SNWD,0,,,N,0700
US1TXAS0006,20180203,SNWD,0,,,N,0700
US1TXAS0006,20180204,SNWD,0,,,N,0700
US1TXAS0006,20180205,SNWD,0,,,N,0700
US1TXAS0006,20180206,SNWD,0,,,N,0700
US1TXAS0006,20180207,SNWD,0,,,N,0700
US1TXAS0006,20180208,SNWD,0,,,N,0700
US1TXAS0006,20180209,SNWD,0,,,N,0700
US1TXAS0006,20180210,SNWD,0,,,N,0700
US1TXAS0006,20180211,SNWD,0,,,N,0700
US1TXAS0006,20180212,SNWD,0,,,N,0700
US1TXAS0006,20180213,SNWD,0,,,N,0700
US1TXAS0006,20180214,SNWD,0,,,N,0700
US1TXAS0006,20180215,SNWD,0,,,N,0700
US1TXAS0006,20180216,SNWD,0,,,N,0700
US1TXAS0006,20180217,SNWD,0,,,N,0700
US1TXAS0006,20180218,SNWD,0,,,N,0700
US1TXAS0006,20180219,SNWD,0,,,N,0700
US1TXAS0006,20180220,SNWD,0,,,N,0700
US1TXAS0006,20180221,SNWD,0,,,N,0700
US1TXAS0006,20180222,SNWD,0,,,N,0700
US1TXAS0006,20180223,SNWD,0,,,N,0700
US1TXAS0006,20180224,SNWD,0,,,N,0700
US1TXAS0006,20180225,SNWD,0,,,N,0700
US1TXAS0006,20180226,SNWD,0,,,N,0700
US1TXAS0006,20180227,SNWD,0,,,N,0700
US1TXAS0006,20180228,SNWD,0,,,N,0700
US1TXAS0006,20180301,PRCP,0,,,N,0700
US1TXAS0006,20180302,PRCP,0,,,N,0700
US1TXAS0006,20180303,PRCP,0,,,N,0700
US1TXAS0006,20180304,PRCP,0,,,N,0700
US1TXAS0006,20180305,PRCP,0,T,,N,0700
US1TXAS0006,20180306,PRCP,0,,,N,0700
US1TXAS0006,20180307,PRCP,0,,,N,0700
US1TXAS0006,20180308,PRCP,0,,,N,0700
US1TXAS0006,20180309,PRCP,0,,,N,0700
US1TXAS0006,20180310,PRCP,0,,,N,0700
US1TXAS0006,20180311,PRCP,0,,,N,0700
US1TXAS0006,20180312,PRCP,0,,,N,0700
US1TXAS0006,20180313,PRCP,0,,,N,0700
US1TXAS0006,20180314,PRCP,0,,,N,0700
US1TXAS0006,20180315,PRCP,0,,,N,0700
US1TXAS0006,20180316,PRCP,0,,,N,0700
US1TXAS0006,20180317,PRCP,0,,,N,0700
US1TXAS0006,20180318,PRCP,0,,,N,0700
US1TXAS0006,20180319,PRCP,3,,,N,0700
US1TXAS0006,20180320,PRCP,0,,,N,0700
US1TXAS0006,20180321,PRCP,0,,,N,0700
US1TXAS0006,20180322,PRCP,0,,,N,0700
US1TXAS0006,20180323,PRCP,0,,,N,0700
US1TXAS0006,20180324,PRCP,0,,,N,0700
US1TXAS0006,20180325,PRCP,0,,,N,0700
US1TXAS0006,20180326,PRCP,0,,,N,0700
US1TXAS0006,20180327,PRCP,0,,,N,0700
US1TXAS0006,20180328,PRCP,0,T,,N,0700
US1TXAS0006,20180329,PRCP,937,,,N,0700
US1TXAS0006,20180330,PRCP,0,T,,N,0700
US1TXAS0006,20180331,PRCP,0,,,N,0700
US1TXAS0006,20180301,SNOW,0,,,N,0700
US1TXAS0006,20180302,SNOW,0,,,N,0700
US1TXAS0006,20180303,SNOW,0,,,N,0700
US1TXAS0006,20180304,SNOW,0,,,N,0700
US1TXAS0006,20180305,SNOW,0,,,N,0700
US1TXAS0006,20180306,SNOW,0,,,N,0700
US1TXAS0006,20180307,SNOW,0,,,N,0700
US1TXAS0006,20180308,SNOW,0,,,N,0700
US1TXAS0006,20180309,SNOW,0,,,N,0700
US1TXAS0006,20180310,SNOW,0,,,N,0700
US1TXAS0006,20180311,SNOW,0,,,N,0700
US1TXAS0006,20180312,SNOW,0,,,N,0700
US1TXAS0006,20180313,SNOW,0,,,N,0700
US1TXAS0006,20180314,SNOW,0,,,N,0700
US1TXAS0006,20180315,SNOW,0,,,N,0700
US1TXAS0006,20180316,SNOW,0,,,N,0700
US1TXAS0006,20180317,SNOW,0,,,N,0700
US1TXAS0006,20180318,SNOW,0,,,N,0700
US1TXAS0006,20180319,SNOW,0,,,N,0700
US1TXAS0006,20180320,SNOW,0,,,N,0700
US1TXAS0006,20180321,SNOW,0,,,N,0700
US1TXAS0006,20180322,SNOW,0,,,N,0700
US1TXAS0006,20180323,SNOW,0,,,N,0700
US1TXAS0006,20180324,SNOW,0,,,N,0700
US1TXAS0006,20180325,SNOW,0,,,N,0700
US1TXAS0006,20180326,SNOW,0,,,N,0700
US1TXAS0006,20180327,SNOW,0,,,N,0700
US1TXAS0006,20180328,SNOW,0,,,N,0700
US1TXAS0006,20180329,SNOW,0,,,N,0700
US1TXAS0006,20180330,SNOW,0,,,N,0700
US1TXAS0006,20180331,SNOW,0,,,N,0700
US1TXAS0006,20180321,SNWD,0,,,N,0700
US1TXAS0006,20180401,PRCP,0,,,N,0700
US1TXAS0006,20180402,PRCP,0,,,N,0700
US1TXAS0006,20180403,PRCP,0,,,N,0700
US1TXAS0006,20180404,PRCP,333,,,N,0700
US1TXAS0006,20180405,PRCP,0,,,N,0700
US1TXAS0006,20180406,PRCP,8,,,N,0700
US1TXAS0006,20180407,PRCP,3,,,N,0700
US1TXAS0006,20180408,PRCP,0,,,N,0700
US1TXAS0006,20180409,PRCP,5,,,N,0700
US1TXAS0006,20180410,PRCP,5,,,N,0700
US1TXAS0006,20180411,PRCP,0,,,N,0700
US1TXAS0006,20180412,PRCP,0,,,N,0700
US1TXAS0006,20180413,PRCP,0,,,N,0700
US1TXAS0006,20180414,PRCP,213,,,N,0700
US1TXAS0006,20180415,PRCP,3,,,N,0700
US1TXAS0006,20180416,PRCP,0,,,N,0700
US1TXAS0006,20180417,PRCP,0,,,N,0700
US1TXAS0006,20180418,PRCP,0,,,N,0700
US1TXAS0006,20180419,PRCP,0,,,N,0700
US1TXAS0006,20180420,PRCP,0,,,N,0700
US1TXAS0006,20180421,PRCP,0,,,N,0700
US1TXAS0006,20180422,PRCP,188,,,N,0700
US1TXAS0006,20180423,PRCP,0,,,N,0700
US1TXAS0006,20180424,PRCP,0,,,N,0700
US1TXAS0006,20180425,PRCP,0,,,N,0700
US1TXAS0006,20180426,PRCP,0,,,N,0700
US1TXAS0006,20180427,PRCP,0,,,N,0700
US1TXAS0006,20180428,PRCP,0,,,N,0700
US1TXAS0006,20180429,PRCP,0,,,N,0700
US1TXAS0006,20180430,PRCP,0,,,N,0700
US1TXAS0006,20180401,SNOW,0,,,N,0700
US1TXAS0006,20180402,SNOW,0,,,N,0700
US1TXAS0006,20180403,SNOW,0,,,N,0700
US1TXAS0006,20180404,SNOW,0,,,N,0700
US1TXAS0006,20180405,SNOW,0,,,N,0700
US1TXAS0006,20180406,SNOW,0,,,N,0700
US1TXAS0006,20180407,SNOW,0,,,N,0700
US1TXAS0006,20180408,SNOW,0,,,N,0700
US1TXAS0006,20180409,SNOW,0,,,N,0700
US1TXAS0006,20180410,SNOW,0,,,N,0700
US1TXAS0006,20180411,SNOW,0,,,N,0700
US1TXAS0006,20180412,SNOW,0,,,N,0700
US1TXAS0006,20180413,SNOW,0,,,N,0700
US1TXAS0006,20180414,SNOW,0,,,N,0700
US1TXAS0006,20180415,SNOW,0,,,N,0700
US1TXAS0006,20180416,SNOW,0,,,N,0700
US1TXAS0006,20180417,SNOW,0,,,N,0700
US1TXAS0006,20180418,SNOW,0,,,N,0700
US1TXAS0006,20180419,SNOW,0,,,N,0700
US1TXAS0006,20180420,SNOW,0,,,N,0700
US1TXAS0006,20180421,SNOW,0,,,N,0700
US1TXAS0006,20180422,SNOW,0,,,N,0700
US1TXAS0006,20180423,SNOW,0,,,N,0700
US1TXAS0006,20180424,SNOW,0,,,N,0700
US1TXAS0006,20180425,SNOW,0,,,N,0700
US1TXAS0006,20180426,SNOW,0,,,N,0700
US1TXAS0006,20180427,SNOW,0,,,N,0700
US1TXAS0006,20180428,SNOW,0,,,N,0700
US1TXAS0006,20180429,SNOW,0,,,N,0700
US1TXAS0006,20180430,SNOW,0,,,N,0700
US1TXAS0006,20180501,PRCP,3,,,N,0700
US1TXAS0006,20180502,PRCP,5,,,N,0700
US1TXAS0006,20180503,PRCP,0,,,N,0700
US1TXAS0006,20180504,PRCP,0,,,N,0700
US1TXAS0006,20180505,PRCP,66,,,N,0700
US1TXAS0006,20180506,PRCP,0,,,N,0700
US1TXAS0006,20180507,PRCP,0,,,N,0700
US1TXAS0006,20180508,PRCP,0,,,N,0700
US1TXAS0006,20180509,PRCP,0,,,N,0700
US1TXAS0006,20180510,PRCP,0,,,N,0700
US1TXAS0006,20180511,PRCP,0,,,N,0700
US1TXAS0006,20180512,PRCP,0,,,N,0700
US1TXAS0006,20180513,PRCP,0,,,N,0700
US1TXAS0006,20180514,PRCP,0,,,N,0600
US1TXAS0006,20180515,PRCP,0,,,N,0700
US1TXAS0006,20180516,PRCP,0,,,N,0530
US1TXAS0006,20180517,PRCP,0,,,N,0550
US1TXAS0006,20180518,PRCP,0,,,N,0700
US1TXAS0006,20180519,PRCP,0,,,N,0700
US1TXAS0006,20180520,PRCP,0,,,N,0700
US1TXAS0006,20180521,PRCP,404,,,N,0530
US1TXAS0006,20180522,PRCP,5,,,N,0700
US1TXAS0006,20180523,PRCP,3,,,N,0700
US1TXAS0006,20180524,PRCP,8,,,N,0700
US1TXAS0006,20180525,PRCP,0,,,N,0700
US1TXAS0006,20180526,PRCP,0,,,N,0700
US1TXAS0006,20180527,PRCP,0,,,N,0700
US1TXAS0006,20180528,PRCP,0,,,N,0700
US1TXAS0006,20180529,PRCP,0,,,N,0700
US1TXAS0006,20180530,PRCP,0,,,N,0700
US1TXAS0006,20180531,PRCP,0,,,N,0700
US1TXAS0006,20180501,SNOW,0,,,N,0700
US1TXAS0006,20180502,SNOW,0,,,N,0700
US1TXAS0006,20180503,SNOW,0,,,N,0700
US1TXAS0006,20180504,SNOW,0,,,N,0700
US1TXAS0006,20180505,SNOW,0,,,N,0700
US1TXAS0006,20180506,SNOW,0,,,N,0700
US1TXAS0006,20180507,SNOW,0,,,N,0700
US1TXAS0006,20180508,SNOW,0,,,N,0700
US1TXAS0006,20180509,SNOW,0,,,N,0700
US1TXAS0006,20180510,SNOW,0,,,N,0700
US1TXAS0006,20180511,SNOW,0,,,N,0700
US1TXAS0006,20180512,SNOW,0,,,N,0700
US1TXAS0006,20180513,SNOW,0,,,N,0700
US1TXAS0006,20180514,SNOW,0,,,N,0600
US1TXAS0006,20180515,SNOW,0,,,N,0700
US1TXAS0006,20180516,SNOW,0,,,N,0530
US1TXAS0006,20180517,SNOW,0,,,N,0550
US1TXAS0006,20180518,SNOW,0,,,N,0700
US1TXAS0006,20180519,SNOW,0,,,N,0700
US1TXAS0006,20180520,SNOW,0,,,N,0700
US1TXAS0006,20180521,SNOW,0,,,N,0530
US1TXAS0006,20180522,SNOW,0,,,N,0700
US1TXAS0006,20180523,SNOW,0,,,N,0700
US1TXAS0006,20180524,SNOW,0,,,N,0700
US1TXAS0006,20180525,SNOW,0,,,N,0700
US1TXAS0006,20180526,SNOW,0,,,N,0700
US1TXAS0006,20180527,SNOW,0,,,N,0700
US1TXAS0006,20180528,SNOW,0,,,N,0700
US1TXAS0006,20180529,SNOW,0,,,N,0700
US1TXAS0006,20180530,SNOW,0,,,N,0700
US1TXAS0006,20180531,SNOW,0,,,N,0700
US1TXAS0006,20180601,PRCP,0,,,N,0700
US1TXAS0006,20180602,PRCP,0,,,N,0600
US1TXAS0006,20180603,PRCP,0,,,N,0700
US1TXAS0006,20180604,PRCP,0,,,N,0700
US1TXAS0006,20180605,PRCP,0,,,N,0700
US1TXAS0006,20180606,PRCP,0,,,N,0700
US1TXAS0006,20180607,PRCP,0,,,N,0700
US1TXAS0006,20180608,PRCP,0,,,N,0700
US1TXAS0006,20180609,PRCP,0,,,N,0700
US1TXAS0006,20180610,PRCP,0,T,,N,0700
US1TXAS0006,20180611,PRCP,0,,,N,0700
US1TXAS0006,20180612,PRCP,0,,,N,0700
US1TXAS0006,20180613,PRCP,0,,,N,0700
US1TXAS0006,20180614,PRCP,10,,,N,0700
US1TXAS0006,20180615,PRCP,76,,,N,0700
US1TXAS0006,20180616,PRCP,28,,,N,0700
US1TXAS0006,20180617,PRCP,13,,,N,0700
US1TXAS0006,20180618,PRCP,150,,,N,0700
US1TXAS0006,20180619,PRCP,264,,,N,0700
US1TXAS0006,20180620,PRCP,848,,,N,0700
US1TXAS0006,20180621,PRCP,295,,,N,0700
US1TXAS0006,20180622,PRCP,3,,,N,0700
US1TXAS0006,20180623,PRCP,0,,,N,0700
US1TXAS0006,20180624,PRCP,0,,,N,0700
US1TXAS0006,20180625,PRCP,0,,,N,0700
US1TXAS0006,20180626,PRCP,84,,,N,0700
US1TXAS0006,20180627,PRCP,0,,,N,0700
US1TXAS0006,20180628,PRCP,0,,,N,0700
US1TXAS0006,20180629,PRCP,0,,,N,0700
US1TXAS0006,20180630,PRCP,0,,,N,0700
US1TXAS0006,20180601,SNOW,0,,,N,0700
US1TXAS0006,20180602,SNOW,0,,,N,0600
US1TXAS0006,20180603,SNOW,0,,,N,0700
US1TXAS0006,20180604,SNOW,0,,,N,0700
US1TXAS0006,20180605,SNOW,0,,,N,0700
US1TXAS0006,20180606,SNOW,0,,,N,0700
US1TXAS0006,20180607,SNOW,0,,,N,0700
US1TXAS0006,20180608,SNOW,0,,,N,0700
US1TXAS0006,20180609,SNOW,0,,,N,0700
US1TXAS0006,20180610,SNOW,0,,,N,0700
US1TXAS0006,20180611,SNOW,0,,,N,0700
US1TXAS0006,20180612,SNOW,0,,,N,0700
US1TXAS0006,20180613,SNOW,0,,,N,0700
US1TXAS0006,20180614,SNOW,0,,,N,0700
US1TXAS0006,20180615,SNOW,0,,,N,0700
US1TXAS0006,20180616,SNOW,0,,,N,0700
US1TXAS0006,20180617,SNOW,0,,,N,0700
US1TXAS0006,20180618,SNOW,0,,,N,0700
US1TXAS0006,20180619,SNOW,0,,,N,0700
US1TXAS0006,20180620,SNOW,0,,,N,0700
US1TXAS0006,20180621,SNOW,0,,,N,0700
US1TXAS0006,20180622,SNOW,0,,,N,0700
US1TXAS0006,20180623,SNOW,0,,,N,0700
US1TXAS0006,20180624,SNOW,0,,,N,0700
US1TXAS0006,20180625,SNOW,0,,,N,0700
US1TXAS0006,20180626,SNOW,0,,,N,0700
US1TXAS0006,20180627,SNOW,0,,,N,0700
US1TXAS0006,20180628,SNOW,0,,,N,0700
US1TXAS0006,20180629,SNOW,0,,,N,0700
US1TXAS0006,20180630,SNOW,0,,,N,0700
US1TXAS0006,20180701,PRCP,0,,,N,0700
US1TXAS0006,20180702,PRCP,0,,,N,0700
US1TXAS0006,20180703,PRCP,0,,,N,0700
US1TXAS0006,20180704,PRCP,0,,,N,0700
US1TXAS0006,20180705,PRCP,1173,,,N,0700
US1TXAS0006,20180706,PRCP,0,T,,N,0700
US1TXAS0006,20180707,PRCP,20,,,N,0700
US1TXAS0006,20180708,PRCP,0,,,N,0700
US1TXAS0006,20180709,PRCP,8,,,N,0700
US1TXAS0006,20180710,PRCP,18,,,N,0700
US1TXAS0006,20180711,PRCP,0,,,N,0700
US1TXAS0006,20180712,PRCP,0,,,N,0700
US1TXAS0006,20180713,PRCP,0,,,N,0700
US1TXAS0006,20180714,PRCP,0,,,N,0700
US1TXAS0006,20180715,PRCP,0,,,N,0700
US1TXAS0006,20180716,PRCP,0,,,N,0700
US1TXAS0006,20180717,PRCP,0,,,N,0700
US1TXAS0006,20180718,PRCP,0,,,N,0700
US1TXAS0006,20180719,PRCP,0,,,N,0700
US1TXAS0006,20180720,PRCP,0,,,N,0700
US1TXAS0006,20180721,PRCP,0,,,N,0700
US1TXAS0006,20180722,PRCP,0,,,N,0700
US1TXAS0006,20180723,PRCP,0,,,N,0700
US1TXAS0006,20180724,PRCP,0,T,,N,0700
US1TXAS0006,20180725,PRCP,0,,,N,0700
US1TXAS0006,20180726,PRCP,0,,,N,0700
US1TXAS0006,20180727,PRCP,0,,,N,0700
US1TXAS0006,20180728,PRCP,0,,,N,0700
US1TXAS0006,20180729,PRCP,0,,,N,0700
US1TXAS0006,20180730,PRCP,0,,,N,0700
US1TXAS0006,20180731,PRCP,0,,,N,0700
US1TXAS0006,20180701,SNOW,0,,,N,0700
US1TXAS0006,20180702,SNOW,0,,,N,0700
US1TXAS0006,20180703,SNOW,0,,,N,0700
US1TXAS0006,20180704,SNOW,0,,,N,0700
US1TXAS0006,20180705,SNOW,0,,,N,0700
US1TXAS0006,20180706,SNOW,0,,,N,0700
US1TXAS0006,20180707,SNOW,0,,,N,0700
US1TXAS0006,20180708,SNOW,0,,,N,0700
US1TXAS0006,20180709,SNOW,0,,,N,0700
US1TXAS0006,20180710,SNOW,0,,,N,0700
US1TXAS0006,20180711,SNOW,0,,,N,0700
US1TXAS0006,20180712,SNOW,0,,,N,0700
US1TXAS0006,20180713,SNOW,0,,,N,0700
US1TXAS0006,20180714,SNOW,0,,,N,0700
US1TXAS0006,20180715,SNOW,0,,,N,0700
US1TXAS0006,20180716,SNOW,0,,,N,0700
US1TXAS0006,20180717,SNOW,0,,,N,0700
US1TXAS0006,20180718,SNOW,0,,,N,0700
US1TXAS0006,20180719,SNOW,0,,,N,0700
US1TXAS0006,20180720,SNOW,0,,,N,0700
US1TXAS0006,20180721,SNOW,0,,,N,0700
US1TXAS0006,20180722,SNOW,0,,,N,0700
US1TXAS0006,20180723,SNOW,0,,,N,0700
US1TXAS0006,20180724,SNOW,0,,,N,0700
US1TXAS0006,20180725,SNOW,0,,,N,0700
US1TXAS0006,20180726,SNOW,0,,,N,0700
US1TXAS0006,20180727,SNOW,0,,,N,0700
US1TXAS0006,20180728,SNOW,0,,,N,0700
US1TXAS0006,20180729,SNOW,0,,,N,0700
US1TXAS0006,20180730,SNOW,0,,,N,0700
US1TXAS0006,20180731,SNOW,0,,,N,0700
US1TXAS0006,20180801,PRCP,28,,,N,0700
US1TXAS0006,20180802,PRCP,0,,,N,0700
US1TXAS0006,20180803,PRCP,0,,,N,0700
US1TXAS0006,20180804,PRCP,0,,,N,0700
US1TXAS0006,20180805,PRCP,84,,,N,0700
US1TXAS0006,20180806,PRCP,0,,,N,0700
US1TXAS0006,20180807,PRCP,18,,,N,0700
US1TXAS0006,20180808,PRCP,0,,,N,0700
US1TXAS0006,20180809,PRCP,0,,,N,0700
US1TXAS0006,20180810,PRCP,15,,,N,0700
US1TXAS0006,20180811,PRCP,36,,,N,0700
US1TXAS0006,20180812,PRCP,246,,,N,0700
US1TXAS0006,20180813,PRCP,23,,,N,0700
US1TXAS0006,20180814,PRCP,10,,,N,0700
US1TXAS0006,20180815,PRCP,0,,,N,0700
US1TXAS0006,20180816,PRCP,0,,,N,0700
US1TXAS0006,20180817,PRCP,3,,,N,0700
US1TXAS0006,20180818,PRCP,0,,,N,0700
US1TXAS0006,20180819,PRCP,0,,,N,0700
US1TXAS0006,20180820,PRCP,0,,,N,0700
US1TXAS0006,20180821,PRCP,0,,,N,0700
US1TXAS0006,20180822,PRCP,0,T,,N,0700
US1TXAS0006,20180823,PRCP,0,,,N,0700
US1TXAS0006,20180824,PRCP,0,,,N,0700
US1TXAS0006,20180825,PRCP,0,,,N,0700
US1TXAS0006,20180826,PRCP,0,,,N,0700
US1TXAS0006,20180827,PRCP,0,,,N,0700
US1TXAS0006,20180828,PRCP,8,,,N,0700
US1TXAS0006,20180829,PRCP,3,,,N,0700
US1TXAS0006,20180830,PRCP,28,,,N,0700
US1TXAS0006,20180831,PRCP,0,,,N,0700
US1TXAS0006,20180801,SNOW,0,,,N,0700
US1TXAS0006,20180802,SNOW,0,,,N,0700
US1TXAS0006,20180803,SNOW,0,,,N,0700
US1TXAS0006,20180804,SNOW,0,,,N,0700
US1TXAS0006,20180805,SNOW,0,,,N,0700
US1TXAS0006,20180806,SNOW,0,,,N,0700
US1TXAS0006,20180807,SNOW,0,,,N,0700
US1TXAS0006,20180808,SNOW,0,,,N,0700
US1TXAS0006,20180809,SNOW,0,,,N,0700
US1TXAS0006,20180810,SNOW,0,,,N,0700
US1TXAS0006,20180811,SNOW,0,,,N,0700
US1TXAS0006,20180812,SNOW,0,,,N,0700
US1TXAS0006,20180813,SNOW,0,,,N,0700
US1TXAS0006,20180814,SNOW,0,,,N,0700
US1TXAS0006,20180815,SNOW,0,,,N,0700
US1TXAS0006,20180816,SNOW,0,,,N,0700
US1TXAS0006,20180817,SNOW,0,,,N,0700
US1TXAS0006,20180818,SNOW,0,,,N,0700
US1TXAS0006,20180819,SNOW,0,,,N,0700
US1TXAS0006,20180820,SNOW,0,,,N,0700
US1TXAS0006,20180821,SNOW,0,,,N,0700
US1TXAS0006,20180822,SNOW,0,,,N,0700
US1TXAS0006,20180823,SNOW,0,,,N,0700
US1TXAS0006,20180824,SNOW,0,,,N,0700
US1TXAS0006,20180825,SNOW,0,,,N,0700
US1TXAS0006,20180826,SNOW,0,,,N,0700
US1TXAS0006,20180827,SNOW,0,,,N,0700
US1TXAS0006,20180828,SNOW,0,,,N,0700
US1TXAS0006,20180829,SNOW,0,,,N,0700
US1TXAS0006,20180830,SNOW,0,,,N,0700
US1TXAS0006,20180831,SNOW,0,,,N,0700
US1TXAS0006,20180901,PRCP,0,,,N,0700
US1TXAS0006,20180902,PRCP,0,,,N,0700
US1TXAS0006,20180903,PRCP,109,,,N,0700
US1TXAS0006,20180904,PRCP,112,,,N,0700
US1TXAS0006,20180905,PRCP,56,,,N,0700
US1TXAS0006,20180906,PRCP,0,,,N,0700
US1TXAS0006,20180907,PRCP,0,,,N,0700
US1TXAS0006,20180908,PRCP,0,,,N,0700
US1TXAS0006,20180909,PRCP,0,T,,N,0700
US1TXAS0006,20180910,PRCP,175,,,N,0700
US1TXAS0006,20180911,PRCP,117,,,N,0700
US1TXAS0006,20180912,PRCP,3,,,N,0700
US1TXAS0006,20180913,PRCP,20,,,N,0700
US1TXAS0006,20180914,PRCP,15,,,N,0700
US1TXAS0006,20180915,PRCP,3,,,N,0700
US1TXAS0006,20180916,PRCP,198,,,N,0700
US1TXAS0006,20180917,PRCP,15,,,N,0700
US1TXAS0006,20180918,PRCP,0,,,N,0700
US1TXAS0006,20180919,PRCP,0,,,N,0700
US1TXAS0006,20180920,PRCP,0,,,N,0700
US1TXAS0006,20180921,PRCP,25,,,N,0700
US1TXAS0006,20180922,PRCP,61,,,N,0700
US1TXAS0006,20180923,PRCP,10,,,N,0700
US1TXAS0006,20180924,PRCP,0,,,N,0700
US1TXAS0006,20180925,PRCP,0,,,N,0700
US1TXAS0006,20180926,PRCP,58,,,N,0700
US1TXAS0006,20180927,PRCP,325,,,N,0700
US1TXAS0006,20180928,PRCP,0,,,N,0700
US1TXAS0006,20180929,PRCP,0,,,N,0700
US1TXAS0006,20180930,PRCP,0,,,N,0700
US1TXAS0006,20180901,SNOW,0,,,N,0700
US1TXAS0006,20180902,SNOW,0,,,N,0700
US1TXAS0006,20180903,SNOW,0,,,N,0700
US1TXAS0006,20180904,SNOW,0,,,N,0700
US1TXAS0006,20180905,SNOW,0,,,N,0700
US1TXAS0006,20180906,SNOW,0,,,N,0700
US1TXAS0006,20180907,SNOW,0,,,N,0700
US1TXAS0006,20180908,SNOW,0,,,N,0700
US1TXAS0006,20180909,SNOW,0,,,N,0700
US1TXAS0006,20180910,SNOW,0,,,N,0700
US1TXAS0006,20180911,SNOW,0,,,N,0700
US1TXAS0006,20180912,SNOW,0,,,N,0700
US1TXAS0006,20180913,SNOW,0,,,N,0700
US1TXAS0006,20180914,SNOW,0,,,N,0700
US1TXAS0006,20180915,SNOW,0,,,N,0700
US1TXAS0006,20180916,SNOW,0,,,N,0700
US1TXAS0006,20180917,SNOW,0,,,N,0700
US1TXAS0006,20180918,SNOW,0,,,N,0700
US1TXAS0006,20180919,SNOW,0,,,N,0700
US1TXAS0006,20180920,SNOW,0,,,N,0700
US1TXAS0006,20180921,SNOW,0,,,N,0700
US1TXAS0006,20180922,SNOW,0,,,N,0700
US1TXAS0006,20180923,SNOW,0,,,N,0700
US1TXAS0006,20180924,SNOW,0,,,N,0700
US1TXAS0006,20180925,SNOW,0,,,N,0700
US1TXAS0006,20180926,SNOW,0,,,N,0700
US1TXAS0006,20180927,SNOW,0,,,N,0700
US1TXAS0006,20180928,SNOW,0,,,N,0700
US1TXAS0006,20180929,SNOW,0,,,N,0700
US1TXAS0006,20180930,SNOW,0,,,N,0700
US1TXAS0006,20181001,PRCP,10,,,N,0700
US1TXAS0006,20181002,PRCP,3,,,N,0700
US1TXAS0006,20181003,PRCP,119,,,N,0700
US1TXAS0006,20181004,PRCP,3,,,N,0700
US1TXAS0006,20181005,PRCP,0,,,N,0700
US1TXAS0006,20181006,PRCP,0,,,N,0700
US1TXAS0006,20181007,PRCP,0,,,N,0700
US1TXAS0006,20181008,PRCP,0,T,,N,0700
US1TXAS0006,20181009,PRCP,0,,,N,0700
US1TXAS0006,20181010,PRCP,86,,,N,0700
US1TXAS0006,20181011,PRCP,0,,,N,0700
US1TXAS0006,20181012,PRCP,0,,,N,0700
US1TXAS0006,20181013,PRCP,0,,,N,0700
US1TXAS0006,20181014,PRCP,0,,,N,0700
US1TXAS0006,20181015,PRCP,0,,,N,0700
US1TXAS0006,20181016,PRCP,277,,,N,0700
US1TXAS0006,20181017,PRCP,20,,,N,0700
US1TXAS0006,20181018,PRCP,3,,,N,0700
US1TXAS0006,20181019,PRCP,0,,,N,0700
US1TXAS0006,20181020,PRCP,279,,,N,0700
US1TXAS0006,20181021,PRCP,0,,,N,0700
US1TXAS0006,20181022,PRCP,0,,,N,0700
US1TXAS0006,20181023,PRCP,198,,,N,0700
US1TXAS0006,20181024,PRCP,41,,,N,0700
US1TXAS0006,20181025,PRCP,66,,,N,0700
US1TXAS0006,20181026,PRCP,0,,,N,0700
US1TXAS0006,20181027,PRCP,0,,,N,0700
US1TXAS0006,20181028,PRCP,0,,,N,0700
US1TXAS0006,20181029,PRCP,0,,,N,0700
US1TXAS0006,20181030,PRCP,0,,,N,0700
US1TXAS0006,20181031,PRCP,0,T,,N,0700
US1TXAS0006,20181001,SNOW,0,,,N,0700
US1TXAS0006,20181002,SNOW,0,,,N,0700
US1TXAS0006,20181003,SNOW,0,,,N,0700
US1TXAS0006,20181004,SNOW,0,,,N,0700
US1TXAS0006,20181005,SNOW,0,,,N,0700
US1TXAS0006,20181006,SNOW,0,,,N,0700
US1TXAS0006,20181007,SNOW,0,,,N,0700
US1TXAS0006,20181008,SNOW,0,,,N,0700
US1TXAS0006,20181009,SNOW,0,,,N,0700
US1TXAS0006,20181010,SNOW,0,,,N,0700
US1TXAS0006,20181011,SNOW,0,,,N,0700
US1TXAS0006,20181012,SNOW,0,,,N,0700
US1TXAS0006,20181013,SNOW,0,,,N,0700
US1TXAS0006,20181014,SNOW,0,,,N,0700
US1TXAS0006,20181015,SNOW,0,,,N,0700
US1TXAS0006,20181016,SNOW,0,,,N,0700
US1TXAS0006,20181017,SNOW,0,,,N,0700
US1TXAS0006,20181018,SNOW,0,,,N,0700
US1TXAS0006,20181019,SNOW,0,,,N,0700
US1TXAS0006,20181020,SNOW,0,,,N,0700
US1TXAS0006,20181021,SNOW,0,,,N,0700
US1TXAS0006,20181022,SNOW,0,,,N,0700
US1TXAS0006,20181023,SNOW,0,,,N,0700
US1TXAS0006,20181024,SNOW,0,,,N,0700
US1TXAS0006,20181025,SNOW,0,,,N,0700
US1TXAS0006,20181026,SNOW,0,,,N,0700
US1TXAS0006,20181027,SNOW,0,,,N,0700
US1TXAS0006,20181028,SNOW,0,,,N,0700
US1TXAS0006,20181029,SNOW,0,,,N,0700
US1TXAS0006,20181030,SNOW,0,,,N,0700
US1TXAS0006,20181031,SNOW,0,,,N,0700
US1TXAS0006,20181101,PRCP,1369,,,N,0700
US1TXAS0006,20181102,PRCP,0,,,N,0700
US1TXAS0006,20181103,PRCP,0,,,N,0700
US1TXAS0006,20181104,PRCP,198,,,N,0700
US1TXAS0006,20181105,PRCP,25,,,N,0700
US1TXAS0006,20181106,PRCP,0,,,N,0700
US1TXAS0006,20181107,PRCP,0,,,N,0700
US1TXAS0006,20181108,PRCP,30,,,N,0700
US1TXAS0006,20181109,PRCP,41,,,N,0700
US1TXAS0006,20181110,PRCP,8,,,N,0700
US1TXAS0006,20181111,PRCP,0,,,N,0700
US1TXAS0006,20181112,PRCP,43,,,N,0700
US1TXAS0006,20181113,PRCP,10,,,N,0700
US1TXAS0006,20181114,PRCP,0,,,N,0520
US1TXAS0006,20181115,PRCP,0,,,N,0700
US1TXAS0006,20181116,PRCP,0,,,N,0700
US1TXAS0006,20181117,PRCP,0,,,N,0700
US1TXAS0006,20181118,PRCP,0,,,N,0700
US1TXAS0006,20181119,PRCP,69,,,N,0700
US1TXAS0006,20181120,PRCP,5,,,N,0700
US1TXAS0006,20181121,PRCP,0,,,N,0700
US1TXAS0006,20181122,PRCP,33,,,N,0700
US1TXAS0006,20181123,PRCP,0,,,N,0700
US1TXAS0006,20181124,PRCP,0,,,N,0700
US1TXAS0006,20181125,PRCP,0,,,N,0700
US1TXAS0006,20181126,PRCP,0,,,N,0700
US1TXAS0006,20181127,PRCP,0,,,N,0700
US1TXAS0006,20181128,PRCP,0,,,N,0700
US1TXAS0006,20181129,PRCP,0,T,,N,0700
US1TXAS0006,20181130,PRCP,8,,,N,0700
US1TXAS0006,20181101,SNOW,0,,,N,0700
US1TXAS0006,20181102,SNOW,0,,,N,0700
US1TXAS0006,20181103,SNOW,0,,,N,0700
US1TXAS0006,20181104,SNOW,0,,,N,0700
US1TXAS0006,20181105,SNOW,0,,,N,0700
US1TXAS0006,20181106,SNOW,0,,,N,0700
US1TXAS0006,20181107,SNOW,0,,,N,0700
US1TXAS0006,20181108,SNOW,0,,,N,0700
US1TXAS0006,20181109,SNOW,0,,,N,0700
US1TXAS0006,20181110,SNOW,0,,,N,0700
US1TXAS0006,20181111,SNOW,0,,,N,0700
US1TXAS0006,20181112,SNOW,0,,,N,0700
US1TXAS0006,20181113,SNOW,0,,,N,0700
US1TXAS0006,20181114,SNOW,0,,,N,0520
US1TXAS0006,20181115,SNOW,0,,,N,0700
US1TXAS0006,20181116,SNOW,0,,,N,0700
US1TXAS0006,20181117,SNOW,0,,,N,0700
US1TXAS0006,20181118,SNOW,0,,,N,0700
US1TXAS0006,20181119,SNOW,0,,,N,0700
US1TXAS0006,20181120,SNOW,0,,,N,0700
US1TXAS0006,20181121,SNOW,0,,,N,0700
US1TXAS0006,20181122,SNOW,0,,,N,0700
US1TXAS0006,20181123,SNOW,0,,,N,0700
US1TXAS0006,20181124,SNOW,0,,,N,0700
US1TXAS0006,20181125,SNOW,0,,,N,0700
US1TXAS0006,20181126,SNOW,0,,,N,0700
US1TXAS0006,20181127,SNOW,0,,,N,0700
US1TXAS0006,20181128,SNOW,0,,,N,0700
US1TXAS0006,20181129,SNOW,0,,,N,0700
US1TXAS0006,20181130,SNOW,0,,,N,0700
US1TXAS0006,20181201,PRCP,0,,,N,0700
US1TXAS0006,20181202,PRCP,0,,,N,0700
US1TXAS0006,20181203,PRCP,0,,,N,0700
US1TXAS0006,20181204,PRCP,0,,,N,0700
US1TXAS0006,20181205,PRCP,0,,,N,0700
US1TXAS0006,20181206,PRCP,0,,,N,0700
US1TXAS0006,20181207,PRCP,0,T,,N,0700
US1TXAS0006,20181208,PRCP,1105,,,N,0615
US1TXAS0006,20181209,PRCP,18,,,N,0700
US1TXAS0006,20181210,PRCP,0,,,N,0700
US1TXAS0006,20181211,PRCP,0,,,N,0700
US1TXAS0006,20181212,PRCP,0,,,N,0700
US1TXAS0006,20181213,PRCP,86,,,N,0700
US1TXAS0006,20181214,PRCP,0,T,,N,0700
US1TXAS0006,20181215,PRCP,0,,,N,0700
US1TXAS0006,20181216,PRCP,0,,,N,0700
US1TXAS0006,20181217,PRCP,0,,,N,0700
US1TXAS0006,20181218,PRCP,0,,,N,0700
US1TXAS0006,20181219,PRCP,56,,,N,0700
US1TXAS0006,20181220,PRCP,20,,,N,0700
US1TXAS0006,20181221,PRCP,0,,,N,0700
US1TXAS0006,20181222,PRCP,0,,,N,0700
US1TXAS0006,20181223,PRCP,0,,,N,0700
US1TXAS0006,20181224,PRCP,0,,,N,0700
US1TXAS0006,20181225,PRCP,0,,,N,0700
US1TXAS0006,20181226,PRCP,5,,,N,0700
US1TXAS0006,20181227,PRCP,538,,,N,0700
US1TXAS0006,20181228,PRCP,0,T,,N,0700
US1TXAS0006,20181229,PRCP,0,,,N,0700
US1TXAS0006,20181230,PRCP,0,,,N,0700
US1TXAS0006,20181231,PRCP,64,,,N,0700
US1TXAS0006,20181201,SNOW,0,,,N,0700
US1TXAS0006,20181202,SNOW,0,,,N,0700
US1TXAS0006,20181203,SNOW,0,,,N,0700
US1TXAS0006,20181204,SNOW,0,,,N,0700
US1TXAS0006,20181205,SNOW,0,,,N,0700
US1TXAS0006,20181206,SNOW,0,,,N,0700
US1TXAS0006,20181207,SNOW,0,,,N,0700
US1TXAS0006,20181208,SNOW,0,,,N,0615
US1TXAS0006,20181209,SNOW,0,,,N,0700
US1TXAS0006,20181210,SNOW,0,,,N,0700
US1TXAS0006,20181211,SNOW,0,,,N,0700
US1TXAS0006,20181212,SNOW,0,,,N,0700
US1TXAS0006,20181213,SNOW,0,,,N,0700
US1TXAS0006,20181214,SNOW,0,,,N,0700
US1TXAS0006,20181215,SNOW,0,,,N,0700
US1TXAS0006,20181216,SNOW,0,,,N,0700
US1TXAS0006,20181217,SNOW,0,,,N,0700
US1TXAS0006,20181218,SNOW,0,,,N,0700
US1TXAS0006,20181219,SNOW,0,,,N,0700
US1TXAS0006,20181220,SNOW,0,,,N,0700
US1TXAS0006,20181221,SNOW,0,,,N,0700
US1TXAS0006,20181222,SNOW,0,,,N,0700
US1TXAS0006,20181223,SNOW,0,,,N,0700
US1TXAS0006,20181224,SNOW,0,,,N,0700
US1TXAS0006,20181225,SNOW,0,,,N,0700
US1TXAS0006,20181226,SNOW,0,,,N,0700
US1TXAS0006,20181227,SNOW,0,,,N,0700
US1TXAS0006,20181228,SNOW,0,,,N,0700
US1TXAS0006,20181229,SNOW,0,,,N,0700
US1TXAS0006,20181230,SNOW,0,,,N,0700
US1TXAS0006,20181231,SNOW,0,,,N,0700
US1TXAS0006,20181201,SNWD,0,,,N,0700
US1TXAS0006,20181202,SNWD,0,,,N,0700
US1TXAS0006,20181204,SNWD,0,,,N,0700
US1TXAS0006,20181205,SNWD,0,,,N,0700
US1TXAS0006,20181206,SNWD,0,,,N,0700
US1TXAS0006,20181207,SNWD,0,,,N,0700
US1TXAS0006,20181208,SNWD,0,,,N,0615
US1TXAS0006,20181209,SNWD,0,,,N,0700
US1TXAS0006,20181210,SNWD,0,,,N,0700
US1TXAS0006,20181211,SNWD,0,,,N,0700
US1TXAS0006,20181212,SNWD,0,,,N,0700
US1TXAS0006,20181213,SNWD,0,,,N,0700
US1TXAS0006,20181214,SNWD,0,,,N,0700
US1TXAS0006,20181215,SNWD,0,,,N,0700
US1TXAS0006,20181216,SNWD,0,,,N,0700
US1TXAS0006,20181217,SNWD,0,,,N,0700
US1TXAS0006,20181218,SNWD,0,,,N,0700
US1TXAS0006,20181219,SNWD,0,,,N,0700
US1TXAS0006,20181220,SNWD,0,,,N,0700
US1TXAS0006,20181221,SNWD,0,,,N,0700
US1TXAS0006,20181222,SNWD,0,,,N,0700
US1TXAS0006,20181223,SNWD,0,,,N,0700
US1TXAS0006,20181224,SNWD,0,,,N,0700
US1TXAS0006,20181225,SNWD,0,,,N,0700
US1TXAS0006,20181226,SNWD,0,,,N,0700
US1TXAS0006,20181227,SNWD,0,,,N,0700
US1TXAS0006,20181228,SNWD,0,,,N,0700
US1TXAS0006,20181229,SNWD,0,,,N,0700
US1TXAS0006,20181230,SNWD,0,,,N,0700
US1TXAS0006,20181231,SNWD,0,,,N,0700
US1TXAS0006,20190101,PRCP,0,,,N,0700
US1TXAS0006,20190102,PRCP,0,,,N,0700
US1TXAS0006,20190103,PRCP,503,,,N,0700
US1TXAS0006,20190104,PRCP,28,,,N,0700
US1TXAS0006,20190105,PRCP,0,,,N,0700
US1TXAS0006,20190106,PRCP,0,,,N,0700
US1TXAS0006,20190107,PRCP,0,,,N,0700
US1TXAS0006,20190108,PRCP,0,,,N,0700
US1TXAS0006,20190109,PRCP,0,,,N,0700
US1TXAS0006,20190110,PRCP,0,,,N,0700
US1TXAS0006,20190111,PRCP,0,,,N,0700
US1TXAS0006,20190112,PRCP,58,,,N,0700
US1TXAS0006,20190113,PRCP,0,,,N,0700
US1TXAS0006,20190114,PRCP,0,,,N,0700
US1TXAS0006,20190115,PRCP,0,,,N,0700
US1TXAS0006,20190116,PRCP,0,,,N,0700
US1TXAS0006,20190117,PRCP,38,,,N,0700
US1TXAS0006,20190118,PRCP,0,,,N,0700
US1TXAS0006,20190119,PRCP,145,,,N,0700
US1TXAS0006,20190120,PRCP,0,,,N,0700
US1TXAS0006,20190121,PRCP,0,,,N,0700
US1TXAS0006,20190122,PRCP,0,,,N,0700
US1TXAS0006,20190123,PRCP,483,,,N,0700
US1TXAS0006,20190124,PRCP,3,,,N,0700
US1TXAS0006,20190125,PRCP,0,,,N,0700
US1TXAS0006,20190126,PRCP,0,,,N,0700
US1TXAS0006,20190127,PRCP,28,,,N,0700
US1TXAS0006,20190128,PRCP,0,,,N,0700
US1TXAS0006,20190129,PRCP,25,,,N,0700
US1TXAS0006,20190130,PRCP,0,,,N,0700
US1TXAS0006,20190131,PRCP,0,,,N,0700
US1TXAS0006,20190101,SNOW,0,,,N,0700
US1TXAS0006,20190102,SNOW,0,,,N,0700
US1TXAS0006,20190103,SNOW,0,,,N,0700
US1TXAS0006,20190104,SNOW,0,,,N,0700
US1TXAS0006,20190105,SNOW,0,,,N,0700
US1TXAS0006,20190106,SNOW,0,,,N,0700
US1TXAS0006,20190107,SNOW,0,,,N,0700
US1TXAS0006,20190108,SNOW,0,,,N,0700
US1TXAS0006,20190109,SNOW,0,,,N,0700
US1TXAS0006,20190110,SNOW,0,,,N,0700
US1TXAS0006,20190111,SNOW,0,,,N,0700
US1TXAS0006,20190112,SNOW,0,,,N,0700
US1TXAS0006,20190113,SNOW,0,,,N,0700
US1TXAS0006,20190114,SNOW,0,,,N,0700
US1TXAS0006,20190115,SNOW,0,,,N,0700
US1TXAS0006,20190116,SNOW,0,,,N,0700
US1TXAS0006,20190117,SNOW,0,,,N,0700
US1TXAS0006,20190118,SNOW,0,,,N,0700
US1TXAS0006,20190119,SNOW,0,,,N,0700
US1TXAS0006,20190120,SNOW,0,,,N,0700
US1TXAS0006,20190121,SNOW,0,,,N,0700
US1TXAS0006,20190122,SNOW,0,,,N,0700
US1TXAS0006,20190123,SNOW,0,,,N,0700
US1TXAS0006,20190124,SNOW,0,,,N,0700
US1TXAS0006,20190125,SNOW,0,,,N,0700
US1TXAS0006,20190126,SNOW,0,,,N,0700
US1TXAS0006,20190127,SNOW,0,,,N,0700
US1TXAS0006,20190128,SNOW,0,,,N,0700
US1TXAS0006,20190129,SNOW,0,,,N,0700
US1TXAS0006,20190130,SNOW,0,,,N,0700
US1TXAS0006,20190131,SNOW,0,,,N,0700
US1TXAS0006,20190101,SNWD,0,,,N,0700
US1TXAS0006,20190102,SNWD,0,,,N,0700
US1TXAS0006,20190103,SNWD,0,,,N,0700
US1TXAS0006,20190104,SNWD,0,,,N,0700
US1TXAS0006,20190105,SNWD,0,,,N,0700
US1TXAS0006,20190106,SNWD,0,,,N,0700
US1TXAS0006,20190107,SNWD,0,,,N,0700
US1TXAS0006,20190108,SNWD,0,,,N,0700
US1TXAS0006,20190109,SNWD,0,,,N,0700
US1TXAS0006,20190110,SNWD,0,,,N,0700
US1TXAS0006,20190111,SNWD,0,,,N,0700
US1TXAS0006,20190112,SNWD,0,,,N,0700
US1TXAS0006,20190113,SNWD,0,,,N,0700
US1TXAS0006,20190114,SNWD,0,,,N,0700
US1TXAS0006,20190115,SNWD,0,,,N,0700
US1TXAS0006,20190116,SNWD,0,,,N,0700
US1TXAS0006,20190117,SNWD,0,,,N,0700
US1TXAS0006,20190118,SNWD,0,,,N,0700
US1TXAS0006,20190119,SNWD,0,,,N,0700
US1TXAS0006,20190120,SNWD,0,,,N,0700
US1TXAS0006,20190121,SNWD,0,,,N,0700
US1TXAS0006,20190122,SNWD,0,,,N,0700
US1TXAS0006,20190123,SNWD,0,,,N,0700
US1TXAS0006,20190124,SNWD,0,,,N,0700
US1TXAS0006,20190125,SNWD,0,,,N,0700
US1TXAS0006,20190126,SNWD,0,,,N,0700
US1TXAS0006,20190127,SNWD,0,,,N,0700
US1TXAS0006,20190128,SNWD,0,,,N,0700
US1TXAS0006,20190129,SNWD,0,,,N,0700
US1TXAS0006,20190130,SNWD,0,,,N,0700
US1TXAS0006,20190131,SNWD,0,,,N,0700
US1TXAS0006,20190201,PRCP,41,,,N,0700
US1TXAS0006,20190202,PRCP,3,,,N,0700
US1TXAS0006,20190203,PRCP,18,,,N,0700
US1TXAS0006,20190204,PRCP,0,T,,N,0700
US1TXAS0006,20190205,PRCP,0,T,,N,0700
US1TXAS0006,20190206,PRCP,0,T,,N,0700
US1TXAS0006,20190207,PRCP,0,,,N,0700
US1TXAS0006,20190208,PRCP,3,,,N,0700
US1TXAS0006,20190209,PRCP,3,,,N,0700
US1TXAS0006,20190210,PRCP,8,,,N,0700
US1TXAS0006,20190211,PRCP,56,,,N,0700
US1TXAS0006,20190212,PRCP,23,,,N,0700
US1TXAS0006,20190213,PRCP,0,,,N,0700
US1TXAS0006,20190214,PRCP,0,,,N,0700
US1TXAS0006,20190215,PRCP,0,,,N,0700
US1TXAS0006,20190216,PRCP,5,,,N,0700
US1TXAS0006,20190217,PRCP,8,,,N,0700
US1TXAS0006,20190218,PRCP,0,,,N,0700
US1TXAS0006,20190219,PRCP,0,,,N,0700
US1TXAS0006,20190220,PRCP,25,,,N,0700
US1TXAS0006,20190221,PRCP,8,,,N,0700
US1TXAS0006,20190222,PRCP,3,,,N,0700
US1TXAS0006,20190223,PRCP,3,,,N,0700
US1TXAS0006,20190224,PRCP,0,,,N,0700
US1TXAS0006,20190225,PRCP,0,,,N,0700
US1TXAS0006,20190226,PRCP,10,,,N,0700
US1TXAS0006,20190227,PRCP,318,,,N,0700
US1TXAS0006,20190228,PRCP,8,,,N,0700
US1TXAS0006,20190201,SNOW,0,,,N,0700
US1TXAS0006,20190202,SNOW,0,,,N,0700
US1TXAS0006,20190203,SNOW,0,,,N,0700
US1TXAS0006,20190204,SNOW,0,,,N,0700
US1TXAS0006,20190205,SNOW,0,,,N,0700
US1TXAS0006,20190206,SNOW,0,,,N,0700
US1TXAS0006,20190207,SNOW,0,,,N,0700
US1TXAS0006,20190208,SNOW,0,,,N,0700
US1TXAS0006,20190209,SNOW,0,,,N,0700
US1TXAS0006,20190210,SNOW,0,,,N,0700
US1TXAS0006,20190211,SNOW,0,,,N,0700
US1TXAS0006,20190212,SNOW,0,,,N,0700
US1TXAS0006,20190213,SNOW,0,,,N,0700
US1TXAS0006,20190214,SNOW,0,,,N,0700
US1TXAS0006,20190215,SNOW,0,,,N,0700
US1TXAS0006,20190216,SNOW,0,,,N,0700
US1TXAS0006,20190217,SNOW,0,,,N,0700
US1TXAS0006,20190218,SNOW,0,,,N,0700
US1TXAS0006,20190219,SNOW,0,,,N,0700
US1TXAS0006,20190220,SNOW,0,,,N,0700
US1TXAS0006,20190221,SNOW,0,,,N,0700
US1TXAS0006,20190222,SNOW,0,,,N,0700
US1TXAS0006,20190223,SNOW,0,,,N,0700
US1TXAS0006,20190224,SNOW,0,,,N,0700
US1TXAS0006,20190225,SNOW,0,,,N,0700
US1TXAS0006,20190226,SNOW,0,,,N,0700
US1TXAS0006,20190227,SNOW,0,,,N,0700
US1TXAS0006,20190228,SNOW,0,,,N,0700
US1TXAS0006,20190201,SNWD,0,,,N,0700
US1TXAS0006,20190202,SNWD,0,,,N,0700
US1TXAS0006,20190203,SNWD,0,,,N,0700
US1TXAS0006,20190204,SNWD,0,,,N,0700
US1TXAS0006,20190205,SNWD,0,,,N,0700
US1TXAS0006,20190206,SNWD,0,,,N,0700
US1TXAS0006,20190207,SNWD,0,,,N,0700
US1TXAS0006,20190208,SNWD,0,,,N,0700
US1TXAS0006,20190209,SNWD,0,,,N,0700
US1TXAS0006,20190210,SNWD,0,,,N,0700
US1TXAS0006,20190211,SNWD,0,,,N,0700
US1TXAS0006,20190212,SNWD,0,,,N,0700
US1TXAS0006,20190213,SNWD,0,,,N,0700
US1TXAS0006,20190214,SNWD,0,,,N,0700
US1TXAS0006,20190215,SNWD,0,,,N,0700
US1TXAS0006,20190216,SNWD,0,,,N,0700
US1TXAS0006,20190217,SNWD,0,,,N,0700
US1TXAS0006,20190218,SNWD,0,,,N,0700
US1TXAS0006,20190219,SNWD,0,,,N,0700
US1TXAS0006,20190220,SNWD,0,,,N,0700
US1TXAS0006,20190221,SNWD,0,,,N,0700
US1TXAS0006,20190222,SNWD,0,,,N,0700
US1TXAS0006,20190223,SNWD,0,,,N,0700
US1TXAS0006,20190224,SNWD,0,,,N,0700
US1TXAS0006,20190225,SNWD,0,,,N,0700
US1TXAS0006,20190226,SNWD,0,,,N,0700
US1TXAS0006,20190227,SNWD,0,,,N,0700
US1TXAS0006,20190228,SNWD,0,,,N,0700
US1TXAS0006,20190301,PRCP,8,,,N,0700
US1TXAS0006,20190302,PRCP,5,,,N,0700
US1TXAS0006,20190303,PRCP,5,,,N,0700
US1TXAS0006,20190304,PRCP,0,,,N,0700
US1TXAS0006,20190305,PRCP,0,,,N,0700
US1TXAS0006,20190306,PRCP,0,,,N,0700
US1TXAS0006,20190307,PRCP,0,,,N,0700
US1TXAS0006,20190308,PRCP,0,T,,N,0700
US1TXAS0006,20190309,PRCP,0,,,N,0700
US1TXAS0006,20190310,PRCP,0,,,N,0700
US1TXAS0006,20190311,PRCP,0,,,N,0700
US1TXAS0006,20190312,PRCP,0,,,N,0700
US1TXAS0006,20190313,PRCP,3,,,N,0700
US1TXAS0006,20190314,PRCP,58,,,N,0700
US1TXAS0006,20190315,PRCP,0,,,N,0700
US1TXAS0006,20190316,PRCP,0,,,N,0700
US1TXAS0006,20190317,PRCP,0,,,N,0700
US1TXAS0006,20190318,PRCP,0,,,N,0700
US1TXAS0006,20190319,PRCP,0,,,N,0700
US1TXAS0006,20190320,PRCP,0,,,N,0700
US1TXAS0006,20190321,PRCP,0,,,N,0700
US1TXAS0006,20190322,PRCP,0,,,N,0700
US1TXAS0006,20190323,PRCP,0,,,N,0700
US1TXAS0006,20190324,PRCP,0,,,N,0700
US1TXAS0006,20190325,PRCP,0,,,N,0700
US1TXAS0006,20190326,PRCP,0,,,N,0700
US1TXAS0006,20190327,PRCP,0,,,N,0700
US1TXAS0006,20190328,PRCP,0,,,N,0700
US1TXAS0006,20190329,PRCP,0,,,N,0700
US1TXAS0006,20190330,PRCP,0,T,,N,0700
US1TXAS0006,20190331,PRCP,13,,,N,0700
US1TXAS0006,20190301,SNOW,0,,,N,0700
US1TXAS0006,20190302,SNOW,0,,,N,0700
US1TXAS0006,20190303,SNOW,0,,,N,0700
US1TXAS0006,20190304,SNOW,0,,,N,0700
US1TXAS0006,20190305,SNOW,0,,,N,0700
US1TXAS0006,20190306,SNOW,0,,,N,0700
US1TXAS0006,20190307,SNOW,0,,,N,0700
US1TXAS0006,20190308,SNOW,0,,,N,0700
US1TXAS0006,20190309,SNOW,0,,,N,0700
US1TXAS0006,20190310,SNOW,0,,,N,0700
US1TXAS0006,20190311,SNOW,0,,,N,0700
US1TXAS0006,20190312,SNOW,0,,,N,0700
US1TXAS0006,20190313,SNOW,0,,,N,0700
US1TXAS0006,20190314,SNOW,0,,,N,0700
US1TXAS0006,20190315,SNOW,0,,,N,0700
US1TXAS0006,20190316,SNOW,0,,,N,0700
US1TXAS0006,20190317,SNOW,0,,,N,0700
US1TXAS0006,20190318,SNOW,0,,,N,0700
US1TXAS0006,20190319,SNOW,0,,,N,0700
US1TXAS0006,20190320,SNOW,0,,,N,0700
US1TXAS0006,20190321,SNOW,0,,,N,0700
US1TXAS0006,20190322,SNOW,0,,,N,0700
US1TXAS0006,20190323,SNOW,0,,,N,0700
US1TXAS0006,20190324,SNOW,0,,,N,0700
US1TXAS0006,20190325,SNOW,0,,,N,0700
US1TXAS0006,20190326,SNOW,0,,,N,0700
US1TXAS0006,20190327,SNOW,0,,,N,0700
US1TXAS0006,20190328,SNOW,0,,,N,0700
US1TXAS0006,20190329,SNOW,0,,,N,0700
US1TXAS0006,20190330,SNOW,0,,,N,0700
US1TXAS0006,20190331,SNOW,0,,,N,0700
US1TXAS0006,20190301,SNWD,0,,,N,0700
US1TXAS0006,20190401,PRCP,0,,,N,0700
US1TXAS0006,20190402,PRCP,3,,,N,0700
US1TXAS0006,20190403,PRCP,0,,,N,0700
US1TXAS0006,20190404,PRCP,33,,,N,0700
US1TXAS0006,20190405,PRCP,8,,,N,0700
US1TXAS0006,20190406,PRCP,0,T,,N,0700
US1TXAS0006,20190407,PRCP,10,,,N,0700
US1TXAS0006,20190408,PRCP,246,,,N,0700
US1TXAS0006,20190409,PRCP,0,,,N,0700
US1TXAS0006,20190410,PRCP,0,,,N,0700
US1TXAS0006,20190411,PRCP,0,,,N,0700
US1TXAS0006,20190412,PRCP,0,,,N,0700
US1TXAS0006,20190413,PRCP,15,,,N,0700
US1TXAS0006,20190414,PRCP,13,,,N,0700
US1TXAS0006,20190415,PRCP,0,,,N,0700
US1TXAS0006,20190416,PRCP,0,,,N,0700
US1TXAS0006,20190417,PRCP,0,T,,N,0700
US1TXAS0006,20190418,PRCP,191,,,N,0700
US1TXAS0006,20190419,PRCP,58,,,N,0700
US1TXAS0006,20190420,PRCP,0,,,N,0700
US1TXAS0006,20190421,PRCP,0,,,N,0700
US1TXAS0006,20190422,PRCP,0,,,N,0700
US1TXAS0006,20190423,PRCP,0,T,,N,0700
US1TXAS0006,20190424,PRCP,0,T,,N,0700
US1TXAS0006,20190425,PRCP,79,,,N,0700
US1TXAS0006,20190426,PRCP,0,,,N,0700
US1TXAS0006,20190427,PRCP,0,,,N,0700
US1TXAS0006,20190428,PRCP,0,,,N,0700
US1TXAS0006,20190429,PRCP,0,,,N,0700
US1TXAS0006,20190430,PRCP,0,,,N,0700
US1TXAS0006,20190401,SNOW,0,,,N,0700
US1TXAS0006,20190402,SNOW,0,,,N,0700
US1TXAS0006,20190403,SNOW,0,,,N,0700
US1TXAS0006,20190404,SNOW,0,,,N,0700
US1TXAS0006,20190405,SNOW,0,,,N,0700
US1TXAS0006,20190406,SNOW,0,,,N,0700
US1TXAS0006,20190407,SNOW,0,,,N,0700
US1TXAS0006,20190408,SNOW,0,,,N,0700
US1TXAS0006,20190409,SNOW,0,,,N,0700
US1TXAS0006,20190410,SNOW,0,,,N,0700
US1TXAS0006,20190411,SNOW,0,,,N,0700
US1TXAS0006,20190412,SNOW,0,,,N,0700
US1TXAS0006,20190413,SNOW,0,,,N,0700
US1TXAS0006,20190415,SNOW,0,,,N,0700
US1TXAS0006,20190416,SNOW,0,,,N,0700
US1TXAS0006,20190417,SNOW,0,,,N,0700
US1TXAS0006,20190418,SNOW,0,,,N,0700
US1TXAS0006,20190419,SNOW,0,,,N,0700
US1TXAS0006,20190420,SNOW,0,,,N,0700
US1TXAS0006,20190421,SNOW,0,,,N,0700
US1TXAS0006,20190422,SNOW,0,,,N,0700
US1TXAS0006,20190423,SNOW,0,,,N,0700
US1TXAS0006,20190424,SNOW,0,,,N,0700
US1TXAS0006,20190425,SNOW,0,,,N,0700
US1TXAS0006,20190426,SNOW,0,,,N,0700
US1TXAS0006,20190427,SNOW,0,,,N,0700
US1TXAS0006,20190428,SNOW,0,,,N,0700
US1TXAS0006,20190429,SNOW,0,,,N,0700
US1TXAS0006,20190430,SNOW,0,,,N,0700
US1TXAS0006,20190501,PRCP,0,,,N,0700
US1TXAS0006,20190502,PRCP,20,,,N,0700
US1TXAS0006,20190503,PRCP,124,,,N,0700
US1TXAS0006,20190504,PRCP,318,,,N,0700
US1TXAS0006,20190505,PRCP,0,,,N,0700
US1TXAS0006,20190506,PRCP,0,,,N,0700
US1TXAS0006,20190507,PRCP,0,T,,N,0700
US1TXAS0006,20190508,PRCP,272,,,N,0700
US1TXAS0006,20190509,PRCP,8,,,N,0700
US1TXAS0006,20190510,PRCP,681,,,N,0700
US1TXAS0006,20190511,PRCP,0,,,N,0700
US1TXAS0006,20190512,PRCP,130,,,N,0700
US1TXAS0006,20190513,PRCP,0,,,N,0700
US1TXAS0006,20190514,PRCP,0,,,N,0700
US1TXAS0006,20190515,PRCP,0,,,N,0700
US1TXAS0006,20190516,PRCP,0,,,N,0700
US1TXAS0006,20190517,PRCP,0,,,N,0700
US1TXAS0006,20190518,PRCP,0,,,N,0700
US1TXAS0006,20190519,PRCP,0,T,,N,0700
US1TXAS0006,20190520,PRCP,0,,,N,0700
US1TXAS0006,20190521,PRCP,0,,,N,0700
US1TXAS0006,20190522,PRCP,0,,,N,0700
US1TXAS0006,20190523,PRCP,0,,,N,0700
US1TXAS0006,20190524,PRCP,0,,,N,0700
US1TXAS0006,20190525,PRCP,0,,,N,0700
US1TXAS0006,20190526,PRCP,0,,,N,0700
US1TXAS0006,20190527,PRCP,0,,,N,0700
US1TXAS0006,20190528,PRCP,0,,,N,0700
US1TXAS0006,20190529,PRCP,0,,,N,0700
US1TXAS0006,20190530,PRCP,0,,,N,0700
US1TXAS0006,20190531,PRCP,5,,,N,0700
US1TXAS0006,20190501,SNOW,0,,,N,0700
US1TXAS0006,20190502,SNOW,0,,,N,0700
US1TXAS0006,20190503,SNOW,0,,,N,0700
US1TXAS0006,20190504,SNOW,0,,,N,0700
US1TXAS0006,20190505,SNOW,0,,,N,0700
US1TXAS0006,20190506,SNOW,0,,,N,0700
US1TXAS0006,20190507,SNOW,0,,,N,0700
US1TXAS0006,20190508,SNOW,0,,,N,0700
US1TXAS0006,20190509,SNOW,0,,,N,0700
US1TXAS0006,20190510,SNOW,0,,,N,0700
US1TXAS0006,20190511,SNOW,0,,,N,0700
US1TXAS0006,20190512,SNOW,0,,,N,0700
US1TXAS0006,20190513,SNOW,0,,,N,0700
US1TXAS0006,20190514,SNOW,0,,,N,0700
US1TXAS0006,20190515,SNOW,0,,,N,0700
US1TXAS0006,20190516,SNOW,0,,,N,0700
US1TXAS0006,20190517,SNOW,0,,,N,0700
US1TXAS0006,20190518,SNOW,0,,,N,0700
US1TXAS0006,20190519,SNOW,0,,,N,0700
US1TXAS0006,20190520,SNOW,0,,,N,0700
US1TXAS0006,20190521,SNOW,0,,,N,0700
US1TXAS0006,20190522,SNOW,0,,,N,0700
US1TXAS0006,20190523,SNOW,0,,,N,0700
US1TXAS0006,20190524,SNOW,0,,,N,0700
US1TXAS0006,20190525,SNOW,0,,,N,0700
US1TXAS0006,20190526,SNOW,0,,,N,0700
US1TXAS0006,20190527,SNOW,0,,,N,0700
US1TXAS0006,20190528,SNOW,0,,,N,0700
US1TXAS0006,20190529,SNOW,0,,,N,0700
US1TXAS0006,20190530,SNOW,0,,,N,0700
US1TXAS0006,20190531,SNOW,0,,,N,0700
US1TXAS0006,20190601,PRCP,0,,,N,0700
US1TXAS0006,20190602,PRCP,0,,,N,0700
US1TXAS0006,20190603,PRCP,0,,,N,0700
US1TXAS0006,20190604,PRCP,0,,,N,0700
US1TXAS0006,20190605,PRCP,701,,,N,0700
US1TXAS0006,20190606,PRCP,889,,,N,0700
US1TXAS0006,20190607,PRCP,180,,,N,0700
US1TXAS0006,20190608,PRCP,0,,,N,0700
US1TXAS0006,20190609,PRCP,0,,,N,0700
US1TXAS0006,20190610,PRCP,0,T,,N,0700
US1TXAS0006,20190611,PRCP,0,,,N,0700
US1TXAS0006,20190612,PRCP,10,,,N,0700
US1TXAS0006,20190613,PRCP,0,,,N,0700
US1TXAS0006,20190614,PRCP,0,,,N,0700
US1TXAS0006,20190615,PRCP,0,,,N,0700
US1TXAS0006,20190616,PRCP,0,,,N,0700
US1TXAS0006,20190617,PRCP,86,,,N,0700
US1TXAS0006,20190618,PRCP,3,,,N,0700
US1TXAS0006,20190619,PRCP,0,,,N,0700
US1TXAS0006,20190620,PRCP,0,,,N,0700
US1TXAS0006,20190621,PRCP,0,,,N,0700
US1TXAS0006,20190622,PRCP,0,,,N,0700
US1TXAS0006,20190623,PRCP,0,,,N,0700
US1TXAS0006,20190624,PRCP,340,,,N,0700
US1TXAS0006,20190625,PRCP,84,,,N,0700
US1TXAS0006,20190626,PRCP,8,,,N,0700
US1TXAS0006,20190627,PRCP,366,,,N,0700
US1TXAS0006,20190628,PRCP,97,,,N,0700
US1TXAS0006,20190629,PRCP,0,,,N,0700
US1TXAS0006,20190630,PRCP,30,,,N,0700
US1TXAS0006,20190601,SNOW,0,,,N,0700
US1TXAS0006,20190602,SNOW,0,,,N,0700
US1TXAS0006,20190603,SNOW,0,,,N,0700
US1TXAS0006,20190604,SNOW,0,,,N,0700
US1TXAS0006,20190605,SNOW,0,,,N,0700
US1TXAS0006,20190606,SNOW,0,,,N,0700
US1TXAS0006,20190607,SNOW,0,,,N,0700
US1TXAS0006,20190608,SNOW,0,,,N,0700
US1TXAS0006,20190609,SNOW,0,,,N,0700
US1TXAS0006,20190610,SNOW,0,,,N,0700
US1TXAS0006,20190611,SNOW,0,,,N,0700
US1TXAS0006,20190612,SNOW,0,,,N,0700
US1TXAS0006,20190613,SNOW,0,,,N,0700
US1TXAS0006,20190614,SNOW,0,,,N,0700
US1TXAS0006,20190615,SNOW,0,,,N,0700
US1TXAS0006,20190616,SNOW,0,,,N,0700
US1TXAS0006,20190617,SNOW,0,,,N,0700
US1TXAS0006,20190618,SNOW,0,,,N,0700
US1TXAS0006,20190619,SNOW,0,,,N,0700
US1TXAS0006,20190620,SNOW,0,,,N,0700
US1TXAS0006,20190621,SNOW,0,,,N,0700
US1TXAS0006,20190622,SNOW,0,,,N,0700
US1TXAS0006,20190623,SNOW,0,,,N,0700
US1TXAS0006,20190624,SNOW,0,,,N,0700
US1TXAS0006,20190625,SNOW,0,,,N,0700
US1TXAS0006,20190626,SNOW,0,,,N,0700
US1TXAS0006,20190627,SNOW,0,,,N,0700
US1TXAS0006,20190628,SNOW,0,,,N,0700
US1TXAS0006,20190629,SNOW,0,,,N,0700
US1TXAS0006,20190630,SNOW,0,,,N,0700
US1TXAS0006,20190701,PRCP,0,T,,N,0700
US1TXAS0006,20190702,PRCP,0,,,N,0700
US1TXAS0006,20190703,PRCP,48,,,N,0700
US1TXAS0006,20190704,PRCP,79,,,N,0700
US1TXAS0006,20190705,PRCP,0,,,N,0700
US1TXAS0006,20190706,PRCP,0,,,N,0700
US1TXAS0006,20190707,PRCP,0,,,N,0700
US1TXAS0006,20190708,PRCP,0,,,N,0700
US1TXAS0006,20190709,PRCP,0,,,N,0700
US1TXAS0006,20190710,PRCP,0,,,N,0700
US1TXAS0006,20190711,PRCP,41,,,N,0700
US1TXAS0006,20190712,PRCP,0,,,N,0700
US1TXAS0006,20190713,PRCP,0,,,N,0700
US1TXAS0006,20190714,PRCP,0,,,N,0700
US1TXAS0006,20190715,PRCP,0,,,N,0700
US1TXAS0006,20190716,PRCP,0,,,N,0700
US1TXAS0006,20190717,PRCP,0,,,N,0700
US1TXAS0006,20190718,PRCP,0,,,N,0700
US1TXAS0006,20190719,PRCP,0,,,N,0700
US1TXAS0006,20190720,PRCP,0,,,N,0700
US1TXAS0006,20190721,PRCP,0,,,N,0700
US1TXAS0006,20190722,PRCP,0,,,N,0700
US1TXAS0006,20190723,PRCP,97,,,N,0700
US1TXAS0006,20190724,PRCP,0,,,N,0700
US1TXAS0006,20190725,PRCP,0,,,N,0700
US1TXAS0006,20190726,PRCP,0,,,N,0700
US1TXAS0006,20190727,PRCP,0,,,N,0700
US1TXAS0006,20190728,PRCP,0,,,N,0700
US1TXAS0006,20190729,PRCP,0,T,,N,0700
US1TXAS0006,20190730,PRCP,38,,,N,0700
US1TXAS0006,20190731,PRCP,0,,,N,0700
US1TXAS0006,20190701,SNOW,0,,,N,0700
US1TXAS0006,20190702,SNOW,0,,,N,0700
US1TXAS0006,20190703,SNOW,0,,,N,0700
US1TXAS0006,20190704,SNOW,0,,,N,0700
US1TXAS0006,20190705,SNOW,0,,,N,0700
US1TXAS0006,20190706,SNOW,0,,,N,0700
US1TXAS0006,20190707,SNOW,0,,,N,0700
US1TXAS0006,20190708,SNOW,0,,,N,0700
US1TXAS0006,20190709,SNOW,0,,,N,0700
US1TXAS0006,20190710,SNOW,0,,,N,0700
US1TXAS0006,20190711,SNOW,0,,,N,0700
US1TXAS0006,20190712,SNOW,0,,,N,0700
US1TXAS0006,20190713,SNOW,0,,,N,0700
US1TXAS0006,20190714,SNOW,0,,,N,0700
US1TXAS0006,20190715,SNOW,0,,,N,0700
US1TXAS0006,20190716,SNOW,0,,,N,0700
US1TXAS0006,20190717,SNOW,0,,,N,0700
US1TXAS0006,20190718,SNOW,0,,,N,0700
US1TXAS0006,20190719,SNOW,0,,,N,0700
US1TXAS0006,20190720,SNOW,0,,,N,0700
US1TXAS0006,20190721,SNOW,0,,,N,0700
US1TXAS0006,20190722,SNOW,0,,,N,0700
US1TXAS0006,20190723,SNOW,0,,,N,0700
US1TXAS0006,20190724,SNOW,0,,,N,0700
US1TXAS0006,20190725,SNOW,0,,,N,0700
US1TXAS0006,20190726,SNOW,0,,,N,0700
US1TXAS0006,20190727,SNOW,0,,,N,0700
US1TXAS0006,20190728,SNOW,0,,,N,0700
US1TXAS0006,20190729,SNOW,0,,,N,0700
US1TXAS0006,20190730,SNOW,0,,,N,0700
US1TXAS0006,20190731,SNOW,0,,,N,0700
US1TXAS0006,20190801,PRCP,0,,,N,0700
US1TXAS0006,20190802,PRCP,0,,,N,0700
US1TXAS0006,20190803,PRCP,0,,,N,0700
US1TXAS0006,20190804,PRCP,3,,,N,0700
US1TXAS0006,20190805,PRCP,3,,,N,0700
US1TXAS0006,20190806,PRCP,0,,,N,0700
US1TXAS0006,20190807,PRCP,0,,,N,0700
US1TXAS0006,20190808,PRCP,0,,,N,0700
US1TXAS0006,20190809,PRCP,0,,,N,0700
US1TXAS0006,20190810,PRCP,0,,,N,0700
US1TXAS0006,20190811,PRCP,0,,,N,0700
US1TXAS0006,20190812,PRCP,0,,,N,0700
US1TXAS0006,20190813,PRCP,0,,,N,0700
US1TXAS0006,20190814,PRCP,0,,,N,0700
US1TXAS0006,20190815,PRCP,38,,,N,0700
US1TXAS0006,20190816,PRCP,0,,,N,0700
US1TXAS0006,20190817,PRCP,0,,,N,0700
US1TXAS0006,20190818,PRCP,0,,,N,0700
US1TXAS0006,20190819,PRCP,0,,,N,0700
US1TXAS0006,20190820,PRCP,0,T,,N,0700
US1TXAS0006,20190821,PRCP,5,,,N,0700
US1TXAS0006,20190822,PRCP,0,,,N,0700
US1TXAS0006,20190823,PRCP,0,,,N,0700
US1TXAS0006,20190824,PRCP,10,,,N,0700
US1TXAS0006,20190825,PRCP,0,,,N,0700
US1TXAS0006,20190826,PRCP,0,T,,N,0700
US1TXAS0006,20190827,PRCP,0,,,N,0700
US1TXAS0006,20190828,PRCP,0,,,N,0700
US1TXAS0006,20190829,PRCP,0,,,N,0700
US1TXAS0006,20190830,PRCP,0,,,N,0700
US1TXAS0006,20190831,PRCP,0,,,N,0700
US1TXAS0006,20190801,SNOW,0,,,N,0700
US1TXAS0006,20190802,SNOW,0,,,N,0700
US1TXAS0006,20190803,SNOW,0,,,N,0700
US1TXAS0006,20190804,SNOW,0,,,N,0700
US1TXAS0006,20190805,SNOW,0,,,N,0700
US1TXAS0006,20190806,SNOW,0,,,N,0700
US1TXAS0006,20190807,SNOW,0,,,N,0700
US1TXAS0006,20190808,SNOW,0,,,N,0700
US1TXAS0006,20190809,SNOW,0,,,N,0700
US1TXAS0006,20190810,SNOW,0,,,N,0700
US1TXAS0006,20190811,SNOW,0,,,N,0700
US1TXAS0006,20190812,SNOW,0,,,N,0700
US1TXAS0006,20190813,SNOW,0,,,N,0700
US1TXAS0006,20190814,SNOW,0,,,N,0700
US1TXAS0006,20190815,SNOW,0,,,N,0700
US1TXAS0006,20190816,SNOW,0,,,N,0700
US1TXAS0006,20190817,SNOW,0,,,N,0700
US1TXAS0006,20190818,SNOW,0,,,N,0700
US1TXAS0006,20190819,SNOW,0,,,N,0700
US1TXAS0006,20190820,SNOW,0,,,N,0700
US1TXAS0006,20190821,SNOW,0,,,N,0700
US1TXAS0006,20190822,SNOW,0,,,N,0700
US1TXAS0006,20190823,SNOW,0,,,N,0700
US1TXAS0006,20190824,SNOW,0,,,N,0700
US1TXAS0006,20190825,SNOW,0,,,N,0700
US1TXAS0006,20190826,SNOW,0,,,N,0700
US1TXAS0006,20190827,SNOW,0,,,N,0700
US1TXAS0006,20190828,SNOW,0,,,N,0700
US1TXAS0006,20190829,SNOW,0,,,N,0700
US1TXAS0006,20190830,SNOW,0,,,N,0700
US1TXAS0006,20190831,SNOW,0,,,N,0700
US1TXAS0006,20190901,PRCP,0,,,N,0700
US1TXAS0006,20190902,PRCP,0,,,N,0700
US1TXAS0006,20190903,PRCP,0,,,N,0700
US1TXAS0006,20190904,PRCP,0,,,N,0700
US1TXAS0006,20190905,PRCP,0,,,N,0700
US1TXAS0006,20190906,PRCP,0,,,N,0700
US1TXAS0006,20190907,PRCP,0,,,N,0700
US1TXAS0006,20190908,PRCP,0,,,N,0700
US1TXAS0006,20190909,PRCP,0,,,N,0700
US1TXAS0006,20190910,PRCP,135,,,N,0700
US1TXAS0006,20190911,PRCP,127,,,N,0700
US1TXAS0006,20190912,PRCP,302,,,N,0700
US1TXAS0006,20190913,PRCP,5,,,N,0700
US1TXAS0006,20190914,PRCP,58,,,N,0700
US1TXAS0006,20190915,PRCP,0,,,N,0700
US1TXAS0006,20190916,PRCP,0,T,,N,0700
US1TXAS0006,20190917,PRCP,0,,,N,0700
US1TXAS0006,20190918,PRCP,38,,,N,0630
US1TXAS0006,20190919,PRCP,3,,,N,0700
US1TXAS0006,20190920,PRCP,650,,,N,0700
US1TXAS0006,20190921,PRCP,33,,,N,0700
US1TXAS0006,20190922,PRCP,20,,,N,0700
US1TXAS0006,20190923,PRCP,15,,,N,0700
US1TXAS0006,20190924,PRCP,3,,,N,0700
US1TXAS0006,20190925,PRCP,0,,,N,0700
US1TXAS0006,20190926,PRCP,0,,,N,0700
US1TXAS0006,20190927,PRCP,0,,,N,0700
US1TXAS0006,20190928,PRCP,196,,,N,0700
US1TXAS0006,20190929,PRCP,0,,,N,0700
US1TXAS0006,20190930,PRCP,0,,,N,0700
US1TXAS0006,20190901,SNOW,0,,,N,0700
US1TXAS0006,20190902,SNOW,0,,,N,0700
US1TXAS0006,20190903,SNOW,0,,,N,0700
US1TXAS0006,20190904,SNOW,0,,,N,0700
US1TXAS0006,20190905,SNOW,0,,,N,0700
US1TXAS0006,20190906,SNOW,0,,,N,0700
US1TXAS0006,20190907,SNOW,0,,,N,0700
US1TXAS0006,20190908,SNOW,0,,,N,0700
US1TXAS0006,20190909,SNOW,0,,,N,0700
US1TXAS0006,20190910,SNOW,0,,,N,0700
US1TXAS0006,20190911,SNOW,0,,,N,0700
US1TXAS0006,20190912,SNOW,0,,,N,0700
US1TXAS0006,20190913,SNOW,0,,,N,0700
US1TXAS0006,20190914,SNOW,0,,,N,0700
US1TXAS0006,20190915,SNOW,0,,,N,0700
US1TXAS0006,20190916,SNOW,0,,,N,0700
US1TXAS0006,20190917,SNOW,0,,,N,0700
US1TXAS0006,20190918,SNOW,0,,,N,0630
US1TXAS0006,20190919,SNOW,0,,,N,0700
US1TXAS0006,20190920,SNOW,0,,,N,0700
US1TXAS0006,20190921,SNOW,0,,,N,0700
US1TXAS0006,20190922,SNOW,0,,,N,0700
US1TXAS0006,20190923,SNOW,0,,,N,0700
US1TXAS0006,20190924,SNOW,0,,,N,0700
US1TXAS0006,20190925,SNOW,0,,,N,0700
US1TXAS0006,20190926,SNOW,0,,,N,0700
US1TXAS0006,20190927,SNOW,0,,,N,0700
US1TXAS0006,20190928,SNOW,0,,,N,0700
US1TXAS0006,20190929,SNOW,0,,,N,0700
US1TXAS0006,20190930,SNOW,0,,,N,0700
US1TXAS0006,20190907,SNWD,0,,,N,0700
US1TXAS0006,20191001,PRCP,0,,,N,0700
US1TXAS0006,20191002,PRCP,0,,,N,0700
US1TXAS0006,20191003,PRCP,0,,,N,0700
US1TXAS0006,20191004,PRCP,0,,,N,0700
US1TXAS0006,20191005,PRCP,0,,,N,0700
US1TXAS0006,20191006,PRCP,0,,,N,0700
US1TXAS0006,20191007,PRCP,0,,,N,0700
US1TXAS0006,20191008,PRCP,0,,,N,0700
US1TXAS0006,20191009,PRCP,0,,,N,0700
US1TXAS0006,20191010,PRCP,0,,,N,0700
US1TXAS0006,20191011,PRCP,0,,,N,0700
US1TXAS0006,20191012,PRCP,33,,,N,0700
US1TXAS0006,20191013,PRCP,0,,,N,0700
US1TXAS0006,20191014,PRCP,0,T,,N,0700
US1TXAS0006,20191015,PRCP,0,,,N,0700
US1TXAS0006,20191016,PRCP,18,,,N,0700
US1TXAS0006,20191017,PRCP,5,,,N,0700
US1TXAS0006,20191018,PRCP,0,,,N,0700
US1TXAS0006,20191019,PRCP,0,,,N,0700
US1TXAS0006,20191020,PRCP,0,,,N,0700
US1TXAS0006,20191021,PRCP,46,,,N,0700
US1TXAS0006,20191022,PRCP,25,,,N,0700
US1TXAS0006,20191023,PRCP,0,,,N,0700
US1TXAS0006,20191024,PRCP,0,,,N,0700
US1TXAS0006,20191025,PRCP,142,,,N,0700
US1TXAS0006,20191026,PRCP,0,T,,N,0700
US1TXAS0006,20191027,PRCP,0,,,N,0700
US1TXAS0006,20191028,PRCP,0,,,N,0700
US1TXAS0006,20191029,PRCP,0,,,N,0700
US1TXAS0006,20191030,PRCP,439,,,N,0700
US1TXAS0006,20191031,PRCP,218,,,N,0700
US1TXAS0006,20191001,SNOW,0,,,N,0700
US1TXAS0006,20191002,SNOW,0,,,N,0700
US1TXAS0006,20191003,SNOW,0,,,N,0700
US1TXAS0006,20191004,SNOW,0,,,N,0700
US1TXAS0006,20191005,SNOW,0,,,N,0700
US1TXAS0006,20191006,SNOW,0,,,N,0700
US1TXAS0006,20191007,SNOW,0,,,N,0700
US1TXAS0006,20191008,SNOW,0,,,N,0700
US1TXAS0006,20191009,SNOW,0,,,N,0700
US1TXAS0006,20191010,SNOW,0,,,N,0700
US1TXAS0006,20191011,SNOW,0,,,N,0700
US1TXAS0006,20191012,SNOW,0,,,N,0700
US1TXAS0006,20191013,SNOW,0,,,N,0700
US1TXAS0006,20191014,SNOW,0,,,N,0700
US1TXAS0006,20191015,SNOW,0,,,N,0700
US1TXAS0006,20191016,SNOW,0,,,N,0700
US1TXAS0006,20191017,SNOW,0,,,N,0700
US1TXAS0006,20191018,SNOW,0,,,N,0700
US1TXAS0006,20191019,SNOW,0,,,N,0700
US1TXAS0006,20191020,SNOW,0,,,N,0700
US1TXAS0006,20191021,SNOW,0,,,N,0700
US1TXAS0006,20191022,SNOW,0,,,N,0700
US1TXAS0006,20191023,SNOW,0,,,N,0700
US1TXAS0006,20191024,SNOW,0,,,N,0700
US1TXAS0006,20191025,SNOW,0,,,N,0700
US1TXAS0006,20191026,SNOW,0,,,N,0700
US1TXAS0006,20191027,SNOW,0,,,N,0700
US1TXAS0006,20191028,SNOW,0,,,N,0700
US1TXAS0006,20191029,SNOW,0,,,N,0700
US1TXAS0006,20191030,SNOW,0,,,N,0700
US1TXAS0006,20191031,SNOW,0,,,N,0700
US1TXAS0006,20191101,PRCP,0,,,N,0700
US1TXAS0006,20191102,PRCP,0,,,N,0700
US1TXAS0006,20191103,PRCP,0,,,N,0700
US1TXAS0006,20191104,PRCP,0,,,N,0700
US1TXAS0006,20191105,PRCP,0,,,N,0630
US1TXAS0006,20191106,PRCP,0,,,N,0600
US1TXAS0006,20191107,PRCP,0,,,N,0700
US1TXAS0006,20191108,PRCP,460,,,N,0700
US1TXAS0006,20191109,PRCP,5,,,N,0700
US1TXAS0006,20191110,PRCP,0,,,N,0700
US1TXAS0006,20191111,PRCP,0,,,N,0700
US1TXAS0006,20191112,PRCP,3,,,N,0700
US1TXAS0006,20191113,PRCP,0,,,N,0700
US1TXAS0006,20191114,PRCP,66,,,N,0700
US1TXAS0006,20191115,PRCP,69,,,N,0700
US1TXAS0006,20191116,PRCP,0,,,N,0700
US1TXAS0006,20191117,PRCP,0,,,N,0700
US1TXAS0006,20191118,PRCP,0,,,N,0700
US1TXAS0006,20191119,PRCP,0,,,N,0700
US1TXAS0006,20191120,PRCP,0,,,N,0700
US1TXAS0006,20191121,PRCP,23,,,N,0700
US1TXAS0006,20191122,PRCP,3,,,N,0700
US1TXAS0006,20191123,PRCP,0,,,N,0700
US1TXAS0006,20191124,PRCP,0,,,N,0700
US1TXAS0006,20191125,PRCP,0,,,N,0700
US1TXAS0006,20191126,PRCP,0,,,N,0700
US1TXAS0006,20191127,PRCP,0,,,N,0700
US1TXAS0006,20191128,PRCP,0,T,,N,0700
US1TXAS0006,20191129,PRCP,8,,,N,0700
US1TXAS0006,20191130,PRCP,3,,,N,0700
US1TXAS0006,20191101,SNOW,0,,,N,0700
US1TXAS0006,20191102,SNOW,0,,,N,0700
US1TXAS0006,20191103,SNOW,0,,,N,0700
US1TXAS0006,20191104,SNOW,0,,,N,0700
US1TXAS0006,20191105,SNOW,0,,,N,0630
US1TXAS0006,20191106,SNOW,0,,,N,0600
US1TXAS0006,20191107,SNOW,0,,,N,0700
US1TXAS0006,20191108,SNOW,0,,,N,0700
US1TXAS0006,20191109,SNOW,0,,,N,0700
US1TXAS0006,20191110,SNOW,0,,,N,0700
US1TXAS0006,20191111,SNOW,0,,,N,0700
US1TXAS0006,20191112,SNOW,0,,,N,0700
US1TXAS0006,20191113,SNOW,0,,,N,0700
US1TXAS0006,20191114,SNOW,0,,,N,0700
US1TXAS0006,20191115,SNOW,0,,,N,0700
US1TXAS0006,20191116,SNOW,0,,,N,0700
US1TXAS0006,20191117,SNOW,0,,,N,0700
US1TXAS0006,20191118,SNOW,0,,,N,0700
US1TXAS0006,20191119,SNOW,0,,,N,0700
US1TXAS0006,20191120,SNOW,0,,,N,0700
US1TXAS0006,20191121,SNOW,0,,,N,0700
US1TXAS0006,20191122,SNOW,0,,,N,0700
US1TXAS0006,20191123,SNOW,0,,,N,0700
US1TXAS0006,20191124,SNOW,0,,,N,0700
US1TXAS0006,20191125,SNOW,0,,,N,0700
US1TXAS0006,20191126,SNOW,0,,,N,0700
US1TXAS0006,20191127,SNOW,0,,,N,0700
US1TXAS0006,20191128,SNOW,0,,,N,0700
US1TXAS0006,20191129,SNOW,0,,,N,0700
US1TXAS0006,20191130,SNOW,0,,,N,0700
US1TXAS0006,20191201,PRCP,3,,,N,0700
US1TXAS0006,20191202,PRCP,0,,,N,0700
US1TXAS0006,20191203,PRCP,0,,,N,0700
US1TXAS0006,20191204,PRCP,0,,,N,0700
US1TXAS0006,20191205,PRCP,0,,,N,0700
US1TXAS0006,20191206,PRCP,0,,,N,0700
US1TXAS0006,20191207,PRCP,0,,,N,0700
US1TXAS0006,20191208,PRCP,0,,,N,0700
US1TXAS0006,20191209,PRCP,0,,,N,0700
US1TXAS0006,20191210,PRCP,28,,,N,0700
US1TXAS0006,20191211,PRCP,48,,,N,0700
US1TXAS0006,20191212,PRCP,0,,,N,0700
US1TXAS0006,20191213,PRCP,0,,,N,0700
US1TXAS0006,20191214,PRCP,0,,,N,0700
US1TXAS0006,20191215,PRCP,0,,,N,0700
US1TXAS0006,20191216,PRCP,0,,,N,0700
US1TXAS0006,20191217,PRCP,10,,,N,0700
US1TXAS0006,20191218,PRCP,0,,,N,0700
US1TXAS0006,20191219,PRCP,0,,,N,0700
US1TXAS0006,20191220,PRCP,0,,,N,0700
US1TXAS0006,20191221,PRCP,13,,,N,0700
US1TXAS0006,20191222,PRCP,0,,,N,0700
US1TXAS0006,20191223,PRCP,0,,,N,0700
US1TXAS0006,20191224,PRCP,0,,,N,0700
US1TXAS0006,20191225,PRCP,0,,,N,0700
US1TXAS0006,20191226,PRCP,0,,,N,0700
US1TXAS0006,20191227,PRCP,0,,,N,0700
US1TXAS0006,20191228,PRCP,0,,,N,0700
US1TXAS0006,20191229,PRCP,38,,,N,0700
US1TXAS0006,20191230,PRCP,84,,,N,0700
US1TXAS0006,20191231,PRCP,0,,,N,0700
US1TXAS0006,20191201,SNOW,0,,,N,0700
US1TXAS0006,20191202,SNOW,0,,,N,0700
US1TXAS0006,20191203,SNOW,0,,,N,0700
US1TXAS0006,20191204,SNOW,0,,,N,0700
US1TXAS0006,20191205,SNOW,0,,,N,0700
US1TXAS0006,20191206,SNOW,0,,,N,0700
US1TXAS0006,20191207,SNOW,0,,,N,0700
US1TXAS0006,20191208,SNOW,0,,,N,0700
US1TXAS0006,20191209,SNOW,0,,,N,0700
US1TXAS0006,20191210,SNOW,0,,,N,0700
US1TXAS0006,20191211,SNOW,0,,,N,0700
US1TXAS0006,20191212,SNOW,0,,,N,0700
US1TXAS0006,20191213,SNOW,0,,,N,0700
US1TXAS0006,20191214,SNOW,0,,,N,0700
US1TXAS0006,20191215,SNOW,0,,,N,0700
US1TXAS0006,20191216,SNOW,0,,,N,0700
US1TXAS0006,20191217,SNOW,0,,,N,0700
US1TXAS0006,20191218,SNOW,0,,,N,0700
US1TXAS0006,20191219,SNOW,0,,,N,0700
US1TXAS0006,20191220,SNOW,0,,,N,0700
US1TXAS0006,20191221,SNOW,0,,,N,0700
US1TXAS0006,20191222,SNOW,0,,,N,0700
US1TXAS0006,20191223,SNOW,0,,,N,0700
US1TXAS0006,20191224,SNOW,0,,,N,0700
US1TXAS0006,20191225,SNOW,0,,,N,0700
US1TXAS0006,20191226,SNOW,0,,,N,0700
US1TXAS0006,20191227,SNOW,0,,,N,0700
US1TXAS0006,20191228,SNOW,0,,,N,0700
US1TXAS0006,20191229,SNOW,0,,,N,0700
US1TXAS0006,20191230,SNOW,0,,,N,0700
US1TXAS0006,20191231,SNOW,0,,,N,0700
US1TXAS0006,20191202,SNWD,0,,,N,0700
US1TXAS0006,20191203,SNWD,0,,,N,0700
US1TXAS0006,20191204,SNWD,0,,,N,0700
US1TXAS0006,20191205,SNWD,0,,,N,0700
US1TXAS0006,20191206,SNWD,0,,,N,0700
US1TXAS0006,20191207,SNWD,0,,,N,0700
US1TXAS0006,20191208,SNWD,0,,,N,0700
US1TXAS0006,20191209,SNWD,0,,,N,0700
US1TXAS0006,20191210,SNWD,0,,,N,0700
US1TXAS0006,20191211,SNWD,0,,,N,0700
US1TXAS0006,20191212,SNWD,0,,,N,0700
US1TXAS0006,20191214,SNWD,0,,,N,0700
US1TXAS0006,20191215,SNWD,0,,,N,0700
US1TXAS0006,20191216,SNWD,0,,,N,0700
US1TXAS0006,20191217,SNWD,0,,,N,0700
US1TXAS0006,20191218,SNWD,0,,,N,0700
US1TXAS0006,20191219,SNWD,0,,,N,0700
US1TXAS0006,20191220,SNWD,0,,,N,0700
US1TXAS0006,20191221,SNWD,0,,,N,0700
US1TXAS0006,20191222,SNWD,0,,,N,0700
US1TXAS0006,20191223,SNWD,0,,,N,0700
US1TXAS0006,20191224,SNWD,0,,,N,0700
US1TXAS0006,20191225,SNWD,0,,,N,0700
US1TXAS0006,20191226,SNWD,0,,,N,0700
US1TXAS0006,20191227,SNWD,0,,,N,0700
US1TXAS0006,20191228,SNWD,0,,,N,0700
US1TXAS0006,20191229,SNWD,0,,,N,0700
US1TXAS0006,20191230,SNWD,0,,,N,0700
US1TXAS0006,20191231,SNWD,0,,,N,0700
US1TXAS0006,20200101,PRCP,0,,,N,0700
US1TXAS0006,20200102,PRCP,46,,,N,0700
US1TXAS0006,20200103,PRCP,56,,,N,0700
US1TXAS0006,20200104,PRCP,0,,,N,0700
US1TXAS0006,20200105,PRCP,0,,,N,0700
US1TXAS0006,20200106,PRCP,0,,,N,0700
US1TXAS0006,20200107,PRCP,0,,,N,0700
US1TXAS0006,20200108,PRCP,0,,,N,0700
US1TXAS0006,20200109,PRCP,0,,,N,0700
US1TXAS0006,20200110,PRCP,0,T,,N,0700
US1TXAS0006,20200111,PRCP,119,,,N,0700
US1TXAS0006,20200112,PRCP,0,,,N,0700
US1TXAS0006,20200113,PRCP,0,,,N,0700
US1TXAS0006,20200114,PRCP,43,,,N,0700
US1TXAS0006,20200115,PRCP,10,,,N,0700
US1TXAS0006,20200116,PRCP,13,,,N,0700
US1TXAS0006,20200117,PRCP,8,,,N,0700
US1TXAS0006,20200118,PRCP,5,,,N,0700
US1TXAS0006,20200119,PRCP,3,,,N,0700
US1TXAS0006,20200120,PRCP,0,,,N,0700
US1TXAS0006,20200121,PRCP,0,,,N,0700
US1TXAS0006,20200122,PRCP,20,,,N,0700
US1TXAS0006,20200123,PRCP,170,,,N,0700
US1TXAS0006,20200124,PRCP,0,,,N,0700
US1TXAS0006,20200125,PRCP,0,,,N,0700
US1TXAS0006,20200126,PRCP,8,,,N,0700
US1TXAS0006,20200127,PRCP,0,,,N,0700
US1TXAS0006,20200128,PRCP,13,,,N,0700
US1TXAS0006,20200129,PRCP,104,,,N,0700
US1TXAS0006,20200130,PRCP,0,,,N,0700
US1TXAS0006,20200131,PRCP,0,,,N,0700
US1TXAS0006,20200101,SNOW,0,,,N,0700
US1TXAS0006,20200102,SNOW,0,,,N,0700
US1TXAS0006,20200103,SNOW,0,,,N,0700
US1TXAS0006,20200104,SNOW,0,,,N,0700
US1TXAS0006,20200105,SNOW,0,,,N,0700
US1TXAS0006,20200106,SNOW,0,,,N,0700
US1TXAS0006,20200107,SNOW,0,,,N,0700
US1TXAS0006,20200108,SNOW,0,,,N,0700
US1TXAS0006,20200109,SNOW,0,,,N,0700
US1TXAS0006,20200110,SNOW,0,,,N,0700
US1TXAS0006,20200111,SNOW,0,,,N,0700
US1TXAS0006,20200112,SNOW,0,,,N,0700
US1TXAS0006,20200113,SNOW,0,,,N,0700
US1TXAS0006,20200114,SNOW,0,,,N,0700
US1TXAS0006,20200115,SNOW,0,,,N,0700
US1TXAS0006,20200116,SNOW,0,,,N,0700
US1TXAS0006,20200117,SNOW,0,,,N,0700
US1TXAS0006,20200118,SNOW,0,,,N,0700
US1TXAS0006,20200119,SNOW,0,,,N,0700
US1TXAS0006,20200120,SNOW,0,,,N,0700
US1TXAS0006,20200121,SNOW,0,,,N,0700
US1TXAS0006,20200122,SNOW,0,,,N,0700
US1TXAS0006,20200123,SNOW,0,,,N,0700
US1TXAS0006,20200124,SNOW,0,,,N,0700
US1TXAS0006,20200125,SNOW,0,,,N,0700
US1TXAS0006,20200126,SNOW,0,,,N,0700
US1TXAS0006,20200127,SNOW,0,,,N,0700
US1TXAS0006,20200128,SNOW,0,,,N,0700
US1TXAS0006,20200129,SNOW,0,,,N,0700
US1TXAS0006,20200130,SNOW,0,,,N,0700
US1TXAS0006,20200131,SNOW,0,,,N,0700
US1TXAS0006,20200101,SNWD,0,,,N,0700
US1TXAS0006,20200102,SNWD,0,,,N,0700
US1TXAS0006,20200103,SNWD,0,,,N,0700
US1TXAS0006,20200104,SNWD,0,,,N,0700
US1TXAS0006,20200105,SNWD,0,,,N,0700
US1TXAS0006,20200106,SNWD,0,,,N,0700
US1TXAS0006,20200107,SNWD,0,,,N,0700
US1TXAS0006,20200108,SNWD,0,,,N,0700
US1TXAS0006,20200109,SNWD,0,,,N,0700
US1TXAS0006,20200110,SNWD,0,,,N,0700
US1TXAS0006,20200111,SNWD,0,,,N,0700
US1TXAS0006,20200112,SNWD,0,,,N,0700
US1TXAS0006,20200113,SNWD,0,,,N,0700
US1TXAS0006,20200114,SNWD,0,,,N,0700
US1TXAS0006,20200115,SNWD,0,,,N,0700
US1TXAS0006,20200116,SNWD,0,,,N,0700
US1TXAS0006,20200117,SNWD,0,,,N,0700
US1TXAS0006,20200118,SNWD,0,,,N,0700
US1TXAS0006,20200119,SNWD,0,,,N,0700
US1TXAS0006,20200120,SNWD,0,,,N,0700
US1TXAS0006,20200121,SNWD,0,,,N,0700
US1TXAS0006,20200122,SNWD,0,,,N,0700
US1TXAS0006,20200123,SNWD,0,,,N,0700
US1TXAS0006,20200124,SNWD,0,,,N,0700
US1TXAS0006,20200125,SNWD,0,,,N,0700
US1TXAS0006,20200126,SNWD,0,,,N,0700
US1TXAS0006,20200127,SNWD,0,,,N,0700
US1TXAS0006,20200128,SNWD,0,,,N,0700
US1TXAS0006,20200129,SNWD,0,,,N,0700
US1TXAS0006,20200130,SNWD,0,,,N,0700
US1TXAS0006,20200131,SNWD,0,,,N,0700
US1TXAS0006,20200201,PRCP,0,,,N,0700
US1TXAS0006,20200202,PRCP,0,,,N,0700
US1TXAS0006,20200203,PRCP,0,,,N,0700
US1TXAS0006,20200204,PRCP,0,T,,N,0700
US1TXAS0006,20200205,PRCP,0,T,,N,0700
US1TXAS0006,20200206,PRCP,5,,,N,0700
US1TXAS0006,20200207,PRCP,0,,,N,0700
US1TXAS0006,20200208,PRCP,0,,,N,0700
US1TXAS0006,20200209,PRCP,0,,,N,0700
US1TXAS0006,20200210,PRCP,10,,,N,0700
US1TXAS0006,20200211,PRCP,18,,,N,0700
US1TXAS0006,20200212,PRCP,36,,,N,0700
US1TXAS0006,20200213,PRCP,20,,,N,0700
US1TXAS0006,20200214,PRCP,0,,,N,0700
US1TXAS0006,20200215,PRCP,0,,,N,0700
US1TXAS0006,20200216,PRCP,0,,,N,0700
US1TXAS0006,20200217,PRCP,0,,,N,0700
US1TXAS0006,20200218,PRCP,3,,,N,0700
US1TXAS0006,20200219,PRCP,0,T,,N,0700
US1TXAS0006,20200220,PRCP,61,,,N,0700
US1TXAS0006,20200221,PRCP,46,,,N,0700
US1TXAS0006,20200222,PRCP,0,,,N,0700
US1TXAS0006,20200223,PRCP,0,,,N,0700
US1TXAS0006,20200224,PRCP,53,,,N,0700
US1TXAS0006,20200225,PRCP,0,,,N,0700
US1TXAS0006,20200226,PRCP,0,,,N,0700
US1TXAS0006,20200227,PRCP,0,,,N,0700
US1TXAS0006,20200228,PRCP,0,,,N,0700
US1TXAS0006,20200229,PRCP,0,,,N,0700
US1TXAS0006,20200201,SNOW,0,,,N,0700
US1TXAS0006,20200202,SNOW,0,,,N,0700
US1TXAS0006,20200203,SNOW,0,,,N,0700
US1TXAS0006,20200204,SNOW,0,,,N,0700
US1TXAS0006,20200205,SNOW,0,,,N,0700
US1TXAS0006,20200206,SNOW,0,,,N,0700
US1TXAS0006,20200207,SNOW,0,,,N,0700
US1TXAS0006,20200208,SNOW,0,,,N,0700
US1TXAS0006,20200209,SNOW,0,,,N,0700
US1TXAS0006,20200210,SNOW,0,,,N,0700
US1TXAS0006,20200211,SNOW,0,,,N,0700
US1TXAS0006,20200212,SNOW,0,,,N,0700
US1TXAS0006,20200213,SNOW,0,,,N,0700
US1TXAS0006,20200214,SNOW,0,,,N,0700
US1TXAS0006,20200215,SNOW,0,,,N,0700
US1TXAS0006,20200216,SNOW,0,,,N,0700
US1TXAS0006,20200217,SNOW,0,,,N,0700
US1TXAS0006,20200218,SNOW,0,,,N,0700
US1TXAS0006,20200219,SNOW,0,,,N,0700
US1TXAS0006,20200220,SNOW,0,,,N,0700
US1TXAS0006,20200221,SNOW,0,,,N,0700
US1TXAS0006,20200222,SNOW,0,,,N,0700
US1TXAS0006,20200223,SNOW,0,,,N,0700
US1TXAS0006,20200224,SNOW,0,,,N,0700
US1TXAS0006,20200225,SNOW,0,,,N,0700
US1TXAS0006,20200226,SNOW,0,,,N,0700
US1TXAS0006,20200227,SNOW,0,,,N,0700
US1TXAS0006,20200228,SNOW,0,,,N,0700
US1TXAS0006,20200229,SNOW,0,,,N,0700
US1TXAS0006,20200201,SNWD,0,,,N,0700
US1TXAS0006,20200202,SNWD,0,,,N,0700
US1TXAS0006,20200203,SNWD,0,,,N,0700
US1TXAS0006,20200204,SNWD,0,,,N,0700
US1TXAS0006,20200205,SNWD,0,,,N,0700
US1TXAS0006,20200206,SNWD,0,,,N,0700
US1TXAS0006,20200207,SNWD,0,,,N,0700
US1TXAS0006,20200208,SNWD,0,,,N,0700
US1TXAS0006,20200209,SNWD,0,,,N,0700
US1TXAS0006,20200210,SNWD,0,,,N,0700
US1TXAS0006,20200211,SNWD,0,,,N,0700
US1TXAS0006,20200212,SNWD,0,,,N,0700
US1TXAS0006,20200213,SNWD,0,,,N,0700
US1TXAS0006,20200214,SNWD,0,,,N,0700
US1TXAS0006,20200215,SNWD,0,,,N,0700
US1TXAS0006,20200216,SNWD,0,,,N,0700
US1TXAS0006,20200217,SNWD,0,,,N,0700
US1TXAS0006,20200218,SNWD,0,,,N,0700
US1TXAS0006,20200219,SNWD,0,,,N,0700
US1TXAS0006,20200220,SNWD,0,,,N,0700
US1TXAS0006,20200221,SNWD,0,,,N,0700
US1TXAS0006,20200222,SNWD,0,,,N,0700
US1TXAS0006,20200223,SNWD,0,,,N,0700
US1TXAS0006,20200224,SNWD,0,,,N,0700
US1TXAS0006,20200225,SNWD,0,,,N,0700
US1TXAS0006,20200226,SNWD,0,,,N,0700
US1TXAS0006,20200227,SNWD,0,,,N,0700
US1TXAS0006,20200228,SNWD,0,,,N,0700
US1TXAS0006,20200229,SNWD,0,,,N,0700
US1TXAS0006,20200301,PRCP,0,,,N,0700
US1TXAS0006,20200302,PRCP,3,,,N,0700
US1TXAS0006,20200303,PRCP,0,,,N,0700
US1TXAS0006,20200304,PRCP,3,,,N,0700
US1TXAS0006,20200305,PRCP,23,,,N,0700
US1TXAS0006,20200306,PRCP,0,,,N,0700
US1TXAS0006,20200307,PRCP,0,,,N,0700
US1TXAS0006,20200308,PRCP,0,,,N,0700
US1TXAS0006,20200309,PRCP,0,,,N,0700
US1TXAS0006,20200310,PRCP,8,,,N,0700
US1TXAS0006,20200311,PRCP,0,T,,N,0700
US1TXAS0006,20200312,PRCP,0,,,N,0700
US1TXAS0006,20200313,PRCP,0,,,N,0700
US1TXAS0006,20200314,PRCP,0,,,N,0700
US1TXAS0006,20200315,PRCP,0,T,,N,0700
US1TXAS0006,20200316,PRCP,3,,,N,0700
US1TXAS0006,20200317,PRCP,0,T,,N,0700
US1TXAS0006,20200318,PRCP,0,,,N,0700
US1TXAS0006,20200319,PRCP,0,,,N,0700
US1TXAS0006,20200320,PRCP,48,,,N,0700
US1TXAS0006,20200321,PRCP,229,,,N,0700
US1TXAS0006,20200322,PRCP,170,,,N,0700
US1TXAS0006,20200323,PRCP,56,,,N,0700
US1TXAS0006,20200324,PRCP,0,,,N,0700
US1TXAS0006,20200325,PRCP,0,,,N,0700
US1TXAS0006,20200326,PRCP,0,,,N,0700
US1TXAS0006,20200327,PRCP,0,,,N,0700
US1TXAS0006,20200328,PRCP,0,,,N,0700
US1TXAS0006,20200329,PRCP,20,,,N,0700
US1TXAS0006,20200330,PRCP,0,,,N,0700
US1TXAS0006,20200331,PRCP,3,,,N,0700
US1TXAS0006,20200301,SNOW,0,,,N,0700
US1TXAS0006,20200302,SNOW,0,,,N,0700
US1TXAS0006,20200303,SNOW,0,,,N,0700
US1TXAS0006,20200304,SNOW,0,,,N,0700
US1TXAS0006,20200305,SNOW,0,,,N,0700
US1TXAS0006,20200306,SNOW,0,,,N,0700
US1TXAS0006,20200307,SNOW,0,,,N,0700
US1TXAS0006,20200308,SNOW,0,,,N,0700
US1TXAS0006,20200309,SNOW,0,,,N,0700
US1TXAS0006,20200310,SNOW,0,,,N,0700
US1TXAS0006,20200311,SNOW,0,,,N,0700
US1TXAS0006,20200312,SNOW,0,,,N,0700
US1TXAS0006,20200313,SNOW,0,,,N,0700
US1TXAS0006,20200314,SNOW,0,,,N,0700
US1TXAS0006,20200315,SNOW,0,,,N,0700
US1TXAS0006,20200316,SNOW,0,,,N,0700
US1TXAS0006,20200317,SNOW,0,,,N,0700
US1TXAS0006,20200318,SNOW,0,,,N,0700
US1TXAS0006,20200319,SNOW,0,,,N,0700
US1TXAS0006,20200320,SNOW,0,,,N,0700
US1TXAS0006,20200321,SNOW,0,,,N,0700
US1TXAS0006,20200322,SNOW,0,,,N,0700
US1TXAS0006,20200323,SNOW,0,,,N,0700
US1TXAS0006,20200324,SNOW,0,,,N,0700
US1TXAS0006,20200325,SNOW,0,,,N,0700
US1TXAS0006,20200326,SNOW,0,,,N,0700
US1TXAS0006,20200327,SNOW,0,,,N,0700
US1TXAS0006,20200328,SNOW,0,,,N,0700
US1TXAS0006,20200329,SNOW,0,,,N,0700
US1TXAS0006,20200330,SNOW,0,,,N,0700
US1TXAS0006,20200331,SNOW,0,,,N,0700
US1TXAS0006,20200401,PRCP,0,,,N,0700
US1TXAS0006,20200402,PRCP,0,,,N,0700
US1TXAS0006,20200403,PRCP,0,,,N,0700
US1TXAS0006,20200404,PRCP,229,,,N,0700
US1TXAS0006,20200405,PRCP,211,,,N,0700
US1TXAS0006,20200406,PRCP,0,,,N,0700
US1TXAS0006,20200407,PRCP,0,T,,N,0700
US1TXAS0006,20200408,PRCP,0,,,N,0700
US1TXAS0006,20200409,PRCP,0,,,N,0700
US1TXAS0006,20200410,PRCP,28,,,N,0700
US1TXAS0006,20200411,PRCP,0,,,N,0700
US1TXAS0006,20200412,PRCP,10,,,N,0700
US1TXAS0006,20200413,PRCP,8,,,N,0700
US1TXAS0006,20200414,PRCP,0,,,N,0700
US1TXAS0006,20200415,PRCP,0,,,N,0700
US1TXAS0006,20200416,PRCP,0,,,N,0630
US1TXAS0006,20200417,PRCP,0,,,N,0700
US1TXAS0006,20200418,PRCP,43,,,N,0700
US1TXAS0006,20200419,PRCP,58,,,N,0700
US1TXAS0006,20200420,PRCP,46,,,N,0700
US1TXAS0006,20200421,PRCP,0,,,N,0700
US1TXAS0006,20200422,PRCP,0,,,N,0700
US1TXAS0006,20200423,PRCP,0,,,N,0700
US1TXAS0006,20200424,PRCP,0,,,N,0700
US1TXAS0006,20200425,PRCP,0,,,N,0700
US1TXAS0006,20200426,PRCP,30,,,N,0700
US1TXAS0006,20200427,PRCP,0,,,N,0700
US1TXAS0006,20200428,PRCP,0,,,N,0700
US1TXAS0006,20200429,PRCP,211,,,N,0700
US1TXAS0006,20200430,PRCP,25,,,N,0700
US1TXAS0006,20200401,SNOW,0,,,N,0700
US1TXAS0006,20200402,SNOW,0,,,N,0700
US1TXAS0006,20200403,SNOW,0,,,N,0700
US1TXAS0006,20200404,SNOW,0,,,N,0700
US1TXAS0006,20200405,SNOW,0,,,N,0700
US1TXAS0006,20200406,SNOW,0,,,N,0700
US1TXAS0006,20200407,SNOW,0,,,N,0700
US1TXAS0006,20200408,SNOW,0,,,N,0700
US1TXAS0006,20200409,SNOW,0,,,N,0700
US1TXAS0006,20200410,SNOW,0,,,N,0700
US1TXAS0006,20200411,SNOW,0,,,N,0700
US1TXAS0006,20200412,SNOW,0,,,N,0700
US1TXAS0006,20200413,SNOW,0,,,N,0700
US1TXAS0006,20200414,SNOW,0,,,N,0700
US1TXAS0006,20200415,SNOW,0,,,N,0700
US1TXAS0006,20200416,SNOW,0,,,N,0630
US1TXAS0006,20200417,SNOW,0,,,N,0700
US1TXAS0006,20200418,SNOW,0,,,N,0700
US1TXAS0006,20200419,SNOW,0,,,N,0700
US1TXAS0006,20200420,SNOW,0,,,N,0700
US1TXAS0006,20200421,SNOW,0,,,N,0700
US1TXAS0006,20200422,SNOW,0,,,N,0700
US1TXAS0006,20200423,SNOW,0,,,N,0700
US1TXAS0006,20200424,SNOW,0,,,N,0700
US1TXAS0006,20200425,SNOW,0,,,N,0700
US1TXAS0006,20200426,SNOW,0,,,N,0700
US1TXAS0006,20200427,SNOW,0,,,N,0700
US1TXAS0006,20200428,SNOW,0,,,N,0700
US1TXAS0006,20200429,SNOW,0,,,N,0700
US1TXAS0006,20200430,SNOW,0,,,N,0700
US1TXAS0006,20200501,PRCP,0,,,N,0700
US1TXAS0006,20200502,PRCP,0,,,N,0700
US1TXAS0006,20200503,PRCP,0,,,N,0700
US1TXAS0006,20200504,PRCP,0,,,N,0700
US1TXAS0006,20200505,PRCP,0,,,N,0700
US1TXAS0006,20200506,PRCP,0,,,N,0700
US1TXAS0006,20200507,PRCP,0,,,N,0700
US1TXAS0006,20200508,PRCP,0,,,N,0700
US1TXAS0006,20200509,PRCP,0,,,N,0700
US1TXAS0006,20200510,PRCP,0,,,N,0700
US1TXAS0006,20200511,PRCP,0,,,N,0700
US1TXAS0006,20200512,PRCP,0,,,N,0700
US1TXAS0006,20200513,PRCP,173,,,N,0700
US1TXAS0006,20200514,PRCP,15,,,N,0700
US1TXAS0006,20200515,PRCP,0,,,N,0700
US1TXAS0006,20200516,PRCP,272,,,N,0700
US1TXAS0006,20200517,PRCP,0,,,N,0700
US1TXAS0006,20200518,PRCP,0,,,N,0700
US1TXAS0006,20200519,PRCP,0,,,N,0700
US1TXAS0006,20200520,PRCP,0,,,N,0700
US1TXAS0006,20200521,PRCP,0,,,N,0700
US1TXAS0006,20200522,PRCP,0,,,N,0700
US1TXAS0006,20200523,PRCP,0,,,N,0700
US1TXAS0006,20200524,PRCP,8,,,N,0700
US1TXAS0006,20200525,PRCP,378,,,N,0700
US1TXAS0006,20200526,PRCP,130,,,N,0700
US1TXAS0006,20200527,PRCP,0,,,N,0700
US1TXAS0006,20200528,PRCP,340,,,N,0700
US1TXAS0006,20200529,PRCP,0,,,N,0700
US1TXAS0006,20200530,PRCP,0,,,N,0700
US1TXAS0006,20200531,PRCP,0,,,N,0700
US1TXAS0006,20200501,SNOW,0,,,N,0700
US1TXAS0006,20200502,SNOW,0,,,N,0700
US1TXAS0006,20200503,SNOW,0,,,N,0700
US1TXAS0006,20200504,SNOW,0,,,N,0700
US1TXAS0006,20200505,SNOW,0,,,N,0700
US1TXAS0006,20200506,SNOW,0,,,N,0700
US1TXAS0006,20200507,SNOW,0,,,N,0700
US1TXAS0006,20200508,SNOW,0,,,N,0700
US1TXAS0006,20200509,SNOW,0,,,N,0700
US1TXAS0006,20200510,SNOW,0,,,N,0700
US1TXAS0006,20200511,SNOW,0,,,N,0700
US1TXAS0006,20200512,SNOW,0,,,N,0700
US1TXAS0006,20200513,SNOW,0,,,N,0700
US1TXAS0006,20200514,SNOW,0,,,N,0700
US1TXAS0006,20200515,SNOW,0,,,N,0700
US1TXAS0006,20200516,SNOW,0,,,N,0700
US1TXAS0006,20200517,SNOW,0,,,N,0700
US1TXAS0006,20200518,SNOW,0,,,N,0700
US1TXAS0006,20200519,SNOW,0,,,N,0700
US1TXAS0006,20200520,SNOW,0,,,N,0700
US1TXAS0006,20200521,SNOW,0,,,N,0700
US1TXAS0006,20200522,SNOW,0,,,N,0700
US1TXAS0006,20200523,SNOW,0,,,N,0700
US1TXAS0006,20200524,SNOW,0,,,N,0700
US1TXAS0006,20200525,SNOW,0,,,N,0700
US1TXAS0006,20200526,SNOW,0,,,N,0700
US1TXAS0006,20200527,SNOW,0,,,N,0700
US1TXAS0006,20200528,SNOW,0,,,N,0700
US1TXAS0006,20200529,SNOW,0,,,N,0700
US1TXAS0006,20200530,SNOW,0,,,N,0700
US1TXAS0006,20200531,SNOW,0,,,N,0700
US1TXAS0006,20200601,PRCP,30,,,N,0700
US1TXAS0006,20200602,PRCP,0,,,N,0700
US1TXAS0006,20200603,PRCP,0,,,N,0700
US1TXAS0006,20200604,PRCP,30,,,N,0700
US1TXAS0006,20200605,PRCP,0,,,N,0700
US1TXAS0006,20200606,PRCP,0,,,N,0700
US1TXAS0006,20200607,PRCP,13,,,N,0700
US1TXAS0006,20200608,PRCP,0,,,N,0700
US1TXAS0006,20200609,PRCP,0,,,N,0700
US1TXAS0006,20200610,PRCP,0,,,N,0700
US1TXAS0006,20200611,PRCP,0,,,N,0700
US1TXAS0006,20200612,PRCP,0,,,N,0700
US1TXAS0006,20200613,PRCP,0,,,N,0700
US1TXAS0006,20200614,PRCP,0,,,N,0700
US1TXAS0006,20200615,PRCP,0,,,N,0700
US1TXAS0006,20200616,PRCP,0,,,N,0700
US1TXAS0006,20200617,PRCP,0,,,N,0700
US1TXAS0006,20200618,PRCP,0,,,N,0700
US1TXAS0006,20200619,PRCP,0,,,N,0700
US1TXAS0006,20200620,PRCP,5,,,N,0700
US1TXAS0006,20200621,PRCP,69,,,N,0700
US1TXAS0006,20200622,PRCP,0,,,N,0700
US1TXAS0006,20200623,PRCP,58,,,N,0700
US1TXAS0006,20200624,PRCP,97,,,N,0700
US1TXAS0006,20200625,PRCP,343,,,N,0700
US1TXAS0006,20200626,PRCP,165,,,N,0700
US1TXAS0006,20200627,PRCP,0,T,,N,0700
US1TXAS0006,20200628,PRCP,0,,,N,0700
US1TXAS0006,20200629,PRCP,0,,,N,0700
US1TXAS0006,20200630,PRCP,0,T,,N,0700
US1TXAS0006,20200601,SNOW,0,,,N,0700
US1TXAS0006,20200602,SNOW,0,,,N,0700
US1TXAS0006,20200603,SNOW,0,,,N,0700
US1TXAS0006,20200604,SNOW,0,,,N,0700
US1TXAS0006,20200605,SNOW,0,,,N,0700
US1TXAS0006,20200606,SNOW,0,,,N,0700
US1TXAS0006,20200607,SNOW,0,,,N,0700
US1TXAS0006,20200608,SNOW,0,,,N,0700
US1TXAS0006,20200609,SNOW,0,,,N,0700
US1TXAS0006,20200610,SNOW,0,,,N,0700
US1TXAS0006,20200611,SNOW,0,,,N,0700
US1TXAS0006,20200612,SNOW,0,,,N,0700
US1TXAS0006,20200613,SNOW,0,,,N,0700
US1TXAS0006,20200614,SNOW,0,,,N,0700
US1TXAS0006,20200615,SNOW,0,,,N,0700
US1TXAS0006,20200616,SNOW,0,,,N,0700
US1TXAS0006,20200617,SNOW,0,,,N,0700
US1TXAS0006,20200618,SNOW,0,,,N,0700
US1TXAS0006,20200619,SNOW,0,,,N,0700
US1TXAS0006,20200620,SNOW,0,,,N,0700
US1TXAS0006,20200621,SNOW,0,,,N,0700
US1TXAS0006,20200622,SNOW,0,,,N,0700
US1TXAS0006,20200623,SNOW,0,,,N,0700
US1TXAS0006,20200624,SNOW,0,,,N,0700
US1TXAS0006,20200625,SNOW,0,,,N,0700
US1TXAS0006,20200626,SNOW,0,,,N,0700
US1TXAS0006,20200627,SNOW,0,,,N,0700
US1TXAS0006,20200628,SNOW,0,,,N,0700
US1TXAS0006,20200629,SNOW,0,,,N,0700
US1TXAS0006,20200630,SNOW,0,,,N,0700
US1TXAS0006,20200701,PRCP,0,,,N,0700
US1TXAS0006,20200702,PRCP,0,,,N,0700
US1TXAS0006,20200703,PRCP,0,,,N,0700
US1TXAS0006,20200704,PRCP,0,,,N,0700
US1TXAS0006,20200705,PRCP,0,,,N,0700
US1TXAS0006,20200706,PRCP,0,,,N,0700
US1TXAS0006,20200707,PRCP,0,,,N,0700
US1TXAS0006,20200708,PRCP,0,T,,N,0700
US1TXAS0006,20200709,PRCP,0,,,N,0700
US1TXAS0006,20200710,PRCP,0,,,N,0700
US1TXAS0006,20200711,PRCP,0,,,N,0700
US1TXAS0006,20200712,PRCP,0,,,N,0700
US1TXAS0006,20200713,PRCP,0,,,N,0700
US1TXAS0006,20200714,PRCP,0,,,N,0700
US1TXAS0006,20200715,PRCP,0,,,N,0700
US1TXAS0006,20200716,PRCP,0,,,N,0700
US1TXAS0006,20200717,PRCP,0,,,N,0700
US1TXAS0006,20200718,PRCP,8,,,N,0700
US1TXAS0006,20200719,PRCP,0,,,N,0700
US1TXAS0006,20200720,PRCP,0,,,N,0700
US1TXAS0006,20200721,PRCP,3,,,N,0700
US1TXAS0006,20200722,PRCP,15,,,N,0645
US1TXAS0006,20200723,PRCP,0,,,N,0700
US1TXAS0006,20200724,PRCP,0,,,N,0700
US1TXAS0006,20200725,PRCP,0,,,N,0700
US1TXAS0006,20200726,PRCP,107,,,N,0700
US1TXAS0006,20200727,PRCP,30,,,N,0700
US1TXAS0006,20200728,PRCP,0,,,N,0700
US1TXAS0006,20200729,PRCP,0,,,N,0700
US1TXAS0006,20200730,PRCP,180,,,N,0700
US1TXAS0006,20200731,PRCP,0,,,N,0700
US1TXAS0006,20200701,SNOW,0,,,N,0700
US1TXAS0006,20200702,SNOW,0,,,N,0700
US1TXAS0006,20200703,SNOW,0,,,N,0700
US1TXAS0006,20200704,SNOW,0,,,N,0700
US1TXAS0006,20200705,SNOW,0,,,N,0700
US1TXAS0006,20200706,SNOW,0,,,N,0700
US1TXAS0006,20200707,SNOW,0,,,N,0700
US1TXAS0006,20200708,SNOW,0,,,N,0700
US1TXAS0006,20200709,SNOW,0,,,N,0700
US1TXAS0006,20200710,SNOW,0,,,N,0700
US1TXAS0006,20200711,SNOW,0,,,N,0700
US1TXAS0006,20200712,SNOW,0,,,N,0700
US1TXAS0006,20200713,SNOW,0,,,N,0700
US1TXAS0006,20200714,SNOW,0,,,N,0700
US1TXAS0006,20200715,SNOW,0,,,N,0700
US1TXAS0006,20200716,SNOW,0,,,N,0700
US1TXAS0006,20200717,SNOW,0,,,N,0700
US1TXAS0006,20200718,SNOW,0,,,N,0700
US1TXAS0006,20200719,SNOW,0,,,N,0700
US1TXAS0006,20200720,SNOW,0,,,N,0700
US1TXAS0006,20200721,SNOW,0,,,N,0700
US1TXAS0006,20200722,SNOW,0,,,N,0645
US1TXAS0006,20200723,SNOW,0,,,N,0700
US1TXAS0006,20200724,SNOW,0,,,N,0700
US1TXAS0006,20200725,SNOW,0,,,N,0700
US1TXAS0006,20200726,SNOW,0,,,N,0700
US1TXAS0006,20200727,SNOW,0,,,N,0700
US1TXAS0006,20200728,SNOW,0,,,N,0700
US1TXAS0006,20200729,SNOW,0,,,N,0700
US1TXAS0006,20200730,SNOW,0,,,N,0700
US1TXAS0006,20200731,SNOW,0,,,N,0700
US1TXAS0006,20200801,PRCP,71,,,N,0700
US1TXAS0006,20200802,PRCP,307,,,N,0700
US1TXAS0006,20200803,PRCP,33,,,N,0700
US1TXAS0006,20200804,PRCP,0,,,N,0700
US1TXAS0006,20200805,PRCP,0,,,N,0700
US1TXAS0006,20200806,PRCP,0,,,N,0700
US1TXAS0006,20200807,PRCP,0,,,N,0700
US1TXAS0006,20200808,PRCP,0,,,N,0700
US1TXAS0006,20200809,PRCP,0,,,N,0700
US1TXAS0006,20200810,PRCP,0,,,N,0700
US1TXAS0006,20200811,PRCP,30,,,N,0700
US1TXAS0006,20200812,PRCP,0,,,N,0700
US1TXAS0006,20200813,PRCP,0,,,N,0700
US1TXAS0006,20200814,PRCP,0,,,N,0700
US1TXAS0006,20200815,PRCP,0,,,N,0700
US1TXAS0006,20200816,PRCP,0,,,N,0700
US1TXAS0006,20200817,PRCP,0,,,N,0700
US1TXAS0006,20200818,PRCP,0,,,N,0700
US1TXAS0006,20200819,PRCP,64,,,N,0700
US1TXAS0006,20200820,PRCP,0,,,N,0700
US1TXAS0006,20200821,PRCP,0,,,N,0700
US1TXAS0006,20200822,PRCP,3,,,N,0700
US1TXAS0006,20200823,PRCP,0,,,N,0700
US1TXAS0006,20200824,PRCP,0,,,N,0700
US1TXAS0006,20200825,PRCP,0,,,N,0700
US1TXAS0006,20200826,PRCP,0,,,N,0700
US1TXAS0006,20200827,PRCP,5,,,N,0700
US1TXAS0006,20200828,PRCP,0,,,N,0700
US1TXAS0006,20200829,PRCP,3,,,N,0700
US1TXAS0006,20200830,PRCP,0,,,N,0700
US1TXAS0006,20200831,PRCP,0,,,N,0700
US1TXAS0006,20200801,SNOW,0,,,N,0700
US1TXAS0006,20200802,SNOW,0,,,N,0700
US1TXAS0006,20200803,SNOW,0,,,N,0700
US1TXAS0006,20200804,SNOW,0,,,N,0700
US1TXAS0006,20200805,SNOW,0,,,N,0700
US1TXAS0006,20200806,SNOW,0,,,N,0700
US1TXAS0006,20200807,SNOW,0,,,N,0700
US1TXAS0006,20200808,SNOW,0,,,N,0700
US1TXAS0006,20200809,SNOW,0,,,N,0700
US1TXAS0006,20200810,SNOW,0,,,N,0700
US1TXAS0006,20200811,SNOW,0,,,N,0700
US1TXAS0006,20200812,SNOW,0,,,N,0700
US1TXAS0006,20200813,SNOW,0,,,N,0700
US1TXAS0006,20200814,SNOW,0,,,N,0700
US1TXAS0006,20200815,SNOW,0,,,N,0700
US1TXAS0006,20200816,SNOW,0,,,N,0700
US1TXAS0006,20200817,SNOW,0,,,N,0700
US1TXAS0006,20200818,SNOW,0,,,N,0700
US1TXAS0006,20200819,SNOW,0,,,N,0700
US1TXAS0006,20200820,SNOW,0,,,N,0700
US1TXAS0006,20200821,SNOW,0,,,N,0700
US1TXAS0006,20200822,SNOW,0,,,N,0700
US1TXAS0006,20200823,SNOW,0,,,N,0700
US1TXAS0006,20200824,SNOW,0,,,N,0700
US1TXAS0006,20200825,SNOW,0,,,N,0700
US1TXAS0006,20200826,SNOW,0,,,N,0700
US1TXAS0006,20200827,SNOW,0,,,N,0700
US1TXAS0006,20200828,SNOW,0,,,N,0700
US1TXAS0006,20200829,SNOW,0,,,N,0700
US1TXAS0006,20200830,SNOW,0,,,N,0700
US1TXAS0006,20200831,SNOW,0,,,N,0700
US1TXAS0006,20200901,PRCP,0,,,N,0700
US1TXAS0006,20200902,PRCP,0,,,N,0700
US1TXAS0006,20200903,PRCP,0,,,N,0700
US1TXAS0006,20200904,PRCP,0,,,N,0700
US1TXAS0006,20200905,PRCP,178,,,N,0700
US1TXAS0006,20200906,PRCP,41,,,N,0700
US1TXAS0006,20200907,PRCP,10,,,N,0700
US1TXAS0006,20200908,PRCP,0,,,N,0700
US1TXAS0006,20200909,PRCP,13,,,N,0700
US1TXAS0006,20200910,PRCP,0,,,N,0700
US1TXAS0006,20200911,PRCP,218,,,N,0700
US1TXAS0006,20200912,PRCP,0,,,N,0700
US1TXAS0006,20200913,PRCP,0,,,N,0700
US1TXAS0006,20200914,PRCP,13,,,N,0700
US1TXAS0006,20200915,PRCP,0,,,N,0700
US1TXAS0006,20200916,PRCP,0,,,N,0700
US1TXAS0006,20200917,PRCP,33,,,N,0700
US1TXAS0006,20200918,PRCP,89,,,N,0700
US1TXAS0006,20200919,PRCP,0,,,N,0700
US1TXAS0006,20200920,PRCP,0,,,N,0700
US1TXAS0006,20200921,PRCP,124,,,N,0700
US1TXAS0006,20200922,PRCP,886,,,N,0700
US1TXAS0006,20200923,PRCP,546,,,N,0600
US1TXAS0006,20200924,PRCP,0,,,N,0700
US1TXAS0006,20200925,PRCP,0,,,N,0700
US1TXAS0006,20200926,PRCP,0,,,N,0700
US1TXAS0006,20200927,PRCP,0,,,N,0700
US1TXAS0006,20200928,PRCP,8,,,N,0655
US1TXAS0006,20200929,PRCP,8,,,N,0700
US1TXAS0006,20200930,PRCP,0,,,N,0700
US1TXAS0006,20200901,SNOW,0,,,N,0700
US1TXAS0006,20200902,SNOW,0,,,N,0700
US1TXAS0006,20200903,SNOW,0,,,N,0700
US1TXAS0006,20200904,SNOW,0,,,N,0700
US1TXAS0006,20200905,SNOW,0,,,N,0700
US1TXAS0006,20200906,SNOW,0,,,N,0700
US1TXAS0006,20200907,SNOW,0,,,N,0700
US1TXAS0006,20200908,SNOW,0,,,N,0700
US1TXAS0006,20200909,SNOW,0,,,N,0700
US1TXAS0006,20200910,SNOW,0,,,N,0700
US1TXAS0006,20200911,SNOW,0,,,N,0700
US1TXAS0006,20200912,SNOW,0,,,N,0700
US1TXAS0006,20200913,SNOW,0,,,N,0700
US1TXAS0006,20200914,SNOW,0,,,N,0700
US1TXAS0006,20200915,SNOW,0,,,N,0700
US1TXAS0006,20200916,SNOW,0,,,N,0700
US1TXAS0006,20200917,SNOW,0,,,N,0700
US1TXAS0006,20200918,SNOW,0,,,N,0700
US1TXAS0006,20200919,SNOW,0,,,N,0700
US1TXAS0006,20200920,SNOW,0,,,N,0700
US1TXAS0006,20200921,SNOW,0,,,N,0700
US1TXAS0006,20200922,SNOW,0,,,N,0700
US1TXAS0006,20200923,SNOW,0,,,N,0600
US1TXAS0006,20200924,SNOW,0,,,N,0700
US1TXAS0006,20200925,SNOW,0,,,N,0700
US1TXAS0006,20200926,SNOW,0,,,N,0700
US1TXAS0006,20200927,SNOW,0,,,N,0700
US1TXAS0006,20200928,SNOW,0,,,N,0655
US1TXAS0006,20200929,SNOW,0,,,N,0700
US1TXAS0006,20200930,SNOW,0,,,N,0700
US1TXAS0006,20201001,PRCP,0,,,N,0700
US1TXAS0006,20201002,PRCP,0,,,N,0700
US1TXAS0006,20201003,PRCP,0,,,N,0700
US1TXAS0006,20201004,PRCP,0,,,N,0700
US1TXAS0006,20201005,PRCP,0,,,N,0700
US1TXAS0006,20201006,PRCP,0,,,N,0700
US1TXAS0006,20201007,PRCP,0,,,N,0700
US1TXAS0006,20201008,PRCP,0,,,N,0700
US1TXAS0006,20201009,PRCP,3,,,N,0700
US1TXAS0006,20201010,PRCP,0,,,N,0700
US1TXAS0006,20201011,PRCP,0,,,N,0700
US1TXAS0006,20201012,PRCP,0,,,N,0700
US1TXAS0006,20201013,PRCP,0,,,N,0700
US1TXAS0006,20201014,PRCP,0,,,N,0700
US1TXAS0006,20201015,PRCP,0,,,N,0700
US1TXAS0006,20201016,PRCP,0,T,,N,0700
US1TXAS0006,20201017,PRCP,23,,,N,0700
US1TXAS0006,20201018,PRCP,0,,,N,0700
US1TXAS0006,20201019,PRCP,0,,,N,0700
US1TXAS0006,20201020,PRCP,0,T,,N,0700
US1TXAS0006,20201021,PRCP,0,,,N,0700
US1TXAS0006,20201022,PRCP,0,,,N,0700
US1TXAS0006,20201023,PRCP,0,,,N,0700
US1TXAS0006,20201024,PRCP,10,,,N,0700
US1TXAS0006,20201025,PRCP,0,,,N,0700
US1TXAS0006,20201026,PRCP,0,,,N,0700
US1TXAS0006,20201027,PRCP,0,,,N,0700
US1TXAS0006,20201028,PRCP,48,,,N,0700
US1TXAS0006,20201029,PRCP,36,,,N,0700
US1TXAS0006,20201030,PRCP,0,,,N,0700
US1TXAS0006,20201031,PRCP,0,,,N,0700
US1TXAS0006,20201001,SNOW,0,,,N,0700
US1TXAS0006,20201002,SNOW,0,,,N,0700
US1TXAS0006,20201003,SNOW,0,,,N,0700
US1TXAS0006,20201004,SNOW,0,,,N,0700
US1TXAS0006,20201005,SNOW,0,,,N,0700
US1TXAS0006,20201006,SNOW,0,,,N,0700
US1TXAS0006,20201007,SNOW,0,,,N,0700
US1TXAS0006,20201008,SNOW,0,,,N,0700
US1TXAS0006,20201009,SNOW,0,,,N,0700
US1TXAS0006,20201010,SNOW,0,,,N,0700
US1TXAS0006,20201011,SNOW,0,,,N,0700
US1TXAS0006,20201012,SNOW,0,,,N,0700
US1TXAS0006,20201013,SNOW,0,,,N,0700
US1TXAS0006,20201014,SNOW,0,,,N,0700
US1TXAS0006,20201015,SNOW,0,,,N,0700
US1TXAS0006,20201016,SNOW,0,,,N,0700
US1TXAS0006,20201017,SNOW,0,,,N,0700
US1TXAS0006,20201018,SNOW,0,,,N,0700
US1TXAS0006,20201019,SNOW,0,,,N,0700
US1TXAS0006,20201020,SNOW,0,,,N,0700
US1TXAS0006,20201021,SNOW,0,,,N,0700
US1TXAS0006,20201022,SNOW,0,,,N,0700
US1TXAS0006,20201023,SNOW,0,,,N,0700
US1TXAS0006,20201024,SNOW,0,,,N,0700
US1TXAS0006,20201025,SNOW,0,,,N,0700
US1TXAS0006,20201026,SNOW,0,,,N,0700
US1TXAS0006,20201027,SNOW,0,,,N,0700
US1TXAS0006,20201028,SNOW,0,,,N,0700
US1TXAS0006,20201029,SNOW,0,,,N,0700
US1TXAS0006,20201030,SNOW,0,,,N,0700
US1TXAS0006,20201031,SNOW,0,,,N,0700
US1TXAS0006,20201101,PRCP,0,,,N,0700
US1TXAS0006,20201102,PRCP,0,,,N,0700
US1TXAS0006,20201103,PRCP,0,,,N,0700
US1TXAS0006,20201104,PRCP,0,,,N,0700
US1TXAS0006,20201105,PRCP,0,,,N,0700
US1TXAS0006,20201106,PRCP,0,,,N,0700
US1TXAS0006,20201107,PRCP,0,,,N,0700
US1TXAS0006,20201108,PRCP,0,,,N,0700
US1TXAS0006,20201109,PRCP,0,,,N,0700
US1TXAS0006,20201110,PRCP,0,,,N,0700
US1TXAS0006,20201111,PRCP,0,,,N,0700
US1TXAS0006,20201112,PRCP,0,,,N,0700
US1TXAS0006,20201113,PRCP,0,,,N,0700
US1TXAS0006,20201114,PRCP,58,,,N,0700
US1TXAS0006,20201115,PRCP,3,,,N,0700
US1TXAS0006,20201116,PRCP,0,,,N,0700
US1TXAS0006,20201117,PRCP,0,,,N,0700
US1TXAS0006,20201118,PRCP,0,,,N,0700
US1TXAS0006,20201119,PRCP,0,,,N,0700
US1TXAS0006,20201120,PRCP,0,,,N,0700
US1TXAS0006,20201121,PRCP,3,,,N,0700
US1TXAS0006,20201122,PRCP,0,,,N,0700
US1TXAS0006,20201123,PRCP,0,,,N,0700
US1TXAS0006,20201124,PRCP,0,,,N,0700
US1TXAS0006,20201125,PRCP,8,,,N,0700
US1TXAS0006,20201126,PRCP,0,,,N,0700
US1TXAS0006,20201127,PRCP,216,,,N,0700
US1TXAS0006,20201128,PRCP,434,,,N,0700
US1TXAS0006,20201129,PRCP,244,,,N,0700
US1TXAS0006,20201130,PRCP,0,,,N,0700
US1TXAS0006,20201101,SNOW,0,,,N,0700
US1TXAS0006,20201102,SNOW,0,,,N,0700
US1TXAS0006,20201103,SNOW,0,,,N,0700
US1TXAS0006,20201104,SNOW,0,,,N,0700
US1TXAS0006,20201105,SNOW,0,,,N,0700
US1TXAS0006,20201106,SNOW,0,,,N,0700
US1TXAS0006,20201107,SNOW,0,,,N,0700
US1TXAS0006,20201108,SNOW,0,,,N,0700
US1TXAS0006,20201109,SNOW,0,,,N,0700
US1TXAS0006,20201110,SNOW,0,,,N,0700
US1TXAS0006,20201111,SNOW,0,,,N,0700
US1TXAS0006,20201112,SNOW,0,,,N,0700
US1TXAS0006,20201113,SNOW,0,,,N,0700
US1TXAS0006,20201114,SNOW,0,,,N,0700
US1TXAS0006,20201115,SNOW,0,,,N,0700
US1TXAS0006,20201116,SNOW,0,,,N,0700
US1TXAS0006,20201117,SNOW,0,,,N,0700
US1TXAS0006,20201118,SNOW,0,,,N,0700
US1TXAS0006,20201119,SNOW,0,,,N,0700
US1TXAS0006,20201120,SNOW,0,,,N,0700
US1TXAS0006,20201121,SNOW,0,,,N,0700
US1TXAS0006,20201122,SNOW,0,,,N,0700
US1TXAS0006,20201123,SNOW,0,,,N,0700
US1TXAS0006,20201124,SNOW,0,,,N,0700
US1TXAS0006,20201125,SNOW,0,,,N,0700
US1TXAS0006,20201126,SNOW,0,,,N,0700
US1TXAS0006,20201127,SNOW,0,,,N,0700
US1TXAS0006,20201128,SNOW,0,,,N,0700
US1TXAS0006,20201129,SNOW,0,,,N,0700
US1TXAS0006,20201130,SNOW,0,,,N,0700
US1TXAS0006,20201201,PRCP,0,,,N,0700
US1TXAS0006,20201202,PRCP,257,,,N,0700
US1TXAS0006,20201203,PRCP,61,,,N,0700
US1TXAS0006,20201204,PRCP,0,,,N,0700
US1TXAS0006,20201205,PRCP,0,,,N,0700
US1TXAS0006,20201206,PRCP,8,,,N,0700
US1TXAS0006,20201207,PRCP,0,,,N,0700
US1TXAS0006,20201208,PRCP,0,,,N,0700
US1TXAS0006,20201209,PRCP,0,,,N,0700
US1TXAS0006,20201210,PRCP,0,,,N,0700
US1TXAS0006,20201211,PRCP,0,,,N,0700
US1TXAS0006,20201212,PRCP,97,,,N,0700
US1TXAS0006,20201213,PRCP,0,,,N,0700
US1TXAS0006,20201214,PRCP,13,,,N,0700
US1TXAS0006,20201215,PRCP,0,,,N,0700
US1TXAS0006,20201216,PRCP,8,,,N,0700
US1TXAS0006,20201217,PRCP,0,,,N,0700
US1TXAS0006,20201218,PRCP,0,,,N,0700
US1TXAS0006,20201219,PRCP,3,,,N,0700
US1TXAS0006,20201220,PRCP,272,,,N,0700
US1TXAS0006,20201221,PRCP,0,,,N,0700
US1TXAS0006,20201222,PRCP,0,,,N,0700
US1TXAS0006,20201223,PRCP,0,,,N,0700
US1TXAS0006,20201224,PRCP,0,,,N,0700
US1TXAS0006,20201225,PRCP,0,,,N,0700
US1TXAS0006,20201226,PRCP,0,,,N,0700
US1TXAS0006,20201227,PRCP,0,,,N,0700
US1TXAS0006,20201228,PRCP,0,,,N,0700
US1TXAS0006,20201229,PRCP,0,,,N,0700
US1TXAS0006,20201230,PRCP,0,T,,N,0700
US1TXAS0006,20201231,PRCP,1115,,,N,0700
US1TXAS0006,20201201,SNOW,0,,,N,0700
US1TXAS0006,20201202,SNOW,0,,,N,0700
US1TXAS0006,20201203,SNOW,0,,,N,0700
US1TXAS0006,20201204,SNOW,0,,,N,0700
US1TXAS0006,20201205,SNOW,0,,,N,0700
US1TXAS0006,20201206,SNOW,0,,,N,0700
US1TXAS0006,20201207,SNOW,0,,,N,0700
US1TXAS0006,20201208,SNOW,0,,,N,0700
US1TXAS0006,20201209,SNOW,0,,,N,0700
US1TXAS0006,20201210,SNOW,0,,,N,0700
US1TXAS0006,20201211,SNOW,0,,,N,0700
US1TXAS0006,20201212,SNOW,0,,,N,0700
US1TXAS0006,20201213,SNOW,0,,,N,0700
US1TXAS0006,20201214,SNOW,0,,,N,0700
US1TXAS0006,20201215,SNOW,0,,,N,0700
US1TXAS0006,20201216,SNOW,0,,,N,0700
US1TXAS0006,20201217,SNOW,0,,,N,0700
US1TXAS0006,20201218,SNOW,0,,,N,0700
US1TXAS0006,20201219,SNOW,0,,,N,0700
US1TXAS0006,20201220,SNOW,0,,,N,0700
US1TXAS0006,20201221,SNOW,0,,,N,0700
US1TXAS0006,20201222,SNOW,0,,,N,0700
US1TXAS0006,20201223,SNOW,0,,,N,0700
US1TXAS0006,20201224,SNOW,0,,,N,0700
US1TXAS0006,20201225,SNOW,0,,,N,0700
US1TXAS0006,20201226,SNOW,0,,,N,0700
US1TXAS0006,20201227,SNOW,0,,,N,0700
US1TXAS0006,20201228,SNOW,0,,,N,0700
US1TXAS0006,20201229,SNOW,0,,,N,0700
US1TXAS0006,20201230,SNOW,0,,,N,0700
US1TXAS0006,20201231,SNOW,0,,,N,0700
US1TXAS0006,20201220,SNWD,0,,,N,0700
US1TXAS0006,20201221,SNWD,0,,,N,0700
US1TXAS0006,20201222,SNWD,0,,,N,0700
US1TXAS0006,20201223,SNWD,0,,,N,0700
US1TXAS0006,20201224,SNWD,0,,,N,0700
US1TXAS0006,20201225,SNWD,0,,,N,0700
US1TXAS0006,20201226,SNWD,0,,,N,0700
US1TXAS0006,20201227,SNWD,0,,,N,0700
US1TXAS0006,20201228,SNWD,0,,,N,0700
US1TXAS0006,20201229,SNWD,0,,,N,0700
US1TXAS0006,20201230,SNWD,0,,,N,0700
US1TXAS0006,20201231,SNWD,0,,,N,0700
US1TXAS0006,20210101,PRCP,272,,,N,0700
US1TXAS0006,20210102,PRCP,0,,,N,0700
US1TXAS0006,20210103,PRCP,0,,,N,0700
US1TXAS0006,20210104,PRCP,0,,,N,0700
US1TXAS0006,20210105,PRCP,0,,,N,0700
US1TXAS0006,20210106,PRCP,0,,,N,0700
US1TXAS0006,20210107,PRCP,389,,,N,0700
US1TXAS0006,20210108,PRCP,0,,,N,0700
US1TXAS0006,20210109,PRCP,0,,,N,0700
US1TXAS0006,20210110,PRCP,58,,,N,0700
US1TXAS0006,20210111,PRCP,335,,,N,0700
US1TXAS0006,20210112,PRCP,0,,,N,0700
US1TXAS0006,20210113,PRCP,0,,,N,0700
US1TXAS0006,20210114,PRCP,0,,,N,0700
US1TXAS0006,20210115,PRCP,0,,,N,0700
US1TXAS0006,20210116,PRCP,0,,,N,0700
US1TXAS0006,20210117,PRCP,0,,,N,0700
US1TXAS0006,20210118,PRCP,0,,,N,0700
US1TXAS0006,20210119,PRCP,0,,,N,0700
US1TXAS0006,20210120,PRCP,0,,,N,0700
US1TXAS0006,20210121,PRCP,18,,,N,0700
US1TXAS0006,20210122,PRCP,25,,,N,0700
US1TXAS0006,20210123,PRCP,10,,,N,0700
US1TXAS0006,20210124,PRCP,0,T,,N,0700
US1TXAS0006,20210125,PRCP,0,T,,N,0700
US1TXAS0006,20210126,PRCP,0,,,N,0700
US1TXAS0006,20210127,PRCP,0,,,N,0700
US1TXAS0006,20210128,PRCP,0,,,N,0700
US1TXAS0006,20210129,PRCP,0,,,N,0700
US1TXAS0006,20210130,PRCP,0,,,N,0700
US1TXAS0006,20210131,PRCP,0,T,,N,0700
US1TXAS0006,20210101,SNOW,0,,,N,0700
US1TXAS0006,20210102,SNOW,0,,,N,0700
US1TXAS0006,20210103,SNOW,0,,,N,0700
US1TXAS0006,20210104,SNOW,0,,,N,0700
US1TXAS0006,20210105,SNOW,0,,,N,0700
US1TXAS0006,20210106,SNOW,0,,,N,0700
US1TXAS0006,20210107,SNOW,0,,,N,0700
US1TXAS0006,20210108,SNOW,0,,,N,0700
US1TXAS0006,20210109,SNOW,0,,,N,0700
US1TXAS0006,20210110,SNOW,0,,,N,0700
US1TXAS0006,20210111,SNOW,0,,,N,0700
US1TXAS0006,20210112,SNOW,0,,,N,0700
US1TXAS0006,20210113,SNOW,0,,,N,0700
US1TXAS0006,20210114,SNOW,0,,,N,0700
US1TXAS0006,20210115,SNOW,0,,,N,0700
US1TXAS0006,20210116,SNOW,0,,,N,0700
US1TXAS0006,20210117,SNOW,0,,,N,0700
US1TXAS0006,20210118,SNOW,0,,,N,0700
US1TXAS0006,20210119,SNOW,0,,,N,0700
US1TXAS0006,20210120,SNOW,0,,,N,0700
US1TXAS0006,20210121,SNOW,0,,,N,0700
US1TXAS0006,20210122,SNOW,0,,,N,0700
US1TXAS0006,20210123,SNOW,0,,,N,0700
US1TXAS0006,20210124,SNOW,0,,,N,0700
US1TXAS0006,20210125,SNOW,0,,,N,0700
US1TXAS0006,20210126,SNOW,0,,,N,0700
US1TXAS0006,20210127,SNOW,0,,,N,0700
US1TXAS0006,20210128,SNOW,0,,,N,0700
US1TXAS0006,20210129,SNOW,0,,,N,0700
US1TXAS0006,20210130,SNOW,0,,,N,0700
US1TXAS0006,20210131,SNOW,0,,,N,0700
US1TXAS0006,20210101,SNWD,0,,,N,0700
US1TXAS0006,20210102,SNWD,0,,,N,0700
US1TXAS0006,20210103,SNWD,0,,,N,0700
US1TXAS0006,20210104,SNWD,0,,,N,0700
US1TXAS0006,20210105,SNWD,0,,,N,0700
US1TXAS0006,20210106,SNWD,0,,,N,0700
US1TXAS0006,20210107,SNWD,0,,,N,0700
US1TXAS0006,20210108,SNWD,0,,,N,0700
US1TXAS0006,20210109,SNWD,0,,,N,0700
US1TXAS0006,20210110,SNWD,0,,,N,0700
US1TXAS0006,20210111,SNWD,0,,,N,0700
US1TXAS0006,20210112,SNWD,0,,,N,0700
US1TXAS0006,20210113,SNWD,0,,,N,0700
US1TXAS0006,20210114,SNWD,0,,,N,0700
US1TXAS0006,20210115,SNWD,0,,,N,0700
US1TXAS0006,20210116,SNWD,0,,,N,0700
US1TXAS0006,20210117,SNWD,0,,,N,0700
US1TXAS0006,20210118,SNWD,0,,,N,0700
US1TXAS0006,20210119,SNWD,0,,,N,0700
US1TXAS0006,20210120,SNWD,0,,,N,0700
US1TXAS0006,20210121,SNWD,0,,,N,0700
US1TXAS0006,20210122,SNWD,0,,,N,0700
US1TXAS0006,20210123,SNWD,0,,,N,0700
US1TXAS0006,20210124,SNWD,0,,,N,0700
US1TXAS0006,20210125,SNWD,0,,,N,0700
US1TXAS0006,20210126,SNWD,0,,,N,0700
US1TXAS0006,20210127,SNWD,0,,,N,0700
US1TXAS0006,20210128,SNWD,0,,,N,0700
US1TXAS0006,20210130,SNWD,0,,,N,0700
US1TXAS0006,20210131,SNWD,0,,,N,0700
US1TXAS0006,20210201,PRCP,0,,,N,0700
US1TXAS0006,20210202,PRCP,0,,,N,0700
US1TXAS0006,20210203,PRCP,0,,,N,0700
US1TXAS0006,20210204,PRCP,0,,,N,0700
US1TXAS0006,20210205,PRCP,0,,,N,0700
US1TXAS0006,20210206,PRCP,74,,,N,0700
US1TXAS0006,20210207,PRCP,0,,,N,0700
US1TXAS0006,20210208,PRCP,0,,,N,0700
US1TXAS0006,20210209,PRCP,0,,,N,0700
US1TXAS0006,20210210,PRCP,0,,,N,0700
US1TXAS0006,20210211,PRCP,5,,,N,0700
US1TXAS0006,20210212,PRCP,81,,,N,0700
US1TXAS0006,20210213,PRCP,0,T,,N,0700
US1TXAS0006,20210214,PRCP,10,,,N,0700
US1TXAS0006,20210215,PRCP,107,,,N,0700
US1TXAS0006,20210216,PRCP,0,,,N,0700
US1TXAS0006,20210217,PRCP,20,,,N,0700
US1TXAS0006,20210218,PRCP,56,,,N,0645
US1TXAS0006,20210219,PRCP,0,,,N,0700
US1TXAS0006,20210220,PRCP,0,,,N,0700
US1TXAS0006,20210221,PRCP,0,,,N,0700
US1TXAS0006,20210222,PRCP,0,,,N,0700
US1TXAS0006,20210223,PRCP,0,,,N,0700
US1TXAS0006,20210224,PRCP,0,,,N,0700
US1TXAS0006,20210225,PRCP,3,,,N,0700
US1TXAS0006,20210226,PRCP,25,,,N,0700
US1TXAS0006,20210227,PRCP,3,,,N,0700
US1TXAS0006,20210228,PRCP,0,T,,N,0700
US1TXAS0006,20210201,SNOW,0,,,N,0700
US1TXAS0006,20210202,SNOW,0,,,N,0700
US1TXAS0006,20210203,SNOW,0,,,N,0700
US1TXAS0006,20210204,SNOW,0,,,N,0700
US1TXAS0006,20210205,SNOW,0,,,N,0700
US1TXAS0006,20210206,SNOW,0,,,N,0700
US1TXAS0006,20210207,SNOW,0,,,N,0700
US1TXAS0006,20210208,SNOW,0,,,N,0700
US1TXAS0006,20210209,SNOW,0,,,N,0700
US1TXAS0006,20210210,SNOW,0,,,N,0700
US1TXAS0006,20210211,SNOW,0,,,N,0700
US1TXAS0006,20210212,SNOW,0,,,N,0700
US1TXAS0006,20210213,SNOW,0,,,N,0700
US1TXAS0006,20210214,SNOW,0,,,N,0700
US1TXAS0006,20210215,SNOW,97,,,N,0700
US1TXAS0006,20210216,SNOW,0,,,N,0700
US1TXAS0006,20210217,SNOW,0,,,N,0700
US1TXAS0006,20210218,SNOW,0,,,N,0645
US1TXAS0006,20210219,SNOW,0,,,N,0700
US1TXAS0006,20210220,SNOW,0,,,N,0700
US1TXAS0006,20210221,SNOW,0,,,N,0700
US1TXAS0006,20210222,SNOW,0,,,N,0700
US1TXAS0006,20210223,SNOW,0,,,N,0700
US1TXAS0006,20210224,SNOW,0,,,N,0700
US1TXAS0006,20210225,SNOW,0,,,N,0700
US1TXAS0006,20210226,SNOW,0,,,N,0700
US1TXAS0006,20210227,SNOW,0,,,N,0700
US1TXAS0006,20210228,SNOW,0,,,N,0700
US1TXAS0006,20210201,SNWD,0,,,N,0700
US1TXAS0006,20210202,SNWD,0,,,N,0700
US1TXAS0006,20210203,SNWD,0,,,N,0700
US1TXAS0006,20210204,SNWD,0,,,N,0700
US1TXAS0006,20210205,SNWD,0,,,N,0700
US1TXAS0006,20210206,SNWD,0,,,N,0700
US1TXAS0006,20210207,SNWD,0,,,N,0700
US1TXAS0006,20210208,SNWD,0,,,N,0700
US1TXAS0006,20210209,SNWD,0,,,N,0700
US1TXAS0006,20210210,SNWD,0,,,N,0700
US1TXAS0006,20210211,SNWD,0,,,N,0700
US1TXAS0006,20210212,SNWD,0,,,N,0700
US1TXAS0006,20210213,SNWD,0,,,N,0700
US1TXAS0006,20210214,SNWD,0,,,N,0700
US1TXAS0006,20210215,SNWD,89,,,N,0700
US1TXAS0006,20210216,SNWD,51,,,N,0700
US1TXAS0006,20210217,SNWD,0,,,N,0700
US1TXAS0006,20210218,SNWD,0,,,N,0645
US1TXAS0006,20210219,SNWD,0,,,N,0700
US1TXAS0006,20210220,SNWD,0,,,N,0700
US1TXAS0006,20210221,SNWD,0,,,N,0700
US1TXAS0006,20210222,SNWD,0,,,N,0700
US1TXAS0006,20210223,SNWD,0,,,N,0700
US1TXAS0006,20210224,SNWD,0,,,N,0700
US1TXAS0006,20210225,SNWD,0,,,N,0700
US1TXAS0006,20210226,SNWD,0,,,N,0700
US1TXAS0006,20210227,SNWD,0,,,N,0700
US1TXAS0006,20210228,SNWD,0,,,N,0700
US1TXAS0006,20210215,WESD,81,,,N,0700
US1TXAS0006,20210216,WESD,23,,,N,0700
US1TXAS0006,20210215,WESF,107,,,N,0700
US1TXAS0006,20210301,PRCP,5,,,N,0700
US1TXAS0006,20210302,PRCP,112,,,N,0700
US1TXAS0006,20210303,PRCP,0,,,N,0700
US1TXAS0006,20210304,PRCP,0,,,N,0700
US1TXAS0006,20210305,PRCP,0,,,N,0700
US1TXAS0006,20210306,PRCP,0,,,N,0700
US1TXAS0006,20210307,PRCP,0,,,N,0700
US1TXAS0006,20210308,PRCP,0,,,N,0700
US1TXAS0006,20210309,PRCP,0,,,N,0700
US1TXAS0006,20210310,PRCP,0,,,N,0700
US1TXAS0006,20210311,PRCP,0,,,N,0700
US1TXAS0006,20210312,PRCP,0,T,,N,0700
US1TXAS0006,20210313,PRCP,0,,,N,0700
US1TXAS0006,20210314,PRCP,3,,,N,0700
US1TXAS0006,20210315,PRCP,74,,,N,0700
US1TXAS0006,20210316,PRCP,0,,,N,0700
US1TXAS0006,20210317,PRCP,3,,,N,0700
US1TXAS0006,20210318,PRCP,0,T,,N,0700
US1TXAS0006,20210319,PRCP,0,,,N,0700
US1TXAS0006,20210320,PRCP,0,,,N,0700
US1TXAS0006,20210321,PRCP,0,,,N,0700
US1TXAS0006,20210322,PRCP,0,,,N,0700
US1TXAS0006,20210323,PRCP,208,,,N,0700
US1TXAS0006,20210324,PRCP,0,,,N,0700
US1TXAS0006,20210325,PRCP,0,T,,N,0700
US1TXAS0006,20210326,PRCP,0,,,N,0700
US1TXAS0006,20210327,PRCP,0,,,N,0700
US1TXAS0006,20210328,PRCP,0,,,N,0700
US1TXAS0006,20210329,PRCP,0,T,,N,0700
US1TXAS0006,20210330,PRCP,0,T,,N,0700
US1TXAS0006,20210331,PRCP,0,T,,N,0700
US1TXAS0006,20210301,SNOW,0,,,N,0700
US1TXAS0006,20210302,SNOW,0,,,N,0700
US1TXAS0006,20210303,SNOW,0,,,N,0700
US1TXAS0006,20210304,SNOW,0,,,N,0700
US1TXAS0006,20210305,SNOW,0,,,N,0700
US1TXAS0006,20210306,SNOW,0,,,N,0700
US1TXAS0006,20210307,SNOW,0,,,N,0700
US1TXAS0006,20210308,SNOW,0,,,N,0700
US1TXAS0006,20210309,SNOW,0,,,N,0700
US1TXAS0006,20210310,SNOW,0,,,N,0700
US1TXAS0006,20210311,SNOW,0,,,N,0700
US1TXAS0006,20210312,SNOW,0,,,N,0700
US1TXAS0006,20210313,SNOW,0,,,N,0700
US1TXAS0006,20210314,SNOW,0,,,N,0700
US1TXAS0006,20210315,SNOW,0,,,N,0700
US1TXAS0006,20210316,SNOW,0,,,N,0700
US1TXAS0006,20210317,SNOW,0,,,N,0700
US1TXAS0006,20210318,SNOW,0,,,N,0700
US1TXAS0006,20210319,SNOW,0,,,N,0700
US1TXAS0006,20210320,SNOW,0,,,N,0700
US1TXAS0006,20210321,SNOW,0,,,N,0700
US1TXAS0006,20210322,SNOW,0,,,N,0700
US1TXAS0006,20210323,SNOW,0,,,N,0700
US1TXAS0006,20210324,SNOW,0,,,N,0700
US1TXAS0006,20210325,SNOW,0,,,N,0700
US1TXAS0006,20210326,SNOW,0,,,N,0700
US1TXAS0006,20210327,SNOW,0,,,N,0700
US1TXAS0006,20210328,SNOW,0,,,N,0700
US1TXAS0006,20210329,SNOW,0,,,N,0700
US1TXAS0006,20210330,SNOW,0,,,N,0700
US1TXAS0006,20210331,SNOW,0,,,N,0700
US1TXAS0006,20210401,PRCP,8,,,N,0700
US1TXAS0006,20210402,PRCP,0,,,N,0700
US1TXAS0006,20210403,PRCP,0,,,N,0700
US1TXAS0006,20210404,PRCP,0,T,,N,0700
US1TXAS0006,20210405,PRCP,0,,,N,0700
US1TXAS0006,20210406,PRCP,3,,,N,0700
US1TXAS0006,20210407,PRCP,0,,,N,0700
US1TXAS0006,20210408,PRCP,122,,,N,0700
US1TXAS0006,20210409,PRCP,0,,,N,0700
US1TXAS0006,20210410,PRCP,0,,,N,0700
US1TXAS0006,20210411,PRCP,0,,,N,0700
US1TXAS0006,20210412,PRCP,0,,,N,0700
US1TXAS0006,20210413,PRCP,0,,,N,0700
US1TXAS0006,20210414,PRCP,46,,,N,0700
US1TXAS0006,20210415,PRCP,20,,,N,0700
US1TXAS0006,20210416,PRCP,3,,,N,0700
US1TXAS0006,20210417,PRCP,10,,,N,0700
US1TXAS0006,20210418,PRCP,3,,,N,0700
US1TXAS0006,20210419,PRCP,0,,,N,0700
US1TXAS0006,20210420,PRCP,0,T,,N,0700
US1TXAS0006,20210421,PRCP,0,,,N,0700
US1TXAS0006,20210422,PRCP,0,,,N,0700
US1TXAS0006,20210423,PRCP,0,,,N,0700
US1TXAS0006,20210424,PRCP,81,,,N,0700
US1TXAS0006,20210425,PRCP,0,,,N,0700
US1TXAS0006,20210426,PRCP,0,,,N,0700
US1TXAS0006,20210427,PRCP,0,,,N,0700
US1TXAS0006,20210428,PRCP,0,,,N,0700
US1TXAS0006,20210429,PRCP,0,,,N,0700
US1TXAS0006,20210430,PRCP,622,,,N,0700
US1TXAS0006,20210401,SNOW,0,,,N,0700
US1TXAS0006,20210402,SNOW,0,,,N,0700
US1TXAS0006,20210403,SNOW,0,,,N,0700
US1TXAS0006,20210404,SNOW,0,,,N,0700
US1TXAS0006,20210405,SNOW,0,,,N,0700
US1TXAS0006,20210406,SNOW,0,,,N,0700
US1TXAS0006,20210407,SNOW,0,,,N,0700
US1TXAS0006,20210408,SNOW,0,,,N,0700
US1TXAS0006,20210409,SNOW,0,,,N,0700
US1TXAS0006,20210410,SNOW,0,,,N,0700
US1TXAS0006,20210411,SNOW,0,,,N,0700
US1TXAS0006,20210412,SNOW,0,,,N,0700
US1TXAS0006,20210413,SNOW,0,,,N,0700
US1TXAS0006,20210414,SNOW,0,,,N,0700
US1TXAS0006,20210415,SNOW,0,,,N,0700
US1TXAS0006,20210416,SNOW,0,,,N,0700
US1TXAS0006,20210417,SNOW,0,,,N,0700
US1TXAS0006,20210418,SNOW,0,,,N,0700
US1TXAS0006,20210419,SNOW,0,,,N,0700
US1TXAS0006,20210420,SNOW,0,,,N,0700
US1TXAS0006,20210421,SNOW,0,,,N,0700
US1TXAS0006,20210422,SNOW,0,,,N,0700
US1TXAS0006,20210423,SNOW,0,,,N,0700
US1TXAS0006,20210424,SNOW,0,,,N,0700
US1TXAS0006,20210425,SNOW,0,,,N,0700
US1TXAS0006,20210426,SNOW,0,,,N,0700
US1TXAS0006,20210427,SNOW,0,,,N,0700
US1TXAS0006,20210428,SNOW,0,,,N,0700
US1TXAS0006,20210429,SNOW,0,,,N,0700
US1TXAS0006,20210430,SNOW,0,,,N,0700
US1TXAS0006,20210501,PRCP,594,,,N,0700
US1TXAS0006,20210502,PRCP,287,,,N,0700
US1TXAS0006,20210503,PRCP,0,,,N,0700
US1TXAS0006,20210504,PRCP,0,,,N,0700
US1TXAS0006,20210505,PRCP,0,,,N,0700
US1TXAS0006,20210506,PRCP,0,,,N,0700
US1TXAS0006,20210507,PRCP,0,,,N,0700
US1TXAS0006,20210508,PRCP,0,,,N,0700
US1TXAS0006,20210509,PRCP,0,,,N,0700
US1TXAS0006,20210510,PRCP,0,,,N,0700
US1TXAS0006,20210511,PRCP,0,,,N,0700
US1TXAS0006,20210512,PRCP,8,,,N,0700
US1TXAS0006,20210513,PRCP,0,,,N,0700
US1TXAS0006,20210514,PRCP,0,,,N,0700
US1TXAS0006,20210515,PRCP,0,,,N,0700
US1TXAS0006,20210516,PRCP,0,,,N,0700
US1TXAS0006,20210517,PRCP,122,,,N,0700
US1TXAS0006,20210518,PRCP,208,,,N,0700
US1TXAS0006,20210519,PRCP,795,,,N,0700
US1TXAS0006,20210520,PRCP,13,,,N,0700
US1TXAS0006,20210521,PRCP,0,,,N,0700
US1TXAS0006,20210522,PRCP,53,,,N,0700
US1TXAS0006,20210523,PRCP,43,,,N,0700
US1TXAS0006,20210524,PRCP,41,,,N,0700
US1TXAS0006,20210525,PRCP,81,,,N,0700
US1TXAS0006,20210526,PRCP,130,,,N,0700
US1TXAS0006,20210527,PRCP,0,,,N,0700
US1TXAS0006,20210528,PRCP,0,,,N,0700
US1TXAS0006,20210529,PRCP,632,,,N,0700
US1TXAS0006,20210530,PRCP,0,,,N,0700
US1TXAS0006,20210531,PRCP,0,,,N,0700
US1TXAS0006,20210501,SNOW,0,,,N,0700
US1TXAS0006,20210502,SNOW,0,,,N,0700
US1TXAS0006,20210503,SNOW,0,,,N,0700
US1TXAS0006,20210504,SNOW,0,,,N,0700
US1TXAS0006,20210505,SNOW,0,,,N,0700
US1TXAS0006,20210506,SNOW,0,,,N,0700
US1TXAS0006,20210507,SNOW,0,,,N,0700
US1TXAS0006,20210508,SNOW,0,,,N,0700
US1TXAS0006,20210509,SNOW,0,,,N,0700
US1TXAS0006,20210510,SNOW,0,,,N,0700
US1TXAS0006,20210511,SNOW,0,,,N,0700
US1TXAS0006,20210512,SNOW,0,,,N,0700
US1TXAS0006,20210513,SNOW,0,,,N,0700
US1TXAS0006,20210514,SNOW,0,,,N,0700
US1TXAS0006,20210515,SNOW,0,,,N,0700
US1TXAS0006,20210516,SNOW,0,,,N,0700
US1TXAS0006,20210517,SNOW,0,,,N,0700
US1TXAS0006,20210518,SNOW,0,,,N,0700
US1TXAS0006,20210519,SNOW,0,,,N,0700
US1TXAS0006,20210520,SNOW,0,,,N,0700
US1TXAS0006,20210521,SNOW,0,,,N,0700
US1TXAS0006,20210522,SNOW,0,,,N,0700
US1TXAS0006,20210523,SNOW,0,,,N,0700
US1TXAS0006,20210524,SNOW,0,,,N,0700
US1TXAS0006,20210525,SNOW,0,,,N,0700
US1TXAS0006,20210526,SNOW,0,,,N,0700
US1TXAS0006,20210527,SNOW,0,,,N,0700
US1TXAS0006,20210528,SNOW,0,,,N,0700
US1TXAS0006,20210529,SNOW,0,,,N,0700
US1TXAS0006,20210530,SNOW,0,,,N,0700
US1TXAS0006,20210531,SNOW,0,,,N,0700
US1TXAS0006,20210601,PRCP,56,,,N,0700
US1TXAS0006,20210602,PRCP,0,T,,N,0700
US1TXAS0006,20210603,PRCP,241,,,N,0645
US1TXAS0006,20210604,PRCP,442,,,N,0700
US1TXAS0006,20210605,PRCP,3,,,N,0700
US1TXAS0006,20210606,PRCP,546,,,N,0700
US1TXAS0006,20210607,PRCP,0,,,N,0700
US1TXAS0006,20210608,PRCP,0,,,N,0700
US1TXAS0006,20210609,PRCP,0,,,N,0700
US1TXAS0006,20210610,PRCP,0,,,N,0700
US1TXAS0006,20210611,PRCP,0,,,N,0700
US1TXAS0006,20210612,PRCP,0,,,N,0700
US1TXAS0006,20210613,PRCP,0,,,N,0700
US1TXAS0006,20210614,PRCP,0,,,N,0700
US1TXAS0006,20210615,PRCP,20,,,N,0700
US1TXAS0006,20210616,PRCP,10,,,N,0700
US1TXAS0006,20210617,PRCP,0,,,N,0700
US1TXAS0006,20210618,PRCP,0,,,N,0700
US1TXAS0006,20210619,PRCP,0,,,N,0700
US1TXAS0006,20210620,PRCP,0,,,N,0700
US1TXAS0006,20210621,PRCP,3,,,N,0700
US1TXAS0006,20210622,PRCP,384,,,N,0700
US1TXAS0006,20210623,PRCP,0,,,N,0700
US1TXAS0006,20210624,PRCP,0,,,N,0700
US1TXAS0006,20210625,PRCP,0,,,N,0700
US1TXAS0006,20210626,PRCP,0,,,N,0700
US1TXAS0006,20210627,PRCP,0,,,N,0700
US1TXAS0006,20210628,PRCP,64,,,N,0700
US1TXAS0006,20210629,PRCP,104,,,N,0700
US1TXAS0006,20210630,PRCP,102,,,N,0700
US1TXAS0006,20210601,SNOW,0,,,N,0700
US1TXAS0006,20210602,SNOW,0,,,N,0700
US1TXAS0006,20210603,SNOW,0,,,N,0645
US1TXAS0006,20210604,SNOW,0,,,N,0700
US1TXAS0006,20210605,SNOW,0,,,N,0700
US1TXAS0006,20210606,SNOW,0,,,N,0700
US1TXAS0006,20210607,SNOW,0,,,N,0700
US1TXAS0006,20210608,SNOW,0,,,N,0700
US1TXAS0006,20210609,SNOW,0,,,N,0700
US1TXAS0006,20210610,SNOW,0,,,N,0700
US1TXAS0006,20210611,SNOW,0,,,N,0700
US1TXAS0006,20210612,SNOW,0,,,N,0700
US1TXAS0006,20210613,SNOW,0,,,N,0700
US1TXAS0006,20210614,SNOW,0,,,N,0700
US1TXAS0006,20210615,SNOW,0,,,N,0700
US1TXAS0006,20210616,SNOW,0,,,N,0700
US1TXAS0006,20210617,SNOW,0,,,N,0700
US1TXAS0006,20210618,SNOW,0,,,N,0700
US1TXAS0006,20210619,SNOW,0,,,N,0700
US1TXAS0006,20210620,SNOW,0,,,N,0700
US1TXAS0006,20210621,SNOW,0,,,N,0700
US1TXAS0006,20210622,SNOW,0,,,N,0700
US1TXAS0006,20210623,SNOW,0,,,N,0700
US1TXAS0006,20210624,SNOW,0,,,N,0700
US1TXAS0006,20210625,SNOW,0,,,N,0700
US1TXAS0006,20210626,SNOW,0,,,N,0700
US1TXAS0006,20210627,SNOW,0,,,N,0700
US1TXAS0006,20210628,SNOW,0,,,N,0700
US1TXAS0006,20210629,SNOW,0,,,N,0700
US1TXAS0006,20210630,SNOW,0,,,N,0700
US1TXAS0006,20210701,PRCP,15,,,N,0700
US1TXAS0006,20210702,PRCP,0,,,N,0700
US1TXAS0006,20210703,PRCP,0,,,N,0700
US1TXAS0006,20210704,PRCP,302,,,N,0700
US1TXAS0006,20210705,PRCP,439,,,N,0700
US1TXAS0006,20210706,PRCP,36,,,N,0700
US1TXAS0006,20210707,PRCP,0,,,N,0700
US1TXAS0006,20210708,PRCP,0,T,,N,0700
US1TXAS0006,20210709,PRCP,406,,,N,0700
US1TXAS0006,20210710,PRCP,191,,,N,0700
US1TXAS0006,20210711,PRCP,0,,,N,0700
US1TXAS0006,20210712,PRCP,0,,,N,0700
US1TXAS0006,20210713,PRCP,25,,,N,0700
US1TXAS0006,20210714,PRCP,69,,,N,0700
US1TXAS0006,20210715,PRCP,20,,,N,0700
US1TXAS0006,20210716,PRCP,0,,,N,0700
US1TXAS0006,20210717,PRCP,58,,,N,0700
US1TXAS0006,20210718,PRCP,0,,,N,0700
US1TXAS0006,20210719,PRCP,0,,,N,0700
US1TXAS0006,20210720,PRCP,0,,,N,0700
US1TXAS0006,20210721,PRCP,0,,,N,0700
US1TXAS0006,20210722,PRCP,147,,,N,0700
US1TXAS0006,20210723,PRCP,18,,,N,0700
US1TXAS0006,20210724,PRCP,0,,,N,0700
US1TXAS0006,20210725,PRCP,0,,,N,0700
US1TXAS0006,20210726,PRCP,0,,,N,0700
US1TXAS0006,20210727,PRCP,0,,,N,0700
US1TXAS0006,20210728,PRCP,0,,,N,0700
US1TXAS0006,20210729,PRCP,0,,,N,0700
US1TXAS0006,20210730,PRCP,0,,,N,0700
US1TXAS0006,20210731,PRCP,36,,,N,0700
US1TXAS0006,20210701,SNOW,0,,,N,0700
US1TXAS0006,20210702,SNOW,0,,,N,0700
US1TXAS0006,20210703,SNOW,0,,,N,0700
US1TXAS0006,20210704,SNOW,0,,,N,0700
US1TXAS0006,20210705,SNOW,0,,,N,0700
US1TXAS0006,20210706,SNOW,0,,,N,0700
US1TXAS0006,20210707,SNOW,0,,,N,0700
US1TXAS0006,20210708,SNOW,0,,,N,0700
US1TXAS0006,20210709,SNOW,0,,,N,0700
US1TXAS0006,20210710,SNOW,0,,,N,0700
US1TXAS0006,20210711,SNOW,0,,,N,0700
US1TXAS0006,20210712,SNOW,0,,,N,0700
US1TXAS0006,20210713,SNOW,0,,,N,0700
US1TXAS0006,20210714,SNOW,0,,,N,0700
US1TXAS0006,20210715,SNOW,0,,,N,0700
US1TXAS0006,20210716,SNOW,0,,,N,0700
US1TXAS0006,20210717,SNOW,0,,,N,0700
US1TXAS0006,20210718,SNOW,0,,,N,0700
US1TXAS0006,20210719,SNOW,0,,,N,0700
US1TXAS0006,20210720,SNOW,0,,,N,0700
US1TXAS0006,20210721,SNOW,0,,,N,0700
US1TXAS0006,20210722,SNOW,0,,,N,0700
US1TXAS0006,20210723,SNOW,0,,,N,0700
US1TXAS0006,20210724,SNOW,0,,,N,0700
US1TXAS0006,20210725,SNOW,0,,,N,0700
US1TXAS0006,20210726,SNOW,0,,,N,0700
US1TXAS0006,20210727,SNOW,0,,,N,0700
US1TXAS0006,20210728,SNOW,0,,,N,0700
US1TXAS0006,20210729,SNOW,0,,,N,0700
US1TXAS0006,20210730,SNOW,0,,,N,0700
US1TXAS0006,20210731,SNOW,0,,,N,0700
US1TXAS0006,20210801,PRCP,0,,,N,0700
US1TXAS0006,20210802,PRCP,0,,,N,0700
US1TXAS0006,20210803,PRCP,0,,,N,0700
US1TXAS0006,20210804,PRCP,0,,,N,0700
US1TXAS0006,20210805,PRCP,0,,,N,0700
US1TXAS0006,20210806,PRCP,3,,,N,0700
US1TXAS0006,20210807,PRCP,142,,,N,0700
US1TXAS0006,20210808,PRCP,0,,,N,0700
US1TXAS0006,20210809,PRCP,0,,,N,0700
US1TXAS0006,20210810,PRCP,0,,,N,0700
US1TXAS0006,20210811,PRCP,15,,,N,0700
US1TXAS0006,20210812,PRCP,0,,,N,0700
US1TXAS0006,20210813,PRCP,0,,,N,0700
US1TXAS0006,20210814,PRCP,0,,,N,0700
US1TXAS0006,20210815,PRCP,25,,,N,0700
US1TXAS0006,20210816,PRCP,8,,,N,0700
US1TXAS0006,20210817,PRCP,231,,,N,0700
US1TXAS0006,20210818,PRCP,0,,,N,0700
US1TXAS0006,20210819,PRCP,86,,,N,0700
US1TXAS0006,20210820,PRCP,0,,,N,0700
US1TXAS0006,20210821,PRCP,0,,,N,0700
US1TXAS0006,20210822,PRCP,0,,,N,0700
US1TXAS0006,20210823,PRCP,0,,,N,0700
US1TXAS0006,20210824,PRCP,0,,,N,0700
US1TXAS0006,20210825,PRCP,0,,,N,0700
US1TXAS0006,20210826,PRCP,5,,,N,0700
US1TXAS0006,20210827,PRCP,0,T,,N,0700
US1TXAS0006,20210828,PRCP,0,T,,N,0700
US1TXAS0006,20210829,PRCP,0,,,N,0700
US1TXAS0006,20210830,PRCP,0,,,N,0700
US1TXAS0006,20210831,PRCP,0,,,N,0700
US1TXAS0006,20210801,SNOW,0,,,N,0700
US1TXAS0006,20210802,SNOW,0,,,N,0700
US1TXAS0006,20210803,SNOW,0,,,N,0700
US1TXAS0006,20210804,SNOW,0,,,N,0700
US1TXAS0006,20210805,SNOW,0,,,N,0700
US1TXAS0006,20210806,SNOW,0,,,N,0700
US1TXAS0006,20210807,SNOW,0,,,N,0700
US1TXAS0006,20210808,SNOW,0,,,N,0700
US1TXAS0006,20210809,SNOW,0,,,N,0700
US1TXAS0006,20210810,SNOW,0,,,N,0700
US1TXAS0006,20210811,SNOW,0,,,N,0700
US1TXAS0006,20210812,SNOW,0,,,N,0700
US1TXAS0006,20210813,SNOW,0,,,N,0700
US1TXAS0006,20210814,SNOW,0,,,N,0700
US1TXAS0006,20210815,SNOW,0,,,N,0700
US1TXAS0006,20210816,SNOW,0,,,N,0700
US1TXAS0006,20210817,SNOW,0,,,N,0700
US1TXAS0006,20210818,SNOW,0,,,N,0700
US1TXAS0006,20210819,SNOW,0,,,N,0700
US1TXAS0006,20210820,SNOW,0,,,N,0700
US1TXAS0006,20210821,SNOW,0,,,N,0700
US1TXAS0006,20210822,SNOW,0,,,N,0700
US1TXAS0006,20210823,SNOW,0,,,N,0700
US1TXAS0006,20210824,SNOW,0,,,N,0700
US1TXAS0006,20210825,SNOW,0,,,N,0700
US1TXAS0006,20210826,SNOW,0,,,N,0700
US1TXAS0006,20210827,SNOW,0,,,N,0700
US1TXAS0006,20210828,SNOW,0,,,N,0700
US1TXAS0006,20210829,SNOW,0,,,N,0700
US1TXAS0006,20210830,SNOW,0,,,N,0700
US1TXAS0006,20210831,SNOW,0,,,N,0700
US1TXAS0006,20210901,PRCP,0,,,N,0700
US1TXAS0006,20210902,PRCP,0,,,N,0700
US1TXAS0006,20210903,PRCP,0,,,N,0700
US1TXAS0006,20210904,PRCP,140,,,N,0700
US1TXAS0006,20210905,PRCP,0,,,N,0700
US1TXAS0006,20210906,PRCP,0,,,N,0700
US1TXAS0006,20210907,PRCP,0,T,,N,0700
US1TXAS0006,20210908,PRCP,0,,,N,0700
US1TXAS0006,20210909,PRCP,0,,,N,0700
US1TXAS0006,20210910,PRCP,0,,,N,0700
US1TXAS0006,20210911,PRCP,0,,,N,0700
US1TXAS0006,20210912,PRCP,0,,,N,0700
US1TXAS0006,20210913,PRCP,0,,,N,0700
US1TXAS0006,20210914,PRCP,284,,,N,0700
US1TXAS0006,20210915,PRCP,28,,,N,0700
US1TXAS0006,20210916,PRCP,0,,,N,0700
US1TXAS0006,20210917,PRCP,0,,,N,0700
US1TXAS0006,20210918,PRCP,0,,,N,0700
US1TXAS0006,20210919,PRCP,0,,,N,0700
US1TXAS0006,20210920,PRCP,0,,,N,0700
US1TXAS0006,20210921,PRCP,0,,,N,0700
US1TXAS0006,20210922,PRCP,0,,,N,0700
US1TXAS0006,20210923,PRCP,0,,,N,0700
US1TXAS0006,20210924,PRCP,0,,,N,0700
US1TXAS0006,20210925,PRCP,0,,,N,0700
US1TXAS0006,20210926,PRCP,0,,,N,0700
US1TXAS0006,20210927,PRCP,0,,,N,0700
US1TXAS0006,20210928,PRCP,0,,,N,0700
US1TXAS0006,20210929,PRCP,503,,,N,0700
US1TXAS0006,20210930,PRCP,3,,,N,0700
US1TXAS0006,20210901,SNOW,0,,,N,0700
US1TXAS0006,20210902,SNOW,0,,,N,0700
US1TXAS0006,20210903,SNOW,0,,,N,0700
US1TXAS0006,20210904,SNOW,0,,,N,0700
US1TXAS0006,20210905,SNOW,0,,,N,0700
US1TXAS0006,20210906,SNOW,0,,,N,0700
US1TXAS0006,20210907,SNOW,0,,,N,0700
US1TXAS0006,20210908,SNOW,0,,,N,0700
US1TXAS0006,20210909,SNOW,0,,,N,0700
US1TXAS0006,20210910,SNOW,0,,,N,0700
US1TXAS0006,20210911,SNOW,0,,,N,0700
US1TXAS0006,20210912,SNOW,0,,,N,0700
US1TXAS0006,20210913,SNOW,0,,,N,0700
US1TXAS0006,20210914,SNOW,0,,,N,0700
US1TXAS0006,20210915,SNOW,0,,,N,0700
US1TXAS0006,20210916,SNOW,0,,,N,0700
US1TXAS0006,20210917,SNOW,0,,,N,0700
US1TXAS0006,20210918,SNOW,0,,,N,0700
US1TXAS0006,20210919,SNOW,0,,,N,0700
US1TXAS0006,20210920,SNOW,0,,,N,0700
US1TXAS0006,20210921,SNOW,0,,,N,0700
US1TXAS0006,20210922,SNOW,0,,,N,0700
US1TXAS0006,20210923,SNOW,0,,,N,0700
US1TXAS0006,20210924,SNOW,0,,,N,0700
US1TXAS0006,20210925,SNOW,0,,,N,0700
US1TXAS0006,20210926,SNOW,0,,,N,0700
US1TXAS0006,20210927,SNOW,0,,,N,0700
US1TXAS0006,20210928,SNOW,0,,,N,0700
US1TXAS0006,20210929,SNOW,0,,,N,0700
US1TXAS0006,20210930,SNOW,0,,,N,0700
US1TXAS0006,20211001,PRCP,23,,,N,0700
US1TXAS0006,20211002,PRCP,163,,,N,0700
US1TXAS0006,20211003,PRCP,0,,,N,0700
US1TXAS0006,20211004,PRCP,0,,,N,0700
US1TXAS0006,20211005,PRCP,0,,,N,0700
US1TXAS0006,20211006,PRCP,0,,,N,0700
US1TXAS0006,20211007,PRCP,0,,,N,0700
US1TXAS0006,20211008,PRCP,0,,,N,0700
US1TXAS0006,20211009,PRCP,0,,,N,0700
US1TXAS0006,20211010,PRCP,0,,,N,0700
US1TXAS0006,20211011,PRCP,102,,,N,0700
US1TXAS0006,20211012,PRCP,0,,,N,0700
US1TXAS0006,20211013,PRCP,0,,,N,0700
US1TXAS0006,20211014,PRCP,13,,,N,0700
US1TXAS0006,20211015,PRCP,251,,,N,0700
US1TXAS0006,20211016,PRCP,0,,,N,0700
US1TXAS0006,20211017,PRCP,0,,,N,0700
US1TXAS0006,20211018,PRCP,0,,,N,0700
US1TXAS0006,20211019,PRCP,0,,,N,0700
US1TXAS0006,20211020,PRCP,0,,,N,0700
US1TXAS0006,20211021,PRCP,0,,,N,0700
US1TXAS0006,20211022,PRCP,0,,,N,0700
US1TXAS0006,20211023,PRCP,0,,,N,0700
US1TXAS0006,20211024,PRCP,165,,,N,0700
US1TXAS0006,20211025,PRCP,0,,,N,0700
US1TXAS0006,20211026,PRCP,0,,,N,0700
US1TXAS0006,20211027,PRCP,0,T,,N,0700
US1TXAS0006,20211028,PRCP,323,,,N,0700
US1TXAS0006,20211029,PRCP,0,,,N,0700
US1TXAS0006,20211030,PRCP,0,,,N,0700
US1TXAS0006,20211031,PRCP,0,,,N,0700
US1TXAS0006,20211001,SNOW,0,,,N,0700
US1TXAS0006,20211002,SNOW,0,,,N,0700
US1TXAS0006,20211003,SNOW,0,,,N,0700
US1TXAS0006,20211004,SNOW,0,,,N,0700
US1TXAS0006,20211005,SNOW,0,,,N,0700
US1TXAS0006,20211006,SNOW,0,,,N,0700
US1TXAS0006,20211007,SNOW,0,,,N,0700
US1TXAS0006,20211008,SNOW,0,,,N,0700
US1TXAS0006,20211009,SNOW,0,,,N,0700
US1TXAS0006,20211010,SNOW,0,,,N,0700
US1TXAS0006,20211011,SNOW,0,,,N,0700
US1TXAS0006,20211012,SNOW,0,,,N,0700
US1TXAS0006,20211013,SNOW,0,,,N,0700
US1TXAS0006,20211014,SNOW,0,,,N,0700
US1TXAS0006,20211015,SNOW,0,,,N,0700
US1TXAS0006,20211016,SNOW,0,,,N,0700
US1TXAS0006,20211017,SNOW,0,,,N,0700
US1TXAS0006,20211018,SNOW,0,,,N,0700
US1TXAS0006,20211019,SNOW,0,,,N,0700
US1TXAS0006,20211020,SNOW,0,,,N,0700
US1TXAS0006,20211021,SNOW,0,,,N,0700
US1TXAS0006,20211022,SNOW,0,,,N,0700
US1TXAS0006,20211023,SNOW,0,,,N,0700
US1TXAS0006,20211024,SNOW,0,,,N,0700
US1TXAS0006,20211025,SNOW,0,,,N,0700
US1TXAS0006,20211026,SNOW,0,,,N,0700
US1TXAS0006,20211027,SNOW,0,,,N,0700
US1TXAS0006,20211028,SNOW,0,,,N,0700
US1TXAS0006,20211029,SNOW,0,,,N,0700
US1TXAS0006,20211030,SNOW,0,,,N,0700
US1TXAS0006,20211031,SNOW,0,,,N,0700
US1TXAS0006,20211002,WESF,0,,,N,0700
US1TXAS0006,20211101,PRCP,0,,,N,0700
US1TXAS0006,20211102,PRCP,0,,,N,0700
US1TXAS0006,20211103,PRCP,0,,,N,0700
US1TXAS0006,20211104,PRCP,236,,,N,0700
US1TXAS0006,20211105,PRCP,0,,,N,0700
US1TXAS0006,20211106,PRCP,0,,,N,0700
US1TXAS0006,20211107,PRCP,0,,,N,0700
US1TXAS0006,20211108,PRCP,0,,,N,0700
US1TXAS0006,20211109,PRCP,0,,,N,0700
US1TXAS0006,20211110,PRCP,0,,,N,0700
US1TXAS0006,20211111,PRCP,30,,,N,0700
US1TXAS0006,20211112,PRCP,3,,,N,0700
US1TXAS0006,20211113,PRCP,0,,,N,0700
US1TXAS0006,20211114,PRCP,0,,,N,0700
US1TXAS0006,20211115,PRCP,0,,,N,0700
US1TXAS0006,20211116,PRCP,0,,,N,0700
US1TXAS0006,20211117,PRCP,0,,,N,0700
US1TXAS0006,20211118,PRCP,0,,,N,0700
US1TXAS0006,20211119,PRCP,0,,,N,0700
US1TXAS0006,20211120,PRCP,0,,,N,0700
US1TXAS0006,20211121,PRCP,0,,,N,0700
US1TXAS0006,20211122,PRCP,0,,,N,0700
US1TXAS0006,20211123,PRCP,0,,,N,0700
US1TXAS0006,20211124,PRCP,0,,,N,0700
US1TXAS0006,20211125,PRCP,0,,,N,0700
US1TXAS0006,20211126,PRCP,66,,,N,0700
US1TXAS0006,20211127,PRCP,0,,,N,0700
US1TXAS0006,20211128,PRCP,38,,,N,0700
US1TXAS0006,20211129,PRCP,0,,,N,0700
US1TXAS0006,20211130,PRCP,0,,,N,0700
US1TXAS0006,20211101,SNOW,0,,,N,0700
US1TXAS0006,20211102,SNOW,0,,,N,0700
US1TXAS0006,20211103,SNOW,0,,,N,0700
US1TXAS0006,20211104,SNOW,0,,,N,0700
US1TXAS0006,20211105,SNOW,0,,,N,0700
US1TXAS0006,20211106,SNOW,0,,,N,0700
US1TXAS0006,20211107,SNOW,0,,,N,0700
US1TXAS0006,20211108,SNOW,0,,,N,0700
US1TXAS0006,20211109,SNOW,0,,,N,0700
US1TXAS0006,20211110,SNOW,0,,,N,0700
US1TXAS0006,20211111,SNOW,0,,,N,0700
US1TXAS0006,20211112,SNOW,0,,,N,0700
US1TXAS0006,20211113,SNOW,0,,,N,0700
US1TXAS0006,20211114,SNOW,0,,,N,0700
US1TXAS0006,20211115,SNOW,0,,,N,0700
US1TXAS0006,20211116,SNOW,0,,,N,0700
US1TXAS0006,20211117,SNOW,0,,,N,0700
US1TXAS0006,20211118,SNOW,0,,,N,0700
US1TXAS0006,20211119,SNOW,0,,,N,0700
US1TXAS0006,20211120,SNOW,0,,,N,0700
US1TXAS0006,20211121,SNOW,0,,,N,0700
US1TXAS0006,20211122,SNOW,0,,,N,0700
US1TXAS0006,20211123,SNOW,0,,,N,0700
US1TXAS0006,20211124,SNOW,0,,,N,0700
US1TXAS0006,20211125,SNOW,0,,,N,0700
US1TXAS0006,20211126,SNOW,0,,,N,0700
US1TXAS0006,20211127,SNOW,0,,,N,0700
US1TXAS0006,20211128,SNOW,0,,,N,0700
US1TXAS0006,20211129,SNOW,0,,,N,0700
US1TXAS0006,20211130,SNOW,0,,,N,0700
US1TXAS0006,20211201,PRCP,0,,,N,0700
US1TXAS0006,20211202,PRCP,0,,,N,0700
US1TXAS0006,20211203,PRCP,0,,,N,0700
US1TXAS0006,20211204,PRCP,0,,,N,0700
US1TXAS0006,20211205,PRCP,0,,,N,0700
US1TXAS0006,20211206,PRCP,0,,,N,0700
US1TXAS0006,20211207,PRCP,0,,,N,0700
US1TXAS0006,20211208,PRCP,0,,,N,0700
US1TXAS0006,20211209,PRCP,0,,,N,0700
US1TXAS0006,20211210,PRCP,0,,,N,0700
US1TXAS0006,20211211,PRCP,18,,,N,0700
US1TXAS0006,20211212,PRCP,0,,,N,0700
US1TXAS0006,20211213,PRCP,0,,,N,0700
US1TXAS0006,20211214,PRCP,8,,,N,0700
US1TXAS0006,20211215,PRCP,0,,,N,0700
US1TXAS0006,20211216,PRCP,0,,,N,0700
US1TXAS0006,20211217,PRCP,3,,,N,0700
US1TXAS0006,20211218,PRCP,0,,,N,0700
US1TXAS0006,20211219,PRCP,434,,,N,0700
US1TXAS0006,20211220,PRCP,28,,,N,0700
US1TXAS0006,20211221,PRCP,0,,,N,0700
US1TXAS0006,20211222,PRCP,0,,,N,0700
US1TXAS0006,20211223,PRCP,0,,,N,0700
US1TXAS0006,20211224,PRCP,0,,,N,0700
US1TXAS0006,20211225,PRCP,0,,,N,0700
US1TXAS0006,20211226,PRCP,0,,,N,0700
US1TXAS0006,20211227,PRCP,0,,,N,0700
US1TXAS0006,20211228,PRCP,0,,,N,0700
US1TXAS0006,20211229,PRCP,0,,,N,0700
US1TXAS0006,20211230,PRCP,0,,,N,0700
US1TXAS0006,20211231,PRCP,0,,,N,0700
US1TXAS0006,20211201,SNOW,0,,,N,0700
US1TXAS0006,20211202,SNOW,0,,,N,0700
US1TXAS0006,20211203,SNOW,0,,,N,0700
US1TXAS0006,20211204,SNOW,0,,,N,0700
US1TXAS0006,20211205,SNOW,0,,,N,0700
US1TXAS0006,20211206,SNOW,0,,,N,0700
US1TXAS0006,20211207,SNOW,0,,,N,0700
US1TXAS0006,20211208,SNOW,0,,,N,0700
US1TXAS0006,20211209,SNOW,0,,,N,0700
US1TXAS0006,20211210,SNOW,0,,,N,0700
US1TXAS0006,20211211,SNOW,0,,,N,0700
US1TXAS0006,20211212,SNOW,0,,,N,0700
US1TXAS0006,20211213,SNOW,0,,,N,0700
US1TXAS0006,20211214,SNOW,0,,,N,0700
US1TXAS0006,20211215,SNOW,0,,,N,0700
US1TXAS0006,20211216,SNOW,0,,,N,0700
US1TXAS0006,20211217,SNOW,0,,,N,0700
US1TXAS0006,20211218,SNOW,0,,,N,0700
US1TXAS0006,20211219,SNOW,0,,,N,0700
US1TXAS0006,20211220,SNOW,0,,,N,0700
US1TXAS0006,20211221,SNOW,0,,,N,0700
US1TXAS0006,20211222,SNOW,0,,,N,0700
US1TXAS0006,20211223,SNOW,0,,,N,0700
US1TXAS0006,20211224,SNOW,0,,,N,0700
US1TXAS0006,20211225,SNOW,0,,,N,0700
US1TXAS0006,20211226,SNOW,0,,,N,0700
US1TXAS0006,20211227,SNOW,0,,,N,0700
US1TXAS0006,20211228,SNOW,0,,,N,0700
US1TXAS0006,20211229,SNOW,0,,,N,0700
US1TXAS0006,20211230,SNOW,0,,,N,0700
US1TXAS0006,20211231,SNOW,0,,,N,0700
US1TXAS0006,20220101,PRCP,0,,,N,0700
US1TXAS0006,20220102,PRCP,0,T,,N,0700
US1TXAS0006,20220103,PRCP,0,,,N,0700
US1TXAS0006,20220104,PRCP,0,,,N,0700
US1TXAS0006,20220105,PRCP,0,,,N,0700
US1TXAS0006,20220106,PRCP,0,,,N,0700
US1TXAS0006,20220107,PRCP,0,,,N,0700
US1TXAS0006,20220108,PRCP,0,T,,N,0700
US1TXAS0006,20220109,PRCP,272,,,N,0700
US1TXAS0006,20220110,PRCP,0,,,N,0700
US1TXAS0006,20220111,PRCP,0,,,N,0700
US1TXAS0006,20220112,PRCP,0,T,,N,0700
US1TXAS0006,20220113,PRCP,0,,,N,0700
US1TXAS0006,20220114,PRCP,0,,,N,0700
US1TXAS0006,20220115,PRCP,0,,,N,0700
US1TXAS0006,20220116,PRCP,0,,,N,0700
US1TXAS0006,20220117,PRCP,0,,,N,0700
US1TXAS0006,20220118,PRCP,0,,,N,0700
US1TXAS0006,20220119,PRCP,0,,,N,0700
US1TXAS0006,20220120,PRCP,958,,,N,0700
US1TXAS0006,20220121,PRCP,0,T,,N,0700
US1TXAS0006,20220122,PRCP,0,,,N,0700
US1TXAS0006,20220123,PRCP,0,,,N,0700
US1TXAS0006,20220124,PRCP,0,T,,N,0700
US1TXAS0006,20220125,PRCP,74,,,N,0700
US1TXAS0006,20220126,PRCP,0,,,N,0700
US1TXAS0006,20220127,PRCP,0,,,N,0700
US1TXAS0006,20220128,PRCP,0,,,N,0700
US1TXAS0006,20220129,PRCP,0,,,N,0700
US1TXAS0006,20220130,PRCP,0,,,N,0700
US1TXAS0006,20220131,PRCP,3,,,N,0700
US1TXAS0006,20220101,SNOW,0,,,N,0700
US1TXAS0006,20220102,SNOW,0,,,N,0700
US1TXAS0006,20220103,SNOW,0,,,N,0700
US1TXAS0006,20220104,SNOW,0,,,N,0700
US1TXAS0006,20220105,SNOW,0,,,N,0700
US1TXAS0006,20220106,SNOW,0,,,N,0700
US1TXAS0006,20220107,SNOW,0,,,N,0700
US1TXAS0006,20220108,SNOW,0,,,N,0700
US1TXAS0006,20220109,SNOW,0,,,N,0700
US1TXAS0006,20220110,SNOW,0,,,N,0700
US1TXAS0006,20220111,SNOW,0,,,N,0700
US1TXAS0006,20220112,SNOW,0,,,N,0700
US1TXAS0006,20220113,SNOW,0,,,N,0700
US1TXAS0006,20220114,SNOW,0,,,N,0700
US1TXAS0006,20220115,SNOW,0,,,N,0700
US1TXAS0006,20220116,SNOW,0,,,N,0700
US1TXAS0006,20220117,SNOW,0,,,N,0700
US1TXAS0006,20220118,SNOW,0,,,N,0700
US1TXAS0006,20220119,SNOW,0,,,N,0700
US1TXAS0006,20220120,SNOW,0,,,N,0700
US1TXAS0006,20220121,SNOW,0,,,N,0700
US1TXAS0006,20220122,SNOW,0,,,N,0700
US1TXAS0006,20220123,SNOW,0,,,N,0700
US1TXAS0006,20220124,SNOW,0,,,N,0700
US1TXAS0006,20220125,SNOW,0,,,N,0700
US1TXAS0006,20220126,SNOW,0,,,N,0700
US1TXAS0006,20220127,SNOW,0,,,N,0700
US1TXAS0006,20220128,SNOW,0,,,N,0700
US1TXAS0006,20220129,SNOW,0,,,N,0700
US1TXAS0006,20220130,SNOW,0,,,N,0700
US1TXAS0006,20220131,SNOW,0,,,N,0700
US1TXAS0006,20220201,PRCP,363,,,N,0700
US1TXAS0006,20220202,PRCP,0,,,N,0700
US1TXAS0006,20220203,PRCP,33,,,N,0700
US1TXAS0006,20220204,PRCP,38,,,N,0700
US1TXAS0006,20220205,PRCP,0,,,N,0700
US1TXAS0006,20220206,PRCP,0,,,N,0700
US1TXAS0006,20220207,PRCP,0,,,N,0700
US1TXAS0006,20220208,PRCP,0,,,N,0700
US1TXAS0006,20220209,PRCP,0,,,N,0700
US1TXAS0006,20220210,PRCP,0,,,N,0700
US1TXAS0006,20220211,PRCP,0,,,N,0700
US1TXAS0006,20220212,PRCP,0,,,N,0700
US1TXAS0006,20220213,PRCP,0,,,N,0700
US1TXAS0006,20220214,PRCP,0,,,N,0700
US1TXAS0006,20220215,PRCP,0,,,N,0700
US1TXAS0006,20220216,PRCP,0,,,N,0700
US1TXAS0006,20220217,PRCP,20,,,N,0700
US1TXAS0006,20220218,PRCP,0,,,N,0700
US1TXAS0006,20220219,PRCP,0,,,N,0700
US1TXAS0006,20220220,PRCP,0,,,N,0700
US1TXAS0006,20220221,PRCP,18,,,N,0700
US1TXAS0006,20220222,PRCP,0,,,N,0700
US1TXAS0006,20220223,PRCP,0,,,N,0700
US1TXAS0006,20220224,PRCP,10,,,N,0700
US1TXAS0006,20220225,PRCP,0,T,,N,0700
US1TXAS0006,20220226,PRCP,5,,,N,0700
US1TXAS0006,20220227,PRCP,36,,,N,0700
US1TXAS0006,20220228,PRCP,0,,,N,0700
US1TXAS0006,20220201,SNOW,0,,,N,0700
US1TXAS0006,20220202,SNOW,0,,,N,0700
US1TXAS0006,20220203,SNOW,0,,,N,0700
US1TXAS0006,20220204,SNOW,0,T,,N,0700
US1TXAS0006,20220205,SNOW,0,,,N,0700
US1TXAS0006,20220206,SNOW,0,,,N,0700
US1TXAS0006,20220207,SNOW,0,,,N,0700
US1TXAS0006,20220208,SNOW,0,,,N,0700
US1TXAS0006,20220209,SNOW,0,,,N,0700
US1TXAS0006,20220210,SNOW,0,,,N,0700
US1TXAS0006,20220211,SNOW,0,,,N,0700
US1TXAS0006,20220212,SNOW,0,,,N,0700
US1TXAS0006,20220213,SNOW,0,,,N,0700
US1TXAS0006,20220214,SNOW,0,,,N,0700
US1TXAS0006,20220215,SNOW,0,,,N,0700
US1TXAS0006,20220216,SNOW,0,,,N,0700
US1TXAS0006,20220217,SNOW,0,,,N,0700
US1TXAS0006,20220218,SNOW,0,,,N,0700
US1TXAS0006,20220219,SNOW,0,,,N,0700
US1TXAS0006,20220220,SNOW,0,,,N,0700
US1TXAS0006,20220221,SNOW,0,,,N,0700
US1TXAS0006,20220222,SNOW,0,,,N,0700
US1TXAS0006,20220223,SNOW,0,,,N,0700
US1TXAS0006,20220224,SNOW,0,,,N,0700
US1TXAS0006,20220225,SNOW,0,,,N,0700
US1TXAS0006,20220226,SNOW,0,,,N,0700
US1TXAS0006,20220227,SNOW,0,,,N,0700
US1TXAS0006,20220228,SNOW,0,,,N,0700
US1TXAS0006,20220301,PRCP,0,,,N,0700
US1TXAS0006,20220302,PRCP,0,,,N,0700
US1TXAS0006,20220303,PRCP,0,,,N,0700
US1TXAS0006,20220304,PRCP,0,,,N,0700
US1TXAS0006,20220305,PRCP,0,T,,N,0700
US1TXAS0006,20220306,PRCP,0,,,N,0700
US1TXAS0006,20220307,PRCP,0,T,,N,0700
US1TXAS0006,20220308,PRCP,79,,,N,0700
US1TXAS0006,20220309,PRCP,5,,,N,0700
US1TXAS0006,20220310,PRCP,0,,,N,0700
US1TXAS0006,20220311,PRCP,0,,,N,0700
US1TXAS0006,20220312,PRCP,0,,,N,0700
US1TXAS0006,20220313,PRCP,0,,,N,0700
US1TXAS0006,20220314,PRCP,0,,,N,0700
US1TXAS0006,20220315,PRCP,53,,,N,0700
US1TXAS0006,20220316,PRCP,0,,,N,0700
US1TXAS0006,20220317,PRCP,0,,,N,0700
US1TXAS0006,20220318,PRCP,18,,,N,0700
US1TXAS0006,20220319,PRCP,0,,,N,0700
US1TXAS0006,20220320,PRCP,0,,,N,0700
US1TXAS0006,20220321,PRCP,18,,,N,0700
US1TXAS0006,20220322,PRCP,267,,,N,0700
US1TXAS0006,20220323,PRCP,0,,,N,0700
US1TXAS0006,20220324,PRCP,0,,,N,0700
US1TXAS0006,20220325,PRCP,0,,,N,0700
US1TXAS0006,20220326,PRCP,0,,,N,0700
US1TXAS0006,20220327,PRCP,0,,,N,0700
US1TXAS0006,20220328,PRCP,0,,,N,0700
US1TXAS0006,20220329,PRCP,0,,,N,0700
US1TXAS0006,20220330,PRCP,0,T,,N,0700
US1TXAS0006,20220331,PRCP,206,,,N,0700
US1TXAS0006,20220301,SNOW,0,,,N,0700
US1TXAS0006,20220302,SNOW,0,,,N,0700
US1TXAS0006,20220303,SNOW,0,,,N,0700
US1TXAS0006,20220304,SNOW,0,,,N,0700
US1TXAS0006,20220305,SNOW,0,,,N,0700
US1TXAS0006,20220306,SNOW,0,,,N,0700
US1TXAS0006,20220307,SNOW,0,,,N,0700
US1TXAS0006,20220308,SNOW,0,,,N,0700
US1TXAS0006,20220309,SNOW,0,,,N,0700
US1TXAS0006,20220310,SNOW,0,,,N,0700
US1TXAS0006,20220311,SNOW,0,,,N,0700
US1TXAS0006,20220312,SNOW,0,,,N,0700
US1TXAS0006,20220313,SNOW,0,,,N,0700
US1TXAS0006,20220314,SNOW,0,,,N,0700
US1TXAS0006,20220315,SNOW,0,,,N,0700
US1TXAS0006,20220316,SNOW,0,,,N,0700
US1TXAS0006,20220317,SNOW,0,,,N,0700
US1TXAS0006,20220318,SNOW,0,,,N,0700
US1TXAS0006,20220319,SNOW,0,,,N,0700
US1TXAS0006,20220320,SNOW,0,,,N,0700
US1TXAS0006,20220321,SNOW,0,,,N,0700
US1TXAS0006,20220322,SNOW,0,,,N,0700
US1TXAS0006,20220323,SNOW,0,,,N,0700
US1TXAS0006,20220324,SNOW,0,,,N,0700
US1TXAS0006,20220325,SNOW,0,,,N,0700
US1TXAS0006,20220326,SNOW,0,,,N,0700
US1TXAS0006,20220327,SNOW,0,,,N,0700
US1TXAS0006,20220328,SNOW,0,,,N,0700
US1TXAS0006,20220329,SNOW,0,,,N,0700
US1TXAS0006,20220330,SNOW,0,,,N,0700
US1TXAS0006,20220331,SNOW,0,,,N,0700
US1TXAS0006,20220401,PRCP,0,,,N,0700
US1TXAS0006,20220402,PRCP,0,,,N,0700
US1TXAS0006,20220403,PRCP,0,,,N,0700
US1TXAS0006,20220404,PRCP,0,,,N,0700
US1TXAS0006,20220405,PRCP,0,T,,N,0700
US1TXAS0006,20220406,PRCP,0,T,,N,0700
US1TXAS0006,20220407,PRCP,0,,,N,0700
US1TXAS0006,20220408,PRCP,0,,,N,0700
US1TXAS0006,20220409,PRCP,0,,,N,0700
US1TXAS0006,20220410,PRCP,0,,,N,0700
US1TXAS0006,20220411,PRCP,8,,,N,0700
US1TXAS0006,20220412,PRCP,51,,,N,0700
US1TXAS0006,20220413,PRCP,0,,,N,0700
US1TXAS0006,20220414,PRCP,0,,,N,0700
US1TXAS0006,20220415,PRCP,0,,,N,0700
US1TXAS0006,20220416,PRCP,3,,,N,0700
US1TXAS0006,20220417,PRCP,0,,,N,0700
US1TXAS0006,20220418,PRCP,0,,,N,0700
US1TXAS0006,20220419,PRCP,0,,,N,0700
US1TXAS0006,20220420,PRCP,0,,,N,0700
US1TXAS0006,20220421,PRCP,0,,,N,0700
US1TXAS0006,20220422,PRCP,0,,,N,0700
US1TXAS0006,20220423,PRCP,0,,,N,0700
US1TXAS0006,20220424,PRCP,0,,,N,0700
US1TXAS0006,20220425,PRCP,0,,,N,0700
US1TXAS0006,20220426,PRCP,561,,,N,0700
US1TXAS0006,20220427,PRCP,0,,,N,0700
US1TXAS0006,20220428,PRCP,0,,,N,0700
US1TXAS0006,20220429,PRCP,0,,,N,0700
US1TXAS0006,20220430,PRCP,0,,,N,0700
US1TXAS0006,20220401,SNOW,0,,,N,0700
US1TXAS0006,20220402,SNOW,0,,,N,0700
US1TXAS0006,20220403,SNOW,0,,,N,0700
US1TXAS0006,20220404,SNOW,0,,,N,0700
US1TXAS0006,20220405,SNOW,0,,,N,0700
US1TXAS0006,20220406,SNOW,0,,,N,0700
US1TXAS0006,20220407,SNOW,0,,,N,0700
US1TXAS0006,20220408,SNOW,0,,,N,0700
US1TXAS0006,20220409,SNOW,0,,,N,0700
US1TXAS0006,20220410,SNOW,0,,,N,0700
US1TXAS0006,20220411,SNOW,0,,,N,0700
US1TXAS0006,20220412,SNOW,0,,,N,0700
US1TXAS0006,20220413,SNOW,0,,,N,0700
US1TXAS0006,20220414,SNOW,0,,,N,0700
US1TXAS0006,20220415,SNOW,0,,,N,0700
US1TXAS0006,20220416,SNOW,0,,,N,0700
US1TXAS0006,20220417,SNOW,0,,,N,0700
US1TXAS0006,20220418,SNOW,0,,,N,0700
US1TXAS0006,20220419,SNOW,0,,,N,0700
US1TXAS0006,20220420,SNOW,0,,,N,0700
US1TXAS0006,20220421,SNOW,0,,,N,0700
US1TXAS0006,20220422,SNOW,0,,,N,0700
US1TXAS0006,20220423,SNOW,0,,,N,0700
US1TXAS0006,20220424,SNOW,0,,,N,0700
US1TXAS0006,20220425,SNOW,0,,,N,0700
US1TXAS0006,20220426,SNOW,0,,,N,0700
US1TXAS0006,20220427,SNOW,0,,,N,0700
US1TXAS0006,20220428,SNOW,0,,,N,0700
US1TXAS0006,20220429,SNOW,0,,,N,0700
US1TXAS0006,20220430,SNOW,0,,,N,0700
US1TXAS0006,20220501,PRCP,0,,,N,0700
US1TXAS0006,20220502,PRCP,0,T,,N,0700
US1TXAS0006,20220503,PRCP,0,,,N,0700
US1TXAS0006,20220504,PRCP,0,,,N,0700
US1TXAS0006,20220505,PRCP,0,,,N,0700
US1TXAS0006,20220506,PRCP,157,,,N,0700
US1TXAS0006,20220507,PRCP,0,,,N,0700
US1TXAS0006,20220508,PRCP,0,,,N,0700
US1TXAS0006,20220509,PRCP,0,,,N,0700
US1TXAS0006,20220510,PRCP,0,,,N,0700
US1TXAS0006,20220511,PRCP,0,,,N,0700
US1TXAS0006,20220512,PRCP,0,,,N,0700
US1TXAS0006,20220513,PRCP,0,,,N,0700
US1TXAS0006,20220514,PRCP,0,,,N,0700
US1TXAS0006,20220515,PRCP,0,,,N,0700
US1TXAS0006,20220516,PRCP,0,,,N,0700
US1TXAS0006,20220517,PRCP,0,,,N,0700
US1TXAS0006,20220518,PRCP,0,,,N,0700
US1TXAS0006,20220519,PRCP,0,,,N,0700
US1TXAS0006,20220520,PRCP,0,,,N,0700
US1TXAS0006,20220521,PRCP,0,,,N,0700
US1TXAS0006,20220522,PRCP,102,,,N,0700
US1TXAS0006,20220523,PRCP,0,,,N,0700
US1TXAS0006,20220524,PRCP,0,,,N,0700
US1TXAS0006,20220525,PRCP,279,,,N,0700
US1TXAS0006,20220526,PRCP,0,,,N,0700
US1TXAS0006,20220527,PRCP,0,,,N,0700
US1TXAS0006,20220528,PRCP,0,,,N,0700
US1TXAS0006,20220529,PRCP,0,,,N,0700
US1TXAS0006,20220530,PRCP,0,,,N,0700
US1TXAS0006,20220531,PRCP,0,,,N,0700
US1TXAS0006,20220501,SNOW,0,,,N,0700
US1TXAS0006,20220502,SNOW,0,,,N,0700
US1TXAS0006,20220503,SNOW,0,,,N,0700
US1TXAS0006,20220504,SNOW,0,,,N,0700
US1TXAS0006,20220505,SNOW,0,,,N,0700
US1TXAS0006,20220506,SNOW,0,,,N,0700
US1TXAS0006,20220507,SNOW,0,,,N,0700
US1TXAS0006,20220508,SNOW,0,,,N,0700
US1TXAS0006,20220509,SNOW,0,,,N,0700
US1TXAS0006,20220510,SNOW,0,,,N,0700
US1TXAS0006,20220511,SNOW,0,,,N,0700
US1TXAS0006,20220512,SNOW,0,,,N,0700
US1TXAS0006,20220513,SNOW,0,,,N,0700
US1TXAS0006,20220514,SNOW,0,,,N,0700
US1TXAS0006,20220515,SNOW,0,,,N,0700
US1TXAS0006,20220516,SNOW,0,,,N,0700
US1TXAS0006,20220517,SNOW,0,,,N,0700
US1TXAS0006,20220518,SNOW,0,,,N,0700
US1TXAS0006,20220519,SNOW,0,,,N,0700
US1TXAS0006,20220520,SNOW,0,,,N,0700
US1TXAS0006,20220521,SNOW,0,,,N,0700
US1TXAS0006,20220522,SNOW,0,,,N,0700
US1TXAS0006,20220523,SNOW,0,,,N,0700
US1TXAS0006,20220524,SNOW,0,,,N,0700
US1TXAS0006,20220525,SNOW,0,,,N,0700
US1TXAS0006,20220526,SNOW,0,,,N,0700
US1TXAS0006,20220527,SNOW,0,,,N,0700
US1TXAS0006,20220528,SNOW,0,,,N,0700
US1TXAS0006,20220529,SNOW,0,,,N,0700
US1TXAS0006,20220530,SNOW,0,,,N,0700
US1TXAS0006,20220531,SNOW,0,,,N,0700
US1TXAS0006,20220601,PRCP,0,,,N,0700
US1TXAS0006,20220602,PRCP,20,,,N,0700
US1TXAS0006,20220603,PRCP,0,,,N,0700
US1TXAS0006,20220604,PRCP,0,,,N,0700
US1TXAS0006,20220605,PRCP,0,T,,N,0700
US1TXAS0006,20220606,PRCP,0,,,N,0700
US1TXAS0006,20220607,PRCP,0,,,N,0700
US1TXAS0006,20220608,PRCP,0,,,N,0700
US1TXAS0006,20220609,PRCP,0,,,N,0700
US1TXAS0006,20220610,PRCP,0,,,N,0700
US1TXAS0006,20220611,PRCP,0,,,N,0700
US1TXAS0006,20220612,PRCP,0,,,N,0700
US1TXAS0006,20220613,PRCP,0,,,N,0700
US1TXAS0006,20220614,PRCP,0,,,N,0700
US1TXAS0006,20220615,PRCP,0,,,N,0700
US1TXAS0006,20220616,PRCP,0,,,N,0700
US1TXAS0006,20220617,PRCP,0,,,N,0700
US1TXAS0006,20220618,PRCP,0,,,N,0700
US1TXAS0006,20220619,PRCP,0,,,N,0700
US1TXAS0006,20220620,PRCP,0,,,N,0700
US1TXAS0006,20220621,PRCP,0,,,N,0700
US1TXAS0006,20220622,PRCP,0,,,N,0700
US1TXAS0006,20220623,PRCP,0,,,N,0700
US1TXAS0006,20220624,PRCP,0,,,N,0700
US1TXAS0006,20220625,PRCP,0,,,N,0700
US1TXAS0006,20220626,PRCP,0,,,N,0700
US1TXAS0006,20220627,PRCP,0,,,N,0700
US1TXAS0006,20220628,PRCP,79,,,N,0700
US1TXAS0006,20220629,PRCP,0,,,N,0700
US1TXAS0006,20220630,PRCP,0,,,N,0700
US1TXAS0006,20220601,SNOW,0,,,N,0700
US1TXAS0006,20220602,SNOW,0,,,N,0700
US1TXAS0006,20220603,SNOW,0,,,N,0700
US1TXAS0006,20220604,SNOW,0,,,N,0700
US1TXAS0006,20220605,SNOW,0,,,N,0700
US1TXAS0006,20220606,SNOW,0,,,N,0700
US1TXAS0006,20220607,SNOW,0,,,N,0700
US1TXAS0006,20220608,SNOW,0,,,N,0700
US1TXAS0006,20220609,SNOW,0,,,N,0700
US1TXAS0006,20220610,SNOW,0,,,N,0700
US1TXAS0006,20220611,SNOW,0,,,N,0700
US1TXAS0006,20220612,SNOW,0,,,N,0700
US1TXAS0006,20220613,SNOW,0,,,N,0700
US1TXAS0006,20220614,SNOW,0,,,N,0700
US1TXAS0006,20220615,SNOW,0,,,N,0700
US1TXAS0006,20220616,SNOW,0,,,N,0700
US1TXAS0006,20220617,SNOW,0,,,N,0700
US1TXAS0006,20220618,SNOW,0,,,N,0700
US1TXAS0006,20220619,SNOW,0,,,N,0700
US1TXAS0006,20220620,SNOW,0,,,N,0700
US1TXAS0006,20220621,SNOW,0,,,N,0700
US1TXAS0006,20220622,SNOW,0,,,N,0700
US1TXAS0006,20220623,SNOW,0,,,N,0700
US1TXAS0006,20220624,SNOW,0,,,N,0700
US1TXAS0006,20220625,SNOW,0,,,N,0700
US1TXAS0006,20220626,SNOW,0,,,N,0700
US1TXAS0006,20220627,SNOW,0,,,N,0700
US1TXAS0006,20220628,SNOW,0,,,N,0700
US1TXAS0006,20220629,SNOW,0,,,N,0700
US1TXAS0006,20220630,SNOW,0,,,N,0700
US1TXAS0006,20220701,PRCP,0,,,N,0700
US1TXAS0006,20220702,PRCP,0,,,N,0700
US1TXAS0006,20220703,PRCP,0,,,N,0700
US1TXAS0006,20220704,PRCP,0,,,N,0700
US1TXAS0006,20220705,PRCP,0,,,N,0700
US1TXAS0006,20220706,PRCP,0,,,N,0700
US1TXAS0006,20220707,PRCP,0,,,N,0700
US1TXAS0006,20220708,PRCP,0,,,N,0700
US1TXAS0006,20220709,PRCP,0,,,N,0700
US1TXAS0006,20220710,PRCP,0,,,N,0700
US1TXAS0006,20220711,PRCP,0,,,N,0700
US1TXAS0006,20220712,PRCP,0,,,N,0700
US1TXAS0006,20220713,PRCP,3,,,N,0700
US1TXAS0006,20220714,PRCP,0,,,N,0700
US1TXAS0006,20220715,PRCP,58,,,N,0700
US1TXAS0006,20220716,PRCP,23,,,N,0700
US1TXAS0006,20220717,PRCP,0,,,N,0700
US1TXAS0006,20220718,PRCP,0,,,N,0700
US1TXAS0006,20220719,PRCP,0,,,N,0700
US1TXAS0006,20220720,PRCP,0,,,N,0700
US1TXAS0006,20220721,PRCP,0,,,N,0700
US1TXAS0006,20220722,PRCP,0,,,N,0700
US1TXAS0006,20220723,PRCP,46,,,N,0700
US1TXAS0006,20220724,PRCP,0,,,N,0700
US1TXAS0006,20220725,PRCP,0,,,N,0700
US1TXAS0006,20220726,PRCP,0,,,N,0700
US1TXAS0006,20220727,PRCP,0,,,N,0700
US1TXAS0006,20220728,PRCP,0,T,,N,0700
US1TXAS0006,20220729,PRCP,46,,,N,0700
US1TXAS0006,20220730,PRCP,10,,,N,0700
US1TXAS0006,20220731,PRCP,0,,,N,0700
US1TXAS0006,20220701,SNOW,0,,,N,0700
US1TXAS0006,20220702,SNOW,0,,,N,0700
US1TXAS0006,20220703,SNOW,0,,,N,0700
US1TXAS0006,20220704,SNOW,0,,,N,0700
US1TXAS0006,20220705,SNOW,0,,,N,0700
US1TXAS0006,20220706,SNOW,0,,,N,0700
US1TXAS0006,20220707,SNOW,0,,,N,0700
US1TXAS0006,20220708,SNOW,0,,,N,0700
US1TXAS0006,20220709,SNOW,0,,,N,0700
US1TXAS0006,20220710,SNOW,0,,,N,0700
US1TXAS0006,20220711,SNOW,0,,,N,0700
US1TXAS0006,20220712,SNOW,0,,,N,0700
US1TXAS0006,20220713,SNOW,0,,,N,0700
US1TXAS0006,20220714,SNOW,0,,,N,0700
US1TXAS0006,20220715,SNOW,0,,,N,0700
US1TXAS0006,20220716,SNOW,0,,,N,0700
US1TXAS0006,20220717,SNOW,0,,,N,0700
US1TXAS0006,20220718,SNOW,0,,,N,0700
US1TXAS0006,20220719,SNOW,0,,,N,0700
US1TXAS0006,20220720,SNOW,0,,,N,0700
US1TXAS0006,20220721,SNOW,0,,,N,0700
US1TXAS0006,20220722,SNOW,0,,,N,0700
US1TXAS0006,20220723,SNOW,0,,,N,0700
US1TXAS0006,20220724,SNOW,0,,,N,0700
US1TXAS0006,20220725,SNOW,0,,,N,0700
US1TXAS0006,20220726,SNOW,0,,,N,0700
US1TXAS0006,20220727,SNOW,0,,,N,0700
US1TXAS0006,20220728,SNOW,0,,,N,0700
US1TXAS0006,20220729,SNOW,0,,,N,0700
US1TXAS0006,20220730,SNOW,0,,,N,0700
US1TXAS0006,20220731,SNOW,0,,,N,0700
US1TXAS0006,20220801,PRCP,0,,,N,0700
US1TXAS0006,20220802,PRCP,0,,,N,0700
US1TXAS0006,20220803,PRCP,0,,,N,0700
US1TXAS0006,20220804,PRCP,0,,,N,0700
US1TXAS0006,20220805,PRCP,0,,,N,0700
US1TXAS0006,20220806,PRCP,0,T,,N,0700
US1TXAS0006,20220807,PRCP,0,,,N,0700
US1TXAS0006,20220808,PRCP,0,T,,N,0700
US1TXAS0006,20220809,PRCP,0,,,N,0700
US1TXAS0006,20220810,PRCP,0,,,N,0700
US1TXAS0006,20220811,PRCP,632,,,N,0700
US1TXAS0006,20220812,PRCP,147,,,N,0700
US1TXAS0006,20220813,PRCP,132,,,N,0700
US1TXAS0006,20220814,PRCP,0,,,N,0700
US1TXAS0006,20220815,PRCP,0,,,N,0700
US1TXAS0006,20220816,PRCP,0,,,N,0700
US1TXAS0006,20220817,PRCP,0,,,N,0700
US1TXAS0006,20220818,PRCP,0,,,N,0700
US1TXAS0006,20220819,PRCP,8,,,N,0700
US1TXAS0006,20220820,PRCP,208,,,N,0700
US1TXAS0006,20220821,PRCP,25,,,N,0700
US1TXAS0006,20220822,PRCP,5,,,N,0700
US1TXAS0006,20220823,PRCP,13,,,N,0700
US1TXAS0006,20220824,PRCP,165,,,N,0700
US1TXAS0006,20220825,PRCP,157,,,N,0700
US1TXAS0006,20220826,PRCP,0,,,N,0700
US1TXAS0006,20220827,PRCP,0,,,N,0700
US1TXAS0006,20220828,PRCP,0,T,,N,0700
US1TXAS0006,20220829,PRCP,0,,,N,0700
US1TXAS0006,20220830,PRCP,5,,,N,0700
US1TXAS0006,20220831,PRCP,119,,,N,0700
US1TXAS0006,20220801,SNOW,0,,,N,0700
US1TXAS0006,20220802,SNOW,0,,,N,0700
US1TXAS0006,20220803,SNOW,0,,,N,0700
US1TXAS0006,20220804,SNOW,0,,,N,0700
US1TXAS0006,20220805,SNOW,0,,,N,0700
US1TXAS0006,20220806,SNOW,0,,,N,0700
US1TXAS0006,20220807,SNOW,0,,,N,0700
US1TXAS0006,20220808,SNOW,0,,,N,0700
US1TXAS0006,20220809,SNOW,0,,,N,0700
US1TXAS0006,20220810,SNOW,0,,,N,0700
US1TXAS0006,20220811,SNOW,0,,,N,0700
US1TXAS0006,20220812,SNOW,0,,,N,0700
US1TXAS0006,20220813,SNOW,0,,,N,0700
US1TXAS0006,20220814,SNOW,0,,,N,0700
US1TXAS0006,20220815,SNOW,0,,,N,0700
US1TXAS0006,20220816,SNOW,0,,,N,0700
US1TXAS0006,20220817,SNOW,0,,,N,0700
US1TXAS0006,20220818,SNOW,0,,,N,0700
US1TXAS0006,20220819,SNOW,0,,,N,0700
US1TXAS0006,20220820,SNOW,0,,,N,0700
US1TXAS0006,20220821,SNOW,0,,,N,0700
US1TXAS0006,20220822,SNOW,0,,,N,0700
US1TXAS0006,20220823,SNOW,0,,,N,0700
US1TXAS0006,20220824,SNOW,0,,,N,0700
US1TXAS0006,20220825,SNOW,0,,,N,0700
US1TXAS0006,20220826,SNOW,0,,,N,0700
US1TXAS0006,20220827,SNOW,0,,,N,0700
US1TXAS0006,20220828,SNOW,0,,,N,0700
US1TXAS0006,20220829,SNOW,0,,,N,0700
US1TXAS0006,20220830,SNOW,0,,,N,0700
US1TXAS0006,20220831,SNOW,0,,,N,0700
US1TXAS0006,20220901,PRCP,15,,,N,0700
US1TXAS0006,20220902,PRCP,0,,,N,0700
US1TXAS0006,20220903,PRCP,0,,,N,0700
US1TXAS0006,20220904,PRCP,688,,,N,0700
US1TXAS0006,20220905,PRCP,0,,,N,0700
US1TXAS0006,20220906,PRCP,0,,,N,0700
US1TXAS0006,20220907,PRCP,0,,,N,0700
US1TXAS0006,20220908,PRCP,0,,,N,0700
US1TXAS0006,20220909,PRCP,0,,,N,0700
US1TXAS0006,20220910,PRCP,0,,,N,0700
US1TXAS0006,20220911,PRCP,0,,,N,0700
US1TXAS0006,20220912,PRCP,0,,,N,0700
US1TXAS0006,20220913,PRCP,0,,,N,0700
US1TXAS0006,20220914,PRCP,0,,,N,0700
US1TXAS0006,20220915,PRCP,0,,,N,0700
US1TXAS0006,20220916,PRCP,0,,,N,0700
US1TXAS0006,20220917,PRCP,0,,,N,0700
US1TXAS0006,20220918,PRCP,0,,,N,0700
US1TXAS0006,20220919,PRCP,0,,,N,0700
US1TXAS0006,20220920,PRCP,0,,,N,0700
US1TXAS0006,20220921,PRCP,0,,,N,0700
US1TXAS0006,20220922,PRCP,0,,,N,0700
US1TXAS0006,20220923,PRCP,0,,,N,0700
US1TXAS0006,20220924,PRCP,0,,,N,0700
US1TXAS0006,20220925,PRCP,0,,,N,0700
US1TXAS0006,20220926,PRCP,0,,,N,0700
US1TXAS0006,20220927,PRCP,0,,,N,0700
US1TXAS0006,20220928,PRCP,0,,,N,0700
US1TXAS0006,20220929,PRCP,0,,,N,0700
US1TXAS0006,20220930,PRCP,0,,,N,0700
US1TXAS0006,20220901,SNOW,0,,,N,0700
US1TXAS0006,20220902,SNOW,0,,,N,0700
US1TXAS0006,20220903,SNOW,0,,,N,0700
US1TXAS0006,20220904,SNOW,0,,,N,0700
US1TXAS0006,20220905,SNOW,0,,,N,0700
US1TXAS0006,20220906,SNOW,0,,,N,0700
US1TXAS0006,20220907,SNOW,0,,,N,0700
US1TXAS0006,20220908,SNOW,0,,,N,0700
US1TXAS0006,20220909,SNOW,0,,,N,0700
US1TXAS0006,20220910,SNOW,0,,,N,0700
US1TXAS0006,20220911,SNOW,0,,,N,0700
US1TXAS0006,20220912,SNOW,0,,,N,0700
US1TXAS0006,20220913,SNOW,0,,,N,0700
US1TXAS0006,20220914,SNOW,0,,,N,0700
US1TXAS0006,20220915,SNOW,0,,,N,0700
US1TXAS0006,20220916,SNOW,0,,,N,0700
US1TXAS0006,20220917,SNOW,0,,,N,0700
US1TXAS0006,20220918,SNOW,0,,,N,0700
US1TXAS0006,20220919,SNOW,0,,,N,0700
US1TXAS0006,20220920,SNOW,0,,,N,0700
US1TXAS0006,20220921,SNOW,0,,,N,0700
US1TXAS0006,20220922,SNOW,0,,,N,0700
US1TXAS0006,20220923,SNOW,0,,,N,0700
US1TXAS0006,20220924,SNOW,0,,,N,0700
US1TXAS0006,20220925,SNOW,0,,,N,0700
US1TXAS0006,20220926,SNOW,0,,,N,0700
US1TXAS0006,20220927,SNOW,0,,,N,0700
US1TXAS0006,20220928,SNOW,0,,,N,0700
US1TXAS0006,20220929,SNOW,0,,,N,0700
US1TXAS0006,20220930,SNOW,0,,,N,0700
US1TXAS0006,20221001,PRCP,0,,,N,0700
US1TXAS0006,20221002,PRCP,0,,,N,0700
US1TXAS0006,20221003,PRCP,0,,,N,0700
US1TXAS0006,20221004,PRCP,0,,,N,0700
US1TXAS0006,20221005,PRCP,0,,,N,0700
US1TXAS0006,20221006,PRCP,0,,,N,0700
US1TXAS0006,20221007,PRCP,0,,,N,0700
US1TXAS0006,20221008,PRCP,0,T,,N,0700
US1TXAS0006,20221009,PRCP,0,,,N,0700
US1TXAS0006,20221010,PRCP,0,,,N,0700
US1TXAS0006,20221011,PRCP,0,,,N,0700
US1TXAS0006,20221012,PRCP,3,,,N,0700
US1TXAS0006,20221013,PRCP,0,,,N,0700
US1TXAS0006,20221014,PRCP,25,,,N,0700
US1TXAS0006,20221015,PRCP,0,,,N,0700
US1TXAS0006,20221016,PRCP,0,,,N,0700
US1TXAS0006,20221017,PRCP,0,,,N,0700
US1TXAS0006,20221018,PRCP,23,,,N,0700
US1TXAS0006,20221019,PRCP,0,,,N,0700
US1TXAS0006,20221020,PRCP,0,,,N,0700
US1TXAS0006,20221021,PRCP,0,,,N,0700
US1TXAS0006,20221022,PRCP,0,,,N,0700
US1TXAS0006,20221023,PRCP,0,,,N,0700
US1TXAS0006,20221024,PRCP,0,,,N,0700
US1TXAS0006,20221025,PRCP,107,,,N,0700
US1TXAS0006,20221026,PRCP,0,,,N,0700
US1TXAS0006,20221027,PRCP,0,,,N,0700
US1TXAS0006,20221028,PRCP,13,,,N,0700
US1TXAS0006,20221029,PRCP,368,,,N,0700
US1TXAS0006,20221030,PRCP,0,,,N,0700
US1TXAS0006,20221031,PRCP,0,,,N,0700
US1TXAS0006,20221001,SNOW,0,,,N,0700
US1TXAS0006,20221002,SNOW,0,,,N,0700
US1TXAS0006,20221003,SNOW,0,,,N,0700
US1TXAS0006,20221004,SNOW,0,,,N,0700
US1TXAS0006,20221005,SNOW,0,,,N,0700
US1TXAS0006,20221006,SNOW,0,,,N,0700
US1TXAS0006,20221007,SNOW,0,,,N,0700
US1TXAS0006,20221008,SNOW,0,,,N,0700
US1TXAS0006,20221009,SNOW,0,,,N,0700
US1TXAS0006,20221010,SNOW,0,,,N,0700
US1TXAS0006,20221011,SNOW,0,,,N,0700
US1TXAS0006,20221012,SNOW,0,,,N,0700
US1TXAS0006,20221013,SNOW,0,,,N,0700
US1TXAS0006,20221014,SNOW,0,,,N,0700
US1TXAS0006,20221015,SNOW,0,,,N,0700
US1TXAS0006,20221016,SNOW,0,,,N,0700
US1TXAS0006,20221017,SNOW,0,,,N,0700
US1TXAS0006,20221018,SNOW,0,,,N,0700
US1TXAS0006,20221019,SNOW,0,,,N,0700
US1TXAS0006,20221020,SNOW,0,,,N,0700
US1TXAS0006,20221021,SNOW,0,,,N,0700
US1TXAS0006,20221022,SNOW,0,,,N,0700
US1TXAS0006,20221023,SNOW,0,,,N,0700
US1TXAS0006,20221024,SNOW,0,,,N,0700
US1TXAS0006,20221025,SNOW,0,,,N,0700
US1TXAS0006,20221026,SNOW,0,,,N,0700
US1TXAS0006,20221027,SNOW,0,,,N,0700
US1TXAS0006,20221028,SNOW,0,,,N,0700
US1TXAS0006,20221029,SNOW,0,,,N,0700
US1TXAS0006,20221030,SNOW,0,,,N,0700
US1TXAS0006,20221031,SNOW,0,,,N,0700
US1TXAS0006,20221101,PRCP,51,,,N,0700
US1TXAS0006,20221102,PRCP,191,,,N,0700
US1TXAS0006,20221103,PRCP,0,,,N,0700
US1TXAS0006,20221104,PRCP,0,T,,N,0700
US1TXAS0006,20221105,PRCP,89,,,N,0700
US1TXAS0006,20221106,PRCP,0,,,N,0700
US1TXAS0006,20221107,PRCP,0,T,,N,0700
US1TXAS0006,20221108,PRCP,0,,,N,0700
US1TXAS0006,20221109,PRCP,0,,,N,0700
US1TXAS0006,20221110,PRCP,0,,,N,0700
US1TXAS0006,20221111,PRCP,0,,,N,0700
US1TXAS0006,20221112,PRCP,91,,,N,0700
US1TXAS0006,20221113,PRCP,0,,,N,0700
US1TXAS0006,20221114,PRCP,0,,,N,0700
US1TXAS0006,20221115,PRCP,43,,,N,0700
US1TXAS0006,20221116,PRCP,0,,,N,0700
US1TXAS0006,20221117,PRCP,0,,,N,0700
US1TXAS0006,20221118,PRCP,0,,,N,0700
US1TXAS0006,20221119,PRCP,8,,,N,0700
US1TXAS0006,20221120,PRCP,137,,,N,0700
US1TXAS0006,20221121,PRCP,36,,,N,0700
US1TXAS0006,20221122,PRCP,157,,,N,0700
US1TXAS0006,20221123,PRCP,8,,,N,0700
US1TXAS0006,20221124,PRCP,0,,,N,0700
US1TXAS0006,20221125,PRCP,351,,,N,0700
US1TXAS0006,20221126,PRCP,478,,,N,0700
US1TXAS0006,20221127,PRCP,5,,,N,0700
US1TXAS0006,20221128,PRCP,0,,,N,0700
US1TXAS0006,20221129,PRCP,0,T,,N,0700
US1TXAS0006,20221130,PRCP,3,,,N,0700
US1TXAS0006,20221101,SNOW,0,,,N,0700
US1TXAS0006,20221102,SNOW,0,,,N,0700
US1TXAS0006,20221103,SNOW,0,,,N,0700
US1TXAS0006,20221104,SNOW,0,,,N,0700
US1TXAS0006,20221105,SNOW,0,,,N,0700
US1TXAS0006,20221106,SNOW,0,,,N,0700
US1TXAS0006,20221107,SNOW,0,,,N,0700
US1TXAS0006,20221108,SNOW,0,,,N,0700
US1TXAS0006,20221109,SNOW,0,,,N,0700
US1TXAS0006,20221110,SNOW,0,,,N,0700
US1TXAS0006,20221111,SNOW,0,,,N,0700
US1TXAS0006,20221112,SNOW,0,,,N,0700
US1TXAS0006,20221113,SNOW,0,,,N,0700
US1TXAS0006,20221114,SNOW,0,,,N,0700
US1TXAS0006,20221115,SNOW,0,,,N,0700
US1TXAS0006,20221116,SNOW,0,,,N,0700
US1TXAS0006,20221117,SNOW,0,,,N,0700
US1TXAS0006,20221118,SNOW,0,,,N,0700
US1TXAS0006,20221119,SNOW,0,,,N,0700
US1TXAS0006,20221120,SNOW,0,,,N,0700
US1TXAS0006,20221121,SNOW,0,,,N,0700
US1TXAS0006,20221122,SNOW,0,,,N,0700
US1TXAS0006,20221123,SNOW,0,,,N,0700
US1TXAS0006,20221124,SNOW,0,,,N,0700
US1TXAS0006,20221125,SNOW,0,,,N,0700
US1TXAS0006,20221126,SNOW,0,,,N,0700
US1TXAS0006,20221127,SNOW,0,,,N,0700
US1TXAS0006,20221128,SNOW,0,,,N,0700
US1TXAS0006,20221129,SNOW,0,,,N,0700
US1TXAS0006,20221130,SNOW,0,,,N,0700
US1TXAS0006,20221201,PRCP,0,,,N,0700
US1TXAS0006,20221202,PRCP,0,T,,N,0700
US1TXAS0006,20221203,PRCP,28,,,N,0700
US1TXAS0006,20221204,PRCP,0,,,N,0700
US1TXAS0006,20221205,PRCP,0,,,N,0700
US1TXAS0006,20221206,PRCP,0,,,N,0700
US1TXAS0006,20221207,PRCP,3,,,N,0700
US1TXAS0006,20221208,PRCP,0,,,N,0700
US1TXAS0006,20221209,PRCP,0,,,N,0700
US1TXAS0006,20221210,PRCP,0,,,N,0700
US1TXAS0006,20221211,PRCP,363,,,N,0700
US1TXAS0006,20221212,PRCP,0,,,N,0700
US1TXAS0006,20221213,PRCP,0,T,,N,0700
US1TXAS0006,20221214,PRCP,33,,,N,0700
US1TXAS0006,20221215,PRCP,3,,,N,0700
US1TXAS0006,20221216,PRCP,0,,,N,0700
US1TXAS0006,20221217,PRCP,3,,,N,0700
US1TXAS0006,20221218,PRCP,0,,,N,0700
US1TXAS0006,20221219,PRCP,15,,,N,0700
US1TXAS0006,20221220,PRCP,135,,,N,0700
US1TXAS0006,20221221,PRCP,0,,,N,0700
US1TXAS0006,20221222,PRCP,0,,,N,0700
US1TXAS0006,20221223,PRCP,0,,,N,0700
US1TXAS0006,20221224,PRCP,0,,,N,0700
US1TXAS0006,20221225,PRCP,0,,,N,0700
US1TXAS0006,20221226,PRCP,0,,,N,0700
US1TXAS0006,20221227,PRCP,0,,,N,0700
US1TXAS0006,20221228,PRCP,0,,,N,0700
US1TXAS0006,20221229,PRCP,0,T,,N,0700
US1TXAS0006,20221230,PRCP,46,,,N,0700
US1TXAS0006,20221231,PRCP,0,,,N,0700
US1TXAS0006,20221201,SNOW,0,,,N,0700
US1TXAS0006,20221202,SNOW,0,,,N,0700
US1TXAS0006,20221203,SNOW,0,,,N,0700
US1TXAS0006,20221204,SNOW,0,,,N,0700
US1TXAS0006,20221205,SNOW,0,,,N,0700
US1TXAS0006,20221206,SNOW,0,,,N,0700
US1TXAS0006,20221207,SNOW,0,,,N,0700
US1TXAS0006,20221208,SNOW,0,,,N,0700
US1TXAS0006,20221209,SNOW,0,,,N,0700
US1TXAS0006,20221210,SNOW,0,,,N,0700
US1TXAS0006,20221212,SNOW,0,,,N,0700
US1TXAS0006,20221213,SNOW,0,,,N,0700
US1TXAS0006,20221214,SNOW,0,,,N,0700
US1TXAS0006,20221215,SNOW,0,,,N,0700
US1TXAS0006,20221216,SNOW,0,,,N,0700
US1TXAS0006,20221217,SNOW,0,,,N,0700
US1TXAS0006,20221218,SNOW,0,,,N,0700
US1TXAS0006,20221219,SNOW,0,,,N,0700
US1TXAS0006,20221220,SNOW,0,,,N,0700
US1TXAS0006,20221221,SNOW,0,,,N,0700
US1TXAS0006,20221222,SNOW,0,,,N,0700
US1TXAS0006,20221223,SNOW,0,,,N,0700
US1TXAS0006,20221224,SNOW,0,,,N,0700
US1TXAS0006,20221225,SNOW,0,,,N,0700
US1TXAS0006,20221226,SNOW,0,,,N,0700
US1TXAS0006,20221227,SNOW,0,,,N,0700
US1TXAS0006,20221228,SNOW,0,,,N,0700
US1TXAS0006,20221229,SNOW,0,,,N,0700
US1TXAS0006,20221230,SNOW,0,,,N,0700
US1TXAS0006,20221231,SNOW,0,,,N,0700
US1TXAS0006,20230101,PRCP,0,,,N,0700
US1TXAS0006,20230102,PRCP,0,,,N,0700
US1TXAS0006,20230103,PRCP,58,,,N,0700
US1TXAS0006,20230104,PRCP,0,,,N,0700
US1TXAS0006,20230105,PRCP,0,,,N,0700
US1TXAS0006,20230106,PRCP,0,,,N,0700
US1TXAS0006,20230107,PRCP,0,,,N,0700
US1TXAS0006,20230108,PRCP,94,,,N,0700
US1TXAS0006,20230109,PRCP,0,,,N,0700
US1TXAS0006,20230110,PRCP,0,,,N,0700
US1TXAS0006,20230111,PRCP,0,,,N,0700
US1TXAS0006,20230112,PRCP,0,,,N,0700
US1TXAS0006,20230113,PRCP,0,,,N,0700
US1TXAS0006,20230114,PRCP,0,,,N,0700
US1TXAS0006,20230115,PRCP,0,,,N,0700
US1TXAS0006,20230116,PRCP,0,,,N,0700
US1TXAS0006,20230117,PRCP,3,,,N,0700
US1TXAS0006,20230118,PRCP,0,,,N,0700
US1TXAS0006,20230119,PRCP,10,,,N,0700
US1TXAS0006,20230120,PRCP,0,,,N,0700
US1TXAS0006,20230121,PRCP,36,,,N,0700
US1TXAS0006,20230122,PRCP,3,,,N,0700
US1TXAS0006,20230123,PRCP,0,,,N,0700
US1TXAS0006,20230124,PRCP,0,T,,N,0700
US1TXAS0006,20230125,PRCP,1374,,,N,0700
US1TXAS0006,20230126,PRCP,0,,,N,0700
US1TXAS0006,20230127,PRCP,0,,,N,0700
US1TXAS0006,20230128,PRCP,3,,,N,0700
US1TXAS0006,20230129,PRCP,191,,,N,0700
US1TXAS0006,20230130,PRCP,582,,,N,0700
US1TXAS0006,20230131,PRCP,13,,,N,0700
US1TXAS0006,20230101,SNOW,0,,,N,0700
US1TXAS0006,20230102,SNOW,0,,,N,0700
US1TXAS0006,20230103,SNOW,0,,,N,0700
US1TXAS0006,20230104,SNOW,0,,,N,0700
US1TXAS0006,20230105,SNOW,0,,,N,0700
US1TXAS0006,20230106,SNOW,0,,,N,0700
US1TXAS0006,20230107,SNOW,0,,,N,0700
US1TXAS0006,20230108,SNOW,0,,,N,0700
US1TXAS0006,20230109,SNOW,0,,,N,0700
US1TXAS0006,20230110,SNOW,0,,,N,0700
US1TXAS0006,20230111,SNOW,0,,,N,0700
US1TXAS0006,20230112,SNOW,0,,,N,0700
US1TXAS0006,20230113,SNOW,0,,,N,0700
US1TXAS0006,20230114,SNOW,0,,,N,0700
US1TXAS0006,20230115,SNOW,0,,,N,0700
US1TXAS0006,20230116,SNOW,0,,,N,0700
US1TXAS0006,20230117,SNOW,0,,,N,0700
US1TXAS0006,20230118,SNOW,0,,,N,0700
US1TXAS0006,20230119,SNOW,0,,,N,0700
US1TXAS0006,20230120,SNOW,0,,,N,0700
US1TXAS0006,20230121,SNOW,0,,,N,0700
US1TXAS0006,20230122,SNOW,0,,,N,0700
US1TXAS0006,20230123,SNOW,0,,,N,0700
US1TXAS0006,20230124,SNOW,0,,,N,0700
US1TXAS0006,20230125,SNOW,0,,,N,0700
US1TXAS0006,20230126,SNOW,0,,,N,0700
US1TXAS0006,20230127,SNOW,0,,,N,0700
US1TXAS0006,20230128,SNOW,0,,,N,0700
US1TXAS0006,20230129,SNOW,0,,,N,0700
US1TXAS0006,20230130,SNOW,0,,,N,0700
US1TXAS0006,20230131,SNOW,0,,,N,0700
US1TXAS0006,20230201,PRCP,41,,,N,0700
US1TXAS0006,20230202,PRCP,69,,,N,0700
US1TXAS0006,20230203,PRCP,33,,,N,0700
US1TXAS0006,20230204,PRCP,0,,,N,0700
US1TXAS0006,20230205,PRCP,0,,,N,0700
US1TXAS0006,20230206,PRCP,0,,,N,0700
US1TXAS0006,20230207,PRCP,0,,,N,0700
US1TXAS0006,20230208,PRCP,3,,,N,0700
US1TXAS0006,20230209,PRCP,25,,,N,0700
US1TXAS0006,20230210,PRCP,0,,,N,0700
US1TXAS0006,20230211,PRCP,0,,,N,0700
US1TXAS0006,20230212,PRCP,0,,,N,0700
US1TXAS0006,20230213,PRCP,0,,,N,0700
US1TXAS0006,20230214,PRCP,5,,,N,0700
US1TXAS0006,20230215,PRCP,20,,,N,0700
US1TXAS0006,20230216,PRCP,41,,,N,0700
US1TXAS0006,20230217,PRCP,0,,,N,0700
US1TXAS0006,20230218,PRCP,0,,,N,0700
US1TXAS0006,20230219,PRCP,0,,,N,0700
US1TXAS0006,20230220,PRCP,0,,,N,0700
US1TXAS0006,20230221,PRCP,0,,,N,0700
US1TXAS0006,20230222,PRCP,0,,,N,0700
US1TXAS0006,20230223,PRCP,5,,,N,0700
US1TXAS0006,20230224,PRCP,0,,,N,0700
US1TXAS0006,20230225,PRCP,0,,,N,0700
US1TXAS0006,20230226,PRCP,0,,,N,0700
US1TXAS0006,20230227,PRCP,0,,,N,0700
US1TXAS0006,20230228,PRCP,0,,,N,0700
US1TXAS0006,20230201,SNOW,0,,,N,0700
US1TXAS0006,20230202,SNOW,0,,,N,0700
US1TXAS0006,20230203,SNOW,0,,,N,0700
US1TXAS0006,20230204,SNOW,0,,,N,0700
US1TXAS0006,20230205,SNOW,0,,,N,0700
US1TXAS0006,20230206,SNOW,0,,,N,0700
US1TXAS0006,20230207,SNOW,0,,,N,0700
US1TXAS0006,20230208,SNOW,0,,,N,0700
US1TXAS0006,20230209,SNOW,0,,,N,0700
US1TXAS0006,20230210,SNOW,0,,,N,0700
US1TXAS0006,20230211,SNOW,0,,,N,0700
US1TXAS0006,20230212,SNOW,0,,,N,0700
US1TXAS0006,20230213,SNOW,0,,,N,0700
US1TXAS0006,20230214,SNOW,0,,,N,0700
US1TXAS0006,20230215,SNOW,0,,,N,0700
US1TXAS0006,20230217,SNOW,0,,,N,0700
US1TXAS0006,20230218,SNOW,0,,,N,0700
US1TXAS0006,20230219,SNOW,0,,,N,0700
US1TXAS0006,20230220,SNOW,0,,,N,0700
US1TXAS0006,20230221,SNOW,0,,,N,0700
US1TXAS0006,20230222,SNOW,0,,,N,0700
US1TXAS0006,20230223,SNOW,0,,,N,0700
US1TXAS0006,20230224,SNOW,0,,,N,0700
US1TXAS0006,20230225,SNOW,0,,,N,0700
US1TXAS0006,20230226,SNOW,0,,,N,0700
US1TXAS0006,20230227,SNOW,0,,,N,0700
US1TXAS0006,20230228,SNOW,0,,,N,0700
US1TXAS0006,20230301,PRCP,0,,,N,0700
US1TXAS0006,20230302,PRCP,3,,,N,0700
US1TXAS0006,20230303,PRCP,46,,,N,0700
US1TXAS0006,20230304,PRCP,0,,,N,0700
US1TXAS0006,20230305,PRCP,0,,,N,0700
US1TXAS0006,20230306,PRCP,0,,,N,0700
US1TXAS0006,20230307,PRCP,0,,,N,0700
US1TXAS0006,20230308,PRCP,0,,,N,0700
US1TXAS0006,20230309,PRCP,0,,,N,0700
US1TXAS0006,20230310,PRCP,0,,,N,0700
US1TXAS0006,20230311,PRCP,0,,,N,0700
US1TXAS0006,20230312,PRCP,0,,,N,0700
US1TXAS0006,20230313,PRCP,0,,,N,0700
US1TXAS0006,20230314,PRCP,0,,,N,0700
US1TXAS0006,20230315,PRCP,0,,,N,0700
US1TXAS0006,20230316,PRCP,0,,,N,0700
US1TXAS0006,20230317,PRCP,201,,,N,0700
US1TXAS0006,20230318,PRCP,30,,,N,0700
US1TXAS0006,20230319,PRCP,15,,,N,0700
US1TXAS0006,20230320,PRCP,0,,,N,0700
US1TXAS0006,20230321,PRCP,5,,,N,0700
US1TXAS0006,20230322,PRCP,10,,,N,0700
US1TXAS0006,20230323,PRCP,0,,,N,0700
US1TXAS0006,20230324,PRCP,0,,,N,0700
US1TXAS0006,20230325,PRCP,3,,,N,0700
US1TXAS0006,20230326,PRCP,0,,,N,0700
US1TXAS0006,20230327,PRCP,23,,,N,0700
US1TXAS0006,20230328,PRCP,41,,,N,0700
US1TXAS0006,20230329,PRCP,3,,,N,0700
US1TXAS0006,20230330,PRCP,0,,,N,0700
US1TXAS0006,20230331,PRCP,0,,,N,0700
US1TXAS0006,20230301,SNOW,0,,,N,0700
US1TXAS0006,20230302,SNOW,0,,,N,0700
US1TXAS0006,20230303,SNOW,0,,,N,0700
US1TXAS0006,20230304,SNOW,0,,,N,0700
US1TXAS0006,20230305,SNOW,0,,,N,0700
US1TXAS0006,20230306,SNOW,0,,,N,0700
US1TXAS0006,20230307,SNOW,0,,,N,0700
US1TXAS0006,20230308,SNOW,0,,,N,0700
US1TXAS0006,20230309,SNOW,0,,,N,0700
US1TXAS0006,20230310,SNOW,0,,,N,0700
US1TXAS0006,20230311,SNOW,0,,,N,0700
US1TXAS0006,20230312,SNOW,0,,,N,0700
US1TXAS0006,20230313,SNOW,0,,,N,0700
US1TXAS0006,20230314,SNOW,0,,,N,0700
US1TXAS0006,20230315,SNOW,0,,,N,0700
US1TXAS0006,20230316,SNOW,0,,,N,0700
US1TXAS0006,20230317,SNOW,0,,,N,0700
US1TXAS0006,20230318,SNOW,0,,,N,0700
US1TXAS0006,20230319,SNOW,0,,,N,0700
US1TXAS0006,20230320,SNOW,0,,,N,0700
US1TXAS0006,20230321,SNOW,0,,,N,0700
US1TXAS0006,20230322,SNOW,0,,,N,0700
US1TXAS0006,20230323,SNOW,0,,,N,0700
US1TXAS0006,20230324,SNOW,0,,,N,0700
US1TXAS0006,20230325,SNOW,0,,,N,0700
US1TXAS0006,20230326,SNOW,0,,,N,0700
US1TXAS0006,20230327,SNOW,0,,,N,0700
US1TXAS0006,20230328,SNOW,0,,,N,0700
US1TXAS0006,20230329,SNOW,0,,,N,0700
US1TXAS0006,20230330,SNOW,0,,,N,0700
US1TXAS0006,20230331,SNOW,0,,,N,0700
US1TXAS0006,20230401,PRCP,0,,,N,0700
US1TXAS0006,20230402,PRCP,0,,,N,0700
US1TXAS0006,20230403,PRCP,0,,,N,0700
US1TXAS0006,20230404,PRCP,0,,,N,0700
US1TXAS0006,20230405,PRCP,0,,,N,0700
US1TXAS0006,20230406,PRCP,178,,,N,0700
US1TXAS0006,20230407,PRCP,335,,,N,0700
US1TXAS0006,20230408,PRCP,124,,,N,0700
US1TXAS0006,20230409,PRCP,0,,,N,0700
US1TXAS0006,20230410,PRCP,0,,,N,0700
US1TXAS0006,20230411,PRCP,0,,,N,0700
US1TXAS0006,20230412,PRCP,0,,,N,0700
US1TXAS0006,20230413,PRCP,0,,,N,0700
US1TXAS0006,20230414,PRCP,0,,,N,0700
US1TXAS0006,20230415,PRCP,46,,,N,0700
US1TXAS0006,20230416,PRCP,0,,,N,0700
US1TXAS0006,20230417,PRCP,0,,,N,0700
US1TXAS0006,20230418,PRCP,142,,,N,0700
US1TXAS0006,20230419,PRCP,8,,,N,0700
US1TXAS0006,20230420,PRCP,0,,,N,0700
US1TXAS0006,20230421,PRCP,615,,,N,0700
US1TXAS0006,20230422,PRCP,0,,,N,0700
US1TXAS0006,20230423,PRCP,0,,,N,0700
US1TXAS0006,20230424,PRCP,56,,,N,0700
US1TXAS0006,20230425,PRCP,5,,,N,0700
US1TXAS0006,20230426,PRCP,0,T,,N,0700
US1TXAS0006,20230427,PRCP,236,,,N,0700
US1TXAS0006,20230428,PRCP,3,,,N,0700
US1TXAS0006,20230429,PRCP,191,,,N,0700
US1TXAS0006,20230430,PRCP,0,,,N,0700
US1TXAS0006,20230401,SNOW,0,,,N,0700
US1TXAS0006,20230402,SNOW,0,,,N,0700
US1TXAS0006,20230403,SNOW,0,,,N,0700
US1TXAS0006,20230404,SNOW,0,,,N,0700
US1TXAS0006,20230405,SNOW,0,,,N,0700
US1TXAS0006,20230406,SNOW,0,,,N,0700
US1TXAS0006,20230407,SNOW,0,,,N,0700
US1TXAS0006,20230408,SNOW,0,,,N,0700
US1TXAS0006,20230409,SNOW,0,,,N,0700
US1TXAS0006,20230410,SNOW,0,,,N,0700
US1TXAS0006,20230411,SNOW,0,,,N,0700
US1TXAS0006,20230412,SNOW,0,,,N,0700
US1TXAS0006,20230413,SNOW,0,,,N,0700
US1TXAS0006,20230414,SNOW,0,,,N,0700
US1TXAS0006,20230415,SNOW,0,,,N,0700
US1TXAS0006,20230416,SNOW,0,,,N,0700
US1TXAS0006,20230417,SNOW,0,,,N,0700
US1TXAS0006,20230418,SNOW,0,,,N,0700
US1TXAS0006,20230419,SNOW,0,,,N,0700
US1TXAS0006,20230420,SNOW,0,,,N,0700
US1TXAS0006,20230421,SNOW,0,,,N,0700
US1TXAS0006,20230422,SNOW,0,,,N,0700
US1TXAS0006,20230423,SNOW,0,,,N,0700
US1TXAS0006,20230424,SNOW,0,,,N,0700
US1TXAS0006,20230425,SNOW,0,,,N,0700
US1TXAS0006,20230426,SNOW,0,,,N,0700
US1TXAS0006,20230427,SNOW,0,,,N,0700
US1TXAS0006,20230428,SNOW,0,,,N,0700
US1TXAS0006,20230429,SNOW,0,,,N,0700
US1TXAS0006,20230430,SNOW,0,,,N,0700
US1TXAS0006,20230501,PRCP,0,,,N,0700
US1TXAS0006,20230502,PRCP,0,,,N,0700
US1TXAS0006,20230503,PRCP,0,,,N,0700
US1TXAS0006,20230504,PRCP,0,,,N,0700
US1TXAS0006,20230505,PRCP,0,,,N,0700
US1TXAS0006,20230506,PRCP,23,,,N,0700
US1TXAS0006,20230507,PRCP,0,,,N,0700
US1TXAS0006,20230508,PRCP,71,,,N,0700
US1TXAS0006,20230509,PRCP,3,,,N,0700
US1TXAS0006,20230510,PRCP,419,,,N,0700
US1TXAS0006,20230511,PRCP,51,,,N,0700
US1TXAS0006,20230512,PRCP,0,,,N,0700
US1TXAS0006,20230513,PRCP,0,,,N,0700
US1TXAS0006,20230514,PRCP,861,,,N,0700
US1TXAS0006,20230515,PRCP,23,,,N,0700
US1TXAS0006,20230516,PRCP,0,,,N,0700
US1TXAS0006,20230517,PRCP,114,,,N,0700
US1TXAS0006,20230518,PRCP,0,,,N,0700
US1TXAS0006,20230519,PRCP,0,,,N,0700
US1TXAS0006,20230520,PRCP,0,,,N,0700
US1TXAS0006,20230521,PRCP,0,,,N,0700
US1TXAS0006,20230522,PRCP,0,T,,N,0700
US1TXAS0006,20230523,PRCP,0,,,N,0700
US1TXAS0006,20230524,PRCP,119,,,N,0700
US1TXAS0006,20230525,PRCP,3,,,N,0700
US1TXAS0006,20230526,PRCP,0,,,N,0700
US1TXAS0006,20230527,PRCP,0,,,N,0700
US1TXAS0006,20230528,PRCP,0,,,N,0700
US1TXAS0006,20230529,PRCP,0,T,,N,0700
US1TXAS0006,20230530,PRCP,3,,,N,0700
US1TXAS0006,20230531,PRCP,0,T,,N,0700
US1TXAS0006,20230501,SNOW,0,,,N,0700
US1TXAS0006,20230502,SNOW,0,,,N,0700
US1TXAS0006,20230503,SNOW,0,,,N,0700
US1TXAS0006,20230504,SNOW,0,,,N,0700
US1TXAS0006,20230505,SNOW,0,,,N,0700
US1TXAS0006,20230506,SNOW,0,,,N,0700
US1TXAS0006,20230507,SNOW,0,,,N,0700
US1TXAS0006,20230508,SNOW,0,,,N,0700
US1TXAS0006,20230509,SNOW,0,,,N,0700
US1TXAS0006,20230510,SNOW,0,,,N,0700
US1TXAS0006,20230511,SNOW,0,,,N,0700
US1TXAS0006,20230512,SNOW,0,,,N,0700
US1TXAS0006,20230513,SNOW,0,,,N,0700
US1TXAS0006,20230514,SNOW,0,,,N,0700
US1TXAS0006,20230515,SNOW,0,,,N,0700
US1TXAS0006,20230516,SNOW,0,,,N,0700
US1TXAS0006,20230517,SNOW,0,,,N,0700
US1TXAS0006,20230518,SNOW,0,,,N,0700
US1TXAS0006,20230519,SNOW,0,,,N,0700
US1TXAS0006,20230520,SNOW,0,,,N,0700
US1TXAS0006,20230521,SNOW,0,,,N,0700
US1TXAS0006,20230522,SNOW,0,,,N,0700
US1TXAS0006,20230523,SNOW,0,,,N,0700
US1TXAS0006,20230524,SNOW,0,,,N,0700
US1TXAS0006,20230525,SNOW,0,,,N,0700
US1TXAS0006,20230526,SNOW,0,,,N,0700
US1TXAS0006,20230527,SNOW,0,,,N,0700
US1TXAS0006,20230528,SNOW,0,,,N,0700
US1TXAS0006,20230529,SNOW,0,,,N,0700
US1TXAS0006,20230530,SNOW,0,,,N,0700
US1TXAS0006,20230531,SNOW,0,,,N,0700
US1TXAS0006,20230601,PRCP,0,,,N,0700
US1TXAS0006,20230602,PRCP,0,,,N,0700
US1TXAS0006,20230603,PRCP,0,,,N,0700
US1TXAS0006,20230604,PRCP,203,,,N,0700
US1TXAS0006,20230605,PRCP,5,,,N,0700
US1TXAS0006,20230606,PRCP,51,,,N,0700
US1TXAS0006,20230607,PRCP,0,,,N,0700
US1TXAS0006,20230608,PRCP,0,,,N,0700
US1TXAS0006,20230609,PRCP,0,,,N,0700
US1TXAS0006,20230610,PRCP,0,,,N,0700
US1TXAS0006,20230611,PRCP,0,,,N,0700
US1TXAS0006,20230612,PRCP,0,,,N,0700
US1TXAS0006,20230613,PRCP,0,,,N,0700
US1TXAS0006,20230614,PRCP,0,,,N,0700
US1TXAS0006,20230615,PRCP,0,,,N,0700
US1TXAS0006,20230616,PRCP,0,,,N,0700
US1TXAS0006,20230617,PRCP,0,,,N,0700
US1TXAS0006,20230618,PRCP,0,,,N,0700
US1TXAS0006,20230619,PRCP,0,,,N,0700
US1TXAS0006,20230620,PRCP,0,,,N,0700
US1TXAS0006,20230621,PRCP,0,,,N,0700
US1TXAS0006,20230622,PRCP,117,,,N,0700
US1TXAS0006,20230623,PRCP,0,,,N,0700
US1TXAS0006,20230624,PRCP,0,,,N,0700
US1TXAS0006,20230625,PRCP,0,,,N,0700
US1TXAS0006,20230626,PRCP,0,,,N,0700
US1TXAS0006,20230627,PRCP,0,,,N,0700
US1TXAS0006,20230628,PRCP,0,,,N,0700
US1TXAS0006,20230629,PRCP,0,,,N,0700
US1TXAS0006,20230630,PRCP,0,,,N,0700
US1TXAS0006,20230601,SNOW,0,,,N,0700
US1TXAS0006,20230602,SNOW,0,,,N,0700
US1TXAS0006,20230603,SNOW,0,,,N,0700
US1TXAS0006,20230604,SNOW,0,,,N,0700
US1TXAS0006,20230605,SNOW,0,,,N,0700
US1TXAS0006,20230606,SNOW,0,,,N,0700
US1TXAS0006,20230607,SNOW,0,,,N,0700
US1TXAS0006,20230608,SNOW,0,,,N,0700
US1TXAS0006,20230609,SNOW,0,,,N,0700
US1TXAS0006,20230610,SNOW,0,,,N,0700
US1TXAS0006,20230611,SNOW,0,,,N,0700
US1TXAS0006,20230612,SNOW,0,,,N,0700
US1TXAS0006,20230613,SNOW,0,,,N,0700
US1TXAS0006,20230614,SNOW,0,,,N,0700
US1TXAS0006,20230615,SNOW,0,,,N,0700
US1TXAS0006,20230616,SNOW,0,,,N,0700
US1TXAS0006,20230617,SNOW,0,,,N,0700
US1TXAS0006,20230618,SNOW,0,,,N,0700
US1TXAS0006,20230619,SNOW,0,,,N,0700
US1TXAS0006,20230620,SNOW,0,,,N,0700
US1TXAS0006,20230621,SNOW,0,,,N,0700
US1TXAS0006,20230622,SNOW,0,,,N,0700
US1TXAS0006,20230623,SNOW,0,,,N,0700
US1TXAS0006,20230624,SNOW,0,,,N,0700
US1TXAS0006,20230625,SNOW,0,,,N,0700
US1TXAS0006,20230626,SNOW,0,,,N,0700
US1TXAS0006,20230627,SNOW,0,,,N,0700
US1TXAS0006,20230628,SNOW,0,,,N,0700
US1TXAS0006,20230629,SNOW,0,,,N,0700
US1TXAS0006,20230630,SNOW,0,,,N,0700
US1TXAS0006,20230701,PRCP,0,,,N,0700
US1TXAS0006,20230702,PRCP,0,,,N,0700
US1TXAS0006,20230703,PRCP,0,,,N,0700
US1TXAS0006,20230704,PRCP,0,T,,N,0700
US1TXAS0006,20230705,PRCP,127,,,N,0700
US1TXAS0006,20230706,PRCP,18,,,N,0700
US1TXAS0006,20230707,PRCP,46,,,N,0700
US1TXAS0006,20230708,PRCP,20,,,N,0700
US1TXAS0006,20230709,PRCP,0,,,N,0700
US1TXAS0006,20230710,PRCP,0,,,N,0700
US1TXAS0006,20230711,PRCP,0,,,N,0700
US1TXAS0006,20230712,PRCP,0,,,N,0700
US1TXAS0006,20230713,PRCP,0,,,N,0700
US1TXAS0006,20230714,PRCP,0,,,N,0700
US1TXAS0006,20230715,PRCP,0,,,N,0700
US1TXAS0006,20230716,PRCP,0,,,N,0700
US1TXAS0006,20230717,PRCP,0,,,N,0700
US1TXAS0006,20230718,PRCP,0,,,N,0700
US1TXAS0006,20230719,PRCP,0,,,N,0700
US1TXAS0006,20230720,PRCP,0,,,N,0700
US1TXAS0006,20230721,PRCP,0,,,N,0700
US1TXAS0006,20230722,PRCP,0,,,N,0700
US1TXAS0006,20230723,PRCP,0,,,N,0700
US1TXAS0006,20230724,PRCP,0,,,N,0700
US1TXAS0006,20230725,PRCP,0,,,N,0700
US1TXAS0006,20230726,PRCP,0,,,N,0700
US1TXAS0006,20230727,PRCP,0,,,N,0700
US1TXAS0006,20230728,PRCP,5,,,N,0700
US1TXAS0006,20230729,PRCP,0,,,N,0700
US1TXAS0006,20230730,PRCP,0,,,N,0700
US1TXAS0006,20230731,PRCP,0,,,N,0700
US1TXAS0006,20230701,SNOW,0,,,N,0700
US1TXAS0006,20230702,SNOW,0,,,N,0700
US1TXAS0006,20230703,SNOW,0,,,N,0700
US1TXAS0006,20230704,SNOW,0,,,N,0700
US1TXAS0006,20230705,SNOW,0,,,N,0700
US1TXAS0006,20230706,SNOW,0,,,N,0700
US1TXAS0006,20230707,SNOW,0,,,N,0700
US1TXAS0006,20230708,SNOW,0,,,N,0700
US1TXAS0006,20230709,SNOW,0,,,N,0700
US1TXAS0006,20230710,SNOW,0,,,N,0700
US1TXAS0006,20230711,SNOW,0,,,N,0700
US1TXAS0006,20230712,SNOW,0,,,N,0700
US1TXAS0006,20230713,SNOW,0,,,N,0700
US1TXAS0006,20230714,SNOW,0,,,N,0700
US1TXAS0006,20230715,SNOW,0,,,N,0700
US1TXAS0006,20230716,SNOW,0,,,N,0700
US1TXAS0006,20230717,SNOW,0,,,N,0700
US1TXAS0006,20230718,SNOW,0,,,N,0700
US1TXAS0006,20230719,SNOW,0,,,N,0700
US1TXAS0006,20230720,SNOW,0,,,N,0700
US1TXAS0006,20230721,SNOW,0,,,N,0700
US1TXAS0006,20230722,SNOW,0,,,N,0700
US1TXAS0006,20230723,SNOW,0,,,N,0700
US1TXAS0006,20230724,SNOW,0,,,N,0700
US1TXAS0006,20230725,SNOW,0,,,N,0700
US1TXAS0006,20230726,SNOW,0,,,N,0700
US1TXAS0006,20230727,SNOW,0,,,N,0700
US1TXAS0006,20230728,SNOW,0,,,N,0700
US1TXAS0006,20230729,SNOW,0,,,N,0700
US1TXAS0006,20230730,SNOW,0,,,N,0700
US1TXAS0006,20230731,SNOW,0,,,N,0700
US1TXAS0006,20230801,PRCP,0,,,N,0700
US1TXAS0006,20230802,PRCP,0,,,N,0700
US1TXAS0006,20230803,PRCP,0,,,N,0700
US1TXAS0006,20230804,PRCP,0,,,N,0700
US1TXAS0006,20230805,PRCP,0,,,N,0700
US1TXAS0006,20230806,PRCP,0,,,N,0700
US1TXAS0006,20230807,PRCP,0,,,N,0700
US1TXAS0006,20230808,PRCP,0,,,N,0700
US1TXAS0006,20230809,PRCP,0,,,N,0700
US1TXAS0006,20230810,PRCP,0,,,N,0700
US1TXAS0006,20230811,PRCP,0,,,N,0700
US1TXAS0006,20230812,PRCP,0,,,N,0700
US1TXAS0006,20230813,PRCP,0,,,N,0700
US1TXAS0006,20230814,PRCP,0,,,N,0700
US1TXAS0006,20230815,PRCP,0,,,N,0700
US1TXAS0006,20230816,PRCP,0,,,N,0700
US1TXAS0006,20230817,PRCP,0,,,N,0700
US1TXAS0006,20230818,PRCP,0,,,N,0700
US1TXAS0006,20230819,PRCP,0,,,N,0700
US1TXAS0006,20230820,PRCP,0,,,N,0700
US1TXAS0006,20230821,PRCP,0,,,N,0700
US1TXAS0006,20230822,PRCP,0,,,N,0700
US1TXAS0006,20230823,PRCP,36,,,N,0700
US1TXAS0006,20230824,PRCP,0,,,N,0700
US1TXAS0006,20230825,PRCP,0,T,,N,0700
US1TXAS0006,20230826,PRCP,0,,,N,0700
US1TXAS0006,20230827,PRCP,0,,,N,0700
US1TXAS0006,20230828,PRCP,0,,,N,0700
US1TXAS0006,20230829,PRCP,0,,,N,0700
US1TXAS0006,20230830,PRCP,0,,,N,0700
US1TXAS0006,20230831,PRCP,0,,,N,0700
US1TXAS0006,20230801,SNOW,0,,,N,0700
US1TXAS0006,20230802,SNOW,0,,,N,0700
US1TXAS0006,20230803,SNOW,0,,,N,0700
US1TXAS0006,20230804,SNOW,0,,,N,0700
US1TXAS0006,20230805,SNOW,0,,,N,0700
US1TXAS0006,20230806,SNOW,0,,,N,0700
US1TXAS0006,20230807,SNOW,0,,,N,0700
US1TXAS0006,20230808,SNOW,0,,,N,0700
US1TXAS0006,20230809,SNOW,0,,,N,0700
US1TXAS0006,20230810,SNOW,0,,,N,0700
US1TXAS0006,20230811,SNOW,0,,,N,0700
US1TXAS0006,20230812,SNOW,0,,,N,0700
US1TXAS0006,20230813,SNOW,0,,,N,0700
US1TXAS0006,20230814,SNOW,0,,,N,0700
US1TXAS0006,20230815,SNOW,0,,,N,0700
US1TXAS0006,20230816,SNOW,0,,,N,0700
US1TXAS0006,20230817,SNOW,0,,,N,0700
US1TXAS0006,20230818,SNOW,0,,,N,0700
US1TXAS0006,20230819,SNOW,0,,,N,0700
US1TXAS0006,20230820,SNOW,0,,,N,0700
US1TXAS0006,20230821,SNOW,0,,,N,0700
US1TXAS0006,20230822,SNOW,0,,,N,0700
US1TXAS0006,20230823,SNOW,0,,,N,0700
US1TXAS0006,20230824,SNOW,0,,,N,0700
US1TXAS0006,20230825,SNOW,0,,,N,0700
US1TXAS0006,20230826,SNOW,0,,,N,0700
US1TXAS0006,20230827,SNOW,0,,,N,0700
US1TXAS0006,20230828,SNOW,0,,,N,0700
US1TXAS0006,20230829,SNOW,0,,,N,0700
US1TXAS0006,20230830,SNOW,0,,,N,0700
US1TXAS0006,20230831,SNOW,0,,,N,0700
US1TXAS0006,20230901,PRCP,0,,,N,0700
US1TXAS0006,20230902,PRCP,0,,,N,0700
US1TXAS0006,20230903,PRCP,0,,,N,0700
US1TXAS0006,20230904,PRCP,0,,,N,0700
US1TXAS0006,20230905,PRCP,0,,,N,0700
US1TXAS0006,20230906,PRCP,0,,,N,0700
US1TXAS0006,20230907,PRCP,0,,,N,0700
US1TXAS0006,20230908,PRCP,0,,,N,0700
US1TXAS0006,20230909,PRCP,0,,,N,0700
US1TXAS0006,20230910,PRCP,0,,,N,0700
US1TXAS0006,20230911,PRCP,0,,,N,0700
US1TXAS0006,20230912,PRCP,0,,,N,0700
US1TXAS0006,20230913,PRCP,0,,,N,0700
US1TXAS0006,20230914,PRCP,0,,,N,0700
US1TXAS0006,20230915,PRCP,91,,,N,0700
US1TXAS0006,20230916,PRCP,99,,,N,0700
US1TXAS0006,20230917,PRCP,13,,,N,0700
US1TXAS0006,20230918,PRCP,0,,,N,0700
US1TXAS0006,20230919,PRCP,0,,,N,0700
US1TXAS0006,20230920,PRCP,0,,,N,0700
US1TXAS0006,20230921,PRCP,0,,,N,0700
US1TXAS0006,20230922,PRCP,0,,,N,0700
US1TXAS0006,20230923,PRCP,0,,,N,0700
US1TXAS0006,20230924,PRCP,0,,,N,0700
US1TXAS0006,20230925,PRCP,0,,,N,0700
US1TXAS0006,20230926,PRCP,130,,,N,0700
US1TXAS0006,20230927,PRCP,0,,,N,0700
US1TXAS0006,20230928,PRCP,0,,,N,0700
US1TXAS0006,20230929,PRCP,0,,,N,0700
US1TXAS0006,20230930,PRCP,0,,,N,0700
US1TXAS0006,20230901,SNOW,0,,,N,0700
US1TXAS0006,20230902,SNOW,0,,,N,0700
US1TXAS0006,20230903,SNOW,0,,,N,0700
US1TXAS0006,20230904,SNOW,0,,,N,0700
US1TXAS0006,20230905,SNOW,0,,,N,0700
US1TXAS0006,20230906,SNOW,0,,,N,0700
US1TXAS0006,20230907,SNOW,0,,,N,0700
US1TXAS0006,20230908,SNOW,0,,,N,0700
US1TXAS0006,20230909,SNOW,0,,,N,0700
US1TXAS0006,20230910,SNOW,0,,,N,0700
US1TXAS0006,20230911,SNOW,0,,,N,0700
US1TXAS0006,20230912,SNOW,0,,,N,0700
US1TXAS0006,20230913,SNOW,0,,,N,0700
US1TXAS0006,20230914,SNOW,0,,,N,0700
US1TXAS0006,20230915,SNOW,0,,,N,0700
US1TXAS0006,20230916,SNOW,0,,,N,0700
US1TXAS0006,20230917,SNOW,0,,,N,0700
US1TXAS0006,20230918,SNOW,0,,,N,0700
US1TXAS0006,20230919,SNOW,0,,,N,0700
US1TXAS0006,20230920,SNOW,0,,,N,0700
US1TXAS0006,20230921,SNOW,0,,,N,0700
US1TXAS0006,20230922,SNOW,0,,,N,0700
US1TXAS0006,20230923,SNOW,0,,,N,0700
US1TXAS0006,20230924,SNOW,0,,,N,0700
US1TXAS0006,20230925,SNOW,0,,,N,0700
US1TXAS0006,20230926,SNOW,0,,,N,0700
US1TXAS0006,20230927,SNOW,0,,,N,0700
US1TXAS0006,20230928,SNOW,0,,,N,0700
US1TXAS0006,20230929,SNOW,0,,,N,0700
US1TXAS0006,20230930,SNOW,0,,,N,0700
US1TXAS0006,20231001,PRCP,0,,,N,0700
US1TXAS0006,20231002,PRCP,0,,,N,0700
US1TXAS0006,20231003,PRCP,0,,,N,0700
US1TXAS0006,20231004,PRCP,0,,,N,0700
US1TXAS0006,20231005,PRCP,279,,,N,0700
US1TXAS0006,20231006,PRCP,541,,,N,0700
US1TXAS0006,20231007,PRCP,0,,,N,0700
US1TXAS0006,20231008,PRCP,0,,,N,0700
US1TXAS0006,20231009,PRCP,0,,,N,0700
US1TXAS0006,20231010,PRCP,0,,,N,0700
US1TXAS0006,20231011,PRCP,51,,,N,0700
US1TXAS0006,20231012,PRCP,48,,,N,0700
US1TXAS0006,20231013,PRCP,0,,,N,0700
US1TXAS0006,20231014,PRCP,0,,,N,0700
US1TXAS0006,20231015,PRCP,0,,,N,0700
US1TXAS0006,20231016,PRCP,0,,,N,0700
US1TXAS0006,20231017,PRCP,0,,,N,0700
US1TXAS0006,20231018,PRCP,0,,,N,0700
US1TXAS0006,20231019,PRCP,0,,,N,0700
US1TXAS0006,20231020,PRCP,0,,,N,0700
US1TXAS0006,20231021,PRCP,0,,,N,0700
US1TXAS0006,20231022,PRCP,0,,,N,0700
US1TXAS0006,20231023,PRCP,0,T,,N,0700
US1TXAS0006,20231024,PRCP,0,,,N,0700
US1TXAS0006,20231025,PRCP,0,,,N,0700
US1TXAS0006,20231026,PRCP,10,,,N,0700
US1TXAS0006,20231027,PRCP,0,T,,N,0700
US1TXAS0006,20231028,PRCP,97,,,N,0700
US1TXAS0006,20231029,PRCP,0,,,N,0700
US1TXAS0006,20231030,PRCP,140,,,N,0700
US1TXAS0006,20231031,PRCP,25,,,N,0700
US1TXAS0006,20231001,SNOW,0,,,N,0700
US1TXAS0006,20231002,SNOW,0,,,N,0700
US1TXAS0006,20231003,SNOW,0,,,N,0700
US1TXAS0006,20231004,SNOW,0,,,N,0700
US1TXAS0006,20231005,SNOW,0,,,N,0700
US1TXAS0006,20231006,SNOW,0,,,N,0700
US1TXAS0006,20231007,SNOW,0,,,N,0700
US1TXAS0006,20231008,SNOW,0,,,N,0700
US1TXAS0006,20231009,SNOW,0,,,N,0700
US1TXAS0006,20231010,SNOW,0,,,N,0700
US1TXAS0006,20231011,SNOW,0,,,N,0700
US1TXAS0006,20231012,SNOW,0,,,N,0700
US1TXAS0006,20231013,SNOW,0,,,N,0700
US1TXAS0006,20231014,SNOW,0,,,N,0700
US1TXAS0006,20231015,SNOW,0,,,N,0700
US1TXAS0006,20231016,SNOW,0,,,N,0700
US1TXAS0006,20231017,SNOW,0,,,N,0700
US1TXAS0006,20231018,SNOW,0,,,N,0700
US1TXAS0006,20231019,SNOW,0,,,N,0700
US1TXAS0006,20231020,SNOW,0,,,N,0700
US1TXAS0006,20231021,SNOW,0,,,N,0700
US1TXAS0006,20231022,SNOW,0,,,N,0700
US1TXAS0006,20231024,SNOW,0,,,N,0700
US1TXAS0006,20231025,SNOW,0,,,N,0700
US1TXAS0006,20231026,SNOW,0,,,N,0700
US1TXAS0006,20231027,SNOW,0,,,N,0700
US1TXAS0006,20231028,SNOW,0,,,N,0700
US1TXAS0006,20231029,SNOW,0,,,N,0700
US1TXAS0006,20231030,SNOW,0,,,N,0700
US1TXAS0006,20231031,SNOW,0,,,N,0700
US1TXAS0006,20231101,PRCP,0,,,N,0700
US1TXAS0006,20231102,PRCP,0,,,N,0700
US1TXAS0006,20231103,PRCP,0,,,N,0700
US1TXAS0006,20231104,PRCP,0,,,N,0700
US1TXAS0006,20231105,PRCP,0,,,N,0700
US1TXAS0006,20231106,PRCP,0,,,N,0700
US1TXAS0006,20231107,PRCP,0,,,N,0700
US1TXAS0006,20231108,PRCP,0,,,N,0700
US1TXAS0006,20231109,PRCP,0,,,N,0700
US1TXAS0006,20231110,PRCP,122,,,N,0700
US1TXAS0006,20231111,PRCP,114,,,N,0700
US1TXAS0006,20231112,PRCP,0,T,,N,0700
US1TXAS0006,20231113,PRCP,203,,,N,0700
US1TXAS0006,20231114,PRCP,10,,,N,0700
US1TXAS0006,20231115,PRCP,0,,,N,0700
US1TXAS0006,20231116,PRCP,0,,,N,0700
US1TXAS0006,20231117,PRCP,0,,,N,0700
US1TXAS0006,20231118,PRCP,0,,,N,0700
US1TXAS0006,20231119,PRCP,0,,,N,0700
US1TXAS0006,20231120,PRCP,0,T,,N,0700
US1TXAS0006,20231121,PRCP,8,,,N,0700
US1TXAS0006,20231122,PRCP,0,,,N,0700
US1TXAS0006,20231123,PRCP,0,,,N,0700
US1TXAS0006,20231124,PRCP,3,,,N,0700
US1TXAS0006,20231125,PRCP,0,,,N,0700
US1TXAS0006,20231126,PRCP,0,,,N,0700
US1TXAS0006,20231127,PRCP,0,,,N,0700
US1TXAS0006,20231128,PRCP,0,,,N,0700
US1TXAS0006,20231129,PRCP,0,,,N,0700
US1TXAS0006,20231130,PRCP,8,,,N,0700
US1TXAS0006,20231101,SNOW,0,,,N,0700
US1TXAS0006,20231102,SNOW,0,,,N,0700
US1TXAS0006,20231103,SNOW,0,,,N,0700
US1TXAS0006,20231104,SNOW,0,,,N,0700
US1TXAS0006,20231105,SNOW,0,,,N,0700
US1TXAS0006,20231106,SNOW,0,,,N,0700
US1TXAS0006,20231107,SNOW,0,,,N,0700
US1TXAS0006,20231108,SNOW,0,,,N,0700
US1TXAS0006,20231109,SNOW,0,,,N,0700
US1TXAS0006,20231110,SNOW,0,,,N,0700
US1TXAS0006,20231111,SNOW,0,,,N,0700
US1TXAS0006,20231112,SNOW,0,,,N,0700
US1TXAS0006,20231113,SNOW,0,,,N,0700
US1TXAS0006,20231114,SNOW,0,,,N,0700
US1TXAS0006,20231115,SNOW,0,,,N,0700
US1TXAS0006,20231116,SNOW,0,,,N,0700
US1TXAS0006,20231117,SNOW,0,,,N,0700
US1TXAS0006,20231118,SNOW,0,,,N,0700
US1TXAS0006,20231119,SNOW,0,,,N,0700
US1TXAS0006,20231120,SNOW,0,,,N,0700
US1TXAS0006,20231121,SNOW,0,,,N,0700
US1TXAS0006,20231122,SNOW,0,,,N,0700
US1TXAS0006,20231123,SNOW,0,,,N,0700
US1TXAS0006,20231125,SNOW,0,,,N,0700
US1TXAS0006,20231126,SNOW,0,,,N,0700
US1TXAS0006,20231127,SNOW,0,,,N,0700
US1TXAS0006,20231128,SNOW,0,,,N,0700
US1TXAS0006,20231129,SNOW,0,,,N,0700
US1TXAS0006,20231130,SNOW,0,,,N,0700
US1TXAS0006,20231201,PRCP,107,,,N,0700
US1TXAS0006,20231202,PRCP,20,,,N,0700
US1TXAS0006,20231203,PRCP,0,,,N,0700
US1TXAS0006,20231204,PRCP,0,,,N,0700
US1TXAS0006,20231205,PRCP,0,,,N,0700
US1TXAS0006,20231206,PRCP,0,,,N,0700
US1TXAS0006,20231207,PRCP,0,,,N,0700
US1TXAS0006,20231208,PRCP,8,,,N,0700
US1TXAS0006,20231209,PRCP,0,,,N,0700
US1TXAS0006,20231210,PRCP,0,,,N,0700
US1TXAS0006,20231211,PRCP,0,,,N,0700
US1TXAS0006,20231212,PRCP,0,,,N,0700
US1TXAS0006,20231213,PRCP,0,,,N,0700
US1TXAS0006,20231214,PRCP,5,,,N,0700
US1TXAS0006,20231215,PRCP,0,,,N,0700
US1TXAS0006,20231216,PRCP,411,,,N,0700
US1TXAS0006,20231217,PRCP,0,,,N,0700
US1TXAS0006,20231218,PRCP,0,,,N,0700
US1TXAS0006,20231219,PRCP,0,,,N,0700
US1TXAS0006,20231220,PRCP,0,,,N,0700
US1TXAS0006,20231221,PRCP,0,,,N,0700
US1TXAS0006,20231222,PRCP,0,,,N,0700
US1TXAS0006,20231223,PRCP,0,T,,N,0700
US1TXAS0006,20231224,PRCP,239,,,N,0700
US1TXAS0006,20231225,PRCP,135,,,N,0700
US1TXAS0006,20231226,PRCP,0,,,N,0700
US1TXAS0006,20231227,PRCP,0,,,N,0700
US1TXAS0006,20231228,PRCP,0,,,N,0700
US1TXAS0006,20231229,PRCP,0,,,N,0700
US1TXAS0006,20231230,PRCP,0,,,N,0700
US1TXAS0006,20231231,PRCP,0,,,N,0700
US1TXAS0006,20231201,SNOW,0,,,N,0700
US1TXAS0006,20231202,SNOW,0,,,N,0700
US1TXAS0006,20231203,SNOW,0,,,N,0700
US1TXAS0006,20231204,SNOW,0,,,N,0700
US1TXAS0006,20231205,SNOW,0,,,N,0700
US1TXAS0006,20231206,SNOW,0,,,N,0700
US1TXAS0006,20231207,SNOW,0,,,N,0700
US1TXAS0006,20231208,SNOW,0,,,N,0700
US1TXAS0006,20231209,SNOW,0,,,N,0700
US1TXAS0006,20231210,SNOW,0,,,N,0700
US1TXAS0006,20231211,SNOW,0,,,N,0700
US1TXAS0006,20231212,SNOW,0,,,N,0700
US1TXAS0006,20231213,SNOW,0,,,N,0700
US1TXAS0006,20231214,SNOW,0,,,N,0700
US1TXAS0006,20231215,SNOW,0,,,N,0700
US1TXAS0006,20231216,SNOW,0,,,N,0700
US1TXAS0006,20231217,SNOW,0,,,N,0700
US1TXAS0006,20231218,SNOW,0,,,N,0700
US1TXAS0006,20231219,SNOW,0,,,N,0700
US1TXAS0006,20231220,SNOW,0,,,N,0700
US1TXAS0006,20231221,SNOW,0,,,N,0700
US1TXAS0006,20231222,SNOW,0,,,N,0700
US1TXAS0006,20231223,SNOW,0,,,N,0700
US1TXAS0006,20231224,SNOW,0,,,N,0700
US1TXAS0006,20231225,SNOW,0,,,N,0700
US1TXAS0006,20231226,SNOW,0,,,N,0700
US1TXAS0006,20231227,SNOW,0,,,N,0700
US1TXAS0006,20231228,SNOW,0,,,N,0700
US1TXAS0006,20231229,SNOW,0,,,N,0700
US1TXAS0006,20231230,SNOW,0,,,N,0700
US1TXAS0006,20231231,SNOW,0,,,N,0700
US1TXAS0006,20240101,PRCP,0,,,N,0700
US1TXAS0006,20240102,PRCP,0,,,N,0700
US1TXAS0006,20240103,PRCP,58,,,N,0700
US1TXAS0006,20240104,PRCP,0,,,N,0700
US1TXAS0006,20240105,PRCP,335,,,N,0700
US1TXAS0006,20240106,PRCP,23,,,N,0700
US1TXAS0006,20240107,PRCP,0,,,N,0700
US1TXAS0006,20240108,PRCP,3,,,N,0700
US1TXAS0006,20240109,PRCP,160,,,N,0700
US1TXAS0006,20240110,PRCP,0,,,N,0700
US1TXAS0006,20240111,PRCP,0,,,N,0700
US1TXAS0006,20240112,PRCP,0,,,N,0700
US1TXAS0006,20240113,PRCP,0,,,N,0700
US1TXAS0006,20240114,PRCP,0,,,N,0700
US1TXAS0006,20240115,PRCP,0,T,,N,0700
US1TXAS0006,20240116,PRCP,3,,,N,0700
US1TXAS0006,20240117,PRCP,0,,,N,0700
US1TXAS0006,20240118,PRCP,3,,,N,0700
US1TXAS0006,20240119,PRCP,0,,,N,0700
US1TXAS0006,20240120,PRCP,0,,,N,0700
US1TXAS0006,20240121,PRCP,0,,,N,0700
US1TXAS0006,20240122,PRCP,373,,,N,0700
US1TXAS0006,20240123,PRCP,493,,,N,0700
US1TXAS0006,20240124,PRCP,378,,,N,0700
US1TXAS0006,20240125,PRCP,701,,,N,0700
US1TXAS0006,20240126,PRCP,0,,,N,0700
US1TXAS0006,20240127,PRCP,10,,,N,0700
US1TXAS0006,20240128,PRCP,0,,,N,0700
US1TXAS0006,20240129,PRCP,0,,,N,0700
US1TXAS0006,20240130,PRCP,0,,,N,0700
US1TXAS0006,20240131,PRCP,0,,,N,0700
US1TXAS0006,20240101,SNOW,0,,,N,0700
US1TXAS0006,20240102,SNOW,0,,,N,0700
US1TXAS0006,20240103,SNOW,0,,,N,0700
US1TXAS0006,20240104,SNOW,0,,,N,0700
US1TXAS0006,20240105,SNOW,0,,,N,0700
US1TXAS0006,20240106,SNOW,0,,,N,0700
US1TXAS0006,20240107,SNOW,0,,,N,0700
US1TXAS0006,20240108,SNOW,0,,,N,0700
US1TXAS0006,20240109,SNOW,0,,,N,0700
US1TXAS0006,20240110,SNOW,0,,,N,0700
US1TXAS0006,20240111,SNOW,0,,,N,0700
US1TXAS0006,20240112,SNOW,0,,,N,0700
US1TXAS0006,20240113,SNOW,0,,,N,0700
US1TXAS0006,20240114,SNOW,0,,,N,0700
US1TXAS0006,20240115,SNOW,0,T,,N,0700
US1TXAS0006,20240116,SNOW,0,,,N,0700
US1TXAS0006,20240117,SNOW,0,,,N,0700
US1TXAS0006,20240118,SNOW,0,,,N,0700
US1TXAS0006,20240119,SNOW,0,,,N,0700
US1TXAS0006,20240120,SNOW,0,,,N,0700
US1TXAS0006,20240121,SNOW,0,,,N,0700
US1TXAS0006,20240122,SNOW,0,,,N,0700
US1TXAS0006,20240123,SNOW,0,,,N,0700
US1TXAS0006,20240124,SNOW,0,,,N,0700
US1TXAS0006,20240125,SNOW,0,,,N,0700
US1TXAS0006,20240126,SNOW,0,,,N,0700
US1TXAS0006,20240127,SNOW,0,,,N,0700
US1TXAS0006,20240128,SNOW,0,,,N,0700
US1TXAS0006,20240129,SNOW,0,,,N,0700
US1TXAS0006,20240130,SNOW,0,,,N,0700
US1TXAS0006,20240131,SNOW,0,,,N,0700
US1TXAS0006,20240201,PRCP,0,,,N,0700
US1TXAS0006,20240202,PRCP,0,,,N,0700
US1TXAS0006,20240203,PRCP,345,,,N,0700
US1TXAS0006,20240204,PRCP,71,,,N,0700
US1TXAS0006,20240205,PRCP,0,,,N,0700
US1TXAS0006,20240206,PRCP,0,,,N,0700
US1TXAS0006,20240207,PRCP,0,,,N,0700
US1TXAS0006,20240208,PRCP,3,,,N,0700
US1TXAS0006,20240209,PRCP,0,,,N,0700
US1TXAS0006,20240210,PRCP,5,,,N,0700
US1TXAS0006,20240211,PRCP,3,,,N,0700
US1TXAS0006,20240212,PRCP,0,,,N,0700
US1TXAS0006,20240213,PRCP,0,,,N,0700
US1TXAS0006,20240214,PRCP,0,,,N,0700
US1TXAS0006,20240215,PRCP,0,,,N,0700
US1TXAS0006,20240216,PRCP,18,,,N,0700
US1TXAS0006,20240217,PRCP,18,,,N,0700
US1TXAS0006,20240218,PRCP,0,,,N,0700
US1TXAS0006,20240219,PRCP,0,,,N,0700
US1TXAS0006,20240220,PRCP,0,,,N,0700
US1TXAS0006,20240221,PRCP,0,,,N,0700
US1TXAS0006,20240222,PRCP,0,,,N,0700
US1TXAS0006,20240223,PRCP,0,,,N,0700
US1TXAS0006,20240224,PRCP,0,,,N,0700
US1TXAS0006,20240225,PRCP,0,,,N,0700
US1TXAS0006,20240226,PRCP,0,,,N,0700
US1TXAS0006,20240227,PRCP,0,,,N,0700
US1TXAS0006,20240228,PRCP,0,,,N,0700
US1TXAS0006,20240229,PRCP,0,,,N,0700
US1TXAS0006,20240201,SNOW,0,,,N,0700
US1TXAS0006,20240202,SNOW,0,,,N,0700
US1TXAS0006,20240203,SNOW,0,,,N,0700
US1TXAS0006,20240204,SNOW,0,,,N,0700
US1TXAS0006,20240205,SNOW,0,,,N,0700
US1TXAS0006,20240206,SNOW,0,,,N,0700
US1TXAS0006,20240207,SNOW,0,,,N,0700
US1TXAS0006,20240208,SNOW,0,,,N,0700
US1TXAS0006,20240209,SNOW,0,,,N,0700
US1TXAS0006,20240210,SNOW,0,,,N,0700
US1TXAS0006,20240211,SNOW,0,,,N,0700
US1TXAS0006,20240212,SNOW,0,,,N,0700
US1TXAS0006,20240213,SNOW,0,,,N,0700
US1TXAS0006,20240214,SNOW,0,,,N,0700
US1TXAS0006,20240215,SNOW,0,,,N,0700
US1TXAS0006,20240216,SNOW,0,,,N,0700
US1TXAS0006,20240217,SNOW,0,,,N,0700
US1TXAS0006,20240218,SNOW,0,,,N,0700
US1TXAS0006,20240219,SNOW,0,,,N,0700
US1TXAS0006,20240220,SNOW,0,,,N,0700
US1TXAS0006,20240221,SNOW,0,,,N,0700
US1TXAS0006,20240222,SNOW,0,,,N,0700
US1TXAS0006,20240223,SNOW,0,,,N,0700
US1TXAS0006,20240224,SNOW,0,,,N,0700
US1TXAS0006,20240225,SNOW,0,,,N,0700
US1TXAS0006,20240226,SNOW,0,,,N,0700
US1TXAS0006,20240227,SNOW,0,,,N,0700
US1TXAS0006,20240228,SNOW,0,,,N,0700
US1TXAS0006,20240229,SNOW,0,,,N,0700
US1TXAS0006,20240301,PRCP,0,,,N,0700
US1TXAS0006,20240302,PRCP,0,,,N,0700
US1TXAS0006,20240303,PRCP,0,,,N,0700
US1TXAS0006,20240304,PRCP,0,,,N,0700
US1TXAS0006,20240305,PRCP,48,,,N,0700
US1TXAS0006,20240306,PRCP,0,,,N,0700
US1TXAS0006,20240307,PRCP,0,,,N,0700
US1TXAS0006,20240308,PRCP,3,,,N,0700
US1TXAS0006,20240309,PRCP,0,,,N,0700
US1TXAS0006,20240310,PRCP,0,,,N,0700
US1TXAS0006,20240311,PRCP,0,,,N,0700
US1TXAS0006,20240312,PRCP,0,,,N,0700
US1TXAS0006,20240313,PRCP,0,,,N,0700
US1TXAS0006,20240314,PRCP,0,T,,N,0700
US1TXAS0006,20240315,PRCP,3,,,N,0700
US1TXAS0006,20240316,PRCP,396,,,N,0700
US1TXAS0006,20240317,PRCP,41,,,N,0700
US1TXAS0006,20240318,PRCP,15,,,N,0700
US1TXAS0006,20240319,PRCP,0,,,N,0700
US1TXAS0006,20240320,PRCP,0,T,,N,0700
US1TXAS0006,20240321,PRCP,28,,,N,0700
US1TXAS0006,20240322,PRCP,612,,,N,0700
US1TXAS0006,20240323,PRCP,0,,,N,0700
US1TXAS0006,20240324,PRCP,0,,,N,0700
US1TXAS0006,20240325,PRCP,0,,,N,0700
US1TXAS0006,20240326,PRCP,64,,,N,0700
US1TXAS0006,20240327,PRCP,0,,,N,0700
US1TXAS0006,20240328,PRCP,0,,,N,0700
US1TXAS0006,20240329,PRCP,0,,,N,0700
US1TXAS0006,20240330,PRCP,0,,,N,0700
US1TXAS0006,20240331,PRCP,0,,,N,0700
US1TXAS0006,20240301,SNOW,0,,,N,0700
US1TXAS0006,20240302,SNOW,0,,,N,0700
US1TXAS0006,20240303,SNOW,0,,,N,0700
US1TXAS0006,20240304,SNOW,0,,,N,0700
US1TXAS0006,20240305,SNOW,0,,,N,0700
US1TXAS0006,20240306,SNOW,0,,,N,0700
US1TXAS0006,20240307,SNOW,0,,,N,0700
US1TXAS0006,20240308,SNOW,0,,,N,0700
US1TXAS0006,20240309,SNOW,0,,,N,0700
US1TXAS0006,20240310,SNOW,0,,,N,0700
US1TXAS0006,20240311,SNOW,0,,,N,0700
US1TXAS0006,20240312,SNOW,0,,,N,0700
US1TXAS0006,20240313,SNOW,0,,,N,0700
US1TXAS0006,20240314,SNOW,0,,,N,0700
US1TXAS0006,20240315,SNOW,0,,,N,0700
US1TXAS0006,20240316,SNOW,0,,,N,0700
US1TXAS0006,20240317,SNOW,0,,,N,0700
US1TXAS0006,20240318,SNOW,0,,,N,0700
US1TXAS0006,20240319,SNOW,0,,,N,0700
US1TXAS0006,20240320,SNOW,0,,,N,0700
US1TXAS0006,20240321,SNOW,0,,,N,0700
US1TXAS0006,20240322,SNOW,0,,,N,0700
US1TXAS0006,20240323,SNOW,0,,,N,0700
US1TXAS0006,20240324,SNOW,0,,,N,0700
US1TXAS0006,20240325,SNOW,0,,,N,0700
US1TXAS0006,20240326,SNOW,0,,,N,0700
US1TXAS0006,20240327,SNOW,0,,,N,0700
US1TXAS0006,20240328,SNOW,0,,,N,0700
US1TXAS0006,20240329,SNOW,0,,,N,0700
US1TXAS0006,20240330,SNOW,0,,,N,0700
US1TXAS0006,20240331,SNOW,0,,,N,0700
US1TXAS0006,20240401,PRCP,0,,,N,0700
US1TXAS0006,20240402,PRCP,5,,,N,0700
US1TXAS0006,20240403,PRCP,0,,,N,0700
US1TXAS0006,20240404,PRCP,0,,,N,0700
US1TXAS0006,20240405,PRCP,0,,,N,0700
US1TXAS0006,20240406,PRCP,0,,,N,0700
US1TXAS0006,20240407,PRCP,0,,,N,0700
US1TXAS0006,20240408,PRCP,0,,,N,0700
US1TXAS0006,20240409,PRCP,3,,,N,0700
US1TXAS0006,20240410,PRCP,780,,,N,0700
US1TXAS0006,20240411,PRCP,0,,,N,0700
US1TXAS0006,20240412,PRCP,0,,,N,0700
US1TXAS0006,20240413,PRCP,0,,,N,0700
US1TXAS0006,20240414,PRCP,0,,,N,0700
US1TXAS0006,20240415,PRCP,0,,,N,0700
US1TXAS0006,20240416,PRCP,0,,,N,0700
US1TXAS0006,20240417,PRCP,0,T,,N,0700
US1TXAS0006,20240418,PRCP,0,,,N,0700
US1TXAS0006,20240419,PRCP,0,,,N,0700
US1TXAS0006,20240420,PRCP,0,,,N,0700
US1TXAS0006,20240421,PRCP,132,,,N,0700
US1TXAS0006,20240422,PRCP,0,,,N,0700
US1TXAS0006,20240423,PRCP,0,,,N,0700
US1TXAS0006,20240424,PRCP,0,,,N,0700
US1TXAS0006,20240425,PRCP,0,,,N,0700
US1TXAS0006,20240426,PRCP,0,,,N,0700
US1TXAS0006,20240427,PRCP,0,,,N,0700
US1TXAS0006,20240428,PRCP,0,,,N,0700
US1TXAS0006,20240429,PRCP,152,,,N,0700
US1TXAS0006,20240430,PRCP,0,,,N,0700
US1TXAS0006,20240401,SNOW,0,,,N,0700
US1TXAS0006,20240402,SNOW,0,,,N,0700
US1TXAS0006,20240403,SNOW,0,,,N,0700
US1TXAS0006,20240404,SNOW,0,,,N,0700
US1TXAS0006,20240405,SNOW,0,,,N,0700
US1TXAS0006,20240406,SNOW,0,,,N,0700
US1TXAS0006,20240407,SNOW,0,,,N,0700
US1TXAS0006,20240408,SNOW,0,,,N,0700
US1TXAS0006,20240409,SNOW,0,,,N,0700
US1TXAS0006,20240410,SNOW,0,,,N,0700
US1TXAS0006,20240411,SNOW,0,,,N,0700
US1TXAS0006,20240412,SNOW,0,,,N,0700
US1TXAS0006,20240413,SNOW,0,,,N,0700
US1TXAS0006,20240414,SNOW,0,,,N,0700
US1TXAS0006,20240415,SNOW,0,,,N,0700
US1TXAS0006,20240416,SNOW,0,,,N,0700
US1TXAS0006,20240418,SNOW,0,,,N,0700
US1TXAS0006,20240419,SNOW,0,,,N,0700
US1TXAS0006,20240420,SNOW,0,,,N,0700
US1TXAS0006,20240421,SNOW,0,,,N,0700
US1TXAS0006,20240422,SNOW,0,,,N,0700
US1TXAS0006,20240423,SNOW,0,,,N,0700
US1TXAS0006,20240424,SNOW,0,,,N,0700
US1TXAS0006,20240425,SNOW,0,,,N,0700
US1TXAS0006,20240426,SNOW,0,,,N,0700
US1TXAS0006,20240427,SNOW,0,,,N,0700
US1TXAS0006,20240428,SNOW,0,,,N,0700
US1TXAS0006,20240429,SNOW,0,,,N,0700
US1TXAS0006,20240430,SNOW,0,,,N,0700
US1TXAS0006,20240501,PRCP,0,,,N,0700
US1TXAS0006,20240502,PRCP,0,T,,N,0700
US1TXAS0006,20240503,PRCP,302,,,N,0700
US1TXAS0006,20240504,PRCP,66,,,N,0630
US1TXAS0006,20240505,PRCP,114,,,N,0700
US1TXAS0006,20240506,PRCP,254,,,N,0700
US1TXAS0006,20240507,PRCP,0,,,N,0700
US1TXAS0006,20240508,PRCP,0,,,N,0700
US1TXAS0006,20240509,PRCP,0,,,N,0700
US1TXAS0006,20240510,PRCP,0,,,N,0700
US1TXAS0006,20240511,PRCP,0,,,N,0700
US1TXAS0006,20240512,PRCP,0,T,,N,0700
US1TXAS0006,20240513,PRCP,13,,,N,0700
US1TXAS0006,20240514,PRCP,43,,,N,0700
US1TXAS0006,20240515,PRCP,0,,,N,0700
US1TXAS0006,20240516,PRCP,0,,,N,0700
US1TXAS0006,20240517,PRCP,269,,,N,0700
US1TXAS0006,20240518,PRCP,0,,,N,0700
US1TXAS0006,20240519,PRCP,0,,,N,0700
US1TXAS0006,20240520,PRCP,0,,,N,0700
US1TXAS0006,20240521,PRCP,0,,,N,0700
US1TXAS0006,20240522,PRCP,0,,,N,0700
US1TXAS0006,20240523,PRCP,0,,,N,0700
US1TXAS0006,20240524,PRCP,0,,,N,0700
US1TXAS0006,20240525,PRCP,0,,,N,0700
US1TXAS0006,20240526,PRCP,0,,,N,0700
US1TXAS0006,20240527,PRCP,0,,,N,0700
US1TXAS0006,20240528,PRCP,0,,,N,0700
US1TXAS0006,20240529,PRCP,104,,,N,0700
US1TXAS0006,20240530,PRCP,0,T,,N,0700
US1TXAS0006,20240531,PRCP,155,,,N,0700
US1TXAS0006,20240501,SNOW,0,,,N,0700
US1TXAS0006,20240502,SNOW,0,,,N,0700
US1TXAS0006,20240503,SNOW,0,,,N,0700
US1TXAS0006,20240504,SNOW,0,,,N,0630
US1TXAS0006,20240506,SNOW,0,,,N,0700
US1TXAS0006,20240507,SNOW,0,,,N,0700
US1TXAS0006,20240508,SNOW,0,,,N,0700
US1TXAS0006,20240509,SNOW,0,,,N,0700
US1TXAS0006,20240510,SNOW,0,,,N,0700
US1TXAS0006,20240511,SNOW,0,,,N,0700
US1TXAS0006,20240512,SNOW,0,,,N,0700
US1TXAS0006,20240513,SNOW,0,,,N,0700
US1TXAS0006,20240514,SNOW,0,,,N,0700
US1TXAS0006,20240515,SNOW,0,,,N,0700
US1TXAS0006,20240516,SNOW,0,,,N,0700
US1TXAS0006,20240517,SNOW,0,,,N,0700
US1TXAS0006,20240518,SNOW,0,,,N,0700
US1TXAS0006,20240519,SNOW,0,,,N,0700
US1TXAS0006,20240520,SNOW,0,,,N,0700
US1TXAS0006,20240521,SNOW,0,,,N,0700
US1TXAS0006,20240522,SNOW,0,,,N,0700
US1TXAS0006,20240523,SNOW,0,,,N,0700
US1TXAS0006,20240524,SNOW,0,,,N,0700
US1TXAS0006,20240525,SNOW,0,,,N,0700
US1TXAS0006,20240526,SNOW,0,,,N,0700
US1TXAS0006,20240527,SNOW,0,,,N,0700
US1TXAS0006,20240528,SNOW,0,,,N,0700
US1TXAS0006,20240529,SNOW,0,,,N,0700
US1TXAS0006,20240530,SNOW,0,,,N,0700
US1TXAS0006,20240531,SNOW,0,,,N,0700
US1TXAS0006,20240601,PRCP,114,,,N,0700
US1TXAS0006,20240602,PRCP,28,,,N,0700
US1TXAS0006,20240603,PRCP,0,,,N,0700
US1TXAS0006,20240604,PRCP,0,,,N,0700
US1TXAS0006,20240605,PRCP,0,,,N,0700
US1TXAS0006,20240606,PRCP,221,,,N,0700
US1TXAS0006,20240607,PRCP,0,,,N,0700
US1TXAS0006,20240608,PRCP,0,,,N,0700
US1TXAS0006,20240609,PRCP,0,,,N,0700
US1TXAS0006,20240610,PRCP,0,,,N,0700
US1TXAS0006,20240611,PRCP,0,,,N,0700
US1TXAS0006,20240612,PRCP,0,,,N,0700
US1TXAS0006,20240613,PRCP,0,,,N,0700
US1TXAS0006,20240614,PRCP,0,,,N,0700
US1TXAS0006,20240615,PRCP,0,,,N,0700
US1TXAS0006,20240616,PRCP,0,,,N,0700
US1TXAS0006,20240617,PRCP,0,,,N,0700
US1TXAS0006,20240618,PRCP,5,,,N,0700
US1TXAS0006,20240619,PRCP,20,,,N,0700
US1TXAS0006,20240620,PRCP,851,,,N,0700
US1TXAS0006,20240621,PRCP,0,,,N,0700
US1TXAS0006,20240622,PRCP,0,,,N,0700
US1TXAS0006,20240623,PRCP,0,,,N,0700
US1TXAS0006,20240624,PRCP,0,,,N,0700
US1TXAS0006,20240625,PRCP,0,,,N,0700
US1TXAS0006,20240626,PRCP,0,,,N,0700
US1TXAS0006,20240627,PRCP,0,,,N,0700
US1TXAS0006,20240628,PRCP,0,,,N,0700
US1TXAS0006,20240629,PRCP,5,,,N,0700
US1TXAS0006,20240630,PRCP,3,,,N,0700
US1TXAS0006,20240601,SNOW,0,,,N,0700
US1TXAS0006,20240602,SNOW,0,,,N,0700
US1TXAS0006,20240603,SNOW,0,,,N,0700
US1TXAS0006,20240604,SNOW,0,,,N,0700
US1TXAS0006,20240605,SNOW,0,,,N,0700
US1TXAS0006,20240606,SNOW,0,,,N,0700
US1TXAS0006,20240607,SNOW,0,,,N,0700
US1TXAS0006,20240608,SNOW,0,,,N,0700
US1TXAS0006,20240609,SNOW,0,,,N,0700
US1TXAS0006,20240610,SNOW,0,,,N,0700
US1TXAS0006,20240611,SNOW,0,,,N,0700
US1TXAS0006,20240612,SNOW,0,,,N,0700
US1TXAS0006,20240613,SNOW,0,,,N,0700
US1TXAS0006,20240614,SNOW,0,,,N,0700
US1TXAS0006,20240615,SNOW,0,,,N,0700
US1TXAS0006,20240616,SNOW,0,,,N,0700
US1TXAS0006,20240617,SNOW,0,,,N,0700
US1TXAS0006,20240618,SNOW,0,,,N,0700
US1TXAS0006,20240619,SNOW,0,,,N,0700
US1TXAS0006,20240620,SNOW,0,,,N,0700
US1TXAS0006,20240621,SNOW,0,,,N,0700
US1TXAS0006,20240622,SNOW,0,,,N,0700
US1TXAS0006,20240623,SNOW,0,,,N,0700
US1TXAS0006,20240624,SNOW,0,,,N,0700
US1TXAS0006,20240625,SNOW,0,,,N,0700
US1TXAS0006,20240626,SNOW,0,,,N,0700
US1TXAS0006,20240627,SNOW,0,,,N,0700
US1TXAS0006,20240628,SNOW,0,,,N,0700
US1TXAS0006,20240629,SNOW,0,,,N,0700
US1TXAS0006,20240630,SNOW,0,,,N,0700
US1TXAS0006,20240701,PRCP,0,,,N,0700
US1TXAS0006,20240702,PRCP,0,,,N,0700
US1TXAS0006,20240703,PRCP,0,,,N,0700
US1TXAS0006,20240704,PRCP,0,,,N,0700
US1TXAS0006,20240705,PRCP,0,,,N,0700
US1TXAS0006,20240706,PRCP,0,,,N,0700
US1TXAS0006,20240707,PRCP,84,,,N,0700
US1TXAS0006,20240708,PRCP,754,,,N,0700
US1TXAS0006,20240709,PRCP,401,,,N,0700
US1TXAS0006,20240710,PRCP,0,,,N,0700
US1TXAS0006,20240711,PRCP,0,,,N,0700
US1TXAS0006,20240712,PRCP,0,,,N,0700
US1TXAS0006,20240713,PRCP,89,,,N,0700
US1TXAS0006,20240714,PRCP,3,,,N,0700
US1TXAS0006,20240715,PRCP,0,,,N,0700
US1TXAS0006,20240716,PRCP,0,,,N,0700
US1TXAS0006,20240717,PRCP,0,,,N,0700
US1TXAS0006,20240718,PRCP,0,,,N,0700
US1TXAS0006,20240719,PRCP,470,,,N,0700
US1TXAS0006,20240720,PRCP,71,,,N,0700
US1TXAS0006,20240721,PRCP,0,,,N,0700
US1TXAS0006,20240722,PRCP,0,,,N,0700
US1TXAS0006,20240723,PRCP,0,,,N,0700
US1TXAS0006,20240724,PRCP,173,,,N,0700
US1TXAS0006,20240725,PRCP,8,,,N,0700
US1TXAS0006,20240726,PRCP,13,,,N,0700
US1TXAS0006,20240727,PRCP,300,,,N,0700
US1TXAS0006,20240728,PRCP,76,,,N,0700
US1TXAS0006,20240729,PRCP,41,,,N,0700
US1TXAS0006,20240730,PRCP,0,,,N,0700
US1TXAS0006,20240731,PRCP,0,,,N,0700
US1TXAS0006,20240701,SNOW,0,,,N,0700
US1TXAS0006,20240702,SNOW,0,,,N,0700
US1TXAS0006,20240703,SNOW,0,,,N,0700
US1TXAS0006,20240704,SNOW,0,,,N,0700
US1TXAS0006,20240705,SNOW,0,,,N,0700
US1TXAS0006,20240706,SNOW,0,,,N,0700
US1TXAS0006,20240707,SNOW,0,,,N,0700
US1TXAS0006,20240708,SNOW,0,,,N,0700
US1TXAS0006,20240709,SNOW,0,,,N,0700
US1TXAS0006,20240710,SNOW,0,,,N,0700
US1TXAS0006,20240711,SNOW,0,,,N,0700
US1TXAS0006,20240712,SNOW,0,,,N,0700
US1TXAS0006,20240713,SNOW,0,,,N,0700
US1TXAS0006,20240714,SNOW,0,,,N,0700
US1TXAS0006,20240715,SNOW,0,,,N,0700
US1TXAS0006,20240716,SNOW,0,,,N,0700
US1TXAS0006,20240717,SNOW,0,,,N,0700
US1TXAS0006,20240718,SNOW,0,,,N,0700
US1TXAS0006,20240719,SNOW,0,,,N,0700
US1TXAS0006,20240720,SNOW,0,,,N,0700
US1TXAS0006,20240721,SNOW,0,,,N,0700
US1TXAS0006,20240722,SNOW,0,,,N,0700
US1TXAS0006,20240723,SNOW,0,,,N,0700
US1TXAS0006,20240724,SNOW,0,,,N,0700
US1TXAS0006,20240725,SNOW,0,,,N,0700
US1TXAS0006,20240726,SNOW,0,,,N,0700
US1TXAS0006,20240727,SNOW,0,,,N,0700
US1TXAS0006,20240728,SNOW,0,,,N,0700
US1TXAS0006,20240729,SNOW,0,,,N,0700
US1TXAS0006,20240730,SNOW,0,,,N,0700
US1TXAS0006,20240731,SNOW,0,,,N,0700
US1TXAS0006,20240801,PRCP,0,,,N,0700
US1TXAS0006,20240802,PRCP,0,,,N,0700
US1TXAS0006,20240803,PRCP,0,,,N,0700
US1TXAS0006,20240804,PRCP,0,,,N,0700
US1TXAS0006,20240805,PRCP,0,,,N,0700
US1TXAS0006,20240806,PRCP,0,,,N,0700
US1TXAS0006,20240807,PRCP,0,,,N,0700
US1TXAS0006,20240808,PRCP,0,,,N,0700
US1TXAS0006,20240809,PRCP,0,,,N,0700
US1TXAS0006,20240810,PRCP,0,,,N,0700
US1TXAS0006,20240811,PRCP,0,,,N,0700
US1TXAS0006,20240812,PRCP,0,,,N,0700
US1TXAS0006,20240813,PRCP,0,,,N,0700
US1TXAS0006,20240814,PRCP,0,,,N,0700
US1TXAS0006,20240815,PRCP,0,,,N,0700
US1TXAS0006,20240816,PRCP,0,,,N,0700
US1TXAS0006,20240817,PRCP,0,,,N,0700
US1TXAS0006,20240818,PRCP,0,,,N,0700
US1TXAS0006,20240819,PRCP,0,,,N,0700
US1TXAS0006,20240820,PRCP,0,,,N,0700
US1TXAS0006,20240821,PRCP,0,,,N,0700
US1TXAS0006,20240822,PRCP,0,,,N,0700
US1TXAS0006,20240823,PRCP,0,,,N,0700
US1TXAS0006,20240824,PRCP,64,,,N,0700
US1TXAS0006,20240825,PRCP,0,,,N,0700
US1TXAS0006,20240826,PRCP,0,,,N,0700
US1TXAS0006,20240827,PRCP,41,,,N,0700
US1TXAS0006,20240828,PRCP,38,,,N,0700
US1TXAS0006,20240829,PRCP,0,T,,N,0700
US1TXAS0006,20240830,PRCP,279,,,N,0700
US1TXAS0006,20240831,PRCP,0,,,N,0700
US1TXAS0006,20240801,SNOW,0,,,N,0700
US1TXAS0006,20240802,SNOW,0,,,N,0700
US1TXAS0006,20240803,SNOW,0,,,N,0700
US1TXAS0006,20240804,SNOW,0,,,N,0700
US1TXAS0006,20240805,SNOW,0,,,N,0700
US1TXAS0006,20240806,SNOW,0,,,N,0700
US1TXAS0006,20240807,SNOW,0,,,N,0700
US1TXAS0006,20240808,SNOW,0,,,N,0700
US1TXAS0006,20240809,SNOW,0,,,N,0700
US1TXAS0006,20240810,SNOW,0,,,N,0700
US1TXAS0006,20240811,SNOW,0,,,N,0700
US1TXAS0006,20240812,SNOW,0,,,N,0700
US1TXAS0006,20240813,SNOW,0,,,N,0700
US1TXAS0006,20240814,SNOW,0,,,N,0700
US1TXAS0006,20240815,SNOW,0,,,N,0700
US1TXAS0006,20240816,SNOW,0,,,N,0700
US1TXAS0006,20240817,SNOW,0,,,N,0700
US1TXAS0006,20240818,SNOW,0,,,N,0700
US1TXAS0006,20240819,SNOW,0,,,N,0700
US1TXAS0006,20240820,SNOW,0,,,N,0700
US1TXAS0006,20240821,SNOW,0,,,N,0700
US1TXAS0006,20240822,SNOW,0,,,N,0700
US1TXAS0006,20240823,SNOW,0,,,N,0700
US1TXAS0006,20240824,SNOW,0,,,N,0700
US1TXAS0006,20240825,SNOW,0,,,N,0700
US1TXAS0006,20240826,SNOW,0,,,N,0700
US1TXAS0006,20240827,SNOW,0,,,N,0700
US1TXAS0006,20240828,SNOW,0,,,N,0700
US1TXAS0006,20240829,SNOW,0,,,N,0700
US1TXAS0006,20240830,SNOW,0,,,N,0700
US1TXAS0006,20240831,SNOW,0,,,N,0700
US1TXAS0006,20240901,PRCP,43,,,N,0700
US1TXAS0006,20240902,PRCP,64,,,N,0700
US1TXAS0006,20240903,PRCP,0,,,N,0700
US1TXAS0006,20240904,PRCP,0,,,N,0700
US1TXAS0006,20240905,PRCP,0,,,N,0700
US1TXAS0006,20240906,PRCP,127,,,N,0700
US1TXAS0006,20240907,PRCP,3,,,N,0700
US1TXAS0006,20240908,PRCP,0,,,N,0700
US1TXAS0006,20240909,PRCP,0,,,N,0700
US1TXAS0006,20240910,PRCP,0,,,N,0700
US1TXAS0006,20240911,PRCP,5,,,N,0700
US1TXAS0006,20240912,PRCP,0,,,N,0700
US1TXAS0006,20240913,PRCP,0,,,N,0700
US1TXAS0006,20240914,PRCP,0,,,N,0700
US1TXAS0006,20240915,PRCP,0,,,N,0700
US1TXAS0006,20240916,PRCP,0,,,N,0700
US1TXAS0006,20240917,PRCP,0,,,N,0700
US1TXAS0006,20240918,PRCP,0,,,N,0700
US1TXAS0006,20240919,PRCP,0,,,N,0700
US1TXAS0006,20240920,PRCP,0,,,N,0700
US1TXAS0006,20240921,PRCP,0,,,N,0700
US1TXAS0006,20240922,PRCP,0,,,N,0700
US1TXAS0006,20240923,PRCP,0,,,N,0700
US1TXAS0006,20240924,PRCP,0,,,N,0700
US1TXAS0006,20240925,PRCP,30,,,N,0700
US1TXAS0006,20240926,PRCP,0,T,,N,0700
US1TXAS0006,20240927,PRCP,0,,,N,0700
US1TXAS0006,20240928,PRCP,0,,,N,0700
US1TXAS0006,20240929,PRCP,0,,,N,0700
US1TXAS0006,20240930,PRCP,0,,,N,0700
US1TXAS0006,20240901,SNOW,0,,,N,0700
US1TXAS0006,20240902,SNOW,0,,,N,0700
US1TXAS0006,20240903,SNOW,0,,,N,0700
US1TXAS0006,20240904,SNOW,0,,,N,0700
US1TXAS0006,20240905,SNOW,0,,,N,0700
US1TXAS0006,20240906,SNOW,0,,,N,0700
US1TXAS0006,20240907,SNOW,0,,,N,0700
US1TXAS0006,20240908,SNOW,0,,,N,0700
US1TXAS0006,20240909,SNOW,0,,,N,0700
US1TXAS0006,20240910,SNOW,0,,,N,0700
US1TXAS0006,20240911,SNOW,0,,,N,0700
US1TXAS0006,20240912,SNOW,0,,,N,0700
US1TXAS0006,20240913,SNOW,0,,,N,0700
US1TXAS0006,20240914,SNOW,0,,,N,0700
US1TXAS0006,20240915,SNOW,0,,,N,0700
US1TXAS0006,20240916,SNOW,0,,,N,0700
US1TXAS0006,20240917,SNOW,0,,,N,0700
US1TXAS0006,20240918,SNOW,0,,,N,0700
US1TXAS0006,20240919,SNOW,0,,,N,0700
US1TXAS0006,20240920,SNOW,0,,,N,0700
US1TXAS0006,20240921,SNOW,0,,,N,0700
US1TXAS0006,20240922,SNOW,0,,,N,0700
US1TXAS0006,20240923,SNOW,0,,,N,0700
US1TXAS0006,20240924,SNOW,0,,,N,0700
US1TXAS0006,20240925,SNOW,0,,,N,0700
US1TXAS0006,20240926,SNOW,0,,,N,0700
US1TXAS0006,20240927,SNOW,0,,,N,0700
US1TXAS0006,20240928,SNOW,0,,,N,0700
US1TXAS0006,20240929,SNOW,0,,,N,0700
US1TXAS0006,20240930,SNOW,0,,,N,0700
US1TXAS0006,20241001,PRCP,0,,,N,0700
US1TXAS0006,20241002,PRCP,0,,,N,0700
US1TXAS0006,20241003,PRCP,0,,,N,0700
US1TXAS0006,20241004,PRCP,0,,,N,0700
US1TXAS0006,20241005,PRCP,0,,,N,0700
US1TXAS0006,20241006,PRCP,0,,,N,0700
US1TXAS0006,20241007,PRCP,0,,,N,0700
US1TXAS0006,20241008,PRCP,0,,,N,0700
US1TXAS0006,20241009,PRCP,0,,,N,0700
US1TXAS0006,20241010,PRCP,0,,,N,0700
US1TXAS0006,20241011,PRCP,0,,,N,0700
US1TXAS0006,20241012,PRCP,0,,,N,0700
US1TXAS0006,20241013,PRCP,0,,,N,0700
US1TXAS0006,20241014,PRCP,0,,,N,0700
US1TXAS0006,20241015,PRCP,0,,,N,0700
US1TXAS0006,20241016,PRCP,0,,,N,0700
US1TXAS0006,20241017,PRCP,0,,,N,0700
US1TXAS0006,20241018,PRCP,0,,,N,0700
US1TXAS0006,20241019,PRCP,0,,,N,0700
US1TXAS0006,20241020,PRCP,0,,,N,0700
US1TXAS0006,20241021,PRCP,0,,,N,0700
US1TXAS0006,20241022,PRCP,0,,,N,0700
US1TXAS0006,20241023,PRCP,0,,,N,0700
US1TXAS0006,20241024,PRCP,0,,,N,0700
US1TXAS0006,20241025,PRCP,0,,,N,0700
US1TXAS0006,20241026,PRCP,0,,,N,0700
US1TXAS0006,20241027,PRCP,0,,,N,0700
US1TXAS0006,20241028,PRCP,0,,,N,0700
US1TXAS0006,20241029,PRCP,0,,,N,0700
US1TXAS0006,20241030,PRCP,10,,,N,0700
US1TXAS0006,20241031,PRCP,112,,,N,0700
US1TXAS0006,20241001,SNOW,0,,,N,0700
US1TXAS0006,20241002,SNOW,0,,,N,0700
US1TXAS0006,20241003,SNOW,0,,,N,0700
US1TXAS0006,20241004,SNOW,0,,,N,0700
US1TXAS0006,20241005,SNOW,0,,,N,0700
US1TXAS0006,20241006,SNOW,0,,,N,0700
US1TXAS0006,20241007,SNOW,0,,,N,0700
US1TXAS0006,20241008,SNOW,0,,,N,0700
US1TXAS0006,20241009,SNOW,0,,,N,0700
US1TXAS0006,20241010,SNOW,0,,,N,0700
US1TXAS0006,20241011,SNOW,0,,,N,0700
US1TXAS0006,20241012,SNOW,0,,,N,0700
US1TXAS0006,20241013,SNOW,0,,,N,0700
US1TXAS0006,20241014,SNOW,0,,,N,0700
US1TXAS0006,20241015,SNOW,0,,,N,0700
US1TXAS0006,20241016,SNOW,0,,,N,0700
US1TXAS0006,20241017,SNOW,0,,,N,0700
US1TXAS0006,20241018,SNOW,0,,,N,0700
US1TXAS0006,20241019,SNOW,0,,,N,0700
US1TXAS0006,20241020,SNOW,0,,,N,0700
US1TXAS0006,20241021,SNOW,0,,,N,0700
US1TXAS0006,20241022,SNOW,0,,,N,0700
US1TXAS0006,20241023,SNOW,0,,,N,0700
US1TXAS0006,20241024,SNOW,0,,,N,0700
US1TXAS0006,20241025,SNOW,0,,,N,0700
US1TXAS0006,20241026,SNOW,0,,,N,0700
US1TXAS0006,20241027,SNOW,0,,,N,0700
US1TXAS0006,20241028,SNOW,0,,,N,0700
US1TXAS0006,20241029,SNOW,0,,,N,0700
US1TXAS0006,20241030,SNOW,0,,,N,0700
US1TXAS0006,20241031,SNOW,0,,,N,0700
US1TXAS0006,20241101,PRCP,71,,,N,0700
US1TXAS0006,20241102,PRCP,0,,,N,0700
US1TXAS0006,20241103,PRCP,3,,,N,0700
US1TXAS0006,20241104,PRCP,0,,,N,0700
US1TXAS0006,20241105,PRCP,503,,,N,0700
US1TXAS0006,20241106,PRCP,0,,,N,0700
US1TXAS0006,20241107,PRCP,0,,,N,0700
US1TXAS0006,20241108,PRCP,0,,,N,0700
US1TXAS0006,20241109,PRCP,203,,,N,0700
US1TXAS0006,20241110,PRCP,0,,,N,0700
US1TXAS0006,20241111,PRCP,0,,,N,0700
US1TXAS0006,20241112,PRCP,0,,,N,0700
US1TXAS0006,20241113,PRCP,0,,,N,0700
US1TXAS0006,20241114,PRCP,0,,,N,0700
US1TXAS0006,20241115,PRCP,0,,,N,0700
US1TXAS0006,20241116,PRCP,0,,,N,0700
US1TXAS0006,20241117,PRCP,51,,,N,0700
US1TXAS0006,20241118,PRCP,91,,,N,0700
US1TXAS0006,20241119,PRCP,28,,,N,0700
US1TXAS0006,20241120,PRCP,0,,,N,0700
US1TXAS0006,20241121,PRCP,0,,,N,0700
US1TXAS0006,20241122,PRCP,0,,,N,0700
US1TXAS0006,20241123,PRCP,0,,,N,0700
US1TXAS0006,20241124,PRCP,0,,,N,0700
US1TXAS0006,20241125,PRCP,0,,,N,0700
US1TXAS0006,20241126,PRCP,0,,,N,0700
US1TXAS0006,20241127,PRCP,0,,,N,0700
US1TXAS0006,20241128,PRCP,0,,,N,0700
US1TXAS0006,20241129,PRCP,0,,,N,0700
US1TXAS0006,20241130,PRCP,0,,,N,0700
US1TXAS0006,20241101,SNOW,0,,,N,0700
US1TXAS0006,20241102,SNOW,0,,,N,0700
US1TXAS0006,20241103,SNOW,0,,,N,0700
US1TXAS0006,20241104,SNOW,0,,,N,0700
US1TXAS0006,20241105,SNOW,0,,,N,0700
US1TXAS0006,20241106,SNOW,0,,,N,0700
US1TXAS0006,20241107,SNOW,0,,,N,0700
US1TXAS0006,20241108,SNOW,0,,,N,0700
US1TXAS0006,20241109,SNOW,0,,,N,0700
US1TXAS0006,20241110,SNOW,0,,,N,0700
US1TXAS0006,20241111,SNOW,0,,,N,0700
US1TXAS0006,20241112,SNOW,0,,,N,0700
US1TXAS0006,20241113,SNOW,0,,,N,0700
US1TXAS0006,20241114,SNOW,0,,,N,0700
US1TXAS0006,20241115,SNOW,0,,,N,0700
US1TXAS0006,20241116,SNOW,0,,,N,0700
US1TXAS0006,20241117,SNOW,0,,,N,0700
US1TXAS0006,20241118,SNOW,0,,,N,0700
US1TXAS0006,20241119,SNOW,0,,,N,0700
US1TXAS0006,20241120,SNOW,0,,,N,0700
US1TXAS0006,20241121,SNOW,0,,,N,0700
US1TXAS0006,20241122,SNOW,0,,,N,0700
US1TXAS0006,20241123,SNOW,0,,,N,0700
US1TXAS0006,20241124,SNOW,0,,,N,0700
US1TXAS0006,20241125,SNOW,0,,,N,0700
US1TXAS0006,20241126,SNOW,0,,,N,0700
US1TXAS0006,20241127,SNOW,0,,,N,0700
US1TXAS0006,20241128,SNOW,0,,,N,0700
US1TXAS0006,20241129,SNOW,0,,,N,0700
US1TXAS0006,20241130,SNOW,0,,,N,0700
US1TXAS0006,20241201,PRCP,0,,,N,0700
US1TXAS0006,20241202,PRCP,0,,,N,0700
US1TXAS0006,20241203,PRCP,0,,,N,0700
US1TXAS0006,20241204,PRCP,0,T,,N,0700
US1TXAS0006,20241205,PRCP,61,,,N,0700
US1TXAS0006,20241206,PRCP,3,,,N,0700
US1TXAS0006,20241207,PRCP,0,T,,N,0700
US1TXAS0006,20241208,PRCP,81,,,N,0700
US1TXAS0006,20241209,PRCP,69,,,N,0700
US1TXAS0006,20241210,PRCP,0,T,,N,0700
US1TXAS0006,20241211,PRCP,0,,,N,0700
US1TXAS0006,20241212,PRCP,0,,,N,0700
US1TXAS0006,20241213,PRCP,0,T,,N,0700
US1TXAS0006,20241214,PRCP,124,,,N,0700
US1TXAS0006,20241215,PRCP,86,,,N,0700
US1TXAS0006,20241216,PRCP,0,,,N,0700
US1TXAS0006,20241217,PRCP,0,,,N,0700
US1TXAS0006,20241218,PRCP,15,,,N,0700
US1TXAS0006,20241219,PRCP,23,,,N,0700
US1TXAS0006,20241220,PRCP,0,,,N,0700
US1TXAS0006,20241221,PRCP,0,,,N,0700
US1TXAS0006,20241222,PRCP,0,,,N,0700
US1TXAS0006,20241223,PRCP,0,,,N,0700
US1TXAS0006,20241224,PRCP,0,,,N,0700
US1TXAS0006,20241225,PRCP,602,,,N,0700
US1TXAS0006,20241226,PRCP,5,,,N,0700
US1TXAS0006,20241227,PRCP,310,,,N,0700
US1TXAS0006,20241228,PRCP,0,,,N,0700
US1TXAS0006,20241229,PRCP,5,,,N,0700
US1TXAS0006,20241230,PRCP,0,,,N,0700
US1TXAS0006,20241231,PRCP,0,,,N,0700
US1TXAS0006,20241201,SNOW,0,,,N,0700
US1TXAS0006,20241202,SNOW,0,,,N,0700
US1TXAS0006,20241203,SNOW,0,,,N,0700
US1TXAS0006,20241204,SNOW,0,,,N,0700
US1TXAS0006,20241205,SNOW,0,,,N,0700
US1TXAS0006,20241206,SNOW,0,,,N,0700
US1TXAS0006,20241207,SNOW,0,,,N,0700
US1TXAS0006,20241208,SNOW,0,,,N,0700
US1TXAS0006,20241209,SNOW,0,,,N,0700
US1TXAS0006,20241210,SNOW,0,,,N,0700
US1TXAS0006,20241211,SNOW,0,,,N,0700
US1TXAS0006,20241212,SNOW,0,,,N,0700
US1TXAS0006,20241213,SNOW,0,,,N,0700
US1TXAS0006,20241214,SNOW,0,,,N,0700
US1TXAS0006,20241215,SNOW,0,,,N,0700
US1TXAS0006,20241216,SNOW,0,,,N,0700
US1TXAS0006,20241217,SNOW,0,,,N,0700
US1TXAS0006,20241218,SNOW,0,,,N,0700
US1TXAS0006,20241219,SNOW,0,,,N,0700
US1TXAS0006,20241220,SNOW,0,,,N,0700
US1TXAS0006,20241221,SNOW,0,,,N,0700
US1TXAS0006,20241222,SNOW,0,,,N,0700
US1TXAS0006,20241223,SNOW,0,,,N,0700
US1TXAS0006,20241224,SNOW,0,,,N,0700
US1TXAS0006,20241225,SNOW,0,,,N,0700
US1TXAS0006,20241226,SNOW,0,,,N,0700
US1TXAS0006,20241227,SNOW,0,,,N,0700
US1TXAS0006,20241228,SNOW,0,,,N,0700
US1TXAS0006,20241229,SNOW,0,,,N,0700
US1TXAS0006,20241230,SNOW,0,,,N,0700
US1TXAS0006,20241231,SNOW,0,,,N,0700
US1TXAS0006,20250101,PRCP,0,,,N,0700
US1TXAS0006,20250102,PRCP,0,,,N,0700
US1TXAS0006,20250103,PRCP,0,,,N,0700
US1TXAS0006,20250104,PRCP,0,,,N,0700
US1TXAS0006,20250105,PRCP,0,T,,N,0700
US1TXAS0006,20250106,PRCP,124,,,N,0700
US1TXAS0006,20250107,PRCP,0,,,N,0700
US1TXAS0006,20250108,PRCP,0,,,N,0700
US1TXAS0006,20250109,PRCP,0,,,N,0700
US1TXAS0006,20250110,PRCP,612,,,N,0700
US1TXAS0006,20250111,PRCP,0,,,N,0700
US1TXAS0006,20250112,PRCP,0,,,N,0700
US1TXAS0006,20250113,PRCP,0,,,N,0700
US1TXAS0006,20250114,PRCP,0,,,N,0700
US1TXAS0006,20250115,PRCP,3,,,N,0700
US1TXAS0006,20250116,PRCP,8,,,N,0700
US1TXAS0006,20250117,PRCP,0,,,N,0700
US1TXAS0006,20250118,PRCP,0,,,N,0700
US1TXAS0006,20250119,PRCP,0,,,N,0700
US1TXAS0006,20250120,PRCP,0,,,N,0700
US1TXAS0006,20250121,PRCP,46,,,N,0700
US1TXAS0006,20250122,PRCP,8,,,N,0700
US1TXAS0006,20250123,PRCP,0,,,N,0700
US1TXAS0006,20250124,PRCP,0,,,N,0700
US1TXAS0006,20250125,PRCP,0,,,N,0700
US1TXAS0006,20250126,PRCP,38,,,N,0700
US1TXAS0006,20250127,PRCP,99,,,N,0700
US1TXAS0006,20250128,PRCP,0,,,N,0700
US1TXAS0006,20250129,PRCP,20,,,N,0700
US1TXAS0006,20250130,PRCP,0,T,,N,0700
US1TXAS0006,20250131,PRCP,18,,,N,0700
US1TXAS0006,20250101,SNOW,0,,,N,0700
US1TXAS0006,20250102,SNOW,0,,,N,0700
US1TXAS0006,20250103,SNOW,0,,,N,0700
US1TXAS0006,20250104,SNOW,0,,,N,0700
US1TXAS0006,20250105,SNOW,0,,,N,0700
US1TXAS0006,20250106,SNOW,0,,,N,0700
US1TXAS0006,20250107,SNOW,0,,,N,0700
US1TXAS0006,20250108,SNOW,0,,,N,0700
US1TXAS0006,20250109,SNOW,0,,,N,0700
US1TXAS0006,20250110,SNOW,0,,,N,0700
US1TXAS0006,20250111,SNOW,0,,,N,0700
US1TXAS0006,20250112,SNOW,0,,,N,0700
US1TXAS0006,20250113,SNOW,0,,,N,0700
US1TXAS0006,20250114,SNOW,0,,,N,0700
US1TXAS0006,20250115,SNOW,0,,,N,0700
US1TXAS0006,20250116,SNOW,0,,,N,0700
US1TXAS0006,20250117,SNOW,0,,,N,0700
US1TXAS0006,20250118,SNOW,0,,,N,0700
US1TXAS0006,20250119,SNOW,0,,,N,0700
US1TXAS0006,20250120,SNOW,0,,,N,0700
US1TXAS0006,20250121,SNOW,43,,,N,0700
US1TXAS0006,20250122,SNOW,0,T,,N,0700
US1TXAS0006,20250123,SNOW,0,,,N,0700
US1TXAS0006,20250124,SNOW,0,,,N,0700
US1TXAS0006,20250125,SNOW,0,,,N,0700
US1TXAS0006,20250126,SNOW,0,,,N,0700
US1TXAS0006,20250127,SNOW,0,,,N,0700
US1TXAS0006,20250128,SNOW,0,,,N,0700
US1TXAS0006,20250129,SNOW,0,,,N,0700
US1TXAS0006,20250130,SNOW,0,,,N,0700
US1TXAS0006,20250131,SNOW,0,,,N,0700
US1TXAS0006,20250121,SNWD,38,,,N,0700
US1TXAS0006,20250122,SNWD,0,,,N,0700
US1TXAS0006,20250121,WESD,46,,,N,0700
US1TXAS0006,20250122,WESD,0,,,N,0700
US1TXAS0006,20250121,WESF,46,,,N,0700
US1TXAS0006,20250122,WESF,0,T,,N,0700
US1TXAS0006,20250201,PRCP,0,,,N,0700
US1TXAS0006,20250202,PRCP,0,,,N,0700
US1TXAS0006,20250203,PRCP,0,,,N,0700
US1TXAS0006,20250204,PRCP,0,,,N,0700
US1TXAS0006,20250205,PRCP,0,,,N,0700
US1TXAS0006,20250206,PRCP,0,,,N,0700
US1TXAS0006,20250207,PRCP,0,,,N,0700
US1TXAS0006,20250208,PRCP,0,,,N,0700
US1TXAS0006,20250209,PRCP,0,,,N,0700
US1TXAS0006,20250210,PRCP,0,,,N,0700
US1TXAS0006,20250211,PRCP,3,,,N,0700
US1TXAS0006,20250212,PRCP,56,,,N,0700
US1TXAS0006,20250213,PRCP,30,,,N,0700
US1TXAS0006,20250214,PRCP,0,,,N,0700
US1TXAS0006,20250215,PRCP,8,,,N,0700
US1TXAS0006,20250216,PRCP,5,,,N,0700
US1TXAS0006,20250217,PRCP,0,,,N,0700
US1TXAS0006,20250218,PRCP,0,,,N,0700
US1TXAS0006,20250219,PRCP,142,,,N,0700
US1TXAS0006,20250220,PRCP,0,,,N,0700
US1TXAS0006,20250221,PRCP,0,,,N,0700
US1TXAS0006,20250222,PRCP,0,,,N,0700
US1TXAS0006,20250223,PRCP,69,,,N,0700
US1TXAS0006,20250224,PRCP,3,,,N,0700
US1TXAS0006,20250225,PRCP,0,,,N,0700
US1TXAS0006,20250226,PRCP,0,,,N,0700
US1TXAS0006,20250227,PRCP,0,,,N,0700
US1TXAS0006,20250228,PRCP,0,,,N,0700
US1TXAS0006,20250201,SNOW,0,,,N,0700
US1TXAS0006,20250202,SNOW,0,,,N,0700
US1TXAS0006,20250203,SNOW,0,,,N,0700
US1TXAS0006,20250204,SNOW,0,,,N,0700
US1TXAS0006,20250205,SNOW,0,,,N,0700
US1TXAS0006,20250206,SNOW,0,,,N,0700
US1TXAS0006,20250207,SNOW,0,,,N,0700
US1TXAS0006,20250208,SNOW,0,,,N,0700
US1TXAS0006,20250209,SNOW,0,,,N,0700
US1TXAS0006,20250210,SNOW,0,,,N,0700
US1TXAS0006,20250211,SNOW,0,,,N,0700
US1TXAS0006,20250212,SNOW,0,,,N,0700
US1TXAS0006,20250213,SNOW,0,,,N,0700
US1TXAS0006,20250214,SNOW,0,,,N,0700
US1TXAS0006,20250215,SNOW,0,,,N,0700
US1TXAS0006,20250216,SNOW,0,,,N,0700
US1TXAS0006,20250217,SNOW,0,,,N,0700
US1TXAS0006,20250218,SNOW,0,,,N,0700
US1TXAS0006,20250219,SNOW,0,,,N,0700
US1TXAS0006,20250220,SNOW,0,,,N,0700
US1TXAS0006,20250221,SNOW,0,,,N,0700
US1TXAS0006,20250222,SNOW,0,,,N,0700
US1TXAS0006,20250223,SNOW,0,,,N,0700
US1TXAS0006,20250224,SNOW,0,,,N,0700
US1TXAS0006,20250225,SNOW,0,,,N,0700
US1TXAS0006,20250226,SNOW,0,,,N,0700
US1TXAS0006,20250227,SNOW,0,,,N,0700
US1TXAS0006,20250228,SNOW,0,,,N,0700
US1TXAS0006,20250301,PRCP,0,,,N,0700
US1TXAS0006,20250302,PRCP,0,,,N,0700
US1TXAS0006,20250303,PRCP,0,,,N,0700
US1TXAS0006,20250304,PRCP,28,,,N,0715
US1TXAS0006,20250305,PRCP,30,,,N,0700
US1TXAS0006,20250306,PRCP,0,,,N,0700
US1TXAS0006,20250307,PRCP,0,,,N,0700
US1TXAS0006,20250308,PRCP,0,T,,N,0700
US1TXAS0006,20250309,PRCP,15,,,N,0700
US1TXAS0006,20250310,PRCP,0,,,N,0700
US1TXAS0006,20250311,PRCP,0,,,N,0700
US1TXAS0006,20250312,PRCP,0,,,N,0700
US1TXAS0006,20250313,PRCP,0,,,N,0700
US1TXAS0006,20250314,PRCP,0,,,N,0700
US1TXAS0006,20250315,PRCP,0,,,N,0700
US1TXAS0006,20250316,PRCP,0,,,N,0700
US1TXAS0006,20250317,PRCP,0,,,N,0700
US1TXAS0006,20250318,PRCP,0,,,N,0700
US1TXAS0006,20250319,PRCP,0,,,N,0700
US1TXAS0006,20250320,PRCP,0,,,N,0700
US1TXAS0006,20250321,PRCP,0,,,N,0700
US1TXAS0006,20250322,PRCP,0,,,N,0700
US1TXAS0006,20250323,PRCP,0,,,N,0700
US1TXAS0006,20250324,PRCP,135,,,N,0700
US1TXAS0006,20250325,PRCP,0,,,N,0700
US1TXAS0006,20250326,PRCP,0,,,N,0700
US1TXAS0006,20250327,PRCP,23,,,N,0700
US1TXAS0006,20250328,PRCP,203,,,N,0700
US1TXAS0006,20250329,PRCP,23,,,N,0700
US1TXAS0006,20250330,PRCP,0,,,N,0700
US1TXAS0006,20250331,PRCP,0,,,N,0700
US1TXAS0006,20250301,SNOW,0,,,N,0700
US1TXAS0006,20250302,SNOW,0,,,N,0700
US1TXAS0006,20250303,SNOW,0,,,N,0700
US1TXAS0006,20250304,SNOW,0,,,N,0715
US1TXAS0006,20250305,SNOW,0,,,N,0700
US1TXAS0006,20250306,SNOW,0,,,N,0700
US1TXAS0006,20250307,SNOW,0,,,N,0700
US1TXAS0006,20250308,SNOW,0,,,N,0700
US1TXAS0006,20250309,SNOW,0,,,N,0700
US1TXAS0006,20250310,SNOW,0,,,N,0700
US1TXAS0006,20250311,SNOW,0,,,N,0700
US1TXAS0006,20250312,SNOW,0,,,N,0700
US1TXAS0006,20250313,SNOW,0,,,N,0700
US1TXAS0006,20250314,SNOW,0,,,N,0700
US1TXAS0006,20250315,SNOW,0,,,N,0700
US1TXAS0006,20250316,SNOW,0,,,N,0700
US1TXAS0006,20250317,SNOW,0,,,N,0700
US1TXAS0006,20250318,SNOW,0,,,N,0700
US1TXAS0006,20250319,SNOW,0,,,N,0700
US1TXAS0006,20250320,SNOW,0,,,N,0700
US1TXAS0006,20250321,SNOW,0,,,N,0700
US1TXAS0006,20250322,SNOW,0,,,N,0700
US1TXAS0006,20250323,SNOW,0,,,N,0700
US1TXAS0006,20250324,SNOW,0,,,N,0700
US1TXAS0006,20250325,SNOW,0,,,N,0700
US1TXAS0006,20250326,SNOW,0,,,N,0700
US1TXAS0006,20250327,SNOW,0,,,N,0700
US1TXAS0006,20250328,SNOW,0,,,N,0700
US1TXAS0006,20250329,SNOW,0,,,N,0700
US1TXAS0006,20250330,SNOW,0,,,N,0700
US1TXAS0006,20250331,SNOW,0,,,N,0700
US1TXAS0006,20250401,PRCP,0,,,N,0700
US1TXAS0006,20250402,PRCP,0,,,N,0700
US1TXAS0006,20250403,PRCP,0,T,,N,0700
US1TXAS0006,20250404,PRCP,0,,,N,0700
US1TXAS0006,20250405,PRCP,0,,,N,0700
US1TXAS0006,20250406,PRCP,5,,,N,0700
US1TXAS0006,20250407,PRCP,0,,,N,0700
US1TXAS0006,20250408,PRCP,0,,,N,0700
US1TXAS0006,20250409,PRCP,0,,,N,0700
US1TXAS0006,20250410,PRCP,0,,,N,0700
US1TXAS0006,20250411,PRCP,0,,,N,0700
US1TXAS0006,20250412,PRCP,0,,,N,0700
US1TXAS0006,20250413,PRCP,0,,,N,0700
US1TXAS0006,20250414,PRCP,0,,,N,0700
US1TXAS0006,20250415,PRCP,0,,,N,0700
US1TXAS0006,20250416,PRCP,0,,,N,0700
US1TXAS0006,20250417,PRCP,0,,,N,0700
US1TXAS0006,20250418,PRCP,0,,,N,0700
US1TXAS0006,20250419,PRCP,0,,,N,0700
US1TXAS0006,20250420,PRCP,0,,,N,0700
US1TXAS0006,20250421,PRCP,249,,,N,0700
US1TXAS0006,20250422,PRCP,0,,,N,0700
US1TXAS0006,20250423,PRCP,64,,,N,0700
US1TXAS0006,20250424,PRCP,292,,,N,0700
US1TXAS0006,20250425,PRCP,28,,,N,0700
US1TXAS0006,20250426,PRCP,0,,,N,0700
US1TXAS0006,20250427,PRCP,0,,,N,0700
US1TXAS0006,20250428,PRCP,0,,,N,0700
US1TXAS0006,20250429,PRCP,0,,,N,0700
US1TXAS0006,20250430,PRCP,0,,,N,0700
US1TXAS0006,20250401,SNOW,0,,,N,0700
US1TXAS0006,20250402,SNOW,0,,,N,0700
US1TXAS0006,20250403,SNOW,0,,,N,0700
US1TXAS0006,20250404,SNOW,0,,,N,0700
US1TXAS0006,20250405,SNOW,0,,,N,0700
US1TXAS0006,20250406,SNOW,0,,,N,0700
US1TXAS0006,20250407,SNOW,0,,,N,0700
US1TXAS0006,20250408,SNOW,0,,,N,0700
US1TXAS0006,20250409,SNOW,0,,,N,0700
US1TXAS0006,20250410,SNOW,0,,,N,0700
US1TXAS0006,20250411,SNOW,0,,,N,0700
US1TXAS0006,20250412,SNOW,0,,,N,0700
US1TXAS0006,20250413,SNOW,0,,,N,0700
US1TXAS0006,20250414,SNOW,0,,,N,0700
US1TXAS0006,20250415,SNOW,0,,,N,0700
US1TXAS0006,20250416,SNOW,0,,,N,0700
US1TXAS0006,20250417,SNOW,0,,,N,0700
US1TXAS0006,20250418,SNOW,0,,,N,0700
US1TXAS0006,20250419,SNOW,0,,,N,0700
US1TXAS0006,20250420,SNOW,0,,,N,0700
US1TXAS0006,20250421,SNOW,0,,,N,0700
US1TXAS0006,20250422,SNOW,0,,,N,0700
US1TXAS0006,20250423,SNOW,0,,,N,0700
US1TXAS0006,20250424,SNOW,0,,,N,0700
US1TXAS0006,20250425,SNOW,0,,,N,0700
US1TXAS0006,20250426,SNOW,0,,,N,0700
US1TXAS0006,20250427,SNOW,0,,,N,0700
US1TXAS0006,20250428,SNOW,0,,,N,0700
US1TXAS0006,20250429,SNOW,0,,,N,0700
US1TXAS0006,20250430,SNOW,0,,,N,0700
US1TXAS0006,20250501,PRCP,3,,,N,0700
US1TXAS0006,20250502,PRCP,0,,,N,0700
US1TXAS0006,20250503,PRCP,71,,,N,0700
US1TXAS0006,20250504,PRCP,0,,,N,0700
US1TXAS0006,20250505,PRCP,0,,,N,0700
US1TXAS0006,20250506,PRCP,10,,,N,0700
US1TXAS0006,20250507,PRCP,99,,,N,0700
US1TXAS0006,20250508,PRCP,0,,,N,0700
US1TXAS0006,20250509,PRCP,5,,,N,0700
US1TXAS0006,20250510,PRCP,0,,,N,0700
US1TXAS0006,20250511,PRCP,0,,,N,0700
US1TXAS0006,20250512,PRCP,0,,,N,0700
US1TXAS0006,20250513,PRCP,0,,,N,0700
US1TXAS0006,20250514,PRCP,0,,,N,0700
US1TXAS0006,20250515,PRCP,0,,,N,0700
US1TXAS0006,20250516,PRCP,0,,,N,0700
US1TXAS0006,20250517,PRCP,0,,,N,0645
US1TXAS0006,20250518,PRCP,0,,,N,0700
US1TXAS0006,20250519,PRCP,0,,,N,0700
US1TXAS0006,20250520,PRCP,0,,,N,0700
US1TXAS0006,20250521,PRCP,0,,,N,0700
US1TXAS0006,20250522,PRCP,0,,,N,0700
US1TXAS0006,20250523,PRCP,0,,,N,0700
US1TXAS0006,20250524,PRCP,0,,,N,0700
US1TXAS0006,20250525,PRCP,0,,,N,0700
US1TXAS0006,20250526,PRCP,0,,,N,0700
US1TXAS0006,20250527,PRCP,546,,,N,0700
US1TXAS0006,20250528,PRCP,0,,,N,0700
US1TXAS0006,20250529,PRCP,28,,,N,0700
US1TXAS0006,20250530,PRCP,0,,,N,0700
US1TXAS0006,20250531,PRCP,61,,,N,0700
US1TXAS0006,20250501,SNOW,0,,,N,0700
US1TXAS0006,20250502,SNOW,0,,,N,0700
US1TXAS0006,20250503,SNOW,0,,,N,0700
US1TXAS0006,20250504,SNOW,0,,,N,0700
US1TXAS0006,20250505,SNOW,0,,,N,0700
US1TXAS0006,20250506,SNOW,0,,,N,0700
US1TXAS0006,20250507,SNOW,0,,,N,0700
US1TXAS0006,20250508,SNOW,0,,,N,0700
US1TXAS0006,20250509,SNOW,0,,,N,0700
US1TXAS0006,20250510,SNOW,0,,,N,0700
US1TXAS0006,20250511,SNOW,0,,,N,0700
US1TXAS0006,20250512,SNOW,0,,,N,0700
US1TXAS0006,20250513,SNOW,0,,,N,0700
US1TXAS0006,20250514,SNOW,0,,,N,0700
US1TXAS0006,20250515,SNOW,0,,,N,0700
US1TXAS0006,20250516,SNOW,0,,,N,0700
US1TXAS0006,20250517,SNOW,0,,,N,0645
US1TXAS0006,20250518,SNOW,0,,,N,0700
US1TXAS0006,20250519,SNOW,0,,,N,0700
US1TXAS0006,20250520,SNOW,0,,,N,0700
US1TXAS0006,20250521,SNOW,0,,,N,0700
US1TXAS0006,20250522,SNOW,0,,,N,0700
US1TXAS0006,20250523,SNOW,0,,,N,0700
US1TXAS0006,20250524,SNOW,0,,,N,0700
US1TXAS0006,20250525,SNOW,0,,,N,0700
US1TXAS0006,20250526,SNOW,0,,,N,0700
US1TXAS0006,20250527,SNOW,0,,,N,0700
US1TXAS0006,20250528,SNOW,0,,,N,0700
US1TXAS0006,20250529,SNOW,0,,,N,0700
US1TXAS0006,20250530,SNOW,0,,,N,0700
US1TXAS0006,20250531,SNOW,0,,,N,0700
US1TXAS0006,20250601,PRCP,0,,,N,0700
US1TXAS0006,20250602,PRCP,0,,,N,0700
US1TXAS0006,20250603,PRCP,0,,,N,0700
US1TXAS0006,20250604,PRCP,0,,,N,0700
US1TXAS0006,20250605,PRCP,84,,,N,0700
US1TXAS0006,20250606,PRCP,0,,,N,0700
US1TXAS0006,20250607,PRCP,0,,,N,0700
US1TXAS0006,20250608,PRCP,0,,,N,0700
US1TXAS0006,20250609,PRCP,0,,,N,0700
US1TXAS0006,20250610,PRCP,152,,,N,0700
US1TXAS0006,20250611,PRCP,23,,,N,0700
US1TXAS0006,20250612,PRCP,384,,,N,0700
US1TXAS0006,20250613,PRCP,198,,,N,0700
US1TXAS0006,20250614,PRCP,8,,,N,0700
US1TXAS0006,20250615,PRCP,79,,,N,0700
US1TXAS0006,20250616,PRCP,89,,,N,0700
US1TXAS0006,20250617,PRCP,0,,,N,0700
US1TXAS0006,20250618,PRCP,0,,,N,0700
US1TXAS0006,20250619,PRCP,0,,,N,0700
US1TXAS0006,20250620,PRCP,0,,,N,0700
US1TXAS0006,20250621,PRCP,0,,,N,0700
US1TXAS0006,20250622,PRCP,0,,,N,0700
US1TXAS0006,20250623,PRCP,0,,,N,0700
US1TXAS0006,20250624,PRCP,0,T,,N,0700
US1TXAS0006,20250625,PRCP,8,,,N,0700
US1TXAS0006,20250626,PRCP,18,,,N,0700
US1TXAS0006,20250627,PRCP,0,,,N,0700
US1TXAS0006,20250628,PRCP,0,,,N,0700
US1TXAS0006,20250629,PRCP,0,,,N,0700
US1TXAS0006,20250630,PRCP,132,,,N,0700
US1TXAS0006,20250601,SNOW,0,,,N,0700
US1TXAS0006,20250602,SNOW,0,,,N,0700
US1TXAS0006,20250603,SNOW,0,,,N,0700
US1TXAS0006,20250604,SNOW,0,,,N,0700
US1TXAS0006,20250605,SNOW,0,,,N,0700
US1TXAS0006,20250606,SNOW,0,,,N,0700
US1TXAS0006,20250607,SNOW,0,,,N,0700
US1TXAS0006,20250608,SNOW,0,,,N,0700
US1TXAS0006,20250609,SNOW,0,,,N,0700
US1TXAS0006,20250610,SNOW,0,,,N,0700
US1TXAS0006,20250611,SNOW,0,,,N,0700
US1TXAS0006,20250612,SNOW,0,,,N,0700
US1TXAS0006,20250613,SNOW,0,,,N,0700
US1TXAS0006,20250614,SNOW,0,,,N,0700
US1TXAS0006,20250615,SNOW,0,,,N,0700
US1TXAS0006,20250616,SNOW,0,,,N,0700
US1TXAS0006,20250617,SNOW,0,,,N,0700
US1TXAS0006,20250618,SNOW,0,,,N,0700
US1TXAS0006,20250619,SNOW,0,,,N,0700
US1TXAS0006,20250620,SNOW,0,,,N,0700
US1TXAS0006,20250621,SNOW,0,,,N,0700
US1TXAS0006,20250622,SNOW,0,,,N,0700
US1TXAS0006,20250623,SNOW,0,,,N,0700
US1TXAS0006,20250624,SNOW,0,,,N,0700
US1TXAS0006,20250625,SNOW,0,,,N,0700
US1TXAS0006,20250626,SNOW,0,,,N,0700
US1TXAS0006,20250627,SNOW,0,,,N,0700
US1TXAS0006,20250628,SNOW,0,,,N,0700
US1TXAS0006,20250629,SNOW,0,,,N,0700
US1TXAS0006,20250630,SNOW,0,,,N,0700
US1TXAS0006,20250701,PRCP,15,,,N,0700
US1TXAS0006,20250702,PRCP,0,,,N,0700
US1TXAS0006,20250703,PRCP,0,,,N,0700
US1TXAS0006,20250704,PRCP,15,,,N,0700
US1TXAS0006,20250705,PRCP,0,,,N,0700
US1TXAS0006,20250706,PRCP,183,,,N,0700
US1TXAS0006,20250707,PRCP,64,,,N,0700
US1TXAS0006,20250708,PRCP,8,,,N,0700
US1TXAS0006,20250709,PRCP,384,,,N,0700
US1TXAS0006,20250710,PRCP,30,,,N,0700
US1TXAS0006,20250711,PRCP,30,,,N,0700
US1TXAS0006,20250712,PRCP,53,,,N,0700
US1TXAS0006,20250713,PRCP,81,,,N,0700
US1TXAS0006,20250714,PRCP,10,,,N,0700
US1TXAS0006,20250715,PRCP,15,,,N,0700
US1TXAS0006,20250716,PRCP,0,,,N,0700
US1TXAS0006,20250717,PRCP,0,,,N,0700
US1TXAS0006,20250718,PRCP,0,,,N,0700
US1TXAS0006,20250719,PRCP,0,,,N,0700
US1TXAS0006,20250720,PRCP,28,,,N,0700
US1TXAS0006,20250721,PRCP,0,,,N,0700
US1TXAS0006,20250722,PRCP,0,,,N,0700
US1TXAS0006,20250723,PRCP,0,,,N,0700
US1TXAS0006,20250724,PRCP,0,,,N,0700
US1TXAS0006,20250725,PRCP,0,,,N,0700
US1TXAS0006,20250726,PRCP,79,,,N,0700
US1TXAS0006,20250727,PRCP,8,,,N,0700
US1TXAS0006,20250728,PRCP,117,,,N,0700
US1TXAS0006,20250729,PRCP,0,,,N,0700
US1TXAS0006,20250730,PRCP,0,,,N,0700
US1TXAS0006,20250731,PRCP,0,,,N,0700
US1TXAS0006,20250701,SNOW,0,,,N,0700
US1TXAS0006,20250702,SNOW,0,,,N,0700
US1TXAS0006,20250703,SNOW,0,,,N,0700
US1TXAS0006,20250704,SNOW,0,,,N,0700
US1TXAS0006,20250705,SNOW,0,,,N,0700
US1TXAS0006,20250706,SNOW,0,,,N,0700
US1TXAS0006,20250707,SNOW,0,,,N,0700
US1TXAS0006,20250708,SNOW,0,,,N,0700
US1TXAS0006,20250709,SNOW,0,,,N,0700
US1TXAS0006,20250710,SNOW,0,,,N,0700
US1TXAS0006,20250711,SNOW,0,,,N,0700
US1TXAS0006,20250712,SNOW,0,,,N,0700
US1TXAS0006,20250713,SNOW,0,,,N,0700
US1TXAS0006,20250714,SNOW,0,,,N,0700
US1TXAS0006,20250715,SNOW,0,,,N,0700
US1TXAS0006,20250716,SNOW,0,,,N,0700
US1TXAS0006,20250717,SNOW,0,,,N,0700
US1TXAS0006,20250718,SNOW,0,,,N,0700
US1TXAS0006,20250719,SNOW,0,,,N,0700
US1TXAS0006,20250720,SNOW,0,,,N,0700
US1TXAS0006,20250721,SNOW,0,,,N,0700
US1TXAS0006,20250722,SNOW,0,,,N,0700
US1TXAS0006,20250723,SNOW,0,,,N,0700
US1TXAS0006,20250724,SNOW,0,,,N,0700
US1TXAS0006,20250725,SNOW,0,,,N,0700
US1TXAS0006,20250726,SNOW,0,,,N,0700
US1TXAS0006,20250727,SNOW,0,,,N,0700
US1TXAS0006,20250728,SNOW,0,,,N,0700
US1TXAS0006,20250729,SNOW,0,,,N,0700
US1TXAS0006,20250730,SNOW,0,,,N,0700
US1TXAS0006,20250731,SNOW,0,,,N,0700
US1TXAS0006,20250801,PRCP,0,,,N,0700
US1TXAS0006,20250802,PRCP,0,,,N,0700
US1TXAS0006,20250803,PRCP,0,,,N,0700
US1TXAS0006,20250804,PRCP,0,,,N,0700
US1TXAS0006,20250805,PRCP,196,,,N,0700
US1TXAS0006,20250806,PRCP,8,,,N,0700
US1TXAS0006,20250807,PRCP,0,T,,N,0700
US1TXAS0006,20250808,PRCP,0,,,N,0700
US1TXAS0006,20250809,PRCP,0,,,N,0700
US1TXAS0006,20250810,PRCP,36,,,N,0700
US1TXAS0006,20250811,PRCP,0,,,N,0700
US1TXAS0006,20250812,PRCP,0,,,N,0700
US1TXAS0006,20250813,PRCP,0,,,N,0700
US1TXAS0006,20250814,PRCP,0,,,N,0700
US1TXAS0006,20250815,PRCP,0,,,N,0700
US1TXAS0006,20250816,PRCP,0,,,N,0700
US1TXAS0006,20250817,PRCP,0,,,N,0700
US1TXAS0006,20250818,PRCP,0,,,N,0700
US1TXAS0006,20250819,PRCP,0,,,N,0700
US1TXAS0006,20250820,PRCP,483,,,N,0700
US1TXAS0006,20250821,PRCP,0,,,N,0700
US1TXAS0006,20250822,PRCP,8,,,N,0700
US1TXAS0006,20250823,PRCP,0,T,,N,0700
US1TXAS0006,20250824,PRCP,0,,,N,0700
US1TXAS0006,20250825,PRCP,0,,,N,0700
US1TXAS0006,20250826,PRCP,0,,,N,0700
US1TXAS0006,20250827,PRCP,0,,,N,0700
US1TXAS0006,20250828,PRCP,5,,,N,0700
US1TXAS0006,20250829,PRCP,0,,,N,0700
US1TXAS0006,20250830,PRCP,97,,,N,0700
US1TXAS0006,20250831,PRCP,0,,,N,0700
US1TXAS0006,20250801,SNOW,0,,,N,0700
US1TXAS0006,20250802,SNOW,0,,,N,0700
US1TXAS0006,20250803,SNOW,0,,,N,0700
US1TXAS0006,20250804,SNOW,0,,,N,0700
US1TXAS0006,20250805,SNOW,0,,,N,0700
US1TXAS0006,20250806,SNOW,0,,,N,0700
US1TXAS0006,20250807,SNOW,0,,,N,0700
US1TXAS0006,20250808,SNOW,0,,,N,0700
US1TXAS0006,20250809,SNOW,0,,,N,0700
US1TXAS0006,20250810,SNOW,0,,,N,0700
US1TXAS0006,20250811,SNOW,0,,,N,0700
US1TXAS0006,20250812,SNOW,0,,,N,0700
US1TXAS0006,20250813,SNOW,0,,,N,0700
US1TXAS0006,20250814,SNOW,0,,,N,0700
US1TXAS0006,20250815,SNOW,0,,,N,0700
US1TXAS0006,20250816,SNOW,0,,,N,0700
US1TXAS0006,20250817,SNOW,0,,,N,0700
US1TXAS0006,20250818,SNOW,0,,,N,0700
US1TXAS0006,20250819,SNOW,0,,,N,0700
US1TXAS0006,20250820,SNOW,0,,,N,0700
US1TXAS0006,20250821,SNOW,0,,,N,0700
US1TXAS0006,20250822,SNOW,0,,,N,0700
US1TXAS0006,20250823,SNOW,0,,,N,0700
US1TXAS0006,20250824,SNOW,0,,,N,0700
US1TXAS0006,20250825,SNOW,0,,,N,0700
US1TXAS0006,20250826,SNOW,0,,,N,0700
US1TXAS0006,20250827,SNOW,0,,,N,0700
US1TXAS0006,20250828,SNOW,0,,,N,0700
US1TXAS0006,20250829,SNOW,0,,,N,0700
US1TXAS0006,20250830,SNOW,0,,,N,0700
US1TXAS0006,20250831,SNOW,0,,,N,0700
US1TXAS0006,20250901,PRCP,1125,,,N,0700
US1TXAS0006,20250902,PRCP,0,,,N,0700
US1TXAS0006,20250903,PRCP,0,,,N,0700
US1TXAS0006,20250904,PRCP,23,,,N,0700
US1TXAS0006,20250905,PRCP,0,,,N,0700
US1TXAS0006,20250906,PRCP,0,,,N,0700
US1TXAS0006,20250907,PRCP,0,,,N,0700
US1TXAS0006,20250908,PRCP,66,,,N,0700
US1TXAS0006,20250909,PRCP,0,,,N,0700
US1TXAS0006,20250910,PRCP,0,,,N,0700
US1TXAS0006,20250911,PRCP,0,,,N,0700
US1TXAS0006,20250912,PRCP,3,,,N,0700
US1TXAS0006,20250913,PRCP,0,,,N,0700
US1TXAS0006,20250914,PRCP,0,,,N,0700
US1TXAS0006,20250915,PRCP,0,,,N,0700
US1TXAS0006,20250916,PRCP,0,,,N,0700
US1TXAS0006,20250917,PRCP,0,,,N,0700
US1TXAS0006,20250918,PRCP,0,,,N,0700
US1TXAS0006,20250919,PRCP,0,,,N,0700
US1TXAS0006,20250920,PRCP,0,,,N,0700
US1TXAS0006,20250921,PRCP,0,,,N,0700
US1TXAS0006,20250922,PRCP,10,,,N,0700
US1TXAS0006,20250923,PRCP,0,,,N,0700
US1TXAS0006,20250924,PRCP,0,,,N,0700
US1TXAS0006,20250925,PRCP,5,,,N,0700
US1TXAS0006,20250926,PRCP,0,,,N,0700
US1TXAS0006,20250927,PRCP,0,,,N,0700
US1TXAS0006,20250928,PRCP,0,,,N,0700
US1TXAS0006,20250929,PRCP,0,,,N,0700
US1TXAS0006,20250930,PRCP,0,,,N,0700
US1TXAS0006,20250901,SNOW,0,,,N,0700
US1TXAS0006,20250902,SNOW,0,,,N,0700
US1TXAS0006,20250903,SNOW,0,,,N,0700
US1TXAS0006,20250904,SNOW,0,,,N,0700
US1TXAS0006,20250905,SNOW,0,,,N,0700
US1TXAS0006,20250906,SNOW,0,,,N,0700
US1TXAS0006,20250907,SNOW,0,,,N,0700
US1TXAS0006,20250908,SNOW,0,,,N,0700
US1TXAS0006,20250909,SNOW,0,,,N,0700
US1TXAS0006,20250910,SNOW,0,,,N,0700
US1TXAS0006,20250911,SNOW,0,,,N,0700
US1TXAS0006,20250912,SNOW,0,,,N,0700
US1TXAS0006,20250913,SNOW,0,,,N,0700
US1TXAS0006,20250914,SNOW,0,,,N,0700
US1TXAS0006,20250915,SNOW,0,,,N,0700
US1TXAS0006,20250916,SNOW,0,,,N,0700
US1TXAS0006,20250917,SNOW,0,,,N,0700
US1TXAS0006,20250918,SNOW,0,,,N,0700
US1TXAS0006,20250919,SNOW,0,,,N,0700
US1TXAS0006,20250920,SNOW,0,,,N,0700
US1TXAS0006,20250921,SNOW,0,,,N,0700
US1TXAS0006,20250922,SNOW,0,,,N,0700
US1TXAS0006,20250923,SNOW,0,,,N,0700
US1TXAS0006,20250924,SNOW,0,,,N,0700
US1TXAS0006,20250925,SNOW,0,,,N,0700
US1TXAS0006,20250926,SNOW,0,,,N,0700
US1TXAS0006,20250927,SNOW,0,,,N,0700
US1TXAS0006,20250928,SNOW,0,,,N,0700
US1TXAS0006,20250929,SNOW,0,,,N,0700
US1TXAS0006,20250930,SNOW,0,,,N,0700
US1TXAS0006,20251001,PRCP,0,,,N,0700
US1TXAS0006,20251002,PRCP,0,,,N,0700
US1TXAS0006,20251003,PRCP,0,,,N,0700
US1TXAS0006,20251004,PRCP,0,,,N,0700
US1TXAS0006,20251005,PRCP,0,,,N,0700
US1TXAS0006,20251006,PRCP,0,,,N,0700
US1TXAS0006,20251007,PRCP,0,,,N,0700
US1TXAS0006,20251008,PRCP,0,,,N,0700
US1TXAS0006,20251009,PRCP,0,,,N,0700
US1TXAS0006,20251010,PRCP,0,,,N,0700
US1TXAS0006,20251011,PRCP,0,,,N,0700
US1TXAS0006,20251012,PRCP,0,,,N,0700
US1TXAS0006,20251013,PRCP,0,,,N,0700
US1TXAS0006,20251014,PRCP,0,,,N,0700
US1TXAS0006,20251015,PRCP,0,,,N,0700
US1TXAS0006,20251016,PRCP,0,,,N,0700
US1TXAS0006,20251017,PRCP,0,,,N,0700
US1TXAS0006,20251018,PRCP,0,,,N,0700
US1TXAS0006,20251019,PRCP,0,,,N,0700
US1TXAS0006,20251020,PRCP,0,,,N,0700
US1TXAS0006,20251021,PRCP,0,,,N,0700
US1TXAS0006,20251022,PRCP,0,,,N,0700
US1TXAS0006,20251023,PRCP,0,,,N,0700
US1TXAS0006,20251024,PRCP,0,,,N,0700
US1TXAS0006,20251025,PRCP,368,,,N,0700
US1TXAS0006,20251026,PRCP,170,,,N,0700
US1TXAS0006,20251027,PRCP,0,,,N,0700
US1TXAS0006,20251028,PRCP,0,,,N,0700
US1TXAS0006,20251029,PRCP,0,,,N,0700
US1TXAS0006,20251030,PRCP,0,,,N,0700
US1TXAS0006,20251031,PRCP,0,,,N,0700
US1TXAS0006,20251001,SNOW,0,,,N,0700
US1TXAS0006,20251002,SNOW,0,,,N,0700
US1TXAS0006,20251003,SNOW,0,,,N,0700
US1TXAS0006,20251004,SNOW,0,,,N,0700
US1TXAS0006,20251005,SNOW,0,,,N,0700
US1TXAS0006,20251006,SNOW,0,,,N,0700
US1TXAS0006,20251007,SNOW,0,,,N,0700
US1TXAS0006,20251008,SNOW,0,,,N,0700
US1TXAS0006,20251009,SNOW,0,,,N,0700
US1TXAS0006,20251010,SNOW,0,,,N,0700
US1TXAS0006,20251011,SNOW,0,,,N,0700
US1TXAS0006,20251012,SNOW,0,,,N,0700
US1TXAS0006,20251013,SNOW,0,,,N,0700
US1TXAS0006,20251014,SNOW,0,,,N,0700
US1TXAS0006,20251015,SNOW,0,,,N,0700
US1TXAS0006,20251016,SNOW,0,,,N,0700
US1TXAS0006,20251017,SNOW,0,,,N,0700
US1TXAS0006,20251018,SNOW,0,,,N,0700
US1TXAS0006,20251019,SNOW,0,,,N,0700
US1TXAS0006,20251020,SNOW,0,,,N,0700
US1TXAS0006,20251021,SNOW,0,,,N,0700
US1TXAS0006,20251022,SNOW,0,,,N,0700
US1TXAS0006,20251023,SNOW,0,,,N,0700
US1TXAS0006,20251024,SNOW,0,,,N,0700
US1TXAS0006,20251025,SNOW,0,,,N,0700
US1TXAS0006,20251026,SNOW,0,,,N,0700
US1TXAS0006,20251027,SNOW,0,,,N,0700
US1TXAS0006,20251028,SNOW,0,,,N,0700
US1TXAS0006,20251029,SNOW,0,,,N,0700
US1TXAS0006,20251030,SNOW,0,,,N,0700
US1TXAS0006,20251031,SNOW,0,,,N,0700
US1TXAS0006,20251101,PRCP,0,,,N,0700
US1TXAS0006,20251102,PRCP,8,,,N,0700
US1TXAS0006,20251103,PRCP,0,,,N,0700
US1TXAS0006,20251104,PRCP,0,,,N,0700
US1TXAS0006,20251105,PRCP,0,,,N,0700
US1TXAS0006,20251106,PRCP,0,,,N,0700
US1TXAS0006,20251107,PRCP,0,,,N,0700
US1TXAS0006,20251108,PRCP,0,,,N,0700
US1TXAS0006,20251109,PRCP,0,,,N,0700
US1TXAS0006,20251110,PRCP,0,,,N,0700
US1TXAS0006,20251111,PRCP,0,,,N,0700
US1TXAS0006,20251112,PRCP,0,,,N,0700
US1TXAS0006,20251113,PRCP,0,,,N,0700
US1TXAS0006,20251114,PRCP,0,,,N,0700
US1TXAS0006,20251115,PRCP,0,,,N,0700
US1TXAS0006,20251116,PRCP,0,,,N,0700
US1TXAS0006,20251117,PRCP,0,,,N,0700
US1TXAS0006,20251118,PRCP,0,,,N,0700
US1TXAS0006,20251119,PRCP,0,,,N,0700
US1TXAS0006,20251120,PRCP,0,,,N,0700
US1TXAS0006,20251121,PRCP,0,,,N,0700
US1TXAS0006,20251122,PRCP,269,,,N,0700
US1TXAS0006,20251123,PRCP,0,,,N,0700
US1TXAS0006,20251124,PRCP,0,,,N,0700
US1TXAS0006,20251125,PRCP,625,,,N,0700
US1TXAS0006,20251126,PRCP,0,,,N,0700
US1TXAS0006,20251127,PRCP,0,,,N,0700
US1TXAS0006,20251128,PRCP,0,,,N,0700
US1TXAS0006,20251129,PRCP,0,,,N,0700
US1TXAS0006,20251130,PRCP,173,,,N,0700
US1TXAS0006,20251101,SNOW,0,,,N,0700
US1TXAS0006,20251102,SNOW,0,,,N,0700
US1TXAS0006,20251103,SNOW,0,,,N,0700
US1TXAS0006,20251104,SNOW,0,,,N,0700
US1TXAS0006,20251105,SNOW,0,,,N,0700
US1TXAS0006,20251106,SNOW,0,,,N,0700
US1TXAS0006,20251107,SNOW,0,,,N,0700
US1TXAS0006,20251108,SNOW,0,,,N,0700
US1TXAS0006,20251109,SNOW,0,,,N,0700
US1TXAS0006,20251110,SNOW,0,,,N,0700
US1TXAS0006,20251111,SNOW,0,,,N,0700
US1TXAS0006,20251112,SNOW,0,,,N,0700
US1TXAS0006,20251113,SNOW,0,,,N,0700
US1TXAS0006,20251114,SNOW,0,,,N,0700
US1TXAS0006,20251115,SNOW,0,,,N,0700
US1TXAS0006,20251116,SNOW,0,,,N,0700
US1TXAS0006,20251117,SNOW,0,,,N,0700
US1TXAS0006,20251118,SNOW,0,,,N,0700
US1TXAS0006,20251119,SNOW,0,,,N,0700
US1TXAS0006,20251120,SNOW,0,,,N,0700
US1TXAS0006,20251121,SNOW,0,,,N,0700
US1TXAS0006,20251122,SNOW,0,,,N,0700
US1TXAS0006,20251123,SNOW,0,,,N,0700
US1TXAS0006,20251124,SNOW,0,,,N,0700
US1TXAS0006,20251125,SNOW,0,,,N,0700
US1TXAS0006,20251126,SNOW,0,,,N,0700
US1TXAS0006,20251127,SNOW,0,,,N,0700
US1TXAS0006,20251128,SNOW,0,,,N,0700
US1TXAS0006,20251129,SNOW,0,,,N,0700
US1TXAS0006,20251130,SNOW,0,,,N,0700
US1TXAS0006,20251201,PRCP,15,,,N,0700
US1TXAS0006,20251202,PRCP,3,,,N,0700
US1TXAS0006,20251203,PRCP,0,,,N,0700
US1TXAS0006,20251204,PRCP,97,,,N,0700
US1TXAS0006,20251205,PRCP,3,,,N,0700
US1TXAS0006,20251206,PRCP,0,,,N,0700
US1TXAS0006,20251207,PRCP,0,,,N,0700
US1TXAS0006,20251208,PRCP,0,,,N,0700
US1TXAS0006,20251209,PRCP,0,,,N,0700
US1TXAS0006,20251210,PRCP,0,,,N,0700
US1TXAS0006,20251211,PRCP,0,,,N,0700
US1TXAS0006,20251212,PRCP,0,,,N,0700
US1TXAS0006,20251213,PRCP,0,,,N,0700
US1TXAS0006,20251214,PRCP,0,,,N,0700
US1TXAS0006,20251215,PRCP,0,,,N,0700
US1TXAS0006,20251216,PRCP,0,,,N,0700
US1TXAS0006,20251217,PRCP,5,,,N,0700
US1TXAS0006,20251218,PRCP,8,,,N,0700
US1TXAS0006,20251219,PRCP,0,,,N,0700
US1TXAS0006,20251220,PRCP,0,,,N,0700
US1TXAS0006,20251221,PRCP,0,,,N,0700
US1TXAS0006,20251222,PRCP,0,,,N,0700
US1TXAS0006,20251223,PRCP,0,,,N,0700
US1TXAS0006,20251224,PRCP,0,,,N,0700
US1TXAS0006,20251225,PRCP,0,,,N,0700
US1TXAS0006,20251226,PRCP,0,,,N,0700
US1TXAS0006,20251227,PRCP,0,,,N,0700
US1TXAS0006,20251228,PRCP,0,,,N,0700
US1TXAS0006,20251229,PRCP,0,,,N,0700
US1TXAS0006,20251230,PRCP,0,,,N,0700
US1TXAS0006,20251231,PRCP,0,,,N,0700
US1TXAS0006,20251201,SNOW,0,,,N,0700
US1TXAS0006,20251202,SNOW,0,,,N,0700
US1TXAS0006,20251203,SNOW,0,,,N,0700
US1TXAS0006,20251204,SNOW,0,,,N,0700
US1TXAS0006,20251206,SNOW,0,,,N,0700
US1TXAS0006,20251207,SNOW,0,,,N,0700
US1TXAS0006,20251208,SNOW,0,,,N,0700
US1TXAS0006,20251209,SNOW,0,,,N,0700
US1TXAS0006,20251210,SNOW,0,,,N,0700
US1TXAS0006,20251211,SNOW,0,,,N,0700
US1TXAS0006,20251212,SNOW,0,,,N,0700
US1TXAS0006,20251213,SNOW,0,,,N,0700
US1TXAS0006,20251214,SNOW,0,,,N,0700
US1TXAS0006,20251215,SNOW,0,,,N,0700
US1TXAS0006,20251216,SNOW,0,,,N,0700
US1TXAS0006,20251217,SNOW,0,,,N,0700
US1TXAS0006,20251218,SNOW,0,,,N,0700
US1TXAS0006,20251219,SNOW,0,,,N,0700
US1TXAS0006,20251220,SNOW,0,,,N,0700
US1TXAS0006,20251221,SNOW,0,,,N,0700
US1TXAS0006,20251222,SNOW,0,,,N,0700
US1TXAS0006,20251223,SNOW,0,,,N,0700
US1TXAS0006,20251224,SNOW,0,,,N,0700
US1TXAS0006,20251225,SNOW,0,,,N,0700
US1TXAS0006,20251226,SNOW,0,,,N,0700
US1TXAS0006,20251227,SNOW,0,,,N,0700
US1TXAS0006,20251228,SNOW,0,,,N,0700
US1TXAS0006,20251229,SNOW,0,,,N,0700
US1TXAS0006,20251230,SNOW,0,,,N,0700
US1TXAS0006,20251231,SNOW,0,,,N,0700
US1TXAS0006,20260101,PRCP,0,,,N,0700
US1TXAS0006,20260102,PRCP,0,,,N,0700
US1TXAS0006,20260103,PRCP,0,,,N,0700
US1TXAS0006,20260104,PRCP,0,,,N,0700
US1TXAS0006,20260105,PRCP,0,,,N,0700
US1TXAS0006,20260106,PRCP,0,,,N,0700
US1TXAS0006,20260107,PRCP,0,,,N,0700
US1TXAS0006,20260108,PRCP,0,,,N,0700
US1TXAS0006,20260109,PRCP,0,,,N,0700
US1TXAS0006,20260110,PRCP,239,,,N,0700
US1TXAS0006,20260111,PRCP,0,,,N,0700
US1TXAS0006,20260112,PRCP,0,,,N,0700
US1TXAS0006,20260113,PRCP,0,T,,N,0700
US1TXAS0006,20260114,PRCP,25,,,N,0700
US1TXAS0006,20260115,PRCP,0,,,N,0700
US1TXAS0006,20260116,PRCP,0,,,N,0700
US1TXAS0006,20260117,PRCP,0,,,N,0700
US1TXAS0006,20260118,PRCP,0,,,N,0700
US1TXAS0006,20260119,PRCP,0,,,N,0700
US1TXAS0006,20260120,PRCP,0,,,N,0700
US1TXAS0006,20260121,PRCP,0,,,N,0700
US1TXAS0006,20260122,PRCP,0,T,,N,0700
US1TXAS0006,20260123,PRCP,0,,,N,0700
US1TXAS0006,20260124,PRCP,198,,,N,0700
US1TXAS0006,20260125,PRCP,160,,,N,0700
US1TXAS0006,20260126,PRCP,0,,,N,0700
US1TXAS0006,20260127,PRCP,0,,,N,0700
US1TXAS0006,20260128,PRCP,0,,,N,0700
US1TXAS0006,20260129,PRCP,0,,,N,0700
US1TXAS0006,20260130,PRCP,0,,,N,0700
US1TXAS0006,20260131,PRCP,0,,,N,0700
US1TXAS0006,20260101,SNOW,0,,,N,0700
US1TXAS0006,20260102,SNOW,0,,,N,0700
US1TXAS0006,20260103,SNOW,0,,,N,0700
US1TXAS0006,20260104,SNOW,0,,,N,0700
US1TXAS0006,20260105,SNOW,0,,,N,0700
US1TXAS0006,20260106,SNOW,0,,,N,0700
US1TXAS0006,20260107,SNOW,0,,,N,0700
US1TXAS0006,20260108,SNOW,0,,,N,0700
US1TXAS0006,20260109,SNOW,0,,,N,0700
US1TXAS0006,20260110,SNOW,0,,,N,0700
US1TXAS0006,20260111,SNOW,0,,,N,0700
US1TXAS0006,20260112,SNOW,0,,,N,0700
US1TXAS0006,20260113,SNOW,0,,,N,0700
US1TXAS0006,20260114,SNOW,0,,,N,0700
US1TXAS0006,20260115,SNOW,0,,,N,0700
US1TXAS0006,20260116,SNOW,0,,,N,0700
US1TXAS0006,20260117,SNOW,0,,,N,0700
US1TXAS0006,20260118,SNOW,0,,,N,0700
US1TXAS0006,20260119,SNOW,0,,,N,0700
US1TXAS0006,20260120,SNOW,0,,,N,0700
US1TXAS0006,20260121,SNOW,0,,,N,0700
US1TXAS0006,20260122,SNOW,0,,,N,0700
US1TXAS0006,20260123,SNOW,0,,,N,0700
US1TXAS0006,20260124,SNOW,0,,,N,0700
US1TXAS0006,20260126,SNOW,0,,,N,0700
US1TXAS0006,20260127,SNOW,0,,,N,0700
US1TXAS0006,20260128,SNOW,0,,,N,0700
US1TXAS0006,20260129,SNOW,0,,,N,0700
US1TXAS0006,20260130,SNOW,0,,,N,0700
US1TXAS0006,20260131,SNOW,0,,,N,0700
US1TXAS0006,20260130,WESF,0,,,N,0700
US1TXAS0006,20260201,PRCP,0,,,N,0700
US1TXAS0006,20260202,PRCP,0,,,N,0700
US1TXAS0006,20260203,PRCP,3,,,N,0700
US1TXAS0006,20260204,PRCP,53,,,N,0700
US1TXAS0006,20260205,PRCP,0,,,N,0700
US1TXAS0006,20260206,PRCP,0,,,N,0700
US1TXAS0006,20260207,PRCP,0,,,N,0700
US1TXAS0006,20260208,PRCP,0,,,N,0700
US1TXAS0006,20260209,PRCP,0,,,N,0700
US1TXAS0006,20260210,PRCP,0,,,N,0700
US1TXAS0006,20260211,PRCP,0,,,N,0700
US1TXAS0006,20260212,PRCP,3,,,N,0700
US1TXAS0006,20260213,PRCP,0,,,N,0700
US1TXAS0006,20260214,PRCP,0,T,,N,0600
US1TXAS0006,20260215,PRCP,221,,,N,0700
US1TXAS0006,20260216,PRCP,0,,,N,0700
US1TXAS0006,20260217,PRCP,0,,,N,0700
US1TXAS0006,20260218,PRCP,0,,,N,0700
US1TXAS0006,20260219,PRCP,0,,,N,0700
US1TXAS0006,20260220,PRCP,0,,,N,0700
US1TXAS0006,20260221,PRCP,0,,,N,0700
US1TXAS0006,20260222,PRCP,0,,,N,0700
US1TXAS0006,20260223,PRCP,0,,,N,0700
US1TXAS0006,20260224,PRCP,0,,,N,0700
US1TXAS0006,20260225,PRCP,0,,,N,0700
US1TXAS0006,20260226,PRCP,0,,,N,0700
US1TXAS0006,20260227,PRCP,0,,,N,0700
US1TXAS0006,20260228,PRCP,0,,,N,0700
US1TXAS0006,20260201,SNOW,0,,,N,0700
US1TXAS0006,20260202,SNOW,0,,,N,0700
US1TXAS0006,20260203,SNOW,0,,,N,0700
US1TXAS0006,20260204,SNOW,0,,,N,0700
US1TXAS0006,20260205,SNOW,0,,,N,0700
US1TXAS0006,20260206,SNOW,0,,,N,0700
US1TXAS0006,20260207,SNOW,0,,,N,0700
US1TXAS0006,20260208,SNOW,0,,,N,0700
US1TXAS0006,20260209,SNOW,0,,,N,0700
US1TXAS0006,20260210,SNOW,0,,,N,0700
US1TXAS0006,20260211,SNOW,0,,,N,0700
US1TXAS0006,20260212,SNOW,0,,,N,0700
US1TXAS0006,20260213,SNOW,0,,,N,0700
US1TXAS0006,20260214,SNOW,0,,,N,0600
US1TXAS0006,20260215,SNOW,0,,,N,0700
US1TXAS0006,20260216,SNOW,0,,,N,0700
US1TXAS0006,20260217,SNOW,0,,,N,0700
US1TXAS0006,20260218,SNOW,0,,,N,0700
US1TXAS0006,20260219,SNOW,0,,,N,0700
US1TXAS0006,20260220,SNOW,0,,,N,0700
US1TXAS0006,20260221,SNOW,0,,,N,0700
US1TXAS0006,20260222,SNOW,0,,,N,0700
US1TXAS0006,20260223,SNOW,0,,,N,0700
US1TXAS0006,20260224,SNOW,0,,,N,0700
US1TXAS0006,20260225,SNOW,0,,,N,0700
US1TXAS0006,20260226,SNOW,0,,,N,0700
US1TXAS0006,20260227,SNOW,0,,,N,0700
US1TXAS0006,20260228,SNOW,0,,,N,0700
US1TXAS0006,20260301,PRCP,0,,,N,0700
US1TXAS0006,20260302,PRCP,0,,,N,0700
US1TXAS0006,20260303,PRCP,0,,,N,0700
US1TXAS0006,20260304,PRCP,0,,,N,0700
US1TXAS0006,20260305,PRCP,0,,,N,0700
US1TXAS0006,20260306,PRCP,0,T,,N,0700
US1TXAS0006,20260307,PRCP,0,,,N,0700
US1TXAS0006,20260308,PRCP,36,,,N,0700
US1TXAS0006,20260309,PRCP,10,,,N,0700
US1TXAS0006,20260310,PRCP,0,,,N,0700
US1TXAS0006,20260311,PRCP,25,,,N,0700
US1TXAS0006,20260312,PRCP,511,,,N,0700
US1TXAS0006,20260313,PRCP,0,,,N,0700
US1TXAS0006,20260314,PRCP,0,,,N,0700
US1TXAS0006,20260315,PRCP,0,,,N,0700
US1TXAS0006,20260316,PRCP,0,,,N,0700
US1TXAS0006,20260317,PRCP,0,,,N,0700
US1TXAS0006,20260318,PRCP,0,,,N,0700
US1TXAS0006,20260319,PRCP,0,,,N,0700
US1TXAS0006,20260320,PRCP,0,,,N,0700
US1TXAS0006,20260321,PRCP,0,,,N,0700
US1TXAS0006,20260322,PRCP,0,,,N,0700
US1TXAS0006,20260323,PRCP,0,,,N,0700
US1TXAS0006,20260324,PRCP,0,,,N,0700
US1TXAS0006,20260325,PRCP,0,,,N,0700
US1TXAS0006,20260326,PRCP,0,,,N,0700
US1TXAS0006,20260327,PRCP,0,,,N,0700
US1TXAS0006,20260328,PRCP,0,,,N,0700
US1TXAS0006,20260329,PRCP,0,,,N,0700
US1TXAS0006,20260330,PRCP,0,,,N,0700
US1TXAS0006,20260331,PRCP,0,,,N,0700
US1TXAS0006,20260301,SNOW,0,,,N,0700
US1TXAS0006,20260302,SNOW,0,,,N,0700
US1TXAS0006,20260303,SNOW,0,,,N,0700
US1TXAS0006,20260304,SNOW,0,,,N,0700
US1TXAS0006,20260305,SNOW,0,,,N,0700
US1TXAS0006,20260306,SNOW,0,,,N,0700
US1TXAS0006,20260307,SNOW,0,,,N,0700
US1TXAS0006,20260308,SNOW,0,,,N,0700
US1TXAS0006,20260309,SNOW,0,,,N,0700
US1TXAS0006,20260310,SNOW,0,,,N,0700
US1TXAS0006,20260311,SNOW,0,,,N,0700
US1TXAS0006,20260312,SNOW,0,,,N,0700
US1TXAS0006,20260313,SNOW,0,,,N,0700
US1TXAS0006,20260314,SNOW,0,,,N,0700
US1TXAS0006,20260315,SNOW,0,,,N,0700
US1TXAS0006,20260316,SNOW,0,,,N,0700
US1TXAS0006,20260317,SNOW,0,,,N,0700
US1TXAS0006,20260318,SNOW,0,,,N,0700
US1TXAS0006,20260319,SNOW,0,,,N,0700
US1TXAS0006,20260320,SNOW,0,,,N,0700
US1TXAS0006,20260321,SNOW,0,,,N,0700
US1TXAS0006,20260322,SNOW,0,,,N,0700
US1TXAS0006,20260323,SNOW,0,,,N,0700
US1TXAS0006,20260324,SNOW,0,,,N,0700
US1TXAS0006,20260325,SNOW,0,,,N,0700
US1TXAS0006,20260326,SNOW,0,,,N,0700
US1TXAS0006,20260327,SNOW,0,,,N,0700
US1TXAS0006,20260328,SNOW,0,,,N,0700
US1TXAS0006,20260329,SNOW,0,,,N,0700
US1TXAS0006,20260330,SNOW,0,,,N,0700
US1TXAS0006,20260331,SNOW,0,,,N,0700
US1TXAS0006,20260401,PRCP,0,T,,N,0700
US1TXAS0006,20260402,PRCP,51,,,N,0700
US1TXAS0006,20260403,PRCP,0,T,,N,0700
US1TXAS0006,20260404,PRCP,0,,,N,0700
US1TXAS0006,20260405,PRCP,155,,,N,0700
US1TXAS0006,20260406,PRCP,18,,,N,0700
US1TXAS0006,20260407,PRCP,0,,,N,0700
US1TXAS0006,20260408,PRCP,0,T,,N,0700
US1TXAS0006,20260409,PRCP,0,,,N,0700
US1TXAS0006,20260410,PRCP,0,T,,N,0700
US1TXAS0006,20260411,PRCP,8,,,N,0700
US1TXAS0006,20260412,PRCP,109,,,N,0700
US1TXAS0006,20260413,PRCP,1283,,,N,0700
US1TXAS0006,20260414,PRCP,0,T,,N,0700
US1TXAS0006,20260415,PRCP,0,,,N,0700
US1TXAS0006,20260416,PRCP,0,,,N,0700
US1TXAS0006,20260417,PRCP,0,,,N,0700
US1TXAS0006,20260418,PRCP,0,,,N,0700
US1TXAS0006,20260419,PRCP,109,,,N,0700
US1TXAS0006,20260420,PRCP,0,T,,N,0700
US1TXAS0006,20260421,PRCP,147,,,N,0700
US1TXAS0006,20260422,PRCP,475,,,N,0700
US1TXAS0006,20260423,PRCP,112,,,N,0700
US1TXAS0006,20260424,PRCP,0,,,N,0700
US1TXAS0006,20260425,PRCP,0,,,N,0700
US1TXAS0006,20260426,PRCP,0,,,N,0700
US1TXAS0006,20260427,PRCP,0,,,N,0700
US1TXAS0006,20260428,PRCP,0,,,N,0700
US1TXAS0006,20260429,PRCP,0,,,N,0700
US1TXAS0006,20260430,PRCP,0,,,N,0700
US1TXAS0006,20260401,SNOW,0,,,N,0700
US1TXAS0006,20260402,SNOW,0,,,N,0700
US1TXAS0006,20260403,SNOW,0,,,N,0700
US1TXAS0006,20260404,SNOW,0,,,N,0700
US1TXAS0006,20260405,SNOW,0,,,N,0700
US1TXAS0006,20260406,SNOW,0,,,N,0700
US1TXAS0006,20260407,SNOW,0,,,N,0700
US1TXAS0006,20260408,SNOW,0,,,N,0700
US1TXAS0006,20260409,SNOW,0,,,N,0700
US1TXAS0006,20260410,SNOW,0,,,N,0700
US1TXAS0006,20260411,SNOW,0,,,N,0700
US1TXAS0006,20260412,SNOW,0,,,N,0700
US1TXAS0006,20260413,SNOW,0,,,N,0700
US1TXAS0006,20260414,SNOW,0,,,N,0700
US1TXAS0006,20260415,SNOW,0,,,N,0700
US1TXAS0006,20260416,SNOW,0,,,N,0700
US1TXAS0006,20260417,SNOW,0,,,N,0700
US1TXAS0006,20260418,SNOW,0,,,N,0700
US1TXAS0006,20260419,SNOW,0,,,N,0700
US1TXAS0006,20260420,SNOW,0,,,N,0700
US1TXAS0006,20260421,SNOW,0,,,N,0700
US1TXAS0006,20260422,SNOW,0,,,N,0700
US1TXAS0006,20260423,SNOW,0,,,N,0700
US1TXAS0006,20260424,SNOW,0,,,N,0700
US1TXAS0006,20260425,SNOW,0,,,N,0700
US1TXAS0006,20260426,SNOW,0,,,N,0700
US1TXAS0006,20260427,SNOW,0,,,N,0700
US1TXAS0006,20260428,SNOW,0,,,N,0700
US1TXAS0006,20260429,SNOW,0,,,N,0700
US1TXAS0006,20260430,SNOW,0,,,N,0700
US1TXAS0006,20260501,PRCP,366,,,N,0700
US1TXAS0006,20260502,PRCP,536,,,N,0700
US1TXAS0006,20260503,PRCP,0,,,N,0700
US1TXAS0006,20260504,PRCP,0,,,N,0700
US1TXAS0006,20260505,PRCP,0,,,N,0700
US1TXAS0006,20260506,PRCP,0,,,N,0700
US1TXAS0006,20260507,PRCP,8,,,N,0700
US1TXAS0006,20260508,PRCP,0,,,N,0700
US1TXAS0006,20260509,PRCP,0,,,N,0700
US1TXAS0006,20260510,PRCP,0,,,N,0700
US1TXAS0006,20260511,PRCP,191,,,N,0700
US1TXAS0006,20260512,PRCP,0,,,N,0700
US1TXAS0006,20260513,PRCP,0,,,N,0700
US1TXAS0006,20260514,PRCP,0,,,N,0700
US1TXAS0006,20260515,PRCP,0,,,N,0700
US1TXAS0006,20260516,PRCP,0,,,N,0700
US1TXAS0006,20260517,PRCP,0,,,N,0700
US1TXAS0006,20260518,PRCP,0,T,,N,0700
US1TXAS0006,20260519,PRCP,28,,,N,0700
US1TXAS0006,20260520,PRCP,470,,,N,0700
US1TXAS0006,20260521,PRCP,46,,,N,0700
US1TXAS0006,20260522,PRCP,3,,,N,0700
US1TXAS0006,20260523,PRCP,5,,,N,0700
US1TXAS0006,20260524,PRCP,193,,,N,0700
US1TXAS0006,20260525,PRCP,0,,,N,0700
US1TXAS0006,20260526,PRCP,0,,,N,0700
US1TXAS0006,20260527,PRCP,386,,,N,0700
US1TXAS0006,20260528,PRCP,25,,,N,0700
US1TXAS0006,20260529,PRCP,0,,,N,0700
US1TXAS0006,20260530,PRCP,0,,,N,0700
US1TXAS0006,20260531,PRCP,0,,,N,0700
US1TXAS0006,20260501,SNOW,0,,,N,0700
US1TXAS0006,20260502,SNOW,0,,,N,0700
US1TXAS0006,20260503,SNOW,0,,,N,0700
US1TXAS0006,20260504,SNOW,0,,,N,0700
US1TXAS0006,20260505,SNOW,0,,,N,0700
US1TXAS0006,20260506,SNOW,0,,,N,0700
US1TXAS0006,20260507,SNOW,0,,,N,0700
US1TXAS0006,20260508,SNOW,0,,,N,0700
US1TXAS0006,20260509,SNOW,0,,,N,0700
US1TXAS0006,20260510,SNOW,0,,,N,0700
US1TXAS0006,20260511,SNOW,0,,,N,0700
US1TXAS0006,20260512,SNOW,0,,,N,0700
US1TXAS0006,20260513,SNOW,0,,,N,0700
US1TXAS0006,20260514,SNOW,0,,,N,0700
US1TXAS0006,20260515,SNOW,0,,,N,0700
US1TXAS0006,20260516,SNOW,0,,,N,0700
US1TXAS0006,20260517,SNOW,0,,,N,0700
US1TXAS0006,20260518,SNOW,0,,,N,0700
US1TXAS0006,20260519,SNOW,0,,,N,0700
US1TXAS0006,20260520,SNOW,0,,,N,0700
US1TXAS0006,20260521,SNOW,0,,,N,0700
US1TXAS0006,20260522,SNOW,0,,,N,0700
US1TXAS0006,20260523,SNOW,0,,,N,0700
US1TXAS0006,20260524,SNOW,0,,,N,0700
US1TXAS0006,20260525,SNOW,0,,,N,0700
US1TXAS0006,20260526,SNOW,0,,,N,0700
US1TXAS0006,20260527,SNOW,0,,,N,0700
US1TXAS0006,20260528,SNOW,0,,,N,0700
US1TXAS0006,20260529,SNOW,0,,,N,0700
US1TXAS0006,20260530,SNOW,0,,,N,0700
US1TXAS0006,20260531,SNOW,0,,,N,0700
US1TXAS0006,20260601,PRCP,0,,,N,0700
US1TXAS0006,20260602,PRCP,0,,,N,0700
US1TXAS0006,20260603,PRCP,61,,,N,0700
US1TXAS0006,20260604,PRCP,196,,,N,0700
US1TXAS0006,20260605,PRCP,20,,,N,0700
US1TXAS0006,20260606,PRCP,119,,,N,0700
US1TXAS0006,20260607,PRCP,0,,,N,0700
US1TXAS0006,20260608,PRCP,0,,,N,0700
US1TXAS0006,20260609,PRCP,0,,,N,0700
US1TXAS0006,20260610,PRCP,0,,,N,0700
US1TXAS0006,20260611,PRCP,3,,,N,0700
US1TXAS0006,20260612,PRCP,0,,,N,0700
US1TXAS0006,20260613,PRCP,10,,,N,0700
US1TXAS0006,20260614,PRCP,53,,,N,0700
US1TXAS0006,20260615,PRCP,36,,,N,0700
US1TXAS0006,20260616,PRCP,58,,,N,0700
US1TXAS0006,20260617,PRCP,434,,,N,0700
US1TXAS0006,20260618,PRCP,8,,,N,0700
US1TXAS0006,20260619,PRCP,0,,,N,0700
US1TXAS0006,20260620,PRCP,3,,,N,0700
US1TXAS0006,20260621,PRCP,254,,,N,0700
US1TXAS0006,20260622,PRCP,3,,,N,0700
US1TXAS0006,20260623,PRCP,0,,,N,0700
US1TXAS0006,20260624,PRCP,0,,,N,0700
US1TXAS0006,20260625,PRCP,0,,,N,0700
US1TXAS0006,20260626,PRCP,0,,,N,0700
US1TXAS0006,20260627,PRCP,0,,,N,0700
US1TXAS0006,20260628,PRCP,0,,,N,0700
US1TXAS0006,20260629,PRCP,0,,,N,0700
US1TXAS0006,20260630,PRCP,0,,,N,0700
US1TXAS0006,20260601,SNOW,0,,,N,0700
US1TXAS0006,20260602,SNOW,0,,,N,0700
US1TXAS0006,20260603,SNOW,0,,,N,0700
US1TXAS0006,20260604,SNOW,0,,,N,0700
US1TXAS0006,20260605,SNOW,0,,,N,0700
US1TXAS0006,20260606,SNOW,0,,,N,0700
US1TXAS0006,20260607,SNOW,0,,,N,0700
US1TXAS0006,20260608,SNOW,0,,,N,0700
US1TXAS0006,20260609,SNOW,0,,,N,0700
US1TXAS0006,20260610,SNOW,0,,,N,0700
US1TXAS0006,20260611,SNOW,0,,,N,0700
US1TXAS0006,20260612,SNOW,0,,,N,0700
US1TXAS0006,20260613,SNOW,0,,,N,0700
US1TXAS0006,20260614,SNOW,0,,,N,0700
US1TXAS0006,20260615,SNOW,0,,,N,0700
US1TXAS0006,20260616,SNOW,0,,,N,0700
US1TXAS0006,20260617,SNOW,0,,,N,0700
US1TXAS0006,20260618,SNOW,0,,,N,0700
US1TXAS0006,20260619,SNOW,0,,,N,0700
US1TXAS0006,20260621,SNOW,0,,,N,0700
US1TXAS0006,20260622,SNOW,0,,,N,0700
US1TXAS0006,20260623,SNOW,0,,,N,0700
US1TXAS0006,20260624,SNOW,0,,,N,0700
US1TXAS0006,20260625,SNOW,0,,,N,0700
US1TXAS0006,20260626,SNOW,0,,,N,0700
US1TXAS0006,20260627,SNOW,0,,,N,0700
US1TXAS0006,20260628,SNOW,0,,,N,0700
US1TXAS0006,20260629,SNOW,0,,,N,0700
US1TXAS0006,20260630,SNOW,0,,,N,0700
US1TXAS0006,20260701,PRCP,13,,,N,0700
US1TXAS0006,20260702,PRCP,0,,,N,0700
US1TXAS0006,20260703,PRCP,0,,,N,0700
US1TXAS0006,20260704,PRCP,0,,,N,0700
US1TXAS0006,20260705,PRCP,0,,,N,0700
US1TXAS0006,20260706,PRCP,0,,,N,0700
US1TXAS0006,20260707,PRCP,0,,,N,0700
US1TXAS0006,20260708,PRCP,0,,,N,0700
US1TXAS0006,20260709,PRCP,0,,,N,0700
US1TXAS0006,20260710,PRCP,3,,,N,0700
US1TXAS0006,20260711,PRCP,23,,,N,0700
US1TXAS0006,20260712,PRCP,3,,,N,0700
US1TXAS0006,20260713,PRCP,0,T,,N,0700
US1TXAS0006,20260714,PRCP,163,,,N,0700
US1TXAS0006,20260715,PRCP,328,,,N,0700
US1TXAS0006,20260716,PRCP,130,,,N,0700
US1TXAS0006,20260717,PRCP,15,,,N,0700
US1TXAS0006,20260718,PRCP,0,,,N,0700
US1TXAS0006,20260719,PRCP,0,,,N,0700
US1TXAS0006,20260720,PRCP,0,,,N,0700
US1TXAS0006,20260721,PRCP,0,,,N,0700
US1TXAS0006,20260722,PRCP,0,,,N,0700
US1TXAS0006,20260723,PRCP,0,,,N,0700
US1TXAS0006,20260724,PRCP,23,,,N,0700
US1TXAS0006,20260725,PRCP,0,,,N,0700
US1TXAS0006,20260726,PRCP,0,,,N,0700
US1TXAS0006,20260727,PRCP,0,,,N,0700
US1TXAS0006,20260728,PRCP,0,,,N,0700
US1TXAS0006,20260729,PRCP,0,,,N,0700
US1TXAS0006,20260730,PRCP,0,,,N,0700
US1TXAS0006,20260731,PRCP,0,,,N,0700
US1TXAS0006,20260701,SNOW,0,,,N,0700
US1TXAS0006,20260702,SNOW,0,,,N,0700
US1TXAS0006,20260703,SNOW,0,,,N,0700
US1TXAS0006,20260704,SNOW,0,,,N,0700
US1TXAS0006,20260705,SNOW,0,,,N,0700
US1TXAS0006,20260706,SNOW,0,,,N,0700
US1TXAS0006,20260707,SNOW,0,,,N,0700
US1TXAS0006,20260708,SNOW,0,,,N,0700
US1TXAS0006,20260709,SNOW,0,,,N,0700
US1TXAS0006,20260711,SNOW,0,,,N,0700
US1TXAS0006,20260712,SNOW,0,,,N,0700
US1TXAS0006,20260714,SNOW,0,,,N,0700
US1TXAS0006,20260715,SNOW,0,,,N,0700
US1TXAS0006,20260716,SNOW,0,,,N,0700
US1TXAS0006,20260717,SNOW,0,,,N,0700
US1TXAS0006,20260718,SNOW,0,,,N,0700
US1TXAS0006,20260719,SNOW,0,,,N,0700
US1TXAS0006,20260720,SNOW,0,,,N,0700
US1TXAS0006,20260721,SNOW,0,,,N,0700
US1TXAS0006,20260722,SNOW,0,,,N,0700
US1TXAS0006,20260723,SNOW,0,,,N,0700
US1TXAS0006,20260724,SNOW,0,,,N,0700
US1TXAS0006,20260725,SNOW,0,,,N,0700
US1TXAS0006,20260726,SNOW,0,,,N,0700
US1TXAS0006,20260727,SNOW,0,,,N,0700
US1TXAS0006,20260728,SNOW,0,,,N,0700
US1TXAS0006,20260729,SNOW,0,,,N,0700
US1TXAS0006,20260730,SNOW,0,,,N,0700
US1TXAS0006,20260731,SNOW,0,,,N,0700
US1TXAS0006,20260801,PRCP,0,,,N,0700
US1TXAS0006,20260802,PRCP,0,T,,N,0700
US1TXAS0006,20260803,PRCP,0,,,N,0700
US1TXAS0006,20260804,PRCP,0,,,N,0700
US1TXAS0006,20260805,PRCP,0,,,N,0700
US1TXAS0006,20260806,PRCP,0,,,N,0700
US1TXAS0006,20260807,PRCP,0,,,N,0700
US1TXAS0006,20260808,PRCP,0,,,N,0700
US1TXAS0006,20260809,PRCP,25,,,N,0700
US1TXAS0006,20260810,PRCP,0,,,N,0700
US1TXAS0006,20260811,PRCP,43,,,N,0700
US1TXAS0006,20260812,PRCP,64,,,N,0700
US1TXAS0006,20260813,PRCP,0,,,N,0700
US1TXAS0006,20260814,PRCP,0,,,N,0700
US1TXAS0006,20260815,PRCP,28,,,N,0700
US1TXAS0006,20260816,PRCP,0,,,N,0700
US1TXAS0006,20260817,PRCP,0,,,N,0700
US1TXAS0006,20260818,PRCP,0,,,N,0700
US1TXAS0006,20260819,PRCP,0,,,N,0700
US1TXAS0006,20260820,PRCP,0,,,N,0700
US1TXAS0006,20260821,PRCP,0,,,N,0700
US1TXAS0006,20260822,PRCP,0,,,N,0700
US1TXAS0006,20260823,PRCP,0,,,N,0700
US1TXAS0006,20260824,PRCP,0,,,N,0700
US1TXAS0006,20260825,PRCP,0,,,N,0700
US1TXAS0006,20260826,PRCP,0,,,N,0700
US1TXAS0006,20260827,PRCP,0,,,N,0700
US1TXAS0006,20260828,PRCP,0,,,N,0700
US1TXAS0006,20260829,PRCP,411,,,N,0700
US1TXAS0006,20260830,PRCP,0,,,N,0700
US1TXAS0006,20260831,PRCP,0,,,N,0700
US1TXAS0006,20260801,SNOW,0,,,N,0700
US1TXAS0006,20260802,SNOW,0,,,N,0700
US1TXAS0006,20260803,SNOW,0,,,N,0700
US1TXAS0006,20260804,SNOW,0,,,N,0700
US1TXAS0006,20260805,SNOW,0,,,N,0700
US1TXAS0006,20260806,SNOW,0,,,N,0700
US1TXAS0006,20260807,SNOW,0,,,N,0700
US1TXAS0006,20260808,SNOW,0,,,N,0700
US1TXAS0006,20260809,SNOW,0,,,N,0700
US1TXAS0006,20260810,SNOW,0,,,N,0700
US1TXAS0006,20260811,SNOW,0,,,N,0700
US1TXAS0006,20260812,SNOW,0,,,N,0700
US1TXAS0006,20260813,SNOW,0,,,N,0700
US1TXAS0006,20260814,SNOW,0,,,N,0700
US1TXAS0006,20260815,SNOW,0,,,N,0700
US1TXAS0006,20260816,SNOW,0,,,N,0700
US1TXAS0006,20260817,SNOW,0,,,N,0700
US1TXAS0006,20260818,SNOW,0,,,N,0700
US1TXAS0006,20260819,SNOW,0,,,N,0700
US1TXAS0006,20260820,SNOW,0,,,N,0700
US1TXAS0006,20260821,SNOW,0,,,N,0700
US1TXAS0006,20260822,SNOW,0,,,N,0700
US1TXAS0006,20260823,SNOW,0,,,N,0700
US1TXAS0006,20260824,SNOW,0,,,N,0700
US1TXAS0006,20260825,SNOW,0,,,N,0700
US1TXAS0006,20260826,SNOW,0,,,N,0700
US1TXAS0006,20260827,SNOW,0,,,N,0700
US1TXAS0006,20260828,SNOW,0,,,N,0700
US1TXAS0006,20260829,SNOW,0,,,N,0700
US1TXAS0006,20260830,SNOW,0,,,N,0700
US1TXAS0006,20260831,SNOW,0,,,N,0700
US1TXAS0006,20260901,PRCP,0,,,N,0700
US1TXAS0006,20260902,PRCP,0,,,N,0700
US1TXAS0006,20260903,PRCP,13,,,N,0700
US1TXAS0006,20260904,PRCP,8,,,N,0700
US1TXAS0006,20260905,PRCP,3,,,N,
US1TXAS0006,20260906,PRCP,0,T,,N,
US1TXAS0006,20260907,PRCP,0,,,N,
US1TXAS0006,20260908,PRCP,0,,,N,
US1TXAS0006,20260909,PRCP,0,,,N,
US1TXAS0006,20260901,SNOW,0,,,N,0700
US1TXAS0006,20260902,SNOW,0,,,N,0700
US1TXAS0006,20260903,SNOW,0,,,N,0700
US1TXAS0006,20260904,SNOW,0,,,N,0700
US1TXAS0006,20260905,SNOW,0,,,N,
US1TXAS0006,20260906,SNOW,0,,,N,
US1TXAS0006,20260907,SNOW,0,,,N,
US1TXAS0006,20260908,SNOW,0,,,N,
US1TXAS0006,20260909,SNOW,0,,,N,
