ID,DATE,ELEMENT,DATA_VALUE,M_FLAG,Q_FLAG,S_FLAG,OBS_TIME
US1TXAT0025,20120209,PRCP,0,,,N,0750
US1TXAT0025,20120209,SNOW,0,,,N,0750
US1TXAT0025,20120626,PRCP,191,,,N,2200
US1TXAT0025,20120701,PRCP,64,,,N,1800
US1TXAT0025,20120702,PRCP,0,,,N,0700
US1TXAT0025,20120710,PRCP,58,,,N,0700
US1TXAT0025,20120711,PRCP,51,,,N,0730
US1TXAT0025,20120712,PRCP,173,,,N,0745
US1TXAT0025,20120716,PRCP,97,,,N,0700
US1TXAT0025,20120719,PRCP,188,,,N,0735
US1TXAT0025,20120701,SNOW,0,,,N,1800
US1TXAT0025,20120702,SNOW,0,,,N,0700
US1TXAT0025,20120819,PRCP,551,,,N,1000
US1TXAT0025,20120909,PRCP,0,,,N,0800
US1TXAT0025,20120913,PRCP,84,,,N,0730
US1TXAT0025,20120914,PRCP,500,,,N,0730
US1TXAT0025,20120915,PRCP,102,,,N,0730
US1TXAT0025,20120916,PRCP,53,,,N,0900
US1TXAT0025,20120917,PRCP,132,,,N,0730
US1TXAT0025,20120929,PRCP,777,,,N,0720
US1TXAT0025,20120930,PRCP,91,,,N,0800
US1TXAT0025,20120909,SNOW,0,,,N,0800
US1TXAT0025,20121001,PRCP,0,,,N,0730
US1TXAT0025,20121012,PRCP,0,,,N,0730
US1TXAT0025,20121013,PRCP,0,,,N,0750
US1TXAT0025,20121014,PRCP,0,,,N,0755
US1TXAT0025,20121016,PRCP,0,,,N,0740
US1TXAT0025,20121001,SNOW,0,,,N,0730
US1TXAT0025,20121012,SNOW,0,,,N,0730
US1TXAT0025,20121013,SNOW,0,,,N,0750
US1TXAT0025,20121014,SNOW,0,,,N,0755
US1TXAT0025,20121016,SNOW,0,,,N,0740
US1TXAT0025,20121223,PRCP,0,,,N,0730
US1TXAT0025,20121224,PRCP,0,,,N,0730
US1TXAT0025,20121225,PRCP,0,,,N,0730
US1TXAT0025,20121226,PRCP,0,,,N,0730
US1TXAT0025,20121231,PRCP,0,,,N,0750
US1TXAT0025,20121223,SNOW,0,,,N,0730
US1TXAT0025,20121224,SNOW,0,,,N,0730
US1TXAT0025,20121225,SNOW,0,,,N,0730
US1TXAT0025,20121226,SNOW,0,,,N,0730
US1TXAT0025,20121231,SNOW,0,,,N,0750
US1TXAT0025,20130101,PRCP,25,,,N,0750
US1TXAT0025,20130102,PRCP,0,,,N,0750
US1TXAT0025,20130103,PRCP,0,,,N,0745
US1TXAT0025,20130108,PRCP,0,,,N,0730
US1TXAT0025,20130109,PRCP,775,,,N,0730
US1TXAT0025,20130110,PRCP,58,,,N,0730
US1TXAT0025,20130113,PRCP,0,,,N,0730
US1TXAT0025,20130114,PRCP,0,,,N,0730
US1TXAT0025,20130115,PRCP,3,,,N,0730
US1TXAT0025,20130116,PRCP,0,,,N,0730
US1TXAT0025,20130117,PRCP,0,,,N,0730
US1TXAT0025,20130118,PRCP,0,,,N,0750
US1TXAT0025,20130119,PRCP,0,,,N,0750
US1TXAT0025,20130120,PRCP,0,,,N,0900
US1TXAT0025,20130121,PRCP,0,,,N,0750
US1TXAT0025,20130122,PRCP,0,,,N,0740
US1TXAT0025,20130123,PRCP,0,,,N,0750
US1TXAT0025,20130124,PRCP,0,,,N,0735
US1TXAT0025,20130125,PRCP,0,,,N,0740
US1TXAT0025,20130126,PRCP,0,,,N,0730
US1TXAT0025,20130127,PRCP,0,,,N,0900
US1TXAT0025,20130128,PRCP,0,,,N,0700
US1TXAT0025,20130129,PRCP,0,,,N,0730
US1TXAT0025,20130131,PRCP,0,,,N,0750
US1TXAT0025,20130102,SNOW,0,,,N,0750
US1TXAT0025,20130103,SNOW,0,,,N,0745
US1TXAT0025,20130108,SNOW,0,,,N,0730
US1TXAT0025,20130113,SNOW,0,,,N,0730
US1TXAT0025,20130114,SNOW,0,,,N,0730
US1TXAT0025,20130116,SNOW,0,,,N,0730
US1TXAT0025,20130117,SNOW,0,,,N,0730
US1TXAT0025,20130118,SNOW,0,,,N,0750
US1TXAT0025,20130119,SNOW,0,,,N,0750
US1TXAT0025,20130120,SNOW,0,,,N,0900
US1TXAT0025,20130121,SNOW,0,,,N,0750
US1TXAT0025,20130122,SNOW,0,,,N,0740
US1TXAT0025,20130123,SNOW,0,,,N,0750
US1TXAT0025,20130124,SNOW,0,,,N,0735
US1TXAT0025,20130125,SNOW,0,,,N,0740
US1TXAT0025,20130126,SNOW,0,,,N,0730
US1TXAT0025,20130127,SNOW,0,,,N,0900
US1TXAT0025,20130128,SNOW,0,,,N,0700
US1TXAT0025,20130129,SNOW,0,,,N,0730
US1TXAT0025,20130131,SNOW,0,,,N,0750
US1TXAT0025,20130201,PRCP,0,,,N,0700
US1TXAT0025,20130202,PRCP,0,,,N,0740
US1TXAT0025,20130203,PRCP,0,,,N,0750
US1TXAT0025,20130204,PRCP,0,,,N,0750
US1TXAT0025,20130205,PRCP,0,,,N,0740
US1TXAT0025,20130206,PRCP,226,,,N,0750
US1TXAT0025,20130207,PRCP,0,,,N,0750
US1TXAT0025,20130208,PRCP,0,,,N,0745
US1TXAT0025,20130210,PRCP,0,,,N,0800
US1TXAT0025,20130211,PRCP,25,,,N,0750
US1TXAT0025,20130212,PRCP,0,,,N,0705
US1TXAT0025,20130213,PRCP,0,,,N,0720
US1TXAT0025,20130214,PRCP,0,,,N,0750
US1TXAT0025,20130215,PRCP,0,,,N,0750
US1TXAT0025,20130216,PRCP,0,,,N,0750
US1TXAT0025,20130217,PRCP,0,,,N,0710
US1TXAT0025,20130218,PRCP,0,,,N,0755
US1TXAT0025,20130219,PRCP,0,,,N,0750
US1TXAT0025,20130220,PRCP,13,,,N,0750
US1TXAT0025,20130221,PRCP,0,,,N,0750
US1TXAT0025,20130222,PRCP,0,,,N,0750
US1TXAT0025,20130223,PRCP,0,,,N,0800
US1TXAT0025,20130224,PRCP,0,,,N,0900
US1TXAT0025,20130225,PRCP,8,,,N,0750
US1TXAT0025,20130226,PRCP,0,,,N,0750
US1TXAT0025,20130227,PRCP,0,,,N,0750
US1TXAT0025,20130228,PRCP,0,,,N,0750
US1TXAT0025,20130201,SNOW,0,,,N,0700
US1TXAT0025,20130202,SNOW,0,,,N,0740
US1TXAT0025,20130203,SNOW,0,,,N,0750
US1TXAT0025,20130204,SNOW,0,,,N,0750
US1TXAT0025,20130205,SNOW,0,,,N,0740
US1TXAT0025,20130207,SNOW,0,,,N,0750
US1TXAT0025,20130208,SNOW,0,,,N,0745
US1TXAT0025,20130210,SNOW,0,,,N,0800
US1TXAT0025,20130212,SNOW,0,,,N,0705
US1TXAT0025,20130213,SNOW,0,,,N,0720
US1TXAT0025,20130214,SNOW,0,,,N,0750
US1TXAT0025,20130215,SNOW,0,,,N,0750
US1TXAT0025,20130216,SNOW,0,,,N,0750
US1TXAT0025,20130217,SNOW,0,,,N,0710
US1TXAT0025,20130218,SNOW,0,,,N,0755
US1TXAT0025,20130219,SNOW,0,,,N,0750
US1TXAT0025,20130221,SNOW,0,,,N,0750
US1TXAT0025,20130222,SNOW,0,,,N,0750
US1TXAT0025,20130223,SNOW,0,,,N,0800
US1TXAT0025,20130224,SNOW,0,,,N,0900
US1TXAT0025,20130226,SNOW,0,,,N,0750
US1TXAT0025,20130227,SNOW,0,,,N,0750
US1TXAT0025,20130228,SNOW,0,,,N,0750
US1TXAT0025,20130301,PRCP,0,,,N,0750
US1TXAT0025,20130302,PRCP,0,,,N,0750
US1TXAT0025,20130303,PRCP,0,,,N,0750
US1TXAT0025,20130304,PRCP,0,,,N,0750
US1TXAT0025,20130305,PRCP,0,,,N,0750
US1TXAT0025,20130306,PRCP,0,,,N,0750
US1TXAT0025,20130301,SNOW,0,,,N,0750
US1TXAT0025,20130302,SNOW,0,,,N,0750
US1TXAT0025,20130303,SNOW,0,,,N,0750
US1TXAT0025,20130304,SNOW,0,,,N,0750
US1TXAT0025,20130305,SNOW,0,,,N,0750
US1TXAT0025,20130306,SNOW,0,,,N,0750
US1TXAT0025,20130401,PRCP,5,,,N,0700
US1TXAT0025,20130402,PRCP,0,,,N,0750
US1TXAT0025,20130403,PRCP,254,,,N,0750
US1TXAT0025,20130421,PRCP,0,,,N,0750
US1TXAT0025,20130428,PRCP,302,,,N,0800
US1TXAT0025,20130430,PRCP,8,,,N,0750
US1TXAT0025,20130402,SNOW,0,,,N,0750
US1TXAT0025,20130421,SNOW,0,,,N,0750
US1TXAT0025,20130502,PRCP,28,,,N,0740
US1TXAT0025,20130524,PRCP,203,,,N,1700
US1TXAT0025,20130525,PRCP,254,,,N,0800
US1TXAT0025,20130526,PRCP,25,,,N,0750
US1TXAT0025,20130527,PRCP,0,,,N,0800
US1TXAT0025,20130528,PRCP,0,,,N,0750
US1TXAT0025,20130527,SNOW,0,,,N,0800
US1TXAT0025,20130528,SNOW,0,,,N,0750
US1TXAT0025,20130602,PRCP,241,,,N,0900
US1TXAT0025,20130603,PRCP,0,,,N,0750
US1TXAT0025,20130608,PRCP,300,,,N,0700
US1TXAT0025,20130612,PRCP,13,,,N,0750
US1TXAT0025,20130613,PRCP,13,,,N,0750
US1TXAT0025,20130614,PRCP,5,,,N,0800
US1TXAT0025,20130615,PRCP,432,,,N,0800
US1TXAT0025,20130629,PRCP,0,,,N,0800
US1TXAT0025,20130630,PRCP,0,,,N,1000
US1TXAT0025,20130603,SNOW,0,,,N,0750
US1TXAT0025,20130629,SNOW,0,,,N,0800
US1TXAT0025,20130630,SNOW,0,,,N,1000
US1TXAT0025,20130701,PRCP,305,,,N,0750
US1TXAT0025,20130708,PRCP,8,,,N,0750
US1TXAT0025,20130715,PRCP,0,,,N,0750
US1TXAT0025,20130716,PRCP,41,,,N,0750
US1TXAT0025,20130717,PRCP,97,,,N,0750
US1TXAT0025,20130718,PRCP,23,,,N,0750
US1TXAT0025,20130701,SNOW,0,,,N,0750
US1TXAT0025,20130715,SNOW,0,,,N,0750
US1TXAT0025,20130822,PRCP,5,,,N,0750
US1TXAT0025,20130827,PRCP,191,,,N,0750
US1TXAT0025,20130907,PRCP,386,,,N,0750
US1TXAT0025,20130908,PRCP,8,,,N,0800
US1TXAT0025,20130909,PRCP,8,,,N,0750
US1TXAT0025,20130910,PRCP,132,,,N,0750
US1TXAT0025,20130911,PRCP,127,,,N,0700
US1TXAT0025,20130916,PRCP,0,,,N,0700
US1TXAT0025,20130917,PRCP,89,,,N,0750
US1TXAT0025,20130921,PRCP,632,,,N,0750
US1TXAT0025,20130929,PRCP,1092,,,N,0750
US1TXAT0025,20130930,PRCP,0,,,N,0750
US1TXAT0025,20130916,SNOW,0,,,N,0700
US1TXAT0025,20130930,SNOW,0,,,N,0750
US1TXAT0025,20131006,PRCP,160,,,N,1000
US1TXAT0025,20131007,PRCP,0,,,N,0750
US1TXAT0025,20131008,PRCP,0,,,N,0700
US1TXAT0025,20131009,PRCP,0,,,N,0700
US1TXAT0025,20131010,PRCP,0,,,N,0700
US1TXAT0025,20131011,PRCP,0,,,N,0700
US1TXAT0025,20131012,PRCP,0,,,N,0700
US1TXAT0025,20131013,PRCP,0,,,N,0700
US1TXAT0025,20131014,PRCP,310,,,N,0740
US1TXAT0025,20131015,PRCP,0,,,N,0800
US1TXAT0025,20131016,PRCP,13,,,N,0740
US1TXAT0025,20131017,PRCP,53,,,N,0750
US1TXAT0025,20131018,PRCP,0,,,N,0700
US1TXAT0025,20131019,PRCP,0,,,N,0750
US1TXAT0025,20131020,PRCP,0,,,N,0700
US1TXAT0025,20131021,PRCP,0,,,N,0700
US1TXAT0025,20131022,PRCP,0,,,N,0700
US1TXAT0025,20131025,PRCP,0,,,N,0700
US1TXAT0025,20131026,PRCP,0,,,N,0700
US1TXAT0025,20131027,PRCP,0,,,N,0700
US1TXAT0025,20131028,PRCP,0,,,N,0700
US1TXAT0025,20131029,PRCP,0,,,N,0700
US1TXAT0025,20131030,PRCP,0,,,N,0700
US1TXAT0025,20131031,PRCP,94,,,N,0740
US1TXAT0025,20131007,SNOW,0,,,N,0750
US1TXAT0025,20131008,SNOW,0,,,N,0700
US1TXAT0025,20131009,SNOW,0,,,N,0700
US1TXAT0025,20131010,SNOW,0,,,N,0700
US1TXAT0025,20131011,SNOW,0,,,N,0700
US1TXAT0025,20131012,SNOW,0,,,N,0700
US1TXAT0025,20131013,SNOW,0,,,N,0700
US1TXAT0025,20131015,SNOW,0,,,N,0800
US1TXAT0025,20131018,SNOW,0,,,N,0700
US1TXAT0025,20131019,SNOW,0,,,N,0750
US1TXAT0025,20131020,SNOW,0,,,N,0700
US1TXAT0025,20131021,SNOW,0,,,N,0700
US1TXAT0025,20131022,SNOW,0,,,N,0700
US1TXAT0025,20131025,SNOW,0,,,N,0700
US1TXAT0025,20131026,SNOW,0,,,N,0700
US1TXAT0025,20131027,SNOW,0,,,N,0700
US1TXAT0025,20131028,SNOW,0,,,N,0700
US1TXAT0025,20131029,SNOW,0,,,N,0700
US1TXAT0025,20131030,SNOW,0,,,N,0700
US1TXAT0025,20131101,PRCP,0,,,N,0700
US1TXAT0025,20131102,PRCP,0,,,N,0700
US1TXAT0025,20131103,PRCP,0,,,N,0700
US1TXAT0025,20131104,PRCP,0,,,N,0700
US1TXAT0025,20131105,PRCP,0,,,N,0750
US1TXAT0025,20131116,PRCP,0,,,N,0700
US1TXAT0025,20131117,PRCP,0,,,N,0700
US1TXAT0025,20131118,PRCP,0,,,N,0700
US1TXAT0025,20131119,PRCP,0,,,N,0700
US1TXAT0025,20131120,PRCP,0,,,N,0700
US1TXAT0025,20131121,PRCP,0,,,N,0700
US1TXAT0025,20131122,PRCP,229,,,N,0750
US1TXAT0025,20131123,PRCP,3,,,N,0800
US1TXAT0025,20131124,PRCP,3,,,N,0800
US1TXAT0025,20131125,PRCP,114,,,N,0750
US1TXAT0025,20131126,PRCP,0,,,N,0700
US1TXAT0025,20131127,PRCP,0,,,N,0700
US1TXAT0025,20131128,PRCP,0,,,N,0700
US1TXAT0025,20131129,PRCP,0,,,N,0700
US1TXAT0025,20131130,PRCP,0,,,N,0700
US1TXAT0025,20131101,SNOW,0,,,N,0700
US1TXAT0025,20131102,SNOW,0,,,N,0700
US1TXAT0025,20131103,SNOW,0,,,N,0700
US1TXAT0025,20131104,SNOW,0,,,N,0700
US1TXAT0025,20131105,SNOW,0,,,N,0750
US1TXAT0025,20131116,SNOW,0,,,N,0700
US1TXAT0025,20131117,SNOW,0,,,N,0700
US1TXAT0025,20131118,SNOW,0,,,N,0700
US1TXAT0025,20131119,SNOW,0,,,N,0700
US1TXAT0025,20131120,SNOW,0,,,N,0700
US1TXAT0025,20131121,SNOW,0,,,N,0700
US1TXAT0025,20131126,SNOW,0,,,N,0700
US1TXAT0025,20131127,SNOW,0,,,N,0700
US1TXAT0025,20131128,SNOW,0,,,N,0700
US1TXAT0025,20131129,SNOW,0,,,N,0700
US1TXAT0025,20131130,SNOW,0,,,N,0700
US1TXAT0025,20131201,PRCP,0,,,N,0700
US1TXAT0025,20131202,PRCP,0,,,N,0700
US1TXAT0025,20131203,PRCP,0,,,N,0700
US1TXAT0025,20131204,PRCP,0,,,N,0700
US1TXAT0025,20131205,PRCP,0,,,N,0700
US1TXAT0025,20131206,PRCP,0,,,N,0700
US1TXAT0025,20131207,PRCP,0,,,N,0700
US1TXAT0025,20131208,PRCP,0,,,N,0700
US1TXAT0025,20131209,PRCP,0,,,N,0700
US1TXAT0025,20131210,PRCP,0,,,N,0700
US1TXAT0025,20131211,PRCP,0,,,N,0700
US1TXAT0025,20131213,PRCP,0,,,N,0700
US1TXAT0025,20131214,PRCP,0,,,N,0700
US1TXAT0025,20131215,PRCP,0,,,N,0700
US1TXAT0025,20131217,PRCP,0,,,N,0700
US1TXAT0025,20131218,PRCP,0,,,N,0700
US1TXAT0025,20131219,PRCP,0,,,N,0700
US1TXAT0025,20131220,PRCP,0,,,N,0700
US1TXAT0025,20131221,PRCP,0,,,N,0700
US1TXAT0025,20131222,PRCP,0,,,N,0720
US1TXAT0025,20131223,PRCP,0,,,N,0700
US1TXAT0025,20131224,PRCP,0,,,N,0700
US1TXAT0025,20131225,PRCP,0,,,N,0700
US1TXAT0025,20131226,PRCP,0,,,N,0700
US1TXAT0025,20131227,PRCP,84,,,N,0750
US1TXAT0025,20131201,SNOW,0,,,N,0700
US1TXAT0025,20131202,SNOW,0,,,N,0700
US1TXAT0025,20131203,SNOW,0,,,N,0700
US1TXAT0025,20131204,SNOW,0,,,N,0700
US1TXAT0025,20131205,SNOW,0,,,N,0700
US1TXAT0025,20131206,SNOW,0,,,N,0700
US1TXAT0025,20131207,SNOW,0,,,N,0700
US1TXAT0025,20131208,SNOW,0,,,N,0700
US1TXAT0025,20131209,SNOW,0,,,N,0700
US1TXAT0025,20131210,SNOW,0,,,N,0700
US1TXAT0025,20131211,SNOW,0,,,N,0700
US1TXAT0025,20131213,SNOW,0,,,N,0700
US1TXAT0025,20131214,SNOW,0,,,N,0700
US1TXAT0025,20131215,SNOW,0,,,N,0700
US1TXAT0025,20131217,SNOW,0,,,N,0700
US1TXAT0025,20131218,SNOW,0,,,N,0700
US1TXAT0025,20131219,SNOW,0,,,N,0700
US1TXAT0025,20131220,SNOW,0,,,N,0700
US1TXAT0025,20131221,SNOW,0,,,N,0700
US1TXAT0025,20131222,SNOW,0,,,N,0720
US1TXAT0025,20131223,SNOW,0,,,N,0700
US1TXAT0025,20131224,SNOW,0,,,N,0700
US1TXAT0025,20131225,SNOW,0,,,N,0700
US1TXAT0025,20131226,SNOW,0,,,N,0700
US1TXAT0025,20140106,PRCP,0,,,N,0700
US1TXAT0025,20140107,PRCP,0,,,N,0700
US1TXAT0025,20140108,PRCP,0,,,N,0700
US1TXAT0025,20140109,PRCP,0,,,N,0700
US1TXAT0025,20140110,PRCP,0,,,N,0700
US1TXAT0025,20140111,PRCP,0,,,N,0700
US1TXAT0025,20140112,PRCP,0,,,N,0700
US1TXAT0025,20140113,PRCP,0,,,N,0700
US1TXAT0025,20140114,PRCP,0,,,N,0700
US1TXAT0025,20140115,PRCP,0,,,N,0700
US1TXAT0025,20140116,PRCP,0,,,N,0700
US1TXAT0025,20140117,PRCP,0,,,N,0700
US1TXAT0025,20140118,PRCP,0,,,N,0700
US1TXAT0025,20140119,PRCP,0,,,N,0700
US1TXAT0025,20140120,PRCP,0,,,N,0700
US1TXAT0025,20140121,PRCP,0,,,N,0700
US1TXAT0025,20140122,PRCP,0,,,N,0700
US1TXAT0025,20140123,PRCP,0,,,N,0700
US1TXAT0025,20140126,PRCP,0,,,N,0700
US1TXAT0025,20140127,PRCP,0,,,N,0700
US1TXAT0025,20140106,SNOW,0,,,N,0700
US1TXAT0025,20140107,SNOW,0,,,N,0700
US1TXAT0025,20140108,SNOW,0,,,N,0700
US1TXAT0025,20140109,SNOW,0,,,N,0700
US1TXAT0025,20140110,SNOW,0,,,N,0700
US1TXAT0025,20140111,SNOW,0,,,N,0700
US1TXAT0025,20140112,SNOW,0,,,N,0700
US1TXAT0025,20140113,SNOW,0,,,N,0700
US1TXAT0025,20140114,SNOW,0,,,N,0700
US1TXAT0025,20140115,SNOW,0,,,N,0700
US1TXAT0025,20140116,SNOW,0,,,N,0700
US1TXAT0025,20140117,SNOW,0,,,N,0700
US1TXAT0025,20140118,SNOW,0,,,N,0700
US1TXAT0025,20140119,SNOW,0,,,N,0700
US1TXAT0025,20140120,SNOW,0,,,N,0700
US1TXAT0025,20140121,SNOW,0,,,N,0700
US1TXAT0025,20140122,SNOW,0,,,N,0700
US1TXAT0025,20140123,SNOW,0,,,N,0700
US1TXAT0025,20140126,SNOW,0,,,N,0700
US1TXAT0025,20140127,SNOW,0,,,N,0700
US1TXAT0025,20140220,PRCP,0,,,N,0700
US1TXAT0025,20140221,PRCP,0,,,N,0700
US1TXAT0025,20140222,PRCP,0,,,N,0700
US1TXAT0025,20140223,PRCP,0,,,N,0700
US1TXAT0025,20140224,PRCP,0,,,N,0700
US1TXAT0025,20140225,PRCP,0,,,N,0700
US1TXAT0025,20140226,PRCP,8,,,N,0800
US1TXAT0025,20140220,SNOW,0,,,N,0700
US1TXAT0025,20140221,SNOW,0,,,N,0700
US1TXAT0025,20140222,SNOW,0,,,N,0700
US1TXAT0025,20140223,SNOW,0,,,N,0700
US1TXAT0025,20140224,SNOW,0,,,N,0700
US1TXAT0025,20140225,SNOW,0,,,N,0700
US1TXAT0025,20140306,PRCP,0,,,N,0700
US1TXAT0025,20140307,PRCP,0,,,N,0700
US1TXAT0025,20140308,PRCP,0,,,N,0700
US1TXAT0025,20140309,PRCP,0,,,N,0700
US1TXAT0025,20140310,PRCP,51,,,N,0800
US1TXAT0025,20140311,PRCP,84,,,N,0750
US1TXAT0025,20140312,PRCP,0,,,N,0750
US1TXAT0025,20140314,PRCP,0,,,N,0700
US1TXAT0025,20140315,PRCP,25,,,N,0800
US1TXAT0025,20140316,PRCP,127,,,N,0700
US1TXAT0025,20140317,PRCP,0,,,N,0700
US1TXAT0025,20140318,PRCP,0,,,N,0700
US1TXAT0025,20140319,PRCP,0,,,N,0700
US1TXAT0025,20140320,PRCP,0,,,N,0700
US1TXAT0025,20140321,PRCP,0,,,N,0700
US1TXAT0025,20140323,PRCP,0,,,N,0700
US1TXAT0025,20140325,PRCP,0,,,N,0700
US1TXAT0025,20140326,PRCP,0,,L,N,0700
US1TXAT0025,20140306,SNOW,0,,,N,0700
US1TXAT0025,20140307,SNOW,0,,,N,0700
US1TXAT0025,20140308,SNOW,0,,,N,0700
US1TXAT0025,20140309,SNOW,0,,,N,0700
US1TXAT0025,20140312,SNOW,0,,,N,0750
US1TXAT0025,20140314,SNOW,0,,,N,0700
US1TXAT0025,20140317,SNOW,0,,,N,0700
US1TXAT0025,20140318,SNOW,0,,,N,0700
US1TXAT0025,20140319,SNOW,0,,,N,0700
US1TXAT0025,20140320,SNOW,0,,,N,0700
US1TXAT0025,20140321,SNOW,0,,,N,0700
US1TXAT0025,20140323,SNOW,0,,,N,0700
US1TXAT0025,20140325,SNOW,0,,,N,0700
US1TXAT0025,20140326,SNOW,0,,,N,0700
US1TXAT0025,20140415,PRCP,152,,,N,0700
US1TXAT0025,20140416,PRCP,0,,,N,0700
US1TXAT0025,20140416,SNOW,0,,,N,0700
US1TXAT0025,20140406,SNWD,0,,,N,0000
US1TXAT0025,20140413,SNWD,0,,,N,0000
US1TXAT0025,20140406,DAPR,12,,L,N,0000
US1TXAT0025,20140413,DAPR,7,,,N,0000
US1TXAT0025,20140429,DAPR,13,,,N,0000
US1TXAT0025,20140406,MDPR,0,,L,N,0000
US1TXAT0025,20140413,MDPR,0,,,N,0000
US1TXAT0025,20140429,MDPR,0,,,N,0000
US1TXAT0025,20140406,WESD,0,,,N,0000
US1TXAT0025,20140413,WESD,0,,,N,0000
US1TXAT0025,20140508,PRCP,5,,,N,0750
US1TXAT0025,20140509,PRCP,254,,,N,0750
US1TXAT0025,20140510,PRCP,241,,,N,0750
US1TXAT0025,20140511,PRCP,0,,,N,0700
US1TXAT0025,20140512,PRCP,0,,,N,0700
US1TXAT0025,20140513,PRCP,483,,,N,0750
US1TXAT0025,20140514,PRCP,10,,,N,0750
US1TXAT0025,20140524,PRCP,5,,,N,0700
US1TXAT0025,20140525,PRCP,102,,,N,0700
US1TXAT0025,20140526,PRCP,0,,,N,0702
US1TXAT0025,20140527,PRCP,1298,,,N,0700
US1TXAT0025,20140528,PRCP,8,,,N,0750
US1TXAT0025,20140511,SNOW,0,,,N,0700
US1TXAT0025,20140512,SNOW,0,,,N,0700
US1TXAT0025,20140526,SNOW,0,,,N,0702
US1TXAT0025,20140507,DAPR,20,,,N,0000
US1TXAT0025,20140522,DAPR,8,,,N,0000
US1TXAT0025,20140507,MDPR,0,,,N,0000
US1TXAT0025,20140522,MDPR,0,,,N,0000
US1TXAT0025,20140609,PRCP,300,,,N,0750
US1TXAT0025,20140610,PRCP,8,,,N,0800
US1TXAT0025,20140613,PRCP,450,,,N,0750
US1TXAT0025,20140614,PRCP,0,,,N,0800
US1TXAT0025,20140615,PRCP,0,,,N,0700
US1TXAT0025,20140616,PRCP,0,,,N,0700
US1TXAT0025,20140617,PRCP,0,,,N,0700
US1TXAT0025,20140618,PRCP,0,,,N,0700
US1TXAT0025,20140619,PRCP,0,,,N,0700
US1TXAT0025,20140620,PRCP,0,,,N,0700
US1TXAT0025,20140621,PRCP,0,,,N,0700
US1TXAT0025,20140622,PRCP,0,,,N,0700
US1TXAT0025,20140623,PRCP,0,,,N,0700
US1TXAT0025,20140624,PRCP,0,,,N,0750
US1TXAT0025,20140625,PRCP,43,,,N,0750
US1TXAT0025,20140626,PRCP,188,,,N,0750
US1TXAT0025,20140627,PRCP,0,,,N,0750
US1TXAT0025,20140628,PRCP,0,,L,N,0750
US1TXAT0025,20140614,SNOW,0,,,N,0800
US1TXAT0025,20140615,SNOW,0,,,N,0700
US1TXAT0025,20140616,SNOW,0,,,N,0700
US1TXAT0025,20140617,SNOW,0,,,N,0700
US1TXAT0025,20140618,SNOW,0,,,N,0700
US1TXAT0025,20140619,SNOW,0,,,N,0700
US1TXAT0025,20140620,SNOW,0,,,N,0700
US1TXAT0025,20140621,SNOW,0,,,N,0700
US1TXAT0025,20140622,SNOW,0,,,N,0700
US1TXAT0025,20140623,SNOW,0,,,N,0700
US1TXAT0025,20140624,SNOW,0,,,N,0750
US1TXAT0025,20140627,SNOW,0,,,N,0750
US1TXAT0025,20140628,SNOW,0,,,N,0750
US1TXAT0025,20140608,DAPR,11,,,N,0000
US1TXAT0025,20140612,DAPR,2,,,N,0000
US1TXAT0025,20140630,DAPR,3,,L,N,0000
US1TXAT0025,20140608,MDPR,0,,,N,0000
US1TXAT0025,20140612,MDPR,0,,,N,0000
US1TXAT0025,20140630,MDPR,0,,L,N,0000
US1TXAT0025,20140718,PRCP,406,,,N,0750
US1TXAT0025,20140714,DAPR,14,,,N,0000
US1TXAT0025,20140717,DAPR,19,,,N,0000
US1TXAT0025,20140714,MDPR,0,,,N,0000
US1TXAT0025,20140717,MDPR,0,,,N,0000
US1TXAT0025,20140831,PRCP,0,,,N,0700
US1TXAT0025,20140831,SNOW,0,,,N,0700
US1TXAT0025,20140815,DAPR,28,,,N,0000
US1TXAT0025,20140825,DAPR,37,,L,N,0000
US1TXAT0025,20140830,DAPR,41,,L,N,0000
US1TXAT0025,20140815,MDPR,0,,,N,0000
US1TXAT0025,20140825,MDPR,0,,L,N,0000
US1TXAT0025,20140830,MDPR,0,,L,N,0000
US1TXAT0025,20140902,PRCP,0,,,N,0750
US1TXAT0025,20140903,PRCP,0,,,N,0700
US1TXAT0025,20140904,PRCP,10,,,N,0750
US1TXAT0025,20140905,PRCP,241,,,N,0750
US1TXAT0025,20140906,PRCP,152,,,N,0750
US1TXAT0025,20140907,PRCP,0,,,N,0750
US1TXAT0025,20140908,PRCP,20,,,N,0750
US1TXAT0025,20140909,PRCP,0,,L,N,0700
US1TXAT0025,20140910,PRCP,0,,L,N,0000
US1TXAT0025,20140911,PRCP,0,,,N,0700
US1TXAT0025,20140912,PRCP,5,,,N,0750
US1TXAT0025,20140913,PRCP,23,,,N,0800
US1TXAT0025,20140914,PRCP,0,,,N,0750
US1TXAT0025,20140915,PRCP,0,,,N,0750
US1TXAT0025,20140916,PRCP,0,,,N,0700
US1TXAT0025,20140917,PRCP,254,,,N,0750
US1TXAT0025,20140918,PRCP,0,,,N,0750
US1TXAT0025,20140919,PRCP,8,,,N,0750
US1TXAT0025,20140920,PRCP,0,,,N,0750
US1TXAT0025,20140921,PRCP,0,T,,N,0800
US1TXAT0025,20140922,PRCP,0,,,N,0750
US1TXAT0025,20140923,PRCP,0,,,N,0750
US1TXAT0025,20140924,PRCP,0,,,N,0750
US1TXAT0025,20140925,PRCP,0,,,N,0750
US1TXAT0025,20140926,PRCP,0,,,N,0750
US1TXAT0025,20140927,PRCP,523,,,N,0750
US1TXAT0025,20140928,PRCP,163,,,N,0800
US1TXAT0025,20140929,PRCP,0,,,N,0750
US1TXAT0025,20140930,PRCP,0,,,N,0750
US1TXAT0025,20140902,SNOW,0,,,N,0750
US1TXAT0025,20140903,SNOW,0,,,N,0700
US1TXAT0025,20140907,SNOW,0,,,N,0750
US1TXAT0025,20140909,SNOW,0,,,N,0700
US1TXAT0025,20140910,SNOW,0,,,N,0000
US1TXAT0025,20140911,SNOW,0,,,N,0700
US1TXAT0025,20140914,SNOW,0,,,N,0750
US1TXAT0025,20140915,SNOW,0,,,N,0750
US1TXAT0025,20140916,SNOW,0,,,N,0700
US1TXAT0025,20140918,SNOW,0,,,N,0750
US1TXAT0025,20140920,SNOW,0,,,N,0750
US1TXAT0025,20140922,SNOW,0,,,N,0750
US1TXAT0025,20140923,SNOW,0,,,N,0750
US1TXAT0025,20140924,SNOW,0,,,N,0750
US1TXAT0025,20140925,SNOW,0,,,N,0750
US1TXAT0025,20140926,SNOW,0,,,N,0750
US1TXAT0025,20140929,SNOW,0,,,N,0750
US1TXAT0025,20140930,SNOW,0,,,N,0750
US1TXAT0025,20140910,DAPR,2,,L,N,0000
US1TXAT0025,20140910,MDPR,0,,L,N,0000
US1TXAT0025,20141001,PRCP,0,,,N,0750
US1TXAT0025,20141002,PRCP,0,,,N,0750
US1TXAT0025,20141003,PRCP,79,,,N,0750
US1TXAT0025,20141011,PRCP,0,T,,N,0750
US1TXAT0025,20141012,PRCP,0,,,N,0750
US1TXAT0025,20141013,PRCP,0,,,N,0750
US1TXAT0025,20141018,PRCP,0,T,,N,0750
US1TXAT0025,20141031,PRCP,305,,,N,0750
US1TXAT0025,20141001,SNOW,0,,,N,0750
US1TXAT0025,20141002,SNOW,0,,,N,0750
US1TXAT0025,20141012,SNOW,0,,,N,0750
US1TXAT0025,20141013,SNOW,0,,,N,0750
US1TXAT0025,20141010,DAPR,5,,,N,0000
US1TXAT0025,20141017,DAPR,4,,,N,0000
US1TXAT0025,20141028,DAPR,10,,,N,0000
US1TXAT0025,20141030,DAPR,11,,,N,0000
US1TXAT0025,20141010,MDPR,0,,,N,0000
US1TXAT0025,20141017,MDPR,0,,,N,0000
US1TXAT0025,20141028,MDPR,0,,,N,0000
US1TXAT0025,20141030,MDPR,0,,,N,0000
US1TXAT0025,20141101,PRCP,0,,,N,0700
US1TXAT0025,20141102,PRCP,0,,,N,0700
US1TXAT0025,20141103,PRCP,0,,,N,0750
US1TXAT0025,20141104,PRCP,0,,,N,0700
US1TXAT0025,20141105,PRCP,259,,,N,0750
US1TXAT0025,20141106,PRCP,432,,,N,0750
US1TXAT0025,20141107,PRCP,10,,,N,0750
US1TXAT0025,20141108,PRCP,0,,,N,0700
US1TXAT0025,20141109,PRCP,0,,,N,0700
US1TXAT0025,20141110,PRCP,0,,,N,0750
US1TXAT0025,20141111,PRCP,0,,,N,0750
US1TXAT0025,20141112,PRCP,0,,,N,0750
US1TXAT0025,20141113,PRCP,3,,,N,0750
US1TXAT0025,20141114,PRCP,0,,,N,0750
US1TXAT0025,20141115,PRCP,0,,,N,0700
US1TXAT0025,20141116,PRCP,0,,,N,0700
US1TXAT0025,20141117,PRCP,0,,,N,0700
US1TXAT0025,20141118,PRCP,0,,,N,0700
US1TXAT0025,20141119,PRCP,0,,,N,0750
US1TXAT0025,20141120,PRCP,0,,,N,0750
US1TXAT0025,20141121,PRCP,10,,,N,0750
US1TXAT0025,20141122,PRCP,43,,,N,0750
US1TXAT0025,20141123,PRCP,107,,,N,0750
US1TXAT0025,20141124,PRCP,0,,,N,0700
US1TXAT0025,20141125,PRCP,0,,,N,0750
US1TXAT0025,20141126,PRCP,0,,,N,0750
US1TXAT0025,20141127,PRCP,0,,,N,0700
US1TXAT0025,20141128,PRCP,0,,,N,0700
US1TXAT0025,20141129,PRCP,0,,,N,0700
US1TXAT0025,20141130,PRCP,0,,,N,0700
US1TXAT0025,20141101,SNOW,0,,,N,0700
US1TXAT0025,20141102,SNOW,0,,,N,0700
US1TXAT0025,20141103,SNOW,0,,,N,0750
US1TXAT0025,20141104,SNOW,0,,,N,0700
US1TXAT0025,20141108,SNOW,0,,,N,0700
US1TXAT0025,20141109,SNOW,0,,,N,0700
US1TXAT0025,20141110,SNOW,0,,,N,0750
US1TXAT0025,20141111,SNOW,0,,,N,0750
US1TXAT0025,20141112,SNOW,0,,,N,0750
US1TXAT0025,20141114,SNOW,0,,,N,0750
US1TXAT0025,20141115,SNOW,0,,,N,0700
US1TXAT0025,20141116,SNOW,0,,,N,0700
US1TXAT0025,20141117,SNOW,0,,,N,0700
US1TXAT0025,20141118,SNOW,0,,,N,0700
US1TXAT0025,20141119,SNOW,0,,,N,0750
US1TXAT0025,20141120,SNOW,0,,,N,0750
US1TXAT0025,20141124,SNOW,0,,,N,0700
US1TXAT0025,20141125,SNOW,0,,,N,0750
US1TXAT0025,20141126,SNOW,0,,,N,0750
US1TXAT0025,20141127,SNOW,0,,,N,0700
US1TXAT0025,20141128,SNOW,0,,,N,0700
US1TXAT0025,20141129,SNOW,0,,,N,0700
US1TXAT0025,20141130,SNOW,0,,,N,0700
US1TXAT0025,20141201,PRCP,0,T,,N,0750
US1TXAT0025,20141202,PRCP,0,,,N,0700
US1TXAT0025,20141203,PRCP,0,T,,N,0700
US1TXAT0025,20141204,PRCP,8,,,N,0750
US1TXAT0025,20141205,PRCP,10,,,N,0750
US1TXAT0025,20141206,PRCP,0,,,N,0700
US1TXAT0025,20141207,PRCP,0,,,N,0700
US1TXAT0025,20141208,PRCP,0,,,N,0750
US1TXAT0025,20141209,PRCP,0,,,N,0750
US1TXAT0025,20141210,PRCP,0,,,N,0750
US1TXAT0025,20141211,PRCP,23,,,N,0750
US1TXAT0025,20141212,PRCP,0,,,N,0700
US1TXAT0025,20141213,PRCP,0,,,N,0700
US1TXAT0025,20141214,PRCP,0,,,N,0700
US1TXAT0025,20141215,PRCP,0,,,N,0700
US1TXAT0025,20141216,PRCP,0,,,N,0700
US1TXAT0025,20141218,PRCP,0,T,,N,0750
US1TXAT0025,20141219,PRCP,203,,,N,0850
US1TXAT0025,20141220,PRCP,5,,,N,0800
US1TXAT0025,20141221,PRCP,0,,,N,0750
US1TXAT0025,20141222,PRCP,8,,,N,0750
US1TXAT0025,20141223,PRCP,0,,,N,0750
US1TXAT0025,20141224,PRCP,0,,,N,0750
US1TXAT0025,20141225,PRCP,0,,,N,0750
US1TXAT0025,20141226,PRCP,0,,,N,0750
US1TXAT0025,20141227,PRCP,3,,,N,0700
US1TXAT0025,20141228,PRCP,5,,,N,0750
US1TXAT0025,20141229,PRCP,13,,,N,0750
US1TXAT0025,20141230,PRCP,0,T,,N,0750
US1TXAT0025,20141231,PRCP,8,,,N,0750
US1TXAT0025,20141202,SNOW,0,,,N,0700
US1TXAT0025,20141206,SNOW,0,,,N,0700
US1TXAT0025,20141207,SNOW,0,,,N,0700
US1TXAT0025,20141208,SNOW,0,,,N,0750
US1TXAT0025,20141209,SNOW,0,,,N,0750
US1TXAT0025,20141210,SNOW,0,,,N,0750
US1TXAT0025,20141212,SNOW,0,,,N,0700
US1TXAT0025,20141213,SNOW,0,,,N,0700
US1TXAT0025,20141214,SNOW,0,,,N,0700
US1TXAT0025,20141215,SNOW,0,,,N,0700
US1TXAT0025,20141216,SNOW,0,,,N,0700
US1TXAT0025,20141221,SNOW,0,,,N,0750
US1TXAT0025,20141223,SNOW,0,,,N,0750
US1TXAT0025,20141224,SNOW,0,,,N,0750
US1TXAT0025,20141225,SNOW,0,,,N,0750
US1TXAT0025,20141226,SNOW,0,,,N,0750
US1TXAT0025,20150101,PRCP,36,,,N,0750
US1TXAT0025,20150102,PRCP,33,,,N,0750
US1TXAT0025,20150103,PRCP,46,,,N,0750
US1TXAT0025,20150104,PRCP,3,,,N,0750
US1TXAT0025,20150105,PRCP,0,,,N,0750
US1TXAT0025,20150106,PRCP,0,,,N,0750
US1TXAT0025,20150107,PRCP,0,,,N,0750
US1TXAT0025,20150108,PRCP,0,,,N,0750
US1TXAT0025,20150109,PRCP,0,T,,N,0750
US1TXAT0025,20150110,PRCP,76,,,N,0750
US1TXAT0025,20150111,PRCP,254,,,N,0750
US1TXAT0025,20150112,PRCP,3,,,N,0750
US1TXAT0025,20150113,PRCP,0,,,N,0750
US1TXAT0025,20150114,PRCP,3,,,N,0750
US1TXAT0025,20150115,PRCP,8,,,N,0750
US1TXAT0025,20150116,PRCP,0,,,N,0750
US1TXAT0025,20150117,PRCP,0,,,N,0750
US1TXAT0025,20150118,PRCP,0,,,N,0750
US1TXAT0025,20150120,PRCP,0,,,N,0750
US1TXAT0025,20150121,PRCP,0,T,,N,0750
US1TXAT0025,20150122,PRCP,81,,,N,0750
US1TXAT0025,20150123,PRCP,43,,,N,0750
US1TXAT0025,20150124,PRCP,5,,,N,0750
US1TXAT0025,20150125,PRCP,0,,,N,0750
US1TXAT0025,20150126,PRCP,0,,,N,0750
US1TXAT0025,20150127,PRCP,0,,,N,0750
US1TXAT0025,20150128,PRCP,0,,,N,0750
US1TXAT0025,20150129,PRCP,0,,,N,0750
US1TXAT0025,20150130,PRCP,0,,,N,0750
US1TXAT0025,20150131,PRCP,15,,,N,0750
US1TXAT0025,20150105,SNOW,0,,,N,0750
US1TXAT0025,20150106,SNOW,0,,,N,0750
US1TXAT0025,20150107,SNOW,0,,,N,0750
US1TXAT0025,20150108,SNOW,0,,,N,0750
US1TXAT0025,20150113,SNOW,0,,,N,0750
US1TXAT0025,20150116,SNOW,0,,,N,0750
US1TXAT0025,20150117,SNOW,0,,,N,0750
US1TXAT0025,20150118,SNOW,0,,,N,0750
US1TXAT0025,20150120,SNOW,0,,,N,0750
US1TXAT0025,20150125,SNOW,0,,,N,0750
US1TXAT0025,20150126,SNOW,0,,,N,0750
US1TXAT0025,20150127,SNOW,0,,,N,0750
US1TXAT0025,20150128,SNOW,0,,,N,0750
US1TXAT0025,20150129,SNOW,0,,,N,0750
US1TXAT0025,20150130,SNOW,0,,,N,0750
US1TXAT0025,20150201,PRCP,20,,,N,0700
US1TXAT0025,20150202,PRCP,0,,,N,0750
US1TXAT0025,20150203,PRCP,18,,,N,0700
US1TXAT0025,20150204,PRCP,107,,,N,0700
US1TXAT0025,20150205,PRCP,0,T,,N,0750
US1TXAT0025,20150206,PRCP,0,,,N,0750
US1TXAT0025,20150207,PRCP,0,,,N,0700
US1TXAT0025,20150208,PRCP,0,,,N,0750
US1TXAT0025,20150209,PRCP,0,,,N,0750
US1TXAT0025,20150210,PRCP,0,,,N,0750
US1TXAT0025,20150211,PRCP,0,,,N,0750
US1TXAT0025,20150212,PRCP,0,,,N,0750
US1TXAT0025,20150213,PRCP,0,,,N,0750
US1TXAT0025,20150214,PRCP,0,,,N,0750
US1TXAT0025,20150216,PRCP,23,,,N,0750
US1TXAT0025,20150217,PRCP,28,,,N,0750
US1TXAT0025,20150218,PRCP,0,,,N,0750
US1TXAT0025,20150219,PRCP,0,,,N,0750
US1TXAT0025,20150220,PRCP,0,,,N,0750
US1TXAT0025,20150221,PRCP,0,,,N,0750
US1TXAT0025,20150222,PRCP,0,,,N,0750
US1TXAT0025,20150223,PRCP,0,,,N,0750
US1TXAT0025,20150224,PRCP,0,T,,N,0700
US1TXAT0025,20150225,PRCP,8,,,N,0750
US1TXAT0025,20150226,PRCP,0,,,N,0750
US1TXAT0025,20150227,PRCP,0,,,N,0750
US1TXAT0025,20150228,PRCP,15,,,N,0750
US1TXAT0025,20150202,SNOW,0,,,N,0750
US1TXAT0025,20150206,SNOW,0,,,N,0750
US1TXAT0025,20150207,SNOW,0,,,N,0700
US1TXAT0025,20150208,SNOW,0,,,N,0750
US1TXAT0025,20150209,SNOW,0,,,N,0750
US1TXAT0025,20150210,SNOW,0,,,N,0750
US1TXAT0025,20150211,SNOW,0,,,N,0750
US1TXAT0025,20150212,SNOW,0,,,N,0750
US1TXAT0025,20150213,SNOW,0,,,N,0750
US1TXAT0025,20150214,SNOW,0,,,N,0750
US1TXAT0025,20150218,SNOW,0,,,N,0750
US1TXAT0025,20150219,SNOW,0,,,N,0750
US1TXAT0025,20150220,SNOW,0,,,N,0750
US1TXAT0025,20150221,SNOW,0,,,N,0750
US1TXAT0025,20150222,SNOW,0,,,N,0750
US1TXAT0025,20150223,SNOW,0,,,N,0750
US1TXAT0025,20150226,SNOW,0,,,N,0750
US1TXAT0025,20150227,SNOW,0,,,N,0750
US1TXAT0025,20150301,PRCP,28,,,N,0750
US1TXAT0025,20150302,PRCP,10,,,N,0750
US1TXAT0025,20150303,PRCP,20,,,N,0750
US1TXAT0025,20150305,PRCP,23,,,N,0750
US1TXAT0025,20150306,PRCP,0,T,,N,0750
US1TXAT0025,20150308,PRCP,160,,,N,0750
US1TXAT0025,20150309,PRCP,193,,,N,0750
US1TXAT0025,20150310,PRCP,163,,,N,0750
US1TXAT0025,20150311,PRCP,0,,,N,0750
US1TXAT0025,20150312,PRCP,0,,,N,0750
US1TXAT0025,20150313,PRCP,0,,,N,0750
US1TXAT0025,20150314,PRCP,0,,,N,0700
US1TXAT0025,20150315,PRCP,0,,,N,0700
US1TXAT0025,20150316,PRCP,0,,,N,0700
US1TXAT0025,20150317,PRCP,0,T,,N,0750
US1TXAT0025,20150318,PRCP,114,,,N,0750
US1TXAT0025,20150319,PRCP,5,,,N,0750
US1TXAT0025,20150320,PRCP,0,T,,N,0750
US1TXAT0025,20150321,PRCP,516,,,N,0800
US1TXAT0025,20150322,PRCP,48,,,N,0800
US1TXAT0025,20150323,PRCP,0,,,N,0750
US1TXAT0025,20150324,PRCP,0,,,N,0750
US1TXAT0025,20150325,PRCP,0,,,N,0750
US1TXAT0025,20150326,PRCP,5,,,N,0750
US1TXAT0025,20150327,PRCP,0,T,,N,0750
US1TXAT0025,20150328,PRCP,0,,,N,0750
US1TXAT0025,20150329,PRCP,0,,,N,0750
US1TXAT0025,20150330,PRCP,0,,,N,0750
US1TXAT0025,20150331,PRCP,0,,,N,0750
US1TXAT0025,20150311,SNOW,0,,,N,0750
US1TXAT0025,20150312,SNOW,0,,,N,0750
US1TXAT0025,20150313,SNOW,0,,,N,0750
US1TXAT0025,20150314,SNOW,0,,,N,0700
US1TXAT0025,20150315,SNOW,0,,,N,0700
US1TXAT0025,20150316,SNOW,0,,,N,0700
US1TXAT0025,20150323,SNOW,0,,,N,0750
US1TXAT0025,20150324,SNOW,0,,,N,0750
US1TXAT0025,20150325,SNOW,0,,,N,0750
US1TXAT0025,20150328,SNOW,0,,,N,0750
US1TXAT0025,20150329,SNOW,0,,,N,0750
US1TXAT0025,20150330,SNOW,0,,,N,0750
US1TXAT0025,20150331,SNOW,0,,,N,0750
US1TXAT0025,20150401,PRCP,0,,L,N,0750
US1TXAT0025,20150405,PRCP,0,T,,N,0750
US1TXAT0025,20150406,PRCP,0,T,,N,0750
US1TXAT0025,20150407,PRCP,0,,,N,0750
US1TXAT0025,20150408,PRCP,0,,,N,0750
US1TXAT0025,20150409,PRCP,3,,,N,0750
US1TXAT0025,20150410,PRCP,18,,,N,0700
US1TXAT0025,20150411,PRCP,89,,,N,0700
US1TXAT0025,20150412,PRCP,64,,,N,0700
US1TXAT0025,20150413,PRCP,163,,,N,0700
US1TXAT0025,20150414,PRCP,8,,,N,0700
US1TXAT0025,20150415,PRCP,0,,,N,0750
US1TXAT0025,20150416,PRCP,0,,,N,0750
US1TXAT0025,20150417,PRCP,71,,,N,0750
US1TXAT0025,20150418,PRCP,472,,,N,0800
US1TXAT0025,20150419,PRCP,5,,,N,0750
US1TXAT0025,20150420,PRCP,0,,,N,0750
US1TXAT0025,20150421,PRCP,0,,,N,0750
US1TXAT0025,20150422,PRCP,0,,,N,0750
US1TXAT0025,20150423,PRCP,386,,,N,0750
US1TXAT0025,20150424,PRCP,8,,,N,0750
US1TXAT0025,20150425,PRCP,191,,,N,0750
US1TXAT0025,20150426,PRCP,51,,,N,0750
US1TXAT0025,20150427,PRCP,183,,,N,0750
US1TXAT0025,20150428,PRCP,0,,,N,0700
US1TXAT0025,20150429,PRCP,0,,,N,0750
US1TXAT0025,20150430,PRCP,0,,,N,0628
US1TXAT0025,20150401,SNOW,0,,,N,0750
US1TXAT0025,20150407,SNOW,0,,,N,0750
US1TXAT0025,20150408,SNOW,0,,,N,0750
US1TXAT0025,20150415,SNOW,0,,,N,0750
US1TXAT0025,20150416,SNOW,0,,,N,0750
US1TXAT0025,20150420,SNOW,0,,,N,0750
US1TXAT0025,20150421,SNOW,0,,,N,0750
US1TXAT0025,20150422,SNOW,0,,,N,0750
US1TXAT0025,20150429,SNOW,0,,,N,0750
US1TXAT0025,20150403,DAPR,3,,L,N,0000
US1TXAT0025,20150403,MDPR,0,,L,N,0000
US1TXAT0025,20150501,PRCP,0,,,N,0700
US1TXAT0025,20150502,PRCP,0,,,N,0700
US1TXAT0025,20150503,PRCP,0,,,N,0827
US1TXAT0025,20150504,PRCP,0,,,N,0700
US1TXAT0025,20150505,PRCP,0,,,N,0700
US1TXAT0025,20150506,PRCP,3,,,N,0700
US1TXAT0025,20150507,PRCP,0,T,,N,0700
US1TXAT0025,20150508,PRCP,0,T,,N,0700
US1TXAT0025,20150509,PRCP,0,T,,N,0700
US1TXAT0025,20150510,PRCP,0,,,N,0700
US1TXAT0025,20150511,PRCP,0,T,,N,0700
US1TXAT0025,20150512,PRCP,485,,,N,0703
US1TXAT0025,20150513,PRCP,5,,,N,0700
US1TXAT0025,20150514,PRCP,643,,,N,0655
US1TXAT0025,20150515,PRCP,625,,,N,0700
US1TXAT0025,20150516,PRCP,414,,,N,0654
US1TXAT0025,20150517,PRCP,0,T,,N,0700
US1TXAT0025,20150518,PRCP,401,,,N,0700
US1TXAT0025,20150519,PRCP,0,,,N,0750
US1TXAT0025,20150520,PRCP,0,,,N,0719
US1TXAT0025,20150521,PRCP,13,,,N,0750
US1TXAT0025,20150522,PRCP,8,,,N,0750
US1TXAT0025,20150523,PRCP,10,,,N,0700
US1TXAT0025,20150524,PRCP,117,,,N,0805
US1TXAT0025,20150525,PRCP,0,,,N,1017
US1TXAT0025,20150526,PRCP,33,,,N,0654
US1TXAT0025,20150527,PRCP,8,,,N,0800
US1TXAT0025,20150528,PRCP,0,,,N,1000
US1TXAT0025,20150529,PRCP,185,,,N,0800
US1TXAT0025,20150530,PRCP,0,,,N,1012
US1TXAT0025,20150531,PRCP,8,,,N,0700
US1TXAT0025,20150502,SNOW,0,,,N,0700
US1TXAT0025,20150505,SNOW,0,,,N,0700
US1TXAT0025,20150519,SNOW,0,,,N,0750
US1TXAT0025,20150528,SNOW,0,,,N,1000
US1TXAT0025,20150601,PRCP,0,,,N,0655
US1TXAT0025,20150602,PRCP,0,,,N,0750
US1TXAT0025,20150603,PRCP,0,,,N,0728
US1TXAT0025,20150604,PRCP,0,,,N,0750
US1TXAT0025,20150605,PRCP,0,,,N,0700
US1TXAT0025,20150606,PRCP,0,,,N,1038
US1TXAT0025,20150607,PRCP,0,,,N,0837
US1TXAT0025,20150608,PRCP,0,,,N,0700
US1TXAT0025,20150609,PRCP,0,,,N,0738
US1TXAT0025,20150610,PRCP,0,,,N,0734
US1TXAT0025,20150611,PRCP,0,,,N,0700
US1TXAT0025,20150612,PRCP,0,,,N,0750
US1TXAT0025,20150613,PRCP,0,,,N,0718
US1TXAT0025,20150614,PRCP,0,,,N,0920
US1TXAT0025,20150615,PRCP,0,,,N,0632
US1TXAT0025,20150616,PRCP,0,,,N,0651
US1TXAT0025,20150617,PRCP,0,,,N,0739
US1TXAT0025,20150618,PRCP,3,,,N,0700
US1TXAT0025,20150619,PRCP,25,,,N,0700
US1TXAT0025,20150620,PRCP,3,,,N,0837
US1TXAT0025,20150621,PRCP,112,,,N,0914
US1TXAT0025,20150622,PRCP,127,,,N,0700
US1TXAT0025,20150623,PRCP,3,,,N,0800
US1TXAT0025,20150624,PRCP,0,T,,N,0800
US1TXAT0025,20150625,PRCP,0,,,N,0750
US1TXAT0025,20150626,PRCP,0,,,N,0802
US1TXAT0025,20150627,PRCP,0,,,N,0700
US1TXAT0025,20150628,PRCP,5,,,N,0800
US1TXAT0025,20150629,PRCP,0,,,N,0750
US1TXAT0025,20150630,PRCP,0,,,N,0800
US1TXAT0025,20150602,SNOW,0,,,N,0750
US1TXAT0025,20150604,SNOW,0,,,N,0750
US1TXAT0025,20150612,SNOW,0,,,N,0750
US1TXAT0025,20150625,SNOW,0,,,N,0750
US1TXAT0025,20150627,SNOW,0,,,N,0700
US1TXAT0025,20150629,SNOW,0,,,N,0750
US1TXAT0025,20150701,PRCP,79,,,N,0800
US1TXAT0025,20150702,PRCP,61,,,N,0800
US1TXAT0025,20150703,PRCP,0,,,N,0750
US1TXAT0025,20150704,PRCP,0,,,N,0750
US1TXAT0025,20150705,PRCP,0,,,N,0750
US1TXAT0025,20150706,PRCP,0,,,N,0750
US1TXAT0025,20150707,PRCP,0,,,N,0800
US1TXAT0025,20150708,PRCP,0,,,N,0750
US1TXAT0025,20150709,PRCP,0,,,N,0750
US1TXAT0025,20150710,PRCP,0,,,N,0800
US1TXAT0025,20150711,PRCP,0,,,N,0800
US1TXAT0025,20150712,PRCP,0,,,N,0800
US1TXAT0025,20150713,PRCP,0,,,N,0750
US1TXAT0025,20150714,PRCP,0,,,N,0800
US1TXAT0025,20150715,PRCP,0,,,N,0750
US1TXAT0025,20150716,PRCP,0,,,N,0750
US1TXAT0025,20150717,PRCP,0,,,N,0700
US1TXAT0025,20150719,PRCP,0,,,N,0800
US1TXAT0025,20150721,PRCP,0,,,N,0800
US1TXAT0025,20150722,PRCP,0,,,N,0730
US1TXAT0025,20150723,PRCP,0,,,N,0750
US1TXAT0025,20150724,PRCP,0,,,N,0750
US1TXAT0025,20150725,PRCP,0,,,N,0801
US1TXAT0025,20150726,PRCP,0,,,N,0730
US1TXAT0025,20150727,PRCP,0,,,N,0807
US1TXAT0025,20150728,PRCP,0,,,N,0733
US1TXAT0025,20150729,PRCP,0,,,N,0750
US1TXAT0025,20150730,PRCP,0,,,N,0750
US1TXAT0025,20150731,PRCP,0,,,N,0750
US1TXAT0025,20150703,SNOW,0,,,N,0750
US1TXAT0025,20150704,SNOW,0,,,N,0750
US1TXAT0025,20150705,SNOW,0,,,N,0750
US1TXAT0025,20150706,SNOW,0,,,N,0750
US1TXAT0025,20150707,SNOW,0,,,N,0800
US1TXAT0025,20150708,SNOW,0,,,N,0750
US1TXAT0025,20150709,SNOW,0,,,N,0750
US1TXAT0025,20150710,SNOW,0,,,N,0800
US1TXAT0025,20150711,SNOW,0,,,N,0800
US1TXAT0025,20150712,SNOW,0,,,N,0800
US1TXAT0025,20150713,SNOW,0,,,N,0750
US1TXAT0025,20150714,SNOW,0,,,N,0800
US1TXAT0025,20150715,SNOW,0,,,N,0750
US1TXAT0025,20150716,SNOW,0,,,N,0750
US1TXAT0025,20150722,SNOW,0,,,N,0730
US1TXAT0025,20150723,SNOW,0,,,N,0750
US1TXAT0025,20150724,SNOW,0,,,N,0750
US1TXAT0025,20150729,SNOW,0,,,N,0750
US1TXAT0025,20150730,SNOW,0,,,N,0750
US1TXAT0025,20150731,SNOW,0,,,N,0750
US1TXAT0025,20150807,PRCP,0,,,N,0750
US1TXAT0025,20150808,PRCP,0,,,N,0750
US1TXAT0025,20150810,PRCP,0,,,N,0750
US1TXAT0025,20150811,PRCP,0,,,N,0730
US1TXAT0025,20150813,PRCP,0,T,,N,0700
US1TXAT0025,20150814,PRCP,0,T,,N,0751
US1TXAT0025,20150815,PRCP,0,,,N,0805
US1TXAT0025,20150816,PRCP,0,T,,N,0800
US1TXAT0025,20150817,PRCP,0,,,N,0750
US1TXAT0025,20150818,PRCP,0,,,N,0900
US1TXAT0025,20150819,PRCP,0,,,N,0750
US1TXAT0025,20150820,PRCP,0,,,N,0750
US1TXAT0025,20150821,PRCP,48,,,N,0800
US1TXAT0025,20150822,PRCP,0,,,N,0700
US1TXAT0025,20150823,PRCP,0,,,N,0700
US1TXAT0025,20150824,PRCP,0,,,N,0800
US1TXAT0025,20150825,PRCP,0,,,N,0928
US1TXAT0025,20150826,PRCP,0,,L,N,0738
US1TXAT0025,20150808,SNOW,0,,,N,0750
US1TXAT0025,20150810,SNOW,0,,,N,0750
US1TXAT0025,20150817,SNOW,0,,,N,0750
US1TXAT0025,20150818,SNOW,0,,,N,0900
US1TXAT0025,20150819,SNOW,0,,,N,0750
US1TXAT0025,20150820,SNOW,0,,,N,0750
US1TXAT0025,20150806,DAPR,6,,,N,0000
US1TXAT0025,20150806,MDPR,0,,,N,0000
US1TXAT0025,20150910,PRCP,3,,,N,0828
US1TXAT0025,20150912,PRCP,0,T,,N,0802
US1TXAT0025,20150909,DAPR,15,,L,N,0800
US1TXAT0025,20150909,MDPR,0,,L,N,0800
US1TXAT0025,20151012,PRCP,0,,,N,0750
US1TXAT0025,20151013,PRCP,0,,,N,0800
US1TXAT0025,20151014,PRCP,0,,,N,0800
US1TXAT0025,20151015,PRCP,0,,,N,0750
US1TXAT0025,20151016,PRCP,0,,,N,0750
US1TXAT0025,20151017,PRCP,0,,,N,0800
US1TXAT0025,20151018,PRCP,0,,,N,0800
US1TXAT0025,20151019,PRCP,0,,,N,0750
US1TXAT0025,20151020,PRCP,0,,,N,0642
US1TXAT0025,20151021,PRCP,0,,,N,0730
US1TXAT0025,20151022,PRCP,0,T,,N,0700
US1TXAT0025,20151024,PRCP,544,,,N,0800
US1TXAT0025,20151028,PRCP,0,,,N,0800
US1TXAT0025,20151029,PRCP,0,,,N,0738
US1TXAT0025,20151030,PRCP,500,,,N,0723
US1TXAT0025,20151031,PRCP,3,,,N,0800
US1TXAT0025,20151012,SNOW,0,,,N,0750
US1TXAT0025,20151013,SNOW,0,,,N,0800
US1TXAT0025,20151014,SNOW,0,,,N,0800
US1TXAT0025,20151015,SNOW,0,,,N,0750
US1TXAT0025,20151016,SNOW,0,,,N,0750
US1TXAT0025,20151017,SNOW,0,,,N,0800
US1TXAT0025,20151018,SNOW,0,,,N,0800
US1TXAT0025,20151019,SNOW,0,,,N,0750
US1TXAT0025,20151020,SNOW,0,,,N,0642
US1TXAT0025,20151011,DAPR,29,,,N,0800
US1TXAT0025,20151011,MDPR,0,,,N,0800
US1TXAT0025,20151101,PRCP,122,,,N,0715
US1TXAT0025,20151102,PRCP,0,,,N,0805
US1TXAT0025,20151103,PRCP,0,,,N,0722
US1TXAT0025,20151104,PRCP,0,,,N,0900
US1TXAT0025,20151105,PRCP,0,T,,N,0730
US1TXAT0025,20151106,PRCP,8,,,N,0800
US1TXAT0025,20151107,PRCP,28,,,N,0715
US1TXAT0025,20151109,PRCP,0,,,N,0730
US1TXAT0025,20151110,PRCP,0,,,N,0800
US1TXAT0025,20151111,PRCP,0,,,N,0750
US1TXAT0025,20151113,PRCP,0,,,N,0750
US1TXAT0025,20151114,PRCP,0,,,N,0800
US1TXAT0025,20151115,PRCP,0,,,N,0750
US1TXAT0025,20151116,PRCP,0,,,N,0730
US1TXAT0025,20151117,PRCP,20,,,N,0800
US1TXAT0025,20151118,PRCP,0,,,N,0800
US1TXAT0025,20151119,PRCP,0,,,N,0725
US1TXAT0025,20151120,PRCP,0,,,N,0750
US1TXAT0025,20151121,PRCP,0,,,N,0750
US1TXAT0025,20151122,PRCP,0,T,,N,0800
US1TXAT0025,20151123,PRCP,0,,,N,0750
US1TXAT0025,20151124,PRCP,0,,,N,0700
US1TXAT0025,20151125,PRCP,0,,,N,0700
US1TXAT0025,20151126,PRCP,5,,,N,0800
US1TXAT0025,20151127,PRCP,8,,,N,0800
US1TXAT0025,20151128,PRCP,483,,,N,0800
US1TXAT0025,20151129,PRCP,13,,,N,0800
US1TXAT0025,20151130,PRCP,0,T,,N,0800
US1TXAT0025,20151109,SNOW,0,,,N,0730
US1TXAT0025,20151110,SNOW,0,,,N,0800
US1TXAT0025,20151111,SNOW,0,,,N,0750
US1TXAT0025,20151113,SNOW,0,,,N,0750
US1TXAT0025,20151114,SNOW,0,,,N,0800
US1TXAT0025,20151115,SNOW,0,,,N,0750
US1TXAT0025,20151118,SNOW,0,,,N,0800
US1TXAT0025,20151120,SNOW,0,,,N,0750
US1TXAT0025,20151121,SNOW,0,,,N,0750
US1TXAT0025,20151123,SNOW,0,,,N,0750
US1TXAT0025,20151124,SNOW,0,,,N,0700
US1TXAT0025,20151125,SNOW,0,,,N,0700
US1TXAT0025,20151201,PRCP,0,T,,N,0750
US1TXAT0025,20151202,PRCP,0,,,N,0800
US1TXAT0025,20151204,PRCP,0,,,N,0800
US1TXAT0025,20151205,PRCP,0,,,N,0800
US1TXAT0025,20151206,PRCP,0,,,N,0750
US1TXAT0025,20151207,PRCP,0,,,N,0750
US1TXAT0025,20151208,PRCP,0,,,N,0800
US1TXAT0025,20151209,PRCP,0,,,N,0800
US1TXAT0025,20151210,PRCP,0,,,N,0800
US1TXAT0025,20151211,PRCP,0,,,N,0750
US1TXAT0025,20151212,PRCP,0,,,N,0800
US1TXAT0025,20151213,PRCP,102,,,N,0801
US1TXAT0025,20151214,PRCP,0,T,,N,0800
US1TXAT0025,20151215,PRCP,0,,,N,0800
US1TXAT0025,20151216,PRCP,0,,,N,0800
US1TXAT0025,20151217,PRCP,0,,,N,0600
US1TXAT0025,20151218,PRCP,0,,,N,0800
US1TXAT0025,20151219,PRCP,0,,,N,0700
US1TXAT0025,20151220,PRCP,0,,,N,0800
US1TXAT0025,20151221,PRCP,0,,,N,0800
US1TXAT0025,20151222,PRCP,0,,,N,0800
US1TXAT0025,20151223,PRCP,0,,,N,0800
US1TXAT0025,20151224,PRCP,0,,,N,0800
US1TXAT0025,20151225,PRCP,0,,,N,0800
US1TXAT0025,20151226,PRCP,0,T,,N,0805
US1TXAT0025,20151227,PRCP,48,,,N,0800
US1TXAT0025,20151228,PRCP,69,,,N,0800
US1TXAT0025,20151229,PRCP,0,,,N,0850
US1TXAT0025,20151230,PRCP,25,,,N,0800
US1TXAT0025,20151231,PRCP,0,T,,N,0800
US1TXAT0025,20151202,SNOW,0,,,N,0800
US1TXAT0025,20151204,SNOW,0,,,N,0800
US1TXAT0025,20151205,SNOW,0,,,N,0800
US1TXAT0025,20151206,SNOW,0,,,N,0750
US1TXAT0025,20151207,SNOW,0,,,N,0750
US1TXAT0025,20151209,SNOW,0,,,N,0800
US1TXAT0025,20151210,SNOW,0,,,N,0800
US1TXAT0025,20151211,SNOW,0,,,N,0750
US1TXAT0025,20151212,SNOW,0,,,N,0800
US1TXAT0025,20151216,SNOW,0,,,N,0800
US1TXAT0025,20151218,SNOW,0,,,N,0800
US1TXAT0025,20151220,SNOW,0,,,N,0800
US1TXAT0025,20151221,SNOW,0,,,N,0800
US1TXAT0025,20151222,SNOW,0,,,N,0800
US1TXAT0025,20151223,SNOW,0,,,N,0800
US1TXAT0025,20151224,SNOW,0,,,N,0800
US1TXAT0025,20151225,SNOW,0,,,N,0800
US1TXAT0025,20151229,SNOW,0,,,N,0850
US1TXAT0025,20160101,PRCP,38,,,N,0800
US1TXAT0025,20160102,PRCP,160,,,N,0800
US1TXAT0025,20160103,PRCP,292,,,N,0800
US1TXAT0025,20160104,PRCP,0,,,N,0800
US1TXAT0025,20160105,PRCP,0,,,N,0800
US1TXAT0025,20160106,PRCP,5,,,N,0800
US1TXAT0025,20160107,PRCP,13,,,N,0800
US1TXAT0025,20160108,PRCP,0,,,N,0800
US1TXAT0025,20160109,PRCP,0,,,N,0800
US1TXAT0025,20160110,PRCP,0,,,N,0800
US1TXAT0025,20160111,PRCP,0,,,N,0800
US1TXAT0025,20160112,PRCP,0,,,N,0800
US1TXAT0025,20160113,PRCP,0,,,N,0800
US1TXAT0025,20160114,PRCP,0,,,N,0700
US1TXAT0025,20160115,PRCP,0,,,N,0610
US1TXAT0025,20160116,PRCP,0,,,N,0800
US1TXAT0025,20160117,PRCP,0,,,N,0800
US1TXAT0025,20160118,PRCP,0,,,N,0800
US1TXAT0025,20160119,PRCP,0,,,N,0654
US1TXAT0025,20160121,PRCP,3,,,N,0800
US1TXAT0025,20160122,PRCP,0,,,N,0800
US1TXAT0025,20160123,PRCP,0,,,N,0800
US1TXAT0025,20160124,PRCP,0,,,N,0800
US1TXAT0025,20160125,PRCP,0,,,N,0800
US1TXAT0025,20160126,PRCP,0,,,N,0648
US1TXAT0025,20160127,PRCP,147,,,N,0800
US1TXAT0025,20160128,PRCP,0,,,N,0700
US1TXAT0025,20160129,PRCP,0,,,N,0800
US1TXAT0025,20160130,PRCP,0,,,N,0800
US1TXAT0025,20160131,PRCP,0,,,N,0800
US1TXAT0025,20160104,SNOW,0,,,N,0800
US1TXAT0025,20160108,SNOW,0,,,N,0800
US1TXAT0025,20160109,SNOW,0,,,N,0800
US1TXAT0025,20160110,SNOW,0,,,N,0800
US1TXAT0025,20160111,SNOW,0,,,N,0800
US1TXAT0025,20160113,SNOW,0,,,N,0800
US1TXAT0025,20160116,SNOW,0,,,N,0800
US1TXAT0025,20160117,SNOW,0,,,N,0800
US1TXAT0025,20160124,SNOW,0,,,N,0800
US1TXAT0025,20160125,SNOW,0,,,N,0800
US1TXAT0025,20160130,SNOW,0,,,N,0800
US1TXAT0025,20160131,SNOW,0,,,N,0800
US1TXAT0025,20160201,PRCP,0,,,N,0800
US1TXAT0025,20160202,PRCP,0,,,N,0800
US1TXAT0025,20160203,PRCP,0,,,N,0800
US1TXAT0025,20160205,PRCP,0,,,N,0657
US1TXAT0025,20160208,PRCP,0,,,N,0655
US1TXAT0025,20160209,PRCP,0,,,N,0800
US1TXAT0025,20160210,PRCP,0,,,N,0800
US1TXAT0025,20160211,PRCP,0,,,N,0735
US1TXAT0025,20160212,PRCP,0,,,N,0700
US1TXAT0025,20160213,PRCP,0,,,N,0800
US1TXAT0025,20160215,PRCP,0,,,N,0800
US1TXAT0025,20160217,PRCP,0,,,N,0806
US1TXAT0025,20160218,PRCP,0,,,N,0750
US1TXAT0025,20160219,PRCP,0,,,N,0659
US1TXAT0025,20160220,PRCP,0,,,N,0700
US1TXAT0025,20160222,PRCP,277,,,N,0700
US1TXAT0025,20160223,PRCP,447,,,N,0800
US1TXAT0025,20160224,PRCP,0,,,N,0806
US1TXAT0025,20160225,PRCP,0,,,N,0652
US1TXAT0025,20160226,PRCP,0,,,N,0700
US1TXAT0025,20160227,PRCP,0,,,N,0800
US1TXAT0025,20160229,PRCP,0,,,N,0700
US1TXAT0025,20160201,SNOW,0,,,N,0800
US1TXAT0025,20160202,SNOW,0,,,N,0800
US1TXAT0025,20160203,SNOW,0,,,N,0800
US1TXAT0025,20160210,SNOW,0,,,N,0800
US1TXAT0025,20160218,SNOW,0,,,N,0750
US1TXAT0025,20160301,PRCP,0,,,N,0700
US1TXAT0025,20160302,PRCP,0,,,N,0700
US1TXAT0025,20160303,PRCP,0,,,N,0751
US1TXAT0025,20160304,PRCP,0,,,N,0610
US1TXAT0025,20160305,PRCP,0,,,N,0700
US1TXAT0025,20160306,PRCP,0,,,N,0713
US1TXAT0025,20160307,PRCP,0,,,N,0700
US1TXAT0025,20160308,PRCP,0,,,N,0700
US1TXAT0025,20160309,PRCP,23,,,N,0800
US1TXAT0025,20160310,PRCP,163,,,N,0745
US1TXAT0025,20160311,PRCP,99,,,N,0800
US1TXAT0025,20160312,PRCP,46,,,N,0800
US1TXAT0025,20160313,PRCP,0,,,N,0800
US1TXAT0025,20160314,PRCP,0,,,N,0730
US1TXAT0025,20160315,PRCP,0,,,N,0700
US1TXAT0025,20160316,PRCP,0,,,N,0736
US1TXAT0025,20160317,PRCP,0,,,N,0655
US1TXAT0025,20160318,PRCP,0,T,,N,0800
US1TXAT0025,20160319,PRCP,119,,,N,0800
US1TXAT0025,20160320,PRCP,0,,,N,0815
US1TXAT0025,20160321,PRCP,0,,,N,0800
US1TXAT0025,20160322,PRCP,0,,,N,0700
US1TXAT0025,20160323,PRCP,0,,,N,0700
US1TXAT0025,20160324,PRCP,15,,,N,0800
US1TXAT0025,20160325,PRCP,0,,,N,0800
US1TXAT0025,20160326,PRCP,0,,,N,0800
US1TXAT0025,20160327,PRCP,3,,,N,0800
US1TXAT0025,20160328,PRCP,0,,,N,0800
US1TXAT0025,20160329,PRCP,0,,,N,0800
US1TXAT0025,20160331,PRCP,13,,,N,0800
US1TXAT0025,20160305,SNOW,0,,,N,0700
US1TXAT0025,20160307,SNOW,0,,,N,0700
US1TXAT0025,20160321,SNOW,0,,,N,0800
US1TXAT0025,20160325,SNOW,0,,,N,0800
US1TXAT0025,20160326,SNOW,0,,,N,0800
US1TXAT0025,20160328,SNOW,0,,,N,0800
US1TXAT0025,20160329,SNOW,0,,,N,0800
US1TXAT0025,20160401,PRCP,5,,,N,0800
US1TXAT0025,20160402,PRCP,0,,,N,0800
US1TXAT0025,20160403,PRCP,0,,,N,0800
US1TXAT0025,20160404,PRCP,0,,,N,0800
US1TXAT0025,20160405,PRCP,0,,,N,0800
US1TXAT0025,20160406,PRCP,0,,,N,0800
US1TXAT0025,20160412,PRCP,3,,,N,0800
US1TXAT0025,20160413,PRCP,43,,,N,0800
US1TXAT0025,20160414,PRCP,0,,,N,0800
US1TXAT0025,20160415,PRCP,0,,,N,0800
US1TXAT0025,20160416,PRCP,8,,,N,0800
US1TXAT0025,20160417,PRCP,5,,,N,0800
US1TXAT0025,20160418,PRCP,206,,,N,0807
US1TXAT0025,20160419,PRCP,53,,,N,0800
US1TXAT0025,20160420,PRCP,0,,,N,0800
US1TXAT0025,20160421,PRCP,0,,,N,0800
US1TXAT0025,20160422,PRCP,51,,,N,0800
US1TXAT0025,20160424,PRCP,0,,,N,0739
US1TXAT0025,20160426,PRCP,0,T,,N,0758
US1TXAT0025,20160427,PRCP,218,,,N,0800
US1TXAT0025,20160428,PRCP,0,,,N,0618
US1TXAT0025,20160429,PRCP,0,,,N,0800
US1TXAT0025,20160430,PRCP,91,,,N,0718
US1TXAT0025,20160402,SNOW,0,,,N,0800
US1TXAT0025,20160403,SNOW,0,,,N,0800
US1TXAT0025,20160404,SNOW,0,,,N,0800
US1TXAT0025,20160406,SNOW,0,,,N,0800
US1TXAT0025,20160414,SNOW,0,,,N,0800
US1TXAT0025,20160415,SNOW,0,,,N,0800
US1TXAT0025,20160420,SNOW,0,,,N,0800
US1TXAT0025,20160421,SNOW,0,,,N,0800
US1TXAT0025,20160422,SNOW,0,,,N,0800
US1TXAT0025,20160506,PRCP,0,,,N,0549
US1TXAT0025,20160509,PRCP,8,,,N,0800
US1TXAT0025,20160510,PRCP,0,,,N,0635
US1TXAT0025,20160511,PRCP,0,T,,N,0741
US1TXAT0025,20160512,PRCP,0,,,N,0701
US1TXAT0025,20160513,PRCP,0,,,N,0652
US1TXAT0025,20160514,PRCP,0,,,N,0700
US1TXAT0025,20160515,PRCP,81,,,N,0800
US1TXAT0025,20160516,PRCP,559,,,N,0800
US1TXAT0025,20160517,PRCP,58,,,N,0700
US1TXAT0025,20160518,PRCP,124,,,N,0700
US1TXAT0025,20160519,PRCP,0,,,N,0640
US1TXAT0025,20160520,PRCP,518,,,N,0732
US1TXAT0025,20160521,PRCP,0,T,,N,0900
US1TXAT0025,20160523,PRCP,0,,,N,0800
US1TXAT0025,20160524,PRCP,0,,,N,0740
US1TXAT0025,20160525,PRCP,0,,,N,0658
US1TXAT0025,20160526,PRCP,0,,,N,0658
US1TXAT0025,20160528,PRCP,0,,,N,0842
US1TXAT0025,20160529,PRCP,13,,,N,0724
US1TXAT0025,20160530,PRCP,5,,,N,0721
US1TXAT0025,20160531,PRCP,56,,,N,0620
US1TXAT0025,20160514,SNOW,0,,,N,0700
US1TXAT0025,20160523,SNOW,0,,,N,0800
US1TXAT0025,20160601,PRCP,363,,,N,0749
US1TXAT0025,20160602,PRCP,117,,,N,0722
US1TXAT0025,20160603,PRCP,119,,,N,0756
US1TXAT0025,20160604,PRCP,10,,,N,0638
US1TXAT0025,20160605,PRCP,33,,,N,0628
US1TXAT0025,20160606,PRCP,0,,,N,0738
US1TXAT0025,20160607,PRCP,0,,,N,0800
US1TXAT0025,20160608,PRCP,0,,,N,0802
US1TXAT0025,20160609,PRCP,0,,,N,0638
US1TXAT0025,20160610,PRCP,0,,,N,0759
US1TXAT0025,20160611,PRCP,0,,,N,0654
US1TXAT0025,20160612,PRCP,0,,,N,0808
US1TXAT0025,20160613,PRCP,0,,,N,0654
US1TXAT0025,20160615,PRCP,0,,,N,0812
US1TXAT0025,20160616,PRCP,0,,,N,0613
US1TXAT0025,20160617,PRCP,0,,,N,0852
US1TXAT0025,20160619,PRCP,0,,,N,0700
US1TXAT0025,20160620,PRCP,0,,,N,0834
US1TXAT0025,20160621,PRCP,0,,,N,0722
US1TXAT0025,20160623,PRCP,0,,,N,0745
US1TXAT0025,20160624,PRCP,0,,,N,0700
US1TXAT0025,20160625,PRCP,0,,,N,0802
US1TXAT0025,20160626,PRCP,0,,,N,0800
US1TXAT0025,20160627,PRCP,0,,,N,0804
US1TXAT0025,20160630,PRCP,0,,,N,0700
US1TXAT0025,20160607,SNOW,0,,,N,0800
US1TXAT0025,20160619,SNOW,0,,,N,0700
US1TXAT0025,20160624,SNOW,0,,,N,0700
US1TXAT0025,20160626,SNOW,0,,,N,0800
US1TXAT0025,20160701,PRCP,0,,,N,0629
US1TXAT0025,20160702,PRCP,0,,,N,0700
US1TXAT0025,20160703,PRCP,0,,,N,0700
US1TXAT0025,20160704,PRCP,0,,,N,0745
US1TXAT0025,20160705,PRCP,0,,,N,0700
US1TXAT0025,20160706,PRCP,0,,,N,0700
US1TXAT0025,20160707,PRCP,0,,,N,0745
US1TXAT0025,20160708,PRCP,0,,,N,0700
US1TXAT0025,20160709,PRCP,0,,,N,0800
US1TXAT0025,20160710,PRCP,0,,,N,0750
US1TXAT0025,20160711,PRCP,0,,,N,0700
US1TXAT0025,20160712,PRCP,0,,,N,0715
US1TXAT0025,20160713,PRCP,0,,,N,0700
US1TXAT0025,20160714,PRCP,0,,,N,0700
US1TXAT0025,20160715,PRCP,0,,,N,0800
US1TXAT0025,20160716,PRCP,0,,,N,0800
US1TXAT0025,20160717,PRCP,0,,,N,0800
US1TXAT0025,20160718,PRCP,0,,,N,0700
US1TXAT0025,20160725,PRCP,0,,,N,0800
US1TXAT0025,20160726,PRCP,89,,,N,0700
US1TXAT0025,20160727,PRCP,417,,,N,0700
US1TXAT0025,20160728,PRCP,89,,,N,0700
US1TXAT0025,20160729,PRCP,122,,,N,0700
US1TXAT0025,20160730,PRCP,8,,,N,0800
US1TXAT0025,20160731,PRCP,0,,,N,0802
US1TXAT0025,20160702,SNOW,0,,,N,0700
US1TXAT0025,20160703,SNOW,0,,,N,0700
US1TXAT0025,20160704,SNOW,0,,,N,0745
US1TXAT0025,20160705,SNOW,0,,,N,0700
US1TXAT0025,20160706,SNOW,0,,,N,0700
US1TXAT0025,20160707,SNOW,0,,,N,0745
US1TXAT0025,20160708,SNOW,0,,,N,0700
US1TXAT0025,20160709,SNOW,0,,,N,0800
US1TXAT0025,20160710,SNOW,0,,,N,0750
US1TXAT0025,20160711,SNOW,0,,,N,0700
US1TXAT0025,20160712,SNOW,0,,,N,0715
US1TXAT0025,20160713,SNOW,0,,,N,0700
US1TXAT0025,20160714,SNOW,0,,,N,0700
US1TXAT0025,20160715,SNOW,0,,,N,0800
US1TXAT0025,20160716,SNOW,0,,,N,0800
US1TXAT0025,20160717,SNOW,0,,,N,0800
US1TXAT0025,20160718,SNOW,0,,,N,0700
US1TXAT0025,20160725,SNOW,0,,,N,0800
US1TXAT0025,20160802,PRCP,0,,,N,0643
US1TXAT0025,20160803,PRCP,0,,,N,0641
US1TXAT0025,20160804,PRCP,0,,,N,0805
US1TXAT0025,20160805,PRCP,0,,,N,0630
US1TXAT0025,20160806,PRCP,0,,,N,0653
US1TXAT0025,20160809,PRCP,0,,,N,0644
US1TXAT0025,20160810,PRCP,0,,,N,0706
US1TXAT0025,20160811,PRCP,0,,,N,0710
US1TXAT0025,20160812,PRCP,0,,,N,0800
US1TXAT0025,20160813,PRCP,0,,,N,0802
US1TXAT0025,20160814,PRCP,5,,,N,0805
US1TXAT0025,20160815,PRCP,173,,,N,0710
US1TXAT0025,20160816,PRCP,76,,,N,0758
US1TXAT0025,20160817,PRCP,66,,,N,0658
US1TXAT0025,20160818,PRCP,175,,,N,0624
US1TXAT0025,20160819,PRCP,0,T,,N,0806
US1TXAT0025,20160820,PRCP,0,,,N,0800
US1TXAT0025,20160821,PRCP,1778,,,N,0806
US1TXAT0025,20160822,PRCP,157,,,N,0800
US1TXAT0025,20160823,PRCP,48,,,N,0809
US1TXAT0025,20160824,PRCP,0,,,N,0730
US1TXAT0025,20160825,PRCP,0,,,N,0804
US1TXAT0025,20160826,PRCP,0,T,,N,0600
US1TXAT0025,20160827,PRCP,0,,,N,0809
US1TXAT0025,20160828,PRCP,0,,,N,0839
US1TXAT0025,20160829,PRCP,0,,,N,0722
US1TXAT0025,20160830,PRCP,15,,,N,0931
US1TXAT0025,20160831,PRCP,86,,,N,0706
US1TXAT0025,20160812,SNOW,0,,,N,0800
US1TXAT0025,20160901,PRCP,10,,,N,0556
US1TXAT0025,20160902,PRCP,0,,,N,0658
US1TXAT0025,20160903,PRCP,8,,,N,0810
US1TXAT0025,20160904,PRCP,0,,,N,0540
US1TXAT0025,20160905,PRCP,5,,,N,0740
US1TXAT0025,20160906,PRCP,0,T,,N,0700
US1TXAT0025,20160907,PRCP,0,,,N,0800
US1TXAT0025,20160908,PRCP,0,,,N,0700
US1TXAT0025,20160909,PRCP,0,,,N,0700
US1TXAT0025,20160910,PRCP,0,,,N,0700
US1TXAT0025,20160911,PRCP,0,,,N,0800
US1TXAT0025,20160912,PRCP,0,,,N,0520
US1TXAT0025,20160913,PRCP,0,,,N,0550
US1TXAT0025,20160914,PRCP,0,,,N,0630
US1TXAT0025,20160916,PRCP,0,,,N,0531
US1TXAT0025,20160917,PRCP,0,,,N,0624
US1TXAT0025,20160918,PRCP,0,,,N,0959
US1TXAT0025,20160919,PRCP,0,,,N,0514
US1TXAT0025,20160920,PRCP,0,,,N,0524
US1TXAT0025,20160921,PRCP,0,,,N,0635
US1TXAT0025,20160922,PRCP,69,,,N,0508
US1TXAT0025,20160923,PRCP,0,,,N,0518
US1TXAT0025,20160924,PRCP,0,,,N,0609
US1TXAT0025,20160925,PRCP,0,,,N,0812
US1TXAT0025,20160926,PRCP,475,,,N,0641
US1TXAT0025,20160927,PRCP,13,,,N,0605
US1TXAT0025,20160928,PRCP,0,,,N,0532
US1TXAT0025,20160929,PRCP,0,,,N,0700
US1TXAT0025,20160930,PRCP,0,,,N,0629
US1TXAT0025,20160907,SNOW,0,,,N,0800
US1TXAT0025,20160908,SNOW,0,,,N,0700
US1TXAT0025,20160909,SNOW,0,,,N,0700
US1TXAT0025,20160910,SNOW,0,,,N,0700
US1TXAT0025,20160911,SNOW,0,,,N,0800
US1TXAT0025,20160913,SNOW,0,,,N,0550
US1TXAT0025,20160929,SNOW,0,,,N,0700
US1TXAT0025,20161001,PRCP,0,,,N,0700
US1TXAT0025,20161002,PRCP,0,,,N,0814
US1TXAT0025,20161003,PRCP,0,,,N,0613
US1TXAT0025,20161004,PRCP,0,,,N,0612
US1TXAT0025,20161005,PRCP,0,,,N,0800
US1TXAT0025,20161006,PRCP,0,,,N,0800
US1TXAT0025,20161007,PRCP,0,,,N,0725
US1TXAT0025,20161008,PRCP,0,,,N,0600
US1TXAT0025,20161009,PRCP,0,,,N,0559
US1TXAT0025,20161010,PRCP,0,,,N,0654
US1TXAT0025,20161011,PRCP,0,,,N,0804
US1TXAT0025,20161012,PRCP,0,,,N,0737
US1TXAT0025,20161013,PRCP,0,,,N,0509
US1TXAT0025,20161014,PRCP,0,,,N,0513
US1TXAT0025,20161015,PRCP,0,,,N,0533
US1TXAT0025,20161016,PRCP,0,,,N,0726
US1TXAT0025,20161017,PRCP,0,,,N,0645
US1TXAT0025,20161018,PRCP,0,,,N,0613
US1TXAT0025,20161019,PRCP,0,,,N,0516
US1TXAT0025,20161020,PRCP,0,,,N,0600
US1TXAT0025,20161021,PRCP,0,,,N,0615
US1TXAT0025,20161022,PRCP,0,,,N,0623
US1TXAT0025,20161023,PRCP,0,,,N,0705
US1TXAT0025,20161024,PRCP,0,,,N,0715
US1TXAT0025,20161025,PRCP,0,,,N,0514
US1TXAT0025,20161026,PRCP,0,,,N,0513
US1TXAT0025,20161027,PRCP,0,,,N,0617
US1TXAT0025,20161028,PRCP,0,,,N,0600
US1TXAT0025,20161029,PRCP,0,,,N,0547
US1TXAT0025,20161030,PRCP,0,,,N,0635
US1TXAT0025,20161031,PRCP,0,,,N,0609
US1TXAT0025,20161001,SNOW,0,,,N,0700
US1TXAT0025,20161005,SNOW,0,,,N,0800
US1TXAT0025,20161006,SNOW,0,,,N,0800
US1TXAT0025,20161008,SNOW,0,,,N,0600
US1TXAT0025,20161020,SNOW,0,,,N,0600
US1TXAT0025,20161028,SNOW,0,,,N,0600
US1TXAT0025,20161101,PRCP,0,,,N,0600
US1TXAT0025,20161102,PRCP,0,,,N,0600
US1TXAT0025,20161103,PRCP,0,T,,N,0700
US1TXAT0025,20161104,PRCP,0,,,N,0559
US1TXAT0025,20161106,PRCP,0,,,N,0608
US1TXAT0025,20161107,PRCP,10,,,N,0600
US1TXAT0025,20161108,PRCP,46,,,N,0555
US1TXAT0025,20161109,PRCP,254,,,N,0621
US1TXAT0025,20161110,PRCP,10,,,N,0650
US1TXAT0025,20161111,PRCP,0,T,,N,0600
US1TXAT0025,20161112,PRCP,0,,,N,0545
US1TXAT0025,20161113,PRCP,0,,,N,0642
US1TXAT0025,20161114,PRCP,0,,,N,0613
US1TXAT0025,20161115,PRCP,0,,,N,0600
US1TXAT0025,20161116,PRCP,0,,,N,0600
US1TXAT0025,20161117,PRCP,0,,,N,0600
US1TXAT0025,20161119,PRCP,0,,,N,0615
US1TXAT0025,20161120,PRCP,0,,,N,0815
US1TXAT0025,20161121,PRCP,0,,,N,0654
US1TXAT0025,20161124,PRCP,0,,,N,0458
US1TXAT0025,20161125,PRCP,0,,,N,0607
US1TXAT0025,20161126,PRCP,0,,,N,0509
US1TXAT0025,20161127,PRCP,0,,,N,0605
US1TXAT0025,20161128,PRCP,0,,,N,0605
US1TXAT0025,20161129,PRCP,0,,,N,0558
US1TXAT0025,20161130,PRCP,0,,,N,0605
US1TXAT0025,20161101,SNOW,0,,,N,0600
US1TXAT0025,20161102,SNOW,0,,,N,0600
US1TXAT0025,20161115,SNOW,0,,,N,0600
US1TXAT0025,20161116,SNOW,0,,,N,0600
US1TXAT0025,20161117,SNOW,0,,,N,0600
US1TXAT0025,20161119,SNOW,0,,,N,0615
US1TXAT0025,20161201,PRCP,0,,,N,0555
US1TXAT0025,20161202,PRCP,0,,,N,0615
US1TXAT0025,20161203,PRCP,445,,,N,0600
US1TXAT0025,20161204,PRCP,241,,,N,0605
US1TXAT0025,20161205,PRCP,368,,,N,0615
US1TXAT0025,20161206,PRCP,38,,,N,0600
US1TXAT0025,20161207,PRCP,0,,,N,0609
US1TXAT0025,20161208,PRCP,0,,,N,0650
US1TXAT0025,20161209,PRCP,0,,,N,0610
US1TXAT0025,20161210,PRCP,0,T,,N,0602
US1TXAT0025,20161211,PRCP,13,,,N,0610
US1TXAT0025,20161212,PRCP,3,,,N,0705
US1TXAT0025,20161213,PRCP,0,T,,N,0610
US1TXAT0025,20161214,PRCP,0,,,N,0644
US1TXAT0025,20161215,PRCP,0,,,N,0630
US1TXAT0025,20161216,PRCP,0,T,,N,0610
US1TXAT0025,20161218,PRCP,0,,,N,1915
US1TXAT0025,20161219,PRCP,0,,,N,0605
US1TXAT0025,20161220,PRCP,0,,,N,0527
US1TXAT0025,20161221,PRCP,0,,,N,0605
US1TXAT0025,20161222,PRCP,0,,,N,0620
US1TXAT0025,20161223,PRCP,0,,,N,0605
US1TXAT0025,20161224,PRCP,0,,,N,0700
US1TXAT0025,20161225,PRCP,0,,,N,0700
US1TXAT0025,20161226,PRCP,0,,,N,0650
US1TXAT0025,20161227,PRCP,3,,,N,0700
US1TXAT0025,20161228,PRCP,0,,,N,0700
US1TXAT0025,20161229,PRCP,0,,,N,0621
US1TXAT0025,20161231,PRCP,5,,,N,0610
US1TXAT0025,20161208,SNOW,0,,,N,0650
US1TXAT0025,20161215,SNOW,0,,,N,0630
US1TXAT0025,20161224,SNOW,0,,,N,0700
US1TXAT0025,20161225,SNOW,0,,,N,0700
US1TXAT0025,20161226,SNOW,0,,,N,0650
US1TXAT0025,20170101,PRCP,0,,,N,0610
US1TXAT0025,20170102,PRCP,0,,,N,0625
US1TXAT0025,20170103,PRCP,0,,,N,0612
US1TXAT0025,20170105,PRCP,0,,,N,0615
US1TXAT0025,20170106,PRCP,0,,,N,0605
US1TXAT0025,20170107,PRCP,0,,,N,0615
US1TXAT0025,20170108,PRCP,0,,,N,0625
US1TXAT0025,20170109,PRCP,0,,,N,0611
US1TXAT0025,20170112,PRCP,0,,,N,0625
US1TXAT0025,20170115,PRCP,0,T,,N,0735
US1TXAT0025,20170116,PRCP,0,,,N,0652
US1TXAT0025,20170117,PRCP,3,,,N,0620
US1TXAT0025,20170118,PRCP,102,,,N,0610
US1TXAT0025,20170119,PRCP,104,,,N,0607
US1TXAT0025,20170120,PRCP,5,,,N,0700
US1TXAT0025,20170121,PRCP,0,,,N,0620
US1TXAT0025,20170122,PRCP,0,,,N,0620
US1TXAT0025,20170123,PRCP,0,,,N,0615
US1TXAT0025,20170125,PRCP,0,,,N,0505
US1TXAT0025,20170126,PRCP,0,,,N,0506
US1TXAT0025,20170127,PRCP,0,,,N,0620
US1TXAT0025,20170128,PRCP,5,,,N,0650
US1TXAT0025,20170129,PRCP,0,,,N,0623
US1TXAT0025,20170130,PRCP,0,,,N,0617
US1TXAT0025,20170131,PRCP,0,,,N,0615
US1TXAT0025,20170201,PRCP,0,,,N,0624
US1TXAT0025,20170202,PRCP,0,,,N,0609
US1TXAT0025,20170203,PRCP,0,T,,N,0615
US1TXAT0025,20170205,PRCP,3,,,N,0750
US1TXAT0025,20170206,PRCP,0,T,,N,0650
US1TXAT0025,20170207,PRCP,0,,,N,1810
US1TXAT0025,20170208,PRCP,0,,,N,0620
US1TXAT0025,20170209,PRCP,0,,,N,0610
US1TXAT0025,20170211,PRCP,0,,,N,0612
US1TXAT0025,20170212,PRCP,0,,,N,0620
US1TXAT0025,20170214,PRCP,254,,,N,0600
US1TXAT0025,20170215,PRCP,25,,,N,0611
US1TXAT0025,20170216,PRCP,0,,,N,0615
US1TXAT0025,20170217,PRCP,0,,,N,0656
US1TXAT0025,20170218,PRCP,0,,,N,0605
US1TXAT0025,20170219,PRCP,0,,,N,0715
US1TXAT0025,20170220,PRCP,264,,,N,0610
US1TXAT0025,20170221,PRCP,5,,,N,0700
US1TXAT0025,20170223,PRCP,0,,,N,0607
US1TXAT0025,20170224,PRCP,0,,,N,0700
US1TXAT0025,20170225,PRCP,0,,,N,0619
US1TXAT0025,20170226,PRCP,0,,,N,0824
US1TXAT0025,20170227,PRCP,0,,,N,0637
US1TXAT0025,20170228,PRCP,0,,,N,0615
US1TXAT0025,20170301,PRCP,0,,,N,0615
US1TXAT0025,20170302,PRCP,0,,,N,0609
US1TXAT0025,20170303,PRCP,0,,,N,0611
US1TXAT0025,20170304,PRCP,0,,,N,0602
US1TXAT0025,20170305,PRCP,356,,,N,0620
US1TXAT0025,20170307,PRCP,0,,,N,0609
US1TXAT0025,20170308,PRCP,0,T,,N,0612
US1TXAT0025,20170309,PRCP,0,,,N,0615
US1TXAT0025,20170310,PRCP,71,,,N,0605
US1TXAT0025,20170311,PRCP,13,,,N,0621
US1TXAT0025,20170312,PRCP,0,,,N,0625
US1TXAT0025,20170313,PRCP,0,,,N,0615
US1TXAT0025,20170314,PRCP,0,,,N,0614
US1TXAT0025,20170315,PRCP,0,,,N,0620
US1TXAT0025,20170316,PRCP,0,,,N,0618
US1TXAT0025,20170317,PRCP,0,,,N,0603
US1TXAT0025,20170318,PRCP,0,,,N,0613
US1TXAT0025,20170319,PRCP,0,,,N,0620
US1TXAT0025,20170320,PRCP,0,,,N,0620
US1TXAT0025,20170321,PRCP,0,,,N,0608
US1TXAT0025,20170322,PRCP,0,,,N,0608
US1TXAT0025,20170323,PRCP,0,,,N,0614
US1TXAT0025,20170324,PRCP,0,,,N,0604
US1TXAT0025,20170325,PRCP,0,,,N,0612
US1TXAT0025,20170326,PRCP,0,,,N,0609
US1TXAT0025,20170327,PRCP,0,,,N,0613
US1TXAT0025,20170328,PRCP,0,,,N,0612
US1TXAT0025,20170329,PRCP,89,,,N,0607
US1TXAT0025,20170331,PRCP,0,,,N,0612
US1TXAT0025,20170401,PRCP,0,,,N,0611
US1TXAT0025,20170402,PRCP,0,T,,N,0634
US1TXAT0025,20170403,PRCP,114,,,N,0605
US1TXAT0025,20170406,PRCP,0,,,N,0611
US1TXAT0025,20170410,PRCP,0,T,,N,1820
US1TXAT0025,20170411,PRCP,0,T,,N,0614
US1TXAT0025,20170412,PRCP,25,,,N,0615
US1TXAT0025,20170413,PRCP,13,,,N,0607
US1TXAT0025,20170414,PRCP,13,,,N,0620
US1TXAT0025,20170415,PRCP,0,,,N,0601
US1TXAT0025,20170416,PRCP,0,,,N,0759
US1TXAT0025,20170417,PRCP,0,,,N,0624
US1TXAT0025,20170418,PRCP,0,T,,N,0636
US1TXAT0025,20170420,PRCP,0,,,N,0610
US1TXAT0025,20170421,PRCP,0,,,N,0608
US1TXAT0025,20170423,PRCP,0,,,N,0628
US1TXAT0025,20170424,PRCP,0,,,N,0615
US1TXAT0025,20170425,PRCP,0,,,N,0638
US1TXAT0025,20170426,PRCP,0,,,N,0608
US1TXAT0025,20170427,PRCP,0,,,N,0610
US1TXAT0025,20170428,PRCP,0,,,N,0602
US1TXAT0025,20170429,PRCP,0,,,N,0620
US1TXAT0025,20170430,PRCP,211,,,N,0620
US1TXAT0025,20170502,PRCP,0,,,N,0607
US1TXAT0025,20170503,PRCP,0,,,N,0607
US1TXAT0025,20170504,PRCP,0,,,N,0603
US1TXAT0025,20170505,PRCP,0,,,N,0611
US1TXAT0025,20170506,PRCP,0,,,N,0608
US1TXAT0025,20170507,PRCP,0,,,N,0624
US1TXAT0025,20170508,PRCP,0,,,N,0612
US1TXAT0025,20170509,PRCP,0,,,N,0611
US1TXAT0025,20170510,PRCP,0,T,,N,0609
US1TXAT0025,20170511,PRCP,0,,,N,0603
US1TXAT0025,20170512,PRCP,0,,,N,0612
US1TXAT0025,20170513,PRCP,0,,,N,0611
US1TXAT0025,20170514,PRCP,0,,,N,0621
US1TXAT0025,20170515,PRCP,0,,,N,0621
US1TXAT0025,20170516,PRCP,0,,,N,0608
US1TXAT0025,20170517,PRCP,0,,,N,0607
US1TXAT0025,20170518,PRCP,43,,,N,0603
US1TXAT0025,20170519,PRCP,0,,,N,0609
US1TXAT0025,20170520,PRCP,0,,,N,0601
US1TXAT0025,20170521,PRCP,0,T,,N,0620
US1TXAT0025,20170522,PRCP,490,,,N,0620
US1TXAT0025,20170524,PRCP,84,,,N,0612
US1TXAT0025,20170525,PRCP,0,,,N,0608
US1TXAT0025,20170526,PRCP,0,,,N,0611
US1TXAT0025,20170527,PRCP,0,,,N,0611
US1TXAT0025,20170528,PRCP,0,,,N,0705
US1TXAT0025,20170529,PRCP,36,,,N,0610
US1TXAT0025,20170530,PRCP,8,,,N,0613
US1TXAT0025,20170531,PRCP,109,,,N,0618
US1TXAT0025,20170601,PRCP,249,,,N,0608
US1TXAT0025,20170602,PRCP,13,,,N,0613
US1TXAT0025,20170603,PRCP,0,,,N,0622
US1TXAT0025,20170604,PRCP,0,,,N,0558
US1TXAT0025,20170605,PRCP,0,T,,N,0710
US1TXAT0025,20170606,PRCP,36,,,N,0606
US1TXAT0025,20170607,PRCP,0,,,N,0611
US1TXAT0025,20170608,PRCP,0,,,N,0613
US1TXAT0025,20170609,PRCP,0,,,N,0610
US1TXAT0025,20170610,PRCP,0,,,N,0700
US1TXAT0025,20170611,PRCP,0,,,N,0630
US1TXAT0025,20170612,PRCP,0,,,N,0620
US1TXAT0025,20170613,PRCP,0,,,N,0613
US1TXAT0025,20170614,PRCP,0,,,N,0609
US1TXAT0025,20170615,PRCP,0,,,N,0613
US1TXAT0025,20170616,PRCP,0,,,N,0615
US1TXAT0025,20170617,PRCP,0,,,N,0608
US1TXAT0025,20170618,PRCP,0,,,N,0607
US1TXAT0025,20170619,PRCP,0,,,N,0610
US1TXAT0025,20170620,PRCP,0,,,N,0612
US1TXAT0025,20170621,PRCP,0,,,N,0612
US1TXAT0025,20170622,PRCP,0,,,N,0608
US1TXAT0025,20170623,PRCP,0,,,N,0608
US1TXAT0025,20170624,PRCP,0,,,N,0606
US1TXAT0025,20170625,PRCP,170,,,N,0615
US1TXAT0025,20170626,PRCP,0,,,N,0615
US1TXAT0025,20170627,PRCP,13,,,N,0613
US1TXAT0025,20170628,PRCP,132,,,N,0609
US1TXAT0025,20170629,PRCP,0,,,N,0616
US1TXAT0025,20170630,PRCP,0,,,N,0615
US1TXAT0025,20170701,PRCP,0,,,N,0603
US1TXAT0025,20170702,PRCP,0,,,N,0735
US1TXAT0025,20170703,PRCP,0,,,N,0823
US1TXAT0025,20170704,PRCP,0,,,N,0725
US1TXAT0025,20170705,PRCP,0,,,N,0615
US1TXAT0025,20170706,PRCP,0,,,N,0609
US1TXAT0025,20170707,PRCP,0,,,N,0608
US1TXAT0025,20170708,PRCP,0,,,N,0610
US1TXAT0025,20170709,PRCP,0,T,,N,0607
US1TXAT0025,20170710,PRCP,0,,,N,0609
US1TXAT0025,20170711,PRCP,0,,,N,0605
US1TXAT0025,20170712,PRCP,0,,,N,0605
US1TXAT0025,20170713,PRCP,112,,,N,0609
US1TXAT0025,20170714,PRCP,10,,,N,0611
US1TXAT0025,20170715,PRCP,0,,,N,0625
US1TXAT0025,20170716,PRCP,10,,,N,0625
US1TXAT0025,20170717,PRCP,0,,,N,0700
US1TXAT0025,20170718,PRCP,0,,,N,0606
US1TXAT0025,20170719,PRCP,0,,,N,0612
US1TXAT0025,20170720,PRCP,0,,,N,0613
US1TXAT0025,20170721,PRCP,0,,,N,0605
US1TXAT0025,20170722,PRCP,0,,,N,0604
US1TXAT0025,20170723,PRCP,0,,,N,0710
US1TXAT0025,20170725,PRCP,0,,,N,0600
US1TXAT0025,20170726,PRCP,0,,,N,0609
US1TXAT0025,20170727,PRCP,3,,,N,0611
US1TXAT0025,20170728,PRCP,0,,,N,0606
US1TXAT0025,20170729,PRCP,0,,,N,0612
US1TXAT0025,20170730,PRCP,0,,,N,0615
US1TXAT0025,20170731,PRCP,0,,,N,0610
US1TXAT0025,20170801,PRCP,0,T,,N,0612
US1TXAT0025,20170802,PRCP,0,,,N,0606
US1TXAT0025,20170803,PRCP,58,,,N,0550
US1TXAT0025,20170804,PRCP,94,,,N,0601
US1TXAT0025,20170805,PRCP,0,,,N,0602
US1TXAT0025,20170806,PRCP,0,,,N,0615
US1TXAT0025,20170807,PRCP,0,,,N,0615
US1TXAT0025,20170808,PRCP,582,,,N,0603
US1TXAT0025,20170809,PRCP,0,,,N,0604
US1TXAT0025,20170810,PRCP,0,,,N,0602
US1TXAT0025,20170811,PRCP,0,,,N,0601
US1TXAT0025,20170812,PRCP,0,,,N,0555
US1TXAT0025,20170813,PRCP,0,,,N,0613
US1TXAT0025,20170814,PRCP,0,,,N,0605
US1TXAT0025,20170815,PRCP,0,,,N,0605
US1TXAT0025,20170816,PRCP,0,,,N,0603
US1TXAT0025,20170817,PRCP,0,,,N,0606
US1TXAT0025,20170818,PRCP,0,,,N,0602
US1TXAT0025,20170819,PRCP,0,,,N,0105
US1TXAT0025,20170820,PRCP,0,,,N,0625
US1TXAT0025,20170821,PRCP,0,,,N,0603
US1TXAT0025,20170822,PRCP,0,,,N,0601
US1TXAT0025,20170823,PRCP,0,,,N,0604
US1TXAT0025,20170824,PRCP,13,,,N,0602
US1TXAT0025,20170826,PRCP,109,,,N,0618
US1TXAT0025,20170827,PRCP,381,,,N,0625
US1TXAT0025,20170828,PRCP,89,,,N,0625
US1TXAT0025,20170829,PRCP,0,,,N,0603
US1TXAT0025,20170830,PRCP,0,,,N,0602
US1TXAT0025,20170831,PRCP,0,,,N,0603
US1TXAT0025,20170901,PRCP,0,,,N,0559
US1TXAT0025,20170902,PRCP,0,,,N,0602
US1TXAT0025,20170903,PRCP,0,,,N,0800
US1TXAT0025,20170904,PRCP,0,,,N,0800
US1TXAT0025,20170906,PRCP,0,,,N,0605
US1TXAT0025,20170907,PRCP,0,,,N,0608
US1TXAT0025,20170908,PRCP,0,,,N,0608
US1TXAT0025,20170909,PRCP,0,,,N,0602
US1TXAT0025,20170910,PRCP,0,,,N,0620
US1TXAT0025,20170911,PRCP,0,,,N,0604
US1TXAT0025,20170912,PRCP,0,,,N,0603
US1TXAT0025,20170913,PRCP,0,,,N,0602
US1TXAT0025,20170914,PRCP,0,,,N,0606
US1TXAT0025,20170915,PRCP,0,,,N,0700
US1TXAT0025,20170916,PRCP,0,,,N,0606
US1TXAT0025,20170917,PRCP,0,,,N,0705
US1TXAT0025,20170918,PRCP,0,,,N,0705
US1TXAT0025,20170919,PRCP,0,,,N,0600
US1TXAT0025,20170920,PRCP,0,,,N,0550
US1TXAT0025,20170921,PRCP,0,,,N,0604
US1TXAT0025,20170922,PRCP,0,T,,N,0610
US1TXAT0025,20170923,PRCP,0,,,N,0601
US1TXAT0025,20170924,PRCP,0,,,N,0700
US1TXAT0025,20170925,PRCP,76,,,N,0615
US1TXAT0025,20170926,PRCP,244,,,N,0558
US1TXAT0025,20170927,PRCP,445,,,N,0604
US1TXAT0025,20170928,PRCP,91,,,N,0553
US1TXAT0025,20170929,PRCP,33,,,N,0610
US1TXAT0025,20170930,PRCP,0,,,N,0603
US1TXAT0025,20171001,PRCP,0,,,N,0615
US1TXAT0025,20171002,PRCP,0,,,N,0610
US1TXAT0025,20171004,PRCP,135,,,N,0607
US1TXAT0025,20171005,PRCP,0,,,N,0604
US1TXAT0025,20171006,PRCP,0,,,N,0602
US1TXAT0025,20171007,PRCP,0,,,N,0607
US1TXAT0025,20171008,PRCP,0,,,N,0620
US1TXAT0025,20171009,PRCP,0,,,N,0632
US1TXAT0025,20171010,PRCP,0,,,N,0602
US1TXAT0025,20171011,PRCP,0,T,,N,0555
US1TXAT0025,20171012,PRCP,18,,,N,0603
US1TXAT0025,20171013,PRCP,0,,,N,0611
US1TXAT0025,20171014,PRCP,0,,,N,0608
US1TXAT0025,20171015,PRCP,0,,,N,0700
US1TXAT0025,20171016,PRCP,0,,,N,0635
US1TXAT0025,20171017,PRCP,0,,,N,0607
US1TXAT0025,20171018,PRCP,0,,,N,0602
US1TXAT0025,20171019,PRCP,0,,,N,0606
US1TXAT0025,20171020,PRCP,0,,,N,0603
US1TXAT0025,20171021,PRCP,0,,,N,0608
US1TXAT0025,20171022,PRCP,0,,,N,0724
US1TXAT0025,20171023,PRCP,0,,,N,0615
US1TXAT0025,20171024,PRCP,0,,,N,0620
US1TXAT0025,20171026,PRCP,0,,,N,0609
US1TXAT0025,20171027,PRCP,0,,,N,0604
US1TXAT0025,20171028,PRCP,0,,,N,0625
US1TXAT0025,20171030,PRCP,0,,,N,0612
US1TXAT0025,20171031,PRCP,0,,,N,0610
US1TXAT0025,20171101,PRCP,13,,,N,0613
US1TXAT0025,20171102,PRCP,0,,,N,0609
US1TXAT0025,20171103,PRCP,0,,,N,0612
US1TXAT0025,20171104,PRCP,0,,,N,0610
US1TXAT0025,20171105,PRCP,0,,,N,0625
US1TXAT0025,20171106,PRCP,0,,,N,0630
US1TXAT0025,20171107,PRCP,0,,,N,0611
US1TXAT0025,20171108,PRCP,0,,,N,0610
US1TXAT0025,20171109,PRCP,0,T,,N,0607
US1TXAT0025,20171110,PRCP,0,,,N,0607
US1TXAT0025,20171111,PRCP,3,,,N,0614
US1TXAT0025,20171112,PRCP,38,,,N,0610
US1TXAT0025,20171113,PRCP,8,,,N,0614
US1TXAT0025,20171115,PRCP,0,,,N,0700
US1TXAT0025,20171116,PRCP,0,T,,N,0611
US1TXAT0025,20171117,PRCP,0,,,N,0606
US1TXAT0025,20171118,PRCP,0,,,N,0610
US1TXAT0025,20171119,PRCP,0,,,N,0610
US1TXAT0025,20171121,PRCP,0,,,N,0608
US1TXAT0025,20171122,PRCP,0,,,N,0610
US1TXAT0025,20171123,PRCP,0,,,N,0612
US1TXAT0025,20171124,PRCP,0,,,N,0608
US1TXAT0025,20171125,PRCP,0,,,N,0612
US1TXAT0025,20171126,PRCP,0,,,N,0611
US1TXAT0025,20171127,PRCP,0,,,N,0715
US1TXAT0025,20171128,PRCP,0,,,N,0611
US1TXAT0025,20171129,PRCP,0,T,,N,0615
US1TXAT0025,20171130,PRCP,0,,,N,0613
US1TXAT0025,20171201,PRCP,0,,,N,0607
US1TXAT0025,20171202,PRCP,0,,,N,0609
US1TXAT0025,20171203,PRCP,0,,,N,0615
US1TXAT0025,20171204,PRCP,0,T,,N,0610
US1TXAT0025,20171205,PRCP,0,,,N,0611
US1TXAT0025,20171206,PRCP,0,T,,N,0603
US1TXAT0025,20171207,PRCP,231,,,N,0610
US1TXAT0025,20171208,PRCP,191,,,N,0314
US1TXAT0025,20171211,PRCP,0,,,N,1303
US1TXAT0025,20171212,PRCP,0,,,N,0610
US1TXAT0025,20171213,PRCP,0,,,N,0607
US1TXAT0025,20171214,PRCP,0,,,N,0613
US1TXAT0025,20171215,PRCP,0,T,,N,0611
US1TXAT0025,20171216,PRCP,0,T,,N,0607
US1TXAT0025,20171217,PRCP,254,,,N,0717
US1TXAT0025,20171219,PRCP,64,,,N,0610
US1TXAT0025,20171220,PRCP,13,,,N,0700
US1TXAT0025,20171221,PRCP,0,T,,N,0608
US1TXAT0025,20171222,PRCP,0,T,,N,0606
US1TXAT0025,20171223,PRCP,0,,,N,0606
US1TXAT0025,20171224,PRCP,0,,,N,0755
US1TXAT0025,20171225,PRCP,0,,,N,0805
US1TXAT0025,20171226,PRCP,0,,,N,0601
US1TXAT0025,20171227,PRCP,0,T,,N,0608
US1TXAT0025,20171228,PRCP,0,T,,N,0607
US1TXAT0025,20171229,PRCP,0,,,N,0607
US1TXAT0025,20171230,PRCP,0,,,N,0608
US1TXAT0025,20171231,PRCP,0,T,,N,0610
US1TXAT0025,20180101,PRCP,0,T,,N,0939
US1TXAT0025,20180102,PRCP,5,,,N,0607
US1TXAT0025,20180103,PRCP,0,,,N,0607
US1TXAT0025,20180104,PRCP,0,,,N,0614
US1TXAT0025,20180105,PRCP,0,,,N,0609
US1TXAT0025,20180106,PRCP,0,,,N,0607
US1TXAT0025,20180108,PRCP,0,,,N,0915
US1TXAT0025,20180109,PRCP,0,,,N,0604
US1TXAT0025,20180110,PRCP,0,,,N,0605
US1TXAT0025,20180111,PRCP,0,,,N,0606
US1TXAT0025,20180112,PRCP,0,,,N,0607
US1TXAT0025,20180113,PRCP,0,,,N,0607
US1TXAT0025,20180114,PRCP,0,,,N,0620
US1TXAT0025,20180115,PRCP,0,,,N,1810
US1TXAT0025,20180116,PRCP,0,,,N,0720
US1TXAT0025,20180117,PRCP,0,T,,N,0614
US1TXAT0025,20180118,PRCP,0,,,N,0610
US1TXAT0025,20180119,PRCP,0,,,N,0610
US1TXAT0025,20180120,PRCP,25,,,N,0604
US1TXAT0025,20180121,PRCP,0,,,N,0635
US1TXAT0025,20180122,PRCP,0,,,N,0730
US1TXAT0025,20180123,PRCP,0,,,N,0606
US1TXAT0025,20180124,PRCP,0,,,N,0612
US1TXAT0025,20180125,PRCP,0,,,N,0608
US1TXAT0025,20180126,PRCP,0,,,N,0610
US1TXAT0025,20180127,PRCP,13,,,N,0610
US1TXAT0025,20180128,PRCP,0,T,,N,0705
US1TXAT0025,20180129,PRCP,0,,,N,0607
US1TXAT0025,20180130,PRCP,0,,,N,0607
US1TXAT0025,20180131,PRCP,0,,,N,0612
US1TXAT0025,20180201,PRCP,0,,,N,0609
US1TXAT0025,20180202,PRCP,0,,,N,0605
US1TXAT0025,20180203,PRCP,0,T,,N,0616
US1TXAT0025,20180204,PRCP,3,,,N,0625
US1TXAT0025,20180205,PRCP,0,,,N,0607
US1TXAT0025,20180206,PRCP,0,,,N,0610
US1TXAT0025,20180207,PRCP,20,,,N,0611
US1TXAT0025,20180208,PRCP,0,T,,N,0608
US1TXAT0025,20180209,PRCP,0,,,N,0612
US1TXAT0025,20180210,PRCP,5,,,N,0610
US1TXAT0025,20180211,PRCP,0,,,N,0715
US1TXAT0025,20180213,PRCP,0,T,,N,0613
US1TXAT0025,20180214,PRCP,5,,,N,0700
US1TXAT0025,20180215,PRCP,0,T,,N,0607
US1TXAT0025,20180216,PRCP,0,,,N,0609
US1TXAT0025,20180217,PRCP,0,,,N,0614
US1TXAT0025,20180220,PRCP,0,T,,N,0611
US1TXAT0025,20180221,PRCP,5,,,N,0604
US1TXAT0025,20180222,PRCP,74,,,N,0604
US1TXAT0025,20180223,PRCP,89,,,N,0613
US1TXAT0025,20180224,PRCP,8,,,N,0613
US1TXAT0025,20180225,PRCP,147,,,N,0625
US1TXAT0025,20180226,PRCP,8,,,N,0620
US1TXAT0025,20180227,PRCP,0,T,,N,0608
US1TXAT0025,20180228,PRCP,0,,,N,0610
US1TXAT0025,20180301,PRCP,0,,,N,0603
US1TXAT0025,20180302,PRCP,0,,,N,0608
US1TXAT0025,20180303,PRCP,0,,,N,0610
US1TXAT0025,20180304,PRCP,0,,,N,1810
US1TXAT0025,20180305,PRCP,0,,,N,0605
US1TXAT0025,20180306,PRCP,0,,,N,0607
US1TXAT0025,20180307,PRCP,0,,,N,0604
US1TXAT0025,20180308,PRCP,0,,,N,0604
US1TXAT0025,20180309,PRCP,0,,,N,0603
US1TXAT0025,20180310,PRCP,0,,,N,0606
US1TXAT0025,20180311,PRCP,0,,,N,0620
US1TXAT0025,20180312,PRCP,0,,,N,0605
US1TXAT0025,20180313,PRCP,0,,,N,0601
US1TXAT0025,20180314,PRCP,0,,,N,0608
US1TXAT0025,20180315,PRCP,0,,,N,0606
US1TXAT0025,20180316,PRCP,0,,,N,0607
US1TXAT0025,20180317,PRCP,0,,,N,0605
US1TXAT0025,20180318,PRCP,8,,,N,0608
US1TXAT0025,20180319,PRCP,0,T,,N,0610
US1TXAT0025,20180320,PRCP,0,,,N,0604
US1TXAT0025,20180321,PRCP,0,,,N,0607
US1TXAT0025,20180322,PRCP,0,,,N,0606
US1TXAT0025,20180323,PRCP,0,,,N,0613
US1TXAT0025,20180324,PRCP,0,,,N,0604
US1TXAT0025,20180325,PRCP,0,,,N,0710
US1TXAT0025,20180326,PRCP,0,,,N,0609
US1TXAT0025,20180327,PRCP,0,,,N,0603
US1TXAT0025,20180328,PRCP,173,,,N,0607
US1TXAT0025,20180329,PRCP,310,,,N,0605
US1TXAT0025,20180330,PRCP,0,,,N,0608
US1TXAT0025,20180331,PRCP,0,,,N,0612
US1TXAT0025,20180402,PRCP,0,,,N,0607
US1TXAT0025,20180403,PRCP,0,,,N,0608
US1TXAT0025,20180404,PRCP,0,,,N,0612
US1TXAT0025,20180405,PRCP,0,,,N,0607
US1TXAT0025,20180406,PRCP,0,,,N,0605
US1TXAT0025,20180407,PRCP,0,,,N,0609
US1TXAT0025,20180408,PRCP,0,,,N,0612
US1TXAT0025,20180409,PRCP,0,,,N,0608
US1TXAT0025,20180410,PRCP,0,,,N,0607
US1TXAT0025,20180411,PRCP,0,,,N,0608
US1TXAT0025,20180412,PRCP,0,,,N,0608
US1TXAT0025,20180413,PRCP,0,,,N,0609
US1TXAT0025,20180417,PRCP,0,,,N,0613
US1TXAT0025,20180418,PRCP,0,,,N,0606
US1TXAT0025,20180419,PRCP,0,,,N,0609
US1TXAT0025,20180420,PRCP,0,,,N,0604
US1TXAT0025,20180421,PRCP,0,,,N,0607
US1TXAT0025,20180422,PRCP,51,,,N,0607
US1TXAT0025,20180424,PRCP,0,,,N,0610
US1TXAT0025,20180425,PRCP,0,,,N,0602
US1TXAT0025,20180426,PRCP,51,,,N,0607
US1TXAT0025,20180427,PRCP,0,,,N,0615
US1TXAT0025,20180428,PRCP,0,,,N,0611
US1TXAT0025,20180429,PRCP,0,,,N,0615
US1TXAT0025,20180430,PRCP,0,,,N,0631
US1TXAT0025,20180501,PRCP,0,,,N,0611
US1TXAT0025,20180502,PRCP,0,T,,N,0608
US1TXAT0025,20180503,PRCP,0,T,,N,0609
US1TXAT0025,20180504,PRCP,0,,,N,0609
US1TXAT0025,20180505,PRCP,155,,,N,0605
US1TXAT0025,20180506,PRCP,0,,,N,0608
US1TXAT0025,20180507,PRCP,0,,,N,0607
US1TXAT0025,20180508,PRCP,0,,,N,0607
US1TXAT0025,20180509,PRCP,0,,,N,0607
US1TXAT0025,20180510,PRCP,0,,,N,0605
US1TXAT0025,20180511,PRCP,0,,,N,0605
US1TXAT0025,20180512,PRCP,0,,,N,0602
US1TXAT0025,20180514,PRCP,0,,,N,0610
US1TXAT0025,20180515,PRCP,0,,,N,0602
US1TXAT0025,20180516,PRCP,0,,,N,0602
US1TXAT0025,20180517,PRCP,0,,,N,0605
US1TXAT0025,20180518,PRCP,0,,,N,0610
US1TXAT0025,20180519,PRCP,0,,,N,0609
US1TXAT0025,20180520,PRCP,0,,,N,0700
US1TXAT0025,20180521,PRCP,480,,,N,0610
US1TXAT0025,20180522,PRCP,0,,,N,0607
US1TXAT0025,20180523,PRCP,0,,,N,0602
US1TXAT0025,20180524,PRCP,0,,,N,0606
US1TXAT0025,20180525,PRCP,0,,,N,0603
US1TXAT0025,20180526,PRCP,0,,,N,0604
US1TXAT0025,20180527,PRCP,0,,,N,0700
US1TXAT0025,20180528,PRCP,0,,,N,0610
US1TXAT0025,20180529,PRCP,0,,,N,0606
US1TXAT0025,20180530,PRCP,0,,,N,0700
US1TXAT0025,20180531,PRCP,0,,,N,0609
US1TXAT0025,20180601,PRCP,0,,,N,0609
US1TXAT0025,20180602,PRCP,0,,,N,0603
US1TXAT0025,20180603,PRCP,0,,,N,0700
US1TXAT0025,20180604,PRCP,0,,,N,0700
US1TXAT0025,20180605,PRCP,0,,,N,0612
US1TXAT0025,20180606,PRCP,0,,,N,0607
US1TXAT0025,20180607,PRCP,0,,,N,0605
US1TXAT0025,20180608,PRCP,0,,,N,0609
US1TXAT0025,20180610,PRCP,0,,,N,0700
US1TXAT0025,20180611,PRCP,0,,,N,0700
US1TXAT0025,20180612,PRCP,0,,,N,0603
US1TXAT0025,20180613,PRCP,0,,,N,0609
US1TXAT0025,20180614,PRCP,0,,,N,0600
US1TXAT0025,20180615,PRCP,0,,,N,0606
US1TXAT0025,20180616,PRCP,3,,,N,0609
US1TXAT0025,20180617,PRCP,0,,,N,0700
US1TXAT0025,20180618,PRCP,0,,,N,0700
US1TXAT0025,20180619,PRCP,30,,,N,0603
US1TXAT0025,20180620,PRCP,91,,,N,0609
US1TXAT0025,20180621,PRCP,23,,,N,0612
US1TXAT0025,20180622,PRCP,0,,,N,0603
US1TXAT0025,20180623,PRCP,0,,,N,0603
US1TXAT0025,20180624,PRCP,0,,,N,0700
US1TXAT0025,20180625,PRCP,0,,,N,0700
US1TXAT0025,20180626,PRCP,0,,,N,0622
US1TXAT0025,20180627,PRCP,0,,,N,0608
US1TXAT0025,20180628,PRCP,0,,,N,0608
US1TXAT0025,20180629,PRCP,0,,,N,0610
US1TXAT0025,20180630,PRCP,0,,,N,0606
US1TXAT0025,20180701,PRCP,0,,,N,0602
US1TXAT0025,20180702,PRCP,0,,,N,0607
US1TXAT0025,20180703,PRCP,0,,,N,0605
US1TXAT0025,20180704,PRCP,0,,,N,0606
US1TXAT0025,20180705,PRCP,310,,,N,0610
US1TXAT0025,20180706,PRCP,13,,,N,0600
US1TXAT0025,20180707,PRCP,152,,,N,0608
US1TXAT0025,20180708,PRCP,10,,,N,0705
US1TXAT0025,20180709,PRCP,0,,,N,0700
US1TXAT0025,20180710,PRCP,69,,,N,0605
US1TXAT0025,20180711,PRCP,0,,,N,0608
US1TXAT0025,20180712,PRCP,0,,,N,0602
US1TXAT0025,20180713,PRCP,0,,,N,0607
US1TXAT0025,20180714,PRCP,0,,,N,0602
US1TXAT0025,20180715,PRCP,0,,,N,0700
US1TXAT0025,20180716,PRCP,0,,,N,0700
US1TXAT0025,20180717,PRCP,0,,,N,0607
US1TXAT0025,20180718,PRCP,0,,,N,0603
US1TXAT0025,20180719,PRCP,0,,,N,0607
US1TXAT0025,20180720,PRCP,0,,,N,0604
US1TXAT0025,20180721,PRCP,0,,,N,0604
US1TXAT0025,20180722,PRCP,0,,,N,0700
US1TXAT0025,20180723,PRCP,0,,,N,0700
US1TXAT0025,20180724,PRCP,0,,,N,0604
US1TXAT0025,20180725,PRCP,38,,,N,0604
US1TXAT0025,20180726,PRCP,0,,,N,0604
US1TXAT0025,20180727,PRCP,0,,,N,0605
US1TXAT0025,20180728,PRCP,0,,,N,0604
US1TXAT0025,20180729,PRCP,0,,,N,0610
US1TXAT0025,20180730,PRCP,0,,,N,0607
US1TXAT0025,20180731,PRCP,0,,,N,0603
US1TXAT0025,20180801,PRCP,89,,,N,0605
US1TXAT0025,20180802,PRCP,0,,,N,0603
US1TXAT0025,20180803,PRCP,0,,,N,0607
US1TXAT0025,20180804,PRCP,0,,,N,0603
US1TXAT0025,20180805,PRCP,0,,,N,0700
US1TXAT0025,20180806,PRCP,0,,,N,0607
US1TXAT0025,20180807,PRCP,15,,,N,0602
US1TXAT0025,20180808,PRCP,0,,,N,0604
US1TXAT0025,20180809,PRCP,0,,,N,0607
US1TXAT0025,20180810,PRCP,0,,,N,0557
US1TXAT0025,20180811,PRCP,0,,,N,0558
US1TXAT0025,20180812,PRCP,147,,,N,0618
US1TXAT0025,20180813,PRCP,175,,,N,0613
US1TXAT0025,20180814,PRCP,0,,,N,0557
US1TXAT0025,20180815,PRCP,0,,,N,0556
US1TXAT0025,20180816,PRCP,0,,,N,0603
US1TXAT0025,20180821,PRCP,0,,,N,0556
US1TXAT0025,20180822,PRCP,0,,,N,0613
US1TXAT0025,20180823,PRCP,0,,,N,0602
US1TXAT0025,20180824,PRCP,0,,,N,0608
US1TXAT0025,20180825,PRCP,0,,,N,0608
US1TXAT0025,20180826,PRCP,0,,,N,0612
US1TXAT0025,20180827,PRCP,0,,,N,0605
US1TXAT0025,20180828,PRCP,0,,,N,0604
US1TXAT0025,20180829,PRCP,0,,,N,0600
US1TXAT0025,20180830,PRCP,0,,,N,0607
US1TXAT0025,20180831,PRCP,0,,,N,0607
US1TXAT0025,20180901,PRCP,0,,,N,0559
US1TXAT0025,20180902,PRCP,0,,,N,0700
US1TXAT0025,20180903,PRCP,0,,,N,0615
US1TXAT0025,20180904,PRCP,112,,,N,0558
US1TXAT0025,20180905,PRCP,152,,,N,0604
US1TXAT0025,20180906,PRCP,132,,,N,0608
US1TXAT0025,20180907,PRCP,269,,,N,0605
US1TXAT0025,20180908,PRCP,20,,,N,0600
US1TXAT0025,20180909,PRCP,724,,,N,0610
US1TXAT0025,20180910,PRCP,180,,,N,0608
US1TXAT0025,20180911,PRCP,188,,,N,0607
US1TXAT0025,20180912,PRCP,13,,,N,0609
US1TXAT0025,20180913,PRCP,5,,,N,0609
US1TXAT0025,20180914,PRCP,0,,,N,0605
US1TXAT0025,20180915,PRCP,269,,,N,0604
US1TXAT0025,20180916,PRCP,351,,,N,0610
US1TXAT0025,20180917,PRCP,109,,,N,0600
US1TXAT0025,20180918,PRCP,0,,,N,0611
US1TXAT0025,20180919,PRCP,0,,,N,0601
US1TXAT0025,20180920,PRCP,0,,,N,0605
US1TXAT0025,20180921,PRCP,5,,,N,0605
US1TXAT0025,20180922,PRCP,442,,,N,0609
US1TXAT0025,20180923,PRCP,36,,,N,0700
US1TXAT0025,20180924,PRCP,0,,,N,0608
US1TXAT0025,20180925,PRCP,0,,,N,0605
US1TXAT0025,20180926,PRCP,0,,,N,0602
US1TXAT0025,20180927,PRCP,0,,,N,0604
US1TXAT0025,20180928,PRCP,0,,,N,0604
US1TXAT0025,20180929,PRCP,0,,,N,0600
US1TXAT0025,20180930,PRCP,0,,,N,0700
US1TXAT0025,20181002,PRCP,51,,,N,0600
US1TXAT0025,20181003,PRCP,0,,,N,0600
US1TXAT0025,20181004,PRCP,0,,,N,0608
US1TXAT0025,20181005,PRCP,0,,,N,0603
US1TXAT0025,20181006,PRCP,0,,,N,0600
US1TXAT0025,20181007,PRCP,0,,,N,0700
US1TXAT0025,20181008,PRCP,0,,,N,0700
US1TXAT0025,20181009,PRCP,259,,,N,0602
US1TXAT0025,20181010,PRCP,25,,,N,0605
US1TXAT0025,20181011,PRCP,0,,,N,0605
US1TXAT0025,20181012,PRCP,0,,,N,0559
US1TXAT0025,20181013,PRCP,0,,,N,0608
US1TXAT0025,20181014,PRCP,41,,,N,0608
US1TXAT0025,20181015,PRCP,196,,,N,0610
US1TXAT0025,20181016,PRCP,48,,,N,0606
US1TXAT0025,20181017,PRCP,10,,,N,0605
US1TXAT0025,20181018,PRCP,0,,,N,0610
US1TXAT0025,20181019,PRCP,135,,,N,0606
US1TXAT0025,20181020,PRCP,127,,,N,0606
US1TXAT0025,20181021,PRCP,0,,,N,0615
US1TXAT0025,20181022,PRCP,0,,,N,0605
US1TXAT0025,20181023,PRCP,152,,,N,0612
US1TXAT0025,20181024,PRCP,13,,,N,0600
US1TXAT0025,20181025,PRCP,119,,,N,0606
US1TXAT0025,20181026,PRCP,0,,,N,0604
US1TXAT0025,20181027,PRCP,0,,,N,0605
US1TXAT0025,20181028,PRCP,0,,,N,0700
US1TXAT0025,20181029,PRCP,0,,,N,0700
US1TXAT0025,20181030,PRCP,0,,,N,0602
US1TXAT0025,20181031,PRCP,0,,,N,0605
US1TXAT0025,20181101,PRCP,0,T,,N,0604
US1TXAT0025,20181102,PRCP,0,,,N,0602
US1TXAT0025,20181103,PRCP,0,,,N,0607
US1TXAT0025,20181106,PRCP,0,,,N,0601
US1TXAT0025,20181107,PRCP,0,,,N,0606
US1TXAT0025,20181108,PRCP,0,,,N,0602
US1TXAT0025,20181109,PRCP,566,,,N,0607
US1TXAT0025,20181110,PRCP,48,,,N,0608
US1TXAT0025,20181111,PRCP,3,,,N,0700
US1TXAT0025,20181113,PRCP,5,,,N,0700
US1TXAT0025,20181114,PRCP,0,,,N,0608
US1TXAT0025,20181115,PRCP,0,,,N,0610
US1TXAT0025,20181116,PRCP,0,,,N,0605
US1TXAT0025,20181117,PRCP,0,,,N,0607
US1TXAT0025,20181118,PRCP,0,T,,N,0700
US1TXAT0025,20181119,PRCP,5,,,N,0605
US1TXAT0025,20181120,PRCP,0,,,N,0603
US1TXAT0025,20181121,PRCP,0,,,N,0603
US1TXAT0025,20181122,PRCP,0,T,,N,0600
US1TXAT0025,20181123,PRCP,0,,,N,0606
US1TXAT0025,20181124,PRCP,0,,,N,0603
US1TXAT0025,20181127,PRCP,0,,,N,0604
US1TXAT0025,20181128,PRCP,0,,,N,0608
US1TXAT0025,20181129,PRCP,0,,,N,0607
US1TXAT0025,20181130,PRCP,0,,,N,0606
US1TXAT0025,20181201,PRCP,0,,,N,0603
US1TXAT0025,20181202,PRCP,0,,,N,0700
US1TXAT0025,20181203,PRCP,0,,,N,0700
US1TXAT0025,20181204,PRCP,0,,,N,0612
US1TXAT0025,20181205,PRCP,0,,,N,0610
US1TXAT0025,20181206,PRCP,0,,,N,0610
US1TXAT0025,20181207,PRCP,5,,,N,0605
US1TXAT0025,20181208,PRCP,343,,,N,0605
US1TXAT0025,20181209,PRCP,3,,,N,0604
US1TXAT0025,20181210,PRCP,0,,,N,0610
US1TXAT0025,20181211,PRCP,0,,,N,0700
US1TXAT0025,20181212,PRCP,0,,,N,0614
US1TXAT0025,20181213,PRCP,0,,,N,0604
US1TXAT0025,20181214,PRCP,0,,,N,0601
US1TXAT0025,20181215,PRCP,0,,,N,0601
US1TXAT0025,20181216,PRCP,0,,,N,0717
US1TXAT0025,20181217,PRCP,0,,,N,0700
US1TXAT0025,20181218,PRCP,0,,,N,0607
US1TXAT0025,20181219,PRCP,0,,,N,0601
US1TXAT0025,20181220,PRCP,0,,,N,0612
US1TXAT0025,20181221,PRCP,0,,,N,0610
US1TXAT0025,20181222,PRCP,0,,,N,0605
US1TXAT0025,20181223,PRCP,0,,,N,0606
US1TXAT0025,20181224,PRCP,0,,,N,0606
US1TXAT0025,20181225,PRCP,0,,,N,0600
US1TXAT0025,20181226,PRCP,5,,,N,0603
US1TXAT0025,20181227,PRCP,81,,,N,0610
US1TXAT0025,20181228,PRCP,0,,,N,0605
US1TXAT0025,20181229,PRCP,0,,,N,0608
US1TXAT0025,20181230,PRCP,0,T,,N,0700
US1TXAT0025,20181231,PRCP,28,,,N,0700
US1TXAT0025,20190103,PRCP,69,,,N,0606
US1TXAT0025,20190104,PRCP,5,,,N,0602
US1TXAT0025,20190105,PRCP,0,,,N,0608
US1TXAT0025,20190106,PRCP,0,,,N,0700
US1TXAT0025,20190107,PRCP,0,,,N,0700
US1TXAT0025,20190108,PRCP,0,,,N,0605
US1TXAT0025,20190109,PRCP,0,,,N,0606
US1TXAT0025,20190110,PRCP,0,,,N,0607
US1TXAT0025,20190111,PRCP,0,,,N,0610
US1TXAT0025,20190112,PRCP,119,,,N,0600
US1TXAT0025,20190113,PRCP,0,,,N,0700
US1TXAT0025,20190114,PRCP,0,,,N,0610
US1TXAT0025,20190115,PRCP,0,,,N,0613
US1TXAT0025,20190116,PRCP,20,,,N,0621
US1TXAT0025,20190117,PRCP,5,,,N,0609
US1TXAT0025,20190118,PRCP,0,T,,N,0611
US1TXAT0025,20190119,PRCP,0,,,N,0703
US1TXAT0025,20190120,PRCP,0,,,N,0700
US1TXAT0025,20190121,PRCP,0,,,N,0700
US1TXAT0025,20190122,PRCP,0,,,N,0607
US1TXAT0025,20190123,PRCP,25,,,N,0609
US1TXAT0025,20190124,PRCP,0,,,N,0613
US1TXAT0025,20190125,PRCP,0,,,N,0608
US1TXAT0025,20190126,PRCP,0,,,N,0613
US1TXAT0025,20190127,PRCP,97,,,N,0714
US1TXAT0025,20190128,PRCP,0,,,N,0700
US1TXAT0025,20190129,PRCP,0,,,N,0605
US1TXAT0025,20190130,PRCP,0,,,N,0608
US1TXAT0025,20190131,PRCP,0,,,N,0607
US1TXAT0025,20190201,PRCP,13,,,N,0609
US1TXAT0025,20190202,PRCP,0,T,,N,0610
US1TXAT0025,20190204,PRCP,0,,,N,0700
US1TXAT0025,20190205,PRCP,0,T,,N,0604
US1TXAT0025,20190206,PRCP,0,,,N,0601
US1TXAT0025,20190207,PRCP,0,,,N,0610
US1TXAT0025,20190208,PRCP,0,,,N,0618
US1TXAT0025,20190209,PRCP,0,,,N,0610
US1TXAT0025,20190210,PRCP,53,,,N,0700
US1TXAT0025,20190211,PRCP,51,,,N,0700
US1TXAT0025,20190212,PRCP,0,,,N,0607
US1TXAT0025,20190213,PRCP,0,,,N,0615
US1TXAT0025,20190214,PRCP,0,,,N,0613
US1TXAT0025,20190215,PRCP,0,,,N,0605
US1TXAT0025,20190216,PRCP,0,,,N,0610
US1TXAT0025,20190217,PRCP,0,,,N,0700
US1TXAT0025,20190218,PRCP,0,,,N,0700
US1TXAT0025,20190219,PRCP,0,,,N,0609
US1TXAT0025,20190220,PRCP,0,T,,N,0608
US1TXAT0025,20190221,PRCP,0,,,N,0617
US1TXAT0025,20190222,PRCP,0,T,,N,0606
US1TXAT0025,20190223,PRCP,0,,,N,0609
US1TXAT0025,20190224,PRCP,0,,,N,0700
US1TXAT0025,20190225,PRCP,0,,,N,0700
US1TXAT0025,20190226,PRCP,0,,,N,0611
US1TXAT0025,20190227,PRCP,0,T,,N,0613
US1TXAT0025,20190228,PRCP,0,,,N,0612
US1TXAT0025,20190301,PRCP,0,,,N,0611
US1TXAT0025,20190302,PRCP,0,,,N,0604
US1TXAT0025,20190303,PRCP,0,,,N,0700
US1TXAT0025,20190304,PRCP,0,,,N,0700
US1TXAT0025,20190305,PRCP,0,,,N,0611
US1TXAT0025,20190306,PRCP,0,,,N,0614
US1TXAT0025,20190307,PRCP,0,,,N,0615
US1TXAT0025,20190308,PRCP,0,,,N,0606
US1TXAT0025,20190309,PRCP,0,,,N,0604
US1TXAT0025,20190310,PRCP,0,,,N,0700
US1TXAT0025,20190311,PRCP,0,,,N,0700
US1TXAT0025,20190312,PRCP,0,,,N,0608
US1TXAT0025,20190313,PRCP,0,,,N,0609
US1TXAT0025,20190314,PRCP,0,,,N,0611
US1TXAT0025,20190315,PRCP,0,,,N,0609
US1TXAT0025,20190316,PRCP,0,,,N,0602
US1TXAT0025,20190317,PRCP,0,,,N,0700
US1TXAT0025,20190318,PRCP,0,,,N,0700
US1TXAT0025,20190320,PRCP,0,,,N,0700
US1TXAT0025,20190321,PRCP,0,,,N,0607
US1TXAT0025,20190322,PRCP,0,,,N,0600
US1TXAT0025,20190323,PRCP,0,,,N,0556
US1TXAT0025,20190324,PRCP,0,,,N,0700
US1TXAT0025,20190325,PRCP,0,,,N,0700
US1TXAT0025,20190326,PRCP,0,,,N,0606
US1TXAT0025,20190327,PRCP,0,,,N,0603
US1TXAT0025,20190328,PRCP,0,,,N,0608
US1TXAT0025,20190329,PRCP,0,,,N,0610
US1TXAT0025,20190330,PRCP,0,,,N,0604
US1TXAT0025,20190401,PRCP,0,,,N,0700
US1TXAT0025,20190402,PRCP,0,,,N,0610
US1TXAT0025,20190403,PRCP,0,,,N,0612
US1TXAT0025,20190404,PRCP,0,T,,N,0608
US1TXAT0025,20190405,PRCP,0,,,N,0700
US1TXAT0025,20190406,PRCP,0,,,N,0700
US1TXAT0025,20190407,PRCP,358,,,N,0700
US1TXAT0025,20190408,PRCP,0,,,N,0700
US1TXAT0025,20190409,PRCP,0,,,N,0609
US1TXAT0025,20190410,PRCP,0,,,N,0606
US1TXAT0025,20190411,PRCP,0,,,N,0606
US1TXAT0025,20190412,PRCP,0,,,N,0607
US1TXAT0025,20190413,PRCP,0,,,N,0612
US1TXAT0025,20190414,PRCP,23,,,N,0700
US1TXAT0025,20190415,PRCP,0,,,N,0700
US1TXAT0025,20190416,PRCP,0,,,N,0604
US1TXAT0025,20190417,PRCP,0,,,N,0607
US1TXAT0025,20190418,PRCP,295,,,N,0611
US1TXAT0025,20190420,PRCP,0,,,N,0610
US1TXAT0025,20190421,PRCP,0,,,N,0700
US1TXAT0025,20190422,PRCP,0,,,N,0700
US1TXAT0025,20190423,PRCP,0,,,N,0600
US1TXAT0025,20190424,PRCP,0,T,,N,0603
US1TXAT0025,20190425,PRCP,292,,,N,0608
US1TXAT0025,20190426,PRCP,0,,,N,0700
US1TXAT0025,20190427,PRCP,0,,,N,0612
US1TXAT0025,20190428,PRCP,0,,,N,0700
US1TXAT0025,20190429,PRCP,0,,,N,0700
US1TXAT0025,20190430,PRCP,0,,,N,0605
US1TXAT0025,20190501,PRCP,0,T,,N,0700
US1TXAT0025,20190502,PRCP,0,,,N,0607
US1TXAT0025,20190503,PRCP,178,,,N,0612
US1TXAT0025,20190504,PRCP,277,,,N,0602
US1TXAT0025,20190505,PRCP,0,,,N,0700
US1TXAT0025,20190506,PRCP,0,T,,N,0756
US1TXAT0025,20190507,PRCP,25,,,N,0607
US1TXAT0025,20190508,PRCP,3,,,N,0602
US1TXAT0025,20190509,PRCP,0,T,,N,0603
US1TXAT0025,20190510,PRCP,104,,,N,0609
US1TXAT0025,20190511,PRCP,10,,,N,0610
US1TXAT0025,20190512,PRCP,0,T,,N,0700
US1TXAT0025,20190513,PRCP,0,,,N,0700
US1TXAT0025,20190514,PRCP,0,,,N,0603
US1TXAT0025,20190515,PRCP,0,,,N,0605
US1TXAT0025,20190516,PRCP,0,,,N,0603
US1TXAT0025,20190517,PRCP,0,T,,N,0605
US1TXAT0025,20190518,PRCP,0,,,N,0608
US1TXAT0025,20190519,PRCP,0,,,N,0700
US1TXAT0025,20190521,PRCP,0,,,N,0600
US1TXAT0025,20190522,PRCP,0,,,N,0608
US1TXAT0025,20190523,PRCP,0,,,N,0608
US1TXAT0025,20190524,PRCP,0,,,N,0700
US1TXAT0025,20190525,PRCP,0,,,N,0700
US1TXAT0025,20190526,PRCP,0,,,N,0700
US1TXAT0025,20190527,PRCP,0,,,N,0700
US1TXAT0025,20190528,PRCP,0,,,N,0608
US1TXAT0025,20190529,PRCP,0,T,,N,0608
US1TXAT0025,20190530,PRCP,0,,,N,0607
US1TXAT0025,20190531,PRCP,399,,,N,0608
US1TXAT0025,20190601,PRCP,0,,,N,0700
US1TXAT0025,20190602,PRCP,0,,,N,0700
US1TXAT0025,20190603,PRCP,0,,,N,0700
US1TXAT0025,20190604,PRCP,0,,,N,0605
US1TXAT0025,20190605,PRCP,69,,,N,0604
US1TXAT0025,20190606,PRCP,64,,,N,0612
US1TXAT0025,20190607,PRCP,0,,,N,0610
US1TXAT0025,20190608,PRCP,0,,,N,0611
US1TXAT0025,20190609,PRCP,0,,,N,0700
US1TXAT0025,20190610,PRCP,0,,,N,0700
US1TXAT0025,20190611,PRCP,0,,,N,0606
US1TXAT0025,20190612,PRCP,33,,,N,0700
US1TXAT0025,20190613,PRCP,0,,,N,0613
US1TXAT0025,20190614,PRCP,0,,,N,0601
US1TXAT0025,20190615,PRCP,0,,,N,0700
US1TXAT0025,20190616,PRCP,0,,,N,0700
US1TXAT0025,20190617,PRCP,18,,,N,0700
US1TXAT0025,20190618,PRCP,102,,,N,0609
US1TXAT0025,20190619,PRCP,0,,,N,0609
US1TXAT0025,20190620,PRCP,0,,,N,0604
US1TXAT0025,20190621,PRCP,0,,,N,0605
US1TXAT0025,20190622,PRCP,94,,,N,0602
US1TXAT0025,20190623,PRCP,0,,,N,0700
US1TXAT0025,20190624,PRCP,0,,,N,0700
US1TXAT0025,20190625,PRCP,0,T,,N,0606
US1TXAT0025,20190626,PRCP,0,,,N,0606
US1TXAT0025,20190627,PRCP,48,,,N,0607
US1TXAT0025,20190629,PRCP,13,,,N,0700
US1TXAT0025,20190630,PRCP,511,,,N,0810
US1TXAT0025,20190701,PRCP,5,,,N,0608
US1TXAT0025,20190703,PRCP,201,,,N,0603
US1TXAT0025,20190704,PRCP,0,,,N,0602
US1TXAT0025,20190705,PRCP,0,,,N,0600
US1TXAT0025,20190706,PRCP,0,,,N,0606
US1TXAT0025,20190707,PRCP,0,,,N,0628
US1TXAT0025,20190708,PRCP,0,,,N,0758
US1TXAT0025,20190709,PRCP,0,,,N,0601
US1TXAT0025,20190710,PRCP,0,,,N,0605
US1TXAT0025,20190711,PRCP,0,,,N,0604
US1TXAT0025,20190712,PRCP,0,,,N,0605
US1TXAT0025,20190713,PRCP,0,,,N,0700
US1TXAT0025,20190714,PRCP,0,,,N,0700
US1TXAT0025,20190715,PRCP,424,,,N,0615
US1TXAT0025,20190716,PRCP,0,,,N,0613
US1TXAT0025,20190717,PRCP,0,,,N,0607
US1TXAT0025,20190718,PRCP,0,,,N,0609
US1TXAT0025,20190719,PRCP,0,,,N,0604
US1TXAT0025,20190720,PRCP,0,,,N,0601
US1TXAT0025,20190721,PRCP,0,,,N,0700
US1TXAT0025,20190722,PRCP,0,,,N,0700
US1TXAT0025,20190723,PRCP,0,,,N,0604
US1TXAT0025,20190724,PRCP,0,T,,N,0600
US1TXAT0025,20190725,PRCP,0,,,N,0609
US1TXAT0025,20190726,PRCP,0,,,N,0607
US1TXAT0025,20190727,PRCP,0,,,N,0551
US1TXAT0025,20190728,PRCP,0,,,N,0700
US1TXAT0025,20190729,PRCP,0,,,N,0700
US1TXAT0025,20190730,PRCP,0,,,N,0604
US1TXAT0025,20190731,PRCP,0,,,N,0602
US1TXAT0025,20190801,PRCP,0,,,N,0604
US1TXAT0025,20190802,PRCP,0,,,N,0602
US1TXAT0025,20190803,PRCP,0,,,N,0618
US1TXAT0025,20190804,PRCP,0,,,N,0700
US1TXAT0025,20190805,PRCP,0,,,N,0700
US1TXAT0025,20190806,PRCP,0,,,N,0605
US1TXAT0025,20190807,PRCP,0,,,N,0607
US1TXAT0025,20190808,PRCP,0,,,N,0604
US1TXAT0025,20190809,PRCP,0,,,N,0612
US1TXAT0025,20190810,PRCP,0,,,N,0612
US1TXAT0025,20190811,PRCP,0,,,N,0700
US1TXAT0025,20190812,PRCP,0,,,N,0700
US1TXAT0025,20190813,PRCP,0,,,N,0624
US1TXAT0025,20190814,PRCP,0,,,N,0624
US1TXAT0025,20190815,PRCP,0,,,N,0600
US1TXAT0025,20190816,PRCP,0,,,N,0700
US1TXAT0025,20190817,PRCP,0,,,N,0700
US1TXAT0025,20190818,PRCP,0,,,N,0700
US1TXAT0025,20190819,PRCP,0,,,N,0700
US1TXAT0025,20190820,PRCP,0,,,N,0605
US1TXAT0025,20190821,PRCP,0,,,N,0606
US1TXAT0025,20190822,PRCP,0,,,N,0601
US1TXAT0025,20190823,PRCP,38,,,N,0605
US1TXAT0025,20190824,PRCP,0,,,N,0606
US1TXAT0025,20190825,PRCP,0,T,,N,0700
US1TXAT0025,20190826,PRCP,0,,,N,0700
US1TXAT0025,20190828,PRCP,0,,,N,0602
US1TXAT0025,20190829,PRCP,0,T,,N,0601
US1TXAT0025,20190830,PRCP,0,,,N,0605
US1TXAT0025,20190831,PRCP,0,,,N,0611
US1TXAT0025,20190901,PRCP,0,,,N,0700
US1TXAT0025,20190902,PRCP,0,,,N,0700
US1TXAT0025,20190903,PRCP,0,,,N,0601
US1TXAT0025,20190904,PRCP,0,,,N,0605
US1TXAT0025,20190905,PRCP,0,,,N,0600
US1TXAT0025,20190906,PRCP,76,,,N,0601
US1TXAT0025,20190907,PRCP,0,,,N,0600
US1TXAT0025,20190908,PRCP,0,,,N,0700
US1TXAT0025,20190909,PRCP,0,T,,N,0700
US1TXAT0025,20190910,PRCP,0,T,,N,0605
US1TXAT0025,20190911,PRCP,0,,,N,0602
US1TXAT0025,20190912,PRCP,152,,,N,0603
US1TXAT0025,20190913,PRCP,0,,,N,0602
US1TXAT0025,20190914,PRCP,0,,,N,0609
US1TXAT0025,20190915,PRCP,0,,,N,0730
US1TXAT0025,20190916,PRCP,0,,,N,0700
US1TXAT0025,20190917,PRCP,0,,,N,0601
US1TXAT0025,20190918,PRCP,0,,,N,0601
US1TXAT0025,20190919,PRCP,0,,,N,0602
US1TXAT0025,20190921,PRCP,0,,,N,0613
US1TXAT0025,20190922,PRCP,0,,,N,0700
US1TXAT0025,20190923,PRCP,0,,,N,0700
US1TXAT0025,20190924,PRCP,0,,,N,0602
US1TXAT0025,20190925,PRCP,0,,,N,0700
US1TXAT0025,20190926,PRCP,0,,,N,0608
US1TXAT0025,20190927,PRCP,0,,,N,0555
US1TXAT0025,20190928,PRCP,0,,,N,0603
US1TXAT0025,20190929,PRCP,0,,,N,0700
US1TXAT0025,20190930,PRCP,0,,,N,0700
US1TXAT0025,20191001,PRCP,13,,,N,0600
US1TXAT0025,20191002,PRCP,0,,,N,0557
US1TXAT0025,20191003,PRCP,0,,,N,0607
US1TXAT0025,20191004,PRCP,0,,,N,0607
US1TXAT0025,20191005,PRCP,0,,,N,0607
US1TXAT0025,20191006,PRCP,0,,,N,0700
US1TXAT0025,20191007,PRCP,0,,,N,0700
US1TXAT0025,20191008,PRCP,0,,,N,0558
US1TXAT0025,20191009,PRCP,0,,,N,0603
US1TXAT0025,20191010,PRCP,0,,,N,0606
US1TXAT0025,20191011,PRCP,0,,,N,0601
US1TXAT0025,20191012,PRCP,0,T,,N,0606
US1TXAT0025,20191013,PRCP,0,,,N,0700
US1TXAT0025,20191014,PRCP,0,,,N,0700
US1TXAT0025,20191015,PRCP,0,,,N,0602
US1TXAT0025,20191016,PRCP,201,,,N,0606
US1TXAT0025,20191017,PRCP,20,,,N,0606
US1TXAT0025,20191018,PRCP,0,T,,N,0604
US1TXAT0025,20191019,PRCP,0,,,N,0603
US1TXAT0025,20191020,PRCP,0,,,N,0700
US1TXAT0025,20191021,PRCP,41,,,N,0700
US1TXAT0025,20191022,PRCP,0,,,N,0603
US1TXAT0025,20191023,PRCP,0,,,N,0608
US1TXAT0025,20191024,PRCP,0,,,N,0606
US1TXAT0025,20191025,PRCP,348,,,N,0610
US1TXAT0025,20191026,PRCP,0,,,N,0611
US1TXAT0025,20191027,PRCP,0,,,N,0700
US1TXAT0025,20191028,PRCP,0,,,N,0700
US1TXAT0025,20191029,PRCP,198,,,N,0611
US1TXAT0025,20191030,PRCP,56,,,N,0606
US1TXAT0025,20191031,PRCP,0,T,,N,0609
US1TXAT0025,20191101,PRCP,0,,,N,0604
US1TXAT0025,20191102,PRCP,0,,,N,0604
US1TXAT0025,20191103,PRCP,0,,,N,0700
US1TXAT0025,20191104,PRCP,0,,,N,0700
US1TXAT0025,20191105,PRCP,0,,,N,0603
US1TXAT0025,20191106,PRCP,0,T,,N,0608
US1TXAT0025,20191107,PRCP,0,,,N,0611
US1TXAT0025,20191108,PRCP,112,,,N,0605
US1TXAT0025,20191109,PRCP,25,,,N,0600
US1TXAT0025,20191110,PRCP,0,,,N,0700
US1TXAT0025,20191111,PRCP,0,,,N,0700
US1TXAT0025,20191112,PRCP,0,,,N,0612
US1TXAT0025,20191113,PRCP,0,T,,N,0602
US1TXAT0025,20191114,PRCP,36,,,N,0610
US1TXAT0025,20191115,PRCP,3,,,N,0612
US1TXAT0025,20191116,PRCP,0,,,N,0606
US1TXAT0025,20191117,PRCP,0,,,N,0700
US1TXAT0025,20191118,PRCP,0,,,N,0700
US1TXAT0025,20191119,PRCP,0,,,N,0611
US1TXAT0025,20191120,PRCP,0,,,N,0609
US1TXAT0025,20191121,PRCP,0,T,,N,0605
US1TXAT0025,20191122,PRCP,0,,,N,0624
US1TXAT0025,20191123,PRCP,8,,,N,0607
US1TXAT0025,20191124,PRCP,0,,,N,0700
US1TXAT0025,20191125,PRCP,0,,,N,0700
US1TXAT0025,20191126,PRCP,0,,,N,0608
US1TXAT0025,20191127,PRCP,0,,,N,0609
US1TXAT0025,20191128,PRCP,0,T,,N,0609
US1TXAT0025,20191129,PRCP,3,,,N,0609
US1TXAT0025,20191130,PRCP,5,,,N,0616
US1TXAT0025,20191201,PRCP,0,,,N,0749
US1TXAT0025,20191202,PRCP,0,,,N,0700
US1TXAT0025,20191203,PRCP,0,,,N,0647
US1TXAT0025,20191204,PRCP,0,,,N,0608
US1TXAT0025,20191205,PRCP,0,,,N,0700
US1TXAT0025,20191206,PRCP,0,,,N,0604
US1TXAT0025,20191207,PRCP,0,,,N,0700
US1TXAT0025,20191208,PRCP,0,,,N,0700
US1TXAT0025,20191209,PRCP,0,,,N,0700
US1TXAT0025,20191210,PRCP,0,,,N,0612
US1TXAT0025,20191211,PRCP,0,T,,N,0607
US1TXAT0025,20191212,PRCP,0,,,N,0611
US1TXAT0025,20191213,PRCP,0,,,N,0611
US1TXAT0025,20191214,PRCP,0,,,N,0608
US1TXAT0025,20191215,PRCP,0,,,N,0700
US1TXAT0025,20191216,PRCP,0,,,N,0700
US1TXAT0025,20191217,PRCP,0,,,N,0604
US1TXAT0025,20191218,PRCP,0,,,N,0612
US1TXAT0025,20191219,PRCP,0,,,N,0605
US1TXAT0025,20191220,PRCP,0,,,N,0610
US1TXAT0025,20191221,PRCP,0,T,,N,0620
US1TXAT0025,20191222,PRCP,0,,,N,0700
US1TXAT0025,20191223,PRCP,0,,,N,0700
US1TXAT0025,20191224,PRCP,0,,,N,0605
US1TXAT0025,20191225,PRCP,0,,,N,0607
US1TXAT0025,20191226,PRCP,0,,,N,0605
US1TXAT0025,20191227,PRCP,0,,,N,0606
US1TXAT0025,20191228,PRCP,0,T,,N,0604
US1TXAT0025,20191229,PRCP,0,,,N,0700
US1TXAT0025,20191230,PRCP,0,,,N,0700
US1TXAT0025,20191231,PRCP,0,,,N,0700
US1TXAT0025,20200101,PRCP,0,,,N,0700
US1TXAT0025,20200102,PRCP,0,,,N,0700
US1TXAT0025,20200103,PRCP,0,T,,N,0609
US1TXAT0025,20200104,PRCP,0,,,N,0609
US1TXAT0025,20200105,PRCP,0,,,N,0700
US1TXAT0025,20200106,PRCP,0,,,N,0700
US1TXAT0025,20200107,PRCP,0,,,N,0609
US1TXAT0025,20200108,PRCP,0,,,N,0610
US1TXAT0025,20200109,PRCP,0,,,N,0604
US1TXAT0025,20200110,PRCP,0,,,N,0609
US1TXAT0025,20200111,PRCP,38,,,N,0611
US1TXAT0025,20200112,PRCP,0,,,N,0700
US1TXAT0025,20200113,PRCP,0,,,N,0700
US1TXAT0025,20200114,PRCP,15,,,N,0609
US1TXAT0025,20200115,PRCP,0,,,N,0605
US1TXAT0025,20200116,PRCP,0,T,,N,0610
US1TXAT0025,20200117,PRCP,13,,,N,0608
US1TXAT0025,20200118,PRCP,20,,,N,0604
US1TXAT0025,20200119,PRCP,0,,,N,0700
US1TXAT0025,20200120,PRCP,0,,,N,0727
US1TXAT0025,20200121,PRCP,0,,,N,0611
US1TXAT0025,20200122,PRCP,114,,,N,0608
US1TXAT0025,20200123,PRCP,79,,,N,0613
US1TXAT0025,20200124,PRCP,0,,,N,0608
US1TXAT0025,20200125,PRCP,0,,,N,0607
US1TXAT0025,20200126,PRCP,5,,,N,0700
US1TXAT0025,20200127,PRCP,0,,,N,0700
US1TXAT0025,20200128,PRCP,76,,,N,0612
US1TXAT0025,20200129,PRCP,0,,,N,0603
US1TXAT0025,20200130,PRCP,0,,,N,0603
US1TXAT0025,20200131,PRCP,0,T,,N,0605
US1TXAT0025,20200201,PRCP,0,,,N,0605
US1TXAT0025,20200204,PRCP,0,,,N,0612
US1TXAT0025,20200205,PRCP,0,,,N,0606
US1TXAT0025,20200206,PRCP,0,,,N,0611
US1TXAT0025,20200207,PRCP,0,,,N,0619
US1TXAT0025,20200208,PRCP,0,,,N,0609
US1TXAT0025,20200209,PRCP,0,,,N,0700
US1TXAT0025,20200210,PRCP,0,T,,N,0700
US1TXAT0025,20200211,PRCP,0,,,N,0605
US1TXAT0025,20200212,PRCP,64,,,N,0700
US1TXAT0025,20200214,PRCP,0,,,N,0609
US1TXAT0025,20200215,PRCP,0,,,N,0603
US1TXAT0025,20200216,PRCP,0,,,N,0700
US1TXAT0025,20200217,PRCP,0,,,N,0700
US1TXAT0025,20200218,PRCP,0,,,N,0608
US1TXAT0025,20200219,PRCP,13,,,N,0610
US1TXAT0025,20200220,PRCP,20,,,N,0605
US1TXAT0025,20200221,PRCP,0,,,N,0558
US1TXAT0025,20200222,PRCP,0,,,N,0611
US1TXAT0025,20200223,PRCP,0,,,N,0700
US1TXAT0025,20200224,PRCP,0,,,N,0700
US1TXAT0025,20200225,PRCP,0,,,N,0606
US1TXAT0025,20200226,PRCP,0,,,N,0626
US1TXAT0025,20200227,PRCP,0,,,N,0607
US1TXAT0025,20200228,PRCP,0,,,N,0606
US1TXAT0025,20200229,PRCP,0,,,N,0607
US1TXAT0025,20200203,DAPR,2,,,N,0700
US1TXAT0025,20200203,MDPR,0,,,N,0700
US1TXAT0025,20200301,PRCP,0,,,N,0700
US1TXAT0025,20200302,PRCP,0,,,N,0700
US1TXAT0025,20200303,PRCP,0,,,N,0608
US1TXAT0025,20200304,PRCP,0,,,N,0602
US1TXAT0025,20200305,PRCP,13,,,N,0607
US1TXAT0025,20200306,PRCP,0,,,N,0604
US1TXAT0025,20200307,PRCP,0,,,N,0611
US1TXAT0025,20200308,PRCP,0,,,N,0700
US1TXAT0025,20200309,PRCP,0,T,,N,0608
US1TXAT0025,20200310,PRCP,5,,,N,0611
US1TXAT0025,20200311,PRCP,0,,,N,0608
US1TXAT0025,20200312,PRCP,0,,,N,0608
US1TXAT0025,20200313,PRCP,0,,,N,0600
US1TXAT0025,20200314,PRCP,0,,,N,0609
US1TXAT0025,20200315,PRCP,0,,,N,0700
US1TXAT0025,20200316,PRCP,0,T,,N,0700
US1TXAT0025,20200318,PRCP,0,T,,N,0612
US1TXAT0025,20200319,PRCP,0,,,N,0700
US1TXAT0025,20200320,PRCP,203,,,N,0614
US1TXAT0025,20200321,PRCP,295,,,N,0616
US1TXAT0025,20200322,PRCP,180,,,N,0700
US1TXAT0025,20200324,PRCP,0,,,N,0609
US1TXAT0025,20200325,PRCP,0,,,N,0606
US1TXAT0025,20200326,PRCP,0,,,N,0603
US1TXAT0025,20200327,PRCP,0,,,N,0607
US1TXAT0025,20200328,PRCP,0,,,N,0610
US1TXAT0025,20200329,PRCP,13,,,N,0700
US1TXAT0025,20200330,PRCP,3,,,N,0700
US1TXAT0025,20200331,PRCP,0,,,N,0609
US1TXAT0025,20200401,PRCP,0,,,N,0612
US1TXAT0025,20200402,PRCP,0,,,N,0609
US1TXAT0025,20200403,PRCP,28,,,N,0611
US1TXAT0025,20200404,PRCP,74,,,N,0614
US1TXAT0025,20200405,PRCP,249,,,N,0700
US1TXAT0025,20200406,PRCP,0,,,N,0700
US1TXAT0025,20200407,PRCP,0,,,N,0612
US1TXAT0025,20200408,PRCP,0,,,N,0611
US1TXAT0025,20200409,PRCP,0,,,N,0608
US1TXAT0025,20200410,PRCP,61,,,N,0610
US1TXAT0025,20200411,PRCP,0,,,N,0612
US1TXAT0025,20200412,PRCP,0,,,N,0700
US1TXAT0025,20200413,PRCP,0,,,N,0700
US1TXAT0025,20200414,PRCP,0,,,N,0611
US1TXAT0025,20200415,PRCP,0,,,N,0602
US1TXAT0025,20200416,PRCP,0,,,N,0611
US1TXAT0025,20200417,PRCP,0,,,N,0606
US1TXAT0025,20200418,PRCP,0,,,N,0609
US1TXAT0025,20200419,PRCP,5,,,N,0700
US1TXAT0025,20200420,PRCP,0,,,N,0700
US1TXAT0025,20200421,PRCP,0,,,N,0611
US1TXAT0025,20200422,PRCP,0,,,N,0700
US1TXAT0025,20200423,PRCP,0,,,N,0700
US1TXAT0025,20200424,PRCP,0,,,N,0633
US1TXAT0025,20200425,PRCP,0,,,N,0700
US1TXAT0025,20200426,PRCP,0,,,N,0700
US1TXAT0025,20200427,PRCP,0,,,N,0700
US1TXAT0025,20200428,PRCP,15,,,N,0700
US1TXAT0025,20200430,PRCP,0,,,N,0700
US1TXAT0025,20200501,PRCP,0,,,N,0700
US1TXAT0025,20200502,PRCP,0,,,N,0650
US1TXAT0025,20200503,PRCP,0,,,N,0700
US1TXAT0025,20200504,PRCP,0,,,N,0700
US1TXAT0025,20200506,PRCP,64,,,N,0700
US1TXAT0025,20200507,PRCP,0,,,N,0700
US1TXAT0025,20200508,PRCP,0,,,N,0643
US1TXAT0025,20200509,PRCP,0,,,N,0700
US1TXAT0025,20200510,PRCP,0,,,N,0700
US1TXAT0025,20200511,PRCP,0,,,N,0643
US1TXAT0025,20200512,PRCP,3,,,N,0640
US1TXAT0025,20200513,PRCP,5,,,N,0641
US1TXAT0025,20200514,PRCP,10,,,N,0700
US1TXAT0025,20200515,PRCP,0,,,N,0700
US1TXAT0025,20200516,PRCP,351,,,N,0700
US1TXAT0025,20200517,PRCP,0,,,N,0700
US1TXAT0025,20200519,PRCP,0,,,N,0627
US1TXAT0025,20200520,PRCP,0,,,N,0636
US1TXAT0025,20200521,PRCP,0,,,N,0700
US1TXAT0025,20200522,PRCP,0,,,N,0700
US1TXAT0025,20200524,PRCP,0,,,N,0700
US1TXAT0025,20200525,PRCP,714,,,N,0700
US1TXAT0025,20200526,PRCP,132,,,N,0700
US1TXAT0025,20200527,PRCP,0,,,N,0700
US1TXAT0025,20200528,PRCP,137,,,N,0700
US1TXAT0025,20200529,PRCP,0,T,,N,0700
US1TXAT0025,20200531,PRCP,0,T,,N,0700
US1TXAT0025,20200601,PRCP,112,,,N,0700
US1TXAT0025,20200602,PRCP,0,,,N,0700
US1TXAT0025,20200603,PRCP,0,,,N,0700
US1TXAT0025,20200604,PRCP,0,,,N,0700
US1TXAT0025,20200605,PRCP,0,,,N,0700
US1TXAT0025,20200606,PRCP,0,,,N,0645
US1TXAT0025,20200607,PRCP,0,,,N,0700
US1TXAT0025,20200608,PRCP,0,,,N,0700
US1TXAT0025,20200609,PRCP,0,,,N,0700
US1TXAT0025,20200610,PRCP,0,,,N,0700
US1TXAT0025,20200611,PRCP,0,,,N,0611
US1TXAT0025,20200612,PRCP,0,,,N,0700
US1TXAT0025,20200613,PRCP,0,,,N,0700
US1TXAT0025,20200614,PRCP,0,,,N,0700
US1TXAT0025,20200615,PRCP,0,,,N,0636
US1TXAT0025,20200616,PRCP,5,,,N,0700
US1TXAT0025,20200617,PRCP,0,,,N,0700
US1TXAT0025,20200618,PRCP,0,,,N,0700
US1TXAT0025,20200619,PRCP,0,,,N,0652
US1TXAT0025,20200620,PRCP,0,,,N,0700
US1TXAT0025,20200622,PRCP,0,,,N,0644
US1TXAT0025,20200623,PRCP,0,,,N,0639
US1TXAT0025,20200624,PRCP,99,,,N,0700
US1TXAT0025,20200625,PRCP,0,,,N,0700
US1TXAT0025,20200626,PRCP,198,,,N,0647
US1TXAT0025,20200627,PRCP,114,,,N,0640
US1TXAT0025,20200628,PRCP,0,,,N,0700
US1TXAT0025,20200629,PRCP,0,,,N,0653
US1TXAT0025,20200630,PRCP,0,,,N,0708
US1TXAT0025,20200701,PRCP,0,,,N,0646
US1TXAT0025,20200702,PRCP,0,,,N,0700
US1TXAT0025,20200703,PRCP,0,,,N,0700
US1TXAT0025,20200704,PRCP,0,,,N,0700
US1TXAT0025,20200705,PRCP,0,,,N,0700
US1TXAT0025,20200706,PRCP,0,,,N,0700
US1TXAT0025,20200707,PRCP,0,,,N,0706
US1TXAT0025,20200708,PRCP,0,,,N,0636
US1TXAT0025,20200709,PRCP,0,,,N,0644
US1TXAT0025,20200710,PRCP,0,,,N,0559
US1TXAT0025,20200711,PRCP,0,,,N,0701
US1TXAT0025,20200712,PRCP,0,,,N,0640
US1TXAT0025,20200713,PRCP,0,,,N,0700
US1TXAT0025,20200714,PRCP,0,,,N,0700
US1TXAT0025,20200715,PRCP,0,,,N,0700
US1TXAT0025,20200716,PRCP,0,,,N,0658
US1TXAT0025,20200717,PRCP,0,,,N,0625
US1TXAT0025,20200719,PRCP,0,T,,N,0700
US1TXAT0025,20200721,PRCP,0,,,N,0700
US1TXAT0025,20200722,PRCP,0,,,N,0700
US1TXAT0025,20200723,PRCP,0,,,N,0641
US1TXAT0025,20200724,PRCP,0,T,,N,0634
US1TXAT0025,20200725,PRCP,0,,,N,0700
US1TXAT0025,20200726,PRCP,254,,,N,0656
US1TXAT0025,20200727,PRCP,94,,,N,0649
US1TXAT0025,20200728,PRCP,0,,,N,0644
US1TXAT0025,20200729,PRCP,0,,,N,0700
US1TXAT0025,20200730,PRCP,5,,,N,0652
US1TXAT0025,20200731,PRCP,0,,,N,0700
US1TXAT0025,20200801,PRCP,25,,,N,0700
US1TXAT0025,20200802,PRCP,0,,,N,0700
US1TXAT0025,20200803,PRCP,25,,,N,0700
US1TXAT0025,20200804,PRCP,38,,,N,0700
US1TXAT0025,20200805,PRCP,0,,,N,0700
US1TXAT0025,20200806,PRCP,0,,,N,0700
US1TXAT0025,20200807,PRCP,0,,,N,0700
US1TXAT0025,20200808,PRCP,0,,,N,0644
US1TXAT0025,20200809,PRCP,0,,,N,0752
US1TXAT0025,20200810,PRCP,0,,,N,0700
US1TXAT0025,20200811,PRCP,0,,,N,0700
US1TXAT0025,20200812,PRCP,0,,,N,0656
US1TXAT0025,20200813,PRCP,0,,,N,0656
US1TXAT0025,20200814,PRCP,0,,,N,0700
US1TXAT0025,20200815,PRCP,0,,,N,0700
US1TXAT0025,20200816,PRCP,0,,,N,0700
US1TXAT0025,20200817,PRCP,0,,,N,0700
US1TXAT0025,20200818,PRCP,0,,,N,0700
US1TXAT0025,20200819,PRCP,0,,,N,0700
US1TXAT0025,20200820,PRCP,0,,,N,0700
US1TXAT0025,20200821,PRCP,0,,,N,0700
US1TXAT0025,20200822,PRCP,0,,,N,0700
US1TXAT0025,20200824,PRCP,0,,,N,0700
US1TXAT0025,20200825,PRCP,0,,,N,0700
US1TXAT0025,20200826,PRCP,0,,,N,0700
US1TXAT0025,20200827,PRCP,0,,,N,0700
US1TXAT0025,20200828,PRCP,0,,,N,0700
US1TXAT0025,20200901,PRCP,0,,,N,0700
US1TXAT0025,20200902,PRCP,0,,,N,0700
US1TXAT0025,20200903,PRCP,0,,,N,0700
US1TXAT0025,20200904,PRCP,3,,,N,0700
US1TXAT0025,20200905,PRCP,213,,,N,0700
US1TXAT0025,20200906,PRCP,8,,,N,0700
US1TXAT0025,20200907,PRCP,0,T,,N,0700
US1TXAT0025,20200908,PRCP,0,T,,N,0700
US1TXAT0025,20200910,PRCP,1041,,,N,0700
US1TXAT0025,20200911,PRCP,0,,,N,0700
US1TXAT0025,20200912,PRCP,0,,,N,0700
US1TXAT0025,20200913,PRCP,0,,,N,0700
US1TXAT0025,20200914,PRCP,0,,,N,0700
US1TXAT0025,20200915,PRCP,0,,,N,0700
US1TXAT0025,20200916,PRCP,0,,,N,0700
US1TXAT0025,20200917,PRCP,81,,,N,0700
US1TXAT0025,20200918,PRCP,109,,,N,0700
US1TXAT0025,20200919,PRCP,0,,,N,0700
US1TXAT0025,20200920,PRCP,0,,,N,0700
US1TXAT0025,20200921,PRCP,8,,,N,0700
US1TXAT0025,20200922,PRCP,114,,,N,0700
US1TXAT0025,20200923,PRCP,0,,,N,0700
US1TXAT0025,20200924,PRCP,0,,,N,0700
US1TXAT0025,20200925,PRCP,0,,,N,0700
US1TXAT0025,20200926,PRCP,0,,,N,0700
US1TXAT0025,20200927,PRCP,0,,,N,0700
US1TXAT0025,20200928,PRCP,0,,,N,0700
US1TXAT0025,20200929,PRCP,0,,,N,0700
US1TXAT0025,20200930,PRCP,0,,,N,0700
US1TXAT0025,20201001,PRCP,0,,,N,0700
US1TXAT0025,20201002,PRCP,0,,,N,0700
US1TXAT0025,20201003,PRCP,0,,L,N,0700
US1TXAT0025,20201004,PRCP,0,,L,N,0700
US1TXAT0025,20201005,PRCP,0,,L,N,0700
US1TXAT0025,20201006,PRCP,0,,,N,0700
US1TXAT0025,20201007,PRCP,0,,,N,0700
US1TXAT0025,20201008,PRCP,0,,,N,0700
US1TXAT0025,20201009,PRCP,0,,,N,0700
US1TXAT0025,20201011,PRCP,0,,,N,0700
US1TXAT0025,20201012,PRCP,0,,,N,0700
US1TXAT0025,20201013,PRCP,0,,,N,0700
US1TXAT0025,20201014,PRCP,0,,,N,0700
US1TXAT0025,20201015,PRCP,0,,,N,0700
US1TXAT0025,20201016,PRCP,0,,,N,0700
US1TXAT0025,20201017,PRCP,10,,,N,0700
US1TXAT0025,20201019,PRCP,0,,,N,0700
US1TXAT0025,20201020,PRCP,0,,,N,0617
US1TXAT0025,20201021,PRCP,0,,,N,0700
US1TXAT0025,20201022,PRCP,0,,,N,0700
US1TXAT0025,20201023,PRCP,0,,,N,0620
US1TXAT0025,20201026,PRCP,0,,,N,0700
US1TXAT0025,20201027,PRCP,13,,,N,0700
US1TXAT0025,20201028,PRCP,30,,,N,0700
US1TXAT0025,20201029,PRCP,0,,,N,0700
US1TXAT0025,20201030,PRCP,0,,,N,0700
US1TXAT0025,20201031,PRCP,0,,,N,0654
US1TXAT0025,20201005,DAPR,3,,L,N,0700
US1TXAT0025,20201005,MDPR,0,,L,N,0700
US1TXAT0025,20201101,PRCP,0,,,N,0700
US1TXAT0025,20201102,PRCP,0,,,N,0700
US1TXAT0025,20201103,PRCP,0,,,N,0641
US1TXAT0025,20201104,PRCP,0,,,N,0654
US1TXAT0025,20201105,PRCP,0,,,N,0636
US1TXAT0025,20201106,PRCP,0,,,N,0602
US1TXAT0025,20201107,PRCP,0,,,N,0628
US1TXAT0025,20201108,PRCP,0,,,N,0700
US1TXAT0025,20201109,PRCP,0,,,N,0647
US1TXAT0025,20201110,PRCP,0,,,N,0623
US1TXAT0025,20201111,PRCP,0,T,,N,0638
US1TXAT0025,20201112,PRCP,0,,,N,0700
US1TXAT0025,20201113,PRCP,0,,,N,0544
US1TXAT0025,20201114,PRCP,0,,,N,0655
US1TXAT0025,20201115,PRCP,0,,,N,0700
US1TXAT0025,20201116,PRCP,0,,,N,0700
US1TXAT0025,20201117,PRCP,0,,,N,0700
US1TXAT0025,20201118,PRCP,0,,,N,0653
US1TXAT0025,20201119,PRCP,0,,,N,0700
US1TXAT0025,20201120,PRCP,0,,,N,0616
US1TXAT0025,20201121,PRCP,0,,,N,0712
US1TXAT0025,20201122,PRCP,0,,,N,0700
US1TXAT0025,20201123,PRCP,0,,,N,0700
US1TXAT0025,20201124,PRCP,0,,,N,0700
US1TXAT0025,20201125,PRCP,0,T,,N,0700
US1TXAT0025,20201126,PRCP,0,,,N,0700
US1TXAT0025,20201127,PRCP,0,,,N,0700
US1TXAT0025,20201128,PRCP,305,,,N,0746
US1TXAT0025,20201129,PRCP,759,,,N,0700
US1TXAT0025,20201130,PRCP,0,,,N,0700
US1TXAT0025,20201201,PRCP,0,,,N,0656
US1TXAT0025,20201202,PRCP,0,,,N,0652
US1TXAT0025,20201203,PRCP,0,,,N,0655
US1TXAT0025,20201204,PRCP,0,,,N,0617
US1TXAT0025,20201205,PRCP,25,,,N,0700
US1TXAT0025,20201206,PRCP,13,,,N,0700
US1TXAT0025,20201207,PRCP,0,,,N,0700
US1TXAT0025,20201208,PRCP,0,,,N,0618
US1TXAT0025,20201209,PRCP,0,,,N,0700
US1TXAT0025,20201210,PRCP,0,,,N,0700
US1TXAT0025,20201211,PRCP,0,,,N,0700
US1TXAT0025,20201212,PRCP,0,,,N,0700
US1TXAT0025,20201213,PRCP,0,,,N,0700
US1TXAT0025,20201214,PRCP,0,,,N,0700
US1TXAT0025,20201215,PRCP,0,,,N,0632
US1TXAT0025,20201216,PRCP,0,,,N,0725
US1TXAT0025,20201217,PRCP,0,,,N,0700
US1TXAT0025,20201218,PRCP,0,,,N,0656
US1TXAT0025,20201219,PRCP,0,,,N,0700
US1TXAT0025,20201220,PRCP,0,,,N,0700
US1TXAT0025,20201221,PRCP,0,,,N,0700
US1TXAT0025,20201222,PRCP,0,,,N,0634
US1TXAT0025,20201223,PRCP,0,,,N,0700
US1TXAT0025,20201224,PRCP,0,,,N,0700
US1TXAT0025,20201225,PRCP,0,,,N,0700
US1TXAT0025,20201226,PRCP,0,,,N,0700
US1TXAT0025,20201227,PRCP,0,,,N,0700
US1TXAT0025,20201228,PRCP,0,,,N,0700
US1TXAT0025,20201229,PRCP,0,,,N,0700
US1TXAT0025,20201230,PRCP,0,,,N,0700
US1TXAT0025,20201231,PRCP,114,,,N,0700
US1TXAT0025,20210101,PRCP,160,,,N,0700
US1TXAT0025,20210102,PRCP,0,,,N,0700
US1TXAT0025,20210103,PRCP,0,,,N,0700
US1TXAT0025,20210104,PRCP,0,,,N,0700
US1TXAT0025,20210105,PRCP,0,,,N,0700
US1TXAT0025,20210106,PRCP,0,,,N,0700
US1TXAT0025,20210107,PRCP,8,,,N,0523
US1TXAT0025,20210108,PRCP,0,,,N,0700
US1TXAT0025,20210109,PRCP,0,,,N,0700
US1TXAT0025,20210110,PRCP,74,,,N,0700
US1TXAT0025,20210111,PRCP,130,,,N,0700
US1TXAT0025,20210112,PRCP,0,,,N,0700
US1TXAT0025,20210113,PRCP,3,,,N,0700
US1TXAT0025,20210114,PRCP,0,,,N,0700
US1TXAT0025,20210115,PRCP,0,,,N,0700
US1TXAT0025,20210116,PRCP,0,,,N,0700
US1TXAT0025,20210117,PRCP,0,,,N,0700
US1TXAT0025,20210118,PRCP,0,,,N,0700
US1TXAT0025,20210119,PRCP,0,,,N,0700
US1TXAT0025,20210120,PRCP,0,T,,N,0700
US1TXAT0025,20210121,PRCP,13,,,N,0700
US1TXAT0025,20210122,PRCP,15,,,N,0700
US1TXAT0025,20210123,PRCP,5,,,N,0700
US1TXAT0025,20210124,PRCP,5,,,N,0700
US1TXAT0025,20210125,PRCP,10,,,N,0700
US1TXAT0025,20210126,PRCP,0,,,N,0700
US1TXAT0025,20210127,PRCP,0,,,N,0700
US1TXAT0025,20210128,PRCP,0,,,N,0700
US1TXAT0025,20210129,PRCP,0,,,N,0628
US1TXAT0025,20210130,PRCP,0,,,N,0700
US1TXAT0025,20210131,PRCP,0,,,N,0700
US1TXAT0025,20210126,SNOW,0,,,N,0700
US1TXAT0025,20210127,SNOW,0,,,N,0700
US1TXAT0025,20210128,SNOW,0,,,N,0700
US1TXAT0025,20210129,SNOW,0,,,N,0628
US1TXAT0025,20210130,SNOW,0,,,N,0700
US1TXAT0025,20210131,SNOW,0,,,N,0700
US1TXAT0025,20210201,PRCP,0,,,N,0700
US1TXAT0025,20210202,PRCP,0,,,N,0700
US1TXAT0025,20210203,PRCP,0,,,N,0700
US1TXAT0025,20210204,PRCP,0,,,N,0558
US1TXAT0025,20210205,PRCP,0,,,N,0625
US1TXAT0025,20210206,PRCP,0,,,N,0700
US1TXAT0025,20210207,PRCP,0,,,N,0700
US1TXAT0025,20210208,PRCP,0,,,N,0700
US1TXAT0025,20210209,PRCP,0,,,N,0700
US1TXAT0025,20210210,PRCP,0,,,N,0700
US1TXAT0025,20210211,PRCP,0,T,,N,0700
US1TXAT0025,20210212,PRCP,371,,,N,0606
US1TXAT0025,20210213,PRCP,0,,,N,0700
US1TXAT0025,20210214,PRCP,5,,,N,0700
US1TXAT0025,20210215,PRCP,127,,,N,0700
US1TXAT0025,20210216,PRCP,0,,,N,0700
US1TXAT0025,20210217,PRCP,51,,,N,0700
US1TXAT0025,20210218,PRCP,0,,,N,0700
US1TXAT0025,20210219,PRCP,0,,,N,0700
US1TXAT0025,20210220,PRCP,0,,,N,0700
US1TXAT0025,20210221,PRCP,0,,,N,0700
US1TXAT0025,20210222,PRCP,0,,,N,0700
US1TXAT0025,20210223,PRCP,0,,,N,0700
US1TXAT0025,20210224,PRCP,0,,,N,0700
US1TXAT0025,20210225,PRCP,0,,,N,0700
US1TXAT0025,20210226,PRCP,0,,,N,0700
US1TXAT0025,20210227,PRCP,0,,,N,0700
US1TXAT0025,20210228,PRCP,0,,,N,0700
US1TXAT0025,20210201,SNOW,0,,,N,0700
US1TXAT0025,20210202,SNOW,0,,,N,0700
US1TXAT0025,20210203,SNOW,0,,,N,0700
US1TXAT0025,20210204,SNOW,0,,,N,0558
US1TXAT0025,20210205,SNOW,0,,,N,0625
US1TXAT0025,20210206,SNOW,0,,,N,0700
US1TXAT0025,20210207,SNOW,0,,,N,0700
US1TXAT0025,20210208,SNOW,0,,,N,0700
US1TXAT0025,20210209,SNOW,0,,,N,0700
US1TXAT0025,20210210,SNOW,0,,,N,0700
US1TXAT0025,20210213,SNOW,0,,,N,0700
US1TXAT0025,20210215,SNOW,76,,,N,0700
US1TXAT0025,20210216,SNOW,0,,,N,0700
US1TXAT0025,20210218,SNOW,0,,,N,0700
US1TXAT0025,20210219,SNOW,0,,,N,0700
US1TXAT0025,20210220,SNOW,0,,,N,0700
US1TXAT0025,20210221,SNOW,0,,,N,0700
US1TXAT0025,20210222,SNOW,0,,,N,0700
US1TXAT0025,20210223,SNOW,0,,,N,0700
US1TXAT0025,20210224,SNOW,0,,,N,0700
US1TXAT0025,20210225,SNOW,0,,,N,0700
US1TXAT0025,20210226,SNOW,0,,,N,0700
US1TXAT0025,20210227,SNOW,0,,,N,0700
US1TXAT0025,20210228,SNOW,0,,,N,0700
US1TXAT0025,20210215,WESF,127,,,N,0700
US1TXAT0025,20210301,PRCP,0,,,N,0700
US1TXAT0025,20210302,PRCP,0,T,,N,0700
US1TXAT0025,20210303,PRCP,0,,,N,0700
US1TXAT0025,20210305,PRCP,0,,,N,0700
US1TXAT0025,20210306,PRCP,0,,,N,0700
US1TXAT0025,20210307,PRCP,0,,,N,0700
US1TXAT0025,20210308,PRCP,0,,,N,0700
US1TXAT0025,20210309,PRCP,0,,,N,0700
US1TXAT0025,20210310,PRCP,0,,,N,0700
US1TXAT0025,20210311,PRCP,0,,,N,0700
US1TXAT0025,20210312,PRCP,0,,,N,0700
US1TXAT0025,20210313,PRCP,0,,,N,0700
US1TXAT0025,20210314,PRCP,20,,,N,0700
US1TXAT0025,20210315,PRCP,0,,,N,0700
US1TXAT0025,20210316,PRCP,0,,,N,0700
US1TXAT0025,20210317,PRCP,0,,,N,0700
US1TXAT0025,20210318,PRCP,0,,,N,0700
US1TXAT0025,20210319,PRCP,0,,,N,0700
US1TXAT0025,20210320,PRCP,0,,,N,0700
US1TXAT0025,20210321,PRCP,0,,,N,0700
US1TXAT0025,20210322,PRCP,0,,,N,0700
US1TXAT0025,20210323,PRCP,0,,,N,0700
US1TXAT0025,20210324,PRCP,0,,,N,0700
US1TXAT0025,20210325,PRCP,0,,,N,0700
US1TXAT0025,20210326,PRCP,0,,,N,0700
US1TXAT0025,20210327,PRCP,0,,,N,0700
US1TXAT0025,20210328,PRCP,53,,,N,0700
US1TXAT0025,20210329,PRCP,30,,,N,0700
US1TXAT0025,20210331,PRCP,0,,,N,0700
US1TXAT0025,20210301,SNOW,0,,,N,0700
US1TXAT0025,20210303,SNOW,0,,,N,0700
US1TXAT0025,20210305,SNOW,0,,,N,0700
US1TXAT0025,20210306,SNOW,0,,,N,0700
US1TXAT0025,20210307,SNOW,0,,,N,0700
US1TXAT0025,20210308,SNOW,0,,,N,0700
US1TXAT0025,20210309,SNOW,0,,,N,0700
US1TXAT0025,20210310,SNOW,0,,,N,0700
US1TXAT0025,20210311,SNOW,0,,,N,0700
US1TXAT0025,20210312,SNOW,0,,,N,0700
US1TXAT0025,20210313,SNOW,0,,,N,0700
US1TXAT0025,20210315,SNOW,0,,,N,0700
US1TXAT0025,20210316,SNOW,0,,,N,0700
US1TXAT0025,20210317,SNOW,0,,,N,0700
US1TXAT0025,20210318,SNOW,0,,,N,0700
US1TXAT0025,20210319,SNOW,0,,,N,0700
US1TXAT0025,20210320,SNOW,0,,,N,0700
US1TXAT0025,20210321,SNOW,0,,,N,0700
US1TXAT0025,20210322,SNOW,0,,,N,0700
US1TXAT0025,20210323,SNOW,0,,,N,0700
US1TXAT0025,20210324,SNOW,0,,,N,0700
US1TXAT0025,20210325,SNOW,0,,,N,0700
US1TXAT0025,20210326,SNOW,0,,,N,0700
US1TXAT0025,20210327,SNOW,0,,,N,0700
US1TXAT0025,20210331,SNOW,0,,,N,0700
US1TXAT0025,20210401,PRCP,0,,,N,0700
US1TXAT0025,20210402,PRCP,0,,,N,0700
US1TXAT0025,20210403,PRCP,0,,,N,0700
US1TXAT0025,20210404,PRCP,0,,,N,0700
US1TXAT0025,20210405,PRCP,0,,,N,0700
US1TXAT0025,20210406,PRCP,0,,,N,0550
US1TXAT0025,20210407,PRCP,0,,,N,0550
US1TXAT0025,20210408,PRCP,0,,,N,0700
US1TXAT0025,20210409,PRCP,0,,,N,0700
US1TXAT0025,20210410,PRCP,0,,,N,0700
US1TXAT0025,20210411,PRCP,0,,,N,0700
US1TXAT0025,20210412,PRCP,0,,,N,0700
US1TXAT0025,20210413,PRCP,0,,,N,0700
US1TXAT0025,20210414,PRCP,0,,,N,0700
US1TXAT0025,20210415,PRCP,0,,,N,0700
US1TXAT0025,20210416,PRCP,0,,,N,0700
US1TXAT0025,20210417,PRCP,0,,,N,0700
US1TXAT0025,20210418,PRCP,0,,,N,0700
US1TXAT0025,20210419,PRCP,0,,,N,0634
US1TXAT0025,20210420,PRCP,0,,,N,0647
US1TXAT0025,20210421,PRCP,0,,,N,0556
US1TXAT0025,20210422,PRCP,0,,,N,0700
US1TXAT0025,20210423,PRCP,0,T,,N,0644
US1TXAT0025,20210424,PRCP,102,,,N,0655
US1TXAT0025,20210425,PRCP,0,,,N,0700
US1TXAT0025,20210426,PRCP,0,,,N,0640
US1TXAT0025,20210427,PRCP,0,,,N,0700
US1TXAT0025,20210428,PRCP,0,,,N,0700
US1TXAT0025,20210429,PRCP,86,,,N,0700
US1TXAT0025,20210430,PRCP,0,,,N,0700
US1TXAT0025,20210401,SNOW,0,,,N,0700
US1TXAT0025,20210402,SNOW,0,,,N,0700
US1TXAT0025,20210403,SNOW,0,,,N,0700
US1TXAT0025,20210404,SNOW,0,,,N,0700
US1TXAT0025,20210405,SNOW,0,,,N,0700
US1TXAT0025,20210406,SNOW,0,,,N,0550
US1TXAT0025,20210407,SNOW,0,,,N,0550
US1TXAT0025,20210408,SNOW,0,,,N,0700
US1TXAT0025,20210409,SNOW,0,,,N,0700
US1TXAT0025,20210410,SNOW,0,,,N,0700
US1TXAT0025,20210411,SNOW,0,,,N,0700
US1TXAT0025,20210412,SNOW,0,,,N,0700
US1TXAT0025,20210413,SNOW,0,,,N,0700
US1TXAT0025,20210414,SNOW,0,,,N,0700
US1TXAT0025,20210415,SNOW,0,,,N,0700
US1TXAT0025,20210416,SNOW,0,,,N,0700
US1TXAT0025,20210417,SNOW,0,,,N,0700
US1TXAT0025,20210418,SNOW,0,,,N,0700
US1TXAT0025,20210419,SNOW,0,,,N,0634
US1TXAT0025,20210420,SNOW,0,,,N,0647
US1TXAT0025,20210421,SNOW,0,,,N,0556
US1TXAT0025,20210422,SNOW,0,,,N,0700
US1TXAT0025,20210425,SNOW,0,,,N,0700
US1TXAT0025,20210426,SNOW,0,,,N,0640
US1TXAT0025,20210427,SNOW,0,,,N,0700
US1TXAT0025,20210428,SNOW,0,,,N,0700
US1TXAT0025,20210430,SNOW,0,,,N,0700
US1TXAT0025,20210501,PRCP,526,,,N,0700
US1TXAT0025,20210502,PRCP,455,,,N,0700
US1TXAT0025,20210503,PRCP,0,,,N,0700
US1TXAT0025,20210504,PRCP,0,,,N,0640
US1TXAT0025,20210505,PRCP,0,,,N,0700
US1TXAT0025,20210506,PRCP,0,,,N,0646
US1TXAT0025,20210507,PRCP,0,,,N,0641
US1TXAT0025,20210508,PRCP,0,,,N,0641
US1TXAT0025,20210509,PRCP,0,,,N,0700
US1TXAT0025,20210511,PRCP,15,,,N,0707
US1TXAT0025,20210512,PRCP,97,,,N,0655
US1TXAT0025,20210513,PRCP,0,,,N,0634
US1TXAT0025,20210514,PRCP,0,,,N,0700
US1TXAT0025,20210515,PRCP,0,,,N,0700
US1TXAT0025,20210516,PRCP,127,,,N,0625
US1TXAT0025,20210517,PRCP,0,,,N,0617
US1TXAT0025,20210518,PRCP,0,,,N,0513
US1TXAT0025,20210519,PRCP,282,,,N,0700
US1TXAT0025,20210520,PRCP,8,,,N,0700
US1TXAT0025,20210521,PRCP,0,,,N,0700
US1TXAT0025,20210522,PRCP,5,,,N,0700
US1TXAT0025,20210523,PRCP,58,,,N,0700
US1TXAT0025,20210524,PRCP,58,,,N,0700
US1TXAT0025,20210525,PRCP,0,,,N,0655
US1TXAT0025,20210526,PRCP,0,,,N,0654
US1TXAT0025,20210527,PRCP,0,,,N,0700
US1TXAT0025,20210528,PRCP,0,,,N,0713
US1TXAT0025,20210529,PRCP,267,,,N,0700
US1TXAT0025,20210530,PRCP,64,,,N,0700
US1TXAT0025,20210531,PRCP,267,,,N,0700
US1TXAT0025,20210503,SNOW,0,,,N,0700
US1TXAT0025,20210504,SNOW,0,,,N,0640
US1TXAT0025,20210505,SNOW,0,,,N,0700
US1TXAT0025,20210506,SNOW,0,,,N,0646
US1TXAT0025,20210507,SNOW,0,,,N,0641
US1TXAT0025,20210508,SNOW,0,,,N,0641
US1TXAT0025,20210509,SNOW,0,,,N,0700
US1TXAT0025,20210513,SNOW,0,,,N,0634
US1TXAT0025,20210514,SNOW,0,,,N,0700
US1TXAT0025,20210515,SNOW,0,,,N,0700
US1TXAT0025,20210517,SNOW,0,,,N,0617
US1TXAT0025,20210518,SNOW,0,,,N,0513
US1TXAT0025,20210521,SNOW,0,,,N,0700
US1TXAT0025,20210525,SNOW,0,,,N,0655
US1TXAT0025,20210526,SNOW,0,,,N,0654
US1TXAT0025,20210527,SNOW,0,,,N,0700
US1TXAT0025,20210528,SNOW,0,,,N,0713
US1TXAT0025,20210601,PRCP,498,,,N,0700
US1TXAT0025,20210602,PRCP,0,,,N,0700
US1TXAT0025,20210603,PRCP,0,,,N,0700
US1TXAT0025,20210604,PRCP,917,,,N,0621
US1TXAT0025,20210605,PRCP,0,,,N,0700
US1TXAT0025,20210606,PRCP,0,T,,N,0700
US1TXAT0025,20210607,PRCP,0,,,N,0700
US1TXAT0025,20210608,PRCP,0,,,N,0700
US1TXAT0025,20210609,PRCP,0,,,N,0607
US1TXAT0025,20210610,PRCP,0,,,N,0602
US1TXAT0025,20210611,PRCP,0,,,N,0700
US1TXAT0025,20210612,PRCP,0,,,N,0700
US1TXAT0025,20210613,PRCP,0,,,N,0700
US1TXAT0025,20210614,PRCP,0,,,N,0543
US1TXAT0025,20210615,PRCP,0,,,N,0542
US1TXAT0025,20210616,PRCP,0,,,N,0616
US1TXAT0025,20210617,PRCP,0,,,N,0700
US1TXAT0025,20210618,PRCP,0,,,N,0700
US1TXAT0025,20210619,PRCP,0,,,N,0700
US1TXAT0025,20210620,PRCP,0,,,N,0646
US1TXAT0025,20210621,PRCP,0,,,N,0700
US1TXAT0025,20210622,PRCP,18,,,N,0700
US1TXAT0025,20210623,PRCP,97,,,N,0637
US1TXAT0025,20210624,PRCP,0,,,N,0700
US1TXAT0025,20210625,PRCP,0,,,N,0602
US1TXAT0025,20210626,PRCP,0,,,N,0708
US1TXAT0025,20210627,PRCP,0,,,N,0700
US1TXAT0025,20210628,PRCP,8,,,N,0700
US1TXAT0025,20210629,PRCP,170,,,N,0700
US1TXAT0025,20210630,PRCP,102,,,N,0700
US1TXAT0025,20210602,SNOW,0,,,N,0700
US1TXAT0025,20210603,SNOW,0,,,N,0700
US1TXAT0025,20210605,SNOW,0,,,N,0700
US1TXAT0025,20210607,SNOW,0,,,N,0700
US1TXAT0025,20210608,SNOW,0,,,N,0700
US1TXAT0025,20210609,SNOW,0,,,N,0607
US1TXAT0025,20210610,SNOW,0,,,N,0602
US1TXAT0025,20210611,SNOW,0,,,N,0700
US1TXAT0025,20210612,SNOW,0,,,N,0700
US1TXAT0025,20210613,SNOW,0,,,N,0700
US1TXAT0025,20210614,SNOW,0,,,N,0543
US1TXAT0025,20210615,SNOW,0,,,N,0542
US1TXAT0025,20210616,SNOW,0,,,N,0616
US1TXAT0025,20210617,SNOW,0,,,N,0700
US1TXAT0025,20210618,SNOW,0,,,N,0700
US1TXAT0025,20210619,SNOW,0,,,N,0700
US1TXAT0025,20210620,SNOW,0,,,N,0646
US1TXAT0025,20210621,SNOW,0,,,N,0700
US1TXAT0025,20210624,SNOW,0,,,N,0700
US1TXAT0025,20210625,SNOW,0,,,N,0602
US1TXAT0025,20210626,SNOW,0,,,N,0708
US1TXAT0025,20210627,SNOW,0,,,N,0700
US1TXAT0025,20210701,PRCP,236,,,N,0700
US1TXAT0025,20210702,PRCP,0,,,N,0645
US1TXAT0025,20210703,PRCP,0,,,N,0700
US1TXAT0025,20210704,PRCP,0,,,N,0700
US1TXAT0025,20210705,PRCP,8,,,N,0700
US1TXAT0025,20210706,PRCP,89,,,N,0700
US1TXAT0025,20210707,PRCP,3,,,N,0700
US1TXAT0025,20210708,PRCP,0,,,N,0700
US1TXAT0025,20210709,PRCP,300,,,N,0712
US1TXAT0025,20210710,PRCP,493,,,N,0700
US1TXAT0025,20210711,PRCP,64,,,N,0700
US1TXAT0025,20210713,PRCP,0,,,N,0700
US1TXAT0025,20210714,PRCP,0,,,N,0700
US1TXAT0025,20210715,PRCP,76,,,N,0608
US1TXAT0025,20210716,PRCP,0,,,N,0700
US1TXAT0025,20210717,PRCP,0,,,N,0700
US1TXAT0025,20210718,PRCP,0,,,N,0653
US1TXAT0025,20210719,PRCP,0,,,N,0653
US1TXAT0025,20210720,PRCP,0,,,N,0700
US1TXAT0025,20210721,PRCP,0,,,N,0700
US1TXAT0025,20210722,PRCP,13,,,N,0700
US1TXAT0025,20210723,PRCP,191,,,N,0700
US1TXAT0025,20210724,PRCP,0,,,N,0700
US1TXAT0025,20210725,PRCP,0,,,N,0700
US1TXAT0025,20210726,PRCP,0,,,N,0700
US1TXAT0025,20210728,PRCP,0,,,N,0444
US1TXAT0025,20210729,PRCP,0,,,N,0636
US1TXAT0025,20210730,PRCP,0,,,N,0636
US1TXAT0025,20210731,PRCP,0,,,N,0700
US1TXAT0025,20210702,SNOW,0,,,N,0645
US1TXAT0025,20210703,SNOW,0,,,N,0700
US1TXAT0025,20210704,SNOW,0,,,N,0700
US1TXAT0025,20210708,SNOW,0,,,N,0700
US1TXAT0025,20210713,SNOW,0,,,N,0700
US1TXAT0025,20210714,SNOW,0,,,N,0700
US1TXAT0025,20210716,SNOW,0,,,N,0700
US1TXAT0025,20210717,SNOW,0,,,N,0700
US1TXAT0025,20210718,SNOW,0,,,N,0653
US1TXAT0025,20210719,SNOW,0,,,N,0653
US1TXAT0025,20210720,SNOW,0,,,N,0700
US1TXAT0025,20210721,SNOW,0,,,N,0700
US1TXAT0025,20210724,SNOW,0,,,N,0700
US1TXAT0025,20210725,SNOW,0,,,N,0700
US1TXAT0025,20210726,SNOW,0,,,N,0700
US1TXAT0025,20210728,SNOW,0,,,N,0444
US1TXAT0025,20210729,SNOW,0,,,N,0636
US1TXAT0025,20210730,SNOW,0,,,N,0636
US1TXAT0025,20210731,SNOW,0,,,N,0700
US1TXAT0025,20210801,PRCP,0,,,N,0700
US1TXAT0025,20210802,PRCP,0,,,N,0656
US1TXAT0025,20210803,PRCP,33,,,N,0657
US1TXAT0025,20210804,PRCP,8,,,N,0700
US1TXAT0025,20210805,PRCP,0,,,N,0649
US1TXAT0025,20210806,PRCP,36,,,N,0700
US1TXAT0025,20210807,PRCP,79,,,N,0700
US1TXAT0025,20210811,PRCP,0,,,N,0700
US1TXAT0025,20210812,PRCP,0,,,N,0700
US1TXAT0025,20210813,PRCP,0,,,N,0700
US1TXAT0025,20210814,PRCP,0,,,N,0700
US1TXAT0025,20210815,PRCP,0,,,N,0700
US1TXAT0025,20210816,PRCP,0,,,N,0700
US1TXAT0025,20210817,PRCP,0,,,N,0700
US1TXAT0025,20210818,PRCP,0,,,N,0700
US1TXAT0025,20210819,PRCP,0,,,N,0700
US1TXAT0025,20210820,PRCP,0,,,N,0700
US1TXAT0025,20210821,PRCP,0,,,N,0700
US1TXAT0025,20210822,PRCP,0,,,N,0700
US1TXAT0025,20210823,PRCP,0,,,N,0700
US1TXAT0025,20210824,PRCP,0,,,N,0642
US1TXAT0025,20210825,PRCP,0,,,N,0723
US1TXAT0025,20210826,PRCP,0,,,N,0816
US1TXAT0025,20210827,PRCP,3,,,N,0700
US1TXAT0025,20210828,PRCP,0,,,N,0700
US1TXAT0025,20210829,PRCP,0,,,N,0700
US1TXAT0025,20210830,PRCP,0,,,N,0700
US1TXAT0025,20210831,PRCP,0,,,N,0700
US1TXAT0025,20210801,SNOW,0,,,N,0700
US1TXAT0025,20210802,SNOW,0,,,N,0656
US1TXAT0025,20210805,SNOW,0,,,N,0649
US1TXAT0025,20210811,SNOW,0,,,N,0700
US1TXAT0025,20210812,SNOW,0,,,N,0700
US1TXAT0025,20210813,SNOW,0,,,N,0700
US1TXAT0025,20210814,SNOW,0,,,N,0700
US1TXAT0025,20210815,SNOW,0,,,N,0700
US1TXAT0025,20210816,SNOW,0,,,N,0700
US1TXAT0025,20210817,SNOW,0,,,N,0700
US1TXAT0025,20210818,SNOW,0,,,N,0700
US1TXAT0025,20210819,SNOW,0,,,N,0700
US1TXAT0025,20210820,SNOW,0,,,N,0700
US1TXAT0025,20210821,SNOW,0,,,N,0700
US1TXAT0025,20210822,SNOW,0,,,N,0700
US1TXAT0025,20210823,SNOW,0,,,N,0700
US1TXAT0025,20210824,SNOW,0,,,N,0642
US1TXAT0025,20210825,SNOW,0,,,N,0723
US1TXAT0025,20210826,SNOW,0,,,N,0816
US1TXAT0025,20210828,SNOW,0,,,N,0700
US1TXAT0025,20210829,SNOW,0,,,N,0700
US1TXAT0025,20210830,SNOW,0,,,N,0700
US1TXAT0025,20210831,SNOW,0,,,N,0700
US1TXAT0025,20210810,SNWD,0,,,N,0700
US1TXAT0025,20210810,DAPR,3,,,N,0700
US1TXAT0025,20210810,MDPR,0,,,N,0700
US1TXAT0025,20210901,PRCP,0,,,N,0700
US1TXAT0025,20210902,PRCP,0,,,N,0700
US1TXAT0025,20210903,PRCP,0,,,N,0626
US1TXAT0025,20210904,PRCP,0,,,N,0700
US1TXAT0025,20210905,PRCP,0,,,N,0700
US1TXAT0025,20210906,PRCP,0,,,N,0700
US1TXAT0025,20210907,PRCP,8,,,N,0700
US1TXAT0025,20210908,PRCP,0,,,N,0700
US1TXAT0025,20210909,PRCP,0,,,N,0700
US1TXAT0025,20210910,PRCP,0,,,N,0700
US1TXAT0025,20210911,PRCP,0,,,N,0700
US1TXAT0025,20210912,PRCP,0,,,N,0700
US1TXAT0025,20210913,PRCP,0,T,,N,0700
US1TXAT0025,20210914,PRCP,8,,,N,0700
US1TXAT0025,20210915,PRCP,0,,,N,0700
US1TXAT0025,20210916,PRCP,0,,,N,0700
US1TXAT0025,20210917,PRCP,0,,,N,0700
US1TXAT0025,20210918,PRCP,0,,,N,0700
US1TXAT0025,20210919,PRCP,0,,,N,0700
US1TXAT0025,20210920,PRCP,0,,,N,0700
US1TXAT0025,20210921,PRCP,0,,,N,0501
US1TXAT0025,20210922,PRCP,0,,,N,0523
US1TXAT0025,20210923,PRCP,0,,,N,0700
US1TXAT0025,20210924,PRCP,0,,,N,0700
US1TXAT0025,20210925,PRCP,0,,,N,0700
US1TXAT0025,20210926,PRCP,0,,,N,0700
US1TXAT0025,20210927,PRCP,0,,,N,0636
US1TXAT0025,20210928,PRCP,0,,,N,0640
US1TXAT0025,20210929,PRCP,25,,,N,0701
US1TXAT0025,20210930,PRCP,165,,,N,0655
US1TXAT0025,20210901,SNOW,0,,,N,0700
US1TXAT0025,20210902,SNOW,0,,,N,0700
US1TXAT0025,20210903,SNOW,0,,,N,0626
US1TXAT0025,20210904,SNOW,0,,,N,0700
US1TXAT0025,20210905,SNOW,0,,,N,0700
US1TXAT0025,20210906,SNOW,0,,,N,0700
US1TXAT0025,20210908,SNOW,0,,,N,0700
US1TXAT0025,20210909,SNOW,0,,,N,0700
US1TXAT0025,20210910,SNOW,0,,,N,0700
US1TXAT0025,20210911,SNOW,0,,,N,0700
US1TXAT0025,20210912,SNOW,0,,,N,0700
US1TXAT0025,20210915,SNOW,0,,,N,0700
US1TXAT0025,20210916,SNOW,0,,,N,0700
US1TXAT0025,20210917,SNOW,0,,,N,0700
US1TXAT0025,20210918,SNOW,0,,,N,0700
US1TXAT0025,20210919,SNOW,0,,,N,0700
US1TXAT0025,20210920,SNOW,0,,,N,0700
US1TXAT0025,20210921,SNOW,0,,,N,0501
US1TXAT0025,20210922,SNOW,0,,,N,0523
US1TXAT0025,20210923,SNOW,0,,,N,0700
US1TXAT0025,20210924,SNOW,0,,,N,0700
US1TXAT0025,20210925,SNOW,0,,,N,0700
US1TXAT0025,20210926,SNOW,0,,,N,0700
US1TXAT0025,20210927,SNOW,0,,,N,0636
US1TXAT0025,20210928,SNOW,0,,,N,0640
US1TXAT0025,20211001,PRCP,889,,,N,0719
US1TXAT0025,20211002,PRCP,0,,,N,0700
US1TXAT0025,20211003,PRCP,0,,,N,0700
US1TXAT0025,20211004,PRCP,0,,,N,0700
US1TXAT0025,20211005,PRCP,0,,,N,0653
US1TXAT0025,20211006,PRCP,0,,,N,0609
US1TXAT0025,20211007,PRCP,0,,,N,0700
US1TXAT0025,20211008,PRCP,0,,,N,0700
US1TXAT0025,20211009,PRCP,0,,,N,0700
US1TXAT0025,20211010,PRCP,0,,,N,0700
US1TXAT0025,20211011,PRCP,0,,,N,0700
US1TXAT0025,20211012,PRCP,0,T,,N,0700
US1TXAT0025,20211013,PRCP,64,,,N,0700
US1TXAT0025,20211014,PRCP,381,,,N,0710
US1TXAT0025,20211015,PRCP,0,,,N,0700
US1TXAT0025,20211016,PRCP,0,,,N,0700
US1TXAT0025,20211017,PRCP,0,,,N,0700
US1TXAT0025,20211018,PRCP,0,,,N,0658
US1TXAT0025,20211019,PRCP,0,,,N,0711
US1TXAT0025,20211020,PRCP,0,,,N,0700
US1TXAT0025,20211021,PRCP,0,,,N,0715
US1TXAT0025,20211022,PRCP,0,,,N,0604
US1TXAT0025,20211023,PRCP,0,,,N,0700
US1TXAT0025,20211024,PRCP,0,,,N,0700
US1TXAT0025,20211025,PRCP,0,,,N,0700
US1TXAT0025,20211026,PRCP,0,,,N,0613
US1TXAT0025,20211027,PRCP,51,,,N,0700
US1TXAT0025,20211028,PRCP,0,,,N,0700
US1TXAT0025,20211029,PRCP,0,,,N,0700
US1TXAT0025,20211030,PRCP,0,,,N,0645
US1TXAT0025,20211031,PRCP,0,,,N,0620
US1TXAT0025,20211002,SNOW,0,,,N,0700
US1TXAT0025,20211003,SNOW,0,,,N,0700
US1TXAT0025,20211004,SNOW,0,,,N,0700
US1TXAT0025,20211005,SNOW,0,,,N,0653
US1TXAT0025,20211006,SNOW,0,,,N,0609
US1TXAT0025,20211007,SNOW,0,,,N,0700
US1TXAT0025,20211008,SNOW,0,,,N,0700
US1TXAT0025,20211009,SNOW,0,,,N,0700
US1TXAT0025,20211010,SNOW,0,,,N,0700
US1TXAT0025,20211011,SNOW,0,,,N,0700
US1TXAT0025,20211015,SNOW,0,,,N,0700
US1TXAT0025,20211016,SNOW,0,,,N,0700
US1TXAT0025,20211017,SNOW,0,,,N,0700
US1TXAT0025,20211018,SNOW,0,,,N,0658
US1TXAT0025,20211019,SNOW,0,,,N,0711
US1TXAT0025,20211020,SNOW,0,,,N,0700
US1TXAT0025,20211021,SNOW,0,,,N,0715
US1TXAT0025,20211022,SNOW,0,,,N,0604
US1TXAT0025,20211023,SNOW,0,,,N,0700
US1TXAT0025,20211024,SNOW,0,,,N,0700
US1TXAT0025,20211025,SNOW,0,,,N,0700
US1TXAT0025,20211026,SNOW,0,,,N,0613
US1TXAT0025,20211028,SNOW,0,,,N,0700
US1TXAT0025,20211029,SNOW,0,,,N,0700
US1TXAT0025,20211030,SNOW,0,,,N,0645
US1TXAT0025,20211031,SNOW,0,,,N,0620
US1TXAT0025,20211101,PRCP,0,,,N,0606
US1TXAT0025,20211102,PRCP,0,,,N,0650
US1TXAT0025,20211103,PRCP,0,,,N,0643
US1TXAT0025,20211104,PRCP,259,,,N,0628
US1TXAT0025,20211105,PRCP,0,,,N,0538
US1TXAT0025,20211106,PRCP,0,,,N,0700
US1TXAT0025,20211107,PRCP,0,,,N,0650
US1TXAT0025,20211108,PRCP,0,,,N,0700
US1TXAT0025,20211109,PRCP,0,,,N,0700
US1TXAT0025,20211110,PRCP,0,,,N,0544
US1TXAT0025,20211111,PRCP,0,,,N,0612
US1TXAT0025,20211112,PRCP,0,,,N,0622
US1TXAT0025,20211113,PRCP,0,,,N,0558
US1TXAT0025,20211114,PRCP,0,,,N,0558
US1TXAT0025,20211115,PRCP,0,,,N,0547
US1TXAT0025,20211116,PRCP,0,,,N,0700
US1TXAT0025,20211117,PRCP,0,,,N,0533
US1TXAT0025,20211118,PRCP,0,,,N,0624
US1TXAT0025,20211119,PRCP,0,,,N,0700
US1TXAT0025,20211120,PRCP,0,,,N,0700
US1TXAT0025,20211121,PRCP,0,,,N,0700
US1TXAT0025,20211122,PRCP,0,,,N,0629
US1TXAT0025,20211123,PRCP,0,,,N,0700
US1TXAT0025,20211124,PRCP,0,,,N,0613
US1TXAT0025,20211125,PRCP,0,,,N,0700
US1TXAT0025,20211126,PRCP,3,,,N,0548
US1TXAT0025,20211127,PRCP,76,,,N,0524
US1TXAT0025,20211128,PRCP,71,,,N,0700
US1TXAT0025,20211129,PRCP,0,,,N,0548
US1TXAT0025,20211130,PRCP,0,,,N,0558
US1TXAT0025,20211101,SNOW,0,,,N,0606
US1TXAT0025,20211102,SNOW,0,,,N,0650
US1TXAT0025,20211103,SNOW,0,,,N,0643
US1TXAT0025,20211105,SNOW,0,,,N,0538
US1TXAT0025,20211106,SNOW,0,,,N,0700
US1TXAT0025,20211107,SNOW,0,,,N,0650
US1TXAT0025,20211108,SNOW,0,,,N,0700
US1TXAT0025,20211109,SNOW,0,,,N,0700
US1TXAT0025,20211110,SNOW,0,,,N,0544
US1TXAT0025,20211111,SNOW,0,,,N,0612
US1TXAT0025,20211112,SNOW,0,,,N,0622
US1TXAT0025,20211113,SNOW,0,,,N,0558
US1TXAT0025,20211114,SNOW,0,,,N,0558
US1TXAT0025,20211115,SNOW,0,,,N,0547
US1TXAT0025,20211116,SNOW,0,,,N,0700
US1TXAT0025,20211117,SNOW,0,,,N,0533
US1TXAT0025,20211118,SNOW,0,,,N,0624
US1TXAT0025,20211119,SNOW,0,,,N,0700
US1TXAT0025,20211120,SNOW,0,,,N,0700
US1TXAT0025,20211121,SNOW,0,,,N,0700
US1TXAT0025,20211122,SNOW,0,,,N,0629
US1TXAT0025,20211123,SNOW,0,,,N,0700
US1TXAT0025,20211124,SNOW,0,,,N,0613
US1TXAT0025,20211125,SNOW,0,,,N,0700
US1TXAT0025,20211129,SNOW,0,,,N,0548
US1TXAT0025,20211130,SNOW,0,,,N,0558
US1TXAT0025,20211201,PRCP,0,,,N,0700
US1TXAT0025,20211202,PRCP,0,,,N,0625
US1TXAT0025,20211203,PRCP,0,,,N,0700
US1TXAT0025,20211204,PRCP,0,,,N,0700
US1TXAT0025,20211205,PRCP,0,,,N,0700
US1TXAT0025,20211206,PRCP,0,T,,N,0700
US1TXAT0025,20211207,PRCP,0,,,N,0518
US1TXAT0025,20211208,PRCP,0,,,N,0528
US1TXAT0025,20211209,PRCP,0,,,N,0632
US1TXAT0025,20211210,PRCP,0,,,N,0629
US1TXAT0025,20211211,PRCP,0,,,N,0700
US1TXAT0025,20211212,PRCP,0,,,N,0715
US1TXAT0025,20211213,PRCP,0,,,N,0700
US1TXAT0025,20211214,PRCP,0,,,N,0604
US1TXAT0025,20211215,PRCP,0,,,N,0700
US1TXAT0025,20211216,PRCP,0,,,N,0615
US1TXAT0025,20211217,PRCP,0,,,N,0648
US1TXAT0025,20211218,PRCP,0,,,N,0700
US1TXAT0025,20211219,PRCP,86,,,N,0700
US1TXAT0025,20211220,PRCP,36,,,N,0649
US1TXAT0025,20211221,PRCP,0,,,N,0531
US1TXAT0025,20211222,PRCP,0,,,N,0639
US1TXAT0025,20211223,PRCP,0,,,N,0634
US1TXAT0025,20211224,PRCP,0,,,N,0623
US1TXAT0025,20211225,PRCP,0,,,N,0846
US1TXAT0025,20211226,PRCP,0,,,N,0700
US1TXAT0025,20211227,PRCP,0,,,N,0644
US1TXAT0025,20211228,PRCP,0,,,N,0528
US1TXAT0025,20211229,PRCP,0,,,N,0648
US1TXAT0025,20211230,PRCP,0,,,N,0645
US1TXAT0025,20211231,PRCP,0,,,N,0837
US1TXAT0025,20211201,SNOW,0,,,N,0700
US1TXAT0025,20211202,SNOW,0,,,N,0625
US1TXAT0025,20211203,SNOW,0,,,N,0700
US1TXAT0025,20211204,SNOW,0,,,N,0700
US1TXAT0025,20211205,SNOW,0,,,N,0700
US1TXAT0025,20211207,SNOW,0,,,N,0518
US1TXAT0025,20211208,SNOW,0,,,N,0528
US1TXAT0025,20211209,SNOW,0,,,N,0632
US1TXAT0025,20211210,SNOW,0,,,N,0629
US1TXAT0025,20211211,SNOW,0,,,N,0700
US1TXAT0025,20211212,SNOW,0,,,N,0715
US1TXAT0025,20211213,SNOW,0,,,N,0700
US1TXAT0025,20211214,SNOW,0,,,N,0604
US1TXAT0025,20211215,SNOW,0,,,N,0700
US1TXAT0025,20211216,SNOW,0,,,N,0615
US1TXAT0025,20211217,SNOW,0,,,N,0648
US1TXAT0025,20211218,SNOW,0,,,N,0700
US1TXAT0025,20211221,SNOW,0,,,N,0531
US1TXAT0025,20211222,SNOW,0,,,N,0639
US1TXAT0025,20211223,SNOW,0,,,N,0634
US1TXAT0025,20211224,SNOW,0,,,N,0623
US1TXAT0025,20211225,SNOW,0,,,N,0846
US1TXAT0025,20211226,SNOW,0,,,N,0700
US1TXAT0025,20211227,SNOW,0,,,N,0644
US1TXAT0025,20211228,SNOW,0,,,N,0528
US1TXAT0025,20211229,SNOW,0,,,N,0648
US1TXAT0025,20211230,SNOW,0,,,N,0645
US1TXAT0025,20211231,SNOW,0,,,N,0837
US1TXAT0025,20220101,PRCP,0,,,N,0700
US1TXAT0025,20220102,PRCP,0,,,N,0700
US1TXAT0025,20220103,PRCP,0,,,N,0700
US1TXAT0025,20220104,PRCP,0,,,N,0659
US1TXAT0025,20220105,PRCP,0,,,N,0708
US1TXAT0025,20220106,PRCP,0,,,N,0700
US1TXAT0025,20220107,PRCP,0,,,N,0613
US1TXAT0025,20220108,PRCP,152,,,N,0700
US1TXAT0025,20220109,PRCP,0,,,N,0618
US1TXAT0025,20220110,PRCP,0,,,N,0700
US1TXAT0025,20220111,PRCP,0,,,N,0559
US1TXAT0025,20220112,PRCP,0,,,N,0700
US1TXAT0025,20220113,PRCP,0,,,N,0700
US1TXAT0025,20220114,PRCP,0,,,N,0700
US1TXAT0025,20220115,PRCP,0,,,N,0700
US1TXAT0025,20220116,PRCP,0,,,N,0700
US1TXAT0025,20220118,PRCP,0,,,N,0630
US1TXAT0025,20220119,PRCP,0,,,N,0633
US1TXAT0025,20220120,PRCP,0,,,N,0700
US1TXAT0025,20220121,PRCP,0,,,N,0700
US1TXAT0025,20220122,PRCP,0,,,N,0700
US1TXAT0025,20220123,PRCP,0,,,N,0700
US1TXAT0025,20220124,PRCP,0,T,,N,0515
US1TXAT0025,20220125,PRCP,13,,,N,0700
US1TXAT0025,20220126,PRCP,0,,,N,0522
US1TXAT0025,20220127,PRCP,0,,,N,0630
US1TXAT0025,20220128,PRCP,13,,,N,0637
US1TXAT0025,20220129,PRCP,0,,,N,0700
US1TXAT0025,20220130,PRCP,0,,,N,0700
US1TXAT0025,20220131,PRCP,0,,,N,0509
US1TXAT0025,20220101,SNOW,0,,,N,0700
US1TXAT0025,20220102,SNOW,0,,,N,0700
US1TXAT0025,20220103,SNOW,0,,,N,0700
US1TXAT0025,20220104,SNOW,0,,,N,0659
US1TXAT0025,20220105,SNOW,0,,,N,0708
US1TXAT0025,20220106,SNOW,0,,,N,0700
US1TXAT0025,20220107,SNOW,0,,,N,0613
US1TXAT0025,20220109,SNOW,0,,,N,0618
US1TXAT0025,20220110,SNOW,0,,,N,0700
US1TXAT0025,20220111,SNOW,0,,,N,0559
US1TXAT0025,20220112,SNOW,0,,,N,0700
US1TXAT0025,20220113,SNOW,0,,,N,0700
US1TXAT0025,20220114,SNOW,0,,,N,0700
US1TXAT0025,20220115,SNOW,0,,,N,0700
US1TXAT0025,20220116,SNOW,0,,,N,0700
US1TXAT0025,20220118,SNOW,0,,,N,0630
US1TXAT0025,20220119,SNOW,0,,,N,0633
US1TXAT0025,20220120,SNOW,0,,,N,0700
US1TXAT0025,20220121,SNOW,0,,,N,0700
US1TXAT0025,20220122,SNOW,0,,,N,0700
US1TXAT0025,20220123,SNOW,0,,,N,0700
US1TXAT0025,20220126,SNOW,0,,,N,0522
US1TXAT0025,20220127,SNOW,0,,,N,0630
US1TXAT0025,20220129,SNOW,0,,,N,0700
US1TXAT0025,20220130,SNOW,0,,,N,0700
US1TXAT0025,20220131,SNOW,0,,,N,0509
US1TXAT0025,20220201,PRCP,0,T,,N,0550
US1TXAT0025,20220202,PRCP,0,,,N,0530
US1TXAT0025,20220203,PRCP,64,,,N,0700
US1TXAT0025,20220204,PRCP,38,,,N,0700
US1TXAT0025,20220205,PRCP,0,,,N,0700
US1TXAT0025,20220206,PRCP,0,,,N,0700
US1TXAT0025,20220207,PRCP,0,,,N,0637
US1TXAT0025,20220208,PRCP,0,,,N,0631
US1TXAT0025,20220209,PRCP,0,,,N,0632
US1TXAT0025,20220210,PRCP,0,,,N,0636
US1TXAT0025,20220211,PRCP,0,,,N,0522
US1TXAT0025,20220212,PRCP,0,,,N,0610
US1TXAT0025,20220213,PRCP,0,,,N,0700
US1TXAT0025,20220214,PRCP,0,,,N,0628
US1TXAT0025,20220215,PRCP,0,,,N,0601
US1TXAT0025,20220216,PRCP,0,,,N,0532
US1TXAT0025,20220217,PRCP,0,,,N,0618
US1TXAT0025,20220218,PRCP,0,,,N,0618
US1TXAT0025,20220219,PRCP,0,,,N,0657
US1TXAT0025,20220220,PRCP,0,,,N,0615
US1TXAT0025,20220221,PRCP,0,,,N,0549
US1TXAT0025,20220222,PRCP,0,,,N,0700
US1TXAT0025,20220223,PRCP,0,,,N,0556
US1TXAT0025,20220224,PRCP,8,,,N,0628
US1TXAT0025,20220225,PRCP,3,,,N,0624
US1TXAT0025,20220227,PRCP,5,,,N,0700
US1TXAT0025,20220228,PRCP,0,,,N,0534
US1TXAT0025,20220202,SNOW,0,,,N,0530
US1TXAT0025,20220205,SNOW,0,,,N,0700
US1TXAT0025,20220206,SNOW,0,,,N,0700
US1TXAT0025,20220207,SNOW,0,,,N,0637
US1TXAT0025,20220208,SNOW,0,,,N,0631
US1TXAT0025,20220209,SNOW,0,,,N,0632
US1TXAT0025,20220210,SNOW,0,,,N,0636
US1TXAT0025,20220211,SNOW,0,,,N,0522
US1TXAT0025,20220212,SNOW,0,,,N,0610
US1TXAT0025,20220213,SNOW,0,,,N,0700
US1TXAT0025,20220214,SNOW,0,,,N,0628
US1TXAT0025,20220215,SNOW,0,,,N,0601
US1TXAT0025,20220216,SNOW,0,,,N,0532
US1TXAT0025,20220217,SNOW,0,,,N,0618
US1TXAT0025,20220218,SNOW,0,,,N,0618
US1TXAT0025,20220219,SNOW,0,,,N,0657
US1TXAT0025,20220220,SNOW,0,,,N,0615
US1TXAT0025,20220221,SNOW,0,,,N,0549
US1TXAT0025,20220222,SNOW,0,,,N,0700
US1TXAT0025,20220223,SNOW,0,,,N,0556
US1TXAT0025,20220228,SNOW,0,,,N,0534
US1TXAT0025,20220301,PRCP,0,,,N,0509
US1TXAT0025,20220302,PRCP,0,,,N,0620
US1TXAT0025,20220303,PRCP,0,,,N,0612
US1TXAT0025,20220304,PRCP,0,,,N,0617
US1TXAT0025,20220305,PRCP,0,,,N,0700
US1TXAT0025,20220306,PRCP,0,,,N,0700
US1TXAT0025,20220307,PRCP,0,,,N,0636
US1TXAT0025,20220308,PRCP,0,T,,N,0537
US1TXAT0025,20220309,PRCP,0,,,N,0450
US1TXAT0025,20220310,PRCP,0,,,N,0632
US1TXAT0025,20220311,PRCP,0,,,N,0642
US1TXAT0025,20220312,PRCP,0,,,N,0700
US1TXAT0025,20220313,PRCP,0,,,N,0700
US1TXAT0025,20220314,PRCP,0,,,N,0551
US1TXAT0025,20220315,PRCP,0,,,N,0552
US1TXAT0025,20220316,PRCP,0,,,N,0626
US1TXAT0025,20220317,PRCP,0,,,N,0639
US1TXAT0025,20220318,PRCP,0,,,N,0624
US1TXAT0025,20220319,PRCP,0,,,N,0612
US1TXAT0025,20220321,PRCP,8,,,N,0613
US1TXAT0025,20220322,PRCP,38,,,N,0617
US1TXAT0025,20220323,PRCP,0,,,N,0633
US1TXAT0025,20220324,PRCP,0,,,N,0548
US1TXAT0025,20220325,PRCP,0,,,N,0700
US1TXAT0025,20220326,PRCP,0,,,N,0700
US1TXAT0025,20220327,PRCP,0,,,N,0700
US1TXAT0025,20220328,PRCP,0,,,N,0700
US1TXAT0025,20220329,PRCP,0,,,N,0700
US1TXAT0025,20220330,PRCP,0,,,N,0600
US1TXAT0025,20220331,PRCP,8,,,N,0631
US1TXAT0025,20220301,SNOW,0,,,N,0509
US1TXAT0025,20220302,SNOW,0,,,N,0620
US1TXAT0025,20220303,SNOW,0,,,N,0612
US1TXAT0025,20220304,SNOW,0,,,N,0617
US1TXAT0025,20220305,SNOW,0,,,N,0700
US1TXAT0025,20220306,SNOW,0,,,N,0700
US1TXAT0025,20220307,SNOW,0,,,N,0636
US1TXAT0025,20220309,SNOW,0,,,N,0450
US1TXAT0025,20220310,SNOW,0,,,N,0632
US1TXAT0025,20220311,SNOW,0,,,N,0642
US1TXAT0025,20220312,SNOW,0,,,N,0700
US1TXAT0025,20220313,SNOW,0,,,N,0700
US1TXAT0025,20220314,SNOW,0,,,N,0551
US1TXAT0025,20220315,SNOW,0,,,N,0552
US1TXAT0025,20220316,SNOW,0,,,N,0626
US1TXAT0025,20220317,SNOW,0,,,N,0639
US1TXAT0025,20220318,SNOW,0,,,N,0624
US1TXAT0025,20220319,SNOW,0,,,N,0612
US1TXAT0025,20220323,SNOW,0,,,N,0633
US1TXAT0025,20220324,SNOW,0,,,N,0548
US1TXAT0025,20220325,SNOW,0,,,N,0700
US1TXAT0025,20220326,SNOW,0,,,N,0700
US1TXAT0025,20220327,SNOW,0,,,N,0700
US1TXAT0025,20220328,SNOW,0,,,N,0700
US1TXAT0025,20220329,SNOW,0,,,N,0700
US1TXAT0025,20220330,SNOW,0,,,N,0600
US1TXAT0025,20220401,PRCP,0,,,N,0629
US1TXAT0025,20220402,PRCP,0,,,N,0558
US1TXAT0025,20220403,PRCP,0,,,N,0532
US1TXAT0025,20220404,PRCP,0,,,N,0712
US1TXAT0025,20220405,PRCP,0,,,N,0554
US1TXAT0025,20220406,PRCP,0,,,N,0654
US1TXAT0025,20220407,PRCP,0,,,N,0737
US1TXAT0025,20220408,PRCP,0,,,N,0610
US1TXAT0025,20220409,PRCP,0,,,N,0700
US1TXAT0025,20220410,PRCP,0,,,N,0700
US1TXAT0025,20220411,PRCP,0,,,N,0556
US1TXAT0025,20220412,PRCP,0,,,N,0645
US1TXAT0025,20220413,PRCP,0,,,N,0641
US1TXAT0025,20220414,PRCP,0,,,N,0608
US1TXAT0025,20220415,PRCP,0,T,,N,0608
US1TXAT0025,20220416,PRCP,0,,,N,0700
US1TXAT0025,20220417,PRCP,0,,,N,0611
US1TXAT0025,20220418,PRCP,0,,,N,0603
US1TXAT0025,20220419,PRCP,0,,,N,0649
US1TXAT0025,20220420,PRCP,0,,,N,0658
US1TXAT0025,20220421,PRCP,0,,,N,0558
US1TXAT0025,20220422,PRCP,0,,,N,0700
US1TXAT0025,20220423,PRCP,0,,,N,0629
US1TXAT0025,20220424,PRCP,0,,,N,0700
US1TXAT0025,20220425,PRCP,0,,,N,0700
US1TXAT0025,20220426,PRCP,28,,,N,0700
US1TXAT0025,20220427,PRCP,0,,,N,0700
US1TXAT0025,20220428,PRCP,0,,,N,0700
US1TXAT0025,20220429,PRCP,0,,,N,0700
US1TXAT0025,20220430,PRCP,0,,,N,0700
US1TXAT0025,20220401,SNOW,0,,,N,0629
US1TXAT0025,20220402,SNOW,0,,,N,0558
US1TXAT0025,20220403,SNOW,0,,,N,0532
US1TXAT0025,20220404,SNOW,0,,,N,0712
US1TXAT0025,20220405,SNOW,0,,,N,0554
US1TXAT0025,20220406,SNOW,0,,,N,0654
US1TXAT0025,20220407,SNOW,0,,,N,0737
US1TXAT0025,20220408,SNOW,0,,,N,0610
US1TXAT0025,20220409,SNOW,0,,,N,0700
US1TXAT0025,20220410,SNOW,0,,,N,0700
US1TXAT0025,20220411,SNOW,0,,,N,0556
US1TXAT0025,20220412,SNOW,0,,,N,0645
US1TXAT0025,20220413,SNOW,0,,,N,0641
US1TXAT0025,20220414,SNOW,0,,,N,0608
US1TXAT0025,20220416,SNOW,0,,,N,0700
US1TXAT0025,20220417,SNOW,0,,,N,0611
US1TXAT0025,20220418,SNOW,0,,,N,0603
US1TXAT0025,20220419,SNOW,0,,,N,0649
US1TXAT0025,20220420,SNOW,0,,,N,0658
US1TXAT0025,20220421,SNOW,0,,,N,0558
US1TXAT0025,20220422,SNOW,0,,,N,0700
US1TXAT0025,20220423,SNOW,0,,,N,0629
US1TXAT0025,20220424,SNOW,0,,,N,0700
US1TXAT0025,20220425,SNOW,0,,,N,0700
US1TXAT0025,20220427,SNOW,0,,,N,0700
US1TXAT0025,20220428,SNOW,0,,,N,0700
US1TXAT0025,20220429,SNOW,0,,,N,0700
US1TXAT0025,20220430,SNOW,0,,,N,0700
US1TXAT0025,20220501,PRCP,0,,,N,0700
US1TXAT0025,20220502,PRCP,135,,,N,0715
US1TXAT0025,20220503,PRCP,0,,,N,0700
US1TXAT0025,20220504,PRCP,0,,,N,0604
US1TXAT0025,20220505,PRCP,5,,,N,0631
US1TXAT0025,20220506,PRCP,0,,,N,0641
US1TXAT0025,20220507,PRCP,0,,,N,0700
US1TXAT0025,20220508,PRCP,0,,,N,0637
US1TXAT0025,20220509,PRCP,0,,,N,0520
US1TXAT0025,20220510,PRCP,0,,,N,0700
US1TXAT0025,20220511,PRCP,0,,,N,0632
US1TXAT0025,20220512,PRCP,0,,,N,0602
US1TXAT0025,20220513,PRCP,0,,,N,0628
US1TXAT0025,20220514,PRCP,0,,,N,0700
US1TXAT0025,20220515,PRCP,0,,,N,0700
US1TXAT0025,20220516,PRCP,0,,,N,0633
US1TXAT0025,20220517,PRCP,0,,,N,0638
US1TXAT0025,20220518,PRCP,0,,,N,0634
US1TXAT0025,20220519,PRCP,0,,,N,0650
US1TXAT0025,20220520,PRCP,0,,,N,0558
US1TXAT0025,20220521,PRCP,0,,,N,0700
US1TXAT0025,20220522,PRCP,8,,,N,0700
US1TXAT0025,20220523,PRCP,0,,,N,0554
US1TXAT0025,20220524,PRCP,56,,,N,0631
US1TXAT0025,20220525,PRCP,38,,,N,0640
US1TXAT0025,20220526,PRCP,0,,,N,0627
US1TXAT0025,20220527,PRCP,0,,,N,0629
US1TXAT0025,20220528,PRCP,0,,,N,0622
US1TXAT0025,20220529,PRCP,0,,,N,0557
US1TXAT0025,20220530,PRCP,0,,,N,0700
US1TXAT0025,20220531,PRCP,0,,,N,0629
US1TXAT0025,20220501,SNOW,0,,,N,0700
US1TXAT0025,20220503,SNOW,0,,,N,0700
US1TXAT0025,20220504,SNOW,0,,,N,0604
US1TXAT0025,20220506,SNOW,0,,,N,0641
US1TXAT0025,20220507,SNOW,0,,,N,0700
US1TXAT0025,20220508,SNOW,0,,,N,0637
US1TXAT0025,20220509,SNOW,0,,,N,0520
US1TXAT0025,20220510,SNOW,0,,,N,0700
US1TXAT0025,20220511,SNOW,0,,,N,0632
US1TXAT0025,20220512,SNOW,0,,,N,0602
US1TXAT0025,20220513,SNOW,0,,,N,0628
US1TXAT0025,20220514,SNOW,0,,,N,0700
US1TXAT0025,20220515,SNOW,0,,,N,0700
US1TXAT0025,20220516,SNOW,0,,,N,0633
US1TXAT0025,20220517,SNOW,0,,,N,0638
US1TXAT0025,20220518,SNOW,0,,,N,0634
US1TXAT0025,20220519,SNOW,0,,,N,0650
US1TXAT0025,20220520,SNOW,0,,,N,0558
US1TXAT0025,20220521,SNOW,0,,,N,0700
US1TXAT0025,20220523,SNOW,0,,,N,0554
US1TXAT0025,20220526,SNOW,0,,,N,0627
US1TXAT0025,20220527,SNOW,0,,,N,0629
US1TXAT0025,20220528,SNOW,0,,,N,0622
US1TXAT0025,20220529,SNOW,0,,,N,0557
US1TXAT0025,20220530,SNOW,0,,,N,0700
US1TXAT0025,20220531,SNOW,0,,,N,0629
US1TXAT0025,20220601,PRCP,0,,,N,0637
US1TXAT0025,20220602,PRCP,0,,,N,0634
US1TXAT0025,20220603,PRCP,0,,,N,0541
US1TXAT0025,20220604,PRCP,0,T,,N,0700
US1TXAT0025,20220605,PRCP,0,,,N,0700
US1TXAT0025,20220606,PRCP,0,,,N,0639
US1TXAT0025,20220607,PRCP,0,,,N,0502
US1TXAT0025,20220608,PRCP,0,,,N,0634
US1TXAT0025,20220609,PRCP,0,,,N,0627
US1TXAT0025,20220610,PRCP,0,,,N,0632
US1TXAT0025,20220611,PRCP,0,,,N,0700
US1TXAT0025,20220612,PRCP,0,,,N,0700
US1TXAT0025,20220613,PRCP,0,,,N,0700
US1TXAT0025,20220615,PRCP,0,,,N,0632
US1TXAT0025,20220616,PRCP,0,,,N,0629
US1TXAT0025,20220617,PRCP,0,,,N,0635
US1TXAT0025,20220618,PRCP,0,,,N,0700
US1TXAT0025,20220619,PRCP,0,,,N,0700
US1TXAT0025,20220620,PRCP,0,,,N,0622
US1TXAT0025,20220621,PRCP,0,,,N,0622
US1TXAT0025,20220622,PRCP,0,,,N,0639
US1TXAT0025,20220623,PRCP,0,,,N,0627
US1TXAT0025,20220624,PRCP,0,,,N,0625
US1TXAT0025,20220625,PRCP,0,,,N,0700
US1TXAT0025,20220626,PRCP,0,,,N,0700
US1TXAT0025,20220628,PRCP,53,,,N,0621
US1TXAT0025,20220629,PRCP,168,,,N,0628
US1TXAT0025,20220630,PRCP,0,,,N,0628
US1TXAT0025,20220601,SNOW,0,,,N,0637
US1TXAT0025,20220602,SNOW,0,,,N,0634
US1TXAT0025,20220603,SNOW,0,,,N,0541
US1TXAT0025,20220605,SNOW,0,,,N,0700
US1TXAT0025,20220606,SNOW,0,,,N,0639
US1TXAT0025,20220607,SNOW,0,,,N,0502
US1TXAT0025,20220608,SNOW,0,,,N,0634
US1TXAT0025,20220609,SNOW,0,,,N,0627
US1TXAT0025,20220610,SNOW,0,,,N,0632
US1TXAT0025,20220611,SNOW,0,,,N,0700
US1TXAT0025,20220612,SNOW,0,,,N,0700
US1TXAT0025,20220613,SNOW,0,,,N,0700
US1TXAT0025,20220615,SNOW,0,,,N,0632
US1TXAT0025,20220616,SNOW,0,,,N,0629
US1TXAT0025,20220617,SNOW,0,,,N,0635
US1TXAT0025,20220618,SNOW,0,,,N,0700
US1TXAT0025,20220619,SNOW,0,,,N,0700
US1TXAT0025,20220620,SNOW,0,,,N,0622
US1TXAT0025,20220621,SNOW,0,,,N,0622
US1TXAT0025,20220622,SNOW,0,,,N,0639
US1TXAT0025,20220623,SNOW,0,,,N,0627
US1TXAT0025,20220624,SNOW,0,,,N,0625
US1TXAT0025,20220625,SNOW,0,,,N,0700
US1TXAT0025,20220626,SNOW,0,,,N,0700
US1TXAT0025,20220630,SNOW,0,,,N,0628
US1TXAT0025,20220701,PRCP,0,,,N,0629
US1TXAT0025,20220702,PRCP,0,,,N,0700
US1TXAT0025,20220703,PRCP,33,,,N,0700
US1TXAT0025,20220704,PRCP,0,,,N,0700
US1TXAT0025,20220705,PRCP,0,,,N,0626
US1TXAT0025,20220706,PRCP,0,,,N,0635
US1TXAT0025,20220707,PRCP,0,,,N,0613
US1TXAT0025,20220708,PRCP,0,,,N,0630
US1TXAT0025,20220709,PRCP,0,,,N,0700
US1TXAT0025,20220710,PRCP,0,,,N,0556
US1TXAT0025,20220711,PRCP,0,,,N,0639
US1TXAT0025,20220712,PRCP,0,,,N,0554
US1TXAT0025,20220713,PRCP,0,,,N,0520
US1TXAT0025,20220714,PRCP,0,,,N,0635
US1TXAT0025,20220715,PRCP,5,,,N,0700
US1TXAT0025,20220716,PRCP,0,,,N,0700
US1TXAT0025,20220717,PRCP,0,,,N,0700
US1TXAT0025,20220718,PRCP,0,,,N,0633
US1TXAT0025,20220719,PRCP,0,,,N,0625
US1TXAT0025,20220720,PRCP,0,,,N,0513
US1TXAT0025,20220721,PRCP,0,,,N,0639
US1TXAT0025,20220722,PRCP,0,,,N,0700
US1TXAT0025,20220723,PRCP,0,,,N,0700
US1TXAT0025,20220724,PRCP,0,,,N,0700
US1TXAT0025,20220725,PRCP,0,,,N,0700
US1TXAT0025,20220726,PRCP,0,,,N,0640
US1TXAT0025,20220727,PRCP,0,,,N,0505
US1TXAT0025,20220728,PRCP,0,T,,N,0640
US1TXAT0025,20220729,PRCP,0,,,N,0637
US1TXAT0025,20220730,PRCP,0,,,N,0700
US1TXAT0025,20220731,PRCP,0,,,N,0700
US1TXAT0025,20220701,SNOW,0,,,N,0629
US1TXAT0025,20220702,SNOW,0,,,N,0700
US1TXAT0025,20220704,SNOW,0,,,N,0700
US1TXAT0025,20220705,SNOW,0,,,N,0626
US1TXAT0025,20220706,SNOW,0,,,N,0635
US1TXAT0025,20220707,SNOW,0,,,N,0613
US1TXAT0025,20220708,SNOW,0,,,N,0630
US1TXAT0025,20220709,SNOW,0,,,N,0700
US1TXAT0025,20220710,SNOW,0,,,N,0556
US1TXAT0025,20220711,SNOW,0,,,N,0639
US1TXAT0025,20220712,SNOW,0,,,N,0554
US1TXAT0025,20220713,SNOW,0,,,N,0520
US1TXAT0025,20220714,SNOW,0,,,N,0635
US1TXAT0025,20220716,SNOW,0,,,N,0700
US1TXAT0025,20220717,SNOW,0,,,N,0700
US1TXAT0025,20220718,SNOW,0,,,N,0633
US1TXAT0025,20220719,SNOW,0,,,N,0625
US1TXAT0025,20220720,SNOW,0,,,N,0513
US1TXAT0025,20220721,SNOW,0,,,N,0639
US1TXAT0025,20220722,SNOW,0,,,N,0700
US1TXAT0025,20220723,SNOW,0,,,N,0700
US1TXAT0025,20220724,SNOW,0,,,N,0700
US1TXAT0025,20220725,SNOW,0,,,N,0700
US1TXAT0025,20220726,SNOW,0,,,N,0640
US1TXAT0025,20220727,SNOW,0,,,N,0505
US1TXAT0025,20220729,SNOW,0,,,N,0637
US1TXAT0025,20220730,SNOW,0,,,N,0700
US1TXAT0025,20220731,SNOW,0,,,N,0700
US1TXAT0025,20220801,PRCP,0,,,N,0633
US1TXAT0025,20220802,PRCP,0,,,N,0632
US1TXAT0025,20220803,PRCP,0,,,N,0610
US1TXAT0025,20220804,PRCP,0,,,N,0700
US1TXAT0025,20220805,PRCP,0,,,N,0559
US1TXAT0025,20220806,PRCP,0,T,,N,0632
US1TXAT0025,20220807,PRCP,0,,,N,0700
US1TXAT0025,20220808,PRCP,41,,,N,0645
US1TXAT0025,20220809,PRCP,25,,,N,0700
US1TXAT0025,20220810,PRCP,0,,,N,0632
US1TXAT0025,20220811,PRCP,0,,,N,0645
US1TXAT0025,20220812,PRCP,0,,,N,0700
US1TXAT0025,20220813,PRCP,0,,,N,0700
US1TXAT0025,20220814,PRCP,0,,,N,0700
US1TXAT0025,20220816,PRCP,137,,,N,0700
US1TXAT0025,20220817,PRCP,0,,,N,0706
US1TXAT0025,20220818,PRCP,0,,,N,0625
US1TXAT0025,20220819,PRCP,0,,,N,0630
US1TXAT0025,20220820,PRCP,0,,,N,0700
US1TXAT0025,20220821,PRCP,0,,,N,0700
US1TXAT0025,20220822,PRCP,0,,,N,0632
US1TXAT0025,20220823,PRCP,841,,,N,0600
US1TXAT0025,20220824,PRCP,820,,,N,0617
US1TXAT0025,20220825,PRCP,0,,,N,0637
US1TXAT0025,20220826,PRCP,119,,,N,0446
US1TXAT0025,20220827,PRCP,0,,,N,0700
US1TXAT0025,20220828,PRCP,0,,,N,0700
US1TXAT0025,20220829,PRCP,0,,,N,0629
US1TXAT0025,20220830,PRCP,0,,,N,0635
US1TXAT0025,20220831,PRCP,300,,,N,0550
US1TXAT0025,20220801,SNOW,0,,,N,0633
US1TXAT0025,20220802,SNOW,0,,,N,0632
US1TXAT0025,20220803,SNOW,0,,,N,0610
US1TXAT0025,20220804,SNOW,0,,,N,0700
US1TXAT0025,20220805,SNOW,0,,,N,0559
US1TXAT0025,20220807,SNOW,0,,,N,0700
US1TXAT0025,20220810,SNOW,0,,,N,0632
US1TXAT0025,20220811,SNOW,0,,,N,0645
US1TXAT0025,20220812,SNOW,0,,,N,0700
US1TXAT0025,20220813,SNOW,0,,,N,0700
US1TXAT0025,20220814,SNOW,0,,,N,0700
US1TXAT0025,20220817,SNOW,0,,,N,0706
US1TXAT0025,20220818,SNOW,0,,,N,0625
US1TXAT0025,20220819,SNOW,0,,,N,0630
US1TXAT0025,20220820,SNOW,0,,,N,0700
US1TXAT0025,20220821,SNOW,0,,,N,0700
US1TXAT0025,20220822,SNOW,0,,,N,0632
US1TXAT0025,20220825,SNOW,0,,,N,0637
US1TXAT0025,20220827,SNOW,0,,,N,0700
US1TXAT0025,20220828,SNOW,0,,,N,0700
US1TXAT0025,20220829,SNOW,0,,,N,0629
US1TXAT0025,20220830,SNOW,0,,,N,0635
US1TXAT0025,20220901,PRCP,86,,,N,0632
US1TXAT0025,20220902,PRCP,0,,,N,0547
US1TXAT0025,20220903,PRCP,0,,,N,0700
US1TXAT0025,20220904,PRCP,15,,,N,0744
US1TXAT0025,20220905,PRCP,0,,,N,0700
US1TXAT0025,20220906,PRCP,0,,,N,0700
US1TXAT0025,20220907,PRCP,0,,,N,0519
US1TXAT0025,20220908,PRCP,0,,,N,0634
US1TXAT0025,20220909,PRCP,99,,,N,0550
US1TXAT0025,20220910,PRCP,0,,,N,0700
US1TXAT0025,20220911,PRCP,0,,,N,0700
US1TXAT0025,20220912,PRCP,0,,,N,0637
US1TXAT0025,20220913,PRCP,0,,,N,0633
US1TXAT0025,20220914,PRCP,0,,,N,0611
US1TXAT0025,20220915,PRCP,0,,,N,0551
US1TXAT0025,20220916,PRCP,0,,,N,0558
US1TXAT0025,20220917,PRCP,0,,,N,0700
US1TXAT0025,20220918,PRCP,0,,,N,0700
US1TXAT0025,20220919,PRCP,0,,,N,0642
US1TXAT0025,20220920,PRCP,0,,,N,0625
US1TXAT0025,20220921,PRCP,0,,,N,0643
US1TXAT0025,20220922,PRCP,0,,,N,0700
US1TXAT0025,20220923,PRCP,0,,,N,0646
US1TXAT0025,20220924,PRCP,0,,,N,0700
US1TXAT0025,20220925,PRCP,0,,,N,0700
US1TXAT0025,20220926,PRCP,0,,,N,0545
US1TXAT0025,20220927,PRCP,0,,,N,0637
US1TXAT0025,20220928,PRCP,0,,,N,0700
US1TXAT0025,20220929,PRCP,0,,,N,0646
US1TXAT0025,20220930,PRCP,0,,,N,0634
US1TXAT0025,20220902,SNOW,0,,,N,0547
US1TXAT0025,20220903,SNOW,0,,,N,0700
US1TXAT0025,20220905,SNOW,0,,,N,0700
US1TXAT0025,20220906,SNOW,0,,,N,0700
US1TXAT0025,20220907,SNOW,0,,,N,0519
US1TXAT0025,20220908,SNOW,0,,,N,0634
US1TXAT0025,20220910,SNOW,0,,,N,0700
US1TXAT0025,20220911,SNOW,0,,,N,0700
US1TXAT0025,20220912,SNOW,0,,,N,0637
US1TXAT0025,20220913,SNOW,0,,,N,0633
US1TXAT0025,20220914,SNOW,0,,,N,0611
US1TXAT0025,20220915,SNOW,0,,,N,0551
US1TXAT0025,20220916,SNOW,0,,,N,0558
US1TXAT0025,20220917,SNOW,0,,,N,0700
US1TXAT0025,20220918,SNOW,0,,,N,0700
US1TXAT0025,20220919,SNOW,0,,,N,0642
US1TXAT0025,20220920,SNOW,0,,,N,0625
US1TXAT0025,20220921,SNOW,0,,,N,0643
US1TXAT0025,20220922,SNOW,0,,,N,0700
US1TXAT0025,20220923,SNOW,0,,,N,0646
US1TXAT0025,20220924,SNOW,0,,,N,0700
US1TXAT0025,20220925,SNOW,0,,,N,0700
US1TXAT0025,20220926,SNOW,0,,,N,0545
US1TXAT0025,20220927,SNOW,0,,,N,0637
US1TXAT0025,20220928,SNOW,0,,,N,0700
US1TXAT0025,20220929,SNOW,0,,,N,0646
US1TXAT0025,20220930,SNOW,0,,,N,0634
US1TXAT0025,20221001,PRCP,0,,,N,0546
US1TXAT0025,20221002,PRCP,0,,,N,0700
US1TXAT0025,20221003,PRCP,0,,,N,0638
US1TXAT0025,20221004,PRCP,0,,,N,0646
US1TXAT0025,20221005,PRCP,0,,,N,0647
US1TXAT0025,20221006,PRCP,0,,,N,0700
US1TXAT0025,20221007,PRCP,0,,,N,0621
US1TXAT0025,20221008,PRCP,0,,,N,0700
US1TXAT0025,20221009,PRCP,0,,,N,0700
US1TXAT0025,20221010,PRCP,0,,,N,0526
US1TXAT0025,20221012,PRCP,0,,,N,0606
US1TXAT0025,20221013,PRCP,0,,,N,0650
US1TXAT0025,20221014,PRCP,0,,,N,0648
US1TXAT0025,20221019,PRCP,0,,,N,0652
US1TXAT0025,20221020,PRCP,0,,,N,0544
US1TXAT0025,20221021,PRCP,0,,,N,0651
US1TXAT0025,20221022,PRCP,0,,,N,0655
US1TXAT0025,20221024,PRCP,0,T,,N,0700
US1TXAT0025,20221025,PRCP,140,,,N,0635
US1TXAT0025,20221026,PRCP,0,,,N,0700
US1TXAT0025,20221027,PRCP,0,,,N,0639
US1TXAT0025,20221028,PRCP,0,T,,N,0702
US1TXAT0025,20221029,PRCP,0,,,N,0700
US1TXAT0025,20221030,PRCP,0,,,N,0700
US1TXAT0025,20221031,PRCP,0,,,N,0511
US1TXAT0025,20221001,SNOW,0,,,N,0546
US1TXAT0025,20221002,SNOW,0,,,N,0700
US1TXAT0025,20221003,SNOW,0,,,N,0638
US1TXAT0025,20221004,SNOW,0,,,N,0646
US1TXAT0025,20221005,SNOW,0,,,N,0647
US1TXAT0025,20221006,SNOW,0,,,N,0700
US1TXAT0025,20221007,SNOW,0,,,N,0621
US1TXAT0025,20221008,SNOW,0,,,N,0700
US1TXAT0025,20221009,SNOW,0,,,N,0700
US1TXAT0025,20221010,SNOW,0,,,N,0526
US1TXAT0025,20221012,SNOW,0,,,N,0606
US1TXAT0025,20221013,SNOW,0,,,N,0650
US1TXAT0025,20221014,SNOW,0,,,N,0648
US1TXAT0025,20221017,SNOW,0,,,N,0559
US1TXAT0025,20221018,SNOW,0,,,N,0700
US1TXAT0025,20221019,SNOW,0,,,N,0652
US1TXAT0025,20221020,SNOW,0,,,N,0544
US1TXAT0025,20221021,SNOW,0,,,N,0651
US1TXAT0025,20221022,SNOW,0,,,N,0655
US1TXAT0025,20221026,SNOW,0,,,N,0700
US1TXAT0025,20221027,SNOW,0,,,N,0639
US1TXAT0025,20221029,SNOW,0,,,N,0700
US1TXAT0025,20221030,SNOW,0,,,N,0700
US1TXAT0025,20221031,SNOW,0,,,N,0511
US1TXAT0025,20221018,DAPR,4,,L,N,0700
US1TXAT0025,20221101,PRCP,0,,,N,0631
US1TXAT0025,20221102,PRCP,8,,,N,0644
US1TXAT0025,20221103,PRCP,3,,,N,0645
US1TXAT0025,20221104,PRCP,0,T,,N,0641
US1TXAT0025,20221105,PRCP,0,,,N,0700
US1TXAT0025,20221106,PRCP,0,,,N,0700
US1TXAT0025,20221107,PRCP,0,,,N,0651
US1TXAT0025,20221108,PRCP,0,,,N,0558
US1TXAT0025,20221109,PRCP,28,,,N,0700
US1TXAT0025,20221110,PRCP,0,,,N,0646
US1TXAT0025,20221111,PRCP,0,,,N,0700
US1TXAT0025,20221112,PRCP,3,,,N,0700
US1TXAT0025,20221113,PRCP,0,,,N,0700
US1TXAT0025,20221114,PRCP,28,,,N,0700
US1TXAT0025,20221115,PRCP,18,,,N,0643
US1TXAT0025,20221116,PRCP,0,,,N,0645
US1TXAT0025,20221117,PRCP,0,,,N,0641
US1TXAT0025,20221119,PRCP,76,,,N,0700
US1TXAT0025,20221120,PRCP,23,,,N,0700
US1TXAT0025,20221121,PRCP,15,,,N,0653
US1TXAT0025,20221122,PRCP,20,,,N,0651
US1TXAT0025,20221123,PRCP,28,,,N,0634
US1TXAT0025,20221124,PRCP,13,,,N,0700
US1TXAT0025,20221125,PRCP,30,,,N,0700
US1TXAT0025,20221126,PRCP,224,,,N,0700
US1TXAT0025,20221127,PRCP,0,,,N,0700
US1TXAT0025,20221128,PRCP,0,,,N,0651
US1TXAT0025,20221129,PRCP,0,,,N,0639
US1TXAT0025,20221130,PRCP,0,,,N,0634
US1TXAT0025,20221101,SNOW,0,,,N,0631
US1TXAT0025,20221105,SNOW,0,,,N,0700
US1TXAT0025,20221106,SNOW,0,,,N,0700
US1TXAT0025,20221107,SNOW,0,,,N,0651
US1TXAT0025,20221108,SNOW,0,,,N,0558
US1TXAT0025,20221110,SNOW,0,,,N,0646
US1TXAT0025,20221111,SNOW,0,,,N,0700
US1TXAT0025,20221113,SNOW,0,,,N,0700
US1TXAT0025,20221116,SNOW,0,,,N,0645
US1TXAT0025,20221117,SNOW,0,,,N,0641
US1TXAT0025,20221127,SNOW,0,,,N,0700
US1TXAT0025,20221128,SNOW,0,,,N,0651
US1TXAT0025,20221129,SNOW,0,,,N,0639
US1TXAT0025,20221130,SNOW,0,,,N,0634
US1TXAT0025,20221201,PRCP,0,,,N,0643
US1TXAT0025,20221202,PRCP,0,T,,N,0631
US1TXAT0025,20221203,PRCP,0,,,N,0700
US1TXAT0025,20221204,PRCP,5,,,N,0700
US1TXAT0025,20221205,PRCP,3,,,N,0700
US1TXAT0025,20221206,PRCP,0,,,N,0700
US1TXAT0025,20221207,PRCP,0,,,N,0602
US1TXAT0025,20221208,PRCP,0,,,N,0513
US1TXAT0025,20221209,PRCP,0,,,N,0641
US1TXAT0025,20221210,PRCP,0,,,N,0616
US1TXAT0025,20221211,PRCP,8,,,N,0700
US1TXAT0025,20221212,PRCP,0,,,N,0640
US1TXAT0025,20221213,PRCP,0,,,N,0646
US1TXAT0025,20221214,PRCP,0,,,N,0525
US1TXAT0025,20221215,PRCP,0,,,N,0548
US1TXAT0025,20221216,PRCP,0,,,N,0642
US1TXAT0025,20221217,PRCP,0,,,N,0700
US1TXAT0025,20221218,PRCP,0,,,N,0700
US1TXAT0025,20221219,PRCP,51,,,N,1029
US1TXAT0025,20221220,PRCP,0,,,N,0700
US1TXAT0025,20221221,PRCP,0,,,N,0644
US1TXAT0025,20221222,PRCP,0,,,N,0545
US1TXAT0025,20221223,PRCP,0,,,N,0700
US1TXAT0025,20221224,PRCP,0,,,N,0700
US1TXAT0025,20221226,PRCP,0,,,N,0700
US1TXAT0025,20221227,PRCP,0,,,N,0554
US1TXAT0025,20221228,PRCP,0,,,N,0700
US1TXAT0025,20221229,PRCP,0,,,N,0640
US1TXAT0025,20221230,PRCP,0,,,N,0526
US1TXAT0025,20221231,PRCP,0,,,N,0700
US1TXAT0025,20221201,SNOW,0,,,N,0643
US1TXAT0025,20221203,SNOW,0,,,N,0700
US1TXAT0025,20221206,SNOW,0,,,N,0700
US1TXAT0025,20221207,SNOW,0,,,N,0602
US1TXAT0025,20221208,SNOW,0,,,N,0513
US1TXAT0025,20221209,SNOW,0,,,N,0641
US1TXAT0025,20221210,SNOW,0,,,N,0616
US1TXAT0025,20221212,SNOW,0,,,N,0640
US1TXAT0025,20221213,SNOW,0,,,N,0646
US1TXAT0025,20221214,SNOW,0,,,N,0525
US1TXAT0025,20221215,SNOW,0,,,N,0548
US1TXAT0025,20221216,SNOW,0,,,N,0642
US1TXAT0025,20221217,SNOW,0,,,N,0700
US1TXAT0025,20221218,SNOW,0,,,N,0700
US1TXAT0025,20221220,SNOW,0,,,N,0700
US1TXAT0025,20221221,SNOW,0,,,N,0644
US1TXAT0025,20221222,SNOW,0,,,N,0545
US1TXAT0025,20221223,SNOW,0,,,N,0700
US1TXAT0025,20221224,SNOW,0,,,N,0700
US1TXAT0025,20221226,SNOW,0,,,N,0700
US1TXAT0025,20221227,SNOW,0,,,N,0554
US1TXAT0025,20221228,SNOW,0,,,N,0700
US1TXAT0025,20221229,SNOW,0,,,N,0640
US1TXAT0025,20221230,SNOW,0,,,N,0526
US1TXAT0025,20221231,SNOW,0,,,N,0700
US1TXAT0025,20230101,PRCP,0,,,N,0700
US1TXAT0025,20230102,PRCP,0,,,N,0700
US1TXAT0025,20230103,PRCP,0,,,N,0639
US1TXAT0025,20230104,PRCP,0,,,N,0454
US1TXAT0025,20230105,PRCP,0,,,N,0424
US1TXAT0025,20230106,PRCP,0,,,N,0700
US1TXAT0025,20230107,PRCP,0,,,N,0700
US1TXAT0025,20230108,PRCP,0,,,N,0700
US1TXAT0025,20230109,PRCP,0,,,N,0648
US1TXAT0025,20230110,PRCP,0,,,N,0537
US1TXAT0025,20230111,PRCP,0,,,N,0652
US1TXAT0025,20230112,PRCP,0,,,N,0649
US1TXAT0025,20230113,PRCP,0,,,N,0651
US1TXAT0025,20230114,PRCP,0,,,N,0700
US1TXAT0025,20230115,PRCP,0,,,N,0700
US1TXAT0025,20230116,PRCP,0,,,N,0516
US1TXAT0025,20230117,PRCP,0,,,N,0642
US1TXAT0025,20230118,PRCP,0,,,N,0700
US1TXAT0025,20230119,PRCP,0,,,N,0655
US1TXAT0025,20230120,PRCP,0,,,N,0654
US1TXAT0025,20230121,PRCP,0,,,N,0700
US1TXAT0025,20230122,PRCP,0,,,N,0700
US1TXAT0025,20230123,PRCP,0,,,N,0700
US1TXAT0025,20230124,PRCP,48,,,N,0640
US1TXAT0025,20230125,PRCP,104,,,N,0659
US1TXAT0025,20230126,PRCP,0,,,N,0700
US1TXAT0025,20230127,PRCP,0,,,N,0640
US1TXAT0025,20230128,PRCP,48,,,N,0700
US1TXAT0025,20230129,PRCP,0,T,,N,0700
US1TXAT0025,20230130,PRCP,0,,,N,0644
US1TXAT0025,20230131,PRCP,10,,,N,0700
US1TXAT0025,20230101,SNOW,0,,,N,0700
US1TXAT0025,20230102,SNOW,0,,,N,0700
US1TXAT0025,20230103,SNOW,0,,,N,0639
US1TXAT0025,20230104,SNOW,0,,,N,0454
US1TXAT0025,20230105,SNOW,0,,,N,0424
US1TXAT0025,20230106,SNOW,0,,,N,0700
US1TXAT0025,20230107,SNOW,0,,,N,0700
US1TXAT0025,20230108,SNOW,0,,,N,0700
US1TXAT0025,20230109,SNOW,0,,,N,0648
US1TXAT0025,20230110,SNOW,0,,,N,0537
US1TXAT0025,20230111,SNOW,0,,,N,0652
US1TXAT0025,20230112,SNOW,0,,,N,0649
US1TXAT0025,20230113,SNOW,0,,,N,0651
US1TXAT0025,20230114,SNOW,0,,,N,0700
US1TXAT0025,20230115,SNOW,0,,,N,0700
US1TXAT0025,20230116,SNOW,0,,,N,0516
US1TXAT0025,20230117,SNOW,0,,,N,0642
US1TXAT0025,20230118,SNOW,0,,,N,0700
US1TXAT0025,20230119,SNOW,0,,,N,0655
US1TXAT0025,20230120,SNOW,0,,,N,0654
US1TXAT0025,20230121,SNOW,0,,,N,0700
US1TXAT0025,20230122,SNOW,0,,,N,0700
US1TXAT0025,20230123,SNOW,0,,,N,0700
US1TXAT0025,20230126,SNOW,0,,,N,0700
US1TXAT0025,20230127,SNOW,0,,,N,0640
US1TXAT0025,20230130,SNOW,0,,,N,0644
US1TXAT0025,20230201,PRCP,140,,,N,0624
US1TXAT0025,20230202,PRCP,33,,,N,0641
US1TXAT0025,20230203,PRCP,3,,,N,0640
US1TXAT0025,20230204,PRCP,0,,,N,0700
US1TXAT0025,20230205,PRCP,0,,,N,0700
US1TXAT0025,20230206,PRCP,0,,,N,0639
US1TXAT0025,20230207,PRCP,0,,,N,0700
US1TXAT0025,20230208,PRCP,76,,,N,0646
US1TXAT0025,20230209,PRCP,0,,,N,0656
US1TXAT0025,20230212,PRCP,0,,,N,0631
US1TXAT0025,20230213,PRCP,0,,,N,0700
US1TXAT0025,20230214,PRCP,0,,,N,0649
US1TXAT0025,20230215,PRCP,0,,,N,0557
US1TXAT0025,20230216,PRCP,0,,,N,0700
US1TXAT0025,20230217,PRCP,0,,,N,0706
US1TXAT0025,20230218,PRCP,0,,,N,0654
US1TXAT0025,20230220,PRCP,0,,,N,0700
US1TXAT0025,20230221,PRCP,0,,,N,0700
US1TXAT0025,20230222,PRCP,0,,,N,0517
US1TXAT0025,20230223,PRCP,0,,,N,0700
US1TXAT0025,20230224,PRCP,0,,,N,0541
US1TXAT0025,20230225,PRCP,0,,,N,0700
US1TXAT0025,20230226,PRCP,0,,,N,0700
US1TXAT0025,20230227,PRCP,0,,,N,0700
US1TXAT0025,20230228,PRCP,0,,,N,0648
US1TXAT0025,20230204,SNOW,0,,,N,0700
US1TXAT0025,20230205,SNOW,0,,,N,0700
US1TXAT0025,20230206,SNOW,0,,,N,0639
US1TXAT0025,20230207,SNOW,0,,,N,0700
US1TXAT0025,20230209,SNOW,0,,,N,0656
US1TXAT0025,20230212,SNOW,0,,,N,0631
US1TXAT0025,20230213,SNOW,0,,,N,0700
US1TXAT0025,20230214,SNOW,0,,,N,0649
US1TXAT0025,20230215,SNOW,0,,,N,0557
US1TXAT0025,20230216,SNOW,0,,,N,0700
US1TXAT0025,20230217,SNOW,0,,,N,0706
US1TXAT0025,20230218,SNOW,0,,,N,0654
US1TXAT0025,20230220,SNOW,0,,,N,0700
US1TXAT0025,20230221,SNOW,0,,,N,0700
US1TXAT0025,20230222,SNOW,0,,,N,0517
US1TXAT0025,20230223,SNOW,0,,,N,0700
US1TXAT0025,20230224,SNOW,0,,,N,0541
US1TXAT0025,20230225,SNOW,0,,,N,0700
US1TXAT0025,20230226,SNOW,0,,,N,0700
US1TXAT0025,20230227,SNOW,0,,,N,0700
US1TXAT0025,20230228,SNOW,0,,,N,0648
US1TXAT0025,20230211,DAPR,2,,L,N,0700
US1TXAT0025,20230301,PRCP,0,,,N,0542
US1TXAT0025,20230302,PRCP,180,,,N,0529
US1TXAT0025,20230303,PRCP,20,,,N,0628
US1TXAT0025,20230304,PRCP,0,,,N,0700
US1TXAT0025,20230305,PRCP,0,,,N,0700
US1TXAT0025,20230306,PRCP,0,,,N,0649
US1TXAT0025,20230307,PRCP,0,,,N,0649
US1TXAT0025,20230308,PRCP,0,,,N,0700
US1TXAT0025,20230309,PRCP,0,,,N,0648
US1TXAT0025,20230310,PRCP,0,,,N,0638
US1TXAT0025,20230311,PRCP,0,,,N,0649
US1TXAT0025,20230312,PRCP,0,,,N,0700
US1TXAT0025,20230313,PRCP,0,,,N,0700
US1TXAT0025,20230314,PRCP,0,,,N,0651
US1TXAT0025,20230315,PRCP,0,,,N,0545
US1TXAT0025,20230316,PRCP,0,,,N,0639
US1TXAT0025,20230317,PRCP,28,,,N,0700
US1TXAT0025,20230318,PRCP,69,,,N,0700
US1TXAT0025,20230319,PRCP,53,,,N,0700
US1TXAT0025,20230320,PRCP,0,,,N,0624
US1TXAT0025,20230321,PRCP,13,,,N,0635
US1TXAT0025,20230322,PRCP,43,,,N,0652
US1TXAT0025,20230323,PRCP,0,,,N,0652
US1TXAT0025,20230324,PRCP,0,,,N,0542
US1TXAT0025,20230325,PRCP,0,,,N,0700
US1TXAT0025,20230326,PRCP,0,,,N,0700
US1TXAT0025,20230327,PRCP,5,,,N,0700
US1TXAT0025,20230328,PRCP,0,,,N,0654
US1TXAT0025,20230329,PRCP,0,,,N,0530
US1TXAT0025,20230330,PRCP,3,,,N,0622
US1TXAT0025,20230301,SNOW,0,,,N,0542
US1TXAT0025,20230304,SNOW,0,,,N,0700
US1TXAT0025,20230305,SNOW,0,,,N,0700
US1TXAT0025,20230306,SNOW,0,,,N,0649
US1TXAT0025,20230307,SNOW,0,,,N,0649
US1TXAT0025,20230308,SNOW,0,,,N,0700
US1TXAT0025,20230309,SNOW,0,,,N,0648
US1TXAT0025,20230310,SNOW,0,,,N,0638
US1TXAT0025,20230311,SNOW,0,,,N,0649
US1TXAT0025,20230312,SNOW,0,,,N,0700
US1TXAT0025,20230313,SNOW,0,,,N,0700
US1TXAT0025,20230314,SNOW,0,,,N,0651
US1TXAT0025,20230315,SNOW,0,,,N,0545
US1TXAT0025,20230316,SNOW,0,,,N,0639
US1TXAT0025,20230320,SNOW,0,,,N,0624
US1TXAT0025,20230323,SNOW,0,,,N,0652
US1TXAT0025,20230324,SNOW,0,,,N,0542
US1TXAT0025,20230325,SNOW,0,,,N,0700
US1TXAT0025,20230326,SNOW,0,,,N,0700
US1TXAT0025,20230328,SNOW,0,,,N,0654
US1TXAT0025,20230329,SNOW,0,,,N,0530
US1TXAT0025,20230403,PRCP,0,,,N,0656
US1TXAT0025,20230404,PRCP,0,,,N,0649
US1TXAT0025,20230405,PRCP,0,,,N,0534
US1TXAT0025,20230406,PRCP,234,,,N,0518
US1TXAT0025,20230407,PRCP,201,,,N,0658
US1TXAT0025,20230408,PRCP,76,,,N,0700
US1TXAT0025,20230409,PRCP,0,,,N,0700
US1TXAT0025,20230410,PRCP,0,,,N,0650
US1TXAT0025,20230411,PRCP,0,,,N,0634
US1TXAT0025,20230412,PRCP,0,,,N,0628
US1TXAT0025,20230413,PRCP,0,,,N,0654
US1TXAT0025,20230414,PRCP,0,,,N,0700
US1TXAT0025,20230415,PRCP,0,,,N,0657
US1TXAT0025,20230416,PRCP,0,,,N,0700
US1TXAT0025,20230418,PRCP,0,,,N,0700
US1TXAT0025,20230419,PRCP,51,,,N,0700
US1TXAT0025,20230420,PRCP,0,,,N,0700
US1TXAT0025,20230421,PRCP,269,,,N,0700
US1TXAT0025,20230422,PRCP,0,,,N,0700
US1TXAT0025,20230423,PRCP,224,,,N,0700
US1TXAT0025,20230424,PRCP,107,,,N,0641
US1TXAT0025,20230425,PRCP,0,,,N,0637
US1TXAT0025,20230427,PRCP,74,,,N,0626
US1TXAT0025,20230428,PRCP,0,,,N,0641
US1TXAT0025,20230429,PRCP,0,,,N,0700
US1TXAT0025,20230430,PRCP,0,,,N,0700
US1TXAT0025,20230403,SNOW,0,,,N,0656
US1TXAT0025,20230404,SNOW,0,,,N,0649
US1TXAT0025,20230405,SNOW,0,,,N,0534
US1TXAT0025,20230409,SNOW,0,,,N,0700
US1TXAT0025,20230410,SNOW,0,,,N,0650
US1TXAT0025,20230411,SNOW,0,,,N,0634
US1TXAT0025,20230412,SNOW,0,,,N,0628
US1TXAT0025,20230413,SNOW,0,,,N,0654
US1TXAT0025,20230414,SNOW,0,,,N,0700
US1TXAT0025,20230415,SNOW,0,,,N,0657
US1TXAT0025,20230416,SNOW,0,,,N,0700
US1TXAT0025,20230418,SNOW,0,,,N,0700
US1TXAT0025,20230420,SNOW,0,,,N,0700
US1TXAT0025,20230422,SNOW,0,,,N,0700
US1TXAT0025,20230425,SNOW,0,,,N,0637
US1TXAT0025,20230428,SNOW,0,,,N,0641
US1TXAT0025,20230429,SNOW,0,,,N,0700
US1TXAT0025,20230430,SNOW,0,,,N,0700
US1TXAT0025,20230402,DAPR,2,,,N,0700
US1TXAT0025,20230402,MDPR,0,,,N,0700
US1TXAT0025,20230501,PRCP,0,,,N,0501
US1TXAT0025,20230502,PRCP,0,,,N,0648
US1TXAT0025,20230503,PRCP,0,,,N,0519
US1TXAT0025,20230504,PRCP,0,,,N,0631
US1TXAT0025,20230505,PRCP,0,,,N,0651
US1TXAT0025,20230506,PRCP,0,,,N,0700
US1TXAT0025,20230507,PRCP,13,,,N,0700
US1TXAT0025,20230508,PRCP,89,,,N,0653
US1TXAT0025,20230509,PRCP,64,,,N,0654
US1TXAT0025,20230510,PRCP,74,,,N,0700
US1TXAT0025,20230511,PRCP,0,,,N,0700
US1TXAT0025,20230512,PRCP,0,,,N,0659
US1TXAT0025,20230513,PRCP,546,,,N,0700
US1TXAT0025,20230514,PRCP,18,,,N,0700
US1TXAT0025,20230515,PRCP,0,,,N,0631
US1TXAT0025,20230516,PRCP,305,,,N,0511
US1TXAT0025,20230517,PRCP,91,,,N,0700
US1TXAT0025,20230518,PRCP,0,,,N,0700
US1TXAT0025,20230519,PRCP,0,,,N,0655
US1TXAT0025,20230520,PRCP,312,,,N,0700
US1TXAT0025,20230521,PRCP,8,,,N,0700
US1TXAT0025,20230522,PRCP,0,,,N,0626
US1TXAT0025,20230523,PRCP,0,,,N,0700
US1TXAT0025,20230524,PRCP,0,T,,N,0655
US1TXAT0025,20230525,PRCP,0,,,N,0651
US1TXAT0025,20230526,PRCP,0,,,N,0649
US1TXAT0025,20230527,PRCP,0,,,N,0932
US1TXAT0025,20230528,PRCP,0,,,N,0659
US1TXAT0025,20230529,PRCP,0,,,N,0700
US1TXAT0025,20230530,PRCP,127,,,N,0632
US1TXAT0025,20230531,PRCP,0,,,N,0640
US1TXAT0025,20230501,SNOW,0,,,N,0501
US1TXAT0025,20230502,SNOW,0,,,N,0648
US1TXAT0025,20230503,SNOW,0,,,N,0519
US1TXAT0025,20230504,SNOW,0,,,N,0631
US1TXAT0025,20230505,SNOW,0,,,N,0651
US1TXAT0025,20230506,SNOW,0,,,N,0700
US1TXAT0025,20230511,SNOW,0,,,N,0700
US1TXAT0025,20230512,SNOW,0,,,N,0659
US1TXAT0025,20230515,SNOW,0,,,N,0631
US1TXAT0025,20230518,SNOW,0,,,N,0700
US1TXAT0025,20230519,SNOW,0,,,N,0655
US1TXAT0025,20230522,SNOW,0,,,N,0626
US1TXAT0025,20230523,SNOW,0,,,N,0700
US1TXAT0025,20230525,SNOW,0,,,N,0651
US1TXAT0025,20230526,SNOW,0,,,N,0649
US1TXAT0025,20230527,SNOW,0,,,N,0932
US1TXAT0025,20230528,SNOW,0,,,N,0659
US1TXAT0025,20230529,SNOW,0,,,N,0700
US1TXAT0025,20230531,SNOW,0,,,N,0640
US1TXAT0025,20230601,PRCP,0,,,N,0625
US1TXAT0025,20230602,PRCP,0,,,N,0700
US1TXAT0025,20230603,PRCP,38,,,N,0700
US1TXAT0025,20230604,PRCP,206,,,N,0700
US1TXAT0025,20230605,PRCP,53,,,N,0659
US1TXAT0025,20230606,PRCP,0,,,N,0647
US1TXAT0025,20230607,PRCP,58,,,N,0630
US1TXAT0025,20230608,PRCP,0,,,N,0648
US1TXAT0025,20230609,PRCP,0,,,N,0700
US1TXAT0025,20230610,PRCP,0,,,N,0700
US1TXAT0025,20230611,PRCP,0,,,N,0700
US1TXAT0025,20230612,PRCP,0,,,N,0700
US1TXAT0025,20230613,PRCP,0,,,N,0643
US1TXAT0025,20230614,PRCP,0,,,N,0700
US1TXAT0025,20230615,PRCP,0,,,N,0700
US1TXAT0025,20230616,PRCP,0,,,N,0650
US1TXAT0025,20230617,PRCP,0,,,N,0700
US1TXAT0025,20230618,PRCP,0,,,N,0700
US1TXAT0025,20230619,PRCP,0,,,N,0639
US1TXAT0025,20230621,PRCP,0,,,N,0700
US1TXAT0025,20230622,PRCP,3,,,N,0615
US1TXAT0025,20230623,PRCP,51,,,N,0700
US1TXAT0025,20230624,PRCP,0,,,N,0700
US1TXAT0025,20230625,PRCP,0,,,N,0700
US1TXAT0025,20230626,PRCP,0,,,N,0652
US1TXAT0025,20230627,PRCP,0,,,N,0654
US1TXAT0025,20230628,PRCP,0,,,N,0700
US1TXAT0025,20230629,PRCP,0,,,N,0659
US1TXAT0025,20230630,PRCP,0,,,N,0651
US1TXAT0025,20230601,SNOW,0,,,N,0625
US1TXAT0025,20230602,SNOW,0,,,N,0700
US1TXAT0025,20230606,SNOW,0,,,N,0647
US1TXAT0025,20230608,SNOW,0,,,N,0648
US1TXAT0025,20230609,SNOW,0,,,N,0700
US1TXAT0025,20230610,SNOW,0,,,N,0700
US1TXAT0025,20230611,SNOW,0,,,N,0700
US1TXAT0025,20230612,SNOW,0,,,N,0700
US1TXAT0025,20230613,SNOW,0,,,N,0643
US1TXAT0025,20230614,SNOW,0,,,N,0700
US1TXAT0025,20230615,SNOW,0,,,N,0700
US1TXAT0025,20230616,SNOW,0,,,N,0650
US1TXAT0025,20230617,SNOW,0,,,N,0700
US1TXAT0025,20230618,SNOW,0,,,N,0700
US1TXAT0025,20230619,SNOW,0,,,N,0639
US1TXAT0025,20230621,SNOW,0,,,N,0700
US1TXAT0025,20230624,SNOW,0,,,N,0700
US1TXAT0025,20230625,SNOW,0,,,N,0700
US1TXAT0025,20230626,SNOW,0,,,N,0652
US1TXAT0025,20230627,SNOW,0,,,N,0654
US1TXAT0025,20230628,SNOW,0,,,N,0700
US1TXAT0025,20230629,SNOW,0,,,N,0659
US1TXAT0025,20230630,SNOW,0,,,N,0651
US1TXAT0025,20230701,PRCP,0,,,N,0700
US1TXAT0025,20230702,PRCP,0,,,N,0632
US1TXAT0025,20230703,PRCP,0,,,N,0700
US1TXAT0025,20230704,PRCP,0,,,N,0700
US1TXAT0025,20230705,PRCP,0,,,N,0542
US1TXAT0025,20230707,PRCP,0,,,N,0635
US1TXAT0025,20230708,PRCP,0,,,N,0700
US1TXAT0025,20230709,PRCP,0,,,N,0700
US1TXAT0025,20230710,PRCP,0,,,N,0647
US1TXAT0025,20230711,PRCP,0,,,N,0627
US1TXAT0025,20230712,PRCP,0,,,N,0655
US1TXAT0025,20230713,PRCP,0,,,N,0637
US1TXAT0025,20230714,PRCP,0,,,N,0651
US1TXAT0025,20230715,PRCP,0,,,N,0700
US1TXAT0025,20230716,PRCP,0,,,N,0700
US1TXAT0025,20230717,PRCP,0,,,N,0657
US1TXAT0025,20230718,PRCP,0,,,N,0700
US1TXAT0025,20230719,PRCP,0,,,N,0535
US1TXAT0025,20230720,PRCP,0,,,N,0656
US1TXAT0025,20230721,PRCP,0,,,N,0637
US1TXAT0025,20230722,PRCP,0,,,N,0700
US1TXAT0025,20230723,PRCP,0,,,N,0700
US1TXAT0025,20230724,PRCP,107,,,N,0700
US1TXAT0025,20230725,PRCP,0,,,N,0639
US1TXAT0025,20230726,PRCP,0,,,N,0700
US1TXAT0025,20230727,PRCP,0,,,N,0534
US1TXAT0025,20230728,PRCP,0,,,N,0639
US1TXAT0025,20230729,PRCP,0,,,N,0700
US1TXAT0025,20230730,PRCP,0,,,N,0700
US1TXAT0025,20230731,PRCP,0,,,N,0650
US1TXAT0025,20230701,SNOW,0,,,N,0700
US1TXAT0025,20230702,SNOW,0,,,N,0632
US1TXAT0025,20230703,SNOW,0,,,N,0700
US1TXAT0025,20230704,SNOW,0,,,N,0700
US1TXAT0025,20230705,SNOW,0,,,N,0542
US1TXAT0025,20230707,SNOW,0,,,N,0635
US1TXAT0025,20230708,SNOW,0,,,N,0700
US1TXAT0025,20230709,SNOW,0,,,N,0700
US1TXAT0025,20230710,SNOW,0,,,N,0647
US1TXAT0025,20230711,SNOW,0,,,N,0627
US1TXAT0025,20230712,SNOW,0,,,N,0655
US1TXAT0025,20230713,SNOW,0,,,N,0637
US1TXAT0025,20230714,SNOW,0,,,N,0651
US1TXAT0025,20230715,SNOW,0,,,N,0700
US1TXAT0025,20230716,SNOW,0,,,N,0700
US1TXAT0025,20230717,SNOW,0,,,N,0657
US1TXAT0025,20230718,SNOW,0,,,N,0700
US1TXAT0025,20230719,SNOW,0,,,N,0535
US1TXAT0025,20230720,SNOW,0,,,N,0656
US1TXAT0025,20230721,SNOW,0,,,N,0637
US1TXAT0025,20230722,SNOW,0,,,N,0700
US1TXAT0025,20230723,SNOW,0,,,N,0700
US1TXAT0025,20230725,SNOW,0,,,N,0639
US1TXAT0025,20230726,SNOW,0,,,N,0700
US1TXAT0025,20230727,SNOW,0,,,N,0534
US1TXAT0025,20230728,SNOW,0,,,N,0639
US1TXAT0025,20230729,SNOW,0,,,N,0700
US1TXAT0025,20230730,SNOW,0,,,N,0700
US1TXAT0025,20230731,SNOW,0,,,N,0650
US1TXAT0025,20230801,PRCP,0,,,N,0653
US1TXAT0025,20230802,PRCP,0,,,N,0700
US1TXAT0025,20230803,PRCP,0,,,N,0653
US1TXAT0025,20230804,PRCP,0,,,N,0700
US1TXAT0025,20230805,PRCP,0,,,N,0700
US1TXAT0025,20230806,PRCP,0,,,N,0700
US1TXAT0025,20230807,PRCP,0,,,N,0505
US1TXAT0025,20230808,PRCP,0,,,N,0647
US1TXAT0025,20230809,PRCP,0,,,N,0651
US1TXAT0025,20230810,PRCP,0,,,N,0649
US1TXAT0025,20230811,PRCP,0,,,N,0625
US1TXAT0025,20230812,PRCP,0,,,N,0700
US1TXAT0025,20230813,PRCP,0,,,N,0700
US1TXAT0025,20230814,PRCP,0,,,N,0531
US1TXAT0025,20230815,PRCP,0,,,N,0637
US1TXAT0025,20230816,PRCP,0,,,N,0700
US1TXAT0025,20230817,PRCP,0,,,N,0651
US1TXAT0025,20230818,PRCP,0,,,N,0700
US1TXAT0025,20230819,PRCP,0,,,N,0700
US1TXAT0025,20230820,PRCP,0,,,N,0700
US1TXAT0025,20230821,PRCP,0,,,N,0557
US1TXAT0025,20230822,PRCP,0,,,N,0638
US1TXAT0025,20230823,PRCP,191,,,N,0644
US1TXAT0025,20230824,PRCP,0,,,N,0644
US1TXAT0025,20230825,PRCP,0,,,N,0638
US1TXAT0025,20230828,PRCP,0,,,N,0700
US1TXAT0025,20230829,PRCP,0,,,N,0657
US1TXAT0025,20230830,PRCP,0,,,N,0604
US1TXAT0025,20230831,PRCP,0,,,N,0652
US1TXAT0025,20230801,SNOW,0,,,N,0653
US1TXAT0025,20230802,SNOW,0,,,N,0700
US1TXAT0025,20230803,SNOW,0,,,N,0653
US1TXAT0025,20230804,SNOW,0,,,N,0700
US1TXAT0025,20230805,SNOW,0,,,N,0700
US1TXAT0025,20230806,SNOW,0,,,N,0700
US1TXAT0025,20230807,SNOW,0,,,N,0505
US1TXAT0025,20230808,SNOW,0,,,N,0647
US1TXAT0025,20230809,SNOW,0,,,N,0651
US1TXAT0025,20230810,SNOW,0,,,N,0649
US1TXAT0025,20230811,SNOW,0,,,N,0625
US1TXAT0025,20230812,SNOW,0,,,N,0700
US1TXAT0025,20230813,SNOW,0,,,N,0700
US1TXAT0025,20230814,SNOW,0,,,N,0531
US1TXAT0025,20230815,SNOW,0,,,N,0637
US1TXAT0025,20230816,SNOW,0,,,N,0700
US1TXAT0025,20230817,SNOW,0,,,N,0651
US1TXAT0025,20230818,SNOW,0,,,N,0700
US1TXAT0025,20230819,SNOW,0,,,N,0700
US1TXAT0025,20230820,SNOW,0,,,N,0700
US1TXAT0025,20230821,SNOW,0,,,N,0557
US1TXAT0025,20230822,SNOW,0,,,N,0638
US1TXAT0025,20230824,SNOW,0,,,N,0644
US1TXAT0025,20230825,SNOW,0,,,N,0638
US1TXAT0025,20230828,SNOW,0,,,N,0700
US1TXAT0025,20230829,SNOW,0,,,N,0657
US1TXAT0025,20230830,SNOW,0,,,N,0604
US1TXAT0025,20230831,SNOW,0,,,N,0652
US1TXAT0025,20230901,PRCP,0,,,N,0543
US1TXAT0025,20230902,PRCP,0,,,N,0700
US1TXAT0025,20230903,PRCP,0,,,N,0700
US1TXAT0025,20230904,PRCP,0,,,N,0655
US1TXAT0025,20230905,PRCP,0,,,N,0658
US1TXAT0025,20230906,PRCP,0,,,N,0552
US1TXAT0025,20230907,PRCP,0,,,N,0634
US1TXAT0025,20230908,PRCP,0,,,N,0700
US1TXAT0025,20230909,PRCP,0,,,N,0700
US1TXAT0025,20230910,PRCP,0,T,,N,0700
US1TXAT0025,20230911,PRCP,0,,,N,0527
US1TXAT0025,20230912,PRCP,0,,,N,0600
US1TXAT0025,20230913,PRCP,0,,,N,0658
US1TXAT0025,20230914,PRCP,0,,,N,0636
US1TXAT0025,20230915,PRCP,89,,,N,0651
US1TXAT0025,20230916,PRCP,0,,,N,0700
US1TXAT0025,20230917,PRCP,0,,,N,0700
US1TXAT0025,20230918,PRCP,0,,,N,0656
US1TXAT0025,20230919,PRCP,0,,,N,0644
US1TXAT0025,20230920,PRCP,0,,,N,0533
US1TXAT0025,20230921,PRCP,0,,,N,0649
US1TXAT0025,20230922,PRCP,0,,,N,0700
US1TXAT0025,20230923,PRCP,0,,,N,0700
US1TXAT0025,20230924,PRCP,0,,,N,0700
US1TXAT0025,20230925,PRCP,0,,,N,0653
US1TXAT0025,20230926,PRCP,0,T,,N,0700
US1TXAT0025,20230927,PRCP,0,,,N,0700
US1TXAT0025,20230928,PRCP,0,,,N,0605
US1TXAT0025,20230929,PRCP,0,,,N,0651
US1TXAT0025,20230930,PRCP,0,,,N,0700
US1TXAT0025,20230901,SNOW,0,,,N,0543
US1TXAT0025,20230902,SNOW,0,,,N,0700
US1TXAT0025,20230903,SNOW,0,,,N,0700
US1TXAT0025,20230904,SNOW,0,,,N,0655
US1TXAT0025,20230905,SNOW,0,,,N,0658
US1TXAT0025,20230906,SNOW,0,,,N,0552
US1TXAT0025,20230907,SNOW,0,,,N,0634
US1TXAT0025,20230908,SNOW,0,,,N,0700
US1TXAT0025,20230909,SNOW,0,,,N,0700
US1TXAT0025,20230911,SNOW,0,,,N,0527
US1TXAT0025,20230912,SNOW,0,,,N,0600
US1TXAT0025,20230913,SNOW,0,,,N,0658
US1TXAT0025,20230914,SNOW,0,,,N,0636
US1TXAT0025,20230916,SNOW,0,,,N,0700
US1TXAT0025,20230917,SNOW,0,,,N,0700
US1TXAT0025,20230918,SNOW,0,,,N,0656
US1TXAT0025,20230919,SNOW,0,,,N,0644
US1TXAT0025,20230920,SNOW,0,,,N,0533
US1TXAT0025,20230921,SNOW,0,,,N,0649
US1TXAT0025,20230922,SNOW,0,,,N,0700
US1TXAT0025,20230923,SNOW,0,,,N,0700
US1TXAT0025,20230924,SNOW,0,,,N,0700
US1TXAT0025,20230925,SNOW,0,,,N,0653
US1TXAT0025,20230927,SNOW,0,,,N,0700
US1TXAT0025,20230928,SNOW,0,,,N,0605
US1TXAT0025,20230929,SNOW,0,,,N,0651
US1TXAT0025,20230930,SNOW,0,,,N,0700
US1TXAT0025,20231001,PRCP,0,,,N,0700
US1TXAT0025,20231002,PRCP,3,,,N,0700
US1TXAT0025,20231003,PRCP,3,,,N,0651
US1TXAT0025,20231004,PRCP,0,,,N,0641
US1TXAT0025,20231005,PRCP,0,,,N,0654
US1TXAT0025,20231006,PRCP,152,,,N,0641
US1TXAT0025,20231007,PRCP,0,,,N,0700
US1TXAT0025,20231008,PRCP,0,,,N,0700
US1TXAT0025,20231009,PRCP,0,,,N,0700
US1TXAT0025,20231010,PRCP,0,,,N,0643
US1TXAT0025,20231011,PRCP,0,,,N,0646
US1TXAT0025,20231012,PRCP,127,,,N,0633
US1TXAT0025,20231013,PRCP,0,,,N,0648
US1TXAT0025,20231014,PRCP,0,,,N,0700
US1TXAT0025,20231015,PRCP,0,,,N,0700
US1TXAT0025,20231016,PRCP,0,,,N,0700
US1TXAT0025,20231017,PRCP,0,,,N,0657
US1TXAT0025,20231018,PRCP,0,,,N,0700
US1TXAT0025,20231019,PRCP,0,,,N,0656
US1TXAT0025,20231020,PRCP,0,,,N,0641
US1TXAT0025,20231021,PRCP,0,,,N,0700
US1TXAT0025,20231022,PRCP,0,,,N,0700
US1TXAT0025,20231023,PRCP,0,,,N,0658
US1TXAT0025,20231024,PRCP,0,,,N,0651
US1TXAT0025,20231026,PRCP,3,,,N,0700
US1TXAT0025,20231027,PRCP,389,,,N,0635
US1TXAT0025,20231028,PRCP,5,,,N,0700
US1TXAT0025,20231029,PRCP,0,,,N,0700
US1TXAT0025,20231030,PRCP,25,,,N,0700
US1TXAT0025,20231031,PRCP,33,,,N,0700
US1TXAT0025,20231001,SNOW,0,,,N,0700
US1TXAT0025,20231004,SNOW,0,,,N,0641
US1TXAT0025,20231005,SNOW,0,,,N,0654
US1TXAT0025,20231007,SNOW,0,,,N,0700
US1TXAT0025,20231008,SNOW,0,,,N,0700
US1TXAT0025,20231009,SNOW,0,,,N,0700
US1TXAT0025,20231010,SNOW,0,,,N,0643
US1TXAT0025,20231011,SNOW,0,,,N,0646
US1TXAT0025,20231013,SNOW,0,,,N,0648
US1TXAT0025,20231014,SNOW,0,,,N,0700
US1TXAT0025,20231015,SNOW,0,,,N,0700
US1TXAT0025,20231016,SNOW,0,,,N,0700
US1TXAT0025,20231017,SNOW,0,,,N,0657
US1TXAT0025,20231018,SNOW,0,,,N,0700
US1TXAT0025,20231019,SNOW,0,,,N,0656
US1TXAT0025,20231020,SNOW,0,,,N,0641
US1TXAT0025,20231021,SNOW,0,,,N,0700
US1TXAT0025,20231022,SNOW,0,,,N,0700
US1TXAT0025,20231023,SNOW,0,,,N,0658
US1TXAT0025,20231024,SNOW,0,,,N,0651
US1TXAT0025,20231029,SNOW,0,,,N,0700
US1TXAT0025,20231101,PRCP,0,,,N,0631
US1TXAT0025,20231102,PRCP,0,,,N,0700
US1TXAT0025,20231103,PRCP,0,,,N,0700
US1TXAT0025,20231104,PRCP,0,,,N,0700
US1TXAT0025,20231105,PRCP,0,,,N,0700
US1TXAT0025,20231106,PRCP,0,,,N,0655
US1TXAT0025,20231107,PRCP,0,,,N,0628
US1TXAT0025,20231108,PRCP,0,,,N,0641
US1TXAT0025,20231109,PRCP,0,,,N,0653
US1TXAT0025,20231110,PRCP,74,,,N,0700
US1TXAT0025,20231111,PRCP,0,T,,N,0700
US1TXAT0025,20231112,PRCP,25,,,N,0700
US1TXAT0025,20231113,PRCP,94,,,N,0648
US1TXAT0025,20231114,PRCP,0,,,N,0645
US1TXAT0025,20231115,PRCP,0,,,N,0628
US1TXAT0025,20231116,PRCP,0,,,N,0649
US1TXAT0025,20231117,PRCP,0,,,N,0700
US1TXAT0025,20231118,PRCP,0,,,N,0653
US1TXAT0025,20231119,PRCP,0,,,N,0700
US1TXAT0025,20231120,PRCP,0,T,,N,0700
US1TXAT0025,20231121,PRCP,0,,,N,0645
US1TXAT0025,20231122,PRCP,0,,,N,0700
US1TXAT0025,20231123,PRCP,3,,,N,0700
US1TXAT0025,20231124,PRCP,51,,,N,0700
US1TXAT0025,20231125,PRCP,0,,,N,0700
US1TXAT0025,20231126,PRCP,8,,,N,0700
US1TXAT0025,20231127,PRCP,0,,,N,0610
US1TXAT0025,20231128,PRCP,0,,,N,0700
US1TXAT0025,20231129,PRCP,0,,,N,0649
US1TXAT0025,20231130,PRCP,25,,,N,0700
US1TXAT0025,20231101,SNOW,0,,,N,0631
US1TXAT0025,20231102,SNOW,0,,,N,0700
US1TXAT0025,20231103,SNOW,0,,,N,0700
US1TXAT0025,20231104,SNOW,0,,,N,0700
US1TXAT0025,20231105,SNOW,0,,,N,0700
US1TXAT0025,20231106,SNOW,0,,,N,0655
US1TXAT0025,20231107,SNOW,0,,,N,0628
US1TXAT0025,20231108,SNOW,0,,,N,0641
US1TXAT0025,20231109,SNOW,0,,,N,0653
US1TXAT0025,20231114,SNOW,0,,,N,0645
US1TXAT0025,20231115,SNOW,0,,,N,0628
US1TXAT0025,20231116,SNOW,0,,,N,0649
US1TXAT0025,20231117,SNOW,0,,,N,0700
US1TXAT0025,20231118,SNOW,0,,,N,0653
US1TXAT0025,20231119,SNOW,0,,,N,0700
US1TXAT0025,20231121,SNOW,0,,,N,0645
US1TXAT0025,20231122,SNOW,0,,,N,0700
US1TXAT0025,20231125,SNOW,0,,,N,0700
US1TXAT0025,20231127,SNOW,0,,,N,0610
US1TXAT0025,20231128,SNOW,0,,,N,0700
US1TXAT0025,20231129,SNOW,0,,,N,0649
US1TXAT0025,20231201,PRCP,0,T,,N,0658
US1TXAT0025,20231202,PRCP,0,,,N,0700
US1TXAT0025,20231203,PRCP,0,,,N,0700
US1TXAT0025,20231205,PRCP,0,,,N,0700
US1TXAT0025,20231206,PRCP,0,,,N,0646
US1TXAT0025,20231207,PRCP,0,,,N,0700
US1TXAT0025,20231208,PRCP,0,,,N,0653
US1TXAT0025,20231209,PRCP,0,,,N,0650
US1TXAT0025,20231210,PRCP,0,,,N,0700
US1TXAT0025,20231211,PRCP,0,,,N,0656
US1TXAT0025,20231212,PRCP,0,,,N,0700
US1TXAT0025,20231213,PRCP,0,T,,N,0700
US1TXAT0025,20231214,PRCP,5,,,N,0700
US1TXAT0025,20231215,PRCP,0,,,N,0650
US1TXAT0025,20231216,PRCP,3,,,N,0700
US1TXAT0025,20231217,PRCP,0,,,N,0700
US1TXAT0025,20231218,PRCP,0,,,N,0639
US1TXAT0025,20231219,PRCP,0,,,N,0650
US1TXAT0025,20231220,PRCP,0,,,N,0700
US1TXAT0025,20231221,PRCP,0,,,N,0700
US1TXAT0025,20231222,PRCP,8,,,N,0700
US1TXAT0025,20231223,PRCP,0,,,N,0700
US1TXAT0025,20231224,PRCP,30,,,N,0700
US1TXAT0025,20231226,PRCP,0,,,N,0656
US1TXAT0025,20231227,PRCP,0,,,N,0637
US1TXAT0025,20231228,PRCP,0,,,N,0656
US1TXAT0025,20231229,PRCP,0,,,N,0626
US1TXAT0025,20231230,PRCP,0,,,N,0700
US1TXAT0025,20231231,PRCP,0,,,N,0700
US1TXAT0025,20231202,SNOW,0,,,N,0700
US1TXAT0025,20231203,SNOW,0,,,N,0700
US1TXAT0025,20231205,SNOW,0,,,N,0700
US1TXAT0025,20231206,SNOW,0,,,N,0646
US1TXAT0025,20231207,SNOW,0,,,N,0700
US1TXAT0025,20231208,SNOW,0,,,N,0653
US1TXAT0025,20231209,SNOW,0,,,N,0650
US1TXAT0025,20231210,SNOW,0,,,N,0700
US1TXAT0025,20231211,SNOW,0,,,N,0656
US1TXAT0025,20231212,SNOW,0,,,N,0700
US1TXAT0025,20231215,SNOW,0,,,N,0650
US1TXAT0025,20231217,SNOW,0,,,N,0700
US1TXAT0025,20231218,SNOW,0,,,N,0639
US1TXAT0025,20231219,SNOW,0,,,N,0650
US1TXAT0025,20231220,SNOW,0,,,N,0700
US1TXAT0025,20231221,SNOW,0,,,N,0700
US1TXAT0025,20231223,SNOW,0,,,N,0700
US1TXAT0025,20231226,SNOW,0,,,N,0656
US1TXAT0025,20231227,SNOW,0,,,N,0637
US1TXAT0025,20231228,SNOW,0,,,N,0656
US1TXAT0025,20231229,SNOW,0,,,N,0626
US1TXAT0025,20231230,SNOW,0,,,N,0700
US1TXAT0025,20231231,SNOW,0,,,N,0700
US1TXAT0025,20240101,PRCP,0,,,N,0700
US1TXAT0025,20240102,PRCP,0,,,N,0700
US1TXAT0025,20240103,PRCP,5,,,N,0653
US1TXAT0025,20240104,PRCP,0,,,N,0700
US1TXAT0025,20240105,PRCP,0,T,,N,0647
US1TXAT0025,20240106,PRCP,0,,,N,0700
US1TXAT0025,20240107,PRCP,0,,,N,0700
US1TXAT0025,20240108,PRCP,0,T,,N,0632
US1TXAT0025,20240109,PRCP,0,,,N,0658
US1TXAT0025,20240110,PRCP,0,,,N,0657
US1TXAT0025,20240111,PRCP,0,,,N,0700
US1TXAT0025,20240112,PRCP,0,,,N,0548
US1TXAT0025,20240113,PRCP,0,,,N,0700
US1TXAT0025,20240114,PRCP,0,,,N,0700
US1TXAT0025,20240115,PRCP,0,T,,N,0700
US1TXAT0025,20240116,PRCP,0,,,N,0700
US1TXAT0025,20240117,PRCP,0,,,N,0649
US1TXAT0025,20240119,PRCP,0,,,N,0700
US1TXAT0025,20240120,PRCP,0,,,N,0700
US1TXAT0025,20240121,PRCP,0,,,N,0700
US1TXAT0025,20240122,PRCP,236,,,N,0700
US1TXAT0025,20240123,PRCP,23,,,N,0634
US1TXAT0025,20240124,PRCP,185,,,N,0628
US1TXAT0025,20240125,PRCP,170,,,N,0658
US1TXAT0025,20240126,PRCP,0,,,N,0700
US1TXAT0025,20240127,PRCP,0,,,N,0700
US1TXAT0025,20240128,PRCP,0,,,N,0700
US1TXAT0025,20240129,PRCP,0,,,N,0549
US1TXAT0025,20240130,PRCP,0,,,N,0650
US1TXAT0025,20240131,PRCP,0,,,N,0659
US1TXAT0025,20240101,SNOW,0,,,N,0700
US1TXAT0025,20240102,SNOW,0,,,N,0700
US1TXAT0025,20240104,SNOW,0,,,N,0700
US1TXAT0025,20240106,SNOW,0,,,N,0700
US1TXAT0025,20240107,SNOW,0,,,N,0700
US1TXAT0025,20240109,SNOW,0,,,N,0658
US1TXAT0025,20240110,SNOW,0,,,N,0657
US1TXAT0025,20240111,SNOW,0,,,N,0700
US1TXAT0025,20240112,SNOW,0,,,N,0548
US1TXAT0025,20240113,SNOW,0,,,N,0700
US1TXAT0025,20240114,SNOW,0,,,N,0700
US1TXAT0025,20240116,SNOW,0,,,N,0700
US1TXAT0025,20240117,SNOW,0,,,N,0649
US1TXAT0025,20240119,SNOW,0,,,N,0700
US1TXAT0025,20240120,SNOW,0,,,N,0700
US1TXAT0025,20240121,SNOW,0,,,N,0700
US1TXAT0025,20240126,SNOW,0,,,N,0700
US1TXAT0025,20240127,SNOW,0,,,N,0700
US1TXAT0025,20240128,SNOW,0,,,N,0700
US1TXAT0025,20240129,SNOW,0,,,N,0549
US1TXAT0025,20240130,SNOW,0,,,N,0650
US1TXAT0025,20240131,SNOW,0,,,N,0659
US1TXAT0025,20240201,PRCP,0,,,N,0646
US1TXAT0025,20240202,PRCP,0,,,N,0700
US1TXAT0025,20240203,PRCP,343,,,N,0700
US1TXAT0025,20240204,PRCP,0,,,N,0700
US1TXAT0025,20240205,PRCP,0,,,N,0700
US1TXAT0025,20240207,PRCP,0,,,N,0648
US1TXAT0025,20240208,PRCP,0,,,N,0655
US1TXAT0025,20240209,PRCP,0,,,N,0700
US1TXAT0025,20240210,PRCP,0,,,N,0700
US1TXAT0025,20240211,PRCP,5,,,N,0700
US1TXAT0025,20240212,PRCP,0,,,N,0542
US1TXAT0025,20240213,PRCP,0,,,N,0644
US1TXAT0025,20240214,PRCP,0,,,N,0640
US1TXAT0025,20240215,PRCP,0,,,N,0637
US1TXAT0025,20240216,PRCP,69,,,N,0700
US1TXAT0025,20240217,PRCP,25,,,N,0700
US1TXAT0025,20240218,PRCP,0,,,N,0700
US1TXAT0025,20240219,PRCP,0,,,N,0650
US1TXAT0025,20240220,PRCP,0,,,N,0700
US1TXAT0025,20240221,PRCP,0,,,N,0649
US1TXAT0025,20240222,PRCP,0,,,N,0700
US1TXAT0025,20240223,PRCP,0,,,N,0700
US1TXAT0025,20240224,PRCP,0,,,N,0700
US1TXAT0025,20240225,PRCP,0,,,N,0700
US1TXAT0025,20240226,PRCP,0,,,N,0700
US1TXAT0025,20240227,PRCP,0,,,N,0700
US1TXAT0025,20240228,PRCP,0,,,N,0700
US1TXAT0025,20240229,PRCP,0,,,N,0700
US1TXAT0025,20240201,SNOW,0,,,N,0646
US1TXAT0025,20240202,SNOW,0,,,N,0700
US1TXAT0025,20240204,SNOW,0,,,N,0700
US1TXAT0025,20240205,SNOW,0,,,N,0700
US1TXAT0025,20240207,SNOW,0,,,N,0648
US1TXAT0025,20240208,SNOW,0,,,N,0655
US1TXAT0025,20240209,SNOW,0,,,N,0700
US1TXAT0025,20240210,SNOW,0,,,N,0700
US1TXAT0025,20240212,SNOW,0,,,N,0542
US1TXAT0025,20240213,SNOW,0,,,N,0644
US1TXAT0025,20240214,SNOW,0,,,N,0640
US1TXAT0025,20240215,SNOW,0,,,N,0637
US1TXAT0025,20240218,SNOW,0,,,N,0700
US1TXAT0025,20240219,SNOW,0,,,N,0650
US1TXAT0025,20240220,SNOW,0,,,N,0700
US1TXAT0025,20240221,SNOW,0,,,N,0649
US1TXAT0025,20240222,SNOW,0,,,N,0700
US1TXAT0025,20240223,SNOW,0,,,N,0700
US1TXAT0025,20240224,SNOW,0,,,N,0700
US1TXAT0025,20240225,SNOW,0,,,N,0700
US1TXAT0025,20240226,SNOW,0,,,N,0700
US1TXAT0025,20240227,SNOW,0,,,N,0700
US1TXAT0025,20240228,SNOW,0,,,N,0700
US1TXAT0025,20240229,SNOW,0,,,N,0700
US1TXAT0025,20240301,PRCP,0,,,N,0700
US1TXAT0025,20240302,PRCP,0,,,N,0700
US1TXAT0025,20240304,PRCP,0,,,N,0700
US1TXAT0025,20240305,PRCP,0,,,N,0700
US1TXAT0025,20240306,PRCP,0,,,N,0700
US1TXAT0025,20240307,PRCP,0,,,N,0700
US1TXAT0025,20240308,PRCP,0,,,N,0655
US1TXAT0025,20240309,PRCP,18,,,N,0700
US1TXAT0025,20240311,PRCP,0,,,N,0700
US1TXAT0025,20240312,PRCP,0,,,N,0700
US1TXAT0025,20240313,PRCP,0,,,N,0700
US1TXAT0025,20240314,PRCP,0,,,N,0606
US1TXAT0025,20240315,PRCP,0,T,,N,0648
US1TXAT0025,20240316,PRCP,0,,,N,0700
US1TXAT0025,20240317,PRCP,284,,,N,0700
US1TXAT0025,20240318,PRCP,18,,,N,0700
US1TXAT0025,20240319,PRCP,0,T,,N,0700
US1TXAT0025,20240320,PRCP,0,,,N,0649
US1TXAT0025,20240321,PRCP,38,,,N,0700
US1TXAT0025,20240322,PRCP,0,,,N,0700
US1TXAT0025,20240323,PRCP,0,,,N,0700
US1TXAT0025,20240325,PRCP,0,T,,N,0640
US1TXAT0025,20240326,PRCP,0,,,N,0700
US1TXAT0025,20240327,PRCP,0,,,N,0700
US1TXAT0025,20240328,PRCP,5,,,N,0700
US1TXAT0025,20240329,PRCP,0,,,N,0700
US1TXAT0025,20240330,PRCP,0,,,N,0700
US1TXAT0025,20240331,PRCP,0,,,N,0700
US1TXAT0025,20240301,SNOW,0,,,N,0700
US1TXAT0025,20240302,SNOW,0,,,N,0700
US1TXAT0025,20240304,SNOW,0,,,N,0700
US1TXAT0025,20240305,SNOW,0,,,N,0700
US1TXAT0025,20240306,SNOW,0,,,N,0700
US1TXAT0025,20240307,SNOW,0,,,N,0700
US1TXAT0025,20240308,SNOW,0,,,N,0655
US1TXAT0025,20240311,SNOW,0,,,N,0700
US1TXAT0025,20240312,SNOW,0,,,N,0700
US1TXAT0025,20240313,SNOW,0,,,N,0700
US1TXAT0025,20240314,SNOW,0,,,N,0606
US1TXAT0025,20240316,SNOW,0,,,N,0700
US1TXAT0025,20240320,SNOW,0,,,N,0649
US1TXAT0025,20240322,SNOW,0,,,N,0700
US1TXAT0025,20240323,SNOW,0,,,N,0700
US1TXAT0025,20240326,SNOW,0,,,N,0700
US1TXAT0025,20240327,SNOW,0,,,N,0700
US1TXAT0025,20240329,SNOW,0,,,N,0700
US1TXAT0025,20240330,SNOW,0,,,N,0700
US1TXAT0025,20240331,SNOW,0,,,N,0700
US1TXAT0025,20240401,PRCP,0,,,N,0700
US1TXAT0025,20240402,PRCP,0,,,N,0700
US1TXAT0025,20240403,PRCP,0,,,N,0700
US1TXAT0025,20240404,PRCP,0,,,N,0700
US1TXAT0025,20240405,PRCP,0,,,N,0700
US1TXAT0025,20240407,PRCP,0,,,N,0700
US1TXAT0025,20240408,PRCP,0,,,N,0700
US1TXAT0025,20240409,PRCP,3,,,N,0700
US1TXAT0025,20240410,PRCP,254,,,N,0700
US1TXAT0025,20240411,PRCP,0,,,N,0700
US1TXAT0025,20240416,PRCP,0,T,,N,0700
US1TXAT0025,20240417,PRCP,0,T,,N,0700
US1TXAT0025,20240418,PRCP,0,,,N,0700
US1TXAT0025,20240419,PRCP,0,,,N,0630
US1TXAT0025,20240421,PRCP,310,,,N,0700
US1TXAT0025,20240422,PRCP,0,,,N,0700
US1TXAT0025,20240423,PRCP,0,,,N,0700
US1TXAT0025,20240424,PRCP,0,,,N,0700
US1TXAT0025,20240425,PRCP,0,T,,N,0700
US1TXAT0025,20240426,PRCP,0,,,N,0700
US1TXAT0025,20240427,PRCP,0,,,N,0700
US1TXAT0025,20240428,PRCP,0,,,N,0700
US1TXAT0025,20240429,PRCP,599,,,N,0700
US1TXAT0025,20240430,PRCP,0,,,N,0700
US1TXAT0025,20240401,SNOW,0,,,N,0700
US1TXAT0025,20240402,SNOW,0,,,N,0700
US1TXAT0025,20240403,SNOW,0,,,N,0700
US1TXAT0025,20240404,SNOW,0,,,N,0700
US1TXAT0025,20240405,SNOW,0,,,N,0700
US1TXAT0025,20240407,SNOW,0,,,N,0700
US1TXAT0025,20240408,SNOW,0,,,N,0700
US1TXAT0025,20240411,SNOW,0,,,N,0700
US1TXAT0025,20240418,SNOW,0,,,N,0700
US1TXAT0025,20240419,SNOW,0,,,N,0630
US1TXAT0025,20240422,SNOW,0,,,N,0700
US1TXAT0025,20240423,SNOW,0,,,N,0700
US1TXAT0025,20240424,SNOW,0,,,N,0700
US1TXAT0025,20240426,SNOW,0,,,N,0700
US1TXAT0025,20240427,SNOW,0,,,N,0700
US1TXAT0025,20240428,SNOW,0,,,N,0700
US1TXAT0025,20240430,SNOW,0,,,N,0700
US1TXAT0025,20240415,DAPR,4,,,N,0700
US1TXAT0025,20240415,MDPR,0,,,N,0700
US1TXAT0025,20240501,PRCP,0,,,N,0700
US1TXAT0025,20240502,PRCP,0,,,N,0700
US1TXAT0025,20240503,PRCP,8,,,N,0700
US1TXAT0025,20240504,PRCP,0,,,N,0700
US1TXAT0025,20240505,PRCP,0,T,,N,0700
US1TXAT0025,20240506,PRCP,0,,,N,0700
US1TXAT0025,20240507,PRCP,0,,,N,0700
US1TXAT0025,20240508,PRCP,0,,,N,0700
US1TXAT0025,20240510,PRCP,0,,,N,0700
US1TXAT0025,20240511,PRCP,0,,,N,0700
US1TXAT0025,20240512,PRCP,0,,,N,0700
US1TXAT0025,20240513,PRCP,0,,,N,0700
US1TXAT0025,20240514,PRCP,462,,,N,0700
US1TXAT0025,20240515,PRCP,0,,,N,0700
US1TXAT0025,20240516,PRCP,0,,,N,0700
US1TXAT0025,20240517,PRCP,0,T,,N,0547
US1TXAT0025,20240518,PRCP,0,,,N,0700
US1TXAT0025,20240519,PRCP,0,,,N,0700
US1TXAT0025,20240520,PRCP,0,,,N,0700
US1TXAT0025,20240521,PRCP,0,,,N,0700
US1TXAT0025,20240522,PRCP,0,,,N,0700
US1TXAT0025,20240523,PRCP,0,,,N,0700
US1TXAT0025,20240524,PRCP,0,,,N,0700
US1TXAT0025,20240526,PRCP,0,,,N,0700
US1TXAT0025,20240527,PRCP,0,,,N,0700
US1TXAT0025,20240528,PRCP,0,,,N,0700
US1TXAT0025,20240529,PRCP,30,,,N,0700
US1TXAT0025,20240530,PRCP,0,,,N,0700
US1TXAT0025,20240531,PRCP,0,,,N,0700
US1TXAT0025,20240501,SNOW,0,,,N,0700
US1TXAT0025,20240502,SNOW,0,,,N,0700
US1TXAT0025,20240504,SNOW,0,,,N,0700
US1TXAT0025,20240506,SNOW,0,,,N,0700
US1TXAT0025,20240507,SNOW,0,,,N,0700
US1TXAT0025,20240508,SNOW,0,,,N,0700
US1TXAT0025,20240510,SNOW,0,,,N,0700
US1TXAT0025,20240511,SNOW,0,,,N,0700
US1TXAT0025,20240512,SNOW,0,,,N,0700
US1TXAT0025,20240513,SNOW,0,,,N,0700
US1TXAT0025,20240515,SNOW,0,,,N,0700
US1TXAT0025,20240516,SNOW,0,,,N,0700
US1TXAT0025,20240518,SNOW,0,,,N,0700
US1TXAT0025,20240519,SNOW,0,,,N,0700
US1TXAT0025,20240520,SNOW,0,,,N,0700
US1TXAT0025,20240521,SNOW,0,,,N,0700
US1TXAT0025,20240522,SNOW,0,,,N,0700
US1TXAT0025,20240523,SNOW,0,,,N,0700
US1TXAT0025,20240524,SNOW,0,,,N,0700
US1TXAT0025,20240526,SNOW,0,,,N,0700
US1TXAT0025,20240527,SNOW,0,,,N,0700
US1TXAT0025,20240528,SNOW,0,,,N,0700
US1TXAT0025,20240530,SNOW,0,,,N,0700
US1TXAT0025,20240531,SNOW,0,,,N,0700
US1TXAT0025,20240601,PRCP,8,,,N,0800
US1TXAT0025,20240602,PRCP,10,,,N,0700
US1TXAT0025,20240603,PRCP,0,,,N,0700
US1TXAT0025,20240604,PRCP,0,,,N,0700
US1TXAT0025,20240605,PRCP,0,,,N,0700
US1TXAT0025,20240606,PRCP,0,,,N,0700
US1TXAT0025,20240607,PRCP,0,,,N,0700
US1TXAT0025,20240608,PRCP,0,,,N,0700
US1TXAT0025,20240609,PRCP,0,,,N,0700
US1TXAT0025,20240610,PRCP,0,,,N,0700
US1TXAT0025,20240611,PRCP,178,,,N,0700
US1TXAT0025,20240612,PRCP,0,T,,N,0700
US1TXAT0025,20240613,PRCP,0,T,,N,0700
US1TXAT0025,20240614,PRCP,0,,,N,0700
US1TXAT0025,20240615,PRCP,0,,,N,0700
US1TXAT0025,20240616,PRCP,0,,,N,0700
US1TXAT0025,20240617,PRCP,0,,,N,0700
US1TXAT0025,20240618,PRCP,0,,,N,0700
US1TXAT0025,20240620,PRCP,406,,,N,0700
US1TXAT0025,20240621,PRCP,150,,,N,0700
US1TXAT0025,20240622,PRCP,0,,,N,0700
US1TXAT0025,20240623,PRCP,0,,,N,0700
US1TXAT0025,20240624,PRCP,0,,,N,0700
US1TXAT0025,20240625,PRCP,0,,,N,0700
US1TXAT0025,20240627,PRCP,0,,,N,0700
US1TXAT0025,20240628,PRCP,0,,,N,0700
US1TXAT0025,20240629,PRCP,0,,,N,0700
US1TXAT0025,20240630,PRCP,0,,,N,0700
US1TXAT0025,20240603,SNOW,0,,,N,0700
US1TXAT0025,20240604,SNOW,0,,,N,0700
US1TXAT0025,20240605,SNOW,0,,,N,0700
US1TXAT0025,20240606,SNOW,0,,,N,0700
US1TXAT0025,20240607,SNOW,0,,,N,0700
US1TXAT0025,20240608,SNOW,0,,,N,0700
US1TXAT0025,20240609,SNOW,0,,,N,0700
US1TXAT0025,20240610,SNOW,0,,,N,0700
US1TXAT0025,20240614,SNOW,0,,,N,0700
US1TXAT0025,20240615,SNOW,0,,,N,0700
US1TXAT0025,20240616,SNOW,0,,,N,0700
US1TXAT0025,20240617,SNOW,0,,,N,0700
US1TXAT0025,20240618,SNOW,0,,,N,0700
US1TXAT0025,20240622,SNOW,0,,,N,0700
US1TXAT0025,20240623,SNOW,0,,,N,0700
US1TXAT0025,20240624,SNOW,0,,,N,0700
US1TXAT0025,20240625,SNOW,0,,,N,0700
US1TXAT0025,20240627,SNOW,0,,,N,0700
US1TXAT0025,20240628,SNOW,0,,,N,0700
US1TXAT0025,20240629,SNOW,0,,,N,0700
US1TXAT0025,20240630,SNOW,0,,,N,0700
US1TXAT0025,20240701,PRCP,0,,,N,0700
US1TXAT0025,20240702,PRCP,0,,,N,0700
US1TXAT0025,20240703,PRCP,0,,,N,0700
US1TXAT0025,20240704,PRCP,0,,,N,0700
US1TXAT0025,20240705,PRCP,0,,,N,0700
US1TXAT0025,20240706,PRCP,0,,,N,0700
US1TXAT0025,20240707,PRCP,442,,,N,0700
US1TXAT0025,20240708,PRCP,0,,,N,0700
US1TXAT0025,20240709,PRCP,0,,,N,0700
US1TXAT0025,20240710,PRCP,38,,,N,0700
US1TXAT0025,20240711,PRCP,3,,,N,0630
US1TXAT0025,20240712,PRCP,0,,,N,0700
US1TXAT0025,20240713,PRCP,130,,,N,0700
US1TXAT0025,20240714,PRCP,0,,,N,0700
US1TXAT0025,20240715,PRCP,0,,,N,0700
US1TXAT0025,20240716,PRCP,0,,,N,0700
US1TXAT0025,20240717,PRCP,0,,,N,0700
US1TXAT0025,20240718,PRCP,0,,,N,0639
US1TXAT0025,20240719,PRCP,0,,,N,0700
US1TXAT0025,20240720,PRCP,0,,,N,0700
US1TXAT0025,20240721,PRCP,0,,,N,0700
US1TXAT0025,20240722,PRCP,0,,,N,0700
US1TXAT0025,20240723,PRCP,0,,,N,0700
US1TXAT0025,20240724,PRCP,315,,,N,0700
US1TXAT0025,20240725,PRCP,124,,,N,0700
US1TXAT0025,20240726,PRCP,0,,,N,0700
US1TXAT0025,20240727,PRCP,0,,,N,0700
US1TXAT0025,20240728,PRCP,0,,,N,0700
US1TXAT0025,20240729,PRCP,147,,,N,0700
US1TXAT0025,20240730,PRCP,0,,,N,0700
US1TXAT0025,20240731,PRCP,0,,,N,0700
US1TXAT0025,20240701,SNOW,0,,,N,0700
US1TXAT0025,20240702,SNOW,0,,,N,0700
US1TXAT0025,20240703,SNOW,0,,,N,0700
US1TXAT0025,20240704,SNOW,0,,,N,0700
US1TXAT0025,20240705,SNOW,0,,,N,0700
US1TXAT0025,20240706,SNOW,0,,,N,0700
US1TXAT0025,20240708,SNOW,0,,,N,0700
US1TXAT0025,20240709,SNOW,0,,,N,0700
US1TXAT0025,20240712,SNOW,0,,,N,0700
US1TXAT0025,20240714,SNOW,0,,,N,0700
US1TXAT0025,20240715,SNOW,0,,,N,0700
US1TXAT0025,20240716,SNOW,0,,,N,0700
US1TXAT0025,20240717,SNOW,0,,,N,0700
US1TXAT0025,20240718,SNOW,0,,,N,0639
US1TXAT0025,20240719,SNOW,0,,,N,0700
US1TXAT0025,20240720,SNOW,0,,,N,0700
US1TXAT0025,20240721,SNOW,0,,,N,0700
US1TXAT0025,20240722,SNOW,0,,,N,0700
US1TXAT0025,20240723,SNOW,0,,,N,0700
US1TXAT0025,20240726,SNOW,0,,,N,0700
US1TXAT0025,20240727,SNOW,0,,,N,0700
US1TXAT0025,20240728,SNOW,0,,,N,0700
US1TXAT0025,20240730,SNOW,0,,,N,0700
US1TXAT0025,20240731,SNOW,0,,,N,0700
US1TXAT0025,20240801,PRCP,0,,,N,0700
US1TXAT0025,20240803,PRCP,0,,,N,0700
US1TXAT0025,20240805,PRCP,0,,,N,0700
US1TXAT0025,20240806,PRCP,0,,,N,0700
US1TXAT0025,20240808,PRCP,0,,,N,0700
US1TXAT0025,20240809,PRCP,0,,,N,0700
US1TXAT0025,20240811,PRCP,0,,,N,0700
US1TXAT0025,20240812,PRCP,0,,,N,0700
US1TXAT0025,20240814,PRCP,0,,,N,0452
US1TXAT0025,20240815,PRCP,0,,,N,0700
US1TXAT0025,20240816,PRCP,0,,,N,0700
US1TXAT0025,20240817,PRCP,0,,,N,0700
US1TXAT0025,20240818,PRCP,0,,,N,0700
US1TXAT0025,20240819,PRCP,0,,,N,0700
US1TXAT0025,20240820,PRCP,0,,,N,0700
US1TXAT0025,20240821,PRCP,0,,,N,0700
US1TXAT0025,20240822,PRCP,0,,,N,0700
US1TXAT0025,20240823,PRCP,0,,,N,0700
US1TXAT0025,20240826,PRCP,8,,,N,0619
US1TXAT0025,20240827,PRCP,89,,,N,0700
US1TXAT0025,20240828,PRCP,0,,,N,0700
US1TXAT0025,20240829,PRCP,231,,,N,0607
US1TXAT0025,20240830,PRCP,0,,,N,0700
US1TXAT0025,20240831,PRCP,0,,,N,0700
US1TXAT0025,20240801,SNOW,0,,,N,0700
US1TXAT0025,20240803,SNOW,0,,,N,0700
US1TXAT0025,20240805,SNOW,0,,,N,0700
US1TXAT0025,20240806,SNOW,0,,,N,0700
US1TXAT0025,20240808,SNOW,0,,,N,0700
US1TXAT0025,20240809,SNOW,0,,,N,0700
US1TXAT0025,20240811,SNOW,0,,,N,0700
US1TXAT0025,20240812,SNOW,0,,,N,0700
US1TXAT0025,20240814,SNOW,0,,,N,0452
US1TXAT0025,20240815,SNOW,0,,,N,0700
US1TXAT0025,20240816,SNOW,0,,,N,0700
US1TXAT0025,20240817,SNOW,0,,,N,0700
US1TXAT0025,20240818,SNOW,0,,,N,0700
US1TXAT0025,20240819,SNOW,0,,,N,0700
US1TXAT0025,20240820,SNOW,0,,,N,0700
US1TXAT0025,20240821,SNOW,0,,,N,0700
US1TXAT0025,20240822,SNOW,0,,,N,0700
US1TXAT0025,20240823,SNOW,0,,,N,0700
US1TXAT0025,20240828,SNOW,0,,,N,0700
US1TXAT0025,20240830,SNOW,0,,,N,0700
US1TXAT0025,20240831,SNOW,0,,,N,0700
US1TXAT0025,20240825,DAPR,2,,,N,0700
US1TXAT0025,20240825,MDPR,0,,,N,0700
US1TXAT0025,20240901,PRCP,0,,,N,0700
US1TXAT0025,20240902,PRCP,0,,,N,0700
US1TXAT0025,20240903,PRCP,257,,,N,0700
US1TXAT0025,20240904,PRCP,368,,,N,0700
US1TXAT0025,20240905,PRCP,13,,,N,0700
US1TXAT0025,20240906,PRCP,0,,,N,0650
US1TXAT0025,20240907,PRCP,0,,,N,0700
US1TXAT0025,20240909,PRCP,0,,,N,0700
US1TXAT0025,20240910,PRCP,0,,,N,0700
US1TXAT0025,20240911,PRCP,0,,,N,0700
US1TXAT0025,20240912,PRCP,0,,,N,0700
US1TXAT0025,20240914,PRCP,0,,,N,0700
US1TXAT0025,20240915,PRCP,0,,,N,0610
US1TXAT0025,20240916,PRCP,0,,,N,0700
US1TXAT0025,20240917,PRCP,0,,,N,0700
US1TXAT0025,20240918,PRCP,0,,,N,0700
US1TXAT0025,20240919,PRCP,0,T,,N,0700
US1TXAT0025,20240920,PRCP,0,,,N,0700
US1TXAT0025,20240921,PRCP,0,,,N,0700
US1TXAT0025,20240922,PRCP,0,,,N,0700
US1TXAT0025,20240923,PRCP,0,,,N,0700
US1TXAT0025,20240924,PRCP,0,,,N,0601
US1TXAT0025,20240925,PRCP,0,,,N,0700
US1TXAT0025,20240926,PRCP,0,,,N,0700
US1TXAT0025,20240927,PRCP,0,,,N,0700
US1TXAT0025,20240928,PRCP,0,,,N,0700
US1TXAT0025,20240929,PRCP,0,,,N,0700
US1TXAT0025,20240930,PRCP,0,,,N,0700
US1TXAT0025,20240901,SNOW,0,,,N,0700
US1TXAT0025,20240902,SNOW,0,,,N,0700
US1TXAT0025,20240906,SNOW,0,,,N,0650
US1TXAT0025,20240907,SNOW,0,,,N,0700
US1TXAT0025,20240909,SNOW,0,,,N,0700
US1TXAT0025,20240910,SNOW,0,,,N,0700
US1TXAT0025,20240911,SNOW,0,,,N,0700
US1TXAT0025,20240912,SNOW,0,,,N,0700
US1TXAT0025,20240914,SNOW,0,,,N,0700
US1TXAT0025,20240915,SNOW,0,,,N,0610
US1TXAT0025,20240916,SNOW,0,,,N,0700
US1TXAT0025,20240917,SNOW,0,,,N,0700
US1TXAT0025,20240918,SNOW,0,,,N,0700
US1TXAT0025,20240920,SNOW,0,,,N,0700
US1TXAT0025,20240921,SNOW,0,,,N,0700
US1TXAT0025,20240922,SNOW,0,,,N,0700
US1TXAT0025,20240923,SNOW,0,,,N,0700
US1TXAT0025,20240924,SNOW,0,,,N,0601
US1TXAT0025,20240925,SNOW,0,,,N,0700
US1TXAT0025,20240926,SNOW,0,,,N,0700
US1TXAT0025,20240927,SNOW,0,,,N,0700
US1TXAT0025,20240928,SNOW,0,,,N,0700
US1TXAT0025,20240929,SNOW,0,,,N,0700
US1TXAT0025,20240930,SNOW,0,,,N,0700
US1TXAT0025,20241001,PRCP,0,,,N,0628
US1TXAT0025,20241002,PRCP,0,,,N,0700
US1TXAT0025,20241003,PRCP,0,,,N,0700
US1TXAT0025,20241004,PRCP,0,,,N,0700
US1TXAT0025,20241005,PRCP,0,,,N,0700
US1TXAT0025,20241006,PRCP,0,,,N,0700
US1TXAT0025,20241007,PRCP,0,,,N,0700
US1TXAT0025,20241008,PRCP,0,,,N,0700
US1TXAT0025,20241009,PRCP,0,,,N,0700
US1TXAT0025,20241010,PRCP,0,,,N,0700
US1TXAT0025,20241011,PRCP,0,,,N,0700
US1TXAT0025,20241012,PRCP,0,,,N,0700
US1TXAT0025,20241013,PRCP,0,,,N,0700
US1TXAT0025,20241014,PRCP,0,,,N,0700
US1TXAT0025,20241015,PRCP,0,,,N,0700
US1TXAT0025,20241016,PRCP,0,,,N,0700
US1TXAT0025,20241017,PRCP,0,,,N,0700
US1TXAT0025,20241018,PRCP,0,,,N,0700
US1TXAT0025,20241019,PRCP,0,,,N,0700
US1TXAT0025,20241020,PRCP,0,,,N,0700
US1TXAT0025,20241022,PRCP,0,,,N,0700
US1TXAT0025,20241027,PRCP,0,,,N,0700
US1TXAT0025,20241028,PRCP,0,,,N,0700
US1TXAT0025,20241029,PRCP,0,,,N,0524
US1TXAT0025,20241030,PRCP,0,,,N,0700
US1TXAT0025,20241031,PRCP,0,,,N,0700
US1TXAT0025,20241001,SNOW,0,,,N,0628
US1TXAT0025,20241002,SNOW,0,,,N,0700
US1TXAT0025,20241003,SNOW,0,,,N,0700
US1TXAT0025,20241004,SNOW,0,,,N,0700
US1TXAT0025,20241005,SNOW,0,,,N,0700
US1TXAT0025,20241006,SNOW,0,,,N,0700
US1TXAT0025,20241007,SNOW,0,,,N,0700
US1TXAT0025,20241008,SNOW,0,,,N,0700
US1TXAT0025,20241009,SNOW,0,,,N,0700
US1TXAT0025,20241010,SNOW,0,,,N,0700
US1TXAT0025,20241011,SNOW,0,,,N,0700
US1TXAT0025,20241012,SNOW,0,,,N,0700
US1TXAT0025,20241013,SNOW,0,,,N,0700
US1TXAT0025,20241014,SNOW,0,,,N,0700
US1TXAT0025,20241015,SNOW,0,,,N,0700
US1TXAT0025,20241016,SNOW,0,,,N,0700
US1TXAT0025,20241017,SNOW,0,,,N,0700
US1TXAT0025,20241018,SNOW,0,,,N,0700
US1TXAT0025,20241019,SNOW,0,,,N,0700
US1TXAT0025,20241020,SNOW,0,,,N,0700
US1TXAT0025,20241022,SNOW,0,,,N,0700
US1TXAT0025,20241027,SNOW,0,,,N,0700
US1TXAT0025,20241028,SNOW,0,,,N,0700
US1TXAT0025,20241029,SNOW,0,,,N,0524
US1TXAT0025,20241030,SNOW,0,,,N,0700
US1TXAT0025,20241031,SNOW,0,,,N,0700
US1TXAT0025,20241026,DAPR,4,,,N,0700
US1TXAT0025,20241026,MDPR,0,,,N,0700
US1TXAT0025,20241101,PRCP,0,,,N,0700
US1TXAT0025,20241102,PRCP,0,,,N,0700
US1TXAT0025,20241103,PRCP,0,,,N,0625
US1TXAT0025,20241105,PRCP,284,,,N,0700
US1TXAT0025,20241106,PRCP,0,,,N,0700
US1TXAT0025,20241107,PRCP,0,,,N,0700
US1TXAT0025,20241108,PRCP,0,,,N,0700
US1TXAT0025,20241109,PRCP,0,,,N,0700
US1TXAT0025,20241110,PRCP,0,,,N,0700
US1TXAT0025,20241111,PRCP,0,,,N,0700
US1TXAT0025,20241112,PRCP,0,,,N,0700
US1TXAT0025,20241113,PRCP,0,,,N,0528
US1TXAT0025,20241114,PRCP,0,,,N,0657
US1TXAT0025,20241115,PRCP,0,,,N,0700
US1TXAT0025,20241116,PRCP,0,,,N,0700
US1TXAT0025,20241117,PRCP,0,,,N,0700
US1TXAT0025,20241118,PRCP,0,,,N,0700
US1TXAT0025,20241119,PRCP,127,,,N,0559
US1TXAT0025,20241120,PRCP,0,,,N,0700
US1TXAT0025,20241121,PRCP,0,,,N,0700
US1TXAT0025,20241122,PRCP,0,,,N,0700
US1TXAT0025,20241123,PRCP,0,,,N,0700
US1TXAT0025,20241124,PRCP,0,,,N,0700
US1TXAT0025,20241126,PRCP,0,,,N,0700
US1TXAT0025,20241127,PRCP,0,,,N,0700
US1TXAT0025,20241128,PRCP,0,,,N,0700
US1TXAT0025,20241129,PRCP,0,,,N,0700
US1TXAT0025,20241130,PRCP,0,,,N,0700
US1TXAT0025,20241101,SNOW,0,,,N,0700
US1TXAT0025,20241102,SNOW,0,,,N,0700
US1TXAT0025,20241103,SNOW,0,,,N,0625
US1TXAT0025,20241106,SNOW,0,,,N,0700
US1TXAT0025,20241107,SNOW,0,,,N,0700
US1TXAT0025,20241108,SNOW,0,,,N,0700
US1TXAT0025,20241109,SNOW,0,,,N,0700
US1TXAT0025,20241110,SNOW,0,,,N,0700
US1TXAT0025,20241111,SNOW,0,,,N,0700
US1TXAT0025,20241112,SNOW,0,,,N,0700
US1TXAT0025,20241113,SNOW,0,,,N,0528
US1TXAT0025,20241114,SNOW,0,,,N,0657
US1TXAT0025,20241115,SNOW,0,,,N,0700
US1TXAT0025,20241116,SNOW,0,,,N,0700
US1TXAT0025,20241117,SNOW,0,,,N,0700
US1TXAT0025,20241118,SNOW,0,,,N,0700
US1TXAT0025,20241120,SNOW,0,,,N,0700
US1TXAT0025,20241121,SNOW,0,,,N,0700
US1TXAT0025,20241122,SNOW,0,,,N,0700
US1TXAT0025,20241123,SNOW,0,,,N,0700
US1TXAT0025,20241124,SNOW,0,,,N,0700
US1TXAT0025,20241126,SNOW,0,,,N,0700
US1TXAT0025,20241127,SNOW,0,,,N,0700
US1TXAT0025,20241128,SNOW,0,,,N,0700
US1TXAT0025,20241129,SNOW,0,,,N,0700
US1TXAT0025,20241130,SNOW,0,,,N,0700
US1TXAT0025,20241201,PRCP,0,,,N,0700
US1TXAT0025,20241202,PRCP,0,,,N,0700
US1TXAT0025,20241203,PRCP,0,T,,N,0700
US1TXAT0025,20241204,PRCP,58,,,N,0700
US1TXAT0025,20241205,PRCP,5,,,N,0510
US1TXAT0025,20241206,PRCP,0,,,N,0700
US1TXAT0025,20241207,PRCP,13,,,N,0700
US1TXAT0025,20241208,PRCP,30,,,N,0700
US1TXAT0025,20241209,PRCP,0,T,,N,0700
US1TXAT0025,20241210,PRCP,0,,,N,0700
US1TXAT0025,20241211,PRCP,0,,,N,0717
US1TXAT0025,20241212,PRCP,0,,,N,0700
US1TXAT0025,20241213,PRCP,0,,,N,0700
US1TXAT0025,20241214,PRCP,3,,,N,0700
US1TXAT0025,20241215,PRCP,53,,,N,0700
US1TXAT0025,20241216,PRCP,8,,,N,0536
US1TXAT0025,20241217,PRCP,0,,,N,0639
US1TXAT0025,20241218,PRCP,0,,,N,0700
US1TXAT0025,20241219,PRCP,0,,,N,0700
US1TXAT0025,20241220,PRCP,0,,,N,0622
US1TXAT0025,20241221,PRCP,0,,,N,0657
US1TXAT0025,20241223,PRCP,0,,,N,0649
US1TXAT0025,20241224,PRCP,0,,,N,0700
US1TXAT0025,20241225,PRCP,38,,,N,0700
US1TXAT0025,20241226,PRCP,0,,,N,0700
US1TXAT0025,20241227,PRCP,0,T,,N,0700
US1TXAT0025,20241228,PRCP,0,,,N,0700
US1TXAT0025,20241229,PRCP,0,,,N,0700
US1TXAT0025,20241230,PRCP,0,,,N,0700
US1TXAT0025,20241231,PRCP,0,,,N,0700
US1TXAT0025,20241201,SNOW,0,,,N,0700
US1TXAT0025,20241202,SNOW,0,,,N,0700
US1TXAT0025,20241206,SNOW,0,,,N,0700
US1TXAT0025,20241210,SNOW,0,,,N,0700
US1TXAT0025,20241211,SNOW,0,,,N,0717
US1TXAT0025,20241212,SNOW,0,,,N,0700
US1TXAT0025,20241213,SNOW,0,,,N,0700
US1TXAT0025,20241217,SNOW,0,,,N,0639
US1TXAT0025,20241218,SNOW,0,,,N,0700
US1TXAT0025,20241219,SNOW,0,,,N,0700
US1TXAT0025,20241220,SNOW,0,,,N,0622
US1TXAT0025,20241221,SNOW,0,,,N,0657
US1TXAT0025,20241223,SNOW,0,,,N,0649
US1TXAT0025,20241224,SNOW,0,,,N,0700
US1TXAT0025,20241226,SNOW,0,,,N,0700
US1TXAT0025,20241228,SNOW,0,,,N,0700
US1TXAT0025,20241229,SNOW,0,,,N,0700
US1TXAT0025,20241230,SNOW,0,,,N,0700
US1TXAT0025,20241231,SNOW,0,,,N,0700
US1TXAT0025,20250101,PRCP,0,,,N,0700
US1TXAT0025,20250102,PRCP,0,,,N,0700
US1TXAT0025,20250103,PRCP,0,T,,N,0700
US1TXAT0025,20250104,PRCP,0,,,N,0700
US1TXAT0025,20250107,PRCP,0,,,N,0700
US1TXAT0025,20250108,PRCP,0,,,N,0700
US1TXAT0025,20250109,PRCP,0,,,N,0700
US1TXAT0025,20250110,PRCP,216,,,N,0700
US1TXAT0025,20250111,PRCP,5,,,N,0700
US1TXAT0025,20250112,PRCP,0,,,N,0700
US1TXAT0025,20250113,PRCP,0,,,N,0700
US1TXAT0025,20250114,PRCP,0,,,N,0700
US1TXAT0025,20250115,PRCP,0,T,,N,0700
US1TXAT0025,20250116,PRCP,0,,,N,0559
US1TXAT0025,20250117,PRCP,0,,,N,0700
US1TXAT0025,20250118,PRCP,0,,,N,0700
US1TXAT0025,20250119,PRCP,0,,,N,0700
US1TXAT0025,20250120,PRCP,0,,,N,0619
US1TXAT0025,20250122,PRCP,0,,,N,0700
US1TXAT0025,20250126,PRCP,0,,,N,0700
US1TXAT0025,20250127,PRCP,0,,,N,0545
US1TXAT0025,20250128,PRCP,5,,,N,0700
US1TXAT0025,20250129,PRCP,3,,,N,0700
US1TXAT0025,20250130,PRCP,38,,,N,0700
US1TXAT0025,20250131,PRCP,0,,,N,0655
US1TXAT0025,20250101,SNOW,0,,,N,0700
US1TXAT0025,20250102,SNOW,0,,,N,0700
US1TXAT0025,20250104,SNOW,0,,,N,0700
US1TXAT0025,20250107,SNOW,0,,,N,0700
US1TXAT0025,20250108,SNOW,0,,,N,0700
US1TXAT0025,20250109,SNOW,0,,,N,0700
US1TXAT0025,20250112,SNOW,0,,,N,0700
US1TXAT0025,20250113,SNOW,0,,,N,0700
US1TXAT0025,20250114,SNOW,0,,,N,0700
US1TXAT0025,20250116,SNOW,0,,,N,0559
US1TXAT0025,20250117,SNOW,0,,,N,0700
US1TXAT0025,20250118,SNOW,0,,,N,0700
US1TXAT0025,20250119,SNOW,0,,,N,0700
US1TXAT0025,20250120,SNOW,0,,,N,0619
US1TXAT0025,20250121,SNOW,5,,,N,0700
US1TXAT0025,20250122,SNOW,0,,,N,0700
US1TXAT0025,20250126,SNOW,0,,,N,0700
US1TXAT0025,20250127,SNOW,0,,,N,0545
US1TXAT0025,20250131,SNOW,0,,,N,0655
US1TXAT0025,20250121,SNWD,0,T,,N,0700
US1TXAT0025,20250125,DAPR,2,,,N,0700
US1TXAT0025,20250125,MDPR,0,,,N,0700
US1TXAT0025,20250201,PRCP,0,,,N,0700
US1TXAT0025,20250202,PRCP,0,,,N,0700
US1TXAT0025,20250203,PRCP,0,,,N,0646
US1TXAT0025,20250204,PRCP,0,,,N,0700
US1TXAT0025,20250205,PRCP,0,,,N,0700
US1TXAT0025,20250206,PRCP,0,,,N,0700
US1TXAT0025,20250207,PRCP,0,,,N,0700
US1TXAT0025,20250208,PRCP,0,,,N,0700
US1TXAT0025,20250209,PRCP,0,,,N,0700
US1TXAT0025,20250210,PRCP,0,,,N,0700
US1TXAT0025,20250211,PRCP,0,,,N,0700
US1TXAT0025,20250212,PRCP,0,T,,N,0700
US1TXAT0025,20250214,PRCP,0,,,N,0700
US1TXAT0025,20250215,PRCP,10,,,N,0700
US1TXAT0025,20250216,PRCP,0,T,,N,0700
US1TXAT0025,20250218,PRCP,0,,,N,0700
US1TXAT0025,20250219,PRCP,0,,,N,0700
US1TXAT0025,20250220,PRCP,0,,,N,0700
US1TXAT0025,20250221,PRCP,0,,,N,0700
US1TXAT0025,20250222,PRCP,23,,,N,0700
US1TXAT0025,20250223,PRCP,20,,,N,0700
US1TXAT0025,20250225,PRCP,0,,,N,0700
US1TXAT0025,20250226,PRCP,0,,,N,0700
US1TXAT0025,20250227,PRCP,0,,,N,0700
US1TXAT0025,20250228,PRCP,0,,,N,0700
US1TXAT0025,20250201,SNOW,0,,,N,0700
US1TXAT0025,20250202,SNOW,0,,,N,0700
US1TXAT0025,20250203,SNOW,0,,,N,0646
US1TXAT0025,20250204,SNOW,0,,,N,0700
US1TXAT0025,20250205,SNOW,0,,,N,0700
US1TXAT0025,20250206,SNOW,0,,,N,0700
US1TXAT0025,20250207,SNOW,0,,,N,0700
US1TXAT0025,20250208,SNOW,0,,,N,0700
US1TXAT0025,20250209,SNOW,0,,,N,0700
US1TXAT0025,20250210,SNOW,0,,,N,0700
US1TXAT0025,20250211,SNOW,0,,,N,0700
US1TXAT0025,20250214,SNOW,0,,,N,0700
US1TXAT0025,20250218,SNOW,0,,,N,0700
US1TXAT0025,20250219,SNOW,0,,,N,0700
US1TXAT0025,20250221,SNOW,0,,,N,0700
US1TXAT0025,20250225,SNOW,0,,,N,0700
US1TXAT0025,20250226,SNOW,0,,,N,0700
US1TXAT0025,20250227,SNOW,0,,,N,0700
US1TXAT0025,20250228,SNOW,0,,,N,0700
US1TXAT0025,20250301,PRCP,0,,,N,0700
US1TXAT0025,20250302,PRCP,0,,,N,0700
US1TXAT0025,20250303,PRCP,0,,,N,0700
US1TXAT0025,20250304,PRCP,0,,,N,0700
US1TXAT0025,20250305,PRCP,0,,,N,0700
US1TXAT0025,20250306,PRCP,0,,,N,0700
US1TXAT0025,20250307,PRCP,0,,,N,0646
US1TXAT0025,20250308,PRCP,0,,,N,0700
US1TXAT0025,20250309,PRCP,0,,,N,0700
US1TXAT0025,20250311,PRCP,0,,,N,0700
US1TXAT0025,20250312,PRCP,0,,,N,0700
US1TXAT0025,20250313,PRCP,0,,,N,0700
US1TXAT0025,20250314,PRCP,0,,,N,0700
US1TXAT0025,20250316,PRCP,0,,,N,0700
US1TXAT0025,20250318,PRCP,0,,,N,0700
US1TXAT0025,20250319,PRCP,0,,,N,0700
US1TXAT0025,20250320,PRCP,0,,,N,0700
US1TXAT0025,20250321,PRCP,0,,,N,0700
US1TXAT0025,20250324,PRCP,0,,,N,0700
US1TXAT0025,20250326,PRCP,0,,,N,0700
US1TXAT0025,20250327,PRCP,470,,,N,0700
US1TXAT0025,20250328,PRCP,38,,,N,0700
US1TXAT0025,20250329,PRCP,0,,,N,0700
US1TXAT0025,20250330,PRCP,0,,,N,0700
US1TXAT0025,20250331,PRCP,0,,,N,0655
US1TXAT0025,20250301,SNOW,0,,,N,0700
US1TXAT0025,20250302,SNOW,0,,,N,0700
US1TXAT0025,20250303,SNOW,0,,,N,0700
US1TXAT0025,20250304,SNOW,0,,,N,0700
US1TXAT0025,20250305,SNOW,0,,,N,0700
US1TXAT0025,20250306,SNOW,0,,,N,0700
US1TXAT0025,20250307,SNOW,0,,,N,0646
US1TXAT0025,20250308,SNOW,0,,,N,0700
US1TXAT0025,20250309,SNOW,0,,,N,0700
US1TXAT0025,20250311,SNOW,0,,,N,0700
US1TXAT0025,20250312,SNOW,0,,,N,0700
US1TXAT0025,20250313,SNOW,0,,,N,0700
US1TXAT0025,20250314,SNOW,0,,,N,0700
US1TXAT0025,20250316,SNOW,0,,,N,0700
US1TXAT0025,20250318,SNOW,0,,,N,0700
US1TXAT0025,20250319,SNOW,0,,,N,0700
US1TXAT0025,20250320,SNOW,0,,,N,0700
US1TXAT0025,20250321,SNOW,0,,,N,0700
US1TXAT0025,20250324,SNOW,0,,,N,0700
US1TXAT0025,20250326,SNOW,0,,,N,0700
US1TXAT0025,20250329,SNOW,0,,,N,0700
US1TXAT0025,20250330,SNOW,0,,,N,0700
US1TXAT0025,20250331,SNOW,0,,,N,0655
US1TXAT0025,20250323,DAPR,2,,,N,0700
US1TXAT0025,20250323,MDPR,0,,,N,0700
US1TXAT0025,20250401,PRCP,0,,,N,0700
US1TXAT0025,20250402,PRCP,0,,,N,0700
US1TXAT0025,20250403,PRCP,0,,,N,0700
US1TXAT0025,20250405,PRCP,13,,,N,0700
US1TXAT0025,20250406,PRCP,0,,,N,0700
US1TXAT0025,20250407,PRCP,0,,,N,0700
US1TXAT0025,20250408,PRCP,0,,,N,0700
US1TXAT0025,20250410,PRCP,0,,,N,0700
US1TXAT0025,20250411,PRCP,0,,,N,0655
US1TXAT0025,20250412,PRCP,0,,,N,0700
US1TXAT0025,20250413,PRCP,0,,,N,0700
US1TXAT0025,20250414,PRCP,0,,,N,0700
US1TXAT0025,20250415,PRCP,0,,,N,0644
US1TXAT0025,20250416,PRCP,0,,,N,0700
US1TXAT0025,20250417,PRCP,0,,,N,0700
US1TXAT0025,20250418,PRCP,0,,,N,0700
US1TXAT0025,20250419,PRCP,0,,,N,0700
US1TXAT0025,20250420,PRCP,38,,,N,0700
US1TXAT0025,20250421,PRCP,0,,,N,0700
US1TXAT0025,20250422,PRCP,0,,,N,0700
US1TXAT0025,20250423,PRCP,300,,,N,0700
US1TXAT0025,20250424,PRCP,102,,,N,0650
US1TXAT0025,20250425,PRCP,0,,,N,0700
US1TXAT0025,20250426,PRCP,0,,,N,0700
US1TXAT0025,20250428,PRCP,0,,,N,0700
US1TXAT0025,20250429,PRCP,0,,,N,0700
US1TXAT0025,20250430,PRCP,0,,,N,0650
US1TXAT0025,20250401,SNOW,0,,,N,0700
US1TXAT0025,20250402,SNOW,0,,,N,0700
US1TXAT0025,20250403,SNOW,0,,,N,0700
US1TXAT0025,20250406,SNOW,0,,,N,0700
US1TXAT0025,20250407,SNOW,0,,,N,0700
US1TXAT0025,20250408,SNOW,0,,,N,0700
US1TXAT0025,20250410,SNOW,0,,,N,0700
US1TXAT0025,20250411,SNOW,0,,,N,0655
US1TXAT0025,20250412,SNOW,0,,,N,0700
US1TXAT0025,20250413,SNOW,0,,,N,0700
US1TXAT0025,20250414,SNOW,0,,,N,0700
US1TXAT0025,20250415,SNOW,0,,,N,0644
US1TXAT0025,20250416,SNOW,0,,,N,0700
US1TXAT0025,20250417,SNOW,0,,,N,0700
US1TXAT0025,20250418,SNOW,0,,,N,0700
US1TXAT0025,20250419,SNOW,0,,,N,0700
US1TXAT0025,20250421,SNOW,0,,,N,0700
US1TXAT0025,20250422,SNOW,0,,,N,0700
US1TXAT0025,20250425,SNOW,0,,,N,0700
US1TXAT0025,20250426,SNOW,0,,,N,0700
US1TXAT0025,20250428,SNOW,0,,,N,0700
US1TXAT0025,20250429,SNOW,0,,,N,0700
US1TXAT0025,20250430,SNOW,0,,,N,0650
US1TXAT0025,20250501,PRCP,0,,,N,0700
US1TXAT0025,20250502,PRCP,0,,,N,0700
US1TXAT0025,20250503,PRCP,0,T,,N,0700
US1TXAT0025,20250504,PRCP,0,,,N,0700
US1TXAT0025,20250505,PRCP,0,,,N,0700
US1TXAT0025,20250506,PRCP,338,,,N,0700
US1TXAT0025,20250507,PRCP,20,,,N,0700
US1TXAT0025,20250508,PRCP,0,,,N,0700
US1TXAT0025,20250509,PRCP,51,,,N,0700
US1TXAT0025,20250510,PRCP,0,,,N,0700
US1TXAT0025,20250511,PRCP,0,,,N,0700
US1TXAT0025,20250512,PRCP,0,,,N,0638
US1TXAT0025,20250513,PRCP,0,,,N,0700
US1TXAT0025,20250514,PRCP,0,,,N,0700
US1TXAT0025,20250515,PRCP,0,,,N,0655
US1TXAT0025,20250516,PRCP,0,,,N,0700
US1TXAT0025,20250517,PRCP,0,,,N,0700
US1TXAT0025,20250518,PRCP,0,,,N,0700
US1TXAT0025,20250519,PRCP,0,,,N,0700
US1TXAT0025,20250521,PRCP,0,T,,N,0700
US1TXAT0025,20250522,PRCP,0,,,N,0700
US1TXAT0025,20250523,PRCP,0,T,,N,0700
US1TXAT0025,20250524,PRCP,0,,,N,0700
US1TXAT0025,20250525,PRCP,0,,,N,0700
US1TXAT0025,20250526,PRCP,0,,,N,0700
US1TXAT0025,20250527,PRCP,198,,,N,0700
US1TXAT0025,20250528,PRCP,5,,,N,0700
US1TXAT0025,20250529,PRCP,0,,,N,0700
US1TXAT0025,20250530,PRCP,76,,,N,0700
US1TXAT0025,20250531,PRCP,244,,,N,0700
US1TXAT0025,20250501,SNOW,0,,,N,0700
US1TXAT0025,20250502,SNOW,0,,,N,0700
US1TXAT0025,20250504,SNOW,0,,,N,0700
US1TXAT0025,20250505,SNOW,0,,,N,0700
US1TXAT0025,20250508,SNOW,0,,,N,0700
US1TXAT0025,20250510,SNOW,0,,,N,0700
US1TXAT0025,20250511,SNOW,0,,,N,0700
US1TXAT0025,20250512,SNOW,0,,,N,0638
US1TXAT0025,20250513,SNOW,0,,,N,0700
US1TXAT0025,20250514,SNOW,0,,,N,0700
US1TXAT0025,20250515,SNOW,0,,,N,0655
US1TXAT0025,20250516,SNOW,0,,,N,0700
US1TXAT0025,20250517,SNOW,0,,,N,0700
US1TXAT0025,20250518,SNOW,0,,,N,0700
US1TXAT0025,20250519,SNOW,0,,,N,0700
US1TXAT0025,20250522,SNOW,0,,,N,0700
US1TXAT0025,20250524,SNOW,0,,,N,0700
US1TXAT0025,20250525,SNOW,0,,,N,0700
US1TXAT0025,20250526,SNOW,0,,,N,0700
US1TXAT0025,20250529,SNOW,0,,,N,0700
US1TXAT0025,20250601,PRCP,0,,,N,0700
US1TXAT0025,20250602,PRCP,0,,,N,0700
US1TXAT0025,20250603,PRCP,0,,,N,0700
US1TXAT0025,20250604,PRCP,0,,,N,0700
US1TXAT0025,20250605,PRCP,0,,,N,0700
US1TXAT0025,20250606,PRCP,0,,,N,0700
US1TXAT0025,20250609,PRCP,0,,,N,0648
US1TXAT0025,20250610,PRCP,0,,,N,0700
US1TXAT0025,20250611,PRCP,5,,,N,0700
US1TXAT0025,20250612,PRCP,94,,,N,0700
US1TXAT0025,20250613,PRCP,795,,,N,0700
US1TXAT0025,20250614,PRCP,0,,,N,0700
US1TXAT0025,20250615,PRCP,102,,,N,0700
US1TXAT0025,20250616,PRCP,97,,,N,0700
US1TXAT0025,20250617,PRCP,0,,,N,0706
US1TXAT0025,20250618,PRCP,0,,,N,0700
US1TXAT0025,20250620,PRCP,0,,,N,0700
US1TXAT0025,20250621,PRCP,0,,,N,0700
US1TXAT0025,20250622,PRCP,0,,,N,0700
US1TXAT0025,20250623,PRCP,0,,,N,0700
US1TXAT0025,20250624,PRCP,0,,,N,0700
US1TXAT0025,20250626,PRCP,0,,,N,0700
US1TXAT0025,20250627,PRCP,0,,,N,0700
US1TXAT0025,20250629,PRCP,0,,,N,0700
US1TXAT0025,20250630,PRCP,0,,,N,0700
US1TXAT0025,20250601,SNOW,0,,,N,0700
US1TXAT0025,20250602,SNOW,0,,,N,0700
US1TXAT0025,20250603,SNOW,0,,,N,0700
US1TXAT0025,20250604,SNOW,0,,,N,0700
US1TXAT0025,20250605,SNOW,0,,,N,0700
US1TXAT0025,20250606,SNOW,0,,,N,0700
US1TXAT0025,20250609,SNOW,0,,,N,0648
US1TXAT0025,20250610,SNOW,0,,,N,0700
US1TXAT0025,20250614,SNOW,0,,,N,0700
US1TXAT0025,20250617,SNOW,0,,,N,0706
US1TXAT0025,20250618,SNOW,0,,,N,0700
US1TXAT0025,20250620,SNOW,0,,,N,0700
US1TXAT0025,20250621,SNOW,0,,,N,0700
US1TXAT0025,20250622,SNOW,0,,,N,0700
US1TXAT0025,20250623,SNOW,0,,,N,0700
US1TXAT0025,20250624,SNOW,0,,,N,0700
US1TXAT0025,20250626,SNOW,0,,,N,0700
US1TXAT0025,20250627,SNOW,0,,,N,0700
US1TXAT0025,20250629,SNOW,0,,,N,0700
US1TXAT0025,20250630,SNOW,0,,,N,0700
US1TXAT0025,20250608,DAPR,2,,,N,0700
US1TXAT0025,20250608,MDPR,0,,,N,0700
US1TXAT0025,20250701,PRCP,160,,,N,0700
US1TXAT0025,20250702,PRCP,0,,,N,0700
US1TXAT0025,20250703,PRCP,132,,,N,0700
US1TXAT0025,20250704,PRCP,0,,,N,0700
US1TXAT0025,20250705,PRCP,0,T,,N,0700
US1TXAT0025,20250706,PRCP,46,,,N,0700
US1TXAT0025,20250707,PRCP,46,,,N,0700
US1TXAT0025,20250708,PRCP,3,,,N,0700
US1TXAT0025,20250709,PRCP,36,,,N,0700
US1TXAT0025,20250710,PRCP,0,,,N,0700
US1TXAT0025,20250711,PRCP,0,,,N,0700
US1TXAT0025,20250712,PRCP,30,,,N,0700
US1TXAT0025,20250713,PRCP,0,,,N,0700
US1TXAT0025,20250714,PRCP,38,,,N,0700
US1TXAT0025,20250715,PRCP,0,,,N,0700
US1TXAT0025,20250716,PRCP,0,,,N,0700
US1TXAT0025,20250717,PRCP,0,,,N,0700
US1TXAT0025,20250718,PRCP,0,,,N,0700
US1TXAT0025,20250719,PRCP,0,,,N,0700
US1TXAT0025,20250720,PRCP,0,,,N,0700
US1TXAT0025,20250721,PRCP,0,,,N,0700
US1TXAT0025,20250722,PRCP,0,,,N,0700
US1TXAT0025,20250723,PRCP,0,,,N,0700
US1TXAT0025,20250724,PRCP,0,,,N,0700
US1TXAT0025,20250725,PRCP,0,,,N,0700
US1TXAT0025,20250726,PRCP,0,,,N,0700
US1TXAT0025,20250727,PRCP,0,,,N,0700
US1TXAT0025,20250728,PRCP,0,,,N,0700
US1TXAT0025,20250729,PRCP,0,,,N,0658
US1TXAT0025,20250730,PRCP,0,,,N,0700
US1TXAT0025,20250731,PRCP,0,,,N,0700
US1TXAT0025,20250702,SNOW,0,,,N,0700
US1TXAT0025,20250704,SNOW,0,,,N,0700
US1TXAT0025,20250710,SNOW,0,,,N,0700
US1TXAT0025,20250711,SNOW,0,,,N,0700
US1TXAT0025,20250713,SNOW,0,,,N,0700
US1TXAT0025,20250715,SNOW,0,,,N,0700
US1TXAT0025,20250716,SNOW,0,,,N,0700
US1TXAT0025,20250717,SNOW,0,,,N,0700
US1TXAT0025,20250718,SNOW,0,,,N,0700
US1TXAT0025,20250719,SNOW,0,,,N,0700
US1TXAT0025,20250720,SNOW,0,,,N,0700
US1TXAT0025,20250721,SNOW,0,,,N,0700
US1TXAT0025,20250722,SNOW,0,,,N,0700
US1TXAT0025,20250723,SNOW,0,,,N,0700
US1TXAT0025,20250724,SNOW,0,,,N,0700
US1TXAT0025,20250725,SNOW,0,,,N,0700
US1TXAT0025,20250726,SNOW,0,,,N,0700
US1TXAT0025,20250727,SNOW,0,,,N,0700
US1TXAT0025,20250728,SNOW,0,,,N,0700
US1TXAT0025,20250729,SNOW,0,,,N,0658
US1TXAT0025,20250730,SNOW,0,,,N,0700
US1TXAT0025,20250731,SNOW,0,,,N,0700
US1TXAT0025,20250801,PRCP,0,,,N,0700
US1TXAT0025,20250802,PRCP,0,,,N,0700
US1TXAT0025,20250803,PRCP,0,,,N,0700
US1TXAT0025,20250804,PRCP,0,,,N,0700
US1TXAT0025,20250805,PRCP,0,,,N,0652
US1TXAT0025,20250806,PRCP,0,,,N,0700
US1TXAT0025,20250807,PRCP,0,,,N,0657
US1TXAT0025,20250808,PRCP,0,,,N,0700
US1TXAT0025,20250810,PRCP,0,,,N,0700
US1TXAT0025,20250812,PRCP,0,,,N,0700
US1TXAT0025,20250813,PRCP,0,,,N,0700
US1TXAT0025,20250814,PRCP,0,,,N,0700
US1TXAT0025,20250815,PRCP,0,,,N,0700
US1TXAT0025,20250816,PRCP,25,,,N,0700
US1TXAT0025,20250817,PRCP,0,,,N,0700
US1TXAT0025,20250818,PRCP,0,,,N,0700
US1TXAT0025,20250819,PRCP,0,,,N,0700
US1TXAT0025,20250820,PRCP,0,T,,N,0700
US1TXAT0025,20250822,PRCP,340,,,N,0641
US1TXAT0025,20250823,PRCP,0,,,N,0700
US1TXAT0025,20250826,PRCP,0,,,N,0700
US1TXAT0025,20250827,PRCP,33,,,N,0700
US1TXAT0025,20250830,PRCP,0,,,N,0700
US1TXAT0025,20250831,PRCP,0,,,N,0700
US1TXAT0025,20250801,SNOW,0,,,N,0700
US1TXAT0025,20250802,SNOW,0,,,N,0700
US1TXAT0025,20250803,SNOW,0,,,N,0700
US1TXAT0025,20250805,SNOW,0,,,N,0652
US1TXAT0025,20250806,SNOW,0,,,N,0700
US1TXAT0025,20250807,SNOW,0,,,N,0657
US1TXAT0025,20250808,SNOW,0,,,N,0700
US1TXAT0025,20250810,SNOW,0,,,N,0700
US1TXAT0025,20250812,SNOW,0,,,N,0700
US1TXAT0025,20250813,SNOW,0,,,N,0700
US1TXAT0025,20250814,SNOW,0,,,N,0700
US1TXAT0025,20250815,SNOW,0,,,N,0700
US1TXAT0025,20250817,SNOW,0,,,N,0700
US1TXAT0025,20250818,SNOW,0,,,N,0700
US1TXAT0025,20250819,SNOW,0,,,N,0700
US1TXAT0025,20250823,SNOW,0,,,N,0700
US1TXAT0025,20250826,SNOW,0,,,N,0700
US1TXAT0025,20250830,SNOW,0,,,N,0700
US1TXAT0025,20250831,SNOW,0,,,N,0700
US1TXAT0025,20250825,SNWD,0,,,N,0700
US1TXAT0025,20250829,SNWD,0,,,N,0700
US1TXAT0025,20250825,DAPR,2,,,N,0700
US1TXAT0025,20250829,DAPR,2,,,N,0700
US1TXAT0025,20250825,MDPR,0,,,N,0700
US1TXAT0025,20250829,MDPR,0,,,N,0700
US1TXAT0025,20250825,WESD,0,,,N,0700
US1TXAT0025,20250829,WESD,0,,,N,0700
US1TXAT0025,20250901,PRCP,46,,,N,0700
US1TXAT0025,20250902,PRCP,0,T,,N,0652
US1TXAT0025,20250903,PRCP,0,,,N,0700
US1TXAT0025,20250904,PRCP,0,,,N,0700
US1TXAT0025,20250905,PRCP,0,,,N,0700
US1TXAT0025,20250906,PRCP,0,,,N,0700
US1TXAT0025,20250907,PRCP,0,,,N,0700
US1TXAT0025,20250908,PRCP,0,,,N,0700
US1TXAT0025,20250909,PRCP,0,,,N,0700
US1TXAT0025,20250910,PRCP,0,,,N,0700
US1TXAT0025,20250911,PRCP,0,,,N,0700
US1TXAT0025,20250912,PRCP,0,,,N,0700
US1TXAT0025,20250913,PRCP,0,,,N,0700
US1TXAT0025,20250916,PRCP,0,,,N,0700
US1TXAT0025,20250917,PRCP,0,,,N,0700
US1TXAT0025,20250918,PRCP,0,,,N,0700
US1TXAT0025,20250919,PRCP,0,,,N,0553
US1TXAT0025,20250920,PRCP,0,,,N,0700
US1TXAT0025,20250921,PRCP,0,,,N,0700
US1TXAT0025,20250922,PRCP,0,,,N,0700
US1TXAT0025,20250924,PRCP,0,,,N,0656
US1TXAT0025,20250925,PRCP,0,,,N,0700
US1TXAT0025,20250926,PRCP,0,,,N,0700
US1TXAT0025,20250927,PRCP,0,,,N,0700
US1TXAT0025,20250929,PRCP,0,,,N,0700
US1TXAT0025,20250930,PRCP,0,,,N,0700
US1TXAT0025,20250903,SNOW,0,,,N,0700
US1TXAT0025,20250904,SNOW,0,,,N,0700
US1TXAT0025,20250905,SNOW,0,,,N,0700
US1TXAT0025,20250906,SNOW,0,,,N,0700
US1TXAT0025,20250907,SNOW,0,,,N,0700
US1TXAT0025,20250908,SNOW,0,,,N,0700
US1TXAT0025,20250909,SNOW,0,,,N,0700
US1TXAT0025,20250910,SNOW,0,,,N,0700
US1TXAT0025,20250911,SNOW,0,,,N,0700
US1TXAT0025,20250912,SNOW,0,,,N,0700
US1TXAT0025,20250913,SNOW,0,,,N,0700
US1TXAT0025,20250916,SNOW,0,,,N,0700
US1TXAT0025,20250917,SNOW,0,,,N,0700
US1TXAT0025,20250918,SNOW,0,,,N,0700
US1TXAT0025,20250919,SNOW,0,,,N,0553
US1TXAT0025,20250920,SNOW,0,,,N,0700
US1TXAT0025,20250921,SNOW,0,,,N,0700
US1TXAT0025,20250922,SNOW,0,,,N,0700
US1TXAT0025,20250924,SNOW,0,,,N,0656
US1TXAT0025,20250925,SNOW,0,,,N,0700
US1TXAT0025,20250926,SNOW,0,,,N,0700
US1TXAT0025,20250927,SNOW,0,,,N,0700
US1TXAT0025,20250929,SNOW,0,,,N,0700
US1TXAT0025,20250930,SNOW,0,,,N,0700
US1TXAT0025,20250915,SNWD,0,,,N,0700
US1TXAT0025,20250915,DAPR,2,,,N,0700
US1TXAT0025,20250915,MDPR,0,,,N,0700
US1TXAT0025,20250915,WESD,0,,,N,0700
US1TXAT0025,20251001,PRCP,0,,,N,0700
US1TXAT0025,20251002,PRCP,0,,,N,0700
US1TXAT0025,20251003,PRCP,0,,,N,0700
US1TXAT0025,20251004,PRCP,0,,,N,0700
US1TXAT0025,20251005,PRCP,0,,,N,0700
US1TXAT0025,20251006,PRCP,0,,,N,0700
US1TXAT0025,20251007,PRCP,0,,,N,0700
US1TXAT0025,20251008,PRCP,0,,,N,0700
US1TXAT0025,20251009,PRCP,0,,,N,0700
US1TXAT0025,20251010,PRCP,0,,,N,0700
US1TXAT0025,20251012,PRCP,0,,,N,0700
US1TXAT0025,20251013,PRCP,0,,,N,0700
US1TXAT0025,20251014,PRCP,0,,,N,0700
US1TXAT0025,20251015,PRCP,0,,,N,0700
US1TXAT0025,20251016,PRCP,0,,,N,0700
US1TXAT0025,20251017,PRCP,0,,,N,0700
US1TXAT0025,20251019,PRCP,0,,,N,0700
US1TXAT0025,20251020,PRCP,0,,,N,0700
US1TXAT0025,20251021,PRCP,0,,,N,0700
US1TXAT0025,20251022,PRCP,0,,,N,0623
US1TXAT0025,20251023,PRCP,0,,,N,0700
US1TXAT0025,20251024,PRCP,0,,,N,0700
US1TXAT0025,20251025,PRCP,386,,,N,0700
US1TXAT0025,20251026,PRCP,0,,,N,0700
US1TXAT0025,20251027,PRCP,0,,,N,0700
US1TXAT0025,20251028,PRCP,0,,,N,0700
US1TXAT0025,20251029,PRCP,0,,,N,0700
US1TXAT0025,20251030,PRCP,0,,,N,0700
US1TXAT0025,20251031,PRCP,0,,,N,0700
US1TXAT0025,20251001,SNOW,0,,,N,0700
US1TXAT0025,20251002,SNOW,0,,,N,0700
US1TXAT0025,20251003,SNOW,0,,,N,0700
US1TXAT0025,20251004,SNOW,0,,,N,0700
US1TXAT0025,20251005,SNOW,0,,,N,0700
US1TXAT0025,20251006,SNOW,0,,,N,0700
US1TXAT0025,20251007,SNOW,0,,,N,0700
US1TXAT0025,20251008,SNOW,0,,,N,0700
US1TXAT0025,20251009,SNOW,0,,,N,0700
US1TXAT0025,20251010,SNOW,0,,,N,0700
US1TXAT0025,20251012,SNOW,0,,,N,0700
US1TXAT0025,20251013,SNOW,0,,,N,0700
US1TXAT0025,20251014,SNOW,0,,,N,0700
US1TXAT0025,20251015,SNOW,0,,,N,0700
US1TXAT0025,20251016,SNOW,0,,,N,0700
US1TXAT0025,20251017,SNOW,0,,,N,0700
US1TXAT0025,20251019,SNOW,0,,,N,0700
US1TXAT0025,20251020,SNOW,0,,,N,0700
US1TXAT0025,20251021,SNOW,0,,,N,0700
US1TXAT0025,20251022,SNOW,0,,,N,0623
US1TXAT0025,20251023,SNOW,0,,,N,0700
US1TXAT0025,20251024,SNOW,0,,,N,0700
US1TXAT0025,20251026,SNOW,0,,,N,0700
US1TXAT0025,20251027,SNOW,0,,,N,0700
US1TXAT0025,20251028,SNOW,0,,,N,0700
US1TXAT0025,20251029,SNOW,0,,,N,0700
US1TXAT0025,20251030,SNOW,0,,,N,0700
US1TXAT0025,20251031,SNOW,0,,,N,0700
US1TXAT0025,20251101,PRCP,0,,,N,0700
US1TXAT0025,20251102,PRCP,0,T,,N,0700
US1TXAT0025,20251103,PRCP,0,,,N,0700
US1TXAT0025,20251104,PRCP,0,,,N,0700
US1TXAT0025,20251105,PRCP,0,,,N,0700
US1TXAT0025,20251106,PRCP,0,,,N,0700
US1TXAT0025,20251107,PRCP,0,,,N,0700
US1TXAT0025,20251110,PRCP,0,,,N,0700
US1TXAT0025,20251114,PRCP,0,,,N,0700
US1TXAT0025,20251116,PRCP,0,,,N,0700
US1TXAT0025,20251120,PRCP,0,,,N,0700
US1TXAT0025,20251121,PRCP,0,,,N,0700
US1TXAT0025,20251123,PRCP,137,,,N,0700
US1TXAT0025,20251124,PRCP,13,,,N,0700
US1TXAT0025,20251125,PRCP,0,,,N,0700
US1TXAT0025,20251126,PRCP,0,,,N,0700
US1TXAT0025,20251127,PRCP,0,,,N,0700
US1TXAT0025,20251128,PRCP,0,,,N,0700
US1TXAT0025,20251129,PRCP,0,,,N,0700
US1TXAT0025,20251130,PRCP,10,,,N,0700
US1TXAT0025,20251101,SNOW,0,,,N,0700
US1TXAT0025,20251103,SNOW,0,,,N,0700
US1TXAT0025,20251104,SNOW,0,,,N,0700
US1TXAT0025,20251105,SNOW,0,,,N,0700
US1TXAT0025,20251106,SNOW,0,,,N,0700
US1TXAT0025,20251107,SNOW,0,,,N,0700
US1TXAT0025,20251110,SNOW,0,,,N,0700
US1TXAT0025,20251114,SNOW,0,,,N,0700
US1TXAT0025,20251116,SNOW,0,,,N,0700
US1TXAT0025,20251120,SNOW,0,,,N,0700
US1TXAT0025,20251121,SNOW,0,,,N,0700
US1TXAT0025,20251125,SNOW,0,,,N,0700
US1TXAT0025,20251126,SNOW,0,,,N,0700
US1TXAT0025,20251127,SNOW,0,,,N,0700
US1TXAT0025,20251128,SNOW,0,,,N,0700
US1TXAT0025,20251129,SNOW,0,,,N,0700
US1TXAT0025,20251113,DAPR,3,,,N,0700
US1TXAT0025,20251113,MDPR,0,,,N,0700
US1TXAT0025,20251201,PRCP,5,,,N,0700
US1TXAT0025,20251202,PRCP,0,,,N,0700
US1TXAT0025,20251203,PRCP,0,,,N,0700
US1TXAT0025,20251204,PRCP,5,,,N,0700
US1TXAT0025,20251205,PRCP,0,,,N,0700
US1TXAT0025,20251206,PRCP,0,,,N,0700
US1TXAT0025,20251207,PRCP,0,,,N,0700
US1TXAT0025,20251208,PRCP,0,,,N,0700
US1TXAT0025,20251209,PRCP,0,,,N,0700
US1TXAT0025,20251210,PRCP,0,,,N,0700
US1TXAT0025,20251212,PRCP,0,,,N,0700
US1TXAT0025,20251214,PRCP,0,,,N,0700
US1TXAT0025,20251215,PRCP,0,,,N,0700
US1TXAT0025,20251216,PRCP,0,,,N,0700
US1TXAT0025,20251217,PRCP,5,,,N,0700
US1TXAT0025,20251218,PRCP,28,,,N,0700
US1TXAT0025,20251219,PRCP,0,,,N,0700
US1TXAT0025,20251220,PRCP,0,,,N,0700
US1TXAT0025,20251221,PRCP,0,,,N,0700
US1TXAT0025,20251222,PRCP,0,,,N,0700
US1TXAT0025,20251223,PRCP,0,,,N,0700
US1TXAT0025,20251224,PRCP,0,,,N,0700
US1TXAT0025,20251226,PRCP,0,,,N,0700
US1TXAT0025,20251229,PRCP,0,T,,N,0700
US1TXAT0025,20251230,PRCP,0,,,N,0700
US1TXAT0025,20251231,PRCP,0,,,N,0700
US1TXAT0025,20251202,SNOW,0,,,N,0700
US1TXAT0025,20251203,SNOW,0,,,N,0700
US1TXAT0025,20251204,SNOW,0,,,N,0700
US1TXAT0025,20251205,SNOW,0,,,N,0700
US1TXAT0025,20251206,SNOW,0,,,N,0700
US1TXAT0025,20251207,SNOW,0,,,N,0700
US1TXAT0025,20251208,SNOW,0,,,N,0700
US1TXAT0025,20251209,SNOW,0,,,N,0700
US1TXAT0025,20251210,SNOW,0,,,N,0700
US1TXAT0025,20251212,SNOW,0,,,N,0700
US1TXAT0025,20251214,SNOW,0,,,N,0700
US1TXAT0025,20251215,SNOW,0,,,N,0700
US1TXAT0025,20251216,SNOW,0,,,N,0700
US1TXAT0025,20251219,SNOW,0,,,N,0700
US1TXAT0025,20251220,SNOW,0,,,N,0700
US1TXAT0025,20251221,SNOW,0,,,N,0700
US1TXAT0025,20251222,SNOW,0,,,N,0700
US1TXAT0025,20251223,SNOW,0,,,N,0700
US1TXAT0025,20251224,SNOW,0,,,N,0700
US1TXAT0025,20251226,SNOW,0,,,N,0700
US1TXAT0025,20251230,SNOW,0,,,N,0700
US1TXAT0025,20251231,SNOW,0,,,N,0700
US1TXAT0025,20260101,PRCP,0,,,N,0700
US1TXAT0025,20260102,PRCP,0,,,N,0700
US1TXAT0025,20260103,PRCP,0,,,N,0700
US1TXAT0025,20260104,PRCP,0,,,N,0700
US1TXAT0025,20260105,PRCP,0,,,N,0700
US1TXAT0025,20260106,PRCP,0,,,N,0700
US1TXAT0025,20260107,PRCP,0,,,N,0700
US1TXAT0025,20260108,PRCP,0,,,N,0700
US1TXAT0025,20260109,PRCP,0,,,N,0700
US1TXAT0025,20260110,PRCP,0,,,N,0700
US1TXAT0025,20260111,PRCP,0,,,N,0700
US1TXAT0025,20260112,PRCP,0,,,N,0700
US1TXAT0025,20260113,PRCP,0,,,N,0700
US1TXAT0025,20260114,PRCP,13,,,N,0700
US1TXAT0025,20260115,PRCP,0,,,N,0700
US1TXAT0025,20260116,PRCP,0,,,N,0700
US1TXAT0025,20260118,PRCP,0,,,N,0700
US1TXAT0025,20260119,PRCP,0,,,N,0700
US1TXAT0025,20260120,PRCP,0,,,N,0700
US1TXAT0025,20260121,PRCP,0,T,,N,0700
US1TXAT0025,20260122,PRCP,0,,,N,0700
US1TXAT0025,20260123,PRCP,0,,,N,0700
US1TXAT0025,20260124,PRCP,69,,,N,0700
US1TXAT0025,20260125,PRCP,38,,,N,0700
US1TXAT0025,20260126,PRCP,0,,,N,0700
US1TXAT0025,20260127,PRCP,0,,,N,0700
US1TXAT0025,20260128,PRCP,0,,,N,0700
US1TXAT0025,20260129,PRCP,0,,,N,0700
US1TXAT0025,20260130,PRCP,0,,,N,0700
US1TXAT0025,20260131,PRCP,0,,,N,0700
US1TXAT0025,20260101,SNOW,0,,,N,0700
US1TXAT0025,20260102,SNOW,0,,,N,0700
US1TXAT0025,20260103,SNOW,0,,,N,0700
US1TXAT0025,20260104,SNOW,0,,,N,0700
US1TXAT0025,20260105,SNOW,0,,,N,0700
US1TXAT0025,20260106,SNOW,0,,,N,0700
US1TXAT0025,20260107,SNOW,0,,,N,0700
US1TXAT0025,20260108,SNOW,0,,,N,0700
US1TXAT0025,20260109,SNOW,0,,,N,0700
US1TXAT0025,20260110,SNOW,0,,,N,0700
US1TXAT0025,20260111,SNOW,0,,,N,0700
US1TXAT0025,20260112,SNOW,0,,,N,0700
US1TXAT0025,20260113,SNOW,0,,,N,0700
US1TXAT0025,20260115,SNOW,0,,,N,0700
US1TXAT0025,20260116,SNOW,0,,,N,0700
US1TXAT0025,20260118,SNOW,0,,,N,0700
US1TXAT0025,20260119,SNOW,0,,,N,0700
US1TXAT0025,20260120,SNOW,0,,,N,0700
US1TXAT0025,20260122,SNOW,0,,,N,0700
US1TXAT0025,20260123,SNOW,0,,,N,0700
US1TXAT0025,20260125,SNOW,0,,,N,0700
US1TXAT0025,20260126,SNOW,0,,,N,0700
US1TXAT0025,20260127,SNOW,0,,,N,0700
US1TXAT0025,20260128,SNOW,0,,,N,0700
US1TXAT0025,20260129,SNOW,0,,,N,0700
US1TXAT0025,20260130,SNOW,0,,,N,0700
US1TXAT0025,20260131,SNOW,0,,,N,0700
US1TXAT0025,20260202,PRCP,0,,,N,0700
US1TXAT0025,20260203,PRCP,0,,,N,0700
US1TXAT0025,20260204,PRCP,0,,,N,0700
US1TXAT0025,20260206,PRCP,0,,,N,0700
US1TXAT0025,20260207,PRCP,0,,,N,0700
US1TXAT0025,20260208,PRCP,0,,,N,0700
US1TXAT0025,20260209,PRCP,0,,,N,0700
US1TXAT0025,20260210,PRCP,0,,,N,0700
US1TXAT0025,20260211,PRCP,0,T,,N,0700
US1TXAT0025,20260212,PRCP,0,,,N,0700
US1TXAT0025,20260213,PRCP,0,,,N,0700
US1TXAT0025,20260214,PRCP,28,,,N,0700
US1TXAT0025,20260215,PRCP,127,,,N,0700
US1TXAT0025,20260216,PRCP,0,,,N,0700
US1TXAT0025,20260217,PRCP,0,,,N,0700
US1TXAT0025,20260218,PRCP,0,,,N,0700
US1TXAT0025,20260219,PRCP,0,,,N,0700
US1TXAT0025,20260220,PRCP,0,,,N,0700
US1TXAT0025,20260221,PRCP,0,,,N,0700
US1TXAT0025,20260222,PRCP,0,,,N,0700
US1TXAT0025,20260223,PRCP,0,,,N,0700
US1TXAT0025,20260224,PRCP,0,,,N,0700
US1TXAT0025,20260225,PRCP,0,,,N,0700
US1TXAT0025,20260226,PRCP,0,,,N,0700
US1TXAT0025,20260227,PRCP,0,,,N,0700
US1TXAT0025,20260228,PRCP,0,,,N,0700
US1TXAT0025,20260202,SNOW,0,,,N,0700
US1TXAT0025,20260203,SNOW,0,,,N,0700
US1TXAT0025,20260204,SNOW,0,,,N,0700
US1TXAT0025,20260206,SNOW,0,,,N,0700
US1TXAT0025,20260207,SNOW,0,,,N,0700
US1TXAT0025,20260208,SNOW,0,,,N,0700
US1TXAT0025,20260209,SNOW,0,,,N,0700
US1TXAT0025,20260210,SNOW,0,,,N,0700
US1TXAT0025,20260212,SNOW,0,,,N,0700
US1TXAT0025,20260213,SNOW,0,,,N,0700
US1TXAT0025,20260216,SNOW,0,,,N,0700
US1TXAT0025,20260217,SNOW,0,,,N,0700
US1TXAT0025,20260218,SNOW,0,,,N,0700
US1TXAT0025,20260219,SNOW,0,,,N,0700
US1TXAT0025,20260220,SNOW,0,,,N,0700
US1TXAT0025,20260221,SNOW,0,,,N,0700
US1TXAT0025,20260222,SNOW,0,,,N,0700
US1TXAT0025,20260223,SNOW,0,,,N,0700
US1TXAT0025,20260224,SNOW,0,,,N,0700
US1TXAT0025,20260225,SNOW,0,,,N,0700
US1TXAT0025,20260226,SNOW,0,,,N,0700
US1TXAT0025,20260227,SNOW,0,,,N,0700
US1TXAT0025,20260228,SNOW,0,,,N,0700
US1TXAT0025,20260301,PRCP,0,,,N,0700
US1TXAT0025,20260302,PRCP,0,,,N,0700
US1TXAT0025,20260303,PRCP,0,,,N,0700
US1TXAT0025,20260304,PRCP,0,,,N,0700
US1TXAT0025,20260305,PRCP,0,,,N,0700
US1TXAT0025,20260306,PRCP,0,,,N,0700
US1TXAT0025,20260307,PRCP,0,,,N,0700
US1TXAT0025,20260308,PRCP,13,,,N,0700
US1TXAT0025,20260309,PRCP,76,,,N,0700
US1TXAT0025,20260310,PRCP,0,,,N,0700
US1TXAT0025,20260311,PRCP,25,,,N,0700
US1TXAT0025,20260313,PRCP,0,,,N,0700
US1TXAT0025,20260314,PRCP,0,,,N,0700
US1TXAT0025,20260315,PRCP,0,,,N,0700
US1TXAT0025,20260316,PRCP,0,,,N,0700
US1TXAT0025,20260318,PRCP,0,,,N,0700
US1TXAT0025,20260319,PRCP,0,,,N,0700
US1TXAT0025,20260320,PRCP,0,,,N,0700
US1TXAT0025,20260321,PRCP,0,,,N,0700
US1TXAT0025,20260322,PRCP,0,,,N,0700
US1TXAT0025,20260323,PRCP,0,,,N,0700
US1TXAT0025,20260324,PRCP,0,,,N,0700
US1TXAT0025,20260325,PRCP,0,,,N,0700
US1TXAT0025,20260326,PRCP,0,,,N,0700
US1TXAT0025,20260327,PRCP,0,,,N,0700
US1TXAT0025,20260328,PRCP,0,,,N,0700
US1TXAT0025,20260329,PRCP,0,,,N,0700
US1TXAT0025,20260330,PRCP,0,,,N,0700
US1TXAT0025,20260331,PRCP,0,,,N,0700
US1TXAT0025,20260301,SNOW,0,,,N,0700
US1TXAT0025,20260302,SNOW,0,,,N,0700
US1TXAT0025,20260303,SNOW,0,,,N,0700
US1TXAT0025,20260304,SNOW,0,,,N,0700
US1TXAT0025,20260305,SNOW,0,,,N,0700
US1TXAT0025,20260306,SNOW,0,,,N,0700
US1TXAT0025,20260307,SNOW,0,,,N,0700
US1TXAT0025,20260310,SNOW,0,,,N,0700
US1TXAT0025,20260313,SNOW,0,,,N,0700
US1TXAT0025,20260314,SNOW,0,,,N,0700
US1TXAT0025,20260315,SNOW,0,,,N,0700
US1TXAT0025,20260316,SNOW,0,,,N,0700
US1TXAT0025,20260318,SNOW,0,,,N,0700
US1TXAT0025,20260319,SNOW,0,,,N,0700
US1TXAT0025,20260320,SNOW,0,,,N,0700
US1TXAT0025,20260321,SNOW,0,,,N,0700
US1TXAT0025,20260322,SNOW,0,,,N,0700
US1TXAT0025,20260323,SNOW,0,,,N,0700
US1TXAT0025,20260324,SNOW,0,,,N,0700
US1TXAT0025,20260325,SNOW,0,,,N,0700
US1TXAT0025,20260326,SNOW,0,,,N,0700
US1TXAT0025,20260327,SNOW,0,,,N,0700
US1TXAT0025,20260328,SNOW,0,,,N,0700
US1TXAT0025,20260329,SNOW,0,,,N,0700
US1TXAT0025,20260330,SNOW,0,,,N,0700
US1TXAT0025,20260331,SNOW,0,,,N,0700
US1TXAT0025,20260401,PRCP,0,,,N,0700
US1TXAT0025,20260402,PRCP,0,,,N,0700
US1TXAT0025,20260403,PRCP,0,,,N,0700
US1TXAT0025,20260404,PRCP,0,,,N,0700
US1TXAT0025,20260405,PRCP,91,,,N,0700
US1TXAT0025,20260406,PRCP,10,,,N,0700
US1TXAT0025,20260407,PRCP,0,,,N,0700
US1TXAT0025,20260409,PRCP,0,,,N,0700
US1TXAT0025,20260410,PRCP,8,,,N,0700
US1TXAT0025,20260411,PRCP,0,T,,N,0700
US1TXAT0025,20260412,PRCP,25,,,N,0700
US1TXAT0025,20260413,PRCP,28,,,N,0700
US1TXAT0025,20260415,PRCP,0,,,N,0700
US1TXAT0025,20260416,PRCP,0,,,N,0700
US1TXAT0025,20260417,PRCP,0,,,N,0700
US1TXAT0025,20260418,PRCP,0,,,N,0700
US1TXAT0025,20260419,PRCP,165,,,N,0700
US1TXAT0025,20260420,PRCP,244,,,N,0700
US1TXAT0025,20260421,PRCP,305,,,N,0700
US1TXAT0025,20260422,PRCP,56,,,N,0700
US1TXAT0025,20260423,PRCP,0,,,N,0700
US1TXAT0025,20260426,PRCP,0,,,N,0700
US1TXAT0025,20260427,PRCP,0,,,N,0700
US1TXAT0025,20260428,PRCP,0,,,N,0700
US1TXAT0025,20260429,PRCP,0,,,N,0700
US1TXAT0025,20260430,PRCP,0,,,N,0700
US1TXAT0025,20260401,SNOW,0,,,N,0700
US1TXAT0025,20260402,SNOW,0,,,N,0700
US1TXAT0025,20260403,SNOW,0,,,N,0700
US1TXAT0025,20260404,SNOW,0,,,N,0700
US1TXAT0025,20260407,SNOW,0,,,N,0700
US1TXAT0025,20260409,SNOW,0,,,N,0700
US1TXAT0025,20260410,SNOW,0,,,N,0700
US1TXAT0025,20260415,SNOW,0,,,N,0700
US1TXAT0025,20260416,SNOW,0,,,N,0700
US1TXAT0025,20260417,SNOW,0,,,N,0700
US1TXAT0025,20260418,SNOW,0,,,N,0700
US1TXAT0025,20260420,SNOW,0,,,N,0700
US1TXAT0025,20260423,SNOW,0,,,N,0700
US1TXAT0025,20260426,SNOW,0,,,N,0700
US1TXAT0025,20260427,SNOW,0,,,N,0700
US1TXAT0025,20260428,SNOW,0,,,N,0700
US1TXAT0025,20260429,SNOW,0,,,N,0700
US1TXAT0025,20260430,SNOW,0,,,N,0700
US1TXAT0025,20260501,PRCP,269,,,N,0700
US1TXAT0025,20260502,PRCP,437,,,N,0700
US1TXAT0025,20260503,PRCP,0,,,N,0700
US1TXAT0025,20260504,PRCP,0,,,N,0700
US1TXAT0025,20260505,PRCP,0,,,N,0700
US1TXAT0025,20260507,PRCP,0,,,N,0700
US1TXAT0025,20260508,PRCP,0,T,,N,0700
US1TXAT0025,20260509,PRCP,0,,,N,0700
US1TXAT0025,20260510,PRCP,0,,,N,0700
US1TXAT0025,20260511,PRCP,193,,,N,0700
US1TXAT0025,20260512,PRCP,0,,,N,0700
US1TXAT0025,20260514,PRCP,0,,,N,0700
US1TXAT0025,20260515,PRCP,0,,,N,0700
US1TXAT0025,20260516,PRCP,0,,,N,0700
US1TXAT0025,20260517,PRCP,0,,,N,0700
US1TXAT0025,20260518,PRCP,5,,,N,0700
US1TXAT0025,20260519,PRCP,0,,,N,0700
US1TXAT0025,20260520,PRCP,229,,,N,0700
US1TXAT0025,20260521,PRCP,41,,,N,0700
US1TXAT0025,20260522,PRCP,41,,,N,0700
US1TXAT0025,20260523,PRCP,132,,,N,0700
US1TXAT0025,20260524,PRCP,74,,,N,0700
US1TXAT0025,20260525,PRCP,0,,,N,0700
US1TXAT0025,20260526,PRCP,0,,,N,0700
US1TXAT0025,20260527,PRCP,241,,,N,0700
US1TXAT0025,20260528,PRCP,66,,,N,0700
US1TXAT0025,20260529,PRCP,0,,,N,0700
US1TXAT0025,20260530,PRCP,0,,,N,0700
US1TXAT0025,20260531,PRCP,0,,,N,0700
US1TXAT0025,20260503,SNOW,0,,,N,0700
US1TXAT0025,20260504,SNOW,0,,,N,0700
US1TXAT0025,20260505,SNOW,0,,,N,0700
US1TXAT0025,20260507,SNOW,0,,,N,0700
US1TXAT0025,20260509,SNOW,0,,,N,0700
US1TXAT0025,20260510,SNOW,0,,,N,0700
US1TXAT0025,20260512,SNOW,0,,,N,0700
US1TXAT0025,20260514,SNOW,0,,,N,0700
US1TXAT0025,20260515,SNOW,0,,,N,0700
US1TXAT0025,20260516,SNOW,0,,,N,0700
US1TXAT0025,20260517,SNOW,0,,,N,0700
US1TXAT0025,20260519,SNOW,0,,,N,0700
US1TXAT0025,20260525,SNOW,0,,,N,0700
US1TXAT0025,20260526,SNOW,0,,,N,0700
US1TXAT0025,20260529,SNOW,0,,,N,0700
US1TXAT0025,20260530,SNOW,0,,,N,0700
US1TXAT0025,20260531,SNOW,0,,,N,0700
US1TXAT0025,20260601,PRCP,0,,,N,0700
US1TXAT0025,20260602,PRCP,0,,,N,0700
US1TXAT0025,20260603,PRCP,0,T,,N,0700
US1TXAT0025,20260604,PRCP,0,,,N,0700
US1TXAT0025,20260605,PRCP,150,,,N,0700
US1TXAT0025,20260606,PRCP,38,,,N,0700
US1TXAT0025,20260608,PRCP,0,,,N,0700
US1TXAT0025,20260609,PRCP,15,,,N,0700
US1TXAT0025,20260610,PRCP,15,,,N,0700
US1TXAT0025,20260612,PRCP,5,,,N,0700
US1TXAT0025,20260613,PRCP,0,,,N,0700
US1TXAT0025,20260614,PRCP,0,,,N,0700
US1TXAT0025,20260615,PRCP,20,,,N,0700
US1TXAT0025,20260616,PRCP,305,,,N,0700
US1TXAT0025,20260617,PRCP,140,,,N,0700
US1TXAT0025,20260619,PRCP,0,,,N,0700
US1TXAT0025,20260620,PRCP,452,,,N,0700
US1TXAT0025,20260621,PRCP,0,,,N,0700
US1TXAT0025,20260622,PRCP,0,,,N,0700
US1TXAT0025,20260623,PRCP,0,,,N,0700
US1TXAT0025,20260624,PRCP,0,,,N,0700
US1TXAT0025,20260625,PRCP,0,,,N,0700
US1TXAT0025,20260626,PRCP,0,,,N,0700
US1TXAT0025,20260627,PRCP,0,,,N,0700
US1TXAT0025,20260628,PRCP,0,,,N,0700
US1TXAT0025,20260629,PRCP,0,,,N,0700
US1TXAT0025,20260630,PRCP,0,,,N,0700
US1TXAT0025,20260601,SNOW,0,,,N,0700
US1TXAT0025,20260602,SNOW,0,,,N,0700
US1TXAT0025,20260604,SNOW,0,,,N,0700
US1TXAT0025,20260608,SNOW,0,,,N,0700
US1TXAT0025,20260613,SNOW,0,,,N,0700
US1TXAT0025,20260614,SNOW,0,,,N,0700
US1TXAT0025,20260619,SNOW,0,,,N,0700
US1TXAT0025,20260621,SNOW,0,,,N,0700
US1TXAT0025,20260622,SNOW,0,,,N,0700
US1TXAT0025,20260623,SNOW,0,,,N,0700
US1TXAT0025,20260624,SNOW,0,,,N,0700
US1TXAT0025,20260625,SNOW,0,,,N,0700
US1TXAT0025,20260626,SNOW,0,,,N,0700
US1TXAT0025,20260627,SNOW,0,,,N,0700
US1TXAT0025,20260628,SNOW,0,,,N,0700
US1TXAT0025,20260629,SNOW,0,,,N,0700
US1TXAT0025,20260630,SNOW,0,,,N,0700
US1TXAT0025,20260701,PRCP,0,,,N,0700
US1TXAT0025,20260702,PRCP,0,,,N,0700
US1TXAT0025,20260703,PRCP,0,,,N,0700
US1TXAT0025,20260704,PRCP,0,,,N,0700
US1TXAT0025,20260706,PRCP,0,,,N,0700
US1TXAT0025,20260707,PRCP,0,,,N,0700
US1TXAT0025,20260708,PRCP,0,,,N,0700
US1TXAT0025,20260709,PRCP,0,,,N,0700
US1TXAT0025,20260710,PRCP,0,,,N,0700
US1TXAT0025,20260711,PRCP,0,,,N,0700
US1TXAT0025,20260712,PRCP,0,,,N,0700
US1TXAT0025,20260713,PRCP,0,,,N,0700
US1TXAT0025,20260714,PRCP,112,,,N,0700
US1TXAT0025,20260715,PRCP,107,,,N,0700
US1TXAT0025,20260716,PRCP,43,,,N,0700
US1TXAT0025,20260717,PRCP,0,,,N,0700
US1TXAT0025,20260718,PRCP,0,,,N,0700
US1TXAT0025,20260719,PRCP,0,,,N,0700
US1TXAT0025,20260720,PRCP,0,,,N,0700
US1TXAT0025,20260722,PRCP,0,,,N,0700
US1TXAT0025,20260723,PRCP,0,,,N,0700
US1TXAT0025,20260724,PRCP,424,,,N,0700
US1TXAT0025,20260725,PRCP,0,,,N,0700
US1TXAT0025,20260726,PRCP,0,,,N,0700
US1TXAT0025,20260727,PRCP,0,,,N,0700
US1TXAT0025,20260728,PRCP,0,,,N,0700
US1TXAT0025,20260729,PRCP,0,,,N,0700
US1TXAT0025,20260730,PRCP,0,,,N,0700
US1TXAT0025,20260731,PRCP,0,,,N,0700
US1TXAT0025,20260701,SNOW,0,,,N,0700
US1TXAT0025,20260702,SNOW,0,,,N,0700
US1TXAT0025,20260703,SNOW,0,,,N,0700
US1TXAT0025,20260704,SNOW,0,,,N,0700
US1TXAT0025,20260706,SNOW,0,,,N,0700
US1TXAT0025,20260707,SNOW,0,,,N,0700
US1TXAT0025,20260708,SNOW,0,,,N,0700
US1TXAT0025,20260709,SNOW,0,,,N,0700
US1TXAT0025,20260710,SNOW,0,,,N,0700
US1TXAT0025,20260711,SNOW,0,,,N,0700
US1TXAT0025,20260712,SNOW,0,,,N,0700
US1TXAT0025,20260713,SNOW,0,,,N,0700
US1TXAT0025,20260717,SNOW,0,,,N,0700
US1TXAT0025,20260718,SNOW,0,,,N,0700
US1TXAT0025,20260719,SNOW,0,,,N,0700
US1TXAT0025,20260720,SNOW,0,,,N,0700
US1TXAT0025,20260722,SNOW,0,,,N,0700
US1TXAT0025,20260723,SNOW,0,,,N,0700
US1TXAT0025,20260725,SNOW,0,,,N,0700
US1TXAT0025,20260726,SNOW,0,,,N,0700
US1TXAT0025,20260727,SNOW,0,,,N,0700
US1TXAT0025,20260728,SNOW,0,,,N,0700
US1TXAT0025,20260729,SNOW,0,,,N,0700
US1TXAT0025,20260730,SNOW,0,,,N,0700
US1TXAT0025,20260731,SNOW,0,,,N,0700
US1TXAT0025,20260801,PRCP,0,,,N,0700
US1TXAT0025,20260803,PRCP,0,,,N,0700
US1TXAT0025,20260804,PRCP,0,,,N,0700
US1TXAT0025,20260805,PRCP,0,,,N,0700
US1TXAT0025,20260806,PRCP,0,,,N,0700
US1TXAT0025,20260807,PRCP,0,,,N,0700
US1TXAT0025,20260809,PRCP,0,,,N,0700
US1TXAT0025,20260811,PRCP,0,,,N,0700
US1TXAT0025,20260812,PRCP,0,,,N,0700
US1TXAT0025,20260813,PRCP,0,,,N,0700
US1TXAT0025,20260814,PRCP,0,,,N,0700
US1TXAT0025,20260815,PRCP,0,,,N,0700
US1TXAT0025,20260816,PRCP,0,,,N,0700
US1TXAT0025,20260817,PRCP,0,,,N,0700
US1TXAT0025,20260818,PRCP,0,,,N,0700
US1TXAT0025,20260819,PRCP,0,,,N,0700
US1TXAT0025,20260820,PRCP,0,,,N,0700
US1TXAT0025,20260821,PRCP,0,,,N,0700
US1TXAT0025,20260822,PRCP,0,,,N,0700
US1TXAT0025,20260823,PRCP,0,,,N,0700
US1TXAT0025,20260824,PRCP,0,,,N,0700
US1TXAT0025,20260825,PRCP,0,,,N,0700
US1TXAT0025,20260826,PRCP,0,,,N,0700
US1TXAT0025,20260827,PRCP,0,,,N,0700
US1TXAT0025,20260828,PRCP,185,,,N,0700
US1TXAT0025,20260830,PRCP,0,,,N,0700
US1TXAT0025,20260831,PRCP,0,,,N,0700
US1TXAT0025,20260801,SNOW,0,,,N,0700
US1TXAT0025,20260803,SNOW,0,,,N,0700
US1TXAT0025,20260804,SNOW,0,,,N,0700
US1TXAT0025,20260805,SNOW,0,,,N,0700
US1TXAT0025,20260806,SNOW,0,,,N,0700
US1TXAT0025,20260807,SNOW,0,,,N,0700
US1TXAT0025,20260809,SNOW,0,,,N,0700
US1TXAT0025,20260811,SNOW,0,,,N,0700
US1TXAT0025,20260812,SNOW,0,,,N,0700
US1TXAT0025,20260813,SNOW,0,,,N,0700
US1TXAT0025,20260814,SNOW,0,,,N,0700
US1TXAT0025,20260815,SNOW,0,,,N,0700
US1TXAT0025,20260816,SNOW,0,,,N,0700
US1TXAT0025,20260817,SNOW,0,,,N,0700
US1TXAT0025,20260818,SNOW,0,,,N,0700
US1TXAT0025,20260819,SNOW,0,,,N,0700
US1TXAT0025,20260820,SNOW,0,,,N,0700
US1TXAT0025,20260821,SNOW,0,,,N,0700
US1TXAT0025,20260822,SNOW,0,,,N,0700
US1TXAT0025,20260823,SNOW,0,,,N,0700
US1TXAT0025,20260824,SNOW,0,,,N,0700
US1TXAT0025,20260825,SNOW,0,,,N,0700
US1TXAT0025,20260826,SNOW,0,,,N,0700
US1TXAT0025,20260827,SNOW,0,,,N,0700
US1TXAT0025,20260830,SNOW,0,,,N,0700
US1TXAT0025,20260831,SNOW,0,,,N,0700
US1TXAT0025,20260901,PRCP,0,,,N,0700
US1TXAT0025,20260902,PRCP,0,,,N,0700
US1TXAT0025,20260903,PRCP,0,,,N,0700
US1TXAT0025,20260904,PRCP,0,,,N,0700
US1TXAT0025,20260905,PRCP,0,,,N,
US1TXAT0025,20260907,PRCP,0,,,N,
US1TXAT0025,20260908,PRCP,0,,,N,
US1TXAT0025,20260909,PRCP,0,,,N,
US1TXAT0025,20260901,SNOW,0,,,N,0700
US1TXAT0025,20260902,SNOW,0,,,N,0700
US1TXAT0025,20260903,SNOW,0,,,N,0700
US1TXAT0025,20260904,SNOW,0,,,N,0700
US1TXAT0025,20260905,SNOW,0,,,N,
US1TXAT0025,20260907,SNOW,0,,,N,
US1TXAT0025,20260908,SNOW,0,,,N,
US1TXAT0025,20260909,SNOW,0,,,N,
