ID,DATE,ELEMENT,DATA_VALUE,M_FLAG,Q_FLAG,S_FLAG,OBS_TIME
US1TXAR0003,20071023,PRCP,157,,,N,0800
US1TXAR0003,20071031,PRCP,3,,,N,0800
US1TXAR0003,20071023,SNOW,0,,,N,0800
US1TXAR0003,20071031,SNOW,0,,,N,0800
US1TXAR0003,20071101,PRCP,3,,,N,0800
US1TXAR0003,20071102,PRCP,3,,,N,0800
US1TXAR0003,20071103,PRCP,3,,,N,0800
US1TXAR0003,20071104,PRCP,3,,,N,0800
US1TXAR0003,20071115,PRCP,8,,,N,0800
US1TXAR0003,20071118,PRCP,20,,,N,0800
US1TXAR0003,20071122,PRCP,51,,,N,0800
US1TXAR0003,20071124,PRCP,178,,,N,0800
US1TXAR0003,20071125,PRCP,18,,,N,0800
US1TXAR0003,20071126,PRCP,5,,,N,0800
US1TXAR0003,20071101,SNOW,0,,,N,0800
US1TXAR0003,20071102,SNOW,0,,,N,0800
US1TXAR0003,20071103,SNOW,0,,,N,0800
US1TXAR0003,20071104,SNOW,0,,,N,0800
US1TXAR0003,20071115,SNOW,0,,,N,0800
US1TXAR0003,20071118,SNOW,0,,,N,0800
US1TXAR0003,20071122,SNOW,0,,,N,0800
US1TXAR0003,20071124,SNOW,0,,,N,0800
US1TXAR0003,20071125,SNOW,0,,,N,0800
US1TXAR0003,20071126,SNOW,0,,,N,0800
US1TXAR0003,20071201,PRCP,5,,,N,0800
US1TXAR0003,20071207,PRCP,15,,,N,1000
US1TXAR0003,20071215,PRCP,251,,,N,0800
US1TXAR0003,20071225,PRCP,5,,,N,0800
US1TXAR0003,20071230,PRCP,8,,,N,0800
US1TXAR0003,20071201,SNOW,0,,,N,0800
US1TXAR0003,20071207,SNOW,0,,,N,1000
US1TXAR0003,20071215,SNOW,0,,,N,0800
US1TXAR0003,20071225,SNOW,0,,,N,0800
US1TXAR0003,20071230,SNOW,0,,,N,0800
US1TXAR0003,20080105,PRCP,10,,,N,0800
US1TXAR0003,20080106,PRCP,5,,,N,0800
US1TXAR0003,20080115,PRCP,13,,,N,0800
US1TXAR0003,20080116,PRCP,460,,,N,0800
US1TXAR0003,20080119,PRCP,442,,,N,0800
US1TXAR0003,20080121,PRCP,23,,,N,0800
US1TXAR0003,20080122,PRCP,38,,,N,0800
US1TXAR0003,20080123,PRCP,74,,,N,0800
US1TXAR0003,20080124,PRCP,41,,,N,0800
US1TXAR0003,20080125,PRCP,13,,,N,0800
US1TXAR0003,20080126,PRCP,5,,,N,0800
US1TXAR0003,20080131,PRCP,13,,,N,0800
US1TXAR0003,20080105,SNOW,0,,,N,0800
US1TXAR0003,20080106,SNOW,0,,,N,0800
US1TXAR0003,20080115,SNOW,0,,,N,0800
US1TXAR0003,20080116,SNOW,0,,,N,0800
US1TXAR0003,20080119,SNOW,0,,,N,0800
US1TXAR0003,20080121,SNOW,0,,,N,0800
US1TXAR0003,20080122,SNOW,0,,,N,0800
US1TXAR0003,20080123,SNOW,0,,,N,0800
US1TXAR0003,20080124,SNOW,0,,,N,0800
US1TXAR0003,20080125,SNOW,0,,,N,0800
US1TXAR0003,20080126,SNOW,0,,,N,0800
US1TXAR0003,20080131,SNOW,0,,,N,0800
US1TXAR0003,20080203,PRCP,8,,,N,0800
US1TXAR0003,20080209,PRCP,10,,,N,0800
US1TXAR0003,20080211,PRCP,5,,,N,0800
US1TXAR0003,20080217,PRCP,23,,,N,0800
US1TXAR0003,20080221,PRCP,64,,,N,0800
US1TXAR0003,20080222,PRCP,5,,,N,0800
US1TXAR0003,20080203,SNOW,0,,,N,0800
US1TXAR0003,20080209,SNOW,0,,,N,0800
US1TXAR0003,20080211,SNOW,0,,,N,0800
US1TXAR0003,20080217,SNOW,0,,,N,0800
US1TXAR0003,20080221,SNOW,0,,,N,0800
US1TXAR0003,20080222,SNOW,0,,,N,0800
US1TXAR0003,20080307,PRCP,33,,,N,0800
US1TXAR0003,20080310,PRCP,0,,,N,0800
US1TXAR0003,20080311,PRCP,135,,,N,0800
US1TXAR0003,20080312,PRCP,5,,,N,0800
US1TXAR0003,20080313,PRCP,0,,,N,0800
US1TXAR0003,20080314,PRCP,0,,,N,0800
US1TXAR0003,20080318,PRCP,0,,,N,0800
US1TXAR0003,20080319,PRCP,56,,,N,0800
US1TXAR0003,20080320,PRCP,0,,,N,0800
US1TXAR0003,20080330,PRCP,8,,,N,0800
US1TXAR0003,20080307,SNOW,0,,,N,0800
US1TXAR0003,20080310,SNOW,0,,,N,0800
US1TXAR0003,20080311,SNOW,0,,,N,0800
US1TXAR0003,20080312,SNOW,0,,,N,0800
US1TXAR0003,20080313,SNOW,0,,,N,0800
US1TXAR0003,20080314,SNOW,0,,,N,0800
US1TXAR0003,20080318,SNOW,0,,,N,0800
US1TXAR0003,20080319,SNOW,0,,,N,0800
US1TXAR0003,20080320,SNOW,0,,,N,0800
US1TXAR0003,20080330,SNOW,0,,,N,0800
US1TXAR0003,20080317,DAPR,3,,,N,0800
US1TXAR0003,20080317,MDPR,3,,,N,0800
US1TXAR0003,20080405,PRCP,8,,,N,0800
US1TXAR0003,20080407,PRCP,8,,,N,0800
US1TXAR0003,20080418,PRCP,18,,,N,0800
US1TXAR0003,20080426,PRCP,366,,,N,0800
US1TXAR0003,20080427,PRCP,18,,,N,0800
US1TXAR0003,20080428,PRCP,422,,,N,0800
US1TXAR0003,20080405,SNOW,0,,,N,0800
US1TXAR0003,20080407,SNOW,0,,,N,0800
US1TXAR0003,20080418,SNOW,0,,,N,0800
US1TXAR0003,20080426,SNOW,0,,,N,0800
US1TXAR0003,20080427,SNOW,0,,,N,0800
US1TXAR0003,20080428,SNOW,0,,,N,0800
US1TXAR0003,20080604,PRCP,3,,,N,0800
US1TXAR0003,20080605,PRCP,0,,,N,0800
US1TXAR0003,20080607,PRCP,3,,,N,0800
US1TXAR0003,20080608,PRCP,38,,,N,0800
US1TXAR0003,20080609,PRCP,0,,,N,0800
US1TXAR0003,20080610,PRCP,0,,,N,0800
US1TXAR0003,20080612,PRCP,0,,,N,0800
US1TXAR0003,20080613,PRCP,0,T,,N,0800
US1TXAR0003,20080614,PRCP,0,,,N,0800
US1TXAR0003,20080615,PRCP,0,T,,N,0800
US1TXAR0003,20080616,PRCP,0,,,N,0800
US1TXAR0003,20080617,PRCP,0,,,N,0800
US1TXAR0003,20080618,PRCP,0,,,N,0800
US1TXAR0003,20080619,PRCP,0,,,N,0800
US1TXAR0003,20080620,PRCP,0,,,N,0800
US1TXAR0003,20080621,PRCP,0,,,N,0800
US1TXAR0003,20080622,PRCP,0,T,,N,0800
US1TXAR0003,20080623,PRCP,0,,,N,0800
US1TXAR0003,20080624,PRCP,0,,,N,0800
US1TXAR0003,20080625,PRCP,0,,,N,0800
US1TXAR0003,20080626,PRCP,0,,,N,0800
US1TXAR0003,20080627,PRCP,0,,,N,0800
US1TXAR0003,20080628,PRCP,0,,,N,0800
US1TXAR0003,20080629,PRCP,36,,,N,0800
US1TXAR0003,20080630,PRCP,0,,,N,0800
US1TXAR0003,20080604,SNOW,0,,,N,0800
US1TXAR0003,20080605,SNOW,0,,,N,0800
US1TXAR0003,20080607,SNOW,0,,,N,0800
US1TXAR0003,20080608,SNOW,0,,,N,0800
US1TXAR0003,20080609,SNOW,0,,,N,0800
US1TXAR0003,20080610,SNOW,0,,,N,0800
US1TXAR0003,20080612,SNOW,0,,,N,0800
US1TXAR0003,20080613,SNOW,0,,,N,0800
US1TXAR0003,20080614,SNOW,0,,,N,0800
US1TXAR0003,20080615,SNOW,0,,,N,0800
US1TXAR0003,20080616,SNOW,0,,,N,0800
US1TXAR0003,20080617,SNOW,0,,,N,0800
US1TXAR0003,20080618,SNOW,0,,,N,0800
US1TXAR0003,20080619,SNOW,0,,,N,0800
US1TXAR0003,20080620,SNOW,0,,,N,0800
US1TXAR0003,20080621,SNOW,0,,,N,0800
US1TXAR0003,20080622,SNOW,0,,,N,0800
US1TXAR0003,20080623,SNOW,0,,,N,0800
US1TXAR0003,20080624,SNOW,0,,,N,0800
US1TXAR0003,20080625,SNOW,0,,,N,0800
US1TXAR0003,20080626,SNOW,0,,,N,0800
US1TXAR0003,20080627,SNOW,0,,,N,0800
US1TXAR0003,20080628,SNOW,0,,,N,0800
US1TXAR0003,20080629,SNOW,0,,,N,0800
US1TXAR0003,20080630,SNOW,0,,,N,0800
US1TXAR0003,20080603,DAPR,32,,L,N,0800
US1TXAR0003,20080603,MDPR,132,,L,N,0800
US1TXAR0003,20080701,PRCP,0,,,N,0800
US1TXAR0003,20080702,PRCP,33,,,N,0800
US1TXAR0003,20080703,PRCP,284,,,N,0800
US1TXAR0003,20080704,PRCP,5,,,N,0800
US1TXAR0003,20080705,PRCP,107,,,N,0800
US1TXAR0003,20080706,PRCP,109,,,N,0800
US1TXAR0003,20080707,PRCP,81,,,N,0800
US1TXAR0003,20080708,PRCP,5,,,N,0800
US1TXAR0003,20080709,PRCP,41,,,N,0800
US1TXAR0003,20080710,PRCP,0,,,N,0800
US1TXAR0003,20080711,PRCP,0,,,N,0800
US1TXAR0003,20080712,PRCP,0,,,N,0800
US1TXAR0003,20080713,PRCP,0,,,N,0800
US1TXAR0003,20080714,PRCP,0,,,N,0800
US1TXAR0003,20080715,PRCP,0,,,N,0800
US1TXAR0003,20080716,PRCP,0,,,N,0800
US1TXAR0003,20080720,PRCP,0,,,N,0800
US1TXAR0003,20080701,SNOW,0,,,N,0800
US1TXAR0003,20080702,SNOW,0,,,N,0800
US1TXAR0003,20080703,SNOW,0,,,N,0800
US1TXAR0003,20080704,SNOW,0,,,N,0800
US1TXAR0003,20080705,SNOW,0,,,N,0800
US1TXAR0003,20080706,SNOW,0,,,N,0800
US1TXAR0003,20080707,SNOW,0,,,N,0800
US1TXAR0003,20080708,SNOW,0,,,N,0800
US1TXAR0003,20080709,SNOW,0,,,N,0800
US1TXAR0003,20080710,SNOW,0,,,N,0800
US1TXAR0003,20080711,SNOW,0,,,N,0800
US1TXAR0003,20080712,SNOW,0,,,N,0800
US1TXAR0003,20080713,SNOW,0,,,N,0800
US1TXAR0003,20080714,SNOW,0,,,N,0800
US1TXAR0003,20080715,SNOW,0,,,N,0800
US1TXAR0003,20080716,SNOW,0,,,N,0800
US1TXAR0003,20080720,SNOW,0,,,N,0800
US1TXAR0003,20080804,PRCP,0,,,N,0800
US1TXAR0003,20080805,PRCP,0,,,N,0800
US1TXAR0003,20080806,PRCP,8,,,N,0800
US1TXAR0003,20080807,PRCP,0,,,N,0800
US1TXAR0003,20080808,PRCP,0,,,N,0800
US1TXAR0003,20080809,PRCP,0,,,N,0800
US1TXAR0003,20080810,PRCP,0,,,N,0800
US1TXAR0003,20080811,PRCP,0,,,N,0800
US1TXAR0003,20080812,PRCP,0,,,N,0800
US1TXAR0003,20080813,PRCP,0,,,N,0800
US1TXAR0003,20080814,PRCP,0,,,N,0800
US1TXAR0003,20080815,PRCP,0,T,,N,0800
US1TXAR0003,20080816,PRCP,0,T,,N,0800
US1TXAR0003,20080817,PRCP,8,,,N,0800
US1TXAR0003,20080818,PRCP,61,,,N,0800
US1TXAR0003,20080819,PRCP,211,,,N,0800
US1TXAR0003,20080820,PRCP,10,,,N,0800
US1TXAR0003,20080821,PRCP,46,,,N,0800
US1TXAR0003,20080822,PRCP,0,,,N,0800
US1TXAR0003,20080823,PRCP,30,,,N,0800
US1TXAR0003,20080824,PRCP,3,,,N,0800
US1TXAR0003,20080828,PRCP,0,,L,N,0800
US1TXAR0003,20080804,SNOW,0,,,N,0800
US1TXAR0003,20080805,SNOW,0,,,N,0800
US1TXAR0003,20080806,SNOW,0,,,N,0800
US1TXAR0003,20080807,SNOW,0,,,N,0800
US1TXAR0003,20080808,SNOW,0,,,N,0800
US1TXAR0003,20080809,SNOW,0,,,N,0800
US1TXAR0003,20080810,SNOW,0,,,N,0800
US1TXAR0003,20080811,SNOW,0,,,N,0800
US1TXAR0003,20080812,SNOW,0,,,N,0800
US1TXAR0003,20080813,SNOW,0,,,N,0800
US1TXAR0003,20080814,SNOW,0,,,N,0800
US1TXAR0003,20080815,SNOW,0,,,N,0800
US1TXAR0003,20080816,SNOW,0,,,N,0800
US1TXAR0003,20080817,SNOW,0,,,N,0800
US1TXAR0003,20080818,SNOW,0,,,N,0800
US1TXAR0003,20080819,SNOW,0,,,N,0800
US1TXAR0003,20080820,SNOW,0,,,N,0800
US1TXAR0003,20080821,SNOW,0,,,N,0800
US1TXAR0003,20080822,SNOW,0,,,N,0800
US1TXAR0003,20080823,SNOW,0,,,N,0800
US1TXAR0003,20080824,SNOW,0,,,N,0800
US1TXAR0003,20080828,SNOW,0,,,N,0800
US1TXAR0003,20080827,DAPR,3,,,N,0800
US1TXAR0003,20080831,DAPR,4,,L,N,0800
US1TXAR0003,20080827,MDPR,0,,,N,0800
US1TXAR0003,20080831,MDPR,0,,L,N,0800
US1TXAR0003,20080901,PRCP,0,,,N,0800
US1TXAR0003,20080902,PRCP,0,,,N,0800
US1TXAR0003,20080904,PRCP,0,,,N,0800
US1TXAR0003,20080905,PRCP,0,,,N,0800
US1TXAR0003,20080906,PRCP,0,,,N,0800
US1TXAR0003,20080907,PRCP,0,,,N,0800
US1TXAR0003,20080908,PRCP,5,,,N,0750
US1TXAR0003,20080909,PRCP,13,,,N,0800
US1TXAR0003,20080911,PRCP,0,,,N,0800
US1TXAR0003,20080912,PRCP,0,,,N,0800
US1TXAR0003,20080913,PRCP,0,,,N,0800
US1TXAR0003,20080914,PRCP,0,,,N,0800
US1TXAR0003,20080915,PRCP,30,,,N,0800
US1TXAR0003,20080916,PRCP,0,,,N,0800
US1TXAR0003,20080917,PRCP,0,,,N,0800
US1TXAR0003,20080918,PRCP,0,,,N,0800
US1TXAR0003,20080919,PRCP,0,T,,N,0800
US1TXAR0003,20080920,PRCP,0,T,,N,0800
US1TXAR0003,20080921,PRCP,3,,,N,0800
US1TXAR0003,20080922,PRCP,0,,,N,0800
US1TXAR0003,20080924,PRCP,18,,,N,0800
US1TXAR0003,20080925,PRCP,0,,,N,0800
US1TXAR0003,20080926,PRCP,0,,,N,0800
US1TXAR0003,20080927,PRCP,0,,,N,0800
US1TXAR0003,20080928,PRCP,0,,,N,0800
US1TXAR0003,20080929,PRCP,0,,,N,0755
US1TXAR0003,20080930,PRCP,0,,,N,0800
US1TXAR0003,20080901,SNOW,0,,,N,0800
US1TXAR0003,20080902,SNOW,0,,,N,0800
US1TXAR0003,20080904,SNOW,0,,,N,0800
US1TXAR0003,20080905,SNOW,0,,,N,0800
US1TXAR0003,20080906,SNOW,0,,,N,0800
US1TXAR0003,20080907,SNOW,0,,,N,0800
US1TXAR0003,20080908,SNOW,0,,,N,0750
US1TXAR0003,20080909,SNOW,0,,,N,0800
US1TXAR0003,20080911,SNOW,0,,,N,0800
US1TXAR0003,20080912,SNOW,0,,,N,0800
US1TXAR0003,20080913,SNOW,0,,,N,0800
US1TXAR0003,20080914,SNOW,0,,,N,0800
US1TXAR0003,20080915,SNOW,0,,,N,0800
US1TXAR0003,20080916,SNOW,0,,,N,0800
US1TXAR0003,20080917,SNOW,0,,,N,0800
US1TXAR0003,20080918,SNOW,0,,,N,0800
US1TXAR0003,20080919,SNOW,0,,,N,0800
US1TXAR0003,20080920,SNOW,0,,,N,0800
US1TXAR0003,20080921,SNOW,0,,,N,0800
US1TXAR0003,20080922,SNOW,0,,,N,0800
US1TXAR0003,20080924,SNOW,0,,,N,0800
US1TXAR0003,20080925,SNOW,0,,,N,0800
US1TXAR0003,20080926,SNOW,0,,,N,0800
US1TXAR0003,20080927,SNOW,0,,,N,0800
US1TXAR0003,20080928,SNOW,0,,,N,0800
US1TXAR0003,20080929,SNOW,0,,,N,0755
US1TXAR0003,20080930,SNOW,0,,,N,0800
US1TXAR0003,20081001,PRCP,0,,,N,0700
US1TXAR0003,20081002,PRCP,0,,,N,0700
US1TXAR0003,20081003,PRCP,0,,,N,0700
US1TXAR0003,20081004,PRCP,0,,,N,0700
US1TXAR0003,20081005,PRCP,3,,,N,0800
US1TXAR0003,20081006,PRCP,0,,,N,0700
US1TXAR0003,20081007,PRCP,0,,,N,0700
US1TXAR0003,20081008,PRCP,13,,,N,0800
US1TXAR0003,20081009,PRCP,0,,,N,0700
US1TXAR0003,20081010,PRCP,0,,,N,0700
US1TXAR0003,20081011,PRCP,0,,,N,0700
US1TXAR0003,20081012,PRCP,0,T,,N,0800
US1TXAR0003,20081013,PRCP,3,,,N,0800
US1TXAR0003,20081014,PRCP,0,,,N,0700
US1TXAR0003,20081015,PRCP,231,,,N,0800
US1TXAR0003,20081016,PRCP,8,,,N,0800
US1TXAR0003,20081017,PRCP,0,T,,N,0800
US1TXAR0003,20081018,PRCP,0,,,N,0700
US1TXAR0003,20081019,PRCP,0,,,N,0700
US1TXAR0003,20081020,PRCP,0,,,N,0700
US1TXAR0003,20081021,PRCP,0,,,N,0700
US1TXAR0003,20081022,PRCP,0,,,N,0700
US1TXAR0003,20081023,PRCP,0,,,N,0700
US1TXAR0003,20081024,PRCP,0,,,N,0700
US1TXAR0003,20081025,PRCP,0,,,N,0700
US1TXAR0003,20081026,PRCP,0,,,N,0700
US1TXAR0003,20081027,PRCP,0,,,N,0700
US1TXAR0003,20081031,PRCP,0,,,N,0700
US1TXAR0003,20081001,SNOW,0,,,N,0700
US1TXAR0003,20081002,SNOW,0,,,N,0700
US1TXAR0003,20081003,SNOW,0,,,N,0700
US1TXAR0003,20081004,SNOW,0,,,N,0700
US1TXAR0003,20081005,SNOW,0,,,N,0800
US1TXAR0003,20081006,SNOW,0,,,N,0700
US1TXAR0003,20081007,SNOW,0,,,N,0700
US1TXAR0003,20081008,SNOW,0,,,N,0800
US1TXAR0003,20081009,SNOW,0,,,N,0700
US1TXAR0003,20081010,SNOW,0,,,N,0700
US1TXAR0003,20081011,SNOW,0,,,N,0700
US1TXAR0003,20081012,SNOW,0,,,N,0800
US1TXAR0003,20081013,SNOW,0,,,N,0800
US1TXAR0003,20081014,SNOW,0,,,N,0700
US1TXAR0003,20081015,SNOW,0,,,N,0800
US1TXAR0003,20081016,SNOW,0,,,N,0800
US1TXAR0003,20081017,SNOW,0,,,N,0800
US1TXAR0003,20081018,SNOW,0,,,N,0700
US1TXAR0003,20081019,SNOW,0,,,N,0700
US1TXAR0003,20081020,SNOW,0,,,N,0700
US1TXAR0003,20081021,SNOW,0,,,N,0700
US1TXAR0003,20081022,SNOW,0,,,N,0700
US1TXAR0003,20081023,SNOW,0,,,N,0700
US1TXAR0003,20081024,SNOW,0,,,N,0700
US1TXAR0003,20081025,SNOW,0,,,N,0700
US1TXAR0003,20081026,SNOW,0,,,N,0700
US1TXAR0003,20081027,SNOW,0,,,N,0700
US1TXAR0003,20081031,SNOW,0,,,N,0700
US1TXAR0003,20081101,PRCP,0,,,N,0700
US1TXAR0003,20081102,PRCP,0,,,N,0700
US1TXAR0003,20081103,PRCP,0,,,N,0700
US1TXAR0003,20081104,PRCP,0,,,N,0700
US1TXAR0003,20081105,PRCP,5,,,N,0800
US1TXAR0003,20081106,PRCP,0,,,N,0700
US1TXAR0003,20081107,PRCP,66,,,N,0800
US1TXAR0003,20081108,PRCP,0,T,,N,0800
US1TXAR0003,20081109,PRCP,0,,,N,0700
US1TXAR0003,20081110,PRCP,41,,,N,0800
US1TXAR0003,20081112,PRCP,8,,,N,0800
US1TXAR0003,20081113,PRCP,0,,,N,0700
US1TXAR0003,20081114,PRCP,28,,,N,0800
US1TXAR0003,20081115,PRCP,0,,,N,0700
US1TXAR0003,20081116,PRCP,0,,,N,0700
US1TXAR0003,20081117,PRCP,0,,,N,0700
US1TXAR0003,20081118,PRCP,0,,,N,0700
US1TXAR0003,20081119,PRCP,0,,,N,0700
US1TXAR0003,20081120,PRCP,0,,,N,0700
US1TXAR0003,20081122,PRCP,0,,,N,0700
US1TXAR0003,20081123,PRCP,114,,,N,0800
US1TXAR0003,20081124,PRCP,10,,,N,0800
US1TXAR0003,20081125,PRCP,0,,,N,0700
US1TXAR0003,20081126,PRCP,0,,,N,0700
US1TXAR0003,20081127,PRCP,0,,,N,0700
US1TXAR0003,20081129,PRCP,0,,,N,0700
US1TXAR0003,20081130,PRCP,0,T,,N,0800
US1TXAR0003,20081101,SNOW,0,,,N,0700
US1TXAR0003,20081102,SNOW,0,,,N,0700
US1TXAR0003,20081103,SNOW,0,,,N,0700
US1TXAR0003,20081104,SNOW,0,,,N,0700
US1TXAR0003,20081105,SNOW,0,,,N,0800
US1TXAR0003,20081106,SNOW,0,,,N,0700
US1TXAR0003,20081107,SNOW,0,,,N,0800
US1TXAR0003,20081108,SNOW,0,,,N,0800
US1TXAR0003,20081109,SNOW,0,,,N,0700
US1TXAR0003,20081110,SNOW,0,,,N,0800
US1TXAR0003,20081112,SNOW,0,,,N,0800
US1TXAR0003,20081113,SNOW,0,,,N,0700
US1TXAR0003,20081114,SNOW,0,,,N,0800
US1TXAR0003,20081115,SNOW,0,,,N,0700
US1TXAR0003,20081116,SNOW,0,,,N,0700
US1TXAR0003,20081117,SNOW,0,,,N,0700
US1TXAR0003,20081118,SNOW,0,,,N,0700
US1TXAR0003,20081119,SNOW,0,,,N,0700
US1TXAR0003,20081120,SNOW,0,,,N,0700
US1TXAR0003,20081122,SNOW,0,,,N,0700
US1TXAR0003,20081123,SNOW,0,,,N,0800
US1TXAR0003,20081124,SNOW,0,,,N,0800
US1TXAR0003,20081125,SNOW,0,,,N,0700
US1TXAR0003,20081126,SNOW,0,,,N,0700
US1TXAR0003,20081127,SNOW,0,,,N,0700
US1TXAR0003,20081129,SNOW,0,,,N,0700
US1TXAR0003,20081130,SNOW,0,,,N,0800
US1TXAR0003,20081201,PRCP,0,,,N,0700
US1TXAR0003,20081202,PRCP,0,,,N,0700
US1TXAR0003,20081203,PRCP,0,,,N,0700
US1TXAR0003,20081204,PRCP,0,,,N,0700
US1TXAR0003,20081205,PRCP,0,,,N,0700
US1TXAR0003,20081206,PRCP,0,,,N,0700
US1TXAR0003,20081207,PRCP,0,,,N,0700
US1TXAR0003,20081208,PRCP,0,,,N,0700
US1TXAR0003,20081209,PRCP,0,T,,N,0800
US1TXAR0003,20081210,PRCP,48,,,N,0800
US1TXAR0003,20081211,PRCP,0,,,N,0700
US1TXAR0003,20081212,PRCP,0,,,N,0700
US1TXAR0003,20081213,PRCP,0,,,N,0700
US1TXAR0003,20081214,PRCP,0,,,N,0700
US1TXAR0003,20081215,PRCP,0,,,N,0700
US1TXAR0003,20081216,PRCP,0,,,N,0700
US1TXAR0003,20081217,PRCP,0,,,N,0700
US1TXAR0003,20081218,PRCP,3,,,N,0800
US1TXAR0003,20081219,PRCP,3,,,N,0800
US1TXAR0003,20081220,PRCP,0,,,N,0700
US1TXAR0003,20081221,PRCP,0,,,N,0700
US1TXAR0003,20081222,PRCP,0,,,N,0700
US1TXAR0003,20081223,PRCP,97,,,N,0800
US1TXAR0003,20081224,PRCP,0,T,,N,0800
US1TXAR0003,20081225,PRCP,0,,,N,0700
US1TXAR0003,20081226,PRCP,0,,,N,0700
US1TXAR0003,20081227,PRCP,0,,,N,0700
US1TXAR0003,20081229,PRCP,0,,,N,0700
US1TXAR0003,20081230,PRCP,0,,,N,0700
US1TXAR0003,20081231,PRCP,0,T,,N,0800
US1TXAR0003,20081201,SNOW,0,,,N,0700
US1TXAR0003,20081202,SNOW,0,,,N,0700
US1TXAR0003,20081203,SNOW,0,,,N,0700
US1TXAR0003,20081204,SNOW,0,,,N,0700
US1TXAR0003,20081205,SNOW,0,,,N,0700
US1TXAR0003,20081206,SNOW,0,,,N,0700
US1TXAR0003,20081207,SNOW,0,,,N,0700
US1TXAR0003,20081208,SNOW,0,,,N,0700
US1TXAR0003,20081209,SNOW,0,,,N,0800
US1TXAR0003,20081210,SNOW,0,,,N,0800
US1TXAR0003,20081211,SNOW,0,,,N,0700
US1TXAR0003,20081212,SNOW,0,,,N,0700
US1TXAR0003,20081213,SNOW,0,,,N,0700
US1TXAR0003,20081214,SNOW,0,,,N,0700
US1TXAR0003,20081215,SNOW,0,,,N,0700
US1TXAR0003,20081216,SNOW,0,,,N,0700
US1TXAR0003,20081217,SNOW,0,,,N,0700
US1TXAR0003,20081220,SNOW,0,,,N,0700
US1TXAR0003,20081221,SNOW,0,,,N,0700
US1TXAR0003,20081222,SNOW,0,,,N,0700
US1TXAR0003,20081225,SNOW,0,,,N,0700
US1TXAR0003,20081226,SNOW,0,,,N,0700
US1TXAR0003,20081227,SNOW,0,,,N,0700
US1TXAR0003,20081229,SNOW,0,,,N,0700
US1TXAR0003,20081230,SNOW,0,,,N,0700
US1TXAR0003,20090101,PRCP,10,,,N,0800
US1TXAR0003,20090102,PRCP,5,,,N,0800
US1TXAR0003,20090103,PRCP,5,,,N,0800
US1TXAR0003,20090104,PRCP,0,,,N,0700
US1TXAR0003,20090105,PRCP,0,,,N,0700
US1TXAR0003,20090106,PRCP,15,,,N,0800
US1TXAR0003,20090107,PRCP,0,,,N,0700
US1TXAR0003,20090108,PRCP,0,,,N,0700
US1TXAR0003,20090109,PRCP,0,,,N,0700
US1TXAR0003,20090110,PRCP,0,,,N,0700
US1TXAR0003,20090111,PRCP,0,,,N,0700
US1TXAR0003,20090112,PRCP,0,,,N,0700
US1TXAR0003,20090114,PRCP,0,,,N,0700
US1TXAR0003,20090115,PRCP,0,,,N,0700
US1TXAR0003,20090116,PRCP,0,,,N,0700
US1TXAR0003,20090117,PRCP,0,,,N,0700
US1TXAR0003,20090118,PRCP,15,,,N,0800
US1TXAR0003,20090119,PRCP,0,,,N,0700
US1TXAR0003,20090120,PRCP,0,,,N,0700
US1TXAR0003,20090121,PRCP,0,,,N,0700
US1TXAR0003,20090122,PRCP,0,,,N,0700
US1TXAR0003,20090123,PRCP,0,,,N,0700
US1TXAR0003,20090124,PRCP,0,,,N,0700
US1TXAR0003,20090125,PRCP,0,,,N,0700
US1TXAR0003,20090126,PRCP,0,,,N,0700
US1TXAR0003,20090127,PRCP,0,T,,N,0800
US1TXAR0003,20090128,PRCP,41,,,N,0800
US1TXAR0003,20090129,PRCP,0,,,N,0700
US1TXAR0003,20090131,PRCP,0,,,N,0700
US1TXAR0003,20090104,SNOW,0,,,N,0700
US1TXAR0003,20090105,SNOW,0,,,N,0700
US1TXAR0003,20090107,SNOW,0,,,N,0700
US1TXAR0003,20090108,SNOW,0,,,N,0700
US1TXAR0003,20090109,SNOW,0,,,N,0700
US1TXAR0003,20090110,SNOW,0,,,N,0700
US1TXAR0003,20090111,SNOW,0,,,N,0700
US1TXAR0003,20090112,SNOW,0,,,N,0700
US1TXAR0003,20090114,SNOW,0,,,N,0700
US1TXAR0003,20090115,SNOW,0,,,N,0700
US1TXAR0003,20090116,SNOW,0,,,N,0700
US1TXAR0003,20090117,SNOW,0,,,N,0700
US1TXAR0003,20090119,SNOW,0,,,N,0700
US1TXAR0003,20090120,SNOW,0,,,N,0700
US1TXAR0003,20090121,SNOW,0,,,N,0700
US1TXAR0003,20090122,SNOW,0,,,N,0700
US1TXAR0003,20090123,SNOW,0,,,N,0700
US1TXAR0003,20090124,SNOW,0,,,N,0700
US1TXAR0003,20090125,SNOW,0,,,N,0700
US1TXAR0003,20090126,SNOW,0,,,N,0700
US1TXAR0003,20090129,SNOW,0,,,N,0700
US1TXAR0003,20090131,SNOW,0,,,N,0700
US1TXAR0003,20090201,PRCP,10,,,N,0800
US1TXAR0003,20090203,PRCP,0,,,N,0700
US1TXAR0003,20090204,PRCP,0,,,N,0700
US1TXAR0003,20090205,PRCP,3,,,N,0800
US1TXAR0003,20090206,PRCP,0,,,N,0700
US1TXAR0003,20090207,PRCP,0,,,N,0700
US1TXAR0003,20090208,PRCP,0,,,N,0700
US1TXAR0003,20090209,PRCP,0,,,N,0700
US1TXAR0003,20090210,PRCP,10,,,N,0800
US1TXAR0003,20090211,PRCP,10,,,N,0800
US1TXAR0003,20090212,PRCP,0,,,N,0700
US1TXAR0003,20090213,PRCP,0,,,N,0700
US1TXAR0003,20090214,PRCP,15,,,N,0800
US1TXAR0003,20090215,PRCP,0,T,,N,0800
US1TXAR0003,20090216,PRCP,0,,,N,0700
US1TXAR0003,20090218,PRCP,0,,,N,0700
US1TXAR0003,20090219,PRCP,0,,,N,0700
US1TXAR0003,20090220,PRCP,0,,,N,0700
US1TXAR0003,20090221,PRCP,0,,,N,0700
US1TXAR0003,20090222,PRCP,10,,,N,0800
US1TXAR0003,20090223,PRCP,0,,,N,0700
US1TXAR0003,20090224,PRCP,0,,,N,0700
US1TXAR0003,20090203,SNOW,0,,,N,0700
US1TXAR0003,20090204,SNOW,0,,,N,0700
US1TXAR0003,20090206,SNOW,0,,,N,0700
US1TXAR0003,20090207,SNOW,0,,,N,0700
US1TXAR0003,20090208,SNOW,0,,,N,0700
US1TXAR0003,20090209,SNOW,0,,,N,0700
US1TXAR0003,20090212,SNOW,0,,,N,0700
US1TXAR0003,20090213,SNOW,0,,,N,0700
US1TXAR0003,20090216,SNOW,0,,,N,0700
US1TXAR0003,20090218,SNOW,0,,,N,0700
US1TXAR0003,20090219,SNOW,0,,,N,0700
US1TXAR0003,20090220,SNOW,0,,,N,0700
US1TXAR0003,20090221,SNOW,0,,,N,0700
US1TXAR0003,20090223,SNOW,0,,,N,0700
US1TXAR0003,20090224,SNOW,0,,,N,0700
US1TXAR0003,20090328,PRCP,0,,,N,0800
US1TXAR0003,20090329,PRCP,0,,,N,0800
US1TXAR0003,20090330,PRCP,0,,,N,0800
US1TXAR0003,20090331,PRCP,0,,,N,0800
US1TXAR0003,20090328,SNOW,0,,,N,0800
US1TXAR0003,20090329,SNOW,0,,,N,0800
US1TXAR0003,20090330,SNOW,0,,,N,0800
US1TXAR0003,20090331,SNOW,0,,,N,0800
US1TXAR0003,20090327,DAPR,31,,,N,0800
US1TXAR0003,20090327,MDPR,284,,,N,0800
US1TXAR0003,20090401,PRCP,0,,,N,0700
US1TXAR0003,20090402,PRCP,0,T,,N,0800
US1TXAR0003,20090403,PRCP,0,,,N,0700
US1TXAR0003,20090404,PRCP,0,,,N,0700
US1TXAR0003,20090405,PRCP,0,,,N,0700
US1TXAR0003,20090406,PRCP,0,,,N,0700
US1TXAR0003,20090407,PRCP,0,,,N,0700
US1TXAR0003,20090408,PRCP,0,,,N,0700
US1TXAR0003,20090410,PRCP,0,,,N,0700
US1TXAR0003,20090411,PRCP,0,,,N,0700
US1TXAR0003,20090412,PRCP,3,,,N,0800
US1TXAR0003,20090413,PRCP,3,,,N,0800
US1TXAR0003,20090414,PRCP,0,,,N,0700
US1TXAR0003,20090415,PRCP,0,,,N,0700
US1TXAR0003,20090416,PRCP,0,,,N,0700
US1TXAR0003,20090417,PRCP,8,,,N,0800
US1TXAR0003,20090418,PRCP,0,T,,N,0800
US1TXAR0003,20090419,PRCP,0,,,N,0700
US1TXAR0003,20090420,PRCP,0,,,N,0700
US1TXAR0003,20090421,PRCP,0,,,N,0700
US1TXAR0003,20090422,PRCP,0,,,N,0700
US1TXAR0003,20090423,PRCP,0,,,N,0700
US1TXAR0003,20090428,PRCP,0,T,,N,0800
US1TXAR0003,20090429,PRCP,0,,,N,0700
US1TXAR0003,20090430,PRCP,0,,,N,0700
US1TXAR0003,20090401,SNOW,0,,,N,0700
US1TXAR0003,20090403,SNOW,0,,,N,0700
US1TXAR0003,20090404,SNOW,0,,,N,0700
US1TXAR0003,20090405,SNOW,0,,,N,0700
US1TXAR0003,20090406,SNOW,0,,,N,0700
US1TXAR0003,20090407,SNOW,0,,,N,0700
US1TXAR0003,20090408,SNOW,0,,,N,0700
US1TXAR0003,20090410,SNOW,0,,,N,0700
US1TXAR0003,20090411,SNOW,0,,,N,0700
US1TXAR0003,20090414,SNOW,0,,,N,0700
US1TXAR0003,20090415,SNOW,0,,,N,0700
US1TXAR0003,20090416,SNOW,0,,,N,0700
US1TXAR0003,20090419,SNOW,0,,,N,0700
US1TXAR0003,20090420,SNOW,0,,,N,0700
US1TXAR0003,20090421,SNOW,0,,,N,0700
US1TXAR0003,20090422,SNOW,0,,,N,0700
US1TXAR0003,20090423,SNOW,0,,,N,0700
US1TXAR0003,20090429,SNOW,0,,,N,0700
US1TXAR0003,20090430,SNOW,0,,,N,0700
US1TXAR0003,20090427,DAPR,4,,,N,0000
US1TXAR0003,20090427,MDPR,0,T,,N,0000
US1TXAR0003,20090501,PRCP,0,,,N,0700
US1TXAR0003,20090502,PRCP,0,,,N,0700
US1TXAR0003,20090503,PRCP,0,,,N,0700
US1TXAR0003,20090504,PRCP,0,,,N,0700
US1TXAR0003,20090505,PRCP,0,,,N,0700
US1TXAR0003,20090506,PRCP,0,,,N,0700
US1TXAR0003,20090507,PRCP,0,,,N,0700
US1TXAR0003,20090509,PRCP,0,,,N,0700
US1TXAR0003,20090510,PRCP,0,,,N,0700
US1TXAR0003,20090511,PRCP,0,,,N,0700
US1TXAR0003,20090512,PRCP,0,,,N,0700
US1TXAR0003,20090513,PRCP,0,,,N,0700
US1TXAR0003,20090514,PRCP,0,,,N,0700
US1TXAR0003,20090516,PRCP,0,,,N,0700
US1TXAR0003,20090517,PRCP,0,T,,N,0800
US1TXAR0003,20090518,PRCP,0,,,N,0700
US1TXAR0003,20090519,PRCP,0,,,N,0700
US1TXAR0003,20090520,PRCP,0,,,N,0700
US1TXAR0003,20090521,PRCP,0,,,N,0700
US1TXAR0003,20090522,PRCP,0,,,N,0700
US1TXAR0003,20090523,PRCP,0,,,N,0700
US1TXAR0003,20090524,PRCP,20,,,N,0800
US1TXAR0003,20090525,PRCP,81,,,N,0800
US1TXAR0003,20090526,PRCP,81,,,N,0800
US1TXAR0003,20090527,PRCP,3,,,N,0800
US1TXAR0003,20090528,PRCP,447,,,N,0800
US1TXAR0003,20090529,PRCP,0,,,N,0700
US1TXAR0003,20090530,PRCP,0,,,N,0700
US1TXAR0003,20090531,PRCP,0,,,N,0700
US1TXAR0003,20090501,SNOW,0,,,N,0700
US1TXAR0003,20090502,SNOW,0,,,N,0700
US1TXAR0003,20090503,SNOW,0,,,N,0700
US1TXAR0003,20090504,SNOW,0,,,N,0700
US1TXAR0003,20090505,SNOW,0,,,N,0700
US1TXAR0003,20090506,SNOW,0,,,N,0700
US1TXAR0003,20090507,SNOW,0,,,N,0700
US1TXAR0003,20090509,SNOW,0,,,N,0700
US1TXAR0003,20090510,SNOW,0,,,N,0700
US1TXAR0003,20090511,SNOW,0,,,N,0700
US1TXAR0003,20090512,SNOW,0,,,N,0700
US1TXAR0003,20090513,SNOW,0,,,N,0700
US1TXAR0003,20090514,SNOW,0,,,N,0700
US1TXAR0003,20090516,SNOW,0,,,N,0700
US1TXAR0003,20090518,SNOW,0,,,N,0700
US1TXAR0003,20090519,SNOW,0,,,N,0700
US1TXAR0003,20090520,SNOW,0,,,N,0700
US1TXAR0003,20090521,SNOW,0,,,N,0700
US1TXAR0003,20090522,SNOW,0,,,N,0700
US1TXAR0003,20090523,SNOW,0,,,N,0700
US1TXAR0003,20090529,SNOW,0,,,N,0700
US1TXAR0003,20090530,SNOW,0,,,N,0700
US1TXAR0003,20090531,SNOW,0,,,N,0700
US1TXAR0003,20090601,PRCP,0,,,N,0800
US1TXAR0003,20090602,PRCP,0,,,N,0800
US1TXAR0003,20090603,PRCP,0,,,N,0700
US1TXAR0003,20090604,PRCP,0,,,N,0700
US1TXAR0003,20090605,PRCP,0,,,N,0700
US1TXAR0003,20090606,PRCP,0,,,N,0700
US1TXAR0003,20090607,PRCP,0,,,N,0700
US1TXAR0003,20090608,PRCP,0,,,N,0700
US1TXAR0003,20090609,PRCP,0,,,N,0700
US1TXAR0003,20090610,PRCP,0,,,N,0700
US1TXAR0003,20090611,PRCP,0,,,N,0700
US1TXAR0003,20090612,PRCP,0,,,N,0700
US1TXAR0003,20090613,PRCP,0,,,N,0700
US1TXAR0003,20090614,PRCP,0,,,N,0700
US1TXAR0003,20090615,PRCP,0,,,N,0700
US1TXAR0003,20090616,PRCP,0,,,N,0700
US1TXAR0003,20090617,PRCP,0,,,N,0700
US1TXAR0003,20090618,PRCP,0,T,,N,0800
US1TXAR0003,20090619,PRCP,23,,,N,0800
US1TXAR0003,20090620,PRCP,0,,,N,0700
US1TXAR0003,20090621,PRCP,0,,,N,0700
US1TXAR0003,20090622,PRCP,0,,,N,0700
US1TXAR0003,20090623,PRCP,0,,,N,0700
US1TXAR0003,20090624,PRCP,0,,,N,0700
US1TXAR0003,20090625,PRCP,0,,,N,0700
US1TXAR0003,20090626,PRCP,0,,,N,0700
US1TXAR0003,20090627,PRCP,0,,,N,0700
US1TXAR0003,20090628,PRCP,0,,,N,0700
US1TXAR0003,20090629,PRCP,0,,,N,0700
US1TXAR0003,20090630,PRCP,0,,,N,0700
US1TXAR0003,20090601,SNOW,0,,,N,0800
US1TXAR0003,20090602,SNOW,0,,,N,0800
US1TXAR0003,20090603,SNOW,0,,,N,0700
US1TXAR0003,20090604,SNOW,0,,,N,0700
US1TXAR0003,20090605,SNOW,0,,,N,0700
US1TXAR0003,20090606,SNOW,0,,,N,0700
US1TXAR0003,20090607,SNOW,0,,,N,0700
US1TXAR0003,20090608,SNOW,0,,,N,0700
US1TXAR0003,20090609,SNOW,0,,,N,0700
US1TXAR0003,20090610,SNOW,0,,,N,0700
US1TXAR0003,20090611,SNOW,0,,,N,0700
US1TXAR0003,20090612,SNOW,0,,,N,0700
US1TXAR0003,20090613,SNOW,0,,,N,0700
US1TXAR0003,20090614,SNOW,0,,,N,0700
US1TXAR0003,20090615,SNOW,0,,,N,0700
US1TXAR0003,20090616,SNOW,0,,,N,0700
US1TXAR0003,20090617,SNOW,0,,,N,0700
US1TXAR0003,20090620,SNOW,0,,,N,0700
US1TXAR0003,20090621,SNOW,0,,,N,0700
US1TXAR0003,20090622,SNOW,0,,,N,0700
US1TXAR0003,20090623,SNOW,0,,,N,0700
US1TXAR0003,20090624,SNOW,0,,,N,0700
US1TXAR0003,20090625,SNOW,0,,,N,0700
US1TXAR0003,20090626,SNOW,0,,,N,0700
US1TXAR0003,20090627,SNOW,0,,,N,0700
US1TXAR0003,20090628,SNOW,0,,,N,0700
US1TXAR0003,20090629,SNOW,0,,,N,0700
US1TXAR0003,20090630,SNOW,0,,,N,0700
US1TXAR0003,20090701,PRCP,0,,,N,0700
US1TXAR0003,20090702,PRCP,0,,,N,0700
US1TXAR0003,20090703,PRCP,0,,,N,0700
US1TXAR0003,20090704,PRCP,0,,,N,0700
US1TXAR0003,20090705,PRCP,0,,,N,0700
US1TXAR0003,20090706,PRCP,0,,,N,0700
US1TXAR0003,20090707,PRCP,8,,,N,0800
US1TXAR0003,20090708,PRCP,18,,,N,0800
US1TXAR0003,20090709,PRCP,0,,,N,0700
US1TXAR0003,20090710,PRCP,0,,,N,0700
US1TXAR0003,20090711,PRCP,0,,,N,0700
US1TXAR0003,20090712,PRCP,0,,,N,0700
US1TXAR0003,20090713,PRCP,0,,,N,0700
US1TXAR0003,20090714,PRCP,0,,,N,0700
US1TXAR0003,20090715,PRCP,0,,,N,0700
US1TXAR0003,20090716,PRCP,0,,,N,0700
US1TXAR0003,20090717,PRCP,0,,,N,0700
US1TXAR0003,20090718,PRCP,0,,,N,0700
US1TXAR0003,20090719,PRCP,0,,,N,0700
US1TXAR0003,20090720,PRCP,0,,,N,0700
US1TXAR0003,20090721,PRCP,0,,,N,0700
US1TXAR0003,20090722,PRCP,0,,,N,0700
US1TXAR0003,20090723,PRCP,0,,,N,0700
US1TXAR0003,20090724,PRCP,0,,,N,0700
US1TXAR0003,20090725,PRCP,0,T,,N,0800
US1TXAR0003,20090726,PRCP,0,,,N,0700
US1TXAR0003,20090727,PRCP,0,,,N,0700
US1TXAR0003,20090728,PRCP,0,,,N,0700
US1TXAR0003,20090729,PRCP,0,,,N,0700
US1TXAR0003,20090730,PRCP,0,,,N,0700
US1TXAR0003,20090731,PRCP,0,,,N,0700
US1TXAR0003,20090701,SNOW,0,,,N,0700
US1TXAR0003,20090702,SNOW,0,,,N,0700
US1TXAR0003,20090703,SNOW,0,,,N,0700
US1TXAR0003,20090704,SNOW,0,,,N,0700
US1TXAR0003,20090705,SNOW,0,,,N,0700
US1TXAR0003,20090706,SNOW,0,,,N,0700
US1TXAR0003,20090709,SNOW,0,,,N,0700
US1TXAR0003,20090710,SNOW,0,,,N,0700
US1TXAR0003,20090711,SNOW,0,,,N,0700
US1TXAR0003,20090712,SNOW,0,,,N,0700
US1TXAR0003,20090713,SNOW,0,,,N,0700
US1TXAR0003,20090714,SNOW,0,,,N,0700
US1TXAR0003,20090715,SNOW,0,,,N,0700
US1TXAR0003,20090716,SNOW,0,,,N,0700
US1TXAR0003,20090717,SNOW,0,,,N,0700
US1TXAR0003,20090718,SNOW,0,,,N,0700
US1TXAR0003,20090719,SNOW,0,,,N,0700
US1TXAR0003,20090720,SNOW,0,,,N,0700
US1TXAR0003,20090721,SNOW,0,,,N,0700
US1TXAR0003,20090722,SNOW,0,,,N,0700
US1TXAR0003,20090723,SNOW,0,,,N,0700
US1TXAR0003,20090724,SNOW,0,,,N,0700
US1TXAR0003,20090726,SNOW,0,,,N,0700
US1TXAR0003,20090727,SNOW,0,,,N,0700
US1TXAR0003,20090728,SNOW,0,,,N,0700
US1TXAR0003,20090729,SNOW,0,,,N,0700
US1TXAR0003,20090730,SNOW,0,,,N,0700
US1TXAR0003,20090731,SNOW,0,,,N,0700
US1TXAR0003,20090801,PRCP,0,,,N,0700
US1TXAR0003,20090802,PRCP,0,,,N,0700
US1TXAR0003,20090803,PRCP,0,,,N,0700
US1TXAR0003,20090804,PRCP,0,,,N,0700
US1TXAR0003,20090805,PRCP,0,,,N,0700
US1TXAR0003,20090806,PRCP,0,,,N,0700
US1TXAR0003,20090807,PRCP,0,,,N,0700
US1TXAR0003,20090808,PRCP,0,,,N,0700
US1TXAR0003,20090809,PRCP,0,,,N,0700
US1TXAR0003,20090811,PRCP,0,,,N,0700
US1TXAR0003,20090812,PRCP,0,,,N,0700
US1TXAR0003,20090813,PRCP,0,,,N,0700
US1TXAR0003,20090814,PRCP,0,,,N,0700
US1TXAR0003,20090815,PRCP,0,,,N,0700
US1TXAR0003,20090816,PRCP,0,,,N,0700
US1TXAR0003,20090817,PRCP,0,,,N,0700
US1TXAR0003,20090818,PRCP,0,,,N,0700
US1TXAR0003,20090819,PRCP,0,,,N,0700
US1TXAR0003,20090820,PRCP,0,,,N,0700
US1TXAR0003,20090821,PRCP,0,,,N,0700
US1TXAR0003,20090822,PRCP,0,,,N,0700
US1TXAR0003,20090824,PRCP,0,,,N,0700
US1TXAR0003,20090825,PRCP,0,,,N,0700
US1TXAR0003,20090826,PRCP,0,,,N,0700
US1TXAR0003,20090827,PRCP,0,,,N,0700
US1TXAR0003,20090828,PRCP,0,,,N,0700
US1TXAR0003,20090829,PRCP,10,,,N,0800
US1TXAR0003,20090830,PRCP,0,,,N,0700
US1TXAR0003,20090831,PRCP,0,T,,N,0800
US1TXAR0003,20090801,SNOW,0,,,N,0700
US1TXAR0003,20090802,SNOW,0,,,N,0700
US1TXAR0003,20090803,SNOW,0,,,N,0700
US1TXAR0003,20090804,SNOW,0,,,N,0700
US1TXAR0003,20090805,SNOW,0,,,N,0700
US1TXAR0003,20090806,SNOW,0,,,N,0700
US1TXAR0003,20090807,SNOW,0,,,N,0700
US1TXAR0003,20090808,SNOW,0,,,N,0700
US1TXAR0003,20090809,SNOW,0,,,N,0700
US1TXAR0003,20090811,SNOW,0,,,N,0700
US1TXAR0003,20090812,SNOW,0,,,N,0700
US1TXAR0003,20090813,SNOW,0,,,N,0700
US1TXAR0003,20090814,SNOW,0,,,N,0700
US1TXAR0003,20090815,SNOW,0,,,N,0700
US1TXAR0003,20090816,SNOW,0,,,N,0700
US1TXAR0003,20090817,SNOW,0,,,N,0700
US1TXAR0003,20090818,SNOW,0,,,N,0700
US1TXAR0003,20090819,SNOW,0,,,N,0700
US1TXAR0003,20090820,SNOW,0,,,N,0700
US1TXAR0003,20090821,SNOW,0,,,N,0700
US1TXAR0003,20090822,SNOW,0,,,N,0700
US1TXAR0003,20090824,SNOW,0,,,N,0700
US1TXAR0003,20090825,SNOW,0,,,N,0700
US1TXAR0003,20090826,SNOW,0,,,N,0700
US1TXAR0003,20090827,SNOW,0,,,N,0700
US1TXAR0003,20090828,SNOW,0,,,N,0700
US1TXAR0003,20090830,SNOW,0,,,N,0700
US1TXAR0003,20090901,PRCP,0,,,N,0700
US1TXAR0003,20090902,PRCP,18,,,N,0800
US1TXAR0003,20090903,PRCP,0,,,N,0700
US1TXAR0003,20090904,PRCP,0,,,N,0700
US1TXAR0003,20090905,PRCP,0,,,N,0700
US1TXAR0003,20090906,PRCP,18,,,N,0800
US1TXAR0003,20090907,PRCP,0,,,N,0700
US1TXAR0003,20090908,PRCP,0,,,N,0700
US1TXAR0003,20090909,PRCP,409,,,N,0800
US1TXAR0003,20090910,PRCP,335,,,N,0800
US1TXAR0003,20090911,PRCP,69,,,N,0800
US1TXAR0003,20090912,PRCP,264,,,N,0800
US1TXAR0003,20090913,PRCP,8,,,N,0800
US1TXAR0003,20090914,PRCP,0,,,N,0700
US1TXAR0003,20090915,PRCP,0,,,N,0700
US1TXAR0003,20090916,PRCP,0,,,N,0700
US1TXAR0003,20090917,PRCP,0,,,N,0700
US1TXAR0003,20090918,PRCP,0,,,N,0700
US1TXAR0003,20090919,PRCP,0,,,N,0700
US1TXAR0003,20090920,PRCP,0,,,N,0700
US1TXAR0003,20090921,PRCP,0,,,N,0800
US1TXAR0003,20090922,PRCP,25,,,N,0800
US1TXAR0003,20090923,PRCP,94,,,N,0800
US1TXAR0003,20090924,PRCP,3,,,N,0800
US1TXAR0003,20090925,PRCP,0,,,N,0700
US1TXAR0003,20090926,PRCP,0,,,N,0700
US1TXAR0003,20090927,PRCP,0,,,N,0700
US1TXAR0003,20090928,PRCP,0,,,N,0700
US1TXAR0003,20090929,PRCP,0,,,N,0700
US1TXAR0003,20090930,PRCP,320,,,N,0800
US1TXAR0003,20090901,SNOW,0,,,N,0700
US1TXAR0003,20090903,SNOW,0,,,N,0700
US1TXAR0003,20090904,SNOW,0,,,N,0700
US1TXAR0003,20090905,SNOW,0,,,N,0700
US1TXAR0003,20090907,SNOW,0,,,N,0700
US1TXAR0003,20090908,SNOW,0,,,N,0700
US1TXAR0003,20090914,SNOW,0,,,N,0700
US1TXAR0003,20090915,SNOW,0,,,N,0700
US1TXAR0003,20090916,SNOW,0,,,N,0700
US1TXAR0003,20090917,SNOW,0,,,N,0700
US1TXAR0003,20090918,SNOW,0,,,N,0700
US1TXAR0003,20090919,SNOW,0,,,N,0700
US1TXAR0003,20090920,SNOW,0,,,N,0700
US1TXAR0003,20090921,SNOW,0,,,N,0800
US1TXAR0003,20090925,SNOW,0,,,N,0700
US1TXAR0003,20090926,SNOW,0,,,N,0700
US1TXAR0003,20090927,SNOW,0,,,N,0700
US1TXAR0003,20090928,SNOW,0,,,N,0700
US1TXAR0003,20090929,SNOW,0,,,N,0700
US1TXAR0003,20091001,PRCP,0,,,N,0700
US1TXAR0003,20091002,PRCP,76,,,N,0800
US1TXAR0003,20091003,PRCP,46,,,N,0800
US1TXAR0003,20091004,PRCP,28,,,N,0800
US1TXAR0003,20091005,PRCP,58,,,N,0800
US1TXAR0003,20091006,PRCP,0,,,N,0700
US1TXAR0003,20091007,PRCP,0,,,N,0700
US1TXAR0003,20091008,PRCP,0,,,N,0700
US1TXAR0003,20091009,PRCP,0,,,N,0700
US1TXAR0003,20091010,PRCP,53,,,N,0800
US1TXAR0003,20091011,PRCP,3,,,N,0800
US1TXAR0003,20091012,PRCP,56,,,N,0800
US1TXAR0003,20091013,PRCP,53,,,N,0800
US1TXAR0003,20091014,PRCP,124,,,N,0800
US1TXAR0003,20091015,PRCP,0,,,N,0700
US1TXAR0003,20091016,PRCP,0,T,,N,0800
US1TXAR0003,20091017,PRCP,0,,,N,0700
US1TXAR0003,20091018,PRCP,0,,,N,0700
US1TXAR0003,20091019,PRCP,0,,,N,0700
US1TXAR0003,20091020,PRCP,0,,,N,0700
US1TXAR0003,20091021,PRCP,5,,,N,0800
US1TXAR0003,20091022,PRCP,25,,,N,0800
US1TXAR0003,20091023,PRCP,0,,,N,0700
US1TXAR0003,20091024,PRCP,0,,,N,0700
US1TXAR0003,20091025,PRCP,0,,,N,0700
US1TXAR0003,20091026,PRCP,66,,,N,0800
US1TXAR0003,20091027,PRCP,505,,,N,0800
US1TXAR0003,20091028,PRCP,0,,,N,0700
US1TXAR0003,20091029,PRCP,0,,,N,0700
US1TXAR0003,20091030,PRCP,23,,,N,0800
US1TXAR0003,20091031,PRCP,0,,,N,0700
US1TXAR0003,20091001,SNOW,0,,,N,0700
US1TXAR0003,20091006,SNOW,0,,,N,0700
US1TXAR0003,20091007,SNOW,0,,,N,0700
US1TXAR0003,20091008,SNOW,0,,,N,0700
US1TXAR0003,20091009,SNOW,0,,,N,0700
US1TXAR0003,20091015,SNOW,0,,,N,0700
US1TXAR0003,20091017,SNOW,0,,,N,0700
US1TXAR0003,20091018,SNOW,0,,,N,0700
US1TXAR0003,20091019,SNOW,0,,,N,0700
US1TXAR0003,20091020,SNOW,0,,,N,0700
US1TXAR0003,20091023,SNOW,0,,,N,0700
US1TXAR0003,20091024,SNOW,0,,,N,0700
US1TXAR0003,20091025,SNOW,0,,,N,0700
US1TXAR0003,20091028,SNOW,0,,,N,0700
US1TXAR0003,20091029,SNOW,0,,,N,0700
US1TXAR0003,20091031,SNOW,0,,,N,0700
US1TXAR0003,20091101,PRCP,0,,,N,0700
US1TXAR0003,20091102,PRCP,0,,,N,0700
US1TXAR0003,20091103,PRCP,0,,,N,0700
US1TXAR0003,20091104,PRCP,0,,,N,0700
US1TXAR0003,20091105,PRCP,0,,,N,0700
US1TXAR0003,20091107,PRCP,0,,,N,0700
US1TXAR0003,20091108,PRCP,178,,,N,0800
US1TXAR0003,20091109,PRCP,345,,,N,0800
US1TXAR0003,20091110,PRCP,0,,,N,0700
US1TXAR0003,20091111,PRCP,0,,,N,0700
US1TXAR0003,20091112,PRCP,0,,,N,0700
US1TXAR0003,20091114,PRCP,0,,,N,0700
US1TXAR0003,20091115,PRCP,0,,,N,0700
US1TXAR0003,20091116,PRCP,0,,,N,0700
US1TXAR0003,20091117,PRCP,0,,,N,0700
US1TXAR0003,20091118,PRCP,0,,,N,0700
US1TXAR0003,20091119,PRCP,0,,,N,0700
US1TXAR0003,20091120,PRCP,2360,,,N,0800
US1TXAR0003,20091121,PRCP,401,,,N,0800
US1TXAR0003,20091101,SNOW,0,,,N,0700
US1TXAR0003,20091102,SNOW,0,,,N,0700
US1TXAR0003,20091103,SNOW,0,,,N,0700
US1TXAR0003,20091104,SNOW,0,,,N,0700
US1TXAR0003,20091105,SNOW,0,,,N,0700
US1TXAR0003,20091107,SNOW,0,,,N,0700
US1TXAR0003,20091110,SNOW,0,,,N,0700
US1TXAR0003,20091111,SNOW,0,,,N,0700
US1TXAR0003,20091112,SNOW,0,,,N,0700
US1TXAR0003,20091114,SNOW,0,,,N,0700
US1TXAR0003,20091115,SNOW,0,,,N,0700
US1TXAR0003,20091116,SNOW,0,,,N,0700
US1TXAR0003,20091117,SNOW,0,,,N,0700
US1TXAR0003,20091118,SNOW,0,,,N,0700
US1TXAR0003,20091119,SNOW,0,,,N,0700
US1TXAR0003,20091211,PRCP,0,,,N,0700
US1TXAR0003,20091212,PRCP,43,,,N,0800
US1TXAR0003,20091213,PRCP,3,,,N,0800
US1TXAR0003,20091214,PRCP,3,,,N,0800
US1TXAR0003,20091215,PRCP,0,,,N,0700
US1TXAR0003,20091216,PRCP,170,,,N,0800
US1TXAR0003,20091217,PRCP,310,,,N,0800
US1TXAR0003,20091218,PRCP,25,,,N,0800
US1TXAR0003,20091219,PRCP,0,,,N,0700
US1TXAR0003,20091220,PRCP,0,,,N,0700
US1TXAR0003,20091221,PRCP,0,,,N,0700
US1TXAR0003,20091222,PRCP,0,,,N,0700
US1TXAR0003,20091223,PRCP,3,,,N,0800
US1TXAR0003,20091224,PRCP,10,,,N,0800
US1TXAR0003,20091225,PRCP,0,,,N,0700
US1TXAR0003,20091226,PRCP,0,,,N,0700
US1TXAR0003,20091227,PRCP,0,T,,N,0800
US1TXAR0003,20091228,PRCP,0,,,N,0700
US1TXAR0003,20091229,PRCP,0,,,N,0700
US1TXAR0003,20091230,PRCP,213,,,N,0800
US1TXAR0003,20091231,PRCP,5,,,N,0800
US1TXAR0003,20091211,SNOW,0,,,N,0700
US1TXAR0003,20091215,SNOW,0,,,N,0700
US1TXAR0003,20091219,SNOW,0,,,N,0700
US1TXAR0003,20091220,SNOW,0,,,N,0700
US1TXAR0003,20091221,SNOW,0,,,N,0700
US1TXAR0003,20091222,SNOW,0,,,N,0700
US1TXAR0003,20091225,SNOW,0,,,N,0700
US1TXAR0003,20091226,SNOW,0,,,N,0700
US1TXAR0003,20091228,SNOW,0,,,N,0700
US1TXAR0003,20091229,SNOW,0,,,N,0700
US1TXAR0003,20091210,DAPR,19,,,N,0800
US1TXAR0003,20091210,MDPR,544,,,N,0800
US1TXAR0003,20100101,PRCP,0,,,N,0700
US1TXAR0003,20100102,PRCP,0,,,N,0700
US1TXAR0003,20100103,PRCP,0,,,N,0700
US1TXAR0003,20100104,PRCP,0,T,,N,0800
US1TXAR0003,20100105,PRCP,0,,,N,0700
US1TXAR0003,20100106,PRCP,0,,,N,0700
US1TXAR0003,20100107,PRCP,25,,,N,0800
US1TXAR0003,20100108,PRCP,61,,,N,0800
US1TXAR0003,20100109,PRCP,0,,,N,0700
US1TXAR0003,20100110,PRCP,0,,,N,0700
US1TXAR0003,20100111,PRCP,0,,,N,0700
US1TXAR0003,20100112,PRCP,0,,,N,0700
US1TXAR0003,20100113,PRCP,0,,,N,0700
US1TXAR0003,20100114,PRCP,53,,,N,0800
US1TXAR0003,20100115,PRCP,739,,,N,0800
US1TXAR0003,20100116,PRCP,163,,,N,0800
US1TXAR0003,20100117,PRCP,0,,,N,0700
US1TXAR0003,20100118,PRCP,0,,,N,0700
US1TXAR0003,20100119,PRCP,0,,,N,0700
US1TXAR0003,20100120,PRCP,0,,,N,0700
US1TXAR0003,20100121,PRCP,0,,,N,0700
US1TXAR0003,20100122,PRCP,0,,,N,0700
US1TXAR0003,20100123,PRCP,0,,,N,0700
US1TXAR0003,20100124,PRCP,0,,,N,0700
US1TXAR0003,20100125,PRCP,0,,,N,0700
US1TXAR0003,20100126,PRCP,0,,,N,0700
US1TXAR0003,20100127,PRCP,0,,,N,0700
US1TXAR0003,20100128,PRCP,0,,,N,0700
US1TXAR0003,20100129,PRCP,0,T,,N,0800
US1TXAR0003,20100130,PRCP,41,,,N,0800
US1TXAR0003,20100131,PRCP,0,,,N,0700
US1TXAR0003,20100101,SNOW,0,,,N,0700
US1TXAR0003,20100102,SNOW,0,,,N,0700
US1TXAR0003,20100103,SNOW,0,,,N,0700
US1TXAR0003,20100105,SNOW,0,,,N,0700
US1TXAR0003,20100106,SNOW,0,,,N,0700
US1TXAR0003,20100109,SNOW,0,,,N,0700
US1TXAR0003,20100110,SNOW,0,,,N,0700
US1TXAR0003,20100111,SNOW,0,,,N,0700
US1TXAR0003,20100112,SNOW,0,,,N,0700
US1TXAR0003,20100113,SNOW,0,,,N,0700
US1TXAR0003,20100117,SNOW,0,,,N,0700
US1TXAR0003,20100118,SNOW,0,,,N,0700
US1TXAR0003,20100119,SNOW,0,,,N,0700
US1TXAR0003,20100120,SNOW,0,,,N,0700
US1TXAR0003,20100121,SNOW,0,,,N,0700
US1TXAR0003,20100122,SNOW,0,,,N,0700
US1TXAR0003,20100123,SNOW,0,,,N,0700
US1TXAR0003,20100124,SNOW,0,,,N,0700
US1TXAR0003,20100125,SNOW,0,,,N,0700
US1TXAR0003,20100126,SNOW,0,,,N,0700
US1TXAR0003,20100127,SNOW,0,,,N,0700
US1TXAR0003,20100128,SNOW,0,,,N,0700
US1TXAR0003,20100131,SNOW,0,,,N,0700
US1TXAR0003,20100201,PRCP,10,,,N,0800
US1TXAR0003,20100202,PRCP,61,,,N,0800
US1TXAR0003,20100203,PRCP,97,,,N,0800
US1TXAR0003,20100204,PRCP,147,,,N,0800
US1TXAR0003,20100205,PRCP,15,,,N,0800
US1TXAR0003,20100206,PRCP,0,,,N,0700
US1TXAR0003,20100207,PRCP,0,,,N,0700
US1TXAR0003,20100208,PRCP,0,,,N,0700
US1TXAR0003,20100209,PRCP,0,,,N,0700
US1TXAR0003,20100210,PRCP,0,,,N,0700
US1TXAR0003,20100211,PRCP,53,,,N,0800
US1TXAR0003,20100212,PRCP,287,,,N,0800
US1TXAR0003,20100213,PRCP,0,,,N,0700
US1TXAR0003,20100214,PRCP,0,,,N,0700
US1TXAR0003,20100215,PRCP,10,,,N,0800
US1TXAR0003,20100216,PRCP,0,,,N,0700
US1TXAR0003,20100217,PRCP,0,,,N,0700
US1TXAR0003,20100218,PRCP,0,,,N,0700
US1TXAR0003,20100219,PRCP,262,,,N,0800
US1TXAR0003,20100220,PRCP,46,,,N,0800
US1TXAR0003,20100223,PRCP,0,,,N,0700
US1TXAR0003,20100224,PRCP,69,,,N,0800
US1TXAR0003,20100225,PRCP,0,,,N,0700
US1TXAR0003,20100226,PRCP,0,,,N,0700
US1TXAR0003,20100227,PRCP,0,,,N,0700
US1TXAR0003,20100228,PRCP,0,,,N,0700
US1TXAR0003,20100206,SNOW,0,,,N,0700
US1TXAR0003,20100207,SNOW,0,,,N,0700
US1TXAR0003,20100208,SNOW,0,,,N,0700
US1TXAR0003,20100209,SNOW,0,,,N,0700
US1TXAR0003,20100210,SNOW,0,,,N,0700
US1TXAR0003,20100213,SNOW,0,,,N,0700
US1TXAR0003,20100214,SNOW,0,,,N,0700
US1TXAR0003,20100216,SNOW,0,,,N,0700
US1TXAR0003,20100217,SNOW,0,,,N,0700
US1TXAR0003,20100218,SNOW,0,,,N,0700
US1TXAR0003,20100223,SNOW,0,,,N,0700
US1TXAR0003,20100225,SNOW,0,,,N,0700
US1TXAR0003,20100226,SNOW,0,,,N,0700
US1TXAR0003,20100227,SNOW,0,,,N,0700
US1TXAR0003,20100228,SNOW,0,,,N,0700
US1TXAR0003,20100222,DAPR,2,,,N,0800
US1TXAR0003,20100222,MDPR,8,,,N,0800
US1TXAR0003,20100301,PRCP,43,,,N,0800
US1TXAR0003,20100302,PRCP,0,,,N,0700
US1TXAR0003,20100303,PRCP,0,,,N,0700
US1TXAR0003,20100304,PRCP,0,,,N,0700
US1TXAR0003,20100305,PRCP,0,,,N,0700
US1TXAR0003,20100306,PRCP,0,,,N,0700
US1TXAR0003,20100307,PRCP,0,,,N,0700
US1TXAR0003,20100308,PRCP,0,,,N,0700
US1TXAR0003,20100309,PRCP,23,,,N,0800
US1TXAR0003,20100310,PRCP,0,,,N,0700
US1TXAR0003,20100311,PRCP,0,,,N,0700
US1TXAR0003,20100312,PRCP,0,,,N,0700
US1TXAR0003,20100313,PRCP,0,,,N,0700
US1TXAR0003,20100314,PRCP,0,,,N,0700
US1TXAR0003,20100315,PRCP,0,,,N,0700
US1TXAR0003,20100316,PRCP,25,,,N,0800
US1TXAR0003,20100317,PRCP,114,,,N,0800
US1TXAR0003,20100318,PRCP,0,,,N,0700
US1TXAR0003,20100319,PRCP,0,,,N,0700
US1TXAR0003,20100320,PRCP,0,,,N,0700
US1TXAR0003,20100321,PRCP,117,,,N,0800
US1TXAR0003,20100322,PRCP,0,,,N,0700
US1TXAR0003,20100324,PRCP,0,,,N,0700
US1TXAR0003,20100325,PRCP,5,,,N,0800
US1TXAR0003,20100326,PRCP,0,,,N,0700
US1TXAR0003,20100327,PRCP,0,,,N,0700
US1TXAR0003,20100328,PRCP,0,,,N,0700
US1TXAR0003,20100329,PRCP,0,,,N,0700
US1TXAR0003,20100330,PRCP,0,,,N,0700
US1TXAR0003,20100331,PRCP,0,,,N,0700
US1TXAR0003,20100302,SNOW,0,,,N,0700
US1TXAR0003,20100303,SNOW,0,,,N,0700
US1TXAR0003,20100304,SNOW,0,,,N,0700
US1TXAR0003,20100305,SNOW,0,,,N,0700
US1TXAR0003,20100306,SNOW,0,,,N,0700
US1TXAR0003,20100307,SNOW,0,,,N,0700
US1TXAR0003,20100308,SNOW,0,,,N,0700
US1TXAR0003,20100310,SNOW,0,,,N,0700
US1TXAR0003,20100311,SNOW,0,,,N,0700
US1TXAR0003,20100312,SNOW,0,,,N,0700
US1TXAR0003,20100313,SNOW,0,,,N,0700
US1TXAR0003,20100314,SNOW,0,,,N,0700
US1TXAR0003,20100315,SNOW,0,,,N,0700
US1TXAR0003,20100318,SNOW,0,,,N,0700
US1TXAR0003,20100319,SNOW,0,,,N,0700
US1TXAR0003,20100320,SNOW,0,,,N,0700
US1TXAR0003,20100322,SNOW,0,,,N,0700
US1TXAR0003,20100324,SNOW,0,,,N,0700
US1TXAR0003,20100326,SNOW,0,,,N,0700
US1TXAR0003,20100327,SNOW,0,,,N,0700
US1TXAR0003,20100328,SNOW,0,,,N,0700
US1TXAR0003,20100329,SNOW,0,,,N,0700
US1TXAR0003,20100330,SNOW,0,,,N,0700
US1TXAR0003,20100331,SNOW,0,,,N,0700
US1TXAR0003,20100401,PRCP,0,,,N,0700
US1TXAR0003,20100402,PRCP,0,,,N,0700
US1TXAR0003,20100403,PRCP,0,T,,N,0800
US1TXAR0003,20100404,PRCP,0,T,,N,0800
US1TXAR0003,20100405,PRCP,0,,,N,0700
US1TXAR0003,20100408,PRCP,8,,,N,0800
US1TXAR0003,20100409,PRCP,0,,,N,0700
US1TXAR0003,20100410,PRCP,0,,,N,0700
US1TXAR0003,20100411,PRCP,0,,,N,0700
US1TXAR0003,20100412,PRCP,10,,,N,0800
US1TXAR0003,20100413,PRCP,0,,,N,0700
US1TXAR0003,20100414,PRCP,0,,,N,0700
US1TXAR0003,20100415,PRCP,13,,,N,0800
US1TXAR0003,20100416,PRCP,48,,,N,0800
US1TXAR0003,20100417,PRCP,0,,,N,0700
US1TXAR0003,20100418,PRCP,340,,,N,0800
US1TXAR0003,20100419,PRCP,0,,,N,0700
US1TXAR0003,20100420,PRCP,0,,,N,0700
US1TXAR0003,20100421,PRCP,0,,,N,0700
US1TXAR0003,20100422,PRCP,0,,,N,0700
US1TXAR0003,20100423,PRCP,0,,,N,0700
US1TXAR0003,20100424,PRCP,0,,,N,0700
US1TXAR0003,20100425,PRCP,0,,,N,0700
US1TXAR0003,20100426,PRCP,0,,,N,0700
US1TXAR0003,20100427,PRCP,0,,,N,0700
US1TXAR0003,20100428,PRCP,0,,,N,0700
US1TXAR0003,20100429,PRCP,0,,,N,0700
US1TXAR0003,20100430,PRCP,0,,,N,0700
US1TXAR0003,20100401,SNOW,0,,,N,0700
US1TXAR0003,20100402,SNOW,0,,,N,0700
US1TXAR0003,20100405,SNOW,0,,,N,0700
US1TXAR0003,20100409,SNOW,0,,,N,0700
US1TXAR0003,20100410,SNOW,0,,,N,0700
US1TXAR0003,20100411,SNOW,0,,,N,0700
US1TXAR0003,20100413,SNOW,0,,,N,0700
US1TXAR0003,20100414,SNOW,0,,,N,0700
US1TXAR0003,20100417,SNOW,0,,,N,0700
US1TXAR0003,20100419,SNOW,0,,,N,0700
US1TXAR0003,20100420,SNOW,0,,,N,0700
US1TXAR0003,20100421,SNOW,0,,,N,0700
US1TXAR0003,20100422,SNOW,0,,,N,0700
US1TXAR0003,20100423,SNOW,0,,,N,0700
US1TXAR0003,20100424,SNOW,0,,,N,0700
US1TXAR0003,20100425,SNOW,0,,,N,0700
US1TXAR0003,20100426,SNOW,0,,,N,0700
US1TXAR0003,20100427,SNOW,0,,,N,0700
US1TXAR0003,20100428,SNOW,0,,,N,0700
US1TXAR0003,20100429,SNOW,0,,,N,0700
US1TXAR0003,20100430,SNOW,0,,,N,0700
US1TXAR0003,20100501,PRCP,0,,,N,0700
US1TXAR0003,20100502,PRCP,0,,,N,0700
US1TXAR0003,20100503,PRCP,0,,,N,0700
US1TXAR0003,20100504,PRCP,0,,,N,0700
US1TXAR0003,20100505,PRCP,0,,,N,0700
US1TXAR0003,20100506,PRCP,0,,,N,0700
US1TXAR0003,20100507,PRCP,0,,,N,0700
US1TXAR0003,20100508,PRCP,0,,,N,0700
US1TXAR0003,20100509,PRCP,5,,,N,0800
US1TXAR0003,20100510,PRCP,0,,,N,0700
US1TXAR0003,20100511,PRCP,0,,,N,0700
US1TXAR0003,20100512,PRCP,0,,,N,0700
US1TXAR0003,20100513,PRCP,0,,,N,0700
US1TXAR0003,20100519,PRCP,0,T,,N,0800
US1TXAR0003,20100520,PRCP,0,,,N,0700
US1TXAR0003,20100521,PRCP,0,T,,N,0800
US1TXAR0003,20100522,PRCP,0,,,N,0700
US1TXAR0003,20100523,PRCP,0,,,N,0700
US1TXAR0003,20100524,PRCP,0,,,N,0700
US1TXAR0003,20100525,PRCP,0,,,N,0700
US1TXAR0003,20100526,PRCP,23,,,N,0800
US1TXAR0003,20100527,PRCP,0,,,N,0700
US1TXAR0003,20100528,PRCP,0,,,N,0700
US1TXAR0003,20100529,PRCP,0,,,N,0700
US1TXAR0003,20100530,PRCP,0,,,N,0700
US1TXAR0003,20100531,PRCP,0,,,N,0700
US1TXAR0003,20100501,SNOW,0,,,N,0700
US1TXAR0003,20100502,SNOW,0,,,N,0700
US1TXAR0003,20100503,SNOW,0,,,N,0700
US1TXAR0003,20100504,SNOW,0,,,N,0700
US1TXAR0003,20100505,SNOW,0,,,N,0700
US1TXAR0003,20100506,SNOW,0,,,N,0700
US1TXAR0003,20100507,SNOW,0,,,N,0700
US1TXAR0003,20100508,SNOW,0,,,N,0700
US1TXAR0003,20100510,SNOW,0,,,N,0700
US1TXAR0003,20100511,SNOW,0,,,N,0700
US1TXAR0003,20100512,SNOW,0,,,N,0700
US1TXAR0003,20100513,SNOW,0,,,N,0700
US1TXAR0003,20100520,SNOW,0,,,N,0700
US1TXAR0003,20100522,SNOW,0,,,N,0700
US1TXAR0003,20100523,SNOW,0,,,N,0700
US1TXAR0003,20100524,SNOW,0,,,N,0700
US1TXAR0003,20100525,SNOW,0,,,N,0700
US1TXAR0003,20100527,SNOW,0,,,N,0700
US1TXAR0003,20100528,SNOW,0,,,N,0700
US1TXAR0003,20100529,SNOW,0,,,N,0700
US1TXAR0003,20100530,SNOW,0,,,N,0700
US1TXAR0003,20100531,SNOW,0,,,N,0700
US1TXAR0003,20100518,DAPR,5,,,N,0800
US1TXAR0003,20100518,MDPR,224,,,N,0800
US1TXAR0003,20100601,PRCP,0,,,N,0700
US1TXAR0003,20100602,PRCP,0,,,N,0700
US1TXAR0003,20100603,PRCP,170,,,N,0800
US1TXAR0003,20100604,PRCP,0,,,N,0700
US1TXAR0003,20100605,PRCP,0,,,N,0700
US1TXAR0003,20100606,PRCP,0,,,N,0700
US1TXAR0003,20100607,PRCP,0,,,N,0700
US1TXAR0003,20100608,PRCP,15,,,N,0800
US1TXAR0003,20100609,PRCP,10,,,N,0800
US1TXAR0003,20100610,PRCP,0,,,N,0700
US1TXAR0003,20100611,PRCP,0,,,N,0700
US1TXAR0003,20100612,PRCP,0,,,N,0700
US1TXAR0003,20100613,PRCP,0,,,N,0700
US1TXAR0003,20100614,PRCP,0,,,N,0700
US1TXAR0003,20100615,PRCP,0,,,N,0700
US1TXAR0003,20100616,PRCP,0,,,N,0700
US1TXAR0003,20100617,PRCP,3,,,N,0800
US1TXAR0003,20100618,PRCP,0,,,N,0700
US1TXAR0003,20100619,PRCP,0,,,N,0700
US1TXAR0003,20100620,PRCP,0,,,N,0700
US1TXAR0003,20100621,PRCP,0,,,N,0700
US1TXAR0003,20100622,PRCP,0,,,N,0700
US1TXAR0003,20100623,PRCP,0,,,N,0700
US1TXAR0003,20100624,PRCP,25,,,N,0800
US1TXAR0003,20100625,PRCP,0,,,N,0700
US1TXAR0003,20100626,PRCP,0,,,N,0700
US1TXAR0003,20100627,PRCP,0,,,N,0700
US1TXAR0003,20100628,PRCP,0,,,N,0700
US1TXAR0003,20100629,PRCP,0,,,N,0700
US1TXAR0003,20100630,PRCP,274,,,N,0800
US1TXAR0003,20100601,SNOW,0,,,N,0700
US1TXAR0003,20100602,SNOW,0,,,N,0700
US1TXAR0003,20100604,SNOW,0,,,N,0700
US1TXAR0003,20100605,SNOW,0,,,N,0700
US1TXAR0003,20100606,SNOW,0,,,N,0700
US1TXAR0003,20100607,SNOW,0,,,N,0700
US1TXAR0003,20100610,SNOW,0,,,N,0700
US1TXAR0003,20100611,SNOW,0,,,N,0700
US1TXAR0003,20100612,SNOW,0,,,N,0700
US1TXAR0003,20100613,SNOW,0,,,N,0700
US1TXAR0003,20100614,SNOW,0,,,N,0700
US1TXAR0003,20100615,SNOW,0,,,N,0700
US1TXAR0003,20100616,SNOW,0,,,N,0700
US1TXAR0003,20100618,SNOW,0,,,N,0700
US1TXAR0003,20100619,SNOW,0,,,N,0700
US1TXAR0003,20100620,SNOW,0,,,N,0700
US1TXAR0003,20100621,SNOW,0,,,N,0700
US1TXAR0003,20100622,SNOW,0,,,N,0700
US1TXAR0003,20100623,SNOW,0,,,N,0700
US1TXAR0003,20100625,SNOW,0,,,N,0700
US1TXAR0003,20100626,SNOW,0,,,N,0700
US1TXAR0003,20100627,SNOW,0,,,N,0700
US1TXAR0003,20100628,SNOW,0,,,N,0700
US1TXAR0003,20100629,SNOW,0,,,N,0700
US1TXAR0003,20100701,PRCP,488,,,N,0800
US1TXAR0003,20100702,PRCP,632,,,N,0800
US1TXAR0003,20100703,PRCP,58,,,N,0800
US1TXAR0003,20100704,PRCP,0,,,N,0700
US1TXAR0003,20100705,PRCP,0,,,N,0700
US1TXAR0003,20100706,PRCP,0,,,N,0700
US1TXAR0003,20100707,PRCP,0,,,N,0700
US1TXAR0003,20100708,PRCP,315,,,N,0800
US1TXAR0003,20100709,PRCP,239,,,N,0800
US1TXAR0003,20100710,PRCP,0,,,N,0700
US1TXAR0003,20100711,PRCP,0,,,N,0700
US1TXAR0003,20100712,PRCP,0,,,N,0700
US1TXAR0003,20100713,PRCP,0,,,N,0700
US1TXAR0003,20100714,PRCP,0,,,N,0700
US1TXAR0003,20100715,PRCP,0,,,N,0700
US1TXAR0003,20100716,PRCP,0,,,N,0700
US1TXAR0003,20100717,PRCP,0,,,N,0700
US1TXAR0003,20100718,PRCP,102,,,N,0800
US1TXAR0003,20100719,PRCP,41,,,N,0800
US1TXAR0003,20100720,PRCP,0,,,N,0700
US1TXAR0003,20100721,PRCP,10,,,N,0800
US1TXAR0003,20100722,PRCP,3,,,N,0800
US1TXAR0003,20100723,PRCP,23,,,N,0645
US1TXAR0003,20100724,PRCP,0,,,N,0700
US1TXAR0003,20100725,PRCP,0,,,N,0700
US1TXAR0003,20100726,PRCP,0,,,N,0700
US1TXAR0003,20100727,PRCP,33,,,N,0800
US1TXAR0003,20100728,PRCP,46,,,N,0800
US1TXAR0003,20100729,PRCP,66,,,N,0800
US1TXAR0003,20100730,PRCP,0,,,N,0700
US1TXAR0003,20100731,PRCP,0,,,N,0700
US1TXAR0003,20100704,SNOW,0,,,N,0700
US1TXAR0003,20100705,SNOW,0,,,N,0700
US1TXAR0003,20100706,SNOW,0,,,N,0700
US1TXAR0003,20100707,SNOW,0,,,N,0700
US1TXAR0003,20100710,SNOW,0,,,N,0700
US1TXAR0003,20100711,SNOW,0,,,N,0700
US1TXAR0003,20100712,SNOW,0,,,N,0700
US1TXAR0003,20100713,SNOW,0,,,N,0700
US1TXAR0003,20100714,SNOW,0,,,N,0700
US1TXAR0003,20100715,SNOW,0,,,N,0700
US1TXAR0003,20100716,SNOW,0,,,N,0700
US1TXAR0003,20100717,SNOW,0,,,N,0700
US1TXAR0003,20100720,SNOW,0,,,N,0700
US1TXAR0003,20100724,SNOW,0,,,N,0700
US1TXAR0003,20100725,SNOW,0,,,N,0700
US1TXAR0003,20100726,SNOW,0,,,N,0700
US1TXAR0003,20100730,SNOW,0,,,N,0700
US1TXAR0003,20100731,SNOW,0,,,N,0700
US1TXAR0003,20100811,PRCP,13,,,N,0800
US1TXAR0003,20100819,PRCP,3,,,N,0800
US1TXAR0003,20100830,PRCP,8,,,N,0800
US1TXAR0003,20100901,PRCP,0,,,N,0700
US1TXAR0003,20100902,PRCP,0,,,N,0700
US1TXAR0003,20100903,PRCP,0,,,N,0700
US1TXAR0003,20100904,PRCP,53,,,N,0800
US1TXAR0003,20100905,PRCP,0,,,N,0700
US1TXAR0003,20100906,PRCP,8,,,N,0800
US1TXAR0003,20100907,PRCP,1036,,,N,0800
US1TXAR0003,20100908,PRCP,475,,,N,0800
US1TXAR0003,20100909,PRCP,36,,,N,0800
US1TXAR0003,20100910,PRCP,0,,,N,0700
US1TXAR0003,20100911,PRCP,0,,,N,0700
US1TXAR0003,20100912,PRCP,0,,,N,0700
US1TXAR0003,20100913,PRCP,43,,,N,0800
US1TXAR0003,20100914,PRCP,0,,,N,0700
US1TXAR0003,20100915,PRCP,0,,,N,0700
US1TXAR0003,20100916,PRCP,18,,,N,0800
US1TXAR0003,20100917,PRCP,119,,,N,0800
US1TXAR0003,20100918,PRCP,409,,,N,0800
US1TXAR0003,20100919,PRCP,368,,,N,0800
US1TXAR0003,20100920,PRCP,1280,,,N,0800
US1TXAR0003,20100921,PRCP,152,,,N,0800
US1TXAR0003,20100922,PRCP,150,,,N,0800
US1TXAR0003,20100923,PRCP,287,,,N,0800
US1TXAR0003,20100924,PRCP,109,,,N,0800
US1TXAR0003,20100925,PRCP,10,,,N,0800
US1TXAR0003,20100926,PRCP,99,,,N,0800
US1TXAR0003,20100927,PRCP,0,,,N,0700
US1TXAR0003,20100928,PRCP,0,,,N,0700
US1TXAR0003,20100929,PRCP,0,,,N,0700
US1TXAR0003,20100930,PRCP,0,,,N,0700
US1TXAR0003,20100901,SNOW,0,,,N,0700
US1TXAR0003,20100902,SNOW,0,,,N,0700
US1TXAR0003,20100903,SNOW,0,,,N,0700
US1TXAR0003,20100905,SNOW,0,,,N,0700
US1TXAR0003,20100910,SNOW,0,,,N,0700
US1TXAR0003,20100911,SNOW,0,,,N,0700
US1TXAR0003,20100912,SNOW,0,,,N,0700
US1TXAR0003,20100914,SNOW,0,,,N,0700
US1TXAR0003,20100915,SNOW,0,,,N,0700
US1TXAR0003,20100927,SNOW,0,,,N,0700
US1TXAR0003,20100928,SNOW,0,,,N,0700
US1TXAR0003,20100929,SNOW,0,,,N,0700
US1TXAR0003,20100930,SNOW,0,,,N,0700
US1TXAR0003,20101001,PRCP,0,,,N,0700
US1TXAR0003,20101002,PRCP,0,,,N,0700
US1TXAR0003,20101003,PRCP,0,,,N,0700
US1TXAR0003,20101004,PRCP,0,,,N,0700
US1TXAR0003,20101005,PRCP,0,,,N,0700
US1TXAR0003,20101006,PRCP,0,,,N,0700
US1TXAR0003,20101007,PRCP,0,,,N,0700
US1TXAR0003,20101008,PRCP,0,,,N,0700
US1TXAR0003,20101009,PRCP,0,,,N,0700
US1TXAR0003,20101010,PRCP,0,,,N,0700
US1TXAR0003,20101011,PRCP,28,,,N,0800
US1TXAR0003,20101012,PRCP,0,,,N,0700
US1TXAR0003,20101013,PRCP,0,,,N,0700
US1TXAR0003,20101014,PRCP,0,,,N,0700
US1TXAR0003,20101015,PRCP,0,,,N,0700
US1TXAR0003,20101016,PRCP,0,,,N,0700
US1TXAR0003,20101017,PRCP,0,,,N,0700
US1TXAR0003,20101018,PRCP,13,,,N,0800
US1TXAR0003,20101019,PRCP,0,,,N,0700
US1TXAR0003,20101020,PRCP,0,,,N,0700
US1TXAR0003,20101021,PRCP,0,,,N,0700
US1TXAR0003,20101022,PRCP,0,,,N,0700
US1TXAR0003,20101023,PRCP,0,,,N,0700
US1TXAR0003,20101024,PRCP,0,T,,N,0800
US1TXAR0003,20101025,PRCP,0,T,,N,0800
US1TXAR0003,20101026,PRCP,0,,,N,0800
US1TXAR0003,20101027,PRCP,0,,,N,0800
US1TXAR0003,20101028,PRCP,0,,,N,0800
US1TXAR0003,20101029,PRCP,0,,,N,0800
US1TXAR0003,20101030,PRCP,0,,,N,0700
US1TXAR0003,20101031,PRCP,0,,,N,0700
US1TXAR0003,20101001,SNOW,0,,,N,0700
US1TXAR0003,20101002,SNOW,0,,,N,0700
US1TXAR0003,20101003,SNOW,0,,,N,0700
US1TXAR0003,20101004,SNOW,0,,,N,0700
US1TXAR0003,20101005,SNOW,0,,,N,0700
US1TXAR0003,20101006,SNOW,0,,,N,0700
US1TXAR0003,20101007,SNOW,0,,,N,0700
US1TXAR0003,20101008,SNOW,0,,,N,0700
US1TXAR0003,20101009,SNOW,0,,,N,0700
US1TXAR0003,20101010,SNOW,0,,,N,0700
US1TXAR0003,20101012,SNOW,0,,,N,0700
US1TXAR0003,20101013,SNOW,0,,,N,0700
US1TXAR0003,20101014,SNOW,0,,,N,0700
US1TXAR0003,20101015,SNOW,0,,,N,0700
US1TXAR0003,20101016,SNOW,0,,,N,0700
US1TXAR0003,20101017,SNOW,0,,,N,0700
US1TXAR0003,20101019,SNOW,0,,,N,0700
US1TXAR0003,20101020,SNOW,0,,,N,0700
US1TXAR0003,20101021,SNOW,0,,,N,0700
US1TXAR0003,20101022,SNOW,0,,,N,0700
US1TXAR0003,20101023,SNOW,0,,,N,0700
US1TXAR0003,20101026,SNOW,0,,,N,0800
US1TXAR0003,20101027,SNOW,0,,,N,0800
US1TXAR0003,20101028,SNOW,0,,,N,0800
US1TXAR0003,20101029,SNOW,0,,,N,0800
US1TXAR0003,20101030,SNOW,0,,,N,0700
US1TXAR0003,20101031,SNOW,0,,,N,0700
US1TXAR0003,20101101,PRCP,0,,,N,0700
US1TXAR0003,20101102,PRCP,279,,,N,0800
US1TXAR0003,20101103,PRCP,0,,,N,0700
US1TXAR0003,20101104,PRCP,0,,,N,0700
US1TXAR0003,20101106,PRCP,0,,,N,0700
US1TXAR0003,20101107,PRCP,0,,,N,0700
US1TXAR0003,20101108,PRCP,0,,,N,0700
US1TXAR0003,20101109,PRCP,0,,,N,0700
US1TXAR0003,20101110,PRCP,3,,,N,0800
US1TXAR0003,20101117,PRCP,0,,,N,0700
US1TXAR0003,20101118,PRCP,0,,,N,0700
US1TXAR0003,20101119,PRCP,0,,,N,0700
US1TXAR0003,20101120,PRCP,0,,,N,0700
US1TXAR0003,20101101,SNOW,0,,,N,0700
US1TXAR0003,20101102,SNOW,0,,,N,0800
US1TXAR0003,20101103,SNOW,0,,,N,0700
US1TXAR0003,20101104,SNOW,0,,,N,0700
US1TXAR0003,20101106,SNOW,0,,,N,0700
US1TXAR0003,20101107,SNOW,0,,,N,0700
US1TXAR0003,20101108,SNOW,0,,,N,0700
US1TXAR0003,20101109,SNOW,0,,,N,0700
US1TXAR0003,20101117,SNOW,0,,,N,0700
US1TXAR0003,20101118,SNOW,0,,,N,0700
US1TXAR0003,20101119,SNOW,0,,,N,0700
US1TXAR0003,20101120,SNOW,0,,,N,0700
US1TXAR0003,20101116,DAPR,6,,,N,0800
US1TXAR0003,20101116,MDPR,94,,,N,0800
US1TXAR0003,20101210,PRCP,0,,,N,0700
US1TXAR0003,20101211,PRCP,0,,,N,0700
US1TXAR0003,20101212,PRCP,0,,,N,0700
US1TXAR0003,20101213,PRCP,0,,,N,0700
US1TXAR0003,20101214,PRCP,0,,,N,0700
US1TXAR0003,20101215,PRCP,0,,,N,0700
US1TXAR0003,20101216,PRCP,0,,,N,0700
US1TXAR0003,20101217,PRCP,0,,,N,0700
US1TXAR0003,20101218,PRCP,0,,,N,0700
US1TXAR0003,20101219,PRCP,0,,,N,0700
US1TXAR0003,20101220,PRCP,3,,,N,0800
US1TXAR0003,20101221,PRCP,0,,,N,0700
US1TXAR0003,20101222,PRCP,0,,,N,0700
US1TXAR0003,20101223,PRCP,0,,,N,0700
US1TXAR0003,20101224,PRCP,0,,,N,0700
US1TXAR0003,20101225,PRCP,33,,,N,0800
US1TXAR0003,20101226,PRCP,0,,,N,0700
US1TXAR0003,20101227,PRCP,0,,,N,0700
US1TXAR0003,20101228,PRCP,0,,,N,0700
US1TXAR0003,20101229,PRCP,117,,,N,0800
US1TXAR0003,20101230,PRCP,0,,,N,0700
US1TXAR0003,20101231,PRCP,0,,,N,0700
US1TXAR0003,20101210,SNOW,0,,,N,0700
US1TXAR0003,20101211,SNOW,0,,,N,0700
US1TXAR0003,20101212,SNOW,0,,,N,0700
US1TXAR0003,20101213,SNOW,0,,,N,0700
US1TXAR0003,20101214,SNOW,0,,,N,0700
US1TXAR0003,20101215,SNOW,0,,,N,0700
US1TXAR0003,20101216,SNOW,0,,,N,0700
US1TXAR0003,20101217,SNOW,0,,,N,0700
US1TXAR0003,20101218,SNOW,0,,,N,0700
US1TXAR0003,20101219,SNOW,0,,,N,0700
US1TXAR0003,20101221,SNOW,0,,,N,0700
US1TXAR0003,20101222,SNOW,0,,,N,0700
US1TXAR0003,20101223,SNOW,0,,,N,0700
US1TXAR0003,20101224,SNOW,0,,,N,0700
US1TXAR0003,20101226,SNOW,0,,,N,0700
US1TXAR0003,20101227,SNOW,0,,,N,0700
US1TXAR0003,20101228,SNOW,0,,,N,0700
US1TXAR0003,20101230,SNOW,0,,,N,0700
US1TXAR0003,20101231,SNOW,0,,,N,0700
US1TXAR0003,20101209,DAPR,19,,,N,0800
US1TXAR0003,20101209,MDPR,69,,,N,0800
US1TXAR0003,20110101,PRCP,0,,,N,0700
US1TXAR0003,20110103,PRCP,0,,,N,0700
US1TXAR0003,20110104,PRCP,0,,,N,0700
US1TXAR0003,20110105,PRCP,18,,,N,0800
US1TXAR0003,20110106,PRCP,0,T,,N,0800
US1TXAR0003,20110107,PRCP,0,,,N,0700
US1TXAR0003,20110108,PRCP,0,,,N,0700
US1TXAR0003,20110109,PRCP,262,,,N,0800
US1TXAR0003,20110110,PRCP,0,,,N,0700
US1TXAR0003,20110111,PRCP,0,,,N,0700
US1TXAR0003,20110112,PRCP,0,,,N,0700
US1TXAR0003,20110113,PRCP,0,,,N,0700
US1TXAR0003,20110114,PRCP,0,,,N,0700
US1TXAR0003,20110115,PRCP,86,,,N,0800
US1TXAR0003,20110116,PRCP,660,,,N,0800
US1TXAR0003,20110117,PRCP,0,T,,N,0800
US1TXAR0003,20110118,PRCP,0,,,N,0700
US1TXAR0003,20110119,PRCP,0,,,N,0700
US1TXAR0003,20110120,PRCP,0,,,N,0700
US1TXAR0003,20110121,PRCP,5,,,N,0800
US1TXAR0003,20110122,PRCP,0,,,N,0700
US1TXAR0003,20110123,PRCP,0,,,N,0700
US1TXAR0003,20110124,PRCP,66,,,N,0800
US1TXAR0003,20110125,PRCP,0,,,N,0700
US1TXAR0003,20110126,PRCP,0,,,N,0700
US1TXAR0003,20110127,PRCP,0,,,N,0700
US1TXAR0003,20110128,PRCP,0,,,N,0700
US1TXAR0003,20110129,PRCP,0,,,N,0700
US1TXAR0003,20110130,PRCP,51,,,N,0800
US1TXAR0003,20110131,PRCP,0,,,N,0700
US1TXAR0003,20110101,SNOW,0,,,N,0700
US1TXAR0003,20110103,SNOW,0,,,N,0700
US1TXAR0003,20110104,SNOW,0,,,N,0700
US1TXAR0003,20110107,SNOW,0,,,N,0700
US1TXAR0003,20110108,SNOW,0,,,N,0700
US1TXAR0003,20110110,SNOW,0,,,N,0700
US1TXAR0003,20110111,SNOW,0,,,N,0700
US1TXAR0003,20110112,SNOW,0,,,N,0700
US1TXAR0003,20110113,SNOW,0,,,N,0700
US1TXAR0003,20110114,SNOW,0,,,N,0700
US1TXAR0003,20110118,SNOW,0,,,N,0700
US1TXAR0003,20110119,SNOW,0,,,N,0700
US1TXAR0003,20110120,SNOW,0,,,N,0700
US1TXAR0003,20110122,SNOW,0,,,N,0700
US1TXAR0003,20110123,SNOW,0,,,N,0700
US1TXAR0003,20110125,SNOW,0,,,N,0700
US1TXAR0003,20110126,SNOW,0,,,N,0700
US1TXAR0003,20110127,SNOW,0,,,N,0700
US1TXAR0003,20110128,SNOW,0,,,N,0700
US1TXAR0003,20110129,SNOW,0,,,N,0700
US1TXAR0003,20110131,SNOW,0,,,N,0700
US1TXAR0003,20110201,PRCP,13,,,N,0800
US1TXAR0003,20110202,PRCP,0,,,N,0700
US1TXAR0003,20110203,PRCP,0,,,N,0700
US1TXAR0003,20110204,PRCP,0,,,N,0700
US1TXAR0003,20110205,PRCP,8,,,N,0800
US1TXAR0003,20110206,PRCP,0,,,N,0700
US1TXAR0003,20110207,PRCP,0,,,N,0700
US1TXAR0003,20110208,PRCP,0,,,N,0700
US1TXAR0003,20110209,PRCP,0,,,N,0700
US1TXAR0003,20110210,PRCP,43,,,N,0800
US1TXAR0003,20110211,PRCP,0,,,N,0700
US1TXAR0003,20110212,PRCP,0,,,N,0700
US1TXAR0003,20110213,PRCP,0,,,N,0700
US1TXAR0003,20110214,PRCP,0,,,N,0700
US1TXAR0003,20110215,PRCP,0,,,N,0700
US1TXAR0003,20110216,PRCP,0,,,N,0700
US1TXAR0003,20110217,PRCP,0,,,N,0700
US1TXAR0003,20110218,PRCP,0,,,N,0700
US1TXAR0003,20110219,PRCP,0,,,N,0700
US1TXAR0003,20110220,PRCP,0,,,N,0700
US1TXAR0003,20110221,PRCP,0,,,N,0700
US1TXAR0003,20110222,PRCP,0,,,N,0700
US1TXAR0003,20110223,PRCP,0,,,N,0700
US1TXAR0003,20110224,PRCP,0,,,N,0700
US1TXAR0003,20110225,PRCP,0,,,N,0700
US1TXAR0003,20110226,PRCP,0,,,N,0700
US1TXAR0003,20110227,PRCP,0,,,N,0700
US1TXAR0003,20110228,PRCP,0,,,N,0700
US1TXAR0003,20110202,SNOW,0,,,N,0700
US1TXAR0003,20110203,SNOW,0,,,N,0700
US1TXAR0003,20110204,SNOW,0,,,N,0700
US1TXAR0003,20110206,SNOW,0,,,N,0700
US1TXAR0003,20110207,SNOW,0,,,N,0700
US1TXAR0003,20110208,SNOW,0,,,N,0700
US1TXAR0003,20110209,SNOW,0,,,N,0700
US1TXAR0003,20110211,SNOW,0,,,N,0700
US1TXAR0003,20110212,SNOW,0,,,N,0700
US1TXAR0003,20110213,SNOW,0,,,N,0700
US1TXAR0003,20110214,SNOW,0,,,N,0700
US1TXAR0003,20110215,SNOW,0,,,N,0700
US1TXAR0003,20110216,SNOW,0,,,N,0700
US1TXAR0003,20110217,SNOW,0,,,N,0700
US1TXAR0003,20110218,SNOW,0,,,N,0700
US1TXAR0003,20110219,SNOW,0,,,N,0700
US1TXAR0003,20110220,SNOW,0,,,N,0700
US1TXAR0003,20110221,SNOW,0,,,N,0700
US1TXAR0003,20110222,SNOW,0,,,N,0700
US1TXAR0003,20110223,SNOW,0,,,N,0700
US1TXAR0003,20110224,SNOW,0,,,N,0700
US1TXAR0003,20110225,SNOW,0,,,N,0700
US1TXAR0003,20110226,SNOW,0,,,N,0700
US1TXAR0003,20110227,SNOW,0,,,N,0700
US1TXAR0003,20110228,SNOW,0,,,N,0700
US1TXAR0003,20110301,PRCP,0,,,N,0700
US1TXAR0003,20110302,PRCP,0,,,N,0700
US1TXAR0003,20110303,PRCP,0,,,N,0700
US1TXAR0003,20110304,PRCP,0,,,N,0700
US1TXAR0003,20110305,PRCP,0,,,N,0700
US1TXAR0003,20110306,PRCP,30,,,N,0800
US1TXAR0003,20110307,PRCP,0,,,N,0700
US1TXAR0003,20110308,PRCP,0,,,N,0700
US1TXAR0003,20110309,PRCP,0,,,N,0700
US1TXAR0003,20110310,PRCP,0,,,N,0700
US1TXAR0003,20110311,PRCP,0,,,N,0700
US1TXAR0003,20110312,PRCP,0,,,N,0700
US1TXAR0003,20110313,PRCP,0,,,N,0700
US1TXAR0003,20110314,PRCP,0,,,N,0700
US1TXAR0003,20110315,PRCP,10,,,N,0800
US1TXAR0003,20110316,PRCP,0,,,N,0700
US1TXAR0003,20110317,PRCP,0,,,N,0700
US1TXAR0003,20110318,PRCP,0,,,N,0700
US1TXAR0003,20110319,PRCP,0,,,N,0700
US1TXAR0003,20110320,PRCP,0,,,N,0700
US1TXAR0003,20110321,PRCP,0,,,N,0700
US1TXAR0003,20110322,PRCP,0,,,N,0700
US1TXAR0003,20110323,PRCP,0,,,N,0700
US1TXAR0003,20110324,PRCP,0,,,N,0700
US1TXAR0003,20110325,PRCP,0,,,N,0700
US1TXAR0003,20110326,PRCP,0,,,N,0700
US1TXAR0003,20110327,PRCP,0,,,N,0700
US1TXAR0003,20110328,PRCP,0,,,N,0700
US1TXAR0003,20110329,PRCP,0,,,N,0700
US1TXAR0003,20110330,PRCP,20,,,N,0800
US1TXAR0003,20110331,PRCP,0,,,N,0700
US1TXAR0003,20110301,SNOW,0,,,N,0700
US1TXAR0003,20110302,SNOW,0,,,N,0700
US1TXAR0003,20110303,SNOW,0,,,N,0700
US1TXAR0003,20110304,SNOW,0,,,N,0700
US1TXAR0003,20110305,SNOW,0,,,N,0700
US1TXAR0003,20110307,SNOW,0,,,N,0700
US1TXAR0003,20110308,SNOW,0,,,N,0700
US1TXAR0003,20110309,SNOW,0,,,N,0700
US1TXAR0003,20110310,SNOW,0,,,N,0700
US1TXAR0003,20110311,SNOW,0,,,N,0700
US1TXAR0003,20110312,SNOW,0,,,N,0700
US1TXAR0003,20110313,SNOW,0,,,N,0700
US1TXAR0003,20110314,SNOW,0,,,N,0700
US1TXAR0003,20110316,SNOW,0,,,N,0700
US1TXAR0003,20110317,SNOW,0,,,N,0700
US1TXAR0003,20110318,SNOW,0,,,N,0700
US1TXAR0003,20110319,SNOW,0,,,N,0700
US1TXAR0003,20110320,SNOW,0,,,N,0700
US1TXAR0003,20110321,SNOW,0,,,N,0700
US1TXAR0003,20110322,SNOW,0,,,N,0700
US1TXAR0003,20110323,SNOW,0,,,N,0700
US1TXAR0003,20110324,SNOW,0,,,N,0700
US1TXAR0003,20110325,SNOW,0,,,N,0700
US1TXAR0003,20110326,SNOW,0,,,N,0700
US1TXAR0003,20110327,SNOW,0,,,N,0700
US1TXAR0003,20110328,SNOW,0,,,N,0700
US1TXAR0003,20110329,SNOW,0,,,N,0700
US1TXAR0003,20110331,SNOW,0,,,N,0700
US1TXAR0003,20110401,PRCP,0,,,N,0700
US1TXAR0003,20110402,PRCP,0,,,N,0700
US1TXAR0003,20110403,PRCP,0,,,N,0700
US1TXAR0003,20110404,PRCP,0,,,N,0700
US1TXAR0003,20110405,PRCP,0,,,N,0700
US1TXAR0003,20110406,PRCP,0,,,N,0700
US1TXAR0003,20110407,PRCP,0,,,N,0700
US1TXAR0003,20110408,PRCP,0,,,N,0700
US1TXAR0003,20110409,PRCP,0,,,N,0700
US1TXAR0003,20110410,PRCP,0,,,N,0700
US1TXAR0003,20110411,PRCP,0,,,N,0700
US1TXAR0003,20110412,PRCP,0,T,,N,0800
US1TXAR0003,20110413,PRCP,0,,,N,0700
US1TXAR0003,20110414,PRCP,0,,,N,0700
US1TXAR0003,20110415,PRCP,0,,,N,0700
US1TXAR0003,20110416,PRCP,0,,,N,0700
US1TXAR0003,20110417,PRCP,0,,,N,0700
US1TXAR0003,20110418,PRCP,0,,,N,0700
US1TXAR0003,20110419,PRCP,0,,,N,0700
US1TXAR0003,20110420,PRCP,0,,,N,0700
US1TXAR0003,20110421,PRCP,0,,,N,0700
US1TXAR0003,20110422,PRCP,0,,,N,0700
US1TXAR0003,20110423,PRCP,0,,,N,0700
US1TXAR0003,20110424,PRCP,0,,,N,0700
US1TXAR0003,20110426,PRCP,0,,,N,0700
US1TXAR0003,20110427,PRCP,0,,,N,0700
US1TXAR0003,20110428,PRCP,0,,,N,0700
US1TXAR0003,20110429,PRCP,0,,,N,0700
US1TXAR0003,20110430,PRCP,0,,,N,0700
US1TXAR0003,20110401,SNOW,0,,,N,0700
US1TXAR0003,20110402,SNOW,0,,,N,0700
US1TXAR0003,20110403,SNOW,0,,,N,0700
US1TXAR0003,20110404,SNOW,0,,,N,0700
US1TXAR0003,20110405,SNOW,0,,,N,0700
US1TXAR0003,20110406,SNOW,0,,,N,0700
US1TXAR0003,20110407,SNOW,0,,,N,0700
US1TXAR0003,20110408,SNOW,0,,,N,0700
US1TXAR0003,20110409,SNOW,0,,,N,0700
US1TXAR0003,20110410,SNOW,0,,,N,0700
US1TXAR0003,20110411,SNOW,0,,,N,0700
US1TXAR0003,20110413,SNOW,0,,,N,0700
US1TXAR0003,20110414,SNOW,0,,,N,0700
US1TXAR0003,20110415,SNOW,0,,,N,0700
US1TXAR0003,20110416,SNOW,0,,,N,0700
US1TXAR0003,20110417,SNOW,0,,,N,0700
US1TXAR0003,20110418,SNOW,0,,,N,0700
US1TXAR0003,20110419,SNOW,0,,,N,0700
US1TXAR0003,20110420,SNOW,0,,,N,0700
US1TXAR0003,20110421,SNOW,0,,,N,0700
US1TXAR0003,20110422,SNOW,0,,,N,0700
US1TXAR0003,20110423,SNOW,0,,,N,0700
US1TXAR0003,20110424,SNOW,0,,,N,0700
US1TXAR0003,20110426,SNOW,0,,,N,0700
US1TXAR0003,20110427,SNOW,0,,,N,0700
US1TXAR0003,20110428,SNOW,0,,,N,0700
US1TXAR0003,20110429,SNOW,0,,,N,0700
US1TXAR0003,20110430,SNOW,0,,,N,0700
US1TXAR0003,20110501,PRCP,0,,,N,0700
US1TXAR0003,20110502,PRCP,0,,,N,0700
US1TXAR0003,20110503,PRCP,15,,,N,0800
US1TXAR0003,20110504,PRCP,0,,,N,0700
US1TXAR0003,20110505,PRCP,0,,,N,0700
US1TXAR0003,20110506,PRCP,0,,,N,0700
US1TXAR0003,20110507,PRCP,0,,,N,0700
US1TXAR0003,20110508,PRCP,0,,,N,0700
US1TXAR0003,20110509,PRCP,0,,,N,0700
US1TXAR0003,20110510,PRCP,0,,,N,0700
US1TXAR0003,20110511,PRCP,0,,,N,0700
US1TXAR0003,20110512,PRCP,0,,,N,0700
US1TXAR0003,20110513,PRCP,389,,,N,0800
US1TXAR0003,20110514,PRCP,0,,,N,0700
US1TXAR0003,20110515,PRCP,0,,,N,0700
US1TXAR0003,20110516,PRCP,0,,,N,0700
US1TXAR0003,20110517,PRCP,0,,,N,0700
US1TXAR0003,20110518,PRCP,0,,,N,0700
US1TXAR0003,20110519,PRCP,0,,,N,0700
US1TXAR0003,20110520,PRCP,0,,,N,0700
US1TXAR0003,20110521,PRCP,0,,,N,0700
US1TXAR0003,20110522,PRCP,0,,,N,0700
US1TXAR0003,20110523,PRCP,0,,,N,0700
US1TXAR0003,20110524,PRCP,0,,,N,0700
US1TXAR0003,20110525,PRCP,0,,,N,0700
US1TXAR0003,20110526,PRCP,0,,,N,0700
US1TXAR0003,20110527,PRCP,0,,,N,0700
US1TXAR0003,20110528,PRCP,0,,,N,0700
US1TXAR0003,20110529,PRCP,0,,,N,0700
US1TXAR0003,20110530,PRCP,0,,,N,0700
US1TXAR0003,20110531,PRCP,0,,,N,0700
US1TXAR0003,20110501,SNOW,0,,,N,0700
US1TXAR0003,20110502,SNOW,0,,,N,0700
US1TXAR0003,20110504,SNOW,0,,,N,0700
US1TXAR0003,20110505,SNOW,0,,,N,0700
US1TXAR0003,20110506,SNOW,0,,,N,0700
US1TXAR0003,20110507,SNOW,0,,,N,0700
US1TXAR0003,20110508,SNOW,0,,,N,0700
US1TXAR0003,20110509,SNOW,0,,,N,0700
US1TXAR0003,20110510,SNOW,0,,,N,0700
US1TXAR0003,20110511,SNOW,0,,,N,0700
US1TXAR0003,20110512,SNOW,0,,,N,0700
US1TXAR0003,20110514,SNOW,0,,,N,0700
US1TXAR0003,20110515,SNOW,0,,,N,0700
US1TXAR0003,20110516,SNOW,0,,,N,0700
US1TXAR0003,20110517,SNOW,0,,,N,0700
US1TXAR0003,20110518,SNOW,0,,,N,0700
US1TXAR0003,20110519,SNOW,0,,,N,0700
US1TXAR0003,20110520,SNOW,0,,,N,0700
US1TXAR0003,20110521,SNOW,0,,,N,0700
US1TXAR0003,20110522,SNOW,0,,,N,0700
US1TXAR0003,20110523,SNOW,0,,,N,0700
US1TXAR0003,20110524,SNOW,0,,,N,0700
US1TXAR0003,20110525,SNOW,0,,,N,0700
US1TXAR0003,20110526,SNOW,0,,,N,0700
US1TXAR0003,20110527,SNOW,0,,,N,0700
US1TXAR0003,20110528,SNOW,0,,,N,0700
US1TXAR0003,20110529,SNOW,0,,,N,0700
US1TXAR0003,20110530,SNOW,0,,,N,0700
US1TXAR0003,20110531,SNOW,0,,,N,0700
US1TXAR0003,20110601,PRCP,0,,,N,0700
US1TXAR0003,20110602,PRCP,0,,,N,0700
US1TXAR0003,20110603,PRCP,0,,,N,0700
US1TXAR0003,20110604,PRCP,0,,,N,0700
US1TXAR0003,20110605,PRCP,0,,,N,0700
US1TXAR0003,20110606,PRCP,0,,,N,0800
US1TXAR0003,20110607,PRCP,0,,,N,0800
US1TXAR0003,20110608,PRCP,0,,,N,0800
US1TXAR0003,20110609,PRCP,0,,,N,0800
US1TXAR0003,20110610,PRCP,0,,,N,0800
US1TXAR0003,20110611,PRCP,0,,,N,0700
US1TXAR0003,20110612,PRCP,0,,,N,0700
US1TXAR0003,20110613,PRCP,0,,,N,0700
US1TXAR0003,20110614,PRCP,0,,,N,0700
US1TXAR0003,20110615,PRCP,0,,,N,0700
US1TXAR0003,20110616,PRCP,0,,,N,0700
US1TXAR0003,20110617,PRCP,0,,,N,0700
US1TXAR0003,20110618,PRCP,0,,,N,0700
US1TXAR0003,20110619,PRCP,0,,,N,0700
US1TXAR0003,20110620,PRCP,0,,,N,0700
US1TXAR0003,20110621,PRCP,0,,,N,0700
US1TXAR0003,20110622,PRCP,10,,,N,0800
US1TXAR0003,20110623,PRCP,147,,,N,0800
US1TXAR0003,20110624,PRCP,8,,,N,0800
US1TXAR0003,20110625,PRCP,64,,,N,0800
US1TXAR0003,20110626,PRCP,25,,,N,0800
US1TXAR0003,20110627,PRCP,0,,,N,0700
US1TXAR0003,20110628,PRCP,0,,,N,0700
US1TXAR0003,20110629,PRCP,0,,,N,0700
US1TXAR0003,20110630,PRCP,0,,,N,0700
US1TXAR0003,20110601,SNOW,0,,,N,0700
US1TXAR0003,20110602,SNOW,0,,,N,0700
US1TXAR0003,20110603,SNOW,0,,,N,0700
US1TXAR0003,20110604,SNOW,0,,,N,0700
US1TXAR0003,20110605,SNOW,0,,,N,0700
US1TXAR0003,20110606,SNOW,0,,,N,0800
US1TXAR0003,20110607,SNOW,0,,,N,0800
US1TXAR0003,20110608,SNOW,0,,,N,0800
US1TXAR0003,20110609,SNOW,0,,,N,0800
US1TXAR0003,20110610,SNOW,0,,,N,0800
US1TXAR0003,20110611,SNOW,0,,,N,0700
US1TXAR0003,20110612,SNOW,0,,,N,0700
US1TXAR0003,20110613,SNOW,0,,,N,0700
US1TXAR0003,20110614,SNOW,0,,,N,0700
US1TXAR0003,20110615,SNOW,0,,,N,0700
US1TXAR0003,20110616,SNOW,0,,,N,0700
US1TXAR0003,20110617,SNOW,0,,,N,0700
US1TXAR0003,20110618,SNOW,0,,,N,0700
US1TXAR0003,20110619,SNOW,0,,,N,0700
US1TXAR0003,20110620,SNOW,0,,,N,0700
US1TXAR0003,20110621,SNOW,0,,,N,0700
US1TXAR0003,20110627,SNOW,0,,,N,0700
US1TXAR0003,20110628,SNOW,0,,,N,0700
US1TXAR0003,20110629,SNOW,0,,,N,0700
US1TXAR0003,20110630,SNOW,0,,,N,0700
US1TXAR0003,20110701,PRCP,0,,,N,0700
US1TXAR0003,20110702,PRCP,0,,,N,0700
US1TXAR0003,20110703,PRCP,0,,,N,0700
US1TXAR0003,20110704,PRCP,0,,,N,0700
US1TXAR0003,20110705,PRCP,0,,,N,0700
US1TXAR0003,20110706,PRCP,0,,,N,0700
US1TXAR0003,20110707,PRCP,0,,,N,0700
US1TXAR0003,20110708,PRCP,0,,,N,0700
US1TXAR0003,20110709,PRCP,0,,,N,0700
US1TXAR0003,20110710,PRCP,0,,,N,0700
US1TXAR0003,20110711,PRCP,0,,,N,0700
US1TXAR0003,20110712,PRCP,0,,,N,0700
US1TXAR0003,20110713,PRCP,0,,,N,0700
US1TXAR0003,20110714,PRCP,0,,,N,0700
US1TXAR0003,20110715,PRCP,0,,,N,0700
US1TXAR0003,20110716,PRCP,0,,,N,0700
US1TXAR0003,20110717,PRCP,0,,,N,0700
US1TXAR0003,20110718,PRCP,0,,,N,0700
US1TXAR0003,20110719,PRCP,0,,,N,0700
US1TXAR0003,20110720,PRCP,0,,,N,0700
US1TXAR0003,20110721,PRCP,0,,,N,0700
US1TXAR0003,20110722,PRCP,0,,,N,0700
US1TXAR0003,20110723,PRCP,0,,,N,0700
US1TXAR0003,20110724,PRCP,0,,,N,0700
US1TXAR0003,20110726,PRCP,0,,,N,0700
US1TXAR0003,20110727,PRCP,0,,,N,0700
US1TXAR0003,20110728,PRCP,0,,,N,0700
US1TXAR0003,20110729,PRCP,0,,,N,0700
US1TXAR0003,20110730,PRCP,0,,,N,0700
US1TXAR0003,20110731,PRCP,0,,,N,0700
US1TXAR0003,20110701,SNOW,0,,,N,0700
US1TXAR0003,20110702,SNOW,0,,,N,0700
US1TXAR0003,20110703,SNOW,0,,,N,0700
US1TXAR0003,20110704,SNOW,0,,,N,0700
US1TXAR0003,20110705,SNOW,0,,,N,0700
US1TXAR0003,20110706,SNOW,0,,,N,0700
US1TXAR0003,20110707,SNOW,0,,,N,0700
US1TXAR0003,20110708,SNOW,0,,,N,0700
US1TXAR0003,20110709,SNOW,0,,,N,0700
US1TXAR0003,20110710,SNOW,0,,,N,0700
US1TXAR0003,20110711,SNOW,0,,,N,0700
US1TXAR0003,20110712,SNOW,0,,,N,0700
US1TXAR0003,20110713,SNOW,0,,,N,0700
US1TXAR0003,20110714,SNOW,0,,,N,0700
US1TXAR0003,20110715,SNOW,0,,,N,0700
US1TXAR0003,20110716,SNOW,0,,,N,0700
US1TXAR0003,20110717,SNOW,0,,,N,0700
US1TXAR0003,20110718,SNOW,0,,,N,0700
US1TXAR0003,20110719,SNOW,0,,,N,0700
US1TXAR0003,20110720,SNOW,0,,,N,0700
US1TXAR0003,20110721,SNOW,0,,,N,0700
US1TXAR0003,20110722,SNOW,0,,,N,0700
US1TXAR0003,20110723,SNOW,0,,,N,0700
US1TXAR0003,20110724,SNOW,0,,,N,0700
US1TXAR0003,20110726,SNOW,0,,,N,0700
US1TXAR0003,20110727,SNOW,0,,,N,0700
US1TXAR0003,20110728,SNOW,0,,,N,0700
US1TXAR0003,20110729,SNOW,0,,,N,0700
US1TXAR0003,20110730,SNOW,0,,,N,0700
US1TXAR0003,20110731,SNOW,0,,,N,0700
US1TXAR0003,20110801,PRCP,0,,,N,0800
US1TXAR0003,20110802,PRCP,0,,,N,0800
US1TXAR0003,20110803,PRCP,0,,,N,0800
US1TXAR0003,20110804,PRCP,0,,,N,0800
US1TXAR0003,20110805,PRCP,0,,,N,0800
US1TXAR0003,20110806,PRCP,0,,,N,0800
US1TXAR0003,20110807,PRCP,0,,,N,0800
US1TXAR0003,20110808,PRCP,0,,,N,0800
US1TXAR0003,20110809,PRCP,0,,,N,0800
US1TXAR0003,20110810,PRCP,0,,,N,0800
US1TXAR0003,20110811,PRCP,0,,,N,0800
US1TXAR0003,20110812,PRCP,0,,,N,0800
US1TXAR0003,20110813,PRCP,0,,,N,0800
US1TXAR0003,20110814,PRCP,0,,,N,0800
US1TXAR0003,20110815,PRCP,0,,,N,0800
US1TXAR0003,20110816,PRCP,0,,,N,0800
US1TXAR0003,20110817,PRCP,0,,,N,0800
US1TXAR0003,20110818,PRCP,0,,,N,0800
US1TXAR0003,20110819,PRCP,0,,,N,0800
US1TXAR0003,20110820,PRCP,0,,,N,0800
US1TXAR0003,20110821,PRCP,0,,,N,0800
US1TXAR0003,20110822,PRCP,0,,,N,0800
US1TXAR0003,20110823,PRCP,0,,,N,0800
US1TXAR0003,20110824,PRCP,0,,,N,0800
US1TXAR0003,20110825,PRCP,0,,,N,0800
US1TXAR0003,20110826,PRCP,180,,,N,0800
US1TXAR0003,20110827,PRCP,0,,,N,0800
US1TXAR0003,20110828,PRCP,0,,,N,0800
US1TXAR0003,20110829,PRCP,0,,,N,0800
US1TXAR0003,20110830,PRCP,0,,,N,0800
US1TXAR0003,20110831,PRCP,0,,,N,0800
US1TXAR0003,20110801,SNOW,0,,,N,0800
US1TXAR0003,20110802,SNOW,0,,,N,0800
US1TXAR0003,20110803,SNOW,0,,,N,0800
US1TXAR0003,20110804,SNOW,0,,,N,0800
US1TXAR0003,20110805,SNOW,0,,,N,0800
US1TXAR0003,20110806,SNOW,0,,,N,0800
US1TXAR0003,20110807,SNOW,0,,,N,0800
US1TXAR0003,20110808,SNOW,0,,,N,0800
US1TXAR0003,20110809,SNOW,0,,,N,0800
US1TXAR0003,20110810,SNOW,0,,,N,0800
US1TXAR0003,20110811,SNOW,0,,,N,0800
US1TXAR0003,20110812,SNOW,0,,,N,0800
US1TXAR0003,20110813,SNOW,0,,,N,0800
US1TXAR0003,20110814,SNOW,0,,,N,0800
US1TXAR0003,20110815,SNOW,0,,,N,0800
US1TXAR0003,20110816,SNOW,0,,,N,0800
US1TXAR0003,20110817,SNOW,0,,,N,0800
US1TXAR0003,20110818,SNOW,0,,,N,0800
US1TXAR0003,20110819,SNOW,0,,,N,0800
US1TXAR0003,20110820,SNOW,0,,,N,0800
US1TXAR0003,20110821,SNOW,0,,,N,0800
US1TXAR0003,20110822,SNOW,0,,,N,0800
US1TXAR0003,20110823,SNOW,0,,,N,0800
US1TXAR0003,20110824,SNOW,0,,,N,0800
US1TXAR0003,20110825,SNOW,0,,,N,0800
US1TXAR0003,20110827,SNOW,0,,,N,0800
US1TXAR0003,20110828,SNOW,0,,,N,0800
US1TXAR0003,20110829,SNOW,0,,,N,0800
US1TXAR0003,20110830,SNOW,0,,,N,0800
US1TXAR0003,20110831,SNOW,0,,,N,0800
US1TXAR0003,20110901,PRCP,0,,,N,0800
US1TXAR0003,20110902,PRCP,13,,,N,0800
US1TXAR0003,20110903,PRCP,0,,,N,0800
US1TXAR0003,20110904,PRCP,0,,,N,0800
US1TXAR0003,20110905,PRCP,0,,,N,0800
US1TXAR0003,20110906,PRCP,0,,,N,0800
US1TXAR0003,20110907,PRCP,0,,,N,0800
US1TXAR0003,20110908,PRCP,0,,,N,0800
US1TXAR0003,20110909,PRCP,0,,,N,0800
US1TXAR0003,20110910,PRCP,0,,,N,0800
US1TXAR0003,20110911,PRCP,0,,,N,0800
US1TXAR0003,20110912,PRCP,0,,,N,0800
US1TXAR0003,20110913,PRCP,0,,,N,0800
US1TXAR0003,20110914,PRCP,0,,,N,0800
US1TXAR0003,20110915,PRCP,0,,,N,0800
US1TXAR0003,20110916,PRCP,0,,,N,0800
US1TXAR0003,20110917,PRCP,97,,,N,0800
US1TXAR0003,20110918,PRCP,89,,,N,0800
US1TXAR0003,20110919,PRCP,8,,,N,0800
US1TXAR0003,20110920,PRCP,0,,,N,0800
US1TXAR0003,20110921,PRCP,0,,,N,0800
US1TXAR0003,20110922,PRCP,0,,,N,0800
US1TXAR0003,20110923,PRCP,0,,,N,0800
US1TXAR0003,20110924,PRCP,0,,,N,0800
US1TXAR0003,20110925,PRCP,0,,,N,0800
US1TXAR0003,20110926,PRCP,0,,,N,0800
US1TXAR0003,20110927,PRCP,0,,,N,0800
US1TXAR0003,20110928,PRCP,0,,,N,0800
US1TXAR0003,20110929,PRCP,0,,,N,0800
US1TXAR0003,20110930,PRCP,15,,,N,0800
US1TXAR0003,20110901,SNOW,0,,,N,0800
US1TXAR0003,20110903,SNOW,0,,,N,0800
US1TXAR0003,20110904,SNOW,0,,,N,0800
US1TXAR0003,20110905,SNOW,0,,,N,0800
US1TXAR0003,20110906,SNOW,0,,,N,0800
US1TXAR0003,20110907,SNOW,0,,,N,0800
US1TXAR0003,20110908,SNOW,0,,,N,0800
US1TXAR0003,20110909,SNOW,0,,,N,0800
US1TXAR0003,20110910,SNOW,0,,,N,0800
US1TXAR0003,20110911,SNOW,0,,,N,0800
US1TXAR0003,20110912,SNOW,0,,,N,0800
US1TXAR0003,20110913,SNOW,0,,,N,0800
US1TXAR0003,20110914,SNOW,0,,,N,0800
US1TXAR0003,20110915,SNOW,0,,,N,0800
US1TXAR0003,20110916,SNOW,0,,,N,0800
US1TXAR0003,20110920,SNOW,0,,,N,0800
US1TXAR0003,20110921,SNOW,0,,,N,0800
US1TXAR0003,20110922,SNOW,0,,,N,0800
US1TXAR0003,20110923,SNOW,0,,,N,0800
US1TXAR0003,20110924,SNOW,0,,,N,0800
US1TXAR0003,20110925,SNOW,0,,,N,0800
US1TXAR0003,20110926,SNOW,0,,,N,0800
US1TXAR0003,20110927,SNOW,0,,,N,0800
US1TXAR0003,20110928,SNOW,0,,,N,0800
US1TXAR0003,20110929,SNOW,0,,,N,0800
US1TXAR0003,20111001,PRCP,0,,,N,0800
US1TXAR0003,20111002,PRCP,0,,,N,0800
US1TXAR0003,20111003,PRCP,0,,,N,0800
US1TXAR0003,20111004,PRCP,0,,,N,0800
US1TXAR0003,20111005,PRCP,0,,,N,0800
US1TXAR0003,20111006,PRCP,3,,,N,0800
US1TXAR0003,20111007,PRCP,0,,,N,0800
US1TXAR0003,20111008,PRCP,18,,,N,0800
US1TXAR0003,20111009,PRCP,25,,,N,0800
US1TXAR0003,20111010,PRCP,130,,,N,0800
US1TXAR0003,20111011,PRCP,0,,,N,0800
US1TXAR0003,20111012,PRCP,0,,,N,0800
US1TXAR0003,20111013,PRCP,127,,,N,0800
US1TXAR0003,20111019,PRCP,0,,,N,0800
US1TXAR0003,20111020,PRCP,0,,,N,0800
US1TXAR0003,20111021,PRCP,0,,,N,0800
US1TXAR0003,20111022,PRCP,0,,,N,0800
US1TXAR0003,20111023,PRCP,0,,,N,0800
US1TXAR0003,20111024,PRCP,0,,,N,0800
US1TXAR0003,20111025,PRCP,0,,,N,0800
US1TXAR0003,20111026,PRCP,0,,,N,0800
US1TXAR0003,20111027,PRCP,0,,,N,0800
US1TXAR0003,20111028,PRCP,0,,,N,0800
US1TXAR0003,20111029,PRCP,0,,,N,0800
US1TXAR0003,20111030,PRCP,0,,,N,0800
US1TXAR0003,20111031,PRCP,0,,,N,0800
US1TXAR0003,20111001,SNOW,0,,,N,0800
US1TXAR0003,20111002,SNOW,0,,,N,0800
US1TXAR0003,20111003,SNOW,0,,,N,0800
US1TXAR0003,20111004,SNOW,0,,,N,0800
US1TXAR0003,20111005,SNOW,0,,,N,0800
US1TXAR0003,20111007,SNOW,0,,,N,0800
US1TXAR0003,20111011,SNOW,0,,,N,0800
US1TXAR0003,20111012,SNOW,0,,,N,0800
US1TXAR0003,20111019,SNOW,0,,,N,0800
US1TXAR0003,20111020,SNOW,0,,,N,0800
US1TXAR0003,20111021,SNOW,0,,,N,0800
US1TXAR0003,20111022,SNOW,0,,,N,0800
US1TXAR0003,20111023,SNOW,0,,,N,0800
US1TXAR0003,20111024,SNOW,0,,,N,0800
US1TXAR0003,20111025,SNOW,0,,,N,0800
US1TXAR0003,20111026,SNOW,0,,,N,0800
US1TXAR0003,20111027,SNOW,0,,,N,0800
US1TXAR0003,20111028,SNOW,0,,,N,0800
US1TXAR0003,20111029,SNOW,0,,,N,0800
US1TXAR0003,20111030,SNOW,0,,,N,0800
US1TXAR0003,20111031,SNOW,0,,,N,0800
US1TXAR0003,20111018,DAPR,5,,,N,0720
US1TXAR0003,20111018,MDPR,432,,,N,0720
US1TXAR0003,20111101,PRCP,0,,,N,0800
US1TXAR0003,20111102,PRCP,0,,,N,0800
US1TXAR0003,20111103,PRCP,3,,,N,0800
US1TXAR0003,20111104,PRCP,0,,,N,0800
US1TXAR0003,20111105,PRCP,0,,,N,0800
US1TXAR0003,20111106,PRCP,0,,,N,0800
US1TXAR0003,20111107,PRCP,0,,,N,0800
US1TXAR0003,20111108,PRCP,0,,,N,0800
US1TXAR0003,20111109,PRCP,0,,,N,0800
US1TXAR0003,20111110,PRCP,33,,,N,0800
US1TXAR0003,20111111,PRCP,0,,,N,0800
US1TXAR0003,20111112,PRCP,0,,,N,0800
US1TXAR0003,20111114,PRCP,0,,,N,0800
US1TXAR0003,20111115,PRCP,0,,,N,0800
US1TXAR0003,20111116,PRCP,3,,,N,0800
US1TXAR0003,20111101,SNOW,0,,,N,0800
US1TXAR0003,20111102,SNOW,0,,,N,0800
US1TXAR0003,20111104,SNOW,0,,,N,0800
US1TXAR0003,20111105,SNOW,0,,,N,0800
US1TXAR0003,20111106,SNOW,0,,,N,0800
US1TXAR0003,20111107,SNOW,0,,,N,0800
US1TXAR0003,20111108,SNOW,0,,,N,0800
US1TXAR0003,20111109,SNOW,0,,,N,0800
US1TXAR0003,20111111,SNOW,0,,,N,0800
US1TXAR0003,20111112,SNOW,0,,,N,0800
US1TXAR0003,20111114,SNOW,0,,,N,0800
US1TXAR0003,20111115,SNOW,0,,,N,0800
US1TXAR0003,20111208,PRCP,0,,,N,0800
US1TXAR0003,20111209,PRCP,0,,,N,0800
US1TXAR0003,20111210,PRCP,0,,,N,0800
US1TXAR0003,20111211,PRCP,99,,,N,0800
US1TXAR0003,20111212,PRCP,10,,,N,0800
US1TXAR0003,20111213,PRCP,5,,,N,0800
US1TXAR0003,20111214,PRCP,3,,,N,0800
US1TXAR0003,20111215,PRCP,0,,,N,0800
US1TXAR0003,20111217,PRCP,0,,,N,0800
US1TXAR0003,20111218,PRCP,0,,,N,0800
US1TXAR0003,20111219,PRCP,0,,,N,0800
US1TXAR0003,20111220,PRCP,28,,,N,0800
US1TXAR0003,20111221,PRCP,33,,,N,0800
US1TXAR0003,20111222,PRCP,43,,,N,0800
US1TXAR0003,20111223,PRCP,0,,,N,0800
US1TXAR0003,20111224,PRCP,0,,,N,0800
US1TXAR0003,20111225,PRCP,25,,,N,0800
US1TXAR0003,20111226,PRCP,0,,,N,0800
US1TXAR0003,20111227,PRCP,0,,,N,0800
US1TXAR0003,20111228,PRCP,0,,,N,0800
US1TXAR0003,20111208,SNOW,0,,,N,0800
US1TXAR0003,20111209,SNOW,0,,,N,0800
US1TXAR0003,20111210,SNOW,0,,,N,0800
US1TXAR0003,20111215,SNOW,0,,,N,0800
US1TXAR0003,20111217,SNOW,0,,,N,0800
US1TXAR0003,20111218,SNOW,0,,,N,0800
US1TXAR0003,20111219,SNOW,0,,,N,0800
US1TXAR0003,20111223,SNOW,0,,,N,0800
US1TXAR0003,20111224,SNOW,0,,,N,0800
US1TXAR0003,20111226,SNOW,0,,,N,0800
US1TXAR0003,20111227,SNOW,0,,,N,0800
US1TXAR0003,20111228,SNOW,0,,,N,0800
US1TXAR0003,20111207,DAPR,21,,,N,0000
US1TXAR0003,20111231,DAPR,3,,,N,0800
US1TXAR0003,20111207,MDPR,165,,,N,0000
US1TXAR0003,20111231,MDPR,3,,,N,0800
US1TXAR0003,20120101,PRCP,0,,,N,0800
US1TXAR0003,20120102,PRCP,0,,,N,0800
US1TXAR0003,20120103,PRCP,0,,,N,0800
US1TXAR0003,20120104,PRCP,0,,,N,0800
US1TXAR0003,20120105,PRCP,0,,,N,0800
US1TXAR0003,20120106,PRCP,0,,,N,0800
US1TXAR0003,20120107,PRCP,0,,,N,0800
US1TXAR0003,20120108,PRCP,0,,,N,0800
US1TXAR0003,20120109,PRCP,66,,,N,0800
US1TXAR0003,20120110,PRCP,163,,,N,0800
US1TXAR0003,20120111,PRCP,0,,,N,0800
US1TXAR0003,20120112,PRCP,0,,,N,0800
US1TXAR0003,20120113,PRCP,0,,,N,0800
US1TXAR0003,20120114,PRCP,0,,,N,0800
US1TXAR0003,20120115,PRCP,0,,,N,0800
US1TXAR0003,20120116,PRCP,0,,,N,0800
US1TXAR0003,20120117,PRCP,0,,,N,0800
US1TXAR0003,20120118,PRCP,0,,,N,0800
US1TXAR0003,20120119,PRCP,0,,,N,0800
US1TXAR0003,20120120,PRCP,0,,,N,0800
US1TXAR0003,20120121,PRCP,0,,,N,0800
US1TXAR0003,20120125,PRCP,5,,,N,0800
US1TXAR0003,20120126,PRCP,10,,,N,0800
US1TXAR0003,20120127,PRCP,0,,,N,0800
US1TXAR0003,20120128,PRCP,0,,,N,0800
US1TXAR0003,20120129,PRCP,0,,,N,0800
US1TXAR0003,20120131,PRCP,33,,,N,0800
US1TXAR0003,20120101,SNOW,0,,,N,0800
US1TXAR0003,20120102,SNOW,0,,,N,0800
US1TXAR0003,20120103,SNOW,0,,,N,0800
US1TXAR0003,20120104,SNOW,0,,,N,0800
US1TXAR0003,20120105,SNOW,0,,,N,0800
US1TXAR0003,20120106,SNOW,0,,,N,0800
US1TXAR0003,20120107,SNOW,0,,,N,0800
US1TXAR0003,20120108,SNOW,0,,,N,0800
US1TXAR0003,20120111,SNOW,0,,,N,0800
US1TXAR0003,20120112,SNOW,0,,,N,0800
US1TXAR0003,20120113,SNOW,0,,,N,0800
US1TXAR0003,20120114,SNOW,0,,,N,0800
US1TXAR0003,20120115,SNOW,0,,,N,0800
US1TXAR0003,20120116,SNOW,0,,,N,0800
US1TXAR0003,20120117,SNOW,0,,,N,0800
US1TXAR0003,20120118,SNOW,0,,,N,0800
US1TXAR0003,20120119,SNOW,0,,,N,0800
US1TXAR0003,20120120,SNOW,0,,,N,0800
US1TXAR0003,20120121,SNOW,0,,,N,0800
US1TXAR0003,20120127,SNOW,0,,,N,0800
US1TXAR0003,20120128,SNOW,0,,,N,0800
US1TXAR0003,20120129,SNOW,0,,,N,0800
US1TXAR0003,20120124,DAPR,3,,,N,0000
US1TXAR0003,20120124,MDPR,8,,,N,0000
US1TXAR0003,20120203,PRCP,0,,,N,0800
US1TXAR0003,20120204,PRCP,18,,,N,0800
US1TXAR0003,20120205,PRCP,394,,,N,0800
US1TXAR0003,20120206,PRCP,25,,,N,0800
US1TXAR0003,20120207,PRCP,0,,,N,0800
US1TXAR0003,20120208,PRCP,0,,,N,0800
US1TXAR0003,20120209,PRCP,0,,,N,0800
US1TXAR0003,20120210,PRCP,53,,,N,0800
US1TXAR0003,20120211,PRCP,8,,,N,0800
US1TXAR0003,20120212,PRCP,0,,,N,0800
US1TXAR0003,20120213,PRCP,20,,,N,0800
US1TXAR0003,20120214,PRCP,13,,,N,0800
US1TXAR0003,20120215,PRCP,0,,,N,0800
US1TXAR0003,20120216,PRCP,5,,,N,0800
US1TXAR0003,20120217,PRCP,0,,,N,0800
US1TXAR0003,20120218,PRCP,292,,,N,0800
US1TXAR0003,20120219,PRCP,5,,,N,0800
US1TXAR0003,20120220,PRCP,0,,,N,0800
US1TXAR0003,20120221,PRCP,0,,,N,0800
US1TXAR0003,20120222,PRCP,0,,,N,0800
US1TXAR0003,20120223,PRCP,0,,,N,0800
US1TXAR0003,20120224,PRCP,10,,,N,0800
US1TXAR0003,20120225,PRCP,58,,,N,0800
US1TXAR0003,20120226,PRCP,89,,,N,0800
US1TXAR0003,20120227,PRCP,0,,,N,0800
US1TXAR0003,20120228,PRCP,0,,,N,0800
US1TXAR0003,20120229,PRCP,0,,,N,0800
US1TXAR0003,20120203,SNOW,0,,,N,0800
US1TXAR0003,20120207,SNOW,0,,,N,0800
US1TXAR0003,20120208,SNOW,0,,,N,0800
US1TXAR0003,20120209,SNOW,0,,,N,0800
US1TXAR0003,20120212,SNOW,0,,,N,0800
US1TXAR0003,20120215,SNOW,0,,,N,0800
US1TXAR0003,20120217,SNOW,0,,,N,0800
US1TXAR0003,20120220,SNOW,0,,,N,0800
US1TXAR0003,20120221,SNOW,0,,,N,0800
US1TXAR0003,20120222,SNOW,0,,,N,0800
US1TXAR0003,20120223,SNOW,0,,,N,0800
US1TXAR0003,20120227,SNOW,0,,,N,0800
US1TXAR0003,20120228,SNOW,0,,,N,0800
US1TXAR0003,20120229,SNOW,0,,,N,0800
US1TXAR0003,20120202,DAPR,2,,,N,0000
US1TXAR0003,20120202,MDPR,3,,,N,0000
US1TXAR0003,20120301,PRCP,0,,,N,0800
US1TXAR0003,20120302,PRCP,0,,,N,0800
US1TXAR0003,20120303,PRCP,0,,,N,0800
US1TXAR0003,20120304,PRCP,0,,,N,0800
US1TXAR0003,20120305,PRCP,0,,,N,0800
US1TXAR0003,20120306,PRCP,0,,,N,0800
US1TXAR0003,20120307,PRCP,0,,,N,0800
US1TXAR0003,20120308,PRCP,0,,,N,0800
US1TXAR0003,20120309,PRCP,15,,,N,0800
US1TXAR0003,20120310,PRCP,66,,,N,0800
US1TXAR0003,20120311,PRCP,36,,,N,0850
US1TXAR0003,20120312,PRCP,13,,,N,0800
US1TXAR0003,20120313,PRCP,0,,,N,0800
US1TXAR0003,20120314,PRCP,0,,,N,0800
US1TXAR0003,20120315,PRCP,0,,,N,0800
US1TXAR0003,20120316,PRCP,0,,,N,0800
US1TXAR0003,20120317,PRCP,0,,,N,0800
US1TXAR0003,20120318,PRCP,0,,,N,0800
US1TXAR0003,20120319,PRCP,0,,,N,0800
US1TXAR0003,20120320,PRCP,389,,,N,0800
US1TXAR0003,20120321,PRCP,36,,,N,0800
US1TXAR0003,20120322,PRCP,0,,,N,0800
US1TXAR0003,20120327,PRCP,0,,,N,0800
US1TXAR0003,20120328,PRCP,0,,,N,0800
US1TXAR0003,20120329,PRCP,15,,,N,0800
US1TXAR0003,20120330,PRCP,163,,,N,0800
US1TXAR0003,20120331,PRCP,0,,,N,0800
US1TXAR0003,20120301,SNOW,0,,,N,0800
US1TXAR0003,20120302,SNOW,0,,,N,0800
US1TXAR0003,20120303,SNOW,0,,,N,0800
US1TXAR0003,20120304,SNOW,0,,,N,0800
US1TXAR0003,20120305,SNOW,0,,,N,0800
US1TXAR0003,20120306,SNOW,0,,,N,0800
US1TXAR0003,20120307,SNOW,0,,,N,0800
US1TXAR0003,20120308,SNOW,0,,,N,0800
US1TXAR0003,20120313,SNOW,0,,,N,0800
US1TXAR0003,20120314,SNOW,0,,,N,0800
US1TXAR0003,20120315,SNOW,0,,,N,0800
US1TXAR0003,20120316,SNOW,0,,,N,0800
US1TXAR0003,20120317,SNOW,0,,,N,0800
US1TXAR0003,20120318,SNOW,0,,,N,0800
US1TXAR0003,20120319,SNOW,0,,,N,0800
US1TXAR0003,20120322,SNOW,0,,,N,0800
US1TXAR0003,20120327,SNOW,0,,,N,0800
US1TXAR0003,20120328,SNOW,0,,,N,0800
US1TXAR0003,20120331,SNOW,0,,,N,0800
US1TXAR0003,20120326,DAPR,4,,,N,0800
US1TXAR0003,20120326,MDPR,3,,,N,0800
US1TXAR0003,20120402,PRCP,302,,,N,0800
US1TXAR0003,20120405,PRCP,5,,,N,0800
US1TXAR0003,20120421,PRCP,132,,,N,0800
US1TXAR0003,20120420,DAPR,8,,,N,1345
US1TXAR0003,20120420,MDPR,1250,,,N,1345
US1TXAR0003,20120501,PRCP,0,,,N,0800
US1TXAR0003,20120502,PRCP,0,,,N,0800
US1TXAR0003,20120503,PRCP,0,,,N,0800
US1TXAR0003,20120504,PRCP,0,,,N,0800
US1TXAR0003,20120505,PRCP,0,,,N,0800
US1TXAR0003,20120506,PRCP,0,,,N,0800
US1TXAR0003,20120507,PRCP,0,,,N,0800
US1TXAR0003,20120508,PRCP,0,,,N,0800
US1TXAR0003,20120509,PRCP,15,,,N,0800
US1TXAR0003,20120510,PRCP,0,,,N,0800
US1TXAR0003,20120511,PRCP,198,,,N,0800
US1TXAR0003,20120512,PRCP,0,,,N,0800
US1TXAR0003,20120513,PRCP,0,,,N,0800
US1TXAR0003,20120514,PRCP,0,,,N,0800
US1TXAR0003,20120515,PRCP,0,,,N,0800
US1TXAR0003,20120516,PRCP,132,,,N,0800
US1TXAR0003,20120517,PRCP,0,,,N,0800
US1TXAR0003,20120518,PRCP,0,,,N,0800
US1TXAR0003,20120519,PRCP,0,,,N,0800
US1TXAR0003,20120520,PRCP,0,,,N,0800
US1TXAR0003,20120521,PRCP,0,,,N,0800
US1TXAR0003,20120522,PRCP,0,,,N,0800
US1TXAR0003,20120523,PRCP,0,,,N,0800
US1TXAR0003,20120524,PRCP,0,,,N,0800
US1TXAR0003,20120525,PRCP,0,,,N,0800
US1TXAR0003,20120526,PRCP,0,,,N,0800
US1TXAR0003,20120527,PRCP,0,,,N,0800
US1TXAR0003,20120528,PRCP,0,,,N,0800
US1TXAR0003,20120530,PRCP,0,,,N,0800
US1TXAR0003,20120531,PRCP,0,,,N,0800
US1TXAR0003,20120501,SNOW,0,,,N,0800
US1TXAR0003,20120502,SNOW,0,,,N,0800
US1TXAR0003,20120503,SNOW,0,,,N,0800
US1TXAR0003,20120504,SNOW,0,,,N,0800
US1TXAR0003,20120505,SNOW,0,,,N,0800
US1TXAR0003,20120506,SNOW,0,,,N,0800
US1TXAR0003,20120507,SNOW,0,,,N,0800
US1TXAR0003,20120508,SNOW,0,,,N,0800
US1TXAR0003,20120510,SNOW,0,,,N,0800
US1TXAR0003,20120512,SNOW,0,,,N,0800
US1TXAR0003,20120513,SNOW,0,,,N,0800
US1TXAR0003,20120514,SNOW,0,,,N,0800
US1TXAR0003,20120515,SNOW,0,,,N,0800
US1TXAR0003,20120517,SNOW,0,,,N,0800
US1TXAR0003,20120518,SNOW,0,,,N,0800
US1TXAR0003,20120519,SNOW,0,,,N,0800
US1TXAR0003,20120520,SNOW,0,,,N,0800
US1TXAR0003,20120521,SNOW,0,,,N,0800
US1TXAR0003,20120522,SNOW,0,,,N,0800
US1TXAR0003,20120523,SNOW,0,,,N,0800
US1TXAR0003,20120524,SNOW,0,,,N,0800
US1TXAR0003,20120525,SNOW,0,,,N,0800
US1TXAR0003,20120526,SNOW,0,,,N,0800
US1TXAR0003,20120527,SNOW,0,,,N,0800
US1TXAR0003,20120528,SNOW,0,,,N,0800
US1TXAR0003,20120530,SNOW,0,,,N,0800
US1TXAR0003,20120531,SNOW,0,,,N,0800
US1TXAR0003,20120620,PRCP,8,,,N,0800
US1TXAR0003,20120621,PRCP,38,,,N,0800
US1TXAR0003,20120622,PRCP,71,,,N,0800
US1TXAR0003,20120623,PRCP,0,,,N,0800
US1TXAR0003,20120624,PRCP,0,,,N,0800
US1TXAR0003,20120625,PRCP,0,,,N,0800
US1TXAR0003,20120626,PRCP,0,,,N,0800
US1TXAR0003,20120627,PRCP,0,,,N,0800
US1TXAR0003,20120628,PRCP,0,,,N,0800
US1TXAR0003,20120629,PRCP,0,,,N,0800
US1TXAR0003,20120630,PRCP,574,,,N,0800
US1TXAR0003,20120623,SNOW,0,,,N,0800
US1TXAR0003,20120624,SNOW,0,,,N,0800
US1TXAR0003,20120625,SNOW,0,,,N,0800
US1TXAR0003,20120626,SNOW,0,,,N,0800
US1TXAR0003,20120627,SNOW,0,,,N,0800
US1TXAR0003,20120628,SNOW,0,,,N,0800
US1TXAR0003,20120629,SNOW,0,,,N,0800
US1TXAR0003,20120619,DAPR,19,,,N,0900
US1TXAR0003,20120619,MDPR,0,T,,N,0900
US1TXAR0003,20120701,PRCP,150,,,N,0800
US1TXAR0003,20120702,PRCP,48,,,N,0800
US1TXAR0003,20120710,PRCP,5,,,N,0800
US1TXAR0003,20120711,PRCP,43,,,N,0800
US1TXAR0003,20120712,PRCP,94,,,N,0800
US1TXAR0003,20120727,PRCP,0,,,N,0800
US1TXAR0003,20120728,PRCP,0,,,N,0800
US1TXAR0003,20120729,PRCP,0,,,N,0800
US1TXAR0003,20120730,PRCP,0,,,N,0800
US1TXAR0003,20120731,PRCP,0,,,N,0800
US1TXAR0003,20120727,SNOW,0,,,N,0800
US1TXAR0003,20120728,SNOW,0,,,N,0800
US1TXAR0003,20120729,SNOW,0,,,N,0800
US1TXAR0003,20120730,SNOW,0,,,N,0800
US1TXAR0003,20120731,SNOW,0,,,N,0800
US1TXAR0003,20120726,DAPR,14,,,N,0800
US1TXAR0003,20120726,MDPR,671,,,N,0800
US1TXAR0003,20120801,PRCP,0,,,N,0800
US1TXAR0003,20120802,PRCP,0,,,N,0800
US1TXAR0003,20120803,PRCP,0,,,N,0800
US1TXAR0003,20120804,PRCP,0,,,N,0800
US1TXAR0003,20120805,PRCP,0,,,N,0800
US1TXAR0003,20120806,PRCP,13,,,N,0800
US1TXAR0003,20120807,PRCP,0,,,N,0800
US1TXAR0003,20120808,PRCP,0,,,N,0800
US1TXAR0003,20120809,PRCP,5,,,N,0800
US1TXAR0003,20120810,PRCP,0,,,N,0800
US1TXAR0003,20120811,PRCP,0,,,N,0800
US1TXAR0003,20120812,PRCP,0,,,N,0800
US1TXAR0003,20120813,PRCP,0,,,N,0800
US1TXAR0003,20120815,PRCP,0,,,N,0800
US1TXAR0003,20120816,PRCP,0,,,N,0800
US1TXAR0003,20120817,PRCP,0,,,N,0800
US1TXAR0003,20120818,PRCP,0,,,N,0800
US1TXAR0003,20120819,PRCP,0,,,N,0800
US1TXAR0003,20120820,PRCP,18,,,N,0800
US1TXAR0003,20120821,PRCP,0,,,N,0800
US1TXAR0003,20120822,PRCP,0,,,N,0800
US1TXAR0003,20120823,PRCP,0,,,N,0800
US1TXAR0003,20120801,SNOW,0,,,N,0800
US1TXAR0003,20120802,SNOW,0,,,N,0800
US1TXAR0003,20120803,SNOW,0,,,N,0800
US1TXAR0003,20120804,SNOW,0,,,N,0800
US1TXAR0003,20120805,SNOW,0,,,N,0800
US1TXAR0003,20120807,SNOW,0,,,N,0800
US1TXAR0003,20120808,SNOW,0,,,N,0800
US1TXAR0003,20120810,SNOW,0,,,N,0800
US1TXAR0003,20120811,SNOW,0,,,N,0800
US1TXAR0003,20120812,SNOW,0,,,N,0800
US1TXAR0003,20120813,SNOW,0,,,N,0800
US1TXAR0003,20120815,SNOW,0,,,N,0800
US1TXAR0003,20120816,SNOW,0,,,N,0800
US1TXAR0003,20120817,SNOW,0,,,N,0800
US1TXAR0003,20120818,SNOW,0,,,N,0800
US1TXAR0003,20120819,SNOW,0,,,N,0800
US1TXAR0003,20120821,SNOW,0,,,N,0800
US1TXAR0003,20120822,SNOW,0,,,N,0800
US1TXAR0003,20120823,SNOW,0,,,N,0800
US1TXAR0003,20120907,PRCP,0,,,N,0800
US1TXAR0003,20120908,PRCP,0,,,N,0800
US1TXAR0003,20120909,PRCP,28,,,N,0800
US1TXAR0003,20120910,PRCP,0,,,N,0800
US1TXAR0003,20120911,PRCP,0,,,N,0800
US1TXAR0003,20120912,PRCP,0,,,N,0800
US1TXAR0003,20120913,PRCP,33,,,N,0800
US1TXAR0003,20120914,PRCP,264,,,N,0800
US1TXAR0003,20120915,PRCP,84,,,N,0800
US1TXAR0003,20120916,PRCP,0,,,N,0800
US1TXAR0003,20120917,PRCP,300,,,N,0800
US1TXAR0003,20120918,PRCP,0,,,N,0800
US1TXAR0003,20120919,PRCP,0,,,N,0800
US1TXAR0003,20120920,PRCP,0,,,N,0800
US1TXAR0003,20120921,PRCP,0,,,N,0800
US1TXAR0003,20120922,PRCP,0,,,N,0800
US1TXAR0003,20120923,PRCP,0,,,N,0800
US1TXAR0003,20120924,PRCP,0,,,N,0800
US1TXAR0003,20120925,PRCP,0,,,N,0800
US1TXAR0003,20120926,PRCP,0,,,N,0800
US1TXAR0003,20120927,PRCP,0,,,N,0800
US1TXAR0003,20120928,PRCP,0,,,N,0800
US1TXAR0003,20120929,PRCP,0,,,N,0800
US1TXAR0003,20120930,PRCP,257,,,N,0800
US1TXAR0003,20120907,SNOW,0,,,N,0800
US1TXAR0003,20120908,SNOW,0,,,N,0800
US1TXAR0003,20120910,SNOW,0,,,N,0800
US1TXAR0003,20120911,SNOW,0,,,N,0800
US1TXAR0003,20120912,SNOW,0,,,N,0800
US1TXAR0003,20120916,SNOW,0,,,N,0800
US1TXAR0003,20120918,SNOW,0,,,N,0800
US1TXAR0003,20120919,SNOW,0,,,N,0800
US1TXAR0003,20120920,SNOW,0,,,N,0800
US1TXAR0003,20120921,SNOW,0,,,N,0800
US1TXAR0003,20120922,SNOW,0,,,N,0800
US1TXAR0003,20120923,SNOW,0,,,N,0800
US1TXAR0003,20120924,SNOW,0,,,N,0800
US1TXAR0003,20120925,SNOW,0,,,N,0800
US1TXAR0003,20120926,SNOW,0,,,N,0800
US1TXAR0003,20120927,SNOW,0,,,N,0800
US1TXAR0003,20120928,SNOW,0,,,N,0800
US1TXAR0003,20120929,SNOW,0,,,N,0800
US1TXAR0003,20120906,DAPR,14,,,N,0800
US1TXAR0003,20120906,MDPR,46,,,N,0800
US1TXAR0003,20121001,PRCP,0,,,N,0800
US1TXAR0003,20121002,PRCP,28,,,N,0800
US1TXAR0003,20121003,PRCP,0,,,N,0800
US1TXAR0003,20121004,PRCP,0,,,N,0800
US1TXAR0003,20121005,PRCP,0,,,N,0800
US1TXAR0003,20121006,PRCP,0,,,N,0800
US1TXAR0003,20121007,PRCP,0,,,N,0800
US1TXAR0003,20121029,PRCP,0,,L,N,0800
US1TXAR0003,20121030,PRCP,0,,,N,0800
US1TXAR0003,20121031,PRCP,0,,,N,0800
US1TXAR0003,20121001,SNOW,0,,,N,0800
US1TXAR0003,20121003,SNOW,0,,,N,0800
US1TXAR0003,20121004,SNOW,0,,,N,0800
US1TXAR0003,20121005,SNOW,0,,,N,0800
US1TXAR0003,20121006,SNOW,0,,,N,0800
US1TXAR0003,20121007,SNOW,0,,,N,0800
US1TXAR0003,20121029,SNOW,0,,,N,0800
US1TXAR0003,20121030,SNOW,0,,,N,0800
US1TXAR0003,20121031,SNOW,0,,,N,0800
US1TXAR0003,20121029,DAPR,22,,L,N,0800
US1TXAR0003,20121029,MDPR,25,,L,N,0800
US1TXAR0003,20121101,PRCP,0,,,N,0800
US1TXAR0003,20121102,PRCP,0,,,N,0800
US1TXAR0003,20121103,PRCP,0,,,N,0800
US1TXAR0003,20121104,PRCP,58,,,N,0800
US1TXAR0003,20121105,PRCP,0,,,N,0800
US1TXAR0003,20121106,PRCP,15,,,N,0800
US1TXAR0003,20121107,PRCP,0,,,N,0800
US1TXAR0003,20121108,PRCP,0,,,N,0800
US1TXAR0003,20121109,PRCP,0,,,N,0800
US1TXAR0003,20121110,PRCP,0,,,N,0800
US1TXAR0003,20121111,PRCP,5,,,N,0800
US1TXAR0003,20121112,PRCP,10,,,N,0800
US1TXAR0003,20121113,PRCP,0,,,N,0800
US1TXAR0003,20121114,PRCP,18,,,N,0800
US1TXAR0003,20121115,PRCP,0,,,N,0800
US1TXAR0003,20121116,PRCP,0,,,N,0800
US1TXAR0003,20121127,PRCP,5,,,N,0800
US1TXAR0003,20121128,PRCP,0,,,N,0800
US1TXAR0003,20121129,PRCP,0,,,N,0800
US1TXAR0003,20121130,PRCP,0,,,N,0800
US1TXAR0003,20121101,SNOW,0,,,N,0800
US1TXAR0003,20121102,SNOW,0,,,N,0800
US1TXAR0003,20121103,SNOW,0,,,N,0800
US1TXAR0003,20121105,SNOW,0,,,N,0800
US1TXAR0003,20121107,SNOW,0,,,N,0800
US1TXAR0003,20121108,SNOW,0,,,N,0800
US1TXAR0003,20121109,SNOW,0,,,N,0800
US1TXAR0003,20121110,SNOW,0,,,N,0800
US1TXAR0003,20121113,SNOW,0,,,N,0800
US1TXAR0003,20121115,SNOW,0,,,N,0800
US1TXAR0003,20121116,SNOW,0,,,N,0800
US1TXAR0003,20121128,SNOW,0,,,N,0800
US1TXAR0003,20121129,SNOW,0,,,N,0800
US1TXAR0003,20121130,SNOW,0,,,N,0800
US1TXAR0003,20121126,DAPR,10,,,N,0800
US1TXAR0003,20121126,MDPR,0,T,,N,0800
US1TXAR0003,20121201,PRCP,0,,,N,0800
US1TXAR0003,20121202,PRCP,0,,,N,0800
US1TXAR0003,20121203,PRCP,0,,,N,0800
US1TXAR0003,20121204,PRCP,0,,,N,0800
US1TXAR0003,20121205,PRCP,396,,,N,0800
US1TXAR0003,20121206,PRCP,0,,,N,0800
US1TXAR0003,20121207,PRCP,0,,,N,0800
US1TXAR0003,20121208,PRCP,0,,,N,0800
US1TXAR0003,20121209,PRCP,0,,,N,0800
US1TXAR0003,20121210,PRCP,0,,,N,0800
US1TXAR0003,20121211,PRCP,0,,,N,0800
US1TXAR0003,20121212,PRCP,0,,,N,0800
US1TXAR0003,20121213,PRCP,0,,,N,0800
US1TXAR0003,20121214,PRCP,0,T,,N,0800
US1TXAR0003,20121218,PRCP,0,,,N,0800
US1TXAR0003,20121219,PRCP,0,,,N,0800
US1TXAR0003,20121220,PRCP,0,,,N,0800
US1TXAR0003,20121221,PRCP,0,,,N,0800
US1TXAR0003,20121222,PRCP,0,,,N,0800
US1TXAR0003,20121223,PRCP,0,,,N,0800
US1TXAR0003,20121224,PRCP,0,,,N,0800
US1TXAR0003,20121225,PRCP,0,,,N,0800
US1TXAR0003,20121226,PRCP,0,,,N,0800
US1TXAR0003,20121227,PRCP,0,,,N,0800
US1TXAR0003,20121228,PRCP,0,T,,N,0800
US1TXAR0003,20121229,PRCP,0,,,N,0800
US1TXAR0003,20121230,PRCP,0,,,N,0800
US1TXAR0003,20121231,PRCP,3,,,N,0800
US1TXAR0003,20121201,SNOW,0,,,N,0800
US1TXAR0003,20121202,SNOW,0,,,N,0800
US1TXAR0003,20121203,SNOW,0,,,N,0800
US1TXAR0003,20121204,SNOW,0,,,N,0800
US1TXAR0003,20121206,SNOW,0,,,N,0800
US1TXAR0003,20121207,SNOW,0,,,N,0800
US1TXAR0003,20121208,SNOW,0,,,N,0800
US1TXAR0003,20121209,SNOW,0,,,N,0800
US1TXAR0003,20121210,SNOW,0,,,N,0800
US1TXAR0003,20121211,SNOW,0,,,N,0800
US1TXAR0003,20121212,SNOW,0,,,N,0800
US1TXAR0003,20121213,SNOW,0,,,N,0800
US1TXAR0003,20121218,SNOW,0,,,N,0800
US1TXAR0003,20121219,SNOW,0,,,N,0800
US1TXAR0003,20121220,SNOW,0,,,N,0800
US1TXAR0003,20121221,SNOW,0,,,N,0800
US1TXAR0003,20121222,SNOW,0,,,N,0800
US1TXAR0003,20121223,SNOW,0,,,N,0800
US1TXAR0003,20121224,SNOW,0,,,N,0800
US1TXAR0003,20121225,SNOW,0,,,N,0800
US1TXAR0003,20121226,SNOW,0,,,N,0800
US1TXAR0003,20121227,SNOW,0,,,N,0800
US1TXAR0003,20121229,SNOW,0,,,N,0800
US1TXAR0003,20121230,SNOW,0,,,N,0800
US1TXAR0003,20121217,DAPR,3,,,N,0800
US1TXAR0003,20121217,MDPR,13,,,N,0800
US1TXAR0003,20130101,PRCP,43,,,N,0800
US1TXAR0003,20130102,PRCP,10,,,N,0800
US1TXAR0003,20130103,PRCP,61,,,N,0800
US1TXAR0003,20130104,PRCP,0,,,N,0800
US1TXAR0003,20130105,PRCP,0,,,N,0800
US1TXAR0003,20130106,PRCP,0,,,N,0800
US1TXAR0003,20130114,PRCP,0,,,N,0800
US1TXAR0003,20130115,PRCP,20,,,N,0800
US1TXAR0003,20130116,PRCP,13,,,N,0800
US1TXAR0003,20130117,PRCP,0,,,N,0800
US1TXAR0003,20130118,PRCP,0,,,N,0800
US1TXAR0003,20130119,PRCP,0,,,N,0800
US1TXAR0003,20130120,PRCP,0,,,N,0800
US1TXAR0003,20130121,PRCP,0,,,N,0800
US1TXAR0003,20130122,PRCP,0,,,N,0800
US1TXAR0003,20130123,PRCP,0,,,N,0800
US1TXAR0003,20130124,PRCP,0,,,N,0800
US1TXAR0003,20130125,PRCP,0,,,N,0800
US1TXAR0003,20130126,PRCP,0,,,N,0800
US1TXAR0003,20130127,PRCP,0,,,N,0800
US1TXAR0003,20130128,PRCP,0,,,N,0800
US1TXAR0003,20130129,PRCP,0,,,N,0800
US1TXAR0003,20130130,PRCP,0,,,N,0800
US1TXAR0003,20130131,PRCP,0,,,N,0800
US1TXAR0003,20130104,SNOW,0,,,N,0800
US1TXAR0003,20130105,SNOW,0,,,N,0800
US1TXAR0003,20130106,SNOW,0,,,N,0800
US1TXAR0003,20130114,SNOW,0,,,N,0800
US1TXAR0003,20130117,SNOW,0,,,N,0800
US1TXAR0003,20130118,SNOW,0,,,N,0800
US1TXAR0003,20130119,SNOW,0,,,N,0800
US1TXAR0003,20130120,SNOW,0,,,N,0800
US1TXAR0003,20130121,SNOW,0,,,N,0800
US1TXAR0003,20130122,SNOW,0,,,N,0800
US1TXAR0003,20130123,SNOW,0,,,N,0800
US1TXAR0003,20130124,SNOW,0,,,N,0800
US1TXAR0003,20130125,SNOW,0,,,N,0800
US1TXAR0003,20130126,SNOW,0,,,N,0800
US1TXAR0003,20130127,SNOW,0,,,N,0800
US1TXAR0003,20130128,SNOW,0,,,N,0800
US1TXAR0003,20130129,SNOW,0,,,N,0800
US1TXAR0003,20130130,SNOW,0,,,N,0800
US1TXAR0003,20130131,SNOW,0,,,N,0800
US1TXAR0003,20130113,DAPR,7,,,N,0800
US1TXAR0003,20130113,MDPR,668,,,N,0800
US1TXAR0003,20130201,PRCP,0,,,N,0800
US1TXAR0003,20130202,PRCP,0,,,N,0800
US1TXAR0003,20130203,PRCP,0,,,N,0800
US1TXAR0003,20130204,PRCP,0,,,N,0800
US1TXAR0003,20130205,PRCP,0,,,N,0800
US1TXAR0003,20130206,PRCP,41,,,N,0800
US1TXAR0003,20130213,PRCP,5,,,N,0800
US1TXAR0003,20130214,PRCP,0,,,N,0800
US1TXAR0003,20130215,PRCP,0,,,N,0800
US1TXAR0003,20130216,PRCP,0,,,N,0800
US1TXAR0003,20130217,PRCP,0,,,N,0800
US1TXAR0003,20130218,PRCP,0,,,N,0800
US1TXAR0003,20130219,PRCP,0,T,,N,0800
US1TXAR0003,20130220,PRCP,0,,,N,0800
US1TXAR0003,20130221,PRCP,0,,,N,0800
US1TXAR0003,20130222,PRCP,0,,,N,0800
US1TXAR0003,20130223,PRCP,0,,,N,0800
US1TXAR0003,20130224,PRCP,0,,,N,0800
US1TXAR0003,20130225,PRCP,5,,,N,0800
US1TXAR0003,20130226,PRCP,0,,,N,0800
US1TXAR0003,20130227,PRCP,0,,,N,0800
US1TXAR0003,20130228,PRCP,0,,,N,0800
US1TXAR0003,20130201,SNOW,0,,,N,0800
US1TXAR0003,20130202,SNOW,0,,,N,0800
US1TXAR0003,20130203,SNOW,0,,,N,0800
US1TXAR0003,20130204,SNOW,0,,,N,0800
US1TXAR0003,20130205,SNOW,0,,,N,0800
US1TXAR0003,20130214,SNOW,0,,,N,0800
US1TXAR0003,20130215,SNOW,0,,,N,0800
US1TXAR0003,20130216,SNOW,0,,,N,0800
US1TXAR0003,20130217,SNOW,0,,,N,0800
US1TXAR0003,20130218,SNOW,0,,,N,0800
US1TXAR0003,20130220,SNOW,0,,,N,0800
US1TXAR0003,20130221,SNOW,0,,,N,0800
US1TXAR0003,20130222,SNOW,0,,,N,0800
US1TXAR0003,20130223,SNOW,0,,,N,0800
US1TXAR0003,20130224,SNOW,0,,,N,0800
US1TXAR0003,20130226,SNOW,0,,,N,0800
US1TXAR0003,20130227,SNOW,0,,,N,0800
US1TXAR0003,20130228,SNOW,0,,,N,0800
US1TXAR0003,20130212,DAPR,6,,,N,0800
US1TXAR0003,20130212,MDPR,754,,,N,0800
US1TXAR0003,20130301,PRCP,0,,,N,0800
US1TXAR0003,20130302,PRCP,0,,,N,0800
US1TXAR0003,20130303,PRCP,0,,,N,0800
US1TXAR0003,20130304,PRCP,0,,,N,0800
US1TXAR0003,20130305,PRCP,0,,,N,0800
US1TXAR0003,20130306,PRCP,0,,,N,0800
US1TXAR0003,20130307,PRCP,0,,,N,0800
US1TXAR0003,20130308,PRCP,0,,,N,0800
US1TXAR0003,20130309,PRCP,0,,,N,0800
US1TXAR0003,20130327,PRCP,0,,,N,0800
US1TXAR0003,20130328,PRCP,0,,,N,0800
US1TXAR0003,20130329,PRCP,0,,,N,0800
US1TXAR0003,20130330,PRCP,0,,,N,0800
US1TXAR0003,20130301,SNOW,0,,,N,0800
US1TXAR0003,20130302,SNOW,0,,,N,0800
US1TXAR0003,20130303,SNOW,0,,,N,0800
US1TXAR0003,20130304,SNOW,0,,,N,0800
US1TXAR0003,20130305,SNOW,0,,,N,0800
US1TXAR0003,20130306,SNOW,0,,,N,0800
US1TXAR0003,20130307,SNOW,0,,,N,0800
US1TXAR0003,20130308,SNOW,0,,,N,0800
US1TXAR0003,20130309,SNOW,0,,,N,0800
US1TXAR0003,20130327,SNOW,0,,,N,0800
US1TXAR0003,20130328,SNOW,0,,,N,0800
US1TXAR0003,20130329,SNOW,0,,,N,0800
US1TXAR0003,20130330,SNOW,0,,,N,0800
US1TXAR0003,20130326,DAPR,17,,,N,0800
US1TXAR0003,20130326,MDPR,33,,,N,0800
US1TXAR0003,20130401,PRCP,0,,,N,0800
US1TXAR0003,20130402,PRCP,0,,,N,0800
US1TXAR0003,20130403,PRCP,0,,,N,0800
US1TXAR0003,20130404,PRCP,0,,,N,0800
US1TXAR0003,20130405,PRCP,0,,,N,0800
US1TXAR0003,20130406,PRCP,0,,,N,0800
US1TXAR0003,20130407,PRCP,0,,,N,0800
US1TXAR0003,20130408,PRCP,0,,,N,0800
US1TXAR0003,20130409,PRCP,0,,,N,0800
US1TXAR0003,20130410,PRCP,0,,,N,0800
US1TXAR0003,20130411,PRCP,251,,,N,0800
US1TXAR0003,20130412,PRCP,0,,,N,0800
US1TXAR0003,20130413,PRCP,0,,,N,0800
US1TXAR0003,20130414,PRCP,0,,,N,0800
US1TXAR0003,20130415,PRCP,0,,,N,0800
US1TXAR0003,20130429,PRCP,0,,,N,0800
US1TXAR0003,20130430,PRCP,117,,,N,0800
US1TXAR0003,20130401,SNOW,0,,,N,0800
US1TXAR0003,20130402,SNOW,0,,,N,0800
US1TXAR0003,20130403,SNOW,0,,,N,0800
US1TXAR0003,20130404,SNOW,0,,,N,0800
US1TXAR0003,20130405,SNOW,0,,,N,0800
US1TXAR0003,20130406,SNOW,0,,,N,0800
US1TXAR0003,20130407,SNOW,0,,,N,0800
US1TXAR0003,20130408,SNOW,0,,,N,0800
US1TXAR0003,20130409,SNOW,0,,,N,0800
US1TXAR0003,20130410,SNOW,0,,,N,0800
US1TXAR0003,20130412,SNOW,0,,,N,0800
US1TXAR0003,20130413,SNOW,0,,,N,0800
US1TXAR0003,20130414,SNOW,0,,,N,0800
US1TXAR0003,20130415,SNOW,0,,,N,0800
US1TXAR0003,20130429,SNOW,0,,,N,0800
US1TXAR0003,20130428,DAPR,13,,,N,0800
US1TXAR0003,20130428,MDPR,290,,,N,0800
US1TXAR0003,20130501,PRCP,0,,,N,0800
US1TXAR0003,20130502,PRCP,0,,,N,0800
US1TXAR0003,20130503,PRCP,0,,,N,0800
US1TXAR0003,20130504,PRCP,0,,,N,0800
US1TXAR0003,20130505,PRCP,0,,,N,0800
US1TXAR0003,20130506,PRCP,0,,,N,0800
US1TXAR0003,20130507,PRCP,0,,,N,0800
US1TXAR0003,20130508,PRCP,0,,,N,0800
US1TXAR0003,20130509,PRCP,0,,,N,0800
US1TXAR0003,20130525,PRCP,0,,,N,0800
US1TXAR0003,20130526,PRCP,23,,,N,0800
US1TXAR0003,20130527,PRCP,0,,,N,0800
US1TXAR0003,20130528,PRCP,0,,,N,0800
US1TXAR0003,20130529,PRCP,0,,,N,0800
US1TXAR0003,20130530,PRCP,0,,,N,0800
US1TXAR0003,20130531,PRCP,0,,,N,0800
US1TXAR0003,20130501,SNOW,0,,,N,0800
US1TXAR0003,20130502,SNOW,0,,,N,0800
US1TXAR0003,20130503,SNOW,0,,,N,0800
US1TXAR0003,20130504,SNOW,0,,,N,0800
US1TXAR0003,20130505,SNOW,0,,,N,0800
US1TXAR0003,20130506,SNOW,0,,,N,0800
US1TXAR0003,20130507,SNOW,0,,,N,0800
US1TXAR0003,20130508,SNOW,0,,,N,0800
US1TXAR0003,20130509,SNOW,0,,,N,0800
US1TXAR0003,20130525,SNOW,0,,,N,0800
US1TXAR0003,20130527,SNOW,0,,,N,0800
US1TXAR0003,20130528,SNOW,0,,,N,0800
US1TXAR0003,20130529,SNOW,0,,,N,0800
US1TXAR0003,20130530,SNOW,0,,,N,0800
US1TXAR0003,20130531,SNOW,0,,,N,0800
US1TXAR0003,20130524,DAPR,15,,,N,0800
US1TXAR0003,20130524,MDPR,157,,,N,0800
US1TXAR0003,20130601,PRCP,0,,,N,0800
US1TXAR0003,20130602,PRCP,0,,,N,0800
US1TXAR0003,20130603,PRCP,107,,,N,0800
US1TXAR0003,20130604,PRCP,0,,,N,0800
US1TXAR0003,20130605,PRCP,0,,,N,0800
US1TXAR0003,20130606,PRCP,0,,,N,0800
US1TXAR0003,20130607,PRCP,25,,,N,0800
US1TXAR0003,20130608,PRCP,259,,,N,0800
US1TXAR0003,20130609,PRCP,0,,,N,0800
US1TXAR0003,20130610,PRCP,0,,,N,0800
US1TXAR0003,20130611,PRCP,0,,,N,0800
US1TXAR0003,20130612,PRCP,0,,,N,0800
US1TXAR0003,20130613,PRCP,122,,,N,0800
US1TXAR0003,20130614,PRCP,0,,,N,0800
US1TXAR0003,20130615,PRCP,0,,,N,0800
US1TXAR0003,20130616,PRCP,0,,,N,0800
US1TXAR0003,20130617,PRCP,0,,,N,0800
US1TXAR0003,20130618,PRCP,0,,,N,0800
US1TXAR0003,20130619,PRCP,0,,,N,0800
US1TXAR0003,20130620,PRCP,0,,,N,0800
US1TXAR0003,20130621,PRCP,0,,,N,0800
US1TXAR0003,20130622,PRCP,0,,,N,0800
US1TXAR0003,20130625,PRCP,0,,,N,0800
US1TXAR0003,20130627,PRCP,0,,,N,0800
US1TXAR0003,20130628,PRCP,0,,,N,0800
US1TXAR0003,20130629,PRCP,0,,,N,0800
US1TXAR0003,20130630,PRCP,56,,,N,0800
US1TXAR0003,20130601,SNOW,0,,,N,0800
US1TXAR0003,20130602,SNOW,0,,,N,0800
US1TXAR0003,20130604,SNOW,0,,,N,0800
US1TXAR0003,20130605,SNOW,0,,,N,0800
US1TXAR0003,20130606,SNOW,0,,,N,0800
US1TXAR0003,20130609,SNOW,0,,,N,0800
US1TXAR0003,20130610,SNOW,0,,,N,0800
US1TXAR0003,20130611,SNOW,0,,,N,0800
US1TXAR0003,20130612,SNOW,0,,,N,0800
US1TXAR0003,20130614,SNOW,0,,,N,0800
US1TXAR0003,20130615,SNOW,0,,,N,0800
US1TXAR0003,20130616,SNOW,0,,,N,0800
US1TXAR0003,20130617,SNOW,0,,,N,0800
US1TXAR0003,20130618,SNOW,0,,,N,0800
US1TXAR0003,20130619,SNOW,0,,,N,0800
US1TXAR0003,20130620,SNOW,0,,,N,0800
US1TXAR0003,20130621,SNOW,0,,,N,0800
US1TXAR0003,20130622,SNOW,0,,,N,0800
US1TXAR0003,20130625,SNOW,0,,,N,0800
US1TXAR0003,20130627,SNOW,0,,,N,0800
US1TXAR0003,20130628,SNOW,0,,,N,0800
US1TXAR0003,20130629,SNOW,0,,,N,0800
US1TXAR0003,20130701,PRCP,0,,,N,0800
US1TXAR0003,20130702,PRCP,0,,,N,0800
US1TXAR0003,20130703,PRCP,0,,,N,0800
US1TXAR0003,20130704,PRCP,0,,,N,0800
US1TXAR0003,20130705,PRCP,0,,,N,0800
US1TXAR0003,20130706,PRCP,0,,,N,0800
US1TXAR0003,20130707,PRCP,0,,,N,0800
US1TXAR0003,20130708,PRCP,0,,,N,0800
US1TXAR0003,20130709,PRCP,0,,,N,0800
US1TXAR0003,20130710,PRCP,0,,,N,0800
US1TXAR0003,20130711,PRCP,0,,,N,0800
US1TXAR0003,20130712,PRCP,0,,,N,0800
US1TXAR0003,20130713,PRCP,0,,,N,0800
US1TXAR0003,20130714,PRCP,0,,,N,0800
US1TXAR0003,20130715,PRCP,0,,,N,0800
US1TXAR0003,20130716,PRCP,0,,,N,0800
US1TXAR0003,20130717,PRCP,137,,,N,0800
US1TXAR0003,20130718,PRCP,135,,,N,0800
US1TXAR0003,20130719,PRCP,33,,,N,0800
US1TXAR0003,20130720,PRCP,10,,,N,0800
US1TXAR0003,20130721,PRCP,0,,,N,0800
US1TXAR0003,20130722,PRCP,3,,,N,0800
US1TXAR0003,20130723,PRCP,0,,,N,0800
US1TXAR0003,20130724,PRCP,0,,,N,0800
US1TXAR0003,20130725,PRCP,0,,,N,0800
US1TXAR0003,20130726,PRCP,0,,,N,0800
US1TXAR0003,20130727,PRCP,0,,,N,0800
US1TXAR0003,20130728,PRCP,0,,,N,0800
US1TXAR0003,20130729,PRCP,0,,,N,0800
US1TXAR0003,20130730,PRCP,0,,,N,0800
US1TXAR0003,20130731,PRCP,0,,,N,0800
US1TXAR0003,20130701,SNOW,0,,,N,0800
US1TXAR0003,20130702,SNOW,0,,,N,0800
US1TXAR0003,20130703,SNOW,0,,,N,0800
US1TXAR0003,20130704,SNOW,0,,,N,0800
US1TXAR0003,20130705,SNOW,0,,,N,0800
US1TXAR0003,20130706,SNOW,0,,,N,0800
US1TXAR0003,20130707,SNOW,0,,,N,0800
US1TXAR0003,20130708,SNOW,0,,,N,0800
US1TXAR0003,20130709,SNOW,0,,,N,0800
US1TXAR0003,20130710,SNOW,0,,,N,0800
US1TXAR0003,20130711,SNOW,0,,,N,0800
US1TXAR0003,20130712,SNOW,0,,,N,0800
US1TXAR0003,20130713,SNOW,0,,,N,0800
US1TXAR0003,20130714,SNOW,0,,,N,0800
US1TXAR0003,20130715,SNOW,0,,,N,0800
US1TXAR0003,20130716,SNOW,0,,,N,0800
US1TXAR0003,20130721,SNOW,0,,,N,0800
US1TXAR0003,20130723,SNOW,0,,,N,0800
US1TXAR0003,20130724,SNOW,0,,,N,0800
US1TXAR0003,20130725,SNOW,0,,,N,0800
US1TXAR0003,20130726,SNOW,0,,,N,0800
US1TXAR0003,20130727,SNOW,0,,,N,0800
US1TXAR0003,20130728,SNOW,0,,,N,0800
US1TXAR0003,20130729,SNOW,0,,,N,0800
US1TXAR0003,20130730,SNOW,0,,,N,0800
US1TXAR0003,20130731,SNOW,0,,,N,0800
US1TXAR0003,20130801,PRCP,0,,,N,0800
US1TXAR0003,20130802,PRCP,0,,,N,0800
US1TXAR0003,20130803,PRCP,0,,,N,0800
US1TXAR0003,20130804,PRCP,0,,,N,0800
US1TXAR0003,20130805,PRCP,0,,,N,0800
US1TXAR0003,20130806,PRCP,0,,,N,0800
US1TXAR0003,20130807,PRCP,0,,,N,0800
US1TXAR0003,20130808,PRCP,0,,,N,0800
US1TXAR0003,20130809,PRCP,0,,,N,0800
US1TXAR0003,20130810,PRCP,0,,,N,0800
US1TXAR0003,20130811,PRCP,38,,,N,0800
US1TXAR0003,20130812,PRCP,0,,,N,0800
US1TXAR0003,20130813,PRCP,0,,,N,0800
US1TXAR0003,20130814,PRCP,0,,,N,0800
US1TXAR0003,20130815,PRCP,0,,,N,0800
US1TXAR0003,20130816,PRCP,0,,,N,0800
US1TXAR0003,20130817,PRCP,0,,,N,0800
US1TXAR0003,20130818,PRCP,0,,,N,0800
US1TXAR0003,20130819,PRCP,0,,,N,0800
US1TXAR0003,20130820,PRCP,81,,,N,0800
US1TXAR0003,20130821,PRCP,305,,,N,0800
US1TXAR0003,20130829,PRCP,0,,,N,0800
US1TXAR0003,20130830,PRCP,0,,,N,0800
US1TXAR0003,20130831,PRCP,0,,,N,0800
US1TXAR0003,20130801,SNOW,0,,,N,0800
US1TXAR0003,20130802,SNOW,0,,,N,0800
US1TXAR0003,20130803,SNOW,0,,,N,0800
US1TXAR0003,20130804,SNOW,0,,,N,0800
US1TXAR0003,20130805,SNOW,0,,,N,0800
US1TXAR0003,20130806,SNOW,0,,,N,0800
US1TXAR0003,20130807,SNOW,0,,,N,0800
US1TXAR0003,20130808,SNOW,0,,,N,0800
US1TXAR0003,20130809,SNOW,0,,,N,0800
US1TXAR0003,20130810,SNOW,0,,,N,0800
US1TXAR0003,20130812,SNOW,0,,,N,0800
US1TXAR0003,20130813,SNOW,0,,,N,0800
US1TXAR0003,20130814,SNOW,0,,,N,0800
US1TXAR0003,20130815,SNOW,0,,,N,0800
US1TXAR0003,20130816,SNOW,0,,,N,0800
US1TXAR0003,20130817,SNOW,0,,,N,0800
US1TXAR0003,20130818,SNOW,0,,,N,0800
US1TXAR0003,20130819,SNOW,0,,,N,0800
US1TXAR0003,20130829,SNOW,0,,,N,0800
US1TXAR0003,20130830,SNOW,0,,,N,0800
US1TXAR0003,20130831,SNOW,0,,,N,0800
US1TXAR0003,20130828,DAPR,7,,,N,0800
US1TXAR0003,20130828,MDPR,592,,,N,0800
US1TXAR0003,20130901,PRCP,0,,,N,0800
US1TXAR0003,20130902,PRCP,0,,,N,0800
US1TXAR0003,20130903,PRCP,0,,,N,0800
US1TXAR0003,20130904,PRCP,0,,,N,0800
US1TXAR0003,20130905,PRCP,0,,,N,0800
US1TXAR0003,20130906,PRCP,0,,,N,0800
US1TXAR0003,20130907,PRCP,107,,,N,0800
US1TXAR0003,20130908,PRCP,142,,,N,0800
US1TXAR0003,20130909,PRCP,61,,,N,0800
US1TXAR0003,20130910,PRCP,48,,,N,0800
US1TXAR0003,20130911,PRCP,0,,,N,0800
US1TXAR0003,20130912,PRCP,142,,,N,0800
US1TXAR0003,20130919,PRCP,0,,,N,0800
US1TXAR0003,20130920,PRCP,5,,,N,0800
US1TXAR0003,20130921,PRCP,191,,,N,0800
US1TXAR0003,20130922,PRCP,5,,,N,0800
US1TXAR0003,20130923,PRCP,0,,,N,0800
US1TXAR0003,20130924,PRCP,0,,,N,0800
US1TXAR0003,20130925,PRCP,0,,,N,0800
US1TXAR0003,20130926,PRCP,0,,,N,0800
US1TXAR0003,20130927,PRCP,0,,,N,0800
US1TXAR0003,20130928,PRCP,0,,,N,0800
US1TXAR0003,20130929,PRCP,0,,,N,0800
US1TXAR0003,20130930,PRCP,236,,,N,0800
US1TXAR0003,20130901,SNOW,0,,,N,0800
US1TXAR0003,20130902,SNOW,0,,,N,0800
US1TXAR0003,20130903,SNOW,0,,,N,0800
US1TXAR0003,20130904,SNOW,0,,,N,0800
US1TXAR0003,20130905,SNOW,0,,,N,0800
US1TXAR0003,20130906,SNOW,0,,,N,0800
US1TXAR0003,20130911,SNOW,0,,,N,0800
US1TXAR0003,20130919,SNOW,0,,,N,0800
US1TXAR0003,20130923,SNOW,0,,,N,0800
US1TXAR0003,20130924,SNOW,0,,,N,0800
US1TXAR0003,20130925,SNOW,0,,,N,0800
US1TXAR0003,20130926,SNOW,0,,,N,0800
US1TXAR0003,20130927,SNOW,0,,,N,0800
US1TXAR0003,20130928,SNOW,0,,,N,0800
US1TXAR0003,20130929,SNOW,0,,,N,0800
US1TXAR0003,20130918,DAPR,6,,,N,0800
US1TXAR0003,20130918,MDPR,328,,,N,0800
US1TXAR0003,20131001,PRCP,137,,,N,0800
US1TXAR0003,20131002,PRCP,53,,,N,0800
US1TXAR0003,20131003,PRCP,0,,,N,0800
US1TXAR0003,20131004,PRCP,0,,,N,0800
US1TXAR0003,20131005,PRCP,0,,,N,0800
US1TXAR0003,20131006,PRCP,61,,,N,0800
US1TXAR0003,20131007,PRCP,38,,,N,0800
US1TXAR0003,20131008,PRCP,0,,,N,0800
US1TXAR0003,20131018,PRCP,0,T,,N,0800
US1TXAR0003,20131019,PRCP,43,,,N,0800
US1TXAR0003,20131021,PRCP,0,,,N,0800
US1TXAR0003,20131022,PRCP,124,,,N,0800
US1TXAR0003,20131024,PRCP,0,,,N,0800
US1TXAR0003,20131025,PRCP,0,,,N,0800
US1TXAR0003,20131026,PRCP,13,,,N,0800
US1TXAR0003,20131027,PRCP,0,,,N,0800
US1TXAR0003,20131028,PRCP,20,,,N,0800
US1TXAR0003,20131029,PRCP,0,,,N,0800
US1TXAR0003,20131030,PRCP,0,,,N,0800
US1TXAR0003,20131031,PRCP,13,,,N,0800
US1TXAR0003,20131003,SNOW,0,,,N,0800
US1TXAR0003,20131004,SNOW,0,,,N,0800
US1TXAR0003,20131005,SNOW,0,,,N,0800
US1TXAR0003,20131008,SNOW,0,,,N,0800
US1TXAR0003,20131021,SNOW,0,,,N,0800
US1TXAR0003,20131024,SNOW,0,,,N,0800
US1TXAR0003,20131025,SNOW,0,,,N,0800
US1TXAR0003,20131027,SNOW,0,,,N,0800
US1TXAR0003,20131029,SNOW,0,,,N,0800
US1TXAR0003,20131030,SNOW,0,,,N,0800
US1TXAR0003,20131017,DAPR,6,,,N,0800
US1TXAR0003,20131017,MDPR,64,,,N,0800
US1TXAR0003,20131101,PRCP,117,,,N,0800
US1TXAR0003,20131102,PRCP,0,,,N,0800
US1TXAR0003,20131103,PRCP,0,,,N,0800
US1TXAR0003,20131104,PRCP,0,,,N,0800
US1TXAR0003,20131105,PRCP,0,,,N,0800
US1TXAR0003,20131106,PRCP,0,,,N,0800
US1TXAR0003,20131107,PRCP,36,,,N,0800
US1TXAR0003,20131108,PRCP,0,,,N,0800
US1TXAR0003,20131109,PRCP,0,,,N,0800
US1TXAR0003,20131110,PRCP,3,,,N,0800
US1TXAR0003,20131111,PRCP,0,,,N,0800
US1TXAR0003,20131112,PRCP,0,,,N,0800
US1TXAR0003,20131113,PRCP,0,,,N,0800
US1TXAR0003,20131114,PRCP,0,,,N,0800
US1TXAR0003,20131115,PRCP,0,,,N,0800
US1TXAR0003,20131116,PRCP,0,,,N,0800
US1TXAR0003,20131117,PRCP,0,T,,N,0800
US1TXAR0003,20131118,PRCP,0,,,N,0800
US1TXAR0003,20131119,PRCP,0,,,N,0800
US1TXAR0003,20131120,PRCP,0,,,N,0800
US1TXAR0003,20131121,PRCP,0,,,N,0800
US1TXAR0003,20131122,PRCP,0,,,N,0800
US1TXAR0003,20131123,PRCP,132,,,N,0800
US1TXAR0003,20131124,PRCP,0,,,N,0800
US1TXAR0003,20131125,PRCP,0,,,N,0800
US1TXAR0003,20131126,PRCP,114,,,N,0800
US1TXAR0003,20131102,SNOW,0,,,N,0800
US1TXAR0003,20131103,SNOW,0,,,N,0800
US1TXAR0003,20131104,SNOW,0,,,N,0800
US1TXAR0003,20131105,SNOW,0,,,N,0800
US1TXAR0003,20131106,SNOW,0,,,N,0800
US1TXAR0003,20131108,SNOW,0,,,N,0800
US1TXAR0003,20131109,SNOW,0,,,N,0800
US1TXAR0003,20131111,SNOW,0,,,N,0800
US1TXAR0003,20131112,SNOW,0,,,N,0800
US1TXAR0003,20131113,SNOW,0,,,N,0800
US1TXAR0003,20131114,SNOW,0,,,N,0800
US1TXAR0003,20131115,SNOW,0,,,N,0800
US1TXAR0003,20131116,SNOW,0,,,N,0800
US1TXAR0003,20131118,SNOW,0,,,N,0800
US1TXAR0003,20131119,SNOW,0,,,N,0800
US1TXAR0003,20131120,SNOW,0,,,N,0800
US1TXAR0003,20131121,SNOW,0,,,N,0800
US1TXAR0003,20131122,SNOW,0,,,N,0800
US1TXAR0003,20131124,SNOW,0,,,N,0800
US1TXAR0003,20131125,SNOW,0,,,N,0800
US1TXAR0003,20131126,SNOW,0,,,N,0800
US1TXAR0003,20131204,PRCP,0,,,N,0800
US1TXAR0003,20131205,PRCP,0,,,N,0800
US1TXAR0003,20131206,PRCP,0,,,N,0800
US1TXAR0003,20131210,PRCP,23,,,N,0800
US1TXAR0003,20131211,PRCP,0,,,N,0800
US1TXAR0003,20131212,PRCP,0,,,N,0800
US1TXAR0003,20131213,PRCP,0,,,N,0800
US1TXAR0003,20131214,PRCP,0,T,,N,0800
US1TXAR0003,20131215,PRCP,0,,,N,0800
US1TXAR0003,20131216,PRCP,0,,,N,0800
US1TXAR0003,20131217,PRCP,0,,,N,0800
US1TXAR0003,20131218,PRCP,0,,,N,0800
US1TXAR0003,20131219,PRCP,0,,,N,0800
US1TXAR0003,20131220,PRCP,0,T,,N,0800
US1TXAR0003,20131221,PRCP,0,T,,N,0800
US1TXAR0003,20131222,PRCP,10,,,N,0800
US1TXAR0003,20131223,PRCP,0,,,N,0800
US1TXAR0003,20131224,PRCP,0,,,N,0800
US1TXAR0003,20131225,PRCP,0,,,N,0800
US1TXAR0003,20131226,PRCP,33,,,N,0800
US1TXAR0003,20131227,PRCP,46,,,N,0800
US1TXAR0003,20131228,PRCP,0,T,,N,0800
US1TXAR0003,20131229,PRCP,0,,,N,0800
US1TXAR0003,20131230,PRCP,0,,,N,0800
US1TXAR0003,20131231,PRCP,3,,,N,0800
US1TXAR0003,20131204,SNOW,0,,,N,0800
US1TXAR0003,20131205,SNOW,0,,,N,0800
US1TXAR0003,20131206,SNOW,0,,,N,0800
US1TXAR0003,20131211,SNOW,0,,,N,0800
US1TXAR0003,20131212,SNOW,0,,,N,0800
US1TXAR0003,20131213,SNOW,0,,,N,0800
US1TXAR0003,20131215,SNOW,0,,,N,0800
US1TXAR0003,20131216,SNOW,0,,,N,0800
US1TXAR0003,20131217,SNOW,0,,,N,0800
US1TXAR0003,20131218,SNOW,0,,,N,0800
US1TXAR0003,20131219,SNOW,0,,,N,0800
US1TXAR0003,20131223,SNOW,0,,,N,0800
US1TXAR0003,20131224,SNOW,0,,,N,0800
US1TXAR0003,20131225,SNOW,0,,,N,0800
US1TXAR0003,20131229,SNOW,0,,,N,0800
US1TXAR0003,20131230,SNOW,0,,,N,0800
US1TXAR0003,20131203,DAPR,7,,,N,0800
US1TXAR0003,20131209,DAPR,3,,,N,0800
US1TXAR0003,20131203,MDPR,8,,,N,0800
US1TXAR0003,20131209,MDPR,10,,,N,0800
US1TXAR0003,20140101,PRCP,20,,,N,0800
US1TXAR0003,20140102,PRCP,8,,,N,0800
US1TXAR0003,20140103,PRCP,0,,,N,0800
US1TXAR0003,20140104,PRCP,0,,,N,0800
US1TXAR0003,20140106,PRCP,0,,,N,0800
US1TXAR0003,20140107,PRCP,0,T,,N,0800
US1TXAR0003,20140108,PRCP,13,,,N,0800
US1TXAR0003,20140109,PRCP,33,,,N,0800
US1TXAR0003,20140110,PRCP,20,,,N,0800
US1TXAR0003,20140111,PRCP,10,,,N,0800
US1TXAR0003,20140112,PRCP,0,,,N,0800
US1TXAR0003,20140113,PRCP,0,,,N,0800
US1TXAR0003,20140114,PRCP,0,,,N,0800
US1TXAR0003,20140115,PRCP,0,,,N,0800
US1TXAR0003,20140120,PRCP,0,,,N,0800
US1TXAR0003,20140121,PRCP,0,,,N,0800
US1TXAR0003,20140122,PRCP,0,,,N,0800
US1TXAR0003,20140123,PRCP,0,,,N,0800
US1TXAR0003,20140124,PRCP,13,,,N,0800
US1TXAR0003,20140125,PRCP,0,,,N,0800
US1TXAR0003,20140126,PRCP,0,,,N,0800
US1TXAR0003,20140127,PRCP,0,,,N,0800
US1TXAR0003,20140128,PRCP,0,,,N,0800
US1TXAR0003,20140129,PRCP,0,,,N,0800
US1TXAR0003,20140130,PRCP,0,,,N,0800
US1TXAR0003,20140131,PRCP,0,,,N,0800
US1TXAR0003,20140103,SNOW,0,,,N,0800
US1TXAR0003,20140104,SNOW,0,,,N,0800
US1TXAR0003,20140106,SNOW,0,,,N,0800
US1TXAR0003,20140112,SNOW,0,,,N,0800
US1TXAR0003,20140113,SNOW,0,,,N,0800
US1TXAR0003,20140114,SNOW,0,,,N,0800
US1TXAR0003,20140115,SNOW,0,,,N,0800
US1TXAR0003,20140120,SNOW,0,,,N,0800
US1TXAR0003,20140121,SNOW,0,,,N,0800
US1TXAR0003,20140122,SNOW,0,,,N,0800
US1TXAR0003,20140123,SNOW,0,,,N,0800
US1TXAR0003,20140125,SNOW,0,,,N,0800
US1TXAR0003,20140126,SNOW,0,,,N,0800
US1TXAR0003,20140127,SNOW,0,,,N,0800
US1TXAR0003,20140128,SNOW,0,,,N,0800
US1TXAR0003,20140129,SNOW,0,,,N,0800
US1TXAR0003,20140130,SNOW,0,,,N,0800
US1TXAR0003,20140131,SNOW,0,,,N,0800
US1TXAR0003,20140119,DAPR,4,,,N,0800
US1TXAR0003,20140119,MDPR,5,,,N,0800
US1TXAR0003,20140211,PRCP,28,,L,N,0800
US1TXAR0003,20140221,PRCP,5,,,N,0800
US1TXAR0003,20140226,PRCP,15,,,N,0800
US1TXAR0003,20140227,PRCP,33,,,N,0800
US1TXAR0003,20140209,DAPR,8,,,N,0800
US1TXAR0003,20140216,DAPR,7,,L,N,0800
US1TXAR0003,20140209,MDPR,109,,,N,0800
US1TXAR0003,20140216,MDPR,5,,L,N,0800
US1TXAR0003,20140301,PRCP,0,,,N,0800
US1TXAR0003,20140302,PRCP,0,T,,N,0800
US1TXAR0003,20140303,PRCP,0,,,N,0800
US1TXAR0003,20140304,PRCP,221,,,N,0800
US1TXAR0003,20140305,PRCP,56,,,N,0800
US1TXAR0003,20140306,PRCP,0,,,N,0800
US1TXAR0003,20140307,PRCP,0,,,N,0800
US1TXAR0003,20140308,PRCP,0,,,N,0800
US1TXAR0003,20140309,PRCP,48,,,N,0800
US1TXAR0003,20140310,PRCP,0,,,N,0800
US1TXAR0003,20140311,PRCP,23,,,N,0800
US1TXAR0003,20140312,PRCP,0,,,N,0800
US1TXAR0003,20140313,PRCP,0,,,N,0800
US1TXAR0003,20140314,PRCP,0,,,N,0800
US1TXAR0003,20140315,PRCP,0,,,N,0800
US1TXAR0003,20140316,PRCP,8,,,N,0800
US1TXAR0003,20140317,PRCP,0,,,N,0800
US1TXAR0003,20140318,PRCP,0,,,N,0800
US1TXAR0003,20140319,PRCP,0,,,N,0800
US1TXAR0003,20140320,PRCP,0,,,N,0800
US1TXAR0003,20140321,PRCP,0,,,N,0800
US1TXAR0003,20140322,PRCP,0,,,N,0800
US1TXAR0003,20140323,PRCP,0,,,N,0800
US1TXAR0003,20140324,PRCP,79,,,N,0800
US1TXAR0003,20140329,PRCP,0,,,N,0800
US1TXAR0003,20140330,PRCP,0,,,N,0800
US1TXAR0003,20140331,PRCP,0,,,N,0800
US1TXAR0003,20140301,SNOW,0,,,N,0800
US1TXAR0003,20140303,SNOW,0,,,N,0800
US1TXAR0003,20140306,SNOW,0,,,N,0800
US1TXAR0003,20140307,SNOW,0,,,N,0800
US1TXAR0003,20140308,SNOW,0,,,N,0800
US1TXAR0003,20140310,SNOW,0,,,N,0800
US1TXAR0003,20140312,SNOW,0,,,N,0800
US1TXAR0003,20140313,SNOW,0,,,N,0800
US1TXAR0003,20140314,SNOW,0,,,N,0800
US1TXAR0003,20140315,SNOW,0,,,N,0800
US1TXAR0003,20140317,SNOW,0,,,N,0800
US1TXAR0003,20140318,SNOW,0,,,N,0800
US1TXAR0003,20140319,SNOW,0,,,N,0800
US1TXAR0003,20140320,SNOW,0,,,N,0800
US1TXAR0003,20140321,SNOW,0,,,N,0800
US1TXAR0003,20140322,SNOW,0,,,N,0800
US1TXAR0003,20140323,SNOW,0,,,N,0800
US1TXAR0003,20140329,SNOW,0,,,N,0800
US1TXAR0003,20140330,SNOW,0,,,N,0800
US1TXAR0003,20140331,SNOW,0,,,N,0800
US1TXAR0003,20140328,DAPR,4,,,N,0800
US1TXAR0003,20140328,MDPR,107,,,N,0800
US1TXAR0003,20140417,PRCP,0,,,N,0800
US1TXAR0003,20140418,PRCP,0,T,,N,0800
US1TXAR0003,20140419,PRCP,0,,,N,0800
US1TXAR0003,20140420,PRCP,0,,,N,0800
US1TXAR0003,20140421,PRCP,0,,,N,0800
US1TXAR0003,20140422,PRCP,0,,,N,0800
US1TXAR0003,20140423,PRCP,0,,,N,0800
US1TXAR0003,20140424,PRCP,0,,,N,0800
US1TXAR0003,20140425,PRCP,0,,,N,0800
US1TXAR0003,20140426,PRCP,0,,,N,0800
US1TXAR0003,20140427,PRCP,0,,,N,0800
US1TXAR0003,20140428,PRCP,0,,,N,0800
US1TXAR0003,20140429,PRCP,0,,,N,0800
US1TXAR0003,20140430,PRCP,0,,,N,0800
US1TXAR0003,20140417,SNOW,0,,,N,0800
US1TXAR0003,20140419,SNOW,0,,,N,0800
US1TXAR0003,20140420,SNOW,0,,,N,0800
US1TXAR0003,20140421,SNOW,0,,,N,0800
US1TXAR0003,20140422,SNOW,0,,,N,0800
US1TXAR0003,20140423,SNOW,0,,,N,0800
US1TXAR0003,20140424,SNOW,0,,,N,0800
US1TXAR0003,20140425,SNOW,0,,,N,0800
US1TXAR0003,20140426,SNOW,0,,,N,0800
US1TXAR0003,20140427,SNOW,0,,,N,0800
US1TXAR0003,20140428,SNOW,0,,,N,0800
US1TXAR0003,20140429,SNOW,0,,,N,0800
US1TXAR0003,20140430,SNOW,0,,,N,0800
US1TXAR0003,20140416,DAPR,16,,,N,0800
US1TXAR0003,20140416,MDPR,66,,,N,0800
US1TXAR0003,20140501,PRCP,0,,,N,0800
US1TXAR0003,20140502,PRCP,0,,,N,0800
US1TXAR0003,20140503,PRCP,0,,,N,0800
US1TXAR0003,20140504,PRCP,0,,,N,0800
US1TXAR0003,20140505,PRCP,0,,,N,0800
US1TXAR0003,20140506,PRCP,0,,,N,0800
US1TXAR0003,20140507,PRCP,0,,,N,0800
US1TXAR0003,20140508,PRCP,0,,,N,0800
US1TXAR0003,20140509,PRCP,13,,,N,0800
US1TXAR0003,20140510,PRCP,142,,,N,0800
US1TXAR0003,20140511,PRCP,0,,,N,0800
US1TXAR0003,20140513,PRCP,503,,,N,0800
US1TXAR0003,20140514,PRCP,170,,,N,0800
US1TXAR0003,20140516,PRCP,0,,,N,0800
US1TXAR0003,20140517,PRCP,0,,,N,0800
US1TXAR0003,20140518,PRCP,0,,,N,0800
US1TXAR0003,20140519,PRCP,0,,,N,0800
US1TXAR0003,20140520,PRCP,0,,,N,0800
US1TXAR0003,20140521,PRCP,0,,,N,0800
US1TXAR0003,20140522,PRCP,0,,,N,0800
US1TXAR0003,20140523,PRCP,0,,,N,0800
US1TXAR0003,20140524,PRCP,0,,,N,0800
US1TXAR0003,20140525,PRCP,0,,,N,0800
US1TXAR0003,20140526,PRCP,0,,,N,0800
US1TXAR0003,20140527,PRCP,3,,,N,0800
US1TXAR0003,20140528,PRCP,0,,,N,0800
US1TXAR0003,20140529,PRCP,0,,,N,0800
US1TXAR0003,20140530,PRCP,0,,,N,0800
US1TXAR0003,20140531,PRCP,0,,,N,0800
US1TXAR0003,20140501,SNOW,0,,,N,0800
US1TXAR0003,20140502,SNOW,0,,,N,0800
US1TXAR0003,20140503,SNOW,0,,,N,0800
US1TXAR0003,20140504,SNOW,0,,,N,0800
US1TXAR0003,20140505,SNOW,0,,,N,0800
US1TXAR0003,20140506,SNOW,0,,,N,0800
US1TXAR0003,20140507,SNOW,0,,,N,0800
US1TXAR0003,20140508,SNOW,0,,,N,0800
US1TXAR0003,20140511,SNOW,0,,,N,0800
US1TXAR0003,20140516,SNOW,0,,,N,0800
US1TXAR0003,20140517,SNOW,0,,,N,0800
US1TXAR0003,20140518,SNOW,0,,,N,0800
US1TXAR0003,20140519,SNOW,0,,,N,0800
US1TXAR0003,20140520,SNOW,0,,,N,0800
US1TXAR0003,20140521,SNOW,0,,,N,0800
US1TXAR0003,20140522,SNOW,0,,,N,0800
US1TXAR0003,20140523,SNOW,0,,,N,0800
US1TXAR0003,20140524,SNOW,0,,,N,0800
US1TXAR0003,20140525,SNOW,0,,,N,0800
US1TXAR0003,20140526,SNOW,0,,,N,0800
US1TXAR0003,20140528,SNOW,0,,,N,0800
US1TXAR0003,20140529,SNOW,0,,,N,0800
US1TXAR0003,20140530,SNOW,0,,,N,0800
US1TXAR0003,20140531,SNOW,0,,,N,0800
US1TXAR0003,20140601,PRCP,0,,,N,0800
US1TXAR0003,20140602,PRCP,0,,,N,0800
US1TXAR0003,20140603,PRCP,0,,,N,0800
US1TXAR0003,20140604,PRCP,0,,,N,0800
US1TXAR0003,20140605,PRCP,0,,,N,0800
US1TXAR0003,20140606,PRCP,0,,,N,0800
US1TXAR0003,20140607,PRCP,0,,,N,0800
US1TXAR0003,20140608,PRCP,0,,,N,0800
US1TXAR0003,20140609,PRCP,0,,,N,0800
US1TXAR0003,20140610,PRCP,0,,,N,0800
US1TXAR0003,20140611,PRCP,0,,,N,0800
US1TXAR0003,20140612,PRCP,0,,,N,0800
US1TXAR0003,20140613,PRCP,0,,,N,0800
US1TXAR0003,20140614,PRCP,0,,,N,0800
US1TXAR0003,20140615,PRCP,0,,,N,0800
US1TXAR0003,20140616,PRCP,0,,,N,0800
US1TXAR0003,20140617,PRCP,0,,,N,0800
US1TXAR0003,20140618,PRCP,0,,,N,0800
US1TXAR0003,20140619,PRCP,0,,,N,0800
US1TXAR0003,20140620,PRCP,0,,,N,0800
US1TXAR0003,20140621,PRCP,0,,,N,0800
US1TXAR0003,20140622,PRCP,0,,,N,0800
US1TXAR0003,20140623,PRCP,0,,,N,0800
US1TXAR0003,20140624,PRCP,0,,,N,0800
US1TXAR0003,20140625,PRCP,0,,,N,0800
US1TXAR0003,20140626,PRCP,333,,,N,0800
US1TXAR0003,20140627,PRCP,439,,,N,0800
US1TXAR0003,20140628,PRCP,0,,,N,0800
US1TXAR0003,20140601,SNOW,0,,,N,0800
US1TXAR0003,20140602,SNOW,0,,,N,0800
US1TXAR0003,20140603,SNOW,0,,,N,0800
US1TXAR0003,20140604,SNOW,0,,,N,0800
US1TXAR0003,20140605,SNOW,0,,,N,0800
US1TXAR0003,20140606,SNOW,0,,,N,0800
US1TXAR0003,20140607,SNOW,0,,,N,0800
US1TXAR0003,20140608,SNOW,0,,,N,0800
US1TXAR0003,20140609,SNOW,0,,,N,0800
US1TXAR0003,20140610,SNOW,0,,,N,0800
US1TXAR0003,20140611,SNOW,0,,,N,0800
US1TXAR0003,20140612,SNOW,0,,,N,0800
US1TXAR0003,20140613,SNOW,0,,,N,0800
US1TXAR0003,20140614,SNOW,0,,,N,0800
US1TXAR0003,20140615,SNOW,0,,,N,0800
US1TXAR0003,20140616,SNOW,0,,,N,0800
US1TXAR0003,20140617,SNOW,0,,,N,0800
US1TXAR0003,20140618,SNOW,0,,,N,0800
US1TXAR0003,20140619,SNOW,0,,,N,0800
US1TXAR0003,20140620,SNOW,0,,,N,0800
US1TXAR0003,20140621,SNOW,0,,,N,0800
US1TXAR0003,20140622,SNOW,0,,,N,0800
US1TXAR0003,20140623,SNOW,0,,,N,0800
US1TXAR0003,20140624,SNOW,0,,,N,0800
US1TXAR0003,20140625,SNOW,0,,,N,0800
US1TXAR0003,20140628,SNOW,0,,,N,0800
US1TXAR0003,20140701,PRCP,0,,,N,0800
US1TXAR0003,20140702,PRCP,0,,,N,0800
US1TXAR0003,20140704,PRCP,0,,,N,0800
US1TXAR0003,20140705,PRCP,5,,,N,0800
US1TXAR0003,20140706,PRCP,0,,,N,0800
US1TXAR0003,20140707,PRCP,0,,,N,0800
US1TXAR0003,20140708,PRCP,0,,,N,0800
US1TXAR0003,20140709,PRCP,0,,,N,0800
US1TXAR0003,20140710,PRCP,0,,,N,0800
US1TXAR0003,20140711,PRCP,89,,,N,0800
US1TXAR0003,20140712,PRCP,0,,,N,0800
US1TXAR0003,20140713,PRCP,0,,,N,0800
US1TXAR0003,20140714,PRCP,0,,,N,0800
US1TXAR0003,20140715,PRCP,0,,,N,0800
US1TXAR0003,20140716,PRCP,0,,,N,0800
US1TXAR0003,20140718,PRCP,0,,,N,0800
US1TXAR0003,20140719,PRCP,81,,,N,0800
US1TXAR0003,20140720,PRCP,0,,,N,0800
US1TXAR0003,20140721,PRCP,0,,,N,0800
US1TXAR0003,20140722,PRCP,0,,,N,0800
US1TXAR0003,20140723,PRCP,0,,,N,0800
US1TXAR0003,20140725,PRCP,0,,,N,0800
US1TXAR0003,20140726,PRCP,0,,,N,0800
US1TXAR0003,20140727,PRCP,0,,,N,0800
US1TXAR0003,20140728,PRCP,0,,,N,0800
US1TXAR0003,20140729,PRCP,0,,,N,0800
US1TXAR0003,20140701,SNOW,0,,,N,0800
US1TXAR0003,20140702,SNOW,0,,,N,0800
US1TXAR0003,20140704,SNOW,0,,,N,0800
US1TXAR0003,20140706,SNOW,0,,,N,0800
US1TXAR0003,20140707,SNOW,0,,,N,0800
US1TXAR0003,20140708,SNOW,0,,,N,0800
US1TXAR0003,20140709,SNOW,0,,,N,0800
US1TXAR0003,20140710,SNOW,0,,,N,0800
US1TXAR0003,20140712,SNOW,0,,,N,0800
US1TXAR0003,20140713,SNOW,0,,,N,0800
US1TXAR0003,20140714,SNOW,0,,,N,0800
US1TXAR0003,20140715,SNOW,0,,,N,0800
US1TXAR0003,20140716,SNOW,0,,,N,0800
US1TXAR0003,20140718,SNOW,0,,,N,0800
US1TXAR0003,20140720,SNOW,0,,,N,0800
US1TXAR0003,20140721,SNOW,0,,,N,0800
US1TXAR0003,20140722,SNOW,0,,,N,0800
US1TXAR0003,20140723,SNOW,0,,,N,0800
US1TXAR0003,20140725,SNOW,0,,,N,0800
US1TXAR0003,20140726,SNOW,0,,,N,0800
US1TXAR0003,20140727,SNOW,0,,,N,0800
US1TXAR0003,20140728,SNOW,0,,,N,0800
US1TXAR0003,20140729,SNOW,0,,,N,0800
US1TXAR0003,20140806,PRCP,0,,,N,0800
US1TXAR0003,20140807,PRCP,0,,,N,0800
US1TXAR0003,20140808,PRCP,0,,,N,0800
US1TXAR0003,20140809,PRCP,0,,,N,0800
US1TXAR0003,20140810,PRCP,0,,,N,0800
US1TXAR0003,20140811,PRCP,0,,,N,0800
US1TXAR0003,20140812,PRCP,0,,,N,0800
US1TXAR0003,20140813,PRCP,0,,,N,0800
US1TXAR0003,20140814,PRCP,0,,,N,0800
US1TXAR0003,20140816,PRCP,0,,,N,0800
US1TXAR0003,20140817,PRCP,0,,,N,0800
US1TXAR0003,20140818,PRCP,0,,,N,0800
US1TXAR0003,20140819,PRCP,0,,,N,0800
US1TXAR0003,20140820,PRCP,0,,,N,0800
US1TXAR0003,20140821,PRCP,0,,,N,0800
US1TXAR0003,20140806,SNOW,0,,,N,0800
US1TXAR0003,20140807,SNOW,0,,,N,0800
US1TXAR0003,20140808,SNOW,0,,,N,0800
US1TXAR0003,20140809,SNOW,0,,,N,0800
US1TXAR0003,20140810,SNOW,0,,,N,0800
US1TXAR0003,20140811,SNOW,0,,,N,0800
US1TXAR0003,20140812,SNOW,0,,,N,0800
US1TXAR0003,20140813,SNOW,0,,,N,0800
US1TXAR0003,20140814,SNOW,0,,,N,0800
US1TXAR0003,20140816,SNOW,0,,,N,0800
US1TXAR0003,20140817,SNOW,0,,,N,0800
US1TXAR0003,20140818,SNOW,0,,,N,0800
US1TXAR0003,20140819,SNOW,0,,,N,0800
US1TXAR0003,20140820,SNOW,0,,,N,0800
US1TXAR0003,20140821,SNOW,0,,,N,0800
US1TXAR0003,20140805,DAPR,7,,,N,0800
US1TXAR0003,20140805,MDPR,114,,,N,0800
US1TXAR0003,20140916,PRCP,112,,,N,0800
US1TXAR0003,20140917,PRCP,8,,,N,0800
US1TXAR0003,20140918,PRCP,3,,,N,0800
US1TXAR0003,20140919,PRCP,0,,,N,0800
US1TXAR0003,20140925,PRCP,0,,,N,0800
US1TXAR0003,20140926,PRCP,20,,,N,0800
US1TXAR0003,20140927,PRCP,229,,,N,0800
US1TXAR0003,20140928,PRCP,180,,,N,0800
US1TXAR0003,20140929,PRCP,23,,,N,0800
US1TXAR0003,20140930,PRCP,0,,,N,0800
US1TXAR0003,20140919,SNOW,0,,,N,0800
US1TXAR0003,20140925,SNOW,0,,,N,0800
US1TXAR0003,20140930,SNOW,0,,,N,0800
US1TXAR0003,20140915,DAPR,25,,,N,0800
US1TXAR0003,20140924,DAPR,5,,,N,0800
US1TXAR0003,20140915,MDPR,396,,,N,0800
US1TXAR0003,20140924,MDPR,226,,,N,0800
US1TXAR0003,20141001,PRCP,0,,,N,0800
US1TXAR0003,20141002,PRCP,0,,,N,0800
US1TXAR0003,20141003,PRCP,279,,,N,0800
US1TXAR0003,20141004,PRCP,0,,,N,0800
US1TXAR0003,20141005,PRCP,0,,,N,0800
US1TXAR0003,20141006,PRCP,0,,,N,0800
US1TXAR0003,20141009,PRCP,61,,,N,0800
US1TXAR0003,20141010,PRCP,5,,,N,0800
US1TXAR0003,20141011,PRCP,0,,,N,0800
US1TXAR0003,20141012,PRCP,274,,,N,0800
US1TXAR0003,20141013,PRCP,13,,,N,0800
US1TXAR0003,20141014,PRCP,0,,,N,0800
US1TXAR0003,20141015,PRCP,0,,,N,0800
US1TXAR0003,20141016,PRCP,0,,,N,0800
US1TXAR0003,20141017,PRCP,0,,,N,0800
US1TXAR0003,20141018,PRCP,0,,,N,0800
US1TXAR0003,20141019,PRCP,0,,,N,0800
US1TXAR0003,20141020,PRCP,94,,,N,0800
US1TXAR0003,20141021,PRCP,18,,,N,0800
US1TXAR0003,20141022,PRCP,0,,,N,0800
US1TXAR0003,20141025,PRCP,0,,,N,0800
US1TXAR0003,20141026,PRCP,0,,,N,0800
US1TXAR0003,20141027,PRCP,0,,,N,0800
US1TXAR0003,20141028,PRCP,0,,,N,0800
US1TXAR0003,20141029,PRCP,0,,,N,0800
US1TXAR0003,20141030,PRCP,0,,,N,0800
US1TXAR0003,20141031,PRCP,5,,,N,0800
US1TXAR0003,20141001,SNOW,0,,,N,0800
US1TXAR0003,20141002,SNOW,0,,,N,0800
US1TXAR0003,20141004,SNOW,0,,,N,0800
US1TXAR0003,20141005,SNOW,0,,,N,0800
US1TXAR0003,20141006,SNOW,0,,,N,0800
US1TXAR0003,20141011,SNOW,0,,,N,0800
US1TXAR0003,20141014,SNOW,0,,,N,0800
US1TXAR0003,20141015,SNOW,0,,,N,0800
US1TXAR0003,20141016,SNOW,0,,,N,0800
US1TXAR0003,20141017,SNOW,0,,,N,0800
US1TXAR0003,20141018,SNOW,0,,,N,0800
US1TXAR0003,20141019,SNOW,0,,,N,0800
US1TXAR0003,20141022,SNOW,0,,,N,0800
US1TXAR0003,20141025,SNOW,0,,,N,0800
US1TXAR0003,20141026,SNOW,0,,,N,0800
US1TXAR0003,20141027,SNOW,0,,,N,0800
US1TXAR0003,20141028,SNOW,0,,,N,0800
US1TXAR0003,20141029,SNOW,0,,,N,0800
US1TXAR0003,20141030,SNOW,0,,,N,0800
US1TXAR0003,20141101,PRCP,0,,,N,0800
US1TXAR0003,20141102,PRCP,0,,,N,0800
US1TXAR0003,20141103,PRCP,0,,,N,0800
US1TXAR0003,20141104,PRCP,0,,,N,0800
US1TXAR0003,20141105,PRCP,53,,,N,0800
US1TXAR0003,20141106,PRCP,597,,,N,0800
US1TXAR0003,20141107,PRCP,140,,,N,0800
US1TXAR0003,20141108,PRCP,0,,,N,0800
US1TXAR0003,20141111,PRCP,0,,,N,0800
US1TXAR0003,20141112,PRCP,0,,,N,0800
US1TXAR0003,20141113,PRCP,81,,,N,0800
US1TXAR0003,20141114,PRCP,0,,,N,0800
US1TXAR0003,20141115,PRCP,0,,,N,0800
US1TXAR0003,20141116,PRCP,36,,,N,0800
US1TXAR0003,20141117,PRCP,3,,,N,0800
US1TXAR0003,20141118,PRCP,0,,,N,0800
US1TXAR0003,20141119,PRCP,0,,,N,0800
US1TXAR0003,20141120,PRCP,0,,,N,0800
US1TXAR0003,20141121,PRCP,152,,,N,0800
US1TXAR0003,20141101,SNOW,0,,,N,0800
US1TXAR0003,20141102,SNOW,0,,,N,0800
US1TXAR0003,20141103,SNOW,0,,,N,0800
US1TXAR0003,20141104,SNOW,0,,,N,0800
US1TXAR0003,20141108,SNOW,0,,,N,0800
US1TXAR0003,20141111,SNOW,0,,,N,0800
US1TXAR0003,20141112,SNOW,0,,,N,0800
US1TXAR0003,20141114,SNOW,0,,,N,0800
US1TXAR0003,20141115,SNOW,0,,,N,0800
US1TXAR0003,20141118,SNOW,0,,,N,0800
US1TXAR0003,20141119,SNOW,0,,,N,0800
US1TXAR0003,20141120,SNOW,0,,,N,0800
US1TXAR0003,20141110,DAPR,2,,,N,0800
US1TXAR0003,20141110,MDPR,5,,,N,0800
US1TXAR0003,20141204,PRCP,33,,,N,0800
US1TXAR0003,20141205,PRCP,0,,,N,0800
US1TXAR0003,20141206,PRCP,5,,,N,0800
US1TXAR0003,20141207,PRCP,5,,,N,0800
US1TXAR0003,20141208,PRCP,0,,,N,0800
US1TXAR0003,20141209,PRCP,0,,,N,0800
US1TXAR0003,20141210,PRCP,0,,,N,0800
US1TXAR0003,20141211,PRCP,0,,,N,0800
US1TXAR0003,20141212,PRCP,0,,,N,0800
US1TXAR0003,20141213,PRCP,0,T,,N,0800
US1TXAR0003,20141214,PRCP,0,,,N,0800
US1TXAR0003,20141215,PRCP,0,,,N,0800
US1TXAR0003,20141216,PRCP,0,,,N,0800
US1TXAR0003,20141217,PRCP,0,,,N,0800
US1TXAR0003,20141223,PRCP,0,,,N,0800
US1TXAR0003,20141224,PRCP,0,,,N,0800
US1TXAR0003,20141225,PRCP,0,,,N,0800
US1TXAR0003,20141226,PRCP,0,,,N,0800
US1TXAR0003,20141227,PRCP,0,T,,N,0800
US1TXAR0003,20141228,PRCP,160,,,N,0800
US1TXAR0003,20141229,PRCP,36,,,N,0800
US1TXAR0003,20141230,PRCP,0,,,N,0800
US1TXAR0003,20141231,PRCP,0,,,N,0800
US1TXAR0003,20141205,SNOW,0,,,N,0800
US1TXAR0003,20141208,SNOW,0,,,N,0800
US1TXAR0003,20141209,SNOW,0,,,N,0800
US1TXAR0003,20141210,SNOW,0,,,N,0800
US1TXAR0003,20141211,SNOW,0,,,N,0800
US1TXAR0003,20141212,SNOW,0,,,N,0800
US1TXAR0003,20141214,SNOW,0,,,N,0800
US1TXAR0003,20141215,SNOW,0,,,N,0800
US1TXAR0003,20141216,SNOW,0,,,N,0800
US1TXAR0003,20141217,SNOW,0,,,N,0800
US1TXAR0003,20141223,SNOW,0,,,N,0800
US1TXAR0003,20141224,SNOW,0,,,N,0800
US1TXAR0003,20141225,SNOW,0,,,N,0800
US1TXAR0003,20141226,SNOW,0,,,N,0800
US1TXAR0003,20141230,SNOW,0,,,N,0800
US1TXAR0003,20141231,SNOW,0,,,N,0800
US1TXAR0003,20141203,DAPR,12,,,N,0800
US1TXAR0003,20141222,DAPR,5,,,N,0800
US1TXAR0003,20141203,MDPR,147,,,N,0800
US1TXAR0003,20141222,MDPR,89,,,N,0800
US1TXAR0003,20150101,PRCP,0,,,N,0800
US1TXAR0003,20150102,PRCP,0,,,N,0800
US1TXAR0003,20150103,PRCP,38,,,N,0800
US1TXAR0003,20150105,PRCP,0,,,N,0800
US1TXAR0003,20150107,PRCP,0,,,N,0800
US1TXAR0003,20150108,PRCP,0,,,N,0800
US1TXAR0003,20150109,PRCP,0,,,N,0800
US1TXAR0003,20150110,PRCP,114,,,N,0800
US1TXAR0003,20150111,PRCP,64,,,N,0800
US1TXAR0003,20150112,PRCP,0,,,N,0800
US1TXAR0003,20150113,PRCP,18,,,N,0800
US1TXAR0003,20150114,PRCP,0,,,N,0800
US1TXAR0003,20150115,PRCP,13,,,N,0800
US1TXAR0003,20150116,PRCP,0,,,N,0800
US1TXAR0003,20150117,PRCP,0,,,N,0800
US1TXAR0003,20150118,PRCP,0,,,N,0800
US1TXAR0003,20150119,PRCP,0,,,N,0800
US1TXAR0003,20150120,PRCP,0,,,N,0800
US1TXAR0003,20150121,PRCP,0,,,N,0800
US1TXAR0003,20150122,PRCP,206,,,N,0800
US1TXAR0003,20150123,PRCP,307,,,N,0800
US1TXAR0003,20150124,PRCP,0,,,N,0800
US1TXAR0003,20150125,PRCP,0,,,N,0800
US1TXAR0003,20150126,PRCP,0,,,N,0800
US1TXAR0003,20150127,PRCP,0,,,N,0800
US1TXAR0003,20150128,PRCP,0,,,N,0800
US1TXAR0003,20150129,PRCP,0,,,N,0800
US1TXAR0003,20150130,PRCP,0,,,N,0800
US1TXAR0003,20150131,PRCP,0,,,N,0800
US1TXAR0003,20150101,SNOW,0,,,N,0800
US1TXAR0003,20150102,SNOW,0,,,N,0800
US1TXAR0003,20150105,SNOW,0,,,N,0800
US1TXAR0003,20150107,SNOW,0,,,N,0800
US1TXAR0003,20150108,SNOW,0,,,N,0800
US1TXAR0003,20150109,SNOW,0,,,N,0800
US1TXAR0003,20150112,SNOW,0,,,N,0800
US1TXAR0003,20150114,SNOW,0,,,N,0800
US1TXAR0003,20150116,SNOW,0,,,N,0800
US1TXAR0003,20150117,SNOW,0,,,N,0800
US1TXAR0003,20150118,SNOW,0,,,N,0800
US1TXAR0003,20150119,SNOW,0,,,N,0800
US1TXAR0003,20150120,SNOW,0,,,N,0800
US1TXAR0003,20150121,SNOW,0,,,N,0800
US1TXAR0003,20150124,SNOW,0,,,N,0800
US1TXAR0003,20150125,SNOW,0,,,N,0800
US1TXAR0003,20150126,SNOW,0,,,N,0800
US1TXAR0003,20150127,SNOW,0,,,N,0800
US1TXAR0003,20150128,SNOW,0,,,N,0800
US1TXAR0003,20150129,SNOW,0,,,N,0800
US1TXAR0003,20150130,SNOW,0,,,N,0800
US1TXAR0003,20150131,SNOW,0,,,N,0800
US1TXAR0003,20150201,PRCP,5,,,N,0800
US1TXAR0003,20150202,PRCP,0,,,N,0800
US1TXAR0003,20150203,PRCP,38,,,N,0800
US1TXAR0003,20150204,PRCP,229,,,N,0800
US1TXAR0003,20150205,PRCP,0,,,N,0800
US1TXAR0003,20150206,PRCP,0,,,N,0800
US1TXAR0003,20150207,PRCP,0,,,N,0800
US1TXAR0003,20150208,PRCP,0,,,N,0800
US1TXAR0003,20150209,PRCP,0,,,N,0800
US1TXAR0003,20150210,PRCP,0,,,N,0800
US1TXAR0003,20150211,PRCP,0,,,N,0800
US1TXAR0003,20150212,PRCP,0,,,N,0800
US1TXAR0003,20150213,PRCP,0,,,N,0800
US1TXAR0003,20150214,PRCP,0,,,N,0800
US1TXAR0003,20150215,PRCP,0,,,N,0800
US1TXAR0003,20150216,PRCP,8,,,N,0800
US1TXAR0003,20150217,PRCP,46,,,N,0800
US1TXAR0003,20150218,PRCP,0,,,N,0800
US1TXAR0003,20150219,PRCP,0,,,N,0800
US1TXAR0003,20150220,PRCP,0,,,N,0800
US1TXAR0003,20150221,PRCP,0,,,N,0800
US1TXAR0003,20150222,PRCP,0,,,N,0800
US1TXAR0003,20150223,PRCP,76,,,N,0800
US1TXAR0003,20150224,PRCP,3,,,N,0800
US1TXAR0003,20150225,PRCP,0,,,N,0800
US1TXAR0003,20150226,PRCP,0,,,N,0800
US1TXAR0003,20150227,PRCP,0,,,N,0800
US1TXAR0003,20150228,PRCP,79,,,N,0800
US1TXAR0003,20150202,SNOW,0,,,N,0800
US1TXAR0003,20150205,SNOW,0,,,N,0800
US1TXAR0003,20150206,SNOW,0,,,N,0800
US1TXAR0003,20150207,SNOW,0,,,N,0800
US1TXAR0003,20150208,SNOW,0,,,N,0800
US1TXAR0003,20150209,SNOW,0,,,N,0800
US1TXAR0003,20150210,SNOW,0,,,N,0800
US1TXAR0003,20150211,SNOW,0,,,N,0800
US1TXAR0003,20150212,SNOW,0,,,N,0800
US1TXAR0003,20150213,SNOW,0,,,N,0800
US1TXAR0003,20150214,SNOW,0,,,N,0800
US1TXAR0003,20150215,SNOW,0,,,N,0800
US1TXAR0003,20150218,SNOW,0,,,N,0800
US1TXAR0003,20150219,SNOW,0,,,N,0800
US1TXAR0003,20150220,SNOW,0,,,N,0800
US1TXAR0003,20150221,SNOW,0,,,N,0800
US1TXAR0003,20150222,SNOW,0,,,N,0800
US1TXAR0003,20150225,SNOW,0,,,N,0800
US1TXAR0003,20150226,SNOW,0,,,N,0800
US1TXAR0003,20150227,SNOW,0,,,N,0800
US1TXAR0003,20150301,PRCP,203,,,N,0800
US1TXAR0003,20150302,PRCP,8,,,N,0800
US1TXAR0003,20150303,PRCP,3,,,N,0800
US1TXAR0003,20150304,PRCP,0,,,N,0800
US1TXAR0003,20150304,SNOW,0,,,N,0800
US1TXAR0003,20150331,DAPR,27,,,N,0800
US1TXAR0003,20150331,MDPR,1379,,,N,0800
US1TXAR0003,20150401,PRCP,0,,,N,0800
US1TXAR0003,20150402,PRCP,13,,,N,0800
US1TXAR0003,20150403,PRCP,0,,,N,0800
US1TXAR0003,20150404,PRCP,0,,,N,0800
US1TXAR0003,20150405,PRCP,15,,,N,0800
US1TXAR0003,20150407,PRCP,0,,,N,0800
US1TXAR0003,20150408,PRCP,0,,,N,0800
US1TXAR0003,20150409,PRCP,0,,,N,0800
US1TXAR0003,20150410,PRCP,0,,,N,0800
US1TXAR0003,20150411,PRCP,193,,,N,0800
US1TXAR0003,20150412,PRCP,104,,,N,0800
US1TXAR0003,20150413,PRCP,109,,,N,0800
US1TXAR0003,20150414,PRCP,681,,,N,0800
US1TXAR0003,20150415,PRCP,97,,,N,0800
US1TXAR0003,20150416,PRCP,0,,,N,0800
US1TXAR0003,20150417,PRCP,0,,,N,0800
US1TXAR0003,20150401,SNOW,0,,,N,0800
US1TXAR0003,20150403,SNOW,0,,,N,0800
US1TXAR0003,20150404,SNOW,0,,,N,0800
US1TXAR0003,20150407,SNOW,0,,,N,0800
US1TXAR0003,20150408,SNOW,0,,,N,0800
US1TXAR0003,20150409,SNOW,0,,,N,0800
US1TXAR0003,20150410,SNOW,0,,,N,0800
US1TXAR0003,20150416,SNOW,0,,,N,0800
US1TXAR0003,20150417,SNOW,0,,,N,0800
US1TXAR0003,20150430,DAPR,13,,,N,0800
US1TXAR0003,20150430,MDPR,1224,,,N,0800
US1TXAR0003,20150501,PRCP,0,,,N,0800
US1TXAR0003,20150502,PRCP,0,,,N,0800
US1TXAR0003,20150503,PRCP,0,,,N,0800
US1TXAR0003,20150504,PRCP,0,,,N,0800
US1TXAR0003,20150505,PRCP,0,,,N,0800
US1TXAR0003,20150506,PRCP,0,,,N,0800
US1TXAR0003,20150507,PRCP,0,,,N,0800
US1TXAR0003,20150508,PRCP,0,,,N,0800
US1TXAR0003,20150509,PRCP,0,,,N,0800
US1TXAR0003,20150510,PRCP,0,,,N,0800
US1TXAR0003,20150511,PRCP,0,,,N,0800
US1TXAR0003,20150512,PRCP,635,,,N,0800
US1TXAR0003,20150513,PRCP,84,,,N,0800
US1TXAR0003,20150514,PRCP,356,,,N,0830
US1TXAR0003,20150515,PRCP,5,,,N,0800
US1TXAR0003,20150516,PRCP,409,,,N,0800
US1TXAR0003,20150528,PRCP,0,,,N,0800
US1TXAR0003,20150529,PRCP,142,,,N,0800
US1TXAR0003,20150530,PRCP,64,,,N,0800
US1TXAR0003,20150531,PRCP,28,,,N,0800
US1TXAR0003,20150501,SNOW,0,,,N,0800
US1TXAR0003,20150502,SNOW,0,,,N,0800
US1TXAR0003,20150503,SNOW,0,,,N,0800
US1TXAR0003,20150504,SNOW,0,,,N,0800
US1TXAR0003,20150505,SNOW,0,,,N,0800
US1TXAR0003,20150506,SNOW,0,,,N,0800
US1TXAR0003,20150507,SNOW,0,,,N,0800
US1TXAR0003,20150508,SNOW,0,,,N,0800
US1TXAR0003,20150509,SNOW,0,,,N,0800
US1TXAR0003,20150510,SNOW,0,,,N,0800
US1TXAR0003,20150511,SNOW,0,,,N,0800
US1TXAR0003,20150528,SNOW,0,,,N,0800
US1TXAR0003,20150527,DAPR,11,,,N,0800
US1TXAR0003,20150527,MDPR,795,,,N,0800
US1TXAR0003,20150601,PRCP,23,,,N,0800
US1TXAR0003,20150616,PRCP,366,,,N,0800
US1TXAR0003,20150617,PRCP,53,,,N,0800
US1TXAR0003,20150618,PRCP,1275,,,N,0800
US1TXAR0003,20150619,PRCP,8,,,N,0800
US1TXAR0003,20150620,PRCP,3,,,N,0800
US1TXAR0003,20150621,PRCP,13,,,N,0800
US1TXAR0003,20150626,PRCP,5,,,N,0800
US1TXAR0003,20150630,PRCP,64,,,N,0800
US1TXAR0003,20150615,DAPR,8,,,N,0800
US1TXAR0003,20150615,MDPR,76,,,N,0800
US1TXAR0003,20150701,PRCP,0,,,N,0800
US1TXAR0003,20150702,PRCP,104,,,N,0800
US1TXAR0003,20150703,PRCP,0,,,N,0800
US1TXAR0003,20150704,PRCP,0,,,N,0800
US1TXAR0003,20150705,PRCP,0,,,N,0800
US1TXAR0003,20150706,PRCP,0,,,N,0800
US1TXAR0003,20150707,PRCP,0,,,N,0800
US1TXAR0003,20150708,PRCP,0,,,N,0800
US1TXAR0003,20150709,PRCP,0,,,N,0800
US1TXAR0003,20150710,PRCP,0,,,N,0800
US1TXAR0003,20150711,PRCP,0,,,N,0800
US1TXAR0003,20150712,PRCP,0,,,N,0800
US1TXAR0003,20150713,PRCP,0,,,N,0800
US1TXAR0003,20150714,PRCP,0,,,N,0800
US1TXAR0003,20150715,PRCP,0,,,N,0800
US1TXAR0003,20150716,PRCP,0,,,N,0800
US1TXAR0003,20150717,PRCP,0,,,N,0800
US1TXAR0003,20150718,PRCP,0,,,N,0800
US1TXAR0003,20150719,PRCP,0,,,N,0800
US1TXAR0003,20150720,PRCP,0,,,N,0800
US1TXAR0003,20150721,PRCP,0,,,N,0800
US1TXAR0003,20150722,PRCP,0,,,N,0800
US1TXAR0003,20150723,PRCP,0,,,N,0800
US1TXAR0003,20150724,PRCP,0,,,N,0800
US1TXAR0003,20150725,PRCP,0,,,N,0800
US1TXAR0003,20150701,SNOW,0,,,N,0800
US1TXAR0003,20150703,SNOW,0,,,N,0800
US1TXAR0003,20150704,SNOW,0,,,N,0800
US1TXAR0003,20150705,SNOW,0,,,N,0800
US1TXAR0003,20150706,SNOW,0,,,N,0800
US1TXAR0003,20150707,SNOW,0,,,N,0800
US1TXAR0003,20150708,SNOW,0,,,N,0800
US1TXAR0003,20150709,SNOW,0,,,N,0800
US1TXAR0003,20150710,SNOW,0,,,N,0800
US1TXAR0003,20150711,SNOW,0,,,N,0800
US1TXAR0003,20150712,SNOW,0,,,N,0800
US1TXAR0003,20150713,SNOW,0,,,N,0800
US1TXAR0003,20150714,SNOW,0,,,N,0800
US1TXAR0003,20150715,SNOW,0,,,N,0800
US1TXAR0003,20150716,SNOW,0,,,N,0800
US1TXAR0003,20150717,SNOW,0,,,N,0800
US1TXAR0003,20150718,SNOW,0,,,N,0800
US1TXAR0003,20150719,SNOW,0,,,N,0800
US1TXAR0003,20150720,SNOW,0,,,N,0800
US1TXAR0003,20150721,SNOW,0,,,N,0800
US1TXAR0003,20150722,SNOW,0,,,N,0800
US1TXAR0003,20150723,SNOW,0,,,N,0800
US1TXAR0003,20150724,SNOW,0,,,N,0800
US1TXAR0003,20150725,SNOW,0,,,N,0800
US1TXAR0003,20150810,PRCP,0,,,N,0800
US1TXAR0003,20150811,PRCP,0,,,N,0800
US1TXAR0003,20150812,PRCP,0,,,N,0800
US1TXAR0003,20150813,PRCP,0,,,N,0800
US1TXAR0003,20150814,PRCP,0,,,N,0800
US1TXAR0003,20150815,PRCP,0,,,N,0800
US1TXAR0003,20150816,PRCP,152,,,N,0800
US1TXAR0003,20150817,PRCP,0,,,N,0800
US1TXAR0003,20150818,PRCP,0,,,N,0800
US1TXAR0003,20150819,PRCP,0,,,N,0800
US1TXAR0003,20150820,PRCP,0,,,N,0800
US1TXAR0003,20150821,PRCP,508,,,N,0800
US1TXAR0003,20150822,PRCP,56,,,N,0800
US1TXAR0003,20150823,PRCP,0,,,N,0800
US1TXAR0003,20150824,PRCP,0,,,N,0800
US1TXAR0003,20150825,PRCP,0,,,N,0800
US1TXAR0003,20150826,PRCP,0,,,N,0800
US1TXAR0003,20150827,PRCP,0,,,N,0800
US1TXAR0003,20150828,PRCP,0,,,N,0800
US1TXAR0003,20150829,PRCP,0,,,N,0800
US1TXAR0003,20150810,SNOW,0,,,N,0800
US1TXAR0003,20150811,SNOW,0,,,N,0800
US1TXAR0003,20150812,SNOW,0,,,N,0800
US1TXAR0003,20150813,SNOW,0,,,N,0800
US1TXAR0003,20150814,SNOW,0,,,N,0800
US1TXAR0003,20150815,SNOW,0,,,N,0800
US1TXAR0003,20150817,SNOW,0,,,N,0800
US1TXAR0003,20150818,SNOW,0,,,N,0800
US1TXAR0003,20150819,SNOW,0,,,N,0800
US1TXAR0003,20150820,SNOW,0,,,N,0800
US1TXAR0003,20150823,SNOW,0,,,N,0800
US1TXAR0003,20150824,SNOW,0,,,N,0800
US1TXAR0003,20150825,SNOW,0,,,N,0800
US1TXAR0003,20150826,SNOW,0,,,N,0800
US1TXAR0003,20150827,SNOW,0,,,N,0800
US1TXAR0003,20150828,SNOW,0,,,N,0800
US1TXAR0003,20150829,SNOW,0,,,N,0800
US1TXAR0003,20150809,DAPR,15,,,N,0800
US1TXAR0003,20150809,MDPR,18,,,N,0800
US1TXAR0003,20150911,PRCP,41,,,N,0800
US1TXAR0003,20150912,PRCP,1003,,,N,0800
US1TXAR0003,20150913,PRCP,0,,,N,0800
US1TXAR0003,20150914,PRCP,0,,,N,0800
US1TXAR0003,20150915,PRCP,0,T,,N,0800
US1TXAR0003,20150916,PRCP,66,,,N,0800
US1TXAR0003,20150917,PRCP,0,,,N,0800
US1TXAR0003,20150918,PRCP,0,,,N,0800
US1TXAR0003,20150919,PRCP,0,,,N,0800
US1TXAR0003,20150920,PRCP,0,,,N,0800
US1TXAR0003,20150921,PRCP,71,,,N,0800
US1TXAR0003,20150922,PRCP,0,,,N,0800
US1TXAR0003,20150923,PRCP,0,,,N,0800
US1TXAR0003,20150924,PRCP,0,,,N,0800
US1TXAR0003,20150925,PRCP,0,,,N,0800
US1TXAR0003,20150926,PRCP,0,,,N,0800
US1TXAR0003,20150927,PRCP,64,,,N,0800
US1TXAR0003,20150928,PRCP,0,,,N,0800
US1TXAR0003,20150929,PRCP,0,,,N,0800
US1TXAR0003,20150913,SNOW,0,,,N,0800
US1TXAR0003,20150914,SNOW,0,,,N,0800
US1TXAR0003,20150917,SNOW,0,,,N,0800
US1TXAR0003,20150918,SNOW,0,,,N,0800
US1TXAR0003,20150919,SNOW,0,,,N,0800
US1TXAR0003,20150920,SNOW,0,,,N,0800
US1TXAR0003,20150922,SNOW,0,,,N,0800
US1TXAR0003,20150923,SNOW,0,,,N,0800
US1TXAR0003,20150924,SNOW,0,,,N,0800
US1TXAR0003,20150925,SNOW,0,,,N,0800
US1TXAR0003,20150926,SNOW,0,,,N,0800
US1TXAR0003,20150928,SNOW,0,,,N,0800
US1TXAR0003,20150929,SNOW,0,,,N,0800
US1TXAR0003,20150910,DAPR,12,,,N,0800
US1TXAR0003,20150910,MDPR,513,,,N,0800
US1TXAR0003,20151001,PRCP,0,,,N,0800
US1TXAR0003,20151002,PRCP,0,,,N,0800
US1TXAR0003,20151003,PRCP,0,,,N,0800
US1TXAR0003,20151004,PRCP,0,,,N,0800
US1TXAR0003,20151006,PRCP,0,,,N,0800
US1TXAR0003,20151007,PRCP,0,,,N,0800
US1TXAR0003,20151009,PRCP,43,,,N,0800
US1TXAR0003,20151010,PRCP,320,,,N,0800
US1TXAR0003,20151011,PRCP,0,,,N,0800
US1TXAR0003,20151012,PRCP,0,,,N,0800
US1TXAR0003,20151013,PRCP,0,,,N,0800
US1TXAR0003,20151015,PRCP,0,,,N,0800
US1TXAR0003,20151016,PRCP,0,,,N,0800
US1TXAR0003,20151017,PRCP,0,,,N,0800
US1TXAR0003,20151018,PRCP,0,,,N,0800
US1TXAR0003,20151028,PRCP,0,,,N,0800
US1TXAR0003,20151029,PRCP,0,,,N,0800
US1TXAR0003,20151030,PRCP,0,,,N,0800
US1TXAR0003,20151031,PRCP,33,,,N,0800
US1TXAR0003,20151001,SNOW,0,,,N,0800
US1TXAR0003,20151002,SNOW,0,,,N,0800
US1TXAR0003,20151003,SNOW,0,,,N,0800
US1TXAR0003,20151004,SNOW,0,,,N,0800
US1TXAR0003,20151006,SNOW,0,,,N,0800
US1TXAR0003,20151007,SNOW,0,,,N,0800
US1TXAR0003,20151011,SNOW,0,,,N,0800
US1TXAR0003,20151012,SNOW,0,,,N,0800
US1TXAR0003,20151013,SNOW,0,,,N,0800
US1TXAR0003,20151015,SNOW,0,,,N,0800
US1TXAR0003,20151016,SNOW,0,,,N,0800
US1TXAR0003,20151017,SNOW,0,,,N,0800
US1TXAR0003,20151018,SNOW,0,,,N,0800
US1TXAR0003,20151028,SNOW,0,,,N,0800
US1TXAR0003,20151029,SNOW,0,,,N,0800
US1TXAR0003,20151030,SNOW,0,,,N,0800
US1TXAR0003,20151027,DAPR,2,,,N,0800
US1TXAR0003,20151027,MDPR,1295,,,N,0800
US1TXAR0003,20151101,PRCP,10,,,N,0800
US1TXAR0003,20151102,PRCP,0,,,N,0800
US1TXAR0003,20151103,PRCP,0,,,N,0800
US1TXAR0003,20151104,PRCP,0,,,N,0800
US1TXAR0003,20151105,PRCP,0,,,N,0800
US1TXAR0003,20151106,PRCP,0,,,N,0800
US1TXAR0003,20151107,PRCP,0,,,N,0800
US1TXAR0003,20151108,PRCP,30,,,N,0800
US1TXAR0003,20151110,PRCP,0,,,N,0800
US1TXAR0003,20151111,PRCP,0,,,N,0800
US1TXAR0003,20151112,PRCP,18,,,N,0800
US1TXAR0003,20151113,PRCP,0,,,N,0800
US1TXAR0003,20151114,PRCP,0,,,N,0800
US1TXAR0003,20151115,PRCP,0,,,N,0800
US1TXAR0003,20151116,PRCP,0,,,N,0800
US1TXAR0003,20151117,PRCP,3,,,N,0800
US1TXAR0003,20151118,PRCP,25,,,N,0800
US1TXAR0003,20151119,PRCP,0,,,N,0800
US1TXAR0003,20151120,PRCP,0,,,N,0800
US1TXAR0003,20151121,PRCP,3,,,N,0800
US1TXAR0003,20151122,PRCP,0,,,N,0800
US1TXAR0003,20151123,PRCP,0,,,N,0800
US1TXAR0003,20151124,PRCP,0,,,N,0800
US1TXAR0003,20151102,SNOW,0,,,N,0800
US1TXAR0003,20151103,SNOW,0,,,N,0800
US1TXAR0003,20151104,SNOW,0,,,N,0800
US1TXAR0003,20151105,SNOW,0,,,N,0800
US1TXAR0003,20151106,SNOW,0,,,N,0800
US1TXAR0003,20151107,SNOW,0,,,N,0800
US1TXAR0003,20151110,SNOW,0,,,N,0800
US1TXAR0003,20151111,SNOW,0,,,N,0800
US1TXAR0003,20151113,SNOW,0,,,N,0800
US1TXAR0003,20151114,SNOW,0,,,N,0800
US1TXAR0003,20151115,SNOW,0,,,N,0800
US1TXAR0003,20151116,SNOW,0,,,N,0800
US1TXAR0003,20151119,SNOW,0,,,N,0800
US1TXAR0003,20151120,SNOW,0,,,N,0800
US1TXAR0003,20151122,SNOW,0,,,N,0800
US1TXAR0003,20151123,SNOW,0,,,N,0800
US1TXAR0003,20151124,SNOW,0,,,N,0800
US1TXAR0003,20151213,PRCP,127,,,N,0800
US1TXAR0003,20151214,PRCP,18,,,N,0800
US1TXAR0003,20151228,PRCP,15,,,N,0800
US1TXAR0003,20151230,PRCP,20,,,N,0800
US1TXAR0003,20151231,PRCP,28,,,N,0800
US1TXAR0003,20151208,DAPR,14,,,N,0800
US1TXAR0003,20151208,MDPR,8,,,N,0800
US1TXAR0003,20160101,PRCP,3,,,N,0800
US1TXAR0003,20160102,PRCP,272,,,N,0800
US1TXAR0003,20160103,PRCP,183,,,N,0800
US1TXAR0003,20160104,PRCP,3,,,N,0800
US1TXAR0003,20160105,PRCP,0,,,N,0800
US1TXAR0003,20160106,PRCP,0,T,,N,0800
US1TXAR0003,20160107,PRCP,25,,,N,0800
US1TXAR0003,20160108,PRCP,0,,,N,0800
US1TXAR0003,20160109,PRCP,0,,,N,0800
US1TXAR0003,20160110,PRCP,0,,,N,0800
US1TXAR0003,20160111,PRCP,0,,,N,0800
US1TXAR0003,20160112,PRCP,13,,,N,0800
US1TXAR0003,20160113,PRCP,0,,,N,0800
US1TXAR0003,20160114,PRCP,0,,,N,0800
US1TXAR0003,20160115,PRCP,0,,,N,0800
US1TXAR0003,20160116,PRCP,0,,,N,0800
US1TXAR0003,20160117,PRCP,8,,,N,0800
US1TXAR0003,20160118,PRCP,0,,,N,0800
US1TXAR0003,20160119,PRCP,0,,,N,0800
US1TXAR0003,20160120,PRCP,0,,,N,0800
US1TXAR0003,20160121,PRCP,0,,,N,0800
US1TXAR0003,20160122,PRCP,0,,,N,0800
US1TXAR0003,20160123,PRCP,0,,,N,0800
US1TXAR0003,20160124,PRCP,0,,,N,0800
US1TXAR0003,20160125,PRCP,0,,,N,0800
US1TXAR0003,20160126,PRCP,0,,,N,0800
US1TXAR0003,20160127,PRCP,3,,,N,0800
US1TXAR0003,20160128,PRCP,0,,,N,0800
US1TXAR0003,20160129,PRCP,0,,,N,0800
US1TXAR0003,20160130,PRCP,0,,,N,0800
US1TXAR0003,20160131,PRCP,0,,,N,0800
US1TXAR0003,20160105,SNOW,0,,,N,0800
US1TXAR0003,20160108,SNOW,0,,,N,0800
US1TXAR0003,20160109,SNOW,0,,,N,0800
US1TXAR0003,20160110,SNOW,0,,,N,0800
US1TXAR0003,20160111,SNOW,0,,,N,0800
US1TXAR0003,20160113,SNOW,0,,,N,0800
US1TXAR0003,20160114,SNOW,0,,,N,0800
US1TXAR0003,20160115,SNOW,0,,,N,0800
US1TXAR0003,20160116,SNOW,0,,,N,0800
US1TXAR0003,20160118,SNOW,0,,,N,0800
US1TXAR0003,20160119,SNOW,0,,,N,0800
US1TXAR0003,20160120,SNOW,0,,,N,0800
US1TXAR0003,20160121,SNOW,0,,,N,0800
US1TXAR0003,20160122,SNOW,0,,,N,0800
US1TXAR0003,20160123,SNOW,0,,,N,0800
US1TXAR0003,20160124,SNOW,0,,,N,0800
US1TXAR0003,20160125,SNOW,0,,,N,0800
US1TXAR0003,20160126,SNOW,0,,,N,0800
US1TXAR0003,20160128,SNOW,0,,,N,0800
US1TXAR0003,20160129,SNOW,0,,,N,0800
US1TXAR0003,20160130,SNOW,0,,,N,0800
US1TXAR0003,20160131,SNOW,0,,,N,0800
US1TXAR0003,20160201,PRCP,0,,,N,0800
US1TXAR0003,20160202,PRCP,0,,,N,0800
US1TXAR0003,20160203,PRCP,0,,,N,0800
US1TXAR0003,20160204,PRCP,0,,,N,0800
US1TXAR0003,20160205,PRCP,0,,,N,0800
US1TXAR0003,20160206,PRCP,0,,,N,0800
US1TXAR0003,20160207,PRCP,0,,,N,0800
US1TXAR0003,20160208,PRCP,0,,,N,0800
US1TXAR0003,20160209,PRCP,0,,,N,0800
US1TXAR0003,20160210,PRCP,0,,,N,0800
US1TXAR0003,20160211,PRCP,0,,,N,0800
US1TXAR0003,20160212,PRCP,0,,,N,0800
US1TXAR0003,20160213,PRCP,0,,,N,0800
US1TXAR0003,20160214,PRCP,0,,,N,0800
US1TXAR0003,20160215,PRCP,0,,,N,0800
US1TXAR0003,20160216,PRCP,0,,,N,0800
US1TXAR0003,20160217,PRCP,0,,,N,0800
US1TXAR0003,20160218,PRCP,0,,,N,0800
US1TXAR0003,20160219,PRCP,0,,,N,0800
US1TXAR0003,20160220,PRCP,0,,,N,0800
US1TXAR0003,20160221,PRCP,0,,,N,0800
US1TXAR0003,20160222,PRCP,0,,,N,0800
US1TXAR0003,20160223,PRCP,43,,,N,0800
US1TXAR0003,20160224,PRCP,53,,,N,0800
US1TXAR0003,20160225,PRCP,0,,,N,0800
US1TXAR0003,20160226,PRCP,0,,,N,0800
US1TXAR0003,20160227,PRCP,0,,,N,0800
US1TXAR0003,20160228,PRCP,0,,,N,0800
US1TXAR0003,20160229,PRCP,0,,,N,0800
US1TXAR0003,20160201,SNOW,0,,,N,0800
US1TXAR0003,20160202,SNOW,0,,,N,0800
US1TXAR0003,20160203,SNOW,0,,,N,0800
US1TXAR0003,20160204,SNOW,0,,,N,0800
US1TXAR0003,20160205,SNOW,0,,,N,0800
US1TXAR0003,20160206,SNOW,0,,,N,0800
US1TXAR0003,20160207,SNOW,0,,,N,0800
US1TXAR0003,20160208,SNOW,0,,,N,0800
US1TXAR0003,20160209,SNOW,0,,,N,0800
US1TXAR0003,20160210,SNOW,0,,,N,0800
US1TXAR0003,20160211,SNOW,0,,,N,0800
US1TXAR0003,20160212,SNOW,0,,,N,0800
US1TXAR0003,20160213,SNOW,0,,,N,0800
US1TXAR0003,20160214,SNOW,0,,,N,0800
US1TXAR0003,20160215,SNOW,0,,,N,0800
US1TXAR0003,20160216,SNOW,0,,,N,0800
US1TXAR0003,20160217,SNOW,0,,,N,0800
US1TXAR0003,20160218,SNOW,0,,,N,0800
US1TXAR0003,20160219,SNOW,0,,,N,0800
US1TXAR0003,20160220,SNOW,0,,,N,0800
US1TXAR0003,20160221,SNOW,0,,,N,0800
US1TXAR0003,20160222,SNOW,0,,,N,0800
US1TXAR0003,20160225,SNOW,0,,,N,0800
US1TXAR0003,20160226,SNOW,0,,,N,0800
US1TXAR0003,20160227,SNOW,0,,,N,0800
US1TXAR0003,20160228,SNOW,0,,,N,0800
US1TXAR0003,20160229,SNOW,0,,,N,0800
US1TXAR0003,20160301,PRCP,0,,,N,0800
US1TXAR0003,20160302,PRCP,0,,,N,0800
US1TXAR0003,20160303,PRCP,0,,,N,0800
US1TXAR0003,20160304,PRCP,0,,,N,0800
US1TXAR0003,20160305,PRCP,0,,,N,0800
US1TXAR0003,20160306,PRCP,0,,,N,0800
US1TXAR0003,20160307,PRCP,0,,,N,0800
US1TXAR0003,20160308,PRCP,0,T,,N,0800
US1TXAR0003,20160309,PRCP,33,,,N,0800
US1TXAR0003,20160310,PRCP,1092,,,N,0800
US1TXAR0003,20160311,PRCP,3,,,N,0800
US1TXAR0003,20160312,PRCP,0,,,N,0800
US1TXAR0003,20160313,PRCP,0,,,N,0800
US1TXAR0003,20160314,PRCP,3,,,N,0800
US1TXAR0003,20160315,PRCP,0,,,N,0800
US1TXAR0003,20160316,PRCP,0,,,N,0800
US1TXAR0003,20160317,PRCP,0,,,N,0800
US1TXAR0003,20160318,PRCP,8,,,N,0800
US1TXAR0003,20160331,PRCP,0,,,N,0800
US1TXAR0003,20160301,SNOW,0,,,N,0800
US1TXAR0003,20160302,SNOW,0,,,N,0800
US1TXAR0003,20160303,SNOW,0,,,N,0800
US1TXAR0003,20160304,SNOW,0,,,N,0800
US1TXAR0003,20160305,SNOW,0,,,N,0800
US1TXAR0003,20160306,SNOW,0,,,N,0800
US1TXAR0003,20160307,SNOW,0,,,N,0800
US1TXAR0003,20160312,SNOW,0,,,N,0800
US1TXAR0003,20160313,SNOW,0,,,N,0800
US1TXAR0003,20160315,SNOW,0,,,N,0800
US1TXAR0003,20160316,SNOW,0,,,N,0800
US1TXAR0003,20160317,SNOW,0,,,N,0800
US1TXAR0003,20160331,SNOW,0,,,N,0800
US1TXAR0003,20160330,DAPR,12,,,N,0800
US1TXAR0003,20160330,MDPR,3,,,N,0800
US1TXAR0003,20160401,PRCP,0,,,N,0800
US1TXAR0003,20160402,PRCP,0,,,N,0800
US1TXAR0003,20160403,PRCP,0,,,N,0800
US1TXAR0003,20160404,PRCP,0,,,N,0800
US1TXAR0003,20160405,PRCP,0,,,N,0800
US1TXAR0003,20160406,PRCP,0,,,N,0800
US1TXAR0003,20160407,PRCP,0,,,N,0800
US1TXAR0003,20160408,PRCP,0,,,N,0800
US1TXAR0003,20160409,PRCP,0,,,N,0800
US1TXAR0003,20160410,PRCP,0,,,N,0800
US1TXAR0003,20160411,PRCP,0,,,N,0800
US1TXAR0003,20160412,PRCP,0,,,N,0800
US1TXAR0003,20160413,PRCP,48,,,N,0800
US1TXAR0003,20160414,PRCP,0,,,N,0800
US1TXAR0003,20160415,PRCP,0,,,N,0800
US1TXAR0003,20160416,PRCP,0,,,N,0800
US1TXAR0003,20160417,PRCP,0,,,N,0800
US1TXAR0003,20160418,PRCP,0,,,N,0800
US1TXAR0003,20160419,PRCP,114,,,N,0800
US1TXAR0003,20160420,PRCP,0,,,N,0800
US1TXAR0003,20160421,PRCP,0,,,N,0800
US1TXAR0003,20160430,PRCP,0,,,N,0800
US1TXAR0003,20160401,SNOW,0,,,N,0800
US1TXAR0003,20160402,SNOW,0,,,N,0800
US1TXAR0003,20160403,SNOW,0,,,N,0800
US1TXAR0003,20160404,SNOW,0,,,N,0800
US1TXAR0003,20160405,SNOW,0,,,N,0800
US1TXAR0003,20160406,SNOW,0,,,N,0800
US1TXAR0003,20160407,SNOW,0,,,N,0800
US1TXAR0003,20160408,SNOW,0,,,N,0800
US1TXAR0003,20160410,SNOW,0,,,N,0800
US1TXAR0003,20160411,SNOW,0,,,N,0800
US1TXAR0003,20160412,SNOW,0,,,N,0800
US1TXAR0003,20160414,SNOW,0,,,N,0800
US1TXAR0003,20160415,SNOW,0,,,N,0800
US1TXAR0003,20160416,SNOW,0,,,N,0800
US1TXAR0003,20160417,SNOW,0,,,N,0800
US1TXAR0003,20160418,SNOW,0,,,N,0800
US1TXAR0003,20160420,SNOW,0,,,N,0800
US1TXAR0003,20160421,SNOW,0,,,N,0800
US1TXAR0003,20160430,SNOW,0,,,N,0800
US1TXAR0003,20160429,DAPR,8,,,N,0800
US1TXAR0003,20160429,MDPR,51,,,N,0800
US1TXAR0003,20160501,PRCP,0,,,N,0800
US1TXAR0003,20160502,PRCP,0,,,N,0800
US1TXAR0003,20160503,PRCP,0,,,N,0800
US1TXAR0003,20160504,PRCP,0,,,N,0800
US1TXAR0003,20160505,PRCP,0,,,N,0800
US1TXAR0003,20160506,PRCP,0,,,N,0800
US1TXAR0003,20160507,PRCP,0,,,N,0800
US1TXAR0003,20160508,PRCP,0,,,N,0800
US1TXAR0003,20160509,PRCP,28,,,N,0800
US1TXAR0003,20160521,PRCP,0,,,N,0800
US1TXAR0003,20160501,SNOW,0,,,N,0800
US1TXAR0003,20160502,SNOW,0,,,N,0800
US1TXAR0003,20160503,SNOW,0,,,N,0800
US1TXAR0003,20160504,SNOW,0,,,N,0800
US1TXAR0003,20160505,SNOW,0,,,N,0800
US1TXAR0003,20160506,SNOW,0,,,N,0800
US1TXAR0003,20160507,SNOW,0,,,N,0800
US1TXAR0003,20160508,SNOW,0,,,N,0800
US1TXAR0003,20160521,SNOW,0,,,N,0800
US1TXAR0003,20160520,DAPR,11,,,N,0800
US1TXAR0003,20160520,MDPR,2629,,,N,0800
US1TXAR0003,20160602,PRCP,8,,,N,0800
US1TXAR0003,20160603,PRCP,127,,,N,0800
US1TXAR0003,20160604,PRCP,102,,,N,0800
US1TXAR0003,20160605,PRCP,107,,,N,0800
US1TXAR0003,20160606,PRCP,64,,,N,0800
US1TXAR0003,20160607,PRCP,25,,,N,0800
US1TXAR0003,20160616,PRCP,0,,,N,0800
US1TXAR0003,20160617,PRCP,0,,,N,0800
US1TXAR0003,20160618,PRCP,0,,,N,0800
US1TXAR0003,20160619,PRCP,61,,,N,0800
US1TXAR0003,20160620,PRCP,5,,,N,0800
US1TXAR0003,20160621,PRCP,0,,,N,0800
US1TXAR0003,20160622,PRCP,0,,,N,0800
US1TXAR0003,20160623,PRCP,0,,,N,0800
US1TXAR0003,20160624,PRCP,3,,,N,0800
US1TXAR0003,20160616,SNOW,0,,,N,0800
US1TXAR0003,20160617,SNOW,0,,,N,0800
US1TXAR0003,20160618,SNOW,0,,,N,0800
US1TXAR0003,20160621,SNOW,0,,,N,0800
US1TXAR0003,20160622,SNOW,0,,,N,0800
US1TXAR0003,20160623,SNOW,0,,,N,0800
US1TXAR0003,20160601,DAPR,11,,,N,0800
US1TXAR0003,20160615,DAPR,8,,,N,0800
US1TXAR0003,20160601,MDPR,597,,,N,0800
US1TXAR0003,20160615,MDPR,157,,,N,0800
US1TXAR0003,20160707,PRCP,0,,,N,0800
US1TXAR0003,20160708,PRCP,0,,,N,0800
US1TXAR0003,20160709,PRCP,0,,,N,0800
US1TXAR0003,20160710,PRCP,0,,,N,0800
US1TXAR0003,20160711,PRCP,0,,,N,0800
US1TXAR0003,20160712,PRCP,0,,,N,0800
US1TXAR0003,20160713,PRCP,0,,,N,0800
US1TXAR0003,20160714,PRCP,0,,,N,0800
US1TXAR0003,20160715,PRCP,0,,,N,0800
US1TXAR0003,20160716,PRCP,0,,,N,0800
US1TXAR0003,20160717,PRCP,0,,,N,0800
US1TXAR0003,20160718,PRCP,0,,,N,0800
US1TXAR0003,20160719,PRCP,0,,,N,0800
US1TXAR0003,20160720,PRCP,8,,,N,0800
US1TXAR0003,20160721,PRCP,0,,,N,0800
US1TXAR0003,20160722,PRCP,0,,,N,0800
US1TXAR0003,20160723,PRCP,0,,,N,0800
US1TXAR0003,20160724,PRCP,0,,,N,0800
US1TXAR0003,20160725,PRCP,0,,,N,0800
US1TXAR0003,20160726,PRCP,3,,,N,0800
US1TXAR0003,20160727,PRCP,279,,,N,0800
US1TXAR0003,20160728,PRCP,0,,,N,0800
US1TXAR0003,20160729,PRCP,8,,,N,0800
US1TXAR0003,20160730,PRCP,0,,,N,0800
US1TXAR0003,20160731,PRCP,0,,,N,0800
US1TXAR0003,20160707,SNOW,0,,,N,0800
US1TXAR0003,20160708,SNOW,0,,,N,0800
US1TXAR0003,20160709,SNOW,0,,,N,0800
US1TXAR0003,20160710,SNOW,0,,,N,0800
US1TXAR0003,20160711,SNOW,0,,,N,0800
US1TXAR0003,20160712,SNOW,0,,,N,0800
US1TXAR0003,20160713,SNOW,0,,,N,0800
US1TXAR0003,20160714,SNOW,0,,,N,0800
US1TXAR0003,20160715,SNOW,0,,,N,0800
US1TXAR0003,20160716,SNOW,0,,,N,0800
US1TXAR0003,20160717,SNOW,0,,,N,0800
US1TXAR0003,20160718,SNOW,0,,,N,0800
US1TXAR0003,20160719,SNOW,0,,,N,0800
US1TXAR0003,20160721,SNOW,0,,,N,0800
US1TXAR0003,20160722,SNOW,0,,,N,0800
US1TXAR0003,20160723,SNOW,0,,,N,0800
US1TXAR0003,20160724,SNOW,0,,,N,0800
US1TXAR0003,20160725,SNOW,0,,,N,0800
US1TXAR0003,20160728,SNOW,0,,,N,0800
US1TXAR0003,20160730,SNOW,0,,,N,0800
US1TXAR0003,20160731,SNOW,0,,,N,0800
US1TXAR0003,20160706,DAPR,12,,,N,0800
US1TXAR0003,20160706,MDPR,213,,,N,0800
US1TXAR0003,20160801,PRCP,0,,,N,0800
US1TXAR0003,20160802,PRCP,0,,,N,0800
US1TXAR0003,20160803,PRCP,0,,,N,0800
US1TXAR0003,20160804,PRCP,0,,,N,0800
US1TXAR0003,20160805,PRCP,0,T,,N,0800
US1TXAR0003,20160806,PRCP,0,,,N,0800
US1TXAR0003,20160807,PRCP,0,,,N,0800
US1TXAR0003,20160817,PRCP,13,,,N,0800
US1TXAR0003,20160818,PRCP,0,T,,N,0800
US1TXAR0003,20160819,PRCP,0,,,N,0800
US1TXAR0003,20160820,PRCP,0,,,N,0800
US1TXAR0003,20160821,PRCP,0,,,N,0800
US1TXAR0003,20160822,PRCP,0,,,N,0800
US1TXAR0003,20160823,PRCP,0,,,N,0800
US1TXAR0003,20160824,PRCP,0,,,N,0800
US1TXAR0003,20160825,PRCP,23,,,N,0800
US1TXAR0003,20160826,PRCP,0,,,N,0800
US1TXAR0003,20160827,PRCP,0,,,N,0800
US1TXAR0003,20160828,PRCP,0,,,N,0800
US1TXAR0003,20160829,PRCP,0,T,,N,0800
US1TXAR0003,20160830,PRCP,254,,,N,0800
US1TXAR0003,20160831,PRCP,358,,,N,0800
US1TXAR0003,20160801,SNOW,0,,,N,0800
US1TXAR0003,20160802,SNOW,0,,,N,0800
US1TXAR0003,20160803,SNOW,0,,,N,0800
US1TXAR0003,20160804,SNOW,0,,,N,0800
US1TXAR0003,20160806,SNOW,0,,,N,0800
US1TXAR0003,20160807,SNOW,0,,,N,0800
US1TXAR0003,20160819,SNOW,0,,,N,0800
US1TXAR0003,20160820,SNOW,0,,,N,0800
US1TXAR0003,20160821,SNOW,0,,,N,0800
US1TXAR0003,20160822,SNOW,0,,,N,0800
US1TXAR0003,20160823,SNOW,0,,,N,0800
US1TXAR0003,20160824,SNOW,0,,,N,0800
US1TXAR0003,20160826,SNOW,0,,,N,0800
US1TXAR0003,20160827,SNOW,0,,,N,0800
US1TXAR0003,20160828,SNOW,0,,,N,0800
US1TXAR0003,20160816,DAPR,9,,,N,0800
US1TXAR0003,20160816,MDPR,178,,,N,0800
US1TXAR0003,20160901,PRCP,10,,,N,0800
US1TXAR0003,20160902,PRCP,0,,,N,0800
US1TXAR0003,20160903,PRCP,0,,,N,0800
US1TXAR0003,20160904,PRCP,66,,,N,0800
US1TXAR0003,20160905,PRCP,5,,,N,0800
US1TXAR0003,20160906,PRCP,0,,,N,0800
US1TXAR0003,20160907,PRCP,0,,,N,0800
US1TXAR0003,20160908,PRCP,0,,,N,0800
US1TXAR0003,20160909,PRCP,0,,,N,0800
US1TXAR0003,20160910,PRCP,0,,,N,0800
US1TXAR0003,20160911,PRCP,0,,,N,0800
US1TXAR0003,20160912,PRCP,0,,,N,0800
US1TXAR0003,20160913,PRCP,0,,,N,0800
US1TXAR0003,20160929,PRCP,0,,,N,0800
US1TXAR0003,20160930,PRCP,0,,,N,0800
US1TXAR0003,20160902,SNOW,0,,,N,0800
US1TXAR0003,20160903,SNOW,0,,,N,0800
US1TXAR0003,20160906,SNOW,0,,,N,0800
US1TXAR0003,20160907,SNOW,0,,,N,0800
US1TXAR0003,20160908,SNOW,0,,,N,0800
US1TXAR0003,20160909,SNOW,0,,,N,0800
US1TXAR0003,20160910,SNOW,0,,,N,0800
US1TXAR0003,20160911,SNOW,0,,,N,0800
US1TXAR0003,20160912,SNOW,0,,,N,0800
US1TXAR0003,20160913,SNOW,0,,,N,0800
US1TXAR0003,20160929,SNOW,0,,,N,0800
US1TXAR0003,20160930,SNOW,0,,,N,0800
US1TXAR0003,20160928,DAPR,15,,,N,0800
US1TXAR0003,20160928,MDPR,330,,,N,0800
US1TXAR0003,20161001,PRCP,0,,,N,0800
US1TXAR0003,20161002,PRCP,0,,,N,0800
US1TXAR0003,20161003,PRCP,0,,,N,0800
US1TXAR0003,20161004,PRCP,0,,,N,0800
US1TXAR0003,20161005,PRCP,0,,,N,0800
US1TXAR0003,20161006,PRCP,0,,,N,0800
US1TXAR0003,20161007,PRCP,0,,,N,0800
US1TXAR0003,20161008,PRCP,0,,,N,0800
US1TXAR0003,20161009,PRCP,0,,,N,0800
US1TXAR0003,20161010,PRCP,0,,,N,0800
US1TXAR0003,20161011,PRCP,0,,,N,0800
US1TXAR0003,20161012,PRCP,0,,,N,0800
US1TXAR0003,20161013,PRCP,0,,,N,0800
US1TXAR0003,20161014,PRCP,0,,,N,0800
US1TXAR0003,20161015,PRCP,0,,,N,0800
US1TXAR0003,20161016,PRCP,0,,,N,0800
US1TXAR0003,20161017,PRCP,0,,,N,0800
US1TXAR0003,20161018,PRCP,0,,,N,0800
US1TXAR0003,20161019,PRCP,0,,,N,0800
US1TXAR0003,20161020,PRCP,0,,,N,0800
US1TXAR0003,20161021,PRCP,25,,,N,0800
US1TXAR0003,20161001,SNOW,0,,,N,0800
US1TXAR0003,20161002,SNOW,0,,,N,0800
US1TXAR0003,20161003,SNOW,0,,,N,0800
US1TXAR0003,20161004,SNOW,0,,,N,0800
US1TXAR0003,20161005,SNOW,0,,,N,0800
US1TXAR0003,20161006,SNOW,0,,,N,0800
US1TXAR0003,20161007,SNOW,0,,,N,0800
US1TXAR0003,20161008,SNOW,0,,,N,0800
US1TXAR0003,20161009,SNOW,0,,,N,0800
US1TXAR0003,20161010,SNOW,0,,,N,0800
US1TXAR0003,20161011,SNOW,0,,,N,0800
US1TXAR0003,20161012,SNOW,0,,,N,0800
US1TXAR0003,20161013,SNOW,0,,,N,0800
US1TXAR0003,20161014,SNOW,0,,,N,0800
US1TXAR0003,20161015,SNOW,0,,,N,0800
US1TXAR0003,20161016,SNOW,0,,,N,0800
US1TXAR0003,20161017,SNOW,0,,,N,0800
US1TXAR0003,20161018,SNOW,0,,,N,0800
US1TXAR0003,20161019,SNOW,0,,,N,0800
US1TXAR0003,20161020,SNOW,0,,,N,0800
US1TXAR0003,20161110,PRCP,0,,,N,0800
US1TXAR0003,20161111,PRCP,0,,,N,0800
US1TXAR0003,20161112,PRCP,0,,,N,0800
US1TXAR0003,20161113,PRCP,0,,,N,0800
US1TXAR0003,20161114,PRCP,5,,,N,0800
US1TXAR0003,20161115,PRCP,0,,,N,0800
US1TXAR0003,20161116,PRCP,0,,,N,0800
US1TXAR0003,20161117,PRCP,0,,,N,0800
US1TXAR0003,20161118,PRCP,0,,,N,0800
US1TXAR0003,20161119,PRCP,94,,,N,0800
US1TXAR0003,20161120,PRCP,0,,,N,0800
US1TXAR0003,20161110,SNOW,0,,,N,0800
US1TXAR0003,20161111,SNOW,0,,,N,0800
US1TXAR0003,20161112,SNOW,0,,,N,0800
US1TXAR0003,20161113,SNOW,0,,,N,0800
US1TXAR0003,20161115,SNOW,0,,,N,0800
US1TXAR0003,20161116,SNOW,0,,,N,0800
US1TXAR0003,20161117,SNOW,0,,,N,0800
US1TXAR0003,20161118,SNOW,0,,,N,0800
US1TXAR0003,20161120,SNOW,0,,,N,0800
US1TXAR0003,20161109,DAPR,19,,,N,0800
US1TXAR0003,20161109,MDPR,495,,,N,0800
US1TXAR0003,20161207,PRCP,0,,,N,0800
US1TXAR0003,20161208,PRCP,0,,,N,0800
US1TXAR0003,20161209,PRCP,13,,,N,0800
US1TXAR0003,20161210,PRCP,0,,,N,0800
US1TXAR0003,20161211,PRCP,0,T,,N,0800
US1TXAR0003,20161212,PRCP,0,,,N,0800
US1TXAR0003,20161213,PRCP,0,,,N,0800
US1TXAR0003,20161214,PRCP,0,,,N,0800
US1TXAR0003,20161215,PRCP,0,,,N,0800
US1TXAR0003,20161216,PRCP,18,,,N,0800
US1TXAR0003,20161217,PRCP,0,,,N,0800
US1TXAR0003,20161218,PRCP,5,,,N,0800
US1TXAR0003,20161219,PRCP,0,,,N,0800
US1TXAR0003,20161220,PRCP,0,,,N,0800
US1TXAR0003,20161221,PRCP,0,,,N,0800
US1TXAR0003,20161222,PRCP,0,T,,N,0800
US1TXAR0003,20161223,PRCP,36,,,N,0800
US1TXAR0003,20161224,PRCP,3,,,N,0800
US1TXAR0003,20161225,PRCP,0,,,N,0800
US1TXAR0003,20161226,PRCP,0,,,N,0800
US1TXAR0003,20161227,PRCP,0,,,N,0800
US1TXAR0003,20161228,PRCP,0,,,N,0800
US1TXAR0003,20161229,PRCP,0,,,N,0800
US1TXAR0003,20161230,PRCP,25,,,N,0800
US1TXAR0003,20161231,PRCP,0,,,N,0800
US1TXAR0003,20161207,SNOW,0,,,N,0800
US1TXAR0003,20161208,SNOW,0,,,N,0800
US1TXAR0003,20161210,SNOW,0,,,N,0800
US1TXAR0003,20161212,SNOW,0,,,N,0800
US1TXAR0003,20161213,SNOW,0,,,N,0800
US1TXAR0003,20161214,SNOW,0,,,N,0800
US1TXAR0003,20161215,SNOW,0,,,N,0800
US1TXAR0003,20161217,SNOW,0,,,N,0800
US1TXAR0003,20161219,SNOW,0,,,N,0800
US1TXAR0003,20161220,SNOW,0,,,N,0800
US1TXAR0003,20161221,SNOW,0,,,N,0800
US1TXAR0003,20161225,SNOW,0,,,N,0800
US1TXAR0003,20161226,SNOW,0,,,N,0800
US1TXAR0003,20161227,SNOW,0,,,N,0800
US1TXAR0003,20161228,SNOW,0,,,N,0800
US1TXAR0003,20161229,SNOW,0,,,N,0800
US1TXAR0003,20161231,SNOW,0,,,N,0800
US1TXAR0003,20161206,DAPR,16,,,N,0800
US1TXAR0003,20161206,MDPR,323,,,N,0800
US1TXAR0003,20170101,PRCP,18,,,N,0800
US1TXAR0003,20170102,PRCP,0,,,N,0800
US1TXAR0003,20170103,PRCP,0,,,N,0800
US1TXAR0003,20170104,PRCP,0,,,N,0800
US1TXAR0003,20170105,PRCP,0,,,N,0800
US1TXAR0003,20170106,PRCP,0,,,N,0800
US1TXAR0003,20170107,PRCP,0,,,N,0800
US1TXAR0003,20170108,PRCP,0,,,N,0800
US1TXAR0003,20170109,PRCP,0,,,N,0800
US1TXAR0003,20170110,PRCP,0,,,N,0800
US1TXAR0003,20170111,PRCP,0,,,N,0800
US1TXAR0003,20170112,PRCP,0,,,N,0800
US1TXAR0003,20170113,PRCP,0,,,N,0800
US1TXAR0003,20170114,PRCP,0,,,N,0800
US1TXAR0003,20170115,PRCP,25,,,N,0800
US1TXAR0003,20170116,PRCP,13,,,N,0800
US1TXAR0003,20170117,PRCP,3,,,N,0800
US1TXAR0003,20170118,PRCP,0,,,N,0800
US1TXAR0003,20170119,PRCP,61,,,N,0800
US1TXAR0003,20170120,PRCP,0,T,,N,0800
US1TXAR0003,20170121,PRCP,0,,,N,0800
US1TXAR0003,20170122,PRCP,0,,,N,0800
US1TXAR0003,20170123,PRCP,0,,,N,0800
US1TXAR0003,20170124,PRCP,0,,,N,0800
US1TXAR0003,20170125,PRCP,0,,,N,0800
US1TXAR0003,20170126,PRCP,0,,,N,0800
US1TXAR0003,20170127,PRCP,0,,,N,0800
US1TXAR0003,20170128,PRCP,0,,,N,0800
US1TXAR0003,20170129,PRCP,23,,,N,0800
US1TXAR0003,20170130,PRCP,0,,,N,0800
US1TXAR0003,20170131,PRCP,0,,,N,0800
US1TXAR0003,20170102,SNOW,0,,,N,0800
US1TXAR0003,20170103,SNOW,0,,,N,0800
US1TXAR0003,20170104,SNOW,0,,,N,0800
US1TXAR0003,20170105,SNOW,0,,,N,0800
US1TXAR0003,20170106,SNOW,0,,,N,0800
US1TXAR0003,20170107,SNOW,0,,,N,0800
US1TXAR0003,20170108,SNOW,0,,,N,0800
US1TXAR0003,20170109,SNOW,0,,,N,0800
US1TXAR0003,20170110,SNOW,0,,,N,0800
US1TXAR0003,20170111,SNOW,0,,,N,0800
US1TXAR0003,20170112,SNOW,0,,,N,0800
US1TXAR0003,20170113,SNOW,0,,,N,0800
US1TXAR0003,20170114,SNOW,0,,,N,0800
US1TXAR0003,20170118,SNOW,0,,,N,0800
US1TXAR0003,20170121,SNOW,0,,,N,0800
US1TXAR0003,20170122,SNOW,0,,,N,0800
US1TXAR0003,20170123,SNOW,0,,,N,0800
US1TXAR0003,20170124,SNOW,0,,,N,0800
US1TXAR0003,20170125,SNOW,0,,,N,0800
US1TXAR0003,20170126,SNOW,0,,,N,0800
US1TXAR0003,20170127,SNOW,0,,,N,0800
US1TXAR0003,20170128,SNOW,0,,,N,0800
US1TXAR0003,20170130,SNOW,0,,,N,0800
US1TXAR0003,20170131,SNOW,0,,,N,0800
US1TXAR0003,20170201,PRCP,0,,,N,0800
US1TXAR0003,20170202,PRCP,0,,,N,0800
US1TXAR0003,20170203,PRCP,0,,,N,0800
US1TXAR0003,20170204,PRCP,0,,,N,0800
US1TXAR0003,20170205,PRCP,25,,,N,0800
US1TXAR0003,20170206,PRCP,0,,,N,0800
US1TXAR0003,20170207,PRCP,0,,,N,0800
US1TXAR0003,20170208,PRCP,0,,,N,0800
US1TXAR0003,20170209,PRCP,0,,,N,0800
US1TXAR0003,20170218,PRCP,0,,,N,0800
US1TXAR0003,20170219,PRCP,0,,,N,0800
US1TXAR0003,20170220,PRCP,320,,,N,0800
US1TXAR0003,20170221,PRCP,13,,,N,0800
US1TXAR0003,20170222,PRCP,0,,,N,0800
US1TXAR0003,20170223,PRCP,0,,,N,0800
US1TXAR0003,20170224,PRCP,0,,,N,0800
US1TXAR0003,20170225,PRCP,0,,,N,0800
US1TXAR0003,20170226,PRCP,0,,,N,0800
US1TXAR0003,20170227,PRCP,0,,,N,0800
US1TXAR0003,20170228,PRCP,0,,,N,0800
US1TXAR0003,20170201,SNOW,0,,,N,0800
US1TXAR0003,20170202,SNOW,0,,,N,0800
US1TXAR0003,20170203,SNOW,0,,,N,0800
US1TXAR0003,20170204,SNOW,0,,,N,0800
US1TXAR0003,20170206,SNOW,0,,,N,0800
US1TXAR0003,20170207,SNOW,0,,,N,0800
US1TXAR0003,20170208,SNOW,0,,,N,0800
US1TXAR0003,20170209,SNOW,0,,,N,0800
US1TXAR0003,20170218,SNOW,0,,,N,0800
US1TXAR0003,20170219,SNOW,0,,,N,0800
US1TXAR0003,20170222,SNOW,0,,,N,0800
US1TXAR0003,20170223,SNOW,0,,,N,0800
US1TXAR0003,20170224,SNOW,0,,,N,0800
US1TXAR0003,20170225,SNOW,0,,,N,0800
US1TXAR0003,20170226,SNOW,0,,,N,0800
US1TXAR0003,20170227,SNOW,0,,,N,0800
US1TXAR0003,20170228,SNOW,0,,,N,0800
US1TXAR0003,20170217,DAPR,8,,,N,0800
US1TXAR0003,20170217,MDPR,267,,,N,0800
US1TXAR0003,20170301,PRCP,0,,,N,0800
US1TXAR0003,20170302,PRCP,20,,,N,0800
US1TXAR0003,20170303,PRCP,0,,,N,0800
US1TXAR0003,20170304,PRCP,0,,,N,0800
US1TXAR0003,20170305,PRCP,155,,,N,0800
US1TXAR0003,20170308,PRCP,0,,,N,0800
US1TXAR0003,20170309,PRCP,0,,,N,0800
US1TXAR0003,20170310,PRCP,28,,,N,0800
US1TXAR0003,20170311,PRCP,373,,,N,0800
US1TXAR0003,20170312,PRCP,467,,,N,0800
US1TXAR0003,20170331,PRCP,0,,,N,0800
US1TXAR0003,20170301,SNOW,0,,,N,0800
US1TXAR0003,20170303,SNOW,0,,,N,0800
US1TXAR0003,20170304,SNOW,0,,,N,0800
US1TXAR0003,20170308,SNOW,0,,,N,0800
US1TXAR0003,20170309,SNOW,0,,,N,0800
US1TXAR0003,20170331,SNOW,0,,,N,0800
US1TXAR0003,20170307,DAPR,2,,,N,0800
US1TXAR0003,20170330,DAPR,18,,,N,0800
US1TXAR0003,20170307,MDPR,15,,,N,0800
US1TXAR0003,20170330,MDPR,38,,,N,0800
US1TXAR0003,20170401,PRCP,0,,,N,0800
US1TXAR0003,20170402,PRCP,0,,,N,0800
US1TXAR0003,20170403,PRCP,0,,,N,0800
US1TXAR0003,20170404,PRCP,0,,,N,0800
US1TXAR0003,20170405,PRCP,0,,,N,0800
US1TXAR0003,20170406,PRCP,0,,,N,0800
US1TXAR0003,20170407,PRCP,0,,,N,0800
US1TXAR0003,20170408,PRCP,0,,,N,0800
US1TXAR0003,20170409,PRCP,0,,,N,0800
US1TXAR0003,20170410,PRCP,0,,,N,0800
US1TXAR0003,20170411,PRCP,0,,,N,0800
US1TXAR0003,20170412,PRCP,58,,,N,0800
US1TXAR0003,20170413,PRCP,0,,,N,0800
US1TXAR0003,20170414,PRCP,0,,,N,0800
US1TXAR0003,20170415,PRCP,0,,,N,0800
US1TXAR0003,20170416,PRCP,0,,,N,0800
US1TXAR0003,20170417,PRCP,0,T,,N,0800
US1TXAR0003,20170418,PRCP,66,,,N,0800
US1TXAR0003,20170419,PRCP,0,,,N,0800
US1TXAR0003,20170420,PRCP,0,,,N,0800
US1TXAR0003,20170421,PRCP,0,,,N,0800
US1TXAR0003,20170423,PRCP,0,,,N,0800
US1TXAR0003,20170424,PRCP,0,,,N,0800
US1TXAR0003,20170425,PRCP,0,,,N,0800
US1TXAR0003,20170401,SNOW,0,,,N,0800
US1TXAR0003,20170402,SNOW,0,,,N,0800
US1TXAR0003,20170403,SNOW,0,,,N,0800
US1TXAR0003,20170404,SNOW,0,,,N,0800
US1TXAR0003,20170405,SNOW,0,,,N,0800
US1TXAR0003,20170406,SNOW,0,,,N,0800
US1TXAR0003,20170407,SNOW,0,,,N,0800
US1TXAR0003,20170408,SNOW,0,,,N,0800
US1TXAR0003,20170409,SNOW,0,,,N,0800
US1TXAR0003,20170410,SNOW,0,,,N,0800
US1TXAR0003,20170411,SNOW,0,,,N,0800
US1TXAR0003,20170413,SNOW,0,,,N,0800
US1TXAR0003,20170414,SNOW,0,,,N,0800
US1TXAR0003,20170415,SNOW,0,,,N,0800
US1TXAR0003,20170416,SNOW,0,,,N,0800
US1TXAR0003,20170419,SNOW,0,,,N,0800
US1TXAR0003,20170420,SNOW,0,,,N,0800
US1TXAR0003,20170421,SNOW,0,,,N,0800
US1TXAR0003,20170423,SNOW,0,,,N,0800
US1TXAR0003,20170424,SNOW,0,,,N,0800
US1TXAR0003,20170425,SNOW,0,,,N,0800
US1TXAR0003,20170504,PRCP,58,,,N,0800
US1TXAR0003,20170524,PRCP,295,,,N,0800
US1TXAR0003,20170529,PRCP,333,,,N,0800
US1TXAR0003,20170502,DAPR,7,,,N,0800
US1TXAR0003,20170523,DAPR,7,,,N,0800
US1TXAR0003,20170502,MDPR,53,,,N,0800
US1TXAR0003,20170523,MDPR,185,,,N,0800
US1TXAR0003,20170601,PRCP,81,,,N,0800
US1TXAR0003,20170602,PRCP,218,,,N,0800
US1TXAR0003,20170603,PRCP,0,,,N,0800
US1TXAR0003,20170604,PRCP,0,,,N,0800
US1TXAR0003,20170605,PRCP,201,,,N,0800
US1TXAR0003,20170606,PRCP,84,,,N,0800
US1TXAR0003,20170607,PRCP,0,,,N,0800
US1TXAR0003,20170608,PRCP,0,,,N,0800
US1TXAR0003,20170609,PRCP,0,,,N,0800
US1TXAR0003,20170610,PRCP,0,,,N,0800
US1TXAR0003,20170611,PRCP,0,,,N,0800
US1TXAR0003,20170612,PRCP,0,,,N,0800
US1TXAR0003,20170613,PRCP,0,,,N,0800
US1TXAR0003,20170614,PRCP,0,,,N,0800
US1TXAR0003,20170617,PRCP,0,,,N,0800
US1TXAR0003,20170619,PRCP,0,,,N,0800
US1TXAR0003,20170620,PRCP,0,,,N,0800
US1TXAR0003,20170621,PRCP,0,,,N,0800
US1TXAR0003,20170622,PRCP,0,,,N,0800
US1TXAR0003,20170623,PRCP,0,,,N,0800
US1TXAR0003,20170624,PRCP,0,,,N,0800
US1TXAR0003,20170625,PRCP,25,,,N,0800
US1TXAR0003,20170629,PRCP,3,,,N,0800
US1TXAR0003,20170630,PRCP,0,,,N,0800
US1TXAR0003,20170603,SNOW,0,,,N,0800
US1TXAR0003,20170604,SNOW,0,,,N,0800
US1TXAR0003,20170607,SNOW,0,,,N,0800
US1TXAR0003,20170608,SNOW,0,,,N,0800
US1TXAR0003,20170609,SNOW,0,,,N,0800
US1TXAR0003,20170610,SNOW,0,,,N,0800
US1TXAR0003,20170611,SNOW,0,,,N,0800
US1TXAR0003,20170612,SNOW,0,,,N,0800
US1TXAR0003,20170613,SNOW,0,,,N,0800
US1TXAR0003,20170614,SNOW,0,,,N,0800
US1TXAR0003,20170617,SNOW,0,,,N,0800
US1TXAR0003,20170619,SNOW,0,,,N,0800
US1TXAR0003,20170620,SNOW,0,,,N,0800
US1TXAR0003,20170621,SNOW,0,,,N,0800
US1TXAR0003,20170622,SNOW,0,,,N,0800
US1TXAR0003,20170623,SNOW,0,,,N,0800
US1TXAR0003,20170624,SNOW,0,,,N,0800
US1TXAR0003,20170630,SNOW,0,,,N,0800
US1TXAR0003,20170628,DAPR,3,,,N,0800
US1TXAR0003,20170628,MDPR,1110,,,N,0800
US1TXAR0003,20170701,PRCP,0,,,N,0800
US1TXAR0003,20170702,PRCP,0,,,N,0800
US1TXAR0003,20170703,PRCP,0,,,N,0800
US1TXAR0003,20170704,PRCP,0,,,N,0800
US1TXAR0003,20170705,PRCP,0,,,N,0800
US1TXAR0003,20170706,PRCP,0,,,N,0800
US1TXAR0003,20170707,PRCP,0,,,N,0800
US1TXAR0003,20170708,PRCP,8,,,N,0800
US1TXAR0003,20170709,PRCP,0,,,N,0800
US1TXAR0003,20170710,PRCP,0,,,N,0800
US1TXAR0003,20170711,PRCP,0,,,N,0800
US1TXAR0003,20170712,PRCP,0,,,N,0800
US1TXAR0003,20170713,PRCP,0,,,N,0800
US1TXAR0003,20170714,PRCP,0,,,N,0800
US1TXAR0003,20170715,PRCP,0,,,N,0800
US1TXAR0003,20170716,PRCP,0,,,N,0800
US1TXAR0003,20170718,PRCP,86,,,N,0800
US1TXAR0003,20170719,PRCP,0,,,N,0800
US1TXAR0003,20170720,PRCP,0,,,N,0800
US1TXAR0003,20170721,PRCP,0,,,N,0800
US1TXAR0003,20170722,PRCP,0,,,N,0800
US1TXAR0003,20170723,PRCP,0,,,N,0800
US1TXAR0003,20170724,PRCP,0,,,N,0800
US1TXAR0003,20170725,PRCP,0,,,N,0800
US1TXAR0003,20170726,PRCP,0,,,N,0800
US1TXAR0003,20170727,PRCP,0,,,N,0800
US1TXAR0003,20170728,PRCP,0,,,N,0800
US1TXAR0003,20170730,PRCP,0,,,N,0800
US1TXAR0003,20170731,PRCP,0,,,N,0800
US1TXAR0003,20170701,SNOW,0,,,N,0800
US1TXAR0003,20170702,SNOW,0,,,N,0800
US1TXAR0003,20170703,SNOW,0,,,N,0800
US1TXAR0003,20170704,SNOW,0,,,N,0800
US1TXAR0003,20170705,SNOW,0,,,N,0800
US1TXAR0003,20170706,SNOW,0,,,N,0800
US1TXAR0003,20170707,SNOW,0,,,N,0800
US1TXAR0003,20170709,SNOW,0,,,N,0800
US1TXAR0003,20170710,SNOW,0,,,N,0800
US1TXAR0003,20170711,SNOW,0,,,N,0800
US1TXAR0003,20170712,SNOW,0,,,N,0800
US1TXAR0003,20170713,SNOW,0,,,N,0800
US1TXAR0003,20170714,SNOW,0,,,N,0800
US1TXAR0003,20170715,SNOW,0,,,N,0800
US1TXAR0003,20170716,SNOW,0,,,N,0800
US1TXAR0003,20170719,SNOW,0,,,N,0800
US1TXAR0003,20170720,SNOW,0,,,N,0800
US1TXAR0003,20170721,SNOW,0,,,N,0800
US1TXAR0003,20170722,SNOW,0,,,N,0800
US1TXAR0003,20170723,SNOW,0,,,N,0800
US1TXAR0003,20170724,SNOW,0,,,N,0800
US1TXAR0003,20170725,SNOW,0,,,N,0800
US1TXAR0003,20170726,SNOW,0,,,N,0800
US1TXAR0003,20170727,SNOW,0,,,N,0800
US1TXAR0003,20170728,SNOW,0,,,N,0800
US1TXAR0003,20170730,SNOW,0,,,N,0800
US1TXAR0003,20170731,SNOW,0,,,N,0800
US1TXAR0003,20170803,PRCP,10,,,N,0800
US1TXAR0003,20170804,PRCP,76,,,N,0800
US1TXAR0003,20170809,PRCP,3,,,N,0800
US1TXAR0003,20170811,PRCP,10,,,N,0800
US1TXAR0003,20170924,PRCP,23,,,N,0800
US1TXAR0003,20170930,PRCP,28,,,N,0800
US1TXAR0003,20171001,PRCP,0,,,N,0800
US1TXAR0003,20171002,PRCP,0,,,N,0800
US1TXAR0003,20171003,PRCP,25,,,N,0800
US1TXAR0003,20171004,PRCP,99,,,N,0800
US1TXAR0003,20171005,PRCP,0,,,N,0800
US1TXAR0003,20171006,PRCP,0,,,N,0800
US1TXAR0003,20171007,PRCP,0,,,N,0800
US1TXAR0003,20171008,PRCP,0,,,N,0800
US1TXAR0003,20171009,PRCP,0,,,N,0800
US1TXAR0003,20171010,PRCP,0,,,N,0800
US1TXAR0003,20171011,PRCP,0,T,,N,0800
US1TXAR0003,20171012,PRCP,0,,,N,0800
US1TXAR0003,20171013,PRCP,0,,,N,0800
US1TXAR0003,20171014,PRCP,0,,,N,0800
US1TXAR0003,20171015,PRCP,0,,,N,0800
US1TXAR0003,20171016,PRCP,0,,,N,0800
US1TXAR0003,20171017,PRCP,0,,,N,0800
US1TXAR0003,20171018,PRCP,0,,,N,0800
US1TXAR0003,20171019,PRCP,0,,,N,0800
US1TXAR0003,20171020,PRCP,0,,,N,0800
US1TXAR0003,20171021,PRCP,0,,,N,0800
US1TXAR0003,20171022,PRCP,0,,,N,0800
US1TXAR0003,20171023,PRCP,13,,,N,0800
US1TXAR0003,20171024,PRCP,0,,,N,0800
US1TXAR0003,20171025,PRCP,0,,,N,0800
US1TXAR0003,20171026,PRCP,0,,,N,0800
US1TXAR0003,20171027,PRCP,0,,,N,0800
US1TXAR0003,20171028,PRCP,0,,,N,0800
US1TXAR0003,20171029,PRCP,0,,,N,0800
US1TXAR0003,20171030,PRCP,0,,,N,0800
US1TXAR0003,20171031,PRCP,0,,,N,0800
US1TXAR0003,20171001,SNOW,0,,,N,0800
US1TXAR0003,20171002,SNOW,0,,,N,0800
US1TXAR0003,20171005,SNOW,0,,,N,0800
US1TXAR0003,20171006,SNOW,0,,,N,0800
US1TXAR0003,20171007,SNOW,0,,,N,0800
US1TXAR0003,20171008,SNOW,0,,,N,0800
US1TXAR0003,20171009,SNOW,0,,,N,0800
US1TXAR0003,20171010,SNOW,0,,,N,0800
US1TXAR0003,20171012,SNOW,0,,,N,0800
US1TXAR0003,20171013,SNOW,0,,,N,0800
US1TXAR0003,20171014,SNOW,0,,,N,0800
US1TXAR0003,20171015,SNOW,0,,,N,0800
US1TXAR0003,20171016,SNOW,0,,,N,0800
US1TXAR0003,20171017,SNOW,0,,,N,0800
US1TXAR0003,20171018,SNOW,0,,,N,0800
US1TXAR0003,20171019,SNOW,0,,,N,0800
US1TXAR0003,20171020,SNOW,0,,,N,0800
US1TXAR0003,20171021,SNOW,0,,,N,0800
US1TXAR0003,20171022,SNOW,0,,,N,0800
US1TXAR0003,20171024,SNOW,0,,,N,0800
US1TXAR0003,20171025,SNOW,0,,,N,0800
US1TXAR0003,20171026,SNOW,0,,,N,0800
US1TXAR0003,20171027,SNOW,0,,,N,0800
US1TXAR0003,20171028,SNOW,0,,,N,0800
US1TXAR0003,20171029,SNOW,0,,,N,0800
US1TXAR0003,20171030,SNOW,0,,,N,0800
US1TXAR0003,20171031,SNOW,0,,,N,0800
US1TXAR0003,20171101,PRCP,668,,,N,0800
US1TXAR0003,20171102,PRCP,0,,,N,0800
US1TXAR0003,20171103,PRCP,0,,,N,0800
US1TXAR0003,20171104,PRCP,0,,,N,0800
US1TXAR0003,20171105,PRCP,0,,,N,0800
US1TXAR0003,20171106,PRCP,0,,,N,0800
US1TXAR0003,20171107,PRCP,0,,,N,0800
US1TXAR0003,20171108,PRCP,5,,,N,0800
US1TXAR0003,20171109,PRCP,51,,,N,0800
US1TXAR0003,20171110,PRCP,0,,,N,0800
US1TXAR0003,20171102,SNOW,0,,,N,0800
US1TXAR0003,20171103,SNOW,0,,,N,0800
US1TXAR0003,20171104,SNOW,0,,,N,0800
US1TXAR0003,20171105,SNOW,0,,,N,0800
US1TXAR0003,20171106,SNOW,0,,,N,0800
US1TXAR0003,20171107,SNOW,0,,,N,0800
US1TXAR0003,20171110,SNOW,0,,,N,0800
US1TXAR0003,20171130,DAPR,20,,,N,0800
US1TXAR0003,20171130,MDPR,150,,,N,0800
US1TXAR0003,20171201,PRCP,0,,,N,0800
US1TXAR0003,20171202,PRCP,0,,,N,0800
US1TXAR0003,20171203,PRCP,0,,,N,0800
US1TXAR0003,20171204,PRCP,0,,,N,0800
US1TXAR0003,20171205,PRCP,0,,,N,0800
US1TXAR0003,20171206,PRCP,452,,,N,0800
US1TXAR0003,20171207,PRCP,109,,,N,0800
US1TXAR0003,20171208,PRCP,191,,,N,0800
US1TXAR0003,20171209,PRCP,15,,,N,0800
US1TXAR0003,20171210,PRCP,0,,,N,0800
US1TXAR0003,20171211,PRCP,0,,,N,0800
US1TXAR0003,20171212,PRCP,0,,,N,0800
US1TXAR0003,20171213,PRCP,0,,,N,0800
US1TXAR0003,20171214,PRCP,0,,,N,0800
US1TXAR0003,20171215,PRCP,36,,,N,0800
US1TXAR0003,20171216,PRCP,13,,,N,0800
US1TXAR0003,20171217,PRCP,109,,,N,0800
US1TXAR0003,20171218,PRCP,0,,,N,0800
US1TXAR0003,20171219,PRCP,18,,,N,0800
US1TXAR0003,20171220,PRCP,3,,,N,0800
US1TXAR0003,20171221,PRCP,0,,,N,0800
US1TXAR0003,20171222,PRCP,0,,,N,0800
US1TXAR0003,20171223,PRCP,0,,,N,0800
US1TXAR0003,20171224,PRCP,0,,,N,0800
US1TXAR0003,20171225,PRCP,0,,,N,0800
US1TXAR0003,20171226,PRCP,5,,,N,0800
US1TXAR0003,20171227,PRCP,15,,,N,0800
US1TXAR0003,20171228,PRCP,18,,,N,0800
US1TXAR0003,20171229,PRCP,0,,,N,0800
US1TXAR0003,20171230,PRCP,3,,,N,0800
US1TXAR0003,20171231,PRCP,15,,,N,0800
US1TXAR0003,20171201,SNOW,0,,,N,0800
US1TXAR0003,20171202,SNOW,0,,,N,0800
US1TXAR0003,20171203,SNOW,0,,,N,0800
US1TXAR0003,20171204,SNOW,0,,,N,0800
US1TXAR0003,20171205,SNOW,0,,,N,0800
US1TXAR0003,20171210,SNOW,0,,,N,0800
US1TXAR0003,20171211,SNOW,0,,,N,0800
US1TXAR0003,20171212,SNOW,0,,,N,0800
US1TXAR0003,20171213,SNOW,0,,,N,0800
US1TXAR0003,20171214,SNOW,0,,,N,0800
US1TXAR0003,20171218,SNOW,0,,,N,0800
US1TXAR0003,20171221,SNOW,0,,,N,0800
US1TXAR0003,20171222,SNOW,0,,,N,0800
US1TXAR0003,20171223,SNOW,0,,,N,0800
US1TXAR0003,20171224,SNOW,0,,,N,0800
US1TXAR0003,20171225,SNOW,0,,,N,0800
US1TXAR0003,20171229,SNOW,0,,,N,0800
US1TXAR0003,20180101,PRCP,0,,,N,0800
US1TXAR0003,20180102,PRCP,0,T,,N,0800
US1TXAR0003,20180103,PRCP,0,,,N,0800
US1TXAR0003,20180104,PRCP,0,,,N,0800
US1TXAR0003,20180105,PRCP,0,,,N,0800
US1TXAR0003,20180106,PRCP,0,,,N,0800
US1TXAR0003,20180107,PRCP,0,,,N,0800
US1TXAR0003,20180108,PRCP,0,,,N,0800
US1TXAR0003,20180109,PRCP,0,,,N,0800
US1TXAR0003,20180110,PRCP,0,,,N,0800
US1TXAR0003,20180111,PRCP,0,,,N,0800
US1TXAR0003,20180112,PRCP,0,,,N,0800
US1TXAR0003,20180113,PRCP,0,,,N,0800
US1TXAR0003,20180114,PRCP,0,,,N,0800
US1TXAR0003,20180121,PRCP,0,,,N,0800
US1TXAR0003,20180122,PRCP,0,,,N,0800
US1TXAR0003,20180123,PRCP,0,,,N,0800
US1TXAR0003,20180124,PRCP,0,,,N,0800
US1TXAR0003,20180126,PRCP,8,,,N,0800
US1TXAR0003,20180127,PRCP,5,,,N,0800
US1TXAR0003,20180128,PRCP,274,,,N,0800
US1TXAR0003,20180129,PRCP,0,,,N,0800
US1TXAR0003,20180130,PRCP,0,,,N,0800
US1TXAR0003,20180131,PRCP,0,,,N,0800
US1TXAR0003,20180101,SNOW,0,,,N,0800
US1TXAR0003,20180103,SNOW,0,,,N,0800
US1TXAR0003,20180104,SNOW,0,,,N,0800
US1TXAR0003,20180105,SNOW,0,,,N,0800
US1TXAR0003,20180106,SNOW,0,,,N,0800
US1TXAR0003,20180107,SNOW,0,,,N,0800
US1TXAR0003,20180108,SNOW,0,,,N,0800
US1TXAR0003,20180109,SNOW,0,,,N,0800
US1TXAR0003,20180110,SNOW,0,,,N,0800
US1TXAR0003,20180111,SNOW,0,,,N,0800
US1TXAR0003,20180112,SNOW,0,,,N,0800
US1TXAR0003,20180113,SNOW,0,,,N,0800
US1TXAR0003,20180114,SNOW,0,,,N,0800
US1TXAR0003,20180121,SNOW,0,,,N,0800
US1TXAR0003,20180122,SNOW,0,,,N,0800
US1TXAR0003,20180123,SNOW,0,,,N,0800
US1TXAR0003,20180124,SNOW,0,,,N,0800
US1TXAR0003,20180129,SNOW,0,,,N,0800
US1TXAR0003,20180130,SNOW,0,,,N,0800
US1TXAR0003,20180131,SNOW,0,,,N,0800
US1TXAR0003,20180120,DAPR,6,,,N,0800
US1TXAR0003,20180120,MDPR,41,,,N,0800
US1TXAR0003,20180205,PRCP,5,,,N,0800
US1TXAR0003,20180207,PRCP,0,T,,N,0800
US1TXAR0003,20180208,PRCP,0,T,,N,0800
US1TXAR0003,20180210,PRCP,104,,,N,0800
US1TXAR0003,20180211,PRCP,5,,,N,0800
US1TXAR0003,20180212,PRCP,8,,,N,0800
US1TXAR0003,20180226,DAPR,13,,,N,0800
US1TXAR0003,20180226,MDPR,71,,,N,0800
US1TXAR0003,20180303,PRCP,18,,,N,0800
US1TXAR0003,20180304,PRCP,18,,,N,0800
US1TXAR0003,20180307,PRCP,79,,,N,0800
US1TXAR0003,20180312,PRCP,0,T,,N,0800
US1TXAR0003,20180329,PRCP,406,,,N,0800
US1TXAR0003,20180405,PRCP,8,,,N,0800
US1TXAR0003,20180406,PRCP,8,,,N,0800
US1TXAR0003,20180409,PRCP,3,,,N,0800
US1TXAR0003,20180410,PRCP,13,,,N,0800
US1TXAR0003,20180414,PRCP,76,,,N,0800
US1TXAR0003,20180422,PRCP,56,,,N,0800
US1TXAR0003,20180404,DAPR,4,,,N,0800
US1TXAR0003,20180404,MDPR,8,,,N,0800
US1TXAR0003,20180501,PRCP,0,,,N,0800
US1TXAR0003,20180502,PRCP,0,,,N,0800
US1TXAR0003,20180503,PRCP,0,,,N,0800
US1TXAR0003,20180504,PRCP,0,,,N,0800
US1TXAR0003,20180505,PRCP,0,,,N,0800
US1TXAR0003,20180506,PRCP,0,,,N,0800
US1TXAR0003,20180507,PRCP,0,,,N,0800
US1TXAR0003,20180508,PRCP,0,,,N,0800
US1TXAR0003,20180509,PRCP,0,,,N,0800
US1TXAR0003,20180510,PRCP,0,,,N,0800
US1TXAR0003,20180512,PRCP,0,,,N,0800
US1TXAR0003,20180513,PRCP,0,,,N,0800
US1TXAR0003,20180514,PRCP,0,,,N,0800
US1TXAR0003,20180515,PRCP,0,,,N,0800
US1TXAR0003,20180516,PRCP,0,,,N,0800
US1TXAR0003,20180517,PRCP,0,,,N,0800
US1TXAR0003,20180518,PRCP,0,,,N,0800
US1TXAR0003,20180519,PRCP,0,,,N,0800
US1TXAR0003,20180520,PRCP,0,,,N,0800
US1TXAR0003,20180521,PRCP,36,,,N,0800
US1TXAR0003,20180522,PRCP,61,,,N,0800
US1TXAR0003,20180523,PRCP,0,,,N,0800
US1TXAR0003,20180524,PRCP,0,,,N,0800
US1TXAR0003,20180525,PRCP,0,,,N,0800
US1TXAR0003,20180526,PRCP,0,T,,N,0800
US1TXAR0003,20180527,PRCP,0,,,N,0800
US1TXAR0003,20180528,PRCP,0,,,N,0800
US1TXAR0003,20180529,PRCP,0,,,N,0800
US1TXAR0003,20180530,PRCP,0,,,N,0800
US1TXAR0003,20180531,PRCP,0,,,N,0800
US1TXAR0003,20180501,SNOW,0,,,N,0800
US1TXAR0003,20180502,SNOW,0,,,N,0800
US1TXAR0003,20180503,SNOW,0,,,N,0800
US1TXAR0003,20180504,SNOW,0,,,N,0800
US1TXAR0003,20180505,SNOW,0,,,N,0800
US1TXAR0003,20180506,SNOW,0,,,N,0800
US1TXAR0003,20180507,SNOW,0,,,N,0800
US1TXAR0003,20180508,SNOW,0,,,N,0800
US1TXAR0003,20180509,SNOW,0,,,N,0800
US1TXAR0003,20180510,SNOW,0,,,N,0800
US1TXAR0003,20180512,SNOW,0,,,N,0800
US1TXAR0003,20180513,SNOW,0,,,N,0800
US1TXAR0003,20180514,SNOW,0,,,N,0800
US1TXAR0003,20180515,SNOW,0,,,N,0800
US1TXAR0003,20180516,SNOW,0,,,N,0800
US1TXAR0003,20180517,SNOW,0,,,N,0800
US1TXAR0003,20180518,SNOW,0,,,N,0800
US1TXAR0003,20180519,SNOW,0,,,N,0800
US1TXAR0003,20180520,SNOW,0,,,N,0800
US1TXAR0003,20180523,SNOW,0,,,N,0800
US1TXAR0003,20180524,SNOW,0,,,N,0800
US1TXAR0003,20180525,SNOW,0,,,N,0800
US1TXAR0003,20180527,SNOW,0,,,N,0800
US1TXAR0003,20180528,SNOW,0,,,N,0800
US1TXAR0003,20180529,SNOW,0,,,N,0800
US1TXAR0003,20180530,SNOW,0,,,N,0800
US1TXAR0003,20180531,SNOW,0,,,N,0800
US1TXAR0003,20180608,PRCP,5,,,N,0800
US1TXAR0003,20180616,PRCP,43,,,N,0800
US1TXAR0003,20180618,PRCP,30,,,N,0800
US1TXAR0003,20180619,PRCP,737,,,N,0800
US1TXAR0003,20180620,PRCP,1615,,,N,0800
US1TXAR0003,20180621,PRCP,828,,,N,0800
US1TXAR0003,20180622,PRCP,264,,,N,0800
US1TXAR0003,20180625,PRCP,10,,,N,0800
US1TXAR0003,20180714,DAPR,19,,,N,0800
US1TXAR0003,20180714,MDPR,914,,,N,0800
US1TXAR0003,20180801,PRCP,246,,,N,0800
US1TXAR0003,20180804,PRCP,8,,,N,0800
US1TXAR0003,20180807,PRCP,48,,,N,0800
US1TXAR0003,20180808,PRCP,13,,,N,0800
US1TXAR0003,20180828,PRCP,8,,,N,0800
US1TXAR0003,20180901,PRCP,0,,,N,0800
US1TXAR0003,20180902,PRCP,0,,,N,0800
US1TXAR0003,20180903,PRCP,168,,,N,0800
US1TXAR0003,20180904,PRCP,0,,,N,0800
US1TXAR0003,20180905,PRCP,302,,,N,0800
US1TXAR0003,20180906,PRCP,23,,,N,0800
US1TXAR0003,20180907,PRCP,376,,,N,0800
US1TXAR0003,20180908,PRCP,36,,,N,0800
US1TXAR0003,20180909,PRCP,99,,,N,0800
US1TXAR0003,20180910,PRCP,419,,,N,0800
US1TXAR0003,20180911,PRCP,267,,,N,0800
US1TXAR0003,20180912,PRCP,681,,,N,0800
US1TXAR0003,20180913,PRCP,71,,,N,0800
US1TXAR0003,20180914,PRCP,53,,,N,0800
US1TXAR0003,20180915,PRCP,1372,,,N,0800
US1TXAR0003,20180916,PRCP,724,,,N,0800
US1TXAR0003,20180917,PRCP,216,,,N,0800
US1TXAR0003,20180918,PRCP,0,,,N,0800
US1TXAR0003,20180919,PRCP,0,,,N,0800
US1TXAR0003,20180920,PRCP,5,,,N,0800
US1TXAR0003,20180921,PRCP,13,,,N,0800
US1TXAR0003,20180922,PRCP,38,,,N,0800
US1TXAR0003,20180923,PRCP,0,,,N,0800
US1TXAR0003,20180924,PRCP,0,,,N,0800
US1TXAR0003,20180925,PRCP,0,,,N,0800
US1TXAR0003,20180926,PRCP,79,,,N,0800
US1TXAR0003,20180927,PRCP,396,,,N,0800
US1TXAR0003,20180928,PRCP,5,,,N,0800
US1TXAR0003,20180929,PRCP,155,,,N,0800
US1TXAR0003,20180930,PRCP,18,,,N,0800
US1TXAR0003,20180901,SNOW,0,,,N,0800
US1TXAR0003,20180902,SNOW,0,,,N,0800
US1TXAR0003,20180904,SNOW,0,,,N,0800
US1TXAR0003,20180918,SNOW,0,,,N,0800
US1TXAR0003,20180919,SNOW,0,,,N,0800
US1TXAR0003,20180923,SNOW,0,,,N,0800
US1TXAR0003,20180924,SNOW,0,,,N,0800
US1TXAR0003,20180925,SNOW,0,,,N,0800
US1TXAR0003,20181001,PRCP,69,,,N,0800
US1TXAR0003,20181006,PRCP,36,,,N,0800
US1TXAR0003,20181009,PRCP,160,,,N,0800
US1TXAR0003,20181010,PRCP,368,,,N,0800
US1TXAR0003,20181013,PRCP,8,,,N,0800
US1TXAR0003,20181014,PRCP,5,,,N,0800
US1TXAR0003,20181016,PRCP,10,,,N,0800
US1TXAR0003,20181019,PRCP,218,,,N,0800
US1TXAR0003,20181020,PRCP,351,,,N,0800
US1TXAR0003,20181023,PRCP,13,,,N,0800
US1TXAR0003,20181024,PRCP,18,,,N,0800
US1TXAR0003,20181025,PRCP,69,,,N,0800
US1TXAR0003,20181031,PRCP,8,,,N,0800
US1TXAR0003,20181105,PRCP,3,,,N,0800
US1TXAR0003,20181110,PRCP,594,,,N,0800
US1TXAR0003,20181112,PRCP,41,,,N,0800
US1TXAR0003,20181113,PRCP,3,,,N,0800
US1TXAR0003,20181127,DAPR,11,,,N,0800
US1TXAR0003,20181127,MDPR,305,,,N,0800
US1TXAR0003,20181208,PRCP,188,,,N,0800
US1TXAR0003,20181209,PRCP,18,,,N,0800
US1TXAR0003,20181213,PRCP,8,,,N,0800
US1TXAR0003,20181219,PRCP,8,,,N,0800
US1TXAR0003,20181227,PRCP,8,,,N,0800
US1TXAR0003,20181231,PRCP,10,,,N,0800
US1TXAR0003,20190102,PRCP,36,,,N,0800
US1TXAR0003,20190103,PRCP,53,,,N,0800
US1TXAR0003,20190104,PRCP,5,,,N,0800
US1TXAR0003,20190123,PRCP,135,,,N,0800
US1TXAR0003,20190127,PRCP,25,,,N,0800
US1TXAR0003,20190128,PRCP,8,,,N,0800
US1TXAR0003,20190119,DAPR,10,,,N,0800
US1TXAR0003,20190119,MDPR,292,,,N,0800
US1TXAR0003,20190201,PRCP,224,,,N,0800
US1TXAR0003,20190203,PRCP,213,,,N,0800
US1TXAR0003,20190205,PRCP,3,,,N,0800
US1TXAR0003,20190208,PRCP,15,,,N,0800
US1TXAR0003,20190209,PRCP,8,,,N,0800
US1TXAR0003,20190210,PRCP,38,,,N,0800
US1TXAR0003,20190212,PRCP,15,,,N,0800
US1TXAR0003,20190217,PRCP,10,,,N,0800
US1TXAR0003,20190218,PRCP,3,,,N,0800
US1TXAR0003,20190219,PRCP,5,,,N,0800
US1TXAR0003,20190220,PRCP,8,,,N,0800
US1TXAR0003,20190223,PRCP,3,,,N,0800
US1TXAR0003,20190308,PRCP,8,,,N,0800
US1TXAR0003,20190311,PRCP,3,,,N,0800
US1TXAR0003,20190316,PRCP,0,T,,N,0800
US1TXAR0003,20190317,PRCP,23,,,N,0800
US1TXAR0003,20190318,PRCP,3,,,N,0800
US1TXAR0003,20190319,PRCP,0,T,,N,0800
US1TXAR0003,20190331,PRCP,89,,,N,0800
US1TXAR0003,20190306,DAPR,9,,,N,0800
US1TXAR0003,20190306,MDPR,48,,,N,0800
US1TXAR0003,20190401,PRCP,122,,,N,0800
US1TXAR0003,20190404,PRCP,3,,,N,0800
US1TXAR0003,20190405,PRCP,3,,,N,0800
US1TXAR0003,20190407,PRCP,5,,,N,0800
US1TXAR0003,20190408,PRCP,343,,,N,0800
US1TXAR0003,20190418,PRCP,338,,,N,0800
US1TXAR0003,20190518,DAPR,29,,,N,0800
US1TXAR0003,20190518,MDPR,1397,,,N,0800
US1TXAR0003,20190605,PRCP,996,,,N,0800
US1TXAR0003,20190607,PRCP,10,,,N,0800
US1TXAR0003,20190612,PRCP,124,,,N,0800
US1TXAR0003,20190613,PRCP,8,,,N,0800
US1TXAR0003,20190617,PRCP,236,,,N,0800
US1TXAR0003,20190625,PRCP,91,,,N,0800
US1TXAR0003,20190719,PRCP,483,,,N,0800
US1TXAR0003,20190724,PRCP,170,,,N,0800
US1TXAR0003,20190709,DAPR,14,,,N,0800
US1TXAR0003,20190709,MDPR,1019,,,N,0800
US1TXAR0003,20190824,PRCP,15,,,N,0800
US1TXAR0003,20190825,PRCP,15,,,N,0800
US1TXAR0003,20190826,PRCP,18,,,N,0800
US1TXAR0003,20190831,PRCP,102,,,N,0800
US1TXAR0003,20190903,PRCP,97,,,N,0800
US1TXAR0003,20190904,PRCP,25,,,N,0800
US1TXAR0003,20190905,PRCP,678,,,N,0901
US1TXAR0003,20190906,PRCP,33,,,N,0800
US1TXAR0003,20190910,PRCP,3,,,N,0800
US1TXAR0003,20190911,PRCP,91,,,N,0800
US1TXAR0003,20190912,PRCP,229,,,N,0800
US1TXAR0003,20190913,PRCP,30,,,N,0800
US1TXAR0003,20190914,PRCP,25,,,N,0800
US1TXAR0003,20190924,PRCP,28,,,N,0800
US1TXAR0003,20190929,PRCP,46,,,N,0800
US1TXAR0003,20190930,PRCP,76,,,N,0800
US1TXAR0003,20191004,PRCP,91,,,N,0800
US1TXAR0003,20191005,PRCP,8,,,N,0800
US1TXAR0003,20191025,PRCP,282,,,N,0800
US1TXAR0003,20191029,PRCP,58,,,N,0800
US1TXAR0003,20191031,PRCP,193,,,N,0800
US1TXAR0003,20191022,DAPR,12,,,N,0800
US1TXAR0003,20191022,MDPR,206,,,N,0800
US1TXAR0003,20191128,PRCP,94,,,N,0800
US1TXAR0003,20191118,DAPR,13,,,N,0800
US1TXAR0003,20191118,MDPR,422,,,N,0800
US1TXAR0003,20191210,PRCP,3,,,N,0800
US1TXAR0003,20191211,PRCP,25,,,N,0800
US1TXAR0003,20191220,PRCP,18,,,N,0800
US1TXAR0003,20191221,PRCP,716,,,N,0800
US1TXAR0003,20200102,PRCP,107,,,N,0800
US1TXAR0003,20200103,PRCP,13,,,N,0800
US1TXAR0003,20200109,PRCP,5,,,N,0800
US1TXAR0003,20200113,PRCP,38,,,N,0800
US1TXAR0003,20200123,PRCP,272,,,N,0800
US1TXAR0003,20200126,PRCP,0,,,N,0800
US1TXAR0003,20200120,DAPR,7,,,N,0800
US1TXAR0003,20200120,MDPR,147,,,N,0800
US1TXAR0003,20200220,PRCP,3,,,N,0800
US1TXAR0003,20200224,PRCP,18,,,N,0800
US1TXAR0003,20200213,DAPR,18,,,N,0800
US1TXAR0003,20200213,MDPR,28,,,N,0800
US1TXAR0003,20200305,PRCP,10,,,N,0800
US1TXAR0003,20200322,PRCP,8,,,N,0800
US1TXAR0003,20200330,PRCP,43,,,N,0800
US1TXAR0003,20200403,PRCP,3,,,N,0800
US1TXAR0003,20200404,PRCP,102,,,N,0800
US1TXAR0003,20200405,PRCP,122,,,N,0800
US1TXAR0003,20200407,PRCP,5,,,N,0800
US1TXAR0003,20200410,PRCP,18,,,N,0800
US1TXAR0003,20200418,PRCP,23,,,N,0800
US1TXAR0003,20200419,PRCP,15,,,N,0800
