ID,DATE,ELEMENT,DATA_VALUE,M_FLAG,Q_FLAG,S_FLAG,OBS_TIME
US1TXAS0022,20190813,PRCP,0,,,N,0700
US1TXAS0022,20190814,PRCP,0,,,N,0700
US1TXAS0022,20190815,PRCP,114,,,N,0715
US1TXAS0022,20190816,PRCP,0,,,N,0700
US1TXAS0022,20190817,PRCP,0,,,N,0800
US1TXAS0022,20190818,PRCP,0,,,N,0800
US1TXAS0022,20190821,PRCP,0,,,N,0800
US1TXAS0022,20190822,PRCP,0,,,N,0800
US1TXAS0022,20190823,PRCP,0,,,N,0800
US1TXAS0022,20190826,PRCP,0,,,N,0800
US1TXAS0022,20190827,PRCP,0,,,N,0800
US1TXAS0022,20190829,PRCP,0,,,N,0800
US1TXAS0022,20190831,PRCP,13,,,N,0800
US1TXAS0022,20190813,SNOW,0,,,N,0700
US1TXAS0022,20190814,SNOW,0,,,N,0700
US1TXAS0022,20190816,SNOW,0,,,N,0700
US1TXAS0022,20190817,SNOW,0,,,N,0800
US1TXAS0022,20190818,SNOW,0,,,N,0800
US1TXAS0022,20190821,SNOW,0,,,N,0800
US1TXAS0022,20190822,SNOW,0,,,N,0800
US1TXAS0022,20190823,SNOW,0,,,N,0800
US1TXAS0022,20190826,SNOW,0,,,N,0800
US1TXAS0022,20190827,SNOW,0,,,N,0800
US1TXAS0022,20190829,SNOW,0,,,N,0800
US1TXAS0022,20190901,PRCP,0,,,N,0800
US1TXAS0022,20190902,PRCP,0,,,N,0800
US1TXAS0022,20190904,PRCP,0,,,N,0800
US1TXAS0022,20190905,PRCP,0,,,N,0800
US1TXAS0022,20190906,PRCP,0,,,N,0800
US1TXAS0022,20190909,PRCP,0,,,N,0800
US1TXAS0022,20190910,PRCP,8,,,N,0800
US1TXAS0022,20190911,PRCP,38,,,N,0700
US1TXAS0022,20190912,PRCP,13,,,N,0700
US1TXAS0022,20190913,PRCP,0,,,N,0700
US1TXAS0022,20190915,PRCP,0,,,N,0800
US1TXAS0022,20190917,PRCP,20,,,N,0630
US1TXAS0022,20190918,PRCP,18,,,N,0800
US1TXAS0022,20190919,PRCP,0,,,N,0800
US1TXAS0022,20190920,PRCP,132,,,N,0800
US1TXAS0022,20190921,PRCP,89,,,N,0800
US1TXAS0022,20190922,PRCP,8,,,N,0800
US1TXAS0022,20190924,PRCP,0,,,N,0800
US1TXAS0022,20190927,PRCP,0,,,N,0800
US1TXAS0022,20190928,PRCP,152,,,N,0800
US1TXAS0022,20190929,PRCP,3,,,N,0800
US1TXAS0022,20190901,SNOW,0,,,N,0800
US1TXAS0022,20190902,SNOW,0,,,N,0800
US1TXAS0022,20190904,SNOW,0,,,N,0800
US1TXAS0022,20190905,SNOW,0,,,N,0800
US1TXAS0022,20190906,SNOW,0,,,N,0800
US1TXAS0022,20190909,SNOW,0,,,N,0800
US1TXAS0022,20190913,SNOW,0,,,N,0700
US1TXAS0022,20190915,SNOW,0,,,N,0800
US1TXAS0022,20190919,SNOW,0,,,N,0800
US1TXAS0022,20190924,SNOW,0,,,N,0800
US1TXAS0022,20190927,SNOW,0,,,N,0800
US1TXAS0022,20191001,PRCP,0,,,N,0800
US1TXAS0022,20191003,PRCP,0,,,N,0800
US1TXAS0022,20191007,PRCP,0,,,N,0800
US1TXAS0022,20191009,PRCP,0,,,N,0800
US1TXAS0022,20191012,PRCP,69,,,N,0800
US1TXAS0022,20191014,PRCP,0,,,N,0800
US1TXAS0022,20191016,PRCP,8,,,N,0800
US1TXAS0022,20191018,PRCP,0,,,N,0800
US1TXAS0022,20191019,PRCP,0,,,N,0800
US1TXAS0022,20191020,PRCP,0,,,N,0800
US1TXAS0022,20191021,PRCP,114,,,N,0800
US1TXAS0022,20191022,PRCP,0,,,N,0800
US1TXAS0022,20191025,PRCP,201,,,N,0800
US1TXAS0022,20191029,PRCP,5,,,N,0800
US1TXAS0022,20191030,PRCP,851,,,N,0800
US1TXAS0022,20191031,PRCP,188,,,N,0800
US1TXAS0022,20191001,SNOW,0,,,N,0800
US1TXAS0022,20191003,SNOW,0,,,N,0800
US1TXAS0022,20191007,SNOW,0,,,N,0800
US1TXAS0022,20191009,SNOW,0,,,N,0800
US1TXAS0022,20191014,SNOW,0,,,N,0800
US1TXAS0022,20191018,SNOW,0,,,N,0800
US1TXAS0022,20191019,SNOW,0,,,N,0800
US1TXAS0022,20191020,SNOW,0,,,N,0800
US1TXAS0022,20191022,SNOW,0,,,N,0800
US1TXAS0022,20191101,PRCP,3,,,N,0800
US1TXAS0022,20191102,PRCP,0,,,N,0800
US1TXAS0022,20191104,PRCP,0,,,N,0800
US1TXAS0022,20191105,PRCP,0,,,N,0800
US1TXAS0022,20191107,PRCP,0,,,N,0800
US1TXAS0022,20191108,PRCP,191,,,N,0800
US1TXAS0022,20191109,PRCP,8,,,N,0800
US1TXAS0022,20191112,PRCP,13,,,N,0800
US1TXAS0022,20191114,PRCP,58,,,N,0800
US1TXAS0022,20191115,PRCP,58,,,N,0800
US1TXAS0022,20191118,PRCP,0,,,N,0800
US1TXAS0022,20191119,PRCP,0,,,N,0800
US1TXAS0022,20191120,PRCP,0,,,N,0800
US1TXAS0022,20191121,PRCP,23,,,N,0800
US1TXAS0022,20191122,PRCP,0,,,N,0800
US1TXAS0022,20191124,PRCP,0,,,N,0800
US1TXAS0022,20191126,PRCP,0,,,N,0800
US1TXAS0022,20191127,PRCP,0,,,N,0800
US1TXAS0022,20191128,PRCP,0,,,N,0800
US1TXAS0022,20191129,PRCP,15,,,N,0800
US1TXAS0022,20191102,SNOW,0,,,N,0800
US1TXAS0022,20191104,SNOW,0,,,N,0800
US1TXAS0022,20191105,SNOW,0,,,N,0800
US1TXAS0022,20191107,SNOW,0,,,N,0800
US1TXAS0022,20191118,SNOW,0,,,N,0800
US1TXAS0022,20191119,SNOW,0,,,N,0800
US1TXAS0022,20191120,SNOW,0,,,N,0800
US1TXAS0022,20191122,SNOW,0,,,N,0800
US1TXAS0022,20191124,SNOW,0,,,N,0800
US1TXAS0022,20191126,SNOW,0,,,N,0800
US1TXAS0022,20191127,SNOW,0,,,N,0800
US1TXAS0022,20191128,SNOW,0,,,N,0800
US1TXAS0022,20191201,PRCP,0,,,N,0800
US1TXAS0022,20191202,PRCP,0,,,N,0800
US1TXAS0022,20191203,PRCP,0,,,N,0800
US1TXAS0022,20191205,PRCP,0,,,N,0800
US1TXAS0022,20191206,PRCP,0,,,N,0800
US1TXAS0022,20191207,PRCP,0,,,N,0800
US1TXAS0022,20191209,PRCP,0,,,N,0800
US1TXAS0022,20191210,PRCP,43,,,N,0800
US1TXAS0022,20191211,PRCP,56,,,N,0800
US1TXAS0022,20191214,PRCP,0,,,N,0800
US1TXAS0022,20191215,PRCP,0,,,N,0800
US1TXAS0022,20191216,PRCP,0,,,N,0800
US1TXAS0022,20191217,PRCP,0,,,N,0800
US1TXAS0022,20191218,PRCP,0,,,N,0800
US1TXAS0022,20191219,PRCP,0,,,N,0800
US1TXAS0022,20191226,PRCP,0,,,N,0800
US1TXAS0022,20191227,PRCP,0,,,N,0800
US1TXAS0022,20191229,PRCP,208,,,N,1203
US1TXAS0022,20191231,PRCP,0,,,N,0800
US1TXAS0022,20191201,SNOW,0,,,N,0800
US1TXAS0022,20191202,SNOW,0,,,N,0800
US1TXAS0022,20191203,SNOW,0,,,N,0800
US1TXAS0022,20191205,SNOW,0,,,N,0800
US1TXAS0022,20191206,SNOW,0,,,N,0800
US1TXAS0022,20191207,SNOW,0,,,N,0800
US1TXAS0022,20191209,SNOW,0,,,N,0800
US1TXAS0022,20191214,SNOW,0,,,N,0800
US1TXAS0022,20191215,SNOW,0,,,N,0800
US1TXAS0022,20191216,SNOW,0,,,N,0800
US1TXAS0022,20191217,SNOW,0,,,N,0800
US1TXAS0022,20191218,SNOW,0,,,N,0800
US1TXAS0022,20191219,SNOW,0,,,N,0800
US1TXAS0022,20191226,SNOW,0,,,N,0800
US1TXAS0022,20191227,SNOW,0,,,N,0800
US1TXAS0022,20191231,SNOW,0,,,N,0800
US1TXAS0022,20200101,PRCP,0,,,N,0800
US1TXAS0022,20200102,PRCP,56,,,N,0800
US1TXAS0022,20200107,PRCP,0,,,N,0800
US1TXAS0022,20200108,PRCP,0,,,N,0800
US1TXAS0022,20200109,PRCP,0,,,N,0800
US1TXAS0022,20200110,PRCP,18,,,N,0800
US1TXAS0022,20200111,PRCP,221,,,N,0800
US1TXAS0022,20200112,PRCP,0,,,N,0800
US1TXAS0022,20200113,PRCP,0,,,N,0800
US1TXAS0022,20200114,PRCP,56,,,N,0800
US1TXAS0022,20200115,PRCP,25,,,N,0800
US1TXAS0022,20200116,PRCP,0,,,N,0805
US1TXAS0022,20200117,PRCP,25,,,N,0800
US1TXAS0022,20200118,PRCP,13,,,N,0800
US1TXAS0022,20200120,PRCP,0,,,N,0800
US1TXAS0022,20200121,PRCP,0,,,N,0800
US1TXAS0022,20200122,PRCP,66,,,N,0800
US1TXAS0022,20200123,PRCP,130,,,N,0800
US1TXAS0022,20200124,PRCP,0,,,N,0800
US1TXAS0022,20200125,PRCP,0,,,N,0800
US1TXAS0022,20200126,PRCP,20,,,N,0800
US1TXAS0022,20200127,PRCP,0,,,N,0800
US1TXAS0022,20200128,PRCP,25,,,N,0810
US1TXAS0022,20200129,PRCP,30,,,N,0800
US1TXAS0022,20200130,PRCP,0,,,N,0800
US1TXAS0022,20200131,PRCP,0,,,N,0800
US1TXAS0022,20200101,SNOW,0,,,N,0800
US1TXAS0022,20200107,SNOW,0,,,N,0800
US1TXAS0022,20200108,SNOW,0,,,N,0800
US1TXAS0022,20200109,SNOW,0,,,N,0800
US1TXAS0022,20200112,SNOW,0,,,N,0800
US1TXAS0022,20200113,SNOW,0,,,N,0800
US1TXAS0022,20200116,SNOW,0,,,N,0805
US1TXAS0022,20200120,SNOW,0,,,N,0800
US1TXAS0022,20200121,SNOW,0,,,N,0800
US1TXAS0022,20200124,SNOW,0,,,N,0800
US1TXAS0022,20200125,SNOW,0,,,N,0800
US1TXAS0022,20200127,SNOW,0,,,N,0800
US1TXAS0022,20200128,SNOW,0,,,N,0810
US1TXAS0022,20200130,SNOW,0,,,N,0800
US1TXAS0022,20200131,SNOW,0,,,N,0800
US1TXAS0022,20200202,PRCP,0,,,N,0800
US1TXAS0022,20200203,PRCP,0,,,N,0800
US1TXAS0022,20200204,PRCP,0,,,N,0800
US1TXAS0022,20200205,PRCP,8,,,N,0800
US1TXAS0022,20200206,PRCP,8,,,N,0800
US1TXAS0022,20200208,PRCP,0,,,N,0800
US1TXAS0022,20200215,PRCP,0,,,N,0800
US1TXAS0022,20200217,PRCP,8,,,N,0800
US1TXAS0022,20200219,PRCP,0,,,N,0800
US1TXAS0022,20200220,PRCP,71,,,N,0800
US1TXAS0022,20200221,PRCP,8,,,N,0800
US1TXAS0022,20200222,PRCP,0,,,N,0800
US1TXAS0022,20200223,PRCP,0,,,N,0800
US1TXAS0022,20200224,PRCP,64,,,N,0800
US1TXAS0022,20200225,PRCP,0,,,N,0800
US1TXAS0022,20200226,PRCP,0,,,N,0800
US1TXAS0022,20200227,PRCP,0,,,N,0800
US1TXAS0022,20200202,SNOW,0,,,N,0800
US1TXAS0022,20200203,SNOW,0,,,N,0800
US1TXAS0022,20200204,SNOW,0,,,N,0800
US1TXAS0022,20200208,SNOW,0,,,N,0800
US1TXAS0022,20200215,SNOW,0,,,N,0800
US1TXAS0022,20200219,SNOW,0,,,N,0800
US1TXAS0022,20200222,SNOW,0,,,N,0800
US1TXAS0022,20200223,SNOW,0,,,N,0800
US1TXAS0022,20200225,SNOW,0,,,N,0800
US1TXAS0022,20200226,SNOW,0,,,N,0800
US1TXAS0022,20200227,SNOW,0,,,N,0800
US1TXAS0022,20200214,DAPR,5,,,N,0800
US1TXAS0022,20200214,MDPR,254,,,N,0800
US1TXAS0022,20200301,PRCP,0,,,N,0800
US1TXAS0022,20200302,PRCP,0,,,N,0800
US1TXAS0022,20200303,PRCP,0,,,N,0800
US1TXAS0022,20200304,PRCP,140,,,N,1829
US1TXAS0022,20200306,PRCP,0,,,N,0800
US1TXAS0022,20200307,PRCP,0,,,N,0800
US1TXAS0022,20200308,PRCP,0,,,N,0800
US1TXAS0022,20200309,PRCP,0,,,N,0800
US1TXAS0022,20200314,PRCP,0,,,N,0800
US1TXAS0022,20200315,PRCP,0,,,N,0800
US1TXAS0022,20200316,PRCP,0,,,N,0802
US1TXAS0022,20200318,PRCP,0,,,N,0800
US1TXAS0022,20200319,PRCP,0,,,N,0800
US1TXAS0022,20200320,PRCP,315,,,N,0800
US1TXAS0022,20200321,PRCP,165,,,N,0800
US1TXAS0022,20200322,PRCP,122,,,N,0800
US1TXAS0022,20200323,PRCP,18,,,N,0800
US1TXAS0022,20200324,PRCP,0,,,N,0800
US1TXAS0022,20200326,PRCP,0,,,N,0800
US1TXAS0022,20200328,PRCP,0,,,N,0800
US1TXAS0022,20200329,PRCP,25,,,N,0800
US1TXAS0022,20200330,PRCP,0,,,N,0800
US1TXAS0022,20200331,PRCP,0,,,N,0810
US1TXAS0022,20200301,SNOW,0,,,N,0800
US1TXAS0022,20200302,SNOW,0,,,N,0800
US1TXAS0022,20200303,SNOW,0,,,N,0800
US1TXAS0022,20200305,SNOW,0,,,N,0800
US1TXAS0022,20200306,SNOW,0,,,N,0800
US1TXAS0022,20200307,SNOW,0,,,N,0800
US1TXAS0022,20200308,SNOW,0,,,N,0800
US1TXAS0022,20200309,SNOW,0,,,N,0800
US1TXAS0022,20200314,SNOW,0,,,N,0800
US1TXAS0022,20200315,SNOW,0,,,N,0800
US1TXAS0022,20200316,SNOW,0,,,N,0802
US1TXAS0022,20200318,SNOW,0,,,N,0800
US1TXAS0022,20200319,SNOW,0,,,N,0800
US1TXAS0022,20200324,SNOW,0,,,N,0800
US1TXAS0022,20200326,SNOW,0,,,N,0800
US1TXAS0022,20200328,SNOW,0,,,N,0800
US1TXAS0022,20200330,SNOW,0,,,N,0800
US1TXAS0022,20200331,SNOW,0,,,N,0810
US1TXAS0022,20200311,DAPR,2,,,N,0800
US1TXAS0022,20200311,MDPR,13,,,N,0800
US1TXAS0022,20200401,PRCP,0,,,N,0800
US1TXAS0022,20200402,PRCP,0,,,N,0800
US1TXAS0022,20200404,PRCP,457,,,N,0800
US1TXAS0022,20200405,PRCP,165,,,N,0800
US1TXAS0022,20200409,PRCP,0,,,N,0800
US1TXAS0022,20200410,PRCP,8,,,N,0800
US1TXAS0022,20200411,PRCP,0,,,N,0800
US1TXAS0022,20200412,PRCP,0,,,N,0800
US1TXAS0022,20200413,PRCP,0,,,N,0800
US1TXAS0022,20200415,PRCP,0,,,N,0800
US1TXAS0022,20200416,PRCP,0,,,N,0800
US1TXAS0022,20200418,PRCP,36,,,N,0800
US1TXAS0022,20200419,PRCP,185,,,N,0800
US1TXAS0022,20200420,PRCP,43,,,N,0800
US1TXAS0022,20200421,PRCP,0,,,N,0800
US1TXAS0022,20200423,PRCP,0,,,N,0800
US1TXAS0022,20200424,PRCP,0,,,N,0800
US1TXAS0022,20200427,PRCP,0,,,N,0800
US1TXAS0022,20200428,PRCP,0,,,N,0800
US1TXAS0022,20200430,PRCP,0,,,N,0800
US1TXAS0022,20200401,SNOW,0,,,N,0800
US1TXAS0022,20200402,SNOW,0,,,N,0800
US1TXAS0022,20200409,SNOW,0,,,N,0800
US1TXAS0022,20200411,SNOW,0,,,N,0800
US1TXAS0022,20200412,SNOW,0,,,N,0800
US1TXAS0022,20200413,SNOW,0,,,N,0800
US1TXAS0022,20200415,SNOW,0,,,N,0800
US1TXAS0022,20200416,SNOW,0,,,N,0800
US1TXAS0022,20200421,SNOW,0,,,N,0800
US1TXAS0022,20200423,SNOW,0,,,N,0800
US1TXAS0022,20200424,SNOW,0,,,N,0800
US1TXAS0022,20200427,SNOW,0,,,N,0800
US1TXAS0022,20200428,SNOW,0,,,N,0800
US1TXAS0022,20200430,SNOW,0,,,N,0800
US1TXAS0022,20200501,PRCP,0,,,N,0800
US1TXAS0022,20200502,PRCP,0,,,N,0800
US1TXAS0022,20200503,PRCP,0,,,N,0800
US1TXAS0022,20200504,PRCP,0,,,N,0800
US1TXAS0022,20200506,PRCP,13,,,N,0800
US1TXAS0022,20200507,PRCP,0,,,N,0800
US1TXAS0022,20200508,PRCP,0,,,N,0800
US1TXAS0022,20200509,PRCP,0,,,N,0800
US1TXAS0022,20200510,PRCP,0,,,N,0800
US1TXAS0022,20200511,PRCP,0,,,N,0800
US1TXAS0022,20200513,PRCP,246,,,N,0800
US1TXAS0022,20200514,PRCP,0,,,N,0800
US1TXAS0022,20200515,PRCP,0,,,N,0800
US1TXAS0022,20200516,PRCP,246,,,N,0800
US1TXAS0022,20200517,PRCP,0,,,N,0800
US1TXAS0022,20200518,PRCP,0,,,N,0800
US1TXAS0022,20200519,PRCP,0,,,N,0800
US1TXAS0022,20200520,PRCP,0,,,N,0800
US1TXAS0022,20200521,PRCP,0,,,N,0800
US1TXAS0022,20200522,PRCP,0,,,N,0800
US1TXAS0022,20200523,PRCP,0,,,N,0800
US1TXAS0022,20200524,PRCP,10,,,N,0800
US1TXAS0022,20200525,PRCP,622,,,N,0800
US1TXAS0022,20200526,PRCP,239,,,N,0800
US1TXAS0022,20200527,PRCP,0,,,N,0800
US1TXAS0022,20200528,PRCP,254,,,N,0800
US1TXAS0022,20200529,PRCP,0,,,N,0800
US1TXAS0022,20200531,PRCP,0,,,N,0800
US1TXAS0022,20200501,SNOW,0,,,N,0800
US1TXAS0022,20200502,SNOW,0,,,N,0800
US1TXAS0022,20200503,SNOW,0,,,N,0800
US1TXAS0022,20200504,SNOW,0,,,N,0800
US1TXAS0022,20200507,SNOW,0,,,N,0800
US1TXAS0022,20200508,SNOW,0,,,N,0800
US1TXAS0022,20200509,SNOW,0,,,N,0800
US1TXAS0022,20200510,SNOW,0,,,N,0800
US1TXAS0022,20200511,SNOW,0,,,N,0800
US1TXAS0022,20200514,SNOW,0,,,N,0800
US1TXAS0022,20200515,SNOW,0,,,N,0800
US1TXAS0022,20200517,SNOW,0,,,N,0800
US1TXAS0022,20200518,SNOW,0,,,N,0800
US1TXAS0022,20200519,SNOW,0,,,N,0800
US1TXAS0022,20200520,SNOW,0,,,N,0800
US1TXAS0022,20200521,SNOW,0,,,N,0800
US1TXAS0022,20200522,SNOW,0,,,N,0800
US1TXAS0022,20200523,SNOW,0,,,N,0800
US1TXAS0022,20200527,SNOW,0,,,N,0800
US1TXAS0022,20200529,SNOW,0,,,N,0800
US1TXAS0022,20200531,SNOW,0,,,N,0800
US1TXAS0022,20200602,PRCP,13,,,N,0805
US1TXAS0022,20200603,PRCP,0,,,N,0800
US1TXAS0022,20200604,PRCP,15,,,N,0800
US1TXAS0022,20200605,PRCP,0,,,N,0800
US1TXAS0022,20200606,PRCP,0,,,N,0800
US1TXAS0022,20200607,PRCP,0,,,N,0800
US1TXAS0022,20200608,PRCP,0,,,N,0800
US1TXAS0022,20200609,PRCP,0,,,N,0800
US1TXAS0022,20200611,PRCP,0,,,N,0800
US1TXAS0022,20200612,PRCP,0,,,N,0800
US1TXAS0022,20200613,PRCP,0,,,N,0800
US1TXAS0022,20200614,PRCP,0,,,N,0800
US1TXAS0022,20200615,PRCP,0,,,N,0800
US1TXAS0022,20200616,PRCP,0,,,N,0800
US1TXAS0022,20200618,PRCP,0,,,N,0800
US1TXAS0022,20200619,PRCP,0,,,N,0800
US1TXAS0022,20200620,PRCP,15,,,N,0800
US1TXAS0022,20200621,PRCP,8,,,N,0800
US1TXAS0022,20200622,PRCP,0,,,N,0800
US1TXAS0022,20200623,PRCP,38,,,N,0800
US1TXAS0022,20200624,PRCP,76,,,N,0800
US1TXAS0022,20200625,PRCP,183,,,N,0800
US1TXAS0022,20200626,PRCP,8,,,N,0800
US1TXAS0022,20200627,PRCP,13,,,N,0800
US1TXAS0022,20200628,PRCP,0,,,N,0800
US1TXAS0022,20200629,PRCP,0,,,N,0800
US1TXAS0022,20200630,PRCP,0,,,N,0800
US1TXAS0022,20200603,SNOW,0,,,N,0800
US1TXAS0022,20200605,SNOW,0,,,N,0800
US1TXAS0022,20200606,SNOW,0,,,N,0800
US1TXAS0022,20200607,SNOW,0,,,N,0800
US1TXAS0022,20200608,SNOW,0,,,N,0800
US1TXAS0022,20200609,SNOW,0,,,N,0800
US1TXAS0022,20200611,SNOW,0,,,N,0800
US1TXAS0022,20200612,SNOW,0,,,N,0800
US1TXAS0022,20200613,SNOW,0,,,N,0800
US1TXAS0022,20200614,SNOW,0,,,N,0800
US1TXAS0022,20200615,SNOW,0,,,N,0800
US1TXAS0022,20200616,SNOW,0,,,N,0800
US1TXAS0022,20200618,SNOW,0,,,N,0800
US1TXAS0022,20200619,SNOW,0,,,N,0800
US1TXAS0022,20200622,SNOW,0,,,N,0800
US1TXAS0022,20200628,SNOW,0,,,N,0800
US1TXAS0022,20200629,SNOW,0,,,N,0800
US1TXAS0022,20200630,SNOW,0,,,N,0800
US1TXAS0022,20200701,PRCP,0,,,N,0800
US1TXAS0022,20200702,PRCP,0,,,N,0800
US1TXAS0022,20200703,PRCP,0,,,N,0800
US1TXAS0022,20200704,PRCP,0,,,N,0800
US1TXAS0022,20200705,PRCP,0,,,N,0800
US1TXAS0022,20200706,PRCP,0,,,N,0800
US1TXAS0022,20200707,PRCP,0,,,N,0700
US1TXAS0022,20200708,PRCP,0,,,N,0800
US1TXAS0022,20200709,PRCP,0,,,N,0700
US1TXAS0022,20200710,PRCP,0,,,N,1000
US1TXAS0022,20200711,PRCP,0,,,N,1000
US1TXAS0022,20200712,PRCP,0,,,N,0800
US1TXAS0022,20200713,PRCP,0,,,N,1000
US1TXAS0022,20200714,PRCP,0,,,N,1000
US1TXAS0022,20200715,PRCP,0,,,N,0800
US1TXAS0022,20200716,PRCP,0,,,N,0700
US1TXAS0022,20200719,PRCP,0,,,N,0800
US1TXAS0022,20200720,PRCP,0,,,N,0800
US1TXAS0022,20200722,PRCP,0,,,N,0800
US1TXAS0022,20200723,PRCP,30,,,N,0800
US1TXAS0022,20200725,PRCP,0,,,N,0800
US1TXAS0022,20200726,PRCP,155,,,N,0800
US1TXAS0022,20200727,PRCP,0,,,N,0800
US1TXAS0022,20200728,PRCP,23,,,N,0730
US1TXAS0022,20200729,PRCP,0,,,N,0730
US1TXAS0022,20200730,PRCP,0,,,N,0800
US1TXAS0022,20200731,PRCP,0,,,N,0800
US1TXAS0022,20200701,SNOW,0,,,N,0800
US1TXAS0022,20200702,SNOW,0,,,N,0800
US1TXAS0022,20200703,SNOW,0,,,N,0800
US1TXAS0022,20200704,SNOW,0,,,N,0800
US1TXAS0022,20200705,SNOW,0,,,N,0800
US1TXAS0022,20200706,SNOW,0,,,N,0800
US1TXAS0022,20200707,SNOW,0,,,N,0700
US1TXAS0022,20200708,SNOW,0,,,N,0800
US1TXAS0022,20200709,SNOW,0,,,N,0700
US1TXAS0022,20200710,SNOW,0,,,N,1000
US1TXAS0022,20200711,SNOW,0,,,N,1000
US1TXAS0022,20200712,SNOW,0,,,N,0800
US1TXAS0022,20200713,SNOW,0,,,N,1000
US1TXAS0022,20200714,SNOW,0,,,N,1000
US1TXAS0022,20200715,SNOW,0,,,N,0800
US1TXAS0022,20200716,SNOW,0,,,N,0700
US1TXAS0022,20200719,SNOW,0,,,N,0800
US1TXAS0022,20200720,SNOW,0,,,N,0800
US1TXAS0022,20200722,SNOW,0,,,N,0800
US1TXAS0022,20200725,SNOW,0,,,N,0800
US1TXAS0022,20200727,SNOW,0,,,N,0800
US1TXAS0022,20200729,SNOW,0,,,N,0730
US1TXAS0022,20200730,SNOW,0,,,N,0800
US1TXAS0022,20200731,SNOW,0,,,N,0800
US1TXAS0022,20200801,PRCP,724,,,N,0800
US1TXAS0022,20200802,PRCP,43,,,N,0800
US1TXAS0022,20200803,PRCP,188,,,N,0800
US1TXAS0022,20200804,PRCP,0,,,N,0800
US1TXAS0022,20200805,PRCP,0,,,N,0800
US1TXAS0022,20200806,PRCP,0,,,N,0800
US1TXAS0022,20200807,PRCP,0,,,N,0800
US1TXAS0022,20200808,PRCP,0,,,N,0800
US1TXAS0022,20200809,PRCP,0,,,N,0800
US1TXAS0022,20200810,PRCP,0,,,N,0730
US1TXAS0022,20200811,PRCP,0,,,N,0800
US1TXAS0022,20200812,PRCP,0,,,N,0800
US1TXAS0022,20200813,PRCP,0,,,N,0800
US1TXAS0022,20200814,PRCP,0,,,N,0800
US1TXAS0022,20200815,PRCP,0,,,N,0800
US1TXAS0022,20200816,PRCP,0,,,N,0800
US1TXAS0022,20200817,PRCP,0,,,N,0800
US1TXAS0022,20200818,PRCP,0,,,N,0800
US1TXAS0022,20200819,PRCP,0,,,N,0800
US1TXAS0022,20200820,PRCP,0,,,N,0800
US1TXAS0022,20200821,PRCP,0,,,N,0800
US1TXAS0022,20200822,PRCP,0,,,N,0800
US1TXAS0022,20200823,PRCP,0,,,N,0800
US1TXAS0022,20200824,PRCP,0,,,N,0800
US1TXAS0022,20200826,PRCP,0,,,N,0800
US1TXAS0022,20200827,PRCP,89,,,N,0800
US1TXAS0022,20200829,PRCP,152,,,N,0800
US1TXAS0022,20200830,PRCP,0,,,N,0800
US1TXAS0022,20200831,PRCP,0,,,N,0800
US1TXAS0022,20200804,SNOW,0,,,N,0800
US1TXAS0022,20200805,SNOW,0,,,N,0800
US1TXAS0022,20200806,SNOW,0,,,N,0800
US1TXAS0022,20200807,SNOW,0,,,N,0800
US1TXAS0022,20200808,SNOW,0,,,N,0800
US1TXAS0022,20200809,SNOW,0,,,N,0800
US1TXAS0022,20200810,SNOW,0,,,N,0730
US1TXAS0022,20200811,SNOW,0,,,N,0800
US1TXAS0022,20200812,SNOW,0,,,N,0800
US1TXAS0022,20200813,SNOW,0,,,N,0800
US1TXAS0022,20200814,SNOW,0,,,N,0800
US1TXAS0022,20200815,SNOW,0,,,N,0800
US1TXAS0022,20200816,SNOW,0,,,N,0800
US1TXAS0022,20200817,SNOW,0,,,N,0800
US1TXAS0022,20200818,SNOW,0,,,N,0800
US1TXAS0022,20200819,SNOW,0,,,N,0800
US1TXAS0022,20200820,SNOW,0,,,N,0800
US1TXAS0022,20200821,SNOW,0,,,N,0800
US1TXAS0022,20200822,SNOW,0,,,N,0800
US1TXAS0022,20200823,SNOW,0,,,N,0800
US1TXAS0022,20200824,SNOW,0,,,N,0800
US1TXAS0022,20200826,SNOW,0,,,N,0800
US1TXAS0022,20200830,SNOW,0,,,N,0800
US1TXAS0022,20200831,SNOW,0,,,N,0800
US1TXAS0022,20200901,PRCP,0,,,N,0800
US1TXAS0022,20200903,PRCP,0,,,N,0716
US1TXAS0022,20200905,PRCP,208,,,N,0800
US1TXAS0022,20200907,PRCP,0,,,N,0800
US1TXAS0022,20200908,PRCP,0,,,N,0800
US1TXAS0022,20200909,PRCP,28,,,N,0800
US1TXAS0022,20200910,PRCP,10,,,N,0800
US1TXAS0022,20200911,PRCP,213,,,N,0800
US1TXAS0022,20200912,PRCP,0,,,N,0800
US1TXAS0022,20200913,PRCP,0,,,N,0800
US1TXAS0022,20200914,PRCP,76,,,N,0800
US1TXAS0022,20200915,PRCP,0,,,N,0800
US1TXAS0022,20200916,PRCP,0,,,N,0800
US1TXAS0022,20200917,PRCP,0,,,N,0800
US1TXAS0022,20200918,PRCP,0,,,N,0800
US1TXAS0022,20200919,PRCP,0,,,N,0800
US1TXAS0022,20200921,PRCP,188,,,N,0800
US1TXAS0022,20200922,PRCP,711,,,N,0800
US1TXAS0022,20200923,PRCP,635,,,N,0800
US1TXAS0022,20200924,PRCP,10,,,N,0800
US1TXAS0022,20200925,PRCP,0,,,N,0800
US1TXAS0022,20200926,PRCP,0,,,N,0800
US1TXAS0022,20200927,PRCP,0,,,N,0800
US1TXAS0022,20200928,PRCP,13,,,N,0800
US1TXAS0022,20200929,PRCP,0,,,N,0800
US1TXAS0022,20200930,PRCP,0,,,N,0800
US1TXAS0022,20200901,SNOW,0,,,N,0800
US1TXAS0022,20200903,SNOW,0,,,N,0716
US1TXAS0022,20200907,SNOW,0,,,N,0800
US1TXAS0022,20200908,SNOW,0,,,N,0800
US1TXAS0022,20200912,SNOW,0,,,N,0800
US1TXAS0022,20200913,SNOW,0,,,N,0800
US1TXAS0022,20200915,SNOW,0,,,N,0800
US1TXAS0022,20200916,SNOW,0,,,N,0800
US1TXAS0022,20200917,SNOW,0,,,N,0800
US1TXAS0022,20200918,SNOW,0,,,N,0800
US1TXAS0022,20200919,SNOW,0,,,N,0800
US1TXAS0022,20200925,SNOW,0,,,N,0800
US1TXAS0022,20200926,SNOW,0,,,N,0800
US1TXAS0022,20200927,SNOW,0,,,N,0800
US1TXAS0022,20200929,SNOW,0,,,N,0800
US1TXAS0022,20200930,SNOW,0,,,N,0800
US1TXAS0022,20201001,PRCP,0,,,N,0800
US1TXAS0022,20201002,PRCP,0,,,N,0800
US1TXAS0022,20201003,PRCP,0,,,N,0800
US1TXAS0022,20201004,PRCP,0,,,N,0800
US1TXAS0022,20201005,PRCP,0,,,N,0800
US1TXAS0022,20201007,PRCP,0,,,N,0800
US1TXAS0022,20201008,PRCP,0,,,N,0800
US1TXAS0022,20201009,PRCP,0,,,N,0800
US1TXAS0022,20201010,PRCP,0,,,N,0800
US1TXAS0022,20201011,PRCP,0,,,N,0800
US1TXAS0022,20201012,PRCP,0,,,N,0800
US1TXAS0022,20201013,PRCP,0,,,N,0800
US1TXAS0022,20201014,PRCP,0,,,N,0800
US1TXAS0022,20201015,PRCP,0,,,N,0800
US1TXAS0022,20201016,PRCP,5,,,N,0800
US1TXAS0022,20201017,PRCP,0,,,N,0800
US1TXAS0022,20201018,PRCP,10,,,N,0800
US1TXAS0022,20201019,PRCP,0,,,N,0800
US1TXAS0022,20201020,PRCP,0,,,N,0800
US1TXAS0022,20201021,PRCP,0,,,N,0800
US1TXAS0022,20201022,PRCP,0,,,N,0800
US1TXAS0022,20201023,PRCP,0,,,N,0800
US1TXAS0022,20201025,PRCP,0,,,N,0800
US1TXAS0022,20201028,PRCP,165,,,N,0800
US1TXAS0022,20201029,PRCP,0,,,N,0800
US1TXAS0022,20201030,PRCP,0,,,N,0800
US1TXAS0022,20201031,PRCP,0,,,N,0800
US1TXAS0022,20201001,SNOW,0,,,N,0800
US1TXAS0022,20201002,SNOW,0,,,N,0800
US1TXAS0022,20201003,SNOW,0,,,N,0800
US1TXAS0022,20201004,SNOW,0,,,N,0800
US1TXAS0022,20201005,SNOW,0,,,N,0800
US1TXAS0022,20201007,SNOW,0,,,N,0800
US1TXAS0022,20201008,SNOW,0,,,N,0800
US1TXAS0022,20201009,SNOW,0,,,N,0800
US1TXAS0022,20201010,SNOW,0,,,N,0800
US1TXAS0022,20201011,SNOW,0,,,N,0800
US1TXAS0022,20201012,SNOW,0,,,N,0800
US1TXAS0022,20201013,SNOW,0,,,N,0800
US1TXAS0022,20201014,SNOW,0,,,N,0800
US1TXAS0022,20201015,SNOW,0,,,N,0800
US1TXAS0022,20201017,SNOW,0,,,N,0800
US1TXAS0022,20201019,SNOW,0,,,N,0800
US1TXAS0022,20201020,SNOW,0,,,N,0800
US1TXAS0022,20201021,SNOW,0,,,N,0800
US1TXAS0022,20201022,SNOW,0,,,N,0800
US1TXAS0022,20201023,SNOW,0,,,N,0800
US1TXAS0022,20201025,SNOW,0,,,N,0800
US1TXAS0022,20201029,SNOW,0,,,N,0800
US1TXAS0022,20201030,SNOW,0,,,N,0800
US1TXAS0022,20201031,SNOW,0,,,N,0800
US1TXAS0022,20201101,PRCP,0,,,N,0800
US1TXAS0022,20201102,PRCP,0,,,N,0800
US1TXAS0022,20201103,PRCP,0,,,N,0800
US1TXAS0022,20201104,PRCP,0,,,N,0800
US1TXAS0022,20201105,PRCP,0,,,N,0800
US1TXAS0022,20201106,PRCP,0,,,N,0800
US1TXAS0022,20201110,PRCP,0,,,N,0800
US1TXAS0022,20201111,PRCP,0,,,N,0800
US1TXAS0022,20201112,PRCP,0,,,N,0800
US1TXAS0022,20201113,PRCP,0,,,N,0800
US1TXAS0022,20201114,PRCP,15,,,N,0800
US1TXAS0022,20201116,PRCP,0,,,N,0800
US1TXAS0022,20201117,PRCP,0,,,N,0800
US1TXAS0022,20201118,PRCP,0,,,N,0800
US1TXAS0022,20201119,PRCP,0,,,N,0800
US1TXAS0022,20201120,PRCP,0,,,N,0800
US1TXAS0022,20201121,PRCP,0,,,N,0800
US1TXAS0022,20201123,PRCP,5,,,N,0800
US1TXAS0022,20201124,PRCP,0,,,N,0800
US1TXAS0022,20201126,PRCP,0,,,N,0800
US1TXAS0022,20201127,PRCP,23,,,N,0800
US1TXAS0022,20201128,PRCP,165,,,N,0800
US1TXAS0022,20201129,PRCP,419,,,N,0800
US1TXAS0022,20201130,PRCP,0,,,N,0800
US1TXAS0022,20201101,SNOW,0,,,N,0800
US1TXAS0022,20201102,SNOW,0,,,N,0800
US1TXAS0022,20201103,SNOW,0,,,N,0800
US1TXAS0022,20201104,SNOW,0,,,N,0800
US1TXAS0022,20201105,SNOW,0,,,N,0800
US1TXAS0022,20201106,SNOW,0,,,N,0800
US1TXAS0022,20201110,SNOW,0,,,N,0800
US1TXAS0022,20201111,SNOW,0,,,N,0800
US1TXAS0022,20201112,SNOW,0,,,N,0800
US1TXAS0022,20201113,SNOW,0,,,N,0800
US1TXAS0022,20201116,SNOW,0,,,N,0800
US1TXAS0022,20201117,SNOW,0,,,N,0800
US1TXAS0022,20201118,SNOW,0,,,N,0800
US1TXAS0022,20201119,SNOW,0,,,N,0800
US1TXAS0022,20201120,SNOW,0,,,N,0800
US1TXAS0022,20201121,SNOW,0,,,N,0800
US1TXAS0022,20201124,SNOW,0,,,N,0800
US1TXAS0022,20201126,SNOW,0,,,N,0800
US1TXAS0022,20201130,SNOW,0,,,N,0800
US1TXAS0022,20201202,PRCP,64,,,N,0800
US1TXAS0022,20201203,PRCP,15,,,N,0800
US1TXAS0022,20201204,PRCP,0,,,N,0800
US1TXAS0022,20201205,PRCP,0,,,N,0800
US1TXAS0022,20201207,PRCP,0,,,N,0800
US1TXAS0022,20201208,PRCP,0,,,N,0800
US1TXAS0022,20201209,PRCP,0,,,N,0800
US1TXAS0022,20201210,PRCP,0,,,N,0800
US1TXAS0022,20201211,PRCP,0,,,N,0800
US1TXAS0022,20201213,PRCP,33,,,N,0800
US1TXAS0022,20201214,PRCP,33,,,N,0800
US1TXAS0022,20201215,PRCP,0,,,N,0800
US1TXAS0022,20201216,PRCP,25,,,N,0800
US1TXAS0022,20201218,PRCP,0,,,N,0800
US1TXAS0022,20201219,PRCP,13,,,N,0800
US1TXAS0022,20201220,PRCP,216,,,N,0800
US1TXAS0022,20201221,PRCP,0,,,N,0800
US1TXAS0022,20201222,PRCP,0,,,N,0800
US1TXAS0022,20201223,PRCP,0,,,N,0800
US1TXAS0022,20201224,PRCP,0,,,N,0800
US1TXAS0022,20201226,PRCP,0,,,N,0800
US1TXAS0022,20201227,PRCP,0,,,N,0800
US1TXAS0022,20201228,PRCP,0,,,N,0800
US1TXAS0022,20201229,PRCP,0,,,N,0800
US1TXAS0022,20201230,PRCP,0,,,N,0800
US1TXAS0022,20201231,PRCP,1077,,,N,0800
US1TXAS0022,20201204,SNOW,0,,,N,0800
US1TXAS0022,20201205,SNOW,0,,,N,0800
US1TXAS0022,20201207,SNOW,0,,,N,0800
US1TXAS0022,20201208,SNOW,0,,,N,0800
US1TXAS0022,20201209,SNOW,0,,,N,0800
US1TXAS0022,20201210,SNOW,0,,,N,0800
US1TXAS0022,20201211,SNOW,0,,,N,0800
US1TXAS0022,20201215,SNOW,0,,,N,0800
US1TXAS0022,20201218,SNOW,0,,,N,0800
US1TXAS0022,20201221,SNOW,0,,,N,0800
US1TXAS0022,20201222,SNOW,0,,,N,0800
US1TXAS0022,20201223,SNOW,0,,,N,0800
US1TXAS0022,20201224,SNOW,0,,,N,0800
US1TXAS0022,20201226,SNOW,0,,,N,0800
US1TXAS0022,20201227,SNOW,0,,,N,0800
US1TXAS0022,20201228,SNOW,0,,,N,0800
US1TXAS0022,20201229,SNOW,0,,,N,0800
US1TXAS0022,20201230,SNOW,0,,,N,0800
US1TXAS0022,20210101,PRCP,163,,,N,0800
US1TXAS0022,20210102,PRCP,0,,,N,0800
US1TXAS0022,20210103,PRCP,0,,,N,0800
US1TXAS0022,20210105,PRCP,0,,,N,0800
US1TXAS0022,20210106,PRCP,0,,,N,0800
US1TXAS0022,20210107,PRCP,229,,,N,0800
US1TXAS0022,20210108,PRCP,0,,,N,0800
US1TXAS0022,20210113,PRCP,0,,,N,0800
US1TXAS0022,20210114,PRCP,0,,,N,0800
US1TXAS0022,20210119,PRCP,10,,,N,0800
US1TXAS0022,20210120,PRCP,0,,,N,0800
US1TXAS0022,20210121,PRCP,18,,,N,0800
US1TXAS0022,20210122,PRCP,25,,,N,0800
US1TXAS0022,20210123,PRCP,0,,,N,0800
US1TXAS0022,20210124,PRCP,13,,,N,0800
US1TXAS0022,20210125,PRCP,8,,,N,0800
US1TXAS0022,20210126,PRCP,8,,,N,0800
US1TXAS0022,20210127,PRCP,0,,,N,0800
US1TXAS0022,20210129,PRCP,0,,,N,0800
US1TXAS0022,20210130,PRCP,0,,,N,0800
US1TXAS0022,20210131,PRCP,0,,,N,0800
US1TXAS0022,20210102,SNOW,0,,,N,0800
US1TXAS0022,20210103,SNOW,0,,,N,0800
US1TXAS0022,20210105,SNOW,0,,,N,0800
US1TXAS0022,20210106,SNOW,0,,,N,0800
US1TXAS0022,20210108,SNOW,0,,,N,0800
US1TXAS0022,20210113,SNOW,0,,,N,0800
US1TXAS0022,20210114,SNOW,0,,,N,0800
US1TXAS0022,20210120,SNOW,0,,,N,0800
US1TXAS0022,20210123,SNOW,0,,,N,0800
US1TXAS0022,20210127,SNOW,0,,,N,0800
US1TXAS0022,20210129,SNOW,0,,,N,0800
US1TXAS0022,20210130,SNOW,0,,,N,0800
US1TXAS0022,20210131,SNOW,0,,,N,0800
US1TXAS0022,20210118,SNWD,0,,,N,0800
US1TXAS0022,20210110,DAPR,2,,,N,0800
US1TXAS0022,20210118,DAPR,4,,,N,0800
US1TXAS0022,20210110,MDPR,269,,,N,0800
US1TXAS0022,20210118,MDPR,0,,,N,0800
US1TXAS0022,20210118,WESD,0,,,N,0800
US1TXAS0022,20210201,PRCP,0,,,N,0800
US1TXAS0022,20210202,PRCP,0,,,N,0800
US1TXAS0022,20210203,PRCP,0,,,N,0800
US1TXAS0022,20210204,PRCP,0,,,N,0800
US1TXAS0022,20210205,PRCP,0,,,N,0800
US1TXAS0022,20210207,PRCP,0,,,N,0800
US1TXAS0022,20210208,PRCP,0,,,N,0800
US1TXAS0022,20210210,PRCP,5,,,N,0800
US1TXAS0022,20210211,PRCP,8,,,N,0800
US1TXAS0022,20210212,PRCP,38,,,N,0800
US1TXAS0022,20210213,PRCP,0,,,N,0800
US1TXAS0022,20210214,PRCP,8,,,N,0800
US1TXAS0022,20210219,PRCP,0,,,N,0800
US1TXAS0022,20210221,PRCP,0,,,N,0800
US1TXAS0022,20210222,PRCP,0,,,N,0800
US1TXAS0022,20210223,PRCP,0,,,N,0800
US1TXAS0022,20210224,PRCP,0,,,N,0800
US1TXAS0022,20210225,PRCP,0,,,N,0800
US1TXAS0022,20210226,PRCP,69,,,N,0800
US1TXAS0022,20210227,PRCP,8,,,N,0800
US1TXAS0022,20210201,SNOW,0,,,N,0800
US1TXAS0022,20210202,SNOW,0,,,N,0800
US1TXAS0022,20210203,SNOW,0,,,N,0800
US1TXAS0022,20210204,SNOW,0,,,N,0800
US1TXAS0022,20210205,SNOW,0,,,N,0800
US1TXAS0022,20210207,SNOW,0,,,N,0800
US1TXAS0022,20210208,SNOW,0,,,N,0800
US1TXAS0022,20210213,SNOW,0,,,N,0800
US1TXAS0022,20210219,SNOW,0,,,N,0800
US1TXAS0022,20210221,SNOW,0,,,N,0800
US1TXAS0022,20210222,SNOW,0,,,N,0800
US1TXAS0022,20210223,SNOW,0,,,N,0800
US1TXAS0022,20210224,SNOW,0,,,N,0800
US1TXAS0022,20210225,SNOW,0,,,N,0800
US1TXAS0022,20210301,PRCP,0,,,N,0812
US1TXAS0022,20210302,PRCP,152,,,N,0800
US1TXAS0022,20210303,PRCP,0,,,N,0800
US1TXAS0022,20210305,PRCP,0,,,N,0800
US1TXAS0022,20210306,PRCP,0,,,N,0700
US1TXAS0022,20210307,PRCP,0,,,N,0800
US1TXAS0022,20210309,PRCP,0,,,N,0800
US1TXAS0022,20210310,PRCP,0,,,N,0800
US1TXAS0022,20210311,PRCP,0,,,N,0800
US1TXAS0022,20210312,PRCP,25,,,N,0800
US1TXAS0022,20210313,PRCP,0,,,N,0800
US1TXAS0022,20210314,PRCP,79,,,N,0800
US1TXAS0022,20210315,PRCP,8,,,N,0800
US1TXAS0022,20210316,PRCP,0,,,N,0800
US1TXAS0022,20210317,PRCP,0,,,N,0800
US1TXAS0022,20210318,PRCP,0,,,N,0800
US1TXAS0022,20210319,PRCP,0,,,N,0800
US1TXAS0022,20210320,PRCP,0,,,N,0800
US1TXAS0022,20210321,PRCP,0,,,N,0800
US1TXAS0022,20210322,PRCP,0,,,N,0800
US1TXAS0022,20210323,PRCP,170,,,N,0800
US1TXAS0022,20210324,PRCP,0,,,N,0800
US1TXAS0022,20210325,PRCP,8,,,N,0800
US1TXAS0022,20210326,PRCP,0,,,N,0800
US1TXAS0022,20210327,PRCP,0,,,N,0800
US1TXAS0022,20210329,PRCP,0,,,N,0800
US1TXAS0022,20210330,PRCP,0,,,N,0800
US1TXAS0022,20210331,PRCP,0,,,N,0800
US1TXAS0022,20210301,SNOW,0,,,N,0812
US1TXAS0022,20210303,SNOW,0,,,N,0800
US1TXAS0022,20210305,SNOW,0,,,N,0800
US1TXAS0022,20210306,SNOW,0,,,N,0700
US1TXAS0022,20210307,SNOW,0,,,N,0800
US1TXAS0022,20210309,SNOW,0,,,N,0800
US1TXAS0022,20210310,SNOW,0,,,N,0800
US1TXAS0022,20210311,SNOW,0,,,N,0800
US1TXAS0022,20210313,SNOW,0,,,N,0800
US1TXAS0022,20210316,SNOW,0,,,N,0800
US1TXAS0022,20210317,SNOW,0,,,N,0800
US1TXAS0022,20210318,SNOW,0,,,N,0800
US1TXAS0022,20210319,SNOW,0,,,N,0800
US1TXAS0022,20210320,SNOW,0,,,N,0800
US1TXAS0022,20210321,SNOW,0,,,N,0800
US1TXAS0022,20210322,SNOW,0,,,N,0800
US1TXAS0022,20210324,SNOW,0,,,N,0800
US1TXAS0022,20210326,SNOW,0,,,N,0800
US1TXAS0022,20210327,SNOW,0,,,N,0800
US1TXAS0022,20210329,SNOW,0,,,N,0800
US1TXAS0022,20210330,SNOW,0,,,N,0800
US1TXAS0022,20210331,SNOW,0,,,N,0800
US1TXAS0022,20210401,PRCP,13,,,N,0800
US1TXAS0022,20210402,PRCP,0,,,N,0800
US1TXAS0022,20210403,PRCP,0,,,N,0800
US1TXAS0022,20210404,PRCP,0,,,N,0800
US1TXAS0022,20210405,PRCP,0,,,N,0800
US1TXAS0022,20210406,PRCP,0,,,N,0800
US1TXAS0022,20210408,PRCP,18,,,N,0800
US1TXAS0022,20210409,PRCP,0,,,N,0800
US1TXAS0022,20210411,PRCP,0,,,N,0800
US1TXAS0022,20210412,PRCP,0,,,N,0800
US1TXAS0022,20210413,PRCP,0,,,N,0800
US1TXAS0022,20210414,PRCP,5,,,N,0800
US1TXAS0022,20210415,PRCP,0,,,N,0800
US1TXAS0022,20210416,PRCP,0,,,N,0800
US1TXAS0022,20210417,PRCP,13,,,N,0800
US1TXAS0022,20210418,PRCP,0,,,N,0800
US1TXAS0022,20210419,PRCP,0,,,N,0800
US1TXAS0022,20210420,PRCP,0,,,N,0800
US1TXAS0022,20210421,PRCP,0,,,N,0800
US1TXAS0022,20210422,PRCP,0,,,N,0800
US1TXAS0022,20210423,PRCP,5,,,N,1319
US1TXAS0022,20210424,PRCP,122,,,N,0800
US1TXAS0022,20210425,PRCP,0,,,N,0800
US1TXAS0022,20210427,PRCP,0,,,N,0800
US1TXAS0022,20210429,PRCP,0,,,N,0800
US1TXAS0022,20210430,PRCP,107,,,N,0800
US1TXAS0022,20210402,SNOW,0,,,N,0800
US1TXAS0022,20210403,SNOW,0,,,N,0800
US1TXAS0022,20210404,SNOW,0,,,N,0800
US1TXAS0022,20210405,SNOW,0,,,N,0800
US1TXAS0022,20210406,SNOW,0,,,N,0800
US1TXAS0022,20210409,SNOW,0,,,N,0800
US1TXAS0022,20210411,SNOW,0,,,N,0800
US1TXAS0022,20210412,SNOW,0,,,N,0800
US1TXAS0022,20210413,SNOW,0,,,N,0800
US1TXAS0022,20210415,SNOW,0,,,N,0800
US1TXAS0022,20210416,SNOW,0,,,N,0800
US1TXAS0022,20210418,SNOW,0,,,N,0800
US1TXAS0022,20210419,SNOW,0,,,N,0800
US1TXAS0022,20210420,SNOW,0,,,N,0800
US1TXAS0022,20210421,SNOW,0,,,N,0800
US1TXAS0022,20210422,SNOW,0,,,N,0800
US1TXAS0022,20210425,SNOW,0,,,N,0800
US1TXAS0022,20210427,SNOW,0,,,N,0800
US1TXAS0022,20210429,SNOW,0,,,N,0800
US1TXAS0022,20210501,PRCP,762,,,N,0800
US1TXAS0022,20210502,PRCP,234,,,N,0800
US1TXAS0022,20210503,PRCP,0,,,N,0800
US1TXAS0022,20210510,PRCP,0,,L,N,0800
US1TXAS0022,20210511,PRCP,25,,,N,0800
US1TXAS0022,20210512,PRCP,0,,,N,0800
US1TXAS0022,20210513,PRCP,0,,,N,0800
US1TXAS0022,20210514,PRCP,0,,,N,0800
US1TXAS0022,20210515,PRCP,0,,,N,0800
US1TXAS0022,20210517,PRCP,0,,,N,0800
US1TXAS0022,20210518,PRCP,445,,,N,0800
US1TXAS0022,20210519,PRCP,572,,,N,0800
US1TXAS0022,20210520,PRCP,0,,,N,0800
US1TXAS0022,20210522,PRCP,43,,,N,0800
US1TXAS0022,20210523,PRCP,191,,,N,0800
US1TXAS0022,20210525,PRCP,1270,,,N,0800
US1TXAS0022,20210526,PRCP,165,,,N,0800
US1TXAS0022,20210527,PRCP,0,,,N,0800
US1TXAS0022,20210528,PRCP,0,,,N,0800
US1TXAS0022,20210529,PRCP,394,,,N,0800
US1TXAS0022,20210530,PRCP,0,,,N,0800
US1TXAS0022,20210531,PRCP,89,,,N,0800
US1TXAS0022,20210503,SNOW,0,,,N,0800
US1TXAS0022,20210510,SNOW,0,,,N,0800
US1TXAS0022,20210512,SNOW,0,,,N,0800
US1TXAS0022,20210513,SNOW,0,,,N,0800
US1TXAS0022,20210514,SNOW,0,,,N,0800
US1TXAS0022,20210515,SNOW,0,,,N,0800
US1TXAS0022,20210517,SNOW,0,,,N,0800
US1TXAS0022,20210520,SNOW,0,,,N,0800
US1TXAS0022,20210527,SNOW,0,,,N,0800
US1TXAS0022,20210528,SNOW,0,,,N,0800
US1TXAS0022,20210530,SNOW,0,,,N,0800
US1TXAS0022,20210510,SNWD,0,,,N,0800
US1TXAS0022,20210510,DAPR,7,,L,N,0800
US1TXAS0022,20210510,MDPR,0,,L,N,0800
US1TXAS0022,20210510,WESD,0,,,N,0800
US1TXAS0022,20210601,PRCP,343,,,N,0800
US1TXAS0022,20210602,PRCP,0,,,N,0800
US1TXAS0022,20210603,PRCP,432,,,N,0800
US1TXAS0022,20210604,PRCP,381,,,N,0800
US1TXAS0022,20210605,PRCP,25,,,N,0800
US1TXAS0022,20210606,PRCP,58,,,N,0800
US1TXAS0022,20210607,PRCP,0,,,N,0800
US1TXAS0022,20210609,PRCP,0,,,N,0800
US1TXAS0022,20210611,PRCP,0,,,N,0800
US1TXAS0022,20210612,PRCP,0,,,N,0800
US1TXAS0022,20210614,PRCP,0,,,N,0800
US1TXAS0022,20210615,PRCP,43,,,N,0800
US1TXAS0022,20210616,PRCP,373,,,N,0800
US1TXAS0022,20210617,PRCP,0,,,N,0800
US1TXAS0022,20210618,PRCP,0,,,N,0800
US1TXAS0022,20210619,PRCP,0,,,N,0800
US1TXAS0022,20210620,PRCP,0,,,N,0800
US1TXAS0022,20210621,PRCP,64,,,N,0800
US1TXAS0022,20210622,PRCP,30,,,N,0800
US1TXAS0022,20210623,PRCP,0,,,N,0800
US1TXAS0022,20210624,PRCP,0,,,N,0800
US1TXAS0022,20210625,PRCP,0,,,N,0800
US1TXAS0022,20210626,PRCP,0,,,N,0800
US1TXAS0022,20210628,PRCP,119,,,N,0800
US1TXAS0022,20210630,PRCP,246,,,N,0800
US1TXAS0022,20210602,SNOW,0,,,N,0800
US1TXAS0022,20210607,SNOW,0,,,N,0800
US1TXAS0022,20210609,SNOW,0,,,N,0800
US1TXAS0022,20210611,SNOW,0,,,N,0800
US1TXAS0022,20210612,SNOW,0,,,N,0800
US1TXAS0022,20210614,SNOW,0,,,N,0800
US1TXAS0022,20210617,SNOW,0,,,N,0800
US1TXAS0022,20210618,SNOW,0,,,N,0800
US1TXAS0022,20210619,SNOW,0,,,N,0800
US1TXAS0022,20210620,SNOW,0,,,N,0800
US1TXAS0022,20210623,SNOW,0,,,N,0800
US1TXAS0022,20210624,SNOW,0,,,N,0800
US1TXAS0022,20210625,SNOW,0,,,N,0800
US1TXAS0022,20210626,SNOW,0,,,N,0800
US1TXAS0022,20210702,PRCP,0,,,N,0800
US1TXAS0022,20210703,PRCP,0,,,N,0800
US1TXAS0022,20210704,PRCP,719,,,N,0800
US1TXAS0022,20210705,PRCP,20,,,N,0800
US1TXAS0022,20210706,PRCP,221,,,N,0800
US1TXAS0022,20210707,PRCP,5,,,N,0800
US1TXAS0022,20210708,PRCP,20,,,N,0800
US1TXAS0022,20210709,PRCP,325,,,N,0800
US1TXAS0022,20210711,PRCP,0,,,N,0800
US1TXAS0022,20210712,PRCP,0,,,N,0800
US1TXAS0022,20210713,PRCP,0,,,N,0800
US1TXAS0022,20210714,PRCP,272,,,N,0800
US1TXAS0022,20210715,PRCP,8,,,N,0800
US1TXAS0022,20210716,PRCP,0,,,N,0800
US1TXAS0022,20210717,PRCP,0,,,N,0800
US1TXAS0022,20210718,PRCP,0,,,N,0800
US1TXAS0022,20210719,PRCP,0,,,N,0800
US1TXAS0022,20210720,PRCP,13,,,N,0800
US1TXAS0022,20210721,PRCP,0,,,N,0800
US1TXAS0022,20210722,PRCP,0,,,N,0800
US1TXAS0022,20210723,PRCP,127,,,N,0800
US1TXAS0022,20210725,PRCP,0,,,N,0800
US1TXAS0022,20210726,PRCP,0,,,N,0800
US1TXAS0022,20210728,PRCP,0,,,N,0800
US1TXAS0022,20210729,PRCP,0,,,N,0800
US1TXAS0022,20210730,PRCP,0,,,N,0800
US1TXAS0022,20210702,SNOW,0,,,N,0800
US1TXAS0022,20210703,SNOW,0,,,N,0800
US1TXAS0022,20210711,SNOW,0,,,N,0800
US1TXAS0022,20210712,SNOW,0,,,N,0800
US1TXAS0022,20210713,SNOW,0,,,N,0800
US1TXAS0022,20210716,SNOW,0,,,N,0800
US1TXAS0022,20210717,SNOW,0,,,N,0800
US1TXAS0022,20210718,SNOW,0,,,N,0800
US1TXAS0022,20210719,SNOW,0,,,N,0800
US1TXAS0022,20210721,SNOW,0,,,N,0800
US1TXAS0022,20210722,SNOW,0,,,N,0800
US1TXAS0022,20210725,SNOW,0,,,N,0800
US1TXAS0022,20210726,SNOW,0,,,N,0800
US1TXAS0022,20210728,SNOW,0,,,N,0800
US1TXAS0022,20210729,SNOW,0,,,N,0800
US1TXAS0022,20210730,SNOW,0,,,N,0800
US1TXAS0022,20210801,PRCP,0,,,N,0800
US1TXAS0022,20210802,PRCP,0,,,N,0800
US1TXAS0022,20210803,PRCP,216,,,N,0800
US1TXAS0022,20210804,PRCP,8,,,N,0800
US1TXAS0022,20210805,PRCP,0,,,N,0800
US1TXAS0022,20210806,PRCP,0,,,N,0800
US1TXAS0022,20210807,PRCP,211,,,N,0800
US1TXAS0022,20210809,PRCP,0,,,N,0800
US1TXAS0022,20210810,PRCP,0,,,N,0800
US1TXAS0022,20210811,PRCP,0,,,N,0800
US1TXAS0022,20210812,PRCP,58,,,N,0800
US1TXAS0022,20210813,PRCP,20,,,N,0800
US1TXAS0022,20210814,PRCP,0,,,N,0800
US1TXAS0022,20210815,PRCP,0,,,N,0800
US1TXAS0022,20210816,PRCP,0,,,N,0800
US1TXAS0022,20210817,PRCP,0,,,N,0800
US1TXAS0022,20210818,PRCP,25,,,N,0800
US1TXAS0022,20210819,PRCP,25,,,N,0800
US1TXAS0022,20210820,PRCP,0,,,N,0800
US1TXAS0022,20210821,PRCP,0,,,N,0800
US1TXAS0022,20210822,PRCP,0,,,N,0800
US1TXAS0022,20210823,PRCP,0,,,N,0800
US1TXAS0022,20210824,PRCP,0,,,N,0800
US1TXAS0022,20210825,PRCP,0,,,N,0800
US1TXAS0022,20210826,PRCP,0,,,N,0800
US1TXAS0022,20210827,PRCP,0,,,N,0800
US1TXAS0022,20210828,PRCP,0,,,N,0800
US1TXAS0022,20210829,PRCP,0,,,N,0800
US1TXAS0022,20210830,PRCP,0,,,N,0800
US1TXAS0022,20210831,PRCP,0,,,N,0800
US1TXAS0022,20210801,SNOW,0,,,N,0800
US1TXAS0022,20210802,SNOW,0,,,N,0800
US1TXAS0022,20210805,SNOW,0,,,N,0800
US1TXAS0022,20210806,SNOW,0,,,N,0800
US1TXAS0022,20210809,SNOW,0,,,N,0800
US1TXAS0022,20210810,SNOW,0,,,N,0800
US1TXAS0022,20210811,SNOW,0,,,N,0800
US1TXAS0022,20210814,SNOW,0,,,N,0800
US1TXAS0022,20210815,SNOW,0,,,N,0800
US1TXAS0022,20210816,SNOW,0,,,N,0800
US1TXAS0022,20210817,SNOW,0,,,N,0800
US1TXAS0022,20210820,SNOW,0,,,N,0800
US1TXAS0022,20210821,SNOW,0,,,N,0800
US1TXAS0022,20210822,SNOW,0,,,N,0800
US1TXAS0022,20210823,SNOW,0,,,N,0800
US1TXAS0022,20210824,SNOW,0,,,N,0800
US1TXAS0022,20210825,SNOW,0,,,N,0800
US1TXAS0022,20210826,SNOW,0,,,N,0800
US1TXAS0022,20210827,SNOW,0,,,N,0800
US1TXAS0022,20210828,SNOW,0,,,N,0800
US1TXAS0022,20210829,SNOW,0,,,N,0800
US1TXAS0022,20210830,SNOW,0,,,N,0800
US1TXAS0022,20210831,SNOW,0,,,N,0800
US1TXAS0022,20210901,PRCP,0,,,N,0800
US1TXAS0022,20210902,PRCP,0,,,N,0800
US1TXAS0022,20210903,PRCP,0,,,N,0800
US1TXAS0022,20210904,PRCP,249,,,N,0800
US1TXAS0022,20210905,PRCP,0,,,N,0800
US1TXAS0022,20210906,PRCP,0,,,N,0800
US1TXAS0022,20210907,PRCP,23,,,N,0800
US1TXAS0022,20210910,PRCP,0,,,N,0800
US1TXAS0022,20210911,PRCP,0,,,N,0800
US1TXAS0022,20210912,PRCP,0,,,N,0800
US1TXAS0022,20210913,PRCP,0,,,N,0800
US1TXAS0022,20210914,PRCP,36,,,N,0800
US1TXAS0022,20210915,PRCP,10,,,N,0800
US1TXAS0022,20210916,PRCP,0,,,N,0800
US1TXAS0022,20210917,PRCP,0,,,N,0800
US1TXAS0022,20210918,PRCP,0,,,N,0800
US1TXAS0022,20210919,PRCP,56,,,N,0800
US1TXAS0022,20210920,PRCP,0,,,N,0800
US1TXAS0022,20210921,PRCP,0,,,N,0800
US1TXAS0022,20210922,PRCP,10,,,N,0800
US1TXAS0022,20210923,PRCP,0,,,N,0800
US1TXAS0022,20210925,PRCP,0,,,N,0800
US1TXAS0022,20210926,PRCP,0,,,N,0800
US1TXAS0022,20210927,PRCP,0,,,N,0800
US1TXAS0022,20210928,PRCP,0,,,N,0800
US1TXAS0022,20210929,PRCP,572,,,N,0800
US1TXAS0022,20210901,SNOW,0,,,N,0800
US1TXAS0022,20210902,SNOW,0,,,N,0800
US1TXAS0022,20210903,SNOW,0,,,N,0800
US1TXAS0022,20210905,SNOW,0,,,N,0800
US1TXAS0022,20210906,SNOW,0,,,N,0800
US1TXAS0022,20210910,SNOW,0,,,N,0800
US1TXAS0022,20210911,SNOW,0,,,N,0800
US1TXAS0022,20210912,SNOW,0,,,N,0800
US1TXAS0022,20210913,SNOW,0,,,N,0800
US1TXAS0022,20210916,SNOW,0,,,N,0800
US1TXAS0022,20210917,SNOW,0,,,N,0800
US1TXAS0022,20210918,SNOW,0,,,N,0800
US1TXAS0022,20210920,SNOW,0,,,N,0800
US1TXAS0022,20210921,SNOW,0,,,N,0800
US1TXAS0022,20210923,SNOW,0,,,N,0800
US1TXAS0022,20210925,SNOW,0,,,N,0800
US1TXAS0022,20210926,SNOW,0,,,N,0800
US1TXAS0022,20210927,SNOW,0,,,N,0800
US1TXAS0022,20210928,SNOW,0,,,N,0800
US1TXAS0022,20211001,PRCP,323,,,N,0800
US1TXAS0022,20211002,PRCP,564,,,N,0800
US1TXAS0022,20211003,PRCP,0,,,N,0800
US1TXAS0022,20211005,PRCP,0,,,N,0800
US1TXAS0022,20211009,PRCP,0,,,N,0800
US1TXAS0022,20211011,PRCP,25,,,N,0800
US1TXAS0022,20211012,PRCP,0,,,N,0800
US1TXAS0022,20211013,PRCP,0,,,N,0800
US1TXAS0022,20211014,PRCP,0,,,N,0800
US1TXAS0022,20211015,PRCP,94,,,N,0800
US1TXAS0022,20211016,PRCP,0,,,N,0800
US1TXAS0022,20211018,PRCP,0,,,N,0800
US1TXAS0022,20211020,PRCP,0,,,N,0800
US1TXAS0022,20211021,PRCP,0,,,N,0800
US1TXAS0022,20211022,PRCP,0,,,N,0800
US1TXAS0022,20211023,PRCP,0,,,N,0800
US1TXAS0022,20211025,PRCP,0,,,N,0800
US1TXAS0022,20211026,PRCP,0,,,N,0800
US1TXAS0022,20211027,PRCP,0,,,N,0800
US1TXAS0022,20211028,PRCP,269,,,N,0800
US1TXAS0022,20211029,PRCP,0,,,N,0800
US1TXAS0022,20211030,PRCP,0,,,N,0800
US1TXAS0022,20211031,PRCP,0,,,N,0800
US1TXAS0022,20211003,SNOW,0,,,N,0800
US1TXAS0022,20211005,SNOW,0,,,N,0800
US1TXAS0022,20211009,SNOW,0,,,N,0800
US1TXAS0022,20211012,SNOW,0,,,N,0800
US1TXAS0022,20211013,SNOW,0,,,N,0800
US1TXAS0022,20211014,SNOW,0,,,N,0800
US1TXAS0022,20211016,SNOW,0,,,N,0800
US1TXAS0022,20211018,SNOW,0,,,N,0800
US1TXAS0022,20211020,SNOW,0,,,N,0800
US1TXAS0022,20211021,SNOW,0,,,N,0800
US1TXAS0022,20211022,SNOW,0,,,N,0800
US1TXAS0022,20211023,SNOW,0,,,N,0800
US1TXAS0022,20211025,SNOW,0,,,N,0800
US1TXAS0022,20211026,SNOW,0,,,N,0800
US1TXAS0022,20211027,SNOW,0,,,N,0800
US1TXAS0022,20211029,SNOW,0,,,N,0800
US1TXAS0022,20211030,SNOW,0,,,N,0800
US1TXAS0022,20211031,SNOW,0,,,N,0800
US1TXAS0022,20211101,PRCP,0,,,N,0800
US1TXAS0022,20211102,PRCP,0,,,N,0800
US1TXAS0022,20211103,PRCP,0,,,N,0800
US1TXAS0022,20211104,PRCP,234,,,N,0800
US1TXAS0022,20211105,PRCP,0,,,N,0800
US1TXAS0022,20211106,PRCP,0,,,N,0800
US1TXAS0022,20211107,PRCP,0,,,N,0800
US1TXAS0022,20211108,PRCP,0,,,N,0800
US1TXAS0022,20211110,PRCP,0,,,N,0800
US1TXAS0022,20211112,PRCP,0,,,N,0800
US1TXAS0022,20211113,PRCP,0,,,N,0800
US1TXAS0022,20211115,PRCP,0,,,N,0800
US1TXAS0022,20211116,PRCP,0,,,N,0800
US1TXAS0022,20211118,PRCP,0,,,N,0800
US1TXAS0022,20211119,PRCP,0,,,N,0800
US1TXAS0022,20211121,PRCP,0,,,N,0800
US1TXAS0022,20211122,PRCP,0,,,N,0800
US1TXAS0022,20211123,PRCP,0,,,N,0800
US1TXAS0022,20211124,PRCP,0,,,N,0800
US1TXAS0022,20211125,PRCP,102,,,N,0800
US1TXAS0022,20211126,PRCP,0,,,N,0800
US1TXAS0022,20211127,PRCP,0,,,N,0800
US1TXAS0022,20211128,PRCP,81,,,N,0800
US1TXAS0022,20211129,PRCP,0,,,N,0800
US1TXAS0022,20211130,PRCP,0,,,N,0800
US1TXAS0022,20211101,SNOW,0,,,N,0800
US1TXAS0022,20211102,SNOW,0,,,N,0800
US1TXAS0022,20211103,SNOW,0,,,N,0800
US1TXAS0022,20211105,SNOW,0,,,N,0800
US1TXAS0022,20211106,SNOW,0,,,N,0800
US1TXAS0022,20211107,SNOW,0,,,N,0800
US1TXAS0022,20211108,SNOW,0,,,N,0800
US1TXAS0022,20211110,SNOW,0,,,N,0800
US1TXAS0022,20211112,SNOW,0,,,N,0800
US1TXAS0022,20211113,SNOW,0,,,N,0800
US1TXAS0022,20211115,SNOW,0,,,N,0800
US1TXAS0022,20211116,SNOW,0,,,N,0800
US1TXAS0022,20211118,SNOW,0,,,N,0800
US1TXAS0022,20211119,SNOW,0,,,N,0800
US1TXAS0022,20211121,SNOW,0,,,N,0800
US1TXAS0022,20211122,SNOW,0,,,N,0800
US1TXAS0022,20211123,SNOW,0,,,N,0800
US1TXAS0022,20211124,SNOW,0,,,N,0800
US1TXAS0022,20211126,SNOW,0,,,N,0800
US1TXAS0022,20211127,SNOW,0,,,N,0800
US1TXAS0022,20211129,SNOW,0,,,N,0800
US1TXAS0022,20211130,SNOW,0,,,N,0800
US1TXAS0022,20211201,PRCP,0,,,N,0800
US1TXAS0022,20211202,PRCP,0,,,N,0800
US1TXAS0022,20211203,PRCP,0,,,N,0800
US1TXAS0022,20211205,PRCP,0,,,N,0800
US1TXAS0022,20211206,PRCP,0,,,N,0800
US1TXAS0022,20211207,PRCP,10,,,N,0800
US1TXAS0022,20211208,PRCP,0,,,N,0800
US1TXAS0022,20211209,PRCP,0,,,N,0800
US1TXAS0022,20211210,PRCP,0,,,N,0800
US1TXAS0022,20211211,PRCP,10,,,N,0800
US1TXAS0022,20211212,PRCP,0,,,N,0800
US1TXAS0022,20211213,PRCP,0,,,N,0800
US1TXAS0022,20211214,PRCP,102,,,N,0800
US1TXAS0022,20211216,PRCP,0,,,N,0800
US1TXAS0022,20211217,PRCP,0,,,N,0800
US1TXAS0022,20211218,PRCP,0,,,N,0800
US1TXAS0022,20211219,PRCP,206,,,N,0800
US1TXAS0022,20211220,PRCP,53,,,N,0800
US1TXAS0022,20211222,PRCP,0,,,N,0800
US1TXAS0022,20211223,PRCP,0,,,N,0800
US1TXAS0022,20211224,PRCP,0,,,N,0800
US1TXAS0022,20211226,PRCP,0,,,N,0800
US1TXAS0022,20211227,PRCP,0,,,N,0800
US1TXAS0022,20211228,PRCP,0,,,N,0800
US1TXAS0022,20211229,PRCP,0,,,N,0800
US1TXAS0022,20211230,PRCP,0,,,N,0800
US1TXAS0022,20211201,SNOW,0,,,N,0800
US1TXAS0022,20211202,SNOW,0,,,N,0800
US1TXAS0022,20211203,SNOW,0,,,N,0800
US1TXAS0022,20211205,SNOW,0,,,N,0800
US1TXAS0022,20211206,SNOW,0,,,N,0800
US1TXAS0022,20211208,SNOW,0,,,N,0800
US1TXAS0022,20211209,SNOW,0,,,N,0800
US1TXAS0022,20211210,SNOW,0,,,N,0800
US1TXAS0022,20211211,SNOW,0,,,N,0800
US1TXAS0022,20211212,SNOW,0,,,N,0800
US1TXAS0022,20211213,SNOW,0,,,N,0800
US1TXAS0022,20211216,SNOW,0,,,N,0800
US1TXAS0022,20211217,SNOW,0,,,N,0800
US1TXAS0022,20211218,SNOW,0,,,N,0800
US1TXAS0022,20211222,SNOW,0,,,N,0800
US1TXAS0022,20211223,SNOW,0,,,N,0800
US1TXAS0022,20211224,SNOW,0,,,N,0800
US1TXAS0022,20211226,SNOW,0,,,N,0800
US1TXAS0022,20211227,SNOW,0,,,N,0800
US1TXAS0022,20211228,SNOW,0,,,N,0800
US1TXAS0022,20211229,SNOW,0,,,N,0800
US1TXAS0022,20211230,SNOW,0,,,N,0800
US1TXAS0022,20220101,PRCP,0,,,N,0800
US1TXAS0022,20220104,PRCP,0,,,N,0800
US1TXAS0022,20220105,PRCP,0,,,N,0800
US1TXAS0022,20220106,PRCP,0,,,N,0800
US1TXAS0022,20220112,PRCP,0,,,N,0800
US1TXAS0022,20220114,PRCP,0,,,N,0800
US1TXAS0022,20220118,PRCP,0,,,N,0800
US1TXAS0022,20220120,PRCP,0,,,N,0800
US1TXAS0022,20220123,PRCP,0,,,N,0800
US1TXAS0022,20220124,PRCP,8,,,N,0800
US1TXAS0022,20220125,PRCP,81,,,N,0800
US1TXAS0022,20220129,PRCP,0,,,N,0800
US1TXAS0022,20220130,PRCP,0,,,N,0800
US1TXAS0022,20220131,PRCP,13,,,N,0800
US1TXAS0022,20220101,SNOW,0,,,N,0800
US1TXAS0022,20220104,SNOW,0,,,N,0800
US1TXAS0022,20220105,SNOW,0,,,N,0800
US1TXAS0022,20220106,SNOW,0,,,N,0800
US1TXAS0022,20220112,SNOW,0,,,N,0800
US1TXAS0022,20220114,SNOW,0,,,N,0800
US1TXAS0022,20220118,SNOW,0,,,N,0800
US1TXAS0022,20220120,SNOW,0,,,N,0800
US1TXAS0022,20220123,SNOW,0,,,N,0800
US1TXAS0022,20220129,SNOW,0,,,N,0800
US1TXAS0022,20220130,SNOW,0,,,N,0800
US1TXAS0022,20220201,PRCP,546,,,N,0800
US1TXAS0022,20220203,PRCP,38,,,N,0800
US1TXAS0022,20220204,PRCP,56,,,N,0800
US1TXAS0022,20220205,PRCP,0,,,N,0800
US1TXAS0022,20220206,PRCP,0,,,N,0800
US1TXAS0022,20220207,PRCP,0,,,N,0800
US1TXAS0022,20220208,PRCP,0,,,N,0800
US1TXAS0022,20220213,PRCP,0,,,N,0800
US1TXAS0022,20220215,PRCP,0,,,N,0800
US1TXAS0022,20220216,PRCP,0,,,N,0800
US1TXAS0022,20220218,PRCP,20,,,N,0800
US1TXAS0022,20220220,PRCP,0,,,N,0800
US1TXAS0022,20220221,PRCP,25,,,N,0800
US1TXAS0022,20220222,PRCP,0,,,N,0800
US1TXAS0022,20220224,PRCP,10,,,N,0800
US1TXAS0022,20220225,PRCP,8,,,N,0800
US1TXAS0022,20220226,PRCP,23,,,N,0800
US1TXAS0022,20220205,SNOW,0,,,N,0800
US1TXAS0022,20220206,SNOW,0,,,N,0800
US1TXAS0022,20220207,SNOW,0,,,N,0800
US1TXAS0022,20220208,SNOW,0,,,N,0800
US1TXAS0022,20220213,SNOW,0,,,N,0800
US1TXAS0022,20220215,SNOW,0,,,N,0800
US1TXAS0022,20220216,SNOW,0,,,N,0800
US1TXAS0022,20220220,SNOW,0,,,N,0800
US1TXAS0022,20220222,SNOW,0,,,N,0800
US1TXAS0022,20220301,PRCP,0,,,N,0800
US1TXAS0022,20220303,PRCP,0,,,N,0800
US1TXAS0022,20220306,PRCP,0,,,N,0800
US1TXAS0022,20220307,PRCP,43,,,N,0800
US1TXAS0022,20220308,PRCP,89,,,N,0800
US1TXAS0022,20220309,PRCP,127,,,N,0800
US1TXAS0022,20220310,PRCP,0,,,N,0800
US1TXAS0022,20220311,PRCP,0,,,N,0800
US1TXAS0022,20220313,PRCP,0,,,N,0800
US1TXAS0022,20220314,PRCP,0,,,N,0800
US1TXAS0022,20220318,PRCP,10,,,N,0800
US1TXAS0022,20220321,PRCP,18,,,N,0800
US1TXAS0022,20220322,PRCP,572,,,N,0800
US1TXAS0022,20220324,PRCP,0,,,N,0800
US1TXAS0022,20220327,PRCP,0,,,N,0800
US1TXAS0022,20220328,PRCP,0,,,N,0800
US1TXAS0022,20220329,PRCP,0,,,N,0800
US1TXAS0022,20220330,PRCP,127,,,N,0800
US1TXAS0022,20220331,PRCP,0,,,N,0800
US1TXAS0022,20220301,SNOW,0,,,N,0800
US1TXAS0022,20220303,SNOW,0,,,N,0800
US1TXAS0022,20220306,SNOW,0,,,N,0800
US1TXAS0022,20220310,SNOW,0,,,N,0800
US1TXAS0022,20220311,SNOW,0,,,N,0800
US1TXAS0022,20220313,SNOW,0,,,N,0800
US1TXAS0022,20220314,SNOW,0,,,N,0800
US1TXAS0022,20220324,SNOW,0,,,N,0800
US1TXAS0022,20220327,SNOW,0,,,N,0800
US1TXAS0022,20220328,SNOW,0,,,N,0800
US1TXAS0022,20220329,SNOW,0,,,N,0800
US1TXAS0022,20220331,SNOW,0,,,N,0800
US1TXAS0022,20220317,DAPR,3,,,N,1600
US1TXAS0022,20220317,MDPR,112,,,N,1600
US1TXAS0022,20220402,PRCP,0,,,N,0800
US1TXAS0022,20220405,PRCP,0,,,N,0800
US1TXAS0022,20220406,PRCP,0,,,N,0800
US1TXAS0022,20220407,PRCP,0,,,N,0800
US1TXAS0022,20220408,PRCP,0,,,N,0800
US1TXAS0022,20220409,PRCP,0,,,N,0800
US1TXAS0022,20220410,PRCP,0,,,N,0800
US1TXAS0022,20220411,PRCP,18,,,N,0800
US1TXAS0022,20220412,PRCP,15,,,N,0800
US1TXAS0022,20220413,PRCP,0,,,N,0800
US1TXAS0022,20220415,PRCP,0,,,N,0800
US1TXAS0022,20220416,PRCP,0,,,N,0800
US1TXAS0022,20220419,PRCP,0,,,N,0800
US1TXAS0022,20220420,PRCP,0,,,N,0800
US1TXAS0022,20220421,PRCP,0,,,N,0800
US1TXAS0022,20220422,PRCP,0,,,N,0800
US1TXAS0022,20220425,PRCP,0,,,N,0800
US1TXAS0022,20220426,PRCP,254,,,N,0800
US1TXAS0022,20220428,PRCP,0,,,N,0800
US1TXAS0022,20220429,PRCP,0,,,N,0800
US1TXAS0022,20220402,SNOW,0,,,N,0800
US1TXAS0022,20220405,SNOW,0,,,N,0800
US1TXAS0022,20220406,SNOW,0,,,N,0800
US1TXAS0022,20220407,SNOW,0,,,N,0800
US1TXAS0022,20220408,SNOW,0,,,N,0800
US1TXAS0022,20220409,SNOW,0,,,N,0800
US1TXAS0022,20220410,SNOW,0,,,N,0800
US1TXAS0022,20220413,SNOW,0,,,N,0800
US1TXAS0022,20220415,SNOW,0,,,N,0800
US1TXAS0022,20220416,SNOW,0,,,N,0800
US1TXAS0022,20220419,SNOW,0,,,N,0800
US1TXAS0022,20220420,SNOW,0,,,N,0800
US1TXAS0022,20220421,SNOW,0,,,N,0800
US1TXAS0022,20220422,SNOW,0,,,N,0800
US1TXAS0022,20220425,SNOW,0,,,N,0800
US1TXAS0022,20220428,SNOW,0,,,N,0800
US1TXAS0022,20220429,SNOW,0,,,N,0800
US1TXAS0022,20220501,PRCP,0,,,N,0800
US1TXAS0022,20220502,PRCP,0,,,N,0800
US1TXAS0022,20220503,PRCP,0,,,N,0800
US1TXAS0022,20220505,PRCP,0,,,N,0800
US1TXAS0022,20220506,PRCP,224,,,N,0800
US1TXAS0022,20220507,PRCP,0,,,N,0800
US1TXAS0022,20220508,PRCP,0,,,N,0800
US1TXAS0022,20220512,PRCP,0,,,N,0800
US1TXAS0022,20220514,PRCP,0,,,N,0800
US1TXAS0022,20220515,PRCP,0,,,N,0800
US1TXAS0022,20220516,PRCP,0,,,N,0800
US1TXAS0022,20220517,PRCP,0,,,N,0800
US1TXAS0022,20220518,PRCP,0,,,N,0800
US1TXAS0022,20220519,PRCP,0,,,N,0800
US1TXAS0022,20220520,PRCP,0,,,N,0800
US1TXAS0022,20220521,PRCP,0,,,N,0800
US1TXAS0022,20220522,PRCP,84,,,N,0800
US1TXAS0022,20220524,PRCP,0,,,N,0800
US1TXAS0022,20220525,PRCP,18,,,N,0800
US1TXAS0022,20220526,PRCP,13,,,N,0800
US1TXAS0022,20220528,PRCP,0,,,N,0800
US1TXAS0022,20220529,PRCP,0,,,N,0800
US1TXAS0022,20220530,PRCP,0,,,N,0800
US1TXAS0022,20220501,SNOW,0,,,N,0800
US1TXAS0022,20220502,SNOW,0,,,N,0800
US1TXAS0022,20220503,SNOW,0,,,N,0800
US1TXAS0022,20220505,SNOW,0,,,N,0800
US1TXAS0022,20220507,SNOW,0,,,N,0800
US1TXAS0022,20220508,SNOW,0,,,N,0800
US1TXAS0022,20220512,SNOW,0,,,N,0800
US1TXAS0022,20220514,SNOW,0,,,N,0800
US1TXAS0022,20220515,SNOW,0,,,N,0800
US1TXAS0022,20220516,SNOW,0,,,N,0800
US1TXAS0022,20220517,SNOW,0,,,N,0800
US1TXAS0022,20220518,SNOW,0,,,N,0800
US1TXAS0022,20220519,SNOW,0,,,N,0800
US1TXAS0022,20220520,SNOW,0,,,N,0800
US1TXAS0022,20220521,SNOW,0,,,N,0800
US1TXAS0022,20220524,SNOW,0,,,N,0800
US1TXAS0022,20220528,SNOW,0,,,N,0800
US1TXAS0022,20220529,SNOW,0,,,N,0800
US1TXAS0022,20220530,SNOW,0,,,N,0800
US1TXAS0022,20220601,PRCP,84,,,N,0800
US1TXAS0022,20220602,PRCP,0,,,N,0800
US1TXAS0022,20220603,PRCP,64,,,N,0800
US1TXAS0022,20220604,PRCP,0,,,N,0800
US1TXAS0022,20220605,PRCP,0,,,N,0800
US1TXAS0022,20220607,PRCP,0,,,N,0800
US1TXAS0022,20220608,PRCP,0,,,N,0800
US1TXAS0022,20220610,PRCP,0,,,N,0800
US1TXAS0022,20220611,PRCP,0,,,N,0800
US1TXAS0022,20220612,PRCP,0,,,N,0800
US1TXAS0022,20220613,PRCP,0,,,N,0800
US1TXAS0022,20220615,PRCP,0,,,N,0800
US1TXAS0022,20220619,PRCP,0,,,N,0800
US1TXAS0022,20220620,PRCP,0,,,N,0800
US1TXAS0022,20220621,PRCP,0,,,N,0800
US1TXAS0022,20220626,PRCP,0,,,N,0800
US1TXAS0022,20220627,PRCP,0,,,N,0800
US1TXAS0022,20220628,PRCP,216,,,N,0800
US1TXAS0022,20220629,PRCP,0,,,N,0800
US1TXAS0022,20220630,PRCP,0,,,N,0800
US1TXAS0022,20220602,SNOW,0,,,N,0800
US1TXAS0022,20220604,SNOW,0,,,N,0800
US1TXAS0022,20220605,SNOW,0,,,N,0800
US1TXAS0022,20220607,SNOW,0,,,N,0800
US1TXAS0022,20220608,SNOW,0,,,N,0800
US1TXAS0022,20220610,SNOW,0,,,N,0800
US1TXAS0022,20220611,SNOW,0,,,N,0800
US1TXAS0022,20220612,SNOW,0,,,N,0800
US1TXAS0022,20220613,SNOW,0,,,N,0800
US1TXAS0022,20220615,SNOW,0,,,N,0800
US1TXAS0022,20220619,SNOW,0,,,N,0800
US1TXAS0022,20220620,SNOW,0,,,N,0800
US1TXAS0022,20220621,SNOW,0,,,N,0800
US1TXAS0022,20220626,SNOW,0,,,N,0800
US1TXAS0022,20220627,SNOW,0,,,N,0800
US1TXAS0022,20220629,SNOW,0,,,N,0800
US1TXAS0022,20220630,SNOW,0,,,N,0800
US1TXAS0022,20220701,PRCP,0,,,N,0800
US1TXAS0022,20220703,PRCP,0,,,N,0800
US1TXAS0022,20220704,PRCP,0,,,N,0800
US1TXAS0022,20220705,PRCP,0,,,N,0800
US1TXAS0022,20220706,PRCP,0,,,N,0800
US1TXAS0022,20220707,PRCP,0,,,N,0800
US1TXAS0022,20220709,PRCP,0,,,N,0800
US1TXAS0022,20220710,PRCP,0,,,N,0800
US1TXAS0022,20220711,PRCP,0,,,N,0800
US1TXAS0022,20220712,PRCP,0,,,N,0800
US1TXAS0022,20220714,PRCP,0,,,N,0800
US1TXAS0022,20220715,PRCP,0,,,N,0800
US1TXAS0022,20220718,PRCP,0,,,N,0800
US1TXAS0022,20220719,PRCP,0,,,N,0800
US1TXAS0022,20220721,PRCP,0,,,N,0800
US1TXAS0022,20220722,PRCP,0,,,N,0800
US1TXAS0022,20220723,PRCP,0,,,N,0800
US1TXAS0022,20220724,PRCP,0,,,N,0800
US1TXAS0022,20220727,PRCP,0,,,N,0800
US1TXAS0022,20220728,PRCP,0,,,N,0800
US1TXAS0022,20220730,PRCP,0,,,N,0800
US1TXAS0022,20220731,PRCP,0,,,N,0800
US1TXAS0022,20220701,SNOW,0,,,N,0800
US1TXAS0022,20220703,SNOW,0,,,N,0800
US1TXAS0022,20220704,SNOW,0,,,N,0800
US1TXAS0022,20220705,SNOW,0,,,N,0800
US1TXAS0022,20220706,SNOW,0,,,N,0800
US1TXAS0022,20220707,SNOW,0,,,N,0800
US1TXAS0022,20220709,SNOW,0,,,N,0800
US1TXAS0022,20220710,SNOW,0,,,N,0800
US1TXAS0022,20220711,SNOW,0,,,N,0800
US1TXAS0022,20220712,SNOW,0,,,N,0800
US1TXAS0022,20220714,SNOW,0,,,N,0800
US1TXAS0022,20220715,SNOW,0,,,N,0800
US1TXAS0022,20220718,SNOW,0,,,N,0800
US1TXAS0022,20220719,SNOW,0,,,N,0800
US1TXAS0022,20220721,SNOW,0,,,N,0800
US1TXAS0022,20220722,SNOW,0,,,N,0800
US1TXAS0022,20220723,SNOW,0,,,N,0800
US1TXAS0022,20220724,SNOW,0,,,N,0800
US1TXAS0022,20220727,SNOW,0,,,N,0800
US1TXAS0022,20220728,SNOW,0,,,N,0800
US1TXAS0022,20220730,SNOW,0,,,N,0800
US1TXAS0022,20220731,SNOW,0,,,N,0800
US1TXAS0022,20220801,PRCP,0,,,N,0800
US1TXAS0022,20220802,PRCP,0,,,N,0800
US1TXAS0022,20220803,PRCP,0,,,N,0800
US1TXAS0022,20220807,PRCP,0,,,N,0800
US1TXAS0022,20220809,PRCP,0,,,N,0800
US1TXAS0022,20220810,PRCP,0,,,N,0800
US1TXAS0022,20220811,PRCP,13,,,N,0800
US1TXAS0022,20220812,PRCP,191,,,N,0800
US1TXAS0022,20220813,PRCP,66,,,N,0800
US1TXAS0022,20220819,PRCP,13,,,N,0800
US1TXAS0022,20220820,PRCP,15,,,N,0800
US1TXAS0022,20220821,PRCP,0,,,N,0800
US1TXAS0022,20220822,PRCP,0,,,N,0800
US1TXAS0022,20220823,PRCP,89,,,N,0800
US1TXAS0022,20220824,PRCP,18,,,N,0800
US1TXAS0022,20220825,PRCP,25,,,N,0800
US1TXAS0022,20220827,PRCP,0,,,N,0800
US1TXAS0022,20220828,PRCP,0,,,N,0800
US1TXAS0022,20220829,PRCP,8,,,N,0800
US1TXAS0022,20220830,PRCP,25,,,N,0800
US1TXAS0022,20220831,PRCP,102,,,N,0800
US1TXAS0022,20220801,SNOW,0,,,N,0800
US1TXAS0022,20220802,SNOW,0,,,N,0800
US1TXAS0022,20220803,SNOW,0,,,N,0800
US1TXAS0022,20220807,SNOW,0,,,N,0800
US1TXAS0022,20220809,SNOW,0,,,N,0800
US1TXAS0022,20220810,SNOW,0,,,N,0800
US1TXAS0022,20220821,SNOW,0,,,N,0800
US1TXAS0022,20220822,SNOW,0,,,N,0800
US1TXAS0022,20220827,SNOW,0,,,N,0800
US1TXAS0022,20220828,SNOW,0,,,N,0800
US1TXAS0022,20220806,DAPR,3,,,N,0800
US1TXAS0022,20220806,MDPR,0,,,N,0800
US1TXAS0022,20220902,PRCP,0,,,N,0800
US1TXAS0022,20220904,PRCP,79,,,N,0800
US1TXAS0022,20220906,PRCP,0,,,N,0800
US1TXAS0022,20220908,PRCP,0,,,N,0800
US1TXAS0022,20220909,PRCP,0,,,N,0800
US1TXAS0022,20220910,PRCP,0,,,N,0800
US1TXAS0022,20220911,PRCP,0,,,N,0800
US1TXAS0022,20220912,PRCP,0,,,N,0800
US1TXAS0022,20220913,PRCP,0,,,N,0800
US1TXAS0022,20220915,PRCP,0,,,N,0800
US1TXAS0022,20220916,PRCP,13,,,N,0800
US1TXAS0022,20220918,PRCP,0,,,N,0800
US1TXAS0022,20220919,PRCP,0,,,N,0800
US1TXAS0022,20220920,PRCP,0,,,N,0800
US1TXAS0022,20220923,PRCP,0,,,N,0800
US1TXAS0022,20220924,PRCP,0,,,N,0800
US1TXAS0022,20220925,PRCP,0,,,N,0800
US1TXAS0022,20220926,PRCP,0,,,N,0800
US1TXAS0022,20220927,PRCP,0,,,N,0800
US1TXAS0022,20220928,PRCP,0,,,N,0800
US1TXAS0022,20220929,PRCP,0,,,N,0800
US1TXAS0022,20220930,PRCP,0,,,N,0800
US1TXAS0022,20220902,SNOW,0,,,N,0800
US1TXAS0022,20220906,SNOW,0,,,N,0800
US1TXAS0022,20220908,SNOW,0,,,N,0800
US1TXAS0022,20220909,SNOW,0,,,N,0800
US1TXAS0022,20220910,SNOW,0,,,N,0800
US1TXAS0022,20220911,SNOW,0,,,N,0800
US1TXAS0022,20220912,SNOW,0,,,N,0800
US1TXAS0022,20220913,SNOW,0,,,N,0800
US1TXAS0022,20220915,SNOW,0,,,N,0800
US1TXAS0022,20220918,SNOW,0,,,N,0800
US1TXAS0022,20220919,SNOW,0,,,N,0800
US1TXAS0022,20220920,SNOW,0,,,N,0800
US1TXAS0022,20220923,SNOW,0,,,N,0800
US1TXAS0022,20220924,SNOW,0,,,N,0800
US1TXAS0022,20220925,SNOW,0,,,N,0800
US1TXAS0022,20220926,SNOW,0,,,N,0800
US1TXAS0022,20220927,SNOW,0,,,N,0800
US1TXAS0022,20220928,SNOW,0,,,N,0800
US1TXAS0022,20220929,SNOW,0,,,N,0800
US1TXAS0022,20220930,SNOW,0,,,N,0800
US1TXAS0022,20221001,PRCP,0,,,N,0800
US1TXAS0022,20221002,PRCP,0,,,N,0800
US1TXAS0022,20221003,PRCP,0,,,N,0800
US1TXAS0022,20221005,PRCP,0,,,N,0800
US1TXAS0022,20221009,PRCP,0,,,N,0800
US1TXAS0022,20221010,PRCP,0,,,N,0800
US1TXAS0022,20221011,PRCP,0,,,N,0800
US1TXAS0022,20221015,PRCP,0,,,N,0800
US1TXAS0022,20221016,PRCP,0,,,N,0800
US1TXAS0022,20221017,PRCP,25,,,N,0800
US1TXAS0022,20221018,PRCP,64,,,N,0800
US1TXAS0022,20221019,PRCP,0,,,N,0800
US1TXAS0022,20221020,PRCP,0,,,N,0800
US1TXAS0022,20221024,PRCP,0,,,N,0800
US1TXAS0022,20221025,PRCP,216,,,N,0800
US1TXAS0022,20221027,PRCP,0,,,N,0800
US1TXAS0022,20221028,PRCP,8,,,N,0800
US1TXAS0022,20221029,PRCP,366,,,N,0800
US1TXAS0022,20221030,PRCP,0,,,N,0800
US1TXAS0022,20221031,PRCP,0,,,N,0800
US1TXAS0022,20221001,SNOW,0,,,N,0800
US1TXAS0022,20221002,SNOW,0,,,N,0800
US1TXAS0022,20221003,SNOW,0,,,N,0800
US1TXAS0022,20221005,SNOW,0,,,N,0800
US1TXAS0022,20221009,SNOW,0,,,N,0800
US1TXAS0022,20221010,SNOW,0,,,N,0800
US1TXAS0022,20221011,SNOW,0,,,N,0800
US1TXAS0022,20221015,SNOW,0,,,N,0800
US1TXAS0022,20221016,SNOW,0,,,N,0800
US1TXAS0022,20221019,SNOW,0,,,N,0800
US1TXAS0022,20221020,SNOW,0,,,N,0800
US1TXAS0022,20221024,SNOW,0,,,N,0800
US1TXAS0022,20221027,SNOW,0,,,N,0800
US1TXAS0022,20221030,SNOW,0,,,N,0800
US1TXAS0022,20221031,SNOW,0,,,N,0800
US1TXAS0022,20221101,PRCP,30,,,N,0800
US1TXAS0022,20221102,PRCP,97,,,N,0800
US1TXAS0022,20221103,PRCP,36,,,N,0800
US1TXAS0022,20221105,PRCP,142,,,N,0800
US1TXAS0022,20221106,PRCP,0,,,N,0800
US1TXAS0022,20221108,PRCP,0,,,N,0800
US1TXAS0022,20221110,PRCP,0,,,N,0800
US1TXAS0022,20221111,PRCP,0,,,N,0800
US1TXAS0022,20221113,PRCP,0,,,N,0800
US1TXAS0022,20221114,PRCP,0,,,N,0800
US1TXAS0022,20221115,PRCP,152,,,N,0800
US1TXAS0022,20221116,PRCP,0,,,N,0800
US1TXAS0022,20221117,PRCP,0,,,N,0800
US1TXAS0022,20221119,PRCP,25,,,N,0800
US1TXAS0022,20221120,PRCP,104,,,N,0800
US1TXAS0022,20221121,PRCP,30,,,N,0800
US1TXAS0022,20221122,PRCP,119,,,N,0800
US1TXAS0022,20221123,PRCP,0,,,N,0800
US1TXAS0022,20221125,PRCP,112,,,N,0800
US1TXAS0022,20221126,PRCP,445,,,N,0800
US1TXAS0022,20221128,PRCP,0,,,N,0800
US1TXAS0022,20221129,PRCP,0,,,N,0800
US1TXAS0022,20221106,SNOW,0,,,N,0800
US1TXAS0022,20221108,SNOW,0,,,N,0800
US1TXAS0022,20221110,SNOW,0,,,N,0800
US1TXAS0022,20221111,SNOW,0,,,N,0800
US1TXAS0022,20221113,SNOW,0,,,N,0800
US1TXAS0022,20221114,SNOW,0,,,N,0800
US1TXAS0022,20221116,SNOW,0,,,N,0800
US1TXAS0022,20221117,SNOW,0,,,N,0800
US1TXAS0022,20221123,SNOW,0,,,N,0800
US1TXAS0022,20221128,SNOW,0,,,N,0800
US1TXAS0022,20221129,SNOW,0,,,N,0800
US1TXAS0022,20221201,PRCP,0,,,N,0800
US1TXAS0022,20221202,PRCP,15,,,N,0800
US1TXAS0022,20221203,PRCP,15,,,N,0800
US1TXAS0022,20221204,PRCP,0,,,N,0800
US1TXAS0022,20221205,PRCP,0,,,N,0800
US1TXAS0022,20221206,PRCP,0,,,N,0800
US1TXAS0022,20221207,PRCP,0,,,N,0800
US1TXAS0022,20221208,PRCP,0,,,N,0800
US1TXAS0022,20221209,PRCP,0,,,N,0800
US1TXAS0022,20221210,PRCP,0,,,N,0800
US1TXAS0022,20221211,PRCP,0,,,N,0800
US1TXAS0022,20221212,PRCP,0,,,N,0800
US1TXAS0022,20221213,PRCP,0,,,N,0800
US1TXAS0022,20221214,PRCP,18,,,N,0800
US1TXAS0022,20221215,PRCP,0,,,N,0800
US1TXAS0022,20221216,PRCP,0,,,N,0800
US1TXAS0022,20221217,PRCP,0,,,N,0800
US1TXAS0022,20221218,PRCP,0,,,N,0800
US1TXAS0022,20221219,PRCP,10,,,N,0800
US1TXAS0022,20221220,PRCP,239,,,N,0800
US1TXAS0022,20221221,PRCP,8,,,N,0800
US1TXAS0022,20221222,PRCP,0,,,N,0800
US1TXAS0022,20221223,PRCP,0,,,N,0800
US1TXAS0022,20221224,PRCP,0,,,N,0800
US1TXAS0022,20221225,PRCP,0,,,N,0800
US1TXAS0022,20221227,PRCP,0,,,N,0800
US1TXAS0022,20221228,PRCP,0,,,N,0800
US1TXAS0022,20221229,PRCP,13,,,N,1439
US1TXAS0022,20221230,PRCP,1092,,,N,0800
US1TXAS0022,20221201,SNOW,0,,,N,0800
US1TXAS0022,20221204,SNOW,0,,,N,0800
US1TXAS0022,20221205,SNOW,0,,,N,0800
US1TXAS0022,20221206,SNOW,0,,,N,0800
US1TXAS0022,20221207,SNOW,0,,,N,0800
US1TXAS0022,20221208,SNOW,0,,,N,0800
US1TXAS0022,20221209,SNOW,0,,,N,0800
US1TXAS0022,20221210,SNOW,0,,,N,0800
US1TXAS0022,20221211,SNOW,0,,,N,0800
US1TXAS0022,20221212,SNOW,0,,,N,0800
US1TXAS0022,20221213,SNOW,0,,,N,0800
US1TXAS0022,20221215,SNOW,0,,,N,0800
US1TXAS0022,20221216,SNOW,0,,,N,0800
US1TXAS0022,20221217,SNOW,0,,,N,0800
US1TXAS0022,20221218,SNOW,0,,,N,0800
US1TXAS0022,20221222,SNOW,0,,,N,0800
US1TXAS0022,20221223,SNOW,0,,,N,0800
US1TXAS0022,20221224,SNOW,0,,,N,0800
US1TXAS0022,20221225,SNOW,0,,,N,0800
US1TXAS0022,20221227,SNOW,0,,,N,0800
US1TXAS0022,20221228,SNOW,0,,,N,0800
US1TXAS0022,20230101,PRCP,0,,,N,0800
US1TXAS0022,20230102,PRCP,0,,,N,0800
US1TXAS0022,20230103,PRCP,114,,,N,0800
US1TXAS0022,20230104,PRCP,0,,,N,0800
US1TXAS0022,20230105,PRCP,0,,,N,0800
US1TXAS0022,20230106,PRCP,0,,,N,0800
US1TXAS0022,20230108,PRCP,381,,,N,0800
US1TXAS0022,20230111,PRCP,0,,,N,0800
US1TXAS0022,20230113,PRCP,0,,,N,0800
US1TXAS0022,20230114,PRCP,0,,,N,0800
US1TXAS0022,20230115,PRCP,0,,,N,0800
US1TXAS0022,20230116,PRCP,0,,,N,0800
US1TXAS0022,20230117,PRCP,13,,,N,0800
US1TXAS0022,20230118,PRCP,8,,,N,0800
US1TXAS0022,20230119,PRCP,38,,,N,0800
US1TXAS0022,20230122,PRCP,10,,,N,0800
US1TXAS0022,20230124,PRCP,0,,,N,0800
US1TXAS0022,20230125,PRCP,597,,,N,0800
US1TXAS0022,20230126,PRCP,0,,,N,0800
US1TXAS0022,20230128,PRCP,28,,,N,0800
US1TXAS0022,20230129,PRCP,84,,,N,0800
US1TXAS0022,20230130,PRCP,254,,,N,0800
US1TXAS0022,20230131,PRCP,13,,,N,0800
US1TXAS0022,20230101,SNOW,0,,,N,0800
US1TXAS0022,20230102,SNOW,0,,,N,0800
US1TXAS0022,20230104,SNOW,0,,,N,0800
US1TXAS0022,20230105,SNOW,0,,,N,0800
US1TXAS0022,20230106,SNOW,0,,,N,0800
US1TXAS0022,20230111,SNOW,0,,,N,0800
US1TXAS0022,20230113,SNOW,0,,,N,0800
US1TXAS0022,20230114,SNOW,0,,,N,0800
US1TXAS0022,20230115,SNOW,0,,,N,0800
US1TXAS0022,20230116,SNOW,0,,,N,0800
US1TXAS0022,20230124,SNOW,0,,,N,0800
US1TXAS0022,20230126,SNOW,0,,,N,0800
US1TXAS0022,20230202,PRCP,152,,,N,0800
US1TXAS0022,20230203,PRCP,8,,,N,0800
US1TXAS0022,20230204,PRCP,0,,,N,0800
US1TXAS0022,20230206,PRCP,0,,,N,0800
US1TXAS0022,20230207,PRCP,0,,,N,0800
US1TXAS0022,20230208,PRCP,38,,,N,0800
US1TXAS0022,20230209,PRCP,48,,,N,0800
US1TXAS0022,20230210,PRCP,0,,,N,0800
US1TXAS0022,20230212,PRCP,0,,,N,0800
US1TXAS0022,20230213,PRCP,0,,,N,0800
US1TXAS0022,20230214,PRCP,36,,,N,0800
US1TXAS0022,20230215,PRCP,0,,,N,0800
US1TXAS0022,20230216,PRCP,0,,,N,0800
US1TXAS0022,20230218,PRCP,0,,,N,0800
US1TXAS0022,20230219,PRCP,0,,,N,0800
US1TXAS0022,20230220,PRCP,0,,,N,0800
US1TXAS0022,20230221,PRCP,0,,,N,0800
US1TXAS0022,20230222,PRCP,0,,,N,0800
US1TXAS0022,20230223,PRCP,0,,,N,0800
US1TXAS0022,20230224,PRCP,0,,,N,0800
US1TXAS0022,20230226,PRCP,10,,,N,0800
US1TXAS0022,20230227,PRCP,0,,,N,0800
US1TXAS0022,20230204,SNOW,0,,,N,0800
US1TXAS0022,20230206,SNOW,0,,,N,0800
US1TXAS0022,20230207,SNOW,0,,,N,0800
US1TXAS0022,20230210,SNOW,0,,,N,0800
US1TXAS0022,20230212,SNOW,0,,,N,0800
US1TXAS0022,20230213,SNOW,0,,,N,0800
US1TXAS0022,20230215,SNOW,0,,,N,0800
US1TXAS0022,20230216,SNOW,0,,,N,0800
US1TXAS0022,20230218,SNOW,0,,,N,0800
US1TXAS0022,20230219,SNOW,0,,,N,0800
US1TXAS0022,20230220,SNOW,0,,,N,0800
US1TXAS0022,20230221,SNOW,0,,,N,0800
US1TXAS0022,20230222,SNOW,0,,,N,0800
US1TXAS0022,20230223,SNOW,0,,,N,0800
US1TXAS0022,20230224,SNOW,0,,,N,0800
US1TXAS0022,20230227,SNOW,0,,,N,0800
US1TXAS0022,20230301,PRCP,0,,,N,0800
US1TXAS0022,20230302,PRCP,10,,,N,0800
US1TXAS0022,20230303,PRCP,64,,,N,0800
US1TXAS0022,20230304,PRCP,0,,,N,0800
US1TXAS0022,20230305,PRCP,0,,,N,0800
US1TXAS0022,20230306,PRCP,0,,,N,0800
US1TXAS0022,20230307,PRCP,0,,,N,0800
US1TXAS0022,20230308,PRCP,0,,,N,0800
US1TXAS0022,20230309,PRCP,0,,,N,0800
US1TXAS0022,20230310,PRCP,0,,,N,0800
US1TXAS0022,20230311,PRCP,0,,,N,0800
US1TXAS0022,20230313,PRCP,0,,,N,0800
US1TXAS0022,20230316,PRCP,0,,,N,0800
US1TXAS0022,20230317,PRCP,254,,,N,0800
US1TXAS0022,20230318,PRCP,46,,,N,0800
US1TXAS0022,20230320,PRCP,0,,,N,0800
US1TXAS0022,20230321,PRCP,23,,,N,0800
US1TXAS0022,20230322,PRCP,38,,,N,0800
US1TXAS0022,20230323,PRCP,0,,,N,0800
US1TXAS0022,20230324,PRCP,0,,,N,0800
US1TXAS0022,20230325,PRCP,10,,,N,0800
US1TXAS0022,20230326,PRCP,0,,,N,0800
US1TXAS0022,20230327,PRCP,76,,,N,0800
US1TXAS0022,20230328,PRCP,8,,,N,0800
US1TXAS0022,20230329,PRCP,8,,,N,0800
US1TXAS0022,20230331,PRCP,28,,,N,0800
US1TXAS0022,20230301,SNOW,0,,,N,0800
US1TXAS0022,20230304,SNOW,0,,,N,0800
US1TXAS0022,20230305,SNOW,0,,,N,0800
US1TXAS0022,20230306,SNOW,0,,,N,0800
US1TXAS0022,20230307,SNOW,0,,,N,0800
US1TXAS0022,20230308,SNOW,0,,,N,0800
US1TXAS0022,20230309,SNOW,0,,,N,0800
US1TXAS0022,20230310,SNOW,0,,,N,0800
US1TXAS0022,20230311,SNOW,0,,,N,0800
US1TXAS0022,20230313,SNOW,0,,,N,0800
US1TXAS0022,20230316,SNOW,0,,,N,0800
US1TXAS0022,20230320,SNOW,0,,,N,0800
US1TXAS0022,20230323,SNOW,0,,,N,0800
US1TXAS0022,20230324,SNOW,0,,,N,0800
US1TXAS0022,20230326,SNOW,0,,,N,0800
US1TXAS0022,20230401,PRCP,0,,,N,0800
US1TXAS0022,20230403,PRCP,0,,,N,0800
US1TXAS0022,20230405,PRCP,0,,,N,0800
US1TXAS0022,20230406,PRCP,1118,,,N,0800
US1TXAS0022,20230407,PRCP,577,,,N,0800
US1TXAS0022,20230408,PRCP,28,,,N,0800
US1TXAS0022,20230409,PRCP,28,,,N,0800
US1TXAS0022,20230411,PRCP,0,,,N,0800
US1TXAS0022,20230413,PRCP,0,,,N,0800
US1TXAS0022,20230414,PRCP,0,,,N,0800
US1TXAS0022,20230415,PRCP,28,,,N,0800
US1TXAS0022,20230416,PRCP,0,,,N,0800
US1TXAS0022,20230418,PRCP,25,,,N,0800
US1TXAS0022,20230419,PRCP,25,,,N,0800
US1TXAS0022,20230422,PRCP,25,,,N,0800
US1TXAS0022,20230424,PRCP,0,,,N,0800
US1TXAS0022,20230426,PRCP,28,,,N,0800
US1TXAS0022,20230427,PRCP,203,,,N,0800
US1TXAS0022,20230429,PRCP,76,,,N,0800
US1TXAS0022,20230401,SNOW,0,,,N,0800
US1TXAS0022,20230403,SNOW,0,,,N,0800
US1TXAS0022,20230405,SNOW,0,,,N,0800
US1TXAS0022,20230411,SNOW,0,,,N,0800
US1TXAS0022,20230413,SNOW,0,,,N,0800
US1TXAS0022,20230414,SNOW,0,,,N,0800
US1TXAS0022,20230416,SNOW,0,,,N,0800
US1TXAS0022,20230424,SNOW,0,,,N,0800
US1TXAS0022,20230502,PRCP,0,,,N,0800
US1TXAS0022,20230503,PRCP,0,,,N,0800
US1TXAS0022,20230506,PRCP,38,,,N,0800
US1TXAS0022,20230507,PRCP,0,,,N,0800
US1TXAS0022,20230509,PRCP,8,,,N,0800
US1TXAS0022,20230510,PRCP,419,,,N,0800
US1TXAS0022,20230511,PRCP,94,,,N,0800
US1TXAS0022,20230512,PRCP,0,,,N,0800
US1TXAS0022,20230513,PRCP,254,,,N,0800
US1TXAS0022,20230514,PRCP,673,,,N,0800
US1TXAS0022,20230516,PRCP,15,,,N,0800
US1TXAS0022,20230517,PRCP,13,,,N,0800
US1TXAS0022,20230519,PRCP,0,,,N,0800
US1TXAS0022,20230521,PRCP,0,,,N,0800
US1TXAS0022,20230522,PRCP,10,,,N,0800
US1TXAS0022,20230523,PRCP,0,,,N,0800
US1TXAS0022,20230524,PRCP,79,,,N,0800
US1TXAS0022,20230525,PRCP,0,,,N,0800
US1TXAS0022,20230528,PRCP,0,,,N,0800
US1TXAS0022,20230529,PRCP,0,,,N,0800
US1TXAS0022,20230530,PRCP,10,,,N,0800
US1TXAS0022,20230502,SNOW,0,,,N,0800
US1TXAS0022,20230503,SNOW,0,,,N,0800
US1TXAS0022,20230507,SNOW,0,,,N,0800
US1TXAS0022,20230512,SNOW,0,,,N,0800
US1TXAS0022,20230519,SNOW,0,,,N,0800
US1TXAS0022,20230521,SNOW,0,,,N,0800
US1TXAS0022,20230523,SNOW,0,,,N,0800
US1TXAS0022,20230525,SNOW,0,,,N,0800
US1TXAS0022,20230528,SNOW,0,,,N,0800
US1TXAS0022,20230529,SNOW,0,,,N,0800
US1TXAS0022,20230603,PRCP,0,,,N,0800
US1TXAS0022,20230604,PRCP,450,,,N,0800
US1TXAS0022,20230605,PRCP,94,,,N,0800
US1TXAS0022,20230607,PRCP,0,,,N,0800
US1TXAS0022,20230608,PRCP,0,,,N,0800
US1TXAS0022,20230609,PRCP,0,,,N,0800
US1TXAS0022,20230611,PRCP,53,,,N,0800
US1TXAS0022,20230613,PRCP,0,,,N,0800
US1TXAS0022,20230615,PRCP,0,,,N,0800
US1TXAS0022,20230616,PRCP,0,,,N,0800
US1TXAS0022,20230617,PRCP,0,,,N,0800
US1TXAS0022,20230618,PRCP,0,,,N,0800
US1TXAS0022,20230621,PRCP,0,,,N,0800
US1TXAS0022,20230622,PRCP,36,,,N,0800
US1TXAS0022,20230623,PRCP,0,,,N,0800
US1TXAS0022,20230624,PRCP,0,,,N,0800
US1TXAS0022,20230625,PRCP,0,,,N,0800
US1TXAS0022,20230626,PRCP,0,,,N,0800
US1TXAS0022,20230627,PRCP,0,,,N,0800
US1TXAS0022,20230628,PRCP,0,,,N,0800
US1TXAS0022,20230629,PRCP,0,,,N,0800
US1TXAS0022,20230630,PRCP,0,,,N,0800
US1TXAS0022,20230603,SNOW,0,,,N,0800
US1TXAS0022,20230607,SNOW,0,,,N,0800
US1TXAS0022,20230608,SNOW,0,,,N,0800
US1TXAS0022,20230609,SNOW,0,,,N,0800
US1TXAS0022,20230613,SNOW,0,,,N,0800
US1TXAS0022,20230615,SNOW,0,,,N,0800
US1TXAS0022,20230616,SNOW,0,,,N,0800
US1TXAS0022,20230617,SNOW,0,,,N,0800
US1TXAS0022,20230618,SNOW,0,,,N,0800
US1TXAS0022,20230621,SNOW,0,,,N,0800
US1TXAS0022,20230623,SNOW,0,,,N,0800
US1TXAS0022,20230624,SNOW,0,,,N,0800
US1TXAS0022,20230625,SNOW,0,,,N,0800
US1TXAS0022,20230626,SNOW,0,,,N,0800
US1TXAS0022,20230627,SNOW,0,,,N,0800
US1TXAS0022,20230628,SNOW,0,,,N,0800
US1TXAS0022,20230629,SNOW,0,,,N,0800
US1TXAS0022,20230630,SNOW,0,,,N,0800
US1TXAS0022,20230701,PRCP,0,,,N,0800
US1TXAS0022,20230703,PRCP,0,,,N,0800
US1TXAS0022,20230704,PRCP,53,,,N,0800
US1TXAS0022,20230705,PRCP,0,,,N,0800
US1TXAS0022,20230706,PRCP,132,,,N,0800
US1TXAS0022,20230707,PRCP,132,,,N,0800
US1TXAS0022,20230708,PRCP,28,,,N,0800
US1TXAS0022,20230709,PRCP,0,,,N,0800
US1TXAS0022,20230710,PRCP,0,,,N,0800
US1TXAS0022,20230711,PRCP,0,,,N,0800
US1TXAS0022,20230714,PRCP,0,,,N,0800
US1TXAS0022,20230716,PRCP,0,,,N,0800
US1TXAS0022,20230719,PRCP,0,,,N,0800
US1TXAS0022,20230720,PRCP,0,,,N,0800
US1TXAS0022,20230721,PRCP,0,,,N,0800
US1TXAS0022,20230722,PRCP,0,,,N,0800
US1TXAS0022,20230723,PRCP,0,,,N,0800
US1TXAS0022,20230724,PRCP,0,,,N,0800
US1TXAS0022,20230727,PRCP,0,,,N,0800
US1TXAS0022,20230728,PRCP,0,,,N,0800
US1TXAS0022,20230729,PRCP,0,,,N,0800
US1TXAS0022,20230730,PRCP,0,,,N,0800
US1TXAS0022,20230731,PRCP,0,,,N,0800
US1TXAS0022,20230701,SNOW,0,,,N,0800
US1TXAS0022,20230703,SNOW,0,,,N,0800
US1TXAS0022,20230705,SNOW,0,,,N,0800
US1TXAS0022,20230709,SNOW,0,,,N,0800
US1TXAS0022,20230710,SNOW,0,,,N,0800
US1TXAS0022,20230711,SNOW,0,,,N,0800
US1TXAS0022,20230714,SNOW,0,,,N,0800
US1TXAS0022,20230716,SNOW,0,,,N,0800
US1TXAS0022,20230719,SNOW,0,,,N,0800
US1TXAS0022,20230720,SNOW,0,,,N,0800
US1TXAS0022,20230721,SNOW,0,,,N,0800
US1TXAS0022,20230722,SNOW,0,,,N,0800
US1TXAS0022,20230723,SNOW,0,,,N,0800
US1TXAS0022,20230724,SNOW,0,,,N,0800
US1TXAS0022,20230727,SNOW,0,,,N,0800
US1TXAS0022,20230728,SNOW,0,,,N,0800
US1TXAS0022,20230729,SNOW,0,,,N,0800
US1TXAS0022,20230730,SNOW,0,,,N,0800
US1TXAS0022,20230731,SNOW,0,,,N,0800
US1TXAS0022,20230801,PRCP,0,,,N,0800
US1TXAS0022,20230805,PRCP,0,,,N,0800
US1TXAS0022,20230807,PRCP,0,,,N,0800
US1TXAS0022,20230808,PRCP,0,,,N,0800
US1TXAS0022,20230809,PRCP,0,,,N,0800
US1TXAS0022,20230810,PRCP,0,,,N,0800
US1TXAS0022,20230812,PRCP,0,,,N,0800
US1TXAS0022,20230815,PRCP,0,,,N,0800
US1TXAS0022,20230816,PRCP,0,,,N,0800
US1TXAS0022,20230817,PRCP,0,,,N,0800
US1TXAS0022,20230818,PRCP,0,,,N,0800
US1TXAS0022,20230820,PRCP,0,,,N,0800
US1TXAS0022,20230821,PRCP,0,,,N,0800
US1TXAS0022,20230823,PRCP,0,,,N,0800
US1TXAS0022,20230824,PRCP,0,,,N,0800
US1TXAS0022,20230825,PRCP,18,,,N,0800
US1TXAS0022,20230826,PRCP,0,,,N,0800
US1TXAS0022,20230827,PRCP,0,,,N,0800
US1TXAS0022,20230828,PRCP,0,,,N,0800
US1TXAS0022,20230829,PRCP,0,,,N,0800
US1TXAS0022,20230830,PRCP,0,,,N,0800
US1TXAS0022,20230831,PRCP,0,,,N,0800
US1TXAS0022,20230801,SNOW,0,,,N,0800
US1TXAS0022,20230805,SNOW,0,,,N,0800
US1TXAS0022,20230807,SNOW,0,,,N,0800
US1TXAS0022,20230808,SNOW,0,,,N,0800
US1TXAS0022,20230809,SNOW,0,,,N,0800
US1TXAS0022,20230810,SNOW,0,,,N,0800
US1TXAS0022,20230812,SNOW,0,,,N,0800
US1TXAS0022,20230815,SNOW,0,,,N,0800
US1TXAS0022,20230816,SNOW,0,,,N,0800
US1TXAS0022,20230817,SNOW,0,,,N,0800
US1TXAS0022,20230818,SNOW,0,,,N,0800
US1TXAS0022,20230820,SNOW,0,,,N,0800
US1TXAS0022,20230821,SNOW,0,,,N,0800
US1TXAS0022,20230823,SNOW,0,,,N,0800
US1TXAS0022,20230824,SNOW,0,,,N,0800
US1TXAS0022,20230826,SNOW,0,,,N,0800
US1TXAS0022,20230827,SNOW,0,,,N,0800
US1TXAS0022,20230828,SNOW,0,,,N,0800
US1TXAS0022,20230829,SNOW,0,,,N,0800
US1TXAS0022,20230830,SNOW,0,,,N,0800
US1TXAS0022,20230831,SNOW,0,,,N,0800
US1TXAS0022,20230904,PRCP,0,,,N,0800
US1TXAS0022,20230905,PRCP,0,,,N,0800
US1TXAS0022,20230906,PRCP,0,,,N,0800
US1TXAS0022,20230907,PRCP,0,,,N,0800
US1TXAS0022,20230908,PRCP,0,,,N,0800
US1TXAS0022,20230910,PRCP,0,,,N,0800
US1TXAS0022,20230911,PRCP,0,,,N,0800
US1TXAS0022,20230912,PRCP,0,,,N,0800
US1TXAS0022,20230914,PRCP,0,,,N,0800
US1TXAS0022,20230915,PRCP,89,,,N,0800
US1TXAS0022,20230916,PRCP,33,,,N,0800
US1TXAS0022,20230917,PRCP,216,,,N,0800
US1TXAS0022,20230918,PRCP,0,,,N,0800
US1TXAS0022,20230919,PRCP,0,,,N,0800
US1TXAS0022,20230922,PRCP,0,,,N,0800
US1TXAS0022,20230923,PRCP,13,,,N,0800
US1TXAS0022,20230924,PRCP,0,,,N,0800
US1TXAS0022,20230925,PRCP,0,,,N,0800
US1TXAS0022,20230926,PRCP,18,,,N,0800
US1TXAS0022,20230904,SNOW,0,,,N,0800
US1TXAS0022,20230905,SNOW,0,,,N,0800
US1TXAS0022,20230906,SNOW,0,,,N,0800
US1TXAS0022,20230907,SNOW,0,,,N,0800
US1TXAS0022,20230908,SNOW,0,,,N,0800
US1TXAS0022,20230910,SNOW,0,,,N,0800
US1TXAS0022,20230911,SNOW,0,,,N,0800
US1TXAS0022,20230912,SNOW,0,,,N,0800
US1TXAS0022,20230914,SNOW,0,,,N,0800
US1TXAS0022,20230918,SNOW,0,,,N,0800
US1TXAS0022,20230919,SNOW,0,,,N,0800
US1TXAS0022,20230922,SNOW,0,,,N,0800
US1TXAS0022,20230924,SNOW,0,,,N,0800
US1TXAS0022,20230925,SNOW,0,,,N,0800
US1TXAS0022,20230930,DAPR,2,,,N,0800
US1TXAS0022,20230930,MDPR,0,,,N,0800
US1TXAS0022,20231001,PRCP,0,,,N,0800
US1TXAS0022,20231002,PRCP,0,,,N,0800
US1TXAS0022,20231003,PRCP,0,,,N,0800
US1TXAS0022,20231004,PRCP,0,,,N,0800
US1TXAS0022,20231005,PRCP,292,,,N,0800
US1TXAS0022,20231006,PRCP,203,,,N,0800
US1TXAS0022,20231007,PRCP,0,,,N,0800
US1TXAS0022,20231008,PRCP,0,,,N,0800
US1TXAS0022,20231009,PRCP,0,,,N,0800
US1TXAS0022,20231010,PRCP,0,,,N,0800
US1TXAS0022,20231011,PRCP,89,,,N,0800
US1TXAS0022,20231016,PRCP,0,,,N,0800
US1TXAS0022,20231020,PRCP,0,,,N,0800
US1TXAS0022,20231027,PRCP,94,,,N,0800
US1TXAS0022,20231028,PRCP,84,,,N,0800
US1TXAS0022,20231029,PRCP,0,,,N,0800
US1TXAS0022,20231030,PRCP,0,,,N,0800
US1TXAS0022,20231031,PRCP,109,,,N,0800
US1TXAS0022,20231001,SNOW,0,,,N,0800
US1TXAS0022,20231002,SNOW,0,,,N,0800
US1TXAS0022,20231003,SNOW,0,,,N,0800
US1TXAS0022,20231004,SNOW,0,,,N,0800
US1TXAS0022,20231007,SNOW,0,,,N,0800
US1TXAS0022,20231008,SNOW,0,,,N,0800
US1TXAS0022,20231009,SNOW,0,,,N,0800
US1TXAS0022,20231010,SNOW,0,,,N,0800
US1TXAS0022,20231016,SNOW,0,,,N,0800
US1TXAS0022,20231020,SNOW,0,,,N,0800
US1TXAS0022,20231029,SNOW,0,,,N,0800
US1TXAS0022,20231030,SNOW,0,,,N,0800
US1TXAS0022,20231014,DAPR,2,,,N,0800
US1TXAS0022,20231026,DAPR,6,,,N,0800
US1TXAS0022,20231014,MDPR,0,,,N,0800
US1TXAS0022,20231026,MDPR,0,,,N,0800
US1TXAS0022,20231102,PRCP,0,,,N,0800
US1TXAS0022,20231103,PRCP,0,,,N,0800
US1TXAS0022,20231105,PRCP,0,,,N,0800
US1TXAS0022,20231106,PRCP,0,,,N,0800
US1TXAS0022,20231107,PRCP,0,,,N,0800
US1TXAS0022,20231109,PRCP,0,,,N,0800
US1TXAS0022,20231110,PRCP,254,,,N,0800
US1TXAS0022,20231111,PRCP,10,,,N,0800
US1TXAS0022,20231112,PRCP,0,,,N,0800
US1TXAS0022,20231113,PRCP,239,,,N,0800
US1TXAS0022,20231115,PRCP,0,,,N,0800
US1TXAS0022,20231116,PRCP,0,,,N,0800
US1TXAS0022,20231117,PRCP,0,,,N,0800
US1TXAS0022,20231118,PRCP,0,,,N,0800
US1TXAS0022,20231119,PRCP,0,,,N,0800
US1TXAS0022,20231121,PRCP,28,,,N,0800
US1TXAS0022,20231122,PRCP,0,,,N,0800
US1TXAS0022,20231124,PRCP,28,,,N,0800
US1TXAS0022,20231127,PRCP,0,,,N,0800
US1TXAS0022,20231130,PRCP,58,,,N,0800
US1TXAS0022,20231102,SNOW,0,,,N,0800
US1TXAS0022,20231103,SNOW,0,,,N,0800
US1TXAS0022,20231105,SNOW,0,,,N,0800
US1TXAS0022,20231106,SNOW,0,,,N,0800
US1TXAS0022,20231107,SNOW,0,,,N,0800
US1TXAS0022,20231109,SNOW,0,,,N,0800
US1TXAS0022,20231112,SNOW,0,,,N,0800
US1TXAS0022,20231115,SNOW,0,,,N,0800
US1TXAS0022,20231116,SNOW,0,,,N,0800
US1TXAS0022,20231117,SNOW,0,,,N,0800
US1TXAS0022,20231118,SNOW,0,,,N,0800
US1TXAS0022,20231119,SNOW,0,,,N,0800
US1TXAS0022,20231122,SNOW,0,,,N,0800
US1TXAS0022,20231127,SNOW,0,,,N,0800
US1TXAS0022,20231201,PRCP,0,,,N,0800
US1TXAS0022,20231203,PRCP,0,,,N,0800
US1TXAS0022,20231204,PRCP,0,,,N,0800
US1TXAS0022,20231206,PRCP,0,,,N,0800
US1TXAS0022,20231208,PRCP,0,,,N,0800
US1TXAS0022,20231215,PRCP,0,,,N,0800
US1TXAS0022,20231216,PRCP,0,,,N,0800
US1TXAS0022,20231217,PRCP,0,,,N,0800
US1TXAS0022,20231218,PRCP,0,,,N,0800
US1TXAS0022,20231219,PRCP,0,,,N,0800
US1TXAS0022,20231220,PRCP,0,,,N,0800
US1TXAS0022,20231221,PRCP,23,,,N,0800
US1TXAS0022,20231222,PRCP,0,,,N,0800
US1TXAS0022,20231224,PRCP,145,,,N,0800
US1TXAS0022,20231225,PRCP,119,,,N,0800
US1TXAS0022,20231226,PRCP,0,,,N,0800
US1TXAS0022,20231227,PRCP,0,,,N,0800
US1TXAS0022,20231231,PRCP,0,,,N,0800
US1TXAS0022,20231201,SNOW,0,,,N,0800
US1TXAS0022,20231203,SNOW,0,,,N,0800
US1TXAS0022,20231204,SNOW,0,,,N,0800
US1TXAS0022,20231206,SNOW,0,,,N,0800
US1TXAS0022,20231208,SNOW,0,,,N,0800
US1TXAS0022,20231215,SNOW,0,,,N,0800
US1TXAS0022,20231216,SNOW,0,,,N,0800
US1TXAS0022,20231217,SNOW,0,,,N,0800
US1TXAS0022,20231218,SNOW,0,,,N,0800
US1TXAS0022,20231219,SNOW,0,,,N,0800
US1TXAS0022,20231220,SNOW,0,,,N,0800
US1TXAS0022,20231222,SNOW,0,,,N,0800
US1TXAS0022,20231226,SNOW,0,,,N,0800
US1TXAS0022,20231227,SNOW,0,,,N,0800
US1TXAS0022,20231231,SNOW,0,,,N,0800
US1TXAS0022,20231214,DAPR,2,,,N,0800
US1TXAS0022,20231214,MDPR,10,,,N,0800
US1TXAS0022,20240101,PRCP,0,,,N,0800
US1TXAS0022,20240102,PRCP,0,,,N,0800
US1TXAS0022,20240103,PRCP,216,,,N,0800
US1TXAS0022,20240105,PRCP,160,,,N,0800
US1TXAS0022,20240106,PRCP,0,,,N,0800
US1TXAS0022,20240107,PRCP,0,,,N,0800
US1TXAS0022,20240108,PRCP,13,,,N,0800
US1TXAS0022,20240109,PRCP,203,,,N,0800
US1TXAS0022,20240110,PRCP,0,,,N,0800
US1TXAS0022,20240113,PRCP,0,,,N,0800
US1TXAS0022,20240114,PRCP,0,,,N,0800
US1TXAS0022,20240115,PRCP,0,,,N,0800
US1TXAS0022,20240116,PRCP,0,,,N,0800
US1TXAS0022,20240117,PRCP,0,,,N,0800
US1TXAS0022,20240118,PRCP,0,,,N,0800
US1TXAS0022,20240119,PRCP,0,,,N,0800
US1TXAS0022,20240120,PRCP,0,,,N,0800
US1TXAS0022,20240121,PRCP,0,,,N,0800
US1TXAS0022,20240122,PRCP,572,,,N,0800
US1TXAS0022,20240123,PRCP,394,,,N,0800
US1TXAS0022,20240124,PRCP,721,,,N,0800
US1TXAS0022,20240125,PRCP,546,,,N,0800
US1TXAS0022,20240127,PRCP,84,,,N,0800
US1TXAS0022,20240129,PRCP,0,,,N,0800
US1TXAS0022,20240130,PRCP,0,,,N,0800
US1TXAS0022,20240131,PRCP,0,,,N,0800
US1TXAS0022,20240101,SNOW,0,,,N,0800
US1TXAS0022,20240102,SNOW,0,,,N,0800
US1TXAS0022,20240106,SNOW,0,,,N,0800
US1TXAS0022,20240107,SNOW,0,,,N,0800
US1TXAS0022,20240110,SNOW,0,,,N,0800
US1TXAS0022,20240113,SNOW,0,,,N,0800
US1TXAS0022,20240114,SNOW,0,,,N,0800
US1TXAS0022,20240115,SNOW,0,,,N,0800
US1TXAS0022,20240116,SNOW,0,,,N,0800
US1TXAS0022,20240117,SNOW,0,,,N,0800
US1TXAS0022,20240118,SNOW,0,,,N,0800
US1TXAS0022,20240119,SNOW,0,,,N,0800
US1TXAS0022,20240120,SNOW,0,,,N,0800
US1TXAS0022,20240121,SNOW,0,,,N,0800
US1TXAS0022,20240129,SNOW,0,,,N,0800
US1TXAS0022,20240130,SNOW,0,,,N,0800
US1TXAS0022,20240131,SNOW,0,,,N,0800
US1TXAS0022,20240202,PRCP,0,,,N,0800
US1TXAS0022,20240203,PRCP,577,,,N,0800
US1TXAS0022,20240205,PRCP,0,,,N,0800
US1TXAS0022,20240206,PRCP,0,,,N,0800
US1TXAS0022,20240207,PRCP,0,,,N,0800
US1TXAS0022,20240208,PRCP,0,,,N,0800
US1TXAS0022,20240210,PRCP,38,,,N,0800
US1TXAS0022,20240211,PRCP,8,,,N,0800
US1TXAS0022,20240213,PRCP,0,,,N,0800
US1TXAS0022,20240214,PRCP,0,,,N,0800
US1TXAS0022,20240215,PRCP,0,,,N,0800
US1TXAS0022,20240216,PRCP,0,,,N,0800
US1TXAS0022,20240217,PRCP,0,,,N,0800
US1TXAS0022,20240218,PRCP,0,,,N,0800
US1TXAS0022,20240219,PRCP,0,,,N,0800
US1TXAS0022,20240221,PRCP,0,,,N,0800
US1TXAS0022,20240222,PRCP,0,,,N,0800
US1TXAS0022,20240223,PRCP,0,,,N,0800
US1TXAS0022,20240224,PRCP,0,,,N,0800
US1TXAS0022,20240227,PRCP,0,,,N,0800
US1TXAS0022,20240228,PRCP,0,,,N,0800
US1TXAS0022,20240202,SNOW,0,,,N,0800
US1TXAS0022,20240205,SNOW,0,,,N,0800
US1TXAS0022,20240206,SNOW,0,,,N,0800
US1TXAS0022,20240207,SNOW,0,,,N,0800
US1TXAS0022,20240208,SNOW,0,,,N,0800
US1TXAS0022,20240213,SNOW,0,,,N,0800
US1TXAS0022,20240214,SNOW,0,,,N,0800
US1TXAS0022,20240215,SNOW,0,,,N,0800
US1TXAS0022,20240216,SNOW,0,,,N,0800
US1TXAS0022,20240217,SNOW,0,,,N,0800
US1TXAS0022,20240218,SNOW,0,,,N,0800
US1TXAS0022,20240219,SNOW,0,,,N,0800
US1TXAS0022,20240221,SNOW,0,,,N,0800
US1TXAS0022,20240222,SNOW,0,,,N,0800
US1TXAS0022,20240223,SNOW,0,,,N,0800
US1TXAS0022,20240224,SNOW,0,,,N,0800
US1TXAS0022,20240227,SNOW,0,,,N,0800
US1TXAS0022,20240228,SNOW,0,,,N,0800
US1TXAS0022,20240301,PRCP,0,,,N,0800
US1TXAS0022,20240302,PRCP,0,,,N,0800
US1TXAS0022,20240303,PRCP,0,,,N,0800
US1TXAS0022,20240304,PRCP,0,,,N,0800
US1TXAS0022,20240305,PRCP,0,,,N,0800
US1TXAS0022,20240306,PRCP,0,,,N,0800
US1TXAS0022,20240308,PRCP,13,,,N,0800
US1TXAS0022,20240309,PRCP,0,,,N,0800
US1TXAS0022,20240310,PRCP,0,,,N,0800
US1TXAS0022,20240311,PRCP,0,,,N,0800
US1TXAS0022,20240312,PRCP,0,,,N,0800
US1TXAS0022,20240313,PRCP,0,,,N,0800
US1TXAS0022,20240314,PRCP,0,,,N,0800
US1TXAS0022,20240315,PRCP,38,,,N,0800
US1TXAS0022,20240316,PRCP,165,,,N,0800
US1TXAS0022,20240317,PRCP,94,,,N,0800
US1TXAS0022,20240318,PRCP,36,,,N,0800
US1TXAS0022,20240322,PRCP,699,,,N,0800
US1TXAS0022,20240324,PRCP,0,,,N,0800
US1TXAS0022,20240325,PRCP,13,,,N,0800
US1TXAS0022,20240326,PRCP,127,,,N,0800
US1TXAS0022,20240327,PRCP,0,,,N,0800
US1TXAS0022,20240328,PRCP,0,,,N,0800
US1TXAS0022,20240329,PRCP,0,,,N,0800
US1TXAS0022,20240330,PRCP,0,,,N,0800
US1TXAS0022,20240331,PRCP,0,,,N,0800
US1TXAS0022,20240301,SNOW,0,,,N,0800
US1TXAS0022,20240302,SNOW,0,,,N,0800
US1TXAS0022,20240303,SNOW,0,,,N,0800
US1TXAS0022,20240304,SNOW,0,,,N,0800
US1TXAS0022,20240305,SNOW,0,,,N,0800
US1TXAS0022,20240306,SNOW,0,,,N,0800
US1TXAS0022,20240309,SNOW,0,,,N,0800
US1TXAS0022,20240310,SNOW,0,,,N,0800
US1TXAS0022,20240311,SNOW,0,,,N,0800
US1TXAS0022,20240312,SNOW,0,,,N,0800
US1TXAS0022,20240313,SNOW,0,,,N,0800
US1TXAS0022,20240314,SNOW,0,,,N,0800
US1TXAS0022,20240324,SNOW,0,,,N,0800
US1TXAS0022,20240327,SNOW,0,,,N,0800
US1TXAS0022,20240328,SNOW,0,,,N,0800
US1TXAS0022,20240329,SNOW,0,,,N,0800
US1TXAS0022,20240330,SNOW,0,,,N,0800
US1TXAS0022,20240331,SNOW,0,,,N,0800
US1TXAS0022,20240321,DAPR,2,,,N,0800
US1TXAS0022,20240321,MDPR,0,,,N,0800
US1TXAS0022,20240401,PRCP,0,,,N,0800
US1TXAS0022,20240403,PRCP,0,,,N,0800
US1TXAS0022,20240404,PRCP,0,,,N,0800
US1TXAS0022,20240405,PRCP,0,,,N,0800
US1TXAS0022,20240406,PRCP,0,,,N,0800
US1TXAS0022,20240408,PRCP,0,,,N,0800
US1TXAS0022,20240409,PRCP,475,,,N,0800
US1TXAS0022,20240410,PRCP,109,,,N,0800
US1TXAS0022,20240412,PRCP,0,,,N,0800
US1TXAS0022,20240413,PRCP,0,,,N,0800
US1TXAS0022,20240414,PRCP,0,,,N,0800
US1TXAS0022,20240416,PRCP,0,,,N,0800
US1TXAS0022,20240417,PRCP,20,,,N,0800
US1TXAS0022,20240418,PRCP,0,,,N,0800
US1TXAS0022,20240419,PRCP,0,,,N,0800
US1TXAS0022,20240420,PRCP,0,,,N,0800
US1TXAS0022,20240423,PRCP,0,,,N,0800
US1TXAS0022,20240424,PRCP,0,,,N,0800
US1TXAS0022,20240425,PRCP,0,,,N,0800
US1TXAS0022,20240426,PRCP,0,,,N,0800
US1TXAS0022,20240427,PRCP,0,,,N,0800
US1TXAS0022,20240428,PRCP,0,,,N,0800
US1TXAS0022,20240429,PRCP,76,,,N,0800
US1TXAS0022,20240430,PRCP,0,,,N,0800
US1TXAS0022,20240401,SNOW,0,,,N,0800
US1TXAS0022,20240403,SNOW,0,,,N,0800
US1TXAS0022,20240404,SNOW,0,,,N,0800
US1TXAS0022,20240405,SNOW,0,,,N,0800
US1TXAS0022,20240406,SNOW,0,,,N,0800
US1TXAS0022,20240408,SNOW,0,,,N,0800
US1TXAS0022,20240412,SNOW,0,,,N,0800
US1TXAS0022,20240413,SNOW,0,,,N,0800
US1TXAS0022,20240414,SNOW,0,,,N,0800
US1TXAS0022,20240416,SNOW,0,,,N,0800
US1TXAS0022,20240418,SNOW,0,,,N,0800
US1TXAS0022,20240419,SNOW,0,,,N,0800
US1TXAS0022,20240420,SNOW,0,,,N,0800
US1TXAS0022,20240423,SNOW,0,,,N,0800
US1TXAS0022,20240424,SNOW,0,,,N,0800
US1TXAS0022,20240425,SNOW,0,,,N,0800
US1TXAS0022,20240426,SNOW,0,,,N,0800
US1TXAS0022,20240427,SNOW,0,,,N,0800
US1TXAS0022,20240428,SNOW,0,,,N,0800
US1TXAS0022,20240430,SNOW,0,,,N,0800
US1TXAS0022,20240422,DAPR,2,,,N,0800
US1TXAS0022,20240422,MDPR,343,,,N,0800
US1TXAS0022,20240501,PRCP,0,,,N,0800
US1TXAS0022,20240502,PRCP,25,,,N,0800
US1TXAS0022,20240503,PRCP,381,,,N,0800
US1TXAS0022,20240505,PRCP,165,,,N,0800
US1TXAS0022,20240506,PRCP,165,,,N,0800
US1TXAS0022,20240508,PRCP,0,,,N,0800
US1TXAS0022,20240510,PRCP,64,,,N,0800
US1TXAS0022,20240511,PRCP,0,,,N,0800
US1TXAS0022,20240512,PRCP,10,,,N,0800
US1TXAS0022,20240513,PRCP,13,,,N,0800
US1TXAS0022,20240514,PRCP,94,,,N,0800
US1TXAS0022,20240515,PRCP,0,,,N,0800
US1TXAS0022,20240516,PRCP,0,,,N,0800
US1TXAS0022,20240517,PRCP,234,,,N,0800
US1TXAS0022,20240518,PRCP,0,,,N,0800
US1TXAS0022,20240519,PRCP,0,,,N,0800
US1TXAS0022,20240520,PRCP,0,,,N,0800
US1TXAS0022,20240522,PRCP,0,,,N,0800
US1TXAS0022,20240523,PRCP,0,,,N,0800
US1TXAS0022,20240524,PRCP,0,,,N,0800
US1TXAS0022,20240527,PRCP,0,,,N,0800
US1TXAS0022,20240528,PRCP,0,,,N,0800
US1TXAS0022,20240529,PRCP,84,,,N,0800
US1TXAS0022,20240530,PRCP,0,,,N,0800
US1TXAS0022,20240531,PRCP,254,,,N,0800
US1TXAS0022,20240501,SNOW,0,,,N,0800
US1TXAS0022,20240508,SNOW,0,,,N,0800
US1TXAS0022,20240511,SNOW,0,,,N,0800
US1TXAS0022,20240515,SNOW,0,,,N,0800
US1TXAS0022,20240516,SNOW,0,,,N,0800
US1TXAS0022,20240518,SNOW,0,,,N,0800
US1TXAS0022,20240519,SNOW,0,,,N,0800
US1TXAS0022,20240520,SNOW,0,,,N,0800
US1TXAS0022,20240522,SNOW,0,,,N,0800
US1TXAS0022,20240523,SNOW,0,,,N,0800
US1TXAS0022,20240524,SNOW,0,,,N,0800
US1TXAS0022,20240527,SNOW,0,,,N,0800
US1TXAS0022,20240528,SNOW,0,,,N,0800
US1TXAS0022,20240530,SNOW,0,,,N,0800
US1TXAS0022,20240601,PRCP,20,,,N,0800
US1TXAS0022,20240602,PRCP,0,,,N,0800
US1TXAS0022,20240603,PRCP,0,,,N,0800
US1TXAS0022,20240605,PRCP,0,,,N,0800
US1TXAS0022,20240606,PRCP,124,,,N,0800
US1TXAS0022,20240607,PRCP,0,,,N,0800
US1TXAS0022,20240610,PRCP,0,,,N,0800
US1TXAS0022,20240611,PRCP,0,,,N,0800
US1TXAS0022,20240612,PRCP,0,,,N,0800
US1TXAS0022,20240613,PRCP,150,,,N,0800
US1TXAS0022,20240614,PRCP,0,,,N,0800
US1TXAS0022,20240615,PRCP,0,,,N,0800
US1TXAS0022,20240616,PRCP,0,,,N,0800
US1TXAS0022,20240617,PRCP,0,,,N,0800
US1TXAS0022,20240618,PRCP,0,,,N,0800
US1TXAS0022,20240619,PRCP,25,,,N,0800
US1TXAS0022,20240620,PRCP,572,,,N,0800
US1TXAS0022,20240621,PRCP,10,,,N,0800
US1TXAS0022,20240622,PRCP,0,,,N,0800
US1TXAS0022,20240623,PRCP,0,,,N,0800
US1TXAS0022,20240624,PRCP,0,,,N,0800
US1TXAS0022,20240625,PRCP,0,,,N,0800
US1TXAS0022,20240627,PRCP,0,,,N,0800
US1TXAS0022,20240628,PRCP,0,,,N,0800
US1TXAS0022,20240630,PRCP,0,,,N,0800
US1TXAS0022,20240602,SNOW,0,,,N,0800
US1TXAS0022,20240603,SNOW,0,,,N,0800
US1TXAS0022,20240605,SNOW,0,,,N,0800
US1TXAS0022,20240607,SNOW,0,,,N,0800
US1TXAS0022,20240610,SNOW,0,,,N,0800
US1TXAS0022,20240611,SNOW,0,,,N,0800
US1TXAS0022,20240612,SNOW,0,,,N,0800
US1TXAS0022,20240614,SNOW,0,,,N,0800
US1TXAS0022,20240615,SNOW,0,,,N,0800
US1TXAS0022,20240616,SNOW,0,,,N,0800
US1TXAS0022,20240617,SNOW,0,,,N,0800
US1TXAS0022,20240618,SNOW,0,,,N,0800
US1TXAS0022,20240622,SNOW,0,,,N,0800
US1TXAS0022,20240623,SNOW,0,,,N,0800
US1TXAS0022,20240624,SNOW,0,,,N,0800
US1TXAS0022,20240625,SNOW,0,,,N,0800
US1TXAS0022,20240627,SNOW,0,,,N,0800
US1TXAS0022,20240628,SNOW,0,,,N,0800
US1TXAS0022,20240630,SNOW,0,,,N,0800
US1TXAS0022,20240701,PRCP,0,,,N,0800
US1TXAS0022,20240702,PRCP,0,,,N,0800
US1TXAS0022,20240703,PRCP,0,,,N,0800
US1TXAS0022,20240704,PRCP,0,,,N,0800
US1TXAS0022,20240706,PRCP,0,,,N,0800
US1TXAS0022,20240707,PRCP,127,,,N,0800
US1TXAS0022,20240708,PRCP,762,,,N,0800
US1TXAS0022,20240710,PRCP,0,,,N,0800
US1TXAS0022,20240712,PRCP,0,,,N,0800
US1TXAS0022,20240713,PRCP,742,,,N,0800
US1TXAS0022,20240714,PRCP,0,,,N,0800
US1TXAS0022,20240715,PRCP,0,,,N,0800
US1TXAS0022,20240716,PRCP,0,,,N,0800
US1TXAS0022,20240717,PRCP,0,,,N,0800
US1TXAS0022,20240718,PRCP,0,,,N,0800
US1TXAS0022,20240719,PRCP,625,,,N,0800
US1TXAS0022,20240720,PRCP,0,,,N,0800
US1TXAS0022,20240722,PRCP,20,,,N,0800
US1TXAS0022,20240724,PRCP,130,,,N,0800
US1TXAS0022,20240725,PRCP,216,,,N,0800
US1TXAS0022,20240726,PRCP,84,,,N,0800
US1TXAS0022,20240727,PRCP,84,,,N,0800
US1TXAS0022,20240729,PRCP,86,,,N,0800
US1TXAS0022,20240730,PRCP,43,,,N,0800
US1TXAS0022,20240731,PRCP,0,,,N,0800
US1TXAS0022,20240701,SNOW,0,,,N,0800
US1TXAS0022,20240702,SNOW,0,,,N,0800
US1TXAS0022,20240703,SNOW,0,,,N,0800
US1TXAS0022,20240704,SNOW,0,,,N,0800
US1TXAS0022,20240706,SNOW,0,,,N,0800
US1TXAS0022,20240710,SNOW,0,,,N,0800
US1TXAS0022,20240712,SNOW,0,,,N,0800
US1TXAS0022,20240714,SNOW,0,,,N,0800
US1TXAS0022,20240715,SNOW,0,,,N,0800
US1TXAS0022,20240716,SNOW,0,,,N,0800
US1TXAS0022,20240717,SNOW,0,,,N,0800
US1TXAS0022,20240718,SNOW,0,,,N,0800
US1TXAS0022,20240720,SNOW,0,,,N,0800
US1TXAS0022,20240731,SNOW,0,,,N,0800
US1TXAS0022,20240801,PRCP,0,,,N,0800
US1TXAS0022,20240802,PRCP,0,,,N,0800
US1TXAS0022,20240803,PRCP,0,,,N,0800
US1TXAS0022,20240804,PRCP,0,,,N,0800
US1TXAS0022,20240806,PRCP,0,,,N,0800
US1TXAS0022,20240809,PRCP,0,,,N,0800
US1TXAS0022,20240810,PRCP,0,,,N,0800
US1TXAS0022,20240811,PRCP,0,,,N,0800
US1TXAS0022,20240812,PRCP,0,,,N,0800
US1TXAS0022,20240813,PRCP,0,,,N,0800
US1TXAS0022,20240814,PRCP,0,,,N,0800
US1TXAS0022,20240816,PRCP,0,,,N,0800
US1TXAS0022,20240817,PRCP,0,,,N,0800
US1TXAS0022,20240819,PRCP,0,,,N,0800
US1TXAS0022,20240820,PRCP,0,,,N,0800
US1TXAS0022,20240821,PRCP,0,,,N,0800
US1TXAS0022,20240822,PRCP,0,,,N,0800
US1TXAS0022,20240824,PRCP,46,,,N,0800
US1TXAS0022,20240825,PRCP,0,,,N,0800
US1TXAS0022,20240826,PRCP,0,,,N,0800
US1TXAS0022,20240827,PRCP,8,,,N,0800
US1TXAS0022,20240828,PRCP,86,,,N,0800
US1TXAS0022,20240829,PRCP,0,,,N,0800
US1TXAS0022,20240830,PRCP,0,,,N,0800
US1TXAS0022,20240801,SNOW,0,,,N,0800
US1TXAS0022,20240802,SNOW,0,,,N,0800
US1TXAS0022,20240803,SNOW,0,,,N,0800
US1TXAS0022,20240804,SNOW,0,,,N,0800
US1TXAS0022,20240806,SNOW,0,,,N,0800
US1TXAS0022,20240809,SNOW,0,,,N,0800
US1TXAS0022,20240810,SNOW,0,,,N,0800
US1TXAS0022,20240811,SNOW,0,,,N,0800
US1TXAS0022,20240812,SNOW,0,,,N,0800
US1TXAS0022,20240813,SNOW,0,,,N,0800
US1TXAS0022,20240814,SNOW,0,,,N,0800
US1TXAS0022,20240816,SNOW,0,,,N,0800
US1TXAS0022,20240817,SNOW,0,,,N,0800
US1TXAS0022,20240819,SNOW,0,,,N,0800
US1TXAS0022,20240820,SNOW,0,,,N,0800
US1TXAS0022,20240821,SNOW,0,,,N,0800
US1TXAS0022,20240822,SNOW,0,,,N,0800
US1TXAS0022,20240825,SNOW,0,,,N,0800
US1TXAS0022,20240826,SNOW,0,,,N,0800
US1TXAS0022,20240829,SNOW,0,,,N,0800
US1TXAS0022,20240830,SNOW,0,,,N,0800
US1TXAS0022,20240903,PRCP,0,,,N,0800
US1TXAS0022,20240904,PRCP,0,,,N,0800
US1TXAS0022,20240905,PRCP,10,,,N,0800
US1TXAS0022,20240906,PRCP,0,,,N,0800
US1TXAS0022,20240907,PRCP,0,,,N,0800
US1TXAS0022,20240908,PRCP,0,,,N,0800
US1TXAS0022,20240909,PRCP,0,,,N,0800
US1TXAS0022,20240910,PRCP,0,,,N,0800
US1TXAS0022,20240912,PRCP,0,,,N,0800
US1TXAS0022,20240913,PRCP,0,,,N,0800
US1TXAS0022,20240914,PRCP,0,,,N,0800
US1TXAS0022,20240915,PRCP,0,,,N,0800
US1TXAS0022,20240916,PRCP,0,,,N,0800
US1TXAS0022,20240917,PRCP,0,,,N,0800
US1TXAS0022,20240918,PRCP,0,,,N,0800
US1TXAS0022,20240919,PRCP,0,,,N,0800
US1TXAS0022,20240920,PRCP,0,,,N,0800
US1TXAS0022,20240921,PRCP,0,,,N,0800
US1TXAS0022,20240923,PRCP,0,,,N,0800
US1TXAS0022,20240924,PRCP,0,,,N,0800
US1TXAS0022,20240925,PRCP,28,,,N,0800
US1TXAS0022,20240926,PRCP,0,,,N,0800
US1TXAS0022,20240928,PRCP,0,,,N,0800
US1TXAS0022,20240929,PRCP,0,,,N,0800
US1TXAS0022,20240930,PRCP,0,,,N,0800
US1TXAS0022,20240903,SNOW,0,,,N,0800
US1TXAS0022,20240904,SNOW,0,,,N,0800
US1TXAS0022,20240906,SNOW,0,,,N,0800
US1TXAS0022,20240907,SNOW,0,,,N,0800
US1TXAS0022,20240908,SNOW,0,,,N,0800
US1TXAS0022,20240909,SNOW,0,,,N,0800
US1TXAS0022,20240910,SNOW,0,,,N,0800
US1TXAS0022,20240912,SNOW,0,,,N,0800
US1TXAS0022,20240913,SNOW,0,,,N,0800
US1TXAS0022,20240914,SNOW,0,,,N,0800
US1TXAS0022,20240915,SNOW,0,,,N,0800
US1TXAS0022,20240916,SNOW,0,,,N,0800
US1TXAS0022,20240917,SNOW,0,,,N,0800
US1TXAS0022,20240918,SNOW,0,,,N,0800
US1TXAS0022,20240919,SNOW,0,,,N,0800
US1TXAS0022,20240920,SNOW,0,,,N,0800
US1TXAS0022,20240921,SNOW,0,,,N,0800
US1TXAS0022,20240923,SNOW,0,,,N,0800
US1TXAS0022,20240924,SNOW,0,,,N,0800
US1TXAS0022,20240926,SNOW,0,,,N,0800
US1TXAS0022,20240928,SNOW,0,,,N,0800
US1TXAS0022,20240929,SNOW,0,,,N,0800
US1TXAS0022,20240930,SNOW,0,,,N,0800
US1TXAS0022,20241002,PRCP,0,,,N,0800
US1TXAS0022,20241003,PRCP,0,,,N,0800
US1TXAS0022,20241004,PRCP,0,,,N,0800
US1TXAS0022,20241005,PRCP,0,,,N,0800
US1TXAS0022,20241006,PRCP,0,,,N,0800
US1TXAS0022,20241007,PRCP,0,,,N,0800
US1TXAS0022,20241008,PRCP,0,,,N,0800
US1TXAS0022,20241010,PRCP,0,,,N,0800
US1TXAS0022,20241012,PRCP,0,,,N,0800
US1TXAS0022,20241013,PRCP,0,,,N,0800
US1TXAS0022,20241014,PRCP,0,,,N,0800
US1TXAS0022,20241015,PRCP,0,,,N,0800
US1TXAS0022,20241023,PRCP,0,,,N,0800
US1TXAS0022,20241024,PRCP,0,,,N,0800
US1TXAS0022,20241025,PRCP,0,,,N,0800
US1TXAS0022,20241027,PRCP,0,,,N,0800
US1TXAS0022,20241028,PRCP,0,,,N,0800
US1TXAS0022,20241029,PRCP,0,,,N,0800
US1TXAS0022,20241030,PRCP,0,,,N,0800
US1TXAS0022,20241031,PRCP,0,,,N,0800
US1TXAS0022,20241002,SNOW,0,,,N,0800
US1TXAS0022,20241003,SNOW,0,,,N,0800
US1TXAS0022,20241004,SNOW,0,,,N,0800
US1TXAS0022,20241005,SNOW,0,,,N,0800
US1TXAS0022,20241006,SNOW,0,,,N,0800
US1TXAS0022,20241007,SNOW,0,,,N,0800
US1TXAS0022,20241008,SNOW,0,,,N,0800
US1TXAS0022,20241010,SNOW,0,,,N,0800
US1TXAS0022,20241012,SNOW,0,,,N,0800
US1TXAS0022,20241013,SNOW,0,,,N,0800
US1TXAS0022,20241014,SNOW,0,,,N,0800
US1TXAS0022,20241015,SNOW,0,,,N,0800
US1TXAS0022,20241023,SNOW,0,,,N,0800
US1TXAS0022,20241024,SNOW,0,,,N,0800
US1TXAS0022,20241025,SNOW,0,,,N,0800
US1TXAS0022,20241027,SNOW,0,,,N,0800
US1TXAS0022,20241028,SNOW,0,,,N,0800
US1TXAS0022,20241029,SNOW,0,,,N,0800
US1TXAS0022,20241030,SNOW,0,,,N,0800
US1TXAS0022,20241031,SNOW,0,,,N,0800
US1TXAS0022,20241022,DAPR,2,,,N,0800
US1TXAS0022,20241022,MDPR,0,,,N,0800
US1TXAS0022,20241101,PRCP,312,,,N,0800
US1TXAS0022,20241102,PRCP,0,,,N,0800
US1TXAS0022,20241103,PRCP,165,,,N,0800
US1TXAS0022,20241104,PRCP,10,,,N,0800
US1TXAS0022,20241105,PRCP,330,,,N,0800
US1TXAS0022,20241107,PRCP,0,,,N,0800
US1TXAS0022,20241108,PRCP,10,,,N,0800
US1TXAS0022,20241109,PRCP,76,,,N,0800
US1TXAS0022,20241110,PRCP,10,,,N,0800
US1TXAS0022,20241112,PRCP,0,,,N,0800
US1TXAS0022,20241113,PRCP,0,,,N,0800
US1TXAS0022,20241114,PRCP,0,,,N,0800
US1TXAS0022,20241115,PRCP,0,,,N,0800
US1TXAS0022,20241117,PRCP,0,,,N,0800
US1TXAS0022,20241118,PRCP,13,,,N,0800
US1TXAS0022,20241119,PRCP,150,,,N,0800
US1TXAS0022,20241120,PRCP,0,,,N,0800
US1TXAS0022,20241121,PRCP,0,,,N,0800
US1TXAS0022,20241122,PRCP,0,,,N,0800
US1TXAS0022,20241123,PRCP,0,,,N,0800
US1TXAS0022,20241125,PRCP,0,,,N,0800
US1TXAS0022,20241129,PRCP,0,,,N,0800
US1TXAS0022,20241130,PRCP,0,,,N,0800
US1TXAS0022,20241102,SNOW,0,,,N,0800
US1TXAS0022,20241107,SNOW,0,,,N,0800
US1TXAS0022,20241112,SNOW,0,,,N,0800
US1TXAS0022,20241113,SNOW,0,,,N,0800
US1TXAS0022,20241114,SNOW,0,,,N,0800
US1TXAS0022,20241115,SNOW,0,,,N,0800
US1TXAS0022,20241117,SNOW,0,,,N,0800
US1TXAS0022,20241120,SNOW,0,,,N,0800
US1TXAS0022,20241121,SNOW,0,,,N,0800
US1TXAS0022,20241122,SNOW,0,,,N,0800
US1TXAS0022,20241123,SNOW,0,,,N,0800
US1TXAS0022,20241125,SNOW,0,,,N,0800
US1TXAS0022,20241129,SNOW,0,,,N,0800
US1TXAS0022,20241130,SNOW,0,,,N,0800
US1TXAS0022,20241201,PRCP,0,,,N,0800
US1TXAS0022,20241202,PRCP,0,,,N,0800
US1TXAS0022,20241203,PRCP,0,,,N,0800
US1TXAS0022,20241204,PRCP,0,,,N,0800
US1TXAS0022,20241205,PRCP,99,,,N,0800
US1TXAS0022,20241208,PRCP,196,,,N,0800
US1TXAS0022,20241209,PRCP,38,,,N,0800
US1TXAS0022,20241211,PRCP,0,,,N,0800
US1TXAS0022,20241212,PRCP,0,,,N,0800
US1TXAS0022,20241213,PRCP,13,,,N,0800
US1TXAS0022,20241214,PRCP,396,,,N,0800
US1TXAS0022,20241215,PRCP,521,,,N,0800
US1TXAS0022,20241216,PRCP,0,,,N,0800
US1TXAS0022,20241218,PRCP,0,,,N,0800
US1TXAS0022,20241219,PRCP,0,,,N,0800
US1TXAS0022,20241220,PRCP,0,,,N,0800
US1TXAS0022,20241223,PRCP,0,,,N,0800
US1TXAS0022,20241224,PRCP,13,,,N,0800
US1TXAS0022,20241225,PRCP,216,,,N,0800
US1TXAS0022,20241226,PRCP,13,,,N,0800
US1TXAS0022,20241227,PRCP,152,,,N,0800
US1TXAS0022,20241201,SNOW,0,,,N,0800
US1TXAS0022,20241202,SNOW,0,,,N,0800
US1TXAS0022,20241203,SNOW,0,,,N,0800
US1TXAS0022,20241204,SNOW,0,,,N,0800
US1TXAS0022,20241211,SNOW,0,,,N,0800
US1TXAS0022,20241212,SNOW,0,,,N,0800
US1TXAS0022,20241216,SNOW,0,,,N,0800
US1TXAS0022,20241218,SNOW,0,,,N,0800
US1TXAS0022,20241219,SNOW,0,,,N,0800
US1TXAS0022,20241220,SNOW,0,,,N,0800
US1TXAS0022,20241223,SNOW,0,,,N,0800
US1TXAS0022,20250106,PRCP,76,,,N,0800
US1TXAS0022,20250107,PRCP,0,,,N,0800
US1TXAS0022,20250108,PRCP,0,,,N,0800
US1TXAS0022,20250109,PRCP,0,,,N,0800
US1TXAS0022,20250112,PRCP,0,,,N,0800
US1TXAS0022,20250113,PRCP,0,,,N,0800
US1TXAS0022,20250115,PRCP,0,,,N,0800
US1TXAS0022,20250116,PRCP,13,,,N,0800
US1TXAS0022,20250117,PRCP,0,,,N,0800
US1TXAS0022,20250119,PRCP,0,,,N,0800
US1TXAS0022,20250120,PRCP,0,,,N,0800
US1TXAS0022,20250122,PRCP,0,,,N,0800
US1TXAS0022,20250126,PRCP,79,,,N,0800
US1TXAS0022,20250127,PRCP,91,,,N,0800
US1TXAS0022,20250128,PRCP,0,,,N,0800
US1TXAS0022,20250129,PRCP,13,,,N,0800
US1TXAS0022,20250130,PRCP,25,,,N,0800
US1TXAS0022,20250131,PRCP,46,,,N,0800
US1TXAS0022,20250107,SNOW,0,,,N,0800
US1TXAS0022,20250108,SNOW,0,,,N,0800
US1TXAS0022,20250109,SNOW,0,,,N,0800
US1TXAS0022,20250112,SNOW,0,,,N,0800
US1TXAS0022,20250113,SNOW,0,,,N,0800
US1TXAS0022,20250115,SNOW,0,,,N,0800
US1TXAS0022,20250117,SNOW,0,,,N,0800
US1TXAS0022,20250119,SNOW,0,,,N,0800
US1TXAS0022,20250120,SNOW,0,,,N,0800
US1TXAS0022,20250121,SNOW,51,,,N,0800
US1TXAS0022,20250122,SNOW,0,,,N,0800
US1TXAS0022,20250128,SNOW,0,,,N,0800
US1TXAS0022,20250105,DAPR,5,,,N,0800
US1TXAS0022,20250105,MDPR,25,,,N,0800
US1TXAS0022,20250201,PRCP,0,,,N,0800
US1TXAS0022,20250202,PRCP,0,,,N,0800
US1TXAS0022,20250203,PRCP,0,,,N,0800
US1TXAS0022,20250204,PRCP,0,,,N,0800
US1TXAS0022,20250206,PRCP,0,,,N,0800
US1TXAS0022,20250207,PRCP,0,,,N,0800
US1TXAS0022,20250208,PRCP,0,,,N,0800
US1TXAS0022,20250209,PRCP,0,,,N,0800
US1TXAS0022,20250210,PRCP,0,,,N,0800
US1TXAS0022,20250212,PRCP,216,,,N,0800
US1TXAS0022,20250214,PRCP,0,,,N,0800
US1TXAS0022,20250215,PRCP,25,,,N,0800
US1TXAS0022,20250216,PRCP,0,,,N,0800
US1TXAS0022,20250217,PRCP,0,,,N,0800
US1TXAS0022,20250218,PRCP,0,,,N,0800
US1TXAS0022,20250219,PRCP,165,,,N,0800
US1TXAS0022,20250222,PRCP,0,,,N,0800
US1TXAS0022,20250223,PRCP,69,,,N,0800
US1TXAS0022,20250224,PRCP,0,,,N,0800
US1TXAS0022,20250225,PRCP,0,,,N,0800
US1TXAS0022,20250226,PRCP,0,,,N,0800
US1TXAS0022,20250227,PRCP,0,,,N,0800
US1TXAS0022,20250228,PRCP,0,,,N,0800
US1TXAS0022,20250201,SNOW,0,,,N,0800
US1TXAS0022,20250202,SNOW,0,,,N,0800
US1TXAS0022,20250203,SNOW,0,,,N,0800
US1TXAS0022,20250204,SNOW,0,,,N,0800
US1TXAS0022,20250206,SNOW,0,,,N,0800
US1TXAS0022,20250207,SNOW,0,,,N,0800
US1TXAS0022,20250208,SNOW,0,,,N,0800
US1TXAS0022,20250209,SNOW,0,,,N,0800
US1TXAS0022,20250210,SNOW,0,,,N,0800
US1TXAS0022,20250213,SNOW,0,,,N,0800
US1TXAS0022,20250214,SNOW,0,,,N,0800
US1TXAS0022,20250216,SNOW,0,,,N,0800
US1TXAS0022,20250217,SNOW,0,,,N,0800
US1TXAS0022,20250218,SNOW,0,,,N,0800
US1TXAS0022,20250222,SNOW,0,,,N,0800
US1TXAS0022,20250224,SNOW,0,,,N,0800
US1TXAS0022,20250225,SNOW,0,,,N,0800
US1TXAS0022,20250226,SNOW,0,,,N,0800
US1TXAS0022,20250227,SNOW,0,,,N,0800
US1TXAS0022,20250228,SNOW,0,,,N,0800
US1TXAS0022,20250221,DAPR,2,,,N,0800
US1TXAS0022,20250221,MDPR,0,,,N,0800
US1TXAS0022,20250304,PRCP,91,,,N,0800
US1TXAS0022,20250305,PRCP,0,,,N,0800
US1TXAS0022,20250306,PRCP,0,,,N,0800
US1TXAS0022,20250307,PRCP,0,,,N,0800
US1TXAS0022,20250308,PRCP,0,,,N,0800
US1TXAS0022,20250309,PRCP,56,,,N,0800
US1TXAS0022,20250310,PRCP,0,,,N,0800
US1TXAS0022,20250311,PRCP,0,,,N,0800
US1TXAS0022,20250312,PRCP,0,,,N,0800
US1TXAS0022,20250313,PRCP,8,,,N,0800
US1TXAS0022,20250314,PRCP,0,,,N,0800
US1TXAS0022,20250315,PRCP,0,,,N,0800
US1TXAS0022,20250316,PRCP,0,,,N,0800
US1TXAS0022,20250317,PRCP,0,,,N,0800
US1TXAS0022,20250318,PRCP,0,,,N,0800
US1TXAS0022,20250319,PRCP,0,,,N,0800
US1TXAS0022,20250320,PRCP,0,,,N,0800
US1TXAS0022,20250321,PRCP,0,,,N,0800
US1TXAS0022,20250322,PRCP,0,,,N,0800
US1TXAS0022,20250323,PRCP,0,,,N,0800
US1TXAS0022,20250324,PRCP,196,,,N,0800
US1TXAS0022,20250325,PRCP,0,,,N,0800
US1TXAS0022,20250326,PRCP,0,,,N,0800
US1TXAS0022,20250327,PRCP,102,,,N,0800
US1TXAS0022,20250328,PRCP,178,,,N,0800
US1TXAS0022,20250329,PRCP,64,,,N,0800
US1TXAS0022,20250330,PRCP,0,,,N,0800
US1TXAS0022,20250331,PRCP,0,,,N,0800
US1TXAS0022,20250305,SNOW,0,,,N,0800
US1TXAS0022,20250306,SNOW,0,,,N,0800
US1TXAS0022,20250307,SNOW,0,,,N,0800
US1TXAS0022,20250308,SNOW,0,,,N,0800
US1TXAS0022,20250310,SNOW,0,,,N,0800
US1TXAS0022,20250311,SNOW,0,,,N,0800
US1TXAS0022,20250312,SNOW,0,,,N,0800
US1TXAS0022,20250314,SNOW,0,,,N,0800
US1TXAS0022,20250315,SNOW,0,,,N,0800
US1TXAS0022,20250316,SNOW,0,,,N,0800
US1TXAS0022,20250317,SNOW,0,,,N,0800
US1TXAS0022,20250318,SNOW,0,,,N,0800
US1TXAS0022,20250319,SNOW,0,,,N,0800
US1TXAS0022,20250320,SNOW,0,,,N,0800
US1TXAS0022,20250321,SNOW,0,,,N,0800
US1TXAS0022,20250322,SNOW,0,,,N,0800
US1TXAS0022,20250323,SNOW,0,,,N,0800
US1TXAS0022,20250325,SNOW,0,,,N,0800
US1TXAS0022,20250326,SNOW,0,,,N,0800
US1TXAS0022,20250330,SNOW,0,,,N,0800
US1TXAS0022,20250331,SNOW,0,,,N,0800
US1TXAS0022,20250303,DAPR,2,,,N,0800
US1TXAS0022,20250303,MDPR,0,,,N,0800
US1TXAS0022,20250401,PRCP,0,,,N,0800
US1TXAS0022,20250402,PRCP,0,,,N,0800
US1TXAS0022,20250403,PRCP,13,,,N,0800
US1TXAS0022,20250404,PRCP,5,,,N,0800
US1TXAS0022,20250405,PRCP,20,,,N,0800
US1TXAS0022,20250406,PRCP,64,,,N,0800
US1TXAS0022,20250407,PRCP,0,,,N,0800
US1TXAS0022,20250408,PRCP,0,,,N,0800
US1TXAS0022,20250409,PRCP,0,,,N,0800
US1TXAS0022,20250411,PRCP,0,,,N,0800
US1TXAS0022,20250412,PRCP,0,,,N,0800
US1TXAS0022,20250413,PRCP,0,,,N,0800
US1TXAS0022,20250414,PRCP,0,,,N,0800
US1TXAS0022,20250415,PRCP,0,,,N,0800
US1TXAS0022,20250416,PRCP,0,,,N,0800
US1TXAS0022,20250418,PRCP,0,,,N,0800
US1TXAS0022,20250419,PRCP,0,,,N,0800
US1TXAS0022,20250420,PRCP,8,,,N,0800
US1TXAS0022,20250421,PRCP,8,,,N,0800
US1TXAS0022,20250423,PRCP,127,,,N,0800
US1TXAS0022,20250425,PRCP,76,,,N,0800
US1TXAS0022,20250426,PRCP,0,,,N,0800
US1TXAS0022,20250427,PRCP,0,,,N,0800
US1TXAS0022,20250429,PRCP,0,,,N,0800
US1TXAS0022,20250401,SNOW,0,,,N,0800
US1TXAS0022,20250402,SNOW,0,,,N,0800
US1TXAS0022,20250407,SNOW,0,,,N,0800
US1TXAS0022,20250408,SNOW,0,,,N,0800
US1TXAS0022,20250409,SNOW,0,,,N,0800
US1TXAS0022,20250411,SNOW,0,,,N,0800
US1TXAS0022,20250412,SNOW,0,,,N,0800
US1TXAS0022,20250413,SNOW,0,,,N,0800
US1TXAS0022,20250414,SNOW,0,,,N,0800
US1TXAS0022,20250415,SNOW,0,,,N,0800
US1TXAS0022,20250416,SNOW,0,,,N,0800
US1TXAS0022,20250418,SNOW,0,,,N,0800
US1TXAS0022,20250419,SNOW,0,,,N,0800
US1TXAS0022,20250426,SNOW,0,,,N,0800
US1TXAS0022,20250427,SNOW,0,,,N,0800
US1TXAS0022,20250429,SNOW,0,,,N,0800
US1TXAS0022,20250501,PRCP,0,,,N,0800
US1TXAS0022,20250502,PRCP,0,,,N,0800
US1TXAS0022,20250503,PRCP,69,,,N,0800
US1TXAS0022,20250504,PRCP,0,,,N,0800
US1TXAS0022,20250505,PRCP,0,,,N,0800
US1TXAS0022,20250506,PRCP,84,,,N,0800
US1TXAS0022,20250507,PRCP,142,,,N,0800
US1TXAS0022,20250508,PRCP,0,,,N,0800
US1TXAS0022,20250509,PRCP,0,,,N,0800
US1TXAS0022,20250512,PRCP,0,,,N,0800
US1TXAS0022,20250513,PRCP,0,,,N,0800
US1TXAS0022,20250514,PRCP,0,,,N,0800
US1TXAS0022,20250515,PRCP,0,,,N,0800
US1TXAS0022,20250516,PRCP,0,,,N,0800
US1TXAS0022,20250517,PRCP,0,,,N,0800
US1TXAS0022,20250518,PRCP,0,,,N,0800
US1TXAS0022,20250519,PRCP,0,,,N,0800
US1TXAS0022,20250520,PRCP,0,,,N,0800
US1TXAS0022,20250522,PRCP,0,,,N,0800
US1TXAS0022,20250523,PRCP,0,,,N,0800
US1TXAS0022,20250524,PRCP,0,,,N,0800
US1TXAS0022,20250525,PRCP,0,,,N,0800
US1TXAS0022,20250526,PRCP,0,,,N,0800
US1TXAS0022,20250527,PRCP,602,,,N,0800
US1TXAS0022,20250528,PRCP,0,,,N,0800
US1TXAS0022,20250529,PRCP,0,,,N,0800
US1TXAS0022,20250530,PRCP,36,,,N,0800
US1TXAS0022,20250501,SNOW,0,,,N,0800
US1TXAS0022,20250502,SNOW,0,,,N,0800
US1TXAS0022,20250504,SNOW,0,,,N,0800
US1TXAS0022,20250505,SNOW,0,,,N,0800
US1TXAS0022,20250508,SNOW,0,,,N,0800
US1TXAS0022,20250509,SNOW,0,,,N,0800
US1TXAS0022,20250512,SNOW,0,,,N,0800
US1TXAS0022,20250513,SNOW,0,,,N,0800
US1TXAS0022,20250514,SNOW,0,,,N,0800
US1TXAS0022,20250515,SNOW,0,,,N,0800
US1TXAS0022,20250516,SNOW,0,,,N,0800
US1TXAS0022,20250517,SNOW,0,,,N,0800
US1TXAS0022,20250518,SNOW,0,,,N,0800
US1TXAS0022,20250519,SNOW,0,,,N,0800
US1TXAS0022,20250520,SNOW,0,,,N,0800
US1TXAS0022,20250522,SNOW,0,,,N,0800
US1TXAS0022,20250523,SNOW,0,,,N,0800
US1TXAS0022,20250524,SNOW,0,,,N,0800
US1TXAS0022,20250525,SNOW,0,,,N,0800
US1TXAS0022,20250526,SNOW,0,,,N,0800
US1TXAS0022,20250528,SNOW,0,,,N,0800
US1TXAS0022,20250529,SNOW,0,,,N,0800
US1TXAS0022,20250610,PRCP,20,,,N,0800
US1TXAS0022,20250612,PRCP,51,,,N,0800
US1TXAS0022,20250613,PRCP,178,,,N,0800
US1TXAS0022,20250614,PRCP,0,,,N,0800
US1TXAS0022,20250615,PRCP,0,,,N,0800
US1TXAS0022,20250616,PRCP,183,,,N,0800
US1TXAS0022,20250617,PRCP,0,,,N,0800
US1TXAS0022,20250618,PRCP,0,,,N,0800
US1TXAS0022,20250619,PRCP,43,,,N,0800
US1TXAS0022,20250621,PRCP,0,,,N,0800
US1TXAS0022,20250623,PRCP,23,,,N,0800
US1TXAS0022,20250624,PRCP,8,,,N,0800
US1TXAS0022,20250625,PRCP,13,,,N,0800
US1TXAS0022,20250626,PRCP,140,,,N,0800
US1TXAS0022,20250627,PRCP,340,,,N,0800
US1TXAS0022,20250628,PRCP,0,,,N,0800
US1TXAS0022,20250629,PRCP,0,,,N,0800
US1TXAS0022,20250630,PRCP,13,,,N,0800
US1TXAS0022,20250614,SNOW,0,,,N,0800
US1TXAS0022,20250615,SNOW,0,,,N,0800
US1TXAS0022,20250617,SNOW,0,,,N,0800
US1TXAS0022,20250618,SNOW,0,,,N,0800
US1TXAS0022,20250621,SNOW,0,,,N,0800
US1TXAS0022,20250628,SNOW,0,,,N,0800
US1TXAS0022,20250629,SNOW,0,,,N,0800
US1TXAS0022,20250701,PRCP,0,,,N,0800
US1TXAS0022,20250702,PRCP,0,,,N,0800
US1TXAS0022,20250703,PRCP,0,,,N,0800
US1TXAS0022,20250704,PRCP,97,,,N,0800
US1TXAS0022,20250705,PRCP,0,,,N,0800
US1TXAS0022,20250706,PRCP,498,,,N,0800
US1TXAS0022,20250707,PRCP,8,,,N,0800
US1TXAS0022,20250708,PRCP,0,,,N,0800
US1TXAS0022,20250709,PRCP,363,,,N,0800
US1TXAS0022,20250710,PRCP,97,,,N,0800
US1TXAS0022,20250711,PRCP,0,,,N,0800
US1TXAS0022,20250712,PRCP,8,,,N,0800
US1TXAS0022,20250713,PRCP,234,,,N,0800
US1TXAS0022,20250714,PRCP,102,,,N,0800
US1TXAS0022,20250715,PRCP,0,,,N,0800
US1TXAS0022,20250717,PRCP,0,,,N,0800
US1TXAS0022,20250718,PRCP,0,,,N,0800
US1TXAS0022,20250719,PRCP,0,,,N,0800
US1TXAS0022,20250720,PRCP,0,,,N,0800
US1TXAS0022,20250721,PRCP,0,,,N,0800
US1TXAS0022,20250722,PRCP,0,,,N,0800
US1TXAS0022,20250723,PRCP,0,,,N,0800
US1TXAS0022,20250724,PRCP,0,,,N,0800
US1TXAS0022,20250726,PRCP,23,,,N,0800
US1TXAS0022,20250728,PRCP,76,,,N,0800
US1TXAS0022,20250730,PRCP,0,,,N,0800
US1TXAS0022,20250731,PRCP,0,,,N,0800
US1TXAS0022,20250701,SNOW,0,,,N,0800
US1TXAS0022,20250702,SNOW,0,,,N,0800
US1TXAS0022,20250703,SNOW,0,,,N,0800
US1TXAS0022,20250705,SNOW,0,,,N,0800
US1TXAS0022,20250708,SNOW,0,,,N,0800
US1TXAS0022,20250711,SNOW,0,,,N,0800
US1TXAS0022,20250715,SNOW,0,,,N,0800
US1TXAS0022,20250717,SNOW,0,,,N,0800
US1TXAS0022,20250718,SNOW,0,,,N,0800
US1TXAS0022,20250719,SNOW,0,,,N,0800
US1TXAS0022,20250720,SNOW,0,,,N,0800
US1TXAS0022,20250721,SNOW,0,,,N,0800
US1TXAS0022,20250722,SNOW,0,,,N,0800
US1TXAS0022,20250723,SNOW,0,,,N,0800
US1TXAS0022,20250724,SNOW,0,,,N,0800
US1TXAS0022,20250730,SNOW,0,,,N,0800
US1TXAS0022,20250731,SNOW,0,,,N,0800
US1TXAS0022,20250802,PRCP,0,,,N,0800
US1TXAS0022,20250803,PRCP,0,,,N,0800
US1TXAS0022,20250804,PRCP,0,,,N,0800
US1TXAS0022,20250805,PRCP,216,,,N,0800
US1TXAS0022,20250807,PRCP,0,,,N,0800
US1TXAS0022,20250808,PRCP,0,,,N,0800
US1TXAS0022,20250809,PRCP,0,,,N,0800
US1TXAS0022,20250810,PRCP,348,,,N,0800
US1TXAS0022,20250811,PRCP,0,,,N,0800
US1TXAS0022,20250812,PRCP,0,,,N,0800
US1TXAS0022,20250813,PRCP,0,,,N,0800
US1TXAS0022,20250815,PRCP,0,,,N,0800
US1TXAS0022,20250816,PRCP,0,,,N,0800
US1TXAS0022,20250817,PRCP,79,,,N,0800
US1TXAS0022,20250818,PRCP,0,,,N,0800
US1TXAS0022,20250819,PRCP,0,,,N,0800
US1TXAS0022,20250820,PRCP,132,,,N,0800
US1TXAS0022,20250821,PRCP,0,,,N,0800
US1TXAS0022,20250822,PRCP,53,,,N,0800
US1TXAS0022,20250823,PRCP,15,,,N,0800
US1TXAS0022,20250824,PRCP,0,,,N,0800
US1TXAS0022,20250825,PRCP,0,,,N,0800
US1TXAS0022,20250827,PRCP,0,,,N,0800
US1TXAS0022,20250828,PRCP,0,,,N,0800
US1TXAS0022,20250830,PRCP,0,,,N,0800
US1TXAS0022,20250831,PRCP,0,,,N,0800
US1TXAS0022,20250802,SNOW,0,,,N,0800
US1TXAS0022,20250803,SNOW,0,,,N,0800
US1TXAS0022,20250804,SNOW,0,,,N,0800
US1TXAS0022,20250805,SNOW,0,,,N,0800
US1TXAS0022,20250807,SNOW,0,,,N,0800
US1TXAS0022,20250808,SNOW,0,,,N,0800
US1TXAS0022,20250809,SNOW,0,,,N,0800
US1TXAS0022,20250811,SNOW,0,,,N,0800
US1TXAS0022,20250812,SNOW,0,,,N,0800
US1TXAS0022,20250813,SNOW,0,,,N,0800
US1TXAS0022,20250815,SNOW,0,,,N,0800
US1TXAS0022,20250816,SNOW,0,,,N,0800
US1TXAS0022,20250818,SNOW,0,,,N,0800
US1TXAS0022,20250819,SNOW,0,,,N,0800
US1TXAS0022,20250821,SNOW,0,,,N,0800
US1TXAS0022,20250824,SNOW,0,,,N,0800
US1TXAS0022,20250825,SNOW,0,,,N,0800
US1TXAS0022,20250827,SNOW,0,,,N,0800
US1TXAS0022,20250828,SNOW,0,,,N,0800
US1TXAS0022,20250830,SNOW,0,,,N,0800
US1TXAS0022,20250831,SNOW,0,,,N,0800
US1TXAS0022,20250901,PRCP,102,,,N,0800
US1TXAS0022,20250902,PRCP,0,,,N,0800
US1TXAS0022,20250903,PRCP,0,,,N,0800
US1TXAS0022,20250906,PRCP,0,,,N,0800
US1TXAS0022,20250908,PRCP,0,,,N,0800
US1TXAS0022,20250910,PRCP,0,,,N,0800
US1TXAS0022,20250911,PRCP,0,,,N,0800
US1TXAS0022,20250912,PRCP,147,,,N,0800
US1TXAS0022,20250913,PRCP,0,,,N,0800
US1TXAS0022,20250915,PRCP,0,,,N,0800
US1TXAS0022,20250916,PRCP,0,,,N,0800
US1TXAS0022,20250917,PRCP,0,,,N,0800
US1TXAS0022,20250918,PRCP,0,,,N,0800
US1TXAS0022,20250919,PRCP,0,,,N,0800
US1TXAS0022,20250920,PRCP,0,,,N,0800
US1TXAS0022,20250921,PRCP,0,,,N,0800
US1TXAS0022,20250922,PRCP,0,,,N,0800
US1TXAS0022,20250923,PRCP,0,,,N,0800
US1TXAS0022,20250924,PRCP,0,,,N,0800
US1TXAS0022,20250929,PRCP,0,,,N,0800
US1TXAS0022,20250902,SNOW,0,,,N,0800
US1TXAS0022,20250903,SNOW,0,,,N,0800
US1TXAS0022,20250906,SNOW,0,,,N,0800
US1TXAS0022,20250908,SNOW,0,,,N,0800
US1TXAS0022,20250910,SNOW,0,,,N,0800
US1TXAS0022,20250911,SNOW,0,,,N,0800
US1TXAS0022,20250913,SNOW,0,,,N,0800
US1TXAS0022,20250915,SNOW,0,,,N,0800
US1TXAS0022,20250916,SNOW,0,,,N,0800
US1TXAS0022,20250917,SNOW,0,,,N,0800
US1TXAS0022,20250918,SNOW,0,,,N,0800
US1TXAS0022,20250919,SNOW,0,,,N,0800
US1TXAS0022,20250920,SNOW,0,,,N,0800
US1TXAS0022,20250921,SNOW,0,,,N,0800
US1TXAS0022,20250922,SNOW,0,,,N,0800
US1TXAS0022,20250923,SNOW,0,,,N,0800
US1TXAS0022,20250924,SNOW,0,,,N,0800
US1TXAS0022,20250929,SNOW,0,,,N,0800
US1TXAS0022,20251001,PRCP,0,,,N,0800
US1TXAS0022,20251002,PRCP,0,,,N,0800
US1TXAS0022,20251004,PRCP,0,,,N,0800
US1TXAS0022,20251008,PRCP,0,,,N,0800
US1TXAS0022,20251009,PRCP,0,,,N,0800
US1TXAS0022,20251010,PRCP,0,,,N,0800
US1TXAS0022,20251011,PRCP,0,,,N,0800
US1TXAS0022,20251013,PRCP,0,,,N,0800
US1TXAS0022,20251014,PRCP,0,,,N,0800
US1TXAS0022,20251016,PRCP,0,,,N,0800
US1TXAS0022,20251019,PRCP,0,,,N,0800
US1TXAS0022,20251021,PRCP,0,,,N,0800
US1TXAS0022,20251023,PRCP,0,,,N,0800
US1TXAS0022,20251024,PRCP,0,,,N,0800
US1TXAS0022,20251025,PRCP,170,,,N,0800
US1TXAS0022,20251026,PRCP,69,,,N,0800
US1TXAS0022,20251027,PRCP,0,,,N,0800
US1TXAS0022,20251029,PRCP,15,,,N,0800
US1TXAS0022,20251030,PRCP,0,,,N,0800
US1TXAS0022,20251031,PRCP,0,,,N,0800
US1TXAS0022,20251001,SNOW,0,,,N,0800
US1TXAS0022,20251002,SNOW,0,,,N,0800
US1TXAS0022,20251004,SNOW,0,,,N,0800
US1TXAS0022,20251008,SNOW,0,,,N,0800
US1TXAS0022,20251009,SNOW,0,,,N,0800
US1TXAS0022,20251010,SNOW,0,,,N,0800
US1TXAS0022,20251011,SNOW,0,,,N,0800
US1TXAS0022,20251013,SNOW,0,,,N,0800
US1TXAS0022,20251014,SNOW,0,,,N,0800
US1TXAS0022,20251016,SNOW,0,,,N,0800
US1TXAS0022,20251019,SNOW,0,,,N,0800
US1TXAS0022,20251021,SNOW,0,,,N,0800
US1TXAS0022,20251023,SNOW,0,,,N,0800
US1TXAS0022,20251024,SNOW,0,,,N,0800
US1TXAS0022,20251027,SNOW,0,,,N,0800
US1TXAS0022,20251030,SNOW,0,,,N,0800
US1TXAS0022,20251031,SNOW,0,,,N,0800
US1TXAS0022,20251101,PRCP,0,,,N,0800
US1TXAS0022,20251102,PRCP,0,,,N,0800
US1TXAS0022,20251103,PRCP,0,,,N,0800
US1TXAS0022,20251104,PRCP,0,,,N,0800
US1TXAS0022,20251107,PRCP,0,,,N,0800
US1TXAS0022,20251109,PRCP,0,,,N,0800
US1TXAS0022,20251110,PRCP,0,,,N,0800
US1TXAS0022,20251111,PRCP,0,,,N,0800
US1TXAS0022,20251113,PRCP,0,,,N,0800
US1TXAS0022,20251114,PRCP,0,,,N,0800
US1TXAS0022,20251116,PRCP,0,,,N,0800
US1TXAS0022,20251117,PRCP,0,,,N,0800
US1TXAS0022,20251119,PRCP,10,,,N,0800
US1TXAS0022,20251120,PRCP,0,,,N,0800
US1TXAS0022,20251121,PRCP,0,,,N,0800
US1TXAS0022,20251122,PRCP,0,,,N,0800
US1TXAS0022,20251123,PRCP,0,,,N,0800
US1TXAS0022,20251124,PRCP,0,,,N,0800
US1TXAS0022,20251125,PRCP,163,,,N,0800
US1TXAS0022,20251126,PRCP,0,,,N,0800
US1TXAS0022,20251127,PRCP,0,,,N,0800
US1TXAS0022,20251128,PRCP,0,,,N,0800
US1TXAS0022,20251129,PRCP,0,,,N,0800
US1TXAS0022,20251130,PRCP,112,,,N,0800
US1TXAS0022,20251101,SNOW,0,,,N,0800
US1TXAS0022,20251102,SNOW,0,,,N,0800
US1TXAS0022,20251103,SNOW,0,,,N,0800
US1TXAS0022,20251104,SNOW,0,,,N,0800
US1TXAS0022,20251107,SNOW,0,,,N,0800
US1TXAS0022,20251109,SNOW,0,,,N,0800
US1TXAS0022,20251110,SNOW,0,,,N,0800
US1TXAS0022,20251111,SNOW,0,,,N,0800
US1TXAS0022,20251113,SNOW,0,,,N,0800
US1TXAS0022,20251114,SNOW,0,,,N,0800
US1TXAS0022,20251116,SNOW,0,,,N,0800
US1TXAS0022,20251117,SNOW,0,,,N,0800
US1TXAS0022,20251120,SNOW,0,,,N,0800
US1TXAS0022,20251121,SNOW,0,,,N,0800
US1TXAS0022,20251122,SNOW,0,,,N,0800
US1TXAS0022,20251123,SNOW,0,,,N,0800
US1TXAS0022,20251124,SNOW,0,,,N,0800
US1TXAS0022,20251126,SNOW,0,,,N,0800
US1TXAS0022,20251127,SNOW,0,,,N,0800
US1TXAS0022,20251128,SNOW,0,,,N,0800
US1TXAS0022,20251129,SNOW,0,,,N,0800
US1TXAS0022,20251201,PRCP,0,,,N,0800
US1TXAS0022,20251204,PRCP,61,,,N,0800
US1TXAS0022,20251205,PRCP,10,,,N,0800
US1TXAS0022,20251206,PRCP,0,,,N,0800
US1TXAS0022,20251208,PRCP,0,,,N,0800
US1TXAS0022,20251209,PRCP,0,,,N,0800
US1TXAS0022,20251210,PRCP,0,,,N,0800
US1TXAS0022,20251211,PRCP,0,,,N,0800
US1TXAS0022,20251214,PRCP,25,,,N,0800
US1TXAS0022,20251215,PRCP,0,,,N,0800
US1TXAS0022,20251217,PRCP,25,,,N,0800
US1TXAS0022,20251220,PRCP,0,,,N,0800
US1TXAS0022,20251221,PRCP,0,,,N,0800
US1TXAS0022,20251222,PRCP,0,,,N,0800
US1TXAS0022,20251223,PRCP,10,,,N,0800
US1TXAS0022,20251224,PRCP,0,,,N,0800
US1TXAS0022,20251227,PRCP,0,,,N,0800
US1TXAS0022,20251229,PRCP,0,,,N,0800
US1TXAS0022,20251230,PRCP,0,,,N,0800
US1TXAS0022,20251231,PRCP,0,,,N,0800
US1TXAS0022,20251201,SNOW,0,,,N,0800
US1TXAS0022,20251206,SNOW,0,,,N,0800
US1TXAS0022,20251208,SNOW,0,,,N,0800
US1TXAS0022,20251209,SNOW,0,,,N,0800
US1TXAS0022,20251210,SNOW,0,,,N,0800
US1TXAS0022,20251211,SNOW,0,,,N,0800
US1TXAS0022,20251215,SNOW,0,,,N,0800
US1TXAS0022,20251220,SNOW,0,,,N,0800
US1TXAS0022,20251221,SNOW,0,,,N,0800
US1TXAS0022,20251222,SNOW,0,,,N,0800
US1TXAS0022,20251224,SNOW,0,,,N,0800
US1TXAS0022,20251227,SNOW,0,,,N,0800
US1TXAS0022,20251229,SNOW,0,,,N,0800
US1TXAS0022,20251230,SNOW,0,,,N,0800
US1TXAS0022,20251231,SNOW,0,,,N,0800
US1TXAS0022,20260102,PRCP,0,,,N,0800
US1TXAS0022,20260103,PRCP,0,,,N,0800
US1TXAS0022,20260104,PRCP,0,,,N,0800
US1TXAS0022,20260106,PRCP,0,,,N,0800
US1TXAS0022,20260108,PRCP,0,,,N,0800
US1TXAS0022,20260109,PRCP,0,,,N,0800
US1TXAS0022,20260110,PRCP,119,,,N,0800
US1TXAS0022,20260113,PRCP,0,,,N,0800
US1TXAS0022,20260114,PRCP,10,,,N,0800
US1TXAS0022,20260115,PRCP,0,,,N,0800
US1TXAS0022,20260117,PRCP,0,,,N,0800
US1TXAS0022,20260118,PRCP,0,,,N,0800
US1TXAS0022,20260120,PRCP,0,,,N,0800
US1TXAS0022,20260121,PRCP,10,,,N,0800
US1TXAS0022,20260122,PRCP,0,,,N,0800
US1TXAS0022,20260124,PRCP,170,,,N,0800
US1TXAS0022,20260102,SNOW,0,,,N,0800
US1TXAS0022,20260103,SNOW,0,,,N,0800
US1TXAS0022,20260104,SNOW,0,,,N,0800
US1TXAS0022,20260106,SNOW,0,,,N,0800
US1TXAS0022,20260108,SNOW,0,,,N,0800
US1TXAS0022,20260109,SNOW,0,,,N,0800
US1TXAS0022,20260113,SNOW,0,,,N,0800
US1TXAS0022,20260115,SNOW,0,,,N,0800
US1TXAS0022,20260117,SNOW,0,,,N,0800
US1TXAS0022,20260118,SNOW,0,,,N,0800
US1TXAS0022,20260120,SNOW,0,,,N,0800
US1TXAS0022,20260122,SNOW,0,,,N,0800
US1TXAS0022,20260215,PRCP,140,,,N,0800
US1TXAS0022,20260308,PRCP,38,,,N,0800
US1TXAS0022,20260402,PRCP,0,,,N,0800
US1TXAS0022,20260402,SNOW,0,,,N,0800
US1TXAS0022,20260423,DAPR,5,,,N,0800
US1TXAS0022,20260423,MDPR,0,,,N,0800
