ID,DATE,ELEMENT,DATA_VALUE,M_FLAG,Q_FLAG,S_FLAG,OBS_TIME
US1TXAR0017,20210719,PRCP,0,,,N,0800
US1TXAR0017,20210720,PRCP,0,,,N,0800
US1TXAR0017,20210721,PRCP,249,,,N,0800
US1TXAR0017,20210722,PRCP,0,T,,N,0800
US1TXAR0017,20210723,PRCP,0,T,,N,0800
US1TXAR0017,20210724,PRCP,0,,,N,0800
US1TXAR0017,20210725,PRCP,0,,,N,0800
US1TXAR0017,20210726,PRCP,0,,,N,0800
US1TXAR0017,20210727,PRCP,0,,,N,0800
US1TXAR0017,20210728,PRCP,0,,,N,0800
US1TXAR0017,20210729,PRCP,0,,,N,0800
US1TXAR0017,20210730,PRCP,8,,,N,0800
US1TXAR0017,20210731,PRCP,74,,,N,0800
US1TXAR0017,20210719,SNOW,0,,,N,0800
US1TXAR0017,20210720,SNOW,0,,,N,0800
US1TXAR0017,20210721,SNOW,0,,,N,0800
US1TXAR0017,20210722,SNOW,0,,,N,0800
US1TXAR0017,20210723,SNOW,0,,,N,0800
US1TXAR0017,20210724,SNOW,0,,,N,0800
US1TXAR0017,20210725,SNOW,0,,,N,0800
US1TXAR0017,20210726,SNOW,0,,,N,0800
US1TXAR0017,20210727,SNOW,0,,,N,0800
US1TXAR0017,20210728,SNOW,0,,,N,0800
US1TXAR0017,20210729,SNOW,0,,,N,0800
US1TXAR0017,20210730,SNOW,0,,,N,0800
US1TXAR0017,20210731,SNOW,0,,,N,0800
US1TXAR0017,20210719,SNWD,0,,,N,0800
US1TXAR0017,20210720,SNWD,0,,,N,0800
US1TXAR0017,20210721,SNWD,0,,,N,0800
US1TXAR0017,20210722,SNWD,0,,,N,0800
US1TXAR0017,20210723,SNWD,0,,,N,0800
US1TXAR0017,20210724,SNWD,0,,,N,0800
US1TXAR0017,20210725,SNWD,0,,,N,0800
US1TXAR0017,20210726,SNWD,0,,,N,0800
US1TXAR0017,20210727,SNWD,0,,,N,0800
US1TXAR0017,20210728,SNWD,0,,,N,0800
US1TXAR0017,20210729,SNWD,0,,,N,0800
US1TXAR0017,20210730,SNWD,0,,,N,0800
US1TXAR0017,20210731,SNWD,0,,,N,0800
US1TXAR0017,20210719,WESD,0,,,N,0800
US1TXAR0017,20210720,WESD,0,,,N,0800
US1TXAR0017,20210721,WESD,0,,,N,0800
US1TXAR0017,20210722,WESD,0,,,N,0800
US1TXAR0017,20210723,WESD,0,,,N,0800
US1TXAR0017,20210724,WESD,0,,,N,0800
US1TXAR0017,20210725,WESD,0,,,N,0800
US1TXAR0017,20210726,WESD,0,,,N,0800
US1TXAR0017,20210727,WESD,0,,,N,0800
US1TXAR0017,20210728,WESD,0,,,N,0800
US1TXAR0017,20210729,WESD,0,,,N,0800
US1TXAR0017,20210730,WESD,0,,,N,0800
US1TXAR0017,20210731,WESD,0,,,N,0800
US1TXAR0017,20210719,WESF,0,,,N,0800
US1TXAR0017,20210720,WESF,0,,,N,0800
US1TXAR0017,20210721,WESF,0,,,N,0800
US1TXAR0017,20210722,WESF,0,,,N,0800
US1TXAR0017,20210723,WESF,0,,,N,0800
US1TXAR0017,20210724,WESF,0,,,N,0800
US1TXAR0017,20210725,WESF,0,,,N,0800
US1TXAR0017,20210726,WESF,0,,,N,0800
US1TXAR0017,20210727,WESF,0,,,N,0800
US1TXAR0017,20210728,WESF,0,,,N,0800
US1TXAR0017,20210729,WESF,0,,,N,0800
US1TXAR0017,20210730,WESF,0,,,N,0800
US1TXAR0017,20210731,WESF,0,,,N,0800
US1TXAR0017,20210801,PRCP,0,,,N,0800
US1TXAR0017,20210802,PRCP,0,,,N,0800
US1TXAR0017,20210803,PRCP,0,,,N,0800
US1TXAR0017,20210804,PRCP,234,,,N,0800
US1TXAR0017,20210805,PRCP,43,,,N,0800
US1TXAR0017,20210806,PRCP,279,,,N,0800
US1TXAR0017,20210807,PRCP,0,,,N,0800
US1TXAR0017,20210809,PRCP,0,,,N,0800
US1TXAR0017,20210810,PRCP,0,,,N,0800
US1TXAR0017,20210811,PRCP,0,,,N,0800
US1TXAR0017,20210812,PRCP,0,,,N,0800
US1TXAR0017,20210813,PRCP,0,,,N,0800
US1TXAR0017,20210814,PRCP,0,,,N,0800
US1TXAR0017,20210815,PRCP,15,,,N,0800
US1TXAR0017,20210816,PRCP,0,,,N,0800
US1TXAR0017,20210817,PRCP,168,,,N,0800
US1TXAR0017,20210818,PRCP,33,,,N,0800
US1TXAR0017,20210819,PRCP,0,T,,N,0800
US1TXAR0017,20210820,PRCP,0,,,N,0800
US1TXAR0017,20210821,PRCP,0,T,,N,0800
US1TXAR0017,20210822,PRCP,0,,,N,0800
US1TXAR0017,20210823,PRCP,0,,,N,0800
US1TXAR0017,20210824,PRCP,0,,,N,0800
US1TXAR0017,20210825,PRCP,0,,,N,0800
US1TXAR0017,20210826,PRCP,0,,,N,0800
US1TXAR0017,20210827,PRCP,89,,,N,0800
US1TXAR0017,20210828,PRCP,71,,,N,0800
US1TXAR0017,20210829,PRCP,0,,,N,0800
US1TXAR0017,20210830,PRCP,0,,,N,0800
US1TXAR0017,20210831,PRCP,0,,,N,0800
US1TXAR0017,20210801,SNOW,0,,,N,0800
US1TXAR0017,20210802,SNOW,0,,,N,0800
US1TXAR0017,20210803,SNOW,0,,,N,0800
US1TXAR0017,20210804,SNOW,0,,,N,0800
US1TXAR0017,20210805,SNOW,0,,,N,0800
US1TXAR0017,20210806,SNOW,0,,,N,0800
US1TXAR0017,20210807,SNOW,0,,,N,0800
US1TXAR0017,20210809,SNOW,0,,,N,0800
US1TXAR0017,20210810,SNOW,0,,,N,0800
US1TXAR0017,20210811,SNOW,0,,,N,0800
US1TXAR0017,20210812,SNOW,0,,,N,0800
US1TXAR0017,20210813,SNOW,0,,,N,0800
US1TXAR0017,20210814,SNOW,0,,,N,0800
US1TXAR0017,20210816,SNOW,0,,,N,0800
US1TXAR0017,20210820,SNOW,0,,,N,0800
US1TXAR0017,20210822,SNOW,0,,,N,0800
US1TXAR0017,20210823,SNOW,0,,,N,0800
US1TXAR0017,20210824,SNOW,0,,,N,0800
US1TXAR0017,20210825,SNOW,0,,,N,0800
US1TXAR0017,20210826,SNOW,0,,,N,0800
US1TXAR0017,20210829,SNOW,0,,,N,0800
US1TXAR0017,20210830,SNOW,0,,,N,0800
US1TXAR0017,20210831,SNOW,0,,,N,0800
US1TXAR0017,20210801,SNWD,0,,,N,0800
US1TXAR0017,20210802,SNWD,0,,,N,0800
US1TXAR0017,20210803,SNWD,0,,,N,0800
US1TXAR0017,20210804,SNWD,0,,,N,0800
US1TXAR0017,20210805,SNWD,0,,,N,0800
US1TXAR0017,20210806,SNWD,0,,,N,0800
US1TXAR0017,20210807,SNWD,0,,,N,0800
US1TXAR0017,20210809,SNWD,0,,,N,0800
US1TXAR0017,20210810,SNWD,0,,,N,0800
US1TXAR0017,20210811,SNWD,0,,,N,0800
US1TXAR0017,20210812,SNWD,0,,,N,0800
US1TXAR0017,20210813,SNWD,0,,,N,0800
US1TXAR0017,20210801,WESD,0,,,N,0800
US1TXAR0017,20210802,WESD,0,,,N,0800
US1TXAR0017,20210803,WESD,0,,,N,0800
US1TXAR0017,20210804,WESD,0,,,N,0800
US1TXAR0017,20210805,WESD,0,,,N,0800
US1TXAR0017,20210806,WESD,0,,,N,0800
US1TXAR0017,20210807,WESD,0,,,N,0800
US1TXAR0017,20210809,WESD,0,,,N,0800
US1TXAR0017,20210810,WESD,0,,,N,0800
US1TXAR0017,20210811,WESD,0,,,N,0800
US1TXAR0017,20210812,WESD,0,,,N,0800
US1TXAR0017,20210813,WESD,0,,,N,0800
US1TXAR0017,20210801,WESF,0,,,N,0800
US1TXAR0017,20210802,WESF,0,,,N,0800
US1TXAR0017,20210803,WESF,0,,,N,0800
US1TXAR0017,20210804,WESF,0,,,N,0800
US1TXAR0017,20210805,WESF,0,,,N,0800
US1TXAR0017,20210806,WESF,0,,,N,0800
US1TXAR0017,20210807,WESF,0,,,N,0800
US1TXAR0017,20210809,WESF,0,,,N,0800
US1TXAR0017,20210810,WESF,0,,,N,0800
US1TXAR0017,20210811,WESF,0,,,N,0800
US1TXAR0017,20210812,WESF,0,,,N,0800
US1TXAR0017,20210813,WESF,0,,,N,0800
US1TXAR0017,20210901,PRCP,0,,,N,0800
US1TXAR0017,20210902,PRCP,0,,,N,0800
US1TXAR0017,20210903,PRCP,0,,,N,0800
US1TXAR0017,20210904,PRCP,135,,,N,0800
US1TXAR0017,20210905,PRCP,0,,,N,0800
US1TXAR0017,20210906,PRCP,0,,,N,0800
US1TXAR0017,20210907,PRCP,0,,,N,0800
US1TXAR0017,20210908,PRCP,0,,,N,0800
US1TXAR0017,20210909,PRCP,0,,,N,0800
US1TXAR0017,20210910,PRCP,0,,,N,0800
US1TXAR0017,20210911,PRCP,0,,,N,0800
US1TXAR0017,20210912,PRCP,36,,,N,0800
US1TXAR0017,20210913,PRCP,221,,,N,0800
US1TXAR0017,20210914,PRCP,81,,,N,0800
US1TXAR0017,20210915,PRCP,0,,,N,0800
US1TXAR0017,20210916,PRCP,0,,,N,0800
US1TXAR0017,20210917,PRCP,0,,,N,0800
US1TXAR0017,20210918,PRCP,0,,,N,0800
US1TXAR0017,20210919,PRCP,3,,,N,0800
US1TXAR0017,20210920,PRCP,0,,,N,0800
US1TXAR0017,20210921,PRCP,0,,,N,0800
US1TXAR0017,20210922,PRCP,10,,,N,0800
US1TXAR0017,20210923,PRCP,0,,,N,0800
US1TXAR0017,20210924,PRCP,0,,,N,0800
US1TXAR0017,20210926,PRCP,0,,,N,0800
US1TXAR0017,20210927,PRCP,0,,,N,0800
US1TXAR0017,20210928,PRCP,0,,,N,0800
US1TXAR0017,20210929,PRCP,191,,,N,0800
US1TXAR0017,20210930,PRCP,399,,,N,0800
US1TXAR0017,20210901,SNOW,0,,,N,0800
US1TXAR0017,20210902,SNOW,0,,,N,0800
US1TXAR0017,20210903,SNOW,0,,,N,0800
US1TXAR0017,20210905,SNOW,0,,,N,0800
US1TXAR0017,20210906,SNOW,0,,,N,0800
US1TXAR0017,20210907,SNOW,0,,,N,0800
US1TXAR0017,20210908,SNOW,0,,,N,0800
US1TXAR0017,20210909,SNOW,0,,,N,0800
US1TXAR0017,20210910,SNOW,0,,,N,0800
US1TXAR0017,20210911,SNOW,0,,,N,0800
US1TXAR0017,20210915,SNOW,0,,,N,0800
US1TXAR0017,20210916,SNOW,0,,,N,0800
US1TXAR0017,20210917,SNOW,0,,,N,0800
US1TXAR0017,20210918,SNOW,0,,,N,0800
US1TXAR0017,20210920,SNOW,0,,,N,0800
US1TXAR0017,20210921,SNOW,0,,,N,0800
US1TXAR0017,20210923,SNOW,0,,,N,0800
US1TXAR0017,20210924,SNOW,0,,,N,0800
US1TXAR0017,20210926,SNOW,0,,,N,0800
US1TXAR0017,20210927,SNOW,0,,,N,0800
US1TXAR0017,20210928,SNOW,0,,,N,0800
US1TXAR0017,20211001,PRCP,1290,,,N,0800
US1TXAR0017,20211002,PRCP,117,,,N,0800
US1TXAR0017,20211003,PRCP,3,,,N,0800
US1TXAR0017,20211004,PRCP,0,,,N,0800
US1TXAR0017,20211005,PRCP,0,,,N,0800
US1TXAR0017,20211006,PRCP,0,,,N,0800
US1TXAR0017,20211007,PRCP,0,,,N,0800
US1TXAR0017,20211008,PRCP,0,,,N,0800
US1TXAR0017,20211009,PRCP,0,,,N,0800
US1TXAR0017,20211010,PRCP,0,,,N,0800
US1TXAR0017,20211011,PRCP,0,,,N,0800
US1TXAR0017,20211013,PRCP,0,,,N,0800
US1TXAR0017,20211014,PRCP,3,,,N,0800
US1TXAR0017,20211015,PRCP,645,,,N,0800
US1TXAR0017,20211016,PRCP,0,,,N,0800
US1TXAR0017,20211017,PRCP,0,,,N,0800
US1TXAR0017,20211018,PRCP,0,,,N,0800
US1TXAR0017,20211020,PRCP,0,,,N,0800
US1TXAR0017,20211021,PRCP,0,,,N,0800
US1TXAR0017,20211022,PRCP,0,,,N,0800
US1TXAR0017,20211023,PRCP,0,T,,N,0800
US1TXAR0017,20211024,PRCP,38,,,N,0800
US1TXAR0017,20211025,PRCP,0,,,N,0800
US1TXAR0017,20211026,PRCP,0,,,N,0800
US1TXAR0017,20211027,PRCP,3,,,N,0800
US1TXAR0017,20211028,PRCP,33,,,N,0800
US1TXAR0017,20211029,PRCP,0,,,N,0800
US1TXAR0017,20211031,PRCP,0,,L,N,0800
US1TXAR0017,20211004,SNOW,0,,,N,0800
US1TXAR0017,20211005,SNOW,0,,,N,0800
US1TXAR0017,20211006,SNOW,0,,,N,0800
US1TXAR0017,20211007,SNOW,0,,,N,0800
US1TXAR0017,20211008,SNOW,0,,,N,0800
US1TXAR0017,20211009,SNOW,0,,,N,0800
US1TXAR0017,20211010,SNOW,0,,,N,0800
US1TXAR0017,20211011,SNOW,0,,,N,0800
US1TXAR0017,20211013,SNOW,0,,,N,0800
US1TXAR0017,20211016,SNOW,0,,,N,0800
US1TXAR0017,20211017,SNOW,0,,,N,0800
US1TXAR0017,20211018,SNOW,0,,,N,0800
US1TXAR0017,20211020,SNOW,0,,,N,0800
US1TXAR0017,20211021,SNOW,0,,,N,0800
US1TXAR0017,20211022,SNOW,0,,,N,0800
US1TXAR0017,20211025,SNOW,0,,,N,0800
US1TXAR0017,20211026,SNOW,0,,,N,0800
US1TXAR0017,20211029,SNOW,0,,,N,0800
US1TXAR0017,20211031,SNOW,0,,,N,0800
US1TXAR0017,20211031,DAPR,2,,L,N,0800
US1TXAR0017,20211031,MDPR,0,,L,N,0800
US1TXAR0017,20211102,PRCP,0,,,N,0800
US1TXAR0017,20211103,PRCP,0,,,N,0800
US1TXAR0017,20211104,PRCP,61,,,N,0800
US1TXAR0017,20211106,PRCP,0,,,N,0800
US1TXAR0017,20211107,PRCP,0,,,N,0800
US1TXAR0017,20211108,PRCP,0,,,N,0800
US1TXAR0017,20211109,PRCP,0,,,N,0800
US1TXAR0017,20211110,PRCP,0,,,N,0800
US1TXAR0017,20211112,PRCP,0,,,N,0800
US1TXAR0017,20211113,PRCP,0,,,N,0800
US1TXAR0017,20211115,PRCP,0,,,N,0800
US1TXAR0017,20211116,PRCP,0,,,N,0800
US1TXAR0017,20211117,PRCP,0,,,N,0800
US1TXAR0017,20211118,PRCP,0,,,N,0800
US1TXAR0017,20211119,PRCP,0,,,N,0800
US1TXAR0017,20211121,PRCP,0,,,N,0800
US1TXAR0017,20211122,PRCP,0,,,N,0800
US1TXAR0017,20211123,PRCP,0,,,N,0800
US1TXAR0017,20211124,PRCP,0,,,N,0800
US1TXAR0017,20211125,PRCP,0,T,,N,0800
US1TXAR0017,20211126,PRCP,112,,,N,0800
US1TXAR0017,20211127,PRCP,0,T,,N,0800
US1TXAR0017,20211128,PRCP,25,,,N,0800
US1TXAR0017,20211129,PRCP,0,,,N,0800
US1TXAR0017,20211130,PRCP,0,,,N,0800
US1TXAR0017,20211102,SNOW,0,,,N,0800
US1TXAR0017,20211103,SNOW,0,,,N,0800
US1TXAR0017,20211106,SNOW,0,,,N,0800
US1TXAR0017,20211107,SNOW,0,,,N,0800
US1TXAR0017,20211108,SNOW,0,,,N,0800
US1TXAR0017,20211109,SNOW,0,,,N,0800
US1TXAR0017,20211110,SNOW,0,,,N,0800
US1TXAR0017,20211112,SNOW,0,,,N,0800
US1TXAR0017,20211113,SNOW,0,,,N,0800
US1TXAR0017,20211115,SNOW,0,,,N,0800
US1TXAR0017,20211116,SNOW,0,,,N,0800
US1TXAR0017,20211117,SNOW,0,,,N,0800
US1TXAR0017,20211118,SNOW,0,,,N,0800
US1TXAR0017,20211119,SNOW,0,,,N,0800
US1TXAR0017,20211121,SNOW,0,,,N,0800
US1TXAR0017,20211122,SNOW,0,,,N,0800
US1TXAR0017,20211123,SNOW,0,,,N,0800
US1TXAR0017,20211124,SNOW,0,,,N,0800
US1TXAR0017,20211129,SNOW,0,,,N,0800
US1TXAR0017,20211130,SNOW,0,,,N,0800
US1TXAR0017,20211202,PRCP,0,,,N,0800
US1TXAR0017,20211203,PRCP,0,,,N,0800
US1TXAR0017,20211204,PRCP,0,,,N,0800
US1TXAR0017,20211205,PRCP,0,,,N,0800
US1TXAR0017,20211206,PRCP,0,,,N,0800
US1TXAR0017,20211207,PRCP,0,,,N,0800
US1TXAR0017,20211208,PRCP,0,,,N,0800
US1TXAR0017,20211210,PRCP,0,,,N,0800
US1TXAR0017,20211211,PRCP,0,T,,N,0800
US1TXAR0017,20211212,PRCP,0,,,N,0800
US1TXAR0017,20211213,PRCP,0,,,N,0800
US1TXAR0017,20211214,PRCP,3,,,N,0800
US1TXAR0017,20211215,PRCP,0,,,N,0800
US1TXAR0017,20211216,PRCP,0,,,N,0800
US1TXAR0017,20211217,PRCP,0,,,N,0800
US1TXAR0017,20211218,PRCP,0,,,N,0800
US1TXAR0017,20211219,PRCP,66,,,N,0800
US1TXAR0017,20211220,PRCP,28,,,N,0800
US1TXAR0017,20211221,PRCP,0,,,N,0800
US1TXAR0017,20211222,PRCP,0,,,N,0800
US1TXAR0017,20211225,PRCP,0,,,N,0800
US1TXAR0017,20211226,PRCP,0,,,N,0800
US1TXAR0017,20211227,PRCP,0,,,N,0800
US1TXAR0017,20211228,PRCP,0,,,N,0800
US1TXAR0017,20211229,PRCP,0,,,N,0800
US1TXAR0017,20211231,PRCP,0,,,N,0800
US1TXAR0017,20211202,SNOW,0,,,N,0800
US1TXAR0017,20211203,SNOW,0,,,N,0800
US1TXAR0017,20211204,SNOW,0,,,N,0800
US1TXAR0017,20211205,SNOW,0,,,N,0800
US1TXAR0017,20211206,SNOW,0,,,N,0800
US1TXAR0017,20211207,SNOW,0,,,N,0800
US1TXAR0017,20211208,SNOW,0,,,N,0800
US1TXAR0017,20211210,SNOW,0,,,N,0800
US1TXAR0017,20211212,SNOW,0,,,N,0800
US1TXAR0017,20211213,SNOW,0,,,N,0800
US1TXAR0017,20211215,SNOW,0,,,N,0800
US1TXAR0017,20211216,SNOW,0,,,N,0800
US1TXAR0017,20211217,SNOW,0,,,N,0800
US1TXAR0017,20211218,SNOW,0,,,N,0800
US1TXAR0017,20211221,SNOW,0,,,N,0800
US1TXAR0017,20211222,SNOW,0,,,N,0800
US1TXAR0017,20211225,SNOW,0,,,N,0800
US1TXAR0017,20211226,SNOW,0,,,N,0800
US1TXAR0017,20211227,SNOW,0,,,N,0800
US1TXAR0017,20211228,SNOW,0,,,N,0800
US1TXAR0017,20211229,SNOW,0,,,N,0800
US1TXAR0017,20211231,SNOW,0,,,N,0800
US1TXAR0017,20211224,DAPR,2,,,N,0800
US1TXAR0017,20211224,MDPR,0,,,N,0800
US1TXAR0017,20220101,PRCP,0,,,N,0800
US1TXAR0017,20220102,PRCP,0,,,N,0800
US1TXAR0017,20220103,PRCP,0,,,N,0800
US1TXAR0017,20220104,PRCP,0,,,N,0800
US1TXAR0017,20220105,PRCP,0,,,N,0800
US1TXAR0017,20220106,PRCP,0,,,N,0800
US1TXAR0017,20220107,PRCP,0,,,N,0800
US1TXAR0017,20220108,PRCP,86,,,N,0800
US1TXAR0017,20220109,PRCP,0,,,N,0800
US1TXAR0017,20220113,PRCP,0,,,N,0800
US1TXAR0017,20220114,PRCP,0,,,N,0800
US1TXAR0017,20220115,PRCP,0,,,N,0800
US1TXAR0017,20220116,PRCP,0,,,N,0800
US1TXAR0017,20220117,PRCP,0,,,N,0800
US1TXAR0017,20220118,PRCP,0,,,N,0800
US1TXAR0017,20220119,PRCP,0,,,N,0800
US1TXAR0017,20220120,PRCP,0,,,N,0800
US1TXAR0017,20220121,PRCP,10,,,N,0800
US1TXAR0017,20220122,PRCP,0,,,N,0800
US1TXAR0017,20220123,PRCP,0,,,N,0800
US1TXAR0017,20220124,PRCP,0,,,N,0800
US1TXAR0017,20220125,PRCP,135,,,N,0800
US1TXAR0017,20220126,PRCP,0,,,N,0800
US1TXAR0017,20220127,PRCP,0,,,N,0800
US1TXAR0017,20220128,PRCP,15,,,N,0800
US1TXAR0017,20220129,PRCP,5,,,N,0800
US1TXAR0017,20220130,PRCP,0,,,N,0800
US1TXAR0017,20220131,PRCP,79,,,N,0800
US1TXAR0017,20220101,SNOW,0,,,N,0800
US1TXAR0017,20220102,SNOW,0,,,N,0800
US1TXAR0017,20220103,SNOW,0,,,N,0800
US1TXAR0017,20220104,SNOW,0,,,N,0800
US1TXAR0017,20220105,SNOW,0,,,N,0800
US1TXAR0017,20220106,SNOW,0,,,N,0800
US1TXAR0017,20220107,SNOW,0,,,N,0800
US1TXAR0017,20220109,SNOW,0,,,N,0800
US1TXAR0017,20220113,SNOW,0,,,N,0800
US1TXAR0017,20220114,SNOW,0,,,N,0800
US1TXAR0017,20220115,SNOW,0,,,N,0800
US1TXAR0017,20220116,SNOW,0,,,N,0800
US1TXAR0017,20220117,SNOW,0,,,N,0800
US1TXAR0017,20220118,SNOW,0,,,N,0800
US1TXAR0017,20220119,SNOW,0,,,N,0800
US1TXAR0017,20220120,SNOW,0,,,N,0800
US1TXAR0017,20220122,SNOW,0,,,N,0800
US1TXAR0017,20220123,SNOW,0,,,N,0800
US1TXAR0017,20220124,SNOW,0,,,N,0800
US1TXAR0017,20220126,SNOW,0,,,N,0800
US1TXAR0017,20220127,SNOW,0,,,N,0800
US1TXAR0017,20220130,SNOW,0,,,N,0800
US1TXAR0017,20220112,DAPR,3,,,N,0800
US1TXAR0017,20220112,MDPR,104,,,N,0800
US1TXAR0017,20220201,PRCP,114,,,N,0800
US1TXAR0017,20220202,PRCP,0,,,N,0800
US1TXAR0017,20220203,PRCP,8,,,N,0800
US1TXAR0017,20220204,PRCP,0,T,,N,0800
US1TXAR0017,20220205,PRCP,0,,,N,0800
US1TXAR0017,20220206,PRCP,0,,,N,0800
US1TXAR0017,20220207,PRCP,30,,,N,0800
US1TXAR0017,20220208,PRCP,0,,,N,0800
US1TXAR0017,20220210,PRCP,0,,,N,0800
US1TXAR0017,20220211,PRCP,0,,,N,0800
US1TXAR0017,20220213,PRCP,0,,,N,0800
US1TXAR0017,20220214,PRCP,0,,,N,0800
US1TXAR0017,20220215,PRCP,0,,,N,0800
US1TXAR0017,20220216,PRCP,0,,,N,0800
US1TXAR0017,20220217,PRCP,0,T,,N,0800
US1TXAR0017,20220218,PRCP,0,,,N,0800
US1TXAR0017,20220219,PRCP,0,,,N,0800
US1TXAR0017,20220221,PRCP,5,,,N,0800
US1TXAR0017,20220222,PRCP,0,,,N,0800
US1TXAR0017,20220223,PRCP,0,,,N,0800
US1TXAR0017,20220224,PRCP,0,T,,N,0800
US1TXAR0017,20220225,PRCP,5,,,N,0800
US1TXAR0017,20220226,PRCP,0,T,,N,0800
US1TXAR0017,20220227,PRCP,20,,,N,0800
US1TXAR0017,20220228,PRCP,0,,,N,0800
US1TXAR0017,20220202,SNOW,0,,,N,0800
US1TXAR0017,20220205,SNOW,0,,,N,0800
US1TXAR0017,20220206,SNOW,0,,,N,0800
US1TXAR0017,20220208,SNOW,0,,,N,0800
US1TXAR0017,20220210,SNOW,0,,,N,0800
US1TXAR0017,20220211,SNOW,0,,,N,0800
US1TXAR0017,20220213,SNOW,0,,,N,0800
US1TXAR0017,20220214,SNOW,0,,,N,0800
US1TXAR0017,20220215,SNOW,0,,,N,0800
US1TXAR0017,20220216,SNOW,0,,,N,0800
US1TXAR0017,20220218,SNOW,0,,,N,0800
US1TXAR0017,20220219,SNOW,0,,,N,0800
US1TXAR0017,20220222,SNOW,0,,,N,0800
US1TXAR0017,20220223,SNOW,0,,,N,0800
US1TXAR0017,20220228,SNOW,0,,,N,0800
US1TXAR0017,20220301,PRCP,0,,,N,0800
US1TXAR0017,20220302,PRCP,0,,,N,0800
US1TXAR0017,20220303,PRCP,0,,,N,0800
US1TXAR0017,20220304,PRCP,0,,,N,0800
US1TXAR0017,20220305,PRCP,0,,,N,0800
US1TXAR0017,20220312,PRCP,122,,,N,0800
US1TXAR0017,20220313,PRCP,0,,,N,0800
US1TXAR0017,20220314,PRCP,0,,,N,0800
US1TXAR0017,20220315,PRCP,0,,,N,0800
US1TXAR0017,20220316,PRCP,0,,,N,0800
US1TXAR0017,20220317,PRCP,0,,,N,0800
US1TXAR0017,20220319,PRCP,0,,,N,0800
US1TXAR0017,20220321,PRCP,20,,,N,0800
US1TXAR0017,20220322,PRCP,51,,,N,0800
US1TXAR0017,20220323,PRCP,0,,,N,0800
US1TXAR0017,20220324,PRCP,0,,,N,0800
US1TXAR0017,20220325,PRCP,0,,,N,0800
US1TXAR0017,20220326,PRCP,0,,,N,0800
US1TXAR0017,20220327,PRCP,0,,,N,0800
US1TXAR0017,20220328,PRCP,0,,,N,0800
US1TXAR0017,20220329,PRCP,0,,,N,0800
US1TXAR0017,20220330,PRCP,0,,,N,0800
US1TXAR0017,20220331,PRCP,13,,,N,0800
US1TXAR0017,20220301,SNOW,0,,,N,0800
US1TXAR0017,20220302,SNOW,0,,,N,0800
US1TXAR0017,20220303,SNOW,0,,,N,0800
US1TXAR0017,20220304,SNOW,0,,,N,0800
US1TXAR0017,20220305,SNOW,0,,,N,0800
US1TXAR0017,20220313,SNOW,0,,,N,0800
US1TXAR0017,20220314,SNOW,0,,,N,0800
US1TXAR0017,20220315,SNOW,0,,,N,0800
US1TXAR0017,20220316,SNOW,0,,,N,0800
US1TXAR0017,20220317,SNOW,0,,,N,0800
US1TXAR0017,20220319,SNOW,0,,,N,0800
US1TXAR0017,20220323,SNOW,0,,,N,0800
US1TXAR0017,20220324,SNOW,0,,,N,0800
US1TXAR0017,20220325,SNOW,0,,,N,0800
US1TXAR0017,20220326,SNOW,0,,,N,0800
US1TXAR0017,20220327,SNOW,0,,,N,0800
US1TXAR0017,20220328,SNOW,0,,,N,0800
US1TXAR0017,20220329,SNOW,0,,,N,0800
US1TXAR0017,20220330,SNOW,0,,,N,0800
US1TXAR0017,20220311,DAPR,6,,,N,0800
US1TXAR0017,20220311,MDPR,0,,,N,0800
US1TXAR0017,20220401,PRCP,0,,,N,0800
US1TXAR0017,20220402,PRCP,0,,,N,0800
US1TXAR0017,20220403,PRCP,0,,,N,0800
US1TXAR0017,20220404,PRCP,0,,,N,0800
US1TXAR0017,20220405,PRCP,0,,,N,0800
US1TXAR0017,20220406,PRCP,0,,,N,0800
US1TXAR0017,20220407,PRCP,0,,,N,0800
US1TXAR0017,20220408,PRCP,0,,,N,0800
US1TXAR0017,20220409,PRCP,0,,,N,0800
US1TXAR0017,20220410,PRCP,0,,,N,0800
US1TXAR0017,20220411,PRCP,0,,,N,0800
US1TXAR0017,20220412,PRCP,0,,,N,0800
US1TXAR0017,20220413,PRCP,0,,,N,0800
US1TXAR0017,20220414,PRCP,0,,,N,0800
US1TXAR0017,20220415,PRCP,0,T,,N,0800
US1TXAR0017,20220417,PRCP,0,,,N,0800
US1TXAR0017,20220418,PRCP,0,,,N,0800
US1TXAR0017,20220419,PRCP,0,,,N,0800
US1TXAR0017,20220420,PRCP,0,T,,N,0800
US1TXAR0017,20220421,PRCP,0,,,N,0800
US1TXAR0017,20220422,PRCP,0,,,N,0800
US1TXAR0017,20220423,PRCP,0,,,N,0800
US1TXAR0017,20220424,PRCP,0,,,N,0800
US1TXAR0017,20220425,PRCP,0,,,N,0800
US1TXAR0017,20220426,PRCP,0,T,,N,0800
US1TXAR0017,20220427,PRCP,0,,,N,0800
US1TXAR0017,20220428,PRCP,0,,,N,0800
US1TXAR0017,20220429,PRCP,0,,,N,0800
US1TXAR0017,20220430,PRCP,0,,,N,0800
US1TXAR0017,20220401,SNOW,0,,,N,0800
US1TXAR0017,20220402,SNOW,0,,,N,0800
US1TXAR0017,20220403,SNOW,0,,,N,0800
US1TXAR0017,20220404,SNOW,0,,,N,0800
US1TXAR0017,20220405,SNOW,0,,,N,0800
US1TXAR0017,20220406,SNOW,0,,,N,0800
US1TXAR0017,20220407,SNOW,0,,,N,0800
US1TXAR0017,20220408,SNOW,0,,,N,0800
US1TXAR0017,20220409,SNOW,0,,,N,0800
US1TXAR0017,20220410,SNOW,0,,,N,0800
US1TXAR0017,20220411,SNOW,0,,,N,0800
US1TXAR0017,20220412,SNOW,0,,,N,0800
US1TXAR0017,20220413,SNOW,0,,,N,0800
US1TXAR0017,20220414,SNOW,0,,,N,0800
US1TXAR0017,20220417,SNOW,0,,,N,0800
US1TXAR0017,20220418,SNOW,0,,,N,0800
US1TXAR0017,20220419,SNOW,0,,,N,0800
US1TXAR0017,20220421,SNOW,0,,,N,0800
US1TXAR0017,20220422,SNOW,0,,,N,0800
US1TXAR0017,20220423,SNOW,0,,,N,0800
US1TXAR0017,20220424,SNOW,0,,,N,0800
US1TXAR0017,20220425,SNOW,0,,,N,0800
US1TXAR0017,20220427,SNOW,0,,,N,0800
US1TXAR0017,20220428,SNOW,0,,,N,0800
US1TXAR0017,20220429,SNOW,0,,,N,0800
US1TXAR0017,20220430,SNOW,0,,,N,0800
US1TXAR0017,20220501,PRCP,0,,,N,0800
US1TXAR0017,20220502,PRCP,0,,,N,0800
US1TXAR0017,20220503,PRCP,0,,,N,0800
US1TXAR0017,20220505,PRCP,0,,,N,0800
US1TXAR0017,20220506,PRCP,0,,,N,0800
US1TXAR0017,20220507,PRCP,0,,,N,0800
US1TXAR0017,20220508,PRCP,0,,,N,0800
US1TXAR0017,20220509,PRCP,0,,,N,0800
US1TXAR0017,20220510,PRCP,0,,,N,0800
US1TXAR0017,20220511,PRCP,0,,,N,0800
US1TXAR0017,20220512,PRCP,0,,,N,0800
US1TXAR0017,20220513,PRCP,0,,,N,0800
US1TXAR0017,20220514,PRCP,0,,,N,0800
US1TXAR0017,20220515,PRCP,0,,,N,0800
US1TXAR0017,20220516,PRCP,0,,,N,0800
US1TXAR0017,20220517,PRCP,0,,,N,0800
US1TXAR0017,20220518,PRCP,0,,,N,0800
US1TXAR0017,20220519,PRCP,0,,,N,0800
US1TXAR0017,20220520,PRCP,0,,,N,0800
US1TXAR0017,20220521,PRCP,0,,,N,0800
US1TXAR0017,20220522,PRCP,13,,,N,0800
US1TXAR0017,20220523,PRCP,8,,,N,0800
US1TXAR0017,20220524,PRCP,53,,,N,0800
US1TXAR0017,20220525,PRCP,89,,,N,0800
US1TXAR0017,20220526,PRCP,0,,,N,0800
US1TXAR0017,20220527,PRCP,0,,,N,0800
US1TXAR0017,20220528,PRCP,0,,,N,0800
US1TXAR0017,20220529,PRCP,0,,,N,0800
US1TXAR0017,20220530,PRCP,0,,,N,0800
US1TXAR0017,20220531,PRCP,0,,,N,0800
US1TXAR0017,20220501,SNOW,0,,,N,0800
US1TXAR0017,20220502,SNOW,0,,,N,0800
US1TXAR0017,20220503,SNOW,0,,,N,0800
US1TXAR0017,20220505,SNOW,0,,,N,0800
US1TXAR0017,20220506,SNOW,0,,,N,0800
US1TXAR0017,20220507,SNOW,0,,,N,0800
US1TXAR0017,20220508,SNOW,0,,,N,0800
US1TXAR0017,20220509,SNOW,0,,,N,0800
US1TXAR0017,20220510,SNOW,0,,,N,0800
US1TXAR0017,20220511,SNOW,0,,,N,0800
US1TXAR0017,20220512,SNOW,0,,,N,0800
US1TXAR0017,20220513,SNOW,0,,,N,0800
US1TXAR0017,20220514,SNOW,0,,,N,0800
US1TXAR0017,20220515,SNOW,0,,,N,0800
US1TXAR0017,20220516,SNOW,0,,,N,0800
US1TXAR0017,20220517,SNOW,0,,,N,0800
US1TXAR0017,20220518,SNOW,0,,,N,0800
US1TXAR0017,20220519,SNOW,0,,,N,0800
US1TXAR0017,20220520,SNOW,0,,,N,0800
US1TXAR0017,20220521,SNOW,0,,,N,0800
US1TXAR0017,20220526,SNOW,0,,,N,0800
US1TXAR0017,20220527,SNOW,0,,,N,0800
US1TXAR0017,20220528,SNOW,0,,,N,0800
US1TXAR0017,20220529,SNOW,0,,,N,0800
US1TXAR0017,20220530,SNOW,0,,,N,0800
US1TXAR0017,20220531,SNOW,0,,,N,0800
US1TXAR0017,20220601,PRCP,0,,,N,0800
US1TXAR0017,20220603,PRCP,0,,,N,0800
US1TXAR0017,20220604,PRCP,0,,,N,0800
US1TXAR0017,20220605,PRCP,0,T,,N,0800
US1TXAR0017,20220606,PRCP,0,,,N,0800
US1TXAR0017,20220607,PRCP,0,,,N,0800
US1TXAR0017,20220608,PRCP,0,,,N,0800
US1TXAR0017,20220609,PRCP,0,,,N,0800
US1TXAR0017,20220610,PRCP,0,,,N,0800
US1TXAR0017,20220611,PRCP,0,,,N,0800
US1TXAR0017,20220612,PRCP,0,,,N,0800
US1TXAR0017,20220613,PRCP,0,,,N,0800
US1TXAR0017,20220614,PRCP,0,,,N,0800
US1TXAR0017,20220615,PRCP,0,,,N,0800
US1TXAR0017,20220623,PRCP,0,,,N,0800
US1TXAR0017,20220624,PRCP,0,,,N,0800
US1TXAR0017,20220625,PRCP,0,,,N,0800
US1TXAR0017,20220628,PRCP,3,,,N,0800
US1TXAR0017,20220629,PRCP,23,,,N,0800
US1TXAR0017,20220630,PRCP,30,,,N,0800
US1TXAR0017,20220601,SNOW,0,,,N,0800
US1TXAR0017,20220603,SNOW,0,,,N,0800
US1TXAR0017,20220604,SNOW,0,,,N,0800
US1TXAR0017,20220606,SNOW,0,,,N,0800
US1TXAR0017,20220607,SNOW,0,,,N,0800
US1TXAR0017,20220608,SNOW,0,,,N,0800
US1TXAR0017,20220609,SNOW,0,,,N,0800
US1TXAR0017,20220610,SNOW,0,,,N,0800
US1TXAR0017,20220611,SNOW,0,,,N,0800
US1TXAR0017,20220612,SNOW,0,,,N,0800
US1TXAR0017,20220613,SNOW,0,,,N,0800
US1TXAR0017,20220614,SNOW,0,,,N,0800
US1TXAR0017,20220615,SNOW,0,,,N,0800
US1TXAR0017,20220623,SNOW,0,,,N,0800
US1TXAR0017,20220624,SNOW,0,,,N,0800
US1TXAR0017,20220625,SNOW,0,,,N,0800
US1TXAR0017,20220622,DAPR,6,,,N,0800
US1TXAR0017,20220622,MDPR,0,,,N,0800
US1TXAR0017,20220701,PRCP,0,,,N,0800
US1TXAR0017,20220702,PRCP,0,,,N,0800
US1TXAR0017,20220703,PRCP,0,,,N,0800
US1TXAR0017,20220704,PRCP,0,,,N,0800
US1TXAR0017,20220705,PRCP,0,,,N,0800
US1TXAR0017,20220706,PRCP,0,,,N,0800
US1TXAR0017,20220707,PRCP,0,,,N,0800
US1TXAR0017,20220708,PRCP,0,,,N,0800
US1TXAR0017,20220709,PRCP,0,,,N,0800
US1TXAR0017,20220710,PRCP,0,,,N,0800
US1TXAR0017,20220711,PRCP,0,,,N,0800
US1TXAR0017,20220712,PRCP,0,,,N,0800
US1TXAR0017,20220713,PRCP,0,,,N,0800
US1TXAR0017,20220714,PRCP,0,,,N,0800
US1TXAR0017,20220715,PRCP,0,,,N,0800
US1TXAR0017,20220716,PRCP,632,,,N,0800
US1TXAR0017,20220718,PRCP,0,,,N,0800
US1TXAR0017,20220719,PRCP,0,,,N,0800
US1TXAR0017,20220720,PRCP,0,,,N,0800
US1TXAR0017,20220721,PRCP,0,,,N,0800
US1TXAR0017,20220722,PRCP,0,,,N,0800
US1TXAR0017,20220723,PRCP,0,,,N,0800
US1TXAR0017,20220725,PRCP,0,,,N,0800
US1TXAR0017,20220726,PRCP,0,,,N,0800
US1TXAR0017,20220727,PRCP,0,,,N,0800
US1TXAR0017,20220729,PRCP,0,,,N,0800
US1TXAR0017,20220731,PRCP,0,,,N,0800
US1TXAR0017,20220701,SNOW,0,,,N,0800
US1TXAR0017,20220702,SNOW,0,,,N,0800
US1TXAR0017,20220703,SNOW,0,,,N,0800
US1TXAR0017,20220704,SNOW,0,,,N,0800
US1TXAR0017,20220705,SNOW,0,,,N,0800
US1TXAR0017,20220706,SNOW,0,,,N,0800
US1TXAR0017,20220707,SNOW,0,,,N,0800
US1TXAR0017,20220708,SNOW,0,,,N,0800
US1TXAR0017,20220709,SNOW,0,,,N,0800
US1TXAR0017,20220710,SNOW,0,,,N,0800
US1TXAR0017,20220711,SNOW,0,,,N,0800
US1TXAR0017,20220712,SNOW,0,,,N,0800
US1TXAR0017,20220713,SNOW,0,,,N,0800
US1TXAR0017,20220714,SNOW,0,,,N,0800
US1TXAR0017,20220715,SNOW,0,,,N,0800
US1TXAR0017,20220718,SNOW,0,,,N,0800
US1TXAR0017,20220719,SNOW,0,,,N,0800
US1TXAR0017,20220720,SNOW,0,,,N,0800
US1TXAR0017,20220721,SNOW,0,,,N,0800
US1TXAR0017,20220722,SNOW,0,,,N,0800
US1TXAR0017,20220723,SNOW,0,,,N,0800
US1TXAR0017,20220725,SNOW,0,,,N,0800
US1TXAR0017,20220727,SNOW,0,,,N,0800
US1TXAR0017,20220729,SNOW,0,,,N,0800
US1TXAR0017,20220731,SNOW,0,,,N,0800
US1TXAR0017,20220801,PRCP,0,T,,N,0800
US1TXAR0017,20220802,PRCP,0,T,,N,0800
US1TXAR0017,20220807,PRCP,0,,,N,0800
US1TXAR0017,20220808,PRCP,0,,,N,0800
US1TXAR0017,20220809,PRCP,0,,,N,0800
US1TXAR0017,20220810,PRCP,0,,,N,0800
US1TXAR0017,20220811,PRCP,0,,,N,0800
US1TXAR0017,20220812,PRCP,0,,,N,0800
US1TXAR0017,20220813,PRCP,3,,,N,0800
US1TXAR0017,20220814,PRCP,36,,,N,0800
US1TXAR0017,20220815,PRCP,767,,,N,0800
US1TXAR0017,20220816,PRCP,0,,,N,0800
US1TXAR0017,20220817,PRCP,0,,,N,0800
US1TXAR0017,20220818,PRCP,0,,,N,0800
US1TXAR0017,20220819,PRCP,0,,,N,0800
US1TXAR0017,20220820,PRCP,15,,,N,0800
US1TXAR0017,20220821,PRCP,86,,,N,0800
US1TXAR0017,20220822,PRCP,0,,,N,0800
US1TXAR0017,20220823,PRCP,8,,,N,0800
US1TXAR0017,20220824,PRCP,0,,,N,0800
US1TXAR0017,20220825,PRCP,137,,,N,0800
US1TXAR0017,20220826,PRCP,886,,,N,0800
US1TXAR0017,20220827,PRCP,18,,,N,0800
US1TXAR0017,20220828,PRCP,0,,,N,0800
US1TXAR0017,20220829,PRCP,198,,,N,0800
US1TXAR0017,20220830,PRCP,1107,,,N,0800
US1TXAR0017,20220831,PRCP,0,,,N,0800
US1TXAR0017,20220807,SNOW,0,,,N,0800
US1TXAR0017,20220808,SNOW,0,,,N,0800
US1TXAR0017,20220809,SNOW,0,,,N,0800
US1TXAR0017,20220810,SNOW,0,,,N,0800
US1TXAR0017,20220811,SNOW,0,,,N,0800
US1TXAR0017,20220812,SNOW,0,,,N,0800
US1TXAR0017,20220816,SNOW,0,,,N,0800
US1TXAR0017,20220817,SNOW,0,,,N,0800
US1TXAR0017,20220818,SNOW,0,,,N,0800
US1TXAR0017,20220819,SNOW,0,,,N,0800
US1TXAR0017,20220822,SNOW,0,,,N,0800
US1TXAR0017,20220824,SNOW,0,,,N,0800
US1TXAR0017,20220828,SNOW,0,,,N,0800
US1TXAR0017,20220831,SNOW,0,,,N,0800
US1TXAR0017,20220806,DAPR,4,,,N,0800
US1TXAR0017,20220806,MDPR,0,,,N,0800
US1TXAR0017,20220901,PRCP,0,,,N,0800
US1TXAR0017,20220902,PRCP,0,,,N,0800
US1TXAR0017,20220903,PRCP,3,,,N,0800
US1TXAR0017,20220904,PRCP,414,,,N,0800
US1TXAR0017,20220905,PRCP,368,,,N,0800
US1TXAR0017,20220906,PRCP,0,,,N,0800
US1TXAR0017,20220907,PRCP,109,,,N,0800
US1TXAR0017,20220908,PRCP,0,,,N,0800
US1TXAR0017,20220909,PRCP,91,,,N,0800
US1TXAR0017,20220910,PRCP,13,,,N,0800
US1TXAR0017,20220911,PRCP,0,,,N,0800
US1TXAR0017,20220912,PRCP,0,,,N,0800
US1TXAR0017,20220913,PRCP,0,,,N,0800
US1TXAR0017,20220914,PRCP,0,,,N,0800
US1TXAR0017,20220915,PRCP,0,,,N,0800
US1TXAR0017,20220916,PRCP,13,,,N,0800
US1TXAR0017,20220917,PRCP,0,,,N,0800
US1TXAR0017,20220918,PRCP,0,,,N,0800
US1TXAR0017,20220919,PRCP,0,,,N,0800
US1TXAR0017,20220920,PRCP,5,,,N,0800
US1TXAR0017,20220921,PRCP,25,,,N,0800
US1TXAR0017,20220922,PRCP,0,,,N,0800
US1TXAR0017,20220923,PRCP,0,,,N,0800
US1TXAR0017,20220924,PRCP,0,,,N,0800
US1TXAR0017,20220925,PRCP,8,,,N,0800
US1TXAR0017,20220926,PRCP,0,,,N,0800
US1TXAR0017,20220927,PRCP,10,,,N,0800
US1TXAR0017,20220928,PRCP,0,,,N,0800
US1TXAR0017,20220901,SNOW,0,,,N,0800
US1TXAR0017,20220902,SNOW,0,,,N,0800
US1TXAR0017,20220906,SNOW,0,,,N,0800
US1TXAR0017,20220908,SNOW,0,,,N,0800
US1TXAR0017,20220911,SNOW,0,,,N,0800
US1TXAR0017,20220912,SNOW,0,,,N,0800
US1TXAR0017,20220913,SNOW,0,,,N,0800
US1TXAR0017,20220914,SNOW,0,,,N,0800
US1TXAR0017,20220915,SNOW,0,,,N,0800
US1TXAR0017,20220917,SNOW,0,,,N,0800
US1TXAR0017,20220918,SNOW,0,,,N,0800
US1TXAR0017,20220919,SNOW,0,,,N,0800
US1TXAR0017,20220922,SNOW,0,,,N,0800
US1TXAR0017,20220923,SNOW,0,,,N,0800
US1TXAR0017,20220924,SNOW,0,,,N,0800
US1TXAR0017,20220926,SNOW,0,,,N,0800
US1TXAR0017,20220928,SNOW,0,,,N,0800
US1TXAR0017,20221001,PRCP,0,,,N,0800
US1TXAR0017,20221002,PRCP,0,,,N,0800
US1TXAR0017,20221003,PRCP,0,,,N,0800
US1TXAR0017,20221004,PRCP,0,,,N,0700
US1TXAR0017,20221005,PRCP,0,,,N,0800
US1TXAR0017,20221006,PRCP,0,,,N,0800
US1TXAR0017,20221007,PRCP,0,,,N,0800
US1TXAR0017,20221008,PRCP,0,T,,N,0800
US1TXAR0017,20221009,PRCP,0,,,N,0800
US1TXAR0017,20221010,PRCP,0,,,N,0800
US1TXAR0017,20221011,PRCP,0,,,N,0800
US1TXAR0017,20221012,PRCP,0,,,N,0800
US1TXAR0017,20221013,PRCP,0,,,N,0800
US1TXAR0017,20221014,PRCP,163,,,N,0800
US1TXAR0017,20221015,PRCP,0,,,N,0800
US1TXAR0017,20221016,PRCP,0,,,N,0800
US1TXAR0017,20221017,PRCP,0,,,N,0800
US1TXAR0017,20221018,PRCP,18,,,N,0800
US1TXAR0017,20221019,PRCP,13,,,N,0800
US1TXAR0017,20221020,PRCP,0,,,N,0800
US1TXAR0017,20221021,PRCP,0,,,N,0800
US1TXAR0017,20221022,PRCP,0,,,N,0800
US1TXAR0017,20221023,PRCP,0,,,N,0800
US1TXAR0017,20221024,PRCP,0,,,N,0800
US1TXAR0017,20221025,PRCP,61,,,N,0800
US1TXAR0017,20221026,PRCP,0,,,N,0800
US1TXAR0017,20221027,PRCP,0,,,N,0800
US1TXAR0017,20221028,PRCP,76,,,N,0800
US1TXAR0017,20221029,PRCP,28,,,N,0800
US1TXAR0017,20221030,PRCP,0,,,N,0800
US1TXAR0017,20221031,PRCP,0,,,N,0800
US1TXAR0017,20221001,SNOW,0,,,N,0800
US1TXAR0017,20221002,SNOW,0,,,N,0800
US1TXAR0017,20221003,SNOW,0,,,N,0800
US1TXAR0017,20221004,SNOW,0,,,N,0700
US1TXAR0017,20221005,SNOW,0,,,N,0800
US1TXAR0017,20221006,SNOW,0,,,N,0800
US1TXAR0017,20221007,SNOW,0,,,N,0800
US1TXAR0017,20221009,SNOW,0,,,N,0800
US1TXAR0017,20221010,SNOW,0,,,N,0800
US1TXAR0017,20221011,SNOW,0,,,N,0800
US1TXAR0017,20221012,SNOW,0,,,N,0800
US1TXAR0017,20221013,SNOW,0,,,N,0800
US1TXAR0017,20221015,SNOW,0,,,N,0800
US1TXAR0017,20221016,SNOW,0,,,N,0800
US1TXAR0017,20221017,SNOW,0,,,N,0800
US1TXAR0017,20221020,SNOW,0,,,N,0800
US1TXAR0017,20221021,SNOW,0,,,N,0800
US1TXAR0017,20221022,SNOW,0,,,N,0800
US1TXAR0017,20221023,SNOW,0,,,N,0800
US1TXAR0017,20221024,SNOW,0,,,N,0800
US1TXAR0017,20221026,SNOW,0,,,N,0800
US1TXAR0017,20221027,SNOW,0,,,N,0800
US1TXAR0017,20221030,SNOW,0,,,N,0800
US1TXAR0017,20221031,SNOW,0,,,N,0800
US1TXAR0017,20221101,PRCP,541,,,N,0800
US1TXAR0017,20221102,PRCP,401,,,N,0800
US1TXAR0017,20221103,PRCP,0,,,N,0800
US1TXAR0017,20221104,PRCP,0,,,N,0800
US1TXAR0017,20221105,PRCP,33,,,N,0800
US1TXAR0017,20221106,PRCP,0,,,N,0800
US1TXAR0017,20221107,PRCP,0,,,N,0800
US1TXAR0017,20221108,PRCP,0,,,N,0800
US1TXAR0017,20221109,PRCP,0,,,N,0800
US1TXAR0017,20221110,PRCP,61,,,N,0800
US1TXAR0017,20221111,PRCP,0,,,N,0800
US1TXAR0017,20221112,PRCP,5,,,N,0800
US1TXAR0017,20221113,PRCP,0,,,N,0800
US1TXAR0017,20221114,PRCP,0,T,,N,0800
US1TXAR0017,20221115,PRCP,33,,,N,0800
US1TXAR0017,20221116,PRCP,0,,,N,0800
US1TXAR0017,20221117,PRCP,0,,,N,0800
US1TXAR0017,20221118,PRCP,0,,,N,0800
US1TXAR0017,20221122,PRCP,76,,,N,0800
US1TXAR0017,20221123,PRCP,5,,,N,0800
US1TXAR0017,20221124,PRCP,0,,,N,0800
US1TXAR0017,20221125,PRCP,0,T,,N,0800
US1TXAR0017,20221126,PRCP,175,,,N,0800
US1TXAR0017,20221127,PRCP,0,,,N,0800
US1TXAR0017,20221128,PRCP,0,,,N,0800
US1TXAR0017,20221129,PRCP,0,,,N,0800
US1TXAR0017,20221130,PRCP,0,,,N,0800
US1TXAR0017,20221103,SNOW,0,,,N,0800
US1TXAR0017,20221104,SNOW,0,,,N,0800
US1TXAR0017,20221106,SNOW,0,,,N,0800
US1TXAR0017,20221107,SNOW,0,,,N,0800
US1TXAR0017,20221108,SNOW,0,,,N,0800
US1TXAR0017,20221109,SNOW,0,,,N,0800
US1TXAR0017,20221111,SNOW,0,,,N,0800
US1TXAR0017,20221113,SNOW,0,,,N,0800
US1TXAR0017,20221116,SNOW,0,,,N,0800
US1TXAR0017,20221117,SNOW,0,,,N,0800
US1TXAR0017,20221118,SNOW,0,,,N,0800
US1TXAR0017,20221124,SNOW,0,,,N,0800
US1TXAR0017,20221127,SNOW,0,,,N,0800
US1TXAR0017,20221128,SNOW,0,,,N,0800
US1TXAR0017,20221129,SNOW,0,,,N,0800
US1TXAR0017,20221130,SNOW,0,,,N,0800
US1TXAR0017,20221121,DAPR,3,,,N,0800
US1TXAR0017,20221121,MDPR,264,,,N,0800
US1TXAR0017,20221201,PRCP,0,,,N,0800
US1TXAR0017,20221202,PRCP,0,,,N,0800
US1TXAR0017,20221203,PRCP,0,,,N,0800
US1TXAR0017,20221204,PRCP,0,,,N,0800
US1TXAR0017,20221205,PRCP,0,,,N,0800
US1TXAR0017,20221206,PRCP,0,,,N,0800
US1TXAR0017,20221207,PRCP,0,,,N,0800
US1TXAR0017,20221208,PRCP,0,,,N,0800
US1TXAR0017,20221209,PRCP,0,,,N,0800
US1TXAR0017,20221210,PRCP,41,,,N,0800
US1TXAR0017,20221211,PRCP,0,,,N,0800
US1TXAR0017,20221212,PRCP,0,,,N,0800
US1TXAR0017,20221213,PRCP,8,,,N,0800
US1TXAR0017,20221214,PRCP,0,,,N,0800
US1TXAR0017,20221215,PRCP,0,,,N,0800
US1TXAR0017,20221216,PRCP,0,,,N,0800
US1TXAR0017,20221217,PRCP,15,,,N,0800
US1TXAR0017,20221218,PRCP,0,,,N,0800
US1TXAR0017,20221219,PRCP,38,,,N,0800
US1TXAR0017,20221220,PRCP,104,,,N,0800
US1TXAR0017,20221221,PRCP,0,,,N,0800
US1TXAR0017,20221222,PRCP,0,,,N,0800
US1TXAR0017,20221223,PRCP,0,,,N,0800
US1TXAR0017,20221224,PRCP,0,,,N,0800
US1TXAR0017,20221225,PRCP,0,,,N,0800
US1TXAR0017,20221226,PRCP,0,,,N,0800
US1TXAR0017,20221227,PRCP,0,,,N,0800
US1TXAR0017,20221228,PRCP,0,,,N,0800
US1TXAR0017,20221229,PRCP,0,,,N,0800
US1TXAR0017,20221230,PRCP,5,,,N,0800
US1TXAR0017,20221231,PRCP,0,,,N,0800
US1TXAR0017,20221201,SNOW,0,,,N,0800
US1TXAR0017,20221202,SNOW,0,,,N,0800
US1TXAR0017,20221203,SNOW,0,,,N,0800
US1TXAR0017,20221204,SNOW,0,,,N,0800
US1TXAR0017,20221205,SNOW,0,,,N,0800
US1TXAR0017,20221206,SNOW,0,,,N,0800
US1TXAR0017,20221207,SNOW,0,,,N,0800
US1TXAR0017,20221208,SNOW,0,,,N,0800
US1TXAR0017,20221209,SNOW,0,,,N,0800
US1TXAR0017,20221211,SNOW,0,,,N,0800
US1TXAR0017,20221212,SNOW,0,,,N,0800
US1TXAR0017,20221214,SNOW,0,,,N,0800
US1TXAR0017,20221215,SNOW,0,,,N,0800
US1TXAR0017,20221216,SNOW,0,,,N,0800
US1TXAR0017,20221218,SNOW,0,,,N,0800
US1TXAR0017,20221221,SNOW,0,,,N,0800
US1TXAR0017,20221222,SNOW,0,,,N,0800
US1TXAR0017,20221223,SNOW,0,,,N,0800
US1TXAR0017,20221224,SNOW,0,,,N,0800
US1TXAR0017,20221225,SNOW,0,,,N,0800
US1TXAR0017,20221226,SNOW,0,,,N,0800
US1TXAR0017,20221227,SNOW,0,,,N,0800
US1TXAR0017,20221228,SNOW,0,,,N,0800
US1TXAR0017,20221229,SNOW,0,,,N,0800
US1TXAR0017,20221231,SNOW,0,,,N,0800
US1TXAR0017,20230101,PRCP,0,,,N,0800
US1TXAR0017,20230102,PRCP,0,,,N,0800
US1TXAR0017,20230103,PRCP,0,,,N,0800
US1TXAR0017,20230104,PRCP,0,,,N,0800
US1TXAR0017,20230105,PRCP,0,,,N,0800
US1TXAR0017,20230106,PRCP,0,,,N,0800
US1TXAR0017,20230107,PRCP,0,,,N,0800
US1TXAR0017,20230108,PRCP,3,,,N,0800
US1TXAR0017,20230109,PRCP,0,,,N,0800
US1TXAR0017,20230110,PRCP,0,,,N,0800
US1TXAR0017,20230111,PRCP,0,,,N,0800
US1TXAR0017,20230112,PRCP,0,,,N,0800
US1TXAR0017,20230113,PRCP,0,,,N,0800
US1TXAR0017,20230114,PRCP,0,,,N,0800
US1TXAR0017,20230115,PRCP,0,,,N,0800
US1TXAR0017,20230116,PRCP,0,,,N,0800
US1TXAR0017,20230117,PRCP,0,,,N,0800
US1TXAR0017,20230118,PRCP,0,,,N,0800
US1TXAR0017,20230119,PRCP,0,,,N,0800
US1TXAR0017,20230120,PRCP,0,,,N,0800
US1TXAR0017,20230121,PRCP,0,,,N,0800
US1TXAR0017,20230122,PRCP,0,,,N,0800
US1TXAR0017,20230123,PRCP,0,,,N,0800
US1TXAR0017,20230124,PRCP,0,T,,N,0800
US1TXAR0017,20230125,PRCP,81,,,N,0800
US1TXAR0017,20230126,PRCP,0,,,N,0800
US1TXAR0017,20230127,PRCP,0,,,N,0800
US1TXAR0017,20230128,PRCP,28,,,N,0800
US1TXAR0017,20230129,PRCP,46,,,N,0800
US1TXAR0017,20230130,PRCP,3,,,N,0800
US1TXAR0017,20230131,PRCP,0,T,,N,0800
US1TXAR0017,20230101,SNOW,0,,,N,0800
US1TXAR0017,20230102,SNOW,0,,,N,0800
US1TXAR0017,20230103,SNOW,0,,,N,0800
US1TXAR0017,20230104,SNOW,0,,,N,0800
US1TXAR0017,20230105,SNOW,0,,,N,0800
US1TXAR0017,20230106,SNOW,0,,,N,0800
US1TXAR0017,20230107,SNOW,0,,,N,0800
US1TXAR0017,20230109,SNOW,0,,,N,0800
US1TXAR0017,20230110,SNOW,0,,,N,0800
US1TXAR0017,20230111,SNOW,0,,,N,0800
US1TXAR0017,20230112,SNOW,0,,,N,0800
US1TXAR0017,20230113,SNOW,0,,,N,0800
US1TXAR0017,20230114,SNOW,0,,,N,0800
US1TXAR0017,20230115,SNOW,0,,,N,0800
US1TXAR0017,20230116,SNOW,0,,,N,0800
US1TXAR0017,20230117,SNOW,0,,,N,0800
US1TXAR0017,20230118,SNOW,0,,,N,0800
US1TXAR0017,20230119,SNOW,0,,,N,0800
US1TXAR0017,20230120,SNOW,0,,,N,0800
US1TXAR0017,20230121,SNOW,0,,,N,0800
US1TXAR0017,20230122,SNOW,0,,,N,0800
US1TXAR0017,20230123,SNOW,0,,,N,0800
US1TXAR0017,20230127,SNOW,0,,,N,0800
US1TXAR0017,20230201,PRCP,5,,,N,0800
US1TXAR0017,20230202,PRCP,13,,,N,0800
US1TXAR0017,20230203,PRCP,5,,,N,0800
US1TXAR0017,20230206,PRCP,0,,,N,0800
US1TXAR0017,20230207,PRCP,0,,,N,0800
US1TXAR0017,20230208,PRCP,8,,,N,0800
US1TXAR0017,20230209,PRCP,58,,,N,0800
US1TXAR0017,20230210,PRCP,0,,,N,0800
US1TXAR0017,20230212,PRCP,0,,,N,0800
US1TXAR0017,20230213,PRCP,0,,,N,0800
US1TXAR0017,20230214,PRCP,0,,,N,0800
US1TXAR0017,20230215,PRCP,0,,,N,0800
US1TXAR0017,20230216,PRCP,43,,,N,0800
US1TXAR0017,20230217,PRCP,30,,,N,0800
US1TXAR0017,20230218,PRCP,0,,,N,0800
US1TXAR0017,20230219,PRCP,0,,,N,0800
US1TXAR0017,20230220,PRCP,3,,,N,0800
US1TXAR0017,20230221,PRCP,0,,,N,0800
US1TXAR0017,20230222,PRCP,0,,,N,0800
US1TXAR0017,20230223,PRCP,0,,,N,0800
US1TXAR0017,20230224,PRCP,0,,,N,0800
US1TXAR0017,20230227,PRCP,0,,,N,0800
US1TXAR0017,20230228,PRCP,0,,,N,0800
US1TXAR0017,20230206,SNOW,0,,,N,0800
US1TXAR0017,20230207,SNOW,0,,,N,0800
US1TXAR0017,20230210,SNOW,0,,,N,0800
US1TXAR0017,20230212,SNOW,0,,,N,0800
US1TXAR0017,20230213,SNOW,0,,,N,0800
US1TXAR0017,20230214,SNOW,0,,,N,0800
US1TXAR0017,20230215,SNOW,0,,,N,0800
US1TXAR0017,20230218,SNOW,0,,,N,0800
US1TXAR0017,20230219,SNOW,0,,,N,0800
US1TXAR0017,20230221,SNOW,0,,,N,0800
US1TXAR0017,20230222,SNOW,0,,,N,0800
US1TXAR0017,20230223,SNOW,0,,,N,0800
US1TXAR0017,20230224,SNOW,0,,,N,0800
US1TXAR0017,20230227,SNOW,0,,,N,0800
US1TXAR0017,20230228,SNOW,0,,,N,0800
US1TXAR0017,20230205,DAPR,2,,,N,0800
US1TXAR0017,20230226,DAPR,2,,,N,0800
US1TXAR0017,20230205,MDPR,0,,,N,0800
US1TXAR0017,20230226,MDPR,0,,,N,0800
US1TXAR0017,20230301,PRCP,0,,,N,0800
US1TXAR0017,20230302,PRCP,0,,,N,0800
US1TXAR0017,20230303,PRCP,10,,,N,0800
US1TXAR0017,20230304,PRCP,0,,,N,0800
US1TXAR0017,20230305,PRCP,0,,,N,0800
US1TXAR0017,20230306,PRCP,0,,,N,0800
US1TXAR0017,20230308,PRCP,0,,,N,0800
US1TXAR0017,20230309,PRCP,0,,,N,0800
US1TXAR0017,20230310,PRCP,0,,,N,0800
US1TXAR0017,20230311,PRCP,0,,,N,0800
US1TXAR0017,20230312,PRCP,0,,,N,0800
US1TXAR0017,20230313,PRCP,0,,,N,0800
US1TXAR0017,20230314,PRCP,0,,,N,0800
US1TXAR0017,20230315,PRCP,0,,,N,0800
US1TXAR0017,20230316,PRCP,0,,,N,0800
US1TXAR0017,20230317,PRCP,61,,,N,0800
US1TXAR0017,20230318,PRCP,0,,,N,0800
US1TXAR0017,20230319,PRCP,0,T,,N,0800
US1TXAR0017,20230320,PRCP,0,,,N,0800
US1TXAR0017,20230321,PRCP,0,T,,N,0800
US1TXAR0017,20230322,PRCP,5,,,N,0800
US1TXAR0017,20230323,PRCP,0,,,N,0800
US1TXAR0017,20230324,PRCP,0,,,N,0800
US1TXAR0017,20230327,PRCP,0,,,N,0800
US1TXAR0017,20230328,PRCP,0,T,,N,0800
US1TXAR0017,20230329,PRCP,3,,,N,0800
US1TXAR0017,20230330,PRCP,0,,,N,0800
US1TXAR0017,20230331,PRCP,0,,,N,0800
US1TXAR0017,20230301,SNOW,0,,,N,0800
US1TXAR0017,20230302,SNOW,0,,,N,0800
US1TXAR0017,20230303,SNOW,0,,,N,0800
US1TXAR0017,20230304,SNOW,0,,,N,0800
US1TXAR0017,20230305,SNOW,0,,,N,0800
US1TXAR0017,20230306,SNOW,0,,,N,0800
US1TXAR0017,20230308,SNOW,0,,,N,0800
US1TXAR0017,20230309,SNOW,0,,,N,0800
US1TXAR0017,20230310,SNOW,0,,,N,0800
US1TXAR0017,20230311,SNOW,0,,,N,0800
US1TXAR0017,20230312,SNOW,0,,,N,0800
US1TXAR0017,20230313,SNOW,0,,,N,0800
US1TXAR0017,20230314,SNOW,0,,,N,0800
US1TXAR0017,20230315,SNOW,0,,,N,0800
US1TXAR0017,20230316,SNOW,0,,,N,0800
US1TXAR0017,20230318,SNOW,0,,,N,0800
US1TXAR0017,20230320,SNOW,0,,,N,0800
US1TXAR0017,20230323,SNOW,0,,,N,0800
US1TXAR0017,20230324,SNOW,0,,,N,0800
US1TXAR0017,20230327,SNOW,0,,,N,0800
US1TXAR0017,20230330,SNOW,0,,,N,0800
US1TXAR0017,20230331,SNOW,0,,,N,0800
US1TXAR0017,20230326,DAPR,2,,,N,0800
US1TXAR0017,20230326,MDPR,3,,,N,0800
US1TXAR0017,20230401,PRCP,0,,,N,0800
US1TXAR0017,20230402,PRCP,0,,,N,0800
US1TXAR0017,20230403,PRCP,0,,,N,0800
US1TXAR0017,20230404,PRCP,0,,,N,0800
US1TXAR0017,20230405,PRCP,0,,,N,0800
US1TXAR0017,20230406,PRCP,81,,,N,0800
US1TXAR0017,20230407,PRCP,295,,,N,0800
US1TXAR0017,20230408,PRCP,239,,,N,0800
US1TXAR0017,20230409,PRCP,0,,,N,0800
US1TXAR0017,20230410,PRCP,0,,,N,0800
US1TXAR0017,20230411,PRCP,0,,,N,0800
US1TXAR0017,20230412,PRCP,0,,,N,0800
US1TXAR0017,20230413,PRCP,0,,,N,0800
US1TXAR0017,20230414,PRCP,0,,,N,0800
US1TXAR0017,20230416,PRCP,0,,,N,0800
US1TXAR0017,20230417,PRCP,0,,,N,0800
US1TXAR0017,20230418,PRCP,0,,,N,0800
US1TXAR0017,20230419,PRCP,3,,,N,0800
US1TXAR0017,20230421,PRCP,5,,,N,0800
US1TXAR0017,20230422,PRCP,0,,,N,0800
US1TXAR0017,20230423,PRCP,0,T,,N,0800
US1TXAR0017,20230424,PRCP,353,,,N,0800
US1TXAR0017,20230425,PRCP,8,,,N,0800
US1TXAR0017,20230426,PRCP,0,,,N,0800
US1TXAR0017,20230427,PRCP,0,T,,N,0800
US1TXAR0017,20230428,PRCP,13,,,N,0800
US1TXAR0017,20230429,PRCP,135,,,N,0800
US1TXAR0017,20230430,PRCP,0,,,N,0800
US1TXAR0017,20230401,SNOW,0,,,N,0800
US1TXAR0017,20230402,SNOW,0,,,N,0800
US1TXAR0017,20230403,SNOW,0,,,N,0800
US1TXAR0017,20230404,SNOW,0,,,N,0800
US1TXAR0017,20230405,SNOW,0,,,N,0800
US1TXAR0017,20230409,SNOW,0,,,N,0800
US1TXAR0017,20230410,SNOW,0,,,N,0800
US1TXAR0017,20230411,SNOW,0,,,N,0800
US1TXAR0017,20230412,SNOW,0,,,N,0800
US1TXAR0017,20230413,SNOW,0,,,N,0800
US1TXAR0017,20230414,SNOW,0,,,N,0800
US1TXAR0017,20230416,SNOW,0,,,N,0800
US1TXAR0017,20230417,SNOW,0,,,N,0800
US1TXAR0017,20230418,SNOW,0,,,N,0800
US1TXAR0017,20230422,SNOW,0,,,N,0800
US1TXAR0017,20230425,SNOW,0,,,N,0800
US1TXAR0017,20230426,SNOW,0,,,N,0800
US1TXAR0017,20230430,SNOW,0,,,N,0800
US1TXAR0017,20230501,PRCP,0,,,N,0800
US1TXAR0017,20230502,PRCP,0,,,N,0800
US1TXAR0017,20230504,PRCP,0,,,N,0800
US1TXAR0017,20230505,PRCP,0,,,N,0800
US1TXAR0017,20230506,PRCP,0,,,N,0800
US1TXAR0017,20230507,PRCP,0,,,N,0800
US1TXAR0017,20230514,PRCP,43,,,N,0800
US1TXAR0017,20230515,PRCP,0,,,N,0800
US1TXAR0017,20230516,PRCP,0,,,N,0800
US1TXAR0017,20230517,PRCP,495,,,N,0800
US1TXAR0017,20230518,PRCP,0,,,N,0800
US1TXAR0017,20230519,PRCP,0,,,N,0800
US1TXAR0017,20230522,PRCP,0,,,N,0800
US1TXAR0017,20230523,PRCP,0,,,N,0800
US1TXAR0017,20230524,PRCP,0,,,N,0800
US1TXAR0017,20230526,PRCP,0,,,N,0800
US1TXAR0017,20230527,PRCP,0,,,N,0800
US1TXAR0017,20230528,PRCP,0,,,N,0800
US1TXAR0017,20230529,PRCP,0,,,N,0800
US1TXAR0017,20230530,PRCP,10,,,N,0800
US1TXAR0017,20230531,PRCP,8,,,N,0800
US1TXAR0017,20230501,SNOW,0,,,N,0800
US1TXAR0017,20230502,SNOW,0,,,N,0800
US1TXAR0017,20230504,SNOW,0,,,N,0800
US1TXAR0017,20230505,SNOW,0,,,N,0800
US1TXAR0017,20230506,SNOW,0,,,N,0800
US1TXAR0017,20230507,SNOW,0,,,N,0800
US1TXAR0017,20230515,SNOW,0,,,N,0800
US1TXAR0017,20230516,SNOW,0,,,N,0800
US1TXAR0017,20230518,SNOW,0,,,N,0800
US1TXAR0017,20230519,SNOW,0,,,N,0800
US1TXAR0017,20230522,SNOW,0,,,N,0800
US1TXAR0017,20230523,SNOW,0,,,N,0800
US1TXAR0017,20230524,SNOW,0,,,N,0800
US1TXAR0017,20230526,SNOW,0,,,N,0800
US1TXAR0017,20230527,SNOW,0,,,N,0800
US1TXAR0017,20230528,SNOW,0,,,N,0800
US1TXAR0017,20230529,SNOW,0,,,N,0800
US1TXAR0017,20230513,DAPR,6,,,N,0800
US1TXAR0017,20230521,DAPR,2,,,N,0800
US1TXAR0017,20230513,MDPR,798,,,N,0800
US1TXAR0017,20230521,MDPR,10,,,N,0800
US1TXAR0017,20230601,PRCP,0,,,N,0800
US1TXAR0017,20230602,PRCP,0,,,N,0800
US1TXAR0017,20230603,PRCP,0,,,N,0800
US1TXAR0017,20230604,PRCP,0,,,N,0800
US1TXAR0017,20230605,PRCP,0,,,N,0800
US1TXAR0017,20230606,PRCP,135,,,N,0800
US1TXAR0017,20230607,PRCP,0,,,N,0800
US1TXAR0017,20230608,PRCP,0,,,N,0800
US1TXAR0017,20230609,PRCP,0,,,N,0800
US1TXAR0017,20230610,PRCP,0,,,N,0800
US1TXAR0017,20230611,PRCP,0,,,N,0800
US1TXAR0017,20230612,PRCP,0,,,N,0800
US1TXAR0017,20230614,PRCP,0,,,N,0800
US1TXAR0017,20230616,PRCP,0,,,N,0800
US1TXAR0017,20230617,PRCP,0,,,N,0800
US1TXAR0017,20230618,PRCP,0,,,N,0800
US1TXAR0017,20230619,PRCP,0,,,N,0800
US1TXAR0017,20230620,PRCP,0,,,N,0800
US1TXAR0017,20230621,PRCP,0,,,N,0800
US1TXAR0017,20230622,PRCP,0,,,N,0800
US1TXAR0017,20230623,PRCP,0,,,N,0800
US1TXAR0017,20230624,PRCP,0,,,N,0800
US1TXAR0017,20230625,PRCP,0,,,N,0800
US1TXAR0017,20230626,PRCP,0,,,N,0800
US1TXAR0017,20230627,PRCP,0,,,N,0800
US1TXAR0017,20230628,PRCP,0,,,N,0800
US1TXAR0017,20230629,PRCP,0,,,N,0800
US1TXAR0017,20230630,PRCP,0,,,N,0800
US1TXAR0017,20230601,SNOW,0,,,N,0800
US1TXAR0017,20230602,SNOW,0,,,N,0800
US1TXAR0017,20230603,SNOW,0,,,N,0800
US1TXAR0017,20230604,SNOW,0,,,N,0800
US1TXAR0017,20230605,SNOW,0,,,N,0800
US1TXAR0017,20230607,SNOW,0,,,N,0800
US1TXAR0017,20230608,SNOW,0,,,N,0800
US1TXAR0017,20230609,SNOW,0,,,N,0800
US1TXAR0017,20230610,SNOW,0,,,N,0800
US1TXAR0017,20230611,SNOW,0,,,N,0800
US1TXAR0017,20230612,SNOW,0,,,N,0800
US1TXAR0017,20230614,SNOW,0,,,N,0800
US1TXAR0017,20230616,SNOW,0,,,N,0800
US1TXAR0017,20230617,SNOW,0,,,N,0800
US1TXAR0017,20230618,SNOW,0,,,N,0800
US1TXAR0017,20230619,SNOW,0,,,N,0800
US1TXAR0017,20230620,SNOW,0,,,N,0800
US1TXAR0017,20230621,SNOW,0,,,N,0800
US1TXAR0017,20230622,SNOW,0,,,N,0800
US1TXAR0017,20230623,SNOW,0,,,N,0800
US1TXAR0017,20230624,SNOW,0,,,N,0800
US1TXAR0017,20230625,SNOW,0,,,N,0800
US1TXAR0017,20230626,SNOW,0,,,N,0800
US1TXAR0017,20230627,SNOW,0,,,N,0800
US1TXAR0017,20230628,SNOW,0,,,N,0800
US1TXAR0017,20230629,SNOW,0,,,N,0800
US1TXAR0017,20230630,SNOW,0,,,N,0800
US1TXAR0017,20230701,PRCP,0,,,N,0800
US1TXAR0017,20230702,PRCP,0,,,N,0800
US1TXAR0017,20230703,PRCP,0,,,N,0800
US1TXAR0017,20230705,PRCP,0,,,N,0800
US1TXAR0017,20230706,PRCP,10,,,N,0800
US1TXAR0017,20230707,PRCP,84,,,N,0800
US1TXAR0017,20230708,PRCP,0,,,N,0800
US1TXAR0017,20230709,PRCP,0,,,N,0800
US1TXAR0017,20230710,PRCP,0,,,N,0800
US1TXAR0017,20230711,PRCP,0,,,N,0800
US1TXAR0017,20230712,PRCP,0,,,N,0800
US1TXAR0017,20230713,PRCP,0,,,N,0800
US1TXAR0017,20230714,PRCP,0,,,N,0800
US1TXAR0017,20230715,PRCP,0,,,N,0800
US1TXAR0017,20230716,PRCP,0,,,N,0800
US1TXAR0017,20230717,PRCP,0,,,N,0800
US1TXAR0017,20230718,PRCP,0,,,N,0800
US1TXAR0017,20230721,PRCP,0,,,N,0800
US1TXAR0017,20230722,PRCP,0,,,N,0800
US1TXAR0017,20230724,PRCP,0,,,N,0800
US1TXAR0017,20230725,PRCP,0,,,N,0800
US1TXAR0017,20230726,PRCP,0,,,N,0800
US1TXAR0017,20230727,PRCP,0,,,N,0800
US1TXAR0017,20230728,PRCP,0,,,N,0800
US1TXAR0017,20230729,PRCP,0,,,N,0800
US1TXAR0017,20230731,PRCP,0,,,N,0800
US1TXAR0017,20230701,SNOW,0,,,N,0800
US1TXAR0017,20230702,SNOW,0,,,N,0800
US1TXAR0017,20230703,SNOW,0,,,N,0800
US1TXAR0017,20230705,SNOW,0,,,N,0800
US1TXAR0017,20230708,SNOW,0,,,N,0800
US1TXAR0017,20230709,SNOW,0,,,N,0800
US1TXAR0017,20230710,SNOW,0,,,N,0800
US1TXAR0017,20230711,SNOW,0,,,N,0800
US1TXAR0017,20230712,SNOW,0,,,N,0800
US1TXAR0017,20230713,SNOW,0,,,N,0800
US1TXAR0017,20230714,SNOW,0,,,N,0800
US1TXAR0017,20230715,SNOW,0,,,N,0800
US1TXAR0017,20230716,SNOW,0,,,N,0800
US1TXAR0017,20230717,SNOW,0,,,N,0800
US1TXAR0017,20230718,SNOW,0,,,N,0800
US1TXAR0017,20230721,SNOW,0,,,N,0800
US1TXAR0017,20230722,SNOW,0,,,N,0800
US1TXAR0017,20230724,SNOW,0,,,N,0800
US1TXAR0017,20230725,SNOW,0,,,N,0800
US1TXAR0017,20230726,SNOW,0,,,N,0800
US1TXAR0017,20230727,SNOW,0,,,N,0800
US1TXAR0017,20230728,SNOW,0,,,N,0800
US1TXAR0017,20230729,SNOW,0,,,N,0800
US1TXAR0017,20230731,SNOW,0,,,N,0800
US1TXAR0017,20230720,DAPR,2,,,N,0800
US1TXAR0017,20230720,MDPR,0,,,N,0800
US1TXAR0017,20230801,PRCP,0,,,N,0800
US1TXAR0017,20230802,PRCP,0,,,N,0800
US1TXAR0017,20230803,PRCP,0,,,N,0800
US1TXAR0017,20230804,PRCP,0,,,N,0800
US1TXAR0017,20230805,PRCP,0,,,N,0800
US1TXAR0017,20230806,PRCP,0,,,N,0800
US1TXAR0017,20230807,PRCP,0,,,N,0800
US1TXAR0017,20230808,PRCP,0,,,N,0800
US1TXAR0017,20230809,PRCP,0,,,N,0800
US1TXAR0017,20230810,PRCP,0,,,N,0800
US1TXAR0017,20230811,PRCP,0,,,N,0800
US1TXAR0017,20230812,PRCP,0,,,N,0800
US1TXAR0017,20230813,PRCP,0,,,N,0800
US1TXAR0017,20230814,PRCP,0,,,N,0800
US1TXAR0017,20230815,PRCP,0,,,N,0800
US1TXAR0017,20230816,PRCP,0,,,N,0800
US1TXAR0017,20230817,PRCP,0,,,N,0800
US1TXAR0017,20230818,PRCP,0,,,N,0800
US1TXAR0017,20230819,PRCP,0,,,N,0800
US1TXAR0017,20230820,PRCP,0,,,N,0800
US1TXAR0017,20230821,PRCP,0,,,N,0800
US1TXAR0017,20230822,PRCP,61,,,N,0800
US1TXAR0017,20230823,PRCP,274,,,N,0800
US1TXAR0017,20230825,PRCP,0,,,N,0800
US1TXAR0017,20230826,PRCP,0,,,N,0800
US1TXAR0017,20230827,PRCP,0,,,N,0800
US1TXAR0017,20230828,PRCP,0,,,N,0800
US1TXAR0017,20230829,PRCP,0,,,N,0800
US1TXAR0017,20230830,PRCP,0,,,N,0800
US1TXAR0017,20230831,PRCP,0,,,N,0800
US1TXAR0017,20230801,SNOW,0,,,N,0800
US1TXAR0017,20230802,SNOW,0,,,N,0800
US1TXAR0017,20230803,SNOW,0,,,N,0800
US1TXAR0017,20230804,SNOW,0,,,N,0800
US1TXAR0017,20230805,SNOW,0,,,N,0800
US1TXAR0017,20230806,SNOW,0,,,N,0800
US1TXAR0017,20230807,SNOW,0,,,N,0800
US1TXAR0017,20230808,SNOW,0,,,N,0800
US1TXAR0017,20230809,SNOW,0,,,N,0800
US1TXAR0017,20230810,SNOW,0,,,N,0800
US1TXAR0017,20230811,SNOW,0,,,N,0800
US1TXAR0017,20230812,SNOW,0,,,N,0800
US1TXAR0017,20230813,SNOW,0,,,N,0800
US1TXAR0017,20230814,SNOW,0,,,N,0800
US1TXAR0017,20230815,SNOW,0,,,N,0800
US1TXAR0017,20230816,SNOW,0,,,N,0800
US1TXAR0017,20230817,SNOW,0,,,N,0800
US1TXAR0017,20230818,SNOW,0,,,N,0800
US1TXAR0017,20230819,SNOW,0,,,N,0800
US1TXAR0017,20230820,SNOW,0,,,N,0800
US1TXAR0017,20230821,SNOW,0,,,N,0800
US1TXAR0017,20230825,SNOW,0,,,N,0800
US1TXAR0017,20230826,SNOW,0,,,N,0800
US1TXAR0017,20230827,SNOW,0,,,N,0800
US1TXAR0017,20230828,SNOW,0,,,N,0800
US1TXAR0017,20230829,SNOW,0,,,N,0800
US1TXAR0017,20230830,SNOW,0,,,N,0800
US1TXAR0017,20230831,SNOW,0,,,N,0800
US1TXAR0017,20230901,PRCP,0,,,N,0800
US1TXAR0017,20230902,PRCP,0,,,N,0800
US1TXAR0017,20230903,PRCP,0,,,N,0800
US1TXAR0017,20230904,PRCP,0,,,N,0800
US1TXAR0017,20230906,PRCP,0,,,N,0800
US1TXAR0017,20230907,PRCP,0,,,N,0800
US1TXAR0017,20230908,PRCP,0,,,N,0800
US1TXAR0017,20230909,PRCP,0,,,N,0800
US1TXAR0017,20230910,PRCP,20,,,N,0800
US1TXAR0017,20230911,PRCP,0,,,N,0800
US1TXAR0017,20230912,PRCP,0,,,N,0800
US1TXAR0017,20230913,PRCP,0,,,N,0800
US1TXAR0017,20230915,PRCP,0,,,N,0800
US1TXAR0017,20230916,PRCP,13,,,N,0800
US1TXAR0017,20230917,PRCP,15,,,N,0800
US1TXAR0017,20230918,PRCP,0,,,N,0800
US1TXAR0017,20230919,PRCP,0,,,N,0800
US1TXAR0017,20230920,PRCP,0,,,N,0800
US1TXAR0017,20230921,PRCP,0,,,N,0800
US1TXAR0017,20230922,PRCP,0,,,N,0800
US1TXAR0017,20230923,PRCP,0,,,N,0800
US1TXAR0017,20230924,PRCP,0,,,N,0800
US1TXAR0017,20230925,PRCP,0,,,N,0800
US1TXAR0017,20230926,PRCP,5,,,N,0800
US1TXAR0017,20230927,PRCP,0,,,N,0800
US1TXAR0017,20230928,PRCP,3,,,N,0800
US1TXAR0017,20230929,PRCP,0,,,N,0800
US1TXAR0017,20230930,PRCP,3,,,N,0800
US1TXAR0017,20230901,SNOW,0,,,N,0800
US1TXAR0017,20230902,SNOW,0,,,N,0800
US1TXAR0017,20230903,SNOW,0,,,N,0800
US1TXAR0017,20230904,SNOW,0,,,N,0800
US1TXAR0017,20230906,SNOW,0,,,N,0800
US1TXAR0017,20230907,SNOW,0,,,N,0800
US1TXAR0017,20230908,SNOW,0,,,N,0800
US1TXAR0017,20230909,SNOW,0,,,N,0800
US1TXAR0017,20230911,SNOW,0,,,N,0800
US1TXAR0017,20230912,SNOW,0,,,N,0800
US1TXAR0017,20230913,SNOW,0,,,N,0800
US1TXAR0017,20230915,SNOW,0,,,N,0800
US1TXAR0017,20230918,SNOW,0,,,N,0800
US1TXAR0017,20230919,SNOW,0,,,N,0800
US1TXAR0017,20230920,SNOW,0,,,N,0800
US1TXAR0017,20230921,SNOW,0,,,N,0800
US1TXAR0017,20230922,SNOW,0,,,N,0800
US1TXAR0017,20230923,SNOW,0,,,N,0800
US1TXAR0017,20230924,SNOW,0,,,N,0800
US1TXAR0017,20230925,SNOW,0,,,N,0800
US1TXAR0017,20230927,SNOW,0,,,N,0800
US1TXAR0017,20230929,SNOW,0,,,N,0800
US1TXAR0017,20231001,PRCP,173,,,N,0800
US1TXAR0017,20231002,PRCP,152,,,N,0800
US1TXAR0017,20231003,PRCP,0,,,N,0800
US1TXAR0017,20231004,PRCP,0,,,N,0800
US1TXAR0017,20231005,PRCP,0,T,,N,0800
US1TXAR0017,20231006,PRCP,307,,,N,0800
US1TXAR0017,20231007,PRCP,0,,,N,0800
US1TXAR0017,20231008,PRCP,0,,,N,0800
US1TXAR0017,20231009,PRCP,0,,,N,0800
US1TXAR0017,20231010,PRCP,28,,,N,0800
US1TXAR0017,20231011,PRCP,150,,,N,0800
US1TXAR0017,20231012,PRCP,10,,,N,0800
US1TXAR0017,20231013,PRCP,0,,,N,0800
US1TXAR0017,20231014,PRCP,0,,,N,0800
US1TXAR0017,20231015,PRCP,0,,,N,0800
US1TXAR0017,20231016,PRCP,0,,,N,0800
US1TXAR0017,20231017,PRCP,0,,,N,0800
US1TXAR0017,20231018,PRCP,0,,,N,0800
US1TXAR0017,20231019,PRCP,0,,,N,0800
US1TXAR0017,20231020,PRCP,0,,,N,0800
US1TXAR0017,20231021,PRCP,0,,,N,0800
US1TXAR0017,20231022,PRCP,0,,,N,0800
US1TXAR0017,20231023,PRCP,0,,,N,0800
US1TXAR0017,20231024,PRCP,5,,,N,0800
US1TXAR0017,20231025,PRCP,0,,,N,0800
US1TXAR0017,20231026,PRCP,0,,,N,0800
US1TXAR0017,20231027,PRCP,0,T,,N,0800
US1TXAR0017,20231031,PRCP,8,,,N,0800
US1TXAR0017,20231003,SNOW,0,,,N,0800
US1TXAR0017,20231004,SNOW,0,,,N,0800
US1TXAR0017,20231007,SNOW,0,,,N,0800
US1TXAR0017,20231008,SNOW,0,,,N,0800
US1TXAR0017,20231009,SNOW,0,,,N,0800
US1TXAR0017,20231013,SNOW,0,,,N,0800
US1TXAR0017,20231014,SNOW,0,,,N,0800
US1TXAR0017,20231015,SNOW,0,,,N,0800
US1TXAR0017,20231016,SNOW,0,,,N,0800
US1TXAR0017,20231017,SNOW,0,,,N,0800
US1TXAR0017,20231018,SNOW,0,,,N,0800
US1TXAR0017,20231019,SNOW,0,,,N,0800
US1TXAR0017,20231020,SNOW,0,,,N,0800
US1TXAR0017,20231021,SNOW,0,,,N,0800
US1TXAR0017,20231022,SNOW,0,,,N,0800
US1TXAR0017,20231023,SNOW,0,,,N,0800
US1TXAR0017,20231025,SNOW,0,,,N,0800
US1TXAR0017,20231026,SNOW,0,,,N,0800
US1TXAR0017,20231030,DAPR,3,,,N,0800
US1TXAR0017,20231030,MDPR,69,,,N,0800
US1TXAR0017,20231101,PRCP,0,,,N,0800
US1TXAR0017,20231102,PRCP,0,,,N,0800
US1TXAR0017,20231104,PRCP,0,,,N,0800
US1TXAR0017,20231105,PRCP,0,,,N,0800
US1TXAR0017,20231106,PRCP,0,,,N,0800
US1TXAR0017,20231108,PRCP,0,,,N,0800
US1TXAR0017,20231109,PRCP,0,,,N,0800
US1TXAR0017,20231110,PRCP,43,,,N,0800
US1TXAR0017,20231111,PRCP,163,,,N,0800
US1TXAR0017,20231112,PRCP,48,,,N,0800
US1TXAR0017,20231113,PRCP,485,,,N,0800
US1TXAR0017,20231114,PRCP,122,,,N,0800
US1TXAR0017,20231115,PRCP,0,,,N,0800
US1TXAR0017,20231116,PRCP,0,,,N,0800
US1TXAR0017,20231117,PRCP,0,,,N,0800
US1TXAR0017,20231118,PRCP,0,,,N,0800
US1TXAR0017,20231119,PRCP,0,,,N,0800
US1TXAR0017,20231120,PRCP,0,,,N,0800
US1TXAR0017,20231121,PRCP,0,,,N,0800
US1TXAR0017,20231122,PRCP,0,,,N,0800
US1TXAR0017,20231123,PRCP,0,T,,N,0800
US1TXAR0017,20231124,PRCP,3,,,N,0800
US1TXAR0017,20231125,PRCP,0,,,N,0800
US1TXAR0017,20231126,PRCP,0,,,N,0800
US1TXAR0017,20231127,PRCP,0,,,N,0800
US1TXAR0017,20231128,PRCP,0,,,N,0800
US1TXAR0017,20231129,PRCP,0,,,N,0800
US1TXAR0017,20231130,PRCP,61,,,N,0800
US1TXAR0017,20231101,SNOW,0,,,N,0800
US1TXAR0017,20231102,SNOW,0,,,N,0800
US1TXAR0017,20231104,SNOW,0,,,N,0800
US1TXAR0017,20231105,SNOW,0,,,N,0800
US1TXAR0017,20231106,SNOW,0,,,N,0800
US1TXAR0017,20231108,SNOW,0,,,N,0800
US1TXAR0017,20231109,SNOW,0,,,N,0800
US1TXAR0017,20231115,SNOW,0,,,N,0800
US1TXAR0017,20231116,SNOW,0,,,N,0800
US1TXAR0017,20231117,SNOW,0,,,N,0800
US1TXAR0017,20231118,SNOW,0,,,N,0800
US1TXAR0017,20231119,SNOW,0,,,N,0800
US1TXAR0017,20231120,SNOW,0,,,N,0800
US1TXAR0017,20231121,SNOW,0,,,N,0800
US1TXAR0017,20231122,SNOW,0,,,N,0800
US1TXAR0017,20231125,SNOW,0,,,N,0800
US1TXAR0017,20231126,SNOW,0,,,N,0800
US1TXAR0017,20231127,SNOW,0,,,N,0800
US1TXAR0017,20231128,SNOW,0,,,N,0800
US1TXAR0017,20231129,SNOW,0,,,N,0800
US1TXAR0017,20231201,PRCP,10,,,N,0800
US1TXAR0017,20231202,PRCP,10,,,N,0800
US1TXAR0017,20231203,PRCP,0,,,N,0800
US1TXAR0017,20231204,PRCP,0,,,N,0800
US1TXAR0017,20231205,PRCP,0,,,N,0800
US1TXAR0017,20231206,PRCP,0,,,N,0800
US1TXAR0017,20231207,PRCP,0,,,N,0800
US1TXAR0017,20231208,PRCP,5,,,N,0800
US1TXAR0017,20231209,PRCP,0,,,N,0800
US1TXAR0017,20231210,PRCP,0,T,,N,0800
US1TXAR0017,20231211,PRCP,0,,,N,0800
US1TXAR0017,20231212,PRCP,0,,,N,0800
US1TXAR0017,20231213,PRCP,0,,,N,0800
US1TXAR0017,20231214,PRCP,8,,,N,0800
US1TXAR0017,20231215,PRCP,5,,,N,0800
US1TXAR0017,20231216,PRCP,0,T,,N,0800
US1TXAR0017,20231217,PRCP,0,,,N,0800
US1TXAR0017,20231218,PRCP,0,,,N,0800
US1TXAR0017,20231219,PRCP,0,,,N,0800
US1TXAR0017,20231220,PRCP,0,,,N,0800
US1TXAR0017,20231221,PRCP,0,,,N,0800
US1TXAR0017,20231222,PRCP,3,,,N,0800
US1TXAR0017,20231223,PRCP,0,,,N,0800
US1TXAR0017,20231224,PRCP,145,,,N,0800
US1TXAR0017,20231225,PRCP,0,,,N,0800
US1TXAR0017,20231226,PRCP,0,,,N,0800
US1TXAR0017,20231227,PRCP,0,,,N,0800
US1TXAR0017,20231229,PRCP,0,,,N,0800
US1TXAR0017,20231230,PRCP,0,,,N,0800
US1TXAR0017,20231231,PRCP,0,,,N,0800
US1TXAR0017,20231203,SNOW,0,,,N,0800
US1TXAR0017,20231204,SNOW,0,,,N,0800
US1TXAR0017,20231205,SNOW,0,,,N,0800
US1TXAR0017,20231206,SNOW,0,,,N,0800
US1TXAR0017,20231207,SNOW,0,,,N,0800
US1TXAR0017,20231208,SNOW,0,,,N,0800
US1TXAR0017,20231209,SNOW,0,,,N,0800
US1TXAR0017,20231211,SNOW,0,,,N,0800
US1TXAR0017,20231212,SNOW,0,,,N,0800
US1TXAR0017,20231213,SNOW,0,,,N,0800
US1TXAR0017,20231217,SNOW,0,,,N,0800
US1TXAR0017,20231218,SNOW,0,,,N,0800
US1TXAR0017,20231219,SNOW,0,,,N,0800
US1TXAR0017,20231221,SNOW,0,,,N,0800
US1TXAR0017,20231222,SNOW,0,,,N,0800
US1TXAR0017,20231223,SNOW,0,,,N,0800
US1TXAR0017,20231225,SNOW,0,,,N,0800
US1TXAR0017,20231226,SNOW,0,,,N,0800
US1TXAR0017,20231227,SNOW,0,,,N,0800
US1TXAR0017,20231229,SNOW,0,,,N,0800
US1TXAR0017,20231230,SNOW,0,,,N,0800
US1TXAR0017,20231231,SNOW,0,,,N,0800
US1TXAR0017,20240101,PRCP,0,,,N,0800
US1TXAR0017,20240102,PRCP,0,,,N,0800
US1TXAR0017,20240103,PRCP,572,,,N,0800
US1TXAR0017,20240104,PRCP,0,,,N,0800
US1TXAR0017,20240105,PRCP,239,,,N,0800
US1TXAR0017,20240106,PRCP,0,,,N,0800
US1TXAR0017,20240107,PRCP,0,,,N,0800
US1TXAR0017,20240108,PRCP,0,,,N,0800
US1TXAR0017,20240109,PRCP,0,,,N,0800
US1TXAR0017,20240110,PRCP,0,,,N,0800
US1TXAR0017,20240111,PRCP,0,,,N,0800
US1TXAR0017,20240112,PRCP,0,,,N,0800
US1TXAR0017,20240113,PRCP,0,,,N,0800
US1TXAR0017,20240114,PRCP,0,,,N,0800
US1TXAR0017,20240115,PRCP,0,,,N,0800
US1TXAR0017,20240117,PRCP,0,,,N,0800
US1TXAR0017,20240118,PRCP,0,,,N,0800
US1TXAR0017,20240119,PRCP,0,,,N,0800
US1TXAR0017,20240121,PRCP,0,,,N,0800
US1TXAR0017,20240122,PRCP,295,,,N,0800
US1TXAR0017,20240123,PRCP,53,,,N,0800
US1TXAR0017,20240124,PRCP,0,,,N,0800
US1TXAR0017,20240125,PRCP,409,,,N,0800
US1TXAR0017,20240126,PRCP,0,,,N,0800
US1TXAR0017,20240129,PRCP,0,,,N,0800
US1TXAR0017,20240130,PRCP,0,,,N,0800
US1TXAR0017,20240101,SNOW,0,,,N,0800
US1TXAR0017,20240102,SNOW,0,,,N,0800
US1TXAR0017,20240104,SNOW,0,,,N,0800
US1TXAR0017,20240106,SNOW,0,,,N,0800
US1TXAR0017,20240107,SNOW,0,,,N,0800
US1TXAR0017,20240108,SNOW,0,,,N,0800
US1TXAR0017,20240109,SNOW,0,,,N,0800
US1TXAR0017,20240110,SNOW,0,,,N,0800
US1TXAR0017,20240111,SNOW,0,,,N,0800
US1TXAR0017,20240112,SNOW,0,,,N,0800
US1TXAR0017,20240113,SNOW,0,,,N,0800
US1TXAR0017,20240114,SNOW,0,,,N,0800
US1TXAR0017,20240115,SNOW,0,,,N,0800
US1TXAR0017,20240117,SNOW,0,,,N,0800
US1TXAR0017,20240118,SNOW,0,,,N,0800
US1TXAR0017,20240119,SNOW,0,,,N,0800
US1TXAR0017,20240121,SNOW,0,,,N,0800
US1TXAR0017,20240124,SNOW,0,,,N,0800
US1TXAR0017,20240126,SNOW,0,,,N,0800
US1TXAR0017,20240129,SNOW,0,,,N,0800
US1TXAR0017,20240130,SNOW,0,,,N,0800
US1TXAR0017,20240128,DAPR,2,,,N,0800
US1TXAR0017,20240128,MDPR,3,,,N,0800
US1TXAR0017,20240201,PRCP,0,,,N,0800
US1TXAR0017,20240202,PRCP,0,,,N,0800
US1TXAR0017,20240203,PRCP,368,,,N,0800
US1TXAR0017,20240204,PRCP,0,,,N,0800
US1TXAR0017,20240205,PRCP,0,,,N,0800
US1TXAR0017,20240206,PRCP,0,,,N,0800
US1TXAR0017,20240207,PRCP,0,,,N,0800
US1TXAR0017,20240208,PRCP,0,,,N,0800
US1TXAR0017,20240209,PRCP,0,,,N,0800
US1TXAR0017,20240210,PRCP,36,,,N,0800
US1TXAR0017,20240211,PRCP,0,,,N,0800
US1TXAR0017,20240212,PRCP,3,,,N,0800
US1TXAR0017,20240213,PRCP,0,,,N,0800
US1TXAR0017,20240214,PRCP,0,,,N,0800
US1TXAR0017,20240215,PRCP,0,,,N,0800
US1TXAR0017,20240216,PRCP,15,,,N,0800
US1TXAR0017,20240217,PRCP,28,,,N,0800
US1TXAR0017,20240218,PRCP,0,,,N,0800
US1TXAR0017,20240219,PRCP,0,,,N,0800
US1TXAR0017,20240220,PRCP,0,,,N,0800
US1TXAR0017,20240221,PRCP,0,,,N,0800
US1TXAR0017,20240222,PRCP,0,,,N,0800
US1TXAR0017,20240224,PRCP,0,,,N,0800
US1TXAR0017,20240225,PRCP,0,,,N,0800
US1TXAR0017,20240226,PRCP,0,,,N,0800
US1TXAR0017,20240227,PRCP,0,,,N,0800
US1TXAR0017,20240228,PRCP,0,,,N,0800
US1TXAR0017,20240229,PRCP,0,,,N,0800
US1TXAR0017,20240201,SNOW,0,,,N,0800
US1TXAR0017,20240202,SNOW,0,,,N,0800
US1TXAR0017,20240204,SNOW,0,,,N,0800
US1TXAR0017,20240205,SNOW,0,,,N,0800
US1TXAR0017,20240206,SNOW,0,,,N,0800
US1TXAR0017,20240207,SNOW,0,,,N,0800
US1TXAR0017,20240208,SNOW,0,,,N,0800
US1TXAR0017,20240209,SNOW,0,,,N,0800
US1TXAR0017,20240211,SNOW,0,,,N,0800
US1TXAR0017,20240213,SNOW,0,,,N,0800
US1TXAR0017,20240214,SNOW,0,,,N,0800
US1TXAR0017,20240215,SNOW,0,,,N,0800
US1TXAR0017,20240218,SNOW,0,,,N,0800
US1TXAR0017,20240219,SNOW,0,,,N,0800
US1TXAR0017,20240220,SNOW,0,,,N,0800
US1TXAR0017,20240221,SNOW,0,,,N,0800
US1TXAR0017,20240222,SNOW,0,,,N,0800
US1TXAR0017,20240224,SNOW,0,,,N,0800
US1TXAR0017,20240225,SNOW,0,,,N,0800
US1TXAR0017,20240226,SNOW,0,,,N,0800
US1TXAR0017,20240227,SNOW,0,,,N,0800
US1TXAR0017,20240228,SNOW,0,,,N,0800
US1TXAR0017,20240229,SNOW,0,,,N,0800
US1TXAR0017,20240301,PRCP,0,,,N,0800
US1TXAR0017,20240302,PRCP,0,,,N,0800
US1TXAR0017,20240303,PRCP,0,,,N,0800
US1TXAR0017,20240304,PRCP,0,,,N,0800
US1TXAR0017,20240305,PRCP,0,,,N,0800
US1TXAR0017,20240306,PRCP,0,,,N,0800
US1TXAR0017,20240307,PRCP,0,,,N,0800
US1TXAR0017,20240308,PRCP,0,T,,N,0800
US1TXAR0017,20240309,PRCP,0,,,N,0800
US1TXAR0017,20240310,PRCP,0,,,N,0800
US1TXAR0017,20240311,PRCP,0,,,N,0800
US1TXAR0017,20240312,PRCP,0,,,N,0800
US1TXAR0017,20240313,PRCP,0,,,N,0800
US1TXAR0017,20240316,PRCP,28,,,N,0800
US1TXAR0017,20240317,PRCP,470,,,N,0800
US1TXAR0017,20240318,PRCP,3,,,N,0800
US1TXAR0017,20240319,PRCP,0,,,N,0800
US1TXAR0017,20240320,PRCP,13,,,N,0800
US1TXAR0017,20240321,PRCP,147,,,N,0800
US1TXAR0017,20240322,PRCP,122,,,N,0800
US1TXAR0017,20240323,PRCP,0,,,N,0800
US1TXAR0017,20240324,PRCP,0,,,N,0800
US1TXAR0017,20240325,PRCP,0,,,N,0800
US1TXAR0017,20240326,PRCP,0,,,N,0800
US1TXAR0017,20240327,PRCP,0,,,N,0800
US1TXAR0017,20240328,PRCP,0,,,N,0800
US1TXAR0017,20240329,PRCP,0,,,N,0800
US1TXAR0017,20240330,PRCP,0,,,N,0800
US1TXAR0017,20240331,PRCP,0,,,N,0800
US1TXAR0017,20240301,SNOW,0,,,N,0800
US1TXAR0017,20240302,SNOW,0,,,N,0800
US1TXAR0017,20240303,SNOW,0,,,N,0800
US1TXAR0017,20240304,SNOW,0,,,N,0800
US1TXAR0017,20240305,SNOW,0,,,N,0800
US1TXAR0017,20240306,SNOW,0,,,N,0800
US1TXAR0017,20240307,SNOW,0,,,N,0800
US1TXAR0017,20240309,SNOW,0,,,N,0800
US1TXAR0017,20240310,SNOW,0,,,N,0800
US1TXAR0017,20240311,SNOW,0,,,N,0800
US1TXAR0017,20240312,SNOW,0,,,N,0800
US1TXAR0017,20240313,SNOW,0,,,N,0800
US1TXAR0017,20240319,SNOW,0,,,N,0800
US1TXAR0017,20240323,SNOW,0,,,N,0800
US1TXAR0017,20240324,SNOW,0,,,N,0800
US1TXAR0017,20240325,SNOW,0,,,N,0800
US1TXAR0017,20240326,SNOW,0,,,N,0800
US1TXAR0017,20240327,SNOW,0,,,N,0800
US1TXAR0017,20240328,SNOW,0,,,N,0800
US1TXAR0017,20240329,SNOW,0,,,N,0800
US1TXAR0017,20240330,SNOW,0,,,N,0800
US1TXAR0017,20240331,SNOW,0,,,N,0800
US1TXAR0017,20240401,PRCP,0,,,N,0800
US1TXAR0017,20240402,PRCP,0,,,N,0800
US1TXAR0017,20240403,PRCP,0,,,N,0800
US1TXAR0017,20240406,PRCP,0,,,N,0800
US1TXAR0017,20240407,PRCP,0,,,N,0800
US1TXAR0017,20240408,PRCP,0,,,N,0800
US1TXAR0017,20240409,PRCP,3,,,N,0800
US1TXAR0017,20240410,PRCP,429,,,N,0800
US1TXAR0017,20240411,PRCP,0,,,N,0800
US1TXAR0017,20240412,PRCP,0,,,N,0800
US1TXAR0017,20240413,PRCP,0,,,N,0800
US1TXAR0017,20240414,PRCP,0,,,N,0800
US1TXAR0017,20240415,PRCP,0,,,N,0800
US1TXAR0017,20240416,PRCP,0,,,N,0800
US1TXAR0017,20240417,PRCP,0,,,N,0800
US1TXAR0017,20240418,PRCP,0,,,N,0800
US1TXAR0017,20240420,PRCP,0,,,N,0800
US1TXAR0017,20240421,PRCP,0,,,N,0800
US1TXAR0017,20240422,PRCP,8,,,N,0800
US1TXAR0017,20240423,PRCP,10,,,N,0800
US1TXAR0017,20240424,PRCP,0,,,N,0800
US1TXAR0017,20240426,PRCP,0,,,N,0800
US1TXAR0017,20240427,PRCP,3,,,N,0800
US1TXAR0017,20240428,PRCP,0,,,N,0800
US1TXAR0017,20240429,PRCP,0,T,,N,0800
US1TXAR0017,20240430,PRCP,0,,,N,0800
US1TXAR0017,20240401,SNOW,0,,,N,0800
US1TXAR0017,20240402,SNOW,0,,,N,0800
US1TXAR0017,20240403,SNOW,0,,,N,0800
US1TXAR0017,20240406,SNOW,0,,,N,0800
US1TXAR0017,20240407,SNOW,0,,,N,0800
US1TXAR0017,20240408,SNOW,0,,,N,0800
US1TXAR0017,20240411,SNOW,0,,,N,0800
US1TXAR0017,20240412,SNOW,0,,,N,0800
US1TXAR0017,20240413,SNOW,0,,,N,0800
US1TXAR0017,20240414,SNOW,0,,,N,0800
US1TXAR0017,20240415,SNOW,0,,,N,0800
US1TXAR0017,20240416,SNOW,0,,,N,0800
US1TXAR0017,20240417,SNOW,0,,,N,0800
US1TXAR0017,20240418,SNOW,0,,,N,0800
US1TXAR0017,20240420,SNOW,0,,,N,0800
US1TXAR0017,20240421,SNOW,0,,,N,0800
US1TXAR0017,20240424,SNOW,0,,,N,0800
US1TXAR0017,20240426,SNOW,0,,,N,0800
US1TXAR0017,20240428,SNOW,0,,,N,0800
US1TXAR0017,20240430,SNOW,0,,,N,0800
US1TXAR0017,20240502,PRCP,0,,,N,0800
US1TXAR0017,20240503,PRCP,0,,,N,0800
US1TXAR0017,20240505,PRCP,0,,,N,0800
US1TXAR0017,20240506,PRCP,0,,,N,0800
US1TXAR0017,20240507,PRCP,0,,,N,0800
US1TXAR0017,20240508,PRCP,0,,,N,0800
US1TXAR0017,20240509,PRCP,0,,,N,0800
US1TXAR0017,20240510,PRCP,0,,,N,0800
US1TXAR0017,20240511,PRCP,0,,,N,0800
US1TXAR0017,20240512,PRCP,0,,,N,0800
US1TXAR0017,20240513,PRCP,0,,,N,0800
US1TXAR0017,20240514,PRCP,3,,,N,0800
US1TXAR0017,20240515,PRCP,0,,,N,0800
US1TXAR0017,20240516,PRCP,0,,,N,0800
US1TXAR0017,20240517,PRCP,0,T,,N,0800
US1TXAR0017,20240518,PRCP,43,,,N,0800
US1TXAR0017,20240519,PRCP,0,,,N,0800
US1TXAR0017,20240520,PRCP,0,,,N,0800
US1TXAR0017,20240521,PRCP,0,,,N,0800
US1TXAR0017,20240522,PRCP,0,,,N,0800
US1TXAR0017,20240523,PRCP,0,,,N,0800
US1TXAR0017,20240524,PRCP,0,,,N,0800
US1TXAR0017,20240525,PRCP,0,,,N,0800
US1TXAR0017,20240526,PRCP,0,,,N,0800
US1TXAR0017,20240527,PRCP,0,,,N,0800
US1TXAR0017,20240529,PRCP,13,,,N,0800
US1TXAR0017,20240530,PRCP,0,,,N,0800
US1TXAR0017,20240531,PRCP,0,,,N,0800
US1TXAR0017,20240503,SNOW,0,,,N,0800
US1TXAR0017,20240505,SNOW,0,,,N,0800
US1TXAR0017,20240506,SNOW,0,,,N,0800
US1TXAR0017,20240507,SNOW,0,,,N,0800
US1TXAR0017,20240508,SNOW,0,,,N,0800
US1TXAR0017,20240509,SNOW,0,,,N,0800
US1TXAR0017,20240510,SNOW,0,,,N,0800
US1TXAR0017,20240511,SNOW,0,,,N,0800
US1TXAR0017,20240512,SNOW,0,,,N,0800
US1TXAR0017,20240513,SNOW,0,,,N,0800
US1TXAR0017,20240515,SNOW,0,,,N,0800
US1TXAR0017,20240516,SNOW,0,,,N,0800
US1TXAR0017,20240519,SNOW,0,,,N,0800
US1TXAR0017,20240520,SNOW,0,,,N,0800
US1TXAR0017,20240521,SNOW,0,,,N,0800
US1TXAR0017,20240522,SNOW,0,,,N,0800
US1TXAR0017,20240523,SNOW,0,,,N,0800
US1TXAR0017,20240524,SNOW,0,,,N,0800
US1TXAR0017,20240525,SNOW,0,,,N,0800
US1TXAR0017,20240526,SNOW,0,,,N,0800
US1TXAR0017,20240527,SNOW,0,,,N,0800
US1TXAR0017,20240530,SNOW,0,,,N,0800
US1TXAR0017,20240531,SNOW,0,,,N,0800
US1TXAR0017,20240601,PRCP,0,T,,N,0800
US1TXAR0017,20240602,PRCP,0,,,N,0800
US1TXAR0017,20240603,PRCP,0,,,N,0800
US1TXAR0017,20240604,PRCP,0,,,N,0800
US1TXAR0017,20240605,PRCP,0,,,N,0800
US1TXAR0017,20240606,PRCP,145,,,N,0800
US1TXAR0017,20240607,PRCP,0,,,N,0800
US1TXAR0017,20240608,PRCP,0,,,N,0800
US1TXAR0017,20240609,PRCP,0,,,N,0800
US1TXAR0017,20240610,PRCP,0,,,N,0800
US1TXAR0017,20240611,PRCP,0,T,,N,0800
US1TXAR0017,20240612,PRCP,0,,,N,0800
US1TXAR0017,20240613,PRCP,13,,,N,0800
US1TXAR0017,20240614,PRCP,23,,,N,0800
US1TXAR0017,20240615,PRCP,0,,,N,0800
US1TXAR0017,20240616,PRCP,0,,,N,0800
US1TXAR0017,20240617,PRCP,18,,,N,0800
US1TXAR0017,20240618,PRCP,5,,,N,0800
US1TXAR0017,20240619,PRCP,198,,,N,0800
US1TXAR0017,20240620,PRCP,1681,,,N,0800
US1TXAR0017,20240621,PRCP,15,,,N,0800
US1TXAR0017,20240622,PRCP,0,,,N,0800
US1TXAR0017,20240623,PRCP,8,,,N,0800
US1TXAR0017,20240624,PRCP,64,,,N,0800
US1TXAR0017,20240625,PRCP,0,,,N,0800
US1TXAR0017,20240626,PRCP,0,,,N,0800
US1TXAR0017,20240627,PRCP,0,,,N,0800
US1TXAR0017,20240628,PRCP,0,,,N,0800
US1TXAR0017,20240629,PRCP,0,,,N,0800
US1TXAR0017,20240630,PRCP,0,,,N,0800
US1TXAR0017,20240602,SNOW,0,,,N,0800
US1TXAR0017,20240603,SNOW,0,,,N,0800
US1TXAR0017,20240604,SNOW,0,,,N,0800
US1TXAR0017,20240605,SNOW,0,,,N,0800
US1TXAR0017,20240607,SNOW,0,,,N,0800
US1TXAR0017,20240608,SNOW,0,,,N,0800
US1TXAR0017,20240609,SNOW,0,,,N,0800
US1TXAR0017,20240610,SNOW,0,,,N,0800
US1TXAR0017,20240612,SNOW,0,,,N,0800
US1TXAR0017,20240615,SNOW,0,,,N,0800
US1TXAR0017,20240616,SNOW,0,,,N,0800
US1TXAR0017,20240622,SNOW,0,,,N,0800
US1TXAR0017,20240625,SNOW,0,,,N,0800
US1TXAR0017,20240626,SNOW,0,,,N,0800
US1TXAR0017,20240627,SNOW,0,,,N,0800
US1TXAR0017,20240628,SNOW,0,,,N,0800
US1TXAR0017,20240629,SNOW,0,,,N,0800
US1TXAR0017,20240630,SNOW,0,,,N,0800
US1TXAR0017,20240701,PRCP,0,,,N,0800
US1TXAR0017,20240702,PRCP,0,,,N,0800
US1TXAR0017,20240703,PRCP,0,,,N,0800
US1TXAR0017,20240704,PRCP,58,,,N,0800
US1TXAR0017,20240705,PRCP,0,,,N,0800
US1TXAR0017,20240706,PRCP,0,,,N,0800
US1TXAR0017,20240708,PRCP,25,,,N,0800
US1TXAR0017,20240709,PRCP,0,,,N,0800
US1TXAR0017,20240710,PRCP,23,,,N,0800
US1TXAR0017,20240711,PRCP,48,,,N,0800
US1TXAR0017,20240712,PRCP,66,,,N,0800
US1TXAR0017,20240713,PRCP,5,,,N,0800
US1TXAR0017,20240714,PRCP,0,,,N,0800
US1TXAR0017,20240715,PRCP,0,,,N,0800
US1TXAR0017,20240716,PRCP,0,,,N,0800
US1TXAR0017,20240717,PRCP,0,,,N,0800
US1TXAR0017,20240718,PRCP,0,,,N,0800
US1TXAR0017,20240719,PRCP,0,,,N,0800
US1TXAR0017,20240720,PRCP,0,,,N,0800
US1TXAR0017,20240721,PRCP,0,,,N,0800
US1TXAR0017,20240722,PRCP,15,,,N,0800
US1TXAR0017,20240723,PRCP,137,,,N,0800
US1TXAR0017,20240724,PRCP,66,,,N,0800
US1TXAR0017,20240725,PRCP,132,,,N,0800
US1TXAR0017,20240726,PRCP,310,,,N,0800
US1TXAR0017,20240727,PRCP,244,,,N,0800
US1TXAR0017,20240728,PRCP,155,,,N,0800
US1TXAR0017,20240729,PRCP,18,,,N,0800
US1TXAR0017,20240730,PRCP,0,,,N,0800
US1TXAR0017,20240701,SNOW,0,,,N,0800
US1TXAR0017,20240702,SNOW,0,,,N,0800
US1TXAR0017,20240703,SNOW,0,,,N,0800
US1TXAR0017,20240705,SNOW,0,,,N,0800
US1TXAR0017,20240706,SNOW,0,,,N,0800
US1TXAR0017,20240709,SNOW,0,,,N,0800
US1TXAR0017,20240714,SNOW,0,,,N,0800
US1TXAR0017,20240715,SNOW,0,,,N,0800
US1TXAR0017,20240716,SNOW,0,,,N,0800
US1TXAR0017,20240717,SNOW,0,,,N,0800
US1TXAR0017,20240718,SNOW,0,,,N,0800
US1TXAR0017,20240719,SNOW,0,,,N,0800
US1TXAR0017,20240720,SNOW,0,,,N,0800
US1TXAR0017,20240721,SNOW,0,,,N,0800
US1TXAR0017,20240730,SNOW,0,,,N,0800
US1TXAR0017,20240801,PRCP,0,,,N,0800
US1TXAR0017,20240802,PRCP,0,,,N,0800
US1TXAR0017,20240803,PRCP,0,,,N,0800
US1TXAR0017,20240804,PRCP,0,,,N,0800
US1TXAR0017,20240805,PRCP,0,,,N,0800
US1TXAR0017,20240806,PRCP,0,,,N,0800
US1TXAR0017,20240807,PRCP,0,,,N,0800
US1TXAR0017,20240808,PRCP,0,,,N,0800
US1TXAR0017,20240810,PRCP,0,,,N,0800
US1TXAR0017,20240811,PRCP,0,,,N,0800
US1TXAR0017,20240812,PRCP,0,,,N,0800
US1TXAR0017,20240813,PRCP,0,,,N,0800
US1TXAR0017,20240814,PRCP,0,,,N,0800
US1TXAR0017,20240815,PRCP,0,,,N,0800
US1TXAR0017,20240816,PRCP,0,,,N,0800
US1TXAR0017,20240817,PRCP,0,,,N,0800
US1TXAR0017,20240818,PRCP,0,,,N,0800
US1TXAR0017,20240819,PRCP,23,,,N,0800
US1TXAR0017,20240820,PRCP,0,,,N,0800
US1TXAR0017,20240821,PRCP,0,,,N,0800
US1TXAR0017,20240823,PRCP,0,,,N,0800
US1TXAR0017,20240824,PRCP,76,,,N,0800
US1TXAR0017,20240825,PRCP,0,,,N,0800
US1TXAR0017,20240826,PRCP,5,,,N,0800
US1TXAR0017,20240827,PRCP,5,,,N,0800
US1TXAR0017,20240828,PRCP,0,,,N,0800
US1TXAR0017,20240829,PRCP,0,,,N,0800
US1TXAR0017,20240830,PRCP,3,,,N,0800
US1TXAR0017,20240831,PRCP,0,,,N,0800
US1TXAR0017,20240801,SNOW,0,,,N,0800
US1TXAR0017,20240802,SNOW,0,,,N,0800
US1TXAR0017,20240803,SNOW,0,,,N,0800
US1TXAR0017,20240804,SNOW,0,,,N,0800
US1TXAR0017,20240805,SNOW,0,,,N,0800
US1TXAR0017,20240806,SNOW,0,,,N,0800
US1TXAR0017,20240807,SNOW,0,,,N,0800
US1TXAR0017,20240808,SNOW,0,,,N,0800
US1TXAR0017,20240810,SNOW,0,,,N,0800
US1TXAR0017,20240811,SNOW,0,,,N,0800
US1TXAR0017,20240812,SNOW,0,,,N,0800
US1TXAR0017,20240813,SNOW,0,,,N,0800
US1TXAR0017,20240814,SNOW,0,,,N,0800
US1TXAR0017,20240815,SNOW,0,,,N,0800
US1TXAR0017,20240816,SNOW,0,,,N,0800
US1TXAR0017,20240817,SNOW,0,,,N,0800
US1TXAR0017,20240818,SNOW,0,,,N,0800
US1TXAR0017,20240820,SNOW,0,,,N,0800
US1TXAR0017,20240821,SNOW,0,,,N,0800
US1TXAR0017,20240823,SNOW,0,,,N,0800
US1TXAR0017,20240825,SNOW,0,,,N,0800
US1TXAR0017,20240828,SNOW,0,,,N,0800
US1TXAR0017,20240829,SNOW,0,,,N,0800
US1TXAR0017,20240831,SNOW,0,,,N,0800
US1TXAR0017,20240901,PRCP,0,,,N,0800
US1TXAR0017,20240902,PRCP,0,,,N,0800
US1TXAR0017,20240903,PRCP,249,,,N,0800
US1TXAR0017,20240904,PRCP,1450,,,N,0800
US1TXAR0017,20240905,PRCP,224,,,N,0800
US1TXAR0017,20240906,PRCP,91,,,N,0800
US1TXAR0017,20240907,PRCP,3,,,N,0800
US1TXAR0017,20240908,PRCP,0,,,N,0800
US1TXAR0017,20240909,PRCP,0,,,N,0800
US1TXAR0017,20240910,PRCP,0,,,N,0800
US1TXAR0017,20240911,PRCP,0,,,N,0800
US1TXAR0017,20240912,PRCP,0,,,N,0800
US1TXAR0017,20240914,PRCP,0,,,N,0800
US1TXAR0017,20240915,PRCP,0,,,N,0800
US1TXAR0017,20240916,PRCP,0,,,N,0800
US1TXAR0017,20240917,PRCP,0,,,N,0800
US1TXAR0017,20240918,PRCP,0,,,N,0800
US1TXAR0017,20240919,PRCP,0,,,N,0800
US1TXAR0017,20240920,PRCP,0,,,N,0800
US1TXAR0017,20240921,PRCP,0,,,N,0800
US1TXAR0017,20240922,PRCP,0,,,N,0800
US1TXAR0017,20240923,PRCP,0,,,N,0800
US1TXAR0017,20240924,PRCP,0,,,N,0800
US1TXAR0017,20240925,PRCP,191,,,N,0800
US1TXAR0017,20240926,PRCP,48,,,N,0800
US1TXAR0017,20240927,PRCP,0,,,N,0800
US1TXAR0017,20240929,PRCP,0,,,N,0800
US1TXAR0017,20240930,PRCP,0,,,N,0800
US1TXAR0017,20240901,SNOW,0,,,N,0800
US1TXAR0017,20240902,SNOW,0,,,N,0800
US1TXAR0017,20240908,SNOW,0,,,N,0800
US1TXAR0017,20240909,SNOW,0,,,N,0800
US1TXAR0017,20240910,SNOW,0,,,N,0800
US1TXAR0017,20240911,SNOW,0,,,N,0800
US1TXAR0017,20240912,SNOW,0,,,N,0800
US1TXAR0017,20240914,SNOW,0,,,N,0800
US1TXAR0017,20240915,SNOW,0,,,N,0800
US1TXAR0017,20240916,SNOW,0,,,N,0800
US1TXAR0017,20240917,SNOW,0,,,N,0800
US1TXAR0017,20240918,SNOW,0,,,N,0800
US1TXAR0017,20240919,SNOW,0,,,N,0800
US1TXAR0017,20240920,SNOW,0,,,N,0800
US1TXAR0017,20240921,SNOW,0,,,N,0800
US1TXAR0017,20240922,SNOW,0,,,N,0800
US1TXAR0017,20240923,SNOW,0,,,N,0800
US1TXAR0017,20240924,SNOW,0,,,N,0800
US1TXAR0017,20240927,SNOW,0,,,N,0800
US1TXAR0017,20240929,SNOW,0,,,N,0800
US1TXAR0017,20240930,SNOW,0,,,N,0800
US1TXAR0017,20241001,PRCP,0,,,N,0800
US1TXAR0017,20241002,PRCP,0,,,N,0800
US1TXAR0017,20241003,PRCP,0,,,N,0800
US1TXAR0017,20241004,PRCP,0,,,N,0800
US1TXAR0017,20241005,PRCP,43,,,N,0800
US1TXAR0017,20241006,PRCP,5,,,N,0800
US1TXAR0017,20241007,PRCP,0,,,N,0800
US1TXAR0017,20241008,PRCP,0,,,N,0800
US1TXAR0017,20241009,PRCP,0,,,N,0800
US1TXAR0017,20241010,PRCP,0,,,N,0800
US1TXAR0017,20241012,PRCP,0,,,N,0800
US1TXAR0017,20241013,PRCP,0,,,N,0800
US1TXAR0017,20241014,PRCP,0,,,N,0800
US1TXAR0017,20241015,PRCP,0,,,N,0800
US1TXAR0017,20241016,PRCP,0,,,N,0800
US1TXAR0017,20241017,PRCP,0,,,N,0800
US1TXAR0017,20241018,PRCP,0,,,N,0800
US1TXAR0017,20241019,PRCP,0,,,N,0800
US1TXAR0017,20241020,PRCP,25,,,N,0800
US1TXAR0017,20241021,PRCP,0,,,N,0800
US1TXAR0017,20241022,PRCP,0,,,N,0800
US1TXAR0017,20241023,PRCP,0,,,N,0800
US1TXAR0017,20241024,PRCP,0,,,N,0800
US1TXAR0017,20241025,PRCP,0,,,N,0800
US1TXAR0017,20241026,PRCP,0,,,N,0800
US1TXAR0017,20241027,PRCP,0,,,N,0800
US1TXAR0017,20241028,PRCP,0,,,N,0800
US1TXAR0017,20241029,PRCP,0,,,N,0800
US1TXAR0017,20241031,PRCP,0,,,N,0800
US1TXAR0017,20241001,SNOW,0,,,N,0800
US1TXAR0017,20241002,SNOW,0,,,N,0800
US1TXAR0017,20241003,SNOW,0,,,N,0800
US1TXAR0017,20241004,SNOW,0,,,N,0800
US1TXAR0017,20241007,SNOW,0,,,N,0800
US1TXAR0017,20241008,SNOW,0,,,N,0800
US1TXAR0017,20241009,SNOW,0,,,N,0800
US1TXAR0017,20241010,SNOW,0,,,N,0800
US1TXAR0017,20241012,SNOW,0,,,N,0800
US1TXAR0017,20241013,SNOW,0,,,N,0800
US1TXAR0017,20241014,SNOW,0,,,N,0800
US1TXAR0017,20241015,SNOW,0,,,N,0800
US1TXAR0017,20241016,SNOW,0,,,N,0800
US1TXAR0017,20241017,SNOW,0,,,N,0800
US1TXAR0017,20241018,SNOW,0,,,N,0800
US1TXAR0017,20241019,SNOW,0,,,N,0800
US1TXAR0017,20241021,SNOW,0,,,N,0800
US1TXAR0017,20241022,SNOW,0,,,N,0800
US1TXAR0017,20241023,SNOW,0,,,N,0800
US1TXAR0017,20241024,SNOW,0,,,N,0800
US1TXAR0017,20241025,SNOW,0,,,N,0800
US1TXAR0017,20241026,SNOW,0,,,N,0800
US1TXAR0017,20241027,SNOW,0,,,N,0800
US1TXAR0017,20241028,SNOW,0,,,N,0800
US1TXAR0017,20241029,SNOW,0,,,N,0800
US1TXAR0017,20241031,SNOW,0,,,N,0800
US1TXAR0017,20241101,PRCP,3,,,N,0800
US1TXAR0017,20241102,PRCP,191,,,N,0800
US1TXAR0017,20241103,PRCP,0,,,N,0800
US1TXAR0017,20241105,PRCP,135,,,N,0800
US1TXAR0017,20241106,PRCP,0,,,N,0800
US1TXAR0017,20241107,PRCP,0,,,N,0800
US1TXAR0017,20241108,PRCP,0,,,N,0800
US1TXAR0017,20241109,PRCP,0,,,N,0800
US1TXAR0017,20241110,PRCP,0,,,N,0800
US1TXAR0017,20241111,PRCP,0,,,N,0800
US1TXAR0017,20241112,PRCP,0,,,N,0800
US1TXAR0017,20241113,PRCP,0,,,N,0800
US1TXAR0017,20241116,PRCP,0,,,N,0800
US1TXAR0017,20241117,PRCP,0,,,N,0800
US1TXAR0017,20241118,PRCP,0,,,N,0800
US1TXAR0017,20241119,PRCP,5,,,N,0800
US1TXAR0017,20241120,PRCP,0,,,N,0800
US1TXAR0017,20241121,PRCP,0,,,N,0800
US1TXAR0017,20241122,PRCP,0,,,N,0800
US1TXAR0017,20241123,PRCP,0,,,N,0800
US1TXAR0017,20241124,PRCP,0,,,N,0800
US1TXAR0017,20241125,PRCP,0,,,N,0800
US1TXAR0017,20241126,PRCP,0,,,N,0800
US1TXAR0017,20241127,PRCP,0,,,N,0800
US1TXAR0017,20241128,PRCP,0,,,N,0800
US1TXAR0017,20241129,PRCP,0,,,N,0800
US1TXAR0017,20241103,SNOW,0,,,N,0800
US1TXAR0017,20241106,SNOW,0,,,N,0800
US1TXAR0017,20241107,SNOW,0,,,N,0800
US1TXAR0017,20241108,SNOW,0,,,N,0800
US1TXAR0017,20241109,SNOW,0,,,N,0800
US1TXAR0017,20241110,SNOW,0,,,N,0800
US1TXAR0017,20241111,SNOW,0,,,N,0800
US1TXAR0017,20241112,SNOW,0,,,N,0800
US1TXAR0017,20241113,SNOW,0,,,N,0800
US1TXAR0017,20241116,SNOW,0,,,N,0800
US1TXAR0017,20241117,SNOW,0,,,N,0800
US1TXAR0017,20241118,SNOW,0,,,N,0800
US1TXAR0017,20241120,SNOW,0,,,N,0800
US1TXAR0017,20241121,SNOW,0,,,N,0800
US1TXAR0017,20241122,SNOW,0,,,N,0800
US1TXAR0017,20241123,SNOW,0,,,N,0800
US1TXAR0017,20241124,SNOW,0,,,N,0800
US1TXAR0017,20241125,SNOW,0,,,N,0800
US1TXAR0017,20241126,SNOW,0,,,N,0800
US1TXAR0017,20241127,SNOW,0,,,N,0800
US1TXAR0017,20241128,SNOW,0,,,N,0800
US1TXAR0017,20241129,SNOW,0,,,N,0800
US1TXAR0017,20241201,PRCP,0,,,N,0800
US1TXAR0017,20241202,PRCP,0,,,N,0800
US1TXAR0017,20241203,PRCP,0,T,,N,0800
US1TXAR0017,20241204,PRCP,43,,,N,0800
US1TXAR0017,20241205,PRCP,5,,,N,0800
US1TXAR0017,20241206,PRCP,0,,,N,0800
US1TXAR0017,20241207,PRCP,0,,,N,0800
US1TXAR0017,20241208,PRCP,5,,,N,0800
US1TXAR0017,20241209,PRCP,5,,,N,0800
US1TXAR0017,20241210,PRCP,3,,,N,0800
US1TXAR0017,20241211,PRCP,0,,,N,0800
US1TXAR0017,20241212,PRCP,0,,,N,0800
US1TXAR0017,20241213,PRCP,0,T,,N,0800
US1TXAR0017,20241214,PRCP,46,,,N,0800
US1TXAR0017,20241215,PRCP,0,,,N,0800
US1TXAR0017,20241216,PRCP,0,,,N,0800
US1TXAR0017,20241217,PRCP,0,,,N,0800
US1TXAR0017,20241218,PRCP,0,,,N,0800
US1TXAR0017,20241219,PRCP,0,,,N,0800
US1TXAR0017,20241220,PRCP,0,,,N,0800
US1TXAR0017,20241221,PRCP,0,,,N,0800
US1TXAR0017,20241222,PRCP,0,,,N,0800
US1TXAR0017,20241223,PRCP,0,,,N,0800
US1TXAR0017,20241224,PRCP,0,,,N,0800
US1TXAR0017,20241225,PRCP,0,,,N,0800
US1TXAR0017,20241226,PRCP,0,,,N,0800
US1TXAR0017,20241227,PRCP,3,,,N,0800
US1TXAR0017,20241228,PRCP,0,,,N,0800
US1TXAR0017,20241229,PRCP,0,,,N,0800
US1TXAR0017,20241230,PRCP,0,,,N,0800
US1TXAR0017,20241231,PRCP,0,,,N,0800
US1TXAR0017,20241201,SNOW,0,,,N,0800
US1TXAR0017,20241202,SNOW,0,,,N,0800
US1TXAR0017,20241205,SNOW,0,,,N,0800
US1TXAR0017,20241206,SNOW,0,,,N,0800
US1TXAR0017,20241207,SNOW,0,,,N,0800
US1TXAR0017,20241210,SNOW,0,,,N,0800
US1TXAR0017,20241211,SNOW,0,,,N,0800
US1TXAR0017,20241212,SNOW,0,,,N,0800
US1TXAR0017,20241215,SNOW,0,,,N,0800
US1TXAR0017,20241216,SNOW,0,,,N,0800
US1TXAR0017,20241217,SNOW,0,,,N,0800
US1TXAR0017,20241218,SNOW,0,,,N,0800
US1TXAR0017,20241219,SNOW,0,,,N,0800
US1TXAR0017,20241220,SNOW,0,,,N,0800
US1TXAR0017,20241221,SNOW,0,,,N,0800
US1TXAR0017,20241222,SNOW,0,,,N,0800
US1TXAR0017,20241223,SNOW,0,,,N,0800
US1TXAR0017,20241224,SNOW,0,,,N,0800
US1TXAR0017,20241225,SNOW,0,,,N,0800
US1TXAR0017,20241226,SNOW,0,,,N,0800
US1TXAR0017,20241228,SNOW,0,,,N,0800
US1TXAR0017,20241229,SNOW,0,,,N,0800
US1TXAR0017,20241230,SNOW,0,,,N,0800
US1TXAR0017,20241231,SNOW,0,,,N,0800
US1TXAR0017,20250102,PRCP,0,,,N,0800
US1TXAR0017,20250103,PRCP,3,,,N,0800
US1TXAR0017,20250104,PRCP,0,,,N,0800
US1TXAR0017,20250105,PRCP,3,,,N,0800
US1TXAR0017,20250106,PRCP,0,,,N,0800
US1TXAR0017,20250107,PRCP,0,,,N,0800
US1TXAR0017,20250108,PRCP,0,,,N,0800
US1TXAR0017,20250109,PRCP,0,,,N,0800
US1TXAR0017,20250110,PRCP,470,,,N,0800
US1TXAR0017,20250111,PRCP,0,,,N,0800
US1TXAR0017,20250112,PRCP,0,,,N,0800
US1TXAR0017,20250113,PRCP,0,,,N,0800
US1TXAR0017,20250114,PRCP,0,,,N,0800
US1TXAR0017,20250115,PRCP,3,,,N,0800
US1TXAR0017,20250116,PRCP,8,,,N,0800
US1TXAR0017,20250117,PRCP,0,,,N,0800
US1TXAR0017,20250118,PRCP,0,,,N,0800
US1TXAR0017,20250119,PRCP,0,,,N,0800
US1TXAR0017,20250120,PRCP,0,,,N,0800
US1TXAR0017,20250121,PRCP,8,,,N,0800
US1TXAR0017,20250122,PRCP,0,,,N,0800
US1TXAR0017,20250124,PRCP,0,,,N,0800
US1TXAR0017,20250125,PRCP,0,,,N,0800
US1TXAR0017,20250126,PRCP,36,,,N,0800
US1TXAR0017,20250127,PRCP,10,,,N,0800
US1TXAR0017,20250128,PRCP,0,,,N,0800
US1TXAR0017,20250129,PRCP,5,,,N,0800
US1TXAR0017,20250130,PRCP,5,,,N,0800
US1TXAR0017,20250131,PRCP,5,,,N,0800
US1TXAR0017,20250102,SNOW,0,,,N,0800
US1TXAR0017,20250104,SNOW,0,,,N,0800
US1TXAR0017,20250106,SNOW,0,,,N,0800
US1TXAR0017,20250107,SNOW,0,,,N,0800
US1TXAR0017,20250108,SNOW,0,,,N,0800
US1TXAR0017,20250109,SNOW,0,,,N,0800
US1TXAR0017,20250111,SNOW,0,,,N,0800
US1TXAR0017,20250112,SNOW,0,,,N,0800
US1TXAR0017,20250113,SNOW,0,,,N,0800
US1TXAR0017,20250114,SNOW,0,,,N,0800
US1TXAR0017,20250117,SNOW,0,,,N,0800
US1TXAR0017,20250118,SNOW,0,,,N,0800
US1TXAR0017,20250119,SNOW,0,,,N,0800
US1TXAR0017,20250120,SNOW,0,,,N,0800
US1TXAR0017,20250121,SNOW,0,T,,N,0800
US1TXAR0017,20250122,SNOW,0,,,N,0800
US1TXAR0017,20250124,SNOW,0,,,N,0800
US1TXAR0017,20250128,SNOW,0,,,N,0800
US1TXAR0017,20250201,PRCP,0,,,N,0800
US1TXAR0017,20250202,PRCP,0,,,N,0800
US1TXAR0017,20250203,PRCP,0,,,N,0800
US1TXAR0017,20250204,PRCP,0,,,N,0800
US1TXAR0017,20250205,PRCP,0,,,N,0800
US1TXAR0017,20250206,PRCP,0,,,N,0800
US1TXAR0017,20250207,PRCP,0,,,N,0800
US1TXAR0017,20250208,PRCP,0,,,N,0800
US1TXAR0017,20250210,PRCP,0,,,N,0800
US1TXAR0017,20250211,PRCP,8,,,N,0800
US1TXAR0017,20250212,PRCP,0,T,,N,0800
US1TXAR0017,20250213,PRCP,0,,,N,0800
US1TXAR0017,20250214,PRCP,0,,,N,0800
US1TXAR0017,20250215,PRCP,0,,,N,0800
US1TXAR0017,20250216,PRCP,0,,,N,0800
US1TXAR0017,20250217,PRCP,0,,,N,0800
US1TXAR0017,20250218,PRCP,0,,,N,0800
US1TXAR0017,20250219,PRCP,56,,,N,0800
US1TXAR0017,20250221,PRCP,0,,,N,0800
US1TXAR0017,20250222,PRCP,0,,,N,0800
US1TXAR0017,20250223,PRCP,10,,,N,0800
US1TXAR0017,20250224,PRCP,0,,,N,0800
US1TXAR0017,20250225,PRCP,0,,,N,0800
US1TXAR0017,20250226,PRCP,0,,,N,0800
US1TXAR0017,20250227,PRCP,0,,,N,0800
US1TXAR0017,20250228,PRCP,0,,,N,0800
US1TXAR0017,20250201,SNOW,0,,,N,0800
US1TXAR0017,20250202,SNOW,0,,,N,0800
US1TXAR0017,20250203,SNOW,0,,,N,0800
US1TXAR0017,20250204,SNOW,0,,,N,0800
US1TXAR0017,20250205,SNOW,0,,,N,0800
US1TXAR0017,20250206,SNOW,0,,,N,0800
US1TXAR0017,20250207,SNOW,0,,,N,0800
US1TXAR0017,20250208,SNOW,0,,,N,0800
US1TXAR0017,20250210,SNOW,0,,,N,0800
US1TXAR0017,20250213,SNOW,0,,,N,0800
US1TXAR0017,20250214,SNOW,0,,,N,0800
US1TXAR0017,20250215,SNOW,0,,,N,0800
US1TXAR0017,20250216,SNOW,0,,,N,0800
US1TXAR0017,20250217,SNOW,0,,,N,0800
US1TXAR0017,20250218,SNOW,0,,,N,0800
US1TXAR0017,20250221,SNOW,0,,,N,0800
US1TXAR0017,20250222,SNOW,0,,,N,0800
US1TXAR0017,20250224,SNOW,0,,,N,0800
US1TXAR0017,20250225,SNOW,0,,,N,0800
US1TXAR0017,20250226,SNOW,0,,,N,0800
US1TXAR0017,20250227,SNOW,0,,,N,0800
US1TXAR0017,20250228,SNOW,0,,,N,0800
US1TXAR0017,20250301,PRCP,0,,,N,0800
US1TXAR0017,20250302,PRCP,0,,,N,0800
US1TXAR0017,20250303,PRCP,0,,,N,0800
US1TXAR0017,20250304,PRCP,0,,,N,0800
US1TXAR0017,20250305,PRCP,5,,,N,0800
US1TXAR0017,20250306,PRCP,0,,,N,0800
US1TXAR0017,20250308,PRCP,0,,,N,0800
US1TXAR0017,20250309,PRCP,0,,,N,0800
US1TXAR0017,20250310,PRCP,0,,,N,0800
US1TXAR0017,20250313,PRCP,0,,,N,0800
US1TXAR0017,20250314,PRCP,0,,,N,0800
US1TXAR0017,20250315,PRCP,0,,,N,0800
US1TXAR0017,20250316,PRCP,0,,,N,0800
US1TXAR0017,20250317,PRCP,0,,,N,0800
US1TXAR0017,20250318,PRCP,0,,,N,0800
US1TXAR0017,20250319,PRCP,0,,,N,0800
US1TXAR0017,20250320,PRCP,0,,,N,0800
US1TXAR0017,20250321,PRCP,0,,,N,0800
US1TXAR0017,20250322,PRCP,0,,,N,0800
US1TXAR0017,20250323,PRCP,0,,,N,0800
US1TXAR0017,20250324,PRCP,28,,,N,0800
US1TXAR0017,20250326,PRCP,0,,,N,0800
US1TXAR0017,20250327,PRCP,541,,,N,0800
US1TXAR0017,20250328,PRCP,361,,,N,0800
US1TXAR0017,20250329,PRCP,0,,,N,0800
US1TXAR0017,20250330,PRCP,0,,,N,0800
US1TXAR0017,20250331,PRCP,0,,,N,0800
US1TXAR0017,20250301,SNOW,0,,,N,0800
US1TXAR0017,20250302,SNOW,0,,,N,0800
US1TXAR0017,20250303,SNOW,0,,,N,0800
US1TXAR0017,20250304,SNOW,0,,,N,0800
US1TXAR0017,20250306,SNOW,0,,,N,0800
US1TXAR0017,20250308,SNOW,0,,,N,0800
US1TXAR0017,20250309,SNOW,0,,,N,0800
US1TXAR0017,20250310,SNOW,0,,,N,0800
US1TXAR0017,20250313,SNOW,0,,,N,0800
US1TXAR0017,20250314,SNOW,0,,,N,0800
US1TXAR0017,20250315,SNOW,0,,,N,0800
US1TXAR0017,20250316,SNOW,0,,,N,0800
US1TXAR0017,20250317,SNOW,0,,,N,0800
US1TXAR0017,20250318,SNOW,0,,,N,0800
US1TXAR0017,20250319,SNOW,0,,,N,0800
US1TXAR0017,20250320,SNOW,0,,,N,0800
US1TXAR0017,20250321,SNOW,0,,,N,0800
US1TXAR0017,20250322,SNOW,0,,,N,0800
US1TXAR0017,20250323,SNOW,0,,,N,0800
US1TXAR0017,20250326,SNOW,0,,,N,0800
US1TXAR0017,20250329,SNOW,0,,,N,0800
US1TXAR0017,20250330,SNOW,0,,,N,0800
US1TXAR0017,20250331,SNOW,0,,,N,0800
US1TXAR0017,20250312,DAPR,2,,,N,0800
US1TXAR0017,20250312,MDPR,0,,,N,0800
US1TXAR0017,20250401,PRCP,0,,,N,0800
US1TXAR0017,20250402,PRCP,0,,,N,0800
US1TXAR0017,20250403,PRCP,0,,,N,0800
US1TXAR0017,20250404,PRCP,0,,,N,0800
US1TXAR0017,20250405,PRCP,0,,,N,0800
US1TXAR0017,20250406,PRCP,0,,,N,0800
US1TXAR0017,20250407,PRCP,0,,,N,0800
US1TXAR0017,20250408,PRCP,0,,,N,0800
US1TXAR0017,20250409,PRCP,0,,,N,0800
US1TXAR0017,20250410,PRCP,0,,,N,0800
US1TXAR0017,20250412,PRCP,0,,,N,0800
US1TXAR0017,20250413,PRCP,0,,,N,0800
US1TXAR0017,20250415,PRCP,0,,,N,0800
US1TXAR0017,20250416,PRCP,0,,,N,0800
US1TXAR0017,20250417,PRCP,0,,,N,0800
US1TXAR0017,20250418,PRCP,0,,,N,0800
US1TXAR0017,20250419,PRCP,0,,,N,0800
US1TXAR0017,20250420,PRCP,0,,,N,0800
US1TXAR0017,20250421,PRCP,211,,,N,0800
US1TXAR0017,20250422,PRCP,48,,,N,0800
US1TXAR0017,20250423,PRCP,0,,,N,0800
US1TXAR0017,20250424,PRCP,89,,,N,0800
US1TXAR0017,20250425,PRCP,0,,,N,0800
US1TXAR0017,20250428,PRCP,0,,,N,0800
US1TXAR0017,20250429,PRCP,0,,,N,0800
US1TXAR0017,20250430,PRCP,0,,,N,0800
US1TXAR0017,20250401,SNOW,0,,,N,0800
US1TXAR0017,20250402,SNOW,0,,,N,0800
US1TXAR0017,20250403,SNOW,0,,,N,0800
US1TXAR0017,20250404,SNOW,0,,,N,0800
US1TXAR0017,20250405,SNOW,0,,,N,0800
US1TXAR0017,20250406,SNOW,0,,,N,0800
US1TXAR0017,20250407,SNOW,0,,,N,0800
US1TXAR0017,20250408,SNOW,0,,,N,0800
US1TXAR0017,20250409,SNOW,0,,,N,0800
US1TXAR0017,20250410,SNOW,0,,,N,0800
US1TXAR0017,20250412,SNOW,0,,,N,0800
US1TXAR0017,20250413,SNOW,0,,,N,0800
US1TXAR0017,20250415,SNOW,0,,,N,0800
US1TXAR0017,20250416,SNOW,0,,,N,0800
US1TXAR0017,20250417,SNOW,0,,,N,0800
US1TXAR0017,20250418,SNOW,0,,,N,0800
US1TXAR0017,20250419,SNOW,0,,,N,0800
US1TXAR0017,20250420,SNOW,0,,,N,0800
US1TXAR0017,20250423,SNOW,0,,,N,0800
US1TXAR0017,20250425,SNOW,0,,,N,0800
US1TXAR0017,20250428,SNOW,0,,,N,0800
US1TXAR0017,20250429,SNOW,0,,,N,0800
US1TXAR0017,20250430,SNOW,0,,,N,0800
US1TXAR0017,20250501,PRCP,0,,,N,0800
US1TXAR0017,20250502,PRCP,0,,,N,0800
US1TXAR0017,20250503,PRCP,3,,,N,0800
US1TXAR0017,20250504,PRCP,0,,,N,0800
US1TXAR0017,20250505,PRCP,0,,,N,0800
US1TXAR0017,20250506,PRCP,18,,,N,0800
US1TXAR0017,20250507,PRCP,28,,,N,0800
US1TXAR0017,20250508,PRCP,0,,,N,0800
US1TXAR0017,20250509,PRCP,391,,,N,0800
US1TXAR0017,20250511,PRCP,5,,,N,0800
US1TXAR0017,20250512,PRCP,0,,,N,0800
US1TXAR0017,20250513,PRCP,0,,,N,0800
US1TXAR0017,20250515,PRCP,0,,,N,0800
US1TXAR0017,20250516,PRCP,0,,,N,0800
US1TXAR0017,20250517,PRCP,0,,,N,0800
US1TXAR0017,20250518,PRCP,20,,,N,0800
US1TXAR0017,20250519,PRCP,0,,,N,0800
US1TXAR0017,20250521,PRCP,0,,,N,0800
US1TXAR0017,20250522,PRCP,0,,,N,0800
US1TXAR0017,20250523,PRCP,0,,,N,0800
US1TXAR0017,20250524,PRCP,0,,,N,0800
US1TXAR0017,20250525,PRCP,0,,,N,0800
US1TXAR0017,20250527,PRCP,259,,,N,0800
US1TXAR0017,20250528,PRCP,706,,,N,0800
US1TXAR0017,20250530,PRCP,0,,,N,0800
US1TXAR0017,20250531,PRCP,0,,,N,0800
US1TXAR0017,20250501,SNOW,0,,,N,0800
US1TXAR0017,20250502,SNOW,0,,,N,0800
US1TXAR0017,20250504,SNOW,0,,,N,0800
US1TXAR0017,20250505,SNOW,0,,,N,0800
US1TXAR0017,20250506,SNOW,0,,,N,0800
US1TXAR0017,20250508,SNOW,0,,,N,0800
US1TXAR0017,20250512,SNOW,0,,,N,0800
US1TXAR0017,20250513,SNOW,0,,,N,0800
US1TXAR0017,20250515,SNOW,0,,,N,0800
US1TXAR0017,20250516,SNOW,0,,,N,0800
US1TXAR0017,20250517,SNOW,0,,,N,0800
US1TXAR0017,20250519,SNOW,0,,,N,0800
US1TXAR0017,20250521,SNOW,0,,,N,0800
US1TXAR0017,20250522,SNOW,0,,,N,0800
US1TXAR0017,20250523,SNOW,0,,,N,0800
US1TXAR0017,20250524,SNOW,0,,,N,0800
US1TXAR0017,20250525,SNOW,0,,,N,0800
US1TXAR0017,20250530,SNOW,0,,,N,0800
US1TXAR0017,20250531,SNOW,0,,,N,0800
US1TXAR0017,20250601,PRCP,0,,,N,0800
US1TXAR0017,20250602,PRCP,0,,,N,0800
US1TXAR0017,20250603,PRCP,0,,,N,0800
US1TXAR0017,20250604,PRCP,0,,,N,0800
US1TXAR0017,20250605,PRCP,5,,,N,0800
US1TXAR0017,20250607,PRCP,0,,,N,0800
US1TXAR0017,20250608,PRCP,0,,,N,0800
US1TXAR0017,20250609,PRCP,0,,,N,0800
US1TXAR0017,20250610,PRCP,69,,,N,0800
US1TXAR0017,20250611,PRCP,132,,,N,0800
US1TXAR0017,20250612,PRCP,74,,,N,0800
US1TXAR0017,20250613,PRCP,429,,,N,0800
US1TXAR0017,20250616,PRCP,46,,,N,0800
US1TXAR0017,20250617,PRCP,0,,,N,0800
US1TXAR0017,20250618,PRCP,0,,,N,0800
US1TXAR0017,20250620,PRCP,15,,,N,0800
US1TXAR0017,20250621,PRCP,36,,,N,0800
US1TXAR0017,20250622,PRCP,0,,,N,0800
US1TXAR0017,20250623,PRCP,0,,,N,0800
US1TXAR0017,20250624,PRCP,0,,,N,0800
US1TXAR0017,20250625,PRCP,20,,,N,0800
US1TXAR0017,20250626,PRCP,0,,,N,0800
US1TXAR0017,20250628,PRCP,0,,,N,0800
US1TXAR0017,20250629,PRCP,76,,,N,0800
US1TXAR0017,20250630,PRCP,89,,,N,0800
US1TXAR0017,20250601,SNOW,0,,,N,0800
US1TXAR0017,20250602,SNOW,0,,,N,0800
US1TXAR0017,20250603,SNOW,0,,,N,0800
US1TXAR0017,20250604,SNOW,0,,,N,0800
US1TXAR0017,20250607,SNOW,0,,,N,0800
US1TXAR0017,20250608,SNOW,0,,,N,0800
US1TXAR0017,20250609,SNOW,0,,,N,0800
US1TXAR0017,20250617,SNOW,0,,,N,0800
US1TXAR0017,20250618,SNOW,0,,,N,0800
US1TXAR0017,20250622,SNOW,0,,,N,0800
US1TXAR0017,20250623,SNOW,0,,,N,0800
US1TXAR0017,20250624,SNOW,0,,,N,0800
US1TXAR0017,20250625,SNOW,0,,,N,0800
US1TXAR0017,20250626,SNOW,0,,,N,0800
US1TXAR0017,20250628,SNOW,0,,,N,0800
US1TXAR0017,20250629,SNOW,0,,,N,0800
US1TXAR0017,20250701,PRCP,48,,,N,0800
US1TXAR0017,20250702,PRCP,5,,,N,0800
US1TXAR0017,20250703,PRCP,8,,,N,0800
US1TXAR0017,20250704,PRCP,0,,,N,0800
US1TXAR0017,20250705,PRCP,0,,,N,0800
US1TXAR0017,20250706,PRCP,0,,,N,0800
US1TXAR0017,20250707,PRCP,0,,,N,0800
US1TXAR0017,20250708,PRCP,0,,,N,0800
US1TXAR0017,20250709,PRCP,0,,,N,0800
US1TXAR0017,20250710,PRCP,0,,,N,0800
US1TXAR0017,20250711,PRCP,0,,,N,0800
US1TXAR0017,20250712,PRCP,0,,,N,0800
US1TXAR0017,20250714,PRCP,0,,,N,0800
US1TXAR0017,20250715,PRCP,15,,,N,0800
US1TXAR0017,20250716,PRCP,0,,,N,0800
US1TXAR0017,20250717,PRCP,0,,,N,0800
US1TXAR0017,20250718,PRCP,0,,,N,0800
US1TXAR0017,20250720,PRCP,0,,,N,0800
US1TXAR0017,20250721,PRCP,0,,,N,0800
US1TXAR0017,20250722,PRCP,0,,,N,0800
US1TXAR0017,20250723,PRCP,0,,,N,0800
US1TXAR0017,20250724,PRCP,0,,,N,0800
US1TXAR0017,20250725,PRCP,0,,,N,0800
US1TXAR0017,20250726,PRCP,213,,,N,0800
US1TXAR0017,20250727,PRCP,0,,,N,0800
US1TXAR0017,20250728,PRCP,0,,,N,0800
US1TXAR0017,20250729,PRCP,0,,,N,0800
US1TXAR0017,20250730,PRCP,0,,,N,0800
US1TXAR0017,20250731,PRCP,0,,,N,0800
US1TXAR0017,20250704,SNOW,0,,,N,0800
US1TXAR0017,20250705,SNOW,0,,,N,0800
US1TXAR0017,20250706,SNOW,0,,,N,0800
US1TXAR0017,20250707,SNOW,0,,,N,0800
US1TXAR0017,20250708,SNOW,0,,,N,0800
US1TXAR0017,20250709,SNOW,0,,,N,0800
US1TXAR0017,20250710,SNOW,0,,,N,0800
US1TXAR0017,20250711,SNOW,0,,,N,0800
US1TXAR0017,20250712,SNOW,0,,,N,0800
US1TXAR0017,20250714,SNOW,0,,,N,0800
US1TXAR0017,20250716,SNOW,0,,,N,0800
US1TXAR0017,20250717,SNOW,0,,,N,0800
US1TXAR0017,20250718,SNOW,0,,,N,0800
US1TXAR0017,20250720,SNOW,0,,,N,0800
US1TXAR0017,20250721,SNOW,0,,,N,0800
US1TXAR0017,20250722,SNOW,0,,,N,0800
US1TXAR0017,20250723,SNOW,0,,,N,0800
US1TXAR0017,20250724,SNOW,0,,,N,0800
US1TXAR0017,20250725,SNOW,0,,,N,0800
US1TXAR0017,20250727,SNOW,0,,,N,0800
US1TXAR0017,20250728,SNOW,0,,,N,0800
US1TXAR0017,20250729,SNOW,0,,,N,0800
US1TXAR0017,20250730,SNOW,0,,,N,0800
US1TXAR0017,20250731,SNOW,0,,,N,0800
US1TXAR0017,20250801,PRCP,0,,,N,0800
US1TXAR0017,20250802,PRCP,0,,,N,0800
US1TXAR0017,20250803,PRCP,0,,,N,0800
US1TXAR0017,20250804,PRCP,0,,,N,0800
US1TXAR0017,20250805,PRCP,13,,,N,0800
US1TXAR0017,20250806,PRCP,0,,,N,0800
US1TXAR0017,20250807,PRCP,0,,,N,0800
US1TXAR0017,20250808,PRCP,0,,,N,0800
US1TXAR0017,20250809,PRCP,0,,,N,0800
US1TXAR0017,20250810,PRCP,0,,,N,0800
US1TXAR0017,20250811,PRCP,0,,,N,0800
US1TXAR0017,20250812,PRCP,0,,,N,0800
US1TXAR0017,20250813,PRCP,0,,,N,0800
US1TXAR0017,20250814,PRCP,0,,,N,0800
US1TXAR0017,20250815,PRCP,0,,,N,0800
US1TXAR0017,20250816,PRCP,20,,,N,0800
US1TXAR0017,20250817,PRCP,0,,,N,0800
US1TXAR0017,20250818,PRCP,0,,,N,0800
US1TXAR0017,20250819,PRCP,0,,,N,0800
US1TXAR0017,20250820,PRCP,221,,,N,0800
US1TXAR0017,20250821,PRCP,0,,,N,0800
US1TXAR0017,20250822,PRCP,0,,,N,0800
US1TXAR0017,20250823,PRCP,74,,,N,0800
US1TXAR0017,20250824,PRCP,0,,,N,0800
US1TXAR0017,20250825,PRCP,0,,,N,0800
US1TXAR0017,20250826,PRCP,0,,,N,0800
US1TXAR0017,20250827,PRCP,41,,,N,0800
US1TXAR0017,20250828,PRCP,5,,,N,0800
US1TXAR0017,20250829,PRCP,0,,,N,0800
US1TXAR0017,20250830,PRCP,0,,,N,0800
US1TXAR0017,20250831,PRCP,0,,,N,0800
US1TXAR0017,20250801,SNOW,0,,,N,0800
US1TXAR0017,20250802,SNOW,0,,,N,0800
US1TXAR0017,20250803,SNOW,0,,,N,0800
US1TXAR0017,20250804,SNOW,0,,,N,0800
US1TXAR0017,20250806,SNOW,0,,,N,0800
US1TXAR0017,20250807,SNOW,0,,,N,0800
US1TXAR0017,20250808,SNOW,0,,,N,0800
US1TXAR0017,20250809,SNOW,0,,,N,0800
US1TXAR0017,20250810,SNOW,0,,,N,0800
US1TXAR0017,20250811,SNOW,0,,,N,0800
US1TXAR0017,20250812,SNOW,0,,,N,0800
US1TXAR0017,20250813,SNOW,0,,,N,0800
US1TXAR0017,20250814,SNOW,0,,,N,0800
US1TXAR0017,20250815,SNOW,0,,,N,0800
US1TXAR0017,20250817,SNOW,0,,,N,0800
US1TXAR0017,20250818,SNOW,0,,,N,0800
US1TXAR0017,20250819,SNOW,0,,,N,0800
US1TXAR0017,20250821,SNOW,0,,,N,0800
US1TXAR0017,20250822,SNOW,0,,,N,0800
US1TXAR0017,20250824,SNOW,0,,,N,0800
US1TXAR0017,20250825,SNOW,0,,,N,0800
US1TXAR0017,20250826,SNOW,0,,,N,0800
US1TXAR0017,20250829,SNOW,0,,,N,0800
US1TXAR0017,20250830,SNOW,0,,,N,0800
US1TXAR0017,20250831,SNOW,0,,,N,0800
US1TXAR0017,20250901,PRCP,0,,,N,0800
US1TXAR0017,20250902,PRCP,0,T,,N,0800
US1TXAR0017,20250903,PRCP,8,,,N,0800
US1TXAR0017,20250904,PRCP,0,,,N,0800
US1TXAR0017,20250905,PRCP,0,,,N,0800
US1TXAR0017,20250906,PRCP,0,,,N,0800
US1TXAR0017,20250907,PRCP,76,,,N,0800
US1TXAR0017,20250908,PRCP,64,,,N,0800
US1TXAR0017,20250909,PRCP,0,,,N,0800
US1TXAR0017,20250910,PRCP,0,,,N,0800
US1TXAR0017,20250911,PRCP,0,,,N,0800
US1TXAR0017,20250912,PRCP,0,,,N,0800
US1TXAR0017,20250913,PRCP,0,,,N,0800
US1TXAR0017,20250914,PRCP,0,,,N,0800
US1TXAR0017,20250915,PRCP,0,,,N,0800
US1TXAR0017,20250916,PRCP,0,,,N,0800
US1TXAR0017,20250917,PRCP,3,,,N,0800
US1TXAR0017,20250918,PRCP,0,,,N,0800
US1TXAR0017,20250919,PRCP,0,,,N,0800
US1TXAR0017,20250920,PRCP,0,,,N,0800
US1TXAR0017,20250921,PRCP,36,,,N,0800
US1TXAR0017,20250922,PRCP,0,,,N,0800
US1TXAR0017,20250923,PRCP,0,,,N,0800
US1TXAR0017,20250924,PRCP,91,,,N,0800
US1TXAR0017,20250925,PRCP,292,,,N,0800
US1TXAR0017,20250926,PRCP,41,,,N,0800
US1TXAR0017,20250927,PRCP,0,,,N,0800
US1TXAR0017,20250928,PRCP,0,,,N,0800
US1TXAR0017,20250929,PRCP,0,,,N,0800
US1TXAR0017,20250901,SNOW,0,,,N,0800
US1TXAR0017,20250904,SNOW,0,,,N,0800
US1TXAR0017,20250905,SNOW,0,,,N,0800
US1TXAR0017,20250906,SNOW,0,,,N,0800
US1TXAR0017,20250909,SNOW,0,,,N,0800
US1TXAR0017,20250910,SNOW,0,,,N,0800
US1TXAR0017,20250911,SNOW,0,,,N,0800
US1TXAR0017,20250912,SNOW,0,,,N,0800
US1TXAR0017,20250913,SNOW,0,,,N,0800
US1TXAR0017,20250914,SNOW,0,,,N,0800
US1TXAR0017,20250915,SNOW,0,,,N,0800
US1TXAR0017,20250916,SNOW,0,,,N,0800
US1TXAR0017,20250918,SNOW,0,,,N,0800
US1TXAR0017,20250919,SNOW,0,,,N,0800
US1TXAR0017,20250920,SNOW,0,,,N,0800
US1TXAR0017,20250922,SNOW,0,,,N,0800
US1TXAR0017,20250923,SNOW,0,,,N,0800
US1TXAR0017,20250927,SNOW,0,,,N,0800
US1TXAR0017,20250928,SNOW,0,,,N,0800
US1TXAR0017,20250929,SNOW,0,,,N,0800
US1TXAR0017,20251001,PRCP,0,,,N,0800
US1TXAR0017,20251002,PRCP,0,,,N,0800
US1TXAR0017,20251003,PRCP,0,,,N,0800
US1TXAR0017,20251004,PRCP,0,,,N,0800
US1TXAR0017,20251005,PRCP,107,,,N,0800
US1TXAR0017,20251006,PRCP,0,,,N,0800
US1TXAR0017,20251007,PRCP,0,,,N,0800
US1TXAR0017,20251008,PRCP,0,,,N,0800
US1TXAR0017,20251009,PRCP,0,,,N,0800
US1TXAR0017,20251010,PRCP,0,,,N,0800
US1TXAR0017,20251011,PRCP,0,,,N,0800
US1TXAR0017,20251012,PRCP,0,,,N,0800
US1TXAR0017,20251013,PRCP,0,,,N,0800
US1TXAR0017,20251014,PRCP,0,,,N,0800
US1TXAR0017,20251015,PRCP,0,,,N,0800
US1TXAR0017,20251016,PRCP,0,,,N,0800
US1TXAR0017,20251017,PRCP,0,,,N,0800
US1TXAR0017,20251018,PRCP,3,,,N,0800
US1TXAR0017,20251019,PRCP,0,,,N,0800
US1TXAR0017,20251020,PRCP,0,,,N,0800
US1TXAR0017,20251021,PRCP,0,,,N,0800
US1TXAR0017,20251022,PRCP,0,,,N,0800
US1TXAR0017,20251023,PRCP,0,,,N,0800
US1TXAR0017,20251024,PRCP,0,,,N,0800
US1TXAR0017,20251025,PRCP,25,,,N,0800
US1TXAR0017,20251026,PRCP,3,,,N,0800
US1TXAR0017,20251027,PRCP,0,,,N,0800
US1TXAR0017,20251028,PRCP,0,,,N,0800
US1TXAR0017,20251029,PRCP,0,,,N,0800
US1TXAR0017,20251030,PRCP,0,,,N,0800
US1TXAR0017,20251031,PRCP,0,,,N,0800
US1TXAR0017,20251001,SNOW,0,,,N,0800
US1TXAR0017,20251002,SNOW,0,,,N,0800
US1TXAR0017,20251003,SNOW,0,,,N,0800
US1TXAR0017,20251004,SNOW,0,,,N,0800
US1TXAR0017,20251006,SNOW,0,,,N,0800
US1TXAR0017,20251007,SNOW,0,,,N,0800
US1TXAR0017,20251008,SNOW,0,,,N,0800
US1TXAR0017,20251009,SNOW,0,,,N,0800
US1TXAR0017,20251010,SNOW,0,,,N,0800
US1TXAR0017,20251011,SNOW,0,,,N,0800
US1TXAR0017,20251012,SNOW,0,,,N,0800
US1TXAR0017,20251013,SNOW,0,,,N,0800
US1TXAR0017,20251014,SNOW,0,,,N,0800
US1TXAR0017,20251015,SNOW,0,,,N,0800
US1TXAR0017,20251016,SNOW,0,,,N,0800
US1TXAR0017,20251017,SNOW,0,,,N,0800
US1TXAR0017,20251019,SNOW,0,,,N,0800
US1TXAR0017,20251020,SNOW,0,,,N,0800
US1TXAR0017,20251021,SNOW,0,,,N,0800
US1TXAR0017,20251022,SNOW,0,,,N,0800
US1TXAR0017,20251023,SNOW,0,,,N,0800
US1TXAR0017,20251024,SNOW,0,,,N,0800
US1TXAR0017,20251027,SNOW,0,,,N,0800
US1TXAR0017,20251028,SNOW,0,,,N,0800
US1TXAR0017,20251029,SNOW,0,,,N,0800
US1TXAR0017,20251030,SNOW,0,,,N,0800
US1TXAR0017,20251031,SNOW,0,,,N,0800
US1TXAR0017,20251101,PRCP,0,,,N,0800
US1TXAR0017,20251102,PRCP,5,,,N,0800
US1TXAR0017,20251103,PRCP,0,,,N,0800
US1TXAR0017,20251104,PRCP,0,,,N,0800
US1TXAR0017,20251105,PRCP,0,,,N,0800
US1TXAR0017,20251106,PRCP,0,,,N,0800
US1TXAR0017,20251107,PRCP,0,,,N,0800
US1TXAR0017,20251109,PRCP,0,,,N,0800
US1TXAR0017,20251110,PRCP,0,,,N,0800
US1TXAR0017,20251111,PRCP,0,,,N,0800
US1TXAR0017,20251112,PRCP,0,,,N,0800
US1TXAR0017,20251113,PRCP,0,,,N,0800
US1TXAR0017,20251114,PRCP,0,,,N,0800
US1TXAR0017,20251115,PRCP,0,,,N,0800
US1TXAR0017,20251116,PRCP,0,,,N,0800
US1TXAR0017,20251117,PRCP,0,,,N,0800
US1TXAR0017,20251118,PRCP,0,,,N,0800
US1TXAR0017,20251119,PRCP,0,,,N,0800
US1TXAR0017,20251120,PRCP,0,,,N,0800
US1TXAR0017,20251121,PRCP,0,,,N,0800
US1TXAR0017,20251122,PRCP,0,,,N,0800
US1TXAR0017,20251123,PRCP,0,,,N,0800
US1TXAR0017,20251124,PRCP,71,,,N,0800
US1TXAR0017,20251125,PRCP,0,,,N,0800
US1TXAR0017,20251126,PRCP,10,,,N,0800
US1TXAR0017,20251127,PRCP,0,,,N,0800
US1TXAR0017,20251128,PRCP,0,,,N,0800
US1TXAR0017,20251129,PRCP,5,,,N,0800
US1TXAR0017,20251130,PRCP,3,,,N,0800
US1TXAR0017,20251101,SNOW,0,,,N,0800
US1TXAR0017,20251103,SNOW,0,,,N,0800
US1TXAR0017,20251104,SNOW,0,,,N,0800
US1TXAR0017,20251105,SNOW,0,,,N,0800
US1TXAR0017,20251106,SNOW,0,,,N,0800
US1TXAR0017,20251107,SNOW,0,,,N,0800
US1TXAR0017,20251109,SNOW,0,,,N,0800
US1TXAR0017,20251110,SNOW,0,,,N,0800
US1TXAR0017,20251111,SNOW,0,,,N,0800
US1TXAR0017,20251112,SNOW,0,,,N,0800
US1TXAR0017,20251113,SNOW,0,,,N,0800
US1TXAR0017,20251114,SNOW,0,,,N,0800
US1TXAR0017,20251115,SNOW,0,,,N,0800
US1TXAR0017,20251116,SNOW,0,,,N,0800
US1TXAR0017,20251117,SNOW,0,,,N,0800
US1TXAR0017,20251118,SNOW,0,,,N,0800
US1TXAR0017,20251119,SNOW,0,,,N,0800
US1TXAR0017,20251120,SNOW,0,,,N,0800
US1TXAR0017,20251121,SNOW,0,,,N,0800
US1TXAR0017,20251122,SNOW,0,,,N,0800
US1TXAR0017,20251123,SNOW,0,,,N,0800
US1TXAR0017,20251125,SNOW,0,,,N,0800
US1TXAR0017,20251127,SNOW,0,,,N,0800
US1TXAR0017,20251128,SNOW,0,,,N,0800
US1TXAR0017,20251201,PRCP,33,,,N,0800
US1TXAR0017,20251202,PRCP,10,,,N,0800
US1TXAR0017,20251203,PRCP,0,,,N,0800
US1TXAR0017,20251204,PRCP,13,,,N,0800
US1TXAR0017,20251205,PRCP,3,,,N,0800
US1TXAR0017,20251206,PRCP,30,,,N,0800
US1TXAR0017,20251207,PRCP,0,,,N,0800
US1TXAR0017,20251208,PRCP,0,,,N,0800
US1TXAR0017,20251209,PRCP,0,,,N,0800
US1TXAR0017,20251210,PRCP,0,,,N,0800
US1TXAR0017,20251211,PRCP,0,,,N,0800
US1TXAR0017,20251212,PRCP,0,,,N,0800
US1TXAR0017,20251213,PRCP,0,,,N,0800
US1TXAR0017,20251214,PRCP,3,,,N,0800
US1TXAR0017,20251215,PRCP,0,,,N,0800
US1TXAR0017,20251216,PRCP,0,,,N,0800
US1TXAR0017,20251217,PRCP,33,,,N,0800
US1TXAR0017,20251218,PRCP,58,,,N,0800
US1TXAR0017,20251219,PRCP,0,,,N,0800
US1TXAR0017,20251220,PRCP,0,,,N,0800
US1TXAR0017,20251221,PRCP,0,,,N,0800
US1TXAR0017,20251222,PRCP,0,,,N,0800
US1TXAR0017,20251223,PRCP,0,,,N,0800
US1TXAR0017,20251224,PRCP,0,,,N,0800
US1TXAR0017,20251225,PRCP,0,,,N,0800
US1TXAR0017,20251226,PRCP,0,,,N,0800
US1TXAR0017,20251227,PRCP,0,,,N,0800
US1TXAR0017,20251228,PRCP,0,,,N,0800
US1TXAR0017,20251229,PRCP,0,,,N,0800
US1TXAR0017,20251230,PRCP,0,,,N,0800
US1TXAR0017,20251231,PRCP,0,,,N,0800
US1TXAR0017,20251202,SNOW,0,,,N,0800
US1TXAR0017,20251203,SNOW,0,,,N,0800
US1TXAR0017,20251207,SNOW,0,,,N,0800
US1TXAR0017,20251208,SNOW,0,,,N,0800
US1TXAR0017,20251209,SNOW,0,,,N,0800
US1TXAR0017,20251210,SNOW,0,,,N,0800
US1TXAR0017,20251211,SNOW,0,,,N,0800
US1TXAR0017,20251212,SNOW,0,,,N,0800
US1TXAR0017,20251213,SNOW,0,,,N,0800
US1TXAR0017,20251215,SNOW,0,,,N,0800
US1TXAR0017,20251216,SNOW,0,,,N,0800
US1TXAR0017,20251219,SNOW,0,,,N,0800
US1TXAR0017,20251220,SNOW,0,,,N,0800
US1TXAR0017,20251221,SNOW,0,,,N,0800
US1TXAR0017,20251222,SNOW,0,,,N,0800
US1TXAR0017,20251223,SNOW,0,,,N,0800
US1TXAR0017,20251224,SNOW,0,,,N,0800
US1TXAR0017,20251225,SNOW,0,,,N,0800
US1TXAR0017,20251226,SNOW,0,,,N,0800
US1TXAR0017,20251227,SNOW,0,,,N,0800
US1TXAR0017,20251228,SNOW,0,,,N,0800
US1TXAR0017,20251229,SNOW,0,,,N,0800
US1TXAR0017,20251230,SNOW,0,,,N,0800
US1TXAR0017,20251231,SNOW,0,,,N,0800
US1TXAR0017,20260101,PRCP,0,,,N,0800
US1TXAR0017,20260103,PRCP,0,,,N,0800
US1TXAR0017,20260104,PRCP,0,,,N,0800
US1TXAR0017,20260105,PRCP,0,,,N,0800
US1TXAR0017,20260106,PRCP,0,,,N,0800
US1TXAR0017,20260107,PRCP,0,,,N,0800
US1TXAR0017,20260108,PRCP,0,,,N,0800
US1TXAR0017,20260109,PRCP,0,,,N,0800
US1TXAR0017,20260110,PRCP,10,,,N,0800
US1TXAR0017,20260111,PRCP,0,,,N,0800
US1TXAR0017,20260112,PRCP,0,,,N,0800
US1TXAR0017,20260113,PRCP,0,,,N,0800
US1TXAR0017,20260114,PRCP,0,,,N,0800
US1TXAR0017,20260115,PRCP,0,,,N,0800
US1TXAR0017,20260116,PRCP,0,,,N,0800
US1TXAR0017,20260117,PRCP,0,,,N,0800
US1TXAR0017,20260119,PRCP,0,,,N,0800
US1TXAR0017,20260120,PRCP,0,,,N,0800
US1TXAR0017,20260121,PRCP,0,T,,N,0800
US1TXAR0017,20260122,PRCP,0,,,N,0800
US1TXAR0017,20260123,PRCP,0,,,N,0800
US1TXAR0017,20260124,PRCP,48,,,N,0800
US1TXAR0017,20260125,PRCP,86,,,N,0800
US1TXAR0017,20260126,PRCP,0,,,N,0800
US1TXAR0017,20260127,PRCP,0,,,N,0800
US1TXAR0017,20260128,PRCP,0,,,N,0800
US1TXAR0017,20260129,PRCP,0,,,N,0800
US1TXAR0017,20260131,PRCP,0,,,N,0800
US1TXAR0017,20260101,SNOW,0,,,N,0800
US1TXAR0017,20260103,SNOW,0,,,N,0800
US1TXAR0017,20260104,SNOW,0,,,N,0800
US1TXAR0017,20260105,SNOW,0,,,N,0800
US1TXAR0017,20260106,SNOW,0,,,N,0800
US1TXAR0017,20260107,SNOW,0,,,N,0800
US1TXAR0017,20260108,SNOW,0,,,N,0800
US1TXAR0017,20260109,SNOW,0,,,N,0800
US1TXAR0017,20260111,SNOW,0,,,N,0800
US1TXAR0017,20260112,SNOW,0,,,N,0800
US1TXAR0017,20260113,SNOW,0,,,N,0800
US1TXAR0017,20260114,SNOW,0,,,N,0800
US1TXAR0017,20260115,SNOW,0,,,N,0800
US1TXAR0017,20260116,SNOW,0,,,N,0800
US1TXAR0017,20260117,SNOW,0,,,N,0800
US1TXAR0017,20260119,SNOW,0,,,N,0800
US1TXAR0017,20260120,SNOW,0,,,N,0800
US1TXAR0017,20260122,SNOW,0,,,N,0800
US1TXAR0017,20260123,SNOW,0,,,N,0800
US1TXAR0017,20260126,SNOW,0,,,N,0800
US1TXAR0017,20260127,SNOW,0,,,N,0800
US1TXAR0017,20260128,SNOW,0,,,N,0800
US1TXAR0017,20260129,SNOW,0,,,N,0800
US1TXAR0017,20260131,SNOW,0,,,N,0800
US1TXAR0017,20260201,PRCP,0,,,N,0800
US1TXAR0017,20260203,PRCP,0,,,N,0800
US1TXAR0017,20260204,PRCP,0,,,N,0800
US1TXAR0017,20260205,PRCP,0,,,N,0800
US1TXAR0017,20260206,PRCP,0,,,N,0800
US1TXAR0017,20260207,PRCP,0,,,N,0800
US1TXAR0017,20260208,PRCP,0,,,N,0800
US1TXAR0017,20260210,PRCP,0,,,N,0800
US1TXAR0017,20260211,PRCP,0,,,N,0800
US1TXAR0017,20260212,PRCP,0,,,N,0800
US1TXAR0017,20260213,PRCP,0,,,N,0800
US1TXAR0017,20260214,PRCP,0,,,N,0800
US1TXAR0017,20260215,PRCP,41,,,N,0800
US1TXAR0017,20260218,PRCP,0,,,N,0800
US1TXAR0017,20260219,PRCP,0,,,N,0800
US1TXAR0017,20260220,PRCP,0,,,N,0800
US1TXAR0017,20260221,PRCP,0,,,N,0800
US1TXAR0017,20260222,PRCP,0,,,N,0800
US1TXAR0017,20260223,PRCP,0,,,N,0800
US1TXAR0017,20260224,PRCP,0,,,N,0800
US1TXAR0017,20260225,PRCP,0,,,N,0800
US1TXAR0017,20260226,PRCP,0,,,N,0800
US1TXAR0017,20260227,PRCP,0,,,N,0800
US1TXAR0017,20260228,PRCP,0,,,N,0800
US1TXAR0017,20260201,SNOW,0,,,N,0800
US1TXAR0017,20260203,SNOW,0,,,N,0800
US1TXAR0017,20260204,SNOW,0,,,N,0800
US1TXAR0017,20260205,SNOW,0,,,N,0800
US1TXAR0017,20260206,SNOW,0,,,N,0800
US1TXAR0017,20260207,SNOW,0,,,N,0800
US1TXAR0017,20260208,SNOW,0,,,N,0800
US1TXAR0017,20260210,SNOW,0,,,N,0800
US1TXAR0017,20260211,SNOW,0,,,N,0800
US1TXAR0017,20260212,SNOW,0,,,N,0800
US1TXAR0017,20260213,SNOW,0,,,N,0800
US1TXAR0017,20260214,SNOW,0,,,N,0800
US1TXAR0017,20260218,SNOW,0,,,N,0800
US1TXAR0017,20260219,SNOW,0,,,N,0800
US1TXAR0017,20260220,SNOW,0,,,N,0800
US1TXAR0017,20260221,SNOW,0,,,N,0800
US1TXAR0017,20260222,SNOW,0,,,N,0800
US1TXAR0017,20260223,SNOW,0,,,N,0800
US1TXAR0017,20260224,SNOW,0,,,N,0800
US1TXAR0017,20260225,SNOW,0,,,N,0800
US1TXAR0017,20260226,SNOW,0,,,N,0800
US1TXAR0017,20260227,SNOW,0,,,N,0800
US1TXAR0017,20260228,SNOW,0,,,N,0800
US1TXAR0017,20260301,PRCP,0,,,N,0800
US1TXAR0017,20260303,PRCP,0,,,N,0800
US1TXAR0017,20260304,PRCP,0,,,N,0800
US1TXAR0017,20260305,PRCP,0,,,N,0800
US1TXAR0017,20260306,PRCP,0,,,N,0800
US1TXAR0017,20260307,PRCP,0,,,N,0800
US1TXAR0017,20260308,PRCP,36,,,N,0800
US1TXAR0017,20260309,PRCP,1059,,,N,0800
US1TXAR0017,20260310,PRCP,0,,,N,0800
US1TXAR0017,20260311,PRCP,8,,,N,0800
US1TXAR0017,20260312,PRCP,0,,,N,0800
US1TXAR0017,20260313,PRCP,0,,,N,0800
US1TXAR0017,20260314,PRCP,0,,,N,0800
US1TXAR0017,20260315,PRCP,0,,,N,0800
US1TXAR0017,20260318,PRCP,0,,,N,0800
US1TXAR0017,20260319,PRCP,0,,,N,0800
US1TXAR0017,20260320,PRCP,0,,,N,0800
US1TXAR0017,20260321,PRCP,0,,,N,0800
US1TXAR0017,20260322,PRCP,0,,,N,0800
US1TXAR0017,20260323,PRCP,0,,,N,0800
US1TXAR0017,20260324,PRCP,0,,,N,0800
US1TXAR0017,20260325,PRCP,0,,,N,0800
US1TXAR0017,20260327,PRCP,0,,,N,0800
US1TXAR0017,20260328,PRCP,0,,,N,0800
US1TXAR0017,20260329,PRCP,0,,,N,0800
US1TXAR0017,20260330,PRCP,0,,,N,0800
US1TXAR0017,20260331,PRCP,0,,,N,0800
US1TXAR0017,20260301,SNOW,0,,,N,0800
US1TXAR0017,20260303,SNOW,0,,,N,0800
US1TXAR0017,20260304,SNOW,0,,,N,0800
US1TXAR0017,20260305,SNOW,0,,,N,0800
US1TXAR0017,20260306,SNOW,0,,,N,0800
US1TXAR0017,20260307,SNOW,0,,,N,0800
US1TXAR0017,20260310,SNOW,0,,,N,0800
US1TXAR0017,20260312,SNOW,0,,,N,0800
US1TXAR0017,20260313,SNOW,0,,,N,0800
US1TXAR0017,20260314,SNOW,0,,,N,0800
US1TXAR0017,20260315,SNOW,0,,,N,0800
US1TXAR0017,20260318,SNOW,0,,,N,0800
US1TXAR0017,20260319,SNOW,0,,,N,0800
US1TXAR0017,20260320,SNOW,0,,,N,0800
US1TXAR0017,20260321,SNOW,0,,,N,0800
US1TXAR0017,20260322,SNOW,0,,,N,0800
US1TXAR0017,20260323,SNOW,0,,,N,0800
US1TXAR0017,20260324,SNOW,0,,,N,0800
US1TXAR0017,20260325,SNOW,0,,,N,0800
US1TXAR0017,20260327,SNOW,0,,,N,0800
US1TXAR0017,20260328,SNOW,0,,,N,0800
US1TXAR0017,20260329,SNOW,0,,,N,0800
US1TXAR0017,20260330,SNOW,0,,,N,0800
US1TXAR0017,20260331,SNOW,0,,,N,0800
US1TXAR0017,20260317,DAPR,2,,,N,0800
US1TXAR0017,20260317,MDPR,0,,,N,0800
US1TXAR0017,20260401,PRCP,0,,,N,0800
US1TXAR0017,20260402,PRCP,0,,,N,0800
US1TXAR0017,20260403,PRCP,0,,,N,0800
US1TXAR0017,20260404,PRCP,0,,,N,0800
US1TXAR0017,20260405,PRCP,8,,,N,0800
US1TXAR0017,20260406,PRCP,79,,,N,0800
US1TXAR0017,20260407,PRCP,0,,,N,0800
US1TXAR0017,20260408,PRCP,0,,,N,0800
US1TXAR0017,20260409,PRCP,0,,,N,0800
US1TXAR0017,20260410,PRCP,13,,,N,0800
US1TXAR0017,20260412,PRCP,0,,,N,0800
US1TXAR0017,20260413,PRCP,0,,,N,0800
US1TXAR0017,20260414,PRCP,0,,,N,0800
US1TXAR0017,20260415,PRCP,0,,,N,0800
US1TXAR0017,20260416,PRCP,0,,,N,0800
US1TXAR0017,20260417,PRCP,0,,,N,0800
US1TXAR0017,20260418,PRCP,0,,,N,0800
US1TXAR0017,20260419,PRCP,0,,,N,0800
US1TXAR0017,20260420,PRCP,89,,,N,0800
US1TXAR0017,20260421,PRCP,127,,,N,0800
US1TXAR0017,20260422,PRCP,0,,,N,0800
US1TXAR0017,20260423,PRCP,0,,,N,0800
US1TXAR0017,20260424,PRCP,0,,,N,0800
US1TXAR0017,20260425,PRCP,0,,,N,0800
US1TXAR0017,20260426,PRCP,0,,,N,0800
US1TXAR0017,20260427,PRCP,0,,,N,0800
US1TXAR0017,20260428,PRCP,0,,,N,0800
US1TXAR0017,20260429,PRCP,0,,,N,0800
US1TXAR0017,20260430,PRCP,0,,,N,0800
US1TXAR0017,20260401,SNOW,0,,,N,0800
US1TXAR0017,20260402,SNOW,0,,,N,0800
US1TXAR0017,20260403,SNOW,0,,,N,0800
US1TXAR0017,20260404,SNOW,0,,,N,0800
US1TXAR0017,20260407,SNOW,0,,,N,0800
US1TXAR0017,20260408,SNOW,0,,,N,0800
US1TXAR0017,20260409,SNOW,0,,,N,0800
US1TXAR0017,20260412,SNOW,0,,,N,0800
US1TXAR0017,20260413,SNOW,0,,,N,0800
US1TXAR0017,20260414,SNOW,0,,,N,0800
US1TXAR0017,20260415,SNOW,0,,,N,0800
US1TXAR0017,20260416,SNOW,0,,,N,0800
US1TXAR0017,20260417,SNOW,0,,,N,0800
US1TXAR0017,20260418,SNOW,0,,,N,0800
US1TXAR0017,20260419,SNOW,0,,,N,0800
US1TXAR0017,20260422,SNOW,0,,,N,0800
US1TXAR0017,20260423,SNOW,0,,,N,0800
US1TXAR0017,20260424,SNOW,0,,,N,0800
US1TXAR0017,20260425,SNOW,0,,,N,0800
US1TXAR0017,20260426,SNOW,0,,,N,0800
US1TXAR0017,20260427,SNOW,0,,,N,0800
US1TXAR0017,20260428,SNOW,0,,,N,0800
US1TXAR0017,20260429,SNOW,0,,,N,0800
US1TXAR0017,20260430,SNOW,0,,,N,0800
US1TXAR0017,20260501,PRCP,0,,,N,0800
US1TXAR0017,20260502,PRCP,191,,,N,0800
US1TXAR0017,20260503,PRCP,0,,,N,0800
US1TXAR0017,20260504,PRCP,0,,,N,0800
US1TXAR0017,20260505,PRCP,0,,,N,0800
US1TXAR0017,20260506,PRCP,0,,,N,0800
US1TXAR0017,20260507,PRCP,5,,,N,0800
US1TXAR0017,20260508,PRCP,0,,,N,0800
US1TXAR0017,20260509,PRCP,41,,,N,0800
US1TXAR0017,20260510,PRCP,0,,,N,0800
US1TXAR0017,20260511,PRCP,183,,,N,0800
US1TXAR0017,20260512,PRCP,0,,,N,0800
US1TXAR0017,20260514,PRCP,0,,,N,0800
US1TXAR0017,20260515,PRCP,0,,,N,0800
US1TXAR0017,20260516,PRCP,0,,,N,0800
US1TXAR0017,20260517,PRCP,0,,,N,0800
US1TXAR0017,20260518,PRCP,23,,,N,0800
US1TXAR0017,20260519,PRCP,284,,,N,0800
US1TXAR0017,20260520,PRCP,254,,,N,0800
US1TXAR0017,20260521,PRCP,401,,,N,0800
US1TXAR0017,20260522,PRCP,5,,,N,0800
US1TXAR0017,20260523,PRCP,0,,,N,0800
US1TXAR0017,20260524,PRCP,152,,,N,0800
US1TXAR0017,20260525,PRCP,0,,,N,0800
US1TXAR0017,20260527,PRCP,1275,,,N,0800
US1TXAR0017,20260528,PRCP,38,,,N,0800
US1TXAR0017,20260529,PRCP,0,,,N,0800
US1TXAR0017,20260530,PRCP,0,,,N,0800
US1TXAR0017,20260531,PRCP,0,,,N,0800
US1TXAR0017,20260501,SNOW,0,,,N,0800
US1TXAR0017,20260503,SNOW,0,,,N,0800
US1TXAR0017,20260504,SNOW,0,,,N,0800
US1TXAR0017,20260505,SNOW,0,,,N,0800
US1TXAR0017,20260506,SNOW,0,,,N,0800
US1TXAR0017,20260508,SNOW,0,,,N,0800
US1TXAR0017,20260510,SNOW,0,,,N,0800
US1TXAR0017,20260512,SNOW,0,,,N,0800
US1TXAR0017,20260514,SNOW,0,,,N,0800
US1TXAR0017,20260515,SNOW,0,,,N,0800
US1TXAR0017,20260516,SNOW,0,,,N,0800
US1TXAR0017,20260517,SNOW,0,,,N,0800
US1TXAR0017,20260523,SNOW,0,,,N,0800
US1TXAR0017,20260525,SNOW,0,,,N,0800
US1TXAR0017,20260529,SNOW,0,,,N,0800
US1TXAR0017,20260530,SNOW,0,,,N,0800
US1TXAR0017,20260531,SNOW,0,,,N,0800
US1TXAR0017,20260601,PRCP,0,,,N,0800
US1TXAR0017,20260602,PRCP,0,,,N,0800
US1TXAR0017,20260603,PRCP,99,,,N,0800
US1TXAR0017,20260604,PRCP,18,,,N,0800
US1TXAR0017,20260605,PRCP,0,,,N,0800
US1TXAR0017,20260606,PRCP,0,,,N,0800
US1TXAR0017,20260607,PRCP,0,,,N,0800
US1TXAR0017,20260608,PRCP,0,,,N,0800
US1TXAR0017,20260609,PRCP,0,,,N,0800
US1TXAR0017,20260610,PRCP,0,,,N,0800
US1TXAR0017,20260613,PRCP,0,,,N,0800
US1TXAR0017,20260614,PRCP,132,,,N,0800
US1TXAR0017,20260615,PRCP,81,,,N,0800
US1TXAR0017,20260616,PRCP,305,,,N,0800
US1TXAR0017,20260617,PRCP,973,,,N,0800
US1TXAR0017,20260619,PRCP,0,,,N,0800
US1TXAR0017,20260620,PRCP,0,T,,N,0800
US1TXAR0017,20260621,PRCP,1138,,,N,0800
US1TXAR0017,20260622,PRCP,84,,,N,0800
US1TXAR0017,20260624,PRCP,0,,,N,0800
US1TXAR0017,20260625,PRCP,0,,,N,0800
US1TXAR0017,20260626,PRCP,0,,,N,0800
US1TXAR0017,20260627,PRCP,0,,,N,0800
US1TXAR0017,20260628,PRCP,0,,,N,0800
US1TXAR0017,20260630,PRCP,0,,,N,0800
US1TXAR0017,20260601,SNOW,0,,,N,0800
US1TXAR0017,20260602,SNOW,0,,,N,0800
US1TXAR0017,20260605,SNOW,0,,,N,0800
US1TXAR0017,20260606,SNOW,0,,,N,0800
US1TXAR0017,20260607,SNOW,0,,,N,0800
US1TXAR0017,20260608,SNOW,0,,,N,0800
US1TXAR0017,20260609,SNOW,0,,,N,0800
US1TXAR0017,20260610,SNOW,0,,,N,0800
US1TXAR0017,20260613,SNOW,0,,,N,0800
US1TXAR0017,20260619,SNOW,0,,,N,0800
US1TXAR0017,20260624,SNOW,0,,,N,0800
US1TXAR0017,20260625,SNOW,0,,,N,0800
US1TXAR0017,20260626,SNOW,0,,,N,0800
US1TXAR0017,20260627,SNOW,0,,,N,0800
US1TXAR0017,20260628,SNOW,0,,,N,0800
US1TXAR0017,20260630,SNOW,0,,,N,0800
US1TXAR0017,20260701,PRCP,0,,,N,0800
US1TXAR0017,20260702,PRCP,0,,,N,0800
US1TXAR0017,20260703,PRCP,0,,,N,0800
US1TXAR0017,20260704,PRCP,13,,,N,0800
US1TXAR0017,20260705,PRCP,0,,,N,0800
US1TXAR0017,20260706,PRCP,0,,,N,0800
US1TXAR0017,20260707,PRCP,0,,,N,0800
US1TXAR0017,20260709,PRCP,0,,,N,0800
US1TXAR0017,20260710,PRCP,0,,,N,0800
US1TXAR0017,20260711,PRCP,0,,,N,0800
US1TXAR0017,20260712,PRCP,0,,,N,0800
US1TXAR0017,20260713,PRCP,119,,,N,0800
US1TXAR0017,20260715,PRCP,0,,,N,0800
US1TXAR0017,20260716,PRCP,3,,,N,0800
US1TXAR0017,20260717,PRCP,5,,,N,0800
US1TXAR0017,20260718,PRCP,0,,,N,0800
US1TXAR0017,20260719,PRCP,0,,,N,0800
US1TXAR0017,20260720,PRCP,0,,,N,0800
US1TXAR0017,20260721,PRCP,0,,,N,0800
US1TXAR0017,20260722,PRCP,0,,,N,0800
US1TXAR0017,20260723,PRCP,0,,,N,0800
US1TXAR0017,20260724,PRCP,8,,,N,0800
US1TXAR0017,20260725,PRCP,0,,,N,0800
US1TXAR0017,20260726,PRCP,0,,,N,0800
US1TXAR0017,20260730,PRCP,0,,,N,0800
US1TXAR0017,20260731,PRCP,0,,,N,0800
US1TXAR0017,20260701,SNOW,0,,,N,0800
US1TXAR0017,20260702,SNOW,0,,,N,0800
US1TXAR0017,20260703,SNOW,0,,,N,0800
US1TXAR0017,20260705,SNOW,0,,,N,0800
US1TXAR0017,20260706,SNOW,0,,,N,0800
US1TXAR0017,20260707,SNOW,0,,,N,0800
US1TXAR0017,20260709,SNOW,0,,,N,0800
US1TXAR0017,20260710,SNOW,0,,,N,0800
US1TXAR0017,20260711,SNOW,0,,,N,0800
US1TXAR0017,20260712,SNOW,0,,,N,0800
US1TXAR0017,20260715,SNOW,0,,,N,0800
US1TXAR0017,20260718,SNOW,0,,,N,0800
US1TXAR0017,20260719,SNOW,0,,,N,0800
US1TXAR0017,20260720,SNOW,0,,,N,0800
US1TXAR0017,20260721,SNOW,0,,,N,0800
US1TXAR0017,20260722,SNOW,0,,,N,0800
US1TXAR0017,20260723,SNOW,0,,,N,0800
US1TXAR0017,20260725,SNOW,0,,,N,0800
US1TXAR0017,20260726,SNOW,0,,,N,0800
US1TXAR0017,20260730,SNOW,0,,,N,0800
US1TXAR0017,20260731,SNOW,0,,,N,0800
US1TXAR0017,20260729,DAPR,3,,,N,0800
US1TXAR0017,20260729,MDPR,0,,,N,0800
US1TXAR0017,20260802,PRCP,0,,,N,0800
US1TXAR0017,20260803,PRCP,290,,,N,0800
US1TXAR0017,20260804,PRCP,0,,,N,0800
US1TXAR0017,20260805,PRCP,0,,,N,0800
US1TXAR0017,20260806,PRCP,0,,,N,0800
US1TXAR0017,20260807,PRCP,0,,,N,0800
US1TXAR0017,20260808,PRCP,0,,,N,0800
US1TXAR0017,20260809,PRCP,0,,,N,0800
US1TXAR0017,20260810,PRCP,8,,,N,0800
US1TXAR0017,20260811,PRCP,0,,,N,0800
US1TXAR0017,20260812,PRCP,0,,,N,0800
US1TXAR0017,20260813,PRCP,0,,,N,0800
US1TXAR0017,20260814,PRCP,0,,,N,0800
US1TXAR0017,20260815,PRCP,0,,,N,0800
US1TXAR0017,20260816,PRCP,0,,,N,0800
US1TXAR0017,20260817,PRCP,0,,,N,0800
US1TXAR0017,20260818,PRCP,0,,,N,0800
US1TXAR0017,20260819,PRCP,0,,,N,0800
US1TXAR0017,20260820,PRCP,0,,,N,0800
US1TXAR0017,20260822,PRCP,0,,,N,0800
US1TXAR0017,20260823,PRCP,0,,,N,0800
US1TXAR0017,20260824,PRCP,0,,,N,0800
US1TXAR0017,20260825,PRCP,0,,,N,0800
US1TXAR0017,20260826,PRCP,0,,,N,0800
US1TXAR0017,20260827,PRCP,0,,,N,0800
US1TXAR0017,20260828,PRCP,0,,,N,0800
US1TXAR0017,20260829,PRCP,0,,,N,0800
US1TXAR0017,20260830,PRCP,0,,,N,0800
US1TXAR0017,20260831,PRCP,0,,,N,0800
US1TXAR0017,20260802,SNOW,0,,,N,0800
US1TXAR0017,20260804,SNOW,0,,,N,0800
US1TXAR0017,20260805,SNOW,0,,,N,0800
US1TXAR0017,20260806,SNOW,0,,,N,0800
US1TXAR0017,20260807,SNOW,0,,,N,0800
US1TXAR0017,20260808,SNOW,0,,,N,0800
US1TXAR0017,20260809,SNOW,0,,,N,0800
US1TXAR0017,20260811,SNOW,0,,,N,0800
US1TXAR0017,20260812,SNOW,0,,,N,0800
US1TXAR0017,20260813,SNOW,0,,,N,0800
US1TXAR0017,20260814,SNOW,0,,,N,0800
US1TXAR0017,20260815,SNOW,0,,,N,0800
US1TXAR0017,20260816,SNOW,0,,,N,0800
US1TXAR0017,20260817,SNOW,0,,,N,0800
US1TXAR0017,20260818,SNOW,0,,,N,0800
US1TXAR0017,20260819,SNOW,0,,,N,0800
US1TXAR0017,20260820,SNOW,0,,,N,0800
US1TXAR0017,20260822,SNOW,0,,,N,0800
US1TXAR0017,20260823,SNOW,0,,,N,0800
US1TXAR0017,20260824,SNOW,0,,,N,0800
US1TXAR0017,20260825,SNOW,0,,,N,0800
US1TXAR0017,20260826,SNOW,0,,,N,0800
US1TXAR0017,20260827,SNOW,0,,,N,0800
US1TXAR0017,20260828,SNOW,0,,,N,0800
US1TXAR0017,20260829,SNOW,0,,,N,0800
US1TXAR0017,20260830,SNOW,0,,,N,0800
US1TXAR0017,20260831,SNOW,0,,,N,0800
US1TXAR0017,20260901,PRCP,0,,,N,0800
US1TXAR0017,20260902,PRCP,0,,,N,0800
US1TXAR0017,20260903,PRCP,0,,,N,0800
US1TXAR0017,20260904,PRCP,0,,,N,0800
US1TXAR0017,20260905,PRCP,0,,,N,
US1TXAR0017,20260906,PRCP,0,,,N,
US1TXAR0017,20260907,PRCP,0,,,N,
US1TXAR0017,20260908,PRCP,0,,,N,
US1TXAR0017,20260901,SNOW,0,,,N,0800
US1TXAR0017,20260902,SNOW,0,,,N,0800
US1TXAR0017,20260903,SNOW,0,,,N,0800
US1TXAR0017,20260904,SNOW,0,,,N,0800
US1TXAR0017,20260905,SNOW,0,,,N,
US1TXAR0017,20260906,SNOW,0,,,N,
US1TXAR0017,20260907,SNOW,0,,,N,
US1TXAR0017,20260908,SNOW,0,,,N,
