ID,DATE,ELEMENT,DATA_VALUE,M_FLAG,Q_FLAG,S_FLAG,OBS_TIME
US1TXAS0007,20120101,PRCP,10,,,N,0700
US1TXAS0007,20120102,PRCP,0,,,N,0700
US1TXAS0007,20120103,PRCP,0,,,N,0700
US1TXAS0007,20120104,PRCP,0,,,N,0700
US1TXAS0007,20120105,PRCP,0,,,N,0700
US1TXAS0007,20120106,PRCP,0,,,N,0700
US1TXAS0007,20120107,PRCP,0,,,N,0700
US1TXAS0007,20120108,PRCP,0,,,N,0700
US1TXAS0007,20120109,PRCP,193,,,N,0700
US1TXAS0007,20120110,PRCP,582,,,N,0700
US1TXAS0007,20120111,PRCP,0,,,N,0700
US1TXAS0007,20120112,PRCP,0,,,N,0700
US1TXAS0007,20120113,PRCP,0,,,N,0700
US1TXAS0007,20120114,PRCP,0,,,N,0700
US1TXAS0007,20120115,PRCP,0,,,N,0700
US1TXAS0007,20120116,PRCP,0,,,N,0700
US1TXAS0007,20120117,PRCP,3,,,N,0700
US1TXAS0007,20120118,PRCP,0,,,N,0700
US1TXAS0007,20120119,PRCP,0,,,N,0700
US1TXAS0007,20120120,PRCP,0,,,N,0700
US1TXAS0007,20120121,PRCP,0,,,N,0700
US1TXAS0007,20120122,PRCP,0,,,N,0700
US1TXAS0007,20120123,PRCP,0,,,N,0700
US1TXAS0007,20120124,PRCP,0,,,N,0700
US1TXAS0007,20120125,PRCP,33,,,N,0700
US1TXAS0007,20120126,PRCP,762,,,N,0700
US1TXAS0007,20120127,PRCP,0,,,N,0700
US1TXAS0007,20120128,PRCP,0,,,N,0700
US1TXAS0007,20120129,PRCP,0,,,N,0700
US1TXAS0007,20120130,PRCP,0,,,N,0700
US1TXAS0007,20120131,PRCP,69,,,N,0700
US1TXAS0007,20120101,SNOW,0,,,N,0700
US1TXAS0007,20120102,SNOW,0,,,N,0700
US1TXAS0007,20120103,SNOW,0,,,N,0700
US1TXAS0007,20120104,SNOW,0,,,N,0700
US1TXAS0007,20120105,SNOW,0,,,N,0700
US1TXAS0007,20120106,SNOW,0,,,N,0700
US1TXAS0007,20120107,SNOW,0,,,N,0700
US1TXAS0007,20120108,SNOW,0,,,N,0700
US1TXAS0007,20120109,SNOW,0,,,N,0700
US1TXAS0007,20120110,SNOW,0,,,N,0700
US1TXAS0007,20120111,SNOW,0,,,N,0700
US1TXAS0007,20120112,SNOW,0,,,N,0700
US1TXAS0007,20120113,SNOW,0,,,N,0700
US1TXAS0007,20120114,SNOW,0,,,N,0700
US1TXAS0007,20120115,SNOW,0,,,N,0700
US1TXAS0007,20120116,SNOW,0,,,N,0700
US1TXAS0007,20120117,SNOW,0,,,N,0700
US1TXAS0007,20120118,SNOW,0,,,N,0700
US1TXAS0007,20120119,SNOW,0,,,N,0700
US1TXAS0007,20120120,SNOW,0,,,N,0700
US1TXAS0007,20120121,SNOW,0,,,N,0700
US1TXAS0007,20120122,SNOW,0,,,N,0700
US1TXAS0007,20120123,SNOW,0,,,N,0700
US1TXAS0007,20120124,SNOW,0,,,N,0700
US1TXAS0007,20120125,SNOW,0,,,N,0700
US1TXAS0007,20120126,SNOW,0,,,N,0700
US1TXAS0007,20120127,SNOW,0,,,N,0700
US1TXAS0007,20120128,SNOW,0,,,N,0700
US1TXAS0007,20120129,SNOW,0,,,N,0700
US1TXAS0007,20120130,SNOW,0,,,N,0700
US1TXAS0007,20120131,SNOW,0,,,N,0700
US1TXAS0007,20120201,PRCP,84,,,N,0700
US1TXAS0007,20120202,PRCP,5,,,N,0700
US1TXAS0007,20120203,PRCP,10,,,N,0700
US1TXAS0007,20120204,PRCP,208,,,N,0700
US1TXAS0007,20120205,PRCP,10,,,N,0700
US1TXAS0007,20120206,PRCP,0,,,N,0700
US1TXAS0007,20120207,PRCP,0,,,N,0700
US1TXAS0007,20120208,PRCP,0,,,N,0700
US1TXAS0007,20120209,PRCP,140,,,N,0700
US1TXAS0007,20120210,PRCP,43,,,N,0700
US1TXAS0007,20120211,PRCP,0,,,N,0700
US1TXAS0007,20120212,PRCP,0,,,N,0700
US1TXAS0007,20120213,PRCP,5,,,N,0700
US1TXAS0007,20120214,PRCP,152,,,N,0700
US1TXAS0007,20120215,PRCP,5,,,N,0700
US1TXAS0007,20120216,PRCP,66,,,N,0700
US1TXAS0007,20120217,PRCP,5,,,N,0700
US1TXAS0007,20120218,PRCP,599,,,N,0700
US1TXAS0007,20120219,PRCP,13,,,N,0700
US1TXAS0007,20120220,PRCP,0,,,N,0700
US1TXAS0007,20120221,PRCP,3,,,N,0700
US1TXAS0007,20120222,PRCP,0,,,N,0700
US1TXAS0007,20120223,PRCP,0,,,N,0700
US1TXAS0007,20120224,PRCP,0,,,N,0700
US1TXAS0007,20120225,PRCP,0,,,N,0700
US1TXAS0007,20120226,PRCP,0,,,N,0700
US1TXAS0007,20120227,PRCP,0,,,N,0700
US1TXAS0007,20120228,PRCP,0,,,N,0700
US1TXAS0007,20120229,PRCP,0,,,N,0700
US1TXAS0007,20120201,SNOW,0,,,N,0700
US1TXAS0007,20120202,SNOW,0,,,N,0700
US1TXAS0007,20120203,SNOW,0,,,N,0700
US1TXAS0007,20120204,SNOW,0,,,N,0700
US1TXAS0007,20120205,SNOW,0,,,N,0700
US1TXAS0007,20120206,SNOW,0,,,N,0700
US1TXAS0007,20120207,SNOW,0,,,N,0700
US1TXAS0007,20120208,SNOW,0,,,N,0700
US1TXAS0007,20120209,SNOW,0,,,N,0700
US1TXAS0007,20120210,SNOW,0,,,N,0700
US1TXAS0007,20120211,SNOW,0,,,N,0700
US1TXAS0007,20120212,SNOW,0,,,N,0700
US1TXAS0007,20120213,SNOW,0,,,N,0700
US1TXAS0007,20120214,SNOW,0,,,N,0700
US1TXAS0007,20120215,SNOW,0,,,N,0700
US1TXAS0007,20120216,SNOW,0,,,N,0700
US1TXAS0007,20120217,SNOW,0,,,N,0700
US1TXAS0007,20120218,SNOW,0,,,N,0700
US1TXAS0007,20120219,SNOW,0,,,N,0700
US1TXAS0007,20120220,SNOW,0,,,N,0700
US1TXAS0007,20120221,SNOW,0,,,N,0700
US1TXAS0007,20120222,SNOW,0,,,N,0700
US1TXAS0007,20120223,SNOW,0,,,N,0700
US1TXAS0007,20120224,SNOW,0,,,N,0700
US1TXAS0007,20120225,SNOW,0,,,N,0700
US1TXAS0007,20120226,SNOW,0,,,N,0700
US1TXAS0007,20120227,SNOW,0,,,N,0700
US1TXAS0007,20120228,SNOW,0,,,N,0700
US1TXAS0007,20120229,SNOW,0,,,N,0700
US1TXAS0007,20120301,PRCP,0,,,N,0700
US1TXAS0007,20120302,PRCP,0,,,N,0700
US1TXAS0007,20120303,PRCP,0,,,N,0700
US1TXAS0007,20120304,PRCP,0,,,N,0700
US1TXAS0007,20120305,PRCP,0,,,N,0700
US1TXAS0007,20120306,PRCP,0,,,N,0700
US1TXAS0007,20120307,PRCP,0,,,N,0700
US1TXAS0007,20120308,PRCP,0,,,N,0700
US1TXAS0007,20120309,PRCP,5,,,N,0700
US1TXAS0007,20120310,PRCP,640,,,N,0700
US1TXAS0007,20120311,PRCP,114,,,N,0700
US1TXAS0007,20120312,PRCP,165,,,N,0700
US1TXAS0007,20120313,PRCP,15,,,N,0700
US1TXAS0007,20120314,PRCP,3,,,N,0700
US1TXAS0007,20120315,PRCP,0,,,N,0700
US1TXAS0007,20120316,PRCP,0,,,N,0700
US1TXAS0007,20120317,PRCP,0,,,N,0700
US1TXAS0007,20120318,PRCP,0,,,N,0700
US1TXAS0007,20120319,PRCP,0,,,N,0700
US1TXAS0007,20120320,PRCP,254,,,N,0700
US1TXAS0007,20120321,PRCP,119,,,N,0700
US1TXAS0007,20120322,PRCP,3,,,N,0700
US1TXAS0007,20120323,PRCP,0,,,N,0700
US1TXAS0007,20120324,PRCP,0,,,N,0700
US1TXAS0007,20120325,PRCP,3,,,N,0700
US1TXAS0007,20120326,PRCP,0,,,N,0700
US1TXAS0007,20120327,PRCP,0,,,N,0700
US1TXAS0007,20120328,PRCP,0,,,N,0700
US1TXAS0007,20120329,PRCP,36,,,N,0700
US1TXAS0007,20120330,PRCP,0,,,N,0700
US1TXAS0007,20120331,PRCP,0,,,N,0700
US1TXAS0007,20120301,SNOW,0,,,N,0700
US1TXAS0007,20120302,SNOW,0,,,N,0700
US1TXAS0007,20120303,SNOW,0,,,N,0700
US1TXAS0007,20120304,SNOW,0,,,N,0700
US1TXAS0007,20120305,SNOW,0,,,N,0700
US1TXAS0007,20120306,SNOW,0,,,N,0700
US1TXAS0007,20120307,SNOW,0,,,N,0700
US1TXAS0007,20120308,SNOW,0,,,N,0700
US1TXAS0007,20120309,SNOW,0,,,N,0700
US1TXAS0007,20120310,SNOW,0,,,N,0700
US1TXAS0007,20120311,SNOW,0,,,N,0700
US1TXAS0007,20120312,SNOW,0,,,N,0700
US1TXAS0007,20120313,SNOW,0,,,N,0700
US1TXAS0007,20120314,SNOW,0,,,N,0700
US1TXAS0007,20120315,SNOW,0,,,N,0700
US1TXAS0007,20120316,SNOW,0,,,N,0700
US1TXAS0007,20120317,SNOW,0,,,N,0700
US1TXAS0007,20120318,SNOW,0,,,N,0700
US1TXAS0007,20120319,SNOW,0,,,N,0700
US1TXAS0007,20120320,SNOW,0,,,N,0700
US1TXAS0007,20120321,SNOW,0,,,N,0700
US1TXAS0007,20120322,SNOW,0,,,N,0700
US1TXAS0007,20120323,SNOW,0,,,N,0700
US1TXAS0007,20120324,SNOW,0,,,N,0700
US1TXAS0007,20120325,SNOW,0,,,N,0700
US1TXAS0007,20120326,SNOW,0,,,N,0700
US1TXAS0007,20120327,SNOW,0,,,N,0700
US1TXAS0007,20120328,SNOW,0,,,N,0700
US1TXAS0007,20120329,SNOW,0,,,N,0700
US1TXAS0007,20120330,SNOW,0,,,N,0700
US1TXAS0007,20120331,SNOW,0,,,N,0700
US1TXAS0007,20120401,PRCP,0,,,N,0700
US1TXAS0007,20120402,PRCP,0,,,N,0700
US1TXAS0007,20120403,PRCP,15,,,N,0700
US1TXAS0007,20120404,PRCP,0,,,N,0700
US1TXAS0007,20120405,PRCP,0,,,N,0700
US1TXAS0007,20120406,PRCP,0,,,N,0700
US1TXAS0007,20120407,PRCP,0,,,N,0700
US1TXAS0007,20120408,PRCP,0,,,N,0700
US1TXAS0007,20120409,PRCP,0,,,N,0700
US1TXAS0007,20120410,PRCP,0,,,N,0700
US1TXAS0007,20120411,PRCP,0,,,N,0700
US1TXAS0007,20120412,PRCP,0,,,N,0700
US1TXAS0007,20120413,PRCP,0,,,N,0700
US1TXAS0007,20120414,PRCP,0,,,N,0700
US1TXAS0007,20120415,PRCP,0,,,N,0700
US1TXAS0007,20120416,PRCP,36,,,N,0700
US1TXAS0007,20120417,PRCP,0,,,N,0700
US1TXAS0007,20120418,PRCP,0,,,N,0700
US1TXAS0007,20120419,PRCP,0,,,N,0700
US1TXAS0007,20120420,PRCP,43,,,N,0700
US1TXAS0007,20120421,PRCP,0,,,N,0700
US1TXAS0007,20120422,PRCP,0,,,N,0700
US1TXAS0007,20120423,PRCP,0,,,N,0700
US1TXAS0007,20120424,PRCP,0,,,N,0700
US1TXAS0007,20120425,PRCP,0,,,N,0700
US1TXAS0007,20120426,PRCP,0,,,N,0700
US1TXAS0007,20120427,PRCP,0,,,N,0700
US1TXAS0007,20120428,PRCP,0,,,N,0700
US1TXAS0007,20120429,PRCP,0,,,N,0700
US1TXAS0007,20120430,PRCP,0,,,N,0700
US1TXAS0007,20120401,SNOW,0,,,N,0700
US1TXAS0007,20120402,SNOW,0,,,N,0700
US1TXAS0007,20120403,SNOW,0,,,N,0700
US1TXAS0007,20120404,SNOW,0,,,N,0700
US1TXAS0007,20120405,SNOW,0,,,N,0700
US1TXAS0007,20120406,SNOW,0,,,N,0700
US1TXAS0007,20120407,SNOW,0,,,N,0700
US1TXAS0007,20120408,SNOW,0,,,N,0700
US1TXAS0007,20120409,SNOW,0,,,N,0700
US1TXAS0007,20120410,SNOW,0,,,N,0700
US1TXAS0007,20120411,SNOW,0,,,N,0700
US1TXAS0007,20120412,SNOW,0,,,N,0700
US1TXAS0007,20120413,SNOW,0,,,N,0700
US1TXAS0007,20120414,SNOW,0,,,N,0700
US1TXAS0007,20120415,SNOW,0,,,N,0700
US1TXAS0007,20120416,SNOW,0,,,N,0700
US1TXAS0007,20120417,SNOW,0,,,N,0700
US1TXAS0007,20120418,SNOW,0,,,N,0700
US1TXAS0007,20120419,SNOW,0,,,N,0700
US1TXAS0007,20120420,SNOW,0,,,N,0700
US1TXAS0007,20120421,SNOW,0,,,N,0700
US1TXAS0007,20120422,SNOW,0,,,N,0700
US1TXAS0007,20120423,SNOW,0,,,N,0700
US1TXAS0007,20120424,SNOW,0,,,N,0700
US1TXAS0007,20120425,SNOW,0,,,N,0700
US1TXAS0007,20120426,SNOW,0,,,N,0700
US1TXAS0007,20120427,SNOW,0,,,N,0700
US1TXAS0007,20120428,SNOW,0,,,N,0700
US1TXAS0007,20120429,SNOW,0,,,N,0700
US1TXAS0007,20120430,SNOW,0,,,N,0700
US1TXAS0007,20120501,PRCP,0,,,N,0700
US1TXAS0007,20120502,PRCP,0,,,N,0700
US1TXAS0007,20120503,PRCP,0,,,N,0700
US1TXAS0007,20120504,PRCP,0,,,N,0700
US1TXAS0007,20120505,PRCP,0,,,N,0700
US1TXAS0007,20120506,PRCP,0,,,N,0700
US1TXAS0007,20120507,PRCP,0,,,N,0700
US1TXAS0007,20120508,PRCP,351,,,N,0700
US1TXAS0007,20120509,PRCP,8,,,N,0700
US1TXAS0007,20120510,PRCP,0,,,N,0700
US1TXAS0007,20120511,PRCP,257,,,N,0700
US1TXAS0007,20120512,PRCP,264,,,N,0700
US1TXAS0007,20120513,PRCP,0,,,N,0700
US1TXAS0007,20120514,PRCP,10,,,N,0700
US1TXAS0007,20120515,PRCP,102,,,N,0700
US1TXAS0007,20120516,PRCP,0,,,N,0700
US1TXAS0007,20120517,PRCP,0,,,N,0700
US1TXAS0007,20120518,PRCP,0,,,N,0700
US1TXAS0007,20120519,PRCP,0,,,N,0700
US1TXAS0007,20120520,PRCP,0,,,N,0700
US1TXAS0007,20120521,PRCP,0,,,N,0700
US1TXAS0007,20120522,PRCP,0,,,N,0700
US1TXAS0007,20120523,PRCP,0,,,N,0700
US1TXAS0007,20120524,PRCP,0,,,N,0700
US1TXAS0007,20120525,PRCP,0,,,N,0700
US1TXAS0007,20120526,PRCP,0,,,N,0700
US1TXAS0007,20120527,PRCP,0,,,N,0700
US1TXAS0007,20120528,PRCP,0,,,N,0700
US1TXAS0007,20120529,PRCP,0,,,N,0700
US1TXAS0007,20120530,PRCP,0,,,N,0700
US1TXAS0007,20120531,PRCP,0,,,N,0700
US1TXAS0007,20120501,SNOW,0,,,N,0700
US1TXAS0007,20120502,SNOW,0,,,N,0700
US1TXAS0007,20120503,SNOW,0,,,N,0700
US1TXAS0007,20120504,SNOW,0,,,N,0700
US1TXAS0007,20120505,SNOW,0,,,N,0700
US1TXAS0007,20120506,SNOW,0,,,N,0700
US1TXAS0007,20120507,SNOW,0,,,N,0700
US1TXAS0007,20120508,SNOW,0,,,N,0700
US1TXAS0007,20120509,SNOW,0,,,N,0700
US1TXAS0007,20120510,SNOW,0,,,N,0700
US1TXAS0007,20120511,SNOW,0,,,N,0700
US1TXAS0007,20120512,SNOW,0,,,N,0700
US1TXAS0007,20120513,SNOW,0,,,N,0700
US1TXAS0007,20120514,SNOW,0,,,N,0700
US1TXAS0007,20120515,SNOW,0,,,N,0700
US1TXAS0007,20120516,SNOW,0,,,N,0700
US1TXAS0007,20120517,SNOW,0,,,N,0700
US1TXAS0007,20120518,SNOW,0,,,N,0700
US1TXAS0007,20120519,SNOW,0,,,N,0700
US1TXAS0007,20120520,SNOW,0,,,N,0700
US1TXAS0007,20120521,SNOW,0,,,N,0700
US1TXAS0007,20120522,SNOW,0,,,N,0700
US1TXAS0007,20120523,SNOW,0,,,N,0700
US1TXAS0007,20120524,SNOW,0,,,N,0700
US1TXAS0007,20120525,SNOW,0,,,N,0700
US1TXAS0007,20120526,SNOW,0,,,N,0700
US1TXAS0007,20120527,SNOW,0,,,N,0700
US1TXAS0007,20120528,SNOW,0,,,N,0700
US1TXAS0007,20120529,SNOW,0,,,N,0700
US1TXAS0007,20120530,SNOW,0,,,N,0700
US1TXAS0007,20120531,SNOW,0,,,N,0700
US1TXAS0007,20120601,PRCP,53,,,N,0700
US1TXAS0007,20120602,PRCP,0,,,N,0700
US1TXAS0007,20120603,PRCP,0,,,N,0700
US1TXAS0007,20120604,PRCP,0,,,N,0700
US1TXAS0007,20120605,PRCP,0,,,N,0700
US1TXAS0007,20120606,PRCP,0,,,N,0700
US1TXAS0007,20120607,PRCP,0,,,N,0700
US1TXAS0007,20120608,PRCP,724,,,N,0700
US1TXAS0007,20120609,PRCP,290,,,N,0700
US1TXAS0007,20120610,PRCP,0,,,N,0700
US1TXAS0007,20120611,PRCP,0,,,N,0700
US1TXAS0007,20120612,PRCP,0,,,N,0700
US1TXAS0007,20120613,PRCP,15,,,N,0700
US1TXAS0007,20120614,PRCP,0,,,N,0700
US1TXAS0007,20120615,PRCP,0,,,N,0700
US1TXAS0007,20120616,PRCP,0,,,N,0700
US1TXAS0007,20120617,PRCP,0,,,N,0700
US1TXAS0007,20120618,PRCP,0,,,N,0700
US1TXAS0007,20120619,PRCP,0,,,N,0700
US1TXAS0007,20120620,PRCP,191,,,N,0700
US1TXAS0007,20120621,PRCP,310,,,N,0700
US1TXAS0007,20120622,PRCP,0,,,N,0700
US1TXAS0007,20120623,PRCP,0,,,N,0700
US1TXAS0007,20120624,PRCP,0,,,N,0700
US1TXAS0007,20120625,PRCP,0,,,N,0700
US1TXAS0007,20120626,PRCP,0,,,N,0700
US1TXAS0007,20120627,PRCP,0,,,N,0700
US1TXAS0007,20120628,PRCP,0,,,N,0700
US1TXAS0007,20120629,PRCP,0,,,N,0700
US1TXAS0007,20120630,PRCP,0,,,N,0700
US1TXAS0007,20120601,SNOW,0,,,N,0700
US1TXAS0007,20120602,SNOW,0,,,N,0700
US1TXAS0007,20120603,SNOW,0,,,N,0700
US1TXAS0007,20120604,SNOW,0,,,N,0700
US1TXAS0007,20120605,SNOW,0,,,N,0700
US1TXAS0007,20120606,SNOW,0,,,N,0700
US1TXAS0007,20120607,SNOW,0,,,N,0700
US1TXAS0007,20120608,SNOW,0,,,N,0700
US1TXAS0007,20120609,SNOW,0,,,N,0700
US1TXAS0007,20120610,SNOW,0,,,N,0700
US1TXAS0007,20120611,SNOW,0,,,N,0700
US1TXAS0007,20120612,SNOW,0,,,N,0700
US1TXAS0007,20120613,SNOW,0,,,N,0700
US1TXAS0007,20120614,SNOW,0,,,N,0700
US1TXAS0007,20120615,SNOW,0,,,N,0700
US1TXAS0007,20120616,SNOW,0,,,N,0700
US1TXAS0007,20120617,SNOW,0,,,N,0700
US1TXAS0007,20120618,SNOW,0,,,N,0700
US1TXAS0007,20120619,SNOW,0,,,N,0700
US1TXAS0007,20120620,SNOW,0,,,N,0700
US1TXAS0007,20120621,SNOW,0,,,N,0700
US1TXAS0007,20120622,SNOW,0,,,N,0700
US1TXAS0007,20120623,SNOW,0,,,N,0700
US1TXAS0007,20120624,SNOW,0,,,N,0700
US1TXAS0007,20120625,SNOW,0,,,N,0700
US1TXAS0007,20120626,SNOW,0,,,N,0700
US1TXAS0007,20120627,SNOW,0,,,N,0700
US1TXAS0007,20120628,SNOW,0,,,N,0700
US1TXAS0007,20120629,SNOW,0,,,N,0700
US1TXAS0007,20120630,SNOW,0,,,N,0700
US1TXAS0007,20120701,PRCP,254,,,N,0700
US1TXAS0007,20120702,PRCP,168,,,N,0700
US1TXAS0007,20120703,PRCP,0,,,N,0700
US1TXAS0007,20120704,PRCP,74,,,N,0700
US1TXAS0007,20120705,PRCP,0,,,N,0700
US1TXAS0007,20120706,PRCP,0,,,N,0700
US1TXAS0007,20120707,PRCP,0,,,N,0700
US1TXAS0007,20120708,PRCP,0,,,N,0700
US1TXAS0007,20120709,PRCP,246,,,N,0700
US1TXAS0007,20120710,PRCP,89,,,N,0700
US1TXAS0007,20120711,PRCP,0,,,N,0700
US1TXAS0007,20120712,PRCP,963,,,N,0700
US1TXAS0007,20120713,PRCP,0,,,N,0700
US1TXAS0007,20120714,PRCP,478,,,N,0700
US1TXAS0007,20120715,PRCP,498,,,N,0700
US1TXAS0007,20120716,PRCP,8,,,N,0700
US1TXAS0007,20120717,PRCP,61,,,N,0700
US1TXAS0007,20120718,PRCP,18,,,N,0700
US1TXAS0007,20120719,PRCP,0,,,N,0700
US1TXAS0007,20120720,PRCP,0,,,N,0700
US1TXAS0007,20120721,PRCP,0,,,N,0700
US1TXAS0007,20120722,PRCP,10,,,N,0700
US1TXAS0007,20120723,PRCP,0,,,N,0700
US1TXAS0007,20120724,PRCP,0,,,N,0700
US1TXAS0007,20120725,PRCP,38,,,N,0700
US1TXAS0007,20120726,PRCP,0,,,N,0700
US1TXAS0007,20120727,PRCP,0,,,N,0700
US1TXAS0007,20120728,PRCP,0,,,N,0700
US1TXAS0007,20120729,PRCP,0,,,N,0700
US1TXAS0007,20120730,PRCP,0,,,N,0700
US1TXAS0007,20120731,PRCP,0,,,N,0700
US1TXAS0007,20120701,SNOW,0,,,N,0700
US1TXAS0007,20120702,SNOW,0,,,N,0700
US1TXAS0007,20120703,SNOW,0,,,N,0700
US1TXAS0007,20120704,SNOW,0,,,N,0700
US1TXAS0007,20120705,SNOW,0,,,N,0700
US1TXAS0007,20120706,SNOW,0,,,N,0700
US1TXAS0007,20120707,SNOW,0,,,N,0700
US1TXAS0007,20120708,SNOW,0,,,N,0700
US1TXAS0007,20120709,SNOW,0,,,N,0700
US1TXAS0007,20120710,SNOW,0,,,N,0700
US1TXAS0007,20120711,SNOW,0,,,N,0700
US1TXAS0007,20120712,SNOW,0,,,N,0700
US1TXAS0007,20120713,SNOW,0,,,N,0700
US1TXAS0007,20120714,SNOW,0,,,N,0700
US1TXAS0007,20120715,SNOW,0,,,N,0700
US1TXAS0007,20120716,SNOW,0,,,N,0700
US1TXAS0007,20120717,SNOW,0,,,N,0700
US1TXAS0007,20120718,SNOW,0,,,N,0700
US1TXAS0007,20120719,SNOW,0,,,N,0700
US1TXAS0007,20120720,SNOW,0,,,N,0700
US1TXAS0007,20120721,SNOW,0,,,N,0700
US1TXAS0007,20120722,SNOW,0,,,N,0700
US1TXAS0007,20120723,SNOW,0,,,N,0700
US1TXAS0007,20120724,SNOW,0,,,N,0700
US1TXAS0007,20120725,SNOW,0,,,N,0700
US1TXAS0007,20120726,SNOW,0,,,N,0700
US1TXAS0007,20120727,SNOW,0,,,N,0700
US1TXAS0007,20120728,SNOW,0,,,N,0700
US1TXAS0007,20120729,SNOW,0,,,N,0700
US1TXAS0007,20120730,SNOW,0,,,N,0700
US1TXAS0007,20120731,SNOW,0,,,N,0700
US1TXAS0007,20120801,PRCP,0,,,N,0700
US1TXAS0007,20120802,PRCP,0,,,N,0700
US1TXAS0007,20120803,PRCP,0,,,N,0700
US1TXAS0007,20120804,PRCP,0,,,N,0700
US1TXAS0007,20120805,PRCP,0,,,N,0700
US1TXAS0007,20120806,PRCP,427,,,N,0700
US1TXAS0007,20120807,PRCP,0,,,N,0700
US1TXAS0007,20120808,PRCP,0,,,N,0700
US1TXAS0007,20120809,PRCP,0,,,N,0700
US1TXAS0007,20120810,PRCP,0,,,N,0700
US1TXAS0007,20120811,PRCP,28,,,N,0700
US1TXAS0007,20120812,PRCP,0,,,N,0700
US1TXAS0007,20120813,PRCP,0,,,N,0700
US1TXAS0007,20120814,PRCP,0,,,N,0700
US1TXAS0007,20120815,PRCP,0,,,N,0700
US1TXAS0007,20120816,PRCP,0,,,N,0700
US1TXAS0007,20120817,PRCP,0,,,N,0700
US1TXAS0007,20120818,PRCP,0,,,N,0700
US1TXAS0007,20120819,PRCP,307,,,N,0700
US1TXAS0007,20120820,PRCP,229,,,N,0700
US1TXAS0007,20120821,PRCP,0,,,N,0700
US1TXAS0007,20120822,PRCP,0,,,N,0700
US1TXAS0007,20120823,PRCP,0,,,N,0700
US1TXAS0007,20120824,PRCP,0,,,N,0700
US1TXAS0007,20120825,PRCP,0,,,N,0700
US1TXAS0007,20120826,PRCP,168,,,N,0700
US1TXAS0007,20120827,PRCP,5,,,N,0700
US1TXAS0007,20120828,PRCP,0,,,N,0700
US1TXAS0007,20120829,PRCP,0,,,N,0700
US1TXAS0007,20120830,PRCP,0,,,N,0700
US1TXAS0007,20120831,PRCP,0,,,N,0700
US1TXAS0007,20120801,SNOW,0,,,N,0700
US1TXAS0007,20120802,SNOW,0,,,N,0700
US1TXAS0007,20120803,SNOW,0,,,N,0700
US1TXAS0007,20120804,SNOW,0,,,N,0700
US1TXAS0007,20120805,SNOW,0,,,N,0700
US1TXAS0007,20120806,SNOW,0,,,N,0700
US1TXAS0007,20120807,SNOW,0,,,N,0700
US1TXAS0007,20120808,SNOW,0,,,N,0700
US1TXAS0007,20120809,SNOW,0,,,N,0700
US1TXAS0007,20120810,SNOW,0,,,N,0700
US1TXAS0007,20120812,SNOW,0,,,N,0700
US1TXAS0007,20120813,SNOW,0,,,N,0700
US1TXAS0007,20120814,SNOW,0,,,N,0700
US1TXAS0007,20120815,SNOW,0,,,N,0700
US1TXAS0007,20120816,SNOW,0,,,N,0700
US1TXAS0007,20120817,SNOW,0,,,N,0700
US1TXAS0007,20120818,SNOW,0,,,N,0700
US1TXAS0007,20120821,SNOW,0,,,N,0700
US1TXAS0007,20120822,SNOW,0,,,N,0700
US1TXAS0007,20120823,SNOW,0,,,N,0700
US1TXAS0007,20120824,SNOW,0,,,N,0700
US1TXAS0007,20120825,SNOW,0,,,N,0700
US1TXAS0007,20120828,SNOW,0,,,N,0700
US1TXAS0007,20120829,SNOW,0,,,N,0700
US1TXAS0007,20120830,SNOW,0,,,N,0700
US1TXAS0007,20120831,SNOW,0,,,N,0700
US1TXAS0007,20120901,PRCP,0,,,N,0700
US1TXAS0007,20120902,PRCP,3,,,N,0700
US1TXAS0007,20120903,PRCP,0,,,N,0700
US1TXAS0007,20120904,PRCP,0,,,N,0700
US1TXAS0007,20120905,PRCP,0,,,N,0700
US1TXAS0007,20120906,PRCP,0,,,N,0700
US1TXAS0007,20120907,PRCP,0,,,N,0700
US1TXAS0007,20120908,PRCP,0,,,N,0700
US1TXAS0007,20120909,PRCP,0,,,N,0700
US1TXAS0007,20120910,PRCP,0,,,N,0700
US1TXAS0007,20120911,PRCP,0,,,N,0700
US1TXAS0007,20120912,PRCP,0,,,N,0700
US1TXAS0007,20120913,PRCP,0,T,,N,0700
US1TXAS0007,20120914,PRCP,13,,,N,0700
US1TXAS0007,20120915,PRCP,132,,,N,0700
US1TXAS0007,20120916,PRCP,28,,,N,0700
US1TXAS0007,20120917,PRCP,290,,,N,0700
US1TXAS0007,20120918,PRCP,0,,,N,0700
US1TXAS0007,20120919,PRCP,0,,,N,0700
US1TXAS0007,20120920,PRCP,0,,,N,0700
US1TXAS0007,20120921,PRCP,0,,,N,0700
US1TXAS0007,20120922,PRCP,0,,,N,0700
US1TXAS0007,20120923,PRCP,0,,,N,0700
US1TXAS0007,20120924,PRCP,0,,,N,0700
US1TXAS0007,20120925,PRCP,0,,,N,0700
US1TXAS0007,20120926,PRCP,0,,,N,0700
US1TXAS0007,20120927,PRCP,0,,,N,0700
US1TXAS0007,20120928,PRCP,178,,,N,0700
US1TXAS0007,20120929,PRCP,91,,,N,0700
US1TXAS0007,20120930,PRCP,417,,,N,0700
US1TXAS0007,20120901,SNOW,0,,,N,0700
US1TXAS0007,20120903,SNOW,0,,,N,0700
US1TXAS0007,20120904,SNOW,0,,,N,0700
US1TXAS0007,20120905,SNOW,0,,,N,0700
US1TXAS0007,20120906,SNOW,0,,,N,0700
US1TXAS0007,20120907,SNOW,0,,,N,0700
US1TXAS0007,20120908,SNOW,0,,,N,0700
US1TXAS0007,20120909,SNOW,0,,,N,0700
US1TXAS0007,20120910,SNOW,0,,,N,0700
US1TXAS0007,20120911,SNOW,0,,,N,0700
US1TXAS0007,20120912,SNOW,0,,,N,0700
US1TXAS0007,20120913,SNOW,0,,,N,0700
US1TXAS0007,20120914,SNOW,0,,,N,0700
US1TXAS0007,20120915,SNOW,0,,,N,0700
US1TXAS0007,20120916,SNOW,0,,,N,0700
US1TXAS0007,20120917,SNOW,0,,,N,0700
US1TXAS0007,20120918,SNOW,0,,,N,0700
US1TXAS0007,20120919,SNOW,0,,,N,0700
US1TXAS0007,20120920,SNOW,0,,,N,0700
US1TXAS0007,20120921,SNOW,0,,,N,0700
US1TXAS0007,20120922,SNOW,0,,,N,0700
US1TXAS0007,20120923,SNOW,0,,,N,0700
US1TXAS0007,20120924,SNOW,0,,,N,0700
US1TXAS0007,20120925,SNOW,0,,,N,0700
US1TXAS0007,20120926,SNOW,0,,,N,0700
US1TXAS0007,20120927,SNOW,0,,,N,0700
US1TXAS0007,20121001,PRCP,3,,,N,0700
US1TXAS0007,20121002,PRCP,0,,,N,0700
US1TXAS0007,20121003,PRCP,0,T,,N,0700
US1TXAS0007,20121004,PRCP,0,,,N,0700
US1TXAS0007,20121005,PRCP,0,,,N,0700
US1TXAS0007,20121006,PRCP,0,,,N,0700
US1TXAS0007,20121007,PRCP,0,,,N,0700
US1TXAS0007,20121008,PRCP,0,,,N,0700
US1TXAS0007,20121009,PRCP,0,,,N,0700
US1TXAS0007,20121010,PRCP,0,,,N,0700
US1TXAS0007,20121011,PRCP,0,,,N,0700
US1TXAS0007,20121012,PRCP,25,,,N,0700
US1TXAS0007,20121013,PRCP,0,,,N,0700
US1TXAS0007,20121014,PRCP,3,,,N,0700
US1TXAS0007,20121015,PRCP,97,,,N,0700
US1TXAS0007,20121016,PRCP,0,,,N,0700
US1TXAS0007,20121017,PRCP,224,,,N,0700
US1TXAS0007,20121018,PRCP,0,,,N,0700
US1TXAS0007,20121019,PRCP,0,,,N,0700
US1TXAS0007,20121020,PRCP,0,,,N,0700
US1TXAS0007,20121021,PRCP,0,,,N,0700
US1TXAS0007,20121022,PRCP,0,,,N,0700
US1TXAS0007,20121023,PRCP,0,,,N,0700
US1TXAS0007,20121024,PRCP,0,,,N,0700
US1TXAS0007,20121025,PRCP,0,,,N,0700
US1TXAS0007,20121026,PRCP,13,,,N,0700
US1TXAS0007,20121027,PRCP,3,,,N,0700
US1TXAS0007,20121028,PRCP,0,,,N,0700
US1TXAS0007,20121029,PRCP,0,,,N,0700
US1TXAS0007,20121030,PRCP,0,,,N,0700
US1TXAS0007,20121031,PRCP,0,,,N,0700
US1TXAS0007,20121002,SNOW,0,,,N,0700
US1TXAS0007,20121004,SNOW,0,,,N,0700
US1TXAS0007,20121005,SNOW,0,,,N,0700
US1TXAS0007,20121006,SNOW,0,,,N,0700
US1TXAS0007,20121007,SNOW,0,,,N,0700
US1TXAS0007,20121008,SNOW,0,,,N,0700
US1TXAS0007,20121009,SNOW,0,,,N,0700
US1TXAS0007,20121010,SNOW,0,,,N,0700
US1TXAS0007,20121011,SNOW,0,,,N,0700
US1TXAS0007,20121013,SNOW,0,,,N,0700
US1TXAS0007,20121014,SNOW,0,,,N,0700
US1TXAS0007,20121015,SNOW,0,,,N,0700
US1TXAS0007,20121016,SNOW,0,,,N,0700
US1TXAS0007,20121017,SNOW,0,,,N,0700
US1TXAS0007,20121018,SNOW,0,,,N,0700
US1TXAS0007,20121019,SNOW,0,,,N,0700
US1TXAS0007,20121020,SNOW,0,,,N,0700
US1TXAS0007,20121021,SNOW,0,,,N,0700
US1TXAS0007,20121022,SNOW,0,,,N,0700
US1TXAS0007,20121023,SNOW,0,,,N,0700
US1TXAS0007,20121024,SNOW,0,,,N,0700
US1TXAS0007,20121025,SNOW,0,,,N,0700
US1TXAS0007,20121026,SNOW,0,,,N,0700
US1TXAS0007,20121027,SNOW,0,,,N,0700
US1TXAS0007,20121028,SNOW,0,,,N,0700
US1TXAS0007,20121029,SNOW,0,,,N,0700
US1TXAS0007,20121030,SNOW,0,,,N,0700
US1TXAS0007,20121031,SNOW,0,,,N,0700
US1TXAS0007,20121101,PRCP,0,,,N,0700
US1TXAS0007,20121102,PRCP,0,,,N,0700
US1TXAS0007,20121103,PRCP,28,,,N,0700
US1TXAS0007,20121104,PRCP,0,,,N,0700
US1TXAS0007,20121105,PRCP,0,,,N,0700
US1TXAS0007,20121106,PRCP,23,,,N,0700
US1TXAS0007,20121107,PRCP,0,,,N,0700
US1TXAS0007,20121108,PRCP,0,,,N,0700
US1TXAS0007,20121109,PRCP,0,,,N,0700
US1TXAS0007,20121110,PRCP,0,,,N,0700
US1TXAS0007,20121111,PRCP,0,,,N,0700
US1TXAS0007,20121112,PRCP,10,,,N,0700
US1TXAS0007,20121113,PRCP,0,,,N,0700
US1TXAS0007,20121114,PRCP,0,,,N,0700
US1TXAS0007,20121115,PRCP,0,,,N,0700
US1TXAS0007,20121116,PRCP,0,,,N,0700
US1TXAS0007,20121117,PRCP,0,,,N,0700
US1TXAS0007,20121118,PRCP,0,,,N,0700
US1TXAS0007,20121119,PRCP,0,,,N,0700
US1TXAS0007,20121120,PRCP,0,,,N,0700
US1TXAS0007,20121121,PRCP,0,,,N,0700
US1TXAS0007,20121122,PRCP,0,,,N,0700
US1TXAS0007,20121123,PRCP,0,,,N,0700
US1TXAS0007,20121124,PRCP,5,,,N,0700
US1TXAS0007,20121125,PRCP,0,,,N,0700
US1TXAS0007,20121126,PRCP,0,,,N,0700
US1TXAS0007,20121127,PRCP,0,,,N,0700
US1TXAS0007,20121128,PRCP,0,T,,N,0700
US1TXAS0007,20121129,PRCP,0,,,N,0700
US1TXAS0007,20121130,PRCP,0,,,N,0700
US1TXAS0007,20121101,SNOW,0,,,N,0700
US1TXAS0007,20121102,SNOW,0,,,N,0700
US1TXAS0007,20121104,SNOW,0,,,N,0700
US1TXAS0007,20121105,SNOW,0,,,N,0700
US1TXAS0007,20121107,SNOW,0,,,N,0700
US1TXAS0007,20121108,SNOW,0,,,N,0700
US1TXAS0007,20121109,SNOW,0,,,N,0700
US1TXAS0007,20121110,SNOW,0,,,N,0700
US1TXAS0007,20121111,SNOW,0,,,N,0700
US1TXAS0007,20121113,SNOW,0,,,N,0700
US1TXAS0007,20121114,SNOW,0,,,N,0700
US1TXAS0007,20121115,SNOW,0,,,N,0700
US1TXAS0007,20121116,SNOW,0,,,N,0700
US1TXAS0007,20121117,SNOW,0,,,N,0700
US1TXAS0007,20121118,SNOW,0,,,N,0700
US1TXAS0007,20121119,SNOW,0,,,N,0700
US1TXAS0007,20121120,SNOW,0,,,N,0700
US1TXAS0007,20121121,SNOW,0,,,N,0700
US1TXAS0007,20121122,SNOW,0,,,N,0700
US1TXAS0007,20121123,SNOW,0,,,N,0700
US1TXAS0007,20121125,SNOW,0,,,N,0700
US1TXAS0007,20121126,SNOW,0,,,N,0700
US1TXAS0007,20121127,SNOW,0,,,N,0700
US1TXAS0007,20121129,SNOW,0,,,N,0700
US1TXAS0007,20121130,SNOW,0,,,N,0700
US1TXAS0007,20121201,PRCP,3,,,N,0700
US1TXAS0007,20121202,PRCP,3,,,N,0700
US1TXAS0007,20121203,PRCP,0,,,N,0700
US1TXAS0007,20121204,PRCP,0,,,N,0700
US1TXAS0007,20121205,PRCP,20,,,N,0700
US1TXAS0007,20121206,PRCP,0,,,N,0700
US1TXAS0007,20121207,PRCP,0,,,N,0700
US1TXAS0007,20121208,PRCP,3,,,N,0700
US1TXAS0007,20121209,PRCP,3,,,N,0700
US1TXAS0007,20121210,PRCP,25,,,N,0700
US1TXAS0007,20121211,PRCP,0,,,N,0700
US1TXAS0007,20121212,PRCP,0,,,N,0700
US1TXAS0007,20121213,PRCP,0,,,N,0700
US1TXAS0007,20121214,PRCP,0,,,N,0700
US1TXAS0007,20121215,PRCP,8,,,N,0700
US1TXAS0007,20121216,PRCP,18,,,N,0700
US1TXAS0007,20121217,PRCP,114,,,N,0700
US1TXAS0007,20121218,PRCP,0,,,N,0700
US1TXAS0007,20121219,PRCP,0,,,N,0700
US1TXAS0007,20121220,PRCP,30,,,N,0700
US1TXAS0007,20121221,PRCP,0,,,N,0700
US1TXAS0007,20121222,PRCP,0,,,N,0700
US1TXAS0007,20121223,PRCP,0,,,N,0700
US1TXAS0007,20121224,PRCP,0,,,N,0700
US1TXAS0007,20121225,PRCP,8,,,N,0700
US1TXAS0007,20121226,PRCP,0,T,,N,0700
US1TXAS0007,20121227,PRCP,0,,,N,0700
US1TXAS0007,20121228,PRCP,30,,,N,0700
US1TXAS0007,20121229,PRCP,0,T,,N,0700
US1TXAS0007,20121230,PRCP,0,,,N,0700
US1TXAS0007,20121231,PRCP,3,,,N,0700
US1TXAS0007,20121203,SNOW,0,,,N,0700
US1TXAS0007,20121204,SNOW,0,,,N,0700
US1TXAS0007,20121206,SNOW,0,,,N,0700
US1TXAS0007,20121207,SNOW,0,,,N,0700
US1TXAS0007,20121208,SNOW,0,,,N,0700
US1TXAS0007,20121211,SNOW,0,,,N,0700
US1TXAS0007,20121212,SNOW,0,,,N,0700
US1TXAS0007,20121213,SNOW,0,,,N,0700
US1TXAS0007,20121214,SNOW,0,,,N,0700
US1TXAS0007,20121218,SNOW,0,,,N,0700
US1TXAS0007,20121219,SNOW,0,,,N,0700
US1TXAS0007,20121221,SNOW,0,,,N,0700
US1TXAS0007,20121222,SNOW,0,,,N,0700
US1TXAS0007,20121223,SNOW,0,,,N,0700
US1TXAS0007,20121224,SNOW,0,,,N,0700
US1TXAS0007,20121227,SNOW,0,,,N,0700
US1TXAS0007,20121230,SNOW,0,,,N,0700
US1TXAS0007,20130101,PRCP,69,,,N,0700
US1TXAS0007,20130102,PRCP,3,,,N,0700
US1TXAS0007,20130103,PRCP,0,T,,N,0700
US1TXAS0007,20130104,PRCP,0,,,N,0700
US1TXAS0007,20130105,PRCP,25,,,N,0700
US1TXAS0007,20130106,PRCP,97,,,N,0700
US1TXAS0007,20130107,PRCP,3,,,N,0700
US1TXAS0007,20130108,PRCP,33,,,N,0700
US1TXAS0007,20130109,PRCP,178,,,N,0700
US1TXAS0007,20130110,PRCP,470,,,N,0700
US1TXAS0007,20130111,PRCP,0,T,,N,0700
US1TXAS0007,20130112,PRCP,5,,,N,0700
US1TXAS0007,20130113,PRCP,89,,,N,0700
US1TXAS0007,20130114,PRCP,3,,,N,0700
US1TXAS0007,20130115,PRCP,15,,,N,0700
US1TXAS0007,20130116,PRCP,8,,,N,0700
US1TXAS0007,20130117,PRCP,0,,,N,0700
US1TXAS0007,20130118,PRCP,0,,,N,0700
US1TXAS0007,20130119,PRCP,0,,,N,0700
US1TXAS0007,20130120,PRCP,0,,,N,0700
US1TXAS0007,20130121,PRCP,0,,,N,0700
US1TXAS0007,20130122,PRCP,0,,,N,0700
US1TXAS0007,20130123,PRCP,0,,,N,0700
US1TXAS0007,20130124,PRCP,0,,,N,0700
US1TXAS0007,20130125,PRCP,0,,,N,0700
US1TXAS0007,20130126,PRCP,0,,,N,0700
US1TXAS0007,20130127,PRCP,0,,,N,0700
US1TXAS0007,20130128,PRCP,0,,,N,0700
US1TXAS0007,20130129,PRCP,0,,,N,0700
US1TXAS0007,20130130,PRCP,8,,,N,0700
US1TXAS0007,20130131,PRCP,0,,,N,0700
US1TXAS0007,20130104,SNOW,0,,,N,0700
US1TXAS0007,20130117,SNOW,0,,,N,0700
US1TXAS0007,20130118,SNOW,0,,,N,0700
US1TXAS0007,20130119,SNOW,0,,,N,0700
US1TXAS0007,20130120,SNOW,0,,,N,0700
US1TXAS0007,20130121,SNOW,0,,,N,0700
US1TXAS0007,20130122,SNOW,0,,,N,0700
US1TXAS0007,20130123,SNOW,0,,,N,0700
US1TXAS0007,20130124,SNOW,0,,,N,0700
US1TXAS0007,20130125,SNOW,0,,,N,0700
US1TXAS0007,20130126,SNOW,0,,,N,0700
US1TXAS0007,20130127,SNOW,0,,,N,0700
US1TXAS0007,20130128,SNOW,0,,,N,0700
US1TXAS0007,20130129,SNOW,0,,,N,0700
US1TXAS0007,20130131,SNOW,0,,,N,0700
US1TXAS0007,20130201,PRCP,0,,,N,0700
US1TXAS0007,20130202,PRCP,0,,,N,0700
US1TXAS0007,20130203,PRCP,0,,,N,0700
US1TXAS0007,20130204,PRCP,0,,,N,0700
US1TXAS0007,20130205,PRCP,0,T,,N,0700
US1TXAS0007,20130206,PRCP,25,,,N,0700
US1TXAS0007,20130207,PRCP,102,,,N,0700
US1TXAS0007,20130208,PRCP,0,,,N,0700
US1TXAS0007,20130209,PRCP,0,,,N,0700
US1TXAS0007,20130210,PRCP,8,,,N,0700
US1TXAS0007,20130211,PRCP,28,,,N,0700
US1TXAS0007,20130212,PRCP,84,,,N,0700
US1TXAS0007,20130213,PRCP,0,T,,N,0700
US1TXAS0007,20130214,PRCP,0,,,N,0700
US1TXAS0007,20130215,PRCP,0,,,N,0700
US1TXAS0007,20130216,PRCP,0,,,N,0700
US1TXAS0007,20130217,PRCP,0,,,N,0700
US1TXAS0007,20130218,PRCP,0,,,N,0700
US1TXAS0007,20130219,PRCP,112,,,N,0700
US1TXAS0007,20130220,PRCP,0,,,N,0700
US1TXAS0007,20130221,PRCP,30,,,N,0700
US1TXAS0007,20130222,PRCP,28,,,N,0700
US1TXAS0007,20130223,PRCP,0,,,N,0700
US1TXAS0007,20130224,PRCP,0,,,N,0700
US1TXAS0007,20130225,PRCP,0,,,N,0700
US1TXAS0007,20130226,PRCP,5,,,N,0700
US1TXAS0007,20130227,PRCP,0,,,N,0700
US1TXAS0007,20130228,PRCP,0,,,N,0700
US1TXAS0007,20130201,SNOW,0,,,N,0700
US1TXAS0007,20130202,SNOW,0,,,N,0700
US1TXAS0007,20130203,SNOW,0,,,N,0700
US1TXAS0007,20130204,SNOW,0,,,N,0700
US1TXAS0007,20130208,SNOW,0,,,N,0700
US1TXAS0007,20130209,SNOW,0,,,N,0700
US1TXAS0007,20130214,SNOW,0,,,N,0700
US1TXAS0007,20130215,SNOW,0,,,N,0700
US1TXAS0007,20130216,SNOW,0,,,N,0700
US1TXAS0007,20130217,SNOW,0,,,N,0700
US1TXAS0007,20130218,SNOW,0,,,N,0700
US1TXAS0007,20130220,SNOW,0,,,N,0700
US1TXAS0007,20130223,SNOW,0,,,N,0700
US1TXAS0007,20130224,SNOW,0,,,N,0700
US1TXAS0007,20130225,SNOW,0,,,N,0700
US1TXAS0007,20130227,SNOW,0,,,N,0700
US1TXAS0007,20130228,SNOW,0,,,N,0700
US1TXAS0007,20130301,PRCP,0,,,N,0700
US1TXAS0007,20130302,PRCP,0,,,N,0700
US1TXAS0007,20130303,PRCP,0,,,N,0700
US1TXAS0007,20130304,PRCP,0,,,N,0700
US1TXAS0007,20130305,PRCP,0,,,N,0700
US1TXAS0007,20130306,PRCP,0,,,N,0700
US1TXAS0007,20130307,PRCP,0,,,N,0700
US1TXAS0007,20130308,PRCP,0,,,N,0700
US1TXAS0007,20130309,PRCP,0,,,N,0700
US1TXAS0007,20130310,PRCP,99,,,N,0700
US1TXAS0007,20130311,PRCP,79,,,N,0700
US1TXAS0007,20130312,PRCP,0,,,N,0700
US1TXAS0007,20130313,PRCP,0,,,N,0700
US1TXAS0007,20130314,PRCP,0,,,N,0700
US1TXAS0007,20130315,PRCP,0,,,N,0700
US1TXAS0007,20130316,PRCP,0,,,N,0700
US1TXAS0007,20130317,PRCP,0,,,N,0700
US1TXAS0007,20130318,PRCP,0,,,N,0700
US1TXAS0007,20130319,PRCP,0,,,N,0700
US1TXAS0007,20130320,PRCP,38,,,N,0700
US1TXAS0007,20130321,PRCP,0,,,N,0700
US1TXAS0007,20130322,PRCP,0,,,N,0700
US1TXAS0007,20130323,PRCP,0,,,N,0700
US1TXAS0007,20130324,PRCP,0,,,N,0700
US1TXAS0007,20130325,PRCP,0,,,N,0700
US1TXAS0007,20130326,PRCP,0,,,N,0700
US1TXAS0007,20130327,PRCP,0,,,N,0700
US1TXAS0007,20130328,PRCP,0,,,N,0700
US1TXAS0007,20130329,PRCP,0,,,N,0700
US1TXAS0007,20130330,PRCP,0,,,N,0700
US1TXAS0007,20130331,PRCP,0,,,N,0700
US1TXAS0007,20130301,SNOW,0,,,N,0700
US1TXAS0007,20130302,SNOW,0,,,N,0700
US1TXAS0007,20130303,SNOW,0,,,N,0700
US1TXAS0007,20130304,SNOW,0,,,N,0700
US1TXAS0007,20130305,SNOW,0,,,N,0700
US1TXAS0007,20130306,SNOW,0,,,N,0700
US1TXAS0007,20130307,SNOW,0,,,N,0700
US1TXAS0007,20130308,SNOW,0,,,N,0700
US1TXAS0007,20130309,SNOW,0,,,N,0700
US1TXAS0007,20130312,SNOW,0,,,N,0700
US1TXAS0007,20130313,SNOW,0,,,N,0700
US1TXAS0007,20130314,SNOW,0,,,N,0700
US1TXAS0007,20130315,SNOW,0,,,N,0700
US1TXAS0007,20130316,SNOW,0,,,N,0700
US1TXAS0007,20130317,SNOW,0,,,N,0700
US1TXAS0007,20130318,SNOW,0,,,N,0700
US1TXAS0007,20130319,SNOW,0,,,N,0700
US1TXAS0007,20130321,SNOW,0,,,N,0700
US1TXAS0007,20130322,SNOW,0,,,N,0700
US1TXAS0007,20130323,SNOW,0,,,N,0700
US1TXAS0007,20130324,SNOW,0,,,N,0700
US1TXAS0007,20130325,SNOW,0,,,N,0700
US1TXAS0007,20130326,SNOW,0,,,N,0700
US1TXAS0007,20130327,SNOW,0,,,N,0700
US1TXAS0007,20130328,SNOW,0,,,N,0700
US1TXAS0007,20130329,SNOW,0,,,N,0700
US1TXAS0007,20130330,SNOW,0,,,N,0700
US1TXAS0007,20130331,SNOW,0,,,N,0700
US1TXAS0007,20130401,PRCP,201,,,N,0700
US1TXAS0007,20130402,PRCP,0,,,N,0700
US1TXAS0007,20130403,PRCP,592,,,N,0700
US1TXAS0007,20130404,PRCP,81,,,N,0700
US1TXAS0007,20130405,PRCP,3,,,N,0700
US1TXAS0007,20130406,PRCP,0,,,N,0700
US1TXAS0007,20130407,PRCP,0,,,N,0700
US1TXAS0007,20130408,PRCP,0,,,N,0700
US1TXAS0007,20130409,PRCP,0,,,N,0700
US1TXAS0007,20130410,PRCP,0,,,N,0700
US1TXAS0007,20130411,PRCP,38,,,N,0700
US1TXAS0007,20130412,PRCP,0,,,N,0700
US1TXAS0007,20130413,PRCP,0,,,N,0700
US1TXAS0007,20130414,PRCP,0,,,N,0700
US1TXAS0007,20130415,PRCP,0,,,N,0700
US1TXAS0007,20130416,PRCP,0,,,N,0700
US1TXAS0007,20130417,PRCP,0,,,N,0700
US1TXAS0007,20130418,PRCP,5,,,N,0700
US1TXAS0007,20130419,PRCP,30,,,N,0700
US1TXAS0007,20130420,PRCP,0,,,N,0700
US1TXAS0007,20130421,PRCP,0,,,N,0700
US1TXAS0007,20130422,PRCP,0,,,N,0700
US1TXAS0007,20130423,PRCP,0,,,N,0700
US1TXAS0007,20130424,PRCP,20,,,N,0700
US1TXAS0007,20130425,PRCP,3,,,N,0700
US1TXAS0007,20130426,PRCP,0,,,N,0700
US1TXAS0007,20130427,PRCP,0,,,N,0700
US1TXAS0007,20130428,PRCP,150,,,N,0700
US1TXAS0007,20130429,PRCP,0,,,N,0700
US1TXAS0007,20130430,PRCP,163,,,N,0700
US1TXAS0007,20130402,SNOW,0,,,N,0700
US1TXAS0007,20130406,SNOW,0,,,N,0700
US1TXAS0007,20130407,SNOW,0,,,N,0700
US1TXAS0007,20130408,SNOW,0,,,N,0700
US1TXAS0007,20130409,SNOW,0,,,N,0700
US1TXAS0007,20130410,SNOW,0,,,N,0700
US1TXAS0007,20130412,SNOW,0,,,N,0700
US1TXAS0007,20130413,SNOW,0,,,N,0700
US1TXAS0007,20130414,SNOW,0,,,N,0700
US1TXAS0007,20130415,SNOW,0,,,N,0700
US1TXAS0007,20130416,SNOW,0,,,N,0700
US1TXAS0007,20130417,SNOW,0,,,N,0700
US1TXAS0007,20130420,SNOW,0,,,N,0700
US1TXAS0007,20130421,SNOW,0,,,N,0700
US1TXAS0007,20130422,SNOW,0,,,N,0700
US1TXAS0007,20130423,SNOW,0,,,N,0700
US1TXAS0007,20130426,SNOW,0,,,N,0700
US1TXAS0007,20130427,SNOW,0,,,N,0700
US1TXAS0007,20130429,SNOW,0,,,N,0700
US1TXAS0007,20130501,PRCP,3,,,N,0700
US1TXAS0007,20130502,PRCP,0,,,N,0700
US1TXAS0007,20130503,PRCP,0,,,N,0700
US1TXAS0007,20130504,PRCP,0,,,N,0700
US1TXAS0007,20130505,PRCP,0,,,N,0700
US1TXAS0007,20130506,PRCP,0,,,N,0700
US1TXAS0007,20130507,PRCP,0,,,N,0700
US1TXAS0007,20130508,PRCP,0,,,N,0700
US1TXAS0007,20130509,PRCP,0,,,N,0700
US1TXAS0007,20130510,PRCP,168,,,N,0700
US1TXAS0007,20130511,PRCP,663,,,N,0700
US1TXAS0007,20130512,PRCP,0,,,N,0700
US1TXAS0007,20130513,PRCP,0,,,N,0700
US1TXAS0007,20130514,PRCP,0,,,N,0700
US1TXAS0007,20130515,PRCP,0,,,N,0700
US1TXAS0007,20130516,PRCP,43,,,N,0700
US1TXAS0007,20130517,PRCP,0,,,N,0700
US1TXAS0007,20130518,PRCP,0,,,N,0700
US1TXAS0007,20130519,PRCP,0,,,N,0700
US1TXAS0007,20130520,PRCP,0,,,N,0700
US1TXAS0007,20130521,PRCP,0,,,N,0700
US1TXAS0007,20130522,PRCP,86,,,N,0700
US1TXAS0007,20130523,PRCP,0,,,N,0700
US1TXAS0007,20130524,PRCP,0,,,N,0700
US1TXAS0007,20130525,PRCP,0,,,N,0700
US1TXAS0007,20130526,PRCP,0,,,N,0700
US1TXAS0007,20130527,PRCP,0,,,N,0700
US1TXAS0007,20130528,PRCP,0,,,N,0700
US1TXAS0007,20130529,PRCP,3,,,N,0700
US1TXAS0007,20130530,PRCP,0,,,N,0700
US1TXAS0007,20130531,PRCP,3,,,N,0700
US1TXAS0007,20130502,SNOW,0,,,N,0700
US1TXAS0007,20130503,SNOW,0,,,N,0700
US1TXAS0007,20130504,SNOW,0,,,N,0700
US1TXAS0007,20130505,SNOW,0,,,N,0700
US1TXAS0007,20130506,SNOW,0,,,N,0700
US1TXAS0007,20130507,SNOW,0,,,N,0700
US1TXAS0007,20130508,SNOW,0,,,N,0700
US1TXAS0007,20130509,SNOW,0,,,N,0700
US1TXAS0007,20130512,SNOW,0,,,N,0700
US1TXAS0007,20130513,SNOW,0,,,N,0700
US1TXAS0007,20130514,SNOW,0,,,N,0700
US1TXAS0007,20130515,SNOW,0,,,N,0700
US1TXAS0007,20130517,SNOW,0,,,N,0700
US1TXAS0007,20130518,SNOW,0,,,N,0700
US1TXAS0007,20130519,SNOW,0,,,N,0700
US1TXAS0007,20130520,SNOW,0,,,N,0700
US1TXAS0007,20130521,SNOW,0,,,N,0700
US1TXAS0007,20130523,SNOW,0,,,N,0700
US1TXAS0007,20130524,SNOW,0,,,N,0700
US1TXAS0007,20130525,SNOW,0,,,N,0700
US1TXAS0007,20130526,SNOW,0,,,N,0700
US1TXAS0007,20130527,SNOW,0,,,N,0700
US1TXAS0007,20130528,SNOW,0,,,N,0700
US1TXAS0007,20130530,SNOW,0,,,N,0700
US1TXAS0007,20130601,PRCP,0,,,N,0700
US1TXAS0007,20130602,PRCP,0,,,N,0700
US1TXAS0007,20130603,PRCP,229,,,N,0700
US1TXAS0007,20130604,PRCP,0,,,N,0700
US1TXAS0007,20130605,PRCP,0,,,N,0700
US1TXAS0007,20130606,PRCP,0,,,N,0700
US1TXAS0007,20130607,PRCP,0,,,N,0700
US1TXAS0007,20130608,PRCP,0,,,N,0700
US1TXAS0007,20130609,PRCP,0,,,N,0700
US1TXAS0007,20130610,PRCP,155,,,N,0700
US1TXAS0007,20130611,PRCP,0,,,N,0700
US1TXAS0007,20130612,PRCP,18,,,N,0700
US1TXAS0007,20130613,PRCP,28,,,N,0700
US1TXAS0007,20130614,PRCP,0,,,N,0700
US1TXAS0007,20130615,PRCP,0,,,N,0700
US1TXAS0007,20130616,PRCP,0,,,N,0700
US1TXAS0007,20130617,PRCP,0,,,N,0700
US1TXAS0007,20130618,PRCP,0,,,N,0700
US1TXAS0007,20130619,PRCP,0,,,N,0700
US1TXAS0007,20130620,PRCP,0,,,N,0700
US1TXAS0007,20130621,PRCP,0,,,N,0700
US1TXAS0007,20130622,PRCP,0,,,N,0700
US1TXAS0007,20130623,PRCP,0,,,N,0700
US1TXAS0007,20130624,PRCP,0,,,N,0700
US1TXAS0007,20130625,PRCP,0,,,N,0700
US1TXAS0007,20130626,PRCP,0,,,N,0700
US1TXAS0007,20130627,PRCP,0,,,N,0700
US1TXAS0007,20130628,PRCP,0,,,N,0700
US1TXAS0007,20130629,PRCP,0,,,N,0700
US1TXAS0007,20130630,PRCP,0,,,N,0700
US1TXAS0007,20130601,SNOW,0,,,N,0700
US1TXAS0007,20130602,SNOW,0,,,N,0700
US1TXAS0007,20130604,SNOW,0,,,N,0700
US1TXAS0007,20130605,SNOW,0,,,N,0700
US1TXAS0007,20130606,SNOW,0,,,N,0700
US1TXAS0007,20130607,SNOW,0,,,N,0700
US1TXAS0007,20130608,SNOW,0,,,N,0700
US1TXAS0007,20130609,SNOW,0,,,N,0700
US1TXAS0007,20130610,SNOW,0,,,N,0700
US1TXAS0007,20130611,SNOW,0,,,N,0700
US1TXAS0007,20130612,SNOW,0,,,N,0700
US1TXAS0007,20130613,SNOW,0,,,N,0700
US1TXAS0007,20130614,SNOW,0,,,N,0700
US1TXAS0007,20130615,SNOW,0,,,N,0700
US1TXAS0007,20130616,SNOW,0,,,N,0700
US1TXAS0007,20130617,SNOW,0,,,N,0700
US1TXAS0007,20130618,SNOW,0,,,N,0700
US1TXAS0007,20130619,SNOW,0,,,N,0700
US1TXAS0007,20130620,SNOW,0,,,N,0700
US1TXAS0007,20130621,SNOW,0,,,N,0700
US1TXAS0007,20130622,SNOW,0,,,N,0700
US1TXAS0007,20130623,SNOW,0,,,N,0700
US1TXAS0007,20130624,SNOW,0,,,N,0700
US1TXAS0007,20130625,SNOW,0,,,N,0700
US1TXAS0007,20130626,SNOW,0,,,N,0700
US1TXAS0007,20130627,SNOW,0,,,N,0700
US1TXAS0007,20130628,SNOW,0,,,N,0700
US1TXAS0007,20130629,SNOW,0,,,N,0700
US1TXAS0007,20130630,SNOW,0,,,N,0700
US1TXAS0007,20130701,PRCP,0,,,N,0700
US1TXAS0007,20130702,PRCP,0,,,N,0700
US1TXAS0007,20130703,PRCP,0,,,N,0700
US1TXAS0007,20130704,PRCP,0,,,N,0700
US1TXAS0007,20130705,PRCP,0,,,N,0700
US1TXAS0007,20130706,PRCP,0,,,N,0700
US1TXAS0007,20130707,PRCP,0,,,N,0700
US1TXAS0007,20130708,PRCP,13,,,N,0700
US1TXAS0007,20130709,PRCP,15,,,N,0700
US1TXAS0007,20130710,PRCP,152,,,N,0700
US1TXAS0007,20130711,PRCP,0,,,N,0700
US1TXAS0007,20130712,PRCP,0,,,N,0700
US1TXAS0007,20130713,PRCP,0,,,N,0700
US1TXAS0007,20130714,PRCP,0,,,N,0700
US1TXAS0007,20130715,PRCP,635,,,N,0700
US1TXAS0007,20130716,PRCP,41,,,N,0700
US1TXAS0007,20130717,PRCP,69,,,N,0700
US1TXAS0007,20130718,PRCP,0,,,N,0700
US1TXAS0007,20130719,PRCP,0,,,N,0700
US1TXAS0007,20130720,PRCP,0,,,N,0700
US1TXAS0007,20130721,PRCP,419,,,N,0700
US1TXAS0007,20130722,PRCP,5,,,N,0700
US1TXAS0007,20130723,PRCP,0,,,N,0700
US1TXAS0007,20130724,PRCP,0,,,N,0700
US1TXAS0007,20130725,PRCP,0,,,N,0700
US1TXAS0007,20130726,PRCP,0,,,N,0700
US1TXAS0007,20130727,PRCP,0,,,N,0700
US1TXAS0007,20130728,PRCP,0,,,N,0700
US1TXAS0007,20130729,PRCP,0,T,,N,0700
US1TXAS0007,20130730,PRCP,0,,,N,0700
US1TXAS0007,20130731,PRCP,0,,,N,0700
US1TXAS0007,20130701,SNOW,0,,,N,0700
US1TXAS0007,20130702,SNOW,0,,,N,0700
US1TXAS0007,20130703,SNOW,0,,,N,0700
US1TXAS0007,20130704,SNOW,0,,,N,0700
US1TXAS0007,20130705,SNOW,0,,,N,0700
US1TXAS0007,20130706,SNOW,0,,,N,0700
US1TXAS0007,20130707,SNOW,0,,,N,0700
US1TXAS0007,20130711,SNOW,0,,,N,0700
US1TXAS0007,20130712,SNOW,0,,,N,0700
US1TXAS0007,20130713,SNOW,0,,,N,0700
US1TXAS0007,20130714,SNOW,0,,,N,0700
US1TXAS0007,20130718,SNOW,0,,,N,0700
US1TXAS0007,20130719,SNOW,0,,,N,0700
US1TXAS0007,20130720,SNOW,0,,,N,0700
US1TXAS0007,20130723,SNOW,0,,,N,0700
US1TXAS0007,20130724,SNOW,0,,,N,0700
US1TXAS0007,20130725,SNOW,0,,,N,0700
US1TXAS0007,20130726,SNOW,0,,,N,0700
US1TXAS0007,20130727,SNOW,0,,,N,0700
US1TXAS0007,20130728,SNOW,0,,,N,0700
US1TXAS0007,20130730,SNOW,0,,,N,0700
US1TXAS0007,20130731,SNOW,0,,,N,0700
US1TXAS0007,20130801,PRCP,0,,,N,0700
US1TXAS0007,20130802,PRCP,0,,,N,0700
US1TXAS0007,20130803,PRCP,0,,,N,0700
US1TXAS0007,20130804,PRCP,0,T,,N,0700
US1TXAS0007,20130805,PRCP,0,,,N,0700
US1TXAS0007,20130806,PRCP,0,,,N,0700
US1TXAS0007,20130807,PRCP,0,,,N,0700
US1TXAS0007,20130808,PRCP,0,,,N,0700
US1TXAS0007,20130809,PRCP,0,,,N,0700
US1TXAS0007,20130810,PRCP,0,,,N,0700
US1TXAS0007,20130811,PRCP,0,,,N,0700
US1TXAS0007,20130812,PRCP,0,,,N,0700
US1TXAS0007,20130813,PRCP,0,,,N,0700
US1TXAS0007,20130814,PRCP,0,,,N,0700
US1TXAS0007,20130815,PRCP,0,T,,N,0700
US1TXAS0007,20130816,PRCP,0,T,,N,0700
US1TXAS0007,20130817,PRCP,0,T,,N,0700
US1TXAS0007,20130818,PRCP,0,,,N,0700
US1TXAS0007,20130819,PRCP,0,,,N,0700
US1TXAS0007,20130820,PRCP,0,,,N,0700
US1TXAS0007,20130821,PRCP,0,,,N,0700
US1TXAS0007,20130822,PRCP,0,T,,N,0700
US1TXAS0007,20130823,PRCP,0,,,N,0700
US1TXAS0007,20130824,PRCP,0,,,N,0700
US1TXAS0007,20130825,PRCP,0,,,N,0700
US1TXAS0007,20130826,PRCP,0,T,,N,0700
US1TXAS0007,20130827,PRCP,132,,,N,0700
US1TXAS0007,20130828,PRCP,41,,,N,0700
US1TXAS0007,20130829,PRCP,0,,,N,0700
US1TXAS0007,20130830,PRCP,0,,,N,0700
US1TXAS0007,20130831,PRCP,0,,,N,0700
US1TXAS0007,20130801,SNOW,0,,,N,0700
US1TXAS0007,20130802,SNOW,0,,,N,0700
US1TXAS0007,20130803,SNOW,0,,,N,0700
US1TXAS0007,20130805,SNOW,0,,,N,0700
US1TXAS0007,20130806,SNOW,0,,,N,0700
US1TXAS0007,20130807,SNOW,0,,,N,0700
US1TXAS0007,20130808,SNOW,0,,,N,0700
US1TXAS0007,20130809,SNOW,0,,,N,0700
US1TXAS0007,20130810,SNOW,0,,,N,0700
US1TXAS0007,20130811,SNOW,0,,,N,0700
US1TXAS0007,20130812,SNOW,0,,,N,0700
US1TXAS0007,20130813,SNOW,0,,,N,0700
US1TXAS0007,20130814,SNOW,0,,,N,0700
US1TXAS0007,20130815,SNOW,0,,,N,0700
US1TXAS0007,20130816,SNOW,0,,,N,0700
US1TXAS0007,20130817,SNOW,0,,,N,0700
US1TXAS0007,20130818,SNOW,0,,,N,0700
US1TXAS0007,20130819,SNOW,0,,,N,0700
US1TXAS0007,20130820,SNOW,0,,,N,0700
US1TXAS0007,20130821,SNOW,0,,,N,0700
US1TXAS0007,20130823,SNOW,0,,,N,0700
US1TXAS0007,20130824,SNOW,0,,,N,0700
US1TXAS0007,20130825,SNOW,0,,,N,0700
US1TXAS0007,20130829,SNOW,0,,,N,0700
US1TXAS0007,20130830,SNOW,0,,,N,0700
US1TXAS0007,20130831,SNOW,0,,,N,0700
US1TXAS0007,20130901,PRCP,0,,,N,0700
US1TXAS0007,20130902,PRCP,0,,,N,0700
US1TXAS0007,20130903,PRCP,0,,,N,0700
US1TXAS0007,20130904,PRCP,3,,,N,0700
US1TXAS0007,20130905,PRCP,0,,,N,0700
US1TXAS0007,20130906,PRCP,300,,,N,0700
US1TXAS0007,20130907,PRCP,0,,,N,0700
US1TXAS0007,20130908,PRCP,127,,,N,0700
US1TXAS0007,20130909,PRCP,13,,,N,0700
US1TXAS0007,20130910,PRCP,8,,,N,0700
US1TXAS0007,20130911,PRCP,3,,,N,0700
US1TXAS0007,20130912,PRCP,0,,,N,0700
US1TXAS0007,20130913,PRCP,0,,,N,0700
US1TXAS0007,20130914,PRCP,0,,,N,0700
US1TXAS0007,20130915,PRCP,0,,,N,0700
US1TXAS0007,20130916,PRCP,0,,,N,0700
US1TXAS0007,20130917,PRCP,0,,,N,0700
US1TXAS0007,20130918,PRCP,0,,,N,0700
US1TXAS0007,20130919,PRCP,0,,,N,0700
US1TXAS0007,20130920,PRCP,292,,,N,0700
US1TXAS0007,20130921,PRCP,579,,,N,0700
US1TXAS0007,20130922,PRCP,0,,,N,0700
US1TXAS0007,20130923,PRCP,0,,,N,0700
US1TXAS0007,20130924,PRCP,0,,,N,0700
US1TXAS0007,20130925,PRCP,0,,,N,0700
US1TXAS0007,20130926,PRCP,0,,,N,0700
US1TXAS0007,20130927,PRCP,0,,,N,0700
US1TXAS0007,20130928,PRCP,0,,,N,0700
US1TXAS0007,20130929,PRCP,48,,,N,0700
US1TXAS0007,20130930,PRCP,5,,,N,0700
US1TXAS0007,20130901,SNOW,0,,,N,0700
US1TXAS0007,20130902,SNOW,0,,,N,0700
US1TXAS0007,20130903,SNOW,0,,,N,0700
US1TXAS0007,20130904,SNOW,0,,,N,0700
US1TXAS0007,20130905,SNOW,0,,,N,0700
US1TXAS0007,20130907,SNOW,0,,,N,0700
US1TXAS0007,20130912,SNOW,0,,,N,0700
US1TXAS0007,20130913,SNOW,0,,,N,0700
US1TXAS0007,20130914,SNOW,0,,,N,0700
US1TXAS0007,20130915,SNOW,0,,,N,0700
US1TXAS0007,20130916,SNOW,0,,,N,0700
US1TXAS0007,20130917,SNOW,0,,,N,0700
US1TXAS0007,20130918,SNOW,0,,,N,0700
US1TXAS0007,20130919,SNOW,0,,,N,0700
US1TXAS0007,20130920,SNOW,0,,,N,0700
US1TXAS0007,20130921,SNOW,0,,,N,0700
US1TXAS0007,20130922,SNOW,0,,,N,0700
US1TXAS0007,20130923,SNOW,0,,,N,0700
US1TXAS0007,20130924,SNOW,0,,,N,0700
US1TXAS0007,20130925,SNOW,0,,,N,0700
US1TXAS0007,20130926,SNOW,0,,,N,0700
US1TXAS0007,20130927,SNOW,0,,,N,0700
US1TXAS0007,20130928,SNOW,0,,,N,0700
US1TXAS0007,20131001,PRCP,0,,,N,0700
US1TXAS0007,20131002,PRCP,0,T,,N,0700
US1TXAS0007,20131003,PRCP,5,,,N,0700
US1TXAS0007,20131004,PRCP,0,,,N,0700
US1TXAS0007,20131005,PRCP,0,,,N,0700
US1TXAS0007,20131006,PRCP,38,,,N,0700
US1TXAS0007,20131007,PRCP,79,,,N,0700
US1TXAS0007,20131008,PRCP,0,,,N,0700
US1TXAS0007,20131009,PRCP,0,,,N,0700
US1TXAS0007,20131010,PRCP,0,,,N,0700
US1TXAS0007,20131011,PRCP,0,,,N,0700
US1TXAS0007,20131012,PRCP,5,,,N,0700
US1TXAS0007,20131013,PRCP,711,,,N,0700
US1TXAS0007,20131014,PRCP,729,,,N,0700
US1TXAS0007,20131015,PRCP,0,,,N,0700
US1TXAS0007,20131016,PRCP,0,,,N,0700
US1TXAS0007,20131017,PRCP,127,,,N,0700
US1TXAS0007,20131018,PRCP,0,,,N,0700
US1TXAS0007,20131019,PRCP,734,,,N,0700
US1TXAS0007,20131020,PRCP,0,,,N,0700
US1TXAS0007,20131021,PRCP,0,,,N,0700
US1TXAS0007,20131022,PRCP,0,,,N,0700
US1TXAS0007,20131023,PRCP,0,,,N,0700
US1TXAS0007,20131024,PRCP,0,,,N,0700
US1TXAS0007,20131025,PRCP,0,,,N,0700
US1TXAS0007,20131026,PRCP,0,,,N,0700
US1TXAS0007,20131027,PRCP,183,,,N,0700
US1TXAS0007,20131028,PRCP,185,,,N,0700
US1TXAS0007,20131029,PRCP,0,,,N,0700
US1TXAS0007,20131030,PRCP,71,,,N,0700
US1TXAS0007,20131031,PRCP,450,,,N,0700
US1TXAS0007,20131001,SNOW,0,,,N,0700
US1TXAS0007,20131004,SNOW,0,,,N,0700
US1TXAS0007,20131005,SNOW,0,,,N,0700
US1TXAS0007,20131008,SNOW,0,,,N,0700
US1TXAS0007,20131009,SNOW,0,,,N,0700
US1TXAS0007,20131010,SNOW,0,,,N,0700
US1TXAS0007,20131011,SNOW,0,,,N,0700
US1TXAS0007,20131015,SNOW,0,,,N,0700
US1TXAS0007,20131016,SNOW,0,,,N,0700
US1TXAS0007,20131017,SNOW,0,,,N,0700
US1TXAS0007,20131018,SNOW,0,,,N,0700
US1TXAS0007,20131019,SNOW,0,,,N,0700
US1TXAS0007,20131020,SNOW,0,,,N,0700
US1TXAS0007,20131021,SNOW,0,,,N,0700
US1TXAS0007,20131022,SNOW,0,,,N,0700
US1TXAS0007,20131023,SNOW,0,,,N,0700
US1TXAS0007,20131024,SNOW,0,,,N,0700
US1TXAS0007,20131025,SNOW,0,,,N,0700
US1TXAS0007,20131026,SNOW,0,,,N,0700
US1TXAS0007,20131027,SNOW,0,,,N,0700
US1TXAS0007,20131028,SNOW,0,,,N,0700
US1TXAS0007,20131029,SNOW,0,,,N,0700
US1TXAS0007,20131101,PRCP,353,,,N,0700
US1TXAS0007,20131102,PRCP,3,,,N,0700
US1TXAS0007,20131103,PRCP,0,,,N,0700
US1TXAS0007,20131104,PRCP,0,,,N,0700
US1TXAS0007,20131105,PRCP,358,,,N,0700
US1TXAS0007,20131106,PRCP,51,,,N,0700
US1TXAS0007,20131107,PRCP,3,,,N,0700
US1TXAS0007,20131108,PRCP,0,,,N,0700
US1TXAS0007,20131109,PRCP,0,,,N,0700
US1TXAS0007,20131110,PRCP,0,T,,N,0700
US1TXAS0007,20131111,PRCP,0,,,N,0700
US1TXAS0007,20131112,PRCP,0,,,N,0700
US1TXAS0007,20131113,PRCP,0,,,N,0700
US1TXAS0007,20131114,PRCP,0,,,N,0700
US1TXAS0007,20131115,PRCP,0,,,N,0700
US1TXAS0007,20131116,PRCP,0,,,N,0700
US1TXAS0007,20131117,PRCP,5,,,N,0700
US1TXAS0007,20131118,PRCP,5,,,N,0700
US1TXAS0007,20131119,PRCP,0,,,N,0700
US1TXAS0007,20131120,PRCP,0,,,N,0700
US1TXAS0007,20131121,PRCP,23,,,N,0700
US1TXAS0007,20131122,PRCP,404,,,N,0700
US1TXAS0007,20131123,PRCP,13,,,N,0700
US1TXAS0007,20131124,PRCP,33,,,N,0700
US1TXAS0007,20131125,PRCP,112,,,N,0700
US1TXAS0007,20131126,PRCP,155,,,N,0700
US1TXAS0007,20131127,PRCP,5,,,N,0700
US1TXAS0007,20131128,PRCP,0,,,N,0700
US1TXAS0007,20131129,PRCP,0,,,N,0700
US1TXAS0007,20131130,PRCP,0,,,N,0700
US1TXAS0007,20131103,SNOW,0,,,N,0700
US1TXAS0007,20131104,SNOW,0,,,N,0700
US1TXAS0007,20131108,SNOW,0,,,N,0700
US1TXAS0007,20131109,SNOW,0,,,N,0700
US1TXAS0007,20131111,SNOW,0,,,N,0700
US1TXAS0007,20131112,SNOW,0,,,N,0700
US1TXAS0007,20131113,SNOW,0,,,N,0700
US1TXAS0007,20131114,SNOW,0,,,N,0700
US1TXAS0007,20131115,SNOW,0,,,N,0700
US1TXAS0007,20131116,SNOW,0,,,N,0700
US1TXAS0007,20131119,SNOW,0,,,N,0700
US1TXAS0007,20131120,SNOW,0,,,N,0700
US1TXAS0007,20131122,SNOW,0,,,N,0700
US1TXAS0007,20131128,SNOW,0,,,N,0700
US1TXAS0007,20131129,SNOW,0,,,N,0700
US1TXAS0007,20131130,SNOW,0,,,N,0700
US1TXAS0007,20131201,PRCP,0,,,N,0700
US1TXAS0007,20131202,PRCP,0,,,N,0700
US1TXAS0007,20131203,PRCP,5,,,N,0700
US1TXAS0007,20131204,PRCP,0,,,N,0700
US1TXAS0007,20131205,PRCP,0,,,N,0700
US1TXAS0007,20131206,PRCP,15,,,N,0700
US1TXAS0007,20131207,PRCP,8,,,N,0700
US1TXAS0007,20131208,PRCP,10,,,N,0700
US1TXAS0007,20131209,PRCP,8,,,N,0700
US1TXAS0007,20131210,PRCP,28,,,N,0700
US1TXAS0007,20131211,PRCP,3,,,N,0700
US1TXAS0007,20131212,PRCP,0,,,N,0700
US1TXAS0007,20131213,PRCP,0,,,N,0700
US1TXAS0007,20131214,PRCP,5,,,N,0700
US1TXAS0007,20131215,PRCP,0,,,N,0700
US1TXAS0007,20131216,PRCP,0,,,N,0700
US1TXAS0007,20131217,PRCP,0,,,N,0700
US1TXAS0007,20131218,PRCP,0,,,N,0700
US1TXAS0007,20131219,PRCP,0,,,N,0700
US1TXAS0007,20131220,PRCP,3,,,N,0700
US1TXAS0007,20131221,PRCP,20,,,N,0700
US1TXAS0007,20131222,PRCP,48,,,N,0700
US1TXAS0007,20131223,PRCP,3,,,N,0700
US1TXAS0007,20131224,PRCP,0,,,N,0700
US1TXAS0007,20131225,PRCP,0,,,N,0700
US1TXAS0007,20131226,PRCP,15,,,N,0700
US1TXAS0007,20131227,PRCP,0,,,N,0700
US1TXAS0007,20131228,PRCP,0,,,N,0700
US1TXAS0007,20131229,PRCP,0,,,N,0700
US1TXAS0007,20131230,PRCP,0,,,N,0700
US1TXAS0007,20131231,PRCP,0,,,N,0700
US1TXAS0007,20131201,SNOW,0,,,N,0700
US1TXAS0007,20131202,SNOW,0,,,N,0700
US1TXAS0007,20131204,SNOW,0,,,N,0700
US1TXAS0007,20131205,SNOW,0,,,N,0700
US1TXAS0007,20131212,SNOW,0,,,N,0700
US1TXAS0007,20131213,SNOW,0,,,N,0700
US1TXAS0007,20131215,SNOW,0,,,N,0700
US1TXAS0007,20131216,SNOW,0,,,N,0700
US1TXAS0007,20131217,SNOW,0,,,N,0700
US1TXAS0007,20131218,SNOW,0,,,N,0700
US1TXAS0007,20131219,SNOW,0,,,N,0700
US1TXAS0007,20131224,SNOW,0,,,N,0700
US1TXAS0007,20131225,SNOW,0,,,N,0700
US1TXAS0007,20131227,SNOW,0,,,N,0700
US1TXAS0007,20131228,SNOW,0,,,N,0700
US1TXAS0007,20131229,SNOW,0,,,N,0700
US1TXAS0007,20131230,SNOW,0,,,N,0700
US1TXAS0007,20131231,SNOW,0,,,N,0700
US1TXAS0007,20140101,PRCP,0,,,N,0700
US1TXAS0007,20140102,PRCP,0,T,,N,0700
US1TXAS0007,20140103,PRCP,0,,,N,0700
US1TXAS0007,20140104,PRCP,0,,,N,0700
US1TXAS0007,20140105,PRCP,0,,,N,0700
US1TXAS0007,20140106,PRCP,0,,,N,0700
US1TXAS0007,20140107,PRCP,0,,,N,0700
US1TXAS0007,20140108,PRCP,0,,,N,0700
US1TXAS0007,20140109,PRCP,201,,,N,0700
US1TXAS0007,20140110,PRCP,315,,,N,0700
US1TXAS0007,20140111,PRCP,13,,,N,0700
US1TXAS0007,20140112,PRCP,0,,,N,0700
US1TXAS0007,20140113,PRCP,3,,,N,0700
US1TXAS0007,20140114,PRCP,0,,,N,0700
US1TXAS0007,20140115,PRCP,0,,,N,0700
US1TXAS0007,20140116,PRCP,0,,,N,0700
US1TXAS0007,20140117,PRCP,0,,,N,0700
US1TXAS0007,20140118,PRCP,0,,,N,0700
US1TXAS0007,20140119,PRCP,0,,,N,0700
US1TXAS0007,20140120,PRCP,0,,,N,0700
US1TXAS0007,20140121,PRCP,0,,,N,0700
US1TXAS0007,20140122,PRCP,0,,,N,0700
US1TXAS0007,20140123,PRCP,0,,,N,0700
US1TXAS0007,20140124,PRCP,130,,,N,0700
US1TXAS0007,20140125,PRCP,0,,,N,0700
US1TXAS0007,20140126,PRCP,0,,,N,0700
US1TXAS0007,20140127,PRCP,0,,,N,0700
US1TXAS0007,20140128,PRCP,0,,,N,0700
US1TXAS0007,20140129,PRCP,0,T,,N,0700
US1TXAS0007,20140130,PRCP,0,,,N,0700
US1TXAS0007,20140131,PRCP,0,,,N,0700
US1TXAS0007,20140101,SNOW,0,,,N,0700
US1TXAS0007,20140103,SNOW,0,,,N,0700
US1TXAS0007,20140104,SNOW,0,,,N,0700
US1TXAS0007,20140105,SNOW,0,,,N,0700
US1TXAS0007,20140106,SNOW,0,,,N,0700
US1TXAS0007,20140107,SNOW,0,,,N,0700
US1TXAS0007,20140108,SNOW,0,,,N,0700
US1TXAS0007,20140112,SNOW,0,,,N,0700
US1TXAS0007,20140114,SNOW,0,,,N,0700
US1TXAS0007,20140115,SNOW,0,,,N,0700
US1TXAS0007,20140116,SNOW,0,,,N,0700
US1TXAS0007,20140117,SNOW,0,,,N,0700
US1TXAS0007,20140118,SNOW,0,,,N,0700
US1TXAS0007,20140119,SNOW,0,,,N,0700
US1TXAS0007,20140120,SNOW,0,,,N,0700
US1TXAS0007,20140121,SNOW,0,,,N,0700
US1TXAS0007,20140122,SNOW,0,,,N,0700
US1TXAS0007,20140123,SNOW,0,,,N,0700
US1TXAS0007,20140125,SNOW,0,,,N,0700
US1TXAS0007,20140126,SNOW,0,,,N,0700
US1TXAS0007,20140127,SNOW,0,,,N,0700
US1TXAS0007,20140128,SNOW,0,,,N,0700
US1TXAS0007,20140129,SNOW,0,,,N,0700
US1TXAS0007,20140130,SNOW,0,,,N,0700
US1TXAS0007,20140131,SNOW,0,,,N,0700
US1TXAS0007,20140201,PRCP,0,,,N,0700
US1TXAS0007,20140202,PRCP,28,,,N,0700
US1TXAS0007,20140203,PRCP,41,,,N,0700
US1TXAS0007,20140204,PRCP,5,,,N,0700
US1TXAS0007,20140205,PRCP,25,,,N,0700
US1TXAS0007,20140206,PRCP,3,,,N,0700
US1TXAS0007,20140207,PRCP,0,,,N,0700
US1TXAS0007,20140208,PRCP,0,T,,N,0700
US1TXAS0007,20140209,PRCP,0,,,N,0700
US1TXAS0007,20140210,PRCP,18,,,N,0700
US1TXAS0007,20140211,PRCP,20,,,N,0700
US1TXAS0007,20140212,PRCP,20,,,N,0700
US1TXAS0007,20140213,PRCP,0,,,N,0700
US1TXAS0007,20140214,PRCP,0,,,N,0700
US1TXAS0007,20140215,PRCP,0,,,N,0700
US1TXAS0007,20140216,PRCP,0,,,N,0700
US1TXAS0007,20140217,PRCP,0,,,N,0700
US1TXAS0007,20140218,PRCP,0,,,N,0700
US1TXAS0007,20140219,PRCP,0,,,N,0700
US1TXAS0007,20140220,PRCP,0,T,,N,0700
US1TXAS0007,20140221,PRCP,8,,,N,0700
US1TXAS0007,20140222,PRCP,0,,,N,0700
US1TXAS0007,20140223,PRCP,0,,,N,0700
US1TXAS0007,20140224,PRCP,0,,,N,0700
US1TXAS0007,20140225,PRCP,0,,,N,0700
US1TXAS0007,20140226,PRCP,122,,,N,0700
US1TXAS0007,20140227,PRCP,33,,,N,0700
US1TXAS0007,20140228,PRCP,0,,,N,0700
US1TXAS0007,20140201,SNOW,0,,,N,0700
US1TXAS0007,20140207,SNOW,0,,,N,0700
US1TXAS0007,20140209,SNOW,0,,,N,0700
US1TXAS0007,20140213,SNOW,0,,,N,0700
US1TXAS0007,20140214,SNOW,0,,,N,0700
US1TXAS0007,20140215,SNOW,0,,,N,0700
US1TXAS0007,20140216,SNOW,0,,,N,0700
US1TXAS0007,20140217,SNOW,0,,,N,0700
US1TXAS0007,20140218,SNOW,0,,,N,0700
US1TXAS0007,20140219,SNOW,0,,,N,0700
US1TXAS0007,20140221,SNOW,0,,,N,0700
US1TXAS0007,20140222,SNOW,0,,,N,0700
US1TXAS0007,20140223,SNOW,0,,,N,0700
US1TXAS0007,20140224,SNOW,0,,,N,0700
US1TXAS0007,20140225,SNOW,0,,,N,0700
US1TXAS0007,20140226,SNOW,0,,,N,0700
US1TXAS0007,20140227,SNOW,0,,,N,0700
US1TXAS0007,20140228,SNOW,0,,,N,0700
US1TXAS0007,20140301,PRCP,0,,,N,0700
US1TXAS0007,20140302,PRCP,0,,,N,0700
US1TXAS0007,20140303,PRCP,10,,,N,0700
US1TXAS0007,20140304,PRCP,203,,,N,0700
US1TXAS0007,20140305,PRCP,112,,,N,0700
US1TXAS0007,20140306,PRCP,3,,,N,0700
US1TXAS0007,20140307,PRCP,0,,,N,0700
US1TXAS0007,20140308,PRCP,0,,,N,0700
US1TXAS0007,20140309,PRCP,467,,,N,0700
US1TXAS0007,20140310,PRCP,0,,,N,0700
US1TXAS0007,20140311,PRCP,0,,,N,0700
US1TXAS0007,20140312,PRCP,0,,,N,0700
US1TXAS0007,20140313,PRCP,0,,,N,0700
US1TXAS0007,20140314,PRCP,0,,,N,0700
US1TXAS0007,20140315,PRCP,0,,,N,0700
US1TXAS0007,20140316,PRCP,183,,,N,0700
US1TXAS0007,20140317,PRCP,5,,,N,0700
US1TXAS0007,20140318,PRCP,0,,,N,0700
US1TXAS0007,20140319,PRCP,0,,,N,0700
US1TXAS0007,20140320,PRCP,0,,,N,0700
US1TXAS0007,20140321,PRCP,0,T,,N,0700
US1TXAS0007,20140322,PRCP,0,,,N,0700
US1TXAS0007,20140323,PRCP,0,,,N,0700
US1TXAS0007,20140324,PRCP,10,,,N,0700
US1TXAS0007,20140325,PRCP,0,T,,N,0700
US1TXAS0007,20140326,PRCP,0,,,N,0700
US1TXAS0007,20140327,PRCP,107,,,N,0700
US1TXAS0007,20140328,PRCP,5,,,N,0700
US1TXAS0007,20140329,PRCP,41,,,N,0700
US1TXAS0007,20140330,PRCP,0,,,N,0700
US1TXAS0007,20140331,PRCP,0,,,N,0700
US1TXAS0007,20140301,SNOW,0,,,N,0700
US1TXAS0007,20140302,SNOW,0,,,N,0700
US1TXAS0007,20140303,SNOW,0,,,N,0700
US1TXAS0007,20140307,SNOW,0,,,N,0700
US1TXAS0007,20140308,SNOW,0,,,N,0700
US1TXAS0007,20140310,SNOW,0,,,N,0700
US1TXAS0007,20140311,SNOW,0,,,N,0700
US1TXAS0007,20140312,SNOW,0,,,N,0700
US1TXAS0007,20140313,SNOW,0,,,N,0700
US1TXAS0007,20140314,SNOW,0,,,N,0700
US1TXAS0007,20140315,SNOW,0,,,N,0700
US1TXAS0007,20140318,SNOW,0,,,N,0700
US1TXAS0007,20140319,SNOW,0,,,N,0700
US1TXAS0007,20140320,SNOW,0,,,N,0700
US1TXAS0007,20140321,SNOW,0,,,N,0700
US1TXAS0007,20140322,SNOW,0,,,N,0700
US1TXAS0007,20140323,SNOW,0,,,N,0700
US1TXAS0007,20140326,SNOW,0,,,N,0700
US1TXAS0007,20140330,SNOW,0,,,N,0700
US1TXAS0007,20140331,SNOW,0,,,N,0700
US1TXAS0007,20140401,PRCP,0,,,N,0700
US1TXAS0007,20140402,PRCP,0,T,,N,0700
US1TXAS0007,20140403,PRCP,0,T,,N,0700
US1TXAS0007,20140404,PRCP,0,T,,N,0700
US1TXAS0007,20140405,PRCP,0,,,N,0700
US1TXAS0007,20140406,PRCP,3,,,N,0700
US1TXAS0007,20140407,PRCP,33,,,N,0700
US1TXAS0007,20140408,PRCP,20,,,N,0700
US1TXAS0007,20140409,PRCP,0,,,N,0700
US1TXAS0007,20140410,PRCP,0,,,N,0700
US1TXAS0007,20140411,PRCP,0,,,N,0700
US1TXAS0007,20140412,PRCP,0,,,N,0700
US1TXAS0007,20140413,PRCP,0,,,N,0700
US1TXAS0007,20140414,PRCP,0,,,N,0700
US1TXAS0007,20140415,PRCP,132,,,N,0700
US1TXAS0007,20140416,PRCP,0,,,N,0700
US1TXAS0007,20140417,PRCP,0,,,N,0700
US1TXAS0007,20140418,PRCP,0,,,N,0700
US1TXAS0007,20140419,PRCP,0,,,N,0700
US1TXAS0007,20140420,PRCP,0,,,N,0700
US1TXAS0007,20140421,PRCP,0,,,N,0700
US1TXAS0007,20140422,PRCP,0,,,N,0700
US1TXAS0007,20140423,PRCP,0,,,N,0700
US1TXAS0007,20140424,PRCP,0,,,N,0700
US1TXAS0007,20140425,PRCP,0,,,N,0700
US1TXAS0007,20140426,PRCP,0,,,N,0700
US1TXAS0007,20140427,PRCP,0,,,N,0700
US1TXAS0007,20140428,PRCP,0,,,N,0700
US1TXAS0007,20140429,PRCP,0,,,N,0700
US1TXAS0007,20140430,PRCP,0,,,N,0700
US1TXAS0007,20140401,SNOW,0,,,N,0700
US1TXAS0007,20140405,SNOW,0,,,N,0700
US1TXAS0007,20140408,SNOW,0,,,N,0700
US1TXAS0007,20140409,SNOW,0,,,N,0700
US1TXAS0007,20140410,SNOW,0,,,N,0700
US1TXAS0007,20140411,SNOW,0,,,N,0700
US1TXAS0007,20140412,SNOW,0,,,N,0700
US1TXAS0007,20140413,SNOW,0,,,N,0700
US1TXAS0007,20140414,SNOW,0,,,N,0700
US1TXAS0007,20140416,SNOW,0,,,N,0700
US1TXAS0007,20140417,SNOW,0,,,N,0700
US1TXAS0007,20140418,SNOW,0,,,N,0700
US1TXAS0007,20140419,SNOW,0,,,N,0700
US1TXAS0007,20140420,SNOW,0,,,N,0700
US1TXAS0007,20140421,SNOW,0,,,N,0700
US1TXAS0007,20140422,SNOW,0,,,N,0700
US1TXAS0007,20140423,SNOW,0,,,N,0700
US1TXAS0007,20140424,SNOW,0,,,N,0700
US1TXAS0007,20140425,SNOW,0,,,N,0700
US1TXAS0007,20140426,SNOW,0,,,N,0700
US1TXAS0007,20140427,SNOW,0,,,N,0700
US1TXAS0007,20140428,SNOW,0,,,N,0700
US1TXAS0007,20140429,SNOW,0,,,N,0700
US1TXAS0007,20140430,SNOW,0,,,N,0700
US1TXAS0007,20140501,PRCP,0,,,N,0700
US1TXAS0007,20140502,PRCP,0,,,N,0700
US1TXAS0007,20140503,PRCP,0,,,N,0700
US1TXAS0007,20140504,PRCP,0,,,N,0700
US1TXAS0007,20140505,PRCP,0,,,N,0700
US1TXAS0007,20140506,PRCP,0,,,N,0700
US1TXAS0007,20140507,PRCP,0,,,N,0700
US1TXAS0007,20140508,PRCP,0,T,,N,0700
US1TXAS0007,20140509,PRCP,8,,,N,0700
US1TXAS0007,20140510,PRCP,241,,,N,0700
US1TXAS0007,20140511,PRCP,0,T,,N,0700
US1TXAS0007,20140512,PRCP,0,,,N,0700
US1TXAS0007,20140513,PRCP,927,,,N,0700
US1TXAS0007,20140514,PRCP,48,,,N,0700
US1TXAS0007,20140515,PRCP,0,,,N,0700
US1TXAS0007,20140516,PRCP,0,,,N,0700
US1TXAS0007,20140517,PRCP,0,,,N,0700
US1TXAS0007,20140518,PRCP,0,,,N,0700
US1TXAS0007,20140519,PRCP,0,T,,N,0700
US1TXAS0007,20140520,PRCP,0,,,N,0700
US1TXAS0007,20140521,PRCP,0,,,N,0700
US1TXAS0007,20140522,PRCP,0,,,N,0700
US1TXAS0007,20140523,PRCP,0,,,N,0700
US1TXAS0007,20140524,PRCP,0,,,N,0700
US1TXAS0007,20140525,PRCP,0,T,,N,0700
US1TXAS0007,20140526,PRCP,0,,,N,0700
US1TXAS0007,20140527,PRCP,1308,,,N,0700
US1TXAS0007,20140528,PRCP,323,,,N,0700
US1TXAS0007,20140529,PRCP,0,T,,N,0700
US1TXAS0007,20140530,PRCP,0,,,N,0700
US1TXAS0007,20140531,PRCP,0,,,N,0700
US1TXAS0007,20140501,SNOW,0,,,N,0700
US1TXAS0007,20140502,SNOW,0,,,N,0700
US1TXAS0007,20140503,SNOW,0,,,N,0700
US1TXAS0007,20140504,SNOW,0,,,N,0700
US1TXAS0007,20140505,SNOW,0,,,N,0700
US1TXAS0007,20140506,SNOW,0,,,N,0700
US1TXAS0007,20140507,SNOW,0,,,N,0700
US1TXAS0007,20140512,SNOW,0,,,N,0700
US1TXAS0007,20140515,SNOW,0,,,N,0700
US1TXAS0007,20140516,SNOW,0,,,N,0700
US1TXAS0007,20140517,SNOW,0,,,N,0700
US1TXAS0007,20140518,SNOW,0,,,N,0700
US1TXAS0007,20140520,SNOW,0,,,N,0700
US1TXAS0007,20140521,SNOW,0,,,N,0700
US1TXAS0007,20140522,SNOW,0,,,N,0700
US1TXAS0007,20140523,SNOW,0,,,N,0700
US1TXAS0007,20140524,SNOW,0,,,N,0700
US1TXAS0007,20140525,SNOW,0,,,N,0700
US1TXAS0007,20140526,SNOW,0,,,N,0700
US1TXAS0007,20140530,SNOW,0,,,N,0700
US1TXAS0007,20140531,SNOW,0,,,N,0700
US1TXAS0007,20140601,PRCP,10,,,N,0700
US1TXAS0007,20140602,PRCP,0,,,N,0700
US1TXAS0007,20140603,PRCP,15,,,N,0700
US1TXAS0007,20140604,PRCP,0,T,,N,0700
US1TXAS0007,20140605,PRCP,0,,,N,0700
US1TXAS0007,20140606,PRCP,0,,,N,0700
US1TXAS0007,20140607,PRCP,0,,,N,0700
US1TXAS0007,20140608,PRCP,0,,,N,0700
US1TXAS0007,20140609,PRCP,0,,,N,0700
US1TXAS0007,20140610,PRCP,389,,,N,0700
US1TXAS0007,20140611,PRCP,0,,,N,0700
US1TXAS0007,20140612,PRCP,0,,,N,0700
US1TXAS0007,20140613,PRCP,8,,,N,0700
US1TXAS0007,20140614,PRCP,0,,,N,0700
US1TXAS0007,20140615,PRCP,0,,,N,0700
US1TXAS0007,20140616,PRCP,0,,,N,0700
US1TXAS0007,20140617,PRCP,0,T,,N,0700
US1TXAS0007,20140618,PRCP,0,,,N,0700
US1TXAS0007,20140619,PRCP,5,,,N,0700
US1TXAS0007,20140620,PRCP,0,,,N,0700
US1TXAS0007,20140621,PRCP,0,,,N,0700
US1TXAS0007,20140622,PRCP,0,,,N,0700
US1TXAS0007,20140623,PRCP,0,T,,N,0700
US1TXAS0007,20140624,PRCP,56,,,N,0700
US1TXAS0007,20140625,PRCP,10,,,N,0700
US1TXAS0007,20140626,PRCP,269,,,N,0700
US1TXAS0007,20140627,PRCP,0,,,N,0700
US1TXAS0007,20140628,PRCP,5,,,N,0700
US1TXAS0007,20140629,PRCP,0,,,N,0700
US1TXAS0007,20140630,PRCP,0,,,N,0700
US1TXAS0007,20140602,SNOW,0,,,N,0700
US1TXAS0007,20140605,SNOW,0,,,N,0700
US1TXAS0007,20140606,SNOW,0,,,N,0700
US1TXAS0007,20140607,SNOW,0,,,N,0700
US1TXAS0007,20140608,SNOW,0,,,N,0700
US1TXAS0007,20140609,SNOW,0,,,N,0700
US1TXAS0007,20140611,SNOW,0,,,N,0700
US1TXAS0007,20140612,SNOW,0,,,N,0700
US1TXAS0007,20140613,SNOW,0,,,N,0700
US1TXAS0007,20140614,SNOW,0,,,N,0700
US1TXAS0007,20140615,SNOW,0,,,N,0700
US1TXAS0007,20140616,SNOW,0,,,N,0700
US1TXAS0007,20140617,SNOW,0,,,N,0700
US1TXAS0007,20140618,SNOW,0,,,N,0700
US1TXAS0007,20140619,SNOW,0,,,N,0700
US1TXAS0007,20140620,SNOW,0,,,N,0700
US1TXAS0007,20140621,SNOW,0,,,N,0700
US1TXAS0007,20140622,SNOW,0,,,N,0700
US1TXAS0007,20140623,SNOW,0,,,N,0700
US1TXAS0007,20140624,SNOW,0,,,N,0700
US1TXAS0007,20140625,SNOW,0,,,N,0700
US1TXAS0007,20140626,SNOW,0,,,N,0700
US1TXAS0007,20140627,SNOW,0,,,N,0700
US1TXAS0007,20140628,SNOW,0,,,N,0700
US1TXAS0007,20140629,SNOW,0,,,N,0700
US1TXAS0007,20140630,SNOW,0,,,N,0700
US1TXAS0007,20140701,PRCP,0,,,N,0700
US1TXAS0007,20140702,PRCP,5,,,N,0700
US1TXAS0007,20140703,PRCP,0,,,N,0700
US1TXAS0007,20140704,PRCP,0,,,N,0700
US1TXAS0007,20140705,PRCP,8,,,N,0700
US1TXAS0007,20140706,PRCP,48,,,N,0700
US1TXAS0007,20140707,PRCP,0,,,N,0700
US1TXAS0007,20140708,PRCP,0,,,N,0700
US1TXAS0007,20140709,PRCP,0,,,N,0700
US1TXAS0007,20140710,PRCP,0,,,N,0700
US1TXAS0007,20140711,PRCP,0,,,N,0700
US1TXAS0007,20140712,PRCP,0,,,N,0700
US1TXAS0007,20140713,PRCP,13,,,N,0700
US1TXAS0007,20140714,PRCP,23,,,N,0700
US1TXAS0007,20140715,PRCP,0,,,N,0700
US1TXAS0007,20140716,PRCP,0,,,N,0700
US1TXAS0007,20140717,PRCP,0,,,N,0700
US1TXAS0007,20140718,PRCP,170,,,N,0700
US1TXAS0007,20140719,PRCP,0,,,N,0700
US1TXAS0007,20140720,PRCP,0,,,N,0700
US1TXAS0007,20140721,PRCP,0,,,N,0700
US1TXAS0007,20140722,PRCP,0,,,N,0700
US1TXAS0007,20140723,PRCP,0,,,N,0700
US1TXAS0007,20140724,PRCP,0,,,N,0700
US1TXAS0007,20140725,PRCP,74,,,N,0700
US1TXAS0007,20140726,PRCP,0,,,N,0700
US1TXAS0007,20140727,PRCP,0,,,N,0700
US1TXAS0007,20140728,PRCP,0,,,N,0700
US1TXAS0007,20140729,PRCP,0,,,N,0700
US1TXAS0007,20140730,PRCP,0,,,N,0700
US1TXAS0007,20140731,PRCP,0,,,N,0700
US1TXAS0007,20140701,SNOW,0,,,N,0700
US1TXAS0007,20140702,SNOW,0,,,N,0700
US1TXAS0007,20140703,SNOW,0,,,N,0700
US1TXAS0007,20140704,SNOW,0,,,N,0700
US1TXAS0007,20140705,SNOW,0,,,N,0700
US1TXAS0007,20140706,SNOW,0,,,N,0700
US1TXAS0007,20140707,SNOW,0,,,N,0700
US1TXAS0007,20140708,SNOW,0,,,N,0700
US1TXAS0007,20140709,SNOW,0,,,N,0700
US1TXAS0007,20140710,SNOW,0,,,N,0700
US1TXAS0007,20140711,SNOW,0,,,N,0700
US1TXAS0007,20140712,SNOW,0,,,N,0700
US1TXAS0007,20140715,SNOW,0,,,N,0700
US1TXAS0007,20140716,SNOW,0,,,N,0700
US1TXAS0007,20140717,SNOW,0,,,N,0700
US1TXAS0007,20140719,SNOW,0,,,N,0700
US1TXAS0007,20140720,SNOW,0,,,N,0700
US1TXAS0007,20140721,SNOW,0,,,N,0700
US1TXAS0007,20140722,SNOW,0,,,N,0700
US1TXAS0007,20140723,SNOW,0,,,N,0700
US1TXAS0007,20140724,SNOW,0,,,N,0700
US1TXAS0007,20140726,SNOW,0,,,N,0700
US1TXAS0007,20140727,SNOW,0,,,N,0700
US1TXAS0007,20140728,SNOW,0,,,N,0700
US1TXAS0007,20140729,SNOW,0,,,N,0700
US1TXAS0007,20140730,SNOW,0,,,N,0700
US1TXAS0007,20140731,SNOW,0,,,N,0700
US1TXAS0007,20140801,PRCP,79,,,N,0700
US1TXAS0007,20140802,PRCP,0,,,N,0700
US1TXAS0007,20140803,PRCP,0,,,N,0700
US1TXAS0007,20140804,PRCP,0,,,N,0700
US1TXAS0007,20140805,PRCP,0,,,N,0700
US1TXAS0007,20140806,PRCP,0,,,N,0700
US1TXAS0007,20140807,PRCP,0,,,N,0700
US1TXAS0007,20140808,PRCP,0,,,N,0700
US1TXAS0007,20140809,PRCP,0,,,N,0700
US1TXAS0007,20140810,PRCP,0,,,N,0700
US1TXAS0007,20140811,PRCP,0,T,,N,0700
US1TXAS0007,20140812,PRCP,3,,,N,0700
US1TXAS0007,20140813,PRCP,0,,,N,0700
US1TXAS0007,20140814,PRCP,0,,,N,0700
US1TXAS0007,20140815,PRCP,0,,,N,0700
US1TXAS0007,20140816,PRCP,0,,,N,0700
US1TXAS0007,20140817,PRCP,0,,,N,0700
US1TXAS0007,20140818,PRCP,0,,,N,0700
US1TXAS0007,20140819,PRCP,3,,,N,0700
US1TXAS0007,20140820,PRCP,18,,,N,0700
US1TXAS0007,20140821,PRCP,0,,,N,0700
US1TXAS0007,20140822,PRCP,0,,,N,0700
US1TXAS0007,20140823,PRCP,0,,,N,0700
US1TXAS0007,20140824,PRCP,0,,,N,0700
US1TXAS0007,20140825,PRCP,0,,,N,0700
US1TXAS0007,20140826,PRCP,0,,,N,0700
US1TXAS0007,20140827,PRCP,0,,,N,0700
US1TXAS0007,20140828,PRCP,0,,,N,0700
US1TXAS0007,20140829,PRCP,0,,,N,0700
US1TXAS0007,20140830,PRCP,38,,,N,0700
US1TXAS0007,20140831,PRCP,0,,,N,0700
US1TXAS0007,20140801,SNOW,0,,,N,0700
US1TXAS0007,20140802,SNOW,0,,,N,0700
US1TXAS0007,20140803,SNOW,0,,,N,0700
US1TXAS0007,20140804,SNOW,0,,,N,0700
US1TXAS0007,20140805,SNOW,0,,,N,0700
US1TXAS0007,20140806,SNOW,0,,,N,0700
US1TXAS0007,20140807,SNOW,0,,,N,0700
US1TXAS0007,20140808,SNOW,0,,,N,0700
US1TXAS0007,20140809,SNOW,0,,,N,0700
US1TXAS0007,20140810,SNOW,0,,,N,0700
US1TXAS0007,20140813,SNOW,0,,,N,0700
US1TXAS0007,20140814,SNOW,0,,,N,0700
US1TXAS0007,20140815,SNOW,0,,,N,0700
US1TXAS0007,20140816,SNOW,0,,,N,0700
US1TXAS0007,20140817,SNOW,0,,,N,0700
US1TXAS0007,20140818,SNOW,0,,,N,0700
US1TXAS0007,20140819,SNOW,0,,,N,0700
US1TXAS0007,20140820,SNOW,0,,,N,0700
US1TXAS0007,20140821,SNOW,0,,,N,0700
US1TXAS0007,20140822,SNOW,0,,,N,0700
US1TXAS0007,20140823,SNOW,0,,,N,0700
US1TXAS0007,20140824,SNOW,0,,,N,0700
US1TXAS0007,20140825,SNOW,0,,,N,0700
US1TXAS0007,20140826,SNOW,0,,,N,0700
US1TXAS0007,20140827,SNOW,0,,,N,0700
US1TXAS0007,20140828,SNOW,0,,,N,0700
US1TXAS0007,20140829,SNOW,0,,,N,0700
US1TXAS0007,20140830,SNOW,0,,,N,0700
US1TXAS0007,20140831,SNOW,0,,,N,0700
US1TXAS0007,20140901,PRCP,0,,,N,0700
US1TXAS0007,20140902,PRCP,0,,,N,0700
US1TXAS0007,20140903,PRCP,5,,,N,0700
US1TXAS0007,20140904,PRCP,0,,,N,0700
US1TXAS0007,20140905,PRCP,36,,,N,0700
US1TXAS0007,20140906,PRCP,5,,,N,0700
US1TXAS0007,20140907,PRCP,30,,,N,0700
US1TXAS0007,20140908,PRCP,23,,,N,0700
US1TXAS0007,20140909,PRCP,0,,,N,0700
US1TXAS0007,20140910,PRCP,0,,,N,0700
US1TXAS0007,20140911,PRCP,0,,,N,0700
US1TXAS0007,20140912,PRCP,0,,,N,0700
US1TXAS0007,20140913,PRCP,46,,,N,0700
US1TXAS0007,20140914,PRCP,5,,,N,0700
US1TXAS0007,20140915,PRCP,0,,,N,0700
US1TXAS0007,20140916,PRCP,0,,,N,0700
US1TXAS0007,20140917,PRCP,51,,,N,0700
US1TXAS0007,20140918,PRCP,147,,,N,0700
US1TXAS0007,20140919,PRCP,414,,,N,0700
US1TXAS0007,20140920,PRCP,244,,,N,0700
US1TXAS0007,20140921,PRCP,0,,,N,0700
US1TXAS0007,20140922,PRCP,0,,,N,0700
US1TXAS0007,20140923,PRCP,0,,,N,0700
US1TXAS0007,20140924,PRCP,0,,,N,0700
US1TXAS0007,20140925,PRCP,0,,,N,0700
US1TXAS0007,20140926,PRCP,3,,,N,0700
US1TXAS0007,20140927,PRCP,0,,,N,0700
US1TXAS0007,20140928,PRCP,0,T,,N,0700
US1TXAS0007,20140929,PRCP,20,,,N,0700
US1TXAS0007,20140930,PRCP,0,T,,N,0700
US1TXAS0007,20140901,SNOW,0,,,N,0700
US1TXAS0007,20140902,SNOW,0,,,N,0700
US1TXAS0007,20140904,SNOW,0,,,N,0700
US1TXAS0007,20140909,SNOW,0,,,N,0700
US1TXAS0007,20140910,SNOW,0,,,N,0700
US1TXAS0007,20140911,SNOW,0,,,N,0700
US1TXAS0007,20140912,SNOW,0,,,N,0700
US1TXAS0007,20140915,SNOW,0,,,N,0700
US1TXAS0007,20140916,SNOW,0,,,N,0700
US1TXAS0007,20140921,SNOW,0,,,N,0700
US1TXAS0007,20140922,SNOW,0,,,N,0700
US1TXAS0007,20140923,SNOW,0,,,N,0700
US1TXAS0007,20140924,SNOW,0,,,N,0700
US1TXAS0007,20140925,SNOW,0,,,N,0700
US1TXAS0007,20140927,SNOW,0,,,N,0700
US1TXAS0007,20141001,PRCP,0,,,N,0700
US1TXAS0007,20141002,PRCP,0,,,N,0700
US1TXAS0007,20141003,PRCP,262,,,N,0700
US1TXAS0007,20141004,PRCP,0,,,N,0700
US1TXAS0007,20141005,PRCP,0,,,N,0700
US1TXAS0007,20141006,PRCP,0,,,N,0700
US1TXAS0007,20141007,PRCP,3,,,N,0700
US1TXAS0007,20141008,PRCP,0,,,N,0700
US1TXAS0007,20141009,PRCP,0,,,N,0700
US1TXAS0007,20141010,PRCP,0,,,N,0700
US1TXAS0007,20141011,PRCP,8,,,N,0700
US1TXAS0007,20141012,PRCP,74,,,N,0700
US1TXAS0007,20141013,PRCP,0,T,,N,0700
US1TXAS0007,20141014,PRCP,3,,,N,0700
US1TXAS0007,20141015,PRCP,0,,,N,0700
US1TXAS0007,20141016,PRCP,0,,,N,0700
US1TXAS0007,20141017,PRCP,0,,,N,0700
US1TXAS0007,20141018,PRCP,0,,,N,0700
US1TXAS0007,20141019,PRCP,0,,,N,0700
US1TXAS0007,20141020,PRCP,0,,,N,0700
US1TXAS0007,20141021,PRCP,0,,,N,0700
US1TXAS0007,20141022,PRCP,0,,,N,0700
US1TXAS0007,20141023,PRCP,0,,,N,0700
US1TXAS0007,20141024,PRCP,0,,,N,0700
US1TXAS0007,20141025,PRCP,0,,,N,0700
US1TXAS0007,20141026,PRCP,0,,,N,0700
US1TXAS0007,20141027,PRCP,0,,,N,0700
US1TXAS0007,20141028,PRCP,0,,,N,0700
US1TXAS0007,20141029,PRCP,0,,,N,0700
US1TXAS0007,20141030,PRCP,0,,,N,0700
US1TXAS0007,20141031,PRCP,0,,,N,0700
US1TXAS0007,20141001,SNOW,0,,,N,0700
US1TXAS0007,20141002,SNOW,0,,,N,0700
US1TXAS0007,20141004,SNOW,0,,,N,0700
US1TXAS0007,20141005,SNOW,0,,,N,0700
US1TXAS0007,20141006,SNOW,0,,,N,0700
US1TXAS0007,20141007,SNOW,0,,,N,0700
US1TXAS0007,20141008,SNOW,0,,,N,0700
US1TXAS0007,20141009,SNOW,0,,,N,0700
US1TXAS0007,20141010,SNOW,0,,,N,0700
US1TXAS0007,20141011,SNOW,0,,,N,0700
US1TXAS0007,20141012,SNOW,0,,,N,0700
US1TXAS0007,20141013,SNOW,0,,,N,0700
US1TXAS0007,20141014,SNOW,0,,,N,0700
US1TXAS0007,20141015,SNOW,0,,,N,0700
US1TXAS0007,20141016,SNOW,0,,,N,0700
US1TXAS0007,20141017,SNOW,0,,,N,0700
US1TXAS0007,20141018,SNOW,0,,,N,0700
US1TXAS0007,20141019,SNOW,0,,,N,0700
US1TXAS0007,20141020,SNOW,0,,,N,0700
US1TXAS0007,20141021,SNOW,0,,,N,0700
US1TXAS0007,20141022,SNOW,0,,,N,0700
US1TXAS0007,20141023,SNOW,0,,,N,0700
US1TXAS0007,20141024,SNOW,0,,,N,0700
US1TXAS0007,20141025,SNOW,0,,,N,0700
US1TXAS0007,20141026,SNOW,0,,,N,0700
US1TXAS0007,20141027,SNOW,0,,,N,0700
US1TXAS0007,20141028,SNOW,0,,,N,0700
US1TXAS0007,20141029,SNOW,0,,,N,0700
US1TXAS0007,20141030,SNOW,0,,,N,0700
US1TXAS0007,20141031,SNOW,0,,,N,0700
US1TXAS0007,20141101,PRCP,0,,,N,0700
US1TXAS0007,20141102,PRCP,0,,,N,0700
US1TXAS0007,20141103,PRCP,0,,,N,0700
US1TXAS0007,20141104,PRCP,0,,,N,0700
US1TXAS0007,20141105,PRCP,114,,,N,0700
US1TXAS0007,20141106,PRCP,267,,,N,0700
US1TXAS0007,20141107,PRCP,8,,,N,0700
US1TXAS0007,20141108,PRCP,0,,,N,0700
US1TXAS0007,20141109,PRCP,0,,,N,0700
US1TXAS0007,20141110,PRCP,0,,,N,0700
US1TXAS0007,20141111,PRCP,0,,,N,0700
US1TXAS0007,20141112,PRCP,0,T,,N,0700
US1TXAS0007,20141113,PRCP,58,,,N,0700
US1TXAS0007,20141114,PRCP,0,,,N,0700
US1TXAS0007,20141115,PRCP,0,,,N,0700
US1TXAS0007,20141116,PRCP,43,,,N,0700
US1TXAS0007,20141117,PRCP,3,,,N,0700
US1TXAS0007,20141118,PRCP,0,,,N,0700
US1TXAS0007,20141119,PRCP,0,,,N,0700
US1TXAS0007,20141120,PRCP,0,,,N,0700
US1TXAS0007,20141121,PRCP,94,,,N,0700
US1TXAS0007,20141122,PRCP,18,,,N,0700
US1TXAS0007,20141123,PRCP,170,,,N,0700
US1TXAS0007,20141124,PRCP,0,,,N,0700
US1TXAS0007,20141125,PRCP,0,,,N,0700
US1TXAS0007,20141126,PRCP,0,,,N,0700
US1TXAS0007,20141127,PRCP,0,,,N,0700
US1TXAS0007,20141128,PRCP,0,,,N,0700
US1TXAS0007,20141129,PRCP,0,,,N,0700
US1TXAS0007,20141130,PRCP,0,,,N,0700
US1TXAS0007,20141101,SNOW,0,,,N,0700
US1TXAS0007,20141102,SNOW,0,,,N,0700
US1TXAS0007,20141103,SNOW,0,,,N,0700
US1TXAS0007,20141104,SNOW,0,,,N,0700
US1TXAS0007,20141107,SNOW,0,,,N,0700
US1TXAS0007,20141108,SNOW,0,,,N,0700
US1TXAS0007,20141109,SNOW,0,,,N,0700
US1TXAS0007,20141110,SNOW,0,,,N,0700
US1TXAS0007,20141111,SNOW,0,,,N,0700
US1TXAS0007,20141112,SNOW,0,,,N,0700
US1TXAS0007,20141113,SNOW,0,,,N,0700
US1TXAS0007,20141114,SNOW,0,,,N,0700
US1TXAS0007,20141115,SNOW,0,,,N,0700
US1TXAS0007,20141116,SNOW,0,,,N,0700
US1TXAS0007,20141117,SNOW,0,,,N,0700
US1TXAS0007,20141118,SNOW,0,,,N,0700
US1TXAS0007,20141119,SNOW,0,,,N,0700
US1TXAS0007,20141120,SNOW,0,,,N,0700
US1TXAS0007,20141121,SNOW,0,,,N,0700
US1TXAS0007,20141122,SNOW,0,,,N,0700
US1TXAS0007,20141123,SNOW,0,,,N,0700
US1TXAS0007,20141124,SNOW,0,,,N,0700
US1TXAS0007,20141125,SNOW,0,,,N,0700
US1TXAS0007,20141126,SNOW,0,,,N,0700
US1TXAS0007,20141127,SNOW,0,,,N,0700
US1TXAS0007,20141128,SNOW,0,,,N,0700
US1TXAS0007,20141129,SNOW,0,,,N,0700
US1TXAS0007,20141130,SNOW,0,,,N,0700
US1TXAS0007,20141201,PRCP,0,,,N,0700
US1TXAS0007,20141202,PRCP,25,,,N,0700
US1TXAS0007,20141203,PRCP,0,,,N,0700
US1TXAS0007,20141204,PRCP,0,,,N,0700
US1TXAS0007,20141205,PRCP,5,,,N,0700
US1TXAS0007,20141206,PRCP,5,,,N,0700
US1TXAS0007,20141207,PRCP,0,T,,N,0700
US1TXAS0007,20141208,PRCP,0,,,N,0700
US1TXAS0007,20141209,PRCP,0,,,N,0700
US1TXAS0007,20141210,PRCP,0,,,N,0700
US1TXAS0007,20141211,PRCP,23,,,N,0700
US1TXAS0007,20141212,PRCP,10,,,N,0700
US1TXAS0007,20141213,PRCP,0,,,N,0700
US1TXAS0007,20141214,PRCP,0,,,N,0700
US1TXAS0007,20141215,PRCP,10,,,N,0700
US1TXAS0007,20141216,PRCP,0,,,N,0700
US1TXAS0007,20141217,PRCP,0,,,N,0700
US1TXAS0007,20141218,PRCP,15,,,N,0700
US1TXAS0007,20141219,PRCP,302,,,N,0700
US1TXAS0007,20141220,PRCP,135,,,N,0700
US1TXAS0007,20141221,PRCP,0,,,N,0700
US1TXAS0007,20141222,PRCP,0,,,N,0700
US1TXAS0007,20141223,PRCP,3,,,N,0700
US1TXAS0007,20141224,PRCP,0,T,,N,0700
US1TXAS0007,20141225,PRCP,0,,,N,0700
US1TXAS0007,20141226,PRCP,0,,,N,0700
US1TXAS0007,20141227,PRCP,18,,,N,0700
US1TXAS0007,20141228,PRCP,155,,,N,0700
US1TXAS0007,20141229,PRCP,114,,,N,0700
US1TXAS0007,20141230,PRCP,0,,,N,0700
US1TXAS0007,20141231,PRCP,0,,,N,0700
US1TXAS0007,20141201,SNOW,0,,,N,0700
US1TXAS0007,20141203,SNOW,0,,,N,0700
US1TXAS0007,20141204,SNOW,0,,,N,0700
US1TXAS0007,20141208,SNOW,0,,,N,0700
US1TXAS0007,20141209,SNOW,0,,,N,0700
US1TXAS0007,20141210,SNOW,0,,,N,0700
US1TXAS0007,20141213,SNOW,0,,,N,0700
US1TXAS0007,20141214,SNOW,0,,,N,0700
US1TXAS0007,20141216,SNOW,0,,,N,0700
US1TXAS0007,20141217,SNOW,0,,,N,0700
US1TXAS0007,20141221,SNOW,0,,,N,0700
US1TXAS0007,20141222,SNOW,0,,,N,0700
US1TXAS0007,20141225,SNOW,0,,,N,0700
US1TXAS0007,20141226,SNOW,0,,,N,0700
US1TXAS0007,20141230,SNOW,0,,,N,0700
US1TXAS0007,20141231,SNOW,0,,,N,0700
US1TXAS0007,20150101,PRCP,8,,,N,0700
US1TXAS0007,20150102,PRCP,66,,,N,0700
US1TXAS0007,20150103,PRCP,152,,,N,0700
US1TXAS0007,20150104,PRCP,0,T,,N,0700
US1TXAS0007,20150105,PRCP,0,,,N,0500
US1TXAS0007,20150106,PRCP,0,,,N,0700
US1TXAS0007,20150107,PRCP,0,,,N,0700
US1TXAS0007,20150108,PRCP,0,,,N,0700
US1TXAS0007,20150109,PRCP,5,,,N,0700
US1TXAS0007,20150110,PRCP,5,,,N,0700
US1TXAS0007,20150111,PRCP,211,,,N,0700
US1TXAS0007,20150112,PRCP,43,,,N,0700
US1TXAS0007,20150113,PRCP,18,,,N,0700
US1TXAS0007,20150114,PRCP,0,,,N,0700
US1TXAS0007,20150115,PRCP,3,,,N,0700
US1TXAS0007,20150116,PRCP,0,,,N,0700
US1TXAS0007,20150117,PRCP,0,,,N,0700
US1TXAS0007,20150118,PRCP,0,,,N,0700
US1TXAS0007,20150119,PRCP,0,,,N,0700
US1TXAS0007,20150121,PRCP,0,,,N,0700
US1TXAS0007,20150122,PRCP,15,,,N,0700
US1TXAS0007,20150123,PRCP,368,,,N,0700
US1TXAS0007,20150124,PRCP,10,,,N,0700
US1TXAS0007,20150125,PRCP,0,,,N,0700
US1TXAS0007,20150126,PRCP,0,,,N,0700
US1TXAS0007,20150127,PRCP,0,,,N,0700
US1TXAS0007,20150128,PRCP,0,,,N,0700
US1TXAS0007,20150129,PRCP,0,,,N,0700
US1TXAS0007,20150130,PRCP,0,,,N,0700
US1TXAS0007,20150131,PRCP,0,,,N,0700
US1TXAS0007,20150105,SNOW,0,,,N,0500
US1TXAS0007,20150106,SNOW,0,,,N,0700
US1TXAS0007,20150107,SNOW,0,,,N,0700
US1TXAS0007,20150108,SNOW,0,,,N,0700
US1TXAS0007,20150109,SNOW,0,,,N,0700
US1TXAS0007,20150110,SNOW,0,,,N,0700
US1TXAS0007,20150114,SNOW,0,,,N,0700
US1TXAS0007,20150116,SNOW,0,,,N,0700
US1TXAS0007,20150117,SNOW,0,,,N,0700
US1TXAS0007,20150118,SNOW,0,,,N,0700
US1TXAS0007,20150119,SNOW,0,,,N,0700
US1TXAS0007,20150121,SNOW,0,,,N,0700
US1TXAS0007,20150125,SNOW,0,,,N,0700
US1TXAS0007,20150126,SNOW,0,,,N,0700
US1TXAS0007,20150127,SNOW,0,,,N,0700
US1TXAS0007,20150128,SNOW,0,,,N,0700
US1TXAS0007,20150129,SNOW,0,,,N,0700
US1TXAS0007,20150130,SNOW,0,,,N,0700
US1TXAS0007,20150131,SNOW,0,,,N,0700
US1TXAS0007,20150106,SNWD,0,,,N,0700
US1TXAS0007,20150107,SNWD,0,,,N,0700
US1TXAS0007,20150108,SNWD,0,,,N,0700
US1TXAS0007,20150109,SNWD,0,,,N,0700
US1TXAS0007,20150110,SNWD,0,,,N,0700
US1TXAS0007,20150201,PRCP,8,,,N,0700
US1TXAS0007,20150202,PRCP,0,T,,N,0700
US1TXAS0007,20150203,PRCP,0,,,N,0700
US1TXAS0007,20150204,PRCP,117,,,N,0700
US1TXAS0007,20150205,PRCP,5,,,N,0700
US1TXAS0007,20150206,PRCP,0,,,N,0700
US1TXAS0007,20150207,PRCP,0,,,N,0700
US1TXAS0007,20150208,PRCP,0,,,N,0700
US1TXAS0007,20150209,PRCP,0,,,N,0700
US1TXAS0007,20150210,PRCP,0,,,N,0700
US1TXAS0007,20150211,PRCP,0,,,N,0700
US1TXAS0007,20150212,PRCP,0,,,N,0700
US1TXAS0007,20150213,PRCP,0,,,N,0700
US1TXAS0007,20150214,PRCP,0,,,N,0700
US1TXAS0007,20150215,PRCP,0,,,N,0700
US1TXAS0007,20150216,PRCP,13,,,N,0700
US1TXAS0007,20150217,PRCP,25,,,N,0700
US1TXAS0007,20150218,PRCP,0,,,N,0700
US1TXAS0007,20150219,PRCP,0,,,N,0700
US1TXAS0007,20150220,PRCP,0,,,N,0700
US1TXAS0007,20150221,PRCP,0,T,,N,0700
US1TXAS0007,20150222,PRCP,0,,,N,0700
US1TXAS0007,20150223,PRCP,8,,,N,0700
US1TXAS0007,20150224,PRCP,10,,,N,0700
US1TXAS0007,20150225,PRCP,23,,,N,0700
US1TXAS0007,20150226,PRCP,0,T,,N,0700
US1TXAS0007,20150227,PRCP,0,,,N,0700
US1TXAS0007,20150228,PRCP,0,,,N,0700
US1TXAS0007,20150203,SNOW,0,,,N,0700
US1TXAS0007,20150206,SNOW,0,,,N,0700
US1TXAS0007,20150207,SNOW,0,,,N,0700
US1TXAS0007,20150208,SNOW,0,,,N,0700
US1TXAS0007,20150209,SNOW,0,,,N,0700
US1TXAS0007,20150210,SNOW,0,,,N,0700
US1TXAS0007,20150211,SNOW,0,,,N,0700
US1TXAS0007,20150212,SNOW,0,,,N,0700
US1TXAS0007,20150213,SNOW,0,,,N,0700
US1TXAS0007,20150214,SNOW,0,,,N,0700
US1TXAS0007,20150215,SNOW,0,,,N,0700
US1TXAS0007,20150218,SNOW,0,,,N,0700
US1TXAS0007,20150219,SNOW,0,,,N,0700
US1TXAS0007,20150220,SNOW,0,,,N,0700
US1TXAS0007,20150221,SNOW,0,,,N,0700
US1TXAS0007,20150222,SNOW,0,,,N,0700
US1TXAS0007,20150227,SNOW,0,,,N,0700
US1TXAS0007,20150228,SNOW,0,,,N,0700
US1TXAS0007,20150221,SNWD,0,,,N,0700
US1TXAS0007,20150222,SNWD,0,,,N,0700
US1TXAS0007,20150301,PRCP,76,,,N,0700
US1TXAS0007,20150302,PRCP,25,,,N,0700
US1TXAS0007,20150303,PRCP,5,,,N,0700
US1TXAS0007,20150304,PRCP,0,,,N,0700
US1TXAS0007,20150305,PRCP,25,,,N,0700
US1TXAS0007,20150306,PRCP,3,,,N,0700
US1TXAS0007,20150307,PRCP,0,,,N,0700
US1TXAS0007,20150308,PRCP,66,,,N,0700
US1TXAS0007,20150309,PRCP,465,,,N,0700
US1TXAS0007,20150310,PRCP,752,,,N,0700
US1TXAS0007,20150311,PRCP,3,,,N,0700
US1TXAS0007,20150312,PRCP,5,,,N,0700
US1TXAS0007,20150313,PRCP,36,,,N,0700
US1TXAS0007,20150314,PRCP,0,T,,N,0700
US1TXAS0007,20150315,PRCP,0,,,N,0700
US1TXAS0007,20150316,PRCP,0,,,N,0700
US1TXAS0007,20150317,PRCP,0,,,N,0700
US1TXAS0007,20150318,PRCP,48,,,N,0700
US1TXAS0007,20150319,PRCP,64,,,N,0700
US1TXAS0007,20150320,PRCP,38,,,N,0700
US1TXAS0007,20150321,PRCP,312,,,N,0700
US1TXAS0007,20150322,PRCP,147,,,N,0700
US1TXAS0007,20150323,PRCP,0,T,,N,0700
US1TXAS0007,20150324,PRCP,0,,,N,0700
US1TXAS0007,20150325,PRCP,0,,,N,0700
US1TXAS0007,20150326,PRCP,0,T,,N,0700
US1TXAS0007,20150327,PRCP,0,,,N,0700
US1TXAS0007,20150328,PRCP,0,,,N,0700
US1TXAS0007,20150329,PRCP,0,,,N,0700
US1TXAS0007,20150330,PRCP,0,,,N,0700
US1TXAS0007,20150331,PRCP,0,,,N,0700
US1TXAS0007,20150304,SNOW,0,,,N,0700
US1TXAS0007,20150307,SNOW,0,,,N,0700
US1TXAS0007,20150315,SNOW,0,,,N,0700
US1TXAS0007,20150316,SNOW,0,,,N,0700
US1TXAS0007,20150317,SNOW,0,,,N,0700
US1TXAS0007,20150324,SNOW,0,,,N,0700
US1TXAS0007,20150325,SNOW,0,,,N,0700
US1TXAS0007,20150327,SNOW,0,,,N,0700
US1TXAS0007,20150328,SNOW,0,,,N,0700
US1TXAS0007,20150329,SNOW,0,,,N,0700
US1TXAS0007,20150330,SNOW,0,,,N,0700
US1TXAS0007,20150331,SNOW,0,,,N,0700
US1TXAS0007,20150401,PRCP,0,,,N,0700
US1TXAS0007,20150402,PRCP,0,T,,N,0700
US1TXAS0007,20150403,PRCP,0,T,,N,0700
US1TXAS0007,20150404,PRCP,5,,,N,0700
US1TXAS0007,20150405,PRCP,0,,,N,0700
US1TXAS0007,20150406,PRCP,15,,,N,0700
US1TXAS0007,20150407,PRCP,0,,,N,0700
US1TXAS0007,20150408,PRCP,0,,,N,0700
US1TXAS0007,20150409,PRCP,0,,,N,0700
US1TXAS0007,20150410,PRCP,8,,,N,0700
US1TXAS0007,20150411,PRCP,74,,,N,0700
US1TXAS0007,20150412,PRCP,15,,,N,0700
US1TXAS0007,20150413,PRCP,124,,,N,1810
US1TXAS0007,20150414,PRCP,0,T,,N,0700
US1TXAS0007,20150415,PRCP,23,,,N,0700
US1TXAS0007,20150416,PRCP,0,,,N,0700
US1TXAS0007,20150417,PRCP,632,,,N,0700
US1TXAS0007,20150418,PRCP,351,,,N,0700
US1TXAS0007,20150419,PRCP,5,,,N,0700
US1TXAS0007,20150420,PRCP,135,,,N,0700
US1TXAS0007,20150421,PRCP,0,,,N,0700
US1TXAS0007,20150422,PRCP,0,,,N,0700
US1TXAS0007,20150423,PRCP,30,,,N,0700
US1TXAS0007,20150424,PRCP,0,,,N,0700
US1TXAS0007,20150425,PRCP,104,,,N,0700
US1TXAS0007,20150426,PRCP,28,,,N,0700
US1TXAS0007,20150427,PRCP,56,,,N,0700
US1TXAS0007,20150428,PRCP,0,,,N,0700
US1TXAS0007,20150429,PRCP,0,,,N,0700
US1TXAS0007,20150430,PRCP,0,,,N,0700
US1TXAS0007,20150401,SNOW,0,,,N,0700
US1TXAS0007,20150405,SNOW,0,,,N,0700
US1TXAS0007,20150407,SNOW,0,,,N,0700
US1TXAS0007,20150408,SNOW,0,,,N,0700
US1TXAS0007,20150409,SNOW,0,,,N,0700
US1TXAS0007,20150416,SNOW,0,,,N,0700
US1TXAS0007,20150421,SNOW,0,,,N,0700
US1TXAS0007,20150422,SNOW,0,,,N,0700
US1TXAS0007,20150424,SNOW,0,,,N,0700
US1TXAS0007,20150426,SNOW,0,,,N,0700
US1TXAS0007,20150427,SNOW,0,,,N,0700
US1TXAS0007,20150428,SNOW,0,,,N,0700
US1TXAS0007,20150429,SNOW,0,,,N,0700
US1TXAS0007,20150430,SNOW,0,,,N,0700
US1TXAS0007,20150501,PRCP,0,,,N,0700
US1TXAS0007,20150502,PRCP,0,,,N,0700
US1TXAS0007,20150503,PRCP,0,,,N,0700
US1TXAS0007,20150504,PRCP,0,,,N,0700
US1TXAS0007,20150505,PRCP,0,,,N,0700
US1TXAS0007,20150506,PRCP,3,,,N,0700
US1TXAS0007,20150507,PRCP,0,,,N,0700
US1TXAS0007,20150508,PRCP,0,,,N,0700
US1TXAS0007,20150509,PRCP,0,,,N,0700
US1TXAS0007,20150510,PRCP,0,,,N,0700
US1TXAS0007,20150511,PRCP,5,,,N,0700
US1TXAS0007,20150512,PRCP,239,,,N,0700
US1TXAS0007,20150513,PRCP,8,,,N,0700
US1TXAS0007,20150514,PRCP,152,,,N,0700
US1TXAS0007,20150515,PRCP,297,,,N,0700
US1TXAS0007,20150516,PRCP,71,,,N,0700
US1TXAS0007,20150517,PRCP,3,,,N,0700
US1TXAS0007,20150518,PRCP,239,,,N,0700
US1TXAS0007,20150519,PRCP,135,,,N,0700
US1TXAS0007,20150520,PRCP,3,,,N,0700
US1TXAS0007,20150521,PRCP,18,,,N,0700
US1TXAS0007,20150522,PRCP,0,T,,N,0700
US1TXAS0007,20150523,PRCP,0,,,N,0700
US1TXAS0007,20150524,PRCP,208,,,N,0700
US1TXAS0007,20150525,PRCP,0,,,N,0700
US1TXAS0007,20150526,PRCP,183,,,N,0700
US1TXAS0007,20150527,PRCP,0,,,N,0700
US1TXAS0007,20150528,PRCP,216,,,N,0700
US1TXAS0007,20150529,PRCP,20,,,N,0700
US1TXAS0007,20150530,PRCP,0,,,N,0700
US1TXAS0007,20150531,PRCP,196,,,N,0700
US1TXAS0007,20150501,SNOW,0,,,N,0700
US1TXAS0007,20150502,SNOW,0,,,N,0700
US1TXAS0007,20150503,SNOW,0,,,N,0700
US1TXAS0007,20150504,SNOW,0,,,N,0700
US1TXAS0007,20150505,SNOW,0,,,N,0700
US1TXAS0007,20150506,SNOW,0,,,N,0700
US1TXAS0007,20150507,SNOW,0,,,N,0700
US1TXAS0007,20150508,SNOW,0,,,N,0700
US1TXAS0007,20150509,SNOW,0,,,N,0700
US1TXAS0007,20150510,SNOW,0,,,N,0700
US1TXAS0007,20150513,SNOW,0,,,N,0700
US1TXAS0007,20150514,SNOW,0,,,N,0700
US1TXAS0007,20150515,SNOW,0,,,N,0700
US1TXAS0007,20150523,SNOW,0,,,N,0700
US1TXAS0007,20150525,SNOW,0,,,N,0700
US1TXAS0007,20150527,SNOW,0,,,N,0700
US1TXAS0007,20150530,SNOW,0,,,N,0700
US1TXAS0007,20150601,PRCP,0,,,N,0700
US1TXAS0007,20150602,PRCP,0,,,N,0700
US1TXAS0007,20150603,PRCP,0,,,N,0700
US1TXAS0007,20150604,PRCP,0,,,N,0700
US1TXAS0007,20150605,PRCP,0,,,N,0700
US1TXAS0007,20150606,PRCP,0,,,N,0700
US1TXAS0007,20150607,PRCP,0,,,N,0700
US1TXAS0007,20150608,PRCP,0,,,N,0700
US1TXAS0007,20150609,PRCP,0,,,N,0700
US1TXAS0007,20150610,PRCP,0,,,N,0700
US1TXAS0007,20150611,PRCP,0,,,N,0700
US1TXAS0007,20150612,PRCP,0,,,N,0700
US1TXAS0007,20150613,PRCP,3,,,N,0700
US1TXAS0007,20150614,PRCP,99,,,N,0700
US1TXAS0007,20150615,PRCP,127,,,N,0700
US1TXAS0007,20150616,PRCP,140,,,N,0700
US1TXAS0007,20150617,PRCP,1844,,,N,0700
US1TXAS0007,20150618,PRCP,178,,,N,0700
US1TXAS0007,20150619,PRCP,74,,,N,0700
US1TXAS0007,20150620,PRCP,25,,,N,0700
US1TXAS0007,20150621,PRCP,3,,,N,0700
US1TXAS0007,20150622,PRCP,0,,,N,0700
US1TXAS0007,20150623,PRCP,0,,,N,0700
US1TXAS0007,20150624,PRCP,0,,,N,0700
US1TXAS0007,20150625,PRCP,0,,,N,0700
US1TXAS0007,20150626,PRCP,0,,,N,0700
US1TXAS0007,20150627,PRCP,0,,,N,0700
US1TXAS0007,20150628,PRCP,13,,,N,0700
US1TXAS0007,20150629,PRCP,18,,,N,0700
US1TXAS0007,20150630,PRCP,0,,,N,0700
US1TXAS0007,20150601,SNOW,0,,,N,0700
US1TXAS0007,20150602,SNOW,0,,,N,0700
US1TXAS0007,20150603,SNOW,0,,,N,0700
US1TXAS0007,20150604,SNOW,0,,,N,0700
US1TXAS0007,20150605,SNOW,0,,,N,0700
US1TXAS0007,20150606,SNOW,0,,,N,0700
US1TXAS0007,20150607,SNOW,0,,,N,0700
US1TXAS0007,20150608,SNOW,0,,,N,0700
US1TXAS0007,20150609,SNOW,0,,,N,0700
US1TXAS0007,20150610,SNOW,0,,,N,0700
US1TXAS0007,20150611,SNOW,0,,,N,0700
US1TXAS0007,20150612,SNOW,0,,,N,0700
US1TXAS0007,20150622,SNOW,0,,,N,0700
US1TXAS0007,20150623,SNOW,0,,,N,0700
US1TXAS0007,20150624,SNOW,0,,,N,0700
US1TXAS0007,20150625,SNOW,0,,,N,0700
US1TXAS0007,20150626,SNOW,0,,,N,0700
US1TXAS0007,20150627,SNOW,0,,,N,0700
US1TXAS0007,20150630,SNOW,0,,,N,0700
US1TXAS0007,20150701,PRCP,330,,,N,0700
US1TXAS0007,20150702,PRCP,61,,,N,0700
US1TXAS0007,20150703,PRCP,0,,,N,0700
US1TXAS0007,20150704,PRCP,23,,,N,0700
US1TXAS0007,20150705,PRCP,0,,,N,0700
US1TXAS0007,20150706,PRCP,0,,,N,0700
US1TXAS0007,20150707,PRCP,0,,,N,0700
US1TXAS0007,20150708,PRCP,0,,,N,0700
US1TXAS0007,20150709,PRCP,0,,,N,0700
US1TXAS0007,20150710,PRCP,0,,,N,0700
US1TXAS0007,20150711,PRCP,0,,,N,0700
US1TXAS0007,20150712,PRCP,0,T,,N,0700
US1TXAS0007,20150713,PRCP,0,,,N,0700
US1TXAS0007,20150714,PRCP,0,,,N,0700
US1TXAS0007,20150715,PRCP,0,,,N,0700
US1TXAS0007,20150716,PRCP,0,,,N,0700
US1TXAS0007,20150717,PRCP,0,,,N,0700
US1TXAS0007,20150718,PRCP,0,,,N,0700
US1TXAS0007,20150719,PRCP,0,,,N,0700
US1TXAS0007,20150720,PRCP,0,,,N,0700
US1TXAS0007,20150721,PRCP,0,,,N,0700
US1TXAS0007,20150722,PRCP,0,,,N,0700
US1TXAS0007,20150723,PRCP,0,T,,N,0700
US1TXAS0007,20150724,PRCP,0,,,N,0700
US1TXAS0007,20150725,PRCP,0,,,N,0700
US1TXAS0007,20150726,PRCP,0,,,N,0700
US1TXAS0007,20150727,PRCP,0,,,N,0700
US1TXAS0007,20150728,PRCP,0,,,N,0700
US1TXAS0007,20150729,PRCP,0,,,N,0700
US1TXAS0007,20150730,PRCP,0,,,N,0700
US1TXAS0007,20150731,PRCP,3,,,N,0700
US1TXAS0007,20150703,SNOW,0,,,N,0700
US1TXAS0007,20150705,SNOW,0,,,N,0700
US1TXAS0007,20150706,SNOW,0,,,N,0700
US1TXAS0007,20150707,SNOW,0,,,N,0700
US1TXAS0007,20150708,SNOW,0,,,N,0700
US1TXAS0007,20150709,SNOW,0,,,N,0700
US1TXAS0007,20150710,SNOW,0,,,N,0700
US1TXAS0007,20150711,SNOW,0,,,N,0700
US1TXAS0007,20150713,SNOW,0,,,N,0700
US1TXAS0007,20150714,SNOW,0,,,N,0700
US1TXAS0007,20150715,SNOW,0,,,N,0700
US1TXAS0007,20150716,SNOW,0,,,N,0700
US1TXAS0007,20150717,SNOW,0,,,N,0700
US1TXAS0007,20150718,SNOW,0,,,N,0700
US1TXAS0007,20150719,SNOW,0,,,N,0700
US1TXAS0007,20150720,SNOW,0,,,N,0700
US1TXAS0007,20150721,SNOW,0,,,N,0700
US1TXAS0007,20150722,SNOW,0,,,N,0700
US1TXAS0007,20150723,SNOW,0,,,N,0700
US1TXAS0007,20150724,SNOW,0,,,N,0700
US1TXAS0007,20150725,SNOW,0,,,N,0700
US1TXAS0007,20150726,SNOW,0,,,N,0700
US1TXAS0007,20150727,SNOW,0,,,N,0700
US1TXAS0007,20150728,SNOW,0,,,N,0700
US1TXAS0007,20150729,SNOW,0,,,N,0700
US1TXAS0007,20150730,SNOW,0,,,N,0700
US1TXAS0007,20150801,PRCP,0,,,N,0700
US1TXAS0007,20150802,PRCP,0,,,N,0632
US1TXAS0007,20150803,PRCP,0,,,N,0700
US1TXAS0007,20150804,PRCP,0,,,N,0700
US1TXAS0007,20150805,PRCP,23,,,N,0700
US1TXAS0007,20150806,PRCP,0,,,N,0700
US1TXAS0007,20150807,PRCP,0,,,N,0600
US1TXAS0007,20150808,PRCP,0,,,N,0700
US1TXAS0007,20150809,PRCP,0,,,N,0700
US1TXAS0007,20150810,PRCP,0,,,N,0700
US1TXAS0007,20150811,PRCP,0,,,N,0700
US1TXAS0007,20150812,PRCP,152,,,N,0700
US1TXAS0007,20150813,PRCP,0,,,N,0700
US1TXAS0007,20150814,PRCP,0,,,N,0700
US1TXAS0007,20150815,PRCP,0,,,N,0700
US1TXAS0007,20150816,PRCP,0,,,N,0700
US1TXAS0007,20150817,PRCP,300,,,N,0700
US1TXAS0007,20150818,PRCP,33,,,N,0700
US1TXAS0007,20150819,PRCP,5,,,N,0700
US1TXAS0007,20150820,PRCP,66,,,N,0700
US1TXAS0007,20150821,PRCP,239,,,N,0700
US1TXAS0007,20150822,PRCP,33,,,N,0700
US1TXAS0007,20150823,PRCP,0,T,,N,0700
US1TXAS0007,20150824,PRCP,0,,,N,0700
US1TXAS0007,20150825,PRCP,0,,,N,0700
US1TXAS0007,20150826,PRCP,13,,,N,0700
US1TXAS0007,20150827,PRCP,0,,,N,0700
US1TXAS0007,20150828,PRCP,0,,,N,0700
US1TXAS0007,20150829,PRCP,0,,,N,0700
US1TXAS0007,20150830,PRCP,0,,,N,0700
US1TXAS0007,20150831,PRCP,0,,,N,0700
US1TXAS0007,20150801,SNOW,0,,,N,0700
US1TXAS0007,20150802,SNOW,0,,,N,0632
US1TXAS0007,20150803,SNOW,0,,,N,0700
US1TXAS0007,20150804,SNOW,0,,,N,0700
US1TXAS0007,20150805,SNOW,0,,,N,0700
US1TXAS0007,20150806,SNOW,0,,,N,0700
US1TXAS0007,20150807,SNOW,0,,,N,0600
US1TXAS0007,20150808,SNOW,0,,,N,0700
US1TXAS0007,20150809,SNOW,0,,,N,0700
US1TXAS0007,20150810,SNOW,0,,,N,0700
US1TXAS0007,20150811,SNOW,0,,,N,0700
US1TXAS0007,20150813,SNOW,0,,,N,0700
US1TXAS0007,20150814,SNOW,0,,,N,0700
US1TXAS0007,20150815,SNOW,0,,,N,0700
US1TXAS0007,20150816,SNOW,0,,,N,0700
US1TXAS0007,20150818,SNOW,0,,,N,0700
US1TXAS0007,20150819,SNOW,0,,,N,0700
US1TXAS0007,20150820,SNOW,0,,,N,0700
US1TXAS0007,20150821,SNOW,0,,,N,0700
US1TXAS0007,20150822,SNOW,0,,,N,0700
US1TXAS0007,20150823,SNOW,0,,,N,0700
US1TXAS0007,20150824,SNOW,0,,,N,0700
US1TXAS0007,20150825,SNOW,0,,,N,0700
US1TXAS0007,20150826,SNOW,0,,,N,0700
US1TXAS0007,20150827,SNOW,0,,,N,0700
US1TXAS0007,20150828,SNOW,0,,,N,0700
US1TXAS0007,20150829,SNOW,0,,,N,0700
US1TXAS0007,20150830,SNOW,0,,,N,0700
US1TXAS0007,20150831,SNOW,0,,,N,0700
US1TXAS0007,20150901,PRCP,0,,,N,0700
US1TXAS0007,20150902,PRCP,20,,,N,0700
US1TXAS0007,20150903,PRCP,23,,,N,0700
US1TXAS0007,20150904,PRCP,46,,,N,0700
US1TXAS0007,20150905,PRCP,102,,,N,0700
US1TXAS0007,20150906,PRCP,142,,,N,0700
US1TXAS0007,20150907,PRCP,0,,,N,0700
US1TXAS0007,20150908,PRCP,0,,,N,0700
US1TXAS0007,20150909,PRCP,0,,,N,0700
US1TXAS0007,20150910,PRCP,0,,,N,0700
US1TXAS0007,20150911,PRCP,394,,,N,0700
US1TXAS0007,20150912,PRCP,483,,,N,0700
US1TXAS0007,20150913,PRCP,0,,,N,0700
US1TXAS0007,20150914,PRCP,0,,,N,0700
US1TXAS0007,20150915,PRCP,0,,,N,0700
US1TXAS0007,20150916,PRCP,5,,,N,0700
US1TXAS0007,20150917,PRCP,0,,,N,0700
US1TXAS0007,20150918,PRCP,0,,,N,0700
US1TXAS0007,20150919,PRCP,0,,,N,0700
US1TXAS0007,20150920,PRCP,0,,,N,0700
US1TXAS0007,20150921,PRCP,0,,,N,0700
US1TXAS0007,20150922,PRCP,0,,,N,0700
US1TXAS0007,20150923,PRCP,0,,,N,0700
US1TXAS0007,20150924,PRCP,0,,,N,0700
US1TXAS0007,20150925,PRCP,0,,,N,0700
US1TXAS0007,20150926,PRCP,0,,,N,0700
US1TXAS0007,20150927,PRCP,0,,,N,0700
US1TXAS0007,20150928,PRCP,23,,,N,0700
US1TXAS0007,20150929,PRCP,0,,,N,0700
US1TXAS0007,20150930,PRCP,0,,,N,0700
US1TXAS0007,20150901,SNOW,0,,,N,0700
US1TXAS0007,20150902,SNOW,0,,,N,0700
US1TXAS0007,20150907,SNOW,0,,,N,0700
US1TXAS0007,20150908,SNOW,0,,,N,0700
US1TXAS0007,20150909,SNOW,0,,,N,0700
US1TXAS0007,20150910,SNOW,0,,,N,0700
US1TXAS0007,20150913,SNOW,0,,,N,0700
US1TXAS0007,20150914,SNOW,0,,,N,0700
US1TXAS0007,20150915,SNOW,0,,,N,0700
US1TXAS0007,20150917,SNOW,0,,,N,0700
US1TXAS0007,20150918,SNOW,0,,,N,0700
US1TXAS0007,20150919,SNOW,0,,,N,0700
US1TXAS0007,20150920,SNOW,0,,,N,0700
US1TXAS0007,20150921,SNOW,0,,,N,0700
US1TXAS0007,20150922,SNOW,0,,,N,0700
US1TXAS0007,20150923,SNOW,0,,,N,0700
US1TXAS0007,20150924,SNOW,0,,,N,0700
US1TXAS0007,20150925,SNOW,0,,,N,0700
US1TXAS0007,20150926,SNOW,0,,,N,0700
US1TXAS0007,20150927,SNOW,0,,,N,0700
US1TXAS0007,20150929,SNOW,0,,,N,0700
US1TXAS0007,20150930,SNOW,0,,,N,0700
US1TXAS0007,20151001,PRCP,0,,,N,0700
US1TXAS0007,20151002,PRCP,0,,,N,0700
US1TXAS0007,20151003,PRCP,0,,,N,0700
US1TXAS0007,20151004,PRCP,0,,,N,0700
US1TXAS0007,20151005,PRCP,0,,,N,0700
US1TXAS0007,20151006,PRCP,0,,,N,0700
US1TXAS0007,20151007,PRCP,0,,,N,0700
US1TXAS0007,20151008,PRCP,0,,,N,0700
US1TXAS0007,20151009,PRCP,0,,,N,0700
US1TXAS0007,20151010,PRCP,0,,,N,0700
US1TXAS0007,20151011,PRCP,0,,,N,0700
US1TXAS0007,20151012,PRCP,0,,,N,0700
US1TXAS0007,20151013,PRCP,0,,,N,0700
US1TXAS0007,20151014,PRCP,0,,,N,0700
US1TXAS0007,20151015,PRCP,0,,,N,0700
US1TXAS0007,20151016,PRCP,0,,,N,0700
US1TXAS0007,20151017,PRCP,0,,,N,0700
US1TXAS0007,20151018,PRCP,0,,,N,0700
US1TXAS0007,20151019,PRCP,0,,,N,0700
US1TXAS0007,20151020,PRCP,0,,,N,0700
US1TXAS0007,20151021,PRCP,0,T,,N,0700
US1TXAS0007,20151022,PRCP,0,T,,N,0700
US1TXAS0007,20151023,PRCP,48,,,N,0700
US1TXAS0007,20151024,PRCP,18,,,N,0700
US1TXAS0007,20151025,PRCP,1283,,,N,0700
US1TXAS0007,20151026,PRCP,185,,,N,0700
US1TXAS0007,20151027,PRCP,0,,,N,0700
US1TXAS0007,20151028,PRCP,0,,,N,0700
US1TXAS0007,20151029,PRCP,0,,,N,0700
US1TXAS0007,20151030,PRCP,0,,,N,0700
US1TXAS0007,20151031,PRCP,262,,,N,0700
US1TXAS0007,20151001,SNOW,0,,,N,0700
US1TXAS0007,20151002,SNOW,0,,,N,0700
US1TXAS0007,20151003,SNOW,0,,,N,0700
US1TXAS0007,20151004,SNOW,0,,,N,0700
US1TXAS0007,20151005,SNOW,0,,,N,0700
US1TXAS0007,20151006,SNOW,0,,,N,0700
US1TXAS0007,20151007,SNOW,0,,,N,0700
US1TXAS0007,20151008,SNOW,0,,,N,0700
US1TXAS0007,20151009,SNOW,0,,,N,0700
US1TXAS0007,20151010,SNOW,0,,,N,0700
US1TXAS0007,20151011,SNOW,0,,,N,0700
US1TXAS0007,20151012,SNOW,0,,,N,0700
US1TXAS0007,20151013,SNOW,0,,,N,0700
US1TXAS0007,20151014,SNOW,0,,,N,0700
US1TXAS0007,20151015,SNOW,0,,,N,0700
US1TXAS0007,20151016,SNOW,0,,,N,0700
US1TXAS0007,20151017,SNOW,0,,,N,0700
US1TXAS0007,20151018,SNOW,0,,,N,0700
US1TXAS0007,20151019,SNOW,0,,,N,0700
US1TXAS0007,20151020,SNOW,0,,,N,0700
US1TXAS0007,20151027,SNOW,0,,,N,0700
US1TXAS0007,20151028,SNOW,0,,,N,0700
US1TXAS0007,20151029,SNOW,0,,,N,0700
US1TXAS0007,20151030,SNOW,0,,,N,0700
US1TXAS0007,20151101,PRCP,254,,,N,0700
US1TXAS0007,20151102,PRCP,0,,,N,0700
US1TXAS0007,20151103,PRCP,0,,,N,0700
US1TXAS0007,20151104,PRCP,0,,,N,0700
US1TXAS0007,20151105,PRCP,0,,,N,0700
US1TXAS0007,20151106,PRCP,5,,,N,0700
US1TXAS0007,20151107,PRCP,3,,,N,0700
US1TXAS0007,20151108,PRCP,20,,,N,0700
US1TXAS0007,20151109,PRCP,0,,,N,0700
US1TXAS0007,20151110,PRCP,0,,,N,0700
US1TXAS0007,20151111,PRCP,0,,,N,0700
US1TXAS0007,20151112,PRCP,43,,,N,0700
US1TXAS0007,20151113,PRCP,0,,,N,0700
US1TXAS0007,20151114,PRCP,0,,,N,0700
US1TXAS0007,20151115,PRCP,0,,,N,0700
US1TXAS0007,20151116,PRCP,0,,,N,0700
US1TXAS0007,20151117,PRCP,89,,,N,0700
US1TXAS0007,20151118,PRCP,508,,,N,0700
US1TXAS0007,20151119,PRCP,0,,,N,0700
US1TXAS0007,20151120,PRCP,0,,,N,0700
US1TXAS0007,20151121,PRCP,71,,,N,0700
US1TXAS0007,20151122,PRCP,23,,,N,0700
US1TXAS0007,20151123,PRCP,0,,,N,0700
US1TXAS0007,20151124,PRCP,0,,,N,0700
US1TXAS0007,20151125,PRCP,0,,,N,0700
US1TXAS0007,20151126,PRCP,0,,,N,0700
US1TXAS0007,20151127,PRCP,13,,,N,0700
US1TXAS0007,20151128,PRCP,69,,,N,0700
US1TXAS0007,20151129,PRCP,48,,,N,0700
US1TXAS0007,20151130,PRCP,18,,,N,0700
US1TXAS0007,20151102,SNOW,0,,,N,0700
US1TXAS0007,20151103,SNOW,0,,,N,0700
US1TXAS0007,20151104,SNOW,0,,,N,0700
US1TXAS0007,20151105,SNOW,0,,,N,0700
US1TXAS0007,20151107,SNOW,0,,,N,0700
US1TXAS0007,20151109,SNOW,0,,,N,0700
US1TXAS0007,20151110,SNOW,0,,,N,0700
US1TXAS0007,20151111,SNOW,0,,,N,0700
US1TXAS0007,20151113,SNOW,0,,,N,0700
US1TXAS0007,20151114,SNOW,0,,,N,0700
US1TXAS0007,20151115,SNOW,0,,,N,0700
US1TXAS0007,20151116,SNOW,0,,,N,0700
US1TXAS0007,20151119,SNOW,0,,,N,0700
US1TXAS0007,20151120,SNOW,0,,,N,0700
US1TXAS0007,20151123,SNOW,0,,,N,0700
US1TXAS0007,20151124,SNOW,0,,,N,0700
US1TXAS0007,20151125,SNOW,0,,,N,0700
US1TXAS0007,20151126,SNOW,0,,,N,0700
US1TXAS0007,20151201,PRCP,18,,,N,0700
US1TXAS0007,20151202,PRCP,10,,,N,0700
US1TXAS0007,20151203,PRCP,0,T,,N,0700
US1TXAS0007,20151204,PRCP,0,,,N,0700
US1TXAS0007,20151205,PRCP,0,,,N,0700
US1TXAS0007,20151206,PRCP,0,,,N,0700
US1TXAS0007,20151207,PRCP,0,,,N,0700
US1TXAS0007,20151208,PRCP,0,,,N,0700
US1TXAS0007,20151209,PRCP,0,,,N,0700
US1TXAS0007,20151210,PRCP,0,,,N,0700
US1TXAS0007,20151211,PRCP,0,,,N,0700
US1TXAS0007,20151212,PRCP,0,,,N,0700
US1TXAS0007,20151213,PRCP,472,,,N,0700
US1TXAS0007,20151214,PRCP,76,,,N,0700
US1TXAS0007,20151215,PRCP,0,,,N,0700
US1TXAS0007,20151216,PRCP,0,,,N,0700
US1TXAS0007,20151217,PRCP,0,,,N,0700
US1TXAS0007,20151218,PRCP,0,,,N,0700
US1TXAS0007,20151219,PRCP,0,,,N,0700
US1TXAS0007,20151220,PRCP,0,,,N,0700
US1TXAS0007,20151221,PRCP,10,,,N,0700
US1TXAS0007,20151222,PRCP,0,T,,N,0700
US1TXAS0007,20151223,PRCP,0,,,N,0700
US1TXAS0007,20151224,PRCP,0,,,N,0700
US1TXAS0007,20151225,PRCP,0,,,N,0700
US1TXAS0007,20151226,PRCP,3,,,N,0700
US1TXAS0007,20151227,PRCP,10,,,N,0700
US1TXAS0007,20151228,PRCP,236,,,N,0700
US1TXAS0007,20151229,PRCP,0,,,N,0700
US1TXAS0007,20151230,PRCP,15,,,N,0700
US1TXAS0007,20151231,PRCP,3,,,N,0700
US1TXAS0007,20151204,SNOW,0,,,N,0700
US1TXAS0007,20151205,SNOW,0,,,N,0700
US1TXAS0007,20151206,SNOW,0,,,N,0700
US1TXAS0007,20151207,SNOW,0,,,N,0700
US1TXAS0007,20151208,SNOW,0,,,N,0700
US1TXAS0007,20151209,SNOW,0,,,N,0700
US1TXAS0007,20151210,SNOW,0,,,N,0700
US1TXAS0007,20151211,SNOW,0,,,N,0700
US1TXAS0007,20151212,SNOW,0,,,N,0700
US1TXAS0007,20151215,SNOW,0,,,N,0700
US1TXAS0007,20151216,SNOW,0,,,N,0700
US1TXAS0007,20151217,SNOW,0,,,N,0700
US1TXAS0007,20151218,SNOW,0,,,N,0700
US1TXAS0007,20151219,SNOW,0,,,N,0700
US1TXAS0007,20151220,SNOW,0,,,N,0700
US1TXAS0007,20151223,SNOW,0,,,N,0700
US1TXAS0007,20151224,SNOW,0,,,N,0700
US1TXAS0007,20151225,SNOW,0,,,N,0700
US1TXAS0007,20151229,SNOW,0,,,N,0700
US1TXAS0007,20160101,PRCP,3,,,N,0700
US1TXAS0007,20160102,PRCP,10,,,N,0700
US1TXAS0007,20160103,PRCP,41,,,N,0700
US1TXAS0007,20160104,PRCP,0,,,N,0700
US1TXAS0007,20160105,PRCP,0,,,N,0700
US1TXAS0007,20160106,PRCP,23,,,N,0700
US1TXAS0007,20160107,PRCP,211,,,N,0700
US1TXAS0007,20160108,PRCP,0,,,N,0700
US1TXAS0007,20160109,PRCP,3,,,N,0700
US1TXAS0007,20160110,PRCP,0,,,N,0700
US1TXAS0007,20160111,PRCP,0,,,N,0700
US1TXAS0007,20160112,PRCP,0,,,N,0700
US1TXAS0007,20160113,PRCP,0,,,N,0700
US1TXAS0007,20160114,PRCP,0,,,N,0700
US1TXAS0007,20160115,PRCP,0,,,N,0700
US1TXAS0007,20160116,PRCP,0,,,N,0700
US1TXAS0007,20160117,PRCP,56,,,N,0700
US1TXAS0007,20160118,PRCP,0,,,N,0700
US1TXAS0007,20160119,PRCP,0,,,N,0700
US1TXAS0007,20160120,PRCP,0,,,N,0700
US1TXAS0007,20160121,PRCP,0,T,,N,0700
US1TXAS0007,20160122,PRCP,0,,,N,0700
US1TXAS0007,20160123,PRCP,0,,,N,0700
US1TXAS0007,20160124,PRCP,0,,,N,0700
US1TXAS0007,20160125,PRCP,0,,,N,0700
US1TXAS0007,20160126,PRCP,0,,,N,0700
US1TXAS0007,20160127,PRCP,28,,,N,0700
US1TXAS0007,20160128,PRCP,0,,,N,0700
US1TXAS0007,20160129,PRCP,0,,,N,0700
US1TXAS0007,20160130,PRCP,0,,,N,0700
US1TXAS0007,20160131,PRCP,0,,,N,0700
US1TXAS0007,20160104,SNOW,0,,,N,0700
US1TXAS0007,20160105,SNOW,0,,,N,0700
US1TXAS0007,20160108,SNOW,0,,,N,0700
US1TXAS0007,20160110,SNOW,0,,,N,0700
US1TXAS0007,20160111,SNOW,0,,,N,0700
US1TXAS0007,20160112,SNOW,0,,,N,0700
US1TXAS0007,20160113,SNOW,0,,,N,0700
US1TXAS0007,20160114,SNOW,0,,,N,0700
US1TXAS0007,20160115,SNOW,0,,,N,0700
US1TXAS0007,20160116,SNOW,0,,,N,0700
US1TXAS0007,20160118,SNOW,0,,,N,0700
US1TXAS0007,20160119,SNOW,0,,,N,0700
US1TXAS0007,20160120,SNOW,0,,,N,0700
US1TXAS0007,20160122,SNOW,0,,,N,0700
US1TXAS0007,20160123,SNOW,0,,,N,0700
US1TXAS0007,20160124,SNOW,0,,,N,0700
US1TXAS0007,20160125,SNOW,0,,,N,0700
US1TXAS0007,20160126,SNOW,0,,,N,0700
US1TXAS0007,20160128,SNOW,0,,,N,0700
US1TXAS0007,20160129,SNOW,0,,,N,0700
US1TXAS0007,20160130,SNOW,0,,,N,0700
US1TXAS0007,20160131,SNOW,0,,,N,0700
US1TXAS0007,20160201,PRCP,0,,,N,0700
US1TXAS0007,20160202,PRCP,0,,,N,0700
US1TXAS0007,20160203,PRCP,0,,,N,0700
US1TXAS0007,20160204,PRCP,0,,,N,0700
US1TXAS0007,20160205,PRCP,0,,,N,0700
US1TXAS0007,20160206,PRCP,23,,,N,0700
US1TXAS0007,20160207,PRCP,0,,,N,0700
US1TXAS0007,20160208,PRCP,0,,,N,0700
US1TXAS0007,20160209,PRCP,0,,,N,0700
US1TXAS0007,20160210,PRCP,0,,,N,0700
US1TXAS0007,20160211,PRCP,0,,,N,0700
US1TXAS0007,20160212,PRCP,0,,,N,0700
US1TXAS0007,20160213,PRCP,0,,,N,0700
US1TXAS0007,20160214,PRCP,0,,,N,0700
US1TXAS0007,20160215,PRCP,0,,,N,0700
US1TXAS0007,20160216,PRCP,0,,,N,0700
US1TXAS0007,20160217,PRCP,0,,,N,0700
US1TXAS0007,20160218,PRCP,0,,,N,0700
US1TXAS0007,20160219,PRCP,0,,,N,0700
US1TXAS0007,20160220,PRCP,0,,,N,0700
US1TXAS0007,20160221,PRCP,0,,,N,0700
US1TXAS0007,20160224,PRCP,0,,,N,0700
US1TXAS0007,20160225,PRCP,0,,,N,0700
US1TXAS0007,20160226,PRCP,0,,,N,0700
US1TXAS0007,20160227,PRCP,0,,,N,0700
US1TXAS0007,20160228,PRCP,0,,,N,0700
US1TXAS0007,20160229,PRCP,0,,,N,0700
US1TXAS0007,20160201,SNOW,0,,,N,0700
US1TXAS0007,20160202,SNOW,0,,,N,0700
US1TXAS0007,20160203,SNOW,0,,,N,0700
US1TXAS0007,20160204,SNOW,0,,,N,0700
US1TXAS0007,20160205,SNOW,0,,,N,0700
US1TXAS0007,20160207,SNOW,0,,,N,0700
US1TXAS0007,20160208,SNOW,0,,,N,0700
US1TXAS0007,20160209,SNOW,0,,,N,0700
US1TXAS0007,20160210,SNOW,0,,,N,0700
US1TXAS0007,20160211,SNOW,0,,,N,0700
US1TXAS0007,20160212,SNOW,0,,,N,0700
US1TXAS0007,20160213,SNOW,0,,,N,0700
US1TXAS0007,20160214,SNOW,0,,,N,0700
US1TXAS0007,20160215,SNOW,0,,,N,0700
US1TXAS0007,20160216,SNOW,0,,,N,0700
US1TXAS0007,20160217,SNOW,0,,,N,0700
US1TXAS0007,20160218,SNOW,0,,,N,0700
US1TXAS0007,20160219,SNOW,0,,,N,0700
US1TXAS0007,20160220,SNOW,0,,,N,0700
US1TXAS0007,20160221,SNOW,0,,,N,0700
US1TXAS0007,20160224,SNOW,0,,,N,0700
US1TXAS0007,20160225,SNOW,0,,,N,0700
US1TXAS0007,20160226,SNOW,0,,,N,0700
US1TXAS0007,20160227,SNOW,0,,,N,0700
US1TXAS0007,20160228,SNOW,0,,,N,0700
US1TXAS0007,20160229,SNOW,0,,,N,0700
US1TXAS0007,20160223,DAPR,2,,,N,1500
US1TXAS0007,20160223,MDPR,470,,,N,1500
US1TXAS0007,20160301,PRCP,0,,,N,0700
US1TXAS0007,20160302,PRCP,0,,,N,0700
US1TXAS0007,20160303,PRCP,0,,,N,0700
US1TXAS0007,20160304,PRCP,0,,,N,0700
US1TXAS0007,20160305,PRCP,0,,,N,0700
US1TXAS0007,20160306,PRCP,0,,,N,0700
US1TXAS0007,20160307,PRCP,0,,,N,0700
US1TXAS0007,20160308,PRCP,3,,,N,0700
US1TXAS0007,20160309,PRCP,284,,,N,0700
US1TXAS0007,20160310,PRCP,848,,,N,0700
US1TXAS0007,20160311,PRCP,23,,,N,0700
US1TXAS0007,20160312,PRCP,23,,,N,0700
US1TXAS0007,20160313,PRCP,0,,,N,0700
US1TXAS0007,20160314,PRCP,0,,,N,0700
US1TXAS0007,20160315,PRCP,0,,,N,0700
US1TXAS0007,20160316,PRCP,0,,,N,0700
US1TXAS0007,20160317,PRCP,0,,,N,0700
US1TXAS0007,20160318,PRCP,8,,,N,0700
US1TXAS0007,20160319,PRCP,20,,,N,0700
US1TXAS0007,20160320,PRCP,0,,,N,0700
US1TXAS0007,20160321,PRCP,0,,,N,0700
US1TXAS0007,20160322,PRCP,0,,,N,0700
US1TXAS0007,20160323,PRCP,0,,,N,0700
US1TXAS0007,20160324,PRCP,170,,,N,0700
US1TXAS0007,20160325,PRCP,3,,,N,0700
US1TXAS0007,20160326,PRCP,0,,,N,0700
US1TXAS0007,20160327,PRCP,0,,,N,0700
US1TXAS0007,20160328,PRCP,0,,,N,0700
US1TXAS0007,20160329,PRCP,0,,,N,0700
US1TXAS0007,20160330,PRCP,5,,,N,0700
US1TXAS0007,20160331,PRCP,5,,,N,0700
US1TXAS0007,20160301,SNOW,0,,,N,0700
US1TXAS0007,20160302,SNOW,0,,,N,0700
US1TXAS0007,20160303,SNOW,0,,,N,0700
US1TXAS0007,20160304,SNOW,0,,,N,0700
US1TXAS0007,20160305,SNOW,0,,,N,0700
US1TXAS0007,20160306,SNOW,0,,,N,0700
US1TXAS0007,20160307,SNOW,0,,,N,0700
US1TXAS0007,20160313,SNOW,0,,,N,0700
US1TXAS0007,20160314,SNOW,0,,,N,0700
US1TXAS0007,20160315,SNOW,0,,,N,0700
US1TXAS0007,20160316,SNOW,0,,,N,0700
US1TXAS0007,20160317,SNOW,0,,,N,0700
US1TXAS0007,20160318,SNOW,0,,,N,0700
US1TXAS0007,20160319,SNOW,0,,,N,0700
US1TXAS0007,20160320,SNOW,0,,,N,0700
US1TXAS0007,20160321,SNOW,0,,,N,0700
US1TXAS0007,20160322,SNOW,0,,,N,0700
US1TXAS0007,20160323,SNOW,0,,,N,0700
US1TXAS0007,20160324,SNOW,0,,,N,0700
US1TXAS0007,20160325,SNOW,0,,,N,0700
US1TXAS0007,20160326,SNOW,0,,,N,0700
US1TXAS0007,20160327,SNOW,0,,,N,0700
US1TXAS0007,20160328,SNOW,0,,,N,0700
US1TXAS0007,20160329,SNOW,0,,,N,0700
US1TXAS0007,20160401,PRCP,5,,,N,0700
US1TXAS0007,20160402,PRCP,0,,,N,0700
US1TXAS0007,20160403,PRCP,0,,,N,0700
US1TXAS0007,20160404,PRCP,0,,,N,0700
US1TXAS0007,20160405,PRCP,0,,,N,0700
US1TXAS0007,20160406,PRCP,0,,,N,0700
US1TXAS0007,20160407,PRCP,0,,,N,0700
US1TXAS0007,20160408,PRCP,0,,,N,0700
US1TXAS0007,20160409,PRCP,0,,,N,0700
US1TXAS0007,20160410,PRCP,0,,,N,0700
US1TXAS0007,20160411,PRCP,0,T,,N,0700
US1TXAS0007,20160412,PRCP,0,T,,N,0700
US1TXAS0007,20160413,PRCP,173,,,N,0700
US1TXAS0007,20160414,PRCP,3,,,N,0700
US1TXAS0007,20160415,PRCP,0,,,N,0700
US1TXAS0007,20160416,PRCP,0,,,N,0700
US1TXAS0007,20160417,PRCP,10,,,N,0700
US1TXAS0007,20160418,PRCP,2858,,,N,0700
US1TXAS0007,20160419,PRCP,518,,,N,0700
US1TXAS0007,20160420,PRCP,3,,,N,0700
US1TXAS0007,20160423,PRCP,0,,,N,0700
US1TXAS0007,20160424,PRCP,0,,,N,0700
US1TXAS0007,20160425,PRCP,76,,,N,0700
US1TXAS0007,20160426,PRCP,0,,,N,0700
US1TXAS0007,20160427,PRCP,94,,,N,0700
US1TXAS0007,20160428,PRCP,0,,,N,0700
US1TXAS0007,20160429,PRCP,0,T,,N,0700
US1TXAS0007,20160430,PRCP,0,T,,N,0700
US1TXAS0007,20160402,SNOW,0,,,N,0700
US1TXAS0007,20160403,SNOW,0,,,N,0700
US1TXAS0007,20160404,SNOW,0,,,N,0700
US1TXAS0007,20160405,SNOW,0,,,N,0700
US1TXAS0007,20160406,SNOW,0,,,N,0700
US1TXAS0007,20160407,SNOW,0,,,N,0700
US1TXAS0007,20160408,SNOW,0,,,N,0700
US1TXAS0007,20160409,SNOW,0,,,N,0700
US1TXAS0007,20160410,SNOW,0,,,N,0700
US1TXAS0007,20160415,SNOW,0,,,N,0700
US1TXAS0007,20160416,SNOW,0,,,N,0700
US1TXAS0007,20160423,SNOW,0,,,N,0700
US1TXAS0007,20160424,SNOW,0,,,N,0700
US1TXAS0007,20160426,SNOW,0,,,N,0700
US1TXAS0007,20160428,SNOW,0,,,N,0700
US1TXAS0007,20160422,DAPR,2,,,N,0700
US1TXAS0007,20160422,MDPR,155,,,N,0700
US1TXAS0007,20160501,PRCP,43,,,N,0700
US1TXAS0007,20160502,PRCP,20,,,N,0700
US1TXAS0007,20160503,PRCP,3,,,N,0700
US1TXAS0007,20160504,PRCP,0,,,N,0700
US1TXAS0007,20160505,PRCP,0,,,N,0700
US1TXAS0007,20160506,PRCP,0,,,N,0700
US1TXAS0007,20160507,PRCP,0,,,N,0700
US1TXAS0007,20160508,PRCP,0,,,N,0700
US1TXAS0007,20160509,PRCP,0,T,,N,0700
US1TXAS0007,20160510,PRCP,0,,,N,0700
US1TXAS0007,20160511,PRCP,5,,,N,0700
US1TXAS0007,20160512,PRCP,0,T,,N,0700
US1TXAS0007,20160513,PRCP,0,,,N,0700
US1TXAS0007,20160514,PRCP,0,T,,N,0700
US1TXAS0007,20160515,PRCP,980,,,N,0700
US1TXAS0007,20160516,PRCP,193,,,N,0700
US1TXAS0007,20160517,PRCP,18,,,N,0700
US1TXAS0007,20160518,PRCP,18,,,N,0700
US1TXAS0007,20160519,PRCP,0,,,N,0700
US1TXAS0007,20160520,PRCP,348,,,N,0700
US1TXAS0007,20160521,PRCP,0,,,N,0700
US1TXAS0007,20160522,PRCP,5,,,N,0700
US1TXAS0007,20160523,PRCP,0,,,N,0700
US1TXAS0007,20160524,PRCP,0,,,N,0700
US1TXAS0007,20160525,PRCP,0,,,N,0700
US1TXAS0007,20160529,PRCP,0,,,N,0700
US1TXAS0007,20160530,PRCP,0,T,,N,0700
US1TXAS0007,20160531,PRCP,20,,,N,0700
US1TXAS0007,20160503,SNOW,0,,,N,0700
US1TXAS0007,20160504,SNOW,0,,,N,0700
US1TXAS0007,20160505,SNOW,0,,,N,0700
US1TXAS0007,20160506,SNOW,0,,,N,0700
US1TXAS0007,20160507,SNOW,0,,,N,0700
US1TXAS0007,20160508,SNOW,0,,,N,0700
US1TXAS0007,20160510,SNOW,0,,,N,0700
US1TXAS0007,20160513,SNOW,0,,,N,0700
US1TXAS0007,20160519,SNOW,0,,,N,0700
US1TXAS0007,20160521,SNOW,0,,,N,0700
US1TXAS0007,20160523,SNOW,0,,,N,0700
US1TXAS0007,20160524,SNOW,0,,,N,0700
US1TXAS0007,20160525,SNOW,0,,,N,0700
US1TXAS0007,20160529,SNOW,0,,,N,0700
US1TXAS0007,20160531,SNOW,0,,,N,0700
US1TXAS0007,20160528,DAPR,3,,,N,0700
US1TXAS0007,20160528,MDPR,848,,,N,0700
US1TXAS0007,20160601,PRCP,64,,,N,0700
US1TXAS0007,20160602,PRCP,135,,,N,0700
US1TXAS0007,20160603,PRCP,145,,,N,0700
US1TXAS0007,20160604,PRCP,201,,,N,0700
US1TXAS0007,20160605,PRCP,145,,,N,0700
US1TXAS0007,20160606,PRCP,8,,,N,0700
US1TXAS0007,20160607,PRCP,203,,,N,0700
US1TXAS0007,20160608,PRCP,0,,,N,0700
US1TXAS0007,20160609,PRCP,0,,,N,0700
US1TXAS0007,20160610,PRCP,0,,,N,0700
US1TXAS0007,20160611,PRCP,0,,,N,0700
US1TXAS0007,20160612,PRCP,0,,,N,0700
US1TXAS0007,20160613,PRCP,5,,,N,0700
US1TXAS0007,20160614,PRCP,0,,,N,0700
US1TXAS0007,20160615,PRCP,0,,,N,0700
US1TXAS0007,20160616,PRCP,0,,,N,0700
US1TXAS0007,20160617,PRCP,0,,,N,0700
US1TXAS0007,20160618,PRCP,0,,,N,0700
US1TXAS0007,20160619,PRCP,28,,,N,0700
US1TXAS0007,20160620,PRCP,0,T,,N,0700
US1TXAS0007,20160621,PRCP,0,T,,N,0700
US1TXAS0007,20160622,PRCP,0,,,N,0700
US1TXAS0007,20160623,PRCP,0,T,,N,0700
US1TXAS0007,20160624,PRCP,0,,,N,0700
US1TXAS0007,20160625,PRCP,0,T,,N,0700
US1TXAS0007,20160626,PRCP,64,,,N,0700
US1TXAS0007,20160627,PRCP,0,T,,N,0700
US1TXAS0007,20160628,PRCP,0,,,N,0700
US1TXAS0007,20160629,PRCP,66,,,N,0700
US1TXAS0007,20160630,PRCP,0,,,N,0700
US1TXAS0007,20160602,SNOW,0,,,N,0700
US1TXAS0007,20160603,SNOW,0,,,N,0700
US1TXAS0007,20160604,SNOW,0,,,N,0700
US1TXAS0007,20160608,SNOW,0,,,N,0700
US1TXAS0007,20160609,SNOW,0,,,N,0700
US1TXAS0007,20160610,SNOW,0,,,N,0700
US1TXAS0007,20160611,SNOW,0,,,N,0700
US1TXAS0007,20160612,SNOW,0,,,N,0700
US1TXAS0007,20160613,SNOW,0,,,N,0700
US1TXAS0007,20160614,SNOW,0,,,N,0700
US1TXAS0007,20160615,SNOW,0,,,N,0700
US1TXAS0007,20160616,SNOW,0,,,N,0700
US1TXAS0007,20160617,SNOW,0,,,N,0700
US1TXAS0007,20160618,SNOW,0,,,N,0700
US1TXAS0007,20160619,SNOW,0,,,N,0700
US1TXAS0007,20160622,SNOW,0,,,N,0700
US1TXAS0007,20160624,SNOW,0,,,N,0700
US1TXAS0007,20160628,SNOW,0,,,N,0700
US1TXAS0007,20160630,SNOW,0,,,N,0700
US1TXAS0007,20160701,PRCP,0,,,N,0700
US1TXAS0007,20160702,PRCP,56,,,N,0700
US1TXAS0007,20160703,PRCP,0,,,N,0700
US1TXAS0007,20160704,PRCP,0,,,N,0700
US1TXAS0007,20160705,PRCP,0,,,N,0700
US1TXAS0007,20160706,PRCP,0,,,N,0700
US1TXAS0007,20160707,PRCP,0,,,N,0700
US1TXAS0007,20160708,PRCP,0,,,N,0700
US1TXAS0007,20160709,PRCP,0,,,N,0700
US1TXAS0007,20160710,PRCP,0,,,N,0700
US1TXAS0007,20160711,PRCP,0,,,N,0700
US1TXAS0007,20160712,PRCP,0,,,N,0700
US1TXAS0007,20160713,PRCP,0,,,N,0700
US1TXAS0007,20160714,PRCP,0,,,N,0700
US1TXAS0007,20160715,PRCP,0,,,N,0700
US1TXAS0007,20160716,PRCP,0,,,N,0645
US1TXAS0007,20160717,PRCP,0,,,N,0700
US1TXAS0007,20160718,PRCP,0,T,,N,0700
US1TXAS0007,20160719,PRCP,0,,,N,0700
US1TXAS0007,20160720,PRCP,0,,,N,0700
US1TXAS0007,20160721,PRCP,10,,,N,0700
US1TXAS0007,20160722,PRCP,0,,,N,0700
US1TXAS0007,20160723,PRCP,0,,,N,0700
US1TXAS0007,20160724,PRCP,0,,,N,0700
US1TXAS0007,20160725,PRCP,0,,,N,0700
US1TXAS0007,20160726,PRCP,102,,,N,0700
US1TXAS0007,20160727,PRCP,99,,,N,0700
US1TXAS0007,20160728,PRCP,0,,,N,0700
US1TXAS0007,20160729,PRCP,58,,,N,0700
US1TXAS0007,20160730,PRCP,0,,,N,0700
US1TXAS0007,20160731,PRCP,0,,,N,0700
US1TXAS0007,20160701,SNOW,0,,,N,0700
US1TXAS0007,20160702,SNOW,0,,,N,0700
US1TXAS0007,20160703,SNOW,0,,,N,0700
US1TXAS0007,20160704,SNOW,0,,,N,0700
US1TXAS0007,20160705,SNOW,0,,,N,0700
US1TXAS0007,20160706,SNOW,0,,,N,0700
US1TXAS0007,20160707,SNOW,0,,,N,0700
US1TXAS0007,20160708,SNOW,0,,,N,0700
US1TXAS0007,20160709,SNOW,0,,,N,0700
US1TXAS0007,20160710,SNOW,0,,,N,0700
US1TXAS0007,20160711,SNOW,0,,,N,0700
US1TXAS0007,20160712,SNOW,0,,,N,0700
US1TXAS0007,20160713,SNOW,0,,,N,0700
US1TXAS0007,20160714,SNOW,0,,,N,0700
US1TXAS0007,20160715,SNOW,0,,,N,0700
US1TXAS0007,20160716,SNOW,0,,,N,0645
US1TXAS0007,20160717,SNOW,0,,,N,0700
US1TXAS0007,20160719,SNOW,0,,,N,0700
US1TXAS0007,20160720,SNOW,0,,,N,0700
US1TXAS0007,20160722,SNOW,0,,,N,0700
US1TXAS0007,20160723,SNOW,0,,,N,0700
US1TXAS0007,20160724,SNOW,0,,,N,0700
US1TXAS0007,20160725,SNOW,0,,,N,0700
US1TXAS0007,20160726,SNOW,0,,,N,0700
US1TXAS0007,20160728,SNOW,0,,,N,0700
US1TXAS0007,20160729,SNOW,0,,,N,0700
US1TXAS0007,20160730,SNOW,0,,,N,0700
US1TXAS0007,20160731,SNOW,0,,,N,0700
US1TXAS0007,20160801,PRCP,99,,,N,0700
US1TXAS0007,20160802,PRCP,0,,,N,0700
US1TXAS0007,20160803,PRCP,0,,,N,0700
US1TXAS0007,20160804,PRCP,0,,,N,0700
US1TXAS0007,20160805,PRCP,0,,,N,0700
US1TXAS0007,20160806,PRCP,0,,,N,0700
US1TXAS0007,20160807,PRCP,0,,,N,0700
US1TXAS0007,20160808,PRCP,0,,,N,0700
US1TXAS0007,20160809,PRCP,0,,,N,0700
US1TXAS0007,20160810,PRCP,0,,,N,0700
US1TXAS0007,20160811,PRCP,0,,,N,0700
US1TXAS0007,20160812,PRCP,0,,,N,0700
US1TXAS0007,20160813,PRCP,0,,,N,0700
US1TXAS0007,20160814,PRCP,23,,,N,0700
US1TXAS0007,20160815,PRCP,41,,,N,0700
US1TXAS0007,20160816,PRCP,168,,,N,0700
US1TXAS0007,20160817,PRCP,94,,,N,0700
US1TXAS0007,20160818,PRCP,61,,,N,0700
US1TXAS0007,20160819,PRCP,33,,,N,0700
US1TXAS0007,20160820,PRCP,97,,,N,0700
US1TXAS0007,20160823,PRCP,56,,,N,0700
US1TXAS0007,20160824,PRCP,0,,,N,0700
US1TXAS0007,20160825,PRCP,0,,,N,0700
US1TXAS0007,20160826,PRCP,0,,,N,0700
US1TXAS0007,20160827,PRCP,0,T,,N,0700
US1TXAS0007,20160828,PRCP,0,T,,N,0700
US1TXAS0007,20160829,PRCP,28,,,N,0700
US1TXAS0007,20160830,PRCP,20,,,N,0700
US1TXAS0007,20160831,PRCP,0,,,N,0700
US1TXAS0007,20160801,SNOW,0,,,N,0700
US1TXAS0007,20160802,SNOW,0,,,N,0700
US1TXAS0007,20160803,SNOW,0,,,N,0700
US1TXAS0007,20160804,SNOW,0,,,N,0700
US1TXAS0007,20160805,SNOW,0,,,N,0700
US1TXAS0007,20160806,SNOW,0,,,N,0700
US1TXAS0007,20160807,SNOW,0,,,N,0700
US1TXAS0007,20160808,SNOW,0,,,N,0700
US1TXAS0007,20160809,SNOW,0,,,N,0700
US1TXAS0007,20160810,SNOW,0,,,N,0700
US1TXAS0007,20160811,SNOW,0,,,N,0700
US1TXAS0007,20160812,SNOW,0,,,N,0700
US1TXAS0007,20160813,SNOW,0,,,N,0700
US1TXAS0007,20160824,SNOW,0,,,N,0700
US1TXAS0007,20160825,SNOW,0,,,N,0700
US1TXAS0007,20160826,SNOW,0,,,N,0700
US1TXAS0007,20160831,SNOW,0,,,N,0700
US1TXAS0007,20160822,DAPR,2,,,N,0700
US1TXAS0007,20160822,MDPR,282,,,N,0700
US1TXAS0007,20160901,PRCP,0,,,N,0700
US1TXAS0007,20160902,PRCP,0,,,N,0700
US1TXAS0007,20160903,PRCP,0,,,N,0700
US1TXAS0007,20160904,PRCP,0,,,N,0700
US1TXAS0007,20160905,PRCP,36,,,N,0700
US1TXAS0007,20160906,PRCP,23,,,N,0700
US1TXAS0007,20160907,PRCP,0,,,N,0700
US1TXAS0007,20160908,PRCP,8,,,N,0700
US1TXAS0007,20160909,PRCP,46,,,N,0700
US1TXAS0007,20160910,PRCP,0,T,,N,0700
US1TXAS0007,20160911,PRCP,0,T,,N,0700
US1TXAS0007,20160912,PRCP,0,,,N,0700
US1TXAS0007,20160913,PRCP,0,,,N,0700
US1TXAS0007,20160914,PRCP,0,,,N,0700
US1TXAS0007,20160915,PRCP,0,,,N,0700
US1TXAS0007,20160916,PRCP,0,,,N,0700
US1TXAS0007,20160917,PRCP,0,,,N,0700
US1TXAS0007,20160918,PRCP,0,,,N,0700
US1TXAS0007,20160919,PRCP,0,,,N,0700
US1TXAS0007,20160920,PRCP,0,,,N,0700
US1TXAS0007,20160921,PRCP,0,,,N,0700
US1TXAS0007,20160922,PRCP,0,,,N,0700
US1TXAS0007,20160923,PRCP,28,,,N,0700
US1TXAS0007,20160924,PRCP,5,,,N,0700
US1TXAS0007,20160925,PRCP,104,,,N,0700
US1TXAS0007,20160926,PRCP,46,,,N,0700
US1TXAS0007,20160927,PRCP,3,,,N,0700
US1TXAS0007,20160928,PRCP,0,,,N,0700
US1TXAS0007,20160929,PRCP,0,,,N,0700
US1TXAS0007,20160930,PRCP,0,,,N,0700
US1TXAS0007,20160901,SNOW,0,,,N,0700
US1TXAS0007,20160902,SNOW,0,,,N,0700
US1TXAS0007,20160903,SNOW,0,,,N,0700
US1TXAS0007,20160904,SNOW,0,,,N,0700
US1TXAS0007,20160907,SNOW,0,,,N,0700
US1TXAS0007,20160912,SNOW,0,,,N,0700
US1TXAS0007,20160913,SNOW,0,,,N,0700
US1TXAS0007,20160914,SNOW,0,,,N,0700
US1TXAS0007,20160915,SNOW,0,,,N,0700
US1TXAS0007,20160916,SNOW,0,,,N,0700
US1TXAS0007,20160917,SNOW,0,,,N,0700
US1TXAS0007,20160918,SNOW,0,,,N,0700
US1TXAS0007,20160919,SNOW,0,,,N,0700
US1TXAS0007,20160920,SNOW,0,,,N,0700
US1TXAS0007,20160921,SNOW,0,,,N,0700
US1TXAS0007,20160922,SNOW,0,,,N,0700
US1TXAS0007,20160928,SNOW,0,,,N,0700
US1TXAS0007,20160929,SNOW,0,,,N,0700
US1TXAS0007,20160930,SNOW,0,,,N,0700
US1TXAS0007,20161001,PRCP,0,,,N,0700
US1TXAS0007,20161002,PRCP,0,,,N,0700
US1TXAS0007,20161003,PRCP,0,,,N,0700
US1TXAS0007,20161004,PRCP,0,,,N,0700
US1TXAS0007,20161005,PRCP,5,,,N,0700
US1TXAS0007,20161006,PRCP,0,,,N,0700
US1TXAS0007,20161007,PRCP,0,T,,N,0700
US1TXAS0007,20161008,PRCP,0,,,N,0700
US1TXAS0007,20161009,PRCP,0,,,N,0700
US1TXAS0007,20161010,PRCP,0,,,N,0700
US1TXAS0007,20161011,PRCP,0,,,N,0700
US1TXAS0007,20161012,PRCP,0,,,N,0700
US1TXAS0007,20161013,PRCP,0,,,N,0700
US1TXAS0007,20161014,PRCP,0,,,N,0700
US1TXAS0007,20161015,PRCP,53,,,N,0700
US1TXAS0007,20161017,PRCP,0,,,N,0700
US1TXAS0007,20161018,PRCP,0,,,N,0700
US1TXAS0007,20161019,PRCP,0,,,N,0700
US1TXAS0007,20161020,PRCP,91,,,N,0700
US1TXAS0007,20161021,PRCP,3,,,N,0700
US1TXAS0007,20161022,PRCP,0,,,N,0700
US1TXAS0007,20161023,PRCP,0,,,N,0700
US1TXAS0007,20161024,PRCP,0,,,N,0700
US1TXAS0007,20161025,PRCP,0,,,N,0700
US1TXAS0007,20161026,PRCP,0,,,N,0700
US1TXAS0007,20161027,PRCP,0,,,N,0700
US1TXAS0007,20161028,PRCP,0,,,N,0700
US1TXAS0007,20161029,PRCP,0,,,N,0700
US1TXAS0007,20161030,PRCP,0,,,N,0700
US1TXAS0007,20161031,PRCP,0,,,N,0700
US1TXAS0007,20161001,SNOW,0,,,N,0700
US1TXAS0007,20161002,SNOW,0,,,N,0700
US1TXAS0007,20161003,SNOW,0,,,N,0700
US1TXAS0007,20161004,SNOW,0,,,N,0700
US1TXAS0007,20161006,SNOW,0,,,N,0700
US1TXAS0007,20161008,SNOW,0,,,N,0700
US1TXAS0007,20161009,SNOW,0,,,N,0700
US1TXAS0007,20161010,SNOW,0,,,N,0700
US1TXAS0007,20161011,SNOW,0,,,N,0700
US1TXAS0007,20161012,SNOW,0,,,N,0700
US1TXAS0007,20161013,SNOW,0,,,N,0700
US1TXAS0007,20161014,SNOW,0,,,N,0700
US1TXAS0007,20161017,SNOW,0,,,N,0700
US1TXAS0007,20161018,SNOW,0,,,N,0700
US1TXAS0007,20161019,SNOW,0,,,N,0700
US1TXAS0007,20161022,SNOW,0,,,N,0700
US1TXAS0007,20161023,SNOW,0,,,N,0700
US1TXAS0007,20161024,SNOW,0,,,N,0700
US1TXAS0007,20161025,SNOW,0,,,N,0700
US1TXAS0007,20161026,SNOW,0,,,N,0700
US1TXAS0007,20161027,SNOW,0,,,N,0700
US1TXAS0007,20161028,SNOW,0,,,N,0700
US1TXAS0007,20161029,SNOW,0,,,N,0700
US1TXAS0007,20161030,SNOW,0,,,N,0700
US1TXAS0007,20161031,SNOW,0,,,N,0700
US1TXAS0007,20161101,PRCP,0,,,N,0700
US1TXAS0007,20161102,PRCP,8,,,N,0700
US1TXAS0007,20161103,PRCP,0,T,,N,0700
US1TXAS0007,20161104,PRCP,66,,,N,0700
US1TXAS0007,20161105,PRCP,5,,,N,0700
US1TXAS0007,20161106,PRCP,3,,,N,0700
US1TXAS0007,20161107,PRCP,216,,,N,0700
US1TXAS0007,20161108,PRCP,0,T,,N,0700
US1TXAS0007,20161109,PRCP,8,,,N,0700
US1TXAS0007,20161110,PRCP,0,T,,N,0700
US1TXAS0007,20161111,PRCP,3,,,N,0700
US1TXAS0007,20161112,PRCP,0,,,N,0700
US1TXAS0007,20161113,PRCP,0,,,N,0700
US1TXAS0007,20161114,PRCP,0,T,,N,0700
US1TXAS0007,20161115,PRCP,0,,,N,0700
US1TXAS0007,20161116,PRCP,0,,,N,0700
US1TXAS0007,20161117,PRCP,0,,,N,0700
US1TXAS0007,20161118,PRCP,0,,,N,0700
US1TXAS0007,20161119,PRCP,0,,,N,0700
US1TXAS0007,20161120,PRCP,0,,,N,0700
US1TXAS0007,20161121,PRCP,0,,,N,0700
US1TXAS0007,20161122,PRCP,0,,,N,0700
US1TXAS0007,20161123,PRCP,86,,,N,0700
US1TXAS0007,20161124,PRCP,28,,,N,0700
US1TXAS0007,20161125,PRCP,0,,,N,0700
US1TXAS0007,20161126,PRCP,5,,,N,0700
US1TXAS0007,20161127,PRCP,0,,,N,0700
US1TXAS0007,20161128,PRCP,8,,,N,0700
US1TXAS0007,20161129,PRCP,0,,,N,0700
US1TXAS0007,20161130,PRCP,0,T,,N,0700
US1TXAS0007,20161101,SNOW,0,,,N,0700
US1TXAS0007,20161112,SNOW,0,,,N,0700
US1TXAS0007,20161113,SNOW,0,,,N,0700
US1TXAS0007,20161115,SNOW,0,,,N,0700
US1TXAS0007,20161116,SNOW,0,,,N,0700
US1TXAS0007,20161117,SNOW,0,,,N,0700
US1TXAS0007,20161118,SNOW,0,,,N,0700
US1TXAS0007,20161119,SNOW,0,,,N,0700
US1TXAS0007,20161120,SNOW,0,,,N,0700
US1TXAS0007,20161121,SNOW,0,,,N,0700
US1TXAS0007,20161122,SNOW,0,,,N,0700
US1TXAS0007,20161125,SNOW,0,,,N,0700
US1TXAS0007,20161127,SNOW,0,,,N,0700
US1TXAS0007,20161129,SNOW,0,,,N,0700
US1TXAS0007,20161201,PRCP,0,,,N,0700
US1TXAS0007,20161202,PRCP,0,,,N,0700
US1TXAS0007,20161203,PRCP,478,,,N,0700
US1TXAS0007,20161204,PRCP,368,,,N,0700
US1TXAS0007,20161205,PRCP,432,,,N,0700
US1TXAS0007,20161206,PRCP,5,,,N,0700
US1TXAS0007,20161207,PRCP,0,,,N,0700
US1TXAS0007,20161208,PRCP,64,,,N,0700
US1TXAS0007,20161209,PRCP,3,,,N,0700
US1TXAS0007,20161210,PRCP,0,T,,N,0700
US1TXAS0007,20161211,PRCP,0,T,,N,0700
US1TXAS0007,20161212,PRCP,3,,,N,0700
US1TXAS0007,20161213,PRCP,0,T,,N,0700
US1TXAS0007,20161214,PRCP,0,T,,N,0700
US1TXAS0007,20161215,PRCP,0,,,N,0700
US1TXAS0007,20161216,PRCP,0,T,,N,0700
US1TXAS0007,20161217,PRCP,3,,,N,0700
US1TXAS0007,20161218,PRCP,5,,,N,0700
US1TXAS0007,20161219,PRCP,0,,,N,0700
US1TXAS0007,20161220,PRCP,0,,,N,0700
US1TXAS0007,20161221,PRCP,0,,,N,0700
US1TXAS0007,20161222,PRCP,0,,,N,0700
US1TXAS0007,20161223,PRCP,0,,,N,0700
US1TXAS0007,20161224,PRCP,10,,,N,0700
US1TXAS0007,20161225,PRCP,0,T,,N,0700
US1TXAS0007,20161226,PRCP,5,,,N,0700
US1TXAS0007,20161227,PRCP,0,,,N,0700
US1TXAS0007,20161229,PRCP,0,,,N,0700
US1TXAS0007,20161230,PRCP,0,,,N,0700
US1TXAS0007,20161231,PRCP,0,T,,N,0700
US1TXAS0007,20161201,SNOW,0,,,N,0700
US1TXAS0007,20161202,SNOW,0,,,N,0700
US1TXAS0007,20161207,SNOW,0,,,N,0700
US1TXAS0007,20161215,SNOW,0,,,N,0700
US1TXAS0007,20161219,SNOW,0,,,N,0700
US1TXAS0007,20161220,SNOW,0,,,N,0700
US1TXAS0007,20161221,SNOW,0,,,N,0700
US1TXAS0007,20161222,SNOW,0,,,N,0700
US1TXAS0007,20161223,SNOW,0,,,N,0700
US1TXAS0007,20161227,SNOW,0,,,N,0700
US1TXAS0007,20161229,SNOW,0,,,N,0700
US1TXAS0007,20161230,SNOW,0,,,N,0700
US1TXAS0007,20170101,PRCP,69,,,N,0700
US1TXAS0007,20170102,PRCP,257,,,N,0700
US1TXAS0007,20170103,PRCP,76,,,N,0700
US1TXAS0007,20170104,PRCP,0,,,N,0700
US1TXAS0007,20170105,PRCP,0,,,N,0700
US1TXAS0007,20170106,PRCP,0,T,,N,0700
US1TXAS0007,20170107,PRCP,8,,,N,0700
US1TXAS0007,20170108,PRCP,0,,,N,0700
US1TXAS0007,20170109,PRCP,0,,,N,0700
US1TXAS0007,20170110,PRCP,0,,,N,0700
US1TXAS0007,20170111,PRCP,0,,,N,0700
US1TXAS0007,20170112,PRCP,0,,,N,0700
US1TXAS0007,20170113,PRCP,0,,,N,0700
US1TXAS0007,20170114,PRCP,0,,,N,0700
US1TXAS0007,20170115,PRCP,8,,,N,0700
US1TXAS0007,20170116,PRCP,307,,,N,0700
US1TXAS0007,20170117,PRCP,137,,,N,0700
US1TXAS0007,20170118,PRCP,556,,,N,0700
US1TXAS0007,20170119,PRCP,114,,,N,0700
US1TXAS0007,20170120,PRCP,10,,,N,0700
US1TXAS0007,20170121,PRCP,160,,,N,0700
US1TXAS0007,20170122,PRCP,0,,,N,0700
US1TXAS0007,20170123,PRCP,0,,,N,0700
US1TXAS0007,20170124,PRCP,0,,,N,0700
US1TXAS0007,20170125,PRCP,5,,,N,0700
US1TXAS0007,20170126,PRCP,0,T,,N,0700
US1TXAS0007,20170127,PRCP,0,,,N,0700
US1TXAS0007,20170129,PRCP,0,,,N,0700
US1TXAS0007,20170130,PRCP,0,,,N,0700
US1TXAS0007,20170131,PRCP,0,,,N,0700
US1TXAS0007,20170104,SNOW,0,,,N,0700
US1TXAS0007,20170105,SNOW,0,,,N,0700
US1TXAS0007,20170108,SNOW,0,,,N,0700
US1TXAS0007,20170109,SNOW,0,,,N,0700
US1TXAS0007,20170110,SNOW,0,,,N,0700
US1TXAS0007,20170111,SNOW,0,,,N,0700
US1TXAS0007,20170112,SNOW,0,,,N,0700
US1TXAS0007,20170113,SNOW,0,,,N,0700
US1TXAS0007,20170114,SNOW,0,,,N,0700
US1TXAS0007,20170122,SNOW,0,,,N,0700
US1TXAS0007,20170123,SNOW,0,,,N,0700
US1TXAS0007,20170124,SNOW,0,,,N,0700
US1TXAS0007,20170127,SNOW,0,,,N,0700
US1TXAS0007,20170129,SNOW,0,,,N,0700
US1TXAS0007,20170130,SNOW,0,,,N,0700
US1TXAS0007,20170131,SNOW,0,,,N,0700
US1TXAS0007,20170201,PRCP,0,,,N,0700
US1TXAS0007,20170202,PRCP,8,,,N,0700
US1TXAS0007,20170203,PRCP,0,,,N,0700
US1TXAS0007,20170204,PRCP,0,,,N,0700
US1TXAS0007,20170205,PRCP,13,,,N,0700
US1TXAS0007,20170206,PRCP,5,,,N,0700
US1TXAS0007,20170207,PRCP,0,,,N,0700
US1TXAS0007,20170208,PRCP,0,,,N,0700
US1TXAS0007,20170209,PRCP,0,,,N,0700
US1TXAS0007,20170210,PRCP,0,,,N,0700
US1TXAS0007,20170211,PRCP,0,,,N,0700
US1TXAS0007,20170212,PRCP,0,,,N,0700
US1TXAS0007,20170213,PRCP,0,,,N,0700
US1TXAS0007,20170214,PRCP,10,,,N,0700
US1TXAS0007,20170215,PRCP,165,,,N,0700
US1TXAS0007,20170216,PRCP,0,,,N,0700
US1TXAS0007,20170217,PRCP,18,,,N,0700
US1TXAS0007,20170218,PRCP,15,,,N,0700
US1TXAS0007,20170219,PRCP,0,,,N,0700
US1TXAS0007,20170220,PRCP,490,,,N,0700
US1TXAS0007,20170221,PRCP,191,,,N,0700
US1TXAS0007,20170222,PRCP,0,,,N,0700
US1TXAS0007,20170223,PRCP,0,,,N,0700
US1TXAS0007,20170224,PRCP,0,,,N,0700
US1TXAS0007,20170225,PRCP,0,,,N,0700
US1TXAS0007,20170226,PRCP,0,,,N,0700
US1TXAS0007,20170227,PRCP,3,,,N,0700
US1TXAS0007,20170228,PRCP,0,T,,N,0700
US1TXAS0007,20170201,SNOW,0,,,N,0700
US1TXAS0007,20170202,SNOW,0,,,N,0700
US1TXAS0007,20170203,SNOW,0,,,N,0700
US1TXAS0007,20170204,SNOW,0,,,N,0700
US1TXAS0007,20170207,SNOW,0,,,N,0700
US1TXAS0007,20170208,SNOW,0,,,N,0700
US1TXAS0007,20170209,SNOW,0,,,N,0700
US1TXAS0007,20170210,SNOW,0,,,N,0700
US1TXAS0007,20170211,SNOW,0,,,N,0700
US1TXAS0007,20170212,SNOW,0,,,N,0700
US1TXAS0007,20170213,SNOW,0,,,N,0700
US1TXAS0007,20170216,SNOW,0,,,N,0700
US1TXAS0007,20170219,SNOW,0,,,N,0700
US1TXAS0007,20170222,SNOW,0,,,N,0700
US1TXAS0007,20170223,SNOW,0,,,N,0700
US1TXAS0007,20170224,SNOW,0,,,N,0700
US1TXAS0007,20170225,SNOW,0,,,N,0700
US1TXAS0007,20170226,SNOW,0,,,N,0700
US1TXAS0007,20170301,PRCP,0,,,N,0700
US1TXAS0007,20170302,PRCP,0,,,N,0700
US1TXAS0007,20170303,PRCP,0,,,N,0700
US1TXAS0007,20170304,PRCP,0,,,N,0700
US1TXAS0007,20170305,PRCP,117,,,N,0700
US1TXAS0007,20170306,PRCP,140,,,N,0700
US1TXAS0007,20170307,PRCP,5,,,N,0700
US1TXAS0007,20170308,PRCP,259,,,N,0700
US1TXAS0007,20170309,PRCP,0,T,,N,0700
US1TXAS0007,20170310,PRCP,140,,,N,0700
US1TXAS0007,20170311,PRCP,36,,,N,0700
US1TXAS0007,20170312,PRCP,130,,,N,0700
US1TXAS0007,20170313,PRCP,0,T,,N,0700
US1TXAS0007,20170314,PRCP,0,,,N,0700
US1TXAS0007,20170315,PRCP,0,,,N,0700
US1TXAS0007,20170316,PRCP,0,,,N,0700
US1TXAS0007,20170317,PRCP,0,,,N,0700
US1TXAS0007,20170318,PRCP,0,,,N,0700
US1TXAS0007,20170319,PRCP,0,,,N,0700
US1TXAS0007,20170320,PRCP,0,,,N,0700
US1TXAS0007,20170321,PRCP,0,,,N,0700
US1TXAS0007,20170322,PRCP,0,,,N,0700
US1TXAS0007,20170323,PRCP,0,,,N,0700
US1TXAS0007,20170324,PRCP,0,,,N,0700
US1TXAS0007,20170325,PRCP,3,,,N,0700
US1TXAS0007,20170326,PRCP,0,,,N,0700
US1TXAS0007,20170327,PRCP,0,,,N,0700
US1TXAS0007,20170328,PRCP,0,,,N,0700
US1TXAS0007,20170329,PRCP,0,,,N,0700
US1TXAS0007,20170330,PRCP,302,,,N,0700
US1TXAS0007,20170331,PRCP,0,,,N,0700
US1TXAS0007,20170301,SNOW,0,,,N,0700
US1TXAS0007,20170302,SNOW,0,,,N,0700
US1TXAS0007,20170303,SNOW,0,,,N,0700
US1TXAS0007,20170304,SNOW,0,,,N,0700
US1TXAS0007,20170314,SNOW,0,,,N,0700
US1TXAS0007,20170315,SNOW,0,,,N,0700
US1TXAS0007,20170316,SNOW,0,,,N,0700
US1TXAS0007,20170317,SNOW,0,,,N,0700
US1TXAS0007,20170318,SNOW,0,,,N,0700
US1TXAS0007,20170319,SNOW,0,,,N,0700
US1TXAS0007,20170320,SNOW,0,,,N,0700
US1TXAS0007,20170321,SNOW,0,,,N,0700
US1TXAS0007,20170322,SNOW,0,,,N,0700
US1TXAS0007,20170323,SNOW,0,,,N,0700
US1TXAS0007,20170324,SNOW,0,,,N,0700
US1TXAS0007,20170326,SNOW,0,,,N,0700
US1TXAS0007,20170327,SNOW,0,,,N,0700
US1TXAS0007,20170328,SNOW,0,,,N,0700
US1TXAS0007,20170329,SNOW,0,,,N,0700
US1TXAS0007,20170331,SNOW,0,,,N,0700
US1TXAS0007,20170401,PRCP,0,,,N,0700
US1TXAS0007,20170402,PRCP,5,,,N,0700
US1TXAS0007,20170403,PRCP,15,,,N,0700
US1TXAS0007,20170404,PRCP,0,,,N,0700
US1TXAS0007,20170405,PRCP,0,,,N,0700
US1TXAS0007,20170406,PRCP,0,,,N,0700
US1TXAS0007,20170407,PRCP,0,,,N,0700
US1TXAS0007,20170408,PRCP,0,,,N,0700
US1TXAS0007,20170409,PRCP,0,,,N,0700
US1TXAS0007,20170410,PRCP,0,,,N,0700
US1TXAS0007,20170411,PRCP,15,,,N,0700
US1TXAS0007,20170412,PRCP,282,,,N,0700
US1TXAS0007,20170413,PRCP,0,,,N,0700
US1TXAS0007,20170414,PRCP,0,,,N,0700
US1TXAS0007,20170415,PRCP,8,,,N,0700
US1TXAS0007,20170416,PRCP,0,,,N,0700
US1TXAS0007,20170417,PRCP,0,,,N,0700
US1TXAS0007,20170418,PRCP,472,,,N,0700
US1TXAS0007,20170419,PRCP,13,,,N,0700
US1TXAS0007,20170420,PRCP,3,,,N,0700
US1TXAS0007,20170421,PRCP,0,,,N,0700
US1TXAS0007,20170422,PRCP,0,,,N,0700
US1TXAS0007,20170423,PRCP,0,,,N,0700
US1TXAS0007,20170424,PRCP,0,,,N,0700
US1TXAS0007,20170425,PRCP,0,,,N,0700
US1TXAS0007,20170426,PRCP,0,,,N,0700
US1TXAS0007,20170427,PRCP,0,T,,N,0700
US1TXAS0007,20170428,PRCP,0,,,N,0700
US1TXAS0007,20170429,PRCP,0,,,N,0700
US1TXAS0007,20170430,PRCP,0,,,N,0700
US1TXAS0007,20170401,SNOW,0,,,N,0700
US1TXAS0007,20170402,SNOW,0,,,N,0700
US1TXAS0007,20170403,SNOW,0,,,N,0700
US1TXAS0007,20170404,SNOW,0,,,N,0700
US1TXAS0007,20170405,SNOW,0,,,N,0700
US1TXAS0007,20170406,SNOW,0,,,N,0700
US1TXAS0007,20170407,SNOW,0,,,N,0700
US1TXAS0007,20170408,SNOW,0,,,N,0700
US1TXAS0007,20170409,SNOW,0,,,N,0700
US1TXAS0007,20170410,SNOW,0,,,N,0700
US1TXAS0007,20170413,SNOW,0,,,N,0700
US1TXAS0007,20170414,SNOW,0,,,N,0700
US1TXAS0007,20170416,SNOW,0,,,N,0700
US1TXAS0007,20170417,SNOW,0,,,N,0700
US1TXAS0007,20170420,SNOW,0,,,N,0700
US1TXAS0007,20170421,SNOW,0,,,N,0700
US1TXAS0007,20170422,SNOW,0,,,N,0700
US1TXAS0007,20170423,SNOW,0,,,N,0700
US1TXAS0007,20170424,SNOW,0,,,N,0700
US1TXAS0007,20170425,SNOW,0,,,N,0700
US1TXAS0007,20170426,SNOW,0,,,N,0700
US1TXAS0007,20170428,SNOW,0,,,N,0700
US1TXAS0007,20170429,SNOW,0,,,N,0700
US1TXAS0007,20170430,SNOW,0,,,N,0700
US1TXAS0007,20170501,PRCP,0,,,N,0700
US1TXAS0007,20170502,PRCP,0,,,N,0700
US1TXAS0007,20170503,PRCP,5,,,N,0700
US1TXAS0007,20170504,PRCP,13,,,N,0700
US1TXAS0007,20170505,PRCP,0,,,N,0700
US1TXAS0007,20170506,PRCP,0,,,N,0700
US1TXAS0007,20170507,PRCP,0,,,N,0700
US1TXAS0007,20170508,PRCP,0,,,N,0700
US1TXAS0007,20170509,PRCP,0,,,N,0700
US1TXAS0007,20170510,PRCP,0,T,,N,0700
US1TXAS0007,20170511,PRCP,0,,,N,0700
US1TXAS0007,20170512,PRCP,0,T,,N,0700
US1TXAS0007,20170513,PRCP,0,,,N,0700
US1TXAS0007,20170514,PRCP,0,,,N,0700
US1TXAS0007,20170515,PRCP,0,,,N,0700
US1TXAS0007,20170516,PRCP,0,,,N,0700
US1TXAS0007,20170517,PRCP,0,,,N,0700
US1TXAS0007,20170518,PRCP,0,T,,N,0700
US1TXAS0007,20170519,PRCP,0,,,N,0700
US1TXAS0007,20170520,PRCP,0,,,N,0700
US1TXAS0007,20170521,PRCP,30,,,N,0700
US1TXAS0007,20170522,PRCP,30,,,N,0700
US1TXAS0007,20170523,PRCP,28,,,N,0700
US1TXAS0007,20170524,PRCP,201,,,N,0700
US1TXAS0007,20170525,PRCP,0,,,N,0700
US1TXAS0007,20170526,PRCP,0,,,N,0700
US1TXAS0007,20170527,PRCP,0,,,N,0700
US1TXAS0007,20170528,PRCP,0,,,N,0700
US1TXAS0007,20170529,PRCP,41,,,N,0700
US1TXAS0007,20170530,PRCP,8,,,N,0700
US1TXAS0007,20170531,PRCP,0,,,N,0700
US1TXAS0007,20170501,SNOW,0,,,N,0700
US1TXAS0007,20170502,SNOW,0,,,N,0700
US1TXAS0007,20170505,SNOW,0,,,N,0700
US1TXAS0007,20170506,SNOW,0,,,N,0700
US1TXAS0007,20170507,SNOW,0,,,N,0700
US1TXAS0007,20170508,SNOW,0,,,N,0700
US1TXAS0007,20170509,SNOW,0,,,N,0700
US1TXAS0007,20170511,SNOW,0,,,N,0700
US1TXAS0007,20170513,SNOW,0,,,N,0700
US1TXAS0007,20170514,SNOW,0,,,N,0700
US1TXAS0007,20170515,SNOW,0,,,N,0700
US1TXAS0007,20170516,SNOW,0,,,N,0700
US1TXAS0007,20170517,SNOW,0,,,N,0700
US1TXAS0007,20170519,SNOW,0,,,N,0700
US1TXAS0007,20170520,SNOW,0,,,N,0700
US1TXAS0007,20170525,SNOW,0,,,N,0700
US1TXAS0007,20170526,SNOW,0,,,N,0700
US1TXAS0007,20170527,SNOW,0,,,N,0700
US1TXAS0007,20170528,SNOW,0,,,N,0700
US1TXAS0007,20170531,SNOW,0,,,N,0700
US1TXAS0007,20170601,PRCP,132,,,N,0700
US1TXAS0007,20170602,PRCP,0,,,N,0700
US1TXAS0007,20170603,PRCP,0,,,N,0700
US1TXAS0007,20170604,PRCP,13,,,N,0700
US1TXAS0007,20170605,PRCP,389,,,N,0700
US1TXAS0007,20170606,PRCP,3,,,N,0700
US1TXAS0007,20170607,PRCP,0,,,N,0700
US1TXAS0007,20170608,PRCP,0,,,N,0700
US1TXAS0007,20170609,PRCP,0,,,N,0700
US1TXAS0007,20170610,PRCP,0,,,N,0700
US1TXAS0007,20170611,PRCP,0,,,N,0700
US1TXAS0007,20170612,PRCP,0,,,N,0700
US1TXAS0007,20170613,PRCP,0,,,N,0700
US1TXAS0007,20170614,PRCP,3,,,N,0700
US1TXAS0007,20170615,PRCP,0,,,N,0700
US1TXAS0007,20170616,PRCP,0,,,N,0700
US1TXAS0007,20170617,PRCP,0,,,N,0700
US1TXAS0007,20170618,PRCP,0,,,N,0700
US1TXAS0007,20170619,PRCP,0,,,N,0700
US1TXAS0007,20170620,PRCP,0,,,N,0700
US1TXAS0007,20170621,PRCP,0,,,N,0700
US1TXAS0007,20170622,PRCP,15,,,N,0700
US1TXAS0007,20170623,PRCP,0,T,,N,0700
US1TXAS0007,20170624,PRCP,0,,,N,0700
US1TXAS0007,20170625,PRCP,480,,,N,0700
US1TXAS0007,20170626,PRCP,0,T,,N,0700
US1TXAS0007,20170627,PRCP,36,,,N,0700
US1TXAS0007,20170628,PRCP,15,,,N,0700
US1TXAS0007,20170629,PRCP,0,,,N,0700
US1TXAS0007,20170630,PRCP,5,,,N,0700
US1TXAS0007,20170602,SNOW,0,,,N,0700
US1TXAS0007,20170603,SNOW,0,,,N,0700
US1TXAS0007,20170607,SNOW,0,,,N,0700
US1TXAS0007,20170608,SNOW,0,,,N,0700
US1TXAS0007,20170609,SNOW,0,,,N,0700
US1TXAS0007,20170610,SNOW,0,,,N,0700
US1TXAS0007,20170611,SNOW,0,,,N,0700
US1TXAS0007,20170612,SNOW,0,,,N,0700
US1TXAS0007,20170613,SNOW,0,,,N,0700
US1TXAS0007,20170615,SNOW,0,,,N,0700
US1TXAS0007,20170616,SNOW,0,,,N,0700
US1TXAS0007,20170617,SNOW,0,,,N,0700
US1TXAS0007,20170618,SNOW,0,,,N,0700
US1TXAS0007,20170619,SNOW,0,,,N,0700
US1TXAS0007,20170620,SNOW,0,,,N,0700
US1TXAS0007,20170621,SNOW,0,,,N,0700
US1TXAS0007,20170624,SNOW,0,,,N,0700
US1TXAS0007,20170627,SNOW,0,,,N,0700
US1TXAS0007,20170628,SNOW,0,,,N,0700
US1TXAS0007,20170629,SNOW,0,,,N,0700
US1TXAS0007,20170701,PRCP,0,,,N,0700
US1TXAS0007,20170702,PRCP,0,,,N,0700
US1TXAS0007,20170703,PRCP,0,,,N,0700
US1TXAS0007,20170704,PRCP,0,,,N,0700
US1TXAS0007,20170705,PRCP,0,,,N,0700
US1TXAS0007,20170706,PRCP,0,T,,N,0700
US1TXAS0007,20170707,PRCP,0,,,N,0700
US1TXAS0007,20170708,PRCP,0,,,N,0700
US1TXAS0007,20170709,PRCP,0,,,N,0700
US1TXAS0007,20170710,PRCP,0,T,,N,0700
US1TXAS0007,20170711,PRCP,0,,,N,0700
US1TXAS0007,20170712,PRCP,0,,,N,0700
US1TXAS0007,20170713,PRCP,0,,,N,0700
US1TXAS0007,20170714,PRCP,0,,,N,0700
US1TXAS0007,20170715,PRCP,0,,,N,0700
US1TXAS0007,20170716,PRCP,251,,,N,0700
US1TXAS0007,20170717,PRCP,0,,,N,0700
US1TXAS0007,20170718,PRCP,0,,,N,0700
US1TXAS0007,20170720,PRCP,0,,,N,0700
US1TXAS0007,20170721,PRCP,0,,,N,0700
US1TXAS0007,20170722,PRCP,0,,,N,0700
US1TXAS0007,20170723,PRCP,5,,,N,0700
US1TXAS0007,20170724,PRCP,0,,,N,0700
US1TXAS0007,20170725,PRCP,0,,,N,0700
US1TXAS0007,20170726,PRCP,0,,,N,0700
US1TXAS0007,20170727,PRCP,0,,,N,0700
US1TXAS0007,20170728,PRCP,0,,,N,0700
US1TXAS0007,20170729,PRCP,0,,,N,0700
US1TXAS0007,20170730,PRCP,0,,,N,0700
US1TXAS0007,20170731,PRCP,0,,,N,0700
US1TXAS0007,20170701,SNOW,0,,,N,0700
US1TXAS0007,20170702,SNOW,0,,,N,0700
US1TXAS0007,20170703,SNOW,0,,,N,0700
US1TXAS0007,20170704,SNOW,0,,,N,0700
US1TXAS0007,20170705,SNOW,0,,,N,0700
US1TXAS0007,20170707,SNOW,0,,,N,0700
US1TXAS0007,20170708,SNOW,0,,,N,0700
US1TXAS0007,20170709,SNOW,0,,,N,0700
US1TXAS0007,20170711,SNOW,0,,,N,0700
US1TXAS0007,20170712,SNOW,0,,,N,0700
US1TXAS0007,20170713,SNOW,0,,,N,0700
US1TXAS0007,20170714,SNOW,0,,,N,0700
US1TXAS0007,20170715,SNOW,0,,,N,0700
US1TXAS0007,20170717,SNOW,0,,,N,0700
US1TXAS0007,20170718,SNOW,0,,,N,0700
US1TXAS0007,20170720,SNOW,0,,,N,0700
US1TXAS0007,20170721,SNOW,0,,,N,0700
US1TXAS0007,20170722,SNOW,0,,,N,0700
US1TXAS0007,20170724,SNOW,0,,,N,0700
US1TXAS0007,20170725,SNOW,0,,,N,0700
US1TXAS0007,20170726,SNOW,0,,,N,0700
US1TXAS0007,20170727,SNOW,0,,,N,0700
US1TXAS0007,20170728,SNOW,0,,,N,0700
US1TXAS0007,20170729,SNOW,0,,,N,0700
US1TXAS0007,20170730,SNOW,0,,,N,0700
US1TXAS0007,20170731,SNOW,0,,,N,0700
US1TXAS0007,20170801,PRCP,0,,,N,0700
US1TXAS0007,20170802,PRCP,0,,,N,0700
US1TXAS0007,20170803,PRCP,183,,,N,0700
US1TXAS0007,20170804,PRCP,0,,,N,0700
US1TXAS0007,20170805,PRCP,0,,,N,0700
US1TXAS0007,20170806,PRCP,5,,,N,0700
US1TXAS0007,20170807,PRCP,279,,,N,0700
US1TXAS0007,20170808,PRCP,795,,,N,0700
US1TXAS0007,20170809,PRCP,5,,,N,0700
US1TXAS0007,20170810,PRCP,0,,,N,0700
US1TXAS0007,20170812,PRCP,0,,,N,0700
US1TXAS0007,20170813,PRCP,0,,,N,0700
US1TXAS0007,20170814,PRCP,0,,,N,0700
US1TXAS0007,20170815,PRCP,0,,,N,0700
US1TXAS0007,20170816,PRCP,0,,,N,0700
US1TXAS0007,20170817,PRCP,0,,,N,0700
US1TXAS0007,20170818,PRCP,0,,,N,0700
US1TXAS0007,20170819,PRCP,0,,,N,0700
US1TXAS0007,20170820,PRCP,0,,,N,0700
US1TXAS0007,20170821,PRCP,0,,,N,0700
US1TXAS0007,20170822,PRCP,0,,,N,0700
US1TXAS0007,20170823,PRCP,0,,,N,0700
US1TXAS0007,20170824,PRCP,0,,,N,0700
US1TXAS0007,20170825,PRCP,28,,,N,0700
US1TXAS0007,20170826,PRCP,1372,,,N,0700
US1TXAS0007,20170827,PRCP,1504,,,N,0700
US1TXAS0007,20170828,PRCP,2449,,,N,0700
US1TXAS0007,20170829,PRCP,559,,,N,0700
US1TXAS0007,20170830,PRCP,3,,,N,0700
US1TXAS0007,20170831,PRCP,0,,,N,0700
US1TXAS0007,20170801,SNOW,0,,,N,0700
US1TXAS0007,20170802,SNOW,0,,,N,0700
US1TXAS0007,20170804,SNOW,0,,,N,0700
US1TXAS0007,20170805,SNOW,0,,,N,0700
US1TXAS0007,20170810,SNOW,0,,,N,0700
US1TXAS0007,20170812,SNOW,0,,,N,0700
US1TXAS0007,20170813,SNOW,0,,,N,0700
US1TXAS0007,20170814,SNOW,0,,,N,0700
US1TXAS0007,20170815,SNOW,0,,,N,0700
US1TXAS0007,20170816,SNOW,0,,,N,0700
US1TXAS0007,20170817,SNOW,0,,,N,0700
US1TXAS0007,20170818,SNOW,0,,,N,0700
US1TXAS0007,20170819,SNOW,0,,,N,0700
US1TXAS0007,20170820,SNOW,0,,,N,0700
US1TXAS0007,20170821,SNOW,0,,,N,0700
US1TXAS0007,20170822,SNOW,0,,,N,0700
US1TXAS0007,20170823,SNOW,0,,,N,0700
US1TXAS0007,20170824,SNOW,0,,,N,0700
US1TXAS0007,20170831,SNOW,0,,,N,0700
US1TXAS0007,20170901,PRCP,0,,,N,0700
US1TXAS0007,20170902,PRCP,0,,,N,0700
US1TXAS0007,20170903,PRCP,0,,,N,0700
US1TXAS0007,20170904,PRCP,0,,,N,0700
US1TXAS0007,20170905,PRCP,0,,,N,0700
US1TXAS0007,20170906,PRCP,0,,,N,0700
US1TXAS0007,20170907,PRCP,0,,,N,0700
US1TXAS0007,20170908,PRCP,0,,,N,0700
US1TXAS0007,20170909,PRCP,0,,,N,0700
US1TXAS0007,20170910,PRCP,0,,,N,0700
US1TXAS0007,20170911,PRCP,0,,,N,0700
US1TXAS0007,20170912,PRCP,0,,,N,0700
US1TXAS0007,20170913,PRCP,0,,,N,0700
US1TXAS0007,20170914,PRCP,0,,,N,0700
US1TXAS0007,20170915,PRCP,0,,,N,0700
US1TXAS0007,20170916,PRCP,0,,,N,0700
US1TXAS0007,20170917,PRCP,0,,,N,0700
US1TXAS0007,20170918,PRCP,0,,,N,0700
US1TXAS0007,20170919,PRCP,0,,,N,0700
US1TXAS0007,20170920,PRCP,0,,,N,0700
US1TXAS0007,20170921,PRCP,0,,,N,0700
US1TXAS0007,20170922,PRCP,0,T,,N,0700
US1TXAS0007,20170923,PRCP,0,,,N,0700
US1TXAS0007,20170924,PRCP,0,,,N,0700
US1TXAS0007,20170925,PRCP,0,,,N,0700
US1TXAS0007,20170926,PRCP,0,,,N,0700
US1TXAS0007,20170927,PRCP,0,,,N,0700
US1TXAS0007,20170928,PRCP,0,,,N,0700
US1TXAS0007,20170929,PRCP,51,,,N,0700
US1TXAS0007,20170930,PRCP,0,,,N,0700
US1TXAS0007,20170901,SNOW,0,,,N,0700
US1TXAS0007,20170902,SNOW,0,,,N,0700
US1TXAS0007,20170903,SNOW,0,,,N,0700
US1TXAS0007,20170904,SNOW,0,,,N,0700
US1TXAS0007,20170905,SNOW,0,,,N,0700
US1TXAS0007,20170906,SNOW,0,,,N,0700
US1TXAS0007,20170907,SNOW,0,,,N,0700
US1TXAS0007,20170908,SNOW,0,,,N,0700
US1TXAS0007,20170909,SNOW,0,,,N,0700
US1TXAS0007,20170910,SNOW,0,,,N,0700
US1TXAS0007,20170911,SNOW,0,,,N,0700
US1TXAS0007,20170912,SNOW,0,,,N,0700
US1TXAS0007,20170913,SNOW,0,,,N,0700
US1TXAS0007,20170914,SNOW,0,,,N,0700
US1TXAS0007,20170915,SNOW,0,,,N,0700
US1TXAS0007,20170916,SNOW,0,,,N,0700
US1TXAS0007,20170917,SNOW,0,,,N,0700
US1TXAS0007,20170918,SNOW,0,,,N,0700
US1TXAS0007,20170919,SNOW,0,,,N,0700
US1TXAS0007,20170920,SNOW,0,,,N,0700
US1TXAS0007,20170921,SNOW,0,,,N,0700
US1TXAS0007,20170922,SNOW,0,,,N,0700
US1TXAS0007,20170923,SNOW,0,,,N,0700
US1TXAS0007,20170924,SNOW,0,,,N,0700
US1TXAS0007,20170925,SNOW,0,,,N,0700
US1TXAS0007,20170926,SNOW,0,,,N,0700
US1TXAS0007,20170927,SNOW,0,,,N,0700
US1TXAS0007,20170928,SNOW,0,,,N,0700
US1TXAS0007,20170930,SNOW,0,,,N,0700
US1TXAS0007,20171001,PRCP,0,,,N,0700
US1TXAS0007,20171002,PRCP,0,,,N,0700
US1TXAS0007,20171003,PRCP,0,,,N,0700
US1TXAS0007,20171004,PRCP,112,,,N,0700
US1TXAS0007,20171005,PRCP,0,T,,N,0700
US1TXAS0007,20171006,PRCP,0,,,N,0700
US1TXAS0007,20171007,PRCP,0,,,N,0700
US1TXAS0007,20171008,PRCP,0,,,N,0700
US1TXAS0007,20171009,PRCP,0,,,N,0700
US1TXAS0007,20171010,PRCP,0,,,N,0700
US1TXAS0007,20171011,PRCP,0,,,N,0700
US1TXAS0007,20171012,PRCP,0,,,N,0700
US1TXAS0007,20171013,PRCP,0,,,N,0700
US1TXAS0007,20171014,PRCP,0,,,N,0700
US1TXAS0007,20171015,PRCP,0,,,N,0700
US1TXAS0007,20171016,PRCP,0,,,N,0700
US1TXAS0007,20171017,PRCP,0,,,N,0700
US1TXAS0007,20171018,PRCP,0,,,N,0700
US1TXAS0007,20171019,PRCP,0,,,N,0700
US1TXAS0007,20171020,PRCP,86,,,N,0700
US1TXAS0007,20171021,PRCP,0,T,,N,0700
US1TXAS0007,20171022,PRCP,3,,,N,0700
US1TXAS0007,20171023,PRCP,122,,,N,0700
US1TXAS0007,20171024,PRCP,0,,,N,0700
US1TXAS0007,20171025,PRCP,0,,,N,0700
US1TXAS0007,20171026,PRCP,0,,,N,0700
US1TXAS0007,20171027,PRCP,0,,,N,0700
US1TXAS0007,20171028,PRCP,0,,,N,0700
US1TXAS0007,20171029,PRCP,0,,,N,0700
US1TXAS0007,20171030,PRCP,0,,,N,0700
US1TXAS0007,20171031,PRCP,0,,,N,0700
US1TXAS0007,20171001,SNOW,0,,,N,0700
US1TXAS0007,20171002,SNOW,0,,,N,0700
US1TXAS0007,20171003,SNOW,0,,,N,0700
US1TXAS0007,20171006,SNOW,0,,,N,0700
US1TXAS0007,20171007,SNOW,0,,,N,0700
US1TXAS0007,20171008,SNOW,0,,,N,0700
US1TXAS0007,20171009,SNOW,0,,,N,0700
US1TXAS0007,20171010,SNOW,0,,,N,0700
US1TXAS0007,20171011,SNOW,0,,,N,0700
US1TXAS0007,20171012,SNOW,0,,,N,0700
US1TXAS0007,20171013,SNOW,0,,,N,0700
US1TXAS0007,20171014,SNOW,0,,,N,0700
US1TXAS0007,20171015,SNOW,0,,,N,0700
US1TXAS0007,20171016,SNOW,0,,,N,0700
US1TXAS0007,20171017,SNOW,0,,,N,0700
US1TXAS0007,20171018,SNOW,0,,,N,0700
US1TXAS0007,20171019,SNOW,0,,,N,0700
US1TXAS0007,20171024,SNOW,0,,,N,0700
US1TXAS0007,20171025,SNOW,0,,,N,0700
US1TXAS0007,20171026,SNOW,0,,,N,0700
US1TXAS0007,20171027,SNOW,0,,,N,0700
US1TXAS0007,20171028,SNOW,0,,,N,0700
US1TXAS0007,20171029,SNOW,0,,,N,0700
US1TXAS0007,20171030,SNOW,0,,,N,0700
US1TXAS0007,20171031,SNOW,0,,,N,0700
US1TXAS0007,20171101,PRCP,97,,,N,0700
US1TXAS0007,20171102,PRCP,0,,,N,0700
US1TXAS0007,20171103,PRCP,0,,,N,0700
US1TXAS0007,20171104,PRCP,0,,,N,0700
US1TXAS0007,20171105,PRCP,0,,,N,0700
US1TXAS0007,20171106,PRCP,0,,,N,0700
US1TXAS0007,20171107,PRCP,0,,,N,0700
US1TXAS0007,20171108,PRCP,0,,,N,0700
US1TXAS0007,20171109,PRCP,28,,,N,0700
US1TXAS0007,20171110,PRCP,0,,,N,0700
US1TXAS0007,20171111,PRCP,0,,,N,0700
US1TXAS0007,20171112,PRCP,0,,,N,0700
US1TXAS0007,20171113,PRCP,0,,,N,0700
US1TXAS0007,20171114,PRCP,0,,,N,0700
US1TXAS0007,20171115,PRCP,0,,,N,0700
US1TXAS0007,20171116,PRCP,0,,,N,0700
US1TXAS0007,20171117,PRCP,13,,,N,0700
US1TXAS0007,20171118,PRCP,0,,,N,0700
US1TXAS0007,20171119,PRCP,0,,,N,0700
US1TXAS0007,20171120,PRCP,0,,,N,0700
US1TXAS0007,20171121,PRCP,0,,,N,0700
US1TXAS0007,20171122,PRCP,0,,,N,0700
US1TXAS0007,20171123,PRCP,0,,,N,0700
US1TXAS0007,20171124,PRCP,0,,,N,0700
US1TXAS0007,20171125,PRCP,0,,,N,0700
US1TXAS0007,20171126,PRCP,0,,,N,0700
US1TXAS0007,20171127,PRCP,0,,,N,0700
US1TXAS0007,20171128,PRCP,0,,,N,0700
US1TXAS0007,20171129,PRCP,0,,,N,0700
US1TXAS0007,20171130,PRCP,0,,,N,0700
US1TXAS0007,20171102,SNOW,0,,,N,0700
US1TXAS0007,20171103,SNOW,0,,,N,0700
US1TXAS0007,20171104,SNOW,0,,,N,0700
US1TXAS0007,20171105,SNOW,0,,,N,0700
US1TXAS0007,20171106,SNOW,0,,,N,0700
US1TXAS0007,20171107,SNOW,0,,,N,0700
US1TXAS0007,20171108,SNOW,0,,,N,0700
US1TXAS0007,20171110,SNOW,0,,,N,0700
US1TXAS0007,20171111,SNOW,0,,,N,0700
US1TXAS0007,20171112,SNOW,0,,,N,0700
US1TXAS0007,20171113,SNOW,0,,,N,0700
US1TXAS0007,20171114,SNOW,0,,,N,0700
US1TXAS0007,20171115,SNOW,0,,,N,0700
US1TXAS0007,20171116,SNOW,0,,,N,0700
US1TXAS0007,20171118,SNOW,0,,,N,0700
US1TXAS0007,20171119,SNOW,0,,,N,0700
US1TXAS0007,20171120,SNOW,0,,,N,0700
US1TXAS0007,20171121,SNOW,0,,,N,0700
US1TXAS0007,20171122,SNOW,0,,,N,0700
US1TXAS0007,20171123,SNOW,0,,,N,0700
US1TXAS0007,20171124,SNOW,0,,,N,0700
US1TXAS0007,20171125,SNOW,0,,,N,0700
US1TXAS0007,20171126,SNOW,0,,,N,0700
US1TXAS0007,20171127,SNOW,0,,,N,0700
US1TXAS0007,20171128,SNOW,0,,,N,0700
US1TXAS0007,20171129,SNOW,0,,,N,0700
US1TXAS0007,20171130,SNOW,0,,,N,0700
US1TXAS0007,20171201,PRCP,0,,,N,0700
US1TXAS0007,20171202,PRCP,0,,,N,0700
US1TXAS0007,20171203,PRCP,0,,,N,0700
US1TXAS0007,20171204,PRCP,640,,,N,0700
US1TXAS0007,20171205,PRCP,5,,,N,0700
US1TXAS0007,20171206,PRCP,71,,,N,0700
US1TXAS0007,20171207,PRCP,196,,,N,0700
US1TXAS0007,20171208,PRCP,127,,,N,0700
US1TXAS0007,20171209,PRCP,0,,,N,0700
US1TXAS0007,20171210,PRCP,0,,,N,0700
US1TXAS0007,20171211,PRCP,0,,,N,0700
US1TXAS0007,20171212,PRCP,0,,,N,0700
US1TXAS0007,20171213,PRCP,0,,,N,0700
US1TXAS0007,20171214,PRCP,0,,,N,0700
US1TXAS0007,20171215,PRCP,0,,,N,0700
US1TXAS0007,20171217,PRCP,259,,,N,0700
US1TXAS0007,20171218,PRCP,0,,,N,0700
US1TXAS0007,20171219,PRCP,51,,,N,0700
US1TXAS0007,20171220,PRCP,124,,,N,0700
US1TXAS0007,20171221,PRCP,0,,,N,0700
US1TXAS0007,20171222,PRCP,0,T,,N,0700
US1TXAS0007,20171223,PRCP,3,,,N,0700
US1TXAS0007,20171224,PRCP,0,,,N,0700
US1TXAS0007,20171225,PRCP,0,,,N,0700
US1TXAS0007,20171226,PRCP,18,,,N,0700
US1TXAS0007,20171227,PRCP,33,,,N,0700
US1TXAS0007,20171228,PRCP,28,,,N,0700
US1TXAS0007,20171229,PRCP,3,,,N,0700
US1TXAS0007,20171230,PRCP,0,,,N,0700
US1TXAS0007,20171231,PRCP,8,,,N,0700
US1TXAS0007,20171201,SNOW,0,,,N,0700
US1TXAS0007,20171202,SNOW,0,,,N,0700
US1TXAS0007,20171203,SNOW,0,,,N,0700
US1TXAS0007,20171208,SNOW,36,,,N,0700
US1TXAS0007,20171209,SNOW,0,,,N,0700
US1TXAS0007,20171210,SNOW,0,,,N,0700
US1TXAS0007,20171211,SNOW,0,,,N,0700
US1TXAS0007,20171212,SNOW,0,,,N,0700
US1TXAS0007,20171213,SNOW,0,,,N,0700
US1TXAS0007,20171214,SNOW,0,,,N,0700
US1TXAS0007,20171215,SNOW,0,,,N,0700
US1TXAS0007,20171218,SNOW,0,,,N,0700
US1TXAS0007,20171221,SNOW,0,,,N,0700
US1TXAS0007,20171224,SNOW,0,,,N,0700
US1TXAS0007,20171225,SNOW,0,,,N,0700
US1TXAS0007,20171230,SNOW,0,,,N,0700
US1TXAS0007,20171208,SNWD,36,,,N,0700
US1TXAS0007,20180101,PRCP,3,,,N,0700
US1TXAS0007,20180102,PRCP,0,,,N,0700
US1TXAS0007,20180103,PRCP,0,T,,N,0700
US1TXAS0007,20180104,PRCP,0,,,N,0700
US1TXAS0007,20180105,PRCP,0,,,N,0700
US1TXAS0007,20180106,PRCP,0,,,N,0700
US1TXAS0007,20180107,PRCP,0,,,N,0700
US1TXAS0007,20180108,PRCP,18,,,N,0700
US1TXAS0007,20180109,PRCP,0,,,N,0700
US1TXAS0007,20180110,PRCP,0,,,N,0700
US1TXAS0007,20180111,PRCP,0,T,,N,0700
US1TXAS0007,20180112,PRCP,145,,,N,0700
US1TXAS0007,20180113,PRCP,0,,,N,0700
US1TXAS0007,20180114,PRCP,0,,,N,0700
US1TXAS0007,20180115,PRCP,0,,,N,0700
US1TXAS0007,20180116,PRCP,25,,,N,0700
US1TXAS0007,20180117,PRCP,41,,,N,0700
US1TXAS0007,20180118,PRCP,0,,,N,0700
US1TXAS0007,20180119,PRCP,0,,,N,0700
US1TXAS0007,20180120,PRCP,38,,,N,0700
US1TXAS0007,20180121,PRCP,0,T,,N,0700
US1TXAS0007,20180122,PRCP,43,,,N,0700
US1TXAS0007,20180123,PRCP,0,T,,N,0700
US1TXAS0007,20180124,PRCP,0,,,N,0700
US1TXAS0007,20180125,PRCP,0,,,N,0700
US1TXAS0007,20180126,PRCP,0,,,N,0700
US1TXAS0007,20180127,PRCP,46,,,N,0700
US1TXAS0007,20180128,PRCP,203,,,N,0700
US1TXAS0007,20180129,PRCP,0,,,N,0700
US1TXAS0007,20180130,PRCP,0,,,N,0700
US1TXAS0007,20180131,PRCP,0,,,N,0700
US1TXAS0007,20180101,SNOW,0,,,N,0700
US1TXAS0007,20180102,SNOW,0,,,N,0700
US1TXAS0007,20180104,SNOW,0,,,N,0700
US1TXAS0007,20180105,SNOW,0,,,N,0700
US1TXAS0007,20180106,SNOW,0,,,N,0700
US1TXAS0007,20180107,SNOW,0,,,N,0700
US1TXAS0007,20180109,SNOW,0,,,N,0700
US1TXAS0007,20180110,SNOW,0,,,N,0700
US1TXAS0007,20180113,SNOW,0,,,N,0700
US1TXAS0007,20180114,SNOW,0,,,N,0700
US1TXAS0007,20180115,SNOW,0,,,N,0700
US1TXAS0007,20180118,SNOW,0,,,N,0700
US1TXAS0007,20180119,SNOW,0,,,N,0700
US1TXAS0007,20180124,SNOW,0,,,N,0700
US1TXAS0007,20180125,SNOW,0,,,N,0700
US1TXAS0007,20180126,SNOW,0,,,N,0700
US1TXAS0007,20180129,SNOW,0,,,N,0700
US1TXAS0007,20180130,SNOW,0,,,N,0700
US1TXAS0007,20180131,SNOW,0,,,N,0700
US1TXAS0007,20180201,PRCP,0,,,N,0700
US1TXAS0007,20180202,PRCP,0,,,N,0700
US1TXAS0007,20180203,PRCP,5,,,N,0700
US1TXAS0007,20180204,PRCP,13,,,N,0700
US1TXAS0007,20180205,PRCP,0,,,N,0700
US1TXAS0007,20180206,PRCP,10,,,N,0700
US1TXAS0007,20180207,PRCP,48,,,N,0700
US1TXAS0007,20180208,PRCP,66,,,N,0700
US1TXAS0007,20180209,PRCP,0,,,N,0700
US1TXAS0007,20180210,PRCP,185,,,N,0700
US1TXAS0007,20180211,PRCP,10,,,N,0700
US1TXAS0007,20180212,PRCP,0,,,N,0700
US1TXAS0007,20180213,PRCP,3,,,N,0700
US1TXAS0007,20180214,PRCP,15,,,N,0700
US1TXAS0007,20180215,PRCP,3,,,N,0700
US1TXAS0007,20180216,PRCP,0,,,N,0700
US1TXAS0007,20180217,PRCP,3,,,N,0700
US1TXAS0007,20180218,PRCP,0,T,,N,0700
US1TXAS0007,20180219,PRCP,0,T,,N,0700
US1TXAS0007,20180220,PRCP,0,T,,N,0700
US1TXAS0007,20180221,PRCP,46,,,N,0700
US1TXAS0007,20180222,PRCP,79,,,N,0700
US1TXAS0007,20180223,PRCP,8,,,N,0700
US1TXAS0007,20180224,PRCP,3,,,N,0700
US1TXAS0007,20180225,PRCP,203,,,N,0700
US1TXAS0007,20180226,PRCP,193,,,N,0700
US1TXAS0007,20180227,PRCP,3,,,N,0700
US1TXAS0007,20180228,PRCP,0,T,,N,0700
US1TXAS0007,20180201,SNOW,0,,,N,0700
US1TXAS0007,20180202,SNOW,0,,,N,0700
US1TXAS0007,20180205,SNOW,0,,,N,0700
US1TXAS0007,20180209,SNOW,0,,,N,0700
US1TXAS0007,20180212,SNOW,0,,,N,0700
US1TXAS0007,20180216,SNOW,0,,,N,0700
US1TXAS0007,20180220,SNOW,0,,,N,0700
US1TXAS0007,20180301,PRCP,0,,,N,0700
US1TXAS0007,20180302,PRCP,0,,,N,0700
US1TXAS0007,20180303,PRCP,0,,,N,0700
US1TXAS0007,20180304,PRCP,0,T,,N,0700
US1TXAS0007,20180305,PRCP,0,T,,N,0700
US1TXAS0007,20180306,PRCP,0,T,,N,0700
US1TXAS0007,20180307,PRCP,0,,,N,0700
US1TXAS0007,20180308,PRCP,0,,,N,0700
US1TXAS0007,20180309,PRCP,0,,,N,0700
US1TXAS0007,20180310,PRCP,0,,,N,0700
US1TXAS0007,20180311,PRCP,0,,,N,0700
US1TXAS0007,20180312,PRCP,0,T,,N,0700
US1TXAS0007,20180313,PRCP,0,,,N,0700
US1TXAS0007,20180314,PRCP,0,,,N,0700
US1TXAS0007,20180315,PRCP,0,,,N,0700
US1TXAS0007,20180316,PRCP,0,T,,N,0700
US1TXAS0007,20180317,PRCP,0,T,,N,0700
US1TXAS0007,20180318,PRCP,0,T,,N,0700
US1TXAS0007,20180319,PRCP,3,,,N,0700
US1TXAS0007,20180320,PRCP,0,T,,N,0700
US1TXAS0007,20180321,PRCP,0,,,N,0700
US1TXAS0007,20180322,PRCP,0,,,N,0700
US1TXAS0007,20180323,PRCP,0,,,N,0700
US1TXAS0007,20180324,PRCP,0,,,N,0700
US1TXAS0007,20180325,PRCP,0,T,,N,0700
US1TXAS0007,20180326,PRCP,0,,,N,0700
US1TXAS0007,20180327,PRCP,0,,,N,0700
US1TXAS0007,20180328,PRCP,0,T,,N,0700
US1TXAS0007,20180329,PRCP,803,,,N,0700
US1TXAS0007,20180330,PRCP,3,,,N,0700
US1TXAS0007,20180331,PRCP,0,,,N,0700
US1TXAS0007,20180301,SNOW,0,,,N,0700
US1TXAS0007,20180302,SNOW,0,,,N,0700
US1TXAS0007,20180303,SNOW,0,,,N,0700
US1TXAS0007,20180307,SNOW,0,,,N,0700
US1TXAS0007,20180308,SNOW,0,,,N,0700
US1TXAS0007,20180309,SNOW,0,,,N,0700
US1TXAS0007,20180310,SNOW,0,,,N,0700
US1TXAS0007,20180311,SNOW,0,,,N,0700
US1TXAS0007,20180313,SNOW,0,,,N,0700
US1TXAS0007,20180314,SNOW,0,,,N,0700
US1TXAS0007,20180315,SNOW,0,,,N,0700
US1TXAS0007,20180321,SNOW,0,,,N,0700
US1TXAS0007,20180322,SNOW,0,,,N,0700
US1TXAS0007,20180323,SNOW,0,,,N,0700
US1TXAS0007,20180324,SNOW,0,,,N,0700
US1TXAS0007,20180326,SNOW,0,,,N,0700
US1TXAS0007,20180327,SNOW,0,,,N,0700
US1TXAS0007,20180331,SNOW,0,,,N,0700
US1TXAS0007,20180401,PRCP,0,,,N,0700
US1TXAS0007,20180402,PRCP,0,,,N,0700
US1TXAS0007,20180403,PRCP,0,,,N,0700
US1TXAS0007,20180404,PRCP,231,,,N,0700
US1TXAS0007,20180405,PRCP,0,,,N,0700
US1TXAS0007,20180406,PRCP,5,,,N,0700
US1TXAS0007,20180407,PRCP,3,,,N,0700
US1TXAS0007,20180408,PRCP,0,T,,N,0700
US1TXAS0007,20180409,PRCP,0,T,,N,0700
US1TXAS0007,20180410,PRCP,10,,,N,0700
US1TXAS0007,20180411,PRCP,0,,,N,0700
US1TXAS0007,20180412,PRCP,0,,,N,0700
US1TXAS0007,20180413,PRCP,0,,,N,0700
US1TXAS0007,20180414,PRCP,191,,,N,0700
US1TXAS0007,20180415,PRCP,3,,,N,0700
US1TXAS0007,20180416,PRCP,0,,,N,0700
US1TXAS0007,20180417,PRCP,0,,,N,0700
US1TXAS0007,20180418,PRCP,0,,,N,0700
US1TXAS0007,20180419,PRCP,0,,,N,0700
US1TXAS0007,20180420,PRCP,0,,,N,0700
US1TXAS0007,20180421,PRCP,0,,,N,0700
US1TXAS0007,20180422,PRCP,140,,,N,0700
US1TXAS0007,20180423,PRCP,0,,,N,0700
US1TXAS0007,20180424,PRCP,0,,,N,0700
US1TXAS0007,20180425,PRCP,0,,,N,0700
US1TXAS0007,20180427,PRCP,0,,,N,0700
US1TXAS0007,20180428,PRCP,0,,,N,0700
US1TXAS0007,20180429,PRCP,0,,,N,0700
US1TXAS0007,20180430,PRCP,0,,,N,0700
US1TXAS0007,20180401,SNOW,0,,,N,0700
US1TXAS0007,20180402,SNOW,0,,,N,0700
US1TXAS0007,20180403,SNOW,0,,,N,0700
US1TXAS0007,20180405,SNOW,0,,,N,0700
US1TXAS0007,20180411,SNOW,0,,,N,0700
US1TXAS0007,20180412,SNOW,0,,,N,0700
US1TXAS0007,20180413,SNOW,0,,,N,0700
US1TXAS0007,20180416,SNOW,0,,,N,0700
US1TXAS0007,20180417,SNOW,0,,,N,0700
US1TXAS0007,20180418,SNOW,0,,,N,0700
US1TXAS0007,20180419,SNOW,0,,,N,0700
US1TXAS0007,20180420,SNOW,0,,,N,0700
US1TXAS0007,20180421,SNOW,0,,,N,0700
US1TXAS0007,20180423,SNOW,0,,,N,0700
US1TXAS0007,20180424,SNOW,0,,,N,0700
US1TXAS0007,20180425,SNOW,0,,,N,0700
US1TXAS0007,20180427,SNOW,0,,,N,0700
US1TXAS0007,20180428,SNOW,0,,,N,0700
US1TXAS0007,20180429,SNOW,0,,,N,0700
US1TXAS0007,20180430,SNOW,0,,,N,0700
US1TXAS0007,20180501,PRCP,3,,,N,0700
US1TXAS0007,20180502,PRCP,5,,,N,0700
US1TXAS0007,20180503,PRCP,0,,,N,0700
US1TXAS0007,20180504,PRCP,0,,,N,0700
US1TXAS0007,20180505,PRCP,94,,,N,0700
US1TXAS0007,20180506,PRCP,0,,,N,0700
US1TXAS0007,20180507,PRCP,0,,,N,0700
US1TXAS0007,20180508,PRCP,0,,,N,0700
US1TXAS0007,20180509,PRCP,0,,,N,0700
US1TXAS0007,20180510,PRCP,0,,,N,0700
US1TXAS0007,20180511,PRCP,0,,,N,0700
US1TXAS0007,20180512,PRCP,0,,,N,0700
US1TXAS0007,20180513,PRCP,0,,,N,0700
US1TXAS0007,20180514,PRCP,0,,,N,0700
US1TXAS0007,20180515,PRCP,0,,,N,0700
US1TXAS0007,20180516,PRCP,0,,,N,0700
US1TXAS0007,20180517,PRCP,0,,,N,0700
US1TXAS0007,20180518,PRCP,0,,,N,0700
US1TXAS0007,20180519,PRCP,0,,,N,0700
US1TXAS0007,20180520,PRCP,0,,,N,0700
US1TXAS0007,20180521,PRCP,384,,,N,0700
US1TXAS0007,20180522,PRCP,0,T,,N,0700
US1TXAS0007,20180523,PRCP,0,T,,N,0700
US1TXAS0007,20180524,PRCP,43,,,N,0700
US1TXAS0007,20180525,PRCP,0,,,N,0700
US1TXAS0007,20180526,PRCP,0,,,N,0700
US1TXAS0007,20180527,PRCP,0,,,N,0700
US1TXAS0007,20180528,PRCP,0,,,N,0700
US1TXAS0007,20180529,PRCP,0,,,N,0700
US1TXAS0007,20180530,PRCP,0,,,N,0700
US1TXAS0007,20180531,PRCP,0,,,N,0700
US1TXAS0007,20180503,SNOW,0,,,N,0700
US1TXAS0007,20180504,SNOW,0,,,N,0700
US1TXAS0007,20180506,SNOW,0,,,N,0700
US1TXAS0007,20180507,SNOW,0,,,N,0700
US1TXAS0007,20180508,SNOW,0,,,N,0700
US1TXAS0007,20180509,SNOW,0,,,N,0700
US1TXAS0007,20180510,SNOW,0,,,N,0700
US1TXAS0007,20180511,SNOW,0,,,N,0700
US1TXAS0007,20180512,SNOW,0,,,N,0700
US1TXAS0007,20180513,SNOW,0,,,N,0700
US1TXAS0007,20180514,SNOW,0,,,N,0700
US1TXAS0007,20180515,SNOW,0,,,N,0700
US1TXAS0007,20180516,SNOW,0,,,N,0700
US1TXAS0007,20180517,SNOW,0,,,N,0700
US1TXAS0007,20180518,SNOW,0,,,N,0700
US1TXAS0007,20180519,SNOW,0,,,N,0700
US1TXAS0007,20180520,SNOW,0,,,N,0700
US1TXAS0007,20180525,SNOW,0,,,N,0700
US1TXAS0007,20180526,SNOW,0,,,N,0700
US1TXAS0007,20180527,SNOW,0,,,N,0700
US1TXAS0007,20180528,SNOW,0,,,N,0700
US1TXAS0007,20180529,SNOW,0,,,N,0700
US1TXAS0007,20180530,SNOW,0,,,N,0700
US1TXAS0007,20180531,SNOW,0,,,N,0700
US1TXAS0007,20180601,PRCP,0,,,N,0700
US1TXAS0007,20180602,PRCP,0,,,N,0700
US1TXAS0007,20180603,PRCP,0,,,N,0700
US1TXAS0007,20180604,PRCP,0,,,N,0700
US1TXAS0007,20180605,PRCP,0,,,N,0700
US1TXAS0007,20180606,PRCP,0,,,N,0700
US1TXAS0007,20180607,PRCP,0,,,N,0700
US1TXAS0007,20180608,PRCP,0,,,N,0700
US1TXAS0007,20180609,PRCP,0,,,N,0700
US1TXAS0007,20180610,PRCP,8,,,N,0700
US1TXAS0007,20180611,PRCP,0,,,N,0700
US1TXAS0007,20180612,PRCP,0,,,N,0700
US1TXAS0007,20180613,PRCP,0,,,N,0700
US1TXAS0007,20180614,PRCP,107,,,N,0700
US1TXAS0007,20180615,PRCP,41,,,N,0700
US1TXAS0007,20180616,PRCP,18,,,N,0700
US1TXAS0007,20180617,PRCP,3,,,N,0700
US1TXAS0007,20180618,PRCP,170,,,N,0700
US1TXAS0007,20180619,PRCP,325,,,N,0700
US1TXAS0007,20180620,PRCP,818,,,N,0700
US1TXAS0007,20180621,PRCP,305,,,N,0700
US1TXAS0007,20180622,PRCP,3,,,N,0700
US1TXAS0007,20180623,PRCP,0,,,N,0700
US1TXAS0007,20180624,PRCP,0,,,N,0700
US1TXAS0007,20180625,PRCP,0,,,N,0700
US1TXAS0007,20180626,PRCP,97,,,N,0700
US1TXAS0007,20180627,PRCP,0,,,N,0700
US1TXAS0007,20180628,PRCP,0,,,N,0700
US1TXAS0007,20180629,PRCP,0,,,N,0700
US1TXAS0007,20180630,PRCP,0,,,N,0700
US1TXAS0007,20180601,SNOW,0,,,N,0700
US1TXAS0007,20180602,SNOW,0,,,N,0700
US1TXAS0007,20180603,SNOW,0,,,N,0700
US1TXAS0007,20180604,SNOW,0,,,N,0700
US1TXAS0007,20180605,SNOW,0,,,N,0700
US1TXAS0007,20180606,SNOW,0,,,N,0700
US1TXAS0007,20180607,SNOW,0,,,N,0700
US1TXAS0007,20180608,SNOW,0,,,N,0700
US1TXAS0007,20180609,SNOW,0,,,N,0700
US1TXAS0007,20180611,SNOW,0,,,N,0700
US1TXAS0007,20180612,SNOW,0,,,N,0700
US1TXAS0007,20180613,SNOW,0,,,N,0700
US1TXAS0007,20180618,SNOW,0,,,N,0700
US1TXAS0007,20180623,SNOW,0,,,N,0700
US1TXAS0007,20180624,SNOW,0,,,N,0700
US1TXAS0007,20180625,SNOW,0,,,N,0700
US1TXAS0007,20180627,SNOW,0,,,N,0700
US1TXAS0007,20180628,SNOW,0,,,N,0700
US1TXAS0007,20180629,SNOW,0,,,N,0700
US1TXAS0007,20180630,SNOW,0,,,N,0700
US1TXAS0007,20180701,PRCP,0,,,N,0700
US1TXAS0007,20180702,PRCP,0,,,N,0700
US1TXAS0007,20180703,PRCP,0,,,N,0700
US1TXAS0007,20180704,PRCP,0,T,,N,0700
US1TXAS0007,20180705,PRCP,1321,,,N,0700
US1TXAS0007,20180706,PRCP,3,,,N,0700
US1TXAS0007,20180707,PRCP,25,,,N,0700
US1TXAS0007,20180708,PRCP,0,T,,N,0700
US1TXAS0007,20180709,PRCP,15,,,N,0700
US1TXAS0007,20180710,PRCP,15,,,N,0700
US1TXAS0007,20180711,PRCP,0,,,N,0700
US1TXAS0007,20180712,PRCP,0,,,N,0700
US1TXAS0007,20180713,PRCP,0,,,N,0700
US1TXAS0007,20180714,PRCP,0,,,N,0700
US1TXAS0007,20180715,PRCP,0,,,N,0700
US1TXAS0007,20180716,PRCP,0,,,N,0700
US1TXAS0007,20180717,PRCP,0,,,N,0700
US1TXAS0007,20180718,PRCP,0,,,N,0700
US1TXAS0007,20180719,PRCP,0,,,N,0700
US1TXAS0007,20180720,PRCP,0,,,N,0700
US1TXAS0007,20180721,PRCP,0,,,N,0700
US1TXAS0007,20180722,PRCP,0,,,N,0700
US1TXAS0007,20180723,PRCP,0,,,N,0700
US1TXAS0007,20180724,PRCP,0,T,,N,0700
US1TXAS0007,20180725,PRCP,0,,,N,0700
US1TXAS0007,20180726,PRCP,0,,,N,0700
US1TXAS0007,20180727,PRCP,0,,,N,0700
US1TXAS0007,20180728,PRCP,0,,,N,0700
US1TXAS0007,20180729,PRCP,0,,,N,0700
US1TXAS0007,20180730,PRCP,0,,,N,0700
US1TXAS0007,20180731,PRCP,0,,,N,0700
US1TXAS0007,20180701,SNOW,0,,,N,0700
US1TXAS0007,20180702,SNOW,0,,,N,0700
US1TXAS0007,20180703,SNOW,0,,,N,0700
US1TXAS0007,20180711,SNOW,0,,,N,0700
US1TXAS0007,20180712,SNOW,0,,,N,0700
US1TXAS0007,20180713,SNOW,0,,,N,0700
US1TXAS0007,20180714,SNOW,0,,,N,0700
US1TXAS0007,20180715,SNOW,0,,,N,0700
US1TXAS0007,20180716,SNOW,0,,,N,0700
US1TXAS0007,20180717,SNOW,0,,,N,0700
US1TXAS0007,20180718,SNOW,0,,,N,0700
US1TXAS0007,20180719,SNOW,0,,,N,0700
US1TXAS0007,20180720,SNOW,0,,,N,0700
US1TXAS0007,20180721,SNOW,0,,,N,0700
US1TXAS0007,20180722,SNOW,0,,,N,0700
US1TXAS0007,20180723,SNOW,0,,,N,0700
US1TXAS0007,20180725,SNOW,0,,,N,0700
US1TXAS0007,20180726,SNOW,0,,,N,0700
US1TXAS0007,20180727,SNOW,0,,,N,0700
US1TXAS0007,20180728,SNOW,0,,,N,0700
US1TXAS0007,20180729,SNOW,0,,,N,0700
US1TXAS0007,20180730,SNOW,0,,,N,0700
US1TXAS0007,20180731,SNOW,0,,,N,0700
US1TXAS0007,20180801,PRCP,13,,,N,0700
US1TXAS0007,20180802,PRCP,0,,,N,0700
US1TXAS0007,20180803,PRCP,0,,,N,0700
US1TXAS0007,20180804,PRCP,0,,,N,0700
US1TXAS0007,20180805,PRCP,58,,,N,0700
US1TXAS0007,20180806,PRCP,0,,,N,0700
US1TXAS0007,20180807,PRCP,15,,,N,0700
US1TXAS0007,20180808,PRCP,0,,,N,0700
US1TXAS0007,20180809,PRCP,0,,,N,0700
US1TXAS0007,20180810,PRCP,5,,,N,0700
US1TXAS0007,20180811,PRCP,10,,,N,0700
US1TXAS0007,20180812,PRCP,56,,,N,0700
US1TXAS0007,20180813,PRCP,58,,,N,0700
US1TXAS0007,20180814,PRCP,0,,,N,0700
US1TXAS0007,20180815,PRCP,0,,,N,0700
US1TXAS0007,20180816,PRCP,0,T,,N,0700
US1TXAS0007,20180817,PRCP,0,T,,N,0700
US1TXAS0007,20180818,PRCP,0,,,N,0700
US1TXAS0007,20180819,PRCP,0,,,N,0700
US1TXAS0007,20180820,PRCP,0,,,N,0700
US1TXAS0007,20180821,PRCP,0,,,N,0700
US1TXAS0007,20180822,PRCP,0,,,N,0700
US1TXAS0007,20180823,PRCP,0,,,N,0700
US1TXAS0007,20180824,PRCP,0,,,N,0700
US1TXAS0007,20180825,PRCP,0,,,N,0700
US1TXAS0007,20180826,PRCP,0,,,N,0700
US1TXAS0007,20180827,PRCP,0,T,,N,0700
US1TXAS0007,20180828,PRCP,0,,,N,0700
US1TXAS0007,20180829,PRCP,0,,,N,0700
US1TXAS0007,20180830,PRCP,264,,,N,0700
US1TXAS0007,20180831,PRCP,3,,,N,0700
US1TXAS0007,20180802,SNOW,0,,,N,0700
US1TXAS0007,20180803,SNOW,0,,,N,0700
US1TXAS0007,20180804,SNOW,0,,,N,0700
US1TXAS0007,20180806,SNOW,0,,,N,0700
US1TXAS0007,20180808,SNOW,0,,,N,0700
US1TXAS0007,20180809,SNOW,0,,,N,0700
US1TXAS0007,20180814,SNOW,0,,,N,0700
US1TXAS0007,20180815,SNOW,0,,,N,0700
US1TXAS0007,20180818,SNOW,0,,,N,0700
US1TXAS0007,20180819,SNOW,0,,,N,0700
US1TXAS0007,20180820,SNOW,0,,,N,0700
US1TXAS0007,20180821,SNOW,0,,,N,0700
US1TXAS0007,20180822,SNOW,0,,,N,0700
US1TXAS0007,20180823,SNOW,0,,,N,0700
US1TXAS0007,20180824,SNOW,0,,,N,0700
US1TXAS0007,20180825,SNOW,0,,,N,0700
US1TXAS0007,20180826,SNOW,0,,,N,0700
US1TXAS0007,20180828,SNOW,0,,,N,0700
US1TXAS0007,20180829,SNOW,0,,,N,0700
US1TXAS0007,20180901,PRCP,0,T,,N,0700
US1TXAS0007,20180902,PRCP,0,,,N,0700
US1TXAS0007,20180903,PRCP,76,,,N,0700
US1TXAS0007,20180904,PRCP,94,,,N,0700
US1TXAS0007,20180905,PRCP,74,,,N,0700
US1TXAS0007,20180906,PRCP,0,,,N,0700
US1TXAS0007,20180907,PRCP,0,T,,N,0700
US1TXAS0007,20180908,PRCP,0,,,N,0700
US1TXAS0007,20180909,PRCP,0,T,,N,0700
US1TXAS0007,20180910,PRCP,124,,,N,0700
US1TXAS0007,20180911,PRCP,97,,,N,0700
US1TXAS0007,20180912,PRCP,3,,,N,0700
US1TXAS0007,20180913,PRCP,46,,,N,0700
US1TXAS0007,20180914,PRCP,61,,,N,0700
US1TXAS0007,20180915,PRCP,5,,,N,0700
US1TXAS0007,20180916,PRCP,145,,,N,0700
US1TXAS0007,20180917,PRCP,8,,,N,0700
US1TXAS0007,20180918,PRCP,0,,,N,0700
US1TXAS0007,20180919,PRCP,0,,,N,0700
US1TXAS0007,20180920,PRCP,0,,,N,0700
US1TXAS0007,20180921,PRCP,20,,,N,0700
US1TXAS0007,20180922,PRCP,43,,,N,0700
US1TXAS0007,20180923,PRCP,28,,,N,0700
US1TXAS0007,20180924,PRCP,3,,,N,0700
US1TXAS0007,20180925,PRCP,0,,,N,0700
US1TXAS0007,20180926,PRCP,76,,,N,0700
US1TXAS0007,20180927,PRCP,450,,,N,0700
US1TXAS0007,20180928,PRCP,0,,,N,0700
US1TXAS0007,20180929,PRCP,0,T,,N,0700
US1TXAS0007,20180930,PRCP,0,T,,N,0700
US1TXAS0007,20180902,SNOW,0,,,N,0700
US1TXAS0007,20180906,SNOW,0,,,N,0700
US1TXAS0007,20180908,SNOW,0,,,N,0700
US1TXAS0007,20180918,SNOW,0,,,N,0700
US1TXAS0007,20180919,SNOW,0,,,N,0700
US1TXAS0007,20180920,SNOW,0,,,N,0700
US1TXAS0007,20180925,SNOW,0,,,N,0700
US1TXAS0007,20180928,SNOW,0,,,N,0700
US1TXAS0007,20181001,PRCP,46,,,N,0700
US1TXAS0007,20181002,PRCP,0,T,,N,0700
US1TXAS0007,20181003,PRCP,147,,,N,0700
US1TXAS0007,20181004,PRCP,0,,,N,0700
US1TXAS0007,20181005,PRCP,0,,,N,0700
US1TXAS0007,20181006,PRCP,0,T,,N,0700
US1TXAS0007,20181007,PRCP,0,,,N,0700
US1TXAS0007,20181008,PRCP,0,,,N,0700
US1TXAS0007,20181009,PRCP,0,,,N,0700
US1TXAS0007,20181010,PRCP,112,,,N,0700
US1TXAS0007,20181011,PRCP,0,,,N,0700
US1TXAS0007,20181012,PRCP,0,,,N,0700
US1TXAS0007,20181013,PRCP,0,,,N,0700
US1TXAS0007,20181014,PRCP,0,,,N,0700
US1TXAS0007,20181015,PRCP,0,,,N,0700
US1TXAS0007,20181016,PRCP,145,,,N,0700
US1TXAS0007,20181017,PRCP,8,,,N,0700
US1TXAS0007,20181018,PRCP,8,,,N,0700
US1TXAS0007,20181019,PRCP,0,T,,N,0700
US1TXAS0007,20181020,PRCP,335,,,N,0700
US1TXAS0007,20181021,PRCP,0,,,N,0700
US1TXAS0007,20181022,PRCP,0,,,N,0700
US1TXAS0007,20181023,PRCP,173,,,N,0700
US1TXAS0007,20181024,PRCP,36,,,N,0700
US1TXAS0007,20181025,PRCP,71,,,N,0700
US1TXAS0007,20181026,PRCP,3,,,N,0700
US1TXAS0007,20181027,PRCP,0,,,N,0700
US1TXAS0007,20181028,PRCP,0,,,N,0700
US1TXAS0007,20181029,PRCP,0,,,N,0700
US1TXAS0007,20181030,PRCP,0,,,N,0700
US1TXAS0007,20181031,PRCP,0,,,N,0700
US1TXAS0007,20181004,SNOW,0,,,N,0700
US1TXAS0007,20181005,SNOW,0,,,N,0700
US1TXAS0007,20181007,SNOW,0,,,N,0700
US1TXAS0007,20181008,SNOW,0,,,N,0700
US1TXAS0007,20181009,SNOW,0,,,N,0700
US1TXAS0007,20181011,SNOW,0,,,N,0700
US1TXAS0007,20181012,SNOW,0,,,N,0700
US1TXAS0007,20181013,SNOW,0,,,N,0700
US1TXAS0007,20181014,SNOW,0,,,N,0700
US1TXAS0007,20181015,SNOW,0,,,N,0700
US1TXAS0007,20181021,SNOW,0,,,N,0700
US1TXAS0007,20181022,SNOW,0,,,N,0700
US1TXAS0007,20181027,SNOW,0,,,N,0700
US1TXAS0007,20181028,SNOW,0,,,N,0700
US1TXAS0007,20181029,SNOW,0,,,N,0700
US1TXAS0007,20181030,SNOW,0,,,N,0700
US1TXAS0007,20181031,SNOW,0,,,N,0700
US1TXAS0007,20181101,PRCP,980,,,N,0700
US1TXAS0007,20181102,PRCP,0,,,N,0700
US1TXAS0007,20181103,PRCP,0,,,N,0700
US1TXAS0007,20181104,PRCP,145,,,N,0700
US1TXAS0007,20181105,PRCP,33,,,N,0700
US1TXAS0007,20181106,PRCP,0,,,N,0700
US1TXAS0007,20181107,PRCP,0,,,N,0700
US1TXAS0007,20181108,PRCP,46,,,N,0700
US1TXAS0007,20181109,PRCP,38,,,N,0700
US1TXAS0007,20181110,PRCP,5,,,N,0700
US1TXAS0007,20181111,PRCP,0,,,N,0700
US1TXAS0007,20181112,PRCP,41,,,N,0700
US1TXAS0007,20181113,PRCP,0,,,N,0700
US1TXAS0007,20181114,PRCP,0,T,,N,0700
US1TXAS0007,20181115,PRCP,0,,,N,0700
US1TXAS0007,20181116,PRCP,0,,,N,0700
US1TXAS0007,20181117,PRCP,0,,,N,0700
US1TXAS0007,20181118,PRCP,0,,,N,0700
US1TXAS0007,20181119,PRCP,66,,,N,0700
US1TXAS0007,20181120,PRCP,5,,,N,0700
US1TXAS0007,20181121,PRCP,0,,,N,0700
US1TXAS0007,20181122,PRCP,30,,,N,0700
US1TXAS0007,20181123,PRCP,0,,,N,0700
US1TXAS0007,20181124,PRCP,0,T,,N,0700
US1TXAS0007,20181125,PRCP,0,,,N,0700
US1TXAS0007,20181126,PRCP,0,,,N,0700
US1TXAS0007,20181127,PRCP,0,,,N,0700
US1TXAS0007,20181128,PRCP,0,,,N,0700
US1TXAS0007,20181129,PRCP,0,,,N,0700
US1TXAS0007,20181130,PRCP,10,,,N,0700
US1TXAS0007,20181102,SNOW,0,,,N,0700
US1TXAS0007,20181103,SNOW,0,,,N,0700
US1TXAS0007,20181106,SNOW,0,,,N,0700
US1TXAS0007,20181107,SNOW,0,,,N,0700
US1TXAS0007,20181111,SNOW,0,,,N,0700
US1TXAS0007,20181113,SNOW,0,,,N,0700
US1TXAS0007,20181115,SNOW,0,,,N,0700
US1TXAS0007,20181116,SNOW,0,,,N,0700
US1TXAS0007,20181117,SNOW,0,,,N,0700
US1TXAS0007,20181118,SNOW,0,,,N,0700
US1TXAS0007,20181121,SNOW,0,,,N,0700
US1TXAS0007,20181123,SNOW,0,,,N,0700
US1TXAS0007,20181125,SNOW,0,,,N,0700
US1TXAS0007,20181126,SNOW,0,,,N,0700
US1TXAS0007,20181127,SNOW,0,,,N,0700
US1TXAS0007,20181128,SNOW,0,,,N,0700
US1TXAS0007,20181129,SNOW,0,,,N,0700
US1TXAS0007,20181201,PRCP,0,,,N,0700
US1TXAS0007,20181202,PRCP,0,,,N,0700
US1TXAS0007,20181203,PRCP,0,,,N,0700
US1TXAS0007,20181204,PRCP,0,,,N,0700
US1TXAS0007,20181205,PRCP,0,,,N,0700
US1TXAS0007,20181206,PRCP,0,,,N,0700
US1TXAS0007,20181207,PRCP,0,T,,N,0700
US1TXAS0007,20181208,PRCP,1008,,,N,0700
US1TXAS0007,20181209,PRCP,5,,,N,0700
US1TXAS0007,20181210,PRCP,0,,,N,0700
US1TXAS0007,20181211,PRCP,0,,,N,0700
US1TXAS0007,20181212,PRCP,0,,,N,0700
US1TXAS0007,20181213,PRCP,91,,,N,0700
US1TXAS0007,20181214,PRCP,3,,,N,0700
US1TXAS0007,20181215,PRCP,0,,,N,0700
US1TXAS0007,20181216,PRCP,0,,,N,0700
US1TXAS0007,20181217,PRCP,0,,,N,0700
US1TXAS0007,20181218,PRCP,0,,,N,0700
US1TXAS0007,20181219,PRCP,53,,,N,0700
US1TXAS0007,20181220,PRCP,20,,,N,0700
US1TXAS0007,20181221,PRCP,0,,,N,0700
US1TXAS0007,20181222,PRCP,0,,,N,0700
US1TXAS0007,20181223,PRCP,0,,,N,0700
US1TXAS0007,20181224,PRCP,0,,,N,0700
US1TXAS0007,20181225,PRCP,0,,,N,0700
US1TXAS0007,20181226,PRCP,3,,,N,0700
US1TXAS0007,20181227,PRCP,467,,,N,0700
US1TXAS0007,20181228,PRCP,0,,,N,0700
US1TXAS0007,20181229,PRCP,0,,,N,0700
US1TXAS0007,20181230,PRCP,0,,,N,0700
US1TXAS0007,20181231,PRCP,61,,,N,0700
US1TXAS0007,20181201,SNOW,0,,,N,0700
US1TXAS0007,20181202,SNOW,0,,,N,0700
US1TXAS0007,20181203,SNOW,0,,,N,0700
US1TXAS0007,20181204,SNOW,0,,,N,0700
US1TXAS0007,20181205,SNOW,0,,,N,0700
US1TXAS0007,20181206,SNOW,0,,,N,0700
US1TXAS0007,20181210,SNOW,0,,,N,0700
US1TXAS0007,20181211,SNOW,0,,,N,0700
US1TXAS0007,20181212,SNOW,0,,,N,0700
US1TXAS0007,20181215,SNOW,0,,,N,0700
US1TXAS0007,20181216,SNOW,0,,,N,0700
US1TXAS0007,20181217,SNOW,0,,,N,0700
US1TXAS0007,20181218,SNOW,0,,,N,0700
US1TXAS0007,20181221,SNOW,0,,,N,0700
US1TXAS0007,20181222,SNOW,0,,,N,0700
US1TXAS0007,20181223,SNOW,0,,,N,0700
US1TXAS0007,20181224,SNOW,0,,,N,0700
US1TXAS0007,20181225,SNOW,0,,,N,0700
US1TXAS0007,20181228,SNOW,0,,,N,0700
US1TXAS0007,20181229,SNOW,0,,,N,0700
US1TXAS0007,20181230,SNOW,0,,,N,0700
US1TXAS0007,20190101,PRCP,3,,,N,0700
US1TXAS0007,20190102,PRCP,5,,,N,0700
US1TXAS0007,20190103,PRCP,470,,,N,0700
US1TXAS0007,20190104,PRCP,18,,,N,0700
US1TXAS0007,20190105,PRCP,0,,,N,0700
US1TXAS0007,20190106,PRCP,0,,,N,0700
US1TXAS0007,20190107,PRCP,0,,,N,0700
US1TXAS0007,20190108,PRCP,0,,,N,0700
US1TXAS0007,20190109,PRCP,0,,,N,0700
US1TXAS0007,20190110,PRCP,0,,,N,0700
US1TXAS0007,20190111,PRCP,0,T,,N,0700
US1TXAS0007,20190112,PRCP,53,,,N,0700
US1TXAS0007,20190113,PRCP,0,,,N,0700
US1TXAS0007,20190114,PRCP,0,,,N,0700
US1TXAS0007,20190115,PRCP,0,,,N,0700
US1TXAS0007,20190116,PRCP,0,,,N,0700
US1TXAS0007,20190117,PRCP,33,,,N,0700
US1TXAS0007,20190118,PRCP,0,,,N,0700
US1TXAS0007,20190119,PRCP,124,,,N,0700
US1TXAS0007,20190120,PRCP,0,,,N,0700
US1TXAS0007,20190121,PRCP,0,,,N,0700
US1TXAS0007,20190122,PRCP,0,,,N,0700
US1TXAS0007,20190123,PRCP,351,,,N,0700
US1TXAS0007,20190124,PRCP,3,,,N,0700
US1TXAS0007,20190125,PRCP,0,,,N,0700
US1TXAS0007,20190126,PRCP,0,,,N,0700
US1TXAS0007,20190127,PRCP,25,,,N,0700
US1TXAS0007,20190128,PRCP,0,,,N,0700
US1TXAS0007,20190129,PRCP,25,,,N,0700
US1TXAS0007,20190130,PRCP,0,,,N,0700
US1TXAS0007,20190131,PRCP,0,,,N,0700
US1TXAS0007,20190105,SNOW,0,,,N,0700
US1TXAS0007,20190106,SNOW,0,,,N,0700
US1TXAS0007,20190107,SNOW,0,,,N,0700
US1TXAS0007,20190108,SNOW,0,,,N,0700
US1TXAS0007,20190109,SNOW,0,,,N,0700
US1TXAS0007,20190110,SNOW,0,,,N,0700
US1TXAS0007,20190111,SNOW,0,,,N,0700
US1TXAS0007,20190113,SNOW,0,,,N,0700
US1TXAS0007,20190114,SNOW,0,,,N,0700
US1TXAS0007,20190115,SNOW,0,,,N,0700
US1TXAS0007,20190116,SNOW,0,,,N,0700
US1TXAS0007,20190118,SNOW,0,,,N,0700
US1TXAS0007,20190120,SNOW,0,,,N,0700
US1TXAS0007,20190121,SNOW,0,,,N,0700
US1TXAS0007,20190122,SNOW,0,,,N,0700
US1TXAS0007,20190125,SNOW,0,,,N,0700
US1TXAS0007,20190126,SNOW,0,,,N,0700
US1TXAS0007,20190128,SNOW,0,,,N,0700
US1TXAS0007,20190130,SNOW,0,,,N,0700
US1TXAS0007,20190131,SNOW,0,,,N,0700
US1TXAS0007,20190201,PRCP,38,,,N,0700
US1TXAS0007,20190202,PRCP,3,,,N,0700
US1TXAS0007,20190203,PRCP,23,,,N,0700
US1TXAS0007,20190204,PRCP,3,,,N,0700
US1TXAS0007,20190205,PRCP,3,,,N,0700
US1TXAS0007,20190206,PRCP,0,,,N,0700
US1TXAS0007,20190207,PRCP,0,,,N,0700
US1TXAS0007,20190208,PRCP,3,,,N,0700
US1TXAS0007,20190209,PRCP,5,,,N,0700
US1TXAS0007,20190210,PRCP,5,,,N,0700
US1TXAS0007,20190211,PRCP,48,,,N,0700
US1TXAS0007,20190212,PRCP,10,,,N,0700
US1TXAS0007,20190213,PRCP,0,,,N,0700
US1TXAS0007,20190214,PRCP,0,,,N,0700
US1TXAS0007,20190215,PRCP,0,,,N,0700
US1TXAS0007,20190216,PRCP,0,,,N,0700
US1TXAS0007,20190217,PRCP,8,,,N,0700
US1TXAS0007,20190218,PRCP,0,,,N,0700
US1TXAS0007,20190219,PRCP,0,,,N,0700
US1TXAS0007,20190220,PRCP,25,,,N,0700
US1TXAS0007,20190221,PRCP,15,,,N,0700
US1TXAS0007,20190222,PRCP,5,,,N,0700
US1TXAS0007,20190223,PRCP,3,,,N,0700
US1TXAS0007,20190224,PRCP,0,T,,N,0700
US1TXAS0007,20190225,PRCP,0,,,N,0700
US1TXAS0007,20190226,PRCP,13,,,N,0700
US1TXAS0007,20190227,PRCP,335,,,N,0700
US1TXAS0007,20190228,PRCP,0,T,,N,0700
US1TXAS0007,20190206,SNOW,0,,,N,0700
US1TXAS0007,20190207,SNOW,0,,,N,0700
US1TXAS0007,20190213,SNOW,0,,,N,0700
US1TXAS0007,20190214,SNOW,0,,,N,0700
US1TXAS0007,20190215,SNOW,0,,,N,0700
US1TXAS0007,20190216,SNOW,0,,,N,0700
US1TXAS0007,20190217,SNOW,0,,,N,0700
US1TXAS0007,20190218,SNOW,0,,,N,0700
US1TXAS0007,20190219,SNOW,0,,,N,0700
US1TXAS0007,20190225,SNOW,0,,,N,0700
US1TXAS0007,20190301,PRCP,13,,,N,0700
US1TXAS0007,20190302,PRCP,5,,,N,0700
US1TXAS0007,20190303,PRCP,5,,,N,0700
US1TXAS0007,20190304,PRCP,0,,,N,0700
US1TXAS0007,20190305,PRCP,0,T,,N,0700
US1TXAS0007,20190306,PRCP,0,,,N,0700
US1TXAS0007,20190307,PRCP,0,,,N,0700
US1TXAS0007,20190308,PRCP,0,T,,N,0700
US1TXAS0007,20190309,PRCP,0,T,,N,0700
US1TXAS0007,20190310,PRCP,0,T,,N,0700
US1TXAS0007,20190311,PRCP,0,T,,N,0700
US1TXAS0007,20190312,PRCP,0,,,N,0700
US1TXAS0007,20190314,PRCP,48,,,N,0700
US1TXAS0007,20190315,PRCP,0,,,N,0700
US1TXAS0007,20190316,PRCP,0,,,N,0700
US1TXAS0007,20190317,PRCP,0,,,N,0700
US1TXAS0007,20190318,PRCP,0,,,N,0700
US1TXAS0007,20190319,PRCP,0,,,N,0700
US1TXAS0007,20190320,PRCP,0,,,N,0700
US1TXAS0007,20190321,PRCP,0,,,N,0700
US1TXAS0007,20190322,PRCP,0,,,N,0700
US1TXAS0007,20190323,PRCP,0,,,N,0700
US1TXAS0007,20190324,PRCP,0,,,N,0700
US1TXAS0007,20190325,PRCP,0,,,N,0700
US1TXAS0007,20190326,PRCP,0,,,N,0700
US1TXAS0007,20190327,PRCP,0,,,N,0700
US1TXAS0007,20190328,PRCP,0,,,N,0700
US1TXAS0007,20190329,PRCP,0,,,N,0700
US1TXAS0007,20190330,PRCP,0,T,,N,0700
US1TXAS0007,20190331,PRCP,3,,,N,0700
US1TXAS0007,20190304,SNOW,0,,,N,0700
US1TXAS0007,20190305,SNOW,0,,,N,0700
US1TXAS0007,20190306,SNOW,0,,,N,0700
US1TXAS0007,20190307,SNOW,0,,,N,0700
US1TXAS0007,20190312,SNOW,0,,,N,0700
US1TXAS0007,20190315,SNOW,0,,,N,0700
US1TXAS0007,20190316,SNOW,0,,,N,0700
US1TXAS0007,20190317,SNOW,0,,,N,0700
US1TXAS0007,20190318,SNOW,0,,,N,0700
US1TXAS0007,20190319,SNOW,0,,,N,0700
US1TXAS0007,20190320,SNOW,0,,,N,0700
US1TXAS0007,20190321,SNOW,0,,,N,0700
US1TXAS0007,20190322,SNOW,0,,,N,0700
US1TXAS0007,20190323,SNOW,0,,,N,0700
US1TXAS0007,20190324,SNOW,0,,,N,0700
US1TXAS0007,20190325,SNOW,0,,,N,0700
US1TXAS0007,20190326,SNOW,0,,,N,0700
US1TXAS0007,20190327,SNOW,0,,,N,0700
US1TXAS0007,20190328,SNOW,0,,,N,0700
US1TXAS0007,20190329,SNOW,0,,,N,0700
US1TXAS0007,20190401,PRCP,0,,,N,0700
US1TXAS0007,20190402,PRCP,5,,,N,0700
US1TXAS0007,20190403,PRCP,0,,,N,0700
US1TXAS0007,20190404,PRCP,33,,,N,0700
US1TXAS0007,20190405,PRCP,10,,,N,0700
US1TXAS0007,20190406,PRCP,0,T,,N,0700
US1TXAS0007,20190407,PRCP,10,,,N,0700
US1TXAS0007,20190408,PRCP,244,,,N,0700
US1TXAS0007,20190409,PRCP,0,,,N,0700
US1TXAS0007,20190410,PRCP,0,,,N,0700
US1TXAS0007,20190411,PRCP,0,,,N,0700
US1TXAS0007,20190412,PRCP,0,,,N,0700
US1TXAS0007,20190413,PRCP,0,T,,N,0700
US1TXAS0007,20190414,PRCP,36,,,N,0700
US1TXAS0007,20190415,PRCP,0,,,N,0700
US1TXAS0007,20190416,PRCP,0,,,N,0700
US1TXAS0007,20190417,PRCP,0,,,N,0700
US1TXAS0007,20190418,PRCP,130,,,N,0700
US1TXAS0007,20190419,PRCP,58,,,N,0700
US1TXAS0007,20190420,PRCP,0,,,N,0700
US1TXAS0007,20190421,PRCP,0,,,N,0700
US1TXAS0007,20190422,PRCP,0,,,N,0700
US1TXAS0007,20190423,PRCP,0,T,,N,0700
US1TXAS0007,20190424,PRCP,0,T,,N,0700
US1TXAS0007,20190425,PRCP,74,,,N,0700
US1TXAS0007,20190426,PRCP,0,,,N,0700
US1TXAS0007,20190427,PRCP,0,,,N,0700
US1TXAS0007,20190428,PRCP,0,,,N,0700
US1TXAS0007,20190429,PRCP,0,,,N,0700
US1TXAS0007,20190430,PRCP,0,,,N,0700
US1TXAS0007,20190401,SNOW,0,,,N,0700
US1TXAS0007,20190403,SNOW,0,,,N,0700
US1TXAS0007,20190409,SNOW,0,,,N,0700
US1TXAS0007,20190410,SNOW,0,,,N,0700
US1TXAS0007,20190411,SNOW,0,,,N,0700
US1TXAS0007,20190412,SNOW,0,,,N,0700
US1TXAS0007,20190415,SNOW,0,,,N,0700
US1TXAS0007,20190416,SNOW,0,,,N,0700
US1TXAS0007,20190417,SNOW,0,,,N,0700
US1TXAS0007,20190420,SNOW,0,,,N,0700
US1TXAS0007,20190421,SNOW,0,,,N,0700
US1TXAS0007,20190422,SNOW,0,,,N,0700
US1TXAS0007,20190426,SNOW,0,,,N,0700
US1TXAS0007,20190427,SNOW,0,,,N,0700
US1TXAS0007,20190428,SNOW,0,,,N,0700
US1TXAS0007,20190429,SNOW,0,,,N,0700
US1TXAS0007,20190430,SNOW,0,,,N,0700
US1TXAS0007,20190501,PRCP,0,T,,N,0700
US1TXAS0007,20190502,PRCP,43,,,N,0700
US1TXAS0007,20190503,PRCP,97,,,N,0700
US1TXAS0007,20190504,PRCP,224,,,N,0700
US1TXAS0007,20190505,PRCP,0,,,N,0700
US1TXAS0007,20190506,PRCP,0,T,,N,0700
US1TXAS0007,20190507,PRCP,0,T,,N,0700
US1TXAS0007,20190508,PRCP,307,,,N,0700
US1TXAS0007,20190509,PRCP,23,,,N,0700
US1TXAS0007,20190510,PRCP,445,,,N,0700
US1TXAS0007,20190511,PRCP,0,T,,N,0700
US1TXAS0007,20190512,PRCP,71,,,N,0700
US1TXAS0007,20190513,PRCP,0,,,N,0700
US1TXAS0007,20190514,PRCP,0,,,N,0700
US1TXAS0007,20190515,PRCP,0,,,N,0700
US1TXAS0007,20190516,PRCP,0,,,N,0700
US1TXAS0007,20190517,PRCP,0,,,N,0700
US1TXAS0007,20190518,PRCP,0,,,N,0700
US1TXAS0007,20190519,PRCP,0,,,N,0700
US1TXAS0007,20190520,PRCP,0,,,N,0700
US1TXAS0007,20190521,PRCP,0,,,N,0700
US1TXAS0007,20190522,PRCP,0,,,N,0700
US1TXAS0007,20190523,PRCP,0,,,N,0700
US1TXAS0007,20190524,PRCP,0,T,,N,0700
US1TXAS0007,20190525,PRCP,0,,,N,0700
US1TXAS0007,20190526,PRCP,0,,,N,0700
US1TXAS0007,20190527,PRCP,0,,,N,0700
US1TXAS0007,20190528,PRCP,0,,,N,0700
US1TXAS0007,20190529,PRCP,0,,,N,0700
US1TXAS0007,20190530,PRCP,0,T,,N,0700
US1TXAS0007,20190531,PRCP,8,,,N,0700
US1TXAS0007,20190505,SNOW,0,,,N,0700
US1TXAS0007,20190513,SNOW,0,,,N,0700
US1TXAS0007,20190514,SNOW,0,,,N,0700
US1TXAS0007,20190515,SNOW,0,,,N,0700
US1TXAS0007,20190516,SNOW,0,,,N,0700
US1TXAS0007,20190517,SNOW,0,,,N,0700
US1TXAS0007,20190518,SNOW,0,,,N,0700
US1TXAS0007,20190519,SNOW,0,,,N,0700
US1TXAS0007,20190520,SNOW,0,,,N,0700
US1TXAS0007,20190521,SNOW,0,,,N,0700
US1TXAS0007,20190522,SNOW,0,,,N,0700
US1TXAS0007,20190523,SNOW,0,,,N,0700
US1TXAS0007,20190525,SNOW,0,,,N,0700
US1TXAS0007,20190526,SNOW,0,,,N,0700
US1TXAS0007,20190527,SNOW,0,,,N,0700
US1TXAS0007,20190528,SNOW,0,,,N,0700
US1TXAS0007,20190529,SNOW,0,,,N,0700
US1TXAS0007,20190601,PRCP,0,T,,N,0700
US1TXAS0007,20190602,PRCP,0,,,N,0700
US1TXAS0007,20190603,PRCP,0,,,N,0700
US1TXAS0007,20190604,PRCP,0,,,N,0700
US1TXAS0007,20190607,PRCP,150,,,N,0700
US1TXAS0007,20190608,PRCP,0,,,N,0700
US1TXAS0007,20190609,PRCP,0,,,N,0700
US1TXAS0007,20190610,PRCP,0,T,,N,0700
US1TXAS0007,20190611,PRCP,0,,,N,0700
US1TXAS0007,20190612,PRCP,10,,,N,0700
US1TXAS0007,20190613,PRCP,0,,,N,0700
US1TXAS0007,20190614,PRCP,0,,,N,0700
US1TXAS0007,20190615,PRCP,0,,,N,0700
US1TXAS0007,20190616,PRCP,0,,,N,0700
US1TXAS0007,20190617,PRCP,61,,,N,0700
US1TXAS0007,20190618,PRCP,5,,,N,0700
US1TXAS0007,20190619,PRCP,0,,,N,0700
US1TXAS0007,20190620,PRCP,3,,,N,0700
US1TXAS0007,20190621,PRCP,0,,,N,0700
US1TXAS0007,20190622,PRCP,0,,,N,0700
US1TXAS0007,20190623,PRCP,0,T,,N,0700
US1TXAS0007,20190624,PRCP,325,,,N,0700
US1TXAS0007,20190625,PRCP,117,,,N,0700
US1TXAS0007,20190626,PRCP,8,,,N,0700
US1TXAS0007,20190627,PRCP,152,,,N,0700
US1TXAS0007,20190628,PRCP,48,,,N,0700
US1TXAS0007,20190629,PRCP,0,,,N,0700
US1TXAS0007,20190630,PRCP,15,,,N,0700
US1TXAS0007,20190602,SNOW,0,,,N,0700
US1TXAS0007,20190603,SNOW,0,,,N,0700
US1TXAS0007,20190604,SNOW,0,,,N,0700
US1TXAS0007,20190608,SNOW,0,,,N,0700
US1TXAS0007,20190609,SNOW,0,,,N,0700
US1TXAS0007,20190611,SNOW,0,,,N,0700
US1TXAS0007,20190613,SNOW,0,,,N,0700
US1TXAS0007,20190614,SNOW,0,,,N,0700
US1TXAS0007,20190615,SNOW,0,,,N,0700
US1TXAS0007,20190616,SNOW,0,,,N,0700
US1TXAS0007,20190618,SNOW,0,,,N,0700
US1TXAS0007,20190619,SNOW,0,,,N,0700
US1TXAS0007,20190621,SNOW,0,,,N,0700
US1TXAS0007,20190622,SNOW,0,,,N,0700
US1TXAS0007,20190629,SNOW,0,,,N,0700
US1TXAS0007,20190606,DAPR,2,,,N,0700
US1TXAS0007,20190606,MDPR,1613,,,N,0700
US1TXAS0007,20190701,PRCP,0,T,,N,0700
US1TXAS0007,20190702,PRCP,0,,,N,0700
US1TXAS0007,20190703,PRCP,13,,,N,0700
US1TXAS0007,20190704,PRCP,79,,,N,0700
US1TXAS0007,20190705,PRCP,0,,,N,0700
US1TXAS0007,20190706,PRCP,0,,,N,0700
US1TXAS0007,20190707,PRCP,0,,,N,0700
US1TXAS0007,20190708,PRCP,0,,,N,0700
US1TXAS0007,20190709,PRCP,0,,,N,0700
US1TXAS0007,20190710,PRCP,0,,,N,0700
US1TXAS0007,20190711,PRCP,15,,,N,0700
US1TXAS0007,20190712,PRCP,0,,,N,0700
US1TXAS0007,20190713,PRCP,0,,,N,0700
US1TXAS0007,20190714,PRCP,0,,,N,0700
US1TXAS0007,20190715,PRCP,0,,,N,0700
US1TXAS0007,20190716,PRCP,0,,,N,0700
US1TXAS0007,20190717,PRCP,0,,,N,0700
US1TXAS0007,20190718,PRCP,0,,,N,0700
US1TXAS0007,20190719,PRCP,0,,,N,0700
US1TXAS0007,20190720,PRCP,0,,,N,0700
US1TXAS0007,20190721,PRCP,0,,,N,0700
US1TXAS0007,20190722,PRCP,0,,,N,0700
US1TXAS0007,20190723,PRCP,46,,,N,0700
US1TXAS0007,20190724,PRCP,0,,,N,0700
US1TXAS0007,20190725,PRCP,0,,,N,0700
US1TXAS0007,20190726,PRCP,0,,,N,0700
US1TXAS0007,20190727,PRCP,0,,,N,0700
US1TXAS0007,20190728,PRCP,0,,,N,0700
US1TXAS0007,20190729,PRCP,0,T,,N,0700
US1TXAS0007,20190730,PRCP,0,T,,N,0700
US1TXAS0007,20190731,PRCP,0,,,N,0700
US1TXAS0007,20190702,SNOW,0,,,N,0700
US1TXAS0007,20190705,SNOW,0,,,N,0700
US1TXAS0007,20190706,SNOW,0,,,N,0700
US1TXAS0007,20190707,SNOW,0,,,N,0700
US1TXAS0007,20190708,SNOW,0,,,N,0700
US1TXAS0007,20190709,SNOW,0,,,N,0700
US1TXAS0007,20190710,SNOW,0,,,N,0700
US1TXAS0007,20190712,SNOW,0,,,N,0700
US1TXAS0007,20190713,SNOW,0,,,N,0700
US1TXAS0007,20190714,SNOW,0,,,N,0700
US1TXAS0007,20190715,SNOW,0,,,N,0700
US1TXAS0007,20190716,SNOW,0,,,N,0700
US1TXAS0007,20190717,SNOW,0,,,N,0700
US1TXAS0007,20190718,SNOW,0,,,N,0700
US1TXAS0007,20190719,SNOW,0,,,N,0700
US1TXAS0007,20190720,SNOW,0,,,N,0700
US1TXAS0007,20190721,SNOW,0,,,N,0700
US1TXAS0007,20190722,SNOW,0,,,N,0700
US1TXAS0007,20190724,SNOW,0,,,N,0700
US1TXAS0007,20190725,SNOW,0,,,N,0700
US1TXAS0007,20190726,SNOW,0,,,N,0700
US1TXAS0007,20190727,SNOW,0,,,N,0700
US1TXAS0007,20190728,SNOW,0,,,N,0700
US1TXAS0007,20190731,SNOW,0,,,N,0700
US1TXAS0007,20190801,PRCP,0,,,N,0700
US1TXAS0007,20190802,PRCP,0,,,N,0700
US1TXAS0007,20190803,PRCP,0,T,,N,0700
US1TXAS0007,20190804,PRCP,8,,,N,0700
US1TXAS0007,20190805,PRCP,3,,,N,0700
US1TXAS0007,20190806,PRCP,0,,,N,0700
US1TXAS0007,20190807,PRCP,0,,,N,0700
US1TXAS0007,20190808,PRCP,0,,,N,0700
US1TXAS0007,20190809,PRCP,0,,,N,0700
US1TXAS0007,20190810,PRCP,0,,,N,0700
US1TXAS0007,20190811,PRCP,0,,,N,0700
US1TXAS0007,20190812,PRCP,0,,,N,0700
US1TXAS0007,20190813,PRCP,0,,,N,0700
US1TXAS0007,20190814,PRCP,0,,,N,0700
US1TXAS0007,20190815,PRCP,76,,,N,0700
US1TXAS0007,20190816,PRCP,0,,,N,0700
US1TXAS0007,20190817,PRCP,0,T,,N,0700
US1TXAS0007,20190818,PRCP,0,,,N,0700
US1TXAS0007,20190819,PRCP,0,,,N,0700
US1TXAS0007,20190820,PRCP,0,T,,N,0700
US1TXAS0007,20190822,PRCP,0,,,N,0700
US1TXAS0007,20190823,PRCP,0,T,,N,0700
US1TXAS0007,20190824,PRCP,30,,,N,0700
US1TXAS0007,20190825,PRCP,0,,,N,0700
US1TXAS0007,20190826,PRCP,5,,,N,0700
US1TXAS0007,20190827,PRCP,0,,,N,0700
US1TXAS0007,20190828,PRCP,3,,,N,0700
US1TXAS0007,20190829,PRCP,0,,,N,0700
US1TXAS0007,20190830,PRCP,0,,,N,0700
US1TXAS0007,20190831,PRCP,0,,,N,0700
US1TXAS0007,20190801,SNOW,0,,,N,0700
US1TXAS0007,20190802,SNOW,0,,,N,0700
US1TXAS0007,20190806,SNOW,0,,,N,0700
US1TXAS0007,20190807,SNOW,0,,,N,0700
US1TXAS0007,20190808,SNOW,0,,,N,0700
US1TXAS0007,20190809,SNOW,0,,,N,0700
US1TXAS0007,20190810,SNOW,0,,,N,0700
US1TXAS0007,20190811,SNOW,0,,,N,0700
US1TXAS0007,20190812,SNOW,0,,,N,0700
US1TXAS0007,20190813,SNOW,0,,,N,0700
US1TXAS0007,20190814,SNOW,0,,,N,0700
US1TXAS0007,20190816,SNOW,0,,,N,0700
US1TXAS0007,20190818,SNOW,0,,,N,0700
US1TXAS0007,20190819,SNOW,0,,,N,0700
US1TXAS0007,20190822,SNOW,0,,,N,0700
US1TXAS0007,20190825,SNOW,0,,,N,0700
US1TXAS0007,20190827,SNOW,0,,,N,0700
US1TXAS0007,20190828,SNOW,0,,,N,0700
US1TXAS0007,20190829,SNOW,0,,,N,0700
US1TXAS0007,20190830,SNOW,0,,,N,0700
US1TXAS0007,20190831,SNOW,0,,,N,0700
US1TXAS0007,20190901,PRCP,0,,,N,0700
US1TXAS0007,20190902,PRCP,0,,,N,0700
US1TXAS0007,20190903,PRCP,0,,,N,0700
US1TXAS0007,20190904,PRCP,0,,,N,0700
US1TXAS0007,20190905,PRCP,0,,,N,0700
US1TXAS0007,20190906,PRCP,0,,,N,0700
US1TXAS0007,20190907,PRCP,0,,,N,0700
US1TXAS0007,20190908,PRCP,0,,,N,0700
US1TXAS0007,20190909,PRCP,0,,,N,0700
US1TXAS0007,20190910,PRCP,112,,,N,0700
US1TXAS0007,20190911,PRCP,191,,,N,0700
US1TXAS0007,20190912,PRCP,132,,,N,0700
US1TXAS0007,20190913,PRCP,0,,,N,0700
US1TXAS0007,20190914,PRCP,36,,,N,0700
US1TXAS0007,20190915,PRCP,0,,,N,0700
US1TXAS0007,20190916,PRCP,3,,,N,0700
US1TXAS0007,20190917,PRCP,0,T,,N,0700
US1TXAS0007,20190918,PRCP,28,,,N,0700
US1TXAS0007,20190919,PRCP,3,,,N,0700
US1TXAS0007,20190920,PRCP,229,,,N,0700
US1TXAS0007,20190921,PRCP,10,,,N,0700
US1TXAS0007,20190922,PRCP,0,,,N,0700
US1TXAS0007,20190923,PRCP,0,T,,N,0700
US1TXAS0007,20190924,PRCP,13,,,N,0700
US1TXAS0007,20190925,PRCP,0,,,N,0700
US1TXAS0007,20190926,PRCP,0,,,N,0700
US1TXAS0007,20190927,PRCP,0,,,N,0700
US1TXAS0007,20190928,PRCP,135,,,N,0700
US1TXAS0007,20190929,PRCP,0,,,N,0700
US1TXAS0007,20190930,PRCP,0,,,N,0700
US1TXAS0007,20190901,SNOW,0,,,N,0700
US1TXAS0007,20190902,SNOW,0,,,N,0700
US1TXAS0007,20190903,SNOW,0,,,N,0700
US1TXAS0007,20190904,SNOW,0,,,N,0700
US1TXAS0007,20190905,SNOW,0,,,N,0700
US1TXAS0007,20190906,SNOW,0,,,N,0700
US1TXAS0007,20190907,SNOW,0,,,N,0700
US1TXAS0007,20190908,SNOW,0,,,N,0700
US1TXAS0007,20190909,SNOW,0,,,N,0700
US1TXAS0007,20190913,SNOW,0,,,N,0700
US1TXAS0007,20190915,SNOW,0,,,N,0700
US1TXAS0007,20190922,SNOW,0,,,N,0700
US1TXAS0007,20190925,SNOW,0,,,N,0700
US1TXAS0007,20190926,SNOW,0,,,N,0700
US1TXAS0007,20190927,SNOW,0,,,N,0700
US1TXAS0007,20190929,SNOW,0,,,N,0700
US1TXAS0007,20190930,SNOW,0,,,N,0700
US1TXAS0007,20191001,PRCP,0,,,N,0700
US1TXAS0007,20191002,PRCP,0,,,N,0700
US1TXAS0007,20191003,PRCP,0,,,N,0700
US1TXAS0007,20191004,PRCP,0,,,N,0700
US1TXAS0007,20191005,PRCP,0,,,N,0700
US1TXAS0007,20191006,PRCP,0,,,N,0700
US1TXAS0007,20191007,PRCP,0,,,N,0700
US1TXAS0007,20191008,PRCP,0,,,N,0700
US1TXAS0007,20191009,PRCP,0,,,N,0700
US1TXAS0007,20191010,PRCP,0,,,N,0700
US1TXAS0007,20191011,PRCP,0,,,N,0700
US1TXAS0007,20191012,PRCP,28,,,N,0700
US1TXAS0007,20191013,PRCP,0,,,N,0700
US1TXAS0007,20191014,PRCP,0,,,N,0700
US1TXAS0007,20191015,PRCP,0,T,,N,0700
US1TXAS0007,20191016,PRCP,8,,,N,0700
US1TXAS0007,20191017,PRCP,5,,,N,0700
US1TXAS0007,20191018,PRCP,0,,,N,0700
US1TXAS0007,20191019,PRCP,0,,,N,0700
US1TXAS0007,20191020,PRCP,0,,,N,0700
US1TXAS0007,20191021,PRCP,33,,,N,0700
US1TXAS0007,20191022,PRCP,15,,,N,0700
US1TXAS0007,20191023,PRCP,0,,,N,0700
US1TXAS0007,20191024,PRCP,0,,,N,0700
US1TXAS0007,20191025,PRCP,74,,,N,0700
US1TXAS0007,20191026,PRCP,0,T,,N,0700
US1TXAS0007,20191027,PRCP,0,,,N,0700
US1TXAS0007,20191028,PRCP,0,,,N,0700
US1TXAS0007,20191029,PRCP,0,,,N,0700
US1TXAS0007,20191030,PRCP,221,,,N,0700
US1TXAS0007,20191031,PRCP,86,,,N,0700
US1TXAS0007,20191001,SNOW,0,,,N,0700
US1TXAS0007,20191002,SNOW,0,,,N,0700
US1TXAS0007,20191003,SNOW,0,,,N,0700
US1TXAS0007,20191004,SNOW,0,,,N,0700
US1TXAS0007,20191005,SNOW,0,,,N,0700
US1TXAS0007,20191006,SNOW,0,,,N,0700
US1TXAS0007,20191007,SNOW,0,,,N,0700
US1TXAS0007,20191008,SNOW,0,,,N,0700
US1TXAS0007,20191009,SNOW,0,,,N,0700
US1TXAS0007,20191010,SNOW,0,,,N,0700
US1TXAS0007,20191011,SNOW,0,,,N,0700
US1TXAS0007,20191013,SNOW,0,,,N,0700
US1TXAS0007,20191014,SNOW,0,,,N,0700
US1TXAS0007,20191018,SNOW,0,,,N,0700
US1TXAS0007,20191019,SNOW,0,,,N,0700
US1TXAS0007,20191020,SNOW,0,,,N,0700
US1TXAS0007,20191023,SNOW,0,,,N,0700
US1TXAS0007,20191024,SNOW,0,,,N,0700
US1TXAS0007,20191027,SNOW,0,,,N,0700
US1TXAS0007,20191028,SNOW,0,,,N,0700
US1TXAS0007,20191029,SNOW,0,,,N,0700
US1TXAS0007,20191101,PRCP,0,,,N,0700
US1TXAS0007,20191102,PRCP,0,,,N,0700
US1TXAS0007,20191103,PRCP,0,,,N,0700
US1TXAS0007,20191104,PRCP,0,,,N,0700
US1TXAS0007,20191106,PRCP,0,,,N,0700
US1TXAS0007,20191107,PRCP,0,T,,N,0700
US1TXAS0007,20191108,PRCP,480,,,N,0700
US1TXAS0007,20191109,PRCP,8,,,N,0700
US1TXAS0007,20191110,PRCP,0,,,N,0700
US1TXAS0007,20191111,PRCP,0,,,N,0700
US1TXAS0007,20191112,PRCP,3,,,N,0700
US1TXAS0007,20191113,PRCP,0,,,N,0700
US1TXAS0007,20191114,PRCP,66,,,N,0700
US1TXAS0007,20191115,PRCP,64,,,N,0700
US1TXAS0007,20191116,PRCP,0,,,N,0700
US1TXAS0007,20191117,PRCP,0,,,N,0700
US1TXAS0007,20191118,PRCP,0,,,N,0700
US1TXAS0007,20191119,PRCP,0,,,N,0700
US1TXAS0007,20191120,PRCP,0,,,N,0700
US1TXAS0007,20191121,PRCP,13,,,N,0700
US1TXAS0007,20191122,PRCP,3,,,N,0700
US1TXAS0007,20191123,PRCP,0,T,,N,0700
US1TXAS0007,20191124,PRCP,0,,,N,0700
US1TXAS0007,20191125,PRCP,0,,,N,0700
US1TXAS0007,20191126,PRCP,0,T,,N,0700
US1TXAS0007,20191127,PRCP,0,T,,N,0700
US1TXAS0007,20191128,PRCP,0,,,N,0700
US1TXAS0007,20191129,PRCP,10,,,N,0700
US1TXAS0007,20191130,PRCP,0,T,,N,0700
US1TXAS0007,20191101,SNOW,0,,,N,0700
US1TXAS0007,20191102,SNOW,0,,,N,0700
US1TXAS0007,20191103,SNOW,0,,,N,0700
US1TXAS0007,20191104,SNOW,0,,,N,0700
US1TXAS0007,20191106,SNOW,0,,,N,0700
US1TXAS0007,20191110,SNOW,0,,,N,0700
US1TXAS0007,20191111,SNOW,0,,,N,0700
US1TXAS0007,20191113,SNOW,0,,,N,0700
US1TXAS0007,20191116,SNOW,0,,,N,0700
US1TXAS0007,20191117,SNOW,0,,,N,0700
US1TXAS0007,20191118,SNOW,0,,,N,0700
US1TXAS0007,20191119,SNOW,0,,,N,0700
US1TXAS0007,20191120,SNOW,0,,,N,0700
US1TXAS0007,20191122,SNOW,0,,,N,0700
US1TXAS0007,20191124,SNOW,0,,,N,0700
US1TXAS0007,20191125,SNOW,0,,,N,0700
US1TXAS0007,20191128,SNOW,0,,,N,0700
US1TXAS0007,20191201,PRCP,3,,,N,0700
US1TXAS0007,20191202,PRCP,0,,,N,0700
US1TXAS0007,20191203,PRCP,0,,,N,0700
US1TXAS0007,20191204,PRCP,0,,,N,0700
US1TXAS0007,20191205,PRCP,0,,,N,0700
US1TXAS0007,20191206,PRCP,0,,,N,0700
US1TXAS0007,20191207,PRCP,0,,,N,0700
US1TXAS0007,20191208,PRCP,0,,,N,0700
US1TXAS0007,20191209,PRCP,0,,,N,0700
US1TXAS0007,20191210,PRCP,30,,,N,0700
US1TXAS0007,20191211,PRCP,41,,,N,0700
US1TXAS0007,20191212,PRCP,0,,,N,0700
US1TXAS0007,20191213,PRCP,0,,,N,0700
US1TXAS0007,20191215,PRCP,0,,,N,0700
US1TXAS0007,20191216,PRCP,0,,,N,0700
US1TXAS0007,20191217,PRCP,13,,,N,0700
US1TXAS0007,20191218,PRCP,0,,,N,0700
US1TXAS0007,20191219,PRCP,0,,,N,0700
US1TXAS0007,20191220,PRCP,0,,,N,0700
US1TXAS0007,20191221,PRCP,15,,,N,0700
US1TXAS0007,20191222,PRCP,0,,,N,0700
US1TXAS0007,20191223,PRCP,0,,,N,0700
US1TXAS0007,20191224,PRCP,0,,,N,0700
US1TXAS0007,20191225,PRCP,0,,,N,0700
US1TXAS0007,20191226,PRCP,0,,,N,0700
US1TXAS0007,20191227,PRCP,0,,,N,0700
US1TXAS0007,20191228,PRCP,0,,,N,0700
US1TXAS0007,20191229,PRCP,109,,,N,0800
US1TXAS0007,20191230,PRCP,28,,,N,0700
US1TXAS0007,20191231,PRCP,0,,,N,0700
US1TXAS0007,20191202,SNOW,0,,,N,0700
US1TXAS0007,20191203,SNOW,0,,,N,0700
US1TXAS0007,20191204,SNOW,0,,,N,0700
US1TXAS0007,20191205,SNOW,0,,,N,0700
US1TXAS0007,20191206,SNOW,0,,,N,0700
US1TXAS0007,20191207,SNOW,0,,,N,0700
US1TXAS0007,20191208,SNOW,0,,,N,0700
US1TXAS0007,20191209,SNOW,0,,,N,0700
US1TXAS0007,20191212,SNOW,0,,,N,0700
US1TXAS0007,20191213,SNOW,0,,,N,0700
US1TXAS0007,20191215,SNOW,0,,,N,0700
US1TXAS0007,20191216,SNOW,0,,,N,0700
US1TXAS0007,20191218,SNOW,0,,,N,0700
US1TXAS0007,20191219,SNOW,0,,,N,0700
US1TXAS0007,20191220,SNOW,0,,,N,0700
US1TXAS0007,20191222,SNOW,0,,,N,0700
US1TXAS0007,20191223,SNOW,0,,,N,0700
US1TXAS0007,20191224,SNOW,0,,,N,0700
US1TXAS0007,20191225,SNOW,0,,,N,0700
US1TXAS0007,20191226,SNOW,0,,,N,0700
US1TXAS0007,20191227,SNOW,0,,,N,0700
US1TXAS0007,20191228,SNOW,0,,,N,0700
US1TXAS0007,20191231,SNOW,0,,,N,0700
US1TXAS0007,20200101,PRCP,0,,,N,0700
US1TXAS0007,20200102,PRCP,48,,,N,0700
US1TXAS0007,20200103,PRCP,58,,,N,0700
US1TXAS0007,20200104,PRCP,0,,,N,0700
US1TXAS0007,20200105,PRCP,0,,,N,0700
US1TXAS0007,20200106,PRCP,0,,,N,0700
US1TXAS0007,20200107,PRCP,0,,,N,0700
US1TXAS0007,20200108,PRCP,0,,,N,0700
US1TXAS0007,20200109,PRCP,0,,,N,0700
US1TXAS0007,20200110,PRCP,0,,,N,0700
US1TXAS0007,20200111,PRCP,114,,,N,0700
US1TXAS0007,20200112,PRCP,0,,,N,0700
US1TXAS0007,20200113,PRCP,0,,,N,0700
US1TXAS0007,20200114,PRCP,56,,,N,0700
US1TXAS0007,20200115,PRCP,13,,,N,0700
US1TXAS0007,20200116,PRCP,10,,,N,0700
US1TXAS0007,20200117,PRCP,5,,,N,0700
US1TXAS0007,20200119,PRCP,8,,,N,0700
US1TXAS0007,20200120,PRCP,0,,,N,0700
US1TXAS0007,20200121,PRCP,0,,,N,0700
US1TXAS0007,20200122,PRCP,23,,,N,0700
US1TXAS0007,20200123,PRCP,180,,,N,0700
US1TXAS0007,20200124,PRCP,0,,,N,0700
US1TXAS0007,20200125,PRCP,0,,,N,0700
US1TXAS0007,20200126,PRCP,8,,,N,0700
US1TXAS0007,20200127,PRCP,0,,,N,0700
US1TXAS0007,20200128,PRCP,10,,,N,0700
US1TXAS0007,20200129,PRCP,122,,,N,0700
US1TXAS0007,20200130,PRCP,0,,,N,0700
US1TXAS0007,20200131,PRCP,0,T,,N,0700
US1TXAS0007,20200101,SNOW,0,,,N,0700
US1TXAS0007,20200104,SNOW,0,,,N,0700
US1TXAS0007,20200105,SNOW,0,,,N,0700
US1TXAS0007,20200106,SNOW,0,,,N,0700
US1TXAS0007,20200107,SNOW,0,,,N,0700
US1TXAS0007,20200108,SNOW,0,,,N,0700
US1TXAS0007,20200109,SNOW,0,,,N,0700
US1TXAS0007,20200110,SNOW,0,,,N,0700
US1TXAS0007,20200112,SNOW,0,,,N,0700
US1TXAS0007,20200113,SNOW,0,,,N,0700
US1TXAS0007,20200120,SNOW,0,,,N,0700
US1TXAS0007,20200121,SNOW,0,,,N,0700
US1TXAS0007,20200124,SNOW,0,,,N,0700
US1TXAS0007,20200125,SNOW,0,,,N,0700
US1TXAS0007,20200127,SNOW,0,,,N,0700
US1TXAS0007,20200130,SNOW,0,,,N,0700
US1TXAS0007,20200201,PRCP,0,,,N,0700
US1TXAS0007,20200202,PRCP,0,,,N,0700
US1TXAS0007,20200203,PRCP,0,,,N,0700
US1TXAS0007,20200204,PRCP,0,,,N,0700
US1TXAS0007,20200205,PRCP,0,,,N,0700
US1TXAS0007,20200206,PRCP,8,,,N,0700
US1TXAS0007,20200207,PRCP,0,,,N,0700
US1TXAS0007,20200208,PRCP,0,,,N,0700
US1TXAS0007,20200209,PRCP,0,,,N,0700
US1TXAS0007,20200210,PRCP,13,,,N,0700
US1TXAS0007,20200211,PRCP,25,,,N,0700
US1TXAS0007,20200212,PRCP,36,,,N,0700
US1TXAS0007,20200213,PRCP,13,,,N,0700
US1TXAS0007,20200214,PRCP,0,,,N,0700
US1TXAS0007,20200215,PRCP,0,,,N,0700
US1TXAS0007,20200216,PRCP,0,,,N,0700
US1TXAS0007,20200217,PRCP,0,,,N,0700
US1TXAS0007,20200218,PRCP,0,,,N,0700
US1TXAS0007,20200219,PRCP,0,T,,N,0700
US1TXAS0007,20200220,PRCP,76,,,N,0700
US1TXAS0007,20200221,PRCP,74,,,N,0700
US1TXAS0007,20200222,PRCP,0,,,N,0700
US1TXAS0007,20200223,PRCP,0,,,N,0700
US1TXAS0007,20200224,PRCP,56,,,N,0700
US1TXAS0007,20200225,PRCP,0,T,,N,0700
US1TXAS0007,20200226,PRCP,0,,,N,0700
US1TXAS0007,20200227,PRCP,0,,,N,0700
US1TXAS0007,20200228,PRCP,0,,,N,0700
US1TXAS0007,20200229,PRCP,0,,,N,0700
US1TXAS0007,20200201,SNOW,0,,,N,0700
US1TXAS0007,20200202,SNOW,0,,,N,0700
US1TXAS0007,20200203,SNOW,0,,,N,0700
US1TXAS0007,20200204,SNOW,0,,,N,0700
US1TXAS0007,20200205,SNOW,0,,,N,0700
US1TXAS0007,20200207,SNOW,0,,,N,0700
US1TXAS0007,20200208,SNOW,0,,,N,0700
US1TXAS0007,20200209,SNOW,0,,,N,0700
US1TXAS0007,20200214,SNOW,0,,,N,0700
US1TXAS0007,20200215,SNOW,0,,,N,0700
US1TXAS0007,20200216,SNOW,0,,,N,0700
US1TXAS0007,20200217,SNOW,0,,,N,0700
US1TXAS0007,20200218,SNOW,0,,,N,0700
US1TXAS0007,20200222,SNOW,0,,,N,0700
US1TXAS0007,20200223,SNOW,0,,,N,0700
US1TXAS0007,20200226,SNOW,0,,,N,0700
US1TXAS0007,20200227,SNOW,0,,,N,0700
US1TXAS0007,20200228,SNOW,0,,,N,0700
US1TXAS0007,20200229,SNOW,0,,,N,0700
US1TXAS0007,20200301,PRCP,0,,,N,0700
US1TXAS0007,20200302,PRCP,3,,,N,0700
US1TXAS0007,20200303,PRCP,0,,,N,0700
US1TXAS0007,20200304,PRCP,0,T,,N,0700
US1TXAS0007,20200305,PRCP,30,,,N,0700
US1TXAS0007,20200306,PRCP,0,,,N,0700
US1TXAS0007,20200307,PRCP,0,,,N,0700
US1TXAS0007,20200308,PRCP,0,T,,N,0700
US1TXAS0007,20200309,PRCP,0,,,N,0700
US1TXAS0007,20200310,PRCP,13,,,N,0700
US1TXAS0007,20200311,PRCP,0,T,,N,0700
US1TXAS0007,20200312,PRCP,0,,,N,0700
US1TXAS0007,20200313,PRCP,0,,,N,0700
US1TXAS0007,20200314,PRCP,0,,,N,0700
US1TXAS0007,20200315,PRCP,3,,,N,0700
US1TXAS0007,20200316,PRCP,0,T,,N,0700
US1TXAS0007,20200317,PRCP,0,,,N,0700
US1TXAS0007,20200318,PRCP,0,,,N,0700
US1TXAS0007,20200319,PRCP,0,,,N,0700
US1TXAS0007,20200320,PRCP,30,,,N,0700
US1TXAS0007,20200321,PRCP,226,,,N,0700
US1TXAS0007,20200322,PRCP,229,,,N,0700
US1TXAS0007,20200323,PRCP,53,,,N,0700
US1TXAS0007,20200324,PRCP,0,T,,N,0700
US1TXAS0007,20200325,PRCP,0,,,N,0700
US1TXAS0007,20200326,PRCP,0,,,N,0700
US1TXAS0007,20200327,PRCP,0,,,N,0700
US1TXAS0007,20200328,PRCP,0,,,N,0700
US1TXAS0007,20200329,PRCP,25,,,N,0700
US1TXAS0007,20200330,PRCP,0,,,N,0700
US1TXAS0007,20200331,PRCP,5,,,N,0700
US1TXAS0007,20200301,SNOW,0,,,N,0700
US1TXAS0007,20200303,SNOW,0,,,N,0700
US1TXAS0007,20200306,SNOW,0,,,N,0700
US1TXAS0007,20200307,SNOW,0,,,N,0700
US1TXAS0007,20200309,SNOW,0,,,N,0700
US1TXAS0007,20200312,SNOW,0,,,N,0700
US1TXAS0007,20200313,SNOW,0,,,N,0700
US1TXAS0007,20200314,SNOW,0,,,N,0700
US1TXAS0007,20200317,SNOW,0,,,N,0700
US1TXAS0007,20200318,SNOW,0,,,N,0700
US1TXAS0007,20200319,SNOW,0,,,N,0700
US1TXAS0007,20200325,SNOW,0,,,N,0700
US1TXAS0007,20200326,SNOW,0,,,N,0700
US1TXAS0007,20200327,SNOW,0,,,N,0700
US1TXAS0007,20200328,SNOW,0,,,N,0700
US1TXAS0007,20200330,SNOW,0,,,N,0700
US1TXAS0007,20200401,PRCP,0,T,,N,0700
US1TXAS0007,20200402,PRCP,0,,,N,0700
US1TXAS0007,20200403,PRCP,0,T,,N,0700
US1TXAS0007,20200404,PRCP,206,,,N,0700
US1TXAS0007,20200405,PRCP,226,,,N,0700
US1TXAS0007,20200406,PRCP,0,T,,N,0700
US1TXAS0007,20200407,PRCP,3,,,N,0700
US1TXAS0007,20200408,PRCP,0,,,N,0700
US1TXAS0007,20200409,PRCP,0,,,N,0700
US1TXAS0007,20200410,PRCP,28,,,N,0700
US1TXAS0007,20200411,PRCP,0,,,N,0700
US1TXAS0007,20200412,PRCP,10,,,N,0700
US1TXAS0007,20200413,PRCP,5,,,N,0700
US1TXAS0007,20200414,PRCP,0,,,N,0700
US1TXAS0007,20200415,PRCP,0,,,N,0700
US1TXAS0007,20200416,PRCP,0,,,N,0700
US1TXAS0007,20200417,PRCP,0,,,N,0700
US1TXAS0007,20200418,PRCP,53,,,N,0700
US1TXAS0007,20200419,PRCP,46,,,N,0700
US1TXAS0007,20200420,PRCP,43,,,N,0700
US1TXAS0007,20200421,PRCP,0,,,N,0700
US1TXAS0007,20200422,PRCP,0,,,N,0700
US1TXAS0007,20200423,PRCP,0,,,N,0700
US1TXAS0007,20200424,PRCP,0,,,N,0700
US1TXAS0007,20200425,PRCP,0,,,N,0700
US1TXAS0007,20200426,PRCP,33,,,N,0700
US1TXAS0007,20200427,PRCP,0,,,N,0700
US1TXAS0007,20200428,PRCP,0,,,N,0700
US1TXAS0007,20200429,PRCP,218,,,N,0700
US1TXAS0007,20200430,PRCP,36,,,N,0700
US1TXAS0007,20200401,SNOW,0,,,N,0700
US1TXAS0007,20200402,SNOW,0,,,N,0700
US1TXAS0007,20200408,SNOW,0,,,N,0700
US1TXAS0007,20200409,SNOW,0,,,N,0700
US1TXAS0007,20200411,SNOW,0,,,N,0700
US1TXAS0007,20200414,SNOW,0,,,N,0700
US1TXAS0007,20200415,SNOW,0,,,N,0700
US1TXAS0007,20200416,SNOW,0,,,N,0700
US1TXAS0007,20200417,SNOW,0,,,N,0700
US1TXAS0007,20200421,SNOW,0,,,N,0700
US1TXAS0007,20200422,SNOW,0,,,N,0700
US1TXAS0007,20200423,SNOW,0,,,N,0700
US1TXAS0007,20200424,SNOW,0,,,N,0700
US1TXAS0007,20200425,SNOW,0,,,N,0700
US1TXAS0007,20200427,SNOW,0,,,N,0700
US1TXAS0007,20200428,SNOW,0,,,N,0700
US1TXAS0007,20200501,PRCP,0,,,N,0700
US1TXAS0007,20200502,PRCP,0,,,N,0700
US1TXAS0007,20200503,PRCP,0,,,N,0700
US1TXAS0007,20200504,PRCP,0,,,N,0700
US1TXAS0007,20200505,PRCP,0,,,N,0700
US1TXAS0007,20200506,PRCP,3,,,N,0700
US1TXAS0007,20200507,PRCP,0,,,N,0700
US1TXAS0007,20200508,PRCP,0,,,N,0700
US1TXAS0007,20200509,PRCP,0,,,N,0700
US1TXAS0007,20200510,PRCP,0,,,N,0700
US1TXAS0007,20200511,PRCP,0,,,N,0700
US1TXAS0007,20200512,PRCP,0,,,N,0700
US1TXAS0007,20200513,PRCP,165,,,N,0700
US1TXAS0007,20200514,PRCP,0,T,,N,0700
US1TXAS0007,20200515,PRCP,0,,,N,0700
US1TXAS0007,20200516,PRCP,328,,,N,0700
US1TXAS0007,20200517,PRCP,0,T,,N,0700
US1TXAS0007,20200518,PRCP,0,T,,N,0700
US1TXAS0007,20200519,PRCP,0,,,N,0700
US1TXAS0007,20200520,PRCP,0,,,N,0700
US1TXAS0007,20200521,PRCP,0,,,N,0700
US1TXAS0007,20200522,PRCP,0,,,N,0700
US1TXAS0007,20200523,PRCP,0,,,N,0700
US1TXAS0007,20200524,PRCP,13,,,N,0700
US1TXAS0007,20200525,PRCP,211,,,N,0700
US1TXAS0007,20200527,PRCP,0,,,N,0700
US1TXAS0007,20200528,PRCP,427,,,N,0700
US1TXAS0007,20200529,PRCP,0,,,N,0700
US1TXAS0007,20200530,PRCP,0,,,N,0700
US1TXAS0007,20200531,PRCP,0,,,N,0700
US1TXAS0007,20200501,SNOW,0,,,N,0700
US1TXAS0007,20200502,SNOW,0,,,N,0700
US1TXAS0007,20200503,SNOW,0,,,N,0700
US1TXAS0007,20200504,SNOW,0,,,N,0700
US1TXAS0007,20200505,SNOW,0,,,N,0700
US1TXAS0007,20200506,SNOW,0,,,N,0700
US1TXAS0007,20200507,SNOW,0,,,N,0700
US1TXAS0007,20200508,SNOW,0,,,N,0700
US1TXAS0007,20200509,SNOW,0,,,N,0700
US1TXAS0007,20200510,SNOW,0,,,N,0700
US1TXAS0007,20200511,SNOW,0,,,N,0700
US1TXAS0007,20200512,SNOW,0,,,N,0700
US1TXAS0007,20200515,SNOW,0,,,N,0700
US1TXAS0007,20200519,SNOW,0,,,N,0700
US1TXAS0007,20200520,SNOW,0,,,N,0700
US1TXAS0007,20200521,SNOW,0,,,N,0700
US1TXAS0007,20200522,SNOW,0,,,N,0700
US1TXAS0007,20200523,SNOW,0,,,N,0700
US1TXAS0007,20200527,SNOW,0,,,N,0700
US1TXAS0007,20200529,SNOW,0,,,N,0700
US1TXAS0007,20200530,SNOW,0,,,N,0700
US1TXAS0007,20200531,SNOW,0,,,N,0700
US1TXAS0007,20200601,PRCP,30,,,N,0700
US1TXAS0007,20200602,PRCP,0,,,N,0700
US1TXAS0007,20200603,PRCP,0,,,N,0700
US1TXAS0007,20200604,PRCP,64,,,N,0700
US1TXAS0007,20200605,PRCP,0,,,N,0700
US1TXAS0007,20200606,PRCP,0,,,N,0700
US1TXAS0007,20200607,PRCP,3,,,N,0700
US1TXAS0007,20200608,PRCP,0,,,N,0700
US1TXAS0007,20200609,PRCP,0,T,,N,0700
US1TXAS0007,20200610,PRCP,0,,,N,0700
US1TXAS0007,20200611,PRCP,0,,,N,0700
US1TXAS0007,20200612,PRCP,0,,,N,0700
US1TXAS0007,20200613,PRCP,0,,,N,0700
US1TXAS0007,20200614,PRCP,0,,,N,0700
US1TXAS0007,20200615,PRCP,0,,,N,0700
US1TXAS0007,20200616,PRCP,0,,,N,0700
US1TXAS0007,20200617,PRCP,0,,,N,0700
US1TXAS0007,20200618,PRCP,0,,,N,0700
US1TXAS0007,20200619,PRCP,0,,,N,0700
US1TXAS0007,20200620,PRCP,3,,,N,0700
US1TXAS0007,20200621,PRCP,178,,,N,0700
US1TXAS0007,20200622,PRCP,0,T,,N,0700
US1TXAS0007,20200623,PRCP,107,,,N,0700
US1TXAS0007,20200624,PRCP,112,,,N,0700
US1TXAS0007,20200625,PRCP,363,,,N,0700
US1TXAS0007,20200626,PRCP,140,,,N,0700
US1TXAS0007,20200627,PRCP,3,,,N,0700
US1TXAS0007,20200628,PRCP,0,T,,N,0700
US1TXAS0007,20200629,PRCP,0,T,,N,0700
US1TXAS0007,20200630,PRCP,0,,,N,0700
US1TXAS0007,20200602,SNOW,0,,,N,0700
US1TXAS0007,20200603,SNOW,0,,,N,0700
US1TXAS0007,20200605,SNOW,0,,,N,0700
US1TXAS0007,20200606,SNOW,0,,,N,0700
US1TXAS0007,20200608,SNOW,0,,,N,0700
US1TXAS0007,20200610,SNOW,0,,,N,0700
US1TXAS0007,20200611,SNOW,0,,,N,0700
US1TXAS0007,20200612,SNOW,0,,,N,0700
US1TXAS0007,20200613,SNOW,0,,,N,0700
US1TXAS0007,20200614,SNOW,0,,,N,0700
US1TXAS0007,20200615,SNOW,0,,,N,0700
US1TXAS0007,20200616,SNOW,0,,,N,0700
US1TXAS0007,20200617,SNOW,0,,,N,0700
US1TXAS0007,20200618,SNOW,0,,,N,0700
US1TXAS0007,20200619,SNOW,0,,,N,0700
US1TXAS0007,20200630,SNOW,0,,,N,0700
US1TXAS0007,20200701,PRCP,0,,,N,0700
US1TXAS0007,20200702,PRCP,0,,,N,0700
US1TXAS0007,20200703,PRCP,0,,,N,0700
US1TXAS0007,20200704,PRCP,0,,,N,0700
US1TXAS0007,20200705,PRCP,0,,,N,0700
US1TXAS0007,20200706,PRCP,0,,,N,0700
US1TXAS0007,20200707,PRCP,0,,,N,0700
US1TXAS0007,20200708,PRCP,0,T,,N,0700
US1TXAS0007,20200709,PRCP,0,,,N,0700
US1TXAS0007,20200710,PRCP,0,,,N,0700
US1TXAS0007,20200711,PRCP,0,,,N,0700
US1TXAS0007,20200712,PRCP,0,,,N,0700
US1TXAS0007,20200713,PRCP,0,,,N,0700
US1TXAS0007,20200714,PRCP,0,,,N,0700
US1TXAS0007,20200715,PRCP,0,,,N,0700
US1TXAS0007,20200716,PRCP,0,,,N,0700
US1TXAS0007,20200717,PRCP,0,,,N,0700
US1TXAS0007,20200718,PRCP,5,,,N,0700
US1TXAS0007,20200719,PRCP,0,,,N,0700
US1TXAS0007,20200720,PRCP,0,,,N,0700
US1TXAS0007,20200721,PRCP,3,,,N,0700
US1TXAS0007,20200722,PRCP,0,,,N,0700
US1TXAS0007,20200723,PRCP,0,,,N,0700
US1TXAS0007,20200724,PRCP,0,,,N,0700
US1TXAS0007,20200725,PRCP,0,T,,N,0700
US1TXAS0007,20200726,PRCP,66,,,N,0700
US1TXAS0007,20200727,PRCP,33,,,N,0700
US1TXAS0007,20200728,PRCP,0,,,N,0700
US1TXAS0007,20200729,PRCP,3,,,N,0700
US1TXAS0007,20200730,PRCP,188,,,N,0700
US1TXAS0007,20200731,PRCP,0,,,N,0700
US1TXAS0007,20200701,SNOW,0,,,N,0700
US1TXAS0007,20200702,SNOW,0,,,N,0700
US1TXAS0007,20200703,SNOW,0,,,N,0700
US1TXAS0007,20200704,SNOW,0,,,N,0700
US1TXAS0007,20200705,SNOW,0,,,N,0700
US1TXAS0007,20200706,SNOW,0,,,N,0700
US1TXAS0007,20200707,SNOW,0,,,N,0700
US1TXAS0007,20200708,SNOW,0,,,N,0700
US1TXAS0007,20200709,SNOW,0,,,N,0700
US1TXAS0007,20200710,SNOW,0,,,N,0700
US1TXAS0007,20200711,SNOW,0,,,N,0700
US1TXAS0007,20200712,SNOW,0,,,N,0700
US1TXAS0007,20200713,SNOW,0,,,N,0700
US1TXAS0007,20200714,SNOW,0,,,N,0700
US1TXAS0007,20200715,SNOW,0,,,N,0700
US1TXAS0007,20200716,SNOW,0,,,N,0700
US1TXAS0007,20200717,SNOW,0,,,N,0700
US1TXAS0007,20200719,SNOW,0,,,N,0700
US1TXAS0007,20200720,SNOW,0,,,N,0700
US1TXAS0007,20200722,SNOW,0,,,N,0700
US1TXAS0007,20200723,SNOW,0,,,N,0700
US1TXAS0007,20200724,SNOW,0,,,N,0700
US1TXAS0007,20200728,SNOW,0,,,N,0700
US1TXAS0007,20200731,SNOW,0,,,N,0700
US1TXAS0007,20200801,PRCP,84,,,N,0700
US1TXAS0007,20200802,PRCP,226,,,N,0700
US1TXAS0007,20200803,PRCP,36,,,N,0700
US1TXAS0007,20200804,PRCP,0,,,N,0700
US1TXAS0007,20200805,PRCP,0,,,N,0700
US1TXAS0007,20200806,PRCP,0,,,N,0700
US1TXAS0007,20200807,PRCP,0,,,N,0700
US1TXAS0007,20200808,PRCP,0,,,N,0700
US1TXAS0007,20200809,PRCP,0,,,N,0700
US1TXAS0007,20200810,PRCP,0,,,N,0700
US1TXAS0007,20200811,PRCP,8,,,N,0700
US1TXAS0007,20200812,PRCP,0,,,N,0700
US1TXAS0007,20200813,PRCP,0,,,N,0700
US1TXAS0007,20200814,PRCP,0,,,N,0700
US1TXAS0007,20200815,PRCP,0,,,N,0700
US1TXAS0007,20200816,PRCP,0,,,N,0700
US1TXAS0007,20200817,PRCP,5,,,N,0700
US1TXAS0007,20200818,PRCP,0,,,N,0700
US1TXAS0007,20200819,PRCP,140,,,N,0700
US1TXAS0007,20200820,PRCP,0,,,N,0700
US1TXAS0007,20200821,PRCP,0,,,N,0700
US1TXAS0007,20200822,PRCP,0,,,N,0700
US1TXAS0007,20200823,PRCP,0,T,,N,0700
US1TXAS0007,20200824,PRCP,0,T,,N,0700
US1TXAS0007,20200825,PRCP,0,,,N,0700
US1TXAS0007,20200826,PRCP,0,,,N,0700
US1TXAS0007,20200827,PRCP,5,,,N,0700
US1TXAS0007,20200828,PRCP,0,,,N,0700
US1TXAS0007,20200829,PRCP,25,,,N,0700
US1TXAS0007,20200830,PRCP,0,,,N,0700
US1TXAS0007,20200831,PRCP,0,,,N,0700
US1TXAS0007,20200804,SNOW,0,,,N,0700
US1TXAS0007,20200805,SNOW,0,,,N,0700
US1TXAS0007,20200806,SNOW,0,,,N,0700
US1TXAS0007,20200807,SNOW,0,,,N,0700
US1TXAS0007,20200808,SNOW,0,,,N,0700
US1TXAS0007,20200809,SNOW,0,,,N,0700
US1TXAS0007,20200810,SNOW,0,,,N,0700
US1TXAS0007,20200812,SNOW,0,,,N,0700
US1TXAS0007,20200813,SNOW,0,,,N,0700
US1TXAS0007,20200814,SNOW,0,,,N,0700
US1TXAS0007,20200815,SNOW,0,,,N,0700
US1TXAS0007,20200816,SNOW,0,,,N,0700
US1TXAS0007,20200818,SNOW,0,,,N,0700
US1TXAS0007,20200820,SNOW,0,,,N,0700
US1TXAS0007,20200821,SNOW,0,,,N,0700
US1TXAS0007,20200822,SNOW,0,,,N,0700
US1TXAS0007,20200825,SNOW,0,,,N,0700
US1TXAS0007,20200826,SNOW,0,,,N,0700
US1TXAS0007,20200828,SNOW,0,,,N,0700
US1TXAS0007,20200830,SNOW,0,,,N,0700
US1TXAS0007,20200831,SNOW,0,,,N,0700
US1TXAS0007,20200901,PRCP,0,,,N,0700
US1TXAS0007,20200902,PRCP,0,,,N,0700
US1TXAS0007,20200903,PRCP,0,,,N,0700
US1TXAS0007,20200904,PRCP,0,T,,N,0700
US1TXAS0007,20200905,PRCP,119,,,N,0700
US1TXAS0007,20200906,PRCP,15,,,N,0700
US1TXAS0007,20200907,PRCP,18,,,N,0700
US1TXAS0007,20200908,PRCP,0,,,N,0700
US1TXAS0007,20200909,PRCP,15,,,N,0700
US1TXAS0007,20200910,PRCP,3,,,N,0700
US1TXAS0007,20200911,PRCP,193,,,N,0700
US1TXAS0007,20200912,PRCP,0,,,N,0700
US1TXAS0007,20200913,PRCP,0,,,N,0700
US1TXAS0007,20200914,PRCP,0,T,,N,0700
US1TXAS0007,20200915,PRCP,0,,,N,0700
US1TXAS0007,20200916,PRCP,0,,,N,0700
US1TXAS0007,20200917,PRCP,33,,,N,0700
US1TXAS0007,20200918,PRCP,48,,,N,0700
US1TXAS0007,20200919,PRCP,0,,,N,0700
US1TXAS0007,20200920,PRCP,0,,,N,0700
US1TXAS0007,20200921,PRCP,117,,,N,0700
US1TXAS0007,20200922,PRCP,950,,,N,0700
US1TXAS0007,20200923,PRCP,569,,,N,0700
US1TXAS0007,20200924,PRCP,0,T,,N,0700
US1TXAS0007,20200925,PRCP,0,T,,N,0700
US1TXAS0007,20200926,PRCP,0,,,N,0700
US1TXAS0007,20200927,PRCP,0,,,N,0700
US1TXAS0007,20200928,PRCP,10,,,N,0700
US1TXAS0007,20200929,PRCP,8,,,N,0700
US1TXAS0007,20200930,PRCP,0,,,N,0700
US1TXAS0007,20200901,SNOW,0,,,N,0700
US1TXAS0007,20200902,SNOW,0,,,N,0700
US1TXAS0007,20200903,SNOW,0,,,N,0700
US1TXAS0007,20200908,SNOW,0,,,N,0700
US1TXAS0007,20200912,SNOW,0,,,N,0700
US1TXAS0007,20200913,SNOW,0,,,N,0700
US1TXAS0007,20200915,SNOW,0,,,N,0700
US1TXAS0007,20200916,SNOW,0,,,N,0700
US1TXAS0007,20200919,SNOW,0,,,N,0700
US1TXAS0007,20200920,SNOW,0,,,N,0700
US1TXAS0007,20200926,SNOW,0,,,N,0700
US1TXAS0007,20200927,SNOW,0,,,N,0700
US1TXAS0007,20200930,SNOW,0,,,N,0700
US1TXAS0007,20201002,PRCP,0,,,N,0700
US1TXAS0007,20201003,PRCP,0,,,N,0700
US1TXAS0007,20201004,PRCP,0,,,N,0700
US1TXAS0007,20201005,PRCP,0,,,N,0700
US1TXAS0007,20201006,PRCP,0,,,N,0700
US1TXAS0007,20201007,PRCP,0,,,N,0700
US1TXAS0007,20201008,PRCP,0,,,N,0700
US1TXAS0007,20201009,PRCP,3,,,N,0700
US1TXAS0007,20201010,PRCP,0,,,N,0700
US1TXAS0007,20201011,PRCP,0,,,N,0700
US1TXAS0007,20201012,PRCP,0,,,N,0700
US1TXAS0007,20201013,PRCP,0,,,N,0700
US1TXAS0007,20201014,PRCP,0,,,N,0700
US1TXAS0007,20201015,PRCP,0,,,N,0700
US1TXAS0007,20201016,PRCP,5,,,N,0700
US1TXAS0007,20201017,PRCP,8,,,N,0700
US1TXAS0007,20201018,PRCP,0,T,,N,0700
US1TXAS0007,20201019,PRCP,0,,,N,0700
US1TXAS0007,20201020,PRCP,3,,,N,0700
US1TXAS0007,20201021,PRCP,0,,,N,0700
US1TXAS0007,20201022,PRCP,0,,,N,0700
US1TXAS0007,20201023,PRCP,0,,,N,0700
US1TXAS0007,20201024,PRCP,0,T,,N,0700
US1TXAS0007,20201025,PRCP,0,,,N,0700
US1TXAS0007,20201026,PRCP,0,T,,N,0700
US1TXAS0007,20201027,PRCP,0,T,,N,0700
US1TXAS0007,20201028,PRCP,51,,,N,0700
US1TXAS0007,20201029,PRCP,33,,,N,0700
US1TXAS0007,20201030,PRCP,0,,,N,0700
US1TXAS0007,20201031,PRCP,0,,,N,0700
US1TXAS0007,20201002,SNOW,0,,,N,0700
US1TXAS0007,20201003,SNOW,0,,,N,0700
US1TXAS0007,20201004,SNOW,0,,,N,0700
US1TXAS0007,20201005,SNOW,0,,,N,0700
US1TXAS0007,20201006,SNOW,0,,,N,0700
US1TXAS0007,20201007,SNOW,0,,,N,0700
US1TXAS0007,20201008,SNOW,0,,,N,0700
US1TXAS0007,20201010,SNOW,0,,,N,0700
US1TXAS0007,20201011,SNOW,0,,,N,0700
US1TXAS0007,20201012,SNOW,0,,,N,0700
US1TXAS0007,20201013,SNOW,0,,,N,0700
US1TXAS0007,20201014,SNOW,0,,,N,0700
US1TXAS0007,20201015,SNOW,0,,,N,0700
US1TXAS0007,20201019,SNOW,0,,,N,0700
US1TXAS0007,20201021,SNOW,0,,,N,0700
US1TXAS0007,20201022,SNOW,0,,,N,0700
US1TXAS0007,20201023,SNOW,0,,,N,0700
US1TXAS0007,20201025,SNOW,0,,,N,0700
US1TXAS0007,20201030,SNOW,0,,,N,0700
US1TXAS0007,20201031,SNOW,0,,,N,0700
US1TXAS0007,20201101,PRCP,0,,,N,0700
US1TXAS0007,20201102,PRCP,0,,,N,0700
US1TXAS0007,20201103,PRCP,0,,,N,0700
US1TXAS0007,20201104,PRCP,0,,,N,0700
US1TXAS0007,20201106,PRCP,0,,,N,0700
US1TXAS0007,20201107,PRCP,0,,,N,0700
US1TXAS0007,20201108,PRCP,0,,,N,0700
US1TXAS0007,20201109,PRCP,0,,,N,0700
US1TXAS0007,20201110,PRCP,0,T,,N,0700
US1TXAS0007,20201111,PRCP,0,,,N,0700
US1TXAS0007,20201112,PRCP,0,,,N,0700
US1TXAS0007,20201113,PRCP,0,,,N,0700
US1TXAS0007,20201114,PRCP,58,,,N,0700
US1TXAS0007,20201115,PRCP,5,,,N,0700
US1TXAS0007,20201116,PRCP,0,,,N,0700
US1TXAS0007,20201117,PRCP,0,,,N,0700
US1TXAS0007,20201118,PRCP,0,,,N,0700
US1TXAS0007,20201119,PRCP,0,,,N,0700
US1TXAS0007,20201120,PRCP,0,,,N,0700
US1TXAS0007,20201121,PRCP,5,,,N,0700
US1TXAS0007,20201122,PRCP,0,,,N,0700
US1TXAS0007,20201123,PRCP,0,,,N,0700
US1TXAS0007,20201124,PRCP,0,,,N,0700
US1TXAS0007,20201125,PRCP,13,,,N,0700
US1TXAS0007,20201126,PRCP,0,,,N,0700
US1TXAS0007,20201127,PRCP,175,,,N,0700
US1TXAS0007,20201128,PRCP,409,,,N,0700
US1TXAS0007,20201129,PRCP,251,,,N,0700
US1TXAS0007,20201130,PRCP,0,,,N,0700
US1TXAS0007,20201101,SNOW,0,,,N,0700
US1TXAS0007,20201102,SNOW,0,,,N,0700
US1TXAS0007,20201103,SNOW,0,,,N,0700
US1TXAS0007,20201104,SNOW,0,,,N,0700
US1TXAS0007,20201106,SNOW,0,,,N,0700
US1TXAS0007,20201107,SNOW,0,,,N,0700
US1TXAS0007,20201108,SNOW,0,,,N,0700
US1TXAS0007,20201109,SNOW,0,,,N,0700
US1TXAS0007,20201111,SNOW,0,,,N,0700
US1TXAS0007,20201112,SNOW,0,,,N,0700
US1TXAS0007,20201113,SNOW,0,,,N,0700
US1TXAS0007,20201115,SNOW,0,,,N,0700
US1TXAS0007,20201116,SNOW,0,,,N,0700
US1TXAS0007,20201117,SNOW,0,,,N,0700
US1TXAS0007,20201118,SNOW,0,,,N,0700
US1TXAS0007,20201119,SNOW,0,,,N,0700
US1TXAS0007,20201120,SNOW,0,,,N,0700
US1TXAS0007,20201122,SNOW,0,,,N,0700
US1TXAS0007,20201123,SNOW,0,,,N,0700
US1TXAS0007,20201124,SNOW,0,,,N,0700
US1TXAS0007,20201126,SNOW,0,,,N,0700
US1TXAS0007,20201130,SNOW,0,,,N,0700
US1TXAS0007,20201201,PRCP,0,,,N,0700
US1TXAS0007,20201202,PRCP,310,,,N,0700
US1TXAS0007,20201203,PRCP,28,,,N,0700
US1TXAS0007,20201204,PRCP,0,,,N,0700
US1TXAS0007,20201205,PRCP,0,,,N,0700
US1TXAS0007,20201206,PRCP,13,,,N,0700
US1TXAS0007,20201207,PRCP,0,,,N,0700
US1TXAS0007,20201208,PRCP,0,,,N,0700
US1TXAS0007,20201209,PRCP,0,,,N,0700
US1TXAS0007,20201210,PRCP,0,,,N,0700
US1TXAS0007,20201211,PRCP,0,,,N,0700
US1TXAS0007,20201212,PRCP,53,,,N,0700
US1TXAS0007,20201213,PRCP,0,,,N,0700
US1TXAS0007,20201214,PRCP,15,,,N,0700
US1TXAS0007,20201215,PRCP,0,,,N,0700
US1TXAS0007,20201216,PRCP,13,,,N,0700
US1TXAS0007,20201217,PRCP,0,,,N,0700
US1TXAS0007,20201218,PRCP,0,,,N,0700
US1TXAS0007,20201219,PRCP,0,,,N,0700
US1TXAS0007,20201220,PRCP,282,,,N,0700
US1TXAS0007,20201221,PRCP,0,,,N,0700
US1TXAS0007,20201222,PRCP,0,,,N,0700
US1TXAS0007,20201223,PRCP,0,,,N,0700
US1TXAS0007,20201224,PRCP,0,,,N,0700
US1TXAS0007,20201225,PRCP,0,,,N,0700
US1TXAS0007,20201226,PRCP,0,,,N,0700
US1TXAS0007,20201227,PRCP,0,,,N,0700
US1TXAS0007,20201229,PRCP,0,,,N,0700
US1TXAS0007,20201230,PRCP,0,T,,N,0700
US1TXAS0007,20201231,PRCP,1161,,,N,0700
US1TXAS0007,20201201,SNOW,0,,,N,0700
US1TXAS0007,20201204,SNOW,0,,,N,0700
US1TXAS0007,20201205,SNOW,0,,,N,0700
US1TXAS0007,20201207,SNOW,0,,,N,0700
US1TXAS0007,20201208,SNOW,0,,,N,0700
US1TXAS0007,20201209,SNOW,0,,,N,0700
US1TXAS0007,20201210,SNOW,0,,,N,0700
US1TXAS0007,20201211,SNOW,0,,,N,0700
US1TXAS0007,20201213,SNOW,0,,,N,0700
US1TXAS0007,20201215,SNOW,0,,,N,0700
US1TXAS0007,20201216,SNOW,0,,,N,0700
US1TXAS0007,20201217,SNOW,0,,,N,0700
US1TXAS0007,20201218,SNOW,0,,,N,0700
US1TXAS0007,20201219,SNOW,0,,,N,0700
US1TXAS0007,20201221,SNOW,0,,,N,0700
US1TXAS0007,20201222,SNOW,0,,,N,0700
US1TXAS0007,20201223,SNOW,0,,,N,0700
US1TXAS0007,20201224,SNOW,0,,,N,0700
US1TXAS0007,20201225,SNOW,0,,,N,0700
US1TXAS0007,20201226,SNOW,0,,,N,0700
US1TXAS0007,20201227,SNOW,0,,,N,0700
US1TXAS0007,20201229,SNOW,0,,,N,0700
US1TXAS0007,20210101,PRCP,231,,,N,0700
US1TXAS0007,20210102,PRCP,0,,,N,0700
US1TXAS0007,20210103,PRCP,0,,,N,0700
US1TXAS0007,20210104,PRCP,0,,,N,0700
US1TXAS0007,20210105,PRCP,0,,,N,0700
US1TXAS0007,20210106,PRCP,0,,,N,0700
US1TXAS0007,20210107,PRCP,358,,,N,0700
US1TXAS0007,20210108,PRCP,0,,,N,0700
US1TXAS0007,20210109,PRCP,0,,,N,0700
US1TXAS0007,20210110,PRCP,56,,,N,0700
US1TXAS0007,20210111,PRCP,320,,,N,0700
US1TXAS0007,20210112,PRCP,0,,,N,0700
US1TXAS0007,20210113,PRCP,0,,,N,0700
US1TXAS0007,20210114,PRCP,0,,,N,0700
US1TXAS0007,20210115,PRCP,0,,,N,0700
US1TXAS0007,20210116,PRCP,0,,,N,0700
US1TXAS0007,20210117,PRCP,0,,,N,0700
US1TXAS0007,20210118,PRCP,0,,,N,0700
US1TXAS0007,20210119,PRCP,0,,,N,0700
US1TXAS0007,20210120,PRCP,0,,,N,0700
US1TXAS0007,20210121,PRCP,15,,,N,0700
US1TXAS0007,20210122,PRCP,28,,,N,0700
US1TXAS0007,20210123,PRCP,13,,,N,0700
US1TXAS0007,20210124,PRCP,5,,,N,0700
US1TXAS0007,20210125,PRCP,3,,,N,0700
US1TXAS0007,20210126,PRCP,0,,,N,0700
US1TXAS0007,20210127,PRCP,0,,,N,0700
US1TXAS0007,20210128,PRCP,0,,,N,0700
US1TXAS0007,20210129,PRCP,0,,,N,0700
US1TXAS0007,20210130,PRCP,0,,,N,0700
US1TXAS0007,20210131,PRCP,0,T,,N,0700
US1TXAS0007,20210102,SNOW,0,,,N,0700
US1TXAS0007,20210103,SNOW,0,,,N,0700
US1TXAS0007,20210104,SNOW,0,,,N,0700
US1TXAS0007,20210105,SNOW,0,,,N,0700
US1TXAS0007,20210106,SNOW,0,,,N,0700
US1TXAS0007,20210108,SNOW,0,,,N,0700
US1TXAS0007,20210109,SNOW,0,,,N,0700
US1TXAS0007,20210112,SNOW,0,,,N,0700
US1TXAS0007,20210113,SNOW,0,,,N,0700
US1TXAS0007,20210114,SNOW,0,,,N,0700
US1TXAS0007,20210115,SNOW,0,,,N,0700
US1TXAS0007,20210116,SNOW,0,,,N,0700
US1TXAS0007,20210117,SNOW,0,,,N,0700
US1TXAS0007,20210118,SNOW,0,,,N,0700
US1TXAS0007,20210119,SNOW,0,,,N,0700
US1TXAS0007,20210120,SNOW,0,,,N,0700
US1TXAS0007,20210125,SNOW,0,,,N,0700
US1TXAS0007,20210126,SNOW,0,,,N,0700
US1TXAS0007,20210127,SNOW,0,,,N,0700
US1TXAS0007,20210128,SNOW,0,,,N,0700
US1TXAS0007,20210129,SNOW,0,,,N,0700
US1TXAS0007,20210130,SNOW,0,,,N,0700
US1TXAS0007,20210201,PRCP,0,,,N,0700
US1TXAS0007,20210202,PRCP,0,,,N,0700
US1TXAS0007,20210203,PRCP,0,,,N,0700
US1TXAS0007,20210204,PRCP,0,,,N,0700
US1TXAS0007,20210205,PRCP,0,,,N,0700
US1TXAS0007,20210206,PRCP,79,,,N,0700
US1TXAS0007,20210207,PRCP,0,T,,N,0700
US1TXAS0007,20210208,PRCP,0,,,N,0700
US1TXAS0007,20210209,PRCP,0,,,N,0700
US1TXAS0007,20210210,PRCP,5,,,N,0700
US1TXAS0007,20210211,PRCP,10,,,N,0700
US1TXAS0007,20210212,PRCP,107,,,N,0700
US1TXAS0007,20210213,PRCP,5,,,N,0700
US1TXAS0007,20210214,PRCP,10,,,N,0700
US1TXAS0007,20210215,PRCP,48,,,N,0700
US1TXAS0007,20210216,PRCP,0,,,N,0700
US1TXAS0007,20210217,PRCP,20,,,N,0700
US1TXAS0007,20210218,PRCP,79,,,N,0700
US1TXAS0007,20210219,PRCP,0,T,,N,0700
US1TXAS0007,20210220,PRCP,0,,,N,0700
US1TXAS0007,20210221,PRCP,0,,,N,0700
US1TXAS0007,20210222,PRCP,0,,,N,0700
US1TXAS0007,20210223,PRCP,0,,,N,0700
US1TXAS0007,20210224,PRCP,0,,,N,0700
US1TXAS0007,20210226,PRCP,28,,,N,0700
US1TXAS0007,20210227,PRCP,5,,,N,0700
US1TXAS0007,20210228,PRCP,3,,,N,0700
US1TXAS0007,20210201,SNOW,0,,,N,0700
US1TXAS0007,20210202,SNOW,0,,,N,0700
US1TXAS0007,20210203,SNOW,0,,,N,0700
US1TXAS0007,20210204,SNOW,0,,,N,0700
US1TXAS0007,20210205,SNOW,0,,,N,0700
US1TXAS0007,20210208,SNOW,0,,,N,0700
US1TXAS0007,20210209,SNOW,0,,,N,0700
US1TXAS0007,20210216,SNOW,0,,,N,0700
US1TXAS0007,20210219,SNOW,0,,,N,0700
US1TXAS0007,20210220,SNOW,0,,,N,0700
US1TXAS0007,20210221,SNOW,0,,,N,0700
US1TXAS0007,20210222,SNOW,0,,,N,0700
US1TXAS0007,20210223,SNOW,0,,,N,0700
US1TXAS0007,20210224,SNOW,0,,,N,0700
US1TXAS0007,20210301,PRCP,0,,,N,0700
US1TXAS0007,20210302,PRCP,124,,,N,0700
US1TXAS0007,20210303,PRCP,0,,,N,0700
US1TXAS0007,20210304,PRCP,0,,,N,0700
US1TXAS0007,20210305,PRCP,0,,,N,0700
US1TXAS0007,20210306,PRCP,3,,,N,0700
US1TXAS0007,20210307,PRCP,0,,,N,0700
US1TXAS0007,20210308,PRCP,0,,,N,0700
US1TXAS0007,20210309,PRCP,0,,,N,0700
US1TXAS0007,20210310,PRCP,0,,,N,0700
US1TXAS0007,20210311,PRCP,0,T,,N,0700
US1TXAS0007,20210312,PRCP,0,,,N,0700
US1TXAS0007,20210313,PRCP,3,,,N,0700
US1TXAS0007,20210314,PRCP,5,,,N,0700
US1TXAS0007,20210315,PRCP,97,,,N,0700
US1TXAS0007,20210316,PRCP,0,T,,N,0700
US1TXAS0007,20210317,PRCP,0,T,,N,0700
US1TXAS0007,20210318,PRCP,0,T,,N,0700
US1TXAS0007,20210320,PRCP,0,,,N,0700
US1TXAS0007,20210321,PRCP,0,,,N,0700
US1TXAS0007,20210322,PRCP,0,,,N,0700
US1TXAS0007,20210323,PRCP,208,,,N,0700
US1TXAS0007,20210324,PRCP,0,,,N,0700
US1TXAS0007,20210325,PRCP,3,,,N,0700
US1TXAS0007,20210326,PRCP,0,,,N,0700
US1TXAS0007,20210327,PRCP,0,,,N,0700
US1TXAS0007,20210328,PRCP,3,,,N,0700
US1TXAS0007,20210329,PRCP,3,,,N,0700
US1TXAS0007,20210330,PRCP,5,,,N,0700
US1TXAS0007,20210331,PRCP,0,T,,N,0700
US1TXAS0007,20210301,SNOW,0,,,N,0700
US1TXAS0007,20210303,SNOW,0,,,N,0700
US1TXAS0007,20210304,SNOW,0,,,N,0700
US1TXAS0007,20210305,SNOW,0,,,N,0700
US1TXAS0007,20210307,SNOW,0,,,N,0700
US1TXAS0007,20210308,SNOW,0,,,N,0700
US1TXAS0007,20210309,SNOW,0,,,N,0700
US1TXAS0007,20210310,SNOW,0,,,N,0700
US1TXAS0007,20210312,SNOW,0,,,N,0700
US1TXAS0007,20210313,SNOW,0,,,N,0700
US1TXAS0007,20210316,SNOW,0,,,N,0700
US1TXAS0007,20210320,SNOW,0,,,N,0700
US1TXAS0007,20210321,SNOW,0,,,N,0700
US1TXAS0007,20210322,SNOW,0,,,N,0700
US1TXAS0007,20210324,SNOW,0,,,N,0700
US1TXAS0007,20210326,SNOW,0,,,N,0700
US1TXAS0007,20210327,SNOW,0,,,N,0700
US1TXAS0007,20210401,PRCP,3,,,N,0700
US1TXAS0007,20210402,PRCP,0,,,N,0700
US1TXAS0007,20210403,PRCP,0,,,N,0700
US1TXAS0007,20210404,PRCP,3,,,N,0700
US1TXAS0007,20210405,PRCP,0,T,,N,0700
US1TXAS0007,20210406,PRCP,0,T,,N,0700
US1TXAS0007,20210407,PRCP,0,T,,N,0700
US1TXAS0007,20210408,PRCP,114,,,N,0700
US1TXAS0007,20210409,PRCP,0,T,,N,0700
US1TXAS0007,20210410,PRCP,0,,,N,0700
US1TXAS0007,20210411,PRCP,0,,,N,0700
US1TXAS0007,20210412,PRCP,0,,,N,0700
US1TXAS0007,20210414,PRCP,41,,,N,0700
US1TXAS0007,20210415,PRCP,33,,,N,0700
US1TXAS0007,20210416,PRCP,3,,,N,0700
US1TXAS0007,20210417,PRCP,10,,,N,0700
US1TXAS0007,20210418,PRCP,3,,,N,0700
US1TXAS0007,20210419,PRCP,0,T,,N,0700
US1TXAS0007,20210420,PRCP,0,T,,N,0700
US1TXAS0007,20210421,PRCP,0,,,N,0700
US1TXAS0007,20210422,PRCP,0,,,N,0700
US1TXAS0007,20210423,PRCP,0,,,N,0700
US1TXAS0007,20210424,PRCP,114,,,N,0700
US1TXAS0007,20210425,PRCP,0,,,N,0700
US1TXAS0007,20210426,PRCP,0,,,N,0700
US1TXAS0007,20210427,PRCP,0,,,N,0700
US1TXAS0007,20210428,PRCP,0,T,,N,0700
US1TXAS0007,20210429,PRCP,0,T,,N,0700
US1TXAS0007,20210430,PRCP,531,,,N,0700
US1TXAS0007,20210402,SNOW,0,,,N,0700
US1TXAS0007,20210403,SNOW,0,,,N,0700
US1TXAS0007,20210410,SNOW,0,,,N,0700
US1TXAS0007,20210411,SNOW,0,,,N,0700
US1TXAS0007,20210412,SNOW,0,,,N,0700
US1TXAS0007,20210421,SNOW,0,,,N,0700
US1TXAS0007,20210422,SNOW,0,,,N,0700
US1TXAS0007,20210423,SNOW,0,,,N,0700
US1TXAS0007,20210425,SNOW,0,,,N,0700
US1TXAS0007,20210426,SNOW,0,,,N,0700
US1TXAS0007,20210427,SNOW,0,,,N,0700
US1TXAS0007,20210501,PRCP,531,,,N,0700
US1TXAS0007,20210502,PRCP,267,,,N,0700
US1TXAS0007,20210503,PRCP,0,,,N,0700
US1TXAS0007,20210504,PRCP,0,,,N,0700
US1TXAS0007,20210505,PRCP,0,,,N,0700
US1TXAS0007,20210506,PRCP,0,,,N,0700
US1TXAS0007,20210507,PRCP,0,,,N,0700
US1TXAS0007,20210508,PRCP,0,,,N,0700
US1TXAS0007,20210509,PRCP,0,,,N,0700
US1TXAS0007,20210510,PRCP,0,,,N,0700
US1TXAS0007,20210511,PRCP,0,,,N,0700
US1TXAS0007,20210512,PRCP,5,,,N,0700
US1TXAS0007,20210513,PRCP,0,,,N,0700
US1TXAS0007,20210514,PRCP,0,,,N,0700
US1TXAS0007,20210516,PRCP,0,,,N,0700
US1TXAS0007,20210517,PRCP,135,,,N,0700
US1TXAS0007,20210518,PRCP,234,,,N,0700
US1TXAS0007,20210519,PRCP,886,,,N,0700
US1TXAS0007,20210520,PRCP,13,,,N,0700
US1TXAS0007,20210521,PRCP,0,,,N,0700
US1TXAS0007,20210522,PRCP,86,,,N,0700
US1TXAS0007,20210523,PRCP,28,,,N,0700
US1TXAS0007,20210524,PRCP,41,,,N,0700
US1TXAS0007,20210525,PRCP,150,,,N,0700
US1TXAS0007,20210526,PRCP,168,,,N,0700
US1TXAS0007,20210527,PRCP,0,,,N,0700
US1TXAS0007,20210528,PRCP,0,,,N,0700
US1TXAS0007,20210529,PRCP,663,,,N,0700
US1TXAS0007,20210530,PRCP,3,,,N,0700
US1TXAS0007,20210531,PRCP,8,,,N,0700
US1TXAS0007,20210503,SNOW,0,,,N,0700
US1TXAS0007,20210504,SNOW,0,,,N,0700
US1TXAS0007,20210505,SNOW,0,,,N,0700
US1TXAS0007,20210506,SNOW,0,,,N,0700
US1TXAS0007,20210507,SNOW,0,,,N,0700
US1TXAS0007,20210508,SNOW,0,,,N,0700
US1TXAS0007,20210509,SNOW,0,,,N,0700
US1TXAS0007,20210510,SNOW,0,,,N,0700
US1TXAS0007,20210511,SNOW,0,,,N,0700
US1TXAS0007,20210513,SNOW,0,,,N,0700
US1TXAS0007,20210514,SNOW,0,,,N,0700
US1TXAS0007,20210516,SNOW,0,,,N,0700
US1TXAS0007,20210521,SNOW,0,,,N,0700
US1TXAS0007,20210527,SNOW,0,,,N,0700
US1TXAS0007,20210528,SNOW,0,,,N,0700
US1TXAS0007,20210601,PRCP,53,,,N,0700
US1TXAS0007,20210602,PRCP,3,,,N,0700
US1TXAS0007,20210603,PRCP,221,,,N,0700
US1TXAS0007,20210604,PRCP,597,,,N,0700
US1TXAS0007,20210605,PRCP,8,,,N,0700
US1TXAS0007,20210606,PRCP,732,,,N,0700
US1TXAS0007,20210607,PRCP,3,,,N,0700
US1TXAS0007,20210608,PRCP,0,T,,N,0700
US1TXAS0007,20210609,PRCP,0,,,N,0700
US1TXAS0007,20210610,PRCP,0,,,N,0700
US1TXAS0007,20210611,PRCP,0,,,N,0700
US1TXAS0007,20210612,PRCP,0,,,N,0700
US1TXAS0007,20210613,PRCP,0,,,N,0700
US1TXAS0007,20210614,PRCP,0,,,N,0700
US1TXAS0007,20210615,PRCP,23,,,N,0700
US1TXAS0007,20210616,PRCP,10,,,N,0700
US1TXAS0007,20210617,PRCP,0,,,N,0700
US1TXAS0007,20210618,PRCP,0,,,N,0700
US1TXAS0007,20210619,PRCP,0,,,N,0700
US1TXAS0007,20210620,PRCP,0,,,N,0700
US1TXAS0007,20210621,PRCP,3,,,N,0700
US1TXAS0007,20210622,PRCP,23,,,N,0700
US1TXAS0007,20210623,PRCP,0,,,N,0700
US1TXAS0007,20210624,PRCP,0,,,N,0700
US1TXAS0007,20210625,PRCP,0,,,N,0700
US1TXAS0007,20210626,PRCP,0,,,N,0700
US1TXAS0007,20210627,PRCP,0,,,N,0700
US1TXAS0007,20210628,PRCP,64,,,N,0700
US1TXAS0007,20210629,PRCP,107,,,N,0700
US1TXAS0007,20210630,PRCP,150,,,N,0700
US1TXAS0007,20210609,SNOW,0,,,N,0700
US1TXAS0007,20210610,SNOW,0,,,N,0700
US1TXAS0007,20210611,SNOW,0,,,N,0700
US1TXAS0007,20210612,SNOW,0,,,N,0700
US1TXAS0007,20210613,SNOW,0,,,N,0700
US1TXAS0007,20210614,SNOW,0,,,N,0700
US1TXAS0007,20210617,SNOW,0,,,N,0700
US1TXAS0007,20210618,SNOW,0,,,N,0700
US1TXAS0007,20210619,SNOW,0,,,N,0700
US1TXAS0007,20210620,SNOW,0,,,N,0700
US1TXAS0007,20210623,SNOW,0,,,N,0700
US1TXAS0007,20210624,SNOW,0,,,N,0700
US1TXAS0007,20210625,SNOW,0,,,N,0700
US1TXAS0007,20210626,SNOW,0,,,N,0700
US1TXAS0007,20210627,SNOW,0,,,N,0700
US1TXAS0007,20210628,SNOW,0,,,N,0700
US1TXAS0007,20210701,PRCP,18,,,N,0700
US1TXAS0007,20210702,PRCP,0,,,N,0700
US1TXAS0007,20210703,PRCP,0,,,N,0700
US1TXAS0007,20210704,PRCP,264,,,N,0700
US1TXAS0007,20210705,PRCP,320,,,N,0700
US1TXAS0007,20210706,PRCP,36,,,N,0700
US1TXAS0007,20210707,PRCP,0,T,,N,0700
US1TXAS0007,20210708,PRCP,0,T,,N,0700
US1TXAS0007,20210709,PRCP,434,,,N,0700
US1TXAS0007,20210710,PRCP,130,,,N,0700
US1TXAS0007,20210711,PRCP,0,T,,N,0700
US1TXAS0007,20210712,PRCP,0,,,N,0700
US1TXAS0007,20210713,PRCP,48,,,N,0700
US1TXAS0007,20210714,PRCP,48,,,N,0700
US1TXAS0007,20210715,PRCP,69,,,N,0700
US1TXAS0007,20210716,PRCP,0,T,,N,0700
US1TXAS0007,20210717,PRCP,102,,,N,0700
US1TXAS0007,20210718,PRCP,0,,,N,0700
US1TXAS0007,20210719,PRCP,10,,,N,0700
US1TXAS0007,20210720,PRCP,0,T,,N,0700
US1TXAS0007,20210721,PRCP,0,,,N,0700
US1TXAS0007,20210722,PRCP,61,,,N,0700
US1TXAS0007,20210723,PRCP,30,,,N,0700
US1TXAS0007,20210724,PRCP,0,,,N,0700
US1TXAS0007,20210725,PRCP,0,,,N,0700
US1TXAS0007,20210726,PRCP,0,,,N,0700
US1TXAS0007,20210727,PRCP,0,,,N,0700
US1TXAS0007,20210728,PRCP,0,,,N,0700
US1TXAS0007,20210729,PRCP,0,,,N,0700
US1TXAS0007,20210730,PRCP,0,,,N,0700
US1TXAS0007,20210731,PRCP,5,,,N,0700
US1TXAS0007,20210702,SNOW,0,,,N,0700
US1TXAS0007,20210703,SNOW,0,,,N,0700
US1TXAS0007,20210712,SNOW,0,,,N,0700
US1TXAS0007,20210718,SNOW,0,,,N,0700
US1TXAS0007,20210721,SNOW,0,,,N,0700
US1TXAS0007,20210724,SNOW,0,,,N,0700
US1TXAS0007,20210725,SNOW,0,,,N,0700
US1TXAS0007,20210726,SNOW,0,,,N,0700
US1TXAS0007,20210727,SNOW,0,,,N,0700
US1TXAS0007,20210728,SNOW,0,,,N,0700
US1TXAS0007,20210729,SNOW,0,,,N,0700
US1TXAS0007,20210730,SNOW,0,,,N,0700
US1TXAS0007,20210801,PRCP,0,,,N,0700
US1TXAS0007,20210802,PRCP,0,,,N,0700
US1TXAS0007,20210803,PRCP,5,,,N,0700
US1TXAS0007,20210804,PRCP,0,,,N,0700
US1TXAS0007,20210805,PRCP,0,,,N,0700
US1TXAS0007,20210806,PRCP,0,T,,N,0700
US1TXAS0007,20210807,PRCP,46,,,N,0700
US1TXAS0007,20210808,PRCP,0,,,N,0700
US1TXAS0007,20210809,PRCP,0,T,,N,0700
US1TXAS0007,20210810,PRCP,0,,,N,0700
US1TXAS0007,20210811,PRCP,5,,,N,0700
US1TXAS0007,20210812,PRCP,3,,,N,0700
US1TXAS0007,20210813,PRCP,0,T,,N,0700
US1TXAS0007,20210814,PRCP,0,T,,N,0700
US1TXAS0007,20210815,PRCP,8,,,N,0700
US1TXAS0007,20210816,PRCP,38,,,N,0700
US1TXAS0007,20210817,PRCP,404,,,N,0700
US1TXAS0007,20210818,PRCP,5,,,N,0700
US1TXAS0007,20210819,PRCP,46,,,N,0700
US1TXAS0007,20210820,PRCP,0,,,N,0700
US1TXAS0007,20210821,PRCP,0,,,N,0700
US1TXAS0007,20210822,PRCP,0,,,N,0700
US1TXAS0007,20210823,PRCP,0,,,N,0700
US1TXAS0007,20210824,PRCP,0,,,N,0700
US1TXAS0007,20210825,PRCP,0,,,N,0700
US1TXAS0007,20210826,PRCP,5,,,N,0700
US1TXAS0007,20210827,PRCP,0,T,,N,0700
US1TXAS0007,20210828,PRCP,0,T,,N,0700
US1TXAS0007,20210829,PRCP,0,,,N,0700
US1TXAS0007,20210830,PRCP,0,,,N,0700
US1TXAS0007,20210831,PRCP,0,,,N,0700
US1TXAS0007,20210801,SNOW,0,,,N,0700
US1TXAS0007,20210802,SNOW,0,,,N,0700
US1TXAS0007,20210804,SNOW,0,,,N,0700
US1TXAS0007,20210805,SNOW,0,,,N,0700
US1TXAS0007,20210808,SNOW,0,,,N,0700
US1TXAS0007,20210810,SNOW,0,,,N,0700
US1TXAS0007,20210820,SNOW,0,,,N,0700
US1TXAS0007,20210821,SNOW,0,,,N,0700
US1TXAS0007,20210822,SNOW,0,,,N,0700
US1TXAS0007,20210823,SNOW,0,,,N,0700
US1TXAS0007,20210824,SNOW,0,,,N,0700
US1TXAS0007,20210825,SNOW,0,,,N,0700
US1TXAS0007,20210829,SNOW,0,,,N,0700
US1TXAS0007,20210830,SNOW,0,,,N,0700
US1TXAS0007,20210831,SNOW,0,,,N,0700
US1TXAS0007,20210901,PRCP,0,,,N,0700
US1TXAS0007,20210902,PRCP,18,,,N,0700
US1TXAS0007,20210903,PRCP,3,,,N,0700
US1TXAS0007,20210904,PRCP,58,,,N,0700
US1TXAS0007,20210905,PRCP,0,,,N,0700
US1TXAS0007,20210906,PRCP,0,T,,N,0700
US1TXAS0007,20210907,PRCP,0,T,,N,0700
US1TXAS0007,20210908,PRCP,0,,,N,0700
US1TXAS0007,20210909,PRCP,0,,,N,0700
US1TXAS0007,20210910,PRCP,0,,,N,0700
US1TXAS0007,20210911,PRCP,0,,,N,0700
US1TXAS0007,20210912,PRCP,0,,,N,0700
US1TXAS0007,20210913,PRCP,5,,,N,0700
US1TXAS0007,20210914,PRCP,236,,,N,0700
US1TXAS0007,20210915,PRCP,41,,,N,0700
US1TXAS0007,20210916,PRCP,3,,,N,0700
US1TXAS0007,20210917,PRCP,0,,,N,0700
US1TXAS0007,20210918,PRCP,0,,,N,0700
US1TXAS0007,20210919,PRCP,0,,,N,0700
US1TXAS0007,20210920,PRCP,0,,,N,0700
US1TXAS0007,20210921,PRCP,0,,,N,0700
US1TXAS0007,20210922,PRCP,0,,,N,0700
US1TXAS0007,20210923,PRCP,0,,,N,0700
US1TXAS0007,20210924,PRCP,0,,,N,0700
US1TXAS0007,20210925,PRCP,0,,,N,0700
US1TXAS0007,20210926,PRCP,0,,,N,0700
US1TXAS0007,20210927,PRCP,0,,,N,0700
US1TXAS0007,20210928,PRCP,0,,,N,0700
US1TXAS0007,20210901,SNOW,0,,,N,0700
US1TXAS0007,20210905,SNOW,0,,,N,0700
US1TXAS0007,20210908,SNOW,0,,,N,0700
US1TXAS0007,20210909,SNOW,0,,,N,0700
US1TXAS0007,20210910,SNOW,0,,,N,0700
US1TXAS0007,20210911,SNOW,0,,,N,0700
US1TXAS0007,20210912,SNOW,0,,,N,0700
US1TXAS0007,20210917,SNOW,0,,,N,0700
US1TXAS0007,20210918,SNOW,0,,,N,0700
US1TXAS0007,20210919,SNOW,0,,,N,0700
US1TXAS0007,20210920,SNOW,0,,,N,0700
US1TXAS0007,20210921,SNOW,0,,,N,0700
US1TXAS0007,20210922,SNOW,0,,,N,0700
US1TXAS0007,20210923,SNOW,0,,,N,0700
US1TXAS0007,20210924,SNOW,0,,,N,0700
US1TXAS0007,20210925,SNOW,0,,,N,0700
US1TXAS0007,20210926,SNOW,0,,,N,0700
US1TXAS0007,20210927,SNOW,0,,,N,0700
US1TXAS0007,20210928,SNOW,0,,,N,0700
US1TXAS0007,20210930,DAPR,2,,,N,0700
US1TXAS0007,20210930,MDPR,371,,,N,0700
US1TXAS0007,20211001,PRCP,28,,,N,0700
US1TXAS0007,20211002,PRCP,107,,,N,0700
US1TXAS0007,20211003,PRCP,3,,,N,0700
US1TXAS0007,20211004,PRCP,0,T,,N,0700
US1TXAS0007,20211005,PRCP,0,,,N,0700
US1TXAS0007,20211006,PRCP,0,,,N,0700
US1TXAS0007,20211007,PRCP,0,,,N,0700
US1TXAS0007,20211008,PRCP,0,,,N,0700
US1TXAS0007,20211009,PRCP,0,,,N,0700
US1TXAS0007,20211010,PRCP,0,,,N,0700
US1TXAS0007,20211011,PRCP,74,,,N,0700
US1TXAS0007,20211012,PRCP,0,,,N,0700
US1TXAS0007,20211013,PRCP,3,,,N,0700
US1TXAS0007,20211014,PRCP,18,,,N,0700
US1TXAS0007,20211015,PRCP,244,,,N,0700
US1TXAS0007,20211016,PRCP,0,T,,N,0700
US1TXAS0007,20211017,PRCP,0,,,N,0700
US1TXAS0007,20211018,PRCP,0,,,N,0700
US1TXAS0007,20211019,PRCP,0,,,N,0700
US1TXAS0007,20211020,PRCP,0,,,N,0700
US1TXAS0007,20211021,PRCP,0,,,N,0700
US1TXAS0007,20211022,PRCP,0,,,N,0700
US1TXAS0007,20211023,PRCP,0,,,N,0700
US1TXAS0007,20211024,PRCP,165,,,N,0700
US1TXAS0007,20211025,PRCP,3,,,N,0700
US1TXAS0007,20211026,PRCP,0,,,N,0700
US1TXAS0007,20211027,PRCP,0,,,N,0700
US1TXAS0007,20211028,PRCP,300,,,N,0700
US1TXAS0007,20211029,PRCP,0,,,N,0700
US1TXAS0007,20211030,PRCP,0,,,N,0700
US1TXAS0007,20211031,PRCP,0,,,N,0700
US1TXAS0007,20211003,SNOW,0,,,N,0700
US1TXAS0007,20211005,SNOW,0,,,N,0700
US1TXAS0007,20211006,SNOW,0,,,N,0700
US1TXAS0007,20211007,SNOW,0,,,N,0700
US1TXAS0007,20211008,SNOW,0,,,N,0700
US1TXAS0007,20211009,SNOW,0,,,N,0700
US1TXAS0007,20211010,SNOW,0,,,N,0700
US1TXAS0007,20211012,SNOW,0,,,N,0700
US1TXAS0007,20211017,SNOW,0,,,N,0700
US1TXAS0007,20211018,SNOW,0,,,N,0700
US1TXAS0007,20211019,SNOW,0,,,N,0700
US1TXAS0007,20211020,SNOW,0,,,N,0700
US1TXAS0007,20211021,SNOW,0,,,N,0700
US1TXAS0007,20211022,SNOW,0,,,N,0700
US1TXAS0007,20211023,SNOW,0,,,N,0700
US1TXAS0007,20211026,SNOW,0,,,N,0700
US1TXAS0007,20211027,SNOW,0,,,N,0700
US1TXAS0007,20211029,SNOW,0,,,N,0700
US1TXAS0007,20211030,SNOW,0,,,N,0700
US1TXAS0007,20211031,SNOW,0,,,N,0700
US1TXAS0007,20211101,PRCP,0,,,N,0700
US1TXAS0007,20211102,PRCP,0,,,N,0700
US1TXAS0007,20211103,PRCP,0,,,N,0700
US1TXAS0007,20211104,PRCP,224,,,N,0700
US1TXAS0007,20211105,PRCP,0,,,N,0700
US1TXAS0007,20211106,PRCP,0,,,N,0700
US1TXAS0007,20211107,PRCP,0,,,N,0700
US1TXAS0007,20211108,PRCP,0,,,N,0700
US1TXAS0007,20211109,PRCP,0,,,N,0700
US1TXAS0007,20211110,PRCP,0,,,N,0700
US1TXAS0007,20211111,PRCP,69,,,N,0700
US1TXAS0007,20211112,PRCP,3,,,N,0700
US1TXAS0007,20211113,PRCP,0,,,N,0700
US1TXAS0007,20211114,PRCP,0,,,N,0700
US1TXAS0007,20211115,PRCP,0,,,N,0700
US1TXAS0007,20211116,PRCP,0,,,N,0700
US1TXAS0007,20211117,PRCP,0,,,N,0700
US1TXAS0007,20211118,PRCP,0,,,N,0700
US1TXAS0007,20211119,PRCP,0,,,N,0700
US1TXAS0007,20211120,PRCP,0,,,N,0700
US1TXAS0007,20211121,PRCP,0,,,N,0700
US1TXAS0007,20211122,PRCP,0,,,N,0700
US1TXAS0007,20211123,PRCP,0,,,N,0700
US1TXAS0007,20211124,PRCP,0,,,N,0700
US1TXAS0007,20211125,PRCP,0,T,,N,0700
US1TXAS0007,20211126,PRCP,76,,,N,0700
US1TXAS0007,20211127,PRCP,0,T,,N,0700
US1TXAS0007,20211128,PRCP,41,,,N,0700
US1TXAS0007,20211129,PRCP,0,,,N,0700
US1TXAS0007,20211130,PRCP,0,,,N,0700
US1TXAS0007,20211101,SNOW,0,,,N,0700
US1TXAS0007,20211102,SNOW,0,,,N,0700
US1TXAS0007,20211103,SNOW,0,,,N,0700
US1TXAS0007,20211105,SNOW,0,,,N,0700
US1TXAS0007,20211106,SNOW,0,,,N,0700
US1TXAS0007,20211107,SNOW,0,,,N,0700
US1TXAS0007,20211108,SNOW,0,,,N,0700
US1TXAS0007,20211109,SNOW,0,,,N,0700
US1TXAS0007,20211110,SNOW,0,,,N,0700
US1TXAS0007,20211113,SNOW,0,,,N,0700
US1TXAS0007,20211114,SNOW,0,,,N,0700
US1TXAS0007,20211115,SNOW,0,,,N,0700
US1TXAS0007,20211116,SNOW,0,,,N,0700
US1TXAS0007,20211117,SNOW,0,,,N,0700
US1TXAS0007,20211118,SNOW,0,,,N,0700
US1TXAS0007,20211119,SNOW,0,,,N,0700
US1TXAS0007,20211120,SNOW,0,,,N,0700
US1TXAS0007,20211121,SNOW,0,,,N,0700
US1TXAS0007,20211122,SNOW,0,,,N,0700
US1TXAS0007,20211123,SNOW,0,,,N,0700
US1TXAS0007,20211124,SNOW,0,,,N,0700
US1TXAS0007,20211129,SNOW,0,,,N,0700
US1TXAS0007,20211130,SNOW,0,,,N,0700
US1TXAS0007,20211201,PRCP,0,,,N,0700
US1TXAS0007,20211202,PRCP,0,,,N,0700
US1TXAS0007,20211203,PRCP,0,,,N,0700
US1TXAS0007,20211204,PRCP,0,,,N,0700
US1TXAS0007,20211205,PRCP,0,,,N,0700
US1TXAS0007,20211206,PRCP,0,,,N,0700
US1TXAS0007,20211207,PRCP,8,,,N,0700
US1TXAS0007,20211208,PRCP,0,T,,N,0700
US1TXAS0007,20211209,PRCP,0,,,N,0700
US1TXAS0007,20211210,PRCP,0,,,N,0700
US1TXAS0007,20211212,PRCP,0,,,N,0700
US1TXAS0007,20211213,PRCP,0,,,N,0700
US1TXAS0007,20211214,PRCP,46,,,N,0700
US1TXAS0007,20211215,PRCP,0,T,,N,0700
US1TXAS0007,20211216,PRCP,0,,,N,0700
US1TXAS0007,20211217,PRCP,3,,,N,0700
US1TXAS0007,20211218,PRCP,0,,,N,0700
US1TXAS0007,20211219,PRCP,437,,,N,0700
US1TXAS0007,20211220,PRCP,28,,,N,0700
US1TXAS0007,20211221,PRCP,3,,,N,0700
US1TXAS0007,20211222,PRCP,0,,,N,0700
US1TXAS0007,20211223,PRCP,0,,,N,0700
US1TXAS0007,20211224,PRCP,0,,,N,0700
US1TXAS0007,20211225,PRCP,0,,,N,0700
US1TXAS0007,20211226,PRCP,0,,,N,0700
US1TXAS0007,20211227,PRCP,0,,,N,0700
US1TXAS0007,20211228,PRCP,0,,,N,0700
US1TXAS0007,20211229,PRCP,0,,,N,0700
US1TXAS0007,20211230,PRCP,0,,,N,0700
US1TXAS0007,20211231,PRCP,0,,,N,0700
US1TXAS0007,20211201,SNOW,0,,,N,0700
US1TXAS0007,20211202,SNOW,0,,,N,0700
US1TXAS0007,20211203,SNOW,0,,,N,0700
US1TXAS0007,20211204,SNOW,0,,,N,0700
US1TXAS0007,20211205,SNOW,0,,,N,0700
US1TXAS0007,20211206,SNOW,0,,,N,0700
US1TXAS0007,20211209,SNOW,0,,,N,0700
US1TXAS0007,20211210,SNOW,0,,,N,0700
US1TXAS0007,20211211,SNOW,0,,,N,0700
US1TXAS0007,20211212,SNOW,0,,,N,0700
US1TXAS0007,20211213,SNOW,0,,,N,0700
US1TXAS0007,20211216,SNOW,0,,,N,0700
US1TXAS0007,20211218,SNOW,0,,,N,0700
US1TXAS0007,20211222,SNOW,0,,,N,0700
US1TXAS0007,20211223,SNOW,0,,,N,0700
US1TXAS0007,20211224,SNOW,0,,,N,0700
US1TXAS0007,20211225,SNOW,0,,,N,0700
US1TXAS0007,20211226,SNOW,0,,,N,0700
US1TXAS0007,20211227,SNOW,0,,,N,0700
US1TXAS0007,20211228,SNOW,0,,,N,0700
US1TXAS0007,20211229,SNOW,0,,,N,0700
US1TXAS0007,20211230,SNOW,0,,,N,0700
US1TXAS0007,20211231,SNOW,0,,,N,0700
US1TXAS0007,20220101,PRCP,0,T,,N,0700
US1TXAS0007,20220102,PRCP,0,,,N,0700
US1TXAS0007,20220103,PRCP,0,,,N,0700
US1TXAS0007,20220104,PRCP,0,,,N,0700
US1TXAS0007,20220105,PRCP,0,,,N,0700
US1TXAS0007,20220106,PRCP,0,,,N,0700
US1TXAS0007,20220107,PRCP,0,,,N,0700
US1TXAS0007,20220108,PRCP,0,T,,N,0700
US1TXAS0007,20220109,PRCP,264,,,N,0700
US1TXAS0007,20220110,PRCP,0,,,N,0700
US1TXAS0007,20220111,PRCP,0,,,N,0700
US1TXAS0007,20220112,PRCP,0,,,N,0700
US1TXAS0007,20220113,PRCP,0,,,N,0700
US1TXAS0007,20220114,PRCP,0,,,N,0700
US1TXAS0007,20220115,PRCP,0,,,N,0700
US1TXAS0007,20220116,PRCP,0,,,N,0700
US1TXAS0007,20220117,PRCP,0,,,N,0700
US1TXAS0007,20220118,PRCP,0,,,N,0700
US1TXAS0007,20220119,PRCP,0,,,N,0700
US1TXAS0007,20220120,PRCP,742,,,N,0700
US1TXAS0007,20220121,PRCP,10,,,N,0700
US1TXAS0007,20220122,PRCP,0,,,N,0700
US1TXAS0007,20220123,PRCP,0,,,N,0700
US1TXAS0007,20220124,PRCP,3,,,N,0700
US1TXAS0007,20220125,PRCP,71,,,N,0700
US1TXAS0007,20220126,PRCP,0,,,N,0700
US1TXAS0007,20220127,PRCP,0,,,N,0700
US1TXAS0007,20220128,PRCP,0,,,N,0700
US1TXAS0007,20220129,PRCP,0,,,N,0700
US1TXAS0007,20220130,PRCP,0,,,N,0700
US1TXAS0007,20220131,PRCP,10,,,N,0700
US1TXAS0007,20220101,SNOW,0,,,N,0700
US1TXAS0007,20220102,SNOW,0,,,N,0700
US1TXAS0007,20220103,SNOW,0,,,N,0700
US1TXAS0007,20220104,SNOW,0,,,N,0700
US1TXAS0007,20220105,SNOW,0,,,N,0700
US1TXAS0007,20220106,SNOW,0,,,N,0700
US1TXAS0007,20220107,SNOW,0,,,N,0700
US1TXAS0007,20220110,SNOW,0,,,N,0700
US1TXAS0007,20220111,SNOW,0,,,N,0700
US1TXAS0007,20220112,SNOW,0,,,N,0700
US1TXAS0007,20220113,SNOW,0,,,N,0700
US1TXAS0007,20220114,SNOW,0,,,N,0700
US1TXAS0007,20220115,SNOW,0,,,N,0700
US1TXAS0007,20220116,SNOW,0,,,N,0700
US1TXAS0007,20220117,SNOW,0,,,N,0700
US1TXAS0007,20220118,SNOW,0,,,N,0700
US1TXAS0007,20220119,SNOW,0,,,N,0700
US1TXAS0007,20220122,SNOW,0,,,N,0700
US1TXAS0007,20220123,SNOW,0,,,N,0700
US1TXAS0007,20220126,SNOW,0,,,N,0700
US1TXAS0007,20220127,SNOW,0,,,N,0700
US1TXAS0007,20220128,SNOW,0,,,N,0700
US1TXAS0007,20220129,SNOW,0,,,N,0700
US1TXAS0007,20220130,SNOW,0,,,N,0700
US1TXAS0007,20220201,PRCP,353,,,N,0700
US1TXAS0007,20220202,PRCP,5,,,N,0700
US1TXAS0007,20220203,PRCP,25,,,N,0700
US1TXAS0007,20220204,PRCP,33,,,N,0700
US1TXAS0007,20220205,PRCP,0,,,N,0700
US1TXAS0007,20220206,PRCP,0,,,N,0700
US1TXAS0007,20220207,PRCP,0,,,N,0700
US1TXAS0007,20220208,PRCP,0,,,N,0700
US1TXAS0007,20220209,PRCP,0,,,N,0700
US1TXAS0007,20220210,PRCP,0,,,N,0700
US1TXAS0007,20220211,PRCP,0,,,N,0700
US1TXAS0007,20220212,PRCP,0,,,N,0700
US1TXAS0007,20220213,PRCP,0,,,N,0700
US1TXAS0007,20220214,PRCP,0,,,N,0700
US1TXAS0007,20220215,PRCP,0,,,N,0700
US1TXAS0007,20220216,PRCP,0,,,N,0700
US1TXAS0007,20220217,PRCP,23,,,N,0700
US1TXAS0007,20220218,PRCP,8,,,N,0700
US1TXAS0007,20220219,PRCP,0,,,N,0700
US1TXAS0007,20220220,PRCP,0,,,N,0700
US1TXAS0007,20220221,PRCP,18,,,N,0700
US1TXAS0007,20220222,PRCP,0,T,,N,0700
US1TXAS0007,20220223,PRCP,0,,,N,0700
US1TXAS0007,20220224,PRCP,3,,,N,0700
US1TXAS0007,20220225,PRCP,3,,,N,0700
US1TXAS0007,20220226,PRCP,0,T,,N,0700
US1TXAS0007,20220227,PRCP,38,,,N,0700
US1TXAS0007,20220228,PRCP,0,T,,N,0700
US1TXAS0007,20220205,SNOW,0,,,N,0700
US1TXAS0007,20220206,SNOW,0,,,N,0700
US1TXAS0007,20220207,SNOW,0,,,N,0700
US1TXAS0007,20220208,SNOW,0,,,N,0700
US1TXAS0007,20220209,SNOW,0,,,N,0700
US1TXAS0007,20220210,SNOW,0,,,N,0700
US1TXAS0007,20220211,SNOW,0,,,N,0700
US1TXAS0007,20220212,SNOW,0,,,N,0700
US1TXAS0007,20220213,SNOW,0,,,N,0700
US1TXAS0007,20220214,SNOW,0,,,N,0700
US1TXAS0007,20220215,SNOW,0,,,N,0700
US1TXAS0007,20220216,SNOW,0,,,N,0700
US1TXAS0007,20220219,SNOW,0,,,N,0700
US1TXAS0007,20220220,SNOW,0,,,N,0700
US1TXAS0007,20220223,SNOW,0,,,N,0700
US1TXAS0007,20220301,PRCP,0,,,N,0700
US1TXAS0007,20220302,PRCP,0,,,N,0700
US1TXAS0007,20220303,PRCP,0,,,N,0700
US1TXAS0007,20220304,PRCP,0,,,N,0700
US1TXAS0007,20220305,PRCP,0,T,,N,0700
US1TXAS0007,20220306,PRCP,0,T,,N,0700
US1TXAS0007,20220307,PRCP,0,T,,N,0700
US1TXAS0007,20220308,PRCP,51,,,N,0700
US1TXAS0007,20220309,PRCP,8,,,N,0700
US1TXAS0007,20220310,PRCP,0,,,N,0700
US1TXAS0007,20220311,PRCP,0,,,N,0700
US1TXAS0007,20220312,PRCP,0,,,N,0700
US1TXAS0007,20220313,PRCP,0,,,N,0700
US1TXAS0007,20220314,PRCP,0,,,N,0700
US1TXAS0007,20220315,PRCP,56,,,N,0700
US1TXAS0007,20220316,PRCP,0,,,N,0700
US1TXAS0007,20220317,PRCP,0,,,N,0700
US1TXAS0007,20220318,PRCP,15,,,N,0700
US1TXAS0007,20220319,PRCP,0,,,N,0700
US1TXAS0007,20220320,PRCP,0,,,N,0700
US1TXAS0007,20220321,PRCP,18,,,N,0700
US1TXAS0007,20220322,PRCP,251,,,N,0700
US1TXAS0007,20220323,PRCP,0,T,,N,0700
US1TXAS0007,20220324,PRCP,0,,,N,0700
US1TXAS0007,20220325,PRCP,0,,,N,0700
US1TXAS0007,20220326,PRCP,0,,,N,0700
US1TXAS0007,20220327,PRCP,0,T,,N,0700
US1TXAS0007,20220328,PRCP,0,,,N,0700
US1TXAS0007,20220329,PRCP,0,,,N,0700
US1TXAS0007,20220330,PRCP,3,,,N,0700
US1TXAS0007,20220331,PRCP,122,,,N,0700
US1TXAS0007,20220301,SNOW,0,,,N,0700
US1TXAS0007,20220302,SNOW,0,,,N,0700
US1TXAS0007,20220303,SNOW,0,,,N,0700
US1TXAS0007,20220304,SNOW,0,,,N,0700
US1TXAS0007,20220305,SNOW,0,,,N,0700
US1TXAS0007,20220310,SNOW,0,,,N,0700
US1TXAS0007,20220311,SNOW,0,,,N,0700
US1TXAS0007,20220312,SNOW,0,,,N,0700
US1TXAS0007,20220313,SNOW,0,,,N,0700
US1TXAS0007,20220314,SNOW,0,,,N,0700
US1TXAS0007,20220316,SNOW,0,,,N,0700
US1TXAS0007,20220317,SNOW,0,,,N,0700
US1TXAS0007,20220319,SNOW,0,,,N,0700
US1TXAS0007,20220320,SNOW,0,,,N,0700
US1TXAS0007,20220324,SNOW,0,,,N,0700
US1TXAS0007,20220325,SNOW,0,,,N,0700
US1TXAS0007,20220326,SNOW,0,,,N,0700
US1TXAS0007,20220327,SNOW,0,,,N,0700
US1TXAS0007,20220328,SNOW,0,,,N,0700
US1TXAS0007,20220329,SNOW,0,,,N,0700
US1TXAS0007,20220401,PRCP,0,,,N,0700
US1TXAS0007,20220402,PRCP,0,,,N,0700
US1TXAS0007,20220403,PRCP,0,T,,N,0700
US1TXAS0007,20220404,PRCP,0,,,N,0700
US1TXAS0007,20220405,PRCP,10,,,N,0700
US1TXAS0007,20220406,PRCP,0,,,N,0700
US1TXAS0007,20220407,PRCP,0,,,N,0700
US1TXAS0007,20220408,PRCP,0,,,N,0700
US1TXAS0007,20220409,PRCP,0,,,N,0700
US1TXAS0007,20220410,PRCP,0,,,N,0700
US1TXAS0007,20220411,PRCP,10,,,N,0700
US1TXAS0007,20220412,PRCP,8,,,N,0700
US1TXAS0007,20220413,PRCP,0,,,N,0700
US1TXAS0007,20220414,PRCP,0,,,N,0700
US1TXAS0007,20220415,PRCP,0,T,,N,0700
US1TXAS0007,20220416,PRCP,5,,,N,0700
US1TXAS0007,20220417,PRCP,0,T,,N,0700
US1TXAS0007,20220418,PRCP,0,,,N,0700
US1TXAS0007,20220419,PRCP,0,,,N,0700
US1TXAS0007,20220420,PRCP,0,,,N,0700
US1TXAS0007,20220421,PRCP,0,,,N,0700
US1TXAS0007,20220422,PRCP,0,,,N,0700
US1TXAS0007,20220423,PRCP,0,,,N,0700
US1TXAS0007,20220424,PRCP,0,,,N,0700
US1TXAS0007,20220425,PRCP,0,,,N,0700
US1TXAS0007,20220426,PRCP,528,,,N,0700
US1TXAS0007,20220427,PRCP,0,,,N,0700
US1TXAS0007,20220428,PRCP,0,,,N,0700
US1TXAS0007,20220429,PRCP,0,,,N,0700
US1TXAS0007,20220430,PRCP,0,,,N,0700
US1TXAS0007,20220401,SNOW,0,,,N,0700
US1TXAS0007,20220402,SNOW,0,,,N,0700
US1TXAS0007,20220404,SNOW,0,,,N,0700
US1TXAS0007,20220406,SNOW,0,,,N,0700
US1TXAS0007,20220407,SNOW,0,,,N,0700
US1TXAS0007,20220408,SNOW,0,,,N,0700
US1TXAS0007,20220409,SNOW,0,,,N,0700
US1TXAS0007,20220410,SNOW,0,,,N,0700
US1TXAS0007,20220413,SNOW,0,,,N,0700
US1TXAS0007,20220414,SNOW,0,,,N,0700
US1TXAS0007,20220418,SNOW,0,,,N,0700
US1TXAS0007,20220419,SNOW,0,,,N,0700
US1TXAS0007,20220420,SNOW,0,,,N,0700
US1TXAS0007,20220421,SNOW,0,,,N,0700
US1TXAS0007,20220422,SNOW,0,,,N,0700
US1TXAS0007,20220423,SNOW,0,,,N,0700
US1TXAS0007,20220424,SNOW,0,,,N,0700
US1TXAS0007,20220425,SNOW,0,,,N,0700
US1TXAS0007,20220427,SNOW,0,,,N,0700
US1TXAS0007,20220428,SNOW,0,,,N,0700
US1TXAS0007,20220429,SNOW,0,,,N,0700
US1TXAS0007,20220430,SNOW,0,,,N,0700
US1TXAS0007,20220501,PRCP,0,,,N,0700
US1TXAS0007,20220502,PRCP,5,,,N,0700
US1TXAS0007,20220503,PRCP,0,,,N,0700
US1TXAS0007,20220504,PRCP,0,,,N,0700
US1TXAS0007,20220505,PRCP,0,,,N,0700
US1TXAS0007,20220506,PRCP,142,,,N,0700
US1TXAS0007,20220507,PRCP,0,,,N,0700
US1TXAS0007,20220508,PRCP,0,,,N,0700
US1TXAS0007,20220509,PRCP,0,,,N,0700
US1TXAS0007,20220510,PRCP,0,,,N,0700
US1TXAS0007,20220511,PRCP,0,,,N,0700
US1TXAS0007,20220512,PRCP,0,,,N,0700
US1TXAS0007,20220513,PRCP,0,,,N,0700
US1TXAS0007,20220514,PRCP,0,,,N,0700
US1TXAS0007,20220515,PRCP,0,,,N,0700
US1TXAS0007,20220516,PRCP,0,,,N,0700
US1TXAS0007,20220517,PRCP,0,,,N,0700
US1TXAS0007,20220518,PRCP,0,,,N,0700
US1TXAS0007,20220519,PRCP,0,,,N,0700
US1TXAS0007,20220520,PRCP,0,,,N,0700
US1TXAS0007,20220521,PRCP,0,,,N,0700
US1TXAS0007,20220522,PRCP,84,,,N,0700
US1TXAS0007,20220523,PRCP,0,,,N,0700
US1TXAS0007,20220524,PRCP,0,,,N,0700
US1TXAS0007,20220525,PRCP,257,,,N,0700
US1TXAS0007,20220526,PRCP,0,T,,N,0700
US1TXAS0007,20220527,PRCP,0,,,N,0700
US1TXAS0007,20220528,PRCP,0,,,N,0700
US1TXAS0007,20220529,PRCP,0,,,N,0700
US1TXAS0007,20220530,PRCP,0,,,N,0700
US1TXAS0007,20220531,PRCP,0,,,N,0700
US1TXAS0007,20220501,SNOW,0,,,N,0700
US1TXAS0007,20220503,SNOW,0,,,N,0700
US1TXAS0007,20220504,SNOW,0,,,N,0700
US1TXAS0007,20220505,SNOW,0,,,N,0700
US1TXAS0007,20220507,SNOW,0,,,N,0700
US1TXAS0007,20220508,SNOW,0,,,N,0700
US1TXAS0007,20220509,SNOW,0,,,N,0700
US1TXAS0007,20220510,SNOW,0,,,N,0700
US1TXAS0007,20220511,SNOW,0,,,N,0700
US1TXAS0007,20220512,SNOW,0,,,N,0700
US1TXAS0007,20220513,SNOW,0,,,N,0700
US1TXAS0007,20220514,SNOW,0,,,N,0700
US1TXAS0007,20220515,SNOW,0,,,N,0700
US1TXAS0007,20220516,SNOW,0,,,N,0700
US1TXAS0007,20220517,SNOW,0,,,N,0700
US1TXAS0007,20220518,SNOW,0,,,N,0700
US1TXAS0007,20220519,SNOW,0,,,N,0700
US1TXAS0007,20220520,SNOW,0,,,N,0700
US1TXAS0007,20220521,SNOW,0,,,N,0700
US1TXAS0007,20220523,SNOW,0,,,N,0700
US1TXAS0007,20220524,SNOW,0,,,N,0700
US1TXAS0007,20220527,SNOW,0,,,N,0700
US1TXAS0007,20220528,SNOW,0,,,N,0700
US1TXAS0007,20220529,SNOW,0,,,N,0700
US1TXAS0007,20220530,SNOW,0,,,N,0700
US1TXAS0007,20220531,SNOW,0,,,N,0700
US1TXAS0007,20220601,PRCP,0,,,N,0700
US1TXAS0007,20220602,PRCP,0,T,,N,0700
US1TXAS0007,20220603,PRCP,0,,,N,0700
US1TXAS0007,20220604,PRCP,0,,,N,0700
US1TXAS0007,20220605,PRCP,0,T,,N,0700
US1TXAS0007,20220606,PRCP,0,,,N,0700
US1TXAS0007,20220607,PRCP,0,,,N,0700
US1TXAS0007,20220608,PRCP,0,,,N,0700
US1TXAS0007,20220609,PRCP,0,,,N,0700
US1TXAS0007,20220610,PRCP,0,,,N,0700
US1TXAS0007,20220611,PRCP,0,,,N,0700
US1TXAS0007,20220612,PRCP,0,,,N,0700
US1TXAS0007,20220613,PRCP,0,,,N,0700
US1TXAS0007,20220614,PRCP,0,,,N,0700
US1TXAS0007,20220615,PRCP,8,,,N,0700
US1TXAS0007,20220616,PRCP,0,,,N,0700
US1TXAS0007,20220617,PRCP,0,,,N,0700
US1TXAS0007,20220618,PRCP,0,,,N,0700
US1TXAS0007,20220619,PRCP,0,,,N,0700
US1TXAS0007,20220620,PRCP,0,,,N,0700
US1TXAS0007,20220621,PRCP,0,T,,N,0700
US1TXAS0007,20220622,PRCP,0,,,N,0700
US1TXAS0007,20220623,PRCP,0,,,N,0700
US1TXAS0007,20220624,PRCP,0,,,N,0700
US1TXAS0007,20220625,PRCP,0,,,N,0700
US1TXAS0007,20220626,PRCP,0,,,N,0700
US1TXAS0007,20220627,PRCP,0,,,N,0700
US1TXAS0007,20220628,PRCP,86,,,N,0700
US1TXAS0007,20220630,PRCP,0,,,N,0700
US1TXAS0007,20220601,SNOW,0,,,N,0700
US1TXAS0007,20220603,SNOW,0,,,N,0700
US1TXAS0007,20220604,SNOW,0,,,N,0700
US1TXAS0007,20220606,SNOW,0,,,N,0700
US1TXAS0007,20220607,SNOW,0,,,N,0700
US1TXAS0007,20220608,SNOW,0,,,N,0700
US1TXAS0007,20220609,SNOW,0,,,N,0700
US1TXAS0007,20220610,SNOW,0,,,N,0700
US1TXAS0007,20220611,SNOW,0,,,N,0700
US1TXAS0007,20220612,SNOW,0,,,N,0700
US1TXAS0007,20220613,SNOW,0,,,N,0700
US1TXAS0007,20220614,SNOW,0,,,N,0700
US1TXAS0007,20220616,SNOW,0,,,N,0700
US1TXAS0007,20220617,SNOW,0,,,N,0700
US1TXAS0007,20220618,SNOW,0,,,N,0700
US1TXAS0007,20220619,SNOW,0,,,N,0700
US1TXAS0007,20220620,SNOW,0,,,N,0700
US1TXAS0007,20220622,SNOW,0,,,N,0700
US1TXAS0007,20220623,SNOW,0,,,N,0700
US1TXAS0007,20220624,SNOW,0,,,N,0700
US1TXAS0007,20220625,SNOW,0,,,N,0700
US1TXAS0007,20220626,SNOW,0,,,N,0700
US1TXAS0007,20220627,SNOW,0,,,N,0700
US1TXAS0007,20220630,SNOW,0,,,N,0700
US1TXAS0007,20220701,PRCP,0,,,N,0700
US1TXAS0007,20220702,PRCP,0,,,N,0700
US1TXAS0007,20220703,PRCP,0,,,N,0700
US1TXAS0007,20220704,PRCP,0,,,N,0700
US1TXAS0007,20220705,PRCP,0,,,N,0700
US1TXAS0007,20220706,PRCP,0,,,N,0700
US1TXAS0007,20220707,PRCP,0,,,N,0700
US1TXAS0007,20220708,PRCP,0,,,N,0700
US1TXAS0007,20220709,PRCP,0,,,N,0700
US1TXAS0007,20220710,PRCP,0,,,N,0700
US1TXAS0007,20220711,PRCP,0,,,N,0700
US1TXAS0007,20220712,PRCP,0,,,N,0700
US1TXAS0007,20220713,PRCP,18,,,N,0700
US1TXAS0007,20220714,PRCP,0,,,N,0700
US1TXAS0007,20220715,PRCP,127,,,N,0700
US1TXAS0007,20220716,PRCP,97,,,N,0700
US1TXAS0007,20220717,PRCP,0,,,N,0700
US1TXAS0007,20220718,PRCP,0,,,N,0700
US1TXAS0007,20220719,PRCP,0,,,N,0700
US1TXAS0007,20220720,PRCP,0,,,N,0700
US1TXAS0007,20220721,PRCP,0,,,N,0700
US1TXAS0007,20220722,PRCP,0,,,N,0700
US1TXAS0007,20220723,PRCP,0,,,N,0700
US1TXAS0007,20220724,PRCP,0,T,,N,0700
US1TXAS0007,20220725,PRCP,0,,,N,0700
US1TXAS0007,20220726,PRCP,0,,,N,0700
US1TXAS0007,20220727,PRCP,0,,,N,0700
US1TXAS0007,20220728,PRCP,0,T,,N,0700
US1TXAS0007,20220729,PRCP,97,,,N,0700
US1TXAS0007,20220730,PRCP,0,T,,N,0700
US1TXAS0007,20220731,PRCP,0,,,N,0700
US1TXAS0007,20220701,SNOW,0,,,N,0700
US1TXAS0007,20220702,SNOW,0,,,N,0700
US1TXAS0007,20220703,SNOW,0,,,N,0700
US1TXAS0007,20220704,SNOW,0,,,N,0700
US1TXAS0007,20220705,SNOW,0,,,N,0700
US1TXAS0007,20220706,SNOW,0,,,N,0700
US1TXAS0007,20220707,SNOW,0,,,N,0700
US1TXAS0007,20220708,SNOW,0,,,N,0700
US1TXAS0007,20220709,SNOW,0,,,N,0700
US1TXAS0007,20220710,SNOW,0,,,N,0700
US1TXAS0007,20220711,SNOW,0,,,N,0700
US1TXAS0007,20220712,SNOW,0,,,N,0700
US1TXAS0007,20220714,SNOW,0,,,N,0700
US1TXAS0007,20220717,SNOW,0,,,N,0700
US1TXAS0007,20220718,SNOW,0,,,N,0700
US1TXAS0007,20220719,SNOW,0,,,N,0700
US1TXAS0007,20220720,SNOW,0,,,N,0700
US1TXAS0007,20220721,SNOW,0,,,N,0700
US1TXAS0007,20220722,SNOW,0,,,N,0700
US1TXAS0007,20220723,SNOW,0,,,N,0700
US1TXAS0007,20220725,SNOW,0,,,N,0700
US1TXAS0007,20220726,SNOW,0,,,N,0700
US1TXAS0007,20220727,SNOW,0,,,N,0700
US1TXAS0007,20220731,SNOW,0,,,N,0700
US1TXAS0007,20220801,PRCP,0,,,N,0700
US1TXAS0007,20220802,PRCP,0,,,N,0700
US1TXAS0007,20220803,PRCP,0,,,N,0700
US1TXAS0007,20220804,PRCP,0,,,N,0700
US1TXAS0007,20220805,PRCP,0,,,N,0700
US1TXAS0007,20220806,PRCP,0,T,,N,0700
US1TXAS0007,20220807,PRCP,0,,,N,0700
US1TXAS0007,20220808,PRCP,51,,,N,0700
US1TXAS0007,20220809,PRCP,0,,,N,0700
US1TXAS0007,20220810,PRCP,0,,,N,0700
US1TXAS0007,20220811,PRCP,711,,,N,0700
US1TXAS0007,20220812,PRCP,122,,,N,0700
US1TXAS0007,20220813,PRCP,122,,,N,0700
US1TXAS0007,20220814,PRCP,0,,,N,0700
US1TXAS0007,20220815,PRCP,0,T,,N,0700
US1TXAS0007,20220816,PRCP,0,,,N,0700
US1TXAS0007,20220817,PRCP,0,,,N,0700
US1TXAS0007,20220818,PRCP,0,,,N,0700
US1TXAS0007,20220819,PRCP,8,,,N,0700
US1TXAS0007,20220820,PRCP,130,,,N,0700
US1TXAS0007,20220821,PRCP,23,,,N,0700
US1TXAS0007,20220822,PRCP,13,,,N,0700
US1TXAS0007,20220823,PRCP,13,,,N,0700
US1TXAS0007,20220824,PRCP,180,,,N,0700
US1TXAS0007,20220825,PRCP,74,,,N,0700
US1TXAS0007,20220826,PRCP,0,,,N,0700
US1TXAS0007,20220827,PRCP,0,,,N,0700
US1TXAS0007,20220828,PRCP,0,,,N,0700
US1TXAS0007,20220829,PRCP,0,,,N,0700
US1TXAS0007,20220830,PRCP,30,,,N,0700
US1TXAS0007,20220831,PRCP,56,,,N,0700
US1TXAS0007,20220801,SNOW,0,,,N,0700
US1TXAS0007,20220802,SNOW,0,,,N,0700
US1TXAS0007,20220803,SNOW,0,,,N,0700
US1TXAS0007,20220804,SNOW,0,,,N,0700
US1TXAS0007,20220805,SNOW,0,,,N,0700
US1TXAS0007,20220807,SNOW,0,,,N,0700
US1TXAS0007,20220809,SNOW,0,,,N,0700
US1TXAS0007,20220810,SNOW,0,,,N,0700
US1TXAS0007,20220814,SNOW,0,,,N,0700
US1TXAS0007,20220816,SNOW,0,,,N,0700
US1TXAS0007,20220817,SNOW,0,,,N,0700
US1TXAS0007,20220818,SNOW,0,,,N,0700
US1TXAS0007,20220826,SNOW,0,,,N,0700
US1TXAS0007,20220827,SNOW,0,,,N,0700
US1TXAS0007,20220828,SNOW,0,,,N,0700
US1TXAS0007,20220829,SNOW,0,,,N,0700
US1TXAS0007,20220901,PRCP,13,,,N,0700
US1TXAS0007,20220902,PRCP,0,T,,N,0700
US1TXAS0007,20220903,PRCP,0,,,N,0700
US1TXAS0007,20220904,PRCP,594,,,N,0700
US1TXAS0007,20220905,PRCP,0,,,N,0700
US1TXAS0007,20220906,PRCP,0,,,N,0700
US1TXAS0007,20220907,PRCP,0,,,N,0700
US1TXAS0007,20220908,PRCP,0,T,,N,0700
US1TXAS0007,20220909,PRCP,0,,,N,0700
US1TXAS0007,20220910,PRCP,0,,,N,0700
US1TXAS0007,20220911,PRCP,0,,,N,0700
US1TXAS0007,20220912,PRCP,0,,,N,0700
US1TXAS0007,20220913,PRCP,0,,,N,0700
US1TXAS0007,20220914,PRCP,0,,,N,0700
US1TXAS0007,20220915,PRCP,0,,,N,0700
US1TXAS0007,20220916,PRCP,0,,,N,0700
US1TXAS0007,20220917,PRCP,0,,,N,0700
US1TXAS0007,20220918,PRCP,0,,,N,0700
US1TXAS0007,20220919,PRCP,0,,,N,0700
US1TXAS0007,20220920,PRCP,0,,,N,0700
US1TXAS0007,20220921,PRCP,0,,,N,0700
US1TXAS0007,20220922,PRCP,0,,,N,0700
US1TXAS0007,20220923,PRCP,0,,,N,0700
US1TXAS0007,20220924,PRCP,0,,,N,0700
US1TXAS0007,20220925,PRCP,0,,,N,0700
US1TXAS0007,20220926,PRCP,0,,,N,0700
US1TXAS0007,20220927,PRCP,0,,,N,0700
US1TXAS0007,20220928,PRCP,0,,,N,0700
US1TXAS0007,20220929,PRCP,0,,,N,0700
US1TXAS0007,20220930,PRCP,0,,,N,0700
US1TXAS0007,20220903,SNOW,0,,,N,0700
US1TXAS0007,20220905,SNOW,0,,,N,0700
US1TXAS0007,20220906,SNOW,0,,,N,0700
US1TXAS0007,20220907,SNOW,0,,,N,0700
US1TXAS0007,20220909,SNOW,0,,,N,0700
US1TXAS0007,20220910,SNOW,0,,,N,0700
US1TXAS0007,20220911,SNOW,0,,,N,0700
US1TXAS0007,20220912,SNOW,0,,,N,0700
US1TXAS0007,20220913,SNOW,0,,,N,0700
US1TXAS0007,20220914,SNOW,0,,,N,0700
US1TXAS0007,20220915,SNOW,0,,,N,0700
US1TXAS0007,20220916,SNOW,0,,,N,0700
US1TXAS0007,20220917,SNOW,0,,,N,0700
US1TXAS0007,20220918,SNOW,0,,,N,0700
US1TXAS0007,20220919,SNOW,0,,,N,0700
US1TXAS0007,20220920,SNOW,0,,,N,0700
US1TXAS0007,20220921,SNOW,0,,,N,0700
US1TXAS0007,20220922,SNOW,0,,,N,0700
US1TXAS0007,20220923,SNOW,0,,,N,0700
US1TXAS0007,20220924,SNOW,0,,,N,0700
US1TXAS0007,20220925,SNOW,0,,,N,0700
US1TXAS0007,20220926,SNOW,0,,,N,0700
US1TXAS0007,20220927,SNOW,0,,,N,0700
US1TXAS0007,20220928,SNOW,0,,,N,0700
US1TXAS0007,20220929,SNOW,0,,,N,0700
US1TXAS0007,20220930,SNOW,0,,,N,0700
US1TXAS0007,20221001,PRCP,0,,,N,0700
US1TXAS0007,20221002,PRCP,0,,,N,0700
US1TXAS0007,20221003,PRCP,0,,,N,0700
US1TXAS0007,20221004,PRCP,0,,,N,0700
US1TXAS0007,20221005,PRCP,0,,,N,0700
US1TXAS0007,20221006,PRCP,0,,,N,0700
US1TXAS0007,20221007,PRCP,0,,,N,0700
US1TXAS0007,20221008,PRCP,0,T,,N,0700
US1TXAS0007,20221009,PRCP,0,,,N,0700
US1TXAS0007,20221010,PRCP,0,,,N,0700
US1TXAS0007,20221011,PRCP,0,T,,N,0700
US1TXAS0007,20221012,PRCP,0,,,N,0700
US1TXAS0007,20221013,PRCP,0,,,N,0700
US1TXAS0007,20221014,PRCP,137,,,N,0700
US1TXAS0007,20221015,PRCP,0,,,N,0700
US1TXAS0007,20221016,PRCP,0,,,N,0700
US1TXAS0007,20221017,PRCP,0,,,N,0700
US1TXAS0007,20221018,PRCP,28,,,N,0700
US1TXAS0007,20221019,PRCP,0,,,N,0700
US1TXAS0007,20221020,PRCP,0,,,N,0700
US1TXAS0007,20221021,PRCP,0,,,N,0700
US1TXAS0007,20221022,PRCP,0,,,N,0700
US1TXAS0007,20221023,PRCP,0,,,N,0700
US1TXAS0007,20221024,PRCP,0,,,N,0700
US1TXAS0007,20221025,PRCP,99,,,N,0700
US1TXAS0007,20221026,PRCP,0,,,N,0700
US1TXAS0007,20221027,PRCP,0,,,N,0700
US1TXAS0007,20221028,PRCP,10,,,N,0700
US1TXAS0007,20221029,PRCP,315,,,N,0700
US1TXAS0007,20221030,PRCP,0,,,N,0700
US1TXAS0007,20221031,PRCP,0,,,N,0700
US1TXAS0007,20221001,SNOW,0,,,N,0700
US1TXAS0007,20221002,SNOW,0,,,N,0700
US1TXAS0007,20221003,SNOW,0,,,N,0700
US1TXAS0007,20221004,SNOW,0,,,N,0700
US1TXAS0007,20221005,SNOW,0,,,N,0700
US1TXAS0007,20221006,SNOW,0,,,N,0700
US1TXAS0007,20221007,SNOW,0,,,N,0700
US1TXAS0007,20221009,SNOW,0,,,N,0700
US1TXAS0007,20221010,SNOW,0,,,N,0700
US1TXAS0007,20221012,SNOW,0,,,N,0700
US1TXAS0007,20221013,SNOW,0,,,N,0700
US1TXAS0007,20221015,SNOW,0,,,N,0700
US1TXAS0007,20221016,SNOW,0,,,N,0700
US1TXAS0007,20221017,SNOW,0,,,N,0700
US1TXAS0007,20221019,SNOW,0,,,N,0700
US1TXAS0007,20221020,SNOW,0,,,N,0700
US1TXAS0007,20221021,SNOW,0,,,N,0700
US1TXAS0007,20221022,SNOW,0,,,N,0700
US1TXAS0007,20221023,SNOW,0,,,N,0700
US1TXAS0007,20221024,SNOW,0,,,N,0700
US1TXAS0007,20221026,SNOW,0,,,N,0700
US1TXAS0007,20221027,SNOW,0,,,N,0700
US1TXAS0007,20221030,SNOW,0,,,N,0700
US1TXAS0007,20221031,SNOW,0,,,N,0700
US1TXAS0007,20221101,PRCP,48,,,N,0700
US1TXAS0007,20221102,PRCP,170,,,N,0700
US1TXAS0007,20221103,PRCP,3,,,N,0700
US1TXAS0007,20221104,PRCP,3,,,N,0700
US1TXAS0007,20221105,PRCP,99,,,N,0700
US1TXAS0007,20221106,PRCP,0,,,N,0700
US1TXAS0007,20221107,PRCP,5,,,N,0700
US1TXAS0007,20221108,PRCP,0,,,N,0700
US1TXAS0007,20221109,PRCP,0,,,N,0700
US1TXAS0007,20221110,PRCP,0,,,N,0700
US1TXAS0007,20221111,PRCP,0,,,N,0700
US1TXAS0007,20221112,PRCP,81,,,N,0700
US1TXAS0007,20221113,PRCP,0,,,N,0700
US1TXAS0007,20221114,PRCP,0,,,N,0700
US1TXAS0007,20221115,PRCP,46,,,N,0700
US1TXAS0007,20221116,PRCP,0,,,N,0700
US1TXAS0007,20221117,PRCP,0,,,N,0700
US1TXAS0007,20221118,PRCP,0,,,N,0700
US1TXAS0007,20221119,PRCP,15,,,N,0700
US1TXAS0007,20221120,PRCP,122,,,N,0700
US1TXAS0007,20221121,PRCP,58,,,N,0822
US1TXAS0007,20221122,PRCP,140,,,N,0700
US1TXAS0007,20221123,PRCP,3,,,N,0700
US1TXAS0007,20221124,PRCP,0,,,N,0700
US1TXAS0007,20221125,PRCP,335,,,N,0700
US1TXAS0007,20221126,PRCP,439,,,N,0700
US1TXAS0007,20221127,PRCP,0,T,,N,0700
US1TXAS0007,20221128,PRCP,0,,,N,0700
US1TXAS0007,20221129,PRCP,3,,,N,0700
US1TXAS0007,20221130,PRCP,0,T,,N,0700
US1TXAS0007,20221106,SNOW,0,,,N,0700
US1TXAS0007,20221108,SNOW,0,,,N,0700
US1TXAS0007,20221109,SNOW,0,,,N,0700
US1TXAS0007,20221110,SNOW,0,,,N,0700
US1TXAS0007,20221111,SNOW,0,,,N,0700
US1TXAS0007,20221113,SNOW,0,,,N,0700
US1TXAS0007,20221114,SNOW,0,,,N,0700
US1TXAS0007,20221116,SNOW,0,,,N,0700
US1TXAS0007,20221117,SNOW,0,,,N,0700
US1TXAS0007,20221118,SNOW,0,,,N,0700
US1TXAS0007,20221124,SNOW,0,,,N,0700
US1TXAS0007,20221127,SNOW,0,,,N,0700
US1TXAS0007,20221128,SNOW,0,,,N,0700
US1TXAS0007,20221201,PRCP,0,,,N,0700
US1TXAS0007,20221202,PRCP,0,T,,N,0700
US1TXAS0007,20221203,PRCP,30,,,N,0700
US1TXAS0007,20221204,PRCP,3,,,N,0700
US1TXAS0007,20221205,PRCP,0,,,N,0700
US1TXAS0007,20221206,PRCP,0,,,N,0700
US1TXAS0007,20221207,PRCP,0,,,N,0700
US1TXAS0007,20221208,PRCP,0,,,N,0700
US1TXAS0007,20221209,PRCP,5,,,N,0700
US1TXAS0007,20221210,PRCP,0,,,N,0700
US1TXAS0007,20221211,PRCP,335,,,N,0700
US1TXAS0007,20221212,PRCP,3,,,N,0700
US1TXAS0007,20221213,PRCP,3,,,N,0700
US1TXAS0007,20221214,PRCP,23,,,N,0700
US1TXAS0007,20221215,PRCP,0,T,,N,0700
US1TXAS0007,20221216,PRCP,0,,,N,0700
US1TXAS0007,20221217,PRCP,5,,,N,0700
US1TXAS0007,20221218,PRCP,0,,,N,0700
US1TXAS0007,20221219,PRCP,20,,,N,0700
US1TXAS0007,20221220,PRCP,130,,,N,0700
US1TXAS0007,20221221,PRCP,3,,,N,0700
US1TXAS0007,20221222,PRCP,0,,,N,0700
US1TXAS0007,20221223,PRCP,0,,,N,0700
US1TXAS0007,20221224,PRCP,0,,,N,0700
US1TXAS0007,20221225,PRCP,0,,,N,0700
US1TXAS0007,20221226,PRCP,0,,,N,0700
US1TXAS0007,20221227,PRCP,0,,,N,0700
US1TXAS0007,20221228,PRCP,0,,,N,0700
US1TXAS0007,20221229,PRCP,0,,,N,0700
US1TXAS0007,20221230,PRCP,53,,,N,0700
US1TXAS0007,20221231,PRCP,3,,,N,0700
US1TXAS0007,20221201,SNOW,0,,,N,0700
US1TXAS0007,20221205,SNOW,0,,,N,0700
US1TXAS0007,20221206,SNOW,0,,,N,0700
US1TXAS0007,20221207,SNOW,0,,,N,0700
US1TXAS0007,20221208,SNOW,0,,,N,0700
US1TXAS0007,20221210,SNOW,0,,,N,0700
US1TXAS0007,20221216,SNOW,0,,,N,0700
US1TXAS0007,20221218,SNOW,0,,,N,0700
US1TXAS0007,20221222,SNOW,0,,,N,0700
US1TXAS0007,20221223,SNOW,0,,,N,0700
US1TXAS0007,20221224,SNOW,0,,,N,0700
US1TXAS0007,20221225,SNOW,0,,,N,0700
US1TXAS0007,20221226,SNOW,0,,,N,0700
US1TXAS0007,20221227,SNOW,0,,,N,0700
US1TXAS0007,20221228,SNOW,0,,,N,0700
US1TXAS0007,20221229,SNOW,0,,,N,0700
US1TXAS0007,20230101,PRCP,0,,,N,0700
US1TXAS0007,20230102,PRCP,0,,,N,0700
US1TXAS0007,20230103,PRCP,46,,,N,0700
US1TXAS0007,20230104,PRCP,0,,,N,0700
US1TXAS0007,20230105,PRCP,0,,,N,0700
US1TXAS0007,20230106,PRCP,0,,,N,0700
US1TXAS0007,20230107,PRCP,0,,,N,0700
US1TXAS0007,20230108,PRCP,112,,,N,0700
US1TXAS0007,20230109,PRCP,0,,,N,0700
US1TXAS0007,20230110,PRCP,0,,,N,0700
US1TXAS0007,20230111,PRCP,0,,,N,0700
US1TXAS0007,20230112,PRCP,0,,,N,0700
US1TXAS0007,20230113,PRCP,0,,,N,0700
US1TXAS0007,20230114,PRCP,0,,,N,0700
US1TXAS0007,20230115,PRCP,0,,,N,0700
US1TXAS0007,20230116,PRCP,0,,,N,0700
US1TXAS0007,20230117,PRCP,0,,,N,0700
US1TXAS0007,20230118,PRCP,0,,,N,0700
US1TXAS0007,20230119,PRCP,10,,,N,0700
US1TXAS0007,20230120,PRCP,0,,,N,0700
US1TXAS0007,20230121,PRCP,20,,,N,0700
US1TXAS0007,20230122,PRCP,5,,,N,0700
US1TXAS0007,20230123,PRCP,0,,,N,0700
US1TXAS0007,20230124,PRCP,0,,,N,0700
US1TXAS0007,20230125,PRCP,1369,,,N,0700
US1TXAS0007,20230126,PRCP,0,,,N,0700
US1TXAS0007,20230127,PRCP,0,,,N,0700
US1TXAS0007,20230128,PRCP,8,,,N,0700
US1TXAS0007,20230129,PRCP,185,,,N,0700
US1TXAS0007,20230130,PRCP,450,,,N,0700
US1TXAS0007,20230131,PRCP,13,,,N,0700
US1TXAS0007,20230101,SNOW,0,,,N,0700
US1TXAS0007,20230102,SNOW,0,,,N,0700
US1TXAS0007,20230104,SNOW,0,,,N,0700
US1TXAS0007,20230105,SNOW,0,,,N,0700
US1TXAS0007,20230106,SNOW,0,,,N,0700
US1TXAS0007,20230107,SNOW,0,,,N,0700
US1TXAS0007,20230109,SNOW,0,,,N,0700
US1TXAS0007,20230110,SNOW,0,,,N,0700
US1TXAS0007,20230111,SNOW,0,,,N,0700
US1TXAS0007,20230112,SNOW,0,,,N,0700
US1TXAS0007,20230113,SNOW,0,,,N,0700
US1TXAS0007,20230114,SNOW,0,,,N,0700
US1TXAS0007,20230115,SNOW,0,,,N,0700
US1TXAS0007,20230116,SNOW,0,,,N,0700
US1TXAS0007,20230117,SNOW,0,,,N,0700
US1TXAS0007,20230118,SNOW,0,,,N,0700
US1TXAS0007,20230120,SNOW,0,,,N,0700
US1TXAS0007,20230123,SNOW,0,,,N,0700
US1TXAS0007,20230124,SNOW,0,,,N,0700
US1TXAS0007,20230126,SNOW,0,,,N,0700
US1TXAS0007,20230127,SNOW,0,,,N,0700
US1TXAS0007,20230201,PRCP,64,,,N,0700
US1TXAS0007,20230202,PRCP,94,,,N,0700
US1TXAS0007,20230203,PRCP,5,,,N,0700
US1TXAS0007,20230204,PRCP,0,,,N,0700
US1TXAS0007,20230205,PRCP,0,,,N,0700
US1TXAS0007,20230206,PRCP,0,,,N,0700
US1TXAS0007,20230207,PRCP,0,,,N,0700
US1TXAS0007,20230208,PRCP,5,,,N,0700
US1TXAS0007,20230209,PRCP,20,,,N,0700
US1TXAS0007,20230210,PRCP,0,,,N,0700
US1TXAS0007,20230211,PRCP,0,,,N,0700
US1TXAS0007,20230212,PRCP,0,,,N,0700
US1TXAS0007,20230213,PRCP,0,,,N,0700
US1TXAS0007,20230214,PRCP,0,,,N,0700
US1TXAS0007,20230215,PRCP,23,,,N,0700
US1TXAS0007,20230216,PRCP,25,,,N,0700
US1TXAS0007,20230217,PRCP,0,,,N,0700
US1TXAS0007,20230218,PRCP,0,,,N,0700
US1TXAS0007,20230219,PRCP,0,,,N,0700
US1TXAS0007,20230220,PRCP,0,,,N,0700
US1TXAS0007,20230221,PRCP,0,,,N,0700
US1TXAS0007,20230222,PRCP,0,,,N,0700
US1TXAS0007,20230223,PRCP,3,,,N,0700
US1TXAS0007,20230224,PRCP,0,T,,N,0700
US1TXAS0007,20230225,PRCP,0,,,N,0700
US1TXAS0007,20230226,PRCP,0,,,N,0700
US1TXAS0007,20230227,PRCP,0,,,N,0700
US1TXAS0007,20230228,PRCP,0,,,N,0700
US1TXAS0007,20230204,SNOW,0,,,N,0700
US1TXAS0007,20230205,SNOW,0,,,N,0700
US1TXAS0007,20230206,SNOW,0,,,N,0700
US1TXAS0007,20230207,SNOW,0,,,N,0700
US1TXAS0007,20230210,SNOW,0,,,N,0700
US1TXAS0007,20230211,SNOW,0,,,N,0700
US1TXAS0007,20230212,SNOW,0,,,N,0700
US1TXAS0007,20230213,SNOW,0,,,N,0700
US1TXAS0007,20230214,SNOW,0,,,N,0700
US1TXAS0007,20230217,SNOW,0,,,N,0700
US1TXAS0007,20230218,SNOW,0,,,N,0700
US1TXAS0007,20230219,SNOW,0,,,N,0700
US1TXAS0007,20230220,SNOW,0,,,N,0700
US1TXAS0007,20230221,SNOW,0,,,N,0700
US1TXAS0007,20230222,SNOW,0,,,N,0700
US1TXAS0007,20230225,SNOW,0,,,N,0700
US1TXAS0007,20230226,SNOW,0,,,N,0700
US1TXAS0007,20230227,SNOW,0,,,N,0700
US1TXAS0007,20230228,SNOW,0,,,N,0700
US1TXAS0007,20230301,PRCP,0,,,N,0700
US1TXAS0007,20230302,PRCP,5,,,N,0700
US1TXAS0007,20230303,PRCP,43,,,N,0700
US1TXAS0007,20230304,PRCP,0,,,N,0700
US1TXAS0007,20230305,PRCP,0,,,N,0700
US1TXAS0007,20230306,PRCP,0,,,N,0700
US1TXAS0007,20230307,PRCP,0,,,N,0700
US1TXAS0007,20230308,PRCP,0,,,N,0700
US1TXAS0007,20230309,PRCP,0,,,N,0700
US1TXAS0007,20230310,PRCP,0,,,N,0700
US1TXAS0007,20230311,PRCP,0,,,N,0700
US1TXAS0007,20230312,PRCP,0,,,N,0700
US1TXAS0007,20230313,PRCP,0,,,N,0700
US1TXAS0007,20230314,PRCP,0,,,N,0700
US1TXAS0007,20230315,PRCP,0,,,N,0700
US1TXAS0007,20230316,PRCP,0,,,N,0700
US1TXAS0007,20230317,PRCP,239,,,N,0700
US1TXAS0007,20230318,PRCP,38,,,N,0700
US1TXAS0007,20230319,PRCP,15,,,N,0700
US1TXAS0007,20230320,PRCP,0,,,N,0700
US1TXAS0007,20230321,PRCP,8,,,N,0700
US1TXAS0007,20230322,PRCP,8,,,N,0700
US1TXAS0007,20230323,PRCP,0,,,N,0700
US1TXAS0007,20230324,PRCP,0,,,N,0700
US1TXAS0007,20230325,PRCP,3,,,N,0700
US1TXAS0007,20230326,PRCP,0,,,N,0700
US1TXAS0007,20230327,PRCP,30,,,N,0700
US1TXAS0007,20230328,PRCP,58,,,N,0700
US1TXAS0007,20230329,PRCP,3,,,N,0700
US1TXAS0007,20230330,PRCP,0,,,N,0700
US1TXAS0007,20230331,PRCP,0,,,N,0700
US1TXAS0007,20230301,SNOW,0,,,N,0700
US1TXAS0007,20230304,SNOW,0,,,N,0700
US1TXAS0007,20230305,SNOW,0,,,N,0700
US1TXAS0007,20230306,SNOW,0,,,N,0700
US1TXAS0007,20230307,SNOW,0,,,N,0700
US1TXAS0007,20230308,SNOW,0,,,N,0700
US1TXAS0007,20230309,SNOW,0,,,N,0700
US1TXAS0007,20230310,SNOW,0,,,N,0700
US1TXAS0007,20230311,SNOW,0,,,N,0700
US1TXAS0007,20230312,SNOW,0,,,N,0700
US1TXAS0007,20230313,SNOW,0,,,N,0700
US1TXAS0007,20230314,SNOW,0,,,N,0700
US1TXAS0007,20230315,SNOW,0,,,N,0700
US1TXAS0007,20230316,SNOW,0,,,N,0700
US1TXAS0007,20230320,SNOW,0,,,N,0700
US1TXAS0007,20230323,SNOW,0,,,N,0700
US1TXAS0007,20230324,SNOW,0,,,N,0700
US1TXAS0007,20230326,SNOW,0,,,N,0700
US1TXAS0007,20230330,SNOW,0,,,N,0700
US1TXAS0007,20230331,SNOW,0,,,N,0700
US1TXAS0007,20230401,PRCP,0,,,N,0700
US1TXAS0007,20230402,PRCP,0,,,N,0700
US1TXAS0007,20230403,PRCP,0,,,N,0700
US1TXAS0007,20230404,PRCP,0,,,N,0700
US1TXAS0007,20230405,PRCP,0,,,N,0700
US1TXAS0007,20230406,PRCP,163,,,N,0700
US1TXAS0007,20230407,PRCP,312,,,N,0700
US1TXAS0007,20230408,PRCP,109,,,N,0700
US1TXAS0007,20230409,PRCP,3,,,N,0700
US1TXAS0007,20230410,PRCP,0,,,N,0700
US1TXAS0007,20230411,PRCP,0,,,N,0700
US1TXAS0007,20230412,PRCP,0,,,N,0700
US1TXAS0007,20230413,PRCP,0,,,N,0700
US1TXAS0007,20230414,PRCP,0,,,N,0700
US1TXAS0007,20230415,PRCP,43,,,N,0700
US1TXAS0007,20230416,PRCP,0,,,N,0700
US1TXAS0007,20230417,PRCP,0,,,N,0700
US1TXAS0007,20230418,PRCP,178,,,N,0700
US1TXAS0007,20230419,PRCP,0,T,,N,0700
US1TXAS0007,20230420,PRCP,0,T,,N,0700
US1TXAS0007,20230421,PRCP,572,,,N,0700
US1TXAS0007,20230422,PRCP,5,,,N,0700
US1TXAS0007,20230423,PRCP,0,,,N,0700
US1TXAS0007,20230424,PRCP,61,,,N,0700
US1TXAS0007,20230425,PRCP,10,,,N,0700
US1TXAS0007,20230426,PRCP,0,T,,N,0700
US1TXAS0007,20230427,PRCP,246,,,N,0700
US1TXAS0007,20230428,PRCP,0,T,,N,0700
US1TXAS0007,20230429,PRCP,173,,,N,0700
US1TXAS0007,20230430,PRCP,0,,,N,0700
US1TXAS0007,20230401,SNOW,0,,,N,0700
US1TXAS0007,20230402,SNOW,0,,,N,0700
US1TXAS0007,20230403,SNOW,0,,,N,0700
US1TXAS0007,20230404,SNOW,0,,,N,0700
US1TXAS0007,20230405,SNOW,0,,,N,0700
US1TXAS0007,20230410,SNOW,0,,,N,0700
US1TXAS0007,20230411,SNOW,0,,,N,0700
US1TXAS0007,20230412,SNOW,0,,,N,0700
US1TXAS0007,20230413,SNOW,0,,,N,0700
US1TXAS0007,20230414,SNOW,0,,,N,0700
US1TXAS0007,20230416,SNOW,0,,,N,0700
US1TXAS0007,20230417,SNOW,0,,,N,0700
US1TXAS0007,20230423,SNOW,0,,,N,0700
US1TXAS0007,20230430,SNOW,0,,,N,0700
US1TXAS0007,20230501,PRCP,0,,,N,0700
US1TXAS0007,20230502,PRCP,0,,,N,0700
US1TXAS0007,20230503,PRCP,0,,,N,0700
US1TXAS0007,20230504,PRCP,0,,,N,0700
US1TXAS0007,20230505,PRCP,0,,,N,0700
US1TXAS0007,20230506,PRCP,30,,,N,0700
US1TXAS0007,20230507,PRCP,0,T,,N,0700
US1TXAS0007,20230508,PRCP,74,,,N,0700
US1TXAS0007,20230509,PRCP,5,,,N,0700
US1TXAS0007,20230510,PRCP,325,,,N,0700
US1TXAS0007,20230511,PRCP,61,,,N,0700
US1TXAS0007,20230512,PRCP,0,,,N,0700
US1TXAS0007,20230513,PRCP,0,T,,N,0700
US1TXAS0007,20230514,PRCP,980,,,N,0700
US1TXAS0007,20230515,PRCP,28,,,N,0700
US1TXAS0007,20230516,PRCP,0,T,,N,0700
US1TXAS0007,20230517,PRCP,216,,,N,0700
US1TXAS0007,20230518,PRCP,0,,,N,0700
US1TXAS0007,20230519,PRCP,0,,,N,0700
US1TXAS0007,20230520,PRCP,0,T,,N,0700
US1TXAS0007,20230521,PRCP,0,T,,N,0700
US1TXAS0007,20230522,PRCP,0,T,,N,0700
US1TXAS0007,20230523,PRCP,0,,,N,0700
US1TXAS0007,20230524,PRCP,13,,,N,0700
US1TXAS0007,20230525,PRCP,3,,,N,0700
US1TXAS0007,20230526,PRCP,0,,,N,0700
US1TXAS0007,20230527,PRCP,0,,,N,0700
US1TXAS0007,20230528,PRCP,0,,,N,0700
US1TXAS0007,20230529,PRCP,3,,,N,0700
US1TXAS0007,20230530,PRCP,5,,,N,0700
US1TXAS0007,20230531,PRCP,5,,,N,0700
US1TXAS0007,20230501,SNOW,0,,,N,0700
US1TXAS0007,20230502,SNOW,0,,,N,0700
US1TXAS0007,20230503,SNOW,0,,,N,0700
US1TXAS0007,20230504,SNOW,0,,,N,0700
US1TXAS0007,20230505,SNOW,0,,,N,0700
US1TXAS0007,20230512,SNOW,0,,,N,0700
US1TXAS0007,20230513,SNOW,0,,,N,0700
US1TXAS0007,20230518,SNOW,0,,,N,0700
US1TXAS0007,20230519,SNOW,0,,,N,0700
US1TXAS0007,20230523,SNOW,0,,,N,0700
US1TXAS0007,20230526,SNOW,0,,,N,0700
US1TXAS0007,20230527,SNOW,0,,,N,0700
US1TXAS0007,20230528,SNOW,0,,,N,0700
US1TXAS0007,20230601,PRCP,0,,,N,0700
US1TXAS0007,20230602,PRCP,0,,,N,0700
US1TXAS0007,20230603,PRCP,0,,,N,0700
US1TXAS0007,20230604,PRCP,130,,,N,0700
US1TXAS0007,20230605,PRCP,20,,,N,0700
US1TXAS0007,20230606,PRCP,191,,,N,0700
US1TXAS0007,20230607,PRCP,0,,,N,0700
US1TXAS0007,20230608,PRCP,0,,,N,0700
US1TXAS0007,20230609,PRCP,0,,,N,0700
US1TXAS0007,20230610,PRCP,0,,,N,0700
US1TXAS0007,20230611,PRCP,0,,,N,0700
US1TXAS0007,20230612,PRCP,0,,,N,0700
US1TXAS0007,20230613,PRCP,0,,,N,0700
US1TXAS0007,20230614,PRCP,0,,,N,0700
US1TXAS0007,20230615,PRCP,0,,,N,0700
US1TXAS0007,20230616,PRCP,0,,,N,0700
US1TXAS0007,20230617,PRCP,0,,,N,0700
US1TXAS0007,20230618,PRCP,0,,,N,0700
US1TXAS0007,20230619,PRCP,0,,,N,0700
US1TXAS0007,20230620,PRCP,0,,,N,0700
US1TXAS0007,20230621,PRCP,0,,,N,0700
US1TXAS0007,20230622,PRCP,224,,,N,0700
US1TXAS0007,20230623,PRCP,0,,,N,0700
US1TXAS0007,20230624,PRCP,0,,,N,0700
US1TXAS0007,20230625,PRCP,0,,,N,0700
US1TXAS0007,20230626,PRCP,0,,,N,0700
US1TXAS0007,20230627,PRCP,0,,,N,0700
US1TXAS0007,20230628,PRCP,0,,,N,0700
US1TXAS0007,20230629,PRCP,0,,,N,0700
US1TXAS0007,20230630,PRCP,0,,,N,0700
US1TXAS0007,20230601,SNOW,0,,,N,0700
US1TXAS0007,20230602,SNOW,0,,,N,0700
US1TXAS0007,20230603,SNOW,0,,,N,0700
US1TXAS0007,20230607,SNOW,0,,,N,0700
US1TXAS0007,20230608,SNOW,0,,,N,0700
US1TXAS0007,20230609,SNOW,0,,,N,0700
US1TXAS0007,20230610,SNOW,0,,,N,0700
US1TXAS0007,20230611,SNOW,0,,,N,0700
US1TXAS0007,20230612,SNOW,0,,,N,0700
US1TXAS0007,20230613,SNOW,0,,,N,0700
US1TXAS0007,20230614,SNOW,0,,,N,0700
US1TXAS0007,20230615,SNOW,0,,,N,0700
US1TXAS0007,20230616,SNOW,0,,,N,0700
US1TXAS0007,20230617,SNOW,0,,,N,0700
US1TXAS0007,20230618,SNOW,0,,,N,0700
US1TXAS0007,20230619,SNOW,0,,,N,0700
US1TXAS0007,20230620,SNOW,0,,,N,0700
US1TXAS0007,20230621,SNOW,0,,,N,0700
US1TXAS0007,20230623,SNOW,0,,,N,0700
US1TXAS0007,20230624,SNOW,0,,,N,0700
US1TXAS0007,20230625,SNOW,0,,,N,0700
US1TXAS0007,20230626,SNOW,0,,,N,0700
US1TXAS0007,20230627,SNOW,0,,,N,0700
US1TXAS0007,20230628,SNOW,0,,,N,0700
US1TXAS0007,20230629,SNOW,0,,,N,0700
US1TXAS0007,20230630,SNOW,0,,,N,0700
US1TXAS0007,20230701,PRCP,0,,,N,0700
US1TXAS0007,20230702,PRCP,0,,,N,0700
US1TXAS0007,20230703,PRCP,0,,,N,0700
US1TXAS0007,20230704,PRCP,0,T,,N,0700
US1TXAS0007,20230705,PRCP,53,,,N,0700
US1TXAS0007,20230706,PRCP,36,,,N,0700
US1TXAS0007,20230707,PRCP,99,,,N,0700
US1TXAS0007,20230708,PRCP,135,,,N,0700
US1TXAS0007,20230709,PRCP,0,,,N,0700
US1TXAS0007,20230710,PRCP,0,,,N,0700
US1TXAS0007,20230711,PRCP,0,,,N,0700
US1TXAS0007,20230712,PRCP,0,,,N,0700
US1TXAS0007,20230713,PRCP,0,,,N,0700
US1TXAS0007,20230714,PRCP,0,,,N,0700
US1TXAS0007,20230715,PRCP,0,,,N,0700
US1TXAS0007,20230716,PRCP,0,,,N,0700
US1TXAS0007,20230717,PRCP,0,,,N,0700
US1TXAS0007,20230718,PRCP,0,,,N,0700
US1TXAS0007,20230719,PRCP,0,,,N,0700
US1TXAS0007,20230720,PRCP,0,,,N,0700
US1TXAS0007,20230721,PRCP,0,,,N,0700
US1TXAS0007,20230722,PRCP,0,,,N,0700
US1TXAS0007,20230723,PRCP,0,,,N,0700
US1TXAS0007,20230724,PRCP,0,,,N,0700
US1TXAS0007,20230725,PRCP,0,,,N,0700
US1TXAS0007,20230726,PRCP,0,,,N,0700
US1TXAS0007,20230727,PRCP,0,,,N,0700
US1TXAS0007,20230728,PRCP,5,,,N,0700
US1TXAS0007,20230729,PRCP,0,,,N,0700
US1TXAS0007,20230730,PRCP,0,,,N,0700
US1TXAS0007,20230731,PRCP,0,,,N,0700
US1TXAS0007,20230701,SNOW,0,,,N,0700
US1TXAS0007,20230702,SNOW,0,,,N,0700
US1TXAS0007,20230703,SNOW,0,,,N,0700
US1TXAS0007,20230709,SNOW,0,,,N,0700
US1TXAS0007,20230710,SNOW,0,,,N,0700
US1TXAS0007,20230711,SNOW,0,,,N,0700
US1TXAS0007,20230712,SNOW,0,,,N,0700
US1TXAS0007,20230713,SNOW,0,,,N,0700
US1TXAS0007,20230714,SNOW,0,,,N,0700
US1TXAS0007,20230715,SNOW,0,,,N,0700
US1TXAS0007,20230716,SNOW,0,,,N,0700
US1TXAS0007,20230717,SNOW,0,,,N,0700
US1TXAS0007,20230718,SNOW,0,,,N,0700
US1TXAS0007,20230719,SNOW,0,,,N,0700
US1TXAS0007,20230720,SNOW,0,,,N,0700
US1TXAS0007,20230721,SNOW,0,,,N,0700
US1TXAS0007,20230722,SNOW,0,,,N,0700
US1TXAS0007,20230723,SNOW,0,,,N,0700
US1TXAS0007,20230724,SNOW,0,,,N,0700
US1TXAS0007,20230725,SNOW,0,,,N,0700
US1TXAS0007,20230726,SNOW,0,,,N,0700
US1TXAS0007,20230727,SNOW,0,,,N,0700
US1TXAS0007,20230729,SNOW,0,,,N,0700
US1TXAS0007,20230730,SNOW,0,,,N,0700
US1TXAS0007,20230731,SNOW,0,,,N,0700
US1TXAS0007,20230801,PRCP,0,,,N,0700
US1TXAS0007,20230802,PRCP,0,,,N,0700
US1TXAS0007,20230803,PRCP,0,,,N,0700
US1TXAS0007,20230804,PRCP,0,,,N,0700
US1TXAS0007,20230805,PRCP,0,,,N,0700
US1TXAS0007,20230806,PRCP,0,,,N,0700
US1TXAS0007,20230807,PRCP,0,,,N,0700
US1TXAS0007,20230808,PRCP,0,,,N,0700
US1TXAS0007,20230809,PRCP,0,,,N,0700
US1TXAS0007,20230810,PRCP,0,,,N,0700
US1TXAS0007,20230811,PRCP,0,,,N,0700
US1TXAS0007,20230812,PRCP,0,,,N,0700
US1TXAS0007,20230813,PRCP,0,,,N,0700
US1TXAS0007,20230814,PRCP,0,,,N,0700
US1TXAS0007,20230815,PRCP,0,,,N,0700
US1TXAS0007,20230816,PRCP,0,,,N,0700
US1TXAS0007,20230817,PRCP,0,,,N,0700
US1TXAS0007,20230818,PRCP,0,,,N,0700
US1TXAS0007,20230819,PRCP,0,,,N,0700
US1TXAS0007,20230820,PRCP,0,,,N,0700
US1TXAS0007,20230821,PRCP,0,,,N,0700
US1TXAS0007,20230822,PRCP,0,,,N,0700
US1TXAS0007,20230823,PRCP,51,,,N,0700
US1TXAS0007,20230824,PRCP,0,,,N,0700
US1TXAS0007,20230825,PRCP,0,T,,N,0700
US1TXAS0007,20230826,PRCP,0,,,N,0700
US1TXAS0007,20230827,PRCP,0,,,N,0700
US1TXAS0007,20230828,PRCP,0,,,N,0700
US1TXAS0007,20230829,PRCP,0,,,N,0700
US1TXAS0007,20230830,PRCP,0,,,N,0700
US1TXAS0007,20230831,PRCP,0,,,N,0700
US1TXAS0007,20230801,SNOW,0,,,N,0700
US1TXAS0007,20230802,SNOW,0,,,N,0700
US1TXAS0007,20230803,SNOW,0,,,N,0700
US1TXAS0007,20230804,SNOW,0,,,N,0700
US1TXAS0007,20230805,SNOW,0,,,N,0700
US1TXAS0007,20230806,SNOW,0,,,N,0700
US1TXAS0007,20230807,SNOW,0,,,N,0700
US1TXAS0007,20230808,SNOW,0,,,N,0700
US1TXAS0007,20230809,SNOW,0,,,N,0700
US1TXAS0007,20230810,SNOW,0,,,N,0700
US1TXAS0007,20230811,SNOW,0,,,N,0700
US1TXAS0007,20230812,SNOW,0,,,N,0700
US1TXAS0007,20230813,SNOW,0,,,N,0700
US1TXAS0007,20230814,SNOW,0,,,N,0700
US1TXAS0007,20230815,SNOW,0,,,N,0700
US1TXAS0007,20230816,SNOW,0,,,N,0700
US1TXAS0007,20230817,SNOW,0,,,N,0700
US1TXAS0007,20230818,SNOW,0,,,N,0700
US1TXAS0007,20230819,SNOW,0,,,N,0700
US1TXAS0007,20230820,SNOW,0,,,N,0700
US1TXAS0007,20230821,SNOW,0,,,N,0700
US1TXAS0007,20230822,SNOW,0,,,N,0700
US1TXAS0007,20230824,SNOW,0,,,N,0700
US1TXAS0007,20230826,SNOW,0,,,N,0700
US1TXAS0007,20230827,SNOW,0,,,N,0700
US1TXAS0007,20230828,SNOW,0,,,N,0700
US1TXAS0007,20230829,SNOW,0,,,N,0700
US1TXAS0007,20230830,SNOW,0,,,N,0700
US1TXAS0007,20230831,SNOW,0,,,N,0700
US1TXAS0007,20230901,PRCP,0,,,N,0700
US1TXAS0007,20230902,PRCP,0,,,N,0700
US1TXAS0007,20230903,PRCP,0,,,N,0700
US1TXAS0007,20230904,PRCP,0,,,N,0700
US1TXAS0007,20230905,PRCP,0,,,N,0700
US1TXAS0007,20230906,PRCP,0,,,N,0700
US1TXAS0007,20230907,PRCP,0,,,N,0700
US1TXAS0007,20230908,PRCP,0,,,N,0700
US1TXAS0007,20230909,PRCP,0,,,N,0700
US1TXAS0007,20230910,PRCP,0,,,N,0700
US1TXAS0007,20230911,PRCP,0,,,N,0700
US1TXAS0007,20230912,PRCP,0,,,N,0700
US1TXAS0007,20230913,PRCP,0,,,N,0700
US1TXAS0007,20230914,PRCP,0,,,N,0700
US1TXAS0007,20230915,PRCP,76,,,N,0700
US1TXAS0007,20230916,PRCP,71,,,N,0700
US1TXAS0007,20230917,PRCP,18,,,N,0700
US1TXAS0007,20230918,PRCP,0,,,N,0700
US1TXAS0007,20230919,PRCP,0,,,N,0700
US1TXAS0007,20230920,PRCP,0,,,N,0700
US1TXAS0007,20230921,PRCP,0,,,N,0700
US1TXAS0007,20230922,PRCP,0,,,N,0700
US1TXAS0007,20230923,PRCP,0,T,,N,0700
US1TXAS0007,20230924,PRCP,0,,,N,0700
US1TXAS0007,20230925,PRCP,0,,,N,0700
US1TXAS0007,20230926,PRCP,170,,,N,0700
US1TXAS0007,20230927,PRCP,0,,,N,0700
US1TXAS0007,20230928,PRCP,0,,,N,0700
US1TXAS0007,20230929,PRCP,0,,,N,0700
US1TXAS0007,20230930,PRCP,0,,,N,0700
US1TXAS0007,20230901,SNOW,0,,,N,0700
US1TXAS0007,20230902,SNOW,0,,,N,0700
US1TXAS0007,20230903,SNOW,0,,,N,0700
US1TXAS0007,20230904,SNOW,0,,,N,0700
US1TXAS0007,20230905,SNOW,0,,,N,0700
US1TXAS0007,20230906,SNOW,0,,,N,0700
US1TXAS0007,20230907,SNOW,0,,,N,0700
US1TXAS0007,20230908,SNOW,0,,,N,0700
US1TXAS0007,20230909,SNOW,0,,,N,0700
US1TXAS0007,20230910,SNOW,0,,,N,0700
US1TXAS0007,20230911,SNOW,0,,,N,0700
US1TXAS0007,20230912,SNOW,0,,,N,0700
US1TXAS0007,20230913,SNOW,0,,,N,0700
US1TXAS0007,20230914,SNOW,0,,,N,0700
US1TXAS0007,20230918,SNOW,0,,,N,0700
US1TXAS0007,20230919,SNOW,0,,,N,0700
US1TXAS0007,20230920,SNOW,0,,,N,0700
US1TXAS0007,20230921,SNOW,0,,,N,0700
US1TXAS0007,20230922,SNOW,0,,,N,0700
US1TXAS0007,20230924,SNOW,0,,,N,0700
US1TXAS0007,20230925,SNOW,0,,,N,0700
US1TXAS0007,20230927,SNOW,0,,,N,0700
US1TXAS0007,20230928,SNOW,0,,,N,0700
US1TXAS0007,20230929,SNOW,0,,,N,0700
US1TXAS0007,20230930,SNOW,0,,,N,0700
US1TXAS0007,20231001,PRCP,0,,,N,0700
US1TXAS0007,20231002,PRCP,0,,,N,0700
US1TXAS0007,20231003,PRCP,0,,,N,0700
US1TXAS0007,20231004,PRCP,3,,,N,0700
US1TXAS0007,20231005,PRCP,371,,,N,0700
US1TXAS0007,20231006,PRCP,589,,,N,0700
US1TXAS0007,20231007,PRCP,0,,,N,0700
US1TXAS0007,20231008,PRCP,0,,,N,0700
US1TXAS0007,20231009,PRCP,0,,,N,0700
US1TXAS0007,20231010,PRCP,0,,,N,0700
US1TXAS0007,20231011,PRCP,51,,,N,0700
US1TXAS0007,20231012,PRCP,51,,,N,0700
US1TXAS0007,20231013,PRCP,0,,,N,0700
US1TXAS0007,20231014,PRCP,0,,,N,0700
US1TXAS0007,20231015,PRCP,0,,,N,0700
US1TXAS0007,20231016,PRCP,0,,,N,0700
US1TXAS0007,20231017,PRCP,0,,,N,0700
US1TXAS0007,20231018,PRCP,0,,,N,0700
US1TXAS0007,20231019,PRCP,0,,,N,0700
US1TXAS0007,20231020,PRCP,0,,,N,0700
US1TXAS0007,20231021,PRCP,0,,,N,0700
US1TXAS0007,20231022,PRCP,0,,,N,0700
US1TXAS0007,20231023,PRCP,3,,,N,0700
US1TXAS0007,20231024,PRCP,0,T,,N,0700
US1TXAS0007,20231025,PRCP,0,,,N,0700
US1TXAS0007,20231026,PRCP,0,T,,N,0700
US1TXAS0007,20231027,PRCP,5,,,N,0700
US1TXAS0007,20231028,PRCP,86,,,N,0700
US1TXAS0007,20231029,PRCP,0,,,N,0700
US1TXAS0007,20231030,PRCP,13,,,N,0700
US1TXAS0007,20231031,PRCP,25,,,N,0700
US1TXAS0007,20231001,SNOW,0,,,N,0700
US1TXAS0007,20231002,SNOW,0,,,N,0700
US1TXAS0007,20231003,SNOW,0,,,N,0700
US1TXAS0007,20231007,SNOW,0,,,N,0700
US1TXAS0007,20231008,SNOW,0,,,N,0700
US1TXAS0007,20231009,SNOW,0,,,N,0700
US1TXAS0007,20231010,SNOW,0,,,N,0700
US1TXAS0007,20231013,SNOW,0,,,N,0700
US1TXAS0007,20231014,SNOW,0,,,N,0700
US1TXAS0007,20231015,SNOW,0,,,N,0700
US1TXAS0007,20231016,SNOW,0,,,N,0700
US1TXAS0007,20231017,SNOW,0,,,N,0700
US1TXAS0007,20231018,SNOW,0,,,N,0700
US1TXAS0007,20231019,SNOW,0,,,N,0700
US1TXAS0007,20231020,SNOW,0,,,N,0700
US1TXAS0007,20231021,SNOW,0,,,N,0700
US1TXAS0007,20231022,SNOW,0,,,N,0700
US1TXAS0007,20231025,SNOW,0,,,N,0700
US1TXAS0007,20231029,SNOW,0,,,N,0700
US1TXAS0007,20231101,PRCP,3,,,N,0700
US1TXAS0007,20231102,PRCP,0,,,N,0700
US1TXAS0007,20231103,PRCP,0,,,N,0700
US1TXAS0007,20231104,PRCP,0,,,N,0700
US1TXAS0007,20231105,PRCP,0,,,N,0700
US1TXAS0007,20231106,PRCP,0,,,N,0700
US1TXAS0007,20231107,PRCP,0,,,N,0700
US1TXAS0007,20231108,PRCP,0,,,N,0700
US1TXAS0007,20231109,PRCP,0,,,N,0700
US1TXAS0007,20231110,PRCP,112,,,N,0700
US1TXAS0007,20231111,PRCP,114,,,N,0700
US1TXAS0007,20231112,PRCP,3,,,N,0700
US1TXAS0007,20231113,PRCP,196,,,N,0700
US1TXAS0007,20231114,PRCP,10,,,N,0700
US1TXAS0007,20231115,PRCP,0,,,N,0700
US1TXAS0007,20231116,PRCP,0,,,N,0700
US1TXAS0007,20231117,PRCP,0,T,,N,0700
US1TXAS0007,20231118,PRCP,0,,,N,0700
US1TXAS0007,20231119,PRCP,0,,,N,0700
US1TXAS0007,20231120,PRCP,3,,,N,0700
US1TXAS0007,20231121,PRCP,8,,,N,0700
US1TXAS0007,20231122,PRCP,0,,,N,0700
US1TXAS0007,20231123,PRCP,0,,,N,0700
US1TXAS0007,20231124,PRCP,8,,,N,0700
US1TXAS0007,20231125,PRCP,0,,,N,0700
US1TXAS0007,20231126,PRCP,0,,,N,0700
US1TXAS0007,20231127,PRCP,0,,,N,0700
US1TXAS0007,20231128,PRCP,0,,,N,0700
US1TXAS0007,20231129,PRCP,0,,,N,0700
US1TXAS0007,20231130,PRCP,8,,,N,0700
US1TXAS0007,20231102,SNOW,0,,,N,0700
US1TXAS0007,20231103,SNOW,0,,,N,0700
US1TXAS0007,20231104,SNOW,0,,,N,0700
US1TXAS0007,20231105,SNOW,0,,,N,0700
US1TXAS0007,20231106,SNOW,0,,,N,0700
US1TXAS0007,20231107,SNOW,0,,,N,0700
US1TXAS0007,20231108,SNOW,0,,,N,0700
US1TXAS0007,20231109,SNOW,0,,,N,0700
US1TXAS0007,20231115,SNOW,0,,,N,0700
US1TXAS0007,20231116,SNOW,0,,,N,0700
US1TXAS0007,20231118,SNOW,0,,,N,0700
US1TXAS0007,20231119,SNOW,0,,,N,0700
US1TXAS0007,20231122,SNOW,0,,,N,0700
US1TXAS0007,20231123,SNOW,0,,,N,0700
US1TXAS0007,20231125,SNOW,0,,,N,0700
US1TXAS0007,20231126,SNOW,0,,,N,0700
US1TXAS0007,20231127,SNOW,0,,,N,0700
US1TXAS0007,20231128,SNOW,0,,,N,0700
US1TXAS0007,20231129,SNOW,0,,,N,0700
US1TXAS0007,20231201,PRCP,112,,,N,0700
US1TXAS0007,20231202,PRCP,33,,,N,0700
US1TXAS0007,20231203,PRCP,0,T,,N,0700
US1TXAS0007,20231204,PRCP,0,,,N,0700
US1TXAS0007,20231205,PRCP,0,,,N,0700
US1TXAS0007,20231206,PRCP,0,,,N,0700
US1TXAS0007,20231207,PRCP,0,,,N,0700
US1TXAS0007,20231208,PRCP,10,,,N,0700
US1TXAS0007,20231209,PRCP,3,,,N,0700
US1TXAS0007,20231210,PRCP,0,,,N,0700
US1TXAS0007,20231211,PRCP,0,,,N,0700
US1TXAS0007,20231212,PRCP,0,,,N,0700
US1TXAS0007,20231213,PRCP,0,,,N,0700
US1TXAS0007,20231214,PRCP,5,,,N,0700
US1TXAS0007,20231215,PRCP,0,,,N,0700
US1TXAS0007,20231216,PRCP,320,,,N,0700
US1TXAS0007,20231217,PRCP,0,,,N,0700
US1TXAS0007,20231218,PRCP,0,,,N,0700
US1TXAS0007,20231219,PRCP,0,,,N,0700
US1TXAS0007,20231220,PRCP,0,,,N,0700
US1TXAS0007,20231221,PRCP,5,,,N,0700
US1TXAS0007,20231222,PRCP,0,,,N,0700
US1TXAS0007,20231223,PRCP,10,,,N,0700
US1TXAS0007,20231224,PRCP,221,,,N,0700
US1TXAS0007,20231225,PRCP,132,,,N,0700
US1TXAS0007,20231226,PRCP,0,,,N,0700
US1TXAS0007,20231227,PRCP,0,,,N,0700
US1TXAS0007,20231228,PRCP,0,,,N,0700
US1TXAS0007,20231229,PRCP,0,,,N,0700
US1TXAS0007,20231230,PRCP,0,,,N,0700
US1TXAS0007,20231231,PRCP,0,,,N,0700
US1TXAS0007,20231204,SNOW,0,,,N,0700
US1TXAS0007,20231205,SNOW,0,,,N,0700
US1TXAS0007,20231206,SNOW,0,,,N,0700
US1TXAS0007,20231207,SNOW,0,,,N,0700
US1TXAS0007,20231210,SNOW,0,,,N,0700
US1TXAS0007,20231211,SNOW,0,,,N,0700
US1TXAS0007,20231212,SNOW,0,,,N,0700
US1TXAS0007,20231213,SNOW,0,,,N,0700
US1TXAS0007,20231215,SNOW,0,,,N,0700
US1TXAS0007,20231217,SNOW,0,,,N,0700
US1TXAS0007,20231218,SNOW,0,,,N,0700
US1TXAS0007,20231219,SNOW,0,,,N,0700
US1TXAS0007,20231220,SNOW,0,,,N,0700
US1TXAS0007,20231222,SNOW,0,,,N,0700
US1TXAS0007,20231226,SNOW,0,,,N,0700
US1TXAS0007,20231227,SNOW,0,,,N,0700
US1TXAS0007,20231228,SNOW,0,,,N,0700
US1TXAS0007,20231229,SNOW,0,,,N,0700
US1TXAS0007,20231230,SNOW,0,,,N,0700
US1TXAS0007,20231231,SNOW,0,,,N,0700
US1TXAS0007,20240101,PRCP,0,T,,N,0700
US1TXAS0007,20240102,PRCP,0,,,N,0700
US1TXAS0007,20240103,PRCP,58,,,N,0700
US1TXAS0007,20240104,PRCP,3,,,N,0700
US1TXAS0007,20240105,PRCP,338,,,N,0700
US1TXAS0007,20240106,PRCP,13,,,N,0700
US1TXAS0007,20240107,PRCP,0,,,N,0700
US1TXAS0007,20240108,PRCP,5,,,N,0700
US1TXAS0007,20240109,PRCP,160,,,N,0700
US1TXAS0007,20240110,PRCP,0,,,N,0700
US1TXAS0007,20240111,PRCP,0,,,N,0700
US1TXAS0007,20240112,PRCP,0,T,,N,0700
US1TXAS0007,20240113,PRCP,0,,,N,0700
US1TXAS0007,20240114,PRCP,0,,,N,0700
US1TXAS0007,20240117,PRCP,0,,,N,0700
US1TXAS0007,20240118,PRCP,0,,,N,0700
US1TXAS0007,20240119,PRCP,0,,,N,0700
US1TXAS0007,20240120,PRCP,0,,,N,0700
US1TXAS0007,20240121,PRCP,0,,,N,0700
US1TXAS0007,20240124,PRCP,330,,,N,0700
US1TXAS0007,20240125,PRCP,673,,,N,0700
US1TXAS0007,20240126,PRCP,0,,,N,0700
US1TXAS0007,20240127,PRCP,20,,,N,0700
US1TXAS0007,20240128,PRCP,0,,,N,0700
US1TXAS0007,20240129,PRCP,0,,,N,0700
US1TXAS0007,20240130,PRCP,0,,,N,0700
US1TXAS0007,20240131,PRCP,0,,,N,0700
US1TXAS0007,20240102,SNOW,0,,,N,0700
US1TXAS0007,20240106,SNOW,0,,,N,0700
US1TXAS0007,20240107,SNOW,0,,,N,0700
US1TXAS0007,20240110,SNOW,0,,,N,0700
US1TXAS0007,20240111,SNOW,0,,,N,0700
US1TXAS0007,20240113,SNOW,0,,,N,0700
US1TXAS0007,20240114,SNOW,0,,,N,0700
US1TXAS0007,20240117,SNOW,0,,,N,0700
US1TXAS0007,20240118,SNOW,0,,,N,0700
US1TXAS0007,20240119,SNOW,0,,,N,0700
US1TXAS0007,20240120,SNOW,0,,,N,0700
US1TXAS0007,20240121,SNOW,0,,,N,0700
US1TXAS0007,20240126,SNOW,0,,,N,0700
US1TXAS0007,20240128,SNOW,0,,,N,0700
US1TXAS0007,20240129,SNOW,0,,,N,0700
US1TXAS0007,20240130,SNOW,0,,,N,0700
US1TXAS0007,20240131,SNOW,0,,,N,0700
US1TXAS0007,20240116,DAPR,2,,,N,0700
US1TXAS0007,20240123,DAPR,2,,,N,0700
US1TXAS0007,20240116,MDPR,3,,,N,0700
US1TXAS0007,20240123,MDPR,861,,,N,0700
US1TXAS0007,20240201,PRCP,0,,,N,0700
US1TXAS0007,20240202,PRCP,0,,,N,0700
US1TXAS0007,20240205,PRCP,0,,,N,0700
US1TXAS0007,20240206,PRCP,0,,,N,0700
US1TXAS0007,20240207,PRCP,0,,,N,0700
US1TXAS0007,20240208,PRCP,0,T,,N,0700
US1TXAS0007,20240209,PRCP,0,,,N,0700
US1TXAS0007,20240210,PRCP,0,T,,N,0700
US1TXAS0007,20240211,PRCP,3,,,N,0700
US1TXAS0007,20240212,PRCP,3,,,N,0700
US1TXAS0007,20240213,PRCP,0,,,N,0700
US1TXAS0007,20240214,PRCP,0,,,N,0700
US1TXAS0007,20240215,PRCP,0,,,N,0700
US1TXAS0007,20240216,PRCP,25,,,N,0700
US1TXAS0007,20240217,PRCP,15,,,N,0700
US1TXAS0007,20240218,PRCP,0,,,N,0700
US1TXAS0007,20240219,PRCP,0,,,N,0700
US1TXAS0007,20240220,PRCP,0,,,N,0700
US1TXAS0007,20240221,PRCP,0,,,N,0700
US1TXAS0007,20240222,PRCP,0,,,N,0700
US1TXAS0007,20240223,PRCP,0,,,N,0700
US1TXAS0007,20240224,PRCP,0,,,N,0700
US1TXAS0007,20240225,PRCP,0,,,N,0700
US1TXAS0007,20240226,PRCP,0,,,N,0700
US1TXAS0007,20240227,PRCP,0,,,N,0700
US1TXAS0007,20240228,PRCP,0,,,N,0700
US1TXAS0007,20240229,PRCP,0,,,N,0700
US1TXAS0007,20240201,SNOW,0,,,N,0700
US1TXAS0007,20240202,SNOW,0,,,N,0700
US1TXAS0007,20240205,SNOW,0,,,N,0700
US1TXAS0007,20240206,SNOW,0,,,N,0700
US1TXAS0007,20240207,SNOW,0,,,N,0700
US1TXAS0007,20240209,SNOW,0,,,N,0700
US1TXAS0007,20240213,SNOW,0,,,N,0700
US1TXAS0007,20240214,SNOW,0,,,N,0700
US1TXAS0007,20240215,SNOW,0,,,N,0700
US1TXAS0007,20240218,SNOW,0,,,N,0700
US1TXAS0007,20240219,SNOW,0,,,N,0700
US1TXAS0007,20240220,SNOW,0,,,N,0700
US1TXAS0007,20240221,SNOW,0,,,N,0700
US1TXAS0007,20240222,SNOW,0,,,N,0700
US1TXAS0007,20240223,SNOW,0,,,N,0700
US1TXAS0007,20240224,SNOW,0,,,N,0700
US1TXAS0007,20240225,SNOW,0,,,N,0700
US1TXAS0007,20240226,SNOW,0,,,N,0700
US1TXAS0007,20240227,SNOW,0,,,N,0700
US1TXAS0007,20240228,SNOW,0,,,N,0700
US1TXAS0007,20240229,SNOW,0,,,N,0700
US1TXAS0007,20240204,DAPR,2,,,N,0700
US1TXAS0007,20240204,MDPR,399,,,N,0700
US1TXAS0007,20240301,PRCP,0,,,N,0700
US1TXAS0007,20240302,PRCP,0,,,N,0700
US1TXAS0007,20240303,PRCP,3,,,N,0700
US1TXAS0007,20240304,PRCP,0,,,N,0700
US1TXAS0007,20240305,PRCP,0,,,N,0700
US1TXAS0007,20240306,PRCP,0,,,N,0700
US1TXAS0007,20240307,PRCP,0,,,N,0700
US1TXAS0007,20240308,PRCP,5,,,N,0700
US1TXAS0007,20240309,PRCP,0,,,N,0700
US1TXAS0007,20240310,PRCP,0,,,N,0700
US1TXAS0007,20240311,PRCP,0,,,N,0700
US1TXAS0007,20240312,PRCP,0,,,N,0700
US1TXAS0007,20240313,PRCP,0,,,N,0700
US1TXAS0007,20240314,PRCP,3,,,N,0700
US1TXAS0007,20240315,PRCP,0,T,,N,0700
US1TXAS0007,20240316,PRCP,277,,,N,0700
US1TXAS0007,20240317,PRCP,46,,,N,0700
US1TXAS0007,20240318,PRCP,20,,,N,0700
US1TXAS0007,20240319,PRCP,0,,,N,0700
US1TXAS0007,20240320,PRCP,0,T,,N,0700
US1TXAS0007,20240321,PRCP,13,,,N,0700
US1TXAS0007,20240322,PRCP,531,,,N,0700
US1TXAS0007,20240323,PRCP,0,,,N,0700
US1TXAS0007,20240324,PRCP,0,,,N,0700
US1TXAS0007,20240325,PRCP,0,T,,N,0700
US1TXAS0007,20240326,PRCP,61,,,N,0700
US1TXAS0007,20240327,PRCP,0,,,N,0700
US1TXAS0007,20240328,PRCP,3,,,N,0700
US1TXAS0007,20240329,PRCP,0,,,N,0700
US1TXAS0007,20240330,PRCP,0,,,N,0700
US1TXAS0007,20240331,PRCP,0,,,N,0700
US1TXAS0007,20240301,SNOW,0,,,N,0700
US1TXAS0007,20240302,SNOW,0,,,N,0700
US1TXAS0007,20240304,SNOW,0,,,N,0700
US1TXAS0007,20240305,SNOW,0,,,N,0700
US1TXAS0007,20240306,SNOW,0,,,N,0700
US1TXAS0007,20240307,SNOW,0,,,N,0700
US1TXAS0007,20240309,SNOW,0,,,N,0700
US1TXAS0007,20240310,SNOW,0,,,N,0700
US1TXAS0007,20240311,SNOW,0,,,N,0700
US1TXAS0007,20240312,SNOW,0,,,N,0700
US1TXAS0007,20240313,SNOW,0,,,N,0700
US1TXAS0007,20240319,SNOW,0,,,N,0700
US1TXAS0007,20240323,SNOW,0,,,N,0700
US1TXAS0007,20240324,SNOW,0,,,N,0700
US1TXAS0007,20240327,SNOW,0,,,N,0700
US1TXAS0007,20240329,SNOW,0,,,N,0700
US1TXAS0007,20240330,SNOW,0,,,N,0700
US1TXAS0007,20240331,SNOW,0,,,N,0700
US1TXAS0007,20240401,PRCP,0,,,N,0700
US1TXAS0007,20240402,PRCP,5,,,N,0700
US1TXAS0007,20240403,PRCP,0,,,N,0700
US1TXAS0007,20240404,PRCP,0,,,N,0700
US1TXAS0007,20240405,PRCP,0,,,N,0700
US1TXAS0007,20240406,PRCP,0,,,N,0700
US1TXAS0007,20240407,PRCP,0,,,N,0700
US1TXAS0007,20240408,PRCP,0,,,N,0700
US1TXAS0007,20240409,PRCP,5,,,N,0700
US1TXAS0007,20240410,PRCP,500,,,N,0700
US1TXAS0007,20240411,PRCP,0,,,N,0700
US1TXAS0007,20240412,PRCP,0,,,N,0700
US1TXAS0007,20240413,PRCP,0,,,N,0700
US1TXAS0007,20240414,PRCP,0,,,N,0700
US1TXAS0007,20240415,PRCP,0,,,N,0700
US1TXAS0007,20240416,PRCP,0,,,N,0700
US1TXAS0007,20240417,PRCP,0,,,N,0700
US1TXAS0007,20240418,PRCP,0,T,,N,0700
US1TXAS0007,20240419,PRCP,0,,,N,0700
US1TXAS0007,20240420,PRCP,0,T,,N,0700
US1TXAS0007,20240421,PRCP,140,,,N,0700
US1TXAS0007,20240422,PRCP,0,,,N,0700
US1TXAS0007,20240423,PRCP,0,,,N,0700
US1TXAS0007,20240424,PRCP,0,,,N,0700
US1TXAS0007,20240425,PRCP,0,,,N,0700
US1TXAS0007,20240426,PRCP,0,T,,N,0700
US1TXAS0007,20240427,PRCP,0,,,N,0700
US1TXAS0007,20240428,PRCP,0,,,N,0700
US1TXAS0007,20240429,PRCP,132,,,N,0700
US1TXAS0007,20240430,PRCP,0,T,,N,0700
US1TXAS0007,20240401,SNOW,0,,,N,0700
US1TXAS0007,20240403,SNOW,0,,,N,0700
US1TXAS0007,20240404,SNOW,0,,,N,0700
US1TXAS0007,20240405,SNOW,0,,,N,0700
US1TXAS0007,20240406,SNOW,0,,,N,0700
US1TXAS0007,20240407,SNOW,0,,,N,0700
US1TXAS0007,20240408,SNOW,0,,,N,0700
US1TXAS0007,20240411,SNOW,0,,,N,0700
US1TXAS0007,20240412,SNOW,0,,,N,0700
US1TXAS0007,20240413,SNOW,0,,,N,0700
US1TXAS0007,20240414,SNOW,0,,,N,0700
US1TXAS0007,20240415,SNOW,0,,,N,0700
US1TXAS0007,20240416,SNOW,0,,,N,0700
US1TXAS0007,20240417,SNOW,0,,,N,0700
US1TXAS0007,20240419,SNOW,0,,,N,0700
US1TXAS0007,20240422,SNOW,0,,,N,0700
US1TXAS0007,20240423,SNOW,0,,,N,0700
US1TXAS0007,20240424,SNOW,0,,,N,0700
US1TXAS0007,20240425,SNOW,0,,,N,0700
US1TXAS0007,20240427,SNOW,0,,,N,0700
US1TXAS0007,20240428,SNOW,0,,,N,0700
US1TXAS0007,20240430,SNOW,0,,,N,0700
US1TXAS0007,20240501,PRCP,0,,,N,0700
US1TXAS0007,20240502,PRCP,5,,,N,0700
US1TXAS0007,20240503,PRCP,221,,,N,0700
US1TXAS0007,20240504,PRCP,66,,,N,0700
US1TXAS0007,20240505,PRCP,94,,,N,0700
US1TXAS0007,20240506,PRCP,267,,,N,0700
US1TXAS0007,20240507,PRCP,0,,,N,0700
US1TXAS0007,20240508,PRCP,0,,,N,0700
US1TXAS0007,20240509,PRCP,0,,,N,0700
US1TXAS0007,20240510,PRCP,0,,,N,0700
US1TXAS0007,20240511,PRCP,0,,,N,0700
US1TXAS0007,20240512,PRCP,0,T,,N,0700
US1TXAS0007,20240513,PRCP,18,,,N,0700
US1TXAS0007,20240514,PRCP,41,,,N,0700
US1TXAS0007,20240515,PRCP,0,,,N,0700
US1TXAS0007,20240516,PRCP,0,,,N,0700
US1TXAS0007,20240517,PRCP,284,,,N,0700
US1TXAS0007,20240518,PRCP,3,,,N,0700
US1TXAS0007,20240519,PRCP,0,,,N,0700
US1TXAS0007,20240520,PRCP,0,,,N,0700
US1TXAS0007,20240521,PRCP,0,,,N,0700
US1TXAS0007,20240522,PRCP,0,,,N,0700
US1TXAS0007,20240523,PRCP,0,,,N,0700
US1TXAS0007,20240524,PRCP,0,,,N,0700
US1TXAS0007,20240525,PRCP,0,,,N,0700
US1TXAS0007,20240526,PRCP,0,,,N,0700
US1TXAS0007,20240527,PRCP,0,,,N,0700
US1TXAS0007,20240528,PRCP,0,,,N,0700
US1TXAS0007,20240529,PRCP,91,,,N,0700
US1TXAS0007,20240530,PRCP,8,,,N,0700
US1TXAS0007,20240531,PRCP,206,,,N,0700
US1TXAS0007,20240501,SNOW,0,,,N,0700
US1TXAS0007,20240507,SNOW,0,,,N,0700
US1TXAS0007,20240508,SNOW,0,,,N,0700
US1TXAS0007,20240509,SNOW,0,,,N,0700
US1TXAS0007,20240510,SNOW,0,,,N,0700
US1TXAS0007,20240511,SNOW,0,,,N,0700
US1TXAS0007,20240515,SNOW,0,,,N,0700
US1TXAS0007,20240516,SNOW,0,,,N,0700
US1TXAS0007,20240519,SNOW,0,,,N,0700
US1TXAS0007,20240520,SNOW,0,,,N,0700
US1TXAS0007,20240521,SNOW,0,,,N,0700
US1TXAS0007,20240522,SNOW,0,,,N,0700
US1TXAS0007,20240523,SNOW,0,,,N,0700
US1TXAS0007,20240524,SNOW,0,,,N,0700
US1TXAS0007,20240525,SNOW,0,,,N,0700
US1TXAS0007,20240526,SNOW,0,,,N,0700
US1TXAS0007,20240527,SNOW,0,,,N,0700
US1TXAS0007,20240528,SNOW,0,,,N,0700
US1TXAS0007,20240601,PRCP,81,,,N,0700
US1TXAS0007,20240602,PRCP,0,T,,N,0700
US1TXAS0007,20240603,PRCP,0,,,N,0700
US1TXAS0007,20240604,PRCP,0,,,N,0700
US1TXAS0007,20240605,PRCP,0,,,N,0700
US1TXAS0007,20240606,PRCP,246,,,N,0700
US1TXAS0007,20240607,PRCP,0,,,N,0700
US1TXAS0007,20240608,PRCP,0,,,N,0700
US1TXAS0007,20240609,PRCP,0,,,N,0700
US1TXAS0007,20240610,PRCP,0,,,N,0700
US1TXAS0007,20240611,PRCP,0,,,N,0700
US1TXAS0007,20240612,PRCP,3,,,N,0700
US1TXAS0007,20240613,PRCP,0,,,N,0700
US1TXAS0007,20240614,PRCP,0,,,N,0700
US1TXAS0007,20240615,PRCP,0,,,N,0700
US1TXAS0007,20240616,PRCP,0,,,N,0700
US1TXAS0007,20240617,PRCP,0,,,N,0700
US1TXAS0007,20240618,PRCP,13,,,N,0700
US1TXAS0007,20240619,PRCP,18,,,N,0700
US1TXAS0007,20240620,PRCP,701,,,N,0700
US1TXAS0007,20240621,PRCP,0,T,,N,0700
US1TXAS0007,20240622,PRCP,0,,,N,0700
US1TXAS0007,20240623,PRCP,0,,,N,0700
US1TXAS0007,20240624,PRCP,0,,,N,0700
US1TXAS0007,20240625,PRCP,0,,,N,0700
US1TXAS0007,20240626,PRCP,5,,,N,0700
US1TXAS0007,20240627,PRCP,0,,,N,0700
US1TXAS0007,20240628,PRCP,0,,,N,0700
US1TXAS0007,20240629,PRCP,0,,,N,0700
US1TXAS0007,20240630,PRCP,0,,,N,0700
US1TXAS0007,20240603,SNOW,0,,,N,0700
US1TXAS0007,20240604,SNOW,0,,,N,0700
US1TXAS0007,20240605,SNOW,0,,,N,0700
US1TXAS0007,20240607,SNOW,0,,,N,0700
US1TXAS0007,20240608,SNOW,0,,,N,0700
US1TXAS0007,20240609,SNOW,0,,,N,0700
US1TXAS0007,20240610,SNOW,0,,,N,0700
US1TXAS0007,20240611,SNOW,0,,,N,0700
US1TXAS0007,20240612,SNOW,0,,,N,0700
US1TXAS0007,20240613,SNOW,0,,,N,0700
US1TXAS0007,20240614,SNOW,0,,,N,0700
US1TXAS0007,20240615,SNOW,0,,,N,0700
US1TXAS0007,20240616,SNOW,0,,,N,0700
US1TXAS0007,20240617,SNOW,0,,,N,0700
US1TXAS0007,20240622,SNOW,0,,,N,0700
US1TXAS0007,20240623,SNOW,0,,,N,0700
US1TXAS0007,20240624,SNOW,0,,,N,0700
US1TXAS0007,20240625,SNOW,0,,,N,0700
US1TXAS0007,20240626,SNOW,0,,,N,0700
US1TXAS0007,20240627,SNOW,0,,,N,0700
US1TXAS0007,20240628,SNOW,0,,,N,0700
US1TXAS0007,20240629,SNOW,0,,,N,0700
US1TXAS0007,20240630,SNOW,0,,,N,0700
US1TXAS0007,20240701,PRCP,0,,,N,0700
US1TXAS0007,20240702,PRCP,0,,,N,0700
US1TXAS0007,20240703,PRCP,0,,,N,0700
US1TXAS0007,20240704,PRCP,0,,,N,0700
US1TXAS0007,20240705,PRCP,0,,,N,0700
US1TXAS0007,20240706,PRCP,0,,,N,0700
US1TXAS0007,20240707,PRCP,147,,,N,0700
US1TXAS0007,20240710,PRCP,0,,,N,0700
US1TXAS0007,20240711,PRCP,0,,,N,0700
US1TXAS0007,20240713,PRCP,135,,,N,0700
US1TXAS0007,20240714,PRCP,5,,,N,0700
US1TXAS0007,20240715,PRCP,0,,,N,0700
US1TXAS0007,20240716,PRCP,0,,,N,0700
US1TXAS0007,20240717,PRCP,0,,,N,0700
US1TXAS0007,20240718,PRCP,0,,,N,0700
US1TXAS0007,20240719,PRCP,460,,,N,0700
US1TXAS0007,20240720,PRCP,56,,,N,0700
US1TXAS0007,20240721,PRCP,0,,,N,0700
US1TXAS0007,20240722,PRCP,0,T,,N,0700
US1TXAS0007,20240723,PRCP,0,T,,N,0700
US1TXAS0007,20240724,PRCP,130,,,N,0700
US1TXAS0007,20240725,PRCP,5,,,N,0700
US1TXAS0007,20240726,PRCP,28,,,N,0700
US1TXAS0007,20240727,PRCP,290,,,N,0700
US1TXAS0007,20240728,PRCP,84,,,N,0700
US1TXAS0007,20240729,PRCP,13,,,N,0700
US1TXAS0007,20240730,PRCP,3,,,N,0700
US1TXAS0007,20240731,PRCP,0,,,N,0700
US1TXAS0007,20240701,SNOW,0,,,N,0700
US1TXAS0007,20240702,SNOW,0,,,N,0700
US1TXAS0007,20240703,SNOW,0,,,N,0700
US1TXAS0007,20240704,SNOW,0,,,N,0700
US1TXAS0007,20240705,SNOW,0,,,N,0700
US1TXAS0007,20240706,SNOW,0,,,N,0700
US1TXAS0007,20240710,SNOW,0,,,N,0700
US1TXAS0007,20240711,SNOW,0,,,N,0700
US1TXAS0007,20240715,SNOW,0,,,N,0700
US1TXAS0007,20240716,SNOW,0,,,N,0700
US1TXAS0007,20240717,SNOW,0,,,N,0700
US1TXAS0007,20240718,SNOW,0,,,N,0700
US1TXAS0007,20240721,SNOW,0,,,N,0700
US1TXAS0007,20240730,SNOW,0,,,N,0700
US1TXAS0007,20240731,SNOW,0,,,N,0700
US1TXAS0007,20240709,DAPR,2,,,N,0700
US1TXAS0007,20240709,MDPR,1349,,,N,0700
US1TXAS0007,20240801,PRCP,0,,,N,0700
US1TXAS0007,20240802,PRCP,0,,,N,0700
US1TXAS0007,20240803,PRCP,0,,,N,0700
US1TXAS0007,20240804,PRCP,0,,,N,0700
US1TXAS0007,20240805,PRCP,0,T,,N,0700
US1TXAS0007,20240806,PRCP,0,,,N,0700
US1TXAS0007,20240807,PRCP,0,,,N,0700
US1TXAS0007,20240808,PRCP,0,,,N,0700
US1TXAS0007,20240809,PRCP,0,,,N,0700
US1TXAS0007,20240810,PRCP,0,,,N,0700
US1TXAS0007,20240811,PRCP,0,,,N,0700
US1TXAS0007,20240812,PRCP,0,,,N,0700
US1TXAS0007,20240813,PRCP,0,,,N,0700
US1TXAS0007,20240814,PRCP,0,T,,N,0700
US1TXAS0007,20240815,PRCP,0,,,N,0700
US1TXAS0007,20240816,PRCP,0,,,N,0700
US1TXAS0007,20240817,PRCP,13,,,N,0700
US1TXAS0007,20240818,PRCP,0,,,N,0700
US1TXAS0007,20240819,PRCP,0,,,N,0700
US1TXAS0007,20240820,PRCP,0,,,N,0700
US1TXAS0007,20240821,PRCP,0,,,N,0700
US1TXAS0007,20240822,PRCP,0,,,N,0700
US1TXAS0007,20240823,PRCP,0,,,N,0700
US1TXAS0007,20240824,PRCP,58,,,N,0700
US1TXAS0007,20240825,PRCP,0,T,,N,0700
US1TXAS0007,20240826,PRCP,0,,,N,0700
US1TXAS0007,20240827,PRCP,64,,,N,0700
US1TXAS0007,20240828,PRCP,28,,,N,0700
US1TXAS0007,20240829,PRCP,0,T,,N,0700
US1TXAS0007,20240830,PRCP,64,,,N,0700
US1TXAS0007,20240831,PRCP,0,,,N,0700
US1TXAS0007,20240801,SNOW,0,,,N,0700
US1TXAS0007,20240802,SNOW,0,,,N,0700
US1TXAS0007,20240803,SNOW,0,,,N,0700
US1TXAS0007,20240804,SNOW,0,,,N,0700
US1TXAS0007,20240806,SNOW,0,,,N,0700
US1TXAS0007,20240807,SNOW,0,,,N,0700
US1TXAS0007,20240808,SNOW,0,,,N,0700
US1TXAS0007,20240809,SNOW,0,,,N,0700
US1TXAS0007,20240810,SNOW,0,,,N,0700
US1TXAS0007,20240811,SNOW,0,,,N,0700
US1TXAS0007,20240812,SNOW,0,,,N,0700
US1TXAS0007,20240813,SNOW,0,,,N,0700
US1TXAS0007,20240815,SNOW,0,,,N,0700
US1TXAS0007,20240816,SNOW,0,,,N,0700
US1TXAS0007,20240818,SNOW,0,,,N,0700
US1TXAS0007,20240819,SNOW,0,,,N,0700
US1TXAS0007,20240820,SNOW,0,,,N,0700
US1TXAS0007,20240821,SNOW,0,,,N,0700
US1TXAS0007,20240822,SNOW,0,,,N,0700
US1TXAS0007,20240823,SNOW,0,,,N,0700
US1TXAS0007,20240826,SNOW,0,,,N,0700
US1TXAS0007,20240831,SNOW,0,,,N,0700
US1TXAS0007,20240901,PRCP,56,,,N,0700
US1TXAS0007,20240902,PRCP,46,,,N,0700
US1TXAS0007,20240903,PRCP,0,T,,N,0700
US1TXAS0007,20240904,PRCP,0,,,N,0700
US1TXAS0007,20240905,PRCP,3,,,N,0700
US1TXAS0007,20240906,PRCP,91,,,N,0700
US1TXAS0007,20240907,PRCP,20,,,N,0700
US1TXAS0007,20240908,PRCP,0,,,N,0700
US1TXAS0007,20240909,PRCP,0,,,N,0700
US1TXAS0007,20240910,PRCP,0,,,N,0700
US1TXAS0007,20240911,PRCP,13,,,N,0700
US1TXAS0007,20240912,PRCP,0,T,,N,0700
US1TXAS0007,20240913,PRCP,0,T,,N,0700
US1TXAS0007,20240914,PRCP,0,,,N,0700
US1TXAS0007,20240915,PRCP,0,,,N,0700
US1TXAS0007,20240916,PRCP,0,,,N,0700
US1TXAS0007,20240917,PRCP,0,,,N,0700
US1TXAS0007,20240918,PRCP,0,,,N,0700
US1TXAS0007,20240919,PRCP,0,,,N,0700
US1TXAS0007,20240920,PRCP,0,,,N,0700
US1TXAS0007,20240921,PRCP,0,,,N,0700
US1TXAS0007,20240922,PRCP,0,,,N,0700
US1TXAS0007,20240923,PRCP,0,,,N,0700
US1TXAS0007,20240924,PRCP,5,,,N,0700
US1TXAS0007,20240925,PRCP,33,,,N,0700
US1TXAS0007,20240926,PRCP,30,,,N,0700
US1TXAS0007,20240927,PRCP,0,,,N,0700
US1TXAS0007,20240928,PRCP,0,,,N,0700
US1TXAS0007,20240929,PRCP,0,,,N,0700
US1TXAS0007,20240930,PRCP,0,,,N,0700
US1TXAS0007,20240904,SNOW,0,,,N,0700
US1TXAS0007,20240908,SNOW,0,,,N,0700
US1TXAS0007,20240909,SNOW,0,,,N,0700
US1TXAS0007,20240910,SNOW,0,,,N,0700
US1TXAS0007,20240914,SNOW,0,,,N,0700
US1TXAS0007,20240915,SNOW,0,,,N,0700
US1TXAS0007,20240916,SNOW,0,,,N,0700
US1TXAS0007,20240917,SNOW,0,,,N,0700
US1TXAS0007,20240918,SNOW,0,,,N,0700
US1TXAS0007,20240919,SNOW,0,,,N,0700
US1TXAS0007,20240920,SNOW,0,,,N,0700
US1TXAS0007,20240921,SNOW,0,,,N,0700
US1TXAS0007,20240922,SNOW,0,,,N,0700
US1TXAS0007,20240923,SNOW,0,,,N,0700
US1TXAS0007,20240927,SNOW,0,,,N,0700
US1TXAS0007,20240928,SNOW,0,,,N,0700
US1TXAS0007,20240929,SNOW,0,,,N,0700
US1TXAS0007,20240930,SNOW,0,,,N,0700
US1TXAS0007,20241001,PRCP,0,,,N,0700
US1TXAS0007,20241002,PRCP,0,,,N,0700
US1TXAS0007,20241003,PRCP,0,,,N,0700
US1TXAS0007,20241004,PRCP,0,,,N,0700
US1TXAS0007,20241005,PRCP,0,,,N,0700
US1TXAS0007,20241006,PRCP,0,,,N,0700
US1TXAS0007,20241007,PRCP,0,,,N,0700
US1TXAS0007,20241008,PRCP,0,,,N,0700
US1TXAS0007,20241009,PRCP,0,,,N,0700
US1TXAS0007,20241010,PRCP,0,,,N,0700
US1TXAS0007,20241011,PRCP,0,,,N,0700
US1TXAS0007,20241012,PRCP,0,,,N,0700
US1TXAS0007,20241013,PRCP,0,,,N,0700
US1TXAS0007,20241014,PRCP,0,,,N,0700
US1TXAS0007,20241015,PRCP,0,,,N,0700
US1TXAS0007,20241016,PRCP,0,,,N,0700
US1TXAS0007,20241017,PRCP,0,,,N,0700
US1TXAS0007,20241018,PRCP,0,,,N,0700
US1TXAS0007,20241019,PRCP,0,,,N,0700
US1TXAS0007,20241020,PRCP,0,,,N,0700
US1TXAS0007,20241021,PRCP,0,,,N,0700
US1TXAS0007,20241022,PRCP,0,,,N,0700
US1TXAS0007,20241023,PRCP,0,,,N,0700
US1TXAS0007,20241024,PRCP,0,,,N,0700
US1TXAS0007,20241025,PRCP,0,,,N,0700
US1TXAS0007,20241026,PRCP,0,,,N,0700
US1TXAS0007,20241027,PRCP,0,,,N,0700
US1TXAS0007,20241028,PRCP,0,,,N,0700
US1TXAS0007,20241029,PRCP,0,,,N,0700
US1TXAS0007,20241030,PRCP,5,,,N,0700
US1TXAS0007,20241031,PRCP,66,,,N,0700
US1TXAS0007,20241001,SNOW,0,,,N,0700
US1TXAS0007,20241002,SNOW,0,,,N,0700
US1TXAS0007,20241003,SNOW,0,,,N,0700
US1TXAS0007,20241004,SNOW,0,,,N,0700
US1TXAS0007,20241005,SNOW,0,,,N,0700
US1TXAS0007,20241006,SNOW,0,,,N,0700
US1TXAS0007,20241007,SNOW,0,,,N,0700
US1TXAS0007,20241008,SNOW,0,,,N,0700
US1TXAS0007,20241009,SNOW,0,,,N,0700
US1TXAS0007,20241010,SNOW,0,,,N,0700
US1TXAS0007,20241011,SNOW,0,,,N,0700
US1TXAS0007,20241012,SNOW,0,,,N,0700
US1TXAS0007,20241013,SNOW,0,,,N,0700
US1TXAS0007,20241014,SNOW,0,,,N,0700
US1TXAS0007,20241015,SNOW,0,,,N,0700
US1TXAS0007,20241016,SNOW,0,,,N,0700
US1TXAS0007,20241017,SNOW,0,,,N,0700
US1TXAS0007,20241018,SNOW,0,,,N,0700
US1TXAS0007,20241019,SNOW,0,,,N,0700
US1TXAS0007,20241020,SNOW,0,,,N,0700
US1TXAS0007,20241021,SNOW,0,,,N,0700
US1TXAS0007,20241022,SNOW,0,,,N,0700
US1TXAS0007,20241023,SNOW,0,,,N,0700
US1TXAS0007,20241024,SNOW,0,,,N,0700
US1TXAS0007,20241025,SNOW,0,,,N,0700
US1TXAS0007,20241026,SNOW,0,,,N,0700
US1TXAS0007,20241027,SNOW,0,,,N,0700
US1TXAS0007,20241028,SNOW,0,,,N,0700
US1TXAS0007,20241029,SNOW,0,,,N,0700
US1TXAS0007,20241101,PRCP,23,,,N,0700
US1TXAS0007,20241102,PRCP,0,T,,N,0700
US1TXAS0007,20241103,PRCP,8,,,N,0700
US1TXAS0007,20241104,PRCP,0,T,,N,0700
US1TXAS0007,20241105,PRCP,533,,,N,0700
US1TXAS0007,20241106,PRCP,3,,,N,0700
US1TXAS0007,20241107,PRCP,0,,,N,0700
US1TXAS0007,20241108,PRCP,0,,,N,0700
US1TXAS0007,20241109,PRCP,165,,,N,0700
US1TXAS0007,20241110,PRCP,0,,,N,0700
US1TXAS0007,20241111,PRCP,0,,,N,0700
US1TXAS0007,20241112,PRCP,0,,,N,0700
US1TXAS0007,20241113,PRCP,0,,,N,0700
US1TXAS0007,20241114,PRCP,0,,,N,0700
US1TXAS0007,20241115,PRCP,0,,,N,0700
US1TXAS0007,20241116,PRCP,0,,,N,0700
US1TXAS0007,20241117,PRCP,28,,,N,0700
US1TXAS0007,20241118,PRCP,53,,,N,0700
US1TXAS0007,20241119,PRCP,30,,,N,0700
US1TXAS0007,20241120,PRCP,0,,,N,0700
US1TXAS0007,20241121,PRCP,0,,,N,0700
US1TXAS0007,20241122,PRCP,0,,,N,0700
US1TXAS0007,20241123,PRCP,0,,,N,0700
US1TXAS0007,20241124,PRCP,0,,,N,0700
US1TXAS0007,20241125,PRCP,0,,,N,0700
US1TXAS0007,20241126,PRCP,0,,,N,0700
US1TXAS0007,20241127,PRCP,0,,,N,0700
US1TXAS0007,20241128,PRCP,0,,,N,0700
US1TXAS0007,20241129,PRCP,0,,,N,0700
US1TXAS0007,20241130,PRCP,0,,,N,0700
US1TXAS0007,20241104,SNOW,0,,,N,0700
US1TXAS0007,20241107,SNOW,0,,,N,0700
US1TXAS0007,20241108,SNOW,0,,,N,0700
US1TXAS0007,20241110,SNOW,0,,,N,0700
US1TXAS0007,20241111,SNOW,0,,,N,0700
US1TXAS0007,20241112,SNOW,0,,,N,0700
US1TXAS0007,20241113,SNOW,0,,,N,0700
US1TXAS0007,20241114,SNOW,0,,,N,0700
US1TXAS0007,20241115,SNOW,0,,,N,0700
US1TXAS0007,20241116,SNOW,0,,,N,0700
US1TXAS0007,20241120,SNOW,0,,,N,0700
US1TXAS0007,20241121,SNOW,0,,,N,0700
US1TXAS0007,20241122,SNOW,0,,,N,0700
US1TXAS0007,20241123,SNOW,0,,,N,0700
US1TXAS0007,20241124,SNOW,0,,,N,0700
US1TXAS0007,20241125,SNOW,0,,,N,0700
US1TXAS0007,20241126,SNOW,0,,,N,0700
US1TXAS0007,20241127,SNOW,0,,,N,0700
US1TXAS0007,20241128,SNOW,0,,,N,0700
US1TXAS0007,20241129,SNOW,0,,,N,0700
US1TXAS0007,20241130,SNOW,0,,,N,0700
US1TXAS0007,20241201,PRCP,0,,,N,0700
US1TXAS0007,20241202,PRCP,0,,,N,0700
US1TXAS0007,20241203,PRCP,0,,,N,0700
US1TXAS0007,20241204,PRCP,0,T,,N,0700
US1TXAS0007,20241205,PRCP,53,,,N,0700
US1TXAS0007,20241206,PRCP,5,,,N,0700
US1TXAS0007,20241207,PRCP,0,T,,N,0700
US1TXAS0007,20241208,PRCP,94,,,N,0700
US1TXAS0007,20241209,PRCP,61,,,N,0700
US1TXAS0007,20241210,PRCP,5,,,N,0700
US1TXAS0007,20241211,PRCP,0,,,N,0700
US1TXAS0007,20241212,PRCP,0,,,N,0700
US1TXAS0007,20241213,PRCP,5,,,N,0700
US1TXAS0007,20241214,PRCP,109,,,N,0700
US1TXAS0007,20241215,PRCP,142,,,N,0700
US1TXAS0007,20241216,PRCP,0,,,N,0700
US1TXAS0007,20241217,PRCP,0,,,N,0700
US1TXAS0007,20241218,PRCP,20,,,N,0700
US1TXAS0007,20241219,PRCP,81,,,N,0700
US1TXAS0007,20241220,PRCP,0,T,,N,0700
US1TXAS0007,20241221,PRCP,0,,,N,0700
US1TXAS0007,20241222,PRCP,0,,,N,0700
US1TXAS0007,20241223,PRCP,0,,,N,0700
US1TXAS0007,20241224,PRCP,0,T,,N,0700
US1TXAS0007,20241225,PRCP,475,,,N,0700
US1TXAS0007,20241226,PRCP,13,,,N,0700
US1TXAS0007,20241227,PRCP,310,,,N,0700
US1TXAS0007,20241230,PRCP,0,T,,N,0700
US1TXAS0007,20241231,PRCP,0,,,N,0700
US1TXAS0007,20241201,SNOW,0,,,N,0700
US1TXAS0007,20241202,SNOW,0,,,N,0700
US1TXAS0007,20241203,SNOW,0,,,N,0700
US1TXAS0007,20241211,SNOW,0,,,N,0700
US1TXAS0007,20241212,SNOW,0,,,N,0700
US1TXAS0007,20241216,SNOW,0,,,N,0700
US1TXAS0007,20241217,SNOW,0,,,N,0700
US1TXAS0007,20241221,SNOW,0,,,N,0700
US1TXAS0007,20241222,SNOW,0,,,N,0700
US1TXAS0007,20241223,SNOW,0,,,N,0700
US1TXAS0007,20241231,SNOW,0,,,N,0700
US1TXAS0007,20241229,DAPR,2,,,N,0700
US1TXAS0007,20241229,MDPR,10,,,N,0700
US1TXAS0007,20250101,PRCP,0,,,N,0700
US1TXAS0007,20250102,PRCP,0,,,N,0700
US1TXAS0007,20250103,PRCP,0,,,N,0700
US1TXAS0007,20250104,PRCP,0,T,,N,0700
US1TXAS0007,20250105,PRCP,8,,,N,0700
US1TXAS0007,20250106,PRCP,51,,,N,0700
US1TXAS0007,20250107,PRCP,0,,,N,0700
US1TXAS0007,20250108,PRCP,0,,,N,0700
US1TXAS0007,20250109,PRCP,0,,,N,0700
US1TXAS0007,20250110,PRCP,617,,,N,0700
US1TXAS0007,20250111,PRCP,0,,,N,0700
US1TXAS0007,20250112,PRCP,0,,,N,0700
US1TXAS0007,20250113,PRCP,0,,,N,0700
US1TXAS0007,20250114,PRCP,3,,,N,0700
US1TXAS0007,20250115,PRCP,8,,,N,0700
US1TXAS0007,20250116,PRCP,0,,,N,0700
US1TXAS0007,20250117,PRCP,0,,,N,0700
US1TXAS0007,20250118,PRCP,0,T,,N,0700
US1TXAS0007,20250119,PRCP,0,,,N,0700
US1TXAS0007,20250120,PRCP,0,,,N,0700
US1TXAS0007,20250123,PRCP,0,,,N,0700
US1TXAS0007,20250124,PRCP,0,,,N,0700
US1TXAS0007,20250125,PRCP,0,,,N,0700
US1TXAS0007,20250128,PRCP,3,,,N,0700
US1TXAS0007,20250129,PRCP,25,,,N,0700
US1TXAS0007,20250130,PRCP,5,,,N,0700
US1TXAS0007,20250131,PRCP,23,,,N,0700
US1TXAS0007,20250101,SNOW,0,,,N,0700
US1TXAS0007,20250102,SNOW,0,,,N,0700
US1TXAS0007,20250103,SNOW,0,,,N,0700
US1TXAS0007,20250107,SNOW,0,,,N,0700
US1TXAS0007,20250108,SNOW,0,,,N,0700
US1TXAS0007,20250109,SNOW,0,,,N,0700
US1TXAS0007,20250111,SNOW,0,,,N,0700
US1TXAS0007,20250112,SNOW,0,,,N,0700
US1TXAS0007,20250113,SNOW,0,,,N,0700
US1TXAS0007,20250116,SNOW,0,,,N,0700
US1TXAS0007,20250117,SNOW,0,,,N,0700
US1TXAS0007,20250119,SNOW,0,,,N,0700
US1TXAS0007,20250120,SNOW,0,,,N,0700
US1TXAS0007,20250123,SNOW,0,,,N,0700
US1TXAS0007,20250124,SNOW,0,,,N,0700
US1TXAS0007,20250125,SNOW,0,,,N,0700
US1TXAS0007,20250122,DAPR,2,,,N,0700
US1TXAS0007,20250127,DAPR,2,,,N,0700
US1TXAS0007,20250122,MDPR,33,,,N,0700
US1TXAS0007,20250127,MDPR,124,,,N,0700
US1TXAS0007,20250201,PRCP,0,,,N,0700
US1TXAS0007,20250202,PRCP,0,,,N,0700
US1TXAS0007,20250203,PRCP,0,,,N,0700
US1TXAS0007,20250204,PRCP,0,,,N,0700
US1TXAS0007,20250205,PRCP,0,,,N,0700
US1TXAS0007,20250206,PRCP,0,,,N,0700
US1TXAS0007,20250207,PRCP,0,,,N,0700
US1TXAS0007,20250208,PRCP,0,,,N,0700
US1TXAS0007,20250209,PRCP,0,,,N,0700
US1TXAS0007,20250210,PRCP,0,,,N,0700
US1TXAS0007,20250211,PRCP,13,,,N,0700
US1TXAS0007,20250212,PRCP,71,,,N,0700
US1TXAS0007,20250213,PRCP,36,,,N,0700
US1TXAS0007,20250214,PRCP,0,,,N,0700
US1TXAS0007,20250215,PRCP,13,,,N,0700
US1TXAS0007,20250216,PRCP,3,,,N,0700
US1TXAS0007,20250217,PRCP,0,,,N,0700
US1TXAS0007,20250218,PRCP,0,,,N,0700
US1TXAS0007,20250219,PRCP,112,,,N,0700
US1TXAS0007,20250220,PRCP,0,,,N,0700
US1TXAS0007,20250221,PRCP,0,,,N,0700
US1TXAS0007,20250222,PRCP,0,,,N,0700
US1TXAS0007,20250223,PRCP,71,,,N,0700
US1TXAS0007,20250224,PRCP,3,,,N,0700
US1TXAS0007,20250225,PRCP,0,,,N,0700
US1TXAS0007,20250226,PRCP,0,,,N,0700
US1TXAS0007,20250227,PRCP,0,,,N,0700
US1TXAS0007,20250228,PRCP,0,,,N,0700
US1TXAS0007,20250201,SNOW,0,,,N,0700
US1TXAS0007,20250202,SNOW,0,,,N,0700
US1TXAS0007,20250203,SNOW,0,,,N,0700
US1TXAS0007,20250204,SNOW,0,,,N,0700
US1TXAS0007,20250205,SNOW,0,,,N,0700
US1TXAS0007,20250206,SNOW,0,,,N,0700
US1TXAS0007,20250207,SNOW,0,,,N,0700
US1TXAS0007,20250208,SNOW,0,,,N,0700
US1TXAS0007,20250209,SNOW,0,,,N,0700
US1TXAS0007,20250210,SNOW,0,,,N,0700
US1TXAS0007,20250214,SNOW,0,,,N,0700
US1TXAS0007,20250217,SNOW,0,,,N,0700
US1TXAS0007,20250218,SNOW,0,,,N,0700
US1TXAS0007,20250220,SNOW,0,,,N,0700
US1TXAS0007,20250221,SNOW,0,,,N,0700
US1TXAS0007,20250222,SNOW,0,,,N,0700
US1TXAS0007,20250225,SNOW,0,,,N,0700
US1TXAS0007,20250226,SNOW,0,,,N,0700
US1TXAS0007,20250227,SNOW,0,,,N,0700
US1TXAS0007,20250228,SNOW,0,,,N,0700
US1TXAS0007,20250301,PRCP,0,,,N,0700
US1TXAS0007,20250302,PRCP,0,,,N,0700
US1TXAS0007,20250303,PRCP,0,,,N,0700
US1TXAS0007,20250304,PRCP,0,T,,N,0700
US1TXAS0007,20250305,PRCP,51,,,N,0700
US1TXAS0007,20250306,PRCP,0,,,N,0700
US1TXAS0007,20250307,PRCP,0,,,N,0700
US1TXAS0007,20250308,PRCP,0,,,N,0700
US1TXAS0007,20250309,PRCP,36,,,N,0700
US1TXAS0007,20250310,PRCP,0,,,N,0700
US1TXAS0007,20250311,PRCP,0,,,N,0700
US1TXAS0007,20250312,PRCP,0,,,N,0700
US1TXAS0007,20250313,PRCP,0,,,N,0700
US1TXAS0007,20250314,PRCP,0,,,N,0700
US1TXAS0007,20250315,PRCP,0,,,N,0700
US1TXAS0007,20250316,PRCP,0,,,N,0700
US1TXAS0007,20250317,PRCP,0,,,N,0700
US1TXAS0007,20250318,PRCP,0,,,N,0700
US1TXAS0007,20250319,PRCP,0,,,N,0700
US1TXAS0007,20250320,PRCP,0,,,N,0700
US1TXAS0007,20250321,PRCP,0,,,N,0700
US1TXAS0007,20250322,PRCP,0,,,N,0700
US1TXAS0007,20250323,PRCP,0,,,N,0700
US1TXAS0007,20250324,PRCP,152,,,N,0700
US1TXAS0007,20250325,PRCP,0,,,N,0700
US1TXAS0007,20250326,PRCP,0,,,N,0700
US1TXAS0007,20250327,PRCP,28,,,N,0700
US1TXAS0007,20250328,PRCP,196,,,N,0700
US1TXAS0007,20250329,PRCP,25,,,N,0700
US1TXAS0007,20250330,PRCP,0,,,N,0700
US1TXAS0007,20250331,PRCP,5,,,N,0700
US1TXAS0007,20250301,SNOW,0,,,N,0700
US1TXAS0007,20250302,SNOW,0,,,N,0700
US1TXAS0007,20250303,SNOW,0,,,N,0700
US1TXAS0007,20250306,SNOW,0,,,N,0700
US1TXAS0007,20250307,SNOW,0,,,N,0700
US1TXAS0007,20250308,SNOW,0,,,N,0700
US1TXAS0007,20250310,SNOW,0,,,N,0700
US1TXAS0007,20250311,SNOW,0,,,N,0700
US1TXAS0007,20250312,SNOW,0,,,N,0700
US1TXAS0007,20250313,SNOW,0,,,N,0700
US1TXAS0007,20250314,SNOW,0,,,N,0700
US1TXAS0007,20250315,SNOW,0,,,N,0700
US1TXAS0007,20250316,SNOW,0,,,N,0700
US1TXAS0007,20250317,SNOW,0,,,N,0700
US1TXAS0007,20250318,SNOW,0,,,N,0700
US1TXAS0007,20250319,SNOW,0,,,N,0700
US1TXAS0007,20250320,SNOW,0,,,N,0700
US1TXAS0007,20250321,SNOW,0,,,N,0700
US1TXAS0007,20250322,SNOW,0,,,N,0700
US1TXAS0007,20250323,SNOW,0,,,N,0700
US1TXAS0007,20250325,SNOW,0,,,N,0700
US1TXAS0007,20250326,SNOW,0,,,N,0700
US1TXAS0007,20250330,SNOW,0,,,N,0700
US1TXAS0007,20250401,PRCP,0,,,N,0700
US1TXAS0007,20250402,PRCP,0,T,,N,0700
US1TXAS0007,20250403,PRCP,3,,,N,0700
US1TXAS0007,20250404,PRCP,0,,,N,0700
US1TXAS0007,20250405,PRCP,5,,,N,0700
US1TXAS0007,20250406,PRCP,13,,,N,0700
US1TXAS0007,20250407,PRCP,0,,,N,0700
US1TXAS0007,20250408,PRCP,0,,,N,0700
US1TXAS0007,20250409,PRCP,0,,,N,0700
US1TXAS0007,20250410,PRCP,0,,,N,0700
US1TXAS0007,20250411,PRCP,0,,,N,0700
US1TXAS0007,20250412,PRCP,0,,,N,0700
US1TXAS0007,20250413,PRCP,0,,,N,0700
US1TXAS0007,20250414,PRCP,0,,,N,0700
US1TXAS0007,20250415,PRCP,0,,,N,0700
US1TXAS0007,20250416,PRCP,0,,,N,0700
US1TXAS0007,20250417,PRCP,0,,,N,0700
US1TXAS0007,20250418,PRCP,0,,,N,0700
US1TXAS0007,20250419,PRCP,0,,,N,0700
US1TXAS0007,20250420,PRCP,0,,,N,0700
US1TXAS0007,20250421,PRCP,218,,,N,0700
US1TXAS0007,20250422,PRCP,0,T,,N,0700
US1TXAS0007,20250423,PRCP,51,,,N,0700
US1TXAS0007,20250424,PRCP,264,,,N,0700
US1TXAS0007,20250425,PRCP,51,,,N,0700
US1TXAS0007,20250426,PRCP,0,T,,N,0700
US1TXAS0007,20250427,PRCP,0,,,N,0700
US1TXAS0007,20250428,PRCP,0,,,N,0700
US1TXAS0007,20250429,PRCP,0,,,N,0700
US1TXAS0007,20250430,PRCP,0,,,N,0700
US1TXAS0007,20250401,SNOW,0,,,N,0700
US1TXAS0007,20250403,SNOW,0,,,N,0700
US1TXAS0007,20250404,SNOW,0,,,N,0700
US1TXAS0007,20250407,SNOW,0,,,N,0700
US1TXAS0007,20250408,SNOW,0,,,N,0700
US1TXAS0007,20250409,SNOW,0,,,N,0700
US1TXAS0007,20250410,SNOW,0,,,N,0700
US1TXAS0007,20250411,SNOW,0,,,N,0700
US1TXAS0007,20250412,SNOW,0,,,N,0700
US1TXAS0007,20250413,SNOW,0,,,N,0700
US1TXAS0007,20250414,SNOW,0,,,N,0700
US1TXAS0007,20250415,SNOW,0,,,N,0700
US1TXAS0007,20250416,SNOW,0,,,N,0700
US1TXAS0007,20250417,SNOW,0,,,N,0700
US1TXAS0007,20250418,SNOW,0,,,N,0700
US1TXAS0007,20250419,SNOW,0,,,N,0700
US1TXAS0007,20250420,SNOW,0,,,N,0700
US1TXAS0007,20250422,SNOW,0,,,N,0700
US1TXAS0007,20250427,SNOW,0,,,N,0700
US1TXAS0007,20250428,SNOW,0,,,N,0700
US1TXAS0007,20250429,SNOW,0,,,N,0700
US1TXAS0007,20250430,SNOW,0,,,N,0700
US1TXAS0007,20250501,PRCP,3,,,N,0700
US1TXAS0007,20250502,PRCP,0,,,N,0700
US1TXAS0007,20250503,PRCP,71,,,N,0700
US1TXAS0007,20250504,PRCP,0,,,N,0700
US1TXAS0007,20250505,PRCP,0,,,N,0700
US1TXAS0007,20250506,PRCP,20,,,N,0700
US1TXAS0007,20250507,PRCP,66,,,N,0700
US1TXAS0007,20250508,PRCP,0,,,N,0700
US1TXAS0007,20250509,PRCP,5,,,N,0700
US1TXAS0007,20250510,PRCP,0,,,N,0700
US1TXAS0007,20250511,PRCP,0,T,,N,0700
US1TXAS0007,20250512,PRCP,0,,,N,0700
US1TXAS0007,20250513,PRCP,0,,,N,0700
US1TXAS0007,20250514,PRCP,0,,,N,0700
US1TXAS0007,20250515,PRCP,0,,,N,0700
US1TXAS0007,20250516,PRCP,0,,,N,0700
US1TXAS0007,20250517,PRCP,0,,,N,0700
US1TXAS0007,20250518,PRCP,0,,,N,0700
US1TXAS0007,20250519,PRCP,0,,,N,0700
US1TXAS0007,20250520,PRCP,0,,,N,0700
US1TXAS0007,20250521,PRCP,0,,,N,0700
US1TXAS0007,20250522,PRCP,0,,,N,0700
US1TXAS0007,20250523,PRCP,0,,,N,0700
US1TXAS0007,20250524,PRCP,0,,,N,0700
US1TXAS0007,20250525,PRCP,0,,,N,0700
US1TXAS0007,20250526,PRCP,0,,,N,0700
US1TXAS0007,20250527,PRCP,559,,,N,0700
US1TXAS0007,20250528,PRCP,0,,,N,0700
US1TXAS0007,20250529,PRCP,30,,,N,0700
US1TXAS0007,20250530,PRCP,0,,,N,0700
US1TXAS0007,20250531,PRCP,66,,,N,0700
US1TXAS0007,20250502,SNOW,0,,,N,0700
US1TXAS0007,20250504,SNOW,0,,,N,0700
US1TXAS0007,20250505,SNOW,0,,,N,0700
US1TXAS0007,20250508,SNOW,0,,,N,0700
US1TXAS0007,20250510,SNOW,0,,,N,0700
US1TXAS0007,20250512,SNOW,0,,,N,0700
US1TXAS0007,20250513,SNOW,0,,,N,0700
US1TXAS0007,20250514,SNOW,0,,,N,0700
US1TXAS0007,20250515,SNOW,0,,,N,0700
US1TXAS0007,20250516,SNOW,0,,,N,0700
US1TXAS0007,20250517,SNOW,0,,,N,0700
US1TXAS0007,20250518,SNOW,0,,,N,0700
US1TXAS0007,20250519,SNOW,0,,,N,0700
US1TXAS0007,20250520,SNOW,0,,,N,0700
US1TXAS0007,20250521,SNOW,0,,,N,0700
US1TXAS0007,20250522,SNOW,0,,,N,0700
US1TXAS0007,20250523,SNOW,0,,,N,0700
US1TXAS0007,20250524,SNOW,0,,,N,0700
US1TXAS0007,20250525,SNOW,0,,,N,0700
US1TXAS0007,20250526,SNOW,0,,,N,0700
US1TXAS0007,20250528,SNOW,0,,,N,0700
US1TXAS0007,20250530,SNOW,0,,,N,0700
US1TXAS0007,20250601,PRCP,0,,,N,0700
US1TXAS0007,20250602,PRCP,0,,,N,0700
US1TXAS0007,20250603,PRCP,0,,,N,0700
US1TXAS0007,20250604,PRCP,0,T,,N,0700
US1TXAS0007,20250605,PRCP,25,,,N,0700
US1TXAS0007,20250606,PRCP,0,,,N,0700
US1TXAS0007,20250607,PRCP,0,,,N,0700
US1TXAS0007,20250608,PRCP,0,,,N,0700
US1TXAS0007,20250609,PRCP,0,,,N,0700
US1TXAS0007,20250610,PRCP,180,,,N,0700
US1TXAS0007,20250611,PRCP,28,,,N,0700
US1TXAS0007,20250612,PRCP,348,,,N,0700
US1TXAS0007,20250613,PRCP,193,,,N,0700
US1TXAS0007,20250614,PRCP,0,T,,N,0700
US1TXAS0007,20250615,PRCP,91,,,N,0700
US1TXAS0007,20250616,PRCP,107,,,N,0700
US1TXAS0007,20250617,PRCP,0,,,N,0700
US1TXAS0007,20250618,PRCP,0,,,N,0700
US1TXAS0007,20250619,PRCP,0,,,N,0700
US1TXAS0007,20250620,PRCP,0,,,N,0700
US1TXAS0007,20250621,PRCP,0,T,,N,0700
US1TXAS0007,20250622,PRCP,0,,,N,0700
US1TXAS0007,20250623,PRCP,0,,,N,0700
US1TXAS0007,20250624,PRCP,0,T,,N,0700
US1TXAS0007,20250625,PRCP,5,,,N,0700
US1TXAS0007,20250626,PRCP,8,,,N,0700
US1TXAS0007,20250627,PRCP,0,T,,N,0700
US1TXAS0007,20250628,PRCP,0,,,N,0700
US1TXAS0007,20250629,PRCP,0,,,N,0700
US1TXAS0007,20250630,PRCP,312,,,N,0700
US1TXAS0007,20250601,SNOW,0,,,N,0700
US1TXAS0007,20250602,SNOW,0,,,N,0700
US1TXAS0007,20250603,SNOW,0,,,N,0700
US1TXAS0007,20250606,SNOW,0,,,N,0700
US1TXAS0007,20250607,SNOW,0,,,N,0700
US1TXAS0007,20250608,SNOW,0,,,N,0700
US1TXAS0007,20250609,SNOW,0,,,N,0700
US1TXAS0007,20250617,SNOW,0,,,N,0700
US1TXAS0007,20250618,SNOW,0,,,N,0700
US1TXAS0007,20250619,SNOW,0,,,N,0700
US1TXAS0007,20250620,SNOW,0,,,N,0700
US1TXAS0007,20250622,SNOW,0,,,N,0700
US1TXAS0007,20250623,SNOW,0,,,N,0700
US1TXAS0007,20250628,SNOW,0,,,N,0700
US1TXAS0007,20250629,SNOW,0,,,N,0700
US1TXAS0007,20250701,PRCP,3,,,N,0700
US1TXAS0007,20250702,PRCP,0,,,N,0700
US1TXAS0007,20250703,PRCP,0,,,N,0700
US1TXAS0007,20250704,PRCP,13,,,N,0700
US1TXAS0007,20250705,PRCP,0,T,,N,0700
US1TXAS0007,20250706,PRCP,175,,,N,0700
US1TXAS0007,20250707,PRCP,3,,,N,0700
US1TXAS0007,20250708,PRCP,213,,,N,0700
US1TXAS0007,20250709,PRCP,224,,,N,0700
US1TXAS0007,20250710,PRCP,33,,,N,0700
US1TXAS0007,20250711,PRCP,8,,,N,0700
US1TXAS0007,20250712,PRCP,36,,,N,0700
US1TXAS0007,20250713,PRCP,46,,,N,0700
US1TXAS0007,20250714,PRCP,13,,,N,0700
US1TXAS0007,20250715,PRCP,56,,,N,0700
US1TXAS0007,20250716,PRCP,0,,,N,0700
US1TXAS0007,20250717,PRCP,0,,,N,0700
US1TXAS0007,20250718,PRCP,0,,,N,0700
US1TXAS0007,20250719,PRCP,0,,,N,0700
US1TXAS0007,20250720,PRCP,28,,,N,0700
US1TXAS0007,20250721,PRCP,0,,,N,0700
US1TXAS0007,20250722,PRCP,0,,,N,0700
US1TXAS0007,20250723,PRCP,0,,,N,0700
US1TXAS0007,20250724,PRCP,0,,,N,0700
US1TXAS0007,20250725,PRCP,0,,,N,0700
US1TXAS0007,20250726,PRCP,53,,,N,0700
US1TXAS0007,20250727,PRCP,3,,,N,0700
US1TXAS0007,20250728,PRCP,127,,,N,0700
US1TXAS0007,20250729,PRCP,0,,,N,0700
US1TXAS0007,20250730,PRCP,0,,,N,0700
US1TXAS0007,20250731,PRCP,0,,,N,0700
US1TXAS0007,20250702,SNOW,0,,,N,0700
US1TXAS0007,20250703,SNOW,0,,,N,0700
US1TXAS0007,20250716,SNOW,0,,,N,0700
US1TXAS0007,20250717,SNOW,0,,,N,0700
US1TXAS0007,20250718,SNOW,0,,,N,0700
US1TXAS0007,20250719,SNOW,0,,,N,0700
US1TXAS0007,20250721,SNOW,0,,,N,0700
US1TXAS0007,20250722,SNOW,0,,,N,0700
US1TXAS0007,20250723,SNOW,0,,,N,0700
US1TXAS0007,20250724,SNOW,0,,,N,0700
US1TXAS0007,20250725,SNOW,0,,,N,0700
US1TXAS0007,20250729,SNOW,0,,,N,0700
US1TXAS0007,20250730,SNOW,0,,,N,0700
US1TXAS0007,20250731,SNOW,0,,,N,0700
US1TXAS0007,20250801,PRCP,0,,,N,0700
US1TXAS0007,20250802,PRCP,0,,,N,0700
US1TXAS0007,20250803,PRCP,0,,,N,0700
US1TXAS0007,20250804,PRCP,0,,,N,0700
US1TXAS0007,20250805,PRCP,127,,,N,0700
US1TXAS0007,20250806,PRCP,3,,,N,0700
US1TXAS0007,20250807,PRCP,0,,,N,0700
US1TXAS0007,20250808,PRCP,0,,,N,0700
US1TXAS0007,20250809,PRCP,0,,,N,0700
US1TXAS0007,20250810,PRCP,18,,,N,0700
US1TXAS0007,20250811,PRCP,0,,,N,0700
US1TXAS0007,20250812,PRCP,0,,,N,0700
US1TXAS0007,20250813,PRCP,0,,,N,0700
US1TXAS0007,20250814,PRCP,0,,,N,0700
US1TXAS0007,20250815,PRCP,0,T,,N,0700
US1TXAS0007,20250816,PRCP,8,,,N,0700
US1TXAS0007,20250817,PRCP,0,,,N,0700
US1TXAS0007,20250818,PRCP,0,,,N,0700
US1TXAS0007,20250819,PRCP,0,,,N,0700
US1TXAS0007,20250820,PRCP,465,,,N,0700
US1TXAS0007,20250821,PRCP,0,,,N,0700
US1TXAS0007,20250822,PRCP,13,,,N,0700
US1TXAS0007,20250823,PRCP,0,T,,N,0700
US1TXAS0007,20250824,PRCP,0,,,N,0700
US1TXAS0007,20250825,PRCP,0,,,N,0700
US1TXAS0007,20250826,PRCP,0,,,N,0700
US1TXAS0007,20250827,PRCP,0,,,N,0700
US1TXAS0007,20250828,PRCP,51,,,N,0700
US1TXAS0007,20250829,PRCP,0,,,N,0700
US1TXAS0007,20250830,PRCP,86,,,N,0700
US1TXAS0007,20250831,PRCP,0,,,N,0700
US1TXAS0007,20250801,SNOW,0,,,N,0700
US1TXAS0007,20250802,SNOW,0,,,N,0700
US1TXAS0007,20250803,SNOW,0,,,N,0700
US1TXAS0007,20250804,SNOW,0,,,N,0700
US1TXAS0007,20250807,SNOW,0,,,N,0700
US1TXAS0007,20250808,SNOW,0,,,N,0700
US1TXAS0007,20250809,SNOW,0,,,N,0700
US1TXAS0007,20250811,SNOW,0,,,N,0700
US1TXAS0007,20250812,SNOW,0,,,N,0700
US1TXAS0007,20250813,SNOW,0,,,N,0700
US1TXAS0007,20250814,SNOW,0,,,N,0700
US1TXAS0007,20250817,SNOW,0,,,N,0700
US1TXAS0007,20250818,SNOW,0,,,N,0700
US1TXAS0007,20250819,SNOW,0,,,N,0700
US1TXAS0007,20250821,SNOW,0,,,N,0700
US1TXAS0007,20250824,SNOW,0,,,N,0700
US1TXAS0007,20250825,SNOW,0,,,N,0700
US1TXAS0007,20250826,SNOW,0,,,N,0700
US1TXAS0007,20250827,SNOW,0,,,N,0700
US1TXAS0007,20250829,SNOW,0,,,N,0700
US1TXAS0007,20250831,SNOW,0,,,N,0700
US1TXAS0007,20250901,PRCP,752,,,N,0700
US1TXAS0007,20250902,PRCP,0,,,N,0700
US1TXAS0007,20250903,PRCP,0,,,N,0700
US1TXAS0007,20250904,PRCP,25,,,N,0700
US1TXAS0007,20250905,PRCP,0,,,N,0700
US1TXAS0007,20250906,PRCP,0,,,N,0700
US1TXAS0007,20250907,PRCP,0,T,,N,0700
US1TXAS0007,20250908,PRCP,8,,,N,0700
US1TXAS0007,20250909,PRCP,0,,,N,0700
US1TXAS0007,20250910,PRCP,0,,,N,0700
US1TXAS0007,20250911,PRCP,0,,,N,0700
US1TXAS0007,20250912,PRCP,8,,,N,0700
US1TXAS0007,20250913,PRCP,0,,,N,0700
US1TXAS0007,20250914,PRCP,0,,,N,0700
US1TXAS0007,20250915,PRCP,0,,,N,0700
US1TXAS0007,20250916,PRCP,0,,,N,0700
US1TXAS0007,20250917,PRCP,0,T,,N,0700
US1TXAS0007,20250918,PRCP,0,,,N,0700
US1TXAS0007,20250919,PRCP,0,,,N,0700
US1TXAS0007,20250920,PRCP,0,,,N,0700
US1TXAS0007,20250921,PRCP,0,,,N,0700
US1TXAS0007,20250922,PRCP,56,,,N,0700
US1TXAS0007,20250923,PRCP,0,,,N,0700
US1TXAS0007,20250924,PRCP,0,,,N,0700
US1TXAS0007,20250925,PRCP,10,,,N,0700
US1TXAS0007,20250926,PRCP,0,,,N,0700
US1TXAS0007,20250927,PRCP,0,,,N,0700
US1TXAS0007,20250928,PRCP,0,,,N,0700
US1TXAS0007,20250929,PRCP,0,,,N,0700
US1TXAS0007,20250930,PRCP,0,,,N,0700
US1TXAS0007,20250902,SNOW,0,,,N,0700
US1TXAS0007,20250903,SNOW,0,,,N,0700
US1TXAS0007,20250905,SNOW,0,,,N,0700
US1TXAS0007,20250906,SNOW,0,,,N,0700
US1TXAS0007,20250909,SNOW,0,,,N,0700
US1TXAS0007,20250910,SNOW,0,,,N,0700
US1TXAS0007,20250911,SNOW,0,,,N,0700
US1TXAS0007,20250913,SNOW,0,,,N,0700
US1TXAS0007,20250914,SNOW,0,,,N,0700
US1TXAS0007,20250915,SNOW,0,,,N,0700
US1TXAS0007,20250916,SNOW,0,,,N,0700
US1TXAS0007,20250918,SNOW,0,,,N,0700
US1TXAS0007,20250919,SNOW,0,,,N,0700
US1TXAS0007,20250920,SNOW,0,,,N,0700
US1TXAS0007,20250921,SNOW,0,,,N,0700
US1TXAS0007,20250923,SNOW,0,,,N,0700
US1TXAS0007,20250924,SNOW,0,,,N,0700
US1TXAS0007,20250926,SNOW,0,,,N,0700
US1TXAS0007,20250927,SNOW,0,,,N,0700
US1TXAS0007,20250928,SNOW,0,,,N,0700
US1TXAS0007,20250929,SNOW,0,,,N,0700
US1TXAS0007,20250930,SNOW,0,,,N,0700
US1TXAS0007,20251001,PRCP,0,,,N,0700
US1TXAS0007,20251002,PRCP,0,,,N,0700
US1TXAS0007,20251003,PRCP,0,,,N,0700
US1TXAS0007,20251004,PRCP,0,,,N,0700
US1TXAS0007,20251005,PRCP,0,,,N,0700
US1TXAS0007,20251006,PRCP,0,,,N,0700
US1TXAS0007,20251007,PRCP,0,,,N,0700
US1TXAS0007,20251008,PRCP,0,,,N,0700
US1TXAS0007,20251009,PRCP,0,,,N,0700
US1TXAS0007,20251010,PRCP,0,,,N,0700
US1TXAS0007,20251011,PRCP,0,,,N,0700
US1TXAS0007,20251012,PRCP,0,,,N,0700
US1TXAS0007,20251013,PRCP,0,,,N,0700
US1TXAS0007,20251014,PRCP,0,,,N,0700
US1TXAS0007,20251015,PRCP,0,,,N,0700
US1TXAS0007,20251016,PRCP,0,,,N,0700
US1TXAS0007,20251017,PRCP,0,,,N,0700
US1TXAS0007,20251018,PRCP,0,,,N,0700
US1TXAS0007,20251019,PRCP,0,,,N,0700
US1TXAS0007,20251020,PRCP,0,,,N,0700
US1TXAS0007,20251021,PRCP,0,,,N,0700
US1TXAS0007,20251022,PRCP,0,,,N,0700
US1TXAS0007,20251023,PRCP,0,,,N,0700
US1TXAS0007,20251024,PRCP,0,,,N,0700
US1TXAS0007,20251025,PRCP,333,,,N,0700
US1TXAS0007,20251026,PRCP,114,,,N,0700
US1TXAS0007,20251027,PRCP,0,,,N,0700
US1TXAS0007,20251028,PRCP,0,,,N,0700
US1TXAS0007,20251029,PRCP,0,,,N,0700
US1TXAS0007,20251030,PRCP,0,,,N,0700
US1TXAS0007,20251031,PRCP,0,,,N,0700
US1TXAS0007,20251001,SNOW,0,,,N,0700
US1TXAS0007,20251002,SNOW,0,,,N,0700
US1TXAS0007,20251003,SNOW,0,,,N,0700
US1TXAS0007,20251004,SNOW,0,,,N,0700
US1TXAS0007,20251005,SNOW,0,,,N,0700
US1TXAS0007,20251006,SNOW,0,,,N,0700
US1TXAS0007,20251007,SNOW,0,,,N,0700
US1TXAS0007,20251008,SNOW,0,,,N,0700
US1TXAS0007,20251009,SNOW,0,,,N,0700
US1TXAS0007,20251010,SNOW,0,,,N,0700
US1TXAS0007,20251011,SNOW,0,,,N,0700
US1TXAS0007,20251012,SNOW,0,,,N,0700
US1TXAS0007,20251013,SNOW,0,,,N,0700
US1TXAS0007,20251014,SNOW,0,,,N,0700
US1TXAS0007,20251015,SNOW,0,,,N,0700
US1TXAS0007,20251016,SNOW,0,,,N,0700
US1TXAS0007,20251017,SNOW,0,,,N,0700
US1TXAS0007,20251018,SNOW,0,,,N,0700
US1TXAS0007,20251019,SNOW,0,,,N,0700
US1TXAS0007,20251020,SNOW,0,,,N,0700
US1TXAS0007,20251021,SNOW,0,,,N,0700
US1TXAS0007,20251022,SNOW,0,,,N,0700
US1TXAS0007,20251023,SNOW,0,,,N,0700
US1TXAS0007,20251024,SNOW,0,,,N,0700
US1TXAS0007,20251027,SNOW,0,,,N,0700
US1TXAS0007,20251028,SNOW,0,,,N,0700
US1TXAS0007,20251029,SNOW,0,,,N,0700
US1TXAS0007,20251030,SNOW,0,,,N,0700
US1TXAS0007,20251031,SNOW,0,,,N,0700
US1TXAS0007,20251101,PRCP,0,,,N,0700
US1TXAS0007,20251102,PRCP,3,,,N,0700
US1TXAS0007,20251103,PRCP,0,,,N,0700
US1TXAS0007,20251104,PRCP,0,,,N,0700
US1TXAS0007,20251105,PRCP,0,,,N,0700
US1TXAS0007,20251106,PRCP,0,,,N,0700
US1TXAS0007,20251107,PRCP,0,,,N,0700
US1TXAS0007,20251108,PRCP,0,,,N,0700
US1TXAS0007,20251109,PRCP,0,,,N,0700
US1TXAS0007,20251110,PRCP,0,,,N,0700
US1TXAS0007,20251111,PRCP,0,,,N,0700
US1TXAS0007,20251112,PRCP,0,,,N,0700
US1TXAS0007,20251113,PRCP,0,,,N,0700
US1TXAS0007,20251114,PRCP,0,,,N,0700
US1TXAS0007,20251115,PRCP,0,,,N,0700
US1TXAS0007,20251116,PRCP,0,,,N,0700
US1TXAS0007,20251117,PRCP,0,,,N,0700
US1TXAS0007,20251118,PRCP,0,,,N,0700
US1TXAS0007,20251119,PRCP,0,,,N,0700
US1TXAS0007,20251120,PRCP,0,,,N,0700
US1TXAS0007,20251121,PRCP,0,,,N,0700
US1TXAS0007,20251122,PRCP,345,,,N,0700
US1TXAS0007,20251123,PRCP,0,,,N,0700
US1TXAS0007,20251124,PRCP,0,T,,N,0700
US1TXAS0007,20251125,PRCP,508,,,N,0700
US1TXAS0007,20251126,PRCP,0,,,N,0700
US1TXAS0007,20251127,PRCP,0,,,N,0700
US1TXAS0007,20251128,PRCP,0,,,N,0700
US1TXAS0007,20251129,PRCP,0,T,,N,0700
US1TXAS0007,20251130,PRCP,152,,,N,0700
US1TXAS0007,20251101,SNOW,0,,,N,0700
US1TXAS0007,20251103,SNOW,0,,,N,0700
US1TXAS0007,20251104,SNOW,0,,,N,0700
US1TXAS0007,20251105,SNOW,0,,,N,0700
US1TXAS0007,20251106,SNOW,0,,,N,0700
US1TXAS0007,20251107,SNOW,0,,,N,0700
US1TXAS0007,20251108,SNOW,0,,,N,0700
US1TXAS0007,20251109,SNOW,0,,,N,0700
US1TXAS0007,20251110,SNOW,0,,,N,0700
US1TXAS0007,20251111,SNOW,0,,,N,0700
US1TXAS0007,20251112,SNOW,0,,,N,0700
US1TXAS0007,20251113,SNOW,0,,,N,0700
US1TXAS0007,20251114,SNOW,0,,,N,0700
US1TXAS0007,20251115,SNOW,0,,,N,0700
US1TXAS0007,20251116,SNOW,0,,,N,0700
US1TXAS0007,20251117,SNOW,0,,,N,0700
US1TXAS0007,20251118,SNOW,0,,,N,0700
US1TXAS0007,20251119,SNOW,0,,,N,0700
US1TXAS0007,20251120,SNOW,0,,,N,0700
US1TXAS0007,20251121,SNOW,0,,,N,0700
US1TXAS0007,20251123,SNOW,0,,,N,0700
US1TXAS0007,20251126,SNOW,0,,,N,0700
US1TXAS0007,20251127,SNOW,0,,,N,0700
US1TXAS0007,20251128,SNOW,0,,,N,0700
US1TXAS0007,20251201,PRCP,20,,,N,0700
US1TXAS0007,20251202,PRCP,8,,,N,0700
US1TXAS0007,20251203,PRCP,0,,,N,0700
US1TXAS0007,20251204,PRCP,84,,,N,0700
US1TXAS0007,20251205,PRCP,5,,,N,0700
US1TXAS0007,20251206,PRCP,0,,,N,0700
US1TXAS0007,20251207,PRCP,0,,,N,0700
US1TXAS0007,20251208,PRCP,0,,,N,0700
US1TXAS0007,20251209,PRCP,0,,,N,0700
US1TXAS0007,20251210,PRCP,0,,,N,0700
US1TXAS0007,20251211,PRCP,0,,,N,0700
US1TXAS0007,20251212,PRCP,0,,,N,0700
US1TXAS0007,20251213,PRCP,0,,,N,0700
US1TXAS0007,20251214,PRCP,5,,,N,0700
US1TXAS0007,20251215,PRCP,0,,,N,0700
US1TXAS0007,20251216,PRCP,0,,,N,0700
US1TXAS0007,20251217,PRCP,10,,,N,0700
US1TXAS0007,20251218,PRCP,18,,,N,0700
US1TXAS0007,20251219,PRCP,0,,,N,0700
US1TXAS0007,20251220,PRCP,0,,,N,0700
US1TXAS0007,20251221,PRCP,0,,,N,0700
US1TXAS0007,20251222,PRCP,0,,,N,0700
US1TXAS0007,20251223,PRCP,0,T,,N,0700
US1TXAS0007,20251224,PRCP,0,,,N,0700
US1TXAS0007,20251225,PRCP,0,,,N,0700
US1TXAS0007,20251226,PRCP,0,,,N,0700
US1TXAS0007,20251227,PRCP,0,,,N,0700
US1TXAS0007,20251228,PRCP,0,,,N,0700
US1TXAS0007,20251229,PRCP,0,,,N,0700
US1TXAS0007,20251230,PRCP,3,,,N,0700
US1TXAS0007,20251231,PRCP,0,,,N,0700
US1TXAS0007,20251203,SNOW,0,,,N,0700
US1TXAS0007,20251206,SNOW,0,,,N,0700
US1TXAS0007,20251207,SNOW,0,,,N,0700
US1TXAS0007,20251208,SNOW,0,,,N,0700
US1TXAS0007,20251209,SNOW,0,,,N,0700
US1TXAS0007,20251210,SNOW,0,,,N,0700
US1TXAS0007,20251211,SNOW,0,,,N,0700
US1TXAS0007,20251212,SNOW,0,,,N,0700
US1TXAS0007,20251213,SNOW,0,,,N,0700
US1TXAS0007,20251215,SNOW,0,,,N,0700
US1TXAS0007,20251216,SNOW,0,,,N,0700
US1TXAS0007,20251219,SNOW,0,,,N,0700
US1TXAS0007,20251220,SNOW,0,,,N,0700
US1TXAS0007,20251221,SNOW,0,,,N,0700
US1TXAS0007,20251222,SNOW,0,,,N,0700
US1TXAS0007,20251224,SNOW,0,,,N,0700
US1TXAS0007,20251225,SNOW,0,,,N,0700
US1TXAS0007,20251226,SNOW,0,,,N,0700
US1TXAS0007,20251227,SNOW,0,,,N,0700
US1TXAS0007,20251228,SNOW,0,,,N,0700
US1TXAS0007,20251229,SNOW,0,,,N,0700
US1TXAS0007,20251231,SNOW,0,,,N,0700
US1TXAS0007,20260101,PRCP,0,,,N,0700
US1TXAS0007,20260102,PRCP,0,,,N,0700
US1TXAS0007,20260103,PRCP,0,,,N,0700
US1TXAS0007,20260104,PRCP,0,,,N,0700
US1TXAS0007,20260105,PRCP,0,,,N,0700
US1TXAS0007,20260106,PRCP,0,,,N,0700
US1TXAS0007,20260107,PRCP,0,,,N,0700
US1TXAS0007,20260108,PRCP,0,,,N,0700
US1TXAS0007,20260109,PRCP,0,,,N,0700
US1TXAS0007,20260110,PRCP,218,,,N,0700
US1TXAS0007,20260111,PRCP,0,,,N,0700
US1TXAS0007,20260112,PRCP,0,,,N,0700
US1TXAS0007,20260113,PRCP,0,,,N,0700
US1TXAS0007,20260114,PRCP,28,,,N,0700
US1TXAS0007,20260115,PRCP,0,,,N,0700
US1TXAS0007,20260116,PRCP,0,,,N,0700
US1TXAS0007,20260117,PRCP,0,,,N,0700
US1TXAS0007,20260118,PRCP,0,,,N,0700
US1TXAS0007,20260119,PRCP,0,,,N,0700
US1TXAS0007,20260120,PRCP,0,,,N,0700
US1TXAS0007,20260121,PRCP,0,,,N,0700
US1TXAS0007,20260122,PRCP,3,,,N,0700
US1TXAS0007,20260123,PRCP,0,T,,N,0700
US1TXAS0007,20260127,PRCP,0,,,N,0700
US1TXAS0007,20260128,PRCP,0,,,N,0700
US1TXAS0007,20260129,PRCP,0,,,N,0700
US1TXAS0007,20260130,PRCP,0,,,N,0700
US1TXAS0007,20260131,PRCP,0,,,N,0700
US1TXAS0007,20260101,SNOW,0,,,N,0700
US1TXAS0007,20260102,SNOW,0,,,N,0700
US1TXAS0007,20260103,SNOW,0,,,N,0700
US1TXAS0007,20260104,SNOW,0,,,N,0700
US1TXAS0007,20260105,SNOW,0,,,N,0700
US1TXAS0007,20260106,SNOW,0,,,N,0700
US1TXAS0007,20260107,SNOW,0,,,N,0700
US1TXAS0007,20260108,SNOW,0,,,N,0700
US1TXAS0007,20260109,SNOW,0,,,N,0700
US1TXAS0007,20260111,SNOW,0,,,N,0700
US1TXAS0007,20260112,SNOW,0,,,N,0700
US1TXAS0007,20260113,SNOW,0,,,N,0700
US1TXAS0007,20260115,SNOW,0,,,N,0700
US1TXAS0007,20260116,SNOW,0,,,N,0700
US1TXAS0007,20260117,SNOW,0,,,N,0700
US1TXAS0007,20260118,SNOW,0,,,N,0700
US1TXAS0007,20260119,SNOW,0,,,N,0700
US1TXAS0007,20260120,SNOW,0,,,N,0700
US1TXAS0007,20260121,SNOW,0,,,N,0700
US1TXAS0007,20260127,SNOW,0,,,N,0700
US1TXAS0007,20260128,SNOW,0,,,N,0700
US1TXAS0007,20260129,SNOW,0,,,N,0700
US1TXAS0007,20260130,SNOW,0,,,N,0700
US1TXAS0007,20260131,SNOW,0,,,N,0700
US1TXAS0007,20260126,DAPR,3,,,N,0700
US1TXAS0007,20260126,MDPR,318,,,N,0700
US1TXAS0007,20260201,PRCP,0,,,N,0700
US1TXAS0007,20260202,PRCP,0,,,N,0700
US1TXAS0007,20260203,PRCP,8,,,N,0700
US1TXAS0007,20260204,PRCP,61,,,N,0700
US1TXAS0007,20260205,PRCP,0,,,N,0700
US1TXAS0007,20260206,PRCP,0,,,N,0700
US1TXAS0007,20260207,PRCP,0,,,N,0700
US1TXAS0007,20260208,PRCP,0,,,N,0700
US1TXAS0007,20260209,PRCP,0,,,N,0700
US1TXAS0007,20260210,PRCP,0,,,N,0700
US1TXAS0007,20260211,PRCP,0,T,,N,0700
US1TXAS0007,20260212,PRCP,8,,,N,0700
US1TXAS0007,20260213,PRCP,0,,,N,0700
US1TXAS0007,20260214,PRCP,0,T,,N,0700
US1TXAS0007,20260215,PRCP,244,,,N,0700
US1TXAS0007,20260216,PRCP,0,,,N,0700
US1TXAS0007,20260217,PRCP,0,,,N,0700
US1TXAS0007,20260218,PRCP,0,,,N,0700
US1TXAS0007,20260219,PRCP,0,,,N,0700
US1TXAS0007,20260220,PRCP,0,T,,N,0700
US1TXAS0007,20260221,PRCP,0,T,,N,0700
US1TXAS0007,20260222,PRCP,0,,,N,0700
US1TXAS0007,20260223,PRCP,0,,,N,0700
US1TXAS0007,20260224,PRCP,0,,,N,0700
US1TXAS0007,20260225,PRCP,0,,,N,0700
US1TXAS0007,20260226,PRCP,0,,,N,0700
US1TXAS0007,20260227,PRCP,0,,,N,0700
US1TXAS0007,20260228,PRCP,0,,,N,0700
US1TXAS0007,20260201,SNOW,0,,,N,0700
US1TXAS0007,20260202,SNOW,0,,,N,0700
US1TXAS0007,20260205,SNOW,0,,,N,0700
US1TXAS0007,20260206,SNOW,0,,,N,0700
US1TXAS0007,20260207,SNOW,0,,,N,0700
US1TXAS0007,20260208,SNOW,0,,,N,0700
US1TXAS0007,20260209,SNOW,0,,,N,0700
US1TXAS0007,20260210,SNOW,0,,,N,0700
US1TXAS0007,20260213,SNOW,0,,,N,0700
US1TXAS0007,20260216,SNOW,0,,,N,0700
US1TXAS0007,20260217,SNOW,0,,,N,0700
US1TXAS0007,20260218,SNOW,0,,,N,0700
US1TXAS0007,20260219,SNOW,0,,,N,0700
US1TXAS0007,20260222,SNOW,0,,,N,0700
US1TXAS0007,20260223,SNOW,0,,,N,0700
US1TXAS0007,20260224,SNOW,0,,,N,0700
US1TXAS0007,20260225,SNOW,0,,,N,0700
US1TXAS0007,20260226,SNOW,0,,,N,0700
US1TXAS0007,20260227,SNOW,0,,,N,0700
US1TXAS0007,20260228,SNOW,0,,,N,0700
US1TXAS0007,20260301,PRCP,0,,,N,0700
US1TXAS0007,20260302,PRCP,0,,,N,0700
US1TXAS0007,20260303,PRCP,0,,,N,0700
US1TXAS0007,20260304,PRCP,0,,,N,0700
US1TXAS0007,20260305,PRCP,0,,,N,0700
US1TXAS0007,20260306,PRCP,0,,,N,0700
US1TXAS0007,20260307,PRCP,0,T,,N,0700
US1TXAS0007,20260308,PRCP,25,,,N,0700
US1TXAS0007,20260309,PRCP,13,,,N,0700
US1TXAS0007,20260310,PRCP,0,,,N,0700
US1TXAS0007,20260311,PRCP,23,,,N,0700
US1TXAS0007,20260312,PRCP,414,,,N,0700
US1TXAS0007,20260313,PRCP,0,,,N,0700
US1TXAS0007,20260314,PRCP,0,,,N,0700
US1TXAS0007,20260315,PRCP,0,,,N,0700
US1TXAS0007,20260316,PRCP,0,T,,N,0700
US1TXAS0007,20260317,PRCP,0,,,N,0700
US1TXAS0007,20260318,PRCP,0,,,N,0700
US1TXAS0007,20260319,PRCP,0,,,N,0700
US1TXAS0007,20260320,PRCP,0,,,N,0700
US1TXAS0007,20260321,PRCP,0,,,N,0700
US1TXAS0007,20260322,PRCP,0,,,N,0700
US1TXAS0007,20260323,PRCP,0,,,N,0700
US1TXAS0007,20260324,PRCP,0,,,N,0700
US1TXAS0007,20260325,PRCP,0,,,N,0700
US1TXAS0007,20260326,PRCP,0,,,N,0700
US1TXAS0007,20260327,PRCP,0,,,N,0700
US1TXAS0007,20260328,PRCP,0,,,N,0700
US1TXAS0007,20260329,PRCP,0,,,N,0700
US1TXAS0007,20260330,PRCP,0,,,N,0700
US1TXAS0007,20260331,PRCP,0,,,N,0700
US1TXAS0007,20260301,SNOW,0,,,N,0700
US1TXAS0007,20260302,SNOW,0,,,N,0700
US1TXAS0007,20260303,SNOW,0,,,N,0700
US1TXAS0007,20260304,SNOW,0,,,N,0700
US1TXAS0007,20260305,SNOW,0,,,N,0700
US1TXAS0007,20260306,SNOW,0,,,N,0700
US1TXAS0007,20260310,SNOW,0,,,N,0700
US1TXAS0007,20260313,SNOW,0,,,N,0700
US1TXAS0007,20260314,SNOW,0,,,N,0700
US1TXAS0007,20260315,SNOW,0,,,N,0700
US1TXAS0007,20260317,SNOW,0,,,N,0700
US1TXAS0007,20260318,SNOW,0,,,N,0700
US1TXAS0007,20260319,SNOW,0,,,N,0700
US1TXAS0007,20260320,SNOW,0,,,N,0700
US1TXAS0007,20260321,SNOW,0,,,N,0700
US1TXAS0007,20260322,SNOW,0,,,N,0700
US1TXAS0007,20260323,SNOW,0,,,N,0700
US1TXAS0007,20260324,SNOW,0,,,N,0700
US1TXAS0007,20260325,SNOW,0,,,N,0700
US1TXAS0007,20260326,SNOW,0,,,N,0700
US1TXAS0007,20260327,SNOW,0,,,N,0700
US1TXAS0007,20260328,SNOW,0,,,N,0700
US1TXAS0007,20260329,SNOW,0,,,N,0700
US1TXAS0007,20260330,SNOW,0,,,N,0700
US1TXAS0007,20260331,SNOW,0,,,N,0700
US1TXAS0007,20260401,PRCP,0,T,,N,0700
US1TXAS0007,20260402,PRCP,48,,,N,0700
US1TXAS0007,20260403,PRCP,3,,,N,0700
US1TXAS0007,20260404,PRCP,0,,,N,0700
US1TXAS0007,20260405,PRCP,157,,,N,0700
US1TXAS0007,20260406,PRCP,15,,,N,0700
US1TXAS0007,20260407,PRCP,0,,,N,0700
US1TXAS0007,20260408,PRCP,0,,,N,0700
US1TXAS0007,20260409,PRCP,0,,,N,0700
US1TXAS0007,20260410,PRCP,5,,,N,0700
US1TXAS0007,20260411,PRCP,0,T,,N,0700
US1TXAS0007,20260412,PRCP,69,,,N,0700
US1TXAS0007,20260413,PRCP,1308,,,N,0700
US1TXAS0007,20260414,PRCP,0,T,,N,0700
US1TXAS0007,20260415,PRCP,0,T,,N,0700
US1TXAS0007,20260416,PRCP,0,T,,N,0700
US1TXAS0007,20260417,PRCP,0,,,N,0700
US1TXAS0007,20260418,PRCP,0,T,,N,0700
US1TXAS0007,20260419,PRCP,97,,,N,0700
US1TXAS0007,20260420,PRCP,0,,,N,0700
US1TXAS0007,20260421,PRCP,137,,,N,0700
US1TXAS0007,20260422,PRCP,470,,,N,0700
US1TXAS0007,20260423,PRCP,117,,,N,0700
US1TXAS0007,20260424,PRCP,0,T,,N,0700
US1TXAS0007,20260425,PRCP,0,,,N,0700
US1TXAS0007,20260426,PRCP,0,,,N,0700
US1TXAS0007,20260427,PRCP,0,,,N,0700
US1TXAS0007,20260428,PRCP,0,,,N,0700
US1TXAS0007,20260429,PRCP,0,,,N,0700
US1TXAS0007,20260430,PRCP,0,,,N,0700
US1TXAS0007,20260404,SNOW,0,,,N,0700
US1TXAS0007,20260407,SNOW,0,,,N,0700
US1TXAS0007,20260408,SNOW,0,,,N,0700
US1TXAS0007,20260409,SNOW,0,,,N,0700
US1TXAS0007,20260417,SNOW,0,,,N,0700
US1TXAS0007,20260420,SNOW,0,,,N,0700
US1TXAS0007,20260425,SNOW,0,,,N,0700
US1TXAS0007,20260426,SNOW,0,,,N,0700
US1TXAS0007,20260427,SNOW,0,,,N,0700
US1TXAS0007,20260428,SNOW,0,,,N,0700
US1TXAS0007,20260429,SNOW,0,,,N,0700
US1TXAS0007,20260430,SNOW,0,,,N,0700
US1TXAS0007,20260501,PRCP,297,,,N,0700
US1TXAS0007,20260502,PRCP,490,,,N,0700
US1TXAS0007,20260503,PRCP,0,,,N,0700
US1TXAS0007,20260504,PRCP,0,,,N,0700
US1TXAS0007,20260505,PRCP,0,,,N,0700
US1TXAS0007,20260506,PRCP,0,,,N,0700
US1TXAS0007,20260507,PRCP,0,,,N,0700
US1TXAS0007,20260508,PRCP,0,,,N,0700
US1TXAS0007,20260509,PRCP,0,T,,N,0700
US1TXAS0007,20260510,PRCP,0,,,N,0700
US1TXAS0007,20260511,PRCP,208,,,N,0700
US1TXAS0007,20260512,PRCP,0,,,N,0700
US1TXAS0007,20260513,PRCP,0,,,N,0700
US1TXAS0007,20260514,PRCP,0,,,N,0700
US1TXAS0007,20260515,PRCP,0,,,N,0700
US1TXAS0007,20260516,PRCP,0,,,N,0700
US1TXAS0007,20260517,PRCP,0,,,N,0700
US1TXAS0007,20260518,PRCP,0,T,,N,0700
US1TXAS0007,20260519,PRCP,28,,,N,0700
US1TXAS0007,20260520,PRCP,318,,,N,0700
US1TXAS0007,20260521,PRCP,33,,,N,0700
US1TXAS0007,20260522,PRCP,0,,,N,0700
US1TXAS0007,20260523,PRCP,15,,,N,0700
US1TXAS0007,20260524,PRCP,191,,,N,0700
US1TXAS0007,20260525,PRCP,0,,,N,0700
US1TXAS0007,20260526,PRCP,0,,,N,0700
US1TXAS0007,20260527,PRCP,315,,,N,0700
US1TXAS0007,20260528,PRCP,25,,,N,0700
US1TXAS0007,20260529,PRCP,0,,,N,0700
US1TXAS0007,20260530,PRCP,0,,,N,0700
US1TXAS0007,20260531,PRCP,0,,,N,0700
US1TXAS0007,20260503,SNOW,0,,,N,0700
US1TXAS0007,20260504,SNOW,0,,,N,0700
US1TXAS0007,20260505,SNOW,0,,,N,0700
US1TXAS0007,20260506,SNOW,0,,,N,0700
US1TXAS0007,20260507,SNOW,0,,,N,0700
US1TXAS0007,20260508,SNOW,0,,,N,0700
US1TXAS0007,20260510,SNOW,0,,,N,0700
US1TXAS0007,20260512,SNOW,0,,,N,0700
US1TXAS0007,20260513,SNOW,0,,,N,0700
US1TXAS0007,20260514,SNOW,0,,,N,0700
US1TXAS0007,20260515,SNOW,0,,,N,0700
US1TXAS0007,20260516,SNOW,0,,,N,0700
US1TXAS0007,20260517,SNOW,0,,,N,0700
US1TXAS0007,20260522,SNOW,0,,,N,0700
US1TXAS0007,20260525,SNOW,0,,,N,0700
US1TXAS0007,20260526,SNOW,0,,,N,0700
US1TXAS0007,20260529,SNOW,0,,,N,0700
US1TXAS0007,20260530,SNOW,0,,,N,0700
US1TXAS0007,20260531,SNOW,0,,,N,0700
US1TXAS0007,20260601,PRCP,0,,,N,0700
US1TXAS0007,20260602,PRCP,0,,,N,0700
US1TXAS0007,20260603,PRCP,23,,,N,0700
US1TXAS0007,20260604,PRCP,221,,,N,0700
US1TXAS0007,20260605,PRCP,0,T,,N,0700
US1TXAS0007,20260606,PRCP,155,,,N,0700
US1TXAS0007,20260607,PRCP,3,,,N,0700
US1TXAS0007,20260608,PRCP,0,,,N,0700
US1TXAS0007,20260609,PRCP,0,,,N,0700
US1TXAS0007,20260610,PRCP,0,,,N,0700
US1TXAS0007,20260611,PRCP,8,,,N,0700
US1TXAS0007,20260612,PRCP,0,,,N,0700
US1TXAS0007,20260613,PRCP,61,,,N,0700
US1TXAS0007,20260614,PRCP,51,,,N,0700
US1TXAS0007,20260615,PRCP,33,,,N,0700
US1TXAS0007,20260616,PRCP,71,,,N,0700
US1TXAS0007,20260617,PRCP,556,,,N,0700
US1TXAS0007,20260618,PRCP,10,,,N,0700
US1TXAS0007,20260619,PRCP,0,,,N,0700
US1TXAS0007,20260620,PRCP,8,,,N,0700
US1TXAS0007,20260621,PRCP,282,,,N,0700
US1TXAS0007,20260622,PRCP,0,T,,N,0700
US1TXAS0007,20260623,PRCP,0,,,N,0700
US1TXAS0007,20260624,PRCP,0,,,N,0700
US1TXAS0007,20260625,PRCP,0,,,N,0700
US1TXAS0007,20260626,PRCP,0,,,N,0700
US1TXAS0007,20260627,PRCP,0,,,N,0700
US1TXAS0007,20260628,PRCP,0,,,N,0700
US1TXAS0007,20260629,PRCP,0,,,N,0700
US1TXAS0007,20260630,PRCP,0,,,N,0700
US1TXAS0007,20260601,SNOW,0,,,N,0700
US1TXAS0007,20260602,SNOW,0,,,N,0700
US1TXAS0007,20260608,SNOW,0,,,N,0700
US1TXAS0007,20260609,SNOW,0,,,N,0700
US1TXAS0007,20260610,SNOW,0,,,N,0700
US1TXAS0007,20260612,SNOW,0,,,N,0700
US1TXAS0007,20260619,SNOW,0,,,N,0700
US1TXAS0007,20260623,SNOW,0,,,N,0700
US1TXAS0007,20260624,SNOW,0,,,N,0700
US1TXAS0007,20260625,SNOW,0,,,N,0700
US1TXAS0007,20260626,SNOW,0,,,N,0700
US1TXAS0007,20260627,SNOW,0,,,N,0700
US1TXAS0007,20260628,SNOW,0,,,N,0700
US1TXAS0007,20260629,SNOW,0,,,N,0700
US1TXAS0007,20260630,SNOW,0,,,N,0700
US1TXAS0007,20260701,PRCP,30,,,N,0700
US1TXAS0007,20260702,PRCP,0,,,N,0700
US1TXAS0007,20260703,PRCP,0,T,,N,0700
US1TXAS0007,20260704,PRCP,0,T,,N,0700
US1TXAS0007,20260705,PRCP,0,,,N,0700
US1TXAS0007,20260706,PRCP,0,,,N,0700
US1TXAS0007,20260707,PRCP,0,,,N,0700
US1TXAS0007,20260708,PRCP,0,,,N,0700
US1TXAS0007,20260709,PRCP,0,,,N,0700
US1TXAS0007,20260710,PRCP,18,,,N,0700
US1TXAS0007,20260711,PRCP,38,,,N,0700
US1TXAS0007,20260712,PRCP,25,,,N,0700
US1TXAS0007,20260713,PRCP,20,,,N,0700
US1TXAS0007,20260714,PRCP,137,,,N,0700
US1TXAS0007,20260715,PRCP,259,,,N,0700
US1TXAS0007,20260716,PRCP,124,,,N,0700
US1TXAS0007,20260717,PRCP,46,,,N,0700
US1TXAS0007,20260718,PRCP,0,,,N,0700
US1TXAS0007,20260719,PRCP,0,,,N,0700
US1TXAS0007,20260721,PRCP,0,,,N,0700
US1TXAS0007,20260722,PRCP,0,,,N,0700
US1TXAS0007,20260723,PRCP,0,,,N,0700
US1TXAS0007,20260724,PRCP,15,,,N,0700
US1TXAS0007,20260725,PRCP,0,,,N,0700
US1TXAS0007,20260726,PRCP,0,,,N,0700
US1TXAS0007,20260727,PRCP,0,,,N,0700
US1TXAS0007,20260728,PRCP,0,,,N,0700
US1TXAS0007,20260729,PRCP,0,,,N,0700
US1TXAS0007,20260730,PRCP,0,,,N,0700
US1TXAS0007,20260731,PRCP,0,,,N,0700
US1TXAS0007,20260702,SNOW,0,,,N,0700
US1TXAS0007,20260705,SNOW,0,,,N,0700
US1TXAS0007,20260706,SNOW,0,,,N,0700
US1TXAS0007,20260707,SNOW,0,,,N,0700
US1TXAS0007,20260708,SNOW,0,,,N,0700
US1TXAS0007,20260709,SNOW,0,,,N,0700
US1TXAS0007,20260718,SNOW,0,,,N,0700
US1TXAS0007,20260719,SNOW,0,,,N,0700
US1TXAS0007,20260721,SNOW,0,,,N,0700
US1TXAS0007,20260722,SNOW,0,,,N,0700
US1TXAS0007,20260723,SNOW,0,,,N,0700
US1TXAS0007,20260725,SNOW,0,,,N,0700
US1TXAS0007,20260726,SNOW,0,,,N,0700
US1TXAS0007,20260727,SNOW,0,,,N,0700
US1TXAS0007,20260728,SNOW,0,,,N,0700
US1TXAS0007,20260729,SNOW,0,,,N,0700
US1TXAS0007,20260730,SNOW,0,,,N,0700
US1TXAS0007,20260731,SNOW,0,,,N,0700
US1TXAS0007,20260801,PRCP,0,,,N,0700
US1TXAS0007,20260802,PRCP,0,T,,N,0700
US1TXAS0007,20260803,PRCP,0,,,N,0700
US1TXAS0007,20260804,PRCP,0,,,N,0700
US1TXAS0007,20260805,PRCP,5,,,N,0700
US1TXAS0007,20260806,PRCP,0,,,N,0700
US1TXAS0007,20260807,PRCP,0,,,N,0700
US1TXAS0007,20260808,PRCP,0,,,N,0700
US1TXAS0007,20260809,PRCP,0,T,,N,0700
US1TXAS0007,20260810,PRCP,0,,,N,0700
US1TXAS0007,20260811,PRCP,46,,,N,0700
US1TXAS0007,20260812,PRCP,58,,,N,0700
US1TXAS0007,20260813,PRCP,0,,,N,0700
US1TXAS0007,20260814,PRCP,0,,,N,0700
US1TXAS0007,20260815,PRCP,56,,,N,0700
US1TXAS0007,20260816,PRCP,0,,,N,0700
US1TXAS0007,20260817,PRCP,0,,,N,0700
US1TXAS0007,20260818,PRCP,0,,,N,0700
US1TXAS0007,20260819,PRCP,0,,,N,0700
US1TXAS0007,20260820,PRCP,0,,,N,0700
US1TXAS0007,20260821,PRCP,0,,,N,0700
US1TXAS0007,20260822,PRCP,0,,,N,0700
US1TXAS0007,20260823,PRCP,0,,,N,0700
US1TXAS0007,20260824,PRCP,0,,,N,0700
US1TXAS0007,20260825,PRCP,0,,,N,0700
US1TXAS0007,20260826,PRCP,0,,,N,0700
US1TXAS0007,20260827,PRCP,0,,,N,0700
US1TXAS0007,20260828,PRCP,0,,,N,0700
US1TXAS0007,20260829,PRCP,335,,,N,0700
US1TXAS0007,20260830,PRCP,0,,,N,0700
US1TXAS0007,20260831,PRCP,0,,,N,0700
US1TXAS0007,20260801,SNOW,0,,,N,0700
US1TXAS0007,20260803,SNOW,0,,,N,0700
US1TXAS0007,20260804,SNOW,0,,,N,0700
US1TXAS0007,20260806,SNOW,0,,,N,0700
US1TXAS0007,20260807,SNOW,0,,,N,0700
US1TXAS0007,20260808,SNOW,0,,,N,0700
US1TXAS0007,20260810,SNOW,0,,,N,0700
US1TXAS0007,20260813,SNOW,0,,,N,0700
US1TXAS0007,20260814,SNOW,0,,,N,0700
US1TXAS0007,20260816,SNOW,0,,,N,0700
US1TXAS0007,20260817,SNOW,0,,,N,0700
US1TXAS0007,20260818,SNOW,0,,,N,0700
US1TXAS0007,20260819,SNOW,0,,,N,0700
US1TXAS0007,20260820,SNOW,0,,,N,0700
US1TXAS0007,20260821,SNOW,0,,,N,0700
US1TXAS0007,20260822,SNOW,0,,,N,0700
US1TXAS0007,20260823,SNOW,0,,,N,0700
US1TXAS0007,20260824,SNOW,0,,,N,0700
US1TXAS0007,20260825,SNOW,0,,,N,0700
US1TXAS0007,20260826,SNOW,0,,,N,0700
US1TXAS0007,20260827,SNOW,0,,,N,0700
US1TXAS0007,20260828,SNOW,0,,,N,0700
US1TXAS0007,20260830,SNOW,0,,,N,0700
US1TXAS0007,20260831,SNOW,0,,,N,0700
US1TXAS0007,20260901,PRCP,0,,,N,0700
US1TXAS0007,20260902,PRCP,0,,,N,0700
US1TXAS0007,20260903,PRCP,28,,,N,0700
US1TXAS0007,20260904,PRCP,25,,,N,0700
US1TXAS0007,20260905,PRCP,257,,,N,
US1TXAS0007,20260906,PRCP,8,,,N,
US1TXAS0007,20260907,PRCP,152,,,N,
US1TXAS0007,20260908,PRCP,0,,,N,
US1TXAS0007,20260909,PRCP,0,,,N,
US1TXAS0007,20260901,SNOW,0,,,N,0700
US1TXAS0007,20260902,SNOW,0,,,N,0700
US1TXAS0007,20260908,SNOW,0,,,N,
US1TXAS0007,20260909,SNOW,0,,,N,
