ID,DATE,ELEMENT,DATA_VALUE,M_FLAG,Q_FLAG,S_FLAG,OBS_TIME
US1TXBEE018,20140417,PRCP,0,,,N,0800
US1TXBEE018,20140418,PRCP,13,,,N,0800
US1TXBEE018,20140419,PRCP,0,,,N,0800
US1TXBEE018,20140420,PRCP,0,,,N,0800
US1TXBEE018,20140421,PRCP,0,,,N,0800
US1TXBEE018,20140422,PRCP,0,,,N,0800
US1TXBEE018,20140423,PRCP,0,,,N,0800
US1TXBEE018,20140424,PRCP,0,,,N,0800
US1TXBEE018,20140425,PRCP,0,,,N,0800
US1TXBEE018,20140426,PRCP,0,,,N,0800
US1TXBEE018,20140427,PRCP,0,,,N,0800
US1TXBEE018,20140430,PRCP,0,,,N,0800
US1TXBEE018,20140417,SNOW,0,,,N,0800
US1TXBEE018,20140419,SNOW,0,,,N,0800
US1TXBEE018,20140420,SNOW,0,,,N,0800
US1TXBEE018,20140421,SNOW,0,,,N,0800
US1TXBEE018,20140422,SNOW,0,,,N,0800
US1TXBEE018,20140423,SNOW,0,,,N,0800
US1TXBEE018,20140424,SNOW,0,,,N,0800
US1TXBEE018,20140425,SNOW,0,,,N,0800
US1TXBEE018,20140426,SNOW,0,,,N,0800
US1TXBEE018,20140427,SNOW,0,,,N,0800
US1TXBEE018,20140430,SNOW,0,,,N,0800
US1TXBEE018,20140501,PRCP,0,,,N,0800
US1TXBEE018,20140502,PRCP,5,,,N,0800
US1TXBEE018,20140503,PRCP,0,,,N,0800
US1TXBEE018,20140504,PRCP,0,,,N,0800
US1TXBEE018,20140508,PRCP,0,T,,N,0800
US1TXBEE018,20140509,PRCP,8,,,N,0800
US1TXBEE018,20140510,PRCP,124,,,N,0730
US1TXBEE018,20140511,PRCP,0,,,N,0800
US1TXBEE018,20140512,PRCP,0,,,N,0700
US1TXBEE018,20140513,PRCP,211,,,N,0700
US1TXBEE018,20140514,PRCP,5,,,N,0700
US1TXBEE018,20140515,PRCP,0,,,N,0800
US1TXBEE018,20140516,PRCP,0,,,N,0730
US1TXBEE018,20140517,PRCP,0,,,N,0800
US1TXBEE018,20140518,PRCP,0,,,N,0800
US1TXBEE018,20140519,PRCP,0,,,N,0800
US1TXBEE018,20140520,PRCP,0,,,N,0800
US1TXBEE018,20140522,PRCP,0,,,N,0800
US1TXBEE018,20140523,PRCP,0,T,,N,0800
US1TXBEE018,20140525,PRCP,0,,,N,0800
US1TXBEE018,20140526,PRCP,5,,,N,0800
US1TXBEE018,20140527,PRCP,663,,,N,0720
US1TXBEE018,20140528,PRCP,33,,,N,0730
US1TXBEE018,20140529,PRCP,0,,,N,0730
US1TXBEE018,20140530,PRCP,0,,,N,0730
US1TXBEE018,20140531,PRCP,0,,,N,0800
US1TXBEE018,20140501,SNOW,0,,,N,0800
US1TXBEE018,20140503,SNOW,0,,,N,0800
US1TXBEE018,20140504,SNOW,0,,,N,0800
US1TXBEE018,20140511,SNOW,0,,,N,0800
US1TXBEE018,20140512,SNOW,0,,,N,0700
US1TXBEE018,20140515,SNOW,0,,,N,0800
US1TXBEE018,20140516,SNOW,0,,,N,0730
US1TXBEE018,20140517,SNOW,0,,,N,0800
US1TXBEE018,20140518,SNOW,0,,,N,0800
US1TXBEE018,20140519,SNOW,0,,,N,0800
US1TXBEE018,20140520,SNOW,0,,,N,0800
US1TXBEE018,20140522,SNOW,0,,,N,0800
US1TXBEE018,20140525,SNOW,0,,,N,0800
US1TXBEE018,20140529,SNOW,0,,,N,0730
US1TXBEE018,20140530,SNOW,0,,,N,0730
US1TXBEE018,20140531,SNOW,0,,,N,0800
US1TXBEE018,20140601,PRCP,0,,,N,0800
US1TXBEE018,20140602,PRCP,0,,,N,0800
US1TXBEE018,20140603,PRCP,0,,,N,0800
US1TXBEE018,20140604,PRCP,0,,,N,0800
US1TXBEE018,20140605,PRCP,0,,,N,0800
US1TXBEE018,20140606,PRCP,0,T,,N,0800
US1TXBEE018,20140607,PRCP,0,,,N,0800
US1TXBEE018,20140608,PRCP,0,,,N,0800
US1TXBEE018,20140609,PRCP,0,,,N,0730
US1TXBEE018,20140610,PRCP,0,,,N,0730
US1TXBEE018,20140611,PRCP,3,,,N,0730
US1TXBEE018,20140612,PRCP,0,,,N,0730
US1TXBEE018,20140613,PRCP,0,T,,N,0745
US1TXBEE018,20140614,PRCP,13,,,N,0730
US1TXBEE018,20140615,PRCP,0,,,N,0800
US1TXBEE018,20140616,PRCP,0,,,N,0730
US1TXBEE018,20140617,PRCP,0,,,N,0730
US1TXBEE018,20140618,PRCP,0,,,N,0800
US1TXBEE018,20140619,PRCP,0,,,N,0800
US1TXBEE018,20140620,PRCP,0,,,N,0700
US1TXBEE018,20140621,PRCP,0,,,N,0730
US1TXBEE018,20140622,PRCP,0,,,N,0800
US1TXBEE018,20140623,PRCP,0,,,N,0700
US1TXBEE018,20140624,PRCP,0,,,N,0800
US1TXBEE018,20140625,PRCP,203,,,N,0700
US1TXBEE018,20140626,PRCP,208,,,N,0700
US1TXBEE018,20140627,PRCP,429,,,N,0700
US1TXBEE018,20140628,PRCP,3,,,N,0715
US1TXBEE018,20140629,PRCP,0,,,N,0700
US1TXBEE018,20140630,PRCP,0,,,N,0700
US1TXBEE018,20140601,SNOW,0,,,N,0800
US1TXBEE018,20140602,SNOW,0,,,N,0800
US1TXBEE018,20140603,SNOW,0,,,N,0800
US1TXBEE018,20140604,SNOW,0,,,N,0800
US1TXBEE018,20140605,SNOW,0,,,N,0800
US1TXBEE018,20140607,SNOW,0,,,N,0800
US1TXBEE018,20140608,SNOW,0,,,N,0800
US1TXBEE018,20140609,SNOW,0,,,N,0730
US1TXBEE018,20140610,SNOW,0,,,N,0730
US1TXBEE018,20140612,SNOW,0,,,N,0730
US1TXBEE018,20140615,SNOW,0,,,N,0800
US1TXBEE018,20140616,SNOW,0,,,N,0730
US1TXBEE018,20140617,SNOW,0,,,N,0730
US1TXBEE018,20140618,SNOW,0,,,N,0800
US1TXBEE018,20140619,SNOW,0,,,N,0800
US1TXBEE018,20140620,SNOW,0,,,N,0700
US1TXBEE018,20140621,SNOW,0,,,N,0730
US1TXBEE018,20140622,SNOW,0,,,N,0800
US1TXBEE018,20140623,SNOW,0,,,N,0700
US1TXBEE018,20140624,SNOW,0,,,N,0800
US1TXBEE018,20140629,SNOW,0,,,N,0700
US1TXBEE018,20140630,SNOW,0,,,N,0700
US1TXBEE018,20140701,PRCP,0,,,N,0700
US1TXBEE018,20140702,PRCP,0,,,N,0800
US1TXBEE018,20140703,PRCP,0,,,N,0800
US1TXBEE018,20140704,PRCP,0,,,N,0800
US1TXBEE018,20140705,PRCP,0,,,N,0900
US1TXBEE018,20140706,PRCP,0,,,N,0800
US1TXBEE018,20140707,PRCP,0,,,N,0800
US1TXBEE018,20140708,PRCP,0,,,N,0800
US1TXBEE018,20140709,PRCP,0,,,N,0800
US1TXBEE018,20140711,PRCP,10,,,N,0800
US1TXBEE018,20140712,PRCP,0,T,,N,0800
US1TXBEE018,20140713,PRCP,0,,,N,0800
US1TXBEE018,20140714,PRCP,0,,,N,0700
US1TXBEE018,20140715,PRCP,0,,,N,0800
US1TXBEE018,20140716,PRCP,0,,,N,0800
US1TXBEE018,20140717,PRCP,0,,,N,0800
US1TXBEE018,20140719,PRCP,81,,,N,0800
US1TXBEE018,20140720,PRCP,0,,,N,0800
US1TXBEE018,20140722,PRCP,0,,,N,0800
US1TXBEE018,20140723,PRCP,0,T,,N,0800
US1TXBEE018,20140724,PRCP,0,,,N,0800
US1TXBEE018,20140725,PRCP,0,,,N,0800
US1TXBEE018,20140727,PRCP,0,,,N,0800
US1TXBEE018,20140729,PRCP,0,,,N,0830
US1TXBEE018,20140701,SNOW,0,,,N,0700
US1TXBEE018,20140702,SNOW,0,,,N,0800
US1TXBEE018,20140703,SNOW,0,,,N,0800
US1TXBEE018,20140704,SNOW,0,,,N,0800
US1TXBEE018,20140705,SNOW,0,,,N,0900
US1TXBEE018,20140706,SNOW,0,,,N,0800
US1TXBEE018,20140707,SNOW,0,,,N,0800
US1TXBEE018,20140708,SNOW,0,,,N,0800
US1TXBEE018,20140709,SNOW,0,,,N,0800
US1TXBEE018,20140713,SNOW,0,,,N,0800
US1TXBEE018,20140714,SNOW,0,,,N,0700
US1TXBEE018,20140715,SNOW,0,,,N,0800
US1TXBEE018,20140716,SNOW,0,,,N,0800
US1TXBEE018,20140717,SNOW,0,,,N,0800
US1TXBEE018,20140720,SNOW,0,,,N,0800
US1TXBEE018,20140722,SNOW,0,,,N,0800
US1TXBEE018,20140724,SNOW,0,,,N,0800
US1TXBEE018,20140725,SNOW,0,,,N,0800
US1TXBEE018,20140727,SNOW,0,,,N,0800
US1TXBEE018,20140729,SNOW,0,,,N,0830
US1TXBEE018,20140802,PRCP,104,,,N,0900
US1TXBEE018,20140806,PRCP,0,,,N,0845
US1TXBEE018,20140808,PRCP,0,,,N,0830
US1TXBEE018,20140809,PRCP,0,,,N,0830
US1TXBEE018,20140810,PRCP,10,,,N,0800
US1TXBEE018,20140811,PRCP,0,,,N,0800
US1TXBEE018,20140813,PRCP,0,,,N,0730
US1TXBEE018,20140815,PRCP,0,,,N,0830
US1TXBEE018,20140817,PRCP,0,,,N,0900
US1TXBEE018,20140820,PRCP,0,,,N,0845
US1TXBEE018,20140824,PRCP,0,,,N,0930
US1TXBEE018,20140825,PRCP,0,,,N,0730
US1TXBEE018,20140826,PRCP,0,,,N,0800
US1TXBEE018,20140827,PRCP,0,,,N,0800
US1TXBEE018,20140828,PRCP,0,,,N,0800
US1TXBEE018,20140829,PRCP,30,,,N,0745
US1TXBEE018,20140830,PRCP,188,,,N,0730
US1TXBEE018,20140831,PRCP,0,,,N,0745
US1TXBEE018,20140806,SNOW,0,,,N,0845
US1TXBEE018,20140808,SNOW,0,,,N,0830
US1TXBEE018,20140809,SNOW,0,,,N,0830
US1TXBEE018,20140811,SNOW,0,,,N,0800
US1TXBEE018,20140813,SNOW,0,,,N,0730
US1TXBEE018,20140815,SNOW,0,,,N,0830
US1TXBEE018,20140817,SNOW,0,,,N,0900
US1TXBEE018,20140820,SNOW,0,,,N,0845
US1TXBEE018,20140824,SNOW,0,,,N,0930
US1TXBEE018,20140825,SNOW,0,,,N,0730
US1TXBEE018,20140826,SNOW,0,,,N,0800
US1TXBEE018,20140827,SNOW,0,,,N,0800
US1TXBEE018,20140828,SNOW,0,,,N,0800
US1TXBEE018,20140831,SNOW,0,,,N,0745
US1TXBEE018,20140901,PRCP,23,,,N,0800
US1TXBEE018,20140902,PRCP,0,,,N,0800
US1TXBEE018,20140903,PRCP,3,,,N,0800
US1TXBEE018,20140904,PRCP,53,,,N,0800
US1TXBEE018,20140905,PRCP,86,,,N,0745
US1TXBEE018,20140906,PRCP,0,,,N,0800
US1TXBEE018,20140908,PRCP,0,,,N,0800
US1TXBEE018,20140909,PRCP,0,,,N,0800
US1TXBEE018,20140910,PRCP,0,,,N,0800
US1TXBEE018,20140911,PRCP,0,,,N,0830
US1TXBEE018,20140913,PRCP,338,,,N,0730
US1TXBEE018,20140914,PRCP,15,,,N,0800
US1TXBEE018,20140915,PRCP,0,,,N,0800
US1TXBEE018,20140916,PRCP,0,,,N,0800
US1TXBEE018,20140917,PRCP,3,,,N,0800
US1TXBEE018,20140918,PRCP,0,,,N,0800
US1TXBEE018,20140919,PRCP,0,,,N,0800
US1TXBEE018,20140920,PRCP,0,T,,N,0800
US1TXBEE018,20140921,PRCP,66,,,N,0800
US1TXBEE018,20140922,PRCP,0,,,N,0800
US1TXBEE018,20140923,PRCP,0,,,N,0800
US1TXBEE018,20140925,PRCP,0,,,N,0800
US1TXBEE018,20140926,PRCP,0,T,,N,0800
US1TXBEE018,20140927,PRCP,46,,,N,0800
US1TXBEE018,20140928,PRCP,91,,,N,0800
US1TXBEE018,20140902,SNOW,0,,,N,0800
US1TXBEE018,20140906,SNOW,0,,,N,0800
US1TXBEE018,20140908,SNOW,0,,,N,0800
US1TXBEE018,20140909,SNOW,0,,,N,0800
US1TXBEE018,20140910,SNOW,0,,,N,0800
US1TXBEE018,20140911,SNOW,0,,,N,0830
US1TXBEE018,20140915,SNOW,0,,,N,0800
US1TXBEE018,20140916,SNOW,0,,,N,0800
US1TXBEE018,20140918,SNOW,0,,,N,0800
US1TXBEE018,20140919,SNOW,0,,,N,0800
US1TXBEE018,20140922,SNOW,0,,,N,0800
US1TXBEE018,20140923,SNOW,0,,,N,0800
US1TXBEE018,20140925,SNOW,0,,,N,0800
US1TXBEE018,20141002,PRCP,0,,,N,0800
US1TXBEE018,20141003,PRCP,132,,,N,0800
US1TXBEE018,20141004,PRCP,0,,,N,0800
US1TXBEE018,20141005,PRCP,0,,,N,0800
US1TXBEE018,20141006,PRCP,0,,,N,0800
US1TXBEE018,20141007,PRCP,0,T,,N,0800
US1TXBEE018,20141008,PRCP,0,T,,N,0800
US1TXBEE018,20141009,PRCP,0,T,,N,0800
US1TXBEE018,20141010,PRCP,0,,,N,0800
US1TXBEE018,20141011,PRCP,0,,,N,0800
US1TXBEE018,20141012,PRCP,10,,,N,0800
US1TXBEE018,20141015,PRCP,0,,,N,0800
US1TXBEE018,20141018,PRCP,0,,,N,0800
US1TXBEE018,20141019,PRCP,0,,,N,0800
US1TXBEE018,20141020,PRCP,0,,,N,0800
US1TXBEE018,20141021,PRCP,0,,,N,0800
US1TXBEE018,20141022,PRCP,0,,,N,0800
US1TXBEE018,20141023,PRCP,0,,,N,0800
US1TXBEE018,20141024,PRCP,0,,,N,0800
US1TXBEE018,20141025,PRCP,0,,,N,0800
US1TXBEE018,20141026,PRCP,0,,,N,0800
US1TXBEE018,20141027,PRCP,0,T,,N,0800
US1TXBEE018,20141028,PRCP,0,,,N,0800
US1TXBEE018,20141029,PRCP,0,,,N,0800
US1TXBEE018,20141030,PRCP,0,,,N,0800
US1TXBEE018,20141031,PRCP,338,,,N,0800
US1TXBEE018,20141002,SNOW,0,,,N,0800
US1TXBEE018,20141004,SNOW,0,,,N,0800
US1TXBEE018,20141005,SNOW,0,,,N,0800
US1TXBEE018,20141006,SNOW,0,,,N,0800
US1TXBEE018,20141010,SNOW,0,,,N,0800
US1TXBEE018,20141011,SNOW,0,,,N,0800
US1TXBEE018,20141015,SNOW,0,,,N,0800
US1TXBEE018,20141018,SNOW,0,,,N,0800
US1TXBEE018,20141019,SNOW,0,,,N,0800
US1TXBEE018,20141020,SNOW,0,,,N,0800
US1TXBEE018,20141021,SNOW,0,,,N,0800
US1TXBEE018,20141022,SNOW,0,,,N,0800
US1TXBEE018,20141023,SNOW,0,,,N,0800
US1TXBEE018,20141024,SNOW,0,,,N,0800
US1TXBEE018,20141025,SNOW,0,,,N,0800
US1TXBEE018,20141026,SNOW,0,,,N,0800
US1TXBEE018,20141028,SNOW,0,,,N,0800
US1TXBEE018,20141029,SNOW,0,,,N,0800
US1TXBEE018,20141030,SNOW,0,,,N,0800
US1TXBEE018,20141101,PRCP,20,,,N,0800
US1TXBEE018,20141102,PRCP,0,,,N,0800
US1TXBEE018,20141103,PRCP,0,,,N,0800
US1TXBEE018,20141104,PRCP,0,,,N,0800
US1TXBEE018,20141105,PRCP,28,,,N,0800
US1TXBEE018,20141106,PRCP,351,,,N,0745
US1TXBEE018,20141107,PRCP,140,,,N,0730
US1TXBEE018,20141108,PRCP,8,,,N,0730
US1TXBEE018,20141109,PRCP,0,,,N,0800
US1TXBEE018,20141110,PRCP,0,T,,N,0700
US1TXBEE018,20141111,PRCP,0,T,,N,0730
US1TXBEE018,20141112,PRCP,0,,,N,0800
US1TXBEE018,20141113,PRCP,23,,,N,0730
US1TXBEE018,20141114,PRCP,0,,,N,0800
US1TXBEE018,20141115,PRCP,3,,,N,0800
US1TXBEE018,20141116,PRCP,15,,,N,0800
US1TXBEE018,20141117,PRCP,3,,,N,0745
US1TXBEE018,20141118,PRCP,0,,,N,0800
US1TXBEE018,20141119,PRCP,0,,,N,0800
US1TXBEE018,20141120,PRCP,3,,,N,0800
US1TXBEE018,20141121,PRCP,13,,,N,0800
US1TXBEE018,20141122,PRCP,10,,,N,0745
US1TXBEE018,20141123,PRCP,137,,,N,0800
US1TXBEE018,20141124,PRCP,0,,,N,0800
US1TXBEE018,20141125,PRCP,0,,,N,0800
US1TXBEE018,20141126,PRCP,0,,,N,0800
US1TXBEE018,20141127,PRCP,0,,,N,0800
US1TXBEE018,20141128,PRCP,0,,,N,0800
US1TXBEE018,20141129,PRCP,0,T,,N,0800
US1TXBEE018,20141130,PRCP,0,,,N,0800
US1TXBEE018,20141102,SNOW,0,,,N,0800
US1TXBEE018,20141103,SNOW,0,,,N,0800
US1TXBEE018,20141104,SNOW,0,,,N,0800
US1TXBEE018,20141109,SNOW,0,,,N,0800
US1TXBEE018,20141112,SNOW,0,,,N,0800
US1TXBEE018,20141114,SNOW,0,,,N,0800
US1TXBEE018,20141118,SNOW,0,,,N,0800
US1TXBEE018,20141119,SNOW,0,,,N,0800
US1TXBEE018,20141124,SNOW,0,,,N,0800
US1TXBEE018,20141125,SNOW,0,,,N,0800
US1TXBEE018,20141126,SNOW,0,,,N,0800
US1TXBEE018,20141127,SNOW,0,,,N,0800
US1TXBEE018,20141128,SNOW,0,,,N,0800
US1TXBEE018,20141130,SNOW,0,,,N,0800
US1TXBEE018,20141201,PRCP,3,,,N,0800
US1TXBEE018,20141202,PRCP,0,,,N,0800
US1TXBEE018,20141203,PRCP,0,,,N,0800
US1TXBEE018,20141204,PRCP,3,,,N,0800
US1TXBEE018,20141205,PRCP,0,,,N,0800
US1TXBEE018,20141206,PRCP,0,T,,N,0800
US1TXBEE018,20141207,PRCP,0,,,N,0800
US1TXBEE018,20141208,PRCP,10,,,N,0715
US1TXBEE018,20141209,PRCP,0,T,,N,0800
US1TXBEE018,20141210,PRCP,0,,,N,0800
US1TXBEE018,20141211,PRCP,0,,,N,0800
US1TXBEE018,20141212,PRCP,0,,,N,0800
US1TXBEE018,20141213,PRCP,0,T,,N,0900
US1TXBEE018,20141214,PRCP,0,T,,N,0800
US1TXBEE018,20141215,PRCP,0,,,N,0800
US1TXBEE018,20141216,PRCP,0,,,N,0800
US1TXBEE018,20141217,PRCP,3,,,N,0800
US1TXBEE018,20141218,PRCP,5,,,N,0800
US1TXBEE018,20141219,PRCP,328,,,N,0810
US1TXBEE018,20141220,PRCP,61,,,N,0800
US1TXBEE018,20141221,PRCP,0,T,,N,0800
US1TXBEE018,20141222,PRCP,0,,,N,0700
US1TXBEE018,20141223,PRCP,3,,,N,0800
US1TXBEE018,20141224,PRCP,0,,,N,0800
US1TXBEE018,20141225,PRCP,0,,,N,0800
US1TXBEE018,20141226,PRCP,8,,,N,0800
US1TXBEE018,20141227,PRCP,0,T,,N,0800
US1TXBEE018,20141228,PRCP,61,,,N,0800
US1TXBEE018,20141229,PRCP,28,,,N,0800
US1TXBEE018,20141230,PRCP,0,,,N,0800
US1TXBEE018,20141231,PRCP,3,,,N,0800
US1TXBEE018,20141202,SNOW,0,,,N,0800
US1TXBEE018,20141203,SNOW,0,,,N,0800
US1TXBEE018,20141205,SNOW,0,,,N,0800
US1TXBEE018,20141207,SNOW,0,,,N,0800
US1TXBEE018,20141210,SNOW,0,,,N,0800
US1TXBEE018,20141211,SNOW,0,,,N,0800
US1TXBEE018,20141212,SNOW,0,,,N,0800
US1TXBEE018,20141215,SNOW,0,,,N,0800
US1TXBEE018,20141216,SNOW,0,,,N,0800
US1TXBEE018,20141222,SNOW,0,,,N,0700
US1TXBEE018,20141224,SNOW,0,,,N,0800
US1TXBEE018,20141225,SNOW,0,,,N,0800
US1TXBEE018,20141230,SNOW,0,,,N,0800
US1TXBEE018,20150101,PRCP,18,,,N,0800
US1TXBEE018,20150102,PRCP,15,,,N,0800
US1TXBEE018,20150103,PRCP,25,,,N,0800
US1TXBEE018,20150104,PRCP,3,,,N,0800
US1TXBEE018,20150105,PRCP,0,,,N,0800
US1TXBEE018,20150106,PRCP,0,,,N,0800
US1TXBEE018,20150107,PRCP,0,,,N,0800
US1TXBEE018,20150108,PRCP,0,,,N,0800
US1TXBEE018,20150109,PRCP,5,,,N,0800
US1TXBEE018,20150110,PRCP,97,,,N,0800
US1TXBEE018,20150111,PRCP,58,,,N,0800
US1TXBEE018,20150112,PRCP,0,T,,N,0700
US1TXBEE018,20150113,PRCP,28,,,N,0800
US1TXBEE018,20150114,PRCP,3,,,N,0800
US1TXBEE018,20150115,PRCP,13,,,N,0800
US1TXBEE018,20150116,PRCP,0,T,,N,0800
US1TXBEE018,20150117,PRCP,0,,,N,0800
US1TXBEE018,20150118,PRCP,0,,,N,0800
US1TXBEE018,20150119,PRCP,0,,,N,0800
US1TXBEE018,20150120,PRCP,0,,,N,0800
US1TXBEE018,20150121,PRCP,0,,,N,0800
US1TXBEE018,20150122,PRCP,13,,,N,0800
US1TXBEE018,20150123,PRCP,61,,,N,0800
US1TXBEE018,20150124,PRCP,0,T,,N,0800
US1TXBEE018,20150125,PRCP,0,,,N,0800
US1TXBEE018,20150127,PRCP,0,,,N,0800
US1TXBEE018,20150128,PRCP,0,,,N,0800
US1TXBEE018,20150129,PRCP,0,,,N,0800
US1TXBEE018,20150130,PRCP,0,,,N,0800
US1TXBEE018,20150131,PRCP,15,,,N,0800
US1TXBEE018,20150105,SNOW,0,,,N,0800
US1TXBEE018,20150106,SNOW,0,,,N,0800
US1TXBEE018,20150107,SNOW,0,,,N,0800
US1TXBEE018,20150108,SNOW,0,,,N,0800
US1TXBEE018,20150117,SNOW,0,,,N,0800
US1TXBEE018,20150118,SNOW,0,,,N,0800
US1TXBEE018,20150119,SNOW,0,,,N,0800
US1TXBEE018,20150120,SNOW,0,,,N,0800
US1TXBEE018,20150121,SNOW,0,,,N,0800
US1TXBEE018,20150125,SNOW,0,,,N,0800
US1TXBEE018,20150127,SNOW,0,,,N,0800
US1TXBEE018,20150128,SNOW,0,,,N,0800
US1TXBEE018,20150129,SNOW,0,,,N,0800
US1TXBEE018,20150130,SNOW,0,,,N,0800
US1TXBEE018,20150201,PRCP,15,,,N,0800
US1TXBEE018,20150202,PRCP,0,T,,N,0800
US1TXBEE018,20150203,PRCP,61,,,N,0930
US1TXBEE018,20150204,PRCP,178,,,N,0800
US1TXBEE018,20150205,PRCP,3,,,N,0800
US1TXBEE018,20150206,PRCP,0,,,N,0800
US1TXBEE018,20150207,PRCP,0,,,N,0800
US1TXBEE018,20150208,PRCP,0,,,N,0800
US1TXBEE018,20150210,PRCP,0,,,N,0800
US1TXBEE018,20150211,PRCP,0,,,N,0800
US1TXBEE018,20150212,PRCP,0,,,N,0900
US1TXBEE018,20150213,PRCP,0,,,N,0830
US1TXBEE018,20150214,PRCP,0,,,N,0800
US1TXBEE018,20150215,PRCP,0,,,N,0800
US1TXBEE018,20150216,PRCP,3,,,N,0800
US1TXBEE018,20150217,PRCP,0,T,,N,0800
US1TXBEE018,20150218,PRCP,0,,,N,0800
US1TXBEE018,20150220,PRCP,0,,,N,0850
US1TXBEE018,20150221,PRCP,0,,,N,0800
US1TXBEE018,20150222,PRCP,0,,,N,0800
US1TXBEE018,20150223,PRCP,10,,,N,0800
US1TXBEE018,20150224,PRCP,0,T,,N,1000
US1TXBEE018,20150225,PRCP,13,,,N,0800
US1TXBEE018,20150226,PRCP,0,,,N,0800
US1TXBEE018,20150227,PRCP,0,,,N,0800
US1TXBEE018,20150228,PRCP,20,,,N,0900
US1TXBEE018,20150206,SNOW,0,,,N,0800
US1TXBEE018,20150207,SNOW,0,,,N,0800
US1TXBEE018,20150208,SNOW,0,,,N,0800
US1TXBEE018,20150210,SNOW,0,,,N,0800
US1TXBEE018,20150211,SNOW,0,,,N,0800
US1TXBEE018,20150212,SNOW,0,,,N,0900
US1TXBEE018,20150213,SNOW,0,,,N,0830
US1TXBEE018,20150214,SNOW,0,,,N,0800
US1TXBEE018,20150215,SNOW,0,,,N,0800
US1TXBEE018,20150218,SNOW,0,,,N,0800
US1TXBEE018,20150220,SNOW,0,,,N,0850
US1TXBEE018,20150221,SNOW,0,,,N,0800
US1TXBEE018,20150222,SNOW,0,,,N,0800
US1TXBEE018,20150226,SNOW,0,,,N,0800
US1TXBEE018,20150227,SNOW,0,,,N,0800
US1TXBEE018,20150301,PRCP,56,,,N,0800
US1TXBEE018,20150302,PRCP,8,,,N,0850
US1TXBEE018,20150303,PRCP,5,,,N,0830
US1TXBEE018,20150304,PRCP,0,T,,N,0800
US1TXBEE018,20150305,PRCP,33,,,N,0900
US1TXBEE018,20150306,PRCP,0,,,N,0900
US1TXBEE018,20150307,PRCP,0,,,N,0900
US1TXBEE018,20150308,PRCP,15,,,N,0900
US1TXBEE018,20150309,PRCP,427,,,N,0745
US1TXBEE018,20150310,PRCP,163,,,N,0900
US1TXBEE018,20150311,PRCP,0,,,N,0800
US1TXBEE018,20150312,PRCP,0,T,,N,0800
US1TXBEE018,20150313,PRCP,0,,,N,0900
US1TXBEE018,20150314,PRCP,0,,,N,0900
US1TXBEE018,20150315,PRCP,0,,,N,0900
US1TXBEE018,20150316,PRCP,0,T,,N,0900
US1TXBEE018,20150317,PRCP,3,,,N,0800
US1TXBEE018,20150318,PRCP,663,,,N,0800
US1TXBEE018,20150319,PRCP,18,,,N,0800
US1TXBEE018,20150320,PRCP,0,T,,N,0800
US1TXBEE018,20150321,PRCP,10,,,N,0800
US1TXBEE018,20150322,PRCP,310,,,N,0755
US1TXBEE018,20150323,PRCP,0,,,N,0800
US1TXBEE018,20150324,PRCP,0,,,N,0900
US1TXBEE018,20150325,PRCP,0,,,N,0900
US1TXBEE018,20150326,PRCP,0,T,,N,0830
US1TXBEE018,20150327,PRCP,18,,,N,0800
US1TXBEE018,20150328,PRCP,0,,,N,0900
US1TXBEE018,20150329,PRCP,0,,,N,0800
US1TXBEE018,20150330,PRCP,0,,,N,0800
US1TXBEE018,20150331,PRCP,0,,,N,0800
US1TXBEE018,20150306,SNOW,0,,,N,0900
US1TXBEE018,20150307,SNOW,0,,,N,0900
US1TXBEE018,20150311,SNOW,0,,,N,0800
US1TXBEE018,20150313,SNOW,0,,,N,0900
US1TXBEE018,20150314,SNOW,0,,,N,0900
US1TXBEE018,20150315,SNOW,0,,,N,0900
US1TXBEE018,20150323,SNOW,0,,,N,0800
US1TXBEE018,20150324,SNOW,0,,,N,0900
US1TXBEE018,20150325,SNOW,0,,,N,0900
US1TXBEE018,20150328,SNOW,0,,,N,0900
US1TXBEE018,20150329,SNOW,0,,,N,0800
US1TXBEE018,20150330,SNOW,0,,,N,0800
US1TXBEE018,20150331,SNOW,0,,,N,0800
US1TXBEE018,20150401,PRCP,0,,,N,0845
US1TXBEE018,20150402,PRCP,0,,,N,0830
US1TXBEE018,20150403,PRCP,0,,,N,0800
US1TXBEE018,20150404,PRCP,0,,,N,0830
US1TXBEE018,20150405,PRCP,18,,,N,0800
US1TXBEE018,20150406,PRCP,0,,,N,0800
US1TXBEE018,20150407,PRCP,0,,,N,0800
US1TXBEE018,20150408,PRCP,0,,,N,0800
US1TXBEE018,20150409,PRCP,0,,,N,0800
US1TXBEE018,20150410,PRCP,0,,,N,0900
US1TXBEE018,20150411,PRCP,259,,,N,0800
US1TXBEE018,20150412,PRCP,33,,,N,0800
US1TXBEE018,20150413,PRCP,358,,,N,0700
US1TXBEE018,20150414,PRCP,287,,,N,0800
US1TXBEE018,20150415,PRCP,5,,,N,0800
US1TXBEE018,20150416,PRCP,3,,,N,0800
US1TXBEE018,20150417,PRCP,41,,,N,0800
US1TXBEE018,20150418,PRCP,117,,,N,0800
US1TXBEE018,20150419,PRCP,351,,,N,0800
US1TXBEE018,20150420,PRCP,0,,,N,0900
US1TXBEE018,20150421,PRCP,0,,,N,0800
US1TXBEE018,20150422,PRCP,5,,,N,0800
US1TXBEE018,20150423,PRCP,58,,,N,0730
US1TXBEE018,20150424,PRCP,0,T,,N,0800
US1TXBEE018,20150425,PRCP,5,,,N,0930
US1TXBEE018,20150426,PRCP,3,,,N,0830
US1TXBEE018,20150427,PRCP,0,,,N,0800
US1TXBEE018,20150428,PRCP,8,,,N,0800
US1TXBEE018,20150429,PRCP,0,,,N,0800
US1TXBEE018,20150430,PRCP,0,,,N,0815
US1TXBEE018,20150401,SNOW,0,,,N,0845
US1TXBEE018,20150402,SNOW,0,,,N,0830
US1TXBEE018,20150403,SNOW,0,,,N,0800
US1TXBEE018,20150404,SNOW,0,,,N,0830
US1TXBEE018,20150406,SNOW,0,,,N,0800
US1TXBEE018,20150407,SNOW,0,,,N,0800
US1TXBEE018,20150408,SNOW,0,,,N,0800
US1TXBEE018,20150409,SNOW,0,,,N,0800
US1TXBEE018,20150410,SNOW,0,,,N,0900
US1TXBEE018,20150420,SNOW,0,,,N,0900
US1TXBEE018,20150421,SNOW,0,,,N,0800
US1TXBEE018,20150427,SNOW,0,,,N,0800
US1TXBEE018,20150429,SNOW,0,,,N,0800
US1TXBEE018,20150430,SNOW,0,,,N,0815
US1TXBEE018,20150501,PRCP,0,,,N,0945
US1TXBEE018,20150502,PRCP,0,,,N,0830
US1TXBEE018,20150503,PRCP,0,,,N,0745
US1TXBEE018,20150504,PRCP,0,,,N,0829
US1TXBEE018,20150505,PRCP,0,,,N,0830
US1TXBEE018,20150506,PRCP,10,,,N,0700
US1TXBEE018,20150507,PRCP,0,T,,N,0900
US1TXBEE018,20150508,PRCP,0,,,N,0800
US1TXBEE018,20150509,PRCP,0,,,N,0900
US1TXBEE018,20150510,PRCP,0,,,N,0800
US1TXBEE018,20150511,PRCP,0,,,N,0700
US1TXBEE018,20150512,PRCP,935,,,N,0730
US1TXBEE018,20150513,PRCP,391,,,N,0845
US1TXBEE018,20150514,PRCP,124,,,N,0730
US1TXBEE018,20150515,PRCP,0,T,,N,0730
US1TXBEE018,20150516,PRCP,914,,,N,0800
US1TXBEE018,20150517,PRCP,0,,,N,0730
US1TXBEE018,20150518,PRCP,18,,,N,0745
US1TXBEE018,20150519,PRCP,0,,,N,0800
US1TXBEE018,20150520,PRCP,0,,,N,0900
US1TXBEE018,20150521,PRCP,10,,,N,0800
US1TXBEE018,20150522,PRCP,76,,,N,0730
US1TXBEE018,20150523,PRCP,0,,,N,0900
US1TXBEE018,20150524,PRCP,18,,,N,0800
US1TXBEE018,20150525,PRCP,0,,,N,0730
US1TXBEE018,20150526,PRCP,132,,,N,0700
US1TXBEE018,20150527,PRCP,0,,,N,0800
US1TXBEE018,20150528,PRCP,0,,,N,0800
US1TXBEE018,20150529,PRCP,99,,,N,0815
US1TXBEE018,20150530,PRCP,0,,,N,0830
US1TXBEE018,20150531,PRCP,419,,,N,0700
US1TXBEE018,20150501,SNOW,0,,,N,0945
US1TXBEE018,20150502,SNOW,0,,,N,0830
US1TXBEE018,20150503,SNOW,0,,,N,0745
US1TXBEE018,20150504,SNOW,0,,,N,0829
US1TXBEE018,20150505,SNOW,0,,,N,0830
US1TXBEE018,20150508,SNOW,0,,,N,0800
US1TXBEE018,20150509,SNOW,0,,,N,0900
US1TXBEE018,20150510,SNOW,0,,,N,0800
US1TXBEE018,20150511,SNOW,0,,,N,0700
US1TXBEE018,20150517,SNOW,0,,,N,0730
US1TXBEE018,20150519,SNOW,0,,,N,0800
US1TXBEE018,20150520,SNOW,0,,,N,0900
US1TXBEE018,20150523,SNOW,0,,,N,0900
US1TXBEE018,20150525,SNOW,0,,,N,0730
US1TXBEE018,20150527,SNOW,0,,,N,0800
US1TXBEE018,20150528,SNOW,0,,,N,0800
US1TXBEE018,20150530,SNOW,0,,,N,0830
US1TXBEE018,20150601,PRCP,0,,,N,0800
US1TXBEE018,20150602,PRCP,0,,,N,0800
US1TXBEE018,20150603,PRCP,0,,,N,0800
US1TXBEE018,20150604,PRCP,0,,,N,0800
US1TXBEE018,20150605,PRCP,0,,,N,0800
US1TXBEE018,20150606,PRCP,0,,,N,0800
US1TXBEE018,20150607,PRCP,0,,,N,0730
US1TXBEE018,20150608,PRCP,0,,,N,0800
US1TXBEE018,20150609,PRCP,0,,,N,0900
US1TXBEE018,20150610,PRCP,0,,,N,0800
US1TXBEE018,20150611,PRCP,0,,,N,0800
US1TXBEE018,20150612,PRCP,0,T,,N,0745
US1TXBEE018,20150613,PRCP,0,,,N,0900
US1TXBEE018,20150614,PRCP,3,,,N,0830
US1TXBEE018,20150615,PRCP,0,T,,N,0930
US1TXBEE018,20150616,PRCP,46,,,N,0800
US1TXBEE018,20150617,PRCP,8,,,N,0800
US1TXBEE018,20150618,PRCP,358,,,N,0800
US1TXBEE018,20150619,PRCP,66,,,N,0800
US1TXBEE018,20150620,PRCP,0,T,,N,0800
US1TXBEE018,20150621,PRCP,259,,,N,0800
US1TXBEE018,20150622,PRCP,33,,,N,0800
US1TXBEE018,20150623,PRCP,0,T,,N,0800
US1TXBEE018,20150624,PRCP,0,,,N,0800
US1TXBEE018,20150625,PRCP,0,,,N,0800
US1TXBEE018,20150626,PRCP,0,,,N,0800
US1TXBEE018,20150627,PRCP,0,,,N,0800
US1TXBEE018,20150628,PRCP,5,,,N,0800
US1TXBEE018,20150629,PRCP,0,,,N,0800
US1TXBEE018,20150630,PRCP,0,,,N,0800
US1TXBEE018,20150601,SNOW,0,,,N,0800
US1TXBEE018,20150602,SNOW,0,,,N,0800
US1TXBEE018,20150603,SNOW,0,,,N,0800
US1TXBEE018,20150604,SNOW,0,,,N,0800
US1TXBEE018,20150605,SNOW,0,,,N,0800
US1TXBEE018,20150606,SNOW,0,,,N,0800
US1TXBEE018,20150607,SNOW,0,,,N,0730
US1TXBEE018,20150608,SNOW,0,,,N,0800
US1TXBEE018,20150609,SNOW,0,,,N,0900
US1TXBEE018,20150610,SNOW,0,,,N,0800
US1TXBEE018,20150611,SNOW,0,,,N,0800
US1TXBEE018,20150613,SNOW,0,,,N,0900
US1TXBEE018,20150624,SNOW,0,,,N,0800
US1TXBEE018,20150625,SNOW,0,,,N,0800
US1TXBEE018,20150626,SNOW,0,,,N,0800
US1TXBEE018,20150627,SNOW,0,,,N,0800
US1TXBEE018,20150629,SNOW,0,,,N,0800
US1TXBEE018,20150630,SNOW,0,,,N,0800
US1TXBEE018,20150701,PRCP,193,,,N,0750
US1TXBEE018,20150702,PRCP,13,,,N,0800
US1TXBEE018,20150705,PRCP,0,,,N,1000
US1TXBEE018,20150706,PRCP,0,,,N,0800
US1TXBEE018,20150710,PRCP,0,,,N,0800
US1TXBEE018,20150711,PRCP,0,,,N,0800
US1TXBEE018,20150712,PRCP,0,,,N,0800
US1TXBEE018,20150713,PRCP,0,,,N,0800
US1TXBEE018,20150715,PRCP,0,,,N,0800
US1TXBEE018,20150716,PRCP,0,,,N,0800
US1TXBEE018,20150717,PRCP,0,,,N,0800
US1TXBEE018,20150718,PRCP,0,,,N,0800
US1TXBEE018,20150719,PRCP,0,,,N,0900
US1TXBEE018,20150720,PRCP,0,,,N,0800
US1TXBEE018,20150721,PRCP,0,,,N,0800
US1TXBEE018,20150722,PRCP,0,,,N,0800
US1TXBEE018,20150723,PRCP,0,,,N,0800
US1TXBEE018,20150724,PRCP,0,,,N,0800
US1TXBEE018,20150725,PRCP,0,,,N,0800
US1TXBEE018,20150726,PRCP,0,,,N,0800
US1TXBEE018,20150727,PRCP,0,,,N,0800
US1TXBEE018,20150728,PRCP,0,,,N,0800
US1TXBEE018,20150729,PRCP,0,,,N,0800
US1TXBEE018,20150730,PRCP,0,,,N,0800
US1TXBEE018,20150731,PRCP,0,,,N,0800
US1TXBEE018,20150705,SNOW,0,,,N,1000
US1TXBEE018,20150706,SNOW,0,,,N,0800
US1TXBEE018,20150710,SNOW,0,,,N,0800
US1TXBEE018,20150711,SNOW,0,,,N,0800
US1TXBEE018,20150712,SNOW,0,,,N,0800
US1TXBEE018,20150713,SNOW,0,,,N,0800
US1TXBEE018,20150715,SNOW,0,,,N,0800
US1TXBEE018,20150716,SNOW,0,,,N,0800
US1TXBEE018,20150717,SNOW,0,,,N,0800
US1TXBEE018,20150718,SNOW,0,,,N,0800
US1TXBEE018,20150719,SNOW,0,,,N,0900
US1TXBEE018,20150720,SNOW,0,,,N,0800
US1TXBEE018,20150721,SNOW,0,,,N,0800
US1TXBEE018,20150722,SNOW,0,,,N,0800
US1TXBEE018,20150723,SNOW,0,,,N,0800
US1TXBEE018,20150724,SNOW,0,,,N,0800
US1TXBEE018,20150725,SNOW,0,,,N,0800
US1TXBEE018,20150726,SNOW,0,,,N,0800
US1TXBEE018,20150727,SNOW,0,,,N,0800
US1TXBEE018,20150728,SNOW,0,,,N,0800
US1TXBEE018,20150729,SNOW,0,,,N,0800
US1TXBEE018,20150730,SNOW,0,,,N,0800
US1TXBEE018,20150731,SNOW,0,,,N,0800
US1TXBEE018,20150801,PRCP,122,,,N,0730
US1TXBEE018,20150802,PRCP,0,,,N,0730
US1TXBEE018,20150803,PRCP,0,,,N,0730
US1TXBEE018,20150804,PRCP,0,,,N,0730
US1TXBEE018,20150805,PRCP,0,,,N,0800
US1TXBEE018,20150806,PRCP,0,,,N,0800
US1TXBEE018,20150807,PRCP,0,,,N,0800
US1TXBEE018,20150808,PRCP,0,,,N,0800
US1TXBEE018,20150809,PRCP,0,,,N,0800
US1TXBEE018,20150810,PRCP,0,,,N,0800
US1TXBEE018,20150811,PRCP,0,,,N,0800
US1TXBEE018,20150812,PRCP,0,,,N,0730
US1TXBEE018,20150813,PRCP,5,,,N,0730
US1TXBEE018,20150814,PRCP,58,,,N,0730
US1TXBEE018,20150815,PRCP,0,,,N,0800
US1TXBEE018,20150816,PRCP,0,,,N,0800
US1TXBEE018,20150817,PRCP,0,,,N,0730
US1TXBEE018,20150818,PRCP,8,,,N,0730
US1TXBEE018,20150819,PRCP,0,,,N,0730
US1TXBEE018,20150820,PRCP,0,,,N,0730
US1TXBEE018,20150821,PRCP,86,,,N,0730
US1TXBEE018,20150822,PRCP,33,,,N,0730
US1TXBEE018,20150823,PRCP,0,,,N,0730
US1TXBEE018,20150824,PRCP,0,,,N,0730
US1TXBEE018,20150825,PRCP,0,T,,N,0730
US1TXBEE018,20150826,PRCP,0,,,N,0730
US1TXBEE018,20150827,PRCP,0,,,N,0730
US1TXBEE018,20150828,PRCP,0,,,N,0730
US1TXBEE018,20150829,PRCP,0,,,N,0800
US1TXBEE018,20150830,PRCP,0,,,N,0800
US1TXBEE018,20150831,PRCP,0,,,N,0800
US1TXBEE018,20150802,SNOW,0,,,N,0730
US1TXBEE018,20150803,SNOW,0,,,N,0730
US1TXBEE018,20150804,SNOW,0,,,N,0730
US1TXBEE018,20150805,SNOW,0,,,N,0800
US1TXBEE018,20150806,SNOW,0,,,N,0800
US1TXBEE018,20150807,SNOW,0,,,N,0800
US1TXBEE018,20150808,SNOW,0,,,N,0800
US1TXBEE018,20150809,SNOW,0,,,N,0800
US1TXBEE018,20150810,SNOW,0,,,N,0800
US1TXBEE018,20150811,SNOW,0,,,N,0800
US1TXBEE018,20150812,SNOW,0,,,N,0730
US1TXBEE018,20150815,SNOW,0,,,N,0800
US1TXBEE018,20150816,SNOW,0,,,N,0800
US1TXBEE018,20150817,SNOW,0,,,N,0730
US1TXBEE018,20150819,SNOW,0,,,N,0730
US1TXBEE018,20150820,SNOW,0,,,N,0730
US1TXBEE018,20150823,SNOW,0,,,N,0730
US1TXBEE018,20150824,SNOW,0,,,N,0730
US1TXBEE018,20150826,SNOW,0,,,N,0730
US1TXBEE018,20150827,SNOW,0,,,N,0730
US1TXBEE018,20150828,SNOW,0,,,N,0730
US1TXBEE018,20150829,SNOW,0,,,N,0800
US1TXBEE018,20150830,SNOW,0,,,N,0800
US1TXBEE018,20150831,SNOW,0,,,N,0800
US1TXBEE018,20150901,PRCP,0,,,N,0800
US1TXBEE018,20150902,PRCP,8,,,N,0730
US1TXBEE018,20150903,PRCP,0,,,N,0800
US1TXBEE018,20150904,PRCP,0,,,N,0730
US1TXBEE018,20150905,PRCP,3,,,N,0730
US1TXBEE018,20150906,PRCP,0,,,N,0730
US1TXBEE018,20150907,PRCP,0,,,N,0730
US1TXBEE018,20150908,PRCP,0,,,N,0800
US1TXBEE018,20150909,PRCP,13,,,N,0800
US1TXBEE018,20150910,PRCP,23,,,N,0730
US1TXBEE018,20150911,PRCP,18,,,N,0730
US1TXBEE018,20150912,PRCP,91,,,N,0730
US1TXBEE018,20150913,PRCP,0,T,,N,0730
US1TXBEE018,20150914,PRCP,0,,,N,0800
US1TXBEE018,20150915,PRCP,0,,,N,0800
US1TXBEE018,20150916,PRCP,99,,,N,0730
US1TXBEE018,20150917,PRCP,5,,,N,0800
US1TXBEE018,20150918,PRCP,0,,,N,0730
US1TXBEE018,20150919,PRCP,0,,,N,0730
US1TXBEE018,20150920,PRCP,13,,,N,0800
US1TXBEE018,20150921,PRCP,0,,,N,0730
US1TXBEE018,20150922,PRCP,0,,,N,0800
US1TXBEE018,20150923,PRCP,0,,,N,0730
US1TXBEE018,20150924,PRCP,0,,,N,0730
US1TXBEE018,20150925,PRCP,0,,,N,0800
US1TXBEE018,20150926,PRCP,0,T,,N,0800
US1TXBEE018,20150927,PRCP,10,,,N,0800
US1TXBEE018,20150928,PRCP,0,,,N,0800
US1TXBEE018,20150929,PRCP,0,,,N,0800
US1TXBEE018,20150930,PRCP,0,,,N,0800
US1TXBEE018,20150901,SNOW,0,,,N,0800
US1TXBEE018,20150903,SNOW,0,,,N,0800
US1TXBEE018,20150904,SNOW,0,,,N,0730
US1TXBEE018,20150906,SNOW,0,,,N,0730
US1TXBEE018,20150907,SNOW,0,,,N,0730
US1TXBEE018,20150908,SNOW,0,,,N,0800
US1TXBEE018,20150914,SNOW,0,,,N,0800
US1TXBEE018,20150915,SNOW,0,,,N,0800
US1TXBEE018,20150918,SNOW,0,,,N,0730
US1TXBEE018,20150919,SNOW,0,,,N,0730
US1TXBEE018,20150921,SNOW,0,,,N,0730
US1TXBEE018,20150922,SNOW,0,,,N,0800
US1TXBEE018,20150923,SNOW,0,,,N,0730
US1TXBEE018,20150924,SNOW,0,,,N,0730
US1TXBEE018,20150925,SNOW,0,,,N,0800
US1TXBEE018,20150928,SNOW,0,,,N,0800
US1TXBEE018,20150929,SNOW,0,,,N,0800
US1TXBEE018,20150930,SNOW,0,,,N,0800
US1TXBEE018,20151001,PRCP,0,,,N,0800
US1TXBEE018,20151002,PRCP,0,,,N,0800
US1TXBEE018,20151003,PRCP,0,,,N,0800
US1TXBEE018,20151004,PRCP,0,,,N,0800
US1TXBEE018,20151005,PRCP,0,,,N,0800
US1TXBEE018,20151006,PRCP,0,,,N,0800
US1TXBEE018,20151007,PRCP,0,,,N,0800
US1TXBEE018,20151008,PRCP,0,,,N,0800
US1TXBEE018,20151009,PRCP,20,,,N,0800
US1TXBEE018,20151010,PRCP,5,,,N,0800
US1TXBEE018,20151011,PRCP,0,,,N,0800
US1TXBEE018,20151012,PRCP,0,,,N,0800
US1TXBEE018,20151013,PRCP,0,,,N,0800
US1TXBEE018,20151014,PRCP,0,,,N,0800
US1TXBEE018,20151015,PRCP,0,,,N,0730
US1TXBEE018,20151016,PRCP,0,,,N,0730
US1TXBEE018,20151017,PRCP,0,,,N,0800
US1TXBEE018,20151018,PRCP,0,,,N,0800
US1TXBEE018,20151019,PRCP,0,,,N,0800
US1TXBEE018,20151020,PRCP,0,,,N,0800
US1TXBEE018,20151021,PRCP,8,,,N,0730
US1TXBEE018,20151022,PRCP,15,,,N,0730
US1TXBEE018,20151023,PRCP,13,,,N,0730
US1TXBEE018,20151024,PRCP,104,,,N,0715
US1TXBEE018,20151025,PRCP,671,,,N,0730
US1TXBEE018,20151026,PRCP,18,,,N,0800
US1TXBEE018,20151027,PRCP,0,,,N,0800
US1TXBEE018,20151028,PRCP,0,,,N,0800
US1TXBEE018,20151029,PRCP,0,,,N,0800
US1TXBEE018,20151030,PRCP,0,T,,N,0730
US1TXBEE018,20151031,PRCP,3,,,N,0730
US1TXBEE018,20151001,SNOW,0,,,N,0800
US1TXBEE018,20151002,SNOW,0,,,N,0800
US1TXBEE018,20151003,SNOW,0,,,N,0800
US1TXBEE018,20151004,SNOW,0,,,N,0800
US1TXBEE018,20151005,SNOW,0,,,N,0800
US1TXBEE018,20151006,SNOW,0,,,N,0800
US1TXBEE018,20151007,SNOW,0,,,N,0800
US1TXBEE018,20151008,SNOW,0,,,N,0800
US1TXBEE018,20151011,SNOW,0,,,N,0800
US1TXBEE018,20151012,SNOW,0,,,N,0800
US1TXBEE018,20151013,SNOW,0,,,N,0800
US1TXBEE018,20151014,SNOW,0,,,N,0800
US1TXBEE018,20151015,SNOW,0,,,N,0730
US1TXBEE018,20151016,SNOW,0,,,N,0730
US1TXBEE018,20151017,SNOW,0,,,N,0800
US1TXBEE018,20151018,SNOW,0,,,N,0800
US1TXBEE018,20151019,SNOW,0,,,N,0800
US1TXBEE018,20151020,SNOW,0,,,N,0800
US1TXBEE018,20151027,SNOW,0,,,N,0800
US1TXBEE018,20151028,SNOW,0,,,N,0800
US1TXBEE018,20151029,SNOW,0,,,N,0800
US1TXBEE018,20151101,PRCP,53,,,N,0730
US1TXBEE018,20151102,PRCP,0,,,N,0730
US1TXBEE018,20151103,PRCP,0,,,N,0800
US1TXBEE018,20151104,PRCP,0,,,N,0800
US1TXBEE018,20151105,PRCP,0,,,N,0730
US1TXBEE018,20151106,PRCP,0,T,,N,0730
US1TXBEE018,20151107,PRCP,559,,,N,0745
US1TXBEE018,20151108,PRCP,157,,,N,0730
US1TXBEE018,20151109,PRCP,0,,,N,0800
US1TXBEE018,20151110,PRCP,0,,,N,0800
US1TXBEE018,20151111,PRCP,0,,,N,0800
US1TXBEE018,20151112,PRCP,5,,,N,0730
US1TXBEE018,20151113,PRCP,0,,,N,0800
US1TXBEE018,20151114,PRCP,0,,,N,0800
US1TXBEE018,20151115,PRCP,0,,,N,0730
US1TXBEE018,20151117,PRCP,3,,,N,0800
US1TXBEE018,20151118,PRCP,3,,,N,0800
US1TXBEE018,20151119,PRCP,0,,,N,0730
US1TXBEE018,20151120,PRCP,0,,,N,0800
US1TXBEE018,20151121,PRCP,3,,,N,0730
US1TXBEE018,20151122,PRCP,3,,,N,0730
US1TXBEE018,20151123,PRCP,0,,,N,0730
US1TXBEE018,20151124,PRCP,0,,,N,0730
US1TXBEE018,20151125,PRCP,0,,,N,0730
US1TXBEE018,20151126,PRCP,10,,,N,0730
US1TXBEE018,20151127,PRCP,15,,,N,0800
US1TXBEE018,20151128,PRCP,5,,,N,0730
US1TXBEE018,20151129,PRCP,25,,,N,0730
US1TXBEE018,20151130,PRCP,8,,,N,0730
US1TXBEE018,20151102,SNOW,0,,,N,0730
US1TXBEE018,20151103,SNOW,0,,,N,0800
US1TXBEE018,20151104,SNOW,0,,,N,0800
US1TXBEE018,20151105,SNOW,0,,,N,0730
US1TXBEE018,20151109,SNOW,0,,,N,0800
US1TXBEE018,20151110,SNOW,0,,,N,0800
US1TXBEE018,20151111,SNOW,0,,,N,0800
US1TXBEE018,20151113,SNOW,0,,,N,0800
US1TXBEE018,20151114,SNOW,0,,,N,0800
US1TXBEE018,20151115,SNOW,0,,,N,0730
US1TXBEE018,20151117,SNOW,0,,,N,0800
US1TXBEE018,20151119,SNOW,0,,,N,0730
US1TXBEE018,20151120,SNOW,0,,,N,0800
US1TXBEE018,20151123,SNOW,0,,,N,0730
US1TXBEE018,20151124,SNOW,0,,,N,0730
US1TXBEE018,20151125,SNOW,0,,,N,0730
US1TXBEE018,20151201,PRCP,3,,,N,0800
US1TXBEE018,20151202,PRCP,0,T,,N,0730
US1TXBEE018,20151203,PRCP,0,,,N,0730
US1TXBEE018,20151204,PRCP,0,,,N,0730
US1TXBEE018,20151205,PRCP,0,,,N,0730
US1TXBEE018,20151206,PRCP,0,,,N,0730
US1TXBEE018,20151207,PRCP,0,,,N,0730
US1TXBEE018,20151208,PRCP,0,T,,N,0730
US1TXBEE018,20151209,PRCP,0,,,N,0730
US1TXBEE018,20151210,PRCP,0,T,,N,0730
US1TXBEE018,20151211,PRCP,0,,,N,0800
US1TXBEE018,20151212,PRCP,0,T,,N,0900
US1TXBEE018,20151213,PRCP,297,,,N,0730
US1TXBEE018,20151214,PRCP,8,,,N,0730
US1TXBEE018,20151215,PRCP,0,T,,N,0730
US1TXBEE018,20151216,PRCP,0,,,N,0800
US1TXBEE018,20151217,PRCP,0,,,N,0800
US1TXBEE018,20151218,PRCP,0,,,N,0730
US1TXBEE018,20151219,PRCP,0,,,N,0730
US1TXBEE018,20151220,PRCP,0,,,N,0800
US1TXBEE018,20151221,PRCP,0,,,N,0800
US1TXBEE018,20151222,PRCP,0,,,N,0800
US1TXBEE018,20151223,PRCP,0,,,N,0800
US1TXBEE018,20151224,PRCP,0,T,,N,0800
US1TXBEE018,20151225,PRCP,0,T,,N,0900
US1TXBEE018,20151226,PRCP,0,,,N,0800
US1TXBEE018,20151227,PRCP,5,,,N,0800
US1TXBEE018,20151228,PRCP,0,T,,N,0730
US1TXBEE018,20151229,PRCP,0,,,N,0800
US1TXBEE018,20151230,PRCP,28,,,N,0730
US1TXBEE018,20151231,PRCP,3,,,N,0800
US1TXBEE018,20151203,SNOW,0,,,N,0730
US1TXBEE018,20151204,SNOW,0,,,N,0730
US1TXBEE018,20151205,SNOW,0,,,N,0730
US1TXBEE018,20151206,SNOW,0,,,N,0730
US1TXBEE018,20151207,SNOW,0,,,N,0730
US1TXBEE018,20151209,SNOW,0,,,N,0730
US1TXBEE018,20151211,SNOW,0,,,N,0800
US1TXBEE018,20151216,SNOW,0,,,N,0800
US1TXBEE018,20151217,SNOW,0,,,N,0800
US1TXBEE018,20151218,SNOW,0,,,N,0730
US1TXBEE018,20151219,SNOW,0,,,N,0730
US1TXBEE018,20151220,SNOW,0,,,N,0800
US1TXBEE018,20151221,SNOW,0,,,N,0800
US1TXBEE018,20151222,SNOW,0,,,N,0800
US1TXBEE018,20151223,SNOW,0,,,N,0800
US1TXBEE018,20151226,SNOW,0,,,N,0800
US1TXBEE018,20151229,SNOW,0,,,N,0800
US1TXBEE018,20160101,PRCP,10,,,N,0730
US1TXBEE018,20160106,PRCP,0,T,,N,0730
US1TXBEE018,20160107,PRCP,104,,,N,0730
US1TXBEE018,20160108,PRCP,5,,,N,0730
US1TXBEE018,20160109,PRCP,0,T,,N,0800
US1TXBEE018,20160110,PRCP,0,,,N,0800
US1TXBEE018,20160111,PRCP,0,,,N,0730
US1TXBEE018,20160112,PRCP,0,,,N,0730
US1TXBEE018,20160113,PRCP,0,,,N,0800
US1TXBEE018,20160114,PRCP,0,,,N,0800
US1TXBEE018,20160115,PRCP,0,,,N,0800
US1TXBEE018,20160116,PRCP,0,T,,N,0730
US1TXBEE018,20160117,PRCP,3,,,N,0730
US1TXBEE018,20160118,PRCP,0,,,N,0800
US1TXBEE018,20160119,PRCP,0,T,,N,0730
US1TXBEE018,20160120,PRCP,0,,,N,0800
US1TXBEE018,20160121,PRCP,0,,,N,0800
US1TXBEE018,20160122,PRCP,0,,,N,0800
US1TXBEE018,20160123,PRCP,0,,,N,0800
US1TXBEE018,20160124,PRCP,0,,,N,0800
US1TXBEE018,20160125,PRCP,0,,,N,0800
US1TXBEE018,20160126,PRCP,0,,,N,0730
US1TXBEE018,20160127,PRCP,10,,,N,0800
US1TXBEE018,20160128,PRCP,0,,,N,0730
US1TXBEE018,20160129,PRCP,0,,,N,0730
US1TXBEE018,20160130,PRCP,0,,,N,0800
US1TXBEE018,20160131,PRCP,0,,,N,0800
US1TXBEE018,20160110,SNOW,0,,,N,0800
US1TXBEE018,20160111,SNOW,0,,,N,0730
US1TXBEE018,20160112,SNOW,0,,,N,0730
US1TXBEE018,20160113,SNOW,0,,,N,0800
US1TXBEE018,20160114,SNOW,0,,,N,0800
US1TXBEE018,20160115,SNOW,0,,,N,0800
US1TXBEE018,20160118,SNOW,0,,,N,0800
US1TXBEE018,20160120,SNOW,0,,,N,0800
US1TXBEE018,20160121,SNOW,0,,,N,0800
US1TXBEE018,20160122,SNOW,0,,,N,0800
US1TXBEE018,20160123,SNOW,0,,,N,0800
US1TXBEE018,20160124,SNOW,0,,,N,0800
US1TXBEE018,20160125,SNOW,0,,,N,0800
US1TXBEE018,20160126,SNOW,0,,,N,0730
US1TXBEE018,20160128,SNOW,0,,,N,0730
US1TXBEE018,20160129,SNOW,0,,,N,0730
US1TXBEE018,20160130,SNOW,0,,,N,0800
US1TXBEE018,20160131,SNOW,0,,,N,0800
US1TXBEE018,20160105,DAPR,4,,,N,0730
US1TXBEE018,20160105,MDPR,602,,,N,0730
US1TXBEE018,20160201,PRCP,0,T,,N,0800
US1TXBEE018,20160202,PRCP,0,,,N,0800
US1TXBEE018,20160203,PRCP,0,,,N,0800
US1TXBEE018,20160204,PRCP,0,,,N,0800
US1TXBEE018,20160205,PRCP,0,,,N,0800
US1TXBEE018,20160206,PRCP,0,,,N,0800
US1TXBEE018,20160207,PRCP,0,,,N,0800
US1TXBEE018,20160208,PRCP,0,,,N,0800
US1TXBEE018,20160209,PRCP,0,,,N,0800
US1TXBEE018,20160210,PRCP,0,,,N,0800
US1TXBEE018,20160211,PRCP,0,,,N,0800
US1TXBEE018,20160212,PRCP,0,,,N,0800
US1TXBEE018,20160213,PRCP,0,,,N,0800
US1TXBEE018,20160214,PRCP,0,,,N,0800
US1TXBEE018,20160215,PRCP,0,,,N,0800
US1TXBEE018,20160216,PRCP,0,,,N,0800
US1TXBEE018,20160217,PRCP,0,,,N,0800
US1TXBEE018,20160218,PRCP,0,,,N,0800
US1TXBEE018,20160219,PRCP,0,,,N,0800
US1TXBEE018,20160220,PRCP,0,,,N,0800
US1TXBEE018,20160221,PRCP,0,,,N,0800
US1TXBEE018,20160222,PRCP,53,,,N,1100
US1TXBEE018,20160223,PRCP,165,,,N,0800
US1TXBEE018,20160224,PRCP,0,T,,N,0800
US1TXBEE018,20160225,PRCP,0,,,N,0800
US1TXBEE018,20160226,PRCP,0,,,N,0800
US1TXBEE018,20160227,PRCP,0,T,,N,0700
US1TXBEE018,20160228,PRCP,0,,,N,0800
US1TXBEE018,20160229,PRCP,0,,,N,0800
US1TXBEE018,20160202,SNOW,0,,,N,0800
US1TXBEE018,20160203,SNOW,0,,,N,0800
US1TXBEE018,20160204,SNOW,0,,,N,0800
US1TXBEE018,20160205,SNOW,0,,,N,0800
US1TXBEE018,20160206,SNOW,0,,,N,0800
US1TXBEE018,20160207,SNOW,0,,,N,0800
US1TXBEE018,20160208,SNOW,0,,,N,0800
US1TXBEE018,20160209,SNOW,0,,,N,0800
US1TXBEE018,20160210,SNOW,0,,,N,0800
US1TXBEE018,20160211,SNOW,0,,,N,0800
US1TXBEE018,20160212,SNOW,0,,,N,0800
US1TXBEE018,20160213,SNOW,0,,,N,0800
US1TXBEE018,20160214,SNOW,0,,,N,0800
US1TXBEE018,20160215,SNOW,0,,,N,0800
US1TXBEE018,20160216,SNOW,0,,,N,0800
US1TXBEE018,20160217,SNOW,0,,,N,0800
US1TXBEE018,20160218,SNOW,0,,,N,0800
US1TXBEE018,20160219,SNOW,0,,,N,0800
US1TXBEE018,20160220,SNOW,0,,,N,0800
US1TXBEE018,20160221,SNOW,0,,,N,0800
US1TXBEE018,20160225,SNOW,0,,,N,0800
US1TXBEE018,20160226,SNOW,0,,,N,0800
US1TXBEE018,20160228,SNOW,0,,,N,0800
US1TXBEE018,20160229,SNOW,0,,,N,0800
US1TXBEE018,20160301,PRCP,0,,,N,0800
US1TXBEE018,20160302,PRCP,0,,,N,0800
US1TXBEE018,20160303,PRCP,0,,,N,0800
US1TXBEE018,20160304,PRCP,0,,,N,0800
US1TXBEE018,20160305,PRCP,0,,,N,0800
US1TXBEE018,20160306,PRCP,0,,,N,0800
US1TXBEE018,20160307,PRCP,0,,,N,0800
US1TXBEE018,20160308,PRCP,0,,,N,0800
US1TXBEE018,20160309,PRCP,41,,,N,0800
US1TXBEE018,20160310,PRCP,340,,,N,0730
US1TXBEE018,20160311,PRCP,10,,,N,0730
US1TXBEE018,20160312,PRCP,74,,,N,0730
US1TXBEE018,20160313,PRCP,3,,,N,0800
US1TXBEE018,20160314,PRCP,3,,,N,0800
US1TXBEE018,20160315,PRCP,0,,,N,0800
US1TXBEE018,20160316,PRCP,0,T,,N,0800
US1TXBEE018,20160317,PRCP,8,,,N,0730
US1TXBEE018,20160318,PRCP,3,,,N,0800
US1TXBEE018,20160319,PRCP,142,,,N,0800
US1TXBEE018,20160320,PRCP,0,,,N,0730
US1TXBEE018,20160321,PRCP,0,,,N,0730
US1TXBEE018,20160322,PRCP,0,,,N,0800
US1TXBEE018,20160323,PRCP,0,,,N,0800
US1TXBEE018,20160324,PRCP,5,,,N,0800
US1TXBEE018,20160325,PRCP,0,,,N,0730
US1TXBEE018,20160326,PRCP,0,,,N,0800
US1TXBEE018,20160327,PRCP,0,T,,N,0800
US1TXBEE018,20160328,PRCP,0,,,N,0730
US1TXBEE018,20160329,PRCP,0,,,N,0800
US1TXBEE018,20160330,PRCP,5,,,N,0800
US1TXBEE018,20160331,PRCP,0,,,N,0800
US1TXBEE018,20160301,SNOW,0,,,N,0800
US1TXBEE018,20160302,SNOW,0,,,N,0800
US1TXBEE018,20160303,SNOW,0,,,N,0800
US1TXBEE018,20160304,SNOW,0,,,N,0800
US1TXBEE018,20160305,SNOW,0,,,N,0800
US1TXBEE018,20160306,SNOW,0,,,N,0800
US1TXBEE018,20160307,SNOW,0,,,N,0800
US1TXBEE018,20160308,SNOW,0,,,N,0800
US1TXBEE018,20160315,SNOW,0,,,N,0800
US1TXBEE018,20160320,SNOW,0,,,N,0730
US1TXBEE018,20160321,SNOW,0,,,N,0730
US1TXBEE018,20160322,SNOW,0,,,N,0800
US1TXBEE018,20160323,SNOW,0,,,N,0800
US1TXBEE018,20160325,SNOW,0,,,N,0730
US1TXBEE018,20160326,SNOW,0,,,N,0800
US1TXBEE018,20160328,SNOW,0,,,N,0730
US1TXBEE018,20160329,SNOW,0,,,N,0800
US1TXBEE018,20160331,SNOW,0,,,N,0800
US1TXBEE018,20160401,PRCP,13,,,N,0730
US1TXBEE018,20160402,PRCP,0,,,N,0800
US1TXBEE018,20160403,PRCP,0,,,N,0800
US1TXBEE018,20160404,PRCP,0,,,N,0800
US1TXBEE018,20160405,PRCP,0,,,N,0800
US1TXBEE018,20160406,PRCP,0,,,N,0800
US1TXBEE018,20160407,PRCP,0,,,N,0800
US1TXBEE018,20160408,PRCP,0,,,N,0800
US1TXBEE018,20160409,PRCP,5,,,N,0800
US1TXBEE018,20160410,PRCP,0,,,N,0800
US1TXBEE018,20160411,PRCP,0,,,N,0800
US1TXBEE018,20160412,PRCP,3,,,N,0730
US1TXBEE018,20160413,PRCP,10,,,N,0730
US1TXBEE018,20160414,PRCP,0,T,,N,0800
US1TXBEE018,20160415,PRCP,0,,,N,0800
US1TXBEE018,20160416,PRCP,0,,,N,0800
US1TXBEE018,20160417,PRCP,30,,,N,0730
US1TXBEE018,20160418,PRCP,3,,,N,0730
US1TXBEE018,20160419,PRCP,0,,,N,0800
US1TXBEE018,20160420,PRCP,0,,,N,0800
US1TXBEE018,20160421,PRCP,0,,,N,0800
US1TXBEE018,20160422,PRCP,0,,,N,0800
US1TXBEE018,20160423,PRCP,0,,,N,0800
US1TXBEE018,20160424,PRCP,28,,,N,0730
US1TXBEE018,20160425,PRCP,287,,,N,0730
US1TXBEE018,20160426,PRCP,0,,,N,0800
US1TXBEE018,20160427,PRCP,3,,,N,0800
US1TXBEE018,20160428,PRCP,0,,,N,0730
US1TXBEE018,20160429,PRCP,0,,,N,0800
US1TXBEE018,20160430,PRCP,0,T,,N,0700
US1TXBEE018,20160402,SNOW,0,,,N,0800
US1TXBEE018,20160403,SNOW,0,,,N,0800
US1TXBEE018,20160404,SNOW,0,,,N,0800
US1TXBEE018,20160405,SNOW,0,,,N,0800
US1TXBEE018,20160406,SNOW,0,,,N,0800
US1TXBEE018,20160407,SNOW,0,,,N,0800
US1TXBEE018,20160408,SNOW,0,,,N,0800
US1TXBEE018,20160410,SNOW,0,,,N,0800
US1TXBEE018,20160411,SNOW,0,,,N,0800
US1TXBEE018,20160415,SNOW,0,,,N,0800
US1TXBEE018,20160416,SNOW,0,,,N,0800
US1TXBEE018,20160419,SNOW,0,,,N,0800
US1TXBEE018,20160420,SNOW,0,,,N,0800
US1TXBEE018,20160421,SNOW,0,,,N,0800
US1TXBEE018,20160422,SNOW,0,,,N,0800
US1TXBEE018,20160423,SNOW,0,,,N,0800
US1TXBEE018,20160426,SNOW,0,,,N,0800
US1TXBEE018,20160428,SNOW,0,,,N,0730
US1TXBEE018,20160429,SNOW,0,,,N,0800
US1TXBEE018,20160501,PRCP,0,,,N,0730
US1TXBEE018,20160502,PRCP,0,,,N,0730
US1TXBEE018,20160503,PRCP,0,,,N,0800
US1TXBEE018,20160504,PRCP,0,,,N,0800
US1TXBEE018,20160505,PRCP,0,,,N,0800
US1TXBEE018,20160506,PRCP,0,,,N,0730
US1TXBEE018,20160508,PRCP,0,,,N,0800
US1TXBEE018,20160509,PRCP,46,,,N,0700
US1TXBEE018,20160510,PRCP,0,,,N,0700
US1TXBEE018,20160511,PRCP,5,,,N,0730
US1TXBEE018,20160512,PRCP,0,T,,N,0730
US1TXBEE018,20160513,PRCP,0,T,,N,0800
US1TXBEE018,20160514,PRCP,0,T,,N,0800
US1TXBEE018,20160515,PRCP,178,,,N,0730
US1TXBEE018,20160516,PRCP,325,,,N,0730
US1TXBEE018,20160517,PRCP,3,,,N,0730
US1TXBEE018,20160518,PRCP,0,T,,N,0730
US1TXBEE018,20160519,PRCP,0,T,,N,0800
US1TXBEE018,20160520,PRCP,262,,,N,0730
US1TXBEE018,20160521,PRCP,0,,,N,0730
US1TXBEE018,20160522,PRCP,0,,,N,0800
US1TXBEE018,20160523,PRCP,0,,,N,0800
US1TXBEE018,20160524,PRCP,0,,,N,0730
US1TXBEE018,20160525,PRCP,0,,,N,0730
US1TXBEE018,20160526,PRCP,0,,,N,0730
US1TXBEE018,20160527,PRCP,0,,,N,0730
US1TXBEE018,20160528,PRCP,8,,,N,0800
US1TXBEE018,20160529,PRCP,0,,,N,0800
US1TXBEE018,20160530,PRCP,0,,,N,0800
US1TXBEE018,20160531,PRCP,13,,,N,0730
US1TXBEE018,20160501,SNOW,0,,,N,0730
US1TXBEE018,20160502,SNOW,0,,,N,0730
US1TXBEE018,20160503,SNOW,0,,,N,0800
US1TXBEE018,20160504,SNOW,0,,,N,0800
US1TXBEE018,20160505,SNOW,0,,,N,0800
US1TXBEE018,20160506,SNOW,0,,,N,0730
US1TXBEE018,20160508,SNOW,0,,,N,0800
US1TXBEE018,20160510,SNOW,0,,,N,0700
US1TXBEE018,20160521,SNOW,0,,,N,0730
US1TXBEE018,20160522,SNOW,0,,,N,0800
US1TXBEE018,20160523,SNOW,0,,,N,0800
US1TXBEE018,20160524,SNOW,0,,,N,0730
US1TXBEE018,20160525,SNOW,0,,,N,0730
US1TXBEE018,20160526,SNOW,0,,,N,0730
US1TXBEE018,20160527,SNOW,0,,,N,0730
US1TXBEE018,20160529,SNOW,0,,,N,0800
US1TXBEE018,20160530,SNOW,0,,,N,0800
US1TXBEE018,20160601,PRCP,124,,,N,0730
US1TXBEE018,20160602,PRCP,30,,,N,0800
US1TXBEE018,20160603,PRCP,0,,,N,0730
US1TXBEE018,20160604,PRCP,8,,,N,0730
US1TXBEE018,20160605,PRCP,58,,,N,0730
US1TXBEE018,20160606,PRCP,0,,,N,0730
US1TXBEE018,20160607,PRCP,0,,,N,0730
US1TXBEE018,20160608,PRCP,0,,,N,0730
US1TXBEE018,20160609,PRCP,5,,,N,0730
US1TXBEE018,20160610,PRCP,36,,,N,0730
US1TXBEE018,20160611,PRCP,0,,,N,0800
US1TXBEE018,20160612,PRCP,0,,,N,0800
US1TXBEE018,20160613,PRCP,0,,,N,0700
US1TXBEE018,20160614,PRCP,0,,,N,0730
US1TXBEE018,20160615,PRCP,0,,,N,0800
US1TXBEE018,20160616,PRCP,0,,,N,0730
US1TXBEE018,20160617,PRCP,0,T,,N,0730
US1TXBEE018,20160618,PRCP,0,,,N,0800
US1TXBEE018,20160619,PRCP,33,,,N,0800
US1TXBEE018,20160620,PRCP,0,,,N,0730
US1TXBEE018,20160621,PRCP,0,T,,N,0730
US1TXBEE018,20160622,PRCP,0,,,N,0730
US1TXBEE018,20160623,PRCP,0,,,N,0800
US1TXBEE018,20160624,PRCP,0,,,N,0800
US1TXBEE018,20160625,PRCP,0,,,N,0800
US1TXBEE018,20160626,PRCP,0,,,N,0800
US1TXBEE018,20160627,PRCP,0,,,N,0730
US1TXBEE018,20160628,PRCP,0,,,N,0800
US1TXBEE018,20160629,PRCP,5,,,N,0715
US1TXBEE018,20160630,PRCP,0,,,N,0730
US1TXBEE018,20160603,SNOW,0,,,N,0730
US1TXBEE018,20160606,SNOW,0,,,N,0730
US1TXBEE018,20160607,SNOW,0,,,N,0730
US1TXBEE018,20160608,SNOW,0,,,N,0730
US1TXBEE018,20160611,SNOW,0,,,N,0800
US1TXBEE018,20160612,SNOW,0,,,N,0800
US1TXBEE018,20160613,SNOW,0,,,N,0700
US1TXBEE018,20160614,SNOW,0,,,N,0730
US1TXBEE018,20160615,SNOW,0,,,N,0800
US1TXBEE018,20160616,SNOW,0,,,N,0730
US1TXBEE018,20160618,SNOW,0,,,N,0800
US1TXBEE018,20160620,SNOW,0,,,N,0730
US1TXBEE018,20160622,SNOW,0,,,N,0730
US1TXBEE018,20160623,SNOW,0,,,N,0800
US1TXBEE018,20160624,SNOW,0,,,N,0800
US1TXBEE018,20160625,SNOW,0,,,N,0800
US1TXBEE018,20160626,SNOW,0,,,N,0800
US1TXBEE018,20160627,SNOW,0,,,N,0730
US1TXBEE018,20160628,SNOW,0,,,N,0800
US1TXBEE018,20160630,SNOW,0,,,N,0730
US1TXBEE018,20160702,PRCP,0,T,,N,0800
US1TXBEE018,20160703,PRCP,0,,,N,0800
US1TXBEE018,20160704,PRCP,0,,,N,0730
US1TXBEE018,20160705,PRCP,0,,,N,0900
US1TXBEE018,20160706,PRCP,0,,,N,0800
US1TXBEE018,20160707,PRCP,0,,,N,0630
US1TXBEE018,20160708,PRCP,0,,,N,0800
US1TXBEE018,20160709,PRCP,0,,,N,0730
US1TXBEE018,20160711,PRCP,0,,,N,0730
US1TXBEE018,20160712,PRCP,0,,,N,0800
US1TXBEE018,20160713,PRCP,0,,,N,0800
US1TXBEE018,20160714,PRCP,0,,,N,0800
US1TXBEE018,20160715,PRCP,0,,,N,0730
US1TXBEE018,20160716,PRCP,0,,,N,0800
US1TXBEE018,20160717,PRCP,0,,,N,0800
US1TXBEE018,20160718,PRCP,0,,,N,0800
US1TXBEE018,20160719,PRCP,0,,,N,0800
US1TXBEE018,20160720,PRCP,5,,,N,0730
US1TXBEE018,20160721,PRCP,0,,,N,0800
US1TXBEE018,20160722,PRCP,0,,,N,0800
US1TXBEE018,20160723,PRCP,0,,,N,0800
US1TXBEE018,20160724,PRCP,0,,,N,0800
US1TXBEE018,20160725,PRCP,0,,,N,0800
US1TXBEE018,20160726,PRCP,0,,,N,0800
US1TXBEE018,20160727,PRCP,356,,,N,0730
US1TXBEE018,20160728,PRCP,0,,,N,0800
US1TXBEE018,20160729,PRCP,10,,,N,0800
US1TXBEE018,20160730,PRCP,3,,,N,0800
US1TXBEE018,20160731,PRCP,5,,,N,0800
US1TXBEE018,20160703,SNOW,0,,,N,0800
US1TXBEE018,20160704,SNOW,0,,,N,0730
US1TXBEE018,20160705,SNOW,0,,,N,0900
US1TXBEE018,20160706,SNOW,0,,,N,0800
US1TXBEE018,20160707,SNOW,0,,,N,0630
US1TXBEE018,20160708,SNOW,0,,,N,0800
US1TXBEE018,20160709,SNOW,0,,,N,0730
US1TXBEE018,20160711,SNOW,0,,,N,0730
US1TXBEE018,20160712,SNOW,0,,,N,0800
US1TXBEE018,20160713,SNOW,0,,,N,0800
US1TXBEE018,20160714,SNOW,0,,,N,0800
US1TXBEE018,20160715,SNOW,0,,,N,0730
US1TXBEE018,20160716,SNOW,0,,,N,0800
US1TXBEE018,20160717,SNOW,0,,,N,0800
US1TXBEE018,20160718,SNOW,0,,,N,0800
US1TXBEE018,20160719,SNOW,0,,,N,0800
US1TXBEE018,20160721,SNOW,0,,,N,0800
US1TXBEE018,20160722,SNOW,0,,,N,0800
US1TXBEE018,20160723,SNOW,0,,,N,0800
US1TXBEE018,20160724,SNOW,0,,,N,0800
US1TXBEE018,20160725,SNOW,0,,,N,0800
US1TXBEE018,20160726,SNOW,0,,,N,0800
US1TXBEE018,20160728,SNOW,0,,,N,0800
US1TXBEE018,20160801,PRCP,0,,,N,0800
US1TXBEE018,20160802,PRCP,0,,,N,0800
US1TXBEE018,20160803,PRCP,0,,,N,0800
US1TXBEE018,20160804,PRCP,0,,,N,0800
US1TXBEE018,20160805,PRCP,0,,,N,0800
US1TXBEE018,20160806,PRCP,0,,,N,0800
US1TXBEE018,20160807,PRCP,0,,,N,0800
US1TXBEE018,20160808,PRCP,0,,,N,0730
US1TXBEE018,20160809,PRCP,0,,,N,0800
US1TXBEE018,20160810,PRCP,0,,,N,0800
US1TXBEE018,20160811,PRCP,0,,,N,0800
US1TXBEE018,20160812,PRCP,0,,,N,0800
US1TXBEE018,20160813,PRCP,0,,,N,0800
US1TXBEE018,20160814,PRCP,104,,,N,0730
US1TXBEE018,20160815,PRCP,150,,,N,0730
US1TXBEE018,20160816,PRCP,58,,,N,0800
US1TXBEE018,20160817,PRCP,191,,,N,0730
US1TXBEE018,20160818,PRCP,259,,,N,0730
US1TXBEE018,20160819,PRCP,0,T,,N,0730
US1TXBEE018,20160820,PRCP,0,,,N,0730
US1TXBEE018,20160821,PRCP,188,,,N,0730
US1TXBEE018,20160822,PRCP,203,,,N,0730
US1TXBEE018,20160823,PRCP,0,,,N,0730
US1TXBEE018,20160824,PRCP,0,T,,N,0800
US1TXBEE018,20160825,PRCP,0,T,,N,0800
US1TXBEE018,20160826,PRCP,0,,,N,0800
US1TXBEE018,20160827,PRCP,0,,,N,0800
US1TXBEE018,20160828,PRCP,0,,,N,0800
US1TXBEE018,20160829,PRCP,0,,,N,0800
US1TXBEE018,20160830,PRCP,18,,,N,0730
US1TXBEE018,20160831,PRCP,5,,,N,0730
US1TXBEE018,20160801,SNOW,0,,,N,0800
US1TXBEE018,20160802,SNOW,0,,,N,0800
US1TXBEE018,20160803,SNOW,0,,,N,0800
US1TXBEE018,20160804,SNOW,0,,,N,0800
US1TXBEE018,20160805,SNOW,0,,,N,0800
US1TXBEE018,20160806,SNOW,0,,,N,0800
US1TXBEE018,20160807,SNOW,0,,,N,0800
US1TXBEE018,20160808,SNOW,0,,,N,0730
US1TXBEE018,20160809,SNOW,0,,,N,0800
US1TXBEE018,20160810,SNOW,0,,,N,0800
US1TXBEE018,20160811,SNOW,0,,,N,0800
US1TXBEE018,20160812,SNOW,0,,,N,0800
US1TXBEE018,20160813,SNOW,0,,,N,0800
US1TXBEE018,20160820,SNOW,0,,,N,0730
US1TXBEE018,20160823,SNOW,0,,,N,0730
US1TXBEE018,20160826,SNOW,0,,,N,0800
US1TXBEE018,20160827,SNOW,0,,,N,0800
US1TXBEE018,20160828,SNOW,0,,,N,0800
US1TXBEE018,20160829,SNOW,0,,,N,0800
US1TXBEE018,20160901,PRCP,0,,,N,0800
US1TXBEE018,20160902,PRCP,114,,,N,0730
US1TXBEE018,20160903,PRCP,3,,,N,0800
US1TXBEE018,20160904,PRCP,8,,,N,0730
US1TXBEE018,20160905,PRCP,51,,,N,0800
US1TXBEE018,20160906,PRCP,0,,,N,0730
US1TXBEE018,20160907,PRCP,198,,,N,0730
US1TXBEE018,20160908,PRCP,0,,,N,0800
US1TXBEE018,20160909,PRCP,0,,,N,0800
US1TXBEE018,20160910,PRCP,0,,,N,0800
US1TXBEE018,20160911,PRCP,84,,,N,0800
US1TXBEE018,20160912,PRCP,0,,,N,0800
US1TXBEE018,20160913,PRCP,0,,,N,0800
US1TXBEE018,20160914,PRCP,0,,,N,0800
US1TXBEE018,20160915,PRCP,0,,,N,0800
US1TXBEE018,20160916,PRCP,0,,,N,0800
US1TXBEE018,20160917,PRCP,0,,,N,0800
US1TXBEE018,20160918,PRCP,0,,,N,0800
US1TXBEE018,20160919,PRCP,0,,,N,0800
US1TXBEE018,20160920,PRCP,0,,,N,0730
US1TXBEE018,20160921,PRCP,0,,,N,0800
US1TXBEE018,20160922,PRCP,0,,,N,0800
US1TXBEE018,20160923,PRCP,0,,,N,0800
US1TXBEE018,20160924,PRCP,0,,,N,0800
US1TXBEE018,20160925,PRCP,0,,,N,0800
US1TXBEE018,20160926,PRCP,305,,,N,0730
US1TXBEE018,20160927,PRCP,5,,,N,0800
US1TXBEE018,20160928,PRCP,0,T,,N,0730
US1TXBEE018,20160929,PRCP,0,,,N,0800
US1TXBEE018,20160930,PRCP,0,,,N,0800
US1TXBEE018,20160901,SNOW,0,,,N,0800
US1TXBEE018,20160906,SNOW,0,,,N,0730
US1TXBEE018,20160908,SNOW,0,,,N,0800
US1TXBEE018,20160909,SNOW,0,,,N,0800
US1TXBEE018,20160910,SNOW,0,,,N,0800
US1TXBEE018,20160912,SNOW,0,,,N,0800
US1TXBEE018,20160913,SNOW,0,,,N,0800
US1TXBEE018,20160914,SNOW,0,,,N,0800
US1TXBEE018,20160915,SNOW,0,,,N,0800
US1TXBEE018,20160916,SNOW,0,,,N,0800
US1TXBEE018,20160917,SNOW,0,,,N,0800
US1TXBEE018,20160918,SNOW,0,,,N,0800
US1TXBEE018,20160919,SNOW,0,,,N,0800
US1TXBEE018,20160920,SNOW,0,,,N,0730
US1TXBEE018,20160921,SNOW,0,,,N,0800
US1TXBEE018,20160922,SNOW,0,,,N,0800
US1TXBEE018,20160923,SNOW,0,,,N,0800
US1TXBEE018,20160924,SNOW,0,,,N,0800
US1TXBEE018,20160925,SNOW,0,,,N,0800
US1TXBEE018,20160929,SNOW,0,,,N,0800
US1TXBEE018,20160930,SNOW,0,,,N,0800
US1TXBEE018,20161001,PRCP,0,,,N,0800
US1TXBEE018,20161002,PRCP,0,,,N,0800
US1TXBEE018,20161003,PRCP,0,,,N,0800
US1TXBEE018,20161004,PRCP,0,,,N,0800
US1TXBEE018,20161005,PRCP,0,T,,N,0800
US1TXBEE018,20161006,PRCP,0,,,N,0800
US1TXBEE018,20161007,PRCP,0,,,N,0800
US1TXBEE018,20161008,PRCP,0,,,N,0800
US1TXBEE018,20161009,PRCP,0,,,N,0800
US1TXBEE018,20161010,PRCP,0,,,N,0800
US1TXBEE018,20161011,PRCP,0,,,N,0800
US1TXBEE018,20161012,PRCP,0,,,N,0800
US1TXBEE018,20161013,PRCP,0,,,N,0800
US1TXBEE018,20161014,PRCP,0,,,N,0800
US1TXBEE018,20161015,PRCP,0,,,N,0800
US1TXBEE018,20161016,PRCP,0,,,N,0800
US1TXBEE018,20161017,PRCP,0,,,N,0800
US1TXBEE018,20161018,PRCP,0,,,N,0800
US1TXBEE018,20161019,PRCP,0,,,N,0800
US1TXBEE018,20161020,PRCP,0,,,N,0800
US1TXBEE018,20161021,PRCP,0,,,N,0800
US1TXBEE018,20161022,PRCP,0,,,N,0800
US1TXBEE018,20161023,PRCP,0,,,N,0800
US1TXBEE018,20161024,PRCP,0,,,N,0800
US1TXBEE018,20161025,PRCP,0,,,N,0800
US1TXBEE018,20161026,PRCP,0,,,N,0800
US1TXBEE018,20161027,PRCP,0,,,N,0800
US1TXBEE018,20161028,PRCP,0,,,N,0800
US1TXBEE018,20161029,PRCP,3,,,N,0800
US1TXBEE018,20161030,PRCP,0,T,,N,0800
US1TXBEE018,20161031,PRCP,0,T,,N,0800
US1TXBEE018,20161001,SNOW,0,,,N,0800
US1TXBEE018,20161002,SNOW,0,,,N,0800
US1TXBEE018,20161003,SNOW,0,,,N,0800
US1TXBEE018,20161004,SNOW,0,,,N,0800
US1TXBEE018,20161006,SNOW,0,,,N,0800
US1TXBEE018,20161007,SNOW,0,,,N,0800
US1TXBEE018,20161008,SNOW,0,,,N,0800
US1TXBEE018,20161009,SNOW,0,,,N,0800
US1TXBEE018,20161010,SNOW,0,,,N,0800
US1TXBEE018,20161011,SNOW,0,,,N,0800
US1TXBEE018,20161012,SNOW,0,,,N,0800
US1TXBEE018,20161013,SNOW,0,,,N,0800
US1TXBEE018,20161014,SNOW,0,,,N,0800
US1TXBEE018,20161015,SNOW,0,,,N,0800
US1TXBEE018,20161016,SNOW,0,,,N,0800
US1TXBEE018,20161017,SNOW,0,,,N,0800
US1TXBEE018,20161018,SNOW,0,,,N,0800
US1TXBEE018,20161019,SNOW,0,,,N,0800
US1TXBEE018,20161020,SNOW,0,,,N,0800
US1TXBEE018,20161021,SNOW,0,,,N,0800
US1TXBEE018,20161022,SNOW,0,,,N,0800
US1TXBEE018,20161023,SNOW,0,,,N,0800
US1TXBEE018,20161024,SNOW,0,,,N,0800
US1TXBEE018,20161025,SNOW,0,,,N,0800
US1TXBEE018,20161026,SNOW,0,,,N,0800
US1TXBEE018,20161027,SNOW,0,,,N,0800
US1TXBEE018,20161028,SNOW,0,,,N,0800
US1TXBEE018,20161101,PRCP,3,,,N,0800
US1TXBEE018,20161102,PRCP,0,,,N,0800
US1TXBEE018,20161103,PRCP,0,T,,N,0800
US1TXBEE018,20161104,PRCP,20,,,N,0730
US1TXBEE018,20161105,PRCP,0,,,N,0800
US1TXBEE018,20161106,PRCP,30,,,N,0730
US1TXBEE018,20161107,PRCP,25,,,N,0800
US1TXBEE018,20161108,PRCP,99,,,N,0800
US1TXBEE018,20161109,PRCP,8,,,N,0800
US1TXBEE018,20161110,PRCP,3,,,N,0800
US1TXBEE018,20161111,PRCP,0,,,N,0730
US1TXBEE018,20161112,PRCP,0,,,N,0800
US1TXBEE018,20161113,PRCP,0,,,N,0730
US1TXBEE018,20161114,PRCP,0,T,,N,0800
US1TXBEE018,20161115,PRCP,0,T,,N,0800
US1TXBEE018,20161116,PRCP,0,,,N,0800
US1TXBEE018,20161117,PRCP,0,T,,N,0800
US1TXBEE018,20161118,PRCP,0,,,N,0800
US1TXBEE018,20161119,PRCP,89,,,N,0700
US1TXBEE018,20161120,PRCP,0,,,N,0800
US1TXBEE018,20161121,PRCP,0,,,N,0800
US1TXBEE018,20161122,PRCP,0,,,N,0800
US1TXBEE018,20161123,PRCP,0,T,,N,0800
US1TXBEE018,20161124,PRCP,0,,,N,0800
US1TXBEE018,20161125,PRCP,3,,,N,0800
US1TXBEE018,20161126,PRCP,0,,,N,0800
US1TXBEE018,20161127,PRCP,0,,,N,0800
US1TXBEE018,20161128,PRCP,0,,,N,0730
US1TXBEE018,20161129,PRCP,0,,,N,0800
US1TXBEE018,20161130,PRCP,0,,,N,0800
US1TXBEE018,20161102,SNOW,0,,,N,0800
US1TXBEE018,20161105,SNOW,0,,,N,0800
US1TXBEE018,20161111,SNOW,0,,,N,0730
US1TXBEE018,20161112,SNOW,0,,,N,0800
US1TXBEE018,20161113,SNOW,0,,,N,0730
US1TXBEE018,20161116,SNOW,0,,,N,0800
US1TXBEE018,20161118,SNOW,0,,,N,0800
US1TXBEE018,20161120,SNOW,0,,,N,0800
US1TXBEE018,20161121,SNOW,0,,,N,0800
US1TXBEE018,20161122,SNOW,0,,,N,0800
US1TXBEE018,20161124,SNOW,0,,,N,0800
US1TXBEE018,20161126,SNOW,0,,,N,0800
US1TXBEE018,20161127,SNOW,0,,,N,0800
US1TXBEE018,20161128,SNOW,0,,,N,0730
US1TXBEE018,20161129,SNOW,0,,,N,0800
US1TXBEE018,20161130,SNOW,0,,,N,0800
US1TXBEE018,20161201,PRCP,0,,,N,0800
US1TXBEE018,20161202,PRCP,0,,,N,0800
US1TXBEE018,20161203,PRCP,5,,,N,0800
US1TXBEE018,20161204,PRCP,343,,,N,0730
US1TXBEE018,20161205,PRCP,330,,,N,0800
US1TXBEE018,20161206,PRCP,3,,,N,0730
US1TXBEE018,20161207,PRCP,0,,,N,0800
US1TXBEE018,20161208,PRCP,0,,,N,0730
US1TXBEE018,20161209,PRCP,13,,,N,0800
US1TXBEE018,20161210,PRCP,0,,,N,0800
US1TXBEE018,20161211,PRCP,0,T,,N,0800
US1TXBEE018,20161212,PRCP,3,,,N,0800
US1TXBEE018,20161213,PRCP,8,,,N,0800
US1TXBEE018,20161214,PRCP,3,,,N,0800
US1TXBEE018,20161215,PRCP,0,,,N,0800
US1TXBEE018,20161216,PRCP,10,,,N,0800
US1TXBEE018,20161217,PRCP,3,,,N,0800
US1TXBEE018,20161218,PRCP,0,,,N,0800
US1TXBEE018,20161219,PRCP,0,,,N,0800
US1TXBEE018,20161220,PRCP,0,,,N,0800
US1TXBEE018,20161221,PRCP,0,,,N,0800
US1TXBEE018,20161222,PRCP,5,,,N,0800
US1TXBEE018,20161223,PRCP,3,,,N,0800
US1TXBEE018,20161224,PRCP,3,,,N,0800
US1TXBEE018,20161225,PRCP,3,,,N,0800
US1TXBEE018,20161226,PRCP,0,,,N,0800
US1TXBEE018,20161227,PRCP,0,T,,N,0800
US1TXBEE018,20161228,PRCP,0,,,N,0800
US1TXBEE018,20161229,PRCP,13,,,N,0800
US1TXBEE018,20161230,PRCP,0,,,N,0800
US1TXBEE018,20161231,PRCP,3,,,N,0800
US1TXBEE018,20161201,SNOW,0,,,N,0800
US1TXBEE018,20161202,SNOW,0,,,N,0800
US1TXBEE018,20161207,SNOW,0,,,N,0800
US1TXBEE018,20161208,SNOW,0,,,N,0730
US1TXBEE018,20161210,SNOW,0,,,N,0800
US1TXBEE018,20161215,SNOW,0,,,N,0800
US1TXBEE018,20161218,SNOW,0,,,N,0800
US1TXBEE018,20161219,SNOW,0,,,N,0800
US1TXBEE018,20161220,SNOW,0,,,N,0800
US1TXBEE018,20161221,SNOW,0,,,N,0800
US1TXBEE018,20161226,SNOW,0,,,N,0800
US1TXBEE018,20161228,SNOW,0,,,N,0800
US1TXBEE018,20161230,SNOW,0,,,N,0800
US1TXBEE018,20170101,PRCP,5,,,N,0800
US1TXBEE018,20170102,PRCP,0,T,,N,0800
US1TXBEE018,20170103,PRCP,0,,,N,0800
US1TXBEE018,20170104,PRCP,0,,,N,0800
US1TXBEE018,20170105,PRCP,0,,,N,0800
US1TXBEE018,20170106,PRCP,0,,,N,0800
US1TXBEE018,20170107,PRCP,0,,,N,0800
US1TXBEE018,20170108,PRCP,0,,,N,0800
US1TXBEE018,20170109,PRCP,0,,,N,0800
US1TXBEE018,20170110,PRCP,0,T,,N,0800
US1TXBEE018,20170111,PRCP,0,,,N,0800
US1TXBEE018,20170112,PRCP,0,,,N,0800
US1TXBEE018,20170113,PRCP,56,,,N,0800
US1TXBEE018,20170114,PRCP,0,,,N,0800
US1TXBEE018,20170115,PRCP,0,,,N,0800
US1TXBEE018,20170116,PRCP,0,,,N,0800
US1TXBEE018,20170117,PRCP,0,T,,N,0800
US1TXBEE018,20170118,PRCP,234,,,N,0800
US1TXBEE018,20170119,PRCP,86,,,N,0800
US1TXBEE018,20170120,PRCP,3,,,N,0800
US1TXBEE018,20170121,PRCP,58,,,N,0800
US1TXBEE018,20170122,PRCP,0,,,N,0800
US1TXBEE018,20170123,PRCP,0,,,N,0800
US1TXBEE018,20170124,PRCP,0,,,N,0800
US1TXBEE018,20170125,PRCP,0,,,N,0800
US1TXBEE018,20170126,PRCP,0,,,N,0800
US1TXBEE018,20170127,PRCP,0,,,N,0800
US1TXBEE018,20170128,PRCP,13,,,N,0800
US1TXBEE018,20170129,PRCP,10,,,N,0800
US1TXBEE018,20170130,PRCP,0,,,N,0800
US1TXBEE018,20170131,PRCP,0,,,N,0800
US1TXBEE018,20170103,SNOW,0,,,N,0800
US1TXBEE018,20170104,SNOW,0,,,N,0800
US1TXBEE018,20170105,SNOW,0,,,N,0800
US1TXBEE018,20170106,SNOW,0,,,N,0800
US1TXBEE018,20170107,SNOW,0,,,N,0800
US1TXBEE018,20170108,SNOW,0,,,N,0800
US1TXBEE018,20170109,SNOW,0,,,N,0800
US1TXBEE018,20170111,SNOW,0,,,N,0800
US1TXBEE018,20170112,SNOW,0,,,N,0800
US1TXBEE018,20170114,SNOW,0,,,N,0800
US1TXBEE018,20170115,SNOW,0,,,N,0800
US1TXBEE018,20170116,SNOW,0,,,N,0800
US1TXBEE018,20170122,SNOW,0,,,N,0800
US1TXBEE018,20170123,SNOW,0,,,N,0800
US1TXBEE018,20170124,SNOW,0,,,N,0800
US1TXBEE018,20170125,SNOW,0,,,N,0800
US1TXBEE018,20170126,SNOW,0,,,N,0800
US1TXBEE018,20170127,SNOW,0,,,N,0800
US1TXBEE018,20170130,SNOW,0,,,N,0800
US1TXBEE018,20170131,SNOW,0,,,N,0800
US1TXBEE018,20170201,PRCP,0,T,,N,0800
US1TXBEE018,20170202,PRCP,0,,,N,0800
US1TXBEE018,20170203,PRCP,0,,,N,0800
US1TXBEE018,20170204,PRCP,0,,,N,0800
US1TXBEE018,20170205,PRCP,28,,,N,0800
US1TXBEE018,20170206,PRCP,0,T,,N,0800
US1TXBEE018,20170207,PRCP,0,,,N,0800
US1TXBEE018,20170208,PRCP,3,,,N,0800
US1TXBEE018,20170209,PRCP,0,,,N,0800
US1TXBEE018,20170210,PRCP,0,,,N,0800
US1TXBEE018,20170211,PRCP,0,,,N,0800
US1TXBEE018,20170212,PRCP,0,,,N,0800
US1TXBEE018,20170213,PRCP,0,,,N,0800
US1TXBEE018,20170215,PRCP,15,,,N,0730
US1TXBEE018,20170216,PRCP,0,,,N,0800
US1TXBEE018,20170217,PRCP,8,,,N,0800
US1TXBEE018,20170218,PRCP,0,T,,N,0800
US1TXBEE018,20170219,PRCP,0,,,N,0800
US1TXBEE018,20170220,PRCP,211,,,N,0800
US1TXBEE018,20170221,PRCP,8,,,N,0800
US1TXBEE018,20170222,PRCP,0,,,N,0800
US1TXBEE018,20170223,PRCP,0,T,,N,0800
US1TXBEE018,20170224,PRCP,3,,,N,0645
US1TXBEE018,20170225,PRCP,0,,,N,0800
US1TXBEE018,20170226,PRCP,0,,,N,0800
US1TXBEE018,20170227,PRCP,0,T,,N,0800
US1TXBEE018,20170228,PRCP,0,,,N,0800
US1TXBEE018,20170202,SNOW,0,,,N,0800
US1TXBEE018,20170203,SNOW,0,,,N,0800
US1TXBEE018,20170204,SNOW,0,,,N,0800
US1TXBEE018,20170207,SNOW,0,,,N,0800
US1TXBEE018,20170209,SNOW,0,,,N,0800
US1TXBEE018,20170210,SNOW,0,,,N,0800
US1TXBEE018,20170211,SNOW,0,,,N,0800
US1TXBEE018,20170212,SNOW,0,,,N,0800
US1TXBEE018,20170213,SNOW,0,,,N,0800
US1TXBEE018,20170216,SNOW,0,,,N,0800
US1TXBEE018,20170219,SNOW,0,,,N,0800
US1TXBEE018,20170222,SNOW,0,,,N,0800
US1TXBEE018,20170225,SNOW,0,,,N,0800
US1TXBEE018,20170226,SNOW,0,,,N,0800
US1TXBEE018,20170228,SNOW,0,,,N,0800
US1TXBEE018,20170301,PRCP,0,,,N,0800
US1TXBEE018,20170302,PRCP,0,,,N,0800
US1TXBEE018,20170303,PRCP,0,,,N,0800
US1TXBEE018,20170304,PRCP,0,T,,N,0800
US1TXBEE018,20170305,PRCP,378,,,N,0800
US1TXBEE018,20170306,PRCP,0,,,N,0800
US1TXBEE018,20170307,PRCP,0,,,N,0800
US1TXBEE018,20170308,PRCP,0,,,N,0800
US1TXBEE018,20170309,PRCP,13,,,N,0800
US1TXBEE018,20170310,PRCP,122,,,N,0800
US1TXBEE018,20170311,PRCP,71,,,N,0800
US1TXBEE018,20170312,PRCP,3,,,N,0800
US1TXBEE018,20170313,PRCP,0,,,N,0800
US1TXBEE018,20170314,PRCP,0,T,,N,0800
US1TXBEE018,20170315,PRCP,0,,,N,0800
US1TXBEE018,20170316,PRCP,0,,,N,0800
US1TXBEE018,20170317,PRCP,0,,,N,0800
US1TXBEE018,20170318,PRCP,0,,,N,0800
US1TXBEE018,20170319,PRCP,0,T,,N,0800
US1TXBEE018,20170320,PRCP,0,T,,N,0800
US1TXBEE018,20170321,PRCP,0,T,,N,0800
US1TXBEE018,20170322,PRCP,0,,,N,0800
US1TXBEE018,20170323,PRCP,3,,,N,0800
US1TXBEE018,20170324,PRCP,0,,,N,0800
US1TXBEE018,20170325,PRCP,0,,,N,0800
US1TXBEE018,20170326,PRCP,3,,,N,0800
US1TXBEE018,20170327,PRCP,0,T,,N,0800
US1TXBEE018,20170328,PRCP,0,,,N,0800
US1TXBEE018,20170329,PRCP,13,,,N,0800
US1TXBEE018,20170330,PRCP,0,,,N,0800
US1TXBEE018,20170331,PRCP,0,T,,N,0800
US1TXBEE018,20170301,SNOW,0,,,N,0800
US1TXBEE018,20170302,SNOW,0,,,N,0800
US1TXBEE018,20170303,SNOW,0,,,N,0800
US1TXBEE018,20170306,SNOW,0,,,N,0800
US1TXBEE018,20170307,SNOW,0,,,N,0800
US1TXBEE018,20170308,SNOW,0,,,N,0800
US1TXBEE018,20170313,SNOW,0,,,N,0800
US1TXBEE018,20170315,SNOW,0,,,N,0800
US1TXBEE018,20170316,SNOW,0,,,N,0800
US1TXBEE018,20170317,SNOW,0,,,N,0800
US1TXBEE018,20170318,SNOW,0,,,N,0800
US1TXBEE018,20170322,SNOW,0,,,N,0800
US1TXBEE018,20170324,SNOW,0,,,N,0800
US1TXBEE018,20170325,SNOW,0,,,N,0800
US1TXBEE018,20170328,SNOW,0,,,N,0800
US1TXBEE018,20170330,SNOW,0,,,N,0800
US1TXBEE018,20170401,PRCP,0,,,N,0800
US1TXBEE018,20170402,PRCP,0,,,N,0800
US1TXBEE018,20170403,PRCP,0,,,N,0800
US1TXBEE018,20170404,PRCP,0,T,,N,0800
US1TXBEE018,20170405,PRCP,0,,,N,0800
US1TXBEE018,20170406,PRCP,0,,,N,0800
US1TXBEE018,20170407,PRCP,0,,,N,0800
US1TXBEE018,20170408,PRCP,0,,,N,0800
US1TXBEE018,20170409,PRCP,0,,,N,0800
US1TXBEE018,20170410,PRCP,3,,,N,0800
US1TXBEE018,20170411,PRCP,15,,,N,0800
US1TXBEE018,20170412,PRCP,114,,,N,0800
US1TXBEE018,20170413,PRCP,0,T,,N,0800
US1TXBEE018,20170414,PRCP,0,T,,N,0750
US1TXBEE018,20170415,PRCP,0,,,N,0800
US1TXBEE018,20170417,PRCP,30,,,N,0800
US1TXBEE018,20170418,PRCP,236,,,N,0800
US1TXBEE018,20170419,PRCP,3,,,N,0800
US1TXBEE018,20170421,PRCP,8,,,N,0800
US1TXBEE018,20170422,PRCP,0,,,N,0800
US1TXBEE018,20170423,PRCP,30,,,N,0800
US1TXBEE018,20170424,PRCP,0,,,N,0800
US1TXBEE018,20170425,PRCP,0,,,N,0800
US1TXBEE018,20170426,PRCP,0,,,N,0800
US1TXBEE018,20170427,PRCP,0,,,N,0800
US1TXBEE018,20170428,PRCP,0,,,N,0800
US1TXBEE018,20170429,PRCP,0,,,N,0800
US1TXBEE018,20170430,PRCP,43,,,N,0800
US1TXBEE018,20170401,SNOW,0,,,N,0800
US1TXBEE018,20170402,SNOW,0,,,N,0800
US1TXBEE018,20170403,SNOW,0,,,N,0800
US1TXBEE018,20170405,SNOW,0,,,N,0800
US1TXBEE018,20170406,SNOW,0,,,N,0800
US1TXBEE018,20170407,SNOW,0,,,N,0800
US1TXBEE018,20170408,SNOW,0,,,N,0800
US1TXBEE018,20170409,SNOW,0,,,N,0800
US1TXBEE018,20170415,SNOW,0,,,N,0800
US1TXBEE018,20170422,SNOW,0,,,N,0800
US1TXBEE018,20170423,SNOW,0,,,N,0800
US1TXBEE018,20170424,SNOW,0,,,N,0800
US1TXBEE018,20170425,SNOW,0,,,N,0800
US1TXBEE018,20170426,SNOW,0,,,N,0800
US1TXBEE018,20170427,SNOW,0,,,N,0800
US1TXBEE018,20170428,SNOW,0,,,N,0800
US1TXBEE018,20170429,SNOW,0,,,N,0800
US1TXBEE018,20170501,PRCP,0,,,N,0800
US1TXBEE018,20170502,PRCP,0,,,N,0800
US1TXBEE018,20170503,PRCP,8,,,N,0800
US1TXBEE018,20170504,PRCP,20,,,N,0800
US1TXBEE018,20170505,PRCP,0,,,N,0800
US1TXBEE018,20170506,PRCP,0,,,N,0800
US1TXBEE018,20170507,PRCP,0,,,N,0800
US1TXBEE018,20170508,PRCP,0,,,N,0800
US1TXBEE018,20170509,PRCP,0,,,N,0800
US1TXBEE018,20170510,PRCP,0,,,N,0800
US1TXBEE018,20170511,PRCP,0,,,N,0800
US1TXBEE018,20170512,PRCP,0,T,,N,0800
US1TXBEE018,20170513,PRCP,0,,,N,0800
US1TXBEE018,20170514,PRCP,0,,,N,0800
US1TXBEE018,20170515,PRCP,0,,,N,0800
US1TXBEE018,20170516,PRCP,0,,,N,0800
US1TXBEE018,20170517,PRCP,0,,,N,0800
US1TXBEE018,20170518,PRCP,13,,,N,0800
US1TXBEE018,20170519,PRCP,0,,,N,0750
US1TXBEE018,20170520,PRCP,0,,,N,0800
US1TXBEE018,20170521,PRCP,0,,,N,0800
US1TXBEE018,20170522,PRCP,3,,,N,0800
US1TXBEE018,20170523,PRCP,0,,,N,0800
US1TXBEE018,20170524,PRCP,140,,,N,0730
US1TXBEE018,20170525,PRCP,0,,,N,0800
US1TXBEE018,20170526,PRCP,0,,,N,0800
US1TXBEE018,20170527,PRCP,0,,,N,0800
US1TXBEE018,20170528,PRCP,0,,,N,0800
US1TXBEE018,20170529,PRCP,53,,,N,0800
US1TXBEE018,20170530,PRCP,30,,,N,0745
US1TXBEE018,20170531,PRCP,0,,,N,0800
US1TXBEE018,20170501,SNOW,0,,,N,0800
US1TXBEE018,20170502,SNOW,0,,,N,0800
US1TXBEE018,20170505,SNOW,0,,,N,0800
US1TXBEE018,20170506,SNOW,0,,,N,0800
US1TXBEE018,20170507,SNOW,0,,,N,0800
US1TXBEE018,20170508,SNOW,0,,,N,0800
US1TXBEE018,20170509,SNOW,0,,,N,0800
US1TXBEE018,20170510,SNOW,0,,,N,0800
US1TXBEE018,20170511,SNOW,0,,,N,0800
US1TXBEE018,20170513,SNOW,0,,,N,0800
US1TXBEE018,20170514,SNOW,0,,,N,0800
US1TXBEE018,20170515,SNOW,0,,,N,0800
US1TXBEE018,20170516,SNOW,0,,,N,0800
US1TXBEE018,20170517,SNOW,0,,,N,0800
US1TXBEE018,20170519,SNOW,0,,,N,0750
US1TXBEE018,20170520,SNOW,0,,,N,0800
US1TXBEE018,20170521,SNOW,0,,,N,0800
US1TXBEE018,20170523,SNOW,0,,,N,0800
US1TXBEE018,20170525,SNOW,0,,,N,0800
US1TXBEE018,20170526,SNOW,0,,,N,0800
US1TXBEE018,20170527,SNOW,0,,,N,0800
US1TXBEE018,20170528,SNOW,0,,,N,0800
US1TXBEE018,20170531,SNOW,0,,,N,0800
US1TXBEE018,20170601,PRCP,15,,,N,0745
US1TXBEE018,20170602,PRCP,0,,,N,0800
US1TXBEE018,20170603,PRCP,0,,,N,0800
US1TXBEE018,20170604,PRCP,0,,,N,0800
US1TXBEE018,20170605,PRCP,259,,,N,0800
US1TXBEE018,20170606,PRCP,3,,,N,0730
US1TXBEE018,20170607,PRCP,0,,,N,0800
US1TXBEE018,20170608,PRCP,0,,,N,0800
US1TXBEE018,20170609,PRCP,0,,,N,0800
US1TXBEE018,20170610,PRCP,0,,,N,0800
US1TXBEE018,20170611,PRCP,0,,,N,0800
US1TXBEE018,20170612,PRCP,0,,,N,0800
US1TXBEE018,20170613,PRCP,0,,,N,0800
US1TXBEE018,20170614,PRCP,0,,,N,0800
US1TXBEE018,20170615,PRCP,0,,,N,0800
US1TXBEE018,20170616,PRCP,0,,,N,0800
US1TXBEE018,20170617,PRCP,0,,,N,0800
US1TXBEE018,20170618,PRCP,0,,,N,0800
US1TXBEE018,20170619,PRCP,0,,,N,0800
US1TXBEE018,20170620,PRCP,0,,,N,0800
US1TXBEE018,20170621,PRCP,0,,,N,0730
US1TXBEE018,20170622,PRCP,0,,,N,0730
US1TXBEE018,20170623,PRCP,0,,,N,0730
US1TXBEE018,20170624,PRCP,0,,,N,0800
US1TXBEE018,20170625,PRCP,180,,,N,0730
US1TXBEE018,20170626,PRCP,10,,,N,0730
US1TXBEE018,20170627,PRCP,30,,,N,0730
US1TXBEE018,20170628,PRCP,0,,,N,0730
US1TXBEE018,20170629,PRCP,0,,,N,0730
US1TXBEE018,20170630,PRCP,0,,,N,0730
US1TXBEE018,20170602,SNOW,0,,,N,0800
US1TXBEE018,20170603,SNOW,0,,,N,0800
US1TXBEE018,20170604,SNOW,0,,,N,0800
US1TXBEE018,20170607,SNOW,0,,,N,0800
US1TXBEE018,20170608,SNOW,0,,,N,0800
US1TXBEE018,20170609,SNOW,0,,,N,0800
US1TXBEE018,20170610,SNOW,0,,,N,0800
US1TXBEE018,20170611,SNOW,0,,,N,0800
US1TXBEE018,20170612,SNOW,0,,,N,0800
US1TXBEE018,20170613,SNOW,0,,,N,0800
US1TXBEE018,20170614,SNOW,0,,,N,0800
US1TXBEE018,20170615,SNOW,0,,,N,0800
US1TXBEE018,20170616,SNOW,0,,,N,0800
US1TXBEE018,20170617,SNOW,0,,,N,0800
US1TXBEE018,20170618,SNOW,0,,,N,0800
US1TXBEE018,20170619,SNOW,0,,,N,0800
US1TXBEE018,20170620,SNOW,0,,,N,0800
US1TXBEE018,20170621,SNOW,0,,,N,0730
US1TXBEE018,20170622,SNOW,0,,,N,0730
US1TXBEE018,20170623,SNOW,0,,,N,0730
US1TXBEE018,20170624,SNOW,0,,,N,0800
US1TXBEE018,20170628,SNOW,0,,,N,0730
US1TXBEE018,20170629,SNOW,0,,,N,0730
US1TXBEE018,20170630,SNOW,0,,,N,0730
US1TXBEE018,20170701,PRCP,0,,,N,0730
US1TXBEE018,20170702,PRCP,0,,,N,0730
US1TXBEE018,20170703,PRCP,0,,,N,0730
US1TXBEE018,20170704,PRCP,0,,,N,0730
US1TXBEE018,20170705,PRCP,0,,,N,0730
US1TXBEE018,20170706,PRCP,0,,,N,0730
US1TXBEE018,20170707,PRCP,0,,,N,0730
US1TXBEE018,20170708,PRCP,56,,,N,0730
US1TXBEE018,20170709,PRCP,0,,,N,0730
US1TXBEE018,20170710,PRCP,0,,,N,0730
US1TXBEE018,20170711,PRCP,0,,,N,0730
US1TXBEE018,20170712,PRCP,0,,,N,0730
US1TXBEE018,20170713,PRCP,0,,,N,0730
US1TXBEE018,20170714,PRCP,0,T,,N,0730
US1TXBEE018,20170715,PRCP,0,,,N,0730
US1TXBEE018,20170716,PRCP,310,,,N,0730
US1TXBEE018,20170717,PRCP,0,,,N,0730
US1TXBEE018,20170718,PRCP,0,,,N,0730
US1TXBEE018,20170719,PRCP,0,,,N,0730
US1TXBEE018,20170720,PRCP,0,,,N,0730
US1TXBEE018,20170721,PRCP,0,,,N,0730
US1TXBEE018,20170722,PRCP,0,,,N,0730
US1TXBEE018,20170723,PRCP,0,,,N,0730
US1TXBEE018,20170724,PRCP,0,,,N,0730
US1TXBEE018,20170725,PRCP,0,,,N,0730
US1TXBEE018,20170726,PRCP,0,,,N,0730
US1TXBEE018,20170727,PRCP,0,,,N,0730
US1TXBEE018,20170728,PRCP,0,,,N,0730
US1TXBEE018,20170729,PRCP,0,,,N,0730
US1TXBEE018,20170730,PRCP,0,,,N,0730
US1TXBEE018,20170731,PRCP,0,,,N,0730
US1TXBEE018,20170701,SNOW,0,,,N,0730
US1TXBEE018,20170702,SNOW,0,,,N,0730
US1TXBEE018,20170703,SNOW,0,,,N,0730
US1TXBEE018,20170704,SNOW,0,,,N,0730
US1TXBEE018,20170705,SNOW,0,,,N,0730
US1TXBEE018,20170706,SNOW,0,,,N,0730
US1TXBEE018,20170707,SNOW,0,,,N,0730
US1TXBEE018,20170709,SNOW,0,,,N,0730
US1TXBEE018,20170710,SNOW,0,,,N,0730
US1TXBEE018,20170711,SNOW,0,,,N,0730
US1TXBEE018,20170712,SNOW,0,,,N,0730
US1TXBEE018,20170713,SNOW,0,,,N,0730
US1TXBEE018,20170715,SNOW,0,,,N,0730
US1TXBEE018,20170717,SNOW,0,,,N,0730
US1TXBEE018,20170718,SNOW,0,,,N,0730
US1TXBEE018,20170719,SNOW,0,,,N,0730
US1TXBEE018,20170720,SNOW,0,,,N,0730
US1TXBEE018,20170721,SNOW,0,,,N,0730
US1TXBEE018,20170722,SNOW,0,,,N,0730
US1TXBEE018,20170723,SNOW,0,,,N,0730
US1TXBEE018,20170724,SNOW,0,,,N,0730
US1TXBEE018,20170725,SNOW,0,,,N,0730
US1TXBEE018,20170726,SNOW,0,,,N,0730
US1TXBEE018,20170727,SNOW,0,,,N,0730
US1TXBEE018,20170728,SNOW,0,,,N,0730
US1TXBEE018,20170729,SNOW,0,,,N,0730
US1TXBEE018,20170730,SNOW,0,,,N,0730
US1TXBEE018,20170731,SNOW,0,,,N,0730
US1TXBEE018,20170801,PRCP,0,,,N,0730
US1TXBEE018,20170802,PRCP,0,,,N,0730
US1TXBEE018,20170803,PRCP,0,T,,N,0730
US1TXBEE018,20170804,PRCP,33,,,N,0730
US1TXBEE018,20170805,PRCP,368,,,N,0730
US1TXBEE018,20170806,PRCP,0,,,N,0730
US1TXBEE018,20170807,PRCP,0,,,N,0730
US1TXBEE018,20170808,PRCP,0,,,N,0730
US1TXBEE018,20170809,PRCP,0,T,,N,0730
US1TXBEE018,20170810,PRCP,0,,,N,0730
US1TXBEE018,20170811,PRCP,8,,,N,0730
US1TXBEE018,20170812,PRCP,0,T,,N,0730
US1TXBEE018,20170813,PRCP,0,,,N,0730
US1TXBEE018,20170814,PRCP,0,,,N,0730
US1TXBEE018,20170815,PRCP,0,,,N,0730
US1TXBEE018,20170816,PRCP,0,,,N,0730
US1TXBEE018,20170817,PRCP,0,,,N,0730
US1TXBEE018,20170818,PRCP,0,T,,N,0730
US1TXBEE018,20170819,PRCP,0,,,N,0730
US1TXBEE018,20170820,PRCP,0,,,N,0730
US1TXBEE018,20170821,PRCP,0,,,N,0730
US1TXBEE018,20170822,PRCP,0,,,N,0730
US1TXBEE018,20170823,PRCP,0,,,N,0730
US1TXBEE018,20170824,PRCP,0,,,N,0730
US1TXBEE018,20170825,PRCP,28,,,N,0730
US1TXBEE018,20170826,PRCP,577,,,N,0800
US1TXBEE018,20170827,PRCP,188,,,N,0730
US1TXBEE018,20170828,PRCP,64,,,N,0730
US1TXBEE018,20170829,PRCP,5,,,N,0730
US1TXBEE018,20170830,PRCP,0,,,N,0730
US1TXBEE018,20170831,PRCP,0,,,N,0730
US1TXBEE018,20170801,SNOW,0,,,N,0730
US1TXBEE018,20170802,SNOW,0,,,N,0730
US1TXBEE018,20170806,SNOW,0,,,N,0730
US1TXBEE018,20170807,SNOW,0,,,N,0730
US1TXBEE018,20170808,SNOW,0,,,N,0730
US1TXBEE018,20170810,SNOW,0,,,N,0730
US1TXBEE018,20170813,SNOW,0,,,N,0730
US1TXBEE018,20170814,SNOW,0,,,N,0730
US1TXBEE018,20170815,SNOW,0,,,N,0730
US1TXBEE018,20170816,SNOW,0,,,N,0730
US1TXBEE018,20170817,SNOW,0,,,N,0730
US1TXBEE018,20170819,SNOW,0,,,N,0730
US1TXBEE018,20170820,SNOW,0,,,N,0730
US1TXBEE018,20170821,SNOW,0,,,N,0730
US1TXBEE018,20170822,SNOW,0,,,N,0730
US1TXBEE018,20170823,SNOW,0,,,N,0730
US1TXBEE018,20170824,SNOW,0,,,N,0730
US1TXBEE018,20170830,SNOW,0,,,N,0730
US1TXBEE018,20170831,SNOW,0,,,N,0730
US1TXBEE018,20170901,PRCP,0,,,N,0800
US1TXBEE018,20170902,PRCP,0,T,,N,0730
US1TXBEE018,20170903,PRCP,0,,,N,0800
US1TXBEE018,20170904,PRCP,0,,,N,0800
US1TXBEE018,20170905,PRCP,0,,,N,0800
US1TXBEE018,20170906,PRCP,0,,,N,0800
US1TXBEE018,20170907,PRCP,0,,,N,0800
US1TXBEE018,20170908,PRCP,0,,,N,0800
US1TXBEE018,20170909,PRCP,0,,,N,0730
US1TXBEE018,20170910,PRCP,0,,,N,0800
US1TXBEE018,20170911,PRCP,0,,,N,0730
US1TXBEE018,20170912,PRCP,0,,,N,0730
US1TXBEE018,20170913,PRCP,0,,,N,0800
US1TXBEE018,20170914,PRCP,0,,,N,0730
US1TXBEE018,20170915,PRCP,0,,,N,0730
US1TXBEE018,20170916,PRCP,0,,,N,0800
US1TXBEE018,20170917,PRCP,0,,,N,0800
US1TXBEE018,20170918,PRCP,0,,,N,0730
US1TXBEE018,20170919,PRCP,0,,,N,0800
US1TXBEE018,20170920,PRCP,0,,,N,0800
US1TXBEE018,20170921,PRCP,0,,,N,0800
US1TXBEE018,20170922,PRCP,0,,,N,0800
US1TXBEE018,20170923,PRCP,0,T,,N,0800
US1TXBEE018,20170924,PRCP,0,,,N,0800
US1TXBEE018,20170925,PRCP,0,,,N,0800
US1TXBEE018,20170926,PRCP,61,,,N,0730
US1TXBEE018,20170927,PRCP,208,,,N,0730
US1TXBEE018,20170928,PRCP,467,,,N,0730
US1TXBEE018,20170929,PRCP,18,,,N,0730
US1TXBEE018,20170930,PRCP,386,,,N,0730
US1TXBEE018,20170901,SNOW,0,,,N,0800
US1TXBEE018,20170903,SNOW,0,,,N,0800
US1TXBEE018,20170904,SNOW,0,,,N,0800
US1TXBEE018,20170905,SNOW,0,,,N,0800
US1TXBEE018,20170906,SNOW,0,,,N,0800
US1TXBEE018,20170907,SNOW,0,,,N,0800
US1TXBEE018,20170908,SNOW,0,,,N,0800
US1TXBEE018,20170909,SNOW,0,,,N,0730
US1TXBEE018,20170910,SNOW,0,,,N,0800
US1TXBEE018,20170911,SNOW,0,,,N,0730
US1TXBEE018,20170912,SNOW,0,,,N,0730
US1TXBEE018,20170913,SNOW,0,,,N,0800
US1TXBEE018,20170914,SNOW,0,,,N,0730
US1TXBEE018,20170915,SNOW,0,,,N,0730
US1TXBEE018,20170916,SNOW,0,,,N,0800
US1TXBEE018,20170917,SNOW,0,,,N,0800
US1TXBEE018,20170918,SNOW,0,,,N,0730
US1TXBEE018,20170919,SNOW,0,,,N,0800
US1TXBEE018,20170920,SNOW,0,,,N,0800
US1TXBEE018,20170921,SNOW,0,,,N,0800
US1TXBEE018,20170922,SNOW,0,,,N,0800
US1TXBEE018,20170924,SNOW,0,,,N,0800
US1TXBEE018,20170925,SNOW,0,,,N,0800
US1TXBEE018,20171001,PRCP,0,,,N,0730
US1TXBEE018,20171002,PRCP,0,,,N,0800
US1TXBEE018,20171003,PRCP,0,T,,N,0800
US1TXBEE018,20171004,PRCP,284,,,N,0730
US1TXBEE018,20171005,PRCP,0,,,N,0730
US1TXBEE018,20171006,PRCP,0,T,,N,0730
US1TXBEE018,20171007,PRCP,0,T,,N,0800
US1TXBEE018,20171008,PRCP,0,,,N,0800
US1TXBEE018,20171009,PRCP,0,,,N,0800
US1TXBEE018,20171010,PRCP,0,,,N,0800
US1TXBEE018,20171011,PRCP,0,,,N,0800
US1TXBEE018,20171012,PRCP,0,,,N,0800
US1TXBEE018,20171013,PRCP,0,T,,N,0800
US1TXBEE018,20171014,PRCP,0,T,,N,0800
US1TXBEE018,20171015,PRCP,0,T,,N,0800
US1TXBEE018,20171016,PRCP,0,,,N,0730
US1TXBEE018,20171017,PRCP,0,,,N,0730
US1TXBEE018,20171018,PRCP,0,,,N,0730
US1TXBEE018,20171019,PRCP,0,T,,N,0730
US1TXBEE018,20171020,PRCP,0,,,N,0730
US1TXBEE018,20171021,PRCP,0,,,N,0730
US1TXBEE018,20171022,PRCP,0,T,,N,0730
US1TXBEE018,20171023,PRCP,0,,,N,0800
US1TXBEE018,20171024,PRCP,0,,,N,0800
US1TXBEE018,20171025,PRCP,0,,,N,0800
US1TXBEE018,20171026,PRCP,0,,,N,0800
US1TXBEE018,20171027,PRCP,0,,,N,0800
US1TXBEE018,20171028,PRCP,0,,,N,0800
US1TXBEE018,20171029,PRCP,0,,,N,0800
US1TXBEE018,20171030,PRCP,0,,,N,0800
US1TXBEE018,20171031,PRCP,0,T,,N,0800
US1TXBEE018,20171001,SNOW,0,,,N,0730
US1TXBEE018,20171002,SNOW,0,,,N,0800
US1TXBEE018,20171005,SNOW,0,,,N,0730
US1TXBEE018,20171008,SNOW,0,,,N,0800
US1TXBEE018,20171009,SNOW,0,,,N,0800
US1TXBEE018,20171010,SNOW,0,,,N,0800
US1TXBEE018,20171011,SNOW,0,,,N,0800
US1TXBEE018,20171012,SNOW,0,,,N,0800
US1TXBEE018,20171016,SNOW,0,,,N,0730
US1TXBEE018,20171017,SNOW,0,,,N,0730
US1TXBEE018,20171018,SNOW,0,,,N,0730
US1TXBEE018,20171020,SNOW,0,,,N,0730
US1TXBEE018,20171021,SNOW,0,,,N,0730
US1TXBEE018,20171023,SNOW,0,,,N,0800
US1TXBEE018,20171024,SNOW,0,,,N,0800
US1TXBEE018,20171025,SNOW,0,,,N,0800
US1TXBEE018,20171026,SNOW,0,,,N,0800
US1TXBEE018,20171027,SNOW,0,,,N,0800
US1TXBEE018,20171028,SNOW,0,,,N,0800
US1TXBEE018,20171029,SNOW,0,,,N,0800
US1TXBEE018,20171030,SNOW,0,,,N,0800
US1TXBEE018,20171101,PRCP,234,,,N,0800
US1TXBEE018,20171102,PRCP,0,,,N,0800
US1TXBEE018,20171103,PRCP,0,,,N,0800
US1TXBEE018,20171104,PRCP,0,,,N,0800
US1TXBEE018,20171105,PRCP,0,,,N,0800
US1TXBEE018,20171106,PRCP,0,,,N,0800
US1TXBEE018,20171107,PRCP,0,,,N,0800
US1TXBEE018,20171108,PRCP,0,,,N,0800
US1TXBEE018,20171109,PRCP,0,,,N,0800
US1TXBEE018,20171110,PRCP,0,,,N,0730
US1TXBEE018,20171111,PRCP,0,,,N,0800
US1TXBEE018,20171112,PRCP,18,,,N,0730
US1TXBEE018,20171113,PRCP,99,,,N,0730
US1TXBEE018,20171114,PRCP,0,,,N,0800
US1TXBEE018,20171115,PRCP,0,,,N,0800
US1TXBEE018,20171116,PRCP,10,,,N,0800
US1TXBEE018,20171117,PRCP,0,,,N,0800
US1TXBEE018,20171118,PRCP,0,,,N,0800
US1TXBEE018,20171119,PRCP,0,,,N,0800
US1TXBEE018,20171120,PRCP,0,,,N,0800
US1TXBEE018,20171121,PRCP,0,,,N,0800
US1TXBEE018,20171122,PRCP,0,,,N,0800
US1TXBEE018,20171123,PRCP,0,,,N,0800
US1TXBEE018,20171124,PRCP,0,,,N,0800
US1TXBEE018,20171125,PRCP,0,,,N,0800
US1TXBEE018,20171126,PRCP,0,,,N,0800
US1TXBEE018,20171127,PRCP,0,,,N,0800
US1TXBEE018,20171128,PRCP,0,,,N,0730
US1TXBEE018,20171129,PRCP,0,,,N,0800
US1TXBEE018,20171130,PRCP,0,,,N,0800
US1TXBEE018,20171102,SNOW,0,,,N,0800
US1TXBEE018,20171103,SNOW,0,,,N,0800
US1TXBEE018,20171104,SNOW,0,,,N,0800
US1TXBEE018,20171105,SNOW,0,,,N,0800
US1TXBEE018,20171106,SNOW,0,,,N,0800
US1TXBEE018,20171107,SNOW,0,,,N,0800
US1TXBEE018,20171108,SNOW,0,,,N,0800
US1TXBEE018,20171109,SNOW,0,,,N,0800
US1TXBEE018,20171110,SNOW,0,,,N,0730
US1TXBEE018,20171111,SNOW,0,,,N,0800
US1TXBEE018,20171114,SNOW,0,,,N,0800
US1TXBEE018,20171115,SNOW,0,,,N,0800
US1TXBEE018,20171117,SNOW,0,,,N,0800
US1TXBEE018,20171118,SNOW,0,,,N,0800
US1TXBEE018,20171119,SNOW,0,,,N,0800
US1TXBEE018,20171120,SNOW,0,,,N,0800
US1TXBEE018,20171121,SNOW,0,,,N,0800
US1TXBEE018,20171122,SNOW,0,,,N,0800
US1TXBEE018,20171123,SNOW,0,,,N,0800
US1TXBEE018,20171124,SNOW,0,,,N,0800
US1TXBEE018,20171125,SNOW,0,,,N,0800
US1TXBEE018,20171126,SNOW,0,,,N,0800
US1TXBEE018,20171127,SNOW,0,,,N,0800
US1TXBEE018,20171128,SNOW,0,,,N,0730
US1TXBEE018,20171129,SNOW,0,,,N,0800
US1TXBEE018,20171130,SNOW,0,,,N,0800
US1TXBEE018,20171201,PRCP,0,,,N,0800
US1TXBEE018,20171202,PRCP,0,,,N,0730
US1TXBEE018,20171203,PRCP,0,,,N,0800
US1TXBEE018,20171204,PRCP,79,,,N,0730
US1TXBEE018,20171205,PRCP,0,,,N,0730
US1TXBEE018,20171206,PRCP,33,,,N,0730
US1TXBEE018,20171207,PRCP,157,,,N,0800
US1TXBEE018,20171208,PRCP,196,,,N,0800
US1TXBEE018,20171209,PRCP,0,,,N,0800
US1TXBEE018,20171210,PRCP,0,,,N,0800
US1TXBEE018,20171211,PRCP,0,,,N,0800
US1TXBEE018,20171212,PRCP,0,,,N,0800
US1TXBEE018,20171213,PRCP,0,,,N,0800
US1TXBEE018,20171214,PRCP,0,,,N,0800
US1TXBEE018,20171215,PRCP,5,,,N,0800
US1TXBEE018,20171217,PRCP,66,,,N,0800
US1TXBEE018,20171218,PRCP,5,,,N,0800
US1TXBEE018,20171219,PRCP,150,,,N,0730
US1TXBEE018,20171220,PRCP,0,,,N,0800
US1TXBEE018,20171221,PRCP,0,,,N,0800
US1TXBEE018,20171222,PRCP,0,,,N,0800
US1TXBEE018,20171223,PRCP,0,,,N,0800
US1TXBEE018,20171224,PRCP,0,,,N,0800
US1TXBEE018,20171225,PRCP,0,,,N,0800
US1TXBEE018,20171226,PRCP,0,T,,N,0800
US1TXBEE018,20171227,PRCP,15,,,N,0800
US1TXBEE018,20171228,PRCP,3,,,N,0730
US1TXBEE018,20171229,PRCP,5,,,N,0730
US1TXBEE018,20171230,PRCP,5,,,N,0730
US1TXBEE018,20171231,PRCP,10,,,N,0730
US1TXBEE018,20171201,SNOW,0,,,N,0800
US1TXBEE018,20171202,SNOW,0,,,N,0730
US1TXBEE018,20171203,SNOW,0,,,N,0800
US1TXBEE018,20171205,SNOW,0,,,N,0730
US1TXBEE018,20171209,SNOW,0,,,N,0800
US1TXBEE018,20171210,SNOW,0,,,N,0800
US1TXBEE018,20171211,SNOW,0,,,N,0800
US1TXBEE018,20171212,SNOW,0,,,N,0800
US1TXBEE018,20171213,SNOW,0,,,N,0800
US1TXBEE018,20171214,SNOW,0,,,N,0800
US1TXBEE018,20171220,SNOW,0,,,N,0800
US1TXBEE018,20171221,SNOW,0,,,N,0800
US1TXBEE018,20171222,SNOW,0,,,N,0800
US1TXBEE018,20171223,SNOW,0,,,N,0800
US1TXBEE018,20171224,SNOW,0,,,N,0800
US1TXBEE018,20171225,SNOW,0,,,N,0800
US1TXBEE018,20180101,PRCP,0,,,N,0730
US1TXBEE018,20180102,PRCP,5,,,N,0730
US1TXBEE018,20180103,PRCP,0,,,N,0730
US1TXBEE018,20180104,PRCP,0,,,N,0730
US1TXBEE018,20180105,PRCP,0,,,N,0730
US1TXBEE018,20180106,PRCP,0,,,N,0730
US1TXBEE018,20180107,PRCP,0,,,N,0730
US1TXBEE018,20180108,PRCP,0,,,N,0730
US1TXBEE018,20180109,PRCP,0,,,N,0730
US1TXBEE018,20180110,PRCP,0,T,,N,0730
US1TXBEE018,20180111,PRCP,0,,,N,0730
US1TXBEE018,20180112,PRCP,0,,,N,0730
US1TXBEE018,20180113,PRCP,0,,,N,0730
US1TXBEE018,20180114,PRCP,0,,,N,0730
US1TXBEE018,20180115,PRCP,0,,,N,0730
US1TXBEE018,20180116,PRCP,15,,,N,0730
US1TXBEE018,20180117,PRCP,0,,,N,0730
US1TXBEE018,20180118,PRCP,0,,,N,0730
US1TXBEE018,20180119,PRCP,10,,,N,0730
US1TXBEE018,20180120,PRCP,76,,,N,0730
US1TXBEE018,20180121,PRCP,0,,,N,0730
US1TXBEE018,20180122,PRCP,0,,,N,0730
US1TXBEE018,20180123,PRCP,0,,,N,0730
US1TXBEE018,20180124,PRCP,0,,,N,0730
US1TXBEE018,20180125,PRCP,0,,,N,0730
US1TXBEE018,20180126,PRCP,0,,,N,0730
US1TXBEE018,20180127,PRCP,0,T,,N,0730
US1TXBEE018,20180128,PRCP,3,,,N,0730
US1TXBEE018,20180129,PRCP,0,,,N,0730
US1TXBEE018,20180130,PRCP,0,,,N,0730
US1TXBEE018,20180131,PRCP,0,,,N,0730
US1TXBEE018,20180101,SNOW,0,,,N,0730
US1TXBEE018,20180103,SNOW,0,,,N,0730
US1TXBEE018,20180104,SNOW,0,,,N,0730
US1TXBEE018,20180105,SNOW,0,,,N,0730
US1TXBEE018,20180106,SNOW,0,,,N,0730
US1TXBEE018,20180107,SNOW,0,,,N,0730
US1TXBEE018,20180108,SNOW,0,,,N,0730
US1TXBEE018,20180109,SNOW,0,,,N,0730
US1TXBEE018,20180111,SNOW,0,,,N,0730
US1TXBEE018,20180112,SNOW,0,,,N,0730
US1TXBEE018,20180113,SNOW,0,,,N,0730
US1TXBEE018,20180114,SNOW,0,,,N,0730
US1TXBEE018,20180115,SNOW,0,,,N,0730
US1TXBEE018,20180117,SNOW,0,,,N,0730
US1TXBEE018,20180118,SNOW,0,,,N,0730
US1TXBEE018,20180121,SNOW,0,,,N,0730
US1TXBEE018,20180122,SNOW,0,,,N,0730
US1TXBEE018,20180123,SNOW,0,,,N,0730
US1TXBEE018,20180124,SNOW,0,,,N,0730
US1TXBEE018,20180125,SNOW,0,,,N,0730
US1TXBEE018,20180126,SNOW,0,,,N,0730
US1TXBEE018,20180129,SNOW,0,,,N,0730
US1TXBEE018,20180130,SNOW,0,,,N,0730
US1TXBEE018,20180131,SNOW,0,,,N,0730
US1TXBEE018,20180201,PRCP,0,,,N,0730
US1TXBEE018,20180202,PRCP,0,,,N,0730
US1TXBEE018,20180203,PRCP,0,,,N,0730
US1TXBEE018,20180204,PRCP,0,,,N,0800
US1TXBEE018,20180205,PRCP,0,,,N,0800
US1TXBEE018,20180206,PRCP,0,,,N,0800
US1TXBEE018,20180207,PRCP,0,T,,N,0730
US1TXBEE018,20180208,PRCP,8,,,N,0800
US1TXBEE018,20180209,PRCP,0,,,N,0800
US1TXBEE018,20180210,PRCP,25,,,N,0730
US1TXBEE018,20180211,PRCP,0,T,,N,0730
US1TXBEE018,20180212,PRCP,0,T,,N,0800
US1TXBEE018,20180213,PRCP,13,,,N,0800
US1TXBEE018,20180214,PRCP,0,T,,N,0800
US1TXBEE018,20180215,PRCP,0,,,N,0800
US1TXBEE018,20180216,PRCP,0,,,N,0800
US1TXBEE018,20180217,PRCP,0,,,N,0800
US1TXBEE018,20180218,PRCP,0,T,,N,0800
US1TXBEE018,20180219,PRCP,0,,,N,0800
US1TXBEE018,20180220,PRCP,0,,,N,0800
US1TXBEE018,20180221,PRCP,86,,,N,0730
US1TXBEE018,20180222,PRCP,216,,,N,0730
US1TXBEE018,20180223,PRCP,5,,,N,0730
US1TXBEE018,20180224,PRCP,0,,,N,0730
US1TXBEE018,20180225,PRCP,0,T,,N,0730
US1TXBEE018,20180226,PRCP,0,,,N,0730
US1TXBEE018,20180227,PRCP,20,,,N,0730
US1TXBEE018,20180228,PRCP,0,,,N,0730
US1TXBEE018,20180201,SNOW,0,,,N,0730
US1TXBEE018,20180202,SNOW,0,,,N,0730
US1TXBEE018,20180203,SNOW,0,,,N,0730
US1TXBEE018,20180204,SNOW,0,,,N,0800
US1TXBEE018,20180205,SNOW,0,,,N,0800
US1TXBEE018,20180206,SNOW,0,,,N,0800
US1TXBEE018,20180209,SNOW,0,,,N,0800
US1TXBEE018,20180215,SNOW,0,,,N,0800
US1TXBEE018,20180216,SNOW,0,,,N,0800
US1TXBEE018,20180217,SNOW,0,,,N,0800
US1TXBEE018,20180219,SNOW,0,,,N,0800
US1TXBEE018,20180220,SNOW,0,,,N,0800
US1TXBEE018,20180224,SNOW,0,,,N,0730
US1TXBEE018,20180226,SNOW,0,,,N,0730
US1TXBEE018,20180228,SNOW,0,,,N,0730
US1TXBEE018,20180301,PRCP,0,,,N,0730
US1TXBEE018,20180302,PRCP,0,,,N,0730
US1TXBEE018,20180303,PRCP,0,,,N,0730
US1TXBEE018,20180304,PRCP,33,,,N,0730
US1TXBEE018,20180305,PRCP,0,,,N,0800
US1TXBEE018,20180306,PRCP,114,,,N,0730
US1TXBEE018,20180307,PRCP,109,,,N,0730
US1TXBEE018,20180308,PRCP,0,,,N,0730
US1TXBEE018,20180309,PRCP,0,,,N,0730
US1TXBEE018,20180310,PRCP,0,,,N,0730
US1TXBEE018,20180311,PRCP,0,,,N,0730
US1TXBEE018,20180312,PRCP,0,,,N,0730
US1TXBEE018,20180313,PRCP,0,,,N,0800
US1TXBEE018,20180314,PRCP,0,,,N,0730
US1TXBEE018,20180315,PRCP,0,,,N,0800
US1TXBEE018,20180316,PRCP,0,,,N,0730
US1TXBEE018,20180317,PRCP,0,,,N,0730
US1TXBEE018,20180318,PRCP,0,,,N,0730
US1TXBEE018,20180319,PRCP,0,,,N,0800
US1TXBEE018,20180320,PRCP,0,,,N,0800
US1TXBEE018,20180321,PRCP,0,,,N,0730
US1TXBEE018,20180322,PRCP,0,T,,N,0730
US1TXBEE018,20180323,PRCP,0,,,N,0730
US1TXBEE018,20180324,PRCP,0,,,N,0800
US1TXBEE018,20180325,PRCP,0,,,N,0730
US1TXBEE018,20180326,PRCP,0,,,N,0730
US1TXBEE018,20180327,PRCP,0,,,N,0730
US1TXBEE018,20180328,PRCP,0,,,N,0730
US1TXBEE018,20180329,PRCP,292,,,N,0730
US1TXBEE018,20180330,PRCP,0,,,N,0800
US1TXBEE018,20180331,PRCP,0,T,,N,0730
US1TXBEE018,20180301,SNOW,0,,,N,0730
US1TXBEE018,20180302,SNOW,0,,,N,0730
US1TXBEE018,20180303,SNOW,0,,,N,0730
US1TXBEE018,20180305,SNOW,0,,,N,0800
US1TXBEE018,20180308,SNOW,0,,,N,0730
US1TXBEE018,20180309,SNOW,0,,,N,0730
US1TXBEE018,20180310,SNOW,0,,,N,0730
US1TXBEE018,20180311,SNOW,0,,,N,0730
US1TXBEE018,20180312,SNOW,0,,,N,0730
US1TXBEE018,20180313,SNOW,0,,,N,0800
US1TXBEE018,20180314,SNOW,0,,,N,0730
US1TXBEE018,20180315,SNOW,0,,,N,0800
US1TXBEE018,20180316,SNOW,0,,,N,0730
US1TXBEE018,20180317,SNOW,0,,,N,0730
US1TXBEE018,20180318,SNOW,0,,,N,0730
US1TXBEE018,20180319,SNOW,0,,,N,0800
US1TXBEE018,20180320,SNOW,0,,,N,0800
US1TXBEE018,20180321,SNOW,0,,,N,0730
US1TXBEE018,20180323,SNOW,0,,,N,0730
US1TXBEE018,20180324,SNOW,0,,,N,0800
US1TXBEE018,20180325,SNOW,0,,,N,0730
US1TXBEE018,20180326,SNOW,0,,,N,0730
US1TXBEE018,20180327,SNOW,0,,,N,0730
US1TXBEE018,20180328,SNOW,0,,,N,0730
US1TXBEE018,20180330,SNOW,0,,,N,0800
US1TXBEE018,20180401,PRCP,0,,,N,0800
US1TXBEE018,20180402,PRCP,0,,,N,0800
US1TXBEE018,20180403,PRCP,0,,,N,0800
US1TXBEE018,20180404,PRCP,0,,,N,0730
US1TXBEE018,20180405,PRCP,20,,,N,0730
US1TXBEE018,20180406,PRCP,0,T,,N,0730
US1TXBEE018,20180407,PRCP,0,T,,N,0730
US1TXBEE018,20180408,PRCP,0,,,N,0730
US1TXBEE018,20180409,PRCP,0,,,N,0730
US1TXBEE018,20180410,PRCP,3,,,N,0730
US1TXBEE018,20180411,PRCP,0,,,N,0730
US1TXBEE018,20180412,PRCP,0,,,N,0730
US1TXBEE018,20180413,PRCP,0,,,N,0730
US1TXBEE018,20180414,PRCP,3,,,N,0730
US1TXBEE018,20180415,PRCP,0,,,N,0800
US1TXBEE018,20180416,PRCP,0,,,N,0800
US1TXBEE018,20180417,PRCP,0,,,N,0800
US1TXBEE018,20180418,PRCP,0,,,N,0800
US1TXBEE018,20180419,PRCP,0,,,N,0800
US1TXBEE018,20180420,PRCP,0,,,N,0800
US1TXBEE018,20180421,PRCP,0,T,,N,0800
US1TXBEE018,20180422,PRCP,48,,,N,0730
US1TXBEE018,20180423,PRCP,0,,,N,0730
US1TXBEE018,20180424,PRCP,0,,,N,0800
US1TXBEE018,20180425,PRCP,0,,,N,0800
US1TXBEE018,20180426,PRCP,36,,,N,0730
US1TXBEE018,20180427,PRCP,0,,,N,0800
US1TXBEE018,20180428,PRCP,0,,,N,0800
US1TXBEE018,20180429,PRCP,0,,,N,0800
US1TXBEE018,20180430,PRCP,3,,,N,0730
US1TXBEE018,20180401,SNOW,0,,,N,0800
US1TXBEE018,20180402,SNOW,0,,,N,0800
US1TXBEE018,20180403,SNOW,0,,,N,0800
US1TXBEE018,20180404,SNOW,0,,,N,0730
US1TXBEE018,20180408,SNOW,0,,,N,0730
US1TXBEE018,20180409,SNOW,0,,,N,0730
US1TXBEE018,20180411,SNOW,0,,,N,0730
US1TXBEE018,20180412,SNOW,0,,,N,0730
US1TXBEE018,20180413,SNOW,0,,,N,0730
US1TXBEE018,20180415,SNOW,0,,,N,0800
US1TXBEE018,20180416,SNOW,0,,,N,0800
US1TXBEE018,20180417,SNOW,0,,,N,0800
US1TXBEE018,20180418,SNOW,0,,,N,0800
US1TXBEE018,20180419,SNOW,0,,,N,0800
US1TXBEE018,20180420,SNOW,0,,,N,0800
US1TXBEE018,20180423,SNOW,0,,,N,0730
US1TXBEE018,20180424,SNOW,0,,,N,0800
US1TXBEE018,20180425,SNOW,0,,,N,0800
US1TXBEE018,20180427,SNOW,0,,,N,0800
US1TXBEE018,20180428,SNOW,0,,,N,0800
US1TXBEE018,20180429,SNOW,0,,,N,0800
US1TXBEE018,20180430,SNOW,0,,,N,0730
US1TXBEE018,20180501,PRCP,0,T,,N,0800
US1TXBEE018,20180502,PRCP,0,,,N,0800
US1TXBEE018,20180503,PRCP,0,,,N,0800
US1TXBEE018,20180504,PRCP,0,,,N,0800
US1TXBEE018,20180505,PRCP,38,,,N,0730
US1TXBEE018,20180506,PRCP,0,,,N,0800
US1TXBEE018,20180507,PRCP,0,,,N,0800
US1TXBEE018,20180508,PRCP,0,,,N,0800
US1TXBEE018,20180509,PRCP,0,,,N,0800
US1TXBEE018,20180510,PRCP,0,,,N,0800
US1TXBEE018,20180511,PRCP,0,,,N,0800
US1TXBEE018,20180512,PRCP,0,,,N,0800
US1TXBEE018,20180513,PRCP,0,,,N,0800
US1TXBEE018,20180514,PRCP,0,,,N,0800
US1TXBEE018,20180515,PRCP,0,,,N,0700
US1TXBEE018,20180516,PRCP,0,,,N,0700
US1TXBEE018,20180517,PRCP,0,,,N,0800
US1TXBEE018,20180518,PRCP,0,,,N,0800
US1TXBEE018,20180519,PRCP,0,,,N,0800
US1TXBEE018,20180520,PRCP,3,,,N,0730
US1TXBEE018,20180521,PRCP,282,,,N,0700
US1TXBEE018,20180522,PRCP,0,,,N,0800
US1TXBEE018,20180523,PRCP,0,,,N,0800
US1TXBEE018,20180524,PRCP,33,,,N,0730
US1TXBEE018,20180525,PRCP,0,,,N,0700
US1TXBEE018,20180526,PRCP,0,,,N,0700
US1TXBEE018,20180527,PRCP,0,,,N,0730
US1TXBEE018,20180528,PRCP,0,,,N,0700
US1TXBEE018,20180529,PRCP,0,,,N,0700
US1TXBEE018,20180530,PRCP,0,,,N,0700
US1TXBEE018,20180531,PRCP,0,,,N,0800
US1TXBEE018,20180502,SNOW,0,,,N,0800
US1TXBEE018,20180503,SNOW,0,,,N,0800
US1TXBEE018,20180504,SNOW,0,,,N,0800
US1TXBEE018,20180506,SNOW,0,,,N,0800
US1TXBEE018,20180507,SNOW,0,,,N,0800
US1TXBEE018,20180508,SNOW,0,,,N,0800
US1TXBEE018,20180509,SNOW,0,,,N,0800
US1TXBEE018,20180510,SNOW,0,,,N,0800
US1TXBEE018,20180511,SNOW,0,,,N,0800
US1TXBEE018,20180512,SNOW,0,,,N,0800
US1TXBEE018,20180513,SNOW,0,,,N,0800
US1TXBEE018,20180514,SNOW,0,,,N,0800
US1TXBEE018,20180515,SNOW,0,,,N,0700
US1TXBEE018,20180516,SNOW,0,,,N,0700
US1TXBEE018,20180517,SNOW,0,,,N,0800
US1TXBEE018,20180518,SNOW,0,,,N,0800
US1TXBEE018,20180519,SNOW,0,,,N,0800
US1TXBEE018,20180522,SNOW,0,,,N,0800
US1TXBEE018,20180523,SNOW,0,,,N,0800
US1TXBEE018,20180525,SNOW,0,,,N,0700
US1TXBEE018,20180526,SNOW,0,,,N,0700
US1TXBEE018,20180527,SNOW,0,,,N,0730
US1TXBEE018,20180528,SNOW,0,,,N,0700
US1TXBEE018,20180529,SNOW,0,,,N,0700
US1TXBEE018,20180530,SNOW,0,,,N,0700
US1TXBEE018,20180531,SNOW,0,,,N,0800
US1TXBEE018,20180601,PRCP,0,,,N,0800
US1TXBEE018,20180602,PRCP,0,,,N,0800
US1TXBEE018,20180603,PRCP,0,,,N,0800
US1TXBEE018,20180604,PRCP,0,,,N,0800
US1TXBEE018,20180605,PRCP,0,,,N,0800
US1TXBEE018,20180606,PRCP,0,,,N,0800
US1TXBEE018,20180607,PRCP,0,,,N,0800
US1TXBEE018,20180608,PRCP,0,,,N,0800
US1TXBEE018,20180609,PRCP,0,,,N,0800
US1TXBEE018,20180610,PRCP,0,,,N,0800
US1TXBEE018,20180611,PRCP,0,,,N,0800
US1TXBEE018,20180612,PRCP,0,,,N,0800
US1TXBEE018,20180613,PRCP,0,,,N,0800
US1TXBEE018,20180614,PRCP,0,,,N,0800
US1TXBEE018,20180615,PRCP,0,,,N,0800
US1TXBEE018,20180616,PRCP,0,T,,N,0800
US1TXBEE018,20180617,PRCP,0,,,N,0800
US1TXBEE018,20180618,PRCP,0,,,N,0800
US1TXBEE018,20180619,PRCP,721,,,N,0800
US1TXBEE018,20180620,PRCP,599,,,N,0800
US1TXBEE018,20180621,PRCP,112,,,N,0800
US1TXBEE018,20180622,PRCP,18,,,N,0800
US1TXBEE018,20180623,PRCP,0,,,N,0800
US1TXBEE018,20180624,PRCP,0,,,N,0800
US1TXBEE018,20180625,PRCP,0,,,N,0800
US1TXBEE018,20180626,PRCP,0,,,N,0800
US1TXBEE018,20180627,PRCP,0,,,N,0800
US1TXBEE018,20180628,PRCP,0,,,N,0800
US1TXBEE018,20180629,PRCP,0,,,N,0800
US1TXBEE018,20180630,PRCP,0,,,N,0800
US1TXBEE018,20180601,SNOW,0,,,N,0800
US1TXBEE018,20180602,SNOW,0,,,N,0800
US1TXBEE018,20180603,SNOW,0,,,N,0800
US1TXBEE018,20180604,SNOW,0,,,N,0800
US1TXBEE018,20180605,SNOW,0,,,N,0800
US1TXBEE018,20180606,SNOW,0,,,N,0800
US1TXBEE018,20180607,SNOW,0,,,N,0800
US1TXBEE018,20180608,SNOW,0,,,N,0800
US1TXBEE018,20180609,SNOW,0,,,N,0800
US1TXBEE018,20180610,SNOW,0,,,N,0800
US1TXBEE018,20180611,SNOW,0,,,N,0800
US1TXBEE018,20180612,SNOW,0,,,N,0800
US1TXBEE018,20180613,SNOW,0,,,N,0800
US1TXBEE018,20180614,SNOW,0,,,N,0800
US1TXBEE018,20180615,SNOW,0,,,N,0800
US1TXBEE018,20180617,SNOW,0,,,N,0800
US1TXBEE018,20180618,SNOW,0,,,N,0800
US1TXBEE018,20180623,SNOW,0,,,N,0800
US1TXBEE018,20180624,SNOW,0,,,N,0800
US1TXBEE018,20180625,SNOW,0,,,N,0800
US1TXBEE018,20180626,SNOW,0,,,N,0800
US1TXBEE018,20180627,SNOW,0,,,N,0800
US1TXBEE018,20180628,SNOW,0,,,N,0800
US1TXBEE018,20180629,SNOW,0,,,N,0800
US1TXBEE018,20180630,SNOW,0,,,N,0800
US1TXBEE018,20180701,PRCP,0,,,N,0800
US1TXBEE018,20180702,PRCP,0,,,N,0800
US1TXBEE018,20180703,PRCP,0,,,N,0800
US1TXBEE018,20180704,PRCP,0,,,N,0800
US1TXBEE018,20180705,PRCP,394,,,N,0730
US1TXBEE018,20180706,PRCP,102,,,N,0730
US1TXBEE018,20180707,PRCP,91,,,N,0730
US1TXBEE018,20180708,PRCP,0,T,,N,0730
US1TXBEE018,20180709,PRCP,10,,,N,0730
US1TXBEE018,20180710,PRCP,0,,,N,0730
US1TXBEE018,20180711,PRCP,0,,,N,0730
US1TXBEE018,20180712,PRCP,0,,,N,0730
US1TXBEE018,20180713,PRCP,0,,,N,0800
US1TXBEE018,20180714,PRCP,0,,,N,0800
US1TXBEE018,20180715,PRCP,0,,,N,0800
US1TXBEE018,20180716,PRCP,0,,,N,0800
US1TXBEE018,20180717,PRCP,0,T,,N,0730
US1TXBEE018,20180718,PRCP,0,,,N,0800
US1TXBEE018,20180719,PRCP,0,,,N,0800
US1TXBEE018,20180720,PRCP,0,,,N,0800
US1TXBEE018,20180721,PRCP,0,,,N,0800
US1TXBEE018,20180722,PRCP,0,,,N,0800
US1TXBEE018,20180723,PRCP,0,,,N,0800
US1TXBEE018,20180724,PRCP,0,,,N,0800
US1TXBEE018,20180725,PRCP,0,,,N,0800
US1TXBEE018,20180726,PRCP,0,,,N,0800
US1TXBEE018,20180727,PRCP,0,,,N,0800
US1TXBEE018,20180728,PRCP,0,,,N,0800
US1TXBEE018,20180729,PRCP,0,,,N,0800
US1TXBEE018,20180730,PRCP,0,,,N,0800
US1TXBEE018,20180731,PRCP,0,,,N,0800
US1TXBEE018,20180701,SNOW,0,,,N,0800
US1TXBEE018,20180702,SNOW,0,,,N,0800
US1TXBEE018,20180703,SNOW,0,,,N,0800
US1TXBEE018,20180704,SNOW,0,,,N,0800
US1TXBEE018,20180710,SNOW,0,,,N,0730
US1TXBEE018,20180711,SNOW,0,,,N,0730
US1TXBEE018,20180712,SNOW,0,,,N,0730
US1TXBEE018,20180713,SNOW,0,,,N,0800
US1TXBEE018,20180714,SNOW,0,,,N,0800
US1TXBEE018,20180715,SNOW,0,,,N,0800
US1TXBEE018,20180716,SNOW,0,,,N,0800
US1TXBEE018,20180718,SNOW,0,,,N,0800
US1TXBEE018,20180719,SNOW,0,,,N,0800
US1TXBEE018,20180720,SNOW,0,,,N,0800
US1TXBEE018,20180721,SNOW,0,,,N,0800
US1TXBEE018,20180722,SNOW,0,,,N,0800
US1TXBEE018,20180723,SNOW,0,,,N,0800
US1TXBEE018,20180724,SNOW,0,,,N,0800
US1TXBEE018,20180725,SNOW,0,,,N,0800
US1TXBEE018,20180726,SNOW,0,,,N,0800
US1TXBEE018,20180727,SNOW,0,,,N,0800
US1TXBEE018,20180728,SNOW,0,,,N,0800
US1TXBEE018,20180729,SNOW,0,,,N,0800
US1TXBEE018,20180730,SNOW,0,,,N,0800
US1TXBEE018,20180731,SNOW,0,,,N,0800
US1TXBEE018,20180801,PRCP,109,,,N,0730
US1TXBEE018,20180802,PRCP,0,,,N,0800
US1TXBEE018,20180803,PRCP,0,,,N,0800
US1TXBEE018,20180804,PRCP,0,,,N,0800
US1TXBEE018,20180805,PRCP,8,,,N,0730
US1TXBEE018,20180806,PRCP,8,,,N,0730
US1TXBEE018,20180807,PRCP,0,,,N,0800
US1TXBEE018,20180808,PRCP,8,,,N,0730
US1TXBEE018,20180809,PRCP,0,,,N,0800
US1TXBEE018,20180810,PRCP,0,,,N,0800
US1TXBEE018,20180811,PRCP,0,,,N,0800
US1TXBEE018,20180812,PRCP,0,,,N,0800
US1TXBEE018,20180813,PRCP,0,,,N,0800
US1TXBEE018,20180814,PRCP,0,,,N,0800
US1TXBEE018,20180815,PRCP,0,,,N,0800
US1TXBEE018,20180816,PRCP,0,,,N,0800
US1TXBEE018,20180817,PRCP,0,,,N,0800
US1TXBEE018,20180818,PRCP,0,,,N,0800
US1TXBEE018,20180819,PRCP,0,,,N,0800
US1TXBEE018,20180820,PRCP,0,,,N,0800
US1TXBEE018,20180821,PRCP,0,,,N,0800
US1TXBEE018,20180822,PRCP,0,,,N,0800
US1TXBEE018,20180823,PRCP,0,,,N,0800
US1TXBEE018,20180824,PRCP,0,,,N,0800
US1TXBEE018,20180825,PRCP,0,,,N,0800
US1TXBEE018,20180826,PRCP,0,,,N,0800
US1TXBEE018,20180827,PRCP,0,,,N,0800
US1TXBEE018,20180828,PRCP,0,,,N,0800
US1TXBEE018,20180829,PRCP,0,,,N,0800
US1TXBEE018,20180830,PRCP,0,,,N,0800
US1TXBEE018,20180831,PRCP,36,,,N,0800
US1TXBEE018,20180802,SNOW,0,,,N,0800
US1TXBEE018,20180803,SNOW,0,,,N,0800
US1TXBEE018,20180804,SNOW,0,,,N,0800
US1TXBEE018,20180807,SNOW,0,,,N,0800
US1TXBEE018,20180809,SNOW,0,,,N,0800
US1TXBEE018,20180810,SNOW,0,,,N,0800
US1TXBEE018,20180811,SNOW,0,,,N,0800
US1TXBEE018,20180812,SNOW,0,,,N,0800
US1TXBEE018,20180813,SNOW,0,,,N,0800
US1TXBEE018,20180814,SNOW,0,,,N,0800
US1TXBEE018,20180815,SNOW,0,,,N,0800
US1TXBEE018,20180816,SNOW,0,,,N,0800
US1TXBEE018,20180817,SNOW,0,,,N,0800
US1TXBEE018,20180818,SNOW,0,,,N,0800
US1TXBEE018,20180819,SNOW,0,,,N,0800
US1TXBEE018,20180820,SNOW,0,,,N,0800
US1TXBEE018,20180821,SNOW,0,,,N,0800
US1TXBEE018,20180822,SNOW,0,,,N,0800
US1TXBEE018,20180823,SNOW,0,,,N,0800
US1TXBEE018,20180824,SNOW,0,,,N,0800
US1TXBEE018,20180825,SNOW,0,,,N,0800
US1TXBEE018,20180826,SNOW,0,,,N,0800
US1TXBEE018,20180827,SNOW,0,,,N,0800
US1TXBEE018,20180828,SNOW,0,,,N,0800
US1TXBEE018,20180829,SNOW,0,,,N,0800
US1TXBEE018,20180830,SNOW,0,,,N,0800
US1TXBEE018,20180901,PRCP,0,,,N,0800
US1TXBEE018,20180902,PRCP,0,,,N,0800
US1TXBEE018,20180903,PRCP,0,,,N,0800
US1TXBEE018,20180904,PRCP,3,,,N,0730
US1TXBEE018,20180905,PRCP,3,,,N,0730
US1TXBEE018,20180906,PRCP,8,,,N,0800
US1TXBEE018,20180907,PRCP,71,,,N,0730
US1TXBEE018,20180908,PRCP,0,,,N,0730
US1TXBEE018,20180909,PRCP,10,,,N,0730
US1TXBEE018,20180910,PRCP,114,,,N,0730
US1TXBEE018,20180911,PRCP,41,,,N,0730
US1TXBEE018,20180912,PRCP,107,,,N,0730
US1TXBEE018,20180913,PRCP,0,T,,N,0730
US1TXBEE018,20180914,PRCP,3,,,N,0730
US1TXBEE018,20180915,PRCP,478,,,N,0730
US1TXBEE018,20180916,PRCP,376,,,N,0730
US1TXBEE018,20180917,PRCP,64,,,N,0730
US1TXBEE018,20180918,PRCP,0,,,N,0730
US1TXBEE018,20180919,PRCP,0,,,N,0730
US1TXBEE018,20180920,PRCP,3,,,N,0730
US1TXBEE018,20180921,PRCP,10,,,N,0730
US1TXBEE018,20180922,PRCP,0,,,N,0730
US1TXBEE018,20180923,PRCP,0,,,N,0730
US1TXBEE018,20180924,PRCP,0,,,N,0730
US1TXBEE018,20180925,PRCP,0,,,N,0730
US1TXBEE018,20180926,PRCP,15,,,N,0730
US1TXBEE018,20180927,PRCP,533,,,N,0730
US1TXBEE018,20180928,PRCP,0,,,N,0730
US1TXBEE018,20180929,PRCP,0,T,,N,0730
US1TXBEE018,20180930,PRCP,3,,,N,0730
US1TXBEE018,20180901,SNOW,0,,,N,0800
US1TXBEE018,20180902,SNOW,0,,,N,0800
US1TXBEE018,20180903,SNOW,0,,,N,0800
US1TXBEE018,20180908,SNOW,0,,,N,0730
US1TXBEE018,20180918,SNOW,0,,,N,0730
US1TXBEE018,20180919,SNOW,0,,,N,0730
US1TXBEE018,20180922,SNOW,0,,,N,0730
US1TXBEE018,20180923,SNOW,0,,,N,0730
US1TXBEE018,20180924,SNOW,0,,,N,0730
US1TXBEE018,20180925,SNOW,0,,,N,0730
US1TXBEE018,20180928,SNOW,0,,,N,0730
US1TXBEE018,20181001,PRCP,457,,,N,0730
US1TXBEE018,20181002,PRCP,46,,,N,0730
US1TXBEE018,20181003,PRCP,0,T,,N,0730
US1TXBEE018,20181004,PRCP,0,,,N,0800
US1TXBEE018,20181005,PRCP,0,T,,N,0730
US1TXBEE018,20181006,PRCP,3,,,N,0800
US1TXBEE018,20181007,PRCP,0,,,N,0730
US1TXBEE018,20181008,PRCP,165,,,N,0730
US1TXBEE018,20181009,PRCP,41,,,N,0730
US1TXBEE018,20181010,PRCP,79,,,N,0730
US1TXBEE018,20181011,PRCP,0,T,,N,0730
US1TXBEE018,20181012,PRCP,0,,,N,0730
US1TXBEE018,20181013,PRCP,0,,,N,0730
US1TXBEE018,20181014,PRCP,8,,,N,0800
US1TXBEE018,20181015,PRCP,15,,,N,0730
US1TXBEE018,20181016,PRCP,353,,,N,0800
US1TXBEE018,20181017,PRCP,3,,,N,0730
US1TXBEE018,20181018,PRCP,3,,,N,0730
US1TXBEE018,20181019,PRCP,97,,,N,0730
US1TXBEE018,20181020,PRCP,178,,,N,0800
US1TXBEE018,20181021,PRCP,119,,,N,0730
US1TXBEE018,20181022,PRCP,0,,,N,0730
US1TXBEE018,20181023,PRCP,130,,,N,0730
US1TXBEE018,20181024,PRCP,53,,,N,0730
US1TXBEE018,20181025,PRCP,71,,,N,0730
US1TXBEE018,20181026,PRCP,3,,,N,0730
US1TXBEE018,20181027,PRCP,0,,,N,0730
US1TXBEE018,20181028,PRCP,0,,,N,0800
US1TXBEE018,20181029,PRCP,0,,,N,0800
US1TXBEE018,20181030,PRCP,0,,,N,0800
US1TXBEE018,20181031,PRCP,0,,,N,0800
US1TXBEE018,20181004,SNOW,0,,,N,0800
US1TXBEE018,20181007,SNOW,0,,,N,0730
US1TXBEE018,20181012,SNOW,0,,,N,0730
US1TXBEE018,20181013,SNOW,0,,,N,0730
US1TXBEE018,20181022,SNOW,0,,,N,0730
US1TXBEE018,20181027,SNOW,0,,,N,0730
US1TXBEE018,20181028,SNOW,0,,,N,0800
US1TXBEE018,20181029,SNOW,0,,,N,0800
US1TXBEE018,20181030,SNOW,0,,,N,0800
US1TXBEE018,20181031,SNOW,0,,,N,0800
US1TXBEE018,20181101,PRCP,3,,,N,0800
US1TXBEE018,20181102,PRCP,0,,,N,0800
US1TXBEE018,20181103,PRCP,0,,,N,0800
US1TXBEE018,20181104,PRCP,0,,,N,0800
US1TXBEE018,20181105,PRCP,0,,,N,0800
US1TXBEE018,20181106,PRCP,3,,,N,0800
US1TXBEE018,20181107,PRCP,0,,,N,0800
US1TXBEE018,20181108,PRCP,0,T,,N,0800
US1TXBEE018,20181109,PRCP,56,,,N,0700
US1TXBEE018,20181110,PRCP,193,,,N,0700
US1TXBEE018,20181111,PRCP,0,T,,N,0730
US1TXBEE018,20181112,PRCP,64,,,N,0700
US1TXBEE018,20181113,PRCP,5,,,N,0700
US1TXBEE018,20181114,PRCP,0,,,N,0700
US1TXBEE018,20181115,PRCP,0,,,N,0700
US1TXBEE018,20181116,PRCP,0,,,N,0700
US1TXBEE018,20181117,PRCP,0,,,N,0700
US1TXBEE018,20181118,PRCP,20,,,N,0730
US1TXBEE018,20181119,PRCP,119,,,N,0700
US1TXBEE018,20181120,PRCP,3,,,N,0700
US1TXBEE018,20181121,PRCP,0,,,N,0700
US1TXBEE018,20181122,PRCP,5,,,N,0700
US1TXBEE018,20181123,PRCP,3,,,N,0700
US1TXBEE018,20181124,PRCP,0,,,N,0700
US1TXBEE018,20181125,PRCP,0,T,,N,0700
US1TXBEE018,20181126,PRCP,0,,,N,0700
US1TXBEE018,20181127,PRCP,0,,,N,0700
US1TXBEE018,20181128,PRCP,0,,,N,0700
US1TXBEE018,20181129,PRCP,0,,,N,0700
US1TXBEE018,20181130,PRCP,0,,,N,0700
US1TXBEE018,20181102,SNOW,0,,,N,0800
US1TXBEE018,20181103,SNOW,0,,,N,0800
US1TXBEE018,20181104,SNOW,0,,,N,0800
US1TXBEE018,20181105,SNOW,0,,,N,0800
US1TXBEE018,20181107,SNOW,0,,,N,0800
US1TXBEE018,20181114,SNOW,0,,,N,0700
US1TXBEE018,20181115,SNOW,0,,,N,0700
US1TXBEE018,20181116,SNOW,0,,,N,0700
US1TXBEE018,20181117,SNOW,0,,,N,0700
US1TXBEE018,20181121,SNOW,0,,,N,0700
US1TXBEE018,20181124,SNOW,0,,,N,0700
US1TXBEE018,20181126,SNOW,0,,,N,0700
US1TXBEE018,20181127,SNOW,0,,,N,0700
US1TXBEE018,20181128,SNOW,0,,,N,0700
US1TXBEE018,20181129,SNOW,0,,,N,0700
US1TXBEE018,20181130,SNOW,0,,,N,0700
US1TXBEE018,20181201,PRCP,0,,,N,0730
US1TXBEE018,20181203,PRCP,0,,,N,0700
US1TXBEE018,20181204,PRCP,0,,,N,0730
US1TXBEE018,20181205,PRCP,0,,,N,0730
US1TXBEE018,20181206,PRCP,0,,,N,0730
US1TXBEE018,20181207,PRCP,3,,,N,0730
US1TXBEE018,20181208,PRCP,772,,,N,0700
US1TXBEE018,20181209,PRCP,5,,,N,0700
US1TXBEE018,20181210,PRCP,0,,,N,0700
US1TXBEE018,20181211,PRCP,0,,,N,0700
US1TXBEE018,20181213,PRCP,8,,,N,0700
US1TXBEE018,20181214,PRCP,0,,,N,0700
US1TXBEE018,20181215,PRCP,0,,,N,0700
US1TXBEE018,20181216,PRCP,0,,,N,0700
US1TXBEE018,20181217,PRCP,0,,,N,0700
US1TXBEE018,20181218,PRCP,3,,,N,0700
US1TXBEE018,20181219,PRCP,0,,,N,0700
US1TXBEE018,20181220,PRCP,0,,,N,0700
US1TXBEE018,20181221,PRCP,0,,,N,0700
US1TXBEE018,20181222,PRCP,0,,,N,0700
US1TXBEE018,20181223,PRCP,0,,,N,0700
US1TXBEE018,20181224,PRCP,0,,,N,0700
US1TXBEE018,20181225,PRCP,0,,,N,0700
US1TXBEE018,20181226,PRCP,0,T,,N,0800
US1TXBEE018,20181227,PRCP,30,,,N,0700
US1TXBEE018,20181228,PRCP,0,,,N,0700
US1TXBEE018,20181229,PRCP,0,,,N,0800
US1TXBEE018,20181230,PRCP,5,,,N,0730
US1TXBEE018,20181231,PRCP,18,,,N,0730
US1TXBEE018,20181201,SNOW,0,,,N,0730
US1TXBEE018,20181203,SNOW,0,,,N,0700
US1TXBEE018,20181204,SNOW,0,,,N,0730
US1TXBEE018,20181205,SNOW,0,,,N,0730
US1TXBEE018,20181206,SNOW,0,,,N,0730
US1TXBEE018,20181210,SNOW,0,,,N,0700
US1TXBEE018,20181211,SNOW,0,,,N,0700
US1TXBEE018,20181214,SNOW,0,,,N,0700
US1TXBEE018,20181215,SNOW,0,,,N,0700
US1TXBEE018,20181216,SNOW,0,,,N,0700
US1TXBEE018,20181217,SNOW,0,,,N,0700
US1TXBEE018,20181219,SNOW,0,,,N,0700
US1TXBEE018,20181220,SNOW,0,,,N,0700
US1TXBEE018,20181221,SNOW,0,,,N,0700
US1TXBEE018,20181222,SNOW,0,,,N,0700
US1TXBEE018,20181223,SNOW,0,,,N,0700
US1TXBEE018,20181224,SNOW,0,,,N,0700
US1TXBEE018,20181225,SNOW,0,,,N,0700
US1TXBEE018,20181228,SNOW,0,,,N,0700
US1TXBEE018,20181229,SNOW,0,,,N,0800
US1TXBEE018,20190101,PRCP,3,,,N,0730
US1TXBEE018,20190102,PRCP,10,,,N,0730
US1TXBEE018,20190103,PRCP,66,,,N,0730
US1TXBEE018,20190104,PRCP,3,,,N,0730
US1TXBEE018,20190105,PRCP,0,,,N,0730
US1TXBEE018,20190106,PRCP,0,,,N,0730
US1TXBEE018,20190107,PRCP,0,,,N,0730
US1TXBEE018,20190108,PRCP,0,,,N,0730
US1TXBEE018,20190109,PRCP,0,,,N,0730
US1TXBEE018,20190110,PRCP,0,,,N,0730
US1TXBEE018,20190111,PRCP,0,,,N,0730
US1TXBEE018,20190112,PRCP,46,,,N,0730
US1TXBEE018,20190113,PRCP,0,,,N,0730
US1TXBEE018,20190114,PRCP,0,,,N,0730
US1TXBEE018,20190115,PRCP,0,,,N,0730
US1TXBEE018,20190116,PRCP,135,,,N,0730
US1TXBEE018,20190117,PRCP,20,,,N,0730
US1TXBEE018,20190118,PRCP,5,,,N,0800
US1TXBEE018,20190119,PRCP,3,,,N,0730
US1TXBEE018,20190120,PRCP,0,,,N,0800
US1TXBEE018,20190121,PRCP,0,,,N,0730
US1TXBEE018,20190122,PRCP,0,,,N,0730
US1TXBEE018,20190123,PRCP,117,,,N,0730
US1TXBEE018,20190124,PRCP,0,,,N,0730
US1TXBEE018,20190125,PRCP,0,,,N,0730
US1TXBEE018,20190126,PRCP,0,,,N,0800
US1TXBEE018,20190127,PRCP,25,,,N,0730
US1TXBEE018,20190128,PRCP,3,,,N,0730
US1TXBEE018,20190129,PRCP,0,T,,N,0730
US1TXBEE018,20190130,PRCP,0,,,N,0800
US1TXBEE018,20190131,PRCP,0,,,N,0800
US1TXBEE018,20190105,SNOW,0,,,N,0730
US1TXBEE018,20190106,SNOW,0,,,N,0730
US1TXBEE018,20190107,SNOW,0,,,N,0730
US1TXBEE018,20190108,SNOW,0,,,N,0730
US1TXBEE018,20190109,SNOW,0,,,N,0730
US1TXBEE018,20190110,SNOW,0,,,N,0730
US1TXBEE018,20190111,SNOW,0,,,N,0730
US1TXBEE018,20190113,SNOW,0,,,N,0730
US1TXBEE018,20190114,SNOW,0,,,N,0730
US1TXBEE018,20190115,SNOW,0,,,N,0730
US1TXBEE018,20190120,SNOW,0,,,N,0800
US1TXBEE018,20190121,SNOW,0,,,N,0730
US1TXBEE018,20190122,SNOW,0,,,N,0730
US1TXBEE018,20190124,SNOW,0,,,N,0730
US1TXBEE018,20190125,SNOW,0,,,N,0730
US1TXBEE018,20190126,SNOW,0,,,N,0800
US1TXBEE018,20190130,SNOW,0,,,N,0800
US1TXBEE018,20190131,SNOW,0,,,N,0800
US1TXBEE018,20190201,PRCP,48,,,N,0730
US1TXBEE018,20190202,PRCP,0,T,,N,0800
US1TXBEE018,20190203,PRCP,0,T,,N,0800
US1TXBEE018,20190204,PRCP,0,,,N,0800
US1TXBEE018,20190205,PRCP,0,,,N,0800
US1TXBEE018,20190206,PRCP,0,,,N,0800
US1TXBEE018,20190207,PRCP,0,,,N,0800
US1TXBEE018,20190208,PRCP,0,,,N,0800
US1TXBEE018,20190209,PRCP,3,,,N,0800
US1TXBEE018,20190210,PRCP,71,,,N,0800
US1TXBEE018,20190211,PRCP,3,,,N,0800
US1TXBEE018,20190213,PRCP,0,,,N,0800
US1TXBEE018,20190214,PRCP,0,,,N,0800
US1TXBEE018,20190215,PRCP,0,,,N,0800
US1TXBEE018,20190216,PRCP,3,,,N,0800
US1TXBEE018,20190217,PRCP,3,,,N,0800
US1TXBEE018,20190218,PRCP,0,,,N,0800
US1TXBEE018,20190219,PRCP,0,T,,N,0800
US1TXBEE018,20190220,PRCP,3,,,N,0730
US1TXBEE018,20190221,PRCP,0,,,N,0730
US1TXBEE018,20190222,PRCP,0,T,,N,0730
US1TXBEE018,20190223,PRCP,3,,,N,0730
US1TXBEE018,20190224,PRCP,0,,,N,0800
US1TXBEE018,20190225,PRCP,0,,,N,0730
US1TXBEE018,20190226,PRCP,38,,,N,0730
US1TXBEE018,20190227,PRCP,41,,,N,0730
US1TXBEE018,20190228,PRCP,0,T,,N,0800
US1TXBEE018,20190204,SNOW,0,,,N,0800
US1TXBEE018,20190205,SNOW,0,,,N,0800
US1TXBEE018,20190206,SNOW,0,,,N,0800
US1TXBEE018,20190207,SNOW,0,,,N,0800
US1TXBEE018,20190208,SNOW,0,,,N,0800
US1TXBEE018,20190213,SNOW,0,,,N,0800
US1TXBEE018,20190214,SNOW,0,,,N,0800
US1TXBEE018,20190215,SNOW,0,,,N,0800
US1TXBEE018,20190218,SNOW,0,,,N,0800
US1TXBEE018,20190221,SNOW,0,,,N,0730
US1TXBEE018,20190224,SNOW,0,,,N,0800
US1TXBEE018,20190225,SNOW,0,,,N,0730
US1TXBEE018,20190301,PRCP,107,,,N,0730
US1TXBEE018,20190302,PRCP,3,,,N,0800
US1TXBEE018,20190303,PRCP,5,,,N,0730
US1TXBEE018,20190304,PRCP,3,,,N,0730
US1TXBEE018,20190305,PRCP,0,T,,N,0730
US1TXBEE018,20190306,PRCP,0,,,N,0800
US1TXBEE018,20190307,PRCP,0,,,N,0800
US1TXBEE018,20190308,PRCP,0,,,N,0800
US1TXBEE018,20190309,PRCP,0,,,N,0800
US1TXBEE018,20190310,PRCP,0,,,N,0800
US1TXBEE018,20190311,PRCP,3,,,N,0800
US1TXBEE018,20190312,PRCP,3,,,N,0800
US1TXBEE018,20190313,PRCP,0,T,,N,0800
US1TXBEE018,20190314,PRCP,0,,,N,0800
US1TXBEE018,20190315,PRCP,0,,,N,0800
US1TXBEE018,20190316,PRCP,0,,,N,0800
US1TXBEE018,20190317,PRCP,0,,,N,0800
US1TXBEE018,20190318,PRCP,0,,,N,0800
US1TXBEE018,20190319,PRCP,0,,,N,0800
US1TXBEE018,20190320,PRCP,0,,,N,0800
US1TXBEE018,20190321,PRCP,0,,,N,0800
US1TXBEE018,20190322,PRCP,0,,,N,0800
US1TXBEE018,20190323,PRCP,0,,,N,0800
US1TXBEE018,20190324,PRCP,0,,,N,0800
US1TXBEE018,20190325,PRCP,0,,,N,0800
US1TXBEE018,20190326,PRCP,0,,,N,0800
US1TXBEE018,20190327,PRCP,0,,,N,0800
US1TXBEE018,20190328,PRCP,0,,,N,0800
US1TXBEE018,20190329,PRCP,0,,,N,0800
US1TXBEE018,20190330,PRCP,0,T,,N,0800
US1TXBEE018,20190331,PRCP,132,,,N,0800
US1TXBEE018,20190306,SNOW,0,,,N,0800
US1TXBEE018,20190307,SNOW,0,,,N,0800
US1TXBEE018,20190308,SNOW,0,,,N,0800
US1TXBEE018,20190309,SNOW,0,,,N,0800
US1TXBEE018,20190310,SNOW,0,,,N,0800
US1TXBEE018,20190314,SNOW,0,,,N,0800
US1TXBEE018,20190315,SNOW,0,,,N,0800
US1TXBEE018,20190316,SNOW,0,,,N,0800
US1TXBEE018,20190317,SNOW,0,,,N,0800
US1TXBEE018,20190318,SNOW,0,,,N,0800
US1TXBEE018,20190319,SNOW,0,,,N,0800
US1TXBEE018,20190320,SNOW,0,,,N,0800
US1TXBEE018,20190321,SNOW,0,,,N,0800
US1TXBEE018,20190322,SNOW,0,,,N,0800
US1TXBEE018,20190323,SNOW,0,,,N,0800
US1TXBEE018,20190324,SNOW,0,,,N,0800
US1TXBEE018,20190325,SNOW,0,,,N,0800
US1TXBEE018,20190326,SNOW,0,,,N,0800
US1TXBEE018,20190327,SNOW,0,,,N,0800
US1TXBEE018,20190328,SNOW,0,,,N,0800
US1TXBEE018,20190329,SNOW,0,,,N,0800
US1TXBEE018,20190401,PRCP,51,,,N,0800
US1TXBEE018,20190402,PRCP,0,,,N,0800
US1TXBEE018,20190403,PRCP,0,,,N,0800
US1TXBEE018,20190404,PRCP,5,,,N,0800
US1TXBEE018,20190405,PRCP,0,T,,N,0800
US1TXBEE018,20190406,PRCP,3,,,N,0800
US1TXBEE018,20190407,PRCP,381,,,N,0800
US1TXBEE018,20190408,PRCP,150,,,N,0800
US1TXBEE018,20190409,PRCP,0,T,,N,0800
US1TXBEE018,20190410,PRCP,0,,,N,0800
US1TXBEE018,20190411,PRCP,0,,,N,0800
US1TXBEE018,20190412,PRCP,0,,,N,0800
US1TXBEE018,20190413,PRCP,0,,,N,0800
US1TXBEE018,20190414,PRCP,0,,,N,0800
US1TXBEE018,20190415,PRCP,0,,,N,0800
US1TXBEE018,20190416,PRCP,0,,,N,0800
US1TXBEE018,20190417,PRCP,3,,,N,0800
US1TXBEE018,20190418,PRCP,122,,,N,0800
US1TXBEE018,20190419,PRCP,0,,,N,0800
US1TXBEE018,20190420,PRCP,0,,,N,0800
US1TXBEE018,20190421,PRCP,0,,,N,0800
US1TXBEE018,20190422,PRCP,0,,,N,0800
US1TXBEE018,20190423,PRCP,0,,,N,0800
US1TXBEE018,20190424,PRCP,3,,,N,0800
US1TXBEE018,20190425,PRCP,191,,,N,0800
US1TXBEE018,20190426,PRCP,0,,,N,0800
US1TXBEE018,20190427,PRCP,0,,,N,0800
US1TXBEE018,20190428,PRCP,0,,,N,0800
US1TXBEE018,20190429,PRCP,0,,,N,0800
US1TXBEE018,20190430,PRCP,0,,,N,0800
US1TXBEE018,20190402,SNOW,0,,,N,0800
US1TXBEE018,20190403,SNOW,0,,,N,0800
US1TXBEE018,20190410,SNOW,0,,,N,0800
US1TXBEE018,20190411,SNOW,0,,,N,0800
US1TXBEE018,20190412,SNOW,0,,,N,0800
US1TXBEE018,20190413,SNOW,0,,,N,0800
US1TXBEE018,20190414,SNOW,0,,,N,0800
US1TXBEE018,20190415,SNOW,0,,,N,0800
US1TXBEE018,20190416,SNOW,0,,,N,0800
US1TXBEE018,20190419,SNOW,0,,,N,0800
US1TXBEE018,20190420,SNOW,0,,,N,0800
US1TXBEE018,20190421,SNOW,0,,,N,0800
US1TXBEE018,20190422,SNOW,0,,,N,0800
US1TXBEE018,20190423,SNOW,0,,,N,0800
US1TXBEE018,20190426,SNOW,0,,,N,0800
US1TXBEE018,20190427,SNOW,0,,,N,0800
US1TXBEE018,20190428,SNOW,0,,,N,0800
US1TXBEE018,20190429,SNOW,0,,,N,0800
US1TXBEE018,20190430,SNOW,0,,,N,0800
US1TXBEE018,20190501,PRCP,0,,,N,0800
US1TXBEE018,20190502,PRCP,0,,,N,0800
US1TXBEE018,20190503,PRCP,10,,,N,0800
US1TXBEE018,20190504,PRCP,109,,,N,0800
US1TXBEE018,20190505,PRCP,0,,,N,0800
US1TXBEE018,20190506,PRCP,0,,,N,0800
US1TXBEE018,20190507,PRCP,226,,,N,0800
US1TXBEE018,20190508,PRCP,0,,,N,0800
US1TXBEE018,20190509,PRCP,0,,,N,0800
US1TXBEE018,20190510,PRCP,150,,,N,0800
US1TXBEE018,20190511,PRCP,5,,,N,0800
US1TXBEE018,20190512,PRCP,15,,,N,0800
US1TXBEE018,20190513,PRCP,0,,,N,0801
US1TXBEE018,20190514,PRCP,0,,,N,0800
US1TXBEE018,20190515,PRCP,81,,,N,0730
US1TXBEE018,20190516,PRCP,0,,,N,0800
US1TXBEE018,20190517,PRCP,0,,,N,0800
US1TXBEE018,20190518,PRCP,0,,,N,0800
US1TXBEE018,20190519,PRCP,0,T,,N,0800
US1TXBEE018,20190520,PRCP,0,,,N,0800
US1TXBEE018,20190521,PRCP,0,,,N,0800
US1TXBEE018,20190522,PRCP,0,,,N,0800
US1TXBEE018,20190523,PRCP,0,,,N,0800
US1TXBEE018,20190524,PRCP,0,,,N,0800
US1TXBEE018,20190525,PRCP,0,,,N,0800
US1TXBEE018,20190526,PRCP,0,,,N,0800
US1TXBEE018,20190527,PRCP,0,,,N,0800
US1TXBEE018,20190528,PRCP,0,,,N,0800
US1TXBEE018,20190529,PRCP,0,,,N,0800
US1TXBEE018,20190530,PRCP,0,,,N,0800
US1TXBEE018,20190531,PRCP,0,,,N,0800
US1TXBEE018,20190501,SNOW,0,,,N,0800
US1TXBEE018,20190502,SNOW,0,,,N,0800
US1TXBEE018,20190505,SNOW,0,,,N,0800
US1TXBEE018,20190506,SNOW,0,,,N,0800
US1TXBEE018,20190508,SNOW,0,,,N,0800
US1TXBEE018,20190509,SNOW,0,,,N,0800
US1TXBEE018,20190513,SNOW,0,,,N,0801
US1TXBEE018,20190514,SNOW,0,,,N,0800
US1TXBEE018,20190516,SNOW,0,,,N,0800
US1TXBEE018,20190517,SNOW,0,,,N,0800
US1TXBEE018,20190518,SNOW,0,,,N,0800
US1TXBEE018,20190520,SNOW,0,,,N,0800
US1TXBEE018,20190521,SNOW,0,,,N,0800
US1TXBEE018,20190522,SNOW,0,,,N,0800
US1TXBEE018,20190523,SNOW,0,,,N,0800
US1TXBEE018,20190524,SNOW,0,,,N,0800
US1TXBEE018,20190525,SNOW,0,,,N,0800
US1TXBEE018,20190526,SNOW,0,,,N,0800
US1TXBEE018,20190527,SNOW,0,,,N,0800
US1TXBEE018,20190528,SNOW,0,,,N,0800
US1TXBEE018,20190529,SNOW,0,,,N,0800
US1TXBEE018,20190530,SNOW,0,,,N,0800
US1TXBEE018,20190531,SNOW,0,,,N,0800
US1TXBEE018,20190601,PRCP,0,,,N,0800
US1TXBEE018,20190602,PRCP,0,,,N,0800
US1TXBEE018,20190603,PRCP,0,,,N,0800
US1TXBEE018,20190604,PRCP,8,,,N,0800
US1TXBEE018,20190605,PRCP,33,,,N,0800
US1TXBEE018,20190606,PRCP,0,,,N,0800
US1TXBEE018,20190607,PRCP,51,,,N,0800
US1TXBEE018,20190608,PRCP,0,,,N,0800
US1TXBEE018,20190609,PRCP,0,,,N,0800
US1TXBEE018,20190610,PRCP,0,,,N,0800
US1TXBEE018,20190611,PRCP,0,,,N,0800
US1TXBEE018,20190612,PRCP,91,,,N,0730
US1TXBEE018,20190613,PRCP,0,,,N,0800
US1TXBEE018,20190614,PRCP,0,,,N,0800
US1TXBEE018,20190615,PRCP,0,,,N,0800
US1TXBEE018,20190616,PRCP,0,,,N,0800
US1TXBEE018,20190617,PRCP,0,,,N,0800
US1TXBEE018,20190618,PRCP,0,,,N,0800
US1TXBEE018,20190619,PRCP,0,,,N,0800
US1TXBEE018,20190620,PRCP,0,,,N,0800
US1TXBEE018,20190621,PRCP,0,,,N,0800
US1TXBEE018,20190622,PRCP,0,,,N,0800
US1TXBEE018,20190623,PRCP,0,,,N,0800
US1TXBEE018,20190624,PRCP,0,,,N,0800
US1TXBEE018,20190625,PRCP,18,,,N,0800
US1TXBEE018,20190626,PRCP,0,,,N,0800
US1TXBEE018,20190627,PRCP,0,,,N,0800
US1TXBEE018,20190628,PRCP,0,,,N,0800
US1TXBEE018,20190629,PRCP,0,,,N,0800
US1TXBEE018,20190630,PRCP,36,,,N,0800
US1TXBEE018,20190601,SNOW,0,,,N,0800
US1TXBEE018,20190602,SNOW,0,,,N,0800
US1TXBEE018,20190603,SNOW,0,,,N,0800
US1TXBEE018,20190606,SNOW,0,,,N,0800
US1TXBEE018,20190608,SNOW,0,,,N,0800
US1TXBEE018,20190609,SNOW,0,,,N,0800
US1TXBEE018,20190610,SNOW,0,,,N,0800
US1TXBEE018,20190611,SNOW,0,,,N,0800
US1TXBEE018,20190613,SNOW,0,,,N,0800
US1TXBEE018,20190614,SNOW,0,,,N,0800
US1TXBEE018,20190615,SNOW,0,,,N,0800
US1TXBEE018,20190616,SNOW,0,,,N,0800
US1TXBEE018,20190617,SNOW,0,,,N,0800
US1TXBEE018,20190618,SNOW,0,,,N,0800
US1TXBEE018,20190619,SNOW,0,,,N,0800
US1TXBEE018,20190620,SNOW,0,,,N,0800
US1TXBEE018,20190621,SNOW,0,,,N,0800
US1TXBEE018,20190622,SNOW,0,,,N,0800
US1TXBEE018,20190623,SNOW,0,,,N,0800
US1TXBEE018,20190624,SNOW,0,,,N,0800
US1TXBEE018,20190626,SNOW,0,,,N,0800
US1TXBEE018,20190627,SNOW,0,,,N,0800
US1TXBEE018,20190628,SNOW,0,,,N,0800
US1TXBEE018,20190629,SNOW,0,,,N,0800
US1TXBEE018,20190701,PRCP,124,,,N,0800
US1TXBEE018,20190702,PRCP,0,,,N,0800
US1TXBEE018,20190703,PRCP,0,,,N,0800
US1TXBEE018,20190704,PRCP,716,,,N,0800
US1TXBEE018,20190705,PRCP,0,,,N,0800
US1TXBEE018,20190706,PRCP,0,,,N,0800
US1TXBEE018,20190707,PRCP,0,,,N,0800
US1TXBEE018,20190708,PRCP,0,,,N,0800
US1TXBEE018,20190709,PRCP,0,,,N,0800
US1TXBEE018,20190710,PRCP,0,,,N,0800
US1TXBEE018,20190711,PRCP,0,,,N,0730
US1TXBEE018,20190712,PRCP,0,,,N,0800
US1TXBEE018,20190713,PRCP,0,,,N,0800
US1TXBEE018,20190714,PRCP,0,,,N,0800
US1TXBEE018,20190715,PRCP,0,,,N,0800
US1TXBEE018,20190716,PRCP,0,,,N,0800
US1TXBEE018,20190717,PRCP,0,,,N,0800
US1TXBEE018,20190718,PRCP,0,,,N,0730
US1TXBEE018,20190719,PRCP,0,,,N,0800
US1TXBEE018,20190720,PRCP,0,,,N,0800
US1TXBEE018,20190721,PRCP,0,,,N,0800
US1TXBEE018,20190722,PRCP,0,,,N,0800
US1TXBEE018,20190723,PRCP,0,,,N,0800
US1TXBEE018,20190724,PRCP,0,,,N,0800
US1TXBEE018,20190725,PRCP,0,,,N,0800
US1TXBEE018,20190726,PRCP,0,,,N,0800
US1TXBEE018,20190727,PRCP,0,,,N,0800
US1TXBEE018,20190728,PRCP,0,,,N,0800
US1TXBEE018,20190729,PRCP,0,,,N,0800
US1TXBEE018,20190730,PRCP,0,,,N,0800
US1TXBEE018,20190731,PRCP,0,,,N,0800
US1TXBEE018,20190702,SNOW,0,,,N,0800
US1TXBEE018,20190703,SNOW,0,,,N,0800
US1TXBEE018,20190705,SNOW,0,,,N,0800
US1TXBEE018,20190706,SNOW,0,,,N,0800
US1TXBEE018,20190707,SNOW,0,,,N,0800
US1TXBEE018,20190708,SNOW,0,,,N,0800
US1TXBEE018,20190709,SNOW,0,,,N,0800
US1TXBEE018,20190710,SNOW,0,,,N,0800
US1TXBEE018,20190711,SNOW,0,,,N,0730
US1TXBEE018,20190712,SNOW,0,,,N,0800
US1TXBEE018,20190713,SNOW,0,,,N,0800
US1TXBEE018,20190714,SNOW,0,,,N,0800
US1TXBEE018,20190715,SNOW,0,,,N,0800
US1TXBEE018,20190716,SNOW,0,,,N,0800
US1TXBEE018,20190717,SNOW,0,,,N,0800
US1TXBEE018,20190718,SNOW,0,,,N,0730
US1TXBEE018,20190719,SNOW,0,,,N,0800
US1TXBEE018,20190720,SNOW,0,,,N,0800
US1TXBEE018,20190721,SNOW,0,,,N,0800
US1TXBEE018,20190722,SNOW,0,,,N,0800
US1TXBEE018,20190723,SNOW,0,,,N,0800
US1TXBEE018,20190724,SNOW,0,,,N,0800
US1TXBEE018,20190725,SNOW,0,,,N,0800
US1TXBEE018,20190726,SNOW,0,,,N,0800
US1TXBEE018,20190727,SNOW,0,,,N,0800
US1TXBEE018,20190728,SNOW,0,,,N,0800
US1TXBEE018,20190729,SNOW,0,,,N,0800
US1TXBEE018,20190730,SNOW,0,,,N,0800
US1TXBEE018,20190731,SNOW,0,,,N,0800
US1TXBEE018,20190801,PRCP,0,,,N,0800
US1TXBEE018,20190802,PRCP,0,,,N,0800
US1TXBEE018,20190803,PRCP,3,,,N,0800
US1TXBEE018,20190804,PRCP,0,,,N,0800
US1TXBEE018,20190805,PRCP,0,,,N,0800
US1TXBEE018,20190806,PRCP,0,,,N,0800
US1TXBEE018,20190807,PRCP,0,,,N,0800
US1TXBEE018,20190808,PRCP,0,,,N,0800
US1TXBEE018,20190809,PRCP,0,,,N,0800
US1TXBEE018,20190810,PRCP,0,,,N,0800
US1TXBEE018,20190811,PRCP,0,,,N,0800
US1TXBEE018,20190812,PRCP,0,,,N,0800
US1TXBEE018,20190813,PRCP,0,,,N,0800
US1TXBEE018,20190814,PRCP,0,,,N,0800
US1TXBEE018,20190815,PRCP,0,,,N,0800
US1TXBEE018,20190816,PRCP,0,,,N,0800
US1TXBEE018,20190817,PRCP,0,,,N,0800
US1TXBEE018,20190818,PRCP,0,,,N,0800
US1TXBEE018,20190819,PRCP,0,,,N,0800
US1TXBEE018,20190820,PRCP,0,,,N,0800
US1TXBEE018,20190821,PRCP,0,,,N,0800
US1TXBEE018,20190822,PRCP,0,,,N,0800
US1TXBEE018,20190823,PRCP,0,,,N,0800
US1TXBEE018,20190824,PRCP,0,,,N,0800
US1TXBEE018,20190825,PRCP,0,,,N,0800
US1TXBEE018,20190826,PRCP,0,,,N,0800
US1TXBEE018,20190827,PRCP,0,,,N,0800
US1TXBEE018,20190828,PRCP,0,,,N,0800
US1TXBEE018,20190829,PRCP,0,,,N,0800
US1TXBEE018,20190830,PRCP,0,,,N,0800
US1TXBEE018,20190831,PRCP,74,,,N,0800
US1TXBEE018,20190801,SNOW,0,,,N,0800
US1TXBEE018,20190802,SNOW,0,,,N,0800
US1TXBEE018,20190804,SNOW,0,,,N,0800
US1TXBEE018,20190805,SNOW,0,,,N,0800
US1TXBEE018,20190806,SNOW,0,,,N,0800
US1TXBEE018,20190807,SNOW,0,,,N,0800
US1TXBEE018,20190808,SNOW,0,,,N,0800
US1TXBEE018,20190809,SNOW,0,,,N,0800
US1TXBEE018,20190810,SNOW,0,,,N,0800
US1TXBEE018,20190811,SNOW,0,,,N,0800
US1TXBEE018,20190812,SNOW,0,,,N,0800
US1TXBEE018,20190813,SNOW,0,,,N,0800
US1TXBEE018,20190814,SNOW,0,,,N,0800
US1TXBEE018,20190815,SNOW,0,,,N,0800
US1TXBEE018,20190816,SNOW,0,,,N,0800
US1TXBEE018,20190817,SNOW,0,,,N,0800
US1TXBEE018,20190818,SNOW,0,,,N,0800
US1TXBEE018,20190819,SNOW,0,,,N,0800
US1TXBEE018,20190820,SNOW,0,,,N,0800
US1TXBEE018,20190821,SNOW,0,,,N,0800
US1TXBEE018,20190822,SNOW,0,,,N,0800
US1TXBEE018,20190823,SNOW,0,,,N,0800
US1TXBEE018,20190824,SNOW,0,,,N,0800
US1TXBEE018,20190825,SNOW,0,,,N,0800
US1TXBEE018,20190826,SNOW,0,,,N,0800
US1TXBEE018,20190827,SNOW,0,,,N,0800
US1TXBEE018,20190828,SNOW,0,,,N,0800
US1TXBEE018,20190829,SNOW,0,,,N,0800
US1TXBEE018,20190830,SNOW,0,,,N,0800
US1TXBEE018,20190901,PRCP,0,,,N,0800
US1TXBEE018,20190902,PRCP,0,,,N,0800
US1TXBEE018,20190903,PRCP,0,,,N,0800
US1TXBEE018,20190904,PRCP,0,T,,N,0800
US1TXBEE018,20190905,PRCP,432,,,N,0800
US1TXBEE018,20190906,PRCP,13,,,N,0800
US1TXBEE018,20190907,PRCP,0,,,N,0800
US1TXBEE018,20190908,PRCP,0,,,N,0800
US1TXBEE018,20190909,PRCP,0,,,N,0800
US1TXBEE018,20190910,PRCP,0,,,N,0800
US1TXBEE018,20190911,PRCP,427,,,N,0800
US1TXBEE018,20190912,PRCP,198,,,N,0800
US1TXBEE018,20190913,PRCP,33,,,N,0800
US1TXBEE018,20190914,PRCP,0,,,N,0800
US1TXBEE018,20190915,PRCP,3,,,N,0800
US1TXBEE018,20190916,PRCP,0,,,N,0800
US1TXBEE018,20190917,PRCP,0,,,N,0800
US1TXBEE018,20190918,PRCP,0,,,N,0800
US1TXBEE018,20190919,PRCP,0,,,N,0800
US1TXBEE018,20190920,PRCP,0,,,N,0800
US1TXBEE018,20190921,PRCP,0,,,N,0800
US1TXBEE018,20190922,PRCP,18,,,N,0800
US1TXBEE018,20190923,PRCP,0,,,N,0800
US1TXBEE018,20190924,PRCP,5,,,N,0800
US1TXBEE018,20190925,PRCP,0,T,,N,0800
US1TXBEE018,20190926,PRCP,0,,,N,0800
US1TXBEE018,20190927,PRCP,0,,,N,0800
US1TXBEE018,20190928,PRCP,28,,,N,0800
US1TXBEE018,20190929,PRCP,0,,,N,0800
US1TXBEE018,20190930,PRCP,0,,,N,0800
US1TXBEE018,20190901,SNOW,0,,,N,0800
US1TXBEE018,20190902,SNOW,0,,,N,0800
US1TXBEE018,20190903,SNOW,0,,,N,0800
US1TXBEE018,20190907,SNOW,0,,,N,0800
US1TXBEE018,20190908,SNOW,0,,,N,0800
US1TXBEE018,20190909,SNOW,0,,,N,0800
US1TXBEE018,20190910,SNOW,0,,,N,0800
US1TXBEE018,20190914,SNOW,0,,,N,0800
US1TXBEE018,20190916,SNOW,0,,,N,0800
US1TXBEE018,20190917,SNOW,0,,,N,0800
US1TXBEE018,20190918,SNOW,0,,,N,0800
US1TXBEE018,20190919,SNOW,0,,,N,0800
US1TXBEE018,20190920,SNOW,0,,,N,0800
US1TXBEE018,20190921,SNOW,0,,,N,0800
US1TXBEE018,20190923,SNOW,0,,,N,0800
US1TXBEE018,20190926,SNOW,0,,,N,0800
US1TXBEE018,20190927,SNOW,0,,,N,0800
US1TXBEE018,20190929,SNOW,0,,,N,0800
US1TXBEE018,20190930,SNOW,0,,,N,0800
US1TXBEE018,20191001,PRCP,0,,,N,0800
US1TXBEE018,20191002,PRCP,0,,,N,0800
US1TXBEE018,20191003,PRCP,0,,,N,0800
US1TXBEE018,20191004,PRCP,15,,,N,0800
US1TXBEE018,20191005,PRCP,0,,,N,0800
US1TXBEE018,20191006,PRCP,0,,,N,0800
US1TXBEE018,20191007,PRCP,0,T,,N,0800
US1TXBEE018,20191008,PRCP,0,,,N,0800
US1TXBEE018,20191009,PRCP,0,,,N,0800
US1TXBEE018,20191010,PRCP,0,,,N,0800
US1TXBEE018,20191011,PRCP,0,,,N,0800
US1TXBEE018,20191012,PRCP,0,,,N,0800
US1TXBEE018,20191013,PRCP,0,,,N,0800
US1TXBEE018,20191014,PRCP,0,,,N,0800
US1TXBEE018,20191015,PRCP,0,,,N,0800
US1TXBEE018,20191016,PRCP,290,,,N,0800
US1TXBEE018,20191017,PRCP,15,,,N,0800
US1TXBEE018,20191018,PRCP,0,,,N,0800
US1TXBEE018,20191019,PRCP,3,,,N,0800
US1TXBEE018,20191020,PRCP,0,,,N,0800
US1TXBEE018,20191021,PRCP,0,,,N,0800
US1TXBEE018,20191022,PRCP,0,,,N,0800
US1TXBEE018,20191023,PRCP,0,,,N,0800
US1TXBEE018,20191024,PRCP,0,,,N,0800
US1TXBEE018,20191025,PRCP,84,,,N,0800
US1TXBEE018,20191026,PRCP,0,,,N,0800
US1TXBEE018,20191027,PRCP,0,,,N,0800
US1TXBEE018,20191028,PRCP,0,,,N,0800
US1TXBEE018,20191029,PRCP,10,,,N,0800
US1TXBEE018,20191030,PRCP,18,,,N,0800
US1TXBEE018,20191031,PRCP,107,,,N,0800
US1TXBEE018,20191001,SNOW,0,,,N,0800
US1TXBEE018,20191002,SNOW,0,,,N,0800
US1TXBEE018,20191003,SNOW,0,,,N,0800
US1TXBEE018,20191005,SNOW,0,,,N,0800
US1TXBEE018,20191006,SNOW,0,,,N,0800
US1TXBEE018,20191008,SNOW,0,,,N,0800
US1TXBEE018,20191009,SNOW,0,,,N,0800
US1TXBEE018,20191010,SNOW,0,,,N,0800
US1TXBEE018,20191011,SNOW,0,,,N,0800
US1TXBEE018,20191012,SNOW,0,,,N,0800
US1TXBEE018,20191013,SNOW,0,,,N,0800
US1TXBEE018,20191014,SNOW,0,,,N,0800
US1TXBEE018,20191015,SNOW,0,,,N,0800
US1TXBEE018,20191018,SNOW,0,,,N,0800
US1TXBEE018,20191019,SNOW,0,,,N,0800
US1TXBEE018,20191020,SNOW,0,,,N,0800
US1TXBEE018,20191021,SNOW,0,,,N,0800
US1TXBEE018,20191022,SNOW,0,,,N,0800
US1TXBEE018,20191023,SNOW,0,,,N,0800
US1TXBEE018,20191024,SNOW,0,,,N,0800
US1TXBEE018,20191026,SNOW,0,,,N,0800
US1TXBEE018,20191027,SNOW,0,,,N,0800
US1TXBEE018,20191028,SNOW,0,,,N,0800
US1TXBEE018,20191101,PRCP,0,,,N,0800
US1TXBEE018,20191102,PRCP,0,,,N,0800
US1TXBEE018,20191103,PRCP,0,,,N,0800
US1TXBEE018,20191104,PRCP,0,,,N,0800
US1TXBEE018,20191105,PRCP,0,,,N,0800
US1TXBEE018,20191106,PRCP,0,,,N,0800
US1TXBEE018,20191107,PRCP,5,,,N,0800
US1TXBEE018,20191108,PRCP,43,,,N,0800
US1TXBEE018,20191109,PRCP,3,,,N,0800
US1TXBEE018,20191110,PRCP,0,,,N,0800
US1TXBEE018,20191111,PRCP,0,,,N,0800
US1TXBEE018,20191112,PRCP,81,,,N,0800
US1TXBEE018,20191113,PRCP,10,,,N,0800
US1TXBEE018,20191114,PRCP,41,,,N,0800
US1TXBEE018,20191115,PRCP,0,,,N,0800
US1TXBEE018,20191116,PRCP,0,,,N,0800
US1TXBEE018,20191117,PRCP,0,,,N,0800
US1TXBEE018,20191118,PRCP,0,,,N,0800
US1TXBEE018,20191119,PRCP,3,,,N,0800
US1TXBEE018,20191120,PRCP,3,,,N,0700
US1TXBEE018,20191121,PRCP,0,,,N,0800
US1TXBEE018,20191122,PRCP,0,,,N,0800
US1TXBEE018,20191123,PRCP,0,,,N,0800
US1TXBEE018,20191124,PRCP,0,,,N,0800
US1TXBEE018,20191125,PRCP,0,,,N,0800
US1TXBEE018,20191126,PRCP,0,,,N,0800
US1TXBEE018,20191127,PRCP,0,,,N,0800
US1TXBEE018,20191128,PRCP,0,,,N,0800
US1TXBEE018,20191129,PRCP,23,,,N,0800
US1TXBEE018,20191130,PRCP,10,,,N,0800
US1TXBEE018,20191101,SNOW,0,,,N,0800
US1TXBEE018,20191102,SNOW,0,,,N,0800
US1TXBEE018,20191103,SNOW,0,,,N,0800
US1TXBEE018,20191104,SNOW,0,,,N,0800
US1TXBEE018,20191105,SNOW,0,,,N,0800
US1TXBEE018,20191106,SNOW,0,,,N,0800
US1TXBEE018,20191110,SNOW,0,,,N,0800
US1TXBEE018,20191111,SNOW,0,,,N,0800
US1TXBEE018,20191115,SNOW,0,,,N,0800
US1TXBEE018,20191116,SNOW,0,,,N,0800
US1TXBEE018,20191117,SNOW,0,,,N,0800
US1TXBEE018,20191118,SNOW,0,,,N,0800
US1TXBEE018,20191121,SNOW,0,,,N,0800
US1TXBEE018,20191122,SNOW,0,,,N,0800
US1TXBEE018,20191123,SNOW,0,,,N,0800
US1TXBEE018,20191124,SNOW,0,,,N,0800
US1TXBEE018,20191125,SNOW,0,,,N,0800
US1TXBEE018,20191126,SNOW,0,,,N,0800
US1TXBEE018,20191127,SNOW,0,,,N,0800
US1TXBEE018,20191128,SNOW,0,,,N,0800
US1TXBEE018,20191201,PRCP,0,,,N,0800
US1TXBEE018,20191202,PRCP,0,,,N,0800
US1TXBEE018,20191203,PRCP,0,,,N,0800
US1TXBEE018,20191204,PRCP,0,,,N,0800
US1TXBEE018,20191205,PRCP,3,,,N,0800
US1TXBEE018,20191206,PRCP,0,,,N,0800
US1TXBEE018,20191207,PRCP,0,,,N,0800
US1TXBEE018,20191208,PRCP,0,,,N,0800
US1TXBEE018,20191209,PRCP,3,,,N,0800
US1TXBEE018,20191210,PRCP,18,,,N,0800
US1TXBEE018,20191211,PRCP,38,,,N,0800
US1TXBEE018,20191212,PRCP,0,,,N,0800
US1TXBEE018,20191213,PRCP,3,,,N,0800
US1TXBEE018,20191214,PRCP,0,,,N,0800
US1TXBEE018,20191215,PRCP,0,,,N,0800
US1TXBEE018,20191216,PRCP,0,,,N,0800
US1TXBEE018,20191217,PRCP,0,,,N,0800
US1TXBEE018,20191218,PRCP,0,,,N,0800
US1TXBEE018,20191219,PRCP,0,,,N,0800
US1TXBEE018,20191220,PRCP,36,,,N,0800
US1TXBEE018,20191221,PRCP,279,,,N,0800
US1TXBEE018,20191222,PRCP,3,,,N,0800
US1TXBEE018,20191223,PRCP,0,,,N,0800
US1TXBEE018,20191224,PRCP,0,,,N,0800
US1TXBEE018,20191225,PRCP,0,,,N,0800
US1TXBEE018,20191226,PRCP,0,,,N,0800
US1TXBEE018,20191227,PRCP,0,,,N,0800
US1TXBEE018,20191228,PRCP,0,,,N,0800
US1TXBEE018,20191229,PRCP,0,,,N,0800
US1TXBEE018,20191230,PRCP,0,,,N,0800
US1TXBEE018,20191231,PRCP,0,,,N,0800
US1TXBEE018,20191201,SNOW,0,,,N,0800
US1TXBEE018,20191202,SNOW,0,,,N,0800
US1TXBEE018,20191203,SNOW,0,,,N,0800
US1TXBEE018,20191204,SNOW,0,,,N,0800
US1TXBEE018,20191206,SNOW,0,,,N,0800
US1TXBEE018,20191207,SNOW,0,,,N,0800
US1TXBEE018,20191208,SNOW,0,,,N,0800
US1TXBEE018,20191212,SNOW,0,,,N,0800
US1TXBEE018,20191214,SNOW,0,,,N,0800
US1TXBEE018,20191215,SNOW,0,,,N,0800
US1TXBEE018,20191216,SNOW,0,,,N,0800
US1TXBEE018,20191217,SNOW,0,,,N,0800
US1TXBEE018,20191218,SNOW,0,,,N,0800
US1TXBEE018,20191219,SNOW,0,,,N,0800
US1TXBEE018,20191223,SNOW,0,,,N,0800
US1TXBEE018,20191224,SNOW,0,,,N,0800
US1TXBEE018,20191225,SNOW,0,,,N,0800
US1TXBEE018,20191226,SNOW,0,,,N,0800
US1TXBEE018,20191227,SNOW,0,,,N,0800
US1TXBEE018,20191228,SNOW,0,,,N,0800
US1TXBEE018,20191229,SNOW,0,,,N,0800
US1TXBEE018,20191230,SNOW,0,,,N,0800
US1TXBEE018,20191231,SNOW,0,,,N,0800
US1TXBEE018,20200101,PRCP,0,,,N,0800
US1TXBEE018,20200102,PRCP,33,,,N,0800
US1TXBEE018,20200103,PRCP,15,,,N,0800
US1TXBEE018,20200104,PRCP,0,,,N,0800
US1TXBEE018,20200105,PRCP,0,,,N,0800
US1TXBEE018,20200106,PRCP,0,,,N,0730
US1TXBEE018,20200107,PRCP,0,,,N,0800
US1TXBEE018,20200108,PRCP,0,,,N,0800
US1TXBEE018,20200109,PRCP,0,,,N,0800
US1TXBEE018,20200110,PRCP,0,,,N,0800
US1TXBEE018,20200111,PRCP,18,,,N,0800
US1TXBEE018,20200112,PRCP,0,,,N,0800
US1TXBEE018,20200113,PRCP,3,,,N,0730
US1TXBEE018,20200114,PRCP,8,,,N,0730
US1TXBEE018,20200115,PRCP,0,T,,N,0730
US1TXBEE018,20200116,PRCP,0,,,N,0800
US1TXBEE018,20200117,PRCP,5,,,N,0800
US1TXBEE018,20200118,PRCP,3,,,N,0800
US1TXBEE018,20200119,PRCP,0,,,N,0800
US1TXBEE018,20200120,PRCP,0,,,N,0800
US1TXBEE018,20200121,PRCP,0,,,N,0800
US1TXBEE018,20200122,PRCP,58,,,N,0800
US1TXBEE018,20200123,PRCP,94,,,N,0800
US1TXBEE018,20200124,PRCP,0,T,,N,0800
US1TXBEE018,20200125,PRCP,0,,,N,0800
US1TXBEE018,20200126,PRCP,20,,,N,0800
US1TXBEE018,20200127,PRCP,3,,,N,0800
US1TXBEE018,20200128,PRCP,3,,,N,0800
US1TXBEE018,20200129,PRCP,0,T,,N,0800
US1TXBEE018,20200130,PRCP,0,,,N,0800
US1TXBEE018,20200131,PRCP,0,,,N,0800
US1TXBEE018,20200101,SNOW,0,,,N,0800
US1TXBEE018,20200104,SNOW,0,,,N,0800
US1TXBEE018,20200105,SNOW,0,,,N,0800
US1TXBEE018,20200106,SNOW,0,,,N,0730
US1TXBEE018,20200107,SNOW,0,,,N,0800
US1TXBEE018,20200108,SNOW,0,,,N,0800
US1TXBEE018,20200109,SNOW,0,,,N,0800
US1TXBEE018,20200110,SNOW,0,,,N,0800
US1TXBEE018,20200112,SNOW,0,,,N,0800
US1TXBEE018,20200116,SNOW,0,,,N,0800
US1TXBEE018,20200119,SNOW,0,,,N,0800
US1TXBEE018,20200120,SNOW,0,,,N,0800
US1TXBEE018,20200121,SNOW,0,,,N,0800
US1TXBEE018,20200125,SNOW,0,,,N,0800
US1TXBEE018,20200130,SNOW,0,,,N,0800
US1TXBEE018,20200131,SNOW,0,,,N,0800
US1TXBEE018,20200201,PRCP,0,,,N,0800
US1TXBEE018,20200202,PRCP,0,,,N,0800
US1TXBEE018,20200203,PRCP,0,,,N,0800
US1TXBEE018,20200204,PRCP,0,,,N,0800
US1TXBEE018,20200205,PRCP,10,,,N,0800
US1TXBEE018,20200206,PRCP,0,,,N,0800
US1TXBEE018,20200207,PRCP,0,,,N,0800
US1TXBEE018,20200208,PRCP,0,T,,N,0800
US1TXBEE018,20200209,PRCP,3,,,N,0800
US1TXBEE018,20200210,PRCP,0,,,N,0800
US1TXBEE018,20200211,PRCP,0,T,,N,0800
US1TXBEE018,20200212,PRCP,18,,,N,0800
US1TXBEE018,20200213,PRCP,3,,,N,0800
US1TXBEE018,20200214,PRCP,0,,,N,0800
US1TXBEE018,20200215,PRCP,0,,,N,0800
US1TXBEE018,20200216,PRCP,0,,,N,0800
US1TXBEE018,20200217,PRCP,0,T,,N,0800
US1TXBEE018,20200218,PRCP,0,,,N,0800
US1TXBEE018,20200219,PRCP,28,,,N,0800
US1TXBEE018,20200220,PRCP,10,,,N,0800
US1TXBEE018,20200221,PRCP,5,,,N,0800
US1TXBEE018,20200222,PRCP,0,,,N,0800
US1TXBEE018,20200223,PRCP,0,,,N,0800
US1TXBEE018,20200224,PRCP,5,,,N,0800
US1TXBEE018,20200225,PRCP,8,,,N,0800
US1TXBEE018,20200226,PRCP,0,,,N,0800
US1TXBEE018,20200227,PRCP,0,,,N,0800
US1TXBEE018,20200228,PRCP,0,,,N,0800
US1TXBEE018,20200229,PRCP,0,,,N,0800
US1TXBEE018,20200201,SNOW,0,,,N,0800
US1TXBEE018,20200202,SNOW,0,,,N,0800
US1TXBEE018,20200203,SNOW,0,,,N,0800
US1TXBEE018,20200204,SNOW,0,,,N,0800
US1TXBEE018,20200206,SNOW,0,,,N,0800
US1TXBEE018,20200207,SNOW,0,,,N,0800
US1TXBEE018,20200210,SNOW,0,,,N,0800
US1TXBEE018,20200214,SNOW,0,,,N,0800
US1TXBEE018,20200215,SNOW,0,,,N,0800
US1TXBEE018,20200216,SNOW,0,,,N,0800
US1TXBEE018,20200218,SNOW,0,,,N,0800
US1TXBEE018,20200222,SNOW,0,,,N,0800
US1TXBEE018,20200223,SNOW,0,,,N,0800
US1TXBEE018,20200226,SNOW,0,,,N,0800
US1TXBEE018,20200227,SNOW,0,,,N,0800
US1TXBEE018,20200228,SNOW,0,,,N,0800
US1TXBEE018,20200229,SNOW,0,,,N,0800
US1TXBEE018,20200301,PRCP,0,,,N,0800
US1TXBEE018,20200302,PRCP,0,,,N,0800
US1TXBEE018,20200303,PRCP,0,,,N,0800
US1TXBEE018,20200304,PRCP,20,,,N,0830
US1TXBEE018,20200305,PRCP,0,,,N,0800
US1TXBEE018,20200306,PRCP,0,,,N,0800
US1TXBEE018,20200307,PRCP,0,,,N,0800
US1TXBEE018,20200308,PRCP,0,,,N,0800
US1TXBEE018,20200309,PRCP,0,,,N,0800
US1TXBEE018,20200310,PRCP,3,,,N,0800
US1TXBEE018,20200311,PRCP,0,,,N,0800
US1TXBEE018,20200312,PRCP,0,,,N,0800
US1TXBEE018,20200313,PRCP,0,,,N,0800
US1TXBEE018,20200314,PRCP,0,,,N,0800
US1TXBEE018,20200315,PRCP,0,,,N,0800
US1TXBEE018,20200316,PRCP,0,,,N,0800
US1TXBEE018,20200317,PRCP,5,,,N,0800
US1TXBEE018,20200318,PRCP,0,,,N,0800
US1TXBEE018,20200319,PRCP,0,,,N,0800
US1TXBEE018,20200320,PRCP,10,,,N,0800
US1TXBEE018,20200321,PRCP,18,,,N,0800
US1TXBEE018,20200322,PRCP,43,,,N,0800
US1TXBEE018,20200323,PRCP,3,,,N,0800
US1TXBEE018,20200324,PRCP,0,,,N,0800
US1TXBEE018,20200325,PRCP,0,,,N,0800
US1TXBEE018,20200326,PRCP,0,,,N,0800
US1TXBEE018,20200327,PRCP,0,,,N,0800
US1TXBEE018,20200328,PRCP,0,,,N,0800
US1TXBEE018,20200329,PRCP,0,,,N,0800
US1TXBEE018,20200330,PRCP,0,,,N,0800
US1TXBEE018,20200331,PRCP,0,,,N,0800
US1TXBEE018,20200301,SNOW,0,,,N,0800
US1TXBEE018,20200302,SNOW,0,,,N,0800
US1TXBEE018,20200303,SNOW,0,,,N,0800
US1TXBEE018,20200305,SNOW,0,,,N,0800
US1TXBEE018,20200306,SNOW,0,,,N,0800
US1TXBEE018,20200307,SNOW,0,,,N,0800
US1TXBEE018,20200308,SNOW,0,,,N,0800
US1TXBEE018,20200309,SNOW,0,,,N,0800
US1TXBEE018,20200311,SNOW,0,,,N,0800
US1TXBEE018,20200312,SNOW,0,,,N,0800
US1TXBEE018,20200313,SNOW,0,,,N,0800
US1TXBEE018,20200314,SNOW,0,,,N,0800
US1TXBEE018,20200315,SNOW,0,,,N,0800
US1TXBEE018,20200316,SNOW,0,,,N,0800
US1TXBEE018,20200318,SNOW,0,,,N,0800
US1TXBEE018,20200319,SNOW,0,,,N,0800
US1TXBEE018,20200324,SNOW,0,,,N,0800
US1TXBEE018,20200325,SNOW,0,,,N,0800
US1TXBEE018,20200326,SNOW,0,,,N,0800
US1TXBEE018,20200327,SNOW,0,,,N,0800
US1TXBEE018,20200328,SNOW,0,,,N,0800
US1TXBEE018,20200329,SNOW,0,,,N,0800
US1TXBEE018,20200330,SNOW,0,,,N,0800
US1TXBEE018,20200331,SNOW,0,,,N,0800
US1TXBEE018,20200401,PRCP,0,,,N,0800
US1TXBEE018,20200402,PRCP,0,,,N,0800
US1TXBEE018,20200403,PRCP,20,,,N,0800
US1TXBEE018,20200404,PRCP,140,,,N,0800
US1TXBEE018,20200405,PRCP,79,,,N,0800
US1TXBEE018,20200406,PRCP,3,,,N,0800
US1TXBEE018,20200407,PRCP,5,,,N,0800
US1TXBEE018,20200408,PRCP,0,,,N,0800
US1TXBEE018,20200409,PRCP,0,,,N,0800
US1TXBEE018,20200410,PRCP,23,,,N,0730
US1TXBEE018,20200411,PRCP,0,T,,N,0730
US1TXBEE018,20200412,PRCP,0,,,N,0730
US1TXBEE018,20200413,PRCP,0,,,N,0730
US1TXBEE018,20200414,PRCP,0,,,N,0730
US1TXBEE018,20200415,PRCP,0,,,N,0730
US1TXBEE018,20200416,PRCP,0,,,N,0730
US1TXBEE018,20200417,PRCP,0,,,N,0730
US1TXBEE018,20200418,PRCP,61,,,N,0730
US1TXBEE018,20200419,PRCP,8,,,N,0730
US1TXBEE018,20200420,PRCP,3,,,N,0730
US1TXBEE018,20200421,PRCP,0,,,N,0730
US1TXBEE018,20200422,PRCP,0,,,N,0730
US1TXBEE018,20200423,PRCP,0,,,N,0730
US1TXBEE018,20200424,PRCP,0,,,N,0730
US1TXBEE018,20200425,PRCP,0,,,N,0730
US1TXBEE018,20200426,PRCP,0,,,N,0730
US1TXBEE018,20200427,PRCP,0,,,N,0730
US1TXBEE018,20200428,PRCP,0,,,N,0730
US1TXBEE018,20200429,PRCP,0,,,N,0730
US1TXBEE018,20200430,PRCP,3,,,N,0730
US1TXBEE018,20200401,SNOW,0,,,N,0800
US1TXBEE018,20200402,SNOW,0,,,N,0800
US1TXBEE018,20200408,SNOW,0,,,N,0800
US1TXBEE018,20200409,SNOW,0,,,N,0800
US1TXBEE018,20200412,SNOW,0,,,N,0730
US1TXBEE018,20200413,SNOW,0,,,N,0730
US1TXBEE018,20200414,SNOW,0,,,N,0730
US1TXBEE018,20200415,SNOW,0,,,N,0730
US1TXBEE018,20200416,SNOW,0,,,N,0730
US1TXBEE018,20200417,SNOW,0,,,N,0730
US1TXBEE018,20200501,PRCP,0,,,N,0730
US1TXBEE018,20200502,PRCP,0,,,N,0730
US1TXBEE018,20200503,PRCP,0,,,N,0730
US1TXBEE018,20200504,PRCP,0,,,N,0730
US1TXBEE018,20200505,PRCP,0,,,N,0730
US1TXBEE018,20200506,PRCP,28,,,N,0730
US1TXBEE018,20200507,PRCP,0,,,N,0730
US1TXBEE018,20200508,PRCP,0,,,N,0730
US1TXBEE018,20200509,PRCP,107,,,N,0730
US1TXBEE018,20200510,PRCP,0,T,,N,0730
US1TXBEE018,20200511,PRCP,0,,,N,0730
US1TXBEE018,20200512,PRCP,0,,,N,0730
US1TXBEE018,20200513,PRCP,124,,,N,0730
US1TXBEE018,20200514,PRCP,0,,,N,0730
US1TXBEE018,20200515,PRCP,0,,,N,0730
US1TXBEE018,20200516,PRCP,472,,,N,0730
US1TXBEE018,20200517,PRCP,3,,,N,0730
US1TXBEE018,20200518,PRCP,0,,,N,0730
US1TXBEE018,20200519,PRCP,0,,,N,0730
US1TXBEE018,20200520,PRCP,0,,,N,0730
US1TXBEE018,20200521,PRCP,0,,,N,0730
US1TXBEE018,20200522,PRCP,0,,,N,0730
US1TXBEE018,20200523,PRCP,0,,,N,0730
US1TXBEE018,20200524,PRCP,0,,,N,0730
US1TXBEE018,20200525,PRCP,348,,,N,0730
US1TXBEE018,20200526,PRCP,178,,,N,0730
US1TXBEE018,20200527,PRCP,0,,,N,0730
US1TXBEE018,20200528,PRCP,3,,,N,0730
US1TXBEE018,20200529,PRCP,0,,,N,0730
US1TXBEE018,20200530,PRCP,0,,,N,0730
US1TXBEE018,20200531,PRCP,173,,,N,0730
US1TXBEE018,20200519,SNOW,0,,,N,0730
US1TXBEE018,20200601,PRCP,409,,,N,0730
US1TXBEE018,20200602,PRCP,180,,,N,0730
US1TXBEE018,20200603,PRCP,3,,,N,0730
US1TXBEE018,20200604,PRCP,0,T,,N,0730
US1TXBEE018,20200605,PRCP,0,,,N,0730
US1TXBEE018,20200606,PRCP,0,,,N,0800
US1TXBEE018,20200607,PRCP,0,,,N,0730
US1TXBEE018,20200608,PRCP,0,,,N,0730
US1TXBEE018,20200609,PRCP,0,,,N,0730
US1TXBEE018,20200610,PRCP,0,,,N,0730
US1TXBEE018,20200611,PRCP,0,,,N,0730
US1TXBEE018,20200612,PRCP,0,,,N,0730
US1TXBEE018,20200613,PRCP,0,,,N,0730
US1TXBEE018,20200614,PRCP,0,,,N,0730
US1TXBEE018,20200615,PRCP,0,,,N,0730
US1TXBEE018,20200616,PRCP,28,,,N,0730
US1TXBEE018,20200617,PRCP,0,,,N,0730
US1TXBEE018,20200618,PRCP,0,,,N,0730
US1TXBEE018,20200619,PRCP,0,,,N,0730
US1TXBEE018,20200620,PRCP,74,,,N,0730
US1TXBEE018,20200621,PRCP,0,,,N,0730
US1TXBEE018,20200622,PRCP,0,,,N,0730
US1TXBEE018,20200623,PRCP,0,,,N,0730
US1TXBEE018,20200624,PRCP,0,,,N,0730
US1TXBEE018,20200625,PRCP,81,,,N,0730
US1TXBEE018,20200626,PRCP,384,,,N,0730
US1TXBEE018,20200627,PRCP,150,,,N,0730
US1TXBEE018,20200628,PRCP,0,T,,N,0730
US1TXBEE018,20200629,PRCP,0,,,N,0730
US1TXBEE018,20200630,PRCP,0,,,N,0730
US1TXBEE018,20200701,PRCP,0,,,N,0730
US1TXBEE018,20200702,PRCP,0,,,N,0730
US1TXBEE018,20200703,PRCP,0,T,,N,0730
US1TXBEE018,20200704,PRCP,0,,,N,0730
US1TXBEE018,20200705,PRCP,0,,,N,0730
US1TXBEE018,20200706,PRCP,0,,,N,0730
US1TXBEE018,20200707,PRCP,0,,,N,0730
US1TXBEE018,20200708,PRCP,0,,,N,0730
US1TXBEE018,20200709,PRCP,0,,,N,0730
US1TXBEE018,20200710,PRCP,0,,,N,0730
US1TXBEE018,20200711,PRCP,0,,,N,0730
US1TXBEE018,20200712,PRCP,0,,,N,0730
US1TXBEE018,20200713,PRCP,0,,,N,0730
US1TXBEE018,20200714,PRCP,0,,,N,0730
US1TXBEE018,20200715,PRCP,0,,,N,0730
US1TXBEE018,20200716,PRCP,0,,,N,0730
US1TXBEE018,20200717,PRCP,0,,,N,0730
US1TXBEE018,20200718,PRCP,145,,,N,0730
US1TXBEE018,20200719,PRCP,216,,,N,0730
US1TXBEE018,20200720,PRCP,0,,,N,0730
US1TXBEE018,20200721,PRCP,0,,,N,0730
US1TXBEE018,20200722,PRCP,0,,,N,0730
US1TXBEE018,20200723,PRCP,0,,,N,0730
US1TXBEE018,20200724,PRCP,0,T,,N,0730
US1TXBEE018,20200725,PRCP,0,,,N,0730
US1TXBEE018,20200726,PRCP,196,,,N,0730
US1TXBEE018,20200727,PRCP,20,,,N,0730
US1TXBEE018,20200728,PRCP,97,,,N,0730
US1TXBEE018,20200729,PRCP,663,,,N,0730
US1TXBEE018,20200730,PRCP,351,,,N,0730
US1TXBEE018,20200731,PRCP,0,,,N,0730
US1TXBEE018,20200801,PRCP,0,,,N,0730
US1TXBEE018,20200802,PRCP,28,,,N,0730
US1TXBEE018,20200803,PRCP,221,,,N,0730
US1TXBEE018,20200804,PRCP,0,,,N,0730
US1TXBEE018,20200805,PRCP,0,,,N,0730
US1TXBEE018,20200806,PRCP,0,,,N,0730
US1TXBEE018,20200807,PRCP,0,,,N,0730
US1TXBEE018,20200808,PRCP,13,,,N,0730
US1TXBEE018,20200809,PRCP,0,,,N,0730
US1TXBEE018,20200810,PRCP,0,,,N,0730
US1TXBEE018,20200811,PRCP,0,T,,N,0730
US1TXBEE018,20200812,PRCP,0,,,N,0730
US1TXBEE018,20200813,PRCP,0,,,N,0730
US1TXBEE018,20200814,PRCP,0,,,N,0730
US1TXBEE018,20200815,PRCP,0,,,N,0730
US1TXBEE018,20200816,PRCP,0,,,N,0730
US1TXBEE018,20200817,PRCP,0,,,N,0730
US1TXBEE018,20200818,PRCP,0,,,N,0730
US1TXBEE018,20200819,PRCP,25,,,N,0730
US1TXBEE018,20200820,PRCP,0,,,N,0730
US1TXBEE018,20200821,PRCP,0,,,N,0730
US1TXBEE018,20200822,PRCP,0,,,N,0800
US1TXBEE018,20200823,PRCP,13,,,N,0730
US1TXBEE018,20200824,PRCP,0,,,N,0730
US1TXBEE018,20200825,PRCP,15,,,N,0730
US1TXBEE018,20200826,PRCP,0,,,N,0730
US1TXBEE018,20200827,PRCP,0,,,N,0730
US1TXBEE018,20200828,PRCP,0,,,N,0730
US1TXBEE018,20200829,PRCP,0,,,N,0730
US1TXBEE018,20200830,PRCP,0,,,N,0730
US1TXBEE018,20200831,PRCP,0,,,N,0730
US1TXBEE018,20200809,SNOW,0,,,N,0730
US1TXBEE018,20200810,SNOW,0,,,N,0730
US1TXBEE018,20200812,SNOW,0,,,N,0730
US1TXBEE018,20200813,SNOW,0,,,N,0730
US1TXBEE018,20200814,SNOW,0,,,N,0730
US1TXBEE018,20200815,SNOW,0,,,N,0730
US1TXBEE018,20200816,SNOW,0,,,N,0730
US1TXBEE018,20200817,SNOW,0,,,N,0730
US1TXBEE018,20200818,SNOW,0,,,N,0730
US1TXBEE018,20200820,SNOW,0,,,N,0730
US1TXBEE018,20200821,SNOW,0,,,N,0730
US1TXBEE018,20200822,SNOW,0,,,N,0800
US1TXBEE018,20200824,SNOW,0,,,N,0730
US1TXBEE018,20200826,SNOW,0,,,N,0730
US1TXBEE018,20200827,SNOW,0,,,N,0730
US1TXBEE018,20200828,SNOW,0,,,N,0730
US1TXBEE018,20200829,SNOW,0,,,N,0730
US1TXBEE018,20200830,SNOW,0,,,N,0730
US1TXBEE018,20200831,SNOW,0,,,N,0730
US1TXBEE018,20200901,PRCP,0,,,N,0730
US1TXBEE018,20200902,PRCP,0,,,N,0730
US1TXBEE018,20200903,PRCP,0,,,N,0730
US1TXBEE018,20200904,PRCP,0,,,N,0800
US1TXBEE018,20200905,PRCP,0,,,N,0800
US1TXBEE018,20200906,PRCP,0,,,N,0800
US1TXBEE018,20200907,PRCP,13,,,N,0730
US1TXBEE018,20200908,PRCP,0,T,,N,0800
US1TXBEE018,20200909,PRCP,10,,,N,0730
US1TXBEE018,20200910,PRCP,1057,,,N,0800
US1TXBEE018,20200911,PRCP,28,,,N,0800
US1TXBEE018,20200912,PRCP,0,,,N,0800
US1TXBEE018,20200913,PRCP,0,,,N,0800
US1TXBEE018,20200914,PRCP,74,,,N,0730
US1TXBEE018,20200915,PRCP,201,,,N,0730
US1TXBEE018,20200916,PRCP,0,,,N,0730
US1TXBEE018,20200917,PRCP,36,,,N,0730
US1TXBEE018,20200918,PRCP,3,,,N,0730
US1TXBEE018,20200919,PRCP,0,,,N,0730
US1TXBEE018,20200920,PRCP,0,,,N,0730
US1TXBEE018,20200921,PRCP,28,,,N,0730
US1TXBEE018,20200922,PRCP,91,,,N,0730
US1TXBEE018,20200923,PRCP,3,,,N,0730
US1TXBEE018,20200924,PRCP,0,,,N,0730
US1TXBEE018,20200925,PRCP,0,,,N,0730
US1TXBEE018,20200926,PRCP,0,,,N,0730
US1TXBEE018,20200927,PRCP,0,,,N,0730
US1TXBEE018,20200928,PRCP,5,,,N,0730
US1TXBEE018,20200929,PRCP,0,,,N,0730
US1TXBEE018,20200930,PRCP,0,,,N,0730
US1TXBEE018,20200901,SNOW,0,,,N,0730
US1TXBEE018,20200902,SNOW,0,,,N,0730
US1TXBEE018,20200903,SNOW,0,,,N,0730
US1TXBEE018,20200904,SNOW,0,,,N,0800
US1TXBEE018,20200905,SNOW,0,,,N,0800
US1TXBEE018,20200906,SNOW,0,,,N,0800
US1TXBEE018,20200912,SNOW,0,,,N,0800
US1TXBEE018,20200913,SNOW,0,,,N,0800
US1TXBEE018,20200916,SNOW,0,,,N,0730
US1TXBEE018,20200919,SNOW,0,,,N,0730
US1TXBEE018,20200920,SNOW,0,,,N,0730
US1TXBEE018,20200924,SNOW,0,,,N,0730
US1TXBEE018,20200925,SNOW,0,,,N,0730
US1TXBEE018,20200926,SNOW,0,,,N,0730
US1TXBEE018,20200927,SNOW,0,,,N,0730
US1TXBEE018,20200929,SNOW,0,,,N,0730
US1TXBEE018,20200930,SNOW,0,,,N,0730
US1TXBEE018,20201001,PRCP,0,,,N,0730
US1TXBEE018,20201002,PRCP,0,,,N,0730
US1TXBEE018,20201003,PRCP,0,,,N,0730
US1TXBEE018,20201004,PRCP,0,,,N,0730
US1TXBEE018,20201005,PRCP,0,,,N,0730
US1TXBEE018,20201006,PRCP,0,,,N,0730
US1TXBEE018,20201007,PRCP,0,,,N,0730
US1TXBEE018,20201008,PRCP,0,,,N,0730
US1TXBEE018,20201009,PRCP,0,,,N,0730
US1TXBEE018,20201010,PRCP,0,,,N,0730
US1TXBEE018,20201011,PRCP,0,,,N,0730
US1TXBEE018,20201012,PRCP,0,,,N,0730
US1TXBEE018,20201013,PRCP,0,,,N,0730
US1TXBEE018,20201014,PRCP,0,,,N,0730
US1TXBEE018,20201015,PRCP,0,,,N,0730
US1TXBEE018,20201016,PRCP,3,,,N,0730
US1TXBEE018,20201017,PRCP,145,,,N,0730
US1TXBEE018,20201018,PRCP,0,,,N,0730
US1TXBEE018,20201019,PRCP,13,,,N,0800
US1TXBEE018,20201020,PRCP,3,,,N,0730
US1TXBEE018,20201021,PRCP,0,T,,N,0730
US1TXBEE018,20201022,PRCP,0,,,N,0730
US1TXBEE018,20201023,PRCP,5,,,N,0730
US1TXBEE018,20201024,PRCP,0,,,N,0800
US1TXBEE018,20201025,PRCP,0,,,N,0730
US1TXBEE018,20201026,PRCP,0,,,N,0730
US1TXBEE018,20201027,PRCP,0,,,N,0730
US1TXBEE018,20201028,PRCP,18,,,N,0730
US1TXBEE018,20201029,PRCP,3,,,N,0730
US1TXBEE018,20201030,PRCP,0,,,N,0730
US1TXBEE018,20201001,SNOW,0,,,N,0730
US1TXBEE018,20201002,SNOW,0,,,N,0730
US1TXBEE018,20201003,SNOW,0,,,N,0730
US1TXBEE018,20201004,SNOW,0,,,N,0730
US1TXBEE018,20201005,SNOW,0,,,N,0730
US1TXBEE018,20201006,SNOW,0,,,N,0730
US1TXBEE018,20201007,SNOW,0,,,N,0730
US1TXBEE018,20201008,SNOW,0,,,N,0730
US1TXBEE018,20201009,SNOW,0,,,N,0730
US1TXBEE018,20201010,SNOW,0,,,N,0730
US1TXBEE018,20201011,SNOW,0,,,N,0730
US1TXBEE018,20201012,SNOW,0,,,N,0730
US1TXBEE018,20201013,SNOW,0,,,N,0730
US1TXBEE018,20201014,SNOW,0,,,N,0730
US1TXBEE018,20201015,SNOW,0,,,N,0730
US1TXBEE018,20201018,SNOW,0,,,N,0730
US1TXBEE018,20201022,SNOW,0,,,N,0730
US1TXBEE018,20201024,SNOW,0,,,N,0800
US1TXBEE018,20201025,SNOW,0,,,N,0730
US1TXBEE018,20201026,SNOW,0,,,N,0730
US1TXBEE018,20201027,SNOW,0,,,N,0730
US1TXBEE018,20201030,SNOW,0,,,N,0730
US1TXBEE018,20201101,PRCP,0,,,N,0730
US1TXBEE018,20201102,PRCP,0,,,N,0730
US1TXBEE018,20201103,PRCP,0,,,N,0730
US1TXBEE018,20201104,PRCP,0,,,N,0730
US1TXBEE018,20201105,PRCP,0,,,N,0730
US1TXBEE018,20201106,PRCP,0,,,N,0730
US1TXBEE018,20201107,PRCP,0,,,N,0730
US1TXBEE018,20201108,PRCP,0,,,N,0730
US1TXBEE018,20201109,PRCP,0,,,N,0730
US1TXBEE018,20201110,PRCP,0,,,N,0730
US1TXBEE018,20201111,PRCP,0,,,N,0730
US1TXBEE018,20201112,PRCP,0,,,N,0730
US1TXBEE018,20201113,PRCP,0,,,N,0730
US1TXBEE018,20201114,PRCP,0,,,N,0730
US1TXBEE018,20201115,PRCP,5,,,N,0730
US1TXBEE018,20201116,PRCP,0,,,N,0730
US1TXBEE018,20201117,PRCP,0,,,N,0730
US1TXBEE018,20201118,PRCP,0,,,N,0730
US1TXBEE018,20201119,PRCP,0,,,N,0730
US1TXBEE018,20201120,PRCP,0,,,N,0730
US1TXBEE018,20201121,PRCP,0,,,N,0730
US1TXBEE018,20201122,PRCP,0,,,N,0800
US1TXBEE018,20201123,PRCP,3,,,N,0730
US1TXBEE018,20201124,PRCP,0,,,N,0730
US1TXBEE018,20201125,PRCP,0,,,N,0730
US1TXBEE018,20201126,PRCP,0,,,N,0730
US1TXBEE018,20201127,PRCP,0,,,N,0730
US1TXBEE018,20201128,PRCP,135,,,N,0730
US1TXBEE018,20201129,PRCP,493,,,N,0730
US1TXBEE018,20201130,PRCP,0,,,N,0730
US1TXBEE018,20201101,SNOW,0,,,N,0730
US1TXBEE018,20201102,SNOW,0,,,N,0730
US1TXBEE018,20201103,SNOW,0,,,N,0730
US1TXBEE018,20201104,SNOW,0,,,N,0730
US1TXBEE018,20201105,SNOW,0,,,N,0730
US1TXBEE018,20201106,SNOW,0,,,N,0730
US1TXBEE018,20201107,SNOW,0,,,N,0730
US1TXBEE018,20201108,SNOW,0,,,N,0730
US1TXBEE018,20201109,SNOW,0,,,N,0730
US1TXBEE018,20201110,SNOW,0,,,N,0730
US1TXBEE018,20201111,SNOW,0,,,N,0730
US1TXBEE018,20201112,SNOW,0,,,N,0730
US1TXBEE018,20201113,SNOW,0,,,N,0730
US1TXBEE018,20201114,SNOW,0,,,N,0730
US1TXBEE018,20201116,SNOW,0,,,N,0730
US1TXBEE018,20201117,SNOW,0,,,N,0730
US1TXBEE018,20201118,SNOW,0,,,N,0730
US1TXBEE018,20201119,SNOW,0,,,N,0730
US1TXBEE018,20201120,SNOW,0,,,N,0730
US1TXBEE018,20201121,SNOW,0,,,N,0730
US1TXBEE018,20201122,SNOW,0,,,N,0800
US1TXBEE018,20201124,SNOW,0,,,N,0730
US1TXBEE018,20201125,SNOW,0,,,N,0730
US1TXBEE018,20201126,SNOW,0,,,N,0730
US1TXBEE018,20201127,SNOW,0,,,N,0730
US1TXBEE018,20201130,SNOW,0,,,N,0730
US1TXBEE018,20201201,PRCP,0,,,N,0730
US1TXBEE018,20201202,PRCP,0,,,N,0730
US1TXBEE018,20201203,PRCP,0,,,N,0730
US1TXBEE018,20201204,PRCP,0,,,N,0730
US1TXBEE018,20201205,PRCP,0,T,,N,0730
US1TXBEE018,20201206,PRCP,13,,,N,0730
US1TXBEE018,20201207,PRCP,0,T,,N,0730
US1TXBEE018,20201208,PRCP,0,,,N,0730
US1TXBEE018,20201209,PRCP,0,,,N,0730
US1TXBEE018,20201210,PRCP,0,,,N,0730
US1TXBEE018,20201211,PRCP,0,,,N,0730
US1TXBEE018,20201212,PRCP,0,T,,N,0730
US1TXBEE018,20201213,PRCP,10,,,N,0730
US1TXBEE018,20201214,PRCP,0,,,N,0730
US1TXBEE018,20201215,PRCP,0,,,N,0730
US1TXBEE018,20201216,PRCP,0,,,N,0730
US1TXBEE018,20201217,PRCP,0,,,N,0730
US1TXBEE018,20201218,PRCP,0,,,N,0730
US1TXBEE018,20201219,PRCP,5,,,N,0730
US1TXBEE018,20201220,PRCP,8,,,N,0730
US1TXBEE018,20201221,PRCP,0,,,N,0730
US1TXBEE018,20201222,PRCP,0,,,N,0730
US1TXBEE018,20201223,PRCP,0,,,N,0730
US1TXBEE018,20201224,PRCP,0,,,N,0730
US1TXBEE018,20201225,PRCP,0,,,N,0730
US1TXBEE018,20201226,PRCP,0,,,N,0730
US1TXBEE018,20201227,PRCP,0,,,N,0730
US1TXBEE018,20201228,PRCP,0,,,N,0730
US1TXBEE018,20201229,PRCP,0,,,N,0730
US1TXBEE018,20201230,PRCP,0,,,N,0730
US1TXBEE018,20201231,PRCP,191,,,N,0730
US1TXBEE018,20201201,SNOW,0,,,N,0730
US1TXBEE018,20201202,SNOW,0,,,N,0730
US1TXBEE018,20201203,SNOW,0,,,N,0730
US1TXBEE018,20201204,SNOW,0,,,N,0730
US1TXBEE018,20201208,SNOW,0,,,N,0730
US1TXBEE018,20201209,SNOW,0,,,N,0730
US1TXBEE018,20201210,SNOW,0,,,N,0730
US1TXBEE018,20201211,SNOW,0,,,N,0730
US1TXBEE018,20201214,SNOW,0,,,N,0730
US1TXBEE018,20201215,SNOW,0,,,N,0730
US1TXBEE018,20201216,SNOW,0,,,N,0730
US1TXBEE018,20201217,SNOW,0,,,N,0730
US1TXBEE018,20201218,SNOW,0,,,N,0730
US1TXBEE018,20201221,SNOW,0,,,N,0730
US1TXBEE018,20201222,SNOW,0,,,N,0730
US1TXBEE018,20201223,SNOW,0,,,N,0730
US1TXBEE018,20201224,SNOW,0,,,N,0730
US1TXBEE018,20201225,SNOW,0,,,N,0730
US1TXBEE018,20201226,SNOW,0,,,N,0730
US1TXBEE018,20201227,SNOW,0,,,N,0730
US1TXBEE018,20201228,SNOW,0,,,N,0730
US1TXBEE018,20201229,SNOW,0,,,N,0730
US1TXBEE018,20201230,SNOW,0,,,N,0730
US1TXBEE018,20210101,PRCP,23,,,N,0730
US1TXBEE018,20210102,PRCP,0,,,N,0730
US1TXBEE018,20210103,PRCP,0,,,N,0730
US1TXBEE018,20210104,PRCP,0,,,N,0730
US1TXBEE018,20210105,PRCP,0,,,N,0730
US1TXBEE018,20210106,PRCP,0,,,N,0800
US1TXBEE018,20210107,PRCP,0,,,N,0730
US1TXBEE018,20210108,PRCP,0,,,N,0730
US1TXBEE018,20210109,PRCP,0,,,N,0730
US1TXBEE018,20210110,PRCP,5,,,N,0730
US1TXBEE018,20210111,PRCP,117,,,N,0730
US1TXBEE018,20210112,PRCP,0,,,N,0730
US1TXBEE018,20210113,PRCP,0,,,N,0800
US1TXBEE018,20210114,PRCP,0,,,N,0800
US1TXBEE018,20210115,PRCP,0,,,N,0800
US1TXBEE018,20210116,PRCP,0,,,N,0730
US1TXBEE018,20210117,PRCP,0,,,N,0730
US1TXBEE018,20210118,PRCP,0,,,N,0730
US1TXBEE018,20210119,PRCP,0,,,N,0730
US1TXBEE018,20210120,PRCP,0,T,,N,0730
US1TXBEE018,20210121,PRCP,8,,,N,0730
US1TXBEE018,20210122,PRCP,5,,,N,0730
US1TXBEE018,20210123,PRCP,0,,,N,0730
US1TXBEE018,20210124,PRCP,0,,,N,0730
US1TXBEE018,20210125,PRCP,5,,,N,0730
US1TXBEE018,20210126,PRCP,0,,,N,0730
US1TXBEE018,20210127,PRCP,0,,,N,0730
US1TXBEE018,20210128,PRCP,0,,,N,0730
US1TXBEE018,20210129,PRCP,0,,,N,0730
US1TXBEE018,20210130,PRCP,0,,,N,0730
US1TXBEE018,20210131,PRCP,0,,,N,0730
US1TXBEE018,20210102,SNOW,0,,,N,0730
US1TXBEE018,20210103,SNOW,0,,,N,0730
US1TXBEE018,20210104,SNOW,0,,,N,0730
US1TXBEE018,20210105,SNOW,0,,,N,0730
US1TXBEE018,20210106,SNOW,0,,,N,0800
US1TXBEE018,20210107,SNOW,0,,,N,0730
US1TXBEE018,20210108,SNOW,0,,,N,0730
US1TXBEE018,20210109,SNOW,0,,,N,0730
US1TXBEE018,20210112,SNOW,0,,,N,0730
US1TXBEE018,20210113,SNOW,0,,,N,0800
US1TXBEE018,20210114,SNOW,0,,,N,0800
US1TXBEE018,20210115,SNOW,0,,,N,0800
US1TXBEE018,20210116,SNOW,0,,,N,0730
US1TXBEE018,20210117,SNOW,0,,,N,0730
US1TXBEE018,20210118,SNOW,0,,,N,0730
US1TXBEE018,20210119,SNOW,0,,,N,0730
US1TXBEE018,20210123,SNOW,0,,,N,0730
US1TXBEE018,20210124,SNOW,0,,,N,0730
US1TXBEE018,20210126,SNOW,0,,,N,0730
US1TXBEE018,20210127,SNOW,0,,,N,0730
US1TXBEE018,20210128,SNOW,0,,,N,0730
US1TXBEE018,20210129,SNOW,0,,,N,0730
US1TXBEE018,20210130,SNOW,0,,,N,0730
US1TXBEE018,20210131,SNOW,0,,,N,0730
US1TXBEE018,20210201,PRCP,0,,,N,0730
US1TXBEE018,20210202,PRCP,0,,,N,0730
US1TXBEE018,20210203,PRCP,0,,,N,0730
US1TXBEE018,20210204,PRCP,0,,,N,0730
US1TXBEE018,20210205,PRCP,0,,,N,0730
US1TXBEE018,20210206,PRCP,0,,,N,0730
US1TXBEE018,20210207,PRCP,0,,,N,0730
US1TXBEE018,20210208,PRCP,0,,,N,0730
US1TXBEE018,20210209,PRCP,0,,,N,0730
US1TXBEE018,20210210,PRCP,3,,,N,0730
US1TXBEE018,20210211,PRCP,18,,,N,0730
US1TXBEE018,20210212,PRCP,38,,,N,0730
US1TXBEE018,20210213,PRCP,3,,,N,0730
US1TXBEE018,20210214,PRCP,13,,,N,0730
US1TXBEE018,20210215,PRCP,28,,,N,0800
US1TXBEE018,20210216,PRCP,0,,,N,0800
US1TXBEE018,20210218,PRCP,109,,,N,0730
US1TXBEE018,20210219,PRCP,0,,,N,0730
US1TXBEE018,20210220,PRCP,0,,,N,0730
US1TXBEE018,20210221,PRCP,0,,,N,0730
US1TXBEE018,20210222,PRCP,0,,,N,0730
US1TXBEE018,20210223,PRCP,0,,,N,0730
US1TXBEE018,20210224,PRCP,0,,,N,0730
US1TXBEE018,20210225,PRCP,0,,,N,0730
US1TXBEE018,20210226,PRCP,0,,,N,0730
US1TXBEE018,20210228,PRCP,0,,,N,0800
US1TXBEE018,20210201,SNOW,0,,,N,0730
US1TXBEE018,20210202,SNOW,0,,,N,0730
US1TXBEE018,20210203,SNOW,0,,,N,0730
US1TXBEE018,20210204,SNOW,0,,,N,0730
US1TXBEE018,20210205,SNOW,0,,,N,0730
US1TXBEE018,20210206,SNOW,0,,,N,0730
US1TXBEE018,20210207,SNOW,0,,,N,0730
US1TXBEE018,20210208,SNOW,0,,,N,0730
US1TXBEE018,20210209,SNOW,0,,,N,0730
US1TXBEE018,20210216,SNOW,0,,,N,0800
US1TXBEE018,20210219,SNOW,0,,,N,0730
US1TXBEE018,20210220,SNOW,0,,,N,0730
US1TXBEE018,20210221,SNOW,0,,,N,0730
US1TXBEE018,20210222,SNOW,0,,,N,0730
US1TXBEE018,20210223,SNOW,0,,,N,0730
US1TXBEE018,20210224,SNOW,0,,,N,0730
US1TXBEE018,20210225,SNOW,0,,,N,0730
US1TXBEE018,20210226,SNOW,0,,,N,0730
US1TXBEE018,20210228,SNOW,0,,,N,0800
US1TXBEE018,20210301,PRCP,38,,,N,0730
US1TXBEE018,20210302,PRCP,56,,,N,0730
US1TXBEE018,20210303,PRCP,0,,,N,0730
US1TXBEE018,20210304,PRCP,0,,,N,0730
US1TXBEE018,20210305,PRCP,0,T,,N,0730
US1TXBEE018,20210306,PRCP,0,,,N,0800
US1TXBEE018,20210307,PRCP,0,,,N,0730
US1TXBEE018,20210308,PRCP,0,,,N,0730
US1TXBEE018,20210309,PRCP,0,,,N,0730
US1TXBEE018,20210310,PRCP,0,,,N,0730
US1TXBEE018,20210311,PRCP,0,,,N,0730
US1TXBEE018,20210312,PRCP,0,,,N,0730
US1TXBEE018,20210313,PRCP,0,,,N,0800
US1TXBEE018,20210314,PRCP,0,,,N,0800
US1TXBEE018,20210315,PRCP,18,,,N,0730
US1TXBEE018,20210316,PRCP,0,,,N,0730
US1TXBEE018,20210317,PRCP,5,,,N,0730
US1TXBEE018,20210318,PRCP,0,T,,N,0730
US1TXBEE018,20210319,PRCP,0,,,N,0800
US1TXBEE018,20210320,PRCP,0,,,N,0800
US1TXBEE018,20210321,PRCP,0,,,N,0800
US1TXBEE018,20210322,PRCP,0,,,N,0730
US1TXBEE018,20210323,PRCP,5,,,N,0730
US1TXBEE018,20210324,PRCP,0,,,N,0730
US1TXBEE018,20210325,PRCP,0,,,N,0730
US1TXBEE018,20210326,PRCP,0,,,N,0730
US1TXBEE018,20210327,PRCP,0,,,N,0730
US1TXBEE018,20210328,PRCP,18,,,N,0800
US1TXBEE018,20210329,PRCP,15,,,N,0730
US1TXBEE018,20210330,PRCP,0,T,,N,0730
US1TXBEE018,20210331,PRCP,0,,,N,0730
US1TXBEE018,20210303,SNOW,0,,,N,0730
US1TXBEE018,20210304,SNOW,0,,,N,0730
US1TXBEE018,20210306,SNOW,0,,,N,0800
US1TXBEE018,20210307,SNOW,0,,,N,0730
US1TXBEE018,20210308,SNOW,0,,,N,0730
US1TXBEE018,20210309,SNOW,0,,,N,0730
US1TXBEE018,20210310,SNOW,0,,,N,0730
US1TXBEE018,20210311,SNOW,0,,,N,0730
US1TXBEE018,20210312,SNOW,0,,,N,0730
US1TXBEE018,20210313,SNOW,0,,,N,0800
US1TXBEE018,20210314,SNOW,0,,,N,0800
US1TXBEE018,20210316,SNOW,0,,,N,0730
US1TXBEE018,20210319,SNOW,0,,,N,0800
US1TXBEE018,20210320,SNOW,0,,,N,0800
US1TXBEE018,20210321,SNOW,0,,,N,0800
US1TXBEE018,20210322,SNOW,0,,,N,0730
US1TXBEE018,20210324,SNOW,0,,,N,0730
US1TXBEE018,20210325,SNOW,0,,,N,0730
US1TXBEE018,20210326,SNOW,0,,,N,0730
US1TXBEE018,20210327,SNOW,0,,,N,0730
US1TXBEE018,20210331,SNOW,0,,,N,0730
US1TXBEE018,20210401,PRCP,0,,,N,0730
US1TXBEE018,20210402,PRCP,0,,,N,0730
US1TXBEE018,20210403,PRCP,0,,,N,0730
US1TXBEE018,20210404,PRCP,3,,,N,0730
US1TXBEE018,20210405,PRCP,0,,,N,0800
US1TXBEE018,20210406,PRCP,13,,,N,0730
US1TXBEE018,20210407,PRCP,0,,,N,0730
US1TXBEE018,20210408,PRCP,3,,,N,0730
US1TXBEE018,20210409,PRCP,0,,,N,0730
US1TXBEE018,20210410,PRCP,3,,,N,0730
US1TXBEE018,20210411,PRCP,0,,,N,0730
US1TXBEE018,20210412,PRCP,0,,,N,0730
US1TXBEE018,20210413,PRCP,0,,,N,0730
US1TXBEE018,20210414,PRCP,0,,,N,0730
US1TXBEE018,20210415,PRCP,5,,,N,0730
US1TXBEE018,20210416,PRCP,8,,,N,0730
US1TXBEE018,20210417,PRCP,38,,,N,0730
US1TXBEE018,20210418,PRCP,20,,,N,0730
US1TXBEE018,20210419,PRCP,0,,,N,0730
US1TXBEE018,20210420,PRCP,0,,,N,0730
US1TXBEE018,20210421,PRCP,0,,,N,0730
US1TXBEE018,20210422,PRCP,0,,,N,0730
US1TXBEE018,20210423,PRCP,8,,,N,0730
US1TXBEE018,20210424,PRCP,10,,,N,0730
US1TXBEE018,20210425,PRCP,0,,,N,0730
US1TXBEE018,20210426,PRCP,0,,,N,0730
US1TXBEE018,20210427,PRCP,0,,,N,0730
US1TXBEE018,20210428,PRCP,0,,,N,0730
US1TXBEE018,20210429,PRCP,0,,,N,0730
US1TXBEE018,20210430,PRCP,3,,,N,0730
US1TXBEE018,20210401,SNOW,0,,,N,0730
US1TXBEE018,20210402,SNOW,0,,,N,0730
US1TXBEE018,20210403,SNOW,0,,,N,0730
US1TXBEE018,20210405,SNOW,0,,,N,0800
US1TXBEE018,20210406,SNOW,0,,,N,0730
US1TXBEE018,20210407,SNOW,0,,,N,0730
US1TXBEE018,20210409,SNOW,0,,,N,0730
US1TXBEE018,20210411,SNOW,0,,,N,0730
US1TXBEE018,20210412,SNOW,0,,,N,0730
US1TXBEE018,20210413,SNOW,0,,,N,0730
US1TXBEE018,20210414,SNOW,0,,,N,0730
US1TXBEE018,20210419,SNOW,0,,,N,0730
US1TXBEE018,20210420,SNOW,0,,,N,0730
US1TXBEE018,20210421,SNOW,0,,,N,0730
US1TXBEE018,20210422,SNOW,0,,,N,0730
US1TXBEE018,20210425,SNOW,0,,,N,0730
US1TXBEE018,20210426,SNOW,0,,,N,0730
US1TXBEE018,20210427,SNOW,0,,,N,0730
US1TXBEE018,20210428,SNOW,0,,,N,0730
US1TXBEE018,20210429,SNOW,0,,,N,0730
US1TXBEE018,20210501,PRCP,414,,,N,0730
US1TXBEE018,20210502,PRCP,79,,,N,0730
US1TXBEE018,20210503,PRCP,0,,,N,0730
US1TXBEE018,20210504,PRCP,0,,,N,0730
US1TXBEE018,20210505,PRCP,0,,,N,0730
US1TXBEE018,20210506,PRCP,0,,,N,0730
US1TXBEE018,20210507,PRCP,0,,,N,0730
US1TXBEE018,20210508,PRCP,0,,,N,0730
US1TXBEE018,20210509,PRCP,0,,,N,0730
US1TXBEE018,20210510,PRCP,0,,,N,0730
US1TXBEE018,20210511,PRCP,76,,,N,0730
US1TXBEE018,20210512,PRCP,284,,,N,0730
US1TXBEE018,20210513,PRCP,0,,,N,0600
US1TXBEE018,20210514,PRCP,0,,,N,0730
US1TXBEE018,20210515,PRCP,0,,,N,0730
US1TXBEE018,20210516,PRCP,198,,,N,0730
US1TXBEE018,20210517,PRCP,582,,,N,0730
US1TXBEE018,20210518,PRCP,234,,,N,0730
US1TXBEE018,20210519,PRCP,102,,,N,0730
US1TXBEE018,20210520,PRCP,312,,,N,0730
US1TXBEE018,20210521,PRCP,0,,,N,0730
US1TXBEE018,20210522,PRCP,71,,,N,0930
US1TXBEE018,20210523,PRCP,0,,,N,0730
US1TXBEE018,20210524,PRCP,18,,,N,0730
US1TXBEE018,20210525,PRCP,0,,,N,0730
US1TXBEE018,20210526,PRCP,8,,,N,0730
US1TXBEE018,20210527,PRCP,0,T,,N,0730
US1TXBEE018,20210528,PRCP,0,,,N,0730
US1TXBEE018,20210529,PRCP,0,,,N,0730
US1TXBEE018,20210530,PRCP,58,,,N,0730
US1TXBEE018,20210531,PRCP,0,T,,N,0730
US1TXBEE018,20210503,SNOW,0,,,N,0730
US1TXBEE018,20210504,SNOW,0,,,N,0730
US1TXBEE018,20210505,SNOW,0,,,N,0730
US1TXBEE018,20210506,SNOW,0,,,N,0730
US1TXBEE018,20210507,SNOW,0,,,N,0730
US1TXBEE018,20210508,SNOW,0,,,N,0730
US1TXBEE018,20210509,SNOW,0,,,N,0730
US1TXBEE018,20210510,SNOW,0,,,N,0730
US1TXBEE018,20210513,SNOW,0,,,N,0600
US1TXBEE018,20210514,SNOW,0,,,N,0730
US1TXBEE018,20210515,SNOW,0,,,N,0730
US1TXBEE018,20210521,SNOW,0,,,N,0730
US1TXBEE018,20210523,SNOW,0,,,N,0730
US1TXBEE018,20210525,SNOW,0,,,N,0730
US1TXBEE018,20210528,SNOW,0,,,N,0730
US1TXBEE018,20210529,SNOW,0,,,N,0730
US1TXBEE018,20210601,PRCP,498,,,N,0800
US1TXBEE018,20210602,PRCP,0,T,,N,0800
US1TXBEE018,20210603,PRCP,0,,,N,0730
US1TXBEE018,20210604,PRCP,1049,,,N,0730
US1TXBEE018,20210605,PRCP,0,T,,N,0730
US1TXBEE018,20210606,PRCP,0,,,N,0730
US1TXBEE018,20210607,PRCP,0,,,N,0730
US1TXBEE018,20210608,PRCP,0,,,N,0730
US1TXBEE018,20210609,PRCP,0,,,N,0730
US1TXBEE018,20210610,PRCP,0,,,N,0730
US1TXBEE018,20210611,PRCP,0,,,N,0730
US1TXBEE018,20210612,PRCP,0,,,N,0730
US1TXBEE018,20210613,PRCP,3,,,N,0730
US1TXBEE018,20210614,PRCP,0,,,N,0730
US1TXBEE018,20210615,PRCP,53,,,N,0730
US1TXBEE018,20210616,PRCP,8,,,N,0730
US1TXBEE018,20210617,PRCP,0,,,N,0730
US1TXBEE018,20210618,PRCP,8,,,N,0730
US1TXBEE018,20210619,PRCP,0,,,N,0730
US1TXBEE018,20210620,PRCP,0,,,N,0730
US1TXBEE018,20210621,PRCP,0,,,N,0730
US1TXBEE018,20210622,PRCP,23,,,N,0730
US1TXBEE018,20210623,PRCP,76,,,N,0730
US1TXBEE018,20210624,PRCP,0,,,N,0730
US1TXBEE018,20210625,PRCP,0,,,N,0730
US1TXBEE018,20210626,PRCP,0,,,N,0730
US1TXBEE018,20210627,PRCP,0,,,N,0730
US1TXBEE018,20210628,PRCP,89,,,N,0730
US1TXBEE018,20210629,PRCP,112,,,N,0730
US1TXBEE018,20210630,PRCP,163,,,N,0730
US1TXBEE018,20210603,SNOW,0,,,N,0730
US1TXBEE018,20210606,SNOW,0,,,N,0730
US1TXBEE018,20210607,SNOW,0,,,N,0730
US1TXBEE018,20210608,SNOW,0,,,N,0730
US1TXBEE018,20210609,SNOW,0,,,N,0730
US1TXBEE018,20210610,SNOW,0,,,N,0730
US1TXBEE018,20210611,SNOW,0,,,N,0730
US1TXBEE018,20210612,SNOW,0,,,N,0730
US1TXBEE018,20210614,SNOW,0,,,N,0730
US1TXBEE018,20210617,SNOW,0,,,N,0730
US1TXBEE018,20210619,SNOW,0,,,N,0730
US1TXBEE018,20210620,SNOW,0,,,N,0730
US1TXBEE018,20210621,SNOW,0,,,N,0730
US1TXBEE018,20210624,SNOW,0,,,N,0730
US1TXBEE018,20210625,SNOW,0,,,N,0730
US1TXBEE018,20210626,SNOW,0,,,N,0730
US1TXBEE018,20210627,SNOW,0,,,N,0730
US1TXBEE018,20210701,PRCP,15,,,N,0730
US1TXBEE018,20210702,PRCP,20,,,N,0730
US1TXBEE018,20210703,PRCP,0,,,N,0730
US1TXBEE018,20210704,PRCP,0,,,N,0730
US1TXBEE018,20210705,PRCP,0,,,N,0730
US1TXBEE018,20210706,PRCP,643,,,N,0730
US1TXBEE018,20210707,PRCP,117,,,N,0730
US1TXBEE018,20210708,PRCP,475,,,N,0730
US1TXBEE018,20210709,PRCP,704,,,N,0730
US1TXBEE018,20210710,PRCP,33,,,N,0730
US1TXBEE018,20210711,PRCP,0,,,N,0730
US1TXBEE018,20210712,PRCP,0,,,N,0730
US1TXBEE018,20210713,PRCP,0,,,N,0730
US1TXBEE018,20210714,PRCP,48,,,N,0730
US1TXBEE018,20210715,PRCP,790,,,N,0730
US1TXBEE018,20210716,PRCP,0,,,N,0730
US1TXBEE018,20210717,PRCP,0,,,N,0730
US1TXBEE018,20210718,PRCP,0,,,N,0730
US1TXBEE018,20210719,PRCP,0,,,N,0730
US1TXBEE018,20210720,PRCP,0,,,N,0730
US1TXBEE018,20210721,PRCP,30,,,N,0730
US1TXBEE018,20210722,PRCP,0,,,N,0730
US1TXBEE018,20210723,PRCP,264,,,N,0730
US1TXBEE018,20210724,PRCP,0,,,N,0730
US1TXBEE018,20210725,PRCP,0,,,N,0730
US1TXBEE018,20210726,PRCP,0,,,N,0730
US1TXBEE018,20210727,PRCP,0,,,N,0730
US1TXBEE018,20210728,PRCP,0,,,N,0730
US1TXBEE018,20210729,PRCP,0,,,N,0730
US1TXBEE018,20210730,PRCP,0,,,N,0730
US1TXBEE018,20210731,PRCP,0,,,N,0730
US1TXBEE018,20210703,SNOW,0,,,N,0730
US1TXBEE018,20210704,SNOW,0,,,N,0730
US1TXBEE018,20210705,SNOW,0,,,N,0730
US1TXBEE018,20210711,SNOW,0,,,N,0730
US1TXBEE018,20210712,SNOW,0,,,N,0730
US1TXBEE018,20210713,SNOW,0,,,N,0730
US1TXBEE018,20210716,SNOW,0,,,N,0730
US1TXBEE018,20210717,SNOW,0,,,N,0730
US1TXBEE018,20210718,SNOW,0,,,N,0730
US1TXBEE018,20210719,SNOW,0,,,N,0730
US1TXBEE018,20210720,SNOW,0,,,N,0730
US1TXBEE018,20210722,SNOW,0,,,N,0730
US1TXBEE018,20210724,SNOW,0,,,N,0730
US1TXBEE018,20210725,SNOW,0,,,N,0730
US1TXBEE018,20210726,SNOW,0,,,N,0730
US1TXBEE018,20210727,SNOW,0,,,N,0730
US1TXBEE018,20210728,SNOW,0,,,N,0730
US1TXBEE018,20210729,SNOW,0,,,N,0730
US1TXBEE018,20210730,SNOW,0,,,N,0730
US1TXBEE018,20210731,SNOW,0,,,N,0730
US1TXBEE018,20210801,PRCP,0,,,N,0730
US1TXBEE018,20210802,PRCP,0,,,N,0730
US1TXBEE018,20210803,PRCP,8,,,N,0730
US1TXBEE018,20210804,PRCP,3,,,N,0730
US1TXBEE018,20210805,PRCP,15,,,N,0730
US1TXBEE018,20210806,PRCP,310,,,N,0730
US1TXBEE018,20210807,PRCP,282,,,N,0730
US1TXBEE018,20210808,PRCP,0,T,,N,0730
US1TXBEE018,20210809,PRCP,0,,,N,0730
US1TXBEE018,20210810,PRCP,0,,,N,0730
US1TXBEE018,20210811,PRCP,0,,,N,0730
US1TXBEE018,20210812,PRCP,0,,,N,0730
US1TXBEE018,20210813,PRCP,0,,,N,0730
US1TXBEE018,20210814,PRCP,0,,,N,0730
US1TXBEE018,20210815,PRCP,43,,,N,0730
US1TXBEE018,20210816,PRCP,259,,,N,0730
US1TXBEE018,20210817,PRCP,0,T,,N,0730
US1TXBEE018,20210818,PRCP,0,,,N,0730
US1TXBEE018,20210819,PRCP,0,,,N,0730
US1TXBEE018,20210820,PRCP,0,,,N,0730
US1TXBEE018,20210821,PRCP,41,,,N,0730
US1TXBEE018,20210822,PRCP,0,,,N,0730
US1TXBEE018,20210823,PRCP,0,,,N,0730
US1TXBEE018,20210824,PRCP,0,,,N,0730
US1TXBEE018,20210825,PRCP,0,,,N,0730
US1TXBEE018,20210826,PRCP,0,,,N,0730
US1TXBEE018,20210827,PRCP,0,,,N,0730
US1TXBEE018,20210828,PRCP,180,,,N,0730
US1TXBEE018,20210829,PRCP,41,,,N,0730
US1TXBEE018,20210830,PRCP,0,,,N,0730
US1TXBEE018,20210831,PRCP,0,,,N,0730
US1TXBEE018,20210801,SNOW,0,,,N,0730
US1TXBEE018,20210802,SNOW,0,,,N,0730
US1TXBEE018,20210809,SNOW,0,,,N,0730
US1TXBEE018,20210810,SNOW,0,,,N,0730
US1TXBEE018,20210811,SNOW,0,,,N,0730
US1TXBEE018,20210812,SNOW,0,,,N,0730
US1TXBEE018,20210813,SNOW,0,,,N,0730
US1TXBEE018,20210814,SNOW,0,,,N,0730
US1TXBEE018,20210818,SNOW,0,,,N,0730
US1TXBEE018,20210819,SNOW,0,,,N,0730
US1TXBEE018,20210820,SNOW,0,,,N,0730
US1TXBEE018,20210822,SNOW,0,,,N,0730
US1TXBEE018,20210823,SNOW,0,,,N,0730
US1TXBEE018,20210824,SNOW,0,,,N,0730
US1TXBEE018,20210825,SNOW,0,,,N,0730
US1TXBEE018,20210826,SNOW,0,,,N,0730
US1TXBEE018,20210827,SNOW,0,,,N,0730
US1TXBEE018,20210830,SNOW,0,,,N,0730
US1TXBEE018,20210831,SNOW,0,,,N,0730
US1TXBEE018,20210901,PRCP,0,,,N,0730
US1TXBEE018,20210902,PRCP,0,,,N,0730
US1TXBEE018,20210903,PRCP,0,,,N,0730
US1TXBEE018,20210904,PRCP,0,,,N,0730
US1TXBEE018,20210905,PRCP,0,,,N,0730
US1TXBEE018,20210906,PRCP,0,,,N,0730
US1TXBEE018,20210907,PRCP,0,,,N,0730
US1TXBEE018,20210908,PRCP,0,,,N,0730
US1TXBEE018,20210909,PRCP,0,,,N,0730
US1TXBEE018,20210910,PRCP,0,,,N,0730
US1TXBEE018,20210911,PRCP,0,,,N,0730
US1TXBEE018,20210912,PRCP,0,T,,N,0730
US1TXBEE018,20210913,PRCP,48,,,N,0730
US1TXBEE018,20210914,PRCP,109,,,N,0730
US1TXBEE018,20210915,PRCP,0,,,N,0730
US1TXBEE018,20210916,PRCP,0,,,N,0730
US1TXBEE018,20210917,PRCP,0,,,N,0730
US1TXBEE018,20210918,PRCP,0,,,N,0730
US1TXBEE018,20210919,PRCP,0,,,N,0730
US1TXBEE018,20210920,PRCP,0,,,N,0730
US1TXBEE018,20210921,PRCP,0,,,N,0730
US1TXBEE018,20210922,PRCP,28,,,N,0730
US1TXBEE018,20210923,PRCP,0,,,N,0730
US1TXBEE018,20210924,PRCP,0,,,N,0730
US1TXBEE018,20210925,PRCP,0,,,N,0730
US1TXBEE018,20210926,PRCP,0,,,N,0730
US1TXBEE018,20210927,PRCP,0,,,N,0730
US1TXBEE018,20210928,PRCP,10,,,N,0730
US1TXBEE018,20210929,PRCP,69,,,N,0730
US1TXBEE018,20210930,PRCP,320,,,N,0730
US1TXBEE018,20210901,SNOW,0,,,N,0730
US1TXBEE018,20210902,SNOW,0,,,N,0730
US1TXBEE018,20210903,SNOW,0,,,N,0730
US1TXBEE018,20210904,SNOW,0,,,N,0730
US1TXBEE018,20210905,SNOW,0,,,N,0730
US1TXBEE018,20210906,SNOW,0,,,N,0730
US1TXBEE018,20210907,SNOW,0,,,N,0730
US1TXBEE018,20210908,SNOW,0,,,N,0730
US1TXBEE018,20210909,SNOW,0,,,N,0730
US1TXBEE018,20210910,SNOW,0,,,N,0730
US1TXBEE018,20210911,SNOW,0,,,N,0730
US1TXBEE018,20210915,SNOW,0,,,N,0730
US1TXBEE018,20210916,SNOW,0,,,N,0730
US1TXBEE018,20210917,SNOW,0,,,N,0730
US1TXBEE018,20210918,SNOW,0,,,N,0730
US1TXBEE018,20210919,SNOW,0,,,N,0730
US1TXBEE018,20210920,SNOW,0,,,N,0730
US1TXBEE018,20210921,SNOW,0,,,N,0730
US1TXBEE018,20210923,SNOW,0,,,N,0730
US1TXBEE018,20210924,SNOW,0,,,N,0730
US1TXBEE018,20210925,SNOW,0,,,N,0730
US1TXBEE018,20210926,SNOW,0,,,N,0730
US1TXBEE018,20210927,SNOW,0,,,N,0730
US1TXBEE018,20211001,PRCP,533,,,N,0820
US1TXBEE018,20211002,PRCP,53,,,N,0800
US1TXBEE018,20211003,PRCP,0,,,N,0800
US1TXBEE018,20211004,PRCP,3,,,N,0730
US1TXBEE018,20211005,PRCP,0,,,N,0730
US1TXBEE018,20211006,PRCP,0,,,N,0730
US1TXBEE018,20211007,PRCP,0,,,N,0730
US1TXBEE018,20211008,PRCP,0,,,N,0730
US1TXBEE018,20211009,PRCP,0,,,N,0730
US1TXBEE018,20211010,PRCP,0,,,N,0730
US1TXBEE018,20211011,PRCP,0,,,N,0730
US1TXBEE018,20211012,PRCP,0,,,N,0730
US1TXBEE018,20211013,PRCP,0,,,N,0730
US1TXBEE018,20211014,PRCP,53,,,N,0730
US1TXBEE018,20211015,PRCP,406,,,N,0730
US1TXBEE018,20211016,PRCP,99,,,N,0730
US1TXBEE018,20211017,PRCP,0,,,N,0730
US1TXBEE018,20211018,PRCP,0,,,N,0730
US1TXBEE018,20211019,PRCP,0,,,N,0730
US1TXBEE018,20211020,PRCP,0,,,N,0730
US1TXBEE018,20211021,PRCP,0,,,N,0730
US1TXBEE018,20211022,PRCP,0,,,N,0730
US1TXBEE018,20211023,PRCP,0,,,N,0730
US1TXBEE018,20211024,PRCP,3,,,N,0730
US1TXBEE018,20211025,PRCP,0,,,N,0730
US1TXBEE018,20211026,PRCP,3,,,N,0730
US1TXBEE018,20211027,PRCP,28,,,N,0800
US1TXBEE018,20211028,PRCP,3,,,N,0800
US1TXBEE018,20211029,PRCP,0,,,N,0730
US1TXBEE018,20211030,PRCP,0,,,N,0730
US1TXBEE018,20211031,PRCP,0,,,N,0730
US1TXBEE018,20211003,SNOW,0,,,N,0800
US1TXBEE018,20211005,SNOW,0,,,N,0730
US1TXBEE018,20211006,SNOW,0,,,N,0730
US1TXBEE018,20211007,SNOW,0,,,N,0730
US1TXBEE018,20211008,SNOW,0,,,N,0730
US1TXBEE018,20211009,SNOW,0,,,N,0730
US1TXBEE018,20211010,SNOW,0,,,N,0730
US1TXBEE018,20211011,SNOW,0,,,N,0730
US1TXBEE018,20211012,SNOW,0,,,N,0730
US1TXBEE018,20211013,SNOW,0,,,N,0730
US1TXBEE018,20211017,SNOW,0,,,N,0730
US1TXBEE018,20211018,SNOW,0,,,N,0730
US1TXBEE018,20211019,SNOW,0,,,N,0730
US1TXBEE018,20211020,SNOW,0,,,N,0730
US1TXBEE018,20211021,SNOW,0,,,N,0730
US1TXBEE018,20211022,SNOW,0,,,N,0730
US1TXBEE018,20211023,SNOW,0,,,N,0730
US1TXBEE018,20211025,SNOW,0,,,N,0730
US1TXBEE018,20211029,SNOW,0,,,N,0730
US1TXBEE018,20211030,SNOW,0,,,N,0730
US1TXBEE018,20211031,SNOW,0,,,N,0730
US1TXBEE018,20211101,PRCP,0,,,N,0730
US1TXBEE018,20211102,PRCP,0,,,N,0730
US1TXBEE018,20211103,PRCP,3,,,N,0730
US1TXBEE018,20211104,PRCP,191,,,N,0730
US1TXBEE018,20211105,PRCP,0,,,N,0730
US1TXBEE018,20211106,PRCP,0,,,N,0730
US1TXBEE018,20211107,PRCP,0,,,N,0730
US1TXBEE018,20211108,PRCP,0,,,N,0630
US1TXBEE018,20211109,PRCP,0,,,N,0630
US1TXBEE018,20211110,PRCP,0,,,N,0700
US1TXBEE018,20211111,PRCP,0,,,N,0700
US1TXBEE018,20211112,PRCP,0,,,N,0700
US1TXBEE018,20211113,PRCP,0,,,N,0700
US1TXBEE018,20211114,PRCP,0,,,N,0700
US1TXBEE018,20211115,PRCP,0,,,N,0700
US1TXBEE018,20211116,PRCP,0,,,N,0700
US1TXBEE018,20211117,PRCP,0,,,N,0700
US1TXBEE018,20211118,PRCP,0,,,N,0700
US1TXBEE018,20211119,PRCP,0,,,N,0700
US1TXBEE018,20211120,PRCP,0,,,N,0700
US1TXBEE018,20211121,PRCP,0,,,N,0700
US1TXBEE018,20211122,PRCP,160,,,N,0700
US1TXBEE018,20211123,PRCP,0,,,N,0700
US1TXBEE018,20211124,PRCP,0,,,N,0700
US1TXBEE018,20211125,PRCP,208,,,N,0700
US1TXBEE018,20211126,PRCP,99,,,N,0700
US1TXBEE018,20211127,PRCP,10,,,N,0700
US1TXBEE018,20211128,PRCP,20,,,N,0700
US1TXBEE018,20211129,PRCP,3,,,N,0700
US1TXBEE018,20211130,PRCP,3,,,N,0700
US1TXBEE018,20211101,SNOW,0,,,N,0730
US1TXBEE018,20211102,SNOW,0,,,N,0730
US1TXBEE018,20211105,SNOW,0,,,N,0730
US1TXBEE018,20211106,SNOW,0,,,N,0730
US1TXBEE018,20211107,SNOW,0,,,N,0730
US1TXBEE018,20211108,SNOW,0,,,N,0630
US1TXBEE018,20211109,SNOW,0,,,N,0630
US1TXBEE018,20211110,SNOW,0,,,N,0700
US1TXBEE018,20211111,SNOW,0,,,N,0700
US1TXBEE018,20211112,SNOW,0,,,N,0700
US1TXBEE018,20211113,SNOW,0,,,N,0700
US1TXBEE018,20211114,SNOW,0,,,N,0700
US1TXBEE018,20211115,SNOW,0,,,N,0700
US1TXBEE018,20211116,SNOW,0,,,N,0700
US1TXBEE018,20211117,SNOW,0,,,N,0700
US1TXBEE018,20211118,SNOW,0,,,N,0700
US1TXBEE018,20211119,SNOW,0,,,N,0700
US1TXBEE018,20211120,SNOW,0,,,N,0700
US1TXBEE018,20211121,SNOW,0,,,N,0700
US1TXBEE018,20211123,SNOW,0,,,N,0700
US1TXBEE018,20211124,SNOW,0,,,N,0700
US1TXBEE018,20211201,PRCP,0,T,,N,0700
US1TXBEE018,20211202,PRCP,3,,,N,0700
US1TXBEE018,20211203,PRCP,3,,,N,0700
US1TXBEE018,20211204,PRCP,3,,,N,0700
US1TXBEE018,20211205,PRCP,3,,,N,0700
US1TXBEE018,20211206,PRCP,0,,,N,0700
US1TXBEE018,20211207,PRCP,0,,,N,0700
US1TXBEE018,20211223,PRCP,0,,,N,0700
US1TXBEE018,20211224,PRCP,0,,,N,0700
US1TXBEE018,20211225,PRCP,0,,,N,0700
US1TXBEE018,20211226,PRCP,0,,,N,0700
US1TXBEE018,20211227,PRCP,0,,,N,0700
US1TXBEE018,20211228,PRCP,0,,,N,0700
US1TXBEE018,20211231,PRCP,0,,,N,0700
US1TXBEE018,20211206,SNOW,0,,,N,0700
US1TXBEE018,20211207,SNOW,0,,,N,0700
US1TXBEE018,20211223,SNOW,0,,,N,0700
US1TXBEE018,20211224,SNOW,0,,,N,0700
US1TXBEE018,20211225,SNOW,0,,,N,0700
US1TXBEE018,20211226,SNOW,0,,,N,0700
US1TXBEE018,20211227,SNOW,0,,,N,0700
US1TXBEE018,20211228,SNOW,0,,,N,0700
US1TXBEE018,20211231,SNOW,0,,,N,0700
US1TXBEE018,20211222,DAPR,14,,,N,0700
US1TXBEE018,20211222,MDPR,71,,,N,0700
US1TXBEE018,20220101,PRCP,0,,,N,0700
US1TXBEE018,20220102,PRCP,0,,,N,0700
US1TXBEE018,20220103,PRCP,0,,,N,0700
US1TXBEE018,20220104,PRCP,0,,,N,0700
US1TXBEE018,20220105,PRCP,0,,,N,0700
US1TXBEE018,20220106,PRCP,0,,,N,0700
US1TXBEE018,20220107,PRCP,0,,,N,0700
US1TXBEE018,20220108,PRCP,25,,,N,0700
US1TXBEE018,20220109,PRCP,3,,,N,0700
US1TXBEE018,20220110,PRCP,0,,,N,0700
US1TXBEE018,20220111,PRCP,0,,,N,0700
US1TXBEE018,20220112,PRCP,0,,,N,0700
US1TXBEE018,20220113,PRCP,0,,,N,0700
US1TXBEE018,20220114,PRCP,3,,,N,0700
US1TXBEE018,20220115,PRCP,0,,,N,0700
US1TXBEE018,20220116,PRCP,0,,,N,0700
US1TXBEE018,20220117,PRCP,0,,,N,0700
US1TXBEE018,20220118,PRCP,0,,,N,0700
US1TXBEE018,20220119,PRCP,0,,,N,0700
US1TXBEE018,20220120,PRCP,0,,,N,0700
US1TXBEE018,20220121,PRCP,18,,,N,0700
US1TXBEE018,20220122,PRCP,0,,,N,0700
US1TXBEE018,20220123,PRCP,0,,,N,0700
US1TXBEE018,20220124,PRCP,10,,,N,0700
US1TXBEE018,20220125,PRCP,43,,,N,0700
US1TXBEE018,20220126,PRCP,0,,,N,0700
US1TXBEE018,20220127,PRCP,0,,,N,0700
US1TXBEE018,20220128,PRCP,8,,,N,0700
US1TXBEE018,20220129,PRCP,0,,,N,0700
US1TXBEE018,20220130,PRCP,0,,,N,0800
US1TXBEE018,20220131,PRCP,30,,,N,0700
US1TXBEE018,20220101,SNOW,0,,,N,0700
US1TXBEE018,20220102,SNOW,0,,,N,0700
US1TXBEE018,20220103,SNOW,0,,,N,0700
US1TXBEE018,20220104,SNOW,0,,,N,0700
US1TXBEE018,20220105,SNOW,0,,,N,0700
US1TXBEE018,20220106,SNOW,0,,,N,0700
US1TXBEE018,20220107,SNOW,0,,,N,0700
US1TXBEE018,20220110,SNOW,0,,,N,0700
US1TXBEE018,20220111,SNOW,0,,,N,0700
US1TXBEE018,20220112,SNOW,0,,,N,0700
US1TXBEE018,20220113,SNOW,0,,,N,0700
US1TXBEE018,20220115,SNOW,0,,,N,0700
US1TXBEE018,20220116,SNOW,0,,,N,0700
US1TXBEE018,20220117,SNOW,0,,,N,0700
US1TXBEE018,20220118,SNOW,0,,,N,0700
US1TXBEE018,20220119,SNOW,0,,,N,0700
US1TXBEE018,20220120,SNOW,0,,,N,0700
US1TXBEE018,20220122,SNOW,0,,,N,0700
US1TXBEE018,20220123,SNOW,0,,,N,0700
US1TXBEE018,20220126,SNOW,0,,,N,0700
US1TXBEE018,20220127,SNOW,0,,,N,0700
US1TXBEE018,20220129,SNOW,0,,,N,0700
US1TXBEE018,20220130,SNOW,0,,,N,0800
US1TXBEE018,20220201,PRCP,130,,,N,0700
US1TXBEE018,20220202,PRCP,3,,,N,0700
US1TXBEE018,20220203,PRCP,36,,,N,0700
US1TXBEE018,20220204,PRCP,20,,,N,0700
US1TXBEE018,20220205,PRCP,0,,,N,0700
US1TXBEE018,20220206,PRCP,0,,,N,0700
US1TXBEE018,20220207,PRCP,0,,,N,0700
US1TXBEE018,20220208,PRCP,0,,,N,0700
US1TXBEE018,20220209,PRCP,0,,,N,0700
US1TXBEE018,20220210,PRCP,0,,,N,0700
US1TXBEE018,20220211,PRCP,0,,,N,0700
US1TXBEE018,20220212,PRCP,0,,,N,0700
US1TXBEE018,20220213,PRCP,0,,,N,0700
US1TXBEE018,20220214,PRCP,0,,,N,0700
US1TXBEE018,20220215,PRCP,0,,,N,0700
US1TXBEE018,20220216,PRCP,0,,,N,0700
US1TXBEE018,20220218,PRCP,0,,,N,0700
US1TXBEE018,20220219,PRCP,0,,,N,0700
US1TXBEE018,20220220,PRCP,0,,,N,0700
US1TXBEE018,20220221,PRCP,0,,,N,0700
US1TXBEE018,20220222,PRCP,0,,,N,0700
US1TXBEE018,20220223,PRCP,0,,,N,0700
US1TXBEE018,20220224,PRCP,3,,,N,0700
US1TXBEE018,20220225,PRCP,20,,,N,0700
US1TXBEE018,20220226,PRCP,20,,,N,0700
US1TXBEE018,20220227,PRCP,56,,,N,0700
US1TXBEE018,20220228,PRCP,3,,,N,0700
US1TXBEE018,20220205,SNOW,0,,,N,0700
US1TXBEE018,20220206,SNOW,0,,,N,0700
US1TXBEE018,20220207,SNOW,0,,,N,0700
US1TXBEE018,20220208,SNOW,0,,,N,0700
US1TXBEE018,20220209,SNOW,0,,,N,0700
US1TXBEE018,20220210,SNOW,0,,,N,0700
US1TXBEE018,20220211,SNOW,0,,,N,0700
US1TXBEE018,20220212,SNOW,0,,,N,0700
US1TXBEE018,20220213,SNOW,0,,,N,0700
US1TXBEE018,20220214,SNOW,0,,,N,0700
US1TXBEE018,20220215,SNOW,0,,,N,0700
US1TXBEE018,20220216,SNOW,0,,,N,0700
US1TXBEE018,20220218,SNOW,0,,,N,0700
US1TXBEE018,20220219,SNOW,0,,,N,0700
US1TXBEE018,20220220,SNOW,0,,,N,0700
US1TXBEE018,20220221,SNOW,0,,,N,0700
US1TXBEE018,20220222,SNOW,0,,,N,0700
US1TXBEE018,20220223,SNOW,0,,,N,0700
US1TXBEE018,20220301,PRCP,0,,,N,0700
US1TXBEE018,20220302,PRCP,0,,,N,0700
US1TXBEE018,20220303,PRCP,0,,,N,0700
US1TXBEE018,20220304,PRCP,0,,,N,0700
US1TXBEE018,20220305,PRCP,0,,,N,0700
US1TXBEE018,20220306,PRCP,0,,,N,0700
US1TXBEE018,20220307,PRCP,0,,,N,0700
US1TXBEE018,20220308,PRCP,3,,,N,0700
US1TXBEE018,20220309,PRCP,0,,,N,0700
US1TXBEE018,20220310,PRCP,0,,,N,0700
US1TXBEE018,20220311,PRCP,0,,,N,0700
US1TXBEE018,20220312,PRCP,0,,,N,0700
US1TXBEE018,20220313,PRCP,0,,,N,0700
US1TXBEE018,20220314,PRCP,0,,,N,0700
US1TXBEE018,20220315,PRCP,0,,,N,0700
US1TXBEE018,20220316,PRCP,0,,,N,0700
US1TXBEE018,20220317,PRCP,0,,,N,0700
US1TXBEE018,20220318,PRCP,0,,,N,0700
US1TXBEE018,20220320,PRCP,0,,,N,0700
US1TXBEE018,20220321,PRCP,0,T,,N,0700
US1TXBEE018,20220322,PRCP,117,,,N,0700
US1TXBEE018,20220323,PRCP,0,,,N,0730
US1TXBEE018,20220324,PRCP,0,,,N,0730
US1TXBEE018,20220325,PRCP,0,,,N,0730
US1TXBEE018,20220326,PRCP,0,,,N,0730
US1TXBEE018,20220327,PRCP,0,T,,N,0730
US1TXBEE018,20220328,PRCP,0,,,N,0730
US1TXBEE018,20220329,PRCP,0,,,N,0730
US1TXBEE018,20220330,PRCP,8,,,N,0800
US1TXBEE018,20220331,PRCP,0,,,N,0800
US1TXBEE018,20220301,SNOW,0,,,N,0700
US1TXBEE018,20220302,SNOW,0,,,N,0700
US1TXBEE018,20220303,SNOW,0,,,N,0700
US1TXBEE018,20220304,SNOW,0,,,N,0700
US1TXBEE018,20220305,SNOW,0,,,N,0700
US1TXBEE018,20220306,SNOW,0,,,N,0700
US1TXBEE018,20220307,SNOW,0,,,N,0700
US1TXBEE018,20220309,SNOW,0,,,N,0700
US1TXBEE018,20220310,SNOW,0,,,N,0700
US1TXBEE018,20220311,SNOW,0,,,N,0700
US1TXBEE018,20220312,SNOW,0,,,N,0700
US1TXBEE018,20220313,SNOW,0,,,N,0700
US1TXBEE018,20220314,SNOW,0,,,N,0700
US1TXBEE018,20220315,SNOW,0,,,N,0700
US1TXBEE018,20220316,SNOW,0,,,N,0700
US1TXBEE018,20220317,SNOW,0,,,N,0700
US1TXBEE018,20220318,SNOW,0,,,N,0700
US1TXBEE018,20220320,SNOW,0,,,N,0700
US1TXBEE018,20220321,SNOW,0,,,N,0700
US1TXBEE018,20220323,SNOW,0,,,N,0730
US1TXBEE018,20220324,SNOW,0,,,N,0730
US1TXBEE018,20220325,SNOW,0,,,N,0730
US1TXBEE018,20220326,SNOW,0,,,N,0730
US1TXBEE018,20220328,SNOW,0,,,N,0730
US1TXBEE018,20220329,SNOW,0,,,N,0730
US1TXBEE018,20220331,SNOW,0,,,N,0800
US1TXBEE018,20220401,PRCP,0,,,N,0730
US1TXBEE018,20220402,PRCP,0,,,N,0730
US1TXBEE018,20220411,PRCP,0,,,N,0730
US1TXBEE018,20220412,PRCP,0,,,N,0730
US1TXBEE018,20220413,PRCP,0,,,N,0730
US1TXBEE018,20220414,PRCP,0,,,N,0730
US1TXBEE018,20220415,PRCP,5,,,N,0730
US1TXBEE018,20220416,PRCP,0,,,N,0730
US1TXBEE018,20220417,PRCP,0,,,N,0730
US1TXBEE018,20220418,PRCP,0,,,N,0730
US1TXBEE018,20220419,PRCP,0,,,N,0730
US1TXBEE018,20220420,PRCP,5,,,N,0730
US1TXBEE018,20220421,PRCP,0,,,N,0730
US1TXBEE018,20220422,PRCP,0,,,N,0730
US1TXBEE018,20220423,PRCP,0,,,N,0720
US1TXBEE018,20220424,PRCP,0,,,N,0730
US1TXBEE018,20220425,PRCP,0,,,N,0730
US1TXBEE018,20220426,PRCP,61,,,N,0730
US1TXBEE018,20220427,PRCP,0,T,,N,0730
US1TXBEE018,20220428,PRCP,0,,,N,0730
US1TXBEE018,20220429,PRCP,0,,,N,0730
US1TXBEE018,20220430,PRCP,0,,,N,0730
US1TXBEE018,20220401,SNOW,0,,,N,0730
US1TXBEE018,20220402,SNOW,0,,,N,0730
US1TXBEE018,20220411,SNOW,0,,,N,0730
US1TXBEE018,20220412,SNOW,0,,,N,0730
US1TXBEE018,20220413,SNOW,0,,,N,0730
US1TXBEE018,20220414,SNOW,0,,,N,0730
US1TXBEE018,20220416,SNOW,0,,,N,0730
US1TXBEE018,20220417,SNOW,0,,,N,0730
US1TXBEE018,20220418,SNOW,0,,,N,0730
US1TXBEE018,20220419,SNOW,0,,,N,0730
US1TXBEE018,20220421,SNOW,0,,,N,0730
US1TXBEE018,20220422,SNOW,0,,,N,0730
US1TXBEE018,20220423,SNOW,0,,,N,0720
US1TXBEE018,20220424,SNOW,0,,,N,0730
US1TXBEE018,20220425,SNOW,0,,,N,0730
US1TXBEE018,20220428,SNOW,0,,,N,0730
US1TXBEE018,20220429,SNOW,0,,,N,0730
US1TXBEE018,20220430,SNOW,0,,,N,0730
US1TXBEE018,20220409,DAPR,7,,,N,0730
US1TXBEE018,20220409,MDPR,0,,,N,0730
US1TXBEE018,20220501,PRCP,0,,,N,0730
US1TXBEE018,20220502,PRCP,0,T,,N,0730
US1TXBEE018,20220503,PRCP,0,,,N,0730
US1TXBEE018,20220504,PRCP,0,,,N,0730
US1TXBEE018,20220505,PRCP,0,,,N,0730
US1TXBEE018,20220506,PRCP,0,,,N,0730
US1TXBEE018,20220507,PRCP,0,,,N,0730
US1TXBEE018,20220508,PRCP,0,,,N,0730
US1TXBEE018,20220509,PRCP,0,,,N,0730
US1TXBEE018,20220510,PRCP,0,,,N,0730
US1TXBEE018,20220511,PRCP,0,,,N,0730
US1TXBEE018,20220512,PRCP,0,,,N,0730
US1TXBEE018,20220513,PRCP,0,,,N,0730
US1TXBEE018,20220514,PRCP,0,,,N,0730
US1TXBEE018,20220516,PRCP,0,,,N,0730
US1TXBEE018,20220517,PRCP,0,,,N,0730
US1TXBEE018,20220518,PRCP,0,,,N,0730
US1TXBEE018,20220519,PRCP,0,,,N,0730
US1TXBEE018,20220522,PRCP,284,,,N,0730
US1TXBEE018,20220523,PRCP,15,,,N,0730
US1TXBEE018,20220524,PRCP,8,,,N,0730
US1TXBEE018,20220525,PRCP,58,,,N,0730
US1TXBEE018,20220526,PRCP,0,T,,N,0730
US1TXBEE018,20220527,PRCP,0,T,,N,0730
US1TXBEE018,20220528,PRCP,0,,,N,0730
US1TXBEE018,20220529,PRCP,0,,,N,0730
US1TXBEE018,20220530,PRCP,0,,,N,0730
US1TXBEE018,20220501,SNOW,0,,,N,0730
US1TXBEE018,20220503,SNOW,0,,,N,0730
US1TXBEE018,20220504,SNOW,0,,,N,0730
US1TXBEE018,20220505,SNOW,0,,,N,0730
US1TXBEE018,20220506,SNOW,0,,,N,0730
US1TXBEE018,20220507,SNOW,0,,,N,0730
US1TXBEE018,20220508,SNOW,0,,,N,0730
US1TXBEE018,20220509,SNOW,0,,,N,0730
US1TXBEE018,20220510,SNOW,0,,,N,0730
US1TXBEE018,20220511,SNOW,0,,,N,0730
US1TXBEE018,20220512,SNOW,0,,,N,0730
US1TXBEE018,20220513,SNOW,0,,,N,0730
US1TXBEE018,20220514,SNOW,0,,,N,0730
US1TXBEE018,20220516,SNOW,0,,,N,0730
US1TXBEE018,20220517,SNOW,0,,,N,0730
US1TXBEE018,20220518,SNOW,0,,,N,0730
US1TXBEE018,20220519,SNOW,0,,,N,0730
US1TXBEE018,20220528,SNOW,0,,,N,0730
US1TXBEE018,20220529,SNOW,0,,,N,0730
US1TXBEE018,20220530,SNOW,0,,,N,0730
US1TXBEE018,20220601,PRCP,0,T,,N,0730
US1TXBEE018,20220602,PRCP,0,,,N,0730
US1TXBEE018,20220606,PRCP,0,,,N,0730
US1TXBEE018,20220607,PRCP,0,,,N,0730
US1TXBEE018,20220608,PRCP,0,,,N,0730
US1TXBEE018,20220610,PRCP,0,,,N,0730
US1TXBEE018,20220612,PRCP,0,,,N,0730
US1TXBEE018,20220613,PRCP,0,,,N,0730
US1TXBEE018,20220614,PRCP,0,,,N,0730
US1TXBEE018,20220615,PRCP,0,,,N,0730
US1TXBEE018,20220618,PRCP,0,,,N,0730
US1TXBEE018,20220620,PRCP,0,,,N,0730
US1TXBEE018,20220622,PRCP,0,,,N,0730
US1TXBEE018,20220623,PRCP,0,,,N,0730
US1TXBEE018,20220624,PRCP,0,,,N,0730
US1TXBEE018,20220625,PRCP,0,,,N,0730
US1TXBEE018,20220628,PRCP,155,,,N,0700
US1TXBEE018,20220629,PRCP,262,,,N,0700
US1TXBEE018,20220630,PRCP,0,,,N,0700
US1TXBEE018,20220602,SNOW,0,,,N,0730
US1TXBEE018,20220606,SNOW,0,,,N,0730
US1TXBEE018,20220607,SNOW,0,,,N,0730
US1TXBEE018,20220608,SNOW,0,,,N,0730
US1TXBEE018,20220610,SNOW,0,,,N,0730
US1TXBEE018,20220612,SNOW,0,,,N,0730
US1TXBEE018,20220613,SNOW,0,,,N,0730
US1TXBEE018,20220614,SNOW,0,,,N,0730
US1TXBEE018,20220615,SNOW,0,,,N,0730
US1TXBEE018,20220618,SNOW,0,,,N,0730
US1TXBEE018,20220620,SNOW,0,,,N,0730
US1TXBEE018,20220622,SNOW,0,,,N,0730
US1TXBEE018,20220623,SNOW,0,,,N,0730
US1TXBEE018,20220624,SNOW,0,,,N,0730
US1TXBEE018,20220625,SNOW,0,,,N,0730
US1TXBEE018,20220630,SNOW,0,,,N,0700
US1TXBEE018,20220701,PRCP,0,,,N,0700
US1TXBEE018,20220702,PRCP,0,,,N,0700
US1TXBEE018,20220703,PRCP,0,,,N,0700
US1TXBEE018,20220704,PRCP,0,,,N,0700
US1TXBEE018,20220705,PRCP,0,,,N,0700
US1TXBEE018,20220706,PRCP,0,,,N,0700
US1TXBEE018,20220707,PRCP,0,,,N,0700
US1TXBEE018,20220708,PRCP,0,,,N,0700
US1TXBEE018,20220709,PRCP,0,,,N,0700
US1TXBEE018,20220710,PRCP,0,,,N,0700
US1TXBEE018,20220715,PRCP,0,,,N,0700
US1TXBEE018,20220716,PRCP,213,,,N,0700
US1TXBEE018,20220717,PRCP,0,,,N,0700
US1TXBEE018,20220718,PRCP,0,,,N,0700
US1TXBEE018,20220719,PRCP,0,,,N,0700
US1TXBEE018,20220720,PRCP,0,,,N,0700
US1TXBEE018,20220721,PRCP,0,,,N,0700
US1TXBEE018,20220722,PRCP,0,,,N,0700
US1TXBEE018,20220724,PRCP,0,,,N,0700
US1TXBEE018,20220725,PRCP,0,,,N,0700
US1TXBEE018,20220726,PRCP,0,,,N,0700
US1TXBEE018,20220727,PRCP,0,,,N,0700
US1TXBEE018,20220728,PRCP,0,,,N,0700
US1TXBEE018,20220729,PRCP,0,,,N,0700
US1TXBEE018,20220730,PRCP,0,,,N,0700
US1TXBEE018,20220731,PRCP,0,,,N,0700
US1TXBEE018,20220701,SNOW,0,,,N,0700
US1TXBEE018,20220702,SNOW,0,,,N,0700
US1TXBEE018,20220703,SNOW,0,,,N,0700
US1TXBEE018,20220704,SNOW,0,,,N,0700
US1TXBEE018,20220705,SNOW,0,,,N,0700
US1TXBEE018,20220706,SNOW,0,,,N,0700
US1TXBEE018,20220707,SNOW,0,,,N,0700
US1TXBEE018,20220708,SNOW,0,,,N,0700
US1TXBEE018,20220709,SNOW,0,,,N,0700
US1TXBEE018,20220710,SNOW,0,,,N,0700
US1TXBEE018,20220715,SNOW,0,,,N,0700
US1TXBEE018,20220717,SNOW,0,,,N,0700
US1TXBEE018,20220718,SNOW,0,,,N,0700
US1TXBEE018,20220719,SNOW,0,,,N,0700
US1TXBEE018,20220720,SNOW,0,,,N,0700
US1TXBEE018,20220721,SNOW,0,,,N,0700
US1TXBEE018,20220722,SNOW,0,,,N,0700
US1TXBEE018,20220724,SNOW,0,,,N,0700
US1TXBEE018,20220725,SNOW,0,,,N,0700
US1TXBEE018,20220726,SNOW,0,,,N,0700
US1TXBEE018,20220727,SNOW,0,,,N,0700
US1TXBEE018,20220728,SNOW,0,,,N,0700
US1TXBEE018,20220729,SNOW,0,,,N,0700
US1TXBEE018,20220730,SNOW,0,,,N,0700
US1TXBEE018,20220731,SNOW,0,,,N,0700
US1TXBEE018,20220801,PRCP,0,,,N,0700
US1TXBEE018,20220802,PRCP,0,,,N,0700
US1TXBEE018,20220803,PRCP,0,,,N,0700
US1TXBEE018,20220804,PRCP,0,,,N,0700
US1TXBEE018,20220805,PRCP,0,,,N,0700
US1TXBEE018,20220806,PRCP,0,,,N,0700
US1TXBEE018,20220807,PRCP,320,,,N,0700
US1TXBEE018,20220808,PRCP,0,,,N,0700
US1TXBEE018,20220809,PRCP,0,,,N,0700
US1TXBEE018,20220810,PRCP,0,,,N,0700
US1TXBEE018,20220811,PRCP,0,,,N,0700
US1TXBEE018,20220812,PRCP,71,,,N,0700
US1TXBEE018,20220813,PRCP,41,,,N,0700
US1TXBEE018,20220814,PRCP,5,,,N,0700
US1TXBEE018,20220815,PRCP,843,,,N,0700
US1TXBEE018,20220816,PRCP,3,,,N,0700
US1TXBEE018,20220817,PRCP,0,,,N,0700
US1TXBEE018,20220818,PRCP,0,,,N,0700
US1TXBEE018,20220819,PRCP,0,,,N,0700
US1TXBEE018,20220820,PRCP,0,,,N,0700
US1TXBEE018,20220821,PRCP,0,,,N,0700
US1TXBEE018,20220822,PRCP,10,,,N,0700
US1TXBEE018,20220823,PRCP,889,,,N,0700
US1TXBEE018,20220824,PRCP,3,,,N,0700
US1TXBEE018,20220825,PRCP,320,,,N,0700
US1TXBEE018,20220826,PRCP,241,,,N,0700
US1TXBEE018,20220827,PRCP,0,,,N,0700
US1TXBEE018,20220829,PRCP,0,,,N,0700
US1TXBEE018,20220830,PRCP,8,,,N,0700
US1TXBEE018,20220831,PRCP,33,,,N,0700
US1TXBEE018,20220801,SNOW,0,,,N,0700
US1TXBEE018,20220802,SNOW,0,,,N,0700
US1TXBEE018,20220803,SNOW,0,,,N,0700
US1TXBEE018,20220804,SNOW,0,,,N,0700
US1TXBEE018,20220805,SNOW,0,,,N,0700
US1TXBEE018,20220806,SNOW,0,,,N,0700
US1TXBEE018,20220808,SNOW,0,,,N,0700
US1TXBEE018,20220809,SNOW,0,,,N,0700
US1TXBEE018,20220810,SNOW,0,,,N,0700
US1TXBEE018,20220811,SNOW,0,,,N,0700
US1TXBEE018,20220817,SNOW,0,,,N,0700
US1TXBEE018,20220818,SNOW,0,,,N,0700
US1TXBEE018,20220819,SNOW,0,,,N,0700
US1TXBEE018,20220820,SNOW,0,,,N,0700
US1TXBEE018,20220821,SNOW,0,,,N,0700
US1TXBEE018,20220827,SNOW,0,,,N,0700
US1TXBEE018,20220829,SNOW,0,,,N,0700
US1TXBEE018,20220901,PRCP,163,,,N,0700
US1TXBEE018,20220902,PRCP,0,,,N,0700
US1TXBEE018,20220903,PRCP,109,,,N,0700
US1TXBEE018,20220904,PRCP,13,,,N,0700
US1TXBEE018,20220905,PRCP,36,,,N,0700
US1TXBEE018,20220906,PRCP,3,,,N,0700
US1TXBEE018,20220907,PRCP,180,,,N,0700
US1TXBEE018,20220908,PRCP,0,,,N,0700
US1TXBEE018,20220910,PRCP,0,,,N,0700
US1TXBEE018,20220911,PRCP,0,,,N,0700
US1TXBEE018,20220912,PRCP,25,,,N,0700
US1TXBEE018,20220913,PRCP,0,,,N,0700
US1TXBEE018,20220914,PRCP,0,,,N,0700
US1TXBEE018,20220915,PRCP,0,,,N,0700
US1TXBEE018,20220916,PRCP,0,,,N,0700
US1TXBEE018,20220918,PRCP,0,,,N,0700
US1TXBEE018,20220919,PRCP,0,,,N,0700
US1TXBEE018,20220920,PRCP,0,,,N,0700
US1TXBEE018,20220923,PRCP,0,,,N,0700
US1TXBEE018,20220925,PRCP,33,,,N,0700
US1TXBEE018,20220928,PRCP,0,,,N,0700
US1TXBEE018,20220902,SNOW,0,,,N,0700
US1TXBEE018,20220908,SNOW,0,,,N,0700
US1TXBEE018,20220910,SNOW,0,,,N,0700
US1TXBEE018,20220911,SNOW,0,,,N,0700
US1TXBEE018,20220913,SNOW,0,,,N,0700
US1TXBEE018,20220914,SNOW,0,,,N,0700
US1TXBEE018,20220915,SNOW,0,,,N,0700
US1TXBEE018,20220916,SNOW,0,,,N,0700
US1TXBEE018,20220918,SNOW,0,,,N,0700
US1TXBEE018,20220919,SNOW,0,,,N,0700
US1TXBEE018,20220920,SNOW,0,,,N,0700
US1TXBEE018,20220923,SNOW,0,,,N,0700
US1TXBEE018,20220928,SNOW,0,,,N,0700
US1TXBEE018,20221001,PRCP,0,,,N,0700
US1TXBEE018,20221002,PRCP,0,,,N,0700
US1TXBEE018,20221003,PRCP,0,,,N,0700
US1TXBEE018,20221005,PRCP,0,,,N,0700
US1TXBEE018,20221006,PRCP,0,,,N,0700
US1TXBEE018,20221007,PRCP,0,,,N,0700
US1TXBEE018,20221009,PRCP,0,,,N,0700
US1TXBEE018,20221010,PRCP,0,,,N,0700
US1TXBEE018,20221011,PRCP,0,,,N,0700
US1TXBEE018,20221013,PRCP,0,,,N,0700
US1TXBEE018,20221015,PRCP,0,,,N,0700
US1TXBEE018,20221019,PRCP,25,,,N,0700
US1TXBEE018,20221020,PRCP,0,,,N,0700
US1TXBEE018,20221022,PRCP,0,,,N,0700
US1TXBEE018,20221023,PRCP,0,,,N,0700
US1TXBEE018,20221024,PRCP,8,,,N,0700
US1TXBEE018,20221025,PRCP,41,,,N,0700
US1TXBEE018,20221026,PRCP,0,,,N,0700
US1TXBEE018,20221027,PRCP,0,,,N,0700
US1TXBEE018,20221028,PRCP,20,,,N,0700
US1TXBEE018,20221029,PRCP,5,,,N,0700
US1TXBEE018,20221030,PRCP,0,,,N,0700
US1TXBEE018,20221031,PRCP,0,,,N,0700
US1TXBEE018,20221001,SNOW,0,,,N,0700
US1TXBEE018,20221002,SNOW,0,,,N,0700
US1TXBEE018,20221003,SNOW,0,,,N,0700
US1TXBEE018,20221005,SNOW,0,,,N,0700
US1TXBEE018,20221006,SNOW,0,,,N,0700
US1TXBEE018,20221007,SNOW,0,,,N,0700
US1TXBEE018,20221009,SNOW,0,,,N,0700
US1TXBEE018,20221010,SNOW,0,,,N,0700
US1TXBEE018,20221011,SNOW,0,,,N,0700
US1TXBEE018,20221013,SNOW,0,,,N,0700
US1TXBEE018,20221015,SNOW,0,,,N,0700
US1TXBEE018,20221020,SNOW,0,,,N,0700
US1TXBEE018,20221022,SNOW,0,,,N,0700
US1TXBEE018,20221023,SNOW,0,,,N,0700
US1TXBEE018,20221026,SNOW,0,,,N,0700
US1TXBEE018,20221027,SNOW,0,,,N,0700
US1TXBEE018,20221030,SNOW,0,,,N,0700
US1TXBEE018,20221031,SNOW,0,,,N,0700
US1TXBEE018,20221018,DAPR,3,,,N,0700
US1TXBEE018,20221018,MDPR,20,,,N,0700
US1TXBEE018,20221101,PRCP,272,,,N,0700
US1TXBEE018,20221102,PRCP,318,,,N,0700
US1TXBEE018,20221103,PRCP,5,,,N,0700
US1TXBEE018,20221104,PRCP,0,,,N,0700
US1TXBEE018,20221105,PRCP,3,,,N,0700
US1TXBEE018,20221106,PRCP,0,,,N,0700
US1TXBEE018,20221107,PRCP,5,,,N,0700
US1TXBEE018,20221108,PRCP,5,,,N,0700
US1TXBEE018,20221109,PRCP,3,,,N,0700
US1TXBEE018,20221110,PRCP,3,,,N,0700
US1TXBEE018,20221111,PRCP,3,,,N,0700
US1TXBEE018,20221112,PRCP,53,,,N,0700
US1TXBEE018,20221114,PRCP,10,,,N,0700
US1TXBEE018,20221115,PRCP,41,,,N,0700
US1TXBEE018,20221117,PRCP,0,,,N,0700
US1TXBEE018,20221118,PRCP,3,,,N,0700
US1TXBEE018,20221119,PRCP,274,,,N,0700
US1TXBEE018,20221120,PRCP,64,,,N,0700
US1TXBEE018,20221121,PRCP,41,,,N,0700
US1TXBEE018,20221122,PRCP,64,,,N,0700
US1TXBEE018,20221123,PRCP,3,,,N,0700
US1TXBEE018,20221124,PRCP,20,,,N,0700
US1TXBEE018,20221125,PRCP,56,,,N,0700
US1TXBEE018,20221126,PRCP,142,,,N,0700
US1TXBEE018,20221127,PRCP,0,,,N,0700
US1TXBEE018,20221128,PRCP,3,,,N,0700
US1TXBEE018,20221130,PRCP,3,,,N,0700
US1TXBEE018,20221104,SNOW,0,,,N,0700
US1TXBEE018,20221106,SNOW,0,,,N,0700
US1TXBEE018,20221117,SNOW,0,,,N,0700
US1TXBEE018,20221127,SNOW,0,,,N,0700
US1TXBEE018,20221201,PRCP,0,,,N,0700
US1TXBEE018,20221202,PRCP,10,,,N,0700
US1TXBEE018,20221203,PRCP,5,,,N,0700
US1TXBEE018,20221204,PRCP,0,,,N,0700
US1TXBEE018,20221205,PRCP,3,,,N,0700
US1TXBEE018,20221207,PRCP,0,T,,N,0700
US1TXBEE018,20221208,PRCP,0,,,N,0700
US1TXBEE018,20221210,PRCP,0,,,N,0700
US1TXBEE018,20221211,PRCP,3,,,N,0700
US1TXBEE018,20221212,PRCP,0,,,N,0700
US1TXBEE018,20221213,PRCP,0,,,N,0700
US1TXBEE018,20221214,PRCP,0,,,N,0700
US1TXBEE018,20221215,PRCP,0,,,N,0700
US1TXBEE018,20221216,PRCP,0,,,N,0700
US1TXBEE018,20221217,PRCP,0,,,N,0700
US1TXBEE018,20221218,PRCP,0,,,N,0700
US1TXBEE018,20221219,PRCP,18,,,N,0700
US1TXBEE018,20221220,PRCP,18,,,N,0700
US1TXBEE018,20221221,PRCP,3,,,N,0700
US1TXBEE018,20221222,PRCP,0,,,N,0700
US1TXBEE018,20221224,PRCP,0,,,N,0700
US1TXBEE018,20221227,PRCP,0,,,N,0700
US1TXBEE018,20221229,PRCP,0,,,N,0700
US1TXBEE018,20221201,SNOW,0,,,N,0700
US1TXBEE018,20221204,SNOW,0,,,N,0700
US1TXBEE018,20221208,SNOW,0,,,N,0700
US1TXBEE018,20221210,SNOW,0,,,N,0700
US1TXBEE018,20221212,SNOW,0,,,N,0700
US1TXBEE018,20221213,SNOW,0,,,N,0700
US1TXBEE018,20221214,SNOW,0,,,N,0700
US1TXBEE018,20221215,SNOW,0,,,N,0700
US1TXBEE018,20221216,SNOW,0,,,N,0700
US1TXBEE018,20221217,SNOW,0,,,N,0700
US1TXBEE018,20221218,SNOW,0,,,N,0700
US1TXBEE018,20221222,SNOW,0,,,N,0700
US1TXBEE018,20221224,SNOW,0,,,N,0700
US1TXBEE018,20221227,SNOW,0,,,N,0700
US1TXBEE018,20221229,SNOW,0,,,N,0700
US1TXBEE018,20230101,PRCP,0,,,N,0700
US1TXBEE018,20230102,PRCP,0,,,N,0700
US1TXBEE018,20230103,PRCP,0,,,N,0700
US1TXBEE018,20230104,PRCP,0,,,N,0700
US1TXBEE018,20230117,PRCP,3,,,N,0700
US1TXBEE018,20230118,PRCP,0,,,N,0700
US1TXBEE018,20230119,PRCP,0,,,N,0700
US1TXBEE018,20230123,PRCP,0,,,N,0700
US1TXBEE018,20230124,PRCP,28,,,N,0700
US1TXBEE018,20230125,PRCP,99,,,N,0700
US1TXBEE018,20230128,PRCP,18,,,N,0700
US1TXBEE018,20230129,PRCP,15,,,N,0700
US1TXBEE018,20230130,PRCP,3,,,N,0700
US1TXBEE018,20230131,PRCP,5,,,N,0700
US1TXBEE018,20230101,SNOW,0,,,N,0700
US1TXBEE018,20230102,SNOW,0,,,N,0700
US1TXBEE018,20230103,SNOW,0,,,N,0700
US1TXBEE018,20230104,SNOW,0,,,N,0700
US1TXBEE018,20230118,SNOW,0,,,N,0700
US1TXBEE018,20230119,SNOW,0,,,N,0700
US1TXBEE018,20230123,SNOW,0,,,N,0700
US1TXBEE018,20230115,DAPR,11,,,N,0700
US1TXBEE018,20230122,DAPR,3,,,N,0700
US1TXBEE018,20230115,MDPR,8,,,N,0700
US1TXBEE018,20230122,MDPR,0,T,,N,0700
US1TXBEE018,20230201,PRCP,20,,,N,0700
US1TXBEE018,20230202,PRCP,46,,,N,0700
US1TXBEE018,20230203,PRCP,5,,,N,0700
US1TXBEE018,20230204,PRCP,0,,,N,0700
US1TXBEE018,20230205,PRCP,0,,,N,0700
US1TXBEE018,20230206,PRCP,0,,,N,0700
US1TXBEE018,20230207,PRCP,0,,,N,0700
US1TXBEE018,20230208,PRCP,0,T,,N,0700
US1TXBEE018,20230209,PRCP,3,,,N,0700
US1TXBEE018,20230210,PRCP,0,,,N,0700
US1TXBEE018,20230211,PRCP,0,,,N,0700
US1TXBEE018,20230212,PRCP,0,,,N,0700
US1TXBEE018,20230213,PRCP,0,,,N,0700
US1TXBEE018,20230216,PRCP,0,,,N,0700
US1TXBEE018,20230217,PRCP,0,,,N,0700
US1TXBEE018,20230219,PRCP,0,,,N,0700
US1TXBEE018,20230220,PRCP,0,,,N,0700
US1TXBEE018,20230221,PRCP,0,,,N,0700
US1TXBEE018,20230224,PRCP,0,,,N,0700
US1TXBEE018,20230225,PRCP,0,T,,N,0700
US1TXBEE018,20230226,PRCP,0,,,N,0700
US1TXBEE018,20230228,PRCP,0,,,N,0700
US1TXBEE018,20230204,SNOW,0,,,N,0700
US1TXBEE018,20230205,SNOW,0,,,N,0700
US1TXBEE018,20230206,SNOW,0,,,N,0700
US1TXBEE018,20230207,SNOW,0,,,N,0700
US1TXBEE018,20230210,SNOW,0,,,N,0700
US1TXBEE018,20230211,SNOW,0,,,N,0700
US1TXBEE018,20230212,SNOW,0,,,N,0700
US1TXBEE018,20230213,SNOW,0,,,N,0700
US1TXBEE018,20230216,SNOW,0,,,N,0700
US1TXBEE018,20230217,SNOW,0,,,N,0700
US1TXBEE018,20230219,SNOW,0,,,N,0700
US1TXBEE018,20230220,SNOW,0,,,N,0700
US1TXBEE018,20230221,SNOW,0,,,N,0700
US1TXBEE018,20230224,SNOW,0,,,N,0700
US1TXBEE018,20230226,SNOW,0,,,N,0700
US1TXBEE018,20230228,SNOW,0,,,N,0700
US1TXBEE018,20230303,PRCP,0,,,N,0700
US1TXBEE018,20230304,PRCP,0,,,N,0700
US1TXBEE018,20230305,PRCP,0,,,N,0700
US1TXBEE018,20230306,PRCP,0,,,N,0700
US1TXBEE018,20230307,PRCP,0,,,N,0700
US1TXBEE018,20230309,PRCP,0,,,N,0700
US1TXBEE018,20230310,PRCP,0,,,N,0700
US1TXBEE018,20230314,PRCP,0,,,N,0700
US1TXBEE018,20230330,PRCP,15,,,N,0700
US1TXBEE018,20230331,PRCP,10,,,N,0700
US1TXBEE018,20230303,SNOW,0,,,N,0700
US1TXBEE018,20230304,SNOW,0,,,N,0700
US1TXBEE018,20230305,SNOW,0,,,N,0700
US1TXBEE018,20230306,SNOW,0,,,N,0700
US1TXBEE018,20230307,SNOW,0,,,N,0700
US1TXBEE018,20230309,SNOW,0,,,N,0700
US1TXBEE018,20230310,SNOW,0,,,N,0700
US1TXBEE018,20230314,SNOW,0,,,N,0700
US1TXBEE018,20230329,DAPR,15,,,N,0700
US1TXBEE018,20230329,MDPR,246,,,N,0700
US1TXBEE018,20230402,PRCP,0,,,N,0700
US1TXBEE018,20230403,PRCP,0,,,N,0700
US1TXBEE018,20230405,PRCP,0,,,N,0700
US1TXBEE018,20230406,PRCP,66,,,N,0700
US1TXBEE018,20230407,PRCP,94,,,N,0700
US1TXBEE018,20230408,PRCP,371,,,N,0700
US1TXBEE018,20230409,PRCP,3,,,N,0700
US1TXBEE018,20230410,PRCP,0,,,N,0700
US1TXBEE018,20230412,PRCP,0,,,N,0700
US1TXBEE018,20230413,PRCP,0,,,N,0700
US1TXBEE018,20230417,PRCP,0,,,N,0700
US1TXBEE018,20230418,PRCP,0,,,N,0700
US1TXBEE018,20230419,PRCP,0,,,N,0700
US1TXBEE018,20230421,PRCP,15,,,N,0700
US1TXBEE018,20230423,PRCP,0,,,N,0700
US1TXBEE018,20230424,PRCP,447,,,N,0630
US1TXBEE018,20230425,PRCP,15,,,N,0700
US1TXBEE018,20230426,PRCP,5,,,N,0700
US1TXBEE018,20230427,PRCP,13,,,N,0700
US1TXBEE018,20230428,PRCP,5,,,N,0700
US1TXBEE018,20230429,PRCP,81,,,N,0700
US1TXBEE018,20230430,PRCP,3,,,N,0700
US1TXBEE018,20230402,SNOW,0,,,N,0700
US1TXBEE018,20230403,SNOW,0,,,N,0700
US1TXBEE018,20230405,SNOW,0,,,N,0700
US1TXBEE018,20230410,SNOW,0,,,N,0700
US1TXBEE018,20230412,SNOW,0,,,N,0700
US1TXBEE018,20230413,SNOW,0,,,N,0700
US1TXBEE018,20230417,SNOW,0,,,N,0700
US1TXBEE018,20230418,SNOW,0,,,N,0700
US1TXBEE018,20230419,SNOW,0,,,N,0700
US1TXBEE018,20230423,SNOW,0,,,N,0700
US1TXBEE018,20230501,PRCP,0,,,N,0700
US1TXBEE018,20230502,PRCP,0,,,N,0700
US1TXBEE018,20230503,PRCP,0,,,N,0700
US1TXBEE018,20230504,PRCP,0,,,N,0700
US1TXBEE018,20230506,PRCP,0,,,N,0700
US1TXBEE018,20230508,PRCP,3,,,N,0700
US1TXBEE018,20230509,PRCP,163,,,N,0700
US1TXBEE018,20230510,PRCP,28,,,N,0700
US1TXBEE018,20230512,PRCP,0,,,N,0700
US1TXBEE018,20230513,PRCP,229,,,N,0700
US1TXBEE018,20230515,PRCP,109,,,N,0700
US1TXBEE018,20230516,PRCP,79,,,N,0700
US1TXBEE018,20230517,PRCP,3,,,N,0700
US1TXBEE018,20230518,PRCP,0,,,N,0700
US1TXBEE018,20230519,PRCP,0,,,N,0700
US1TXBEE018,20230520,PRCP,0,,,N,0700
US1TXBEE018,20230521,PRCP,30,,,N,0700
US1TXBEE018,20230522,PRCP,3,,,N,0700
US1TXBEE018,20230523,PRCP,0,,,N,0700
US1TXBEE018,20230525,PRCP,0,,,N,0700
US1TXBEE018,20230526,PRCP,0,,,N,0700
US1TXBEE018,20230527,PRCP,0,,,N,0700
US1TXBEE018,20230528,PRCP,0,,,N,0700
US1TXBEE018,20230529,PRCP,0,,,N,0700
US1TXBEE018,20230530,PRCP,43,,,N,0700
US1TXBEE018,20230531,PRCP,0,,,N,0700
US1TXBEE018,20230501,SNOW,0,,,N,0700
US1TXBEE018,20230502,SNOW,0,,,N,0700
US1TXBEE018,20230503,SNOW,0,,,N,0700
US1TXBEE018,20230504,SNOW,0,,,N,0700
US1TXBEE018,20230506,SNOW,0,,,N,0700
US1TXBEE018,20230512,SNOW,0,,,N,0700
US1TXBEE018,20230518,SNOW,0,,,N,0700
US1TXBEE018,20230519,SNOW,0,,,N,0700
US1TXBEE018,20230520,SNOW,0,,,N,0700
US1TXBEE018,20230523,SNOW,0,,,N,0700
US1TXBEE018,20230525,SNOW,0,,,N,0700
US1TXBEE018,20230526,SNOW,0,,,N,0700
US1TXBEE018,20230527,SNOW,0,,,N,0700
US1TXBEE018,20230528,SNOW,0,,,N,0700
US1TXBEE018,20230529,SNOW,0,,,N,0700
US1TXBEE018,20230531,SNOW,0,,,N,0700
US1TXBEE018,20230601,PRCP,0,,,N,0700
US1TXBEE018,20230602,PRCP,0,,,N,0700
US1TXBEE018,20230603,PRCP,0,,,N,0700
US1TXBEE018,20230605,PRCP,10,,,N,0700
US1TXBEE018,20230606,PRCP,84,,,N,0700
US1TXBEE018,20230610,PRCP,0,,,N,0700
US1TXBEE018,20230611,PRCP,0,,,N,0700
US1TXBEE018,20230612,PRCP,0,,,N,0700
US1TXBEE018,20230613,PRCP,0,,,N,0700
US1TXBEE018,20230614,PRCP,0,,,N,0700
US1TXBEE018,20230615,PRCP,0,,,N,0700
US1TXBEE018,20230617,PRCP,0,,,N,0700
US1TXBEE018,20230619,PRCP,0,,,N,0700
US1TXBEE018,20230620,PRCP,0,,,N,0700
US1TXBEE018,20230621,PRCP,0,,,N,0700
US1TXBEE018,20230622,PRCP,23,,,N,0700
US1TXBEE018,20230624,PRCP,0,,,N,0700
US1TXBEE018,20230626,PRCP,0,,,N,0700
US1TXBEE018,20230628,PRCP,0,,,N,0700
US1TXBEE018,20230629,PRCP,0,,,N,0700
US1TXBEE018,20230601,SNOW,0,,,N,0700
US1TXBEE018,20230602,SNOW,0,,,N,0700
US1TXBEE018,20230603,SNOW,0,,,N,0700
US1TXBEE018,20230610,SNOW,0,,,N,0700
US1TXBEE018,20230611,SNOW,0,,,N,0700
US1TXBEE018,20230612,SNOW,0,,,N,0700
US1TXBEE018,20230613,SNOW,0,,,N,0700
US1TXBEE018,20230614,SNOW,0,,,N,0700
US1TXBEE018,20230615,SNOW,0,,,N,0700
US1TXBEE018,20230617,SNOW,0,,,N,0700
US1TXBEE018,20230619,SNOW,0,,,N,0700
US1TXBEE018,20230620,SNOW,0,,,N,0700
US1TXBEE018,20230621,SNOW,0,,,N,0700
US1TXBEE018,20230624,SNOW,0,,,N,0700
US1TXBEE018,20230626,SNOW,0,,,N,0700
US1TXBEE018,20230628,SNOW,0,,,N,0700
US1TXBEE018,20230629,SNOW,0,,,N,0700
US1TXBEE018,20230724,PRCP,38,,,N,0700
US1TXBEE018,20230725,PRCP,0,,,N,0700
US1TXBEE018,20230725,SNOW,0,,,N,0700
US1TXBEE018,20230823,PRCP,795,,,N,0700
US1TXBEE018,20230916,PRCP,826,,,N,0700
US1TXBEE018,20230926,PRCP,18,,,N,0700
US1TXBEE018,20231002,PRCP,18,,,N,0700
US1TXBEE018,20231006,PRCP,208,,,N,0700
US1TXBEE018,20231007,PRCP,0,,,N,0700
US1TXBEE018,20231010,PRCP,3,,,N,0700
US1TXBEE018,20231011,PRCP,71,,,N,0700
US1TXBEE018,20231012,PRCP,8,,,N,0700
US1TXBEE018,20231013,PRCP,0,,,N,0700
US1TXBEE018,20231024,PRCP,13,,,N,0700
US1TXBEE018,20231025,PRCP,10,,,N,0700
US1TXBEE018,20231026,PRCP,81,,,N,0700
US1TXBEE018,20231027,PRCP,3,,,N,0700
US1TXBEE018,20231028,PRCP,33,,,N,0700
US1TXBEE018,20231029,PRCP,0,T,,N,0700
US1TXBEE018,20231031,PRCP,13,,,N,0700
US1TXBEE018,20231007,SNOW,0,,,N,0700
US1TXBEE018,20231013,SNOW,0,,,N,0700
US1TXBEE018,20231101,PRCP,3,,,N,0700
US1TXBEE018,20231110,PRCP,569,,,N,0700
US1TXBEE018,20231111,PRCP,30,,,N,0700
US1TXBEE018,20231112,PRCP,114,,,N,0700
US1TXBEE018,20231113,PRCP,376,,,N,0700
US1TXBEE018,20231114,PRCP,23,,,N,0700
US1TXBEE018,20231115,PRCP,5,,,N,0700
US1TXBEE018,20231126,PRCP,0,T,,N,0700
US1TXBEE018,20231127,PRCP,5,,,N,0700
US1TXBEE018,20231128,PRCP,0,,,N,0700
US1TXBEE018,20231129,PRCP,0,,,N,0700
US1TXBEE018,20231130,PRCP,36,,,N,0700
US1TXBEE018,20231128,SNOW,0,,,N,0700
US1TXBEE018,20231129,SNOW,0,,,N,0700
US1TXBEE018,20231125,SNWD,0,,,N,0700
US1TXBEE018,20231125,DAPR,10,,,N,0700
US1TXBEE018,20231125,MDPR,10,,,N,0700
US1TXBEE018,20231204,PRCP,0,,,N,0700
US1TXBEE018,20231205,PRCP,0,,,N,0700
US1TXBEE018,20231206,PRCP,0,,,N,0700
US1TXBEE018,20231208,PRCP,0,,,N,0700
US1TXBEE018,20231209,PRCP,0,,,N,0700
US1TXBEE018,20231210,PRCP,0,,,N,0700
US1TXBEE018,20231211,PRCP,0,,,N,0700
US1TXBEE018,20231212,PRCP,0,,,N,0700
US1TXBEE018,20231213,PRCP,0,,,N,0700
US1TXBEE018,20231214,PRCP,10,,,N,0700
US1TXBEE018,20231215,PRCP,3,,,N,0700
US1TXBEE018,20231216,PRCP,23,,,N,0700
US1TXBEE018,20231217,PRCP,3,,,N,0700
US1TXBEE018,20231218,PRCP,0,,,N,0700
US1TXBEE018,20231222,PRCP,8,,,N,0700
US1TXBEE018,20231223,PRCP,13,,,N,0700
US1TXBEE018,20231224,PRCP,10,,,N,0700
US1TXBEE018,20231225,PRCP,3,,,N,0700
US1TXBEE018,20231226,PRCP,0,,,N,0700
US1TXBEE018,20231227,PRCP,0,,,N,0700
US1TXBEE018,20231228,PRCP,0,,,N,0700
US1TXBEE018,20231229,PRCP,0,,,N,0700
US1TXBEE018,20231230,PRCP,0,,,N,0700
US1TXBEE018,20231231,PRCP,0,,,N,0700
US1TXBEE018,20231204,SNOW,0,,,N,0700
US1TXBEE018,20231205,SNOW,0,,,N,0700
US1TXBEE018,20231206,SNOW,0,,,N,0700
US1TXBEE018,20231208,SNOW,0,,,N,0700
US1TXBEE018,20231209,SNOW,0,,,N,0700
US1TXBEE018,20231210,SNOW,0,,,N,0700
US1TXBEE018,20231211,SNOW,0,,,N,0700
US1TXBEE018,20231212,SNOW,0,,,N,0700
US1TXBEE018,20231213,SNOW,0,,,N,0700
US1TXBEE018,20231218,SNOW,0,,,N,0700
US1TXBEE018,20231226,SNOW,0,,,N,0700
US1TXBEE018,20231227,SNOW,0,,,N,0700
US1TXBEE018,20231228,SNOW,0,,,N,0700
US1TXBEE018,20231229,SNOW,0,,,N,0700
US1TXBEE018,20231230,SNOW,0,,,N,0700
US1TXBEE018,20231231,SNOW,0,,,N,0700
US1TXBEE018,20231203,SNWD,0,,,N,0700
US1TXBEE018,20231203,DAPR,3,,,N,0700
US1TXBEE018,20231203,MDPR,10,,,N,0700
US1TXBEE018,20231203,WESD,0,,,N,0700
US1TXBEE018,20240101,PRCP,0,,,N,0700
US1TXBEE018,20240102,PRCP,0,T,,N,0700
US1TXBEE018,20240103,PRCP,8,,,N,0700
US1TXBEE018,20240104,PRCP,0,,,N,0700
US1TXBEE018,20240105,PRCP,152,,,N,0700
US1TXBEE018,20240122,PRCP,914,,,N,0700
US1TXBEE018,20240124,PRCP,99,,,N,0700
US1TXBEE018,20240125,PRCP,132,,,N,0700
US1TXBEE018,20240126,PRCP,3,,,N,0700
US1TXBEE018,20240127,PRCP,3,,,N,0700
US1TXBEE018,20240101,SNOW,0,,,N,0700
US1TXBEE018,20240104,SNOW,0,,,N,0700
US1TXBEE018,20240202,PRCP,0,,,N,0700
US1TXBEE018,20240203,PRCP,320,,,N,0700
US1TXBEE018,20240210,PRCP,5,,,N,0700
US1TXBEE018,20240214,PRCP,0,,,N,0700
US1TXBEE018,20240215,PRCP,0,,,N,0700
US1TXBEE018,20240216,PRCP,30,,,N,0700
US1TXBEE018,20240217,PRCP,122,,,N,0700
US1TXBEE018,20240218,PRCP,3,,,N,0700
US1TXBEE018,20240219,PRCP,0,,,N,0800
US1TXBEE018,20240220,PRCP,0,,,N,0700
US1TXBEE018,20240202,SNOW,0,,,N,0700
US1TXBEE018,20240214,SNOW,0,,,N,0700
US1TXBEE018,20240215,SNOW,0,,,N,0700
US1TXBEE018,20240219,SNOW,0,,,N,0800
US1TXBEE018,20240220,SNOW,0,,,N,0700
US1TXBEE018,20240309,PRCP,0,,,N,0730
US1TXBEE018,20240309,SNOW,0,,,N,0730
US1TXBEE018,20240402,PRCP,0,,,N,0800
US1TXBEE018,20240403,PRCP,0,,,N,0800
US1TXBEE018,20240404,PRCP,0,,,N,0700
US1TXBEE018,20240405,PRCP,0,,,N,0700
US1TXBEE018,20240406,PRCP,0,,,N,0700
US1TXBEE018,20240407,PRCP,0,,,N,0800
US1TXBEE018,20240408,PRCP,0,,,N,0700
US1TXBEE018,20240410,PRCP,94,,,N,0700
US1TXBEE018,20240411,PRCP,0,,,N,0700
US1TXBEE018,20240412,PRCP,0,,,N,0700
US1TXBEE018,20240415,PRCP,0,,,N,0800
US1TXBEE018,20240418,PRCP,0,,,N,0700
US1TXBEE018,20240419,PRCP,0,,,N,0700
US1TXBEE018,20240420,PRCP,0,,,N,0800
US1TXBEE018,20240421,PRCP,0,,,N,0800
US1TXBEE018,20240422,PRCP,0,,,N,0700
US1TXBEE018,20240423,PRCP,0,,,N,0700
US1TXBEE018,20240424,PRCP,0,,,N,0700
US1TXBEE018,20240425,PRCP,0,,,N,0700
US1TXBEE018,20240426,PRCP,3,,,N,0700
US1TXBEE018,20240427,PRCP,0,,,N,0700
US1TXBEE018,20240428,PRCP,0,,,N,0800
US1TXBEE018,20240429,PRCP,20,,,N,0700
US1TXBEE018,20240430,PRCP,0,,,N,0700
US1TXBEE018,20240402,SNOW,0,,,N,0800
US1TXBEE018,20240403,SNOW,0,,,N,0800
US1TXBEE018,20240404,SNOW,0,,,N,0700
US1TXBEE018,20240405,SNOW,0,,,N,0700
US1TXBEE018,20240406,SNOW,0,,,N,0700
US1TXBEE018,20240407,SNOW,0,,,N,0800
US1TXBEE018,20240408,SNOW,0,,,N,0700
US1TXBEE018,20240411,SNOW,0,,,N,0700
US1TXBEE018,20240412,SNOW,0,,,N,0700
US1TXBEE018,20240415,SNOW,0,,,N,0800
US1TXBEE018,20240418,SNOW,0,,,N,0700
US1TXBEE018,20240419,SNOW,0,,,N,0700
US1TXBEE018,20240420,SNOW,0,,,N,0800
US1TXBEE018,20240421,SNOW,0,,,N,0800
US1TXBEE018,20240422,SNOW,0,,,N,0700
US1TXBEE018,20240423,SNOW,0,,,N,0700
US1TXBEE018,20240424,SNOW,0,,,N,0700
US1TXBEE018,20240425,SNOW,0,,,N,0700
US1TXBEE018,20240427,SNOW,0,,,N,0700
US1TXBEE018,20240428,SNOW,0,,,N,0800
US1TXBEE018,20240430,SNOW,0,,,N,0700
US1TXBEE018,20240401,DAPR,23,,,N,0700
US1TXBEE018,20240401,MDPR,135,,,N,0700
US1TXBEE018,20240501,PRCP,5,,,N,0700
US1TXBEE018,20240502,PRCP,3,,,N,0700
US1TXBEE018,20240503,PRCP,15,,,N,0700
US1TXBEE018,20240504,PRCP,3,,,N,0700
US1TXBEE018,20240505,PRCP,0,,,N,0700
US1TXBEE018,20240506,PRCP,3,,,N,0700
US1TXBEE018,20240507,PRCP,0,,,N,0700
US1TXBEE018,20240509,PRCP,0,,,N,0700
US1TXBEE018,20240510,PRCP,0,,,N,0700
US1TXBEE018,20240511,PRCP,0,,,N,0700
US1TXBEE018,20240512,PRCP,0,,,N,0700
US1TXBEE018,20240513,PRCP,0,,,N,0700
US1TXBEE018,20240514,PRCP,282,,,N,0700
US1TXBEE018,20240515,PRCP,3,,,N,0700
US1TXBEE018,20240516,PRCP,0,,,N,0700
US1TXBEE018,20240517,PRCP,5,,,N,0700
US1TXBEE018,20240518,PRCP,152,,,N,0700
US1TXBEE018,20240520,PRCP,0,,,N,0700
US1TXBEE018,20240522,PRCP,0,,,N,0700
US1TXBEE018,20240523,PRCP,0,,,N,0700
US1TXBEE018,20240525,PRCP,0,,,N,0700
US1TXBEE018,20240505,SNOW,0,,,N,0700
US1TXBEE018,20240507,SNOW,0,,,N,0700
US1TXBEE018,20240509,SNOW,0,,,N,0700
US1TXBEE018,20240510,SNOW,0,,,N,0700
US1TXBEE018,20240511,SNOW,0,,,N,0700
US1TXBEE018,20240512,SNOW,0,,,N,0700
US1TXBEE018,20240513,SNOW,0,,,N,0700
US1TXBEE018,20240516,SNOW,0,,,N,0700
US1TXBEE018,20240520,SNOW,0,,,N,0700
US1TXBEE018,20240522,SNOW,0,,,N,0700
US1TXBEE018,20240523,SNOW,0,,,N,0700
US1TXBEE018,20240525,SNOW,0,,,N,0700
US1TXBEE018,20240602,PRCP,0,,,N,0700
US1TXBEE018,20240603,PRCP,0,,,N,0700
US1TXBEE018,20240605,PRCP,0,,,N,0700
US1TXBEE018,20240606,PRCP,0,,,N,0700
US1TXBEE018,20240607,PRCP,0,,,N,0700
US1TXBEE018,20240609,PRCP,0,,,N,0700
US1TXBEE018,20240610,PRCP,0,,,N,0700
US1TXBEE018,20240611,PRCP,10,,,N,0700
US1TXBEE018,20240612,PRCP,0,,,N,0700
US1TXBEE018,20240613,PRCP,0,,,N,0700
US1TXBEE018,20240614,PRCP,0,,,N,0700
US1TXBEE018,20240615,PRCP,0,,,N,0700
US1TXBEE018,20240616,PRCP,0,,,N,0700
US1TXBEE018,20240617,PRCP,0,,,N,0700
US1TXBEE018,20240618,PRCP,0,,,N,0700
US1TXBEE018,20240619,PRCP,8,,,N,0700
US1TXBEE018,20240620,PRCP,1168,,,N,0700
US1TXBEE018,20240621,PRCP,33,,,N,0700
US1TXBEE018,20240622,PRCP,0,,,N,0700
US1TXBEE018,20240623,PRCP,0,,,N,0700
US1TXBEE018,20240624,PRCP,30,,,N,0700
US1TXBEE018,20240625,PRCP,25,,,N,0700
US1TXBEE018,20240626,PRCP,0,,,N,0700
US1TXBEE018,20240627,PRCP,0,,,N,0700
US1TXBEE018,20240628,PRCP,0,,,N,0700
US1TXBEE018,20240629,PRCP,71,,,N,0700
US1TXBEE018,20240630,PRCP,0,,,N,0700
US1TXBEE018,20240602,SNOW,0,,,N,0700
US1TXBEE018,20240603,SNOW,0,,,N,0700
US1TXBEE018,20240605,SNOW,0,,,N,0700
US1TXBEE018,20240606,SNOW,0,,,N,0700
US1TXBEE018,20240607,SNOW,0,,,N,0700
US1TXBEE018,20240609,SNOW,0,,,N,0700
US1TXBEE018,20240610,SNOW,0,,,N,0700
US1TXBEE018,20240612,SNOW,0,,,N,0700
US1TXBEE018,20240613,SNOW,0,,,N,0700
US1TXBEE018,20240614,SNOW,0,,,N,0700
US1TXBEE018,20240615,SNOW,0,,,N,0700
US1TXBEE018,20240616,SNOW,0,,,N,0700
US1TXBEE018,20240617,SNOW,0,,,N,0700
US1TXBEE018,20240618,SNOW,0,,,N,0700
US1TXBEE018,20240622,SNOW,0,,,N,0700
US1TXBEE018,20240623,SNOW,0,,,N,0700
US1TXBEE018,20240626,SNOW,0,,,N,0700
US1TXBEE018,20240627,SNOW,0,,,N,0700
US1TXBEE018,20240628,SNOW,0,,,N,0700
US1TXBEE018,20240630,SNOW,0,,,N,0700
US1TXBEE018,20240601,DAPR,7,,,N,0700
US1TXBEE018,20240601,MDPR,48,,,N,0700
US1TXBEE018,20240701,PRCP,0,,,N,0700
US1TXBEE018,20240702,PRCP,0,,,N,0700
US1TXBEE018,20240703,PRCP,0,,,N,0700
US1TXBEE018,20240704,PRCP,0,,,N,0700
US1TXBEE018,20240705,PRCP,0,,,N,0700
US1TXBEE018,20240707,PRCP,0,,,N,0700
US1TXBEE018,20240708,PRCP,5,,,N,0700
US1TXBEE018,20240709,PRCP,0,,,N,0800
US1TXBEE018,20240710,PRCP,0,,,N,0700
US1TXBEE018,20240711,PRCP,61,,,N,0700
US1TXBEE018,20240712,PRCP,36,,,N,0700
US1TXBEE018,20240713,PRCP,160,,,N,0700
US1TXBEE018,20240714,PRCP,3,,,N,0800
US1TXBEE018,20240715,PRCP,0,,,N,0700
US1TXBEE018,20240716,PRCP,0,,,N,0700
US1TXBEE018,20240717,PRCP,0,,,N,0700
US1TXBEE018,20240718,PRCP,0,,,N,0700
US1TXBEE018,20240719,PRCP,0,,,N,0700
US1TXBEE018,20240720,PRCP,0,,,N,0700
US1TXBEE018,20240721,PRCP,422,,,N,0700
US1TXBEE018,20240722,PRCP,3,,,N,0700
US1TXBEE018,20240723,PRCP,5,,,N,0700
US1TXBEE018,20240724,PRCP,41,,,N,0700
US1TXBEE018,20240725,PRCP,175,,,N,0700
US1TXBEE018,20240726,PRCP,13,,,N,0700
US1TXBEE018,20240727,PRCP,135,,,N,0700
US1TXBEE018,20240728,PRCP,84,,,N,0700
US1TXBEE018,20240729,PRCP,345,,,N,0700
US1TXBEE018,20240730,PRCP,3,,,N,0700
US1TXBEE018,20240731,PRCP,0,,,N,0700
US1TXBEE018,20240701,SNOW,0,,,N,0700
US1TXBEE018,20240702,SNOW,0,,,N,0700
US1TXBEE018,20240703,SNOW,0,,,N,0700
US1TXBEE018,20240704,SNOW,0,,,N,0700
US1TXBEE018,20240705,SNOW,0,,,N,0700
US1TXBEE018,20240707,SNOW,0,,,N,0700
US1TXBEE018,20240709,SNOW,0,,,N,0800
US1TXBEE018,20240710,SNOW,0,,,N,0700
US1TXBEE018,20240715,SNOW,0,,,N,0700
US1TXBEE018,20240716,SNOW,0,,,N,0700
US1TXBEE018,20240717,SNOW,0,,,N,0700
US1TXBEE018,20240718,SNOW,0,,,N,0700
US1TXBEE018,20240719,SNOW,0,,,N,0700
US1TXBEE018,20240720,SNOW,0,,,N,0700
US1TXBEE018,20240731,SNOW,0,,,N,0700
US1TXBEE018,20240801,PRCP,0,,,N,0700
US1TXBEE018,20240802,PRCP,0,,,N,0700
US1TXBEE018,20240803,PRCP,0,,,N,0700
US1TXBEE018,20240804,PRCP,0,,,N,0700
US1TXBEE018,20240805,PRCP,36,,,N,0700
US1TXBEE018,20240806,PRCP,0,,,N,0800
US1TXBEE018,20240807,PRCP,0,,,N,0700
US1TXBEE018,20240808,PRCP,0,,,N,0700
US1TXBEE018,20240809,PRCP,0,,,N,0700
US1TXBEE018,20240810,PRCP,0,,,N,0700
US1TXBEE018,20240811,PRCP,0,,,N,0700
US1TXBEE018,20240820,PRCP,0,,,N,0700
US1TXBEE018,20240821,PRCP,0,,,N,0700
US1TXBEE018,20240823,PRCP,0,,,N,0700
US1TXBEE018,20240825,PRCP,33,,,N,0800
US1TXBEE018,20240826,PRCP,20,,,N,0700
US1TXBEE018,20240827,PRCP,3,,,N,0700
US1TXBEE018,20240828,PRCP,3,,,N,0700
US1TXBEE018,20240829,PRCP,180,,,N,0700
US1TXBEE018,20240830,PRCP,3,,,N,0700
US1TXBEE018,20240831,PRCP,0,,,N,0800
US1TXBEE018,20240801,SNOW,0,,,N,0700
US1TXBEE018,20240802,SNOW,0,,,N,0700
US1TXBEE018,20240803,SNOW,0,,,N,0700
US1TXBEE018,20240804,SNOW,0,,,N,0700
US1TXBEE018,20240806,SNOW,0,,,N,0800
US1TXBEE018,20240807,SNOW,0,,,N,0700
US1TXBEE018,20240808,SNOW,0,,,N,0700
US1TXBEE018,20240809,SNOW,0,,,N,0700
US1TXBEE018,20240810,SNOW,0,,,N,0700
US1TXBEE018,20240811,SNOW,0,,,N,0700
US1TXBEE018,20240820,SNOW,0,,,N,0700
US1TXBEE018,20240821,SNOW,0,,,N,0700
US1TXBEE018,20240823,SNOW,0,,,N,0700
US1TXBEE018,20240831,SNOW,0,,,N,0800
US1TXBEE018,20240901,PRCP,0,,,N,0700
US1TXBEE018,20240902,PRCP,0,,,N,0700
US1TXBEE018,20240903,PRCP,5,,,N,0700
US1TXBEE018,20240904,PRCP,25,,,N,0700
US1TXBEE018,20240905,PRCP,18,,,N,0700
US1TXBEE018,20240906,PRCP,0,,,N,0700
US1TXBEE018,20240907,PRCP,0,,,N,0700
US1TXBEE018,20240908,PRCP,0,,,N,0700
US1TXBEE018,20240909,PRCP,0,,,N,0700
US1TXBEE018,20240910,PRCP,0,,,N,0700
US1TXBEE018,20240911,PRCP,0,T,,N,0800
US1TXBEE018,20240912,PRCP,0,,,N,0700
US1TXBEE018,20240913,PRCP,0,,,N,0800
US1TXBEE018,20240914,PRCP,0,,,N,0700
US1TXBEE018,20240918,PRCP,0,,,N,0700
US1TXBEE018,20240920,PRCP,94,,,N,0700
US1TXBEE018,20240921,PRCP,137,,,N,0700
US1TXBEE018,20240922,PRCP,3,,,N,0700
US1TXBEE018,20240923,PRCP,0,,,N,0700
US1TXBEE018,20240924,PRCP,0,,,N,0700
US1TXBEE018,20240926,PRCP,99,,,N,0700
US1TXBEE018,20240927,PRCP,0,,,N,0700
US1TXBEE018,20240929,PRCP,0,,,N,0700
US1TXBEE018,20240930,PRCP,0,,,N,0700
US1TXBEE018,20240901,SNOW,0,,,N,0700
US1TXBEE018,20240902,SNOW,0,,,N,0700
US1TXBEE018,20240906,SNOW,0,,,N,0700
US1TXBEE018,20240907,SNOW,0,,,N,0700
US1TXBEE018,20240908,SNOW,0,,,N,0700
US1TXBEE018,20240909,SNOW,0,,,N,0700
US1TXBEE018,20240910,SNOW,0,,,N,0700
US1TXBEE018,20240912,SNOW,0,,,N,0700
US1TXBEE018,20240913,SNOW,0,,,N,0800
US1TXBEE018,20240914,SNOW,0,,,N,0700
US1TXBEE018,20240918,SNOW,0,,,N,0700
US1TXBEE018,20240923,SNOW,0,,,N,0700
US1TXBEE018,20240924,SNOW,0,,,N,0700
US1TXBEE018,20240927,SNOW,0,,,N,0700
US1TXBEE018,20240929,SNOW,0,,,N,0700
US1TXBEE018,20240930,SNOW,0,,,N,0700
US1TXBEE018,20241001,PRCP,0,,,N,0700
US1TXBEE018,20241002,PRCP,0,,,N,0700
US1TXBEE018,20241004,PRCP,0,,,N,0700
US1TXBEE018,20241007,PRCP,0,,,N,0700
US1TXBEE018,20241008,PRCP,0,,,N,0700
US1TXBEE018,20241009,PRCP,0,,,N,0700
US1TXBEE018,20241012,PRCP,0,,,N,0700
US1TXBEE018,20241013,PRCP,0,,,N,0700
US1TXBEE018,20241014,PRCP,0,,,N,0700
US1TXBEE018,20241015,PRCP,0,,,N,0700
US1TXBEE018,20241016,PRCP,0,,,N,0700
US1TXBEE018,20241017,PRCP,0,,,N,0700
US1TXBEE018,20241018,PRCP,0,,,N,0700
US1TXBEE018,20241019,PRCP,0,,,N,0700
US1TXBEE018,20241022,PRCP,0,,,N,0700
US1TXBEE018,20241023,PRCP,0,,,N,0700
US1TXBEE018,20241024,PRCP,0,,,N,0700
US1TXBEE018,20241025,PRCP,0,,,N,0700
US1TXBEE018,20241027,PRCP,0,,,N,0700
US1TXBEE018,20241028,PRCP,0,,,N,0700
US1TXBEE018,20241029,PRCP,0,,,N,0700
US1TXBEE018,20241001,SNOW,0,,,N,0700
US1TXBEE018,20241002,SNOW,0,,,N,0700
US1TXBEE018,20241004,SNOW,0,,,N,0700
US1TXBEE018,20241007,SNOW,0,,,N,0700
US1TXBEE018,20241008,SNOW,0,,,N,0700
US1TXBEE018,20241009,SNOW,0,,,N,0700
US1TXBEE018,20241012,SNOW,0,,,N,0700
US1TXBEE018,20241013,SNOW,0,,,N,0700
US1TXBEE018,20241014,SNOW,0,,,N,0700
US1TXBEE018,20241015,SNOW,0,,,N,0700
US1TXBEE018,20241016,SNOW,0,,,N,0700
US1TXBEE018,20241017,SNOW,0,,,N,0700
US1TXBEE018,20241018,SNOW,0,,,N,0700
US1TXBEE018,20241019,SNOW,0,,,N,0700
US1TXBEE018,20241022,SNOW,0,,,N,0700
US1TXBEE018,20241023,SNOW,0,,,N,0700
US1TXBEE018,20241024,SNOW,0,,,N,0700
US1TXBEE018,20241025,SNOW,0,,,N,0700
US1TXBEE018,20241027,SNOW,0,,,N,0700
US1TXBEE018,20241028,SNOW,0,,,N,0700
US1TXBEE018,20241029,SNOW,0,,,N,0700
US1TXBEE018,20241006,SNWD,0,,,N,0700
US1TXBEE018,20241011,SNWD,0,,,N,0700
US1TXBEE018,20241006,DAPR,2,,,N,0700
US1TXBEE018,20241011,DAPR,2,,,N,0700
US1TXBEE018,20241006,MDPR,0,,,N,0700
US1TXBEE018,20241011,MDPR,0,,,N,0700
US1TXBEE018,20241011,WESD,0,,,N,0700
US1TXBEE018,20241101,PRCP,3,,,N,0700
US1TXBEE018,20241102,PRCP,5,,,N,0700
US1TXBEE018,20241103,PRCP,0,,,N,0800
US1TXBEE018,20241104,PRCP,0,,,N,0700
US1TXBEE018,20241105,PRCP,20,,,N,0700
US1TXBEE018,20241106,PRCP,3,,,N,0700
US1TXBEE018,20241107,PRCP,0,,,N,0700
US1TXBEE018,20241108,PRCP,0,,,N,0700
US1TXBEE018,20241109,PRCP,0,,,N,0700
US1TXBEE018,20241116,PRCP,0,,,N,0700
US1TXBEE018,20241117,PRCP,0,,,N,0800
US1TXBEE018,20241118,PRCP,3,,,N,0700
US1TXBEE018,20241119,PRCP,0,,,N,0700
US1TXBEE018,20241120,PRCP,0,,,N,0700
US1TXBEE018,20241121,PRCP,0,,,N,0700
US1TXBEE018,20241122,PRCP,0,,,N,0700
US1TXBEE018,20241123,PRCP,0,,,N,0700
US1TXBEE018,20241124,PRCP,0,,,N,0700
US1TXBEE018,20241126,PRCP,0,,,N,0700
US1TXBEE018,20241128,PRCP,0,,,N,0700
US1TXBEE018,20241130,PRCP,0,,,N,0700
US1TXBEE018,20241103,SNOW,0,,,N,0800
US1TXBEE018,20241104,SNOW,0,,,N,0700
US1TXBEE018,20241107,SNOW,0,,,N,0700
US1TXBEE018,20241108,SNOW,0,,,N,0700
US1TXBEE018,20241109,SNOW,0,,,N,0700
US1TXBEE018,20241116,SNOW,0,,,N,0700
US1TXBEE018,20241117,SNOW,0,,,N,0800
US1TXBEE018,20241119,SNOW,0,,,N,0700
US1TXBEE018,20241120,SNOW,0,,,N,0700
US1TXBEE018,20241121,SNOW,0,,,N,0700
US1TXBEE018,20241122,SNOW,0,,,N,0700
US1TXBEE018,20241123,SNOW,0,,,N,0700
US1TXBEE018,20241124,SNOW,0,,,N,0700
US1TXBEE018,20241126,SNOW,0,,,N,0700
US1TXBEE018,20241128,SNOW,0,,,N,0700
US1TXBEE018,20241130,SNOW,0,,,N,0700
US1TXBEE018,20241115,SNWD,0,,,N,0700
US1TXBEE018,20241115,DAPR,6,,,N,0700
US1TXBEE018,20241115,MDPR,0,,,N,0700
US1TXBEE018,20241201,PRCP,0,,,N,0700
US1TXBEE018,20241202,PRCP,0,,,N,0700
US1TXBEE018,20241203,PRCP,0,,,N,0700
US1TXBEE018,20241204,PRCP,61,,,N,0700
US1TXBEE018,20241205,PRCP,20,,,N,0700
US1TXBEE018,20241206,PRCP,8,,,N,0700
US1TXBEE018,20241207,PRCP,13,,,N,0700
US1TXBEE018,20241208,PRCP,36,,,N,0700
US1TXBEE018,20241209,PRCP,36,,,N,0700
US1TXBEE018,20241210,PRCP,3,,,N,0700
US1TXBEE018,20241211,PRCP,0,,,N,0700
US1TXBEE018,20241212,PRCP,0,,,N,0700
US1TXBEE018,20241213,PRCP,0,,,N,0700
US1TXBEE018,20241214,PRCP,38,,,N,0700
US1TXBEE018,20241215,PRCP,18,,,N,0700
US1TXBEE018,20241216,PRCP,0,T,,N,0700
US1TXBEE018,20241217,PRCP,0,,,N,0700
US1TXBEE018,20241218,PRCP,0,T,,N,0700
US1TXBEE018,20241219,PRCP,0,,,N,0700
US1TXBEE018,20241220,PRCP,0,,,N,0700
US1TXBEE018,20241221,PRCP,0,,,N,0700
US1TXBEE018,20241222,PRCP,0,,,N,0700
US1TXBEE018,20241223,PRCP,0,,,N,0700
US1TXBEE018,20241224,PRCP,0,,,N,0700
US1TXBEE018,20241225,PRCP,0,,,N,0700
US1TXBEE018,20241226,PRCP,0,,,N,0700
US1TXBEE018,20241227,PRCP,0,,,N,0700
US1TXBEE018,20241228,PRCP,0,,,N,0700
US1TXBEE018,20241229,PRCP,0,,,N,0700
US1TXBEE018,20241230,PRCP,0,,,N,0700
US1TXBEE018,20241231,PRCP,0,,,N,0700
US1TXBEE018,20241201,SNOW,0,,,N,0700
US1TXBEE018,20241202,SNOW,0,,,N,0700
US1TXBEE018,20241203,SNOW,0,,,N,0700
US1TXBEE018,20241211,SNOW,0,,,N,0700
US1TXBEE018,20241212,SNOW,0,,,N,0700
US1TXBEE018,20241213,SNOW,0,,,N,0700
US1TXBEE018,20241217,SNOW,0,,,N,0700
US1TXBEE018,20241219,SNOW,0,,,N,0700
US1TXBEE018,20241220,SNOW,0,,,N,0700
US1TXBEE018,20241221,SNOW,0,,,N,0700
US1TXBEE018,20241222,SNOW,0,,,N,0700
US1TXBEE018,20241223,SNOW,0,,,N,0700
US1TXBEE018,20241224,SNOW,0,,,N,0700
US1TXBEE018,20241225,SNOW,0,,,N,0700
US1TXBEE018,20241226,SNOW,0,,,N,0700
US1TXBEE018,20241227,SNOW,0,,,N,0700
US1TXBEE018,20241228,SNOW,0,,,N,0700
US1TXBEE018,20241229,SNOW,0,,,N,0700
US1TXBEE018,20241230,SNOW,0,,,N,0700
US1TXBEE018,20241231,SNOW,0,,,N,0700
US1TXBEE018,20250102,PRCP,0,,,N,0700
US1TXBEE018,20250103,PRCP,8,,,N,0700
US1TXBEE018,20250104,PRCP,0,,,N,0700
US1TXBEE018,20250105,PRCP,3,,,N,0700
US1TXBEE018,20250106,PRCP,0,,,N,0700
US1TXBEE018,20250107,PRCP,0,,,N,0700
US1TXBEE018,20250108,PRCP,0,,,N,0700
US1TXBEE018,20250109,PRCP,0,,,N,0700
US1TXBEE018,20250110,PRCP,307,,,N,0700
US1TXBEE018,20250111,PRCP,0,,,N,0700
US1TXBEE018,20250112,PRCP,0,,,N,0700
US1TXBEE018,20250113,PRCP,0,,,N,0700
US1TXBEE018,20250114,PRCP,0,,,N,0700
US1TXBEE018,20250115,PRCP,5,,,N,0700
US1TXBEE018,20250116,PRCP,15,,,N,0700
US1TXBEE018,20250117,PRCP,0,,,N,0700
US1TXBEE018,20250118,PRCP,0,,,N,0700
US1TXBEE018,20250119,PRCP,0,,,N,0800
US1TXBEE018,20250120,PRCP,0,,,N,0700
US1TXBEE018,20250121,PRCP,28,,,N,0700
US1TXBEE018,20250122,PRCP,0,,,N,0700
US1TXBEE018,20250123,PRCP,0,,,N,0700
US1TXBEE018,20250124,PRCP,0,,,N,0700
US1TXBEE018,20250125,PRCP,0,,,N,0700
US1TXBEE018,20250126,PRCP,3,,,N,0700
US1TXBEE018,20250127,PRCP,0,,,N,0700
US1TXBEE018,20250128,PRCP,8,,,N,0700
US1TXBEE018,20250129,PRCP,5,,,N,0700
US1TXBEE018,20250130,PRCP,23,,,N,0700
US1TXBEE018,20250131,PRCP,0,,,N,0700
US1TXBEE018,20250102,SNOW,0,,,N,0700
US1TXBEE018,20250104,SNOW,0,,,N,0700
US1TXBEE018,20250106,SNOW,0,,,N,0700
US1TXBEE018,20250107,SNOW,0,,,N,0700
US1TXBEE018,20250108,SNOW,0,,,N,0700
US1TXBEE018,20250109,SNOW,0,,,N,0700
US1TXBEE018,20250111,SNOW,0,,,N,0700
US1TXBEE018,20250112,SNOW,0,,,N,0700
US1TXBEE018,20250114,SNOW,0,,,N,0700
US1TXBEE018,20250117,SNOW,0,,,N,0700
US1TXBEE018,20250118,SNOW,0,,,N,0700
US1TXBEE018,20250119,SNOW,0,,,N,0800
US1TXBEE018,20250120,SNOW,0,,,N,0700
US1TXBEE018,20250122,SNOW,0,,,N,0700
US1TXBEE018,20250123,SNOW,0,,,N,0700
US1TXBEE018,20250124,SNOW,0,,,N,0700
US1TXBEE018,20250125,SNOW,0,,,N,0700
US1TXBEE018,20250127,SNOW,0,,,N,0700
US1TXBEE018,20250131,SNOW,0,,,N,0700
US1TXBEE018,20250201,PRCP,0,,,N,0700
US1TXBEE018,20250202,PRCP,0,,,N,0700
US1TXBEE018,20250203,PRCP,0,,,N,0700
US1TXBEE018,20250204,PRCP,0,,,N,0700
US1TXBEE018,20250205,PRCP,0,,,N,0800
US1TXBEE018,20250206,PRCP,0,,,N,0800
US1TXBEE018,20250207,PRCP,0,,,N,0700
US1TXBEE018,20250208,PRCP,0,,,N,0700
US1TXBEE018,20250209,PRCP,0,,,N,0700
US1TXBEE018,20250210,PRCP,0,,,N,0700
US1TXBEE018,20250211,PRCP,0,,,N,0700
US1TXBEE018,20250212,PRCP,5,,,N,0700
US1TXBEE018,20250213,PRCP,0,,,N,0700
US1TXBEE018,20250214,PRCP,0,T,,N,0700
US1TXBEE018,20250215,PRCP,8,,,N,0700
US1TXBEE018,20250216,PRCP,0,,,N,0700
US1TXBEE018,20250217,PRCP,0,,,N,0700
US1TXBEE018,20250218,PRCP,0,,,N,0700
US1TXBEE018,20250219,PRCP,0,T,,N,0700
US1TXBEE018,20250220,PRCP,0,,,N,0700
US1TXBEE018,20250221,PRCP,0,,,N,0700
US1TXBEE018,20250222,PRCP,0,,,N,0700
US1TXBEE018,20250223,PRCP,28,,,N,0700
US1TXBEE018,20250224,PRCP,0,,,N,0700
US1TXBEE018,20250225,PRCP,0,,,N,0700
US1TXBEE018,20250226,PRCP,0,,,N,0700
US1TXBEE018,20250227,PRCP,0,,,N,0700
US1TXBEE018,20250228,PRCP,0,,,N,0700
US1TXBEE018,20250201,SNOW,0,,,N,0700
US1TXBEE018,20250202,SNOW,0,,,N,0700
US1TXBEE018,20250203,SNOW,0,,,N,0700
US1TXBEE018,20250204,SNOW,0,,,N,0700
US1TXBEE018,20250205,SNOW,0,,,N,0800
US1TXBEE018,20250206,SNOW,0,,,N,0800
US1TXBEE018,20250207,SNOW,0,,,N,0700
US1TXBEE018,20250208,SNOW,0,,,N,0700
US1TXBEE018,20250209,SNOW,0,,,N,0700
US1TXBEE018,20250210,SNOW,0,,,N,0700
US1TXBEE018,20250211,SNOW,0,,,N,0700
US1TXBEE018,20250213,SNOW,0,,,N,0700
US1TXBEE018,20250216,SNOW,0,,,N,0700
US1TXBEE018,20250217,SNOW,0,,,N,0700
US1TXBEE018,20250218,SNOW,0,,,N,0700
US1TXBEE018,20250220,SNOW,0,,,N,0700
US1TXBEE018,20250221,SNOW,0,,,N,0700
US1TXBEE018,20250222,SNOW,0,,,N,0700
US1TXBEE018,20250224,SNOW,0,,,N,0700
US1TXBEE018,20250225,SNOW,0,,,N,0700
US1TXBEE018,20250226,SNOW,0,,,N,0700
US1TXBEE018,20250227,SNOW,0,,,N,0700
US1TXBEE018,20250228,SNOW,0,,,N,0700
US1TXBEE018,20250301,PRCP,0,,,N,0700
US1TXBEE018,20250302,PRCP,0,,,N,0700
US1TXBEE018,20250317,PRCP,0,,,N,0700
US1TXBEE018,20250318,PRCP,0,,,N,0700
US1TXBEE018,20250319,PRCP,0,,,N,0700
US1TXBEE018,20250320,PRCP,0,,,N,0700
US1TXBEE018,20250321,PRCP,0,,,N,0700
US1TXBEE018,20250322,PRCP,0,,,N,0700
US1TXBEE018,20250323,PRCP,0,,,N,0700
US1TXBEE018,20250324,PRCP,0,,,N,0700
US1TXBEE018,20250325,PRCP,0,,,N,0700
US1TXBEE018,20250326,PRCP,0,,,N,0700
US1TXBEE018,20250327,PRCP,1077,,,N,0700
US1TXBEE018,20250328,PRCP,216,,,N,0700
US1TXBEE018,20250329,PRCP,30,,,N,0700
US1TXBEE018,20250330,PRCP,0,,,N,0800
US1TXBEE018,20250331,PRCP,0,,,N,0700
US1TXBEE018,20250301,SNOW,0,,,N,0700
US1TXBEE018,20250302,SNOW,0,,,N,0700
US1TXBEE018,20250317,SNOW,0,,,N,0700
US1TXBEE018,20250318,SNOW,0,,,N,0700
US1TXBEE018,20250319,SNOW,0,,,N,0700
US1TXBEE018,20250320,SNOW,0,,,N,0700
US1TXBEE018,20250321,SNOW,0,,,N,0700
US1TXBEE018,20250322,SNOW,0,,,N,0700
US1TXBEE018,20250323,SNOW,0,,,N,0700
US1TXBEE018,20250324,SNOW,0,,,N,0700
US1TXBEE018,20250325,SNOW,0,,,N,0700
US1TXBEE018,20250326,SNOW,0,,,N,0700
US1TXBEE018,20250330,SNOW,0,,,N,0800
US1TXBEE018,20250331,SNOW,0,,,N,0700
US1TXBEE018,20250316,SNWD,0,,,N,0700
US1TXBEE018,20250316,DAPR,14,,,N,0700
US1TXBEE018,20250316,MDPR,0,,,N,0700
US1TXBEE018,20250316,WESD,0,,,N,0700
US1TXBEE018,20250401,PRCP,0,,,N,0700
US1TXBEE018,20250402,PRCP,0,,,N,0700
US1TXBEE018,20250403,PRCP,0,,,N,0700
US1TXBEE018,20250404,PRCP,0,,,N,0700
US1TXBEE018,20250405,PRCP,0,,,N,0700
US1TXBEE018,20250406,PRCP,10,,,N,0700
US1TXBEE018,20250407,PRCP,0,,,N,0800
US1TXBEE018,20250408,PRCP,0,,,N,0800
US1TXBEE018,20250409,PRCP,0,,,N,0700
US1TXBEE018,20250410,PRCP,0,,,N,0700
US1TXBEE018,20250411,PRCP,0,,,N,0700
US1TXBEE018,20250412,PRCP,0,,,N,0700
US1TXBEE018,20250413,PRCP,0,,,N,0700
US1TXBEE018,20250414,PRCP,0,,,N,0700
US1TXBEE018,20250415,PRCP,0,,,N,0700
US1TXBEE018,20250416,PRCP,0,,,N,0700
US1TXBEE018,20250417,PRCP,0,,,N,0700
US1TXBEE018,20250418,PRCP,0,,,N,0700
US1TXBEE018,20250419,PRCP,0,,,N,0700
US1TXBEE018,20250420,PRCP,0,,,N,0700
US1TXBEE018,20250421,PRCP,0,,,N,0700
US1TXBEE018,20250422,PRCP,0,,,N,0800
US1TXBEE018,20250423,PRCP,81,,,N,0700
US1TXBEE018,20250424,PRCP,0,,,N,0700
US1TXBEE018,20250425,PRCP,0,,,N,0700
US1TXBEE018,20250426,PRCP,0,,,N,0700
US1TXBEE018,20250427,PRCP,0,T,,N,0700
US1TXBEE018,20250428,PRCP,0,,,N,0700
US1TXBEE018,20250429,PRCP,0,,,N,0700
US1TXBEE018,20250430,PRCP,0,,,N,0700
US1TXBEE018,20250401,SNOW,0,,,N,0700
US1TXBEE018,20250402,SNOW,0,,,N,0700
US1TXBEE018,20250403,SNOW,0,,,N,0700
US1TXBEE018,20250404,SNOW,0,,,N,0700
US1TXBEE018,20250405,SNOW,0,,,N,0700
US1TXBEE018,20250407,SNOW,0,,,N,0800
US1TXBEE018,20250408,SNOW,0,,,N,0800
US1TXBEE018,20250409,SNOW,0,,,N,0700
US1TXBEE018,20250410,SNOW,0,,,N,0700
US1TXBEE018,20250411,SNOW,0,,,N,0700
US1TXBEE018,20250412,SNOW,0,,,N,0700
US1TXBEE018,20250413,SNOW,0,,,N,0700
US1TXBEE018,20250414,SNOW,0,,,N,0700
US1TXBEE018,20250415,SNOW,0,,,N,0700
US1TXBEE018,20250416,SNOW,0,,,N,0700
US1TXBEE018,20250417,SNOW,0,,,N,0700
US1TXBEE018,20250418,SNOW,0,,,N,0700
US1TXBEE018,20250419,SNOW,0,,,N,0700
US1TXBEE018,20250420,SNOW,0,,,N,0700
US1TXBEE018,20250421,SNOW,0,,,N,0700
US1TXBEE018,20250422,SNOW,0,,,N,0800
US1TXBEE018,20250424,SNOW,0,,,N,0700
US1TXBEE018,20250425,SNOW,0,,,N,0700
US1TXBEE018,20250426,SNOW,0,,,N,0700
US1TXBEE018,20250428,SNOW,0,,,N,0700
US1TXBEE018,20250429,SNOW,0,,,N,0700
US1TXBEE018,20250430,SNOW,0,,,N,0700
US1TXBEE018,20250501,PRCP,0,,,N,0700
US1TXBEE018,20250502,PRCP,193,,,N,0700
US1TXBEE018,20250503,PRCP,58,,,N,0700
US1TXBEE018,20250504,PRCP,0,,,N,0700
US1TXBEE018,20250505,PRCP,0,,,N,0700
US1TXBEE018,20250506,PRCP,5,,,N,0700
US1TXBEE018,20250507,PRCP,61,,,N,0700
US1TXBEE018,20250508,PRCP,0,T,,N,0700
US1TXBEE018,20250509,PRCP,795,,,N,0700
US1TXBEE018,20250510,PRCP,0,,,N,0700
US1TXBEE018,20250511,PRCP,10,,,N,0700
US1TXBEE018,20250512,PRCP,0,,,N,0700
US1TXBEE018,20250513,PRCP,0,,,N,0700
US1TXBEE018,20250514,PRCP,0,,,N,0700
US1TXBEE018,20250515,PRCP,0,,,N,0700
US1TXBEE018,20250516,PRCP,0,,,N,0700
US1TXBEE018,20250517,PRCP,0,,,N,0700
US1TXBEE018,20250518,PRCP,0,,,N,0700
US1TXBEE018,20250519,PRCP,0,,,N,0700
US1TXBEE018,20250520,PRCP,0,,,N,0700
US1TXBEE018,20250521,PRCP,0,,,N,0700
US1TXBEE018,20250522,PRCP,0,,,N,0700
US1TXBEE018,20250523,PRCP,0,,,N,0700
US1TXBEE018,20250524,PRCP,0,,,N,0700
US1TXBEE018,20250525,PRCP,0,,,N,0700
US1TXBEE018,20250526,PRCP,0,,,N,0700
US1TXBEE018,20250527,PRCP,300,,,N,0700
US1TXBEE018,20250528,PRCP,36,,,N,0700
US1TXBEE018,20250529,PRCP,23,,,N,0700
US1TXBEE018,20250530,PRCP,0,,,N,0700
US1TXBEE018,20250531,PRCP,0,,,N,0700
US1TXBEE018,20250501,SNOW,0,,,N,0700
US1TXBEE018,20250504,SNOW,0,,,N,0700
US1TXBEE018,20250505,SNOW,0,,,N,0700
US1TXBEE018,20250510,SNOW,0,,,N,0700
US1TXBEE018,20250512,SNOW,0,,,N,0700
US1TXBEE018,20250513,SNOW,0,,,N,0700
US1TXBEE018,20250514,SNOW,0,,,N,0700
US1TXBEE018,20250515,SNOW,0,,,N,0700
US1TXBEE018,20250516,SNOW,0,,,N,0700
US1TXBEE018,20250517,SNOW,0,,,N,0700
US1TXBEE018,20250518,SNOW,0,,,N,0700
US1TXBEE018,20250519,SNOW,0,,,N,0700
US1TXBEE018,20250520,SNOW,0,,,N,0700
US1TXBEE018,20250521,SNOW,0,,,N,0700
US1TXBEE018,20250522,SNOW,0,,,N,0700
US1TXBEE018,20250523,SNOW,0,,,N,0700
US1TXBEE018,20250524,SNOW,0,,,N,0700
US1TXBEE018,20250525,SNOW,0,,,N,0700
US1TXBEE018,20250526,SNOW,0,,,N,0700
US1TXBEE018,20250530,SNOW,0,,,N,0700
US1TXBEE018,20250531,SNOW,0,,,N,0700
US1TXBEE018,20250601,PRCP,0,,,N,0700
US1TXBEE018,20250602,PRCP,0,,,N,0700
US1TXBEE018,20250603,PRCP,0,,,N,0700
US1TXBEE018,20250604,PRCP,0,,,N,0700
US1TXBEE018,20250605,PRCP,0,,,N,0700
US1TXBEE018,20250606,PRCP,0,,,N,0800
US1TXBEE018,20250607,PRCP,0,,,N,0700
US1TXBEE018,20250611,PRCP,48,,,N,0700
US1TXBEE018,20250612,PRCP,51,,,N,0700
US1TXBEE018,20250613,PRCP,274,,,N,0700
US1TXBEE018,20250614,PRCP,0,,,N,0700
US1TXBEE018,20250621,PRCP,0,,,N,0700
US1TXBEE018,20250622,PRCP,28,,,N,0700
US1TXBEE018,20250623,PRCP,0,,,N,0700
US1TXBEE018,20250624,PRCP,0,,,N,0700
US1TXBEE018,20250625,PRCP,56,,,N,0700
US1TXBEE018,20250626,PRCP,0,T,,N,0700
US1TXBEE018,20250627,PRCP,170,,,N,0700
US1TXBEE018,20250628,PRCP,0,,,N,0700
US1TXBEE018,20250629,PRCP,0,,,N,0700
US1TXBEE018,20250630,PRCP,23,,,N,0700
US1TXBEE018,20250601,SNOW,0,,,N,0700
US1TXBEE018,20250602,SNOW,0,,,N,0700
US1TXBEE018,20250603,SNOW,0,,,N,0700
US1TXBEE018,20250604,SNOW,0,,,N,0700
US1TXBEE018,20250605,SNOW,0,,,N,0700
US1TXBEE018,20250606,SNOW,0,,,N,0800
US1TXBEE018,20250607,SNOW,0,,,N,0700
US1TXBEE018,20250614,SNOW,0,,,N,0700
US1TXBEE018,20250621,SNOW,0,,,N,0700
US1TXBEE018,20250623,SNOW,0,,,N,0700
US1TXBEE018,20250624,SNOW,0,,,N,0700
US1TXBEE018,20250628,SNOW,0,,,N,0700
US1TXBEE018,20250629,SNOW,0,,,N,0700
US1TXBEE018,20250620,SNWD,0,,,N,0700
US1TXBEE018,20250620,DAPR,6,,,N,0700
US1TXBEE018,20250620,MDPR,348,,,N,0700
US1TXBEE018,20250620,WESD,0,,,N,0700
US1TXBEE018,20250701,PRCP,246,,,N,0700
US1TXBEE018,20250702,PRCP,28,,,N,0700
US1TXBEE018,20250703,PRCP,0,T,,N,0700
US1TXBEE018,20250704,PRCP,0,,,N,0700
US1TXBEE018,20250705,PRCP,0,,,N,0700
US1TXBEE018,20250706,PRCP,15,,,N,0700
US1TXBEE018,20250707,PRCP,0,T,,N,0700
US1TXBEE018,20250708,PRCP,36,,,N,0700
US1TXBEE018,20250709,PRCP,69,,,N,0700
US1TXBEE018,20250710,PRCP,30,,,N,0700
US1TXBEE018,20250711,PRCP,0,,,N,0700
US1TXBEE018,20250712,PRCP,8,,,N,0700
US1TXBEE018,20250713,PRCP,0,,,N,0700
US1TXBEE018,20250714,PRCP,0,,,N,0700
US1TXBEE018,20250715,PRCP,0,,,N,0700
US1TXBEE018,20250716,PRCP,0,,,N,0700
US1TXBEE018,20250717,PRCP,0,,,N,0700
US1TXBEE018,20250718,PRCP,0,,,N,0700
US1TXBEE018,20250719,PRCP,0,,,N,0700
US1TXBEE018,20250720,PRCP,0,,,N,0700
US1TXBEE018,20250721,PRCP,0,,,N,0700
US1TXBEE018,20250722,PRCP,0,,,N,0700
US1TXBEE018,20250723,PRCP,0,,,N,0700
US1TXBEE018,20250724,PRCP,0,,,N,0700
US1TXBEE018,20250725,PRCP,0,,,N,0700
US1TXBEE018,20250726,PRCP,0,,,N,0700
US1TXBEE018,20250727,PRCP,25,,,N,0700
US1TXBEE018,20250728,PRCP,163,,,N,0700
US1TXBEE018,20250729,PRCP,0,,,N,0700
US1TXBEE018,20250730,PRCP,0,,,N,0700
US1TXBEE018,20250731,PRCP,0,,,N,0700
US1TXBEE018,20250704,SNOW,0,,,N,0700
US1TXBEE018,20250705,SNOW,0,,,N,0700
US1TXBEE018,20250711,SNOW,0,,,N,0700
US1TXBEE018,20250713,SNOW,0,,,N,0700
US1TXBEE018,20250714,SNOW,0,,,N,0700
US1TXBEE018,20250715,SNOW,0,,,N,0700
US1TXBEE018,20250716,SNOW,0,,,N,0700
US1TXBEE018,20250717,SNOW,0,,,N,0700
US1TXBEE018,20250718,SNOW,0,,,N,0700
US1TXBEE018,20250719,SNOW,0,,,N,0700
US1TXBEE018,20250720,SNOW,0,,,N,0700
US1TXBEE018,20250721,SNOW,0,,,N,0700
US1TXBEE018,20250722,SNOW,0,,,N,0700
US1TXBEE018,20250723,SNOW,0,,,N,0700
US1TXBEE018,20250724,SNOW,0,,,N,0700
US1TXBEE018,20250725,SNOW,0,,,N,0700
US1TXBEE018,20250726,SNOW,0,,,N,0700
US1TXBEE018,20250729,SNOW,0,,,N,0700
US1TXBEE018,20250730,SNOW,0,,,N,0700
US1TXBEE018,20250731,SNOW,0,,,N,0700
US1TXBEE018,20250801,PRCP,0,,,N,0700
US1TXBEE018,20250802,PRCP,0,,,N,0700
US1TXBEE018,20250803,PRCP,0,,,N,0700
US1TXBEE018,20250804,PRCP,244,,,N,0700
US1TXBEE018,20250805,PRCP,0,,,N,0700
US1TXBEE018,20250806,PRCP,0,,,N,0700
US1TXBEE018,20250807,PRCP,0,,,N,0700
US1TXBEE018,20250808,PRCP,0,,,N,0700
US1TXBEE018,20250809,PRCP,0,,,N,0700
US1TXBEE018,20250810,PRCP,0,,,N,0700
US1TXBEE018,20250811,PRCP,0,,,N,0700
US1TXBEE018,20250812,PRCP,0,,,N,0700
US1TXBEE018,20250813,PRCP,0,,,N,0700
US1TXBEE018,20250814,PRCP,0,,,N,0700
US1TXBEE018,20250815,PRCP,0,,,N,0700
US1TXBEE018,20250816,PRCP,71,,,N,0700
US1TXBEE018,20250817,PRCP,5,,,N,0700
US1TXBEE018,20250818,PRCP,0,,,N,0700
US1TXBEE018,20250819,PRCP,0,,,N,0700
US1TXBEE018,20250820,PRCP,0,,,N,0700
US1TXBEE018,20250821,PRCP,0,,,N,0700
US1TXBEE018,20250822,PRCP,15,,,N,0700
US1TXBEE018,20250823,PRCP,0,T,,N,0700
US1TXBEE018,20250824,PRCP,0,,,N,0700
US1TXBEE018,20250825,PRCP,0,,,N,0700
US1TXBEE018,20250826,PRCP,0,,,N,0700
US1TXBEE018,20250827,PRCP,0,,,N,0700
US1TXBEE018,20250828,PRCP,0,,,N,0700
US1TXBEE018,20250829,PRCP,0,,,N,0700
US1TXBEE018,20250830,PRCP,0,,,N,0700
US1TXBEE018,20250831,PRCP,0,,,N,0700
US1TXBEE018,20250801,SNOW,0,,,N,0700
US1TXBEE018,20250802,SNOW,0,,,N,0700
US1TXBEE018,20250803,SNOW,0,,,N,0700
US1TXBEE018,20250805,SNOW,0,,,N,0700
US1TXBEE018,20250806,SNOW,0,,,N,0700
US1TXBEE018,20250807,SNOW,0,,,N,0700
US1TXBEE018,20250808,SNOW,0,,,N,0700
US1TXBEE018,20250809,SNOW,0,,,N,0700
US1TXBEE018,20250810,SNOW,0,,,N,0700
US1TXBEE018,20250811,SNOW,0,,,N,0700
US1TXBEE018,20250812,SNOW,0,,,N,0700
US1TXBEE018,20250813,SNOW,0,,,N,0700
US1TXBEE018,20250814,SNOW,0,,,N,0700
US1TXBEE018,20250815,SNOW,0,,,N,0700
US1TXBEE018,20250818,SNOW,0,,,N,0700
US1TXBEE018,20250819,SNOW,0,,,N,0700
US1TXBEE018,20250820,SNOW,0,,,N,0700
US1TXBEE018,20250821,SNOW,0,,,N,0700
US1TXBEE018,20250824,SNOW,0,,,N,0700
US1TXBEE018,20250825,SNOW,0,,,N,0700
US1TXBEE018,20250826,SNOW,0,,,N,0700
US1TXBEE018,20250827,SNOW,0,,,N,0700
US1TXBEE018,20250828,SNOW,0,,,N,0700
US1TXBEE018,20250829,SNOW,0,,,N,0700
US1TXBEE018,20250830,SNOW,0,,,N,0700
US1TXBEE018,20250831,SNOW,0,,,N,0700
US1TXBEE018,20250901,PRCP,643,,,N,0700
US1TXBEE018,20250902,PRCP,366,,,N,0700
US1TXBEE018,20250903,PRCP,0,,,N,0700
US1TXBEE018,20250904,PRCP,0,,,N,0700
US1TXBEE018,20250905,PRCP,0,,,N,0700
US1TXBEE018,20250906,PRCP,0,,,N,0700
US1TXBEE018,20250907,PRCP,0,,,N,0700
US1TXBEE018,20250908,PRCP,81,,,N,0700
US1TXBEE018,20250909,PRCP,0,,,N,0700
US1TXBEE018,20250910,PRCP,0,,,N,0700
US1TXBEE018,20250911,PRCP,0,,,N,0700
US1TXBEE018,20250912,PRCP,0,,,N,0700
US1TXBEE018,20250913,PRCP,46,,,N,0700
US1TXBEE018,20250914,PRCP,0,,,N,0700
US1TXBEE018,20250915,PRCP,0,,,N,0700
US1TXBEE018,20250916,PRCP,0,,,N,0700
US1TXBEE018,20250917,PRCP,0,,,N,0700
US1TXBEE018,20250918,PRCP,0,,,N,0700
US1TXBEE018,20250919,PRCP,0,,,N,0700
US1TXBEE018,20250920,PRCP,0,,,N,0700
US1TXBEE018,20250921,PRCP,0,,,N,0700
US1TXBEE018,20250922,PRCP,5,,,N,0700
US1TXBEE018,20250923,PRCP,0,,,N,0700
US1TXBEE018,20250924,PRCP,0,,,N,0700
US1TXBEE018,20250925,PRCP,389,,,N,0700
US1TXBEE018,20250926,PRCP,0,,,N,0700
US1TXBEE018,20250927,PRCP,0,,,N,0700
US1TXBEE018,20250928,PRCP,0,,,N,0700
US1TXBEE018,20250929,PRCP,0,,,N,0700
US1TXBEE018,20250930,PRCP,0,,,N,0700
US1TXBEE018,20250903,SNOW,0,,,N,0700
US1TXBEE018,20250904,SNOW,0,,,N,0700
US1TXBEE018,20250905,SNOW,0,,,N,0700
US1TXBEE018,20250906,SNOW,0,,,N,0700
US1TXBEE018,20250907,SNOW,0,,,N,0700
US1TXBEE018,20250909,SNOW,0,,,N,0700
US1TXBEE018,20250910,SNOW,0,,,N,0700
US1TXBEE018,20250911,SNOW,0,,,N,0700
US1TXBEE018,20250912,SNOW,0,,,N,0700
US1TXBEE018,20250914,SNOW,0,,,N,0700
US1TXBEE018,20250915,SNOW,0,,,N,0700
US1TXBEE018,20250916,SNOW,0,,,N,0700
US1TXBEE018,20250917,SNOW,0,,,N,0700
US1TXBEE018,20250918,SNOW,0,,,N,0700
US1TXBEE018,20250919,SNOW,0,,,N,0700
US1TXBEE018,20250920,SNOW,0,,,N,0700
US1TXBEE018,20250921,SNOW,0,,,N,0700
US1TXBEE018,20250923,SNOW,0,,,N,0700
US1TXBEE018,20250924,SNOW,0,,,N,0700
US1TXBEE018,20250926,SNOW,0,,,N,0700
US1TXBEE018,20250927,SNOW,0,,,N,0700
US1TXBEE018,20250928,SNOW,0,,,N,0700
US1TXBEE018,20250929,SNOW,0,,,N,0700
US1TXBEE018,20250930,SNOW,0,,,N,0700
US1TXBEE018,20251001,PRCP,0,,,N,0700
US1TXBEE018,20251002,PRCP,0,,,N,0700
US1TXBEE018,20251003,PRCP,0,,,N,0700
US1TXBEE018,20251004,PRCP,0,,,N,0700
US1TXBEE018,20251005,PRCP,0,,,N,0700
US1TXBEE018,20251006,PRCP,0,,,N,0700
US1TXBEE018,20251007,PRCP,13,,,N,0700
US1TXBEE018,20251008,PRCP,0,,,N,0700
US1TXBEE018,20251009,PRCP,0,,,N,0700
US1TXBEE018,20251010,PRCP,0,,,N,0700
US1TXBEE018,20251011,PRCP,0,,,N,0700
US1TXBEE018,20251019,PRCP,0,,,N,0700
US1TXBEE018,20251020,PRCP,0,,,N,0700
US1TXBEE018,20251021,PRCP,0,,,N,0700
US1TXBEE018,20251022,PRCP,0,,,N,0700
US1TXBEE018,20251023,PRCP,0,,,N,0700
US1TXBEE018,20251024,PRCP,0,,,N,0700
US1TXBEE018,20251025,PRCP,3,,,N,0700
US1TXBEE018,20251026,PRCP,0,,,N,0700
US1TXBEE018,20251027,PRCP,0,,,N,0700
US1TXBEE018,20251028,PRCP,0,,,N,0700
US1TXBEE018,20251029,PRCP,0,,,N,0700
US1TXBEE018,20251030,PRCP,0,,,N,0700
US1TXBEE018,20251031,PRCP,0,,,N,0700
US1TXBEE018,20251001,SNOW,0,,,N,0700
US1TXBEE018,20251002,SNOW,0,,,N,0700
US1TXBEE018,20251003,SNOW,0,,,N,0700
US1TXBEE018,20251004,SNOW,0,,,N,0700
US1TXBEE018,20251005,SNOW,0,,,N,0700
US1TXBEE018,20251006,SNOW,0,,,N,0700
US1TXBEE018,20251008,SNOW,0,,,N,0700
US1TXBEE018,20251009,SNOW,0,,,N,0700
US1TXBEE018,20251010,SNOW,0,,,N,0700
US1TXBEE018,20251011,SNOW,0,,,N,0700
US1TXBEE018,20251019,SNOW,0,,,N,0700
US1TXBEE018,20251020,SNOW,0,,,N,0700
US1TXBEE018,20251021,SNOW,0,,,N,0700
US1TXBEE018,20251022,SNOW,0,,,N,0700
US1TXBEE018,20251023,SNOW,0,,,N,0700
US1TXBEE018,20251024,SNOW,0,,,N,0700
US1TXBEE018,20251026,SNOW,0,,,N,0700
US1TXBEE018,20251027,SNOW,0,,,N,0700
US1TXBEE018,20251028,SNOW,0,,,N,0700
US1TXBEE018,20251029,SNOW,0,,,N,0700
US1TXBEE018,20251030,SNOW,0,,,N,0700
US1TXBEE018,20251031,SNOW,0,,,N,0700
US1TXBEE018,20251018,DAPR,7,,,N,0700
US1TXBEE018,20251018,MDPR,0,,,N,0700
US1TXBEE018,20251101,PRCP,0,,,N,0700
US1TXBEE018,20251102,PRCP,0,,,N,0700
US1TXBEE018,20251103,PRCP,0,,,N,0700
US1TXBEE018,20251104,PRCP,0,,,N,0700
US1TXBEE018,20251105,PRCP,0,,,N,0700
US1TXBEE018,20251106,PRCP,0,,,N,0700
US1TXBEE018,20251107,PRCP,0,,,N,0800
US1TXBEE018,20251108,PRCP,0,,,N,0800
US1TXBEE018,20251109,PRCP,0,,,N,0800
US1TXBEE018,20251110,PRCP,0,,,N,0700
US1TXBEE018,20251111,PRCP,0,,,N,0700
US1TXBEE018,20251112,PRCP,0,,,N,0700
US1TXBEE018,20251113,PRCP,0,,,N,0700
US1TXBEE018,20251114,PRCP,0,,,N,0700
US1TXBEE018,20251115,PRCP,0,,,N,0700
US1TXBEE018,20251116,PRCP,0,,,N,0700
US1TXBEE018,20251117,PRCP,0,,,N,0700
US1TXBEE018,20251118,PRCP,0,,,N,0700
US1TXBEE018,20251119,PRCP,0,,,N,0700
US1TXBEE018,20251120,PRCP,0,,,N,0700
US1TXBEE018,20251121,PRCP,0,,,N,0700
US1TXBEE018,20251122,PRCP,0,,,N,0700
US1TXBEE018,20251123,PRCP,38,,,N,0700
US1TXBEE018,20251124,PRCP,191,,,N,0700
US1TXBEE018,20251125,PRCP,0,,,N,0700
US1TXBEE018,20251126,PRCP,3,,,N,0700
US1TXBEE018,20251127,PRCP,0,,,N,0700
US1TXBEE018,20251128,PRCP,0,,,N,0700
US1TXBEE018,20251129,PRCP,15,,,N,0700
US1TXBEE018,20251130,PRCP,25,,,N,0800
US1TXBEE018,20251101,SNOW,0,,,N,0700
US1TXBEE018,20251102,SNOW,0,,,N,0700
US1TXBEE018,20251103,SNOW,0,,,N,0700
US1TXBEE018,20251104,SNOW,0,,,N,0700
US1TXBEE018,20251105,SNOW,0,,,N,0700
US1TXBEE018,20251106,SNOW,0,,,N,0700
US1TXBEE018,20251107,SNOW,0,,,N,0800
US1TXBEE018,20251108,SNOW,0,,,N,0800
US1TXBEE018,20251109,SNOW,0,,,N,0800
US1TXBEE018,20251110,SNOW,0,,,N,0700
US1TXBEE018,20251111,SNOW,0,,,N,0700
US1TXBEE018,20251112,SNOW,0,,,N,0700
US1TXBEE018,20251113,SNOW,0,,,N,0700
US1TXBEE018,20251114,SNOW,0,,,N,0700
US1TXBEE018,20251115,SNOW,0,,,N,0700
US1TXBEE018,20251116,SNOW,0,,,N,0700
US1TXBEE018,20251117,SNOW,0,,,N,0700
US1TXBEE018,20251118,SNOW,0,,,N,0700
US1TXBEE018,20251119,SNOW,0,,,N,0700
US1TXBEE018,20251120,SNOW,0,,,N,0700
US1TXBEE018,20251121,SNOW,0,,,N,0700
US1TXBEE018,20251122,SNOW,0,,,N,0700
US1TXBEE018,20251125,SNOW,0,,,N,0700
US1TXBEE018,20251127,SNOW,0,,,N,0700
US1TXBEE018,20251128,SNOW,0,,,N,0700
US1TXBEE018,20251201,PRCP,3,,,N,0700
US1TXBEE018,20251202,PRCP,0,,,N,0700
US1TXBEE018,20251203,PRCP,0,,,N,0700
US1TXBEE018,20251204,PRCP,13,,,N,0700
US1TXBEE018,20251205,PRCP,3,,,N,0700
US1TXBEE018,20251206,PRCP,13,,,N,0700
US1TXBEE018,20251207,PRCP,0,,,N,0700
US1TXBEE018,20251208,PRCP,0,,,N,0700
US1TXBEE018,20251209,PRCP,0,,,N,0700
US1TXBEE018,20251210,PRCP,0,,,N,0700
US1TXBEE018,20251211,PRCP,0,,,N,0700
US1TXBEE018,20251212,PRCP,3,,,N,0700
US1TXBEE018,20251213,PRCP,0,T,,N,0700
US1TXBEE018,20251214,PRCP,5,,,N,0800
US1TXBEE018,20251215,PRCP,0,,,N,0700
US1TXBEE018,20251216,PRCP,0,,,N,0700
US1TXBEE018,20251217,PRCP,127,,,N,0900
US1TXBEE018,20251218,PRCP,94,,,N,0700
US1TXBEE018,20251219,PRCP,3,,,N,0700
US1TXBEE018,20251220,PRCP,0,,,N,0700
US1TXBEE018,20251221,PRCP,3,,,N,0700
US1TXBEE018,20251222,PRCP,0,,,N,0700
US1TXBEE018,20251223,PRCP,0,,,N,0700
US1TXBEE018,20251224,PRCP,3,,,N,0700
US1TXBEE018,20251225,PRCP,0,,,N,0700
US1TXBEE018,20251226,PRCP,0,,,N,0700
US1TXBEE018,20251227,PRCP,0,,,N,0700
US1TXBEE018,20251228,PRCP,0,,,N,0700
US1TXBEE018,20251229,PRCP,0,,,N,0700
US1TXBEE018,20251231,PRCP,0,,,N,0800
US1TXBEE018,20251202,SNOW,0,,,N,0700
US1TXBEE018,20251203,SNOW,0,,,N,0700
US1TXBEE018,20251207,SNOW,0,,,N,0700
US1TXBEE018,20251208,SNOW,0,,,N,0700
US1TXBEE018,20251209,SNOW,0,,,N,0700
US1TXBEE018,20251210,SNOW,0,,,N,0700
US1TXBEE018,20251211,SNOW,0,,,N,0700
US1TXBEE018,20251215,SNOW,0,,,N,0700
US1TXBEE018,20251216,SNOW,0,,,N,0700
US1TXBEE018,20251220,SNOW,0,,,N,0700
US1TXBEE018,20251222,SNOW,0,,,N,0700
US1TXBEE018,20251223,SNOW,0,,,N,0700
US1TXBEE018,20251225,SNOW,0,,,N,0700
US1TXBEE018,20251226,SNOW,0,,,N,0700
US1TXBEE018,20251227,SNOW,0,,,N,0700
US1TXBEE018,20251228,SNOW,0,,,N,0700
US1TXBEE018,20251229,SNOW,0,,,N,0700
US1TXBEE018,20251231,SNOW,0,,,N,0800
US1TXBEE018,20260101,PRCP,0,,,N,0800
US1TXBEE018,20260102,PRCP,0,,,N,0800
US1TXBEE018,20260103,PRCP,0,,,N,0800
US1TXBEE018,20260104,PRCP,0,,,N,0700
US1TXBEE018,20260105,PRCP,0,,,N,0700
US1TXBEE018,20260106,PRCP,0,,,N,0700
US1TXBEE018,20260107,PRCP,0,,,N,0800
US1TXBEE018,20260108,PRCP,0,,,N,0800
US1TXBEE018,20260109,PRCP,0,,,N,0800
US1TXBEE018,20260110,PRCP,5,,,N,0700
US1TXBEE018,20260111,PRCP,0,,,N,0700
US1TXBEE018,20260112,PRCP,0,,,N,0700
US1TXBEE018,20260113,PRCP,0,,,N,0700
US1TXBEE018,20260114,PRCP,8,,,N,0700
US1TXBEE018,20260115,PRCP,0,,,N,0700
US1TXBEE018,20260116,PRCP,0,,,N,0700
US1TXBEE018,20260117,PRCP,0,,,N,0700
US1TXBEE018,20260118,PRCP,0,,,N,0700
US1TXBEE018,20260119,PRCP,0,,,N,0700
US1TXBEE018,20260120,PRCP,0,,,N,0700
US1TXBEE018,20260121,PRCP,0,,,N,0700
US1TXBEE018,20260122,PRCP,0,,,N,0700
US1TXBEE018,20260123,PRCP,0,,,N,0700
US1TXBEE018,20260124,PRCP,23,,,N,0700
US1TXBEE018,20260125,PRCP,13,,,N,0700
US1TXBEE018,20260126,PRCP,0,,,N,0700
US1TXBEE018,20260127,PRCP,0,,,N,0700
US1TXBEE018,20260128,PRCP,0,,,N,0700
US1TXBEE018,20260129,PRCP,0,,,N,0700
US1TXBEE018,20260130,PRCP,0,,,N,0700
US1TXBEE018,20260131,PRCP,0,,,N,0700
US1TXBEE018,20260101,SNOW,0,,,N,0800
US1TXBEE018,20260102,SNOW,0,,,N,0800
US1TXBEE018,20260103,SNOW,0,,,N,0800
US1TXBEE018,20260104,SNOW,0,,,N,0700
US1TXBEE018,20260105,SNOW,0,,,N,0700
US1TXBEE018,20260106,SNOW,0,,,N,0700
US1TXBEE018,20260107,SNOW,0,,,N,0800
US1TXBEE018,20260108,SNOW,0,,,N,0800
US1TXBEE018,20260109,SNOW,0,,,N,0800
US1TXBEE018,20260111,SNOW,0,,,N,0700
US1TXBEE018,20260112,SNOW,0,,,N,0700
US1TXBEE018,20260113,SNOW,0,,,N,0700
US1TXBEE018,20260115,SNOW,0,,,N,0700
US1TXBEE018,20260116,SNOW,0,,,N,0700
US1TXBEE018,20260117,SNOW,0,,,N,0700
US1TXBEE018,20260118,SNOW,0,,,N,0700
US1TXBEE018,20260119,SNOW,0,,,N,0700
US1TXBEE018,20260120,SNOW,0,,,N,0700
US1TXBEE018,20260121,SNOW,0,,,N,0700
US1TXBEE018,20260122,SNOW,0,,,N,0700
US1TXBEE018,20260123,SNOW,0,,,N,0700
US1TXBEE018,20260126,SNOW,0,,,N,0700
US1TXBEE018,20260127,SNOW,0,,,N,0700
US1TXBEE018,20260128,SNOW,0,,,N,0700
US1TXBEE018,20260129,SNOW,0,,,N,0700
US1TXBEE018,20260130,SNOW,0,,,N,0700
US1TXBEE018,20260131,SNOW,0,,,N,0700
US1TXBEE018,20260201,PRCP,0,,,N,0700
US1TXBEE018,20260202,PRCP,0,,,N,0700
US1TXBEE018,20260203,PRCP,0,,,N,0700
US1TXBEE018,20260204,PRCP,0,,,N,0700
US1TXBEE018,20260205,PRCP,0,,,N,0700
US1TXBEE018,20260206,PRCP,0,,,N,0700
US1TXBEE018,20260207,PRCP,0,,,N,0700
US1TXBEE018,20260208,PRCP,0,,,N,0700
US1TXBEE018,20260209,PRCP,0,,,N,0700
US1TXBEE018,20260210,PRCP,0,,,N,0700
US1TXBEE018,20260211,PRCP,0,,,N,0700
US1TXBEE018,20260212,PRCP,0,,,N,0700
US1TXBEE018,20260213,PRCP,0,,,N,0700
US1TXBEE018,20260214,PRCP,0,,,N,0700
US1TXBEE018,20260215,PRCP,15,,,N,0700
US1TXBEE018,20260216,PRCP,0,,,N,0700
US1TXBEE018,20260217,PRCP,3,,,N,0700
US1TXBEE018,20260218,PRCP,0,,,N,0700
US1TXBEE018,20260219,PRCP,0,,,N,0700
US1TXBEE018,20260220,PRCP,0,,,N,0700
US1TXBEE018,20260221,PRCP,0,,,N,0700
US1TXBEE018,20260222,PRCP,0,,,N,0700
US1TXBEE018,20260223,PRCP,0,,,N,0700
US1TXBEE018,20260224,PRCP,0,,,N,0700
US1TXBEE018,20260225,PRCP,0,,,N,0700
US1TXBEE018,20260226,PRCP,0,,,N,0700
US1TXBEE018,20260227,PRCP,0,,,N,0700
US1TXBEE018,20260228,PRCP,0,,,N,0700
US1TXBEE018,20260201,SNOW,0,,,N,0700
US1TXBEE018,20260202,SNOW,0,,,N,0700
US1TXBEE018,20260203,SNOW,0,,,N,0700
US1TXBEE018,20260204,SNOW,0,,,N,0700
US1TXBEE018,20260205,SNOW,0,,,N,0700
US1TXBEE018,20260206,SNOW,0,,,N,0700
US1TXBEE018,20260207,SNOW,0,,,N,0700
US1TXBEE018,20260208,SNOW,0,,,N,0700
US1TXBEE018,20260209,SNOW,0,,,N,0700
US1TXBEE018,20260210,SNOW,0,,,N,0700
US1TXBEE018,20260211,SNOW,0,,,N,0700
US1TXBEE018,20260212,SNOW,0,,,N,0700
US1TXBEE018,20260213,SNOW,0,,,N,0700
US1TXBEE018,20260214,SNOW,0,,,N,0700
US1TXBEE018,20260216,SNOW,0,,,N,0700
US1TXBEE018,20260218,SNOW,0,,,N,0700
US1TXBEE018,20260219,SNOW,0,,,N,0700
US1TXBEE018,20260220,SNOW,0,,,N,0700
US1TXBEE018,20260221,SNOW,0,,,N,0700
US1TXBEE018,20260222,SNOW,0,,,N,0700
US1TXBEE018,20260223,SNOW,0,,,N,0700
US1TXBEE018,20260224,SNOW,0,,,N,0700
US1TXBEE018,20260225,SNOW,0,,,N,0700
US1TXBEE018,20260226,SNOW,0,,,N,0700
US1TXBEE018,20260227,SNOW,0,,,N,0700
US1TXBEE018,20260228,SNOW,0,,,N,0700
US1TXBEE018,20260301,PRCP,0,,,N,0700
US1TXBEE018,20260302,PRCP,0,,,N,0700
US1TXBEE018,20260303,PRCP,0,,,N,0700
US1TXBEE018,20260304,PRCP,0,,,N,0700
US1TXBEE018,20260305,PRCP,0,,,N,0700
US1TXBEE018,20260306,PRCP,0,,,N,0700
US1TXBEE018,20260307,PRCP,0,,,N,0700
US1TXBEE018,20260308,PRCP,3,,,N,0800
US1TXBEE018,20260309,PRCP,18,,,N,0700
US1TXBEE018,20260310,PRCP,0,,,N,0700
US1TXBEE018,20260311,PRCP,0,,,N,0700
US1TXBEE018,20260312,PRCP,0,,,N,0700
US1TXBEE018,20260313,PRCP,0,,,N,0700
US1TXBEE018,20260314,PRCP,0,,,N,0700
US1TXBEE018,20260315,PRCP,0,,,N,0700
US1TXBEE018,20260316,PRCP,0,,,N,0700
US1TXBEE018,20260317,PRCP,0,,,N,0700
US1TXBEE018,20260318,PRCP,0,,,N,0700
US1TXBEE018,20260319,PRCP,0,,,N,0700
US1TXBEE018,20260320,PRCP,0,,,N,0700
US1TXBEE018,20260321,PRCP,0,,,N,0700
US1TXBEE018,20260322,PRCP,0,,,N,0700
US1TXBEE018,20260323,PRCP,0,,,N,0700
US1TXBEE018,20260324,PRCP,0,,,N,0700
US1TXBEE018,20260325,PRCP,0,,,N,0700
US1TXBEE018,20260326,PRCP,0,,,N,0700
US1TXBEE018,20260327,PRCP,0,,,N,0700
US1TXBEE018,20260328,PRCP,0,,,N,0700
US1TXBEE018,20260329,PRCP,0,,,N,0700
US1TXBEE018,20260330,PRCP,0,,,N,0700
US1TXBEE018,20260331,PRCP,0,,,N,0700
US1TXBEE018,20260301,SNOW,0,,,N,0700
US1TXBEE018,20260302,SNOW,0,,,N,0700
US1TXBEE018,20260303,SNOW,0,,,N,0700
US1TXBEE018,20260304,SNOW,0,,,N,0700
US1TXBEE018,20260305,SNOW,0,,,N,0700
US1TXBEE018,20260306,SNOW,0,,,N,0700
US1TXBEE018,20260307,SNOW,0,,,N,0700
US1TXBEE018,20260310,SNOW,0,,,N,0700
US1TXBEE018,20260311,SNOW,0,,,N,0700
US1TXBEE018,20260312,SNOW,0,,,N,0700
US1TXBEE018,20260313,SNOW,0,,,N,0700
US1TXBEE018,20260314,SNOW,0,,,N,0700
US1TXBEE018,20260315,SNOW,0,,,N,0700
US1TXBEE018,20260316,SNOW,0,,,N,0700
US1TXBEE018,20260317,SNOW,0,,,N,0700
US1TXBEE018,20260318,SNOW,0,,,N,0700
US1TXBEE018,20260319,SNOW,0,,,N,0700
US1TXBEE018,20260320,SNOW,0,,,N,0700
US1TXBEE018,20260321,SNOW,0,,,N,0700
US1TXBEE018,20260322,SNOW,0,,,N,0700
US1TXBEE018,20260323,SNOW,0,,,N,0700
US1TXBEE018,20260324,SNOW,0,,,N,0700
US1TXBEE018,20260325,SNOW,0,,,N,0700
US1TXBEE018,20260326,SNOW,0,,,N,0700
US1TXBEE018,20260327,SNOW,0,,,N,0700
US1TXBEE018,20260328,SNOW,0,,,N,0700
US1TXBEE018,20260329,SNOW,0,,,N,0700
US1TXBEE018,20260330,SNOW,0,,,N,0700
US1TXBEE018,20260331,SNOW,0,,,N,0700
US1TXBEE018,20260401,PRCP,0,,,N,0700
US1TXBEE018,20260402,PRCP,0,,,N,0700
US1TXBEE018,20260403,PRCP,0,,,N,0700
US1TXBEE018,20260404,PRCP,0,,,N,0700
US1TXBEE018,20260405,PRCP,38,,,N,0700
US1TXBEE018,20260406,PRCP,30,,,N,0700
US1TXBEE018,20260407,PRCP,0,,,N,0700
US1TXBEE018,20260408,PRCP,0,,,N,0700
US1TXBEE018,20260409,PRCP,0,,,N,0700
US1TXBEE018,20260410,PRCP,3,,,N,0700
US1TXBEE018,20260411,PRCP,8,,,N,0700
US1TXBEE018,20260412,PRCP,51,,,N,0700
US1TXBEE018,20260413,PRCP,25,,,N,0700
US1TXBEE018,20260414,PRCP,3,,,N,0700
US1TXBEE018,20260415,PRCP,0,,,N,0700
US1TXBEE018,20260416,PRCP,0,,,N,0700
US1TXBEE018,20260417,PRCP,0,,,N,0700
US1TXBEE018,20260418,PRCP,0,,,N,0700
US1TXBEE018,20260419,PRCP,0,,,N,0700
US1TXBEE018,20260420,PRCP,147,,,N,0700
US1TXBEE018,20260421,PRCP,163,,,N,0700
US1TXBEE018,20260422,PRCP,137,,,N,0700
US1TXBEE018,20260423,PRCP,3,,,N,0700
US1TXBEE018,20260424,PRCP,0,,,N,0700
US1TXBEE018,20260425,PRCP,0,,,N,0700
US1TXBEE018,20260426,PRCP,0,,,N,0700
US1TXBEE018,20260427,PRCP,0,,,N,0700
US1TXBEE018,20260428,PRCP,0,,,N,0700
US1TXBEE018,20260429,PRCP,0,,,N,0700
US1TXBEE018,20260430,PRCP,0,,,N,0700
US1TXBEE018,20260401,SNOW,0,,,N,0700
US1TXBEE018,20260402,SNOW,0,,,N,0700
US1TXBEE018,20260403,SNOW,0,,,N,0700
US1TXBEE018,20260404,SNOW,0,,,N,0700
US1TXBEE018,20260407,SNOW,0,,,N,0700
US1TXBEE018,20260408,SNOW,0,,,N,0700
US1TXBEE018,20260409,SNOW,0,,,N,0700
US1TXBEE018,20260415,SNOW,0,,,N,0700
US1TXBEE018,20260416,SNOW,0,,,N,0700
US1TXBEE018,20260417,SNOW,0,,,N,0700
US1TXBEE018,20260418,SNOW,0,,,N,0700
US1TXBEE018,20260419,SNOW,0,,,N,0700
US1TXBEE018,20260424,SNOW,0,,,N,0700
US1TXBEE018,20260425,SNOW,0,,,N,0700
US1TXBEE018,20260426,SNOW,0,,,N,0700
US1TXBEE018,20260427,SNOW,0,,,N,0700
US1TXBEE018,20260428,SNOW,0,,,N,0700
US1TXBEE018,20260429,SNOW,0,,,N,0700
US1TXBEE018,20260430,SNOW,0,,,N,0700
US1TXBEE018,20260501,PRCP,0,,,N,0700
US1TXBEE018,20260502,PRCP,89,,,N,0700
US1TXBEE018,20260503,PRCP,0,,,N,0700
US1TXBEE018,20260504,PRCP,0,,,N,0700
US1TXBEE018,20260505,PRCP,0,,,N,0700
US1TXBEE018,20260506,PRCP,0,,,N,0700
US1TXBEE018,20260507,PRCP,0,,,N,0700
US1TXBEE018,20260508,PRCP,0,,,N,0700
US1TXBEE018,20260509,PRCP,43,,,N,0700
US1TXBEE018,20260510,PRCP,3,,,N,0700
US1TXBEE018,20260511,PRCP,61,,,N,0700
US1TXBEE018,20260512,PRCP,3,,,N,0700
US1TXBEE018,20260513,PRCP,0,,,N,0700
US1TXBEE018,20260514,PRCP,0,,,N,0700
US1TXBEE018,20260515,PRCP,0,,,N,0700
US1TXBEE018,20260516,PRCP,0,,,N,0700
US1TXBEE018,20260517,PRCP,0,,,N,0700
US1TXBEE018,20260518,PRCP,0,,,N,0700
US1TXBEE018,20260519,PRCP,249,,,N,0700
US1TXBEE018,20260520,PRCP,455,,,N,0700
US1TXBEE018,20260521,PRCP,241,,,N,0700
US1TXBEE018,20260522,PRCP,23,,,N,0700
US1TXBEE018,20260523,PRCP,0,,,N,0700
US1TXBEE018,20260524,PRCP,371,,,N,0700
US1TXBEE018,20260501,SNOW,0,,,N,0700
US1TXBEE018,20260503,SNOW,0,,,N,0700
US1TXBEE018,20260504,SNOW,0,,,N,0700
US1TXBEE018,20260505,SNOW,0,,,N,0700
US1TXBEE018,20260506,SNOW,0,,,N,0700
US1TXBEE018,20260507,SNOW,0,,,N,0700
US1TXBEE018,20260508,SNOW,0,,,N,0700
US1TXBEE018,20260513,SNOW,0,,,N,0700
US1TXBEE018,20260514,SNOW,0,,,N,0700
US1TXBEE018,20260515,SNOW,0,,,N,0700
US1TXBEE018,20260516,SNOW,0,,,N,0700
US1TXBEE018,20260517,SNOW,0,,,N,0700
US1TXBEE018,20260518,SNOW,0,,,N,0700
US1TXBEE018,20260523,SNOW,0,,,N,0700
US1TXBEE018,20260603,PRCP,86,,,N,0700
US1TXBEE018,20260604,PRCP,439,,,N,0700
US1TXBEE018,20260605,PRCP,64,,,N,0700
US1TXBEE018,20260606,PRCP,61,,,N,0700
US1TXBEE018,20260607,PRCP,3,,,N,0700
US1TXBEE018,20260608,PRCP,38,,,N,0700
US1TXBEE018,20260609,PRCP,0,,,N,0700
US1TXBEE018,20260610,PRCP,0,T,,N,0700
US1TXBEE018,20260611,PRCP,0,,,N,0700
US1TXBEE018,20260612,PRCP,28,,,N,0700
US1TXBEE018,20260613,PRCP,0,,,N,0700
US1TXBEE018,20260614,PRCP,107,,,N,0700
US1TXBEE018,20260615,PRCP,43,,,N,0700
US1TXBEE018,20260616,PRCP,345,,,N,0700
US1TXBEE018,20260617,PRCP,572,,,N,0700
US1TXBEE018,20260618,PRCP,3,,,N,0700
US1TXBEE018,20260619,PRCP,0,,,N,0700
US1TXBEE018,20260620,PRCP,86,,,N,0700
US1TXBEE018,20260621,PRCP,168,,,N,0700
US1TXBEE018,20260622,PRCP,0,T,,N,0700
US1TXBEE018,20260623,PRCP,0,,,N,0700
US1TXBEE018,20260624,PRCP,0,,,N,0700
US1TXBEE018,20260625,PRCP,0,T,,N,0700
US1TXBEE018,20260626,PRCP,0,,,N,0700
US1TXBEE018,20260627,PRCP,0,,,N,0700
US1TXBEE018,20260628,PRCP,0,,,N,0700
US1TXBEE018,20260629,PRCP,0,,,N,0700
US1TXBEE018,20260630,PRCP,0,,,N,0700
US1TXBEE018,20260609,SNOW,0,,,N,0700
US1TXBEE018,20260611,SNOW,0,,,N,0700
US1TXBEE018,20260613,SNOW,0,,,N,0700
US1TXBEE018,20260619,SNOW,0,,,N,0700
US1TXBEE018,20260623,SNOW,0,,,N,0700
US1TXBEE018,20260624,SNOW,0,,,N,0700
US1TXBEE018,20260626,SNOW,0,,,N,0700
US1TXBEE018,20260627,SNOW,0,,,N,0700
US1TXBEE018,20260628,SNOW,0,,,N,0700
US1TXBEE018,20260629,SNOW,0,,,N,0700
US1TXBEE018,20260630,SNOW,0,,,N,0700
US1TXBEE018,20260602,DAPR,9,,,N,1300
US1TXBEE018,20260602,MDPR,699,,,N,1300
US1TXBEE018,20260701,PRCP,0,,,N,0700
US1TXBEE018,20260702,PRCP,0,,,N,0700
US1TXBEE018,20260703,PRCP,15,,,N,0700
US1TXBEE018,20260704,PRCP,0,,,N,0700
US1TXBEE018,20260705,PRCP,0,,,N,0700
US1TXBEE018,20260706,PRCP,0,,,N,0700
US1TXBEE018,20260707,PRCP,0,,,N,0700
US1TXBEE018,20260708,PRCP,23,,,N,0700
US1TXBEE018,20260709,PRCP,0,,,N,0700
US1TXBEE018,20260710,PRCP,0,,,N,0700
US1TXBEE018,20260711,PRCP,0,,,N,0700
US1TXBEE018,20260712,PRCP,147,,,N,0700
US1TXBEE018,20260713,PRCP,46,,,N,0700
US1TXBEE018,20260714,PRCP,145,,,N,0700
US1TXBEE018,20260715,PRCP,0,,,N,0700
US1TXBEE018,20260716,PRCP,3,,,N,0700
US1TXBEE018,20260717,PRCP,0,,,N,0700
US1TXBEE018,20260718,PRCP,0,,,N,0700
US1TXBEE018,20260719,PRCP,0,,,N,0700
US1TXBEE018,20260720,PRCP,0,,,N,0700
US1TXBEE018,20260721,PRCP,0,,,N,0700
US1TXBEE018,20260722,PRCP,0,,,N,0700
US1TXBEE018,20260723,PRCP,0,,,N,0700
US1TXBEE018,20260724,PRCP,28,,,N,0700
US1TXBEE018,20260725,PRCP,3,,,N,0700
US1TXBEE018,20260726,PRCP,0,,,N,0700
US1TXBEE018,20260727,PRCP,0,,,N,0700
US1TXBEE018,20260728,PRCP,0,,,N,0700
US1TXBEE018,20260729,PRCP,0,,,N,0700
US1TXBEE018,20260730,PRCP,0,,,N,0700
US1TXBEE018,20260731,PRCP,0,,,N,0700
US1TXBEE018,20260701,SNOW,0,,,N,0700
US1TXBEE018,20260702,SNOW,0,,,N,0700
US1TXBEE018,20260704,SNOW,0,,,N,0700
US1TXBEE018,20260705,SNOW,0,,,N,0700
US1TXBEE018,20260706,SNOW,0,,,N,0700
US1TXBEE018,20260707,SNOW,0,,,N,0700
US1TXBEE018,20260709,SNOW,0,,,N,0700
US1TXBEE018,20260710,SNOW,0,,,N,0700
US1TXBEE018,20260711,SNOW,0,,,N,0700
US1TXBEE018,20260715,SNOW,0,,,N,0700
US1TXBEE018,20260717,SNOW,0,,,N,0700
US1TXBEE018,20260718,SNOW,0,,,N,0700
US1TXBEE018,20260719,SNOW,0,,,N,0700
US1TXBEE018,20260720,SNOW,0,,,N,0700
US1TXBEE018,20260721,SNOW,0,,,N,0700
US1TXBEE018,20260722,SNOW,0,,,N,0700
US1TXBEE018,20260723,SNOW,0,,,N,0700
US1TXBEE018,20260726,SNOW,0,,,N,0700
US1TXBEE018,20260727,SNOW,0,,,N,0700
US1TXBEE018,20260728,SNOW,0,,,N,0700
US1TXBEE018,20260729,SNOW,0,,,N,0700
US1TXBEE018,20260730,SNOW,0,,,N,0700
US1TXBEE018,20260731,SNOW,0,,,N,0700
US1TXBEE018,20260801,PRCP,0,,,N,0700
US1TXBEE018,20260802,PRCP,0,,,N,0700
US1TXBEE018,20260803,PRCP,335,,,N,0700
US1TXBEE018,20260804,PRCP,0,,,N,0700
US1TXBEE018,20260805,PRCP,0,,,N,0700
US1TXBEE018,20260806,PRCP,0,,,N,0700
US1TXBEE018,20260807,PRCP,0,,,N,0700
US1TXBEE018,20260808,PRCP,0,,,N,0700
US1TXBEE018,20260809,PRCP,0,,,N,0700
US1TXBEE018,20260810,PRCP,0,,,N,0700
US1TXBEE018,20260811,PRCP,0,,,N,0700
US1TXBEE018,20260812,PRCP,0,,,N,0700
US1TXBEE018,20260813,PRCP,0,,,N,0700
US1TXBEE018,20260814,PRCP,0,,,N,0700
US1TXBEE018,20260815,PRCP,0,,,N,0700
US1TXBEE018,20260816,PRCP,0,,,N,0700
US1TXBEE018,20260817,PRCP,0,,,N,0700
US1TXBEE018,20260818,PRCP,0,,,N,0700
US1TXBEE018,20260819,PRCP,0,,,N,0700
US1TXBEE018,20260820,PRCP,0,,,N,0700
US1TXBEE018,20260821,PRCP,0,,,N,0700
US1TXBEE018,20260822,PRCP,0,,,N,0700
US1TXBEE018,20260823,PRCP,0,,,N,0700
US1TXBEE018,20260824,PRCP,0,,,N,0700
US1TXBEE018,20260825,PRCP,0,,,N,0700
US1TXBEE018,20260826,PRCP,0,,,N,0700
US1TXBEE018,20260827,PRCP,0,,,N,0700
US1TXBEE018,20260828,PRCP,0,,,N,0700
US1TXBEE018,20260829,PRCP,0,,,N,0700
US1TXBEE018,20260830,PRCP,0,,,N,0700
US1TXBEE018,20260831,PRCP,0,,,N,0700
US1TXBEE018,20260801,SNOW,0,,,N,0700
US1TXBEE018,20260802,SNOW,0,,,N,0700
US1TXBEE018,20260804,SNOW,0,,,N,0700
US1TXBEE018,20260805,SNOW,0,,,N,0700
US1TXBEE018,20260806,SNOW,0,,,N,0700
US1TXBEE018,20260807,SNOW,0,,,N,0700
US1TXBEE018,20260808,SNOW,0,,,N,0700
US1TXBEE018,20260809,SNOW,0,,,N,0700
US1TXBEE018,20260810,SNOW,0,,,N,0700
US1TXBEE018,20260811,SNOW,0,,,N,0700
US1TXBEE018,20260812,SNOW,0,,,N,0700
US1TXBEE018,20260813,SNOW,0,,,N,0700
US1TXBEE018,20260814,SNOW,0,,,N,0700
US1TXBEE018,20260815,SNOW,0,,,N,0700
US1TXBEE018,20260816,SNOW,0,,,N,0700
US1TXBEE018,20260817,SNOW,0,,,N,0700
US1TXBEE018,20260818,SNOW,0,,,N,0700
US1TXBEE018,20260819,SNOW,0,,,N,0700
US1TXBEE018,20260820,SNOW,0,,,N,0700
US1TXBEE018,20260821,SNOW,0,,,N,0700
US1TXBEE018,20260822,SNOW,0,,,N,0700
US1TXBEE018,20260823,SNOW,0,,,N,0700
US1TXBEE018,20260824,SNOW,0,,,N,0700
US1TXBEE018,20260825,SNOW,0,,,N,0700
US1TXBEE018,20260826,SNOW,0,,,N,0700
US1TXBEE018,20260827,SNOW,0,,,N,0700
US1TXBEE018,20260828,SNOW,0,,,N,0700
US1TXBEE018,20260829,SNOW,0,,,N,0700
US1TXBEE018,20260830,SNOW,0,,,N,0700
US1TXBEE018,20260831,SNOW,0,,,N,0700
US1TXBEE018,20260901,PRCP,0,,,N,0700
US1TXBEE018,20260902,PRCP,0,,,N,0700
US1TXBEE018,20260903,PRCP,0,,,N,0700
US1TXBEE018,20260904,PRCP,0,,,N,0700
US1TXBEE018,20260905,PRCP,0,,,N,
US1TXBEE018,20260906,PRCP,0,,,N,
US1TXBEE018,20260907,PRCP,0,,,N,
US1TXBEE018,20260908,PRCP,0,,,N,
US1TXBEE018,20260909,PRCP,0,,,N,
US1TXBEE018,20260901,SNOW,0,,,N,0700
US1TXBEE018,20260902,SNOW,0,,,N,0700
US1TXBEE018,20260903,SNOW,0,,,N,0700
US1TXBEE018,20260904,SNOW,0,,,N,0700
US1TXBEE018,20260905,SNOW,0,,,N,
US1TXBEE018,20260906,SNOW,0,,,N,
US1TXBEE018,20260907,SNOW,0,,,N,
US1TXBEE018,20260908,SNOW,0,,,N,
US1TXBEE018,20260909,SNOW,0,,,N,
