ID,DATE,ELEMENT,DATA_VALUE,M_FLAG,Q_FLAG,S_FLAG,OBS_TIME
US1TXAS0003,20100501,PRCP,0,,,N,0640
US1TXAS0003,20100502,PRCP,0,,,N,0800
US1TXAS0003,20100503,PRCP,0,,,N,0720
US1TXAS0003,20100504,PRCP,0,,,N,0629
US1TXAS0003,20100515,PRCP,871,,,N,0720
US1TXAS0003,20100516,PRCP,221,,,N,0735
US1TXAS0003,20100517,PRCP,0,,,N,0800
US1TXAS0003,20100519,PRCP,0,,,N,0800
US1TXAS0003,20100525,PRCP,0,,,N,0800
US1TXAS0003,20100526,PRCP,0,,,N,0800
US1TXAS0003,20100501,SNOW,0,,,N,0640
US1TXAS0003,20100502,SNOW,0,,,N,0800
US1TXAS0003,20100503,SNOW,0,,,N,0720
US1TXAS0003,20100504,SNOW,0,,,N,0629
US1TXAS0003,20100517,SNOW,0,,,N,0800
US1TXAS0003,20100519,SNOW,0,,,N,0800
US1TXAS0003,20100525,SNOW,0,,,N,0800
US1TXAS0003,20100526,SNOW,0,,,N,0800
US1TXAS0003,20100514,SNWD,0,,,N,0730
US1TXAS0003,20100524,SNWD,0,,,N,0800
US1TXAS0003,20100531,SNWD,0,,,N,1730
US1TXAS0003,20100514,DAPR,10,,,N,0730
US1TXAS0003,20100524,DAPR,4,,,N,0800
US1TXAS0003,20100531,DAPR,4,,,N,1730
US1TXAS0003,20100514,MDPR,0,,,N,0730
US1TXAS0003,20100524,MDPR,0,,,N,0800
US1TXAS0003,20100531,MDPR,0,,,N,1730
US1TXAS0003,20100514,WESD,0,,,N,0730
US1TXAS0003,20100524,WESD,0,,,N,0800
US1TXAS0003,20100531,WESD,0,,,N,1730
US1TXAS0003,20100603,PRCP,445,,,N,0730
US1TXAS0003,20100604,PRCP,165,,,N,0900
US1TXAS0003,20100605,PRCP,0,,,N,0800
US1TXAS0003,20100606,PRCP,0,,,N,0800
US1TXAS0003,20100607,PRCP,0,,,N,0800
US1TXAS0003,20100608,PRCP,5,,,N,0730
US1TXAS0003,20100609,PRCP,213,,,N,0730
US1TXAS0003,20100610,PRCP,8,,,N,0730
US1TXAS0003,20100615,PRCP,0,,,N,0830
US1TXAS0003,20100616,PRCP,8,,L,N,0715
US1TXAS0003,20100605,SNOW,0,,,N,0800
US1TXAS0003,20100606,SNOW,0,,,N,0800
US1TXAS0003,20100607,SNOW,0,,,N,0800
US1TXAS0003,20100615,SNOW,0,,,N,0830
US1TXAS0003,20100614,DAPR,4,,,N,0715
US1TXAS0003,20100629,DAPR,14,,L,N,1953
US1TXAS0003,20100614,MDPR,0,,,N,0715
US1TXAS0003,20100629,MDPR,25,,L,N,1953
US1TXAS0003,20100701,PRCP,36,,,N,0832
US1TXAS0003,20100702,PRCP,251,,,N,0730
US1TXAS0003,20100703,PRCP,221,,,N,0845
US1TXAS0003,20100704,PRCP,8,,,N,0833
US1TXAS0003,20100706,PRCP,3,,,N,0715
US1TXAS0003,20100707,PRCP,3,,,N,0730
US1TXAS0003,20100708,PRCP,20,,,N,0715
US1TXAS0003,20100709,PRCP,8,,,N,0813
US1TXAS0003,20100710,PRCP,206,,,N,0630
US1TXAS0003,20100711,PRCP,0,,,N,0800
US1TXAS0003,20100712,PRCP,0,,,N,0800
US1TXAS0003,20100713,PRCP,0,,,N,0800
US1TXAS0003,20100714,PRCP,0,,,N,0730
US1TXAS0003,20100718,PRCP,0,,,N,0800
US1TXAS0003,20100719,PRCP,5,,,N,0718
US1TXAS0003,20100720,PRCP,0,T,,N,0715
US1TXAS0003,20100721,PRCP,0,,,N,0800
US1TXAS0003,20100722,PRCP,0,,,N,0800
US1TXAS0003,20100723,PRCP,41,,,N,0715
US1TXAS0003,20100707,SNOW,0,,,N,0730
US1TXAS0003,20100711,SNOW,0,,,N,0800
US1TXAS0003,20100712,SNOW,0,,,N,0800
US1TXAS0003,20100713,SNOW,0,,,N,0800
US1TXAS0003,20100714,SNOW,0,,,N,0730
US1TXAS0003,20100718,SNOW,0,,,N,0800
US1TXAS0003,20100721,SNOW,0,,,N,0800
US1TXAS0003,20100722,SNOW,0,,,N,0800
US1TXAS0003,20100717,DAPR,3,,,N,0750
US1TXAS0003,20100717,MDPR,0,,,N,0750
US1TXAS0003,20100804,PRCP,0,,,N,0800
US1TXAS0003,20100805,PRCP,0,,,N,0800
US1TXAS0003,20100806,PRCP,0,,,N,0800
US1TXAS0003,20100807,PRCP,0,,,N,0800
US1TXAS0003,20100808,PRCP,0,,,N,0800
US1TXAS0003,20100809,PRCP,0,,,N,0630
US1TXAS0003,20100810,PRCP,0,,,N,0800
US1TXAS0003,20100811,PRCP,0,,,N,0715
US1TXAS0003,20100813,PRCP,36,,,N,0715
US1TXAS0003,20100815,PRCP,0,,,N,0800
US1TXAS0003,20100816,PRCP,0,,,N,0800
US1TXAS0003,20100817,PRCP,79,,,N,0720
US1TXAS0003,20100818,PRCP,0,,,N,0630
US1TXAS0003,20100819,PRCP,0,,,N,0630
US1TXAS0003,20100821,PRCP,0,,,N,0730
US1TXAS0003,20100823,PRCP,0,,,N,0530
US1TXAS0003,20100829,PRCP,0,,,N,0700
US1TXAS0003,20100830,PRCP,0,,,N,0730
US1TXAS0003,20100831,PRCP,0,,,N,0730
US1TXAS0003,20100804,SNOW,0,,,N,0800
US1TXAS0003,20100805,SNOW,0,,,N,0800
US1TXAS0003,20100806,SNOW,0,,,N,0800
US1TXAS0003,20100807,SNOW,0,,,N,0800
US1TXAS0003,20100808,SNOW,0,,,N,0800
US1TXAS0003,20100809,SNOW,0,,,N,0630
US1TXAS0003,20100810,SNOW,0,,,N,0800
US1TXAS0003,20100811,SNOW,0,,,N,0715
US1TXAS0003,20100815,SNOW,0,,,N,0800
US1TXAS0003,20100816,SNOW,0,,,N,0800
US1TXAS0003,20100818,SNOW,0,,,N,0630
US1TXAS0003,20100819,SNOW,0,,,N,0630
US1TXAS0003,20100821,SNOW,0,,,N,0730
US1TXAS0003,20100823,SNOW,0,,,N,0530
US1TXAS0003,20100829,SNOW,0,,,N,0700
US1TXAS0003,20100830,SNOW,0,,,N,0730
US1TXAS0003,20100831,SNOW,0,,,N,0730
US1TXAS0003,20100803,DAPR,10,,,N,1620
US1TXAS0003,20100828,DAPR,5,,,N,0700
US1TXAS0003,20100803,MDPR,315,,,N,1620
US1TXAS0003,20100828,MDPR,0,,,N,0700
US1TXAS0003,20100901,PRCP,36,,,N,0730
US1TXAS0003,20100902,PRCP,0,,,N,0730
US1TXAS0003,20100903,PRCP,236,,,N,0745
US1TXAS0003,20100904,PRCP,0,,,N,0800
US1TXAS0003,20100905,PRCP,5,,,N,0730
US1TXAS0003,20100906,PRCP,0,,,N,0800
US1TXAS0003,20100907,PRCP,76,,,N,0730
US1TXAS0003,20100908,PRCP,564,,,N,0615
US1TXAS0003,20100917,PRCP,0,,,N,0700
US1TXAS0003,20100920,PRCP,51,,,N,0800
US1TXAS0003,20100921,PRCP,8,,,N,0800
US1TXAS0003,20100922,PRCP,0,,,N,0700
US1TXAS0003,20100923,PRCP,0,,,N,0800
US1TXAS0003,20100924,PRCP,0,,,N,0700
US1TXAS0003,20100925,PRCP,36,,,N,0800
US1TXAS0003,20100926,PRCP,0,,,N,0800
US1TXAS0003,20100927,PRCP,0,,,N,0730
US1TXAS0003,20100928,PRCP,0,,,N,0800
US1TXAS0003,20100929,PRCP,0,,,N,0800
US1TXAS0003,20100930,PRCP,0,,,N,0600
US1TXAS0003,20100902,SNOW,0,,,N,0730
US1TXAS0003,20100904,SNOW,0,,,N,0800
US1TXAS0003,20100906,SNOW,0,,,N,0800
US1TXAS0003,20100917,SNOW,0,,,N,0700
US1TXAS0003,20100922,SNOW,0,,,N,0700
US1TXAS0003,20100923,SNOW,0,,,N,0800
US1TXAS0003,20100924,SNOW,0,,,N,0700
US1TXAS0003,20100925,SNOW,0,,,N,0800
US1TXAS0003,20100926,SNOW,0,,,N,0800
US1TXAS0003,20100927,SNOW,0,,,N,0730
US1TXAS0003,20100928,SNOW,0,,,N,0800
US1TXAS0003,20100929,SNOW,0,,,N,0800
US1TXAS0003,20100930,SNOW,0,,,N,0600
US1TXAS0003,20100916,DAPR,8,,,N,1815
US1TXAS0003,20100916,MDPR,234,,,N,1815
US1TXAS0003,20101001,PRCP,0,,,N,0600
US1TXAS0003,20101002,PRCP,0,,,N,0800
US1TXAS0003,20101003,PRCP,0,,L,N,0800
US1TXAS0003,20101004,PRCP,0,,L,N,0800
US1TXAS0003,20101005,PRCP,0,,L,N,0800
US1TXAS0003,20101006,PRCP,0,,L,N,0800
US1TXAS0003,20101007,PRCP,0,,L,N,1430
US1TXAS0003,20101008,PRCP,0,,,N,0800
US1TXAS0003,20101009,PRCP,0,,,N,0800
US1TXAS0003,20101010,PRCP,0,,,N,0800
US1TXAS0003,20101011,PRCP,0,,,N,0800
US1TXAS0003,20101012,PRCP,0,,,N,0800
US1TXAS0003,20101013,PRCP,0,,,N,0700
US1TXAS0003,20101014,PRCP,0,,,N,0430
US1TXAS0003,20101015,PRCP,0,,,N,0700
US1TXAS0003,20101016,PRCP,0,,,N,0700
US1TXAS0003,20101017,PRCP,0,,,N,0700
US1TXAS0003,20101018,PRCP,0,,,N,0700
US1TXAS0003,20101019,PRCP,0,,,N,0700
US1TXAS0003,20101020,PRCP,0,,,N,0700
US1TXAS0003,20101021,PRCP,0,,,N,0600
US1TXAS0003,20101022,PRCP,0,,,N,0700
US1TXAS0003,20101023,PRCP,0,,,N,0700
US1TXAS0003,20101024,PRCP,3,,,N,0800
US1TXAS0003,20101025,PRCP,0,,,N,0800
US1TXAS0003,20101001,SNOW,0,,,N,0600
US1TXAS0003,20101002,SNOW,0,,,N,0800
US1TXAS0003,20101003,SNOW,0,,,N,0800
US1TXAS0003,20101004,SNOW,0,,,N,0800
US1TXAS0003,20101005,SNOW,0,,,N,0800
US1TXAS0003,20101006,SNOW,0,,,N,0800
US1TXAS0003,20101007,SNOW,0,,,N,1430
US1TXAS0003,20101008,SNOW,0,,,N,0800
US1TXAS0003,20101009,SNOW,0,,,N,0800
US1TXAS0003,20101010,SNOW,0,,,N,0800
US1TXAS0003,20101011,SNOW,0,,,N,0800
US1TXAS0003,20101012,SNOW,0,,,N,0800
US1TXAS0003,20101013,SNOW,0,,,N,0700
US1TXAS0003,20101014,SNOW,0,,,N,0430
US1TXAS0003,20101015,SNOW,0,,,N,0700
US1TXAS0003,20101016,SNOW,0,,,N,0700
US1TXAS0003,20101017,SNOW,0,,,N,0700
US1TXAS0003,20101018,SNOW,0,,,N,0700
US1TXAS0003,20101019,SNOW,0,,,N,0700
US1TXAS0003,20101020,SNOW,0,,,N,0700
US1TXAS0003,20101021,SNOW,0,,,N,0600
US1TXAS0003,20101022,SNOW,0,,,N,0700
US1TXAS0003,20101023,SNOW,0,,,N,0700
US1TXAS0003,20101025,SNOW,0,,,N,0800
US1TXAS0003,20101007,DAPR,5,,L,N,1430
US1TXAS0003,20101031,DAPR,6,,,N,1920
US1TXAS0003,20101007,MDPR,0,,L,N,1430
US1TXAS0003,20101031,MDPR,0,,,N,1920
US1TXAS0003,20101101,PRCP,0,,,N,0800
US1TXAS0003,20101104,PRCP,0,,,N,0800
US1TXAS0003,20101105,PRCP,0,,,N,0530
US1TXAS0003,20101106,PRCP,0,,,N,0700
US1TXAS0003,20101107,PRCP,0,,,N,0730
US1TXAS0003,20101108,PRCP,0,,,N,0700
US1TXAS0003,20101109,PRCP,0,,,N,0700
US1TXAS0003,20101110,PRCP,0,,,N,0600
US1TXAS0003,20101111,PRCP,13,,,N,0800
US1TXAS0003,20101112,PRCP,8,,,N,0800
US1TXAS0003,20101113,PRCP,66,,,N,0800
US1TXAS0003,20101114,PRCP,0,,,N,0800
US1TXAS0003,20101115,PRCP,109,,,N,0915
US1TXAS0003,20101116,PRCP,3,,,N,0800
US1TXAS0003,20101117,PRCP,0,,,N,0800
US1TXAS0003,20101118,PRCP,0,,,N,0800
US1TXAS0003,20101122,PRCP,0,,,N,0600
US1TXAS0003,20101123,PRCP,0,,,N,0800
US1TXAS0003,20101101,SNOW,0,,,N,0800
US1TXAS0003,20101104,SNOW,0,,,N,0800
US1TXAS0003,20101105,SNOW,0,,,N,0530
US1TXAS0003,20101106,SNOW,0,,,N,0700
US1TXAS0003,20101107,SNOW,0,,,N,0730
US1TXAS0003,20101108,SNOW,0,,,N,0700
US1TXAS0003,20101109,SNOW,0,,,N,0700
US1TXAS0003,20101110,SNOW,0,,,N,0600
US1TXAS0003,20101114,SNOW,0,,,N,0800
US1TXAS0003,20101117,SNOW,0,,,N,0800
US1TXAS0003,20101118,SNOW,0,,,N,0800
US1TXAS0003,20101122,SNOW,0,,,N,0600
US1TXAS0003,20101123,SNOW,0,,,N,0800
US1TXAS0003,20101103,DAPR,2,,,N,0800
US1TXAS0003,20101121,DAPR,3,,,N,1800
US1TXAS0003,20101103,MDPR,58,,,N,0800
US1TXAS0003,20101121,MDPR,0,,,N,1800
US1TXAS0003,20101206,PRCP,0,,,N,0800
US1TXAS0003,20101207,PRCP,0,,,N,0800
US1TXAS0003,20101208,PRCP,8,,,N,0800
US1TXAS0003,20101209,PRCP,0,,,N,0800
US1TXAS0003,20101210,PRCP,0,,,N,0800
US1TXAS0003,20101211,PRCP,0,,,N,0800
US1TXAS0003,20101212,PRCP,0,,,N,0700
US1TXAS0003,20101213,PRCP,0,,,N,0600
US1TXAS0003,20101214,PRCP,0,,,N,0800
US1TXAS0003,20101215,PRCP,0,,,N,0800
US1TXAS0003,20101206,SNOW,0,,,N,0800
US1TXAS0003,20101207,SNOW,0,,,N,0800
US1TXAS0003,20101209,SNOW,0,,,N,0800
US1TXAS0003,20101210,SNOW,0,,,N,0800
US1TXAS0003,20101211,SNOW,0,,,N,0800
US1TXAS0003,20101212,SNOW,0,,,N,0700
US1TXAS0003,20101213,SNOW,0,,,N,0600
US1TXAS0003,20101214,SNOW,0,,,N,0800
US1TXAS0003,20101215,SNOW,0,,,N,0800
US1TXAS0003,20101205,DAPR,12,,,N,1900
US1TXAS0003,20101231,DAPR,16,,,N,1800
US1TXAS0003,20101205,MDPR,15,,,N,1900
US1TXAS0003,20101231,MDPR,216,,,N,1800
US1TXAS0003,20110101,PRCP,0,,,N,0800
US1TXAS0003,20110102,PRCP,0,,,N,0730
US1TXAS0003,20110103,PRCP,0,,,N,0700
US1TXAS0003,20110104,PRCP,0,,,N,0800
US1TXAS0003,20110109,PRCP,409,,,N,0900
US1TXAS0003,20110110,PRCP,5,,,N,0800
US1TXAS0003,20110111,PRCP,0,,,N,0800
US1TXAS0003,20110112,PRCP,0,,,N,0700
US1TXAS0003,20110113,PRCP,0,,,N,0700
US1TXAS0003,20110114,PRCP,0,,,N,0800
US1TXAS0003,20110115,PRCP,0,,,N,0600
US1TXAS0003,20110116,PRCP,79,,,N,0930
US1TXAS0003,20110117,PRCP,64,,,N,0900
US1TXAS0003,20110118,PRCP,0,,,N,0700
US1TXAS0003,20110119,PRCP,5,,,N,0800
US1TXAS0003,20110120,PRCP,0,,,N,0800
US1TXAS0003,20110121,PRCP,0,,,N,0800
US1TXAS0003,20110122,PRCP,0,,,N,0800
US1TXAS0003,20110123,PRCP,0,,,N,0700
US1TXAS0003,20110124,PRCP,5,,,N,0800
US1TXAS0003,20110125,PRCP,8,,,N,1100
US1TXAS0003,20110126,PRCP,0,,,N,0800
US1TXAS0003,20110127,PRCP,0,,,N,0800
US1TXAS0003,20110128,PRCP,0,,,N,0800
US1TXAS0003,20110129,PRCP,0,,,N,0800
US1TXAS0003,20110130,PRCP,3,,,N,0800
US1TXAS0003,20110131,PRCP,15,,,N,0835
US1TXAS0003,20110101,SNOW,0,,,N,0800
US1TXAS0003,20110102,SNOW,0,,,N,0730
US1TXAS0003,20110103,SNOW,0,,,N,0700
US1TXAS0003,20110104,SNOW,0,,,N,0800
US1TXAS0003,20110111,SNOW,0,,,N,0800
US1TXAS0003,20110112,SNOW,0,,,N,0700
US1TXAS0003,20110113,SNOW,0,,,N,0700
US1TXAS0003,20110114,SNOW,0,,,N,0800
US1TXAS0003,20110115,SNOW,0,,,N,0600
US1TXAS0003,20110118,SNOW,0,,,N,0700
US1TXAS0003,20110119,SNOW,0,,,N,0800
US1TXAS0003,20110120,SNOW,0,,,N,0800
US1TXAS0003,20110121,SNOW,0,,,N,0800
US1TXAS0003,20110122,SNOW,0,,,N,0800
US1TXAS0003,20110123,SNOW,0,,,N,0700
US1TXAS0003,20110125,SNOW,0,,,N,1100
US1TXAS0003,20110126,SNOW,0,,,N,0800
US1TXAS0003,20110127,SNOW,0,,,N,0800
US1TXAS0003,20110128,SNOW,0,,,N,0800
US1TXAS0003,20110129,SNOW,0,,,N,0800
US1TXAS0003,20110130,SNOW,0,,,N,0800
US1TXAS0003,20110108,DAPR,4,,,N,1800
US1TXAS0003,20110108,MDPR,122,,,N,1800
US1TXAS0003,20110201,PRCP,81,,,N,0830
US1TXAS0003,20110202,PRCP,0,,,N,0830
US1TXAS0003,20110203,PRCP,0,,,N,0800
US1TXAS0003,20110204,PRCP,5,,,N,0800
US1TXAS0003,20110205,PRCP,0,,,N,0800
US1TXAS0003,20110206,PRCP,0,,,N,0800
US1TXAS0003,20110207,PRCP,0,,,N,0800
US1TXAS0003,20110208,PRCP,0,,,N,0800
US1TXAS0003,20110209,PRCP,71,,,N,0930
US1TXAS0003,20110210,PRCP,3,,,N,0800
US1TXAS0003,20110211,PRCP,0,,,N,0800
US1TXAS0003,20110213,PRCP,0,,,N,0800
US1TXAS0003,20110214,PRCP,0,,,N,0800
US1TXAS0003,20110215,PRCP,0,,,N,0700
US1TXAS0003,20110221,PRCP,0,,,N,0800
US1TXAS0003,20110222,PRCP,0,,,N,0800
US1TXAS0003,20110223,PRCP,0,,,N,0800
US1TXAS0003,20110224,PRCP,0,,,N,0800
US1TXAS0003,20110225,PRCP,18,,,N,0800
US1TXAS0003,20110226,PRCP,0,,,N,0800
US1TXAS0003,20110227,PRCP,0,,,N,0800
US1TXAS0003,20110228,PRCP,18,,,N,0800
US1TXAS0003,20110202,SNOW,0,,,N,0830
US1TXAS0003,20110203,SNOW,0,,,N,0800
US1TXAS0003,20110204,SNOW,8,,,N,0800
US1TXAS0003,20110205,SNOW,0,,,N,0800
US1TXAS0003,20110206,SNOW,0,,,N,0800
US1TXAS0003,20110207,SNOW,0,,,N,0800
US1TXAS0003,20110208,SNOW,0,,,N,0800
US1TXAS0003,20110210,SNOW,0,,,N,0800
US1TXAS0003,20110211,SNOW,0,,,N,0800
US1TXAS0003,20110213,SNOW,0,,,N,0800
US1TXAS0003,20110214,SNOW,0,,,N,0800
US1TXAS0003,20110215,SNOW,0,,,N,0700
US1TXAS0003,20110221,SNOW,0,,,N,0800
US1TXAS0003,20110222,SNOW,0,,,N,0800
US1TXAS0003,20110223,SNOW,0,,,N,0800
US1TXAS0003,20110224,SNOW,0,,,N,0800
US1TXAS0003,20110226,SNOW,0,,,N,0800
US1TXAS0003,20110227,SNOW,0,,,N,0800
US1TXAS0003,20110228,SNOW,0,,,N,0800
US1TXAS0003,20110220,DAPR,5,,,N,1900
US1TXAS0003,20110220,MDPR,0,,,N,1900
US1TXAS0003,20110204,WESF,5,,,N,0800
US1TXAS0003,20110301,PRCP,0,,,N,0700
US1TXAS0003,20110302,PRCP,0,,,N,0700
US1TXAS0003,20110303,PRCP,0,,,N,0800
US1TXAS0003,20110304,PRCP,0,,,N,0800
US1TXAS0003,20110305,PRCP,13,,,N,1000
US1TXAS0003,20110306,PRCP,0,,,N,0800
US1TXAS0003,20110307,PRCP,0,,,N,0800
US1TXAS0003,20110308,PRCP,8,,,N,0800
US1TXAS0003,20110309,PRCP,0,,,N,0800
US1TXAS0003,20110310,PRCP,0,,,N,0800
US1TXAS0003,20110311,PRCP,0,,,N,0800
US1TXAS0003,20110312,PRCP,0,,,N,0800
US1TXAS0003,20110313,PRCP,0,,,N,0800
US1TXAS0003,20110314,PRCP,13,,,N,0950
US1TXAS0003,20110315,PRCP,0,,,N,0800
US1TXAS0003,20110316,PRCP,0,,,N,0800
US1TXAS0003,20110317,PRCP,0,,,N,0800
US1TXAS0003,20110318,PRCP,0,,,N,0800
US1TXAS0003,20110319,PRCP,0,,,N,0800
US1TXAS0003,20110320,PRCP,0,,,N,0800
US1TXAS0003,20110321,PRCP,0,,,N,0800
US1TXAS0003,20110322,PRCP,0,,,N,0800
US1TXAS0003,20110323,PRCP,0,,,N,0800
US1TXAS0003,20110324,PRCP,0,,,N,0800
US1TXAS0003,20110325,PRCP,0,,,N,0800
US1TXAS0003,20110326,PRCP,0,,,N,0600
US1TXAS0003,20110327,PRCP,0,,,N,0800
US1TXAS0003,20110328,PRCP,0,,,N,0800
US1TXAS0003,20110329,PRCP,0,,,N,0800
US1TXAS0003,20110330,PRCP,8,,,N,0800
US1TXAS0003,20110331,PRCP,0,,,N,0800
US1TXAS0003,20110301,SNOW,0,,,N,0700
US1TXAS0003,20110302,SNOW,0,,,N,0700
US1TXAS0003,20110303,SNOW,0,,,N,0800
US1TXAS0003,20110304,SNOW,0,,,N,0800
US1TXAS0003,20110306,SNOW,0,,,N,0800
US1TXAS0003,20110307,SNOW,0,,,N,0800
US1TXAS0003,20110308,SNOW,0,,,N,0800
US1TXAS0003,20110309,SNOW,0,,,N,0800
US1TXAS0003,20110310,SNOW,0,,,N,0800
US1TXAS0003,20110311,SNOW,0,,,N,0800
US1TXAS0003,20110312,SNOW,0,,,N,0800
US1TXAS0003,20110313,SNOW,0,,,N,0800
US1TXAS0003,20110315,SNOW,0,,,N,0800
US1TXAS0003,20110316,SNOW,0,,,N,0800
US1TXAS0003,20110317,SNOW,0,,,N,0800
US1TXAS0003,20110318,SNOW,0,,,N,0800
US1TXAS0003,20110319,SNOW,0,,,N,0800
US1TXAS0003,20110320,SNOW,0,,,N,0800
US1TXAS0003,20110321,SNOW,0,,,N,0800
US1TXAS0003,20110322,SNOW,0,,,N,0800
US1TXAS0003,20110323,SNOW,0,,,N,0800
US1TXAS0003,20110324,SNOW,0,,,N,0800
US1TXAS0003,20110325,SNOW,0,,,N,0800
US1TXAS0003,20110326,SNOW,0,,,N,0600
US1TXAS0003,20110327,SNOW,0,,,N,0800
US1TXAS0003,20110328,SNOW,0,,,N,0800
US1TXAS0003,20110329,SNOW,0,,,N,0800
US1TXAS0003,20110331,SNOW,0,,,N,0800
US1TXAS0003,20110401,PRCP,0,,,N,0800
US1TXAS0003,20110402,PRCP,3,,,N,0745
US1TXAS0003,20110403,PRCP,13,,,N,0800
US1TXAS0003,20110404,PRCP,0,,,N,0745
US1TXAS0003,20110405,PRCP,3,,,N,0700
US1TXAS0003,20110411,PRCP,0,,,N,0800
US1TXAS0003,20110412,PRCP,13,,,N,0800
US1TXAS0003,20110413,PRCP,0,,,N,0800
US1TXAS0003,20110414,PRCP,0,,,N,0800
US1TXAS0003,20110415,PRCP,0,,,N,0800
US1TXAS0003,20110416,PRCP,0,,,N,0800
US1TXAS0003,20110417,PRCP,0,,,N,0800
US1TXAS0003,20110418,PRCP,0,,,N,0800
US1TXAS0003,20110419,PRCP,0,,,N,0800
US1TXAS0003,20110420,PRCP,0,,,N,0800
US1TXAS0003,20110421,PRCP,0,,,N,0700
US1TXAS0003,20110422,PRCP,0,,,N,0800
US1TXAS0003,20110423,PRCP,0,,,N,0800
US1TXAS0003,20110424,PRCP,0,,,N,0800
US1TXAS0003,20110425,PRCP,0,,,N,0800
US1TXAS0003,20110426,PRCP,0,,,N,0800
US1TXAS0003,20110427,PRCP,0,,,N,0800
US1TXAS0003,20110428,PRCP,0,,,N,0800
US1TXAS0003,20110429,PRCP,0,,,N,0800
US1TXAS0003,20110430,PRCP,0,,,N,0800
US1TXAS0003,20110401,SNOW,0,,,N,0800
US1TXAS0003,20110404,SNOW,0,,,N,0745
US1TXAS0003,20110411,SNOW,0,,,N,0800
US1TXAS0003,20110413,SNOW,0,,,N,0800
US1TXAS0003,20110414,SNOW,0,,,N,0800
US1TXAS0003,20110415,SNOW,0,,,N,0800
US1TXAS0003,20110416,SNOW,0,,,N,0800
US1TXAS0003,20110417,SNOW,0,,,N,0800
US1TXAS0003,20110418,SNOW,0,,,N,0800
US1TXAS0003,20110419,SNOW,0,,,N,0800
US1TXAS0003,20110420,SNOW,0,,,N,0800
US1TXAS0003,20110421,SNOW,0,,,N,0700
US1TXAS0003,20110422,SNOW,0,,,N,0800
US1TXAS0003,20110423,SNOW,0,,,N,0800
US1TXAS0003,20110424,SNOW,0,,,N,0800
US1TXAS0003,20110425,SNOW,0,,,N,0800
US1TXAS0003,20110426,SNOW,0,,,N,0800
US1TXAS0003,20110427,SNOW,0,,,N,0800
US1TXAS0003,20110428,SNOW,0,,,N,0800
US1TXAS0003,20110429,SNOW,0,,,N,0800
US1TXAS0003,20110430,SNOW,0,,,N,0800
US1TXAS0003,20110410,DAPR,5,,,N,1900
US1TXAS0003,20110410,MDPR,0,,,N,1900
US1TXAS0003,20110501,PRCP,0,,,N,0800
US1TXAS0003,20110502,PRCP,0,,,N,0800
US1TXAS0003,20110503,PRCP,0,T,,N,0800
US1TXAS0003,20110504,PRCP,0,,,N,0800
US1TXAS0003,20110505,PRCP,0,,,N,0800
US1TXAS0003,20110506,PRCP,0,,,N,0800
US1TXAS0003,20110507,PRCP,0,,,N,0800
US1TXAS0003,20110530,PRCP,0,,,N,0800
US1TXAS0003,20110531,PRCP,0,,,N,0700
US1TXAS0003,20110501,SNOW,0,,,N,0800
US1TXAS0003,20110502,SNOW,0,,,N,0800
US1TXAS0003,20110504,SNOW,0,,,N,0800
US1TXAS0003,20110505,SNOW,0,,,N,0800
US1TXAS0003,20110506,SNOW,0,,,N,0800
US1TXAS0003,20110507,SNOW,0,,,N,0800
US1TXAS0003,20110530,SNOW,0,,,N,0800
US1TXAS0003,20110531,SNOW,0,,,N,0700
US1TXAS0003,20110529,DAPR,22,,,N,1800
US1TXAS0003,20110529,MDPR,218,,,N,1800
US1TXAS0003,20110601,PRCP,0,,,N,0800
US1TXAS0003,20110602,PRCP,0,,,N,0700
US1TXAS0003,20110603,PRCP,0,,,N,0800
US1TXAS0003,20110604,PRCP,0,,,N,0800
US1TXAS0003,20110605,PRCP,0,,,N,0800
US1TXAS0003,20110606,PRCP,0,,,N,0700
US1TXAS0003,20110607,PRCP,0,,,N,0600
US1TXAS0003,20110608,PRCP,0,,,N,0800
US1TXAS0003,20110609,PRCP,0,,,N,0700
US1TXAS0003,20110610,PRCP,0,,,N,0700
US1TXAS0003,20110611,PRCP,0,,,N,0700
US1TXAS0003,20110612,PRCP,0,,,N,0800
US1TXAS0003,20110613,PRCP,0,,,N,0700
US1TXAS0003,20110614,PRCP,0,,,N,0700
US1TXAS0003,20110615,PRCP,0,,,N,0800
US1TXAS0003,20110616,PRCP,0,,,N,0700
US1TXAS0003,20110617,PRCP,0,,,N,0700
US1TXAS0003,20110618,PRCP,0,,,N,0800
US1TXAS0003,20110619,PRCP,0,,,N,0800
US1TXAS0003,20110620,PRCP,0,,,N,0800
US1TXAS0003,20110621,PRCP,0,,,N,0700
US1TXAS0003,20110622,PRCP,546,,,N,0800
US1TXAS0003,20110623,PRCP,132,,,N,0730
US1TXAS0003,20110624,PRCP,0,,,N,0730
US1TXAS0003,20110625,PRCP,0,,,N,0730
US1TXAS0003,20110626,PRCP,0,,,N,0630
US1TXAS0003,20110627,PRCP,0,,,N,0800
US1TXAS0003,20110628,PRCP,0,,,N,0700
US1TXAS0003,20110629,PRCP,0,,,N,0800
US1TXAS0003,20110630,PRCP,0,,,N,0700
US1TXAS0003,20110601,SNOW,0,,,N,0800
US1TXAS0003,20110602,SNOW,0,,,N,0700
US1TXAS0003,20110603,SNOW,0,,,N,0800
US1TXAS0003,20110604,SNOW,0,,,N,0800
US1TXAS0003,20110605,SNOW,0,,,N,0800
US1TXAS0003,20110606,SNOW,0,,,N,0700
US1TXAS0003,20110607,SNOW,0,,,N,0600
US1TXAS0003,20110608,SNOW,0,,,N,0800
US1TXAS0003,20110609,SNOW,0,,,N,0700
US1TXAS0003,20110610,SNOW,0,,,N,0700
US1TXAS0003,20110611,SNOW,0,,,N,0700
US1TXAS0003,20110612,SNOW,0,,,N,0800
US1TXAS0003,20110613,SNOW,0,,,N,0700
US1TXAS0003,20110614,SNOW,0,,,N,0700
US1TXAS0003,20110615,SNOW,0,,,N,0800
US1TXAS0003,20110616,SNOW,0,,,N,0700
US1TXAS0003,20110617,SNOW,0,,,N,0700
US1TXAS0003,20110618,SNOW,0,,,N,0800
US1TXAS0003,20110619,SNOW,0,,,N,0800
US1TXAS0003,20110620,SNOW,0,,,N,0800
US1TXAS0003,20110621,SNOW,0,,,N,0700
US1TXAS0003,20110624,SNOW,0,,,N,0730
US1TXAS0003,20110625,SNOW,0,,,N,0730
US1TXAS0003,20110626,SNOW,0,,,N,0630
US1TXAS0003,20110627,SNOW,0,,,N,0800
US1TXAS0003,20110628,SNOW,0,,,N,0700
US1TXAS0003,20110629,SNOW,0,,,N,0800
US1TXAS0003,20110630,SNOW,0,,,N,0700
US1TXAS0003,20110701,PRCP,0,,,N,0530
US1TXAS0003,20110702,PRCP,5,,,N,0730
US1TXAS0003,20110703,PRCP,0,,,N,0700
US1TXAS0003,20110704,PRCP,0,,,N,0800
US1TXAS0003,20110705,PRCP,0,,,N,0800
US1TXAS0003,20110706,PRCP,0,,,N,0800
US1TXAS0003,20110707,PRCP,0,,,N,0730
US1TXAS0003,20110708,PRCP,0,,,N,0700
US1TXAS0003,20110709,PRCP,0,,,N,0700
US1TXAS0003,20110710,PRCP,0,,,N,0700
US1TXAS0003,20110711,PRCP,10,,,N,0730
US1TXAS0003,20110712,PRCP,0,,,N,0800
US1TXAS0003,20110713,PRCP,0,,,N,0630
US1TXAS0003,20110714,PRCP,0,,,N,0600
US1TXAS0003,20110715,PRCP,0,,,N,0800
US1TXAS0003,20110716,PRCP,0,,,N,0600
US1TXAS0003,20110717,PRCP,0,,,N,0600
US1TXAS0003,20110718,PRCP,0,,,N,0700
US1TXAS0003,20110719,PRCP,0,,,N,0600
US1TXAS0003,20110720,PRCP,0,,,N,0800
US1TXAS0003,20110721,PRCP,0,,,N,0630
US1TXAS0003,20110722,PRCP,0,,,N,0700
US1TXAS0003,20110725,PRCP,0,,,N,0800
US1TXAS0003,20110726,PRCP,0,,,N,0700
US1TXAS0003,20110727,PRCP,0,,,N,0700
US1TXAS0003,20110701,SNOW,0,,,N,0530
US1TXAS0003,20110703,SNOW,0,,,N,0700
US1TXAS0003,20110704,SNOW,0,,,N,0800
US1TXAS0003,20110705,SNOW,0,,,N,0800
US1TXAS0003,20110706,SNOW,0,,,N,0800
US1TXAS0003,20110707,SNOW,0,,,N,0730
US1TXAS0003,20110708,SNOW,0,,,N,0700
US1TXAS0003,20110709,SNOW,0,,,N,0700
US1TXAS0003,20110710,SNOW,0,,,N,0700
US1TXAS0003,20110712,SNOW,0,,,N,0800
US1TXAS0003,20110713,SNOW,0,,,N,0630
US1TXAS0003,20110714,SNOW,0,,,N,0600
US1TXAS0003,20110715,SNOW,0,,,N,0800
US1TXAS0003,20110716,SNOW,0,,,N,0600
US1TXAS0003,20110717,SNOW,0,,,N,0600
US1TXAS0003,20110718,SNOW,0,,,N,0700
US1TXAS0003,20110719,SNOW,0,,,N,0600
US1TXAS0003,20110720,SNOW,0,,,N,0800
US1TXAS0003,20110721,SNOW,0,,,N,0630
US1TXAS0003,20110722,SNOW,0,,,N,0700
US1TXAS0003,20110725,SNOW,0,,,N,0800
US1TXAS0003,20110726,SNOW,0,,,N,0700
US1TXAS0003,20110727,SNOW,0,,,N,0700
US1TXAS0003,20110807,PRCP,0,,,N,0800
US1TXAS0003,20110808,PRCP,0,,,N,0630
US1TXAS0003,20110809,PRCP,0,,,N,0600
US1TXAS0003,20110810,PRCP,0,,,N,0700
US1TXAS0003,20110811,PRCP,0,,,N,0700
US1TXAS0003,20110812,PRCP,0,,,N,0700
US1TXAS0003,20110813,PRCP,0,,,N,0800
US1TXAS0003,20110814,PRCP,0,,,N,0700
US1TXAS0003,20110815,PRCP,0,,,N,0800
US1TXAS0003,20110816,PRCP,0,,,N,0700
US1TXAS0003,20110817,PRCP,0,,,N,0700
US1TXAS0003,20110818,PRCP,0,,,N,0600
US1TXAS0003,20110807,SNOW,0,,,N,0800
US1TXAS0003,20110808,SNOW,0,,,N,0630
US1TXAS0003,20110809,SNOW,0,,,N,0600
US1TXAS0003,20110810,SNOW,0,,,N,0700
US1TXAS0003,20110811,SNOW,0,,,N,0700
US1TXAS0003,20110812,SNOW,0,,,N,0700
US1TXAS0003,20110813,SNOW,0,,,N,0800
US1TXAS0003,20110814,SNOW,0,,,N,0700
US1TXAS0003,20110815,SNOW,0,,,N,0800
US1TXAS0003,20110816,SNOW,0,,,N,0700
US1TXAS0003,20110817,SNOW,0,,,N,0700
US1TXAS0003,20110818,SNOW,0,,,N,0600
US1TXAS0003,20110831,DAPR,13,,,N,2100
US1TXAS0003,20110831,MDPR,173,,,N,2100
US1TXAS0003,20110901,PRCP,0,,,N,0800
US1TXAS0003,20110902,PRCP,0,,,N,0800
US1TXAS0003,20110903,PRCP,0,,,N,0800
US1TXAS0003,20110904,PRCP,0,,,N,0700
US1TXAS0003,20110905,PRCP,0,,,N,0700
US1TXAS0003,20110906,PRCP,0,,,N,0700
US1TXAS0003,20110907,PRCP,0,,,N,0800
US1TXAS0003,20110908,PRCP,0,,,N,0800
US1TXAS0003,20110909,PRCP,0,,,N,0700
US1TXAS0003,20110910,PRCP,0,,,N,0800
US1TXAS0003,20110911,PRCP,0,,,N,0800
US1TXAS0003,20110912,PRCP,0,,,N,0800
US1TXAS0003,20110913,PRCP,0,,,N,0700
US1TXAS0003,20110914,PRCP,0,,,N,0600
US1TXAS0003,20110915,PRCP,0,,,N,0700
US1TXAS0003,20110916,PRCP,0,,,N,0800
US1TXAS0003,20110917,PRCP,0,,,N,0600
US1TXAS0003,20110918,PRCP,0,T,,N,0700
US1TXAS0003,20110901,SNOW,0,,,N,0800
US1TXAS0003,20110902,SNOW,0,,,N,0800
US1TXAS0003,20110903,SNOW,0,,,N,0800
US1TXAS0003,20110904,SNOW,0,,,N,0700
US1TXAS0003,20110905,SNOW,0,,,N,0700
US1TXAS0003,20110906,SNOW,0,,,N,0700
US1TXAS0003,20110907,SNOW,0,,,N,0800
US1TXAS0003,20110908,SNOW,0,,,N,0800
US1TXAS0003,20110909,SNOW,0,,,N,0700
US1TXAS0003,20110910,SNOW,0,,,N,0800
US1TXAS0003,20110911,SNOW,0,,,N,0800
US1TXAS0003,20110912,SNOW,0,,,N,0800
US1TXAS0003,20110913,SNOW,0,,,N,0700
US1TXAS0003,20110914,SNOW,0,,,N,0600
US1TXAS0003,20110915,SNOW,0,,,N,0700
US1TXAS0003,20110916,SNOW,0,,,N,0800
US1TXAS0003,20110917,SNOW,0,,,N,0600
US1TXAS0003,20110930,DAPR,12,,,N,1800
US1TXAS0003,20110930,MDPR,254,,,N,1800
US1TXAS0003,20111010,PRCP,5,,,N,0700
US1TXAS0003,20111011,PRCP,28,,,N,0700
US1TXAS0003,20111012,PRCP,0,,,N,0800
US1TXAS0003,20111013,PRCP,0,,,N,0600
US1TXAS0003,20111014,PRCP,0,,,N,0700
US1TXAS0003,20111015,PRCP,0,,,N,0700
US1TXAS0003,20111016,PRCP,0,,,N,0500
US1TXAS0003,20111012,SNOW,0,,,N,0800
US1TXAS0003,20111013,SNOW,0,,,N,0600
US1TXAS0003,20111014,SNOW,0,,,N,0700
US1TXAS0003,20111015,SNOW,0,,,N,0700
US1TXAS0003,20111016,SNOW,0,,,N,0500
US1TXAS0003,20111009,DAPR,8,,,N,0700
US1TXAS0003,20111009,MDPR,508,,,N,0700
US1TXAS0003,20111106,PRCP,0,,,N,0700
US1TXAS0003,20111107,PRCP,0,T,,N,0700
US1TXAS0003,20111108,PRCP,3,,,N,0800
US1TXAS0003,20111109,PRCP,0,T,,N,0700
US1TXAS0003,20111110,PRCP,0,,,N,0700
US1TXAS0003,20111111,PRCP,0,,,N,0600
US1TXAS0003,20111112,PRCP,0,,,N,0700
US1TXAS0003,20111113,PRCP,0,,,N,0600
US1TXAS0003,20111114,PRCP,0,,,N,0700
US1TXAS0003,20111115,PRCP,56,,,N,0700
US1TXAS0003,20111116,PRCP,97,,,N,0700
US1TXAS0003,20111117,PRCP,0,,,N,0800
US1TXAS0003,20111118,PRCP,0,,,N,0500
US1TXAS0003,20111129,PRCP,0,,,N,0700
US1TXAS0003,20111130,PRCP,0,,,N,0800
US1TXAS0003,20111106,SNOW,0,,,N,0700
US1TXAS0003,20111110,SNOW,0,,,N,0700
US1TXAS0003,20111111,SNOW,0,,,N,0600
US1TXAS0003,20111112,SNOW,0,,,N,0700
US1TXAS0003,20111113,SNOW,0,,,N,0600
US1TXAS0003,20111114,SNOW,0,,,N,0700
US1TXAS0003,20111117,SNOW,0,,,N,0800
US1TXAS0003,20111118,SNOW,0,,,N,0500
US1TXAS0003,20111129,SNOW,0,,,N,0700
US1TXAS0003,20111130,SNOW,0,,,N,0800
US1TXAS0003,20111105,DAPR,20,,,N,1800
US1TXAS0003,20111128,DAPR,10,,,N,1800
US1TXAS0003,20111105,MDPR,38,,,N,1800
US1TXAS0003,20111128,MDPR,284,,,N,1800
US1TXAS0003,20111201,PRCP,0,,,N,0600
US1TXAS0003,20111202,PRCP,0,,,N,0600
US1TXAS0003,20111203,PRCP,0,,,N,0600
US1TXAS0003,20111204,PRCP,10,,,N,0700
US1TXAS0003,20111205,PRCP,25,,,N,0800
US1TXAS0003,20111206,PRCP,0,,,N,0700
US1TXAS0003,20111207,PRCP,0,,,N,0700
US1TXAS0003,20111208,PRCP,0,,,N,0600
US1TXAS0003,20111209,PRCP,0,,,N,0600
US1TXAS0003,20111210,PRCP,0,,,N,0600
US1TXAS0003,20111201,SNOW,0,,,N,0600
US1TXAS0003,20111202,SNOW,0,,,N,0600
US1TXAS0003,20111203,SNOW,0,,,N,0600
US1TXAS0003,20111206,SNOW,0,,,N,0700
US1TXAS0003,20111207,SNOW,0,,,N,0700
US1TXAS0003,20111208,SNOW,0,,,N,0600
US1TXAS0003,20111209,SNOW,0,,,N,0600
US1TXAS0003,20111210,SNOW,0,,,N,0600
US1TXAS0003,20120104,PRCP,0,,,N,0700
US1TXAS0003,20120105,PRCP,0,,,N,0700
US1TXAS0003,20120106,PRCP,5,,,N,0700
US1TXAS0003,20120107,PRCP,0,,,N,0700
US1TXAS0003,20120108,PRCP,0,,,N,0800
US1TXAS0003,20120109,PRCP,566,,,N,0800
US1TXAS0003,20120110,PRCP,191,,,N,0800
US1TXAS0003,20120111,PRCP,0,,,N,0500
US1TXAS0003,20120112,PRCP,0,,,N,0700
US1TXAS0003,20120113,PRCP,0,,,N,0800
US1TXAS0003,20120114,PRCP,0,,,N,0800
US1TXAS0003,20120115,PRCP,0,,,N,0800
US1TXAS0003,20120116,PRCP,3,,,N,0700
US1TXAS0003,20120117,PRCP,0,,,N,0700
US1TXAS0003,20120118,PRCP,10,,,N,0800
US1TXAS0003,20120119,PRCP,0,,,N,0800
US1TXAS0003,20120120,PRCP,0,,,N,0800
US1TXAS0003,20120121,PRCP,3,,,N,0800
US1TXAS0003,20120122,PRCP,0,,,N,0800
US1TXAS0003,20120123,PRCP,0,,,N,0700
US1TXAS0003,20120124,PRCP,0,,,N,0800
US1TXAS0003,20120125,PRCP,249,,,N,0800
US1TXAS0003,20120126,PRCP,620,,,N,0700
US1TXAS0003,20120127,PRCP,0,,,N,0800
US1TXAS0003,20120128,PRCP,0,,,N,0500
US1TXAS0003,20120129,PRCP,0,,,N,0700
US1TXAS0003,20120130,PRCP,0,,,N,0600
US1TXAS0003,20120131,PRCP,33,,,N,0900
US1TXAS0003,20120104,SNOW,0,,,N,0700
US1TXAS0003,20120105,SNOW,0,,,N,0700
US1TXAS0003,20120106,SNOW,0,,,N,0700
US1TXAS0003,20120107,SNOW,0,,,N,0700
US1TXAS0003,20120108,SNOW,0,,,N,0800
US1TXAS0003,20120111,SNOW,0,,,N,0500
US1TXAS0003,20120112,SNOW,0,,,N,0700
US1TXAS0003,20120113,SNOW,0,,,N,0800
US1TXAS0003,20120114,SNOW,0,,,N,0800
US1TXAS0003,20120115,SNOW,0,,,N,0800
US1TXAS0003,20120117,SNOW,0,,,N,0700
US1TXAS0003,20120119,SNOW,0,,,N,0800
US1TXAS0003,20120120,SNOW,0,,,N,0800
US1TXAS0003,20120122,SNOW,0,,,N,0800
US1TXAS0003,20120123,SNOW,0,,,N,0700
US1TXAS0003,20120124,SNOW,0,,,N,0800
US1TXAS0003,20120127,SNOW,0,,,N,0800
US1TXAS0003,20120128,SNOW,0,,,N,0500
US1TXAS0003,20120129,SNOW,0,,,N,0700
US1TXAS0003,20120130,SNOW,0,,,N,0600
US1TXAS0003,20120103,DAPR,24,,,N,1800
US1TXAS0003,20120103,MDPR,632,,,N,1800
US1TXAS0003,20120201,PRCP,5,,,N,0730
US1TXAS0003,20120202,PRCP,0,,,N,0700
US1TXAS0003,20120203,PRCP,53,,,N,0800
US1TXAS0003,20120204,PRCP,122,,,N,0800
US1TXAS0003,20120205,PRCP,5,,,N,0800
US1TXAS0003,20120206,PRCP,0,,,N,0700
US1TXAS0003,20120207,PRCP,0,,,N,0800
US1TXAS0003,20120208,PRCP,0,,,N,0600
US1TXAS0003,20120209,PRCP,0,,,N,0600
US1TXAS0003,20120210,PRCP,178,,,N,0900
US1TXAS0003,20120211,PRCP,0,,,N,0700
US1TXAS0003,20120212,PRCP,0,,,N,0700
US1TXAS0003,20120213,PRCP,10,,,N,0700
US1TXAS0003,20120214,PRCP,112,,,N,0900
US1TXAS0003,20120215,PRCP,5,,,N,0800
US1TXAS0003,20120216,PRCP,48,,,N,0900
US1TXAS0003,20120217,PRCP,5,,,N,0800
US1TXAS0003,20120218,PRCP,470,,,N,0800
US1TXAS0003,20120219,PRCP,25,,,N,0800
US1TXAS0003,20120220,PRCP,0,,,N,0800
US1TXAS0003,20120221,PRCP,0,,,N,0800
US1TXAS0003,20120222,PRCP,0,,,N,0800
US1TXAS0003,20120223,PRCP,0,,,N,0800
US1TXAS0003,20120224,PRCP,0,,,N,0800
US1TXAS0003,20120225,PRCP,0,,,N,0800
US1TXAS0003,20120226,PRCP,0,,,N,0800
US1TXAS0003,20120227,PRCP,0,,,N,0800
US1TXAS0003,20120228,PRCP,0,T,,N,0800
US1TXAS0003,20120229,PRCP,0,,,N,0800
US1TXAS0003,20120202,SNOW,0,,,N,0700
US1TXAS0003,20120206,SNOW,0,,,N,0700
US1TXAS0003,20120207,SNOW,0,,,N,0800
US1TXAS0003,20120208,SNOW,0,,,N,0600
US1TXAS0003,20120209,SNOW,0,,,N,0600
US1TXAS0003,20120211,SNOW,0,,,N,0700
US1TXAS0003,20120212,SNOW,0,,,N,0700
US1TXAS0003,20120220,SNOW,0,,,N,0800
US1TXAS0003,20120221,SNOW,0,,,N,0800
US1TXAS0003,20120222,SNOW,0,,,N,0800
US1TXAS0003,20120223,SNOW,0,,,N,0800
US1TXAS0003,20120224,SNOW,0,,,N,0800
US1TXAS0003,20120225,SNOW,0,,,N,0800
US1TXAS0003,20120226,SNOW,0,,,N,0800
US1TXAS0003,20120227,SNOW,0,,,N,0800
US1TXAS0003,20120229,SNOW,0,,,N,0800
US1TXAS0003,20120301,PRCP,0,,,N,0800
US1TXAS0003,20120302,PRCP,0,,,N,0700
US1TXAS0003,20120303,PRCP,0,,,N,0800
US1TXAS0003,20120304,PRCP,0,,,N,0800
US1TXAS0003,20120305,PRCP,0,,,N,0800
US1TXAS0003,20120306,PRCP,0,,,N,0800
US1TXAS0003,20120307,PRCP,0,,,N,0800
US1TXAS0003,20120308,PRCP,20,,,N,0900
US1TXAS0003,20120309,PRCP,69,,,N,0800
US1TXAS0003,20120310,PRCP,851,,,N,0845
US1TXAS0003,20120311,PRCP,292,,,N,0900
US1TXAS0003,20120312,PRCP,165,,,N,0800
US1TXAS0003,20120313,PRCP,0,,,N,0800
US1TXAS0003,20120314,PRCP,0,,,N,0700
US1TXAS0003,20120323,PRCP,0,,,N,0800
US1TXAS0003,20120324,PRCP,0,,,N,0800
US1TXAS0003,20120325,PRCP,0,,,N,0800
US1TXAS0003,20120326,PRCP,0,,,N,0800
US1TXAS0003,20120327,PRCP,0,,,N,0700
US1TXAS0003,20120328,PRCP,0,,,N,0800
US1TXAS0003,20120329,PRCP,41,,,N,0800
US1TXAS0003,20120330,PRCP,15,,,N,0800
US1TXAS0003,20120331,PRCP,0,,,N,0700
US1TXAS0003,20120301,SNOW,0,,,N,0800
US1TXAS0003,20120302,SNOW,0,,,N,0700
US1TXAS0003,20120303,SNOW,0,,,N,0800
US1TXAS0003,20120304,SNOW,0,,,N,0800
US1TXAS0003,20120305,SNOW,0,,,N,0800
US1TXAS0003,20120306,SNOW,0,,,N,0800
US1TXAS0003,20120307,SNOW,0,,,N,0800
US1TXAS0003,20120313,SNOW,0,,,N,0800
US1TXAS0003,20120314,SNOW,0,,,N,0700
US1TXAS0003,20120323,SNOW,0,,,N,0800
US1TXAS0003,20120324,SNOW,0,,,N,0800
US1TXAS0003,20120325,SNOW,0,,,N,0800
US1TXAS0003,20120326,SNOW,0,,,N,0800
US1TXAS0003,20120327,SNOW,0,,,N,0700
US1TXAS0003,20120328,SNOW,0,,,N,0800
US1TXAS0003,20120331,SNOW,0,,,N,0700
US1TXAS0003,20120322,DAPR,8,,,N,1900
US1TXAS0003,20120322,MDPR,376,,,N,1900
US1TXAS0003,20120401,PRCP,0,,,N,0800
US1TXAS0003,20120402,PRCP,0,,,N,0800
US1TXAS0003,20120403,PRCP,0,,,N,0800
US1TXAS0003,20120404,PRCP,20,,,N,1000
US1TXAS0003,20120405,PRCP,3,,,N,0800
US1TXAS0003,20120406,PRCP,0,,,N,0800
US1TXAS0003,20120407,PRCP,0,,,N,0800
US1TXAS0003,20120408,PRCP,0,,,N,0800
US1TXAS0003,20120409,PRCP,0,,,N,0800
US1TXAS0003,20120410,PRCP,0,,,N,0800
US1TXAS0003,20120411,PRCP,0,,,N,0800
US1TXAS0003,20120412,PRCP,0,,,N,0700
US1TXAS0003,20120413,PRCP,0,,,N,0700
US1TXAS0003,20120414,PRCP,0,,,N,0800
US1TXAS0003,20120415,PRCP,0,,,N,0800
US1TXAS0003,20120416,PRCP,3,,,N,0800
US1TXAS0003,20120417,PRCP,0,,,N,0800
US1TXAS0003,20120418,PRCP,0,,,N,0800
US1TXAS0003,20120419,PRCP,0,,,N,0700
US1TXAS0003,20120420,PRCP,0,,,N,0700
US1TXAS0003,20120421,PRCP,244,,,N,0800
US1TXAS0003,20120422,PRCP,0,,,N,0800
US1TXAS0003,20120423,PRCP,0,,,N,0800
US1TXAS0003,20120424,PRCP,0,,,N,0800
US1TXAS0003,20120425,PRCP,0,,,N,0800
US1TXAS0003,20120426,PRCP,0,,,N,0800
US1TXAS0003,20120427,PRCP,0,,,N,0800
US1TXAS0003,20120428,PRCP,0,,,N,0800
US1TXAS0003,20120429,PRCP,0,,,N,0800
US1TXAS0003,20120430,PRCP,0,,,N,0800
US1TXAS0003,20120401,SNOW,0,,,N,0800
US1TXAS0003,20120402,SNOW,0,,,N,0800
US1TXAS0003,20120403,SNOW,0,,,N,0800
US1TXAS0003,20120406,SNOW,0,,,N,0800
US1TXAS0003,20120407,SNOW,0,,,N,0800
US1TXAS0003,20120408,SNOW,0,,,N,0800
US1TXAS0003,20120409,SNOW,0,,,N,0800
US1TXAS0003,20120410,SNOW,0,,,N,0800
US1TXAS0003,20120411,SNOW,0,,,N,0800
US1TXAS0003,20120412,SNOW,0,,,N,0700
US1TXAS0003,20120413,SNOW,0,,,N,0700
US1TXAS0003,20120414,SNOW,0,,,N,0800
US1TXAS0003,20120415,SNOW,0,,,N,0800
US1TXAS0003,20120416,SNOW,0,,,N,0800
US1TXAS0003,20120417,SNOW,0,,,N,0800
US1TXAS0003,20120418,SNOW,0,,,N,0800
US1TXAS0003,20120419,SNOW,0,,,N,0700
US1TXAS0003,20120420,SNOW,0,,,N,0700
US1TXAS0003,20120422,SNOW,0,,,N,0800
US1TXAS0003,20120423,SNOW,0,,,N,0800
US1TXAS0003,20120424,SNOW,0,,,N,0800
US1TXAS0003,20120425,SNOW,0,,,N,0800
US1TXAS0003,20120426,SNOW,0,,,N,0800
US1TXAS0003,20120427,SNOW,0,,,N,0800
US1TXAS0003,20120428,SNOW,0,,,N,0800
US1TXAS0003,20120429,SNOW,0,,,N,0800
US1TXAS0003,20120430,SNOW,0,,,N,0800
US1TXAS0003,20120501,PRCP,0,,,N,0800
US1TXAS0003,20120502,PRCP,0,,,N,0800
US1TXAS0003,20120503,PRCP,0,,,N,0700
US1TXAS0003,20120504,PRCP,0,,,N,0800
US1TXAS0003,20120505,PRCP,0,,,N,0800
US1TXAS0003,20120506,PRCP,0,,,N,0800
US1TXAS0003,20120507,PRCP,0,,,N,0800
US1TXAS0003,20120508,PRCP,386,,,N,0800
US1TXAS0003,20120509,PRCP,8,,,N,0800
US1TXAS0003,20120510,PRCP,0,,,N,0700
US1TXAS0003,20120511,PRCP,241,,,N,0800
US1TXAS0003,20120512,PRCP,302,,,N,0800
US1TXAS0003,20120513,PRCP,0,,,N,0800
US1TXAS0003,20120527,PRCP,0,,,N,0800
US1TXAS0003,20120528,PRCP,0,,,N,0800
US1TXAS0003,20120529,PRCP,0,,,N,0800
US1TXAS0003,20120530,PRCP,0,,,N,0800
US1TXAS0003,20120501,SNOW,0,,,N,0800
US1TXAS0003,20120502,SNOW,0,,,N,0800
US1TXAS0003,20120503,SNOW,0,,,N,0700
US1TXAS0003,20120504,SNOW,0,,,N,0800
US1TXAS0003,20120505,SNOW,0,,,N,0800
US1TXAS0003,20120506,SNOW,0,,,N,0800
US1TXAS0003,20120507,SNOW,0,,,N,0800
US1TXAS0003,20120510,SNOW,0,,,N,0700
US1TXAS0003,20120513,SNOW,0,,,N,0800
US1TXAS0003,20120527,SNOW,0,,,N,0800
US1TXAS0003,20120528,SNOW,0,,,N,0800
US1TXAS0003,20120529,SNOW,0,,,N,0800
US1TXAS0003,20120530,SNOW,0,,,N,0800
US1TXAS0003,20120526,DAPR,13,,,N,1800
US1TXAS0003,20120526,MDPR,231,,,N,1800
US1TXAS0003,20120602,PRCP,0,,,N,0800
US1TXAS0003,20120603,PRCP,0,,,N,0800
US1TXAS0003,20120604,PRCP,0,,,N,0800
US1TXAS0003,20120605,PRCP,0,,,N,0800
US1TXAS0003,20120606,PRCP,0,,,N,0800
US1TXAS0003,20120607,PRCP,0,,,N,0800
US1TXAS0003,20120608,PRCP,20,,,N,0800
US1TXAS0003,20120609,PRCP,33,,,N,0800
US1TXAS0003,20120610,PRCP,0,,,N,0800
US1TXAS0003,20120611,PRCP,0,,,N,0800
US1TXAS0003,20120612,PRCP,0,,,N,0800
US1TXAS0003,20120613,PRCP,20,,,N,0800
US1TXAS0003,20120614,PRCP,0,,,N,0800
US1TXAS0003,20120615,PRCP,0,,,N,0800
US1TXAS0003,20120616,PRCP,0,,,N,0800
US1TXAS0003,20120617,PRCP,0,,,N,0800
US1TXAS0003,20120618,PRCP,0,,,N,0800
US1TXAS0003,20120619,PRCP,0,,,N,0800
US1TXAS0003,20120620,PRCP,8,,,N,0800
US1TXAS0003,20120621,PRCP,191,,,N,0800
US1TXAS0003,20120622,PRCP,0,,,N,0800
US1TXAS0003,20120623,PRCP,0,,,N,0800
US1TXAS0003,20120624,PRCP,0,,,N,0800
US1TXAS0003,20120625,PRCP,0,,,N,0800
US1TXAS0003,20120626,PRCP,0,,,N,0800
US1TXAS0003,20120627,PRCP,25,,,N,0800
US1TXAS0003,20120628,PRCP,0,,,N,0800
US1TXAS0003,20120629,PRCP,0,,,N,0800
US1TXAS0003,20120630,PRCP,0,,,N,0800
US1TXAS0003,20120602,SNOW,0,,,N,0800
US1TXAS0003,20120603,SNOW,0,,,N,0800
US1TXAS0003,20120604,SNOW,0,,,N,0800
US1TXAS0003,20120605,SNOW,0,,,N,0800
US1TXAS0003,20120606,SNOW,0,,,N,0800
US1TXAS0003,20120607,SNOW,0,,,N,0800
US1TXAS0003,20120610,SNOW,0,,,N,0800
US1TXAS0003,20120611,SNOW,0,,,N,0800
US1TXAS0003,20120612,SNOW,0,,,N,0800
US1TXAS0003,20120614,SNOW,0,,,N,0800
US1TXAS0003,20120615,SNOW,0,,,N,0800
US1TXAS0003,20120616,SNOW,0,,,N,0800
US1TXAS0003,20120617,SNOW,0,,,N,0800
US1TXAS0003,20120618,SNOW,0,,,N,0800
US1TXAS0003,20120619,SNOW,0,,,N,0800
US1TXAS0003,20120622,SNOW,0,,,N,0800
US1TXAS0003,20120623,SNOW,0,,,N,0800
US1TXAS0003,20120624,SNOW,0,,,N,0800
US1TXAS0003,20120625,SNOW,0,,,N,0800
US1TXAS0003,20120626,SNOW,0,,,N,0800
US1TXAS0003,20120628,SNOW,0,,,N,0800
US1TXAS0003,20120629,SNOW,0,,,N,0800
US1TXAS0003,20120630,SNOW,0,,,N,0800
US1TXAS0003,20120601,DAPR,2,,,N,1800
US1TXAS0003,20120601,MDPR,66,,,N,1800
US1TXAS0003,20120701,PRCP,267,,,N,0700
US1TXAS0003,20120713,PRCP,0,,,N,0800
US1TXAS0003,20120714,PRCP,490,,,N,0800
US1TXAS0003,20120715,PRCP,198,,,N,0800
US1TXAS0003,20120716,PRCP,0,,,N,0800
US1TXAS0003,20120717,PRCP,76,,,N,0800
US1TXAS0003,20120718,PRCP,3,,,N,0800
US1TXAS0003,20120719,PRCP,0,,,N,0800
US1TXAS0003,20120720,PRCP,3,,,N,0800
US1TXAS0003,20120721,PRCP,0,,,N,0800
US1TXAS0003,20120722,PRCP,0,,,N,0800
US1TXAS0003,20120723,PRCP,0,,,N,0800
US1TXAS0003,20120724,PRCP,0,,,N,0800
US1TXAS0003,20120725,PRCP,0,,,N,0800
US1TXAS0003,20120726,PRCP,0,,,N,0800
US1TXAS0003,20120727,PRCP,0,,,N,0800
US1TXAS0003,20120728,PRCP,0,,,N,0800
US1TXAS0003,20120729,PRCP,0,,,N,0800
US1TXAS0003,20120731,PRCP,0,,,N,0800
US1TXAS0003,20120713,SNOW,0,,,N,0800
US1TXAS0003,20120716,SNOW,0,,,N,0800
US1TXAS0003,20120719,SNOW,0,,,N,0800
US1TXAS0003,20120721,SNOW,0,,,N,0800
US1TXAS0003,20120722,SNOW,0,,,N,0800
US1TXAS0003,20120723,SNOW,0,,,N,0800
US1TXAS0003,20120724,SNOW,0,,,N,0800
US1TXAS0003,20120725,SNOW,0,,,N,0800
US1TXAS0003,20120726,SNOW,0,,,N,0800
US1TXAS0003,20120727,SNOW,0,,,N,0800
US1TXAS0003,20120728,SNOW,0,,,N,0800
US1TXAS0003,20120729,SNOW,0,,,N,0800
US1TXAS0003,20120731,SNOW,0,,,N,0800
US1TXAS0003,20120712,DAPR,11,,,N,1800
US1TXAS0003,20120712,MDPR,2565,,,N,1800
US1TXAS0003,20120806,PRCP,0,,,N,0800
US1TXAS0003,20120807,PRCP,0,,,N,0800
US1TXAS0003,20120808,PRCP,0,,,N,0800
US1TXAS0003,20120809,PRCP,0,,,N,0800
US1TXAS0003,20120810,PRCP,0,,,N,0800
US1TXAS0003,20120811,PRCP,25,,,N,0800
US1TXAS0003,20120812,PRCP,0,,,N,0800
US1TXAS0003,20120813,PRCP,0,,,N,0800
US1TXAS0003,20120814,PRCP,0,,,N,0800
US1TXAS0003,20120815,PRCP,0,,,N,0800
US1TXAS0003,20120816,PRCP,0,,,N,0800
US1TXAS0003,20120817,PRCP,0,,,N,0800
US1TXAS0003,20120818,PRCP,0,,,N,0800
US1TXAS0003,20120819,PRCP,178,,,N,0800
US1TXAS0003,20120820,PRCP,0,,,N,0800
US1TXAS0003,20120821,PRCP,0,,,N,0800
US1TXAS0003,20120822,PRCP,0,,,N,0800
US1TXAS0003,20120823,PRCP,0,,,N,0800
US1TXAS0003,20120824,PRCP,0,,,N,0800
US1TXAS0003,20120825,PRCP,0,,,N,0800
US1TXAS0003,20120826,PRCP,0,,,N,0800
US1TXAS0003,20120827,PRCP,0,,,N,0800
US1TXAS0003,20120828,PRCP,0,,,N,0800
US1TXAS0003,20120829,PRCP,0,,,N,0800
US1TXAS0003,20120830,PRCP,0,,,N,0800
US1TXAS0003,20120831,PRCP,0,,,N,0800
US1TXAS0003,20120806,SNOW,0,,,N,0800
US1TXAS0003,20120807,SNOW,0,,,N,0800
US1TXAS0003,20120808,SNOW,0,,,N,0800
US1TXAS0003,20120809,SNOW,0,,,N,0800
US1TXAS0003,20120810,SNOW,0,,,N,0800
US1TXAS0003,20120812,SNOW,0,,,N,0800
US1TXAS0003,20120813,SNOW,0,,,N,0800
US1TXAS0003,20120814,SNOW,0,,,N,0800
US1TXAS0003,20120815,SNOW,0,,,N,0800
US1TXAS0003,20120816,SNOW,0,,,N,0800
US1TXAS0003,20120817,SNOW,0,,,N,0800
US1TXAS0003,20120818,SNOW,0,,,N,0800
US1TXAS0003,20120820,SNOW,0,,,N,0800
US1TXAS0003,20120821,SNOW,0,,,N,0800
US1TXAS0003,20120822,SNOW,0,,,N,0800
US1TXAS0003,20120823,SNOW,0,,,N,0800
US1TXAS0003,20120824,SNOW,0,,,N,0800
US1TXAS0003,20120825,SNOW,0,,,N,0800
US1TXAS0003,20120826,SNOW,0,,,N,0800
US1TXAS0003,20120827,SNOW,0,,,N,0800
US1TXAS0003,20120828,SNOW,0,,,N,0800
US1TXAS0003,20120829,SNOW,0,,,N,0800
US1TXAS0003,20120830,SNOW,0,,,N,0800
US1TXAS0003,20120831,SNOW,0,,,N,0800
US1TXAS0003,20120805,DAPR,5,,,N,1800
US1TXAS0003,20120805,MDPR,229,,,N,1800
US1TXAS0003,20120901,PRCP,0,,,N,0800
US1TXAS0003,20120902,PRCP,0,,,N,0800
US1TXAS0003,20120903,PRCP,0,,,N,0800
US1TXAS0003,20120904,PRCP,0,,,N,0800
US1TXAS0003,20120905,PRCP,0,,,N,0800
US1TXAS0003,20120906,PRCP,0,,,N,0800
US1TXAS0003,20120908,PRCP,0,,,N,0800
US1TXAS0003,20120909,PRCP,0,,,N,0800
US1TXAS0003,20120910,PRCP,0,,,N,0800
US1TXAS0003,20120911,PRCP,0,,,N,0700
US1TXAS0003,20120912,PRCP,0,,,N,0800
US1TXAS0003,20120913,PRCP,0,,,N,0800
US1TXAS0003,20120914,PRCP,673,,,N,0800
US1TXAS0003,20120915,PRCP,107,,,N,0800
US1TXAS0003,20120916,PRCP,30,,,N,1430
US1TXAS0003,20120927,PRCP,0,,,N,0800
US1TXAS0003,20120928,PRCP,0,T,,N,0800
US1TXAS0003,20120929,PRCP,213,,,N,1600
US1TXAS0003,20120930,PRCP,112,,,N,1400
US1TXAS0003,20120901,SNOW,0,,,N,0800
US1TXAS0003,20120902,SNOW,0,,,N,0800
US1TXAS0003,20120903,SNOW,0,,,N,0800
US1TXAS0003,20120904,SNOW,0,,,N,0800
US1TXAS0003,20120905,SNOW,0,,,N,0800
US1TXAS0003,20120906,SNOW,0,,,N,0800
US1TXAS0003,20120908,SNOW,0,,,N,0800
US1TXAS0003,20120909,SNOW,0,,,N,0800
US1TXAS0003,20120910,SNOW,0,,,N,0800
US1TXAS0003,20120911,SNOW,0,,,N,0700
US1TXAS0003,20120912,SNOW,0,,,N,0800
US1TXAS0003,20120913,SNOW,0,,,N,0800
US1TXAS0003,20120927,SNOW,0,,,N,0800
US1TXAS0003,20120926,DAPR,10,,,N,1700
US1TXAS0003,20120926,MDPR,0,,,N,1700
US1TXAS0003,20121001,PRCP,0,,,N,0800
US1TXAS0003,20121002,PRCP,0,,,N,0800
US1TXAS0003,20121003,PRCP,30,,,N,0800
US1TXAS0003,20121004,PRCP,0,,,N,0800
US1TXAS0003,20121005,PRCP,0,,,N,0800
US1TXAS0003,20121006,PRCP,0,,,N,0800
US1TXAS0003,20121007,PRCP,0,,,N,0800
US1TXAS0003,20121008,PRCP,0,,,N,0800
US1TXAS0003,20121009,PRCP,0,,,N,0800
US1TXAS0003,20121010,PRCP,0,,,N,0800
US1TXAS0003,20121011,PRCP,0,,,N,0800
US1TXAS0003,20121012,PRCP,0,T,,N,0800
US1TXAS0003,20121013,PRCP,0,,,N,0800
US1TXAS0003,20121014,PRCP,0,T,,N,0800
US1TXAS0003,20121015,PRCP,140,,,N,0800
US1TXAS0003,20121016,PRCP,0,,,N,0800
US1TXAS0003,20121017,PRCP,152,,,N,0800
US1TXAS0003,20121018,PRCP,0,,,N,0800
US1TXAS0003,20121019,PRCP,0,,,N,0800
US1TXAS0003,20121020,PRCP,0,,,N,0800
US1TXAS0003,20121021,PRCP,0,,,N,0800
US1TXAS0003,20121022,PRCP,0,,,N,0800
US1TXAS0003,20121023,PRCP,0,,,N,0800
US1TXAS0003,20121024,PRCP,0,,,N,0800
US1TXAS0003,20121025,PRCP,0,,,N,0800
US1TXAS0003,20121026,PRCP,0,,,N,0800
US1TXAS0003,20121027,PRCP,0,T,,N,0800
US1TXAS0003,20121028,PRCP,0,,,N,0800
US1TXAS0003,20121029,PRCP,0,,,N,0800
US1TXAS0003,20121030,PRCP,0,,,N,0800
US1TXAS0003,20121031,PRCP,0,,,N,0800
US1TXAS0003,20121001,SNOW,0,,,N,0800
US1TXAS0003,20121002,SNOW,0,,,N,0800
US1TXAS0003,20121004,SNOW,0,,,N,0800
US1TXAS0003,20121005,SNOW,0,,,N,0800
US1TXAS0003,20121006,SNOW,0,,,N,0800
US1TXAS0003,20121007,SNOW,0,,,N,0800
US1TXAS0003,20121008,SNOW,0,,,N,0800
US1TXAS0003,20121009,SNOW,0,,,N,0800
US1TXAS0003,20121010,SNOW,0,,,N,0800
US1TXAS0003,20121011,SNOW,0,,,N,0800
US1TXAS0003,20121013,SNOW,0,,,N,0800
US1TXAS0003,20121016,SNOW,0,,,N,0800
US1TXAS0003,20121018,SNOW,0,,,N,0800
US1TXAS0003,20121019,SNOW,0,,,N,0800
US1TXAS0003,20121020,SNOW,0,,,N,0800
US1TXAS0003,20121021,SNOW,0,,,N,0800
US1TXAS0003,20121022,SNOW,0,,,N,0800
US1TXAS0003,20121023,SNOW,0,,,N,0800
US1TXAS0003,20121024,SNOW,0,,,N,0800
US1TXAS0003,20121025,SNOW,0,,,N,0800
US1TXAS0003,20121026,SNOW,0,,,N,0800
US1TXAS0003,20121028,SNOW,0,,,N,0800
US1TXAS0003,20121029,SNOW,0,,,N,0800
US1TXAS0003,20121030,SNOW,0,,,N,0800
US1TXAS0003,20121031,SNOW,0,,,N,0800
US1TXAS0003,20121101,PRCP,0,,,N,0800
US1TXAS0003,20121102,PRCP,0,,,N,0800
US1TXAS0003,20121103,PRCP,0,,,N,0800
US1TXAS0003,20121104,PRCP,33,,,N,0800
US1TXAS0003,20121105,PRCP,0,,,N,0700
US1TXAS0003,20121106,PRCP,91,,,N,0800
US1TXAS0003,20121107,PRCP,0,,,N,0800
US1TXAS0003,20121108,PRCP,0,,,N,0800
US1TXAS0003,20121109,PRCP,0,,,N,0800
US1TXAS0003,20121110,PRCP,0,,,N,0800
US1TXAS0003,20121111,PRCP,0,,,N,0800
US1TXAS0003,20121112,PRCP,0,,,N,0800
US1TXAS0003,20121113,PRCP,0,,,N,0800
US1TXAS0003,20121129,PRCP,0,,,N,0800
US1TXAS0003,20121130,PRCP,0,,,N,0730
US1TXAS0003,20121101,SNOW,0,,,N,0800
US1TXAS0003,20121102,SNOW,0,,,N,0800
US1TXAS0003,20121103,SNOW,0,,,N,0800
US1TXAS0003,20121105,SNOW,0,,,N,0700
US1TXAS0003,20121107,SNOW,0,,,N,0800
US1TXAS0003,20121108,SNOW,0,,,N,0800
US1TXAS0003,20121109,SNOW,0,,,N,0800
US1TXAS0003,20121110,SNOW,0,,,N,0800
US1TXAS0003,20121111,SNOW,0,,,N,0800
US1TXAS0003,20121112,SNOW,0,,,N,0800
US1TXAS0003,20121113,SNOW,0,,,N,0800
US1TXAS0003,20121129,SNOW,0,,,N,0800
US1TXAS0003,20121130,SNOW,0,,,N,0730
US1TXAS0003,20121128,DAPR,15,,,N,1900
US1TXAS0003,20121128,MDPR,66,,,N,1900
US1TXAS0003,20121201,PRCP,0,,,N,0800
US1TXAS0003,20121202,PRCP,0,,,N,0800
US1TXAS0003,20121203,PRCP,0,,,N,0800
US1TXAS0003,20121204,PRCP,0,,,N,0800
US1TXAS0003,20121205,PRCP,41,,,N,0800
US1TXAS0003,20121206,PRCP,0,,,N,0800
US1TXAS0003,20121207,PRCP,0,,,N,0800
US1TXAS0003,20121208,PRCP,0,,,N,0800
US1TXAS0003,20121209,PRCP,8,,,N,0800
US1TXAS0003,20121210,PRCP,0,,,N,0800
US1TXAS0003,20121211,PRCP,0,,,N,0800
US1TXAS0003,20121212,PRCP,0,,,N,0800
US1TXAS0003,20121213,PRCP,0,,,N,0800
US1TXAS0003,20121214,PRCP,0,,,N,0800
US1TXAS0003,20121215,PRCP,15,,,N,0800
US1TXAS0003,20121216,PRCP,155,,,N,0830
US1TXAS0003,20121217,PRCP,0,,,N,0800
US1TXAS0003,20121218,PRCP,0,,,N,0800
US1TXAS0003,20121219,PRCP,0,,,N,0800
US1TXAS0003,20121201,SNOW,0,,,N,0800
US1TXAS0003,20121202,SNOW,0,,,N,0800
US1TXAS0003,20121203,SNOW,0,,,N,0800
US1TXAS0003,20121204,SNOW,0,,,N,0800
US1TXAS0003,20121206,SNOW,0,,,N,0800
US1TXAS0003,20121207,SNOW,0,,,N,0800
US1TXAS0003,20121208,SNOW,0,,,N,0800
US1TXAS0003,20121210,SNOW,0,,,N,0800
US1TXAS0003,20121211,SNOW,0,,,N,0800
US1TXAS0003,20121212,SNOW,0,,,N,0800
US1TXAS0003,20121213,SNOW,0,,,N,0800
US1TXAS0003,20121214,SNOW,0,,,N,0800
US1TXAS0003,20121217,SNOW,0,,,N,0800
US1TXAS0003,20121218,SNOW,0,,,N,0800
US1TXAS0003,20121219,SNOW,0,,,N,0800
US1TXAS0003,20130108,PRCP,5,,,N,0800
US1TXAS0003,20130109,PRCP,173,,,N,0730
US1TXAS0003,20130110,PRCP,658,,,N,0800
US1TXAS0003,20130111,PRCP,0,,,N,0800
US1TXAS0003,20130112,PRCP,0,,,N,0730
US1TXAS0003,20130113,PRCP,30,,,N,0800
US1TXAS0003,20130114,PRCP,10,,,N,0800
US1TXAS0003,20130115,PRCP,20,,,N,0800
US1TXAS0003,20130116,PRCP,0,,,N,0800
US1TXAS0003,20130117,PRCP,0,,,N,0800
US1TXAS0003,20130118,PRCP,0,,,N,0800
US1TXAS0003,20130119,PRCP,0,,,N,0800
US1TXAS0003,20130120,PRCP,0,,,N,0800
US1TXAS0003,20130121,PRCP,0,,,N,0800
US1TXAS0003,20130122,PRCP,0,,,N,0800
US1TXAS0003,20130123,PRCP,0,,,N,0800
US1TXAS0003,20130124,PRCP,0,,,N,0800
US1TXAS0003,20130125,PRCP,0,,,N,0800
US1TXAS0003,20130126,PRCP,0,,,N,0800
US1TXAS0003,20130127,PRCP,0,,,N,0800
US1TXAS0003,20130128,PRCP,0,,,N,0800
US1TXAS0003,20130129,PRCP,10,,,N,1100
US1TXAS0003,20130130,PRCP,0,,,N,0800
US1TXAS0003,20130131,PRCP,0,,,N,0800
US1TXAS0003,20130111,SNOW,0,,,N,0800
US1TXAS0003,20130112,SNOW,0,,,N,0730
US1TXAS0003,20130114,SNOW,0,,,N,0800
US1TXAS0003,20130116,SNOW,0,,,N,0800
US1TXAS0003,20130117,SNOW,0,,,N,0800
US1TXAS0003,20130118,SNOW,0,,,N,0800
US1TXAS0003,20130119,SNOW,0,,,N,0800
US1TXAS0003,20130120,SNOW,0,,,N,0800
US1TXAS0003,20130121,SNOW,0,,,N,0800
US1TXAS0003,20130122,SNOW,0,,,N,0800
US1TXAS0003,20130123,SNOW,0,,,N,0800
US1TXAS0003,20130124,SNOW,0,,,N,0800
US1TXAS0003,20130125,SNOW,0,,,N,0800
US1TXAS0003,20130126,SNOW,0,,,N,0800
US1TXAS0003,20130127,SNOW,0,,,N,0800
US1TXAS0003,20130128,SNOW,0,,,N,0800
US1TXAS0003,20130130,SNOW,0,,,N,0800
US1TXAS0003,20130131,SNOW,0,,,N,0800
US1TXAS0003,20130107,DAPR,19,,,N,1000
US1TXAS0003,20130107,MDPR,264,,,N,1000
US1TXAS0003,20130201,PRCP,0,,,N,0800
US1TXAS0003,20130203,PRCP,0,,,N,0800
US1TXAS0003,20130204,PRCP,0,,,N,0800
US1TXAS0003,20130205,PRCP,0,,,N,0800
US1TXAS0003,20130206,PRCP,64,,,N,0800
US1TXAS0003,20130207,PRCP,112,,,N,0800
US1TXAS0003,20130208,PRCP,0,,,N,0800
US1TXAS0003,20130209,PRCP,0,,,N,0800
US1TXAS0003,20130210,PRCP,51,,,N,1300
US1TXAS0003,20130211,PRCP,36,,,N,0100
US1TXAS0003,20130212,PRCP,33,,,N,0900
US1TXAS0003,20130213,PRCP,0,,,N,0800
US1TXAS0003,20130214,PRCP,0,,,N,0800
US1TXAS0003,20130215,PRCP,0,,,N,0800
US1TXAS0003,20130216,PRCP,0,,,N,0800
US1TXAS0003,20130201,SNOW,0,,,N,0800
US1TXAS0003,20130203,SNOW,0,,,N,0800
US1TXAS0003,20130204,SNOW,0,,,N,0800
US1TXAS0003,20130205,SNOW,0,,,N,0800
US1TXAS0003,20130208,SNOW,0,,,N,0800
US1TXAS0003,20130209,SNOW,0,,,N,0800
US1TXAS0003,20130213,SNOW,0,,,N,0800
US1TXAS0003,20130214,SNOW,0,,,N,0800
US1TXAS0003,20130215,SNOW,0,,,N,0800
US1TXAS0003,20130216,SNOW,0,,,N,0800
US1TXAS0003,20130303,PRCP,0,,,N,0800
US1TXAS0003,20130304,PRCP,0,,,N,0800
US1TXAS0003,20130305,PRCP,0,,,N,0800
US1TXAS0003,20130306,PRCP,0,,,N,0800
US1TXAS0003,20130307,PRCP,0,,,N,0800
US1TXAS0003,20130308,PRCP,0,,,N,0800
US1TXAS0003,20130309,PRCP,0,,,N,0800
US1TXAS0003,20130310,PRCP,152,,,N,1300
US1TXAS0003,20130311,PRCP,0,,,N,0800
US1TXAS0003,20130312,PRCP,0,,,N,0800
US1TXAS0003,20130313,PRCP,0,,,N,0800
US1TXAS0003,20130314,PRCP,0,,,N,0800
US1TXAS0003,20130315,PRCP,0,,,N,0800
US1TXAS0003,20130316,PRCP,0,,,N,0800
US1TXAS0003,20130317,PRCP,0,,,N,0800
US1TXAS0003,20130318,PRCP,0,,,N,0800
US1TXAS0003,20130319,PRCP,0,,,N,0800
US1TXAS0003,20130320,PRCP,66,,,N,1000
US1TXAS0003,20130321,PRCP,0,,,N,0800
US1TXAS0003,20130322,PRCP,0,,,N,0800
US1TXAS0003,20130323,PRCP,0,,,N,0800
US1TXAS0003,20130324,PRCP,0,,,N,0800
US1TXAS0003,20130325,PRCP,0,,,N,0800
US1TXAS0003,20130326,PRCP,0,,,N,0800
US1TXAS0003,20130327,PRCP,0,,,N,0800
US1TXAS0003,20130328,PRCP,0,,,N,0800
US1TXAS0003,20130329,PRCP,0,,,N,0800
US1TXAS0003,20130330,PRCP,0,,,N,0800
US1TXAS0003,20130331,PRCP,0,,,N,0800
US1TXAS0003,20130303,SNOW,0,,,N,0800
US1TXAS0003,20130304,SNOW,0,,,N,0800
US1TXAS0003,20130305,SNOW,0,,,N,0800
US1TXAS0003,20130306,SNOW,0,,,N,0800
US1TXAS0003,20130307,SNOW,0,,,N,0800
US1TXAS0003,20130308,SNOW,0,,,N,0800
US1TXAS0003,20130309,SNOW,0,,,N,0800
US1TXAS0003,20130311,SNOW,0,,,N,0800
US1TXAS0003,20130312,SNOW,0,,,N,0800
US1TXAS0003,20130313,SNOW,0,,,N,0800
US1TXAS0003,20130314,SNOW,0,,,N,0800
US1TXAS0003,20130315,SNOW,0,,,N,0800
US1TXAS0003,20130316,SNOW,0,,,N,0800
US1TXAS0003,20130317,SNOW,0,,,N,0800
US1TXAS0003,20130318,SNOW,0,,,N,0800
US1TXAS0003,20130319,SNOW,0,,,N,0800
US1TXAS0003,20130321,SNOW,0,,,N,0800
US1TXAS0003,20130322,SNOW,0,,,N,0800
US1TXAS0003,20130323,SNOW,0,,,N,0800
US1TXAS0003,20130324,SNOW,0,,,N,0800
US1TXAS0003,20130325,SNOW,0,,,N,0800
US1TXAS0003,20130326,SNOW,0,,,N,0800
US1TXAS0003,20130327,SNOW,0,,,N,0800
US1TXAS0003,20130328,SNOW,0,,,N,0800
US1TXAS0003,20130329,SNOW,0,,,N,0800
US1TXAS0003,20130330,SNOW,0,,,N,0800
US1TXAS0003,20130331,SNOW,0,,,N,0800
US1TXAS0003,20130302,DAPR,14,,,N,0800
US1TXAS0003,20130302,MDPR,84,,,N,0800
US1TXAS0003,20130401,PRCP,0,,,N,0800
US1TXAS0003,20130402,PRCP,0,T,,N,0930
US1TXAS0003,20130403,PRCP,338,,,N,0930
US1TXAS0003,20130404,PRCP,36,,,N,0800
US1TXAS0003,20130405,PRCP,0,T,,N,0800
US1TXAS0003,20130406,PRCP,0,,,N,0800
US1TXAS0003,20130407,PRCP,0,,,N,0800
US1TXAS0003,20130408,PRCP,0,,,N,0800
US1TXAS0003,20130409,PRCP,0,,,N,0800
US1TXAS0003,20130410,PRCP,0,,,N,0800
US1TXAS0003,20130411,PRCP,58,,,N,0800
US1TXAS0003,20130412,PRCP,0,,,N,0800
US1TXAS0003,20130413,PRCP,0,,,N,0800
US1TXAS0003,20130414,PRCP,0,,,N,0800
US1TXAS0003,20130415,PRCP,0,,,N,0800
US1TXAS0003,20130416,PRCP,0,,,N,0800
US1TXAS0003,20130417,PRCP,0,,,N,0800
US1TXAS0003,20130421,PRCP,0,,,N,0800
US1TXAS0003,20130422,PRCP,0,,,N,0800
US1TXAS0003,20130423,PRCP,0,,,N,0800
US1TXAS0003,20130424,PRCP,0,,,N,0800
US1TXAS0003,20130425,PRCP,0,,,N,0800
US1TXAS0003,20130426,PRCP,0,,,N,0800
US1TXAS0003,20130427,PRCP,0,,,N,0800
US1TXAS0003,20130428,PRCP,79,,,N,0800
US1TXAS0003,20130429,PRCP,0,,,N,0800
US1TXAS0003,20130430,PRCP,25,,,N,0800
US1TXAS0003,20130401,SNOW,0,,,N,0800
US1TXAS0003,20130406,SNOW,0,,,N,0800
US1TXAS0003,20130407,SNOW,0,,,N,0800
US1TXAS0003,20130408,SNOW,0,,,N,0800
US1TXAS0003,20130409,SNOW,0,,,N,0800
US1TXAS0003,20130410,SNOW,0,,,N,0800
US1TXAS0003,20130412,SNOW,0,,,N,0800
US1TXAS0003,20130413,SNOW,0,,,N,0800
US1TXAS0003,20130414,SNOW,0,,,N,0800
US1TXAS0003,20130415,SNOW,0,,,N,0800
US1TXAS0003,20130416,SNOW,0,,,N,0800
US1TXAS0003,20130417,SNOW,0,,,N,0800
US1TXAS0003,20130421,SNOW,0,,,N,0800
US1TXAS0003,20130422,SNOW,0,,,N,0800
US1TXAS0003,20130423,SNOW,0,,,N,0800
US1TXAS0003,20130424,SNOW,0,,,N,0800
US1TXAS0003,20130425,SNOW,0,,,N,0800
US1TXAS0003,20130426,SNOW,0,,,N,0800
US1TXAS0003,20130427,SNOW,0,,,N,0800
US1TXAS0003,20130428,SNOW,0,,,N,0800
US1TXAS0003,20130429,SNOW,0,,,N,0800
US1TXAS0003,20130419,DAPR,2,,,N,0900
US1TXAS0003,20130419,MDPR,122,,,N,0900
US1TXAS0003,20130501,PRCP,0,,,N,0800
US1TXAS0003,20130502,PRCP,0,,,N,0800
US1TXAS0003,20130503,PRCP,0,,,N,0800
US1TXAS0003,20130504,PRCP,0,,,N,0800
US1TXAS0003,20130505,PRCP,0,,,N,0800
US1TXAS0003,20130520,PRCP,0,,,N,0800
US1TXAS0003,20130521,PRCP,0,,,N,0800
US1TXAS0003,20130522,PRCP,13,,,N,0800
US1TXAS0003,20130523,PRCP,0,,,N,0800
US1TXAS0003,20130501,SNOW,0,,,N,0800
US1TXAS0003,20130502,SNOW,0,,,N,0800
US1TXAS0003,20130503,SNOW,0,,,N,0800
US1TXAS0003,20130504,SNOW,0,,,N,0800
US1TXAS0003,20130505,SNOW,0,,,N,0800
US1TXAS0003,20130520,SNOW,0,,,N,0800
US1TXAS0003,20130521,SNOW,0,,,N,0800
US1TXAS0003,20130523,SNOW,0,,,N,0800
US1TXAS0003,20130519,DAPR,14,,,N,1800
US1TXAS0003,20130519,MDPR,406,,,N,1800
US1TXAS0003,20130614,PRCP,0,,,N,0800
US1TXAS0003,20130615,PRCP,0,,,N,0800
US1TXAS0003,20130616,PRCP,0,,,N,0800
US1TXAS0003,20130617,PRCP,0,,,N,0800
US1TXAS0003,20130618,PRCP,0,,,N,0800
US1TXAS0003,20130619,PRCP,0,,,N,0800
US1TXAS0003,20130620,PRCP,0,,,N,0800
US1TXAS0003,20130621,PRCP,0,,,N,0800
US1TXAS0003,20130623,PRCP,0,,,N,0800
US1TXAS0003,20130624,PRCP,0,,,N,0800
US1TXAS0003,20130625,PRCP,0,,,N,0800
US1TXAS0003,20130626,PRCP,0,,,N,0800
US1TXAS0003,20130627,PRCP,0,,,N,0800
US1TXAS0003,20130628,PRCP,0,,,N,0800
US1TXAS0003,20130629,PRCP,0,,,N,0800
US1TXAS0003,20130614,SNOW,0,,,N,0800
US1TXAS0003,20130615,SNOW,0,,,N,0800
US1TXAS0003,20130616,SNOW,0,,,N,0800
US1TXAS0003,20130617,SNOW,0,,,N,0800
US1TXAS0003,20130618,SNOW,0,,,N,0800
US1TXAS0003,20130619,SNOW,0,,,N,0800
US1TXAS0003,20130620,SNOW,0,,,N,0800
US1TXAS0003,20130621,SNOW,0,,,N,0800
US1TXAS0003,20130623,SNOW,0,,,N,0800
US1TXAS0003,20130624,SNOW,0,,,N,0800
US1TXAS0003,20130625,SNOW,0,,,N,0800
US1TXAS0003,20130626,SNOW,0,,,N,0800
US1TXAS0003,20130627,SNOW,0,,,N,0800
US1TXAS0003,20130628,SNOW,0,,,N,0800
US1TXAS0003,20130629,SNOW,0,,,N,0800
US1TXAS0003,20130613,DAPR,21,,,N,1900
US1TXAS0003,20130613,MDPR,673,,,N,1900
US1TXAS0003,20130701,PRCP,0,,,N,0800
US1TXAS0003,20130702,PRCP,0,,,N,0800
US1TXAS0003,20130703,PRCP,0,,,N,0800
US1TXAS0003,20130704,PRCP,0,,,N,0800
US1TXAS0003,20130705,PRCP,0,,,N,0800
US1TXAS0003,20130706,PRCP,0,,,N,0800
US1TXAS0003,20130728,PRCP,0,,,N,0800
US1TXAS0003,20130729,PRCP,0,,,N,0800
US1TXAS0003,20130730,PRCP,0,,,N,0800
US1TXAS0003,20130731,PRCP,0,,,N,0800
US1TXAS0003,20130701,SNOW,0,,,N,0800
US1TXAS0003,20130702,SNOW,0,,,N,0800
US1TXAS0003,20130703,SNOW,0,,,N,0800
US1TXAS0003,20130704,SNOW,0,,,N,0800
US1TXAS0003,20130705,SNOW,0,,,N,0800
US1TXAS0003,20130706,SNOW,0,,,N,0800
US1TXAS0003,20130728,SNOW,0,,,N,0800
US1TXAS0003,20130729,SNOW,0,,,N,0800
US1TXAS0003,20130730,SNOW,0,,,N,0800
US1TXAS0003,20130731,SNOW,0,,,N,0800
US1TXAS0003,20130727,DAPR,21,,,N,1800
US1TXAS0003,20130727,MDPR,351,,,N,1800
US1TXAS0003,20130801,PRCP,0,,,N,0800
US1TXAS0003,20130802,PRCP,0,,,N,0800
US1TXAS0003,20130803,PRCP,0,,,N,0800
US1TXAS0003,20130804,PRCP,0,,,N,0800
US1TXAS0003,20130805,PRCP,0,,,N,0800
US1TXAS0003,20130807,PRCP,0,,,N,0800
US1TXAS0003,20130808,PRCP,0,,,N,0800
US1TXAS0003,20130809,PRCP,0,,,N,0800
US1TXAS0003,20130810,PRCP,0,,,N,0800
US1TXAS0003,20130811,PRCP,0,,,N,0800
US1TXAS0003,20130812,PRCP,0,,,N,0800
US1TXAS0003,20130813,PRCP,0,,,N,0800
US1TXAS0003,20130814,PRCP,0,,,N,0800
US1TXAS0003,20130815,PRCP,0,T,,N,0600
US1TXAS0003,20130801,SNOW,0,,,N,0800
US1TXAS0003,20130802,SNOW,0,,,N,0800
US1TXAS0003,20130803,SNOW,0,,,N,0800
US1TXAS0003,20130804,SNOW,0,,,N,0800
US1TXAS0003,20130805,SNOW,0,,,N,0800
US1TXAS0003,20130807,SNOW,0,,,N,0800
US1TXAS0003,20130808,SNOW,0,,,N,0800
US1TXAS0003,20130809,SNOW,0,,,N,0800
US1TXAS0003,20130810,SNOW,0,,,N,0800
US1TXAS0003,20130811,SNOW,0,,,N,0800
US1TXAS0003,20130812,SNOW,0,,,N,0800
US1TXAS0003,20130813,SNOW,0,,,N,0800
US1TXAS0003,20130814,SNOW,0,,,N,0800
US1TXAS0003,20130909,PRCP,0,,,N,0800
US1TXAS0003,20130910,PRCP,76,,,N,0800
US1TXAS0003,20130911,PRCP,0,,,N,0800
US1TXAS0003,20130912,PRCP,0,,,N,0800
US1TXAS0003,20130913,PRCP,0,,,N,0800
US1TXAS0003,20130914,PRCP,0,,,N,0800
US1TXAS0003,20130915,PRCP,0,T,,N,0800
US1TXAS0003,20130916,PRCP,0,,,N,0800
US1TXAS0003,20130917,PRCP,0,,,N,0800
US1TXAS0003,20130918,PRCP,0,,,N,0800
US1TXAS0003,20130919,PRCP,0,,,N,0800
US1TXAS0003,20130920,PRCP,147,,,N,0700
US1TXAS0003,20130921,PRCP,719,,,N,0800
US1TXAS0003,20130923,PRCP,0,,,N,0800
US1TXAS0003,20130924,PRCP,0,,,N,0800
US1TXAS0003,20130925,PRCP,0,,,N,0800
US1TXAS0003,20130926,PRCP,0,,,N,0800
US1TXAS0003,20130927,PRCP,0,,,N,0800
US1TXAS0003,20130928,PRCP,0,T,,N,0800
US1TXAS0003,20130929,PRCP,33,,,N,0900
US1TXAS0003,20130930,PRCP,0,,,N,0800
US1TXAS0003,20130909,SNOW,0,,,N,0800
US1TXAS0003,20130911,SNOW,0,,,N,0800
US1TXAS0003,20130912,SNOW,0,,,N,0800
US1TXAS0003,20130913,SNOW,0,,,N,0800
US1TXAS0003,20130914,SNOW,0,,,N,0800
US1TXAS0003,20130916,SNOW,0,,,N,0800
US1TXAS0003,20130917,SNOW,0,,,N,0800
US1TXAS0003,20130918,SNOW,0,,,N,0800
US1TXAS0003,20130919,SNOW,0,,,N,0800
US1TXAS0003,20130920,SNOW,0,,,N,0700
US1TXAS0003,20130923,SNOW,0,,,N,0800
US1TXAS0003,20130924,SNOW,0,,,N,0800
US1TXAS0003,20130925,SNOW,0,,,N,0800
US1TXAS0003,20130926,SNOW,0,,,N,0800
US1TXAS0003,20130927,SNOW,0,,,N,0800
US1TXAS0003,20130930,SNOW,0,,,N,0800
US1TXAS0003,20130908,DAPR,24,,,N,1800
US1TXAS0003,20130908,MDPR,254,,,N,1800
US1TXAS0003,20131001,PRCP,0,,,N,0800
US1TXAS0003,20131002,PRCP,0,,,N,0800
US1TXAS0003,20131003,PRCP,0,T,,N,0800
US1TXAS0003,20131004,PRCP,0,,,N,0800
US1TXAS0003,20131008,PRCP,0,,,N,0800
US1TXAS0003,20131009,PRCP,0,,,N,0800
US1TXAS0003,20131010,PRCP,0,,,N,0800
US1TXAS0003,20131011,PRCP,0,,,N,0800
US1TXAS0003,20131012,PRCP,0,,,N,0800
US1TXAS0003,20131013,PRCP,792,,,N,0945
US1TXAS0003,20131014,PRCP,185,,,N,0930
US1TXAS0003,20131015,PRCP,0,,,N,0800
US1TXAS0003,20131016,PRCP,0,,,N,0800
US1TXAS0003,20131017,PRCP,102,,,N,0800
US1TXAS0003,20131018,PRCP,0,,,N,0800
US1TXAS0003,20131019,PRCP,699,,,N,0800
US1TXAS0003,20131020,PRCP,0,,,N,0800
US1TXAS0003,20131021,PRCP,0,,,N,0800
US1TXAS0003,20131022,PRCP,0,,,N,0800
US1TXAS0003,20131023,PRCP,0,,,N,0800
US1TXAS0003,20131024,PRCP,0,,,N,0800
US1TXAS0003,20131025,PRCP,0,,,N,0800
US1TXAS0003,20131027,PRCP,457,,,N,1100
US1TXAS0003,20131028,PRCP,0,,,N,1700
US1TXAS0003,20131029,PRCP,0,,,N,0800
US1TXAS0003,20131030,PRCP,739,,,N,1015
US1TXAS0003,20131031,PRCP,538,,,N,1100
US1TXAS0003,20131001,SNOW,0,,,N,0800
US1TXAS0003,20131002,SNOW,0,,,N,0800
US1TXAS0003,20131004,SNOW,0,,,N,0800
US1TXAS0003,20131008,SNOW,0,,,N,0800
US1TXAS0003,20131009,SNOW,0,,,N,0800
US1TXAS0003,20131010,SNOW,0,,,N,0800
US1TXAS0003,20131011,SNOW,0,,,N,0800
US1TXAS0003,20131012,SNOW,0,,,N,0800
US1TXAS0003,20131015,SNOW,0,,,N,0800
US1TXAS0003,20131016,SNOW,0,,,N,0800
US1TXAS0003,20131018,SNOW,0,,,N,0800
US1TXAS0003,20131020,SNOW,0,,,N,0800
US1TXAS0003,20131021,SNOW,0,,,N,0800
US1TXAS0003,20131022,SNOW,0,,,N,0800
US1TXAS0003,20131023,SNOW,0,,,N,0800
US1TXAS0003,20131024,SNOW,0,,,N,0800
US1TXAS0003,20131025,SNOW,0,,,N,0800
US1TXAS0003,20131028,SNOW,0,,,N,1700
US1TXAS0003,20131029,SNOW,0,,,N,0800
US1TXAS0003,20131007,DAPR,3,,,N,0800
US1TXAS0003,20131007,MDPR,94,,,N,0800
US1TXAS0003,20131101,PRCP,5,,,N,0800
US1TXAS0003,20131102,PRCP,0,,,N,0800
US1TXAS0003,20131103,PRCP,0,,,N,0800
US1TXAS0003,20131104,PRCP,0,,,N,0800
US1TXAS0003,20131107,PRCP,0,,,N,0800
US1TXAS0003,20131108,PRCP,0,,,N,0800
US1TXAS0003,20131109,PRCP,0,,,N,0800
US1TXAS0003,20131110,PRCP,0,,,N,0800
US1TXAS0003,20131102,SNOW,0,,,N,0800
US1TXAS0003,20131103,SNOW,0,,,N,0800
US1TXAS0003,20131104,SNOW,0,,,N,0800
US1TXAS0003,20131107,SNOW,0,,,N,0800
US1TXAS0003,20131108,SNOW,0,,,N,0800
US1TXAS0003,20131109,SNOW,0,,,N,0800
US1TXAS0003,20131110,SNOW,0,,,N,0800
US1TXAS0003,20131106,DAPR,2,,,N,0830
US1TXAS0003,20131106,MDPR,269,,,N,0830
US1TXAS0003,20131206,PRCP,15,,,N,0900
US1TXAS0003,20131211,PRCP,0,,,N,0800
US1TXAS0003,20131212,PRCP,0,,,N,0800
US1TXAS0003,20131213,PRCP,0,,,N,0800
US1TXAS0003,20131214,PRCP,0,T,,N,0800
US1TXAS0003,20131215,PRCP,0,,,N,0800
US1TXAS0003,20131211,SNOW,0,,,N,0800
US1TXAS0003,20131212,SNOW,0,,,N,0800
US1TXAS0003,20131213,SNOW,0,,,N,0800
US1TXAS0003,20131215,SNOW,0,,,N,0800
US1TXAS0003,20131205,DAPR,25,,,N,1000
US1TXAS0003,20131205,MDPR,820,,,N,1000
US1TXAS0003,20140112,PRCP,0,,,N,0800
US1TXAS0003,20140113,PRCP,0,,,N,0800
US1TXAS0003,20140114,PRCP,0,,,N,0800
US1TXAS0003,20140115,PRCP,0,,,N,0800
US1TXAS0003,20140116,PRCP,0,,,N,0800
US1TXAS0003,20140117,PRCP,0,,,N,0800
US1TXAS0003,20140118,PRCP,0,,,N,0800
US1TXAS0003,20140119,PRCP,0,,,N,0800
US1TXAS0003,20140120,PRCP,0,,,N,0800
US1TXAS0003,20140121,PRCP,0,,,N,0800
US1TXAS0003,20140122,PRCP,0,,,N,0800
US1TXAS0003,20140123,PRCP,0,,,N,0800
US1TXAS0003,20140124,PRCP,66,,,N,0800
US1TXAS0003,20140125,PRCP,0,,,N,0800
US1TXAS0003,20140126,PRCP,0,,,N,0800
US1TXAS0003,20140127,PRCP,0,,,N,0800
US1TXAS0003,20140128,PRCP,0,,,N,0800
US1TXAS0003,20140129,PRCP,25,,,N,0800
US1TXAS0003,20140130,PRCP,0,,,N,0800
US1TXAS0003,20140131,PRCP,0,,,N,0800
US1TXAS0003,20140112,SNOW,0,,,N,0800
US1TXAS0003,20140113,SNOW,0,,,N,0800
US1TXAS0003,20140114,SNOW,0,,,N,0800
US1TXAS0003,20140115,SNOW,0,,,N,0800
US1TXAS0003,20140116,SNOW,0,,,N,0800
US1TXAS0003,20140117,SNOW,0,,,N,0800
US1TXAS0003,20140118,SNOW,0,,,N,0800
US1TXAS0003,20140119,SNOW,0,,,N,0800
US1TXAS0003,20140120,SNOW,0,,,N,0800
US1TXAS0003,20140121,SNOW,0,,,N,0800
US1TXAS0003,20140122,SNOW,0,,,N,0800
US1TXAS0003,20140123,SNOW,0,,,N,0800
US1TXAS0003,20140125,SNOW,0,,,N,0800
US1TXAS0003,20140126,SNOW,0,,,N,0800
US1TXAS0003,20140127,SNOW,0,,,N,0800
US1TXAS0003,20140128,SNOW,0,,,N,0800
US1TXAS0003,20140130,SNOW,0,,,N,0800
US1TXAS0003,20140131,SNOW,0,,,N,0800
US1TXAS0003,20140111,DAPR,27,,,N,1800
US1TXAS0003,20140111,MDPR,790,,,N,1800
US1TXAS0003,20140201,PRCP,0,,,N,0800
US1TXAS0003,20140202,PRCP,56,,,N,1030
US1TXAS0003,20140203,PRCP,0,,,N,0800
US1TXAS0003,20140204,PRCP,58,,,N,1030
US1TXAS0003,20140205,PRCP,0,,,N,0800
US1TXAS0003,20140206,PRCP,0,,,N,0800
US1TXAS0003,20140207,PRCP,0,,,N,0800
US1TXAS0003,20140208,PRCP,38,,,N,0800
US1TXAS0003,20140209,PRCP,0,,,N,0800
US1TXAS0003,20140210,PRCP,20,,,N,0930
US1TXAS0003,20140211,PRCP,10,,,N,0800
US1TXAS0003,20140213,PRCP,0,,,N,0800
US1TXAS0003,20140214,PRCP,0,,,N,0800
US1TXAS0003,20140216,PRCP,0,,,N,0800
US1TXAS0003,20140217,PRCP,0,,,N,0800
US1TXAS0003,20140218,PRCP,0,,,N,0800
US1TXAS0003,20140219,PRCP,0,,,N,0800
US1TXAS0003,20140220,PRCP,0,,,N,0800
US1TXAS0003,20140221,PRCP,13,,,N,0800
US1TXAS0003,20140222,PRCP,0,,,N,0800
US1TXAS0003,20140223,PRCP,0,,,N,0800
US1TXAS0003,20140224,PRCP,0,,,N,0800
US1TXAS0003,20140225,PRCP,0,,,N,0800
US1TXAS0003,20140226,PRCP,239,,,N,0900
US1TXAS0003,20140227,PRCP,48,,,N,0800
US1TXAS0003,20140228,PRCP,0,,,N,0800
US1TXAS0003,20140201,SNOW,0,,,N,0800
US1TXAS0003,20140203,SNOW,0,,,N,0800
US1TXAS0003,20140205,SNOW,0,,,N,0800
US1TXAS0003,20140206,SNOW,0,,,N,0800
US1TXAS0003,20140207,SNOW,0,,,N,0800
US1TXAS0003,20140209,SNOW,0,,,N,0800
US1TXAS0003,20140213,SNOW,0,,,N,0800
US1TXAS0003,20140214,SNOW,0,,,N,0800
US1TXAS0003,20140216,SNOW,0,,,N,0800
US1TXAS0003,20140217,SNOW,0,,,N,0800
US1TXAS0003,20140218,SNOW,0,,,N,0800
US1TXAS0003,20140219,SNOW,0,,,N,0800
US1TXAS0003,20140220,SNOW,0,,,N,0800
US1TXAS0003,20140222,SNOW,0,,,N,0800
US1TXAS0003,20140223,SNOW,0,,,N,0800
US1TXAS0003,20140224,SNOW,0,,,N,0800
US1TXAS0003,20140225,SNOW,0,,,N,0800
US1TXAS0003,20140228,SNOW,0,,,N,0800
US1TXAS0003,20140301,PRCP,0,,,N,0800
US1TXAS0003,20140310,PRCP,0,,,N,0800
US1TXAS0003,20140311,PRCP,0,,,N,0800
US1TXAS0003,20140312,PRCP,0,,,N,0800
US1TXAS0003,20140313,PRCP,0,,,N,0800
US1TXAS0003,20140314,PRCP,0,,,N,0800
US1TXAS0003,20140315,PRCP,0,,,N,0800
US1TXAS0003,20140316,PRCP,196,,,N,0815
US1TXAS0003,20140317,PRCP,0,,,N,0800
US1TXAS0003,20140318,PRCP,0,,,N,0800
US1TXAS0003,20140319,PRCP,0,,,N,0800
US1TXAS0003,20140320,PRCP,0,,,N,0800
US1TXAS0003,20140321,PRCP,0,,,N,0800
US1TXAS0003,20140322,PRCP,0,,,N,0800
US1TXAS0003,20140323,PRCP,0,,,N,0800
US1TXAS0003,20140324,PRCP,41,,,N,0800
US1TXAS0003,20140325,PRCP,0,,,N,0800
US1TXAS0003,20140301,SNOW,0,,,N,0800
US1TXAS0003,20140310,SNOW,0,,,N,0800
US1TXAS0003,20140311,SNOW,0,,,N,0800
US1TXAS0003,20140312,SNOW,0,,,N,0800
US1TXAS0003,20140313,SNOW,0,,,N,0800
US1TXAS0003,20140314,SNOW,0,,,N,0800
US1TXAS0003,20140315,SNOW,0,,,N,0800
US1TXAS0003,20140317,SNOW,0,,,N,0800
US1TXAS0003,20140318,SNOW,0,,,N,0800
US1TXAS0003,20140319,SNOW,0,,,N,0800
US1TXAS0003,20140320,SNOW,0,,,N,0800
US1TXAS0003,20140321,SNOW,0,,,N,0800
US1TXAS0003,20140322,SNOW,0,,,N,0800
US1TXAS0003,20140323,SNOW,0,,,N,0800
US1TXAS0003,20140325,SNOW,0,,,N,0800
US1TXAS0003,20140309,DAPR,8,,,N,0930
US1TXAS0003,20140309,MDPR,699,,,N,0930
US1TXAS0003,20140522,PRCP,0,,,N,0800
US1TXAS0003,20140523,PRCP,0,,,N,0800
US1TXAS0003,20140524,PRCP,0,,,N,0800
US1TXAS0003,20140525,PRCP,0,,,N,0800
US1TXAS0003,20140526,PRCP,0,,,N,0800
US1TXAS0003,20140527,PRCP,798,,,N,0800
US1TXAS0003,20140528,PRCP,254,,,N,0800
US1TXAS0003,20140529,PRCP,0,,,N,0800
US1TXAS0003,20140530,PRCP,0,,,N,0800
US1TXAS0003,20140531,PRCP,0,,,N,0800
US1TXAS0003,20140522,SNOW,0,,,N,0800
US1TXAS0003,20140523,SNOW,0,,,N,0800
US1TXAS0003,20140524,SNOW,0,,,N,0800
US1TXAS0003,20140525,SNOW,0,,,N,0800
US1TXAS0003,20140526,SNOW,0,,,N,0800
US1TXAS0003,20140529,SNOW,0,,,N,0800
US1TXAS0003,20140530,SNOW,0,,,N,0800
US1TXAS0003,20140531,SNOW,0,,,N,0800
US1TXAS0003,20140521,DAPR,57,,L,N,1939
US1TXAS0003,20140521,MDPR,1529,,L,N,1939
US1TXAS0003,20140601,PRCP,0,,,N,0800
US1TXAS0003,20140602,PRCP,0,,,N,0800
US1TXAS0003,20140603,PRCP,0,,,N,0800
US1TXAS0003,20140604,PRCP,0,,,N,0800
US1TXAS0003,20140605,PRCP,0,,,N,0800
US1TXAS0003,20140606,PRCP,0,,,N,0800
US1TXAS0003,20140607,PRCP,0,,,N,0800
US1TXAS0003,20140608,PRCP,0,,,N,0800
US1TXAS0003,20140609,PRCP,0,,,N,0800
US1TXAS0003,20140610,PRCP,660,,,N,0800
US1TXAS0003,20140611,PRCP,0,,,N,0800
US1TXAS0003,20140612,PRCP,0,,,N,0800
US1TXAS0003,20140613,PRCP,18,,,N,0800
US1TXAS0003,20140614,PRCP,0,,,N,0800
US1TXAS0003,20140615,PRCP,0,,,N,0800
US1TXAS0003,20140616,PRCP,0,,,N,0800
US1TXAS0003,20140617,PRCP,0,,,N,0800
US1TXAS0003,20140618,PRCP,0,,,N,0800
US1TXAS0003,20140619,PRCP,0,,,N,0800
US1TXAS0003,20140620,PRCP,0,,,N,0800
US1TXAS0003,20140621,PRCP,0,,,N,0800
US1TXAS0003,20140622,PRCP,0,T,,N,0800
US1TXAS0003,20140623,PRCP,0,,,N,0800
US1TXAS0003,20140624,PRCP,48,,,N,0800
US1TXAS0003,20140625,PRCP,173,,,N,0800
US1TXAS0003,20140626,PRCP,23,,,N,0800
US1TXAS0003,20140627,PRCP,0,,,N,0800
US1TXAS0003,20140628,PRCP,0,,,N,0800
US1TXAS0003,20140629,PRCP,13,,,N,0800
US1TXAS0003,20140630,PRCP,0,,,N,0800
US1TXAS0003,20140601,SNOW,0,,,N,0800
US1TXAS0003,20140602,SNOW,0,,,N,0800
US1TXAS0003,20140603,SNOW,0,,,N,0800
US1TXAS0003,20140604,SNOW,0,,,N,0800
US1TXAS0003,20140605,SNOW,0,,,N,0800
US1TXAS0003,20140606,SNOW,0,,,N,0800
US1TXAS0003,20140607,SNOW,0,,,N,0800
US1TXAS0003,20140608,SNOW,0,,,N,0800
US1TXAS0003,20140609,SNOW,0,,,N,0800
US1TXAS0003,20140611,SNOW,0,,,N,0800
US1TXAS0003,20140612,SNOW,0,,,N,0800
US1TXAS0003,20140614,SNOW,0,,,N,0800
US1TXAS0003,20140615,SNOW,0,,,N,0800
US1TXAS0003,20140616,SNOW,0,,,N,0800
US1TXAS0003,20140617,SNOW,0,,,N,0800
US1TXAS0003,20140618,SNOW,0,,,N,0800
US1TXAS0003,20140619,SNOW,0,,,N,0800
US1TXAS0003,20140620,SNOW,0,,,N,0800
US1TXAS0003,20140621,SNOW,0,,,N,0800
US1TXAS0003,20140623,SNOW,0,,,N,0800
US1TXAS0003,20140627,SNOW,0,,,N,0800
US1TXAS0003,20140628,SNOW,0,,,N,0800
US1TXAS0003,20140630,SNOW,0,,,N,0800
US1TXAS0003,20140701,PRCP,0,,,N,0800
US1TXAS0003,20140702,PRCP,0,,,N,0800
US1TXAS0003,20140703,PRCP,0,,,N,0800
US1TXAS0003,20140704,PRCP,0,,,N,0800
US1TXAS0003,20140705,PRCP,0,T,,N,0800
US1TXAS0003,20140706,PRCP,46,,,N,0800
US1TXAS0003,20140707,PRCP,0,,,N,0800
US1TXAS0003,20140708,PRCP,0,,,N,0800
US1TXAS0003,20140709,PRCP,0,,,N,0800
US1TXAS0003,20140710,PRCP,0,,,N,0800
US1TXAS0003,20140711,PRCP,0,,,N,0800
US1TXAS0003,20140713,PRCP,0,,,N,0800
US1TXAS0003,20140714,PRCP,0,,,N,0800
US1TXAS0003,20140715,PRCP,0,,,N,0800
US1TXAS0003,20140716,PRCP,15,,,N,0800
US1TXAS0003,20140717,PRCP,0,,,N,0800
US1TXAS0003,20140718,PRCP,127,,,N,0800
US1TXAS0003,20140719,PRCP,0,,,N,0800
US1TXAS0003,20140720,PRCP,0,,,N,0800
US1TXAS0003,20140721,PRCP,0,,,N,0800
US1TXAS0003,20140722,PRCP,0,,,N,0800
US1TXAS0003,20140723,PRCP,0,,,N,0800
US1TXAS0003,20140724,PRCP,0,,,N,0800
US1TXAS0003,20140725,PRCP,99,,,N,0800
US1TXAS0003,20140726,PRCP,0,,,N,0800
US1TXAS0003,20140727,PRCP,0,,,N,0800
US1TXAS0003,20140728,PRCP,0,,,N,0800
US1TXAS0003,20140729,PRCP,0,,,N,0800
US1TXAS0003,20140730,PRCP,0,,,N,0800
US1TXAS0003,20140731,PRCP,0,,,N,0800
US1TXAS0003,20140701,SNOW,0,,,N,0800
US1TXAS0003,20140702,SNOW,0,,,N,0800
US1TXAS0003,20140703,SNOW,0,,,N,0800
US1TXAS0003,20140704,SNOW,0,,,N,0800
US1TXAS0003,20140707,SNOW,0,,,N,0800
US1TXAS0003,20140708,SNOW,0,,,N,0800
US1TXAS0003,20140709,SNOW,0,,,N,0800
US1TXAS0003,20140710,SNOW,0,,,N,0800
US1TXAS0003,20140711,SNOW,0,,,N,0800
US1TXAS0003,20140713,SNOW,0,,,N,0800
US1TXAS0003,20140714,SNOW,0,,,N,0800
US1TXAS0003,20140715,SNOW,0,,,N,0800
US1TXAS0003,20140717,SNOW,0,,,N,0800
US1TXAS0003,20140719,SNOW,0,,,N,0800
US1TXAS0003,20140720,SNOW,0,,,N,0800
US1TXAS0003,20140721,SNOW,0,,,N,0800
US1TXAS0003,20140722,SNOW,0,,,N,0800
US1TXAS0003,20140723,SNOW,0,,,N,0800
US1TXAS0003,20140724,SNOW,0,,,N,0800
US1TXAS0003,20140726,SNOW,0,,,N,0800
US1TXAS0003,20140727,SNOW,0,,,N,0800
US1TXAS0003,20140728,SNOW,0,,,N,0800
US1TXAS0003,20140729,SNOW,0,,,N,0800
US1TXAS0003,20140730,SNOW,0,,,N,0800
US1TXAS0003,20140731,SNOW,0,,,N,0800
US1TXAS0003,20140801,PRCP,89,,,N,0800
US1TXAS0003,20140802,PRCP,0,,,N,0800
US1TXAS0003,20140803,PRCP,0,,,N,0800
US1TXAS0003,20140804,PRCP,0,,,N,0800
US1TXAS0003,20140805,PRCP,0,,,N,0800
US1TXAS0003,20140806,PRCP,69,,,N,0800
US1TXAS0003,20140807,PRCP,0,,,N,0800
US1TXAS0003,20140808,PRCP,0,,,N,0800
US1TXAS0003,20140809,PRCP,0,,,N,0800
US1TXAS0003,20140810,PRCP,0,,,N,0800
US1TXAS0003,20140811,PRCP,0,,,N,0800
US1TXAS0003,20140812,PRCP,0,,,N,0800
US1TXAS0003,20140813,PRCP,0,,,N,0800
US1TXAS0003,20140814,PRCP,0,,,N,0800
US1TXAS0003,20140815,PRCP,0,,,N,0800
US1TXAS0003,20140816,PRCP,0,,,N,0800
US1TXAS0003,20140817,PRCP,0,,,N,0800
US1TXAS0003,20140818,PRCP,0,,,N,0800
US1TXAS0003,20140819,PRCP,0,,,N,0800
US1TXAS0003,20140820,PRCP,0,,,N,0800
US1TXAS0003,20140821,PRCP,8,,,N,0800
US1TXAS0003,20140822,PRCP,0,,,N,0800
US1TXAS0003,20140823,PRCP,0,,,N,0800
US1TXAS0003,20140824,PRCP,0,,,N,0800
US1TXAS0003,20140825,PRCP,0,,,N,0800
US1TXAS0003,20140826,PRCP,0,,,N,0800
US1TXAS0003,20140802,SNOW,0,,,N,0800
US1TXAS0003,20140803,SNOW,0,,,N,0800
US1TXAS0003,20140804,SNOW,0,,,N,0800
US1TXAS0003,20140805,SNOW,0,,,N,0800
US1TXAS0003,20140807,SNOW,0,,,N,0800
US1TXAS0003,20140808,SNOW,0,,,N,0800
US1TXAS0003,20140809,SNOW,0,,,N,0800
US1TXAS0003,20140810,SNOW,0,,,N,0800
US1TXAS0003,20140811,SNOW,0,,,N,0800
US1TXAS0003,20140812,SNOW,0,,,N,0800
US1TXAS0003,20140813,SNOW,0,,,N,0800
US1TXAS0003,20140814,SNOW,0,,,N,0800
US1TXAS0003,20140815,SNOW,0,,,N,0800
US1TXAS0003,20140816,SNOW,0,,,N,0800
US1TXAS0003,20140817,SNOW,0,,,N,0800
US1TXAS0003,20140818,SNOW,0,,,N,0800
US1TXAS0003,20140819,SNOW,0,,,N,0800
US1TXAS0003,20140820,SNOW,0,,,N,0800
US1TXAS0003,20140822,SNOW,0,,,N,0800
US1TXAS0003,20140823,SNOW,0,,,N,0800
US1TXAS0003,20140824,SNOW,0,,,N,0800
US1TXAS0003,20140825,SNOW,0,,,N,0800
US1TXAS0003,20140826,SNOW,0,,,N,0800
US1TXAS0003,20140930,DAPR,35,,L,N,0800
US1TXAS0003,20140930,MDPR,1554,,L,N,0800
US1TXAS0003,20141001,PRCP,0,,,N,0800
US1TXAS0003,20141002,PRCP,0,,,N,0800
US1TXAS0003,20141003,PRCP,234,,,N,0800
US1TXAS0003,20141004,PRCP,0,,,N,0800
US1TXAS0003,20141005,PRCP,0,,,N,0800
US1TXAS0003,20141006,PRCP,0,,,N,0800
US1TXAS0003,20141007,PRCP,0,T,,N,0800
US1TXAS0003,20141008,PRCP,0,,,N,0800
US1TXAS0003,20141009,PRCP,10,,,N,0800
US1TXAS0003,20141010,PRCP,0,,,N,0800
US1TXAS0003,20141011,PRCP,0,,,N,0800
US1TXAS0003,20141012,PRCP,0,T,,N,0800
US1TXAS0003,20141013,PRCP,300,,,N,1230
US1TXAS0003,20141014,PRCP,0,,,N,0800
US1TXAS0003,20141015,PRCP,0,,,N,0800
US1TXAS0003,20141016,PRCP,0,,,N,0800
US1TXAS0003,20141017,PRCP,0,,,N,0800
US1TXAS0003,20141018,PRCP,0,,,N,0800
US1TXAS0003,20141019,PRCP,0,,,N,0800
US1TXAS0003,20141020,PRCP,0,,,N,0800
US1TXAS0003,20141021,PRCP,0,,,N,0800
US1TXAS0003,20141022,PRCP,0,,,N,0800
US1TXAS0003,20141023,PRCP,0,,,N,0800
US1TXAS0003,20141024,PRCP,0,,,N,0800
US1TXAS0003,20141025,PRCP,0,,,N,0800
US1TXAS0003,20141026,PRCP,0,,,N,0700
US1TXAS0003,20141027,PRCP,0,,,N,0800
US1TXAS0003,20141028,PRCP,0,,,N,0800
US1TXAS0003,20141029,PRCP,0,,,N,0800
US1TXAS0003,20141030,PRCP,0,,,N,0800
US1TXAS0003,20141031,PRCP,0,,,N,0600
US1TXAS0003,20141001,SNOW,0,,,N,0800
US1TXAS0003,20141002,SNOW,0,,,N,0800
US1TXAS0003,20141004,SNOW,0,,,N,0800
US1TXAS0003,20141005,SNOW,0,,,N,0800
US1TXAS0003,20141006,SNOW,0,,,N,0800
US1TXAS0003,20141008,SNOW,0,,,N,0800
US1TXAS0003,20141010,SNOW,0,,,N,0800
US1TXAS0003,20141011,SNOW,0,,,N,0800
US1TXAS0003,20141014,SNOW,0,,,N,0800
US1TXAS0003,20141015,SNOW,0,,,N,0800
US1TXAS0003,20141016,SNOW,0,,,N,0800
US1TXAS0003,20141017,SNOW,0,,,N,0800
US1TXAS0003,20141018,SNOW,0,,,N,0800
US1TXAS0003,20141019,SNOW,0,,,N,0800
US1TXAS0003,20141020,SNOW,0,,,N,0800
US1TXAS0003,20141021,SNOW,0,,,N,0800
US1TXAS0003,20141022,SNOW,0,,,N,0800
US1TXAS0003,20141023,SNOW,0,,,N,0800
US1TXAS0003,20141024,SNOW,0,,,N,0800
US1TXAS0003,20141025,SNOW,0,,,N,0800
US1TXAS0003,20141026,SNOW,0,,,N,0700
US1TXAS0003,20141027,SNOW,0,,,N,0800
US1TXAS0003,20141028,SNOW,0,,,N,0800
US1TXAS0003,20141029,SNOW,0,,,N,0800
US1TXAS0003,20141030,SNOW,0,,,N,0800
US1TXAS0003,20141031,SNOW,0,,,N,0600
US1TXAS0003,20141204,PRCP,0,,,N,0800
US1TXAS0003,20141205,PRCP,0,,,N,0800
US1TXAS0003,20141206,PRCP,0,T,,N,0800
US1TXAS0003,20141207,PRCP,0,T,,N,0800
US1TXAS0003,20141208,PRCP,0,,,N,0800
US1TXAS0003,20141209,PRCP,0,,,N,0800
US1TXAS0003,20141210,PRCP,0,,,N,0800
US1TXAS0003,20141211,PRCP,3,,,N,0800
US1TXAS0003,20141212,PRCP,3,,,N,0800
US1TXAS0003,20141213,PRCP,0,,,N,0800
US1TXAS0003,20141214,PRCP,0,,,N,0800
US1TXAS0003,20141215,PRCP,0,,,N,0800
US1TXAS0003,20141216,PRCP,0,,,N,0800
US1TXAS0003,20141217,PRCP,0,,,N,0800
US1TXAS0003,20141218,PRCP,0,,,N,0800
US1TXAS0003,20141219,PRCP,800,,,N,1600
US1TXAS0003,20141221,PRCP,0,,,N,0800
US1TXAS0003,20141222,PRCP,0,,,N,0800
US1TXAS0003,20141223,PRCP,0,,,N,0800
US1TXAS0003,20141224,PRCP,0,,,N,0800
US1TXAS0003,20141225,PRCP,0,,,N,0800
US1TXAS0003,20141226,PRCP,0,T,,N,0800
US1TXAS0003,20141229,PRCP,69,,,N,0800
US1TXAS0003,20141230,PRCP,0,,,N,0800
US1TXAS0003,20141231,PRCP,0,,,N,0800
US1TXAS0003,20141204,SNOW,0,,,N,0800
US1TXAS0003,20141205,SNOW,0,,,N,0800
US1TXAS0003,20141208,SNOW,0,,,N,0800
US1TXAS0003,20141209,SNOW,0,,,N,0800
US1TXAS0003,20141210,SNOW,0,,,N,0800
US1TXAS0003,20141213,SNOW,0,,,N,0800
US1TXAS0003,20141214,SNOW,0,,,N,0800
US1TXAS0003,20141215,SNOW,0,,,N,0800
US1TXAS0003,20141216,SNOW,0,,,N,0800
US1TXAS0003,20141217,SNOW,0,,,N,0800
US1TXAS0003,20141218,SNOW,0,,,N,0800
US1TXAS0003,20141220,SNOW,0,,,N,0800
US1TXAS0003,20141221,SNOW,0,,,N,0800
US1TXAS0003,20141222,SNOW,0,,,N,0800
US1TXAS0003,20141223,SNOW,0,,,N,0800
US1TXAS0003,20141224,SNOW,0,,,N,0800
US1TXAS0003,20141225,SNOW,0,,,N,0800
US1TXAS0003,20141230,SNOW,0,,,N,0800
US1TXAS0003,20141231,SNOW,0,,,N,0800
US1TXAS0003,20141203,DAPR,33,,L,N,2000
US1TXAS0003,20141228,DAPR,2,,,N,0900
US1TXAS0003,20141203,MDPR,1041,,L,N,2000
US1TXAS0003,20141228,MDPR,211,,,N,0900
US1TXAS0003,20150101,PRCP,25,,,N,0800
US1TXAS0003,20150102,PRCP,46,,,N,0800
US1TXAS0003,20150103,PRCP,109,,,N,0800
US1TXAS0003,20150104,PRCP,0,,,N,0800
US1TXAS0003,20150105,PRCP,0,,,N,0800
US1TXAS0003,20150106,PRCP,0,,,N,0800
US1TXAS0003,20150107,PRCP,0,,,N,0800
US1TXAS0003,20150108,PRCP,0,,,N,0800
US1TXAS0003,20150109,PRCP,13,,,N,0800
US1TXAS0003,20150110,PRCP,3,,,N,0800
US1TXAS0003,20150111,PRCP,155,,,N,0800
US1TXAS0003,20150112,PRCP,10,,,N,0800
US1TXAS0003,20150113,PRCP,15,,,N,0800
US1TXAS0003,20150114,PRCP,0,,,N,0800
US1TXAS0003,20150115,PRCP,0,,,N,0800
US1TXAS0003,20150116,PRCP,0,,,N,0800
US1TXAS0003,20150117,PRCP,0,,,N,0800
US1TXAS0003,20150118,PRCP,0,,,N,0800
US1TXAS0003,20150119,PRCP,0,,,N,0800
US1TXAS0003,20150120,PRCP,0,,,N,0800
US1TXAS0003,20150121,PRCP,0,T,,N,0800
US1TXAS0003,20150122,PRCP,254,,,N,1332
US1TXAS0003,20150123,PRCP,229,,,N,2310
US1TXAS0003,20150124,PRCP,13,,,N,0800
US1TXAS0003,20150125,PRCP,0,,,N,0800
US1TXAS0003,20150126,PRCP,0,,,N,0800
US1TXAS0003,20150127,PRCP,0,,,N,0800
US1TXAS0003,20150128,PRCP,0,,,N,0800
US1TXAS0003,20150129,PRCP,0,,,N,0800
US1TXAS0003,20150130,PRCP,0,,,N,0800
US1TXAS0003,20150131,PRCP,0,,,N,0800
US1TXAS0003,20150104,SNOW,0,,,N,0800
US1TXAS0003,20150105,SNOW,0,,,N,0800
US1TXAS0003,20150106,SNOW,0,,,N,0800
US1TXAS0003,20150107,SNOW,0,,,N,0800
US1TXAS0003,20150108,SNOW,0,,,N,0800
US1TXAS0003,20150113,SNOW,0,,,N,0800
US1TXAS0003,20150114,SNOW,0,,,N,0800
US1TXAS0003,20150115,SNOW,0,,,N,0800
US1TXAS0003,20150116,SNOW,0,,,N,0800
US1TXAS0003,20150117,SNOW,0,,,N,0800
US1TXAS0003,20150118,SNOW,0,,,N,0800
US1TXAS0003,20150119,SNOW,0,,,N,0800
US1TXAS0003,20150120,SNOW,0,,,N,0800
US1TXAS0003,20150121,SNOW,0,,,N,0800
US1TXAS0003,20150124,SNOW,0,,,N,0800
US1TXAS0003,20150125,SNOW,0,,,N,0800
US1TXAS0003,20150126,SNOW,0,,,N,0800
US1TXAS0003,20150127,SNOW,0,,,N,0800
US1TXAS0003,20150128,SNOW,0,,,N,0800
US1TXAS0003,20150129,SNOW,0,,,N,0800
US1TXAS0003,20150130,SNOW,0,,,N,0800
US1TXAS0003,20150131,SNOW,0,,,N,0800
US1TXAS0003,20150201,PRCP,0,,,N,0800
US1TXAS0003,20150202,PRCP,0,,,N,0800
US1TXAS0003,20150203,PRCP,0,,,N,0800
US1TXAS0003,20150204,PRCP,112,,,N,0800
US1TXAS0003,20150205,PRCP,23,,,N,0800
US1TXAS0003,20150201,SNOW,0,,,N,0800
US1TXAS0003,20150202,SNOW,0,,,N,0800
US1TXAS0003,20150203,SNOW,0,,,N,0800
US1TXAS0003,20150305,PRCP,0,,,N,0800
US1TXAS0003,20150306,PRCP,0,,,N,0800
US1TXAS0003,20150307,PRCP,0,,,N,0800
US1TXAS0003,20150308,PRCP,254,,,N,1100
US1TXAS0003,20150309,PRCP,442,,,N,1000
US1TXAS0003,20150310,PRCP,648,,,N,1000
US1TXAS0003,20150311,PRCP,0,T,,N,0800
US1TXAS0003,20150312,PRCP,0,T,,N,0800
US1TXAS0003,20150313,PRCP,30,,,N,0900
US1TXAS0003,20150314,PRCP,0,,,N,0800
US1TXAS0003,20150315,PRCP,0,,,N,0800
US1TXAS0003,20150316,PRCP,0,,,N,0800
US1TXAS0003,20150317,PRCP,0,,,N,0800
US1TXAS0003,20150318,PRCP,157,,,N,0930
US1TXAS0003,20150319,PRCP,0,T,,N,0800
US1TXAS0003,20150320,PRCP,13,,,N,1030
US1TXAS0003,20150321,PRCP,368,,,N,0830
US1TXAS0003,20150322,PRCP,208,,,N,1000
US1TXAS0003,20150323,PRCP,0,,,N,0800
US1TXAS0003,20150324,PRCP,0,,,N,0800
US1TXAS0003,20150325,PRCP,0,,,N,0800
US1TXAS0003,20150326,PRCP,15,,,N,0900
US1TXAS0003,20150327,PRCP,0,,,N,0800
US1TXAS0003,20150328,PRCP,0,,,N,0800
US1TXAS0003,20150329,PRCP,0,,,N,0800
US1TXAS0003,20150330,PRCP,0,,,N,0800
US1TXAS0003,20150331,PRCP,0,,,N,0800
US1TXAS0003,20150305,SNOW,0,,,N,0800
US1TXAS0003,20150306,SNOW,0,,,N,0800
US1TXAS0003,20150307,SNOW,0,,,N,0800
US1TXAS0003,20150314,SNOW,0,,,N,0800
US1TXAS0003,20150315,SNOW,0,,,N,0800
US1TXAS0003,20150316,SNOW,0,,,N,0800
US1TXAS0003,20150317,SNOW,0,,,N,0800
US1TXAS0003,20150323,SNOW,0,,,N,0800
US1TXAS0003,20150324,SNOW,0,,,N,0800
US1TXAS0003,20150325,SNOW,0,,,N,0800
US1TXAS0003,20150327,SNOW,0,,,N,0800
US1TXAS0003,20150328,SNOW,0,,,N,0800
US1TXAS0003,20150329,SNOW,0,,,N,0800
US1TXAS0003,20150330,SNOW,0,,,N,0800
US1TXAS0003,20150331,SNOW,0,,,N,0800
US1TXAS0003,20150304,DAPR,27,,,N,2000
US1TXAS0003,20150304,MDPR,254,,,N,2000
US1TXAS0003,20150401,PRCP,0,,,N,0800
US1TXAS0003,20150402,PRCP,3,,,N,0800
US1TXAS0003,20150403,PRCP,0,T,,N,0800
US1TXAS0003,20150404,PRCP,0,,,N,0800
US1TXAS0003,20150405,PRCP,0,,,N,0800
US1TXAS0003,20150406,PRCP,0,,,N,0800
US1TXAS0003,20150407,PRCP,0,T,,N,0800
US1TXAS0003,20150408,PRCP,0,,,N,0800
US1TXAS0003,20150409,PRCP,0,,,N,0800
US1TXAS0003,20150410,PRCP,0,T,,N,0800
US1TXAS0003,20150411,PRCP,71,,,N,0800
US1TXAS0003,20150401,SNOW,0,,,N,0800
US1TXAS0003,20150404,SNOW,0,,,N,0800
US1TXAS0003,20150405,SNOW,0,,,N,0800
US1TXAS0003,20150406,SNOW,0,,,N,0800
US1TXAS0003,20150408,SNOW,0,,,N,0800
US1TXAS0003,20150409,SNOW,0,,,N,0800
US1TXAS0003,20150514,PRCP,221,,,N,0900
US1TXAS0003,20150515,PRCP,69,,,N,0900
US1TXAS0003,20150518,PRCP,795,,,N,0900
US1TXAS0003,20150519,PRCP,0,,,N,0800
US1TXAS0003,20150520,PRCP,0,,,N,0800
US1TXAS0003,20150521,PRCP,0,,,N,0800
US1TXAS0003,20150522,PRCP,0,,,N,0800
US1TXAS0003,20150523,PRCP,0,,,N,0800
US1TXAS0003,20150524,PRCP,307,,,N,0800
US1TXAS0003,20150525,PRCP,0,,,N,0800
US1TXAS0003,20150526,PRCP,518,,,N,0800
US1TXAS0003,20150527,PRCP,813,,,N,0830
US1TXAS0003,20150528,PRCP,61,,,N,0800
US1TXAS0003,20150529,PRCP,69,,,N,0900
US1TXAS0003,20150530,PRCP,0,,,N,0800
US1TXAS0003,20150519,SNOW,0,,,N,0800
US1TXAS0003,20150520,SNOW,0,,,N,0800
US1TXAS0003,20150521,SNOW,0,,,N,0800
US1TXAS0003,20150522,SNOW,0,,,N,0800
US1TXAS0003,20150523,SNOW,0,,,N,0800
US1TXAS0003,20150525,SNOW,0,,,N,0800
US1TXAS0003,20150530,SNOW,0,,,N,0800
US1TXAS0003,20150513,DAPR,32,,L,N,0900
US1TXAS0003,20150517,DAPR,2,,,N,0900
US1TXAS0003,20150513,MDPR,1717,,L,N,0900
US1TXAS0003,20150517,MDPR,51,,,N,0900
US1TXAS0003,20150615,PRCP,127,,,N,1000
US1TXAS0003,20150616,PRCP,13,,,N,1000
US1TXAS0003,20150617,PRCP,1372,,,N,1000
US1TXAS0003,20150618,PRCP,450,,,N,1000
US1TXAS0003,20150619,PRCP,20,,,N,1000
US1TXAS0003,20150620,PRCP,18,,,N,1000
US1TXAS0003,20150621,PRCP,61,,,N,1000
US1TXAS0003,20150630,PRCP,43,,,N,1000
US1TXAS0003,20150702,PRCP,86,,,N,1000
US1TXAS0003,20150820,PRCP,269,,,N,0800
US1TXAS0003,20150821,PRCP,610,,,N,0800
US1TXAS0003,20150822,PRCP,0,,,N,0800
US1TXAS0003,20150823,PRCP,5,,,N,0800
US1TXAS0003,20150824,PRCP,46,,,N,0800
US1TXAS0003,20150822,SNOW,0,,,N,0800
US1TXAS0003,20150904,PRCP,117,,,N,0800
US1TXAS0003,20150905,PRCP,43,,,N,0800
US1TXAS0003,20150906,PRCP,33,,,N,0800
US1TXAS0003,20150907,PRCP,152,,,N,0800
US1TXAS0003,20150911,PRCP,368,,,N,0800
US1TXAS0003,20150917,PRCP,38,,,N,0800
US1TXAS0003,20150922,PRCP,8,,,N,0800
US1TXAS0003,20151025,PRCP,1560,,,N,0800
US1TXAS0003,20151031,PRCP,404,,,N,0800
US1TXAS0003,20151024,DAPR,29,,,N,0800
US1TXAS0003,20151024,MDPR,711,,,N,0800
US1TXAS0003,20151107,PRCP,56,,,N,1000
US1TXAS0003,20151108,PRCP,81,,,N,1000
US1TXAS0003,20151109,PRCP,0,,,N,0800
US1TXAS0003,20151110,PRCP,0,,,N,0800
US1TXAS0003,20151111,PRCP,8,,,N,1030
US1TXAS0003,20151112,PRCP,8,,,N,1030
US1TXAS0003,20151113,PRCP,0,,,N,1030
US1TXAS0003,20151114,PRCP,0,,,N,0800
US1TXAS0003,20151115,PRCP,0,,,N,0800
US1TXAS0003,20151116,PRCP,0,,,N,0800
US1TXAS0003,20151117,PRCP,91,,,N,0800
US1TXAS0003,20151118,PRCP,262,,,N,0945
US1TXAS0003,20151119,PRCP,0,,,N,0800
US1TXAS0003,20151120,PRCP,0,,,N,0800
US1TXAS0003,20151121,PRCP,46,,,N,0930
US1TXAS0003,20151122,PRCP,0,,,N,0730
US1TXAS0003,20151123,PRCP,0,,,N,0800
US1TXAS0003,20151124,PRCP,0,,,N,0800
US1TXAS0003,20151125,PRCP,0,,,N,0800
US1TXAS0003,20151126,PRCP,0,,,N,0800
US1TXAS0003,20151127,PRCP,18,,,N,0800
US1TXAS0003,20151128,PRCP,122,,,N,1000
US1TXAS0003,20151129,PRCP,61,,,N,1030
US1TXAS0003,20151130,PRCP,0,T,,N,1030
US1TXAS0003,20151201,PRCP,38,,,N,0800
US1TXAS0003,20151202,PRCP,0,,,N,0800
US1TXAS0003,20151203,PRCP,0,,,N,0800
US1TXAS0003,20151204,PRCP,0,,,N,0800
US1TXAS0003,20151205,PRCP,0,,,N,0800
US1TXAS0003,20151206,PRCP,0,,,N,0800
US1TXAS0003,20151207,PRCP,0,,,N,0800
US1TXAS0003,20151208,PRCP,0,,,N,0800
US1TXAS0003,20151209,PRCP,0,,,N,0800
US1TXAS0003,20151210,PRCP,0,,,N,0800
US1TXAS0003,20160109,PRCP,0,,,N,0800
US1TXAS0003,20160110,PRCP,0,,,N,0800
US1TXAS0003,20160111,PRCP,0,,,N,0800
US1TXAS0003,20160112,PRCP,0,,,N,0800
US1TXAS0003,20160113,PRCP,0,,,N,0800
US1TXAS0003,20160114,PRCP,0,,,N,0800
US1TXAS0003,20160115,PRCP,0,T,,N,0800
US1TXAS0003,20160116,PRCP,0,,,N,0800
US1TXAS0003,20160117,PRCP,30,,,N,0800
US1TXAS0003,20160118,PRCP,0,,,N,0800
US1TXAS0003,20160119,PRCP,0,,,N,0800
US1TXAS0003,20160120,PRCP,0,,,N,0800
US1TXAS0003,20160121,PRCP,0,T,,N,0800
US1TXAS0003,20160122,PRCP,30,,,N,0800
US1TXAS0003,20160123,PRCP,0,,,N,0800
US1TXAS0003,20160124,PRCP,0,,,N,0800
US1TXAS0003,20160125,PRCP,0,,,N,0800
US1TXAS0003,20160126,PRCP,0,,,N,0800
US1TXAS0003,20160127,PRCP,71,,,N,0800
US1TXAS0003,20160128,PRCP,0,,,N,0800
US1TXAS0003,20160129,PRCP,0,,,N,0800
US1TXAS0003,20160130,PRCP,0,,,N,0800
US1TXAS0003,20160131,PRCP,0,,,N,0800
US1TXAS0003,20160108,DAPR,29,,,N,1700
US1TXAS0003,20160108,MDPR,1288,,,N,1700
US1TXAS0003,20160201,PRCP,0,,,N,0800
US1TXAS0003,20160202,PRCP,0,,,N,0800
US1TXAS0003,20160203,PRCP,0,,,N,0800
US1TXAS0003,20160204,PRCP,0,,,N,0800
US1TXAS0003,20160205,PRCP,0,,,N,0800
US1TXAS0003,20160206,PRCP,15,,,N,0800
US1TXAS0003,20160207,PRCP,0,,,N,0800
US1TXAS0003,20160208,PRCP,0,,,N,0800
US1TXAS0003,20160209,PRCP,0,,,N,0800
US1TXAS0003,20160210,PRCP,0,,,N,0730
US1TXAS0003,20160211,PRCP,0,,,N,0800
US1TXAS0003,20160212,PRCP,0,,,N,0800
US1TXAS0003,20160213,PRCP,0,,,N,0800
US1TXAS0003,20160214,PRCP,0,,,N,0800
US1TXAS0003,20160215,PRCP,0,,,N,0800
US1TXAS0003,20160216,PRCP,0,,,N,0800
US1TXAS0003,20160217,PRCP,0,,,N,0800
US1TXAS0003,20160403,PRCP,0,,,N,0800
US1TXAS0003,20160404,PRCP,0,,,N,0800
US1TXAS0003,20160405,PRCP,0,,,N,0800
US1TXAS0003,20160406,PRCP,0,,,N,0800
US1TXAS0003,20160407,PRCP,0,,,N,0800
US1TXAS0003,20160408,PRCP,0,,,N,0700
US1TXAS0003,20160409,PRCP,0,,,N,0800
US1TXAS0003,20160410,PRCP,0,,,N,1000
US1TXAS0003,20160411,PRCP,10,,,N,1000
US1TXAS0003,20160412,PRCP,10,,,N,0800
US1TXAS0003,20160413,PRCP,229,,,N,0800
US1TXAS0003,20160414,PRCP,0,,,N,0800
US1TXAS0003,20160415,PRCP,0,,,N,0800
US1TXAS0003,20160416,PRCP,0,,,N,1030
US1TXAS0003,20160417,PRCP,30,,,N,1030
US1TXAS0003,20160418,PRCP,2858,,,N,0900
US1TXAS0003,20160419,PRCP,124,,,N,0900
US1TXAS0003,20160420,PRCP,28,,,N,0845
US1TXAS0003,20160421,PRCP,112,,,N,0830
US1TXAS0003,20160422,PRCP,203,,,N,0930
US1TXAS0003,20160423,PRCP,0,,,N,0800
US1TXAS0003,20160424,PRCP,0,,,N,0800
US1TXAS0003,20160425,PRCP,41,,,N,1030
US1TXAS0003,20160426,PRCP,0,,,N,0800
US1TXAS0003,20160427,PRCP,155,,,N,1000
US1TXAS0003,20160428,PRCP,0,,,N,0800
US1TXAS0003,20160429,PRCP,0,,,N,0800
US1TXAS0003,20160430,PRCP,0,,,N,0800
US1TXAS0003,20160403,SNOW,0,,,N,0800
US1TXAS0003,20160402,DAPR,45,,L,N,1800
US1TXAS0003,20160402,MDPR,1397,,L,N,1800
US1TXAS0003,20160501,PRCP,0,,,N,0800
US1TXAS0003,20160502,PRCP,8,,,N,1131
US1TXAS0003,20160503,PRCP,0,,,N,0800
US1TXAS0003,20160504,PRCP,0,,,N,0800
US1TXAS0003,20160505,PRCP,0,,,N,0800
US1TXAS0003,20160506,PRCP,0,,,N,0800
US1TXAS0003,20160507,PRCP,0,,,N,0800
US1TXAS0003,20160508,PRCP,0,,,N,0800
US1TXAS0003,20160509,PRCP,0,,,N,0800
US1TXAS0003,20160602,PRCP,38,,,N,0800
US1TXAS0003,20160603,PRCP,28,,,N,1030
US1TXAS0003,20160604,PRCP,140,,,N,0945
US1TXAS0003,20160605,PRCP,25,,,N,1030
US1TXAS0003,20160606,PRCP,0,,,N,0800
US1TXAS0003,20160607,PRCP,28,,,N,0800
US1TXAS0003,20160608,PRCP,0,,,N,0800
US1TXAS0003,20160609,PRCP,0,,,N,0800
US1TXAS0003,20160610,PRCP,15,,,N,0800
US1TXAS0003,20160611,PRCP,0,,,N,0800
US1TXAS0003,20160612,PRCP,0,,,N,0730
US1TXAS0003,20160613,PRCP,137,,,N,0800
US1TXAS0003,20160614,PRCP,0,,,N,0800
US1TXAS0003,20160615,PRCP,0,,,N,0800
US1TXAS0003,20160616,PRCP,0,,,N,0800
US1TXAS0003,20160617,PRCP,0,,,N,0800
US1TXAS0003,20160618,PRCP,0,,,N,0800
US1TXAS0003,20160619,PRCP,0,,,N,0800
US1TXAS0003,20160620,PRCP,0,,,N,0800
US1TXAS0003,20160621,PRCP,0,,,N,0730
US1TXAS0003,20160622,PRCP,0,,,N,0800
US1TXAS0003,20160623,PRCP,0,,,N,0800
US1TXAS0003,20160624,PRCP,0,,,N,0800
US1TXAS0003,20160625,PRCP,0,,,N,0730
US1TXAS0003,20160626,PRCP,0,,,N,0730
US1TXAS0003,20160627,PRCP,0,,,N,0800
US1TXAS0003,20160628,PRCP,0,,,N,0800
US1TXAS0003,20160629,PRCP,0,,,N,0800
US1TXAS0003,20160630,PRCP,0,,,N,0800
US1TXAS0003,20160601,DAPR,23,,L,N,1800
US1TXAS0003,20160701,PRCP,0,,,N,0800
US1TXAS0003,20160702,PRCP,0,,,N,0800
US1TXAS0003,20160703,PRCP,0,,,N,0800
US1TXAS0003,20160704,PRCP,0,,,N,0800
US1TXAS0003,20160705,PRCP,0,,,N,0800
US1TXAS0003,20160706,PRCP,0,,,N,0800
US1TXAS0003,20160707,PRCP,0,,,N,0800
US1TXAS0003,20160708,PRCP,0,,,N,0800
US1TXAS0003,20160709,PRCP,0,,,N,0800
US1TXAS0003,20160710,PRCP,0,,,N,0800
US1TXAS0003,20160711,PRCP,0,,,N,0800
US1TXAS0003,20160712,PRCP,0,,,N,0800
US1TXAS0003,20160713,PRCP,0,,,N,0800
US1TXAS0003,20160714,PRCP,0,,,N,0800
US1TXAS0003,20160715,PRCP,0,,,N,0800
US1TXAS0003,20160716,PRCP,0,,,N,0800
US1TXAS0003,20160717,PRCP,0,,,N,0800
US1TXAS0003,20160718,PRCP,0,,,N,0800
US1TXAS0003,20160719,PRCP,0,,,N,0800
US1TXAS0003,20160720,PRCP,0,,,N,0800
US1TXAS0003,20160721,PRCP,0,,,N,0800
US1TXAS0003,20160722,PRCP,0,,,N,0800
US1TXAS0003,20160723,PRCP,0,,,N,0800
US1TXAS0003,20160724,PRCP,0,,,N,0800
US1TXAS0003,20160725,PRCP,0,,,N,0800
US1TXAS0003,20160726,PRCP,89,,,N,0800
US1TXAS0003,20160727,PRCP,79,,,N,1425
US1TXAS0003,20160728,PRCP,3,,,N,0800
US1TXAS0003,20160820,PRCP,0,,,N,0800
US1TXAS0003,20160821,PRCP,191,,,N,1200
US1TXAS0003,20160822,PRCP,147,,,N,0800
US1TXAS0003,20160823,PRCP,8,,,N,0800
US1TXAS0003,20160824,PRCP,0,,,N,0700
US1TXAS0003,20160825,PRCP,0,,,N,0800
US1TXAS0003,20160826,PRCP,0,,,N,0800
US1TXAS0003,20160827,PRCP,84,,,N,0800
US1TXAS0003,20160828,PRCP,8,,,N,0800
US1TXAS0003,20160829,PRCP,0,,,N,0800
US1TXAS0003,20160830,PRCP,0,,,N,0800
US1TXAS0003,20160831,PRCP,48,,,N,0800
US1TXAS0003,20160819,DAPR,21,,,N,1800
US1TXAS0003,20160819,MDPR,610,,,N,1800
US1TXAS0003,20160901,PRCP,0,,,N,0800
US1TXAS0003,20160902,PRCP,0,,,N,0800
US1TXAS0003,20160903,PRCP,76,,,N,1000
US1TXAS0003,20160904,PRCP,0,,,N,0800
US1TXAS0003,20160905,PRCP,18,,,N,0800
US1TXAS0003,20160906,PRCP,0,,,N,0800
US1TXAS0003,20160907,PRCP,0,,,N,0800
US1TXAS0003,20160908,PRCP,0,,,N,0800
US1TXAS0003,20160909,PRCP,0,,,N,0800
US1TXAS0003,20160910,PRCP,0,,,N,0800
US1TXAS0003,20160911,PRCP,69,,,N,0800
US1TXAS0003,20160912,PRCP,0,,,N,0800
US1TXAS0003,20161011,PRCP,0,,,N,0800
US1TXAS0003,20161012,PRCP,0,,,N,0800
US1TXAS0003,20161013,PRCP,0,,,N,0800
US1TXAS0003,20161014,PRCP,8,,,N,0800
US1TXAS0003,20161015,PRCP,0,,,N,0800
US1TXAS0003,20161016,PRCP,0,,,N,0800
US1TXAS0003,20161017,PRCP,0,,,N,0800
US1TXAS0003,20161018,PRCP,0,,,N,0800
US1TXAS0003,20161019,PRCP,0,,,N,0800
US1TXAS0003,20161020,PRCP,0,,,N,0800
US1TXAS0003,20161021,PRCP,20,,,N,0800
US1TXAS0003,20161022,PRCP,0,,,N,0800
US1TXAS0003,20161023,PRCP,0,,,N,0800
US1TXAS0003,20161024,PRCP,0,,,N,0800
US1TXAS0003,20161025,PRCP,0,,,N,0800
US1TXAS0003,20161026,PRCP,0,,,N,0800
US1TXAS0003,20161010,DAPR,28,,,N,1900
US1TXAS0003,20161010,MDPR,198,,,N,1900
US1TXAS0003,20161110,PRCP,0,,,N,0800
US1TXAS0003,20161111,PRCP,0,,,N,0800
US1TXAS0003,20161112,PRCP,0,,,N,0800
US1TXAS0003,20161113,PRCP,0,,,N,0800
US1TXAS0003,20161114,PRCP,0,,,N,0800
US1TXAS0003,20161115,PRCP,0,,,N,0800
US1TXAS0003,20161116,PRCP,0,,,N,0800
US1TXAS0003,20161117,PRCP,0,,,N,0800
US1TXAS0003,20161118,PRCP,0,,,N,0800
US1TXAS0003,20161119,PRCP,170,,,N,0800
US1TXAS0003,20161120,PRCP,0,,,N,0800
US1TXAS0003,20161121,PRCP,0,,,N,0800
US1TXAS0003,20161122,PRCP,0,,,N,0800
US1TXAS0003,20161123,PRCP,272,,,N,0800
US1TXAS0003,20161124,PRCP,0,,,N,0800
US1TXAS0003,20161125,PRCP,10,,,N,0800
US1TXAS0003,20161126,PRCP,0,,,N,0800
US1TXAS0003,20161127,PRCP,0,,,N,0800
US1TXAS0003,20161128,PRCP,33,,,N,1000
US1TXAS0003,20161129,PRCP,0,,,N,0800
US1TXAS0003,20161130,PRCP,0,,,N,0800
US1TXAS0003,20161109,DAPR,14,,,N,2000
US1TXAS0003,20161109,MDPR,638,,,N,2000
US1TXAS0003,20161201,PRCP,0,,,N,0800
US1TXAS0003,20161202,PRCP,0,,,N,0800
US1TXAS0003,20161203,PRCP,599,,,N,1045
US1TXAS0003,20161204,PRCP,229,,,N,1015
US1TXAS0003,20161205,PRCP,401,,,N,0945
US1TXAS0003,20161206,PRCP,23,,,N,0800
US1TXAS0003,20161207,PRCP,0,,,N,0800
US1TXAS0003,20170105,PRCP,0,,,N,0800
US1TXAS0003,20170106,PRCP,0,,,N,0800
US1TXAS0003,20170107,PRCP,0,,,N,0800
US1TXAS0003,20170108,PRCP,0,,,N,0800
US1TXAS0003,20170109,PRCP,0,,,N,0800
US1TXAS0003,20170110,PRCP,0,,,N,0800
US1TXAS0003,20170111,PRCP,0,,,N,0800
US1TXAS0003,20170112,PRCP,0,,,N,0800
US1TXAS0003,20170113,PRCP,0,,,N,0800
US1TXAS0003,20170114,PRCP,0,,,N,0800
US1TXAS0003,20170115,PRCP,0,,,N,0800
US1TXAS0003,20170116,PRCP,297,,,N,1000
US1TXAS0003,20170117,PRCP,84,,,N,1000
US1TXAS0003,20170118,PRCP,213,,,N,1000
US1TXAS0003,20170119,PRCP,193,,,N,1000
US1TXAS0003,20170120,PRCP,5,,,N,1200
US1TXAS0003,20170121,PRCP,0,,,N,0800
US1TXAS0003,20170122,PRCP,0,,,N,0800
US1TXAS0003,20170123,PRCP,0,,,N,0800
US1TXAS0003,20170124,PRCP,0,,,N,0800
US1TXAS0003,20170125,PRCP,0,,,N,0800
US1TXAS0003,20170126,PRCP,0,,,N,0800
US1TXAS0003,20170127,PRCP,0,,,N,0800
US1TXAS0003,20170128,PRCP,0,,,N,0800
US1TXAS0003,20170129,PRCP,0,,,N,0800
US1TXAS0003,20170130,PRCP,0,,,N,0800
US1TXAS0003,20170131,PRCP,0,,,N,0800
US1TXAS0003,20170104,DAPR,28,,,N,2000
US1TXAS0003,20170104,MDPR,254,,,N,2000
US1TXAS0003,20170201,PRCP,0,,,N,0800
US1TXAS0003,20170203,PRCP,0,,,N,0800
US1TXAS0003,20170204,PRCP,0,,,N,0800
US1TXAS0003,20170205,PRCP,0,,,N,0800
US1TXAS0003,20170206,PRCP,0,,,N,0800
US1TXAS0003,20170207,PRCP,0,,,N,0800
US1TXAS0003,20170208,PRCP,0,,,N,0800
US1TXAS0003,20170209,PRCP,0,,,N,0800
US1TXAS0003,20170210,PRCP,0,,,N,0800
US1TXAS0003,20170211,PRCP,0,,,N,0800
US1TXAS0003,20170212,PRCP,0,,,N,0800
US1TXAS0003,20170213,PRCP,0,,,N,0800
US1TXAS0003,20170214,PRCP,330,,,N,1015
US1TXAS0003,20170215,PRCP,0,T,,N,1000
US1TXAS0003,20170216,PRCP,0,,,N,0800
US1TXAS0003,20170217,PRCP,41,,,N,1000
US1TXAS0003,20170218,PRCP,0,,,N,0800
US1TXAS0003,20170219,PRCP,0,,,N,0800
US1TXAS0003,20170220,PRCP,574,,,N,1000
US1TXAS0003,20170221,PRCP,0,,,N,0800
US1TXAS0003,20170222,PRCP,0,,,N,0800
US1TXAS0003,20170223,PRCP,0,,,N,0800
US1TXAS0003,20170224,PRCP,0,,,N,0700
US1TXAS0003,20170225,PRCP,0,,,N,0800
US1TXAS0003,20170226,PRCP,0,,,N,0800
US1TXAS0003,20170227,PRCP,0,,,N,0700
US1TXAS0003,20170228,PRCP,0,,,N,0800
US1TXAS0003,20170301,PRCP,0,,,N,0800
US1TXAS0003,20170302,PRCP,0,,,N,0800
US1TXAS0003,20170303,PRCP,0,,,N,0800
US1TXAS0003,20170304,PRCP,0,,,N,0800
US1TXAS0003,20170305,PRCP,99,,,N,1030
US1TXAS0003,20170306,PRCP,69,,,N,1030
US1TXAS0003,20170307,PRCP,0,,,N,0800
US1TXAS0003,20170308,PRCP,0,,,N,0800
US1TXAS0003,20170309,PRCP,0,,,N,0800
US1TXAS0003,20170310,PRCP,69,,,N,1030
US1TXAS0003,20170311,PRCP,170,,,N,0930
US1TXAS0003,20170312,PRCP,157,,,N,1030
US1TXAS0003,20170313,PRCP,0,,,N,0800
US1TXAS0003,20170314,PRCP,0,,,N,0800
US1TXAS0003,20170315,PRCP,0,,,N,0800
US1TXAS0003,20170316,PRCP,0,,,N,0800
US1TXAS0003,20170317,PRCP,0,,,N,0800
US1TXAS0003,20170318,PRCP,0,,,N,0800
US1TXAS0003,20170319,PRCP,0,,,N,0800
US1TXAS0003,20170320,PRCP,0,,,N,0800
US1TXAS0003,20170321,PRCP,0,,,N,0800
US1TXAS0003,20170322,PRCP,0,,,N,0800
US1TXAS0003,20170323,PRCP,0,,,N,0800
US1TXAS0003,20170324,PRCP,0,,,N,0800
US1TXAS0003,20170325,PRCP,13,,,N,1000
US1TXAS0003,20170326,PRCP,0,,,N,0800
US1TXAS0003,20170327,PRCP,0,,,N,0800
US1TXAS0003,20170328,PRCP,0,,,N,0800
US1TXAS0003,20170329,PRCP,211,,,N,1031
US1TXAS0003,20170330,PRCP,8,,,N,0800
US1TXAS0003,20170331,PRCP,0,,,N,0800
US1TXAS0003,20170401,PRCP,0,,,N,0800
US1TXAS0003,20170402,PRCP,97,,,N,1000
US1TXAS0003,20170403,PRCP,0,,,N,0800
US1TXAS0003,20170404,PRCP,0,,,N,0800
US1TXAS0003,20170405,PRCP,0,,,N,0800
US1TXAS0003,20170406,PRCP,0,,,N,0800
US1TXAS0003,20170407,PRCP,0,,,N,0800
US1TXAS0003,20170408,PRCP,0,,,N,0800
US1TXAS0003,20170409,PRCP,0,,,N,0800
US1TXAS0003,20170410,PRCP,0,,,N,0800
US1TXAS0003,20170411,PRCP,10,,,N,1000
US1TXAS0003,20170412,PRCP,615,,,N,1000
US1TXAS0003,20170413,PRCP,0,,,N,0700
US1TXAS0003,20170414,PRCP,0,,,N,0800
US1TXAS0003,20170415,PRCP,0,,,N,0800
US1TXAS0003,20170416,PRCP,0,,,N,0800
US1TXAS0003,20170417,PRCP,0,,,N,0800
US1TXAS0003,20170418,PRCP,729,,,N,0930
US1TXAS0003,20170419,PRCP,0,,,N,0800
US1TXAS0003,20170420,PRCP,0,,,N,0800
US1TXAS0003,20170421,PRCP,0,,,N,0800
US1TXAS0003,20170422,PRCP,0,,,N,0800
US1TXAS0003,20170423,PRCP,0,,,N,0800
US1TXAS0003,20170424,PRCP,0,,,N,0800
US1TXAS0003,20170425,PRCP,0,,,N,0800
US1TXAS0003,20170426,PRCP,0,,,N,0800
US1TXAS0003,20170427,PRCP,0,,,N,0730
US1TXAS0003,20170428,PRCP,0,,,N,0730
US1TXAS0003,20170429,PRCP,0,,,N,0800
US1TXAS0003,20170430,PRCP,5,,,N,1030
US1TXAS0003,20170501,PRCP,0,,,N,0800
US1TXAS0003,20170502,PRCP,0,,,N,0800
US1TXAS0003,20170503,PRCP,0,,,N,0800
US1TXAS0003,20170504,PRCP,0,,,N,0800
US1TXAS0003,20170505,PRCP,0,,,N,0800
US1TXAS0003,20170506,PRCP,0,,,N,0800
US1TXAS0003,20170507,PRCP,0,,,N,0800
US1TXAS0003,20170508,PRCP,0,,,N,0800
US1TXAS0003,20170509,PRCP,0,,,N,0800
US1TXAS0003,20170510,PRCP,0,,,N,0800
US1TXAS0003,20170511,PRCP,0,,,N,0800
US1TXAS0003,20170512,PRCP,0,,,N,0800
US1TXAS0003,20170513,PRCP,0,,,N,0800
US1TXAS0003,20170514,PRCP,0,,,N,0800
US1TXAS0003,20170515,PRCP,0,,,N,0800
US1TXAS0003,20170516,PRCP,0,,,N,0800
US1TXAS0003,20170517,PRCP,0,,,N,0800
US1TXAS0003,20170518,PRCP,0,,,N,0800
US1TXAS0003,20170519,PRCP,0,,,N,0800
US1TXAS0003,20170520,PRCP,0,,,N,0800
US1TXAS0003,20170521,PRCP,10,,,N,1030
US1TXAS0003,20170522,PRCP,79,,,N,1000
US1TXAS0003,20170523,PRCP,8,,,N,1000
US1TXAS0003,20170524,PRCP,302,,,N,1000
US1TXAS0003,20170525,PRCP,0,,,N,0900
US1TXAS0003,20170526,PRCP,0,,,N,0900
US1TXAS0003,20170527,PRCP,0,,,N,0900
US1TXAS0003,20170528,PRCP,0,,,N,0900
US1TXAS0003,20170529,PRCP,48,,,N,0900
US1TXAS0003,20170530,PRCP,0,,,N,1030
US1TXAS0003,20170531,PRCP,0,,,N,1030
US1TXAS0003,20170601,PRCP,109,,,N,1030
US1TXAS0003,20170602,PRCP,157,,,N,1030
US1TXAS0003,20170603,PRCP,0,,,N,0800
US1TXAS0003,20170604,PRCP,429,,,N,0930
US1TXAS0003,20170605,PRCP,150,,,N,1000
US1TXAS0003,20170606,PRCP,0,,,N,0800
US1TXAS0003,20170607,PRCP,0,,,N,0800
US1TXAS0003,20170608,PRCP,0,,,N,0800
US1TXAS0003,20170609,PRCP,0,,,N,0800
US1TXAS0003,20170610,PRCP,0,,,N,0800
US1TXAS0003,20170611,PRCP,0,,,N,0800
US1TXAS0003,20170612,PRCP,0,,,N,0800
US1TXAS0003,20170613,PRCP,0,,,N,0800
US1TXAS0003,20170614,PRCP,0,,,N,0800
US1TXAS0003,20170615,PRCP,0,,,N,0800
US1TXAS0003,20170616,PRCP,0,,,N,0800
US1TXAS0003,20170617,PRCP,0,,,N,0800
US1TXAS0003,20170618,PRCP,0,,,N,0800
US1TXAS0003,20170619,PRCP,0,,,N,0800
US1TXAS0003,20170620,PRCP,0,,,N,0800
US1TXAS0003,20170621,PRCP,0,,,N,0800
US1TXAS0003,20170622,PRCP,127,,,N,1030
US1TXAS0003,20170623,PRCP,0,,,N,1030
US1TXAS0003,20170624,PRCP,28,,,N,1030
US1TXAS0003,20170625,PRCP,246,,,N,1030
US1TXAS0003,20170626,PRCP,94,,,N,1030
US1TXAS0003,20170627,PRCP,8,,,N,0930
US1TXAS0003,20170628,PRCP,86,,,N,1000
US1TXAS0003,20170629,PRCP,0,,,N,1000
US1TXAS0003,20170630,PRCP,0,,,N,1000
US1TXAS0003,20170701,PRCP,0,,,N,0800
US1TXAS0003,20170702,PRCP,0,,,N,0800
US1TXAS0003,20170703,PRCP,0,,,N,0800
US1TXAS0003,20170704,PRCP,0,,,N,0800
US1TXAS0003,20170705,PRCP,0,,,N,0800
US1TXAS0003,20170706,PRCP,0,,,N,0800
US1TXAS0003,20170707,PRCP,0,,,N,0800
US1TXAS0003,20170708,PRCP,0,,,N,0800
US1TXAS0003,20170709,PRCP,0,,,N,0800
US1TXAS0003,20170710,PRCP,0,,,N,0800
US1TXAS0003,20170711,PRCP,0,,,N,0800
US1TXAS0003,20170712,PRCP,0,,,N,0800
US1TXAS0003,20170713,PRCP,0,,,N,0800
US1TXAS0003,20170714,PRCP,0,,,N,0800
US1TXAS0003,20170715,PRCP,0,,,N,0800
US1TXAS0003,20170716,PRCP,147,,,N,0800
US1TXAS0003,20170717,PRCP,0,,,N,0800
US1TXAS0003,20170718,PRCP,0,,,N,0800
US1TXAS0003,20170719,PRCP,0,,,N,0800
US1TXAS0003,20170720,PRCP,0,,,N,0800
US1TXAS0003,20170721,PRCP,0,,,N,0800
US1TXAS0003,20170722,PRCP,0,,,N,0800
US1TXAS0003,20170723,PRCP,0,,,N,0800
US1TXAS0003,20170724,PRCP,0,,,N,0800
US1TXAS0003,20170725,PRCP,0,,,N,0800
US1TXAS0003,20170726,PRCP,0,,,N,0800
US1TXAS0003,20170727,PRCP,0,,,N,0730
US1TXAS0003,20170728,PRCP,0,,,N,0800
US1TXAS0003,20170729,PRCP,0,,,N,0800
US1TXAS0003,20170730,PRCP,0,,,N,0800
US1TXAS0003,20170731,PRCP,0,,,N,0800
US1TXAS0003,20170801,PRCP,0,,,N,0800
US1TXAS0003,20170802,PRCP,0,,,N,0800
US1TXAS0003,20170803,PRCP,89,,,N,0830
US1TXAS0003,20170804,PRCP,0,,,N,0800
US1TXAS0003,20170805,PRCP,0,,,N,0800
US1TXAS0003,20170806,PRCP,0,,,N,0800
US1TXAS0003,20170807,PRCP,373,,,N,0830
US1TXAS0003,20170808,PRCP,226,,,N,0715
US1TXAS0003,20170809,PRCP,0,,,N,0800
US1TXAS0003,20170810,PRCP,0,,,N,0800
US1TXAS0003,20170811,PRCP,0,,,N,0800
US1TXAS0003,20170812,PRCP,0,,,N,0800
US1TXAS0003,20170813,PRCP,0,,,N,0800
US1TXAS0003,20170814,PRCP,0,,,N,0800
US1TXAS0003,20170815,PRCP,0,,,N,0800
US1TXAS0003,20170816,PRCP,0,,,N,0800
US1TXAS0003,20170817,PRCP,0,,,N,0800
US1TXAS0003,20170818,PRCP,0,,,N,0800
US1TXAS0003,20170819,PRCP,0,,,N,0800
US1TXAS0003,20170820,PRCP,0,,,N,0800
US1TXAS0003,20170821,PRCP,0,,,N,0800
US1TXAS0003,20170822,PRCP,0,,,N,0800
US1TXAS0003,20170823,PRCP,0,,,N,0800
US1TXAS0003,20170824,PRCP,0,,,N,0800
US1TXAS0003,20170825,PRCP,30,,,N,0800
US1TXAS0003,20170826,PRCP,1270,,,N,0730
US1TXAS0003,20170827,PRCP,1628,,,N,0800
US1TXAS0003,20170828,PRCP,2743,,,N,0800
US1TXAS0003,20170829,PRCP,254,,,N,0730
US1TXAS0003,20170830,PRCP,0,,,N,0800
US1TXAS0003,20170831,PRCP,0,,,N,0800
US1TXAS0003,20170901,PRCP,0,,,N,0800
US1TXAS0003,20170902,PRCP,0,,,N,0800
US1TXAS0003,20170903,PRCP,0,,,N,0800
US1TXAS0003,20170904,PRCP,0,,,N,0800
US1TXAS0003,20170905,PRCP,0,,,N,0800
US1TXAS0003,20170906,PRCP,0,,,N,0800
US1TXAS0003,20170907,PRCP,0,,,N,0800
US1TXAS0003,20170908,PRCP,0,,,N,0800
US1TXAS0003,20170909,PRCP,0,,,N,0800
US1TXAS0003,20170910,PRCP,0,,,N,0800
US1TXAS0003,20170911,PRCP,0,,,N,0800
US1TXAS0003,20170912,PRCP,0,,,N,0800
US1TXAS0003,20170913,PRCP,0,,,N,0800
US1TXAS0003,20170914,PRCP,0,,,N,0800
US1TXAS0003,20170915,PRCP,0,,,N,0800
US1TXAS0003,20170916,PRCP,0,,,N,0800
US1TXAS0003,20170917,PRCP,0,,,N,0800
US1TXAS0003,20170918,PRCP,0,,,N,0800
US1TXAS0003,20170919,PRCP,0,,,N,0800
US1TXAS0003,20170920,PRCP,0,,,N,0800
US1TXAS0003,20170921,PRCP,0,,,N,0800
US1TXAS0003,20170922,PRCP,0,,,N,0800
US1TXAS0003,20170923,PRCP,0,,,N,0800
US1TXAS0003,20170924,PRCP,0,,,N,0800
US1TXAS0003,20170925,PRCP,0,,,N,0800
US1TXAS0003,20170926,PRCP,0,,,N,0800
US1TXAS0003,20170927,PRCP,8,,,N,0800
US1TXAS0003,20170928,PRCP,0,,,N,0800
US1TXAS0003,20170929,PRCP,99,,,N,0800
US1TXAS0003,20170930,PRCP,0,,,N,0800
US1TXAS0003,20171001,PRCP,0,,,N,0800
US1TXAS0003,20171002,PRCP,0,,,N,0800
US1TXAS0003,20171003,PRCP,8,,,N,0800
US1TXAS0003,20171004,PRCP,160,,,N,0800
US1TXAS0003,20171005,PRCP,0,,,N,0800
US1TXAS0003,20171006,PRCP,0,,,N,0800
US1TXAS0003,20171007,PRCP,0,,,N,0800
US1TXAS0003,20171008,PRCP,0,,,N,0800
US1TXAS0003,20171009,PRCP,0,,,N,0800
US1TXAS0003,20171010,PRCP,0,,,N,0700
US1TXAS0003,20171011,PRCP,0,,,N,0800
US1TXAS0003,20171012,PRCP,0,,,N,0730
US1TXAS0003,20171013,PRCP,0,,,N,0800
US1TXAS0003,20171014,PRCP,0,,,N,0730
US1TXAS0003,20171015,PRCP,0,,,N,0800
US1TXAS0003,20171016,PRCP,0,,,N,0800
US1TXAS0003,20171017,PRCP,0,,,N,0800
US1TXAS0003,20171018,PRCP,0,,,N,0730
US1TXAS0003,20171019,PRCP,0,,,N,0800
US1TXAS0003,20171020,PRCP,43,,,N,1030
US1TXAS0003,20171021,PRCP,0,,,N,0800
US1TXAS0003,20171022,PRCP,191,,,N,1000
US1TXAS0003,20171023,PRCP,94,,,N,1000
US1TXAS0003,20171024,PRCP,0,,,N,0800
US1TXAS0003,20171025,PRCP,0,,,N,0800
US1TXAS0003,20171026,PRCP,0,,,N,0800
US1TXAS0003,20171027,PRCP,0,,,N,0800
US1TXAS0003,20171028,PRCP,0,,,N,0800
US1TXAS0003,20171029,PRCP,0,,,N,0800
US1TXAS0003,20171030,PRCP,0,,,N,0645
US1TXAS0003,20171031,PRCP,0,,,N,0800
US1TXAS0003,20171101,PRCP,150,,,N,0945
US1TXAS0003,20171102,PRCP,0,,,N,0800
US1TXAS0003,20171103,PRCP,0,,,N,0800
US1TXAS0003,20171104,PRCP,0,,,N,0800
US1TXAS0003,20171105,PRCP,0,,,N,0730
US1TXAS0003,20171106,PRCP,0,,,N,0800
US1TXAS0003,20171107,PRCP,0,,,N,0730
US1TXAS0003,20171108,PRCP,0,,,N,0730
US1TXAS0003,20171110,PRCP,0,,,N,0730
US1TXAS0003,20171111,PRCP,0,,,N,0800
US1TXAS0003,20171112,PRCP,0,,,N,0800
US1TXAS0003,20171113,PRCP,0,,,N,0730
US1TXAS0003,20171114,PRCP,0,,,N,0800
US1TXAS0003,20171115,PRCP,0,,,N,0800
US1TXAS0003,20171116,PRCP,0,,,N,0745
US1TXAS0003,20171117,PRCP,43,,,N,1000
US1TXAS0003,20171118,PRCP,0,,,N,0700
US1TXAS0003,20171119,PRCP,0,,,N,0730
US1TXAS0003,20171120,PRCP,0,,,N,0800
US1TXAS0003,20171121,PRCP,0,,,N,0730
US1TXAS0003,20171122,PRCP,0,,,N,0745
US1TXAS0003,20171123,PRCP,0,,,N,0800
US1TXAS0003,20171124,PRCP,0,,,N,0800
US1TXAS0003,20171125,PRCP,0,,,N,0730
US1TXAS0003,20171126,PRCP,0,,,N,0800
US1TXAS0003,20171127,PRCP,0,,,N,0800
US1TXAS0003,20171128,PRCP,0,,,N,0745
US1TXAS0003,20171129,PRCP,0,,,N,0800
US1TXAS0003,20171130,PRCP,0,,,N,0730
US1TXAS0003,20171201,PRCP,0,,,N,0730
US1TXAS0003,20171202,PRCP,0,,,N,0730
US1TXAS0003,20171203,PRCP,0,,,N,0730
US1TXAS0003,20171204,PRCP,180,,,N,1000
US1TXAS0003,20171205,PRCP,10,,,N,0830
US1TXAS0003,20171206,PRCP,140,,,N,1030
US1TXAS0003,20171207,PRCP,127,,,N,1030
US1TXAS0003,20171208,PRCP,76,,,N,0900
US1TXAS0003,20171209,PRCP,0,,,N,0800
US1TXAS0003,20171210,PRCP,0,,,N,0730
US1TXAS0003,20171211,PRCP,0,,,N,0725
US1TXAS0003,20171212,PRCP,0,,,N,0730
US1TXAS0003,20171213,PRCP,0,,,N,0700
US1TXAS0003,20171214,PRCP,0,,,N,0800
US1TXAS0003,20171215,PRCP,0,,,N,0800
US1TXAS0003,20171216,PRCP,0,,,N,0800
US1TXAS0003,20171217,PRCP,282,,,N,1000
US1TXAS0003,20171218,PRCP,0,,,N,0800
US1TXAS0003,20171219,PRCP,130,,,N,1245
US1TXAS0003,20171221,PRCP,0,,,N,0700
US1TXAS0003,20171222,PRCP,0,,,N,0800
US1TXAS0003,20171223,PRCP,23,,,N,0800
US1TXAS0003,20171224,PRCP,0,,,N,0800
US1TXAS0003,20171225,PRCP,0,,,N,0800
US1TXAS0003,20171226,PRCP,61,,,N,1000
US1TXAS0003,20171227,PRCP,43,,,N,1000
US1TXAS0003,20171228,PRCP,15,,,N,1000
US1TXAS0003,20171229,PRCP,0,,,N,0730
US1TXAS0003,20171230,PRCP,0,,,N,0800
US1TXAS0003,20171231,PRCP,0,,,N,0730
US1TXAS0003,20171208,SNOW,25,,,N,0900
US1TXAS0003,20171208,SNWD,25,,,N,0900
US1TXAS0003,20180101,PRCP,0,,,N,0730
US1TXAS0003,20180102,PRCP,0,,,N,0800
US1TXAS0003,20180103,PRCP,0,,,N,0800
US1TXAS0003,20180104,PRCP,0,,,N,0745
US1TXAS0003,20180105,PRCP,0,,,N,0730
US1TXAS0003,20180106,PRCP,0,,,N,0800
US1TXAS0003,20180107,PRCP,0,,,N,0800
US1TXAS0003,20180108,PRCP,23,,,N,1000
US1TXAS0003,20180109,PRCP,0,,,N,0800
US1TXAS0003,20180110,PRCP,0,,,N,0800
US1TXAS0003,20180111,PRCP,5,,,N,0930
US1TXAS0003,20180112,PRCP,157,,,N,1015
US1TXAS0003,20180113,PRCP,0,,,N,0715
US1TXAS0003,20180114,PRCP,0,,,N,0715
US1TXAS0003,20180115,PRCP,0,,,N,0700
US1TXAS0003,20180116,PRCP,56,,,N,0830
US1TXAS0003,20180118,PRCP,0,,,N,0800
US1TXAS0003,20180119,PRCP,0,,,N,0800
US1TXAS0003,20180120,PRCP,30,,,N,1115
US1TXAS0003,20180121,PRCP,0,,,N,0800
US1TXAS0003,20180122,PRCP,10,,,N,1030
US1TXAS0003,20180123,PRCP,0,,,N,0745
US1TXAS0003,20180124,PRCP,0,,,N,0800
US1TXAS0003,20180125,PRCP,0,,,N,0800
US1TXAS0003,20180126,PRCP,0,,,N,0800
US1TXAS0003,20180127,PRCP,114,,,N,1015
US1TXAS0003,20180128,PRCP,142,,,N,0945
US1TXAS0003,20180129,PRCP,0,,,N,0800
US1TXAS0003,20180130,PRCP,0,,,N,0800
US1TXAS0003,20180131,PRCP,0,,,N,0730
US1TXAS0003,20180201,PRCP,0,,,N,0615
US1TXAS0003,20180202,PRCP,0,,,N,0800
US1TXAS0003,20180203,PRCP,0,,,N,0800
US1TXAS0003,20180204,PRCP,30,,,N,1000
US1TXAS0003,20180205,PRCP,0,,,N,0800
US1TXAS0003,20180206,PRCP,8,,,N,1000
US1TXAS0003,20180207,PRCP,170,,,N,1200
US1TXAS0003,20180208,PRCP,0,,,N,0800
US1TXAS0003,20180209,PRCP,0,,,N,0800
US1TXAS0003,20180210,PRCP,43,,,N,0800
US1TXAS0003,20180211,PRCP,10,,,N,1000
US1TXAS0003,20180212,PRCP,0,,,N,0745
US1TXAS0003,20180213,PRCP,8,,,N,1000
US1TXAS0003,20180214,PRCP,18,,,N,1015
US1TXAS0003,20180215,PRCP,0,,,N,0800
US1TXAS0003,20180216,PRCP,0,,,N,0800
US1TXAS0003,20180217,PRCP,8,,,N,1000
US1TXAS0003,20180218,PRCP,0,,,N,0745
US1TXAS0003,20180219,PRCP,0,,,N,0745
US1TXAS0003,20180220,PRCP,0,,,N,0800
US1TXAS0003,20180221,PRCP,239,,,N,0915
US1TXAS0003,20180222,PRCP,43,,,N,0915
US1TXAS0003,20180223,PRCP,0,,,N,0800
US1TXAS0003,20180224,PRCP,8,,,N,1000
US1TXAS0003,20180225,PRCP,58,,,N,0845
US1TXAS0003,20180226,PRCP,686,,,N,0915
US1TXAS0003,20180227,PRCP,8,,,N,1000
US1TXAS0003,20180228,PRCP,0,,,N,0800
US1TXAS0003,20180301,PRCP,10,,,N,0900
US1TXAS0003,20180302,PRCP,0,,,N,0800
US1TXAS0003,20180303,PRCP,0,,,N,0800
US1TXAS0003,20180304,PRCP,18,,,N,1000
US1TXAS0003,20180305,PRCP,0,,,N,0800
US1TXAS0003,20180306,PRCP,10,,,N,0800
US1TXAS0003,20180307,PRCP,0,,,N,0800
US1TXAS0003,20180308,PRCP,0,,,N,0800
US1TXAS0003,20180309,PRCP,0,,,N,0800
US1TXAS0003,20180310,PRCP,0,,,N,0715
US1TXAS0003,20180311,PRCP,0,,,N,0800
US1TXAS0003,20180312,PRCP,0,,,N,0745
US1TXAS0003,20180313,PRCP,0,,,N,0800
US1TXAS0003,20180314,PRCP,0,,,N,0730
US1TXAS0003,20180315,PRCP,0,,,N,0800
US1TXAS0003,20180316,PRCP,0,,,N,0800
US1TXAS0003,20180317,PRCP,0,,,N,0800
US1TXAS0003,20180318,PRCP,0,,,N,0800
US1TXAS0003,20180319,PRCP,0,,,N,0800
US1TXAS0003,20180320,PRCP,0,,,N,0800
US1TXAS0003,20180321,PRCP,0,,,N,0730
US1TXAS0003,20180322,PRCP,0,,,N,0800
US1TXAS0003,20180323,PRCP,0,,,N,0800
US1TXAS0003,20180324,PRCP,0,,,N,0615
US1TXAS0003,20180622,PRCP,0,,,N,0800
US1TXAS0003,20180623,PRCP,0,,,N,0800
US1TXAS0003,20180624,PRCP,0,,,N,0800
US1TXAS0003,20180625,PRCP,0,,,N,0800
US1TXAS0003,20180626,PRCP,25,,,N,0800
US1TXAS0003,20180627,PRCP,0,,,N,0800
US1TXAS0003,20180628,PRCP,0,,,N,0800
US1TXAS0003,20180629,PRCP,0,,,N,0800
US1TXAS0003,20180630,PRCP,0,,,N,0800
US1TXAS0003,20180701,PRCP,0,,,N,0800
US1TXAS0003,20180702,PRCP,0,,,N,0800
US1TXAS0003,20180703,PRCP,0,,,N,0800
US1TXAS0003,20180704,PRCP,0,,,N,0800
US1TXAS0003,20180705,PRCP,434,,,N,0800
US1TXAS0003,20180706,PRCP,0,,,N,0800
US1TXAS0003,20180707,PRCP,86,,,N,0800
US1TXAS0003,20180708,PRCP,0,,,N,0800
US1TXAS0003,20180709,PRCP,99,,,N,0800
US1TXAS0003,20180710,PRCP,0,T,,N,0800
US1TXAS0003,20180711,PRCP,0,,,N,0715
US1TXAS0003,20180712,PRCP,0,,,N,0800
US1TXAS0003,20180713,PRCP,0,,,N,0800
US1TXAS0003,20180714,PRCP,0,,,N,0800
US1TXAS0003,20180715,PRCP,0,,,N,0800
US1TXAS0003,20180716,PRCP,0,,,N,0800
US1TXAS0003,20180717,PRCP,0,,,N,0800
US1TXAS0003,20180718,PRCP,0,,,N,0800
US1TXAS0003,20180719,PRCP,0,,,N,0745
US1TXAS0003,20180720,PRCP,0,,,N,0800
US1TXAS0003,20180721,PRCP,0,,,N,0800
US1TXAS0003,20180722,PRCP,0,,,N,0800
US1TXAS0003,20180723,PRCP,0,,,N,0800
US1TXAS0003,20180724,PRCP,0,,,N,0800
US1TXAS0003,20180725,PRCP,0,,,N,0800
US1TXAS0003,20180726,PRCP,0,,,N,0745
US1TXAS0003,20180727,PRCP,0,,,N,0800
US1TXAS0003,20180728,PRCP,0,,,N,0800
US1TXAS0003,20180729,PRCP,0,,,N,0800
US1TXAS0003,20180730,PRCP,0,,,N,0745
US1TXAS0003,20180731,PRCP,0,,,N,0800
US1TXAS0003,20180801,PRCP,0,,,N,0800
US1TXAS0003,20180802,PRCP,0,,,N,0800
US1TXAS0003,20180803,PRCP,0,,,N,0745
US1TXAS0003,20180804,PRCP,0,,,N,0800
US1TXAS0003,20180805,PRCP,84,,,N,0800
US1TXAS0003,20180806,PRCP,0,,,N,0800
US1TXAS0003,20180807,PRCP,0,,,N,0700
US1TXAS0003,20180808,PRCP,0,,,N,0800
US1TXAS0003,20180809,PRCP,0,,,N,0800
US1TXAS0003,20180810,PRCP,76,,,N,0800
US1TXAS0003,20180811,PRCP,23,,,N,1000
US1TXAS0003,20180812,PRCP,56,,,N,0930
US1TXAS0003,20180813,PRCP,0,,,N,0800
US1TXAS0003,20180814,PRCP,0,,,N,0800
US1TXAS0003,20180815,PRCP,0,,,N,0800
US1TXAS0003,20180816,PRCP,0,,,N,0800
US1TXAS0003,20180817,PRCP,0,,,N,0800
US1TXAS0003,20180818,PRCP,0,,,N,0800
US1TXAS0003,20180819,PRCP,0,,,N,0800
US1TXAS0003,20180820,PRCP,0,,,N,0800
US1TXAS0003,20180821,PRCP,0,,,N,0800
US1TXAS0003,20180822,PRCP,0,,,N,0800
US1TXAS0003,20180823,PRCP,0,,,N,0800
US1TXAS0003,20180824,PRCP,0,,,N,0800
US1TXAS0003,20180825,PRCP,0,,,N,0800
US1TXAS0003,20180826,PRCP,0,,,N,0800
US1TXAS0003,20180827,PRCP,0,,,N,0800
US1TXAS0003,20180828,PRCP,0,,,N,0800
US1TXAS0003,20180831,PRCP,0,,,N,0800
US1TXAS0003,20180830,DAPR,2,,,N,0800
US1TXAS0003,20180830,MDPR,48,,,N,0800
US1TXAS0003,20180901,PRCP,0,,,N,0800
US1TXAS0003,20180902,PRCP,0,,,N,0800
US1TXAS0003,20180903,PRCP,0,,,N,0800
US1TXAS0003,20180904,PRCP,259,,,N,0800
US1TXAS0003,20180905,PRCP,0,,,N,0800
US1TXAS0003,20180906,PRCP,0,,,N,0800
US1TXAS0003,20180907,PRCP,0,,,N,0800
US1TXAS0003,20180908,PRCP,0,,,N,0800
US1TXAS0003,20180909,PRCP,51,,,N,0800
US1TXAS0003,20180910,PRCP,30,,,N,0800
US1TXAS0003,20180911,PRCP,208,,,N,1030
US1TXAS0003,20180912,PRCP,0,,,N,0800
US1TXAS0003,20180913,PRCP,0,,,N,0800
US1TXAS0003,20180914,PRCP,0,,,N,0800
US1TXAS0003,20180915,PRCP,0,,,N,0800
US1TXAS0003,20180916,PRCP,140,,,N,0800
US1TXAS0003,20180917,PRCP,0,,,N,0800
US1TXAS0003,20180918,PRCP,0,,,N,0800
US1TXAS0003,20180919,PRCP,0,,,N,0800
US1TXAS0003,20180920,PRCP,0,,,N,0800
US1TXAS0003,20180921,PRCP,147,,,N,0800
US1TXAS0003,20180922,PRCP,13,,,N,0800
US1TXAS0003,20180923,PRCP,13,,,N,0800
US1TXAS0003,20180924,PRCP,0,,,N,0800
US1TXAS0003,20180925,PRCP,234,,,N,0800
US1TXAS0003,20180926,PRCP,94,,,N,0800
US1TXAS0003,20180927,PRCP,457,,,N,0800
US1TXAS0003,20180928,PRCP,0,,,N,0800
US1TXAS0003,20180929,PRCP,206,,,N,1000
US1TXAS0003,20180930,PRCP,0,,,N,0800
US1TXAS0003,20181001,PRCP,51,,,N,0800
US1TXAS0003,20181002,PRCP,0,,,N,0800
US1TXAS0003,20181003,PRCP,15,,,N,0800
US1TXAS0003,20181004,PRCP,0,,,N,0800
US1TXAS0003,20181005,PRCP,0,,,N,0800
US1TXAS0003,20181006,PRCP,0,,,N,0800
US1TXAS0003,20181007,PRCP,0,,,N,0800
US1TXAS0003,20181008,PRCP,25,,,N,0800
US1TXAS0003,20181009,PRCP,43,,,N,1030
US1TXAS0003,20181010,PRCP,551,,,N,1015
US1TXAS0003,20181011,PRCP,0,,,N,0800
US1TXAS0003,20181012,PRCP,0,,,N,0800
US1TXAS0003,20181013,PRCP,0,,,N,0800
US1TXAS0003,20181014,PRCP,8,,,N,0800
US1TXAS0003,20181015,PRCP,0,,,N,1000
US1TXAS0003,20181016,PRCP,381,,,N,1000
US1TXAS0003,20181017,PRCP,15,,,N,1000
US1TXAS0003,20181018,PRCP,8,,,N,1015
US1TXAS0003,20181019,PRCP,0,,,N,1015
US1TXAS0003,20181020,PRCP,345,,,N,1015
US1TXAS0003,20181021,PRCP,0,,,N,0800
US1TXAS0003,20181022,PRCP,0,,,N,0800
US1TXAS0003,20181023,PRCP,79,,,N,1000
US1TXAS0003,20181024,PRCP,0,,,N,0800
US1TXAS0003,20181025,PRCP,127,,,N,1115
US1TXAS0003,20181026,PRCP,0,,,N,0800
US1TXAS0003,20181027,PRCP,0,,,N,0800
US1TXAS0003,20181028,PRCP,0,,,N,0800
US1TXAS0003,20181029,PRCP,0,,,N,0800
US1TXAS0003,20181030,PRCP,0,,,N,0800
US1TXAS0003,20181031,PRCP,0,,,N,0800
US1TXAS0003,20181101,PRCP,371,,,N,1045
US1TXAS0003,20181102,PRCP,0,,,N,0800
US1TXAS0003,20181103,PRCP,0,,,N,0800
US1TXAS0003,20181104,PRCP,183,,,N,0800
US1TXAS0003,20181105,PRCP,0,,,N,0800
US1TXAS0003,20181106,PRCP,0,,,N,0800
US1TXAS0003,20181107,PRCP,0,,,N,0800
US1TXAS0003,20181108,PRCP,0,,,N,0800
US1TXAS0003,20181109,PRCP,66,,,N,0800
US1TXAS0003,20181110,PRCP,0,,,N,0800
US1TXAS0003,20181111,PRCP,0,,,N,0800
US1TXAS0003,20181114,PRCP,0,,,N,0800
US1TXAS0003,20181115,PRCP,0,,,N,0800
US1TXAS0003,20181116,PRCP,0,,,N,0800
US1TXAS0003,20181117,PRCP,0,,,N,0800
US1TXAS0003,20181118,PRCP,208,,,N,1015
US1TXAS0003,20181119,PRCP,226,,,N,1000
US1TXAS0003,20181120,PRCP,0,,,N,0800
US1TXAS0003,20181121,PRCP,0,,,N,0800
US1TXAS0003,20181122,PRCP,79,,,N,0800
US1TXAS0003,20181123,PRCP,0,,,N,0800
US1TXAS0003,20181124,PRCP,0,,,N,0800
US1TXAS0003,20181125,PRCP,0,,,N,0800
US1TXAS0003,20181126,PRCP,0,,,N,0800
US1TXAS0003,20181127,PRCP,0,,,N,0800
US1TXAS0003,20181128,PRCP,0,,,N,0800
US1TXAS0003,20181129,PRCP,0,,,N,0800
US1TXAS0003,20181130,PRCP,13,,,N,0800
US1TXAS0003,20181113,DAPR,2,,,N,1000
US1TXAS0003,20181113,MDPR,112,,,N,1000
US1TXAS0003,20181201,PRCP,0,,,N,0800
US1TXAS0003,20181202,PRCP,0,,,N,0800
US1TXAS0003,20181203,PRCP,0,,,N,0800
US1TXAS0003,20181204,PRCP,0,,,N,0800
US1TXAS0003,20181205,PRCP,0,,,N,0800
US1TXAS0003,20181206,PRCP,0,,,N,0800
US1TXAS0003,20181207,PRCP,5,,,N,1000
US1TXAS0003,20181208,PRCP,970,,,N,1000
US1TXAS0003,20181209,PRCP,0,,,N,0800
US1TXAS0003,20181210,PRCP,0,,,N,0800
US1TXAS0003,20181211,PRCP,0,,,N,0800
US1TXAS0003,20181212,PRCP,0,,,N,0800
US1TXAS0003,20181213,PRCP,152,,,N,0800
US1TXAS0003,20181214,PRCP,0,,,N,0800
US1TXAS0003,20181215,PRCP,0,,,N,0800
US1TXAS0003,20181216,PRCP,0,,,N,0800
US1TXAS0003,20181217,PRCP,0,,,N,0800
US1TXAS0003,20181218,PRCP,0,,,N,0800
US1TXAS0003,20181219,PRCP,64,,,N,1015
US1TXAS0003,20181220,PRCP,20,,,N,0800
US1TXAS0003,20181221,PRCP,0,,,N,0800
US1TXAS0003,20181222,PRCP,0,,,N,0800
US1TXAS0003,20181223,PRCP,0,,,N,0800
US1TXAS0003,20181224,PRCP,0,,,N,0800
US1TXAS0003,20181225,PRCP,0,,,N,0800
US1TXAS0003,20181226,PRCP,0,T,,N,0800
US1TXAS0003,20181227,PRCP,853,,,N,0800
US1TXAS0003,20181228,PRCP,0,,,N,0800
US1TXAS0003,20181229,PRCP,0,,,N,0800
US1TXAS0003,20181231,DAPR,2,,,N,0800
US1TXAS0003,20181231,MDPR,51,,,N,0800
US1TXAS0003,20190101,PRCP,0,,,N,0800
US1TXAS0003,20190102,PRCP,0,,,N,0800
US1TXAS0003,20190103,PRCP,373,,,N,0800
US1TXAS0003,20190104,PRCP,5,,,N,0800
US1TXAS0003,20190105,PRCP,0,,,N,0800
US1TXAS0003,20190106,PRCP,0,,,N,0800
US1TXAS0003,20190107,PRCP,0,,,N,0800
US1TXAS0003,20190108,PRCP,0,,,N,0800
US1TXAS0003,20190109,PRCP,0,,,N,0800
US1TXAS0003,20190110,PRCP,0,,,N,0800
US1TXAS0003,20190111,PRCP,0,,,N,0800
US1TXAS0003,20190112,PRCP,76,,,N,0800
US1TXAS0003,20190113,PRCP,0,,,N,0800
US1TXAS0003,20190114,PRCP,0,,,N,0800
US1TXAS0003,20190115,PRCP,0,,,N,0800
US1TXAS0003,20190116,PRCP,0,,,N,0800
US1TXAS0003,20190117,PRCP,33,,,N,1101
US1TXAS0003,20190120,PRCP,0,,,N,0800
US1TXAS0003,20190121,PRCP,0,,,N,0800
US1TXAS0003,20190122,PRCP,0,,,N,0800
US1TXAS0003,20190123,PRCP,432,,,N,0900
US1TXAS0003,20190124,PRCP,0,,,N,0800
US1TXAS0003,20190125,PRCP,0,,,N,0800
US1TXAS0003,20190126,PRCP,0,,,N,0800
US1TXAS0003,20190127,PRCP,43,,,N,1000
US1TXAS0003,20190128,PRCP,0,,,N,0800
US1TXAS0003,20190129,PRCP,15,,,N,0800
US1TXAS0003,20190130,PRCP,0,,,N,0800
US1TXAS0003,20190131,PRCP,0,,,N,0800
US1TXAS0003,20190119,DAPR,2,,,N,1001
US1TXAS0003,20190119,MDPR,104,,,N,1001
US1TXAS0003,20190119,WESD,104,,,N,1001
US1TXAS0003,20190201,PRCP,28,,,N,1000
US1TXAS0003,20190202,PRCP,0,,,N,0930
US1TXAS0003,20190203,PRCP,15,,,N,0930
US1TXAS0003,20190204,PRCP,0,,,N,0800
US1TXAS0003,20190205,PRCP,0,T,,N,0800
US1TXAS0003,20190206,PRCP,15,,,N,1000
US1TXAS0003,20190209,PRCP,15,,,N,0800
US1TXAS0003,20190212,PRCP,18,,,N,0800
US1TXAS0003,20190213,PRCP,0,,,N,0800
US1TXAS0003,20190214,PRCP,0,,,N,0800
US1TXAS0003,20190215,PRCP,0,,,N,0800
US1TXAS0003,20190216,PRCP,0,,,N,0800
US1TXAS0003,20190217,PRCP,0,,,N,0800
US1TXAS0003,20190218,PRCP,0,,,N,0800
US1TXAS0003,20190219,PRCP,0,,,N,0800
US1TXAS0003,20190220,PRCP,0,,,N,0800
US1TXAS0003,20190221,PRCP,23,,,N,0800
US1TXAS0003,20190222,PRCP,25,,,N,0945
US1TXAS0003,20190223,PRCP,20,,,N,1030
US1TXAS0003,20190224,PRCP,0,,,N,0800
US1TXAS0003,20190225,PRCP,0,,,N,0800
US1TXAS0003,20190226,PRCP,41,,,N,1000
US1TXAS0003,20190227,PRCP,366,,,N,1015
US1TXAS0003,20190228,PRCP,0,,,N,0800
US1TXAS0003,20190208,DAPR,2,,L,N,1000
US1TXAS0003,20190208,WESD,15,,,N,1000
US1TXAS0003,20190301,PRCP,10,,,N,0800
US1TXAS0003,20190302,PRCP,10,,,N,1000
US1TXAS0003,20190303,PRCP,20,,,N,1015
US1TXAS0003,20190304,PRCP,0,,,N,0800
US1TXAS0003,20190305,PRCP,0,,,N,0800
US1TXAS0003,20190306,PRCP,0,,,N,0800
US1TXAS0003,20190307,PRCP,0,,,N,0800
US1TXAS0003,20190308,PRCP,0,,,N,0800
US1TXAS0003,20190309,PRCP,0,,,N,0800
US1TXAS0003,20190310,PRCP,0,,,N,0800
US1TXAS0003,20190311,PRCP,0,,,N,0800
US1TXAS0003,20190312,PRCP,0,,,N,0800
US1TXAS0003,20190313,PRCP,20,,,N,0900
US1TXAS0003,20190314,PRCP,150,,,N,0930
US1TXAS0003,20190315,PRCP,0,,,N,0930
US1TXAS0003,20190316,PRCP,0,,,N,0930
US1TXAS0003,20190317,PRCP,0,,,N,0800
US1TXAS0003,20190318,PRCP,0,,,N,0800
US1TXAS0003,20190319,PRCP,0,,,N,0800
US1TXAS0003,20190320,PRCP,0,,,N,0800
US1TXAS0003,20190321,PRCP,0,,,N,0800
US1TXAS0003,20190322,PRCP,0,,,N,0800
US1TXAS0003,20190323,PRCP,0,,,N,0800
US1TXAS0003,20190324,PRCP,0,,,N,0800
US1TXAS0003,20190325,PRCP,0,,,N,0800
US1TXAS0003,20190326,PRCP,0,,,N,0800
US1TXAS0003,20190327,PRCP,0,,,N,0800
US1TXAS0003,20190328,PRCP,0,,,N,0800
US1TXAS0003,20190329,PRCP,0,,,N,0800
US1TXAS0003,20190330,PRCP,0,,,N,0800
US1TXAS0003,20190331,PRCP,43,,,N,0930
US1TXAS0003,20190401,PRCP,0,,,N,0800
US1TXAS0003,20190402,PRCP,0,,,N,0800
US1TXAS0003,20190403,PRCP,0,,,N,0800
US1TXAS0003,20190404,PRCP,51,,,N,0930
US1TXAS0003,20190405,PRCP,0,,,N,0800
US1TXAS0003,20190406,PRCP,18,,,N,1030
US1TXAS0003,20190407,PRCP,46,,,N,1030
US1TXAS0003,20190408,PRCP,315,,,N,0930
US1TXAS0003,20190409,PRCP,0,,,N,0800
US1TXAS0003,20190410,PRCP,0,,,N,0800
US1TXAS0003,20190411,PRCP,0,,,N,0800
US1TXAS0003,20190412,PRCP,0,,,N,0800
US1TXAS0003,20190413,PRCP,23,,,N,0930
US1TXAS0003,20190414,PRCP,0,,,N,0800
US1TXAS0003,20190415,PRCP,0,,,N,0800
US1TXAS0003,20190416,PRCP,0,,,N,0800
US1TXAS0003,20190417,PRCP,0,,,N,0800
US1TXAS0003,20190418,PRCP,318,,,N,0930
US1TXAS0003,20190419,PRCP,0,,,N,0800
US1TXAS0003,20190420,PRCP,0,,,N,0800
US1TXAS0003,20190421,PRCP,0,,,N,0800
US1TXAS0003,20190422,PRCP,0,,,N,0800
US1TXAS0003,20190423,PRCP,0,,,N,0800
US1TXAS0003,20190424,PRCP,0,,,N,0800
US1TXAS0003,20190425,PRCP,8,,,N,0800
US1TXAS0003,20190426,PRCP,0,,,N,0800
US1TXAS0003,20190427,PRCP,0,,,N,0800
US1TXAS0003,20190428,PRCP,0,,,N,0800
US1TXAS0003,20190429,PRCP,0,,,N,0800
US1TXAS0003,20190430,PRCP,0,,,N,0800
US1TXAS0003,20190501,PRCP,23,,,N,0930
US1TXAS0003,20190502,PRCP,114,,,N,0930
US1TXAS0003,20190503,PRCP,23,,,N,0900
US1TXAS0003,20190504,PRCP,279,,,N,0950
US1TXAS0003,20190505,PRCP,0,,,N,0800
US1TXAS0003,20190506,PRCP,0,,,N,0800
US1TXAS0003,20190507,PRCP,0,,,N,0800
US1TXAS0003,20190508,PRCP,239,,,N,0830
US1TXAS0003,20190509,PRCP,28,,,N,0800
US1TXAS0003,20190510,PRCP,254,,,N,0930
US1TXAS0003,20190511,PRCP,0,,,N,0800
US1TXAS0003,20190512,PRCP,183,,,N,1000
US1TXAS0003,20190513,PRCP,0,,,N,0800
US1TXAS0003,20190514,PRCP,0,,,N,0800
US1TXAS0003,20190515,PRCP,0,,,N,0800
US1TXAS0003,20190516,PRCP,0,,,N,0800
US1TXAS0003,20190517,PRCP,0,,,N,0800
US1TXAS0003,20190518,PRCP,0,,,N,0800
US1TXAS0003,20190519,PRCP,0,,,N,0800
US1TXAS0003,20190520,PRCP,0,,,N,0800
US1TXAS0003,20190521,PRCP,0,,,N,0800
US1TXAS0003,20190524,PRCP,0,,,N,0800
US1TXAS0003,20190525,PRCP,0,,,N,0800
US1TXAS0003,20190526,PRCP,0,,,N,0800
US1TXAS0003,20190527,PRCP,0,,,N,0800
US1TXAS0003,20190528,PRCP,0,,,N,0800
US1TXAS0003,20190529,PRCP,0,,,N,0800
US1TXAS0003,20190530,PRCP,76,,,N,1030
US1TXAS0003,20190531,PRCP,0,,,N,0800
US1TXAS0003,20190523,DAPR,2,,,N,0800
US1TXAS0003,20190523,MDPR,10,,,N,0800
US1TXAS0003,20190601,PRCP,0,,,N,0800
US1TXAS0003,20190602,PRCP,0,,,N,0800
US1TXAS0003,20190603,PRCP,0,,,N,0800
US1TXAS0003,20190604,PRCP,0,,,N,0800
US1TXAS0003,20190605,PRCP,561,,,N,1030
US1TXAS0003,20190606,PRCP,56,,,N,0915
US1TXAS0003,20190607,PRCP,76,,,N,0915
US1TXAS0003,20190608,PRCP,0,,,N,0800
US1TXAS0003,20190609,PRCP,0,,,N,0800
US1TXAS0003,20190610,PRCP,0,,,N,0800
US1TXAS0003,20190611,PRCP,0,,,N,0800
US1TXAS0003,20190612,PRCP,23,,,N,0800
US1TXAS0003,20190613,PRCP,0,,,N,0800
US1TXAS0003,20190614,PRCP,0,,,N,0800
US1TXAS0003,20190615,PRCP,0,,,N,0800
US1TXAS0003,20190616,PRCP,0,,,N,0800
US1TXAS0003,20190617,PRCP,137,,,N,0800
US1TXAS0003,20190618,PRCP,0,T,,N,0800
US1TXAS0003,20190619,PRCP,0,,,N,0800
US1TXAS0003,20190620,PRCP,0,,,N,0800
US1TXAS0003,20190621,PRCP,0,,,N,0800
US1TXAS0003,20190622,PRCP,0,,,N,0800
US1TXAS0003,20190623,PRCP,0,,,N,0800
US1TXAS0003,20190624,PRCP,142,,,N,1030
US1TXAS0003,20190625,PRCP,10,,,N,0800
US1TXAS0003,20190626,PRCP,23,,,N,0845
US1TXAS0003,20190627,PRCP,117,,,N,0800
US1TXAS0003,20190628,PRCP,86,,,N,0800
US1TXAS0003,20190629,PRCP,0,,,N,0800
US1TXAS0003,20190630,PRCP,0,,,N,0800
US1TXAS0003,20190701,PRCP,43,,,N,0800
US1TXAS0003,20190702,PRCP,0,,,N,0800
US1TXAS0003,20190703,PRCP,99,,,N,0800
US1TXAS0003,20190704,PRCP,127,,,N,0800
US1TXAS0003,20190705,PRCP,0,,,N,0800
US1TXAS0003,20190706,PRCP,0,,,N,0800
US1TXAS0003,20190707,PRCP,0,,,N,0800
US1TXAS0003,20190708,PRCP,0,,,N,0800
US1TXAS0003,20190709,PRCP,0,,,N,0800
US1TXAS0003,20190710,PRCP,0,,,N,0800
US1TXAS0003,20190711,PRCP,15,,,N,0800
US1TXAS0003,20190712,PRCP,0,,,N,0800
US1TXAS0003,20190713,PRCP,0,,,N,0800
US1TXAS0003,20190714,PRCP,0,,,N,0800
US1TXAS0003,20190715,PRCP,0,,,N,0800
US1TXAS0003,20190716,PRCP,0,,,N,0800
US1TXAS0003,20190717,PRCP,0,,,N,0800
US1TXAS0003,20190718,PRCP,0,,,N,0800
US1TXAS0003,20190719,PRCP,0,,,N,0800
US1TXAS0003,20190720,PRCP,0,,,N,0800
US1TXAS0003,20190721,PRCP,0,,,N,0800
US1TXAS0003,20190722,PRCP,0,,,N,0800
US1TXAS0003,20190723,PRCP,0,,,N,0800
US1TXAS0003,20190724,PRCP,0,,,N,0800
US1TXAS0003,20190725,PRCP,0,,,N,0800
US1TXAS0003,20190726,PRCP,0,,,N,0800
US1TXAS0003,20190727,PRCP,0,,,N,0800
US1TXAS0003,20190728,PRCP,0,,,N,0800
US1TXAS0003,20190729,PRCP,99,,,N,0800
US1TXAS0003,20190730,PRCP,0,,,N,0800
US1TXAS0003,20190731,PRCP,0,,,N,0800
US1TXAS0003,20190801,PRCP,0,,,N,0800
US1TXAS0003,20190802,PRCP,0,,,N,0800
US1TXAS0003,20190803,PRCP,0,,,N,0800
US1TXAS0003,20190804,PRCP,15,,,N,1030
US1TXAS0003,20190805,PRCP,0,,,N,0800
US1TXAS0003,20190806,PRCP,0,,,N,0800
US1TXAS0003,20190807,PRCP,0,,,N,0800
US1TXAS0003,20190808,PRCP,0,,,N,0800
US1TXAS0003,20190809,PRCP,0,,,N,0800
US1TXAS0003,20190810,PRCP,0,,,N,0800
US1TXAS0003,20190811,PRCP,0,,,N,0800
US1TXAS0003,20190812,PRCP,0,,,N,0800
US1TXAS0003,20190813,PRCP,0,,,N,0800
US1TXAS0003,20190814,PRCP,0,,,N,0800
US1TXAS0003,20190815,PRCP,216,,,N,0800
US1TXAS0003,20190816,PRCP,0,,,N,0800
US1TXAS0003,20190817,PRCP,0,,,N,0800
US1TXAS0003,20190818,PRCP,0,,,N,0800
US1TXAS0003,20190819,PRCP,0,,,N,0800
US1TXAS0003,20190820,PRCP,0,,,N,0800
US1TXAS0003,20190821,PRCP,0,,,N,0800
US1TXAS0003,20190822,PRCP,0,,,N,0800
US1TXAS0003,20190823,PRCP,0,,,N,0800
US1TXAS0003,20190824,PRCP,0,,,N,0800
US1TXAS0003,20190825,PRCP,0,,,N,0800
US1TXAS0003,20190826,PRCP,71,,,N,0800
US1TXAS0003,20190827,PRCP,0,,,N,0800
US1TXAS0003,20190828,PRCP,0,,,N,0800
US1TXAS0003,20190829,PRCP,0,,,N,0800
US1TXAS0003,20190830,PRCP,0,,,N,0800
US1TXAS0003,20190831,PRCP,25,,,N,0800
US1TXAS0003,20190901,PRCP,0,,,N,0800
US1TXAS0003,20190902,PRCP,0,,,N,0800
US1TXAS0003,20190903,PRCP,0,,,N,0800
US1TXAS0003,20190904,PRCP,0,,,N,0800
US1TXAS0003,20190905,PRCP,0,,,N,0800
US1TXAS0003,20190906,PRCP,0,,,N,0800
US1TXAS0003,20190907,PRCP,0,,,N,0800
US1TXAS0003,20190908,PRCP,0,,,N,0800
US1TXAS0003,20190909,PRCP,0,,,N,0800
US1TXAS0003,20190910,PRCP,61,,,N,0800
US1TXAS0003,20190911,PRCP,10,,,N,0800
US1TXAS0003,20190912,PRCP,0,,,N,0800
US1TXAS0003,20190913,PRCP,0,,,N,0800
US1TXAS0003,20190914,PRCP,114,,,N,0800
US1TXAS0003,20190915,PRCP,0,,,N,0800
US1TXAS0003,20190916,PRCP,0,,,N,0800
US1TXAS0003,20190917,PRCP,5,,,N,0800
US1TXAS0003,20190918,PRCP,25,,,N,0800
US1TXAS0003,20190919,PRCP,0,,,N,0800
US1TXAS0003,20190920,PRCP,254,,,N,0800
US1TXAS0003,20190921,PRCP,0,,,N,0800
US1TXAS0003,20190922,PRCP,0,,,N,0800
US1TXAS0003,20190923,PRCP,0,,,N,0800
US1TXAS0003,20190924,PRCP,0,,,N,0800
US1TXAS0003,20190925,PRCP,0,,,N,0800
US1TXAS0003,20190926,PRCP,0,,,N,0800
US1TXAS0003,20190927,PRCP,0,,,N,0800
US1TXAS0003,20190928,PRCP,66,,,N,0800
US1TXAS0003,20190929,PRCP,0,,,N,0800
US1TXAS0003,20190930,PRCP,0,,,N,0800
US1TXAS0003,20191001,PRCP,0,,,N,0800
US1TXAS0003,20191002,PRCP,0,,,N,0800
US1TXAS0003,20191003,PRCP,0,,,N,0800
US1TXAS0003,20191004,PRCP,0,,,N,0800
US1TXAS0003,20191005,PRCP,0,,,N,0800
US1TXAS0003,20191006,PRCP,0,,,N,0800
US1TXAS0003,20191007,PRCP,0,,,N,0800
US1TXAS0003,20191008,PRCP,0,,,N,0800
US1TXAS0003,20191009,PRCP,0,,,N,0800
US1TXAS0003,20191010,PRCP,0,,,N,0800
US1TXAS0003,20191011,PRCP,15,,,N,0800
US1TXAS0003,20191012,PRCP,0,,,N,0800
US1TXAS0003,20191013,PRCP,0,,,N,0800
US1TXAS0003,20191014,PRCP,0,,,N,0800
US1TXAS0003,20191015,PRCP,0,,,N,0800
US1TXAS0003,20191016,PRCP,0,,,N,0800
US1TXAS0003,20191017,PRCP,0,,,N,0800
US1TXAS0003,20191018,PRCP,0,,,N,0800
US1TXAS0003,20191019,PRCP,0,,,N,0800
US1TXAS0003,20191020,PRCP,0,,,N,0800
US1TXAS0003,20191021,PRCP,56,,,N,0800
US1TXAS0003,20191022,PRCP,0,,,N,0800
US1TXAS0003,20191023,PRCP,0,,,N,0800
US1TXAS0003,20191024,PRCP,0,,,N,0800
US1TXAS0003,20191025,PRCP,234,,,N,1000
US1TXAS0003,20191026,PRCP,0,,,N,0800
US1TXAS0003,20191027,PRCP,0,,,N,0800
US1TXAS0003,20191028,PRCP,0,,,N,0800
US1TXAS0003,20191029,PRCP,20,,,N,0900
US1TXAS0003,20191030,PRCP,1146,,,N,0800
US1TXAS0003,20191031,PRCP,147,,,N,0800
US1TXAS0003,20191101,PRCP,0,,,N,0800
US1TXAS0003,20191102,PRCP,0,,,N,0800
US1TXAS0003,20191103,PRCP,0,,,N,0800
US1TXAS0003,20191104,PRCP,0,,,N,0800
US1TXAS0003,20191105,PRCP,0,,,N,0800
US1TXAS0003,20191106,PRCP,0,,,N,0800
US1TXAS0003,20191107,PRCP,53,,,N,0800
US1TXAS0003,20191108,PRCP,236,,,N,1031
US1TXAS0003,20191109,PRCP,0,,,N,0800
US1TXAS0003,20191110,PRCP,0,,,N,0800
US1TXAS0003,20191111,PRCP,0,,,N,0800
US1TXAS0003,20191112,PRCP,0,,,N,0800
US1TXAS0003,20191113,PRCP,0,,,N,0800
US1TXAS0003,20191114,PRCP,89,,,N,0800
US1TXAS0003,20191115,PRCP,46,,,N,0800
US1TXAS0003,20191116,PRCP,0,,,N,0800
US1TXAS0003,20191117,PRCP,0,,,N,0800
US1TXAS0003,20191118,PRCP,0,,,N,0800
US1TXAS0003,20191119,PRCP,0,,,N,0800
US1TXAS0003,20191120,PRCP,0,,,N,0800
US1TXAS0003,20191121,PRCP,20,,,N,0800
US1TXAS0003,20191122,PRCP,0,,,N,0800
US1TXAS0003,20191123,PRCP,0,,,N,0800
US1TXAS0003,20191124,PRCP,0,,,N,0800
US1TXAS0003,20191125,PRCP,0,,,N,0800
US1TXAS0003,20191126,PRCP,0,,,N,0800
US1TXAS0003,20191127,PRCP,0,,,N,0800
US1TXAS0003,20191128,PRCP,0,,,N,0800
US1TXAS0003,20191129,PRCP,0,,,N,0800
US1TXAS0003,20191130,PRCP,0,,,N,0800
US1TXAS0003,20191122,SNOW,0,,,N,0800
US1TXAS0003,20191201,PRCP,0,,,N,0800
US1TXAS0003,20191202,PRCP,0,,,N,0800
US1TXAS0003,20191203,PRCP,0,,,N,0800
US1TXAS0003,20191204,PRCP,0,,,N,0800
US1TXAS0003,20191205,PRCP,0,,,N,0800
US1TXAS0003,20191206,PRCP,0,,,N,0800
US1TXAS0003,20191207,PRCP,0,,,N,0800
US1TXAS0003,20191208,PRCP,0,,,N,0800
US1TXAS0003,20191209,PRCP,0,,,N,0800
US1TXAS0003,20191211,PRCP,89,,,N,0800
US1TXAS0003,20191212,PRCP,0,,,N,0800
US1TXAS0003,20191213,PRCP,0,,,N,0800
US1TXAS0003,20191214,PRCP,0,,,N,0800
US1TXAS0003,20191215,PRCP,0,,,N,0800
US1TXAS0003,20191216,PRCP,0,,,N,0800
US1TXAS0003,20191217,PRCP,0,,,N,0800
US1TXAS0003,20191218,PRCP,0,,,N,0800
US1TXAS0003,20191219,PRCP,0,,,N,0800
US1TXAS0003,20191220,PRCP,0,,,N,0800
US1TXAS0003,20191222,PRCP,0,,,N,0800
US1TXAS0003,20191223,PRCP,0,,,N,0800
US1TXAS0003,20191224,PRCP,0,,,N,0800
US1TXAS0003,20191225,PRCP,0,,,N,0800
US1TXAS0003,20191226,PRCP,0,,,N,0800
US1TXAS0003,20191227,PRCP,0,,,N,0800
US1TXAS0003,20191228,PRCP,0,,,N,0800
US1TXAS0003,20191229,PRCP,104,,,N,0800
US1TXAS0003,20191231,PRCP,0,,,N,0800
US1TXAS0003,20200101,PRCP,0,,,N,0800
US1TXAS0003,20200102,PRCP,56,,,N,0900
US1TXAS0003,20200103,PRCP,48,,,N,0900
US1TXAS0003,20200104,PRCP,0,,,N,0800
US1TXAS0003,20200105,PRCP,0,,,N,0800
US1TXAS0003,20200106,PRCP,0,,,N,0800
US1TXAS0003,20200107,PRCP,0,,,N,0530
US1TXAS0003,20200108,PRCP,0,,,N,0800
US1TXAS0003,20200109,PRCP,0,,,N,0800
US1TXAS0003,20200110,PRCP,15,,,N,0800
US1TXAS0003,20200111,PRCP,254,,,N,1000
US1TXAS0003,20200112,PRCP,0,,,N,0800
US1TXAS0003,20200113,PRCP,0,,,N,0800
US1TXAS0003,20200114,PRCP,112,,,N,0800
US1TXAS0003,20200115,PRCP,25,,,N,0800
US1TXAS0003,20200116,PRCP,0,,,N,0800
US1TXAS0003,20200117,PRCP,18,,,N,0800
US1TXAS0003,20200118,PRCP,0,,,N,0800
US1TXAS0003,20200119,PRCP,0,,,N,0800
US1TXAS0003,20200120,PRCP,0,,,N,0800
US1TXAS0003,20200121,PRCP,0,,,N,0800
US1TXAS0003,20200122,PRCP,89,,,N,0930
US1TXAS0003,20200123,PRCP,109,,,N,0800
US1TXAS0003,20200124,PRCP,0,,,N,0800
US1TXAS0003,20200125,PRCP,0,,,N,0800
US1TXAS0003,20200127,PRCP,0,,,N,0800
US1TXAS0003,20200128,PRCP,51,,,N,0800
US1TXAS0003,20200130,PRCP,0,,,N,0800
US1TXAS0003,20200131,PRCP,0,,,N,0730
US1TXAS0003,20200201,PRCP,0,,,N,0800
US1TXAS0003,20200202,PRCP,0,,,N,0800
US1TXAS0003,20200203,PRCP,0,,,N,0800
US1TXAS0003,20200204,PRCP,0,,,N,0800
US1TXAS0003,20200205,PRCP,0,,,N,0800
US1TXAS0003,20200206,PRCP,0,,,N,0800
US1TXAS0003,20200207,PRCP,0,,,N,0800
US1TXAS0003,20200208,PRCP,0,,,N,0800
US1TXAS0003,20200209,PRCP,0,,,N,0800
US1TXAS0003,20200210,PRCP,25,,,N,0800
US1TXAS0003,20200213,PRCP,25,,,N,0800
US1TXAS0003,20200214,PRCP,0,,,N,0800
US1TXAS0003,20200215,PRCP,0,,,N,0800
US1TXAS0003,20200216,PRCP,0,,,N,0800
US1TXAS0003,20200217,PRCP,0,,,N,0800
US1TXAS0003,20200218,PRCP,0,,,N,0800
US1TXAS0003,20200219,PRCP,46,,,N,0800
US1TXAS0003,20200220,PRCP,124,,,N,0800
US1TXAS0003,20200222,PRCP,0,,,N,0800
US1TXAS0003,20200223,PRCP,0,,,N,0800
US1TXAS0003,20200224,PRCP,36,,,N,0800
US1TXAS0003,20200225,PRCP,0,,,N,0800
US1TXAS0003,20200226,PRCP,0,,,N,0800
US1TXAS0003,20200227,PRCP,0,,,N,0800
US1TXAS0003,20200228,PRCP,0,,,N,0800
US1TXAS0003,20200229,PRCP,0,,,N,0800
US1TXAS0003,20200223,SNOW,0,,,N,0800
US1TXAS0003,20200212,DAPR,2,,,N,0800
US1TXAS0003,20200212,MDPR,157,,,N,0800
US1TXAS0003,20200301,PRCP,0,,,N,0800
US1TXAS0003,20200302,PRCP,0,,,N,0800
US1TXAS0003,20200303,PRCP,0,,,N,0800
US1TXAS0003,20200304,PRCP,36,,,N,0800
US1TXAS0003,20200305,PRCP,64,,,N,0800
US1TXAS0003,20200306,PRCP,15,,,N,0800
US1TXAS0003,20200311,PRCP,0,,,N,0800
US1TXAS0003,20200320,PRCP,241,,,N,0800
US1TXAS0003,20200322,PRCP,254,,,N,0800
US1TXAS0003,20200306,SNOW,0,,,N,0800
US1TXAS0003,20200310,DAPR,4,,,N,0800
US1TXAS0003,20200310,MDPR,0,,,N,0800
US1TXAS0003,20200404,PRCP,508,,,N,0800
US1TXAS0003,20200405,PRCP,201,,,N,0800
US1TXAS0003,20200418,PRCP,48,,,N,0800
US1TXAS0003,20200426,PRCP,74,,,N,0800
US1TXAS0003,20200429,PRCP,124,,,N,0800
US1TXAS0003,20200513,PRCP,279,,,N,0800
US1TXAS0003,20200516,PRCP,254,,,N,0800
US1TXAS0003,20200524,PRCP,152,,,N,0800
US1TXAS0003,20200525,PRCP,1519,,,N,0800
US1TXAS0003,20200526,PRCP,234,,,N,0800
US1TXAS0003,20200528,PRCP,61,,,N,0800
US1TXAS0003,20200601,PRCP,127,,,N,0746
US1TXAS0003,20200623,PRCP,272,,,N,1000
US1TXAS0003,20200624,PRCP,102,,,N,0800
US1TXAS0003,20200625,PRCP,254,,,N,0800
US1TXAS0003,20200726,PRCP,152,,,N,0800
US1TXAS0003,20200727,PRCP,168,,,N,0800
US1TXAS0003,20200801,PRCP,559,,,N,1030
US1TXAS0003,20200803,PRCP,234,,,N,0800
