ID,DATE,ELEMENT,DATA_VALUE,M_FLAG,Q_FLAG,S_FLAG,OBS_TIME
US1TXAT0042,20160228,PRCP,0,,,N,0600
US1TXAT0042,20160229,PRCP,0,,,N,0600
US1TXAT0042,20160301,PRCP,0,,,N,0600
US1TXAT0042,20160302,PRCP,0,,,N,0600
US1TXAT0042,20160303,PRCP,0,,,N,0600
US1TXAT0042,20160304,PRCP,0,,,N,0600
US1TXAT0042,20160305,PRCP,0,,,N,0600
US1TXAT0042,20160306,PRCP,0,,,N,0600
US1TXAT0042,20160307,PRCP,0,T,,N,0600
US1TXAT0042,20160308,PRCP,0,,,N,0600
US1TXAT0042,20160309,PRCP,10,,,N,0600
US1TXAT0042,20160310,PRCP,112,,,N,0600
US1TXAT0042,20160311,PRCP,71,,,N,0600
US1TXAT0042,20160312,PRCP,15,,,N,0600
US1TXAT0042,20160313,PRCP,0,,,N,0600
US1TXAT0042,20160314,PRCP,0,,,N,0600
US1TXAT0042,20160315,PRCP,0,,,N,0600
US1TXAT0042,20160316,PRCP,0,,,N,0600
US1TXAT0042,20160317,PRCP,0,,,N,0600
US1TXAT0042,20160318,PRCP,0,,,N,0600
US1TXAT0042,20160319,PRCP,234,,,N,0600
US1TXAT0042,20160320,PRCP,0,,,N,0828
US1TXAT0042,20160321,PRCP,0,,,N,0600
US1TXAT0042,20160322,PRCP,0,,,N,0600
US1TXAT0042,20160324,PRCP,48,,,N,0600
US1TXAT0042,20160325,PRCP,0,,,N,0600
US1TXAT0042,20160326,PRCP,0,,,N,0600
US1TXAT0042,20160327,PRCP,0,,,N,0800
US1TXAT0042,20160328,PRCP,0,T,,N,0600
US1TXAT0042,20160329,PRCP,0,,,N,0600
US1TXAT0042,20160330,PRCP,10,,,N,0600
US1TXAT0042,20160331,PRCP,5,,,N,0600
US1TXAT0042,20160302,SNOW,0,,,N,0600
US1TXAT0042,20160303,SNOW,0,,,N,0600
US1TXAT0042,20160304,SNOW,0,,,N,0600
US1TXAT0042,20160305,SNOW,0,,,N,0600
US1TXAT0042,20160306,SNOW,0,,,N,0600
US1TXAT0042,20160310,SNOW,0,,,N,0600
US1TXAT0042,20160311,SNOW,0,,,N,0600
US1TXAT0042,20160312,SNOW,0,,,N,0600
US1TXAT0042,20160313,SNOW,0,,,N,0600
US1TXAT0042,20160314,SNOW,0,,,N,0600
US1TXAT0042,20160315,SNOW,0,,,N,0600
US1TXAT0042,20160316,SNOW,0,,,N,0600
US1TXAT0042,20160317,SNOW,0,,,N,0600
US1TXAT0042,20160318,SNOW,0,,,N,0600
US1TXAT0042,20160319,SNOW,0,,,N,0600
US1TXAT0042,20160320,SNOW,0,,,N,0828
US1TXAT0042,20160321,SNOW,0,,,N,0600
US1TXAT0042,20160322,SNOW,0,,,N,0600
US1TXAT0042,20160324,SNOW,0,,,N,0600
US1TXAT0042,20160325,SNOW,0,,,N,0600
US1TXAT0042,20160326,SNOW,0,,,N,0600
US1TXAT0042,20160327,SNOW,0,,,N,0800
US1TXAT0042,20160328,SNOW,0,,,N,0600
US1TXAT0042,20160329,SNOW,0,,,N,0600
US1TXAT0042,20160330,SNOW,0,,,N,0600
US1TXAT0042,20160331,SNOW,0,,,N,0600
US1TXAT0042,20160302,SNWD,0,,,N,0600
US1TXAT0042,20160303,SNWD,0,,,N,0600
US1TXAT0042,20160304,SNWD,0,,,N,0600
US1TXAT0042,20160305,SNWD,0,,,N,0600
US1TXAT0042,20160306,SNWD,0,,,N,0600
US1TXAT0042,20160310,SNWD,0,,,N,0600
US1TXAT0042,20160311,SNWD,0,,,N,0600
US1TXAT0042,20160312,SNWD,0,,,N,0600
US1TXAT0042,20160313,SNWD,0,,,N,0600
US1TXAT0042,20160314,SNWD,0,,,N,0600
US1TXAT0042,20160315,SNWD,0,,,N,0600
US1TXAT0042,20160316,SNWD,0,,,N,0600
US1TXAT0042,20160317,SNWD,0,,,N,0600
US1TXAT0042,20160318,SNWD,0,,,N,0600
US1TXAT0042,20160319,SNWD,0,,,N,0600
US1TXAT0042,20160320,SNWD,0,,,N,0828
US1TXAT0042,20160321,SNWD,0,,,N,0600
US1TXAT0042,20160322,SNWD,0,,,N,0600
US1TXAT0042,20160324,SNWD,0,,,N,0600
US1TXAT0042,20160325,SNWD,0,,,N,0600
US1TXAT0042,20160326,SNWD,0,,,N,0600
US1TXAT0042,20160327,SNWD,0,,,N,0800
US1TXAT0042,20160328,SNWD,0,,,N,0600
US1TXAT0042,20160329,SNWD,0,,,N,0600
US1TXAT0042,20160330,SNWD,0,,,N,0600
US1TXAT0042,20160331,SNWD,0,,,N,0600
US1TXAT0042,20160302,WESD,0,,,N,0600
US1TXAT0042,20160303,WESD,0,,,N,0600
US1TXAT0042,20160304,WESD,0,,,N,0600
US1TXAT0042,20160305,WESD,0,,,N,0600
US1TXAT0042,20160306,WESD,0,,,N,0600
US1TXAT0042,20160310,WESD,0,,,N,0600
US1TXAT0042,20160311,WESD,0,,,N,0600
US1TXAT0042,20160312,WESD,0,,,N,0600
US1TXAT0042,20160313,WESD,0,,,N,0600
US1TXAT0042,20160314,WESD,0,,,N,0600
US1TXAT0042,20160315,WESD,0,,,N,0600
US1TXAT0042,20160316,WESD,0,,,N,0600
US1TXAT0042,20160317,WESD,0,,,N,0600
US1TXAT0042,20160318,WESD,0,,,N,0600
US1TXAT0042,20160319,WESD,0,,,N,0600
US1TXAT0042,20160320,WESD,0,,,N,0828
US1TXAT0042,20160321,WESD,0,,,N,0600
US1TXAT0042,20160322,WESD,0,,,N,0600
US1TXAT0042,20160324,WESD,0,,,N,0600
US1TXAT0042,20160325,WESD,0,,,N,0600
US1TXAT0042,20160326,WESD,0,,,N,0600
US1TXAT0042,20160327,WESD,0,,,N,0800
US1TXAT0042,20160328,WESD,0,,,N,0600
US1TXAT0042,20160329,WESD,0,,,N,0600
US1TXAT0042,20160330,WESD,0,,,N,0600
US1TXAT0042,20160331,WESD,0,,,N,0600
US1TXAT0042,20160302,WESF,0,,,N,0600
US1TXAT0042,20160303,WESF,0,,,N,0600
US1TXAT0042,20160304,WESF,0,,,N,0600
US1TXAT0042,20160305,WESF,0,,,N,0600
US1TXAT0042,20160306,WESF,0,,,N,0600
US1TXAT0042,20160310,WESF,0,,,N,0600
US1TXAT0042,20160311,WESF,0,,,N,0600
US1TXAT0042,20160312,WESF,0,,,N,0600
US1TXAT0042,20160313,WESF,0,,,N,0600
US1TXAT0042,20160314,WESF,0,,,N,0600
US1TXAT0042,20160315,WESF,0,,,N,0600
US1TXAT0042,20160316,WESF,0,,,N,0600
US1TXAT0042,20160317,WESF,0,,,N,0600
US1TXAT0042,20160318,WESF,0,,,N,0600
US1TXAT0042,20160319,WESF,0,,,N,0600
US1TXAT0042,20160320,WESF,0,,,N,0828
US1TXAT0042,20160321,WESF,0,,,N,0600
US1TXAT0042,20160322,WESF,0,,,N,0600
US1TXAT0042,20160324,WESF,0,,,N,0600
US1TXAT0042,20160325,WESF,0,,,N,0600
US1TXAT0042,20160326,WESF,0,,,N,0600
US1TXAT0042,20160327,WESF,0,,,N,0800
US1TXAT0042,20160328,WESF,0,,,N,0600
US1TXAT0042,20160329,WESF,0,,,N,0600
US1TXAT0042,20160330,WESF,0,,,N,0600
US1TXAT0042,20160331,WESF,0,,,N,0600
US1TXAT0042,20160401,PRCP,8,,,N,0600
US1TXAT0042,20160402,PRCP,0,,,N,0600
US1TXAT0042,20160403,PRCP,0,,,N,0810
US1TXAT0042,20160404,PRCP,0,,,N,0600
US1TXAT0042,20160405,PRCP,0,,,N,0600
US1TXAT0042,20160406,PRCP,0,,,N,0600
US1TXAT0042,20160407,PRCP,0,,,N,0600
US1TXAT0042,20160408,PRCP,0,,,N,0600
US1TXAT0042,20160409,PRCP,0,T,,N,0600
US1TXAT0042,20160410,PRCP,0,,,N,0600
US1TXAT0042,20160411,PRCP,3,,,N,0600
US1TXAT0042,20160412,PRCP,0,T,,N,0600
US1TXAT0042,20160413,PRCP,269,,,N,0600
US1TXAT0042,20160414,PRCP,0,,,N,0600
US1TXAT0042,20160415,PRCP,0,,,N,0600
US1TXAT0042,20160416,PRCP,8,,,N,0600
US1TXAT0042,20160417,PRCP,10,,,N,0900
US1TXAT0042,20160418,PRCP,683,,,N,0600
US1TXAT0042,20160419,PRCP,163,,,N,0600
US1TXAT0042,20160420,PRCP,0,,,N,2050
US1TXAT0042,20160421,PRCP,0,,,N,0600
US1TXAT0042,20160422,PRCP,0,,,N,0600
US1TXAT0042,20160423,PRCP,0,,,N,0600
US1TXAT0042,20160424,PRCP,0,,,N,0600
US1TXAT0042,20160425,PRCP,0,,,N,0600
US1TXAT0042,20160426,PRCP,33,,,N,0600
US1TXAT0042,20160427,PRCP,8,,,N,0600
US1TXAT0042,20160428,PRCP,0,,,N,0600
US1TXAT0042,20160429,PRCP,0,,,N,0600
US1TXAT0042,20160430,PRCP,10,,,N,0800
US1TXAT0042,20160401,SNOW,0,,,N,0600
US1TXAT0042,20160402,SNOW,0,,,N,0600
US1TXAT0042,20160403,SNOW,0,,,N,0810
US1TXAT0042,20160404,SNOW,0,,,N,0600
US1TXAT0042,20160405,SNOW,0,,,N,0600
US1TXAT0042,20160406,SNOW,0,,,N,0600
US1TXAT0042,20160407,SNOW,0,,,N,0600
US1TXAT0042,20160410,SNOW,0,,,N,0600
US1TXAT0042,20160416,SNOW,0,,,N,0600
US1TXAT0042,20160418,SNOW,0,,,N,0600
US1TXAT0042,20160419,SNOW,0,,,N,0600
US1TXAT0042,20160426,SNOW,0,,,N,0600
US1TXAT0042,20160427,SNOW,0,,,N,0600
US1TXAT0042,20160428,SNOW,0,,,N,0600
US1TXAT0042,20160430,SNOW,0,,,N,0800
US1TXAT0042,20160401,SNWD,0,,,N,0600
US1TXAT0042,20160402,SNWD,0,,,N,0600
US1TXAT0042,20160403,SNWD,0,,,N,0810
US1TXAT0042,20160404,SNWD,0,,,N,0600
US1TXAT0042,20160405,SNWD,0,,,N,0600
US1TXAT0042,20160406,SNWD,0,,,N,0600
US1TXAT0042,20160407,SNWD,0,,,N,0600
US1TXAT0042,20160410,SNWD,0,,,N,0600
US1TXAT0042,20160416,SNWD,0,,,N,0600
US1TXAT0042,20160418,SNWD,0,,,N,0600
US1TXAT0042,20160419,SNWD,0,,,N,0600
US1TXAT0042,20160426,SNWD,0,,,N,0600
US1TXAT0042,20160427,SNWD,0,,,N,0600
US1TXAT0042,20160428,SNWD,0,,,N,0600
US1TXAT0042,20160430,SNWD,0,,,N,0800
US1TXAT0042,20160401,WESD,0,,,N,0600
US1TXAT0042,20160402,WESD,0,,,N,0600
US1TXAT0042,20160403,WESD,0,,,N,0810
US1TXAT0042,20160404,WESD,0,,,N,0600
US1TXAT0042,20160405,WESD,0,,,N,0600
US1TXAT0042,20160406,WESD,0,,,N,0600
US1TXAT0042,20160407,WESD,0,,,N,0600
US1TXAT0042,20160410,WESD,0,,,N,0600
US1TXAT0042,20160416,WESD,0,,,N,0600
US1TXAT0042,20160418,WESD,0,,,N,0600
US1TXAT0042,20160419,WESD,0,,,N,0600
US1TXAT0042,20160426,WESD,0,,,N,0600
US1TXAT0042,20160427,WESD,0,,,N,0600
US1TXAT0042,20160428,WESD,0,,,N,0600
US1TXAT0042,20160430,WESD,0,,,N,0800
US1TXAT0042,20160401,WESF,0,,,N,0600
US1TXAT0042,20160402,WESF,0,,,N,0600
US1TXAT0042,20160403,WESF,0,,,N,0810
US1TXAT0042,20160404,WESF,0,,,N,0600
US1TXAT0042,20160405,WESF,0,,,N,0600
US1TXAT0042,20160406,WESF,0,,,N,0600
US1TXAT0042,20160407,WESF,0,,,N,0600
US1TXAT0042,20160410,WESF,0,,,N,0600
US1TXAT0042,20160416,WESF,0,,,N,0600
US1TXAT0042,20160418,WESF,0,,,N,0600
US1TXAT0042,20160419,WESF,0,,,N,0600
US1TXAT0042,20160426,WESF,0,,,N,0600
US1TXAT0042,20160427,WESF,0,,,N,0600
US1TXAT0042,20160428,WESF,0,,,N,0600
US1TXAT0042,20160430,WESF,0,,,N,0800
US1TXAT0042,20160501,PRCP,0,T,,N,0600
US1TXAT0042,20160502,PRCP,0,,,N,0600
US1TXAT0042,20160503,PRCP,0,,,N,0600
US1TXAT0042,20160504,PRCP,0,,,N,0600
US1TXAT0042,20160505,PRCP,0,,,N,0600
US1TXAT0042,20160506,PRCP,0,,,N,0600
US1TXAT0042,20160507,PRCP,0,,,N,0745
US1TXAT0042,20160508,PRCP,0,,,N,0600
US1TXAT0042,20160509,PRCP,10,,,N,0600
US1TXAT0042,20160510,PRCP,0,,,N,0600
US1TXAT0042,20160511,PRCP,0,,,N,0600
US1TXAT0042,20160512,PRCP,0,,,N,0600
US1TXAT0042,20160513,PRCP,0,,,N,0600
US1TXAT0042,20160514,PRCP,0,,,N,0600
US1TXAT0042,20160515,PRCP,102,,,N,0600
US1TXAT0042,20160516,PRCP,53,,,N,0600
US1TXAT0042,20160517,PRCP,0,,,N,0600
US1TXAT0042,20160518,PRCP,5,,,N,0600
US1TXAT0042,20160519,PRCP,0,,,N,0600
US1TXAT0042,20160520,PRCP,404,,,N,0600
US1TXAT0042,20160521,PRCP,0,T,,N,0600
US1TXAT0042,20160522,PRCP,0,,,N,0800
US1TXAT0042,20160523,PRCP,0,,,N,0600
US1TXAT0042,20160524,PRCP,0,,,N,0600
US1TXAT0042,20160525,PRCP,0,,,N,0600
US1TXAT0042,20160526,PRCP,0,,,N,0600
US1TXAT0042,20160527,PRCP,0,,,N,0600
US1TXAT0042,20160528,PRCP,0,,,N,0600
US1TXAT0042,20160529,PRCP,234,,,N,0600
US1TXAT0042,20160530,PRCP,0,,,N,0600
US1TXAT0042,20160531,PRCP,30,,,N,0600
US1TXAT0042,20160501,SNOW,0,,,N,0600
US1TXAT0042,20160503,SNOW,0,,,N,0600
US1TXAT0042,20160504,SNOW,0,,,N,0600
US1TXAT0042,20160505,SNOW,0,,,N,0600
US1TXAT0042,20160506,SNOW,0,,,N,0600
US1TXAT0042,20160507,SNOW,0,,,N,0745
US1TXAT0042,20160508,SNOW,0,,,N,0600
US1TXAT0042,20160509,SNOW,0,,,N,0600
US1TXAT0042,20160510,SNOW,0,,,N,0600
US1TXAT0042,20160511,SNOW,0,,,N,0600
US1TXAT0042,20160512,SNOW,0,,,N,0600
US1TXAT0042,20160513,SNOW,0,,,N,0600
US1TXAT0042,20160514,SNOW,0,,,N,0600
US1TXAT0042,20160515,SNOW,0,,,N,0600
US1TXAT0042,20160516,SNOW,0,,,N,0600
US1TXAT0042,20160517,SNOW,0,,,N,0600
US1TXAT0042,20160518,SNOW,0,,,N,0600
US1TXAT0042,20160519,SNOW,0,,,N,0600
US1TXAT0042,20160520,SNOW,0,,,N,0600
US1TXAT0042,20160521,SNOW,0,,,N,0600
US1TXAT0042,20160522,SNOW,0,,,N,0800
US1TXAT0042,20160523,SNOW,0,,,N,0600
US1TXAT0042,20160524,SNOW,0,,,N,0600
US1TXAT0042,20160525,SNOW,0,,,N,0600
US1TXAT0042,20160526,SNOW,0,,,N,0600
US1TXAT0042,20160527,SNOW,0,,,N,0600
US1TXAT0042,20160528,SNOW,0,,,N,0600
US1TXAT0042,20160529,SNOW,0,,,N,0600
US1TXAT0042,20160530,SNOW,0,,,N,0600
US1TXAT0042,20160531,SNOW,0,,,N,0600
US1TXAT0042,20160501,SNWD,0,,,N,0600
US1TXAT0042,20160503,SNWD,0,,,N,0600
US1TXAT0042,20160504,SNWD,0,,,N,0600
US1TXAT0042,20160505,SNWD,0,,,N,0600
US1TXAT0042,20160506,SNWD,0,,,N,0600
US1TXAT0042,20160507,SNWD,0,,,N,0745
US1TXAT0042,20160508,SNWD,0,,,N,0600
US1TXAT0042,20160509,SNWD,0,,,N,0600
US1TXAT0042,20160510,SNWD,0,,,N,0600
US1TXAT0042,20160511,SNWD,0,,,N,0600
US1TXAT0042,20160512,SNWD,0,,,N,0600
US1TXAT0042,20160513,SNWD,0,,,N,0600
US1TXAT0042,20160514,SNWD,0,,,N,0600
US1TXAT0042,20160515,SNWD,0,,,N,0600
US1TXAT0042,20160516,SNWD,0,,,N,0600
US1TXAT0042,20160517,SNWD,0,,,N,0600
US1TXAT0042,20160518,SNWD,0,,,N,0600
US1TXAT0042,20160519,SNWD,0,,,N,0600
US1TXAT0042,20160520,SNWD,0,,,N,0600
US1TXAT0042,20160521,SNWD,0,,,N,0600
US1TXAT0042,20160522,SNWD,0,,,N,0800
US1TXAT0042,20160523,SNWD,0,,,N,0600
US1TXAT0042,20160524,SNWD,0,,,N,0600
US1TXAT0042,20160525,SNWD,0,,,N,0600
US1TXAT0042,20160526,SNWD,0,,,N,0600
US1TXAT0042,20160527,SNWD,0,,,N,0600
US1TXAT0042,20160528,SNWD,0,,,N,0600
US1TXAT0042,20160529,SNWD,0,,,N,0600
US1TXAT0042,20160530,SNWD,0,,,N,0600
US1TXAT0042,20160531,SNWD,0,,,N,0600
US1TXAT0042,20160501,WESD,0,,,N,0600
US1TXAT0042,20160503,WESD,0,,,N,0600
US1TXAT0042,20160504,WESD,0,,,N,0600
US1TXAT0042,20160505,WESD,0,,,N,0600
US1TXAT0042,20160506,WESD,0,,,N,0600
US1TXAT0042,20160507,WESD,0,,,N,0745
US1TXAT0042,20160508,WESD,0,,,N,0600
US1TXAT0042,20160509,WESD,0,,,N,0600
US1TXAT0042,20160510,WESD,0,,,N,0600
US1TXAT0042,20160511,WESD,0,,,N,0600
US1TXAT0042,20160512,WESD,0,,,N,0600
US1TXAT0042,20160513,WESD,0,,,N,0600
US1TXAT0042,20160514,WESD,0,,,N,0600
US1TXAT0042,20160515,WESD,0,,,N,0600
US1TXAT0042,20160516,WESD,0,,,N,0600
US1TXAT0042,20160517,WESD,0,,,N,0600
US1TXAT0042,20160518,WESD,0,,,N,0600
US1TXAT0042,20160519,WESD,0,,,N,0600
US1TXAT0042,20160520,WESD,0,,,N,0600
US1TXAT0042,20160521,WESD,0,,,N,0600
US1TXAT0042,20160522,WESD,0,,,N,0800
US1TXAT0042,20160523,WESD,0,,,N,0600
US1TXAT0042,20160524,WESD,0,,,N,0600
US1TXAT0042,20160525,WESD,0,,,N,0600
US1TXAT0042,20160526,WESD,0,,,N,0600
US1TXAT0042,20160527,WESD,0,,,N,0600
US1TXAT0042,20160528,WESD,0,,,N,0600
US1TXAT0042,20160529,WESD,0,,,N,0600
US1TXAT0042,20160530,WESD,0,,,N,0600
US1TXAT0042,20160531,WESD,0,,,N,0600
US1TXAT0042,20160501,WESF,0,,,N,0600
US1TXAT0042,20160503,WESF,0,,,N,0600
US1TXAT0042,20160504,WESF,0,,,N,0600
US1TXAT0042,20160505,WESF,0,,,N,0600
US1TXAT0042,20160506,WESF,0,,,N,0600
US1TXAT0042,20160507,WESF,0,,,N,0745
US1TXAT0042,20160508,WESF,0,,,N,0600
US1TXAT0042,20160509,WESF,0,,,N,0600
US1TXAT0042,20160510,WESF,0,,,N,0600
US1TXAT0042,20160511,WESF,0,,,N,0600
US1TXAT0042,20160512,WESF,0,,,N,0600
US1TXAT0042,20160513,WESF,0,,,N,0600
US1TXAT0042,20160514,WESF,0,,,N,0600
US1TXAT0042,20160515,WESF,0,,,N,0600
US1TXAT0042,20160516,WESF,0,,,N,0600
US1TXAT0042,20160517,WESF,0,,,N,0600
US1TXAT0042,20160518,WESF,0,,,N,0600
US1TXAT0042,20160519,WESF,0,,,N,0600
US1TXAT0042,20160520,WESF,0,,,N,0600
US1TXAT0042,20160521,WESF,0,,,N,0600
US1TXAT0042,20160522,WESF,0,,,N,0800
US1TXAT0042,20160523,WESF,0,,,N,0600
US1TXAT0042,20160524,WESF,0,,,N,0600
US1TXAT0042,20160525,WESF,0,,,N,0600
US1TXAT0042,20160526,WESF,0,,,N,0600
US1TXAT0042,20160527,WESF,0,,,N,0600
US1TXAT0042,20160528,WESF,0,,,N,0600
US1TXAT0042,20160529,WESF,0,,,N,0600
US1TXAT0042,20160530,WESF,0,,,N,0600
US1TXAT0042,20160531,WESF,0,,,N,0600
US1TXAT0042,20160601,PRCP,330,,,N,0600
US1TXAT0042,20160602,PRCP,79,,,N,0600
US1TXAT0042,20160603,PRCP,135,,,N,0600
US1TXAT0042,20160604,PRCP,8,,,N,0830
US1TXAT0042,20160605,PRCP,61,,,N,0830
US1TXAT0042,20160606,PRCP,0,,,N,0600
US1TXAT0042,20160607,PRCP,0,,,N,0600
US1TXAT0042,20160608,PRCP,0,,,N,0600
US1TXAT0042,20160609,PRCP,0,,,N,0600
US1TXAT0042,20160611,PRCP,0,,,N,0600
US1TXAT0042,20160612,PRCP,0,,,N,0600
US1TXAT0042,20160613,PRCP,0,,,N,0600
US1TXAT0042,20160614,PRCP,0,,,N,0600
US1TXAT0042,20160615,PRCP,0,,,N,0600
US1TXAT0042,20160616,PRCP,0,,,N,0600
US1TXAT0042,20160617,PRCP,0,,,N,0600
US1TXAT0042,20160618,PRCP,0,,,N,0600
US1TXAT0042,20160619,PRCP,0,,,N,0600
US1TXAT0042,20160620,PRCP,0,,,N,0600
US1TXAT0042,20160621,PRCP,56,,,N,0600
US1TXAT0042,20160622,PRCP,0,,,N,0600
US1TXAT0042,20160623,PRCP,0,,,N,0600
US1TXAT0042,20160624,PRCP,0,,,N,0600
US1TXAT0042,20160625,PRCP,0,,,N,0600
US1TXAT0042,20160626,PRCP,53,,,N,2100
US1TXAT0042,20160627,PRCP,0,,,N,0600
US1TXAT0042,20160628,PRCP,0,,,N,0600
US1TXAT0042,20160629,PRCP,0,,,N,0600
US1TXAT0042,20160630,PRCP,0,,,N,0600
US1TXAT0042,20160601,SNOW,0,,,N,0600
US1TXAT0042,20160602,SNOW,0,,,N,0600
US1TXAT0042,20160603,SNOW,0,,,N,0600
US1TXAT0042,20160604,SNOW,0,,,N,0830
US1TXAT0042,20160605,SNOW,0,,,N,0830
US1TXAT0042,20160606,SNOW,0,,,N,0600
US1TXAT0042,20160607,SNOW,0,,,N,0600
US1TXAT0042,20160608,SNOW,0,,,N,0600
US1TXAT0042,20160609,SNOW,0,,,N,0600
US1TXAT0042,20160611,SNOW,0,,,N,0600
US1TXAT0042,20160612,SNOW,0,,,N,0600
US1TXAT0042,20160613,SNOW,0,,,N,0600
US1TXAT0042,20160614,SNOW,0,,,N,0600
US1TXAT0042,20160615,SNOW,0,,,N,0600
US1TXAT0042,20160616,SNOW,0,,,N,0600
US1TXAT0042,20160617,SNOW,0,,,N,0600
US1TXAT0042,20160618,SNOW,0,,,N,0600
US1TXAT0042,20160619,SNOW,0,,,N,0600
US1TXAT0042,20160620,SNOW,0,,,N,0600
US1TXAT0042,20160621,SNOW,0,,,N,0600
US1TXAT0042,20160622,SNOW,0,,,N,0600
US1TXAT0042,20160623,SNOW,0,,,N,0600
US1TXAT0042,20160624,SNOW,0,,,N,0600
US1TXAT0042,20160625,SNOW,0,,,N,0600
US1TXAT0042,20160626,SNOW,0,,,N,2100
US1TXAT0042,20160627,SNOW,0,,,N,0600
US1TXAT0042,20160628,SNOW,0,,,N,0600
US1TXAT0042,20160629,SNOW,0,,,N,0600
US1TXAT0042,20160630,SNOW,0,,,N,0600
US1TXAT0042,20160601,SNWD,0,,,N,0600
US1TXAT0042,20160602,SNWD,0,,,N,0600
US1TXAT0042,20160603,SNWD,0,,,N,0600
US1TXAT0042,20160604,SNWD,0,,,N,0830
US1TXAT0042,20160605,SNWD,0,,,N,0830
US1TXAT0042,20160606,SNWD,0,,,N,0600
US1TXAT0042,20160607,SNWD,0,,,N,0600
US1TXAT0042,20160608,SNWD,0,,,N,0600
US1TXAT0042,20160609,SNWD,0,,,N,0600
US1TXAT0042,20160611,SNWD,0,,,N,0600
US1TXAT0042,20160612,SNWD,0,,,N,0600
US1TXAT0042,20160613,SNWD,0,,,N,0600
US1TXAT0042,20160614,SNWD,0,,,N,0600
US1TXAT0042,20160615,SNWD,0,,,N,0600
US1TXAT0042,20160616,SNWD,0,,,N,0600
US1TXAT0042,20160617,SNWD,0,,,N,0600
US1TXAT0042,20160618,SNWD,0,,,N,0600
US1TXAT0042,20160619,SNWD,0,,,N,0600
US1TXAT0042,20160620,SNWD,0,,,N,0600
US1TXAT0042,20160621,SNWD,0,,,N,0600
US1TXAT0042,20160622,SNWD,0,,,N,0600
US1TXAT0042,20160623,SNWD,0,,,N,0600
US1TXAT0042,20160624,SNWD,0,,,N,0600
US1TXAT0042,20160625,SNWD,0,,,N,0600
US1TXAT0042,20160626,SNWD,0,,,N,2100
US1TXAT0042,20160627,SNWD,0,,,N,0600
US1TXAT0042,20160628,SNWD,0,,,N,0600
US1TXAT0042,20160629,SNWD,0,,,N,0600
US1TXAT0042,20160630,SNWD,0,,,N,0600
US1TXAT0042,20160601,WESD,0,,,N,0600
US1TXAT0042,20160602,WESD,0,,,N,0600
US1TXAT0042,20160603,WESD,0,,,N,0600
US1TXAT0042,20160604,WESD,0,,,N,0830
US1TXAT0042,20160605,WESD,0,,,N,0830
US1TXAT0042,20160606,WESD,0,,,N,0600
US1TXAT0042,20160607,WESD,0,,,N,0600
US1TXAT0042,20160608,WESD,0,,,N,0600
US1TXAT0042,20160609,WESD,0,,,N,0600
US1TXAT0042,20160611,WESD,0,,,N,0600
US1TXAT0042,20160612,WESD,0,,,N,0600
US1TXAT0042,20160613,WESD,0,,,N,0600
US1TXAT0042,20160614,WESD,0,,,N,0600
US1TXAT0042,20160615,WESD,0,,,N,0600
US1TXAT0042,20160616,WESD,0,,,N,0600
US1TXAT0042,20160617,WESD,0,,,N,0600
US1TXAT0042,20160618,WESD,0,,,N,0600
US1TXAT0042,20160619,WESD,0,,,N,0600
US1TXAT0042,20160620,WESD,0,,,N,0600
US1TXAT0042,20160621,WESD,0,,,N,0600
US1TXAT0042,20160622,WESD,0,,,N,0600
US1TXAT0042,20160623,WESD,0,,,N,0600
US1TXAT0042,20160624,WESD,0,,,N,0600
US1TXAT0042,20160625,WESD,0,,,N,0600
US1TXAT0042,20160626,WESD,0,,,N,2100
US1TXAT0042,20160627,WESD,0,,,N,0600
US1TXAT0042,20160628,WESD,0,,,N,0600
US1TXAT0042,20160629,WESD,0,,,N,0600
US1TXAT0042,20160630,WESD,0,,,N,0600
US1TXAT0042,20160601,WESF,0,,,N,0600
US1TXAT0042,20160602,WESF,0,,,N,0600
US1TXAT0042,20160603,WESF,0,,,N,0600
US1TXAT0042,20160604,WESF,0,,,N,0830
US1TXAT0042,20160605,WESF,0,,,N,0830
US1TXAT0042,20160606,WESF,0,,,N,0600
US1TXAT0042,20160607,WESF,0,,,N,0600
US1TXAT0042,20160608,WESF,0,,,N,0600
US1TXAT0042,20160609,WESF,0,,,N,0600
US1TXAT0042,20160611,WESF,0,,,N,0600
US1TXAT0042,20160612,WESF,0,,,N,0600
US1TXAT0042,20160613,WESF,0,,,N,0600
US1TXAT0042,20160614,WESF,0,,,N,0600
US1TXAT0042,20160615,WESF,0,,,N,0600
US1TXAT0042,20160616,WESF,0,,,N,0600
US1TXAT0042,20160617,WESF,0,,,N,0600
US1TXAT0042,20160618,WESF,0,,,N,0600
US1TXAT0042,20160619,WESF,0,,,N,0600
US1TXAT0042,20160620,WESF,0,,,N,0600
US1TXAT0042,20160621,WESF,0,,,N,0600
US1TXAT0042,20160622,WESF,0,,,N,0600
US1TXAT0042,20160623,WESF,0,,,N,0600
US1TXAT0042,20160624,WESF,0,,,N,0600
US1TXAT0042,20160625,WESF,0,,,N,0600
US1TXAT0042,20160626,WESF,0,,,N,2100
US1TXAT0042,20160627,WESF,0,,,N,0600
US1TXAT0042,20160628,WESF,0,,,N,0600
US1TXAT0042,20160629,WESF,0,,,N,0600
US1TXAT0042,20160630,WESF,0,,,N,0600
US1TXAT0042,20160701,PRCP,0,,,N,0600
US1TXAT0042,20160702,PRCP,0,,,N,0600
US1TXAT0042,20160703,PRCP,0,,,N,1643
US1TXAT0042,20160704,PRCP,0,,,N,0600
US1TXAT0042,20160705,PRCP,0,,,N,0600
US1TXAT0042,20160706,PRCP,0,,,N,0600
US1TXAT0042,20160707,PRCP,0,,,N,0600
US1TXAT0042,20160708,PRCP,0,,,N,0600
US1TXAT0042,20160709,PRCP,0,,,N,0839
US1TXAT0042,20160710,PRCP,0,,,N,0600
US1TXAT0042,20160711,PRCP,0,,,N,0600
US1TXAT0042,20160712,PRCP,0,,,N,0600
US1TXAT0042,20160713,PRCP,0,,,N,0600
US1TXAT0042,20160714,PRCP,0,,,N,0600
US1TXAT0042,20160715,PRCP,0,,,N,0600
US1TXAT0042,20160716,PRCP,0,,,N,0730
US1TXAT0042,20160717,PRCP,0,,,N,0600
US1TXAT0042,20160718,PRCP,0,,,N,0600
US1TXAT0042,20160719,PRCP,0,,,N,0600
US1TXAT0042,20160720,PRCP,23,,,N,0600
US1TXAT0042,20160721,PRCP,0,,,N,0600
US1TXAT0042,20160722,PRCP,0,,,N,0600
US1TXAT0042,20160723,PRCP,0,,,N,0759
US1TXAT0042,20160724,PRCP,0,,,N,1015
US1TXAT0042,20160725,PRCP,0,,,N,0600
US1TXAT0042,20160726,PRCP,51,,,N,0600
US1TXAT0042,20160727,PRCP,246,,,N,0600
US1TXAT0042,20160728,PRCP,3,,,N,0600
US1TXAT0042,20160729,PRCP,196,,,N,0600
US1TXAT0042,20160730,PRCP,0,,,N,0900
US1TXAT0042,20160731,PRCP,0,,,N,0900
US1TXAT0042,20160701,SNOW,0,,,N,0600
US1TXAT0042,20160702,SNOW,0,,,N,0600
US1TXAT0042,20160703,SNOW,0,,,N,1643
US1TXAT0042,20160704,SNOW,0,,,N,0600
US1TXAT0042,20160705,SNOW,0,,,N,0600
US1TXAT0042,20160706,SNOW,0,,,N,0600
US1TXAT0042,20160707,SNOW,0,,,N,0600
US1TXAT0042,20160708,SNOW,0,,,N,0600
US1TXAT0042,20160709,SNOW,0,,,N,0839
US1TXAT0042,20160710,SNOW,0,,,N,0600
US1TXAT0042,20160711,SNOW,0,,,N,0600
US1TXAT0042,20160712,SNOW,0,,,N,0600
US1TXAT0042,20160713,SNOW,0,,,N,0600
US1TXAT0042,20160714,SNOW,0,,,N,0600
US1TXAT0042,20160715,SNOW,0,,,N,0600
US1TXAT0042,20160716,SNOW,0,,,N,0730
US1TXAT0042,20160717,SNOW,0,,,N,0600
US1TXAT0042,20160718,SNOW,0,,,N,0600
US1TXAT0042,20160719,SNOW,0,,,N,0600
US1TXAT0042,20160720,SNOW,0,,,N,0600
US1TXAT0042,20160721,SNOW,0,,,N,0600
US1TXAT0042,20160722,SNOW,0,,,N,0600
US1TXAT0042,20160723,SNOW,0,,,N,0759
US1TXAT0042,20160724,SNOW,0,,,N,1015
US1TXAT0042,20160725,SNOW,0,,,N,0600
US1TXAT0042,20160726,SNOW,0,,,N,0600
US1TXAT0042,20160727,SNOW,0,,,N,0600
US1TXAT0042,20160728,SNOW,0,,,N,0600
US1TXAT0042,20160729,SNOW,0,,,N,0600
US1TXAT0042,20160730,SNOW,0,,,N,0900
US1TXAT0042,20160731,SNOW,0,,,N,0900
US1TXAT0042,20160701,SNWD,0,,,N,0600
US1TXAT0042,20160702,SNWD,0,,,N,0600
US1TXAT0042,20160703,SNWD,0,,,N,1643
US1TXAT0042,20160704,SNWD,0,,,N,0600
US1TXAT0042,20160705,SNWD,0,,,N,0600
US1TXAT0042,20160706,SNWD,0,,,N,0600
US1TXAT0042,20160707,SNWD,0,,,N,0600
US1TXAT0042,20160708,SNWD,0,,,N,0600
US1TXAT0042,20160709,SNWD,0,,,N,0839
US1TXAT0042,20160710,SNWD,0,,,N,0600
US1TXAT0042,20160711,SNWD,0,,,N,0600
US1TXAT0042,20160712,SNWD,0,,,N,0600
US1TXAT0042,20160713,SNWD,0,,,N,0600
US1TXAT0042,20160714,SNWD,0,,,N,0600
US1TXAT0042,20160715,SNWD,0,,,N,0600
US1TXAT0042,20160716,SNWD,0,,,N,0730
US1TXAT0042,20160717,SNWD,0,,,N,0600
US1TXAT0042,20160718,SNWD,0,,,N,0600
US1TXAT0042,20160719,SNWD,0,,,N,0600
US1TXAT0042,20160720,SNWD,0,,,N,0600
US1TXAT0042,20160721,SNWD,0,,,N,0600
US1TXAT0042,20160722,SNWD,0,,,N,0600
US1TXAT0042,20160723,SNWD,0,,,N,0759
US1TXAT0042,20160724,SNWD,0,,,N,1015
US1TXAT0042,20160725,SNWD,0,,,N,0600
US1TXAT0042,20160726,SNWD,0,,,N,0600
US1TXAT0042,20160727,SNWD,0,,,N,0600
US1TXAT0042,20160728,SNWD,0,,,N,0600
US1TXAT0042,20160729,SNWD,0,,,N,0600
US1TXAT0042,20160730,SNWD,0,,,N,0900
US1TXAT0042,20160731,SNWD,0,,,N,0900
US1TXAT0042,20160701,WESD,0,,,N,0600
US1TXAT0042,20160702,WESD,0,,,N,0600
US1TXAT0042,20160703,WESD,0,,,N,1643
US1TXAT0042,20160704,WESD,0,,,N,0600
US1TXAT0042,20160705,WESD,0,,,N,0600
US1TXAT0042,20160706,WESD,0,,,N,0600
US1TXAT0042,20160707,WESD,0,,,N,0600
US1TXAT0042,20160708,WESD,0,,,N,0600
US1TXAT0042,20160709,WESD,0,,,N,0839
US1TXAT0042,20160710,WESD,0,,,N,0600
US1TXAT0042,20160711,WESD,0,,,N,0600
US1TXAT0042,20160712,WESD,0,,,N,0600
US1TXAT0042,20160713,WESD,0,,,N,0600
US1TXAT0042,20160714,WESD,0,,,N,0600
US1TXAT0042,20160715,WESD,0,,,N,0600
US1TXAT0042,20160716,WESD,0,,,N,0730
US1TXAT0042,20160717,WESD,0,,,N,0600
US1TXAT0042,20160718,WESD,0,,,N,0600
US1TXAT0042,20160719,WESD,0,,,N,0600
US1TXAT0042,20160720,WESD,0,,,N,0600
US1TXAT0042,20160721,WESD,0,,,N,0600
US1TXAT0042,20160722,WESD,0,,,N,0600
US1TXAT0042,20160723,WESD,0,,,N,0759
US1TXAT0042,20160724,WESD,0,,,N,1015
US1TXAT0042,20160725,WESD,0,,,N,0600
US1TXAT0042,20160726,WESD,0,,,N,0600
US1TXAT0042,20160727,WESD,0,,,N,0600
US1TXAT0042,20160728,WESD,0,,,N,0600
US1TXAT0042,20160729,WESD,0,,,N,0600
US1TXAT0042,20160730,WESD,0,,,N,0900
US1TXAT0042,20160731,WESD,0,,,N,0900
US1TXAT0042,20160701,WESF,0,,,N,0600
US1TXAT0042,20160702,WESF,0,,,N,0600
US1TXAT0042,20160703,WESF,0,,,N,1643
US1TXAT0042,20160704,WESF,0,,,N,0600
US1TXAT0042,20160705,WESF,0,,,N,0600
US1TXAT0042,20160706,WESF,0,,,N,0600
US1TXAT0042,20160707,WESF,0,,,N,0600
US1TXAT0042,20160708,WESF,0,,,N,0600
US1TXAT0042,20160709,WESF,0,,,N,0839
US1TXAT0042,20160710,WESF,0,,,N,0600
US1TXAT0042,20160711,WESF,0,,,N,0600
US1TXAT0042,20160712,WESF,0,,,N,0600
US1TXAT0042,20160713,WESF,0,,,N,0600
US1TXAT0042,20160714,WESF,0,,,N,0600
US1TXAT0042,20160715,WESF,0,,,N,0600
US1TXAT0042,20160716,WESF,0,,,N,0730
US1TXAT0042,20160717,WESF,0,,,N,0600
US1TXAT0042,20160718,WESF,0,,,N,0600
US1TXAT0042,20160719,WESF,0,,,N,0600
US1TXAT0042,20160720,WESF,0,,,N,0600
US1TXAT0042,20160721,WESF,0,,,N,0600
US1TXAT0042,20160722,WESF,0,,,N,0600
US1TXAT0042,20160723,WESF,0,,,N,0759
US1TXAT0042,20160724,WESF,0,,,N,1015
US1TXAT0042,20160725,WESF,0,,,N,0600
US1TXAT0042,20160726,WESF,0,,,N,0600
US1TXAT0042,20160727,WESF,0,,,N,0600
US1TXAT0042,20160728,WESF,0,,,N,0600
US1TXAT0042,20160729,WESF,0,,,N,0600
US1TXAT0042,20160730,WESF,0,,,N,0900
US1TXAT0042,20160731,WESF,0,,,N,0900
US1TXAT0042,20160801,PRCP,0,,,N,0600
US1TXAT0042,20160802,PRCP,0,,,N,0600
US1TXAT0042,20160803,PRCP,0,,,N,0802
US1TXAT0042,20160804,PRCP,0,,,N,0600
US1TXAT0042,20160805,PRCP,0,,,N,0600
US1TXAT0042,20160806,PRCP,0,,,N,0600
US1TXAT0042,20160807,PRCP,0,,,N,2255
US1TXAT0042,20160808,PRCP,0,,,N,0600
US1TXAT0042,20160809,PRCP,0,,,N,0600
US1TXAT0042,20160810,PRCP,0,,,N,0600
US1TXAT0042,20160811,PRCP,0,,,N,0600
US1TXAT0042,20160812,PRCP,0,,,N,0600
US1TXAT0042,20160813,PRCP,0,,,N,0600
US1TXAT0042,20160814,PRCP,58,,,N,0600
US1TXAT0042,20160815,PRCP,538,,,N,0600
US1TXAT0042,20160816,PRCP,84,,,N,0600
US1TXAT0042,20160817,PRCP,188,,,N,0600
US1TXAT0042,20160818,PRCP,43,,,N,0600
US1TXAT0042,20160819,PRCP,0,,,N,0600
US1TXAT0042,20160820,PRCP,5,,,N,0600
US1TXAT0042,20160821,PRCP,622,,,N,0735
US1TXAT0042,20160822,PRCP,142,,,N,0600
US1TXAT0042,20160823,PRCP,25,,,N,0600
US1TXAT0042,20160824,PRCP,0,,,N,0600
US1TXAT0042,20160825,PRCP,0,,,N,0600
US1TXAT0042,20160826,PRCP,0,,,N,0600
US1TXAT0042,20160827,PRCP,0,,,N,0600
US1TXAT0042,20160828,PRCP,0,,,N,0600
US1TXAT0042,20160829,PRCP,0,,,N,0600
US1TXAT0042,20160830,PRCP,5,,,N,0600
US1TXAT0042,20160831,PRCP,79,,,N,0600
US1TXAT0042,20160801,SNOW,0,,,N,0600
US1TXAT0042,20160802,SNOW,0,,,N,0600
US1TXAT0042,20160803,SNOW,0,,,N,0802
US1TXAT0042,20160804,SNOW,0,,,N,0600
US1TXAT0042,20160805,SNOW,0,,,N,0600
US1TXAT0042,20160806,SNOW,0,,,N,0600
US1TXAT0042,20160807,SNOW,0,,,N,2255
US1TXAT0042,20160808,SNOW,0,,,N,0600
US1TXAT0042,20160809,SNOW,0,,,N,0600
US1TXAT0042,20160810,SNOW,0,,,N,0600
US1TXAT0042,20160811,SNOW,0,,,N,0600
US1TXAT0042,20160812,SNOW,0,,,N,0600
US1TXAT0042,20160813,SNOW,0,,,N,0600
US1TXAT0042,20160814,SNOW,0,,,N,0600
US1TXAT0042,20160815,SNOW,0,,,N,0600
US1TXAT0042,20160816,SNOW,0,,,N,0600
US1TXAT0042,20160817,SNOW,0,,,N,0600
US1TXAT0042,20160818,SNOW,0,,,N,0600
US1TXAT0042,20160819,SNOW,0,,,N,0600
US1TXAT0042,20160820,SNOW,0,,,N,0600
US1TXAT0042,20160821,SNOW,0,,,N,0735
US1TXAT0042,20160822,SNOW,0,,,N,0600
US1TXAT0042,20160823,SNOW,0,,,N,0600
US1TXAT0042,20160824,SNOW,0,,,N,0600
US1TXAT0042,20160825,SNOW,0,,,N,0600
US1TXAT0042,20160826,SNOW,0,,,N,0600
US1TXAT0042,20160827,SNOW,0,,,N,0600
US1TXAT0042,20160828,SNOW,0,,,N,0600
US1TXAT0042,20160829,SNOW,0,,,N,0600
US1TXAT0042,20160830,SNOW,0,,,N,0600
US1TXAT0042,20160831,SNOW,0,,,N,0600
US1TXAT0042,20160801,SNWD,0,,,N,0600
US1TXAT0042,20160802,SNWD,0,,,N,0600
US1TXAT0042,20160803,SNWD,0,,,N,0802
US1TXAT0042,20160804,SNWD,0,,,N,0600
US1TXAT0042,20160805,SNWD,0,,,N,0600
US1TXAT0042,20160806,SNWD,0,,,N,0600
US1TXAT0042,20160807,SNWD,0,,,N,2255
US1TXAT0042,20160808,SNWD,0,,,N,0600
US1TXAT0042,20160809,SNWD,0,,,N,0600
US1TXAT0042,20160810,SNWD,0,,,N,0600
US1TXAT0042,20160811,SNWD,0,,,N,0600
US1TXAT0042,20160812,SNWD,0,,,N,0600
US1TXAT0042,20160813,SNWD,0,,,N,0600
US1TXAT0042,20160814,SNWD,0,,,N,0600
US1TXAT0042,20160815,SNWD,0,,,N,0600
US1TXAT0042,20160816,SNWD,0,,,N,0600
US1TXAT0042,20160817,SNWD,0,,,N,0600
US1TXAT0042,20160818,SNWD,0,,,N,0600
US1TXAT0042,20160819,SNWD,0,,,N,0600
US1TXAT0042,20160820,SNWD,0,,,N,0600
US1TXAT0042,20160821,SNWD,0,,,N,0735
US1TXAT0042,20160822,SNWD,0,,,N,0600
US1TXAT0042,20160823,SNWD,0,,,N,0600
US1TXAT0042,20160824,SNWD,0,,,N,0600
US1TXAT0042,20160825,SNWD,0,,,N,0600
US1TXAT0042,20160826,SNWD,0,,,N,0600
US1TXAT0042,20160827,SNWD,0,,,N,0600
US1TXAT0042,20160828,SNWD,0,,,N,0600
US1TXAT0042,20160829,SNWD,0,,,N,0600
US1TXAT0042,20160830,SNWD,0,,,N,0600
US1TXAT0042,20160831,SNWD,0,,,N,0600
US1TXAT0042,20160801,WESD,0,,,N,0600
US1TXAT0042,20160802,WESD,0,,,N,0600
US1TXAT0042,20160803,WESD,0,,,N,0802
US1TXAT0042,20160804,WESD,0,,,N,0600
US1TXAT0042,20160805,WESD,0,,,N,0600
US1TXAT0042,20160806,WESD,0,,,N,0600
US1TXAT0042,20160807,WESD,0,,,N,2255
US1TXAT0042,20160808,WESD,0,,,N,0600
US1TXAT0042,20160809,WESD,0,,,N,0600
US1TXAT0042,20160810,WESD,0,,,N,0600
US1TXAT0042,20160811,WESD,0,,,N,0600
US1TXAT0042,20160812,WESD,0,,,N,0600
US1TXAT0042,20160813,WESD,0,,,N,0600
US1TXAT0042,20160814,WESD,0,,,N,0600
US1TXAT0042,20160815,WESD,0,,,N,0600
US1TXAT0042,20160816,WESD,0,,,N,0600
US1TXAT0042,20160817,WESD,0,,,N,0600
US1TXAT0042,20160818,WESD,0,,,N,0600
US1TXAT0042,20160819,WESD,0,,,N,0600
US1TXAT0042,20160820,WESD,0,,,N,0600
US1TXAT0042,20160821,WESD,0,,,N,0735
US1TXAT0042,20160822,WESD,0,,,N,0600
US1TXAT0042,20160823,WESD,0,,,N,0600
US1TXAT0042,20160824,WESD,0,,,N,0600
US1TXAT0042,20160825,WESD,0,,,N,0600
US1TXAT0042,20160826,WESD,0,,,N,0600
US1TXAT0042,20160827,WESD,0,,,N,0600
US1TXAT0042,20160828,WESD,0,,,N,0600
US1TXAT0042,20160829,WESD,0,,,N,0600
US1TXAT0042,20160830,WESD,0,,,N,0600
US1TXAT0042,20160831,WESD,0,,,N,0600
US1TXAT0042,20160801,WESF,0,,,N,0600
US1TXAT0042,20160802,WESF,0,,,N,0600
US1TXAT0042,20160803,WESF,0,,,N,0802
US1TXAT0042,20160804,WESF,0,,,N,0600
US1TXAT0042,20160805,WESF,0,,,N,0600
US1TXAT0042,20160806,WESF,0,,,N,0600
US1TXAT0042,20160807,WESF,0,,,N,2255
US1TXAT0042,20160808,WESF,0,,,N,0600
US1TXAT0042,20160809,WESF,0,,,N,0600
US1TXAT0042,20160810,WESF,0,,,N,0600
US1TXAT0042,20160811,WESF,0,,,N,0600
US1TXAT0042,20160812,WESF,0,,,N,0600
US1TXAT0042,20160813,WESF,0,,,N,0600
US1TXAT0042,20160814,WESF,0,,,N,0600
US1TXAT0042,20160815,WESF,0,,,N,0600
US1TXAT0042,20160816,WESF,0,,,N,0600
US1TXAT0042,20160817,WESF,0,,,N,0600
US1TXAT0042,20160818,WESF,0,,,N,0600
US1TXAT0042,20160819,WESF,0,,,N,0600
US1TXAT0042,20160820,WESF,0,,,N,0600
US1TXAT0042,20160821,WESF,0,,,N,0735
US1TXAT0042,20160822,WESF,0,,,N,0600
US1TXAT0042,20160823,WESF,0,,,N,0600
US1TXAT0042,20160824,WESF,0,,,N,0600
US1TXAT0042,20160825,WESF,0,,,N,0600
US1TXAT0042,20160826,WESF,0,,,N,0600
US1TXAT0042,20160827,WESF,0,,,N,0600
US1TXAT0042,20160828,WESF,0,,,N,0600
US1TXAT0042,20160829,WESF,0,,,N,0600
US1TXAT0042,20160830,WESF,0,,,N,0600
US1TXAT0042,20160831,WESF,0,,,N,0600
US1TXAT0042,20160901,PRCP,3,,,N,0600
US1TXAT0042,20160902,PRCP,0,,,N,0600
US1TXAT0042,20160903,PRCP,0,,,N,0600
US1TXAT0042,20160904,PRCP,0,,,N,0600
US1TXAT0042,20160905,PRCP,3,,,N,0600
US1TXAT0042,20160906,PRCP,0,,,N,0600
US1TXAT0042,20160907,PRCP,0,,,N,0600
US1TXAT0042,20160908,PRCP,0,,,N,0600
US1TXAT0042,20160909,PRCP,0,,,N,0600
US1TXAT0042,20160910,PRCP,0,,,N,0600
US1TXAT0042,20160911,PRCP,0,,,N,0600
US1TXAT0042,20160912,PRCP,0,,,N,0600
US1TXAT0042,20160913,PRCP,0,,,N,0600
US1TXAT0042,20160914,PRCP,0,,,N,0600
US1TXAT0042,20160915,PRCP,0,,,N,0600
US1TXAT0042,20160916,PRCP,0,,,N,0600
US1TXAT0042,20160917,PRCP,0,,,N,0600
US1TXAT0042,20160918,PRCP,0,,,N,0600
US1TXAT0042,20160919,PRCP,0,,,N,0600
US1TXAT0042,20160920,PRCP,0,,,N,0600
US1TXAT0042,20160921,PRCP,0,,,N,0600
US1TXAT0042,20160922,PRCP,0,,,N,0600
US1TXAT0042,20160923,PRCP,0,,,N,0600
US1TXAT0042,20160924,PRCP,0,,,N,0600
US1TXAT0042,20160925,PRCP,0,,,N,0600
US1TXAT0042,20160926,PRCP,183,,,N,0600
US1TXAT0042,20160927,PRCP,18,,,N,0600
US1TXAT0042,20160928,PRCP,0,,,N,0600
US1TXAT0042,20160929,PRCP,0,,,N,0600
US1TXAT0042,20160930,PRCP,0,,,N,0600
US1TXAT0042,20160901,SNOW,0,,,N,0600
US1TXAT0042,20160902,SNOW,0,,,N,0600
US1TXAT0042,20160904,SNOW,0,,,N,0600
US1TXAT0042,20160905,SNOW,0,,,N,0600
US1TXAT0042,20160906,SNOW,0,,,N,0600
US1TXAT0042,20160907,SNOW,0,,,N,0600
US1TXAT0042,20160908,SNOW,0,,,N,0600
US1TXAT0042,20160909,SNOW,0,,,N,0600
US1TXAT0042,20160910,SNOW,0,,,N,0600
US1TXAT0042,20160911,SNOW,0,,,N,0600
US1TXAT0042,20160912,SNOW,0,,,N,0600
US1TXAT0042,20160913,SNOW,0,,,N,0600
US1TXAT0042,20160914,SNOW,0,,,N,0600
US1TXAT0042,20160915,SNOW,0,,,N,0600
US1TXAT0042,20160916,SNOW,0,,,N,0600
US1TXAT0042,20160917,SNOW,0,,,N,0600
US1TXAT0042,20160918,SNOW,0,,,N,0600
US1TXAT0042,20160919,SNOW,0,,,N,0600
US1TXAT0042,20160920,SNOW,0,,,N,0600
US1TXAT0042,20160921,SNOW,0,,,N,0600
US1TXAT0042,20160922,SNOW,0,,,N,0600
US1TXAT0042,20160923,SNOW,0,,,N,0600
US1TXAT0042,20160924,SNOW,0,,,N,0600
US1TXAT0042,20160925,SNOW,0,,,N,0600
US1TXAT0042,20160926,SNOW,0,,,N,0600
US1TXAT0042,20160927,SNOW,0,,,N,0600
US1TXAT0042,20160928,SNOW,0,,,N,0600
US1TXAT0042,20160929,SNOW,0,,,N,0600
US1TXAT0042,20160930,SNOW,0,,,N,0600
US1TXAT0042,20160901,SNWD,0,,,N,0600
US1TXAT0042,20160902,SNWD,0,,,N,0600
US1TXAT0042,20160904,SNWD,0,,,N,0600
US1TXAT0042,20160905,SNWD,0,,,N,0600
US1TXAT0042,20160906,SNWD,0,,,N,0600
US1TXAT0042,20160907,SNWD,0,,,N,0600
US1TXAT0042,20160908,SNWD,0,,,N,0600
US1TXAT0042,20160909,SNWD,0,,,N,0600
US1TXAT0042,20160910,SNWD,0,,,N,0600
US1TXAT0042,20160911,SNWD,0,,,N,0600
US1TXAT0042,20160912,SNWD,0,,,N,0600
US1TXAT0042,20160913,SNWD,0,,,N,0600
US1TXAT0042,20160914,SNWD,0,,,N,0600
US1TXAT0042,20160915,SNWD,0,,,N,0600
US1TXAT0042,20160916,SNWD,0,,,N,0600
US1TXAT0042,20160917,SNWD,0,,,N,0600
US1TXAT0042,20160918,SNWD,0,,,N,0600
US1TXAT0042,20160919,SNWD,0,,,N,0600
US1TXAT0042,20160920,SNWD,0,,,N,0600
US1TXAT0042,20160921,SNWD,0,,,N,0600
US1TXAT0042,20160922,SNWD,0,,,N,0600
US1TXAT0042,20160923,SNWD,0,,,N,0600
US1TXAT0042,20160924,SNWD,0,,,N,0600
US1TXAT0042,20160925,SNWD,0,,,N,0600
US1TXAT0042,20160926,SNWD,0,,,N,0600
US1TXAT0042,20160927,SNWD,0,,,N,0600
US1TXAT0042,20160928,SNWD,0,,,N,0600
US1TXAT0042,20160929,SNWD,0,,,N,0600
US1TXAT0042,20160930,SNWD,0,,,N,0600
US1TXAT0042,20160901,WESD,0,,,N,0600
US1TXAT0042,20160902,WESD,0,,,N,0600
US1TXAT0042,20160904,WESD,0,,,N,0600
US1TXAT0042,20160905,WESD,0,,,N,0600
US1TXAT0042,20160906,WESD,0,,,N,0600
US1TXAT0042,20160907,WESD,0,,,N,0600
US1TXAT0042,20160908,WESD,0,,,N,0600
US1TXAT0042,20160909,WESD,0,,,N,0600
US1TXAT0042,20160910,WESD,0,,,N,0600
US1TXAT0042,20160911,WESD,0,,,N,0600
US1TXAT0042,20160912,WESD,0,,,N,0600
US1TXAT0042,20160913,WESD,0,,,N,0600
US1TXAT0042,20160914,WESD,0,,,N,0600
US1TXAT0042,20160915,WESD,0,,,N,0600
US1TXAT0042,20160916,WESD,0,,,N,0600
US1TXAT0042,20160917,WESD,0,,,N,0600
US1TXAT0042,20160918,WESD,0,,,N,0600
US1TXAT0042,20160919,WESD,0,,,N,0600
US1TXAT0042,20160920,WESD,0,,,N,0600
US1TXAT0042,20160921,WESD,0,,,N,0600
US1TXAT0042,20160922,WESD,0,,,N,0600
US1TXAT0042,20160923,WESD,0,,,N,0600
US1TXAT0042,20160924,WESD,0,,,N,0600
US1TXAT0042,20160925,WESD,0,,,N,0600
US1TXAT0042,20160926,WESD,0,,,N,0600
US1TXAT0042,20160927,WESD,0,,,N,0600
US1TXAT0042,20160928,WESD,0,,,N,0600
US1TXAT0042,20160929,WESD,0,,,N,0600
US1TXAT0042,20160930,WESD,0,,,N,0600
US1TXAT0042,20160901,WESF,0,,,N,0600
US1TXAT0042,20160902,WESF,0,,,N,0600
US1TXAT0042,20160904,WESF,0,,,N,0600
US1TXAT0042,20160905,WESF,0,,,N,0600
US1TXAT0042,20160906,WESF,0,,,N,0600
US1TXAT0042,20160907,WESF,0,,,N,0600
US1TXAT0042,20160908,WESF,0,,,N,0600
US1TXAT0042,20160909,WESF,0,,,N,0600
US1TXAT0042,20160910,WESF,0,,,N,0600
US1TXAT0042,20160911,WESF,0,,,N,0600
US1TXAT0042,20160912,WESF,0,,,N,0600
US1TXAT0042,20160913,WESF,0,,,N,0600
US1TXAT0042,20160914,WESF,0,,,N,0600
US1TXAT0042,20160915,WESF,0,,,N,0600
US1TXAT0042,20160916,WESF,0,,,N,0600
US1TXAT0042,20160917,WESF,0,,,N,0600
US1TXAT0042,20160918,WESF,0,,,N,0600
US1TXAT0042,20160919,WESF,0,,,N,0600
US1TXAT0042,20160920,WESF,0,,,N,0600
US1TXAT0042,20160921,WESF,0,,,N,0600
US1TXAT0042,20160922,WESF,0,,,N,0600
US1TXAT0042,20160923,WESF,0,,,N,0600
US1TXAT0042,20160924,WESF,0,,,N,0600
US1TXAT0042,20160925,WESF,0,,,N,0600
US1TXAT0042,20160926,WESF,0,,,N,0600
US1TXAT0042,20160927,WESF,0,,,N,0600
US1TXAT0042,20160928,WESF,0,,,N,0600
US1TXAT0042,20160929,WESF,0,,,N,0600
US1TXAT0042,20160930,WESF,0,,,N,0600
US1TXAT0042,20161001,PRCP,0,,,N,0600
US1TXAT0042,20161002,PRCP,0,,,N,0600
US1TXAT0042,20161003,PRCP,0,,,N,0600
US1TXAT0042,20161004,PRCP,0,,,N,0600
US1TXAT0042,20161005,PRCP,0,,,N,0600
US1TXAT0042,20161006,PRCP,0,,,N,0600
US1TXAT0042,20161007,PRCP,0,,,N,0600
US1TXAT0042,20161008,PRCP,0,,,N,0600
US1TXAT0042,20161009,PRCP,0,,,N,0600
US1TXAT0042,20161011,PRCP,0,,,N,0600
US1TXAT0042,20161012,PRCP,0,,,N,0600
US1TXAT0042,20161013,PRCP,0,,,N,0600
US1TXAT0042,20161014,PRCP,0,,,N,0600
US1TXAT0042,20161015,PRCP,0,,,N,0600
US1TXAT0042,20161016,PRCP,0,,,N,0600
US1TXAT0042,20161017,PRCP,0,,,N,0600
US1TXAT0042,20161018,PRCP,0,,,N,0600
US1TXAT0042,20161019,PRCP,0,,,N,0600
US1TXAT0042,20161020,PRCP,0,,,N,0600
US1TXAT0042,20161021,PRCP,38,,,N,0600
US1TXAT0042,20161022,PRCP,0,,,N,0600
US1TXAT0042,20161023,PRCP,0,,,N,0600
US1TXAT0042,20161024,PRCP,0,,,N,0600
US1TXAT0042,20161025,PRCP,5,,,N,0600
US1TXAT0042,20161026,PRCP,0,,,N,0600
US1TXAT0042,20161027,PRCP,0,,,N,0600
US1TXAT0042,20161028,PRCP,0,,,N,0600
US1TXAT0042,20161029,PRCP,0,,,N,0600
US1TXAT0042,20161030,PRCP,0,,,N,0600
US1TXAT0042,20161031,PRCP,0,,,N,0600
US1TXAT0042,20161001,SNOW,0,,,N,0600
US1TXAT0042,20161002,SNOW,0,,,N,0600
US1TXAT0042,20161003,SNOW,0,,,N,0600
US1TXAT0042,20161004,SNOW,0,,,N,0600
US1TXAT0042,20161005,SNOW,0,,,N,0600
US1TXAT0042,20161006,SNOW,0,,,N,0600
US1TXAT0042,20161007,SNOW,0,,,N,0600
US1TXAT0042,20161008,SNOW,0,,,N,0600
US1TXAT0042,20161009,SNOW,0,,,N,0600
US1TXAT0042,20161011,SNOW,0,,,N,0600
US1TXAT0042,20161012,SNOW,0,,,N,0600
US1TXAT0042,20161013,SNOW,0,,,N,0600
US1TXAT0042,20161014,SNOW,0,,,N,0600
US1TXAT0042,20161015,SNOW,0,,,N,0600
US1TXAT0042,20161016,SNOW,0,,,N,0600
US1TXAT0042,20161017,SNOW,0,,,N,0600
US1TXAT0042,20161018,SNOW,0,,,N,0600
US1TXAT0042,20161019,SNOW,0,,,N,0600
US1TXAT0042,20161020,SNOW,0,,,N,0600
US1TXAT0042,20161021,SNOW,0,,,N,0600
US1TXAT0042,20161022,SNOW,0,,,N,0600
US1TXAT0042,20161023,SNOW,0,,,N,0600
US1TXAT0042,20161024,SNOW,0,,,N,0600
US1TXAT0042,20161025,SNOW,0,,,N,0600
US1TXAT0042,20161026,SNOW,0,,,N,0600
US1TXAT0042,20161027,SNOW,0,,,N,0600
US1TXAT0042,20161028,SNOW,0,,,N,0600
US1TXAT0042,20161029,SNOW,0,,,N,0600
US1TXAT0042,20161030,SNOW,0,,,N,0600
US1TXAT0042,20161031,SNOW,0,,,N,0600
US1TXAT0042,20161001,SNWD,0,,,N,0600
US1TXAT0042,20161002,SNWD,0,,,N,0600
US1TXAT0042,20161003,SNWD,0,,,N,0600
US1TXAT0042,20161004,SNWD,0,,,N,0600
US1TXAT0042,20161005,SNWD,0,,,N,0600
US1TXAT0042,20161006,SNWD,0,,,N,0600
US1TXAT0042,20161007,SNWD,0,,,N,0600
US1TXAT0042,20161008,SNWD,0,,,N,0600
US1TXAT0042,20161009,SNWD,0,,,N,0600
US1TXAT0042,20161011,SNWD,0,,,N,0600
US1TXAT0042,20161012,SNWD,0,,,N,0600
US1TXAT0042,20161013,SNWD,0,,,N,0600
US1TXAT0042,20161014,SNWD,0,,,N,0600
US1TXAT0042,20161015,SNWD,0,,,N,0600
US1TXAT0042,20161016,SNWD,0,,,N,0600
US1TXAT0042,20161017,SNWD,0,,,N,0600
US1TXAT0042,20161018,SNWD,0,,,N,0600
US1TXAT0042,20161019,SNWD,0,,,N,0600
US1TXAT0042,20161020,SNWD,0,,,N,0600
US1TXAT0042,20161021,SNWD,0,,,N,0600
US1TXAT0042,20161022,SNWD,0,,,N,0600
US1TXAT0042,20161023,SNWD,0,,,N,0600
US1TXAT0042,20161024,SNWD,0,,,N,0600
US1TXAT0042,20161025,SNWD,0,,,N,0600
US1TXAT0042,20161026,SNWD,0,,,N,0600
US1TXAT0042,20161027,SNWD,0,,,N,0600
US1TXAT0042,20161028,SNWD,0,,,N,0600
US1TXAT0042,20161029,SNWD,0,,,N,0600
US1TXAT0042,20161030,SNWD,0,,,N,0600
US1TXAT0042,20161031,SNWD,0,,,N,0600
US1TXAT0042,20161001,WESD,0,,,N,0600
US1TXAT0042,20161002,WESD,0,,,N,0600
US1TXAT0042,20161003,WESD,0,,,N,0600
US1TXAT0042,20161004,WESD,0,,,N,0600
US1TXAT0042,20161005,WESD,0,,,N,0600
US1TXAT0042,20161006,WESD,0,,,N,0600
US1TXAT0042,20161007,WESD,0,,,N,0600
US1TXAT0042,20161008,WESD,0,,,N,0600
US1TXAT0042,20161009,WESD,0,,,N,0600
US1TXAT0042,20161011,WESD,0,,,N,0600
US1TXAT0042,20161012,WESD,0,,,N,0600
US1TXAT0042,20161013,WESD,0,,,N,0600
US1TXAT0042,20161014,WESD,0,,,N,0600
US1TXAT0042,20161015,WESD,0,,,N,0600
US1TXAT0042,20161016,WESD,0,,,N,0600
US1TXAT0042,20161017,WESD,0,,,N,0600
US1TXAT0042,20161018,WESD,0,,,N,0600
US1TXAT0042,20161019,WESD,0,,,N,0600
US1TXAT0042,20161020,WESD,0,,,N,0600
US1TXAT0042,20161021,WESD,0,,,N,0600
US1TXAT0042,20161022,WESD,0,,,N,0600
US1TXAT0042,20161023,WESD,0,,,N,0600
US1TXAT0042,20161024,WESD,0,,,N,0600
US1TXAT0042,20161025,WESD,0,,,N,0600
US1TXAT0042,20161026,WESD,0,,,N,0600
US1TXAT0042,20161027,WESD,0,,,N,0600
US1TXAT0042,20161028,WESD,0,,,N,0600
US1TXAT0042,20161029,WESD,0,,,N,0600
US1TXAT0042,20161030,WESD,0,,,N,0600
US1TXAT0042,20161031,WESD,0,,,N,0600
US1TXAT0042,20161001,WESF,0,,,N,0600
US1TXAT0042,20161002,WESF,0,,,N,0600
US1TXAT0042,20161003,WESF,0,,,N,0600
US1TXAT0042,20161004,WESF,0,,,N,0600
US1TXAT0042,20161005,WESF,0,,,N,0600
US1TXAT0042,20161006,WESF,0,,,N,0600
US1TXAT0042,20161007,WESF,0,,,N,0600
US1TXAT0042,20161008,WESF,0,,,N,0600
US1TXAT0042,20161009,WESF,0,,,N,0600
US1TXAT0042,20161011,WESF,0,,,N,0600
US1TXAT0042,20161012,WESF,0,,,N,0600
US1TXAT0042,20161013,WESF,0,,,N,0600
US1TXAT0042,20161014,WESF,0,,,N,0600
US1TXAT0042,20161015,WESF,0,,,N,0600
US1TXAT0042,20161016,WESF,0,,,N,0600
US1TXAT0042,20161017,WESF,0,,,N,0600
US1TXAT0042,20161018,WESF,0,,,N,0600
US1TXAT0042,20161019,WESF,0,,,N,0600
US1TXAT0042,20161020,WESF,0,,,N,0600
US1TXAT0042,20161021,WESF,0,,,N,0600
US1TXAT0042,20161022,WESF,0,,,N,0600
US1TXAT0042,20161023,WESF,0,,,N,0600
US1TXAT0042,20161024,WESF,0,,,N,0600
US1TXAT0042,20161025,WESF,0,,,N,0600
US1TXAT0042,20161026,WESF,0,,,N,0600
US1TXAT0042,20161027,WESF,0,,,N,0600
US1TXAT0042,20161028,WESF,0,,,N,0600
US1TXAT0042,20161029,WESF,0,,,N,0600
US1TXAT0042,20161030,WESF,0,,,N,0600
US1TXAT0042,20161031,WESF,0,,,N,0600
US1TXAT0042,20161101,PRCP,0,,,N,0600
US1TXAT0042,20161102,PRCP,0,,,N,0600
US1TXAT0042,20161103,PRCP,0,,,N,0600
US1TXAT0042,20161104,PRCP,3,,,N,0600
US1TXAT0042,20161105,PRCP,8,,,N,0600
US1TXAT0042,20161106,PRCP,0,,,N,0600
US1TXAT0042,20161107,PRCP,10,,,N,0600
US1TXAT0042,20161108,PRCP,244,,,N,0600
US1TXAT0042,20161109,PRCP,122,,,N,0600
US1TXAT0042,20161110,PRCP,18,,,N,0600
US1TXAT0042,20161111,PRCP,0,,,N,0600
US1TXAT0042,20161112,PRCP,0,,,N,0600
US1TXAT0042,20161113,PRCP,5,,,N,0600
US1TXAT0042,20161114,PRCP,0,,,N,0600
US1TXAT0042,20161115,PRCP,0,,,N,0600
US1TXAT0042,20161116,PRCP,0,,,N,0600
US1TXAT0042,20161117,PRCP,0,,,N,0600
US1TXAT0042,20161118,PRCP,0,,,N,0600
US1TXAT0042,20161119,PRCP,0,,,N,0600
US1TXAT0042,20161120,PRCP,0,,,N,0600
US1TXAT0042,20161121,PRCP,0,,,N,0600
US1TXAT0042,20161122,PRCP,0,,,N,0600
US1TXAT0042,20161123,PRCP,0,,,N,0600
US1TXAT0042,20161124,PRCP,0,,,N,0600
US1TXAT0042,20161125,PRCP,0,,,N,0600
US1TXAT0042,20161126,PRCP,0,,,N,0600
US1TXAT0042,20161127,PRCP,0,,,N,0600
US1TXAT0042,20161128,PRCP,0,,,N,0600
US1TXAT0042,20161129,PRCP,0,,,N,0600
US1TXAT0042,20161130,PRCP,0,,,N,0600
US1TXAT0042,20161101,SNOW,0,,,N,0600
US1TXAT0042,20161102,SNOW,0,,,N,0600
US1TXAT0042,20161103,SNOW,0,,,N,0600
US1TXAT0042,20161104,SNOW,0,,,N,0600
US1TXAT0042,20161105,SNOW,0,,,N,0600
US1TXAT0042,20161106,SNOW,0,,,N,0600
US1TXAT0042,20161107,SNOW,0,,,N,0600
US1TXAT0042,20161108,SNOW,0,,,N,0600
US1TXAT0042,20161109,SNOW,0,,,N,0600
US1TXAT0042,20161110,SNOW,0,,,N,0600
US1TXAT0042,20161111,SNOW,0,,,N,0600
US1TXAT0042,20161112,SNOW,0,,,N,0600
US1TXAT0042,20161113,SNOW,0,,,N,0600
US1TXAT0042,20161114,SNOW,0,,,N,0600
US1TXAT0042,20161115,SNOW,0,,,N,0600
US1TXAT0042,20161116,SNOW,0,,,N,0600
US1TXAT0042,20161117,SNOW,0,,,N,0600
US1TXAT0042,20161118,SNOW,0,,,N,0600
US1TXAT0042,20161119,SNOW,0,,,N,0600
US1TXAT0042,20161120,SNOW,0,,,N,0600
US1TXAT0042,20161121,SNOW,0,,,N,0600
US1TXAT0042,20161122,SNOW,0,,,N,0600
US1TXAT0042,20161123,SNOW,0,,,N,0600
US1TXAT0042,20161124,SNOW,0,,,N,0600
US1TXAT0042,20161125,SNOW,0,,,N,0600
US1TXAT0042,20161126,SNOW,0,,,N,0600
US1TXAT0042,20161127,SNOW,0,,,N,0600
US1TXAT0042,20161128,SNOW,0,,,N,0600
US1TXAT0042,20161129,SNOW,0,,,N,0600
US1TXAT0042,20161130,SNOW,0,,,N,0600
US1TXAT0042,20161101,SNWD,0,,,N,0600
US1TXAT0042,20161102,SNWD,0,,,N,0600
US1TXAT0042,20161103,SNWD,0,,,N,0600
US1TXAT0042,20161104,SNWD,0,,,N,0600
US1TXAT0042,20161105,SNWD,0,,,N,0600
US1TXAT0042,20161106,SNWD,0,,,N,0600
US1TXAT0042,20161107,SNWD,0,,,N,0600
US1TXAT0042,20161108,SNWD,0,,,N,0600
US1TXAT0042,20161109,SNWD,0,,,N,0600
US1TXAT0042,20161110,SNWD,0,,,N,0600
US1TXAT0042,20161111,SNWD,0,,,N,0600
US1TXAT0042,20161112,SNWD,0,,,N,0600
US1TXAT0042,20161113,SNWD,0,,,N,0600
US1TXAT0042,20161114,SNWD,0,,,N,0600
US1TXAT0042,20161115,SNWD,0,,,N,0600
US1TXAT0042,20161116,SNWD,0,,,N,0600
US1TXAT0042,20161117,SNWD,0,,,N,0600
US1TXAT0042,20161118,SNWD,0,,,N,0600
US1TXAT0042,20161119,SNWD,0,,,N,0600
US1TXAT0042,20161120,SNWD,0,,,N,0600
US1TXAT0042,20161121,SNWD,0,,,N,0600
US1TXAT0042,20161122,SNWD,0,,,N,0600
US1TXAT0042,20161123,SNWD,0,,,N,0600
US1TXAT0042,20161124,SNWD,0,,,N,0600
US1TXAT0042,20161125,SNWD,0,,,N,0600
US1TXAT0042,20161126,SNWD,0,,,N,0600
US1TXAT0042,20161127,SNWD,0,,,N,0600
US1TXAT0042,20161128,SNWD,0,,,N,0600
US1TXAT0042,20161129,SNWD,0,,,N,0600
US1TXAT0042,20161130,SNWD,0,,,N,0600
US1TXAT0042,20161101,WESD,0,,,N,0600
US1TXAT0042,20161102,WESD,0,,,N,0600
US1TXAT0042,20161103,WESD,0,,,N,0600
US1TXAT0042,20161104,WESD,0,,,N,0600
US1TXAT0042,20161105,WESD,0,,,N,0600
US1TXAT0042,20161106,WESD,0,,,N,0600
US1TXAT0042,20161107,WESD,0,,,N,0600
US1TXAT0042,20161108,WESD,0,,,N,0600
US1TXAT0042,20161109,WESD,0,,,N,0600
US1TXAT0042,20161110,WESD,0,,,N,0600
US1TXAT0042,20161111,WESD,0,,,N,0600
US1TXAT0042,20161112,WESD,0,,,N,0600
US1TXAT0042,20161113,WESD,0,,,N,0600
US1TXAT0042,20161114,WESD,0,,,N,0600
US1TXAT0042,20161115,WESD,0,,,N,0600
US1TXAT0042,20161116,WESD,0,,,N,0600
US1TXAT0042,20161117,WESD,0,,,N,0600
US1TXAT0042,20161118,WESD,0,,,N,0600
US1TXAT0042,20161119,WESD,0,,,N,0600
US1TXAT0042,20161120,WESD,0,,,N,0600
US1TXAT0042,20161121,WESD,0,,,N,0600
US1TXAT0042,20161122,WESD,0,,,N,0600
US1TXAT0042,20161123,WESD,0,,,N,0600
US1TXAT0042,20161124,WESD,0,,,N,0600
US1TXAT0042,20161125,WESD,0,,,N,0600
US1TXAT0042,20161126,WESD,0,,,N,0600
US1TXAT0042,20161127,WESD,0,,,N,0600
US1TXAT0042,20161128,WESD,0,,,N,0600
US1TXAT0042,20161129,WESD,0,,,N,0600
US1TXAT0042,20161130,WESD,0,,,N,0600
US1TXAT0042,20161101,WESF,0,,,N,0600
US1TXAT0042,20161102,WESF,0,,,N,0600
US1TXAT0042,20161103,WESF,0,,,N,0600
US1TXAT0042,20161104,WESF,0,,,N,0600
US1TXAT0042,20161105,WESF,0,,,N,0600
US1TXAT0042,20161106,WESF,0,,,N,0600
US1TXAT0042,20161107,WESF,0,,,N,0600
US1TXAT0042,20161108,WESF,0,,,N,0600
US1TXAT0042,20161109,WESF,0,,,N,0600
US1TXAT0042,20161110,WESF,0,,,N,0600
US1TXAT0042,20161111,WESF,0,,,N,0600
US1TXAT0042,20161112,WESF,0,,,N,0600
US1TXAT0042,20161113,WESF,0,,,N,0600
US1TXAT0042,20161114,WESF,0,,,N,0600
US1TXAT0042,20161115,WESF,0,,,N,0600
US1TXAT0042,20161116,WESF,0,,,N,0600
US1TXAT0042,20161117,WESF,0,,,N,0600
US1TXAT0042,20161118,WESF,0,,,N,0600
US1TXAT0042,20161119,WESF,0,,,N,0600
US1TXAT0042,20161120,WESF,0,,,N,0600
US1TXAT0042,20161121,WESF,0,,,N,0600
US1TXAT0042,20161122,WESF,0,,,N,0600
US1TXAT0042,20161123,WESF,0,,,N,0600
US1TXAT0042,20161124,WESF,0,,,N,0600
US1TXAT0042,20161125,WESF,0,,,N,0600
US1TXAT0042,20161126,WESF,0,,,N,0600
US1TXAT0042,20161127,WESF,0,,,N,0600
US1TXAT0042,20161128,WESF,0,,,N,0600
US1TXAT0042,20161129,WESF,0,,,N,0600
US1TXAT0042,20161130,WESF,0,,,N,0600
US1TXAT0042,20161201,PRCP,0,,,N,0600
US1TXAT0042,20161202,PRCP,0,,,N,0600
US1TXAT0042,20161203,PRCP,376,,,N,0600
US1TXAT0042,20161204,PRCP,178,,,N,0600
US1TXAT0042,20161205,PRCP,577,,,N,0600
US1TXAT0042,20161206,PRCP,20,,,N,0600
US1TXAT0042,20161207,PRCP,0,,,N,0600
US1TXAT0042,20161208,PRCP,0,,,N,0600
US1TXAT0042,20161209,PRCP,0,,,N,0600
US1TXAT0042,20161210,PRCP,0,,,N,0600
US1TXAT0042,20161211,PRCP,5,,,N,0600
US1TXAT0042,20161212,PRCP,3,,,N,0600
US1TXAT0042,20161213,PRCP,0,,,N,0600
US1TXAT0042,20161214,PRCP,0,,,N,0600
US1TXAT0042,20161215,PRCP,0,,,N,0600
US1TXAT0042,20161216,PRCP,0,,,N,0600
US1TXAT0042,20161217,PRCP,8,,,N,0600
US1TXAT0042,20161218,PRCP,0,,,N,0600
US1TXAT0042,20161219,PRCP,0,,,N,0600
US1TXAT0042,20161220,PRCP,0,,,N,0600
US1TXAT0042,20161221,PRCP,0,,,N,0600
US1TXAT0042,20161222,PRCP,0,,,N,0600
US1TXAT0042,20161223,PRCP,3,,,N,0600
US1TXAT0042,20161224,PRCP,0,,,N,0600
US1TXAT0042,20161225,PRCP,0,,,N,0600
US1TXAT0042,20161226,PRCP,0,,,N,0600
US1TXAT0042,20161227,PRCP,0,,,N,0600
US1TXAT0042,20161228,PRCP,0,,,N,0600
US1TXAT0042,20161229,PRCP,0,,,N,0600
US1TXAT0042,20161230,PRCP,0,,,N,0600
US1TXAT0042,20161231,PRCP,3,,,N,0600
US1TXAT0042,20161201,SNOW,0,,,N,0600
US1TXAT0042,20161202,SNOW,0,,,N,0600
US1TXAT0042,20161203,SNOW,0,,,N,0600
US1TXAT0042,20161204,SNOW,0,,,N,0600
US1TXAT0042,20161205,SNOW,0,,,N,0600
US1TXAT0042,20161206,SNOW,0,,,N,0600
US1TXAT0042,20161207,SNOW,0,,,N,0600
US1TXAT0042,20161208,SNOW,0,,,N,0600
US1TXAT0042,20161209,SNOW,0,,,N,0600
US1TXAT0042,20161210,SNOW,0,,,N,0600
US1TXAT0042,20161211,SNOW,0,,,N,0600
US1TXAT0042,20161212,SNOW,0,,,N,0600
US1TXAT0042,20161213,SNOW,0,,,N,0600
US1TXAT0042,20161216,SNOW,0,,,N,0600
US1TXAT0042,20161217,SNOW,0,,,N,0600
US1TXAT0042,20161218,SNOW,0,,,N,0600
US1TXAT0042,20161219,SNOW,0,,,N,0600
US1TXAT0042,20161220,SNOW,0,,,N,0600
US1TXAT0042,20161221,SNOW,0,,,N,0600
US1TXAT0042,20161222,SNOW,0,,,N,0600
US1TXAT0042,20161223,SNOW,0,,,N,0600
US1TXAT0042,20161224,SNOW,0,,,N,0600
US1TXAT0042,20161225,SNOW,0,,,N,0600
US1TXAT0042,20161226,SNOW,0,,,N,0600
US1TXAT0042,20161227,SNOW,0,,,N,0600
US1TXAT0042,20161228,SNOW,0,,,N,0600
US1TXAT0042,20161229,SNOW,0,,,N,0600
US1TXAT0042,20161230,SNOW,0,,,N,0600
US1TXAT0042,20161231,SNOW,0,,,N,0600
US1TXAT0042,20161201,SNWD,0,,,N,0600
US1TXAT0042,20161202,SNWD,0,,,N,0600
US1TXAT0042,20161203,SNWD,0,,,N,0600
US1TXAT0042,20161204,SNWD,0,,,N,0600
US1TXAT0042,20161205,SNWD,0,,,N,0600
US1TXAT0042,20161206,SNWD,0,,,N,0600
US1TXAT0042,20161207,SNWD,0,,,N,0600
US1TXAT0042,20161208,SNWD,0,,,N,0600
US1TXAT0042,20161209,SNWD,0,,,N,0600
US1TXAT0042,20161210,SNWD,0,,,N,0600
US1TXAT0042,20161211,SNWD,0,,,N,0600
US1TXAT0042,20161212,SNWD,0,,,N,0600
US1TXAT0042,20161213,SNWD,0,,,N,0600
US1TXAT0042,20161216,SNWD,0,,,N,0600
US1TXAT0042,20161217,SNWD,0,,,N,0600
US1TXAT0042,20161218,SNWD,0,,,N,0600
US1TXAT0042,20161219,SNWD,0,,,N,0600
US1TXAT0042,20161220,SNWD,0,,,N,0600
US1TXAT0042,20161221,SNWD,0,,,N,0600
US1TXAT0042,20161222,SNWD,0,,,N,0600
US1TXAT0042,20161223,SNWD,0,,,N,0600
US1TXAT0042,20161224,SNWD,0,,,N,0600
US1TXAT0042,20161225,SNWD,0,,,N,0600
US1TXAT0042,20161226,SNWD,0,,,N,0600
US1TXAT0042,20161227,SNWD,0,,,N,0600
US1TXAT0042,20161228,SNWD,0,,,N,0600
US1TXAT0042,20161229,SNWD,0,,,N,0600
US1TXAT0042,20161230,SNWD,0,,,N,0600
US1TXAT0042,20161231,SNWD,0,,,N,0600
US1TXAT0042,20161201,WESD,0,,,N,0600
US1TXAT0042,20161202,WESD,0,,,N,0600
US1TXAT0042,20161203,WESD,0,,,N,0600
US1TXAT0042,20161204,WESD,0,,,N,0600
US1TXAT0042,20161205,WESD,0,,,N,0600
US1TXAT0042,20161206,WESD,0,,,N,0600
US1TXAT0042,20161207,WESD,0,,,N,0600
US1TXAT0042,20161208,WESD,0,,,N,0600
US1TXAT0042,20161209,WESD,0,,,N,0600
US1TXAT0042,20161210,WESD,0,,,N,0600
US1TXAT0042,20161211,WESD,0,,,N,0600
US1TXAT0042,20161212,WESD,0,,,N,0600
US1TXAT0042,20161213,WESD,0,,,N,0600
US1TXAT0042,20161216,WESD,0,,,N,0600
US1TXAT0042,20161217,WESD,0,,,N,0600
US1TXAT0042,20161218,WESD,0,,,N,0600
US1TXAT0042,20161219,WESD,0,,,N,0600
US1TXAT0042,20161220,WESD,0,,,N,0600
US1TXAT0042,20161221,WESD,0,,,N,0600
US1TXAT0042,20161222,WESD,0,,,N,0600
US1TXAT0042,20161223,WESD,0,,,N,0600
US1TXAT0042,20161224,WESD,0,,,N,0600
US1TXAT0042,20161225,WESD,0,,,N,0600
US1TXAT0042,20161226,WESD,0,,,N,0600
US1TXAT0042,20161227,WESD,0,,,N,0600
US1TXAT0042,20161228,WESD,0,,,N,0600
US1TXAT0042,20161229,WESD,0,,,N,0600
US1TXAT0042,20161230,WESD,0,,,N,0600
US1TXAT0042,20161231,WESD,0,,,N,0600
US1TXAT0042,20161201,WESF,0,,,N,0600
US1TXAT0042,20161202,WESF,0,,,N,0600
US1TXAT0042,20161203,WESF,0,,,N,0600
US1TXAT0042,20161204,WESF,0,,,N,0600
US1TXAT0042,20161205,WESF,0,,,N,0600
US1TXAT0042,20161206,WESF,0,,,N,0600
US1TXAT0042,20161207,WESF,0,,,N,0600
US1TXAT0042,20161208,WESF,0,,,N,0600
US1TXAT0042,20161209,WESF,0,,,N,0600
US1TXAT0042,20161210,WESF,0,,,N,0600
US1TXAT0042,20161211,WESF,0,,,N,0600
US1TXAT0042,20161212,WESF,0,,,N,0600
US1TXAT0042,20161213,WESF,0,,,N,0600
US1TXAT0042,20161216,WESF,0,,,N,0600
US1TXAT0042,20161217,WESF,0,,,N,0600
US1TXAT0042,20161218,WESF,0,,,N,0600
US1TXAT0042,20161219,WESF,0,,,N,0600
US1TXAT0042,20161220,WESF,0,,,N,0600
US1TXAT0042,20161221,WESF,0,,,N,0600
US1TXAT0042,20161222,WESF,0,,,N,0600
US1TXAT0042,20161223,WESF,0,,,N,0600
US1TXAT0042,20161224,WESF,0,,,N,0600
US1TXAT0042,20161225,WESF,0,,,N,0600
US1TXAT0042,20161226,WESF,0,,,N,0600
US1TXAT0042,20161227,WESF,0,,,N,0600
US1TXAT0042,20161228,WESF,0,,,N,0600
US1TXAT0042,20161229,WESF,0,,,N,0600
US1TXAT0042,20161230,WESF,0,,,N,0600
US1TXAT0042,20161231,WESF,0,,,N,0600
US1TXAT0042,20170101,PRCP,8,,,N,0600
US1TXAT0042,20170102,PRCP,0,T,,N,0600
US1TXAT0042,20170103,PRCP,0,,,N,0600
US1TXAT0042,20170104,PRCP,0,,,N,0600
US1TXAT0042,20170105,PRCP,0,,,N,0600
US1TXAT0042,20170106,PRCP,0,T,,N,0600
US1TXAT0042,20170107,PRCP,0,,,N,0600
US1TXAT0042,20170108,PRCP,0,,,N,0600
US1TXAT0042,20170109,PRCP,0,,,N,0600
US1TXAT0042,20170111,PRCP,0,,,N,0600
US1TXAT0042,20170112,PRCP,0,,,N,0600
US1TXAT0042,20170113,PRCP,0,,,N,0600
US1TXAT0042,20170114,PRCP,0,,,N,0600
US1TXAT0042,20170115,PRCP,0,,,N,0600
US1TXAT0042,20170116,PRCP,5,,,N,0600
US1TXAT0042,20170117,PRCP,5,,,N,0600
US1TXAT0042,20170118,PRCP,15,,,N,0600
US1TXAT0042,20170119,PRCP,89,,,N,0600
US1TXAT0042,20170120,PRCP,3,,,N,0600
US1TXAT0042,20170122,PRCP,0,,,N,0600
US1TXAT0042,20170123,PRCP,0,,,N,0600
US1TXAT0042,20170124,PRCP,0,,,N,0600
US1TXAT0042,20170125,PRCP,0,,,N,0600
US1TXAT0042,20170126,PRCP,0,,,N,0600
US1TXAT0042,20170127,PRCP,0,,,N,0600
US1TXAT0042,20170128,PRCP,10,,,N,0600
US1TXAT0042,20170129,PRCP,0,,,N,0600
US1TXAT0042,20170130,PRCP,0,,,N,0600
US1TXAT0042,20170131,PRCP,0,,,N,0600
US1TXAT0042,20170101,SNOW,0,,,N,0600
US1TXAT0042,20170102,SNOW,0,,,N,0600
US1TXAT0042,20170103,SNOW,0,,,N,0600
US1TXAT0042,20170104,SNOW,0,,,N,0600
US1TXAT0042,20170105,SNOW,0,,,N,0600
US1TXAT0042,20170106,SNOW,0,,,N,0600
US1TXAT0042,20170107,SNOW,0,,,N,0600
US1TXAT0042,20170108,SNOW,0,,,N,0600
US1TXAT0042,20170109,SNOW,0,,,N,0600
US1TXAT0042,20170111,SNOW,0,,,N,0600
US1TXAT0042,20170112,SNOW,0,,,N,0600
US1TXAT0042,20170113,SNOW,0,,,N,0600
US1TXAT0042,20170114,SNOW,0,,,N,0600
US1TXAT0042,20170115,SNOW,0,,,N,0600
US1TXAT0042,20170116,SNOW,0,,,N,0600
US1TXAT0042,20170117,SNOW,0,,,N,0600
US1TXAT0042,20170118,SNOW,0,,,N,0600
US1TXAT0042,20170119,SNOW,0,,,N,0600
US1TXAT0042,20170120,SNOW,0,,,N,0600
US1TXAT0042,20170122,SNOW,0,,,N,0600
US1TXAT0042,20170123,SNOW,0,,,N,0600
US1TXAT0042,20170124,SNOW,0,,,N,0600
US1TXAT0042,20170125,SNOW,0,,,N,0600
US1TXAT0042,20170126,SNOW,0,,,N,0600
US1TXAT0042,20170127,SNOW,0,,,N,0600
US1TXAT0042,20170128,SNOW,0,,,N,0600
US1TXAT0042,20170129,SNOW,0,,,N,0600
US1TXAT0042,20170130,SNOW,0,,,N,0600
US1TXAT0042,20170131,SNOW,0,,,N,0600
US1TXAT0042,20170101,SNWD,0,,,N,0600
US1TXAT0042,20170102,SNWD,0,,,N,0600
US1TXAT0042,20170103,SNWD,0,,,N,0600
US1TXAT0042,20170104,SNWD,0,,,N,0600
US1TXAT0042,20170105,SNWD,0,,,N,0600
US1TXAT0042,20170106,SNWD,0,,,N,0600
US1TXAT0042,20170107,SNWD,0,,,N,0600
US1TXAT0042,20170108,SNWD,0,,,N,0600
US1TXAT0042,20170109,SNWD,0,,,N,0600
US1TXAT0042,20170111,SNWD,0,,,N,0600
US1TXAT0042,20170112,SNWD,0,,,N,0600
US1TXAT0042,20170113,SNWD,0,,,N,0600
US1TXAT0042,20170114,SNWD,0,,,N,0600
US1TXAT0042,20170115,SNWD,0,,,N,0600
US1TXAT0042,20170116,SNWD,0,,,N,0600
US1TXAT0042,20170117,SNWD,0,,,N,0600
US1TXAT0042,20170118,SNWD,0,,,N,0600
US1TXAT0042,20170119,SNWD,0,,,N,0600
US1TXAT0042,20170120,SNWD,0,,,N,0600
US1TXAT0042,20170122,SNWD,0,,,N,0600
US1TXAT0042,20170123,SNWD,0,,,N,0600
US1TXAT0042,20170124,SNWD,0,,,N,0600
US1TXAT0042,20170125,SNWD,0,,,N,0600
US1TXAT0042,20170126,SNWD,0,,,N,0600
US1TXAT0042,20170127,SNWD,0,,,N,0600
US1TXAT0042,20170128,SNWD,0,,,N,0600
US1TXAT0042,20170129,SNWD,0,,,N,0600
US1TXAT0042,20170130,SNWD,0,,,N,0600
US1TXAT0042,20170131,SNWD,0,,,N,0600
US1TXAT0042,20170101,WESD,0,,,N,0600
US1TXAT0042,20170102,WESD,0,,,N,0600
US1TXAT0042,20170103,WESD,0,,,N,0600
US1TXAT0042,20170104,WESD,0,,,N,0600
US1TXAT0042,20170105,WESD,0,,,N,0600
US1TXAT0042,20170106,WESD,0,,,N,0600
US1TXAT0042,20170107,WESD,0,,,N,0600
US1TXAT0042,20170108,WESD,0,,,N,0600
US1TXAT0042,20170109,WESD,0,,,N,0600
US1TXAT0042,20170111,WESD,0,,,N,0600
US1TXAT0042,20170112,WESD,0,,,N,0600
US1TXAT0042,20170113,WESD,0,,,N,0600
US1TXAT0042,20170114,WESD,0,,,N,0600
US1TXAT0042,20170115,WESD,0,,,N,0600
US1TXAT0042,20170116,WESD,0,,,N,0600
US1TXAT0042,20170117,WESD,0,,,N,0600
US1TXAT0042,20170118,WESD,0,,,N,0600
US1TXAT0042,20170119,WESD,0,,,N,0600
US1TXAT0042,20170120,WESD,0,,,N,0600
US1TXAT0042,20170122,WESD,0,,,N,0600
US1TXAT0042,20170123,WESD,0,,,N,0600
US1TXAT0042,20170124,WESD,0,,,N,0600
US1TXAT0042,20170125,WESD,0,,,N,0600
US1TXAT0042,20170126,WESD,0,,,N,0600
US1TXAT0042,20170127,WESD,0,,,N,0600
US1TXAT0042,20170128,WESD,0,,,N,0600
US1TXAT0042,20170129,WESD,0,,,N,0600
US1TXAT0042,20170130,WESD,0,,,N,0600
US1TXAT0042,20170131,WESD,0,,,N,0600
US1TXAT0042,20170101,WESF,0,,,N,0600
US1TXAT0042,20170102,WESF,0,,,N,0600
US1TXAT0042,20170103,WESF,0,,,N,0600
US1TXAT0042,20170104,WESF,0,,,N,0600
US1TXAT0042,20170105,WESF,0,,,N,0600
US1TXAT0042,20170106,WESF,0,,,N,0600
US1TXAT0042,20170107,WESF,0,,,N,0600
US1TXAT0042,20170108,WESF,0,,,N,0600
US1TXAT0042,20170109,WESF,0,,,N,0600
US1TXAT0042,20170111,WESF,0,,,N,0600
US1TXAT0042,20170112,WESF,0,,,N,0600
US1TXAT0042,20170113,WESF,0,,,N,0600
US1TXAT0042,20170114,WESF,0,,,N,0600
US1TXAT0042,20170115,WESF,0,,,N,0600
US1TXAT0042,20170116,WESF,0,,,N,0600
US1TXAT0042,20170117,WESF,0,,,N,0600
US1TXAT0042,20170118,WESF,0,,,N,0600
US1TXAT0042,20170119,WESF,0,,,N,0600
US1TXAT0042,20170120,WESF,0,,,N,0600
US1TXAT0042,20170122,WESF,0,,,N,0600
US1TXAT0042,20170123,WESF,0,,,N,0600
US1TXAT0042,20170124,WESF,0,,,N,0600
US1TXAT0042,20170125,WESF,0,,,N,0600
US1TXAT0042,20170126,WESF,0,,,N,0600
US1TXAT0042,20170127,WESF,0,,,N,0600
US1TXAT0042,20170128,WESF,0,,,N,0600
US1TXAT0042,20170129,WESF,0,,,N,0600
US1TXAT0042,20170130,WESF,0,,,N,0600
US1TXAT0042,20170131,WESF,0,,,N,0600
US1TXAT0042,20170201,PRCP,0,,,N,0600
US1TXAT0042,20170202,PRCP,0,,,N,0600
US1TXAT0042,20170203,PRCP,0,,,N,0600
US1TXAT0042,20170204,PRCP,8,,,N,0600
US1TXAT0042,20170205,PRCP,3,,,N,0600
US1TXAT0042,20170206,PRCP,3,,,N,0600
US1TXAT0042,20170207,PRCP,0,T,,N,0600
US1TXAT0042,20170208,PRCP,0,,,N,0600
US1TXAT0042,20170209,PRCP,0,,,N,0600
US1TXAT0042,20170210,PRCP,0,,,N,0600
US1TXAT0042,20170211,PRCP,0,,,N,0600
US1TXAT0042,20170212,PRCP,0,,,N,0600
US1TXAT0042,20170213,PRCP,3,,,N,0600
US1TXAT0042,20170214,PRCP,114,,,N,0600
US1TXAT0042,20170215,PRCP,13,,,N,0600
US1TXAT0042,20170216,PRCP,0,,,N,0600
US1TXAT0042,20170217,PRCP,0,,,N,0600
US1TXAT0042,20170218,PRCP,0,,,N,0600
US1TXAT0042,20170219,PRCP,0,,,N,0600
US1TXAT0042,20170220,PRCP,312,,,N,0600
US1TXAT0042,20170221,PRCP,0,,,N,0600
US1TXAT0042,20170222,PRCP,0,,,N,0600
US1TXAT0042,20170223,PRCP,0,,,N,0600
US1TXAT0042,20170224,PRCP,0,,,N,0600
US1TXAT0042,20170225,PRCP,0,,,N,0600
US1TXAT0042,20170226,PRCP,0,,,N,0600
US1TXAT0042,20170227,PRCP,0,,,N,0600
US1TXAT0042,20170228,PRCP,0,,,N,0600
US1TXAT0042,20170201,SNOW,0,,,N,0600
US1TXAT0042,20170202,SNOW,0,,,N,0600
US1TXAT0042,20170203,SNOW,0,,,N,0600
US1TXAT0042,20170204,SNOW,0,,,N,0600
US1TXAT0042,20170205,SNOW,0,,,N,0600
US1TXAT0042,20170206,SNOW,0,,,N,0600
US1TXAT0042,20170207,SNOW,0,,,N,0600
US1TXAT0042,20170208,SNOW,0,,,N,0600
US1TXAT0042,20170209,SNOW,0,,,N,0600
US1TXAT0042,20170210,SNOW,0,,,N,0600
US1TXAT0042,20170211,SNOW,0,,,N,0600
US1TXAT0042,20170212,SNOW,0,,,N,0600
US1TXAT0042,20170213,SNOW,0,,,N,0600
US1TXAT0042,20170214,SNOW,0,,,N,0600
US1TXAT0042,20170215,SNOW,0,,,N,0600
US1TXAT0042,20170216,SNOW,0,,,N,0600
US1TXAT0042,20170217,SNOW,0,,,N,0600
US1TXAT0042,20170218,SNOW,0,,,N,0600
US1TXAT0042,20170219,SNOW,0,,,N,0600
US1TXAT0042,20170220,SNOW,0,,,N,0600
US1TXAT0042,20170221,SNOW,0,,,N,0600
US1TXAT0042,20170222,SNOW,0,,,N,0600
US1TXAT0042,20170223,SNOW,0,,,N,0600
US1TXAT0042,20170224,SNOW,0,,,N,0600
US1TXAT0042,20170225,SNOW,0,,,N,0600
US1TXAT0042,20170226,SNOW,0,,,N,0600
US1TXAT0042,20170227,SNOW,0,,,N,0600
US1TXAT0042,20170228,SNOW,0,,,N,0600
US1TXAT0042,20170201,SNWD,0,,,N,0600
US1TXAT0042,20170202,SNWD,0,,,N,0600
US1TXAT0042,20170203,SNWD,0,,,N,0600
US1TXAT0042,20170204,SNWD,0,,,N,0600
US1TXAT0042,20170205,SNWD,0,,,N,0600
US1TXAT0042,20170206,SNWD,0,,,N,0600
US1TXAT0042,20170207,SNWD,0,,,N,0600
US1TXAT0042,20170208,SNWD,0,,,N,0600
US1TXAT0042,20170209,SNWD,0,,,N,0600
US1TXAT0042,20170210,SNWD,0,,,N,0600
US1TXAT0042,20170211,SNWD,0,,,N,0600
US1TXAT0042,20170212,SNWD,0,,,N,0600
US1TXAT0042,20170213,SNWD,0,,,N,0600
US1TXAT0042,20170214,SNWD,0,,,N,0600
US1TXAT0042,20170215,SNWD,0,,,N,0600
US1TXAT0042,20170216,SNWD,0,,,N,0600
US1TXAT0042,20170217,SNWD,0,,,N,0600
US1TXAT0042,20170218,SNWD,0,,,N,0600
US1TXAT0042,20170219,SNWD,0,,,N,0600
US1TXAT0042,20170220,SNWD,0,,,N,0600
US1TXAT0042,20170221,SNWD,0,,,N,0600
US1TXAT0042,20170222,SNWD,0,,,N,0600
US1TXAT0042,20170223,SNWD,0,,,N,0600
US1TXAT0042,20170224,SNWD,0,,,N,0600
US1TXAT0042,20170225,SNWD,0,,,N,0600
US1TXAT0042,20170226,SNWD,0,,,N,0600
US1TXAT0042,20170227,SNWD,0,,,N,0600
US1TXAT0042,20170228,SNWD,0,,,N,0600
US1TXAT0042,20170201,WESD,0,,,N,0600
US1TXAT0042,20170202,WESD,0,,,N,0600
US1TXAT0042,20170203,WESD,0,,,N,0600
US1TXAT0042,20170204,WESD,0,,,N,0600
US1TXAT0042,20170205,WESD,0,,,N,0600
US1TXAT0042,20170206,WESD,0,,,N,0600
US1TXAT0042,20170207,WESD,0,,,N,0600
US1TXAT0042,20170208,WESD,0,,,N,0600
US1TXAT0042,20170209,WESD,0,,,N,0600
US1TXAT0042,20170210,WESD,0,,,N,0600
US1TXAT0042,20170211,WESD,0,,,N,0600
US1TXAT0042,20170212,WESD,0,,,N,0600
US1TXAT0042,20170213,WESD,0,,,N,0600
US1TXAT0042,20170214,WESD,0,,,N,0600
US1TXAT0042,20170215,WESD,0,,,N,0600
US1TXAT0042,20170216,WESD,0,,,N,0600
US1TXAT0042,20170217,WESD,0,,,N,0600
US1TXAT0042,20170218,WESD,0,,,N,0600
US1TXAT0042,20170219,WESD,0,,,N,0600
US1TXAT0042,20170220,WESD,0,,,N,0600
US1TXAT0042,20170221,WESD,0,,,N,0600
US1TXAT0042,20170222,WESD,0,,,N,0600
US1TXAT0042,20170223,WESD,0,,,N,0600
US1TXAT0042,20170224,WESD,0,,,N,0600
US1TXAT0042,20170225,WESD,0,,,N,0600
US1TXAT0042,20170226,WESD,0,,,N,0600
US1TXAT0042,20170227,WESD,0,,,N,0600
US1TXAT0042,20170228,WESD,0,,,N,0600
US1TXAT0042,20170201,WESF,0,,,N,0600
US1TXAT0042,20170202,WESF,0,,,N,0600
US1TXAT0042,20170203,WESF,0,,,N,0600
US1TXAT0042,20170204,WESF,0,,,N,0600
US1TXAT0042,20170205,WESF,0,,,N,0600
US1TXAT0042,20170206,WESF,0,,,N,0600
US1TXAT0042,20170207,WESF,0,,,N,0600
US1TXAT0042,20170208,WESF,0,,,N,0600
US1TXAT0042,20170209,WESF,0,,,N,0600
US1TXAT0042,20170210,WESF,0,,,N,0600
US1TXAT0042,20170211,WESF,0,,,N,0600
US1TXAT0042,20170212,WESF,0,,,N,0600
US1TXAT0042,20170213,WESF,0,,,N,0600
US1TXAT0042,20170214,WESF,0,,,N,0600
US1TXAT0042,20170215,WESF,0,,,N,0600
US1TXAT0042,20170216,WESF,0,,,N,0600
US1TXAT0042,20170217,WESF,0,,,N,0600
US1TXAT0042,20170218,WESF,0,,,N,0600
US1TXAT0042,20170219,WESF,0,,,N,0600
US1TXAT0042,20170220,WESF,0,,,N,0600
US1TXAT0042,20170221,WESF,0,,,N,0600
US1TXAT0042,20170222,WESF,0,,,N,0600
US1TXAT0042,20170223,WESF,0,,,N,0600
US1TXAT0042,20170224,WESF,0,,,N,0600
US1TXAT0042,20170225,WESF,0,,,N,0600
US1TXAT0042,20170226,WESF,0,,,N,0600
US1TXAT0042,20170227,WESF,0,,,N,0600
US1TXAT0042,20170228,WESF,0,,,N,0600
US1TXAT0042,20170301,PRCP,0,,,N,0600
US1TXAT0042,20170302,PRCP,0,,,N,0600
US1TXAT0042,20170303,PRCP,0,,,N,0600
US1TXAT0042,20170304,PRCP,0,,,N,0600
US1TXAT0042,20170305,PRCP,323,,,N,2100
US1TXAT0042,20170306,PRCP,0,,,N,0600
US1TXAT0042,20170307,PRCP,0,,,N,0600
US1TXAT0042,20170308,PRCP,0,,,N,0600
US1TXAT0042,20170309,PRCP,0,,,N,0600
US1TXAT0042,20170310,PRCP,257,,,N,0600
US1TXAT0042,20170311,PRCP,71,,,N,0600
US1TXAT0042,20170312,PRCP,5,,,N,0600
US1TXAT0042,20170313,PRCP,0,,,N,0600
US1TXAT0042,20170314,PRCP,0,,,N,0600
US1TXAT0042,20170315,PRCP,0,,,N,0600
US1TXAT0042,20170316,PRCP,0,,,N,0600
US1TXAT0042,20170317,PRCP,0,,,N,0600
US1TXAT0042,20170318,PRCP,0,,,N,0600
US1TXAT0042,20170319,PRCP,0,,,N,0600
US1TXAT0042,20170320,PRCP,0,,,N,0600
US1TXAT0042,20170321,PRCP,0,,,N,0600
US1TXAT0042,20170322,PRCP,0,,,N,0600
US1TXAT0042,20170323,PRCP,0,,,N,0600
US1TXAT0042,20170324,PRCP,0,,,N,0600
US1TXAT0042,20170325,PRCP,0,,,N,0600
US1TXAT0042,20170327,PRCP,0,,,N,0600
US1TXAT0042,20170328,PRCP,0,,,N,0600
US1TXAT0042,20170329,PRCP,43,,,N,0600
US1TXAT0042,20170330,PRCP,0,,,N,0600
US1TXAT0042,20170331,PRCP,0,,,N,0600
US1TXAT0042,20170301,SNOW,0,,,N,0600
US1TXAT0042,20170302,SNOW,0,,,N,0600
US1TXAT0042,20170303,SNOW,0,,,N,0600
US1TXAT0042,20170304,SNOW,0,,,N,0600
US1TXAT0042,20170305,SNOW,0,,,N,2100
US1TXAT0042,20170306,SNOW,0,,,N,0600
US1TXAT0042,20170307,SNOW,0,,,N,0600
US1TXAT0042,20170308,SNOW,0,,,N,0600
US1TXAT0042,20170309,SNOW,0,,,N,0600
US1TXAT0042,20170310,SNOW,0,,,N,0600
US1TXAT0042,20170311,SNOW,0,,,N,0600
US1TXAT0042,20170312,SNOW,0,,,N,0600
US1TXAT0042,20170313,SNOW,0,,,N,0600
US1TXAT0042,20170314,SNOW,0,,,N,0600
US1TXAT0042,20170315,SNOW,0,,,N,0600
US1TXAT0042,20170316,SNOW,0,,,N,0600
US1TXAT0042,20170317,SNOW,0,,,N,0600
US1TXAT0042,20170318,SNOW,0,,,N,0600
US1TXAT0042,20170319,SNOW,0,,,N,0600
US1TXAT0042,20170320,SNOW,0,,,N,0600
US1TXAT0042,20170321,SNOW,0,,,N,0600
US1TXAT0042,20170322,SNOW,0,,,N,0600
US1TXAT0042,20170323,SNOW,0,,,N,0600
US1TXAT0042,20170324,SNOW,0,,,N,0600
US1TXAT0042,20170325,SNOW,0,,,N,0600
US1TXAT0042,20170327,SNOW,0,,,N,0600
US1TXAT0042,20170328,SNOW,0,,,N,0600
US1TXAT0042,20170329,SNOW,0,,,N,0600
US1TXAT0042,20170330,SNOW,0,,,N,0600
US1TXAT0042,20170331,SNOW,0,,,N,0600
US1TXAT0042,20170301,SNWD,0,,,N,0600
US1TXAT0042,20170302,SNWD,0,,,N,0600
US1TXAT0042,20170303,SNWD,0,,,N,0600
US1TXAT0042,20170304,SNWD,0,,,N,0600
US1TXAT0042,20170305,SNWD,0,,,N,2100
US1TXAT0042,20170306,SNWD,0,,,N,0600
US1TXAT0042,20170307,SNWD,0,,,N,0600
US1TXAT0042,20170308,SNWD,0,,,N,0600
US1TXAT0042,20170309,SNWD,0,,,N,0600
US1TXAT0042,20170310,SNWD,0,,,N,0600
US1TXAT0042,20170311,SNWD,0,,,N,0600
US1TXAT0042,20170312,SNWD,0,,,N,0600
US1TXAT0042,20170313,SNWD,0,,,N,0600
US1TXAT0042,20170314,SNWD,0,,,N,0600
US1TXAT0042,20170315,SNWD,0,,,N,0600
US1TXAT0042,20170316,SNWD,0,,,N,0600
US1TXAT0042,20170317,SNWD,0,,,N,0600
US1TXAT0042,20170318,SNWD,0,,,N,0600
US1TXAT0042,20170319,SNWD,0,,,N,0600
US1TXAT0042,20170320,SNWD,0,,,N,0600
US1TXAT0042,20170321,SNWD,0,,,N,0600
US1TXAT0042,20170322,SNWD,0,,,N,0600
US1TXAT0042,20170323,SNWD,0,,,N,0600
US1TXAT0042,20170324,SNWD,0,,,N,0600
US1TXAT0042,20170325,SNWD,0,,,N,0600
US1TXAT0042,20170327,SNWD,0,,,N,0600
US1TXAT0042,20170328,SNWD,0,,,N,0600
US1TXAT0042,20170329,SNWD,0,,,N,0600
US1TXAT0042,20170330,SNWD,0,,,N,0600
US1TXAT0042,20170331,SNWD,0,,,N,0600
US1TXAT0042,20170301,WESD,0,,,N,0600
US1TXAT0042,20170302,WESD,0,,,N,0600
US1TXAT0042,20170303,WESD,0,,,N,0600
US1TXAT0042,20170304,WESD,0,,,N,0600
US1TXAT0042,20170305,WESD,0,,,N,2100
US1TXAT0042,20170306,WESD,0,,,N,0600
US1TXAT0042,20170307,WESD,0,,,N,0600
US1TXAT0042,20170308,WESD,0,,,N,0600
US1TXAT0042,20170309,WESD,0,,,N,0600
US1TXAT0042,20170310,WESD,0,,,N,0600
US1TXAT0042,20170311,WESD,0,,,N,0600
US1TXAT0042,20170312,WESD,0,,,N,0600
US1TXAT0042,20170313,WESD,0,,,N,0600
US1TXAT0042,20170314,WESD,0,,,N,0600
US1TXAT0042,20170315,WESD,0,,,N,0600
US1TXAT0042,20170316,WESD,0,,,N,0600
US1TXAT0042,20170317,WESD,0,,,N,0600
US1TXAT0042,20170318,WESD,0,,,N,0600
US1TXAT0042,20170319,WESD,0,,,N,0600
US1TXAT0042,20170320,WESD,0,,,N,0600
US1TXAT0042,20170321,WESD,0,,,N,0600
US1TXAT0042,20170322,WESD,0,,,N,0600
US1TXAT0042,20170323,WESD,0,,,N,0600
US1TXAT0042,20170324,WESD,0,,,N,0600
US1TXAT0042,20170325,WESD,0,,,N,0600
US1TXAT0042,20170327,WESD,0,,,N,0600
US1TXAT0042,20170328,WESD,0,,,N,0600
US1TXAT0042,20170329,WESD,0,,,N,0600
US1TXAT0042,20170330,WESD,0,,,N,0600
US1TXAT0042,20170331,WESD,0,,,N,0600
US1TXAT0042,20170301,WESF,0,,,N,0600
US1TXAT0042,20170302,WESF,0,,,N,0600
US1TXAT0042,20170303,WESF,0,,,N,0600
US1TXAT0042,20170304,WESF,0,,,N,0600
US1TXAT0042,20170305,WESF,0,,,N,2100
US1TXAT0042,20170306,WESF,0,,,N,0600
US1TXAT0042,20170307,WESF,0,,,N,0600
US1TXAT0042,20170308,WESF,0,,,N,0600
US1TXAT0042,20170309,WESF,0,,,N,0600
US1TXAT0042,20170310,WESF,0,,,N,0600
US1TXAT0042,20170311,WESF,0,,,N,0600
US1TXAT0042,20170312,WESF,0,,,N,0600
US1TXAT0042,20170313,WESF,0,,,N,0600
US1TXAT0042,20170314,WESF,0,,,N,0600
US1TXAT0042,20170315,WESF,0,,,N,0600
US1TXAT0042,20170316,WESF,0,,,N,0600
US1TXAT0042,20170317,WESF,0,,,N,0600
US1TXAT0042,20170318,WESF,0,,,N,0600
US1TXAT0042,20170319,WESF,0,,,N,0600
US1TXAT0042,20170320,WESF,0,,,N,0600
US1TXAT0042,20170321,WESF,0,,,N,0600
US1TXAT0042,20170322,WESF,0,,,N,0600
US1TXAT0042,20170323,WESF,0,,,N,0600
US1TXAT0042,20170324,WESF,0,,,N,0600
US1TXAT0042,20170325,WESF,0,,,N,0600
US1TXAT0042,20170327,WESF,0,,,N,0600
US1TXAT0042,20170328,WESF,0,,,N,0600
US1TXAT0042,20170329,WESF,0,,,N,0600
US1TXAT0042,20170330,WESF,0,,,N,0600
US1TXAT0042,20170331,WESF,0,,,N,0600
US1TXAT0042,20170401,PRCP,0,,,N,0600
US1TXAT0042,20170402,PRCP,0,T,,N,0600
US1TXAT0042,20170403,PRCP,135,,,N,0600
US1TXAT0042,20170404,PRCP,0,,,N,0600
US1TXAT0042,20170405,PRCP,0,,,N,0600
US1TXAT0042,20170406,PRCP,0,,,N,0600
US1TXAT0042,20170407,PRCP,0,,,N,0600
US1TXAT0042,20170408,PRCP,0,,,N,0600
US1TXAT0042,20170410,PRCP,0,T,,N,0600
US1TXAT0042,20170411,PRCP,10,,,N,0600
US1TXAT0042,20170412,PRCP,81,,,N,0600
US1TXAT0042,20170413,PRCP,3,,,N,0600
US1TXAT0042,20170415,PRCP,0,,,N,0600
US1TXAT0042,20170416,PRCP,0,,,N,0600
US1TXAT0042,20170417,PRCP,15,,,N,0600
US1TXAT0042,20170418,PRCP,66,,,N,0600
US1TXAT0042,20170419,PRCP,0,,,N,0600
US1TXAT0042,20170420,PRCP,0,,,N,0600
US1TXAT0042,20170421,PRCP,0,,,N,0600
US1TXAT0042,20170422,PRCP,0,,,N,0600
US1TXAT0042,20170423,PRCP,0,,,N,0600
US1TXAT0042,20170424,PRCP,0,,,N,0600
US1TXAT0042,20170425,PRCP,0,,,N,0600
US1TXAT0042,20170426,PRCP,0,,,N,0600
US1TXAT0042,20170427,PRCP,0,,,N,0600
US1TXAT0042,20170428,PRCP,0,,,N,0600
US1TXAT0042,20170429,PRCP,0,,,N,0600
US1TXAT0042,20170430,PRCP,25,,,N,0600
US1TXAT0042,20170401,SNOW,0,,,N,0600
US1TXAT0042,20170402,SNOW,0,,,N,0600
US1TXAT0042,20170403,SNOW,0,,,N,0600
US1TXAT0042,20170404,SNOW,0,,,N,0600
US1TXAT0042,20170405,SNOW,0,,,N,0600
US1TXAT0042,20170406,SNOW,0,,,N,0600
US1TXAT0042,20170407,SNOW,0,,,N,0600
US1TXAT0042,20170408,SNOW,0,,,N,0600
US1TXAT0042,20170410,SNOW,0,,,N,0600
US1TXAT0042,20170411,SNOW,0,,,N,0600
US1TXAT0042,20170412,SNOW,0,,,N,0600
US1TXAT0042,20170413,SNOW,0,,,N,0600
US1TXAT0042,20170415,SNOW,0,,,N,0600
US1TXAT0042,20170416,SNOW,0,,,N,0600
US1TXAT0042,20170417,SNOW,0,,,N,0600
US1TXAT0042,20170418,SNOW,0,,,N,0600
US1TXAT0042,20170419,SNOW,0,,,N,0600
US1TXAT0042,20170420,SNOW,0,,,N,0600
US1TXAT0042,20170421,SNOW,0,,,N,0600
US1TXAT0042,20170422,SNOW,0,,,N,0600
US1TXAT0042,20170423,SNOW,0,,,N,0600
US1TXAT0042,20170424,SNOW,0,,,N,0600
US1TXAT0042,20170425,SNOW,0,,,N,0600
US1TXAT0042,20170426,SNOW,0,,,N,0600
US1TXAT0042,20170427,SNOW,0,,,N,0600
US1TXAT0042,20170428,SNOW,0,,,N,0600
US1TXAT0042,20170429,SNOW,0,,,N,0600
US1TXAT0042,20170430,SNOW,0,,,N,0600
US1TXAT0042,20170401,SNWD,0,,,N,0600
US1TXAT0042,20170402,SNWD,0,,,N,0600
US1TXAT0042,20170403,SNWD,0,,,N,0600
US1TXAT0042,20170404,SNWD,0,,,N,0600
US1TXAT0042,20170405,SNWD,0,,,N,0600
US1TXAT0042,20170406,SNWD,0,,,N,0600
US1TXAT0042,20170407,SNWD,0,,,N,0600
US1TXAT0042,20170408,SNWD,0,,,N,0600
US1TXAT0042,20170410,SNWD,0,,,N,0600
US1TXAT0042,20170411,SNWD,0,,,N,0600
US1TXAT0042,20170412,SNWD,0,,,N,0600
US1TXAT0042,20170413,SNWD,0,,,N,0600
US1TXAT0042,20170415,SNWD,0,,,N,0600
US1TXAT0042,20170416,SNWD,0,,,N,0600
US1TXAT0042,20170417,SNWD,0,,,N,0600
US1TXAT0042,20170418,SNWD,0,,,N,0600
US1TXAT0042,20170419,SNWD,0,,,N,0600
US1TXAT0042,20170420,SNWD,0,,,N,0600
US1TXAT0042,20170421,SNWD,0,,,N,0600
US1TXAT0042,20170422,SNWD,0,,,N,0600
US1TXAT0042,20170423,SNWD,0,,,N,0600
US1TXAT0042,20170424,SNWD,0,,,N,0600
US1TXAT0042,20170425,SNWD,0,,,N,0600
US1TXAT0042,20170426,SNWD,0,,,N,0600
US1TXAT0042,20170427,SNWD,0,,,N,0600
US1TXAT0042,20170428,SNWD,0,,,N,0600
US1TXAT0042,20170429,SNWD,0,,,N,0600
US1TXAT0042,20170430,SNWD,0,,,N,0600
US1TXAT0042,20170401,WESD,0,,,N,0600
US1TXAT0042,20170402,WESD,0,,,N,0600
US1TXAT0042,20170403,WESD,0,,,N,0600
US1TXAT0042,20170404,WESD,0,,,N,0600
US1TXAT0042,20170405,WESD,0,,,N,0600
US1TXAT0042,20170406,WESD,0,,,N,0600
US1TXAT0042,20170407,WESD,0,,,N,0600
US1TXAT0042,20170408,WESD,0,,,N,0600
US1TXAT0042,20170410,WESD,0,,,N,0600
US1TXAT0042,20170411,WESD,0,,,N,0600
US1TXAT0042,20170412,WESD,0,,,N,0600
US1TXAT0042,20170413,WESD,0,,,N,0600
US1TXAT0042,20170415,WESD,0,,,N,0600
US1TXAT0042,20170416,WESD,0,,,N,0600
US1TXAT0042,20170417,WESD,0,,,N,0600
US1TXAT0042,20170418,WESD,0,,,N,0600
US1TXAT0042,20170419,WESD,0,,,N,0600
US1TXAT0042,20170420,WESD,0,,,N,0600
US1TXAT0042,20170421,WESD,0,,,N,0600
US1TXAT0042,20170422,WESD,0,,,N,0600
US1TXAT0042,20170423,WESD,0,,,N,0600
US1TXAT0042,20170424,WESD,0,,,N,0600
US1TXAT0042,20170425,WESD,0,,,N,0600
US1TXAT0042,20170426,WESD,0,,,N,0600
US1TXAT0042,20170427,WESD,0,,,N,0600
US1TXAT0042,20170428,WESD,0,,,N,0600
US1TXAT0042,20170429,WESD,0,,,N,0600
US1TXAT0042,20170430,WESD,0,,,N,0600
US1TXAT0042,20170401,WESF,0,,,N,0600
US1TXAT0042,20170402,WESF,0,,,N,0600
US1TXAT0042,20170403,WESF,0,,,N,0600
US1TXAT0042,20170404,WESF,0,,,N,0600
US1TXAT0042,20170405,WESF,0,,,N,0600
US1TXAT0042,20170406,WESF,0,,,N,0600
US1TXAT0042,20170407,WESF,0,,,N,0600
US1TXAT0042,20170408,WESF,0,,,N,0600
US1TXAT0042,20170410,WESF,0,,,N,0600
US1TXAT0042,20170411,WESF,0,,,N,0600
US1TXAT0042,20170412,WESF,0,,,N,0600
US1TXAT0042,20170413,WESF,0,,,N,0600
US1TXAT0042,20170415,WESF,0,,,N,0600
US1TXAT0042,20170416,WESF,0,,,N,0600
US1TXAT0042,20170417,WESF,0,,,N,0600
US1TXAT0042,20170418,WESF,0,,,N,0600
US1TXAT0042,20170419,WESF,0,,,N,0600
US1TXAT0042,20170420,WESF,0,,,N,0600
US1TXAT0042,20170421,WESF,0,,,N,0600
US1TXAT0042,20170422,WESF,0,,,N,0600
US1TXAT0042,20170423,WESF,0,,,N,0600
US1TXAT0042,20170424,WESF,0,,,N,0600
US1TXAT0042,20170425,WESF,0,,,N,0600
US1TXAT0042,20170426,WESF,0,,,N,0600
US1TXAT0042,20170427,WESF,0,,,N,0600
US1TXAT0042,20170428,WESF,0,,,N,0600
US1TXAT0042,20170429,WESF,0,,,N,0600
US1TXAT0042,20170430,WESF,0,,,N,0600
US1TXAT0042,20170501,PRCP,0,,,N,0600
US1TXAT0042,20170502,PRCP,0,,,N,0600
US1TXAT0042,20170503,PRCP,0,,,N,0600
US1TXAT0042,20170504,PRCP,0,,,N,0600
US1TXAT0042,20170505,PRCP,0,,,N,0600
US1TXAT0042,20170506,PRCP,0,,,N,0600
US1TXAT0042,20170507,PRCP,0,,,N,0600
US1TXAT0042,20170508,PRCP,0,,,N,0600
US1TXAT0042,20170509,PRCP,0,,,N,0600
US1TXAT0042,20170510,PRCP,3,,,N,0600
US1TXAT0042,20170511,PRCP,0,,,N,0600
US1TXAT0042,20170512,PRCP,0,,,N,0600
US1TXAT0042,20170513,PRCP,0,,,N,0600
US1TXAT0042,20170514,PRCP,0,,,N,0600
US1TXAT0042,20170515,PRCP,0,,,N,0600
US1TXAT0042,20170516,PRCP,0,,,N,0600
US1TXAT0042,20170517,PRCP,0,,,N,0600
US1TXAT0042,20170518,PRCP,20,,,N,0600
US1TXAT0042,20170519,PRCP,0,,,N,0600
US1TXAT0042,20170520,PRCP,10,,,N,0600
US1TXAT0042,20170521,PRCP,0,,,N,0600
US1TXAT0042,20170522,PRCP,498,,,N,0600
US1TXAT0042,20170523,PRCP,0,,,N,0600
US1TXAT0042,20170524,PRCP,3,,,N,0600
US1TXAT0042,20170525,PRCP,0,,,N,0600
US1TXAT0042,20170526,PRCP,0,,,N,0600
US1TXAT0042,20170527,PRCP,0,,,N,0600
US1TXAT0042,20170528,PRCP,0,,,N,0600
US1TXAT0042,20170529,PRCP,18,,,N,0600
US1TXAT0042,20170530,PRCP,0,,,N,0600
US1TXAT0042,20170531,PRCP,3,,,N,0600
US1TXAT0042,20170501,SNOW,0,,,N,0600
US1TXAT0042,20170502,SNOW,0,,,N,0600
US1TXAT0042,20170503,SNOW,0,,,N,0600
US1TXAT0042,20170504,SNOW,0,,,N,0600
US1TXAT0042,20170505,SNOW,0,,,N,0600
US1TXAT0042,20170506,SNOW,0,,,N,0600
US1TXAT0042,20170507,SNOW,0,,,N,0600
US1TXAT0042,20170508,SNOW,0,,,N,0600
US1TXAT0042,20170509,SNOW,0,,,N,0600
US1TXAT0042,20170510,SNOW,0,,,N,0600
US1TXAT0042,20170511,SNOW,0,,,N,0600
US1TXAT0042,20170512,SNOW,0,,,N,0600
US1TXAT0042,20170513,SNOW,0,,,N,0600
US1TXAT0042,20170514,SNOW,0,,,N,0600
US1TXAT0042,20170515,SNOW,0,,,N,0600
US1TXAT0042,20170516,SNOW,0,,,N,0600
US1TXAT0042,20170517,SNOW,0,,,N,0600
US1TXAT0042,20170518,SNOW,0,,,N,0600
US1TXAT0042,20170519,SNOW,0,,,N,0600
US1TXAT0042,20170520,SNOW,0,,,N,0600
US1TXAT0042,20170521,SNOW,0,,,N,0600
US1TXAT0042,20170522,SNOW,0,,,N,0600
US1TXAT0042,20170523,SNOW,0,,,N,0600
US1TXAT0042,20170524,SNOW,0,,,N,0600
US1TXAT0042,20170525,SNOW,0,,,N,0600
US1TXAT0042,20170526,SNOW,0,,,N,0600
US1TXAT0042,20170527,SNOW,0,,,N,0600
US1TXAT0042,20170528,SNOW,0,,,N,0600
US1TXAT0042,20170529,SNOW,0,,,N,0600
US1TXAT0042,20170530,SNOW,0,,,N,0600
US1TXAT0042,20170531,SNOW,0,,,N,0600
US1TXAT0042,20170501,SNWD,0,,,N,0600
US1TXAT0042,20170502,SNWD,0,,,N,0600
US1TXAT0042,20170503,SNWD,0,,,N,0600
US1TXAT0042,20170504,SNWD,0,,,N,0600
US1TXAT0042,20170505,SNWD,0,,,N,0600
US1TXAT0042,20170506,SNWD,0,,,N,0600
US1TXAT0042,20170507,SNWD,0,,,N,0600
US1TXAT0042,20170508,SNWD,0,,,N,0600
US1TXAT0042,20170509,SNWD,0,,,N,0600
US1TXAT0042,20170510,SNWD,0,,,N,0600
US1TXAT0042,20170511,SNWD,0,,,N,0600
US1TXAT0042,20170512,SNWD,0,,,N,0600
US1TXAT0042,20170513,SNWD,0,,,N,0600
US1TXAT0042,20170514,SNWD,0,,,N,0600
US1TXAT0042,20170515,SNWD,0,,,N,0600
US1TXAT0042,20170516,SNWD,0,,,N,0600
US1TXAT0042,20170517,SNWD,0,,,N,0600
US1TXAT0042,20170518,SNWD,0,,,N,0600
US1TXAT0042,20170519,SNWD,0,,,N,0600
US1TXAT0042,20170520,SNWD,0,,,N,0600
US1TXAT0042,20170521,SNWD,0,,,N,0600
US1TXAT0042,20170522,SNWD,0,,,N,0600
US1TXAT0042,20170523,SNWD,0,,,N,0600
US1TXAT0042,20170524,SNWD,0,,,N,0600
US1TXAT0042,20170525,SNWD,0,,,N,0600
US1TXAT0042,20170526,SNWD,0,,,N,0600
US1TXAT0042,20170527,SNWD,0,,,N,0600
US1TXAT0042,20170528,SNWD,0,,,N,0600
US1TXAT0042,20170529,SNWD,0,,,N,0600
US1TXAT0042,20170530,SNWD,0,,,N,0600
US1TXAT0042,20170531,SNWD,0,,,N,0600
US1TXAT0042,20170501,WESD,0,,,N,0600
US1TXAT0042,20170502,WESD,0,,,N,0600
US1TXAT0042,20170503,WESD,0,,,N,0600
US1TXAT0042,20170504,WESD,0,,,N,0600
US1TXAT0042,20170505,WESD,0,,,N,0600
US1TXAT0042,20170506,WESD,0,,,N,0600
US1TXAT0042,20170507,WESD,0,,,N,0600
US1TXAT0042,20170508,WESD,0,,,N,0600
US1TXAT0042,20170509,WESD,0,,,N,0600
US1TXAT0042,20170510,WESD,0,,,N,0600
US1TXAT0042,20170511,WESD,0,,,N,0600
US1TXAT0042,20170512,WESD,0,,,N,0600
US1TXAT0042,20170513,WESD,0,,,N,0600
US1TXAT0042,20170514,WESD,0,,,N,0600
US1TXAT0042,20170515,WESD,0,,,N,0600
US1TXAT0042,20170516,WESD,0,,,N,0600
US1TXAT0042,20170518,WESD,0,,,N,0600
US1TXAT0042,20170519,WESD,0,,,N,0600
US1TXAT0042,20170520,WESD,0,,,N,0600
US1TXAT0042,20170521,WESD,0,,,N,0600
US1TXAT0042,20170522,WESD,0,,,N,0600
US1TXAT0042,20170523,WESD,0,,,N,0600
US1TXAT0042,20170524,WESD,0,,,N,0600
US1TXAT0042,20170525,WESD,0,,,N,0600
US1TXAT0042,20170526,WESD,0,,,N,0600
US1TXAT0042,20170527,WESD,0,,,N,0600
US1TXAT0042,20170528,WESD,0,,,N,0600
US1TXAT0042,20170529,WESD,0,,,N,0600
US1TXAT0042,20170530,WESD,0,,,N,0600
US1TXAT0042,20170531,WESD,0,,,N,0600
US1TXAT0042,20170501,WESF,0,,,N,0600
US1TXAT0042,20170502,WESF,0,,,N,0600
US1TXAT0042,20170503,WESF,0,,,N,0600
US1TXAT0042,20170504,WESF,0,,,N,0600
US1TXAT0042,20170505,WESF,0,,,N,0600
US1TXAT0042,20170506,WESF,0,,,N,0600
US1TXAT0042,20170507,WESF,0,,,N,0600
US1TXAT0042,20170508,WESF,0,,,N,0600
US1TXAT0042,20170509,WESF,0,,,N,0600
US1TXAT0042,20170510,WESF,0,,,N,0600
US1TXAT0042,20170511,WESF,0,,,N,0600
US1TXAT0042,20170512,WESF,0,,,N,0600
US1TXAT0042,20170513,WESF,0,,,N,0600
US1TXAT0042,20170514,WESF,0,,,N,0600
US1TXAT0042,20170515,WESF,0,,,N,0600
US1TXAT0042,20170516,WESF,0,,,N,0600
US1TXAT0042,20170517,WESF,0,,,N,0600
US1TXAT0042,20170518,WESF,0,,,N,0600
US1TXAT0042,20170519,WESF,0,,,N,0600
US1TXAT0042,20170520,WESF,0,,,N,0600
US1TXAT0042,20170521,WESF,0,,,N,0600
US1TXAT0042,20170522,WESF,0,,,N,0600
US1TXAT0042,20170523,WESF,0,,,N,0600
US1TXAT0042,20170524,WESF,0,,,N,0600
US1TXAT0042,20170525,WESF,0,,,N,0600
US1TXAT0042,20170526,WESF,0,,,N,0600
US1TXAT0042,20170527,WESF,0,,,N,0600
US1TXAT0042,20170528,WESF,0,,,N,0600
US1TXAT0042,20170529,WESF,0,,,N,0600
US1TXAT0042,20170530,WESF,0,,,N,0600
US1TXAT0042,20170531,WESF,0,,,N,0600
US1TXAT0042,20170601,PRCP,150,,,N,0600
US1TXAT0042,20170602,PRCP,0,,,N,0600
US1TXAT0042,20170603,PRCP,76,,,N,0600
US1TXAT0042,20170604,PRCP,0,,,N,0600
US1TXAT0042,20170605,PRCP,36,,,N,0600
US1TXAT0042,20170606,PRCP,10,,,N,0600
US1TXAT0042,20170607,PRCP,0,,,N,0600
US1TXAT0042,20170608,PRCP,0,,,N,0600
US1TXAT0042,20170609,PRCP,0,,,N,0600
US1TXAT0042,20170610,PRCP,0,,,N,0600
US1TXAT0042,20170611,PRCP,0,,,N,0600
US1TXAT0042,20170612,PRCP,0,,,N,0600
US1TXAT0042,20170613,PRCP,0,,,N,0600
US1TXAT0042,20170614,PRCP,0,,,N,0600
US1TXAT0042,20170615,PRCP,0,,,N,0600
US1TXAT0042,20170616,PRCP,0,,,N,0600
US1TXAT0042,20170617,PRCP,0,,,N,0600
US1TXAT0042,20170618,PRCP,0,,,N,0600
US1TXAT0042,20170619,PRCP,0,,,N,0600
US1TXAT0042,20170620,PRCP,0,,,N,0600
US1TXAT0042,20170621,PRCP,0,,,N,0600
US1TXAT0042,20170622,PRCP,0,,,N,0600
US1TXAT0042,20170623,PRCP,0,,,N,0600
US1TXAT0042,20170624,PRCP,0,,,N,0600
US1TXAT0042,20170625,PRCP,3,,,N,0600
US1TXAT0042,20170626,PRCP,13,,,N,0600
US1TXAT0042,20170627,PRCP,8,,,N,0600
US1TXAT0042,20170628,PRCP,0,,,N,0600
US1TXAT0042,20170629,PRCP,0,,,N,0600
US1TXAT0042,20170630,PRCP,0,,,N,0600
US1TXAT0042,20170601,SNOW,0,,,N,0600
US1TXAT0042,20170602,SNOW,0,,,N,0600
US1TXAT0042,20170603,SNOW,0,,,N,0600
US1TXAT0042,20170604,SNOW,0,,,N,0600
US1TXAT0042,20170605,SNOW,0,,,N,0600
US1TXAT0042,20170606,SNOW,0,,,N,0600
US1TXAT0042,20170607,SNOW,0,,,N,0600
US1TXAT0042,20170608,SNOW,0,,,N,0600
US1TXAT0042,20170609,SNOW,0,,,N,0600
US1TXAT0042,20170610,SNOW,0,,,N,0600
US1TXAT0042,20170611,SNOW,0,,,N,0600
US1TXAT0042,20170612,SNOW,0,,,N,0600
US1TXAT0042,20170613,SNOW,0,,,N,0600
US1TXAT0042,20170614,SNOW,0,,,N,0600
US1TXAT0042,20170615,SNOW,0,,,N,0600
US1TXAT0042,20170616,SNOW,0,,,N,0600
US1TXAT0042,20170617,SNOW,0,,,N,0600
US1TXAT0042,20170618,SNOW,0,,,N,0600
US1TXAT0042,20170619,SNOW,0,,,N,0600
US1TXAT0042,20170620,SNOW,0,,,N,0600
US1TXAT0042,20170621,SNOW,0,,,N,0600
US1TXAT0042,20170622,SNOW,0,,,N,0600
US1TXAT0042,20170623,SNOW,0,,,N,0600
US1TXAT0042,20170624,SNOW,0,,,N,0600
US1TXAT0042,20170625,SNOW,0,,,N,0600
US1TXAT0042,20170626,SNOW,0,,,N,0600
US1TXAT0042,20170627,SNOW,0,,,N,0600
US1TXAT0042,20170628,SNOW,0,,,N,0600
US1TXAT0042,20170629,SNOW,0,,,N,0600
US1TXAT0042,20170630,SNOW,0,,,N,0600
US1TXAT0042,20170601,SNWD,0,,,N,0600
US1TXAT0042,20170602,SNWD,0,,,N,0600
US1TXAT0042,20170603,SNWD,0,,,N,0600
US1TXAT0042,20170604,SNWD,0,,,N,0600
US1TXAT0042,20170605,SNWD,0,,,N,0600
US1TXAT0042,20170606,SNWD,0,,,N,0600
US1TXAT0042,20170607,SNWD,0,,,N,0600
US1TXAT0042,20170608,SNWD,0,,,N,0600
US1TXAT0042,20170609,SNWD,0,,,N,0600
US1TXAT0042,20170610,SNWD,0,,,N,0600
US1TXAT0042,20170611,SNWD,0,,,N,0600
US1TXAT0042,20170612,SNWD,0,,,N,0600
US1TXAT0042,20170613,SNWD,0,,,N,0600
US1TXAT0042,20170614,SNWD,0,,,N,0600
US1TXAT0042,20170615,SNWD,0,,,N,0600
US1TXAT0042,20170616,SNWD,0,,,N,0600
US1TXAT0042,20170617,SNWD,0,,,N,0600
US1TXAT0042,20170618,SNWD,0,,,N,0600
US1TXAT0042,20170619,SNWD,0,,,N,0600
US1TXAT0042,20170620,SNWD,0,,,N,0600
US1TXAT0042,20170621,SNWD,0,,,N,0600
US1TXAT0042,20170622,SNWD,0,,,N,0600
US1TXAT0042,20170623,SNWD,0,,,N,0600
US1TXAT0042,20170624,SNWD,0,,,N,0600
US1TXAT0042,20170625,SNWD,0,,,N,0600
US1TXAT0042,20170626,SNWD,0,,,N,0600
US1TXAT0042,20170628,SNWD,0,,,N,0600
US1TXAT0042,20170629,SNWD,0,,,N,0600
US1TXAT0042,20170630,SNWD,0,,,N,0600
US1TXAT0042,20170601,WESD,0,,,N,0600
US1TXAT0042,20170602,WESD,0,,,N,0600
US1TXAT0042,20170603,WESD,0,,,N,0600
US1TXAT0042,20170604,WESD,0,,,N,0600
US1TXAT0042,20170605,WESD,0,,,N,0600
US1TXAT0042,20170606,WESD,0,,,N,0600
US1TXAT0042,20170607,WESD,0,,,N,0600
US1TXAT0042,20170608,WESD,0,,,N,0600
US1TXAT0042,20170609,WESD,0,,,N,0600
US1TXAT0042,20170610,WESD,0,,,N,0600
US1TXAT0042,20170611,WESD,0,,,N,0600
US1TXAT0042,20170612,WESD,0,,,N,0600
US1TXAT0042,20170613,WESD,0,,,N,0600
US1TXAT0042,20170614,WESD,0,,,N,0600
US1TXAT0042,20170615,WESD,0,,,N,0600
US1TXAT0042,20170616,WESD,0,,,N,0600
US1TXAT0042,20170617,WESD,0,,,N,0600
US1TXAT0042,20170618,WESD,0,,,N,0600
US1TXAT0042,20170619,WESD,0,,,N,0600
US1TXAT0042,20170620,WESD,0,,,N,0600
US1TXAT0042,20170621,WESD,0,,,N,0600
US1TXAT0042,20170622,WESD,0,,,N,0600
US1TXAT0042,20170623,WESD,0,,,N,0600
US1TXAT0042,20170624,WESD,0,,,N,0600
US1TXAT0042,20170625,WESD,0,,,N,0600
US1TXAT0042,20170626,WESD,0,,,N,0600
US1TXAT0042,20170628,WESD,0,,,N,0600
US1TXAT0042,20170629,WESD,0,,,N,0600
US1TXAT0042,20170630,WESD,0,,,N,0600
US1TXAT0042,20170601,WESF,0,,,N,0600
US1TXAT0042,20170602,WESF,0,,,N,0600
US1TXAT0042,20170603,WESF,0,,,N,0600
US1TXAT0042,20170604,WESF,0,,,N,0600
US1TXAT0042,20170605,WESF,0,,,N,0600
US1TXAT0042,20170606,WESF,0,,,N,0600
US1TXAT0042,20170607,WESF,0,,,N,0600
US1TXAT0042,20170608,WESF,0,,,N,0600
US1TXAT0042,20170609,WESF,0,,,N,0600
US1TXAT0042,20170610,WESF,0,,,N,0600
US1TXAT0042,20170611,WESF,0,,,N,0600
US1TXAT0042,20170612,WESF,0,,,N,0600
US1TXAT0042,20170613,WESF,0,,,N,0600
US1TXAT0042,20170614,WESF,0,,,N,0600
US1TXAT0042,20170615,WESF,0,,,N,0600
US1TXAT0042,20170616,WESF,0,,,N,0600
US1TXAT0042,20170617,WESF,0,,,N,0600
US1TXAT0042,20170618,WESF,0,,,N,0600
US1TXAT0042,20170619,WESF,0,,,N,0600
US1TXAT0042,20170620,WESF,0,,,N,0600
US1TXAT0042,20170621,WESF,0,,,N,0600
US1TXAT0042,20170622,WESF,0,,,N,0600
US1TXAT0042,20170623,WESF,0,,,N,0600
US1TXAT0042,20170624,WESF,0,,,N,0600
US1TXAT0042,20170625,WESF,0,,,N,0600
US1TXAT0042,20170626,WESF,0,,,N,0600
US1TXAT0042,20170628,WESF,0,,,N,0600
US1TXAT0042,20170629,WESF,0,,,N,0600
US1TXAT0042,20170630,WESF,0,,,N,0600
US1TXAT0042,20170701,PRCP,0,,,N,0600
US1TXAT0042,20170702,PRCP,0,,,N,0600
US1TXAT0042,20170703,PRCP,0,,,N,0600
US1TXAT0042,20170704,PRCP,0,,,N,0600
US1TXAT0042,20170705,PRCP,0,,,N,0600
US1TXAT0042,20170706,PRCP,0,,,N,0600
US1TXAT0042,20170707,PRCP,0,,,N,0600
US1TXAT0042,20170708,PRCP,0,,,N,0600
US1TXAT0042,20170709,PRCP,0,,,N,0600
US1TXAT0042,20170710,PRCP,0,,,N,0600
US1TXAT0042,20170711,PRCP,0,,,N,0600
US1TXAT0042,20170712,PRCP,0,,,N,0600
US1TXAT0042,20170713,PRCP,0,T,,N,0600
US1TXAT0042,20170714,PRCP,76,,,N,0600
US1TXAT0042,20170715,PRCP,0,,,N,0600
US1TXAT0042,20170716,PRCP,41,,,N,0600
US1TXAT0042,20170717,PRCP,0,,,N,0600
US1TXAT0042,20170718,PRCP,0,,,N,0600
US1TXAT0042,20170719,PRCP,0,,,N,0600
US1TXAT0042,20170720,PRCP,0,,,N,0600
US1TXAT0042,20170721,PRCP,0,,,N,0600
US1TXAT0042,20170722,PRCP,0,,,N,0600
US1TXAT0042,20170723,PRCP,0,,,N,0600
US1TXAT0042,20170724,PRCP,0,,,N,0600
US1TXAT0042,20170725,PRCP,0,,,N,0600
US1TXAT0042,20170726,PRCP,0,,,N,0600
US1TXAT0042,20170727,PRCP,3,,,N,0600
US1TXAT0042,20170728,PRCP,0,,,N,0600
US1TXAT0042,20170729,PRCP,0,,,N,0600
US1TXAT0042,20170730,PRCP,0,,,N,0600
US1TXAT0042,20170731,PRCP,15,,,N,0600
US1TXAT0042,20170701,SNOW,0,,,N,0600
US1TXAT0042,20170702,SNOW,0,,,N,0600
US1TXAT0042,20170703,SNOW,0,,,N,0600
US1TXAT0042,20170704,SNOW,0,,,N,0600
US1TXAT0042,20170705,SNOW,0,,,N,0600
US1TXAT0042,20170706,SNOW,0,,,N,0600
US1TXAT0042,20170707,SNOW,0,,,N,0600
US1TXAT0042,20170708,SNOW,0,,,N,0600
US1TXAT0042,20170709,SNOW,0,,,N,0600
US1TXAT0042,20170710,SNOW,0,,,N,0600
US1TXAT0042,20170711,SNOW,0,,,N,0600
US1TXAT0042,20170712,SNOW,0,,,N,0600
US1TXAT0042,20170713,SNOW,0,,,N,0600
US1TXAT0042,20170714,SNOW,0,,,N,0600
US1TXAT0042,20170715,SNOW,0,,,N,0600
US1TXAT0042,20170716,SNOW,0,,,N,0600
US1TXAT0042,20170717,SNOW,0,,,N,0600
US1TXAT0042,20170718,SNOW,0,,,N,0600
US1TXAT0042,20170719,SNOW,0,,,N,0600
US1TXAT0042,20170720,SNOW,0,,,N,0600
US1TXAT0042,20170721,SNOW,0,,,N,0600
US1TXAT0042,20170722,SNOW,0,,,N,0600
US1TXAT0042,20170723,SNOW,0,,,N,0600
US1TXAT0042,20170724,SNOW,0,,,N,0600
US1TXAT0042,20170725,SNOW,0,,,N,0600
US1TXAT0042,20170726,SNOW,0,,,N,0600
US1TXAT0042,20170727,SNOW,0,,,N,0600
US1TXAT0042,20170728,SNOW,0,,,N,0600
US1TXAT0042,20170729,SNOW,0,,,N,0600
US1TXAT0042,20170730,SNOW,0,,,N,0600
US1TXAT0042,20170731,SNOW,0,,,N,0600
US1TXAT0042,20170701,SNWD,0,,,N,0600
US1TXAT0042,20170702,SNWD,0,,,N,0600
US1TXAT0042,20170703,SNWD,0,,,N,0600
US1TXAT0042,20170704,SNWD,0,,,N,0600
US1TXAT0042,20170705,SNWD,0,,,N,0600
US1TXAT0042,20170706,SNWD,0,,,N,0600
US1TXAT0042,20170707,SNWD,0,,,N,0600
US1TXAT0042,20170708,SNWD,0,,,N,0600
US1TXAT0042,20170709,SNWD,0,,,N,0600
US1TXAT0042,20170710,SNWD,0,,,N,0600
US1TXAT0042,20170711,SNWD,0,,,N,0600
US1TXAT0042,20170712,SNWD,0,,,N,0600
US1TXAT0042,20170713,SNWD,0,,,N,0600
US1TXAT0042,20170714,SNWD,0,,,N,0600
US1TXAT0042,20170715,SNWD,0,,,N,0600
US1TXAT0042,20170716,SNWD,0,,,N,0600
US1TXAT0042,20170717,SNWD,0,,,N,0600
US1TXAT0042,20170718,SNWD,0,,,N,0600
US1TXAT0042,20170719,SNWD,0,,,N,0600
US1TXAT0042,20170720,SNWD,0,,,N,0600
US1TXAT0042,20170721,SNWD,0,,,N,0600
US1TXAT0042,20170722,SNWD,0,,,N,0600
US1TXAT0042,20170723,SNWD,0,,,N,0600
US1TXAT0042,20170724,SNWD,0,,,N,0600
US1TXAT0042,20170725,SNWD,0,,,N,0600
US1TXAT0042,20170726,SNWD,0,,,N,0600
US1TXAT0042,20170727,SNWD,0,,,N,0600
US1TXAT0042,20170728,SNWD,0,,,N,0600
US1TXAT0042,20170729,SNWD,0,,,N,0600
US1TXAT0042,20170730,SNWD,0,,,N,0600
US1TXAT0042,20170731,SNWD,0,,,N,0600
US1TXAT0042,20170701,WESD,0,,,N,0600
US1TXAT0042,20170702,WESD,0,,,N,0600
US1TXAT0042,20170703,WESD,0,,,N,0600
US1TXAT0042,20170704,WESD,0,,,N,0600
US1TXAT0042,20170705,WESD,0,,,N,0600
US1TXAT0042,20170706,WESD,0,,,N,0600
US1TXAT0042,20170707,WESD,0,,,N,0600
US1TXAT0042,20170708,WESD,0,,,N,0600
US1TXAT0042,20170709,WESD,0,,,N,0600
US1TXAT0042,20170710,WESD,0,,,N,0600
US1TXAT0042,20170711,WESD,0,,,N,0600
US1TXAT0042,20170712,WESD,0,,,N,0600
US1TXAT0042,20170713,WESD,0,,,N,0600
US1TXAT0042,20170714,WESD,0,,,N,0600
US1TXAT0042,20170715,WESD,0,,,N,0600
US1TXAT0042,20170716,WESD,0,,,N,0600
US1TXAT0042,20170717,WESD,0,,,N,0600
US1TXAT0042,20170718,WESD,0,,,N,0600
US1TXAT0042,20170719,WESD,0,,,N,0600
US1TXAT0042,20170720,WESD,0,,,N,0600
US1TXAT0042,20170721,WESD,0,,,N,0600
US1TXAT0042,20170722,WESD,0,,,N,0600
US1TXAT0042,20170723,WESD,0,,,N,0600
US1TXAT0042,20170724,WESD,0,,,N,0600
US1TXAT0042,20170725,WESD,0,,,N,0600
US1TXAT0042,20170726,WESD,0,,,N,0600
US1TXAT0042,20170727,WESD,0,,,N,0600
US1TXAT0042,20170728,WESD,0,,,N,0600
US1TXAT0042,20170729,WESD,0,,,N,0600
US1TXAT0042,20170730,WESD,0,,,N,0600
US1TXAT0042,20170731,WESD,0,,,N,0600
US1TXAT0042,20170701,WESF,0,,,N,0600
US1TXAT0042,20170702,WESF,0,,,N,0600
US1TXAT0042,20170703,WESF,0,,,N,0600
US1TXAT0042,20170704,WESF,0,,,N,0600
US1TXAT0042,20170705,WESF,0,,,N,0600
US1TXAT0042,20170706,WESF,0,,,N,0600
US1TXAT0042,20170707,WESF,0,,,N,0600
US1TXAT0042,20170708,WESF,0,,,N,0600
US1TXAT0042,20170709,WESF,0,,,N,0600
US1TXAT0042,20170710,WESF,0,,,N,0600
US1TXAT0042,20170711,WESF,0,,,N,0600
US1TXAT0042,20170712,WESF,0,,,N,0600
US1TXAT0042,20170713,WESF,0,,,N,0600
US1TXAT0042,20170714,WESF,0,,,N,0600
US1TXAT0042,20170715,WESF,0,,,N,0600
US1TXAT0042,20170716,WESF,0,,,N,0600
US1TXAT0042,20170717,WESF,0,,,N,0600
US1TXAT0042,20170718,WESF,0,,,N,0600
US1TXAT0042,20170719,WESF,0,,,N,0600
US1TXAT0042,20170720,WESF,0,,,N,0600
US1TXAT0042,20170721,WESF,0,,,N,0600
US1TXAT0042,20170722,WESF,0,,,N,0600
US1TXAT0042,20170723,WESF,0,,,N,0600
US1TXAT0042,20170724,WESF,0,,,N,0600
US1TXAT0042,20170725,WESF,0,,,N,0600
US1TXAT0042,20170726,WESF,0,,,N,0600
US1TXAT0042,20170727,WESF,0,,,N,0600
US1TXAT0042,20170728,WESF,0,,,N,0600
US1TXAT0042,20170729,WESF,0,,,N,0600
US1TXAT0042,20170730,WESF,0,,,N,0600
US1TXAT0042,20170731,WESF,0,,,N,0600
US1TXAT0042,20170801,PRCP,0,,,N,0600
US1TXAT0042,20170802,PRCP,0,,,N,0600
US1TXAT0042,20170803,PRCP,211,,,N,0600
US1TXAT0042,20170804,PRCP,178,,,N,0600
US1TXAT0042,20170805,PRCP,0,,,N,0600
US1TXAT0042,20170806,PRCP,0,,,N,0600
US1TXAT0042,20170807,PRCP,13,,,N,0600
US1TXAT0042,20170808,PRCP,414,,,N,0600
US1TXAT0042,20170809,PRCP,0,,,N,0600
US1TXAT0042,20170810,PRCP,0,,,N,0600
US1TXAT0042,20170811,PRCP,112,,,N,0600
US1TXAT0042,20170812,PRCP,0,,,N,0600
US1TXAT0042,20170813,PRCP,0,,,N,0600
US1TXAT0042,20170814,PRCP,0,,,N,0600
US1TXAT0042,20170815,PRCP,0,,,N,0600
US1TXAT0042,20170817,PRCP,0,,,N,0600
US1TXAT0042,20170818,PRCP,0,,,N,0600
US1TXAT0042,20170819,PRCP,0,,,N,0600
US1TXAT0042,20170820,PRCP,0,,,N,0600
US1TXAT0042,20170821,PRCP,0,,,N,0600
US1TXAT0042,20170822,PRCP,0,,,N,0600
US1TXAT0042,20170823,PRCP,0,,,N,0600
US1TXAT0042,20170824,PRCP,8,,,N,0600
US1TXAT0042,20170825,PRCP,0,,,N,0600
US1TXAT0042,20170826,PRCP,51,,,N,0600
US1TXAT0042,20170827,PRCP,127,,,N,0600
US1TXAT0042,20170828,PRCP,0,,,N,0600
US1TXAT0042,20170829,PRCP,0,,,N,0600
US1TXAT0042,20170830,PRCP,0,,,N,0600
US1TXAT0042,20170831,PRCP,0,,,N,0600
US1TXAT0042,20170801,SNOW,0,,,N,0600
US1TXAT0042,20170802,SNOW,0,,,N,0600
US1TXAT0042,20170803,SNOW,0,,,N,0600
US1TXAT0042,20170804,SNOW,0,,,N,0600
US1TXAT0042,20170805,SNOW,0,,,N,0600
US1TXAT0042,20170806,SNOW,0,,,N,0600
US1TXAT0042,20170807,SNOW,0,,,N,0600
US1TXAT0042,20170808,SNOW,0,,,N,0600
US1TXAT0042,20170809,SNOW,0,,,N,0600
US1TXAT0042,20170810,SNOW,0,,,N,0600
US1TXAT0042,20170811,SNOW,0,,,N,0600
US1TXAT0042,20170812,SNOW,0,,,N,0600
US1TXAT0042,20170813,SNOW,0,,,N,0600
US1TXAT0042,20170814,SNOW,0,,,N,0600
US1TXAT0042,20170815,SNOW,0,,,N,0600
US1TXAT0042,20170817,SNOW,0,,,N,0600
US1TXAT0042,20170818,SNOW,0,,,N,0600
US1TXAT0042,20170819,SNOW,0,,,N,0600
US1TXAT0042,20170820,SNOW,0,,,N,0600
US1TXAT0042,20170821,SNOW,0,,,N,0600
US1TXAT0042,20170822,SNOW,0,,,N,0600
US1TXAT0042,20170823,SNOW,0,,,N,0600
US1TXAT0042,20170824,SNOW,0,,,N,0600
US1TXAT0042,20170825,SNOW,0,,,N,0600
US1TXAT0042,20170826,SNOW,0,,,N,0600
US1TXAT0042,20170827,SNOW,0,,,N,0600
US1TXAT0042,20170828,SNOW,0,,,N,0600
US1TXAT0042,20170829,SNOW,0,,,N,0600
US1TXAT0042,20170830,SNOW,0,,,N,0600
US1TXAT0042,20170831,SNOW,0,,,N,0600
US1TXAT0042,20170801,SNWD,0,,,N,0600
US1TXAT0042,20170802,SNWD,0,,,N,0600
US1TXAT0042,20170803,SNWD,0,,,N,0600
US1TXAT0042,20170804,SNWD,0,,,N,0600
US1TXAT0042,20170805,SNWD,0,,,N,0600
US1TXAT0042,20170806,SNWD,0,,,N,0600
US1TXAT0042,20170807,SNWD,0,,,N,0600
US1TXAT0042,20170808,SNWD,0,,,N,0600
US1TXAT0042,20170809,SNWD,0,,,N,0600
US1TXAT0042,20170810,SNWD,0,,,N,0600
US1TXAT0042,20170811,SNWD,0,,,N,0600
US1TXAT0042,20170812,SNWD,0,,,N,0600
US1TXAT0042,20170813,SNWD,0,,,N,0600
US1TXAT0042,20170814,SNWD,0,,,N,0600
US1TXAT0042,20170815,SNWD,0,,,N,0600
US1TXAT0042,20170817,SNWD,0,,,N,0600
US1TXAT0042,20170818,SNWD,0,,,N,0600
US1TXAT0042,20170819,SNWD,0,,,N,0600
US1TXAT0042,20170820,SNWD,0,,,N,0600
US1TXAT0042,20170821,SNWD,0,,,N,0600
US1TXAT0042,20170822,SNWD,0,,,N,0600
US1TXAT0042,20170823,SNWD,0,,,N,0600
US1TXAT0042,20170824,SNWD,0,,,N,0600
US1TXAT0042,20170825,SNWD,0,,,N,0600
US1TXAT0042,20170826,SNWD,0,,,N,0600
US1TXAT0042,20170827,SNWD,0,,,N,0600
US1TXAT0042,20170828,SNWD,0,,,N,0600
US1TXAT0042,20170829,SNWD,0,,,N,0600
US1TXAT0042,20170830,SNWD,0,,,N,0600
US1TXAT0042,20170831,SNWD,0,,,N,0600
US1TXAT0042,20170801,WESD,0,,,N,0600
US1TXAT0042,20170802,WESD,0,,,N,0600
US1TXAT0042,20170803,WESD,0,,,N,0600
US1TXAT0042,20170804,WESD,0,,,N,0600
US1TXAT0042,20170805,WESD,0,,,N,0600
US1TXAT0042,20170806,WESD,0,,,N,0600
US1TXAT0042,20170807,WESD,0,,,N,0600
US1TXAT0042,20170808,WESD,0,,,N,0600
US1TXAT0042,20170809,WESD,0,,,N,0600
US1TXAT0042,20170810,WESD,0,,,N,0600
US1TXAT0042,20170811,WESD,0,,,N,0600
US1TXAT0042,20170812,WESD,0,,,N,0600
US1TXAT0042,20170813,WESD,0,,,N,0600
US1TXAT0042,20170814,WESD,0,,,N,0600
US1TXAT0042,20170815,WESD,0,,,N,0600
US1TXAT0042,20170817,WESD,0,,,N,0600
US1TXAT0042,20170818,WESD,0,,,N,0600
US1TXAT0042,20170819,WESD,0,,,N,0600
US1TXAT0042,20170820,WESD,0,,,N,0600
US1TXAT0042,20170821,WESD,0,,,N,0600
US1TXAT0042,20170822,WESD,0,,,N,0600
US1TXAT0042,20170823,WESD,0,,,N,0600
US1TXAT0042,20170824,WESD,0,,,N,0600
US1TXAT0042,20170825,WESD,0,,,N,0600
US1TXAT0042,20170826,WESD,0,,,N,0600
US1TXAT0042,20170827,WESD,0,,,N,0600
US1TXAT0042,20170828,WESD,0,,,N,0600
US1TXAT0042,20170829,WESD,0,,,N,0600
US1TXAT0042,20170830,WESD,0,,,N,0600
US1TXAT0042,20170831,WESD,0,,,N,0600
US1TXAT0042,20170801,WESF,0,,,N,0600
US1TXAT0042,20170802,WESF,0,,,N,0600
US1TXAT0042,20170803,WESF,0,,,N,0600
US1TXAT0042,20170804,WESF,0,,,N,0600
US1TXAT0042,20170805,WESF,0,,,N,0600
US1TXAT0042,20170806,WESF,0,,,N,0600
US1TXAT0042,20170807,WESF,0,,,N,0600
US1TXAT0042,20170808,WESF,0,,,N,0600
US1TXAT0042,20170809,WESF,0,,,N,0600
US1TXAT0042,20170810,WESF,0,,,N,0600
US1TXAT0042,20170811,WESF,0,,,N,0600
US1TXAT0042,20170812,WESF,0,,,N,0600
US1TXAT0042,20170813,WESF,0,,,N,0600
US1TXAT0042,20170814,WESF,0,,,N,0600
US1TXAT0042,20170815,WESF,0,,,N,0600
US1TXAT0042,20170817,WESF,0,,,N,0600
US1TXAT0042,20170818,WESF,0,,,N,0600
US1TXAT0042,20170819,WESF,0,,,N,0600
US1TXAT0042,20170820,WESF,0,,,N,0600
US1TXAT0042,20170821,WESF,0,,,N,0600
US1TXAT0042,20170822,WESF,0,,,N,0600
US1TXAT0042,20170823,WESF,0,,,N,0600
US1TXAT0042,20170824,WESF,0,,,N,0600
US1TXAT0042,20170825,WESF,0,,,N,0600
US1TXAT0042,20170826,WESF,0,,,N,0600
US1TXAT0042,20170827,WESF,0,,,N,0600
US1TXAT0042,20170828,WESF,0,,,N,0600
US1TXAT0042,20170829,WESF,0,,,N,0600
US1TXAT0042,20170830,WESF,0,,,N,0600
US1TXAT0042,20170831,WESF,0,,,N,0600
US1TXAT0042,20170901,PRCP,0,,,N,0600
US1TXAT0042,20170902,PRCP,0,,,N,0600
US1TXAT0042,20170903,PRCP,0,,,N,0600
US1TXAT0042,20170904,PRCP,0,,,N,0600
US1TXAT0042,20170905,PRCP,0,,,N,0600
US1TXAT0042,20170906,PRCP,0,,,N,0600
US1TXAT0042,20170907,PRCP,0,,,N,0600
US1TXAT0042,20170908,PRCP,0,,,N,0600
US1TXAT0042,20170909,PRCP,0,,L,N,0600
US1TXAT0042,20170910,PRCP,0,,L,N,0600
US1TXAT0042,20170911,PRCP,0,,L,N,0600
US1TXAT0042,20170912,PRCP,0,,,N,0600
US1TXAT0042,20170913,PRCP,0,,,N,0600
US1TXAT0042,20170914,PRCP,0,,,N,0600
US1TXAT0042,20170915,PRCP,0,,,N,0600
US1TXAT0042,20170916,PRCP,0,,,N,0600
US1TXAT0042,20170917,PRCP,0,,,N,0600
US1TXAT0042,20170918,PRCP,0,,,N,0600
US1TXAT0042,20170920,PRCP,10,,,N,0600
US1TXAT0042,20170921,PRCP,0,,,N,0600
US1TXAT0042,20170922,PRCP,0,,,N,0600
US1TXAT0042,20170923,PRCP,0,,,N,0600
US1TXAT0042,20170924,PRCP,0,,,N,0600
US1TXAT0042,20170925,PRCP,0,,,N,0600
US1TXAT0042,20170926,PRCP,170,,,N,0600
US1TXAT0042,20170927,PRCP,312,,,N,0600
US1TXAT0042,20170928,PRCP,279,,,N,0600
US1TXAT0042,20170929,PRCP,33,,,N,0600
US1TXAT0042,20170930,PRCP,0,,,N,0600
US1TXAT0042,20170901,SNOW,0,,,N,0600
US1TXAT0042,20170902,SNOW,0,,,N,0600
US1TXAT0042,20170903,SNOW,0,,,N,0600
US1TXAT0042,20170904,SNOW,0,,,N,0600
US1TXAT0042,20170905,SNOW,0,,,N,0600
US1TXAT0042,20170906,SNOW,0,,,N,0600
US1TXAT0042,20170907,SNOW,0,,,N,0600
US1TXAT0042,20170908,SNOW,0,,,N,0600
US1TXAT0042,20170909,SNOW,0,,,N,0600
US1TXAT0042,20170910,SNOW,0,,,N,0600
US1TXAT0042,20170911,SNOW,0,,,N,0600
US1TXAT0042,20170912,SNOW,0,,,N,0600
US1TXAT0042,20170913,SNOW,0,,,N,0600
US1TXAT0042,20170914,SNOW,0,,,N,0600
US1TXAT0042,20170915,SNOW,0,,,N,0600
US1TXAT0042,20170916,SNOW,0,,,N,0600
US1TXAT0042,20170917,SNOW,0,,,N,0600
US1TXAT0042,20170918,SNOW,0,,,N,0600
US1TXAT0042,20170920,SNOW,0,,,N,0600
US1TXAT0042,20170921,SNOW,0,,,N,0600
US1TXAT0042,20170922,SNOW,0,,,N,0600
US1TXAT0042,20170923,SNOW,0,,,N,0600
US1TXAT0042,20170924,SNOW,0,,,N,0600
US1TXAT0042,20170925,SNOW,0,,,N,0600
US1TXAT0042,20170926,SNOW,0,,,N,0600
US1TXAT0042,20170927,SNOW,0,,,N,0600
US1TXAT0042,20170928,SNOW,0,,,N,0600
US1TXAT0042,20170929,SNOW,0,,,N,0600
US1TXAT0042,20170930,SNOW,0,,,N,0600
US1TXAT0042,20170901,SNWD,0,,,N,0600
US1TXAT0042,20170902,SNWD,0,,,N,0600
US1TXAT0042,20170903,SNWD,0,,,N,0600
US1TXAT0042,20170904,SNWD,0,,,N,0600
US1TXAT0042,20170905,SNWD,0,,,N,0600
US1TXAT0042,20170906,SNWD,0,,,N,0600
US1TXAT0042,20170907,SNWD,0,,,N,0600
US1TXAT0042,20170908,SNWD,0,,,N,0600
US1TXAT0042,20170909,SNWD,0,,,N,0600
US1TXAT0042,20170910,SNWD,0,,,N,0600
US1TXAT0042,20170911,SNWD,0,,,N,0600
US1TXAT0042,20170912,SNWD,0,,,N,0600
US1TXAT0042,20170913,SNWD,0,,,N,0600
US1TXAT0042,20170914,SNWD,0,,,N,0600
US1TXAT0042,20170915,SNWD,0,,,N,0600
US1TXAT0042,20170916,SNWD,0,,,N,0600
US1TXAT0042,20170917,SNWD,0,,,N,0600
US1TXAT0042,20170918,SNWD,0,,,N,0600
US1TXAT0042,20170920,SNWD,0,,,N,0600
US1TXAT0042,20170921,SNWD,0,,,N,0600
US1TXAT0042,20170922,SNWD,0,,,N,0600
US1TXAT0042,20170923,SNWD,0,,,N,0600
US1TXAT0042,20170924,SNWD,0,,,N,0600
US1TXAT0042,20170925,SNWD,0,,,N,0600
US1TXAT0042,20170926,SNWD,0,,,N,0600
US1TXAT0042,20170927,SNWD,0,,,N,0600
US1TXAT0042,20170928,SNWD,0,,,N,0600
US1TXAT0042,20170929,SNWD,0,,,N,0600
US1TXAT0042,20170930,SNWD,0,,,N,0600
US1TXAT0042,20170911,DAPR,3,,L,N,0600
US1TXAT0042,20170911,MDPR,0,,L,N,0600
US1TXAT0042,20170901,WESD,0,,,N,0600
US1TXAT0042,20170902,WESD,0,,,N,0600
US1TXAT0042,20170903,WESD,0,,,N,0600
US1TXAT0042,20170904,WESD,0,,,N,0600
US1TXAT0042,20170905,WESD,0,,,N,0600
US1TXAT0042,20170906,WESD,0,,,N,0600
US1TXAT0042,20170907,WESD,0,,,N,0600
US1TXAT0042,20170908,WESD,0,,,N,0600
US1TXAT0042,20170909,WESD,0,,,N,0600
US1TXAT0042,20170910,WESD,0,,,N,0600
US1TXAT0042,20170911,WESD,0,,,N,0600
US1TXAT0042,20170912,WESD,0,,,N,0600
US1TXAT0042,20170913,WESD,0,,,N,0600
US1TXAT0042,20170914,WESD,0,,,N,0600
US1TXAT0042,20170915,WESD,0,,,N,0600
US1TXAT0042,20170916,WESD,0,,,N,0600
US1TXAT0042,20170917,WESD,0,,,N,0600
US1TXAT0042,20170918,WESD,0,,,N,0600
US1TXAT0042,20170920,WESD,0,,,N,0600
US1TXAT0042,20170921,WESD,0,,,N,0600
US1TXAT0042,20170922,WESD,0,,,N,0600
US1TXAT0042,20170923,WESD,0,,,N,0600
US1TXAT0042,20170924,WESD,0,,,N,0600
US1TXAT0042,20170925,WESD,0,,,N,0600
US1TXAT0042,20170926,WESD,0,,,N,0600
US1TXAT0042,20170927,WESD,0,,,N,0600
US1TXAT0042,20170928,WESD,0,,,N,0600
US1TXAT0042,20170929,WESD,0,,,N,0600
US1TXAT0042,20170930,WESD,0,,,N,0600
US1TXAT0042,20170901,WESF,0,,,N,0600
US1TXAT0042,20170902,WESF,0,,,N,0600
US1TXAT0042,20170903,WESF,0,,,N,0600
US1TXAT0042,20170904,WESF,0,,,N,0600
US1TXAT0042,20170905,WESF,0,,,N,0600
US1TXAT0042,20170906,WESF,0,,,N,0600
US1TXAT0042,20170907,WESF,0,,,N,0600
US1TXAT0042,20170908,WESF,0,,,N,0600
US1TXAT0042,20170909,WESF,0,,,N,0600
US1TXAT0042,20170910,WESF,0,,,N,0600
US1TXAT0042,20170911,WESF,0,,,N,0600
US1TXAT0042,20170912,WESF,0,,,N,0600
US1TXAT0042,20170913,WESF,0,,,N,0600
US1TXAT0042,20170914,WESF,0,,,N,0600
US1TXAT0042,20170915,WESF,0,,,N,0600
US1TXAT0042,20170916,WESF,0,,,N,0600
US1TXAT0042,20170917,WESF,0,,,N,0600
US1TXAT0042,20170918,WESF,0,,,N,0600
US1TXAT0042,20170920,WESF,0,,,N,0600
US1TXAT0042,20170921,WESF,0,,,N,0600
US1TXAT0042,20170922,WESF,0,,,N,0600
US1TXAT0042,20170923,WESF,0,,,N,0600
US1TXAT0042,20170924,WESF,0,,,N,0600
US1TXAT0042,20170925,WESF,0,,,N,0600
US1TXAT0042,20170926,WESF,0,,,N,0600
US1TXAT0042,20170927,WESF,0,,,N,0600
US1TXAT0042,20170928,WESF,0,,,N,0600
US1TXAT0042,20170929,WESF,0,,,N,0600
US1TXAT0042,20170930,WESF,0,,,N,0600
US1TXAT0042,20171001,PRCP,0,,,N,0600
US1TXAT0042,20171002,PRCP,0,,,N,0600
US1TXAT0042,20171003,PRCP,0,,,N,0600
US1TXAT0042,20171004,PRCP,3,,,N,0600
US1TXAT0042,20171005,PRCP,168,,,N,0600
US1TXAT0042,20171006,PRCP,0,,,N,0600
US1TXAT0042,20171007,PRCP,0,,,N,0600
US1TXAT0042,20171008,PRCP,0,,,N,0600
US1TXAT0042,20171009,PRCP,0,,,N,0600
US1TXAT0042,20171010,PRCP,0,,,N,0600
US1TXAT0042,20171011,PRCP,0,,,N,0600
US1TXAT0042,20171012,PRCP,18,,,N,0600
US1TXAT0042,20171013,PRCP,0,,,N,0600
US1TXAT0042,20171014,PRCP,0,,,N,0600
US1TXAT0042,20171015,PRCP,0,,,N,0600
US1TXAT0042,20171016,PRCP,0,,,N,0600
US1TXAT0042,20171017,PRCP,0,,,N,0600
US1TXAT0042,20171018,PRCP,0,,,N,0600
US1TXAT0042,20171019,PRCP,0,,,N,0600
US1TXAT0042,20171020,PRCP,0,,,N,0600
US1TXAT0042,20171021,PRCP,0,,,N,0600
US1TXAT0042,20171022,PRCP,0,,,N,0600
US1TXAT0042,20171023,PRCP,3,,,N,0600
US1TXAT0042,20171024,PRCP,0,,,N,0600
US1TXAT0042,20171025,PRCP,0,,,N,0600
US1TXAT0042,20171026,PRCP,0,,,N,0600
US1TXAT0042,20171027,PRCP,0,,,N,0600
US1TXAT0042,20171028,PRCP,0,,,N,0600
US1TXAT0042,20171029,PRCP,0,,,N,0600
US1TXAT0042,20171030,PRCP,0,,,N,0600
US1TXAT0042,20171031,PRCP,0,,,N,0600
US1TXAT0042,20171001,SNOW,0,,,N,0600
US1TXAT0042,20171002,SNOW,0,,,N,0600
US1TXAT0042,20171003,SNOW,0,,,N,0600
US1TXAT0042,20171004,SNOW,0,,,N,0600
US1TXAT0042,20171005,SNOW,0,,,N,0600
US1TXAT0042,20171006,SNOW,0,,,N,0600
US1TXAT0042,20171007,SNOW,0,,,N,0600
US1TXAT0042,20171008,SNOW,0,,,N,0600
US1TXAT0042,20171009,SNOW,0,,,N,0600
US1TXAT0042,20171010,SNOW,0,,,N,0600
US1TXAT0042,20171011,SNOW,0,,,N,0600
US1TXAT0042,20171012,SNOW,0,,,N,0600
US1TXAT0042,20171013,SNOW,0,,,N,0600
US1TXAT0042,20171014,SNOW,0,,,N,0600
US1TXAT0042,20171015,SNOW,0,,,N,0600
US1TXAT0042,20171016,SNOW,0,,,N,0600
US1TXAT0042,20171017,SNOW,0,,,N,0600
US1TXAT0042,20171018,SNOW,0,,,N,0600
US1TXAT0042,20171019,SNOW,0,,,N,0600
US1TXAT0042,20171020,SNOW,0,,,N,0600
US1TXAT0042,20171021,SNOW,0,,,N,0600
US1TXAT0042,20171022,SNOW,0,,,N,0600
US1TXAT0042,20171023,SNOW,0,,,N,0600
US1TXAT0042,20171024,SNOW,0,,,N,0600
US1TXAT0042,20171025,SNOW,0,,,N,0600
US1TXAT0042,20171026,SNOW,0,,,N,0600
US1TXAT0042,20171027,SNOW,0,,,N,0600
US1TXAT0042,20171028,SNOW,0,,,N,0600
US1TXAT0042,20171029,SNOW,0,,,N,0600
US1TXAT0042,20171030,SNOW,0,,,N,0600
US1TXAT0042,20171031,SNOW,0,,,N,0600
US1TXAT0042,20171001,SNWD,0,,,N,0600
US1TXAT0042,20171002,SNWD,0,,,N,0600
US1TXAT0042,20171003,SNWD,0,,,N,0600
US1TXAT0042,20171004,SNWD,0,,,N,0600
US1TXAT0042,20171005,SNWD,0,,,N,0600
US1TXAT0042,20171006,SNWD,0,,,N,0600
US1TXAT0042,20171007,SNWD,0,,,N,0600
US1TXAT0042,20171008,SNWD,0,,,N,0600
US1TXAT0042,20171009,SNWD,0,,,N,0600
US1TXAT0042,20171010,SNWD,0,,,N,0600
US1TXAT0042,20171011,SNWD,0,,,N,0600
US1TXAT0042,20171012,SNWD,0,,,N,0600
US1TXAT0042,20171013,SNWD,0,,,N,0600
US1TXAT0042,20171014,SNWD,0,,,N,0600
US1TXAT0042,20171015,SNWD,0,,,N,0600
US1TXAT0042,20171016,SNWD,0,,,N,0600
US1TXAT0042,20171017,SNWD,0,,,N,0600
US1TXAT0042,20171018,SNWD,0,,,N,0600
US1TXAT0042,20171019,SNWD,0,,,N,0600
US1TXAT0042,20171020,SNWD,0,,,N,0600
US1TXAT0042,20171021,SNWD,0,,,N,0600
US1TXAT0042,20171022,SNWD,0,,,N,0600
US1TXAT0042,20171023,SNWD,0,,,N,0600
US1TXAT0042,20171024,SNWD,0,,,N,0600
US1TXAT0042,20171025,SNWD,0,,,N,0600
US1TXAT0042,20171026,SNWD,0,,,N,0600
US1TXAT0042,20171027,SNWD,0,,,N,0600
US1TXAT0042,20171028,SNWD,0,,,N,0600
US1TXAT0042,20171029,SNWD,0,,,N,0600
US1TXAT0042,20171030,SNWD,0,,,N,0600
US1TXAT0042,20171031,SNWD,0,,,N,0600
US1TXAT0042,20171001,WESD,0,,,N,0600
US1TXAT0042,20171002,WESD,0,,,N,0600
US1TXAT0042,20171003,WESD,0,,,N,0600
US1TXAT0042,20171004,WESD,0,,,N,0600
US1TXAT0042,20171005,WESD,0,,,N,0600
US1TXAT0042,20171006,WESD,0,,,N,0600
US1TXAT0042,20171007,WESD,0,,,N,0600
US1TXAT0042,20171008,WESD,0,,,N,0600
US1TXAT0042,20171009,WESD,0,,,N,0600
US1TXAT0042,20171010,WESD,0,,,N,0600
US1TXAT0042,20171011,WESD,0,,,N,0600
US1TXAT0042,20171012,WESD,0,,,N,0600
US1TXAT0042,20171013,WESD,0,,,N,0600
US1TXAT0042,20171014,WESD,0,,,N,0600
US1TXAT0042,20171015,WESD,0,,,N,0600
US1TXAT0042,20171016,WESD,0,,,N,0600
US1TXAT0042,20171017,WESD,0,,,N,0600
US1TXAT0042,20171018,WESD,0,,,N,0600
US1TXAT0042,20171019,WESD,0,,,N,0600
US1TXAT0042,20171020,WESD,0,,,N,0600
US1TXAT0042,20171021,WESD,0,,,N,0600
US1TXAT0042,20171022,WESD,0,,,N,0600
US1TXAT0042,20171023,WESD,0,,,N,0600
US1TXAT0042,20171024,WESD,0,,,N,0600
US1TXAT0042,20171025,WESD,0,,,N,0600
US1TXAT0042,20171026,WESD,0,,,N,0600
US1TXAT0042,20171027,WESD,0,,,N,0600
US1TXAT0042,20171028,WESD,0,,,N,0600
US1TXAT0042,20171029,WESD,0,,,N,0600
US1TXAT0042,20171030,WESD,0,,,N,0600
US1TXAT0042,20171031,WESD,0,,,N,0600
US1TXAT0042,20171001,WESF,0,,,N,0600
US1TXAT0042,20171002,WESF,0,,,N,0600
US1TXAT0042,20171003,WESF,0,,,N,0600
US1TXAT0042,20171004,WESF,0,,,N,0600
US1TXAT0042,20171005,WESF,0,,,N,0600
US1TXAT0042,20171006,WESF,0,,,N,0600
US1TXAT0042,20171007,WESF,0,,,N,0600
US1TXAT0042,20171008,WESF,0,,,N,0600
US1TXAT0042,20171009,WESF,0,,,N,0600
US1TXAT0042,20171010,WESF,0,,,N,0600
US1TXAT0042,20171011,WESF,0,,,N,0600
US1TXAT0042,20171012,WESF,0,,,N,0600
US1TXAT0042,20171013,WESF,0,,,N,0600
US1TXAT0042,20171014,WESF,0,,,N,0600
US1TXAT0042,20171015,WESF,0,,,N,0600
US1TXAT0042,20171016,WESF,0,,,N,0600
US1TXAT0042,20171017,WESF,0,,,N,0600
US1TXAT0042,20171018,WESF,0,,,N,0600
US1TXAT0042,20171019,WESF,0,,,N,0600
US1TXAT0042,20171020,WESF,0,,,N,0600
US1TXAT0042,20171021,WESF,0,,,N,0600
US1TXAT0042,20171022,WESF,0,,,N,0600
US1TXAT0042,20171023,WESF,0,,,N,0600
US1TXAT0042,20171024,WESF,0,,,N,0600
US1TXAT0042,20171025,WESF,0,,,N,0600
US1TXAT0042,20171026,WESF,0,,,N,0600
US1TXAT0042,20171027,WESF,0,,,N,0600
US1TXAT0042,20171028,WESF,0,,,N,0600
US1TXAT0042,20171029,WESF,0,,,N,0600
US1TXAT0042,20171030,WESF,0,,,N,0600
US1TXAT0042,20171031,WESF,0,,,N,0600
US1TXAT0042,20171101,PRCP,0,T,,N,0600
US1TXAT0042,20171102,PRCP,0,,,N,0600
US1TXAT0042,20171103,PRCP,0,,,N,0600
US1TXAT0042,20171104,PRCP,0,,,N,0600
US1TXAT0042,20171105,PRCP,0,,,N,0600
US1TXAT0042,20171106,PRCP,0,,,N,0600
US1TXAT0042,20171107,PRCP,0,,,N,0600
US1TXAT0042,20171108,PRCP,0,,,N,0600
US1TXAT0042,20171109,PRCP,0,,,N,0600
US1TXAT0042,20171110,PRCP,0,,,N,0600
US1TXAT0042,20171111,PRCP,0,,,N,0600
US1TXAT0042,20171112,PRCP,25,,,N,0600
US1TXAT0042,20171113,PRCP,147,,,N,0600
US1TXAT0042,20171114,PRCP,0,,,N,0600
US1TXAT0042,20171115,PRCP,0,,,N,0600
US1TXAT0042,20171116,PRCP,0,,,N,0600
US1TXAT0042,20171117,PRCP,0,,,N,0600
US1TXAT0042,20171118,PRCP,0,,,N,0600
US1TXAT0042,20171119,PRCP,0,,,N,0600
US1TXAT0042,20171120,PRCP,0,,,N,0600
US1TXAT0042,20171121,PRCP,0,,,N,0600
US1TXAT0042,20171122,PRCP,0,,,N,0600
US1TXAT0042,20171123,PRCP,0,,,N,0600
US1TXAT0042,20171124,PRCP,0,,,N,0600
US1TXAT0042,20171125,PRCP,0,,,N,0600
US1TXAT0042,20171126,PRCP,0,,,N,0600
US1TXAT0042,20171127,PRCP,0,,,N,0600
US1TXAT0042,20171128,PRCP,0,,,N,0600
US1TXAT0042,20171129,PRCP,0,,,N,0600
US1TXAT0042,20171130,PRCP,0,,,N,0600
US1TXAT0042,20171101,SNOW,0,,,N,0600
US1TXAT0042,20171102,SNOW,0,,,N,0600
US1TXAT0042,20171103,SNOW,0,,,N,0600
US1TXAT0042,20171104,SNOW,0,,,N,0600
US1TXAT0042,20171105,SNOW,0,,,N,0600
US1TXAT0042,20171106,SNOW,0,,,N,0600
US1TXAT0042,20171107,SNOW,0,,,N,0600
US1TXAT0042,20171108,SNOW,0,,,N,0600
US1TXAT0042,20171109,SNOW,0,,,N,0600
US1TXAT0042,20171110,SNOW,0,,,N,0600
US1TXAT0042,20171111,SNOW,0,,,N,0600
US1TXAT0042,20171112,SNOW,0,,,N,0600
US1TXAT0042,20171113,SNOW,0,,,N,0600
US1TXAT0042,20171114,SNOW,0,,,N,0600
US1TXAT0042,20171115,SNOW,0,,,N,0600
US1TXAT0042,20171116,SNOW,0,,,N,0600
US1TXAT0042,20171117,SNOW,0,,,N,0600
US1TXAT0042,20171118,SNOW,0,,,N,0600
US1TXAT0042,20171119,SNOW,0,,,N,0600
US1TXAT0042,20171120,SNOW,0,,,N,0600
US1TXAT0042,20171121,SNOW,0,,,N,0600
US1TXAT0042,20171122,SNOW,0,,,N,0600
US1TXAT0042,20171123,SNOW,0,,,N,0600
US1TXAT0042,20171124,SNOW,0,,,N,0600
US1TXAT0042,20171125,SNOW,0,,,N,0600
US1TXAT0042,20171126,SNOW,0,,,N,0600
US1TXAT0042,20171127,SNOW,0,,,N,0600
US1TXAT0042,20171128,SNOW,0,,,N,0600
US1TXAT0042,20171129,SNOW,0,,,N,0600
US1TXAT0042,20171130,SNOW,0,,,N,0600
US1TXAT0042,20171101,SNWD,0,,,N,0600
US1TXAT0042,20171102,SNWD,0,,,N,0600
US1TXAT0042,20171103,SNWD,0,,,N,0600
US1TXAT0042,20171104,SNWD,0,,,N,0600
US1TXAT0042,20171105,SNWD,0,,,N,0600
US1TXAT0042,20171106,SNWD,0,,,N,0600
US1TXAT0042,20171107,SNWD,0,,,N,0600
US1TXAT0042,20171108,SNWD,0,,,N,0600
US1TXAT0042,20171109,SNWD,0,,,N,0600
US1TXAT0042,20171110,SNWD,0,,,N,0600
US1TXAT0042,20171111,SNWD,0,,,N,0600
US1TXAT0042,20171112,SNWD,0,,,N,0600
US1TXAT0042,20171113,SNWD,0,,,N,0600
US1TXAT0042,20171114,SNWD,0,,,N,0600
US1TXAT0042,20171115,SNWD,0,,,N,0600
US1TXAT0042,20171116,SNWD,0,,,N,0600
US1TXAT0042,20171117,SNWD,0,,,N,0600
US1TXAT0042,20171118,SNWD,0,,,N,0600
US1TXAT0042,20171119,SNWD,0,,,N,0600
US1TXAT0042,20171120,SNWD,0,,,N,0600
US1TXAT0042,20171121,SNWD,0,,,N,0600
US1TXAT0042,20171122,SNWD,0,,,N,0600
US1TXAT0042,20171123,SNWD,0,,,N,0600
US1TXAT0042,20171124,SNWD,0,,,N,0600
US1TXAT0042,20171125,SNWD,0,,,N,0600
US1TXAT0042,20171126,SNWD,0,,,N,0600
US1TXAT0042,20171127,SNWD,0,,,N,0600
US1TXAT0042,20171128,SNWD,0,,,N,0600
US1TXAT0042,20171129,SNWD,0,,,N,0600
US1TXAT0042,20171130,SNWD,0,,,N,0600
US1TXAT0042,20171101,WESD,0,,,N,0600
US1TXAT0042,20171102,WESD,0,,,N,0600
US1TXAT0042,20171103,WESD,0,,,N,0600
US1TXAT0042,20171104,WESD,0,,,N,0600
US1TXAT0042,20171105,WESD,0,,,N,0600
US1TXAT0042,20171106,WESD,0,,,N,0600
US1TXAT0042,20171107,WESD,0,,,N,0600
US1TXAT0042,20171108,WESD,0,,,N,0600
US1TXAT0042,20171109,WESD,0,,,N,0600
US1TXAT0042,20171110,WESD,0,,,N,0600
US1TXAT0042,20171111,WESD,0,,,N,0600
US1TXAT0042,20171112,WESD,0,,,N,0600
US1TXAT0042,20171113,WESD,0,,,N,0600
US1TXAT0042,20171114,WESD,0,,,N,0600
US1TXAT0042,20171115,WESD,0,,,N,0600
US1TXAT0042,20171116,WESD,0,,,N,0600
US1TXAT0042,20171117,WESD,0,,,N,0600
US1TXAT0042,20171118,WESD,0,,,N,0600
US1TXAT0042,20171119,WESD,0,,,N,0600
US1TXAT0042,20171120,WESD,0,,,N,0600
US1TXAT0042,20171121,WESD,0,,,N,0600
US1TXAT0042,20171122,WESD,0,,,N,0600
US1TXAT0042,20171123,WESD,0,,,N,0600
US1TXAT0042,20171124,WESD,0,,,N,0600
US1TXAT0042,20171125,WESD,0,,,N,0600
US1TXAT0042,20171126,WESD,0,,,N,0600
US1TXAT0042,20171127,WESD,0,,,N,0600
US1TXAT0042,20171128,WESD,0,,,N,0600
US1TXAT0042,20171129,WESD,0,,,N,0600
US1TXAT0042,20171130,WESD,0,,,N,0600
US1TXAT0042,20171101,WESF,0,,,N,0600
US1TXAT0042,20171102,WESF,0,,,N,0600
US1TXAT0042,20171103,WESF,0,,,N,0600
US1TXAT0042,20171104,WESF,0,,,N,0600
US1TXAT0042,20171105,WESF,0,,,N,0600
US1TXAT0042,20171106,WESF,0,,,N,0600
US1TXAT0042,20171107,WESF,0,,,N,0600
US1TXAT0042,20171108,WESF,0,,,N,0600
US1TXAT0042,20171109,WESF,0,,,N,0600
US1TXAT0042,20171110,WESF,0,,,N,0600
US1TXAT0042,20171111,WESF,0,,,N,0600
US1TXAT0042,20171112,WESF,0,,,N,0600
US1TXAT0042,20171113,WESF,0,,,N,0600
US1TXAT0042,20171114,WESF,0,,,N,0600
US1TXAT0042,20171115,WESF,0,,,N,0600
US1TXAT0042,20171116,WESF,0,,,N,0600
US1TXAT0042,20171117,WESF,0,,,N,0600
US1TXAT0042,20171118,WESF,0,,,N,0600
US1TXAT0042,20171119,WESF,0,,,N,0600
US1TXAT0042,20171120,WESF,0,,,N,0600
US1TXAT0042,20171121,WESF,0,,,N,0600
US1TXAT0042,20171122,WESF,0,,,N,0600
US1TXAT0042,20171123,WESF,0,,,N,0600
US1TXAT0042,20171124,WESF,0,,,N,0600
US1TXAT0042,20171125,WESF,0,,,N,0600
US1TXAT0042,20171126,WESF,0,,,N,0600
US1TXAT0042,20171127,WESF,0,,,N,0600
US1TXAT0042,20171128,WESF,0,,,N,0600
US1TXAT0042,20171129,WESF,0,,,N,0600
US1TXAT0042,20171130,WESF,0,,,N,0600
US1TXAT0042,20171201,PRCP,0,,,N,0600
US1TXAT0042,20171202,PRCP,0,,,N,0600
US1TXAT0042,20171203,PRCP,0,,,N,0600
US1TXAT0042,20171204,PRCP,0,,,N,0600
US1TXAT0042,20171205,PRCP,0,,,N,0600
US1TXAT0042,20171206,PRCP,5,,,N,0600
US1TXAT0042,20171207,PRCP,178,,,N,0600
US1TXAT0042,20171208,PRCP,193,,,N,0600
US1TXAT0042,20171209,PRCP,0,,,N,0600
US1TXAT0042,20171210,PRCP,0,,,N,0600
US1TXAT0042,20171211,PRCP,0,,,N,0600
US1TXAT0042,20171212,PRCP,0,,,N,0600
US1TXAT0042,20171213,PRCP,0,,,N,0600
US1TXAT0042,20171214,PRCP,0,,,N,0600
US1TXAT0042,20171215,PRCP,5,,,N,0600
US1TXAT0042,20171216,PRCP,0,,,N,0600
US1TXAT0042,20171217,PRCP,272,,,N,0600
US1TXAT0042,20171218,PRCP,3,,,N,0600
US1TXAT0042,20171219,PRCP,175,,,N,0600
US1TXAT0042,20171220,PRCP,13,,,N,0600
US1TXAT0042,20171221,PRCP,0,,,N,0600
US1TXAT0042,20171222,PRCP,0,,,N,0600
US1TXAT0042,20171223,PRCP,0,,,N,0600
US1TXAT0042,20171224,PRCP,0,,,N,0600
US1TXAT0042,20171226,PRCP,3,,,N,0600
US1TXAT0042,20171227,PRCP,13,,,N,0600
US1TXAT0042,20171228,PRCP,0,,,N,0600
US1TXAT0042,20171229,PRCP,0,,,N,0600
US1TXAT0042,20171230,PRCP,0,,,N,0600
US1TXAT0042,20171231,PRCP,0,,,N,0600
US1TXAT0042,20171201,SNOW,0,,,N,0600
US1TXAT0042,20171202,SNOW,0,,,N,0600
US1TXAT0042,20171203,SNOW,0,,,N,0600
US1TXAT0042,20171204,SNOW,0,,,N,0600
US1TXAT0042,20171205,SNOW,0,,,N,0600
US1TXAT0042,20171206,SNOW,0,,,N,0600
US1TXAT0042,20171207,SNOW,0,,,N,0600
US1TXAT0042,20171209,SNOW,0,,,N,0600
US1TXAT0042,20171210,SNOW,0,,,N,0600
US1TXAT0042,20171211,SNOW,0,,,N,0600
US1TXAT0042,20171212,SNOW,0,,,N,0600
US1TXAT0042,20171213,SNOW,0,,,N,0600
US1TXAT0042,20171214,SNOW,0,,,N,0600
US1TXAT0042,20171215,SNOW,0,,,N,0600
US1TXAT0042,20171216,SNOW,0,,,N,0600
US1TXAT0042,20171217,SNOW,0,,,N,0600
US1TXAT0042,20171218,SNOW,0,,,N,0600
US1TXAT0042,20171219,SNOW,0,,,N,0600
US1TXAT0042,20171220,SNOW,0,,,N,0600
US1TXAT0042,20171221,SNOW,0,,,N,0600
US1TXAT0042,20171222,SNOW,0,,,N,0600
US1TXAT0042,20171223,SNOW,0,,,N,0600
US1TXAT0042,20171224,SNOW,0,,,N,0600
US1TXAT0042,20171226,SNOW,0,,,N,0600
US1TXAT0042,20171227,SNOW,0,,,N,0600
US1TXAT0042,20171228,SNOW,0,,,N,0600
US1TXAT0042,20171229,SNOW,0,,,N,0600
US1TXAT0042,20171230,SNOW,0,,,N,0600
US1TXAT0042,20171231,SNOW,0,,,N,0600
US1TXAT0042,20171201,SNWD,0,,,N,0600
US1TXAT0042,20171202,SNWD,0,,,N,0600
US1TXAT0042,20171203,SNWD,0,,,N,0600
US1TXAT0042,20171204,SNWD,0,,,N,0600
US1TXAT0042,20171205,SNWD,0,,,N,0600
US1TXAT0042,20171206,SNWD,0,,,N,0600
US1TXAT0042,20171207,SNWD,0,,,N,0600
US1TXAT0042,20171209,SNWD,0,,,N,0600
US1TXAT0042,20171210,SNWD,0,,,N,0600
US1TXAT0042,20171211,SNWD,0,,,N,0600
US1TXAT0042,20171212,SNWD,0,,,N,0600
US1TXAT0042,20171213,SNWD,0,,,N,0600
US1TXAT0042,20171214,SNWD,0,,,N,0600
US1TXAT0042,20171215,SNWD,0,,,N,0600
US1TXAT0042,20171216,SNWD,0,,,N,0600
US1TXAT0042,20171217,SNWD,0,,,N,0600
US1TXAT0042,20171218,SNWD,0,,,N,0600
US1TXAT0042,20171219,SNWD,0,,,N,0600
US1TXAT0042,20171220,SNWD,0,,,N,0600
US1TXAT0042,20171221,SNWD,0,,,N,0600
US1TXAT0042,20171222,SNWD,0,,,N,0600
US1TXAT0042,20171223,SNWD,0,,,N,0600
US1TXAT0042,20171224,SNWD,0,,,N,0600
US1TXAT0042,20171226,SNWD,0,,,N,0600
US1TXAT0042,20171227,SNWD,0,,,N,0600
US1TXAT0042,20171228,SNWD,0,,,N,0600
US1TXAT0042,20171229,SNWD,0,,,N,0600
US1TXAT0042,20171230,SNWD,0,,,N,0600
US1TXAT0042,20171231,SNWD,0,,,N,0600
US1TXAT0042,20171201,WESD,0,,,N,0600
US1TXAT0042,20171202,WESD,0,,,N,0600
US1TXAT0042,20171203,WESD,0,,,N,0600
US1TXAT0042,20171204,WESD,0,,,N,0600
US1TXAT0042,20171205,WESD,0,,,N,0600
US1TXAT0042,20171206,WESD,0,,,N,0600
US1TXAT0042,20171207,WESD,0,,,N,0600
US1TXAT0042,20171209,WESD,0,,,N,0600
US1TXAT0042,20171210,WESD,0,,,N,0600
US1TXAT0042,20171211,WESD,0,,,N,0600
US1TXAT0042,20171212,WESD,0,,,N,0600
US1TXAT0042,20171213,WESD,0,,,N,0600
US1TXAT0042,20171214,WESD,0,,,N,0600
US1TXAT0042,20171215,WESD,0,,,N,0600
US1TXAT0042,20171216,WESD,0,,,N,0600
US1TXAT0042,20171217,WESD,0,,,N,0600
US1TXAT0042,20171218,WESD,0,,,N,0600
US1TXAT0042,20171219,WESD,0,,,N,0600
US1TXAT0042,20171220,WESD,0,,,N,0600
US1TXAT0042,20171221,WESD,0,,,N,0600
US1TXAT0042,20171222,WESD,0,,,N,0600
US1TXAT0042,20171223,WESD,0,,,N,0600
US1TXAT0042,20171224,WESD,0,,,N,0600
US1TXAT0042,20171226,WESD,0,,,N,0600
US1TXAT0042,20171227,WESD,0,,,N,0600
US1TXAT0042,20171228,WESD,0,,,N,0600
US1TXAT0042,20171229,WESD,0,,,N,0600
US1TXAT0042,20171230,WESD,0,,,N,0600
US1TXAT0042,20171231,WESD,0,,,N,0600
US1TXAT0042,20171201,WESF,0,,,N,0600
US1TXAT0042,20171202,WESF,0,,,N,0600
US1TXAT0042,20171203,WESF,0,,,N,0600
US1TXAT0042,20171204,WESF,0,,,N,0600
US1TXAT0042,20171205,WESF,0,,,N,0600
US1TXAT0042,20171206,WESF,0,,,N,0600
US1TXAT0042,20171207,WESF,0,,,N,0600
US1TXAT0042,20171209,WESF,0,,,N,0600
US1TXAT0042,20171210,WESF,0,,,N,0600
US1TXAT0042,20171211,WESF,0,,,N,0600
US1TXAT0042,20171212,WESF,0,,,N,0600
US1TXAT0042,20171213,WESF,0,,,N,0600
US1TXAT0042,20171214,WESF,0,,,N,0600
US1TXAT0042,20171215,WESF,0,,,N,0600
US1TXAT0042,20171216,WESF,0,,,N,0600
US1TXAT0042,20171217,WESF,0,,,N,0600
US1TXAT0042,20171218,WESF,0,,,N,0600
US1TXAT0042,20171219,WESF,0,,,N,0600
US1TXAT0042,20171220,WESF,0,,,N,0600
US1TXAT0042,20171221,WESF,0,,,N,0600
US1TXAT0042,20171222,WESF,0,,,N,0600
US1TXAT0042,20171223,WESF,0,,,N,0600
US1TXAT0042,20171224,WESF,0,,,N,0600
US1TXAT0042,20171226,WESF,0,,,N,0600
US1TXAT0042,20171227,WESF,0,,,N,0600
US1TXAT0042,20171228,WESF,0,,,N,0600
US1TXAT0042,20171229,WESF,0,,,N,0600
US1TXAT0042,20171230,WESF,0,,,N,0600
US1TXAT0042,20171231,WESF,0,,,N,0600
US1TXAT0042,20180101,PRCP,0,,,N,0600
US1TXAT0042,20180102,PRCP,0,,,N,0600
US1TXAT0042,20180103,PRCP,0,,,N,0600
US1TXAT0042,20180104,PRCP,0,,,N,0600
US1TXAT0042,20180105,PRCP,0,,,N,0600
US1TXAT0042,20180106,PRCP,0,,,N,0600
US1TXAT0042,20180107,PRCP,0,,,N,0600
US1TXAT0042,20180108,PRCP,0,,,N,0600
US1TXAT0042,20180109,PRCP,0,,,N,0600
US1TXAT0042,20180110,PRCP,0,,,N,0600
US1TXAT0042,20180111,PRCP,0,,,N,0600
US1TXAT0042,20180112,PRCP,0,,,N,0600
US1TXAT0042,20180113,PRCP,0,,,N,0600
US1TXAT0042,20180114,PRCP,0,,,N,0600
US1TXAT0042,20180115,PRCP,0,,,N,0600
US1TXAT0042,20180116,PRCP,10,,,N,0600
US1TXAT0042,20180117,PRCP,0,,,N,0600
US1TXAT0042,20180118,PRCP,0,,,N,0600
US1TXAT0042,20180119,PRCP,0,,,N,0600
US1TXAT0042,20180120,PRCP,15,,,N,0600
US1TXAT0042,20180121,PRCP,3,,,N,0600
US1TXAT0042,20180122,PRCP,0,T,,N,0600
US1TXAT0042,20180123,PRCP,0,,,N,0600
US1TXAT0042,20180124,PRCP,0,,,N,0600
US1TXAT0042,20180125,PRCP,0,,,N,0600
US1TXAT0042,20180126,PRCP,0,T,,N,0600
US1TXAT0042,20180127,PRCP,30,,,N,0600
US1TXAT0042,20180128,PRCP,0,,,N,0600
US1TXAT0042,20180129,PRCP,0,,,N,0600
US1TXAT0042,20180130,PRCP,0,,,N,0600
US1TXAT0042,20180131,PRCP,0,,,N,0600
US1TXAT0042,20180101,SNOW,0,,,N,0600
US1TXAT0042,20180102,SNOW,0,,,N,0600
US1TXAT0042,20180103,SNOW,0,,,N,0600
US1TXAT0042,20180104,SNOW,0,,,N,0600
US1TXAT0042,20180105,SNOW,0,,,N,0600
US1TXAT0042,20180106,SNOW,0,,,N,0600
US1TXAT0042,20180107,SNOW,0,,,N,0600
US1TXAT0042,20180108,SNOW,0,,,N,0600
US1TXAT0042,20180109,SNOW,0,,,N,0600
US1TXAT0042,20180110,SNOW,0,,,N,0600
US1TXAT0042,20180111,SNOW,0,,,N,0600
US1TXAT0042,20180112,SNOW,0,,,N,0600
US1TXAT0042,20180113,SNOW,0,,,N,0600
US1TXAT0042,20180114,SNOW,0,,,N,0600
US1TXAT0042,20180115,SNOW,0,,,N,0600
US1TXAT0042,20180116,SNOW,0,,,N,0600
US1TXAT0042,20180117,SNOW,0,,,N,0600
US1TXAT0042,20180118,SNOW,0,,,N,0600
US1TXAT0042,20180119,SNOW,0,,,N,0600
US1TXAT0042,20180120,SNOW,0,,,N,0600
US1TXAT0042,20180121,SNOW,0,,,N,0600
US1TXAT0042,20180122,SNOW,0,,,N,0600
US1TXAT0042,20180123,SNOW,0,,,N,0600
US1TXAT0042,20180124,SNOW,0,,,N,0600
US1TXAT0042,20180125,SNOW,0,,,N,0600
US1TXAT0042,20180126,SNOW,0,,,N,0600
US1TXAT0042,20180127,SNOW,0,,,N,0600
US1TXAT0042,20180128,SNOW,0,,,N,0600
US1TXAT0042,20180129,SNOW,0,,,N,0600
US1TXAT0042,20180130,SNOW,0,,,N,0600
US1TXAT0042,20180131,SNOW,0,,,N,0600
US1TXAT0042,20180101,SNWD,0,,,N,0600
US1TXAT0042,20180102,SNWD,0,,,N,0600
US1TXAT0042,20180103,SNWD,0,,,N,0600
US1TXAT0042,20180104,SNWD,0,,,N,0600
US1TXAT0042,20180105,SNWD,0,,,N,0600
US1TXAT0042,20180106,SNWD,0,,,N,0600
US1TXAT0042,20180107,SNWD,0,,,N,0600
US1TXAT0042,20180108,SNWD,0,,,N,0600
US1TXAT0042,20180109,SNWD,0,,,N,0600
US1TXAT0042,20180110,SNWD,0,,,N,0600
US1TXAT0042,20180111,SNWD,0,,,N,0600
US1TXAT0042,20180112,SNWD,0,,,N,0600
US1TXAT0042,20180113,SNWD,0,,,N,0600
US1TXAT0042,20180114,SNWD,0,,,N,0600
US1TXAT0042,20180115,SNWD,0,,,N,0600
US1TXAT0042,20180116,SNWD,0,,,N,0600
US1TXAT0042,20180117,SNWD,0,,,N,0600
US1TXAT0042,20180118,SNWD,0,,,N,0600
US1TXAT0042,20180119,SNWD,0,,,N,0600
US1TXAT0042,20180120,SNWD,0,,,N,0600
US1TXAT0042,20180121,SNWD,0,,,N,0600
US1TXAT0042,20180122,SNWD,0,,,N,0600
US1TXAT0042,20180123,SNWD,0,,,N,0600
US1TXAT0042,20180124,SNWD,0,,,N,0600
US1TXAT0042,20180125,SNWD,0,,,N,0600
US1TXAT0042,20180126,SNWD,0,,,N,0600
US1TXAT0042,20180127,SNWD,0,,,N,0600
US1TXAT0042,20180128,SNWD,0,,,N,0600
US1TXAT0042,20180129,SNWD,0,,,N,0600
US1TXAT0042,20180130,SNWD,0,,,N,0600
US1TXAT0042,20180131,SNWD,0,,,N,0600
US1TXAT0042,20180101,WESD,0,,,N,0600
US1TXAT0042,20180102,WESD,0,,,N,0600
US1TXAT0042,20180103,WESD,0,,,N,0600
US1TXAT0042,20180104,WESD,0,,,N,0600
US1TXAT0042,20180105,WESD,0,,,N,0600
US1TXAT0042,20180106,WESD,0,,,N,0600
US1TXAT0042,20180107,WESD,0,,,N,0600
US1TXAT0042,20180108,WESD,0,,,N,0600
US1TXAT0042,20180109,WESD,0,,,N,0600
US1TXAT0042,20180110,WESD,0,,,N,0600
US1TXAT0042,20180111,WESD,0,,,N,0600
US1TXAT0042,20180112,WESD,0,,,N,0600
US1TXAT0042,20180113,WESD,0,,,N,0600
US1TXAT0042,20180114,WESD,0,,,N,0600
US1TXAT0042,20180115,WESD,0,,,N,0600
US1TXAT0042,20180116,WESD,0,,,N,0600
US1TXAT0042,20180117,WESD,0,,,N,0600
US1TXAT0042,20180118,WESD,0,,,N,0600
US1TXAT0042,20180119,WESD,0,,,N,0600
US1TXAT0042,20180120,WESD,0,,,N,0600
US1TXAT0042,20180121,WESD,0,,,N,0600
US1TXAT0042,20180122,WESD,0,,,N,0600
US1TXAT0042,20180123,WESD,0,,,N,0600
US1TXAT0042,20180124,WESD,0,,,N,0600
US1TXAT0042,20180125,WESD,0,,,N,0600
US1TXAT0042,20180126,WESD,0,,,N,0600
US1TXAT0042,20180127,WESD,0,,,N,0600
US1TXAT0042,20180128,WESD,0,,,N,0600
US1TXAT0042,20180129,WESD,0,,,N,0600
US1TXAT0042,20180130,WESD,0,,,N,0600
US1TXAT0042,20180131,WESD,0,,,N,0600
US1TXAT0042,20180101,WESF,0,,,N,0600
US1TXAT0042,20180102,WESF,0,,,N,0600
US1TXAT0042,20180103,WESF,0,,,N,0600
US1TXAT0042,20180104,WESF,0,,,N,0600
US1TXAT0042,20180105,WESF,0,,,N,0600
US1TXAT0042,20180106,WESF,0,,,N,0600
US1TXAT0042,20180107,WESF,0,,,N,0600
US1TXAT0042,20180108,WESF,0,,,N,0600
US1TXAT0042,20180109,WESF,0,,,N,0600
US1TXAT0042,20180110,WESF,0,,,N,0600
US1TXAT0042,20180111,WESF,0,,,N,0600
US1TXAT0042,20180112,WESF,0,,,N,0600
US1TXAT0042,20180113,WESF,0,,,N,0600
US1TXAT0042,20180114,WESF,0,,,N,0600
US1TXAT0042,20180115,WESF,0,,,N,0600
US1TXAT0042,20180116,WESF,0,,,N,0600
US1TXAT0042,20180117,WESF,0,,,N,0600
US1TXAT0042,20180118,WESF,0,,,N,0600
US1TXAT0042,20180119,WESF,0,,,N,0600
US1TXAT0042,20180120,WESF,0,,,N,0600
US1TXAT0042,20180121,WESF,0,,,N,0600
US1TXAT0042,20180122,WESF,0,,,N,0600
US1TXAT0042,20180123,WESF,0,,,N,0600
US1TXAT0042,20180124,WESF,0,,,N,0600
US1TXAT0042,20180125,WESF,0,,,N,0600
US1TXAT0042,20180126,WESF,0,,,N,0600
US1TXAT0042,20180127,WESF,0,,,N,0600
US1TXAT0042,20180128,WESF,0,,,N,0600
US1TXAT0042,20180129,WESF,0,,,N,0600
US1TXAT0042,20180130,WESF,0,,,N,0600
US1TXAT0042,20180131,WESF,0,,,N,0600
US1TXAT0042,20180201,PRCP,0,,,N,0600
US1TXAT0042,20180202,PRCP,0,,,N,0600
US1TXAT0042,20180203,PRCP,8,,,N,0600
US1TXAT0042,20180204,PRCP,3,,,N,0600
US1TXAT0042,20180205,PRCP,0,,,N,0600
US1TXAT0042,20180206,PRCP,0,,,N,0600
US1TXAT0042,20180207,PRCP,5,,,N,0600
US1TXAT0042,20180208,PRCP,0,,,N,0600
US1TXAT0042,20180209,PRCP,0,,,N,0600
US1TXAT0042,20180210,PRCP,0,T,,N,0600
US1TXAT0042,20180211,PRCP,0,,,N,0600
US1TXAT0042,20180212,PRCP,0,,,N,0600
US1TXAT0042,20180213,PRCP,15,,,N,0600
US1TXAT0042,20180214,PRCP,13,,,N,0600
US1TXAT0042,20180215,PRCP,15,,,N,0600
US1TXAT0042,20180216,PRCP,0,T,,N,0600
US1TXAT0042,20180217,PRCP,5,,,N,0600
US1TXAT0042,20180218,PRCP,0,,,N,0600
US1TXAT0042,20180219,PRCP,0,,,N,0600
US1TXAT0042,20180220,PRCP,0,T,,N,0600
US1TXAT0042,20180221,PRCP,5,,,N,0600
US1TXAT0042,20180222,PRCP,28,,,N,0600
US1TXAT0042,20180223,PRCP,94,,,N,0600
US1TXAT0042,20180224,PRCP,8,,,N,0600
US1TXAT0042,20180225,PRCP,465,,,N,0600
US1TXAT0042,20180226,PRCP,0,,,N,0600
US1TXAT0042,20180227,PRCP,15,,,N,0600
US1TXAT0042,20180228,PRCP,0,,,N,0600
US1TXAT0042,20180201,SNOW,0,,,N,0600
US1TXAT0042,20180202,SNOW,0,,,N,0600
US1TXAT0042,20180203,SNOW,0,,,N,0600
US1TXAT0042,20180204,SNOW,0,,,N,0600
US1TXAT0042,20180205,SNOW,0,,,N,0600
US1TXAT0042,20180206,SNOW,0,,,N,0600
US1TXAT0042,20180207,SNOW,0,,,N,0600
US1TXAT0042,20180208,SNOW,0,,,N,0600
US1TXAT0042,20180209,SNOW,0,,,N,0600
US1TXAT0042,20180210,SNOW,0,,,N,0600
US1TXAT0042,20180211,SNOW,0,,,N,0600
US1TXAT0042,20180212,SNOW,0,,,N,0600
US1TXAT0042,20180213,SNOW,0,,,N,0600
US1TXAT0042,20180214,SNOW,0,,,N,0600
US1TXAT0042,20180215,SNOW,0,,,N,0600
US1TXAT0042,20180216,SNOW,0,,,N,0600
US1TXAT0042,20180217,SNOW,0,,,N,0600
US1TXAT0042,20180218,SNOW,0,,,N,0600
US1TXAT0042,20180219,SNOW,0,,,N,0600
US1TXAT0042,20180220,SNOW,0,,,N,0600
US1TXAT0042,20180221,SNOW,0,,,N,0600
US1TXAT0042,20180222,SNOW,0,,,N,0600
US1TXAT0042,20180223,SNOW,0,,,N,0600
US1TXAT0042,20180224,SNOW,0,,,N,0600
US1TXAT0042,20180225,SNOW,0,,,N,0600
US1TXAT0042,20180226,SNOW,0,,,N,0600
US1TXAT0042,20180227,SNOW,0,,,N,0600
US1TXAT0042,20180228,SNOW,0,,,N,0600
US1TXAT0042,20180201,SNWD,0,,,N,0600
US1TXAT0042,20180202,SNWD,0,,,N,0600
US1TXAT0042,20180203,SNWD,0,,,N,0600
US1TXAT0042,20180204,SNWD,0,,,N,0600
US1TXAT0042,20180205,SNWD,0,,,N,0600
US1TXAT0042,20180206,SNWD,0,,,N,0600
US1TXAT0042,20180207,SNWD,0,,,N,0600
US1TXAT0042,20180208,SNWD,0,,,N,0600
US1TXAT0042,20180209,SNWD,0,,,N,0600
US1TXAT0042,20180210,SNWD,0,,,N,0600
US1TXAT0042,20180211,SNWD,0,,,N,0600
US1TXAT0042,20180212,SNWD,0,,,N,0600
US1TXAT0042,20180213,SNWD,0,,,N,0600
US1TXAT0042,20180214,SNWD,0,,,N,0600
US1TXAT0042,20180215,SNWD,0,,,N,0600
US1TXAT0042,20180216,SNWD,0,,,N,0600
US1TXAT0042,20180217,SNWD,0,,,N,0600
US1TXAT0042,20180218,SNWD,0,,,N,0600
US1TXAT0042,20180219,SNWD,0,,,N,0600
US1TXAT0042,20180220,SNWD,0,,,N,0600
US1TXAT0042,20180221,SNWD,0,,,N,0600
US1TXAT0042,20180222,SNWD,0,,,N,0600
US1TXAT0042,20180223,SNWD,0,,,N,0600
US1TXAT0042,20180224,SNWD,0,,,N,0600
US1TXAT0042,20180225,SNWD,0,,,N,0600
US1TXAT0042,20180226,SNWD,0,,,N,0600
US1TXAT0042,20180227,SNWD,0,,,N,0600
US1TXAT0042,20180228,SNWD,0,,,N,0600
US1TXAT0042,20180201,WESD,0,,,N,0600
US1TXAT0042,20180202,WESD,0,,,N,0600
US1TXAT0042,20180203,WESD,0,,,N,0600
US1TXAT0042,20180204,WESD,0,,,N,0600
US1TXAT0042,20180205,WESD,0,,,N,0600
US1TXAT0042,20180206,WESD,0,,,N,0600
US1TXAT0042,20180207,WESD,0,,,N,0600
US1TXAT0042,20180208,WESD,0,,,N,0600
US1TXAT0042,20180209,WESD,0,,,N,0600
US1TXAT0042,20180210,WESD,0,,,N,0600
US1TXAT0042,20180211,WESD,0,,,N,0600
US1TXAT0042,20180212,WESD,0,,,N,0600
US1TXAT0042,20180213,WESD,0,,,N,0600
US1TXAT0042,20180214,WESD,0,,,N,0600
US1TXAT0042,20180215,WESD,0,,,N,0600
US1TXAT0042,20180216,WESD,0,,,N,0600
US1TXAT0042,20180217,WESD,0,,,N,0600
US1TXAT0042,20180218,WESD,0,,,N,0600
US1TXAT0042,20180219,WESD,0,,,N,0600
US1TXAT0042,20180220,WESD,0,,,N,0600
US1TXAT0042,20180221,WESD,0,,,N,0600
US1TXAT0042,20180222,WESD,0,,,N,0600
US1TXAT0042,20180223,WESD,0,,,N,0600
US1TXAT0042,20180224,WESD,0,,,N,0600
US1TXAT0042,20180225,WESD,0,,,N,0600
US1TXAT0042,20180226,WESD,0,,,N,0600
US1TXAT0042,20180227,WESD,0,,,N,0600
US1TXAT0042,20180228,WESD,0,,,N,0600
US1TXAT0042,20180201,WESF,0,,,N,0600
US1TXAT0042,20180202,WESF,0,,,N,0600
US1TXAT0042,20180203,WESF,0,,,N,0600
US1TXAT0042,20180204,WESF,0,,,N,0600
US1TXAT0042,20180205,WESF,0,,,N,0600
US1TXAT0042,20180206,WESF,0,,,N,0600
US1TXAT0042,20180207,WESF,0,,,N,0600
US1TXAT0042,20180208,WESF,0,,,N,0600
US1TXAT0042,20180209,WESF,0,,,N,0600
US1TXAT0042,20180210,WESF,0,,,N,0600
US1TXAT0042,20180211,WESF,0,,,N,0600
US1TXAT0042,20180212,WESF,0,,,N,0600
US1TXAT0042,20180213,WESF,0,,,N,0600
US1TXAT0042,20180214,WESF,0,,,N,0600
US1TXAT0042,20180215,WESF,0,,,N,0600
US1TXAT0042,20180216,WESF,0,,,N,0600
US1TXAT0042,20180217,WESF,0,,,N,0600
US1TXAT0042,20180218,WESF,0,,,N,0600
US1TXAT0042,20180219,WESF,0,,,N,0600
US1TXAT0042,20180220,WESF,0,,,N,0600
US1TXAT0042,20180221,WESF,0,,,N,0600
US1TXAT0042,20180222,WESF,0,,,N,0600
US1TXAT0042,20180223,WESF,0,,,N,0600
US1TXAT0042,20180224,WESF,0,,,N,0600
US1TXAT0042,20180225,WESF,0,,,N,0600
US1TXAT0042,20180226,WESF,0,,,N,0600
US1TXAT0042,20180227,WESF,0,,,N,0600
US1TXAT0042,20180228,WESF,0,,,N,0600
US1TXAT0042,20180301,PRCP,0,,,N,0600
US1TXAT0042,20180302,PRCP,0,,,N,0600
US1TXAT0042,20180303,PRCP,0,,,N,0600
US1TXAT0042,20180304,PRCP,15,,,N,0600
US1TXAT0042,20180306,PRCP,0,,,N,0600
US1TXAT0042,20180307,PRCP,0,,,N,0600
US1TXAT0042,20180308,PRCP,0,,,N,0600
US1TXAT0042,20180309,PRCP,0,,,N,0600
US1TXAT0042,20180310,PRCP,0,,,N,0600
US1TXAT0042,20180311,PRCP,0,,,N,0600
US1TXAT0042,20180312,PRCP,0,,,N,0600
US1TXAT0042,20180313,PRCP,0,,,N,0600
US1TXAT0042,20180314,PRCP,0,,,N,0600
US1TXAT0042,20180315,PRCP,0,,,N,0600
US1TXAT0042,20180316,PRCP,0,,,N,0600
US1TXAT0042,20180317,PRCP,0,,,N,0600
US1TXAT0042,20180318,PRCP,0,,,N,0600
US1TXAT0042,20180319,PRCP,0,,,N,0600
US1TXAT0042,20180320,PRCP,0,,,N,0600
US1TXAT0042,20180321,PRCP,0,,,N,0600
US1TXAT0042,20180322,PRCP,0,,,N,0600
US1TXAT0042,20180323,PRCP,0,,,N,0600
US1TXAT0042,20180324,PRCP,0,,,N,0600
US1TXAT0042,20180325,PRCP,0,,,N,0600
US1TXAT0042,20180326,PRCP,0,,,N,0600
US1TXAT0042,20180327,PRCP,0,,,N,0600
US1TXAT0042,20180328,PRCP,297,,,N,0600
US1TXAT0042,20180329,PRCP,226,,,N,0600
US1TXAT0042,20180330,PRCP,0,,,N,0600
US1TXAT0042,20180331,PRCP,0,,,N,0600
US1TXAT0042,20180301,SNOW,0,,,N,0600
US1TXAT0042,20180302,SNOW,0,,,N,0600
US1TXAT0042,20180303,SNOW,0,,,N,0600
US1TXAT0042,20180304,SNOW,0,,,N,0600
US1TXAT0042,20180306,SNOW,0,,,N,0600
US1TXAT0042,20180307,SNOW,0,,,N,0600
US1TXAT0042,20180308,SNOW,0,,,N,0600
US1TXAT0042,20180309,SNOW,0,,,N,0600
US1TXAT0042,20180310,SNOW,0,,,N,0600
US1TXAT0042,20180311,SNOW,0,,,N,0600
US1TXAT0042,20180312,SNOW,0,,,N,0600
US1TXAT0042,20180313,SNOW,0,,,N,0600
US1TXAT0042,20180314,SNOW,0,,,N,0600
US1TXAT0042,20180315,SNOW,0,,,N,0600
US1TXAT0042,20180316,SNOW,0,,,N,0600
US1TXAT0042,20180317,SNOW,0,,,N,0600
US1TXAT0042,20180318,SNOW,0,,,N,0600
US1TXAT0042,20180319,SNOW,0,,,N,0600
US1TXAT0042,20180320,SNOW,0,,,N,0600
US1TXAT0042,20180321,SNOW,0,,,N,0600
US1TXAT0042,20180322,SNOW,0,,,N,0600
US1TXAT0042,20180323,SNOW,0,,,N,0600
US1TXAT0042,20180324,SNOW,0,,,N,0600
US1TXAT0042,20180325,SNOW,0,,,N,0600
US1TXAT0042,20180326,SNOW,0,,,N,0600
US1TXAT0042,20180327,SNOW,0,,,N,0600
US1TXAT0042,20180328,SNOW,0,,,N,0600
US1TXAT0042,20180329,SNOW,0,,,N,0600
US1TXAT0042,20180330,SNOW,0,,,N,0600
US1TXAT0042,20180331,SNOW,0,,,N,0600
US1TXAT0042,20180301,SNWD,0,,,N,0600
US1TXAT0042,20180302,SNWD,0,,,N,0600
US1TXAT0042,20180303,SNWD,0,,,N,0600
US1TXAT0042,20180304,SNWD,0,,,N,0600
US1TXAT0042,20180306,SNWD,0,,,N,0600
US1TXAT0042,20180307,SNWD,0,,,N,0600
US1TXAT0042,20180308,SNWD,0,,,N,0600
US1TXAT0042,20180309,SNWD,0,,,N,0600
US1TXAT0042,20180310,SNWD,0,,,N,0600
US1TXAT0042,20180311,SNWD,0,,,N,0600
US1TXAT0042,20180312,SNWD,0,,,N,0600
US1TXAT0042,20180313,SNWD,0,,,N,0600
US1TXAT0042,20180314,SNWD,0,,,N,0600
US1TXAT0042,20180315,SNWD,0,,,N,0600
US1TXAT0042,20180316,SNWD,0,,,N,0600
US1TXAT0042,20180317,SNWD,0,,,N,0600
US1TXAT0042,20180318,SNWD,0,,,N,0600
US1TXAT0042,20180319,SNWD,0,,,N,0600
US1TXAT0042,20180320,SNWD,0,,,N,0600
US1TXAT0042,20180321,SNWD,0,,,N,0600
US1TXAT0042,20180322,SNWD,0,,,N,0600
US1TXAT0042,20180323,SNWD,0,,,N,0600
US1TXAT0042,20180324,SNWD,0,,,N,0600
US1TXAT0042,20180325,SNWD,0,,,N,0600
US1TXAT0042,20180326,SNWD,0,,,N,0600
US1TXAT0042,20180327,SNWD,0,,,N,0600
US1TXAT0042,20180328,SNWD,0,,,N,0600
US1TXAT0042,20180329,SNWD,0,,,N,0600
US1TXAT0042,20180330,SNWD,0,,,N,0600
US1TXAT0042,20180331,SNWD,0,,,N,0600
US1TXAT0042,20180301,WESD,0,,,N,0600
US1TXAT0042,20180302,WESD,0,,,N,0600
US1TXAT0042,20180303,WESD,0,,,N,0600
US1TXAT0042,20180304,WESD,0,,,N,0600
US1TXAT0042,20180306,WESD,0,,,N,0600
US1TXAT0042,20180307,WESD,0,,,N,0600
US1TXAT0042,20180308,WESD,0,,,N,0600
US1TXAT0042,20180309,WESD,0,,,N,0600
US1TXAT0042,20180310,WESD,0,,,N,0600
US1TXAT0042,20180311,WESD,0,,,N,0600
US1TXAT0042,20180312,WESD,0,,,N,0600
US1TXAT0042,20180313,WESD,0,,,N,0600
US1TXAT0042,20180314,WESD,0,,,N,0600
US1TXAT0042,20180315,WESD,0,,,N,0600
US1TXAT0042,20180316,WESD,0,,,N,0600
US1TXAT0042,20180317,WESD,0,,,N,0600
US1TXAT0042,20180318,WESD,0,,,N,0600
US1TXAT0042,20180319,WESD,0,,,N,0600
US1TXAT0042,20180320,WESD,0,,,N,0600
US1TXAT0042,20180321,WESD,0,,,N,0600
US1TXAT0042,20180322,WESD,0,,,N,0600
US1TXAT0042,20180323,WESD,0,,,N,0600
US1TXAT0042,20180324,WESD,0,,,N,0600
US1TXAT0042,20180325,WESD,0,,,N,0600
US1TXAT0042,20180326,WESD,0,,,N,0600
US1TXAT0042,20180327,WESD,0,,,N,0600
US1TXAT0042,20180328,WESD,0,,,N,0600
US1TXAT0042,20180329,WESD,0,,,N,0600
US1TXAT0042,20180330,WESD,0,,,N,0600
US1TXAT0042,20180331,WESD,0,,,N,0600
US1TXAT0042,20180301,WESF,0,,,N,0600
US1TXAT0042,20180302,WESF,0,,,N,0600
US1TXAT0042,20180303,WESF,0,,,N,0600
US1TXAT0042,20180304,WESF,0,,,N,0600
US1TXAT0042,20180306,WESF,0,,,N,0600
US1TXAT0042,20180307,WESF,0,,,N,0600
US1TXAT0042,20180308,WESF,0,,,N,0600
US1TXAT0042,20180309,WESF,0,,,N,0600
US1TXAT0042,20180310,WESF,0,,,N,0600
US1TXAT0042,20180311,WESF,0,,,N,0600
US1TXAT0042,20180312,WESF,0,,,N,0600
US1TXAT0042,20180313,WESF,0,,,N,0600
US1TXAT0042,20180314,WESF,0,,,N,0600
US1TXAT0042,20180315,WESF,0,,,N,0600
US1TXAT0042,20180316,WESF,0,,,N,0600
US1TXAT0042,20180317,WESF,0,,,N,0600
US1TXAT0042,20180318,WESF,0,,,N,0600
US1TXAT0042,20180319,WESF,0,,,N,0600
US1TXAT0042,20180320,WESF,0,,,N,0600
US1TXAT0042,20180321,WESF,0,,,N,0600
US1TXAT0042,20180322,WESF,0,,,N,0600
US1TXAT0042,20180323,WESF,0,,,N,0600
US1TXAT0042,20180324,WESF,0,,,N,0600
US1TXAT0042,20180325,WESF,0,,,N,0600
US1TXAT0042,20180326,WESF,0,,,N,0600
US1TXAT0042,20180327,WESF,0,,,N,0600
US1TXAT0042,20180328,WESF,0,,,N,0600
US1TXAT0042,20180329,WESF,0,,,N,0600
US1TXAT0042,20180330,WESF,0,,,N,0600
US1TXAT0042,20180331,WESF,0,,,N,0600
US1TXAT0042,20180401,PRCP,0,,,N,0600
US1TXAT0042,20180402,PRCP,0,,,N,0600
US1TXAT0042,20180403,PRCP,0,,,N,0600
US1TXAT0042,20180404,PRCP,10,,,N,0600
US1TXAT0042,20180405,PRCP,8,,,N,0600
US1TXAT0042,20180406,PRCP,0,,,N,0600
US1TXAT0042,20180407,PRCP,0,,,N,0600
US1TXAT0042,20180408,PRCP,0,,,N,0600
US1TXAT0042,20180409,PRCP,0,,,N,0600
US1TXAT0042,20180410,PRCP,0,,,N,0600
US1TXAT0042,20180411,PRCP,0,,,N,0600
US1TXAT0042,20180412,PRCP,0,,,N,0600
US1TXAT0042,20180413,PRCP,0,,,N,0600
US1TXAT0042,20180414,PRCP,94,,,N,0600
US1TXAT0042,20180415,PRCP,0,,,N,0600
US1TXAT0042,20180416,PRCP,0,,,N,0600
US1TXAT0042,20180417,PRCP,0,,,N,0600
US1TXAT0042,20180418,PRCP,0,,,N,0600
US1TXAT0042,20180419,PRCP,0,,,N,0600
US1TXAT0042,20180420,PRCP,0,,,N,0600
US1TXAT0042,20180421,PRCP,8,,,N,0600
US1TXAT0042,20180422,PRCP,8,,,N,0600
US1TXAT0042,20180423,PRCP,0,,,N,0600
US1TXAT0042,20180424,PRCP,0,,,N,0600
US1TXAT0042,20180425,PRCP,0,,,N,0600
US1TXAT0042,20180426,PRCP,221,,,N,0600
US1TXAT0042,20180427,PRCP,0,,,N,0600
US1TXAT0042,20180428,PRCP,0,,,N,0600
US1TXAT0042,20180429,PRCP,0,,,N,0600
US1TXAT0042,20180430,PRCP,0,,,N,0600
US1TXAT0042,20180401,SNOW,0,,,N,0600
US1TXAT0042,20180402,SNOW,0,,,N,0600
US1TXAT0042,20180403,SNOW,0,,,N,0600
US1TXAT0042,20180404,SNOW,0,,,N,0600
US1TXAT0042,20180405,SNOW,0,,,N,0600
US1TXAT0042,20180406,SNOW,0,,,N,0600
US1TXAT0042,20180407,SNOW,0,,,N,0600
US1TXAT0042,20180408,SNOW,0,,,N,0600
US1TXAT0042,20180409,SNOW,0,,,N,0600
US1TXAT0042,20180410,SNOW,0,,,N,0600
US1TXAT0042,20180411,SNOW,0,,,N,0600
US1TXAT0042,20180412,SNOW,0,,,N,0600
US1TXAT0042,20180413,SNOW,0,,,N,0600
US1TXAT0042,20180414,SNOW,0,,,N,0600
US1TXAT0042,20180415,SNOW,0,,,N,0600
US1TXAT0042,20180416,SNOW,0,,,N,0600
US1TXAT0042,20180417,SNOW,0,,,N,0600
US1TXAT0042,20180418,SNOW,0,,,N,0600
US1TXAT0042,20180419,SNOW,0,,,N,0600
US1TXAT0042,20180420,SNOW,0,,,N,0600
US1TXAT0042,20180421,SNOW,0,,,N,0600
US1TXAT0042,20180422,SNOW,0,,,N,0600
US1TXAT0042,20180423,SNOW,0,,,N,0600
US1TXAT0042,20180424,SNOW,0,,,N,0600
US1TXAT0042,20180425,SNOW,0,,,N,0600
US1TXAT0042,20180426,SNOW,0,,,N,0600
US1TXAT0042,20180427,SNOW,0,,,N,0600
US1TXAT0042,20180428,SNOW,0,,,N,0600
US1TXAT0042,20180429,SNOW,0,,,N,0600
US1TXAT0042,20180430,SNOW,0,,,N,0600
US1TXAT0042,20180401,SNWD,0,,,N,0600
US1TXAT0042,20180402,SNWD,0,,,N,0600
US1TXAT0042,20180403,SNWD,0,,,N,0600
US1TXAT0042,20180404,SNWD,0,,,N,0600
US1TXAT0042,20180405,SNWD,0,,,N,0600
US1TXAT0042,20180406,SNWD,0,,,N,0600
US1TXAT0042,20180407,SNWD,0,,,N,0600
US1TXAT0042,20180408,SNWD,0,,,N,0600
US1TXAT0042,20180409,SNWD,0,,,N,0600
US1TXAT0042,20180410,SNWD,0,,,N,0600
US1TXAT0042,20180411,SNWD,0,,,N,0600
US1TXAT0042,20180412,SNWD,0,,,N,0600
US1TXAT0042,20180413,SNWD,0,,,N,0600
US1TXAT0042,20180414,SNWD,0,,,N,0600
US1TXAT0042,20180415,SNWD,0,,,N,0600
US1TXAT0042,20180416,SNWD,0,,,N,0600
US1TXAT0042,20180417,SNWD,0,,,N,0600
US1TXAT0042,20180418,SNWD,0,,,N,0600
US1TXAT0042,20180419,SNWD,0,,,N,0600
US1TXAT0042,20180420,SNWD,0,,,N,0600
US1TXAT0042,20180421,SNWD,0,,,N,0600
US1TXAT0042,20180422,SNWD,0,,,N,0600
US1TXAT0042,20180423,SNWD,0,,,N,0600
US1TXAT0042,20180424,SNWD,0,,,N,0600
US1TXAT0042,20180425,SNWD,0,,,N,0600
US1TXAT0042,20180426,SNWD,0,,,N,0600
US1TXAT0042,20180427,SNWD,0,,,N,0600
US1TXAT0042,20180428,SNWD,0,,,N,0600
US1TXAT0042,20180429,SNWD,0,,,N,0600
US1TXAT0042,20180430,SNWD,0,,,N,0600
US1TXAT0042,20180401,WESD,0,,,N,0600
US1TXAT0042,20180402,WESD,0,,,N,0600
US1TXAT0042,20180403,WESD,0,,,N,0600
US1TXAT0042,20180404,WESD,0,,,N,0600
US1TXAT0042,20180405,WESD,0,,,N,0600
US1TXAT0042,20180406,WESD,0,,,N,0600
US1TXAT0042,20180407,WESD,0,,,N,0600
US1TXAT0042,20180408,WESD,0,,,N,0600
US1TXAT0042,20180409,WESD,0,,,N,0600
US1TXAT0042,20180410,WESD,0,,,N,0600
US1TXAT0042,20180411,WESD,0,,,N,0600
US1TXAT0042,20180412,WESD,0,,,N,0600
US1TXAT0042,20180413,WESD,0,,,N,0600
US1TXAT0042,20180414,WESD,0,,,N,0600
US1TXAT0042,20180415,WESD,0,,,N,0600
US1TXAT0042,20180416,WESD,0,,,N,0600
US1TXAT0042,20180417,WESD,0,,,N,0600
US1TXAT0042,20180418,WESD,0,,,N,0600
US1TXAT0042,20180419,WESD,0,,,N,0600
US1TXAT0042,20180420,WESD,0,,,N,0600
US1TXAT0042,20180421,WESD,0,,,N,0600
US1TXAT0042,20180422,WESD,0,,,N,0600
US1TXAT0042,20180423,WESD,0,,,N,0600
US1TXAT0042,20180424,WESD,0,,,N,0600
US1TXAT0042,20180425,WESD,0,,,N,0600
US1TXAT0042,20180426,WESD,0,,,N,0600
US1TXAT0042,20180427,WESD,0,,,N,0600
US1TXAT0042,20180428,WESD,0,,,N,0600
US1TXAT0042,20180429,WESD,0,,,N,0600
US1TXAT0042,20180430,WESD,0,,,N,0600
US1TXAT0042,20180401,WESF,0,,,N,0600
US1TXAT0042,20180402,WESF,0,,,N,0600
US1TXAT0042,20180403,WESF,0,,,N,0600
US1TXAT0042,20180404,WESF,0,,,N,0600
US1TXAT0042,20180405,WESF,0,,,N,0600
US1TXAT0042,20180406,WESF,0,,,N,0600
US1TXAT0042,20180407,WESF,0,,,N,0600
US1TXAT0042,20180408,WESF,0,,,N,0600
US1TXAT0042,20180409,WESF,0,,,N,0600
US1TXAT0042,20180410,WESF,0,,,N,0600
US1TXAT0042,20180411,WESF,0,,,N,0600
US1TXAT0042,20180412,WESF,0,,,N,0600
US1TXAT0042,20180413,WESF,0,,,N,0600
US1TXAT0042,20180414,WESF,0,,,N,0600
US1TXAT0042,20180415,WESF,0,,,N,0600
US1TXAT0042,20180416,WESF,0,,,N,0600
US1TXAT0042,20180417,WESF,0,,,N,0600
US1TXAT0042,20180418,WESF,0,,,N,0600
US1TXAT0042,20180419,WESF,0,,,N,0600
US1TXAT0042,20180420,WESF,0,,,N,0600
US1TXAT0042,20180421,WESF,0,,,N,0600
US1TXAT0042,20180422,WESF,0,,,N,0600
US1TXAT0042,20180423,WESF,0,,,N,0600
US1TXAT0042,20180424,WESF,0,,,N,0600
US1TXAT0042,20180425,WESF,0,,,N,0600
US1TXAT0042,20180426,WESF,0,,,N,0600
US1TXAT0042,20180427,WESF,0,,,N,0600
US1TXAT0042,20180428,WESF,0,,,N,0600
US1TXAT0042,20180429,WESF,0,,,N,0600
US1TXAT0042,20180430,WESF,0,,,N,0600
US1TXAT0042,20180501,PRCP,0,,,N,0600
US1TXAT0042,20180502,PRCP,0,,,N,0600
US1TXAT0042,20180503,PRCP,0,,,N,0600
US1TXAT0042,20180504,PRCP,0,,,N,0600
US1TXAT0042,20180505,PRCP,130,,,N,0600
US1TXAT0042,20180506,PRCP,0,,,N,0600
US1TXAT0042,20180507,PRCP,0,,,N,0600
US1TXAT0042,20180508,PRCP,0,,,N,0600
US1TXAT0042,20180509,PRCP,0,,,N,0600
US1TXAT0042,20180510,PRCP,0,,,N,0600
US1TXAT0042,20180511,PRCP,0,,,N,0600
US1TXAT0042,20180512,PRCP,0,,,N,0600
US1TXAT0042,20180513,PRCP,0,,,N,0600
US1TXAT0042,20180514,PRCP,0,,,N,0600
US1TXAT0042,20180515,PRCP,0,,,N,0600
US1TXAT0042,20180516,PRCP,0,,,N,0600
US1TXAT0042,20180517,PRCP,0,,,N,0600
US1TXAT0042,20180518,PRCP,0,,,N,0600
US1TXAT0042,20180519,PRCP,0,,,N,0600
US1TXAT0042,20180520,PRCP,58,,,N,0600
US1TXAT0042,20180521,PRCP,447,,,N,0600
US1TXAT0042,20180522,PRCP,0,,,N,0600
US1TXAT0042,20180523,PRCP,0,,,N,0600
US1TXAT0042,20180524,PRCP,0,,,N,0600
US1TXAT0042,20180525,PRCP,0,,,N,0600
US1TXAT0042,20180526,PRCP,0,,,N,0600
US1TXAT0042,20180527,PRCP,0,,,N,0600
US1TXAT0042,20180528,PRCP,0,,,N,0600
US1TXAT0042,20180529,PRCP,0,,,N,0600
US1TXAT0042,20180530,PRCP,0,,,N,0600
US1TXAT0042,20180531,PRCP,0,,,N,0600
US1TXAT0042,20180501,SNOW,0,,,N,0600
US1TXAT0042,20180502,SNOW,0,,,N,0600
US1TXAT0042,20180503,SNOW,0,,,N,0600
US1TXAT0042,20180504,SNOW,0,,,N,0600
US1TXAT0042,20180505,SNOW,0,,,N,0600
US1TXAT0042,20180506,SNOW,0,,,N,0600
US1TXAT0042,20180507,SNOW,0,,,N,0600
US1TXAT0042,20180508,SNOW,0,,,N,0600
US1TXAT0042,20180509,SNOW,0,,,N,0600
US1TXAT0042,20180510,SNOW,0,,,N,0600
US1TXAT0042,20180511,SNOW,0,,,N,0600
US1TXAT0042,20180512,SNOW,0,,,N,0600
US1TXAT0042,20180513,SNOW,0,,,N,0600
US1TXAT0042,20180514,SNOW,0,,,N,0600
US1TXAT0042,20180515,SNOW,0,,,N,0600
US1TXAT0042,20180516,SNOW,0,,,N,0600
US1TXAT0042,20180517,SNOW,0,,,N,0600
US1TXAT0042,20180518,SNOW,0,,,N,0600
US1TXAT0042,20180519,SNOW,0,,,N,0600
US1TXAT0042,20180520,SNOW,0,,,N,0600
US1TXAT0042,20180521,SNOW,0,,,N,0600
US1TXAT0042,20180522,SNOW,0,,,N,0600
US1TXAT0042,20180523,SNOW,0,,,N,0600
US1TXAT0042,20180524,SNOW,0,,,N,0600
US1TXAT0042,20180525,SNOW,0,,,N,0600
US1TXAT0042,20180526,SNOW,0,,,N,0600
US1TXAT0042,20180527,SNOW,0,,,N,0600
US1TXAT0042,20180528,SNOW,0,,,N,0600
US1TXAT0042,20180529,SNOW,0,,,N,0600
US1TXAT0042,20180530,SNOW,0,,,N,0600
US1TXAT0042,20180531,SNOW,0,,,N,0600
US1TXAT0042,20180501,SNWD,0,,,N,0600
US1TXAT0042,20180502,SNWD,0,,,N,0600
US1TXAT0042,20180503,SNWD,0,,,N,0600
US1TXAT0042,20180504,SNWD,0,,,N,0600
US1TXAT0042,20180505,SNWD,0,,,N,0600
US1TXAT0042,20180506,SNWD,0,,,N,0600
US1TXAT0042,20180507,SNWD,0,,,N,0600
US1TXAT0042,20180508,SNWD,0,,,N,0600
US1TXAT0042,20180509,SNWD,0,,,N,0600
US1TXAT0042,20180510,SNWD,0,,,N,0600
US1TXAT0042,20180511,SNWD,0,,,N,0600
US1TXAT0042,20180512,SNWD,0,,,N,0600
US1TXAT0042,20180513,SNWD,0,,,N,0600
US1TXAT0042,20180514,SNWD,0,,,N,0600
US1TXAT0042,20180515,SNWD,0,,,N,0600
US1TXAT0042,20180516,SNWD,0,,,N,0600
US1TXAT0042,20180517,SNWD,0,,,N,0600
US1TXAT0042,20180518,SNWD,0,,,N,0600
US1TXAT0042,20180519,SNWD,0,,,N,0600
US1TXAT0042,20180520,SNWD,0,,,N,0600
US1TXAT0042,20180521,SNWD,0,,,N,0600
US1TXAT0042,20180522,SNWD,0,,,N,0600
US1TXAT0042,20180523,SNWD,0,,,N,0600
US1TXAT0042,20180524,SNWD,0,,,N,0600
US1TXAT0042,20180525,SNWD,0,,,N,0600
US1TXAT0042,20180526,SNWD,0,,,N,0600
US1TXAT0042,20180527,SNWD,0,,,N,0600
US1TXAT0042,20180528,SNWD,0,,,N,0600
US1TXAT0042,20180529,SNWD,0,,,N,0600
US1TXAT0042,20180530,SNWD,0,,,N,0600
US1TXAT0042,20180531,SNWD,0,,,N,0600
US1TXAT0042,20180501,WESD,0,,,N,0600
US1TXAT0042,20180502,WESD,0,,,N,0600
US1TXAT0042,20180503,WESD,0,,,N,0600
US1TXAT0042,20180504,WESD,0,,,N,0600
US1TXAT0042,20180505,WESD,0,,,N,0600
US1TXAT0042,20180506,WESD,0,,,N,0600
US1TXAT0042,20180507,WESD,0,,,N,0600
US1TXAT0042,20180508,WESD,0,,,N,0600
US1TXAT0042,20180509,WESD,0,,,N,0600
US1TXAT0042,20180510,WESD,0,,,N,0600
US1TXAT0042,20180511,WESD,0,,,N,0600
US1TXAT0042,20180512,WESD,0,,,N,0600
US1TXAT0042,20180513,WESD,0,,,N,0600
US1TXAT0042,20180514,WESD,0,,,N,0600
US1TXAT0042,20180515,WESD,0,,,N,0600
US1TXAT0042,20180516,WESD,0,,,N,0600
US1TXAT0042,20180517,WESD,0,,,N,0600
US1TXAT0042,20180518,WESD,0,,,N,0600
US1TXAT0042,20180519,WESD,0,,,N,0600
US1TXAT0042,20180520,WESD,0,,,N,0600
US1TXAT0042,20180521,WESD,0,,,N,0600
US1TXAT0042,20180522,WESD,0,,,N,0600
US1TXAT0042,20180523,WESD,0,,,N,0600
US1TXAT0042,20180524,WESD,0,,,N,0600
US1TXAT0042,20180525,WESD,0,,,N,0600
US1TXAT0042,20180526,WESD,0,,,N,0600
US1TXAT0042,20180527,WESD,0,,,N,0600
US1TXAT0042,20180528,WESD,0,,,N,0600
US1TXAT0042,20180529,WESD,0,,,N,0600
US1TXAT0042,20180530,WESD,0,,,N,0600
US1TXAT0042,20180531,WESD,0,,,N,0600
US1TXAT0042,20180501,WESF,0,,,N,0600
US1TXAT0042,20180502,WESF,0,,,N,0600
US1TXAT0042,20180503,WESF,0,,,N,0600
US1TXAT0042,20180504,WESF,0,,,N,0600
US1TXAT0042,20180505,WESF,0,,,N,0600
US1TXAT0042,20180506,WESF,0,,,N,0600
US1TXAT0042,20180507,WESF,0,,,N,0600
US1TXAT0042,20180508,WESF,0,,,N,0600
US1TXAT0042,20180509,WESF,0,,,N,0600
US1TXAT0042,20180510,WESF,0,,,N,0600
US1TXAT0042,20180511,WESF,0,,,N,0600
US1TXAT0042,20180512,WESF,0,,,N,0600
US1TXAT0042,20180513,WESF,0,,,N,0600
US1TXAT0042,20180514,WESF,0,,,N,0600
US1TXAT0042,20180515,WESF,0,,,N,0600
US1TXAT0042,20180516,WESF,0,,,N,0600
US1TXAT0042,20180517,WESF,0,,,N,0600
US1TXAT0042,20180518,WESF,0,,,N,0600
US1TXAT0042,20180519,WESF,0,,,N,0600
US1TXAT0042,20180520,WESF,0,,,N,0600
US1TXAT0042,20180521,WESF,0,,,N,0600
US1TXAT0042,20180522,WESF,0,,,N,0600
US1TXAT0042,20180523,WESF,0,,,N,0600
US1TXAT0042,20180524,WESF,0,,,N,0600
US1TXAT0042,20180525,WESF,0,,,N,0600
US1TXAT0042,20180526,WESF,0,,,N,0600
US1TXAT0042,20180527,WESF,0,,,N,0600
US1TXAT0042,20180528,WESF,0,,,N,0600
US1TXAT0042,20180529,WESF,0,,,N,0600
US1TXAT0042,20180530,WESF,0,,,N,0600
US1TXAT0042,20180531,WESF,0,,,N,0600
US1TXAT0042,20180601,PRCP,0,,,N,0600
US1TXAT0042,20180602,PRCP,0,,,N,0600
US1TXAT0042,20180603,PRCP,0,,,N,0600
US1TXAT0042,20180604,PRCP,0,,,N,0600
US1TXAT0042,20180605,PRCP,0,,,N,0600
US1TXAT0042,20180606,PRCP,0,,,N,0600
US1TXAT0042,20180607,PRCP,0,,,N,0600
US1TXAT0042,20180608,PRCP,0,,,N,0600
US1TXAT0042,20180609,PRCP,0,,,N,0600
US1TXAT0042,20180610,PRCP,0,T,,N,0600
US1TXAT0042,20180611,PRCP,0,,,N,0600
US1TXAT0042,20180612,PRCP,0,,,N,0600
US1TXAT0042,20180613,PRCP,0,,,N,0600
US1TXAT0042,20180614,PRCP,0,,,N,0600
US1TXAT0042,20180615,PRCP,0,,,N,0600
US1TXAT0042,20180616,PRCP,0,,,N,0600
US1TXAT0042,20180617,PRCP,0,,,N,0600
US1TXAT0042,20180618,PRCP,0,,,N,0600
US1TXAT0042,20180619,PRCP,41,,,N,0600
US1TXAT0042,20180620,PRCP,74,,,N,0600
US1TXAT0042,20180621,PRCP,20,,,N,0600
US1TXAT0042,20180622,PRCP,0,,,N,0600
US1TXAT0042,20180623,PRCP,0,,,N,0600
US1TXAT0042,20180624,PRCP,0,,,N,0600
US1TXAT0042,20180625,PRCP,0,,,N,0600
US1TXAT0042,20180626,PRCP,0,,,N,0600
US1TXAT0042,20180627,PRCP,0,,,N,0600
US1TXAT0042,20180628,PRCP,0,,,N,0600
US1TXAT0042,20180629,PRCP,0,,,N,0600
US1TXAT0042,20180630,PRCP,0,,,N,0600
US1TXAT0042,20180601,SNOW,0,,,N,0600
US1TXAT0042,20180602,SNOW,0,,,N,0600
US1TXAT0042,20180603,SNOW,0,,,N,0600
US1TXAT0042,20180604,SNOW,0,,,N,0600
US1TXAT0042,20180605,SNOW,0,,,N,0600
US1TXAT0042,20180606,SNOW,0,,,N,0600
US1TXAT0042,20180607,SNOW,0,,,N,0600
US1TXAT0042,20180608,SNOW,0,,,N,0600
US1TXAT0042,20180609,SNOW,0,,,N,0600
US1TXAT0042,20180610,SNOW,0,,,N,0600
US1TXAT0042,20180611,SNOW,0,,,N,0600
US1TXAT0042,20180612,SNOW,0,,,N,0600
US1TXAT0042,20180613,SNOW,0,,,N,0600
US1TXAT0042,20180614,SNOW,0,,,N,0600
US1TXAT0042,20180615,SNOW,0,,,N,0600
US1TXAT0042,20180616,SNOW,0,,,N,0600
US1TXAT0042,20180617,SNOW,0,,,N,0600
US1TXAT0042,20180618,SNOW,0,,,N,0600
US1TXAT0042,20180620,SNOW,0,,,N,0600
US1TXAT0042,20180621,SNOW,0,,,N,0600
US1TXAT0042,20180622,SNOW,0,,,N,0600
US1TXAT0042,20180623,SNOW,0,,,N,0600
US1TXAT0042,20180624,SNOW,0,,,N,0600
US1TXAT0042,20180625,SNOW,0,,,N,0600
US1TXAT0042,20180626,SNOW,0,,,N,0600
US1TXAT0042,20180627,SNOW,0,,,N,0600
US1TXAT0042,20180628,SNOW,0,,,N,0600
US1TXAT0042,20180629,SNOW,0,,,N,0600
US1TXAT0042,20180630,SNOW,0,,,N,0600
US1TXAT0042,20180601,SNWD,0,,,N,0600
US1TXAT0042,20180602,SNWD,0,,,N,0600
US1TXAT0042,20180603,SNWD,0,,,N,0600
US1TXAT0042,20180604,SNWD,0,,,N,0600
US1TXAT0042,20180605,SNWD,0,,,N,0600
US1TXAT0042,20180606,SNWD,0,,,N,0600
US1TXAT0042,20180607,SNWD,0,,,N,0600
US1TXAT0042,20180608,SNWD,0,,,N,0600
US1TXAT0042,20180609,SNWD,0,,,N,0600
US1TXAT0042,20180610,SNWD,0,,,N,0600
US1TXAT0042,20180611,SNWD,0,,,N,0600
US1TXAT0042,20180612,SNWD,0,,,N,0600
US1TXAT0042,20180613,SNWD,0,,,N,0600
US1TXAT0042,20180614,SNWD,0,,,N,0600
US1TXAT0042,20180615,SNWD,0,,,N,0600
US1TXAT0042,20180616,SNWD,0,,,N,0600
US1TXAT0042,20180617,SNWD,0,,,N,0600
US1TXAT0042,20180618,SNWD,0,,,N,0600
US1TXAT0042,20180620,SNWD,0,,,N,0600
US1TXAT0042,20180621,SNWD,0,,,N,0600
US1TXAT0042,20180622,SNWD,0,,,N,0600
US1TXAT0042,20180623,SNWD,0,,,N,0600
US1TXAT0042,20180624,SNWD,0,,,N,0600
US1TXAT0042,20180625,SNWD,0,,,N,0600
US1TXAT0042,20180626,SNWD,0,,,N,0600
US1TXAT0042,20180627,SNWD,0,,,N,0600
US1TXAT0042,20180628,SNWD,0,,,N,0600
US1TXAT0042,20180629,SNWD,0,,,N,0600
US1TXAT0042,20180630,SNWD,0,,,N,0600
US1TXAT0042,20180601,WESD,0,,,N,0600
US1TXAT0042,20180602,WESD,0,,,N,0600
US1TXAT0042,20180603,WESD,0,,,N,0600
US1TXAT0042,20180604,WESD,0,,,N,0600
US1TXAT0042,20180605,WESD,0,,,N,0600
US1TXAT0042,20180606,WESD,0,,,N,0600
US1TXAT0042,20180607,WESD,0,,,N,0600
US1TXAT0042,20180608,WESD,0,,,N,0600
US1TXAT0042,20180609,WESD,0,,,N,0600
US1TXAT0042,20180610,WESD,0,,,N,0600
US1TXAT0042,20180611,WESD,0,,,N,0600
US1TXAT0042,20180612,WESD,0,,,N,0600
US1TXAT0042,20180613,WESD,0,,,N,0600
US1TXAT0042,20180614,WESD,0,,,N,0600
US1TXAT0042,20180615,WESD,0,,,N,0600
US1TXAT0042,20180616,WESD,0,,,N,0600
US1TXAT0042,20180617,WESD,0,,,N,0600
US1TXAT0042,20180618,WESD,0,,,N,0600
US1TXAT0042,20180620,WESD,0,,,N,0600
US1TXAT0042,20180621,WESD,0,,,N,0600
US1TXAT0042,20180622,WESD,0,,,N,0600
US1TXAT0042,20180623,WESD,0,,,N,0600
US1TXAT0042,20180624,WESD,0,,,N,0600
US1TXAT0042,20180625,WESD,0,,,N,0600
US1TXAT0042,20180626,WESD,0,,,N,0600
US1TXAT0042,20180627,WESD,0,,,N,0600
US1TXAT0042,20180628,WESD,0,,,N,0600
US1TXAT0042,20180629,WESD,0,,,N,0600
US1TXAT0042,20180630,WESD,0,,,N,0600
US1TXAT0042,20180601,WESF,0,,,N,0600
US1TXAT0042,20180602,WESF,0,,,N,0600
US1TXAT0042,20180603,WESF,0,,,N,0600
US1TXAT0042,20180604,WESF,0,,,N,0600
US1TXAT0042,20180605,WESF,0,,,N,0600
US1TXAT0042,20180606,WESF,0,,,N,0600
US1TXAT0042,20180607,WESF,0,,,N,0600
US1TXAT0042,20180608,WESF,0,,,N,0600
US1TXAT0042,20180609,WESF,0,,,N,0600
US1TXAT0042,20180610,WESF,0,,,N,0600
US1TXAT0042,20180611,WESF,0,,,N,0600
US1TXAT0042,20180612,WESF,0,,,N,0600
US1TXAT0042,20180613,WESF,0,,,N,0600
US1TXAT0042,20180614,WESF,0,,,N,0600
US1TXAT0042,20180615,WESF,0,,,N,0600
US1TXAT0042,20180616,WESF,0,,,N,0600
US1TXAT0042,20180617,WESF,0,,,N,0600
US1TXAT0042,20180618,WESF,0,,,N,0600
US1TXAT0042,20180620,WESF,0,,,N,0600
US1TXAT0042,20180621,WESF,0,,,N,0600
US1TXAT0042,20180622,WESF,0,,,N,0600
US1TXAT0042,20180623,WESF,0,,,N,0600
US1TXAT0042,20180624,WESF,0,,,N,0600
US1TXAT0042,20180625,WESF,0,,,N,0600
US1TXAT0042,20180626,WESF,0,,,N,0600
US1TXAT0042,20180627,WESF,0,,,N,0600
US1TXAT0042,20180628,WESF,0,,,N,0600
US1TXAT0042,20180629,WESF,0,,,N,0600
US1TXAT0042,20180630,WESF,0,,,N,0600
US1TXAT0042,20180701,PRCP,0,,,N,0600
US1TXAT0042,20180702,PRCP,0,,,N,0600
US1TXAT0042,20180703,PRCP,0,,,N,0600
US1TXAT0042,20180705,PRCP,119,,,N,0600
US1TXAT0042,20180706,PRCP,196,,,N,0600
US1TXAT0042,20180707,PRCP,170,,,N,0600
US1TXAT0042,20180708,PRCP,61,,,N,0600
US1TXAT0042,20180709,PRCP,0,,,N,0600
US1TXAT0042,20180710,PRCP,102,,,N,0600
US1TXAT0042,20180711,PRCP,0,,,N,0600
US1TXAT0042,20180712,PRCP,0,,,N,0600
US1TXAT0042,20180713,PRCP,0,,,N,0600
US1TXAT0042,20180714,PRCP,0,,,N,0600
US1TXAT0042,20180715,PRCP,0,,,N,0600
US1TXAT0042,20180716,PRCP,0,,,N,0600
US1TXAT0042,20180717,PRCP,0,,,N,0600
US1TXAT0042,20180718,PRCP,0,,,N,0600
US1TXAT0042,20180719,PRCP,0,,,N,0600
US1TXAT0042,20180720,PRCP,0,,,N,0600
US1TXAT0042,20180721,PRCP,0,,,N,0600
US1TXAT0042,20180722,PRCP,0,,,N,0600
US1TXAT0042,20180723,PRCP,0,,,N,0600
US1TXAT0042,20180724,PRCP,0,,,N,0600
US1TXAT0042,20180725,PRCP,13,,,N,0600
US1TXAT0042,20180726,PRCP,0,,,N,0600
US1TXAT0042,20180727,PRCP,0,,,N,0600
US1TXAT0042,20180728,PRCP,0,,,N,0600
US1TXAT0042,20180729,PRCP,0,,,N,0600
US1TXAT0042,20180730,PRCP,0,,,N,0600
US1TXAT0042,20180731,PRCP,0,,,N,0600
US1TXAT0042,20180701,SNOW,0,,,N,0600
US1TXAT0042,20180702,SNOW,0,,,N,0600
US1TXAT0042,20180703,SNOW,0,,,N,0600
US1TXAT0042,20180705,SNOW,0,,,N,0600
US1TXAT0042,20180706,SNOW,0,,,N,0600
US1TXAT0042,20180707,SNOW,0,,,N,0600
US1TXAT0042,20180708,SNOW,0,,,N,0600
US1TXAT0042,20180709,SNOW,0,,,N,0600
US1TXAT0042,20180710,SNOW,0,,,N,0600
US1TXAT0042,20180711,SNOW,0,,,N,0600
US1TXAT0042,20180712,SNOW,0,,,N,0600
US1TXAT0042,20180713,SNOW,0,,,N,0600
US1TXAT0042,20180714,SNOW,0,,,N,0600
US1TXAT0042,20180715,SNOW,0,,,N,0600
US1TXAT0042,20180716,SNOW,0,,,N,0600
US1TXAT0042,20180717,SNOW,0,,,N,0600
US1TXAT0042,20180718,SNOW,0,,,N,0600
US1TXAT0042,20180719,SNOW,0,,,N,0600
US1TXAT0042,20180720,SNOW,0,,,N,0600
US1TXAT0042,20180721,SNOW,0,,,N,0600
US1TXAT0042,20180722,SNOW,0,,,N,0600
US1TXAT0042,20180723,SNOW,0,,,N,0600
US1TXAT0042,20180724,SNOW,0,,,N,0600
US1TXAT0042,20180725,SNOW,0,,,N,0600
US1TXAT0042,20180726,SNOW,0,,,N,0600
US1TXAT0042,20180727,SNOW,0,,,N,0600
US1TXAT0042,20180728,SNOW,0,,,N,0600
US1TXAT0042,20180729,SNOW,0,,,N,0600
US1TXAT0042,20180730,SNOW,0,,,N,0600
US1TXAT0042,20180731,SNOW,0,,,N,0600
US1TXAT0042,20180701,SNWD,0,,,N,0600
US1TXAT0042,20180702,SNWD,0,,,N,0600
US1TXAT0042,20180703,SNWD,0,,,N,0600
US1TXAT0042,20180705,SNWD,0,,,N,0600
US1TXAT0042,20180706,SNWD,0,,,N,0600
US1TXAT0042,20180707,SNWD,0,,,N,0600
US1TXAT0042,20180708,SNWD,0,,,N,0600
US1TXAT0042,20180709,SNWD,0,,,N,0600
US1TXAT0042,20180710,SNWD,0,,,N,0600
US1TXAT0042,20180711,SNWD,0,,,N,0600
US1TXAT0042,20180712,SNWD,0,,,N,0600
US1TXAT0042,20180713,SNWD,0,,,N,0600
US1TXAT0042,20180714,SNWD,0,,,N,0600
US1TXAT0042,20180715,SNWD,0,,,N,0600
US1TXAT0042,20180716,SNWD,0,,,N,0600
US1TXAT0042,20180717,SNWD,0,,,N,0600
US1TXAT0042,20180718,SNWD,0,,,N,0600
US1TXAT0042,20180719,SNWD,0,,,N,0600
US1TXAT0042,20180720,SNWD,0,,,N,0600
US1TXAT0042,20180721,SNWD,0,,,N,0600
US1TXAT0042,20180722,SNWD,0,,,N,0600
US1TXAT0042,20180723,SNWD,0,,,N,0600
US1TXAT0042,20180724,SNWD,0,,,N,0600
US1TXAT0042,20180725,SNWD,0,,,N,0600
US1TXAT0042,20180726,SNWD,0,,,N,0600
US1TXAT0042,20180727,SNWD,0,,,N,0600
US1TXAT0042,20180728,SNWD,0,,,N,0600
US1TXAT0042,20180729,SNWD,0,,,N,0600
US1TXAT0042,20180730,SNWD,0,,,N,0600
US1TXAT0042,20180731,SNWD,0,,,N,0600
US1TXAT0042,20180701,WESD,0,,,N,0600
US1TXAT0042,20180702,WESD,0,,,N,0600
US1TXAT0042,20180703,WESD,0,,,N,0600
US1TXAT0042,20180705,WESD,0,,,N,0600
US1TXAT0042,20180706,WESD,0,,,N,0600
US1TXAT0042,20180707,WESD,0,,,N,0600
US1TXAT0042,20180708,WESD,0,,,N,0600
US1TXAT0042,20180709,WESD,0,,,N,0600
US1TXAT0042,20180710,WESD,0,,,N,0600
US1TXAT0042,20180711,WESD,0,,,N,0600
US1TXAT0042,20180712,WESD,0,,,N,0600
US1TXAT0042,20180713,WESD,0,,,N,0600
US1TXAT0042,20180714,WESD,0,,,N,0600
US1TXAT0042,20180715,WESD,0,,,N,0600
US1TXAT0042,20180716,WESD,0,,,N,0600
US1TXAT0042,20180717,WESD,0,,,N,0600
US1TXAT0042,20180718,WESD,0,,,N,0600
US1TXAT0042,20180719,WESD,0,,,N,0600
US1TXAT0042,20180720,WESD,0,,,N,0600
US1TXAT0042,20180721,WESD,0,,,N,0600
US1TXAT0042,20180722,WESD,0,,,N,0600
US1TXAT0042,20180723,WESD,0,,,N,0600
US1TXAT0042,20180724,WESD,0,,,N,0600
US1TXAT0042,20180725,WESD,0,,,N,0600
US1TXAT0042,20180726,WESD,0,,,N,0600
US1TXAT0042,20180727,WESD,0,,,N,0600
US1TXAT0042,20180728,WESD,0,,,N,0600
US1TXAT0042,20180729,WESD,0,,,N,0600
US1TXAT0042,20180730,WESD,0,,,N,0600
US1TXAT0042,20180731,WESD,0,,,N,0600
US1TXAT0042,20180701,WESF,0,,,N,0600
US1TXAT0042,20180702,WESF,0,,,N,0600
US1TXAT0042,20180703,WESF,0,,,N,0600
US1TXAT0042,20180705,WESF,0,,,N,0600
US1TXAT0042,20180706,WESF,0,,,N,0600
US1TXAT0042,20180707,WESF,0,,,N,0600
US1TXAT0042,20180708,WESF,0,,,N,0600
US1TXAT0042,20180709,WESF,0,,,N,0600
US1TXAT0042,20180710,WESF,0,,,N,0600
US1TXAT0042,20180711,WESF,0,,,N,0600
US1TXAT0042,20180712,WESF,0,,,N,0600
US1TXAT0042,20180713,WESF,0,,,N,0600
US1TXAT0042,20180714,WESF,0,,,N,0600
US1TXAT0042,20180715,WESF,0,,,N,0600
US1TXAT0042,20180716,WESF,0,,,N,0600
US1TXAT0042,20180717,WESF,0,,,N,0600
US1TXAT0042,20180718,WESF,0,,,N,0600
US1TXAT0042,20180719,WESF,0,,,N,0600
US1TXAT0042,20180720,WESF,0,,,N,0600
US1TXAT0042,20180721,WESF,0,,,N,0600
US1TXAT0042,20180722,WESF,0,,,N,0600
US1TXAT0042,20180723,WESF,0,,,N,0600
US1TXAT0042,20180724,WESF,0,,,N,0600
US1TXAT0042,20180725,WESF,0,,,N,0600
US1TXAT0042,20180726,WESF,0,,,N,0600
US1TXAT0042,20180727,WESF,0,,,N,0600
US1TXAT0042,20180728,WESF,0,,,N,0600
US1TXAT0042,20180729,WESF,0,,,N,0600
US1TXAT0042,20180730,WESF,0,,,N,0600
US1TXAT0042,20180731,WESF,0,,,N,0600
US1TXAT0042,20180801,PRCP,5,,,N,0600
US1TXAT0042,20180802,PRCP,0,,,N,0600
US1TXAT0042,20180803,PRCP,0,,,N,0600
US1TXAT0042,20180804,PRCP,0,,,N,0600
US1TXAT0042,20180805,PRCP,0,,,N,0600
US1TXAT0042,20180806,PRCP,0,,,N,0600
US1TXAT0042,20180807,PRCP,0,,,N,0600
US1TXAT0042,20180808,PRCP,0,,,N,0600
US1TXAT0042,20180809,PRCP,0,,,N,0600
US1TXAT0042,20180810,PRCP,0,,,N,0600
US1TXAT0042,20180811,PRCP,0,,,N,0600
US1TXAT0042,20180812,PRCP,224,,,N,0600
US1TXAT0042,20180813,PRCP,28,,,N,0600
US1TXAT0042,20180814,PRCP,0,,,N,0600
US1TXAT0042,20180815,PRCP,0,,,N,0600
US1TXAT0042,20180816,PRCP,0,,,N,0600
US1TXAT0042,20180817,PRCP,0,,,N,0600
US1TXAT0042,20180818,PRCP,0,,,N,0600
US1TXAT0042,20180819,PRCP,0,,,N,0600
US1TXAT0042,20180820,PRCP,0,,,N,0600
US1TXAT0042,20180821,PRCP,0,,,N,0600
US1TXAT0042,20180822,PRCP,0,,,N,0600
US1TXAT0042,20180823,PRCP,0,,,N,0600
US1TXAT0042,20180824,PRCP,0,,,N,0600
US1TXAT0042,20180825,PRCP,0,,,N,0600
US1TXAT0042,20180826,PRCP,0,,,N,0600
US1TXAT0042,20180827,PRCP,0,,,N,0600
US1TXAT0042,20180828,PRCP,0,,,N,0600
US1TXAT0042,20180829,PRCP,0,,,N,0600
US1TXAT0042,20180830,PRCP,0,,,N,0600
US1TXAT0042,20180831,PRCP,0,,,N,0600
US1TXAT0042,20180801,SNOW,0,,,N,0600
US1TXAT0042,20180802,SNOW,0,,,N,0600
US1TXAT0042,20180803,SNOW,0,,,N,0600
US1TXAT0042,20180804,SNOW,0,,,N,0600
US1TXAT0042,20180805,SNOW,0,,,N,0600
US1TXAT0042,20180806,SNOW,0,,,N,0600
US1TXAT0042,20180807,SNOW,0,,,N,0600
US1TXAT0042,20180808,SNOW,0,,,N,0600
US1TXAT0042,20180809,SNOW,0,,,N,0600
US1TXAT0042,20180810,SNOW,0,,,N,0600
US1TXAT0042,20180811,SNOW,0,,,N,0600
US1TXAT0042,20180812,SNOW,0,,,N,0600
US1TXAT0042,20180813,SNOW,0,,,N,0600
US1TXAT0042,20180801,SNWD,0,,,N,0600
US1TXAT0042,20180802,SNWD,0,,,N,0600
US1TXAT0042,20180803,SNWD,0,,,N,0600
US1TXAT0042,20180804,SNWD,0,,,N,0600
US1TXAT0042,20180805,SNWD,0,,,N,0600
US1TXAT0042,20180806,SNWD,0,,,N,0600
US1TXAT0042,20180807,SNWD,0,,,N,0600
US1TXAT0042,20180808,SNWD,0,,,N,0600
US1TXAT0042,20180809,SNWD,0,,,N,0600
US1TXAT0042,20180810,SNWD,0,,,N,0600
US1TXAT0042,20180811,SNWD,0,,,N,0600
US1TXAT0042,20180812,SNWD,0,,,N,0600
US1TXAT0042,20180813,SNWD,0,,,N,0600
US1TXAT0042,20180801,WESD,0,,,N,0600
US1TXAT0042,20180802,WESD,0,,,N,0600
US1TXAT0042,20180803,WESD,0,,,N,0600
US1TXAT0042,20180804,WESD,0,,,N,0600
US1TXAT0042,20180805,WESD,0,,,N,0600
US1TXAT0042,20180806,WESD,0,,,N,0600
US1TXAT0042,20180807,WESD,0,,,N,0600
US1TXAT0042,20180808,WESD,0,,,N,0600
US1TXAT0042,20180809,WESD,0,,,N,0600
US1TXAT0042,20180810,WESD,0,,,N,0600
US1TXAT0042,20180811,WESD,0,,,N,0600
US1TXAT0042,20180812,WESD,0,,,N,0600
US1TXAT0042,20180813,WESD,0,,,N,0600
US1TXAT0042,20180801,WESF,0,,,N,0600
US1TXAT0042,20180802,WESF,0,,,N,0600
US1TXAT0042,20180803,WESF,0,,,N,0600
US1TXAT0042,20180804,WESF,0,,,N,0600
US1TXAT0042,20180805,WESF,0,,,N,0600
US1TXAT0042,20180806,WESF,0,,,N,0600
US1TXAT0042,20180807,WESF,0,,,N,0600
US1TXAT0042,20180808,WESF,0,,,N,0600
US1TXAT0042,20180809,WESF,0,,,N,0600
US1TXAT0042,20180810,WESF,0,,,N,0600
US1TXAT0042,20180811,WESF,0,,,N,0600
US1TXAT0042,20180812,WESF,0,,,N,0600
US1TXAT0042,20180813,WESF,0,,,N,0600
US1TXAT0042,20180901,PRCP,0,,,N,0600
US1TXAT0042,20180902,PRCP,0,,,N,0600
US1TXAT0042,20180903,PRCP,627,,,N,0600
US1TXAT0042,20180904,PRCP,152,,,N,0600
US1TXAT0042,20180905,PRCP,0,,,N,0600
US1TXAT0042,20180906,PRCP,0,,,N,0600
US1TXAT0042,20180907,PRCP,61,,,N,0600
US1TXAT0042,20180908,PRCP,8,,,N,0600
US1TXAT0042,20180909,PRCP,231,,,N,0600
US1TXAT0042,20180910,PRCP,203,,,N,0600
US1TXAT0042,20180911,PRCP,274,,,N,0600
US1TXAT0042,20180912,PRCP,79,,,N,0600
US1TXAT0042,20180913,PRCP,38,,,N,0600
US1TXAT0042,20180914,PRCP,86,,,N,0600
US1TXAT0042,20180915,PRCP,269,,,N,0600
US1TXAT0042,20180916,PRCP,660,,,N,0600
US1TXAT0042,20180917,PRCP,51,,,N,0600
US1TXAT0042,20180918,PRCP,61,,,N,0600
US1TXAT0042,20180919,PRCP,0,,,N,0600
US1TXAT0042,20180920,PRCP,28,,,N,0600
US1TXAT0042,20180921,PRCP,8,,,N,0600
US1TXAT0042,20180922,PRCP,109,,,N,0600
US1TXAT0042,20180923,PRCP,0,,,N,0600
US1TXAT0042,20180924,PRCP,0,,,N,0600
US1TXAT0042,20180925,PRCP,0,,,N,0600
US1TXAT0042,20180926,PRCP,0,,,N,0600
US1TXAT0042,20180927,PRCP,0,,,N,0600
US1TXAT0042,20180928,PRCP,0,,,N,0600
US1TXAT0042,20180929,PRCP,0,,,N,0600
US1TXAT0042,20180930,PRCP,0,,,N,0600
US1TXAT0042,20181001,PRCP,0,,,N,0600
US1TXAT0042,20181002,PRCP,48,,,N,0600
US1TXAT0042,20181003,PRCP,33,,,N,0600
US1TXAT0042,20181004,PRCP,0,,,N,0600
US1TXAT0042,20181005,PRCP,0,,,N,0600
US1TXAT0042,20181006,PRCP,0,,,N,0600
US1TXAT0042,20181007,PRCP,0,,,N,0600
US1TXAT0042,20181008,PRCP,51,,,N,0600
US1TXAT0042,20181009,PRCP,97,,,N,0600
US1TXAT0042,20181010,PRCP,30,,,N,0600
US1TXAT0042,20181011,PRCP,0,,,N,0600
US1TXAT0042,20181012,PRCP,36,,,N,0600
US1TXAT0042,20181013,PRCP,0,,,N,0600
US1TXAT0042,20181014,PRCP,0,,,N,0600
US1TXAT0042,20181015,PRCP,114,,,N,0600
US1TXAT0042,20181016,PRCP,234,,,N,0600
US1TXAT0042,20181017,PRCP,8,,,N,0600
US1TXAT0042,20181018,PRCP,5,,,N,0600
US1TXAT0042,20181019,PRCP,330,,,N,0600
US1TXAT0042,20181020,PRCP,8,,,N,0600
US1TXAT0042,20181021,PRCP,0,,,N,0600
US1TXAT0042,20181023,PRCP,251,,,N,0600
US1TXAT0042,20181024,PRCP,28,,,N,0600
US1TXAT0042,20181025,PRCP,127,,,N,0600
US1TXAT0042,20181026,PRCP,5,,,N,0600
US1TXAT0042,20181027,PRCP,5,,,N,0600
US1TXAT0042,20181028,PRCP,0,,,N,0600
US1TXAT0042,20181029,PRCP,0,,,N,0600
US1TXAT0042,20181030,PRCP,0,,,N,0600
US1TXAT0042,20181031,PRCP,0,,,N,0600
US1TXAT0042,20181101,PRCP,20,,,N,0600
US1TXAT0042,20181102,PRCP,0,,,N,0600
US1TXAT0042,20181103,PRCP,0,,,N,0600
US1TXAT0042,20181104,PRCP,0,,,N,0600
US1TXAT0042,20181105,PRCP,0,,,N,0600
US1TXAT0042,20181106,PRCP,0,,,N,0600
US1TXAT0042,20181107,PRCP,0,,,N,0600
US1TXAT0042,20181108,PRCP,13,,,N,0600
US1TXAT0042,20181109,PRCP,361,,,N,0600
US1TXAT0042,20181110,PRCP,0,,,N,0600
US1TXAT0042,20181111,PRCP,0,,,N,0600
US1TXAT0042,20181112,PRCP,51,,,N,0600
US1TXAT0042,20181113,PRCP,0,T,,N,0600
US1TXAT0042,20181114,PRCP,0,,,N,0600
US1TXAT0042,20181115,PRCP,0,,,N,0600
US1TXAT0042,20181116,PRCP,0,,,N,0600
US1TXAT0042,20181117,PRCP,0,,,N,0600
US1TXAT0042,20181118,PRCP,13,,,N,0600
US1TXAT0042,20181119,PRCP,0,,,N,0600
US1TXAT0042,20181120,PRCP,0,,,N,0600
US1TXAT0042,20181121,PRCP,0,,,N,0600
US1TXAT0042,20181122,PRCP,0,,,N,0600
US1TXAT0042,20181123,PRCP,0,,,N,0600
US1TXAT0042,20181124,PRCP,0,,,N,0600
US1TXAT0042,20181125,PRCP,0,,,N,0600
US1TXAT0042,20181126,PRCP,0,,,N,0600
US1TXAT0042,20181127,PRCP,0,,,N,0600
US1TXAT0042,20181128,PRCP,0,,,N,0600
US1TXAT0042,20181129,PRCP,0,,,N,0600
US1TXAT0042,20181130,PRCP,0,,,N,0600
US1TXAT0042,20181113,SNOW,0,T,,N,0600
US1TXAT0042,20181201,PRCP,0,,,N,0600
US1TXAT0042,20181202,PRCP,0,,,N,0600
US1TXAT0042,20181203,PRCP,0,,,N,0600
US1TXAT0042,20181204,PRCP,0,,,N,0600
US1TXAT0042,20181205,PRCP,0,,,N,0600
US1TXAT0042,20181206,PRCP,0,,,N,0600
US1TXAT0042,20181207,PRCP,20,,,N,0600
US1TXAT0042,20181208,PRCP,305,,,N,0600
US1TXAT0042,20181209,PRCP,0,,,N,0600
US1TXAT0042,20181210,PRCP,0,,,N,0600
US1TXAT0042,20181211,PRCP,0,,,N,0600
US1TXAT0042,20181212,PRCP,0,,,N,0600
US1TXAT0042,20181213,PRCP,0,,,N,0600
US1TXAT0042,20181214,PRCP,0,,,N,0600
US1TXAT0042,20181215,PRCP,0,,,N,0600
US1TXAT0042,20181216,PRCP,0,,,N,0600
US1TXAT0042,20181217,PRCP,0,,,N,0600
US1TXAT0042,20181218,PRCP,0,,,N,0600
US1TXAT0042,20181219,PRCP,0,,,N,0600
US1TXAT0042,20181220,PRCP,0,,,N,0600
US1TXAT0042,20181221,PRCP,0,,,N,0600
US1TXAT0042,20181222,PRCP,0,,,N,0600
US1TXAT0042,20181223,PRCP,0,,,N,0600
US1TXAT0042,20181224,PRCP,0,,,N,0600
US1TXAT0042,20181225,PRCP,0,,,N,0600
US1TXAT0042,20181226,PRCP,38,,,N,0600
US1TXAT0042,20181227,PRCP,91,,,N,0600
US1TXAT0042,20181228,PRCP,0,,,N,0600
US1TXAT0042,20181229,PRCP,0,,,N,0600
US1TXAT0042,20181230,PRCP,0,,,N,0600
US1TXAT0042,20181231,PRCP,18,,,N,0600
US1TXAT0042,20190101,PRCP,0,T,,N,0600
US1TXAT0042,20190102,PRCP,5,,,N,0600
US1TXAT0042,20190103,PRCP,0,,,N,0600
US1TXAT0042,20190104,PRCP,0,,,N,0600
US1TXAT0042,20190105,PRCP,0,,,N,0600
US1TXAT0042,20190106,PRCP,0,,,N,0600
US1TXAT0042,20190107,PRCP,0,,,N,0600
US1TXAT0042,20190108,PRCP,0,,,N,0600
US1TXAT0042,20190109,PRCP,0,,,N,0600
US1TXAT0042,20190110,PRCP,0,,,N,0600
US1TXAT0042,20190111,PRCP,0,,,N,0600
US1TXAT0042,20190112,PRCP,112,,,N,0600
US1TXAT0042,20190113,PRCP,0,,,N,0600
US1TXAT0042,20190114,PRCP,0,,,N,0600
US1TXAT0042,20190115,PRCP,0,,,N,0600
US1TXAT0042,20190116,PRCP,28,,,N,0600
US1TXAT0042,20190117,PRCP,0,,,N,0600
US1TXAT0042,20190118,PRCP,0,,,N,0600
US1TXAT0042,20190119,PRCP,0,,,N,0600
US1TXAT0042,20190120,PRCP,0,,,N,0600
US1TXAT0042,20190121,PRCP,0,,,N,0600
US1TXAT0042,20190122,PRCP,0,,,N,0600
US1TXAT0042,20190123,PRCP,0,,,N,0600
US1TXAT0042,20190124,PRCP,0,,,N,0600
US1TXAT0042,20190125,PRCP,0,,,N,0600
US1TXAT0042,20190126,PRCP,0,,,N,0600
US1TXAT0042,20190127,PRCP,104,,,N,0600
US1TXAT0042,20190128,PRCP,0,,,N,0600
US1TXAT0042,20190129,PRCP,0,,,N,0600
US1TXAT0042,20190130,PRCP,0,,,N,0600
US1TXAT0042,20190131,PRCP,0,,,N,0600
US1TXAT0042,20190201,PRCP,0,T,,N,0600
US1TXAT0042,20190202,PRCP,0,,,N,0600
US1TXAT0042,20190203,PRCP,0,,,N,0600
US1TXAT0042,20190204,PRCP,0,,,N,0600
US1TXAT0042,20190205,PRCP,3,,,N,0600
US1TXAT0042,20190206,PRCP,0,,,N,0600
US1TXAT0042,20190207,PRCP,0,,,N,0600
US1TXAT0042,20190208,PRCP,0,,,N,0600
US1TXAT0042,20190213,PRCP,0,,,N,0600
US1TXAT0042,20190214,PRCP,0,,,N,0600
US1TXAT0042,20190215,PRCP,0,,,N,0600
US1TXAT0042,20190216,PRCP,0,,,N,0600
US1TXAT0042,20190217,PRCP,0,,,N,0600
US1TXAT0042,20190218,PRCP,0,,,N,0600
US1TXAT0042,20190219,PRCP,0,,,N,0600
US1TXAT0042,20190220,PRCP,0,T,,N,0600
US1TXAT0042,20190221,PRCP,0,,,N,0600
US1TXAT0042,20190222,PRCP,0,,,N,0600
US1TXAT0042,20190223,PRCP,0,,,N,0600
US1TXAT0042,20190224,PRCP,0,,,N,0600
US1TXAT0042,20190225,PRCP,0,,,N,0600
US1TXAT0042,20190226,PRCP,5,,,N,0600
US1TXAT0042,20190227,PRCP,3,,,N,0600
US1TXAT0042,20190228,PRCP,5,,,N,0600
US1TXAT0042,20190301,PRCP,0,T,,N,0600
US1TXAT0042,20190305,PRCP,0,,,N,0600
US1TXAT0042,20190306,PRCP,0,,,N,0600
US1TXAT0042,20190307,PRCP,0,,,N,0600
US1TXAT0042,20190308,PRCP,0,,,N,0600
US1TXAT0042,20190309,PRCP,0,,,N,0600
US1TXAT0042,20190310,PRCP,0,,,N,0600
US1TXAT0042,20190311,PRCP,3,,,N,0600
US1TXAT0042,20190312,PRCP,0,,,N,0600
US1TXAT0042,20190313,PRCP,0,,,N,0600
US1TXAT0042,20190314,PRCP,3,,,N,0600
US1TXAT0042,20190315,PRCP,0,,,N,0600
US1TXAT0042,20190316,PRCP,0,,,N,0600
US1TXAT0042,20190317,PRCP,0,,,N,0600
US1TXAT0042,20190318,PRCP,0,,,N,0600
US1TXAT0042,20190319,PRCP,0,,,N,0600
US1TXAT0042,20190320,PRCP,0,,,N,0600
US1TXAT0042,20190321,PRCP,0,,,N,0600
US1TXAT0042,20190322,PRCP,0,,,N,0600
US1TXAT0042,20190323,PRCP,0,,,N,0600
US1TXAT0042,20190324,PRCP,0,,,N,0600
US1TXAT0042,20190325,PRCP,0,,,N,0600
US1TXAT0042,20190326,PRCP,0,,,N,0600
US1TXAT0042,20190327,PRCP,0,,,N,0600
US1TXAT0042,20190328,PRCP,0,,,N,0600
US1TXAT0042,20190329,PRCP,3,,,N,0600
US1TXAT0042,20190330,PRCP,0,,,N,0600
US1TXAT0042,20190331,PRCP,0,,,N,0600
US1TXAT0042,20190401,PRCP,0,,,N,0600
US1TXAT0042,20190402,PRCP,0,,,N,0600
US1TXAT0042,20190403,PRCP,0,,,N,0600
US1TXAT0042,20190404,PRCP,0,,,N,0600
US1TXAT0042,20190405,PRCP,0,,,N,0600
US1TXAT0042,20190406,PRCP,0,T,,N,0600
US1TXAT0042,20190407,PRCP,216,,,N,0600
US1TXAT0042,20190408,PRCP,0,,,N,0600
US1TXAT0042,20190409,PRCP,0,,,N,0600
US1TXAT0042,20190410,PRCP,0,,,N,0600
US1TXAT0042,20190411,PRCP,0,,,N,0600
US1TXAT0042,20190412,PRCP,0,,,N,0600
US1TXAT0042,20190413,PRCP,56,,,N,0600
US1TXAT0042,20190414,PRCP,0,,,N,0600
US1TXAT0042,20190415,PRCP,0,,,N,0600
US1TXAT0042,20190416,PRCP,0,,,N,0600
US1TXAT0042,20190417,PRCP,0,,,N,0600
US1TXAT0042,20190418,PRCP,231,,,N,0600
US1TXAT0042,20190419,PRCP,0,,,N,0600
US1TXAT0042,20190420,PRCP,0,,,N,0600
US1TXAT0042,20190421,PRCP,0,,,N,0600
US1TXAT0042,20190422,PRCP,0,,,N,0600
US1TXAT0042,20190423,PRCP,0,,,N,0600
US1TXAT0042,20190424,PRCP,0,,,N,0600
US1TXAT0042,20190425,PRCP,66,,,N,0600
US1TXAT0042,20190426,PRCP,0,,,N,0600
US1TXAT0042,20190427,PRCP,0,,,N,0600
US1TXAT0042,20190428,PRCP,0,,,N,0600
US1TXAT0042,20190429,PRCP,0,,,N,0600
US1TXAT0042,20190430,PRCP,0,,,N,0600
US1TXAT0042,20190501,PRCP,0,,,N,0600
US1TXAT0042,20190502,PRCP,0,,,N,0600
US1TXAT0042,20190503,PRCP,76,,,N,0600
US1TXAT0042,20190504,PRCP,292,,,N,0600
US1TXAT0042,20190505,PRCP,0,,,N,0600
US1TXAT0042,20190506,PRCP,43,,,N,0600
US1TXAT0042,20190507,PRCP,165,,,N,0600
US1TXAT0042,20190508,PRCP,18,,,N,0600
US1TXAT0042,20190509,PRCP,13,,,N,0600
US1TXAT0042,20190510,PRCP,43,,,N,0600
US1TXAT0042,20190511,PRCP,23,,,N,0600
US1TXAT0042,20190512,PRCP,0,,,N,0600
US1TXAT0042,20190513,PRCP,0,,,N,0600
US1TXAT0042,20190514,PRCP,0,,,N,0600
US1TXAT0042,20190515,PRCP,0,,,N,0600
US1TXAT0042,20190516,PRCP,0,,,N,0600
US1TXAT0042,20190517,PRCP,0,,,N,0600
US1TXAT0042,20190518,PRCP,0,,,N,0600
US1TXAT0042,20190519,PRCP,8,,,N,0600
US1TXAT0042,20190520,PRCP,0,,,N,0600
US1TXAT0042,20190521,PRCP,0,,,N,0600
US1TXAT0042,20190522,PRCP,0,,,N,0600
US1TXAT0042,20190523,PRCP,0,,,N,0600
US1TXAT0042,20190524,PRCP,0,,,N,0600
US1TXAT0042,20190525,PRCP,0,,,N,0600
US1TXAT0042,20190526,PRCP,0,,,N,0600
US1TXAT0042,20190528,PRCP,0,,,N,0600
US1TXAT0042,20190529,PRCP,0,,,N,0600
US1TXAT0042,20190530,PRCP,0,,,N,0600
US1TXAT0042,20190531,PRCP,56,,,N,0600
US1TXAT0042,20190601,PRCP,0,,,N,0600
US1TXAT0042,20190602,PRCP,0,,,N,0600
US1TXAT0042,20190603,PRCP,0,,,N,0600
US1TXAT0042,20190604,PRCP,0,,,N,0600
US1TXAT0042,20190605,PRCP,251,,,N,0600
US1TXAT0042,20190606,PRCP,3,,,N,0600
US1TXAT0042,20190607,PRCP,0,,,N,0600
US1TXAT0042,20190608,PRCP,0,,,N,0600
US1TXAT0042,20190609,PRCP,0,,,N,0600
US1TXAT0042,20190610,PRCP,0,,,N,0600
US1TXAT0042,20190611,PRCP,0,,,N,0600
US1TXAT0042,20190612,PRCP,8,,,N,0600
US1TXAT0042,20190613,PRCP,0,,,N,0600
US1TXAT0042,20190614,PRCP,0,,,N,0600
US1TXAT0042,20190615,PRCP,0,,,N,0600
US1TXAT0042,20190616,PRCP,0,,,N,0600
US1TXAT0042,20190617,PRCP,0,,,N,0600
US1TXAT0042,20190618,PRCP,69,,,N,0600
US1TXAT0042,20190619,PRCP,0,,,N,0600
US1TXAT0042,20190620,PRCP,0,,,N,0600
US1TXAT0042,20190621,PRCP,0,,,N,0600
US1TXAT0042,20190622,PRCP,279,,,N,0600
US1TXAT0042,20190623,PRCP,0,,,N,0600
US1TXAT0042,20190624,PRCP,0,,,N,0600
US1TXAT0042,20190625,PRCP,61,,,N,0600
US1TXAT0042,20190626,PRCP,3,,,N,0600
US1TXAT0042,20190627,PRCP,76,,,N,0600
US1TXAT0042,20190628,PRCP,175,,,N,0600
US1TXAT0042,20190629,PRCP,38,,,N,0600
US1TXAT0042,20190630,PRCP,173,,,N,0600
US1TXAT0042,20190701,PRCP,0,,,N,0600
US1TXAT0042,20190702,PRCP,0,,,N,0600
US1TXAT0042,20190703,PRCP,23,,,N,0600
US1TXAT0042,20190704,PRCP,0,,,N,0600
US1TXAT0042,20190705,PRCP,0,,,N,0600
US1TXAT0042,20190706,PRCP,0,,,N,0600
US1TXAT0042,20190707,PRCP,0,,,N,0600
US1TXAT0042,20190708,PRCP,0,,,N,0600
US1TXAT0042,20190709,PRCP,0,,,N,0600
US1TXAT0042,20190710,PRCP,0,,,N,0600
US1TXAT0042,20190711,PRCP,0,T,,N,0600
US1TXAT0042,20190712,PRCP,0,,,N,0600
US1TXAT0042,20190713,PRCP,0,,,N,0600
US1TXAT0042,20190714,PRCP,0,,,N,0600
US1TXAT0042,20190715,PRCP,0,,,N,0600
US1TXAT0042,20190716,PRCP,0,,,N,0600
US1TXAT0042,20190717,PRCP,0,,,N,0600
US1TXAT0042,20190718,PRCP,0,,,N,0600
US1TXAT0042,20190719,PRCP,0,,,N,0600
US1TXAT0042,20190720,PRCP,0,,,N,0600
US1TXAT0042,20190721,PRCP,0,,,N,0600
US1TXAT0042,20190722,PRCP,0,,,N,0600
US1TXAT0042,20190723,PRCP,0,,,N,0600
US1TXAT0042,20190724,PRCP,0,,,N,0600
US1TXAT0042,20190725,PRCP,0,,,N,0600
US1TXAT0042,20190726,PRCP,0,,,N,0600
US1TXAT0042,20190727,PRCP,0,,,N,0600
US1TXAT0042,20190728,PRCP,0,,,N,0600
US1TXAT0042,20190729,PRCP,0,,,N,0600
US1TXAT0042,20190730,PRCP,0,,,N,0600
US1TXAT0042,20190731,PRCP,0,,,N,0600
US1TXAT0042,20190801,PRCP,0,,,N,0600
US1TXAT0042,20190802,PRCP,0,,,N,0600
US1TXAT0042,20190803,PRCP,0,,,N,0600
US1TXAT0042,20190804,PRCP,0,,,N,0600
US1TXAT0042,20190805,PRCP,0,,,N,0600
US1TXAT0042,20190806,PRCP,0,,,N,0600
US1TXAT0042,20190807,PRCP,0,,,N,0600
US1TXAT0042,20190808,PRCP,0,,,N,0600
US1TXAT0042,20190809,PRCP,0,,,N,0600
US1TXAT0042,20190810,PRCP,0,,,N,0600
US1TXAT0042,20190811,PRCP,0,,,N,0600
US1TXAT0042,20190812,PRCP,0,,,N,0600
US1TXAT0042,20190813,PRCP,0,,,N,0600
US1TXAT0042,20190814,PRCP,0,,,N,0600
US1TXAT0042,20190815,PRCP,0,,,N,0600
US1TXAT0042,20190816,PRCP,0,,,N,0600
US1TXAT0042,20190817,PRCP,0,,,N,0600
US1TXAT0042,20190818,PRCP,0,,,N,0600
US1TXAT0042,20190819,PRCP,0,,,N,0600
US1TXAT0042,20190820,PRCP,0,,,N,0600
US1TXAT0042,20190821,PRCP,0,,,N,0600
US1TXAT0042,20190822,PRCP,0,,,N,0600
US1TXAT0042,20190823,PRCP,0,,,N,0600
US1TXAT0042,20190824,PRCP,0,,,N,0600
US1TXAT0042,20190825,PRCP,445,,,N,0600
US1TXAT0042,20190826,PRCP,0,,,N,0600
US1TXAT0042,20190827,PRCP,0,,,N,0600
US1TXAT0042,20190828,PRCP,0,,,N,0600
US1TXAT0042,20190829,PRCP,36,,,N,0600
US1TXAT0042,20190830,PRCP,0,,,N,0600
US1TXAT0042,20190831,PRCP,0,,,N,0600
US1TXAT0042,20190901,PRCP,33,,,N,0600
US1TXAT0042,20190902,PRCP,0,,,N,0600
US1TXAT0042,20190903,PRCP,0,,,N,0600
US1TXAT0042,20190904,PRCP,0,,,N,0600
US1TXAT0042,20190905,PRCP,0,,,N,0600
US1TXAT0042,20190906,PRCP,0,,,N,0600
US1TXAT0042,20190907,PRCP,0,,,N,0600
US1TXAT0042,20190908,PRCP,0,,,N,0600
US1TXAT0042,20190909,PRCP,0,,,N,0600
US1TXAT0042,20190910,PRCP,0,,,N,0600
US1TXAT0042,20190911,PRCP,0,,,N,0600
US1TXAT0042,20190912,PRCP,0,,,N,0600
US1TXAT0042,20190913,PRCP,0,,,N,0600
US1TXAT0042,20190914,PRCP,0,,,N,0600
US1TXAT0042,20190915,PRCP,0,,,N,0600
US1TXAT0042,20190916,PRCP,0,,,N,0600
US1TXAT0042,20190917,PRCP,0,,,N,0600
US1TXAT0042,20190918,PRCP,0,,,N,0600
US1TXAT0042,20190919,PRCP,0,,,N,0600
US1TXAT0042,20190920,PRCP,0,,,N,0600
US1TXAT0042,20190921,PRCP,0,,,N,0600
US1TXAT0042,20190922,PRCP,0,,,N,0600
US1TXAT0042,20190923,PRCP,0,,,N,0600
US1TXAT0042,20190924,PRCP,0,,,N,0600
US1TXAT0042,20190925,PRCP,0,,,N,0600
US1TXAT0042,20190926,PRCP,0,,,N,0600
US1TXAT0042,20190927,PRCP,0,,,N,0600
US1TXAT0042,20190928,PRCP,0,,,N,0600
US1TXAT0042,20190929,PRCP,0,,,N,0600
US1TXAT0042,20190930,PRCP,23,,,N,0600
US1TXAT0042,20191001,PRCP,0,,,N,0600
US1TXAT0042,20191002,PRCP,0,,,N,0600
US1TXAT0042,20191003,PRCP,0,,,N,0600
US1TXAT0042,20191004,PRCP,0,,,N,0600
US1TXAT0042,20191005,PRCP,0,,,N,0600
US1TXAT0042,20191006,PRCP,0,,,N,0600
US1TXAT0042,20191007,PRCP,0,,,N,0600
US1TXAT0042,20191008,PRCP,0,,,N,0600
US1TXAT0042,20191009,PRCP,0,,,N,0600
US1TXAT0042,20191010,PRCP,0,,,N,0600
US1TXAT0042,20191011,PRCP,0,,,N,0600
US1TXAT0042,20191012,PRCP,0,,,N,0600
US1TXAT0042,20191013,PRCP,0,,,N,0600
US1TXAT0042,20191014,PRCP,0,,,N,0600
US1TXAT0042,20191015,PRCP,0,,,N,0600
US1TXAT0042,20191016,PRCP,231,,,N,0600
US1TXAT0042,20191017,PRCP,53,,,N,0600
US1TXAT0042,20191018,PRCP,0,,,N,0600
US1TXAT0042,20191019,PRCP,0,,,N,0600
US1TXAT0042,20191020,PRCP,0,,,N,0600
US1TXAT0042,20191021,PRCP,114,,,N,0600
US1TXAT0042,20191022,PRCP,0,,,N,0600
US1TXAT0042,20191023,PRCP,0,,,N,0600
US1TXAT0042,20191024,PRCP,0,,,N,0600
US1TXAT0042,20191025,PRCP,483,,,N,0600
US1TXAT0042,20191026,PRCP,0,,,N,0600
US1TXAT0042,20191027,PRCP,0,,,N,0600
US1TXAT0042,20191028,PRCP,0,,,N,0600
US1TXAT0042,20191029,PRCP,0,T,,N,0600
US1TXAT0042,20191030,PRCP,56,,,N,0600
US1TXAT0042,20191031,PRCP,0,,,N,0600
US1TXAT0042,20191101,PRCP,0,,,N,0600
US1TXAT0042,20191102,PRCP,0,,,N,0600
US1TXAT0042,20191103,PRCP,0,,,N,0600
US1TXAT0042,20191104,PRCP,0,,,N,0600
US1TXAT0042,20191105,PRCP,0,,,N,0600
US1TXAT0042,20191106,PRCP,3,,,N,0600
US1TXAT0042,20191107,PRCP,0,,,N,0600
US1TXAT0042,20191108,PRCP,117,,,N,0600
US1TXAT0042,20191109,PRCP,46,,,N,0600
US1TXAT0042,20191110,PRCP,0,,,N,0600
US1TXAT0042,20191111,PRCP,0,,,N,0600
US1TXAT0042,20191112,PRCP,13,,,N,0600
US1TXAT0042,20191113,PRCP,13,,,N,0600
US1TXAT0042,20191114,PRCP,28,,,N,0600
US1TXAT0042,20191115,PRCP,5,,,N,0600
US1TXAT0042,20191116,PRCP,0,,,N,0600
US1TXAT0042,20191117,PRCP,0,,,N,0600
US1TXAT0042,20191118,PRCP,0,,,N,0600
US1TXAT0042,20191119,PRCP,0,,,N,0600
US1TXAT0042,20191120,PRCP,0,,,N,0600
US1TXAT0042,20191121,PRCP,0,,,N,0600
US1TXAT0042,20191122,PRCP,3,,,N,0600
US1TXAT0042,20191123,PRCP,13,,,N,0600
US1TXAT0042,20191124,PRCP,0,,,N,0600
US1TXAT0042,20191125,PRCP,0,,,N,0600
US1TXAT0042,20191126,PRCP,0,,,N,0600
US1TXAT0042,20191127,PRCP,0,,,N,0600
US1TXAT0042,20191128,PRCP,0,,,N,0600
US1TXAT0042,20191129,PRCP,0,,,N,0600
US1TXAT0042,20191130,PRCP,13,,,N,0600
US1TXAT0042,20191201,PRCP,0,,,N,0600
US1TXAT0042,20191202,PRCP,0,,,N,0600
US1TXAT0042,20191203,PRCP,0,,,N,0600
US1TXAT0042,20191204,PRCP,0,,,N,0600
US1TXAT0042,20191205,PRCP,0,,,N,0600
US1TXAT0042,20191206,PRCP,0,,,N,0600
US1TXAT0042,20191207,PRCP,0,,,N,0600
US1TXAT0042,20191208,PRCP,0,,,N,0600
US1TXAT0042,20191209,PRCP,0,,,N,0600
US1TXAT0042,20191210,PRCP,41,,,N,0600
US1TXAT0042,20191211,PRCP,25,,,N,0600
US1TXAT0042,20191212,PRCP,0,,,N,0600
US1TXAT0042,20191213,PRCP,0,,,N,0600
US1TXAT0042,20191214,PRCP,0,,,N,0600
US1TXAT0042,20191216,PRCP,0,,,N,0600
US1TXAT0042,20191217,PRCP,0,,,N,0600
US1TXAT0042,20191218,PRCP,0,,,N,0600
US1TXAT0042,20191219,PRCP,0,,,N,0600
US1TXAT0042,20191220,PRCP,0,T,,N,0600
US1TXAT0042,20191221,PRCP,41,,,N,0600
US1TXAT0042,20191222,PRCP,0,,,N,0600
US1TXAT0042,20191223,PRCP,0,,,N,0600
US1TXAT0042,20191224,PRCP,0,,,N,0600
US1TXAT0042,20191225,PRCP,0,,,N,0600
US1TXAT0042,20191226,PRCP,0,,,N,0600
US1TXAT0042,20191227,PRCP,8,,,N,0600
US1TXAT0042,20191228,PRCP,0,,,N,0600
US1TXAT0042,20191229,PRCP,0,,,N,0600
US1TXAT0042,20191230,PRCP,0,,,N,0600
US1TXAT0042,20191231,PRCP,0,,,N,0600
US1TXAT0042,20200101,PRCP,0,,,N,0600
US1TXAT0042,20200102,PRCP,3,,,N,0600
US1TXAT0042,20200103,PRCP,0,,,N,0600
US1TXAT0042,20200104,PRCP,0,,,N,0600
US1TXAT0042,20200105,PRCP,0,,,N,0600
US1TXAT0042,20200106,PRCP,0,,,N,0600
US1TXAT0042,20200107,PRCP,0,,,N,0600
US1TXAT0042,20200108,PRCP,0,,,N,0600
US1TXAT0042,20200109,PRCP,0,,,N,0600
US1TXAT0042,20200110,PRCP,0,,,N,0600
US1TXAT0042,20200111,PRCP,8,,,N,0600
US1TXAT0042,20200113,PRCP,0,,,N,0600
US1TXAT0042,20200114,PRCP,25,,,N,0600
US1TXAT0042,20200115,PRCP,3,,,N,0600
US1TXAT0042,20200117,PRCP,3,,,N,0600
US1TXAT0042,20200118,PRCP,3,,,N,0600
US1TXAT0042,20200119,PRCP,0,,,N,0600
US1TXAT0042,20200120,PRCP,0,,,N,0600
US1TXAT0042,20200121,PRCP,0,,,N,0600
US1TXAT0042,20200122,PRCP,74,,,N,0600
US1TXAT0042,20200123,PRCP,53,,,N,0600
US1TXAT0042,20200125,PRCP,0,,,N,0600
US1TXAT0042,20200127,PRCP,0,,,N,0600
US1TXAT0042,20200128,PRCP,3,,,N,0600
US1TXAT0042,20200129,PRCP,0,,,N,0600
US1TXAT0042,20200130,PRCP,0,,,N,0600
US1TXAT0042,20200131,PRCP,0,,,N,0600
US1TXAT0042,20200201,PRCP,0,,,N,0600
US1TXAT0042,20200202,PRCP,0,,,N,0600
US1TXAT0042,20200203,PRCP,0,,,N,0600
US1TXAT0042,20200204,PRCP,0,,,N,0600
US1TXAT0042,20200205,PRCP,0,,,N,0600
US1TXAT0042,20200206,PRCP,0,,,N,0600
US1TXAT0042,20200207,PRCP,0,,,N,0600
US1TXAT0042,20200208,PRCP,0,,,N,0600
US1TXAT0042,20200209,PRCP,0,,,N,0600
US1TXAT0042,20200210,PRCP,0,,,N,0600
US1TXAT0042,20200211,PRCP,0,T,,N,0600
US1TXAT0042,20200212,PRCP,66,,,N,0600
US1TXAT0042,20200213,PRCP,3,,,N,0600
US1TXAT0042,20200214,PRCP,0,,,N,0600
US1TXAT0042,20200215,PRCP,0,,,N,0600
US1TXAT0042,20200216,PRCP,0,,,N,0600
US1TXAT0042,20200217,PRCP,0,,,N,0600
US1TXAT0042,20200218,PRCP,0,,,N,0600
US1TXAT0042,20200219,PRCP,5,,,N,0600
US1TXAT0042,20200220,PRCP,15,,,N,0600
US1TXAT0042,20200221,PRCP,0,,,N,0600
US1TXAT0042,20200222,PRCP,0,,,N,0600
US1TXAT0042,20200223,PRCP,0,,,N,0600
US1TXAT0042,20200224,PRCP,0,,,N,0600
US1TXAT0042,20200225,PRCP,0,,,N,0600
US1TXAT0042,20200226,PRCP,0,,,N,0600
US1TXAT0042,20200227,PRCP,0,,,N,0600
US1TXAT0042,20200228,PRCP,0,,,N,0600
US1TXAT0042,20200229,PRCP,0,,,N,0600
US1TXAT0042,20200301,PRCP,0,,,N,0600
US1TXAT0042,20200302,PRCP,0,,,N,0600
US1TXAT0042,20200303,PRCP,0,,,N,0600
US1TXAT0042,20200304,PRCP,0,,,N,0600
US1TXAT0042,20200305,PRCP,10,,,N,0600
US1TXAT0042,20200306,PRCP,0,,,N,0600
US1TXAT0042,20200307,PRCP,0,,,N,0600
US1TXAT0042,20200308,PRCP,0,,,N,0600
US1TXAT0042,20200309,PRCP,0,,,N,0600
US1TXAT0042,20200310,PRCP,5,,,N,0600
US1TXAT0042,20200311,PRCP,0,,,N,0600
US1TXAT0042,20200312,PRCP,0,,,N,0600
US1TXAT0042,20200313,PRCP,0,,,N,0600
US1TXAT0042,20200314,PRCP,0,,,N,0600
US1TXAT0042,20200315,PRCP,0,,,N,0600
US1TXAT0042,20200316,PRCP,0,,,N,0600
US1TXAT0042,20200317,PRCP,0,,,N,0600
US1TXAT0042,20200318,PRCP,13,,,N,0600
US1TXAT0042,20200319,PRCP,5,,,N,0600
US1TXAT0042,20200320,PRCP,267,,,N,0600
US1TXAT0042,20200321,PRCP,318,,,N,0600
US1TXAT0042,20200322,PRCP,152,,,N,0600
US1TXAT0042,20200323,PRCP,5,,,N,0600
US1TXAT0042,20200324,PRCP,3,,,N,0600
US1TXAT0042,20200325,PRCP,0,,,N,0600
US1TXAT0042,20200326,PRCP,0,,,N,0600
US1TXAT0042,20200327,PRCP,0,,,N,0600
US1TXAT0042,20200328,PRCP,3,,,N,0600
US1TXAT0042,20200329,PRCP,5,,,N,0600
US1TXAT0042,20200330,PRCP,0,,,N,0600
US1TXAT0042,20200331,PRCP,0,,,N,0600
US1TXAT0042,20200401,PRCP,0,,,N,0600
US1TXAT0042,20200402,PRCP,0,,,N,0600
US1TXAT0042,20200403,PRCP,33,,,N,0600
US1TXAT0042,20200404,PRCP,643,,,N,0600
US1TXAT0042,20200405,PRCP,404,,,N,0600
US1TXAT0042,20200406,PRCP,0,,,N,0600
US1TXAT0042,20200407,PRCP,0,,,N,0600
US1TXAT0042,20200408,PRCP,0,,,N,0600
US1TXAT0042,20200409,PRCP,0,,,N,0600
US1TXAT0042,20200410,PRCP,71,,,N,0600
US1TXAT0042,20200411,PRCP,0,,,N,0600
US1TXAT0042,20200412,PRCP,0,,,N,0600
US1TXAT0042,20200413,PRCP,0,,,N,0600
US1TXAT0042,20200414,PRCP,0,,,N,0600
US1TXAT0042,20200415,PRCP,0,,,N,0600
US1TXAT0042,20200416,PRCP,0,,,N,0600
US1TXAT0042,20200417,PRCP,0,,,N,0600
US1TXAT0042,20200418,PRCP,0,,,N,0600
US1TXAT0042,20200419,PRCP,0,,,N,0600
US1TXAT0042,20200420,PRCP,3,,,N,0600
US1TXAT0042,20200421,PRCP,0,,,N,0600
US1TXAT0042,20200422,PRCP,0,,,N,0600
US1TXAT0042,20200423,PRCP,0,,,N,0600
US1TXAT0042,20200424,PRCP,0,,,N,0600
US1TXAT0042,20200425,PRCP,0,,,N,0600
US1TXAT0042,20200426,PRCP,0,,,N,0600
US1TXAT0042,20200427,PRCP,0,,,N,0600
US1TXAT0042,20200428,PRCP,203,,,N,0600
US1TXAT0042,20200429,PRCP,0,,,N,0600
US1TXAT0042,20200430,PRCP,0,,,N,0600
US1TXAT0042,20200501,PRCP,0,,,N,0600
US1TXAT0042,20200502,PRCP,0,,,N,0600
US1TXAT0042,20200503,PRCP,0,,,N,0600
US1TXAT0042,20200504,PRCP,0,,,N,0600
US1TXAT0042,20200505,PRCP,0,,,N,0600
US1TXAT0042,20200506,PRCP,0,,,N,0600
US1TXAT0042,20200507,PRCP,0,,,N,0600
US1TXAT0042,20200508,PRCP,0,,,N,0600
US1TXAT0042,20200509,PRCP,0,,,N,0600
US1TXAT0042,20200510,PRCP,0,,,N,0600
US1TXAT0042,20200511,PRCP,0,,,N,0600
US1TXAT0042,20200512,PRCP,51,,,N,0600
US1TXAT0042,20200513,PRCP,0,,,N,0600
US1TXAT0042,20200514,PRCP,0,,,N,0600
US1TXAT0042,20200515,PRCP,0,,,N,0600
US1TXAT0042,20200516,PRCP,660,,,N,0600
US1TXAT0042,20200517,PRCP,0,,,N,0600
US1TXAT0042,20200518,PRCP,0,,,N,0600
US1TXAT0042,20200519,PRCP,0,,,N,0600
US1TXAT0042,20200520,PRCP,0,,,N,0600
US1TXAT0042,20200521,PRCP,0,,,N,0600
US1TXAT0042,20200522,PRCP,0,,,N,0600
US1TXAT0042,20200523,PRCP,0,,,N,0600
US1TXAT0042,20200524,PRCP,8,,,N,0600
US1TXAT0042,20200525,PRCP,361,,,N,0600
US1TXAT0042,20200526,PRCP,13,,,N,0600
US1TXAT0042,20200527,PRCP,0,,,N,0600
US1TXAT0042,20200528,PRCP,8,,,N,0600
US1TXAT0042,20200529,PRCP,0,,,N,0600
US1TXAT0042,20200530,PRCP,0,,,N,0600
US1TXAT0042,20200601,PRCP,48,,,N,0600
US1TXAT0042,20200602,PRCP,3,,,N,0600
US1TXAT0042,20200603,PRCP,0,,,N,0600
US1TXAT0042,20200604,PRCP,0,,,N,0600
US1TXAT0042,20200605,PRCP,0,,,N,0600
US1TXAT0042,20200606,PRCP,0,,,N,0600
US1TXAT0042,20200607,PRCP,0,,,N,0600
US1TXAT0042,20200608,PRCP,0,,,N,0600
US1TXAT0042,20200609,PRCP,0,,,N,0600
US1TXAT0042,20200610,PRCP,0,,,N,0600
US1TXAT0042,20200611,PRCP,0,,,N,0600
US1TXAT0042,20200612,PRCP,0,,,N,0600
US1TXAT0042,20200613,PRCP,0,,,N,0600
US1TXAT0042,20200614,PRCP,0,,,N,0600
US1TXAT0042,20200615,PRCP,0,,,N,0600
US1TXAT0042,20200616,PRCP,41,,,N,0600
US1TXAT0042,20200617,PRCP,69,,,N,0600
US1TXAT0042,20200618,PRCP,0,,,N,0600
US1TXAT0042,20200619,PRCP,0,,,N,0600
US1TXAT0042,20200620,PRCP,0,,,N,0600
US1TXAT0042,20200621,PRCP,0,,,N,0600
US1TXAT0042,20200622,PRCP,0,,,N,0600
US1TXAT0042,20200623,PRCP,0,,,N,0600
US1TXAT0042,20200624,PRCP,30,,,N,0600
US1TXAT0042,20200625,PRCP,0,,,N,0600
US1TXAT0042,20200626,PRCP,0,,,N,0600
US1TXAT0042,20200627,PRCP,64,,,N,0600
US1TXAT0042,20200628,PRCP,13,,,N,0600
US1TXAT0042,20200629,PRCP,0,,,N,0600
US1TXAT0042,20200630,PRCP,0,,,N,0600
US1TXAT0042,20200701,PRCP,0,,,N,0600
US1TXAT0042,20200702,PRCP,0,,,N,0600
US1TXAT0042,20200703,PRCP,0,,,N,0600
US1TXAT0042,20200704,PRCP,0,,,N,0600
US1TXAT0042,20200705,PRCP,0,,,N,0600
US1TXAT0042,20200706,PRCP,0,,,N,0600
US1TXAT0042,20200707,PRCP,0,,,N,0600
US1TXAT0042,20200708,PRCP,0,,,N,0600
US1TXAT0042,20200709,PRCP,0,,,N,0600
US1TXAT0042,20200710,PRCP,0,,,N,0600
US1TXAT0042,20200711,PRCP,0,,,N,0600
US1TXAT0042,20200712,PRCP,0,,,N,0600
US1TXAT0042,20200713,PRCP,0,,,N,0600
US1TXAT0042,20200714,PRCP,0,,,N,0600
US1TXAT0042,20200715,PRCP,0,,,N,0600
US1TXAT0042,20200716,PRCP,0,,,N,0600
US1TXAT0042,20200717,PRCP,0,,,N,0600
US1TXAT0042,20200718,PRCP,0,,,N,0600
US1TXAT0042,20200719,PRCP,0,,,N,0600
US1TXAT0042,20200720,PRCP,0,,,N,0600
US1TXAT0042,20200721,PRCP,0,,,N,0600
US1TXAT0042,20200722,PRCP,0,,,N,0600
US1TXAT0042,20200723,PRCP,0,,,N,0600
US1TXAT0042,20200724,PRCP,0,,,N,0600
US1TXAT0042,20200725,PRCP,0,,,N,0600
US1TXAT0042,20200726,PRCP,41,,,N,0600
US1TXAT0042,20200727,PRCP,132,,,N,0600
US1TXAT0042,20200728,PRCP,0,,,N,0600
US1TXAT0042,20200729,PRCP,0,,,N,0600
US1TXAT0042,20200730,PRCP,10,,,N,0600
US1TXAT0042,20200731,PRCP,0,,,N,0600
US1TXAT0042,20200801,PRCP,216,,,N,0600
US1TXAT0042,20200802,PRCP,0,,,N,0600
US1TXAT0042,20200803,PRCP,0,,,N,0600
US1TXAT0042,20200804,PRCP,0,,,N,0600
US1TXAT0042,20200805,PRCP,0,,,N,0600
US1TXAT0042,20200806,PRCP,0,,,N,0600
US1TXAT0042,20200807,PRCP,0,,,N,0600
US1TXAT0042,20200808,PRCP,0,,,N,0600
US1TXAT0042,20200809,PRCP,0,,,N,0600
US1TXAT0042,20200810,PRCP,0,,,N,0600
US1TXAT0042,20200811,PRCP,0,,,N,0600
US1TXAT0042,20200812,PRCP,0,,,N,0600
US1TXAT0042,20200813,PRCP,0,,,N,0600
US1TXAT0042,20200814,PRCP,0,,,N,0600
US1TXAT0042,20200815,PRCP,0,,,N,0600
US1TXAT0042,20200816,PRCP,0,,,N,0600
US1TXAT0042,20200817,PRCP,0,,,N,0600
US1TXAT0042,20200818,PRCP,3,,,N,0600
US1TXAT0042,20200819,PRCP,0,,,N,0600
US1TXAT0042,20200820,PRCP,0,,,N,0600
US1TXAT0042,20200821,PRCP,0,,,N,0600
US1TXAT0042,20200822,PRCP,0,,,N,0600
US1TXAT0042,20200823,PRCP,0,,,N,0600
US1TXAT0042,20200824,PRCP,0,,,N,0600
US1TXAT0042,20200825,PRCP,0,,,N,0600
US1TXAT0042,20200826,PRCP,0,,,N,0600
US1TXAT0042,20200827,PRCP,0,,,N,0600
US1TXAT0042,20200828,PRCP,0,,,N,0600
US1TXAT0042,20200829,PRCP,0,,,N,0600
US1TXAT0042,20200830,PRCP,0,,,N,0600
US1TXAT0042,20200831,PRCP,0,,,N,0600
US1TXAT0042,20200901,PRCP,0,,,N,0600
US1TXAT0042,20200902,PRCP,0,,,N,0600
US1TXAT0042,20200903,PRCP,0,,,N,0600
US1TXAT0042,20200904,PRCP,0,T,,N,0600
US1TXAT0042,20200905,PRCP,165,,,N,0600
US1TXAT0042,20200906,PRCP,246,,,N,0600
US1TXAT0042,20200907,PRCP,5,,,N,0600
US1TXAT0042,20200908,PRCP,0,,,N,0600
US1TXAT0042,20200909,PRCP,3,,,N,0600
US1TXAT0042,20200910,PRCP,919,,,N,0600
US1TXAT0042,20200911,PRCP,3,,,N,0600
US1TXAT0042,20200912,PRCP,0,,,N,0600
US1TXAT0042,20200913,PRCP,0,,,N,0600
US1TXAT0042,20200914,PRCP,0,,,N,0600
US1TXAT0042,20200915,PRCP,0,,,N,0600
US1TXAT0042,20200916,PRCP,0,,,N,0600
US1TXAT0042,20200917,PRCP,15,,,N,0600
US1TXAT0042,20200918,PRCP,30,,,N,0600
US1TXAT0042,20200919,PRCP,0,,,N,0600
US1TXAT0042,20200920,PRCP,0,,,N,0600
US1TXAT0042,20200921,PRCP,0,,,N,0600
US1TXAT0042,20200922,PRCP,89,,,N,0600
US1TXAT0042,20200923,PRCP,0,,,N,0600
US1TXAT0042,20200924,PRCP,0,,,N,0600
US1TXAT0042,20200925,PRCP,0,,,N,0600
US1TXAT0042,20200926,PRCP,0,,,N,0600
US1TXAT0042,20200927,PRCP,0,,,N,0600
US1TXAT0042,20200928,PRCP,0,,,N,0600
US1TXAT0042,20200929,PRCP,0,,,N,0600
US1TXAT0042,20200930,PRCP,0,,,N,0600
US1TXAT0042,20201001,PRCP,0,,,N,0600
US1TXAT0042,20201002,PRCP,0,,,N,0600
US1TXAT0042,20201003,PRCP,0,,,N,0600
US1TXAT0042,20201004,PRCP,0,,,N,0600
US1TXAT0042,20201005,PRCP,0,,,N,0600
US1TXAT0042,20201006,PRCP,0,,,N,0600
US1TXAT0042,20201007,PRCP,0,,,N,0600
US1TXAT0042,20201008,PRCP,0,,,N,0600
US1TXAT0042,20201009,PRCP,0,,,N,0600
US1TXAT0042,20201010,PRCP,0,,,N,0600
US1TXAT0042,20201011,PRCP,0,,,N,0600
US1TXAT0042,20201012,PRCP,0,,,N,0600
US1TXAT0042,20201013,PRCP,0,,,N,0600
US1TXAT0042,20201014,PRCP,0,,,N,0600
US1TXAT0042,20201015,PRCP,0,,,N,0600
US1TXAT0042,20201016,PRCP,0,,,N,0600
US1TXAT0042,20201017,PRCP,0,,,N,0600
US1TXAT0042,20201018,PRCP,0,,,N,0600
US1TXAT0042,20201019,PRCP,0,,,N,0600
US1TXAT0042,20201020,PRCP,0,,,N,0600
US1TXAT0042,20201021,PRCP,0,,,N,0600
US1TXAT0042,20201022,PRCP,0,,,N,0600
US1TXAT0042,20201023,PRCP,0,,,N,0600
US1TXAT0042,20201024,PRCP,0,,,N,0600
US1TXAT0042,20201025,PRCP,0,,,N,0600
US1TXAT0042,20201026,PRCP,0,,,N,0600
US1TXAT0042,20201027,PRCP,15,,,N,0600
US1TXAT0042,20201028,PRCP,10,,,N,0600
US1TXAT0042,20201029,PRCP,0,,,N,0600
US1TXAT0042,20201030,PRCP,0,,,N,0600
US1TXAT0042,20201031,PRCP,0,,,N,0600
US1TXAT0042,20201101,PRCP,0,,,N,0600
US1TXAT0042,20201102,PRCP,0,,,N,0600
US1TXAT0042,20201103,PRCP,0,,,N,0600
US1TXAT0042,20201104,PRCP,0,,,N,0600
US1TXAT0042,20201105,PRCP,0,,,N,0600
US1TXAT0042,20201106,PRCP,0,,,N,0600
US1TXAT0042,20201107,PRCP,0,,,N,0600
US1TXAT0042,20201108,PRCP,0,,,N,0600
US1TXAT0042,20201109,PRCP,0,,,N,0600
US1TXAT0042,20201110,PRCP,0,,,N,0600
US1TXAT0042,20201111,PRCP,0,,,N,0600
US1TXAT0042,20201112,PRCP,0,,,N,0600
US1TXAT0042,20201113,PRCP,0,,,N,0600
US1TXAT0042,20201114,PRCP,0,,,N,0600
US1TXAT0042,20201115,PRCP,0,,,N,0600
US1TXAT0042,20201116,PRCP,0,,,N,0600
US1TXAT0042,20201117,PRCP,0,,,N,0600
US1TXAT0042,20201118,PRCP,0,,,N,0600
US1TXAT0042,20201119,PRCP,0,,,N,0600
US1TXAT0042,20201120,PRCP,0,,,N,0600
US1TXAT0042,20201121,PRCP,0,,,N,0600
US1TXAT0042,20201122,PRCP,0,,,N,0600
US1TXAT0042,20201123,PRCP,23,,,N,0600
US1TXAT0042,20201124,PRCP,0,,,N,0600
US1TXAT0042,20201125,PRCP,5,,,N,0600
US1TXAT0042,20201126,PRCP,0,,,N,0600
US1TXAT0042,20201127,PRCP,3,,,N,0600
US1TXAT0042,20201128,PRCP,267,,,N,0600
US1TXAT0042,20201129,PRCP,333,,,N,0600
US1TXAT0042,20201130,PRCP,0,,,N,0600
US1TXAT0042,20201201,PRCP,0,,,N,0600
US1TXAT0042,20201202,PRCP,0,,,N,0600
US1TXAT0042,20201203,PRCP,0,,,N,0600
US1TXAT0042,20201204,PRCP,0,,,N,0600
US1TXAT0042,20201205,PRCP,0,,,N,0600
US1TXAT0042,20201206,PRCP,74,,,N,0600
US1TXAT0042,20201207,PRCP,0,,,N,0600
US1TXAT0042,20201208,PRCP,0,,,N,0600
US1TXAT0042,20201209,PRCP,0,,,N,0600
US1TXAT0042,20201210,PRCP,0,,,N,0600
US1TXAT0042,20201211,PRCP,0,,,N,0600
US1TXAT0042,20201212,PRCP,0,,,N,0600
US1TXAT0042,20201213,PRCP,0,,,N,0600
US1TXAT0042,20201214,PRCP,0,,,N,0600
US1TXAT0042,20201215,PRCP,0,,,N,0600
US1TXAT0042,20201216,PRCP,0,,,N,0600
US1TXAT0042,20201217,PRCP,0,,,N,0600
US1TXAT0042,20201218,PRCP,0,,,N,0600
US1TXAT0042,20201219,PRCP,0,,,N,0600
US1TXAT0042,20201220,PRCP,0,,,N,0600
US1TXAT0042,20201221,PRCP,0,,,N,0600
US1TXAT0042,20201222,PRCP,0,,,N,0600
US1TXAT0042,20201223,PRCP,0,,,N,0600
US1TXAT0042,20201224,PRCP,0,,,N,0600
US1TXAT0042,20201225,PRCP,0,,,N,0600
US1TXAT0042,20201226,PRCP,0,,,N,0600
US1TXAT0042,20201227,PRCP,0,,,N,0600
US1TXAT0042,20201228,PRCP,0,,,N,0600
US1TXAT0042,20201229,PRCP,0,,,N,0600
US1TXAT0042,20201230,PRCP,0,,,N,0600
US1TXAT0042,20201231,PRCP,76,,,N,0600
US1TXAT0042,20210101,PRCP,61,,,N,0600
US1TXAT0042,20210102,PRCP,0,,,N,0600
US1TXAT0042,20210103,PRCP,0,,,N,0600
US1TXAT0042,20210104,PRCP,0,,,N,0600
US1TXAT0042,20210105,PRCP,0,,,N,0600
US1TXAT0042,20210106,PRCP,0,,,N,0600
US1TXAT0042,20210107,PRCP,0,,,N,0600
US1TXAT0042,20210108,PRCP,0,,,N,0600
US1TXAT0042,20210109,PRCP,0,,,N,0600
US1TXAT0042,20210110,PRCP,0,,,N,0600
US1TXAT0042,20210111,PRCP,226,,,N,0600
US1TXAT0042,20210112,PRCP,0,,,N,0600
US1TXAT0042,20210113,PRCP,5,,,N,0600
US1TXAT0042,20210114,PRCP,0,,,N,0600
US1TXAT0042,20210115,PRCP,0,,,N,0600
US1TXAT0042,20210116,PRCP,0,,,N,0600
US1TXAT0042,20210117,PRCP,0,,,N,0600
US1TXAT0042,20210118,PRCP,0,,,N,0600
US1TXAT0042,20210119,PRCP,0,,,N,0600
US1TXAT0042,20210120,PRCP,3,,,N,0600
US1TXAT0042,20210121,PRCP,23,,,N,0600
US1TXAT0042,20210122,PRCP,3,,,N,0600
US1TXAT0042,20210123,PRCP,8,,,N,0600
US1TXAT0042,20210124,PRCP,0,,,N,0600
US1TXAT0042,20210125,PRCP,0,,,N,0600
US1TXAT0042,20210126,PRCP,0,,,N,0600
US1TXAT0042,20210127,PRCP,0,,,N,0600
US1TXAT0042,20210128,PRCP,0,,,N,0600
US1TXAT0042,20210129,PRCP,0,,,N,0600
US1TXAT0042,20210130,PRCP,0,,,N,0600
US1TXAT0042,20210131,PRCP,0,,,N,0600
US1TXAT0042,20210126,SNOW,0,,,N,0600
US1TXAT0042,20210127,SNOW,0,,,N,0600
US1TXAT0042,20210128,SNOW,0,,,N,0600
US1TXAT0042,20210129,SNOW,0,,,N,0600
US1TXAT0042,20210130,SNOW,0,,,N,0600
US1TXAT0042,20210131,SNOW,0,,,N,0600
US1TXAT0042,20210201,PRCP,0,,,N,0600
US1TXAT0042,20210202,PRCP,0,,,N,0600
US1TXAT0042,20210203,PRCP,0,,,N,0600
US1TXAT0042,20210204,PRCP,0,,,N,0600
US1TXAT0042,20210205,PRCP,0,,,N,0600
US1TXAT0042,20210206,PRCP,0,,,N,0600
US1TXAT0042,20210207,PRCP,0,,,N,0600
US1TXAT0042,20210208,PRCP,0,,,N,0600
US1TXAT0042,20210209,PRCP,0,,,N,0600
US1TXAT0042,20210210,PRCP,0,,,N,0600
US1TXAT0042,20210211,PRCP,0,T,,N,0600
US1TXAT0042,20210212,PRCP,648,,,N,0600
US1TXAT0042,20210213,PRCP,0,T,,N,0600
US1TXAT0042,20210214,PRCP,5,,,N,0600
US1TXAT0042,20210215,PRCP,89,,,N,0600
US1TXAT0042,20210216,PRCP,0,,,N,0600
US1TXAT0042,20210217,PRCP,0,T,,N,0600
US1TXAT0042,20210218,PRCP,0,T,,N,0600
US1TXAT0042,20210219,PRCP,0,,,N,0600
US1TXAT0042,20210220,PRCP,0,,,N,0600
US1TXAT0042,20210221,PRCP,0,,,N,0600
US1TXAT0042,20210222,PRCP,0,,,N,0600
US1TXAT0042,20210223,PRCP,0,,,N,0600
US1TXAT0042,20210224,PRCP,0,,,N,0600
US1TXAT0042,20210225,PRCP,0,T,,N,0600
US1TXAT0042,20210226,PRCP,0,,,N,0600
US1TXAT0042,20210227,PRCP,0,,,N,0600
US1TXAT0042,20210228,PRCP,0,,,N,0600
US1TXAT0042,20210201,SNOW,0,,,N,0600
US1TXAT0042,20210202,SNOW,0,,,N,0600
US1TXAT0042,20210203,SNOW,0,,,N,0600
US1TXAT0042,20210204,SNOW,0,,,N,0600
US1TXAT0042,20210205,SNOW,0,,,N,0600
US1TXAT0042,20210206,SNOW,0,,,N,0600
US1TXAT0042,20210207,SNOW,0,,,N,0600
US1TXAT0042,20210208,SNOW,0,,,N,0600
US1TXAT0042,20210209,SNOW,0,,,N,0600
US1TXAT0042,20210210,SNOW,0,,,N,0600
US1TXAT0042,20210216,SNOW,0,,,N,0600
US1TXAT0042,20210219,SNOW,0,,,N,0600
US1TXAT0042,20210221,SNOW,0,,,N,0600
US1TXAT0042,20210222,SNOW,0,,,N,0600
US1TXAT0042,20210223,SNOW,0,,,N,0600
US1TXAT0042,20210224,SNOW,0,,,N,0600
US1TXAT0042,20210226,SNOW,0,,,N,0600
US1TXAT0042,20210227,SNOW,0,,,N,0600
US1TXAT0042,20210228,SNOW,0,,,N,0600
US1TXAT0042,20210301,PRCP,0,,,N,0600
US1TXAT0042,20210302,PRCP,0,,,N,0600
US1TXAT0042,20210303,PRCP,0,,,N,0600
US1TXAT0042,20210304,PRCP,0,,,N,0600
US1TXAT0042,20210305,PRCP,0,,,N,0600
US1TXAT0042,20210306,PRCP,0,,,N,0600
US1TXAT0042,20210307,PRCP,0,,,N,0600
US1TXAT0042,20210308,PRCP,0,,,N,0600
US1TXAT0042,20210309,PRCP,0,,,N,0600
US1TXAT0042,20210310,PRCP,0,,,N,0600
US1TXAT0042,20210311,PRCP,0,,,N,0600
US1TXAT0042,20210312,PRCP,0,,,N,0600
US1TXAT0042,20210313,PRCP,10,,,N,0600
US1TXAT0042,20210314,PRCP,23,,,N,0600
US1TXAT0042,20210315,PRCP,0,,,N,0600
US1TXAT0042,20210316,PRCP,0,,,N,0600
US1TXAT0042,20210317,PRCP,0,,,N,0600
US1TXAT0042,20210318,PRCP,0,,,N,0600
US1TXAT0042,20210319,PRCP,0,,,N,0600
US1TXAT0042,20210320,PRCP,0,,,N,0600
US1TXAT0042,20210321,PRCP,0,,,N,0600
US1TXAT0042,20210322,PRCP,0,,,N,0600
US1TXAT0042,20210323,PRCP,0,,,N,0600
US1TXAT0042,20210324,PRCP,0,,,N,0600
US1TXAT0042,20210325,PRCP,0,,,N,0600
US1TXAT0042,20210326,PRCP,0,,,N,0600
US1TXAT0042,20210327,PRCP,0,,,N,0600
US1TXAT0042,20210328,PRCP,53,,,N,0600
US1TXAT0042,20210329,PRCP,0,,,N,0600
US1TXAT0042,20210330,PRCP,0,,,N,0600
US1TXAT0042,20210331,PRCP,0,,,N,0600
US1TXAT0042,20210301,SNOW,0,,,N,0600
US1TXAT0042,20210302,SNOW,0,,,N,0600
US1TXAT0042,20210303,SNOW,0,,,N,0600
US1TXAT0042,20210304,SNOW,0,,,N,0600
US1TXAT0042,20210305,SNOW,0,,,N,0600
US1TXAT0042,20210306,SNOW,0,,,N,0600
US1TXAT0042,20210307,SNOW,0,,,N,0600
US1TXAT0042,20210308,SNOW,0,,,N,0600
US1TXAT0042,20210309,SNOW,0,,,N,0600
US1TXAT0042,20210310,SNOW,0,,,N,0600
US1TXAT0042,20210311,SNOW,0,,,N,0600
US1TXAT0042,20210312,SNOW,0,,,N,0600
US1TXAT0042,20210315,SNOW,0,,,N,0600
US1TXAT0042,20210316,SNOW,0,,,N,0600
US1TXAT0042,20210317,SNOW,0,,,N,0600
US1TXAT0042,20210318,SNOW,0,,,N,0600
US1TXAT0042,20210319,SNOW,0,,,N,0600
US1TXAT0042,20210320,SNOW,0,,,N,0600
US1TXAT0042,20210321,SNOW,0,,,N,0600
US1TXAT0042,20210322,SNOW,0,,,N,0600
US1TXAT0042,20210323,SNOW,0,,,N,0600
US1TXAT0042,20210324,SNOW,0,,,N,0600
US1TXAT0042,20210325,SNOW,0,,,N,0600
US1TXAT0042,20210326,SNOW,0,,,N,0600
US1TXAT0042,20210327,SNOW,0,,,N,0600
US1TXAT0042,20210329,SNOW,0,,,N,0600
US1TXAT0042,20210330,SNOW,0,,,N,0600
US1TXAT0042,20210331,SNOW,0,,,N,0600
US1TXAT0042,20210401,PRCP,0,,,N,0600
US1TXAT0042,20210402,PRCP,0,,,N,0600
US1TXAT0042,20210403,PRCP,0,,,N,0600
US1TXAT0042,20210404,PRCP,0,,,N,0600
US1TXAT0042,20210405,PRCP,0,,,N,0600
US1TXAT0042,20210406,PRCP,0,,,N,0600
US1TXAT0042,20210407,PRCP,0,,,N,0600
US1TXAT0042,20210408,PRCP,0,,,N,0600
US1TXAT0042,20210409,PRCP,0,,,N,0600
US1TXAT0042,20210410,PRCP,0,,,N,0600
US1TXAT0042,20210411,PRCP,0,,,N,0600
US1TXAT0042,20210412,PRCP,0,,,N,0600
US1TXAT0042,20210413,PRCP,0,,,N,0600
US1TXAT0042,20210414,PRCP,0,,,N,0600
US1TXAT0042,20210415,PRCP,0,,,N,0600
US1TXAT0042,20210416,PRCP,5,,,N,0600
US1TXAT0042,20210417,PRCP,18,,,N,0600
US1TXAT0042,20210418,PRCP,0,,,N,0600
US1TXAT0042,20210419,PRCP,0,,,N,0600
US1TXAT0042,20210420,PRCP,0,,,N,0600
US1TXAT0042,20210421,PRCP,0,,,N,0600
US1TXAT0042,20210422,PRCP,0,,,N,0600
US1TXAT0042,20210423,PRCP,0,,,N,0600
US1TXAT0042,20210424,PRCP,216,,,N,0600
US1TXAT0042,20210425,PRCP,0,,,N,0600
US1TXAT0042,20210426,PRCP,0,,,N,0600
US1TXAT0042,20210427,PRCP,0,,,N,0600
US1TXAT0042,20210428,PRCP,5,,,N,0600
US1TXAT0042,20210429,PRCP,94,,,N,0600
US1TXAT0042,20210430,PRCP,66,,,N,0600
US1TXAT0042,20210401,SNOW,0,,,N,0600
US1TXAT0042,20210402,SNOW,0,,,N,0600
US1TXAT0042,20210403,SNOW,0,,,N,0600
US1TXAT0042,20210404,SNOW,0,,,N,0600
US1TXAT0042,20210405,SNOW,0,,,N,0600
US1TXAT0042,20210406,SNOW,0,,,N,0600
US1TXAT0042,20210407,SNOW,0,,,N,0600
US1TXAT0042,20210408,SNOW,0,,,N,0600
US1TXAT0042,20210409,SNOW,0,,,N,0600
US1TXAT0042,20210410,SNOW,0,,,N,0600
US1TXAT0042,20210411,SNOW,0,,,N,0600
US1TXAT0042,20210412,SNOW,0,,,N,0600
US1TXAT0042,20210413,SNOW,0,,,N,0600
US1TXAT0042,20210414,SNOW,0,,,N,0600
US1TXAT0042,20210415,SNOW,0,,,N,0600
US1TXAT0042,20210418,SNOW,0,,,N,0600
US1TXAT0042,20210419,SNOW,0,,,N,0600
US1TXAT0042,20210420,SNOW,0,,,N,0600
US1TXAT0042,20210421,SNOW,0,,,N,0600
US1TXAT0042,20210422,SNOW,0,,,N,0600
US1TXAT0042,20210423,SNOW,0,,,N,0600
US1TXAT0042,20210425,SNOW,0,,,N,0600
US1TXAT0042,20210426,SNOW,0,,,N,0600
US1TXAT0042,20210427,SNOW,0,,,N,0600
US1TXAT0042,20210501,PRCP,699,,,N,0600
US1TXAT0042,20210502,PRCP,358,,,N,0600
US1TXAT0042,20210503,PRCP,0,,,N,0600
US1TXAT0042,20210504,PRCP,0,,,N,0600
US1TXAT0042,20210505,PRCP,0,,,N,0600
US1TXAT0042,20210506,PRCP,0,,,N,0600
US1TXAT0042,20210507,PRCP,0,,,N,0600
US1TXAT0042,20210508,PRCP,0,,,N,0600
US1TXAT0042,20210509,PRCP,0,,,N,0600
US1TXAT0042,20210510,PRCP,0,,,N,0600
US1TXAT0042,20210511,PRCP,38,,,N,0600
US1TXAT0042,20210512,PRCP,406,,,N,0600
US1TXAT0042,20210513,PRCP,0,,,N,0600
US1TXAT0042,20210514,PRCP,0,,,N,0600
US1TXAT0042,20210515,PRCP,0,,,N,0600
US1TXAT0042,20210516,PRCP,457,,,N,0600
US1TXAT0042,20210517,PRCP,152,,,N,0600
US1TXAT0042,20210518,PRCP,41,,,N,0600
US1TXAT0042,20210519,PRCP,20,,,N,0600
US1TXAT0042,20210520,PRCP,373,,,N,0600
US1TXAT0042,20210521,PRCP,0,,,N,0600
US1TXAT0042,20210522,PRCP,5,,,N,0600
US1TXAT0042,20210523,PRCP,38,,,N,0600
US1TXAT0042,20210524,PRCP,0,,,N,0600
US1TXAT0042,20210525,PRCP,0,,,N,0600
US1TXAT0042,20210526,PRCP,0,,,N,0600
US1TXAT0042,20210527,PRCP,0,,,N,0600
US1TXAT0042,20210528,PRCP,0,,,N,0600
US1TXAT0042,20210529,PRCP,307,,,N,0600
US1TXAT0042,20210530,PRCP,0,,,N,0600
US1TXAT0042,20210531,PRCP,173,,,N,0600
US1TXAT0042,20210503,SNOW,0,,,N,0600
US1TXAT0042,20210504,SNOW,0,,,N,0600
US1TXAT0042,20210505,SNOW,0,,,N,0600
US1TXAT0042,20210506,SNOW,0,,,N,0600
US1TXAT0042,20210507,SNOW,0,,,N,0600
US1TXAT0042,20210508,SNOW,0,,,N,0600
US1TXAT0042,20210509,SNOW,0,,,N,0600
US1TXAT0042,20210510,SNOW,0,,,N,0600
US1TXAT0042,20210513,SNOW,0,,,N,0600
US1TXAT0042,20210514,SNOW,0,,,N,0600
US1TXAT0042,20210515,SNOW,0,,,N,0600
US1TXAT0042,20210521,SNOW,0,,,N,0600
US1TXAT0042,20210524,SNOW,0,,,N,0600
US1TXAT0042,20210525,SNOW,0,,,N,0600
US1TXAT0042,20210526,SNOW,0,,,N,0600
US1TXAT0042,20210527,SNOW,0,,,N,0600
US1TXAT0042,20210528,SNOW,0,,,N,0600
US1TXAT0042,20210530,SNOW,0,,,N,0600
US1TXAT0042,20210601,PRCP,396,,,N,0600
US1TXAT0042,20210602,PRCP,0,,,N,0600
US1TXAT0042,20210603,PRCP,0,,,N,0600
US1TXAT0042,20210604,PRCP,351,,,N,0600
US1TXAT0042,20210605,PRCP,0,,,N,0600
US1TXAT0042,20210606,PRCP,0,,,N,0600
US1TXAT0042,20210607,PRCP,0,,,N,0600
US1TXAT0042,20210608,PRCP,0,,,N,0600
US1TXAT0042,20210609,PRCP,0,,,N,0600
US1TXAT0042,20210610,PRCP,0,,,N,0600
US1TXAT0042,20210611,PRCP,0,,,N,0600
US1TXAT0042,20210612,PRCP,0,,,N,0600
US1TXAT0042,20210613,PRCP,0,,,N,0600
US1TXAT0042,20210614,PRCP,0,,,N,0600
US1TXAT0042,20210615,PRCP,0,,,N,0600
US1TXAT0042,20210616,PRCP,0,,,N,0600
US1TXAT0042,20210617,PRCP,0,,,N,0600
US1TXAT0042,20210618,PRCP,0,,,N,0600
US1TXAT0042,20210619,PRCP,0,,,N,0600
US1TXAT0042,20210620,PRCP,0,,,N,0600
US1TXAT0042,20210621,PRCP,0,,,N,0600
US1TXAT0042,20210622,PRCP,0,,,N,0600
US1TXAT0042,20210623,PRCP,8,,,N,0600
US1TXAT0042,20210624,PRCP,0,,,N,0600
US1TXAT0042,20210625,PRCP,0,,,N,0600
US1TXAT0042,20210626,PRCP,0,,,N,0600
US1TXAT0042,20210627,PRCP,0,,,N,0600
US1TXAT0042,20210628,PRCP,0,,,N,0600
US1TXAT0042,20210629,PRCP,13,,,N,0600
US1TXAT0042,20210630,PRCP,13,,,N,0600
US1TXAT0042,20210602,SNOW,0,,,N,0600
US1TXAT0042,20210603,SNOW,0,,,N,0600
US1TXAT0042,20210605,SNOW,0,,,N,0600
US1TXAT0042,20210606,SNOW,0,,,N,0600
US1TXAT0042,20210607,SNOW,0,,,N,0600
US1TXAT0042,20210608,SNOW,0,,,N,0600
US1TXAT0042,20210609,SNOW,0,,,N,0600
US1TXAT0042,20210610,SNOW,0,,,N,0600
US1TXAT0042,20210611,SNOW,0,,,N,0600
US1TXAT0042,20210612,SNOW,0,,,N,0600
US1TXAT0042,20210613,SNOW,0,,,N,0600
US1TXAT0042,20210614,SNOW,0,,,N,0600
US1TXAT0042,20210615,SNOW,0,,,N,0600
US1TXAT0042,20210616,SNOW,0,,,N,0600
US1TXAT0042,20210617,SNOW,0,,,N,0600
US1TXAT0042,20210618,SNOW,0,,,N,0600
US1TXAT0042,20210619,SNOW,0,,,N,0600
US1TXAT0042,20210620,SNOW,0,,,N,0600
US1TXAT0042,20210621,SNOW,0,,,N,0600
US1TXAT0042,20210622,SNOW,0,,,N,0600
US1TXAT0042,20210624,SNOW,0,,,N,0600
US1TXAT0042,20210625,SNOW,0,,,N,0600
US1TXAT0042,20210626,SNOW,0,,,N,0600
US1TXAT0042,20210627,SNOW,0,,,N,0600
US1TXAT0042,20210628,SNOW,0,,,N,0600
US1TXAT0042,20210701,PRCP,0,,,N,0600
US1TXAT0042,20210702,PRCP,0,,,N,0600
US1TXAT0042,20210703,PRCP,0,,,N,0600
US1TXAT0042,20210704,PRCP,0,,,N,0600
US1TXAT0042,20210705,PRCP,0,,,N,0600
US1TXAT0042,20210706,PRCP,406,,,N,0600
US1TXAT0042,20210707,PRCP,325,,,N,0600
US1TXAT0042,20210708,PRCP,20,,,N,0600
US1TXAT0042,20210709,PRCP,655,,,N,0600
US1TXAT0042,20210710,PRCP,536,,,N,0600
US1TXAT0042,20210711,PRCP,8,,,N,0600
US1TXAT0042,20210712,PRCP,0,,,N,0600
US1TXAT0042,20210713,PRCP,0,,,N,0600
US1TXAT0042,20210714,PRCP,20,,,N,0600
US1TXAT0042,20210715,PRCP,0,,,N,0600
US1TXAT0042,20210716,PRCP,0,,,N,0600
US1TXAT0042,20210717,PRCP,0,,,N,0600
US1TXAT0042,20210718,PRCP,0,,,N,0600
US1TXAT0042,20210719,PRCP,0,,,N,0600
US1TXAT0042,20210720,PRCP,0,,,N,0600
US1TXAT0042,20210721,PRCP,0,,,N,0600
US1TXAT0042,20210722,PRCP,216,,,N,0600
US1TXAT0042,20210723,PRCP,114,,,N,0600
US1TXAT0042,20210724,PRCP,0,,,N,0600
US1TXAT0042,20210725,PRCP,0,,,N,0600
US1TXAT0042,20210726,PRCP,0,,,N,0600
US1TXAT0042,20210727,PRCP,0,,,N,0600
US1TXAT0042,20210728,PRCP,0,,,N,0600
US1TXAT0042,20210729,PRCP,0,,,N,0600
US1TXAT0042,20210730,PRCP,0,,,N,0600
US1TXAT0042,20210731,PRCP,0,,,N,0600
US1TXAT0042,20210701,SNOW,0,,,N,0600
US1TXAT0042,20210702,SNOW,0,,,N,0600
US1TXAT0042,20210703,SNOW,0,,,N,0600
US1TXAT0042,20210704,SNOW,0,,,N,0600
US1TXAT0042,20210705,SNOW,0,,,N,0600
US1TXAT0042,20210712,SNOW,0,,,N,0600
US1TXAT0042,20210713,SNOW,0,,,N,0600
US1TXAT0042,20210715,SNOW,0,,,N,0600
US1TXAT0042,20210716,SNOW,0,,,N,0600
US1TXAT0042,20210717,SNOW,0,,,N,0600
US1TXAT0042,20210718,SNOW,0,,,N,0600
US1TXAT0042,20210719,SNOW,0,,,N,0600
US1TXAT0042,20210720,SNOW,0,,,N,0600
US1TXAT0042,20210721,SNOW,0,,,N,0600
US1TXAT0042,20210722,SNOW,0,,,N,0600
US1TXAT0042,20210724,SNOW,0,,,N,0600
US1TXAT0042,20210725,SNOW,0,,,N,0600
US1TXAT0042,20210726,SNOW,0,,,N,0600
US1TXAT0042,20210727,SNOW,0,,,N,0600
US1TXAT0042,20210728,SNOW,0,,,N,0600
US1TXAT0042,20210729,SNOW,0,,,N,0600
US1TXAT0042,20210730,SNOW,0,,,N,0600
US1TXAT0042,20210731,SNOW,0,,,N,0600
US1TXAT0042,20210801,PRCP,0,,,N,0600
US1TXAT0042,20210802,PRCP,0,,,N,0600
US1TXAT0042,20210803,PRCP,0,,,N,0600
US1TXAT0042,20210804,PRCP,157,,,N,0600
US1TXAT0042,20210805,PRCP,71,,,N,0600
US1TXAT0042,20210806,PRCP,254,,,N,0600
US1TXAT0042,20210807,PRCP,18,,,N,0600
US1TXAT0042,20210808,PRCP,0,,,N,0600
US1TXAT0042,20210809,PRCP,0,,,N,0600
US1TXAT0042,20210810,PRCP,0,,,N,0600
US1TXAT0042,20210811,PRCP,0,,,N,0600
US1TXAT0042,20210812,PRCP,0,,,N,0600
US1TXAT0042,20210813,PRCP,0,,,N,0600
US1TXAT0042,20210814,PRCP,0,,,N,0600
US1TXAT0042,20210815,PRCP,0,,,N,0600
US1TXAT0042,20210816,PRCP,0,,,N,0600
US1TXAT0042,20210817,PRCP,0,,,N,0600
US1TXAT0042,20210818,PRCP,0,,,N,0600
US1TXAT0042,20210819,PRCP,0,,,N,0600
US1TXAT0042,20210820,PRCP,0,,,N,0600
US1TXAT0042,20210821,PRCP,0,,,N,0600
US1TXAT0042,20210822,PRCP,0,,,N,0600
US1TXAT0042,20210823,PRCP,0,,,N,0600
US1TXAT0042,20210824,PRCP,0,,,N,0600
US1TXAT0042,20210825,PRCP,0,,,N,0600
US1TXAT0042,20210826,PRCP,0,,,N,0600
US1TXAT0042,20210827,PRCP,0,,,N,0600
US1TXAT0042,20210828,PRCP,0,,,N,0600
US1TXAT0042,20210829,PRCP,0,,,N,0600
US1TXAT0042,20210830,PRCP,0,,,N,0600
US1TXAT0042,20210831,PRCP,0,,,N,0600
US1TXAT0042,20210801,SNOW,0,,,N,0600
US1TXAT0042,20210802,SNOW,0,,,N,0600
US1TXAT0042,20210803,SNOW,0,,,N,0600
US1TXAT0042,20210808,SNOW,0,,,N,0600
US1TXAT0042,20210809,SNOW,0,,,N,0600
US1TXAT0042,20210810,SNOW,0,,,N,0600
US1TXAT0042,20210811,SNOW,0,,,N,0600
US1TXAT0042,20210812,SNOW,0,,,N,0600
US1TXAT0042,20210813,SNOW,0,,,N,0600
US1TXAT0042,20210814,SNOW,0,,,N,0600
US1TXAT0042,20210815,SNOW,0,,,N,0600
US1TXAT0042,20210816,SNOW,0,,,N,0600
US1TXAT0042,20210817,SNOW,0,,,N,0600
US1TXAT0042,20210818,SNOW,0,,,N,0600
US1TXAT0042,20210819,SNOW,0,,,N,0600
US1TXAT0042,20210820,SNOW,0,,,N,0600
US1TXAT0042,20210821,SNOW,0,,,N,0600
US1TXAT0042,20210822,SNOW,0,,,N,0600
US1TXAT0042,20210823,SNOW,0,,,N,0600
US1TXAT0042,20210824,SNOW,0,,,N,0600
US1TXAT0042,20210825,SNOW,0,,,N,0600
US1TXAT0042,20210826,SNOW,0,,,N,0600
US1TXAT0042,20210827,SNOW,0,,,N,0600
US1TXAT0042,20210828,SNOW,0,,,N,0600
US1TXAT0042,20210829,SNOW,0,,,N,0600
US1TXAT0042,20210830,SNOW,0,,,N,0600
US1TXAT0042,20210831,SNOW,0,,,N,0600
US1TXAT0042,20210901,PRCP,0,,,N,0600
US1TXAT0042,20210902,PRCP,0,,,N,0600
US1TXAT0042,20210903,PRCP,0,,,N,0600
US1TXAT0042,20210904,PRCP,0,,,N,0600
US1TXAT0042,20210905,PRCP,0,,,N,0600
US1TXAT0042,20210906,PRCP,0,,,N,0600
US1TXAT0042,20210907,PRCP,23,,,N,0600
US1TXAT0042,20210908,PRCP,0,,,N,0600
US1TXAT0042,20210909,PRCP,0,,,N,0600
US1TXAT0042,20210910,PRCP,0,,,N,0600
US1TXAT0042,20210911,PRCP,0,,,N,0600
US1TXAT0042,20210912,PRCP,0,,,N,0600
US1TXAT0042,20210913,PRCP,0,,,N,0600
US1TXAT0042,20210914,PRCP,13,,,N,0600
US1TXAT0042,20210915,PRCP,0,,,N,0600
US1TXAT0042,20210916,PRCP,0,,,N,0600
US1TXAT0042,20210917,PRCP,0,,,N,0600
US1TXAT0042,20210918,PRCP,0,,,N,0600
US1TXAT0042,20210919,PRCP,0,,,N,0600
US1TXAT0042,20210920,PRCP,0,,,N,0600
US1TXAT0042,20210921,PRCP,0,,,N,0600
US1TXAT0042,20210922,PRCP,0,,,N,0600
US1TXAT0042,20210923,PRCP,0,,,N,0600
US1TXAT0042,20210924,PRCP,0,,,N,0600
US1TXAT0042,20210925,PRCP,0,,,N,0600
US1TXAT0042,20210926,PRCP,0,,,N,0600
US1TXAT0042,20210927,PRCP,0,,,N,0600
US1TXAT0042,20210928,PRCP,0,,,N,0600
US1TXAT0042,20210929,PRCP,51,,,N,0600
US1TXAT0042,20210930,PRCP,615,,,N,0600
US1TXAT0042,20210901,SNOW,0,,,N,0600
US1TXAT0042,20210902,SNOW,0,,,N,0600
US1TXAT0042,20210903,SNOW,0,,,N,0600
US1TXAT0042,20210904,SNOW,0,,,N,0600
US1TXAT0042,20210905,SNOW,0,,,N,0600
US1TXAT0042,20210906,SNOW,0,,,N,0600
US1TXAT0042,20210908,SNOW,0,,,N,0600
US1TXAT0042,20210909,SNOW,0,,,N,0600
US1TXAT0042,20210910,SNOW,0,,,N,0600
US1TXAT0042,20210911,SNOW,0,,,N,0600
US1TXAT0042,20210912,SNOW,0,,,N,0600
US1TXAT0042,20210913,SNOW,0,,,N,0600
US1TXAT0042,20210915,SNOW,0,,,N,0600
US1TXAT0042,20210916,SNOW,0,,,N,0600
US1TXAT0042,20210917,SNOW,0,,,N,0600
US1TXAT0042,20210918,SNOW,0,,,N,0600
US1TXAT0042,20210919,SNOW,0,,,N,0600
US1TXAT0042,20210920,SNOW,0,,,N,0600
US1TXAT0042,20210921,SNOW,0,,,N,0600
US1TXAT0042,20210922,SNOW,0,,,N,0600
US1TXAT0042,20210923,SNOW,0,,,N,0600
US1TXAT0042,20210924,SNOW,0,,,N,0600
US1TXAT0042,20210925,SNOW,0,,,N,0600
US1TXAT0042,20210926,SNOW,0,,,N,0600
US1TXAT0042,20210927,SNOW,0,,,N,0600
US1TXAT0042,20210928,SNOW,0,,,N,0600
US1TXAT0042,20211001,PRCP,246,,,N,0600
US1TXAT0042,20211002,PRCP,0,,,N,0600
US1TXAT0042,20211003,PRCP,0,,,N,0600
US1TXAT0042,20211004,PRCP,0,,,N,0600
US1TXAT0042,20211005,PRCP,0,,,N,0600
US1TXAT0042,20211006,PRCP,0,,,N,0600
US1TXAT0042,20211007,PRCP,0,,,N,0600
US1TXAT0042,20211008,PRCP,0,,,N,0600
US1TXAT0042,20211009,PRCP,0,,,N,0600
US1TXAT0042,20211010,PRCP,0,,,N,0600
US1TXAT0042,20211011,PRCP,0,,,N,0600
US1TXAT0042,20211012,PRCP,5,,,N,0600
US1TXAT0042,20211013,PRCP,56,,,N,0600
US1TXAT0042,20211014,PRCP,297,,,N,0600
US1TXAT0042,20211015,PRCP,3,,,N,0600
US1TXAT0042,20211016,PRCP,0,,,N,0600
US1TXAT0042,20211017,PRCP,0,,,N,0600
US1TXAT0042,20211018,PRCP,0,,,N,0600
US1TXAT0042,20211019,PRCP,0,,,N,0600
US1TXAT0042,20211020,PRCP,0,,,N,0600
US1TXAT0042,20211021,PRCP,0,,,N,0600
US1TXAT0042,20211022,PRCP,0,,,N,0600
US1TXAT0042,20211023,PRCP,0,,,N,0600
US1TXAT0042,20211024,PRCP,0,,,N,0600
US1TXAT0042,20211025,PRCP,0,,,N,0600
US1TXAT0042,20211026,PRCP,0,,,N,0600
US1TXAT0042,20211027,PRCP,0,T,,N,0600
US1TXAT0042,20211028,PRCP,5,,,N,0600
US1TXAT0042,20211029,PRCP,0,,,N,0600
US1TXAT0042,20211030,PRCP,0,,,N,0600
US1TXAT0042,20211031,PRCP,0,,,N,0600
US1TXAT0042,20211002,SNOW,0,,,N,0600
US1TXAT0042,20211003,SNOW,0,,,N,0600
US1TXAT0042,20211004,SNOW,0,,,N,0600
US1TXAT0042,20211005,SNOW,0,,,N,0600
US1TXAT0042,20211006,SNOW,0,,,N,0600
US1TXAT0042,20211007,SNOW,0,,,N,0600
US1TXAT0042,20211008,SNOW,0,,,N,0600
US1TXAT0042,20211009,SNOW,0,,,N,0600
US1TXAT0042,20211010,SNOW,0,,,N,0600
US1TXAT0042,20211011,SNOW,0,,,N,0600
US1TXAT0042,20211016,SNOW,0,,,N,0600
US1TXAT0042,20211017,SNOW,0,,,N,0600
US1TXAT0042,20211018,SNOW,0,,,N,0600
US1TXAT0042,20211019,SNOW,0,,,N,0600
US1TXAT0042,20211020,SNOW,0,,,N,0600
US1TXAT0042,20211021,SNOW,0,,,N,0600
US1TXAT0042,20211022,SNOW,0,,,N,0600
US1TXAT0042,20211023,SNOW,0,,,N,0600
US1TXAT0042,20211024,SNOW,0,,,N,0600
US1TXAT0042,20211025,SNOW,0,,,N,0600
US1TXAT0042,20211026,SNOW,0,,,N,0600
US1TXAT0042,20211029,SNOW,0,,,N,0600
US1TXAT0042,20211030,SNOW,0,,,N,0600
US1TXAT0042,20211031,SNOW,0,,,N,0600
US1TXAT0042,20211103,PRCP,0,,,N,0600
US1TXAT0042,20211104,PRCP,150,,,N,0600
US1TXAT0042,20211105,PRCP,0,,,N,0600
US1TXAT0042,20211106,PRCP,0,,,N,0600
US1TXAT0042,20211107,PRCP,0,,,N,0600
US1TXAT0042,20211108,PRCP,0,,,N,0600
US1TXAT0042,20211109,PRCP,0,,,N,0600
US1TXAT0042,20211110,PRCP,0,,,N,0600
US1TXAT0042,20211111,PRCP,0,,,N,0600
US1TXAT0042,20211112,PRCP,0,,,N,0600
US1TXAT0042,20211113,PRCP,0,,,N,0600
US1TXAT0042,20211114,PRCP,0,,,N,0600
US1TXAT0042,20211115,PRCP,0,,,N,0600
US1TXAT0042,20211116,PRCP,0,,,N,0600
US1TXAT0042,20211117,PRCP,0,,,N,0600
US1TXAT0042,20211118,PRCP,0,,,N,0600
US1TXAT0042,20211119,PRCP,0,,,N,0600
US1TXAT0042,20211120,PRCP,0,,,N,0600
US1TXAT0042,20211121,PRCP,0,,,N,0600
US1TXAT0042,20211122,PRCP,0,,,N,0600
US1TXAT0042,20211123,PRCP,0,,,N,0600
US1TXAT0042,20211124,PRCP,0,,,N,0600
US1TXAT0042,20211125,PRCP,0,,,N,0600
US1TXAT0042,20211126,PRCP,0,,,N,0600
US1TXAT0042,20211127,PRCP,0,,,N,0600
US1TXAT0042,20211128,PRCP,107,,,N,0600
US1TXAT0042,20211129,PRCP,0,,,N,0600
US1TXAT0042,20211103,SNOW,0,,,N,0600
US1TXAT0042,20211104,SNOW,0,,,N,0600
US1TXAT0042,20211105,SNOW,0,,,N,0600
US1TXAT0042,20211106,SNOW,0,,,N,0600
US1TXAT0042,20211107,SNOW,0,,,N,0600
US1TXAT0042,20211108,SNOW,0,,,N,0600
US1TXAT0042,20211109,SNOW,0,,,N,0600
US1TXAT0042,20211110,SNOW,0,,,N,0600
US1TXAT0042,20211111,SNOW,0,,,N,0600
US1TXAT0042,20211112,SNOW,0,,,N,0600
US1TXAT0042,20211113,SNOW,0,,,N,0600
US1TXAT0042,20211114,SNOW,0,,,N,0600
US1TXAT0042,20211115,SNOW,0,,,N,0600
US1TXAT0042,20211116,SNOW,0,,,N,0600
US1TXAT0042,20211117,SNOW,0,,,N,0600
US1TXAT0042,20211118,SNOW,0,,,N,0600
US1TXAT0042,20211119,SNOW,0,,,N,0600
US1TXAT0042,20211120,SNOW,0,,,N,0600
US1TXAT0042,20211121,SNOW,0,,,N,0600
US1TXAT0042,20211122,SNOW,0,,,N,0600
US1TXAT0042,20211123,SNOW,0,,,N,0600
US1TXAT0042,20211124,SNOW,0,,,N,0600
US1TXAT0042,20211125,SNOW,0,,,N,0600
US1TXAT0042,20211126,SNOW,0,,,N,0600
US1TXAT0042,20211127,SNOW,0,,,N,0600
US1TXAT0042,20211129,SNOW,0,,,N,0600
US1TXAT0042,20211204,PRCP,0,,,N,0600
US1TXAT0042,20211205,PRCP,0,,,N,0600
US1TXAT0042,20211206,PRCP,0,,,N,0600
US1TXAT0042,20211207,PRCP,0,,,N,0600
US1TXAT0042,20211211,PRCP,0,,,N,0600
US1TXAT0042,20211212,PRCP,0,,,N,0600
US1TXAT0042,20211213,PRCP,0,,,N,0600
US1TXAT0042,20211214,PRCP,0,,,N,0600
US1TXAT0042,20211215,PRCP,0,,,N,0600
US1TXAT0042,20211216,PRCP,0,,,N,0600
US1TXAT0042,20211220,PRCP,0,,,N,0600
US1TXAT0042,20211221,PRCP,0,,,N,0600
US1TXAT0042,20211222,PRCP,0,,,N,0600
US1TXAT0042,20211204,SNOW,0,,,N,0600
US1TXAT0042,20211205,SNOW,0,,,N,0600
US1TXAT0042,20211206,SNOW,0,,,N,0600
US1TXAT0042,20211207,SNOW,0,,,N,0600
US1TXAT0042,20211211,SNOW,0,,,N,0600
US1TXAT0042,20211212,SNOW,0,,,N,0600
US1TXAT0042,20211213,SNOW,0,,,N,0600
US1TXAT0042,20211214,SNOW,0,,,N,0600
US1TXAT0042,20211215,SNOW,0,,,N,0600
US1TXAT0042,20211216,SNOW,0,,,N,0600
US1TXAT0042,20211220,SNOW,0,,,N,0600
US1TXAT0042,20211221,SNOW,0,,,N,0600
US1TXAT0042,20211222,SNOW,0,,,N,0600
US1TXAT0042,20220426,PRCP,114,,,N,0600
US1TXAT0042,20220427,PRCP,0,,,N,0600
US1TXAT0042,20220428,PRCP,0,,,N,0600
US1TXAT0042,20220429,PRCP,0,,,N,0600
US1TXAT0042,20220430,PRCP,0,,,N,0600
US1TXAT0042,20220427,SNOW,0,,,N,0600
US1TXAT0042,20220428,SNOW,0,,,N,0600
US1TXAT0042,20220429,SNOW,0,,,N,0600
US1TXAT0042,20220430,SNOW,0,,,N,0600
US1TXAT0042,20220501,PRCP,0,,,N,0600
US1TXAT0042,20220502,PRCP,114,,,N,0600
US1TXAT0042,20220503,PRCP,0,,,N,0600
US1TXAT0042,20220504,PRCP,0,,,N,0600
US1TXAT0042,20220505,PRCP,0,T,,N,0600
US1TXAT0042,20220506,PRCP,0,,,N,0600
US1TXAT0042,20220507,PRCP,0,,,N,0600
US1TXAT0042,20220508,PRCP,0,,,N,0600
US1TXAT0042,20220509,PRCP,0,,,N,0600
US1TXAT0042,20220510,PRCP,0,,,N,0600
US1TXAT0042,20220511,PRCP,0,,,N,0600
US1TXAT0042,20220512,PRCP,0,,,N,0600
US1TXAT0042,20220513,PRCP,0,,,N,0600
US1TXAT0042,20220514,PRCP,0,,,N,0600
US1TXAT0042,20220515,PRCP,0,,,N,0600
US1TXAT0042,20220516,PRCP,0,,,N,0600
US1TXAT0042,20220517,PRCP,0,,,N,0600
US1TXAT0042,20220518,PRCP,0,,,N,0600
US1TXAT0042,20220519,PRCP,0,,,N,0600
US1TXAT0042,20220520,PRCP,0,,,N,0600
US1TXAT0042,20220521,PRCP,0,,,N,0600
US1TXAT0042,20220522,PRCP,406,,,N,0600
US1TXAT0042,20220523,PRCP,0,,,N,0600
US1TXAT0042,20220524,PRCP,41,,,N,0600
US1TXAT0042,20220525,PRCP,102,,,N,0600
US1TXAT0042,20220526,PRCP,0,,,N,0600
US1TXAT0042,20220527,PRCP,0,,,N,0600
US1TXAT0042,20220528,PRCP,0,,,N,0600
US1TXAT0042,20220529,PRCP,0,,,N,0600
US1TXAT0042,20220530,PRCP,0,,,N,0600
US1TXAT0042,20220531,PRCP,0,,,N,0600
US1TXAT0042,20220501,SNOW,0,,,N,0600
US1TXAT0042,20220502,SNOW,0,,,N,0600
US1TXAT0042,20220503,SNOW,0,,,N,0600
US1TXAT0042,20220504,SNOW,0,,,N,0600
US1TXAT0042,20220506,SNOW,0,,,N,0600
US1TXAT0042,20220507,SNOW,0,,,N,0600
US1TXAT0042,20220508,SNOW,0,,,N,0600
US1TXAT0042,20220509,SNOW,0,,,N,0600
US1TXAT0042,20220510,SNOW,0,,,N,0600
US1TXAT0042,20220511,SNOW,0,,,N,0600
US1TXAT0042,20220512,SNOW,0,,,N,0600
US1TXAT0042,20220513,SNOW,0,,,N,0600
US1TXAT0042,20220514,SNOW,0,,,N,0600
US1TXAT0042,20220515,SNOW,0,,,N,0600
US1TXAT0042,20220516,SNOW,0,,,N,0600
US1TXAT0042,20220517,SNOW,0,,,N,0600
US1TXAT0042,20220518,SNOW,0,,,N,0600
US1TXAT0042,20220519,SNOW,0,,,N,0600
US1TXAT0042,20220520,SNOW,0,,,N,0600
US1TXAT0042,20220521,SNOW,0,,,N,0600
US1TXAT0042,20220523,SNOW,0,,,N,0600
US1TXAT0042,20220525,SNOW,0,,,N,0600
US1TXAT0042,20220526,SNOW,0,,,N,0600
US1TXAT0042,20220527,SNOW,0,,,N,0600
US1TXAT0042,20220528,SNOW,0,,,N,0600
US1TXAT0042,20220529,SNOW,0,,,N,0600
US1TXAT0042,20220530,SNOW,0,,,N,0600
US1TXAT0042,20220531,SNOW,0,,,N,0600
US1TXAT0042,20220601,PRCP,0,,,N,0600
US1TXAT0042,20220602,PRCP,0,,,N,0600
US1TXAT0042,20220603,PRCP,0,,,N,0600
US1TXAT0042,20220604,PRCP,0,,,N,0600
US1TXAT0042,20220605,PRCP,0,,,N,0600
US1TXAT0042,20220606,PRCP,0,,,N,0600
US1TXAT0042,20220607,PRCP,0,,,N,0600
US1TXAT0042,20220608,PRCP,0,,,N,0600
US1TXAT0042,20220609,PRCP,0,,,N,0600
US1TXAT0042,20220610,PRCP,0,,,N,0600
US1TXAT0042,20220611,PRCP,0,,,N,0600
US1TXAT0042,20220612,PRCP,0,,,N,0600
US1TXAT0042,20220613,PRCP,0,,,N,0600
US1TXAT0042,20220614,PRCP,0,,,N,0600
US1TXAT0042,20220615,PRCP,0,T,,N,0600
US1TXAT0042,20220616,PRCP,0,,,N,0600
US1TXAT0042,20220617,PRCP,0,,,N,0600
US1TXAT0042,20220618,PRCP,0,,,N,0600
US1TXAT0042,20220619,PRCP,0,T,,N,0600
US1TXAT0042,20220620,PRCP,0,,,N,0600
US1TXAT0042,20220621,PRCP,0,,,N,0600
US1TXAT0042,20220622,PRCP,0,,,N,0600
US1TXAT0042,20220623,PRCP,0,,,N,0600
US1TXAT0042,20220624,PRCP,0,,,N,0600
US1TXAT0042,20220625,PRCP,0,,,N,0600
US1TXAT0042,20220626,PRCP,0,,,N,0600
US1TXAT0042,20220627,PRCP,0,,,N,0600
US1TXAT0042,20220628,PRCP,33,,,N,0600
US1TXAT0042,20220629,PRCP,61,,,N,0600
US1TXAT0042,20220630,PRCP,0,,,N,0600
US1TXAT0042,20220601,SNOW,0,,,N,0600
US1TXAT0042,20220602,SNOW,0,,,N,0600
US1TXAT0042,20220603,SNOW,0,,,N,0600
US1TXAT0042,20220604,SNOW,0,,,N,0600
US1TXAT0042,20220605,SNOW,0,,,N,0600
US1TXAT0042,20220606,SNOW,0,,,N,0600
US1TXAT0042,20220607,SNOW,0,,,N,0600
US1TXAT0042,20220608,SNOW,0,,,N,0600
US1TXAT0042,20220609,SNOW,0,,,N,0600
US1TXAT0042,20220610,SNOW,0,,,N,0600
US1TXAT0042,20220611,SNOW,0,,,N,0600
US1TXAT0042,20220612,SNOW,0,,,N,0600
US1TXAT0042,20220613,SNOW,0,,,N,0600
US1TXAT0042,20220614,SNOW,0,,,N,0600
US1TXAT0042,20220616,SNOW,0,,,N,0600
US1TXAT0042,20220617,SNOW,0,,,N,0600
US1TXAT0042,20220618,SNOW,0,,,N,0600
US1TXAT0042,20220620,SNOW,0,,,N,0600
US1TXAT0042,20220621,SNOW,0,,,N,0600
US1TXAT0042,20220622,SNOW,0,,,N,0600
US1TXAT0042,20220623,SNOW,0,,,N,0600
US1TXAT0042,20220624,SNOW,0,,,N,0600
US1TXAT0042,20220625,SNOW,0,,,N,0600
US1TXAT0042,20220626,SNOW,0,,,N,0600
US1TXAT0042,20220627,SNOW,0,,,N,0600
US1TXAT0042,20220630,SNOW,0,,,N,0600
US1TXAT0042,20220701,PRCP,0,,,N,0600
US1TXAT0042,20220702,PRCP,0,,,N,0600
US1TXAT0042,20220703,PRCP,0,,,N,0600
US1TXAT0042,20220704,PRCP,0,,,N,0600
US1TXAT0042,20220705,PRCP,0,,,N,0600
US1TXAT0042,20220706,PRCP,0,,,N,0600
US1TXAT0042,20220707,PRCP,0,,,N,0600
US1TXAT0042,20220708,PRCP,0,,,N,0600
US1TXAT0042,20220709,PRCP,0,,,N,0600
US1TXAT0042,20220710,PRCP,0,,,N,0600
US1TXAT0042,20220711,PRCP,0,,,N,0600
US1TXAT0042,20220712,PRCP,0,,,N,0600
US1TXAT0042,20220713,PRCP,0,,,N,0600
US1TXAT0042,20220714,PRCP,0,,,N,0600
US1TXAT0042,20220715,PRCP,0,T,,N,0600
US1TXAT0042,20220716,PRCP,0,,,N,0600
US1TXAT0042,20220717,PRCP,0,,,N,0600
US1TXAT0042,20220718,PRCP,0,,,N,0600
US1TXAT0042,20220719,PRCP,0,,,N,0600
US1TXAT0042,20220720,PRCP,0,,,N,0600
US1TXAT0042,20220721,PRCP,0,,,N,0600
US1TXAT0042,20220722,PRCP,0,,,N,0600
US1TXAT0042,20220723,PRCP,0,,,N,0600
US1TXAT0042,20220724,PRCP,0,,,N,0600
US1TXAT0042,20220725,PRCP,0,,,N,0600
US1TXAT0042,20220726,PRCP,0,,,N,0600
US1TXAT0042,20220727,PRCP,0,,,N,0600
US1TXAT0042,20220728,PRCP,0,,,N,0600
US1TXAT0042,20220729,PRCP,0,,,N,0600
US1TXAT0042,20220730,PRCP,0,,,N,0600
US1TXAT0042,20220731,PRCP,0,,,N,0600
US1TXAT0042,20220701,SNOW,0,,,N,0600
US1TXAT0042,20220702,SNOW,0,,,N,0600
US1TXAT0042,20220703,SNOW,0,,,N,0600
US1TXAT0042,20220704,SNOW,0,,,N,0600
US1TXAT0042,20220705,SNOW,0,,,N,0600
US1TXAT0042,20220706,SNOW,0,,,N,0600
US1TXAT0042,20220707,SNOW,0,,,N,0600
US1TXAT0042,20220708,SNOW,0,,,N,0600
US1TXAT0042,20220709,SNOW,0,,,N,0600
US1TXAT0042,20220710,SNOW,0,,,N,0600
US1TXAT0042,20220711,SNOW,0,,,N,0600
US1TXAT0042,20220712,SNOW,0,,,N,0600
US1TXAT0042,20220713,SNOW,0,,,N,0600
US1TXAT0042,20220714,SNOW,0,,,N,0600
US1TXAT0042,20220716,SNOW,0,,,N,0600
US1TXAT0042,20220717,SNOW,0,,,N,0600
US1TXAT0042,20220718,SNOW,0,,,N,0600
US1TXAT0042,20220719,SNOW,0,,,N,0600
US1TXAT0042,20220720,SNOW,0,,,N,0600
US1TXAT0042,20220721,SNOW,0,,,N,0600
US1TXAT0042,20220722,SNOW,0,,,N,0600
US1TXAT0042,20220723,SNOW,0,,,N,0600
US1TXAT0042,20220724,SNOW,0,,,N,0600
US1TXAT0042,20220725,SNOW,0,,,N,0600
US1TXAT0042,20220726,SNOW,0,,,N,0600
US1TXAT0042,20220727,SNOW,0,,,N,0600
US1TXAT0042,20220728,SNOW,0,,,N,0600
US1TXAT0042,20220729,SNOW,0,,,N,0600
US1TXAT0042,20220730,SNOW,0,,,N,0600
US1TXAT0042,20220731,SNOW,0,,,N,0600
US1TXAT0042,20220801,PRCP,0,,,N,0600
US1TXAT0042,20220802,PRCP,0,,,N,0600
US1TXAT0042,20220803,PRCP,0,,,N,0600
US1TXAT0042,20220804,PRCP,0,,,N,0600
US1TXAT0042,20220805,PRCP,0,,,N,0600
US1TXAT0042,20220806,PRCP,0,,,N,0600
US1TXAT0042,20220807,PRCP,0,,,N,0600
US1TXAT0042,20220808,PRCP,0,,,N,0600
US1TXAT0042,20220809,PRCP,0,,,N,0600
US1TXAT0042,20220810,PRCP,0,,,N,0600
US1TXAT0042,20220811,PRCP,0,,,N,0600
US1TXAT0042,20220812,PRCP,0,T,,N,0600
US1TXAT0042,20220816,PRCP,0,,,N,0600
US1TXAT0042,20220817,PRCP,0,,,N,0600
US1TXAT0042,20220818,PRCP,0,,,N,0600
US1TXAT0042,20220819,PRCP,0,,,N,0600
US1TXAT0042,20220820,PRCP,0,,,N,0600
US1TXAT0042,20220821,PRCP,0,,,N,0600
US1TXAT0042,20220822,PRCP,0,,,N,0600
US1TXAT0042,20220823,PRCP,203,,,N,0600
US1TXAT0042,20220824,PRCP,64,,,N,0600
US1TXAT0042,20220825,PRCP,20,,,N,0600
US1TXAT0042,20220826,PRCP,13,,,N,0600
US1TXAT0042,20220827,PRCP,0,,,N,0600
US1TXAT0042,20220829,PRCP,0,,,N,0600
US1TXAT0042,20220830,PRCP,0,,,N,0600
US1TXAT0042,20220831,PRCP,130,,,N,0600
US1TXAT0042,20220801,SNOW,0,,,N,0600
US1TXAT0042,20220802,SNOW,0,,,N,0600
US1TXAT0042,20220803,SNOW,0,,,N,0600
US1TXAT0042,20220804,SNOW,0,,,N,0600
US1TXAT0042,20220805,SNOW,0,,,N,0600
US1TXAT0042,20220806,SNOW,0,,,N,0600
US1TXAT0042,20220807,SNOW,0,,,N,0600
US1TXAT0042,20220808,SNOW,0,,,N,0600
US1TXAT0042,20220809,SNOW,0,,,N,0600
US1TXAT0042,20220810,SNOW,0,,,N,0600
US1TXAT0042,20220811,SNOW,0,,,N,0600
US1TXAT0042,20220816,SNOW,0,,,N,0600
US1TXAT0042,20220817,SNOW,0,,,N,0600
US1TXAT0042,20220818,SNOW,0,,,N,0600
US1TXAT0042,20220819,SNOW,0,,,N,0600
US1TXAT0042,20220820,SNOW,0,,,N,0600
US1TXAT0042,20220821,SNOW,0,,,N,0600
US1TXAT0042,20220822,SNOW,0,,,N,0600
US1TXAT0042,20220827,SNOW,0,,,N,0600
US1TXAT0042,20220829,SNOW,0,,,N,0600
US1TXAT0042,20220830,SNOW,0,,,N,0600
US1TXAT0042,20220901,PRCP,0,,,N,0600
US1TXAT0042,20220902,PRCP,0,,,N,0600
US1TXAT0042,20220903,PRCP,0,,,N,0600
US1TXAT0042,20220904,PRCP,91,,,N,0600
US1TXAT0042,20220905,PRCP,5,,,N,0600
US1TXAT0042,20220906,PRCP,0,,,N,0600
US1TXAT0042,20220907,PRCP,0,,,N,0600
US1TXAT0042,20220908,PRCP,0,,,N,0600
US1TXAT0042,20220909,PRCP,0,,,N,0600
US1TXAT0042,20220910,PRCP,0,,,N,0600
US1TXAT0042,20220911,PRCP,8,,,N,0600
US1TXAT0042,20220912,PRCP,43,,,N,0600
US1TXAT0042,20220913,PRCP,0,,,N,0600
US1TXAT0042,20220914,PRCP,0,,,N,0600
US1TXAT0042,20220915,PRCP,0,,,N,0600
US1TXAT0042,20220916,PRCP,0,,,N,0600
US1TXAT0042,20220917,PRCP,0,,,N,0600
US1TXAT0042,20220918,PRCP,0,,,N,0600
US1TXAT0042,20220919,PRCP,0,,,N,0600
US1TXAT0042,20220920,PRCP,0,,,N,0600
US1TXAT0042,20220921,PRCP,0,,,N,0600
US1TXAT0042,20220922,PRCP,0,,,N,0600
US1TXAT0042,20220923,PRCP,0,,,N,0600
US1TXAT0042,20220924,PRCP,0,,,N,0600
US1TXAT0042,20220925,PRCP,76,,,N,0600
US1TXAT0042,20220926,PRCP,0,,,N,0600
US1TXAT0042,20220927,PRCP,0,,,N,0600
US1TXAT0042,20220928,PRCP,0,,,N,0600
US1TXAT0042,20220929,PRCP,0,,,N,0600
US1TXAT0042,20220930,PRCP,0,,,N,0600
US1TXAT0042,20220901,SNOW,0,,,N,0600
US1TXAT0042,20220902,SNOW,0,,,N,0600
US1TXAT0042,20220903,SNOW,0,,,N,0600
US1TXAT0042,20220906,SNOW,0,,,N,0600
US1TXAT0042,20220907,SNOW,0,,,N,0600
US1TXAT0042,20220908,SNOW,0,,,N,0600
US1TXAT0042,20220909,SNOW,0,,,N,0600
US1TXAT0042,20220910,SNOW,0,,,N,0600
US1TXAT0042,20220913,SNOW,0,,,N,0600
US1TXAT0042,20220914,SNOW,0,,,N,0600
US1TXAT0042,20220915,SNOW,0,,,N,0600
US1TXAT0042,20220916,SNOW,0,,,N,0600
US1TXAT0042,20220917,SNOW,0,,,N,0600
US1TXAT0042,20220918,SNOW,0,,,N,0600
US1TXAT0042,20220919,SNOW,0,,,N,0600
US1TXAT0042,20220920,SNOW,0,,,N,0600
US1TXAT0042,20220921,SNOW,0,,,N,0600
US1TXAT0042,20220922,SNOW,0,,,N,0600
US1TXAT0042,20220923,SNOW,0,,,N,0600
US1TXAT0042,20220924,SNOW,0,,,N,0600
US1TXAT0042,20220926,SNOW,0,,,N,0600
US1TXAT0042,20220927,SNOW,0,,,N,0600
US1TXAT0042,20220928,SNOW,0,,,N,0600
US1TXAT0042,20220929,SNOW,0,,,N,0600
US1TXAT0042,20220930,SNOW,0,,,N,0600
US1TXAT0042,20221001,PRCP,0,,,N,0600
US1TXAT0042,20221002,PRCP,0,,,N,0600
US1TXAT0042,20221003,PRCP,0,,,N,0600
US1TXAT0042,20221004,PRCP,0,,,N,0600
US1TXAT0042,20221005,PRCP,0,,,N,0600
US1TXAT0042,20221006,PRCP,0,,,N,0600
US1TXAT0042,20221007,PRCP,0,,,N,0600
US1TXAT0042,20221008,PRCP,0,,,N,0600
US1TXAT0042,20221009,PRCP,0,,,N,0600
US1TXAT0042,20221010,PRCP,0,,,N,0600
US1TXAT0042,20221011,PRCP,0,,,N,0600
US1TXAT0042,20221012,PRCP,0,,,N,0600
US1TXAT0042,20221013,PRCP,0,,,N,0600
US1TXAT0042,20221014,PRCP,0,,,N,0600
US1TXAT0042,20221015,PRCP,0,,,N,0600
US1TXAT0042,20221016,PRCP,0,,,N,0600
US1TXAT0042,20221017,PRCP,30,,,N,0600
US1TXAT0042,20221018,PRCP,99,,,N,0600
US1TXAT0042,20221019,PRCP,0,,,N,0600
US1TXAT0042,20221020,PRCP,0,,,N,0600
US1TXAT0042,20221021,PRCP,0,,,N,0600
US1TXAT0042,20221022,PRCP,0,,,N,0600
US1TXAT0042,20221023,PRCP,0,,,N,0600
US1TXAT0042,20221024,PRCP,0,,,N,0600
US1TXAT0042,20221025,PRCP,84,,,N,0600
US1TXAT0042,20221026,PRCP,0,,,N,0600
US1TXAT0042,20221027,PRCP,0,,,N,0600
US1TXAT0042,20221028,PRCP,3,,,N,0600
US1TXAT0042,20221001,SNOW,0,,,N,0600
US1TXAT0042,20221002,SNOW,0,,,N,0600
US1TXAT0042,20221003,SNOW,0,,,N,0600
US1TXAT0042,20221004,SNOW,0,,,N,0600
US1TXAT0042,20221005,SNOW,0,,,N,0600
US1TXAT0042,20221006,SNOW,0,,,N,0600
US1TXAT0042,20221007,SNOW,0,,,N,0600
US1TXAT0042,20221008,SNOW,0,,,N,0600
US1TXAT0042,20221009,SNOW,0,,,N,0600
US1TXAT0042,20221010,SNOW,0,,,N,0600
US1TXAT0042,20221011,SNOW,0,,,N,0600
US1TXAT0042,20221012,SNOW,0,,,N,0600
US1TXAT0042,20221013,SNOW,0,,,N,0600
US1TXAT0042,20221014,SNOW,0,,,N,0600
US1TXAT0042,20221015,SNOW,0,,,N,0600
US1TXAT0042,20221016,SNOW,0,,,N,0600
US1TXAT0042,20221019,SNOW,0,,,N,0600
US1TXAT0042,20221020,SNOW,0,,,N,0600
US1TXAT0042,20221021,SNOW,0,,,N,0600
US1TXAT0042,20221022,SNOW,0,,,N,0600
US1TXAT0042,20221023,SNOW,0,,,N,0600
US1TXAT0042,20221024,SNOW,0,,,N,0600
US1TXAT0042,20221026,SNOW,0,,,N,0600
US1TXAT0042,20221027,SNOW,0,,,N,0600
US1TXAT0042,20221101,PRCP,0,,,N,0600
US1TXAT0042,20221102,PRCP,0,,,N,0600
US1TXAT0042,20221103,PRCP,0,,,N,0600
US1TXAT0042,20221104,PRCP,0,,,N,0600
US1TXAT0042,20221105,PRCP,0,,,N,0600
US1TXAT0042,20221106,PRCP,0,,,N,0600
US1TXAT0042,20221107,PRCP,0,,,N,0600
US1TXAT0042,20221108,PRCP,0,,,N,0600
US1TXAT0042,20221109,PRCP,0,,,N,0600
US1TXAT0042,20221110,PRCP,0,,,N,0600
US1TXAT0042,20221101,SNOW,0,,,N,0600
US1TXAT0042,20221102,SNOW,0,,,N,0600
US1TXAT0042,20221103,SNOW,0,,,N,0600
US1TXAT0042,20221104,SNOW,0,,,N,0600
US1TXAT0042,20221105,SNOW,0,,,N,0600
US1TXAT0042,20221106,SNOW,0,,,N,0600
US1TXAT0042,20221107,SNOW,0,,,N,0600
US1TXAT0042,20221108,SNOW,0,,,N,0600
US1TXAT0042,20221109,SNOW,0,,,N,0600
US1TXAT0042,20221110,SNOW,0,,,N,0600
US1TXAT0042,20230823,PRCP,498,,,N,0600
US1TXAT0042,20230824,PRCP,0,,,N,0600
US1TXAT0042,20230825,PRCP,0,,,N,0600
US1TXAT0042,20230826,PRCP,0,,,N,0600
US1TXAT0042,20230827,PRCP,0,,,N,0600
US1TXAT0042,20230828,PRCP,0,,,N,0600
US1TXAT0042,20230829,PRCP,0,,,N,0600
US1TXAT0042,20230830,PRCP,0,,,N,0600
US1TXAT0042,20230831,PRCP,0,,,N,0600
US1TXAT0042,20230824,SNOW,0,,,N,0600
US1TXAT0042,20230825,SNOW,0,,,N,0600
US1TXAT0042,20230826,SNOW,0,,,N,0600
US1TXAT0042,20230827,SNOW,0,,,N,0600
US1TXAT0042,20230828,SNOW,0,,,N,0600
US1TXAT0042,20230829,SNOW,0,,,N,0600
US1TXAT0042,20230830,SNOW,0,,,N,0600
US1TXAT0042,20230831,SNOW,0,,,N,0600
US1TXAT0042,20230901,PRCP,0,,,N,0600
US1TXAT0042,20230902,PRCP,0,,,N,0600
US1TXAT0042,20230903,PRCP,0,,,N,0600
US1TXAT0042,20230904,PRCP,0,,,N,0600
US1TXAT0042,20230905,PRCP,0,,,N,0600
US1TXAT0042,20230906,PRCP,0,,,N,0600
US1TXAT0042,20230907,PRCP,0,,,N,0600
US1TXAT0042,20230908,PRCP,0,,,N,0600
US1TXAT0042,20230909,PRCP,0,,,N,0600
US1TXAT0042,20230910,PRCP,0,,,N,0600
US1TXAT0042,20230911,PRCP,0,,,N,0600
US1TXAT0042,20230912,PRCP,0,,,N,0600
US1TXAT0042,20230913,PRCP,0,,,N,0600
US1TXAT0042,20230914,PRCP,0,,,N,0600
US1TXAT0042,20230915,PRCP,0,,,N,0600
US1TXAT0042,20230916,PRCP,0,,,N,0600
US1TXAT0042,20230917,PRCP,0,,,N,0600
US1TXAT0042,20230918,PRCP,0,,,N,0600
US1TXAT0042,20230919,PRCP,0,,,N,0600
US1TXAT0042,20230920,PRCP,0,,,N,0600
US1TXAT0042,20230921,PRCP,0,,,N,0600
US1TXAT0042,20230922,PRCP,0,,,N,0600
US1TXAT0042,20230923,PRCP,0,,,N,0600
US1TXAT0042,20230924,PRCP,0,,,N,0600
US1TXAT0042,20230925,PRCP,0,,,N,0600
US1TXAT0042,20230926,PRCP,94,,,N,0600
US1TXAT0042,20230927,PRCP,74,,,N,0600
US1TXAT0042,20230928,PRCP,0,,,N,0600
US1TXAT0042,20230929,PRCP,0,,,N,0600
US1TXAT0042,20230930,PRCP,0,,,N,0600
US1TXAT0042,20230901,SNOW,0,,,N,0600
US1TXAT0042,20230902,SNOW,0,,,N,0600
US1TXAT0042,20230903,SNOW,0,,,N,0600
US1TXAT0042,20230904,SNOW,0,,,N,0600
US1TXAT0042,20230905,SNOW,0,,,N,0600
US1TXAT0042,20230906,SNOW,0,,,N,0600
US1TXAT0042,20230907,SNOW,0,,,N,0600
US1TXAT0042,20230908,SNOW,0,,,N,0600
US1TXAT0042,20230909,SNOW,0,,,N,0600
US1TXAT0042,20230910,SNOW,0,,,N,0600
US1TXAT0042,20230911,SNOW,0,,,N,0600
US1TXAT0042,20230912,SNOW,0,,,N,0600
US1TXAT0042,20230913,SNOW,0,,,N,0600
US1TXAT0042,20230914,SNOW,0,,,N,0600
US1TXAT0042,20230915,SNOW,0,,,N,0600
US1TXAT0042,20230916,SNOW,0,,,N,0600
US1TXAT0042,20230917,SNOW,0,,,N,0600
US1TXAT0042,20230918,SNOW,0,,,N,0600
US1TXAT0042,20230919,SNOW,0,,,N,0600
US1TXAT0042,20230920,SNOW,0,,,N,0600
US1TXAT0042,20230921,SNOW,0,,,N,0600
US1TXAT0042,20230922,SNOW,0,,,N,0600
US1TXAT0042,20230923,SNOW,0,,,N,0600
US1TXAT0042,20230924,SNOW,0,,,N,0600
US1TXAT0042,20230925,SNOW,0,,,N,0600
US1TXAT0042,20230928,SNOW,0,,,N,0600
US1TXAT0042,20230929,SNOW,0,,,N,0600
US1TXAT0042,20230930,SNOW,0,,,N,0600
US1TXAT0042,20231001,PRCP,0,,,N,0600
US1TXAT0042,20231002,PRCP,0,,,N,0600
US1TXAT0042,20231003,PRCP,124,,,N,0600
US1TXAT0042,20231004,PRCP,0,,,N,0600
US1TXAT0042,20231005,PRCP,0,,,N,0600
US1TXAT0042,20231006,PRCP,257,,,N,0600
US1TXAT0042,20231007,PRCP,0,,,N,0600
US1TXAT0042,20231008,PRCP,0,,,N,0600
US1TXAT0042,20231009,PRCP,0,,,N,0600
US1TXAT0042,20231010,PRCP,0,,,N,0600
US1TXAT0042,20231011,PRCP,102,,,N,0600
US1TXAT0042,20231012,PRCP,0,,,N,0600
US1TXAT0042,20231013,PRCP,0,,,N,0600
US1TXAT0042,20231014,PRCP,0,,,N,0600
US1TXAT0042,20231015,PRCP,0,,,N,0600
US1TXAT0042,20231016,PRCP,0,,,N,0600
US1TXAT0042,20231017,PRCP,0,,,N,0600
US1TXAT0042,20231018,PRCP,0,,,N,0600
US1TXAT0042,20231019,PRCP,0,,,N,0600
US1TXAT0042,20231020,PRCP,0,,,N,0600
US1TXAT0042,20231021,PRCP,0,,,N,0600
US1TXAT0042,20231022,PRCP,0,,,N,0600
US1TXAT0042,20231023,PRCP,0,,,N,0600
US1TXAT0042,20231024,PRCP,0,,,N,0600
US1TXAT0042,20231025,PRCP,0,,,N,0600
US1TXAT0042,20231026,PRCP,23,,,N,0600
US1TXAT0042,20231027,PRCP,526,,,N,0600
US1TXAT0042,20231028,PRCP,0,,,N,0600
US1TXAT0042,20231029,PRCP,0,,,N,0600
US1TXAT0042,20231030,PRCP,36,,,N,0600
US1TXAT0042,20231001,SNOW,0,,,N,0600
US1TXAT0042,20231002,SNOW,0,,,N,0600
US1TXAT0042,20231004,SNOW,0,,,N,0600
US1TXAT0042,20231005,SNOW,0,,,N,0600
US1TXAT0042,20231007,SNOW,0,,,N,0600
US1TXAT0042,20231008,SNOW,0,,,N,0600
US1TXAT0042,20231009,SNOW,0,,,N,0600
US1TXAT0042,20231010,SNOW,0,,,N,0600
US1TXAT0042,20231012,SNOW,0,,,N,0600
US1TXAT0042,20231013,SNOW,0,,,N,0600
US1TXAT0042,20231014,SNOW,0,,,N,0600
US1TXAT0042,20231015,SNOW,0,,,N,0600
US1TXAT0042,20231016,SNOW,0,,,N,0600
US1TXAT0042,20231017,SNOW,0,,,N,0600
US1TXAT0042,20231018,SNOW,0,,,N,0600
US1TXAT0042,20231019,SNOW,0,,,N,0600
US1TXAT0042,20231020,SNOW,0,,,N,0600
US1TXAT0042,20231021,SNOW,0,,,N,0600
US1TXAT0042,20231022,SNOW,0,,,N,0600
US1TXAT0042,20231023,SNOW,0,,,N,0600
US1TXAT0042,20231024,SNOW,0,,,N,0600
US1TXAT0042,20231025,SNOW,0,,,N,0600
US1TXAT0042,20231028,SNOW,0,,,N,0600
US1TXAT0042,20231029,SNOW,0,,,N,0600
US1TXAT0042,20231101,PRCP,0,,,N,0600
US1TXAT0042,20231102,PRCP,0,,,N,0600
US1TXAT0042,20231103,PRCP,0,,,N,0600
US1TXAT0042,20231104,PRCP,0,,,N,0600
US1TXAT0042,20231105,PRCP,0,,,N,0600
US1TXAT0042,20231106,PRCP,0,,,N,0600
US1TXAT0042,20231107,PRCP,0,,,N,0600
US1TXAT0042,20231108,PRCP,0,,,N,0600
US1TXAT0042,20231109,PRCP,0,,,N,0600
US1TXAT0042,20231110,PRCP,13,,,N,0600
US1TXAT0042,20231111,PRCP,0,,,N,0600
US1TXAT0042,20231112,PRCP,23,,,N,0600
US1TXAT0042,20231113,PRCP,102,,,N,0800
US1TXAT0042,20231114,PRCP,0,,,N,0600
US1TXAT0042,20231115,PRCP,0,,,N,0600
US1TXAT0042,20231116,PRCP,0,,,N,0600
US1TXAT0042,20231117,PRCP,0,,,N,0600
US1TXAT0042,20231118,PRCP,0,,,N,0600
US1TXAT0042,20231119,PRCP,0,,,N,0600
US1TXAT0042,20231120,PRCP,0,,,N,0600
US1TXAT0042,20231121,PRCP,0,,,N,0600
US1TXAT0042,20231122,PRCP,0,,,N,0600
US1TXAT0042,20231123,PRCP,10,,,N,0600
US1TXAT0042,20231124,PRCP,10,,,N,0600
US1TXAT0042,20231125,PRCP,0,,,N,0600
US1TXAT0042,20231126,PRCP,13,,,N,0600
US1TXAT0042,20231127,PRCP,0,,,N,0600
US1TXAT0042,20231128,PRCP,0,,,N,0600
US1TXAT0042,20231129,PRCP,0,,,N,0600
US1TXAT0042,20231130,PRCP,25,,,N,0600
US1TXAT0042,20231101,SNOW,0,,,N,0600
US1TXAT0042,20231102,SNOW,0,,,N,0600
US1TXAT0042,20231103,SNOW,0,,,N,0600
US1TXAT0042,20231104,SNOW,0,,,N,0600
US1TXAT0042,20231105,SNOW,0,,,N,0600
US1TXAT0042,20231106,SNOW,0,,,N,0600
US1TXAT0042,20231107,SNOW,0,,,N,0600
US1TXAT0042,20231108,SNOW,0,,,N,0600
US1TXAT0042,20231109,SNOW,0,,,N,0600
US1TXAT0042,20231111,SNOW,0,,,N,0600
US1TXAT0042,20231114,SNOW,0,,,N,0600
US1TXAT0042,20231115,SNOW,0,,,N,0600
US1TXAT0042,20231116,SNOW,0,,,N,0600
US1TXAT0042,20231117,SNOW,0,,,N,0600
US1TXAT0042,20231118,SNOW,0,,,N,0600
US1TXAT0042,20231119,SNOW,0,,,N,0600
US1TXAT0042,20231120,SNOW,0,,,N,0600
US1TXAT0042,20231121,SNOW,0,,,N,0600
US1TXAT0042,20231122,SNOW,0,,,N,0600
US1TXAT0042,20231125,SNOW,0,,,N,0600
US1TXAT0042,20231127,SNOW,0,,,N,0600
US1TXAT0042,20231128,SNOW,0,,,N,0600
US1TXAT0042,20231129,SNOW,0,,,N,0600
US1TXAT0042,20231201,PRCP,5,,,N,0600
US1TXAT0042,20231202,PRCP,0,,,N,0600
US1TXAT0042,20231203,PRCP,0,,,N,0600
US1TXAT0042,20231204,PRCP,0,,,N,0600
US1TXAT0042,20231205,PRCP,0,,,N,0600
US1TXAT0042,20231206,PRCP,0,,,N,0600
US1TXAT0042,20231207,PRCP,0,,,N,0600
US1TXAT0042,20231208,PRCP,0,,,N,0600
US1TXAT0042,20231209,PRCP,0,,,N,0600
US1TXAT0042,20231210,PRCP,0,,,N,0600
US1TXAT0042,20231211,PRCP,0,,,N,0600
US1TXAT0042,20231212,PRCP,0,,,N,0600
US1TXAT0042,20231213,PRCP,30,,,N,0600
US1TXAT0042,20231214,PRCP,20,,,N,0600
US1TXAT0042,20231215,PRCP,20,,,N,0600
US1TXAT0042,20231216,PRCP,0,,,N,0600
US1TXAT0042,20231217,PRCP,0,,,N,0600
US1TXAT0042,20231218,PRCP,0,,,N,0600
US1TXAT0042,20231219,PRCP,0,,,N,0600
US1TXAT0042,20231220,PRCP,0,,,N,0600
US1TXAT0042,20231221,PRCP,20,,,N,0600
US1TXAT0042,20231222,PRCP,0,,,N,0600
US1TXAT0042,20231223,PRCP,0,T,,N,0600
US1TXAT0042,20231224,PRCP,46,,,N,0600
US1TXAT0042,20231225,PRCP,0,,,N,0600
US1TXAT0042,20231226,PRCP,0,,,N,0600
US1TXAT0042,20231227,PRCP,0,,,N,0600
US1TXAT0042,20231228,PRCP,0,,,N,0600
US1TXAT0042,20231229,PRCP,0,,,N,0600
US1TXAT0042,20231230,PRCP,0,,,N,0600
US1TXAT0042,20231231,PRCP,0,,,N,0600
US1TXAT0042,20231202,SNOW,0,,,N,0600
US1TXAT0042,20231203,SNOW,0,,,N,0600
US1TXAT0042,20231204,SNOW,0,,,N,0600
US1TXAT0042,20231205,SNOW,0,,,N,0600
US1TXAT0042,20231206,SNOW,0,,,N,0600
US1TXAT0042,20231207,SNOW,0,,,N,0600
US1TXAT0042,20231208,SNOW,0,,,N,0600
US1TXAT0042,20231209,SNOW,0,,,N,0600
US1TXAT0042,20231210,SNOW,0,,,N,0600
US1TXAT0042,20231211,SNOW,0,,,N,0600
US1TXAT0042,20231212,SNOW,0,,,N,0600
US1TXAT0042,20231216,SNOW,0,,,N,0600
US1TXAT0042,20231217,SNOW,0,,,N,0600
US1TXAT0042,20231218,SNOW,0,,,N,0600
US1TXAT0042,20231219,SNOW,0,,,N,0600
US1TXAT0042,20231220,SNOW,0,,,N,0600
US1TXAT0042,20231221,SNOW,0,,,N,0600
US1TXAT0042,20231222,SNOW,0,,,N,0600
US1TXAT0042,20231225,SNOW,0,,,N,0600
US1TXAT0042,20231226,SNOW,0,,,N,0600
US1TXAT0042,20231227,SNOW,0,,,N,0600
US1TXAT0042,20231228,SNOW,0,,,N,0600
US1TXAT0042,20231229,SNOW,0,,,N,0600
US1TXAT0042,20231230,SNOW,0,,,N,0600
US1TXAT0042,20231231,SNOW,0,,,N,0600
US1TXAT0042,20240101,PRCP,0,T,,N,0600
US1TXAT0042,20240102,PRCP,0,,,N,0600
US1TXAT0042,20240103,PRCP,51,,,N,0600
US1TXAT0042,20240104,PRCP,0,,,N,0600
US1TXAT0042,20240110,PRCP,0,,,N,0600
US1TXAT0042,20240111,PRCP,0,,,N,0600
US1TXAT0042,20240112,PRCP,0,,,N,0600
US1TXAT0042,20240113,PRCP,0,,,N,0600
US1TXAT0042,20240114,PRCP,0,,,N,0600
US1TXAT0042,20240115,PRCP,0,T,,N,0600
US1TXAT0042,20240116,PRCP,0,,,N,0600
US1TXAT0042,20240117,PRCP,0,,,N,0600
US1TXAT0042,20240118,PRCP,0,,,N,0600
US1TXAT0042,20240119,PRCP,0,,,N,0600
US1TXAT0042,20240120,PRCP,0,,,N,0600
US1TXAT0042,20240121,PRCP,51,,,N,0600
US1TXAT0042,20240122,PRCP,84,,,N,0600
US1TXAT0042,20240123,PRCP,30,,,N,0600
US1TXAT0042,20240124,PRCP,71,,,N,0600
US1TXAT0042,20240125,PRCP,102,,,N,0600
US1TXAT0042,20240126,PRCP,0,,,N,0600
US1TXAT0042,20240127,PRCP,0,,,N,0600
US1TXAT0042,20240128,PRCP,0,,,N,0600
US1TXAT0042,20240129,PRCP,0,,,N,0600
US1TXAT0042,20240130,PRCP,0,,,N,0600
US1TXAT0042,20240131,PRCP,0,,,N,0600
US1TXAT0042,20240102,SNOW,0,,,N,0600
US1TXAT0042,20240104,SNOW,0,,,N,0600
US1TXAT0042,20240110,SNOW,0,,,N,0600
US1TXAT0042,20240111,SNOW,0,,,N,0600
US1TXAT0042,20240112,SNOW,0,,,N,0600
US1TXAT0042,20240113,SNOW,0,,,N,0600
US1TXAT0042,20240114,SNOW,0,,,N,0600
US1TXAT0042,20240116,SNOW,0,,,N,0600
US1TXAT0042,20240117,SNOW,0,,,N,0600
US1TXAT0042,20240118,SNOW,0,,,N,0600
US1TXAT0042,20240119,SNOW,0,,,N,0600
US1TXAT0042,20240120,SNOW,0,,,N,0600
US1TXAT0042,20240126,SNOW,0,,,N,0600
US1TXAT0042,20240127,SNOW,0,,,N,0600
US1TXAT0042,20240128,SNOW,0,,,N,0600
US1TXAT0042,20240129,SNOW,0,,,N,0600
US1TXAT0042,20240130,SNOW,0,,,N,0600
US1TXAT0042,20240131,SNOW,0,,,N,0600
US1TXAT0042,20240201,PRCP,0,,,N,0600
US1TXAT0042,20240202,PRCP,0,,,N,0600
US1TXAT0042,20240203,PRCP,213,,,N,0600
US1TXAT0042,20240204,PRCP,0,,,N,0600
US1TXAT0042,20240205,PRCP,0,,,N,0600
US1TXAT0042,20240206,PRCP,0,,,N,0600
US1TXAT0042,20240207,PRCP,0,,,N,0600
US1TXAT0042,20240208,PRCP,0,,,N,0600
US1TXAT0042,20240209,PRCP,0,,,N,0600
US1TXAT0042,20240210,PRCP,3,,,N,0600
US1TXAT0042,20240211,PRCP,3,,,N,0600
US1TXAT0042,20240212,PRCP,0,,,N,0600
US1TXAT0042,20240213,PRCP,0,,,N,0600
US1TXAT0042,20240214,PRCP,0,,,N,0600
US1TXAT0042,20240215,PRCP,0,,,N,0600
US1TXAT0042,20240216,PRCP,30,,,N,0600
US1TXAT0042,20240217,PRCP,0,,,N,0600
US1TXAT0042,20240218,PRCP,0,,,N,0600
US1TXAT0042,20240219,PRCP,0,,,N,0600
US1TXAT0042,20240220,PRCP,0,,,N,0600
US1TXAT0042,20240221,PRCP,0,,,N,0600
US1TXAT0042,20240222,PRCP,0,,,N,0600
US1TXAT0042,20240223,PRCP,0,,,N,0600
US1TXAT0042,20240224,PRCP,0,,,N,0600
US1TXAT0042,20240225,PRCP,0,,,N,0600
US1TXAT0042,20240226,PRCP,0,,,N,0600
US1TXAT0042,20240227,PRCP,0,,,N,0600
US1TXAT0042,20240228,PRCP,0,,,N,0600
US1TXAT0042,20240229,PRCP,0,,,N,0600
US1TXAT0042,20240201,SNOW,0,,,N,0600
US1TXAT0042,20240202,SNOW,0,,,N,0600
US1TXAT0042,20240204,SNOW,0,,,N,0600
US1TXAT0042,20240205,SNOW,0,,,N,0600
US1TXAT0042,20240206,SNOW,0,,,N,0600
US1TXAT0042,20240207,SNOW,0,,,N,0600
US1TXAT0042,20240208,SNOW,0,,,N,0600
US1TXAT0042,20240209,SNOW,0,,,N,0600
US1TXAT0042,20240212,SNOW,0,,,N,0600
US1TXAT0042,20240213,SNOW,0,,,N,0600
US1TXAT0042,20240214,SNOW,0,,,N,0600
US1TXAT0042,20240215,SNOW,0,,,N,0600
US1TXAT0042,20240217,SNOW,0,,,N,0600
US1TXAT0042,20240218,SNOW,0,,,N,0600
US1TXAT0042,20240219,SNOW,0,,,N,0600
US1TXAT0042,20240220,SNOW,0,,,N,0600
US1TXAT0042,20240221,SNOW,0,,,N,0600
US1TXAT0042,20240222,SNOW,0,,,N,0600
US1TXAT0042,20240223,SNOW,0,,,N,0600
US1TXAT0042,20240224,SNOW,0,,,N,0600
US1TXAT0042,20240225,SNOW,0,,,N,0600
US1TXAT0042,20240226,SNOW,0,,,N,0600
US1TXAT0042,20240227,SNOW,0,,,N,0600
US1TXAT0042,20240228,SNOW,0,,,N,0600
US1TXAT0042,20240229,SNOW,0,,,N,0600
US1TXAT0042,20240301,PRCP,0,,,N,0600
US1TXAT0042,20240302,PRCP,0,,,N,0600
US1TXAT0042,20240303,PRCP,0,,,N,0600
US1TXAT0042,20240304,PRCP,0,,,N,0600
US1TXAT0042,20240305,PRCP,0,,,N,0600
US1TXAT0042,20240306,PRCP,0,,,N,0600
US1TXAT0042,20240309,PRCP,0,,,N,0600
US1TXAT0042,20240310,PRCP,0,,,N,0600
US1TXAT0042,20240311,PRCP,0,,,N,0600
US1TXAT0042,20240312,PRCP,0,,,N,0600
US1TXAT0042,20240313,PRCP,0,,,N,0600
US1TXAT0042,20240314,PRCP,0,,,N,0600
US1TXAT0042,20240315,PRCP,0,,,N,0600
US1TXAT0042,20240316,PRCP,155,,,N,0600
US1TXAT0042,20240317,PRCP,127,,,N,0600
US1TXAT0042,20240318,PRCP,0,,,N,0600
US1TXAT0042,20240319,PRCP,15,,,N,1721
US1TXAT0042,20240320,PRCP,0,,,N,0600
US1TXAT0042,20240321,PRCP,8,,,N,0600
US1TXAT0042,20240322,PRCP,8,,,N,0600
US1TXAT0042,20240323,PRCP,0,,,N,0600
US1TXAT0042,20240324,PRCP,0,,,N,0600
US1TXAT0042,20240325,PRCP,0,,,N,0600
US1TXAT0042,20240326,PRCP,0,,,N,0600
US1TXAT0042,20240327,PRCP,8,,,N,0600
US1TXAT0042,20240301,SNOW,0,,,N,0600
US1TXAT0042,20240302,SNOW,0,,,N,0600
US1TXAT0042,20240303,SNOW,0,,,N,0600
US1TXAT0042,20240304,SNOW,0,,,N,0600
US1TXAT0042,20240305,SNOW,0,,,N,0600
US1TXAT0042,20240306,SNOW,0,,,N,0600
US1TXAT0042,20240309,SNOW,0,,,N,0600
US1TXAT0042,20240310,SNOW,0,,,N,0600
US1TXAT0042,20240311,SNOW,0,,,N,0600
US1TXAT0042,20240312,SNOW,0,,,N,0600
US1TXAT0042,20240313,SNOW,0,,,N,0600
US1TXAT0042,20240314,SNOW,0,,,N,0600
US1TXAT0042,20240315,SNOW,0,,,N,0600
US1TXAT0042,20240318,SNOW,0,,,N,0600
US1TXAT0042,20240320,SNOW,0,,,N,0600
US1TXAT0042,20240323,SNOW,0,,,N,0600
US1TXAT0042,20240324,SNOW,0,,,N,0600
US1TXAT0042,20240325,SNOW,0,,,N,0600
US1TXAT0042,20240326,SNOW,0,,,N,0600
US1TXAT0042,20240407,PRCP,0,,,N,0600
US1TXAT0042,20240408,PRCP,0,,,N,0600
US1TXAT0042,20240409,PRCP,15,,,N,0600
US1TXAT0042,20240410,PRCP,213,,,N,0600
US1TXAT0042,20240411,PRCP,0,,,N,0600
US1TXAT0042,20240412,PRCP,0,,,N,0600
US1TXAT0042,20240413,PRCP,0,,,N,0600
US1TXAT0042,20240414,PRCP,0,,,N,0600
US1TXAT0042,20240415,PRCP,0,,,N,0600
US1TXAT0042,20240416,PRCP,0,,,N,0600
US1TXAT0042,20240417,PRCP,8,,,N,0600
US1TXAT0042,20240418,PRCP,0,,,N,0600
US1TXAT0042,20240419,PRCP,0,,,N,0600
US1TXAT0042,20240420,PRCP,0,,,N,0600
US1TXAT0042,20240421,PRCP,0,T,,N,0600
US1TXAT0042,20240423,PRCP,0,,,N,0600
US1TXAT0042,20240424,PRCP,0,,,N,0600
US1TXAT0042,20240425,PRCP,0,,,N,0600
US1TXAT0042,20240426,PRCP,0,,,N,0600
US1TXAT0042,20240427,PRCP,0,,,N,0600
US1TXAT0042,20240429,PRCP,333,,,N,0600
US1TXAT0042,20240430,PRCP,0,,,N,0600
US1TXAT0042,20240407,SNOW,0,,,N,0600
US1TXAT0042,20240408,SNOW,0,,,N,0600
US1TXAT0042,20240411,SNOW,0,,,N,0600
US1TXAT0042,20240412,SNOW,0,,,N,0600
US1TXAT0042,20240413,SNOW,0,,,N,0600
US1TXAT0042,20240414,SNOW,0,,,N,0600
US1TXAT0042,20240415,SNOW,0,,,N,0600
US1TXAT0042,20240416,SNOW,0,,,N,0600
US1TXAT0042,20240418,SNOW,0,,,N,0600
US1TXAT0042,20240419,SNOW,0,,,N,0600
US1TXAT0042,20240420,SNOW,0,,,N,0600
US1TXAT0042,20240423,SNOW,0,,,N,0600
US1TXAT0042,20240424,SNOW,0,,,N,0600
US1TXAT0042,20240425,SNOW,0,,,N,0600
US1TXAT0042,20240426,SNOW,0,,,N,0600
US1TXAT0042,20240427,SNOW,0,,,N,0600
US1TXAT0042,20240430,SNOW,0,,,N,0600
US1TXAT0042,20240502,PRCP,0,,,N,0600
US1TXAT0042,20240503,PRCP,18,,,N,0600
US1TXAT0042,20240504,PRCP,8,,,N,0600
US1TXAT0042,20240506,PRCP,0,,,N,0600
US1TXAT0042,20240507,PRCP,0,,,N,0600
US1TXAT0042,20240508,PRCP,0,,,N,0600
US1TXAT0042,20240509,PRCP,0,,,N,0600
US1TXAT0042,20240510,PRCP,0,,,N,0600
US1TXAT0042,20240511,PRCP,0,,,N,0600
US1TXAT0042,20240512,PRCP,0,,,N,0600
US1TXAT0042,20240513,PRCP,0,,,N,0600
US1TXAT0042,20240514,PRCP,206,,,N,0600
US1TXAT0042,20240515,PRCP,0,,,N,0600
US1TXAT0042,20240516,PRCP,0,,,N,0600
US1TXAT0042,20240529,PRCP,30,,,N,0600
US1TXAT0042,20240530,PRCP,0,,,N,0600
US1TXAT0042,20240531,PRCP,0,,,N,0600
US1TXAT0042,20240502,SNOW,0,,,N,0600
US1TXAT0042,20240506,SNOW,0,,,N,0600
US1TXAT0042,20240507,SNOW,0,,,N,0600
US1TXAT0042,20240508,SNOW,0,,,N,0600
US1TXAT0042,20240509,SNOW,0,,,N,0600
US1TXAT0042,20240510,SNOW,0,,,N,0600
US1TXAT0042,20240511,SNOW,0,,,N,0600
US1TXAT0042,20240512,SNOW,0,,,N,0600
US1TXAT0042,20240513,SNOW,0,,,N,0600
US1TXAT0042,20240515,SNOW,0,,,N,0600
US1TXAT0042,20240516,SNOW,0,,,N,0600
US1TXAT0042,20240530,SNOW,0,,,N,0600
US1TXAT0042,20240531,SNOW,0,,,N,0600
US1TXAT0042,20240601,PRCP,0,T,,N,0600
US1TXAT0042,20240602,PRCP,13,,,N,0600
US1TXAT0042,20240603,PRCP,0,,,N,0600
US1TXAT0042,20240604,PRCP,0,,,N,0600
US1TXAT0042,20240605,PRCP,0,,,N,0600
US1TXAT0042,20240606,PRCP,0,,,N,0600
US1TXAT0042,20240607,PRCP,0,,,N,0600
US1TXAT0042,20240608,PRCP,0,,,N,0600
US1TXAT0042,20240609,PRCP,0,,,N,0600
US1TXAT0042,20240610,PRCP,0,T,,N,0600
US1TXAT0042,20240611,PRCP,234,,,N,0600
US1TXAT0042,20240612,PRCP,0,,,N,0600
US1TXAT0042,20240613,PRCP,0,,,N,0600
US1TXAT0042,20240614,PRCP,0,,,N,0600
US1TXAT0042,20240615,PRCP,0,,,N,0600
US1TXAT0042,20240616,PRCP,0,,,N,0600
US1TXAT0042,20240617,PRCP,0,,,N,0600
US1TXAT0042,20240618,PRCP,0,,,N,0600
US1TXAT0042,20240619,PRCP,8,,,N,0600
US1TXAT0042,20240620,PRCP,521,,,N,0600
US1TXAT0042,20240621,PRCP,38,,,N,0600
US1TXAT0042,20240622,PRCP,0,,,N,0600
US1TXAT0042,20240623,PRCP,0,,,N,0600
US1TXAT0042,20240624,PRCP,0,,,N,0600
US1TXAT0042,20240625,PRCP,0,,,N,0600
US1TXAT0042,20240626,PRCP,0,,,N,0600
US1TXAT0042,20240627,PRCP,0,,,N,0600
US1TXAT0042,20240628,PRCP,0,,,N,0600
US1TXAT0042,20240629,PRCP,0,,,N,0600
US1TXAT0042,20240630,PRCP,0,,,N,0600
US1TXAT0042,20240603,SNOW,0,,,N,0600
US1TXAT0042,20240604,SNOW,0,,,N,0600
US1TXAT0042,20240605,SNOW,0,,,N,0600
US1TXAT0042,20240606,SNOW,0,,,N,0600
US1TXAT0042,20240607,SNOW,0,,,N,0600
US1TXAT0042,20240608,SNOW,0,,,N,0600
US1TXAT0042,20240609,SNOW,0,,,N,0600
US1TXAT0042,20240612,SNOW,0,,,N,0600
US1TXAT0042,20240613,SNOW,0,,,N,0600
US1TXAT0042,20240614,SNOW,0,,,N,0600
US1TXAT0042,20240615,SNOW,0,,,N,0600
US1TXAT0042,20240616,SNOW,0,,,N,0600
US1TXAT0042,20240617,SNOW,0,,,N,0600
US1TXAT0042,20240618,SNOW,0,,,N,0600
US1TXAT0042,20240622,SNOW,0,,,N,0600
US1TXAT0042,20240623,SNOW,0,,,N,0600
US1TXAT0042,20240624,SNOW,0,,,N,0600
US1TXAT0042,20240625,SNOW,0,,,N,0600
US1TXAT0042,20240626,SNOW,0,,,N,0600
US1TXAT0042,20240627,SNOW,0,,,N,0600
US1TXAT0042,20240628,SNOW,0,,,N,0600
US1TXAT0042,20240629,SNOW,0,,,N,0600
US1TXAT0042,20240630,SNOW,0,,,N,0600
US1TXAT0042,20240701,PRCP,0,,,N,0600
US1TXAT0042,20240702,PRCP,0,,,N,0600
US1TXAT0042,20240703,PRCP,0,,,N,0600
US1TXAT0042,20240704,PRCP,0,,,N,0600
US1TXAT0042,20240705,PRCP,0,,,N,0600
US1TXAT0042,20240706,PRCP,0,,,N,0600
US1TXAT0042,20240707,PRCP,28,,,N,0600
US1TXAT0042,20240708,PRCP,0,,,N,0600
US1TXAT0042,20240709,PRCP,0,,,N,0600
US1TXAT0042,20240710,PRCP,0,,,N,0600
US1TXAT0042,20240711,PRCP,193,,,N,0600
US1TXAT0042,20240712,PRCP,0,,,N,0600
US1TXAT0042,20240713,PRCP,434,,,N,0600
US1TXAT0042,20240714,PRCP,5,,,N,0600
US1TXAT0042,20240715,PRCP,0,,,N,0600
US1TXAT0042,20240716,PRCP,0,,,N,0600
US1TXAT0042,20240717,PRCP,0,,,N,0600
US1TXAT0042,20240718,PRCP,0,,,N,0600
US1TXAT0042,20240719,PRCP,97,,,N,0600
US1TXAT0042,20240720,PRCP,0,,,N,0600
US1TXAT0042,20240721,PRCP,0,,,N,0600
US1TXAT0042,20240722,PRCP,0,,,N,0600
US1TXAT0042,20240723,PRCP,0,,,N,0600
US1TXAT0042,20240724,PRCP,102,,,N,0600
US1TXAT0042,20240725,PRCP,13,,,N,0600
US1TXAT0042,20240726,PRCP,0,T,,N,0600
US1TXAT0042,20240727,PRCP,5,,,N,0600
US1TXAT0042,20240728,PRCP,0,,,N,0600
US1TXAT0042,20240729,PRCP,81,,,N,0600
US1TXAT0042,20240730,PRCP,0,,,N,0600
US1TXAT0042,20240731,PRCP,0,,,N,0600
US1TXAT0042,20240701,SNOW,0,,,N,0600
US1TXAT0042,20240702,SNOW,0,,,N,0600
US1TXAT0042,20240703,SNOW,0,,,N,0600
US1TXAT0042,20240704,SNOW,0,,,N,0600
US1TXAT0042,20240705,SNOW,0,,,N,0600
US1TXAT0042,20240706,SNOW,0,,,N,0600
US1TXAT0042,20240708,SNOW,0,,,N,0600
US1TXAT0042,20240709,SNOW,0,,,N,0600
US1TXAT0042,20240710,SNOW,0,,,N,0600
US1TXAT0042,20240712,SNOW,0,,,N,0600
US1TXAT0042,20240715,SNOW,0,,,N,0600
US1TXAT0042,20240716,SNOW,0,,,N,0600
US1TXAT0042,20240717,SNOW,0,,,N,0600
US1TXAT0042,20240718,SNOW,0,,,N,0600
US1TXAT0042,20240720,SNOW,0,,,N,0600
US1TXAT0042,20240721,SNOW,0,,,N,0600
US1TXAT0042,20240722,SNOW,0,,,N,0600
US1TXAT0042,20240723,SNOW,0,,,N,0600
US1TXAT0042,20240728,SNOW,0,,,N,0600
US1TXAT0042,20240730,SNOW,0,,,N,0600
US1TXAT0042,20240731,SNOW,0,,,N,0600
US1TXAT0042,20240801,PRCP,0,,,N,0600
US1TXAT0042,20240802,PRCP,0,,,N,0600
US1TXAT0042,20240803,PRCP,0,,,N,0600
US1TXAT0042,20240804,PRCP,0,,,N,0600
US1TXAT0042,20240805,PRCP,0,,,N,0600
US1TXAT0042,20240806,PRCP,0,,,N,0600
US1TXAT0042,20240807,PRCP,0,,,N,0600
US1TXAT0042,20240808,PRCP,0,,,N,0600
US1TXAT0042,20240809,PRCP,0,,,N,0600
US1TXAT0042,20240810,PRCP,0,,,N,0600
US1TXAT0042,20240811,PRCP,0,,,N,0600
US1TXAT0042,20240812,PRCP,0,,,N,0600
US1TXAT0042,20240813,PRCP,0,,,N,0600
US1TXAT0042,20240814,PRCP,0,,,N,0600
US1TXAT0042,20240815,PRCP,0,,,N,0600
US1TXAT0042,20240816,PRCP,0,,,N,0600
US1TXAT0042,20240817,PRCP,0,,,N,0600
US1TXAT0042,20240818,PRCP,0,,,N,0600
US1TXAT0042,20240819,PRCP,0,,,N,0600
US1TXAT0042,20240820,PRCP,0,,,N,0600
US1TXAT0042,20240821,PRCP,0,,,N,0600
US1TXAT0042,20240822,PRCP,0,,,N,0600
US1TXAT0042,20240823,PRCP,0,,,N,0600
US1TXAT0042,20240824,PRCP,0,,,N,0600
US1TXAT0042,20240825,PRCP,0,,,N,0600
US1TXAT0042,20240826,PRCP,0,,,N,0600
US1TXAT0042,20240827,PRCP,86,,,N,0600
US1TXAT0042,20240828,PRCP,470,,,N,0600
US1TXAT0042,20240829,PRCP,41,,,N,0600
US1TXAT0042,20240830,PRCP,0,,,N,0600
US1TXAT0042,20240831,PRCP,0,,,N,0600
US1TXAT0042,20240801,SNOW,0,,,N,0600
US1TXAT0042,20240802,SNOW,0,,,N,0600
US1TXAT0042,20240803,SNOW,0,,,N,0600
US1TXAT0042,20240804,SNOW,0,,,N,0600
US1TXAT0042,20240805,SNOW,0,,,N,0600
US1TXAT0042,20240806,SNOW,0,,,N,0600
US1TXAT0042,20240807,SNOW,0,,,N,0600
US1TXAT0042,20240808,SNOW,0,,,N,0600
US1TXAT0042,20240809,SNOW,0,,,N,0600
US1TXAT0042,20240810,SNOW,0,,,N,0600
US1TXAT0042,20240811,SNOW,0,,,N,0600
US1TXAT0042,20240812,SNOW,0,,,N,0600
US1TXAT0042,20240813,SNOW,0,,,N,0600
US1TXAT0042,20240814,SNOW,0,,,N,0600
US1TXAT0042,20240815,SNOW,0,,,N,0600
US1TXAT0042,20240816,SNOW,0,,,N,0600
US1TXAT0042,20240817,SNOW,0,,,N,0600
US1TXAT0042,20240818,SNOW,0,,,N,0600
US1TXAT0042,20240819,SNOW,0,,,N,0600
US1TXAT0042,20240820,SNOW,0,,,N,0600
US1TXAT0042,20240821,SNOW,0,,,N,0600
US1TXAT0042,20240822,SNOW,0,,,N,0600
US1TXAT0042,20240823,SNOW,0,,,N,0600
US1TXAT0042,20240824,SNOW,0,,,N,0600
US1TXAT0042,20240825,SNOW,0,,,N,0600
US1TXAT0042,20240826,SNOW,0,,,N,0600
US1TXAT0042,20240830,SNOW,0,,,N,0600
US1TXAT0042,20240831,SNOW,0,,,N,0600
US1TXAT0042,20240901,PRCP,0,,,N,0600
US1TXAT0042,20240902,PRCP,0,,,N,0600
US1TXAT0042,20240903,PRCP,0,T,,N,0600
US1TXAT0042,20240904,PRCP,556,,,N,0600
US1TXAT0042,20240905,PRCP,0,,,N,0600
US1TXAT0042,20240906,PRCP,0,,,N,0600
US1TXAT0042,20240907,PRCP,0,,,N,0600
US1TXAT0042,20240908,PRCP,0,,,N,0600
US1TXAT0042,20240909,PRCP,0,,,N,0600
US1TXAT0042,20240910,PRCP,0,,,N,0600
US1TXAT0042,20240911,PRCP,0,,,N,0600
US1TXAT0042,20240912,PRCP,0,,,N,0600
US1TXAT0042,20240913,PRCP,0,,,N,0600
US1TXAT0042,20240914,PRCP,0,,,N,0600
US1TXAT0042,20240915,PRCP,0,T,,N,0600
US1TXAT0042,20240916,PRCP,0,,,N,0600
US1TXAT0042,20240917,PRCP,0,,,N,0600
US1TXAT0042,20240919,PRCP,0,,,N,0600
US1TXAT0042,20240920,PRCP,3,,,N,0600
US1TXAT0042,20240921,PRCP,36,,,N,0600
US1TXAT0042,20240922,PRCP,0,,,N,0600
US1TXAT0042,20240923,PRCP,0,,,N,0600
US1TXAT0042,20240924,PRCP,0,,,N,0600
US1TXAT0042,20240925,PRCP,0,,,N,0600
US1TXAT0042,20240926,PRCP,0,,,N,0600
US1TXAT0042,20240927,PRCP,0,,,N,0600
US1TXAT0042,20240928,PRCP,0,,,N,0600
US1TXAT0042,20240929,PRCP,0,,,N,0600
US1TXAT0042,20240930,PRCP,0,,,N,0600
US1TXAT0042,20240901,SNOW,0,,,N,0600
US1TXAT0042,20240902,SNOW,0,,,N,0600
US1TXAT0042,20240905,SNOW,0,,,N,0600
US1TXAT0042,20240906,SNOW,0,,,N,0600
US1TXAT0042,20240907,SNOW,0,,,N,0600
US1TXAT0042,20240908,SNOW,0,,,N,0600
US1TXAT0042,20240909,SNOW,0,,,N,0600
US1TXAT0042,20240910,SNOW,0,,,N,0600
US1TXAT0042,20240911,SNOW,0,,,N,0600
US1TXAT0042,20240912,SNOW,0,,,N,0600
US1TXAT0042,20240913,SNOW,0,,,N,0600
US1TXAT0042,20240914,SNOW,0,,,N,0600
US1TXAT0042,20240916,SNOW,0,,,N,0600
US1TXAT0042,20240917,SNOW,0,,,N,0600
US1TXAT0042,20240919,SNOW,0,,,N,0600
US1TXAT0042,20240922,SNOW,0,,,N,0600
US1TXAT0042,20240923,SNOW,0,,,N,0600
US1TXAT0042,20240924,SNOW,0,,,N,0600
US1TXAT0042,20240925,SNOW,0,,,N,0600
US1TXAT0042,20240926,SNOW,0,,,N,0600
US1TXAT0042,20240927,SNOW,0,,,N,0600
US1TXAT0042,20240928,SNOW,0,,,N,0600
US1TXAT0042,20240929,SNOW,0,,,N,0600
US1TXAT0042,20240930,SNOW,0,,,N,0600
US1TXAT0042,20241001,PRCP,0,,,N,0600
US1TXAT0042,20241002,PRCP,0,,,N,0600
US1TXAT0042,20241003,PRCP,0,,,N,0600
US1TXAT0042,20241004,PRCP,0,,,N,0600
US1TXAT0042,20241005,PRCP,0,,,N,0600
US1TXAT0042,20241006,PRCP,0,,,N,0600
US1TXAT0042,20241007,PRCP,0,,,N,0600
US1TXAT0042,20241008,PRCP,0,,,N,0600
US1TXAT0042,20241009,PRCP,0,,,N,0600
US1TXAT0042,20241010,PRCP,0,,,N,0600
US1TXAT0042,20241011,PRCP,0,,,N,0600
US1TXAT0042,20241012,PRCP,0,,,N,0600
US1TXAT0042,20241013,PRCP,0,,,N,0600
US1TXAT0042,20241014,PRCP,0,,,N,0600
US1TXAT0042,20241015,PRCP,0,,,N,0600
US1TXAT0042,20241016,PRCP,0,,,N,0600
US1TXAT0042,20241017,PRCP,0,,,N,0600
US1TXAT0042,20241018,PRCP,0,,,N,0600
US1TXAT0042,20241019,PRCP,0,T,,N,0600
US1TXAT0042,20241020,PRCP,0,,,N,0600
US1TXAT0042,20241021,PRCP,0,,,N,0600
US1TXAT0042,20241022,PRCP,0,,,N,0600
US1TXAT0042,20241023,PRCP,0,,,N,0600
US1TXAT0042,20241024,PRCP,0,,,N,0600
US1TXAT0042,20241025,PRCP,0,,,N,0600
US1TXAT0042,20241026,PRCP,0,,,N,0600
US1TXAT0042,20241027,PRCP,0,,,N,0600
US1TXAT0042,20241028,PRCP,0,,,N,0600
US1TXAT0042,20241029,PRCP,0,,,N,0600
US1TXAT0042,20241030,PRCP,0,,,N,0600
US1TXAT0042,20241031,PRCP,0,,,N,0600
US1TXAT0042,20241001,SNOW,0,,,N,0600
US1TXAT0042,20241002,SNOW,0,,,N,0600
US1TXAT0042,20241003,SNOW,0,,,N,0600
US1TXAT0042,20241004,SNOW,0,,,N,0600
US1TXAT0042,20241005,SNOW,0,,,N,0600
US1TXAT0042,20241006,SNOW,0,,,N,0600
US1TXAT0042,20241007,SNOW,0,,,N,0600
US1TXAT0042,20241008,SNOW,0,,,N,0600
US1TXAT0042,20241009,SNOW,0,,,N,0600
US1TXAT0042,20241010,SNOW,0,,,N,0600
US1TXAT0042,20241011,SNOW,0,,,N,0600
US1TXAT0042,20241012,SNOW,0,,,N,0600
US1TXAT0042,20241013,SNOW,0,,,N,0600
US1TXAT0042,20241014,SNOW,0,,,N,0600
US1TXAT0042,20241015,SNOW,0,,,N,0600
US1TXAT0042,20241016,SNOW,0,,,N,0600
US1TXAT0042,20241017,SNOW,0,,,N,0600
US1TXAT0042,20241018,SNOW,0,,,N,0600
US1TXAT0042,20241019,SNOW,0,,,N,0600
US1TXAT0042,20241020,SNOW,0,,,N,0600
US1TXAT0042,20241021,SNOW,0,,,N,0600
US1TXAT0042,20241022,SNOW,0,,,N,0600
US1TXAT0042,20241023,SNOW,0,,,N,0600
US1TXAT0042,20241024,SNOW,0,,,N,0600
US1TXAT0042,20241025,SNOW,0,,,N,0600
US1TXAT0042,20241026,SNOW,0,,,N,0600
US1TXAT0042,20241027,SNOW,0,,,N,0600
US1TXAT0042,20241028,SNOW,0,,,N,0600
US1TXAT0042,20241029,SNOW,0,,,N,0600
US1TXAT0042,20241030,SNOW,0,,,N,0600
US1TXAT0042,20241101,PRCP,0,,,N,0600
US1TXAT0042,20241102,PRCP,0,,,N,0600
US1TXAT0042,20241103,PRCP,0,,,N,0600
US1TXAT0042,20241104,PRCP,0,,,N,0600
US1TXAT0042,20241105,PRCP,381,,,N,0600
US1TXAT0042,20241106,PRCP,0,,,N,0600
US1TXAT0042,20241107,PRCP,0,,,N,0600
US1TXAT0042,20241108,PRCP,0,,,N,0600
US1TXAT0042,20241109,PRCP,0,,,N,0600
US1TXAT0042,20241110,PRCP,0,,,N,0600
US1TXAT0042,20241111,PRCP,0,,,N,0600
US1TXAT0042,20241112,PRCP,0,,,N,0600
US1TXAT0042,20241113,PRCP,0,,,N,0600
US1TXAT0042,20241114,PRCP,0,,,N,0600
US1TXAT0042,20241115,PRCP,0,,,N,0600
US1TXAT0042,20241116,PRCP,0,,,N,0600
US1TXAT0042,20241117,PRCP,0,,,N,0600
US1TXAT0042,20241118,PRCP,0,,,N,0600
US1TXAT0042,20241119,PRCP,25,,,N,0600
US1TXAT0042,20241120,PRCP,0,,,N,0600
US1TXAT0042,20241121,PRCP,0,,,N,0600
US1TXAT0042,20241122,PRCP,0,,,N,0600
US1TXAT0042,20241123,PRCP,0,,,N,0600
US1TXAT0042,20241124,PRCP,0,,,N,0600
US1TXAT0042,20241125,PRCP,0,,,N,0600
US1TXAT0042,20241126,PRCP,0,,,N,0600
US1TXAT0042,20241127,PRCP,0,,,N,0600
US1TXAT0042,20241128,PRCP,0,,,N,0600
US1TXAT0042,20241129,PRCP,0,,,N,0600
US1TXAT0042,20241130,PRCP,0,,,N,0600
US1TXAT0042,20241101,SNOW,0,,,N,0600
US1TXAT0042,20241102,SNOW,0,,,N,0600
US1TXAT0042,20241103,SNOW,0,,,N,0600
US1TXAT0042,20241105,SNOW,0,,,N,0600
US1TXAT0042,20241106,SNOW,0,,,N,0600
US1TXAT0042,20241107,SNOW,0,,,N,0600
US1TXAT0042,20241108,SNOW,0,,,N,0600
US1TXAT0042,20241109,SNOW,0,,,N,0600
US1TXAT0042,20241110,SNOW,0,,,N,0600
US1TXAT0042,20241111,SNOW,0,,,N,0600
US1TXAT0042,20241112,SNOW,0,,,N,0600
US1TXAT0042,20241113,SNOW,0,,,N,0600
US1TXAT0042,20241114,SNOW,0,,,N,0600
US1TXAT0042,20241115,SNOW,0,,,N,0600
US1TXAT0042,20241116,SNOW,0,,,N,0600
US1TXAT0042,20241117,SNOW,0,,,N,0600
US1TXAT0042,20241118,SNOW,0,,,N,0600
US1TXAT0042,20241120,SNOW,0,,,N,0600
US1TXAT0042,20241121,SNOW,0,,,N,0600
US1TXAT0042,20241122,SNOW,0,,,N,0600
US1TXAT0042,20241123,SNOW,0,,,N,0600
US1TXAT0042,20241124,SNOW,0,,,N,0600
US1TXAT0042,20241125,SNOW,0,,,N,0600
US1TXAT0042,20241126,SNOW,0,,,N,0600
US1TXAT0042,20241127,SNOW,0,,,N,0600
US1TXAT0042,20241128,SNOW,0,,,N,0600
US1TXAT0042,20241129,SNOW,0,,,N,0600
US1TXAT0042,20241130,SNOW,0,,,N,0600
US1TXAT0042,20241204,PRCP,64,,,N,0600
US1TXAT0042,20241205,PRCP,8,,,N,0600
US1TXAT0042,20241206,PRCP,0,,,N,0600
US1TXAT0042,20241219,PRCP,0,,,N,0600
US1TXAT0042,20241219,SNOW,0,,,N,0600
US1TXAT0042,20250426,PRCP,13,,,N,0600
US1TXAT0042,20250427,PRCP,0,,,N,0600
US1TXAT0042,20250428,PRCP,0,,,N,0600
US1TXAT0042,20250429,PRCP,0,,,N,0600
US1TXAT0042,20250430,PRCP,0,,,N,0600
US1TXAT0042,20250427,SNOW,0,,,N,0600
US1TXAT0042,20250428,SNOW,0,,,N,0600
US1TXAT0042,20250429,SNOW,0,,,N,0600
US1TXAT0042,20250430,SNOW,0,,,N,0600
US1TXAT0042,20250501,PRCP,33,,,N,0600
US1TXAT0042,20250731,PRCP,0,,,N,0600
US1TXAT0042,20250731,SNOW,0,,,N,0600
US1TXAT0042,20250803,PRCP,0,,,N,0600
US1TXAT0042,20250804,PRCP,0,,,N,0600
US1TXAT0042,20250805,PRCP,0,,,N,0600
US1TXAT0042,20250806,PRCP,0,,,N,0600
US1TXAT0042,20250807,PRCP,0,,,N,0600
US1TXAT0042,20250808,PRCP,0,,,N,0600
US1TXAT0042,20250810,PRCP,0,,,N,0600
US1TXAT0042,20250813,PRCP,0,,,N,0600
US1TXAT0042,20250814,PRCP,0,,,N,0600
US1TXAT0042,20250815,PRCP,0,,,N,0600
US1TXAT0042,20250816,PRCP,269,,,N,0600
US1TXAT0042,20250817,PRCP,0,,,N,0600
US1TXAT0042,20250818,PRCP,0,,,N,0600
US1TXAT0042,20250819,PRCP,0,,,N,0600
US1TXAT0042,20250820,PRCP,0,,,N,0600
US1TXAT0042,20250821,PRCP,0,,,N,0600
US1TXAT0042,20250822,PRCP,0,,,N,0600
US1TXAT0042,20250823,PRCP,0,,,N,0600
US1TXAT0042,20250824,PRCP,0,,,N,0600
US1TXAT0042,20250825,PRCP,0,,,N,0600
US1TXAT0042,20250826,PRCP,0,,,N,0600
US1TXAT0042,20250827,PRCP,0,,,N,0600
US1TXAT0042,20250828,PRCP,0,,,N,0600
US1TXAT0042,20250829,PRCP,0,,,N,0600
US1TXAT0042,20250830,PRCP,0,,,N,0600
US1TXAT0042,20250831,PRCP,0,,,N,0600
US1TXAT0042,20250803,SNOW,0,,,N,0600
US1TXAT0042,20250804,SNOW,0,,,N,0600
US1TXAT0042,20250805,SNOW,0,,,N,0600
US1TXAT0042,20250806,SNOW,0,,,N,0600
US1TXAT0042,20250807,SNOW,0,,,N,0600
US1TXAT0042,20250808,SNOW,0,,,N,0600
US1TXAT0042,20250810,SNOW,0,,,N,0600
US1TXAT0042,20250813,SNOW,0,,,N,0600
US1TXAT0042,20250814,SNOW,0,,,N,0600
US1TXAT0042,20250815,SNOW,0,,,N,0600
US1TXAT0042,20250817,SNOW,0,,,N,0600
US1TXAT0042,20250818,SNOW,0,,,N,0600
US1TXAT0042,20250819,SNOW,0,,,N,0600
US1TXAT0042,20250820,SNOW,0,,,N,0600
US1TXAT0042,20250821,SNOW,0,,,N,0600
US1TXAT0042,20250822,SNOW,0,,,N,0600
US1TXAT0042,20250823,SNOW,0,,,N,0600
US1TXAT0042,20250824,SNOW,0,,,N,0600
US1TXAT0042,20250825,SNOW,0,,,N,0600
US1TXAT0042,20250826,SNOW,0,,,N,0600
US1TXAT0042,20250827,SNOW,0,,,N,0600
US1TXAT0042,20250828,SNOW,0,,,N,0600
US1TXAT0042,20250829,SNOW,0,,,N,0600
US1TXAT0042,20250830,SNOW,0,,,N,0600
US1TXAT0042,20250831,SNOW,0,,,N,0600
US1TXAT0042,20250902,PRCP,23,,,N,0600
US1TXAT0042,20250903,PRCP,0,,,N,0600
US1TXAT0042,20250904,PRCP,0,,,N,0600
US1TXAT0042,20250905,PRCP,0,,,N,0600
US1TXAT0042,20250906,PRCP,0,,,N,0600
US1TXAT0042,20250907,PRCP,0,T,,N,0600
US1TXAT0042,20250908,PRCP,30,,,N,0600
US1TXAT0042,20250909,PRCP,0,,,N,0600
US1TXAT0042,20250910,PRCP,0,,,N,0600
US1TXAT0042,20250911,PRCP,0,,,N,0600
US1TXAT0042,20250912,PRCP,0,,,N,0600
US1TXAT0042,20250913,PRCP,0,,,N,0600
US1TXAT0042,20250914,PRCP,0,,,N,0600
US1TXAT0042,20250915,PRCP,0,,,N,0600
US1TXAT0042,20250922,PRCP,0,,,N,0600
US1TXAT0042,20250923,PRCP,0,,,N,0600
US1TXAT0042,20250924,PRCP,0,,,N,0600
US1TXAT0042,20250925,PRCP,0,,,N,0600
US1TXAT0042,20250926,PRCP,0,,,N,0600
US1TXAT0042,20250927,PRCP,0,,,N,0600
US1TXAT0042,20250928,PRCP,0,,,N,0600
US1TXAT0042,20250929,PRCP,0,,,N,0600
US1TXAT0042,20250930,PRCP,0,,,N,0600
US1TXAT0042,20250903,SNOW,0,,,N,0600
US1TXAT0042,20250904,SNOW,0,,,N,0600
US1TXAT0042,20250905,SNOW,0,,,N,0600
US1TXAT0042,20250906,SNOW,0,,,N,0600
US1TXAT0042,20250909,SNOW,0,,,N,0600
US1TXAT0042,20250910,SNOW,0,,,N,0600
US1TXAT0042,20250911,SNOW,0,,,N,0600
US1TXAT0042,20250912,SNOW,0,,,N,0600
US1TXAT0042,20250913,SNOW,0,,,N,0600
US1TXAT0042,20250914,SNOW,0,,,N,0600
US1TXAT0042,20250915,SNOW,0,,,N,0600
US1TXAT0042,20250922,SNOW,0,,,N,0600
US1TXAT0042,20250923,SNOW,0,,,N,0600
US1TXAT0042,20250924,SNOW,0,,,N,0600
US1TXAT0042,20250925,SNOW,0,,,N,0600
US1TXAT0042,20250926,SNOW,0,,,N,0600
US1TXAT0042,20250927,SNOW,0,,,N,0600
US1TXAT0042,20250928,SNOW,0,,,N,0600
US1TXAT0042,20250929,SNOW,0,,,N,0600
US1TXAT0042,20250930,SNOW,0,,,N,0600
US1TXAT0042,20251001,PRCP,0,,,N,0600
US1TXAT0042,20251002,PRCP,0,,,N,0600
US1TXAT0042,20251003,PRCP,0,,,N,0600
US1TXAT0042,20251004,PRCP,0,,,N,0600
US1TXAT0042,20251005,PRCP,0,,,N,0600
US1TXAT0042,20251006,PRCP,0,,,N,0600
US1TXAT0042,20251007,PRCP,0,,,N,0600
US1TXAT0042,20251008,PRCP,0,,,N,0600
US1TXAT0042,20251009,PRCP,0,,,N,0600
US1TXAT0042,20251010,PRCP,0,,,N,0600
US1TXAT0042,20251011,PRCP,0,,,N,0600
US1TXAT0042,20251012,PRCP,0,,,N,0600
US1TXAT0042,20251013,PRCP,0,,,N,0600
US1TXAT0042,20251014,PRCP,0,,,N,0600
US1TXAT0042,20251015,PRCP,0,,,N,0600
US1TXAT0042,20251016,PRCP,0,,,N,0600
US1TXAT0042,20251017,PRCP,0,,,N,0600
US1TXAT0042,20251018,PRCP,0,,,N,0600
US1TXAT0042,20251019,PRCP,0,,,N,0600
US1TXAT0042,20251020,PRCP,0,,,N,0600
US1TXAT0042,20251021,PRCP,0,,,N,0600
US1TXAT0042,20251022,PRCP,0,,,N,0600
US1TXAT0042,20251023,PRCP,0,,,N,0600
US1TXAT0042,20251024,PRCP,0,,,N,0600
US1TXAT0042,20251025,PRCP,445,,,N,0600
US1TXAT0042,20251026,PRCP,8,,,N,0600
US1TXAT0042,20251027,PRCP,0,,,N,0600
US1TXAT0042,20251028,PRCP,0,,,N,0600
US1TXAT0042,20251029,PRCP,0,,,N,0600
US1TXAT0042,20251001,SNOW,0,,,N,0600
US1TXAT0042,20251002,SNOW,0,,,N,0600
US1TXAT0042,20251003,SNOW,0,,,N,0600
US1TXAT0042,20251004,SNOW,0,,,N,0600
US1TXAT0042,20251005,SNOW,0,,,N,0600
US1TXAT0042,20251006,SNOW,0,,,N,0600
US1TXAT0042,20251007,SNOW,0,,,N,0600
US1TXAT0042,20251008,SNOW,0,,,N,0600
US1TXAT0042,20251009,SNOW,0,,,N,0600
US1TXAT0042,20251010,SNOW,0,,,N,0600
US1TXAT0042,20251011,SNOW,0,,,N,0600
US1TXAT0042,20251012,SNOW,0,,,N,0600
US1TXAT0042,20251013,SNOW,0,,,N,0600
US1TXAT0042,20251014,SNOW,0,,,N,0600
US1TXAT0042,20251015,SNOW,0,,,N,0600
US1TXAT0042,20251016,SNOW,0,,,N,0600
US1TXAT0042,20251017,SNOW,0,,,N,0600
US1TXAT0042,20251018,SNOW,0,,,N,0600
US1TXAT0042,20251019,SNOW,0,,,N,0600
US1TXAT0042,20251020,SNOW,0,,,N,0600
US1TXAT0042,20251021,SNOW,0,,,N,0600
US1TXAT0042,20251022,SNOW,0,,,N,0600
US1TXAT0042,20251023,SNOW,0,,,N,0600
US1TXAT0042,20251024,SNOW,0,,,N,0600
US1TXAT0042,20251027,SNOW,0,,,N,0600
US1TXAT0042,20251028,SNOW,0,,,N,0600
US1TXAT0042,20251029,SNOW,0,,,N,0600
US1TXAT0042,20251031,DAPR,2,,,N,0600
US1TXAT0042,20251031,MDPR,0,,,N,0600
US1TXAT0042,20251107,PRCP,0,,,N,0600
US1TXAT0042,20251108,PRCP,0,,,N,0600
US1TXAT0042,20251109,PRCP,0,,,N,0600
US1TXAT0042,20251110,PRCP,0,,,N,0600
US1TXAT0042,20251111,PRCP,0,,,N,0600
US1TXAT0042,20251113,PRCP,0,,,N,0600
US1TXAT0042,20251114,PRCP,0,,,N,0600
US1TXAT0042,20251115,PRCP,0,,,N,0600
US1TXAT0042,20251116,PRCP,0,,,N,0600
US1TXAT0042,20251117,PRCP,0,,,N,0600
US1TXAT0042,20251118,PRCP,0,,,N,0600
US1TXAT0042,20251119,PRCP,0,,,N,0600
US1TXAT0042,20251121,PRCP,0,,,N,0600
US1TXAT0042,20251125,PRCP,0,,,N,0600
US1TXAT0042,20251126,PRCP,0,,,N,0600
US1TXAT0042,20251127,PRCP,0,,,N,0600
US1TXAT0042,20251107,SNOW,0,,,N,0600
US1TXAT0042,20251108,SNOW,0,,,N,0600
US1TXAT0042,20251109,SNOW,0,,,N,0600
US1TXAT0042,20251110,SNOW,0,,,N,0600
US1TXAT0042,20251111,SNOW,0,,,N,0600
US1TXAT0042,20251113,SNOW,0,,,N,0600
US1TXAT0042,20251114,SNOW,0,,,N,0600
US1TXAT0042,20251115,SNOW,0,,,N,0600
US1TXAT0042,20251116,SNOW,0,,,N,0600
US1TXAT0042,20251117,SNOW,0,,,N,0600
US1TXAT0042,20251118,SNOW,0,,,N,0600
US1TXAT0042,20251119,SNOW,0,,,N,0600
US1TXAT0042,20251121,SNOW,0,,,N,0600
US1TXAT0042,20251125,SNOW,0,,,N,0600
US1TXAT0042,20251126,SNOW,0,,,N,0600
US1TXAT0042,20251127,SNOW,0,,,N,0600
US1TXAT0042,20251106,DAPR,2,,,N,0600
US1TXAT0042,20251106,MDPR,0,,,N,0600
US1TXAT0042,20251202,PRCP,0,,,N,0600
US1TXAT0042,20251202,SNOW,0,,,N,0600
US1TXAT0042,20260405,PRCP,84,,,N,0600
