ID,DATE,ELEMENT,DATA_VALUE,M_FLAG,Q_FLAG,S_FLAG,OBS_TIME
US1TXAT0046,20180328,PRCP,371,,,N,0700
US1TXAT0046,20180329,PRCP,312,,,N,0600
US1TXAT0046,20180414,PRCP,130,,,N,0700
US1TXAT0046,20180422,PRCP,28,,,N,0600
US1TXAT0046,20180505,PRCP,450,,,N,0700
US1TXAT0046,20180520,PRCP,10,,,N,0820
US1TXAT0046,20180521,PRCP,264,,,N,0630
US1TXAT0046,20180620,PRCP,94,,,N,0700
US1TXAT0046,20180705,PRCP,132,,,N,0600
US1TXAT0046,20180707,PRCP,356,,,N,0430
US1TXAT0046,20180725,PRCP,51,,,N,0700
US1TXAT0046,20180718,DAPR,2,,,N,0700
US1TXAT0046,20180718,MDPR,122,,,N,0700
US1TXAT0046,20180801,PRCP,208,,,N,0600
US1TXAT0046,20180806,PRCP,25,,,N,0600
US1TXAT0046,20180904,PRCP,287,,,N,0700
US1TXAT0046,20180905,PRCP,3,,,N,0545
US1TXAT0046,20180907,PRCP,312,,,N,0615
US1TXAT0046,20180909,PRCP,447,,,N,0900
US1TXAT0046,20180910,PRCP,99,,,N,0530
US1TXAT0046,20180911,PRCP,211,,,N,0600
US1TXAT0046,20180930,PRCP,13,,,N,0700
US1TXAT0046,20180922,DAPR,9,,,N,0900
US1TXAT0046,20180922,MDPR,643,,,N,0900
US1TXAT0046,20181002,PRCP,23,,,N,0645
US1TXAT0046,20181009,PRCP,224,,,N,0645
US1TXAT0046,20181010,PRCP,38,,,N,0630
US1TXAT0046,20181015,PRCP,386,,,N,0730
US1TXAT0046,20181016,PRCP,61,,,N,0630
US1TXAT0046,20181019,PRCP,66,,,N,0630
US1TXAT0046,20181023,PRCP,168,,,N,0700
US1TXAT0046,20181024,PRCP,13,,,N,0630
US1TXAT0046,20181025,PRCP,122,,,N,0640
US1TXAT0046,20181109,PRCP,335,,,N,0700
US1TXAT0046,20181112,PRCP,36,,,N,0630
US1TXAT0046,20181111,DAPR,2,,,N,1300
US1TXAT0046,20181111,MDPR,33,,,N,1300
US1TXAT0046,20181207,PRCP,38,,,N,0600
US1TXAT0046,20181208,PRCP,394,,,N,0700
US1TXAT0046,20181226,PRCP,53,,,N,0700
US1TXAT0046,20181227,PRCP,56,,,N,0530
US1TXAT0046,20181231,DAPR,3,,,N,0700
US1TXAT0046,20181231,MDPR,30,,,N,0700
US1TXAT0046,20190103,PRCP,112,,,N,0700
US1TXAT0046,20190112,PRCP,112,,,N,0600
US1TXAT0046,20190116,PRCP,15,,,N,0600
US1TXAT0046,20190127,PRCP,91,,,N,0700
US1TXAT0046,20190201,PRCP,33,,,N,0545
US1TXAT0046,20190210,PRCP,46,,,N,0700
US1TXAT0046,20190220,PRCP,20,,,N,0700
US1TXAT0046,20190407,PRCP,297,,,N,0730
US1TXAT0046,20190408,PRCP,94,,,N,0700
US1TXAT0046,20190414,PRCP,25,,,N,0700
US1TXAT0046,20190418,PRCP,307,,,N,0600
US1TXAT0046,20190425,PRCP,231,,,N,0700
US1TXAT0046,20190503,PRCP,152,,,N,0700
US1TXAT0046,20190504,PRCP,224,,,N,0700
US1TXAT0046,20190507,PRCP,69,,,N,0600
US1TXAT0046,20190508,PRCP,3,,,N,0600
US1TXAT0046,20190509,PRCP,28,,,N,0600
US1TXAT0046,20190510,PRCP,89,,,N,0630
US1TXAT0046,20190531,PRCP,584,,,N,0600
US1TXAT0046,20190612,PRCP,43,,,N,0700
US1TXAT0046,20190617,PRCP,23,,,N,0630
US1TXAT0046,20190618,PRCP,251,,,N,0600
US1TXAT0046,20190622,PRCP,234,,,N,0700
US1TXAT0046,20190628,PRCP,241,,,N,0600
US1TXAT0046,20190630,PRCP,513,,,N,0700
US1TXAT0046,20190606,DAPR,6,,,N,0630
US1TXAT0046,20190606,MDPR,122,,,N,0630
US1TXAT0046,20190715,PRCP,160,,,N,0700
US1TXAT0046,20190825,PRCP,51,,,N,0700
US1TXAT0046,20190901,PRCP,20,,,N,0700
US1TXAT0046,20191016,PRCP,371,,,N,0615
US1TXAT0046,20191021,PRCP,51,,,N,0600
US1TXAT0046,20191025,PRCP,376,,,N,0645
US1TXAT0046,20191029,PRCP,79,,,N,0630
US1TXAT0046,20191030,PRCP,71,,,N,0600
US1TXAT0046,20191108,PRCP,58,,,N,0700
US1TXAT0046,20191109,PRCP,20,,,N,0700
US1TXAT0046,20191112,PRCP,5,,,N,0630
US1TXAT0046,20191114,PRCP,20,,,N,0700
US1TXAT0046,20191122,PRCP,5,,,N,0645
US1TXAT0046,20191123,PRCP,15,,,N,0700
US1TXAT0046,20191201,PRCP,0,,,N,0700
US1TXAT0046,20191202,PRCP,0,,,N,0700
US1TXAT0046,20191203,PRCP,0,,,N,0700
US1TXAT0046,20191204,PRCP,0,,,N,0700
US1TXAT0046,20191205,PRCP,0,,,N,0700
US1TXAT0046,20191206,PRCP,0,,,N,0700
US1TXAT0046,20191207,PRCP,0,,,N,0700
US1TXAT0046,20191208,PRCP,0,,,N,0700
US1TXAT0046,20191209,PRCP,0,,,N,0700
US1TXAT0046,20191210,PRCP,43,,,N,0700
US1TXAT0046,20191211,PRCP,0,,,N,0700
US1TXAT0046,20191212,PRCP,0,,,N,0700
US1TXAT0046,20191213,PRCP,0,,,N,0700
US1TXAT0046,20191214,PRCP,0,,,N,0700
US1TXAT0046,20191215,PRCP,0,,,N,0700
US1TXAT0046,20191216,PRCP,0,,,N,0700
US1TXAT0046,20191217,PRCP,0,,,N,0700
US1TXAT0046,20191218,PRCP,0,,,N,0700
US1TXAT0046,20191219,PRCP,0,,,N,0700
US1TXAT0046,20191220,PRCP,13,,,N,0700
US1TXAT0046,20191228,PRCP,5,,,N,0800
US1TXAT0046,20191201,SNOW,0,,,N,0700
US1TXAT0046,20191202,SNOW,0,,,N,0700
US1TXAT0046,20191203,SNOW,0,,,N,0700
US1TXAT0046,20191204,SNOW,0,,,N,0700
US1TXAT0046,20191205,SNOW,0,,,N,0700
US1TXAT0046,20191206,SNOW,0,,,N,0700
US1TXAT0046,20191207,SNOW,0,,,N,0700
US1TXAT0046,20191208,SNOW,0,,,N,0700
US1TXAT0046,20191209,SNOW,0,,,N,0700
US1TXAT0046,20191211,SNOW,0,,,N,0700
US1TXAT0046,20191212,SNOW,0,,,N,0700
US1TXAT0046,20191213,SNOW,0,,,N,0700
US1TXAT0046,20191214,SNOW,0,,,N,0700
US1TXAT0046,20191215,SNOW,0,,,N,0700
US1TXAT0046,20191216,SNOW,0,,,N,0700
US1TXAT0046,20191217,SNOW,0,,,N,0700
US1TXAT0046,20191218,SNOW,0,,,N,0700
US1TXAT0046,20191219,SNOW,0,,,N,0700
US1TXAT0046,20191227,DAPR,7,,,N,0700
US1TXAT0046,20191227,MDPR,20,,,N,0700
US1TXAT0046,20200114,PRCP,18,,,N,0700
US1TXAT0046,20200117,PRCP,5,,,N,0700
US1TXAT0046,20200122,PRCP,104,,,N,0600
US1TXAT0046,20200123,PRCP,53,,,N,0700
US1TXAT0046,20200112,DAPR,3,,,N,0700
US1TXAT0046,20200119,DAPR,2,,,N,0700
US1TXAT0046,20200112,MDPR,13,,,N,0700
US1TXAT0046,20200119,MDPR,13,,,N,0700
US1TXAT0046,20200212,PRCP,109,,,N,0645
US1TXAT0046,20200219,PRCP,8,,,N,0700
US1TXAT0046,20200220,PRCP,8,,,N,0700
US1TXAT0046,20200301,PRCP,0,,,N,0700
US1TXAT0046,20200302,PRCP,0,,,N,0700
US1TXAT0046,20200303,PRCP,0,,,N,0700
US1TXAT0046,20200304,PRCP,36,,,N,0645
US1TXAT0046,20200305,PRCP,0,,,N,0700
US1TXAT0046,20200306,PRCP,0,,,N,0700
US1TXAT0046,20200307,PRCP,0,,,N,0700
US1TXAT0046,20200308,PRCP,0,,,N,0700
US1TXAT0046,20200309,PRCP,8,,,N,0700
US1TXAT0046,20200310,PRCP,0,,,N,0700
US1TXAT0046,20200311,PRCP,0,,,N,0700
US1TXAT0046,20200312,PRCP,0,,,N,0700
US1TXAT0046,20200313,PRCP,0,,,N,0700
US1TXAT0046,20200314,PRCP,0,,,N,0700
US1TXAT0046,20200315,PRCP,0,,,N,0700
US1TXAT0046,20200316,PRCP,8,,,N,0700
US1TXAT0046,20200318,PRCP,0,,,N,0700
US1TXAT0046,20200320,PRCP,173,,,N,0630
US1TXAT0046,20200321,PRCP,467,,,N,0700
US1TXAT0046,20200322,PRCP,221,,,N,0700
US1TXAT0046,20200323,PRCP,0,,,N,0700
US1TXAT0046,20200324,PRCP,0,,,N,0700
US1TXAT0046,20200326,PRCP,0,,,N,0700
US1TXAT0046,20200327,PRCP,0,,,N,0700
US1TXAT0046,20200328,PRCP,0,,,N,0700
US1TXAT0046,20200329,PRCP,0,,,N,0700
US1TXAT0046,20200330,PRCP,0,,,N,0700
US1TXAT0046,20200331,PRCP,13,,,N,0645
US1TXAT0046,20200301,SNOW,0,,,N,0700
US1TXAT0046,20200302,SNOW,0,,,N,0700
US1TXAT0046,20200303,SNOW,0,,,N,0700
US1TXAT0046,20200305,SNOW,0,,,N,0700
US1TXAT0046,20200306,SNOW,0,,,N,0700
US1TXAT0046,20200307,SNOW,0,,,N,0700
US1TXAT0046,20200308,SNOW,0,,,N,0700
US1TXAT0046,20200310,SNOW,0,,,N,0700
US1TXAT0046,20200311,SNOW,0,,,N,0700
US1TXAT0046,20200312,SNOW,0,,,N,0700
US1TXAT0046,20200313,SNOW,0,,,N,0700
US1TXAT0046,20200314,SNOW,0,,,N,0700
US1TXAT0046,20200315,SNOW,0,,,N,0700
US1TXAT0046,20200318,SNOW,0,,,N,0700
US1TXAT0046,20200323,SNOW,0,,,N,0700
US1TXAT0046,20200324,SNOW,0,,,N,0700
US1TXAT0046,20200326,SNOW,0,,,N,0700
US1TXAT0046,20200327,SNOW,0,,,N,0700
US1TXAT0046,20200328,SNOW,0,,,N,0700
US1TXAT0046,20200329,SNOW,0,,,N,0700
US1TXAT0046,20200330,SNOW,0,,,N,0700
US1TXAT0046,20200401,PRCP,0,,,N,0700
US1TXAT0046,20200402,PRCP,0,,,N,0700
US1TXAT0046,20200403,PRCP,28,,,N,0700
US1TXAT0046,20200404,PRCP,64,,,N,0700
US1TXAT0046,20200405,PRCP,279,,,N,0700
US1TXAT0046,20200406,PRCP,0,,,N,0700
US1TXAT0046,20200407,PRCP,0,,,N,0700
US1TXAT0046,20200408,PRCP,0,,,N,0700
US1TXAT0046,20200409,PRCP,0,,,N,0700
US1TXAT0046,20200410,PRCP,114,,,N,0700
US1TXAT0046,20200411,PRCP,0,,,N,0700
US1TXAT0046,20200412,PRCP,0,,,N,0700
US1TXAT0046,20200413,PRCP,0,,,N,0700
US1TXAT0046,20200414,PRCP,0,,,N,0700
US1TXAT0046,20200415,PRCP,0,,,N,0700
US1TXAT0046,20200416,PRCP,0,,,N,0700
US1TXAT0046,20200417,PRCP,0,,,N,0700
US1TXAT0046,20200418,PRCP,0,,,N,0700
US1TXAT0046,20200419,PRCP,0,,,N,0700
US1TXAT0046,20200420,PRCP,0,,,N,0700
US1TXAT0046,20200421,PRCP,0,,,N,0700
US1TXAT0046,20200422,PRCP,0,,,N,0700
US1TXAT0046,20200423,PRCP,0,,,N,0700
US1TXAT0046,20200424,PRCP,0,,,N,0700
US1TXAT0046,20200425,PRCP,0,,,N,0700
US1TXAT0046,20200426,PRCP,0,,,N,0700
US1TXAT0046,20200427,PRCP,0,,,N,0700
US1TXAT0046,20200428,PRCP,20,,,N,0630
US1TXAT0046,20200429,PRCP,0,,,N,0700
US1TXAT0046,20200430,PRCP,0,,,N,0700
US1TXAT0046,20200401,SNOW,0,,,N,0700
US1TXAT0046,20200402,SNOW,0,,,N,0700
US1TXAT0046,20200406,SNOW,0,,,N,0700
US1TXAT0046,20200407,SNOW,0,,,N,0700
US1TXAT0046,20200408,SNOW,0,,,N,0700
US1TXAT0046,20200409,SNOW,0,,,N,0700
US1TXAT0046,20200411,SNOW,0,,,N,0700
US1TXAT0046,20200412,SNOW,0,,,N,0700
US1TXAT0046,20200413,SNOW,0,,,N,0700
US1TXAT0046,20200414,SNOW,0,,,N,0700
US1TXAT0046,20200415,SNOW,0,,,N,0700
US1TXAT0046,20200416,SNOW,0,,,N,0700
US1TXAT0046,20200417,SNOW,0,,,N,0700
US1TXAT0046,20200418,SNOW,0,,,N,0700
US1TXAT0046,20200419,SNOW,0,,,N,0700
US1TXAT0046,20200420,SNOW,0,,,N,0700
US1TXAT0046,20200421,SNOW,0,,,N,0700
US1TXAT0046,20200422,SNOW,0,,,N,0700
US1TXAT0046,20200423,SNOW,0,,,N,0700
US1TXAT0046,20200424,SNOW,0,,,N,0700
US1TXAT0046,20200425,SNOW,0,,,N,0700
US1TXAT0046,20200426,SNOW,0,,,N,0700
US1TXAT0046,20200427,SNOW,0,,,N,0700
US1TXAT0046,20200429,SNOW,0,,,N,0700
US1TXAT0046,20200430,SNOW,0,,,N,0700
US1TXAT0046,20200501,PRCP,0,,,N,0700
US1TXAT0046,20200502,PRCP,0,,,N,0700
US1TXAT0046,20200503,PRCP,0,,,N,0700
US1TXAT0046,20200504,PRCP,0,,,N,0700
US1TXAT0046,20200505,PRCP,0,,,N,0700
US1TXAT0046,20200506,PRCP,0,,,N,0700
US1TXAT0046,20200507,PRCP,0,,,N,0700
US1TXAT0046,20200508,PRCP,0,,,N,0700
US1TXAT0046,20200509,PRCP,0,,,N,0700
US1TXAT0046,20200510,PRCP,0,,,N,0700
US1TXAT0046,20200511,PRCP,0,,,N,0700
US1TXAT0046,20200512,PRCP,30,,,N,0700
US1TXAT0046,20200513,PRCP,112,,,N,0630
US1TXAT0046,20200514,PRCP,0,,,N,0700
US1TXAT0046,20200515,PRCP,0,,,N,0700
US1TXAT0046,20200516,PRCP,419,,,N,0630
US1TXAT0046,20200517,PRCP,0,,,N,0700
US1TXAT0046,20200518,PRCP,0,,,N,0700
US1TXAT0046,20200519,PRCP,0,,,N,0700
US1TXAT0046,20200520,PRCP,0,,,N,0700
US1TXAT0046,20200521,PRCP,0,,,N,0700
US1TXAT0046,20200522,PRCP,0,,,N,0700
US1TXAT0046,20200523,PRCP,0,,,N,0700
US1TXAT0046,20200524,PRCP,0,,,N,0700
US1TXAT0046,20200525,PRCP,719,,,N,0700
US1TXAT0046,20200526,PRCP,142,,,N,0600
US1TXAT0046,20200527,PRCP,0,,,N,0700
US1TXAT0046,20200528,PRCP,0,,,N,0700
US1TXAT0046,20200529,PRCP,0,,,N,0700
US1TXAT0046,20200530,PRCP,0,,,N,0700
US1TXAT0046,20200531,PRCP,0,,,N,0700
US1TXAT0046,20200501,SNOW,0,,,N,0700
US1TXAT0046,20200502,SNOW,0,,,N,0700
US1TXAT0046,20200503,SNOW,0,,,N,0700
US1TXAT0046,20200504,SNOW,0,,,N,0700
US1TXAT0046,20200505,SNOW,0,,,N,0700
US1TXAT0046,20200506,SNOW,0,,,N,0700
US1TXAT0046,20200507,SNOW,0,,,N,0700
US1TXAT0046,20200508,SNOW,0,,,N,0700
US1TXAT0046,20200509,SNOW,0,,,N,0700
US1TXAT0046,20200510,SNOW,0,,,N,0700
US1TXAT0046,20200511,SNOW,0,,,N,0700
US1TXAT0046,20200514,SNOW,0,,,N,0700
US1TXAT0046,20200515,SNOW,0,,,N,0700
US1TXAT0046,20200517,SNOW,0,,,N,0700
US1TXAT0046,20200518,SNOW,0,,,N,0700
US1TXAT0046,20200519,SNOW,0,,,N,0700
US1TXAT0046,20200520,SNOW,0,,,N,0700
US1TXAT0046,20200521,SNOW,0,,,N,0700
US1TXAT0046,20200522,SNOW,0,,,N,0700
US1TXAT0046,20200523,SNOW,0,,,N,0700
US1TXAT0046,20200524,SNOW,0,,,N,0700
US1TXAT0046,20200527,SNOW,0,,,N,0700
US1TXAT0046,20200528,SNOW,0,,,N,0700
US1TXAT0046,20200529,SNOW,0,,,N,0700
US1TXAT0046,20200530,SNOW,0,,,N,0700
US1TXAT0046,20200531,SNOW,0,,,N,0700
US1TXAT0046,20200601,PRCP,69,,,N,0700
US1TXAT0046,20200602,PRCP,0,,,N,0700
US1TXAT0046,20200603,PRCP,147,,,N,0630
US1TXAT0046,20200604,PRCP,0,,,N,0700
US1TXAT0046,20200605,PRCP,0,,,N,0700
US1TXAT0046,20200606,PRCP,0,,,N,0700
US1TXAT0046,20200607,PRCP,0,,,N,0700
US1TXAT0046,20200608,PRCP,0,,,N,0700
US1TXAT0046,20200609,PRCP,0,,,N,0700
US1TXAT0046,20200610,PRCP,0,,,N,0700
US1TXAT0046,20200611,PRCP,0,,,N,0700
US1TXAT0046,20200612,PRCP,0,,,N,0700
US1TXAT0046,20200613,PRCP,0,,,N,0700
US1TXAT0046,20200614,PRCP,0,,,N,0700
US1TXAT0046,20200615,PRCP,0,,,N,0700
US1TXAT0046,20200616,PRCP,0,,,N,0700
US1TXAT0046,20200617,PRCP,0,,,N,0700
US1TXAT0046,20200618,PRCP,0,,,N,0700
US1TXAT0046,20200619,PRCP,0,,,N,0700
US1TXAT0046,20200620,PRCP,0,,,N,0700
US1TXAT0046,20200621,PRCP,0,,,N,0700
US1TXAT0046,20200622,PRCP,0,,,N,0700
US1TXAT0046,20200623,PRCP,0,,,N,0700
US1TXAT0046,20200624,PRCP,51,,,N,0700
US1TXAT0046,20200625,PRCP,0,,,N,0700
US1TXAT0046,20200626,PRCP,0,,,N,0700
US1TXAT0046,20200627,PRCP,0,,,N,0700
US1TXAT0046,20200628,PRCP,0,,,N,0700
US1TXAT0046,20200629,PRCP,0,,,N,0700
US1TXAT0046,20200630,PRCP,0,,,N,0700
US1TXAT0046,20200602,SNOW,0,,,N,0700
US1TXAT0046,20200604,SNOW,0,,,N,0700
US1TXAT0046,20200605,SNOW,0,,,N,0700
US1TXAT0046,20200606,SNOW,0,,,N,0700
US1TXAT0046,20200607,SNOW,0,,,N,0700
US1TXAT0046,20200608,SNOW,0,,,N,0700
US1TXAT0046,20200609,SNOW,0,,,N,0700
US1TXAT0046,20200610,SNOW,0,,,N,0700
US1TXAT0046,20200611,SNOW,0,,,N,0700
US1TXAT0046,20200612,SNOW,0,,,N,0700
US1TXAT0046,20200613,SNOW,0,,,N,0700
US1TXAT0046,20200614,SNOW,0,,,N,0700
US1TXAT0046,20200615,SNOW,0,,,N,0700
US1TXAT0046,20200616,SNOW,0,,,N,0700
US1TXAT0046,20200617,SNOW,0,,,N,0700
US1TXAT0046,20200618,SNOW,0,,,N,0700
US1TXAT0046,20200619,SNOW,0,,,N,0700
US1TXAT0046,20200620,SNOW,0,,,N,0700
US1TXAT0046,20200621,SNOW,0,,,N,0700
US1TXAT0046,20200622,SNOW,0,,,N,0700
US1TXAT0046,20200623,SNOW,0,,,N,0700
US1TXAT0046,20200625,SNOW,0,,,N,0700
US1TXAT0046,20200626,SNOW,0,,,N,0700
US1TXAT0046,20200627,SNOW,0,,,N,0700
US1TXAT0046,20200628,SNOW,0,,,N,0700
US1TXAT0046,20200629,SNOW,0,,,N,0700
US1TXAT0046,20200630,SNOW,0,,,N,0700
US1TXAT0046,20200701,PRCP,0,,,N,0700
US1TXAT0046,20200702,PRCP,0,,,N,0700
US1TXAT0046,20200703,PRCP,0,,,N,0700
US1TXAT0046,20200704,PRCP,0,,,N,0700
US1TXAT0046,20200705,PRCP,0,,,N,0700
US1TXAT0046,20200706,PRCP,0,,,N,0700
US1TXAT0046,20200707,PRCP,0,,,N,0700
US1TXAT0046,20200708,PRCP,0,,,N,0700
US1TXAT0046,20200709,PRCP,0,,,N,0700
US1TXAT0046,20200710,PRCP,0,,,N,0700
US1TXAT0046,20200711,PRCP,0,,,N,0700
US1TXAT0046,20200712,PRCP,0,,,N,0700
US1TXAT0046,20200713,PRCP,0,,,N,0700
US1TXAT0046,20200714,PRCP,0,,,N,0700
US1TXAT0046,20200715,PRCP,0,,,N,0700
US1TXAT0046,20200716,PRCP,0,,,N,0700
US1TXAT0046,20200717,PRCP,0,,,N,0700
US1TXAT0046,20200718,PRCP,0,,,N,0700
US1TXAT0046,20200719,PRCP,0,,,N,0700
US1TXAT0046,20200720,PRCP,0,,,N,0700
US1TXAT0046,20200721,PRCP,0,,,N,0700
US1TXAT0046,20200722,PRCP,0,,,N,0700
US1TXAT0046,20200723,PRCP,0,,,N,0700
US1TXAT0046,20200724,PRCP,0,,,N,0700
US1TXAT0046,20200725,PRCP,0,,,N,0700
US1TXAT0046,20200726,PRCP,267,,,N,0700
US1TXAT0046,20200727,PRCP,46,,,N,0700
US1TXAT0046,20200728,PRCP,0,,,N,0700
US1TXAT0046,20200729,PRCP,0,,,N,0700
US1TXAT0046,20200730,PRCP,10,,,N,0630
US1TXAT0046,20200731,PRCP,0,,,N,0700
US1TXAT0046,20200701,SNOW,0,,,N,0700
US1TXAT0046,20200702,SNOW,0,,,N,0700
US1TXAT0046,20200703,SNOW,0,,,N,0700
US1TXAT0046,20200704,SNOW,0,,,N,0700
US1TXAT0046,20200705,SNOW,0,,,N,0700
US1TXAT0046,20200706,SNOW,0,,,N,0700
US1TXAT0046,20200707,SNOW,0,,,N,0700
US1TXAT0046,20200708,SNOW,0,,,N,0700
US1TXAT0046,20200709,SNOW,0,,,N,0700
US1TXAT0046,20200710,SNOW,0,,,N,0700
US1TXAT0046,20200711,SNOW,0,,,N,0700
US1TXAT0046,20200712,SNOW,0,,,N,0700
US1TXAT0046,20200713,SNOW,0,,,N,0700
US1TXAT0046,20200714,SNOW,0,,,N,0700
US1TXAT0046,20200715,SNOW,0,,,N,0700
US1TXAT0046,20200716,SNOW,0,,,N,0700
US1TXAT0046,20200717,SNOW,0,,,N,0700
US1TXAT0046,20200718,SNOW,0,,,N,0700
US1TXAT0046,20200719,SNOW,0,,,N,0700
US1TXAT0046,20200720,SNOW,0,,,N,0700
US1TXAT0046,20200721,SNOW,0,,,N,0700
US1TXAT0046,20200722,SNOW,0,,,N,0700
US1TXAT0046,20200723,SNOW,0,,,N,0700
US1TXAT0046,20200724,SNOW,0,,,N,0700
US1TXAT0046,20200725,SNOW,0,,,N,0700
US1TXAT0046,20200728,SNOW,0,,,N,0700
US1TXAT0046,20200729,SNOW,0,,,N,0700
US1TXAT0046,20200731,SNOW,0,,,N,0700
US1TXAT0046,20200801,PRCP,25,,,N,0730
US1TXAT0046,20200802,PRCP,0,,,N,0700
US1TXAT0046,20200803,PRCP,0,,,N,0700
US1TXAT0046,20200804,PRCP,84,,,N,0700
US1TXAT0046,20200805,PRCP,0,,,N,0700
US1TXAT0046,20200806,PRCP,0,,,N,0700
US1TXAT0046,20200807,PRCP,0,,,N,0700
US1TXAT0046,20200808,PRCP,0,,,N,0700
US1TXAT0046,20200809,PRCP,0,,,N,0700
US1TXAT0046,20200810,PRCP,0,,,N,0700
US1TXAT0046,20200811,PRCP,0,,,N,0700
US1TXAT0046,20200812,PRCP,0,,,N,0700
US1TXAT0046,20200813,PRCP,0,,,N,0700
US1TXAT0046,20200814,PRCP,0,,,N,0700
US1TXAT0046,20200815,PRCP,0,,,N,0700
US1TXAT0046,20200816,PRCP,0,,,N,0700
US1TXAT0046,20200817,PRCP,0,,,N,0700
US1TXAT0046,20200818,PRCP,170,,,N,0700
US1TXAT0046,20200819,PRCP,0,,,N,0700
US1TXAT0046,20200820,PRCP,0,,,N,0700
US1TXAT0046,20200821,PRCP,0,,,N,0700
US1TXAT0046,20200822,PRCP,0,,,N,0700
US1TXAT0046,20200823,PRCP,25,,,N,0700
US1TXAT0046,20200824,PRCP,0,,,N,0700
US1TXAT0046,20200825,PRCP,0,,,N,0700
US1TXAT0046,20200826,PRCP,0,,,N,0700
US1TXAT0046,20200827,PRCP,0,,,N,0700
US1TXAT0046,20200828,PRCP,0,,,N,0700
US1TXAT0046,20200829,PRCP,0,,,N,0700
US1TXAT0046,20200830,PRCP,0,,,N,0700
US1TXAT0046,20200831,PRCP,0,,,N,0700
US1TXAT0046,20200802,SNOW,0,,,N,0700
US1TXAT0046,20200803,SNOW,0,,,N,0700
US1TXAT0046,20200805,SNOW,0,,,N,0700
US1TXAT0046,20200806,SNOW,0,,,N,0700
US1TXAT0046,20200807,SNOW,0,,,N,0700
US1TXAT0046,20200808,SNOW,0,,,N,0700
US1TXAT0046,20200809,SNOW,0,,,N,0700
US1TXAT0046,20200810,SNOW,0,,,N,0700
US1TXAT0046,20200811,SNOW,0,,,N,0700
US1TXAT0046,20200812,SNOW,0,,,N,0700
US1TXAT0046,20200813,SNOW,0,,,N,0700
US1TXAT0046,20200814,SNOW,0,,,N,0700
US1TXAT0046,20200815,SNOW,0,,,N,0700
US1TXAT0046,20200816,SNOW,0,,,N,0700
US1TXAT0046,20200817,SNOW,0,,,N,0700
US1TXAT0046,20200819,SNOW,0,,,N,0700
US1TXAT0046,20200820,SNOW,0,,,N,0700
US1TXAT0046,20200821,SNOW,0,,,N,0700
US1TXAT0046,20200822,SNOW,0,,,N,0700
US1TXAT0046,20200824,SNOW,0,,,N,0700
US1TXAT0046,20200825,SNOW,0,,,N,0700
US1TXAT0046,20200826,SNOW,0,,,N,0700
US1TXAT0046,20200827,SNOW,0,,,N,0700
US1TXAT0046,20200828,SNOW,0,,,N,0700
US1TXAT0046,20200829,SNOW,0,,,N,0700
US1TXAT0046,20200830,SNOW,0,,,N,0700
US1TXAT0046,20200831,SNOW,0,,,N,0700
US1TXAT0046,20200901,PRCP,0,,,N,0700
US1TXAT0046,20200902,PRCP,0,,,N,0700
US1TXAT0046,20200903,PRCP,0,,,N,0700
US1TXAT0046,20200904,PRCP,0,,,N,0700
US1TXAT0046,20200905,PRCP,394,,,N,0700
US1TXAT0046,20200906,PRCP,0,,,N,0700
US1TXAT0046,20200907,PRCP,0,,,N,0700
US1TXAT0046,20200908,PRCP,0,,,N,0700
US1TXAT0046,20200909,PRCP,64,,,N,0700
US1TXAT0046,20200910,PRCP,1359,,,N,0630
US1TXAT0046,20200911,PRCP,25,,,N,0700
US1TXAT0046,20200921,PRCP,0,,,N,0700
US1TXAT0046,20200922,PRCP,173,,,N,0700
US1TXAT0046,20200923,PRCP,0,,,N,0700
US1TXAT0046,20200924,PRCP,0,,,N,0700
US1TXAT0046,20200925,PRCP,0,,,N,0700
US1TXAT0046,20200926,PRCP,0,,,N,0700
US1TXAT0046,20200927,PRCP,0,,,N,0700
US1TXAT0046,20200928,PRCP,0,,,N,0700
US1TXAT0046,20200929,PRCP,0,,,N,0700
US1TXAT0046,20200930,PRCP,0,,,N,0700
US1TXAT0046,20200901,SNOW,0,,,N,0700
US1TXAT0046,20200902,SNOW,0,,,N,0700
US1TXAT0046,20200903,SNOW,0,,,N,0700
US1TXAT0046,20200904,SNOW,0,,,N,0700
US1TXAT0046,20200906,SNOW,0,,,N,0700
US1TXAT0046,20200907,SNOW,0,,,N,0700
US1TXAT0046,20200908,SNOW,0,,,N,0700
US1TXAT0046,20200921,SNOW,0,,,N,0700
US1TXAT0046,20200923,SNOW,0,,,N,0700
US1TXAT0046,20200924,SNOW,0,,,N,0700
US1TXAT0046,20200925,SNOW,0,,,N,0700
US1TXAT0046,20200926,SNOW,0,,,N,0700
US1TXAT0046,20200927,SNOW,0,,,N,0700
US1TXAT0046,20200928,SNOW,0,,,N,0700
US1TXAT0046,20200929,SNOW,0,,,N,0700
US1TXAT0046,20200930,SNOW,0,,,N,0700
US1TXAT0046,20200920,DAPR,9,,,N,0700
US1TXAT0046,20200920,MDPR,51,,,N,0700
US1TXAT0046,20201001,PRCP,0,,,N,0700
US1TXAT0046,20201002,PRCP,0,,,N,0700
US1TXAT0046,20201003,PRCP,0,,,N,0700
US1TXAT0046,20201004,PRCP,0,,,N,0700
US1TXAT0046,20201005,PRCP,0,,,N,0700
US1TXAT0046,20201006,PRCP,0,,,N,0700
US1TXAT0046,20201007,PRCP,0,,,N,0700
US1TXAT0046,20201008,PRCP,0,,,N,0700
US1TXAT0046,20201009,PRCP,0,,,N,0700
US1TXAT0046,20201010,PRCP,0,,,N,0700
US1TXAT0046,20201011,PRCP,0,,,N,0700
US1TXAT0046,20201012,PRCP,0,,,N,0700
US1TXAT0046,20201013,PRCP,0,,,N,0700
US1TXAT0046,20201014,PRCP,0,,,N,0700
US1TXAT0046,20201015,PRCP,0,,,N,0700
US1TXAT0046,20201016,PRCP,0,,,N,0700
US1TXAT0046,20201017,PRCP,0,,,N,0700
US1TXAT0046,20201018,PRCP,0,,,N,0700
US1TXAT0046,20201019,PRCP,0,,,N,0700
US1TXAT0046,20201020,PRCP,0,,,N,0700
US1TXAT0046,20201021,PRCP,0,,,N,0700
US1TXAT0046,20201022,PRCP,0,,,N,0700
US1TXAT0046,20201023,PRCP,0,,,N,0700
US1TXAT0046,20201024,PRCP,0,,,N,0700
US1TXAT0046,20201025,PRCP,0,,,N,0700
US1TXAT0046,20201026,PRCP,0,,,N,0700
US1TXAT0046,20201027,PRCP,8,,,N,0700
US1TXAT0046,20201028,PRCP,13,,,N,0630
US1TXAT0046,20201029,PRCP,0,,,N,0700
US1TXAT0046,20201030,PRCP,0,,,N,0700
US1TXAT0046,20201031,PRCP,0,,,N,0700
US1TXAT0046,20201001,SNOW,0,,,N,0700
US1TXAT0046,20201002,SNOW,0,,,N,0700
US1TXAT0046,20201003,SNOW,0,,,N,0700
US1TXAT0046,20201004,SNOW,0,,,N,0700
US1TXAT0046,20201005,SNOW,0,,,N,0700
US1TXAT0046,20201006,SNOW,0,,,N,0700
US1TXAT0046,20201007,SNOW,0,,,N,0700
US1TXAT0046,20201008,SNOW,0,,,N,0700
US1TXAT0046,20201009,SNOW,0,,,N,0700
US1TXAT0046,20201010,SNOW,0,,,N,0700
US1TXAT0046,20201011,SNOW,0,,,N,0700
US1TXAT0046,20201012,SNOW,0,,,N,0700
US1TXAT0046,20201013,SNOW,0,,,N,0700
US1TXAT0046,20201014,SNOW,0,,,N,0700
US1TXAT0046,20201015,SNOW,0,,,N,0700
US1TXAT0046,20201016,SNOW,0,,,N,0700
US1TXAT0046,20201017,SNOW,0,,,N,0700
US1TXAT0046,20201018,SNOW,0,,,N,0700
US1TXAT0046,20201019,SNOW,0,,,N,0700
US1TXAT0046,20201020,SNOW,0,,,N,0700
US1TXAT0046,20201021,SNOW,0,,,N,0700
US1TXAT0046,20201022,SNOW,0,,,N,0700
US1TXAT0046,20201023,SNOW,0,,,N,0700
US1TXAT0046,20201024,SNOW,0,,,N,0700
US1TXAT0046,20201025,SNOW,0,,,N,0700
US1TXAT0046,20201026,SNOW,0,,,N,0700
US1TXAT0046,20201029,SNOW,0,,,N,0700
US1TXAT0046,20201030,SNOW,0,,,N,0700
US1TXAT0046,20201031,SNOW,0,,,N,0700
US1TXAT0046,20201101,PRCP,0,,,N,0700
US1TXAT0046,20201102,PRCP,0,,,N,0700
US1TXAT0046,20201103,PRCP,0,,,N,0700
US1TXAT0046,20201104,PRCP,0,,,N,0700
US1TXAT0046,20201105,PRCP,0,,,N,0700
US1TXAT0046,20201106,PRCP,0,,,N,0700
US1TXAT0046,20201107,PRCP,0,,,N,0700
US1TXAT0046,20201108,PRCP,0,,,N,0700
US1TXAT0046,20201109,PRCP,0,,,N,0700
US1TXAT0046,20201110,PRCP,0,,,N,0700
US1TXAT0046,20201111,PRCP,0,,,N,0700
US1TXAT0046,20201112,PRCP,0,,,N,0700
US1TXAT0046,20201113,PRCP,0,,,N,0700
US1TXAT0046,20201114,PRCP,0,,,N,0700
US1TXAT0046,20201115,PRCP,0,,,N,0700
US1TXAT0046,20201116,PRCP,0,,,N,0700
US1TXAT0046,20201117,PRCP,0,,,N,0700
US1TXAT0046,20201118,PRCP,0,,,N,0700
US1TXAT0046,20201119,PRCP,0,,,N,0700
US1TXAT0046,20201120,PRCP,0,,,N,0700
US1TXAT0046,20201121,PRCP,0,,,N,0700
US1TXAT0046,20201122,PRCP,0,,,N,0700
US1TXAT0046,20201123,PRCP,0,,,N,0700
US1TXAT0046,20201124,PRCP,0,,,N,0700
US1TXAT0046,20201125,PRCP,0,,,N,0700
US1TXAT0046,20201126,PRCP,0,,,N,0700
US1TXAT0046,20201127,PRCP,0,,,N,0700
US1TXAT0046,20201128,PRCP,213,,,N,0700
US1TXAT0046,20201129,PRCP,439,,,N,0700
US1TXAT0046,20201130,PRCP,0,,,N,0700
US1TXAT0046,20201101,SNOW,0,,,N,0700
US1TXAT0046,20201102,SNOW,0,,,N,0700
US1TXAT0046,20201103,SNOW,0,,,N,0700
US1TXAT0046,20201104,SNOW,0,,,N,0700
US1TXAT0046,20201105,SNOW,0,,,N,0700
US1TXAT0046,20201106,SNOW,0,,,N,0700
US1TXAT0046,20201107,SNOW,0,,,N,0700
US1TXAT0046,20201108,SNOW,0,,,N,0700
US1TXAT0046,20201109,SNOW,0,,,N,0700
US1TXAT0046,20201110,SNOW,0,,,N,0700
US1TXAT0046,20201111,SNOW,0,,,N,0700
US1TXAT0046,20201112,SNOW,0,,,N,0700
US1TXAT0046,20201113,SNOW,0,,,N,0700
US1TXAT0046,20201114,SNOW,0,,,N,0700
US1TXAT0046,20201115,SNOW,0,,,N,0700
US1TXAT0046,20201116,SNOW,0,,,N,0700
US1TXAT0046,20201117,SNOW,0,,,N,0700
US1TXAT0046,20201118,SNOW,0,,,N,0700
US1TXAT0046,20201119,SNOW,0,,,N,0700
US1TXAT0046,20201120,SNOW,0,,,N,0700
US1TXAT0046,20201121,SNOW,0,,,N,0700
US1TXAT0046,20201122,SNOW,0,,,N,0700
US1TXAT0046,20201123,SNOW,0,,,N,0700
US1TXAT0046,20201124,SNOW,0,,,N,0700
US1TXAT0046,20201125,SNOW,0,,,N,0700
US1TXAT0046,20201126,SNOW,0,,,N,0700
US1TXAT0046,20201127,SNOW,0,,,N,0700
US1TXAT0046,20201130,SNOW,0,,,N,0700
US1TXAT0046,20201201,PRCP,0,,,N,0700
US1TXAT0046,20201202,PRCP,0,,,N,0700
US1TXAT0046,20201203,PRCP,0,,,N,0700
US1TXAT0046,20201204,PRCP,0,,,N,0700
US1TXAT0046,20201205,PRCP,36,,,N,0645
US1TXAT0046,20201206,PRCP,15,,,N,0700
US1TXAT0046,20201207,PRCP,0,,,N,0700
US1TXAT0046,20201208,PRCP,0,,,N,0700
US1TXAT0046,20201209,PRCP,0,,,N,0700
US1TXAT0046,20201210,PRCP,0,,,N,0700
US1TXAT0046,20201211,PRCP,0,,,N,0700
US1TXAT0046,20201212,PRCP,0,,,N,0700
US1TXAT0046,20201213,PRCP,0,,,N,0700
US1TXAT0046,20201214,PRCP,0,,,N,0700
US1TXAT0046,20201215,PRCP,0,,,N,0700
US1TXAT0046,20201216,PRCP,0,,,N,0700
US1TXAT0046,20201217,PRCP,0,,,N,0700
US1TXAT0046,20201218,PRCP,0,,,N,0700
US1TXAT0046,20201219,PRCP,0,,,N,0700
US1TXAT0046,20201220,PRCP,0,,,N,0700
US1TXAT0046,20201221,PRCP,0,,,N,0700
US1TXAT0046,20201222,PRCP,0,,,N,0700
US1TXAT0046,20201223,PRCP,0,,,N,0700
US1TXAT0046,20201224,PRCP,0,,,N,0700
US1TXAT0046,20201225,PRCP,0,,,N,0700
US1TXAT0046,20201226,PRCP,0,,,N,0700
US1TXAT0046,20201227,PRCP,0,,,N,0700
US1TXAT0046,20201228,PRCP,0,,,N,0700
US1TXAT0046,20201229,PRCP,0,,,N,0700
US1TXAT0046,20201230,PRCP,0,,,N,0700
US1TXAT0046,20201231,PRCP,160,,,N,0500
US1TXAT0046,20201201,SNOW,0,,,N,0700
US1TXAT0046,20201202,SNOW,0,,,N,0700
US1TXAT0046,20201203,SNOW,0,,,N,0700
US1TXAT0046,20201204,SNOW,0,,,N,0700
US1TXAT0046,20201207,SNOW,0,,,N,0700
US1TXAT0046,20201208,SNOW,0,,,N,0700
US1TXAT0046,20201209,SNOW,0,,,N,0700
US1TXAT0046,20201210,SNOW,0,,,N,0700
US1TXAT0046,20201211,SNOW,0,,,N,0700
US1TXAT0046,20201212,SNOW,0,,,N,0700
US1TXAT0046,20201213,SNOW,0,,,N,0700
US1TXAT0046,20201214,SNOW,0,,,N,0700
US1TXAT0046,20201215,SNOW,0,,,N,0700
US1TXAT0046,20201216,SNOW,0,,,N,0700
US1TXAT0046,20201217,SNOW,0,,,N,0700
US1TXAT0046,20201218,SNOW,0,,,N,0700
US1TXAT0046,20201219,SNOW,0,,,N,0700
US1TXAT0046,20201220,SNOW,0,,,N,0700
US1TXAT0046,20201221,SNOW,0,,,N,0700
US1TXAT0046,20201222,SNOW,0,,,N,0700
US1TXAT0046,20201223,SNOW,0,,,N,0700
US1TXAT0046,20201224,SNOW,0,,,N,0700
US1TXAT0046,20201225,SNOW,0,,,N,0700
US1TXAT0046,20201226,SNOW,0,,,N,0700
US1TXAT0046,20201227,SNOW,0,,,N,0700
US1TXAT0046,20201228,SNOW,0,,,N,0700
US1TXAT0046,20201229,SNOW,0,,,N,0700
US1TXAT0046,20201230,SNOW,0,,,N,0700
US1TXAT0046,20210101,PRCP,163,,,N,0630
US1TXAT0046,20210102,PRCP,0,,,N,0700
US1TXAT0046,20210103,PRCP,0,,,N,0700
US1TXAT0046,20210104,PRCP,0,,,N,0700
US1TXAT0046,20210105,PRCP,0,,,N,0700
US1TXAT0046,20210106,PRCP,0,,,N,0700
US1TXAT0046,20210107,PRCP,0,,,N,0700
US1TXAT0046,20210108,PRCP,0,,,N,0700
US1TXAT0046,20210109,PRCP,0,,,N,0700
US1TXAT0046,20210110,PRCP,71,,,N,0730
US1TXAT0046,20210111,PRCP,132,,,N,0700
US1TXAT0046,20210112,PRCP,0,,,N,0700
US1TXAT0046,20210113,PRCP,0,,,N,0700
US1TXAT0046,20210114,PRCP,0,,,N,0700
US1TXAT0046,20210115,PRCP,0,,,N,0700
US1TXAT0046,20210116,PRCP,0,,,N,0700
US1TXAT0046,20210117,PRCP,0,,,N,0700
US1TXAT0046,20210118,PRCP,0,,,N,0700
US1TXAT0046,20210119,PRCP,0,,,N,0700
US1TXAT0046,20210120,PRCP,0,,,N,0700
US1TXAT0046,20210121,PRCP,10,,,N,0700
US1TXAT0046,20210122,PRCP,15,,,N,0630
US1TXAT0046,20210123,PRCP,0,,,N,0700
US1TXAT0046,20210124,PRCP,0,,,N,0700
US1TXAT0046,20210125,PRCP,0,,,N,0700
US1TXAT0046,20210126,PRCP,0,,,N,0700
US1TXAT0046,20210127,PRCP,0,,,N,0700
US1TXAT0046,20210128,PRCP,0,,,N,0700
US1TXAT0046,20210129,PRCP,0,,,N,0700
US1TXAT0046,20210130,PRCP,0,,,N,0700
US1TXAT0046,20210131,PRCP,0,,,N,0700
US1TXAT0046,20210102,SNOW,0,,,N,0700
US1TXAT0046,20210103,SNOW,0,,,N,0700
US1TXAT0046,20210104,SNOW,0,,,N,0700
US1TXAT0046,20210105,SNOW,0,,,N,0700
US1TXAT0046,20210106,SNOW,0,,,N,0700
US1TXAT0046,20210107,SNOW,0,,,N,0700
US1TXAT0046,20210108,SNOW,0,,,N,0700
US1TXAT0046,20210109,SNOW,0,,,N,0700
US1TXAT0046,20210112,SNOW,0,,,N,0700
US1TXAT0046,20210113,SNOW,0,,,N,0700
US1TXAT0046,20210114,SNOW,0,,,N,0700
US1TXAT0046,20210115,SNOW,0,,,N,0700
US1TXAT0046,20210116,SNOW,0,,,N,0700
US1TXAT0046,20210117,SNOW,0,,,N,0700
US1TXAT0046,20210118,SNOW,0,,,N,0700
US1TXAT0046,20210119,SNOW,0,,,N,0700
US1TXAT0046,20210120,SNOW,0,,,N,0700
US1TXAT0046,20210123,SNOW,0,,,N,0700
US1TXAT0046,20210124,SNOW,0,,,N,0700
US1TXAT0046,20210125,SNOW,0,,,N,0700
US1TXAT0046,20210126,SNOW,0,,,N,0700
US1TXAT0046,20210127,SNOW,0,,,N,0700
US1TXAT0046,20210128,SNOW,0,,,N,0700
US1TXAT0046,20210129,SNOW,0,,,N,0700
US1TXAT0046,20210130,SNOW,0,,,N,0700
US1TXAT0046,20210131,SNOW,0,,,N,0700
US1TXAT0046,20210201,PRCP,0,,,N,0700
US1TXAT0046,20210202,PRCP,0,,,N,0700
US1TXAT0046,20210203,PRCP,0,,,N,0700
US1TXAT0046,20210204,PRCP,0,,,N,0700
US1TXAT0046,20210205,PRCP,0,,,N,0700
US1TXAT0046,20210206,PRCP,0,,,N,0700
US1TXAT0046,20210207,PRCP,0,,,N,0700
US1TXAT0046,20210208,PRCP,0,,,N,0700
US1TXAT0046,20210209,PRCP,0,,,N,0700
US1TXAT0046,20210210,PRCP,0,,,N,0700
US1TXAT0046,20210211,PRCP,0,,,N,0700
US1TXAT0046,20210212,PRCP,274,,,N,0700
US1TXAT0046,20210221,PRCP,0,,,N,0700
US1TXAT0046,20210222,PRCP,0,,,N,0700
US1TXAT0046,20210223,PRCP,0,,,N,0700
US1TXAT0046,20210224,PRCP,0,,,N,0700
US1TXAT0046,20210225,PRCP,0,,,N,0700
US1TXAT0046,20210226,PRCP,0,,,N,0700
US1TXAT0046,20210227,PRCP,0,,,N,0700
US1TXAT0046,20210228,PRCP,0,,,N,0700
US1TXAT0046,20210201,SNOW,0,,,N,0700
US1TXAT0046,20210202,SNOW,0,,,N,0700
US1TXAT0046,20210203,SNOW,0,,,N,0700
US1TXAT0046,20210204,SNOW,0,,,N,0700
US1TXAT0046,20210205,SNOW,0,,,N,0700
US1TXAT0046,20210206,SNOW,0,,,N,0700
US1TXAT0046,20210207,SNOW,0,,,N,0700
US1TXAT0046,20210208,SNOW,0,,,N,0700
US1TXAT0046,20210209,SNOW,0,,,N,0700
US1TXAT0046,20210210,SNOW,0,,,N,0700
US1TXAT0046,20210211,SNOW,0,,,N,0700
US1TXAT0046,20210221,SNOW,0,,,N,0700
US1TXAT0046,20210222,SNOW,0,,,N,0700
US1TXAT0046,20210223,SNOW,0,,,N,0700
US1TXAT0046,20210224,SNOW,0,,,N,0700
US1TXAT0046,20210225,SNOW,0,,,N,0700
US1TXAT0046,20210226,SNOW,0,,,N,0700
US1TXAT0046,20210227,SNOW,0,,,N,0700
US1TXAT0046,20210228,SNOW,0,,,N,0700
US1TXAT0046,20210220,DAPR,8,,,N,0700
US1TXAT0046,20210220,MDPR,64,,,N,0700
US1TXAT0046,20210301,PRCP,0,,,N,0700
US1TXAT0046,20210302,PRCP,0,,,N,0700
US1TXAT0046,20210303,PRCP,0,,,N,0700
US1TXAT0046,20210304,PRCP,0,,,N,0700
US1TXAT0046,20210305,PRCP,0,,,N,0700
US1TXAT0046,20210306,PRCP,0,,,N,0700
US1TXAT0046,20210307,PRCP,0,,,N,0700
US1TXAT0046,20210308,PRCP,0,,,N,0700
US1TXAT0046,20210309,PRCP,0,,,N,0700
US1TXAT0046,20210310,PRCP,0,,,N,0700
US1TXAT0046,20210311,PRCP,0,,,N,0700
US1TXAT0046,20210312,PRCP,0,,,N,0700
US1TXAT0046,20210313,PRCP,0,,,N,0700
US1TXAT0046,20210314,PRCP,36,,,N,0600
US1TXAT0046,20210315,PRCP,0,,,N,0700
US1TXAT0046,20210316,PRCP,0,,,N,0700
US1TXAT0046,20210317,PRCP,0,,,N,0700
US1TXAT0046,20210318,PRCP,0,,,N,0700
US1TXAT0046,20210319,PRCP,0,,,N,0700
US1TXAT0046,20210320,PRCP,0,,,N,0700
US1TXAT0046,20210321,PRCP,0,,,N,0700
US1TXAT0046,20210322,PRCP,0,,,N,0700
US1TXAT0046,20210323,PRCP,0,,,N,0700
US1TXAT0046,20210324,PRCP,0,,,N,0700
US1TXAT0046,20210325,PRCP,0,,,N,0700
US1TXAT0046,20210326,PRCP,0,,,N,0700
US1TXAT0046,20210327,PRCP,0,,,N,0700
US1TXAT0046,20210328,PRCP,43,,,N,0700
US1TXAT0046,20210329,PRCP,15,,,N,0700
US1TXAT0046,20210301,SNOW,0,,,N,0700
US1TXAT0046,20210302,SNOW,0,,,N,0700
US1TXAT0046,20210303,SNOW,0,,,N,0700
US1TXAT0046,20210304,SNOW,0,,,N,0700
US1TXAT0046,20210305,SNOW,0,,,N,0700
US1TXAT0046,20210306,SNOW,0,,,N,0700
US1TXAT0046,20210307,SNOW,0,,,N,0700
US1TXAT0046,20210308,SNOW,0,,,N,0700
US1TXAT0046,20210309,SNOW,0,,,N,0700
US1TXAT0046,20210310,SNOW,0,,,N,0700
US1TXAT0046,20210311,SNOW,0,,,N,0700
US1TXAT0046,20210312,SNOW,0,,,N,0700
US1TXAT0046,20210313,SNOW,0,,,N,0700
US1TXAT0046,20210315,SNOW,0,,,N,0700
US1TXAT0046,20210316,SNOW,0,,,N,0700
US1TXAT0046,20210317,SNOW,0,,,N,0700
US1TXAT0046,20210318,SNOW,0,,,N,0700
US1TXAT0046,20210319,SNOW,0,,,N,0700
US1TXAT0046,20210320,SNOW,0,,,N,0700
US1TXAT0046,20210321,SNOW,0,,,N,0700
US1TXAT0046,20210322,SNOW,0,,,N,0700
US1TXAT0046,20210323,SNOW,0,,,N,0700
US1TXAT0046,20210324,SNOW,0,,,N,0700
US1TXAT0046,20210325,SNOW,0,,,N,0700
US1TXAT0046,20210326,SNOW,0,,,N,0700
US1TXAT0046,20210327,SNOW,0,,,N,0700
US1TXAT0046,20210424,PRCP,36,,,N,0645
US1TXAT0046,20210425,PRCP,0,,,N,0700
US1TXAT0046,20210426,PRCP,0,,,N,0700
US1TXAT0046,20210427,PRCP,0,,,N,0700
US1TXAT0046,20210428,PRCP,0,,,N,0700
US1TXAT0046,20210429,PRCP,97,,,N,0615
US1TXAT0046,20210430,PRCP,8,,,N,0700
US1TXAT0046,20210425,SNOW,0,,,N,0700
US1TXAT0046,20210426,SNOW,0,,,N,0700
US1TXAT0046,20210427,SNOW,0,,,N,0700
US1TXAT0046,20210428,SNOW,0,,,N,0700
US1TXAT0046,20210423,DAPR,25,,,N,1500
US1TXAT0046,20210423,MDPR,25,,,N,1500
US1TXAT0046,20210501,PRCP,965,,,N,0700
US1TXAT0046,20210502,PRCP,401,,,N,0700
US1TXAT0046,20210503,PRCP,0,,,N,0700
US1TXAT0046,20210504,PRCP,0,,,N,0700
US1TXAT0046,20210505,PRCP,0,,,N,0700
US1TXAT0046,20210506,PRCP,0,,,N,0700
US1TXAT0046,20210507,PRCP,0,,,N,0700
US1TXAT0046,20210508,PRCP,0,,,N,0700
US1TXAT0046,20210509,PRCP,0,,,N,0700
US1TXAT0046,20210510,PRCP,0,,,N,0700
US1TXAT0046,20210511,PRCP,13,,,N,0700
US1TXAT0046,20210512,PRCP,97,,,N,0630
US1TXAT0046,20210513,PRCP,0,,,N,0700
US1TXAT0046,20210514,PRCP,0,,,N,0700
US1TXAT0046,20210515,PRCP,0,,,N,0700
US1TXAT0046,20210516,PRCP,198,,,N,0700
US1TXAT0046,20210517,PRCP,0,,,N,0700
US1TXAT0046,20210518,PRCP,0,,,N,0700
US1TXAT0046,20210519,PRCP,140,,,N,0630
US1TXAT0046,20210520,PRCP,36,,,N,0700
US1TXAT0046,20210525,PRCP,23,,,N,0700
US1TXAT0046,20210526,PRCP,0,,,N,0700
US1TXAT0046,20210527,PRCP,0,,,N,0700
US1TXAT0046,20210528,PRCP,0,,,N,0700
US1TXAT0046,20210529,PRCP,178,,,N,0700
US1TXAT0046,20210530,PRCP,84,,,N,0700
US1TXAT0046,20210531,PRCP,13,,,N,0700
US1TXAT0046,20210503,SNOW,0,,,N,0700
US1TXAT0046,20210504,SNOW,0,,,N,0700
US1TXAT0046,20210505,SNOW,0,,,N,0700
US1TXAT0046,20210506,SNOW,0,,,N,0700
US1TXAT0046,20210507,SNOW,0,,,N,0700
US1TXAT0046,20210508,SNOW,0,,,N,0700
US1TXAT0046,20210509,SNOW,0,,,N,0700
US1TXAT0046,20210510,SNOW,0,,,N,0700
US1TXAT0046,20210513,SNOW,0,,,N,0700
US1TXAT0046,20210514,SNOW,0,,,N,0700
US1TXAT0046,20210515,SNOW,0,,,N,0700
US1TXAT0046,20210517,SNOW,0,,,N,0700
US1TXAT0046,20210518,SNOW,0,,,N,0700
US1TXAT0046,20210526,SNOW,0,,,N,0700
US1TXAT0046,20210527,SNOW,0,,,N,0700
US1TXAT0046,20210528,SNOW,0,,,N,0700
US1TXAT0046,20210524,DAPR,4,,,N,0700
US1TXAT0046,20210524,MDPR,46,,,N,0700
US1TXAT0046,20210601,PRCP,368,,,N,0630
US1TXAT0046,20210602,PRCP,0,,,N,0700
US1TXAT0046,20210603,PRCP,0,,,N,0700
US1TXAT0046,20210604,PRCP,876,,,N,0700
US1TXAT0046,20210605,PRCP,0,,,N,0700
US1TXAT0046,20210606,PRCP,0,,,N,0700
US1TXAT0046,20210607,PRCP,0,,,N,0700
US1TXAT0046,20210608,PRCP,0,,,N,0700
US1TXAT0046,20210609,PRCP,0,,,N,0700
US1TXAT0046,20210610,PRCP,0,,,N,0700
US1TXAT0046,20210611,PRCP,0,,,N,0700
US1TXAT0046,20210612,PRCP,0,,,N,0700
US1TXAT0046,20210613,PRCP,0,,,N,0700
US1TXAT0046,20210614,PRCP,0,,,N,0700
US1TXAT0046,20210615,PRCP,0,,,N,0700
US1TXAT0046,20210616,PRCP,0,,,N,0700
US1TXAT0046,20210617,PRCP,0,,,N,0700
US1TXAT0046,20210618,PRCP,0,,,N,0700
US1TXAT0046,20210619,PRCP,0,,,N,0700
US1TXAT0046,20210620,PRCP,0,,,N,0700
US1TXAT0046,20210621,PRCP,0,,,N,0700
US1TXAT0046,20210622,PRCP,33,,,N,0700
US1TXAT0046,20210623,PRCP,0,,,N,0700
US1TXAT0046,20210624,PRCP,0,,,N,0700
US1TXAT0046,20210625,PRCP,0,,,N,0700
US1TXAT0046,20210626,PRCP,0,,,N,0700
US1TXAT0046,20210627,PRCP,0,,,N,0700
US1TXAT0046,20210628,PRCP,0,,,N,0700
US1TXAT0046,20210629,PRCP,185,,,N,0630
US1TXAT0046,20210630,PRCP,13,,,N,0700
US1TXAT0046,20210602,SNOW,0,,,N,0700
US1TXAT0046,20210603,SNOW,0,,,N,0700
US1TXAT0046,20210605,SNOW,0,,,N,0700
US1TXAT0046,20210606,SNOW,0,,,N,0700
US1TXAT0046,20210607,SNOW,0,,,N,0700
US1TXAT0046,20210608,SNOW,0,,,N,0700
US1TXAT0046,20210609,SNOW,0,,,N,0700
US1TXAT0046,20210610,SNOW,0,,,N,0700
US1TXAT0046,20210611,SNOW,0,,,N,0700
US1TXAT0046,20210612,SNOW,0,,,N,0700
US1TXAT0046,20210613,SNOW,0,,,N,0700
US1TXAT0046,20210614,SNOW,0,,,N,0700
US1TXAT0046,20210615,SNOW,0,,,N,0700
US1TXAT0046,20210616,SNOW,0,,,N,0700
US1TXAT0046,20210617,SNOW,0,,,N,0700
US1TXAT0046,20210618,SNOW,0,,,N,0700
US1TXAT0046,20210619,SNOW,0,,,N,0700
US1TXAT0046,20210620,SNOW,0,,,N,0700
US1TXAT0046,20210621,SNOW,0,,,N,0700
US1TXAT0046,20210623,SNOW,0,,,N,0700
US1TXAT0046,20210624,SNOW,0,,,N,0700
US1TXAT0046,20210625,SNOW,0,,,N,0700
US1TXAT0046,20210626,SNOW,0,,,N,0700
US1TXAT0046,20210627,SNOW,0,,,N,0700
US1TXAT0046,20210628,SNOW,0,,,N,0700
US1TXAT0046,20210701,PRCP,0,,,N,0700
US1TXAT0046,20210702,PRCP,0,,,N,0700
US1TXAT0046,20210703,PRCP,0,,,N,0700
US1TXAT0046,20210704,PRCP,0,,,N,0700
US1TXAT0046,20210705,PRCP,0,,,N,0700
US1TXAT0046,20210706,PRCP,145,,,N,0700
US1TXAT0046,20210707,PRCP,36,,,N,0700
US1TXAT0046,20210708,PRCP,5,,,N,0700
US1TXAT0046,20210709,PRCP,224,,,N,0700
US1TXAT0046,20210710,PRCP,91,,,N,0700
US1TXAT0046,20210711,PRCP,15,,,N,0700
US1TXAT0046,20210712,PRCP,0,,,N,0700
US1TXAT0046,20210713,PRCP,0,,,N,0700
US1TXAT0046,20210714,PRCP,25,,,N,0700
US1TXAT0046,20210715,PRCP,51,,,N,0700
US1TXAT0046,20210716,PRCP,0,,,N,0700
US1TXAT0046,20210717,PRCP,0,,,N,0700
US1TXAT0046,20210718,PRCP,0,,,N,0700
US1TXAT0046,20210719,PRCP,0,,,N,0700
US1TXAT0046,20210720,PRCP,0,,,N,0700
US1TXAT0046,20210721,PRCP,0,,,N,0700
US1TXAT0046,20210722,PRCP,340,,,N,0700
US1TXAT0046,20210723,PRCP,345,,,N,0700
US1TXAT0046,20210701,SNOW,0,,,N,0700
US1TXAT0046,20210702,SNOW,0,,,N,0700
US1TXAT0046,20210703,SNOW,0,,,N,0700
US1TXAT0046,20210704,SNOW,0,,,N,0700
US1TXAT0046,20210705,SNOW,0,,,N,0700
US1TXAT0046,20210712,SNOW,0,,,N,0700
US1TXAT0046,20210713,SNOW,0,,,N,0700
US1TXAT0046,20210716,SNOW,0,,,N,0700
US1TXAT0046,20210717,SNOW,0,,,N,0700
US1TXAT0046,20210718,SNOW,0,,,N,0700
US1TXAT0046,20210719,SNOW,0,,,N,0700
US1TXAT0046,20210720,SNOW,0,,,N,0700
US1TXAT0046,20210721,SNOW,0,,,N,0700
US1TXAT0046,20210817,PRCP,0,,,N,0700
US1TXAT0046,20210818,PRCP,0,,,N,0700
US1TXAT0046,20210819,PRCP,0,,,N,0700
US1TXAT0046,20210820,PRCP,0,,,N,0700
US1TXAT0046,20210821,PRCP,0,,,N,0700
US1TXAT0046,20210822,PRCP,0,,,N,0700
US1TXAT0046,20210823,PRCP,0,,,N,0700
US1TXAT0046,20210824,PRCP,0,,,N,0700
US1TXAT0046,20210825,PRCP,0,,,N,0700
US1TXAT0046,20210826,PRCP,112,,,N,0700
US1TXAT0046,20210827,PRCP,0,,,N,0700
US1TXAT0046,20210828,PRCP,0,,,N,0700
US1TXAT0046,20210829,PRCP,0,,,N,0700
US1TXAT0046,20210830,PRCP,0,,,N,0700
US1TXAT0046,20210831,PRCP,0,,,N,0700
US1TXAT0046,20210817,SNOW,0,,,N,0700
US1TXAT0046,20210818,SNOW,0,,,N,0700
US1TXAT0046,20210819,SNOW,0,,,N,0700
US1TXAT0046,20210820,SNOW,0,,,N,0700
US1TXAT0046,20210821,SNOW,0,,,N,0700
US1TXAT0046,20210822,SNOW,0,,,N,0700
US1TXAT0046,20210823,SNOW,0,,,N,0700
US1TXAT0046,20210824,SNOW,0,,,N,0700
US1TXAT0046,20210825,SNOW,0,,,N,0700
US1TXAT0046,20210827,SNOW,0,,,N,0700
US1TXAT0046,20210828,SNOW,0,,,N,0700
US1TXAT0046,20210829,SNOW,0,,,N,0700
US1TXAT0046,20210830,SNOW,0,,,N,0700
US1TXAT0046,20210831,SNOW,0,,,N,0700
US1TXAT0046,20210816,DAPR,24,,,N,0700
US1TXAT0046,20210816,MDPR,211,,,N,0700
US1TXAT0046,20210901,PRCP,0,,,N,0700
US1TXAT0046,20210902,PRCP,0,,,N,0700
US1TXAT0046,20210903,PRCP,0,,,N,0700
US1TXAT0046,20210904,PRCP,0,,,N,0700
US1TXAT0046,20210905,PRCP,0,,,N,0700
US1TXAT0046,20210906,PRCP,0,,,N,0700
US1TXAT0046,20210907,PRCP,94,,,N,0745
US1TXAT0046,20210908,PRCP,0,,,N,0700
US1TXAT0046,20210909,PRCP,0,,,N,0700
US1TXAT0046,20210910,PRCP,0,,,N,0700
US1TXAT0046,20210911,PRCP,0,,,N,0700
US1TXAT0046,20210912,PRCP,0,,,N,0700
US1TXAT0046,20210913,PRCP,0,,,N,0700
US1TXAT0046,20210914,PRCP,0,,,N,0700
US1TXAT0046,20210915,PRCP,0,,,N,0700
US1TXAT0046,20210916,PRCP,0,,,N,0700
US1TXAT0046,20210917,PRCP,0,,,N,0700
US1TXAT0046,20210918,PRCP,0,,,N,0700
US1TXAT0046,20210919,PRCP,0,,,N,0700
US1TXAT0046,20210920,PRCP,0,,,N,0700
US1TXAT0046,20210921,PRCP,0,,,N,0700
US1TXAT0046,20210922,PRCP,0,,,N,0700
US1TXAT0046,20210923,PRCP,0,,,N,0700
US1TXAT0046,20210924,PRCP,0,,,N,0700
US1TXAT0046,20210925,PRCP,0,,,N,0700
US1TXAT0046,20210926,PRCP,0,,,N,0700
US1TXAT0046,20210927,PRCP,0,,,N,0700
US1TXAT0046,20210928,PRCP,0,,,N,0700
US1TXAT0046,20210929,PRCP,122,,,N,0715
US1TXAT0046,20210930,PRCP,94,,,N,0700
US1TXAT0046,20210901,SNOW,0,,,N,0700
US1TXAT0046,20210902,SNOW,0,,,N,0700
US1TXAT0046,20210903,SNOW,0,,,N,0700
US1TXAT0046,20210904,SNOW,0,,,N,0700
US1TXAT0046,20210905,SNOW,0,,,N,0700
US1TXAT0046,20210906,SNOW,0,,,N,0700
US1TXAT0046,20210908,SNOW,0,,,N,0700
US1TXAT0046,20210909,SNOW,0,,,N,0700
US1TXAT0046,20210910,SNOW,0,,,N,0700
US1TXAT0046,20210911,SNOW,0,,,N,0700
US1TXAT0046,20210912,SNOW,0,,,N,0700
US1TXAT0046,20210913,SNOW,0,,,N,0700
US1TXAT0046,20210914,SNOW,0,,,N,0700
US1TXAT0046,20210915,SNOW,0,,,N,0700
US1TXAT0046,20210916,SNOW,0,,,N,0700
US1TXAT0046,20210917,SNOW,0,,,N,0700
US1TXAT0046,20210918,SNOW,0,,,N,0700
US1TXAT0046,20210919,SNOW,0,,,N,0700
US1TXAT0046,20210920,SNOW,0,,,N,0700
US1TXAT0046,20210921,SNOW,0,,,N,0700
US1TXAT0046,20210922,SNOW,0,,,N,0700
US1TXAT0046,20210923,SNOW,0,,,N,0700
US1TXAT0046,20210924,SNOW,0,,,N,0700
US1TXAT0046,20210925,SNOW,0,,,N,0700
US1TXAT0046,20210926,SNOW,0,,,N,0700
US1TXAT0046,20210927,SNOW,0,,,N,0700
US1TXAT0046,20210928,SNOW,0,,,N,0700
US1TXAT0046,20211001,PRCP,414,,,N,0730
US1TXAT0046,20211002,PRCP,0,,,N,0700
US1TXAT0046,20211003,PRCP,0,,,N,0700
US1TXAT0046,20211004,PRCP,0,,,N,0700
US1TXAT0046,20211005,PRCP,0,,,N,0700
US1TXAT0046,20211006,PRCP,0,,,N,0700
US1TXAT0046,20211007,PRCP,0,,,N,0700
US1TXAT0046,20211008,PRCP,0,,,N,0700
US1TXAT0046,20211009,PRCP,0,,,N,0700
US1TXAT0046,20211010,PRCP,0,,,N,0700
US1TXAT0046,20211011,PRCP,0,,,N,0700
US1TXAT0046,20211012,PRCP,10,,,N,0700
US1TXAT0046,20211013,PRCP,56,,,N,0700
US1TXAT0046,20211014,PRCP,119,,,N,0700
US1TXAT0046,20211015,PRCP,0,,,N,0700
US1TXAT0046,20211016,PRCP,0,,,N,0700
US1TXAT0046,20211017,PRCP,0,,,N,0700
US1TXAT0046,20211018,PRCP,0,,,N,0700
US1TXAT0046,20211019,PRCP,0,,,N,0700
US1TXAT0046,20211020,PRCP,0,,,N,0700
US1TXAT0046,20211021,PRCP,0,,,N,0700
US1TXAT0046,20211022,PRCP,0,,,N,0700
US1TXAT0046,20211023,PRCP,0,,,N,0700
US1TXAT0046,20211024,PRCP,0,,,N,0700
US1TXAT0046,20211025,PRCP,0,,,N,0700
US1TXAT0046,20211026,PRCP,0,,,N,0700
US1TXAT0046,20211027,PRCP,0,,,N,0700
US1TXAT0046,20211028,PRCP,0,,,N,0700
US1TXAT0046,20211029,PRCP,0,,,N,0700
US1TXAT0046,20211030,PRCP,0,,,N,0700
US1TXAT0046,20211031,PRCP,0,,,N,0700
US1TXAT0046,20211002,SNOW,0,,,N,0700
US1TXAT0046,20211003,SNOW,0,,,N,0700
US1TXAT0046,20211004,SNOW,0,,,N,0700
US1TXAT0046,20211005,SNOW,0,,,N,0700
US1TXAT0046,20211006,SNOW,0,,,N,0700
US1TXAT0046,20211007,SNOW,0,,,N,0700
US1TXAT0046,20211008,SNOW,0,,,N,0700
US1TXAT0046,20211009,SNOW,0,,,N,0700
US1TXAT0046,20211010,SNOW,0,,,N,0700
US1TXAT0046,20211011,SNOW,0,,,N,0700
US1TXAT0046,20211015,SNOW,0,,,N,0700
US1TXAT0046,20211016,SNOW,0,,,N,0700
US1TXAT0046,20211017,SNOW,0,,,N,0700
US1TXAT0046,20211018,SNOW,0,,,N,0700
US1TXAT0046,20211019,SNOW,0,,,N,0700
US1TXAT0046,20211020,SNOW,0,,,N,0700
US1TXAT0046,20211021,SNOW,0,,,N,0700
US1TXAT0046,20211022,SNOW,0,,,N,0700
US1TXAT0046,20211023,SNOW,0,,,N,0700
US1TXAT0046,20211024,SNOW,0,,,N,0700
US1TXAT0046,20211025,SNOW,0,,,N,0700
US1TXAT0046,20211026,SNOW,0,,,N,0700
US1TXAT0046,20211027,SNOW,0,,,N,0700
US1TXAT0046,20211028,SNOW,0,,,N,0700
US1TXAT0046,20211029,SNOW,0,,,N,0700
US1TXAT0046,20211030,SNOW,0,,,N,0700
US1TXAT0046,20211031,SNOW,0,,,N,0700
US1TXAT0046,20211101,PRCP,0,,,N,0700
US1TXAT0046,20211102,PRCP,0,,,N,0700
US1TXAT0046,20211103,PRCP,0,,,N,0700
US1TXAT0046,20211104,PRCP,226,,,N,0700
US1TXAT0046,20211105,PRCP,0,,,N,0700
US1TXAT0046,20211106,PRCP,0,,,N,0700
US1TXAT0046,20211107,PRCP,0,,,N,0700
US1TXAT0046,20211108,PRCP,0,,,N,0700
US1TXAT0046,20211109,PRCP,0,,,N,0700
US1TXAT0046,20211110,PRCP,0,,,N,0700
US1TXAT0046,20211111,PRCP,0,,,N,0700
US1TXAT0046,20211112,PRCP,0,,,N,0700
US1TXAT0046,20211113,PRCP,0,,,N,0700
US1TXAT0046,20211114,PRCP,0,,,N,0700
US1TXAT0046,20211115,PRCP,0,,,N,0700
US1TXAT0046,20211116,PRCP,0,,,N,0700
US1TXAT0046,20211117,PRCP,0,,,N,0700
US1TXAT0046,20211118,PRCP,0,,,N,0700
US1TXAT0046,20211119,PRCP,0,,,N,0700
US1TXAT0046,20211120,PRCP,0,,,N,0700
US1TXAT0046,20211121,PRCP,0,,,N,0700
US1TXAT0046,20211122,PRCP,0,,,N,0700
US1TXAT0046,20211123,PRCP,0,,,N,0700
US1TXAT0046,20211124,PRCP,0,,,N,0700
US1TXAT0046,20211129,PRCP,0,,,N,0700
US1TXAT0046,20211130,PRCP,0,,,N,0700
US1TXAT0046,20211101,SNOW,0,,,N,0700
US1TXAT0046,20211102,SNOW,0,,,N,0700
US1TXAT0046,20211103,SNOW,0,,,N,0700
US1TXAT0046,20211105,SNOW,0,,,N,0700
US1TXAT0046,20211106,SNOW,0,,,N,0700
US1TXAT0046,20211107,SNOW,0,,,N,0700
US1TXAT0046,20211108,SNOW,0,,,N,0700
US1TXAT0046,20211109,SNOW,0,,,N,0700
US1TXAT0046,20211110,SNOW,0,,,N,0700
US1TXAT0046,20211111,SNOW,0,,,N,0700
US1TXAT0046,20211112,SNOW,0,,,N,0700
US1TXAT0046,20211113,SNOW,0,,,N,0700
US1TXAT0046,20211114,SNOW,0,,,N,0700
US1TXAT0046,20211115,SNOW,0,,,N,0700
US1TXAT0046,20211116,SNOW,0,,,N,0700
US1TXAT0046,20211117,SNOW,0,,,N,0700
US1TXAT0046,20211118,SNOW,0,,,N,0700
US1TXAT0046,20211119,SNOW,0,,,N,0700
US1TXAT0046,20211120,SNOW,0,,,N,0700
US1TXAT0046,20211121,SNOW,0,,,N,0700
US1TXAT0046,20211122,SNOW,0,,,N,0700
US1TXAT0046,20211123,SNOW,0,,,N,0700
US1TXAT0046,20211124,SNOW,0,,,N,0700
US1TXAT0046,20211129,SNOW,0,,,N,0700
US1TXAT0046,20211130,SNOW,0,,,N,0700
US1TXAT0046,20211128,DAPR,4,,,N,0700
US1TXAT0046,20211128,MDPR,178,,,N,0700
US1TXAT0046,20211201,PRCP,0,,,N,0700
US1TXAT0046,20211202,PRCP,0,,,N,0700
US1TXAT0046,20211203,PRCP,0,,,N,0700
US1TXAT0046,20211204,PRCP,0,,,N,0700
US1TXAT0046,20211205,PRCP,0,,,N,0700
US1TXAT0046,20211206,PRCP,0,,,N,0700
US1TXAT0046,20211207,PRCP,0,,,N,0700
US1TXAT0046,20211208,PRCP,0,,,N,0700
US1TXAT0046,20211209,PRCP,0,,,N,0700
US1TXAT0046,20211210,PRCP,0,,,N,0700
US1TXAT0046,20211211,PRCP,0,,,N,0700
US1TXAT0046,20211212,PRCP,0,,,N,0700
US1TXAT0046,20211213,PRCP,0,,,N,0700
US1TXAT0046,20211214,PRCP,0,,,N,0700
US1TXAT0046,20211215,PRCP,0,,,N,0700
US1TXAT0046,20211216,PRCP,0,,,N,0700
US1TXAT0046,20211217,PRCP,0,,,N,0700
US1TXAT0046,20211218,PRCP,0,,,N,0700
US1TXAT0046,20211219,PRCP,58,,,N,0730
US1TXAT0046,20211220,PRCP,51,,,N,0700
US1TXAT0046,20211221,PRCP,0,,,N,0700
US1TXAT0046,20211222,PRCP,0,,,N,0700
US1TXAT0046,20211223,PRCP,0,,,N,0700
US1TXAT0046,20211224,PRCP,0,,,N,0700
US1TXAT0046,20211225,PRCP,0,,,N,0700
US1TXAT0046,20211226,PRCP,0,,,N,0700
US1TXAT0046,20211227,PRCP,0,,,N,0700
US1TXAT0046,20211228,PRCP,0,,,N,0700
US1TXAT0046,20211229,PRCP,0,,,N,0700
US1TXAT0046,20211230,PRCP,0,,,N,0700
US1TXAT0046,20211231,PRCP,0,,,N,0700
US1TXAT0046,20211201,SNOW,0,,,N,0700
US1TXAT0046,20211202,SNOW,0,,,N,0700
US1TXAT0046,20211203,SNOW,0,,,N,0700
US1TXAT0046,20211204,SNOW,0,,,N,0700
US1TXAT0046,20211205,SNOW,0,,,N,0700
US1TXAT0046,20211206,SNOW,0,,,N,0700
US1TXAT0046,20211207,SNOW,0,,,N,0700
US1TXAT0046,20211208,SNOW,0,,,N,0700
US1TXAT0046,20211209,SNOW,0,,,N,0700
US1TXAT0046,20211210,SNOW,0,,,N,0700
US1TXAT0046,20211211,SNOW,0,,,N,0700
US1TXAT0046,20211212,SNOW,0,,,N,0700
US1TXAT0046,20211213,SNOW,0,,,N,0700
US1TXAT0046,20211214,SNOW,0,,,N,0700
US1TXAT0046,20211215,SNOW,0,,,N,0700
US1TXAT0046,20211216,SNOW,0,,,N,0700
US1TXAT0046,20211217,SNOW,0,,,N,0700
US1TXAT0046,20211218,SNOW,0,,,N,0700
US1TXAT0046,20211221,SNOW,0,,,N,0700
US1TXAT0046,20211222,SNOW,0,,,N,0700
US1TXAT0046,20211223,SNOW,0,,,N,0700
US1TXAT0046,20211224,SNOW,0,,,N,0700
US1TXAT0046,20211225,SNOW,0,,,N,0700
US1TXAT0046,20211226,SNOW,0,,,N,0700
US1TXAT0046,20211227,SNOW,0,,,N,0700
US1TXAT0046,20211228,SNOW,0,,,N,0700
US1TXAT0046,20211229,SNOW,0,,,N,0700
US1TXAT0046,20211230,SNOW,0,,,N,0700
US1TXAT0046,20211231,SNOW,0,,,N,0700
US1TXAT0046,20220101,PRCP,0,,,N,0700
US1TXAT0046,20220102,PRCP,0,,,N,0700
US1TXAT0046,20220103,PRCP,0,,,N,0700
US1TXAT0046,20220104,PRCP,0,,,N,0700
US1TXAT0046,20220105,PRCP,0,,,N,0700
US1TXAT0046,20220106,PRCP,0,,,N,0700
US1TXAT0046,20220107,PRCP,0,,,N,0700
US1TXAT0046,20220108,PRCP,28,,,N,0700
US1TXAT0046,20220109,PRCP,0,,,N,0700
US1TXAT0046,20220110,PRCP,0,,,N,0700
US1TXAT0046,20220111,PRCP,0,,,N,0700
US1TXAT0046,20220112,PRCP,0,,,N,0700
US1TXAT0046,20220113,PRCP,0,,,N,0700
US1TXAT0046,20220114,PRCP,0,,,N,0700
US1TXAT0046,20220115,PRCP,0,,,N,0700
US1TXAT0046,20220116,PRCP,0,,,N,0700
US1TXAT0046,20220117,PRCP,0,,,N,0700
US1TXAT0046,20220118,PRCP,0,,,N,0700
US1TXAT0046,20220119,PRCP,0,,,N,0700
US1TXAT0046,20220120,PRCP,0,,,N,0700
US1TXAT0046,20220121,PRCP,0,,,N,0700
US1TXAT0046,20220122,PRCP,0,,,N,0700
US1TXAT0046,20220123,PRCP,0,,,N,0700
US1TXAT0046,20220124,PRCP,5,,,N,0700
US1TXAT0046,20220125,PRCP,18,,,N,0700
US1TXAT0046,20220126,PRCP,0,,,N,0700
US1TXAT0046,20220127,PRCP,0,,,N,0700
US1TXAT0046,20220128,PRCP,0,,,N,0700
US1TXAT0046,20220129,PRCP,0,,,N,0700
US1TXAT0046,20220130,PRCP,0,,,N,0700
US1TXAT0046,20220131,PRCP,15,,,N,0700
US1TXAT0046,20220101,SNOW,0,,,N,0700
US1TXAT0046,20220102,SNOW,0,,,N,0700
US1TXAT0046,20220103,SNOW,0,,,N,0700
US1TXAT0046,20220104,SNOW,0,,,N,0700
US1TXAT0046,20220105,SNOW,0,,,N,0700
US1TXAT0046,20220106,SNOW,0,,,N,0700
US1TXAT0046,20220107,SNOW,0,,,N,0700
US1TXAT0046,20220109,SNOW,0,,,N,0700
US1TXAT0046,20220110,SNOW,0,,,N,0700
US1TXAT0046,20220111,SNOW,0,,,N,0700
US1TXAT0046,20220112,SNOW,0,,,N,0700
US1TXAT0046,20220113,SNOW,0,,,N,0700
US1TXAT0046,20220114,SNOW,0,,,N,0700
US1TXAT0046,20220115,SNOW,0,,,N,0700
US1TXAT0046,20220116,SNOW,0,,,N,0700
US1TXAT0046,20220117,SNOW,0,,,N,0700
US1TXAT0046,20220118,SNOW,0,,,N,0700
US1TXAT0046,20220119,SNOW,0,,,N,0700
US1TXAT0046,20220120,SNOW,0,,,N,0700
US1TXAT0046,20220121,SNOW,0,,,N,0700
US1TXAT0046,20220122,SNOW,0,,,N,0700
US1TXAT0046,20220123,SNOW,0,,,N,0700
US1TXAT0046,20220126,SNOW,0,,,N,0700
US1TXAT0046,20220127,SNOW,0,,,N,0700
US1TXAT0046,20220128,SNOW,0,,,N,0700
US1TXAT0046,20220129,SNOW,0,,,N,0700
US1TXAT0046,20220130,SNOW,0,,,N,0700
US1TXAT0046,20220201,PRCP,0,,,N,0700
US1TXAT0046,20220202,PRCP,0,,,N,0700
US1TXAT0046,20220203,PRCP,69,,,N,0700
US1TXAT0046,20220204,PRCP,48,,,N,0700
US1TXAT0046,20220205,PRCP,0,,,N,0700
US1TXAT0046,20220206,PRCP,0,,,N,0700
US1TXAT0046,20220207,PRCP,0,,,N,0700
US1TXAT0046,20220208,PRCP,0,,,N,0700
US1TXAT0046,20220209,PRCP,0,,,N,0700
US1TXAT0046,20220210,PRCP,0,,,N,0700
US1TXAT0046,20220211,PRCP,0,,,N,0700
US1TXAT0046,20220212,PRCP,0,,,N,0700
US1TXAT0046,20220213,PRCP,0,,,N,0700
US1TXAT0046,20220214,PRCP,0,,,N,0700
US1TXAT0046,20220215,PRCP,0,,,N,0700
US1TXAT0046,20220216,PRCP,0,,,N,0700
US1TXAT0046,20220217,PRCP,0,,,N,0700
US1TXAT0046,20220218,PRCP,0,,,N,0700
US1TXAT0046,20220219,PRCP,0,,,N,0700
US1TXAT0046,20220220,PRCP,0,,,N,0700
US1TXAT0046,20220221,PRCP,0,,,N,0700
US1TXAT0046,20220222,PRCP,0,,,N,0700
US1TXAT0046,20220223,PRCP,0,,,N,0700
US1TXAT0046,20220224,PRCP,0,,,N,0700
US1TXAT0046,20220225,PRCP,0,,,N,0700
US1TXAT0046,20220226,PRCP,0,,,N,0700
US1TXAT0046,20220227,PRCP,0,,,N,0700
US1TXAT0046,20220228,PRCP,0,,,N,0700
US1TXAT0046,20220201,SNOW,0,,,N,0700
US1TXAT0046,20220202,SNOW,0,,,N,0700
US1TXAT0046,20220205,SNOW,0,,,N,0700
US1TXAT0046,20220206,SNOW,0,,,N,0700
US1TXAT0046,20220207,SNOW,0,,,N,0700
US1TXAT0046,20220208,SNOW,0,,,N,0700
US1TXAT0046,20220209,SNOW,0,,,N,0700
US1TXAT0046,20220210,SNOW,0,,,N,0700
US1TXAT0046,20220211,SNOW,0,,,N,0700
US1TXAT0046,20220212,SNOW,0,,,N,0700
US1TXAT0046,20220213,SNOW,0,,,N,0700
US1TXAT0046,20220214,SNOW,0,,,N,0700
US1TXAT0046,20220215,SNOW,0,,,N,0700
US1TXAT0046,20220216,SNOW,0,,,N,0700
US1TXAT0046,20220217,SNOW,0,,,N,0700
US1TXAT0046,20220218,SNOW,0,,,N,0700
US1TXAT0046,20220219,SNOW,0,,,N,0700
US1TXAT0046,20220220,SNOW,0,,,N,0700
US1TXAT0046,20220221,SNOW,0,,,N,0700
US1TXAT0046,20220222,SNOW,0,,,N,0700
US1TXAT0046,20220223,SNOW,0,,,N,0700
US1TXAT0046,20220224,SNOW,0,,,N,0700
US1TXAT0046,20220225,SNOW,0,,,N,0700
US1TXAT0046,20220226,SNOW,0,,,N,0700
US1TXAT0046,20220227,SNOW,0,,,N,0700
US1TXAT0046,20220228,SNOW,0,,,N,0700
US1TXAT0046,20220301,PRCP,0,,,N,0700
US1TXAT0046,20220302,PRCP,0,,,N,0700
US1TXAT0046,20220303,PRCP,0,,,N,0700
US1TXAT0046,20220304,PRCP,0,,,N,0700
US1TXAT0046,20220305,PRCP,0,,,N,0700
US1TXAT0046,20220306,PRCP,0,,,N,0700
US1TXAT0046,20220307,PRCP,0,,,N,0700
US1TXAT0046,20220308,PRCP,0,,,N,0700
US1TXAT0046,20220309,PRCP,0,,,N,0700
US1TXAT0046,20220310,PRCP,0,,,N,0700
US1TXAT0046,20220311,PRCP,0,,,N,0700
US1TXAT0046,20220312,PRCP,0,,,N,0700
US1TXAT0046,20220313,PRCP,0,,,N,0700
US1TXAT0046,20220323,PRCP,0,,,N,0700
US1TXAT0046,20220324,PRCP,0,,,N,0700
US1TXAT0046,20220325,PRCP,0,,,N,0700
US1TXAT0046,20220326,PRCP,0,,,N,0700
US1TXAT0046,20220327,PRCP,0,,,N,0700
US1TXAT0046,20220328,PRCP,0,,,N,0700
US1TXAT0046,20220329,PRCP,0,,,N,0700
US1TXAT0046,20220330,PRCP,13,,,N,0700
US1TXAT0046,20220331,PRCP,0,,,N,0700
US1TXAT0046,20220301,SNOW,0,,,N,0700
US1TXAT0046,20220302,SNOW,0,,,N,0700
US1TXAT0046,20220303,SNOW,0,,,N,0700
US1TXAT0046,20220304,SNOW,0,,,N,0700
US1TXAT0046,20220305,SNOW,0,,,N,0700
US1TXAT0046,20220306,SNOW,0,,,N,0700
US1TXAT0046,20220307,SNOW,0,,,N,0700
US1TXAT0046,20220308,SNOW,0,,,N,0700
US1TXAT0046,20220309,SNOW,0,,,N,0700
US1TXAT0046,20220310,SNOW,0,,,N,0700
US1TXAT0046,20220311,SNOW,0,,,N,0700
US1TXAT0046,20220312,SNOW,0,,,N,0700
US1TXAT0046,20220313,SNOW,0,,,N,0700
US1TXAT0046,20220323,SNOW,0,,,N,0700
US1TXAT0046,20220324,SNOW,0,,,N,0700
US1TXAT0046,20220325,SNOW,0,,,N,0700
US1TXAT0046,20220326,SNOW,0,,,N,0700
US1TXAT0046,20220327,SNOW,0,,,N,0700
US1TXAT0046,20220328,SNOW,0,,,N,0700
US1TXAT0046,20220329,SNOW,0,,,N,0700
US1TXAT0046,20220331,SNOW,0,,,N,0700
US1TXAT0046,20220322,DAPR,9,,,N,0700
US1TXAT0046,20220322,MDPR,71,,,N,0700
US1TXAT0046,20220401,PRCP,0,,,N,0700
US1TXAT0046,20220402,PRCP,0,,,N,0700
US1TXAT0046,20220403,PRCP,0,,,N,0700
US1TXAT0046,20220404,PRCP,0,,,N,0700
US1TXAT0046,20220405,PRCP,0,,,N,0700
US1TXAT0046,20220406,PRCP,0,,,N,0700
US1TXAT0046,20220407,PRCP,0,,,N,0700
US1TXAT0046,20220408,PRCP,0,,,N,0700
US1TXAT0046,20220409,PRCP,0,,,N,0700
US1TXAT0046,20220410,PRCP,0,,,N,0700
US1TXAT0046,20220411,PRCP,0,,,N,0700
US1TXAT0046,20220412,PRCP,0,,,N,0700
US1TXAT0046,20220413,PRCP,0,,,N,0700
US1TXAT0046,20220414,PRCP,0,,,N,0700
US1TXAT0046,20220415,PRCP,0,,,N,0700
US1TXAT0046,20220416,PRCP,0,,,N,0700
US1TXAT0046,20220417,PRCP,0,,,N,0700
US1TXAT0046,20220418,PRCP,0,,,N,0700
US1TXAT0046,20220419,PRCP,0,,,N,0700
US1TXAT0046,20220420,PRCP,0,,,N,0700
US1TXAT0046,20220421,PRCP,0,,,N,0700
US1TXAT0046,20220422,PRCP,0,,,N,0700
US1TXAT0046,20220423,PRCP,0,,,N,0700
US1TXAT0046,20220424,PRCP,0,,,N,0700
US1TXAT0046,20220425,PRCP,0,,,N,0700
US1TXAT0046,20220426,PRCP,0,,,N,0700
US1TXAT0046,20220427,PRCP,0,,,N,0700
US1TXAT0046,20220428,PRCP,0,,,N,0700
US1TXAT0046,20220429,PRCP,0,,,N,0700
US1TXAT0046,20220430,PRCP,0,,,N,0700
US1TXAT0046,20220401,SNOW,0,,,N,0700
US1TXAT0046,20220402,SNOW,0,,,N,0700
US1TXAT0046,20220403,SNOW,0,,,N,0700
US1TXAT0046,20220404,SNOW,0,,,N,0700
US1TXAT0046,20220405,SNOW,0,,,N,0700
US1TXAT0046,20220406,SNOW,0,,,N,0700
US1TXAT0046,20220407,SNOW,0,,,N,0700
US1TXAT0046,20220408,SNOW,0,,,N,0700
US1TXAT0046,20220409,SNOW,0,,,N,0700
US1TXAT0046,20220410,SNOW,0,,,N,0700
US1TXAT0046,20220411,SNOW,0,,,N,0700
US1TXAT0046,20220412,SNOW,0,,,N,0700
US1TXAT0046,20220413,SNOW,0,,,N,0700
US1TXAT0046,20220414,SNOW,0,,,N,0700
US1TXAT0046,20220415,SNOW,0,,,N,0700
US1TXAT0046,20220416,SNOW,0,,,N,0700
US1TXAT0046,20220417,SNOW,0,,,N,0700
US1TXAT0046,20220418,SNOW,0,,,N,0700
US1TXAT0046,20220419,SNOW,0,,,N,0700
US1TXAT0046,20220420,SNOW,0,,,N,0700
US1TXAT0046,20220421,SNOW,0,,,N,0700
US1TXAT0046,20220422,SNOW,0,,,N,0700
US1TXAT0046,20220423,SNOW,0,,,N,0700
US1TXAT0046,20220424,SNOW,0,,,N,0700
US1TXAT0046,20220425,SNOW,0,,,N,0700
US1TXAT0046,20220426,SNOW,0,,,N,0700
US1TXAT0046,20220427,SNOW,0,,,N,0700
US1TXAT0046,20220428,SNOW,0,,,N,0700
US1TXAT0046,20220429,SNOW,0,,,N,0700
US1TXAT0046,20220430,SNOW,0,,,N,0700
US1TXAT0046,20220501,PRCP,0,,,N,0700
US1TXAT0046,20220502,PRCP,0,,,N,0700
US1TXAT0046,20220503,PRCP,0,,,N,0700
US1TXAT0046,20220504,PRCP,0,,,N,0700
US1TXAT0046,20220505,PRCP,0,,,N,0700
US1TXAT0046,20220506,PRCP,0,,,N,0700
US1TXAT0046,20220507,PRCP,0,,,N,0700
US1TXAT0046,20220508,PRCP,0,,,N,0700
US1TXAT0046,20220509,PRCP,0,,,N,0700
US1TXAT0046,20220510,PRCP,0,,,N,0700
US1TXAT0046,20220511,PRCP,0,,,N,0700
US1TXAT0046,20220512,PRCP,0,,,N,0700
US1TXAT0046,20220513,PRCP,0,,,N,0700
US1TXAT0046,20220514,PRCP,0,,,N,0700
US1TXAT0046,20220515,PRCP,0,,,N,0700
US1TXAT0046,20220516,PRCP,0,,,N,0700
US1TXAT0046,20220517,PRCP,0,,,N,0700
US1TXAT0046,20220518,PRCP,0,,,N,0700
US1TXAT0046,20220519,PRCP,0,,,N,0700
US1TXAT0046,20220520,PRCP,0,,,N,0700
US1TXAT0046,20220521,PRCP,0,,,N,0700
US1TXAT0046,20220522,PRCP,0,,,N,0700
US1TXAT0046,20220523,PRCP,0,,,N,0700
US1TXAT0046,20220524,PRCP,0,,,N,0700
US1TXAT0046,20220525,PRCP,0,,,N,0700
US1TXAT0046,20220526,PRCP,0,,,N,0700
US1TXAT0046,20220527,PRCP,0,,,N,0700
US1TXAT0046,20220528,PRCP,0,,,N,0700
US1TXAT0046,20220529,PRCP,0,,,N,0700
US1TXAT0046,20220530,PRCP,0,,,N,0700
US1TXAT0046,20220531,PRCP,0,,,N,0700
US1TXAT0046,20220501,SNOW,0,,,N,0700
US1TXAT0046,20220502,SNOW,0,,,N,0700
US1TXAT0046,20220503,SNOW,0,,,N,0700
US1TXAT0046,20220504,SNOW,0,,,N,0700
US1TXAT0046,20220505,SNOW,0,,,N,0700
US1TXAT0046,20220506,SNOW,0,,,N,0700
US1TXAT0046,20220507,SNOW,0,,,N,0700
US1TXAT0046,20220508,SNOW,0,,,N,0700
US1TXAT0046,20220509,SNOW,0,,,N,0700
US1TXAT0046,20220510,SNOW,0,,,N,0700
US1TXAT0046,20220511,SNOW,0,,,N,0700
US1TXAT0046,20220512,SNOW,0,,,N,0700
US1TXAT0046,20220513,SNOW,0,,,N,0700
US1TXAT0046,20220514,SNOW,0,,,N,0700
US1TXAT0046,20220515,SNOW,0,,,N,0700
US1TXAT0046,20220516,SNOW,0,,,N,0700
US1TXAT0046,20220517,SNOW,0,,,N,0700
US1TXAT0046,20220518,SNOW,0,,,N,0700
US1TXAT0046,20220519,SNOW,0,,,N,0700
US1TXAT0046,20220520,SNOW,0,,,N,0700
US1TXAT0046,20220521,SNOW,0,,,N,0700
US1TXAT0046,20220522,SNOW,0,,,N,0700
US1TXAT0046,20220523,SNOW,0,,,N,0700
US1TXAT0046,20220524,SNOW,0,,,N,0700
US1TXAT0046,20220525,SNOW,0,,,N,0700
US1TXAT0046,20220526,SNOW,0,,,N,0700
US1TXAT0046,20220527,SNOW,0,,,N,0700
US1TXAT0046,20220528,SNOW,0,,,N,0700
US1TXAT0046,20220529,SNOW,0,,,N,0700
US1TXAT0046,20220530,SNOW,0,,,N,0700
US1TXAT0046,20220531,SNOW,0,,,N,0700
US1TXAT0046,20220601,PRCP,0,,,N,0700
US1TXAT0046,20220602,PRCP,0,,,N,0700
US1TXAT0046,20220603,PRCP,0,,,N,0700
US1TXAT0046,20220604,PRCP,0,,,N,0700
US1TXAT0046,20220605,PRCP,0,,,N,0700
US1TXAT0046,20220606,PRCP,0,,,N,0700
US1TXAT0046,20220607,PRCP,0,,,N,0700
US1TXAT0046,20220608,PRCP,0,,,N,0700
US1TXAT0046,20220609,PRCP,0,,,N,0700
US1TXAT0046,20220610,PRCP,0,,,N,0700
US1TXAT0046,20220611,PRCP,0,,,N,0700
US1TXAT0046,20220612,PRCP,0,,,N,0700
US1TXAT0046,20220613,PRCP,0,,,N,0700
US1TXAT0046,20220614,PRCP,0,,,N,0700
US1TXAT0046,20220615,PRCP,0,,,N,0700
US1TXAT0046,20220616,PRCP,0,,,N,0700
US1TXAT0046,20220617,PRCP,0,,,N,0700
US1TXAT0046,20220618,PRCP,0,,,N,0700
US1TXAT0046,20220619,PRCP,0,,,N,0700
US1TXAT0046,20220620,PRCP,0,,,N,0700
US1TXAT0046,20220621,PRCP,0,,,N,0700
US1TXAT0046,20220622,PRCP,0,,,N,0700
US1TXAT0046,20220623,PRCP,0,,,N,0700
US1TXAT0046,20220624,PRCP,0,,,N,0700
US1TXAT0046,20220625,PRCP,0,,,N,0700
US1TXAT0046,20220626,PRCP,0,,,N,0700
US1TXAT0046,20220630,PRCP,0,,,N,0700
US1TXAT0046,20220601,SNOW,0,,,N,0700
US1TXAT0046,20220602,SNOW,0,,,N,0700
US1TXAT0046,20220603,SNOW,0,,,N,0700
US1TXAT0046,20220604,SNOW,0,,,N,0700
US1TXAT0046,20220605,SNOW,0,,,N,0700
US1TXAT0046,20220606,SNOW,0,,,N,0700
US1TXAT0046,20220607,SNOW,0,,,N,0700
US1TXAT0046,20220608,SNOW,0,,,N,0700
US1TXAT0046,20220609,SNOW,0,,,N,0700
US1TXAT0046,20220610,SNOW,0,,,N,0700
US1TXAT0046,20220611,SNOW,0,,,N,0700
US1TXAT0046,20220612,SNOW,0,,,N,0700
US1TXAT0046,20220613,SNOW,0,,,N,0700
US1TXAT0046,20220614,SNOW,0,,,N,0700
US1TXAT0046,20220615,SNOW,0,,,N,0700
US1TXAT0046,20220616,SNOW,0,,,N,0700
US1TXAT0046,20220617,SNOW,0,,,N,0700
US1TXAT0046,20220618,SNOW,0,,,N,0700
US1TXAT0046,20220619,SNOW,0,,,N,0700
US1TXAT0046,20220620,SNOW,0,,,N,0700
US1TXAT0046,20220621,SNOW,0,,,N,0700
US1TXAT0046,20220622,SNOW,0,,,N,0700
US1TXAT0046,20220623,SNOW,0,,,N,0700
US1TXAT0046,20220624,SNOW,0,,,N,0700
US1TXAT0046,20220625,SNOW,0,,,N,0700
US1TXAT0046,20220626,SNOW,0,,,N,0700
US1TXAT0046,20220630,SNOW,0,,,N,0700
US1TXAT0046,20220629,DAPR,3,,,N,0700
US1TXAT0046,20220629,MDPR,277,,,N,0700
US1TXAT0046,20220701,PRCP,0,,,N,0700
US1TXAT0046,20220702,PRCP,0,,,N,0700
US1TXAT0046,20220703,PRCP,51,,,N,0700
US1TXAT0046,20220704,PRCP,0,,,N,0700
US1TXAT0046,20220705,PRCP,0,,,N,0700
US1TXAT0046,20220706,PRCP,0,,,N,0700
US1TXAT0046,20220707,PRCP,0,,,N,0700
US1TXAT0046,20220708,PRCP,0,,,N,0700
US1TXAT0046,20220709,PRCP,0,,,N,0700
US1TXAT0046,20220710,PRCP,0,,,N,0700
US1TXAT0046,20220711,PRCP,0,,,N,0700
US1TXAT0046,20220712,PRCP,0,,,N,0700
US1TXAT0046,20220713,PRCP,0,,,N,0700
US1TXAT0046,20220714,PRCP,0,,,N,0700
US1TXAT0046,20220715,PRCP,0,,,N,0700
US1TXAT0046,20220716,PRCP,0,,,N,0700
US1TXAT0046,20220717,PRCP,0,,,N,0700
US1TXAT0046,20220718,PRCP,0,,,N,0700
US1TXAT0046,20220719,PRCP,0,,,N,0700
US1TXAT0046,20220720,PRCP,0,,,N,0700
US1TXAT0046,20220721,PRCP,0,,,N,0700
US1TXAT0046,20220722,PRCP,0,,,N,0700
US1TXAT0046,20220723,PRCP,0,,,N,0700
US1TXAT0046,20220724,PRCP,0,,,N,0700
US1TXAT0046,20220725,PRCP,0,,,N,0700
US1TXAT0046,20220726,PRCP,0,,,N,0700
US1TXAT0046,20220727,PRCP,0,,,N,0700
US1TXAT0046,20220728,PRCP,0,,,N,0700
US1TXAT0046,20220729,PRCP,0,,,N,0700
US1TXAT0046,20220730,PRCP,0,,,N,0700
US1TXAT0046,20220731,PRCP,0,,,N,0700
US1TXAT0046,20220701,SNOW,0,,,N,0700
US1TXAT0046,20220702,SNOW,0,,,N,0700
US1TXAT0046,20220704,SNOW,0,,,N,0700
US1TXAT0046,20220705,SNOW,0,,,N,0700
US1TXAT0046,20220706,SNOW,0,,,N,0700
US1TXAT0046,20220707,SNOW,0,,,N,0700
US1TXAT0046,20220708,SNOW,0,,,N,0700
US1TXAT0046,20220709,SNOW,0,,,N,0700
US1TXAT0046,20220710,SNOW,0,,,N,0700
US1TXAT0046,20220711,SNOW,0,,,N,0700
US1TXAT0046,20220712,SNOW,0,,,N,0700
US1TXAT0046,20220713,SNOW,0,,,N,0700
US1TXAT0046,20220714,SNOW,0,,,N,0700
US1TXAT0046,20220715,SNOW,0,,,N,0700
US1TXAT0046,20220716,SNOW,0,,,N,0700
US1TXAT0046,20220717,SNOW,0,,,N,0700
US1TXAT0046,20220718,SNOW,0,,,N,0700
US1TXAT0046,20220719,SNOW,0,,,N,0700
US1TXAT0046,20220720,SNOW,0,,,N,0700
US1TXAT0046,20220721,SNOW,0,,,N,0700
US1TXAT0046,20220722,SNOW,0,,,N,0700
US1TXAT0046,20220723,SNOW,0,,,N,0700
US1TXAT0046,20220724,SNOW,0,,,N,0700
US1TXAT0046,20220725,SNOW,0,,,N,0700
US1TXAT0046,20220726,SNOW,0,,,N,0700
US1TXAT0046,20220727,SNOW,0,,,N,0700
US1TXAT0046,20220728,SNOW,0,,,N,0700
US1TXAT0046,20220729,SNOW,0,,,N,0700
US1TXAT0046,20220730,SNOW,0,,,N,0700
US1TXAT0046,20220731,SNOW,0,,,N,0700
US1TXAT0046,20220801,PRCP,0,,,N,0700
US1TXAT0046,20220802,PRCP,0,,,N,0700
US1TXAT0046,20220803,PRCP,0,,,N,0700
US1TXAT0046,20220804,PRCP,0,,,N,0700
US1TXAT0046,20220805,PRCP,0,,,N,0700
US1TXAT0046,20220806,PRCP,0,,,N,0700
US1TXAT0046,20220807,PRCP,0,,,N,0700
US1TXAT0046,20220808,PRCP,0,,,N,0700
US1TXAT0046,20220809,PRCP,0,,,N,0700
US1TXAT0046,20220810,PRCP,0,,,N,0700
US1TXAT0046,20220811,PRCP,0,,,N,0700
US1TXAT0046,20220812,PRCP,0,,,N,0700
US1TXAT0046,20220813,PRCP,20,,,N,0700
US1TXAT0046,20220814,PRCP,0,,,N,0700
US1TXAT0046,20220815,PRCP,86,,,N,0650
US1TXAT0046,20220816,PRCP,79,,,N,0600
US1TXAT0046,20220817,PRCP,0,,,N,0700
US1TXAT0046,20220818,PRCP,0,,,N,0700
US1TXAT0046,20220819,PRCP,0,,,N,0700
US1TXAT0046,20220820,PRCP,0,,,N,0700
US1TXAT0046,20220821,PRCP,0,,,N,0700
US1TXAT0046,20220822,PRCP,0,,,N,0700
US1TXAT0046,20220823,PRCP,218,,,N,0700
US1TXAT0046,20220824,PRCP,445,,,N,0700
US1TXAT0046,20220825,PRCP,0,,,N,0700
US1TXAT0046,20220826,PRCP,724,,,N,0700
US1TXAT0046,20220827,PRCP,0,,,N,0700
US1TXAT0046,20220828,PRCP,0,,,N,0700
US1TXAT0046,20220829,PRCP,0,,,N,0700
US1TXAT0046,20220830,PRCP,0,,,N,0700
US1TXAT0046,20220831,PRCP,122,,,N,0700
US1TXAT0046,20220801,SNOW,0,,,N,0700
US1TXAT0046,20220802,SNOW,0,,,N,0700
US1TXAT0046,20220803,SNOW,0,,,N,0700
US1TXAT0046,20220804,SNOW,0,,,N,0700
US1TXAT0046,20220805,SNOW,0,,,N,0700
US1TXAT0046,20220806,SNOW,0,,,N,0700
US1TXAT0046,20220807,SNOW,0,,,N,0700
US1TXAT0046,20220808,SNOW,0,,,N,0700
US1TXAT0046,20220809,SNOW,0,,,N,0700
US1TXAT0046,20220810,SNOW,0,,,N,0700
US1TXAT0046,20220811,SNOW,0,,,N,0700
US1TXAT0046,20220812,SNOW,0,,,N,0700
US1TXAT0046,20220814,SNOW,0,,,N,0700
US1TXAT0046,20220817,SNOW,0,,,N,0700
US1TXAT0046,20220818,SNOW,0,,,N,0700
US1TXAT0046,20220819,SNOW,0,,,N,0700
US1TXAT0046,20220820,SNOW,0,,,N,0700
US1TXAT0046,20220821,SNOW,0,,,N,0700
US1TXAT0046,20220822,SNOW,0,,,N,0700
US1TXAT0046,20220825,SNOW,0,,,N,0700
US1TXAT0046,20220827,SNOW,0,,,N,0700
US1TXAT0046,20220828,SNOW,0,,,N,0700
US1TXAT0046,20220829,SNOW,0,,,N,0700
US1TXAT0046,20220830,SNOW,0,,,N,0700
US1TXAT0046,20220901,PRCP,89,,,N,0700
US1TXAT0046,20220902,PRCP,0,,,N,0700
US1TXAT0046,20220903,PRCP,0,,,N,0700
US1TXAT0046,20220904,PRCP,0,,,N,0700
US1TXAT0046,20220905,PRCP,0,,,N,0700
US1TXAT0046,20220906,PRCP,0,,,N,0700
US1TXAT0046,20220907,PRCP,0,,,N,0700
US1TXAT0046,20220908,PRCP,0,,,N,0700
US1TXAT0046,20220909,PRCP,0,,,N,0700
US1TXAT0046,20220910,PRCP,0,,,N,0700
US1TXAT0046,20220911,PRCP,0,,,N,0700
US1TXAT0046,20220912,PRCP,0,,,N,0700
US1TXAT0046,20220913,PRCP,0,,,N,0700
US1TXAT0046,20220914,PRCP,0,,,N,0700
US1TXAT0046,20220915,PRCP,0,,,N,0700
US1TXAT0046,20220916,PRCP,0,,,N,0700
US1TXAT0046,20220917,PRCP,0,,,N,0700
US1TXAT0046,20220918,PRCP,0,,,N,0700
US1TXAT0046,20220919,PRCP,0,,,N,0700
US1TXAT0046,20220920,PRCP,0,,,N,0700
US1TXAT0046,20220921,PRCP,0,,,N,0700
US1TXAT0046,20220922,PRCP,0,,,N,0700
US1TXAT0046,20220923,PRCP,0,,,N,0700
US1TXAT0046,20220924,PRCP,0,,,N,0700
US1TXAT0046,20220925,PRCP,0,,,N,0700
US1TXAT0046,20220926,PRCP,0,,,N,0700
US1TXAT0046,20220927,PRCP,0,,,N,0700
US1TXAT0046,20220928,PRCP,0,,,N,0700
US1TXAT0046,20220929,PRCP,0,,,N,0700
US1TXAT0046,20220930,PRCP,0,,,N,0700
US1TXAT0046,20220902,SNOW,0,,,N,0700
US1TXAT0046,20220903,SNOW,0,,,N,0700
US1TXAT0046,20220904,SNOW,0,,,N,0700
US1TXAT0046,20220905,SNOW,0,,,N,0700
US1TXAT0046,20220906,SNOW,0,,,N,0700
US1TXAT0046,20220907,SNOW,0,,,N,0700
US1TXAT0046,20220908,SNOW,0,,,N,0700
US1TXAT0046,20220909,SNOW,0,,,N,0700
US1TXAT0046,20220910,SNOW,0,,,N,0700
US1TXAT0046,20220911,SNOW,0,,,N,0700
US1TXAT0046,20220912,SNOW,0,,,N,0700
US1TXAT0046,20220913,SNOW,0,,,N,0700
US1TXAT0046,20220914,SNOW,0,,,N,0700
US1TXAT0046,20220915,SNOW,0,,,N,0700
US1TXAT0046,20220916,SNOW,0,,,N,0700
US1TXAT0046,20220917,SNOW,0,,,N,0700
US1TXAT0046,20220918,SNOW,0,,,N,0700
US1TXAT0046,20220919,SNOW,0,,,N,0700
US1TXAT0046,20220920,SNOW,0,,,N,0700
US1TXAT0046,20220921,SNOW,0,,,N,0700
US1TXAT0046,20220922,SNOW,0,,,N,0700
US1TXAT0046,20220923,SNOW,0,,,N,0700
US1TXAT0046,20220924,SNOW,0,,,N,0700
US1TXAT0046,20220925,SNOW,0,,,N,0700
US1TXAT0046,20220926,SNOW,0,,,N,0700
US1TXAT0046,20220927,SNOW,0,,,N,0700
US1TXAT0046,20220928,SNOW,0,,,N,0700
US1TXAT0046,20220929,SNOW,0,,,N,0700
US1TXAT0046,20220930,SNOW,0,,,N,0700
US1TXAT0046,20221001,PRCP,0,,,N,0700
US1TXAT0046,20221002,PRCP,0,,,N,0700
US1TXAT0046,20221003,PRCP,0,,,N,0700
US1TXAT0046,20221004,PRCP,0,,,N,0700
US1TXAT0046,20221005,PRCP,0,,,N,0700
US1TXAT0046,20221006,PRCP,0,,,N,0700
US1TXAT0046,20221016,PRCP,0,,,N,0700
US1TXAT0046,20221017,PRCP,0,,,N,0700
US1TXAT0046,20221018,PRCP,0,,,N,0700
US1TXAT0046,20221019,PRCP,0,,,N,0700
US1TXAT0046,20221020,PRCP,0,,,N,0700
US1TXAT0046,20221021,PRCP,0,,,N,0700
US1TXAT0046,20221022,PRCP,0,,,N,0700
US1TXAT0046,20221023,PRCP,0,,,N,0700
US1TXAT0046,20221024,PRCP,0,,,N,0700
US1TXAT0046,20221025,PRCP,160,,,N,0645
US1TXAT0046,20221026,PRCP,0,,,N,0700
US1TXAT0046,20221027,PRCP,0,,,N,0700
US1TXAT0046,20221028,PRCP,0,,,N,0700
US1TXAT0046,20221029,PRCP,287,,,N,0630
US1TXAT0046,20221030,PRCP,0,,,N,0700
US1TXAT0046,20221031,PRCP,0,,,N,0700
US1TXAT0046,20221001,SNOW,0,,,N,0700
US1TXAT0046,20221002,SNOW,0,,,N,0700
US1TXAT0046,20221003,SNOW,0,,,N,0700
US1TXAT0046,20221004,SNOW,0,,,N,0700
US1TXAT0046,20221005,SNOW,0,,,N,0700
US1TXAT0046,20221006,SNOW,0,,,N,0700
US1TXAT0046,20221016,SNOW,0,,,N,0700
US1TXAT0046,20221017,SNOW,0,,,N,0700
US1TXAT0046,20221018,SNOW,0,,,N,0700
US1TXAT0046,20221019,SNOW,0,,,N,0700
US1TXAT0046,20221020,SNOW,0,,,N,0700
US1TXAT0046,20221021,SNOW,0,,,N,0700
US1TXAT0046,20221022,SNOW,0,,,N,0700
US1TXAT0046,20221023,SNOW,0,,,N,0700
US1TXAT0046,20221024,SNOW,0,,,N,0700
US1TXAT0046,20221026,SNOW,0,,,N,0700
US1TXAT0046,20221027,SNOW,0,,,N,0700
US1TXAT0046,20221028,SNOW,0,,,N,0700
US1TXAT0046,20221030,SNOW,0,,,N,0700
US1TXAT0046,20221031,SNOW,0,,,N,0700
US1TXAT0046,20221015,DAPR,9,,,N,0700
US1TXAT0046,20221015,MDPR,130,,,N,0700
US1TXAT0046,20221101,PRCP,18,,,N,0645
US1TXAT0046,20221102,PRCP,0,,,N,0700
US1TXAT0046,20221103,PRCP,0,,,N,0700
US1TXAT0046,20221104,PRCP,0,,,N,0700
US1TXAT0046,20221105,PRCP,0,,,N,0700
US1TXAT0046,20221106,PRCP,0,,,N,0700
US1TXAT0046,20221117,PRCP,0,,,N,0700
US1TXAT0046,20221118,PRCP,0,,,N,0700
US1TXAT0046,20221119,PRCP,0,,,N,0700
US1TXAT0046,20221120,PRCP,28,,,N,0700
US1TXAT0046,20221121,PRCP,25,,,N,0730
US1TXAT0046,20221122,PRCP,43,,,N,0700
US1TXAT0046,20221126,PRCP,191,,,N,0730
US1TXAT0046,20221127,PRCP,0,,,N,0700
US1TXAT0046,20221128,PRCP,0,,,N,0700
US1TXAT0046,20221129,PRCP,0,,,N,0700
US1TXAT0046,20221130,PRCP,0,,,N,0700
US1TXAT0046,20221102,SNOW,0,,,N,0700
US1TXAT0046,20221103,SNOW,0,,,N,0700
US1TXAT0046,20221104,SNOW,0,,,N,0700
US1TXAT0046,20221105,SNOW,0,,,N,0700
US1TXAT0046,20221106,SNOW,0,,,N,0700
US1TXAT0046,20221117,SNOW,0,,,N,0700
US1TXAT0046,20221118,SNOW,0,,,N,0700
US1TXAT0046,20221119,SNOW,0,,,N,0700
US1TXAT0046,20221127,SNOW,0,,,N,0700
US1TXAT0046,20221128,SNOW,0,,,N,0700
US1TXAT0046,20221129,SNOW,0,,,N,0700
US1TXAT0046,20221130,SNOW,0,,,N,0700
US1TXAT0046,20221116,DAPR,10,,,N,0700
US1TXAT0046,20221125,DAPR,3,,,N,0700
US1TXAT0046,20221116,MDPR,56,,,N,0700
US1TXAT0046,20221125,MDPR,58,,,N,0700
US1TXAT0046,20221201,PRCP,0,,,N,0700
US1TXAT0046,20221202,PRCP,0,,,N,0700
US1TXAT0046,20221203,PRCP,0,,,N,0700
US1TXAT0046,20221204,PRCP,0,,,N,0700
US1TXAT0046,20221205,PRCP,0,,,N,0700
US1TXAT0046,20221206,PRCP,0,,,N,0700
US1TXAT0046,20221207,PRCP,0,,,N,0700
US1TXAT0046,20221208,PRCP,0,,,N,0700
US1TXAT0046,20221209,PRCP,0,,,N,0700
US1TXAT0046,20221210,PRCP,0,,,N,0700
US1TXAT0046,20221211,PRCP,0,,,N,0700
US1TXAT0046,20221212,PRCP,0,,,N,0700
US1TXAT0046,20221213,PRCP,0,,,N,0700
US1TXAT0046,20221214,PRCP,0,,,N,0700
US1TXAT0046,20221215,PRCP,0,,,N,0700
US1TXAT0046,20221216,PRCP,0,,,N,0700
US1TXAT0046,20221217,PRCP,0,,,N,0700
US1TXAT0046,20221218,PRCP,0,,,N,0700
US1TXAT0046,20221219,PRCP,0,,,N,0700
US1TXAT0046,20221220,PRCP,91,,,N,0700
US1TXAT0046,20221221,PRCP,0,,,N,0700
US1TXAT0046,20221222,PRCP,0,,,N,0700
US1TXAT0046,20221223,PRCP,0,,,N,0700
US1TXAT0046,20221224,PRCP,0,,,N,0700
US1TXAT0046,20221225,PRCP,0,,,N,0700
US1TXAT0046,20221226,PRCP,0,,,N,0700
US1TXAT0046,20221227,PRCP,0,,,N,0700
US1TXAT0046,20221228,PRCP,0,,,N,0700
US1TXAT0046,20221229,PRCP,0,,,N,0700
US1TXAT0046,20221230,PRCP,0,,,N,0700
US1TXAT0046,20221231,PRCP,0,,,N,0700
US1TXAT0046,20221201,SNOW,0,,,N,0700
US1TXAT0046,20221202,SNOW,0,,,N,0700
US1TXAT0046,20221203,SNOW,0,,,N,0700
US1TXAT0046,20221204,SNOW,0,,,N,0700
US1TXAT0046,20221205,SNOW,0,,,N,0700
US1TXAT0046,20221206,SNOW,0,,,N,0700
US1TXAT0046,20221207,SNOW,0,,,N,0700
US1TXAT0046,20221208,SNOW,0,,,N,0700
US1TXAT0046,20221209,SNOW,0,,,N,0700
US1TXAT0046,20221210,SNOW,0,,,N,0700
US1TXAT0046,20221211,SNOW,0,,,N,0700
US1TXAT0046,20221212,SNOW,0,,,N,0700
US1TXAT0046,20221213,SNOW,0,,,N,0700
US1TXAT0046,20221214,SNOW,0,,,N,0700
US1TXAT0046,20221215,SNOW,0,,,N,0700
US1TXAT0046,20221216,SNOW,0,,,N,0700
US1TXAT0046,20221217,SNOW,0,,,N,0700
US1TXAT0046,20221218,SNOW,0,,,N,0700
US1TXAT0046,20221219,SNOW,0,,,N,0700
US1TXAT0046,20221221,SNOW,0,,,N,0700
US1TXAT0046,20221222,SNOW,0,,,N,0700
US1TXAT0046,20221223,SNOW,0,,,N,0700
US1TXAT0046,20221224,SNOW,0,,,N,0700
US1TXAT0046,20221225,SNOW,0,,,N,0700
US1TXAT0046,20221226,SNOW,0,,,N,0700
US1TXAT0046,20221227,SNOW,0,,,N,0700
US1TXAT0046,20221228,SNOW,0,,,N,0700
US1TXAT0046,20221229,SNOW,0,,,N,0700
US1TXAT0046,20221230,SNOW,0,,,N,0700
US1TXAT0046,20221231,SNOW,0,,,N,0700
US1TXAT0046,20230101,PRCP,0,,,N,0700
US1TXAT0046,20230102,PRCP,0,,,N,0700
US1TXAT0046,20230103,PRCP,0,,,N,0700
US1TXAT0046,20230104,PRCP,0,,,N,0700
US1TXAT0046,20230105,PRCP,0,,,N,0700
US1TXAT0046,20230106,PRCP,0,,,N,0700
US1TXAT0046,20230107,PRCP,0,,,N,0700
US1TXAT0046,20230108,PRCP,0,,,N,0700
US1TXAT0046,20230109,PRCP,0,,,N,0700
US1TXAT0046,20230110,PRCP,0,,,N,0700
US1TXAT0046,20230111,PRCP,0,,,N,0700
US1TXAT0046,20230112,PRCP,0,,,N,0700
US1TXAT0046,20230113,PRCP,0,,,N,0700
US1TXAT0046,20230114,PRCP,0,,,N,0700
US1TXAT0046,20230115,PRCP,0,,,N,0700
US1TXAT0046,20230116,PRCP,0,,,N,0700
US1TXAT0046,20230117,PRCP,0,,,N,0700
US1TXAT0046,20230118,PRCP,0,,,N,0700
US1TXAT0046,20230119,PRCP,0,,,N,0700
US1TXAT0046,20230120,PRCP,0,,,N,0700
US1TXAT0046,20230121,PRCP,0,,,N,0700
US1TXAT0046,20230122,PRCP,0,,,N,0700
US1TXAT0046,20230123,PRCP,0,,,N,0700
US1TXAT0046,20230124,PRCP,36,,,N,0730
US1TXAT0046,20230125,PRCP,43,,,N,0730
US1TXAT0046,20230126,PRCP,0,,,N,0700
US1TXAT0046,20230127,PRCP,0,,,N,0700
US1TXAT0046,20230128,PRCP,0,,,N,0700
US1TXAT0046,20230131,PRCP,10,,,N,0700
US1TXAT0046,20230101,SNOW,0,,,N,0700
US1TXAT0046,20230102,SNOW,0,,,N,0700
US1TXAT0046,20230103,SNOW,0,,,N,0700
US1TXAT0046,20230104,SNOW,0,,,N,0700
US1TXAT0046,20230105,SNOW,0,,,N,0700
US1TXAT0046,20230106,SNOW,0,,,N,0700
US1TXAT0046,20230107,SNOW,0,,,N,0700
US1TXAT0046,20230108,SNOW,0,,,N,0700
US1TXAT0046,20230109,SNOW,0,,,N,0700
US1TXAT0046,20230110,SNOW,0,,,N,0700
US1TXAT0046,20230111,SNOW,0,,,N,0700
US1TXAT0046,20230112,SNOW,0,,,N,0700
US1TXAT0046,20230113,SNOW,0,,,N,0700
US1TXAT0046,20230114,SNOW,0,,,N,0700
US1TXAT0046,20230115,SNOW,0,,,N,0700
US1TXAT0046,20230116,SNOW,0,,,N,0700
US1TXAT0046,20230117,SNOW,0,,,N,0700
US1TXAT0046,20230118,SNOW,0,,,N,0700
US1TXAT0046,20230119,SNOW,0,,,N,0700
US1TXAT0046,20230120,SNOW,0,,,N,0700
US1TXAT0046,20230121,SNOW,0,,,N,0700
US1TXAT0046,20230122,SNOW,0,,,N,0700
US1TXAT0046,20230123,SNOW,0,,,N,0700
US1TXAT0046,20230126,SNOW,0,,,N,0700
US1TXAT0046,20230127,SNOW,0,,,N,0700
US1TXAT0046,20230128,SNOW,0,,,N,0700
US1TXAT0046,20230130,DAPR,2,,,N,0700
US1TXAT0046,20230130,MDPR,33,,,N,0700
US1TXAT0046,20230201,PRCP,142,,,N,0700
US1TXAT0046,20230202,PRCP,48,,,N,0700
US1TXAT0046,20230203,PRCP,0,,,N,0700
US1TXAT0046,20230204,PRCP,0,,,N,0700
US1TXAT0046,20230205,PRCP,0,,,N,0700
US1TXAT0046,20230206,PRCP,0,,,N,0700
US1TXAT0046,20230207,PRCP,0,,,N,0700
US1TXAT0046,20230208,PRCP,0,,,N,0700
US1TXAT0046,20230209,PRCP,53,,,N,0730
US1TXAT0046,20230210,PRCP,0,,,N,0700
US1TXAT0046,20230211,PRCP,0,,,N,0700
US1TXAT0046,20230212,PRCP,0,,,N,0700
US1TXAT0046,20230213,PRCP,0,,,N,0700
US1TXAT0046,20230214,PRCP,0,,,N,0700
US1TXAT0046,20230215,PRCP,0,,,N,0700
US1TXAT0046,20230216,PRCP,0,,,N,0700
US1TXAT0046,20230217,PRCP,0,,,N,0700
US1TXAT0046,20230218,PRCP,0,,,N,0700
US1TXAT0046,20230219,PRCP,0,,,N,0700
US1TXAT0046,20230220,PRCP,0,,,N,0700
US1TXAT0046,20230221,PRCP,0,,,N,0700
US1TXAT0046,20230222,PRCP,0,,,N,0700
US1TXAT0046,20230223,PRCP,0,,,N,0700
US1TXAT0046,20230224,PRCP,0,,,N,0700
US1TXAT0046,20230225,PRCP,0,,,N,0700
US1TXAT0046,20230226,PRCP,0,,,N,0700
US1TXAT0046,20230227,PRCP,0,,,N,0700
US1TXAT0046,20230228,PRCP,0,,,N,0700
US1TXAT0046,20230203,SNOW,0,,,N,0700
US1TXAT0046,20230204,SNOW,0,,,N,0700
US1TXAT0046,20230205,SNOW,0,,,N,0700
US1TXAT0046,20230206,SNOW,0,,,N,0700
US1TXAT0046,20230207,SNOW,0,,,N,0700
US1TXAT0046,20230208,SNOW,0,,,N,0700
US1TXAT0046,20230210,SNOW,0,,,N,0700
US1TXAT0046,20230211,SNOW,0,,,N,0700
US1TXAT0046,20230212,SNOW,0,,,N,0700
US1TXAT0046,20230213,SNOW,0,,,N,0700
US1TXAT0046,20230214,SNOW,0,,,N,0700
US1TXAT0046,20230215,SNOW,0,,,N,0700
US1TXAT0046,20230216,SNOW,0,,,N,0700
US1TXAT0046,20230217,SNOW,0,,,N,0700
US1TXAT0046,20230218,SNOW,0,,,N,0700
US1TXAT0046,20230219,SNOW,0,,,N,0700
US1TXAT0046,20230220,SNOW,0,,,N,0700
US1TXAT0046,20230221,SNOW,0,,,N,0700
US1TXAT0046,20230222,SNOW,0,,,N,0700
US1TXAT0046,20230223,SNOW,0,,,N,0700
US1TXAT0046,20230224,SNOW,0,,,N,0700
US1TXAT0046,20230225,SNOW,0,,,N,0700
US1TXAT0046,20230226,SNOW,0,,,N,0700
US1TXAT0046,20230227,SNOW,0,,,N,0700
US1TXAT0046,20230228,SNOW,0,,,N,0700
US1TXAT0046,20230301,PRCP,0,,,N,0700
US1TXAT0046,20230302,PRCP,234,,,N,0620
US1TXAT0046,20230303,PRCP,0,,,N,0700
US1TXAT0046,20230304,PRCP,0,,,N,0700
US1TXAT0046,20230305,PRCP,0,,,N,0700
US1TXAT0046,20230306,PRCP,0,,,N,0700
US1TXAT0046,20230307,PRCP,0,,,N,0700
US1TXAT0046,20230308,PRCP,0,,,N,0700
US1TXAT0046,20230309,PRCP,0,,,N,0700
US1TXAT0046,20230310,PRCP,0,,,N,0700
US1TXAT0046,20230311,PRCP,0,,,N,0700
US1TXAT0046,20230312,PRCP,0,,,N,0700
US1TXAT0046,20230313,PRCP,0,,,N,0700
US1TXAT0046,20230314,PRCP,0,,,N,0700
US1TXAT0046,20230315,PRCP,0,,,N,0700
US1TXAT0046,20230316,PRCP,0,,,N,0700
US1TXAT0046,20230317,PRCP,48,,,N,0800
US1TXAT0046,20230318,PRCP,86,,,N,0800
US1TXAT0046,20230319,PRCP,38,,,N,0800
US1TXAT0046,20230329,PRCP,0,,,N,0700
US1TXAT0046,20230330,PRCP,20,,,N,0650
US1TXAT0046,20230331,PRCP,10,,,N,0700
US1TXAT0046,20230301,SNOW,0,,,N,0700
US1TXAT0046,20230303,SNOW,0,,,N,0700
US1TXAT0046,20230304,SNOW,0,,,N,0700
US1TXAT0046,20230305,SNOW,0,,,N,0700
US1TXAT0046,20230306,SNOW,0,,,N,0700
US1TXAT0046,20230307,SNOW,0,,,N,0700
US1TXAT0046,20230308,SNOW,0,,,N,0700
US1TXAT0046,20230309,SNOW,0,,,N,0700
US1TXAT0046,20230310,SNOW,0,,,N,0700
US1TXAT0046,20230311,SNOW,0,,,N,0700
US1TXAT0046,20230312,SNOW,0,,,N,0700
US1TXAT0046,20230313,SNOW,0,,,N,0700
US1TXAT0046,20230314,SNOW,0,,,N,0700
US1TXAT0046,20230315,SNOW,0,,,N,0700
US1TXAT0046,20230316,SNOW,0,,,N,0700
US1TXAT0046,20230329,SNOW,0,,,N,0700
US1TXAT0046,20230328,DAPR,9,,,N,0700
US1TXAT0046,20230328,MDPR,51,,,N,0700
US1TXAT0046,20230401,PRCP,0,,,N,0700
US1TXAT0046,20230402,PRCP,0,,,N,0700
US1TXAT0046,20230403,PRCP,0,,,N,0700
US1TXAT0046,20230404,PRCP,0,,,N,0700
US1TXAT0046,20230405,PRCP,0,,,N,0700
US1TXAT0046,20230406,PRCP,152,,,N,0640
US1TXAT0046,20230407,PRCP,41,,,N,0700
US1TXAT0046,20230408,PRCP,64,,,N,0800
US1TXAT0046,20230409,PRCP,0,,,N,0700
US1TXAT0046,20230410,PRCP,0,,,N,0700
US1TXAT0046,20230411,PRCP,0,,,N,0700
US1TXAT0046,20230412,PRCP,0,,,N,0700
US1TXAT0046,20230413,PRCP,0,,,N,0700
US1TXAT0046,20230414,PRCP,0,,,N,0700
US1TXAT0046,20230415,PRCP,0,,,N,0700
US1TXAT0046,20230416,PRCP,0,,,N,0700
US1TXAT0046,20230417,PRCP,0,,,N,0700
US1TXAT0046,20230418,PRCP,0,,,N,0700
US1TXAT0046,20230419,PRCP,0,,,N,0700
US1TXAT0046,20230420,PRCP,0,,,N,0700
US1TXAT0046,20230421,PRCP,262,,,N,0650
US1TXAT0046,20230422,PRCP,0,,,N,0700
US1TXAT0046,20230423,PRCP,305,,,N,0900
US1TXAT0046,20230424,PRCP,38,,,N,0700
US1TXAT0046,20230425,PRCP,0,,,N,0700
US1TXAT0046,20230426,PRCP,0,,,N,0700
US1TXAT0046,20230427,PRCP,0,,,N,0700
US1TXAT0046,20230428,PRCP,0,,,N,0700
US1TXAT0046,20230429,PRCP,0,,,N,0700
US1TXAT0046,20230430,PRCP,0,,,N,0700
US1TXAT0046,20230401,SNOW,0,,,N,0700
US1TXAT0046,20230402,SNOW,0,,,N,0700
US1TXAT0046,20230403,SNOW,0,,,N,0700
US1TXAT0046,20230404,SNOW,0,,,N,0700
US1TXAT0046,20230405,SNOW,0,,,N,0700
US1TXAT0046,20230409,SNOW,0,,,N,0700
US1TXAT0046,20230410,SNOW,0,,,N,0700
US1TXAT0046,20230411,SNOW,0,,,N,0700
US1TXAT0046,20230412,SNOW,0,,,N,0700
US1TXAT0046,20230413,SNOW,0,,,N,0700
US1TXAT0046,20230414,SNOW,0,,,N,0700
US1TXAT0046,20230415,SNOW,0,,,N,0700
US1TXAT0046,20230416,SNOW,0,,,N,0700
US1TXAT0046,20230417,SNOW,0,,,N,0700
US1TXAT0046,20230418,SNOW,0,,,N,0700
US1TXAT0046,20230419,SNOW,0,,,N,0700
US1TXAT0046,20230420,SNOW,0,,,N,0700
US1TXAT0046,20230422,SNOW,0,,,N,0700
US1TXAT0046,20230425,SNOW,0,,,N,0700
US1TXAT0046,20230426,SNOW,0,,,N,0700
US1TXAT0046,20230427,SNOW,0,,,N,0700
US1TXAT0046,20230428,SNOW,0,,,N,0700
US1TXAT0046,20230429,SNOW,0,,,N,0700
US1TXAT0046,20230430,SNOW,0,,,N,0700
US1TXAT0046,20230501,PRCP,0,,,N,0700
US1TXAT0046,20230502,PRCP,0,,,N,0700
US1TXAT0046,20230503,PRCP,0,,,N,0700
US1TXAT0046,20230504,PRCP,0,,,N,0700
US1TXAT0046,20230505,PRCP,0,,,N,0700
US1TXAT0046,20230506,PRCP,0,,,N,0700
US1TXAT0046,20230507,PRCP,51,,,N,0800
US1TXAT0046,20230508,PRCP,0,,,N,0700
US1TXAT0046,20230509,PRCP,69,,,N,0700
US1TXAT0046,20230510,PRCP,58,,,N,0645
US1TXAT0046,20230511,PRCP,0,,,N,0700
US1TXAT0046,20230512,PRCP,0,,,N,0700
US1TXAT0046,20230521,PRCP,0,,,N,0700
US1TXAT0046,20230522,PRCP,0,,,N,0700
US1TXAT0046,20230523,PRCP,0,,,N,0700
US1TXAT0046,20230524,PRCP,15,,,N,0730
US1TXAT0046,20230525,PRCP,0,,,N,0700
US1TXAT0046,20230526,PRCP,0,,,N,0700
US1TXAT0046,20230527,PRCP,0,,,N,0700
US1TXAT0046,20230528,PRCP,0,,,N,0700
US1TXAT0046,20230529,PRCP,0,,,N,0700
US1TXAT0046,20230530,PRCP,163,,,N,0630
US1TXAT0046,20230531,PRCP,0,,,N,0700
US1TXAT0046,20230501,SNOW,0,,,N,0700
US1TXAT0046,20230502,SNOW,0,,,N,0700
US1TXAT0046,20230503,SNOW,0,,,N,0700
US1TXAT0046,20230504,SNOW,0,,,N,0700
US1TXAT0046,20230505,SNOW,0,,,N,0700
US1TXAT0046,20230506,SNOW,0,,,N,0700
US1TXAT0046,20230508,SNOW,0,,,N,0700
US1TXAT0046,20230511,SNOW,0,,,N,0700
US1TXAT0046,20230512,SNOW,0,,,N,0700
US1TXAT0046,20230521,SNOW,0,,,N,0700
US1TXAT0046,20230522,SNOW,0,,,N,0700
US1TXAT0046,20230523,SNOW,0,,,N,0700
US1TXAT0046,20230525,SNOW,0,,,N,0700
US1TXAT0046,20230526,SNOW,0,,,N,0700
US1TXAT0046,20230527,SNOW,0,,,N,0700
US1TXAT0046,20230528,SNOW,0,,,N,0700
US1TXAT0046,20230529,SNOW,0,,,N,0700
US1TXAT0046,20230531,SNOW,0,,,N,0700
US1TXAT0046,20230520,DAPR,8,,,N,2130
US1TXAT0046,20230520,MDPR,914,,,N,2130
US1TXAT0046,20230601,PRCP,0,,,N,0700
US1TXAT0046,20230602,PRCP,0,,,N,0700
US1TXAT0046,20230603,PRCP,48,,,N,0700
US1TXAT0046,20230604,PRCP,310,,,N,0745
US1TXAT0046,20230605,PRCP,89,,,N,0630
US1TXAT0046,20230606,PRCP,0,,,N,0700
US1TXAT0046,20230607,PRCP,0,,,N,0700
US1TXAT0046,20230608,PRCP,0,,,N,0700
US1TXAT0046,20230609,PRCP,0,,,N,0700
US1TXAT0046,20230610,PRCP,0,,,N,0700
US1TXAT0046,20230611,PRCP,0,,,N,0700
US1TXAT0046,20230612,PRCP,0,,,N,0700
US1TXAT0046,20230613,PRCP,0,,,N,0700
US1TXAT0046,20230614,PRCP,0,,,N,0700
US1TXAT0046,20230615,PRCP,0,,,N,0700
US1TXAT0046,20230616,PRCP,0,,,N,0700
US1TXAT0046,20230617,PRCP,0,,,N,0700
US1TXAT0046,20230618,PRCP,0,,,N,0700
US1TXAT0046,20230619,PRCP,0,,,N,0700
US1TXAT0046,20230620,PRCP,0,,,N,0700
US1TXAT0046,20230621,PRCP,0,,,N,0700
US1TXAT0046,20230622,PRCP,0,,,N,0700
US1TXAT0046,20230623,PRCP,0,,,N,0700
US1TXAT0046,20230624,PRCP,0,,,N,0700
US1TXAT0046,20230625,PRCP,0,,,N,0700
US1TXAT0046,20230626,PRCP,0,,,N,0700
US1TXAT0046,20230627,PRCP,0,,,N,0700
US1TXAT0046,20230628,PRCP,0,,,N,0700
US1TXAT0046,20230629,PRCP,0,,,N,0700
US1TXAT0046,20230630,PRCP,0,,,N,0700
US1TXAT0046,20230601,SNOW,0,,,N,0700
US1TXAT0046,20230602,SNOW,0,,,N,0700
US1TXAT0046,20230606,SNOW,0,,,N,0700
US1TXAT0046,20230607,SNOW,0,,,N,0700
US1TXAT0046,20230608,SNOW,0,,,N,0700
US1TXAT0046,20230609,SNOW,0,,,N,0700
US1TXAT0046,20230610,SNOW,0,,,N,0700
US1TXAT0046,20230611,SNOW,0,,,N,0700
US1TXAT0046,20230612,SNOW,0,,,N,0700
US1TXAT0046,20230613,SNOW,0,,,N,0700
US1TXAT0046,20230614,SNOW,0,,,N,0700
US1TXAT0046,20230615,SNOW,0,,,N,0700
US1TXAT0046,20230616,SNOW,0,,,N,0700
US1TXAT0046,20230617,SNOW,0,,,N,0700
US1TXAT0046,20230618,SNOW,0,,,N,0700
US1TXAT0046,20230619,SNOW,0,,,N,0700
US1TXAT0046,20230620,SNOW,0,,,N,0700
US1TXAT0046,20230621,SNOW,0,,,N,0700
US1TXAT0046,20230622,SNOW,0,,,N,0700
US1TXAT0046,20230623,SNOW,0,,,N,0700
US1TXAT0046,20230624,SNOW,0,,,N,0700
US1TXAT0046,20230625,SNOW,0,,,N,0700
US1TXAT0046,20230626,SNOW,0,,,N,0700
US1TXAT0046,20230627,SNOW,0,,,N,0700
US1TXAT0046,20230628,SNOW,0,,,N,0700
US1TXAT0046,20230629,SNOW,0,,,N,0700
US1TXAT0046,20230630,SNOW,0,,,N,0700
US1TXAT0046,20230701,PRCP,0,,,N,0700
US1TXAT0046,20230702,PRCP,0,,,N,0700
US1TXAT0046,20230703,PRCP,0,,,N,0700
US1TXAT0046,20230704,PRCP,0,,,N,0700
US1TXAT0046,20230705,PRCP,0,,,N,0700
US1TXAT0046,20230706,PRCP,0,,,N,0700
US1TXAT0046,20230707,PRCP,13,,,N,0700
US1TXAT0046,20230708,PRCP,0,,,N,0700
US1TXAT0046,20230709,PRCP,0,,,N,0700
US1TXAT0046,20230710,PRCP,0,,,N,0700
US1TXAT0046,20230711,PRCP,0,,,N,0700
US1TXAT0046,20230712,PRCP,0,,,N,0700
US1TXAT0046,20230713,PRCP,0,,,N,0700
US1TXAT0046,20230714,PRCP,0,,,N,0700
US1TXAT0046,20230715,PRCP,0,,,N,0700
US1TXAT0046,20230716,PRCP,0,,,N,0700
US1TXAT0046,20230717,PRCP,0,,,N,0700
US1TXAT0046,20230718,PRCP,0,,,N,0700
US1TXAT0046,20230719,PRCP,0,,,N,0700
US1TXAT0046,20230720,PRCP,0,,,N,0700
US1TXAT0046,20230721,PRCP,0,,,N,0700
US1TXAT0046,20230722,PRCP,0,,,N,0700
US1TXAT0046,20230723,PRCP,0,,,N,0700
US1TXAT0046,20230724,PRCP,274,,,N,0700
US1TXAT0046,20230725,PRCP,0,,,N,0700
US1TXAT0046,20230726,PRCP,0,,,N,0700
US1TXAT0046,20230727,PRCP,0,,,N,0700
US1TXAT0046,20230728,PRCP,0,,,N,0700
US1TXAT0046,20230729,PRCP,0,,,N,0700
US1TXAT0046,20230730,PRCP,0,,,N,0700
US1TXAT0046,20230731,PRCP,0,,,N,0700
US1TXAT0046,20230701,SNOW,0,,,N,0700
US1TXAT0046,20230702,SNOW,0,,,N,0700
US1TXAT0046,20230703,SNOW,0,,,N,0700
US1TXAT0046,20230704,SNOW,0,,,N,0700
US1TXAT0046,20230705,SNOW,0,,,N,0700
US1TXAT0046,20230706,SNOW,0,,,N,0700
US1TXAT0046,20230708,SNOW,0,,,N,0700
US1TXAT0046,20230709,SNOW,0,,,N,0700
US1TXAT0046,20230710,SNOW,0,,,N,0700
US1TXAT0046,20230711,SNOW,0,,,N,0700
US1TXAT0046,20230712,SNOW,0,,,N,0700
US1TXAT0046,20230713,SNOW,0,,,N,0700
US1TXAT0046,20230714,SNOW,0,,,N,0700
US1TXAT0046,20230715,SNOW,0,,,N,0700
US1TXAT0046,20230716,SNOW,0,,,N,0700
US1TXAT0046,20230717,SNOW,0,,,N,0700
US1TXAT0046,20230718,SNOW,0,,,N,0700
US1TXAT0046,20230719,SNOW,0,,,N,0700
US1TXAT0046,20230720,SNOW,0,,,N,0700
US1TXAT0046,20230721,SNOW,0,,,N,0700
US1TXAT0046,20230722,SNOW,0,,,N,0700
US1TXAT0046,20230723,SNOW,0,,,N,0700
US1TXAT0046,20230725,SNOW,0,,,N,0700
US1TXAT0046,20230726,SNOW,0,,,N,0700
US1TXAT0046,20230727,SNOW,0,,,N,0700
US1TXAT0046,20230728,SNOW,0,,,N,0700
US1TXAT0046,20230729,SNOW,0,,,N,0700
US1TXAT0046,20230730,SNOW,0,,,N,0700
US1TXAT0046,20230731,SNOW,0,,,N,0700
US1TXAT0046,20230801,PRCP,0,,,N,0700
US1TXAT0046,20230802,PRCP,0,,,N,0700
US1TXAT0046,20230803,PRCP,0,,,N,0700
US1TXAT0046,20230804,PRCP,0,,,N,0700
US1TXAT0046,20230805,PRCP,0,,,N,0700
US1TXAT0046,20230806,PRCP,0,,,N,0700
US1TXAT0046,20230807,PRCP,0,,,N,0700
US1TXAT0046,20230808,PRCP,0,,,N,0700
US1TXAT0046,20230809,PRCP,0,,,N,0700
US1TXAT0046,20230810,PRCP,0,,,N,0700
US1TXAT0046,20230811,PRCP,0,,,N,0700
US1TXAT0046,20230812,PRCP,0,,,N,0700
US1TXAT0046,20230813,PRCP,0,,,N,0700
US1TXAT0046,20230814,PRCP,0,,,N,0700
US1TXAT0046,20230815,PRCP,0,,,N,0700
US1TXAT0046,20230816,PRCP,0,,,N,0700
US1TXAT0046,20230817,PRCP,0,,,N,0700
US1TXAT0046,20230818,PRCP,0,,,N,0700
US1TXAT0046,20230819,PRCP,0,,,N,0700
US1TXAT0046,20230820,PRCP,0,,,N,0700
US1TXAT0046,20230821,PRCP,0,,,N,0700
US1TXAT0046,20230822,PRCP,0,,,N,0700
US1TXAT0046,20230823,PRCP,231,,,N,0700
US1TXAT0046,20230824,PRCP,0,,,N,0700
US1TXAT0046,20230825,PRCP,0,,,N,0700
US1TXAT0046,20230826,PRCP,0,,,N,0700
US1TXAT0046,20230827,PRCP,0,,,N,0700
US1TXAT0046,20230828,PRCP,0,,,N,0700
US1TXAT0046,20230829,PRCP,0,,,N,0700
US1TXAT0046,20230830,PRCP,0,,,N,0700
US1TXAT0046,20230831,PRCP,0,,,N,0700
US1TXAT0046,20230801,SNOW,0,,,N,0700
US1TXAT0046,20230802,SNOW,0,,,N,0700
US1TXAT0046,20230803,SNOW,0,,,N,0700
US1TXAT0046,20230804,SNOW,0,,,N,0700
US1TXAT0046,20230805,SNOW,0,,,N,0700
US1TXAT0046,20230806,SNOW,0,,,N,0700
US1TXAT0046,20230807,SNOW,0,,,N,0700
US1TXAT0046,20230808,SNOW,0,,,N,0700
US1TXAT0046,20230809,SNOW,0,,,N,0700
US1TXAT0046,20230810,SNOW,0,,,N,0700
US1TXAT0046,20230811,SNOW,0,,,N,0700
US1TXAT0046,20230812,SNOW,0,,,N,0700
US1TXAT0046,20230813,SNOW,0,,,N,0700
US1TXAT0046,20230814,SNOW,0,,,N,0700
US1TXAT0046,20230815,SNOW,0,,,N,0700
US1TXAT0046,20230816,SNOW,0,,,N,0700
US1TXAT0046,20230817,SNOW,0,,,N,0700
US1TXAT0046,20230818,SNOW,0,,,N,0700
US1TXAT0046,20230819,SNOW,0,,,N,0700
US1TXAT0046,20230820,SNOW,0,,,N,0700
US1TXAT0046,20230821,SNOW,0,,,N,0700
US1TXAT0046,20230822,SNOW,0,,,N,0700
US1TXAT0046,20230824,SNOW,0,,,N,0700
US1TXAT0046,20230825,SNOW,0,,,N,0700
US1TXAT0046,20230826,SNOW,0,,,N,0700
US1TXAT0046,20230827,SNOW,0,,,N,0700
US1TXAT0046,20230828,SNOW,0,,,N,0700
US1TXAT0046,20230829,SNOW,0,,,N,0700
US1TXAT0046,20230830,SNOW,0,,,N,0700
US1TXAT0046,20230831,SNOW,0,,,N,0700
US1TXAT0046,20230901,PRCP,0,,,N,0700
US1TXAT0046,20230902,PRCP,0,,,N,0700
US1TXAT0046,20230903,PRCP,0,,,N,0700
US1TXAT0046,20230904,PRCP,0,,,N,0700
US1TXAT0046,20230905,PRCP,0,,,N,0700
US1TXAT0046,20230906,PRCP,0,,,N,0700
US1TXAT0046,20230907,PRCP,0,,,N,0700
US1TXAT0046,20230908,PRCP,0,,,N,0700
US1TXAT0046,20230909,PRCP,0,,,N,0700
US1TXAT0046,20230910,PRCP,0,,,N,0700
US1TXAT0046,20230911,PRCP,0,,,N,0700
US1TXAT0046,20230912,PRCP,0,,,N,0700
US1TXAT0046,20230913,PRCP,0,,,N,0700
US1TXAT0046,20230914,PRCP,0,,,N,0700
US1TXAT0046,20230915,PRCP,0,,,N,0700
US1TXAT0046,20230916,PRCP,0,,,N,0700
US1TXAT0046,20230917,PRCP,0,,,N,0700
US1TXAT0046,20230918,PRCP,0,,,N,0700
US1TXAT0046,20230919,PRCP,0,,,N,0700
US1TXAT0046,20230920,PRCP,0,,,N,0700
US1TXAT0046,20230921,PRCP,0,,,N,0700
US1TXAT0046,20230922,PRCP,0,,,N,0700
US1TXAT0046,20230923,PRCP,0,,,N,0700
US1TXAT0046,20230924,PRCP,0,,,N,0700
US1TXAT0046,20230925,PRCP,0,,,N,0700
US1TXAT0046,20230926,PRCP,155,,,N,0645
US1TXAT0046,20230927,PRCP,0,,,N,0700
US1TXAT0046,20230928,PRCP,0,,,N,0700
US1TXAT0046,20230929,PRCP,0,,,N,0700
US1TXAT0046,20230930,PRCP,0,,,N,0700
US1TXAT0046,20230901,SNOW,0,,,N,0700
US1TXAT0046,20230902,SNOW,0,,,N,0700
US1TXAT0046,20230903,SNOW,0,,,N,0700
US1TXAT0046,20230904,SNOW,0,,,N,0700
US1TXAT0046,20230905,SNOW,0,,,N,0700
US1TXAT0046,20230906,SNOW,0,,,N,0700
US1TXAT0046,20230907,SNOW,0,,,N,0700
US1TXAT0046,20230908,SNOW,0,,,N,0700
US1TXAT0046,20230909,SNOW,0,,,N,0700
US1TXAT0046,20230910,SNOW,0,,,N,0700
US1TXAT0046,20230911,SNOW,0,,,N,0700
US1TXAT0046,20230912,SNOW,0,,,N,0700
US1TXAT0046,20230913,SNOW,0,,,N,0700
US1TXAT0046,20230914,SNOW,0,,,N,0700
US1TXAT0046,20230915,SNOW,0,,,N,0700
US1TXAT0046,20230916,SNOW,0,,,N,0700
US1TXAT0046,20230917,SNOW,0,,,N,0700
US1TXAT0046,20230918,SNOW,0,,,N,0700
US1TXAT0046,20230919,SNOW,0,,,N,0700
US1TXAT0046,20230920,SNOW,0,,,N,0700
US1TXAT0046,20230921,SNOW,0,,,N,0700
US1TXAT0046,20230922,SNOW,0,,,N,0700
US1TXAT0046,20230923,SNOW,0,,,N,0700
US1TXAT0046,20230924,SNOW,0,,,N,0700
US1TXAT0046,20230925,SNOW,0,,,N,0700
US1TXAT0046,20230927,SNOW,0,,,N,0700
US1TXAT0046,20230928,SNOW,0,,,N,0700
US1TXAT0046,20230929,SNOW,0,,,N,0700
US1TXAT0046,20230930,SNOW,0,,,N,0700
US1TXAT0046,20231004,PRCP,0,,,N,0700
US1TXAT0046,20231005,PRCP,0,,,N,0700
US1TXAT0046,20231006,PRCP,221,,,N,0700
US1TXAT0046,20231007,PRCP,0,,,N,0700
US1TXAT0046,20231008,PRCP,0,,,N,0700
US1TXAT0046,20231009,PRCP,0,,,N,0700
US1TXAT0046,20231010,PRCP,0,,,N,0700
US1TXAT0046,20231011,PRCP,157,,,N,0630
US1TXAT0046,20231012,PRCP,23,,,N,0649
US1TXAT0046,20231013,PRCP,0,,,N,0700
US1TXAT0046,20231014,PRCP,0,,,N,0700
US1TXAT0046,20231015,PRCP,0,,,N,0700
US1TXAT0046,20231016,PRCP,0,,,N,0700
US1TXAT0046,20231017,PRCP,0,,,N,0700
US1TXAT0046,20231018,PRCP,0,,,N,0700
US1TXAT0046,20231019,PRCP,0,,,N,0700
US1TXAT0046,20231020,PRCP,0,,,N,0700
US1TXAT0046,20231021,PRCP,0,,,N,0700
US1TXAT0046,20231022,PRCP,0,,,N,0700
US1TXAT0046,20231027,PRCP,716,,,N,0710
US1TXAT0046,20231028,PRCP,10,,,N,0700
US1TXAT0046,20231029,PRCP,0,,,N,0700
US1TXAT0046,20231030,PRCP,25,,,N,0810
US1TXAT0046,20231031,PRCP,25,,,N,0810
US1TXAT0046,20231004,SNOW,0,,,N,0700
US1TXAT0046,20231005,SNOW,0,,,N,0700
US1TXAT0046,20231007,SNOW,0,,,N,0700
US1TXAT0046,20231008,SNOW,0,,,N,0700
US1TXAT0046,20231009,SNOW,0,,,N,0700
US1TXAT0046,20231010,SNOW,0,,,N,0700
US1TXAT0046,20231013,SNOW,0,,,N,0700
US1TXAT0046,20231014,SNOW,0,,,N,0700
US1TXAT0046,20231015,SNOW,0,,,N,0700
US1TXAT0046,20231016,SNOW,0,,,N,0700
US1TXAT0046,20231017,SNOW,0,,,N,0700
US1TXAT0046,20231018,SNOW,0,,,N,0700
US1TXAT0046,20231019,SNOW,0,,,N,0700
US1TXAT0046,20231020,SNOW,0,,,N,0700
US1TXAT0046,20231021,SNOW,0,,,N,0700
US1TXAT0046,20231022,SNOW,0,,,N,0700
US1TXAT0046,20231029,SNOW,0,,,N,0700
US1TXAT0046,20231003,DAPR,3,,,N,0700
US1TXAT0046,20231026,DAPR,4,,,N,0640
US1TXAT0046,20231003,MDPR,48,,,N,0700
US1TXAT0046,20231026,MDPR,18,,,N,0640
US1TXAT0046,20231101,PRCP,0,,,N,0700
US1TXAT0046,20231102,PRCP,0,,,N,0700
US1TXAT0046,20231103,PRCP,0,,,N,0700
US1TXAT0046,20231104,PRCP,0,,,N,0700
US1TXAT0046,20231105,PRCP,0,,,N,0700
US1TXAT0046,20231115,PRCP,0,,,N,0700
US1TXAT0046,20231116,PRCP,0,,,N,0700
US1TXAT0046,20231117,PRCP,0,,,N,0700
US1TXAT0046,20231118,PRCP,0,,,N,0700
US1TXAT0046,20231119,PRCP,0,,,N,0700
US1TXAT0046,20231120,PRCP,0,,,N,0700
US1TXAT0046,20231121,PRCP,0,,,N,0700
US1TXAT0046,20231122,PRCP,0,,,N,0700
US1TXAT0046,20231123,PRCP,0,,,N,0700
US1TXAT0046,20231124,PRCP,30,,,N,0700
US1TXAT0046,20231129,PRCP,0,,,N,0700
US1TXAT0046,20231130,PRCP,30,,,N,0700
US1TXAT0046,20231101,SNOW,0,,,N,0700
US1TXAT0046,20231102,SNOW,0,,,N,0700
US1TXAT0046,20231103,SNOW,0,,,N,0700
US1TXAT0046,20231104,SNOW,0,,,N,0700
US1TXAT0046,20231105,SNOW,0,,,N,0700
US1TXAT0046,20231115,SNOW,0,,,N,0700
US1TXAT0046,20231116,SNOW,0,,,N,0700
US1TXAT0046,20231117,SNOW,0,,,N,0700
US1TXAT0046,20231118,SNOW,0,,,N,0700
US1TXAT0046,20231119,SNOW,0,,,N,0700
US1TXAT0046,20231120,SNOW,0,,,N,0700
US1TXAT0046,20231121,SNOW,0,,,N,0700
US1TXAT0046,20231122,SNOW,0,,,N,0700
US1TXAT0046,20231123,SNOW,0,,,N,0700
US1TXAT0046,20231129,SNOW,0,,,N,0700
US1TXAT0046,20231112,DAPR,7,,,N,0700
US1TXAT0046,20231114,DAPR,3,,,N,0922
US1TXAT0046,20231128,DAPR,4,,,N,0700
US1TXAT0046,20231112,MDPR,66,,,N,0700
US1TXAT0046,20231114,MDPR,155,,,N,0922
US1TXAT0046,20231128,MDPR,13,,,N,0700
US1TXAT0046,20231201,PRCP,18,,,N,0700
US1TXAT0046,20231202,PRCP,0,,,N,0700
US1TXAT0046,20231203,PRCP,0,,,N,0700
US1TXAT0046,20231204,PRCP,0,,,N,0700
US1TXAT0046,20231205,PRCP,0,,,N,0700
US1TXAT0046,20231206,PRCP,0,,,N,0700
US1TXAT0046,20231207,PRCP,0,,,N,0700
US1TXAT0046,20231208,PRCP,0,,,N,0700
US1TXAT0046,20231209,PRCP,0,,,N,0700
US1TXAT0046,20231210,PRCP,0,,,N,0700
US1TXAT0046,20231211,PRCP,0,,,N,0700
US1TXAT0046,20231212,PRCP,0,,,N,0700
US1TXAT0046,20231213,PRCP,8,,,N,0640
US1TXAT0046,20231214,PRCP,58,,,N,0650
US1TXAT0046,20231215,PRCP,0,,,N,0700
US1TXAT0046,20231216,PRCP,0,,,N,0700
US1TXAT0046,20231217,PRCP,0,,,N,0700
US1TXAT0046,20231218,PRCP,0,,,N,0700
US1TXAT0046,20231219,PRCP,0,,,N,0700
US1TXAT0046,20231220,PRCP,0,,,N,0700
US1TXAT0046,20231221,PRCP,0,,,N,0700
US1TXAT0046,20231222,PRCP,56,,,N,0700
US1TXAT0046,20231223,PRCP,0,,,N,0700
US1TXAT0046,20231224,PRCP,25,,,N,0700
US1TXAT0046,20231225,PRCP,0,,,N,0700
US1TXAT0046,20231226,PRCP,0,,,N,0700
US1TXAT0046,20231227,PRCP,0,,,N,0700
US1TXAT0046,20231228,PRCP,0,,,N,0700
US1TXAT0046,20231229,PRCP,0,,,N,0700
US1TXAT0046,20231230,PRCP,0,,,N,0700
US1TXAT0046,20231231,PRCP,0,,,N,0700
US1TXAT0046,20231202,SNOW,0,,,N,0700
US1TXAT0046,20231203,SNOW,0,,,N,0700
US1TXAT0046,20231204,SNOW,0,,,N,0700
US1TXAT0046,20231205,SNOW,0,,,N,0700
US1TXAT0046,20231206,SNOW,0,,,N,0700
US1TXAT0046,20231207,SNOW,0,,,N,0700
US1TXAT0046,20231208,SNOW,0,,,N,0700
US1TXAT0046,20231209,SNOW,0,,,N,0700
US1TXAT0046,20231210,SNOW,0,,,N,0700
US1TXAT0046,20231211,SNOW,0,,,N,0700
US1TXAT0046,20231212,SNOW,0,,,N,0700
US1TXAT0046,20231215,SNOW,0,,,N,0700
US1TXAT0046,20231216,SNOW,0,,,N,0700
US1TXAT0046,20231217,SNOW,0,,,N,0700
US1TXAT0046,20231218,SNOW,0,,,N,0700
US1TXAT0046,20231219,SNOW,0,,,N,0700
US1TXAT0046,20231220,SNOW,0,,,N,0700
US1TXAT0046,20231221,SNOW,0,,,N,0700
US1TXAT0046,20231223,SNOW,0,,,N,0700
US1TXAT0046,20231225,SNOW,0,,,N,0700
US1TXAT0046,20231226,SNOW,0,,,N,0700
US1TXAT0046,20231227,SNOW,0,,,N,0700
US1TXAT0046,20231228,SNOW,0,,,N,0700
US1TXAT0046,20231229,SNOW,0,,,N,0700
US1TXAT0046,20231230,SNOW,0,,,N,0700
US1TXAT0046,20231231,SNOW,0,,,N,0700
US1TXAT0046,20240101,PRCP,0,,,N,0700
US1TXAT0046,20240102,PRCP,0,,,N,0700
US1TXAT0046,20240103,PRCP,5,,,N,0700
US1TXAT0046,20240104,PRCP,0,,,N,0700
US1TXAT0046,20240105,PRCP,0,,,N,0700
US1TXAT0046,20240106,PRCP,0,,,N,0700
US1TXAT0046,20240107,PRCP,0,,,N,0700
US1TXAT0046,20240108,PRCP,0,,,N,0700
US1TXAT0046,20240109,PRCP,0,,,N,0700
US1TXAT0046,20240110,PRCP,0,,,N,0700
US1TXAT0046,20240111,PRCP,0,,,N,0700
US1TXAT0046,20240112,PRCP,0,,,N,0700
US1TXAT0046,20240113,PRCP,0,,,N,0700
US1TXAT0046,20240114,PRCP,0,,,N,0700
US1TXAT0046,20240115,PRCP,0,,,N,0700
US1TXAT0046,20240116,PRCP,0,,,N,0700
US1TXAT0046,20240117,PRCP,0,,,N,0700
US1TXAT0046,20240118,PRCP,0,,,N,0700
US1TXAT0046,20240119,PRCP,0,,,N,0700
US1TXAT0046,20240120,PRCP,0,,,N,0700
US1TXAT0046,20240121,PRCP,0,,,N,0700
US1TXAT0046,20240122,PRCP,274,,,N,0715
US1TXAT0046,20240123,PRCP,36,,,N,0720
US1TXAT0046,20240124,PRCP,241,,,N,0715
US1TXAT0046,20240125,PRCP,150,,,N,0745
US1TXAT0046,20240126,PRCP,0,,,N,0700
US1TXAT0046,20240127,PRCP,0,,,N,0700
US1TXAT0046,20240128,PRCP,0,,,N,0700
US1TXAT0046,20240129,PRCP,0,,,N,0700
US1TXAT0046,20240130,PRCP,0,,,N,0700
US1TXAT0046,20240131,PRCP,0,,,N,0700
US1TXAT0046,20240101,SNOW,0,,,N,0700
US1TXAT0046,20240102,SNOW,0,,,N,0700
US1TXAT0046,20240104,SNOW,0,,,N,0700
US1TXAT0046,20240105,SNOW,0,,,N,0700
US1TXAT0046,20240106,SNOW,0,,,N,0700
US1TXAT0046,20240107,SNOW,0,,,N,0700
US1TXAT0046,20240108,SNOW,0,,,N,0700
US1TXAT0046,20240109,SNOW,0,,,N,0700
US1TXAT0046,20240110,SNOW,0,,,N,0700
US1TXAT0046,20240111,SNOW,0,,,N,0700
US1TXAT0046,20240112,SNOW,0,,,N,0700
US1TXAT0046,20240113,SNOW,0,,,N,0700
US1TXAT0046,20240114,SNOW,0,,,N,0700
US1TXAT0046,20240115,SNOW,0,,,N,0700
US1TXAT0046,20240116,SNOW,0,,,N,0700
US1TXAT0046,20240117,SNOW,0,,,N,0700
US1TXAT0046,20240118,SNOW,0,,,N,0700
US1TXAT0046,20240119,SNOW,0,,,N,0700
US1TXAT0046,20240120,SNOW,0,,,N,0700
US1TXAT0046,20240121,SNOW,0,,,N,0700
US1TXAT0046,20240126,SNOW,0,,,N,0700
US1TXAT0046,20240127,SNOW,0,,,N,0700
US1TXAT0046,20240128,SNOW,0,,,N,0700
US1TXAT0046,20240129,SNOW,0,,,N,0700
US1TXAT0046,20240130,SNOW,0,,,N,0700
US1TXAT0046,20240131,SNOW,0,,,N,0700
US1TXAT0046,20240201,PRCP,0,,,N,0700
US1TXAT0046,20240202,PRCP,0,,,N,0700
US1TXAT0046,20240203,PRCP,295,,,N,0650
US1TXAT0046,20240204,PRCP,0,,,N,0700
US1TXAT0046,20240205,PRCP,0,,,N,0700
US1TXAT0046,20240206,PRCP,0,,,N,0700
US1TXAT0046,20240207,PRCP,0,,,N,0700
US1TXAT0046,20240208,PRCP,0,,,N,0700
US1TXAT0046,20240209,PRCP,0,,,N,0700
US1TXAT0046,20240210,PRCP,0,,,N,0700
US1TXAT0046,20240211,PRCP,0,,,N,0700
US1TXAT0046,20240212,PRCP,0,,,N,0700
US1TXAT0046,20240213,PRCP,0,,,N,0700
US1TXAT0046,20240214,PRCP,0,,,N,0700
US1TXAT0046,20240215,PRCP,0,,,N,0700
US1TXAT0046,20240216,PRCP,51,,,N,0720
US1TXAT0046,20240217,PRCP,0,,,N,0700
US1TXAT0046,20240218,PRCP,0,,,N,0700
US1TXAT0046,20240219,PRCP,0,,,N,0700
US1TXAT0046,20240220,PRCP,0,,,N,0700
US1TXAT0046,20240221,PRCP,0,,,N,0700
US1TXAT0046,20240222,PRCP,0,,,N,0700
US1TXAT0046,20240223,PRCP,0,,,N,0700
US1TXAT0046,20240224,PRCP,0,,,N,0700
US1TXAT0046,20240225,PRCP,0,,,N,0700
US1TXAT0046,20240226,PRCP,0,,,N,0700
US1TXAT0046,20240227,PRCP,0,,,N,0700
US1TXAT0046,20240228,PRCP,0,,,N,0700
US1TXAT0046,20240229,PRCP,0,,,N,0700
US1TXAT0046,20240201,SNOW,0,,,N,0700
US1TXAT0046,20240202,SNOW,0,,,N,0700
US1TXAT0046,20240204,SNOW,0,,,N,0700
US1TXAT0046,20240205,SNOW,0,,,N,0700
US1TXAT0046,20240206,SNOW,0,,,N,0700
US1TXAT0046,20240207,SNOW,0,,,N,0700
US1TXAT0046,20240208,SNOW,0,,,N,0700
US1TXAT0046,20240209,SNOW,0,,,N,0700
US1TXAT0046,20240210,SNOW,0,,,N,0700
US1TXAT0046,20240211,SNOW,0,,,N,0700
US1TXAT0046,20240212,SNOW,0,,,N,0700
US1TXAT0046,20240213,SNOW,0,,,N,0700
US1TXAT0046,20240214,SNOW,0,,,N,0700
US1TXAT0046,20240215,SNOW,0,,,N,0700
US1TXAT0046,20240217,SNOW,0,,,N,0700
US1TXAT0046,20240218,SNOW,0,,,N,0700
US1TXAT0046,20240219,SNOW,0,,,N,0700
US1TXAT0046,20240220,SNOW,0,,,N,0700
US1TXAT0046,20240221,SNOW,0,,,N,0700
US1TXAT0046,20240222,SNOW,0,,,N,0700
US1TXAT0046,20240223,SNOW,0,,,N,0700
US1TXAT0046,20240224,SNOW,0,,,N,0700
US1TXAT0046,20240225,SNOW,0,,,N,0700
US1TXAT0046,20240226,SNOW,0,,,N,0700
US1TXAT0046,20240227,SNOW,0,,,N,0700
US1TXAT0046,20240228,SNOW,0,,,N,0700
US1TXAT0046,20240229,SNOW,0,,,N,0700
US1TXAT0046,20240301,PRCP,0,,,N,0700
US1TXAT0046,20240302,PRCP,0,,,N,0700
US1TXAT0046,20240303,PRCP,0,,,N,0700
US1TXAT0046,20240304,PRCP,0,,,N,0700
US1TXAT0046,20240305,PRCP,0,,,N,0700
US1TXAT0046,20240306,PRCP,0,,,N,0700
US1TXAT0046,20240307,PRCP,0,,,N,0700
US1TXAT0046,20240308,PRCP,0,,,N,0700
US1TXAT0046,20240309,PRCP,33,,,N,0700
US1TXAT0046,20240310,PRCP,0,,,N,0700
US1TXAT0046,20240311,PRCP,0,,,N,0700
US1TXAT0046,20240312,PRCP,0,,,N,0700
US1TXAT0046,20240313,PRCP,0,,,N,0700
US1TXAT0046,20240314,PRCP,0,,,N,0700
US1TXAT0046,20240315,PRCP,0,,,N,0700
US1TXAT0046,20240316,PRCP,20,,,N,0800
US1TXAT0046,20240317,PRCP,279,,,N,0800
US1TXAT0046,20240318,PRCP,18,,,N,0750
US1TXAT0046,20240323,PRCP,0,,,N,0700
US1TXAT0046,20240324,PRCP,0,,,N,0700
US1TXAT0046,20240325,PRCP,5,,,N,0700
US1TXAT0046,20240326,PRCP,0,,,N,0700
US1TXAT0046,20240327,PRCP,0,,,N,0700
US1TXAT0046,20240328,PRCP,5,,,N,0700
US1TXAT0046,20240329,PRCP,0,,,N,0700
US1TXAT0046,20240330,PRCP,0,,,N,0700
US1TXAT0046,20240331,PRCP,0,,,N,0700
US1TXAT0046,20240301,SNOW,0,,,N,0700
US1TXAT0046,20240302,SNOW,0,,,N,0700
US1TXAT0046,20240303,SNOW,0,,,N,0700
US1TXAT0046,20240304,SNOW,0,,,N,0700
US1TXAT0046,20240305,SNOW,0,,,N,0700
US1TXAT0046,20240306,SNOW,0,,,N,0700
US1TXAT0046,20240307,SNOW,0,,,N,0700
US1TXAT0046,20240308,SNOW,0,,,N,0700
US1TXAT0046,20240310,SNOW,0,,,N,0700
US1TXAT0046,20240311,SNOW,0,,,N,0700
US1TXAT0046,20240312,SNOW,0,,,N,0700
US1TXAT0046,20240313,SNOW,0,,,N,0700
US1TXAT0046,20240314,SNOW,0,,,N,0700
US1TXAT0046,20240315,SNOW,0,,,N,0700
US1TXAT0046,20240323,SNOW,0,,,N,0700
US1TXAT0046,20240324,SNOW,0,,,N,0700
US1TXAT0046,20240326,SNOW,0,,,N,0700
US1TXAT0046,20240327,SNOW,0,,,N,0700
US1TXAT0046,20240329,SNOW,0,,,N,0700
US1TXAT0046,20240330,SNOW,0,,,N,0700
US1TXAT0046,20240331,SNOW,0,,,N,0700
US1TXAT0046,20240322,DAPR,4,,,N,0930
US1TXAT0046,20240322,MDPR,140,,,N,0930
US1TXAT0046,20240401,PRCP,0,,,N,0700
US1TXAT0046,20240402,PRCP,0,,,N,0700
US1TXAT0046,20240403,PRCP,0,,,N,0700
US1TXAT0046,20240404,PRCP,0,,,N,0700
US1TXAT0046,20240405,PRCP,0,,,N,0700
US1TXAT0046,20240406,PRCP,0,,,N,0700
US1TXAT0046,20240407,PRCP,0,,,N,0700
US1TXAT0046,20240408,PRCP,0,,,N,0700
US1TXAT0046,20240409,PRCP,0,,,N,0700
US1TXAT0046,20240410,PRCP,241,,,N,0650
US1TXAT0046,20240411,PRCP,0,,,N,0700
US1TXAT0046,20240412,PRCP,0,,,N,0700
US1TXAT0046,20240413,PRCP,0,,,N,0700
US1TXAT0046,20240414,PRCP,0,,,N,0700
US1TXAT0046,20240415,PRCP,0,,,N,0700
US1TXAT0046,20240416,PRCP,0,,,N,0700
US1TXAT0046,20240417,PRCP,0,,,N,0700
US1TXAT0046,20240418,PRCP,0,,,N,0700
US1TXAT0046,20240419,PRCP,0,,,N,0700
US1TXAT0046,20240420,PRCP,0,,,N,0700
US1TXAT0046,20240421,PRCP,145,,,N,0605
US1TXAT0046,20240422,PRCP,0,,,N,0700
US1TXAT0046,20240423,PRCP,0,,,N,0700
US1TXAT0046,20240424,PRCP,0,,,N,0700
US1TXAT0046,20240425,PRCP,0,,,N,0700
US1TXAT0046,20240426,PRCP,0,,,N,0700
US1TXAT0046,20240427,PRCP,0,,,N,0700
US1TXAT0046,20240428,PRCP,0,,,N,0700
US1TXAT0046,20240429,PRCP,0,,,N,0700
US1TXAT0046,20240430,PRCP,0,,,N,0700
US1TXAT0046,20240401,SNOW,0,,,N,0700
US1TXAT0046,20240402,SNOW,0,,,N,0700
US1TXAT0046,20240403,SNOW,0,,,N,0700
US1TXAT0046,20240404,SNOW,0,,,N,0700
US1TXAT0046,20240405,SNOW,0,,,N,0700
US1TXAT0046,20240406,SNOW,0,,,N,0700
US1TXAT0046,20240407,SNOW,0,,,N,0700
US1TXAT0046,20240408,SNOW,0,,,N,0700
US1TXAT0046,20240409,SNOW,0,,,N,0700
US1TXAT0046,20240411,SNOW,0,,,N,0700
US1TXAT0046,20240412,SNOW,0,,,N,0700
US1TXAT0046,20240413,SNOW,0,,,N,0700
US1TXAT0046,20240414,SNOW,0,,,N,0700
US1TXAT0046,20240415,SNOW,0,,,N,0700
US1TXAT0046,20240416,SNOW,0,,,N,0700
US1TXAT0046,20240417,SNOW,0,,,N,0700
US1TXAT0046,20240418,SNOW,0,,,N,0700
US1TXAT0046,20240419,SNOW,0,,,N,0700
US1TXAT0046,20240420,SNOW,0,,,N,0700
US1TXAT0046,20240422,SNOW,0,,,N,0700
US1TXAT0046,20240423,SNOW,0,,,N,0700
US1TXAT0046,20240424,SNOW,0,,,N,0700
US1TXAT0046,20240425,SNOW,0,,,N,0700
US1TXAT0046,20240426,SNOW,0,,,N,0700
US1TXAT0046,20240427,SNOW,0,,,N,0700
US1TXAT0046,20240428,SNOW,0,,,N,0700
US1TXAT0046,20240429,SNOW,0,,,N,0700
US1TXAT0046,20240430,SNOW,0,,,N,0700
US1TXAT0046,20240501,PRCP,0,,,N,0700
US1TXAT0046,20240502,PRCP,0,,,N,0700
US1TXAT0046,20240503,PRCP,0,,,N,0700
US1TXAT0046,20240504,PRCP,0,,,N,0700
US1TXAT0046,20240505,PRCP,0,,,N,0700
US1TXAT0046,20240506,PRCP,0,,,N,0700
US1TXAT0046,20240507,PRCP,0,,,N,0700
US1TXAT0046,20240508,PRCP,0,,,N,0700
US1TXAT0046,20240509,PRCP,0,,,N,0700
US1TXAT0046,20240510,PRCP,0,,,N,0700
US1TXAT0046,20240520,PRCP,0,,,N,0700
US1TXAT0046,20240521,PRCP,0,,,N,0700
US1TXAT0046,20240522,PRCP,0,,,N,0700
US1TXAT0046,20240523,PRCP,0,,,N,0700
US1TXAT0046,20240524,PRCP,0,,,N,0700
US1TXAT0046,20240525,PRCP,0,,,N,0700
US1TXAT0046,20240526,PRCP,0,,,N,0700
US1TXAT0046,20240527,PRCP,0,,,N,0700
US1TXAT0046,20240528,PRCP,0,,,N,0700
US1TXAT0046,20240529,PRCP,0,,,N,0700
US1TXAT0046,20240530,PRCP,0,,,N,0700
US1TXAT0046,20240531,PRCP,0,,,N,0700
US1TXAT0046,20240501,SNOW,0,,,N,0700
US1TXAT0046,20240502,SNOW,0,,,N,0700
US1TXAT0046,20240503,SNOW,0,,,N,0700
US1TXAT0046,20240504,SNOW,0,,,N,0700
US1TXAT0046,20240505,SNOW,0,,,N,0700
US1TXAT0046,20240506,SNOW,0,,,N,0700
US1TXAT0046,20240507,SNOW,0,,,N,0700
US1TXAT0046,20240508,SNOW,0,,,N,0700
US1TXAT0046,20240509,SNOW,0,,,N,0700
US1TXAT0046,20240510,SNOW,0,,,N,0700
US1TXAT0046,20240520,SNOW,0,,,N,0700
US1TXAT0046,20240521,SNOW,0,,,N,0700
US1TXAT0046,20240522,SNOW,0,,,N,0700
US1TXAT0046,20240523,SNOW,0,,,N,0700
US1TXAT0046,20240524,SNOW,0,,,N,0700
US1TXAT0046,20240525,SNOW,0,,,N,0700
US1TXAT0046,20240526,SNOW,0,,,N,0700
US1TXAT0046,20240527,SNOW,0,,,N,0700
US1TXAT0046,20240528,SNOW,0,,,N,0700
US1TXAT0046,20240529,SNOW,0,,,N,0700
US1TXAT0046,20240530,SNOW,0,,,N,0700
US1TXAT0046,20240531,SNOW,0,,,N,0700
US1TXAT0046,20240519,DAPR,9,,,N,1330
US1TXAT0046,20240519,MDPR,483,,,N,1330
US1TXAT0046,20240601,PRCP,0,,,N,0700
US1TXAT0046,20240602,PRCP,0,,,N,0700
US1TXAT0046,20240603,PRCP,0,,,N,0700
US1TXAT0046,20240604,PRCP,0,,,N,0700
US1TXAT0046,20240605,PRCP,0,,,N,0700
US1TXAT0046,20240606,PRCP,0,,,N,0700
US1TXAT0046,20240607,PRCP,0,,,N,0700
US1TXAT0046,20240608,PRCP,0,,,N,0700
US1TXAT0046,20240609,PRCP,0,,,N,0700
US1TXAT0046,20240610,PRCP,0,,,N,0700
US1TXAT0046,20240611,PRCP,295,,,N,0700
US1TXAT0046,20240612,PRCP,5,,,N,0900
US1TXAT0046,20240613,PRCP,0,,,N,0700
US1TXAT0046,20240614,PRCP,0,,,N,0700
US1TXAT0046,20240615,PRCP,0,,,N,0700
US1TXAT0046,20240616,PRCP,0,,,N,0700
US1TXAT0046,20240617,PRCP,0,,,N,0700
US1TXAT0046,20240618,PRCP,0,,,N,0700
US1TXAT0046,20240619,PRCP,0,,,N,0700
US1TXAT0046,20240620,PRCP,399,,,N,0640
US1TXAT0046,20240621,PRCP,198,,,N,0645
US1TXAT0046,20240622,PRCP,0,,,N,0700
US1TXAT0046,20240623,PRCP,0,,,N,0700
US1TXAT0046,20240624,PRCP,0,,,N,0700
US1TXAT0046,20240625,PRCP,0,,,N,0700
US1TXAT0046,20240626,PRCP,0,,,N,0700
US1TXAT0046,20240627,PRCP,0,,,N,0700
US1TXAT0046,20240628,PRCP,0,,,N,0700
US1TXAT0046,20240629,PRCP,0,,,N,0700
US1TXAT0046,20240630,PRCP,0,,,N,0700
US1TXAT0046,20240601,SNOW,0,,,N,0700
US1TXAT0046,20240602,SNOW,0,,,N,0700
US1TXAT0046,20240603,SNOW,0,,,N,0700
US1TXAT0046,20240604,SNOW,0,,,N,0700
US1TXAT0046,20240605,SNOW,0,,,N,0700
US1TXAT0046,20240606,SNOW,0,,,N,0700
US1TXAT0046,20240607,SNOW,0,,,N,0700
US1TXAT0046,20240608,SNOW,0,,,N,0700
US1TXAT0046,20240609,SNOW,0,,,N,0700
US1TXAT0046,20240610,SNOW,0,,,N,0700
US1TXAT0046,20240613,SNOW,0,,,N,0700
US1TXAT0046,20240614,SNOW,0,,,N,0700
US1TXAT0046,20240615,SNOW,0,,,N,0700
US1TXAT0046,20240616,SNOW,0,,,N,0700
US1TXAT0046,20240617,SNOW,0,,,N,0700
US1TXAT0046,20240618,SNOW,0,,,N,0700
US1TXAT0046,20240619,SNOW,0,,,N,0700
US1TXAT0046,20240622,SNOW,0,,,N,0700
US1TXAT0046,20240623,SNOW,0,,,N,0700
US1TXAT0046,20240624,SNOW,0,,,N,0700
US1TXAT0046,20240625,SNOW,0,,,N,0700
US1TXAT0046,20240626,SNOW,0,,,N,0700
US1TXAT0046,20240627,SNOW,0,,,N,0700
US1TXAT0046,20240628,SNOW,0,,,N,0700
US1TXAT0046,20240629,SNOW,0,,,N,0700
US1TXAT0046,20240630,SNOW,0,,,N,0700
US1TXAT0046,20240701,PRCP,0,,,N,0700
US1TXAT0046,20240702,PRCP,0,,,N,0700
US1TXAT0046,20240703,PRCP,0,,,N,0700
US1TXAT0046,20240708,PRCP,0,,,N,0700
US1TXAT0046,20240709,PRCP,0,,,N,0700
US1TXAT0046,20240710,PRCP,0,,,N,0700
US1TXAT0046,20240711,PRCP,0,,,N,0700
US1TXAT0046,20240712,PRCP,0,,,N,0700
US1TXAT0046,20240713,PRCP,102,,,N,0750
US1TXAT0046,20240714,PRCP,0,,,N,0700
US1TXAT0046,20240715,PRCP,0,,,N,0700
US1TXAT0046,20240716,PRCP,0,,,N,0700
US1TXAT0046,20240717,PRCP,0,,,N,0700
US1TXAT0046,20240718,PRCP,0,,,N,0700
US1TXAT0046,20240719,PRCP,0,,,N,0700
US1TXAT0046,20240720,PRCP,0,,,N,0700
US1TXAT0046,20240721,PRCP,0,,,N,0700
US1TXAT0046,20240730,PRCP,0,,,N,0700
US1TXAT0046,20240731,PRCP,0,,,N,0700
US1TXAT0046,20240701,SNOW,0,,,N,0700
US1TXAT0046,20240702,SNOW,0,,,N,0700
US1TXAT0046,20240703,SNOW,0,,,N,0700
US1TXAT0046,20240708,SNOW,0,,,N,0700
US1TXAT0046,20240709,SNOW,0,,,N,0700
US1TXAT0046,20240710,SNOW,0,,,N,0700
US1TXAT0046,20240711,SNOW,0,,,N,0700
US1TXAT0046,20240712,SNOW,0,,,N,0700
US1TXAT0046,20240714,SNOW,0,,,N,0700
US1TXAT0046,20240715,SNOW,0,,,N,0700
US1TXAT0046,20240716,SNOW,0,,,N,0700
US1TXAT0046,20240717,SNOW,0,,,N,0700
US1TXAT0046,20240718,SNOW,0,,,N,0700
US1TXAT0046,20240719,SNOW,0,,,N,0700
US1TXAT0046,20240720,SNOW,0,,,N,0700
US1TXAT0046,20240721,SNOW,0,,,N,0700
US1TXAT0046,20240730,SNOW,0,,,N,0700
US1TXAT0046,20240731,SNOW,0,,,N,0700
US1TXAT0046,20240707,DAPR,4,,,N,1800
US1TXAT0046,20240729,DAPR,8,,,N,1715
US1TXAT0046,20240707,MDPR,505,,,N,1800
US1TXAT0046,20240729,MDPR,432,,,N,1715
US1TXAT0046,20240801,PRCP,0,,,N,0700
US1TXAT0046,20240802,PRCP,0,,,N,0700
US1TXAT0046,20240803,PRCP,0,,,N,0700
US1TXAT0046,20240804,PRCP,0,,,N,0700
US1TXAT0046,20240805,PRCP,41,,,N,0700
US1TXAT0046,20240806,PRCP,0,,,N,0700
US1TXAT0046,20240807,PRCP,0,,,N,0700
US1TXAT0046,20240808,PRCP,0,,,N,0700
US1TXAT0046,20240809,PRCP,0,,,N,0700
US1TXAT0046,20240810,PRCP,0,,,N,0700
US1TXAT0046,20240811,PRCP,0,,,N,0700
US1TXAT0046,20240812,PRCP,0,,,N,0700
US1TXAT0046,20240813,PRCP,0,,,N,0700
US1TXAT0046,20240814,PRCP,0,,,N,0700
US1TXAT0046,20240815,PRCP,0,,,N,0700
US1TXAT0046,20240816,PRCP,0,,,N,0700
US1TXAT0046,20240817,PRCP,0,,,N,0700
US1TXAT0046,20240818,PRCP,0,,,N,0700
US1TXAT0046,20240819,PRCP,0,,,N,0700
US1TXAT0046,20240820,PRCP,0,,,N,0700
US1TXAT0046,20240821,PRCP,0,,,N,0700
US1TXAT0046,20240822,PRCP,0,,,N,0700
US1TXAT0046,20240823,PRCP,0,,,N,0700
US1TXAT0046,20240824,PRCP,0,,,N,0700
US1TXAT0046,20240831,PRCP,0,,,N,0700
US1TXAT0046,20240801,SNOW,0,,,N,0700
US1TXAT0046,20240802,SNOW,0,,,N,0700
US1TXAT0046,20240803,SNOW,0,,,N,0700
US1TXAT0046,20240804,SNOW,0,,,N,0700
US1TXAT0046,20240806,SNOW,0,,,N,0700
US1TXAT0046,20240807,SNOW,0,,,N,0700
US1TXAT0046,20240808,SNOW,0,,,N,0700
US1TXAT0046,20240809,SNOW,0,,,N,0700
US1TXAT0046,20240810,SNOW,0,,,N,0700
US1TXAT0046,20240811,SNOW,0,,,N,0700
US1TXAT0046,20240812,SNOW,0,,,N,0700
US1TXAT0046,20240813,SNOW,0,,,N,0700
US1TXAT0046,20240814,SNOW,0,,,N,0700
US1TXAT0046,20240815,SNOW,0,,,N,0700
US1TXAT0046,20240816,SNOW,0,,,N,0700
US1TXAT0046,20240817,SNOW,0,,,N,0700
US1TXAT0046,20240818,SNOW,0,,,N,0700
US1TXAT0046,20240819,SNOW,0,,,N,0700
US1TXAT0046,20240820,SNOW,0,,,N,0700
US1TXAT0046,20240821,SNOW,0,,,N,0700
US1TXAT0046,20240822,SNOW,0,,,N,0700
US1TXAT0046,20240823,SNOW,0,,,N,0700
US1TXAT0046,20240824,SNOW,0,,,N,0700
US1TXAT0046,20240831,SNOW,0,,,N,0700
US1TXAT0046,20240830,DAPR,6,,,N,1900
US1TXAT0046,20240830,MDPR,826,,,N,1900
US1TXAT0046,20240901,PRCP,0,,,N,0700
US1TXAT0046,20240902,PRCP,0,,,N,0700
US1TXAT0046,20240903,PRCP,135,,,N,0700
US1TXAT0046,20240904,PRCP,274,,,N,0640
US1TXAT0046,20240905,PRCP,13,,,N,0600
US1TXAT0046,20240906,PRCP,0,,,N,0700
US1TXAT0046,20240907,PRCP,0,,,N,0700
US1TXAT0046,20240908,PRCP,0,,,N,0700
US1TXAT0046,20240909,PRCP,0,,,N,0700
US1TXAT0046,20240910,PRCP,0,,,N,0700
US1TXAT0046,20240911,PRCP,0,,,N,0700
US1TXAT0046,20240912,PRCP,0,,,N,0700
US1TXAT0046,20240913,PRCP,0,,,N,0700
US1TXAT0046,20240914,PRCP,0,,,N,0700
US1TXAT0046,20240915,PRCP,0,,,N,0700
US1TXAT0046,20240916,PRCP,0,,,N,0700
US1TXAT0046,20240917,PRCP,0,,,N,0700
US1TXAT0046,20240918,PRCP,0,,,N,0700
US1TXAT0046,20240919,PRCP,0,,,N,0700
US1TXAT0046,20240920,PRCP,0,,,N,0700
US1TXAT0046,20240921,PRCP,0,,,N,0700
US1TXAT0046,20240922,PRCP,0,,,N,0700
US1TXAT0046,20240923,PRCP,0,,,N,0700
US1TXAT0046,20240924,PRCP,0,,,N,0700
US1TXAT0046,20240925,PRCP,0,,,N,0700
US1TXAT0046,20240926,PRCP,0,,,N,0700
US1TXAT0046,20240927,PRCP,0,,,N,0700
US1TXAT0046,20240928,PRCP,0,,,N,0700
US1TXAT0046,20240929,PRCP,0,,,N,0700
US1TXAT0046,20240930,PRCP,0,,,N,0700
US1TXAT0046,20240901,SNOW,0,,,N,0700
US1TXAT0046,20240902,SNOW,0,,,N,0700
US1TXAT0046,20240906,SNOW,0,,,N,0700
US1TXAT0046,20240907,SNOW,0,,,N,0700
US1TXAT0046,20240908,SNOW,0,,,N,0700
US1TXAT0046,20240909,SNOW,0,,,N,0700
US1TXAT0046,20240910,SNOW,0,,,N,0700
US1TXAT0046,20240911,SNOW,0,,,N,0700
US1TXAT0046,20240912,SNOW,0,,,N,0700
US1TXAT0046,20240913,SNOW,0,,,N,0700
US1TXAT0046,20240914,SNOW,0,,,N,0700
US1TXAT0046,20240915,SNOW,0,,,N,0700
US1TXAT0046,20240916,SNOW,0,,,N,0700
US1TXAT0046,20240917,SNOW,0,,,N,0700
US1TXAT0046,20240918,SNOW,0,,,N,0700
US1TXAT0046,20240919,SNOW,0,,,N,0700
US1TXAT0046,20240920,SNOW,0,,,N,0700
US1TXAT0046,20240921,SNOW,0,,,N,0700
US1TXAT0046,20240922,SNOW,0,,,N,0700
US1TXAT0046,20240923,SNOW,0,,,N,0700
US1TXAT0046,20240924,SNOW,0,,,N,0700
US1TXAT0046,20240925,SNOW,0,,,N,0700
US1TXAT0046,20240926,SNOW,0,,,N,0700
US1TXAT0046,20240927,SNOW,0,,,N,0700
US1TXAT0046,20240928,SNOW,0,,,N,0700
US1TXAT0046,20240929,SNOW,0,,,N,0700
US1TXAT0046,20240930,SNOW,0,,,N,0700
US1TXAT0046,20241001,PRCP,0,,,N,0700
US1TXAT0046,20241002,PRCP,0,,,N,0700
US1TXAT0046,20241003,PRCP,0,,,N,0700
US1TXAT0046,20241004,PRCP,0,,,N,0700
US1TXAT0046,20241005,PRCP,0,,,N,0700
US1TXAT0046,20241006,PRCP,0,,,N,0700
US1TXAT0046,20241007,PRCP,0,,,N,0700
US1TXAT0046,20241008,PRCP,0,,,N,0700
US1TXAT0046,20241009,PRCP,0,,,N,0700
US1TXAT0046,20241010,PRCP,0,,,N,0700
US1TXAT0046,20241011,PRCP,0,,,N,0700
US1TXAT0046,20241012,PRCP,0,,,N,0700
US1TXAT0046,20241013,PRCP,0,,,N,0700
US1TXAT0046,20241014,PRCP,0,,,N,0700
US1TXAT0046,20241015,PRCP,0,,,N,0700
US1TXAT0046,20241016,PRCP,0,,,N,0700
US1TXAT0046,20241017,PRCP,0,,,N,0700
US1TXAT0046,20241018,PRCP,0,,,N,0700
US1TXAT0046,20241019,PRCP,0,,,N,0700
US1TXAT0046,20241020,PRCP,0,,,N,0700
US1TXAT0046,20241021,PRCP,0,,,N,0700
US1TXAT0046,20241022,PRCP,0,,,N,0700
US1TXAT0046,20241023,PRCP,0,,,N,0700
US1TXAT0046,20241024,PRCP,0,,,N,0700
US1TXAT0046,20241025,PRCP,0,,,N,0700
US1TXAT0046,20241026,PRCP,0,,,N,0700
US1TXAT0046,20241027,PRCP,0,,,N,0700
US1TXAT0046,20241028,PRCP,0,,,N,0700
US1TXAT0046,20241029,PRCP,0,,,N,0700
US1TXAT0046,20241030,PRCP,0,,,N,0700
US1TXAT0046,20241031,PRCP,0,,,N,0700
US1TXAT0046,20241001,SNOW,0,,,N,0700
US1TXAT0046,20241002,SNOW,0,,,N,0700
US1TXAT0046,20241003,SNOW,0,,,N,0700
US1TXAT0046,20241004,SNOW,0,,,N,0700
US1TXAT0046,20241005,SNOW,0,,,N,0700
US1TXAT0046,20241006,SNOW,0,,,N,0700
US1TXAT0046,20241007,SNOW,0,,,N,0700
US1TXAT0046,20241008,SNOW,0,,,N,0700
US1TXAT0046,20241009,SNOW,0,,,N,0700
US1TXAT0046,20241010,SNOW,0,,,N,0700
US1TXAT0046,20241011,SNOW,0,,,N,0700
US1TXAT0046,20241012,SNOW,0,,,N,0700
US1TXAT0046,20241013,SNOW,0,,,N,0700
US1TXAT0046,20241014,SNOW,0,,,N,0700
US1TXAT0046,20241015,SNOW,0,,,N,0700
US1TXAT0046,20241016,SNOW,0,,,N,0700
US1TXAT0046,20241017,SNOW,0,,,N,0700
US1TXAT0046,20241018,SNOW,0,,,N,0700
US1TXAT0046,20241019,SNOW,0,,,N,0700
US1TXAT0046,20241020,SNOW,0,,,N,0700
US1TXAT0046,20241021,SNOW,0,,,N,0700
US1TXAT0046,20241022,SNOW,0,,,N,0700
US1TXAT0046,20241023,SNOW,0,,,N,0700
US1TXAT0046,20241024,SNOW,0,,,N,0700
US1TXAT0046,20241025,SNOW,0,,,N,0700
US1TXAT0046,20241026,SNOW,0,,,N,0700
US1TXAT0046,20241027,SNOW,0,,,N,0700
US1TXAT0046,20241028,SNOW,0,,,N,0700
US1TXAT0046,20241029,SNOW,0,,,N,0700
US1TXAT0046,20241030,SNOW,0,,,N,0700
US1TXAT0046,20241031,SNOW,0,,,N,0700
US1TXAT0046,20241101,PRCP,0,,,N,0700
US1TXAT0046,20241102,PRCP,0,,,N,0700
US1TXAT0046,20241103,PRCP,0,,,N,0700
US1TXAT0046,20241104,PRCP,0,,,N,0700
US1TXAT0046,20241105,PRCP,277,,,N,0700
US1TXAT0046,20241106,PRCP,0,,,N,0700
US1TXAT0046,20241107,PRCP,0,,,N,0700
US1TXAT0046,20241108,PRCP,0,,,N,0700
US1TXAT0046,20241109,PRCP,0,,,N,0700
US1TXAT0046,20241110,PRCP,0,,,N,0700
US1TXAT0046,20241111,PRCP,0,,,N,0700
US1TXAT0046,20241112,PRCP,0,,,N,0700
US1TXAT0046,20241113,PRCP,0,,,N,0700
US1TXAT0046,20241114,PRCP,0,,,N,0700
US1TXAT0046,20241115,PRCP,0,,,N,0700
US1TXAT0046,20241116,PRCP,0,,,N,0700
US1TXAT0046,20241117,PRCP,0,,,N,0700
US1TXAT0046,20241118,PRCP,0,,,N,0700
US1TXAT0046,20241119,PRCP,0,,,N,0700
US1TXAT0046,20241120,PRCP,0,,,N,0700
US1TXAT0046,20241121,PRCP,0,,,N,0700
US1TXAT0046,20241122,PRCP,0,,,N,0700
US1TXAT0046,20241123,PRCP,0,,,N,0700
US1TXAT0046,20241124,PRCP,0,,,N,0700
US1TXAT0046,20241125,PRCP,0,,,N,0700
US1TXAT0046,20241126,PRCP,0,,,N,0700
US1TXAT0046,20241127,PRCP,0,,,N,0700
US1TXAT0046,20241128,PRCP,0,,,N,0700
US1TXAT0046,20241129,PRCP,0,,,N,0700
US1TXAT0046,20241130,PRCP,0,,,N,0700
US1TXAT0046,20241101,SNOW,0,,,N,0700
US1TXAT0046,20241102,SNOW,0,,,N,0700
US1TXAT0046,20241103,SNOW,0,,,N,0700
US1TXAT0046,20241104,SNOW,0,,,N,0700
US1TXAT0046,20241106,SNOW,0,,,N,0700
US1TXAT0046,20241107,SNOW,0,,,N,0700
US1TXAT0046,20241108,SNOW,0,,,N,0700
US1TXAT0046,20241109,SNOW,0,,,N,0700
US1TXAT0046,20241110,SNOW,0,,,N,0700
US1TXAT0046,20241111,SNOW,0,,,N,0700
US1TXAT0046,20241112,SNOW,0,,,N,0700
US1TXAT0046,20241113,SNOW,0,,,N,0700
US1TXAT0046,20241114,SNOW,0,,,N,0700
US1TXAT0046,20241115,SNOW,0,,,N,0700
US1TXAT0046,20241116,SNOW,0,,,N,0700
US1TXAT0046,20241117,SNOW,0,,,N,0700
US1TXAT0046,20241118,SNOW,0,,,N,0700
US1TXAT0046,20241119,SNOW,0,,,N,0700
US1TXAT0046,20241120,SNOW,0,,,N,0700
US1TXAT0046,20241121,SNOW,0,,,N,0700
US1TXAT0046,20241122,SNOW,0,,,N,0700
US1TXAT0046,20241123,SNOW,0,,,N,0700
US1TXAT0046,20241124,SNOW,0,,,N,0700
US1TXAT0046,20241125,SNOW,0,,,N,0700
US1TXAT0046,20241126,SNOW,0,,,N,0700
US1TXAT0046,20241127,SNOW,0,,,N,0700
US1TXAT0046,20241128,SNOW,0,,,N,0700
US1TXAT0046,20241129,SNOW,0,,,N,0700
US1TXAT0046,20241130,SNOW,0,,,N,0700
US1TXAT0046,20241201,PRCP,0,,,N,0700
US1TXAT0046,20241202,PRCP,0,,,N,0700
US1TXAT0046,20241203,PRCP,0,,,N,0700
US1TXAT0046,20241204,PRCP,104,,,N,0730
US1TXAT0046,20241205,PRCP,0,,,N,0700
US1TXAT0046,20241206,PRCP,0,,,N,0700
US1TXAT0046,20241211,PRCP,0,,,N,0700
US1TXAT0046,20241212,PRCP,0,,,N,0700
US1TXAT0046,20241213,PRCP,0,,,N,0700
US1TXAT0046,20241214,PRCP,5,,,N,0825
US1TXAT0046,20241215,PRCP,10,,,N,0800
US1TXAT0046,20241216,PRCP,0,,,N,0700
US1TXAT0046,20241217,PRCP,0,,,N,0700
US1TXAT0046,20241218,PRCP,0,,,N,0700
US1TXAT0046,20241219,PRCP,89,,,N,0700
US1TXAT0046,20241220,PRCP,0,,,N,0700
US1TXAT0046,20241221,PRCP,0,,,N,0700
US1TXAT0046,20241222,PRCP,0,,,N,0700
US1TXAT0046,20241223,PRCP,0,,,N,0700
US1TXAT0046,20241224,PRCP,0,,,N,0700
US1TXAT0046,20241225,PRCP,0,,,N,0700
US1TXAT0046,20241226,PRCP,0,,,N,0700
US1TXAT0046,20241227,PRCP,10,,,N,0700
US1TXAT0046,20241228,PRCP,0,,,N,0700
US1TXAT0046,20241229,PRCP,0,,,N,0700
US1TXAT0046,20241230,PRCP,0,,,N,0700
US1TXAT0046,20241231,PRCP,0,,,N,0700
US1TXAT0046,20241201,SNOW,0,,,N,0700
US1TXAT0046,20241202,SNOW,0,,,N,0700
US1TXAT0046,20241203,SNOW,0,,,N,0700
US1TXAT0046,20241205,SNOW,0,,,N,0700
US1TXAT0046,20241206,SNOW,0,,,N,0700
US1TXAT0046,20241211,SNOW,0,,,N,0700
US1TXAT0046,20241212,SNOW,0,,,N,0700
US1TXAT0046,20241213,SNOW,0,,,N,0700
US1TXAT0046,20241216,SNOW,0,,,N,0700
US1TXAT0046,20241217,SNOW,0,,,N,0700
US1TXAT0046,20241218,SNOW,0,,,N,0700
US1TXAT0046,20241220,SNOW,0,,,N,0700
US1TXAT0046,20241221,SNOW,0,,,N,0700
US1TXAT0046,20241222,SNOW,0,,,N,0700
US1TXAT0046,20241223,SNOW,0,,,N,0700
US1TXAT0046,20241224,SNOW,0,,,N,0700
US1TXAT0046,20241225,SNOW,0,,,N,0700
US1TXAT0046,20241226,SNOW,0,,,N,0700
US1TXAT0046,20241228,SNOW,0,,,N,0700
US1TXAT0046,20241229,SNOW,0,,,N,0700
US1TXAT0046,20241230,SNOW,0,,,N,0700
US1TXAT0046,20241231,SNOW,0,,,N,0700
US1TXAT0046,20241210,DAPR,4,,,N,1700
US1TXAT0046,20241210,MDPR,51,,,N,1700
US1TXAT0046,20250101,PRCP,0,,,N,0700
US1TXAT0046,20250102,PRCP,0,,,N,0700
US1TXAT0046,20250103,PRCP,0,,,N,0700
US1TXAT0046,20250104,PRCP,0,,,N,0700
US1TXAT0046,20250105,PRCP,0,,,N,0700
US1TXAT0046,20250106,PRCP,0,,,N,0700
US1TXAT0046,20250107,PRCP,0,,,N,0700
US1TXAT0046,20250108,PRCP,0,,,N,0700
US1TXAT0046,20250109,PRCP,0,,,N,0700
US1TXAT0046,20250110,PRCP,254,,,N,0700
US1TXAT0046,20250111,PRCP,0,,,N,0700
US1TXAT0046,20250112,PRCP,0,,,N,0700
US1TXAT0046,20250113,PRCP,0,,,N,0700
US1TXAT0046,20250114,PRCP,0,,,N,0700
US1TXAT0046,20250115,PRCP,0,,,N,0700
US1TXAT0046,20250116,PRCP,0,,,N,0700
US1TXAT0046,20250117,PRCP,0,,,N,0700
US1TXAT0046,20250118,PRCP,0,,,N,0700
US1TXAT0046,20250119,PRCP,0,,,N,0700
US1TXAT0046,20250120,PRCP,0,,,N,0700
US1TXAT0046,20250121,PRCP,0,,,N,0700
US1TXAT0046,20250122,PRCP,0,,,N,0700
US1TXAT0046,20250123,PRCP,0,,,N,0700
US1TXAT0046,20250124,PRCP,0,,,N,0700
US1TXAT0046,20250125,PRCP,0,,,N,0700
US1TXAT0046,20250126,PRCP,0,,,N,0700
US1TXAT0046,20250127,PRCP,0,,,N,0700
US1TXAT0046,20250128,PRCP,8,,,N,0700
US1TXAT0046,20250129,PRCP,0,,,N,0700
US1TXAT0046,20250130,PRCP,33,,,N,0700
US1TXAT0046,20250131,PRCP,0,,,N,0700
US1TXAT0046,20250101,SNOW,0,,,N,0700
US1TXAT0046,20250102,SNOW,0,,,N,0700
US1TXAT0046,20250103,SNOW,0,,,N,0700
US1TXAT0046,20250104,SNOW,0,,,N,0700
US1TXAT0046,20250105,SNOW,0,,,N,0700
US1TXAT0046,20250106,SNOW,0,,,N,0700
US1TXAT0046,20250107,SNOW,0,,,N,0700
US1TXAT0046,20250108,SNOW,0,,,N,0700
US1TXAT0046,20250109,SNOW,0,,,N,0700
US1TXAT0046,20250111,SNOW,0,,,N,0700
US1TXAT0046,20250112,SNOW,0,,,N,0700
US1TXAT0046,20250113,SNOW,0,,,N,0700
US1TXAT0046,20250114,SNOW,0,,,N,0700
US1TXAT0046,20250115,SNOW,0,,,N,0700
US1TXAT0046,20250116,SNOW,0,,,N,0700
US1TXAT0046,20250117,SNOW,0,,,N,0700
US1TXAT0046,20250118,SNOW,0,,,N,0700
US1TXAT0046,20250119,SNOW,0,,,N,0700
US1TXAT0046,20250120,SNOW,0,,,N,0700
US1TXAT0046,20250121,SNOW,0,,,N,0700
US1TXAT0046,20250122,SNOW,0,,,N,0700
US1TXAT0046,20250123,SNOW,0,,,N,0700
US1TXAT0046,20250124,SNOW,0,,,N,0700
US1TXAT0046,20250125,SNOW,0,,,N,0700
US1TXAT0046,20250126,SNOW,0,,,N,0700
US1TXAT0046,20250127,SNOW,0,,,N,0700
US1TXAT0046,20250129,SNOW,0,,,N,0700
US1TXAT0046,20250131,SNOW,0,,,N,0700
US1TXAT0046,20250201,PRCP,0,,,N,0700
US1TXAT0046,20250202,PRCP,0,,,N,0700
US1TXAT0046,20250203,PRCP,0,,,N,0700
US1TXAT0046,20250204,PRCP,0,,,N,0700
US1TXAT0046,20250205,PRCP,0,,,N,0700
US1TXAT0046,20250206,PRCP,0,,,N,0700
US1TXAT0046,20250207,PRCP,0,,,N,0700
US1TXAT0046,20250208,PRCP,0,,,N,0700
US1TXAT0046,20250209,PRCP,0,,,N,0700
US1TXAT0046,20250210,PRCP,0,,,N,0700
US1TXAT0046,20250211,PRCP,0,,,N,0700
US1TXAT0046,20250212,PRCP,25,,,N,0700
US1TXAT0046,20250213,PRCP,0,,,N,0700
US1TXAT0046,20250214,PRCP,0,,,N,0700
US1TXAT0046,20250215,PRCP,0,,,N,0700
US1TXAT0046,20250216,PRCP,0,,,N,0700
US1TXAT0046,20250217,PRCP,0,,,N,0700
US1TXAT0046,20250218,PRCP,0,,,N,0700
US1TXAT0046,20250219,PRCP,0,,,N,0700
US1TXAT0046,20250220,PRCP,0,,,N,0700
US1TXAT0046,20250221,PRCP,0,,,N,0700
US1TXAT0046,20250222,PRCP,46,,,N,0955
US1TXAT0046,20250223,PRCP,10,,,N,0700
US1TXAT0046,20250224,PRCP,0,,,N,0700
US1TXAT0046,20250225,PRCP,0,,,N,0700
US1TXAT0046,20250226,PRCP,0,,,N,0700
US1TXAT0046,20250227,PRCP,0,,,N,0700
US1TXAT0046,20250228,PRCP,0,,,N,0700
US1TXAT0046,20250201,SNOW,0,,,N,0700
US1TXAT0046,20250202,SNOW,0,,,N,0700
US1TXAT0046,20250203,SNOW,0,,,N,0700
US1TXAT0046,20250204,SNOW,0,,,N,0700
US1TXAT0046,20250205,SNOW,0,,,N,0700
US1TXAT0046,20250206,SNOW,0,,,N,0700
US1TXAT0046,20250207,SNOW,0,,,N,0700
US1TXAT0046,20250208,SNOW,0,,,N,0700
US1TXAT0046,20250209,SNOW,0,,,N,0700
US1TXAT0046,20250210,SNOW,0,,,N,0700
US1TXAT0046,20250211,SNOW,0,,,N,0700
US1TXAT0046,20250213,SNOW,0,,,N,0700
US1TXAT0046,20250214,SNOW,0,,,N,0700
US1TXAT0046,20250215,SNOW,0,,,N,0700
US1TXAT0046,20250216,SNOW,0,,,N,0700
US1TXAT0046,20250217,SNOW,0,,,N,0700
US1TXAT0046,20250218,SNOW,0,,,N,0700
US1TXAT0046,20250219,SNOW,0,,,N,0700
US1TXAT0046,20250220,SNOW,0,,,N,0700
US1TXAT0046,20250221,SNOW,0,,,N,0700
US1TXAT0046,20250224,SNOW,0,,,N,0700
US1TXAT0046,20250225,SNOW,0,,,N,0700
US1TXAT0046,20250226,SNOW,0,,,N,0700
US1TXAT0046,20250227,SNOW,0,,,N,0700
US1TXAT0046,20250228,SNOW,0,,,N,0700
US1TXAT0046,20250301,PRCP,0,,,N,0700
US1TXAT0046,20250302,PRCP,0,,,N,0700
US1TXAT0046,20250303,PRCP,0,,,N,0700
US1TXAT0046,20250304,PRCP,0,,,N,0700
US1TXAT0046,20250305,PRCP,0,,,N,0700
US1TXAT0046,20250306,PRCP,0,,,N,0700
US1TXAT0046,20250307,PRCP,0,,,N,0700
US1TXAT0046,20250308,PRCP,0,,,N,0700
US1TXAT0046,20250309,PRCP,0,,,N,0700
US1TXAT0046,20250310,PRCP,0,,,N,0700
US1TXAT0046,20250311,PRCP,0,,,N,0700
US1TXAT0046,20250312,PRCP,0,,,N,0700
US1TXAT0046,20250313,PRCP,0,,,N,0700
US1TXAT0046,20250314,PRCP,0,,,N,0700
US1TXAT0046,20250315,PRCP,0,,,N,0700
US1TXAT0046,20250316,PRCP,0,,,N,0700
US1TXAT0046,20250317,PRCP,0,,,N,0700
US1TXAT0046,20250318,PRCP,0,,,N,0700
US1TXAT0046,20250319,PRCP,0,,,N,0700
US1TXAT0046,20250320,PRCP,0,,,N,0700
US1TXAT0046,20250321,PRCP,0,,,N,0700
US1TXAT0046,20250322,PRCP,0,,,N,0700
US1TXAT0046,20250323,PRCP,0,,,N,0700
US1TXAT0046,20250324,PRCP,0,,,N,0700
US1TXAT0046,20250325,PRCP,0,,,N,0700
US1TXAT0046,20250326,PRCP,0,,,N,0700
US1TXAT0046,20250327,PRCP,447,,,N,0700
US1TXAT0046,20250328,PRCP,38,,,N,0600
US1TXAT0046,20250329,PRCP,0,,,N,0700
US1TXAT0046,20250330,PRCP,0,,,N,0700
US1TXAT0046,20250331,PRCP,0,,,N,0700
US1TXAT0046,20250301,SNOW,0,,,N,0700
US1TXAT0046,20250302,SNOW,0,,,N,0700
US1TXAT0046,20250303,SNOW,0,,,N,0700
US1TXAT0046,20250304,SNOW,0,,,N,0700
US1TXAT0046,20250305,SNOW,0,,,N,0700
US1TXAT0046,20250306,SNOW,0,,,N,0700
US1TXAT0046,20250307,SNOW,0,,,N,0700
US1TXAT0046,20250308,SNOW,0,,,N,0700
US1TXAT0046,20250309,SNOW,0,,,N,0700
US1TXAT0046,20250310,SNOW,0,,,N,0700
US1TXAT0046,20250311,SNOW,0,,,N,0700
US1TXAT0046,20250312,SNOW,0,,,N,0700
US1TXAT0046,20250313,SNOW,0,,,N,0700
US1TXAT0046,20250314,SNOW,0,,,N,0700
US1TXAT0046,20250315,SNOW,0,,,N,0700
US1TXAT0046,20250316,SNOW,0,,,N,0700
US1TXAT0046,20250317,SNOW,0,,,N,0700
US1TXAT0046,20250318,SNOW,0,,,N,0700
US1TXAT0046,20250319,SNOW,0,,,N,0700
US1TXAT0046,20250320,SNOW,0,,,N,0700
US1TXAT0046,20250321,SNOW,0,,,N,0700
US1TXAT0046,20250322,SNOW,0,,,N,0700
US1TXAT0046,20250323,SNOW,0,,,N,0700
US1TXAT0046,20250324,SNOW,0,,,N,0700
US1TXAT0046,20250325,SNOW,0,,,N,0700
US1TXAT0046,20250326,SNOW,0,,,N,0700
US1TXAT0046,20250329,SNOW,0,,,N,0700
US1TXAT0046,20250330,SNOW,0,,,N,0700
US1TXAT0046,20250331,SNOW,0,,,N,0700
US1TXAT0046,20250401,PRCP,0,,,N,0700
US1TXAT0046,20250402,PRCP,0,,,N,0700
US1TXAT0046,20250403,PRCP,0,,,N,0700
US1TXAT0046,20250404,PRCP,0,,,N,0700
US1TXAT0046,20250405,PRCP,20,,,N,0700
US1TXAT0046,20250406,PRCP,0,,,N,0700
US1TXAT0046,20250407,PRCP,0,,,N,0700
US1TXAT0046,20250408,PRCP,0,,,N,0700
US1TXAT0046,20250409,PRCP,0,,,N,0700
US1TXAT0046,20250410,PRCP,0,,,N,0700
US1TXAT0046,20250411,PRCP,0,,,N,0700
US1TXAT0046,20250412,PRCP,0,,,N,0700
US1TXAT0046,20250413,PRCP,0,,,N,0700
US1TXAT0046,20250414,PRCP,0,,,N,0700
US1TXAT0046,20250415,PRCP,0,,,N,0700
US1TXAT0046,20250416,PRCP,0,,,N,0700
US1TXAT0046,20250417,PRCP,0,,,N,0700
US1TXAT0046,20250418,PRCP,0,,,N,0700
US1TXAT0046,20250419,PRCP,0,,,N,0700
US1TXAT0046,20250420,PRCP,43,,,N,0900
US1TXAT0046,20250421,PRCP,0,,,N,0700
US1TXAT0046,20250422,PRCP,0,,,N,0700
US1TXAT0046,20250423,PRCP,249,,,N,0650
US1TXAT0046,20250424,PRCP,0,,,N,0700
US1TXAT0046,20250425,PRCP,0,,,N,0700
US1TXAT0046,20250426,PRCP,0,,,N,0700
US1TXAT0046,20250427,PRCP,0,,,N,0700
US1TXAT0046,20250428,PRCP,0,,,N,0700
US1TXAT0046,20250429,PRCP,0,,,N,0700
US1TXAT0046,20250430,PRCP,0,,,N,0700
US1TXAT0046,20250401,SNOW,0,,,N,0700
US1TXAT0046,20250402,SNOW,0,,,N,0700
US1TXAT0046,20250403,SNOW,0,,,N,0700
US1TXAT0046,20250404,SNOW,0,,,N,0700
US1TXAT0046,20250406,SNOW,0,,,N,0700
US1TXAT0046,20250407,SNOW,0,,,N,0700
US1TXAT0046,20250408,SNOW,0,,,N,0700
US1TXAT0046,20250409,SNOW,0,,,N,0700
US1TXAT0046,20250410,SNOW,0,,,N,0700
US1TXAT0046,20250411,SNOW,0,,,N,0700
US1TXAT0046,20250412,SNOW,0,,,N,0700
US1TXAT0046,20250413,SNOW,0,,,N,0700
US1TXAT0046,20250414,SNOW,0,,,N,0700
US1TXAT0046,20250415,SNOW,0,,,N,0700
US1TXAT0046,20250416,SNOW,0,,,N,0700
US1TXAT0046,20250417,SNOW,0,,,N,0700
US1TXAT0046,20250418,SNOW,0,,,N,0700
US1TXAT0046,20250419,SNOW,0,,,N,0700
US1TXAT0046,20250421,SNOW,0,,,N,0700
US1TXAT0046,20250422,SNOW,0,,,N,0700
US1TXAT0046,20250424,SNOW,0,,,N,0700
US1TXAT0046,20250425,SNOW,0,,,N,0700
US1TXAT0046,20250426,SNOW,0,,,N,0700
US1TXAT0046,20250427,SNOW,0,,,N,0700
US1TXAT0046,20250428,SNOW,0,,,N,0700
US1TXAT0046,20250429,SNOW,0,,,N,0700
US1TXAT0046,20250430,SNOW,0,,,N,0700
US1TXAT0046,20250501,PRCP,10,,,N,0700
US1TXAT0046,20250502,PRCP,0,,,N,0700
US1TXAT0046,20250503,PRCP,10,,,N,0700
US1TXAT0046,20250504,PRCP,0,,,N,0700
US1TXAT0046,20250505,PRCP,246,,,N,0900
US1TXAT0046,20250510,PRCP,0,,,N,0700
US1TXAT0046,20250511,PRCP,0,,,N,0700
US1TXAT0046,20250512,PRCP,0,,,N,0700
US1TXAT0046,20250513,PRCP,0,,,N,0700
US1TXAT0046,20250514,PRCP,0,,,N,0700
US1TXAT0046,20250515,PRCP,0,,,N,0700
US1TXAT0046,20250516,PRCP,0,,,N,0700
US1TXAT0046,20250517,PRCP,0,,,N,0700
US1TXAT0046,20250518,PRCP,0,,,N,0700
US1TXAT0046,20250519,PRCP,0,,,N,0700
US1TXAT0046,20250520,PRCP,0,,,N,0700
US1TXAT0046,20250521,PRCP,0,,,N,0700
US1TXAT0046,20250522,PRCP,0,,,N,0700
US1TXAT0046,20250523,PRCP,43,,,N,0600
US1TXAT0046,20250524,PRCP,0,,,N,0700
US1TXAT0046,20250525,PRCP,0,,,N,0700
US1TXAT0046,20250526,PRCP,0,,,N,0700
US1TXAT0046,20250527,PRCP,218,,,N,0620
US1TXAT0046,20250528,PRCP,0,,,N,0700
US1TXAT0046,20250502,SNOW,0,,,N,0700
US1TXAT0046,20250504,SNOW,0,,,N,0700
US1TXAT0046,20250510,SNOW,0,,,N,0700
US1TXAT0046,20250511,SNOW,0,,,N,0700
US1TXAT0046,20250512,SNOW,0,,,N,0700
US1TXAT0046,20250513,SNOW,0,,,N,0700
US1TXAT0046,20250514,SNOW,0,,,N,0700
US1TXAT0046,20250515,SNOW,0,,,N,0700
US1TXAT0046,20250516,SNOW,0,,,N,0700
US1TXAT0046,20250517,SNOW,0,,,N,0700
US1TXAT0046,20250518,SNOW,0,,,N,0700
US1TXAT0046,20250519,SNOW,0,,,N,0700
US1TXAT0046,20250520,SNOW,0,,,N,0700
US1TXAT0046,20250521,SNOW,0,,,N,0700
US1TXAT0046,20250522,SNOW,0,,,N,0700
US1TXAT0046,20250524,SNOW,0,,,N,0700
US1TXAT0046,20250525,SNOW,0,,,N,0700
US1TXAT0046,20250526,SNOW,0,,,N,0700
US1TXAT0046,20250528,SNOW,0,,,N,0700
US1TXAT0046,20250509,DAPR,4,,,N,0645
US1TXAT0046,20250509,MDPR,56,,,N,0645
US1TXAT0046,20250602,PRCP,0,,,N,0700
US1TXAT0046,20250603,PRCP,0,,,N,0700
US1TXAT0046,20250604,PRCP,0,,,N,0700
US1TXAT0046,20250605,PRCP,0,,,N,0700
US1TXAT0046,20250606,PRCP,0,,,N,0700
US1TXAT0046,20250607,PRCP,0,,,N,0700
US1TXAT0046,20250608,PRCP,0,,,N,0700
US1TXAT0046,20250609,PRCP,0,,,N,0700
US1TXAT0046,20250610,PRCP,0,,,N,0700
US1TXAT0046,20250611,PRCP,130,,,N,0930
US1TXAT0046,20250612,PRCP,56,,,N,0700
US1TXAT0046,20250613,PRCP,533,,,N,0700
US1TXAT0046,20250614,PRCP,0,,,N,0700
US1TXAT0046,20250615,PRCP,25,,,N,0800
US1TXAT0046,20250616,PRCP,0,,,N,0700
US1TXAT0046,20250617,PRCP,0,,,N,0700
US1TXAT0046,20250618,PRCP,0,,,N,0700
US1TXAT0046,20250619,PRCP,0,,,N,0700
US1TXAT0046,20250620,PRCP,0,,,N,0700
US1TXAT0046,20250621,PRCP,0,,,N,0700
US1TXAT0046,20250622,PRCP,89,,,N,0900
US1TXAT0046,20250623,PRCP,0,,,N,0700
US1TXAT0046,20250624,PRCP,0,,,N,0700
US1TXAT0046,20250625,PRCP,0,,,N,0700
US1TXAT0046,20250626,PRCP,0,,,N,0700
US1TXAT0046,20250627,PRCP,0,,,N,0700
US1TXAT0046,20250602,SNOW,0,,,N,0700
US1TXAT0046,20250603,SNOW,0,,,N,0700
US1TXAT0046,20250604,SNOW,0,,,N,0700
US1TXAT0046,20250605,SNOW,0,,,N,0700
US1TXAT0046,20250606,SNOW,0,,,N,0700
US1TXAT0046,20250607,SNOW,0,,,N,0700
US1TXAT0046,20250608,SNOW,0,,,N,0700
US1TXAT0046,20250609,SNOW,0,,,N,0700
US1TXAT0046,20250610,SNOW,0,,,N,0700
US1TXAT0046,20250614,SNOW,0,,,N,0700
US1TXAT0046,20250616,SNOW,0,,,N,0700
US1TXAT0046,20250617,SNOW,0,,,N,0700
US1TXAT0046,20250618,SNOW,0,,,N,0700
US1TXAT0046,20250619,SNOW,0,,,N,0700
US1TXAT0046,20250620,SNOW,0,,,N,0700
US1TXAT0046,20250621,SNOW,0,,,N,0700
US1TXAT0046,20250623,SNOW,0,,,N,0700
US1TXAT0046,20250624,SNOW,0,,,N,0700
US1TXAT0046,20250625,SNOW,0,,,N,0700
US1TXAT0046,20250626,SNOW,0,,,N,0700
US1TXAT0046,20250627,SNOW,0,,,N,0700
US1TXAT0046,20250601,DAPR,4,,,N,1830
US1TXAT0046,20250601,MDPR,239,,,N,1830
US1TXAT0046,20250708,PRCP,48,,,N,0700
US1TXAT0046,20250711,PRCP,0,,,N,0700
US1TXAT0046,20250712,PRCP,0,,,N,0700
US1TXAT0046,20250713,PRCP,0,,,N,0700
US1TXAT0046,20250714,PRCP,13,,,N,0650
US1TXAT0046,20250715,PRCP,0,,,N,0700
US1TXAT0046,20250716,PRCP,0,,,N,0700
US1TXAT0046,20250717,PRCP,0,,,N,0700
US1TXAT0046,20250718,PRCP,0,,,N,0700
US1TXAT0046,20250719,PRCP,0,,,N,0700
US1TXAT0046,20250720,PRCP,0,,,N,0700
US1TXAT0046,20250721,PRCP,0,,,N,0700
US1TXAT0046,20250722,PRCP,0,,,N,0700
US1TXAT0046,20250723,PRCP,0,,,N,0700
US1TXAT0046,20250724,PRCP,0,,,N,0700
US1TXAT0046,20250725,PRCP,0,,,N,0700
US1TXAT0046,20250726,PRCP,0,,,N,0700
US1TXAT0046,20250727,PRCP,0,,,N,0700
US1TXAT0046,20250728,PRCP,0,,,N,0700
US1TXAT0046,20250729,PRCP,0,,,N,0700
US1TXAT0046,20250730,PRCP,0,,,N,0700
US1TXAT0046,20250731,PRCP,0,,,N,0700
US1TXAT0046,20250711,SNOW,0,,,N,0700
US1TXAT0046,20250712,SNOW,0,,,N,0700
US1TXAT0046,20250713,SNOW,0,,,N,0700
US1TXAT0046,20250715,SNOW,0,,,N,0700
US1TXAT0046,20250716,SNOW,0,,,N,0700
US1TXAT0046,20250717,SNOW,0,,,N,0700
US1TXAT0046,20250718,SNOW,0,,,N,0700
US1TXAT0046,20250719,SNOW,0,,,N,0700
US1TXAT0046,20250720,SNOW,0,,,N,0700
US1TXAT0046,20250721,SNOW,0,,,N,0700
US1TXAT0046,20250722,SNOW,0,,,N,0700
US1TXAT0046,20250723,SNOW,0,,,N,0700
US1TXAT0046,20250724,SNOW,0,,,N,0700
US1TXAT0046,20250725,SNOW,0,,,N,0700
US1TXAT0046,20250726,SNOW,0,,,N,0700
US1TXAT0046,20250727,SNOW,0,,,N,0700
US1TXAT0046,20250728,SNOW,0,,,N,0700
US1TXAT0046,20250729,SNOW,0,,,N,0700
US1TXAT0046,20250730,SNOW,0,,,N,0700
US1TXAT0046,20250731,SNOW,0,,,N,0700
US1TXAT0046,20250707,DAPR,10,,,N,0700
US1TXAT0046,20250710,DAPR,2,,,N,0700
US1TXAT0046,20250707,MDPR,193,,,N,0700
US1TXAT0046,20250710,MDPR,109,,,N,0700
US1TXAT0046,20250801,PRCP,0,,,N,0700
US1TXAT0046,20250802,PRCP,0,,,N,0700
US1TXAT0046,20250803,PRCP,0,,,N,0700
US1TXAT0046,20250804,PRCP,0,,,N,0700
US1TXAT0046,20250805,PRCP,0,,,N,0700
US1TXAT0046,20250806,PRCP,0,,,N,0700
US1TXAT0046,20250807,PRCP,0,,,N,0700
US1TXAT0046,20250808,PRCP,0,,,N,0700
US1TXAT0046,20250809,PRCP,0,,,N,0700
US1TXAT0046,20250810,PRCP,0,,,N,0700
US1TXAT0046,20250811,PRCP,0,,,N,0700
US1TXAT0046,20250812,PRCP,0,,,N,0700
US1TXAT0046,20250813,PRCP,0,,,N,0700
US1TXAT0046,20250814,PRCP,0,,,N,0700
US1TXAT0046,20250815,PRCP,0,,,N,0700
US1TXAT0046,20250816,PRCP,25,,,N,0830
US1TXAT0046,20250817,PRCP,0,,,N,0700
US1TXAT0046,20250818,PRCP,0,,,N,0700
US1TXAT0046,20250819,PRCP,0,,,N,0700
US1TXAT0046,20250820,PRCP,0,,,N,0700
US1TXAT0046,20250825,PRCP,0,,,N,0700
US1TXAT0046,20250826,PRCP,0,,,N,0700
US1TXAT0046,20250827,PRCP,53,,,N,0700
US1TXAT0046,20250828,PRCP,0,,,N,0700
US1TXAT0046,20250829,PRCP,0,,,N,0700
US1TXAT0046,20250830,PRCP,0,,,N,0700
US1TXAT0046,20250831,PRCP,0,,,N,0700
US1TXAT0046,20250801,SNOW,0,,,N,0700
US1TXAT0046,20250802,SNOW,0,,,N,0700
US1TXAT0046,20250803,SNOW,0,,,N,0700
US1TXAT0046,20250804,SNOW,0,,,N,0700
US1TXAT0046,20250805,SNOW,0,,,N,0700
US1TXAT0046,20250806,SNOW,0,,,N,0700
US1TXAT0046,20250807,SNOW,0,,,N,0700
US1TXAT0046,20250808,SNOW,0,,,N,0700
US1TXAT0046,20250809,SNOW,0,,,N,0700
US1TXAT0046,20250810,SNOW,0,,,N,0700
US1TXAT0046,20250811,SNOW,0,,,N,0700
US1TXAT0046,20250812,SNOW,0,,,N,0700
US1TXAT0046,20250813,SNOW,0,,,N,0700
US1TXAT0046,20250814,SNOW,0,,,N,0700
US1TXAT0046,20250815,SNOW,0,,,N,0700
US1TXAT0046,20250817,SNOW,0,,,N,0700
US1TXAT0046,20250818,SNOW,0,,,N,0700
US1TXAT0046,20250819,SNOW,0,,,N,0700
US1TXAT0046,20250820,SNOW,0,,,N,0700
US1TXAT0046,20250825,SNOW,0,,,N,0700
US1TXAT0046,20250826,SNOW,0,,,N,0700
US1TXAT0046,20250828,SNOW,0,,,N,0700
US1TXAT0046,20250829,SNOW,0,,,N,0700
US1TXAT0046,20250830,SNOW,0,,,N,0700
US1TXAT0046,20250831,SNOW,0,,,N,0700
US1TXAT0046,20250824,DAPR,4,,,N,1800
US1TXAT0046,20250824,MDPR,307,,,N,1800
US1TXAT0046,20250901,PRCP,724,,,N,0700
US1TXAT0046,20250902,PRCP,0,,,N,0700
US1TXAT0046,20250903,PRCP,0,,,N,0700
US1TXAT0046,20250904,PRCP,0,,,N,0700
US1TXAT0046,20250905,PRCP,0,,,N,0700
US1TXAT0046,20250906,PRCP,0,,,N,0700
US1TXAT0046,20250907,PRCP,0,,,N,0700
US1TXAT0046,20250908,PRCP,0,,,N,0700
US1TXAT0046,20250909,PRCP,0,,,N,0700
US1TXAT0046,20250910,PRCP,0,,,N,0700
US1TXAT0046,20250911,PRCP,0,,,N,0700
US1TXAT0046,20250912,PRCP,0,,,N,0700
US1TXAT0046,20250913,PRCP,0,,,N,0700
US1TXAT0046,20250914,PRCP,0,,,N,0700
US1TXAT0046,20250915,PRCP,0,,,N,0700
US1TXAT0046,20250916,PRCP,0,,,N,0700
US1TXAT0046,20250917,PRCP,0,,,N,0700
US1TXAT0046,20250918,PRCP,0,,,N,0700
US1TXAT0046,20250919,PRCP,0,,,N,0700
US1TXAT0046,20250920,PRCP,0,,,N,0700
US1TXAT0046,20250921,PRCP,0,,,N,0700
US1TXAT0046,20250922,PRCP,0,,,N,0700
US1TXAT0046,20250923,PRCP,0,,,N,0700
US1TXAT0046,20250924,PRCP,0,,,N,0700
US1TXAT0046,20250925,PRCP,0,,,N,0700
US1TXAT0046,20250926,PRCP,0,,,N,0700
US1TXAT0046,20250927,PRCP,0,,,N,0700
US1TXAT0046,20250928,PRCP,0,,,N,0700
US1TXAT0046,20250929,PRCP,0,,,N,0700
US1TXAT0046,20250930,PRCP,0,,,N,0700
US1TXAT0046,20250902,SNOW,0,,,N,0700
US1TXAT0046,20250903,SNOW,0,,,N,0700
US1TXAT0046,20250904,SNOW,0,,,N,0700
US1TXAT0046,20250905,SNOW,0,,,N,0700
US1TXAT0046,20250906,SNOW,0,,,N,0700
US1TXAT0046,20250907,SNOW,0,,,N,0700
US1TXAT0046,20250908,SNOW,0,,,N,0700
US1TXAT0046,20250909,SNOW,0,,,N,0700
US1TXAT0046,20250910,SNOW,0,,,N,0700
US1TXAT0046,20250911,SNOW,0,,,N,0700
US1TXAT0046,20250912,SNOW,0,,,N,0700
US1TXAT0046,20250913,SNOW,0,,,N,0700
US1TXAT0046,20250914,SNOW,0,,,N,0700
US1TXAT0046,20250915,SNOW,0,,,N,0700
US1TXAT0046,20250916,SNOW,0,,,N,0700
US1TXAT0046,20250917,SNOW,0,,,N,0700
US1TXAT0046,20250918,SNOW,0,,,N,0700
US1TXAT0046,20250919,SNOW,0,,,N,0700
US1TXAT0046,20250920,SNOW,0,,,N,0700
US1TXAT0046,20250921,SNOW,0,,,N,0700
US1TXAT0046,20250922,SNOW,0,,,N,0700
US1TXAT0046,20250923,SNOW,0,,,N,0700
US1TXAT0046,20250924,SNOW,0,,,N,0700
US1TXAT0046,20250925,SNOW,0,,,N,0700
US1TXAT0046,20250926,SNOW,0,,,N,0700
US1TXAT0046,20250927,SNOW,0,,,N,0700
US1TXAT0046,20250928,SNOW,0,,,N,0700
US1TXAT0046,20250929,SNOW,0,,,N,0700
US1TXAT0046,20250930,SNOW,0,,,N,0700
US1TXAT0046,20251001,PRCP,0,,,N,0700
US1TXAT0046,20251002,PRCP,0,,,N,0700
US1TXAT0046,20251003,PRCP,0,,,N,0700
US1TXAT0046,20251004,PRCP,0,,,N,0700
US1TXAT0046,20251005,PRCP,0,,,N,0700
US1TXAT0046,20251007,PRCP,0,,,N,0700
US1TXAT0046,20251008,PRCP,0,,,N,0700
US1TXAT0046,20251009,PRCP,0,,,N,0700
US1TXAT0046,20251010,PRCP,0,,,N,0700
US1TXAT0046,20251011,PRCP,0,,,N,0700
US1TXAT0046,20251012,PRCP,0,,,N,0700
US1TXAT0046,20251013,PRCP,0,,,N,0700
US1TXAT0046,20251014,PRCP,0,,,N,0700
US1TXAT0046,20251015,PRCP,0,,,N,0700
US1TXAT0046,20251016,PRCP,0,,,N,0700
US1TXAT0046,20251017,PRCP,0,,,N,0700
US1TXAT0046,20251018,PRCP,0,,,N,0700
US1TXAT0046,20251019,PRCP,0,,,N,0700
US1TXAT0046,20251020,PRCP,0,,,N,0700
US1TXAT0046,20251021,PRCP,0,,,N,0700
US1TXAT0046,20251022,PRCP,0,,,N,0700
US1TXAT0046,20251023,PRCP,0,,,N,0700
US1TXAT0046,20251024,PRCP,0,,,N,0700
US1TXAT0046,20251025,PRCP,399,,,N,0730
US1TXAT0046,20251026,PRCP,0,,,N,0700
US1TXAT0046,20251027,PRCP,0,,,N,0700
US1TXAT0046,20251028,PRCP,0,,,N,0700
US1TXAT0046,20251029,PRCP,0,,,N,0700
US1TXAT0046,20251030,PRCP,0,,,N,0700
US1TXAT0046,20251031,PRCP,0,,,N,0700
US1TXAT0046,20251001,SNOW,0,,,N,0700
US1TXAT0046,20251002,SNOW,0,,,N,0700
US1TXAT0046,20251003,SNOW,0,,,N,0700
US1TXAT0046,20251004,SNOW,0,,,N,0700
US1TXAT0046,20251005,SNOW,0,,,N,0700
US1TXAT0046,20251007,SNOW,0,,,N,0700
US1TXAT0046,20251008,SNOW,0,,,N,0700
US1TXAT0046,20251009,SNOW,0,,,N,0700
US1TXAT0046,20251010,SNOW,0,,,N,0700
US1TXAT0046,20251011,SNOW,0,,,N,0700
US1TXAT0046,20251012,SNOW,0,,,N,0700
US1TXAT0046,20251013,SNOW,0,,,N,0700
US1TXAT0046,20251014,SNOW,0,,,N,0700
US1TXAT0046,20251015,SNOW,0,,,N,0700
US1TXAT0046,20251016,SNOW,0,,,N,0700
US1TXAT0046,20251017,SNOW,0,,,N,0700
US1TXAT0046,20251018,SNOW,0,,,N,0700
US1TXAT0046,20251019,SNOW,0,,,N,0700
US1TXAT0046,20251020,SNOW,0,,,N,0700
US1TXAT0046,20251021,SNOW,0,,,N,0700
US1TXAT0046,20251022,SNOW,0,,,N,0700
US1TXAT0046,20251023,SNOW,0,,,N,0700
US1TXAT0046,20251024,SNOW,0,,,N,0700
US1TXAT0046,20251026,SNOW,0,,,N,0700
US1TXAT0046,20251027,SNOW,0,,,N,0700
US1TXAT0046,20251028,SNOW,0,,,N,0700
US1TXAT0046,20251029,SNOW,0,,,N,0700
US1TXAT0046,20251030,SNOW,0,,,N,0700
US1TXAT0046,20251031,SNOW,0,,,N,0700
US1TXAT0046,20251101,PRCP,0,,,N,0700
US1TXAT0046,20251102,PRCP,211,,,N,0730
US1TXAT0046,20251103,PRCP,0,,,N,0700
US1TXAT0046,20251104,PRCP,0,,,N,0700
US1TXAT0046,20251105,PRCP,0,,,N,0700
US1TXAT0046,20251106,PRCP,0,,,N,0700
US1TXAT0046,20251107,PRCP,0,,,N,0700
US1TXAT0046,20251108,PRCP,0,,,N,0700
US1TXAT0046,20251109,PRCP,0,,,N,0700
US1TXAT0046,20251110,PRCP,0,,,N,0700
US1TXAT0046,20251111,PRCP,0,,,N,0700
US1TXAT0046,20251112,PRCP,0,,,N,0700
US1TXAT0046,20251113,PRCP,0,,,N,0700
US1TXAT0046,20251114,PRCP,0,,,N,0700
US1TXAT0046,20251115,PRCP,0,,,N,0700
US1TXAT0046,20251116,PRCP,0,,,N,0700
US1TXAT0046,20251117,PRCP,0,,,N,0700
US1TXAT0046,20251118,PRCP,0,,,N,0700
US1TXAT0046,20251119,PRCP,0,,,N,0700
US1TXAT0046,20251120,PRCP,0,,,N,0700
US1TXAT0046,20251121,PRCP,0,,,N,0700
US1TXAT0046,20251122,PRCP,0,,,N,0700
US1TXAT0046,20251123,PRCP,114,,,N,0800
US1TXAT0046,20251124,PRCP,38,,,N,0700
US1TXAT0046,20251125,PRCP,0,,,N,0700
US1TXAT0046,20251126,PRCP,0,,,N,0700
US1TXAT0046,20251127,PRCP,0,,,N,0700
US1TXAT0046,20251128,PRCP,0,,,N,0700
US1TXAT0046,20251129,PRCP,0,,,N,0700
US1TXAT0046,20251130,PRCP,10,,,N,0800
US1TXAT0046,20251101,SNOW,0,,,N,0700
US1TXAT0046,20251103,SNOW,0,,,N,0700
US1TXAT0046,20251104,SNOW,0,,,N,0700
US1TXAT0046,20251105,SNOW,0,,,N,0700
US1TXAT0046,20251106,SNOW,0,,,N,0700
US1TXAT0046,20251107,SNOW,0,,,N,0700
US1TXAT0046,20251108,SNOW,0,,,N,0700
US1TXAT0046,20251109,SNOW,0,,,N,0700
US1TXAT0046,20251110,SNOW,0,,,N,0700
US1TXAT0046,20251111,SNOW,0,,,N,0700
US1TXAT0046,20251112,SNOW,0,,,N,0700
US1TXAT0046,20251113,SNOW,0,,,N,0700
US1TXAT0046,20251114,SNOW,0,,,N,0700
US1TXAT0046,20251115,SNOW,0,,,N,0700
US1TXAT0046,20251116,SNOW,0,,,N,0700
US1TXAT0046,20251117,SNOW,0,,,N,0700
US1TXAT0046,20251118,SNOW,0,,,N,0700
US1TXAT0046,20251119,SNOW,0,,,N,0700
US1TXAT0046,20251120,SNOW,0,,,N,0700
US1TXAT0046,20251121,SNOW,0,,,N,0700
US1TXAT0046,20251122,SNOW,0,,,N,0700
US1TXAT0046,20251125,SNOW,0,,,N,0700
US1TXAT0046,20251126,SNOW,0,,,N,0700
US1TXAT0046,20251127,SNOW,0,,,N,0700
US1TXAT0046,20251128,SNOW,0,,,N,0700
US1TXAT0046,20251129,SNOW,0,,,N,0700
US1TXAT0046,20251201,PRCP,0,,,N,0700
US1TXAT0046,20251202,PRCP,0,,,N,0700
US1TXAT0046,20251203,PRCP,0,,,N,0700
US1TXAT0046,20251204,PRCP,23,,,N,0700
US1TXAT0046,20251205,PRCP,0,,,N,0700
US1TXAT0046,20251206,PRCP,0,,,N,0700
US1TXAT0046,20251207,PRCP,0,,,N,0700
US1TXAT0046,20251208,PRCP,0,,,N,0700
US1TXAT0046,20251209,PRCP,0,,,N,0700
US1TXAT0046,20251210,PRCP,0,,,N,0700
US1TXAT0046,20251211,PRCP,0,,,N,0700
US1TXAT0046,20251212,PRCP,0,,,N,0700
US1TXAT0046,20251213,PRCP,0,,,N,0700
US1TXAT0046,20251214,PRCP,0,,,N,0700
US1TXAT0046,20251215,PRCP,0,,,N,0700
US1TXAT0046,20251216,PRCP,0,,,N,0700
US1TXAT0046,20251217,PRCP,33,,,N,0800
US1TXAT0046,20251218,PRCP,25,,,N,0700
US1TXAT0046,20251219,PRCP,0,,,N,0700
US1TXAT0046,20251220,PRCP,0,,,N,0700
US1TXAT0046,20251221,PRCP,0,,,N,0700
US1TXAT0046,20251222,PRCP,0,,,N,0700
US1TXAT0046,20251223,PRCP,0,,,N,0700
US1TXAT0046,20251224,PRCP,0,,,N,0700
US1TXAT0046,20251225,PRCP,0,,,N,0700
US1TXAT0046,20251226,PRCP,0,,,N,0700
US1TXAT0046,20251227,PRCP,0,,,N,0700
US1TXAT0046,20251228,PRCP,0,,,N,0700
US1TXAT0046,20251229,PRCP,0,,,N,0700
US1TXAT0046,20251230,PRCP,0,,,N,0700
US1TXAT0046,20251231,PRCP,0,,,N,0700
US1TXAT0046,20251201,SNOW,0,,,N,0700
US1TXAT0046,20251202,SNOW,0,,,N,0700
US1TXAT0046,20251203,SNOW,0,,,N,0700
US1TXAT0046,20251205,SNOW,0,,,N,0700
US1TXAT0046,20251206,SNOW,0,,,N,0700
US1TXAT0046,20251207,SNOW,0,,,N,0700
US1TXAT0046,20251208,SNOW,0,,,N,0700
US1TXAT0046,20251209,SNOW,0,,,N,0700
US1TXAT0046,20251210,SNOW,0,,,N,0700
US1TXAT0046,20251211,SNOW,0,,,N,0700
US1TXAT0046,20251212,SNOW,0,,,N,0700
US1TXAT0046,20251213,SNOW,0,,,N,0700
US1TXAT0046,20251214,SNOW,0,,,N,0700
US1TXAT0046,20251215,SNOW,0,,,N,0700
US1TXAT0046,20251216,SNOW,0,,,N,0700
US1TXAT0046,20251219,SNOW,0,,,N,0700
US1TXAT0046,20251220,SNOW,0,,,N,0700
US1TXAT0046,20251221,SNOW,0,,,N,0700
US1TXAT0046,20251222,SNOW,0,,,N,0700
US1TXAT0046,20251223,SNOW,0,,,N,0700
US1TXAT0046,20251224,SNOW,0,,,N,0700
US1TXAT0046,20251225,SNOW,0,,,N,0700
US1TXAT0046,20251226,SNOW,0,,,N,0700
US1TXAT0046,20251227,SNOW,0,,,N,0700
US1TXAT0046,20251228,SNOW,0,,,N,0700
US1TXAT0046,20251229,SNOW,0,,,N,0700
US1TXAT0046,20251230,SNOW,0,,,N,0700
US1TXAT0046,20251231,SNOW,0,,,N,0700
US1TXAT0046,20260101,PRCP,0,,,N,0700
US1TXAT0046,20260102,PRCP,0,,,N,0700
US1TXAT0046,20260103,PRCP,0,,,N,0700
US1TXAT0046,20260104,PRCP,0,,,N,0700
US1TXAT0046,20260105,PRCP,0,,,N,0700
US1TXAT0046,20260106,PRCP,0,,,N,0700
US1TXAT0046,20260107,PRCP,0,,,N,0700
US1TXAT0046,20260108,PRCP,0,,,N,0700
US1TXAT0046,20260109,PRCP,0,,,N,0700
US1TXAT0046,20260110,PRCP,0,,,N,0700
US1TXAT0046,20260111,PRCP,0,,,N,0700
US1TXAT0046,20260112,PRCP,0,,,N,0700
US1TXAT0046,20260113,PRCP,0,,,N,0700
US1TXAT0046,20260114,PRCP,0,,,N,0700
US1TXAT0046,20260115,PRCP,0,,,N,0700
US1TXAT0046,20260116,PRCP,0,,,N,0700
US1TXAT0046,20260117,PRCP,0,,,N,0700
US1TXAT0046,20260118,PRCP,0,,,N,0700
US1TXAT0046,20260119,PRCP,0,,,N,0700
US1TXAT0046,20260120,PRCP,0,,,N,0700
US1TXAT0046,20260121,PRCP,0,,,N,0700
US1TXAT0046,20260122,PRCP,0,,,N,0700
US1TXAT0046,20260123,PRCP,0,,,N,0700
US1TXAT0046,20260124,PRCP,76,,,N,0800
US1TXAT0046,20260125,PRCP,0,,,N,0700
US1TXAT0046,20260126,PRCP,0,,,N,0700
US1TXAT0046,20260127,PRCP,0,,,N,0700
US1TXAT0046,20260128,PRCP,0,,,N,0700
US1TXAT0046,20260129,PRCP,0,,,N,0700
US1TXAT0046,20260130,PRCP,0,,,N,0700
US1TXAT0046,20260131,PRCP,0,,,N,0700
US1TXAT0046,20260101,SNOW,0,,,N,0700
US1TXAT0046,20260102,SNOW,0,,,N,0700
US1TXAT0046,20260103,SNOW,0,,,N,0700
US1TXAT0046,20260104,SNOW,0,,,N,0700
US1TXAT0046,20260105,SNOW,0,,,N,0700
US1TXAT0046,20260106,SNOW,0,,,N,0700
US1TXAT0046,20260107,SNOW,0,,,N,0700
US1TXAT0046,20260108,SNOW,0,,,N,0700
US1TXAT0046,20260109,SNOW,0,,,N,0700
US1TXAT0046,20260110,SNOW,0,,,N,0700
US1TXAT0046,20260111,SNOW,0,,,N,0700
US1TXAT0046,20260112,SNOW,0,,,N,0700
US1TXAT0046,20260113,SNOW,0,,,N,0700
US1TXAT0046,20260114,SNOW,0,,,N,0700
US1TXAT0046,20260115,SNOW,0,,,N,0700
US1TXAT0046,20260116,SNOW,0,,,N,0700
US1TXAT0046,20260117,SNOW,0,,,N,0700
US1TXAT0046,20260118,SNOW,0,,,N,0700
US1TXAT0046,20260119,SNOW,0,,,N,0700
US1TXAT0046,20260120,SNOW,0,,,N,0700
US1TXAT0046,20260121,SNOW,0,,,N,0700
US1TXAT0046,20260122,SNOW,0,,,N,0700
US1TXAT0046,20260123,SNOW,0,,,N,0700
US1TXAT0046,20260125,SNOW,0,,,N,0700
US1TXAT0046,20260126,SNOW,0,,,N,0700
US1TXAT0046,20260127,SNOW,0,,,N,0700
US1TXAT0046,20260128,SNOW,0,,,N,0700
US1TXAT0046,20260129,SNOW,0,,,N,0700
US1TXAT0046,20260130,SNOW,0,,,N,0700
US1TXAT0046,20260131,SNOW,0,,,N,0700
US1TXAT0046,20260201,PRCP,0,,,N,0700
US1TXAT0046,20260202,PRCP,0,,,N,0700
US1TXAT0046,20260203,PRCP,0,,,N,0700
US1TXAT0046,20260204,PRCP,0,,,N,0700
US1TXAT0046,20260205,PRCP,0,,,N,0700
US1TXAT0046,20260206,PRCP,0,,,N,0700
US1TXAT0046,20260207,PRCP,0,,,N,0700
US1TXAT0046,20260208,PRCP,0,,,N,0700
US1TXAT0046,20260209,PRCP,0,,,N,0700
US1TXAT0046,20260210,PRCP,0,,,N,0700
US1TXAT0046,20260211,PRCP,0,,,N,0700
US1TXAT0046,20260212,PRCP,0,,,N,0700
US1TXAT0046,20260213,PRCP,0,,,N,0700
US1TXAT0046,20260214,PRCP,0,,,N,0700
US1TXAT0046,20260215,PRCP,114,,,N,0800
US1TXAT0046,20260216,PRCP,0,,,N,0700
US1TXAT0046,20260217,PRCP,0,,,N,0700
US1TXAT0046,20260218,PRCP,0,,,N,0700
US1TXAT0046,20260219,PRCP,0,,,N,0700
US1TXAT0046,20260220,PRCP,0,,,N,0700
US1TXAT0046,20260221,PRCP,0,,,N,0700
US1TXAT0046,20260222,PRCP,0,,,N,0700
US1TXAT0046,20260223,PRCP,0,,,N,0700
US1TXAT0046,20260224,PRCP,0,,,N,0700
US1TXAT0046,20260225,PRCP,0,,,N,0700
US1TXAT0046,20260226,PRCP,0,,,N,0700
US1TXAT0046,20260227,PRCP,0,,,N,0700
US1TXAT0046,20260228,PRCP,0,,,N,0700
US1TXAT0046,20260201,SNOW,0,,,N,0700
US1TXAT0046,20260202,SNOW,0,,,N,0700
US1TXAT0046,20260203,SNOW,0,,,N,0700
US1TXAT0046,20260204,SNOW,0,,,N,0700
US1TXAT0046,20260205,SNOW,0,,,N,0700
US1TXAT0046,20260206,SNOW,0,,,N,0700
US1TXAT0046,20260207,SNOW,0,,,N,0700
US1TXAT0046,20260208,SNOW,0,,,N,0700
US1TXAT0046,20260209,SNOW,0,,,N,0700
US1TXAT0046,20260210,SNOW,0,,,N,0700
US1TXAT0046,20260211,SNOW,0,,,N,0700
US1TXAT0046,20260212,SNOW,0,,,N,0700
US1TXAT0046,20260213,SNOW,0,,,N,0700
US1TXAT0046,20260214,SNOW,0,,,N,0700
US1TXAT0046,20260216,SNOW,0,,,N,0700
US1TXAT0046,20260217,SNOW,0,,,N,0700
US1TXAT0046,20260218,SNOW,0,,,N,0700
US1TXAT0046,20260219,SNOW,0,,,N,0700
US1TXAT0046,20260220,SNOW,0,,,N,0700
US1TXAT0046,20260221,SNOW,0,,,N,0700
US1TXAT0046,20260222,SNOW,0,,,N,0700
US1TXAT0046,20260223,SNOW,0,,,N,0700
US1TXAT0046,20260224,SNOW,0,,,N,0700
US1TXAT0046,20260225,SNOW,0,,,N,0700
US1TXAT0046,20260226,SNOW,0,,,N,0700
US1TXAT0046,20260227,SNOW,0,,,N,0700
US1TXAT0046,20260228,SNOW,0,,,N,0700
US1TXAT0046,20260301,PRCP,0,,,N,0700
US1TXAT0046,20260302,PRCP,0,,,N,0700
US1TXAT0046,20260303,PRCP,0,,,N,0700
US1TXAT0046,20260304,PRCP,0,,,N,0700
US1TXAT0046,20260305,PRCP,0,,,N,0700
US1TXAT0046,20260306,PRCP,0,,,N,0700
US1TXAT0046,20260307,PRCP,0,,,N,0700
US1TXAT0046,20260308,PRCP,25,,,N,0850
US1TXAT0046,20260309,PRCP,102,,,N,0730
US1TXAT0046,20260310,PRCP,0,,,N,0700
US1TXAT0046,20260311,PRCP,51,,,N,0715
US1TXAT0046,20260312,PRCP,0,,,N,0700
US1TXAT0046,20260313,PRCP,0,,,N,0700
US1TXAT0046,20260314,PRCP,0,,,N,0700
US1TXAT0046,20260315,PRCP,0,,,N,0700
US1TXAT0046,20260316,PRCP,0,,,N,0700
US1TXAT0046,20260317,PRCP,0,,,N,0700
US1TXAT0046,20260318,PRCP,0,,,N,0700
US1TXAT0046,20260319,PRCP,0,,,N,0700
US1TXAT0046,20260320,PRCP,0,,,N,0700
US1TXAT0046,20260321,PRCP,0,,,N,0700
US1TXAT0046,20260322,PRCP,0,,,N,0700
US1TXAT0046,20260323,PRCP,0,,,N,0700
US1TXAT0046,20260324,PRCP,0,,,N,0700
US1TXAT0046,20260325,PRCP,0,,,N,0700
US1TXAT0046,20260326,PRCP,0,,,N,0700
US1TXAT0046,20260327,PRCP,0,,,N,0700
US1TXAT0046,20260328,PRCP,0,,,N,0700
US1TXAT0046,20260329,PRCP,0,,,N,0700
US1TXAT0046,20260330,PRCP,0,,,N,0700
US1TXAT0046,20260331,PRCP,0,,,N,0700
US1TXAT0046,20260301,SNOW,0,,,N,0700
US1TXAT0046,20260302,SNOW,0,,,N,0700
US1TXAT0046,20260303,SNOW,0,,,N,0700
US1TXAT0046,20260304,SNOW,0,,,N,0700
US1TXAT0046,20260305,SNOW,0,,,N,0700
US1TXAT0046,20260306,SNOW,0,,,N,0700
US1TXAT0046,20260307,SNOW,0,,,N,0700
US1TXAT0046,20260310,SNOW,0,,,N,0700
US1TXAT0046,20260312,SNOW,0,,,N,0700
US1TXAT0046,20260313,SNOW,0,,,N,0700
US1TXAT0046,20260314,SNOW,0,,,N,0700
US1TXAT0046,20260315,SNOW,0,,,N,0700
US1TXAT0046,20260316,SNOW,0,,,N,0700
US1TXAT0046,20260317,SNOW,0,,,N,0700
US1TXAT0046,20260318,SNOW,0,,,N,0700
US1TXAT0046,20260319,SNOW,0,,,N,0700
US1TXAT0046,20260320,SNOW,0,,,N,0700
US1TXAT0046,20260321,SNOW,0,,,N,0700
US1TXAT0046,20260322,SNOW,0,,,N,0700
US1TXAT0046,20260323,SNOW,0,,,N,0700
US1TXAT0046,20260324,SNOW,0,,,N,0700
US1TXAT0046,20260325,SNOW,0,,,N,0700
US1TXAT0046,20260326,SNOW,0,,,N,0700
US1TXAT0046,20260327,SNOW,0,,,N,0700
US1TXAT0046,20260328,SNOW,0,,,N,0700
US1TXAT0046,20260329,SNOW,0,,,N,0700
US1TXAT0046,20260330,SNOW,0,,,N,0700
US1TXAT0046,20260331,SNOW,0,,,N,0700
US1TXAT0046,20260401,PRCP,0,,,N,0700
US1TXAT0046,20260402,PRCP,0,,,N,0700
US1TXAT0046,20260403,PRCP,0,,,N,0700
US1TXAT0046,20260404,PRCP,0,,,N,0700
US1TXAT0046,20260405,PRCP,84,,,N,0730
US1TXAT0046,20260406,PRCP,13,,,N,0731
US1TXAT0046,20260407,PRCP,0,,,N,0700
US1TXAT0046,20260408,PRCP,0,,,N,0700
US1TXAT0046,20260418,PRCP,0,,,N,0700
US1TXAT0046,20260419,PRCP,160,,,N,0830
US1TXAT0046,20260420,PRCP,180,,,N,0700
US1TXAT0046,20260421,PRCP,323,,,N,0645
US1TXAT0046,20260422,PRCP,89,,,N,0700
US1TXAT0046,20260423,PRCP,0,,,N,0700
US1TXAT0046,20260424,PRCP,0,,,N,0700
US1TXAT0046,20260425,PRCP,0,,,N,0700
US1TXAT0046,20260426,PRCP,0,,,N,0700
US1TXAT0046,20260427,PRCP,0,,,N,0700
US1TXAT0046,20260428,PRCP,0,,,N,0700
US1TXAT0046,20260429,PRCP,0,,,N,0700
US1TXAT0046,20260430,PRCP,0,,,N,0700
US1TXAT0046,20260401,SNOW,0,,,N,0700
US1TXAT0046,20260402,SNOW,0,,,N,0700
US1TXAT0046,20260403,SNOW,0,,,N,0700
US1TXAT0046,20260404,SNOW,0,,,N,0700
US1TXAT0046,20260407,SNOW,0,,,N,0700
US1TXAT0046,20260408,SNOW,0,,,N,0700
US1TXAT0046,20260418,SNOW,0,,,N,0700
US1TXAT0046,20260423,SNOW,0,,,N,0700
US1TXAT0046,20260424,SNOW,0,,,N,0700
US1TXAT0046,20260425,SNOW,0,,,N,0700
US1TXAT0046,20260426,SNOW,0,,,N,0700
US1TXAT0046,20260427,SNOW,0,,,N,0700
US1TXAT0046,20260428,SNOW,0,,,N,0700
US1TXAT0046,20260429,SNOW,0,,,N,0700
US1TXAT0046,20260430,SNOW,0,,,N,0700
US1TXAT0046,20260417,DAPR,9,,,N,0900
US1TXAT0046,20260417,MDPR,191,,,N,0900
US1TXAT0046,20260501,PRCP,432,,,N,0646
US1TXAT0046,20260502,PRCP,465,,,N,0800
US1TXAT0046,20260503,PRCP,0,,,N,0700
US1TXAT0046,20260504,PRCP,0,,,N,0700
US1TXAT0046,20260505,PRCP,0,,,N,0700
US1TXAT0046,20260506,PRCP,0,,,N,0700
US1TXAT0046,20260507,PRCP,0,,,N,0700
US1TXAT0046,20260508,PRCP,0,,,N,0700
US1TXAT0046,20260509,PRCP,0,,,N,0700
US1TXAT0046,20260510,PRCP,0,,,N,0700
US1TXAT0046,20260511,PRCP,236,,,N,0630
US1TXAT0046,20260512,PRCP,0,,,N,0700
US1TXAT0046,20260513,PRCP,0,,,N,0700
US1TXAT0046,20260514,PRCP,0,,,N,0700
US1TXAT0046,20260515,PRCP,0,,,N,0700
US1TXAT0046,20260516,PRCP,0,,,N,0700
US1TXAT0046,20260517,PRCP,0,,,N,0700
US1TXAT0046,20260518,PRCP,0,,,N,0700
US1TXAT0046,20260519,PRCP,0,,,N,0700
US1TXAT0046,20260520,PRCP,417,,,N,0700
US1TXAT0046,20260521,PRCP,36,,,N,0645
US1TXAT0046,20260528,PRCP,41,,,N,0630
US1TXAT0046,20260503,SNOW,0,,,N,0700
US1TXAT0046,20260504,SNOW,0,,,N,0700
US1TXAT0046,20260505,SNOW,0,,,N,0700
US1TXAT0046,20260506,SNOW,0,,,N,0700
US1TXAT0046,20260507,SNOW,0,,,N,0700
US1TXAT0046,20260508,SNOW,0,,,N,0700
US1TXAT0046,20260509,SNOW,0,,,N,0700
US1TXAT0046,20260510,SNOW,0,,,N,0700
US1TXAT0046,20260512,SNOW,0,,,N,0700
US1TXAT0046,20260513,SNOW,0,,,N,0700
US1TXAT0046,20260514,SNOW,0,,,N,0700
US1TXAT0046,20260515,SNOW,0,,,N,0700
US1TXAT0046,20260516,SNOW,0,,,N,0700
US1TXAT0046,20260517,SNOW,0,,,N,0700
US1TXAT0046,20260518,SNOW,0,,,N,0700
US1TXAT0046,20260519,SNOW,0,,,N,0700
US1TXAT0046,20260527,DAPR,6,,,N,0700
US1TXAT0046,20260527,MDPR,518,,,N,0700
US1TXAT0046,20260613,PRCP,0,,,N,0700
US1TXAT0046,20260614,PRCP,173,,,N,0700
US1TXAT0046,20260615,PRCP,130,,,N,0640
US1TXAT0046,20260616,PRCP,305,,,N,0740
US1TXAT0046,20260617,PRCP,0,,,N,0700
US1TXAT0046,20260618,PRCP,0,,,N,0700
US1TXAT0046,20260619,PRCP,0,,,N,0700
US1TXAT0046,20260620,PRCP,145,,,N,0745
US1TXAT0046,20260621,PRCP,0,,,N,0700
US1TXAT0046,20260622,PRCP,0,,,N,0700
US1TXAT0046,20260623,PRCP,0,,,N,0700
US1TXAT0046,20260624,PRCP,0,,,N,0700
US1TXAT0046,20260625,PRCP,0,,,N,0700
US1TXAT0046,20260626,PRCP,0,,,N,0700
US1TXAT0046,20260627,PRCP,0,,,N,0700
US1TXAT0046,20260628,PRCP,0,,,N,0700
US1TXAT0046,20260629,PRCP,0,,,N,0700
US1TXAT0046,20260630,PRCP,0,,,N,0700
US1TXAT0046,20260613,SNOW,0,,,N,0700
US1TXAT0046,20260617,SNOW,0,,,N,0700
US1TXAT0046,20260618,SNOW,0,,,N,0700
US1TXAT0046,20260619,SNOW,0,,,N,0700
US1TXAT0046,20260621,SNOW,0,,,N,0700
US1TXAT0046,20260622,SNOW,0,,,N,0700
US1TXAT0046,20260623,SNOW,0,,,N,0700
US1TXAT0046,20260624,SNOW,0,,,N,0700
US1TXAT0046,20260625,SNOW,0,,,N,0700
US1TXAT0046,20260626,SNOW,0,,,N,0700
US1TXAT0046,20260627,SNOW,0,,,N,0700
US1TXAT0046,20260628,SNOW,0,,,N,0700
US1TXAT0046,20260629,SNOW,0,,,N,0700
US1TXAT0046,20260630,SNOW,0,,,N,0700
US1TXAT0046,20260612,DAPR,15,,,N,0700
US1TXAT0046,20260612,MDPR,43,,,N,0700
US1TXAT0046,20260701,PRCP,0,,,N,0700
US1TXAT0046,20260702,PRCP,0,,,N,0700
US1TXAT0046,20260703,PRCP,0,,,N,0700
US1TXAT0046,20260704,PRCP,0,,,N,0700
US1TXAT0046,20260705,PRCP,0,,,N,0700
US1TXAT0046,20260706,PRCP,0,,,N,0700
US1TXAT0046,20260707,PRCP,0,,,N,0700
US1TXAT0046,20260708,PRCP,0,,,N,0700
US1TXAT0046,20260709,PRCP,0,,,N,0700
US1TXAT0046,20260710,PRCP,0,,,N,0700
US1TXAT0046,20260711,PRCP,0,,,N,0700
US1TXAT0046,20260712,PRCP,48,,,N,0830
US1TXAT0046,20260713,PRCP,0,,,N,0700
US1TXAT0046,20260714,PRCP,102,,,N,0700
US1TXAT0046,20260715,PRCP,71,,,N,0650
US1TXAT0046,20260716,PRCP,5,,,N,0750
US1TXAT0046,20260717,PRCP,0,,,N,0700
US1TXAT0046,20260718,PRCP,0,,,N,0700
US1TXAT0046,20260719,PRCP,0,,,N,0700
US1TXAT0046,20260720,PRCP,0,,,N,0700
US1TXAT0046,20260721,PRCP,0,,,N,0700
US1TXAT0046,20260722,PRCP,0,,,N,0700
US1TXAT0046,20260723,PRCP,0,,,N,0700
US1TXAT0046,20260724,PRCP,396,,,N,0645
US1TXAT0046,20260701,SNOW,0,,,N,0700
US1TXAT0046,20260702,SNOW,0,,,N,0700
US1TXAT0046,20260703,SNOW,0,,,N,0700
US1TXAT0046,20260704,SNOW,0,,,N,0700
US1TXAT0046,20260705,SNOW,0,,,N,0700
US1TXAT0046,20260706,SNOW,0,,,N,0700
US1TXAT0046,20260707,SNOW,0,,,N,0700
US1TXAT0046,20260708,SNOW,0,,,N,0700
US1TXAT0046,20260709,SNOW,0,,,N,0700
US1TXAT0046,20260710,SNOW,0,,,N,0700
US1TXAT0046,20260711,SNOW,0,,,N,0700
US1TXAT0046,20260713,SNOW,0,,,N,0700
US1TXAT0046,20260717,SNOW,0,,,N,0700
US1TXAT0046,20260718,SNOW,0,,,N,0700
US1TXAT0046,20260719,SNOW,0,,,N,0700
US1TXAT0046,20260720,SNOW,0,,,N,0700
US1TXAT0046,20260721,SNOW,0,,,N,0700
US1TXAT0046,20260722,SNOW,0,,,N,0700
US1TXAT0046,20260723,SNOW,0,,,N,0700
US1TXAT0046,20260828,PRCP,584,,,N,1945
