ID,DATE,ELEMENT,DATA_VALUE,M_FLAG,Q_FLAG,S_FLAG,OBS_TIME
US1TXAG0001,20090430,PRCP,0,T,,N,0800
US1TXAG0001,20090501,PRCP,0,T,,N,0803
US1TXAG0001,20090502,PRCP,0,,,N,0800
US1TXAG0001,20090503,PRCP,175,,,N,0800
US1TXAG0001,20090504,PRCP,0,,,N,0800
US1TXAG0001,20090505,PRCP,0,,,N,0800
US1TXAG0001,20090506,PRCP,0,T,,N,0804
US1TXAG0001,20090507,PRCP,0,,,N,0814
US1TXAG0001,20090508,PRCP,0,,,N,0832
US1TXAG0001,20090509,PRCP,0,,,N,0805
US1TXAG0001,20090510,PRCP,0,,,N,0800
US1TXAG0001,20090511,PRCP,0,,,N,0840
US1TXAG0001,20090512,PRCP,3,,,N,0805
US1TXAG0001,20090513,PRCP,0,,,N,0833
US1TXAG0001,20090514,PRCP,0,,,N,0840
US1TXAG0001,20090515,PRCP,0,,,N,0830
US1TXAG0001,20090516,PRCP,0,,,N,0840
US1TXAG0001,20090517,PRCP,351,,,N,0800
US1TXAG0001,20090518,PRCP,3,,,N,0800
US1TXAG0001,20090519,PRCP,0,,,N,0830
US1TXAG0001,20090520,PRCP,0,,,N,0800
US1TXAG0001,20090521,PRCP,0,,,N,0900
US1TXAG0001,20090522,PRCP,0,,,N,0805
US1TXAG0001,20090523,PRCP,0,,,N,0800
US1TXAG0001,20090524,PRCP,0,T,,N,0800
US1TXAG0001,20090525,PRCP,0,,,N,0800
US1TXAG0001,20090529,PRCP,0,,,N,0930
US1TXAG0001,20090530,PRCP,0,,,N,0830
US1TXAG0001,20090531,PRCP,0,,,N,0800
US1TXAG0001,20090502,SNOW,0,,,N,0800
US1TXAG0001,20090504,SNOW,0,,,N,0800
US1TXAG0001,20090505,SNOW,0,,,N,0800
US1TXAG0001,20090507,SNOW,0,,,N,0814
US1TXAG0001,20090508,SNOW,0,,,N,0832
US1TXAG0001,20090509,SNOW,0,,,N,0805
US1TXAG0001,20090510,SNOW,0,,,N,0800
US1TXAG0001,20090511,SNOW,0,,,N,0840
US1TXAG0001,20090513,SNOW,0,,,N,0833
US1TXAG0001,20090514,SNOW,0,,,N,0840
US1TXAG0001,20090515,SNOW,0,,,N,0830
US1TXAG0001,20090516,SNOW,0,,,N,0840
US1TXAG0001,20090519,SNOW,0,,,N,0830
US1TXAG0001,20090520,SNOW,0,,,N,0800
US1TXAG0001,20090521,SNOW,0,,,N,0900
US1TXAG0001,20090522,SNOW,0,,,N,0805
US1TXAG0001,20090523,SNOW,0,,,N,0800
US1TXAG0001,20090525,SNOW,0,,,N,0800
US1TXAG0001,20090529,SNOW,0,,,N,0930
US1TXAG0001,20090530,SNOW,0,,,N,0830
US1TXAG0001,20090531,SNOW,0,,,N,0800
US1TXAG0001,20090528,DAPR,3,,,N,0800
US1TXAG0001,20090528,MDPR,38,,,N,0800
US1TXAG0001,20090601,PRCP,0,,,N,0930
US1TXAG0001,20090602,PRCP,0,,,N,0830
US1TXAG0001,20090603,PRCP,0,,,N,0912
US1TXAG0001,20090604,PRCP,391,,,N,0832
US1TXAG0001,20090605,PRCP,0,,,N,0800
US1TXAG0001,20090606,PRCP,0,,,N,0810
US1TXAG0001,20090607,PRCP,0,,,N,0800
US1TXAG0001,20090610,PRCP,0,,,N,0810
US1TXAG0001,20090611,PRCP,64,,,N,0800
US1TXAG0001,20090612,PRCP,246,,,N,0800
US1TXAG0001,20090613,PRCP,0,,,N,0930
US1TXAG0001,20090614,PRCP,0,,,N,0800
US1TXAG0001,20090615,PRCP,0,,,N,0930
US1TXAG0001,20090618,PRCP,0,,,N,0930
US1TXAG0001,20090619,PRCP,0,,,N,0930
US1TXAG0001,20090624,PRCP,0,,,N,1000
US1TXAG0001,20090625,PRCP,0,T,,N,0830
US1TXAG0001,20090626,PRCP,0,,,N,1020
US1TXAG0001,20090627,PRCP,0,,,N,0905
US1TXAG0001,20090628,PRCP,0,,,N,0700
US1TXAG0001,20090629,PRCP,0,,,N,0930
US1TXAG0001,20090630,PRCP,0,,,N,0930
US1TXAG0001,20090601,SNOW,0,,,N,0930
US1TXAG0001,20090602,SNOW,0,,,N,0830
US1TXAG0001,20090603,SNOW,0,,,N,0912
US1TXAG0001,20090605,SNOW,0,,,N,0800
US1TXAG0001,20090606,SNOW,0,,,N,0810
US1TXAG0001,20090607,SNOW,0,,,N,0800
US1TXAG0001,20090610,SNOW,0,,,N,0810
US1TXAG0001,20090613,SNOW,0,,,N,0930
US1TXAG0001,20090614,SNOW,0,,,N,0800
US1TXAG0001,20090615,SNOW,0,,,N,0930
US1TXAG0001,20090618,SNOW,0,,,N,0930
US1TXAG0001,20090619,SNOW,0,,,N,0930
US1TXAG0001,20090624,SNOW,0,,,N,1000
US1TXAG0001,20090626,SNOW,0,,,N,1020
US1TXAG0001,20090627,SNOW,0,,,N,0905
US1TXAG0001,20090628,SNOW,0,,,N,0700
US1TXAG0001,20090629,SNOW,0,,,N,0930
US1TXAG0001,20090630,SNOW,0,,,N,0930
US1TXAG0001,20090609,DAPR,2,,,N,0832
US1TXAG0001,20090617,DAPR,2,,,N,0940
US1TXAG0001,20090623,DAPR,4,,,N,0954
US1TXAG0001,20090609,MDPR,0,,,N,0832
US1TXAG0001,20090617,MDPR,0,,,N,0940
US1TXAG0001,20090623,MDPR,0,,,N,0954
US1TXAG0001,20090701,PRCP,0,,,N,1010
US1TXAG0001,20090702,PRCP,0,,,N,0916
US1TXAG0001,20090703,PRCP,0,,,N,0940
US1TXAG0001,20090704,PRCP,0,,,N,0715
US1TXAG0001,20090705,PRCP,0,,,N,0930
US1TXAG0001,20090706,PRCP,3,,,N,0814
US1TXAG0001,20090707,PRCP,0,,,N,0930
US1TXAG0001,20090708,PRCP,0,,,N,1030
US1TXAG0001,20090709,PRCP,0,,,N,0930
US1TXAG0001,20090710,PRCP,0,,,N,0930
US1TXAG0001,20090711,PRCP,0,,,N,0930
US1TXAG0001,20090712,PRCP,0,,,N,0840
US1TXAG0001,20090713,PRCP,0,,,N,0843
US1TXAG0001,20090714,PRCP,0,,,N,0830
US1TXAG0001,20090715,PRCP,0,,,N,0900
US1TXAG0001,20090716,PRCP,0,,,N,0930
US1TXAG0001,20090717,PRCP,343,,,N,0815
US1TXAG0001,20090718,PRCP,66,,,N,0815
US1TXAG0001,20090701,SNOW,0,,,N,1010
US1TXAG0001,20090702,SNOW,0,,,N,0916
US1TXAG0001,20090703,SNOW,0,,,N,0940
US1TXAG0001,20090704,SNOW,0,,,N,0715
US1TXAG0001,20090705,SNOW,0,,,N,0930
US1TXAG0001,20090707,SNOW,0,,,N,0930
US1TXAG0001,20090708,SNOW,0,,,N,1030
US1TXAG0001,20090709,SNOW,0,,,N,0930
US1TXAG0001,20090710,SNOW,0,,,N,0930
US1TXAG0001,20090711,SNOW,0,,,N,0930
US1TXAG0001,20090712,SNOW,0,,,N,0840
US1TXAG0001,20090713,SNOW,0,,,N,0843
US1TXAG0001,20090714,SNOW,0,,,N,0830
US1TXAG0001,20090715,SNOW,0,,,N,0900
US1TXAG0001,20090716,SNOW,0,,,N,0930
US1TXAG0001,20090805,PRCP,0,,,N,0830
US1TXAG0001,20090806,PRCP,0,,,N,0830
US1TXAG0001,20090807,PRCP,8,,,N,0815
US1TXAG0001,20090808,PRCP,0,,,N,0830
US1TXAG0001,20090809,PRCP,0,,,N,0830
US1TXAG0001,20090810,PRCP,0,,,N,0930
US1TXAG0001,20090811,PRCP,0,,,N,0830
US1TXAG0001,20090812,PRCP,5,,,N,0830
US1TXAG0001,20090813,PRCP,0,,,N,1300
US1TXAG0001,20090814,PRCP,0,,,N,1135
US1TXAG0001,20090815,PRCP,0,,,N,1100
US1TXAG0001,20090818,PRCP,0,,,N,0930
US1TXAG0001,20090819,PRCP,3,,,N,1115
US1TXAG0001,20090820,PRCP,0,,,N,0830
US1TXAG0001,20090821,PRCP,0,,,N,0930
US1TXAG0001,20090822,PRCP,0,,,N,0930
US1TXAG0001,20090823,PRCP,0,,,N,0830
US1TXAG0001,20090824,PRCP,15,,,N,0830
US1TXAG0001,20090825,PRCP,0,,,N,0645
US1TXAG0001,20090826,PRCP,13,,,N,0850
US1TXAG0001,20090827,PRCP,147,,,N,0900
US1TXAG0001,20090828,PRCP,229,,,N,0900
US1TXAG0001,20090829,PRCP,94,,,N,0900
US1TXAG0001,20090830,PRCP,8,,,N,0840
US1TXAG0001,20090831,PRCP,0,,,N,0930
US1TXAG0001,20090805,SNOW,0,,,N,0830
US1TXAG0001,20090806,SNOW,0,,,N,0830
US1TXAG0001,20090808,SNOW,0,,,N,0830
US1TXAG0001,20090809,SNOW,0,,,N,0830
US1TXAG0001,20090810,SNOW,0,,,N,0930
US1TXAG0001,20090811,SNOW,0,,,N,0830
US1TXAG0001,20090813,SNOW,0,,,N,1300
US1TXAG0001,20090814,SNOW,0,,,N,1135
US1TXAG0001,20090815,SNOW,0,,,N,1100
US1TXAG0001,20090818,SNOW,0,,,N,0930
US1TXAG0001,20090820,SNOW,0,,,N,0830
US1TXAG0001,20090821,SNOW,0,,,N,0930
US1TXAG0001,20090822,SNOW,0,,,N,0930
US1TXAG0001,20090823,SNOW,0,,,N,0830
US1TXAG0001,20090825,SNOW,0,,,N,0645
US1TXAG0001,20090831,SNOW,0,,,N,0930
US1TXAG0001,20090804,DAPR,17,,,N,0835
US1TXAG0001,20090817,DAPR,2,,,N,0930
US1TXAG0001,20090804,MDPR,693,,,N,0835
US1TXAG0001,20090817,MDPR,0,,,N,0930
US1TXAG0001,20090901,PRCP,0,,,N,1400
US1TXAG0001,20090903,PRCP,0,,,N,0930
US1TXAG0001,20090904,PRCP,0,,,N,0800
US1TXAG0001,20090905,PRCP,0,T,,N,0900
US1TXAG0001,20090906,PRCP,0,,,N,0900
US1TXAG0001,20090907,PRCP,0,,,N,0700
US1TXAG0001,20090911,PRCP,10,,,N,0800
US1TXAG0001,20090912,PRCP,66,,,N,0800
US1TXAG0001,20090913,PRCP,23,,,N,0800
US1TXAG0001,20090914,PRCP,168,,,N,0820
US1TXAG0001,20090915,PRCP,69,,,N,0830
US1TXAG0001,20090916,PRCP,28,,,N,0800
US1TXAG0001,20090917,PRCP,61,,,N,0830
US1TXAG0001,20090918,PRCP,33,,,N,0820
US1TXAG0001,20090919,PRCP,0,T,,N,0920
US1TXAG0001,20090920,PRCP,0,,,N,0830
US1TXAG0001,20090921,PRCP,0,,,N,0900
US1TXAG0001,20090922,PRCP,36,,,N,0800
US1TXAG0001,20090923,PRCP,30,,,N,0730
US1TXAG0001,20090924,PRCP,20,,,N,0830
US1TXAG0001,20090925,PRCP,160,,,N,0800
US1TXAG0001,20090926,PRCP,0,T,,N,0915
US1TXAG0001,20090927,PRCP,0,,,N,0750
US1TXAG0001,20090928,PRCP,0,,,N,0800
US1TXAG0001,20090929,PRCP,0,,,N,0800
US1TXAG0001,20090930,PRCP,0,,,N,0730
US1TXAG0001,20090901,SNOW,0,,,N,1400
US1TXAG0001,20090903,SNOW,0,,,N,0930
US1TXAG0001,20090904,SNOW,0,,,N,0800
US1TXAG0001,20090906,SNOW,0,,,N,0900
US1TXAG0001,20090907,SNOW,0,,,N,0700
US1TXAG0001,20090920,SNOW,0,,,N,0830
US1TXAG0001,20090921,SNOW,0,,,N,0900
US1TXAG0001,20090927,SNOW,0,,,N,0750
US1TXAG0001,20090928,SNOW,0,,,N,0800
US1TXAG0001,20090929,SNOW,0,,,N,0800
US1TXAG0001,20090930,SNOW,0,,,N,0730
US1TXAG0001,20090910,DAPR,2,,,N,1000
US1TXAG0001,20090910,MDPR,0,,,N,1000
US1TXAG0001,20091001,PRCP,0,,,N,0900
US1TXAG0001,20091002,PRCP,122,,,N,0800
US1TXAG0001,20091003,PRCP,0,,,N,0900
US1TXAG0001,20091004,PRCP,119,,,N,0800
US1TXAG0001,20091005,PRCP,51,,,N,0800
US1TXAG0001,20091006,PRCP,0,,,N,0830
US1TXAG0001,20091007,PRCP,5,,,N,0830
US1TXAG0001,20091008,PRCP,5,,,N,0700
US1TXAG0001,20091009,PRCP,28,,,N,0820
US1TXAG0001,20091010,PRCP,295,,,N,0820
US1TXAG0001,20091011,PRCP,3,,,N,0820
US1TXAG0001,20091012,PRCP,152,,,N,0820
US1TXAG0001,20091013,PRCP,206,,,N,0820
US1TXAG0001,20091014,PRCP,46,,,N,0820
US1TXAG0001,20091015,PRCP,0,T,,N,0900
US1TXAG0001,20091016,PRCP,0,T,,N,0900
US1TXAG0001,20091017,PRCP,0,,,N,0930
US1TXAG0001,20091018,PRCP,0,,,N,0830
US1TXAG0001,20091019,PRCP,0,,,N,0800
US1TXAG0001,20091026,PRCP,183,,,N,0805
US1TXAG0001,20091027,PRCP,284,,,N,0820
US1TXAG0001,20091028,PRCP,0,,,N,0800
US1TXAG0001,20091029,PRCP,10,,,N,0825
US1TXAG0001,20091030,PRCP,1704,,,N,0825
US1TXAG0001,20091031,PRCP,0,,,N,0830
US1TXAG0001,20091001,SNOW,0,,,N,0900
US1TXAG0001,20091003,SNOW,0,,,N,0900
US1TXAG0001,20091006,SNOW,0,,,N,0830
US1TXAG0001,20091017,SNOW,0,,,N,0930
US1TXAG0001,20091018,SNOW,0,,,N,0830
US1TXAG0001,20091019,SNOW,0,,,N,0800
US1TXAG0001,20091028,SNOW,0,,,N,0800
US1TXAG0001,20091031,SNOW,0,,,N,0830
US1TXAG0001,20091025,DAPR,6,,,N,1230
US1TXAG0001,20091025,MDPR,460,,,N,1230
US1TXAG0001,20091101,PRCP,0,,,N,0800
US1TXAG0001,20091102,PRCP,0,,,N,0830
US1TXAG0001,20091103,PRCP,0,,,N,0900
US1TXAG0001,20091104,PRCP,0,,,N,0830
US1TXAG0001,20091105,PRCP,0,,,N,0900
US1TXAG0001,20091106,PRCP,0,,,N,0930
US1TXAG0001,20091107,PRCP,0,,,N,0930
US1TXAG0001,20091108,PRCP,0,,,N,0850
US1TXAG0001,20091109,PRCP,3,,,N,0800
US1TXAG0001,20091110,PRCP,0,,,N,0930
US1TXAG0001,20091111,PRCP,0,,,N,0900
US1TXAG0001,20091112,PRCP,0,,,N,0930
US1TXAG0001,20091113,PRCP,0,,,N,0930
US1TXAG0001,20091114,PRCP,0,,,N,0930
US1TXAG0001,20091115,PRCP,0,,,N,0930
US1TXAG0001,20091116,PRCP,320,,,N,0800
US1TXAG0001,20091117,PRCP,0,,,N,0930
US1TXAG0001,20091126,PRCP,0,,,N,0930
US1TXAG0001,20091127,PRCP,0,,,N,0830
US1TXAG0001,20091128,PRCP,0,,,N,0930
US1TXAG0001,20091129,PRCP,0,,,N,0800
US1TXAG0001,20091130,PRCP,180,,,N,0800
US1TXAG0001,20091101,SNOW,0,,,N,0800
US1TXAG0001,20091102,SNOW,0,,,N,0830
US1TXAG0001,20091103,SNOW,0,,,N,0900
US1TXAG0001,20091104,SNOW,0,,,N,0830
US1TXAG0001,20091105,SNOW,0,,,N,0900
US1TXAG0001,20091106,SNOW,0,,,N,0930
US1TXAG0001,20091107,SNOW,0,,,N,0930
US1TXAG0001,20091108,SNOW,0,,,N,0850
US1TXAG0001,20091110,SNOW,0,,,N,0930
US1TXAG0001,20091111,SNOW,0,,,N,0900
US1TXAG0001,20091112,SNOW,0,,,N,0930
US1TXAG0001,20091113,SNOW,0,,,N,0930
US1TXAG0001,20091114,SNOW,0,,,N,0930
US1TXAG0001,20091115,SNOW,0,,,N,0930
US1TXAG0001,20091117,SNOW,0,,,N,0930
US1TXAG0001,20091126,SNOW,0,,,N,0930
US1TXAG0001,20091127,SNOW,0,,,N,0830
US1TXAG0001,20091128,SNOW,0,,,N,0930
US1TXAG0001,20091129,SNOW,0,,,N,0800
US1TXAG0001,20091124,DAPR,7,,,N,0800
US1TXAG0001,20091124,MDPR,86,,,N,0800
US1TXAG0001,20091202,PRCP,221,,,N,0800
US1TXAG0001,20091203,PRCP,0,T,,N,0800
US1TXAG0001,20091204,PRCP,0,,,N,0800
US1TXAG0001,20091205,PRCP,0,T,,N,0800
US1TXAG0001,20091206,PRCP,0,,,N,0930
US1TXAG0001,20091207,PRCP,3,,,N,0830
US1TXAG0001,20091208,PRCP,25,,,N,0800
US1TXAG0001,20091209,PRCP,13,,,N,0800
US1TXAG0001,20091210,PRCP,0,,,N,0900
US1TXAG0001,20091211,PRCP,0,,,N,0800
US1TXAG0001,20091212,PRCP,114,,,N,0930
US1TXAG0001,20091213,PRCP,8,,,N,1230
US1TXAG0001,20091214,PRCP,8,,,N,0820
US1TXAG0001,20091215,PRCP,74,,,N,0800
US1TXAG0001,20091218,PRCP,3,,,N,0730
US1TXAG0001,20091219,PRCP,0,,,N,0930
US1TXAG0001,20091221,PRCP,0,,,N,0900
US1TXAG0001,20091222,PRCP,0,,,N,0830
US1TXAG0001,20091223,PRCP,58,,,N,0930
US1TXAG0001,20091228,PRCP,0,,,N,0800
US1TXAG0001,20091229,PRCP,0,,,N,0800
US1TXAG0001,20091230,PRCP,117,,,N,0800
US1TXAG0001,20091231,PRCP,5,,,N,0800
US1TXAG0001,20091204,SNOW,0,,,N,0800
US1TXAG0001,20091205,SNOW,0,T,,N,0800
US1TXAG0001,20091206,SNOW,0,,,N,0930
US1TXAG0001,20091210,SNOW,0,,,N,0900
US1TXAG0001,20091211,SNOW,0,,,N,0800
US1TXAG0001,20091219,SNOW,0,,,N,0930
US1TXAG0001,20091221,SNOW,0,,,N,0900
US1TXAG0001,20091222,SNOW,0,,,N,0830
US1TXAG0001,20091228,SNOW,0,,,N,0800
US1TXAG0001,20091229,SNOW,0,,,N,0800
US1TXAG0001,20091205,SNWD,0,,,N,0800
US1TXAG0001,20091217,DAPR,2,,,N,0800
US1TXAG0001,20091227,DAPR,4,,,N,1522
US1TXAG0001,20091217,MDPR,0,,,N,0800
US1TXAG0001,20091227,MDPR,508,,,N,1522
US1TXAG0001,20091205,WESD,0,,,N,0800
US1TXAG0001,20091205,WESF,0,,,N,0800
US1TXAG0001,20100101,PRCP,23,,,N,0800
US1TXAG0001,20100102,PRCP,0,,,N,0800
US1TXAG0001,20100103,PRCP,0,,,N,0800
US1TXAG0001,20100104,PRCP,0,,,N,0930
US1TXAG0001,20100105,PRCP,0,,,N,0930
US1TXAG0001,20100106,PRCP,0,,,N,0930
US1TXAG0001,20100107,PRCP,46,,,N,0930
US1TXAG0001,20100108,PRCP,0,,,N,0800
US1TXAG0001,20100109,PRCP,0,,,N,0930
US1TXAG0001,20100110,PRCP,0,,,N,0930
US1TXAG0001,20100111,PRCP,0,,,N,0930
US1TXAG0001,20100112,PRCP,0,,,N,0930
US1TXAG0001,20100113,PRCP,0,,,N,0930
US1TXAG0001,20100114,PRCP,0,T,,N,0930
US1TXAG0001,20100115,PRCP,3,,,N,0930
US1TXAG0001,20100116,PRCP,18,,,N,0930
US1TXAG0001,20100117,PRCP,0,T,,N,0850
US1TXAG0001,20100118,PRCP,0,,,N,0930
US1TXAG0001,20100119,PRCP,0,T,,N,0930
US1TXAG0001,20100120,PRCP,3,,,N,0930
US1TXAG0001,20100121,PRCP,0,T,,N,0930
US1TXAG0001,20100122,PRCP,0,,,N,0815
US1TXAG0001,20100123,PRCP,0,,,N,0930
US1TXAG0001,20100124,PRCP,23,,,N,0930
US1TXAG0001,20100125,PRCP,0,,,N,0830
US1TXAG0001,20100126,PRCP,0,,,N,0930
US1TXAG0001,20100127,PRCP,0,,,N,0930
US1TXAG0001,20100128,PRCP,0,,,N,0900
US1TXAG0001,20100129,PRCP,315,,,N,0800
US1TXAG0001,20100130,PRCP,3,,,N,0800
US1TXAG0001,20100131,PRCP,0,,,N,0930
US1TXAG0001,20100102,SNOW,0,,,N,0800
US1TXAG0001,20100103,SNOW,0,,,N,0800
US1TXAG0001,20100104,SNOW,0,,,N,0930
US1TXAG0001,20100105,SNOW,0,,,N,0930
US1TXAG0001,20100106,SNOW,0,,,N,0930
US1TXAG0001,20100108,SNOW,0,,,N,0800
US1TXAG0001,20100109,SNOW,0,,,N,0930
US1TXAG0001,20100110,SNOW,0,,,N,0930
US1TXAG0001,20100111,SNOW,0,,,N,0930
US1TXAG0001,20100112,SNOW,0,,,N,0930
US1TXAG0001,20100113,SNOW,0,,,N,0930
US1TXAG0001,20100118,SNOW,0,,,N,0930
US1TXAG0001,20100122,SNOW,0,,,N,0815
US1TXAG0001,20100123,SNOW,0,,,N,0930
US1TXAG0001,20100125,SNOW,0,,,N,0830
US1TXAG0001,20100126,SNOW,0,,,N,0930
US1TXAG0001,20100127,SNOW,0,,,N,0930
US1TXAG0001,20100128,SNOW,0,,,N,0900
US1TXAG0001,20100131,SNOW,0,,,N,0930
US1TXAG0001,20100201,PRCP,0,,,N,0930
US1TXAG0001,20100202,PRCP,0,T,,N,0930
US1TXAG0001,20100203,PRCP,0,,,N,0800
US1TXAG0001,20100204,PRCP,102,,,N,0800
US1TXAG0001,20100205,PRCP,69,,,N,0800
US1TXAG0001,20100206,PRCP,0,,,N,0930
US1TXAG0001,20100207,PRCP,0,,,N,0800
US1TXAG0001,20100208,PRCP,0,,,N,0800
US1TXAG0001,20100209,PRCP,231,,,N,0800
US1TXAG0001,20100210,PRCP,0,,,N,0800
US1TXAG0001,20100211,PRCP,30,,,N,0800
US1TXAG0001,20100212,PRCP,312,,,N,0800
US1TXAG0001,20100213,PRCP,0,,,N,0800
US1TXAG0001,20100214,PRCP,0,,,N,0800
US1TXAG0001,20100215,PRCP,0,,,N,0930
US1TXAG0001,20100216,PRCP,0,,,N,0930
US1TXAG0001,20100217,PRCP,0,,,N,0930
US1TXAG0001,20100218,PRCP,0,,,N,0930
US1TXAG0001,20100219,PRCP,0,,,N,0930
US1TXAG0001,20100220,PRCP,0,,,N,0930
US1TXAG0001,20100221,PRCP,3,,,N,0800
US1TXAG0001,20100222,PRCP,5,,,N,0800
US1TXAG0001,20100223,PRCP,0,,,N,0800
US1TXAG0001,20100224,PRCP,122,,,N,0800
US1TXAG0001,20100225,PRCP,0,,,N,0930
US1TXAG0001,20100226,PRCP,3,,,N,0800
US1TXAG0001,20100227,PRCP,46,,,N,0800
US1TXAG0001,20100228,PRCP,0,,,N,0800
US1TXAG0001,20100201,SNOW,0,,,N,0930
US1TXAG0001,20100203,SNOW,0,,,N,0800
US1TXAG0001,20100206,SNOW,0,,,N,0930
US1TXAG0001,20100207,SNOW,0,,,N,0800
US1TXAG0001,20100208,SNOW,0,,,N,0800
US1TXAG0001,20100210,SNOW,0,,,N,0800
US1TXAG0001,20100211,SNOW,0,T,,N,0800
US1TXAG0001,20100212,SNOW,51,,,N,0800
US1TXAG0001,20100213,SNOW,0,,,N,0800
US1TXAG0001,20100214,SNOW,0,,,N,0800
US1TXAG0001,20100215,SNOW,0,,,N,0930
US1TXAG0001,20100216,SNOW,0,,,N,0930
US1TXAG0001,20100217,SNOW,0,,,N,0930
US1TXAG0001,20100218,SNOW,0,,,N,0930
US1TXAG0001,20100219,SNOW,0,,,N,0930
US1TXAG0001,20100220,SNOW,0,,,N,0930
US1TXAG0001,20100223,SNOW,0,,,N,0800
US1TXAG0001,20100224,SNOW,0,T,,N,0800
US1TXAG0001,20100225,SNOW,0,,,N,0930
US1TXAG0001,20100228,SNOW,0,,,N,0800
US1TXAG0001,20100212,SNWD,51,,,N,0800
US1TXAG0001,20100224,SNWD,0,,,N,0800
US1TXAG0001,20100212,WESD,132,,,N,0800
US1TXAG0001,20100212,WESF,132,,,N,0800
US1TXAG0001,20100301,PRCP,160,,,N,0800
US1TXAG0001,20100302,PRCP,107,,,N,0800
US1TXAG0001,20100303,PRCP,0,,,N,0930
US1TXAG0001,20100304,PRCP,0,,,N,0930
US1TXAG0001,20100305,PRCP,0,,,N,0930
US1TXAG0001,20100306,PRCP,0,,,N,0930
US1TXAG0001,20100307,PRCP,0,,,N,0930
US1TXAG0001,20100308,PRCP,0,T,,N,0800
US1TXAG0001,20100309,PRCP,295,,,N,0800
US1TXAG0001,20100310,PRCP,0,,,N,0800
US1TXAG0001,20100311,PRCP,0,,,N,0930
US1TXAG0001,20100312,PRCP,5,,,N,0930
US1TXAG0001,20100313,PRCP,0,,,N,0930
US1TXAG0001,20100314,PRCP,0,,,N,0930
US1TXAG0001,20100315,PRCP,0,,,N,0930
US1TXAG0001,20100318,PRCP,0,,,N,0930
US1TXAG0001,20100319,PRCP,0,,,N,0930
US1TXAG0001,20100320,PRCP,0,,,N,0930
US1TXAG0001,20100321,PRCP,74,,,N,0800
US1TXAG0001,20100322,PRCP,10,,,N,0800
US1TXAG0001,20100323,PRCP,0,,,N,0930
US1TXAG0001,20100324,PRCP,0,,,N,0930
US1TXAG0001,20100325,PRCP,43,,,N,0800
US1TXAG0001,20100327,PRCP,0,,,N,0930
US1TXAG0001,20100328,PRCP,0,,,N,0930
US1TXAG0001,20100329,PRCP,0,,,N,0930
US1TXAG0001,20100330,PRCP,0,,,N,0930
US1TXAG0001,20100331,PRCP,0,,,N,0830
US1TXAG0001,20100303,SNOW,0,,,N,0930
US1TXAG0001,20100304,SNOW,0,,,N,0930
US1TXAG0001,20100305,SNOW,0,,,N,0930
US1TXAG0001,20100306,SNOW,0,,,N,0930
US1TXAG0001,20100307,SNOW,0,,,N,0930
US1TXAG0001,20100310,SNOW,0,,,N,0800
US1TXAG0001,20100311,SNOW,0,,,N,0930
US1TXAG0001,20100313,SNOW,0,,,N,0930
US1TXAG0001,20100314,SNOW,0,,,N,0930
US1TXAG0001,20100315,SNOW,0,,,N,0930
US1TXAG0001,20100318,SNOW,0,,,N,0930
US1TXAG0001,20100319,SNOW,0,,,N,0930
US1TXAG0001,20100320,SNOW,0,,,N,0930
US1TXAG0001,20100322,SNOW,0,T,,N,0800
US1TXAG0001,20100323,SNOW,0,,,N,0930
US1TXAG0001,20100324,SNOW,0,,,N,0930
US1TXAG0001,20100327,SNOW,0,,,N,0930
US1TXAG0001,20100328,SNOW,0,,,N,0930
US1TXAG0001,20100329,SNOW,0,,,N,0930
US1TXAG0001,20100330,SNOW,0,,,N,0930
US1TXAG0001,20100331,SNOW,0,,,N,0830
US1TXAG0001,20100317,DAPR,2,,,N,0800
US1TXAG0001,20100317,MDPR,64,,,N,0800
US1TXAG0001,20100401,PRCP,0,,,N,0930
US1TXAG0001,20100402,PRCP,0,,,N,0800
US1TXAG0001,20100403,PRCP,0,,,N,0930
US1TXAG0001,20100410,PRCP,0,,,N,0930
US1TXAG0001,20100411,PRCP,0,,,N,0800
US1TXAG0001,20100412,PRCP,0,,,N,0930
US1TXAG0001,20100413,PRCP,0,,,N,0930
US1TXAG0001,20100414,PRCP,0,,,N,0930
US1TXAG0001,20100415,PRCP,0,,,N,0930
US1TXAG0001,20100416,PRCP,0,T,,N,0930
US1TXAG0001,20100417,PRCP,3,,,N,0930
US1TXAG0001,20100418,PRCP,13,,,N,0800
US1TXAG0001,20100419,PRCP,0,T,,N,0930
US1TXAG0001,20100420,PRCP,0,,,N,0930
US1TXAG0001,20100421,PRCP,0,,,N,0930
US1TXAG0001,20100422,PRCP,0,,,N,0930
US1TXAG0001,20100423,PRCP,25,,,N,0930
US1TXAG0001,20100424,PRCP,3,,,N,0930
US1TXAG0001,20100425,PRCP,0,,,N,0930
US1TXAG0001,20100426,PRCP,0,,,N,0930
US1TXAG0001,20100427,PRCP,23,,,N,0930
US1TXAG0001,20100401,SNOW,0,,,N,0930
US1TXAG0001,20100402,SNOW,0,,,N,0800
US1TXAG0001,20100403,SNOW,0,,,N,0930
US1TXAG0001,20100410,SNOW,0,,,N,0930
US1TXAG0001,20100411,SNOW,0,,,N,0800
US1TXAG0001,20100412,SNOW,0,,,N,0930
US1TXAG0001,20100413,SNOW,0,,,N,0930
US1TXAG0001,20100414,SNOW,0,,,N,0930
US1TXAG0001,20100415,SNOW,0,,,N,0930
US1TXAG0001,20100420,SNOW,0,,,N,0930
US1TXAG0001,20100421,SNOW,0,,,N,0930
US1TXAG0001,20100422,SNOW,0,,,N,0930
US1TXAG0001,20100425,SNOW,0,,,N,0930
US1TXAG0001,20100426,SNOW,0,,,N,0930
US1TXAG0001,20100409,DAPR,6,,,N,0800
US1TXAG0001,20100409,MDPR,79,,,N,0800
US1TXAG0001,20100507,PRCP,0,,,N,0930
US1TXAG0001,20100508,PRCP,0,,,N,0930
US1TXAG0001,20100509,PRCP,0,,,N,0930
US1TXAG0001,20100510,PRCP,0,T,,N,0930
US1TXAG0001,20100511,PRCP,0,,,N,0930
US1TXAG0001,20100512,PRCP,0,,,N,0930
US1TXAG0001,20100513,PRCP,0,,,N,0930
US1TXAG0001,20100514,PRCP,0,,,N,0930
US1TXAG0001,20100515,PRCP,41,,,N,0700
US1TXAG0001,20100516,PRCP,0,T,,N,0800
US1TXAG0001,20100517,PRCP,0,,,N,0930
US1TXAG0001,20100518,PRCP,140,,,N,0830
US1TXAG0001,20100519,PRCP,0,,,N,0930
US1TXAG0001,20100520,PRCP,0,,,N,0930
US1TXAG0001,20100521,PRCP,0,T,,N,0930
US1TXAG0001,20100522,PRCP,0,,,N,0930
US1TXAG0001,20100523,PRCP,0,,,N,0800
US1TXAG0001,20100524,PRCP,0,,,N,0930
US1TXAG0001,20100525,PRCP,0,,,N,0930
US1TXAG0001,20100526,PRCP,53,,,N,0930
US1TXAG0001,20100527,PRCP,5,,,N,0930
US1TXAG0001,20100528,PRCP,0,,,N,0930
US1TXAG0001,20100529,PRCP,5,,,N,0930
US1TXAG0001,20100530,PRCP,0,,,N,0800
US1TXAG0001,20100531,PRCP,0,,,N,0930
US1TXAG0001,20100507,SNOW,0,,,N,0930
US1TXAG0001,20100508,SNOW,0,,,N,0930
US1TXAG0001,20100509,SNOW,0,,,N,0930
US1TXAG0001,20100511,SNOW,0,,,N,0930
US1TXAG0001,20100512,SNOW,0,,,N,0930
US1TXAG0001,20100513,SNOW,0,,,N,0930
US1TXAG0001,20100514,SNOW,0,,,N,0930
US1TXAG0001,20100517,SNOW,0,,,N,0930
US1TXAG0001,20100519,SNOW,0,,,N,0930
US1TXAG0001,20100520,SNOW,0,,,N,0930
US1TXAG0001,20100522,SNOW,0,,,N,0930
US1TXAG0001,20100523,SNOW,0,,,N,0800
US1TXAG0001,20100524,SNOW,0,,,N,0930
US1TXAG0001,20100525,SNOW,0,,,N,0930
US1TXAG0001,20100528,SNOW,0,,,N,0930
US1TXAG0001,20100530,SNOW,0,,,N,0800
US1TXAG0001,20100531,SNOW,0,,,N,0930
US1TXAG0001,20100506,DAPR,9,,,N,0900
US1TXAG0001,20100506,MDPR,10,,,N,0900
US1TXAG0001,20100601,PRCP,0,,,N,0930
US1TXAG0001,20100602,PRCP,0,,,N,0930
US1TXAG0001,20100603,PRCP,396,,,N,0930
US1TXAG0001,20100604,PRCP,152,,,N,0930
US1TXAG0001,20100605,PRCP,5,,,N,0930
US1TXAG0001,20100606,PRCP,0,,,N,0930
US1TXAG0001,20100607,PRCP,0,,,N,0930
US1TXAG0001,20100608,PRCP,5,,,N,0930
US1TXAG0001,20100609,PRCP,119,,,N,0800
US1TXAG0001,20100610,PRCP,201,,,N,0800
US1TXAG0001,20100611,PRCP,15,,,N,0800
US1TXAG0001,20100612,PRCP,0,T,,N,0800
US1TXAG0001,20100613,PRCP,0,,,N,0800
US1TXAG0001,20100614,PRCP,0,,,N,0930
US1TXAG0001,20100615,PRCP,0,,,N,0930
US1TXAG0001,20100616,PRCP,0,,,N,0930
US1TXAG0001,20100617,PRCP,0,,,N,0930
US1TXAG0001,20100618,PRCP,0,,,N,0930
US1TXAG0001,20100619,PRCP,0,,,N,0930
US1TXAG0001,20100620,PRCP,0,,,N,0930
US1TXAG0001,20100621,PRCP,0,,,N,0930
US1TXAG0001,20100622,PRCP,0,,,N,0930
US1TXAG0001,20100623,PRCP,0,,,N,0930
US1TXAG0001,20100624,PRCP,8,,,N,0930
US1TXAG0001,20100625,PRCP,0,,,N,0930
US1TXAG0001,20100626,PRCP,0,,,N,0930
US1TXAG0001,20100627,PRCP,8,,,N,0800
US1TXAG0001,20100628,PRCP,0,,,N,0930
US1TXAG0001,20100629,PRCP,3,,,N,0800
US1TXAG0001,20100630,PRCP,48,,,N,0800
US1TXAG0001,20100601,SNOW,0,,,N,0930
US1TXAG0001,20100602,SNOW,0,,,N,0930
US1TXAG0001,20100606,SNOW,0,,,N,0930
US1TXAG0001,20100607,SNOW,0,,,N,0930
US1TXAG0001,20100613,SNOW,0,,,N,0800
US1TXAG0001,20100614,SNOW,0,,,N,0930
US1TXAG0001,20100615,SNOW,0,,,N,0930
US1TXAG0001,20100616,SNOW,0,,,N,0930
US1TXAG0001,20100617,SNOW,0,,,N,0930
US1TXAG0001,20100618,SNOW,0,,,N,0930
US1TXAG0001,20100619,SNOW,0,,,N,0930
US1TXAG0001,20100620,SNOW,0,,,N,0930
US1TXAG0001,20100621,SNOW,0,,,N,0930
US1TXAG0001,20100622,SNOW,0,,,N,0930
US1TXAG0001,20100623,SNOW,0,,,N,0930
US1TXAG0001,20100625,SNOW,0,,,N,0930
US1TXAG0001,20100626,SNOW,0,,,N,0930
US1TXAG0001,20100628,SNOW,0,,,N,0930
US1TXAG0001,20100701,PRCP,33,,,N,0800
US1TXAG0001,20100705,PRCP,8,,,N,0715
US1TXAG0001,20100706,PRCP,0,T,,N,0730
US1TXAG0001,20100708,PRCP,257,,,N,0715
US1TXAG0001,20100709,PRCP,46,,,N,0800
US1TXAG0001,20100710,PRCP,0,T,,N,0800
US1TXAG0001,20100711,PRCP,0,T,,N,0800
US1TXAG0001,20100712,PRCP,0,,,N,0930
US1TXAG0001,20100713,PRCP,0,,,N,0930
US1TXAG0001,20100714,PRCP,0,,,N,0930
US1TXAG0001,20100715,PRCP,0,,,N,0930
US1TXAG0001,20100716,PRCP,0,,,N,0930
US1TXAG0001,20100717,PRCP,0,,,N,0930
US1TXAG0001,20100718,PRCP,0,,,N,0750
US1TXAG0001,20100719,PRCP,8,,,N,1015
US1TXAG0001,20100720,PRCP,99,,,N,0800
US1TXAG0001,20100721,PRCP,0,,,N,0930
US1TXAG0001,20100722,PRCP,0,T,,N,0930
US1TXAG0001,20100723,PRCP,0,T,,N,0930
US1TXAG0001,20100724,PRCP,0,,,N,0930
US1TXAG0001,20100725,PRCP,0,,,N,0930
US1TXAG0001,20100726,PRCP,0,T,,N,0930
US1TXAG0001,20100727,PRCP,488,,,N,0800
US1TXAG0001,20100728,PRCP,0,T,,N,0930
US1TXAG0001,20100729,PRCP,0,T,,N,0930
US1TXAG0001,20100730,PRCP,0,,,N,0930
US1TXAG0001,20100731,PRCP,0,,,N,0930
US1TXAG0001,20100712,SNOW,0,,,N,0930
US1TXAG0001,20100713,SNOW,0,,,N,0930
US1TXAG0001,20100714,SNOW,0,,,N,0930
US1TXAG0001,20100715,SNOW,0,,,N,0930
US1TXAG0001,20100716,SNOW,0,,,N,0930
US1TXAG0001,20100717,SNOW,0,,,N,0930
US1TXAG0001,20100718,SNOW,0,,,N,0750
US1TXAG0001,20100721,SNOW,0,,,N,0930
US1TXAG0001,20100724,SNOW,0,,,N,0930
US1TXAG0001,20100725,SNOW,0,,,N,0930
US1TXAG0001,20100730,SNOW,0,,,N,0930
US1TXAG0001,20100731,SNOW,0,,,N,0930
US1TXAG0001,20100704,DAPR,3,,,N,0800
US1TXAG0001,20100704,MDPR,610,,,N,0800
US1TXAG0001,20100801,PRCP,0,,,N,0930
US1TXAG0001,20100802,PRCP,0,,,N,0930
US1TXAG0001,20100803,PRCP,0,,,N,0930
US1TXAG0001,20100804,PRCP,0,,,N,0930
US1TXAG0001,20100805,PRCP,0,,,N,0900
US1TXAG0001,20100806,PRCP,0,,,N,0900
US1TXAG0001,20100807,PRCP,0,,,N,0930
US1TXAG0001,20100808,PRCP,0,,,N,0930
US1TXAG0001,20100809,PRCP,0,,,N,0930
US1TXAG0001,20100810,PRCP,0,,,N,0930
US1TXAG0001,20100811,PRCP,0,,,N,0930
US1TXAG0001,20100812,PRCP,0,,,N,0930
US1TXAG0001,20100813,PRCP,0,,,N,0930
US1TXAG0001,20100814,PRCP,0,,,N,0930
US1TXAG0001,20100815,PRCP,0,,,N,0930
US1TXAG0001,20100816,PRCP,0,,,N,0930
US1TXAG0001,20100817,PRCP,13,,,N,0800
US1TXAG0001,20100818,PRCP,0,,,N,0930
US1TXAG0001,20100819,PRCP,71,,,N,0800
US1TXAG0001,20100820,PRCP,5,,,N,0800
US1TXAG0001,20100821,PRCP,0,,,N,0930
US1TXAG0001,20100822,PRCP,0,,,N,0930
US1TXAG0001,20100823,PRCP,0,,,N,0930
US1TXAG0001,20100824,PRCP,0,T,,N,0800
US1TXAG0001,20100825,PRCP,0,,,N,0800
US1TXAG0001,20100827,PRCP,0,,,N,0930
US1TXAG0001,20100828,PRCP,0,,,N,0930
US1TXAG0001,20100829,PRCP,0,,,N,0930
US1TXAG0001,20100830,PRCP,5,,,N,0800
US1TXAG0001,20100831,PRCP,8,,,N,0800
US1TXAG0001,20100801,SNOW,0,,,N,0930
US1TXAG0001,20100802,SNOW,0,,,N,0930
US1TXAG0001,20100803,SNOW,0,,,N,0930
US1TXAG0001,20100804,SNOW,0,,,N,0930
US1TXAG0001,20100805,SNOW,0,,,N,0900
US1TXAG0001,20100806,SNOW,0,,,N,0900
US1TXAG0001,20100807,SNOW,0,,,N,0930
US1TXAG0001,20100808,SNOW,0,,,N,0930
US1TXAG0001,20100809,SNOW,0,,,N,0930
US1TXAG0001,20100810,SNOW,0,,,N,0930
US1TXAG0001,20100811,SNOW,0,,,N,0930
US1TXAG0001,20100812,SNOW,0,,,N,0930
US1TXAG0001,20100813,SNOW,0,,,N,0930
US1TXAG0001,20100814,SNOW,0,,,N,0930
US1TXAG0001,20100815,SNOW,0,,,N,0930
US1TXAG0001,20100816,SNOW,0,,,N,0930
US1TXAG0001,20100818,SNOW,0,,,N,0930
US1TXAG0001,20100821,SNOW,0,,,N,0930
US1TXAG0001,20100822,SNOW,0,,,N,0930
US1TXAG0001,20100823,SNOW,0,,,N,0930
US1TXAG0001,20100825,SNOW,0,,,N,0800
US1TXAG0001,20100827,SNOW,0,,,N,0930
US1TXAG0001,20100828,SNOW,0,,,N,0930
US1TXAG0001,20100829,SNOW,0,,,N,0930
US1TXAG0001,20100901,PRCP,5,,,N,0800
US1TXAG0001,20100902,PRCP,0,,,N,0930
US1TXAG0001,20100903,PRCP,424,,,N,0800
US1TXAG0001,20100904,PRCP,97,,,N,0800
US1TXAG0001,20100905,PRCP,0,,,N,0930
US1TXAG0001,20100906,PRCP,0,,,N,0930
US1TXAG0001,20100907,PRCP,203,,,N,0800
US1TXAG0001,20100908,PRCP,142,,,N,0800
US1TXAG0001,20100909,PRCP,3,,,N,0800
US1TXAG0001,20100910,PRCP,0,,,N,0930
US1TXAG0001,20100911,PRCP,0,T,,N,0930
US1TXAG0001,20100912,PRCP,0,,,N,0930
US1TXAG0001,20100913,PRCP,36,,,N,0800
US1TXAG0001,20100914,PRCP,0,,,N,0930
US1TXAG0001,20100915,PRCP,0,,,N,0930
US1TXAG0001,20100916,PRCP,0,,,N,0930
US1TXAG0001,20100917,PRCP,0,,,N,0930
US1TXAG0001,20100918,PRCP,0,,,N,0930
US1TXAG0001,20100919,PRCP,0,,,N,0930
US1TXAG0001,20100920,PRCP,15,,,N,0800
US1TXAG0001,20100921,PRCP,0,,,N,0930
US1TXAG0001,20100922,PRCP,3,,,N,0800
US1TXAG0001,20100923,PRCP,0,T,,N,0800
US1TXAG0001,20100924,PRCP,38,,,N,0800
US1TXAG0001,20100925,PRCP,0,,,N,0930
US1TXAG0001,20100926,PRCP,0,T,,N,0800
US1TXAG0001,20100927,PRCP,0,,,N,0930
US1TXAG0001,20100928,PRCP,0,,,N,0930
US1TXAG0001,20100929,PRCP,0,,,N,0930
US1TXAG0001,20100930,PRCP,0,,,N,0930
US1TXAG0001,20100902,SNOW,0,,,N,0930
US1TXAG0001,20100905,SNOW,0,,,N,0930
US1TXAG0001,20100906,SNOW,0,,,N,0930
US1TXAG0001,20100910,SNOW,0,,,N,0930
US1TXAG0001,20100912,SNOW,0,,,N,0930
US1TXAG0001,20100914,SNOW,0,,,N,0930
US1TXAG0001,20100915,SNOW,0,,,N,0930
US1TXAG0001,20100916,SNOW,0,,,N,0930
US1TXAG0001,20100917,SNOW,0,,,N,0930
US1TXAG0001,20100918,SNOW,0,,,N,0930
US1TXAG0001,20100919,SNOW,0,,,N,0930
US1TXAG0001,20100921,SNOW,0,,,N,0930
US1TXAG0001,20100925,SNOW,0,,,N,0930
US1TXAG0001,20100927,SNOW,0,,,N,0930
US1TXAG0001,20100928,SNOW,0,,,N,0930
US1TXAG0001,20100929,SNOW,0,,,N,0930
US1TXAG0001,20100930,SNOW,0,,,N,0930
US1TXAG0001,20101001,PRCP,0,,,N,0930
US1TXAG0001,20101002,PRCP,0,,,N,0930
US1TXAG0001,20101003,PRCP,0,,,N,0930
US1TXAG0001,20101004,PRCP,0,,,N,0930
US1TXAG0001,20101005,PRCP,0,,,N,0930
US1TXAG0001,20101006,PRCP,0,,,N,0930
US1TXAG0001,20101007,PRCP,0,,,N,0930
US1TXAG0001,20101008,PRCP,0,,,N,0930
US1TXAG0001,20101009,PRCP,0,,,N,0930
US1TXAG0001,20101010,PRCP,0,,,N,0930
US1TXAG0001,20101011,PRCP,0,,,N,0930
US1TXAG0001,20101012,PRCP,244,,,N,0800
US1TXAG0001,20101013,PRCP,0,,,N,0930
US1TXAG0001,20101014,PRCP,0,,,N,0930
US1TXAG0001,20101015,PRCP,0,,,N,0930
US1TXAG0001,20101016,PRCP,0,,,N,0930
US1TXAG0001,20101017,PRCP,0,,,N,0930
US1TXAG0001,20101018,PRCP,0,,,N,0930
US1TXAG0001,20101019,PRCP,0,,,N,0930
US1TXAG0001,20101020,PRCP,0,,,N,0930
US1TXAG0001,20101021,PRCP,0,,,N,0930
US1TXAG0001,20101022,PRCP,0,,,N,0930
US1TXAG0001,20101023,PRCP,0,,,N,0930
US1TXAG0001,20101024,PRCP,5,,,N,0800
US1TXAG0001,20101025,PRCP,0,,,N,0930
US1TXAG0001,20101026,PRCP,0,,,N,0930
US1TXAG0001,20101027,PRCP,0,,,N,0930
US1TXAG0001,20101028,PRCP,0,,,N,0930
US1TXAG0001,20101029,PRCP,0,,,N,0930
US1TXAG0001,20101030,PRCP,0,,,N,0930
US1TXAG0001,20101031,PRCP,0,,,N,0930
US1TXAG0001,20101001,SNOW,0,,,N,0930
US1TXAG0001,20101002,SNOW,0,,,N,0930
US1TXAG0001,20101003,SNOW,0,,,N,0930
US1TXAG0001,20101004,SNOW,0,,,N,0930
US1TXAG0001,20101005,SNOW,0,,,N,0930
US1TXAG0001,20101006,SNOW,0,,,N,0930
US1TXAG0001,20101007,SNOW,0,,,N,0930
US1TXAG0001,20101008,SNOW,0,,,N,0930
US1TXAG0001,20101009,SNOW,0,,,N,0930
US1TXAG0001,20101010,SNOW,0,,,N,0930
US1TXAG0001,20101011,SNOW,0,,,N,0930
US1TXAG0001,20101013,SNOW,0,,,N,0930
US1TXAG0001,20101014,SNOW,0,,,N,0930
US1TXAG0001,20101015,SNOW,0,,,N,0930
US1TXAG0001,20101016,SNOW,0,,,N,0930
US1TXAG0001,20101017,SNOW,0,,,N,0930
US1TXAG0001,20101018,SNOW,0,,,N,0930
US1TXAG0001,20101019,SNOW,0,,,N,0930
US1TXAG0001,20101020,SNOW,0,,,N,0930
US1TXAG0001,20101021,SNOW,0,,,N,0930
US1TXAG0001,20101022,SNOW,0,,,N,0930
US1TXAG0001,20101023,SNOW,0,,,N,0930
US1TXAG0001,20101025,SNOW,0,,,N,0930
US1TXAG0001,20101026,SNOW,0,,,N,0930
US1TXAG0001,20101027,SNOW,0,,,N,0930
US1TXAG0001,20101028,SNOW,0,,,N,0930
US1TXAG0001,20101029,SNOW,0,,,N,0930
US1TXAG0001,20101030,SNOW,0,,,N,0930
US1TXAG0001,20101031,SNOW,0,,,N,0930
US1TXAG0001,20101101,PRCP,0,,,N,0930
US1TXAG0001,20101102,PRCP,104,,,N,0635
US1TXAG0001,20101103,PRCP,76,,,N,0800
US1TXAG0001,20101104,PRCP,3,,,N,0800
US1TXAG0001,20101105,PRCP,0,,,N,0930
US1TXAG0001,20101106,PRCP,0,,,N,0930
US1TXAG0001,20101107,PRCP,0,,,N,0930
US1TXAG0001,20101108,PRCP,0,,,N,0930
US1TXAG0001,20101109,PRCP,0,,,N,0930
US1TXAG0001,20101110,PRCP,0,,,N,0930
US1TXAG0001,20101111,PRCP,15,,,N,0800
US1TXAG0001,20101112,PRCP,0,,,N,0930
US1TXAG0001,20101113,PRCP,117,,,N,0800
US1TXAG0001,20101114,PRCP,0,,,N,0930
US1TXAG0001,20101115,PRCP,127,,,N,0800
US1TXAG0001,20101116,PRCP,33,,,N,0800
US1TXAG0001,20101117,PRCP,0,,,N,0930
US1TXAG0001,20101118,PRCP,8,,,N,0800
US1TXAG0001,20101119,PRCP,0,,,N,0930
US1TXAG0001,20101120,PRCP,0,,,N,0930
US1TXAG0001,20101121,PRCP,0,,,N,0930
US1TXAG0001,20101122,PRCP,0,,,N,0930
US1TXAG0001,20101123,PRCP,0,T,,N,0800
US1TXAG0001,20101124,PRCP,0,,,N,0930
US1TXAG0001,20101125,PRCP,0,,,N,0930
US1TXAG0001,20101126,PRCP,56,,,N,0800
US1TXAG0001,20101127,PRCP,0,T,,N,0800
US1TXAG0001,20101128,PRCP,0,,,N,0930
US1TXAG0001,20101129,PRCP,28,,,N,0800
US1TXAG0001,20101130,PRCP,234,,,N,0800
US1TXAG0001,20101101,SNOW,0,,,N,0930
US1TXAG0001,20101105,SNOW,0,,,N,0930
US1TXAG0001,20101106,SNOW,0,,,N,0930
US1TXAG0001,20101107,SNOW,0,,,N,0930
US1TXAG0001,20101108,SNOW,0,,,N,0930
US1TXAG0001,20101109,SNOW,0,,,N,0930
US1TXAG0001,20101110,SNOW,0,,,N,0930
US1TXAG0001,20101112,SNOW,0,,,N,0930
US1TXAG0001,20101114,SNOW,0,,,N,0930
US1TXAG0001,20101117,SNOW,0,,,N,0930
US1TXAG0001,20101119,SNOW,0,,,N,0930
US1TXAG0001,20101120,SNOW,0,,,N,0930
US1TXAG0001,20101121,SNOW,0,,,N,0930
US1TXAG0001,20101122,SNOW,0,,,N,0930
US1TXAG0001,20101124,SNOW,0,,,N,0930
US1TXAG0001,20101125,SNOW,0,,,N,0930
US1TXAG0001,20101128,SNOW,0,,,N,0930
US1TXAG0001,20101201,PRCP,0,,,N,0930
US1TXAG0001,20101202,PRCP,0,,,N,0930
US1TXAG0001,20101203,PRCP,0,,,N,0930
US1TXAG0001,20101204,PRCP,0,,,N,0930
US1TXAG0001,20101205,PRCP,0,,,N,0930
US1TXAG0001,20101206,PRCP,0,,,N,0930
US1TXAG0001,20101207,PRCP,0,,,N,0930
US1TXAG0001,20101208,PRCP,61,,,N,0800
US1TXAG0001,20101209,PRCP,0,,,N,0930
US1TXAG0001,20101210,PRCP,0,,,N,0930
US1TXAG0001,20101211,PRCP,0,,,N,0930
US1TXAG0001,20101212,PRCP,0,T,,N,0930
US1TXAG0001,20101213,PRCP,0,,,N,0930
US1TXAG0001,20101214,PRCP,0,,,N,0930
US1TXAG0001,20101215,PRCP,0,,,N,0930
US1TXAG0001,20101216,PRCP,0,,,N,0930
US1TXAG0001,20101217,PRCP,0,,,N,0930
US1TXAG0001,20101218,PRCP,0,,,N,0930
US1TXAG0001,20101219,PRCP,0,,,N,0930
US1TXAG0001,20101201,SNOW,0,,,N,0930
US1TXAG0001,20101202,SNOW,0,,,N,0930
US1TXAG0001,20101203,SNOW,0,,,N,0930
US1TXAG0001,20101204,SNOW,0,,,N,0930
US1TXAG0001,20101205,SNOW,0,,,N,0930
US1TXAG0001,20101206,SNOW,0,,,N,0930
US1TXAG0001,20101207,SNOW,0,,,N,0930
US1TXAG0001,20101209,SNOW,0,,,N,0930
US1TXAG0001,20101210,SNOW,0,,,N,0930
US1TXAG0001,20101211,SNOW,0,,,N,0930
US1TXAG0001,20101213,SNOW,0,,,N,0930
US1TXAG0001,20101214,SNOW,0,,,N,0930
US1TXAG0001,20101215,SNOW,0,,,N,0930
US1TXAG0001,20101216,SNOW,0,,,N,0930
US1TXAG0001,20101217,SNOW,0,,,N,0930
US1TXAG0001,20101218,SNOW,0,,,N,0930
US1TXAG0001,20101219,SNOW,0,,,N,0930
US1TXAG0001,20110111,PRCP,0,,,N,0930
US1TXAG0001,20110112,PRCP,0,,,N,0930
US1TXAG0001,20110113,PRCP,0,,,N,0930
US1TXAG0001,20110114,PRCP,0,,,N,0930
US1TXAG0001,20110115,PRCP,3,,,N,0800
US1TXAG0001,20110116,PRCP,124,,,N,0800
US1TXAG0001,20110117,PRCP,615,,,N,0800
US1TXAG0001,20110118,PRCP,3,,,N,0930
US1TXAG0001,20110119,PRCP,0,T,,N,0930
US1TXAG0001,20110120,PRCP,3,,,N,0800
US1TXAG0001,20110121,PRCP,10,,,N,0800
US1TXAG0001,20110122,PRCP,0,,,N,0930
US1TXAG0001,20110123,PRCP,0,,,N,0930
US1TXAG0001,20110124,PRCP,0,,,N,0930
US1TXAG0001,20110125,PRCP,333,,,N,0800
US1TXAG0001,20110126,PRCP,0,T,,N,0930
US1TXAG0001,20110127,PRCP,0,,,N,0930
US1TXAG0001,20110128,PRCP,0,,,N,0930
US1TXAG0001,20110129,PRCP,0,,,N,0930
US1TXAG0001,20110130,PRCP,0,,,N,0930
US1TXAG0001,20110131,PRCP,312,,,N,0800
US1TXAG0001,20110111,SNOW,0,,,N,0930
US1TXAG0001,20110112,SNOW,0,,,N,0930
US1TXAG0001,20110113,SNOW,0,,,N,0930
US1TXAG0001,20110114,SNOW,0,,,N,0930
US1TXAG0001,20110122,SNOW,0,,,N,0930
US1TXAG0001,20110123,SNOW,0,,,N,0930
US1TXAG0001,20110124,SNOW,0,,,N,0930
US1TXAG0001,20110127,SNOW,0,,,N,0930
US1TXAG0001,20110128,SNOW,0,,,N,0930
US1TXAG0001,20110129,SNOW,0,,,N,0930
US1TXAG0001,20110130,SNOW,0,,,N,0930
US1TXAG0001,20110110,DAPR,22,,,N,0900
US1TXAG0001,20110110,MDPR,485,,,N,0900
US1TXAG0001,20110201,PRCP,175,,,N,0800
US1TXAG0001,20110202,PRCP,0,T,,N,0930
US1TXAG0001,20110203,PRCP,0,T,,N,0930
US1TXAG0001,20110204,PRCP,51,,,N,0930
US1TXAG0001,20110205,PRCP,0,,,N,0930
US1TXAG0001,20110206,PRCP,0,,,N,0930
US1TXAG0001,20110207,PRCP,0,,,N,0930
US1TXAG0001,20110208,PRCP,0,,,N,0930
US1TXAG0001,20110209,PRCP,13,,,N,0800
US1TXAG0001,20110210,PRCP,56,,,N,0800
US1TXAG0001,20110211,PRCP,0,,,N,0930
US1TXAG0001,20110212,PRCP,0,,,N,0930
US1TXAG0001,20110213,PRCP,0,,,N,0930
US1TXAG0001,20110214,PRCP,0,,,N,0930
US1TXAG0001,20110215,PRCP,0,,,N,0930
US1TXAG0001,20110216,PRCP,0,,,N,0930
US1TXAG0001,20110217,PRCP,0,,,N,0930
US1TXAG0001,20110218,PRCP,0,,,N,0930
US1TXAG0001,20110219,PRCP,0,,,N,0930
US1TXAG0001,20110220,PRCP,0,,,N,0930
US1TXAG0001,20110221,PRCP,0,,,N,0930
US1TXAG0001,20110222,PRCP,0,,,N,0930
US1TXAG0001,20110223,PRCP,0,T,,N,0930
US1TXAG0001,20110224,PRCP,0,,,N,0930
US1TXAG0001,20110225,PRCP,10,,,N,0800
US1TXAG0001,20110226,PRCP,0,,,N,0930
US1TXAG0001,20110227,PRCP,3,,,N,0800
US1TXAG0001,20110228,PRCP,20,,,N,0800
US1TXAG0001,20110203,SNOW,0,T,,N,0930
US1TXAG0001,20110204,SNOW,0,T,,N,0930
US1TXAG0001,20110205,SNOW,0,,,N,0930
US1TXAG0001,20110206,SNOW,0,,,N,0930
US1TXAG0001,20110207,SNOW,0,,,N,0930
US1TXAG0001,20110208,SNOW,0,,,N,0930
US1TXAG0001,20110211,SNOW,0,,,N,0930
US1TXAG0001,20110212,SNOW,0,,,N,0930
US1TXAG0001,20110213,SNOW,0,,,N,0930
US1TXAG0001,20110214,SNOW,0,,,N,0930
US1TXAG0001,20110215,SNOW,0,,,N,0930
US1TXAG0001,20110216,SNOW,0,,,N,0930
US1TXAG0001,20110217,SNOW,0,,,N,0930
US1TXAG0001,20110218,SNOW,0,,,N,0930
US1TXAG0001,20110219,SNOW,0,,,N,0930
US1TXAG0001,20110220,SNOW,0,,,N,0930
US1TXAG0001,20110221,SNOW,0,,,N,0930
US1TXAG0001,20110222,SNOW,0,,,N,0930
US1TXAG0001,20110224,SNOW,0,,,N,0930
US1TXAG0001,20110226,SNOW,0,,,N,0930
US1TXAG0001,20110204,SNWD,0,T,,N,0930
US1TXAG0001,20110301,PRCP,0,,,N,0930
US1TXAG0001,20110302,PRCP,0,,,N,0930
US1TXAG0001,20110303,PRCP,0,,,N,0930
US1TXAG0001,20110304,PRCP,0,,,N,0930
US1TXAG0001,20110310,PRCP,0,,,N,0930
US1TXAG0001,20110311,PRCP,0,,,N,0930
US1TXAG0001,20110312,PRCP,0,,,N,0930
US1TXAG0001,20110313,PRCP,0,,,N,0930
US1TXAG0001,20110314,PRCP,0,,,N,0800
US1TXAG0001,20110315,PRCP,25,,,N,0800
US1TXAG0001,20110316,PRCP,0,,,N,0930
US1TXAG0001,20110317,PRCP,0,,,N,0930
US1TXAG0001,20110318,PRCP,0,,,N,0930
US1TXAG0001,20110319,PRCP,0,,,N,0930
US1TXAG0001,20110320,PRCP,0,,,N,0930
US1TXAG0001,20110321,PRCP,0,,,N,0930
US1TXAG0001,20110322,PRCP,0,,,N,0930
US1TXAG0001,20110323,PRCP,0,,,N,0930
US1TXAG0001,20110324,PRCP,0,,,N,0930
US1TXAG0001,20110325,PRCP,0,,,N,0930
US1TXAG0001,20110326,PRCP,0,,,N,0930
US1TXAG0001,20110327,PRCP,0,,,N,0930
US1TXAG0001,20110328,PRCP,0,T,,N,0930
US1TXAG0001,20110329,PRCP,0,,,N,0930
US1TXAG0001,20110330,PRCP,0,T,,N,0800
US1TXAG0001,20110331,PRCP,0,,,N,0930
US1TXAG0001,20110301,SNOW,0,,,N,0930
US1TXAG0001,20110302,SNOW,0,,,N,0930
US1TXAG0001,20110303,SNOW,0,,,N,0930
US1TXAG0001,20110304,SNOW,0,,,N,0930
US1TXAG0001,20110310,SNOW,0,,,N,0930
US1TXAG0001,20110311,SNOW,0,,,N,0930
US1TXAG0001,20110312,SNOW,0,,,N,0930
US1TXAG0001,20110313,SNOW,0,,,N,0930
US1TXAG0001,20110314,SNOW,0,,,N,0800
US1TXAG0001,20110316,SNOW,0,,,N,0930
US1TXAG0001,20110317,SNOW,0,,,N,0930
US1TXAG0001,20110318,SNOW,0,,,N,0930
US1TXAG0001,20110319,SNOW,0,,,N,0930
US1TXAG0001,20110320,SNOW,0,,,N,0930
US1TXAG0001,20110321,SNOW,0,,,N,0930
US1TXAG0001,20110322,SNOW,0,,,N,0930
US1TXAG0001,20110323,SNOW,0,,,N,0930
US1TXAG0001,20110324,SNOW,0,,,N,0930
US1TXAG0001,20110325,SNOW,0,,,N,0930
US1TXAG0001,20110326,SNOW,0,,,N,0930
US1TXAG0001,20110327,SNOW,0,,,N,0930
US1TXAG0001,20110329,SNOW,0,,,N,0930
US1TXAG0001,20110331,SNOW,0,,,N,0930
US1TXAG0001,20110309,DAPR,5,,,N,0800
US1TXAG0001,20110309,MDPR,46,,,N,0800
US1TXAG0001,20110401,PRCP,0,,,N,0930
US1TXAG0001,20110402,PRCP,0,,,N,0930
US1TXAG0001,20110403,PRCP,0,,,N,0930
US1TXAG0001,20110404,PRCP,0,,,N,0930
US1TXAG0001,20110405,PRCP,38,,,N,0800
US1TXAG0001,20110406,PRCP,0,,,N,0930
US1TXAG0001,20110407,PRCP,0,,,N,0930
US1TXAG0001,20110408,PRCP,0,,,N,0930
US1TXAG0001,20110409,PRCP,0,,,N,0930
US1TXAG0001,20110410,PRCP,0,,,N,0930
US1TXAG0001,20110411,PRCP,0,,,N,0800
US1TXAG0001,20110412,PRCP,20,,,N,0930
US1TXAG0001,20110413,PRCP,0,,,N,0930
US1TXAG0001,20110414,PRCP,0,,,N,0930
US1TXAG0001,20110415,PRCP,0,,,N,0930
US1TXAG0001,20110416,PRCP,0,,,N,0930
US1TXAG0001,20110417,PRCP,0,,,N,0930
US1TXAG0001,20110418,PRCP,0,,,N,0930
US1TXAG0001,20110419,PRCP,0,,,N,0930
US1TXAG0001,20110420,PRCP,0,,,N,0930
US1TXAG0001,20110421,PRCP,0,,,N,0930
US1TXAG0001,20110422,PRCP,0,,,N,0930
US1TXAG0001,20110423,PRCP,0,,,N,0930
US1TXAG0001,20110424,PRCP,0,,,N,0930
US1TXAG0001,20110425,PRCP,0,,,N,0930
US1TXAG0001,20110426,PRCP,414,,,N,0800
US1TXAG0001,20110427,PRCP,335,,,N,0930
US1TXAG0001,20110428,PRCP,0,,,N,0930
US1TXAG0001,20110429,PRCP,0,,,N,0930
US1TXAG0001,20110430,PRCP,3,,,N,0930
US1TXAG0001,20110401,SNOW,0,,,N,0930
US1TXAG0001,20110402,SNOW,0,,,N,0930
US1TXAG0001,20110403,SNOW,0,,,N,0930
US1TXAG0001,20110404,SNOW,0,,,N,0930
US1TXAG0001,20110406,SNOW,0,,,N,0930
US1TXAG0001,20110407,SNOW,0,,,N,0930
US1TXAG0001,20110408,SNOW,0,,,N,0930
US1TXAG0001,20110409,SNOW,0,,,N,0930
US1TXAG0001,20110410,SNOW,0,,,N,0930
US1TXAG0001,20110411,SNOW,0,,,N,0800
US1TXAG0001,20110413,SNOW,0,,,N,0930
US1TXAG0001,20110414,SNOW,0,,,N,0930
US1TXAG0001,20110415,SNOW,0,,,N,0930
US1TXAG0001,20110416,SNOW,0,,,N,0930
US1TXAG0001,20110417,SNOW,0,,,N,0930
US1TXAG0001,20110418,SNOW,0,,,N,0930
US1TXAG0001,20110419,SNOW,0,,,N,0930
US1TXAG0001,20110420,SNOW,0,,,N,0930
US1TXAG0001,20110421,SNOW,0,,,N,0930
US1TXAG0001,20110422,SNOW,0,,,N,0930
US1TXAG0001,20110423,SNOW,0,,,N,0930
US1TXAG0001,20110424,SNOW,0,,,N,0930
US1TXAG0001,20110425,SNOW,0,,,N,0930
US1TXAG0001,20110428,SNOW,0,,,N,0930
US1TXAG0001,20110429,SNOW,0,,,N,0930
US1TXAG0001,20110501,PRCP,0,T,,N,0800
US1TXAG0001,20110502,PRCP,0,,,N,0930
US1TXAG0001,20110503,PRCP,51,,,N,0800
US1TXAG0001,20110504,PRCP,0,,,N,0930
US1TXAG0001,20110505,PRCP,0,,,N,0930
US1TXAG0001,20110506,PRCP,0,,,N,0930
US1TXAG0001,20110507,PRCP,0,,,N,0930
US1TXAG0001,20110508,PRCP,0,,,N,0930
US1TXAG0001,20110509,PRCP,0,,,N,0930
US1TXAG0001,20110510,PRCP,0,,,N,0930
US1TXAG0001,20110511,PRCP,0,,,N,0930
US1TXAG0001,20110512,PRCP,409,,,N,0800
US1TXAG0001,20110513,PRCP,36,,,N,0800
US1TXAG0001,20110514,PRCP,0,,,N,0930
US1TXAG0001,20110515,PRCP,0,,,N,0930
US1TXAG0001,20110516,PRCP,0,,,N,0930
US1TXAG0001,20110517,PRCP,0,,,N,0930
US1TXAG0001,20110518,PRCP,0,,,N,0930
US1TXAG0001,20110519,PRCP,0,,,N,0930
US1TXAG0001,20110520,PRCP,8,,,N,0800
US1TXAG0001,20110521,PRCP,239,,,N,0800
US1TXAG0001,20110522,PRCP,0,,,N,0930
US1TXAG0001,20110523,PRCP,0,,,N,0930
US1TXAG0001,20110524,PRCP,0,,,N,0930
US1TXAG0001,20110525,PRCP,0,,,N,0930
US1TXAG0001,20110526,PRCP,0,,,N,0930
US1TXAG0001,20110527,PRCP,0,,,N,0840
US1TXAG0001,20110528,PRCP,0,,,N,0930
US1TXAG0001,20110529,PRCP,0,,,N,0930
US1TXAG0001,20110530,PRCP,0,,,N,0930
US1TXAG0001,20110531,PRCP,0,,,N,0930
US1TXAG0001,20110502,SNOW,0,,,N,0930
US1TXAG0001,20110504,SNOW,0,,,N,0930
US1TXAG0001,20110505,SNOW,0,,,N,0930
US1TXAG0001,20110506,SNOW,0,,,N,0930
US1TXAG0001,20110507,SNOW,0,,,N,0930
US1TXAG0001,20110508,SNOW,0,,,N,0930
US1TXAG0001,20110509,SNOW,0,,,N,0930
US1TXAG0001,20110510,SNOW,0,,,N,0930
US1TXAG0001,20110511,SNOW,0,,,N,0930
US1TXAG0001,20110514,SNOW,0,,,N,0930
US1TXAG0001,20110515,SNOW,0,,,N,0930
US1TXAG0001,20110516,SNOW,0,,,N,0930
US1TXAG0001,20110517,SNOW,0,,,N,0930
US1TXAG0001,20110518,SNOW,0,,,N,0930
US1TXAG0001,20110519,SNOW,0,,,N,0930
US1TXAG0001,20110522,SNOW,0,,,N,0930
US1TXAG0001,20110523,SNOW,0,,,N,0930
US1TXAG0001,20110524,SNOW,0,,,N,0930
US1TXAG0001,20110525,SNOW,0,,,N,0930
US1TXAG0001,20110526,SNOW,0,,,N,0930
US1TXAG0001,20110527,SNOW,0,,,N,0840
US1TXAG0001,20110528,SNOW,0,,,N,0930
US1TXAG0001,20110529,SNOW,0,,,N,0930
US1TXAG0001,20110530,SNOW,0,,,N,0930
US1TXAG0001,20110531,SNOW,0,,,N,0930
US1TXAG0001,20110601,PRCP,0,,,N,0930
US1TXAG0001,20110602,PRCP,0,,,N,0930
US1TXAG0001,20110603,PRCP,0,,,N,0930
US1TXAG0001,20110604,PRCP,0,,,N,0930
US1TXAG0001,20110605,PRCP,0,,,N,0930
US1TXAG0001,20110606,PRCP,0,,,N,0930
US1TXAG0001,20110607,PRCP,41,,,N,0800
US1TXAG0001,20110608,PRCP,0,,,N,0930
US1TXAG0001,20110609,PRCP,0,,,N,0930
US1TXAG0001,20110610,PRCP,0,,,N,0930
US1TXAG0001,20110611,PRCP,0,,,N,0930
US1TXAG0001,20110612,PRCP,0,,,N,0930
US1TXAG0001,20110613,PRCP,0,,,N,0930
US1TXAG0001,20110614,PRCP,0,,,N,0930
US1TXAG0001,20110615,PRCP,0,,,N,0930
US1TXAG0001,20110616,PRCP,0,,,N,0930
US1TXAG0001,20110617,PRCP,0,,,N,0930
US1TXAG0001,20110618,PRCP,0,,,N,0930
US1TXAG0001,20110619,PRCP,0,,,N,0930
US1TXAG0001,20110620,PRCP,0,,,N,0930
US1TXAG0001,20110621,PRCP,3,,,N,0800
US1TXAG0001,20110622,PRCP,693,,,N,0800
US1TXAG0001,20110623,PRCP,20,,,N,0800
US1TXAG0001,20110624,PRCP,0,,,N,0930
US1TXAG0001,20110625,PRCP,0,,,N,0930
US1TXAG0001,20110626,PRCP,0,,,N,0930
US1TXAG0001,20110627,PRCP,0,,,N,0930
US1TXAG0001,20110628,PRCP,0,,,N,0930
US1TXAG0001,20110629,PRCP,0,,,N,0930
US1TXAG0001,20110630,PRCP,0,,,N,0930
US1TXAG0001,20110601,SNOW,0,,,N,0930
US1TXAG0001,20110602,SNOW,0,,,N,0930
US1TXAG0001,20110603,SNOW,0,,,N,0930
US1TXAG0001,20110604,SNOW,0,,,N,0930
US1TXAG0001,20110605,SNOW,0,,,N,0930
US1TXAG0001,20110606,SNOW,0,,,N,0930
US1TXAG0001,20110608,SNOW,0,,,N,0930
US1TXAG0001,20110609,SNOW,0,,,N,0930
US1TXAG0001,20110610,SNOW,0,,,N,0930
US1TXAG0001,20110611,SNOW,0,,,N,0930
US1TXAG0001,20110612,SNOW,0,,,N,0930
US1TXAG0001,20110613,SNOW,0,,,N,0930
US1TXAG0001,20110614,SNOW,0,,,N,0930
US1TXAG0001,20110615,SNOW,0,,,N,0930
US1TXAG0001,20110616,SNOW,0,,,N,0930
US1TXAG0001,20110617,SNOW,0,,,N,0930
US1TXAG0001,20110618,SNOW,0,,,N,0930
US1TXAG0001,20110619,SNOW,0,,,N,0930
US1TXAG0001,20110620,SNOW,0,,,N,0930
US1TXAG0001,20110624,SNOW,0,,,N,0930
US1TXAG0001,20110625,SNOW,0,,,N,0930
US1TXAG0001,20110626,SNOW,0,,,N,0930
US1TXAG0001,20110627,SNOW,0,,,N,0930
US1TXAG0001,20110628,SNOW,0,,,N,0930
US1TXAG0001,20110629,SNOW,0,,,N,0930
US1TXAG0001,20110630,SNOW,0,,,N,0930
US1TXAG0001,20110701,PRCP,0,,,N,0930
US1TXAG0001,20110702,PRCP,0,,,N,0930
US1TXAG0001,20110703,PRCP,0,,,N,0930
US1TXAG0001,20110704,PRCP,0,,,N,0930
US1TXAG0001,20110705,PRCP,0,,,N,0930
US1TXAG0001,20110706,PRCP,0,T,,N,0800
US1TXAG0001,20110707,PRCP,0,T,,N,0800
US1TXAG0001,20110708,PRCP,0,,,N,0930
US1TXAG0001,20110709,PRCP,0,,,N,0930
US1TXAG0001,20110710,PRCP,0,,,N,0930
US1TXAG0001,20110711,PRCP,0,T,,N,0800
US1TXAG0001,20110712,PRCP,0,,,N,0930
US1TXAG0001,20110713,PRCP,0,,,N,0930
US1TXAG0001,20110714,PRCP,0,,,N,0930
US1TXAG0001,20110715,PRCP,0,T,,N,0930
US1TXAG0001,20110716,PRCP,107,,,N,0800
US1TXAG0001,20110717,PRCP,0,,,N,0930
US1TXAG0001,20110718,PRCP,0,,,N,0930
US1TXAG0001,20110719,PRCP,91,,,N,0800
US1TXAG0001,20110720,PRCP,0,T,,N,0930
US1TXAG0001,20110721,PRCP,0,,,N,0930
US1TXAG0001,20110722,PRCP,0,,,N,0930
US1TXAG0001,20110723,PRCP,0,,,N,0930
US1TXAG0001,20110724,PRCP,0,,,N,0930
US1TXAG0001,20110725,PRCP,0,,,N,0930
US1TXAG0001,20110726,PRCP,0,,,N,0930
US1TXAG0001,20110727,PRCP,0,,,N,0930
US1TXAG0001,20110728,PRCP,0,,,N,0930
US1TXAG0001,20110729,PRCP,0,,,N,0930
US1TXAG0001,20110730,PRCP,0,,,N,0930
US1TXAG0001,20110731,PRCP,0,,,N,0930
US1TXAG0001,20110701,SNOW,0,,,N,0930
US1TXAG0001,20110702,SNOW,0,,,N,0930
US1TXAG0001,20110703,SNOW,0,,,N,0930
US1TXAG0001,20110704,SNOW,0,,,N,0930
US1TXAG0001,20110705,SNOW,0,,,N,0930
US1TXAG0001,20110707,SNOW,0,,,N,0800
US1TXAG0001,20110708,SNOW,0,,,N,0930
US1TXAG0001,20110709,SNOW,0,,,N,0930
US1TXAG0001,20110710,SNOW,0,,,N,0930
US1TXAG0001,20110712,SNOW,0,,,N,0930
US1TXAG0001,20110713,SNOW,0,,,N,0930
US1TXAG0001,20110714,SNOW,0,,,N,0930
US1TXAG0001,20110717,SNOW,0,,,N,0930
US1TXAG0001,20110718,SNOW,0,,,N,0930
US1TXAG0001,20110721,SNOW,0,,,N,0930
US1TXAG0001,20110722,SNOW,0,,,N,0930
US1TXAG0001,20110723,SNOW,0,,,N,0930
US1TXAG0001,20110724,SNOW,0,,,N,0930
US1TXAG0001,20110725,SNOW,0,,,N,0930
US1TXAG0001,20110726,SNOW,0,,,N,0930
US1TXAG0001,20110727,SNOW,0,,,N,0930
US1TXAG0001,20110728,SNOW,0,,,N,0930
US1TXAG0001,20110729,SNOW,0,,,N,0930
US1TXAG0001,20110730,SNOW,0,,,N,0930
US1TXAG0001,20110731,SNOW,0,,,N,0930
US1TXAG0001,20110801,PRCP,0,,,N,0930
US1TXAG0001,20110802,PRCP,0,,,N,0930
US1TXAG0001,20110803,PRCP,0,,,N,0930
US1TXAG0001,20110804,PRCP,0,,,N,0930
US1TXAG0001,20110805,PRCP,0,,,N,0930
US1TXAG0001,20110806,PRCP,0,,,N,0930
US1TXAG0001,20110807,PRCP,0,,,N,0930
US1TXAG0001,20110808,PRCP,0,,,N,0930
US1TXAG0001,20110809,PRCP,0,,,N,0930
US1TXAG0001,20110810,PRCP,0,,,N,0930
US1TXAG0001,20110811,PRCP,0,,,N,0930
US1TXAG0001,20110812,PRCP,0,,,N,0930
US1TXAG0001,20110813,PRCP,0,,,N,0930
US1TXAG0001,20110814,PRCP,0,,,N,0930
US1TXAG0001,20110815,PRCP,0,,,N,0930
US1TXAG0001,20110816,PRCP,0,,,N,0800
US1TXAG0001,20110817,PRCP,0,,,N,0930
US1TXAG0001,20110818,PRCP,0,,,N,0930
US1TXAG0001,20110819,PRCP,0,,,N,0930
US1TXAG0001,20110820,PRCP,61,,,N,0800
US1TXAG0001,20110821,PRCP,0,,,N,0930
US1TXAG0001,20110822,PRCP,0,,,N,0930
US1TXAG0001,20110823,PRCP,0,,,N,0930
US1TXAG0001,20110824,PRCP,0,T,,N,0930
US1TXAG0001,20110825,PRCP,160,,,N,0820
US1TXAG0001,20110826,PRCP,8,,,N,0800
US1TXAG0001,20110827,PRCP,0,,,N,0930
US1TXAG0001,20110828,PRCP,0,,,N,0930
US1TXAG0001,20110829,PRCP,0,,,N,0930
US1TXAG0001,20110830,PRCP,0,,,N,0930
US1TXAG0001,20110831,PRCP,0,,,N,0930
US1TXAG0001,20110801,SNOW,0,,,N,0930
US1TXAG0001,20110802,SNOW,0,,,N,0930
US1TXAG0001,20110803,SNOW,0,,,N,0930
US1TXAG0001,20110804,SNOW,0,,,N,0930
US1TXAG0001,20110805,SNOW,0,,,N,0930
US1TXAG0001,20110806,SNOW,0,,,N,0930
US1TXAG0001,20110807,SNOW,0,,,N,0930
US1TXAG0001,20110808,SNOW,0,,,N,0930
US1TXAG0001,20110809,SNOW,0,,,N,0930
US1TXAG0001,20110810,SNOW,0,,,N,0930
US1TXAG0001,20110811,SNOW,0,,,N,0930
US1TXAG0001,20110812,SNOW,0,,,N,0930
US1TXAG0001,20110813,SNOW,0,,,N,0930
US1TXAG0001,20110814,SNOW,0,,,N,0930
US1TXAG0001,20110815,SNOW,0,,,N,0930
US1TXAG0001,20110816,SNOW,0,,,N,0800
US1TXAG0001,20110817,SNOW,0,,,N,0930
US1TXAG0001,20110818,SNOW,0,,,N,0930
US1TXAG0001,20110819,SNOW,0,,,N,0930
US1TXAG0001,20110821,SNOW,0,,,N,0930
US1TXAG0001,20110822,SNOW,0,,,N,0930
US1TXAG0001,20110823,SNOW,0,,,N,0930
US1TXAG0001,20110827,SNOW,0,,,N,0930
US1TXAG0001,20110828,SNOW,0,,,N,0930
US1TXAG0001,20110829,SNOW,0,,,N,0930
US1TXAG0001,20110830,SNOW,0,,,N,0930
US1TXAG0001,20110831,SNOW,0,,,N,0930
US1TXAG0001,20110901,PRCP,0,,,N,0930
US1TXAG0001,20110902,PRCP,0,,,N,0930
US1TXAG0001,20110903,PRCP,0,,,N,0930
US1TXAG0001,20110904,PRCP,81,,,N,0810
US1TXAG0001,20110905,PRCP,3,,,N,0930
US1TXAG0001,20110906,PRCP,0,,,N,0930
US1TXAG0001,20110907,PRCP,0,,,N,0930
US1TXAG0001,20110908,PRCP,0,,,N,0930
US1TXAG0001,20110909,PRCP,0,,,N,0930
US1TXAG0001,20110910,PRCP,0,,,N,0930
US1TXAG0001,20110911,PRCP,0,,,N,0930
US1TXAG0001,20110912,PRCP,0,,,N,0930
US1TXAG0001,20110913,PRCP,0,,,N,0930
US1TXAG0001,20110914,PRCP,0,,,N,0930
US1TXAG0001,20110915,PRCP,0,,,N,0930
US1TXAG0001,20110916,PRCP,0,,,N,0930
US1TXAG0001,20110917,PRCP,0,,,N,0930
US1TXAG0001,20110918,PRCP,117,,,N,0800
US1TXAG0001,20110919,PRCP,241,,,N,0800
US1TXAG0001,20110920,PRCP,0,,,N,0930
US1TXAG0001,20110921,PRCP,0,,,N,0930
US1TXAG0001,20110922,PRCP,0,,,N,0930
US1TXAG0001,20110923,PRCP,0,,,N,0930
US1TXAG0001,20110924,PRCP,0,,,N,0930
US1TXAG0001,20110925,PRCP,0,,,N,0930
US1TXAG0001,20110926,PRCP,0,,,N,0930
US1TXAG0001,20110927,PRCP,0,,,N,0930
US1TXAG0001,20110928,PRCP,0,,,N,0930
US1TXAG0001,20110929,PRCP,0,,,N,0930
US1TXAG0001,20110930,PRCP,0,,,N,0930
US1TXAG0001,20110901,SNOW,0,,,N,0930
US1TXAG0001,20110902,SNOW,0,,,N,0930
US1TXAG0001,20110903,SNOW,0,,,N,0930
US1TXAG0001,20110906,SNOW,0,,,N,0930
US1TXAG0001,20110907,SNOW,0,,,N,0930
US1TXAG0001,20110908,SNOW,0,,,N,0930
US1TXAG0001,20110909,SNOW,0,,,N,0930
US1TXAG0001,20110910,SNOW,0,,,N,0930
US1TXAG0001,20110911,SNOW,0,,,N,0930
US1TXAG0001,20110912,SNOW,0,,,N,0930
US1TXAG0001,20110913,SNOW,0,,,N,0930
US1TXAG0001,20110914,SNOW,0,,,N,0930
US1TXAG0001,20110915,SNOW,0,,,N,0930
US1TXAG0001,20110916,SNOW,0,,,N,0930
US1TXAG0001,20110917,SNOW,0,,,N,0930
US1TXAG0001,20110920,SNOW,0,,,N,0930
US1TXAG0001,20110921,SNOW,0,,,N,0930
US1TXAG0001,20110922,SNOW,0,,,N,0930
US1TXAG0001,20110923,SNOW,0,,,N,0930
US1TXAG0001,20110924,SNOW,0,,,N,0930
US1TXAG0001,20110925,SNOW,0,,,N,0930
US1TXAG0001,20110926,SNOW,0,,,N,0930
US1TXAG0001,20110927,SNOW,0,,,N,0930
US1TXAG0001,20110928,SNOW,0,,,N,0930
US1TXAG0001,20110929,SNOW,0,,,N,0930
US1TXAG0001,20110930,SNOW,0,,,N,0930
US1TXAG0001,20111001,PRCP,0,,,N,0930
US1TXAG0001,20111002,PRCP,0,,,N,0930
US1TXAG0001,20111003,PRCP,0,,,N,0930
US1TXAG0001,20111004,PRCP,0,,,N,0930
US1TXAG0001,20111005,PRCP,0,,,N,0930
US1TXAG0001,20111006,PRCP,0,,,N,0930
US1TXAG0001,20111007,PRCP,0,,,N,0930
US1TXAG0001,20111008,PRCP,0,,,N,0930
US1TXAG0001,20111009,PRCP,0,,,N,0930
US1TXAG0001,20111010,PRCP,36,,,N,0800
US1TXAG0001,20111011,PRCP,0,,,N,0930
US1TXAG0001,20111012,PRCP,0,,,N,0930
US1TXAG0001,20111013,PRCP,38,,,N,0800
US1TXAG0001,20111014,PRCP,0,,,N,0930
US1TXAG0001,20111015,PRCP,0,,,N,0930
US1TXAG0001,20111016,PRCP,0,,,N,0930
US1TXAG0001,20111017,PRCP,0,,,N,0930
US1TXAG0001,20111018,PRCP,18,,,N,0800
US1TXAG0001,20111019,PRCP,0,,,N,0930
US1TXAG0001,20111020,PRCP,0,,,N,0930
US1TXAG0001,20111021,PRCP,0,,,N,0930
US1TXAG0001,20111022,PRCP,0,,,N,0930
US1TXAG0001,20111023,PRCP,147,,,N,0800
US1TXAG0001,20111024,PRCP,0,,,N,0930
US1TXAG0001,20111025,PRCP,0,,,N,0930
US1TXAG0001,20111026,PRCP,0,,,N,0930
US1TXAG0001,20111027,PRCP,0,,,N,0930
US1TXAG0001,20111028,PRCP,53,,,N,0800
US1TXAG0001,20111029,PRCP,0,,,N,0930
US1TXAG0001,20111030,PRCP,0,,,N,0930
US1TXAG0001,20111031,PRCP,0,,,N,0930
US1TXAG0001,20111001,SNOW,0,,,N,0930
US1TXAG0001,20111002,SNOW,0,,,N,0930
US1TXAG0001,20111003,SNOW,0,,,N,0930
US1TXAG0001,20111004,SNOW,0,,,N,0930
US1TXAG0001,20111005,SNOW,0,,,N,0930
US1TXAG0001,20111006,SNOW,0,,,N,0930
US1TXAG0001,20111007,SNOW,0,,,N,0930
US1TXAG0001,20111008,SNOW,0,,,N,0930
US1TXAG0001,20111009,SNOW,0,,,N,0930
US1TXAG0001,20111011,SNOW,0,,,N,0930
US1TXAG0001,20111012,SNOW,0,,,N,0930
US1TXAG0001,20111014,SNOW,0,,,N,0930
US1TXAG0001,20111015,SNOW,0,,,N,0930
US1TXAG0001,20111016,SNOW,0,,,N,0930
US1TXAG0001,20111017,SNOW,0,,,N,0930
US1TXAG0001,20111019,SNOW,0,,,N,0930
US1TXAG0001,20111020,SNOW,0,,,N,0930
US1TXAG0001,20111021,SNOW,0,,,N,0930
US1TXAG0001,20111022,SNOW,0,,,N,0930
US1TXAG0001,20111024,SNOW,0,,,N,0930
US1TXAG0001,20111025,SNOW,0,,,N,0930
US1TXAG0001,20111026,SNOW,0,,,N,0930
US1TXAG0001,20111027,SNOW,0,,,N,0930
US1TXAG0001,20111029,SNOW,0,,,N,0930
US1TXAG0001,20111030,SNOW,0,,,N,0930
US1TXAG0001,20111031,SNOW,0,,,N,0930
US1TXAG0001,20111101,PRCP,0,,,N,0930
US1TXAG0001,20111102,PRCP,0,,,N,0930
US1TXAG0001,20111103,PRCP,33,,,N,0800
US1TXAG0001,20111104,PRCP,0,,,N,0930
US1TXAG0001,20111105,PRCP,0,,,N,0930
US1TXAG0001,20111106,PRCP,0,,,N,0930
US1TXAG0001,20111107,PRCP,0,,,N,0930
US1TXAG0001,20111108,PRCP,5,,,N,0800
US1TXAG0001,20111109,PRCP,257,,,N,0800
US1TXAG0001,20111110,PRCP,0,,,N,0930
US1TXAG0001,20111111,PRCP,0,,,N,0930
US1TXAG0001,20111112,PRCP,0,,,N,0930
US1TXAG0001,20111113,PRCP,0,,,N,0930
US1TXAG0001,20111114,PRCP,0,,,N,0930
US1TXAG0001,20111115,PRCP,0,,,N,0930
US1TXAG0001,20111116,PRCP,117,,,N,0800
US1TXAG0001,20111117,PRCP,0,,,N,0930
US1TXAG0001,20111118,PRCP,0,,,N,0930
US1TXAG0001,20111119,PRCP,0,,,N,0930
US1TXAG0001,20111120,PRCP,0,T,,N,0800
US1TXAG0001,20111121,PRCP,0,T,,N,0800
US1TXAG0001,20111122,PRCP,282,,,N,0822
US1TXAG0001,20111123,PRCP,3,,,N,0800
US1TXAG0001,20111124,PRCP,0,,,N,0930
US1TXAG0001,20111125,PRCP,0,,,N,0930
US1TXAG0001,20111126,PRCP,0,,,N,0930
US1TXAG0001,20111127,PRCP,315,,,N,0800
US1TXAG0001,20111128,PRCP,0,,,N,0930
US1TXAG0001,20111129,PRCP,0,,,N,0930
US1TXAG0001,20111130,PRCP,0,,,N,0930
US1TXAG0001,20111101,SNOW,0,,,N,0930
US1TXAG0001,20111102,SNOW,0,,,N,0930
US1TXAG0001,20111104,SNOW,0,,,N,0930
US1TXAG0001,20111105,SNOW,0,,,N,0930
US1TXAG0001,20111106,SNOW,0,,,N,0930
US1TXAG0001,20111107,SNOW,0,,,N,0930
US1TXAG0001,20111110,SNOW,0,,,N,0930
US1TXAG0001,20111111,SNOW,0,,,N,0930
US1TXAG0001,20111112,SNOW,0,,,N,0930
US1TXAG0001,20111113,SNOW,0,,,N,0930
US1TXAG0001,20111114,SNOW,0,,,N,0930
US1TXAG0001,20111115,SNOW,0,,,N,0930
US1TXAG0001,20111117,SNOW,0,,,N,0930
US1TXAG0001,20111118,SNOW,0,,,N,0930
US1TXAG0001,20111119,SNOW,0,,,N,0930
US1TXAG0001,20111124,SNOW,0,,,N,0930
US1TXAG0001,20111125,SNOW,0,,,N,0930
US1TXAG0001,20111126,SNOW,0,,,N,0930
US1TXAG0001,20111128,SNOW,0,,,N,0930
US1TXAG0001,20111129,SNOW,0,,,N,0930
US1TXAG0001,20111130,SNOW,0,,,N,0930
US1TXAG0001,20111201,PRCP,0,,,N,0930
US1TXAG0001,20111202,PRCP,0,,,N,0930
US1TXAG0001,20111203,PRCP,0,,,N,0930
US1TXAG0001,20111204,PRCP,18,,,N,0705
US1TXAG0001,20111205,PRCP,549,,,N,0700
US1TXAG0001,20111206,PRCP,8,,,N,0800
US1TXAG0001,20111207,PRCP,0,,,N,0930
US1TXAG0001,20111208,PRCP,0,,,N,0930
US1TXAG0001,20111209,PRCP,0,,,N,0930
US1TXAG0001,20111210,PRCP,0,,,N,0930
US1TXAG0001,20111211,PRCP,0,,,N,0930
US1TXAG0001,20111212,PRCP,0,,,N,0930
US1TXAG0001,20111213,PRCP,0,,,N,0930
US1TXAG0001,20111214,PRCP,0,,,N,0930
US1TXAG0001,20111215,PRCP,0,,,N,0930
US1TXAG0001,20111216,PRCP,191,,,N,0800
US1TXAG0001,20111217,PRCP,0,,,N,0930
US1TXAG0001,20111218,PRCP,0,,,N,0930
US1TXAG0001,20111219,PRCP,0,,,N,0930
US1TXAG0001,20111220,PRCP,234,,,N,0800
US1TXAG0001,20111221,PRCP,0,,,N,0930
US1TXAG0001,20111222,PRCP,254,,,N,0800
US1TXAG0001,20111223,PRCP,3,,,N,0800
US1TXAG0001,20111224,PRCP,3,,,N,0800
US1TXAG0001,20111225,PRCP,318,,,N,0800
US1TXAG0001,20111226,PRCP,97,,,N,0805
US1TXAG0001,20111227,PRCP,23,,,N,0800
US1TXAG0001,20111228,PRCP,0,,,N,0930
US1TXAG0001,20111229,PRCP,0,,,N,0930
US1TXAG0001,20111230,PRCP,0,,,N,0930
US1TXAG0001,20111231,PRCP,0,,,N,0930
US1TXAG0001,20111201,SNOW,0,,,N,0930
US1TXAG0001,20111202,SNOW,0,,,N,0930
US1TXAG0001,20111203,SNOW,0,,,N,0930
US1TXAG0001,20111207,SNOW,0,,,N,0930
US1TXAG0001,20111208,SNOW,0,,,N,0930
US1TXAG0001,20111209,SNOW,0,,,N,0930
US1TXAG0001,20111210,SNOW,0,,,N,0930
US1TXAG0001,20111211,SNOW,0,,,N,0930
US1TXAG0001,20111212,SNOW,0,,,N,0930
US1TXAG0001,20111213,SNOW,0,,,N,0930
US1TXAG0001,20111214,SNOW,0,,,N,0930
US1TXAG0001,20111215,SNOW,0,,,N,0930
US1TXAG0001,20111217,SNOW,0,,,N,0930
US1TXAG0001,20111218,SNOW,0,,,N,0930
US1TXAG0001,20111219,SNOW,0,,,N,0930
US1TXAG0001,20111221,SNOW,0,,,N,0930
US1TXAG0001,20111228,SNOW,0,,,N,0930
US1TXAG0001,20111229,SNOW,0,,,N,0930
US1TXAG0001,20111230,SNOW,0,,,N,0930
US1TXAG0001,20111231,SNOW,0,,,N,0930
US1TXAG0001,20120101,PRCP,0,,,N,0930
US1TXAG0001,20120102,PRCP,0,,,N,0930
US1TXAG0001,20120103,PRCP,0,,,N,0930
US1TXAG0001,20120104,PRCP,0,,,N,0930
US1TXAG0001,20120105,PRCP,0,,,N,0930
US1TXAG0001,20120106,PRCP,0,,,N,0930
US1TXAG0001,20120107,PRCP,0,,,N,0930
US1TXAG0001,20120108,PRCP,0,,,N,0930
US1TXAG0001,20120109,PRCP,500,,,N,0800
US1TXAG0001,20120110,PRCP,279,,,N,0800
US1TXAG0001,20120111,PRCP,0,,,N,0930
US1TXAG0001,20120112,PRCP,0,,,N,0930
US1TXAG0001,20120113,PRCP,0,,,N,0930
US1TXAG0001,20120114,PRCP,0,,,N,0930
US1TXAG0001,20120115,PRCP,0,,,N,0930
US1TXAG0001,20120116,PRCP,0,,,N,0930
US1TXAG0001,20120117,PRCP,3,,,N,0800
US1TXAG0001,20120118,PRCP,20,,,N,0800
US1TXAG0001,20120119,PRCP,0,,,N,0930
US1TXAG0001,20120120,PRCP,0,,,N,0930
US1TXAG0001,20120121,PRCP,0,,,N,0930
US1TXAG0001,20120122,PRCP,0,,,N,0930
US1TXAG0001,20120123,PRCP,0,,,N,0930
US1TXAG0001,20120124,PRCP,0,,,N,0930
US1TXAG0001,20120125,PRCP,18,,,N,0800
US1TXAG0001,20120126,PRCP,320,,,N,0800
US1TXAG0001,20120127,PRCP,0,,,N,0930
US1TXAG0001,20120128,PRCP,0,,,N,0930
US1TXAG0001,20120129,PRCP,0,,,N,0930
US1TXAG0001,20120130,PRCP,0,,,N,0930
US1TXAG0001,20120131,PRCP,0,,,N,0930
US1TXAG0001,20120101,SNOW,0,,,N,0930
US1TXAG0001,20120102,SNOW,0,,,N,0930
US1TXAG0001,20120103,SNOW,0,,,N,0930
US1TXAG0001,20120104,SNOW,0,,,N,0930
US1TXAG0001,20120105,SNOW,0,,,N,0930
US1TXAG0001,20120106,SNOW,0,,,N,0930
US1TXAG0001,20120107,SNOW,0,,,N,0930
US1TXAG0001,20120108,SNOW,0,,,N,0930
US1TXAG0001,20120111,SNOW,0,,,N,0930
US1TXAG0001,20120112,SNOW,0,,,N,0930
US1TXAG0001,20120113,SNOW,0,,,N,0930
US1TXAG0001,20120114,SNOW,0,,,N,0930
US1TXAG0001,20120115,SNOW,0,,,N,0930
US1TXAG0001,20120116,SNOW,0,,,N,0930
US1TXAG0001,20120119,SNOW,0,,,N,0930
US1TXAG0001,20120120,SNOW,0,,,N,0930
US1TXAG0001,20120121,SNOW,0,,,N,0930
US1TXAG0001,20120122,SNOW,0,,,N,0930
US1TXAG0001,20120123,SNOW,0,,,N,0930
US1TXAG0001,20120124,SNOW,0,,,N,0930
US1TXAG0001,20120127,SNOW,0,,,N,0930
US1TXAG0001,20120128,SNOW,0,,,N,0930
US1TXAG0001,20120129,SNOW,0,,,N,0930
US1TXAG0001,20120130,SNOW,0,,,N,0930
US1TXAG0001,20120131,SNOW,0,,,N,0930
US1TXAG0001,20120201,PRCP,89,,,N,0800
US1TXAG0001,20120202,PRCP,0,T,,N,0930
US1TXAG0001,20120203,PRCP,201,,,N,0930
US1TXAG0001,20120204,PRCP,442,,,N,0800
US1TXAG0001,20120205,PRCP,0,T,,N,0930
US1TXAG0001,20120206,PRCP,0,,,N,0930
US1TXAG0001,20120207,PRCP,0,,,N,0930
US1TXAG0001,20120208,PRCP,0,,,N,0930
US1TXAG0001,20120209,PRCP,0,,,N,0930
US1TXAG0001,20120210,PRCP,13,,,N,0755
US1TXAG0001,20120211,PRCP,0,,,N,0930
US1TXAG0001,20120212,PRCP,0,,,N,0930
US1TXAG0001,20120213,PRCP,15,,,N,0800
US1TXAG0001,20120214,PRCP,58,,,N,0810
US1TXAG0001,20120215,PRCP,0,,,N,0800
US1TXAG0001,20120216,PRCP,137,,,N,0810
US1TXAG0001,20120217,PRCP,0,,,N,0800
US1TXAG0001,20120218,PRCP,348,,,N,0800
US1TXAG0001,20120219,PRCP,89,,,N,0800
US1TXAG0001,20120220,PRCP,0,,,N,0930
US1TXAG0001,20120221,PRCP,28,,,N,0800
US1TXAG0001,20120222,PRCP,0,,,N,0930
US1TXAG0001,20120223,PRCP,0,,,N,0930
US1TXAG0001,20120224,PRCP,0,,,N,0930
US1TXAG0001,20120225,PRCP,0,,,N,0930
US1TXAG0001,20120226,PRCP,0,,,N,0930
US1TXAG0001,20120227,PRCP,0,,,N,0930
US1TXAG0001,20120228,PRCP,0,,,N,0930
US1TXAG0001,20120229,PRCP,0,,,N,0930
US1TXAG0001,20120206,SNOW,0,,,N,0930
US1TXAG0001,20120207,SNOW,0,,,N,0930
US1TXAG0001,20120208,SNOW,0,,,N,0930
US1TXAG0001,20120209,SNOW,0,,,N,0930
US1TXAG0001,20120211,SNOW,0,,,N,0930
US1TXAG0001,20120212,SNOW,0,,,N,0930
US1TXAG0001,20120215,SNOW,0,,,N,0800
US1TXAG0001,20120217,SNOW,0,,,N,0800
US1TXAG0001,20120220,SNOW,0,,,N,0930
US1TXAG0001,20120222,SNOW,0,,,N,0930
US1TXAG0001,20120223,SNOW,0,,,N,0930
US1TXAG0001,20120224,SNOW,0,,,N,0930
US1TXAG0001,20120225,SNOW,0,,,N,0930
US1TXAG0001,20120226,SNOW,0,,,N,0930
US1TXAG0001,20120227,SNOW,0,,,N,0930
US1TXAG0001,20120228,SNOW,0,,,N,0930
US1TXAG0001,20120229,SNOW,0,,,N,0930
US1TXAG0001,20120301,PRCP,8,,,N,0800
US1TXAG0001,20120302,PRCP,0,,,N,0930
US1TXAG0001,20120303,PRCP,23,,,N,0800
US1TXAG0001,20120304,PRCP,0,,,N,0930
US1TXAG0001,20120305,PRCP,0,,,N,0930
US1TXAG0001,20120306,PRCP,0,,,N,0930
US1TXAG0001,20120307,PRCP,0,,,N,0930
US1TXAG0001,20120308,PRCP,30,,,N,0800
US1TXAG0001,20120309,PRCP,775,,,N,0805
US1TXAG0001,20120310,PRCP,43,,,N,0800
US1TXAG0001,20120311,PRCP,119,,,N,0800
US1TXAG0001,20120312,PRCP,650,,,N,0800
US1TXAG0001,20120313,PRCP,0,,,N,0930
US1TXAG0001,20120314,PRCP,0,,,N,0930
US1TXAG0001,20120315,PRCP,0,,,N,0930
US1TXAG0001,20120316,PRCP,0,,,N,0930
US1TXAG0001,20120317,PRCP,0,,,N,0930
US1TXAG0001,20120318,PRCP,0,,,N,0930
US1TXAG0001,20120319,PRCP,0,,,N,0930
US1TXAG0001,20120320,PRCP,102,,,N,0805
US1TXAG0001,20120321,PRCP,335,,,N,0800
US1TXAG0001,20120322,PRCP,0,,,N,0800
US1TXAG0001,20120323,PRCP,0,,,N,0930
US1TXAG0001,20120324,PRCP,0,,,N,0930
US1TXAG0001,20120325,PRCP,0,,,N,0930
US1TXAG0001,20120326,PRCP,0,,,N,0930
US1TXAG0001,20120327,PRCP,0,,,N,0930
US1TXAG0001,20120328,PRCP,0,,,N,0930
US1TXAG0001,20120329,PRCP,10,,,N,0830
US1TXAG0001,20120330,PRCP,175,,,N,0800
US1TXAG0001,20120331,PRCP,0,,,N,0930
US1TXAG0001,20120302,SNOW,0,,,N,0930
US1TXAG0001,20120304,SNOW,0,,,N,0930
US1TXAG0001,20120305,SNOW,0,,,N,0930
US1TXAG0001,20120306,SNOW,0,,,N,0930
US1TXAG0001,20120307,SNOW,0,,,N,0930
US1TXAG0001,20120313,SNOW,0,,,N,0930
US1TXAG0001,20120314,SNOW,0,,,N,0930
US1TXAG0001,20120315,SNOW,0,,,N,0930
US1TXAG0001,20120316,SNOW,0,,,N,0930
US1TXAG0001,20120317,SNOW,0,,,N,0930
US1TXAG0001,20120318,SNOW,0,,,N,0930
US1TXAG0001,20120319,SNOW,0,,,N,0930
US1TXAG0001,20120322,SNOW,0,,,N,0800
US1TXAG0001,20120323,SNOW,0,,,N,0930
US1TXAG0001,20120324,SNOW,0,,,N,0930
US1TXAG0001,20120325,SNOW,0,,,N,0930
US1TXAG0001,20120326,SNOW,0,,,N,0930
US1TXAG0001,20120327,SNOW,0,,,N,0930
US1TXAG0001,20120328,SNOW,0,,,N,0930
US1TXAG0001,20120331,SNOW,0,,,N,0930
US1TXAG0001,20120401,PRCP,0,,,N,0930
US1TXAG0001,20120402,PRCP,0,,,N,0800
US1TXAG0001,20120403,PRCP,213,,,N,0800
US1TXAG0001,20120404,PRCP,38,,,N,0800
US1TXAG0001,20120405,PRCP,0,,,N,0930
US1TXAG0001,20120406,PRCP,0,,,N,0930
US1TXAG0001,20120407,PRCP,0,,,N,0930
US1TXAG0001,20120408,PRCP,0,,,N,0930
US1TXAG0001,20120409,PRCP,0,,,N,0930
US1TXAG0001,20120410,PRCP,0,,,N,0930
US1TXAG0001,20120411,PRCP,0,,,N,0930
US1TXAG0001,20120412,PRCP,0,,,N,0930
US1TXAG0001,20120413,PRCP,0,,,N,0930
US1TXAG0001,20120414,PRCP,0,,,N,0930
US1TXAG0001,20120415,PRCP,0,,,N,0930
US1TXAG0001,20120416,PRCP,173,,,N,0800
US1TXAG0001,20120417,PRCP,3,,,N,0800
US1TXAG0001,20120418,PRCP,0,,,N,0930
US1TXAG0001,20120419,PRCP,0,,,N,0930
US1TXAG0001,20120420,PRCP,0,,,N,0930
US1TXAG0001,20120421,PRCP,76,,,N,0800
US1TXAG0001,20120422,PRCP,0,,,N,0930
US1TXAG0001,20120423,PRCP,0,,,N,0930
US1TXAG0001,20120424,PRCP,0,,,N,0930
US1TXAG0001,20120425,PRCP,0,,,N,0930
US1TXAG0001,20120426,PRCP,0,,,N,0930
US1TXAG0001,20120427,PRCP,0,,,N,0930
US1TXAG0001,20120428,PRCP,0,,,N,0930
US1TXAG0001,20120429,PRCP,0,,,N,0930
US1TXAG0001,20120430,PRCP,0,,,N,0930
US1TXAG0001,20120401,SNOW,0,,,N,0930
US1TXAG0001,20120402,SNOW,0,,,N,0800
US1TXAG0001,20120405,SNOW,0,,,N,0930
US1TXAG0001,20120406,SNOW,0,,,N,0930
US1TXAG0001,20120407,SNOW,0,,,N,0930
US1TXAG0001,20120408,SNOW,0,,,N,0930
US1TXAG0001,20120409,SNOW,0,,,N,0930
US1TXAG0001,20120410,SNOW,0,,,N,0930
US1TXAG0001,20120411,SNOW,0,,,N,0930
US1TXAG0001,20120412,SNOW,0,,,N,0930
US1TXAG0001,20120413,SNOW,0,,,N,0930
US1TXAG0001,20120414,SNOW,0,,,N,0930
US1TXAG0001,20120415,SNOW,0,,,N,0930
US1TXAG0001,20120418,SNOW,0,,,N,0930
US1TXAG0001,20120419,SNOW,0,,,N,0930
US1TXAG0001,20120420,SNOW,0,,,N,0930
US1TXAG0001,20120422,SNOW,0,,,N,0930
US1TXAG0001,20120423,SNOW,0,,,N,0930
US1TXAG0001,20120424,SNOW,0,,,N,0930
US1TXAG0001,20120425,SNOW,0,,,N,0930
US1TXAG0001,20120426,SNOW,0,,,N,0930
US1TXAG0001,20120427,SNOW,0,,,N,0930
US1TXAG0001,20120428,SNOW,0,,,N,0930
US1TXAG0001,20120429,SNOW,0,,,N,0930
US1TXAG0001,20120430,SNOW,0,,,N,0930
US1TXAG0001,20120501,PRCP,0,T,,N,0800
US1TXAG0001,20120502,PRCP,0,T,,N,0800
US1TXAG0001,20120503,PRCP,0,,,N,0930
US1TXAG0001,20120504,PRCP,0,,,N,0930
US1TXAG0001,20120505,PRCP,0,,,N,0930
US1TXAG0001,20120506,PRCP,0,,,N,0930
US1TXAG0001,20120507,PRCP,3,,,N,0800
US1TXAG0001,20120508,PRCP,211,,,N,0800
US1TXAG0001,20120509,PRCP,0,,,N,0930
US1TXAG0001,20120510,PRCP,0,,,N,0930
US1TXAG0001,20120511,PRCP,58,,,N,0800
US1TXAG0001,20120512,PRCP,163,,,N,0800
US1TXAG0001,20120513,PRCP,86,,,N,0800
US1TXAG0001,20120514,PRCP,0,,,N,0930
US1TXAG0001,20120515,PRCP,0,T,,N,0800
US1TXAG0001,20120516,PRCP,224,,,N,0800
US1TXAG0001,20120517,PRCP,0,,,N,0930
US1TXAG0001,20120518,PRCP,0,,,N,0930
US1TXAG0001,20120519,PRCP,0,,,N,0930
US1TXAG0001,20120520,PRCP,0,,,N,0930
US1TXAG0001,20120521,PRCP,0,,,N,0930
US1TXAG0001,20120522,PRCP,0,,,N,0930
US1TXAG0001,20120523,PRCP,0,,,N,0930
US1TXAG0001,20120524,PRCP,0,,,N,0930
US1TXAG0001,20120525,PRCP,0,,,N,0930
US1TXAG0001,20120526,PRCP,0,,,N,0930
US1TXAG0001,20120527,PRCP,0,,,N,0930
US1TXAG0001,20120528,PRCP,0,,,N,0930
US1TXAG0001,20120529,PRCP,0,,,N,0930
US1TXAG0001,20120530,PRCP,0,T,,N,0800
US1TXAG0001,20120531,PRCP,0,,,N,0800
US1TXAG0001,20120503,SNOW,0,,,N,0930
US1TXAG0001,20120504,SNOW,0,,,N,0930
US1TXAG0001,20120505,SNOW,0,,,N,0930
US1TXAG0001,20120506,SNOW,0,,,N,0930
US1TXAG0001,20120509,SNOW,0,,,N,0930
US1TXAG0001,20120510,SNOW,0,,,N,0930
US1TXAG0001,20120514,SNOW,0,,,N,0930
US1TXAG0001,20120517,SNOW,0,,,N,0930
US1TXAG0001,20120518,SNOW,0,,,N,0930
US1TXAG0001,20120519,SNOW,0,,,N,0930
US1TXAG0001,20120520,SNOW,0,,,N,0930
US1TXAG0001,20120521,SNOW,0,,,N,0930
US1TXAG0001,20120522,SNOW,0,,,N,0930
US1TXAG0001,20120523,SNOW,0,,,N,0930
US1TXAG0001,20120524,SNOW,0,,,N,0930
US1TXAG0001,20120525,SNOW,0,,,N,0930
US1TXAG0001,20120526,SNOW,0,,,N,0930
US1TXAG0001,20120527,SNOW,0,,,N,0930
US1TXAG0001,20120528,SNOW,0,,,N,0930
US1TXAG0001,20120529,SNOW,0,,,N,0930
US1TXAG0001,20120531,SNOW,0,,,N,0800
US1TXAG0001,20120601,PRCP,124,,,N,0800
US1TXAG0001,20120602,PRCP,0,,,N,0930
US1TXAG0001,20120603,PRCP,0,,,N,0930
US1TXAG0001,20120604,PRCP,0,,,N,0930
US1TXAG0001,20120605,PRCP,0,,,N,0930
US1TXAG0001,20120606,PRCP,0,,,N,0930
US1TXAG0001,20120607,PRCP,198,,,N,0800
US1TXAG0001,20120608,PRCP,0,,,N,0930
US1TXAG0001,20120609,PRCP,0,,,N,0930
US1TXAG0001,20120610,PRCP,0,,,N,0930
US1TXAG0001,20120611,PRCP,0,,,N,0930
US1TXAG0001,20120612,PRCP,0,,,N,0930
US1TXAG0001,20120620,PRCP,20,,,N,0800
US1TXAG0001,20120621,PRCP,0,,,N,0930
US1TXAG0001,20120622,PRCP,0,,,N,0930
US1TXAG0001,20120623,PRCP,0,,,N,0930
US1TXAG0001,20120624,PRCP,0,,,N,0930
US1TXAG0001,20120625,PRCP,0,,,N,0930
US1TXAG0001,20120626,PRCP,0,,,N,0930
US1TXAG0001,20120627,PRCP,0,,,N,0930
US1TXAG0001,20120628,PRCP,0,,,N,0930
US1TXAG0001,20120629,PRCP,0,,,N,0930
US1TXAG0001,20120630,PRCP,0,,,N,0930
US1TXAG0001,20120602,SNOW,0,,,N,0930
US1TXAG0001,20120603,SNOW,0,,,N,0930
US1TXAG0001,20120604,SNOW,0,,,N,0930
US1TXAG0001,20120605,SNOW,0,,,N,0930
US1TXAG0001,20120606,SNOW,0,,,N,0930
US1TXAG0001,20120608,SNOW,0,,,N,0930
US1TXAG0001,20120609,SNOW,0,,,N,0930
US1TXAG0001,20120610,SNOW,0,,,N,0930
US1TXAG0001,20120611,SNOW,0,,,N,0930
US1TXAG0001,20120612,SNOW,0,,,N,0930
US1TXAG0001,20120621,SNOW,0,,,N,0930
US1TXAG0001,20120622,SNOW,0,,,N,0930
US1TXAG0001,20120623,SNOW,0,,,N,0930
US1TXAG0001,20120624,SNOW,0,,,N,0930
US1TXAG0001,20120625,SNOW,0,,,N,0930
US1TXAG0001,20120626,SNOW,0,,,N,0930
US1TXAG0001,20120627,SNOW,0,,,N,0930
US1TXAG0001,20120628,SNOW,0,,,N,0930
US1TXAG0001,20120629,SNOW,0,,,N,0930
US1TXAG0001,20120630,SNOW,0,,,N,0930
US1TXAG0001,20120619,DAPR,7,,,N,0800
US1TXAG0001,20120619,MDPR,531,,,N,0800
US1TXAG0001,20120701,PRCP,0,,,N,0930
US1TXAG0001,20120702,PRCP,5,,,N,0800
US1TXAG0001,20120703,PRCP,0,,,N,0930
US1TXAG0001,20120704,PRCP,0,,,N,0930
US1TXAG0001,20120705,PRCP,0,,,N,0930
US1TXAG0001,20120706,PRCP,0,,,N,0930
US1TXAG0001,20120707,PRCP,0,T,,N,0930
US1TXAG0001,20120708,PRCP,23,,,N,0800
US1TXAG0001,20120709,PRCP,124,,,N,0610
US1TXAG0001,20120710,PRCP,193,,,N,0800
US1TXAG0001,20120711,PRCP,3,,,N,0800
US1TXAG0001,20120712,PRCP,13,,,N,0800
US1TXAG0001,20120713,PRCP,457,,,N,0930
US1TXAG0001,20120714,PRCP,53,,,N,0800
US1TXAG0001,20120715,PRCP,74,,,N,0700
US1TXAG0001,20120716,PRCP,206,,,N,0800
US1TXAG0001,20120717,PRCP,86,,,N,0700
US1TXAG0001,20120718,PRCP,0,,,N,0930
US1TXAG0001,20120719,PRCP,0,,,N,0930
US1TXAG0001,20120720,PRCP,0,,,N,0930
US1TXAG0001,20120721,PRCP,0,,,N,0930
US1TXAG0001,20120722,PRCP,302,,,N,0700
US1TXAG0001,20120723,PRCP,0,,,N,0930
US1TXAG0001,20120724,PRCP,61,,,N,0800
US1TXAG0001,20120725,PRCP,0,,,N,0930
US1TXAG0001,20120726,PRCP,0,,,N,0930
US1TXAG0001,20120727,PRCP,0,,,N,0930
US1TXAG0001,20120728,PRCP,0,,,N,0930
US1TXAG0001,20120729,PRCP,0,,,N,0930
US1TXAG0001,20120730,PRCP,0,,,N,0930
US1TXAG0001,20120731,PRCP,0,,,N,0930
US1TXAG0001,20120701,SNOW,0,,,N,0930
US1TXAG0001,20120703,SNOW,0,,,N,0930
US1TXAG0001,20120704,SNOW,0,,,N,0930
US1TXAG0001,20120705,SNOW,0,,,N,0930
US1TXAG0001,20120706,SNOW,0,,,N,0930
US1TXAG0001,20120718,SNOW,0,,,N,0930
US1TXAG0001,20120719,SNOW,0,,,N,0930
US1TXAG0001,20120720,SNOW,0,,,N,0930
US1TXAG0001,20120721,SNOW,0,,,N,0930
US1TXAG0001,20120723,SNOW,0,,,N,0930
US1TXAG0001,20120725,SNOW,0,,,N,0930
US1TXAG0001,20120726,SNOW,0,,,N,0930
US1TXAG0001,20120727,SNOW,0,,,N,0930
US1TXAG0001,20120728,SNOW,0,,,N,0930
US1TXAG0001,20120729,SNOW,0,,,N,0930
US1TXAG0001,20120730,SNOW,0,,,N,0930
US1TXAG0001,20120731,SNOW,0,,,N,0930
US1TXAG0001,20120801,PRCP,0,,,N,0930
US1TXAG0001,20120802,PRCP,0,,,N,0930
US1TXAG0001,20120803,PRCP,0,,,N,0930
US1TXAG0001,20120804,PRCP,0,,,N,0930
US1TXAG0001,20120805,PRCP,0,,,N,0930
US1TXAG0001,20120806,PRCP,0,,,N,0930
US1TXAG0001,20120807,PRCP,0,,,N,0930
US1TXAG0001,20120808,PRCP,112,,,N,0800
US1TXAG0001,20120809,PRCP,0,,,N,0930
US1TXAG0001,20120810,PRCP,0,,,N,0930
US1TXAG0001,20120811,PRCP,0,,,N,0930
US1TXAG0001,20120812,PRCP,0,,,N,0930
US1TXAG0001,20120813,PRCP,0,,,N,0930
US1TXAG0001,20120814,PRCP,0,,,N,0930
US1TXAG0001,20120815,PRCP,0,,,N,0930
US1TXAG0001,20120816,PRCP,0,,,N,0930
US1TXAG0001,20120817,PRCP,0,,,N,0930
US1TXAG0001,20120818,PRCP,0,,,N,0930
US1TXAG0001,20120819,PRCP,0,T,,N,0800
US1TXAG0001,20120820,PRCP,0,,,N,0930
US1TXAG0001,20120821,PRCP,0,,,N,0930
US1TXAG0001,20120822,PRCP,8,,,N,0800
US1TXAG0001,20120823,PRCP,0,,,N,0930
US1TXAG0001,20120824,PRCP,0,,,N,0930
US1TXAG0001,20120825,PRCP,0,,,N,0930
US1TXAG0001,20120826,PRCP,3,,,N,0800
US1TXAG0001,20120827,PRCP,41,,,N,0800
US1TXAG0001,20120828,PRCP,43,,,N,0800
US1TXAG0001,20120829,PRCP,0,,,N,0930
US1TXAG0001,20120830,PRCP,0,,,N,0930
US1TXAG0001,20120831,PRCP,25,,,N,0930
US1TXAG0001,20120801,SNOW,0,,,N,0930
US1TXAG0001,20120802,SNOW,0,,,N,0930
US1TXAG0001,20120803,SNOW,0,,,N,0930
US1TXAG0001,20120804,SNOW,0,,,N,0930
US1TXAG0001,20120805,SNOW,0,,,N,0930
US1TXAG0001,20120806,SNOW,0,,,N,0930
US1TXAG0001,20120807,SNOW,0,,,N,0930
US1TXAG0001,20120809,SNOW,0,,,N,0930
US1TXAG0001,20120810,SNOW,0,,,N,0930
US1TXAG0001,20120811,SNOW,0,,,N,0930
US1TXAG0001,20120812,SNOW,0,,,N,0930
US1TXAG0001,20120813,SNOW,0,,,N,0930
US1TXAG0001,20120814,SNOW,0,,,N,0930
US1TXAG0001,20120815,SNOW,0,,,N,0930
US1TXAG0001,20120816,SNOW,0,,,N,0930
US1TXAG0001,20120817,SNOW,0,,,N,0930
US1TXAG0001,20120818,SNOW,0,,,N,0930
US1TXAG0001,20120820,SNOW,0,,,N,0930
US1TXAG0001,20120821,SNOW,0,,,N,0930
US1TXAG0001,20120823,SNOW,0,,,N,0930
US1TXAG0001,20120824,SNOW,0,,,N,0930
US1TXAG0001,20120825,SNOW,0,,,N,0930
US1TXAG0001,20120829,SNOW,0,,,N,0930
US1TXAG0001,20120830,SNOW,0,,,N,0930
US1TXAG0001,20120901,PRCP,8,,,N,0930
US1TXAG0001,20120902,PRCP,3,,,N,0800
US1TXAG0001,20120903,PRCP,0,,,N,0930
US1TXAG0001,20120904,PRCP,0,,,N,0930
US1TXAG0001,20120905,PRCP,0,,,N,0930
US1TXAG0001,20120906,PRCP,0,,,N,0930
US1TXAG0001,20120907,PRCP,0,,,N,0930
US1TXAG0001,20120908,PRCP,0,,,N,0930
US1TXAG0001,20120909,PRCP,0,,,N,0930
US1TXAG0001,20120910,PRCP,0,,,N,0930
US1TXAG0001,20120911,PRCP,0,,,N,0930
US1TXAG0001,20120912,PRCP,0,,,N,0930
US1TXAG0001,20120913,PRCP,0,T,,N,0800
US1TXAG0001,20120914,PRCP,76,,,N,0800
US1TXAG0001,20120915,PRCP,381,,,N,0800
US1TXAG0001,20120916,PRCP,0,,,N,0800
US1TXAG0001,20120917,PRCP,254,,,N,0800
US1TXAG0001,20120918,PRCP,124,,,N,0800
US1TXAG0001,20120919,PRCP,0,,,N,0930
US1TXAG0001,20120920,PRCP,0,,,N,0930
US1TXAG0001,20120921,PRCP,0,,,N,0930
US1TXAG0001,20120922,PRCP,0,,,N,0930
US1TXAG0001,20120923,PRCP,0,,,N,0930
US1TXAG0001,20120924,PRCP,0,,,N,0930
US1TXAG0001,20120925,PRCP,0,,,N,0930
US1TXAG0001,20120926,PRCP,0,,,N,0930
US1TXAG0001,20120927,PRCP,0,,,N,0930
US1TXAG0001,20120928,PRCP,0,,,N,0930
US1TXAG0001,20120929,PRCP,10,,,N,0800
US1TXAG0001,20120930,PRCP,1227,,,N,0720
US1TXAG0001,20120903,SNOW,0,,,N,0930
US1TXAG0001,20120904,SNOW,0,,,N,0930
US1TXAG0001,20120905,SNOW,0,,,N,0930
US1TXAG0001,20120906,SNOW,0,,,N,0930
US1TXAG0001,20120907,SNOW,0,,,N,0930
US1TXAG0001,20120908,SNOW,0,,,N,0930
US1TXAG0001,20120909,SNOW,0,,,N,0930
US1TXAG0001,20120910,SNOW,0,,,N,0930
US1TXAG0001,20120911,SNOW,0,,,N,0930
US1TXAG0001,20120912,SNOW,0,,,N,0930
US1TXAG0001,20120916,SNOW,0,,,N,0800
US1TXAG0001,20120919,SNOW,0,,,N,0930
US1TXAG0001,20120920,SNOW,0,,,N,0930
US1TXAG0001,20120921,SNOW,0,,,N,0930
US1TXAG0001,20120922,SNOW,0,,,N,0930
US1TXAG0001,20120923,SNOW,0,,,N,0930
US1TXAG0001,20120924,SNOW,0,,,N,0930
US1TXAG0001,20120925,SNOW,0,,,N,0930
US1TXAG0001,20120926,SNOW,0,,,N,0930
US1TXAG0001,20120927,SNOW,0,,,N,0930
US1TXAG0001,20120928,SNOW,0,,,N,0930
US1TXAG0001,20121001,PRCP,107,,,N,0800
US1TXAG0001,20121002,PRCP,0,,,N,0930
US1TXAG0001,20121003,PRCP,0,T,,N,0930
US1TXAG0001,20121004,PRCP,0,,,N,0930
US1TXAG0001,20121005,PRCP,0,,,N,0930
US1TXAG0001,20121006,PRCP,0,,,N,0930
US1TXAG0001,20121007,PRCP,0,,,N,0930
US1TXAG0001,20121008,PRCP,5,,,N,0800
US1TXAG0001,20121009,PRCP,0,,,N,0930
US1TXAG0001,20121010,PRCP,0,,,N,0930
US1TXAG0001,20121011,PRCP,0,,,N,0930
US1TXAG0001,20121012,PRCP,0,,,N,0930
US1TXAG0001,20121013,PRCP,0,,,N,0930
US1TXAG0001,20121014,PRCP,5,,,N,0800
US1TXAG0001,20121015,PRCP,0,,,N,0930
US1TXAG0001,20121016,PRCP,0,,,N,0930
US1TXAG0001,20121017,PRCP,28,,,N,0800
US1TXAG0001,20121018,PRCP,3,,,N,0800
US1TXAG0001,20121019,PRCP,0,,,N,0930
US1TXAG0001,20121020,PRCP,0,,,N,0930
US1TXAG0001,20121021,PRCP,0,,,N,0930
US1TXAG0001,20121022,PRCP,0,,,N,0930
US1TXAG0001,20121023,PRCP,0,,,N,0930
US1TXAG0001,20121024,PRCP,0,,,N,0930
US1TXAG0001,20121025,PRCP,0,,,N,0930
US1TXAG0001,20121026,PRCP,23,,,N,0830
US1TXAG0001,20121027,PRCP,8,,,N,0800
US1TXAG0001,20121028,PRCP,0,,,N,0930
US1TXAG0001,20121029,PRCP,0,,,N,0930
US1TXAG0001,20121030,PRCP,0,,,N,0930
US1TXAG0001,20121031,PRCP,0,,,N,0930
US1TXAG0001,20121002,SNOW,0,,,N,0930
US1TXAG0001,20121004,SNOW,0,,,N,0930
US1TXAG0001,20121005,SNOW,0,,,N,0930
US1TXAG0001,20121006,SNOW,0,,,N,0930
US1TXAG0001,20121007,SNOW,0,,,N,0930
US1TXAG0001,20121009,SNOW,0,,,N,0930
US1TXAG0001,20121010,SNOW,0,,,N,0930
US1TXAG0001,20121011,SNOW,0,,,N,0930
US1TXAG0001,20121012,SNOW,0,,,N,0930
US1TXAG0001,20121013,SNOW,0,,,N,0930
US1TXAG0001,20121015,SNOW,0,,,N,0930
US1TXAG0001,20121016,SNOW,0,,,N,0930
US1TXAG0001,20121019,SNOW,0,,,N,0930
US1TXAG0001,20121020,SNOW,0,,,N,0930
US1TXAG0001,20121021,SNOW,0,,,N,0930
US1TXAG0001,20121022,SNOW,0,,,N,0930
US1TXAG0001,20121023,SNOW,0,,,N,0930
US1TXAG0001,20121024,SNOW,0,,,N,0930
US1TXAG0001,20121025,SNOW,0,,,N,0930
US1TXAG0001,20121028,SNOW,0,,,N,0930
US1TXAG0001,20121029,SNOW,0,,,N,0930
US1TXAG0001,20121030,SNOW,0,,,N,0930
US1TXAG0001,20121031,SNOW,0,,,N,0930
US1TXAG0001,20121101,PRCP,0,,,N,0930
US1TXAG0001,20121102,PRCP,0,,,N,0930
US1TXAG0001,20121103,PRCP,0,,,N,0930
US1TXAG0001,20121104,PRCP,480,,,N,0800
US1TXAG0001,20121105,PRCP,0,,,N,0930
US1TXAG0001,20121106,PRCP,0,,,N,0930
US1TXAG0001,20121107,PRCP,0,,,N,0930
US1TXAG0001,20121108,PRCP,0,,,N,0930
US1TXAG0001,20121109,PRCP,0,,,N,0930
US1TXAG0001,20121110,PRCP,0,,,N,0930
US1TXAG0001,20121111,PRCP,28,,,N,0800
US1TXAG0001,20121112,PRCP,38,,,N,0800
US1TXAG0001,20121113,PRCP,0,,,N,0930
US1TXAG0001,20121114,PRCP,0,,,N,0930
US1TXAG0001,20121115,PRCP,0,,,N,0930
US1TXAG0001,20121116,PRCP,0,,,N,0930
US1TXAG0001,20121117,PRCP,0,,,N,0930
US1TXAG0001,20121118,PRCP,0,,,N,0930
US1TXAG0001,20121119,PRCP,0,,,N,0930
US1TXAG0001,20121120,PRCP,0,,,N,0930
US1TXAG0001,20121121,PRCP,0,,,N,0930
US1TXAG0001,20121122,PRCP,0,,,N,0930
US1TXAG0001,20121123,PRCP,0,,,N,0930
US1TXAG0001,20121124,PRCP,0,T,,N,0800
US1TXAG0001,20121125,PRCP,0,,,N,0930
US1TXAG0001,20121126,PRCP,0,,,N,0930
US1TXAG0001,20121127,PRCP,30,,,N,0800
US1TXAG0001,20121128,PRCP,0,,,N,0930
US1TXAG0001,20121129,PRCP,0,,,N,0930
US1TXAG0001,20121130,PRCP,3,,,N,0800
US1TXAG0001,20121101,SNOW,0,,,N,0930
US1TXAG0001,20121102,SNOW,0,,,N,0930
US1TXAG0001,20121103,SNOW,0,,,N,0930
US1TXAG0001,20121105,SNOW,0,,,N,0930
US1TXAG0001,20121106,SNOW,0,,,N,0930
US1TXAG0001,20121107,SNOW,0,,,N,0930
US1TXAG0001,20121108,SNOW,0,,,N,0930
US1TXAG0001,20121109,SNOW,0,,,N,0930
US1TXAG0001,20121110,SNOW,0,,,N,0930
US1TXAG0001,20121113,SNOW,0,,,N,0930
US1TXAG0001,20121114,SNOW,0,,,N,0930
US1TXAG0001,20121115,SNOW,0,,,N,0930
US1TXAG0001,20121116,SNOW,0,,,N,0930
US1TXAG0001,20121117,SNOW,0,,,N,0930
US1TXAG0001,20121118,SNOW,0,,,N,0930
US1TXAG0001,20121119,SNOW,0,,,N,0930
US1TXAG0001,20121120,SNOW,0,,,N,0930
US1TXAG0001,20121121,SNOW,0,,,N,0930
US1TXAG0001,20121122,SNOW,0,,,N,0930
US1TXAG0001,20121123,SNOW,0,,,N,0930
US1TXAG0001,20121125,SNOW,0,,,N,0930
US1TXAG0001,20121126,SNOW,0,,,N,0930
US1TXAG0001,20121128,SNOW,0,,,N,0930
US1TXAG0001,20121129,SNOW,0,,,N,0930
US1TXAG0001,20121201,PRCP,0,T,,N,0800
US1TXAG0001,20121202,PRCP,0,,,N,0930
US1TXAG0001,20121203,PRCP,3,,,N,0840
US1TXAG0001,20121204,PRCP,3,,,N,0800
US1TXAG0001,20121205,PRCP,10,,,N,0820
US1TXAG0001,20121206,PRCP,0,T,,N,0800
US1TXAG0001,20121207,PRCP,0,,,N,0930
US1TXAG0001,20121208,PRCP,0,,,N,0930
US1TXAG0001,20121209,PRCP,0,T,,N,0800
US1TXAG0001,20121210,PRCP,170,,,N,0800
US1TXAG0001,20121211,PRCP,0,,,N,0930
US1TXAG0001,20121212,PRCP,0,,,N,0930
US1TXAG0001,20121218,PRCP,0,,,N,0930
US1TXAG0001,20121219,PRCP,0,,,N,0930
US1TXAG0001,20121220,PRCP,41,,,N,0816
US1TXAG0001,20121221,PRCP,0,,,N,0930
US1TXAG0001,20121222,PRCP,0,,,N,0930
US1TXAG0001,20121223,PRCP,0,,,N,0930
US1TXAG0001,20121224,PRCP,0,,,N,0930
US1TXAG0001,20121229,PRCP,0,T,,N,0830
US1TXAG0001,20121230,PRCP,0,,,N,0930
US1TXAG0001,20121231,PRCP,0,,,N,0930
US1TXAG0001,20121202,SNOW,0,,,N,0930
US1TXAG0001,20121207,SNOW,0,,,N,0930
US1TXAG0001,20121208,SNOW,0,,,N,0930
US1TXAG0001,20121211,SNOW,0,,,N,0930
US1TXAG0001,20121212,SNOW,0,,,N,0930
US1TXAG0001,20121218,SNOW,0,,,N,0930
US1TXAG0001,20121219,SNOW,0,,,N,0930
US1TXAG0001,20121221,SNOW,0,,,N,0930
US1TXAG0001,20121222,SNOW,0,,,N,0930
US1TXAG0001,20121223,SNOW,0,,,N,0930
US1TXAG0001,20121224,SNOW,0,,,N,0930
US1TXAG0001,20121230,SNOW,0,,,N,0930
US1TXAG0001,20121231,SNOW,0,,,N,0930
US1TXAG0001,20121217,DAPR,5,,,N,0800
US1TXAG0001,20121228,DAPR,4,,,N,0835
US1TXAG0001,20121217,MDPR,185,,,N,0800
US1TXAG0001,20121228,MDPR,282,,,N,0835
US1TXAG0001,20130101,PRCP,259,,,N,0835
US1TXAG0001,20130102,PRCP,0,T,,N,0800
US1TXAG0001,20130103,PRCP,0,,,N,0930
US1TXAG0001,20130104,PRCP,3,,,N,0812
US1TXAG0001,20130105,PRCP,58,,,N,0816
US1TXAG0001,20130106,PRCP,28,,,N,0800
US1TXAG0001,20130107,PRCP,0,,,N,0930
US1TXAG0001,20130108,PRCP,8,,,N,0806
US1TXAG0001,20130109,PRCP,274,,,N,0812
US1TXAG0001,20130110,PRCP,201,,,N,0800
US1TXAG0001,20130111,PRCP,0,,,N,0930
US1TXAG0001,20130112,PRCP,3,,,N,0800
US1TXAG0001,20130113,PRCP,511,,,N,0715
US1TXAG0001,20130114,PRCP,25,,,N,0800
US1TXAG0001,20130115,PRCP,30,,,N,0856
US1TXAG0001,20130116,PRCP,13,,,N,0754
US1TXAG0001,20130117,PRCP,0,,,N,0930
US1TXAG0001,20130118,PRCP,0,,,N,0930
US1TXAG0001,20130119,PRCP,0,,,N,0930
US1TXAG0001,20130120,PRCP,0,,,N,0930
US1TXAG0001,20130121,PRCP,0,,,N,0930
US1TXAG0001,20130122,PRCP,0,,,N,0930
US1TXAG0001,20130123,PRCP,0,,,N,0930
US1TXAG0001,20130124,PRCP,0,,,N,0930
US1TXAG0001,20130125,PRCP,0,,,N,0930
US1TXAG0001,20130126,PRCP,0,,,N,0930
US1TXAG0001,20130127,PRCP,0,,,N,0930
US1TXAG0001,20130128,PRCP,3,,,N,0800
US1TXAG0001,20130129,PRCP,5,,,N,0800
US1TXAG0001,20130130,PRCP,74,,,N,0715
US1TXAG0001,20130131,PRCP,0,,,N,0930
US1TXAG0001,20130103,SNOW,0,,,N,0930
US1TXAG0001,20130107,SNOW,0,,,N,0930
US1TXAG0001,20130111,SNOW,0,,,N,0930
US1TXAG0001,20130117,SNOW,0,,,N,0930
US1TXAG0001,20130118,SNOW,0,,,N,0930
US1TXAG0001,20130119,SNOW,0,,,N,0930
US1TXAG0001,20130120,SNOW,0,,,N,0930
US1TXAG0001,20130121,SNOW,0,,,N,0930
US1TXAG0001,20130122,SNOW,0,,,N,0930
US1TXAG0001,20130123,SNOW,0,,,N,0930
US1TXAG0001,20130124,SNOW,0,,,N,0930
US1TXAG0001,20130125,SNOW,0,,,N,0930
US1TXAG0001,20130126,SNOW,0,,,N,0930
US1TXAG0001,20130127,SNOW,0,,,N,0930
US1TXAG0001,20130131,SNOW,0,,,N,0930
US1TXAG0001,20130201,PRCP,0,,,N,0930
US1TXAG0001,20130202,PRCP,0,,,N,0930
US1TXAG0001,20130203,PRCP,0,,,N,0930
US1TXAG0001,20130204,PRCP,0,,,N,0930
US1TXAG0001,20130205,PRCP,5,,,N,0800
US1TXAG0001,20130206,PRCP,0,,,N,0930
US1TXAG0001,20130207,PRCP,226,,,N,0800
US1TXAG0001,20130208,PRCP,0,,,N,0930
US1TXAG0001,20130209,PRCP,0,,,N,0930
US1TXAG0001,20130210,PRCP,36,,,N,0803
US1TXAG0001,20130211,PRCP,224,,,N,0752
US1TXAG0001,20130212,PRCP,36,,,N,0800
US1TXAG0001,20130213,PRCP,53,,,N,0805
US1TXAG0001,20130214,PRCP,0,,,N,0930
US1TXAG0001,20130215,PRCP,0,,,N,0930
US1TXAG0001,20130216,PRCP,0,,,N,0930
US1TXAG0001,20130217,PRCP,0,,,N,0930
US1TXAG0001,20130218,PRCP,0,,,N,0930
US1TXAG0001,20130219,PRCP,89,,,N,0800
US1TXAG0001,20130220,PRCP,13,,,N,0759
US1TXAG0001,20130221,PRCP,15,,,N,0805
US1TXAG0001,20130222,PRCP,79,,,N,0800
US1TXAG0001,20130223,PRCP,0,,,N,0930
US1TXAG0001,20130224,PRCP,0,,,N,0930
US1TXAG0001,20130225,PRCP,0,,,N,0930
US1TXAG0001,20130226,PRCP,3,,,N,0800
US1TXAG0001,20130227,PRCP,0,,,N,0930
US1TXAG0001,20130228,PRCP,0,,,N,0930
US1TXAG0001,20130201,SNOW,0,,,N,0930
US1TXAG0001,20130202,SNOW,0,,,N,0930
US1TXAG0001,20130203,SNOW,0,,,N,0930
US1TXAG0001,20130204,SNOW,0,,,N,0930
US1TXAG0001,20130206,SNOW,0,,,N,0930
US1TXAG0001,20130208,SNOW,0,,,N,0930
US1TXAG0001,20130209,SNOW,0,,,N,0930
US1TXAG0001,20130214,SNOW,0,,,N,0930
US1TXAG0001,20130215,SNOW,0,,,N,0930
US1TXAG0001,20130216,SNOW,0,,,N,0930
US1TXAG0001,20130217,SNOW,0,,,N,0930
US1TXAG0001,20130218,SNOW,0,,,N,0930
US1TXAG0001,20130223,SNOW,0,,,N,0930
US1TXAG0001,20130224,SNOW,0,,,N,0930
US1TXAG0001,20130225,SNOW,0,,,N,0930
US1TXAG0001,20130227,SNOW,0,,,N,0930
US1TXAG0001,20130228,SNOW,0,,,N,0930
US1TXAG0001,20130301,PRCP,0,,,N,0930
US1TXAG0001,20130302,PRCP,0,,,N,0930
US1TXAG0001,20130303,PRCP,0,,,N,0930
US1TXAG0001,20130304,PRCP,0,,,N,0930
US1TXAG0001,20130305,PRCP,0,,,N,0930
US1TXAG0001,20130306,PRCP,0,,,N,0930
US1TXAG0001,20130307,PRCP,0,,,N,0930
US1TXAG0001,20130308,PRCP,0,,,N,0930
US1TXAG0001,20130309,PRCP,0,,,N,0930
US1TXAG0001,20130310,PRCP,259,,,N,0757
US1TXAG0001,20130311,PRCP,61,,,N,0800
US1TXAG0001,20130312,PRCP,0,,,N,0930
US1TXAG0001,20130313,PRCP,0,,,N,0930
US1TXAG0001,20130314,PRCP,0,,,N,0930
US1TXAG0001,20130315,PRCP,0,,,N,0930
US1TXAG0001,20130316,PRCP,0,,,N,0930
US1TXAG0001,20130317,PRCP,0,,,N,0930
US1TXAG0001,20130318,PRCP,0,,,N,0930
US1TXAG0001,20130319,PRCP,0,,,N,0930
US1TXAG0001,20130320,PRCP,91,,,N,0800
US1TXAG0001,20130321,PRCP,0,,,N,0930
US1TXAG0001,20130322,PRCP,0,,,N,0930
US1TXAG0001,20130323,PRCP,0,,,N,0930
US1TXAG0001,20130324,PRCP,0,,,N,0930
US1TXAG0001,20130325,PRCP,0,,,N,0930
US1TXAG0001,20130326,PRCP,0,,,N,0930
US1TXAG0001,20130327,PRCP,0,,,N,0930
US1TXAG0001,20130328,PRCP,0,,,N,0930
US1TXAG0001,20130329,PRCP,0,,,N,0930
US1TXAG0001,20130330,PRCP,102,,,N,0800
US1TXAG0001,20130331,PRCP,0,,,N,0930
US1TXAG0001,20130301,SNOW,0,,,N,0930
US1TXAG0001,20130302,SNOW,0,,,N,0930
US1TXAG0001,20130303,SNOW,0,,,N,0930
US1TXAG0001,20130304,SNOW,0,,,N,0930
US1TXAG0001,20130305,SNOW,0,,,N,0930
US1TXAG0001,20130306,SNOW,0,,,N,0930
US1TXAG0001,20130307,SNOW,0,,,N,0930
US1TXAG0001,20130308,SNOW,0,,,N,0930
US1TXAG0001,20130309,SNOW,0,,,N,0930
US1TXAG0001,20130312,SNOW,0,,,N,0930
US1TXAG0001,20130313,SNOW,0,,,N,0930
US1TXAG0001,20130314,SNOW,0,,,N,0930
US1TXAG0001,20130315,SNOW,0,,,N,0930
US1TXAG0001,20130316,SNOW,0,,,N,0930
US1TXAG0001,20130317,SNOW,0,,,N,0930
US1TXAG0001,20130318,SNOW,0,,,N,0930
US1TXAG0001,20130319,SNOW,0,,,N,0930
US1TXAG0001,20130321,SNOW,0,,,N,0930
US1TXAG0001,20130322,SNOW,0,,,N,0930
US1TXAG0001,20130323,SNOW,0,,,N,0930
US1TXAG0001,20130324,SNOW,0,,,N,0930
US1TXAG0001,20130325,SNOW,0,,,N,0930
US1TXAG0001,20130326,SNOW,0,,,N,0930
US1TXAG0001,20130327,SNOW,0,,,N,0930
US1TXAG0001,20130328,SNOW,0,,,N,0930
US1TXAG0001,20130329,SNOW,0,,,N,0930
US1TXAG0001,20130331,SNOW,0,,,N,0930
US1TXAG0001,20130401,PRCP,262,,,N,0800
US1TXAG0001,20130402,PRCP,0,,,N,0930
US1TXAG0001,20130403,PRCP,246,,,N,0804
US1TXAG0001,20130404,PRCP,13,,,N,0800
US1TXAG0001,20130405,PRCP,0,,,N,0930
US1TXAG0001,20130406,PRCP,0,,,N,0930
US1TXAG0001,20130407,PRCP,0,,,N,0930
US1TXAG0001,20130408,PRCP,0,,,N,0930
US1TXAG0001,20130409,PRCP,0,,,N,0930
US1TXAG0001,20130410,PRCP,0,,,N,0930
US1TXAG0001,20130411,PRCP,104,,,N,0825
US1TXAG0001,20130412,PRCP,0,,,N,0930
US1TXAG0001,20130413,PRCP,0,,,N,0930
US1TXAG0001,20130414,PRCP,0,,,N,0930
US1TXAG0001,20130415,PRCP,0,,,N,0930
US1TXAG0001,20130416,PRCP,0,,,N,0930
US1TXAG0001,20130417,PRCP,0,,,N,0930
US1TXAG0001,20130418,PRCP,0,,,N,0930
US1TXAG0001,20130419,PRCP,94,,,N,0930
US1TXAG0001,20130420,PRCP,0,,,N,0930
US1TXAG0001,20130421,PRCP,0,,,N,0930
US1TXAG0001,20130422,PRCP,0,,,N,0930
US1TXAG0001,20130423,PRCP,0,,,N,0930
US1TXAG0001,20130424,PRCP,0,,,N,0930
US1TXAG0001,20130425,PRCP,0,,,N,0930
US1TXAG0001,20130426,PRCP,0,,,N,0930
US1TXAG0001,20130427,PRCP,0,,,N,0930
US1TXAG0001,20130428,PRCP,43,,,N,0830
US1TXAG0001,20130429,PRCP,0,,,N,0930
US1TXAG0001,20130430,PRCP,0,,,N,0930
US1TXAG0001,20130402,SNOW,0,,,N,0930
US1TXAG0001,20130405,SNOW,0,,,N,0930
US1TXAG0001,20130406,SNOW,0,,,N,0930
US1TXAG0001,20130407,SNOW,0,,,N,0930
US1TXAG0001,20130408,SNOW,0,,,N,0930
US1TXAG0001,20130409,SNOW,0,,,N,0930
US1TXAG0001,20130410,SNOW,0,,,N,0930
US1TXAG0001,20130412,SNOW,0,,,N,0930
US1TXAG0001,20130413,SNOW,0,,,N,0930
US1TXAG0001,20130414,SNOW,0,,,N,0930
US1TXAG0001,20130415,SNOW,0,,,N,0930
US1TXAG0001,20130416,SNOW,0,,,N,0930
US1TXAG0001,20130417,SNOW,0,,,N,0930
US1TXAG0001,20130418,SNOW,0,,,N,0930
US1TXAG0001,20130420,SNOW,0,,,N,0930
US1TXAG0001,20130421,SNOW,0,,,N,0930
US1TXAG0001,20130422,SNOW,0,,,N,0930
US1TXAG0001,20130423,SNOW,0,,,N,0930
US1TXAG0001,20130424,SNOW,0,,,N,0930
US1TXAG0001,20130425,SNOW,0,,,N,0930
US1TXAG0001,20130426,SNOW,0,,,N,0930
US1TXAG0001,20130427,SNOW,0,,,N,0930
US1TXAG0001,20130429,SNOW,0,,,N,0930
US1TXAG0001,20130430,SNOW,0,,,N,0930
US1TXAG0001,20130501,PRCP,43,,,N,0800
US1TXAG0001,20130502,PRCP,0,T,,N,0930
US1TXAG0001,20130503,PRCP,0,,,N,0930
US1TXAG0001,20130504,PRCP,0,,,N,0930
US1TXAG0001,20130505,PRCP,0,,,N,0930
US1TXAG0001,20130506,PRCP,0,,,N,0930
US1TXAG0001,20130507,PRCP,0,,,N,0930
US1TXAG0001,20130508,PRCP,0,,,N,0930
US1TXAG0001,20130509,PRCP,0,,,N,0930
US1TXAG0001,20130510,PRCP,175,,,N,0800
US1TXAG0001,20130511,PRCP,20,,,N,0800
US1TXAG0001,20130512,PRCP,0,,,N,0930
US1TXAG0001,20130513,PRCP,0,,,N,0930
US1TXAG0001,20130514,PRCP,0,,,N,0930
US1TXAG0001,20130515,PRCP,0,,,N,0930
US1TXAG0001,20130516,PRCP,208,,,N,0800
US1TXAG0001,20130517,PRCP,0,,,N,0930
US1TXAG0001,20130518,PRCP,0,,,N,0930
US1TXAG0001,20130519,PRCP,0,,,N,0930
US1TXAG0001,20130520,PRCP,0,,,N,0930
US1TXAG0001,20130521,PRCP,0,,,N,0930
US1TXAG0001,20130522,PRCP,211,,,N,0800
US1TXAG0001,20130523,PRCP,0,,,N,0930
US1TXAG0001,20130524,PRCP,0,,,N,0930
US1TXAG0001,20130525,PRCP,5,,,N,0930
US1TXAG0001,20130526,PRCP,58,,,N,0805
US1TXAG0001,20130527,PRCP,41,,,N,0800
US1TXAG0001,20130528,PRCP,0,,,N,0930
US1TXAG0001,20130529,PRCP,0,,,N,0930
US1TXAG0001,20130530,PRCP,0,,,N,0930
US1TXAG0001,20130531,PRCP,0,,,N,0930
US1TXAG0001,20130502,SNOW,0,,,N,0930
US1TXAG0001,20130503,SNOW,0,,,N,0930
US1TXAG0001,20130504,SNOW,0,,,N,0930
US1TXAG0001,20130505,SNOW,0,,,N,0930
US1TXAG0001,20130506,SNOW,0,,,N,0930
US1TXAG0001,20130507,SNOW,0,,,N,0930
US1TXAG0001,20130508,SNOW,0,,,N,0930
US1TXAG0001,20130509,SNOW,0,,,N,0930
US1TXAG0001,20130512,SNOW,0,,,N,0930
US1TXAG0001,20130513,SNOW,0,,,N,0930
US1TXAG0001,20130514,SNOW,0,,,N,0930
US1TXAG0001,20130515,SNOW,0,,,N,0930
US1TXAG0001,20130517,SNOW,0,,,N,0930
US1TXAG0001,20130518,SNOW,0,,,N,0930
US1TXAG0001,20130519,SNOW,0,,,N,0930
US1TXAG0001,20130520,SNOW,0,,,N,0930
US1TXAG0001,20130521,SNOW,0,,,N,0930
US1TXAG0001,20130523,SNOW,0,,,N,0930
US1TXAG0001,20130524,SNOW,0,,,N,0930
US1TXAG0001,20130528,SNOW,0,,,N,0930
US1TXAG0001,20130529,SNOW,0,,,N,0930
US1TXAG0001,20130530,SNOW,0,,,N,0930
US1TXAG0001,20130531,SNOW,0,,,N,0930
US1TXAG0001,20130601,PRCP,0,,,N,0930
US1TXAG0001,20130602,PRCP,714,,,N,0800
US1TXAG0001,20130603,PRCP,18,,,N,0800
US1TXAG0001,20130604,PRCP,0,,,N,0930
US1TXAG0001,20130605,PRCP,0,,,N,0930
US1TXAG0001,20130606,PRCP,0,,,N,0930
US1TXAG0001,20130607,PRCP,340,,,N,0800
US1TXAG0001,20130608,PRCP,0,,,N,0930
US1TXAG0001,20130609,PRCP,0,,,N,0930
US1TXAG0001,20130610,PRCP,0,,,N,0930
US1TXAG0001,20130611,PRCP,0,,,N,0930
US1TXAG0001,20130612,PRCP,0,,,N,0930
US1TXAG0001,20130613,PRCP,0,,,N,0930
US1TXAG0001,20130614,PRCP,0,,,N,0930
US1TXAG0001,20130615,PRCP,130,,,N,0800
US1TXAG0001,20130616,PRCP,33,,,N,0700
US1TXAG0001,20130617,PRCP,0,,,N,0800
US1TXAG0001,20130618,PRCP,0,,,N,0930
US1TXAG0001,20130619,PRCP,0,T,,N,0600
US1TXAG0001,20130620,PRCP,0,,,N,0930
US1TXAG0001,20130621,PRCP,0,,,N,0930
US1TXAG0001,20130622,PRCP,0,,,N,0930
US1TXAG0001,20130623,PRCP,0,,,N,0930
US1TXAG0001,20130624,PRCP,0,,,N,0930
US1TXAG0001,20130625,PRCP,0,,,N,0930
US1TXAG0001,20130626,PRCP,0,,,N,0930
US1TXAG0001,20130627,PRCP,0,,,N,0930
US1TXAG0001,20130628,PRCP,0,,,N,0930
US1TXAG0001,20130629,PRCP,0,,,N,0930
US1TXAG0001,20130630,PRCP,0,,,N,0930
US1TXAG0001,20130601,SNOW,0,,,N,0930
US1TXAG0001,20130604,SNOW,0,,,N,0930
US1TXAG0001,20130605,SNOW,0,,,N,0930
US1TXAG0001,20130606,SNOW,0,,,N,0930
US1TXAG0001,20130608,SNOW,0,,,N,0930
US1TXAG0001,20130609,SNOW,0,,,N,0930
US1TXAG0001,20130610,SNOW,0,,,N,0930
US1TXAG0001,20130611,SNOW,0,,,N,0930
US1TXAG0001,20130612,SNOW,0,,,N,0930
US1TXAG0001,20130613,SNOW,0,,,N,0930
US1TXAG0001,20130614,SNOW,0,,,N,0930
US1TXAG0001,20130617,SNOW,0,,,N,0800
US1TXAG0001,20130618,SNOW,0,,,N,0930
US1TXAG0001,20130620,SNOW,0,,,N,0930
US1TXAG0001,20130621,SNOW,0,,,N,0930
US1TXAG0001,20130622,SNOW,0,,,N,0930
US1TXAG0001,20130623,SNOW,0,,,N,0930
US1TXAG0001,20130624,SNOW,0,,,N,0930
US1TXAG0001,20130625,SNOW,0,,,N,0930
US1TXAG0001,20130626,SNOW,0,,,N,0930
US1TXAG0001,20130627,SNOW,0,,,N,0930
US1TXAG0001,20130628,SNOW,0,,,N,0930
US1TXAG0001,20130629,SNOW,0,,,N,0930
US1TXAG0001,20130630,SNOW,0,,,N,0930
US1TXAG0001,20130701,PRCP,0,,,N,0930
US1TXAG0001,20130702,PRCP,0,,,N,0930
US1TXAG0001,20130703,PRCP,0,,,N,0930
US1TXAG0001,20130704,PRCP,0,,,N,0930
US1TXAG0001,20130705,PRCP,0,,,N,0930
US1TXAG0001,20130706,PRCP,0,,,N,0930
US1TXAG0001,20130707,PRCP,0,,,N,0930
US1TXAG0001,20130708,PRCP,10,,,N,0800
US1TXAG0001,20130709,PRCP,20,,,N,0800
US1TXAG0001,20130710,PRCP,0,,,N,0930
US1TXAG0001,20130711,PRCP,0,,,N,0930
US1TXAG0001,20130712,PRCP,0,,,N,0930
US1TXAG0001,20130713,PRCP,0,,,N,0930
US1TXAG0001,20130714,PRCP,0,,,N,0930
US1TXAG0001,20130715,PRCP,64,,,N,0800
US1TXAG0001,20130716,PRCP,127,,,N,0800
US1TXAG0001,20130717,PRCP,15,,,N,0800
US1TXAG0001,20130718,PRCP,15,,,N,0800
US1TXAG0001,20130719,PRCP,0,,,N,0930
US1TXAG0001,20130720,PRCP,81,,,N,0800
US1TXAG0001,20130721,PRCP,0,,,N,0930
US1TXAG0001,20130722,PRCP,38,,,N,0800
US1TXAG0001,20130723,PRCP,0,,,N,0930
US1TXAG0001,20130724,PRCP,28,,,N,0800
US1TXAG0001,20130725,PRCP,0,,,N,0930
US1TXAG0001,20130726,PRCP,0,,,N,0930
US1TXAG0001,20130727,PRCP,46,,,N,0800
US1TXAG0001,20130728,PRCP,0,,,N,0930
US1TXAG0001,20130729,PRCP,0,,,N,0930
US1TXAG0001,20130730,PRCP,0,,,N,0930
US1TXAG0001,20130731,PRCP,0,,,N,0930
US1TXAG0001,20130701,SNOW,0,,,N,0930
US1TXAG0001,20130702,SNOW,0,,,N,0930
US1TXAG0001,20130703,SNOW,0,,,N,0930
US1TXAG0001,20130704,SNOW,0,,,N,0930
US1TXAG0001,20130705,SNOW,0,,,N,0930
US1TXAG0001,20130706,SNOW,0,,,N,0930
US1TXAG0001,20130707,SNOW,0,,,N,0930
US1TXAG0001,20130710,SNOW,0,,,N,0930
US1TXAG0001,20130711,SNOW,0,,,N,0930
US1TXAG0001,20130712,SNOW,0,,,N,0930
US1TXAG0001,20130713,SNOW,0,,,N,0930
US1TXAG0001,20130714,SNOW,0,,,N,0930
US1TXAG0001,20130719,SNOW,0,,,N,0930
US1TXAG0001,20130721,SNOW,0,,,N,0930
US1TXAG0001,20130723,SNOW,0,,,N,0930
US1TXAG0001,20130725,SNOW,0,,,N,0930
US1TXAG0001,20130726,SNOW,0,,,N,0930
US1TXAG0001,20130728,SNOW,0,,,N,0930
US1TXAG0001,20130729,SNOW,0,,,N,0930
US1TXAG0001,20130730,SNOW,0,,,N,0930
US1TXAG0001,20130731,SNOW,0,,,N,0930
US1TXAG0001,20130801,PRCP,0,,,N,0930
US1TXAG0001,20130802,PRCP,0,,,N,0930
US1TXAG0001,20130803,PRCP,0,,,N,0930
US1TXAG0001,20130804,PRCP,0,,,N,0930
US1TXAG0001,20130805,PRCP,0,,,N,0930
US1TXAG0001,20130806,PRCP,0,,,N,0930
US1TXAG0001,20130807,PRCP,0,,,N,0930
US1TXAG0001,20130808,PRCP,0,,,N,0930
US1TXAG0001,20130809,PRCP,0,,,N,0930
US1TXAG0001,20130810,PRCP,0,,,N,0930
US1TXAG0001,20130811,PRCP,91,,,N,0800
US1TXAG0001,20130812,PRCP,0,,,N,0930
US1TXAG0001,20130813,PRCP,0,,,N,0930
US1TXAG0001,20130814,PRCP,0,,,N,0930
US1TXAG0001,20130815,PRCP,3,,,N,0800
US1TXAG0001,20130816,PRCP,0,,,N,0930
US1TXAG0001,20130817,PRCP,3,,,N,0800
US1TXAG0001,20130818,PRCP,0,,,N,0800
US1TXAG0001,20130819,PRCP,0,,,N,0930
US1TXAG0001,20130820,PRCP,0,,,N,0930
US1TXAG0001,20130821,PRCP,0,,,N,0930
US1TXAG0001,20130822,PRCP,0,,,N,0930
US1TXAG0001,20130823,PRCP,0,,,N,0930
US1TXAG0001,20130824,PRCP,5,,,N,0800
US1TXAG0001,20130825,PRCP,0,,,N,0930
US1TXAG0001,20130826,PRCP,0,,,N,0930
US1TXAG0001,20130827,PRCP,23,,,N,0800
US1TXAG0001,20130828,PRCP,0,,,N,0930
US1TXAG0001,20130829,PRCP,0,,,N,0930
US1TXAG0001,20130830,PRCP,0,,,N,0930
US1TXAG0001,20130831,PRCP,0,,,N,0930
US1TXAG0001,20130801,SNOW,0,,,N,0930
US1TXAG0001,20130802,SNOW,0,,,N,0930
US1TXAG0001,20130803,SNOW,0,,,N,0930
US1TXAG0001,20130804,SNOW,0,,,N,0930
US1TXAG0001,20130805,SNOW,0,,,N,0930
US1TXAG0001,20130806,SNOW,0,,,N,0930
US1TXAG0001,20130807,SNOW,0,,,N,0930
US1TXAG0001,20130808,SNOW,0,,,N,0930
US1TXAG0001,20130809,SNOW,0,,,N,0930
US1TXAG0001,20130810,SNOW,0,,,N,0930
US1TXAG0001,20130812,SNOW,0,,,N,0930
US1TXAG0001,20130813,SNOW,0,,,N,0930
US1TXAG0001,20130814,SNOW,0,,,N,0930
US1TXAG0001,20130816,SNOW,0,,,N,0930
US1TXAG0001,20130818,SNOW,0,,,N,0800
US1TXAG0001,20130819,SNOW,0,,,N,0930
US1TXAG0001,20130820,SNOW,0,,,N,0930
US1TXAG0001,20130821,SNOW,0,,,N,0930
US1TXAG0001,20130822,SNOW,0,,,N,0930
US1TXAG0001,20130823,SNOW,0,,,N,0930
US1TXAG0001,20130825,SNOW,0,,,N,0930
US1TXAG0001,20130826,SNOW,0,,,N,0930
US1TXAG0001,20130828,SNOW,0,,,N,0930
US1TXAG0001,20130829,SNOW,0,,,N,0930
US1TXAG0001,20130830,SNOW,0,,,N,0930
US1TXAG0001,20130831,SNOW,0,,,N,0930
US1TXAG0001,20130901,PRCP,0,,,N,0930
US1TXAG0001,20130902,PRCP,0,,,N,0930
US1TXAG0001,20130903,PRCP,0,T,,N,0800
US1TXAG0001,20130904,PRCP,8,,,N,0800
US1TXAG0001,20130905,PRCP,23,,,N,0800
US1TXAG0001,20130906,PRCP,0,,,N,0930
US1TXAG0001,20130907,PRCP,0,,,N,0930
US1TXAG0001,20130908,PRCP,0,,,N,0930
US1TXAG0001,20130909,PRCP,0,,,N,0930
US1TXAG0001,20130910,PRCP,0,,,N,0930
US1TXAG0001,20130911,PRCP,0,,,N,0930
US1TXAG0001,20130912,PRCP,0,,,N,0930
US1TXAG0001,20130913,PRCP,0,,,N,0930
US1TXAG0001,20130914,PRCP,0,,,N,0930
US1TXAG0001,20130915,PRCP,0,,,N,0930
US1TXAG0001,20130916,PRCP,0,,,N,0930
US1TXAG0001,20130917,PRCP,0,,,N,0930
US1TXAG0001,20130918,PRCP,0,,,N,0930
US1TXAG0001,20130919,PRCP,0,,,N,0930
US1TXAG0001,20130920,PRCP,127,,,N,0955
US1TXAG0001,20130921,PRCP,841,,,N,0800
US1TXAG0001,20130922,PRCP,0,,,N,0930
US1TXAG0001,20130923,PRCP,0,,,N,0930
US1TXAG0001,20130924,PRCP,0,,,N,0930
US1TXAG0001,20130925,PRCP,0,,,N,0930
US1TXAG0001,20130926,PRCP,0,,,N,0930
US1TXAG0001,20130927,PRCP,0,,,N,0930
US1TXAG0001,20130928,PRCP,0,,,N,0930
US1TXAG0001,20130929,PRCP,277,,,N,0803
US1TXAG0001,20130930,PRCP,94,,,N,0930
US1TXAG0001,20130901,SNOW,0,,,N,0930
US1TXAG0001,20130902,SNOW,0,,,N,0930
US1TXAG0001,20130906,SNOW,0,,,N,0930
US1TXAG0001,20130907,SNOW,0,,,N,0930
US1TXAG0001,20130908,SNOW,0,,,N,0930
US1TXAG0001,20130909,SNOW,0,,,N,0930
US1TXAG0001,20130910,SNOW,0,,,N,0930
US1TXAG0001,20130911,SNOW,0,,,N,0930
US1TXAG0001,20130912,SNOW,0,,,N,0930
US1TXAG0001,20130913,SNOW,0,,,N,0930
US1TXAG0001,20130914,SNOW,0,,,N,0930
US1TXAG0001,20130915,SNOW,0,,,N,0930
US1TXAG0001,20130916,SNOW,0,,,N,0930
US1TXAG0001,20130917,SNOW,0,,,N,0930
US1TXAG0001,20130918,SNOW,0,,,N,0930
US1TXAG0001,20130919,SNOW,0,,,N,0930
US1TXAG0001,20130922,SNOW,0,,,N,0930
US1TXAG0001,20130923,SNOW,0,,,N,0930
US1TXAG0001,20130924,SNOW,0,,,N,0930
US1TXAG0001,20130925,SNOW,0,,,N,0930
US1TXAG0001,20130926,SNOW,0,,,N,0930
US1TXAG0001,20130927,SNOW,0,,,N,0930
US1TXAG0001,20130928,SNOW,0,,,N,0930
US1TXAG0001,20131001,PRCP,0,,,N,0930
US1TXAG0001,20131002,PRCP,0,,,N,0930
US1TXAG0001,20131003,PRCP,0,,,N,0930
US1TXAG0001,20131004,PRCP,20,,,N,0800
US1TXAG0001,20131005,PRCP,0,,,N,0930
US1TXAG0001,20131006,PRCP,0,,,N,0930
US1TXAG0001,20131007,PRCP,0,,,N,0930
US1TXAG0001,20131008,PRCP,0,,,N,0930
US1TXAG0001,20131009,PRCP,0,,,N,0930
US1TXAG0001,20131010,PRCP,0,,,N,0930
US1TXAG0001,20131011,PRCP,0,,,N,0930
US1TXAG0001,20131012,PRCP,0,,,N,0930
US1TXAG0001,20131013,PRCP,389,,,N,0800
US1TXAG0001,20131014,PRCP,0,,,N,0930
US1TXAG0001,20131015,PRCP,0,,,N,0930
US1TXAG0001,20131016,PRCP,127,,,N,0800
US1TXAG0001,20131017,PRCP,25,,,N,0800
US1TXAG0001,20131018,PRCP,0,,,N,0930
US1TXAG0001,20131019,PRCP,0,,,N,0930
US1TXAG0001,20131020,PRCP,0,,,N,0930
US1TXAG0001,20131021,PRCP,0,,,N,0930
US1TXAG0001,20131022,PRCP,0,,,N,0930
US1TXAG0001,20131023,PRCP,0,,,N,0930
US1TXAG0001,20131024,PRCP,0,,,N,0930
US1TXAG0001,20131025,PRCP,0,,,N,0930
US1TXAG0001,20131026,PRCP,0,,,N,0930
US1TXAG0001,20131027,PRCP,259,,,N,0800
US1TXAG0001,20131028,PRCP,0,,,N,0930
US1TXAG0001,20131029,PRCP,0,,,N,0930
US1TXAG0001,20131030,PRCP,0,,,N,0930
US1TXAG0001,20131031,PRCP,716,,,N,0825
US1TXAG0001,20131001,SNOW,0,,,N,0930
US1TXAG0001,20131002,SNOW,0,,,N,0930
US1TXAG0001,20131003,SNOW,0,,,N,0930
US1TXAG0001,20131005,SNOW,0,,,N,0930
US1TXAG0001,20131006,SNOW,0,,,N,0930
US1TXAG0001,20131007,SNOW,0,,,N,0930
US1TXAG0001,20131008,SNOW,0,,,N,0930
US1TXAG0001,20131009,SNOW,0,,,N,0930
US1TXAG0001,20131010,SNOW,0,,,N,0930
US1TXAG0001,20131011,SNOW,0,,,N,0930
US1TXAG0001,20131012,SNOW,0,,,N,0930
US1TXAG0001,20131014,SNOW,0,,,N,0930
US1TXAG0001,20131015,SNOW,0,,,N,0930
US1TXAG0001,20131018,SNOW,0,,,N,0930
US1TXAG0001,20131019,SNOW,0,,,N,0930
US1TXAG0001,20131020,SNOW,0,,,N,0930
US1TXAG0001,20131021,SNOW,0,,,N,0930
US1TXAG0001,20131022,SNOW,0,,,N,0930
US1TXAG0001,20131023,SNOW,0,,,N,0930
US1TXAG0001,20131024,SNOW,0,,,N,0930
US1TXAG0001,20131025,SNOW,0,,,N,0930
US1TXAG0001,20131026,SNOW,0,,,N,0930
US1TXAG0001,20131028,SNOW,0,,,N,0930
US1TXAG0001,20131029,SNOW,0,,,N,0930
US1TXAG0001,20131030,SNOW,0,,,N,0930
US1TXAG0001,20131101,PRCP,15,,,N,0800
US1TXAG0001,20131102,PRCP,0,,,N,0930
US1TXAG0001,20131103,PRCP,0,,,N,0930
US1TXAG0001,20131104,PRCP,0,,,N,0930
US1TXAG0001,20131105,PRCP,0,,,N,0930
US1TXAG0001,20131106,PRCP,0,,,N,0730
US1TXAG0001,20131107,PRCP,13,,,N,0800
US1TXAG0001,20131108,PRCP,0,,,N,0930
US1TXAG0001,20131109,PRCP,0,,,N,0930
US1TXAG0001,20131110,PRCP,5,,,N,0800
US1TXAG0001,20131111,PRCP,0,,,N,0930
US1TXAG0001,20131112,PRCP,0,,,N,0930
US1TXAG0001,20131113,PRCP,0,,,N,0930
US1TXAG0001,20131114,PRCP,0,,,N,0930
US1TXAG0001,20131115,PRCP,3,,,N,0800
US1TXAG0001,20131116,PRCP,0,,,N,0930
US1TXAG0001,20131117,PRCP,13,,,N,0758
US1TXAG0001,20131118,PRCP,0,,,N,0930
US1TXAG0001,20131119,PRCP,0,,,N,0930
US1TXAG0001,20131120,PRCP,0,,,N,0930
US1TXAG0001,20131121,PRCP,0,,,N,0930
US1TXAG0001,20131122,PRCP,287,,,N,0800
US1TXAG0001,20131123,PRCP,61,,,N,0810
US1TXAG0001,20131124,PRCP,58,,,N,0800
US1TXAG0001,20131125,PRCP,109,,,N,0800
US1TXAG0001,20131126,PRCP,371,,,N,0826
US1TXAG0001,20131127,PRCP,122,,,N,0800
US1TXAG0001,20131128,PRCP,0,,,N,0930
US1TXAG0001,20131129,PRCP,0,,,N,0930
US1TXAG0001,20131130,PRCP,0,,,N,0930
US1TXAG0001,20131102,SNOW,0,,,N,0930
US1TXAG0001,20131103,SNOW,0,,,N,0930
US1TXAG0001,20131104,SNOW,0,,,N,0930
US1TXAG0001,20131105,SNOW,0,,,N,0930
US1TXAG0001,20131106,SNOW,0,,,N,0730
US1TXAG0001,20131108,SNOW,0,,,N,0930
US1TXAG0001,20131109,SNOW,0,,,N,0930
US1TXAG0001,20131111,SNOW,0,,,N,0930
US1TXAG0001,20131112,SNOW,0,,,N,0930
US1TXAG0001,20131113,SNOW,0,,,N,0930
US1TXAG0001,20131114,SNOW,0,,,N,0930
US1TXAG0001,20131116,SNOW,0,,,N,0930
US1TXAG0001,20131118,SNOW,0,,,N,0930
US1TXAG0001,20131119,SNOW,0,,,N,0930
US1TXAG0001,20131120,SNOW,0,,,N,0930
US1TXAG0001,20131121,SNOW,0,,,N,0930
US1TXAG0001,20131128,SNOW,0,,,N,0930
US1TXAG0001,20131129,SNOW,0,,,N,0930
US1TXAG0001,20131130,SNOW,0,,,N,0930
US1TXAG0001,20131201,PRCP,0,,,N,0930
US1TXAG0001,20131202,PRCP,0,,,N,0930
US1TXAG0001,20131203,PRCP,0,,,N,0930
US1TXAG0001,20131204,PRCP,0,,,N,0930
US1TXAG0001,20131205,PRCP,0,,,N,0930
US1TXAG0001,20131206,PRCP,25,,,N,0821
US1TXAG0001,20131207,PRCP,30,,,N,0800
US1TXAG0001,20131208,PRCP,0,T,,N,0800
US1TXAG0001,20131209,PRCP,5,,,N,0800
US1TXAG0001,20131210,PRCP,28,,,N,0800
US1TXAG0001,20131211,PRCP,0,,,N,0930
US1TXAG0001,20131212,PRCP,0,,,N,0930
US1TXAG0001,20131213,PRCP,0,,,N,0930
US1TXAG0001,20131214,PRCP,175,,,N,0800
US1TXAG0001,20131215,PRCP,0,,,N,0930
US1TXAG0001,20131216,PRCP,0,,,N,0930
US1TXAG0001,20131217,PRCP,0,,,N,0930
US1TXAG0001,20131218,PRCP,0,,,N,0930
US1TXAG0001,20131219,PRCP,0,,,N,0930
US1TXAG0001,20131220,PRCP,0,,,N,0930
US1TXAG0001,20131221,PRCP,69,,,N,0810
US1TXAG0001,20131222,PRCP,203,,,N,0700
US1TXAG0001,20131223,PRCP,0,,,N,0930
US1TXAG0001,20131224,PRCP,0,,,N,0930
US1TXAG0001,20131225,PRCP,0,,,N,0930
US1TXAG0001,20131226,PRCP,0,,,N,0930
US1TXAG0001,20131227,PRCP,0,,,N,0930
US1TXAG0001,20131228,PRCP,0,,,N,0930
US1TXAG0001,20131229,PRCP,0,,,N,0930
US1TXAG0001,20131230,PRCP,0,,,N,0930
US1TXAG0001,20131231,PRCP,0,,,N,0930
US1TXAG0001,20131201,SNOW,0,,,N,0930
US1TXAG0001,20131202,SNOW,0,,,N,0930
US1TXAG0001,20131203,SNOW,0,,,N,0930
US1TXAG0001,20131204,SNOW,0,,,N,0930
US1TXAG0001,20131205,SNOW,0,,,N,0930
US1TXAG0001,20131208,SNOW,0,,,N,0800
US1TXAG0001,20131211,SNOW,0,,,N,0930
US1TXAG0001,20131212,SNOW,0,,,N,0930
US1TXAG0001,20131213,SNOW,0,,,N,0930
US1TXAG0001,20131215,SNOW,0,,,N,0930
US1TXAG0001,20131216,SNOW,0,,,N,0930
US1TXAG0001,20131217,SNOW,0,,,N,0930
US1TXAG0001,20131218,SNOW,0,,,N,0930
US1TXAG0001,20131219,SNOW,0,,,N,0930
US1TXAG0001,20131220,SNOW,0,,,N,0930
US1TXAG0001,20131223,SNOW,0,,,N,0930
US1TXAG0001,20131224,SNOW,0,,,N,0930
US1TXAG0001,20131225,SNOW,0,,,N,0930
US1TXAG0001,20131226,SNOW,0,,,N,0930
US1TXAG0001,20131227,SNOW,0,,,N,0930
US1TXAG0001,20131228,SNOW,0,,,N,0930
US1TXAG0001,20131229,SNOW,0,,,N,0930
US1TXAG0001,20131230,SNOW,0,,,N,0930
US1TXAG0001,20131231,SNOW,0,,,N,0930
US1TXAG0001,20140101,PRCP,0,,,N,0930
US1TXAG0001,20140102,PRCP,0,,,N,0930
US1TXAG0001,20140103,PRCP,0,,,N,0930
US1TXAG0001,20140104,PRCP,0,,,N,0930
US1TXAG0001,20140105,PRCP,13,,,N,0800
US1TXAG0001,20140106,PRCP,0,,,N,0930
US1TXAG0001,20140107,PRCP,0,,,N,0930
US1TXAG0001,20140108,PRCP,0,,,N,0930
US1TXAG0001,20140109,PRCP,10,,,N,0820
US1TXAG0001,20140110,PRCP,157,,,N,0800
US1TXAG0001,20140111,PRCP,3,,,N,0800
US1TXAG0001,20140112,PRCP,0,,,N,0930
US1TXAG0001,20140113,PRCP,8,,,N,0800
US1TXAG0001,20140114,PRCP,0,,,N,0930
US1TXAG0001,20140115,PRCP,0,,,N,0930
US1TXAG0001,20140116,PRCP,0,,,N,0930
US1TXAG0001,20140117,PRCP,0,,,N,0930
US1TXAG0001,20140118,PRCP,0,,,N,0930
US1TXAG0001,20140119,PRCP,0,,,N,0930
US1TXAG0001,20140120,PRCP,0,,,N,0930
US1TXAG0001,20140121,PRCP,0,,,N,0930
US1TXAG0001,20140122,PRCP,0,,,N,0930
US1TXAG0001,20140123,PRCP,25,,,N,0740
US1TXAG0001,20140124,PRCP,203,,,N,0825
US1TXAG0001,20140125,PRCP,0,,,N,0930
US1TXAG0001,20140126,PRCP,0,,,N,0930
US1TXAG0001,20140127,PRCP,0,,,N,0930
US1TXAG0001,20140128,PRCP,28,,,N,0800
US1TXAG0001,20140129,PRCP,0,,,N,0930
US1TXAG0001,20140130,PRCP,0,,,N,0930
US1TXAG0001,20140131,PRCP,0,,,N,0930
US1TXAG0001,20140101,SNOW,0,,,N,0930
US1TXAG0001,20140102,SNOW,0,,,N,0930
US1TXAG0001,20140103,SNOW,0,,,N,0930
US1TXAG0001,20140104,SNOW,0,,,N,0930
US1TXAG0001,20140106,SNOW,0,,,N,0930
US1TXAG0001,20140107,SNOW,0,,,N,0930
US1TXAG0001,20140108,SNOW,0,,,N,0930
US1TXAG0001,20140112,SNOW,0,,,N,0930
US1TXAG0001,20140114,SNOW,0,,,N,0930
US1TXAG0001,20140115,SNOW,0,,,N,0930
US1TXAG0001,20140116,SNOW,0,,,N,0930
US1TXAG0001,20140117,SNOW,0,,,N,0930
US1TXAG0001,20140118,SNOW,0,,,N,0930
US1TXAG0001,20140119,SNOW,0,,,N,0930
US1TXAG0001,20140120,SNOW,0,,,N,0930
US1TXAG0001,20140121,SNOW,0,,,N,0930
US1TXAG0001,20140122,SNOW,0,,,N,0930
US1TXAG0001,20140124,SNOW,51,,,N,0825
US1TXAG0001,20140125,SNOW,0,,,N,0930
US1TXAG0001,20140126,SNOW,0,,,N,0930
US1TXAG0001,20140127,SNOW,0,,,N,0930
US1TXAG0001,20140128,SNOW,5,,,N,0800
US1TXAG0001,20140129,SNOW,0,,,N,0930
US1TXAG0001,20140130,SNOW,0,,,N,0930
US1TXAG0001,20140131,SNOW,0,,,N,0930
US1TXAG0001,20140124,SNWD,51,,,N,0825
US1TXAG0001,20140124,WESD,41,,,N,0825
US1TXAG0001,20140124,WESF,41,,,N,0825
US1TXAG0001,20140128,WESF,3,,,N,0800
US1TXAG0001,20140201,PRCP,0,,,N,0930
US1TXAG0001,20140202,PRCP,38,,,N,0800
US1TXAG0001,20140203,PRCP,107,,,N,0800
US1TXAG0001,20140204,PRCP,46,,,N,0825
US1TXAG0001,20140205,PRCP,0,,,N,0930
US1TXAG0001,20140206,PRCP,0,,,N,0930
US1TXAG0001,20140207,PRCP,0,,,N,0930
US1TXAG0001,20140208,PRCP,33,,,N,0800
US1TXAG0001,20140209,PRCP,0,,,N,0800
US1TXAG0001,20140210,PRCP,20,,,N,0930
US1TXAG0001,20140211,PRCP,3,,,N,0800
US1TXAG0001,20140212,PRCP,102,,,N,0800
US1TXAG0001,20140213,PRCP,0,,,N,0930
US1TXAG0001,20140214,PRCP,0,,,N,0930
US1TXAG0001,20140215,PRCP,0,,,N,0930
US1TXAG0001,20140216,PRCP,0,,,N,0930
US1TXAG0001,20140217,PRCP,0,,,N,0930
US1TXAG0001,20140218,PRCP,0,,,N,0930
US1TXAG0001,20140219,PRCP,0,,,N,0930
US1TXAG0001,20140220,PRCP,0,,,N,0930
US1TXAG0001,20140221,PRCP,102,,,N,0730
US1TXAG0001,20140222,PRCP,0,,,N,0930
US1TXAG0001,20140223,PRCP,0,,,N,0930
US1TXAG0001,20140224,PRCP,0,,,N,0930
US1TXAG0001,20140225,PRCP,3,,,N,0800
US1TXAG0001,20140226,PRCP,69,,,N,0800
US1TXAG0001,20140227,PRCP,0,,,N,0930
US1TXAG0001,20140228,PRCP,0,,,N,0930
US1TXAG0001,20140201,SNOW,0,,,N,0930
US1TXAG0001,20140205,SNOW,0,,,N,0930
US1TXAG0001,20140206,SNOW,0,,,N,0930
US1TXAG0001,20140207,SNOW,0,,,N,0930
US1TXAG0001,20140209,SNOW,0,,,N,0800
US1TXAG0001,20140213,SNOW,0,,,N,0930
US1TXAG0001,20140214,SNOW,0,,,N,0930
US1TXAG0001,20140215,SNOW,0,,,N,0930
US1TXAG0001,20140216,SNOW,0,,,N,0930
US1TXAG0001,20140217,SNOW,0,,,N,0930
US1TXAG0001,20140218,SNOW,0,,,N,0930
US1TXAG0001,20140219,SNOW,0,,,N,0930
US1TXAG0001,20140220,SNOW,0,,,N,0930
US1TXAG0001,20140222,SNOW,0,,,N,0930
US1TXAG0001,20140223,SNOW,0,,,N,0930
US1TXAG0001,20140224,SNOW,0,,,N,0930
US1TXAG0001,20140227,SNOW,0,,,N,0930
US1TXAG0001,20140228,SNOW,0,,,N,0930
US1TXAG0001,20140301,PRCP,15,,,N,0800
US1TXAG0001,20140302,PRCP,0,,,N,0930
US1TXAG0001,20140303,PRCP,20,,,N,0800
US1TXAG0001,20140304,PRCP,0,,,N,0930
US1TXAG0001,20140305,PRCP,0,,,N,0930
US1TXAG0001,20140306,PRCP,0,,,N,0930
US1TXAG0001,20140307,PRCP,0,,,N,0930
US1TXAG0001,20140308,PRCP,0,,,N,0930
US1TXAG0001,20140309,PRCP,142,,,N,0800
US1TXAG0001,20140310,PRCP,0,,,N,0930
US1TXAG0001,20140311,PRCP,0,,,N,0930
US1TXAG0001,20140312,PRCP,0,,,N,0930
US1TXAG0001,20140313,PRCP,0,,,N,0930
US1TXAG0001,20140314,PRCP,0,,,N,0930
US1TXAG0001,20140315,PRCP,0,,,N,0930
US1TXAG0001,20140316,PRCP,495,,,N,0700
US1TXAG0001,20140317,PRCP,0,,,N,0930
US1TXAG0001,20140318,PRCP,0,,,N,0930
US1TXAG0001,20140319,PRCP,0,,,N,0930
US1TXAG0001,20140320,PRCP,0,,,N,0930
US1TXAG0001,20140321,PRCP,0,,,N,0930
US1TXAG0001,20140322,PRCP,0,,,N,0930
US1TXAG0001,20140323,PRCP,0,,,N,0930
US1TXAG0001,20140324,PRCP,3,,,N,0800
US1TXAG0001,20140325,PRCP,0,,,N,0930
US1TXAG0001,20140326,PRCP,0,,,N,0930
US1TXAG0001,20140327,PRCP,0,,,N,0930
US1TXAG0001,20140328,PRCP,33,,,N,0800
US1TXAG0001,20140329,PRCP,109,,,N,0800
US1TXAG0001,20140330,PRCP,0,,,N,0930
US1TXAG0001,20140331,PRCP,0,,,N,0930
US1TXAG0001,20140302,SNOW,0,,,N,0930
US1TXAG0001,20140304,SNOW,0,,,N,0930
US1TXAG0001,20140305,SNOW,0,,,N,0930
US1TXAG0001,20140306,SNOW,0,,,N,0930
US1TXAG0001,20140307,SNOW,0,,,N,0930
US1TXAG0001,20140308,SNOW,0,,,N,0930
US1TXAG0001,20140310,SNOW,0,,,N,0930
US1TXAG0001,20140311,SNOW,0,,,N,0930
US1TXAG0001,20140312,SNOW,0,,,N,0930
US1TXAG0001,20140313,SNOW,0,,,N,0930
US1TXAG0001,20140314,SNOW,0,,,N,0930
US1TXAG0001,20140315,SNOW,0,,,N,0930
US1TXAG0001,20140317,SNOW,0,,,N,0930
US1TXAG0001,20140318,SNOW,0,,,N,0930
US1TXAG0001,20140319,SNOW,0,,,N,0930
US1TXAG0001,20140320,SNOW,0,,,N,0930
US1TXAG0001,20140321,SNOW,0,,,N,0930
US1TXAG0001,20140322,SNOW,0,,,N,0930
US1TXAG0001,20140323,SNOW,0,,,N,0930
US1TXAG0001,20140325,SNOW,0,,,N,0930
US1TXAG0001,20140326,SNOW,0,,,N,0930
US1TXAG0001,20140327,SNOW,0,,,N,0930
US1TXAG0001,20140330,SNOW,0,,,N,0930
US1TXAG0001,20140331,SNOW,0,,,N,0930
US1TXAG0001,20140401,PRCP,0,,,N,0930
US1TXAG0001,20140402,PRCP,3,,,N,0840
US1TXAG0001,20140403,PRCP,0,,,N,0930
US1TXAG0001,20140404,PRCP,18,,,N,0930
US1TXAG0001,20140405,PRCP,0,,,N,0930
US1TXAG0001,20140406,PRCP,0,,,N,0930
US1TXAG0001,20140407,PRCP,508,,,N,0800
US1TXAG0001,20140408,PRCP,0,,,N,0930
US1TXAG0001,20140409,PRCP,0,,,N,0930
US1TXAG0001,20140410,PRCP,0,,,N,0930
US1TXAG0001,20140411,PRCP,0,,,N,0930
US1TXAG0001,20140412,PRCP,0,,,N,0930
US1TXAG0001,20140413,PRCP,0,,,N,0930
US1TXAG0001,20140414,PRCP,18,,,N,0830
US1TXAG0001,20140415,PRCP,46,,,N,0800
US1TXAG0001,20140416,PRCP,0,,,N,0930
US1TXAG0001,20140417,PRCP,0,,,N,0930
US1TXAG0001,20140418,PRCP,0,,,N,0930
US1TXAG0001,20140419,PRCP,0,,,N,0930
US1TXAG0001,20140420,PRCP,0,,,N,0930
US1TXAG0001,20140421,PRCP,0,,,N,0930
US1TXAG0001,20140422,PRCP,15,,,N,0800
US1TXAG0001,20140423,PRCP,0,,,N,0930
US1TXAG0001,20140424,PRCP,0,,,N,0930
US1TXAG0001,20140425,PRCP,18,,,N,0800
US1TXAG0001,20140426,PRCP,0,,,N,0930
US1TXAG0001,20140427,PRCP,0,,,N,0930
US1TXAG0001,20140428,PRCP,13,,,N,0800
US1TXAG0001,20140429,PRCP,0,,,N,0930
US1TXAG0001,20140430,PRCP,0,,,N,0930
US1TXAG0001,20140401,SNOW,0,,,N,0930
US1TXAG0001,20140403,SNOW,0,,,N,0930
US1TXAG0001,20140405,SNOW,0,,,N,0930
US1TXAG0001,20140406,SNOW,0,,,N,0930
US1TXAG0001,20140408,SNOW,0,,,N,0930
US1TXAG0001,20140409,SNOW,0,,,N,0930
US1TXAG0001,20140410,SNOW,0,,,N,0930
US1TXAG0001,20140411,SNOW,0,,,N,0930
US1TXAG0001,20140412,SNOW,0,,,N,0930
US1TXAG0001,20140413,SNOW,0,,,N,0930
US1TXAG0001,20140416,SNOW,0,,,N,0930
US1TXAG0001,20140417,SNOW,0,,,N,0930
US1TXAG0001,20140418,SNOW,0,,,N,0930
US1TXAG0001,20140419,SNOW,0,,,N,0930
US1TXAG0001,20140420,SNOW,0,,,N,0930
US1TXAG0001,20140421,SNOW,0,,,N,0930
US1TXAG0001,20140423,SNOW,0,,,N,0930
US1TXAG0001,20140424,SNOW,0,,,N,0930
US1TXAG0001,20140426,SNOW,0,,,N,0930
US1TXAG0001,20140427,SNOW,0,,,N,0930
US1TXAG0001,20140429,SNOW,0,,,N,0930
US1TXAG0001,20140430,SNOW,0,,,N,0930
US1TXAG0001,20140501,PRCP,0,,,N,0930
US1TXAG0001,20140502,PRCP,0,,,N,0930
US1TXAG0001,20140503,PRCP,0,,,N,0930
US1TXAG0001,20140504,PRCP,0,,,N,0930
US1TXAG0001,20140505,PRCP,0,,,N,0930
US1TXAG0001,20140506,PRCP,0,,,N,0930
US1TXAG0001,20140507,PRCP,0,,,N,0930
US1TXAG0001,20140508,PRCP,0,,,N,0930
US1TXAG0001,20140509,PRCP,114,,,N,0800
US1TXAG0001,20140510,PRCP,10,,,N,0800
US1TXAG0001,20140511,PRCP,3,,,N,0800
US1TXAG0001,20140512,PRCP,5,,,N,0800
US1TXAG0001,20140513,PRCP,1054,,,N,0800
US1TXAG0001,20140514,PRCP,109,,,N,0800
US1TXAG0001,20140515,PRCP,0,,,N,0930
US1TXAG0001,20140516,PRCP,0,,,N,0930
US1TXAG0001,20140517,PRCP,0,,,N,0930
US1TXAG0001,20140518,PRCP,0,,,N,0930
US1TXAG0001,20140519,PRCP,0,,,N,0930
US1TXAG0001,20140520,PRCP,0,,,N,0930
US1TXAG0001,20140521,PRCP,0,,,N,0930
US1TXAG0001,20140522,PRCP,0,,,N,0930
US1TXAG0001,20140523,PRCP,0,,,N,0930
US1TXAG0001,20140524,PRCP,0,,,N,0930
US1TXAG0001,20140525,PRCP,0,,,N,0930
US1TXAG0001,20140526,PRCP,0,,,N,0930
US1TXAG0001,20140527,PRCP,429,,,N,0825
US1TXAG0001,20140528,PRCP,198,,,N,0800
US1TXAG0001,20140529,PRCP,3,,,N,0800
US1TXAG0001,20140530,PRCP,48,,,N,0910
US1TXAG0001,20140531,PRCP,43,,,N,0800
US1TXAG0001,20140501,SNOW,0,,,N,0930
US1TXAG0001,20140502,SNOW,0,,,N,0930
US1TXAG0001,20140503,SNOW,0,,,N,0930
US1TXAG0001,20140504,SNOW,0,,,N,0930
US1TXAG0001,20140505,SNOW,0,,,N,0930
US1TXAG0001,20140506,SNOW,0,,,N,0930
US1TXAG0001,20140507,SNOW,0,,,N,0930
US1TXAG0001,20140508,SNOW,0,,,N,0930
US1TXAG0001,20140515,SNOW,0,,,N,0930
US1TXAG0001,20140516,SNOW,0,,,N,0930
US1TXAG0001,20140517,SNOW,0,,,N,0930
US1TXAG0001,20140518,SNOW,0,,,N,0930
US1TXAG0001,20140519,SNOW,0,,,N,0930
US1TXAG0001,20140520,SNOW,0,,,N,0930
US1TXAG0001,20140521,SNOW,0,,,N,0930
US1TXAG0001,20140522,SNOW,0,,,N,0930
US1TXAG0001,20140523,SNOW,0,,,N,0930
US1TXAG0001,20140524,SNOW,0,,,N,0930
US1TXAG0001,20140525,SNOW,0,,,N,0930
US1TXAG0001,20140526,SNOW,0,,,N,0930
US1TXAG0001,20140601,PRCP,0,,,N,0930
US1TXAG0001,20140602,PRCP,0,,,N,0930
US1TXAG0001,20140603,PRCP,0,,,N,0930
US1TXAG0001,20140604,PRCP,0,,,N,0930
US1TXAG0001,20140605,PRCP,0,,,N,0930
US1TXAG0001,20140606,PRCP,0,,,N,0930
US1TXAG0001,20140607,PRCP,0,,,N,0930
US1TXAG0001,20140608,PRCP,0,,,N,0930
US1TXAG0001,20140609,PRCP,0,,,N,0930
US1TXAG0001,20140610,PRCP,729,,,N,0800
US1TXAG0001,20140611,PRCP,0,,,N,0930
US1TXAG0001,20140612,PRCP,0,,,N,0930
US1TXAG0001,20140613,PRCP,10,,,N,0800
US1TXAG0001,20140614,PRCP,0,,,N,0930
US1TXAG0001,20140615,PRCP,0,,,N,0930
US1TXAG0001,20140616,PRCP,0,,,N,0930
US1TXAG0001,20140617,PRCP,41,,,N,0800
US1TXAG0001,20140618,PRCP,0,,,N,0930
US1TXAG0001,20140619,PRCP,36,,,N,0800
US1TXAG0001,20140620,PRCP,0,,,N,0930
US1TXAG0001,20140621,PRCP,0,,,N,0930
US1TXAG0001,20140622,PRCP,0,,,N,0930
US1TXAG0001,20140623,PRCP,5,,,N,0800
US1TXAG0001,20140624,PRCP,13,,,N,0800
US1TXAG0001,20140625,PRCP,150,,,N,0800
US1TXAG0001,20140626,PRCP,33,,,N,0820
US1TXAG0001,20140627,PRCP,15,,,N,0800
US1TXAG0001,20140628,PRCP,0,,,N,0930
US1TXAG0001,20140629,PRCP,10,,,N,0800
US1TXAG0001,20140630,PRCP,0,,,N,0930
US1TXAG0001,20140601,SNOW,0,,,N,0930
US1TXAG0001,20140602,SNOW,0,,,N,0930
US1TXAG0001,20140603,SNOW,0,,,N,0930
US1TXAG0001,20140604,SNOW,0,,,N,0930
US1TXAG0001,20140605,SNOW,0,,,N,0930
US1TXAG0001,20140606,SNOW,0,,,N,0930
US1TXAG0001,20140607,SNOW,0,,,N,0930
US1TXAG0001,20140608,SNOW,0,,,N,0930
US1TXAG0001,20140609,SNOW,0,,,N,0930
US1TXAG0001,20140611,SNOW,0,,,N,0930
US1TXAG0001,20140612,SNOW,0,,,N,0930
US1TXAG0001,20140614,SNOW,0,,,N,0930
US1TXAG0001,20140615,SNOW,0,,,N,0930
US1TXAG0001,20140616,SNOW,0,,,N,0930
US1TXAG0001,20140618,SNOW,0,,,N,0930
US1TXAG0001,20140620,SNOW,0,,,N,0930
US1TXAG0001,20140621,SNOW,0,,,N,0930
US1TXAG0001,20140622,SNOW,0,,,N,0930
US1TXAG0001,20140628,SNOW,0,,,N,0930
US1TXAG0001,20140630,SNOW,0,,,N,0930
US1TXAG0001,20140701,PRCP,0,,,N,0930
US1TXAG0001,20140702,PRCP,0,,,N,0930
US1TXAG0001,20140703,PRCP,10,,,N,0930
US1TXAG0001,20140704,PRCP,23,,,N,0800
US1TXAG0001,20140705,PRCP,0,,,N,0930
US1TXAG0001,20140706,PRCP,0,,,N,0930
US1TXAG0001,20140707,PRCP,0,,,N,0930
US1TXAG0001,20140708,PRCP,0,,,N,0930
US1TXAG0001,20140709,PRCP,0,,,N,0930
US1TXAG0001,20140710,PRCP,0,,,N,0930
US1TXAG0001,20140711,PRCP,0,,,N,0930
US1TXAG0001,20140712,PRCP,0,,,N,0930
US1TXAG0001,20140713,PRCP,0,,,N,0930
US1TXAG0001,20140714,PRCP,0,,,N,0930
US1TXAG0001,20140719,PRCP,114,,,N,0800
US1TXAG0001,20140720,PRCP,0,,,N,0930
US1TXAG0001,20140721,PRCP,0,,,N,0930
US1TXAG0001,20140722,PRCP,0,,,N,0930
US1TXAG0001,20140723,PRCP,0,,,N,0930
US1TXAG0001,20140724,PRCP,0,,,N,0930
US1TXAG0001,20140725,PRCP,0,,,N,0930
US1TXAG0001,20140726,PRCP,0,,,N,0930
US1TXAG0001,20140727,PRCP,0,,,N,0930
US1TXAG0001,20140728,PRCP,0,,,N,0930
US1TXAG0001,20140729,PRCP,36,,,N,0800
US1TXAG0001,20140730,PRCP,0,,,N,0930
US1TXAG0001,20140731,PRCP,0,,,N,0930
US1TXAG0001,20140701,SNOW,0,,,N,0930
US1TXAG0001,20140702,SNOW,0,,,N,0930
US1TXAG0001,20140705,SNOW,0,,,N,0930
US1TXAG0001,20140706,SNOW,0,,,N,0930
US1TXAG0001,20140707,SNOW,0,,,N,0930
US1TXAG0001,20140708,SNOW,0,,,N,0930
US1TXAG0001,20140709,SNOW,0,,,N,0930
US1TXAG0001,20140710,SNOW,0,,,N,0930
US1TXAG0001,20140711,SNOW,0,,,N,0930
US1TXAG0001,20140712,SNOW,0,,,N,0930
US1TXAG0001,20140713,SNOW,0,,,N,0930
US1TXAG0001,20140714,SNOW,0,,,N,0930
US1TXAG0001,20140720,SNOW,0,,,N,0930
US1TXAG0001,20140721,SNOW,0,,,N,0930
US1TXAG0001,20140722,SNOW,0,,,N,0930
US1TXAG0001,20140723,SNOW,0,,,N,0930
US1TXAG0001,20140724,SNOW,0,,,N,0930
US1TXAG0001,20140725,SNOW,0,,,N,0930
US1TXAG0001,20140726,SNOW,0,,,N,0930
US1TXAG0001,20140727,SNOW,0,,,N,0930
US1TXAG0001,20140728,SNOW,0,,,N,0930
US1TXAG0001,20140730,SNOW,0,,,N,0930
US1TXAG0001,20140731,SNOW,0,,,N,0930
US1TXAG0001,20140718,DAPR,4,,,N,0800
US1TXAG0001,20140718,MDPR,1143,,,N,0800
US1TXAG0001,20140801,PRCP,84,,,N,0930
US1TXAG0001,20140802,PRCP,0,,,N,0930
US1TXAG0001,20140803,PRCP,0,,,N,0930
US1TXAG0001,20140804,PRCP,0,,,N,0930
US1TXAG0001,20140805,PRCP,0,,,N,0930
US1TXAG0001,20140806,PRCP,0,,,N,0930
US1TXAG0001,20140807,PRCP,0,,,N,0930
US1TXAG0001,20140808,PRCP,0,,,N,0930
US1TXAG0001,20140809,PRCP,0,,,N,0930
US1TXAG0001,20140810,PRCP,0,,,N,0930
US1TXAG0001,20140811,PRCP,0,,,N,0930
US1TXAG0001,20140812,PRCP,28,,,N,0800
US1TXAG0001,20140813,PRCP,0,,,N,0930
US1TXAG0001,20140814,PRCP,0,,,N,0930
US1TXAG0001,20140815,PRCP,0,,,N,0930
US1TXAG0001,20140816,PRCP,0,,,N,0930
US1TXAG0001,20140817,PRCP,0,,,N,0930
US1TXAG0001,20140818,PRCP,3,,,N,0800
US1TXAG0001,20140819,PRCP,0,,,N,0930
US1TXAG0001,20140820,PRCP,46,,,N,0800
US1TXAG0001,20140821,PRCP,13,,,N,0800
US1TXAG0001,20140822,PRCP,0,,,N,0930
US1TXAG0001,20140823,PRCP,0,,,N,0930
US1TXAG0001,20140824,PRCP,0,,,N,0930
US1TXAG0001,20140825,PRCP,0,,,N,0930
US1TXAG0001,20140826,PRCP,3,,,N,0800
US1TXAG0001,20140827,PRCP,3,,,N,0800
US1TXAG0001,20140828,PRCP,0,,,N,0930
US1TXAG0001,20140829,PRCP,0,,,N,0930
US1TXAG0001,20140830,PRCP,0,,,N,0930
US1TXAG0001,20140831,PRCP,30,,,N,0800
US1TXAG0001,20140801,SNOW,0,,,N,0930
US1TXAG0001,20140802,SNOW,0,,,N,0930
US1TXAG0001,20140803,SNOW,0,,,N,0930
US1TXAG0001,20140804,SNOW,0,,,N,0930
US1TXAG0001,20140805,SNOW,0,,,N,0930
US1TXAG0001,20140806,SNOW,0,,,N,0930
US1TXAG0001,20140807,SNOW,0,,,N,0930
US1TXAG0001,20140808,SNOW,0,,,N,0930
US1TXAG0001,20140809,SNOW,0,,,N,0930
US1TXAG0001,20140810,SNOW,0,,,N,0930
US1TXAG0001,20140811,SNOW,0,,,N,0930
US1TXAG0001,20140813,SNOW,0,,,N,0930
US1TXAG0001,20140814,SNOW,0,,,N,0930
US1TXAG0001,20140815,SNOW,0,,,N,0930
US1TXAG0001,20140816,SNOW,0,,,N,0930
US1TXAG0001,20140817,SNOW,0,,,N,0930
US1TXAG0001,20140819,SNOW,0,,,N,0930
US1TXAG0001,20140822,SNOW,0,,,N,0930
US1TXAG0001,20140823,SNOW,0,,,N,0930
US1TXAG0001,20140824,SNOW,0,,,N,0930
US1TXAG0001,20140825,SNOW,0,,,N,0930
US1TXAG0001,20140828,SNOW,0,,,N,0930
US1TXAG0001,20140829,SNOW,0,,,N,0930
US1TXAG0001,20140830,SNOW,0,,,N,0930
US1TXAG0001,20140901,PRCP,0,,,N,0930
US1TXAG0001,20140902,PRCP,0,,,N,0930
US1TXAG0001,20140903,PRCP,43,,,N,0800
US1TXAG0001,20140904,PRCP,0,,,N,0930
US1TXAG0001,20140905,PRCP,0,,,N,0930
US1TXAG0001,20140906,PRCP,0,,,N,0930
US1TXAG0001,20140907,PRCP,10,,,N,0800
US1TXAG0001,20140908,PRCP,5,,,N,0800
US1TXAG0001,20140909,PRCP,0,,,N,0930
US1TXAG0001,20140910,PRCP,0,,,N,0930
US1TXAG0001,20140911,PRCP,0,,,N,0930
US1TXAG0001,20140912,PRCP,0,,,N,0930
US1TXAG0001,20140913,PRCP,51,,,N,0800
US1TXAG0001,20140914,PRCP,0,,,N,0930
US1TXAG0001,20140915,PRCP,0,,,N,0930
US1TXAG0001,20140916,PRCP,0,T,,N,0800
US1TXAG0001,20140917,PRCP,36,,,N,0800
US1TXAG0001,20140918,PRCP,10,,,N,0800
US1TXAG0001,20140919,PRCP,137,,,N,0800
US1TXAG0001,20140920,PRCP,0,,,N,0930
US1TXAG0001,20140921,PRCP,0,,,N,0930
US1TXAG0001,20140922,PRCP,0,,,N,0930
US1TXAG0001,20140923,PRCP,0,,,N,0930
US1TXAG0001,20140924,PRCP,0,,,N,0930
US1TXAG0001,20140925,PRCP,0,,,N,0930
US1TXAG0001,20140926,PRCP,0,,,N,0930
US1TXAG0001,20140927,PRCP,0,,,N,0930
US1TXAG0001,20140928,PRCP,0,,,N,0930
US1TXAG0001,20140929,PRCP,0,,,N,0930
US1TXAG0001,20140930,PRCP,0,,,N,0930
US1TXAG0001,20140901,SNOW,0,,,N,0930
US1TXAG0001,20140902,SNOW,0,,,N,0930
US1TXAG0001,20140904,SNOW,0,,,N,0930
US1TXAG0001,20140905,SNOW,0,,,N,0930
US1TXAG0001,20140906,SNOW,0,,,N,0930
US1TXAG0001,20140909,SNOW,0,,,N,0930
US1TXAG0001,20140910,SNOW,0,,,N,0930
US1TXAG0001,20140911,SNOW,0,,,N,0930
US1TXAG0001,20140912,SNOW,0,,,N,0930
US1TXAG0001,20140914,SNOW,0,,,N,0930
US1TXAG0001,20140915,SNOW,0,,,N,0930
US1TXAG0001,20140920,SNOW,0,,,N,0930
US1TXAG0001,20140921,SNOW,0,,,N,0930
US1TXAG0001,20140922,SNOW,0,,,N,0930
US1TXAG0001,20140923,SNOW,0,,,N,0930
US1TXAG0001,20140924,SNOW,0,,,N,0930
US1TXAG0001,20140925,SNOW,0,,,N,0930
US1TXAG0001,20140926,SNOW,0,,,N,0930
US1TXAG0001,20140927,SNOW,0,,,N,0930
US1TXAG0001,20140928,SNOW,0,,,N,0930
US1TXAG0001,20140929,SNOW,0,,,N,0930
US1TXAG0001,20140930,SNOW,0,,,N,0930
US1TXAG0001,20141001,PRCP,0,,,N,0930
US1TXAG0001,20141002,PRCP,3,,,N,0800
US1TXAG0001,20141003,PRCP,234,,,N,0800
US1TXAG0001,20141004,PRCP,0,,,N,0930
US1TXAG0001,20141005,PRCP,0,,,N,0930
US1TXAG0001,20141006,PRCP,0,,,N,0930
US1TXAG0001,20141007,PRCP,302,,,N,0800
US1TXAG0001,20141008,PRCP,0,,,N,0930
US1TXAG0001,20141009,PRCP,0,,,N,0930
US1TXAG0001,20141010,PRCP,0,,,N,0930
US1TXAG0001,20141011,PRCP,18,,,N,0830
US1TXAG0001,20141012,PRCP,8,,,N,0800
US1TXAG0001,20141013,PRCP,23,,,N,0815
US1TXAG0001,20141014,PRCP,417,,,N,0800
US1TXAG0001,20141015,PRCP,0,,,N,0930
US1TXAG0001,20141016,PRCP,0,,,N,0930
US1TXAG0001,20141017,PRCP,0,,,N,0930
US1TXAG0001,20141018,PRCP,0,,,N,0930
US1TXAG0001,20141019,PRCP,0,,,N,0930
US1TXAG0001,20141020,PRCP,0,,,N,0930
US1TXAG0001,20141021,PRCP,0,,,N,0930
US1TXAG0001,20141022,PRCP,0,,,N,0930
US1TXAG0001,20141023,PRCP,0,,,N,0930
US1TXAG0001,20141024,PRCP,0,,,N,0930
US1TXAG0001,20141025,PRCP,0,,,N,0930
US1TXAG0001,20141026,PRCP,0,,,N,0930
US1TXAG0001,20141027,PRCP,0,,,N,0930
US1TXAG0001,20141028,PRCP,0,,,N,0930
US1TXAG0001,20141029,PRCP,0,,,N,0930
US1TXAG0001,20141030,PRCP,0,,,N,0930
US1TXAG0001,20141031,PRCP,0,,,N,0930
US1TXAG0001,20141001,SNOW,0,,,N,0930
US1TXAG0001,20141004,SNOW,0,,,N,0930
US1TXAG0001,20141005,SNOW,0,,,N,0930
US1TXAG0001,20141006,SNOW,0,,,N,0930
US1TXAG0001,20141008,SNOW,0,,,N,0930
US1TXAG0001,20141009,SNOW,0,,,N,0930
US1TXAG0001,20141010,SNOW,0,,,N,0930
US1TXAG0001,20141015,SNOW,0,,,N,0930
US1TXAG0001,20141016,SNOW,0,,,N,0930
US1TXAG0001,20141017,SNOW,0,,,N,0930
US1TXAG0001,20141018,SNOW,0,,,N,0930
US1TXAG0001,20141019,SNOW,0,,,N,0930
US1TXAG0001,20141020,SNOW,0,,,N,0930
US1TXAG0001,20141021,SNOW,0,,,N,0930
US1TXAG0001,20141022,SNOW,0,,,N,0930
US1TXAG0001,20141023,SNOW,0,,,N,0930
US1TXAG0001,20141024,SNOW,0,,,N,0930
US1TXAG0001,20141025,SNOW,0,,,N,0930
US1TXAG0001,20141026,SNOW,0,,,N,0930
US1TXAG0001,20141027,SNOW,0,,,N,0930
US1TXAG0001,20141028,SNOW,0,,,N,0930
US1TXAG0001,20141029,SNOW,0,,,N,0930
US1TXAG0001,20141030,SNOW,0,,,N,0930
US1TXAG0001,20141031,SNOW,0,,,N,0930
US1TXAG0001,20141101,PRCP,0,,,N,0930
US1TXAG0001,20141102,PRCP,0,,,N,0930
US1TXAG0001,20141103,PRCP,0,,,N,0930
US1TXAG0001,20141104,PRCP,0,,,N,0930
US1TXAG0001,20141105,PRCP,114,,,N,0800
US1TXAG0001,20141106,PRCP,229,,,N,0800
US1TXAG0001,20141107,PRCP,0,,,N,0930
US1TXAG0001,20141108,PRCP,0,,,N,0930
US1TXAG0001,20141109,PRCP,0,,,N,0930
US1TXAG0001,20141110,PRCP,0,,,N,0930
US1TXAG0001,20141111,PRCP,0,,,N,0930
US1TXAG0001,20141112,PRCP,0,,,N,0930
US1TXAG0001,20141113,PRCP,0,,,N,0930
US1TXAG0001,20141114,PRCP,0,,,N,0930
US1TXAG0001,20141115,PRCP,0,,,N,0930
US1TXAG0001,20141116,PRCP,216,,,N,0800
US1TXAG0001,20141117,PRCP,13,,,N,0800
US1TXAG0001,20141118,PRCP,0,,,N,0930
US1TXAG0001,20141119,PRCP,0,,,N,0930
US1TXAG0001,20141120,PRCP,0,,,N,0930
US1TXAG0001,20141121,PRCP,36,,,N,0800
US1TXAG0001,20141122,PRCP,168,,,N,0820
US1TXAG0001,20141123,PRCP,396,,,N,0800
US1TXAG0001,20141124,PRCP,0,T,,N,0800
US1TXAG0001,20141125,PRCP,0,,,N,0930
US1TXAG0001,20141126,PRCP,0,,,N,0930
US1TXAG0001,20141127,PRCP,0,,,N,0930
US1TXAG0001,20141128,PRCP,0,,,N,0930
US1TXAG0001,20141129,PRCP,0,,,N,0930
US1TXAG0001,20141130,PRCP,0,,,N,0930
US1TXAG0001,20141101,SNOW,0,,,N,0930
US1TXAG0001,20141102,SNOW,0,,,N,0930
US1TXAG0001,20141103,SNOW,0,,,N,0930
US1TXAG0001,20141104,SNOW,0,,,N,0930
US1TXAG0001,20141107,SNOW,0,,,N,0930
US1TXAG0001,20141108,SNOW,0,,,N,0930
US1TXAG0001,20141109,SNOW,0,,,N,0930
US1TXAG0001,20141110,SNOW,0,,,N,0930
US1TXAG0001,20141111,SNOW,0,,,N,0930
US1TXAG0001,20141112,SNOW,0,,,N,0930
US1TXAG0001,20141113,SNOW,0,,,N,0930
US1TXAG0001,20141114,SNOW,0,,,N,0930
US1TXAG0001,20141115,SNOW,0,,,N,0930
US1TXAG0001,20141118,SNOW,0,,,N,0930
US1TXAG0001,20141119,SNOW,0,,,N,0930
US1TXAG0001,20141120,SNOW,0,,,N,0930
US1TXAG0001,20141125,SNOW,0,,,N,0930
US1TXAG0001,20141126,SNOW,0,,,N,0930
US1TXAG0001,20141127,SNOW,0,,,N,0930
US1TXAG0001,20141128,SNOW,0,,,N,0930
US1TXAG0001,20141129,SNOW,0,,,N,0930
US1TXAG0001,20141130,SNOW,0,,,N,0930
US1TXAG0001,20141201,PRCP,0,,,N,0930
US1TXAG0001,20141202,PRCP,43,,,N,0815
US1TXAG0001,20141203,PRCP,0,,,N,0930
US1TXAG0001,20141204,PRCP,0,,,N,0930
US1TXAG0001,20141205,PRCP,5,,,N,0910
US1TXAG0001,20141206,PRCP,3,,,N,0800
US1TXAG0001,20141207,PRCP,0,,,N,0930
US1TXAG0001,20141208,PRCP,0,,,N,0800
US1TXAG0001,20141209,PRCP,0,,,N,0930
US1TXAG0001,20141210,PRCP,0,,,N,0930
US1TXAG0001,20141211,PRCP,5,,,N,0800
US1TXAG0001,20141212,PRCP,3,,,N,0800
US1TXAG0001,20141213,PRCP,0,,,N,0930
US1TXAG0001,20141214,PRCP,0,,,N,0930
US1TXAG0001,20141215,PRCP,33,,,N,0800
US1TXAG0001,20141216,PRCP,0,,,N,0930
US1TXAG0001,20141217,PRCP,0,,,N,0930
US1TXAG0001,20141218,PRCP,0,T,,N,0800
US1TXAG0001,20141219,PRCP,173,,,N,0908
US1TXAG0001,20141220,PRCP,28,,,N,0800
US1TXAG0001,20141221,PRCP,0,,,N,0930
US1TXAG0001,20141222,PRCP,0,,,N,0930
US1TXAG0001,20141223,PRCP,0,,,N,0930
US1TXAG0001,20141224,PRCP,10,,,N,0800
US1TXAG0001,20141225,PRCP,0,,,N,0930
US1TXAG0001,20141229,PRCP,91,,,N,0930
US1TXAG0001,20141230,PRCP,0,,,N,0930
US1TXAG0001,20141231,PRCP,0,,,N,0930
US1TXAG0001,20141201,SNOW,0,,,N,0930
US1TXAG0001,20141203,SNOW,0,,,N,0930
US1TXAG0001,20141204,SNOW,0,,,N,0930
US1TXAG0001,20141207,SNOW,0,,,N,0930
US1TXAG0001,20141208,SNOW,0,,,N,0800
US1TXAG0001,20141209,SNOW,0,,,N,0930
US1TXAG0001,20141210,SNOW,0,,,N,0930
US1TXAG0001,20141213,SNOW,0,,,N,0930
US1TXAG0001,20141214,SNOW,0,,,N,0930
US1TXAG0001,20141216,SNOW,0,,,N,0930
US1TXAG0001,20141217,SNOW,0,,,N,0930
US1TXAG0001,20141221,SNOW,0,,,N,0930
US1TXAG0001,20141222,SNOW,0,,,N,0930
US1TXAG0001,20141223,SNOW,0,,,N,0930
US1TXAG0001,20141225,SNOW,0,,,N,0930
US1TXAG0001,20141230,SNOW,0,,,N,0930
US1TXAG0001,20141231,SNOW,0,,,N,0930
US1TXAG0001,20141228,DAPR,3,,,N,0749
US1TXAG0001,20141228,MDPR,295,,,N,0749
US1TXAG0001,20150101,PRCP,102,,,N,0829
US1TXAG0001,20150102,PRCP,437,,,N,0800
US1TXAG0001,20150103,PRCP,597,,,N,0810
US1TXAG0001,20150104,PRCP,5,,,N,0800
US1TXAG0001,20150105,PRCP,0,,,N,0930
US1TXAG0001,20150106,PRCP,0,,,N,0930
US1TXAG0001,20150107,PRCP,0,,,N,0930
US1TXAG0001,20150108,PRCP,0,,,N,0930
US1TXAG0001,20150109,PRCP,53,,,N,0825
US1TXAG0001,20150110,PRCP,36,,,N,0800
US1TXAG0001,20150111,PRCP,117,,,N,0800
US1TXAG0001,20150112,PRCP,107,,,N,0800
US1TXAG0001,20150113,PRCP,0,,,N,0930
US1TXAG0001,20150114,PRCP,0,,,N,0930
US1TXAG0001,20150115,PRCP,0,,,N,0930
US1TXAG0001,20150116,PRCP,0,,,N,0930
US1TXAG0001,20150117,PRCP,0,,,N,0930
US1TXAG0001,20150118,PRCP,0,,,N,0930
US1TXAG0001,20150119,PRCP,0,,,N,0930
US1TXAG0001,20150120,PRCP,0,T,,N,0800
US1TXAG0001,20150121,PRCP,0,,,N,0930
US1TXAG0001,20150124,PRCP,0,,,N,0930
US1TXAG0001,20150125,PRCP,48,,,N,0800
US1TXAG0001,20150126,PRCP,0,,,N,0930
US1TXAG0001,20150127,PRCP,0,,,N,0930
US1TXAG0001,20150128,PRCP,0,,,N,0930
US1TXAG0001,20150129,PRCP,0,,,N,0930
US1TXAG0001,20150130,PRCP,0,,,N,0930
US1TXAG0001,20150131,PRCP,23,,,N,0800
US1TXAG0001,20150102,SNOW,0,,,N,0800
US1TXAG0001,20150105,SNOW,0,,,N,0930
US1TXAG0001,20150106,SNOW,0,,,N,0930
US1TXAG0001,20150107,SNOW,0,,,N,0930
US1TXAG0001,20150108,SNOW,0,,,N,0930
US1TXAG0001,20150113,SNOW,0,,,N,0930
US1TXAG0001,20150114,SNOW,0,,,N,0930
US1TXAG0001,20150115,SNOW,0,,,N,0930
US1TXAG0001,20150116,SNOW,0,,,N,0930
US1TXAG0001,20150117,SNOW,0,,,N,0930
US1TXAG0001,20150118,SNOW,0,,,N,0930
US1TXAG0001,20150119,SNOW,0,,,N,0930
US1TXAG0001,20150121,SNOW,0,,,N,0930
US1TXAG0001,20150124,SNOW,0,,,N,0930
US1TXAG0001,20150126,SNOW,0,,,N,0930
US1TXAG0001,20150127,SNOW,0,,,N,0930
US1TXAG0001,20150128,SNOW,0,,,N,0930
US1TXAG0001,20150129,SNOW,0,,,N,0930
US1TXAG0001,20150130,SNOW,0,,,N,0930
US1TXAG0001,20150123,DAPR,2,,,N,0825
US1TXAG0001,20150123,MDPR,541,,,N,0825
US1TXAG0001,20150201,PRCP,0,,,N,0930
US1TXAG0001,20150202,PRCP,74,,,N,0800
US1TXAG0001,20150203,PRCP,0,,,N,0930
US1TXAG0001,20150204,PRCP,3,,,N,0800
US1TXAG0001,20150205,PRCP,8,,,N,0800
US1TXAG0001,20150206,PRCP,0,,,N,0930
US1TXAG0001,20150207,PRCP,0,,,N,0930
US1TXAG0001,20150208,PRCP,0,,,N,0930
US1TXAG0001,20150209,PRCP,0,,,N,0930
US1TXAG0001,20150210,PRCP,0,,,N,0930
US1TXAG0001,20150211,PRCP,0,,,N,0930
US1TXAG0001,20150212,PRCP,0,,,N,0930
US1TXAG0001,20150213,PRCP,0,,,N,0930
US1TXAG0001,20150214,PRCP,0,,,N,0930
US1TXAG0001,20150215,PRCP,0,,,N,0930
US1TXAG0001,20150216,PRCP,97,,,N,0800
US1TXAG0001,20150217,PRCP,124,,,N,0800
US1TXAG0001,20150218,PRCP,0,,,N,0930
US1TXAG0001,20150219,PRCP,0,,,N,0930
US1TXAG0001,20150220,PRCP,0,,,N,0930
US1TXAG0001,20150221,PRCP,0,T,,N,0930
US1TXAG0001,20150222,PRCP,102,,,N,0800
US1TXAG0001,20150223,PRCP,61,,,N,0800
US1TXAG0001,20150224,PRCP,5,,,N,0800
US1TXAG0001,20150225,PRCP,53,,,N,0800
US1TXAG0001,20150226,PRCP,20,,,N,0800
US1TXAG0001,20150227,PRCP,0,,,N,0930
US1TXAG0001,20150228,PRCP,0,,,N,0930
US1TXAG0001,20150201,SNOW,0,,,N,0930
US1TXAG0001,20150203,SNOW,0,,,N,0930
US1TXAG0001,20150206,SNOW,0,,,N,0930
US1TXAG0001,20150207,SNOW,0,,,N,0930
US1TXAG0001,20150208,SNOW,0,,,N,0930
US1TXAG0001,20150209,SNOW,0,,,N,0930
US1TXAG0001,20150210,SNOW,0,,,N,0930
US1TXAG0001,20150211,SNOW,0,,,N,0930
US1TXAG0001,20150212,SNOW,0,,,N,0930
US1TXAG0001,20150213,SNOW,0,,,N,0930
US1TXAG0001,20150214,SNOW,0,,,N,0930
US1TXAG0001,20150215,SNOW,0,,,N,0930
US1TXAG0001,20150218,SNOW,0,,,N,0930
US1TXAG0001,20150219,SNOW,0,,,N,0930
US1TXAG0001,20150220,SNOW,0,,,N,0930
US1TXAG0001,20150227,SNOW,0,,,N,0930
US1TXAG0001,20150228,SNOW,0,,,N,0930
US1TXAG0001,20150301,PRCP,20,,,N,0715
US1TXAG0001,20150302,PRCP,23,,,N,0630
US1TXAG0001,20150303,PRCP,3,,,N,0800
US1TXAG0001,20150304,PRCP,0,T,,N,0800
US1TXAG0001,20150305,PRCP,81,,,N,0930
US1TXAG0001,20150306,PRCP,109,,,N,0800
US1TXAG0001,20150307,PRCP,0,,,N,0930
US1TXAG0001,20150308,PRCP,58,,,N,0800
US1TXAG0001,20150309,PRCP,457,,,N,0900
US1TXAG0001,20150310,PRCP,348,,,N,0800
US1TXAG0001,20150311,PRCP,0,,,N,0930
US1TXAG0001,20150312,PRCP,30,,,N,0800
US1TXAG0001,20150313,PRCP,109,,,N,0800
US1TXAG0001,20150314,PRCP,0,T,,N,0800
US1TXAG0001,20150315,PRCP,0,,,N,0930
US1TXAG0001,20150316,PRCP,0,,,N,0930
US1TXAG0001,20150317,PRCP,0,,,N,0930
US1TXAG0001,20150318,PRCP,0,,,N,0930
US1TXAG0001,20150319,PRCP,185,,,N,0800
US1TXAG0001,20150320,PRCP,0,,,N,0930
US1TXAG0001,20150321,PRCP,211,,,N,0800
US1TXAG0001,20150322,PRCP,178,,,N,0800
US1TXAG0001,20150323,PRCP,0,,,N,0930
US1TXAG0001,20150324,PRCP,0,,,N,0930
US1TXAG0001,20150325,PRCP,0,,,N,0930
US1TXAG0001,20150326,PRCP,0,,,N,0930
US1TXAG0001,20150327,PRCP,0,,,N,0930
US1TXAG0001,20150328,PRCP,0,,,N,0930
US1TXAG0001,20150329,PRCP,0,,,N,0930
US1TXAG0001,20150330,PRCP,0,,,N,0930
US1TXAG0001,20150331,PRCP,0,,,N,0930
US1TXAG0001,20150301,SNOW,0,,,N,0715
US1TXAG0001,20150306,SNOW,0,,,N,0800
US1TXAG0001,20150307,SNOW,0,,,N,0930
US1TXAG0001,20150311,SNOW,0,,,N,0930
US1TXAG0001,20150315,SNOW,0,,,N,0930
US1TXAG0001,20150316,SNOW,0,,,N,0930
US1TXAG0001,20150317,SNOW,0,,,N,0930
US1TXAG0001,20150318,SNOW,0,,,N,0930
US1TXAG0001,20150320,SNOW,0,,,N,0930
US1TXAG0001,20150323,SNOW,0,,,N,0930
US1TXAG0001,20150324,SNOW,0,,,N,0930
US1TXAG0001,20150325,SNOW,0,,,N,0930
US1TXAG0001,20150326,SNOW,0,,,N,0930
US1TXAG0001,20150327,SNOW,0,,,N,0930
US1TXAG0001,20150328,SNOW,0,,,N,0930
US1TXAG0001,20150329,SNOW,0,,,N,0930
US1TXAG0001,20150330,SNOW,0,,,N,0930
US1TXAG0001,20150331,SNOW,0,,,N,0930
US1TXAG0001,20150401,PRCP,0,,,N,0930
US1TXAG0001,20150402,PRCP,0,,,N,0930
US1TXAG0001,20150403,PRCP,0,,,N,0930
US1TXAG0001,20150404,PRCP,56,,,N,0800
US1TXAG0001,20150405,PRCP,15,,,N,0800
US1TXAG0001,20150406,PRCP,297,,,N,0800
US1TXAG0001,20150407,PRCP,0,,,N,0930
US1TXAG0001,20150408,PRCP,0,,,N,0930
US1TXAG0001,20150409,PRCP,0,,,N,0930
US1TXAG0001,20150410,PRCP,64,,,N,0800
US1TXAG0001,20150411,PRCP,0,,,N,0930
US1TXAG0001,20150412,PRCP,0,,,N,0930
US1TXAG0001,20150413,PRCP,41,,,N,0800
US1TXAG0001,20150414,PRCP,13,,,N,0800
US1TXAG0001,20150415,PRCP,3,,,N,0800
US1TXAG0001,20150416,PRCP,0,T,,N,0800
US1TXAG0001,20150417,PRCP,150,,,N,0800
US1TXAG0001,20150418,PRCP,10,,,N,0800
US1TXAG0001,20150419,PRCP,109,,,N,0800
US1TXAG0001,20150420,PRCP,81,,,N,0800
US1TXAG0001,20150421,PRCP,0,,,N,0930
US1TXAG0001,20150422,PRCP,0,,,N,0930
US1TXAG0001,20150423,PRCP,71,,,N,0800
US1TXAG0001,20150424,PRCP,0,,,N,0800
US1TXAG0001,20150425,PRCP,81,,,N,0812
US1TXAG0001,20150426,PRCP,3,,,N,0800
US1TXAG0001,20150427,PRCP,401,,,N,0800
US1TXAG0001,20150428,PRCP,76,,,N,0800
US1TXAG0001,20150429,PRCP,0,,,N,0930
US1TXAG0001,20150430,PRCP,0,,,N,0930
US1TXAG0001,20150401,SNOW,0,,,N,0930
US1TXAG0001,20150402,SNOW,0,,,N,0930
US1TXAG0001,20150403,SNOW,0,,,N,0930
US1TXAG0001,20150407,SNOW,0,,,N,0930
US1TXAG0001,20150408,SNOW,0,,,N,0930
US1TXAG0001,20150409,SNOW,0,,,N,0930
US1TXAG0001,20150411,SNOW,0,,,N,0930
US1TXAG0001,20150412,SNOW,0,,,N,0930
US1TXAG0001,20150421,SNOW,0,,,N,0930
US1TXAG0001,20150422,SNOW,0,,,N,0930
US1TXAG0001,20150424,SNOW,0,,,N,0800
US1TXAG0001,20150429,SNOW,0,,,N,0930
US1TXAG0001,20150430,SNOW,0,,,N,0930
US1TXAG0001,20150501,PRCP,0,,,N,0930
US1TXAG0001,20150502,PRCP,0,,,N,0930
US1TXAG0001,20150503,PRCP,0,,,N,0930
US1TXAG0001,20150504,PRCP,0,,,N,0930
US1TXAG0001,20150505,PRCP,0,,,N,0930
US1TXAG0001,20150506,PRCP,0,,,N,0930
US1TXAG0001,20150507,PRCP,23,,,N,0800
US1TXAG0001,20150508,PRCP,3,,,N,0800
US1TXAG0001,20150509,PRCP,0,T,,N,0800
US1TXAG0001,20150510,PRCP,0,,,N,0930
US1TXAG0001,20150511,PRCP,886,,,N,0802
US1TXAG0001,20150512,PRCP,81,,,N,0800
US1TXAG0001,20150513,PRCP,89,,,N,0800
US1TXAG0001,20150514,PRCP,76,,,N,0800
US1TXAG0001,20150515,PRCP,38,,,N,0800
US1TXAG0001,20150516,PRCP,25,,,N,0800
US1TXAG0001,20150517,PRCP,0,,,N,0930
US1TXAG0001,20150518,PRCP,914,,,N,0945
US1TXAG0001,20150519,PRCP,38,,,N,0800
US1TXAG0001,20150520,PRCP,206,,,N,0800
US1TXAG0001,20150521,PRCP,373,,,N,0842
US1TXAG0001,20150522,PRCP,378,,,N,0800
US1TXAG0001,20150523,PRCP,0,,,N,0930
US1TXAG0001,20150524,PRCP,142,,,N,0800
US1TXAG0001,20150525,PRCP,84,,,N,0800
US1TXAG0001,20150526,PRCP,612,,,N,0800
US1TXAG0001,20150527,PRCP,274,,,N,0800
US1TXAG0001,20150528,PRCP,0,,,N,0930
US1TXAG0001,20150529,PRCP,25,,,N,0800
US1TXAG0001,20150530,PRCP,0,,,N,0930
US1TXAG0001,20150531,PRCP,450,,,N,0800
US1TXAG0001,20150501,SNOW,0,,,N,0930
US1TXAG0001,20150502,SNOW,0,,,N,0930
US1TXAG0001,20150503,SNOW,0,,,N,0930
US1TXAG0001,20150504,SNOW,0,,,N,0930
US1TXAG0001,20150505,SNOW,0,,,N,0930
US1TXAG0001,20150506,SNOW,0,,,N,0930
US1TXAG0001,20150510,SNOW,0,,,N,0930
US1TXAG0001,20150517,SNOW,0,,,N,0930
US1TXAG0001,20150523,SNOW,0,,,N,0930
US1TXAG0001,20150528,SNOW,0,,,N,0930
US1TXAG0001,20150530,SNOW,0,,,N,0930
US1TXAG0001,20150601,PRCP,0,,,N,0930
US1TXAG0001,20150620,PRCP,0,,,N,0930
US1TXAG0001,20150621,PRCP,3,,,N,0800
US1TXAG0001,20150622,PRCP,0,,,N,0930
US1TXAG0001,20150623,PRCP,0,,,N,0930
US1TXAG0001,20150624,PRCP,0,,,N,0930
US1TXAG0001,20150625,PRCP,0,,,N,0930
US1TXAG0001,20150626,PRCP,0,,,N,0930
US1TXAG0001,20150627,PRCP,0,,,N,0930
US1TXAG0001,20150628,PRCP,28,,,N,0800
US1TXAG0001,20150629,PRCP,0,,,N,0930
US1TXAG0001,20150630,PRCP,264,,,N,0800
US1TXAG0001,20150601,SNOW,0,,,N,0930
US1TXAG0001,20150620,SNOW,0,,,N,0930
US1TXAG0001,20150622,SNOW,0,,,N,0930
US1TXAG0001,20150623,SNOW,0,,,N,0930
US1TXAG0001,20150624,SNOW,0,,,N,0930
US1TXAG0001,20150625,SNOW,0,,,N,0930
US1TXAG0001,20150626,SNOW,0,,,N,0930
US1TXAG0001,20150627,SNOW,0,,,N,0930
US1TXAG0001,20150629,SNOW,0,,,N,0930
US1TXAG0001,20150619,DAPR,18,,,N,1400
US1TXAG0001,20150619,MDPR,1699,,,N,1400
US1TXAG0001,20150701,PRCP,0,,,N,0930
US1TXAG0001,20150702,PRCP,18,,,N,0800
US1TXAG0001,20150703,PRCP,0,,,N,0930
US1TXAG0001,20150704,PRCP,0,,,N,0930
US1TXAG0001,20150705,PRCP,0,T,,N,0800
US1TXAG0001,20150706,PRCP,0,,,N,0930
US1TXAG0001,20150707,PRCP,0,,,N,0930
US1TXAG0001,20150708,PRCP,0,,,N,0930
US1TXAG0001,20150709,PRCP,0,,,N,0930
US1TXAG0001,20150710,PRCP,0,,,N,0930
US1TXAG0001,20150711,PRCP,0,,,N,0930
US1TXAG0001,20150712,PRCP,0,,,N,0930
US1TXAG0001,20150713,PRCP,0,,,N,0930
US1TXAG0001,20150714,PRCP,0,,,N,0930
US1TXAG0001,20150715,PRCP,0,,,N,0930
US1TXAG0001,20150716,PRCP,0,,,N,0930
US1TXAG0001,20150717,PRCP,0,,,N,0930
US1TXAG0001,20150718,PRCP,0,,,N,0930
US1TXAG0001,20150719,PRCP,0,,,N,0930
US1TXAG0001,20150720,PRCP,0,,,N,0930
US1TXAG0001,20150721,PRCP,0,,,N,0930
US1TXAG0001,20150722,PRCP,0,,,N,0930
US1TXAG0001,20150723,PRCP,0,,,N,0930
US1TXAG0001,20150724,PRCP,0,,,N,0930
US1TXAG0001,20150725,PRCP,0,,,N,0930
US1TXAG0001,20150726,PRCP,0,,,N,0930
US1TXAG0001,20150727,PRCP,0,,,N,0930
US1TXAG0001,20150728,PRCP,0,,,N,0800
US1TXAG0001,20150729,PRCP,0,,,N,0930
US1TXAG0001,20150730,PRCP,0,,,N,0930
US1TXAG0001,20150731,PRCP,302,,,N,0800
US1TXAG0001,20150701,SNOW,0,,,N,0930
US1TXAG0001,20150703,SNOW,0,,,N,0930
US1TXAG0001,20150704,SNOW,0,,,N,0930
US1TXAG0001,20150706,SNOW,0,,,N,0930
US1TXAG0001,20150707,SNOW,0,,,N,0930
US1TXAG0001,20150708,SNOW,0,,,N,0930
US1TXAG0001,20150709,SNOW,0,,,N,0930
US1TXAG0001,20150710,SNOW,0,,,N,0930
US1TXAG0001,20150711,SNOW,0,,,N,0930
US1TXAG0001,20150712,SNOW,0,,,N,0930
US1TXAG0001,20150713,SNOW,0,,,N,0930
US1TXAG0001,20150714,SNOW,0,,,N,0930
US1TXAG0001,20150715,SNOW,0,,,N,0930
US1TXAG0001,20150716,SNOW,0,,,N,0930
US1TXAG0001,20150717,SNOW,0,,,N,0930
US1TXAG0001,20150718,SNOW,0,,,N,0930
US1TXAG0001,20150719,SNOW,0,,,N,0930
US1TXAG0001,20150720,SNOW,0,,,N,0930
US1TXAG0001,20150721,SNOW,0,,,N,0930
US1TXAG0001,20150722,SNOW,0,,,N,0930
US1TXAG0001,20150723,SNOW,0,,,N,0930
US1TXAG0001,20150724,SNOW,0,,,N,0930
US1TXAG0001,20150725,SNOW,0,,,N,0930
US1TXAG0001,20150726,SNOW,0,,,N,0930
US1TXAG0001,20150727,SNOW,0,,,N,0930
US1TXAG0001,20150728,SNOW,0,,,N,0800
US1TXAG0001,20150729,SNOW,0,,,N,0930
US1TXAG0001,20150730,SNOW,0,,,N,0930
US1TXAG0001,20150801,PRCP,0,,,N,0930
US1TXAG0001,20150802,PRCP,0,,,N,0930
US1TXAG0001,20150803,PRCP,0,,,N,0930
US1TXAG0001,20150804,PRCP,0,,,N,0930
US1TXAG0001,20150805,PRCP,0,,,N,0930
US1TXAG0001,20150806,PRCP,0,,,N,0930
US1TXAG0001,20150807,PRCP,0,,,N,0930
US1TXAG0001,20150808,PRCP,0,,,N,0930
US1TXAG0001,20150809,PRCP,0,,,N,0930
US1TXAG0001,20150810,PRCP,0,,,N,0930
US1TXAG0001,20150811,PRCP,0,,,N,0930
US1TXAG0001,20150812,PRCP,0,,,N,0930
US1TXAG0001,20150813,PRCP,0,,,N,0930
US1TXAG0001,20150814,PRCP,0,,,N,0930
US1TXAG0001,20150815,PRCP,0,,,N,0930
US1TXAG0001,20150816,PRCP,0,,,N,0930
US1TXAG0001,20150817,PRCP,18,,,N,0800
US1TXAG0001,20150818,PRCP,0,,,N,0930
US1TXAG0001,20150819,PRCP,0,,,N,0930
US1TXAG0001,20150820,PRCP,33,,,N,0800
US1TXAG0001,20150821,PRCP,10,,,N,0800
US1TXAG0001,20150822,PRCP,15,,,N,0800
US1TXAG0001,20150823,PRCP,203,,,N,0800
US1TXAG0001,20150824,PRCP,0,,,N,0930
US1TXAG0001,20150825,PRCP,0,,,N,0930
US1TXAG0001,20150826,PRCP,28,,,N,0800
US1TXAG0001,20150827,PRCP,0,,,N,0930
US1TXAG0001,20150828,PRCP,0,,,N,0930
US1TXAG0001,20150829,PRCP,0,,,N,0930
US1TXAG0001,20150830,PRCP,0,,,N,0930
US1TXAG0001,20150831,PRCP,0,,,N,0930
US1TXAG0001,20150801,SNOW,0,,,N,0930
US1TXAG0001,20150802,SNOW,0,,,N,0930
US1TXAG0001,20150803,SNOW,0,,,N,0930
US1TXAG0001,20150804,SNOW,0,,,N,0930
US1TXAG0001,20150805,SNOW,0,,,N,0930
US1TXAG0001,20150806,SNOW,0,,,N,0930
US1TXAG0001,20150807,SNOW,0,,,N,0930
US1TXAG0001,20150808,SNOW,0,,,N,0930
US1TXAG0001,20150809,SNOW,0,,,N,0930
US1TXAG0001,20150810,SNOW,0,,,N,0930
US1TXAG0001,20150811,SNOW,0,,,N,0930
US1TXAG0001,20150812,SNOW,0,,,N,0930
US1TXAG0001,20150813,SNOW,0,,,N,0930
US1TXAG0001,20150814,SNOW,0,,,N,0930
US1TXAG0001,20150815,SNOW,0,,,N,0930
US1TXAG0001,20150816,SNOW,0,,,N,0930
US1TXAG0001,20150818,SNOW,0,,,N,0930
US1TXAG0001,20150819,SNOW,0,,,N,0930
US1TXAG0001,20150824,SNOW,0,,,N,0930
US1TXAG0001,20150825,SNOW,0,,,N,0930
US1TXAG0001,20150827,SNOW,0,,,N,0930
US1TXAG0001,20150828,SNOW,0,,,N,0930
US1TXAG0001,20150829,SNOW,0,,,N,0930
US1TXAG0001,20150830,SNOW,0,,,N,0930
US1TXAG0001,20150831,SNOW,0,,,N,0930
US1TXAG0001,20150901,PRCP,0,,,N,0930
US1TXAG0001,20150902,PRCP,48,,,N,0800
US1TXAG0001,20150903,PRCP,0,,,N,0930
US1TXAG0001,20150904,PRCP,0,,,N,0930
US1TXAG0001,20150905,PRCP,0,,,N,0930
US1TXAG0001,20150906,PRCP,0,,,N,0930
US1TXAG0001,20150907,PRCP,0,,,N,0930
US1TXAG0001,20150908,PRCP,0,,,N,0930
US1TXAG0001,20150909,PRCP,0,,,N,0930
US1TXAG0001,20150910,PRCP,0,T,,N,0800
US1TXAG0001,20150911,PRCP,5,,,N,0800
US1TXAG0001,20150912,PRCP,0,,,N,0930
US1TXAG0001,20150913,PRCP,0,,,N,0930
US1TXAG0001,20150914,PRCP,0,,,N,0930
US1TXAG0001,20150915,PRCP,0,,,N,0930
US1TXAG0001,20150916,PRCP,0,,,N,0930
US1TXAG0001,20150917,PRCP,0,,,N,0930
US1TXAG0001,20150918,PRCP,0,,,N,0930
US1TXAG0001,20150919,PRCP,0,,,N,0930
US1TXAG0001,20150920,PRCP,0,,,N,0930
US1TXAG0001,20150921,PRCP,3,,,N,0800
US1TXAG0001,20150922,PRCP,0,,,N,0930
US1TXAG0001,20150923,PRCP,0,,,N,0930
US1TXAG0001,20150924,PRCP,0,,,N,0930
US1TXAG0001,20150925,PRCP,0,,,N,0930
US1TXAG0001,20150926,PRCP,0,,,N,0930
US1TXAG0001,20150927,PRCP,0,,,N,0930
US1TXAG0001,20150928,PRCP,211,,,N,0710
US1TXAG0001,20150929,PRCP,0,,,N,0930
US1TXAG0001,20150930,PRCP,0,,,N,0930
US1TXAG0001,20150901,SNOW,0,,,N,0930
US1TXAG0001,20150903,SNOW,0,,,N,0930
US1TXAG0001,20150904,SNOW,0,,,N,0930
US1TXAG0001,20150905,SNOW,0,,,N,0930
US1TXAG0001,20150906,SNOW,0,,,N,0930
US1TXAG0001,20150907,SNOW,0,,,N,0930
US1TXAG0001,20150908,SNOW,0,,,N,0930
US1TXAG0001,20150909,SNOW,0,,,N,0930
US1TXAG0001,20150912,SNOW,0,,,N,0930
US1TXAG0001,20150913,SNOW,0,,,N,0930
US1TXAG0001,20150914,SNOW,0,,,N,0930
US1TXAG0001,20150915,SNOW,0,,,N,0930
US1TXAG0001,20150916,SNOW,0,,,N,0930
US1TXAG0001,20150917,SNOW,0,,,N,0930
US1TXAG0001,20150918,SNOW,0,,,N,0930
US1TXAG0001,20150919,SNOW,0,,,N,0930
US1TXAG0001,20150920,SNOW,0,,,N,0930
US1TXAG0001,20150922,SNOW,0,,,N,0930
US1TXAG0001,20150923,SNOW,0,,,N,0930
US1TXAG0001,20150924,SNOW,0,,,N,0930
US1TXAG0001,20150925,SNOW,0,,,N,0930
US1TXAG0001,20150926,SNOW,0,,,N,0930
US1TXAG0001,20150927,SNOW,0,,,N,0930
US1TXAG0001,20150929,SNOW,0,,,N,0930
US1TXAG0001,20150930,SNOW,0,,,N,0930
US1TXAG0001,20151001,PRCP,0,,,N,0930
US1TXAG0001,20151002,PRCP,0,,,N,0930
US1TXAG0001,20151003,PRCP,0,,,N,0930
US1TXAG0001,20151004,PRCP,0,,,N,0930
US1TXAG0001,20151005,PRCP,0,,,N,0930
US1TXAG0001,20151006,PRCP,0,,,N,0930
US1TXAG0001,20151007,PRCP,0,,,N,0930
US1TXAG0001,20151008,PRCP,0,,,N,0930
US1TXAG0001,20151009,PRCP,0,,,N,0930
US1TXAG0001,20151010,PRCP,0,,,N,0930
US1TXAG0001,20151011,PRCP,0,,,N,0930
US1TXAG0001,20151012,PRCP,0,,,N,0930
US1TXAG0001,20151013,PRCP,0,,,N,0930
US1TXAG0001,20151014,PRCP,0,,,N,0930
US1TXAG0001,20151015,PRCP,0,,,N,0930
US1TXAG0001,20151016,PRCP,0,,,N,0930
US1TXAG0001,20151017,PRCP,0,,,N,0930
US1TXAG0001,20151018,PRCP,0,,,N,0930
US1TXAG0001,20151019,PRCP,0,,,N,0930
US1TXAG0001,20151020,PRCP,0,,,N,0930
US1TXAG0001,20151021,PRCP,0,,,N,0930
US1TXAG0001,20151022,PRCP,0,,,N,0930
US1TXAG0001,20151023,PRCP,64,,,N,0815
US1TXAG0001,20151024,PRCP,3,,,N,0800
US1TXAG0001,20151025,PRCP,671,,,N,0755
US1TXAG0001,20151026,PRCP,511,,,N,0834
US1TXAG0001,20151027,PRCP,5,,,N,0800
US1TXAG0001,20151028,PRCP,0,,,N,0930
US1TXAG0001,20151029,PRCP,0,,,N,0930
US1TXAG0001,20151030,PRCP,0,,,N,0930
US1TXAG0001,20151031,PRCP,277,,,N,0830
US1TXAG0001,20151001,SNOW,0,,,N,0930
US1TXAG0001,20151002,SNOW,0,,,N,0930
US1TXAG0001,20151003,SNOW,0,,,N,0930
US1TXAG0001,20151004,SNOW,0,,,N,0930
US1TXAG0001,20151005,SNOW,0,,,N,0930
US1TXAG0001,20151006,SNOW,0,,,N,0930
US1TXAG0001,20151007,SNOW,0,,,N,0930
US1TXAG0001,20151008,SNOW,0,,,N,0930
US1TXAG0001,20151009,SNOW,0,,,N,0930
US1TXAG0001,20151010,SNOW,0,,,N,0930
US1TXAG0001,20151011,SNOW,0,,,N,0930
US1TXAG0001,20151012,SNOW,0,,,N,0930
US1TXAG0001,20151013,SNOW,0,,,N,0930
US1TXAG0001,20151014,SNOW,0,,,N,0930
US1TXAG0001,20151015,SNOW,0,,,N,0930
US1TXAG0001,20151016,SNOW,0,,,N,0930
US1TXAG0001,20151017,SNOW,0,,,N,0930
US1TXAG0001,20151018,SNOW,0,,,N,0930
US1TXAG0001,20151019,SNOW,0,,,N,0930
US1TXAG0001,20151020,SNOW,0,,,N,0930
US1TXAG0001,20151021,SNOW,0,,,N,0930
US1TXAG0001,20151022,SNOW,0,,,N,0930
US1TXAG0001,20151028,SNOW,0,,,N,0930
US1TXAG0001,20151029,SNOW,0,,,N,0930
US1TXAG0001,20151030,SNOW,0,,,N,0930
US1TXAG0001,20151101,PRCP,33,,,N,0800
US1TXAG0001,20151102,PRCP,244,,,N,0800
US1TXAG0001,20151103,PRCP,0,,,N,0930
US1TXAG0001,20151104,PRCP,0,,,N,0930
US1TXAG0001,20151105,PRCP,0,,,N,0930
US1TXAG0001,20151106,PRCP,155,,,N,0800
US1TXAG0001,20151107,PRCP,168,,,N,1000
US1TXAG0001,20151108,PRCP,61,,,N,0800
US1TXAG0001,20151109,PRCP,0,,,N,0930
US1TXAG0001,20151110,PRCP,0,,,N,0930
US1TXAG0001,20151111,PRCP,0,,,N,0930
US1TXAG0001,20151112,PRCP,56,,,N,0800
US1TXAG0001,20151113,PRCP,0,,,N,0930
US1TXAG0001,20151114,PRCP,0,,,N,0930
US1TXAG0001,20151115,PRCP,23,,,N,0800
US1TXAG0001,20151116,PRCP,0,,,N,0930
US1TXAG0001,20151117,PRCP,467,,,N,0800
US1TXAG0001,20151118,PRCP,947,,,N,0800
US1TXAG0001,20151119,PRCP,0,,,N,0930
US1TXAG0001,20151120,PRCP,0,,,N,0930
US1TXAG0001,20151121,PRCP,5,,,N,0800
US1TXAG0001,20151122,PRCP,0,,,N,0930
US1TXAG0001,20151123,PRCP,0,,,N,0930
US1TXAG0001,20151124,PRCP,0,,,N,0930
US1TXAG0001,20151125,PRCP,0,,,N,0930
US1TXAG0001,20151126,PRCP,0,,,N,0930
US1TXAG0001,20151127,PRCP,0,T,,N,0800
US1TXAG0001,20151128,PRCP,33,,,N,0900
US1TXAG0001,20151129,PRCP,124,,,N,0707
US1TXAG0001,20151130,PRCP,76,,,N,0924
US1TXAG0001,20151103,SNOW,0,,,N,0930
US1TXAG0001,20151104,SNOW,0,,,N,0930
US1TXAG0001,20151105,SNOW,0,,,N,0930
US1TXAG0001,20151109,SNOW,0,,,N,0930
US1TXAG0001,20151110,SNOW,0,,,N,0930
US1TXAG0001,20151111,SNOW,0,,,N,0930
US1TXAG0001,20151113,SNOW,0,,,N,0930
US1TXAG0001,20151114,SNOW,0,,,N,0930
US1TXAG0001,20151116,SNOW,0,,,N,0930
US1TXAG0001,20151119,SNOW,0,,,N,0930
US1TXAG0001,20151120,SNOW,0,,,N,0930
US1TXAG0001,20151122,SNOW,0,,,N,0930
US1TXAG0001,20151123,SNOW,0,,,N,0930
US1TXAG0001,20151124,SNOW,0,,,N,0930
US1TXAG0001,20151125,SNOW,0,,,N,0930
US1TXAG0001,20151126,SNOW,0,,,N,0930
US1TXAG0001,20151201,PRCP,0,,,N,0930
US1TXAG0001,20151202,PRCP,0,,,N,0930
US1TXAG0001,20151203,PRCP,0,,,N,0930
US1TXAG0001,20151204,PRCP,0,,,N,0930
US1TXAG0001,20151205,PRCP,0,,,N,0930
US1TXAG0001,20151206,PRCP,0,,,N,0930
US1TXAG0001,20151207,PRCP,0,,,N,0930
US1TXAG0001,20151208,PRCP,0,,,N,0930
US1TXAG0001,20151209,PRCP,0,,,N,0930
US1TXAG0001,20151210,PRCP,0,,,N,0930
US1TXAG0001,20151211,PRCP,0,,,N,0930
US1TXAG0001,20151212,PRCP,0,,,N,0930
US1TXAG0001,20151213,PRCP,180,,,N,0715
US1TXAG0001,20151214,PRCP,450,,,N,0800
US1TXAG0001,20151215,PRCP,0,,,N,0930
US1TXAG0001,20151216,PRCP,0,,,N,0930
US1TXAG0001,20151217,PRCP,0,,,N,0930
US1TXAG0001,20151218,PRCP,0,,,N,0930
US1TXAG0001,20151219,PRCP,0,,,N,0930
US1TXAG0001,20151220,PRCP,0,,,N,0930
US1TXAG0001,20151221,PRCP,5,,,N,0800
US1TXAG0001,20151222,PRCP,20,,,N,0800
US1TXAG0001,20151223,PRCP,0,T,,N,0800
US1TXAG0001,20151224,PRCP,0,,,N,0930
US1TXAG0001,20151225,PRCP,0,,,N,0930
US1TXAG0001,20151226,PRCP,5,,,N,0800
US1TXAG0001,20151227,PRCP,5,,,N,0800
US1TXAG0001,20151228,PRCP,417,,,N,0800
US1TXAG0001,20151229,PRCP,0,,,N,0930
US1TXAG0001,20151230,PRCP,0,,,N,0930
US1TXAG0001,20151231,PRCP,0,,,N,0930
US1TXAG0001,20151201,SNOW,0,,,N,0930
US1TXAG0001,20151202,SNOW,0,,,N,0930
US1TXAG0001,20151203,SNOW,0,,,N,0930
US1TXAG0001,20151204,SNOW,0,,,N,0930
US1TXAG0001,20151205,SNOW,0,,,N,0930
US1TXAG0001,20151206,SNOW,0,,,N,0930
US1TXAG0001,20151207,SNOW,0,,,N,0930
US1TXAG0001,20151208,SNOW,0,,,N,0930
US1TXAG0001,20151209,SNOW,0,,,N,0930
US1TXAG0001,20151210,SNOW,0,,,N,0930
US1TXAG0001,20151211,SNOW,0,,,N,0930
US1TXAG0001,20151212,SNOW,0,,,N,0930
US1TXAG0001,20151215,SNOW,0,,,N,0930
US1TXAG0001,20151216,SNOW,0,,,N,0930
US1TXAG0001,20151217,SNOW,0,,,N,0930
US1TXAG0001,20151218,SNOW,0,,,N,0930
US1TXAG0001,20151219,SNOW,0,,,N,0930
US1TXAG0001,20151220,SNOW,0,,,N,0930
US1TXAG0001,20151224,SNOW,0,,,N,0930
US1TXAG0001,20151225,SNOW,0,,,N,0930
US1TXAG0001,20151229,SNOW,0,,,N,0930
US1TXAG0001,20151230,SNOW,0,,,N,0930
US1TXAG0001,20151231,SNOW,0,,,N,0930
US1TXAG0001,20160101,PRCP,0,,,N,0930
US1TXAG0001,20160102,PRCP,0,,,N,0930
US1TXAG0001,20160103,PRCP,0,,,N,0930
US1TXAG0001,20160104,PRCP,0,,,N,0930
US1TXAG0001,20160105,PRCP,0,,,N,0930
US1TXAG0001,20160106,PRCP,0,,,N,0930
US1TXAG0001,20160107,PRCP,198,,,N,0800
US1TXAG0001,20160108,PRCP,0,,,N,0930
US1TXAG0001,20160109,PRCP,244,,,N,0800
US1TXAG0001,20160110,PRCP,0,,,N,0930
US1TXAG0001,20160111,PRCP,0,,,N,0930
US1TXAG0001,20160112,PRCP,0,,,N,0930
US1TXAG0001,20160113,PRCP,0,,,N,0930
US1TXAG0001,20160114,PRCP,0,,,N,0930
US1TXAG0001,20160115,PRCP,0,,,N,0930
US1TXAG0001,20160116,PRCP,0,,,N,0930
US1TXAG0001,20160117,PRCP,8,,,N,0800
US1TXAG0001,20160118,PRCP,0,,,N,0930
US1TXAG0001,20160119,PRCP,0,,,N,0930
US1TXAG0001,20160120,PRCP,0,,,N,0930
US1TXAG0001,20160121,PRCP,0,,,N,0930
US1TXAG0001,20160122,PRCP,36,,,N,0800
US1TXAG0001,20160123,PRCP,0,,,N,0930
US1TXAG0001,20160124,PRCP,0,,,N,0930
US1TXAG0001,20160125,PRCP,0,,,N,0930
US1TXAG0001,20160126,PRCP,0,,,N,0930
US1TXAG0001,20160127,PRCP,0,,,N,0930
US1TXAG0001,20160128,PRCP,0,,,N,0930
US1TXAG0001,20160129,PRCP,0,,,N,0930
US1TXAG0001,20160130,PRCP,0,,,N,0930
US1TXAG0001,20160131,PRCP,0,,,N,0930
US1TXAG0001,20160101,SNOW,0,,,N,0930
US1TXAG0001,20160102,SNOW,0,,,N,0930
US1TXAG0001,20160103,SNOW,0,,,N,0930
US1TXAG0001,20160104,SNOW,0,,,N,0930
US1TXAG0001,20160105,SNOW,0,,,N,0930
US1TXAG0001,20160106,SNOW,0,,,N,0930
US1TXAG0001,20160108,SNOW,0,,,N,0930
US1TXAG0001,20160110,SNOW,0,,,N,0930
US1TXAG0001,20160111,SNOW,0,,,N,0930
US1TXAG0001,20160112,SNOW,0,,,N,0930
US1TXAG0001,20160113,SNOW,0,,,N,0930
US1TXAG0001,20160114,SNOW,0,,,N,0930
US1TXAG0001,20160115,SNOW,0,,,N,0930
US1TXAG0001,20160116,SNOW,0,,,N,0930
US1TXAG0001,20160118,SNOW,0,,,N,0930
US1TXAG0001,20160119,SNOW,0,,,N,0930
US1TXAG0001,20160120,SNOW,0,,,N,0930
US1TXAG0001,20160121,SNOW,0,,,N,0930
US1TXAG0001,20160123,SNOW,0,,,N,0930
US1TXAG0001,20160124,SNOW,0,,,N,0930
US1TXAG0001,20160125,SNOW,0,,,N,0930
US1TXAG0001,20160126,SNOW,0,,,N,0930
US1TXAG0001,20160127,SNOW,0,,,N,0930
US1TXAG0001,20160128,SNOW,0,,,N,0930
US1TXAG0001,20160129,SNOW,0,,,N,0930
US1TXAG0001,20160130,SNOW,0,,,N,0930
US1TXAG0001,20160131,SNOW,0,,,N,0930
US1TXAG0001,20160201,PRCP,0,,,N,0930
US1TXAG0001,20160202,PRCP,0,,,N,0930
US1TXAG0001,20160203,PRCP,0,,,N,0930
US1TXAG0001,20160204,PRCP,0,,,N,0930
US1TXAG0001,20160205,PRCP,0,,,N,0930
US1TXAG0001,20160206,PRCP,33,,,N,0800
US1TXAG0001,20160207,PRCP,0,,,N,0930
US1TXAG0001,20160208,PRCP,0,,,N,0930
US1TXAG0001,20160209,PRCP,0,,,N,0930
US1TXAG0001,20160210,PRCP,0,,,N,0930
US1TXAG0001,20160211,PRCP,0,,,N,0930
US1TXAG0001,20160212,PRCP,0,,,N,0930
US1TXAG0001,20160213,PRCP,0,,,N,0930
US1TXAG0001,20160214,PRCP,0,,,N,0930
US1TXAG0001,20160215,PRCP,0,,,N,0930
US1TXAG0001,20160216,PRCP,0,,,N,0930
US1TXAG0001,20160217,PRCP,0,,,N,0930
US1TXAG0001,20160218,PRCP,0,,,N,0930
US1TXAG0001,20160219,PRCP,0,,,N,0930
US1TXAG0001,20160220,PRCP,0,,,N,0930
US1TXAG0001,20160221,PRCP,0,,,N,0930
US1TXAG0001,20160222,PRCP,632,,,N,0800
US1TXAG0001,20160223,PRCP,155,,,N,0800
US1TXAG0001,20160224,PRCP,0,,,N,0930
US1TXAG0001,20160225,PRCP,0,,,N,0930
US1TXAG0001,20160226,PRCP,0,,,N,0930
US1TXAG0001,20160227,PRCP,0,,,N,0930
US1TXAG0001,20160228,PRCP,0,,,N,0930
US1TXAG0001,20160229,PRCP,0,,,N,0930
US1TXAG0001,20160201,SNOW,0,,,N,0930
US1TXAG0001,20160202,SNOW,0,,,N,0930
US1TXAG0001,20160203,SNOW,0,,,N,0930
US1TXAG0001,20160204,SNOW,0,,,N,0930
US1TXAG0001,20160205,SNOW,0,,,N,0930
US1TXAG0001,20160207,SNOW,0,,,N,0930
US1TXAG0001,20160208,SNOW,0,,,N,0930
US1TXAG0001,20160209,SNOW,0,,,N,0930
US1TXAG0001,20160210,SNOW,0,,,N,0930
US1TXAG0001,20160211,SNOW,0,,,N,0930
US1TXAG0001,20160212,SNOW,0,,,N,0930
US1TXAG0001,20160213,SNOW,0,,,N,0930
US1TXAG0001,20160214,SNOW,0,,,N,0930
US1TXAG0001,20160215,SNOW,0,,,N,0930
US1TXAG0001,20160216,SNOW,0,,,N,0930
US1TXAG0001,20160217,SNOW,0,,,N,0930
US1TXAG0001,20160218,SNOW,0,,,N,0930
US1TXAG0001,20160219,SNOW,0,,,N,0930
US1TXAG0001,20160220,SNOW,0,,,N,0930
US1TXAG0001,20160221,SNOW,0,,,N,0930
US1TXAG0001,20160224,SNOW,0,,,N,0930
US1TXAG0001,20160225,SNOW,0,,,N,0930
US1TXAG0001,20160226,SNOW,0,,,N,0930
US1TXAG0001,20160227,SNOW,0,,,N,0930
US1TXAG0001,20160228,SNOW,0,,,N,0930
US1TXAG0001,20160229,SNOW,0,,,N,0930
US1TXAG0001,20160301,PRCP,0,,,N,0930
US1TXAG0001,20160302,PRCP,0,,,N,0930
US1TXAG0001,20160315,PRCP,0,,,N,0930
US1TXAG0001,20160316,PRCP,0,,,N,0930
US1TXAG0001,20160317,PRCP,0,,,N,0930
US1TXAG0001,20160318,PRCP,0,,,N,0930
US1TXAG0001,20160319,PRCP,0,,,N,0930
US1TXAG0001,20160320,PRCP,0,,,N,0930
US1TXAG0001,20160321,PRCP,0,,,N,0930
US1TXAG0001,20160322,PRCP,0,,,N,0930
US1TXAG0001,20160323,PRCP,0,,,N,0930
US1TXAG0001,20160324,PRCP,109,,,N,0800
US1TXAG0001,20160325,PRCP,0,,,N,0930
US1TXAG0001,20160326,PRCP,0,,,N,0930
US1TXAG0001,20160327,PRCP,0,,,N,0930
US1TXAG0001,20160328,PRCP,0,,,N,0930
US1TXAG0001,20160329,PRCP,0,,,N,0930
US1TXAG0001,20160330,PRCP,5,,,N,0800
US1TXAG0001,20160331,PRCP,5,,,N,0800
US1TXAG0001,20160301,SNOW,0,,,N,0930
US1TXAG0001,20160302,SNOW,0,,,N,0930
US1TXAG0001,20160315,SNOW,0,,,N,0930
US1TXAG0001,20160316,SNOW,0,,,N,0930
US1TXAG0001,20160317,SNOW,0,,,N,0930
US1TXAG0001,20160318,SNOW,0,,,N,0930
US1TXAG0001,20160319,SNOW,0,,,N,0930
US1TXAG0001,20160320,SNOW,0,,,N,0930
US1TXAG0001,20160321,SNOW,0,,,N,0930
US1TXAG0001,20160322,SNOW,0,,,N,0930
US1TXAG0001,20160323,SNOW,0,,,N,0930
US1TXAG0001,20160325,SNOW,0,,,N,0930
US1TXAG0001,20160326,SNOW,0,,,N,0930
US1TXAG0001,20160327,SNOW,0,,,N,0930
US1TXAG0001,20160328,SNOW,0,,,N,0930
US1TXAG0001,20160329,SNOW,0,,,N,0930
US1TXAG0001,20160331,SNOW,0,,,N,0800
US1TXAG0001,20160314,DAPR,12,,,N,0800
US1TXAG0001,20160314,MDPR,1359,,,N,0800
US1TXAG0001,20160401,PRCP,5,,,N,0800
US1TXAG0001,20160402,PRCP,8,,,N,0800
US1TXAG0001,20160403,PRCP,0,,,N,0930
US1TXAG0001,20160404,PRCP,0,,,N,0930
US1TXAG0001,20160405,PRCP,0,,,N,0930
US1TXAG0001,20160406,PRCP,0,,,N,0930
US1TXAG0001,20160407,PRCP,0,,,N,0930
US1TXAG0001,20160408,PRCP,0,,,N,0930
US1TXAG0001,20160409,PRCP,0,,,N,0930
US1TXAG0001,20160410,PRCP,0,,,N,0930
US1TXAG0001,20160411,PRCP,10,,,N,0800
US1TXAG0001,20160412,PRCP,28,,,N,0800
US1TXAG0001,20160413,PRCP,69,,,N,0800
US1TXAG0001,20160414,PRCP,13,,,N,0800
US1TXAG0001,20160415,PRCP,0,,,N,0930
US1TXAG0001,20160416,PRCP,0,,,N,0930
US1TXAG0001,20160417,PRCP,0,,,N,0930
US1TXAG0001,20160418,PRCP,450,,,N,0800
US1TXAG0001,20160419,PRCP,142,,,N,0800
US1TXAG0001,20160420,PRCP,33,,,N,0800
US1TXAG0001,20160421,PRCP,201,,,N,0925
US1TXAG0001,20160422,PRCP,267,,,N,0800
US1TXAG0001,20160423,PRCP,0,,,N,0930
US1TXAG0001,20160424,PRCP,0,,,N,0930
US1TXAG0001,20160425,PRCP,0,,,N,0930
US1TXAG0001,20160426,PRCP,284,,,N,0800
US1TXAG0001,20160427,PRCP,0,,,N,0800
US1TXAG0001,20160428,PRCP,0,,,N,0930
US1TXAG0001,20160429,PRCP,0,,,N,0930
US1TXAG0001,20160430,PRCP,625,,,N,0800
US1TXAG0001,20160403,SNOW,0,,,N,0930
US1TXAG0001,20160404,SNOW,0,,,N,0930
US1TXAG0001,20160405,SNOW,0,,,N,0930
US1TXAG0001,20160406,SNOW,0,,,N,0930
US1TXAG0001,20160407,SNOW,0,,,N,0930
US1TXAG0001,20160408,SNOW,0,,,N,0930
US1TXAG0001,20160409,SNOW,0,,,N,0930
US1TXAG0001,20160410,SNOW,0,,,N,0930
US1TXAG0001,20160415,SNOW,0,,,N,0930
US1TXAG0001,20160416,SNOW,0,,,N,0930
US1TXAG0001,20160417,SNOW,0,,,N,0930
US1TXAG0001,20160423,SNOW,0,,,N,0930
US1TXAG0001,20160424,SNOW,0,,,N,0930
US1TXAG0001,20160425,SNOW,0,,,N,0930
US1TXAG0001,20160427,SNOW,0,,,N,0800
US1TXAG0001,20160428,SNOW,0,,,N,0930
US1TXAG0001,20160429,SNOW,0,,,N,0930
US1TXAG0001,20160501,PRCP,23,,,N,0800
US1TXAG0001,20160502,PRCP,28,,,N,0815
US1TXAG0001,20160503,PRCP,18,,,N,0800
US1TXAG0001,20160504,PRCP,0,,,N,0930
US1TXAG0001,20160505,PRCP,0,,,N,0930
US1TXAG0001,20160506,PRCP,0,,,N,0930
US1TXAG0001,20160507,PRCP,0,,,N,0930
US1TXAG0001,20160508,PRCP,0,,,N,0930
US1TXAG0001,20160509,PRCP,0,,,N,0930
US1TXAG0001,20160510,PRCP,0,,,N,0930
US1TXAG0001,20160511,PRCP,0,,,N,0930
US1TXAG0001,20160512,PRCP,0,,,N,0930
US1TXAG0001,20160513,PRCP,0,,,N,0930
US1TXAG0001,20160514,PRCP,0,,,N,0930
US1TXAG0001,20160515,PRCP,30,,,N,0800
US1TXAG0001,20160516,PRCP,8,,,N,0800
US1TXAG0001,20160517,PRCP,20,,,N,0800
US1TXAG0001,20160518,PRCP,0,,,N,0930
US1TXAG0001,20160519,PRCP,0,,,N,0930
US1TXAG0001,20160520,PRCP,127,,,N,0800
US1TXAG0001,20160521,PRCP,0,,,N,0930
US1TXAG0001,20160522,PRCP,0,,,N,0930
US1TXAG0001,20160523,PRCP,0,,,N,0930
US1TXAG0001,20160524,PRCP,0,,,N,0930
US1TXAG0001,20160525,PRCP,8,,,N,0800
US1TXAG0001,20160526,PRCP,0,,,N,0800
US1TXAG0001,20160527,PRCP,1227,,,N,0815
US1TXAG0001,20160528,PRCP,577,,,N,0800
US1TXAG0001,20160529,PRCP,0,,,N,0930
US1TXAG0001,20160530,PRCP,0,,,N,0930
US1TXAG0001,20160531,PRCP,0,,,N,0930
US1TXAG0001,20160504,SNOW,0,,,N,0930
US1TXAG0001,20160505,SNOW,0,,,N,0930
US1TXAG0001,20160506,SNOW,0,,,N,0930
US1TXAG0001,20160507,SNOW,0,,,N,0930
US1TXAG0001,20160508,SNOW,0,,,N,0930
US1TXAG0001,20160509,SNOW,0,,,N,0930
US1TXAG0001,20160510,SNOW,0,,,N,0930
US1TXAG0001,20160511,SNOW,0,,,N,0930
US1TXAG0001,20160512,SNOW,0,,,N,0930
US1TXAG0001,20160513,SNOW,0,,,N,0930
US1TXAG0001,20160514,SNOW,0,,,N,0930
US1TXAG0001,20160518,SNOW,0,,,N,0930
US1TXAG0001,20160519,SNOW,0,,,N,0930
US1TXAG0001,20160521,SNOW,0,,,N,0930
US1TXAG0001,20160522,SNOW,0,,,N,0930
US1TXAG0001,20160523,SNOW,0,,,N,0930
US1TXAG0001,20160524,SNOW,0,,,N,0930
US1TXAG0001,20160526,SNOW,0,,,N,0800
US1TXAG0001,20160529,SNOW,0,,,N,0930
US1TXAG0001,20160530,SNOW,0,,,N,0930
US1TXAG0001,20160531,SNOW,0,,,N,0930
US1TXAG0001,20160601,PRCP,0,,,N,0930
US1TXAG0001,20160602,PRCP,117,,,N,0800
US1TXAG0001,20160603,PRCP,193,,,N,0800
US1TXAG0001,20160604,PRCP,8,,,N,0800
US1TXAG0001,20160605,PRCP,20,,,N,0800
US1TXAG0001,20160606,PRCP,74,,,N,0800
US1TXAG0001,20160607,PRCP,0,,,N,0930
US1TXAG0001,20160608,PRCP,0,,,N,0930
US1TXAG0001,20160609,PRCP,0,,,N,0930
US1TXAG0001,20160610,PRCP,0,,,N,0930
US1TXAG0001,20160611,PRCP,0,,,N,0930
US1TXAG0001,20160612,PRCP,0,,,N,0930
US1TXAG0001,20160613,PRCP,193,,,N,0800
US1TXAG0001,20160614,PRCP,8,,,N,0930
US1TXAG0001,20160615,PRCP,0,,,N,0930
US1TXAG0001,20160616,PRCP,0,,,N,0930
US1TXAG0001,20160617,PRCP,0,,,N,0930
US1TXAG0001,20160618,PRCP,0,,,N,0930
US1TXAG0001,20160619,PRCP,0,,,N,0930
US1TXAG0001,20160620,PRCP,43,,,N,0800
US1TXAG0001,20160621,PRCP,0,,,N,0930
US1TXAG0001,20160622,PRCP,0,,,N,0930
US1TXAG0001,20160623,PRCP,0,,,N,0930
US1TXAG0001,20160624,PRCP,0,,,N,0930
US1TXAG0001,20160625,PRCP,0,,,N,0930
US1TXAG0001,20160626,PRCP,0,,,N,0930
US1TXAG0001,20160627,PRCP,0,,,N,0930
US1TXAG0001,20160628,PRCP,41,,,N,0800
US1TXAG0001,20160629,PRCP,152,,,N,0800
US1TXAG0001,20160630,PRCP,0,,,N,0930
US1TXAG0001,20160601,SNOW,0,,,N,0930
US1TXAG0001,20160607,SNOW,0,,,N,0930
US1TXAG0001,20160608,SNOW,0,,,N,0930
US1TXAG0001,20160609,SNOW,0,,,N,0930
US1TXAG0001,20160610,SNOW,0,,,N,0930
US1TXAG0001,20160611,SNOW,0,,,N,0930
US1TXAG0001,20160612,SNOW,0,,,N,0930
US1TXAG0001,20160614,SNOW,0,,,N,0930
US1TXAG0001,20160615,SNOW,0,,,N,0930
US1TXAG0001,20160616,SNOW,0,,,N,0930
US1TXAG0001,20160617,SNOW,0,,,N,0930
US1TXAG0001,20160618,SNOW,0,,,N,0930
US1TXAG0001,20160619,SNOW,0,,,N,0930
US1TXAG0001,20160621,SNOW,0,,,N,0930
US1TXAG0001,20160622,SNOW,0,,,N,0930
US1TXAG0001,20160623,SNOW,0,,,N,0930
US1TXAG0001,20160624,SNOW,0,,,N,0930
US1TXAG0001,20160625,SNOW,0,,,N,0930
US1TXAG0001,20160626,SNOW,0,,,N,0930
US1TXAG0001,20160627,SNOW,0,,,N,0930
US1TXAG0001,20160630,SNOW,0,,,N,0930
US1TXAG0001,20160701,PRCP,0,,,N,0930
US1TXAG0001,20160702,PRCP,0,,,N,0930
US1TXAG0001,20160703,PRCP,5,,,N,0800
US1TXAG0001,20160704,PRCP,0,,,N,0930
US1TXAG0001,20160705,PRCP,8,,,N,0800
US1TXAG0001,20160706,PRCP,0,,,N,0930
US1TXAG0001,20160707,PRCP,0,,,N,0930
US1TXAG0001,20160708,PRCP,0,,,N,0930
US1TXAG0001,20160709,PRCP,0,,,N,0930
US1TXAG0001,20160710,PRCP,0,,,N,0930
US1TXAG0001,20160711,PRCP,0,,,N,0930
US1TXAG0001,20160712,PRCP,0,,,N,0930
US1TXAG0001,20160713,PRCP,0,,,N,0930
US1TXAG0001,20160714,PRCP,0,,,N,0930
US1TXAG0001,20160715,PRCP,0,,,N,0930
US1TXAG0001,20160716,PRCP,0,,,N,0930
US1TXAG0001,20160717,PRCP,0,,,N,0930
US1TXAG0001,20160718,PRCP,0,,,N,0930
US1TXAG0001,20160719,PRCP,0,,,N,0930
US1TXAG0001,20160720,PRCP,0,,,N,0930
US1TXAG0001,20160721,PRCP,0,,,N,0930
US1TXAG0001,20160722,PRCP,0,,,N,0930
US1TXAG0001,20160723,PRCP,0,,,N,0930
US1TXAG0001,20160724,PRCP,0,,,N,0930
US1TXAG0001,20160725,PRCP,635,,,N,0800
US1TXAG0001,20160726,PRCP,43,,,N,0800
US1TXAG0001,20160727,PRCP,0,,,N,0930
US1TXAG0001,20160728,PRCP,302,,,N,0800
US1TXAG0001,20160729,PRCP,5,,,N,0800
US1TXAG0001,20160730,PRCP,114,,,N,0800
US1TXAG0001,20160731,PRCP,0,,,N,0930
US1TXAG0001,20160701,SNOW,0,,,N,0930
US1TXAG0001,20160702,SNOW,0,,,N,0930
US1TXAG0001,20160704,SNOW,0,,,N,0930
US1TXAG0001,20160706,SNOW,0,,,N,0930
US1TXAG0001,20160707,SNOW,0,,,N,0930
US1TXAG0001,20160708,SNOW,0,,,N,0930
US1TXAG0001,20160709,SNOW,0,,,N,0930
US1TXAG0001,20160710,SNOW,0,,,N,0930
US1TXAG0001,20160711,SNOW,0,,,N,0930
US1TXAG0001,20160712,SNOW,0,,,N,0930
US1TXAG0001,20160713,SNOW,0,,,N,0930
US1TXAG0001,20160714,SNOW,0,,,N,0930
US1TXAG0001,20160715,SNOW,0,,,N,0930
US1TXAG0001,20160716,SNOW,0,,,N,0930
US1TXAG0001,20160717,SNOW,0,,,N,0930
US1TXAG0001,20160718,SNOW,0,,,N,0930
US1TXAG0001,20160719,SNOW,0,,,N,0930
US1TXAG0001,20160720,SNOW,0,,,N,0930
US1TXAG0001,20160721,SNOW,0,,,N,0930
US1TXAG0001,20160722,SNOW,0,,,N,0930
US1TXAG0001,20160723,SNOW,0,,,N,0930
US1TXAG0001,20160724,SNOW,0,,,N,0930
US1TXAG0001,20160727,SNOW,0,,,N,0930
US1TXAG0001,20160731,SNOW,0,,,N,0930
US1TXAG0001,20160801,PRCP,0,,,N,0930
US1TXAG0001,20160802,PRCP,0,,,N,0930
US1TXAG0001,20160803,PRCP,0,,,N,0930
US1TXAG0001,20160804,PRCP,0,,,N,0930
US1TXAG0001,20160805,PRCP,0,,,N,0930
US1TXAG0001,20160806,PRCP,0,,,N,0930
US1TXAG0001,20160807,PRCP,0,,,N,0930
US1TXAG0001,20160808,PRCP,0,T,,N,0800
US1TXAG0001,20160809,PRCP,0,,,N,0930
US1TXAG0001,20160810,PRCP,0,,,N,0930
US1TXAG0001,20160811,PRCP,0,,,N,0930
US1TXAG0001,20160812,PRCP,0,,,N,0930
US1TXAG0001,20160813,PRCP,0,,,N,0930
US1TXAG0001,20160814,PRCP,0,,,N,0930
US1TXAG0001,20160815,PRCP,104,,,N,0800
US1TXAG0001,20160816,PRCP,417,,,N,0800
US1TXAG0001,20160817,PRCP,97,,,N,0800
US1TXAG0001,20160818,PRCP,20,,,N,0800
US1TXAG0001,20160819,PRCP,178,,,N,0800
US1TXAG0001,20160820,PRCP,13,,,N,0800
US1TXAG0001,20160821,PRCP,28,,,N,0800
US1TXAG0001,20160822,PRCP,91,,,N,0800
US1TXAG0001,20160823,PRCP,272,,,N,0800
US1TXAG0001,20160824,PRCP,0,,,N,0930
US1TXAG0001,20160825,PRCP,0,,,N,0930
US1TXAG0001,20160826,PRCP,30,,,N,0800
US1TXAG0001,20160827,PRCP,114,,,N,0800
US1TXAG0001,20160828,PRCP,0,,,N,0930
US1TXAG0001,20160829,PRCP,89,,,N,0800
US1TXAG0001,20160830,PRCP,66,,,N,0800
US1TXAG0001,20160831,PRCP,0,,,N,0930
US1TXAG0001,20160801,SNOW,0,,,N,0930
US1TXAG0001,20160802,SNOW,0,,,N,0930
US1TXAG0001,20160803,SNOW,0,,,N,0930
US1TXAG0001,20160804,SNOW,0,,,N,0930
US1TXAG0001,20160805,SNOW,0,,,N,0930
US1TXAG0001,20160806,SNOW,0,,,N,0930
US1TXAG0001,20160807,SNOW,0,,,N,0930
US1TXAG0001,20160809,SNOW,0,,,N,0930
US1TXAG0001,20160810,SNOW,0,,,N,0930
US1TXAG0001,20160811,SNOW,0,,,N,0930
US1TXAG0001,20160812,SNOW,0,,,N,0930
US1TXAG0001,20160813,SNOW,0,,,N,0930
US1TXAG0001,20160814,SNOW,0,,,N,0930
US1TXAG0001,20160824,SNOW,0,,,N,0930
US1TXAG0001,20160825,SNOW,0,,,N,0930
US1TXAG0001,20160828,SNOW,0,,,N,0930
US1TXAG0001,20160831,SNOW,0,,,N,0930
US1TXAG0001,20160901,PRCP,0,,,N,0930
US1TXAG0001,20160902,PRCP,0,,,N,0930
US1TXAG0001,20160903,PRCP,0,,,N,0930
US1TXAG0001,20160904,PRCP,0,,,N,0930
US1TXAG0001,20160905,PRCP,0,,,N,0930
US1TXAG0001,20160906,PRCP,8,,,N,0800
US1TXAG0001,20160907,PRCP,0,,,N,0930
US1TXAG0001,20160908,PRCP,0,,,N,0930
US1TXAG0001,20160909,PRCP,0,,,N,0800
US1TXAG0001,20160910,PRCP,0,,,N,0800
US1TXAG0001,20160911,PRCP,140,,,N,0930
US1TXAG0001,20160912,PRCP,0,,,N,0930
US1TXAG0001,20160913,PRCP,0,,,N,0930
US1TXAG0001,20160914,PRCP,0,,,N,0930
US1TXAG0001,20160915,PRCP,0,,,N,0930
US1TXAG0001,20160916,PRCP,0,,,N,0930
US1TXAG0001,20160917,PRCP,0,,,N,0930
US1TXAG0001,20160918,PRCP,0,,,N,0930
US1TXAG0001,20160919,PRCP,0,,,N,0930
US1TXAG0001,20160920,PRCP,0,,,N,0930
US1TXAG0001,20160921,PRCP,0,,,N,0930
US1TXAG0001,20160922,PRCP,0,,,N,0930
US1TXAG0001,20160923,PRCP,0,,,N,0930
US1TXAG0001,20160924,PRCP,0,,,N,0930
US1TXAG0001,20160925,PRCP,0,,,N,0930
US1TXAG0001,20160926,PRCP,66,,,N,0800
US1TXAG0001,20160927,PRCP,79,,,N,0930
US1TXAG0001,20160928,PRCP,0,,,N,0930
US1TXAG0001,20160929,PRCP,0,,,N,0800
US1TXAG0001,20160930,PRCP,0,,,N,0930
US1TXAG0001,20160901,SNOW,0,,,N,0930
US1TXAG0001,20160902,SNOW,0,,,N,0930
US1TXAG0001,20160903,SNOW,0,,,N,0930
US1TXAG0001,20160904,SNOW,0,,,N,0930
US1TXAG0001,20160905,SNOW,0,,,N,0930
US1TXAG0001,20160907,SNOW,0,,,N,0930
US1TXAG0001,20160908,SNOW,0,,,N,0930
US1TXAG0001,20160909,SNOW,0,,,N,0800
US1TXAG0001,20160910,SNOW,0,,,N,0800
US1TXAG0001,20160911,SNOW,0,,,N,0930
US1TXAG0001,20160912,SNOW,0,,,N,0930
US1TXAG0001,20160913,SNOW,0,,,N,0930
US1TXAG0001,20160914,SNOW,0,,,N,0930
US1TXAG0001,20160915,SNOW,0,,,N,0930
US1TXAG0001,20160916,SNOW,0,,,N,0930
US1TXAG0001,20160917,SNOW,0,,,N,0930
US1TXAG0001,20160918,SNOW,0,,,N,0930
US1TXAG0001,20160919,SNOW,0,,,N,0930
US1TXAG0001,20160920,SNOW,0,,,N,0930
US1TXAG0001,20160921,SNOW,0,,,N,0930
US1TXAG0001,20160922,SNOW,0,,,N,0930
US1TXAG0001,20160923,SNOW,0,,,N,0930
US1TXAG0001,20160924,SNOW,0,,,N,0930
US1TXAG0001,20160925,SNOW,0,,,N,0930
US1TXAG0001,20160927,SNOW,0,,,N,0930
US1TXAG0001,20160928,SNOW,0,,,N,0930
US1TXAG0001,20160929,SNOW,0,,,N,0800
US1TXAG0001,20160930,SNOW,0,,,N,0930
US1TXAG0001,20161001,PRCP,0,,,N,0930
US1TXAG0001,20161002,PRCP,0,,,N,0930
US1TXAG0001,20161003,PRCP,0,,,N,0930
US1TXAG0001,20161004,PRCP,0,,,N,0930
US1TXAG0001,20161005,PRCP,0,,,N,0930
US1TXAG0001,20161006,PRCP,0,,,N,0930
US1TXAG0001,20161007,PRCP,0,,,N,0800
US1TXAG0001,20161008,PRCP,0,,,N,0930
US1TXAG0001,20161009,PRCP,0,,,N,0930
US1TXAG0001,20161010,PRCP,0,,,N,0930
US1TXAG0001,20161011,PRCP,0,,,N,0930
US1TXAG0001,20161012,PRCP,5,,,N,0800
US1TXAG0001,20161013,PRCP,0,,,N,0800
US1TXAG0001,20161014,PRCP,0,T,,N,0800
US1TXAG0001,20161015,PRCP,13,,,N,0800
US1TXAG0001,20161016,PRCP,0,,,N,0930
US1TXAG0001,20161017,PRCP,0,,,N,0930
US1TXAG0001,20161018,PRCP,0,,,N,0930
US1TXAG0001,20161019,PRCP,0,,,N,0930
US1TXAG0001,20161020,PRCP,48,,,N,0800
US1TXAG0001,20161021,PRCP,99,,,N,0800
US1TXAG0001,20161022,PRCP,0,,,N,0930
US1TXAG0001,20161023,PRCP,0,,,N,0930
US1TXAG0001,20161024,PRCP,0,,,N,0930
US1TXAG0001,20161025,PRCP,8,,,N,0800
US1TXAG0001,20161026,PRCP,0,,,N,0930
US1TXAG0001,20161027,PRCP,0,,,N,0930
US1TXAG0001,20161028,PRCP,0,,,N,0930
US1TXAG0001,20161029,PRCP,0,,,N,0930
US1TXAG0001,20161030,PRCP,0,,,N,0930
US1TXAG0001,20161031,PRCP,0,,,N,0930
US1TXAG0001,20161001,SNOW,0,,,N,0930
US1TXAG0001,20161002,SNOW,0,,,N,0930
US1TXAG0001,20161003,SNOW,0,,,N,0930
US1TXAG0001,20161004,SNOW,0,,,N,0930
US1TXAG0001,20161005,SNOW,0,,,N,0930
US1TXAG0001,20161006,SNOW,0,,,N,0930
US1TXAG0001,20161007,SNOW,0,,,N,0800
US1TXAG0001,20161008,SNOW,0,,,N,0930
US1TXAG0001,20161009,SNOW,0,,,N,0930
US1TXAG0001,20161010,SNOW,0,,,N,0930
US1TXAG0001,20161011,SNOW,0,,,N,0930
US1TXAG0001,20161013,SNOW,0,,,N,0800
US1TXAG0001,20161016,SNOW,0,,,N,0930
US1TXAG0001,20161017,SNOW,0,,,N,0930
US1TXAG0001,20161018,SNOW,0,,,N,0930
US1TXAG0001,20161019,SNOW,0,,,N,0930
US1TXAG0001,20161022,SNOW,0,,,N,0930
US1TXAG0001,20161023,SNOW,0,,,N,0930
US1TXAG0001,20161024,SNOW,0,,,N,0930
US1TXAG0001,20161026,SNOW,0,,,N,0930
US1TXAG0001,20161027,SNOW,0,,,N,0930
US1TXAG0001,20161028,SNOW,0,,,N,0930
US1TXAG0001,20161029,SNOW,0,,,N,0930
US1TXAG0001,20161030,SNOW,0,,,N,0930
US1TXAG0001,20161031,SNOW,0,,,N,0930
US1TXAG0001,20161101,PRCP,0,,,N,0930
US1TXAG0001,20161102,PRCP,0,T,,N,0800
US1TXAG0001,20161103,PRCP,0,,,N,0930
US1TXAG0001,20161104,PRCP,3,,,N,0800
US1TXAG0001,20161105,PRCP,0,,,N,0930
US1TXAG0001,20161106,PRCP,0,T,,N,0800
US1TXAG0001,20161107,PRCP,124,,,N,0800
US1TXAG0001,20161108,PRCP,0,,,N,0930
US1TXAG0001,20161109,PRCP,5,,,N,0800
US1TXAG0001,20161110,PRCP,0,,,N,0930
US1TXAG0001,20161111,PRCP,0,,,N,0930
US1TXAG0001,20161112,PRCP,0,,,N,0930
US1TXAG0001,20161113,PRCP,0,,,N,0930
US1TXAG0001,20161114,PRCP,0,,,N,0930
US1TXAG0001,20161115,PRCP,0,,,N,0930
US1TXAG0001,20161116,PRCP,0,,,N,0930
US1TXAG0001,20161117,PRCP,0,,,N,0930
US1TXAG0001,20161118,PRCP,0,,,N,0930
US1TXAG0001,20161119,PRCP,25,,,N,0700
US1TXAG0001,20161120,PRCP,0,,,N,0930
US1TXAG0001,20161121,PRCP,0,,,N,0930
US1TXAG0001,20161122,PRCP,0,,,N,0930
US1TXAG0001,20161123,PRCP,490,,,N,0730
US1TXAG0001,20161124,PRCP,0,,,N,0930
US1TXAG0001,20161125,PRCP,0,,,N,0930
US1TXAG0001,20161126,PRCP,0,T,,N,0800
US1TXAG0001,20161127,PRCP,0,,,N,0930
US1TXAG0001,20161128,PRCP,140,,,N,0805
US1TXAG0001,20161129,PRCP,119,,,N,0815
US1TXAG0001,20161130,PRCP,277,,,N,0815
US1TXAG0001,20161101,SNOW,0,,,N,0930
US1TXAG0001,20161103,SNOW,0,,,N,0930
US1TXAG0001,20161105,SNOW,0,,,N,0930
US1TXAG0001,20161108,SNOW,0,,,N,0930
US1TXAG0001,20161110,SNOW,0,,,N,0930
US1TXAG0001,20161111,SNOW,0,,,N,0930
US1TXAG0001,20161112,SNOW,0,,,N,0930
US1TXAG0001,20161113,SNOW,0,,,N,0930
US1TXAG0001,20161114,SNOW,0,,,N,0930
US1TXAG0001,20161115,SNOW,0,,,N,0930
US1TXAG0001,20161116,SNOW,0,,,N,0930
US1TXAG0001,20161117,SNOW,0,,,N,0930
US1TXAG0001,20161118,SNOW,0,,,N,0930
US1TXAG0001,20161120,SNOW,0,,,N,0930
US1TXAG0001,20161121,SNOW,0,,,N,0930
US1TXAG0001,20161122,SNOW,0,,,N,0930
US1TXAG0001,20161124,SNOW,0,,,N,0930
US1TXAG0001,20161125,SNOW,0,,,N,0930
US1TXAG0001,20161127,SNOW,0,,,N,0930
US1TXAG0001,20161201,PRCP,0,,,N,0930
US1TXAG0001,20161202,PRCP,0,,,N,0930
US1TXAG0001,20161203,PRCP,577,,,N,0750
US1TXAG0001,20161204,PRCP,544,,,N,0800
US1TXAG0001,20161205,PRCP,175,,,N,0800
US1TXAG0001,20161206,PRCP,53,,,N,0800
US1TXAG0001,20161207,PRCP,5,,,N,0800
US1TXAG0001,20161208,PRCP,5,,,N,0800
US1TXAG0001,20161209,PRCP,0,,,N,0930
US1TXAG0001,20161210,PRCP,0,,,N,0930
US1TXAG0001,20161211,PRCP,0,,,N,0930
US1TXAG0001,20161212,PRCP,5,,,N,0800
US1TXAG0001,20161213,PRCP,0,,,N,0930
US1TXAG0001,20161214,PRCP,0,,,N,0930
US1TXAG0001,20161215,PRCP,0,,,N,0930
US1TXAG0001,20161216,PRCP,0,,,N,0930
US1TXAG0001,20161217,PRCP,3,,,N,0750
US1TXAG0001,20161218,PRCP,10,,,N,0830
US1TXAG0001,20161219,PRCP,0,,,N,0930
US1TXAG0001,20161220,PRCP,0,,,N,0930
US1TXAG0001,20161221,PRCP,0,,,N,0930
US1TXAG0001,20161222,PRCP,0,,,N,0930
US1TXAG0001,20161223,PRCP,8,,,N,0930
US1TXAG0001,20161224,PRCP,3,,,N,0800
US1TXAG0001,20161225,PRCP,3,,,N,0800
US1TXAG0001,20161228,PRCP,3,,,N,0800
US1TXAG0001,20161229,PRCP,0,,,N,0930
US1TXAG0001,20161230,PRCP,0,,,N,0930
US1TXAG0001,20161231,PRCP,33,,,N,1030
US1TXAG0001,20161201,SNOW,0,,,N,0930
US1TXAG0001,20161202,SNOW,0,,,N,0930
US1TXAG0001,20161208,SNOW,0,,,N,0800
US1TXAG0001,20161209,SNOW,0,,,N,0930
US1TXAG0001,20161210,SNOW,0,,,N,0930
US1TXAG0001,20161211,SNOW,0,,,N,0930
US1TXAG0001,20161213,SNOW,0,,,N,0930
US1TXAG0001,20161214,SNOW,0,,,N,0930
US1TXAG0001,20161215,SNOW,0,,,N,0930
US1TXAG0001,20161216,SNOW,0,,,N,0930
US1TXAG0001,20161219,SNOW,0,,,N,0930
US1TXAG0001,20161220,SNOW,0,,,N,0930
US1TXAG0001,20161221,SNOW,0,,,N,0930
US1TXAG0001,20161222,SNOW,0,,,N,0930
US1TXAG0001,20161229,SNOW,0,,,N,0930
US1TXAG0001,20161230,SNOW,0,,,N,0930
US1TXAG0001,20161227,DAPR,2,,,N,1700
US1TXAG0001,20161227,MDPR,8,,,N,1700
US1TXAG0001,20170101,PRCP,3,,,N,0800
US1TXAG0001,20170102,PRCP,198,,,N,0815
US1TXAG0001,20170103,PRCP,84,,,N,0800
US1TXAG0001,20170104,PRCP,0,,,N,0930
US1TXAG0001,20170105,PRCP,5,,,N,0930
US1TXAG0001,20170106,PRCP,3,,,N,0800
US1TXAG0001,20170107,PRCP,0,,,N,0930
US1TXAG0001,20170108,PRCP,0,,,N,0930
US1TXAG0001,20170109,PRCP,0,,,N,0930
US1TXAG0001,20170110,PRCP,0,,,N,0930
US1TXAG0001,20170111,PRCP,0,,,N,0930
US1TXAG0001,20170112,PRCP,0,,,N,0930
US1TXAG0001,20170113,PRCP,71,,,N,0820
US1TXAG0001,20170114,PRCP,8,,,N,0800
US1TXAG0001,20170115,PRCP,5,,,N,0800
US1TXAG0001,20170116,PRCP,53,,,N,0800
US1TXAG0001,20170117,PRCP,97,,,N,0839
US1TXAG0001,20170118,PRCP,373,,,N,0815
US1TXAG0001,20170119,PRCP,439,,,N,0815
US1TXAG0001,20170120,PRCP,18,,,N,0800
US1TXAG0001,20170121,PRCP,13,,,N,0800
US1TXAG0001,20170122,PRCP,10,,,N,0800
US1TXAG0001,20170123,PRCP,0,,,N,0930
US1TXAG0001,20170124,PRCP,0,,,N,0930
US1TXAG0001,20170125,PRCP,3,,,N,0800
US1TXAG0001,20170126,PRCP,0,,,N,0930
US1TXAG0001,20170127,PRCP,0,,,N,0930
US1TXAG0001,20170128,PRCP,0,,,N,0930
US1TXAG0001,20170129,PRCP,0,,,N,0930
US1TXAG0001,20170130,PRCP,0,,,N,0930
US1TXAG0001,20170131,PRCP,0,,,N,0930
US1TXAG0001,20170104,SNOW,0,,,N,0930
US1TXAG0001,20170107,SNOW,0,,,N,0930
US1TXAG0001,20170108,SNOW,0,,,N,0930
US1TXAG0001,20170109,SNOW,0,,,N,0930
US1TXAG0001,20170110,SNOW,0,,,N,0930
US1TXAG0001,20170111,SNOW,0,,,N,0930
US1TXAG0001,20170112,SNOW,0,,,N,0930
US1TXAG0001,20170123,SNOW,0,,,N,0930
US1TXAG0001,20170124,SNOW,0,,,N,0930
US1TXAG0001,20170126,SNOW,0,,,N,0930
US1TXAG0001,20170127,SNOW,0,,,N,0930
US1TXAG0001,20170128,SNOW,0,,,N,0930
US1TXAG0001,20170129,SNOW,0,,,N,0930
US1TXAG0001,20170130,SNOW,0,,,N,0930
US1TXAG0001,20170131,SNOW,0,,,N,0930
US1TXAG0001,20170201,PRCP,0,,,N,0930
US1TXAG0001,20170202,PRCP,0,,,N,0930
US1TXAG0001,20170203,PRCP,0,,,N,0930
US1TXAG0001,20170204,PRCP,0,,,N,0930
US1TXAG0001,20170205,PRCP,0,,,N,0800
US1TXAG0001,20170206,PRCP,13,,,N,0715
US1TXAG0001,20170207,PRCP,0,,,N,0930
US1TXAG0001,20170208,PRCP,0,,,N,0930
US1TXAG0001,20170209,PRCP,0,,,N,0930
US1TXAG0001,20170210,PRCP,0,,,N,0930
US1TXAG0001,20170211,PRCP,0,,,N,0930
US1TXAG0001,20170212,PRCP,0,,,N,0930
US1TXAG0001,20170213,PRCP,0,,,N,0930
US1TXAG0001,20170214,PRCP,15,,,N,0800
US1TXAG0001,20170215,PRCP,307,,,N,0800
US1TXAG0001,20170216,PRCP,0,,,N,0930
US1TXAG0001,20170217,PRCP,0,,,N,0930
US1TXAG0001,20170218,PRCP,10,,,N,0800
US1TXAG0001,20170219,PRCP,0,,,N,0930
US1TXAG0001,20170220,PRCP,0,,,N,0930
US1TXAG0001,20170221,PRCP,259,,,N,0800
US1TXAG0001,20170222,PRCP,0,,,N,0930
US1TXAG0001,20170223,PRCP,0,,,N,0930
US1TXAG0001,20170224,PRCP,0,,,N,0930
US1TXAG0001,20170225,PRCP,0,,,N,0930
US1TXAG0001,20170226,PRCP,0,,,N,0930
US1TXAG0001,20170227,PRCP,0,,,N,0930
US1TXAG0001,20170228,PRCP,0,,,N,0930
US1TXAG0001,20170201,SNOW,0,,,N,0930
US1TXAG0001,20170202,SNOW,0,,,N,0930
US1TXAG0001,20170203,SNOW,0,,,N,0930
US1TXAG0001,20170204,SNOW,0,,,N,0930
US1TXAG0001,20170205,SNOW,0,,,N,0800
US1TXAG0001,20170206,SNOW,0,,,N,0715
US1TXAG0001,20170207,SNOW,0,,,N,0930
US1TXAG0001,20170208,SNOW,0,,,N,0930
US1TXAG0001,20170209,SNOW,0,,,N,0930
US1TXAG0001,20170210,SNOW,0,,,N,0930
US1TXAG0001,20170211,SNOW,0,,,N,0930
US1TXAG0001,20170212,SNOW,0,,,N,0930
US1TXAG0001,20170213,SNOW,0,,,N,0930
US1TXAG0001,20170216,SNOW,0,,,N,0930
US1TXAG0001,20170217,SNOW,0,,,N,0930
US1TXAG0001,20170219,SNOW,0,,,N,0930
US1TXAG0001,20170220,SNOW,0,,,N,0930
US1TXAG0001,20170222,SNOW,0,,,N,0930
US1TXAG0001,20170223,SNOW,0,,,N,0930
US1TXAG0001,20170224,SNOW,0,,,N,0930
US1TXAG0001,20170225,SNOW,0,,,N,0930
US1TXAG0001,20170226,SNOW,0,,,N,0930
US1TXAG0001,20170227,SNOW,0,,,N,0930
US1TXAG0001,20170228,SNOW,0,,,N,0930
US1TXAG0001,20170301,PRCP,0,,,N,0930
US1TXAG0001,20170302,PRCP,0,,,N,0930
US1TXAG0001,20170303,PRCP,0,,,N,0930
US1TXAG0001,20170304,PRCP,0,,,N,0930
US1TXAG0001,20170305,PRCP,104,,,N,0800
US1TXAG0001,20170308,PRCP,0,,,N,0930
US1TXAG0001,20170309,PRCP,5,,,N,0800
US1TXAG0001,20170310,PRCP,0,,,N,0930
US1TXAG0001,20170311,PRCP,38,,,N,0800
US1TXAG0001,20170312,PRCP,0,,,N,0930
US1TXAG0001,20170313,PRCP,0,,,N,0930
US1TXAG0001,20170314,PRCP,0,,,N,0930
US1TXAG0001,20170315,PRCP,0,,,N,0930
US1TXAG0001,20170316,PRCP,0,,,N,0930
US1TXAG0001,20170317,PRCP,0,,,N,0930
US1TXAG0001,20170318,PRCP,0,,,N,0930
US1TXAG0001,20170319,PRCP,0,,,N,0930
US1TXAG0001,20170320,PRCP,0,,,N,0930
US1TXAG0001,20170321,PRCP,0,,,N,0930
US1TXAG0001,20170322,PRCP,0,,,N,0930
US1TXAG0001,20170323,PRCP,0,,,N,0930
US1TXAG0001,20170324,PRCP,0,,,N,0930
US1TXAG0001,20170325,PRCP,104,,,N,0800
US1TXAG0001,20170326,PRCP,0,,,N,0930
US1TXAG0001,20170327,PRCP,0,,,N,0930
US1TXAG0001,20170328,PRCP,0,,,N,0930
US1TXAG0001,20170329,PRCP,48,,,N,0800
US1TXAG0001,20170330,PRCP,18,,,N,0800
US1TXAG0001,20170331,PRCP,0,,,N,0930
US1TXAG0001,20170301,SNOW,0,,,N,0930
US1TXAG0001,20170302,SNOW,0,,,N,0930
US1TXAG0001,20170303,SNOW,0,,,N,0930
US1TXAG0001,20170304,SNOW,0,,,N,0930
US1TXAG0001,20170308,SNOW,0,,,N,0930
US1TXAG0001,20170310,SNOW,0,,,N,0930
US1TXAG0001,20170312,SNOW,0,,,N,0930
US1TXAG0001,20170313,SNOW,0,,,N,0930
US1TXAG0001,20170314,SNOW,0,,,N,0930
US1TXAG0001,20170315,SNOW,0,,,N,0930
US1TXAG0001,20170316,SNOW,0,,,N,0930
US1TXAG0001,20170317,SNOW,0,,,N,0930
US1TXAG0001,20170318,SNOW,0,,,N,0930
US1TXAG0001,20170319,SNOW,0,,,N,0930
US1TXAG0001,20170320,SNOW,0,,,N,0930
US1TXAG0001,20170321,SNOW,0,,,N,0930
US1TXAG0001,20170322,SNOW,0,,,N,0930
US1TXAG0001,20170323,SNOW,0,,,N,0930
US1TXAG0001,20170324,SNOW,0,,,N,0930
US1TXAG0001,20170326,SNOW,0,,,N,0930
US1TXAG0001,20170327,SNOW,0,,,N,0930
US1TXAG0001,20170328,SNOW,0,,,N,0930
US1TXAG0001,20170331,SNOW,0,,,N,0930
US1TXAG0001,20170307,DAPR,2,,,N,0900
US1TXAG0001,20170307,MDPR,150,,,N,0900
US1TXAG0001,20170401,PRCP,0,,,N,0930
US1TXAG0001,20170402,PRCP,0,,,N,0700
US1TXAG0001,20170403,PRCP,813,,,N,0800
US1TXAG0001,20170404,PRCP,0,,,N,0930
US1TXAG0001,20170405,PRCP,13,,,N,0800
US1TXAG0001,20170406,PRCP,0,,,N,0930
US1TXAG0001,20170407,PRCP,0,,,N,0930
US1TXAG0001,20170408,PRCP,0,,,N,0930
US1TXAG0001,20170409,PRCP,0,,,N,0930
US1TXAG0001,20170410,PRCP,0,,,N,0930
US1TXAG0001,20170411,PRCP,97,,,N,0800
US1TXAG0001,20170412,PRCP,147,,,N,0800
US1TXAG0001,20170413,PRCP,0,,,N,0930
US1TXAG0001,20170414,PRCP,0,,,N,0930
US1TXAG0001,20170415,PRCP,0,,,N,0930
US1TXAG0001,20170416,PRCP,0,,,N,0930
US1TXAG0001,20170417,PRCP,0,,,N,0930
US1TXAG0001,20170418,PRCP,69,,,N,0800
US1TXAG0001,20170419,PRCP,0,,,N,0930
US1TXAG0001,20170420,PRCP,155,,,N,0800
US1TXAG0001,20170421,PRCP,0,,,N,0930
US1TXAG0001,20170422,PRCP,0,,,N,0930
US1TXAG0001,20170423,PRCP,0,T,,N,0800
US1TXAG0001,20170424,PRCP,0,,,N,0930
US1TXAG0001,20170425,PRCP,0,,,N,0930
US1TXAG0001,20170426,PRCP,0,,,N,0930
US1TXAG0001,20170427,PRCP,91,,,N,0800
US1TXAG0001,20170428,PRCP,0,,,N,0930
US1TXAG0001,20170429,PRCP,3,,,N,0800
US1TXAG0001,20170430,PRCP,13,,,N,0800
US1TXAG0001,20170401,SNOW,0,,,N,0930
US1TXAG0001,20170402,SNOW,0,,,N,0700
US1TXAG0001,20170404,SNOW,0,,,N,0930
US1TXAG0001,20170406,SNOW,0,,,N,0930
US1TXAG0001,20170407,SNOW,0,,,N,0930
US1TXAG0001,20170408,SNOW,0,,,N,0930
US1TXAG0001,20170409,SNOW,0,,,N,0930
US1TXAG0001,20170410,SNOW,0,,,N,0930
US1TXAG0001,20170413,SNOW,0,,,N,0930
US1TXAG0001,20170414,SNOW,0,,,N,0930
US1TXAG0001,20170415,SNOW,0,,,N,0930
US1TXAG0001,20170416,SNOW,0,,,N,0930
US1TXAG0001,20170417,SNOW,0,,,N,0930
US1TXAG0001,20170419,SNOW,0,,,N,0930
US1TXAG0001,20170421,SNOW,0,,,N,0930
US1TXAG0001,20170422,SNOW,0,,,N,0930
US1TXAG0001,20170424,SNOW,0,,,N,0930
US1TXAG0001,20170425,SNOW,0,,,N,0930
US1TXAG0001,20170426,SNOW,0,,,N,0930
US1TXAG0001,20170428,SNOW,0,,,N,0930
US1TXAG0001,20170501,PRCP,0,,,N,0930
US1TXAG0001,20170502,PRCP,0,,,N,0930
US1TXAG0001,20170503,PRCP,0,,,N,0930
US1TXAG0001,20170504,PRCP,229,,,N,0800
US1TXAG0001,20170505,PRCP,0,,,N,0930
US1TXAG0001,20170506,PRCP,0,,,N,0930
US1TXAG0001,20170507,PRCP,0,,,N,0930
US1TXAG0001,20170508,PRCP,0,,,N,0930
US1TXAG0001,20170509,PRCP,0,,,N,0930
US1TXAG0001,20170510,PRCP,0,,,N,0930
US1TXAG0001,20170511,PRCP,0,,,N,0930
US1TXAG0001,20170512,PRCP,61,,,N,0800
US1TXAG0001,20170513,PRCP,0,,,N,0930
US1TXAG0001,20170514,PRCP,0,,,N,0930
US1TXAG0001,20170515,PRCP,0,,,N,0930
US1TXAG0001,20170516,PRCP,0,,,N,0930
US1TXAG0001,20170517,PRCP,0,,,N,0930
US1TXAG0001,20170518,PRCP,0,,,N,0930
US1TXAG0001,20170519,PRCP,0,T,,N,0800
US1TXAG0001,20170520,PRCP,0,,,N,0930
US1TXAG0001,20170521,PRCP,330,,,N,0800
US1TXAG0001,20170522,PRCP,127,,,N,0800
US1TXAG0001,20170523,PRCP,287,,,N,0800
US1TXAG0001,20170524,PRCP,102,,,N,0800
US1TXAG0001,20170525,PRCP,0,,,N,0930
US1TXAG0001,20170526,PRCP,0,,,N,0930
US1TXAG0001,20170527,PRCP,0,,,N,0930
US1TXAG0001,20170528,PRCP,3,,,N,0800
US1TXAG0001,20170529,PRCP,330,,,N,0800
US1TXAG0001,20170530,PRCP,0,,,N,0930
US1TXAG0001,20170531,PRCP,0,,,N,0930
US1TXAG0001,20170501,SNOW,0,,,N,0930
US1TXAG0001,20170502,SNOW,0,,,N,0930
US1TXAG0001,20170503,SNOW,0,,,N,0930
US1TXAG0001,20170505,SNOW,0,,,N,0930
US1TXAG0001,20170506,SNOW,0,,,N,0930
US1TXAG0001,20170507,SNOW,0,,,N,0930
US1TXAG0001,20170508,SNOW,0,,,N,0930
US1TXAG0001,20170509,SNOW,0,,,N,0930
US1TXAG0001,20170510,SNOW,0,,,N,0930
US1TXAG0001,20170511,SNOW,0,,,N,0930
US1TXAG0001,20170513,SNOW,0,,,N,0930
US1TXAG0001,20170514,SNOW,0,,,N,0930
US1TXAG0001,20170515,SNOW,0,,,N,0930
US1TXAG0001,20170516,SNOW,0,,,N,0930
US1TXAG0001,20170517,SNOW,0,,,N,0930
US1TXAG0001,20170518,SNOW,0,,,N,0930
US1TXAG0001,20170520,SNOW,0,,,N,0930
US1TXAG0001,20170525,SNOW,0,,,N,0930
US1TXAG0001,20170526,SNOW,0,,,N,0930
US1TXAG0001,20170527,SNOW,0,,,N,0930
US1TXAG0001,20170530,SNOW,0,,,N,0930
US1TXAG0001,20170531,SNOW,0,,,N,0930
US1TXAG0001,20170601,PRCP,5,,,N,0830
US1TXAG0001,20170602,PRCP,0,,,N,0930
US1TXAG0001,20170603,PRCP,0,T,,N,0800
US1TXAG0001,20170604,PRCP,447,,,N,0730
US1TXAG0001,20170605,PRCP,13,,,N,0800
US1TXAG0001,20170606,PRCP,226,,,N,0800
US1TXAG0001,20170607,PRCP,13,,,N,0800
US1TXAG0001,20170608,PRCP,0,,,N,0930
US1TXAG0001,20170609,PRCP,0,,,N,0930
US1TXAG0001,20170610,PRCP,0,,,N,0930
US1TXAG0001,20170611,PRCP,0,,,N,0930
US1TXAG0001,20170612,PRCP,0,,,N,0930
US1TXAG0001,20170613,PRCP,13,,,N,0800
US1TXAG0001,20170614,PRCP,0,,,N,0930
US1TXAG0001,20170615,PRCP,0,,,N,0930
US1TXAG0001,20170616,PRCP,0,,,N,0930
US1TXAG0001,20170617,PRCP,0,,,N,0930
US1TXAG0001,20170618,PRCP,0,,,N,0930
US1TXAG0001,20170619,PRCP,0,,,N,0930
US1TXAG0001,20170620,PRCP,0,,,N,0930
US1TXAG0001,20170621,PRCP,0,,,N,0930
US1TXAG0001,20170622,PRCP,64,,,N,0800
US1TXAG0001,20170623,PRCP,427,,,N,0800
US1TXAG0001,20170624,PRCP,18,,,N,0800
US1TXAG0001,20170625,PRCP,0,,,N,0930
US1TXAG0001,20170626,PRCP,0,,,N,0930
US1TXAG0001,20170627,PRCP,0,,,N,0930
US1TXAG0001,20170628,PRCP,13,,,N,0800
US1TXAG0001,20170629,PRCP,0,,,N,0930
US1TXAG0001,20170630,PRCP,0,,,N,0930
US1TXAG0001,20170602,SNOW,0,,,N,0930
US1TXAG0001,20170608,SNOW,0,,,N,0930
US1TXAG0001,20170609,SNOW,0,,,N,0930
US1TXAG0001,20170610,SNOW,0,,,N,0930
US1TXAG0001,20170611,SNOW,0,,,N,0930
US1TXAG0001,20170612,SNOW,0,,,N,0930
US1TXAG0001,20170614,SNOW,0,,,N,0930
US1TXAG0001,20170615,SNOW,0,,,N,0930
US1TXAG0001,20170616,SNOW,0,,,N,0930
US1TXAG0001,20170617,SNOW,0,,,N,0930
US1TXAG0001,20170618,SNOW,0,,,N,0930
US1TXAG0001,20170619,SNOW,0,,,N,0930
US1TXAG0001,20170620,SNOW,0,,,N,0930
US1TXAG0001,20170621,SNOW,0,,,N,0930
US1TXAG0001,20170625,SNOW,0,,,N,0930
US1TXAG0001,20170626,SNOW,0,,,N,0930
US1TXAG0001,20170627,SNOW,0,,,N,0930
US1TXAG0001,20170629,SNOW,0,,,N,0930
US1TXAG0001,20170630,SNOW,0,,,N,0930
US1TXAG0001,20170701,PRCP,0,,,N,0930
US1TXAG0001,20170702,PRCP,0,,,N,0930
US1TXAG0001,20170703,PRCP,0,,,N,0930
US1TXAG0001,20170704,PRCP,0,,,N,0930
US1TXAG0001,20170705,PRCP,20,,,N,0800
US1TXAG0001,20170706,PRCP,0,,,N,0930
US1TXAG0001,20170707,PRCP,0,,,N,0930
US1TXAG0001,20170708,PRCP,0,,,N,0930
US1TXAG0001,20170709,PRCP,25,,,N,0800
US1TXAG0001,20170710,PRCP,292,,,N,0800
US1TXAG0001,20170711,PRCP,0,,,N,0930
US1TXAG0001,20170712,PRCP,0,,,N,0930
US1TXAG0001,20170713,PRCP,122,,,N,0800
US1TXAG0001,20170714,PRCP,0,,,N,0930
US1TXAG0001,20170715,PRCP,0,,,N,0930
US1TXAG0001,20170716,PRCP,196,,,N,0800
US1TXAG0001,20170717,PRCP,5,,,N,0800
US1TXAG0001,20170718,PRCP,0,,,N,0930
US1TXAG0001,20170719,PRCP,0,,,N,0930
US1TXAG0001,20170720,PRCP,0,,,N,0930
US1TXAG0001,20170721,PRCP,0,,,N,0930
US1TXAG0001,20170722,PRCP,0,,,N,0930
US1TXAG0001,20170723,PRCP,0,,,N,0930
US1TXAG0001,20170724,PRCP,295,,,N,0918
US1TXAG0001,20170725,PRCP,168,,,N,0800
US1TXAG0001,20170726,PRCP,0,,,N,0930
US1TXAG0001,20170727,PRCP,0,,,N,0930
US1TXAG0001,20170728,PRCP,0,,,N,0930
US1TXAG0001,20170729,PRCP,0,,,N,0930
US1TXAG0001,20170730,PRCP,0,,,N,0930
US1TXAG0001,20170731,PRCP,0,,,N,0930
US1TXAG0001,20170701,SNOW,0,,,N,0930
US1TXAG0001,20170702,SNOW,0,,,N,0930
US1TXAG0001,20170703,SNOW,0,,,N,0930
US1TXAG0001,20170704,SNOW,0,,,N,0930
US1TXAG0001,20170706,SNOW,0,,,N,0930
US1TXAG0001,20170707,SNOW,0,,,N,0930
US1TXAG0001,20170708,SNOW,0,,,N,0930
US1TXAG0001,20170711,SNOW,0,,,N,0930
US1TXAG0001,20170712,SNOW,0,,,N,0930
US1TXAG0001,20170714,SNOW,0,,,N,0930
US1TXAG0001,20170715,SNOW,0,,,N,0930
US1TXAG0001,20170718,SNOW,0,,,N,0930
US1TXAG0001,20170719,SNOW,0,,,N,0930
US1TXAG0001,20170720,SNOW,0,,,N,0930
US1TXAG0001,20170721,SNOW,0,,,N,0930
US1TXAG0001,20170722,SNOW,0,,,N,0930
US1TXAG0001,20170723,SNOW,0,,,N,0930
US1TXAG0001,20170726,SNOW,0,,,N,0930
US1TXAG0001,20170727,SNOW,0,,,N,0930
US1TXAG0001,20170728,SNOW,0,,,N,0930
US1TXAG0001,20170729,SNOW,0,,,N,0930
US1TXAG0001,20170730,SNOW,0,,,N,0930
US1TXAG0001,20170731,SNOW,0,,,N,0930
US1TXAG0001,20170801,PRCP,0,,,N,0930
US1TXAG0001,20170802,PRCP,0,,,N,0930
US1TXAG0001,20170803,PRCP,104,,,N,0800
US1TXAG0001,20170804,PRCP,0,,,N,0930
US1TXAG0001,20170805,PRCP,0,,,N,0930
US1TXAG0001,20170806,PRCP,0,,,N,0930
US1TXAG0001,20170807,PRCP,0,,,N,0745
US1TXAG0001,20170808,PRCP,272,,,N,0800
US1TXAG0001,20170809,PRCP,282,,,N,0800
US1TXAG0001,20170810,PRCP,5,,,N,0800
US1TXAG0001,20170811,PRCP,13,,,N,0930
US1TXAG0001,20170812,PRCP,0,,,N,0930
US1TXAG0001,20170813,PRCP,0,,,N,0930
US1TXAG0001,20170814,PRCP,0,,,N,0930
US1TXAG0001,20170815,PRCP,0,,,N,0930
US1TXAG0001,20170816,PRCP,0,,,N,0800
US1TXAG0001,20170817,PRCP,0,,,N,0800
US1TXAG0001,20170824,PRCP,0,,,N,0930
US1TXAG0001,20170825,PRCP,0,,,N,0930
US1TXAG0001,20170826,PRCP,0,,,N,0930
US1TXAG0001,20170827,PRCP,587,,,N,0715
US1TXAG0001,20170828,PRCP,970,,,N,0712
US1TXAG0001,20170829,PRCP,178,,,N,0715
US1TXAG0001,20170830,PRCP,447,,,N,0814
US1TXAG0001,20170831,PRCP,257,,,N,0745
US1TXAG0001,20170801,SNOW,0,,,N,0930
US1TXAG0001,20170802,SNOW,0,,,N,0930
US1TXAG0001,20170804,SNOW,0,,,N,0930
US1TXAG0001,20170805,SNOW,0,,,N,0930
US1TXAG0001,20170806,SNOW,0,,,N,0930
US1TXAG0001,20170807,SNOW,0,,,N,0745
US1TXAG0001,20170811,SNOW,0,,,N,0930
US1TXAG0001,20170812,SNOW,0,,,N,0930
US1TXAG0001,20170813,SNOW,0,,,N,0930
US1TXAG0001,20170814,SNOW,0,,,N,0930
US1TXAG0001,20170815,SNOW,0,,,N,0930
US1TXAG0001,20170816,SNOW,0,,,N,0800
US1TXAG0001,20170817,SNOW,0,,,N,0800
US1TXAG0001,20170824,SNOW,0,,,N,0930
US1TXAG0001,20170825,SNOW,0,,,N,0930
US1TXAG0001,20170826,SNOW,0,,,N,0930
US1TXAG0001,20170823,DAPR,6,,,N,1630
US1TXAG0001,20170823,MDPR,221,,,N,1630
US1TXAG0001,20170901,PRCP,0,,,N,0930
US1TXAG0001,20170902,PRCP,0,,,N,0930
US1TXAG0001,20170903,PRCP,0,,,N,0930
US1TXAG0001,20170904,PRCP,0,,,N,0930
US1TXAG0001,20170905,PRCP,0,,,N,0930
US1TXAG0001,20170906,PRCP,290,,,N,0800
US1TXAG0001,20170907,PRCP,0,,,N,0930
US1TXAG0001,20170908,PRCP,0,,,N,0930
US1TXAG0001,20170909,PRCP,0,,,N,0930
US1TXAG0001,20170910,PRCP,0,,,N,0930
US1TXAG0001,20170911,PRCP,0,,,N,0930
US1TXAG0001,20170912,PRCP,0,,,N,0930
US1TXAG0001,20170913,PRCP,0,,,N,0930
US1TXAG0001,20170914,PRCP,0,,,N,0930
US1TXAG0001,20170915,PRCP,0,,,N,0930
US1TXAG0001,20170916,PRCP,0,,,N,0930
US1TXAG0001,20170917,PRCP,0,,,N,0930
US1TXAG0001,20170918,PRCP,0,,,N,0930
US1TXAG0001,20170919,PRCP,0,,,N,0930
US1TXAG0001,20170920,PRCP,0,,,N,0930
US1TXAG0001,20170921,PRCP,0,,,N,0930
US1TXAG0001,20170922,PRCP,226,,,N,0800
US1TXAG0001,20170923,PRCP,0,,,N,0930
US1TXAG0001,20170924,PRCP,0,,,N,0930
US1TXAG0001,20170925,PRCP,0,,,N,0930
US1TXAG0001,20170926,PRCP,0,,,N,0930
US1TXAG0001,20170927,PRCP,0,,,N,0930
US1TXAG0001,20170928,PRCP,0,,,N,0930
US1TXAG0001,20170929,PRCP,0,,,N,0930
US1TXAG0001,20170930,PRCP,0,,,N,0930
US1TXAG0001,20170901,SNOW,0,,,N,0930
US1TXAG0001,20170902,SNOW,0,,,N,0930
US1TXAG0001,20170903,SNOW,0,,,N,0930
US1TXAG0001,20170904,SNOW,0,,,N,0930
US1TXAG0001,20170905,SNOW,0,,,N,0930
US1TXAG0001,20170907,SNOW,0,,,N,0930
US1TXAG0001,20170908,SNOW,0,,,N,0930
US1TXAG0001,20170909,SNOW,0,,,N,0930
US1TXAG0001,20170910,SNOW,0,,,N,0930
US1TXAG0001,20170911,SNOW,0,,,N,0930
US1TXAG0001,20170912,SNOW,0,,,N,0930
US1TXAG0001,20170913,SNOW,0,,,N,0930
US1TXAG0001,20170914,SNOW,0,,,N,0930
US1TXAG0001,20170915,SNOW,0,,,N,0930
US1TXAG0001,20170916,SNOW,0,,,N,0930
US1TXAG0001,20170917,SNOW,0,,,N,0930
US1TXAG0001,20170918,SNOW,0,,,N,0930
US1TXAG0001,20170919,SNOW,0,,,N,0930
US1TXAG0001,20170920,SNOW,0,,,N,0930
US1TXAG0001,20170921,SNOW,0,,,N,0930
US1TXAG0001,20170923,SNOW,0,,,N,0930
US1TXAG0001,20170924,SNOW,0,,,N,0930
US1TXAG0001,20170925,SNOW,0,,,N,0930
US1TXAG0001,20170926,SNOW,0,,,N,0930
US1TXAG0001,20170927,SNOW,0,,,N,0930
US1TXAG0001,20170928,SNOW,0,,,N,0930
US1TXAG0001,20170929,SNOW,0,,,N,0930
US1TXAG0001,20170930,SNOW,0,,,N,0930
US1TXAG0001,20171001,PRCP,0,,,N,0930
US1TXAG0001,20171002,PRCP,0,,,N,0930
US1TXAG0001,20171003,PRCP,28,,,N,0750
US1TXAG0001,20171004,PRCP,61,,,N,0800
US1TXAG0001,20171005,PRCP,0,,,N,0930
US1TXAG0001,20171006,PRCP,0,,,N,0930
US1TXAG0001,20171007,PRCP,0,,,N,0930
US1TXAG0001,20171008,PRCP,3,,,N,0800
US1TXAG0001,20171009,PRCP,0,,,N,0930
US1TXAG0001,20171010,PRCP,0,,,N,0930
US1TXAG0001,20171011,PRCP,0,,,N,0930
US1TXAG0001,20171012,PRCP,0,,,N,0930
US1TXAG0001,20171013,PRCP,0,,,N,0930
US1TXAG0001,20171014,PRCP,0,,,N,0930
US1TXAG0001,20171015,PRCP,0,,,N,0930
US1TXAG0001,20171016,PRCP,0,,,N,0930
US1TXAG0001,20171017,PRCP,0,,,N,0930
US1TXAG0001,20171018,PRCP,0,,,N,0930
US1TXAG0001,20171019,PRCP,0,,,N,0930
US1TXAG0001,20171020,PRCP,3,,,N,0800
US1TXAG0001,20171021,PRCP,8,,,N,0800
US1TXAG0001,20171022,PRCP,272,,,N,0715
US1TXAG0001,20171023,PRCP,61,,,N,0800
US1TXAG0001,20171024,PRCP,0,,,N,0930
US1TXAG0001,20171025,PRCP,0,,,N,0930
US1TXAG0001,20171026,PRCP,0,,,N,0930
US1TXAG0001,20171027,PRCP,0,,,N,0930
US1TXAG0001,20171028,PRCP,0,,,N,0930
US1TXAG0001,20171029,PRCP,0,,,N,0930
US1TXAG0001,20171030,PRCP,0,,,N,0930
US1TXAG0001,20171031,PRCP,3,,,N,0855
US1TXAG0001,20171001,SNOW,0,,,N,0930
US1TXAG0001,20171002,SNOW,0,,,N,0930
US1TXAG0001,20171005,SNOW,0,,,N,0930
US1TXAG0001,20171006,SNOW,0,,,N,0930
US1TXAG0001,20171007,SNOW,0,,,N,0930
US1TXAG0001,20171009,SNOW,0,,,N,0930
US1TXAG0001,20171010,SNOW,0,,,N,0930
US1TXAG0001,20171011,SNOW,0,,,N,0930
US1TXAG0001,20171012,SNOW,0,,,N,0930
US1TXAG0001,20171013,SNOW,0,,,N,0930
US1TXAG0001,20171014,SNOW,0,,,N,0930
US1TXAG0001,20171015,SNOW,0,,,N,0930
US1TXAG0001,20171016,SNOW,0,,,N,0930
US1TXAG0001,20171017,SNOW,0,,,N,0930
US1TXAG0001,20171018,SNOW,0,,,N,0930
US1TXAG0001,20171019,SNOW,0,,,N,0930
US1TXAG0001,20171024,SNOW,0,,,N,0930
US1TXAG0001,20171025,SNOW,0,,,N,0930
US1TXAG0001,20171026,SNOW,0,,,N,0930
US1TXAG0001,20171027,SNOW,0,,,N,0930
US1TXAG0001,20171028,SNOW,0,,,N,0930
US1TXAG0001,20171029,SNOW,0,,,N,0930
US1TXAG0001,20171030,SNOW,0,,,N,0930
US1TXAG0001,20171101,PRCP,676,,,N,0820
US1TXAG0001,20171102,PRCP,5,,,N,0800
US1TXAG0001,20171103,PRCP,0,,,N,0930
US1TXAG0001,20171104,PRCP,0,,,N,0930
US1TXAG0001,20171105,PRCP,0,,,N,0930
US1TXAG0001,20171106,PRCP,0,,,N,0930
US1TXAG0001,20171107,PRCP,0,,,N,0930
US1TXAG0001,20171108,PRCP,0,,,N,0930
US1TXAG0001,20171109,PRCP,76,,,N,0800
US1TXAG0001,20171110,PRCP,0,,,N,0930
US1TXAG0001,20171111,PRCP,0,,,N,0930
US1TXAG0001,20171112,PRCP,0,,,N,0930
US1TXAG0001,20171113,PRCP,0,,,N,0930
US1TXAG0001,20171114,PRCP,0,,,N,0930
US1TXAG0001,20171115,PRCP,0,,,N,0930
US1TXAG0001,20171116,PRCP,0,,,N,0930
US1TXAG0001,20171117,PRCP,0,,,N,0930
US1TXAG0001,20171118,PRCP,0,,,N,0930
US1TXAG0001,20171119,PRCP,0,,,N,0930
US1TXAG0001,20171120,PRCP,0,,,N,0930
US1TXAG0001,20171121,PRCP,0,,,N,0930
US1TXAG0001,20171122,PRCP,0,,,N,0930
US1TXAG0001,20171123,PRCP,0,,,N,0930
US1TXAG0001,20171124,PRCP,0,,,N,0930
US1TXAG0001,20171125,PRCP,0,,,N,0930
US1TXAG0001,20171126,PRCP,0,,,N,0930
US1TXAG0001,20171127,PRCP,0,,,N,0930
US1TXAG0001,20171128,PRCP,0,,,N,0930
US1TXAG0001,20171129,PRCP,0,,,N,0930
US1TXAG0001,20171130,PRCP,0,,,N,0930
US1TXAG0001,20171103,SNOW,0,,,N,0930
US1TXAG0001,20171104,SNOW,0,,,N,0930
US1TXAG0001,20171105,SNOW,0,,,N,0930
US1TXAG0001,20171106,SNOW,0,,,N,0930
US1TXAG0001,20171107,SNOW,0,,,N,0930
US1TXAG0001,20171108,SNOW,0,,,N,0930
US1TXAG0001,20171109,SNOW,0,,,N,0800
US1TXAG0001,20171110,SNOW,0,,,N,0930
US1TXAG0001,20171111,SNOW,0,,,N,0930
US1TXAG0001,20171112,SNOW,0,,,N,0930
US1TXAG0001,20171113,SNOW,0,,,N,0930
US1TXAG0001,20171114,SNOW,0,,,N,0930
US1TXAG0001,20171115,SNOW,0,,,N,0930
US1TXAG0001,20171116,SNOW,0,,,N,0930
US1TXAG0001,20171117,SNOW,0,,,N,0930
US1TXAG0001,20171118,SNOW,0,,,N,0930
US1TXAG0001,20171119,SNOW,0,,,N,0930
US1TXAG0001,20171120,SNOW,0,,,N,0930
US1TXAG0001,20171121,SNOW,0,,,N,0930
US1TXAG0001,20171122,SNOW,0,,,N,0930
US1TXAG0001,20171123,SNOW,0,,,N,0930
US1TXAG0001,20171124,SNOW,0,,,N,0930
US1TXAG0001,20171125,SNOW,0,,,N,0930
US1TXAG0001,20171126,SNOW,0,,,N,0930
US1TXAG0001,20171127,SNOW,0,,,N,0930
US1TXAG0001,20171128,SNOW,0,,,N,0930
US1TXAG0001,20171129,SNOW,0,,,N,0930
US1TXAG0001,20171130,SNOW,0,,,N,0930
US1TXAG0001,20171201,PRCP,0,,,N,0930
US1TXAG0001,20171202,PRCP,0,,,N,0930
US1TXAG0001,20171203,PRCP,0,,,N,0930
US1TXAG0001,20171204,PRCP,81,,,N,0800
US1TXAG0001,20171205,PRCP,102,,,N,0800
US1TXAG0001,20171206,PRCP,30,,,N,0800
US1TXAG0001,20171207,PRCP,41,,,N,0800
US1TXAG0001,20171208,PRCP,10,,,N,0800
US1TXAG0001,20171209,PRCP,0,,,N,0930
US1TXAG0001,20171210,PRCP,0,,,N,0930
US1TXAG0001,20171211,PRCP,0,,,N,0930
US1TXAG0001,20171212,PRCP,0,,,N,0930
US1TXAG0001,20171213,PRCP,0,,,N,0930
US1TXAG0001,20171214,PRCP,0,,,N,0930
US1TXAG0001,20171215,PRCP,0,,,N,0930
US1TXAG0001,20171216,PRCP,0,,,N,0930
US1TXAG0001,20171217,PRCP,274,,,N,0800
US1TXAG0001,20171218,PRCP,0,T,,N,0800
US1TXAG0001,20171219,PRCP,56,,,N,0800
US1TXAG0001,20171220,PRCP,132,,,N,0800
US1TXAG0001,20171221,PRCP,0,,,N,0930
US1TXAG0001,20171222,PRCP,0,,,N,0930
US1TXAG0001,20171223,PRCP,33,,,N,0800
US1TXAG0001,20171224,PRCP,0,,,N,0930
US1TXAG0001,20171225,PRCP,0,,,N,0930
US1TXAG0001,20171226,PRCP,18,,,N,0718
US1TXAG0001,20171229,PRCP,0,,,N,0930
US1TXAG0001,20171230,PRCP,0,T,,N,0800
US1TXAG0001,20171231,PRCP,5,,,N,0800
US1TXAG0001,20171201,SNOW,0,,,N,0930
US1TXAG0001,20171202,SNOW,0,,,N,0930
US1TXAG0001,20171203,SNOW,0,,,N,0930
US1TXAG0001,20171209,SNOW,0,,,N,0930
US1TXAG0001,20171210,SNOW,0,,,N,0930
US1TXAG0001,20171211,SNOW,0,,,N,0930
US1TXAG0001,20171212,SNOW,0,,,N,0930
US1TXAG0001,20171213,SNOW,0,,,N,0930
US1TXAG0001,20171214,SNOW,0,,,N,0930
US1TXAG0001,20171215,SNOW,0,,,N,0930
US1TXAG0001,20171216,SNOW,0,,,N,0930
US1TXAG0001,20171221,SNOW,0,,,N,0930
US1TXAG0001,20171222,SNOW,0,,,N,0930
US1TXAG0001,20171224,SNOW,0,,,N,0930
US1TXAG0001,20171225,SNOW,0,,,N,0930
US1TXAG0001,20171229,SNOW,0,,,N,0930
US1TXAG0001,20171228,DAPR,2,,,N,0800
US1TXAG0001,20171228,MDPR,69,,,N,0800
US1TXAG0001,20180101,PRCP,0,,,N,0930
US1TXAG0001,20180102,PRCP,0,,,N,0930
US1TXAG0001,20180103,PRCP,0,,,N,0930
US1TXAG0001,20180104,PRCP,0,,,N,0930
US1TXAG0001,20180105,PRCP,0,,,N,0930
US1TXAG0001,20180106,PRCP,0,,,N,0930
US1TXAG0001,20180107,PRCP,0,,,N,0930
US1TXAG0001,20180108,PRCP,66,,,N,0800
US1TXAG0001,20180109,PRCP,5,,,N,1000
US1TXAG0001,20180110,PRCP,0,,,N,0930
US1TXAG0001,20180111,PRCP,0,T,,N,0800
US1TXAG0001,20180112,PRCP,249,,,N,0800
US1TXAG0001,20180113,PRCP,0,,,N,0930
US1TXAG0001,20180114,PRCP,0,,,N,0930
US1TXAG0001,20180115,PRCP,0,,,N,0930
US1TXAG0001,20180116,PRCP,229,,,N,0900
US1TXAG0001,20180117,PRCP,0,,,N,0930
US1TXAG0001,20180118,PRCP,0,,,N,0930
US1TXAG0001,20180119,PRCP,0,,,N,0930
US1TXAG0001,20180120,PRCP,0,,,N,0930
US1TXAG0001,20180121,PRCP,3,,,N,0800
US1TXAG0001,20180122,PRCP,23,,,N,0800
US1TXAG0001,20180123,PRCP,0,,,N,0930
US1TXAG0001,20180124,PRCP,0,,,N,0930
US1TXAG0001,20180125,PRCP,0,,,N,0930
US1TXAG0001,20180126,PRCP,0,,,N,0930
US1TXAG0001,20180127,PRCP,152,,,N,0800
US1TXAG0001,20180128,PRCP,114,,,N,0800
US1TXAG0001,20180129,PRCP,0,,,N,0930
US1TXAG0001,20180130,PRCP,0,,,N,0930
US1TXAG0001,20180131,PRCP,0,,,N,0930
US1TXAG0001,20180101,SNOW,0,,,N,0930
US1TXAG0001,20180102,SNOW,0,,,N,0930
US1TXAG0001,20180103,SNOW,0,,,N,0930
US1TXAG0001,20180104,SNOW,0,,,N,0930
US1TXAG0001,20180105,SNOW,0,,,N,0930
US1TXAG0001,20180106,SNOW,0,,,N,0930
US1TXAG0001,20180107,SNOW,0,,,N,0930
US1TXAG0001,20180110,SNOW,0,,,N,0930
US1TXAG0001,20180113,SNOW,0,,,N,0930
US1TXAG0001,20180114,SNOW,0,,,N,0930
US1TXAG0001,20180115,SNOW,0,,,N,0930
US1TXAG0001,20180117,SNOW,0,,,N,0930
US1TXAG0001,20180118,SNOW,0,,,N,0930
US1TXAG0001,20180119,SNOW,0,,,N,0930
US1TXAG0001,20180120,SNOW,0,,,N,0930
US1TXAG0001,20180123,SNOW,0,,,N,0930
US1TXAG0001,20180124,SNOW,0,,,N,0930
US1TXAG0001,20180125,SNOW,0,,,N,0930
US1TXAG0001,20180126,SNOW,0,,,N,0930
US1TXAG0001,20180129,SNOW,0,,,N,0930
US1TXAG0001,20180130,SNOW,0,,,N,0930
US1TXAG0001,20180131,SNOW,0,,,N,0930
US1TXAG0001,20180201,PRCP,0,,,N,0930
US1TXAG0001,20180202,PRCP,0,,,N,0930
US1TXAG0001,20180203,PRCP,0,,,N,0930
US1TXAG0001,20180204,PRCP,46,,,N,0800
US1TXAG0001,20180205,PRCP,0,,,N,0930
US1TXAG0001,20180206,PRCP,20,,,N,0800
US1TXAG0001,20180207,PRCP,56,,,N,0800
US1TXAG0001,20180208,PRCP,13,,,N,0800
US1TXAG0001,20180209,PRCP,0,,,N,0930
US1TXAG0001,20180210,PRCP,224,,,N,0800
US1TXAG0001,20180211,PRCP,28,,,N,0800
US1TXAG0001,20180212,PRCP,3,,,N,0800
US1TXAG0001,20180213,PRCP,0,,,N,0930
US1TXAG0001,20180214,PRCP,84,,,N,0800
US1TXAG0001,20180215,PRCP,3,,,N,0930
US1TXAG0001,20180216,PRCP,0,,,N,0800
US1TXAG0001,20180217,PRCP,0,,,N,0930
US1TXAG0001,20180218,PRCP,25,,,N,0800
US1TXAG0001,20180219,PRCP,0,,,N,0930
US1TXAG0001,20180220,PRCP,0,,,N,0930
US1TXAG0001,20180221,PRCP,74,,,N,0800
US1TXAG0001,20180222,PRCP,671,,,N,0800
US1TXAG0001,20180223,PRCP,23,,,N,0800
US1TXAG0001,20180224,PRCP,18,,,N,0800
US1TXAG0001,20180225,PRCP,61,,,N,0800
US1TXAG0001,20180226,PRCP,323,,,N,0800
US1TXAG0001,20180227,PRCP,0,,,N,0930
US1TXAG0001,20180228,PRCP,5,,,N,0800
US1TXAG0001,20180201,SNOW,0,,,N,0930
US1TXAG0001,20180202,SNOW,0,,,N,0930
US1TXAG0001,20180203,SNOW,0,,,N,0930
US1TXAG0001,20180205,SNOW,0,,,N,0930
US1TXAG0001,20180208,SNOW,0,,,N,0800
US1TXAG0001,20180209,SNOW,0,,,N,0930
US1TXAG0001,20180213,SNOW,0,,,N,0930
US1TXAG0001,20180215,SNOW,0,,,N,0930
US1TXAG0001,20180216,SNOW,0,,,N,0800
US1TXAG0001,20180217,SNOW,0,,,N,0930
US1TXAG0001,20180219,SNOW,0,,,N,0930
US1TXAG0001,20180220,SNOW,0,,,N,0930
US1TXAG0001,20180227,SNOW,0,,,N,0930
US1TXAG0001,20180301,PRCP,13,,,N,0800
US1TXAG0001,20180302,PRCP,0,,,N,0930
US1TXAG0001,20180303,PRCP,0,,,N,0930
US1TXAG0001,20180304,PRCP,0,,,N,0930
US1TXAG0001,20180305,PRCP,0,,,N,0930
US1TXAG0001,20180306,PRCP,18,,,N,0800
US1TXAG0001,20180307,PRCP,0,,,N,0930
US1TXAG0001,20180308,PRCP,0,,,N,0930
US1TXAG0001,20180309,PRCP,0,,,N,0930
US1TXAG0001,20180310,PRCP,0,,,N,0930
US1TXAG0001,20180311,PRCP,0,,,N,0930
US1TXAG0001,20180312,PRCP,0,,,N,0930
US1TXAG0001,20180313,PRCP,0,,,N,0930
US1TXAG0001,20180314,PRCP,0,,,N,0930
US1TXAG0001,20180315,PRCP,0,,,N,0930
US1TXAG0001,20180316,PRCP,0,,,N,0930
US1TXAG0001,20180317,PRCP,0,,,N,0930
US1TXAG0001,20180318,PRCP,117,,,N,0800
US1TXAG0001,20180319,PRCP,38,,,N,0800
US1TXAG0001,20180320,PRCP,0,,,N,0930
US1TXAG0001,20180321,PRCP,0,,,N,0930
US1TXAG0001,20180322,PRCP,0,,,N,0930
US1TXAG0001,20180323,PRCP,0,,,N,0930
US1TXAG0001,20180324,PRCP,0,,,N,0930
US1TXAG0001,20180325,PRCP,0,,,N,0930
US1TXAG0001,20180326,PRCP,0,,,N,0930
US1TXAG0001,20180327,PRCP,0,T,,N,0800
US1TXAG0001,20180328,PRCP,13,,,N,0745
US1TXAG0001,20180329,PRCP,1300,,,N,0800
US1TXAG0001,20180330,PRCP,0,,,N,0930
US1TXAG0001,20180331,PRCP,0,,,N,0930
US1TXAG0001,20180302,SNOW,0,,,N,0930
US1TXAG0001,20180303,SNOW,0,,,N,0930
US1TXAG0001,20180304,SNOW,0,,,N,0930
US1TXAG0001,20180305,SNOW,0,,,N,0930
US1TXAG0001,20180307,SNOW,0,,,N,0930
US1TXAG0001,20180308,SNOW,0,,,N,0930
US1TXAG0001,20180309,SNOW,0,,,N,0930
US1TXAG0001,20180310,SNOW,0,,,N,0930
US1TXAG0001,20180311,SNOW,0,,,N,0930
US1TXAG0001,20180312,SNOW,0,,,N,0930
US1TXAG0001,20180313,SNOW,0,,,N,0930
US1TXAG0001,20180314,SNOW,0,,,N,0930
US1TXAG0001,20180315,SNOW,0,,,N,0930
US1TXAG0001,20180316,SNOW,0,,,N,0930
US1TXAG0001,20180317,SNOW,0,,,N,0930
US1TXAG0001,20180320,SNOW,0,,,N,0930
US1TXAG0001,20180321,SNOW,0,,,N,0930
US1TXAG0001,20180322,SNOW,0,,,N,0930
US1TXAG0001,20180323,SNOW,0,,,N,0930
US1TXAG0001,20180324,SNOW,0,,,N,0930
US1TXAG0001,20180325,SNOW,0,,,N,0930
US1TXAG0001,20180326,SNOW,0,,,N,0930
US1TXAG0001,20180330,SNOW,0,,,N,0930
US1TXAG0001,20180331,SNOW,0,,,N,0930
US1TXAG0001,20180401,PRCP,0,,,N,0930
US1TXAG0001,20180402,PRCP,0,,,N,0930
US1TXAG0001,20180403,PRCP,0,,,N,0930
US1TXAG0001,20180404,PRCP,196,,,N,0800
US1TXAG0001,20180405,PRCP,0,,,N,0930
US1TXAG0001,20180406,PRCP,0,T,,N,0800
US1TXAG0001,20180407,PRCP,264,,,N,0800
US1TXAG0001,20180408,PRCP,3,,,N,0800
US1TXAG0001,20180409,PRCP,0,,,N,0930
US1TXAG0001,20180410,PRCP,0,,,N,0930
US1TXAG0001,20180411,PRCP,0,,,N,0930
US1TXAG0001,20180412,PRCP,0,,,N,0930
US1TXAG0001,20180413,PRCP,0,,,N,0930
US1TXAG0001,20180414,PRCP,249,,,N,0730
US1TXAG0001,20180415,PRCP,0,,,N,0930
US1TXAG0001,20180416,PRCP,0,,,N,0930
US1TXAG0001,20180417,PRCP,0,,,N,0930
US1TXAG0001,20180418,PRCP,0,,,N,0930
US1TXAG0001,20180419,PRCP,0,,,N,0930
US1TXAG0001,20180420,PRCP,0,,,N,0930
US1TXAG0001,20180421,PRCP,0,,,N,0930
US1TXAG0001,20180422,PRCP,58,,,N,0800
US1TXAG0001,20180423,PRCP,0,,,N,0930
US1TXAG0001,20180424,PRCP,0,,,N,0930
US1TXAG0001,20180425,PRCP,0,,,N,0930
US1TXAG0001,20180426,PRCP,0,,,N,0930
US1TXAG0001,20180427,PRCP,0,,,N,0930
US1TXAG0001,20180428,PRCP,0,,,N,0930
US1TXAG0001,20180429,PRCP,0,,,N,0930
US1TXAG0001,20180430,PRCP,0,,,N,0930
US1TXAG0001,20180401,SNOW,0,,,N,0930
US1TXAG0001,20180402,SNOW,0,,,N,0930
US1TXAG0001,20180403,SNOW,0,,,N,0930
US1TXAG0001,20180405,SNOW,0,,,N,0930
US1TXAG0001,20180409,SNOW,0,,,N,0930
US1TXAG0001,20180410,SNOW,0,,,N,0930
US1TXAG0001,20180411,SNOW,0,,,N,0930
US1TXAG0001,20180412,SNOW,0,,,N,0930
US1TXAG0001,20180413,SNOW,0,,,N,0930
US1TXAG0001,20180415,SNOW,0,,,N,0930
US1TXAG0001,20180416,SNOW,0,,,N,0930
US1TXAG0001,20180417,SNOW,0,,,N,0930
US1TXAG0001,20180418,SNOW,0,,,N,0930
US1TXAG0001,20180419,SNOW,0,,,N,0930
US1TXAG0001,20180420,SNOW,0,,,N,0930
US1TXAG0001,20180421,SNOW,0,,,N,0930
US1TXAG0001,20180423,SNOW,0,,,N,0930
US1TXAG0001,20180424,SNOW,0,,,N,0930
US1TXAG0001,20180425,SNOW,0,,,N,0930
US1TXAG0001,20180426,SNOW,0,,,N,0930
US1TXAG0001,20180427,SNOW,0,,,N,0930
US1TXAG0001,20180428,SNOW,0,,,N,0930
US1TXAG0001,20180429,SNOW,0,,,N,0930
US1TXAG0001,20180430,SNOW,0,,,N,0930
US1TXAG0001,20180501,PRCP,0,,,N,0930
US1TXAG0001,20180502,PRCP,0,,,N,0930
US1TXAG0001,20180503,PRCP,0,,,N,0930
US1TXAG0001,20180504,PRCP,0,,,N,0930
US1TXAG0001,20180505,PRCP,97,,,N,0800
US1TXAG0001,20180506,PRCP,0,,,N,0930
US1TXAG0001,20180507,PRCP,0,,,N,0930
US1TXAG0001,20180508,PRCP,0,,,N,0930
US1TXAG0001,20180509,PRCP,0,,,N,0930
US1TXAG0001,20180510,PRCP,0,,,N,0930
US1TXAG0001,20180511,PRCP,0,,,N,0930
US1TXAG0001,20180512,PRCP,0,,,N,0930
US1TXAG0001,20180513,PRCP,0,,,N,0930
US1TXAG0001,20180514,PRCP,0,,,N,0930
US1TXAG0001,20180515,PRCP,0,,,N,0930
US1TXAG0001,20180516,PRCP,0,,,N,0930
US1TXAG0001,20180517,PRCP,0,,,N,0930
US1TXAG0001,20180518,PRCP,0,,,N,0930
US1TXAG0001,20180519,PRCP,0,,,N,0930
US1TXAG0001,20180520,PRCP,0,,,N,0930
US1TXAG0001,20180521,PRCP,99,,,N,0800
US1TXAG0001,20180522,PRCP,0,,,N,0930
US1TXAG0001,20180523,PRCP,0,,,N,0930
US1TXAG0001,20180524,PRCP,0,,,N,0930
US1TXAG0001,20180525,PRCP,69,,,N,0800
US1TXAG0001,20180526,PRCP,5,,,N,0800
US1TXAG0001,20180527,PRCP,0,,,N,0930
US1TXAG0001,20180528,PRCP,0,,,N,0930
US1TXAG0001,20180529,PRCP,0,,,N,0930
US1TXAG0001,20180530,PRCP,0,,,N,0930
US1TXAG0001,20180531,PRCP,0,,,N,0930
US1TXAG0001,20180501,SNOW,0,,,N,0930
US1TXAG0001,20180502,SNOW,0,,,N,0930
US1TXAG0001,20180503,SNOW,0,,,N,0930
US1TXAG0001,20180504,SNOW,0,,,N,0930
US1TXAG0001,20180506,SNOW,0,,,N,0930
US1TXAG0001,20180507,SNOW,0,,,N,0930
US1TXAG0001,20180508,SNOW,0,,,N,0930
US1TXAG0001,20180509,SNOW,0,,,N,0930
US1TXAG0001,20180510,SNOW,0,,,N,0930
US1TXAG0001,20180511,SNOW,0,,,N,0930
US1TXAG0001,20180512,SNOW,0,,,N,0930
US1TXAG0001,20180513,SNOW,0,,,N,0930
US1TXAG0001,20180514,SNOW,0,,,N,0930
US1TXAG0001,20180515,SNOW,0,,,N,0930
US1TXAG0001,20180516,SNOW,0,,,N,0930
US1TXAG0001,20180517,SNOW,0,,,N,0930
US1TXAG0001,20180518,SNOW,0,,,N,0930
US1TXAG0001,20180519,SNOW,0,,,N,0930
US1TXAG0001,20180520,SNOW,0,,,N,0930
US1TXAG0001,20180522,SNOW,0,,,N,0930
US1TXAG0001,20180523,SNOW,0,,,N,0930
US1TXAG0001,20180524,SNOW,0,,,N,0930
US1TXAG0001,20180527,SNOW,0,,,N,0930
US1TXAG0001,20180528,SNOW,0,,,N,0930
US1TXAG0001,20180529,SNOW,0,,,N,0930
US1TXAG0001,20180530,SNOW,0,,,N,0930
US1TXAG0001,20180531,SNOW,0,,,N,0930
US1TXAG0001,20180601,PRCP,0,,,N,0930
US1TXAG0001,20180602,PRCP,0,,,N,0930
US1TXAG0001,20180603,PRCP,0,,,N,0930
US1TXAG0001,20180604,PRCP,0,,,N,0930
US1TXAG0001,20180605,PRCP,0,,,N,0930
US1TXAG0001,20180606,PRCP,0,,,N,0930
US1TXAG0001,20180607,PRCP,0,,,N,0930
US1TXAG0001,20180608,PRCP,0,,,N,0930
US1TXAG0001,20180609,PRCP,0,,,N,0930
US1TXAG0001,20180610,PRCP,0,,,N,0930
US1TXAG0001,20180611,PRCP,0,,,N,0930
US1TXAG0001,20180612,PRCP,0,,,N,0930
US1TXAG0001,20180613,PRCP,0,,,N,0930
US1TXAG0001,20180614,PRCP,0,,,N,0930
US1TXAG0001,20180615,PRCP,10,,,N,0800
US1TXAG0001,20180616,PRCP,0,,,N,0800
US1TXAG0001,20180617,PRCP,0,,,N,0930
US1TXAG0001,20180618,PRCP,0,,,N,0800
US1TXAG0001,20180619,PRCP,8,,,N,0800
US1TXAG0001,20180620,PRCP,0,T,,N,0800
US1TXAG0001,20180621,PRCP,165,,,N,0800
US1TXAG0001,20180622,PRCP,0,,,N,0930
US1TXAG0001,20180623,PRCP,0,,,N,0930
US1TXAG0001,20180624,PRCP,0,,,N,0930
US1TXAG0001,20180625,PRCP,0,,,N,0930
US1TXAG0001,20180626,PRCP,0,,,N,0930
US1TXAG0001,20180627,PRCP,0,,,N,0930
US1TXAG0001,20180628,PRCP,0,,,N,0930
US1TXAG0001,20180629,PRCP,0,,,N,0930
US1TXAG0001,20180630,PRCP,0,,,N,0930
US1TXAG0001,20180601,SNOW,0,,,N,0930
US1TXAG0001,20180602,SNOW,0,,,N,0930
US1TXAG0001,20180603,SNOW,0,,,N,0930
US1TXAG0001,20180604,SNOW,0,,,N,0930
US1TXAG0001,20180605,SNOW,0,,,N,0930
US1TXAG0001,20180606,SNOW,0,,,N,0930
US1TXAG0001,20180607,SNOW,0,,,N,0930
US1TXAG0001,20180608,SNOW,0,,,N,0930
US1TXAG0001,20180609,SNOW,0,,,N,0930
US1TXAG0001,20180610,SNOW,0,,,N,0930
US1TXAG0001,20180611,SNOW,0,,,N,0930
US1TXAG0001,20180612,SNOW,0,,,N,0930
US1TXAG0001,20180613,SNOW,0,,,N,0930
US1TXAG0001,20180614,SNOW,0,,,N,0930
US1TXAG0001,20180615,SNOW,0,,,N,0800
US1TXAG0001,20180616,SNOW,0,,,N,0800
US1TXAG0001,20180617,SNOW,0,,,N,0930
US1TXAG0001,20180618,SNOW,0,,,N,0800
US1TXAG0001,20180621,SNOW,0,,,N,0800
US1TXAG0001,20180622,SNOW,0,,,N,0930
US1TXAG0001,20180623,SNOW,0,,,N,0930
US1TXAG0001,20180624,SNOW,0,,,N,0930
US1TXAG0001,20180625,SNOW,0,,,N,0930
US1TXAG0001,20180626,SNOW,0,,,N,0930
US1TXAG0001,20180627,SNOW,0,,,N,0930
US1TXAG0001,20180628,SNOW,0,,,N,0930
US1TXAG0001,20180629,SNOW,0,,,N,0930
US1TXAG0001,20180630,SNOW,0,,,N,0930
US1TXAG0001,20180701,PRCP,0,,,N,0930
US1TXAG0001,20180702,PRCP,0,,,N,0930
US1TXAG0001,20180703,PRCP,0,,,N,0930
US1TXAG0001,20180704,PRCP,147,,,N,0800
US1TXAG0001,20180705,PRCP,25,,,N,0800
US1TXAG0001,20180706,PRCP,3,,,N,0800
US1TXAG0001,20180707,PRCP,0,T,,N,0800
US1TXAG0001,20180708,PRCP,188,,,N,0800
US1TXAG0001,20180709,PRCP,165,,,N,0800
US1TXAG0001,20180710,PRCP,36,,,N,0800
US1TXAG0001,20180711,PRCP,8,,,N,0800
US1TXAG0001,20180712,PRCP,38,,,N,0930
US1TXAG0001,20180713,PRCP,333,,,N,0800
US1TXAG0001,20180714,PRCP,0,,,N,0930
US1TXAG0001,20180715,PRCP,0,,,N,0930
US1TXAG0001,20180716,PRCP,0,,,N,0930
US1TXAG0001,20180717,PRCP,0,,,N,0930
US1TXAG0001,20180718,PRCP,0,,,N,0930
US1TXAG0001,20180719,PRCP,0,,,N,0930
US1TXAG0001,20180720,PRCP,0,,,N,0930
US1TXAG0001,20180721,PRCP,0,,,N,0930
US1TXAG0001,20180722,PRCP,0,,,N,0930
US1TXAG0001,20180723,PRCP,0,,,N,0930
US1TXAG0001,20180724,PRCP,0,,,N,0930
US1TXAG0001,20180725,PRCP,0,,,N,0930
US1TXAG0001,20180726,PRCP,0,,,N,0930
US1TXAG0001,20180727,PRCP,0,,,N,0930
US1TXAG0001,20180728,PRCP,0,,,N,0930
US1TXAG0001,20180729,PRCP,0,T,,N,0800
US1TXAG0001,20180730,PRCP,69,,,N,0800
US1TXAG0001,20180731,PRCP,579,,,N,0710
US1TXAG0001,20180701,SNOW,0,,,N,0930
US1TXAG0001,20180702,SNOW,0,,,N,0930
US1TXAG0001,20180703,SNOW,0,,,N,0930
US1TXAG0001,20180714,SNOW,0,,,N,0930
US1TXAG0001,20180715,SNOW,0,,,N,0930
US1TXAG0001,20180716,SNOW,0,,,N,0930
US1TXAG0001,20180717,SNOW,0,,,N,0930
US1TXAG0001,20180718,SNOW,0,,,N,0930
US1TXAG0001,20180719,SNOW,0,,,N,0930
US1TXAG0001,20180720,SNOW,0,,,N,0930
US1TXAG0001,20180721,SNOW,0,,,N,0930
US1TXAG0001,20180722,SNOW,0,,,N,0930
US1TXAG0001,20180723,SNOW,0,,,N,0930
US1TXAG0001,20180724,SNOW,0,,,N,0930
US1TXAG0001,20180725,SNOW,0,,,N,0930
US1TXAG0001,20180726,SNOW,0,,,N,0930
US1TXAG0001,20180727,SNOW,0,,,N,0930
US1TXAG0001,20180728,SNOW,0,,,N,0930
US1TXAG0001,20180801,PRCP,81,,,N,0800
US1TXAG0001,20180802,PRCP,0,,,N,0930
US1TXAG0001,20180803,PRCP,0,,,N,0930
US1TXAG0001,20180804,PRCP,0,,,N,0930
US1TXAG0001,20180805,PRCP,0,,,N,0930
US1TXAG0001,20180806,PRCP,0,,,N,0930
US1TXAG0001,20180807,PRCP,0,,,N,0930
US1TXAG0001,20180808,PRCP,0,,,N,0930
US1TXAG0001,20180809,PRCP,0,,,N,0930
US1TXAG0001,20180810,PRCP,0,,,N,0930
US1TXAG0001,20180811,PRCP,0,T,,N,0800
US1TXAG0001,20180812,PRCP,30,,,N,0800
US1TXAG0001,20180813,PRCP,48,,,N,0800
US1TXAG0001,20180814,PRCP,0,,,N,0930
US1TXAG0001,20180815,PRCP,0,,,N,0930
US1TXAG0001,20180816,PRCP,0,,,N,0930
US1TXAG0001,20180817,PRCP,0,,,N,0930
US1TXAG0001,20180818,PRCP,0,,,N,0930
US1TXAG0001,20180819,PRCP,0,,,N,0930
US1TXAG0001,20180820,PRCP,0,,,N,0930
US1TXAG0001,20180821,PRCP,15,,,N,0800
US1TXAG0001,20180822,PRCP,0,,,N,0930
US1TXAG0001,20180823,PRCP,0,,,N,0930
US1TXAG0001,20180824,PRCP,0,,,N,0930
US1TXAG0001,20180825,PRCP,0,,,N,0930
US1TXAG0001,20180826,PRCP,0,,,N,0930
US1TXAG0001,20180827,PRCP,0,,,N,0930
US1TXAG0001,20180828,PRCP,0,,,N,0930
US1TXAG0001,20180829,PRCP,0,,,N,0930
US1TXAG0001,20180830,PRCP,0,,,N,0930
US1TXAG0001,20180831,PRCP,0,,,N,0930
US1TXAG0001,20180802,SNOW,0,,,N,0930
US1TXAG0001,20180803,SNOW,0,,,N,0930
US1TXAG0001,20180804,SNOW,0,,,N,0930
US1TXAG0001,20180805,SNOW,0,,,N,0930
US1TXAG0001,20180806,SNOW,0,,,N,0930
US1TXAG0001,20180807,SNOW,0,,,N,0930
US1TXAG0001,20180808,SNOW,0,,,N,0930
US1TXAG0001,20180809,SNOW,0,,,N,0930
US1TXAG0001,20180810,SNOW,0,,,N,0930
US1TXAG0001,20180814,SNOW,0,,,N,0930
US1TXAG0001,20180815,SNOW,0,,,N,0930
US1TXAG0001,20180816,SNOW,0,,,N,0930
US1TXAG0001,20180817,SNOW,0,,,N,0930
US1TXAG0001,20180818,SNOW,0,,,N,0930
US1TXAG0001,20180819,SNOW,0,,,N,0930
US1TXAG0001,20180820,SNOW,0,,,N,0930
US1TXAG0001,20180822,SNOW,0,,,N,0930
US1TXAG0001,20180823,SNOW,0,,,N,0930
US1TXAG0001,20180824,SNOW,0,,,N,0930
US1TXAG0001,20180825,SNOW,0,,,N,0930
US1TXAG0001,20180826,SNOW,0,,,N,0930
US1TXAG0001,20180827,SNOW,0,,,N,0930
US1TXAG0001,20180828,SNOW,0,,,N,0930
US1TXAG0001,20180829,SNOW,0,,,N,0930
US1TXAG0001,20180830,SNOW,0,,,N,0930
US1TXAG0001,20180831,SNOW,0,,,N,0930
US1TXAG0001,20180901,PRCP,0,,,N,0930
US1TXAG0001,20180902,PRCP,0,T,,N,0800
US1TXAG0001,20180903,PRCP,193,,,N,0800
US1TXAG0001,20180904,PRCP,10,,,N,0800
US1TXAG0001,20180905,PRCP,43,,,N,0800
US1TXAG0001,20180906,PRCP,0,,,N,0930
US1TXAG0001,20180907,PRCP,38,,,N,0800
US1TXAG0001,20180908,PRCP,79,,,N,0800
US1TXAG0001,20180909,PRCP,58,,,N,0800
US1TXAG0001,20180910,PRCP,23,,,N,0800
US1TXAG0001,20180911,PRCP,112,,,N,0815
US1TXAG0001,20180912,PRCP,3,,,N,0800
US1TXAG0001,20180913,PRCP,74,,,N,0800
US1TXAG0001,20180914,PRCP,46,,,N,0800
US1TXAG0001,20180915,PRCP,20,,,N,0800
US1TXAG0001,20180916,PRCP,69,,,N,0800
US1TXAG0001,20180917,PRCP,0,,,N,0930
US1TXAG0001,20180918,PRCP,0,,,N,0930
US1TXAG0001,20180919,PRCP,0,,,N,0930
US1TXAG0001,20180920,PRCP,0,,,N,0930
US1TXAG0001,20180921,PRCP,173,,,N,0800
US1TXAG0001,20180922,PRCP,371,,,N,0800
US1TXAG0001,20180923,PRCP,434,,,N,0800
US1TXAG0001,20180924,PRCP,0,,,N,0930
US1TXAG0001,20180925,PRCP,8,,,N,0800
US1TXAG0001,20180926,PRCP,5,,,N,0800
US1TXAG0001,20180927,PRCP,511,,,N,0800
US1TXAG0001,20180928,PRCP,0,,,N,0930
US1TXAG0001,20180929,PRCP,51,,,N,0905
US1TXAG0001,20180930,PRCP,20,,,N,0800
US1TXAG0001,20180901,SNOW,0,,,N,0930
US1TXAG0001,20180906,SNOW,0,,,N,0930
US1TXAG0001,20180917,SNOW,0,,,N,0930
US1TXAG0001,20180918,SNOW,0,,,N,0930
US1TXAG0001,20180919,SNOW,0,,,N,0930
US1TXAG0001,20180920,SNOW,0,,,N,0930
US1TXAG0001,20180924,SNOW,0,,,N,0930
US1TXAG0001,20180928,SNOW,0,,,N,0930
US1TXAG0001,20181001,PRCP,175,,,N,0800
US1TXAG0001,20181002,PRCP,20,,,N,0800
US1TXAG0001,20181003,PRCP,0,,,N,0930
US1TXAG0001,20181004,PRCP,0,,,N,0930
US1TXAG0001,20181005,PRCP,0,,,N,0930
US1TXAG0001,20181006,PRCP,0,,,N,0930
US1TXAG0001,20181007,PRCP,0,,,N,0930
US1TXAG0001,20181008,PRCP,53,,,N,0800
US1TXAG0001,20181009,PRCP,51,,,N,0800
US1TXAG0001,20181010,PRCP,231,,,N,0800
US1TXAG0001,20181011,PRCP,0,,,N,0930
US1TXAG0001,20181012,PRCP,0,,,N,0930
US1TXAG0001,20181013,PRCP,0,,,N,0930
US1TXAG0001,20181014,PRCP,886,,,N,0800
US1TXAG0001,20181015,PRCP,58,,,N,0800
US1TXAG0001,20181016,PRCP,1001,,,N,0800
US1TXAG0001,20181017,PRCP,211,,,N,0800
US1TXAG0001,20181018,PRCP,18,,,N,0800
US1TXAG0001,20181021,PRCP,0,,,N,0930
US1TXAG0001,20181022,PRCP,18,,,N,0800
US1TXAG0001,20181023,PRCP,0,,,N,0930
US1TXAG0001,20181024,PRCP,13,,,N,0800
US1TXAG0001,20181025,PRCP,538,,,N,0800
US1TXAG0001,20181026,PRCP,0,,,N,0930
US1TXAG0001,20181027,PRCP,0,,,N,0930
US1TXAG0001,20181028,PRCP,0,,,N,0930
US1TXAG0001,20181029,PRCP,0,,,N,0930
US1TXAG0001,20181030,PRCP,0,,,N,0930
US1TXAG0001,20181031,PRCP,0,,,N,0930
US1TXAG0001,20181003,SNOW,0,,,N,0930
US1TXAG0001,20181004,SNOW,0,,,N,0930
US1TXAG0001,20181005,SNOW,0,,,N,0930
US1TXAG0001,20181006,SNOW,0,,,N,0930
US1TXAG0001,20181007,SNOW,0,,,N,0930
US1TXAG0001,20181011,SNOW,0,,,N,0930
US1TXAG0001,20181012,SNOW,0,,,N,0930
US1TXAG0001,20181013,SNOW,0,,,N,0930
US1TXAG0001,20181021,SNOW,0,,,N,0930
US1TXAG0001,20181023,SNOW,0,,,N,0930
US1TXAG0001,20181026,SNOW,0,,,N,0930
US1TXAG0001,20181027,SNOW,0,,,N,0930
US1TXAG0001,20181028,SNOW,0,,,N,0930
US1TXAG0001,20181029,SNOW,0,,,N,0930
US1TXAG0001,20181030,SNOW,0,,,N,0930
US1TXAG0001,20181031,SNOW,0,,,N,0930
US1TXAG0001,20181020,DAPR,2,,,N,1900
US1TXAG0001,20181020,MDPR,422,,,N,1900
US1TXAG0001,20181101,PRCP,457,,,N,0800
US1TXAG0001,20181102,PRCP,0,,,N,0930
US1TXAG0001,20181103,PRCP,0,,,N,0930
US1TXAG0001,20181104,PRCP,160,,,N,0800
US1TXAG0001,20181105,PRCP,0,,,N,0930
US1TXAG0001,20181106,PRCP,25,,,N,0800
US1TXAG0001,20181107,PRCP,0,,,N,0930
US1TXAG0001,20181108,PRCP,0,T,,N,0800
US1TXAG0001,20181109,PRCP,130,,,N,0920
US1TXAG0001,20181110,PRCP,0,,,N,0930
US1TXAG0001,20181111,PRCP,8,,,N,0644
US1TXAG0001,20181112,PRCP,572,,,N,1020
US1TXAG0001,20181113,PRCP,18,,,N,0930
US1TXAG0001,20181114,PRCP,0,T,,N,0800
US1TXAG0001,20181115,PRCP,0,,,N,0930
US1TXAG0001,20181116,PRCP,0,,,N,0930
US1TXAG0001,20181117,PRCP,0,,,N,0930
US1TXAG0001,20181118,PRCP,0,,,N,0930
US1TXAG0001,20181119,PRCP,89,,,N,0800
US1TXAG0001,20181120,PRCP,94,,,N,0800
US1TXAG0001,20181125,PRCP,0,,,N,0930
US1TXAG0001,20181126,PRCP,0,,,N,0930
US1TXAG0001,20181127,PRCP,0,,,N,0930
US1TXAG0001,20181128,PRCP,0,,,N,0930
US1TXAG0001,20181129,PRCP,0,T,,N,0800
US1TXAG0001,20181130,PRCP,5,,,N,0800
US1TXAG0001,20181102,SNOW,0,,,N,0930
US1TXAG0001,20181103,SNOW,0,,,N,0930
US1TXAG0001,20181105,SNOW,0,,,N,0930
US1TXAG0001,20181107,SNOW,0,,,N,0930
US1TXAG0001,20181110,SNOW,0,,,N,0930
US1TXAG0001,20181115,SNOW,0,,,N,0930
US1TXAG0001,20181116,SNOW,0,,,N,0930
US1TXAG0001,20181117,SNOW,0,,,N,0930
US1TXAG0001,20181118,SNOW,0,,,N,0930
US1TXAG0001,20181125,SNOW,0,,,N,0930
US1TXAG0001,20181126,SNOW,0,,,N,0930
US1TXAG0001,20181127,SNOW,0,,,N,0930
US1TXAG0001,20181128,SNOW,0,,,N,0930
US1TXAG0001,20181124,DAPR,4,,,N,0800
US1TXAG0001,20181124,MDPR,8,,,N,0800
US1TXAG0001,20181201,PRCP,76,,,N,0800
US1TXAG0001,20181202,PRCP,0,,,N,0930
US1TXAG0001,20181203,PRCP,0,,,N,0930
US1TXAG0001,20181204,PRCP,0,,,N,0930
US1TXAG0001,20181205,PRCP,0,,,N,0930
US1TXAG0001,20181206,PRCP,0,,,N,0930
US1TXAG0001,20181207,PRCP,69,,,N,0800
US1TXAG0001,20181208,PRCP,1463,,,N,0800
US1TXAG0001,20181209,PRCP,0,,,N,0930
US1TXAG0001,20181210,PRCP,0,,,N,0930
US1TXAG0001,20181211,PRCP,0,,,N,0930
US1TXAG0001,20181212,PRCP,0,,,N,0930
US1TXAG0001,20181213,PRCP,216,,,N,0950
US1TXAG0001,20181214,PRCP,43,,,N,0844
US1TXAG0001,20181215,PRCP,51,,,N,0800
US1TXAG0001,20181216,PRCP,0,,,N,0930
US1TXAG0001,20181217,PRCP,0,,,N,0930
US1TXAG0001,20181218,PRCP,0,,,N,0930
US1TXAG0001,20181219,PRCP,206,,,N,0800
US1TXAG0001,20181220,PRCP,137,,,N,0800
US1TXAG0001,20181221,PRCP,0,,,N,0930
US1TXAG0001,20181222,PRCP,0,,,N,0930
US1TXAG0001,20181223,PRCP,0,,,N,0930
US1TXAG0001,20181224,PRCP,0,,,N,0930
US1TXAG0001,20181225,PRCP,0,,,N,0930
US1TXAG0001,20181228,PRCP,0,,,N,0930
US1TXAG0001,20181229,PRCP,0,,,N,0930
US1TXAG0001,20181230,PRCP,0,,,N,0930
US1TXAG0001,20181231,PRCP,175,,,N,0815
US1TXAG0001,20181202,SNOW,0,,,N,0930
US1TXAG0001,20181203,SNOW,0,,,N,0930
US1TXAG0001,20181204,SNOW,0,,,N,0930
US1TXAG0001,20181205,SNOW,0,,,N,0930
US1TXAG0001,20181206,SNOW,0,,,N,0930
US1TXAG0001,20181209,SNOW,0,,,N,0930
US1TXAG0001,20181210,SNOW,0,,,N,0930
US1TXAG0001,20181211,SNOW,0,,,N,0930
US1TXAG0001,20181212,SNOW,0,,,N,0930
US1TXAG0001,20181216,SNOW,0,,,N,0930
US1TXAG0001,20181217,SNOW,0,,,N,0930
US1TXAG0001,20181218,SNOW,0,,,N,0930
US1TXAG0001,20181221,SNOW,0,,,N,0930
US1TXAG0001,20181222,SNOW,0,,,N,0930
US1TXAG0001,20181223,SNOW,0,,,N,0930
US1TXAG0001,20181224,SNOW,0,,,N,0930
US1TXAG0001,20181225,SNOW,0,,,N,0930
US1TXAG0001,20181228,SNOW,0,,,N,0930
US1TXAG0001,20181229,SNOW,0,,,N,0930
US1TXAG0001,20181230,SNOW,0,,,N,0930
US1TXAG0001,20181227,DAPR,2,,,N,1730
US1TXAG0001,20181227,MDPR,892,,,N,1730
US1TXAG0001,20190101,PRCP,3,,,N,0800
US1TXAG0001,20190102,PRCP,28,,,N,0700
US1TXAG0001,20190103,PRCP,432,,,N,0820
US1TXAG0001,20190104,PRCP,140,,,N,0800
US1TXAG0001,20190105,PRCP,0,,,N,0930
US1TXAG0001,20190106,PRCP,0,,,N,0930
US1TXAG0001,20190107,PRCP,0,,,N,0930
US1TXAG0001,20190108,PRCP,0,,,N,0930
US1TXAG0001,20190109,PRCP,0,,,N,0930
US1TXAG0001,20190110,PRCP,0,,,N,0930
US1TXAG0001,20190111,PRCP,0,,,N,0930
US1TXAG0001,20190112,PRCP,124,,,N,0800
US1TXAG0001,20190113,PRCP,0,,,N,0930
US1TXAG0001,20190114,PRCP,0,,,N,0930
US1TXAG0001,20190115,PRCP,0,,,N,0930
US1TXAG0001,20190116,PRCP,0,,,N,0930
US1TXAG0001,20190117,PRCP,13,,,N,0800
US1TXAG0001,20190118,PRCP,0,,,N,0930
US1TXAG0001,20190119,PRCP,71,,,N,0800
US1TXAG0001,20190120,PRCP,0,,,N,0930
US1TXAG0001,20190121,PRCP,0,,,N,0930
US1TXAG0001,20190122,PRCP,0,,,N,0930
US1TXAG0001,20190123,PRCP,493,,,N,0800
US1TXAG0001,20190124,PRCP,0,,,N,0930
US1TXAG0001,20190125,PRCP,0,,,N,0930
US1TXAG0001,20190126,PRCP,0,,,N,0930
US1TXAG0001,20190127,PRCP,3,,,N,0800
US1TXAG0001,20190128,PRCP,0,,,N,0930
US1TXAG0001,20190129,PRCP,0,,,N,0930
US1TXAG0001,20190130,PRCP,0,,,N,0930
US1TXAG0001,20190131,PRCP,0,,,N,0930
US1TXAG0001,20190105,SNOW,0,,,N,0930
US1TXAG0001,20190106,SNOW,0,,,N,0930
US1TXAG0001,20190107,SNOW,0,,,N,0930
US1TXAG0001,20190108,SNOW,0,,,N,0930
US1TXAG0001,20190109,SNOW,0,,,N,0930
US1TXAG0001,20190110,SNOW,0,,,N,0930
US1TXAG0001,20190111,SNOW,0,,,N,0930
US1TXAG0001,20190113,SNOW,0,,,N,0930
US1TXAG0001,20190114,SNOW,0,,,N,0930
US1TXAG0001,20190115,SNOW,0,,,N,0930
US1TXAG0001,20190116,SNOW,0,,,N,0930
US1TXAG0001,20190118,SNOW,0,,,N,0930
US1TXAG0001,20190120,SNOW,0,,,N,0930
US1TXAG0001,20190121,SNOW,0,,,N,0930
US1TXAG0001,20190122,SNOW,0,,,N,0930
US1TXAG0001,20190124,SNOW,0,,,N,0930
US1TXAG0001,20190125,SNOW,0,,,N,0930
US1TXAG0001,20190126,SNOW,0,,,N,0930
US1TXAG0001,20190128,SNOW,0,,,N,0930
US1TXAG0001,20190129,SNOW,0,,,N,0930
US1TXAG0001,20190130,SNOW,0,,,N,0930
US1TXAG0001,20190131,SNOW,0,,,N,0930
US1TXAG0001,20190201,PRCP,0,T,,N,0800
US1TXAG0001,20190202,PRCP,0,,,N,0930
US1TXAG0001,20190203,PRCP,8,,,N,0800
US1TXAG0001,20190204,PRCP,5,,,N,0800
US1TXAG0001,20190205,PRCP,3,,,N,0800
US1TXAG0001,20190206,PRCP,0,T,,N,0800
US1TXAG0001,20190207,PRCP,0,,,N,0930
US1TXAG0001,20190208,PRCP,74,,,N,0800
US1TXAG0001,20190209,PRCP,8,,,N,0800
US1TXAG0001,20190210,PRCP,0,T,,N,0800
US1TXAG0001,20190211,PRCP,15,,,N,0800
US1TXAG0001,20190212,PRCP,53,,,N,0800
US1TXAG0001,20190213,PRCP,0,,,N,0930
US1TXAG0001,20190214,PRCP,0,,,N,0930
US1TXAG0001,20190215,PRCP,0,,,N,0930
US1TXAG0001,20190216,PRCP,0,,,N,0930
US1TXAG0001,20190217,PRCP,0,,,N,0930
US1TXAG0001,20190218,PRCP,3,,,N,0800
US1TXAG0001,20190219,PRCP,30,,,N,0813
US1TXAG0001,20190220,PRCP,91,,,N,0800
US1TXAG0001,20190221,PRCP,28,,,N,0705
US1TXAG0001,20190222,PRCP,104,,,N,0800
US1TXAG0001,20190223,PRCP,48,,,N,0730
US1TXAG0001,20190224,PRCP,8,,,N,0800
US1TXAG0001,20190225,PRCP,0,,,N,0930
US1TXAG0001,20190226,PRCP,10,,,N,0800
US1TXAG0001,20190227,PRCP,23,,,N,0800
US1TXAG0001,20190228,PRCP,13,,,N,0800
US1TXAG0001,20190202,SNOW,0,,,N,0930
US1TXAG0001,20190207,SNOW,0,,,N,0930
US1TXAG0001,20190213,SNOW,0,,,N,0930
US1TXAG0001,20190214,SNOW,0,,,N,0930
US1TXAG0001,20190215,SNOW,0,,,N,0930
US1TXAG0001,20190216,SNOW,0,,,N,0930
US1TXAG0001,20190217,SNOW,0,,,N,0930
US1TXAG0001,20190225,SNOW,0,,,N,0930
US1TXAG0001,20190301,PRCP,0,,,N,0930
US1TXAG0001,20190302,PRCP,5,,,N,1015
US1TXAG0001,20190303,PRCP,30,,,N,0700
US1TXAG0001,20190304,PRCP,8,,,N,0800
US1TXAG0001,20190305,PRCP,0,,,N,0930
US1TXAG0001,20190306,PRCP,0,,,N,0930
US1TXAG0001,20190307,PRCP,0,,,N,0930
US1TXAG0001,20190308,PRCP,0,,,N,0930
US1TXAG0001,20190309,PRCP,0,,,N,0930
US1TXAG0001,20190310,PRCP,10,,,N,0800
US1TXAG0001,20190311,PRCP,5,,,N,0815
US1TXAG0001,20190312,PRCP,5,,,N,0800
US1TXAG0001,20190313,PRCP,5,,,N,0800
US1TXAG0001,20190314,PRCP,287,,,N,0700
US1TXAG0001,20190315,PRCP,0,,,N,0930
US1TXAG0001,20190316,PRCP,0,,,N,0930
US1TXAG0001,20190317,PRCP,0,,,N,0930
US1TXAG0001,20190318,PRCP,0,,,N,0930
US1TXAG0001,20190319,PRCP,0,,,N,0930
US1TXAG0001,20190320,PRCP,0,,,N,0930
US1TXAG0001,20190321,PRCP,0,,,N,0930
US1TXAG0001,20190322,PRCP,0,,,N,0930
US1TXAG0001,20190323,PRCP,0,,,N,0930
US1TXAG0001,20190324,PRCP,0,,,N,0930
US1TXAG0001,20190325,PRCP,30,,,N,0800
US1TXAG0001,20190326,PRCP,0,,,N,0930
US1TXAG0001,20190327,PRCP,0,,,N,0930
US1TXAG0001,20190328,PRCP,0,,,N,0930
US1TXAG0001,20190329,PRCP,0,,,N,0930
US1TXAG0001,20190330,PRCP,5,,,N,0800
US1TXAG0001,20190331,PRCP,18,,,N,0800
US1TXAG0001,20190301,SNOW,0,,,N,0930
US1TXAG0001,20190305,SNOW,0,,,N,0930
US1TXAG0001,20190306,SNOW,0,,,N,0930
US1TXAG0001,20190307,SNOW,0,,,N,0930
US1TXAG0001,20190308,SNOW,0,,,N,0930
US1TXAG0001,20190309,SNOW,0,,,N,0930
US1TXAG0001,20190315,SNOW,0,,,N,0930
US1TXAG0001,20190316,SNOW,0,,,N,0930
US1TXAG0001,20190317,SNOW,0,,,N,0930
US1TXAG0001,20190318,SNOW,0,,,N,0930
US1TXAG0001,20190319,SNOW,0,,,N,0930
US1TXAG0001,20190320,SNOW,0,,,N,0930
US1TXAG0001,20190321,SNOW,0,,,N,0930
US1TXAG0001,20190322,SNOW,0,,,N,0930
US1TXAG0001,20190323,SNOW,0,,,N,0930
US1TXAG0001,20190324,SNOW,0,,,N,0930
US1TXAG0001,20190326,SNOW,0,,,N,0930
US1TXAG0001,20190327,SNOW,0,,,N,0930
US1TXAG0001,20190328,SNOW,0,,,N,0930
US1TXAG0001,20190329,SNOW,0,,,N,0930
US1TXAG0001,20190401,PRCP,0,,,N,0930
US1TXAG0001,20190402,PRCP,3,,,N,0800
US1TXAG0001,20190403,PRCP,0,,,N,0930
US1TXAG0001,20190404,PRCP,10,,,N,0840
US1TXAG0001,20190405,PRCP,8,,,N,0800
US1TXAG0001,20190406,PRCP,3,,,N,0800
US1TXAG0001,20190407,PRCP,180,,,N,0800
US1TXAG0001,20190408,PRCP,284,,,N,0800
US1TXAG0001,20190409,PRCP,15,,,N,0800
US1TXAG0001,20190410,PRCP,0,,,N,0930
US1TXAG0001,20190411,PRCP,0,,,N,0930
US1TXAG0001,20190412,PRCP,0,,,N,0930
US1TXAG0001,20190413,PRCP,8,,,N,0800
US1TXAG0001,20190414,PRCP,132,,,N,0800
US1TXAG0001,20190415,PRCP,0,,,N,0930
US1TXAG0001,20190416,PRCP,0,,,N,0930
US1TXAG0001,20190417,PRCP,0,,,N,0930
US1TXAG0001,20190418,PRCP,361,,,N,0800
US1TXAG0001,20190419,PRCP,107,,,N,0800
US1TXAG0001,20190420,PRCP,0,,,N,0930
US1TXAG0001,20190421,PRCP,0,,,N,0930
US1TXAG0001,20190422,PRCP,0,,,N,0930
US1TXAG0001,20190423,PRCP,0,,,N,0930
US1TXAG0001,20190424,PRCP,0,,,N,0930
US1TXAG0001,20190425,PRCP,287,,,N,0800
US1TXAG0001,20190426,PRCP,0,,,N,0930
US1TXAG0001,20190427,PRCP,0,,,N,0930
US1TXAG0001,20190428,PRCP,0,,,N,0930
US1TXAG0001,20190429,PRCP,0,,,N,0930
US1TXAG0001,20190430,PRCP,0,,,N,0930
US1TXAG0001,20190401,SNOW,0,,,N,0930
US1TXAG0001,20190403,SNOW,0,,,N,0930
US1TXAG0001,20190410,SNOW,0,,,N,0930
US1TXAG0001,20190411,SNOW,0,,,N,0930
US1TXAG0001,20190412,SNOW,0,,,N,0930
US1TXAG0001,20190415,SNOW,0,,,N,0930
US1TXAG0001,20190416,SNOW,0,,,N,0930
US1TXAG0001,20190417,SNOW,0,,,N,0930
US1TXAG0001,20190420,SNOW,0,,,N,0930
US1TXAG0001,20190421,SNOW,0,,,N,0930
US1TXAG0001,20190422,SNOW,0,,,N,0930
US1TXAG0001,20190423,SNOW,0,,,N,0930
US1TXAG0001,20190424,SNOW,0,,,N,0930
US1TXAG0001,20190426,SNOW,0,,,N,0930
US1TXAG0001,20190427,SNOW,0,,,N,0930
US1TXAG0001,20190428,SNOW,0,,,N,0930
US1TXAG0001,20190429,SNOW,0,,,N,0930
US1TXAG0001,20190430,SNOW,0,,,N,0930
US1TXAG0001,20190501,PRCP,0,,,N,0930
US1TXAG0001,20190502,PRCP,284,,,N,0800
US1TXAG0001,20190503,PRCP,269,,,N,0800
US1TXAG0001,20190504,PRCP,119,,,N,0800
US1TXAG0001,20190505,PRCP,0,,,N,0930
US1TXAG0001,20190506,PRCP,0,,,N,0930
US1TXAG0001,20190507,PRCP,0,,,N,0930
US1TXAG0001,20190508,PRCP,5,,,N,0800
US1TXAG0001,20190509,PRCP,284,,,N,0800
US1TXAG0001,20190510,PRCP,290,,,N,0800
US1TXAG0001,20190511,PRCP,0,,,N,0930
US1TXAG0001,20190512,PRCP,122,,,N,0800
US1TXAG0001,20190513,PRCP,0,,,N,0930
US1TXAG0001,20190514,PRCP,0,,,N,0930
US1TXAG0001,20190515,PRCP,0,,,N,0930
US1TXAG0001,20190516,PRCP,0,,,N,0930
US1TXAG0001,20190517,PRCP,0,,,N,0930
US1TXAG0001,20190518,PRCP,0,,,N,0930
US1TXAG0001,20190519,PRCP,33,,,N,0800
US1TXAG0001,20190520,PRCP,218,,,N,0640
US1TXAG0001,20190521,PRCP,0,,,N,0930
US1TXAG0001,20190522,PRCP,30,,,N,0930
US1TXAG0001,20190523,PRCP,0,,,N,0930
US1TXAG0001,20190524,PRCP,0,,,N,0930
US1TXAG0001,20190525,PRCP,0,,,N,0930
US1TXAG0001,20190526,PRCP,0,,,N,0930
US1TXAG0001,20190527,PRCP,0,,,N,0930
US1TXAG0001,20190528,PRCP,0,,,N,0930
US1TXAG0001,20190529,PRCP,23,,,N,0800
US1TXAG0001,20190530,PRCP,216,,,N,0645
US1TXAG0001,20190531,PRCP,5,,,N,0800
US1TXAG0001,20190501,SNOW,0,,,N,0930
US1TXAG0001,20190505,SNOW,0,,,N,0930
US1TXAG0001,20190506,SNOW,0,,,N,0930
US1TXAG0001,20190507,SNOW,0,,,N,0930
US1TXAG0001,20190511,SNOW,0,,,N,0930
US1TXAG0001,20190513,SNOW,0,,,N,0930
US1TXAG0001,20190514,SNOW,0,,,N,0930
US1TXAG0001,20190515,SNOW,0,,,N,0930
US1TXAG0001,20190516,SNOW,0,,,N,0930
US1TXAG0001,20190517,SNOW,0,,,N,0930
US1TXAG0001,20190518,SNOW,0,,,N,0930
US1TXAG0001,20190521,SNOW,0,,,N,0930
US1TXAG0001,20190523,SNOW,0,,,N,0930
US1TXAG0001,20190524,SNOW,0,,,N,0930
US1TXAG0001,20190525,SNOW,0,,,N,0930
US1TXAG0001,20190526,SNOW,0,,,N,0930
US1TXAG0001,20190527,SNOW,0,,,N,0930
US1TXAG0001,20190528,SNOW,0,,,N,0930
US1TXAG0001,20190601,PRCP,213,,,N,0800
US1TXAG0001,20190602,PRCP,0,,,N,0930
US1TXAG0001,20190603,PRCP,10,,,N,0800
US1TXAG0001,20190604,PRCP,0,,,N,0800
US1TXAG0001,20190605,PRCP,10,,,N,0645
US1TXAG0001,20190606,PRCP,216,,,N,0800
US1TXAG0001,20190607,PRCP,0,,,N,0930
US1TXAG0001,20190608,PRCP,0,,,N,0930
US1TXAG0001,20190609,PRCP,0,,,N,0930
US1TXAG0001,20190610,PRCP,0,,,N,0930
US1TXAG0001,20190611,PRCP,0,,,N,0930
US1TXAG0001,20190612,PRCP,0,,,N,0930
US1TXAG0001,20190613,PRCP,0,,,N,0930
US1TXAG0001,20190614,PRCP,0,,,N,0930
US1TXAG0001,20190615,PRCP,0,,,N,0930
US1TXAG0001,20190616,PRCP,0,,,N,0930
US1TXAG0001,20190617,PRCP,744,,,N,0800
US1TXAG0001,20190618,PRCP,0,,,N,0930
US1TXAG0001,20190619,PRCP,0,,,N,0930
US1TXAG0001,20190620,PRCP,0,,,N,0930
US1TXAG0001,20190621,PRCP,0,,,N,0930
US1TXAG0001,20190622,PRCP,0,,,N,0930
US1TXAG0001,20190623,PRCP,0,,,N,0930
US1TXAG0001,20190624,PRCP,587,,,N,0730
US1TXAG0001,20190625,PRCP,10,,,N,0800
US1TXAG0001,20190626,PRCP,0,,,N,0930
US1TXAG0001,20190627,PRCP,20,,,N,0800
US1TXAG0001,20190628,PRCP,218,,,N,0800
US1TXAG0001,20190629,PRCP,0,,,N,0930
US1TXAG0001,20190630,PRCP,323,,,N,0800
US1TXAG0001,20190602,SNOW,0,,,N,0930
US1TXAG0001,20190604,SNOW,0,,,N,0800
US1TXAG0001,20190607,SNOW,0,,,N,0930
US1TXAG0001,20190608,SNOW,0,,,N,0930
US1TXAG0001,20190609,SNOW,0,,,N,0930
US1TXAG0001,20190610,SNOW,0,,,N,0930
US1TXAG0001,20190611,SNOW,0,,,N,0930
US1TXAG0001,20190612,SNOW,0,,,N,0930
US1TXAG0001,20190613,SNOW,0,,,N,0930
US1TXAG0001,20190614,SNOW,0,,,N,0930
US1TXAG0001,20190615,SNOW,0,,,N,0930
US1TXAG0001,20190616,SNOW,0,,,N,0930
US1TXAG0001,20190618,SNOW,0,,,N,0930
US1TXAG0001,20190619,SNOW,0,,,N,0930
US1TXAG0001,20190620,SNOW,0,,,N,0930
US1TXAG0001,20190621,SNOW,0,,,N,0930
US1TXAG0001,20190622,SNOW,0,,,N,0930
US1TXAG0001,20190623,SNOW,0,,,N,0930
US1TXAG0001,20190626,SNOW,0,,,N,0930
US1TXAG0001,20190629,SNOW,0,,,N,0930
US1TXAG0001,20190701,PRCP,5,,,N,0800
US1TXAG0001,20190702,PRCP,0,,,N,0930
US1TXAG0001,20190703,PRCP,0,T,,N,0800
US1TXAG0001,20190704,PRCP,53,,,N,0800
US1TXAG0001,20190705,PRCP,0,,,N,0930
US1TXAG0001,20190706,PRCP,0,,,N,0930
US1TXAG0001,20190707,PRCP,0,,,N,0800
US1TXAG0001,20190708,PRCP,0,,,N,0930
US1TXAG0001,20190709,PRCP,0,,,N,0930
US1TXAG0001,20190710,PRCP,0,,,N,0930
US1TXAG0001,20190711,PRCP,0,,,N,0930
US1TXAG0001,20190712,PRCP,0,,,N,0930
US1TXAG0001,20190713,PRCP,0,,,N,0930
US1TXAG0001,20190714,PRCP,33,,,N,0655
US1TXAG0001,20190715,PRCP,36,,,N,0800
US1TXAG0001,20190716,PRCP,0,,,N,0930
US1TXAG0001,20190717,PRCP,0,,,N,0930
US1TXAG0001,20190718,PRCP,0,,,N,0930
US1TXAG0001,20190719,PRCP,0,,,N,0930
US1TXAG0001,20190720,PRCP,0,,,N,0930
US1TXAG0001,20190721,PRCP,0,,,N,0930
US1TXAG0001,20190722,PRCP,0,,,N,0930
US1TXAG0001,20190723,PRCP,15,,,N,0800
US1TXAG0001,20190724,PRCP,0,,,N,0930
US1TXAG0001,20190725,PRCP,0,,,N,0930
US1TXAG0001,20190726,PRCP,0,,,N,0930
US1TXAG0001,20190727,PRCP,0,,,N,0930
US1TXAG0001,20190728,PRCP,18,,,N,0800
US1TXAG0001,20190729,PRCP,0,,,N,0930
US1TXAG0001,20190730,PRCP,10,,,N,0800
US1TXAG0001,20190731,PRCP,191,,,N,0800
US1TXAG0001,20190702,SNOW,0,,,N,0930
US1TXAG0001,20190705,SNOW,0,,,N,0930
US1TXAG0001,20190706,SNOW,0,,,N,0930
US1TXAG0001,20190707,SNOW,0,,,N,0800
US1TXAG0001,20190708,SNOW,0,,,N,0930
US1TXAG0001,20190709,SNOW,0,,,N,0930
US1TXAG0001,20190710,SNOW,0,,,N,0930
US1TXAG0001,20190711,SNOW,0,,,N,0930
US1TXAG0001,20190712,SNOW,0,,,N,0930
US1TXAG0001,20190713,SNOW,0,,,N,0930
US1TXAG0001,20190716,SNOW,0,,,N,0930
US1TXAG0001,20190717,SNOW,0,,,N,0930
US1TXAG0001,20190718,SNOW,0,,,N,0930
US1TXAG0001,20190719,SNOW,0,,,N,0930
US1TXAG0001,20190720,SNOW,0,,,N,0930
US1TXAG0001,20190721,SNOW,0,,,N,0930
US1TXAG0001,20190722,SNOW,0,,,N,0930
US1TXAG0001,20190724,SNOW,0,,,N,0930
US1TXAG0001,20190725,SNOW,0,,,N,0930
US1TXAG0001,20190726,SNOW,0,,,N,0930
US1TXAG0001,20190727,SNOW,0,,,N,0930
US1TXAG0001,20190729,SNOW,0,,,N,0930
US1TXAG0001,20190801,PRCP,0,,,N,0930
US1TXAG0001,20190802,PRCP,0,,,N,0930
US1TXAG0001,20190803,PRCP,8,,,N,0800
US1TXAG0001,20190804,PRCP,0,T,,N,0800
US1TXAG0001,20190805,PRCP,180,,,N,0800
US1TXAG0001,20190806,PRCP,5,,,N,0800
US1TXAG0001,20190807,PRCP,0,,,N,0930
US1TXAG0001,20190808,PRCP,0,,,N,0930
US1TXAG0001,20190809,PRCP,0,,,N,0930
US1TXAG0001,20190810,PRCP,0,,,N,0930
US1TXAG0001,20190811,PRCP,0,,,N,0930
US1TXAG0001,20190812,PRCP,0,,,N,0930
US1TXAG0001,20190813,PRCP,0,,,N,0930
US1TXAG0001,20190814,PRCP,0,,,N,0930
US1TXAG0001,20190815,PRCP,3,,,N,0800
US1TXAG0001,20190816,PRCP,0,,,N,0930
US1TXAG0001,20190817,PRCP,0,,,N,0930
US1TXAG0001,20190818,PRCP,0,,,N,0930
US1TXAG0001,20190819,PRCP,23,,,N,0800
US1TXAG0001,20190820,PRCP,0,,,N,0930
US1TXAG0001,20190821,PRCP,0,,,N,0930
US1TXAG0001,20190822,PRCP,0,,,N,0930
US1TXAG0001,20190823,PRCP,0,,,N,0930
US1TXAG0001,20190824,PRCP,0,T,,N,0800
US1TXAG0001,20190825,PRCP,0,T,,N,0800
US1TXAG0001,20190826,PRCP,0,,,N,0930
US1TXAG0001,20190827,PRCP,0,,,N,0930
US1TXAG0001,20190828,PRCP,0,,,N,0930
US1TXAG0001,20190829,PRCP,165,,,N,0800
US1TXAG0001,20190830,PRCP,0,,,N,0930
US1TXAG0001,20190831,PRCP,13,,,N,0800
US1TXAG0001,20190801,SNOW,0,,,N,0930
US1TXAG0001,20190802,SNOW,0,,,N,0930
US1TXAG0001,20190807,SNOW,0,,,N,0930
US1TXAG0001,20190808,SNOW,0,,,N,0930
US1TXAG0001,20190809,SNOW,0,,,N,0930
US1TXAG0001,20190810,SNOW,0,,,N,0930
US1TXAG0001,20190811,SNOW,0,,,N,0930
US1TXAG0001,20190812,SNOW,0,,,N,0930
US1TXAG0001,20190813,SNOW,0,,,N,0930
US1TXAG0001,20190814,SNOW,0,,,N,0930
US1TXAG0001,20190816,SNOW,0,,,N,0930
US1TXAG0001,20190817,SNOW,0,,,N,0930
US1TXAG0001,20190818,SNOW,0,,,N,0930
US1TXAG0001,20190820,SNOW,0,,,N,0930
US1TXAG0001,20190821,SNOW,0,,,N,0930
US1TXAG0001,20190822,SNOW,0,,,N,0930
US1TXAG0001,20190823,SNOW,0,,,N,0930
US1TXAG0001,20190826,SNOW,0,,,N,0930
US1TXAG0001,20190827,SNOW,0,,,N,0930
US1TXAG0001,20190828,SNOW,0,,,N,0930
US1TXAG0001,20190830,SNOW,0,,,N,0930
US1TXAG0001,20190901,PRCP,3,,,N,0800
US1TXAG0001,20190902,PRCP,0,,,N,0930
US1TXAG0001,20190903,PRCP,0,,,N,0930
US1TXAG0001,20190904,PRCP,0,,,N,0930
US1TXAG0001,20190905,PRCP,0,,,N,0930
US1TXAG0001,20190906,PRCP,0,,,N,0930
US1TXAG0001,20190907,PRCP,0,,,N,0930
US1TXAG0001,20190908,PRCP,0,,,N,0930
US1TXAG0001,20190909,PRCP,0,,,N,0930
US1TXAG0001,20190910,PRCP,0,,,N,0930
US1TXAG0001,20190911,PRCP,0,,,N,0930
US1TXAG0001,20190912,PRCP,104,,,N,0800
US1TXAG0001,20190913,PRCP,0,,,N,0930
US1TXAG0001,20190914,PRCP,0,,,N,0930
US1TXAG0001,20190915,PRCP,0,,,N,0930
US1TXAG0001,20190916,PRCP,0,,,N,0930
US1TXAG0001,20190917,PRCP,0,,,N,0930
US1TXAG0001,20190918,PRCP,81,,,N,0810
US1TXAG0001,20190919,PRCP,983,,,N,0815
US1TXAG0001,20190920,PRCP,61,,,N,0800
US1TXAG0001,20190921,PRCP,0,,,N,0930
US1TXAG0001,20190922,PRCP,0,,,N,0930
US1TXAG0001,20190923,PRCP,15,,,N,0800
US1TXAG0001,20190924,PRCP,79,,,N,0800
US1TXAG0001,20190925,PRCP,0,,,N,0930
US1TXAG0001,20190926,PRCP,0,,,N,0930
US1TXAG0001,20190927,PRCP,0,,,N,0930
US1TXAG0001,20190928,PRCP,0,,,N,0930
US1TXAG0001,20190929,PRCP,0,,,N,0930
US1TXAG0001,20190930,PRCP,0,,,N,0930
US1TXAG0001,20190902,SNOW,0,,,N,0930
US1TXAG0001,20190903,SNOW,0,,,N,0930
US1TXAG0001,20190904,SNOW,0,,,N,0930
US1TXAG0001,20190905,SNOW,0,,,N,0930
US1TXAG0001,20190906,SNOW,0,,,N,0930
US1TXAG0001,20190907,SNOW,0,,,N,0930
US1TXAG0001,20190908,SNOW,0,,,N,0930
US1TXAG0001,20190909,SNOW,0,,,N,0930
US1TXAG0001,20190910,SNOW,0,,,N,0930
US1TXAG0001,20190911,SNOW,0,,,N,0930
US1TXAG0001,20190913,SNOW,0,,,N,0930
US1TXAG0001,20190914,SNOW,0,,,N,0930
US1TXAG0001,20190915,SNOW,0,,,N,0930
US1TXAG0001,20190916,SNOW,0,,,N,0930
US1TXAG0001,20190917,SNOW,0,,,N,0930
US1TXAG0001,20190921,SNOW,0,,,N,0930
US1TXAG0001,20190922,SNOW,0,,,N,0930
US1TXAG0001,20190925,SNOW,0,,,N,0930
US1TXAG0001,20190926,SNOW,0,,,N,0930
US1TXAG0001,20190927,SNOW,0,,,N,0930
US1TXAG0001,20190928,SNOW,0,,,N,0930
US1TXAG0001,20190929,SNOW,0,,,N,0930
US1TXAG0001,20190930,SNOW,0,,,N,0930
US1TXAG0001,20191001,PRCP,0,,,N,0930
US1TXAG0001,20191002,PRCP,0,,,N,0930
US1TXAG0001,20191003,PRCP,0,,,N,0930
US1TXAG0001,20191004,PRCP,76,,,N,0800
US1TXAG0001,20191005,PRCP,0,,,N,0930
US1TXAG0001,20191006,PRCP,0,,,N,0930
US1TXAG0001,20191007,PRCP,0,,,N,0930
US1TXAG0001,20191008,PRCP,0,,,N,0930
US1TXAG0001,20191009,PRCP,0,,,N,0930
US1TXAG0001,20191010,PRCP,0,,,N,0930
US1TXAG0001,20191011,PRCP,353,,,N,0810
US1TXAG0001,20191012,PRCP,86,,,N,0800
US1TXAG0001,20191013,PRCP,0,,,N,0930
US1TXAG0001,20191014,PRCP,0,,,N,0930
US1TXAG0001,20191015,PRCP,257,,,N,0800
US1TXAG0001,20191016,PRCP,104,,,N,0900
US1TXAG0001,20191017,PRCP,0,,,N,0930
US1TXAG0001,20191018,PRCP,0,,,N,0930
US1TXAG0001,20191019,PRCP,0,,,N,0930
US1TXAG0001,20191020,PRCP,0,,,N,0930
US1TXAG0001,20191021,PRCP,163,,,N,0800
US1TXAG0001,20191022,PRCP,0,,,N,0930
US1TXAG0001,20191023,PRCP,0,,,N,0930
US1TXAG0001,20191024,PRCP,0,,,N,0930
US1TXAG0001,20191025,PRCP,229,,,N,0845
US1TXAG0001,20191026,PRCP,36,,,N,0800
US1TXAG0001,20191027,PRCP,0,,,N,0930
US1TXAG0001,20191028,PRCP,0,,,N,0930
US1TXAG0001,20191029,PRCP,0,,,N,0930
US1TXAG0001,20191030,PRCP,150,,,N,1125
US1TXAG0001,20191031,PRCP,64,,,N,0900
US1TXAG0001,20191001,SNOW,0,,,N,0930
US1TXAG0001,20191002,SNOW,0,,,N,0930
US1TXAG0001,20191003,SNOW,0,,,N,0930
US1TXAG0001,20191005,SNOW,0,,,N,0930
US1TXAG0001,20191006,SNOW,0,,,N,0930
US1TXAG0001,20191007,SNOW,0,,,N,0930
US1TXAG0001,20191008,SNOW,0,,,N,0930
US1TXAG0001,20191009,SNOW,0,,,N,0930
US1TXAG0001,20191010,SNOW,0,,,N,0930
US1TXAG0001,20191013,SNOW,0,,,N,0930
US1TXAG0001,20191014,SNOW,0,,,N,0930
US1TXAG0001,20191017,SNOW,0,,,N,0930
US1TXAG0001,20191018,SNOW,0,,,N,0930
US1TXAG0001,20191019,SNOW,0,,,N,0930
US1TXAG0001,20191020,SNOW,0,,,N,0930
US1TXAG0001,20191022,SNOW,0,,,N,0930
US1TXAG0001,20191023,SNOW,0,,,N,0930
US1TXAG0001,20191024,SNOW,0,,,N,0930
US1TXAG0001,20191027,SNOW,0,,,N,0930
US1TXAG0001,20191028,SNOW,0,,,N,0930
US1TXAG0001,20191029,SNOW,0,,,N,0930
US1TXAG0001,20191101,PRCP,0,,,N,0930
US1TXAG0001,20191102,PRCP,0,,,N,0930
US1TXAG0001,20191103,PRCP,0,,,N,0930
US1TXAG0001,20191104,PRCP,0,,,N,0930
US1TXAG0001,20191105,PRCP,0,,,N,0930
US1TXAG0001,20191106,PRCP,0,,,N,0930
US1TXAG0001,20191107,PRCP,0,,,N,0930
US1TXAG0001,20191108,PRCP,10,,,N,0800
US1TXAG0001,20191109,PRCP,0,,,N,0930
US1TXAG0001,20191110,PRCP,0,,,N,0930
US1TXAG0001,20191111,PRCP,0,,,N,0930
US1TXAG0001,20191112,PRCP,33,,,N,0800
US1TXAG0001,20191113,PRCP,0,,,N,0930
US1TXAG0001,20191114,PRCP,30,,,N,0907
US1TXAG0001,20191115,PRCP,104,,,N,0800
US1TXAG0001,20191116,PRCP,0,,,N,0930
US1TXAG0001,20191117,PRCP,0,,,N,0930
US1TXAG0001,20191118,PRCP,0,,,N,0930
US1TXAG0001,20191119,PRCP,0,,,N,0930
US1TXAG0001,20191120,PRCP,0,,,N,0930
US1TXAG0001,20191121,PRCP,0,,,N,0930
US1TXAG0001,20191124,PRCP,0,,,N,0930
US1TXAG0001,20191125,PRCP,0,,,N,0930
US1TXAG0001,20191126,PRCP,0,,,N,0930
US1TXAG0001,20191127,PRCP,0,,,N,0930
US1TXAG0001,20191128,PRCP,3,,,N,0800
US1TXAG0001,20191129,PRCP,0,,,N,0930
US1TXAG0001,20191130,PRCP,0,,,N,0930
US1TXAG0001,20191101,SNOW,0,,,N,0930
US1TXAG0001,20191102,SNOW,0,,,N,0930
US1TXAG0001,20191103,SNOW,0,,,N,0930
US1TXAG0001,20191104,SNOW,0,,,N,0930
US1TXAG0001,20191105,SNOW,0,,,N,0930
US1TXAG0001,20191106,SNOW,0,,,N,0930
US1TXAG0001,20191107,SNOW,0,,,N,0930
US1TXAG0001,20191109,SNOW,0,,,N,0930
US1TXAG0001,20191110,SNOW,0,,,N,0930
US1TXAG0001,20191111,SNOW,0,,,N,0930
US1TXAG0001,20191113,SNOW,0,,,N,0930
US1TXAG0001,20191116,SNOW,0,,,N,0930
US1TXAG0001,20191117,SNOW,0,,,N,0930
US1TXAG0001,20191118,SNOW,0,,,N,0930
US1TXAG0001,20191119,SNOW,0,,,N,0930
US1TXAG0001,20191120,SNOW,0,,,N,0930
US1TXAG0001,20191121,SNOW,0,,,N,0930
US1TXAG0001,20191124,SNOW,0,,,N,0930
US1TXAG0001,20191125,SNOW,0,,,N,0930
US1TXAG0001,20191126,SNOW,0,,,N,0930
US1TXAG0001,20191127,SNOW,0,,,N,0930
US1TXAG0001,20191129,SNOW,0,,,N,0930
US1TXAG0001,20191130,SNOW,0,,,N,0930
US1TXAG0001,20191123,DAPR,2,,,N,0800
US1TXAG0001,20191123,MDPR,51,,,N,0800
US1TXAG0001,20191201,PRCP,30,,,N,0800
US1TXAG0001,20191202,PRCP,0,,,N,0930
US1TXAG0001,20191203,PRCP,0,,,N,0930
US1TXAG0001,20191204,PRCP,0,,,N,0930
US1TXAG0001,20191205,PRCP,0,,,N,0930
US1TXAG0001,20191206,PRCP,0,,,N,0930
US1TXAG0001,20191207,PRCP,0,,,N,0930
US1TXAG0001,20191208,PRCP,0,,,N,0930
US1TXAG0001,20191209,PRCP,0,,,N,0930
US1TXAG0001,20191210,PRCP,173,,,N,0752
US1TXAG0001,20191211,PRCP,150,,,N,0800
US1TXAG0001,20191212,PRCP,0,,,N,0930
US1TXAG0001,20191213,PRCP,0,,,N,0930
US1TXAG0001,20191214,PRCP,0,,,N,0930
US1TXAG0001,20191215,PRCP,0,,,N,0930
US1TXAG0001,20191216,PRCP,0,,,N,0930
US1TXAG0001,20191217,PRCP,15,,,N,0800
US1TXAG0001,20191218,PRCP,0,,,N,0930
US1TXAG0001,20191219,PRCP,0,,,N,0930
US1TXAG0001,20191220,PRCP,0,,,N,0930
US1TXAG0001,20191221,PRCP,18,,,N,0800
US1TXAG0001,20191222,PRCP,0,,,N,0930
US1TXAG0001,20191223,PRCP,0,,,N,0930
US1TXAG0001,20191224,PRCP,0,,,N,0930
US1TXAG0001,20191225,PRCP,0,,,N,0930
US1TXAG0001,20191226,PRCP,0,,,N,0930
US1TXAG0001,20191227,PRCP,0,,,N,0930
US1TXAG0001,20191228,PRCP,15,,,N,0800
US1TXAG0001,20191229,PRCP,84,,,N,0800
US1TXAG0001,20191230,PRCP,33,,,N,0800
US1TXAG0001,20191231,PRCP,0,,,N,0930
US1TXAG0001,20191202,SNOW,0,,,N,0930
US1TXAG0001,20191203,SNOW,0,,,N,0930
US1TXAG0001,20191204,SNOW,0,,,N,0930
US1TXAG0001,20191205,SNOW,0,,,N,0930
US1TXAG0001,20191206,SNOW,0,,,N,0930
US1TXAG0001,20191207,SNOW,0,,,N,0930
US1TXAG0001,20191208,SNOW,0,,,N,0930
US1TXAG0001,20191209,SNOW,0,,,N,0930
US1TXAG0001,20191212,SNOW,0,,,N,0930
US1TXAG0001,20191213,SNOW,0,,,N,0930
US1TXAG0001,20191214,SNOW,0,,,N,0930
US1TXAG0001,20191215,SNOW,0,,,N,0930
US1TXAG0001,20191216,SNOW,0,,,N,0930
US1TXAG0001,20191217,SNOW,0,,,N,0800
US1TXAG0001,20191218,SNOW,0,,,N,0930
US1TXAG0001,20191219,SNOW,0,,,N,0930
US1TXAG0001,20191220,SNOW,0,,,N,0930
US1TXAG0001,20191222,SNOW,0,,,N,0930
US1TXAG0001,20191223,SNOW,0,,,N,0930
US1TXAG0001,20191224,SNOW,0,,,N,0930
US1TXAG0001,20191225,SNOW,0,,,N,0930
US1TXAG0001,20191226,SNOW,0,,,N,0930
US1TXAG0001,20191227,SNOW,0,,,N,0930
US1TXAG0001,20191231,SNOW,0,,,N,0930
US1TXAG0001,20200101,PRCP,0,,,N,0930
US1TXAG0001,20200102,PRCP,213,,,N,0800
US1TXAG0001,20200103,PRCP,86,,,N,0800
US1TXAG0001,20200104,PRCP,0,,,N,0930
US1TXAG0001,20200105,PRCP,0,,,N,0930
US1TXAG0001,20200106,PRCP,0,,,N,0930
US1TXAG0001,20200107,PRCP,0,,,N,0930
US1TXAG0001,20200108,PRCP,0,,,N,0930
US1TXAG0001,20200109,PRCP,0,,,N,0930
US1TXAG0001,20200110,PRCP,3,,,N,0800
US1TXAG0001,20200111,PRCP,455,,,N,0800
US1TXAG0001,20200112,PRCP,0,,,N,0930
US1TXAG0001,20200113,PRCP,0,,,N,0930
US1TXAG0001,20200114,PRCP,168,,,N,0810
US1TXAG0001,20200115,PRCP,84,,,N,0800
US1TXAG0001,20200116,PRCP,3,,,N,0800
US1TXAG0001,20200117,PRCP,15,,,N,0815
US1TXAG0001,20200118,PRCP,23,,,N,0800
US1TXAG0001,20200119,PRCP,0,,,N,0930
US1TXAG0001,20200120,PRCP,0,,,N,0930
US1TXAG0001,20200121,PRCP,0,,,N,0930
US1TXAG0001,20200122,PRCP,30,,,N,0800
US1TXAG0001,20200123,PRCP,284,,,N,0800
US1TXAG0001,20200124,PRCP,0,,,N,0930
US1TXAG0001,20200125,PRCP,0,,,N,0930
US1TXAG0001,20200126,PRCP,66,,,N,0705
US1TXAG0001,20200127,PRCP,0,,,N,0930
US1TXAG0001,20200128,PRCP,5,,,N,0800
US1TXAG0001,20200129,PRCP,107,,,N,0730
US1TXAG0001,20200130,PRCP,5,,,N,0800
US1TXAG0001,20200131,PRCP,0,,,N,0930
US1TXAG0001,20200101,SNOW,0,,,N,0930
US1TXAG0001,20200104,SNOW,0,,,N,0930
US1TXAG0001,20200105,SNOW,0,,,N,0930
US1TXAG0001,20200106,SNOW,0,,,N,0930
US1TXAG0001,20200107,SNOW,0,,,N,0930
US1TXAG0001,20200108,SNOW,0,,,N,0930
US1TXAG0001,20200109,SNOW,0,,,N,0930
US1TXAG0001,20200112,SNOW,0,,,N,0930
US1TXAG0001,20200113,SNOW,0,,,N,0930
US1TXAG0001,20200118,SNOW,0,,,N,0800
US1TXAG0001,20200119,SNOW,0,,,N,0930
US1TXAG0001,20200120,SNOW,0,,,N,0930
US1TXAG0001,20200121,SNOW,0,,,N,0930
US1TXAG0001,20200124,SNOW,0,,,N,0930
US1TXAG0001,20200125,SNOW,0,,,N,0930
US1TXAG0001,20200127,SNOW,0,,,N,0930
US1TXAG0001,20200131,SNOW,0,,,N,0930
US1TXAG0001,20200201,PRCP,0,,,N,0930
US1TXAG0001,20200202,PRCP,0,,,N,0930
US1TXAG0001,20200203,PRCP,0,,,N,0930
US1TXAG0001,20200204,PRCP,5,,,N,0800
US1TXAG0001,20200205,PRCP,3,,,N,0935
US1TXAG0001,20200206,PRCP,28,,,N,0800
US1TXAG0001,20200207,PRCP,0,,,N,0930
US1TXAG0001,20200208,PRCP,0,,,N,0930
US1TXAG0001,20200209,PRCP,0,,,N,0930
US1TXAG0001,20200210,PRCP,38,,,N,0700
US1TXAG0001,20200211,PRCP,84,,,N,0800
US1TXAG0001,20200212,PRCP,147,,,N,0800
US1TXAG0001,20200213,PRCP,48,,,N,0800
US1TXAG0001,20200214,PRCP,0,,,N,0930
US1TXAG0001,20200215,PRCP,0,,,N,0930
US1TXAG0001,20200216,PRCP,5,,,N,0700
US1TXAG0001,20200217,PRCP,0,,,N,0930
US1TXAG0001,20200218,PRCP,0,,,N,0930
US1TXAG0001,20200219,PRCP,175,,,N,0800
US1TXAG0001,20200220,PRCP,282,,,N,0806
US1TXAG0001,20200221,PRCP,13,,,N,0800
US1TXAG0001,20200222,PRCP,0,,,N,0930
US1TXAG0001,20200223,PRCP,0,,,N,0930
US1TXAG0001,20200224,PRCP,48,,,N,0800
US1TXAG0001,20200225,PRCP,0,,,N,0930
US1TXAG0001,20200226,PRCP,0,,,N,0930
US1TXAG0001,20200227,PRCP,0,,,N,0930
US1TXAG0001,20200228,PRCP,0,,,N,0930
US1TXAG0001,20200229,PRCP,0,,,N,0930
US1TXAG0001,20200201,SNOW,0,,,N,0930
US1TXAG0001,20200202,SNOW,0,,,N,0930
US1TXAG0001,20200203,SNOW,0,,,N,0930
US1TXAG0001,20200206,SNOW,0,,,N,0800
US1TXAG0001,20200207,SNOW,0,,,N,0930
US1TXAG0001,20200208,SNOW,0,,,N,0930
US1TXAG0001,20200209,SNOW,0,,,N,0930
US1TXAG0001,20200214,SNOW,0,,,N,0930
US1TXAG0001,20200215,SNOW,0,,,N,0930
US1TXAG0001,20200217,SNOW,0,,,N,0930
US1TXAG0001,20200218,SNOW,0,,,N,0930
US1TXAG0001,20200222,SNOW,0,,,N,0930
US1TXAG0001,20200223,SNOW,0,,,N,0930
US1TXAG0001,20200225,SNOW,0,,,N,0930
US1TXAG0001,20200226,SNOW,0,,,N,0930
US1TXAG0001,20200227,SNOW,0,,,N,0930
US1TXAG0001,20200228,SNOW,0,,,N,0930
US1TXAG0001,20200229,SNOW,0,,,N,0930
US1TXAG0001,20200301,PRCP,0,,,N,0930
US1TXAG0001,20200302,PRCP,0,,,N,0930
US1TXAG0001,20200303,PRCP,0,,,N,0930
US1TXAG0001,20200304,PRCP,41,,,N,0930
US1TXAG0001,20200305,PRCP,292,,,N,0800
US1TXAG0001,20200306,PRCP,0,,,N,0930
US1TXAG0001,20200307,PRCP,0,,,N,0930
US1TXAG0001,20200308,PRCP,0,,,N,0930
US1TXAG0001,20200309,PRCP,0,,,N,0800
US1TXAG0001,20200310,PRCP,53,,,N,0800
US1TXAG0001,20200311,PRCP,0,,,N,0930
US1TXAG0001,20200312,PRCP,0,,,N,0930
US1TXAG0001,20200313,PRCP,0,,,N,0930
US1TXAG0001,20200314,PRCP,0,,,N,0930
US1TXAG0001,20200315,PRCP,15,,,N,0800
US1TXAG0001,20200316,PRCP,0,,,N,0930
US1TXAG0001,20200317,PRCP,0,,,N,0930
US1TXAG0001,20200318,PRCP,124,,,N,0800
US1TXAG0001,20200319,PRCP,33,,,N,0800
US1TXAG0001,20200320,PRCP,74,,,N,0800
US1TXAG0001,20200321,PRCP,135,,,N,0800
US1TXAG0001,20200322,PRCP,307,,,N,0800
US1TXAG0001,20200323,PRCP,10,,,N,0800
US1TXAG0001,20200324,PRCP,0,,,N,0930
US1TXAG0001,20200325,PRCP,0,,,N,0930
US1TXAG0001,20200326,PRCP,0,,,N,0930
US1TXAG0001,20200327,PRCP,0,,,N,0930
US1TXAG0001,20200328,PRCP,0,,,N,0930
US1TXAG0001,20200329,PRCP,58,,,N,0800
US1TXAG0001,20200330,PRCP,0,,,N,0930
US1TXAG0001,20200331,PRCP,20,,,N,0930
US1TXAG0001,20200301,SNOW,0,,,N,0930
US1TXAG0001,20200302,SNOW,0,,,N,0930
US1TXAG0001,20200303,SNOW,0,,,N,0930
US1TXAG0001,20200304,SNOW,0,,,N,0930
US1TXAG0001,20200306,SNOW,0,,,N,0930
US1TXAG0001,20200307,SNOW,0,,,N,0930
US1TXAG0001,20200308,SNOW,0,,,N,0930
US1TXAG0001,20200309,SNOW,0,,,N,0800
US1TXAG0001,20200311,SNOW,0,,,N,0930
US1TXAG0001,20200312,SNOW,0,,,N,0930
US1TXAG0001,20200313,SNOW,0,,,N,0930
US1TXAG0001,20200314,SNOW,0,,,N,0930
US1TXAG0001,20200316,SNOW,0,,,N,0930
US1TXAG0001,20200317,SNOW,0,,,N,0930
US1TXAG0001,20200324,SNOW,0,,,N,0930
US1TXAG0001,20200325,SNOW,0,,,N,0930
US1TXAG0001,20200326,SNOW,0,,,N,0930
US1TXAG0001,20200327,SNOW,0,,,N,0930
US1TXAG0001,20200328,SNOW,0,,,N,0930
US1TXAG0001,20200330,SNOW,0,,,N,0930
US1TXAG0001,20200401,PRCP,0,,,N,0930
US1TXAG0001,20200402,PRCP,0,,,N,0930
US1TXAG0001,20200403,PRCP,43,,,N,0800
US1TXAG0001,20200404,PRCP,3,,,N,0800
US1TXAG0001,20200405,PRCP,69,,,N,0800
US1TXAG0001,20200406,PRCP,0,,,N,0930
US1TXAG0001,20200407,PRCP,5,,,N,0930
US1TXAG0001,20200408,PRCP,0,,,N,0930
US1TXAG0001,20200409,PRCP,0,,,N,0930
US1TXAG0001,20200410,PRCP,533,,,N,0800
US1TXAG0001,20200411,PRCP,0,,,N,0930
US1TXAG0001,20200412,PRCP,10,,,N,0815
US1TXAG0001,20200413,PRCP,102,,,N,0800
US1TXAG0001,20200414,PRCP,0,,,N,0930
US1TXAG0001,20200415,PRCP,0,,,N,0930
US1TXAG0001,20200416,PRCP,0,,,N,0930
US1TXAG0001,20200417,PRCP,0,,,N,0930
US1TXAG0001,20200418,PRCP,10,,,N,0930
US1TXAG0001,20200419,PRCP,3,,,N,0945
US1TXAG0001,20200420,PRCP,462,,,N,0800
US1TXAG0001,20200421,PRCP,0,,,N,0930
US1TXAG0001,20200422,PRCP,0,,,N,0930
US1TXAG0001,20200423,PRCP,91,,,N,0800
US1TXAG0001,20200424,PRCP,0,,,N,0930
US1TXAG0001,20200425,PRCP,5,,,N,0800
US1TXAG0001,20200426,PRCP,0,,,N,0930
US1TXAG0001,20200427,PRCP,0,,,N,0930
US1TXAG0001,20200428,PRCP,0,,,N,0930
US1TXAG0001,20200429,PRCP,429,,,N,0800
US1TXAG0001,20200430,PRCP,0,,,N,0930
US1TXAG0001,20200401,SNOW,0,,,N,0930
US1TXAG0001,20200402,SNOW,0,,,N,0930
US1TXAG0001,20200406,SNOW,0,,,N,0930
US1TXAG0001,20200408,SNOW,0,,,N,0930
US1TXAG0001,20200409,SNOW,0,,,N,0930
US1TXAG0001,20200411,SNOW,0,,,N,0930
US1TXAG0001,20200414,SNOW,0,,,N,0930
US1TXAG0001,20200415,SNOW,0,,,N,0930
US1TXAG0001,20200416,SNOW,0,,,N,0930
US1TXAG0001,20200417,SNOW,0,,,N,0930
US1TXAG0001,20200421,SNOW,0,,,N,0930
US1TXAG0001,20200422,SNOW,0,,,N,0930
US1TXAG0001,20200424,SNOW,0,,,N,0930
US1TXAG0001,20200426,SNOW,0,,,N,0930
US1TXAG0001,20200427,SNOW,0,,,N,0930
US1TXAG0001,20200428,SNOW,0,,,N,0930
US1TXAG0001,20200430,SNOW,0,,,N,0930
US1TXAG0001,20200501,PRCP,0,,,N,0930
US1TXAG0001,20200502,PRCP,0,,,N,0930
US1TXAG0001,20200503,PRCP,0,,,N,0930
US1TXAG0001,20200504,PRCP,0,,,N,0930
US1TXAG0001,20200505,PRCP,0,,,N,0930
US1TXAG0001,20200506,PRCP,10,,,N,0800
US1TXAG0001,20200507,PRCP,0,,,N,0930
US1TXAG0001,20200508,PRCP,3,,,N,0800
US1TXAG0001,20200509,PRCP,43,,,N,0930
US1TXAG0001,20200510,PRCP,0,,,N,0930
US1TXAG0001,20200511,PRCP,0,,,N,0930
US1TXAG0001,20200512,PRCP,0,,,N,0930
US1TXAG0001,20200513,PRCP,43,,,N,0800
US1TXAG0001,20200514,PRCP,0,,,N,0930
US1TXAG0001,20200515,PRCP,0,,,N,0930
US1TXAG0001,20200516,PRCP,41,,,N,0730
US1TXAG0001,20200517,PRCP,102,,,N,0800
US1TXAG0001,20200518,PRCP,0,,,N,0930
US1TXAG0001,20200519,PRCP,0,,,N,0930
US1TXAG0001,20200520,PRCP,0,,,N,0930
US1TXAG0001,20200521,PRCP,0,,,N,0930
US1TXAG0001,20200522,PRCP,0,,,N,0930
US1TXAG0001,20200523,PRCP,0,,,N,0930
US1TXAG0001,20200524,PRCP,0,,,N,0930
US1TXAG0001,20200525,PRCP,437,,,N,0800
US1TXAG0001,20200526,PRCP,3,,,N,0754
US1TXAG0001,20200527,PRCP,10,,,N,0800
US1TXAG0001,20200528,PRCP,0,,,N,0930
US1TXAG0001,20200529,PRCP,0,,,N,0930
US1TXAG0001,20200530,PRCP,0,,,N,0930
US1TXAG0001,20200531,PRCP,0,,,N,0930
US1TXAG0001,20200501,SNOW,0,,,N,0930
US1TXAG0001,20200502,SNOW,0,,,N,0930
US1TXAG0001,20200503,SNOW,0,,,N,0930
US1TXAG0001,20200504,SNOW,0,,,N,0930
US1TXAG0001,20200505,SNOW,0,,,N,0930
US1TXAG0001,20200507,SNOW,0,,,N,0930
US1TXAG0001,20200510,SNOW,0,,,N,0930
US1TXAG0001,20200511,SNOW,0,,,N,0930
US1TXAG0001,20200512,SNOW,0,,,N,0930
US1TXAG0001,20200514,SNOW,0,,,N,0930
US1TXAG0001,20200515,SNOW,0,,,N,0930
US1TXAG0001,20200518,SNOW,0,,,N,0930
US1TXAG0001,20200519,SNOW,0,,,N,0930
US1TXAG0001,20200520,SNOW,0,,,N,0930
US1TXAG0001,20200521,SNOW,0,,,N,0930
US1TXAG0001,20200522,SNOW,0,,,N,0930
US1TXAG0001,20200523,SNOW,0,,,N,0930
US1TXAG0001,20200524,SNOW,0,,,N,0930
US1TXAG0001,20200528,SNOW,0,,,N,0930
US1TXAG0001,20200529,SNOW,0,,,N,0930
US1TXAG0001,20200530,SNOW,0,,,N,0930
US1TXAG0001,20200531,SNOW,0,,,N,0930
US1TXAG0001,20200601,PRCP,0,,,N,0930
US1TXAG0001,20200602,PRCP,8,,,N,0800
US1TXAG0001,20200603,PRCP,0,,,N,0930
US1TXAG0001,20200604,PRCP,0,,,N,0930
US1TXAG0001,20200605,PRCP,0,,,N,0930
US1TXAG0001,20200606,PRCP,0,,,N,0930
US1TXAG0001,20200607,PRCP,0,,,N,0930
US1TXAG0001,20200608,PRCP,0,,,N,0930
US1TXAG0001,20200609,PRCP,0,,,N,0930
US1TXAG0001,20200610,PRCP,3,,,N,0800
US1TXAG0001,20200611,PRCP,0,,,N,0930
US1TXAG0001,20200612,PRCP,0,,,N,0930
US1TXAG0001,20200613,PRCP,0,,,N,0930
US1TXAG0001,20200614,PRCP,0,,,N,0930
US1TXAG0001,20200615,PRCP,0,,,N,0930
US1TXAG0001,20200616,PRCP,10,,,N,0800
US1TXAG0001,20200617,PRCP,99,,,N,0800
US1TXAG0001,20200618,PRCP,0,,,N,0930
US1TXAG0001,20200619,PRCP,0,,,N,0930
US1TXAG0001,20200620,PRCP,0,,,N,0930
US1TXAG0001,20200621,PRCP,8,,,N,0800
US1TXAG0001,20200622,PRCP,41,,,N,0725
US1TXAG0001,20200623,PRCP,0,T,,N,0800
US1TXAG0001,20200624,PRCP,226,,,N,0800
US1TXAG0001,20200625,PRCP,81,,,N,0800
US1TXAG0001,20200626,PRCP,18,,,N,0625
US1TXAG0001,20200627,PRCP,0,,,N,0930
US1TXAG0001,20200628,PRCP,0,,,N,0930
US1TXAG0001,20200629,PRCP,0,,,N,0930
US1TXAG0001,20200630,PRCP,0,,,N,0930
US1TXAG0001,20200601,SNOW,0,,,N,0930
US1TXAG0001,20200603,SNOW,0,,,N,0930
US1TXAG0001,20200604,SNOW,0,,,N,0930
US1TXAG0001,20200605,SNOW,0,,,N,0930
US1TXAG0001,20200606,SNOW,0,,,N,0930
US1TXAG0001,20200607,SNOW,0,,,N,0930
US1TXAG0001,20200608,SNOW,0,,,N,0930
US1TXAG0001,20200609,SNOW,0,,,N,0930
US1TXAG0001,20200611,SNOW,0,,,N,0930
US1TXAG0001,20200612,SNOW,0,,,N,0930
US1TXAG0001,20200613,SNOW,0,,,N,0930
US1TXAG0001,20200614,SNOW,0,,,N,0930
US1TXAG0001,20200615,SNOW,0,,,N,0930
US1TXAG0001,20200618,SNOW,0,,,N,0930
US1TXAG0001,20200619,SNOW,0,,,N,0930
US1TXAG0001,20200620,SNOW,0,,,N,0930
US1TXAG0001,20200627,SNOW,0,,,N,0930
US1TXAG0001,20200628,SNOW,0,,,N,0930
US1TXAG0001,20200629,SNOW,0,,,N,0930
US1TXAG0001,20200630,SNOW,0,,,N,0930
US1TXAG0001,20200701,PRCP,0,,,N,0930
US1TXAG0001,20200702,PRCP,0,,,N,0930
US1TXAG0001,20200703,PRCP,0,,,N,0930
US1TXAG0001,20200704,PRCP,211,,,N,0800
US1TXAG0001,20200705,PRCP,0,,,N,0930
US1TXAG0001,20200706,PRCP,272,,,N,0716
US1TXAG0001,20200707,PRCP,30,,,N,0754
US1TXAG0001,20200708,PRCP,13,,,N,0800
US1TXAG0001,20200709,PRCP,0,,,N,0930
US1TXAG0001,20200710,PRCP,0,,,N,0930
US1TXAG0001,20200711,PRCP,0,,,N,0930
US1TXAG0001,20200712,PRCP,0,,,N,0930
US1TXAG0001,20200713,PRCP,0,,,N,0930
US1TXAG0001,20200714,PRCP,0,,,N,0930
US1TXAG0001,20200715,PRCP,0,,,N,0930
US1TXAG0001,20200716,PRCP,0,,,N,0930
US1TXAG0001,20200717,PRCP,0,,,N,0930
US1TXAG0001,20200718,PRCP,0,,,N,0930
US1TXAG0001,20200719,PRCP,0,,,N,0930
US1TXAG0001,20200720,PRCP,13,,,N,0800
US1TXAG0001,20200721,PRCP,0,,,N,0930
US1TXAG0001,20200722,PRCP,0,,,N,0930
US1TXAG0001,20200723,PRCP,0,,,N,0930
US1TXAG0001,20200724,PRCP,0,,,N,0930
US1TXAG0001,20200725,PRCP,8,,,N,0800
US1TXAG0001,20200726,PRCP,76,,,N,0800
US1TXAG0001,20200727,PRCP,10,,,N,0800
US1TXAG0001,20200728,PRCP,0,,,N,0930
US1TXAG0001,20200729,PRCP,173,,,N,0700
US1TXAG0001,20200730,PRCP,8,,,N,0800
US1TXAG0001,20200731,PRCP,0,,,N,0930
US1TXAG0001,20200701,SNOW,0,,,N,0930
US1TXAG0001,20200702,SNOW,0,,,N,0930
US1TXAG0001,20200703,SNOW,0,,,N,0930
US1TXAG0001,20200705,SNOW,0,,,N,0930
US1TXAG0001,20200709,SNOW,0,,,N,0930
US1TXAG0001,20200710,SNOW,0,,,N,0930
US1TXAG0001,20200711,SNOW,0,,,N,0930
US1TXAG0001,20200712,SNOW,0,,,N,0930
US1TXAG0001,20200713,SNOW,0,,,N,0930
US1TXAG0001,20200714,SNOW,0,,,N,0930
US1TXAG0001,20200715,SNOW,0,,,N,0930
US1TXAG0001,20200716,SNOW,0,,,N,0930
US1TXAG0001,20200717,SNOW,0,,,N,0930
US1TXAG0001,20200718,SNOW,0,,,N,0930
US1TXAG0001,20200719,SNOW,0,,,N,0930
US1TXAG0001,20200721,SNOW,0,,,N,0930
US1TXAG0001,20200722,SNOW,0,,,N,0930
US1TXAG0001,20200723,SNOW,0,,,N,0930
US1TXAG0001,20200724,SNOW,0,,,N,0930
US1TXAG0001,20200728,SNOW,0,,,N,0930
US1TXAG0001,20200731,SNOW,0,,,N,0930
US1TXAG0001,20200801,PRCP,89,,,N,0800
US1TXAG0001,20200802,PRCP,0,,,N,0930
US1TXAG0001,20200803,PRCP,38,,,N,0800
US1TXAG0001,20200804,PRCP,0,,,N,0930
US1TXAG0001,20200805,PRCP,0,,,N,0930
US1TXAG0001,20200806,PRCP,0,,,N,0930
US1TXAG0001,20200807,PRCP,0,,,N,0930
US1TXAG0001,20200808,PRCP,0,,,N,0930
US1TXAG0001,20200809,PRCP,0,,,N,0930
US1TXAG0001,20200810,PRCP,0,,,N,0930
US1TXAG0001,20200811,PRCP,0,,,N,0930
US1TXAG0001,20200812,PRCP,0,,,N,0930
US1TXAG0001,20200813,PRCP,0,,,N,0930
US1TXAG0001,20200814,PRCP,0,,,N,0930
US1TXAG0001,20200815,PRCP,0,,,N,0930
US1TXAG0001,20200816,PRCP,0,,,N,0930
US1TXAG0001,20200817,PRCP,284,,,N,0800
US1TXAG0001,20200818,PRCP,0,,,N,0930
US1TXAG0001,20200819,PRCP,0,,,N,0930
US1TXAG0001,20200820,PRCP,0,,,N,0930
US1TXAG0001,20200821,PRCP,0,,,N,0930
US1TXAG0001,20200822,PRCP,0,,,N,0930
US1TXAG0001,20200823,PRCP,0,,,N,0930
US1TXAG0001,20200824,PRCP,0,,,N,0800
US1TXAG0001,20200825,PRCP,0,,,N,0930
US1TXAG0001,20200826,PRCP,0,,,N,0930
US1TXAG0001,20200827,PRCP,61,,,N,0800
US1TXAG0001,20200828,PRCP,0,,,N,0930
US1TXAG0001,20200829,PRCP,231,,,N,0800
US1TXAG0001,20200830,PRCP,0,,,N,0930
US1TXAG0001,20200831,PRCP,0,,,N,0930
US1TXAG0001,20200802,SNOW,0,,,N,0930
US1TXAG0001,20200804,SNOW,0,,,N,0930
US1TXAG0001,20200805,SNOW,0,,,N,0930
US1TXAG0001,20200806,SNOW,0,,,N,0930
US1TXAG0001,20200807,SNOW,0,,,N,0930
US1TXAG0001,20200808,SNOW,0,,,N,0930
US1TXAG0001,20200809,SNOW,0,,,N,0930
US1TXAG0001,20200810,SNOW,0,,,N,0930
US1TXAG0001,20200811,SNOW,0,,,N,0930
US1TXAG0001,20200812,SNOW,0,,,N,0930
US1TXAG0001,20200813,SNOW,0,,,N,0930
US1TXAG0001,20200814,SNOW,0,,,N,0930
US1TXAG0001,20200815,SNOW,0,,,N,0930
US1TXAG0001,20200816,SNOW,0,,,N,0930
US1TXAG0001,20200818,SNOW,0,,,N,0930
US1TXAG0001,20200819,SNOW,0,,,N,0930
US1TXAG0001,20200820,SNOW,0,,,N,0930
US1TXAG0001,20200821,SNOW,0,,,N,0930
US1TXAG0001,20200822,SNOW,0,,,N,0930
US1TXAG0001,20200823,SNOW,0,,,N,0930
US1TXAG0001,20200824,SNOW,0,,,N,0800
US1TXAG0001,20200825,SNOW,0,,,N,0930
US1TXAG0001,20200826,SNOW,0,,,N,0930
US1TXAG0001,20200828,SNOW,0,,,N,0930
US1TXAG0001,20200830,SNOW,0,,,N,0930
US1TXAG0001,20200831,SNOW,0,,,N,0930
US1TXAG0001,20200901,PRCP,0,,,N,0930
US1TXAG0001,20200902,PRCP,150,,,N,0800
US1TXAG0001,20200903,PRCP,48,,,N,0800
US1TXAG0001,20200904,PRCP,3,,,N,0800
US1TXAG0001,20200905,PRCP,46,,,N,0940
US1TXAG0001,20200906,PRCP,36,,,N,0800
US1TXAG0001,20200907,PRCP,0,,,N,0930
US1TXAG0001,20200908,PRCP,0,,,N,0930
US1TXAG0001,20200909,PRCP,25,,,N,0800
US1TXAG0001,20200910,PRCP,3,,,N,0800
US1TXAG0001,20200911,PRCP,76,,,N,0800
US1TXAG0001,20200912,PRCP,0,,,N,0930
US1TXAG0001,20200913,PRCP,0,,,N,0930
US1TXAG0001,20200914,PRCP,0,,,N,0930
US1TXAG0001,20200915,PRCP,0,,,N,0930
US1TXAG0001,20200916,PRCP,0,,,N,0930
US1TXAG0001,20200917,PRCP,0,,,N,0930
US1TXAG0001,20200918,PRCP,0,,,N,0930
US1TXAG0001,20200919,PRCP,0,,,N,0930
US1TXAG0001,20200920,PRCP,0,,,N,0930
US1TXAG0001,20200921,PRCP,0,,,N,0700
US1TXAG0001,20200922,PRCP,236,,,N,0700
US1TXAG0001,20200923,PRCP,163,,,N,0730
US1TXAG0001,20200924,PRCP,33,,,N,0720
US1TXAG0001,20200925,PRCP,0,,,N,0930
US1TXAG0001,20200926,PRCP,0,,,N,0930
US1TXAG0001,20200927,PRCP,0,,,N,0930
US1TXAG0001,20200928,PRCP,20,,,N,0800
US1TXAG0001,20200929,PRCP,0,,,N,0930
US1TXAG0001,20200930,PRCP,0,,,N,0930
US1TXAG0001,20200901,SNOW,0,,,N,0930
US1TXAG0001,20200907,SNOW,0,,,N,0930
US1TXAG0001,20200908,SNOW,0,,,N,0930
US1TXAG0001,20200912,SNOW,0,,,N,0930
US1TXAG0001,20200913,SNOW,0,,,N,0930
US1TXAG0001,20200914,SNOW,0,,,N,0930
US1TXAG0001,20200915,SNOW,0,,,N,0930
US1TXAG0001,20200916,SNOW,0,,,N,0930
US1TXAG0001,20200917,SNOW,0,,,N,0930
US1TXAG0001,20200918,SNOW,0,,,N,0930
US1TXAG0001,20200919,SNOW,0,,,N,0930
US1TXAG0001,20200920,SNOW,0,,,N,0930
US1TXAG0001,20200921,SNOW,0,,,N,0700
US1TXAG0001,20200925,SNOW,0,,,N,0930
US1TXAG0001,20200926,SNOW,0,,,N,0930
US1TXAG0001,20200927,SNOW,0,,,N,0930
US1TXAG0001,20200929,SNOW,0,,,N,0930
US1TXAG0001,20200930,SNOW,0,,,N,0930
US1TXAG0001,20201001,PRCP,0,,,N,0930
US1TXAG0001,20201002,PRCP,0,,,N,0930
US1TXAG0001,20201003,PRCP,0,,,N,0930
US1TXAG0001,20201004,PRCP,0,,,N,0930
US1TXAG0001,20201005,PRCP,0,,,N,0930
US1TXAG0001,20201006,PRCP,0,,,N,0930
US1TXAG0001,20201007,PRCP,0,,,N,0930
US1TXAG0001,20201008,PRCP,0,,,N,0930
US1TXAG0001,20201009,PRCP,3,,,N,0750
US1TXAG0001,20201010,PRCP,137,,,N,0700
US1TXAG0001,20201011,PRCP,0,,,N,0930
US1TXAG0001,20201012,PRCP,0,,,N,0930
US1TXAG0001,20201013,PRCP,0,,,N,0930
US1TXAG0001,20201014,PRCP,0,,,N,0930
US1TXAG0001,20201015,PRCP,0,,,N,0930
US1TXAG0001,20201016,PRCP,0,,,N,0930
US1TXAG0001,20201017,PRCP,0,,,N,0930
US1TXAG0001,20201018,PRCP,0,,,N,0930
US1TXAG0001,20201019,PRCP,0,,,N,0930
US1TXAG0001,20201020,PRCP,0,,,N,0930
US1TXAG0001,20201021,PRCP,0,,,N,0930
US1TXAG0001,20201022,PRCP,0,,,N,0930
US1TXAG0001,20201023,PRCP,0,,,N,0930
US1TXAG0001,20201024,PRCP,112,,,N,0800
US1TXAG0001,20201025,PRCP,0,,,N,0930
US1TXAG0001,20201026,PRCP,0,,,N,0930
US1TXAG0001,20201027,PRCP,0,,,N,0930
US1TXAG0001,20201028,PRCP,30,,,N,0800
US1TXAG0001,20201029,PRCP,46,,,N,0800
US1TXAG0001,20201030,PRCP,0,,,N,0930
US1TXAG0001,20201031,PRCP,0,,,N,0930
US1TXAG0001,20201001,SNOW,0,,,N,0930
US1TXAG0001,20201002,SNOW,0,,,N,0930
US1TXAG0001,20201003,SNOW,0,,,N,0930
US1TXAG0001,20201004,SNOW,0,,,N,0930
US1TXAG0001,20201005,SNOW,0,,,N,0930
US1TXAG0001,20201006,SNOW,0,,,N,0930
US1TXAG0001,20201007,SNOW,0,,,N,0930
US1TXAG0001,20201008,SNOW,0,,,N,0930
US1TXAG0001,20201011,SNOW,0,,,N,0930
US1TXAG0001,20201012,SNOW,0,,,N,0930
US1TXAG0001,20201013,SNOW,0,,,N,0930
US1TXAG0001,20201014,SNOW,0,,,N,0930
US1TXAG0001,20201015,SNOW,0,,,N,0930
US1TXAG0001,20201016,SNOW,0,,,N,0930
US1TXAG0001,20201017,SNOW,0,,,N,0930
US1TXAG0001,20201018,SNOW,0,,,N,0930
US1TXAG0001,20201019,SNOW,0,,,N,0930
US1TXAG0001,20201020,SNOW,0,,,N,0930
US1TXAG0001,20201021,SNOW,0,,,N,0930
US1TXAG0001,20201022,SNOW,0,,,N,0930
US1TXAG0001,20201023,SNOW,0,,,N,0930
US1TXAG0001,20201025,SNOW,0,,,N,0930
US1TXAG0001,20201026,SNOW,0,,,N,0930
US1TXAG0001,20201027,SNOW,0,,,N,0930
US1TXAG0001,20201030,SNOW,0,,,N,0930
US1TXAG0001,20201031,SNOW,0,,,N,0930
US1TXAG0001,20201101,PRCP,0,,,N,0930
US1TXAG0001,20201102,PRCP,0,,,N,0930
US1TXAG0001,20201103,PRCP,0,,,N,0930
US1TXAG0001,20201104,PRCP,0,,,N,0930
US1TXAG0001,20201105,PRCP,0,,,N,0930
US1TXAG0001,20201106,PRCP,0,,,N,0930
US1TXAG0001,20201107,PRCP,0,,,N,0930
US1TXAG0001,20201108,PRCP,0,,,N,0930
US1TXAG0001,20201109,PRCP,3,,,N,0800
US1TXAG0001,20201110,PRCP,0,,,N,0930
US1TXAG0001,20201111,PRCP,5,,,N,0800
US1TXAG0001,20201112,PRCP,0,,,N,0930
US1TXAG0001,20201113,PRCP,0,,,N,0930
US1TXAG0001,20201114,PRCP,0,,,N,0930
US1TXAG0001,20201115,PRCP,56,,,N,0800
US1TXAG0001,20201116,PRCP,0,,,N,0930
US1TXAG0001,20201117,PRCP,0,,,N,0930
US1TXAG0001,20201118,PRCP,0,,,N,0930
US1TXAG0001,20201119,PRCP,0,,,N,0930
US1TXAG0001,20201120,PRCP,0,,,N,0930
US1TXAG0001,20201121,PRCP,0,,,N,0930
US1TXAG0001,20201122,PRCP,0,,,N,0930
US1TXAG0001,20201123,PRCP,0,,,N,0930
US1TXAG0001,20201124,PRCP,0,,,N,0930
US1TXAG0001,20201125,PRCP,211,,,N,0800
US1TXAG0001,20201126,PRCP,0,,,N,0930
US1TXAG0001,20201127,PRCP,0,,,N,0930
US1TXAG0001,20201128,PRCP,124,,,N,0800
US1TXAG0001,20201129,PRCP,102,,,N,0800
US1TXAG0001,20201130,PRCP,5,,,N,0800
US1TXAG0001,20201101,SNOW,0,,,N,0930
US1TXAG0001,20201102,SNOW,0,,,N,0930
US1TXAG0001,20201103,SNOW,0,,,N,0930
US1TXAG0001,20201104,SNOW,0,,,N,0930
US1TXAG0001,20201105,SNOW,0,,,N,0930
US1TXAG0001,20201106,SNOW,0,,,N,0930
US1TXAG0001,20201107,SNOW,0,,,N,0930
US1TXAG0001,20201108,SNOW,0,,,N,0930
US1TXAG0001,20201110,SNOW,0,,,N,0930
US1TXAG0001,20201111,SNOW,0,,,N,0800
US1TXAG0001,20201112,SNOW,0,,,N,0930
US1TXAG0001,20201113,SNOW,0,,,N,0930
US1TXAG0001,20201114,SNOW,0,,,N,0930
US1TXAG0001,20201116,SNOW,0,,,N,0930
US1TXAG0001,20201117,SNOW,0,,,N,0930
US1TXAG0001,20201118,SNOW,0,,,N,0930
US1TXAG0001,20201119,SNOW,0,,,N,0930
US1TXAG0001,20201120,SNOW,0,,,N,0930
US1TXAG0001,20201121,SNOW,0,,,N,0930
US1TXAG0001,20201122,SNOW,0,,,N,0930
US1TXAG0001,20201123,SNOW,0,,,N,0930
US1TXAG0001,20201124,SNOW,0,,,N,0930
US1TXAG0001,20201126,SNOW,0,,,N,0930
US1TXAG0001,20201127,SNOW,0,,,N,0930
US1TXAG0001,20201130,SNOW,0,,,N,0800
US1TXAG0001,20201201,PRCP,0,,,N,0930
US1TXAG0001,20201202,PRCP,0,,,N,0930
US1TXAG0001,20201203,PRCP,363,,,N,0800
US1TXAG0001,20201204,PRCP,0,,,N,0930
US1TXAG0001,20201205,PRCP,0,,,N,0930
US1TXAG0001,20201206,PRCP,5,,,N,0800
US1TXAG0001,20201207,PRCP,0,,,N,0930
US1TXAG0001,20201208,PRCP,0,,,N,0930
US1TXAG0001,20201209,PRCP,0,,,N,0930
US1TXAG0001,20201210,PRCP,0,,,N,0930
US1TXAG0001,20201211,PRCP,0,,,N,0930
US1TXAG0001,20201212,PRCP,770,,,N,0800
US1TXAG0001,20201213,PRCP,0,,,N,0930
US1TXAG0001,20201214,PRCP,102,,,N,0800
US1TXAG0001,20201215,PRCP,0,,,N,0930
US1TXAG0001,20201216,PRCP,66,,,N,0800
US1TXAG0001,20201217,PRCP,0,,,N,0930
US1TXAG0001,20201218,PRCP,0,,,N,0930
US1TXAG0001,20201219,PRCP,0,,,N,0930
US1TXAG0001,20201220,PRCP,244,,,N,0800
US1TXAG0001,20201221,PRCP,0,,,N,0930
US1TXAG0001,20201222,PRCP,0,,,N,0930
US1TXAG0001,20201223,PRCP,0,,,N,0930
US1TXAG0001,20201224,PRCP,0,,,N,0930
US1TXAG0001,20201225,PRCP,0,,,N,0930
US1TXAG0001,20201226,PRCP,0,,,N,0930
US1TXAG0001,20201227,PRCP,0,,,N,0930
US1TXAG0001,20201228,PRCP,0,,,N,0930
US1TXAG0001,20201229,PRCP,0,,,N,0930
US1TXAG0001,20201230,PRCP,0,,,N,0930
US1TXAG0001,20201231,PRCP,577,,,N,0900
US1TXAG0001,20201201,SNOW,0,,,N,0930
US1TXAG0001,20201202,SNOW,0,,,N,0930
US1TXAG0001,20201204,SNOW,0,,,N,0930
US1TXAG0001,20201205,SNOW,0,,,N,0930
US1TXAG0001,20201207,SNOW,0,,,N,0930
US1TXAG0001,20201208,SNOW,0,,,N,0930
US1TXAG0001,20201209,SNOW,0,,,N,0930
US1TXAG0001,20201210,SNOW,0,,,N,0930
US1TXAG0001,20201211,SNOW,0,,,N,0930
US1TXAG0001,20201213,SNOW,0,,,N,0930
US1TXAG0001,20201215,SNOW,0,,,N,0930
US1TXAG0001,20201217,SNOW,0,,,N,0930
US1TXAG0001,20201218,SNOW,0,,,N,0930
US1TXAG0001,20201219,SNOW,0,,,N,0930
US1TXAG0001,20201221,SNOW,0,,,N,0930
US1TXAG0001,20201222,SNOW,0,,,N,0930
US1TXAG0001,20201223,SNOW,0,,,N,0930
US1TXAG0001,20201224,SNOW,0,,,N,0930
US1TXAG0001,20201225,SNOW,0,,,N,0930
US1TXAG0001,20201226,SNOW,0,,,N,0930
US1TXAG0001,20201227,SNOW,0,,,N,0930
US1TXAG0001,20201228,SNOW,0,,,N,0930
US1TXAG0001,20201229,SNOW,0,,,N,0930
US1TXAG0001,20201230,SNOW,0,,,N,0930
US1TXAG0001,20210101,PRCP,246,,,N,0800
US1TXAG0001,20210102,PRCP,0,,,N,0930
US1TXAG0001,20210103,PRCP,0,,,N,0930
US1TXAG0001,20210104,PRCP,0,,,N,0930
US1TXAG0001,20210105,PRCP,0,,,N,0930
US1TXAG0001,20210106,PRCP,0,,,N,0930
US1TXAG0001,20210107,PRCP,244,,,N,0800
US1TXAG0001,20210108,PRCP,0,,,N,0930
US1TXAG0001,20210109,PRCP,0,,,N,0930
US1TXAG0001,20210110,PRCP,0,,,N,0930
US1TXAG0001,20210111,PRCP,193,,,N,0730
US1TXAG0001,20210112,PRCP,0,,,N,0930
US1TXAG0001,20210113,PRCP,0,,,N,0930
US1TXAG0001,20210114,PRCP,0,,,N,0930
US1TXAG0001,20210115,PRCP,0,,,N,0930
US1TXAG0001,20210116,PRCP,0,,,N,0930
US1TXAG0001,20210117,PRCP,0,,,N,0930
US1TXAG0001,20210118,PRCP,0,,,N,0930
US1TXAG0001,20210119,PRCP,0,,,N,0930
US1TXAG0001,20210120,PRCP,0,T,,N,0800
US1TXAG0001,20210121,PRCP,15,,,N,0800
US1TXAG0001,20210122,PRCP,41,,,N,0830
US1TXAG0001,20210123,PRCP,8,,,N,0800
US1TXAG0001,20210124,PRCP,5,,,N,0800
US1TXAG0001,20210125,PRCP,0,,,N,0930
US1TXAG0001,20210126,PRCP,0,,,N,0930
US1TXAG0001,20210127,PRCP,0,,,N,0930
US1TXAG0001,20210128,PRCP,0,,,N,0930
US1TXAG0001,20210129,PRCP,0,,,N,0930
US1TXAG0001,20210130,PRCP,0,,,N,0930
US1TXAG0001,20210131,PRCP,53,,,N,0800
US1TXAG0001,20210102,SNOW,0,,,N,0930
US1TXAG0001,20210103,SNOW,0,,,N,0930
US1TXAG0001,20210104,SNOW,0,,,N,0930
US1TXAG0001,20210105,SNOW,0,,,N,0930
US1TXAG0001,20210106,SNOW,0,,,N,0930
US1TXAG0001,20210108,SNOW,0,,,N,0930
US1TXAG0001,20210109,SNOW,0,,,N,0930
US1TXAG0001,20210110,SNOW,0,,,N,0930
US1TXAG0001,20210111,SNOW,107,,,N,0730
US1TXAG0001,20210112,SNOW,0,,,N,0930
US1TXAG0001,20210113,SNOW,0,,,N,0930
US1TXAG0001,20210114,SNOW,0,,,N,0930
US1TXAG0001,20210115,SNOW,0,,,N,0930
US1TXAG0001,20210116,SNOW,0,,,N,0930
US1TXAG0001,20210117,SNOW,0,,,N,0930
US1TXAG0001,20210118,SNOW,0,,,N,0930
US1TXAG0001,20210119,SNOW,0,,,N,0930
US1TXAG0001,20210125,SNOW,0,,,N,0930
US1TXAG0001,20210126,SNOW,0,,,N,0930
US1TXAG0001,20210127,SNOW,0,,,N,0930
US1TXAG0001,20210128,SNOW,0,,,N,0930
US1TXAG0001,20210129,SNOW,0,,,N,0930
US1TXAG0001,20210130,SNOW,0,,,N,0930
US1TXAG0001,20210111,WESF,193,,,N,0730
US1TXAG0001,20210201,PRCP,0,,,N,0930
US1TXAG0001,20210202,PRCP,0,,,N,0930
US1TXAG0001,20210203,PRCP,0,,,N,0930
US1TXAG0001,20210204,PRCP,0,,,N,0930
US1TXAG0001,20210205,PRCP,0,,,N,0930
US1TXAG0001,20210206,PRCP,23,,,N,0800
US1TXAG0001,20210207,PRCP,0,,,N,0930
US1TXAG0001,20210208,PRCP,0,,,N,0930
US1TXAG0001,20210209,PRCP,0,,,N,0930
US1TXAG0001,20210210,PRCP,0,,,N,0930
US1TXAG0001,20210211,PRCP,28,,,N,0800
US1TXAG0001,20210212,PRCP,25,,,N,0800
US1TXAG0001,20210213,PRCP,0,,,N,0930
US1TXAG0001,20210214,PRCP,5,,,N,0800
US1TXAG0001,20210215,PRCP,191,,,N,0800
US1TXAG0001,20210216,PRCP,0,,,N,0800
US1TXAG0001,20210217,PRCP,386,,,N,0800
US1TXAG0001,20210218,PRCP,178,,,N,0800
US1TXAG0001,20210219,PRCP,0,,,N,0930
US1TXAG0001,20210220,PRCP,0,,,N,0930
US1TXAG0001,20210221,PRCP,0,,,N,0930
US1TXAG0001,20210222,PRCP,5,,,N,0800
US1TXAG0001,20210223,PRCP,0,,,N,0930
US1TXAG0001,20210224,PRCP,0,,,N,0930
US1TXAG0001,20210225,PRCP,0,,,N,0930
US1TXAG0001,20210226,PRCP,28,,,N,0800
US1TXAG0001,20210227,PRCP,0,T,,N,0800
US1TXAG0001,20210228,PRCP,0,,,N,0930
US1TXAG0001,20210201,SNOW,0,,,N,0930
US1TXAG0001,20210202,SNOW,0,,,N,0930
US1TXAG0001,20210203,SNOW,0,,,N,0930
US1TXAG0001,20210204,SNOW,0,,,N,0930
US1TXAG0001,20210205,SNOW,0,,,N,0930
US1TXAG0001,20210207,SNOW,0,,,N,0930
US1TXAG0001,20210208,SNOW,0,,,N,0930
US1TXAG0001,20210209,SNOW,0,,,N,0930
US1TXAG0001,20210210,SNOW,0,,,N,0930
US1TXAG0001,20210213,SNOW,0,,,N,0930
US1TXAG0001,20210215,SNOW,81,,,N,0800
US1TXAG0001,20210216,SNOW,0,,,N,0800
US1TXAG0001,20210219,SNOW,0,,,N,0930
US1TXAG0001,20210220,SNOW,0,,,N,0930
US1TXAG0001,20210221,SNOW,0,,,N,0930
US1TXAG0001,20210223,SNOW,0,,,N,0930
US1TXAG0001,20210224,SNOW,0,,,N,0930
US1TXAG0001,20210225,SNOW,0,,,N,0930
US1TXAG0001,20210228,SNOW,0,,,N,0930
US1TXAG0001,20210215,SNWD,76,,,N,0800
US1TXAG0001,20210216,SNWD,76,,,N,0800
US1TXAG0001,20210301,PRCP,81,,,N,0800
US1TXAG0001,20210302,PRCP,193,,,N,0800
US1TXAG0001,20210303,PRCP,0,,,N,0930
US1TXAG0001,20210304,PRCP,0,,,N,0930
US1TXAG0001,20210305,PRCP,0,,,N,0930
US1TXAG0001,20210306,PRCP,3,,,N,0800
US1TXAG0001,20210307,PRCP,0,,,N,0930
US1TXAG0001,20210308,PRCP,0,,,N,0930
US1TXAG0001,20210309,PRCP,0,,,N,0930
US1TXAG0001,20210310,PRCP,0,,,N,0930
US1TXAG0001,20210311,PRCP,0,,,N,0930
US1TXAG0001,20210312,PRCP,0,,,N,0930
US1TXAG0001,20210313,PRCP,0,,,N,0930
US1TXAG0001,20210314,PRCP,5,,,N,0800
US1TXAG0001,20210315,PRCP,97,,,N,0800
US1TXAG0001,20210316,PRCP,20,,,N,0800
US1TXAG0001,20210317,PRCP,0,,,N,0930
US1TXAG0001,20210318,PRCP,173,,,N,0800
US1TXAG0001,20210319,PRCP,0,,,N,0930
US1TXAG0001,20210320,PRCP,0,,,N,0930
US1TXAG0001,20210321,PRCP,0,,,N,0930
US1TXAG0001,20210322,PRCP,0,,,N,0930
US1TXAG0001,20210323,PRCP,71,,,N,0800
US1TXAG0001,20210324,PRCP,0,,,N,0930
US1TXAG0001,20210325,PRCP,0,,,N,0930
US1TXAG0001,20210326,PRCP,0,,,N,0930
US1TXAG0001,20210327,PRCP,0,,,N,0930
US1TXAG0001,20210328,PRCP,5,,,N,0800
US1TXAG0001,20210329,PRCP,0,,,N,0930
US1TXAG0001,20210330,PRCP,0,,,N,0930
US1TXAG0001,20210331,PRCP,0,,,N,0930
US1TXAG0001,20210303,SNOW,0,,,N,0930
US1TXAG0001,20210304,SNOW,0,,,N,0930
US1TXAG0001,20210305,SNOW,0,,,N,0930
US1TXAG0001,20210307,SNOW,0,,,N,0930
US1TXAG0001,20210308,SNOW,0,,,N,0930
US1TXAG0001,20210309,SNOW,0,,,N,0930
US1TXAG0001,20210310,SNOW,0,,,N,0930
US1TXAG0001,20210311,SNOW,0,,,N,0930
US1TXAG0001,20210312,SNOW,0,,,N,0930
US1TXAG0001,20210313,SNOW,0,,,N,0930
US1TXAG0001,20210317,SNOW,0,,,N,0930
US1TXAG0001,20210319,SNOW,0,,,N,0930
US1TXAG0001,20210320,SNOW,0,,,N,0930
US1TXAG0001,20210321,SNOW,0,,,N,0930
US1TXAG0001,20210322,SNOW,0,,,N,0930
US1TXAG0001,20210324,SNOW,0,,,N,0930
US1TXAG0001,20210325,SNOW,0,,,N,0930
US1TXAG0001,20210326,SNOW,0,,,N,0930
US1TXAG0001,20210327,SNOW,0,,,N,0930
US1TXAG0001,20210329,SNOW,0,,,N,0930
US1TXAG0001,20210330,SNOW,0,,,N,0930
US1TXAG0001,20210331,SNOW,0,,,N,0930
US1TXAG0001,20210401,PRCP,0,,,N,0930
US1TXAG0001,20210402,PRCP,0,,,N,0930
US1TXAG0001,20210403,PRCP,0,,,N,0930
US1TXAG0001,20210404,PRCP,0,,,N,0930
US1TXAG0001,20210405,PRCP,0,,,N,0930
US1TXAG0001,20210406,PRCP,0,,,N,0930
US1TXAG0001,20210407,PRCP,0,,,N,0930
US1TXAG0001,20210408,PRCP,185,,,N,0800
US1TXAG0001,20210409,PRCP,76,,,N,0800
US1TXAG0001,20210410,PRCP,79,,,N,0800
US1TXAG0001,20210411,PRCP,0,,,N,0930
US1TXAG0001,20210412,PRCP,0,,,N,0930
US1TXAG0001,20210413,PRCP,0,,,N,0930
US1TXAG0001,20210414,PRCP,10,,,N,0800
US1TXAG0001,20210415,PRCP,0,,,N,0930
US1TXAG0001,20210416,PRCP,160,,,N,0800
US1TXAG0001,20210417,PRCP,84,,,N,0800
US1TXAG0001,20210418,PRCP,0,,,N,0930
US1TXAG0001,20210419,PRCP,0,,,N,0930
US1TXAG0001,20210420,PRCP,0,,,N,0930
US1TXAG0001,20210421,PRCP,0,,,N,0930
US1TXAG0001,20210422,PRCP,0,,,N,0930
US1TXAG0001,20210423,PRCP,0,,,N,0930
US1TXAG0001,20210424,PRCP,185,,,N,0800
US1TXAG0001,20210425,PRCP,0,,,N,0930
US1TXAG0001,20210426,PRCP,0,,,N,0930
US1TXAG0001,20210427,PRCP,0,,,N,0930
US1TXAG0001,20210428,PRCP,0,,,N,0930
US1TXAG0001,20210429,PRCP,0,,,N,0930
US1TXAG0001,20210430,PRCP,765,,,N,0815
US1TXAG0001,20210401,SNOW,0,,,N,0930
US1TXAG0001,20210402,SNOW,0,,,N,0930
US1TXAG0001,20210403,SNOW,0,,,N,0930
US1TXAG0001,20210404,SNOW,0,,,N,0930
US1TXAG0001,20210405,SNOW,0,,,N,0930
US1TXAG0001,20210406,SNOW,0,,,N,0930
US1TXAG0001,20210407,SNOW,0,,,N,0930
US1TXAG0001,20210409,SNOW,0,,,N,0800
US1TXAG0001,20210411,SNOW,0,,,N,0930
US1TXAG0001,20210412,SNOW,0,,,N,0930
US1TXAG0001,20210413,SNOW,0,,,N,0930
US1TXAG0001,20210415,SNOW,0,,,N,0930
US1TXAG0001,20210418,SNOW,0,,,N,0930
US1TXAG0001,20210419,SNOW,0,,,N,0930
US1TXAG0001,20210420,SNOW,0,,,N,0930
US1TXAG0001,20210421,SNOW,0,,,N,0930
US1TXAG0001,20210422,SNOW,0,,,N,0930
US1TXAG0001,20210423,SNOW,0,,,N,0930
US1TXAG0001,20210425,SNOW,0,,,N,0930
US1TXAG0001,20210426,SNOW,0,,,N,0930
US1TXAG0001,20210427,SNOW,0,,,N,0930
US1TXAG0001,20210428,SNOW,0,,,N,0930
US1TXAG0001,20210429,SNOW,0,,,N,0930
US1TXAG0001,20210501,PRCP,13,,,N,0700
US1TXAG0001,20210502,PRCP,102,,,N,0730
US1TXAG0001,20210503,PRCP,254,,,N,0820
US1TXAG0001,20210504,PRCP,0,,,N,0930
US1TXAG0001,20210505,PRCP,107,,,N,0800
US1TXAG0001,20210506,PRCP,0,,,N,0930
US1TXAG0001,20210507,PRCP,0,,,N,0930
US1TXAG0001,20210508,PRCP,0,,,N,0930
US1TXAG0001,20210509,PRCP,0,,,N,0930
US1TXAG0001,20210510,PRCP,795,,,N,0800
US1TXAG0001,20210511,PRCP,135,,,N,0800
US1TXAG0001,20210512,PRCP,338,,,N,0800
US1TXAG0001,20210513,PRCP,0,,,N,0930
US1TXAG0001,20210514,PRCP,0,,,N,0930
US1TXAG0001,20210515,PRCP,3,,,N,0800
US1TXAG0001,20210516,PRCP,0,,,N,0930
US1TXAG0001,20210517,PRCP,23,,,N,0550
US1TXAG0001,20210518,PRCP,23,,,N,0800
US1TXAG0001,20210519,PRCP,605,,,N,0800
US1TXAG0001,20210520,PRCP,157,,,N,0800
US1TXAG0001,20210521,PRCP,8,,,N,0800
US1TXAG0001,20210522,PRCP,137,,,N,0800
US1TXAG0001,20210523,PRCP,0,,,N,0930
US1TXAG0001,20210524,PRCP,18,,,N,0805
US1TXAG0001,20210525,PRCP,23,,,N,0800
US1TXAG0001,20210526,PRCP,617,,,N,0800
US1TXAG0001,20210527,PRCP,0,,,N,0930
US1TXAG0001,20210528,PRCP,140,,,N,0816
US1TXAG0001,20210529,PRCP,58,,,N,0800
US1TXAG0001,20210530,PRCP,0,,,N,0930
US1TXAG0001,20210531,PRCP,0,,,N,0930
US1TXAG0001,20210504,SNOW,0,,,N,0930
US1TXAG0001,20210506,SNOW,0,,,N,0930
US1TXAG0001,20210507,SNOW,0,,,N,0930
US1TXAG0001,20210508,SNOW,0,,,N,0930
US1TXAG0001,20210509,SNOW,0,,,N,0930
US1TXAG0001,20210513,SNOW,0,,,N,0930
US1TXAG0001,20210514,SNOW,0,,,N,0930
US1TXAG0001,20210516,SNOW,0,,,N,0930
US1TXAG0001,20210523,SNOW,0,,,N,0930
US1TXAG0001,20210527,SNOW,0,,,N,0930
US1TXAG0001,20210530,SNOW,0,,,N,0930
US1TXAG0001,20210531,SNOW,0,,,N,0930
US1TXAG0001,20210601,PRCP,130,,,N,0800
US1TXAG0001,20210602,PRCP,41,,,N,0800
US1TXAG0001,20210603,PRCP,0,,,N,0930
US1TXAG0001,20210604,PRCP,0,,,N,0930
US1TXAG0001,20210605,PRCP,251,,,N,0800
US1TXAG0001,20210606,PRCP,36,,,N,0800
US1TXAG0001,20210607,PRCP,0,,,N,0930
US1TXAG0001,20210608,PRCP,378,,,N,0800
US1TXAG0001,20210609,PRCP,0,,,N,0800
US1TXAG0001,20210610,PRCP,0,,,N,0930
US1TXAG0001,20210611,PRCP,0,,,N,0930
US1TXAG0001,20210612,PRCP,0,,,N,0930
US1TXAG0001,20210613,PRCP,0,,,N,0930
US1TXAG0001,20210614,PRCP,0,,,N,0930
US1TXAG0001,20210615,PRCP,0,,,N,0930
US1TXAG0001,20210616,PRCP,0,,,N,0930
US1TXAG0001,20210617,PRCP,0,,,N,0930
US1TXAG0001,20210618,PRCP,0,,,N,0930
US1TXAG0001,20210619,PRCP,0,,,N,0930
US1TXAG0001,20210620,PRCP,0,,,N,0930
US1TXAG0001,20210621,PRCP,0,,,N,0930
US1TXAG0001,20210622,PRCP,112,,,N,0800
US1TXAG0001,20210623,PRCP,0,,,N,0930
US1TXAG0001,20210624,PRCP,0,,,N,0930
US1TXAG0001,20210625,PRCP,0,,,N,0930
US1TXAG0001,20210626,PRCP,0,,,N,0930
US1TXAG0001,20210627,PRCP,0,,,N,0930
US1TXAG0001,20210628,PRCP,10,,,N,0800
US1TXAG0001,20210629,PRCP,20,,,N,0800
US1TXAG0001,20210630,PRCP,3,,,N,0800
US1TXAG0001,20210603,SNOW,0,,,N,0930
US1TXAG0001,20210604,SNOW,0,,,N,0930
US1TXAG0001,20210607,SNOW,0,,,N,0930
US1TXAG0001,20210609,SNOW,0,,,N,0800
US1TXAG0001,20210610,SNOW,0,,,N,0930
US1TXAG0001,20210611,SNOW,0,,,N,0930
US1TXAG0001,20210612,SNOW,0,,,N,0930
US1TXAG0001,20210613,SNOW,0,,,N,0930
US1TXAG0001,20210614,SNOW,0,,,N,0930
US1TXAG0001,20210615,SNOW,0,,,N,0930
US1TXAG0001,20210616,SNOW,0,,,N,0930
US1TXAG0001,20210617,SNOW,0,,,N,0930
US1TXAG0001,20210618,SNOW,0,,,N,0930
US1TXAG0001,20210619,SNOW,0,,,N,0930
US1TXAG0001,20210620,SNOW,0,,,N,0930
US1TXAG0001,20210621,SNOW,0,,,N,0930
US1TXAG0001,20210623,SNOW,0,,,N,0930
US1TXAG0001,20210624,SNOW,0,,,N,0930
US1TXAG0001,20210625,SNOW,0,,,N,0930
US1TXAG0001,20210626,SNOW,0,,,N,0930
US1TXAG0001,20210627,SNOW,0,,,N,0930
US1TXAG0001,20210701,PRCP,0,,,N,0930
US1TXAG0001,20210702,PRCP,0,,,N,0930
US1TXAG0001,20210703,PRCP,20,,,N,0800
US1TXAG0001,20210704,PRCP,0,,,N,0800
US1TXAG0001,20210705,PRCP,0,,,N,0930
US1TXAG0001,20210706,PRCP,15,,,N,0800
US1TXAG0001,20210707,PRCP,224,,,N,0800
US1TXAG0001,20210708,PRCP,20,,,N,0800
US1TXAG0001,20210709,PRCP,0,,,N,0930
US1TXAG0001,20210710,PRCP,5,,,N,0800
US1TXAG0001,20210711,PRCP,8,,,N,0800
US1TXAG0001,20210712,PRCP,259,,,N,0800
US1TXAG0001,20210713,PRCP,79,,,N,0800
US1TXAG0001,20210714,PRCP,399,,,N,0800
US1TXAG0001,20210715,PRCP,0,,,N,0930
US1TXAG0001,20210716,PRCP,5,,,N,0800
US1TXAG0001,20210717,PRCP,8,,,N,0800
US1TXAG0001,20210718,PRCP,0,,,N,0930
US1TXAG0001,20210719,PRCP,0,,,N,0800
US1TXAG0001,20210720,PRCP,46,,,N,0800
US1TXAG0001,20210721,PRCP,0,,,N,0930
US1TXAG0001,20210722,PRCP,71,,,N,0800
US1TXAG0001,20210723,PRCP,0,,,N,0800
US1TXAG0001,20210724,PRCP,0,,,N,0930
US1TXAG0001,20210725,PRCP,0,,,N,0930
US1TXAG0001,20210726,PRCP,0,,,N,0930
US1TXAG0001,20210727,PRCP,0,,,N,0930
US1TXAG0001,20210728,PRCP,0,,,N,0930
US1TXAG0001,20210729,PRCP,0,,,N,0930
US1TXAG0001,20210730,PRCP,0,,,N,0930
US1TXAG0001,20210731,PRCP,0,,,N,0800
US1TXAG0001,20210701,SNOW,0,,,N,0930
US1TXAG0001,20210702,SNOW,0,,,N,0930
US1TXAG0001,20210704,SNOW,0,,,N,0800
US1TXAG0001,20210705,SNOW,0,,,N,0930
US1TXAG0001,20210709,SNOW,0,,,N,0930
US1TXAG0001,20210715,SNOW,0,,,N,0930
US1TXAG0001,20210718,SNOW,0,,,N,0930
US1TXAG0001,20210719,SNOW,0,,,N,0800
US1TXAG0001,20210721,SNOW,0,,,N,0930
US1TXAG0001,20210723,SNOW,0,,,N,0800
US1TXAG0001,20210724,SNOW,0,,,N,0930
US1TXAG0001,20210725,SNOW,0,,,N,0930
US1TXAG0001,20210726,SNOW,0,,,N,0930
US1TXAG0001,20210727,SNOW,0,,,N,0930
US1TXAG0001,20210728,SNOW,0,,,N,0930
US1TXAG0001,20210729,SNOW,0,,,N,0930
US1TXAG0001,20210730,SNOW,0,,,N,0930
US1TXAG0001,20210731,SNOW,0,,,N,0800
US1TXAG0001,20210801,PRCP,0,,,N,0930
US1TXAG0001,20210802,PRCP,0,,,N,0930
US1TXAG0001,20210803,PRCP,378,,,N,0800
US1TXAG0001,20210804,PRCP,0,,,N,0930
US1TXAG0001,20210805,PRCP,0,,,N,0930
US1TXAG0001,20210806,PRCP,0,,,N,0930
US1TXAG0001,20210807,PRCP,0,,,N,0930
US1TXAG0001,20210808,PRCP,0,,,N,0930
US1TXAG0001,20210809,PRCP,0,,,N,0930
US1TXAG0001,20210810,PRCP,0,,,N,0930
US1TXAG0001,20210811,PRCP,0,,,N,0930
US1TXAG0001,20210812,PRCP,0,,,N,0930
US1TXAG0001,20210813,PRCP,0,,,N,0930
US1TXAG0001,20210814,PRCP,0,,,N,0930
US1TXAG0001,20210815,PRCP,20,,,N,0800
US1TXAG0001,20210816,PRCP,0,,,N,0930
US1TXAG0001,20210817,PRCP,0,,,N,0930
US1TXAG0001,20210818,PRCP,0,,,N,0930
US1TXAG0001,20210819,PRCP,109,,,N,0700
US1TXAG0001,20210820,PRCP,97,,,N,0800
US1TXAG0001,20210821,PRCP,0,,,N,0930
US1TXAG0001,20210822,PRCP,0,,,N,0930
US1TXAG0001,20210823,PRCP,0,,,N,0930
US1TXAG0001,20210824,PRCP,0,,,N,0930
US1TXAG0001,20210825,PRCP,0,,,N,0930
US1TXAG0001,20210826,PRCP,15,,,N,0800
US1TXAG0001,20210827,PRCP,30,,,N,0800
US1TXAG0001,20210828,PRCP,0,,,N,0930
US1TXAG0001,20210829,PRCP,5,,,N,0800
US1TXAG0001,20210830,PRCP,0,,,N,0930
US1TXAG0001,20210831,PRCP,0,,,N,0930
US1TXAG0001,20210801,SNOW,0,,,N,0930
US1TXAG0001,20210802,SNOW,0,,,N,0930
US1TXAG0001,20210804,SNOW,0,,,N,0930
US1TXAG0001,20210805,SNOW,0,,,N,0930
US1TXAG0001,20210806,SNOW,0,,,N,0930
US1TXAG0001,20210807,SNOW,0,,,N,0930
US1TXAG0001,20210808,SNOW,0,,,N,0930
US1TXAG0001,20210809,SNOW,0,,,N,0930
US1TXAG0001,20210810,SNOW,0,,,N,0930
US1TXAG0001,20210811,SNOW,0,,,N,0930
US1TXAG0001,20210812,SNOW,0,,,N,0930
US1TXAG0001,20210813,SNOW,0,,,N,0930
US1TXAG0001,20210814,SNOW,0,,,N,0930
US1TXAG0001,20210816,SNOW,0,,,N,0930
US1TXAG0001,20210817,SNOW,0,,,N,0930
US1TXAG0001,20210818,SNOW,0,,,N,0930
US1TXAG0001,20210821,SNOW,0,,,N,0930
US1TXAG0001,20210822,SNOW,0,,,N,0930
US1TXAG0001,20210823,SNOW,0,,,N,0930
US1TXAG0001,20210824,SNOW,0,,,N,0930
US1TXAG0001,20210825,SNOW,0,,,N,0930
US1TXAG0001,20210828,SNOW,0,,,N,0930
US1TXAG0001,20210830,SNOW,0,,,N,0930
US1TXAG0001,20210831,SNOW,0,,,N,0930
US1TXAG0001,20210901,PRCP,0,,,N,0930
US1TXAG0001,20210902,PRCP,0,,,N,0930
US1TXAG0001,20210903,PRCP,10,,,N,0800
US1TXAG0001,20210904,PRCP,0,,,N,0930
US1TXAG0001,20210905,PRCP,0,,,N,0930
US1TXAG0001,20210906,PRCP,0,,,N,0930
US1TXAG0001,20210907,PRCP,0,,,N,0930
US1TXAG0001,20210908,PRCP,0,,,N,0930
US1TXAG0001,20210909,PRCP,0,,,N,0930
US1TXAG0001,20210910,PRCP,0,,,N,0930
US1TXAG0001,20210911,PRCP,0,,,N,0930
US1TXAG0001,20210912,PRCP,0,,,N,0930
US1TXAG0001,20210913,PRCP,5,,,N,0800
US1TXAG0001,20210914,PRCP,89,,,N,0800
US1TXAG0001,20210915,PRCP,36,,,N,0800
US1TXAG0001,20210916,PRCP,0,,,N,0930
US1TXAG0001,20210917,PRCP,0,,,N,0930
US1TXAG0001,20210918,PRCP,0,,,N,0930
US1TXAG0001,20210919,PRCP,0,,,N,0930
US1TXAG0001,20210920,PRCP,13,,,N,0800
US1TXAG0001,20210921,PRCP,0,,,N,0800
US1TXAG0001,20210922,PRCP,0,,,N,0930
US1TXAG0001,20210923,PRCP,0,,,N,0930
US1TXAG0001,20210924,PRCP,0,,,N,0930
US1TXAG0001,20210925,PRCP,0,,,N,0930
US1TXAG0001,20210926,PRCP,0,,,N,0930
US1TXAG0001,20210927,PRCP,0,,,N,0930
US1TXAG0001,20210928,PRCP,0,T,,N,0800
US1TXAG0001,20210929,PRCP,81,,,N,0800
US1TXAG0001,20210930,PRCP,0,,,N,0930
US1TXAG0001,20210901,SNOW,0,,,N,0930
US1TXAG0001,20210902,SNOW,0,,,N,0930
US1TXAG0001,20210904,SNOW,0,,,N,0930
US1TXAG0001,20210905,SNOW,0,,,N,0930
US1TXAG0001,20210906,SNOW,0,,,N,0930
US1TXAG0001,20210907,SNOW,0,,,N,0930
US1TXAG0001,20210908,SNOW,0,,,N,0930
US1TXAG0001,20210909,SNOW,0,,,N,0930
US1TXAG0001,20210910,SNOW,0,,,N,0930
US1TXAG0001,20210911,SNOW,0,,,N,0930
US1TXAG0001,20210912,SNOW,0,,,N,0930
US1TXAG0001,20210916,SNOW,0,,,N,0930
US1TXAG0001,20210917,SNOW,0,,,N,0930
US1TXAG0001,20210918,SNOW,0,,,N,0930
US1TXAG0001,20210919,SNOW,0,,,N,0930
US1TXAG0001,20210921,SNOW,0,,,N,0800
US1TXAG0001,20210922,SNOW,0,,,N,0930
US1TXAG0001,20210923,SNOW,0,,,N,0930
US1TXAG0001,20210924,SNOW,0,,,N,0930
US1TXAG0001,20210925,SNOW,0,,,N,0930
US1TXAG0001,20210926,SNOW,0,,,N,0930
US1TXAG0001,20210927,SNOW,0,,,N,0930
US1TXAG0001,20210930,SNOW,0,,,N,0930
US1TXAG0001,20211001,PRCP,145,,,N,0800
US1TXAG0001,20211002,PRCP,244,,,N,0800
US1TXAG0001,20211003,PRCP,0,,,N,0930
US1TXAG0001,20211004,PRCP,0,,,N,0930
US1TXAG0001,20211005,PRCP,0,,,N,0930
US1TXAG0001,20211006,PRCP,0,,,N,0930
US1TXAG0001,20211007,PRCP,0,,,N,0930
US1TXAG0001,20211008,PRCP,0,,,N,0930
US1TXAG0001,20211009,PRCP,0,,,N,0930
US1TXAG0001,20211010,PRCP,0,,,N,0930
US1TXAG0001,20211011,PRCP,127,,,N,0800
US1TXAG0001,20211012,PRCP,0,,,N,0930
US1TXAG0001,20211013,PRCP,20,,,N,0835
US1TXAG0001,20211014,PRCP,10,,,N,0800
US1TXAG0001,20211015,PRCP,69,,,N,0800
US1TXAG0001,20211016,PRCP,0,,,N,0930
US1TXAG0001,20211017,PRCP,0,,,N,0930
US1TXAG0001,20211018,PRCP,0,,,N,0930
US1TXAG0001,20211019,PRCP,0,,,N,0930
US1TXAG0001,20211020,PRCP,0,,,N,0930
US1TXAG0001,20211021,PRCP,0,,,N,0930
US1TXAG0001,20211022,PRCP,0,,,N,0930
US1TXAG0001,20211023,PRCP,0,,,N,0930
US1TXAG0001,20211024,PRCP,0,,,N,0930
US1TXAG0001,20211025,PRCP,0,,,N,0930
US1TXAG0001,20211026,PRCP,0,,,N,0930
US1TXAG0001,20211027,PRCP,0,,,N,0930
US1TXAG0001,20211028,PRCP,231,,,N,0800
US1TXAG0001,20211029,PRCP,0,,,N,0930
US1TXAG0001,20211030,PRCP,0,,,N,0930
US1TXAG0001,20211031,PRCP,0,,,N,0930
US1TXAG0001,20211003,SNOW,0,,,N,0930
US1TXAG0001,20211004,SNOW,0,,,N,0930
US1TXAG0001,20211005,SNOW,0,,,N,0930
US1TXAG0001,20211006,SNOW,0,,,N,0930
US1TXAG0001,20211007,SNOW,0,,,N,0930
US1TXAG0001,20211008,SNOW,0,,,N,0930
US1TXAG0001,20211009,SNOW,0,,,N,0930
US1TXAG0001,20211010,SNOW,0,,,N,0930
US1TXAG0001,20211012,SNOW,0,,,N,0930
US1TXAG0001,20211016,SNOW,0,,,N,0930
US1TXAG0001,20211017,SNOW,0,,,N,0930
US1TXAG0001,20211018,SNOW,0,,,N,0930
US1TXAG0001,20211019,SNOW,0,,,N,0930
US1TXAG0001,20211020,SNOW,0,,,N,0930
US1TXAG0001,20211021,SNOW,0,,,N,0930
US1TXAG0001,20211022,SNOW,0,,,N,0930
US1TXAG0001,20211023,SNOW,0,,,N,0930
US1TXAG0001,20211024,SNOW,0,,,N,0930
US1TXAG0001,20211025,SNOW,0,,,N,0930
US1TXAG0001,20211026,SNOW,0,,,N,0930
US1TXAG0001,20211027,SNOW,0,,,N,0930
US1TXAG0001,20211029,SNOW,0,,,N,0930
US1TXAG0001,20211030,SNOW,0,,,N,0930
US1TXAG0001,20211031,SNOW,0,,,N,0930
US1TXAG0001,20211101,PRCP,0,,,N,0930
US1TXAG0001,20211102,PRCP,0,,,N,0930
US1TXAG0001,20211103,PRCP,0,,,N,0930
US1TXAG0001,20211104,PRCP,137,,,N,0800
US1TXAG0001,20211105,PRCP,0,,,N,0930
US1TXAG0001,20211106,PRCP,0,,,N,0930
US1TXAG0001,20211107,PRCP,0,,,N,0930
US1TXAG0001,20211108,PRCP,0,,,N,0930
US1TXAG0001,20211109,PRCP,0,,,N,0930
US1TXAG0001,20211110,PRCP,0,,,N,0930
US1TXAG0001,20211111,PRCP,290,,,N,0800
US1TXAG0001,20211112,PRCP,0,,,N,0930
US1TXAG0001,20211113,PRCP,0,,,N,0930
US1TXAG0001,20211114,PRCP,0,,,N,0800
US1TXAG0001,20211115,PRCP,0,,,N,0800
US1TXAG0001,20211116,PRCP,0,,,N,0930
US1TXAG0001,20211117,PRCP,0,,,N,0930
US1TXAG0001,20211118,PRCP,0,,,N,0930
US1TXAG0001,20211119,PRCP,0,,,N,0930
US1TXAG0001,20211120,PRCP,0,,,N,0930
US1TXAG0001,20211121,PRCP,0,,,N,0930
US1TXAG0001,20211122,PRCP,30,,,N,0800
US1TXAG0001,20211123,PRCP,0,,,N,0930
US1TXAG0001,20211124,PRCP,0,,,N,0930
US1TXAG0001,20211125,PRCP,188,,,N,0800
US1TXAG0001,20211126,PRCP,15,,,N,0800
US1TXAG0001,20211127,PRCP,0,,,N,0930
US1TXAG0001,20211128,PRCP,132,,,N,0800
US1TXAG0001,20211129,PRCP,0,,,N,0930
US1TXAG0001,20211130,PRCP,0,,,N,0930
US1TXAG0001,20211101,SNOW,0,,,N,0930
US1TXAG0001,20211102,SNOW,0,,,N,0930
US1TXAG0001,20211103,SNOW,0,,,N,0930
US1TXAG0001,20211105,SNOW,0,,,N,0930
US1TXAG0001,20211106,SNOW,0,,,N,0930
US1TXAG0001,20211107,SNOW,0,,,N,0930
US1TXAG0001,20211108,SNOW,0,,,N,0930
US1TXAG0001,20211109,SNOW,0,,,N,0930
US1TXAG0001,20211110,SNOW,0,,,N,0930
US1TXAG0001,20211112,SNOW,0,,,N,0930
US1TXAG0001,20211113,SNOW,0,,,N,0930
US1TXAG0001,20211114,SNOW,0,,,N,0800
US1TXAG0001,20211115,SNOW,0,,,N,0800
US1TXAG0001,20211116,SNOW,0,,,N,0930
US1TXAG0001,20211117,SNOW,0,,,N,0930
US1TXAG0001,20211118,SNOW,0,,,N,0930
US1TXAG0001,20211119,SNOW,0,,,N,0930
US1TXAG0001,20211120,SNOW,0,,,N,0930
US1TXAG0001,20211121,SNOW,0,,,N,0930
US1TXAG0001,20211123,SNOW,0,,,N,0930
US1TXAG0001,20211124,SNOW,0,,,N,0930
US1TXAG0001,20211127,SNOW,0,,,N,0930
US1TXAG0001,20211129,SNOW,0,,,N,0930
US1TXAG0001,20211130,SNOW,0,,,N,0930
US1TXAG0001,20211201,PRCP,0,,,N,0930
US1TXAG0001,20211202,PRCP,0,,,N,0930
US1TXAG0001,20211203,PRCP,0,,,N,0930
US1TXAG0001,20211204,PRCP,0,,,N,0930
US1TXAG0001,20211205,PRCP,0,,,N,0930
US1TXAG0001,20211206,PRCP,8,,,N,0800
US1TXAG0001,20211207,PRCP,272,,,N,0800
US1TXAG0001,20211208,PRCP,0,,,N,0930
US1TXAG0001,20211209,PRCP,0,,,N,0930
US1TXAG0001,20211210,PRCP,0,,,N,0930
US1TXAG0001,20211211,PRCP,137,,,N,0800
US1TXAG0001,20211212,PRCP,0,,,N,0930
US1TXAG0001,20211213,PRCP,0,,,N,0930
US1TXAG0001,20211214,PRCP,5,,,N,0800
US1TXAG0001,20211215,PRCP,0,,,N,0930
US1TXAG0001,20211216,PRCP,3,,,N,0800
US1TXAG0001,20211217,PRCP,0,,,N,0930
US1TXAG0001,20211218,PRCP,0,,,N,0930
US1TXAG0001,20211219,PRCP,259,,,N,0800
US1TXAG0001,20211220,PRCP,46,,,N,0800
US1TXAG0001,20211221,PRCP,0,,,N,0930
US1TXAG0001,20211222,PRCP,0,,,N,0930
US1TXAG0001,20211223,PRCP,0,,,N,0930
US1TXAG0001,20211224,PRCP,0,,,N,0930
US1TXAG0001,20211225,PRCP,0,,,N,0930
US1TXAG0001,20211226,PRCP,0,,,N,0930
US1TXAG0001,20211227,PRCP,0,,,N,0930
US1TXAG0001,20211228,PRCP,0,,,N,0930
US1TXAG0001,20211229,PRCP,5,,,N,0800
US1TXAG0001,20211230,PRCP,0,,,N,0930
US1TXAG0001,20211231,PRCP,0,,,N,0930
US1TXAG0001,20211201,SNOW,0,,,N,0930
US1TXAG0001,20211202,SNOW,0,,,N,0930
US1TXAG0001,20211203,SNOW,0,,,N,0930
US1TXAG0001,20211204,SNOW,0,,,N,0930
US1TXAG0001,20211205,SNOW,0,,,N,0930
US1TXAG0001,20211208,SNOW,0,,,N,0930
US1TXAG0001,20211209,SNOW,0,,,N,0930
US1TXAG0001,20211210,SNOW,0,,,N,0930
US1TXAG0001,20211212,SNOW,0,,,N,0930
US1TXAG0001,20211213,SNOW,0,,,N,0930
US1TXAG0001,20211215,SNOW,0,,,N,0930
US1TXAG0001,20211217,SNOW,0,,,N,0930
US1TXAG0001,20211218,SNOW,0,,,N,0930
US1TXAG0001,20211221,SNOW,0,,,N,0930
US1TXAG0001,20211222,SNOW,0,,,N,0930
US1TXAG0001,20211223,SNOW,0,,,N,0930
US1TXAG0001,20211224,SNOW,0,,,N,0930
US1TXAG0001,20211225,SNOW,0,,,N,0930
US1TXAG0001,20211226,SNOW,0,,,N,0930
US1TXAG0001,20211227,SNOW,0,,,N,0930
US1TXAG0001,20211228,SNOW,0,,,N,0930
US1TXAG0001,20211230,SNOW,0,,,N,0930
US1TXAG0001,20211231,SNOW,0,,,N,0930
US1TXAG0001,20220101,PRCP,0,,,N,0930
US1TXAG0001,20220102,PRCP,10,,,N,0800
US1TXAG0001,20220103,PRCP,0,,,N,0930
US1TXAG0001,20220104,PRCP,0,,,N,0930
US1TXAG0001,20220105,PRCP,0,,,N,0930
US1TXAG0001,20220106,PRCP,0,,,N,0930
US1TXAG0001,20220107,PRCP,0,,,N,0930
US1TXAG0001,20220108,PRCP,0,,,N,0930
US1TXAG0001,20220109,PRCP,249,,,N,0800
US1TXAG0001,20220110,PRCP,0,,,N,0930
US1TXAG0001,20220111,PRCP,0,,,N,0930
US1TXAG0001,20220112,PRCP,0,,,N,0930
US1TXAG0001,20220113,PRCP,0,,,N,0930
US1TXAG0001,20220114,PRCP,0,,,N,0930
US1TXAG0001,20220115,PRCP,0,,,N,0930
US1TXAG0001,20220116,PRCP,0,,,N,0930
US1TXAG0001,20220117,PRCP,0,,,N,0930
US1TXAG0001,20220118,PRCP,0,,,N,0930
US1TXAG0001,20220119,PRCP,0,,,N,0930
US1TXAG0001,20220120,PRCP,81,,,N,0800
US1TXAG0001,20220121,PRCP,0,,,N,0930
US1TXAG0001,20220122,PRCP,0,,,N,0930
US1TXAG0001,20220123,PRCP,0,,,N,0930
US1TXAG0001,20220124,PRCP,0,,,N,0930
US1TXAG0001,20220125,PRCP,183,,,N,0800
US1TXAG0001,20220126,PRCP,0,,,N,0930
US1TXAG0001,20220127,PRCP,0,,,N,0930
US1TXAG0001,20220128,PRCP,0,,,N,0930
US1TXAG0001,20220129,PRCP,0,,,N,0930
US1TXAG0001,20220130,PRCP,0,,,N,0930
US1TXAG0001,20220131,PRCP,0,,,N,0930
US1TXAG0001,20220101,SNOW,0,,,N,0930
US1TXAG0001,20220103,SNOW,0,,,N,0930
US1TXAG0001,20220104,SNOW,0,,,N,0930
US1TXAG0001,20220105,SNOW,0,,,N,0930
US1TXAG0001,20220106,SNOW,0,,,N,0930
US1TXAG0001,20220107,SNOW,0,,,N,0930
US1TXAG0001,20220108,SNOW,0,,,N,0930
US1TXAG0001,20220110,SNOW,0,,,N,0930
US1TXAG0001,20220111,SNOW,0,,,N,0930
US1TXAG0001,20220112,SNOW,0,,,N,0930
US1TXAG0001,20220113,SNOW,0,,,N,0930
US1TXAG0001,20220114,SNOW,0,,,N,0930
US1TXAG0001,20220115,SNOW,0,,,N,0930
US1TXAG0001,20220116,SNOW,0,,,N,0930
US1TXAG0001,20220117,SNOW,0,,,N,0930
US1TXAG0001,20220118,SNOW,0,,,N,0930
US1TXAG0001,20220119,SNOW,0,,,N,0930
US1TXAG0001,20220121,SNOW,0,,,N,0930
US1TXAG0001,20220122,SNOW,0,,,N,0930
US1TXAG0001,20220123,SNOW,0,,,N,0930
US1TXAG0001,20220124,SNOW,0,,,N,0930
US1TXAG0001,20220126,SNOW,0,,,N,0930
US1TXAG0001,20220127,SNOW,0,,,N,0930
US1TXAG0001,20220128,SNOW,0,,,N,0930
US1TXAG0001,20220129,SNOW,0,,,N,0930
US1TXAG0001,20220130,SNOW,0,,,N,0930
US1TXAG0001,20220131,SNOW,0,,,N,0930
US1TXAG0001,20220201,PRCP,30,,,N,0800
US1TXAG0001,20220202,PRCP,5,,,N,0800
US1TXAG0001,20220203,PRCP,165,,,N,0800
US1TXAG0001,20220204,PRCP,61,,,N,0800
US1TXAG0001,20220205,PRCP,0,,,N,0930
US1TXAG0001,20220206,PRCP,0,,,N,0930
US1TXAG0001,20220207,PRCP,0,,,N,0930
US1TXAG0001,20220208,PRCP,0,,,N,0930
US1TXAG0001,20220209,PRCP,0,,,N,0930
US1TXAG0001,20220210,PRCP,0,,,N,0930
US1TXAG0001,20220211,PRCP,0,,,N,0930
US1TXAG0001,20220212,PRCP,0,,,N,0930
US1TXAG0001,20220213,PRCP,71,,,N,0800
US1TXAG0001,20220214,PRCP,0,,,N,0930
US1TXAG0001,20220215,PRCP,0,,,N,0930
US1TXAG0001,20220216,PRCP,0,,,N,0930
US1TXAG0001,20220217,PRCP,66,,,N,0800
US1TXAG0001,20220218,PRCP,0,,,N,0930
US1TXAG0001,20220219,PRCP,0,,,N,0930
US1TXAG0001,20220220,PRCP,0,,,N,0930
US1TXAG0001,20220221,PRCP,5,,,N,0800
US1TXAG0001,20220222,PRCP,0,T,,N,0800
US1TXAG0001,20220223,PRCP,8,,,N,0800
US1TXAG0001,20220224,PRCP,8,,,N,0915
US1TXAG0001,20220225,PRCP,3,,,N,0800
US1TXAG0001,20220226,PRCP,23,,,N,0800
US1TXAG0001,20220227,PRCP,152,,,N,0800
US1TXAG0001,20220228,PRCP,0,,,N,0930
US1TXAG0001,20220205,SNOW,0,,,N,0930
US1TXAG0001,20220206,SNOW,0,,,N,0930
US1TXAG0001,20220207,SNOW,0,,,N,0930
US1TXAG0001,20220208,SNOW,0,,,N,0930
US1TXAG0001,20220209,SNOW,0,,,N,0930
US1TXAG0001,20220210,SNOW,0,,,N,0930
US1TXAG0001,20220211,SNOW,0,,,N,0930
US1TXAG0001,20220212,SNOW,0,,,N,0930
US1TXAG0001,20220214,SNOW,0,,,N,0930
US1TXAG0001,20220215,SNOW,0,,,N,0930
US1TXAG0001,20220216,SNOW,0,,,N,0930
US1TXAG0001,20220218,SNOW,0,,,N,0930
US1TXAG0001,20220219,SNOW,0,,,N,0930
US1TXAG0001,20220220,SNOW,0,,,N,0930
US1TXAG0001,20220228,SNOW,0,,,N,0930
US1TXAG0001,20220301,PRCP,0,,,N,0930
US1TXAG0001,20220302,PRCP,0,,,N,0930
US1TXAG0001,20220303,PRCP,0,,,N,0930
US1TXAG0001,20220304,PRCP,0,,,N,0930
US1TXAG0001,20220305,PRCP,0,,,N,0930
US1TXAG0001,20220306,PRCP,0,,,N,0930
US1TXAG0001,20220307,PRCP,23,,,N,0800
US1TXAG0001,20220308,PRCP,8,,,N,0800
US1TXAG0001,20220309,PRCP,259,,,N,0800
US1TXAG0001,20220310,PRCP,0,,,N,0930
US1TXAG0001,20220311,PRCP,0,,,N,0930
US1TXAG0001,20220312,PRCP,10,,,N,0800
US1TXAG0001,20220313,PRCP,0,,,N,0930
US1TXAG0001,20220314,PRCP,0,,,N,0930
US1TXAG0001,20220315,PRCP,333,,,N,0800
US1TXAG0001,20220316,PRCP,0,,,N,0930
US1TXAG0001,20220317,PRCP,0,,,N,0930
US1TXAG0001,20220318,PRCP,36,,,N,0800
US1TXAG0001,20220319,PRCP,0,,,N,0930
US1TXAG0001,20220320,PRCP,0,,,N,0930
US1TXAG0001,20220321,PRCP,0,,,N,0930
US1TXAG0001,20220322,PRCP,632,,,N,0800
US1TXAG0001,20220323,PRCP,150,,,N,0800
US1TXAG0001,20220324,PRCP,0,,,N,0930
US1TXAG0001,20220325,PRCP,0,,,N,0930
US1TXAG0001,20220326,PRCP,0,,,N,0930
US1TXAG0001,20220327,PRCP,0,,,N,0930
US1TXAG0001,20220328,PRCP,0,,,N,0930
US1TXAG0001,20220329,PRCP,0,,,N,0930
US1TXAG0001,20220330,PRCP,3,,,N,0730
US1TXAG0001,20220331,PRCP,0,,,N,0930
US1TXAG0001,20220301,SNOW,0,,,N,0930
US1TXAG0001,20220302,SNOW,0,,,N,0930
US1TXAG0001,20220303,SNOW,0,,,N,0930
US1TXAG0001,20220304,SNOW,0,,,N,0930
US1TXAG0001,20220305,SNOW,0,,,N,0930
US1TXAG0001,20220306,SNOW,0,,,N,0930
US1TXAG0001,20220310,SNOW,0,,,N,0930
US1TXAG0001,20220311,SNOW,0,,,N,0930
US1TXAG0001,20220313,SNOW,0,,,N,0930
US1TXAG0001,20220314,SNOW,0,,,N,0930
US1TXAG0001,20220316,SNOW,0,,,N,0930
US1TXAG0001,20220317,SNOW,0,,,N,0930
US1TXAG0001,20220319,SNOW,0,,,N,0930
US1TXAG0001,20220320,SNOW,0,,,N,0930
US1TXAG0001,20220321,SNOW,0,,,N,0930
US1TXAG0001,20220324,SNOW,0,,,N,0930
US1TXAG0001,20220325,SNOW,0,,,N,0930
US1TXAG0001,20220326,SNOW,0,,,N,0930
US1TXAG0001,20220327,SNOW,0,,,N,0930
US1TXAG0001,20220328,SNOW,0,,,N,0930
US1TXAG0001,20220329,SNOW,0,,,N,0930
US1TXAG0001,20220331,SNOW,0,,,N,0930
US1TXAG0001,20220401,PRCP,0,,,N,0930
US1TXAG0001,20220402,PRCP,3,,,N,0800
US1TXAG0001,20220403,PRCP,0,,,N,0930
US1TXAG0001,20220404,PRCP,0,,,N,0930
US1TXAG0001,20220405,PRCP,226,,,N,0800
US1TXAG0001,20220406,PRCP,0,,,N,0930
US1TXAG0001,20220407,PRCP,0,,,N,0930
US1TXAG0001,20220408,PRCP,0,,,N,0930
US1TXAG0001,20220409,PRCP,0,,,N,0930
US1TXAG0001,20220410,PRCP,0,,,N,0930
US1TXAG0001,20220411,PRCP,8,,,N,0827
US1TXAG0001,20220412,PRCP,0,,,N,0930
US1TXAG0001,20220413,PRCP,79,,,N,0830
US1TXAG0001,20220414,PRCP,58,,,N,0728
US1TXAG0001,20220415,PRCP,0,,,N,0930
US1TXAG0001,20220416,PRCP,0,,,N,0930
US1TXAG0001,20220417,PRCP,0,,,N,0930
US1TXAG0001,20220418,PRCP,0,,,N,0930
US1TXAG0001,20220419,PRCP,0,,,N,0930
US1TXAG0001,20220420,PRCP,0,,,N,0930
US1TXAG0001,20220421,PRCP,0,,,N,0930
US1TXAG0001,20220422,PRCP,0,,,N,0930
US1TXAG0001,20220423,PRCP,0,,,N,0930
US1TXAG0001,20220424,PRCP,0,,,N,0930
US1TXAG0001,20220425,PRCP,0,,,N,0930
US1TXAG0001,20220426,PRCP,714,,,N,0800
US1TXAG0001,20220427,PRCP,0,,,N,0930
US1TXAG0001,20220428,PRCP,0,,,N,0930
US1TXAG0001,20220429,PRCP,0,,,N,0930
US1TXAG0001,20220430,PRCP,0,,,N,0930
US1TXAG0001,20220401,SNOW,0,,,N,0930
US1TXAG0001,20220403,SNOW,0,,,N,0930
US1TXAG0001,20220404,SNOW,0,,,N,0930
US1TXAG0001,20220406,SNOW,0,,,N,0930
US1TXAG0001,20220407,SNOW,0,,,N,0930
US1TXAG0001,20220408,SNOW,0,,,N,0930
US1TXAG0001,20220409,SNOW,0,,,N,0930
US1TXAG0001,20220410,SNOW,0,,,N,0930
US1TXAG0001,20220412,SNOW,0,,,N,0930
US1TXAG0001,20220415,SNOW,0,,,N,0930
US1TXAG0001,20220416,SNOW,0,,,N,0930
US1TXAG0001,20220417,SNOW,0,,,N,0930
US1TXAG0001,20220418,SNOW,0,,,N,0930
US1TXAG0001,20220419,SNOW,0,,,N,0930
US1TXAG0001,20220420,SNOW,0,,,N,0930
US1TXAG0001,20220421,SNOW,0,,,N,0930
US1TXAG0001,20220422,SNOW,0,,,N,0930
US1TXAG0001,20220423,SNOW,0,,,N,0930
US1TXAG0001,20220424,SNOW,0,,,N,0930
US1TXAG0001,20220425,SNOW,0,,,N,0930
US1TXAG0001,20220427,SNOW,0,,,N,0930
US1TXAG0001,20220428,SNOW,0,,,N,0930
US1TXAG0001,20220429,SNOW,0,,,N,0930
US1TXAG0001,20220430,SNOW,0,,,N,0930
US1TXAG0001,20220501,PRCP,0,,,N,0930
US1TXAG0001,20220502,PRCP,61,,,N,0800
US1TXAG0001,20220503,PRCP,0,,,N,0930
US1TXAG0001,20220504,PRCP,33,,,N,0730
US1TXAG0001,20220505,PRCP,0,,,N,0930
US1TXAG0001,20220506,PRCP,155,,,N,0800
US1TXAG0001,20220507,PRCP,97,,,N,0750
US1TXAG0001,20220508,PRCP,58,,,N,0800
US1TXAG0001,20220509,PRCP,0,,,N,0930
US1TXAG0001,20220510,PRCP,0,,,N,0930
US1TXAG0001,20220511,PRCP,0,,,N,0930
US1TXAG0001,20220512,PRCP,0,,,N,0930
US1TXAG0001,20220513,PRCP,0,,,N,0930
US1TXAG0001,20220514,PRCP,0,,,N,0930
US1TXAG0001,20220515,PRCP,0,,,N,0930
US1TXAG0001,20220516,PRCP,0,,,N,0930
US1TXAG0001,20220517,PRCP,0,,,N,0930
US1TXAG0001,20220518,PRCP,0,,,N,0930
US1TXAG0001,20220519,PRCP,0,,,N,0930
US1TXAG0001,20220520,PRCP,0,,,N,0930
US1TXAG0001,20220521,PRCP,0,,,N,0930
US1TXAG0001,20220522,PRCP,119,,,N,0800
US1TXAG0001,20220523,PRCP,0,,,N,0930
US1TXAG0001,20220524,PRCP,0,,,N,0930
US1TXAG0001,20220525,PRCP,272,,,N,0800
US1TXAG0001,20220526,PRCP,0,,,N,0930
US1TXAG0001,20220527,PRCP,0,,,N,0930
US1TXAG0001,20220528,PRCP,0,,,N,0930
US1TXAG0001,20220529,PRCP,0,,,N,0930
US1TXAG0001,20220530,PRCP,0,,,N,0930
US1TXAG0001,20220531,PRCP,0,,,N,0930
US1TXAG0001,20220501,SNOW,0,,,N,0930
US1TXAG0001,20220503,SNOW,0,,,N,0930
US1TXAG0001,20220505,SNOW,0,,,N,0930
US1TXAG0001,20220509,SNOW,0,,,N,0930
US1TXAG0001,20220510,SNOW,0,,,N,0930
US1TXAG0001,20220511,SNOW,0,,,N,0930
US1TXAG0001,20220512,SNOW,0,,,N,0930
US1TXAG0001,20220513,SNOW,0,,,N,0930
US1TXAG0001,20220514,SNOW,0,,,N,0930
US1TXAG0001,20220515,SNOW,0,,,N,0930
US1TXAG0001,20220516,SNOW,0,,,N,0930
US1TXAG0001,20220517,SNOW,0,,,N,0930
US1TXAG0001,20220518,SNOW,0,,,N,0930
US1TXAG0001,20220519,SNOW,0,,,N,0930
US1TXAG0001,20220520,SNOW,0,,,N,0930
US1TXAG0001,20220521,SNOW,0,,,N,0930
US1TXAG0001,20220523,SNOW,0,,,N,0930
US1TXAG0001,20220524,SNOW,0,,,N,0930
US1TXAG0001,20220526,SNOW,0,,,N,0930
US1TXAG0001,20220527,SNOW,0,,,N,0930
US1TXAG0001,20220528,SNOW,0,,,N,0930
US1TXAG0001,20220529,SNOW,0,,,N,0930
US1TXAG0001,20220530,SNOW,0,,,N,0930
US1TXAG0001,20220531,SNOW,0,,,N,0930
US1TXAG0001,20220601,PRCP,0,,,N,0930
US1TXAG0001,20220602,PRCP,0,,,N,0930
US1TXAG0001,20220603,PRCP,0,,,N,0930
US1TXAG0001,20220604,PRCP,66,,,N,0800
US1TXAG0001,20220605,PRCP,0,,,N,0930
US1TXAG0001,20220606,PRCP,0,,,N,0930
US1TXAG0001,20220607,PRCP,0,,,N,0930
US1TXAG0001,20220608,PRCP,0,,,N,0930
US1TXAG0001,20220609,PRCP,0,,,N,0930
US1TXAG0001,20220610,PRCP,0,,,N,0930
US1TXAG0001,20220611,PRCP,0,,,N,0930
US1TXAG0001,20220612,PRCP,0,,,N,0930
US1TXAG0001,20220613,PRCP,0,,,N,0930
US1TXAG0001,20220614,PRCP,0,,,N,0930
US1TXAG0001,20220615,PRCP,0,,,N,0930
US1TXAG0001,20220616,PRCP,0,T,,N,0800
US1TXAG0001,20220617,PRCP,0,,,N,0930
US1TXAG0001,20220618,PRCP,10,,,N,0800
US1TXAG0001,20220619,PRCP,0,,,N,0930
US1TXAG0001,20220620,PRCP,0,,,N,0930
US1TXAG0001,20220621,PRCP,0,,,N,0930
US1TXAG0001,20220622,PRCP,0,,,N,0930
US1TXAG0001,20220623,PRCP,0,,,N,0930
US1TXAG0001,20220624,PRCP,0,,,N,0930
US1TXAG0001,20220625,PRCP,0,,,N,0930
US1TXAG0001,20220626,PRCP,0,,,N,0930
US1TXAG0001,20220627,PRCP,0,,,N,0930
US1TXAG0001,20220628,PRCP,0,,,N,0930
US1TXAG0001,20220629,PRCP,0,,,N,0930
US1TXAG0001,20220630,PRCP,0,,,N,0930
US1TXAG0001,20220601,SNOW,0,,,N,0930
US1TXAG0001,20220602,SNOW,0,,,N,0930
US1TXAG0001,20220603,SNOW,0,,,N,0930
US1TXAG0001,20220605,SNOW,0,,,N,0930
US1TXAG0001,20220606,SNOW,0,,,N,0930
US1TXAG0001,20220607,SNOW,0,,,N,0930
US1TXAG0001,20220608,SNOW,0,,,N,0930
US1TXAG0001,20220609,SNOW,0,,,N,0930
US1TXAG0001,20220610,SNOW,0,,,N,0930
US1TXAG0001,20220611,SNOW,0,,,N,0930
US1TXAG0001,20220612,SNOW,0,,,N,0930
US1TXAG0001,20220613,SNOW,0,,,N,0930
US1TXAG0001,20220614,SNOW,0,,,N,0930
US1TXAG0001,20220615,SNOW,0,,,N,0930
US1TXAG0001,20220617,SNOW,0,,,N,0930
US1TXAG0001,20220619,SNOW,0,,,N,0930
US1TXAG0001,20220620,SNOW,0,,,N,0930
US1TXAG0001,20220621,SNOW,0,,,N,0930
US1TXAG0001,20220622,SNOW,0,,,N,0930
US1TXAG0001,20220623,SNOW,0,,,N,0930
US1TXAG0001,20220624,SNOW,0,,,N,0930
US1TXAG0001,20220625,SNOW,0,,,N,0930
US1TXAG0001,20220626,SNOW,0,,,N,0930
US1TXAG0001,20220627,SNOW,0,,,N,0930
US1TXAG0001,20220628,SNOW,0,,,N,0930
US1TXAG0001,20220629,SNOW,0,,,N,0930
US1TXAG0001,20220630,SNOW,0,,,N,0930
US1TXAG0001,20220701,PRCP,0,,,N,0930
US1TXAG0001,20220702,PRCP,64,,,N,0800
US1TXAG0001,20220703,PRCP,185,,,N,0800
US1TXAG0001,20220704,PRCP,0,,,N,0930
US1TXAG0001,20220705,PRCP,0,,,N,0930
US1TXAG0001,20220706,PRCP,0,,,N,0930
US1TXAG0001,20220707,PRCP,0,,,N,0930
US1TXAG0001,20220708,PRCP,0,,,N,0930
US1TXAG0001,20220709,PRCP,0,,,N,0930
US1TXAG0001,20220710,PRCP,0,,,N,0930
US1TXAG0001,20220711,PRCP,0,,,N,0930
US1TXAG0001,20220712,PRCP,25,,,N,0800
US1TXAG0001,20220713,PRCP,0,,,N,0930
US1TXAG0001,20220714,PRCP,0,,,N,0930
US1TXAG0001,20220715,PRCP,155,,,N,0800
US1TXAG0001,20220716,PRCP,0,,,N,0930
US1TXAG0001,20220717,PRCP,0,,,N,0930
US1TXAG0001,20220718,PRCP,0,,,N,0930
US1TXAG0001,20220719,PRCP,0,,,N,0930
US1TXAG0001,20220720,PRCP,0,,,N,0930
US1TXAG0001,20220721,PRCP,0,,,N,0930
US1TXAG0001,20220722,PRCP,0,,,N,0930
US1TXAG0001,20220723,PRCP,3,,,N,0800
US1TXAG0001,20220724,PRCP,0,,,N,0930
US1TXAG0001,20220725,PRCP,0,,,N,0930
US1TXAG0001,20220726,PRCP,0,,,N,0930
US1TXAG0001,20220727,PRCP,0,,,N,0930
US1TXAG0001,20220728,PRCP,0,,,N,0930
US1TXAG0001,20220729,PRCP,0,,,N,0930
US1TXAG0001,20220730,PRCP,0,,,N,0930
US1TXAG0001,20220731,PRCP,5,,,N,0800
US1TXAG0001,20220701,SNOW,0,,,N,0930
US1TXAG0001,20220704,SNOW,0,,,N,0930
US1TXAG0001,20220705,SNOW,0,,,N,0930
US1TXAG0001,20220706,SNOW,0,,,N,0930
US1TXAG0001,20220707,SNOW,0,,,N,0930
US1TXAG0001,20220708,SNOW,0,,,N,0930
US1TXAG0001,20220709,SNOW,0,,,N,0930
US1TXAG0001,20220710,SNOW,0,,,N,0930
US1TXAG0001,20220711,SNOW,0,,,N,0930
US1TXAG0001,20220713,SNOW,0,,,N,0930
US1TXAG0001,20220714,SNOW,0,,,N,0930
US1TXAG0001,20220716,SNOW,0,,,N,0930
US1TXAG0001,20220717,SNOW,0,,,N,0930
US1TXAG0001,20220718,SNOW,0,,,N,0930
US1TXAG0001,20220719,SNOW,0,,,N,0930
US1TXAG0001,20220720,SNOW,0,,,N,0930
US1TXAG0001,20220721,SNOW,0,,,N,0930
US1TXAG0001,20220722,SNOW,0,,,N,0930
US1TXAG0001,20220724,SNOW,0,,,N,0930
US1TXAG0001,20220725,SNOW,0,,,N,0930
US1TXAG0001,20220726,SNOW,0,,,N,0930
US1TXAG0001,20220727,SNOW,0,,,N,0930
US1TXAG0001,20220728,SNOW,0,,,N,0930
US1TXAG0001,20220729,SNOW,0,,,N,0930
US1TXAG0001,20220730,SNOW,0,,,N,0930
US1TXAG0001,20220801,PRCP,0,,,N,0930
US1TXAG0001,20220802,PRCP,99,,,N,0800
US1TXAG0001,20220803,PRCP,0,,,N,0930
US1TXAG0001,20220804,PRCP,0,,,N,0930
US1TXAG0001,20220805,PRCP,0,,,N,0930
US1TXAG0001,20220806,PRCP,0,,,N,0930
US1TXAG0001,20220807,PRCP,25,,,N,0800
US1TXAG0001,20220808,PRCP,10,,,N,0800
US1TXAG0001,20220809,PRCP,0,,,N,0930
US1TXAG0001,20220810,PRCP,0,T,,N,0800
US1TXAG0001,20220811,PRCP,25,,,N,0800
US1TXAG0001,20220812,PRCP,0,,,N,0930
US1TXAG0001,20220813,PRCP,10,,,N,0800
US1TXAG0001,20220814,PRCP,0,,,N,0930
US1TXAG0001,20220815,PRCP,18,,,N,0800
US1TXAG0001,20220816,PRCP,0,,,N,0930
US1TXAG0001,20220817,PRCP,0,,,N,0930
US1TXAG0001,20220818,PRCP,0,,,N,0930
US1TXAG0001,20220819,PRCP,1113,,,N,0720
US1TXAG0001,20220820,PRCP,0,T,,N,0800
US1TXAG0001,20220821,PRCP,127,,,N,0730
US1TXAG0001,20220822,PRCP,193,,,N,0800
US1TXAG0001,20220823,PRCP,279,,,N,0800
US1TXAG0001,20220824,PRCP,8,,,N,0930
US1TXAG0001,20220825,PRCP,0,,,N,0930
US1TXAG0001,20220826,PRCP,0,,,N,0930
US1TXAG0001,20220827,PRCP,0,,,N,0930
US1TXAG0001,20220828,PRCP,0,,,N,0930
US1TXAG0001,20220829,PRCP,0,,,N,0930
US1TXAG0001,20220830,PRCP,0,,,N,0930
US1TXAG0001,20220831,PRCP,13,,,N,0800
US1TXAG0001,20220801,SNOW,0,,,N,0930
US1TXAG0001,20220803,SNOW,0,,,N,0930
US1TXAG0001,20220804,SNOW,0,,,N,0930
US1TXAG0001,20220805,SNOW,0,,,N,0930
US1TXAG0001,20220806,SNOW,0,,,N,0930
US1TXAG0001,20220809,SNOW,0,,,N,0930
US1TXAG0001,20220812,SNOW,0,,,N,0930
US1TXAG0001,20220814,SNOW,0,,,N,0930
US1TXAG0001,20220816,SNOW,0,,,N,0930
US1TXAG0001,20220817,SNOW,0,,,N,0930
US1TXAG0001,20220818,SNOW,0,,,N,0930
US1TXAG0001,20220825,SNOW,0,,,N,0930
US1TXAG0001,20220826,SNOW,0,,,N,0930
US1TXAG0001,20220827,SNOW,0,,,N,0930
US1TXAG0001,20220828,SNOW,0,,,N,0930
US1TXAG0001,20220829,SNOW,0,,,N,0930
US1TXAG0001,20220830,SNOW,0,,,N,0930
US1TXAG0001,20220901,PRCP,0,,,N,0930
US1TXAG0001,20220902,PRCP,36,,,N,0800
US1TXAG0001,20220903,PRCP,439,,,N,0800
US1TXAG0001,20220904,PRCP,0,,,N,0930
US1TXAG0001,20220905,PRCP,0,,,N,0930
US1TXAG0001,20220906,PRCP,0,,,N,0930
US1TXAG0001,20220907,PRCP,0,,,N,0930
US1TXAG0001,20220908,PRCP,0,,,N,0930
US1TXAG0001,20220909,PRCP,0,,,N,0930
US1TXAG0001,20220910,PRCP,0,,,N,0930
US1TXAG0001,20220911,PRCP,0,,,N,0930
US1TXAG0001,20220912,PRCP,0,,,N,0930
US1TXAG0001,20220913,PRCP,0,,,N,0930
US1TXAG0001,20220914,PRCP,0,,,N,0930
US1TXAG0001,20220915,PRCP,0,,,N,0930
US1TXAG0001,20220916,PRCP,0,,,N,0930
US1TXAG0001,20220917,PRCP,0,,,N,0930
US1TXAG0001,20220918,PRCP,0,,,N,0930
US1TXAG0001,20220919,PRCP,0,,,N,0930
US1TXAG0001,20220920,PRCP,0,,,N,0930
US1TXAG0001,20220921,PRCP,0,,,N,0930
US1TXAG0001,20220922,PRCP,0,,,N,0930
US1TXAG0001,20220923,PRCP,0,,,N,0930
US1TXAG0001,20220924,PRCP,0,,,N,0930
US1TXAG0001,20220925,PRCP,0,,,N,0930
US1TXAG0001,20220926,PRCP,0,,,N,0930
US1TXAG0001,20220927,PRCP,0,,,N,0930
US1TXAG0001,20220928,PRCP,0,,,N,0930
US1TXAG0001,20220929,PRCP,0,,,N,0930
US1TXAG0001,20220930,PRCP,0,,,N,0930
US1TXAG0001,20220901,SNOW,0,,,N,0930
US1TXAG0001,20220902,SNOW,0,,,N,0800
US1TXAG0001,20220904,SNOW,0,,,N,0930
US1TXAG0001,20220905,SNOW,0,,,N,0930
US1TXAG0001,20220906,SNOW,0,,,N,0930
US1TXAG0001,20220907,SNOW,0,,,N,0930
US1TXAG0001,20220908,SNOW,0,,,N,0930
US1TXAG0001,20220909,SNOW,0,,,N,0930
US1TXAG0001,20220910,SNOW,0,,,N,0930
US1TXAG0001,20220911,SNOW,0,,,N,0930
US1TXAG0001,20220912,SNOW,0,,,N,0930
US1TXAG0001,20220913,SNOW,0,,,N,0930
US1TXAG0001,20220914,SNOW,0,,,N,0930
US1TXAG0001,20220915,SNOW,0,,,N,0930
US1TXAG0001,20220916,SNOW,0,,,N,0930
US1TXAG0001,20220917,SNOW,0,,,N,0930
US1TXAG0001,20220918,SNOW,0,,,N,0930
US1TXAG0001,20220919,SNOW,0,,,N,0930
US1TXAG0001,20220920,SNOW,0,,,N,0930
US1TXAG0001,20220921,SNOW,0,,,N,0930
US1TXAG0001,20220922,SNOW,0,,,N,0930
US1TXAG0001,20220923,SNOW,0,,,N,0930
US1TXAG0001,20220924,SNOW,0,,,N,0930
US1TXAG0001,20220925,SNOW,0,,,N,0930
US1TXAG0001,20220926,SNOW,0,,,N,0930
US1TXAG0001,20220927,SNOW,0,,,N,0930
US1TXAG0001,20220928,SNOW,0,,,N,0930
US1TXAG0001,20220929,SNOW,0,,,N,0930
US1TXAG0001,20220930,SNOW,0,,,N,0930
US1TXAG0001,20221001,PRCP,0,,,N,0930
US1TXAG0001,20221002,PRCP,0,,,N,0930
US1TXAG0001,20221003,PRCP,0,,,N,0930
US1TXAG0001,20221004,PRCP,0,,,N,0930
US1TXAG0001,20221005,PRCP,0,,,N,0930
US1TXAG0001,20221006,PRCP,0,,,N,0930
US1TXAG0001,20221007,PRCP,0,,,N,0930
US1TXAG0001,20221008,PRCP,0,,,N,0930
US1TXAG0001,20221009,PRCP,0,,,N,0930
US1TXAG0001,20221010,PRCP,0,,,N,0930
US1TXAG0001,20221011,PRCP,0,,,N,0930
US1TXAG0001,20221012,PRCP,0,,,N,0930
US1TXAG0001,20221013,PRCP,13,,,N,0800
US1TXAG0001,20221014,PRCP,0,,,N,0930
US1TXAG0001,20221015,PRCP,0,,,N,0930
US1TXAG0001,20221016,PRCP,0,,,N,0930
US1TXAG0001,20221017,PRCP,163,,,N,0730
US1TXAG0001,20221018,PRCP,0,,,N,0930
US1TXAG0001,20221019,PRCP,0,,,N,0930
US1TXAG0001,20221020,PRCP,0,,,N,0930
US1TXAG0001,20221021,PRCP,0,,,N,0930
US1TXAG0001,20221022,PRCP,0,,,N,0930
US1TXAG0001,20221023,PRCP,0,,,N,0930
US1TXAG0001,20221024,PRCP,0,,,N,0930
US1TXAG0001,20221025,PRCP,168,,,N,0900
US1TXAG0001,20221026,PRCP,0,,,N,0930
US1TXAG0001,20221027,PRCP,0,,,N,0930
US1TXAG0001,20221028,PRCP,33,,,N,0900
US1TXAG0001,20221029,PRCP,259,,,N,0930
US1TXAG0001,20221030,PRCP,8,,,N,0800
US1TXAG0001,20221031,PRCP,0,,,N,0930
US1TXAG0001,20221001,SNOW,0,,,N,0930
US1TXAG0001,20221002,SNOW,0,,,N,0930
US1TXAG0001,20221003,SNOW,0,,,N,0930
US1TXAG0001,20221004,SNOW,0,,,N,0930
US1TXAG0001,20221005,SNOW,0,,,N,0930
US1TXAG0001,20221006,SNOW,0,,,N,0930
US1TXAG0001,20221007,SNOW,0,,,N,0930
US1TXAG0001,20221008,SNOW,0,,,N,0930
US1TXAG0001,20221009,SNOW,0,,,N,0930
US1TXAG0001,20221010,SNOW,0,,,N,0930
US1TXAG0001,20221011,SNOW,0,,,N,0930
US1TXAG0001,20221012,SNOW,0,,,N,0930
US1TXAG0001,20221014,SNOW,0,,,N,0930
US1TXAG0001,20221015,SNOW,0,,,N,0930
US1TXAG0001,20221016,SNOW,0,,,N,0930
US1TXAG0001,20221018,SNOW,0,,,N,0930
US1TXAG0001,20221019,SNOW,0,,,N,0930
US1TXAG0001,20221020,SNOW,0,,,N,0930
US1TXAG0001,20221021,SNOW,0,,,N,0930
US1TXAG0001,20221022,SNOW,0,,,N,0930
US1TXAG0001,20221023,SNOW,0,,,N,0930
US1TXAG0001,20221024,SNOW,0,,,N,0930
US1TXAG0001,20221026,SNOW,0,,,N,0930
US1TXAG0001,20221027,SNOW,0,,,N,0930
US1TXAG0001,20221031,SNOW,0,,,N,0930
US1TXAG0001,20221101,PRCP,3,,,N,0930
US1TXAG0001,20221102,PRCP,8,,,N,0800
US1TXAG0001,20221103,PRCP,3,,,N,0800
US1TXAG0001,20221104,PRCP,0,,,N,0930
US1TXAG0001,20221105,PRCP,79,,,N,0800
US1TXAG0001,20221106,PRCP,13,,,N,0800
US1TXAG0001,20221107,PRCP,3,,,N,0800
US1TXAG0001,20221108,PRCP,0,,,N,0930
US1TXAG0001,20221109,PRCP,0,,,N,0930
US1TXAG0001,20221110,PRCP,0,,,N,0930
US1TXAG0001,20221111,PRCP,0,,,N,0930
US1TXAG0001,20221112,PRCP,206,,,N,0800
US1TXAG0001,20221113,PRCP,0,,,N,0930
US1TXAG0001,20221114,PRCP,0,,,N,0930
US1TXAG0001,20221115,PRCP,112,,,N,0800
US1TXAG0001,20221116,PRCP,0,,,N,0930
US1TXAG0001,20221117,PRCP,0,,,N,0930
US1TXAG0001,20221118,PRCP,0,,,N,0930
US1TXAG0001,20221119,PRCP,0,,,N,0930
US1TXAG0001,20221120,PRCP,0,,,N,0930
US1TXAG0001,20221121,PRCP,3,,,N,0800
US1TXAG0001,20221122,PRCP,15,,,N,0800
US1TXAG0001,20221123,PRCP,0,,,N,0930
US1TXAG0001,20221124,PRCP,0,,,N,0930
US1TXAG0001,20221125,PRCP,411,,,N,0800
US1TXAG0001,20221126,PRCP,89,,,N,0945
US1TXAG0001,20221127,PRCP,97,,,N,0800
US1TXAG0001,20221128,PRCP,0,,,N,0930
US1TXAG0001,20221129,PRCP,0,,,N,0930
US1TXAG0001,20221130,PRCP,5,,,N,0800
US1TXAG0001,20221104,SNOW,0,,,N,0930
US1TXAG0001,20221108,SNOW,0,,,N,0930
US1TXAG0001,20221109,SNOW,0,,,N,0930
US1TXAG0001,20221110,SNOW,0,,,N,0930
US1TXAG0001,20221111,SNOW,0,,,N,0930
US1TXAG0001,20221113,SNOW,0,,,N,0930
US1TXAG0001,20221114,SNOW,0,,,N,0930
US1TXAG0001,20221116,SNOW,0,,,N,0930
US1TXAG0001,20221117,SNOW,0,,,N,0930
US1TXAG0001,20221118,SNOW,0,,,N,0930
US1TXAG0001,20221119,SNOW,0,,,N,0930
US1TXAG0001,20221120,SNOW,0,,,N,0930
US1TXAG0001,20221123,SNOW,0,,,N,0930
US1TXAG0001,20221124,SNOW,0,,,N,0930
US1TXAG0001,20221128,SNOW,0,,,N,0930
US1TXAG0001,20221129,SNOW,0,,,N,0930
US1TXAG0001,20221201,PRCP,0,,,N,0930
US1TXAG0001,20221202,PRCP,0,,,N,0930
US1TXAG0001,20221203,PRCP,0,T,,N,0800
US1TXAG0001,20221204,PRCP,0,,,N,0930
US1TXAG0001,20221205,PRCP,0,,,N,0930
US1TXAG0001,20221206,PRCP,0,,,N,0930
US1TXAG0001,20221207,PRCP,8,,,N,0800
US1TXAG0001,20221208,PRCP,0,,,N,0930
US1TXAG0001,20221209,PRCP,0,,,N,0930
US1TXAG0001,20221210,PRCP,0,,,N,0930
US1TXAG0001,20221211,PRCP,363,,,N,0930
US1TXAG0001,20221212,PRCP,0,,,N,0930
US1TXAG0001,20221213,PRCP,0,,,N,0930
US1TXAG0001,20221214,PRCP,234,,,N,0800
US1TXAG0001,20221215,PRCP,0,,,N,0800
US1TXAG0001,20221216,PRCP,0,,,N,0930
US1TXAG0001,20221217,PRCP,20,,,N,0800
US1TXAG0001,20221218,PRCP,0,,,N,0930
US1TXAG0001,20221219,PRCP,0,,,N,0930
US1TXAG0001,20221220,PRCP,470,,,N,0800
US1TXAG0001,20221221,PRCP,0,,,N,0930
US1TXAG0001,20221222,PRCP,0,,,N,0930
US1TXAG0001,20221223,PRCP,0,,,N,0930
US1TXAG0001,20221224,PRCP,0,,,N,0930
US1TXAG0001,20221225,PRCP,0,,,N,0930
US1TXAG0001,20221226,PRCP,0,,,N,0930
US1TXAG0001,20221227,PRCP,0,,,N,0930
US1TXAG0001,20221228,PRCP,0,,,N,0930
US1TXAG0001,20221229,PRCP,0,,,N,0930
US1TXAG0001,20221230,PRCP,874,,,N,0930
US1TXAG0001,20221231,PRCP,0,,,N,0930
US1TXAG0001,20221201,SNOW,0,,,N,0930
US1TXAG0001,20221202,SNOW,0,,,N,0930
US1TXAG0001,20221204,SNOW,0,,,N,0930
US1TXAG0001,20221205,SNOW,0,,,N,0930
US1TXAG0001,20221206,SNOW,0,,,N,0930
US1TXAG0001,20221208,SNOW,0,,,N,0930
US1TXAG0001,20221209,SNOW,0,,,N,0930
US1TXAG0001,20221210,SNOW,0,,,N,0930
US1TXAG0001,20221212,SNOW,0,,,N,0930
US1TXAG0001,20221213,SNOW,0,,,N,0930
US1TXAG0001,20221215,SNOW,0,,,N,0800
US1TXAG0001,20221216,SNOW,0,,,N,0930
US1TXAG0001,20221218,SNOW,0,,,N,0930
US1TXAG0001,20221219,SNOW,0,,,N,0930
US1TXAG0001,20221221,SNOW,0,,,N,0930
US1TXAG0001,20221222,SNOW,0,,,N,0930
US1TXAG0001,20221223,SNOW,0,,,N,0930
US1TXAG0001,20221224,SNOW,0,,,N,0930
US1TXAG0001,20221225,SNOW,0,,,N,0930
US1TXAG0001,20221226,SNOW,0,,,N,0930
US1TXAG0001,20221227,SNOW,0,,,N,0930
US1TXAG0001,20221228,SNOW,0,,,N,0930
US1TXAG0001,20221229,SNOW,0,,,N,0930
US1TXAG0001,20221231,SNOW,0,,,N,0930
US1TXAG0001,20230101,PRCP,0,,,N,0930
US1TXAG0001,20230102,PRCP,0,,,N,0930
US1TXAG0001,20230103,PRCP,498,,,N,0800
US1TXAG0001,20230104,PRCP,0,,,N,0930
US1TXAG0001,20230105,PRCP,0,,,N,0930
US1TXAG0001,20230106,PRCP,0,,,N,0930
US1TXAG0001,20230107,PRCP,0,,,N,0930
US1TXAG0001,20230108,PRCP,58,,,N,0800
US1TXAG0001,20230109,PRCP,0,,,N,0930
US1TXAG0001,20230110,PRCP,0,,,N,0930
US1TXAG0001,20230111,PRCP,0,,,N,0930
US1TXAG0001,20230112,PRCP,0,,,N,0930
US1TXAG0001,20230113,PRCP,0,,,N,0930
US1TXAG0001,20230114,PRCP,0,,,N,0930
US1TXAG0001,20230115,PRCP,0,,,N,0930
US1TXAG0001,20230116,PRCP,0,,,N,0930
US1TXAG0001,20230117,PRCP,0,,,N,0930
US1TXAG0001,20230118,PRCP,46,,,N,0800
US1TXAG0001,20230119,PRCP,71,,,N,0800
US1TXAG0001,20230120,PRCP,0,,,N,0930
US1TXAG0001,20230121,PRCP,13,,,N,0930
US1TXAG0001,20230122,PRCP,15,,,N,0800
US1TXAG0001,20230123,PRCP,0,,,N,0930
US1TXAG0001,20230124,PRCP,0,,,N,0930
US1TXAG0001,20230125,PRCP,676,,,N,0800
US1TXAG0001,20230126,PRCP,0,,,N,0930
US1TXAG0001,20230127,PRCP,0,,,N,0930
US1TXAG0001,20230128,PRCP,0,,,N,0930
US1TXAG0001,20230129,PRCP,94,,,N,0800
US1TXAG0001,20230130,PRCP,91,,,N,0800
US1TXAG0001,20230131,PRCP,23,,,N,0800
US1TXAG0001,20230101,SNOW,0,,,N,0930
US1TXAG0001,20230102,SNOW,0,,,N,0930
US1TXAG0001,20230104,SNOW,0,,,N,0930
US1TXAG0001,20230105,SNOW,0,,,N,0930
US1TXAG0001,20230106,SNOW,0,,,N,0930
US1TXAG0001,20230107,SNOW,0,,,N,0930
US1TXAG0001,20230109,SNOW,0,,,N,0930
US1TXAG0001,20230110,SNOW,0,,,N,0930
US1TXAG0001,20230111,SNOW,0,,,N,0930
US1TXAG0001,20230112,SNOW,0,,,N,0930
US1TXAG0001,20230113,SNOW,0,,,N,0930
US1TXAG0001,20230114,SNOW,0,,,N,0930
US1TXAG0001,20230115,SNOW,0,,,N,0930
US1TXAG0001,20230116,SNOW,0,,,N,0930
US1TXAG0001,20230117,SNOW,0,,,N,0930
US1TXAG0001,20230120,SNOW,0,,,N,0930
US1TXAG0001,20230121,SNOW,0,,,N,0930
US1TXAG0001,20230123,SNOW,0,,,N,0930
US1TXAG0001,20230124,SNOW,0,,,N,0930
US1TXAG0001,20230126,SNOW,0,,,N,0930
US1TXAG0001,20230127,SNOW,0,,,N,0930
US1TXAG0001,20230128,SNOW,0,,,N,0930
US1TXAG0001,20230201,PRCP,53,,,N,0950
US1TXAG0001,20230204,PRCP,0,,,N,0930
US1TXAG0001,20230205,PRCP,0,,,N,0930
US1TXAG0001,20230206,PRCP,0,,,N,0930
US1TXAG0001,20230207,PRCP,0,,,N,0930
US1TXAG0001,20230208,PRCP,20,,,N,0800
US1TXAG0001,20230209,PRCP,18,,,N,0800
US1TXAG0001,20230210,PRCP,0,,,N,0800
US1TXAG0001,20230211,PRCP,0,,,N,0930
US1TXAG0001,20230212,PRCP,8,,,N,0946
US1TXAG0001,20230213,PRCP,0,,,N,0930
US1TXAG0001,20230214,PRCP,0,,,N,0930
US1TXAG0001,20230215,PRCP,33,,,N,0800
US1TXAG0001,20230216,PRCP,51,,,N,0800
US1TXAG0001,20230217,PRCP,0,,,N,0930
US1TXAG0001,20230218,PRCP,0,,,N,0930
US1TXAG0001,20230219,PRCP,0,,,N,0930
US1TXAG0001,20230220,PRCP,0,,,N,0930
US1TXAG0001,20230221,PRCP,0,,,N,0930
US1TXAG0001,20230222,PRCP,0,,,N,0930
US1TXAG0001,20230223,PRCP,5,,,N,0800
US1TXAG0001,20230224,PRCP,0,,,N,0930
US1TXAG0001,20230225,PRCP,0,,,N,0930
US1TXAG0001,20230226,PRCP,0,,,N,0930
US1TXAG0001,20230227,PRCP,8,,,N,0800
US1TXAG0001,20230228,PRCP,0,,,N,0930
US1TXAG0001,20230204,SNOW,0,,,N,0930
US1TXAG0001,20230205,SNOW,0,,,N,0930
US1TXAG0001,20230206,SNOW,0,,,N,0930
US1TXAG0001,20230207,SNOW,0,,,N,0930
US1TXAG0001,20230209,SNOW,0,,,N,0800
US1TXAG0001,20230210,SNOW,0,,,N,0800
US1TXAG0001,20230211,SNOW,0,,,N,0930
US1TXAG0001,20230213,SNOW,0,,,N,0930
US1TXAG0001,20230214,SNOW,0,,,N,0930
US1TXAG0001,20230217,SNOW,0,,,N,0930
US1TXAG0001,20230218,SNOW,0,,,N,0930
US1TXAG0001,20230219,SNOW,0,,,N,0930
US1TXAG0001,20230220,SNOW,0,,,N,0930
US1TXAG0001,20230221,SNOW,0,,,N,0930
US1TXAG0001,20230222,SNOW,0,,,N,0930
US1TXAG0001,20230224,SNOW,0,,,N,0930
US1TXAG0001,20230225,SNOW,0,,,N,0930
US1TXAG0001,20230226,SNOW,0,,,N,0930
US1TXAG0001,20230228,SNOW,0,,,N,0930
US1TXAG0001,20230203,DAPR,2,,,N,0800
US1TXAG0001,20230203,MDPR,381,,,N,0800
US1TXAG0001,20230301,PRCP,0,,,N,0930
US1TXAG0001,20230302,PRCP,10,,,N,0800
US1TXAG0001,20230303,PRCP,328,,,N,0800
US1TXAG0001,20230304,PRCP,0,,,N,0930
US1TXAG0001,20230305,PRCP,0,,,N,0930
US1TXAG0001,20230306,PRCP,0,,,N,0930
US1TXAG0001,20230307,PRCP,0,,,N,0930
US1TXAG0001,20230308,PRCP,0,,,N,0930
US1TXAG0001,20230309,PRCP,0,,,N,0930
US1TXAG0001,20230310,PRCP,3,,,N,0800
US1TXAG0001,20230311,PRCP,0,,,N,0930
US1TXAG0001,20230312,PRCP,0,,,N,0930
US1TXAG0001,20230313,PRCP,0,,,N,0930
US1TXAG0001,20230314,PRCP,0,,,N,0930
US1TXAG0001,20230315,PRCP,0,,,N,0930
US1TXAG0001,20230316,PRCP,0,,,N,0930
US1TXAG0001,20230317,PRCP,922,,,N,0800
US1TXAG0001,20230318,PRCP,5,,,N,0800
US1TXAG0001,20230319,PRCP,0,,,N,0930
US1TXAG0001,20230320,PRCP,0,,,N,0930
US1TXAG0001,20230321,PRCP,0,,,N,0930
US1TXAG0001,20230322,PRCP,0,,,N,0930
US1TXAG0001,20230323,PRCP,0,,,N,0930
US1TXAG0001,20230324,PRCP,0,,,N,0930
US1TXAG0001,20230325,PRCP,13,,,N,0800
US1TXAG0001,20230326,PRCP,0,,,N,0930
US1TXAG0001,20230327,PRCP,196,,,N,0800
US1TXAG0001,20230328,PRCP,0,,,N,0930
US1TXAG0001,20230329,PRCP,30,,,N,0800
US1TXAG0001,20230330,PRCP,13,,,N,0800
US1TXAG0001,20230331,PRCP,8,,,N,0800
US1TXAG0001,20230301,SNOW,0,,,N,0930
US1TXAG0001,20230302,SNOW,0,,,N,0800
US1TXAG0001,20230304,SNOW,0,,,N,0930
US1TXAG0001,20230305,SNOW,0,,,N,0930
US1TXAG0001,20230306,SNOW,0,,,N,0930
US1TXAG0001,20230307,SNOW,0,,,N,0930
US1TXAG0001,20230308,SNOW,0,,,N,0930
US1TXAG0001,20230309,SNOW,0,,,N,0930
US1TXAG0001,20230311,SNOW,0,,,N,0930
US1TXAG0001,20230312,SNOW,0,,,N,0930
US1TXAG0001,20230313,SNOW,0,,,N,0930
US1TXAG0001,20230314,SNOW,0,,,N,0930
US1TXAG0001,20230315,SNOW,0,,,N,0930
US1TXAG0001,20230316,SNOW,0,,,N,0930
US1TXAG0001,20230319,SNOW,0,,,N,0930
US1TXAG0001,20230320,SNOW,0,,,N,0930
US1TXAG0001,20230321,SNOW,0,,,N,0930
US1TXAG0001,20230322,SNOW,0,,,N,0930
US1TXAG0001,20230323,SNOW,0,,,N,0930
US1TXAG0001,20230324,SNOW,0,,,N,0930
US1TXAG0001,20230326,SNOW,0,,,N,0930
US1TXAG0001,20230328,SNOW,0,,,N,0930
US1TXAG0001,20230401,PRCP,79,,,N,0800
US1TXAG0001,20230402,PRCP,0,,,N,0930
US1TXAG0001,20230403,PRCP,0,,,N,0930
US1TXAG0001,20230404,PRCP,0,,,N,0930
US1TXAG0001,20230405,PRCP,0,,,N,0930
US1TXAG0001,20230406,PRCP,671,,,N,0800
US1TXAG0001,20230407,PRCP,485,,,N,0800
US1TXAG0001,20230408,PRCP,79,,,N,0800
US1TXAG0001,20230409,PRCP,3,,,N,0800
US1TXAG0001,20230410,PRCP,0,,,N,0930
US1TXAG0001,20230411,PRCP,0,,,N,0930
US1TXAG0001,20230412,PRCP,0,,,N,0930
US1TXAG0001,20230413,PRCP,0,,,N,0930
US1TXAG0001,20230414,PRCP,0,,,N,0930
US1TXAG0001,20230415,PRCP,0,,,N,0930
US1TXAG0001,20230416,PRCP,0,,,N,0930
US1TXAG0001,20230417,PRCP,0,,,N,0930
US1TXAG0001,20230418,PRCP,0,,,N,0930
US1TXAG0001,20230419,PRCP,3,,,N,0800
US1TXAG0001,20230420,PRCP,0,,,N,0930
US1TXAG0001,20230421,PRCP,417,,,N,0800
US1TXAG0001,20230422,PRCP,0,,,N,0930
US1TXAG0001,20230423,PRCP,0,,,N,0930
US1TXAG0001,20230424,PRCP,23,,,N,0800
US1TXAG0001,20230425,PRCP,0,,,N,0930
US1TXAG0001,20230426,PRCP,28,,,N,0800
US1TXAG0001,20230427,PRCP,589,,,N,0800
US1TXAG0001,20230428,PRCP,0,,,N,0930
US1TXAG0001,20230429,PRCP,74,,,N,0800
US1TXAG0001,20230430,PRCP,0,,,N,0930
US1TXAG0001,20230402,SNOW,0,,,N,0930
US1TXAG0001,20230403,SNOW,0,,,N,0930
US1TXAG0001,20230404,SNOW,0,,,N,0930
US1TXAG0001,20230405,SNOW,0,,,N,0930
US1TXAG0001,20230410,SNOW,0,,,N,0930
US1TXAG0001,20230411,SNOW,0,,,N,0930
US1TXAG0001,20230412,SNOW,0,,,N,0930
US1TXAG0001,20230413,SNOW,0,,,N,0930
US1TXAG0001,20230414,SNOW,0,,,N,0930
US1TXAG0001,20230415,SNOW,0,,,N,0930
US1TXAG0001,20230416,SNOW,0,,,N,0930
US1TXAG0001,20230417,SNOW,0,,,N,0930
US1TXAG0001,20230418,SNOW,0,,,N,0930
US1TXAG0001,20230420,SNOW,0,,,N,0930
US1TXAG0001,20230422,SNOW,0,,,N,0930
US1TXAG0001,20230423,SNOW,0,,,N,0930
US1TXAG0001,20230425,SNOW,0,,,N,0930
US1TXAG0001,20230428,SNOW,0,,,N,0930
US1TXAG0001,20230430,SNOW,0,,,N,0930
US1TXAG0001,20230501,PRCP,0,,,N,0930
US1TXAG0001,20230502,PRCP,0,,,N,0930
US1TXAG0001,20230503,PRCP,0,,,N,0930
US1TXAG0001,20230504,PRCP,0,,,N,0930
US1TXAG0001,20230505,PRCP,272,,,N,0800
US1TXAG0001,20230506,PRCP,36,,,N,0800
US1TXAG0001,20230507,PRCP,5,,,N,0930
US1TXAG0001,20230508,PRCP,0,T,,N,0930
US1TXAG0001,20230509,PRCP,0,,,N,0930
US1TXAG0001,20230510,PRCP,18,,,N,0800
US1TXAG0001,20230511,PRCP,439,,,N,0700
US1TXAG0001,20230512,PRCP,0,,,N,0930
US1TXAG0001,20230513,PRCP,0,,,N,0930
US1TXAG0001,20230514,PRCP,0,,,N,0930
US1TXAG0001,20230515,PRCP,254,,,N,0830
US1TXAG0001,20230516,PRCP,107,,,N,0800
US1TXAG0001,20230517,PRCP,0,,,N,0930
US1TXAG0001,20230518,PRCP,0,,,N,0930
US1TXAG0001,20230519,PRCP,0,,,N,0930
US1TXAG0001,20230520,PRCP,0,,,N,0930
US1TXAG0001,20230521,PRCP,0,,,N,0930
US1TXAG0001,20230522,PRCP,0,,,N,0930
US1TXAG0001,20230523,PRCP,0,,,N,0930
US1TXAG0001,20230524,PRCP,0,,,N,0930
US1TXAG0001,20230525,PRCP,0,,,N,0930
US1TXAG0001,20230526,PRCP,0,,,N,0930
US1TXAG0001,20230527,PRCP,0,,,N,0930
US1TXAG0001,20230528,PRCP,0,,,N,0930
US1TXAG0001,20230529,PRCP,0,,,N,0930
US1TXAG0001,20230530,PRCP,0,T,,N,0800
US1TXAG0001,20230531,PRCP,5,,,N,0800
US1TXAG0001,20230501,SNOW,0,,,N,0930
US1TXAG0001,20230502,SNOW,0,,,N,0930
US1TXAG0001,20230503,SNOW,0,,,N,0930
US1TXAG0001,20230504,SNOW,0,,,N,0930
US1TXAG0001,20230509,SNOW,0,,,N,0930
US1TXAG0001,20230512,SNOW,0,,,N,0930
US1TXAG0001,20230513,SNOW,0,,,N,0930
US1TXAG0001,20230514,SNOW,0,,,N,0930
US1TXAG0001,20230517,SNOW,0,,,N,0930
US1TXAG0001,20230518,SNOW,0,,,N,0930
US1TXAG0001,20230519,SNOW,0,,,N,0930
US1TXAG0001,20230520,SNOW,0,,,N,0930
US1TXAG0001,20230521,SNOW,0,,,N,0930
US1TXAG0001,20230522,SNOW,0,,,N,0930
US1TXAG0001,20230523,SNOW,0,,,N,0930
US1TXAG0001,20230524,SNOW,0,,,N,0930
US1TXAG0001,20230525,SNOW,0,,,N,0930
US1TXAG0001,20230526,SNOW,0,,,N,0930
US1TXAG0001,20230527,SNOW,0,,,N,0930
US1TXAG0001,20230528,SNOW,0,,,N,0930
US1TXAG0001,20230529,SNOW,0,,,N,0930
US1TXAG0001,20230601,PRCP,0,,,N,0930
US1TXAG0001,20230602,PRCP,0,,,N,0930
US1TXAG0001,20230603,PRCP,0,,,N,0930
US1TXAG0001,20230604,PRCP,33,,,N,0800
US1TXAG0001,20230605,PRCP,0,,,N,0930
US1TXAG0001,20230606,PRCP,132,,,N,0800
US1TXAG0001,20230607,PRCP,0,,,N,0930
US1TXAG0001,20230608,PRCP,13,,,N,0800
US1TXAG0001,20230609,PRCP,23,,,N,0800
US1TXAG0001,20230610,PRCP,0,T,,N,0800
US1TXAG0001,20230611,PRCP,201,,,N,0800
US1TXAG0001,20230612,PRCP,0,,,N,0930
US1TXAG0001,20230613,PRCP,0,,,N,0930
US1TXAG0001,20230614,PRCP,0,,,N,0930
US1TXAG0001,20230615,PRCP,0,,,N,0930
US1TXAG0001,20230616,PRCP,0,,,N,0930
US1TXAG0001,20230617,PRCP,0,,,N,0930
US1TXAG0001,20230618,PRCP,0,,,N,0930
US1TXAG0001,20230619,PRCP,0,,,N,0930
US1TXAG0001,20230620,PRCP,0,,,N,0930
US1TXAG0001,20230621,PRCP,20,,,N,0800
US1TXAG0001,20230622,PRCP,0,T,,N,0800
US1TXAG0001,20230623,PRCP,5,,,N,0800
US1TXAG0001,20230624,PRCP,0,,,N,0930
US1TXAG0001,20230625,PRCP,0,,,N,0930
US1TXAG0001,20230626,PRCP,0,,,N,0930
US1TXAG0001,20230627,PRCP,0,,,N,0930
US1TXAG0001,20230628,PRCP,0,,,N,0930
US1TXAG0001,20230629,PRCP,0,,,N,0930
US1TXAG0001,20230630,PRCP,0,,,N,0930
US1TXAG0001,20230601,SNOW,0,,,N,0930
US1TXAG0001,20230602,SNOW,0,,,N,0930
US1TXAG0001,20230603,SNOW,0,,,N,0930
US1TXAG0001,20230605,SNOW,0,,,N,0930
US1TXAG0001,20230607,SNOW,0,,,N,0930
US1TXAG0001,20230612,SNOW,0,,,N,0930
US1TXAG0001,20230613,SNOW,0,,,N,0930
US1TXAG0001,20230614,SNOW,0,,,N,0930
US1TXAG0001,20230615,SNOW,0,,,N,0930
US1TXAG0001,20230616,SNOW,0,,,N,0930
US1TXAG0001,20230617,SNOW,0,,,N,0930
US1TXAG0001,20230618,SNOW,0,,,N,0930
US1TXAG0001,20230619,SNOW,0,,,N,0930
US1TXAG0001,20230620,SNOW,0,,,N,0930
US1TXAG0001,20230624,SNOW,0,,,N,0930
US1TXAG0001,20230625,SNOW,0,,,N,0930
US1TXAG0001,20230626,SNOW,0,,,N,0930
US1TXAG0001,20230627,SNOW,0,,,N,0930
US1TXAG0001,20230628,SNOW,0,,,N,0930
US1TXAG0001,20230629,SNOW,0,,,N,0930
US1TXAG0001,20230630,SNOW,0,,,N,0930
US1TXAG0001,20230701,PRCP,0,,,N,0930
US1TXAG0001,20230702,PRCP,0,,,N,0930
US1TXAG0001,20230703,PRCP,0,,,N,0930
US1TXAG0001,20230704,PRCP,0,,,N,0930
US1TXAG0001,20230705,PRCP,0,,,N,0930
US1TXAG0001,20230706,PRCP,0,,,N,0930
US1TXAG0001,20230707,PRCP,79,,,N,0800
US1TXAG0001,20230708,PRCP,0,,,N,0930
US1TXAG0001,20230709,PRCP,0,,,N,0930
US1TXAG0001,20230710,PRCP,0,,,N,0930
US1TXAG0001,20230711,PRCP,0,,,N,0930
US1TXAG0001,20230712,PRCP,0,,,N,0930
US1TXAG0001,20230713,PRCP,0,,,N,0930
US1TXAG0001,20230714,PRCP,0,,,N,0930
US1TXAG0001,20230715,PRCP,0,,,N,0930
US1TXAG0001,20230716,PRCP,0,,,N,0930
US1TXAG0001,20230717,PRCP,8,,,N,0800
US1TXAG0001,20230718,PRCP,0,,,N,0930
US1TXAG0001,20230719,PRCP,0,,,N,0930
US1TXAG0001,20230720,PRCP,0,,,N,0930
US1TXAG0001,20230721,PRCP,0,,,N,0930
US1TXAG0001,20230722,PRCP,0,,,N,0930
US1TXAG0001,20230723,PRCP,0,,,N,0930
US1TXAG0001,20230724,PRCP,0,,,N,0930
US1TXAG0001,20230725,PRCP,0,,,N,0930
US1TXAG0001,20230726,PRCP,0,,,N,0930
US1TXAG0001,20230727,PRCP,0,,,N,0930
US1TXAG0001,20230728,PRCP,0,,,N,0930
US1TXAG0001,20230729,PRCP,0,,,N,0930
US1TXAG0001,20230730,PRCP,0,,,N,0930
US1TXAG0001,20230731,PRCP,0,,,N,0930
US1TXAG0001,20230701,SNOW,0,,,N,0930
US1TXAG0001,20230702,SNOW,0,,,N,0930
US1TXAG0001,20230703,SNOW,0,,,N,0930
US1TXAG0001,20230704,SNOW,0,,,N,0930
US1TXAG0001,20230705,SNOW,0,,,N,0930
US1TXAG0001,20230706,SNOW,0,,,N,0930
US1TXAG0001,20230708,SNOW,0,,,N,0930
US1TXAG0001,20230709,SNOW,0,,,N,0930
US1TXAG0001,20230710,SNOW,0,,,N,0930
US1TXAG0001,20230711,SNOW,0,,,N,0930
US1TXAG0001,20230712,SNOW,0,,,N,0930
US1TXAG0001,20230713,SNOW,0,,,N,0930
US1TXAG0001,20230714,SNOW,0,,,N,0930
US1TXAG0001,20230715,SNOW,0,,,N,0930
US1TXAG0001,20230716,SNOW,0,,,N,0930
US1TXAG0001,20230718,SNOW,0,,,N,0930
US1TXAG0001,20230719,SNOW,0,,,N,0930
US1TXAG0001,20230720,SNOW,0,,,N,0930
US1TXAG0001,20230721,SNOW,0,,,N,0930
US1TXAG0001,20230722,SNOW,0,,,N,0930
US1TXAG0001,20230723,SNOW,0,,,N,0930
US1TXAG0001,20230724,SNOW,0,,,N,0930
US1TXAG0001,20230725,SNOW,0,,,N,0930
US1TXAG0001,20230726,SNOW,0,,,N,0930
US1TXAG0001,20230727,SNOW,0,,,N,0930
US1TXAG0001,20230728,SNOW,0,,,N,0930
US1TXAG0001,20230729,SNOW,0,,,N,0930
US1TXAG0001,20230730,SNOW,0,,,N,0930
US1TXAG0001,20230731,SNOW,0,,,N,0930
US1TXAG0001,20230801,PRCP,0,,,N,0930
US1TXAG0001,20230802,PRCP,0,,,N,0930
US1TXAG0001,20230803,PRCP,0,,,N,0930
US1TXAG0001,20230804,PRCP,0,,,N,0930
US1TXAG0001,20230805,PRCP,0,,,N,0930
US1TXAG0001,20230806,PRCP,0,,,N,0930
US1TXAG0001,20230807,PRCP,0,,,N,0930
US1TXAG0001,20230808,PRCP,0,,,N,0930
US1TXAG0001,20230809,PRCP,0,,,N,0930
US1TXAG0001,20230810,PRCP,0,,,N,0930
US1TXAG0001,20230811,PRCP,0,,,N,0930
US1TXAG0001,20230812,PRCP,0,,,N,0930
US1TXAG0001,20230813,PRCP,0,,,N,0930
US1TXAG0001,20230814,PRCP,0,,,N,0930
US1TXAG0001,20230815,PRCP,0,,,N,0930
US1TXAG0001,20230816,PRCP,0,,,N,0930
US1TXAG0001,20230817,PRCP,0,,,N,0930
US1TXAG0001,20230818,PRCP,0,,,N,0930
US1TXAG0001,20230819,PRCP,0,,,N,0930
US1TXAG0001,20230820,PRCP,0,,,N,0930
US1TXAG0001,20230821,PRCP,0,,,N,0930
US1TXAG0001,20230822,PRCP,0,,,N,0930
US1TXAG0001,20230823,PRCP,0,,,N,0930
US1TXAG0001,20230824,PRCP,0,,,N,0930
US1TXAG0001,20230825,PRCP,0,,,N,0930
US1TXAG0001,20230826,PRCP,0,,,N,0930
US1TXAG0001,20230827,PRCP,0,,,N,0930
US1TXAG0001,20230828,PRCP,64,,,N,0730
US1TXAG0001,20230829,PRCP,0,,,N,0930
US1TXAG0001,20230830,PRCP,0,,,N,0930
US1TXAG0001,20230831,PRCP,0,,,N,0930
US1TXAG0001,20230801,SNOW,0,,,N,0930
US1TXAG0001,20230802,SNOW,0,,,N,0930
US1TXAG0001,20230803,SNOW,0,,,N,0930
US1TXAG0001,20230804,SNOW,0,,,N,0930
US1TXAG0001,20230805,SNOW,0,,,N,0930
US1TXAG0001,20230806,SNOW,0,,,N,0930
US1TXAG0001,20230807,SNOW,0,,,N,0930
US1TXAG0001,20230808,SNOW,0,,,N,0930
US1TXAG0001,20230809,SNOW,0,,,N,0930
US1TXAG0001,20230810,SNOW,0,,,N,0930
US1TXAG0001,20230811,SNOW,0,,,N,0930
US1TXAG0001,20230812,SNOW,0,,,N,0930
US1TXAG0001,20230813,SNOW,0,,,N,0930
US1TXAG0001,20230814,SNOW,0,,,N,0930
US1TXAG0001,20230815,SNOW,0,,,N,0930
US1TXAG0001,20230816,SNOW,0,,,N,0930
US1TXAG0001,20230817,SNOW,0,,,N,0930
US1TXAG0001,20230818,SNOW,0,,,N,0930
US1TXAG0001,20230819,SNOW,0,,,N,0930
US1TXAG0001,20230820,SNOW,0,,,N,0930
US1TXAG0001,20230821,SNOW,0,,,N,0930
US1TXAG0001,20230822,SNOW,0,,,N,0930
US1TXAG0001,20230823,SNOW,0,,,N,0930
US1TXAG0001,20230824,SNOW,0,,,N,0930
US1TXAG0001,20230825,SNOW,0,,,N,0930
US1TXAG0001,20230826,SNOW,0,,,N,0930
US1TXAG0001,20230827,SNOW,0,,,N,0930
US1TXAG0001,20230829,SNOW,0,,,N,0930
US1TXAG0001,20230830,SNOW,0,,,N,0930
US1TXAG0001,20230831,SNOW,0,,,N,0930
US1TXAG0001,20230901,PRCP,0,,,N,0930
US1TXAG0001,20230902,PRCP,0,,,N,0930
US1TXAG0001,20230903,PRCP,0,,,N,0930
US1TXAG0001,20230904,PRCP,0,,,N,0930
US1TXAG0001,20230905,PRCP,36,,,N,0800
US1TXAG0001,20230906,PRCP,0,,,N,0930
US1TXAG0001,20230907,PRCP,0,,,N,0930
US1TXAG0001,20230908,PRCP,0,,,N,0930
US1TXAG0001,20230909,PRCP,170,,,N,0800
US1TXAG0001,20230910,PRCP,0,,,N,0930
US1TXAG0001,20230911,PRCP,0,,,N,0930
US1TXAG0001,20230912,PRCP,0,,,N,0930
US1TXAG0001,20230913,PRCP,0,,,N,0930
US1TXAG0001,20230914,PRCP,0,,,N,0930
US1TXAG0001,20230915,PRCP,554,,,N,0730
US1TXAG0001,20230916,PRCP,173,,,N,0800
US1TXAG0001,20230917,PRCP,0,,,N,0930
US1TXAG0001,20230918,PRCP,0,,,N,0930
US1TXAG0001,20230919,PRCP,0,,,N,0930
US1TXAG0001,20230920,PRCP,0,,,N,0930
US1TXAG0001,20230921,PRCP,0,,,N,0930
US1TXAG0001,20230922,PRCP,0,,,N,0930
US1TXAG0001,20230923,PRCP,132,,,N,0800
US1TXAG0001,20230924,PRCP,0,,,N,0930
US1TXAG0001,20230925,PRCP,638,,,N,0745
US1TXAG0001,20230926,PRCP,0,,,N,0930
US1TXAG0001,20230927,PRCP,0,,,N,0930
US1TXAG0001,20230928,PRCP,0,,,N,0930
US1TXAG0001,20230929,PRCP,0,,,N,0930
US1TXAG0001,20230930,PRCP,0,,,N,0930
US1TXAG0001,20230901,SNOW,0,,,N,0930
US1TXAG0001,20230902,SNOW,0,,,N,0930
US1TXAG0001,20230903,SNOW,0,,,N,0930
US1TXAG0001,20230904,SNOW,0,,,N,0930
US1TXAG0001,20230906,SNOW,0,,,N,0930
US1TXAG0001,20230907,SNOW,0,,,N,0930
US1TXAG0001,20230908,SNOW,0,,,N,0930
US1TXAG0001,20230910,SNOW,0,,,N,0930
US1TXAG0001,20230911,SNOW,0,,,N,0930
US1TXAG0001,20230912,SNOW,0,,,N,0930
US1TXAG0001,20230913,SNOW,0,,,N,0930
US1TXAG0001,20230914,SNOW,0,,,N,0930
US1TXAG0001,20230917,SNOW,0,,,N,0930
US1TXAG0001,20230918,SNOW,0,,,N,0930
US1TXAG0001,20230919,SNOW,0,,,N,0930
US1TXAG0001,20230920,SNOW,0,,,N,0930
US1TXAG0001,20230921,SNOW,0,,,N,0930
US1TXAG0001,20230922,SNOW,0,,,N,0930
US1TXAG0001,20230924,SNOW,0,,,N,0930
US1TXAG0001,20230926,SNOW,0,,,N,0930
US1TXAG0001,20230927,SNOW,0,,,N,0930
US1TXAG0001,20230928,SNOW,0,,,N,0930
US1TXAG0001,20230929,SNOW,0,,,N,0930
US1TXAG0001,20230930,SNOW,0,,,N,0930
US1TXAG0001,20231001,PRCP,0,,,N,0930
US1TXAG0001,20231002,PRCP,0,,,N,0930
US1TXAG0001,20231003,PRCP,0,,,N,0930
US1TXAG0001,20231004,PRCP,18,,,N,0800
US1TXAG0001,20231005,PRCP,384,,,N,0805
US1TXAG0001,20231006,PRCP,10,,,N,0800
US1TXAG0001,20231007,PRCP,0,,,N,0930
US1TXAG0001,20231008,PRCP,0,,,N,0930
US1TXAG0001,20231009,PRCP,0,,,N,0930
US1TXAG0001,20231010,PRCP,0,,,N,0930
US1TXAG0001,20231011,PRCP,28,,,N,0800
US1TXAG0001,20231012,PRCP,8,,,N,0800
US1TXAG0001,20231013,PRCP,0,,,N,0930
US1TXAG0001,20231014,PRCP,0,,,N,0930
US1TXAG0001,20231015,PRCP,0,,,N,0930
US1TXAG0001,20231016,PRCP,0,,,N,0930
US1TXAG0001,20231017,PRCP,0,,,N,0930
US1TXAG0001,20231018,PRCP,0,,,N,0930
US1TXAG0001,20231019,PRCP,0,,,N,0930
US1TXAG0001,20231020,PRCP,0,,,N,0930
US1TXAG0001,20231021,PRCP,0,,,N,0930
US1TXAG0001,20231022,PRCP,0,,,N,0930
US1TXAG0001,20231023,PRCP,0,,,N,0930
US1TXAG0001,20231024,PRCP,43,,,N,0800
US1TXAG0001,20231025,PRCP,0,,,N,0930
US1TXAG0001,20231026,PRCP,0,,,N,0930
US1TXAG0001,20231027,PRCP,724,,,N,0800
US1TXAG0001,20231028,PRCP,0,,,N,0930
US1TXAG0001,20231029,PRCP,0,,,N,0930
US1TXAG0001,20231030,PRCP,41,,,N,0715
US1TXAG0001,20231031,PRCP,122,,,N,0800
US1TXAG0001,20231001,SNOW,0,,,N,0930
US1TXAG0001,20231002,SNOW,0,,,N,0930
US1TXAG0001,20231003,SNOW,0,,,N,0930
US1TXAG0001,20231007,SNOW,0,,,N,0930
US1TXAG0001,20231008,SNOW,0,,,N,0930
US1TXAG0001,20231009,SNOW,0,,,N,0930
US1TXAG0001,20231010,SNOW,0,,,N,0930
US1TXAG0001,20231013,SNOW,0,,,N,0930
US1TXAG0001,20231014,SNOW,0,,,N,0930
US1TXAG0001,20231015,SNOW,0,,,N,0930
US1TXAG0001,20231016,SNOW,0,,,N,0930
US1TXAG0001,20231017,SNOW,0,,,N,0930
US1TXAG0001,20231018,SNOW,0,,,N,0930
US1TXAG0001,20231019,SNOW,0,,,N,0930
US1TXAG0001,20231020,SNOW,0,,,N,0930
US1TXAG0001,20231021,SNOW,0,,,N,0930
US1TXAG0001,20231022,SNOW,0,,,N,0930
US1TXAG0001,20231023,SNOW,0,,,N,0930
US1TXAG0001,20231025,SNOW,0,,,N,0930
US1TXAG0001,20231026,SNOW,0,,,N,0930
US1TXAG0001,20231028,SNOW,0,,,N,0930
US1TXAG0001,20231029,SNOW,0,,,N,0930
US1TXAG0001,20231101,PRCP,0,,,N,0930
US1TXAG0001,20231102,PRCP,0,,,N,0930
US1TXAG0001,20231103,PRCP,0,,,N,0930
US1TXAG0001,20231104,PRCP,0,,,N,0930
US1TXAG0001,20231105,PRCP,0,,,N,0930
US1TXAG0001,20231106,PRCP,0,,,N,0930
US1TXAG0001,20231107,PRCP,0,,,N,0930
US1TXAG0001,20231108,PRCP,0,,,N,0930
US1TXAG0001,20231109,PRCP,0,,,N,0930
US1TXAG0001,20231110,PRCP,259,,,N,0800
US1TXAG0001,20231111,PRCP,33,,,N,0800
US1TXAG0001,20231112,PRCP,0,T,,N,0800
US1TXAG0001,20231113,PRCP,25,,,N,0800
US1TXAG0001,20231114,PRCP,0,,,N,0930
US1TXAG0001,20231115,PRCP,0,,,N,0930
US1TXAG0001,20231116,PRCP,0,,,N,0930
US1TXAG0001,20231117,PRCP,0,,,N,0930
US1TXAG0001,20231118,PRCP,0,,,N,0930
US1TXAG0001,20231119,PRCP,0,,,N,0930
US1TXAG0001,20231120,PRCP,0,,,N,0930
US1TXAG0001,20231121,PRCP,203,,,N,0800
US1TXAG0001,20231122,PRCP,0,,,N,0930
US1TXAG0001,20231123,PRCP,0,,,N,0930
US1TXAG0001,20231124,PRCP,5,,,N,0800
US1TXAG0001,20231125,PRCP,0,,,N,0930
US1TXAG0001,20231126,PRCP,20,,,N,0900
US1TXAG0001,20231127,PRCP,0,,,N,0930
US1TXAG0001,20231128,PRCP,0,,,N,0930
US1TXAG0001,20231129,PRCP,0,,,N,0930
US1TXAG0001,20231130,PRCP,61,,,N,0815
US1TXAG0001,20231101,SNOW,0,,,N,0930
US1TXAG0001,20231102,SNOW,0,,,N,0930
US1TXAG0001,20231103,SNOW,0,,,N,0930
US1TXAG0001,20231104,SNOW,0,,,N,0930
US1TXAG0001,20231105,SNOW,0,,,N,0930
US1TXAG0001,20231106,SNOW,0,,,N,0930
US1TXAG0001,20231107,SNOW,0,,,N,0930
US1TXAG0001,20231108,SNOW,0,,,N,0930
US1TXAG0001,20231109,SNOW,0,,,N,0930
US1TXAG0001,20231114,SNOW,0,,,N,0930
US1TXAG0001,20231115,SNOW,0,,,N,0930
US1TXAG0001,20231116,SNOW,0,,,N,0930
US1TXAG0001,20231117,SNOW,0,,,N,0930
US1TXAG0001,20231118,SNOW,0,,,N,0930
US1TXAG0001,20231119,SNOW,0,,,N,0930
US1TXAG0001,20231120,SNOW,0,,,N,0930
US1TXAG0001,20231122,SNOW,0,,,N,0930
US1TXAG0001,20231123,SNOW,0,,,N,0930
US1TXAG0001,20231125,SNOW,0,,,N,0930
US1TXAG0001,20231127,SNOW,0,,,N,0930
US1TXAG0001,20231128,SNOW,0,,,N,0930
US1TXAG0001,20231129,SNOW,0,,,N,0930
US1TXAG0001,20231201,PRCP,79,,,N,0800
US1TXAG0001,20231202,PRCP,0,,,N,0930
US1TXAG0001,20231203,PRCP,0,,,N,0930
US1TXAG0001,20231204,PRCP,0,,,N,0930
US1TXAG0001,20231205,PRCP,0,,,N,0930
US1TXAG0001,20231206,PRCP,0,,,N,0930
US1TXAG0001,20231207,PRCP,0,,,N,0930
US1TXAG0001,20231208,PRCP,0,,,N,0930
US1TXAG0001,20231209,PRCP,0,,,N,0930
US1TXAG0001,20231210,PRCP,0,,,N,0930
US1TXAG0001,20231211,PRCP,0,,,N,0930
US1TXAG0001,20231212,PRCP,0,,,N,0930
US1TXAG0001,20231213,PRCP,0,,,N,0930
US1TXAG0001,20231214,PRCP,0,,,N,0930
US1TXAG0001,20231215,PRCP,0,,,N,0930
US1TXAG0001,20231216,PRCP,386,,,N,0800
US1TXAG0001,20231217,PRCP,0,,,N,0930
US1TXAG0001,20231218,PRCP,0,,,N,0930
US1TXAG0001,20231219,PRCP,0,,,N,0930
US1TXAG0001,20231220,PRCP,0,,,N,0930
US1TXAG0001,20231221,PRCP,0,,,N,0930
US1TXAG0001,20231222,PRCP,0,,,N,0930
US1TXAG0001,20231223,PRCP,8,,,N,0800
US1TXAG0001,20231224,PRCP,89,,,N,0830
US1TXAG0001,20231225,PRCP,79,,,N,0800
US1TXAG0001,20231226,PRCP,0,,,N,0930
US1TXAG0001,20231227,PRCP,0,,,N,0930
US1TXAG0001,20231228,PRCP,0,,,N,0930
US1TXAG0001,20231229,PRCP,0,,,N,0930
US1TXAG0001,20231230,PRCP,0,,,N,0930
US1TXAG0001,20231231,PRCP,0,,,N,0930
US1TXAG0001,20231202,SNOW,0,,,N,0930
US1TXAG0001,20231203,SNOW,0,,,N,0930
US1TXAG0001,20231204,SNOW,0,,,N,0930
US1TXAG0001,20231205,SNOW,0,,,N,0930
US1TXAG0001,20231206,SNOW,0,,,N,0930
US1TXAG0001,20231207,SNOW,0,,,N,0930
US1TXAG0001,20231208,SNOW,0,,,N,0930
US1TXAG0001,20231209,SNOW,0,,,N,0930
US1TXAG0001,20231210,SNOW,0,,,N,0930
US1TXAG0001,20231211,SNOW,0,,,N,0930
US1TXAG0001,20231212,SNOW,0,,,N,0930
US1TXAG0001,20231213,SNOW,0,,,N,0930
US1TXAG0001,20231214,SNOW,0,,,N,0930
US1TXAG0001,20231215,SNOW,0,,,N,0930
US1TXAG0001,20231217,SNOW,0,,,N,0930
US1TXAG0001,20231218,SNOW,0,,,N,0930
US1TXAG0001,20231219,SNOW,0,,,N,0930
US1TXAG0001,20231220,SNOW,0,,,N,0930
US1TXAG0001,20231221,SNOW,0,,,N,0930
US1TXAG0001,20231222,SNOW,0,,,N,0930
US1TXAG0001,20231226,SNOW,0,,,N,0930
US1TXAG0001,20231227,SNOW,0,,,N,0930
US1TXAG0001,20231228,SNOW,0,,,N,0930
US1TXAG0001,20231229,SNOW,0,,,N,0930
US1TXAG0001,20231230,SNOW,0,,,N,0930
US1TXAG0001,20231231,SNOW,0,,,N,0930
US1TXAG0001,20240101,PRCP,0,,,N,0930
US1TXAG0001,20240102,PRCP,0,,,N,0930
US1TXAG0001,20240103,PRCP,198,,,N,0800
US1TXAG0001,20240104,PRCP,0,,,N,0930
US1TXAG0001,20240107,PRCP,0,,,N,0930
US1TXAG0001,20240108,PRCP,0,,,N,0930
US1TXAG0001,20240109,PRCP,429,,,N,0800
US1TXAG0001,20240110,PRCP,0,,,N,0930
US1TXAG0001,20240111,PRCP,0,,,N,0930
US1TXAG0001,20240112,PRCP,18,,,N,0800
US1TXAG0001,20240113,PRCP,0,,,N,0930
US1TXAG0001,20240114,PRCP,0,,,N,0930
US1TXAG0001,20240115,PRCP,0,,,N,0930
US1TXAG0001,20240116,PRCP,0,,,N,0930
US1TXAG0001,20240117,PRCP,0,,,N,0930
US1TXAG0001,20240118,PRCP,0,,,N,0930
US1TXAG0001,20240119,PRCP,0,,,N,0930
US1TXAG0001,20240120,PRCP,0,,,N,0930
US1TXAG0001,20240121,PRCP,0,,,N,0930
US1TXAG0001,20240122,PRCP,173,,,N,0730
US1TXAG0001,20240123,PRCP,767,,,N,0800
US1TXAG0001,20240124,PRCP,945,,,N,0800
US1TXAG0001,20240125,PRCP,452,,,N,0800
US1TXAG0001,20240126,PRCP,3,,,N,0800
US1TXAG0001,20240127,PRCP,71,,,N,0900
US1TXAG0001,20240128,PRCP,0,,,N,0930
US1TXAG0001,20240129,PRCP,0,,,N,0930
US1TXAG0001,20240130,PRCP,0,,,N,0930
US1TXAG0001,20240131,PRCP,0,,,N,0930
US1TXAG0001,20240101,SNOW,0,,,N,0930
US1TXAG0001,20240102,SNOW,0,,,N,0930
US1TXAG0001,20240103,SNOW,0,,,N,0800
US1TXAG0001,20240104,SNOW,0,,,N,0930
US1TXAG0001,20240107,SNOW,0,,,N,0930
US1TXAG0001,20240108,SNOW,0,,,N,0930
US1TXAG0001,20240110,SNOW,0,,,N,0930
US1TXAG0001,20240111,SNOW,0,,,N,0930
US1TXAG0001,20240113,SNOW,0,,,N,0930
US1TXAG0001,20240114,SNOW,0,,,N,0930
US1TXAG0001,20240115,SNOW,0,,,N,0930
US1TXAG0001,20240116,SNOW,0,,,N,0930
US1TXAG0001,20240117,SNOW,0,,,N,0930
US1TXAG0001,20240118,SNOW,0,,,N,0930
US1TXAG0001,20240119,SNOW,0,,,N,0930
US1TXAG0001,20240120,SNOW,0,,,N,0930
US1TXAG0001,20240121,SNOW,0,,,N,0930
US1TXAG0001,20240128,SNOW,0,,,N,0930
US1TXAG0001,20240129,SNOW,0,,,N,0930
US1TXAG0001,20240130,SNOW,0,,,N,0930
US1TXAG0001,20240131,SNOW,0,,,N,0930
US1TXAG0001,20240106,DAPR,2,,,N,0800
US1TXAG0001,20240106,MDPR,323,,,N,0800
US1TXAG0001,20240201,PRCP,0,,,N,0930
US1TXAG0001,20240202,PRCP,0,,,N,0930
US1TXAG0001,20240203,PRCP,465,,,N,0800
US1TXAG0001,20240204,PRCP,3,,,N,0800
US1TXAG0001,20240205,PRCP,0,,,N,0930
US1TXAG0001,20240206,PRCP,0,,,N,0930
US1TXAG0001,20240207,PRCP,0,,,N,0930
US1TXAG0001,20240208,PRCP,0,,,N,0930
US1TXAG0001,20240209,PRCP,3,,,N,0800
US1TXAG0001,20240210,PRCP,5,,,N,0800
US1TXAG0001,20240211,PRCP,671,,,N,0800
US1TXAG0001,20240212,PRCP,132,,,N,0800
US1TXAG0001,20240213,PRCP,0,,,N,0930
US1TXAG0001,20240214,PRCP,0,,,N,0930
US1TXAG0001,20240215,PRCP,0,,,N,0930
US1TXAG0001,20240216,PRCP,0,,,N,0930
US1TXAG0001,20240217,PRCP,0,,,N,0930
US1TXAG0001,20240218,PRCP,0,,,N,0930
US1TXAG0001,20240219,PRCP,0,,,N,0930
US1TXAG0001,20240220,PRCP,0,,,N,0930
US1TXAG0001,20240221,PRCP,0,,,N,0930
US1TXAG0001,20240222,PRCP,0,,,N,0930
US1TXAG0001,20240223,PRCP,0,,,N,0930
US1TXAG0001,20240224,PRCP,0,,,N,0930
US1TXAG0001,20240225,PRCP,0,,,N,0930
US1TXAG0001,20240226,PRCP,0,,,N,0930
US1TXAG0001,20240227,PRCP,0,,,N,0930
US1TXAG0001,20240228,PRCP,0,,,N,0930
US1TXAG0001,20240229,PRCP,0,,,N,0930
US1TXAG0001,20240201,SNOW,0,,,N,0930
US1TXAG0001,20240202,SNOW,0,,,N,0930
US1TXAG0001,20240205,SNOW,0,,,N,0930
US1TXAG0001,20240206,SNOW,0,,,N,0930
US1TXAG0001,20240207,SNOW,0,,,N,0930
US1TXAG0001,20240208,SNOW,0,,,N,0930
US1TXAG0001,20240213,SNOW,0,,,N,0930
US1TXAG0001,20240214,SNOW,0,,,N,0930
US1TXAG0001,20240215,SNOW,0,,,N,0930
US1TXAG0001,20240216,SNOW,0,,,N,0930
US1TXAG0001,20240217,SNOW,0,,,N,0930
US1TXAG0001,20240218,SNOW,0,,,N,0930
US1TXAG0001,20240219,SNOW,0,,,N,0930
US1TXAG0001,20240220,SNOW,0,,,N,0930
US1TXAG0001,20240221,SNOW,0,,,N,0930
US1TXAG0001,20240222,SNOW,0,,,N,0930
US1TXAG0001,20240223,SNOW,0,,,N,0930
US1TXAG0001,20240224,SNOW,0,,,N,0930
US1TXAG0001,20240225,SNOW,0,,,N,0930
US1TXAG0001,20240226,SNOW,0,,,N,0930
US1TXAG0001,20240227,SNOW,0,,,N,0930
US1TXAG0001,20240228,SNOW,0,,,N,0930
US1TXAG0001,20240229,SNOW,0,,,N,0930
US1TXAG0001,20240301,PRCP,0,,,N,0930
US1TXAG0001,20240302,PRCP,0,,,N,0930
US1TXAG0001,20240303,PRCP,0,,,N,0930
US1TXAG0001,20240304,PRCP,0,,,N,0930
US1TXAG0001,20240305,PRCP,208,,,N,0745
US1TXAG0001,20240306,PRCP,0,,,N,0930
US1TXAG0001,20240307,PRCP,5,,,N,0800
US1TXAG0001,20240308,PRCP,15,,,N,0800
US1TXAG0001,20240309,PRCP,33,,,N,0800
US1TXAG0001,20240310,PRCP,0,,,N,0930
US1TXAG0001,20240311,PRCP,0,,,N,0930
US1TXAG0001,20240312,PRCP,0,,,N,0930
US1TXAG0001,20240313,PRCP,0,,,N,0930
US1TXAG0001,20240314,PRCP,0,,,N,0930
US1TXAG0001,20240315,PRCP,5,,,N,0800
US1TXAG0001,20240316,PRCP,127,,,N,0800
US1TXAG0001,20240317,PRCP,373,,,N,0800
US1TXAG0001,20240318,PRCP,0,,,N,0930
US1TXAG0001,20240319,PRCP,0,,,N,0930
US1TXAG0001,20240320,PRCP,0,,,N,0930
US1TXAG0001,20240321,PRCP,8,,,N,0800
US1TXAG0001,20240322,PRCP,376,,,N,0800
US1TXAG0001,20240323,PRCP,5,,,N,0800
US1TXAG0001,20240324,PRCP,0,,,N,0930
US1TXAG0001,20240325,PRCP,61,,,N,0800
US1TXAG0001,20240326,PRCP,117,,,N,0800
US1TXAG0001,20240327,PRCP,0,,,N,0930
US1TXAG0001,20240328,PRCP,0,,,N,0930
US1TXAG0001,20240329,PRCP,0,,,N,0930
US1TXAG0001,20240330,PRCP,0,,,N,0930
US1TXAG0001,20240331,PRCP,0,,,N,0930
US1TXAG0001,20240301,SNOW,0,,,N,0930
US1TXAG0001,20240302,SNOW,0,,,N,0930
US1TXAG0001,20240303,SNOW,0,,,N,0930
US1TXAG0001,20240304,SNOW,0,,,N,0930
US1TXAG0001,20240306,SNOW,0,,,N,0930
US1TXAG0001,20240310,SNOW,0,,,N,0930
US1TXAG0001,20240311,SNOW,0,,,N,0930
US1TXAG0001,20240312,SNOW,0,,,N,0930
US1TXAG0001,20240313,SNOW,0,,,N,0930
US1TXAG0001,20240314,SNOW,0,,,N,0930
US1TXAG0001,20240318,SNOW,0,,,N,0930
US1TXAG0001,20240319,SNOW,0,,,N,0930
US1TXAG0001,20240320,SNOW,0,,,N,0930
US1TXAG0001,20240324,SNOW,0,,,N,0930
US1TXAG0001,20240327,SNOW,0,,,N,0930
US1TXAG0001,20240328,SNOW,0,,,N,0930
US1TXAG0001,20240329,SNOW,0,,,N,0930
US1TXAG0001,20240330,SNOW,0,,,N,0930
US1TXAG0001,20240331,SNOW,0,,,N,0930
US1TXAG0001,20240401,PRCP,0,,,N,0930
US1TXAG0001,20240402,PRCP,0,,,N,0930
US1TXAG0001,20240403,PRCP,0,,,N,0930
US1TXAG0001,20240404,PRCP,0,,,N,0930
US1TXAG0001,20240405,PRCP,0,,,N,0930
US1TXAG0001,20240406,PRCP,0,,,N,0930
US1TXAG0001,20240407,PRCP,0,,,N,0930
US1TXAG0001,20240408,PRCP,0,,,N,0930
US1TXAG0001,20240409,PRCP,86,,,N,0800
US1TXAG0001,20240410,PRCP,389,,,N,0800
US1TXAG0001,20240411,PRCP,86,,,N,0800
US1TXAG0001,20240412,PRCP,0,,,N,0930
US1TXAG0001,20240413,PRCP,0,,,N,0930
US1TXAG0001,20240414,PRCP,0,,,N,0930
US1TXAG0001,20240415,PRCP,0,,,N,0930
US1TXAG0001,20240416,PRCP,0,,,N,0930
US1TXAG0001,20240417,PRCP,0,,,N,0930
US1TXAG0001,20240418,PRCP,0,,,N,0930
US1TXAG0001,20240419,PRCP,0,,,N,0930
US1TXAG0001,20240420,PRCP,0,,,N,0930
US1TXAG0001,20240421,PRCP,429,,,N,0800
US1TXAG0001,20240422,PRCP,0,,,N,0930
US1TXAG0001,20240423,PRCP,0,,,N,0930
US1TXAG0001,20240424,PRCP,0,,,N,0930
US1TXAG0001,20240425,PRCP,0,,,N,0930
US1TXAG0001,20240426,PRCP,0,,,N,0930
US1TXAG0001,20240427,PRCP,0,,,N,0930
US1TXAG0001,20240428,PRCP,0,,,N,0930
US1TXAG0001,20240429,PRCP,737,,,N,0800
US1TXAG0001,20240430,PRCP,0,,,N,0930
US1TXAG0001,20240401,SNOW,0,,,N,0930
US1TXAG0001,20240402,SNOW,0,,,N,0930
US1TXAG0001,20240403,SNOW,0,,,N,0930
US1TXAG0001,20240404,SNOW,0,,,N,0930
US1TXAG0001,20240405,SNOW,0,,,N,0930
US1TXAG0001,20240406,SNOW,0,,,N,0930
US1TXAG0001,20240407,SNOW,0,,,N,0930
US1TXAG0001,20240408,SNOW,0,,,N,0930
US1TXAG0001,20240412,SNOW,0,,,N,0930
US1TXAG0001,20240413,SNOW,0,,,N,0930
US1TXAG0001,20240414,SNOW,0,,,N,0930
US1TXAG0001,20240415,SNOW,0,,,N,0930
US1TXAG0001,20240416,SNOW,0,,,N,0930
US1TXAG0001,20240417,SNOW,0,,,N,0930
US1TXAG0001,20240418,SNOW,0,,,N,0930
US1TXAG0001,20240419,SNOW,0,,,N,0930
US1TXAG0001,20240420,SNOW,0,,,N,0930
US1TXAG0001,20240422,SNOW,0,,,N,0930
US1TXAG0001,20240423,SNOW,0,,,N,0930
US1TXAG0001,20240424,SNOW,0,,,N,0930
US1TXAG0001,20240425,SNOW,0,,,N,0930
US1TXAG0001,20240426,SNOW,0,,,N,0930
US1TXAG0001,20240427,SNOW,0,,,N,0930
US1TXAG0001,20240428,SNOW,0,,,N,0930
US1TXAG0001,20240430,SNOW,0,,,N,0930
US1TXAG0001,20240501,PRCP,0,,,N,0930
US1TXAG0001,20240502,PRCP,1001,,,N,0730
US1TXAG0001,20240503,PRCP,69,,,N,0800
US1TXAG0001,20240504,PRCP,0,,,N,0930
US1TXAG0001,20240505,PRCP,434,,,N,0800
US1TXAG0001,20240506,PRCP,25,,,N,0800
US1TXAG0001,20240507,PRCP,0,,,N,0930
US1TXAG0001,20240508,PRCP,0,,,N,0930
US1TXAG0001,20240509,PRCP,0,,,N,0930
US1TXAG0001,20240510,PRCP,10,,,N,0800
US1TXAG0001,20240511,PRCP,0,,,N,0930
US1TXAG0001,20240512,PRCP,71,,,N,0800
US1TXAG0001,20240513,PRCP,1242,,,N,0800
US1TXAG0001,20240514,PRCP,8,,,N,0800
US1TXAG0001,20240515,PRCP,0,,,N,0800
US1TXAG0001,20240516,PRCP,0,,,N,0930
US1TXAG0001,20240517,PRCP,406,,,N,0800
US1TXAG0001,20240518,PRCP,0,,,N,0930
US1TXAG0001,20240519,PRCP,0,,,N,0930
US1TXAG0001,20240520,PRCP,0,,,N,0930
US1TXAG0001,20240521,PRCP,0,,,N,0930
US1TXAG0001,20240522,PRCP,0,,,N,0930
US1TXAG0001,20240523,PRCP,13,,,N,0800
US1TXAG0001,20240524,PRCP,0,,,N,0930
US1TXAG0001,20240525,PRCP,0,,,N,0930
US1TXAG0001,20240526,PRCP,0,,,N,0930
US1TXAG0001,20240527,PRCP,0,,,N,0930
US1TXAG0001,20240528,PRCP,0,,,N,0930
US1TXAG0001,20240529,PRCP,84,,,N,0815
US1TXAG0001,20240530,PRCP,15,,,N,0800
US1TXAG0001,20240531,PRCP,404,,,N,0715
US1TXAG0001,20240501,SNOW,0,,,N,0930
US1TXAG0001,20240504,SNOW,0,,,N,0930
US1TXAG0001,20240507,SNOW,0,,,N,0930
US1TXAG0001,20240508,SNOW,0,,,N,0930
US1TXAG0001,20240509,SNOW,0,,,N,0930
US1TXAG0001,20240510,SNOW,0,,,N,0800
US1TXAG0001,20240511,SNOW,0,,,N,0930
US1TXAG0001,20240514,SNOW,0,,,N,0800
US1TXAG0001,20240515,SNOW,0,,,N,0800
US1TXAG0001,20240516,SNOW,0,,,N,0930
US1TXAG0001,20240518,SNOW,0,,,N,0930
US1TXAG0001,20240519,SNOW,0,,,N,0930
US1TXAG0001,20240520,SNOW,0,,,N,0930
US1TXAG0001,20240521,SNOW,0,,,N,0930
US1TXAG0001,20240522,SNOW,0,,,N,0930
US1TXAG0001,20240524,SNOW,0,,,N,0930
US1TXAG0001,20240525,SNOW,0,,,N,0930
US1TXAG0001,20240526,SNOW,0,,,N,0930
US1TXAG0001,20240527,SNOW,0,,,N,0930
US1TXAG0001,20240528,SNOW,0,,,N,0930
US1TXAG0001,20240601,PRCP,84,,,N,0800
US1TXAG0001,20240602,PRCP,25,,,N,0800
US1TXAG0001,20240603,PRCP,0,,,N,0930
US1TXAG0001,20240604,PRCP,0,,,N,0930
US1TXAG0001,20240605,PRCP,0,,,N,0930
US1TXAG0001,20240606,PRCP,0,,,N,0930
US1TXAG0001,20240607,PRCP,0,,,N,0930
US1TXAG0001,20240608,PRCP,0,,,N,0930
US1TXAG0001,20240609,PRCP,0,,,N,0930
US1TXAG0001,20240610,PRCP,0,,,N,0930
US1TXAG0001,20240611,PRCP,18,,,N,0800
US1TXAG0001,20240612,PRCP,15,,,N,0800
US1TXAG0001,20240613,PRCP,0,,,N,0930
US1TXAG0001,20240614,PRCP,0,,,N,0930
US1TXAG0001,20240615,PRCP,0,,,N,0930
US1TXAG0001,20240616,PRCP,0,,,N,0930
US1TXAG0001,20240617,PRCP,0,,,N,0930
US1TXAG0001,20240618,PRCP,48,,,N,0800
US1TXAG0001,20240619,PRCP,3,,,N,0930
US1TXAG0001,20240620,PRCP,0,,,N,0930
US1TXAG0001,20240621,PRCP,0,,,N,0930
US1TXAG0001,20240622,PRCP,0,,,N,0930
US1TXAG0001,20240623,PRCP,0,,,N,0930
US1TXAG0001,20240624,PRCP,0,,,N,0930
US1TXAG0001,20240625,PRCP,0,,,N,0930
US1TXAG0001,20240626,PRCP,0,,,N,0930
US1TXAG0001,20240627,PRCP,140,,,N,0800
US1TXAG0001,20240628,PRCP,56,,,N,0800
US1TXAG0001,20240629,PRCP,0,,,N,0930
US1TXAG0001,20240630,PRCP,0,,,N,0930
US1TXAG0001,20240603,SNOW,0,,,N,0930
US1TXAG0001,20240604,SNOW,0,,,N,0930
US1TXAG0001,20240605,SNOW,0,,,N,0930
US1TXAG0001,20240606,SNOW,0,,,N,0930
US1TXAG0001,20240607,SNOW,0,,,N,0930
US1TXAG0001,20240608,SNOW,0,,,N,0930
US1TXAG0001,20240609,SNOW,0,,,N,0930
US1TXAG0001,20240610,SNOW,0,,,N,0930
US1TXAG0001,20240613,SNOW,0,,,N,0930
US1TXAG0001,20240614,SNOW,0,,,N,0930
US1TXAG0001,20240615,SNOW,0,,,N,0930
US1TXAG0001,20240616,SNOW,0,,,N,0930
US1TXAG0001,20240617,SNOW,0,,,N,0930
US1TXAG0001,20240620,SNOW,0,,,N,0930
US1TXAG0001,20240621,SNOW,0,,,N,0930
US1TXAG0001,20240622,SNOW,0,,,N,0930
US1TXAG0001,20240623,SNOW,0,,,N,0930
US1TXAG0001,20240624,SNOW,0,,,N,0930
US1TXAG0001,20240625,SNOW,0,,,N,0930
US1TXAG0001,20240626,SNOW,0,,,N,0930
US1TXAG0001,20240629,SNOW,0,,,N,0930
US1TXAG0001,20240630,SNOW,0,,,N,0930
US1TXAG0001,20240701,PRCP,0,,,N,0800
US1TXAG0001,20240702,PRCP,48,,,N,0800
US1TXAG0001,20240703,PRCP,0,,,N,0930
US1TXAG0001,20240704,PRCP,0,,,N,0930
US1TXAG0001,20240705,PRCP,0,,,N,0930
US1TXAG0001,20240706,PRCP,0,,,N,0930
US1TXAG0001,20240707,PRCP,0,,,N,0930
US1TXAG0001,20240708,PRCP,145,,,N,0950
US1TXAG0001,20240709,PRCP,1092,,,N,0800
US1TXAG0001,20240710,PRCP,0,,,N,0800
US1TXAG0001,20240711,PRCP,0,,,N,0930
US1TXAG0001,20240712,PRCP,0,,,N,0930
US1TXAG0001,20240713,PRCP,0,,,N,0930
US1TXAG0001,20240714,PRCP,229,,,N,0740
US1TXAG0001,20240715,PRCP,0,,,N,0930
US1TXAG0001,20240716,PRCP,0,,,N,0930
US1TXAG0001,20240717,PRCP,0,,,N,0930
US1TXAG0001,20240718,PRCP,391,,,N,0800
US1TXAG0001,20240719,PRCP,107,,,N,0800
US1TXAG0001,20240720,PRCP,0,,,N,0930
US1TXAG0001,20240721,PRCP,0,,,N,0930
US1TXAG0001,20240722,PRCP,23,,,N,0800
US1TXAG0001,20240723,PRCP,71,,,N,0800
US1TXAG0001,20240724,PRCP,165,,,N,0800
US1TXAG0001,20240725,PRCP,10,,,N,0800
US1TXAG0001,20240726,PRCP,582,,,N,0745
US1TXAG0001,20240727,PRCP,66,,,N,0800
US1TXAG0001,20240728,PRCP,8,,,N,0800
US1TXAG0001,20240729,PRCP,0,,,N,0930
US1TXAG0001,20240730,PRCP,0,,,N,0930
US1TXAG0001,20240731,PRCP,0,,,N,0930
US1TXAG0001,20240701,SNOW,0,,,N,0800
US1TXAG0001,20240703,SNOW,0,,,N,0930
US1TXAG0001,20240704,SNOW,0,,,N,0930
US1TXAG0001,20240705,SNOW,0,,,N,0930
US1TXAG0001,20240706,SNOW,0,,,N,0930
US1TXAG0001,20240707,SNOW,0,,,N,0930
US1TXAG0001,20240710,SNOW,0,,,N,0800
US1TXAG0001,20240711,SNOW,0,,,N,0930
US1TXAG0001,20240712,SNOW,0,,,N,0930
US1TXAG0001,20240713,SNOW,0,,,N,0930
US1TXAG0001,20240715,SNOW,0,,,N,0930
US1TXAG0001,20240716,SNOW,0,,,N,0930
US1TXAG0001,20240717,SNOW,0,,,N,0930
US1TXAG0001,20240720,SNOW,0,,,N,0930
US1TXAG0001,20240721,SNOW,0,,,N,0930
US1TXAG0001,20240729,SNOW,0,,,N,0930
US1TXAG0001,20240730,SNOW,0,,,N,0930
US1TXAG0001,20240731,SNOW,0,,,N,0930
US1TXAG0001,20240801,PRCP,0,,,N,0930
US1TXAG0001,20240802,PRCP,0,,,N,0930
US1TXAG0001,20240803,PRCP,0,,,N,0930
US1TXAG0001,20240804,PRCP,0,,,N,0930
US1TXAG0001,20240805,PRCP,0,,,N,0930
US1TXAG0001,20240806,PRCP,0,,,N,0930
US1TXAG0001,20240807,PRCP,0,,,N,0800
US1TXAG0001,20240808,PRCP,0,,,N,0930
US1TXAG0001,20240809,PRCP,0,,,N,0930
US1TXAG0001,20240810,PRCP,0,,,N,0930
US1TXAG0001,20240811,PRCP,0,,,N,0930
US1TXAG0001,20240812,PRCP,0,,,N,0930
US1TXAG0001,20240813,PRCP,0,,,N,0930
US1TXAG0001,20240814,PRCP,0,,,N,0930
US1TXAG0001,20240815,PRCP,0,,,N,0930
US1TXAG0001,20240816,PRCP,0,,,N,0930
US1TXAG0001,20240817,PRCP,0,,,N,0930
US1TXAG0001,20240818,PRCP,0,,,N,0930
US1TXAG0001,20240819,PRCP,0,,,N,0930
US1TXAG0001,20240820,PRCP,0,,,N,0930
US1TXAG0001,20240821,PRCP,0,,,N,0930
US1TXAG0001,20240822,PRCP,0,,,N,0930
US1TXAG0001,20240823,PRCP,0,,,N,0930
US1TXAG0001,20240824,PRCP,0,,,N,0930
US1TXAG0001,20240825,PRCP,0,,,N,0930
US1TXAG0001,20240826,PRCP,0,,,N,0930
US1TXAG0001,20240827,PRCP,10,,,N,0800
US1TXAG0001,20240828,PRCP,0,,,N,0930
US1TXAG0001,20240829,PRCP,81,,,N,0715
US1TXAG0001,20240830,PRCP,127,,,N,0800
US1TXAG0001,20240831,PRCP,46,,,N,0800
US1TXAG0001,20240801,SNOW,0,,,N,0930
US1TXAG0001,20240802,SNOW,0,,,N,0930
US1TXAG0001,20240803,SNOW,0,,,N,0930
US1TXAG0001,20240804,SNOW,0,,,N,0930
US1TXAG0001,20240805,SNOW,0,,,N,0930
US1TXAG0001,20240806,SNOW,0,,,N,0930
US1TXAG0001,20240807,SNOW,0,,,N,0800
US1TXAG0001,20240808,SNOW,0,,,N,0930
US1TXAG0001,20240809,SNOW,0,,,N,0930
US1TXAG0001,20240810,SNOW,0,,,N,0930
US1TXAG0001,20240811,SNOW,0,,,N,0930
US1TXAG0001,20240812,SNOW,0,,,N,0930
US1TXAG0001,20240813,SNOW,0,,,N,0930
US1TXAG0001,20240814,SNOW,0,,,N,0930
US1TXAG0001,20240815,SNOW,0,,,N,0930
US1TXAG0001,20240816,SNOW,0,,,N,0930
US1TXAG0001,20240817,SNOW,0,,,N,0930
US1TXAG0001,20240818,SNOW,0,,,N,0930
US1TXAG0001,20240819,SNOW,0,,,N,0930
US1TXAG0001,20240820,SNOW,0,,,N,0930
US1TXAG0001,20240821,SNOW,0,,,N,0930
US1TXAG0001,20240822,SNOW,0,,,N,0930
US1TXAG0001,20240823,SNOW,0,,,N,0930
US1TXAG0001,20240824,SNOW,0,,,N,0930
US1TXAG0001,20240825,SNOW,0,,,N,0930
US1TXAG0001,20240826,SNOW,0,,,N,0930
US1TXAG0001,20240828,SNOW,0,,,N,0930
US1TXAG0001,20240901,PRCP,81,,,N,0715
US1TXAG0001,20240902,PRCP,76,,,N,0800
US1TXAG0001,20240903,PRCP,0,,,N,0930
US1TXAG0001,20240904,PRCP,0,,,N,0930
US1TXAG0001,20240905,PRCP,30,,,N,0800
US1TXAG0001,20240906,PRCP,10,,,N,0800
US1TXAG0001,20240907,PRCP,0,,,N,0930
US1TXAG0001,20240908,PRCP,0,,,N,0930
US1TXAG0001,20240909,PRCP,0,,,N,0930
US1TXAG0001,20240910,PRCP,0,,,N,0930
US1TXAG0001,20240911,PRCP,61,,,N,0800
US1TXAG0001,20240912,PRCP,53,,,N,0700
US1TXAG0001,20240913,PRCP,0,,,N,0930
US1TXAG0001,20240914,PRCP,0,,,N,0930
US1TXAG0001,20240915,PRCP,0,,,N,0930
US1TXAG0001,20240916,PRCP,0,,,N,0930
US1TXAG0001,20240917,PRCP,0,,,N,0930
US1TXAG0001,20240918,PRCP,0,,,N,0930
US1TXAG0001,20240919,PRCP,0,,,N,0930
US1TXAG0001,20240920,PRCP,0,,,N,0930
US1TXAG0001,20240921,PRCP,0,,,N,0930
US1TXAG0001,20240922,PRCP,0,,,N,0930
US1TXAG0001,20240923,PRCP,0,,,N,0930
US1TXAG0001,20240924,PRCP,0,,,N,0930
US1TXAG0001,20240925,PRCP,0,,,N,0930
US1TXAG0001,20240926,PRCP,15,,,N,0800
US1TXAG0001,20240927,PRCP,0,,,N,0930
US1TXAG0001,20240928,PRCP,0,,,N,0930
US1TXAG0001,20240929,PRCP,0,,,N,0930
US1TXAG0001,20240930,PRCP,0,,,N,0930
US1TXAG0001,20240903,SNOW,0,,,N,0930
US1TXAG0001,20240904,SNOW,0,,,N,0930
US1TXAG0001,20240907,SNOW,0,,,N,0930
US1TXAG0001,20240908,SNOW,0,,,N,0930
US1TXAG0001,20240909,SNOW,0,,,N,0930
US1TXAG0001,20240910,SNOW,0,,,N,0930
US1TXAG0001,20240913,SNOW,0,,,N,0930
US1TXAG0001,20240914,SNOW,0,,,N,0930
US1TXAG0001,20240915,SNOW,0,,,N,0930
US1TXAG0001,20240916,SNOW,0,,,N,0930
US1TXAG0001,20240917,SNOW,0,,,N,0930
US1TXAG0001,20240918,SNOW,0,,,N,0930
US1TXAG0001,20240919,SNOW,0,,,N,0930
US1TXAG0001,20240920,SNOW,0,,,N,0930
US1TXAG0001,20240921,SNOW,0,,,N,0930
US1TXAG0001,20240922,SNOW,0,,,N,0930
US1TXAG0001,20240923,SNOW,0,,,N,0930
US1TXAG0001,20240924,SNOW,0,,,N,0930
US1TXAG0001,20240925,SNOW,0,,,N,0930
US1TXAG0001,20240927,SNOW,0,,,N,0930
US1TXAG0001,20240928,SNOW,0,,,N,0930
US1TXAG0001,20240929,SNOW,0,,,N,0930
US1TXAG0001,20240930,SNOW,0,,,N,0930
US1TXAG0001,20241001,PRCP,0,,,N,0930
US1TXAG0001,20241002,PRCP,0,,,N,0930
US1TXAG0001,20241003,PRCP,0,,,N,0930
US1TXAG0001,20241004,PRCP,0,,,N,0930
US1TXAG0001,20241005,PRCP,0,,,N,0930
US1TXAG0001,20241006,PRCP,0,,,N,0930
US1TXAG0001,20241007,PRCP,0,,,N,0930
US1TXAG0001,20241008,PRCP,0,,,N,0930
US1TXAG0001,20241009,PRCP,0,,,N,0930
US1TXAG0001,20241010,PRCP,0,,,N,0930
US1TXAG0001,20241011,PRCP,0,,,N,0930
US1TXAG0001,20241012,PRCP,0,,,N,0930
US1TXAG0001,20241013,PRCP,0,,,N,0930
US1TXAG0001,20241014,PRCP,0,,,N,0930
US1TXAG0001,20241015,PRCP,0,,,N,0930
US1TXAG0001,20241016,PRCP,0,,,N,0930
US1TXAG0001,20241017,PRCP,0,,,N,0930
US1TXAG0001,20241018,PRCP,0,,,N,0930
US1TXAG0001,20241019,PRCP,0,,,N,0930
US1TXAG0001,20241020,PRCP,0,,,N,0930
US1TXAG0001,20241021,PRCP,0,,,N,0930
US1TXAG0001,20241022,PRCP,0,,,N,0930
US1TXAG0001,20241023,PRCP,0,,,N,0930
US1TXAG0001,20241024,PRCP,0,,,N,0930
US1TXAG0001,20241025,PRCP,0,,,N,0930
US1TXAG0001,20241026,PRCP,0,,,N,0930
US1TXAG0001,20241027,PRCP,0,,,N,0930
US1TXAG0001,20241028,PRCP,0,,,N,0930
US1TXAG0001,20241029,PRCP,0,,,N,0930
US1TXAG0001,20241030,PRCP,3,,,N,0800
US1TXAG0001,20241031,PRCP,38,,,N,0800
US1TXAG0001,20241001,SNOW,0,,,N,0930
US1TXAG0001,20241002,SNOW,0,,,N,0930
US1TXAG0001,20241003,SNOW,0,,,N,0930
US1TXAG0001,20241004,SNOW,0,,,N,0930
US1TXAG0001,20241005,SNOW,0,,,N,0930
US1TXAG0001,20241006,SNOW,0,,,N,0930
US1TXAG0001,20241007,SNOW,0,,,N,0930
US1TXAG0001,20241008,SNOW,0,,,N,0930
US1TXAG0001,20241009,SNOW,0,,,N,0930
US1TXAG0001,20241010,SNOW,0,,,N,0930
US1TXAG0001,20241011,SNOW,0,,,N,0930
US1TXAG0001,20241012,SNOW,0,,,N,0930
US1TXAG0001,20241013,SNOW,0,,,N,0930
US1TXAG0001,20241014,SNOW,0,,,N,0930
US1TXAG0001,20241015,SNOW,0,,,N,0930
US1TXAG0001,20241016,SNOW,0,,,N,0930
US1TXAG0001,20241017,SNOW,0,,,N,0930
US1TXAG0001,20241018,SNOW,0,,,N,0930
US1TXAG0001,20241019,SNOW,0,,,N,0930
US1TXAG0001,20241020,SNOW,0,,,N,0930
US1TXAG0001,20241021,SNOW,0,,,N,0930
US1TXAG0001,20241022,SNOW,0,,,N,0930
US1TXAG0001,20241023,SNOW,0,,,N,0930
US1TXAG0001,20241024,SNOW,0,,,N,0930
US1TXAG0001,20241025,SNOW,0,,,N,0930
US1TXAG0001,20241026,SNOW,0,,,N,0930
US1TXAG0001,20241027,SNOW,0,,,N,0930
US1TXAG0001,20241028,SNOW,0,,,N,0930
US1TXAG0001,20241029,SNOW,0,,,N,0930
US1TXAG0001,20241101,PRCP,3,,,N,0800
US1TXAG0001,20241102,PRCP,5,,,N,0800
US1TXAG0001,20241103,PRCP,23,,,N,0800
US1TXAG0001,20241104,PRCP,307,,,N,0800
US1TXAG0001,20241105,PRCP,450,,,N,0825
US1TXAG0001,20241106,PRCP,5,,,N,0930
US1TXAG0001,20241107,PRCP,0,,,N,0930
US1TXAG0001,20241108,PRCP,5,,,N,0930
US1TXAG0001,20241109,PRCP,249,,,N,0930
US1TXAG0001,20241110,PRCP,0,,,N,0930
US1TXAG0001,20241111,PRCP,0,,,N,0930
US1TXAG0001,20241112,PRCP,0,,,N,0930
US1TXAG0001,20241113,PRCP,0,,,N,0930
US1TXAG0001,20241114,PRCP,0,,,N,0930
US1TXAG0001,20241115,PRCP,0,,,N,0930
US1TXAG0001,20241116,PRCP,0,,,N,0930
US1TXAG0001,20241117,PRCP,0,,,N,0930
US1TXAG0001,20241118,PRCP,81,,,N,0930
US1TXAG0001,20241119,PRCP,13,,,N,0930
US1TXAG0001,20241120,PRCP,0,,,N,0930
US1TXAG0001,20241121,PRCP,0,,,N,0930
US1TXAG0001,20241122,PRCP,0,,,N,0930
US1TXAG0001,20241123,PRCP,0,,,N,0930
US1TXAG0001,20241124,PRCP,0,,,N,0930
US1TXAG0001,20241125,PRCP,0,,,N,0930
US1TXAG0001,20241126,PRCP,0,,,N,0930
US1TXAG0001,20241127,PRCP,0,,,N,0930
US1TXAG0001,20241128,PRCP,0,,,N,0930
US1TXAG0001,20241129,PRCP,0,,,N,0930
US1TXAG0001,20241130,PRCP,0,,,N,0930
US1TXAG0001,20241107,SNOW,0,,,N,0930
US1TXAG0001,20241110,SNOW,0,,,N,0930
US1TXAG0001,20241111,SNOW,0,,,N,0930
US1TXAG0001,20241112,SNOW,0,,,N,0930
US1TXAG0001,20241113,SNOW,0,,,N,0930
US1TXAG0001,20241114,SNOW,0,,,N,0930
US1TXAG0001,20241115,SNOW,0,,,N,0930
US1TXAG0001,20241116,SNOW,0,,,N,0930
US1TXAG0001,20241117,SNOW,0,,,N,0930
US1TXAG0001,20241120,SNOW,0,,,N,0930
US1TXAG0001,20241121,SNOW,0,,,N,0930
US1TXAG0001,20241122,SNOW,0,,,N,0930
US1TXAG0001,20241123,SNOW,0,,,N,0930
US1TXAG0001,20241124,SNOW,0,,,N,0930
US1TXAG0001,20241125,SNOW,0,,,N,0930
US1TXAG0001,20241126,SNOW,0,,,N,0930
US1TXAG0001,20241127,SNOW,0,,,N,0930
US1TXAG0001,20241128,SNOW,0,,,N,0930
US1TXAG0001,20241129,SNOW,0,,,N,0930
US1TXAG0001,20241130,SNOW,0,,,N,0930
US1TXAG0001,20241201,PRCP,0,,,N,0930
US1TXAG0001,20241202,PRCP,0,,,N,0930
US1TXAG0001,20241203,PRCP,0,,,N,0930
US1TXAG0001,20241204,PRCP,8,,,N,0930
US1TXAG0001,20241205,PRCP,610,,,N,0755
US1TXAG0001,20241206,PRCP,0,,,N,0930
US1TXAG0001,20241207,PRCP,64,,,N,0850
US1TXAG0001,20241208,PRCP,107,,,N,0745
US1TXAG0001,20241209,PRCP,25,,,N,0800
US1TXAG0001,20241210,PRCP,0,,,N,0930
US1TXAG0001,20241211,PRCP,0,,,N,0930
US1TXAG0001,20241212,PRCP,0,,,N,0930
US1TXAG0001,20241213,PRCP,0,,,N,0930
US1TXAG0001,20241214,PRCP,0,,,N,0930
US1TXAG0001,20241215,PRCP,231,,,N,0930
US1TXAG0001,20241216,PRCP,0,,,N,0930
US1TXAG0001,20241217,PRCP,0,,,N,0930
US1TXAG0001,20241218,PRCP,0,,,N,0930
US1TXAG0001,20241219,PRCP,61,,,N,0930
US1TXAG0001,20241220,PRCP,0,,,N,0930
US1TXAG0001,20241221,PRCP,0,,,N,0930
US1TXAG0001,20241222,PRCP,0,,,N,0930
US1TXAG0001,20241223,PRCP,0,,,N,0930
US1TXAG0001,20241224,PRCP,0,,,N,0930
US1TXAG0001,20241225,PRCP,709,,,N,0930
US1TXAG0001,20241226,PRCP,5,,,N,0830
US1TXAG0001,20241227,PRCP,269,,,N,0930
US1TXAG0001,20241228,PRCP,0,,,N,0930
US1TXAG0001,20241229,PRCP,267,,,N,0930
US1TXAG0001,20241230,PRCP,0,,,N,0930
US1TXAG0001,20241231,PRCP,0,,,N,0930
US1TXAG0001,20241201,SNOW,0,,,N,0930
US1TXAG0001,20241202,SNOW,0,,,N,0930
US1TXAG0001,20241203,SNOW,0,,,N,0930
US1TXAG0001,20241206,SNOW,0,,,N,0930
US1TXAG0001,20241210,SNOW,0,,,N,0930
US1TXAG0001,20241211,SNOW,0,,,N,0930
US1TXAG0001,20241212,SNOW,0,,,N,0930
US1TXAG0001,20241213,SNOW,0,,,N,0930
US1TXAG0001,20241214,SNOW,0,,,N,0930
US1TXAG0001,20241216,SNOW,0,,,N,0930
US1TXAG0001,20241217,SNOW,0,,,N,0930
US1TXAG0001,20241218,SNOW,0,,,N,0930
US1TXAG0001,20241220,SNOW,0,,,N,0930
US1TXAG0001,20241221,SNOW,0,,,N,0930
US1TXAG0001,20241222,SNOW,0,,,N,0930
US1TXAG0001,20241223,SNOW,0,,,N,0930
US1TXAG0001,20241224,SNOW,0,,,N,0930
US1TXAG0001,20241228,SNOW,0,,,N,0930
US1TXAG0001,20241230,SNOW,0,,,N,0930
US1TXAG0001,20241231,SNOW,0,,,N,0930
US1TXAG0001,20250101,PRCP,0,,,N,0930
US1TXAG0001,20250102,PRCP,0,,,N,0930
US1TXAG0001,20250103,PRCP,18,,,N,0800
US1TXAG0001,20250104,PRCP,0,,,N,0930
US1TXAG0001,20250105,PRCP,0,,,N,0930
US1TXAG0001,20250106,PRCP,56,,,N,0800
US1TXAG0001,20250107,PRCP,0,,,N,0930
US1TXAG0001,20250108,PRCP,0,,,N,0930
US1TXAG0001,20250109,PRCP,0,,,N,0930
US1TXAG0001,20250110,PRCP,584,,,N,0800
US1TXAG0001,20250111,PRCP,0,,,N,0930
US1TXAG0001,20250112,PRCP,0,,,N,0930
US1TXAG0001,20250113,PRCP,0,,,N,0930
US1TXAG0001,20250114,PRCP,0,,,N,0930
US1TXAG0001,20250115,PRCP,0,,,N,0930
US1TXAG0001,20250116,PRCP,0,,,N,0930
US1TXAG0001,20250117,PRCP,0,,,N,0930
US1TXAG0001,20250118,PRCP,3,,,N,0930
US1TXAG0001,20250119,PRCP,0,,,N,0930
US1TXAG0001,20250120,PRCP,0,,,N,0930
US1TXAG0001,20250121,PRCP,3,,,N,0930
US1TXAG0001,20250122,PRCP,0,,,N,0930
US1TXAG0001,20250123,PRCP,0,,,N,0930
US1TXAG0001,20250124,PRCP,0,,,N,0930
US1TXAG0001,20250125,PRCP,0,,,N,0930
US1TXAG0001,20250126,PRCP,13,,,N,0930
US1TXAG0001,20250127,PRCP,114,,,N,0800
US1TXAG0001,20250128,PRCP,36,,,N,0800
US1TXAG0001,20250129,PRCP,0,,,N,0930
US1TXAG0001,20250130,PRCP,15,,,N,0930
US1TXAG0001,20250131,PRCP,53,,,N,0800
US1TXAG0001,20250101,SNOW,0,,,N,0930
US1TXAG0001,20250102,SNOW,0,,,N,0930
US1TXAG0001,20250104,SNOW,0,,,N,0930
US1TXAG0001,20250105,SNOW,0,,,N,0930
US1TXAG0001,20250107,SNOW,0,,,N,0930
US1TXAG0001,20250108,SNOW,0,,,N,0930
US1TXAG0001,20250109,SNOW,0,,,N,0930
US1TXAG0001,20250111,SNOW,0,,,N,0930
US1TXAG0001,20250112,SNOW,0,,,N,0930
US1TXAG0001,20250113,SNOW,0,,,N,0930
US1TXAG0001,20250114,SNOW,0,,,N,0930
US1TXAG0001,20250115,SNOW,0,,,N,0930
US1TXAG0001,20250116,SNOW,0,,,N,0930
US1TXAG0001,20250117,SNOW,0,,,N,0930
US1TXAG0001,20250119,SNOW,0,,,N,0930
US1TXAG0001,20250120,SNOW,0,,,N,0930
US1TXAG0001,20250122,SNOW,0,,,N,0930
US1TXAG0001,20250123,SNOW,0,,,N,0930
US1TXAG0001,20250124,SNOW,0,,,N,0930
US1TXAG0001,20250125,SNOW,0,,,N,0930
US1TXAG0001,20250129,SNOW,0,,,N,0930
US1TXAG0001,20250201,PRCP,0,,,N,0930
US1TXAG0001,20250202,PRCP,0,,,N,0930
US1TXAG0001,20250203,PRCP,0,,,N,0930
US1TXAG0001,20250204,PRCP,0,,,N,0930
US1TXAG0001,20250205,PRCP,0,,,N,0930
US1TXAG0001,20250206,PRCP,0,,,N,0930
US1TXAG0001,20250207,PRCP,0,,,N,0930
US1TXAG0001,20250208,PRCP,0,,,N,0930
US1TXAG0001,20250209,PRCP,0,,,N,0930
US1TXAG0001,20250210,PRCP,0,,,N,0930
US1TXAG0001,20250211,PRCP,0,,,N,0930
US1TXAG0001,20250212,PRCP,569,,,N,0800
US1TXAG0001,20250213,PRCP,310,,,N,0800
US1TXAG0001,20250214,PRCP,0,,,N,0930
US1TXAG0001,20250215,PRCP,81,,,N,0830
US1TXAG0001,20250216,PRCP,71,,,N,0800
US1TXAG0001,20250217,PRCP,0,,,N,0930
US1TXAG0001,20250218,PRCP,0,,,N,0930
US1TXAG0001,20250219,PRCP,160,,,N,0800
US1TXAG0001,20250220,PRCP,0,,,N,0930
US1TXAG0001,20250221,PRCP,0,,,N,0930
US1TXAG0001,20250222,PRCP,0,,,N,0930
US1TXAG0001,20250223,PRCP,211,,,N,0800
US1TXAG0001,20250224,PRCP,33,,,N,0800
US1TXAG0001,20250225,PRCP,0,,,N,0930
US1TXAG0001,20250226,PRCP,0,,,N,0930
US1TXAG0001,20250227,PRCP,0,,,N,0930
US1TXAG0001,20250228,PRCP,0,,,N,0930
US1TXAG0001,20250201,SNOW,0,,,N,0930
US1TXAG0001,20250202,SNOW,0,,,N,0930
US1TXAG0001,20250203,SNOW,0,,,N,0930
US1TXAG0001,20250204,SNOW,0,,,N,0930
US1TXAG0001,20250205,SNOW,0,,,N,0930
US1TXAG0001,20250206,SNOW,0,,,N,0930
US1TXAG0001,20250207,SNOW,0,,,N,0930
US1TXAG0001,20250208,SNOW,0,,,N,0930
US1TXAG0001,20250209,SNOW,0,,,N,0930
US1TXAG0001,20250210,SNOW,0,,,N,0930
US1TXAG0001,20250211,SNOW,0,,,N,0930
US1TXAG0001,20250214,SNOW,0,,,N,0930
US1TXAG0001,20250217,SNOW,0,,,N,0930
US1TXAG0001,20250218,SNOW,0,,,N,0930
US1TXAG0001,20250220,SNOW,0,,,N,0930
US1TXAG0001,20250221,SNOW,0,,,N,0930
US1TXAG0001,20250222,SNOW,0,,,N,0930
US1TXAG0001,20250225,SNOW,0,,,N,0930
US1TXAG0001,20250226,SNOW,0,,,N,0930
US1TXAG0001,20250227,SNOW,0,,,N,0930
US1TXAG0001,20250228,SNOW,0,,,N,0930
US1TXAG0001,20250301,PRCP,0,,,N,0930
US1TXAG0001,20250302,PRCP,0,,,N,0930
US1TXAG0001,20250303,PRCP,0,,,N,0930
US1TXAG0001,20250304,PRCP,20,,,N,0800
US1TXAG0001,20250305,PRCP,130,,,N,0800
US1TXAG0001,20250306,PRCP,0,,,N,0930
US1TXAG0001,20250307,PRCP,0,,,N,0930
US1TXAG0001,20250308,PRCP,0,,,N,0930
US1TXAG0001,20250309,PRCP,0,,,N,0930
US1TXAG0001,20250310,PRCP,0,,,N,0930
US1TXAG0001,20250311,PRCP,0,,,N,0930
US1TXAG0001,20250312,PRCP,0,,,N,0930
US1TXAG0001,20250313,PRCP,69,,,N,0930
US1TXAG0001,20250314,PRCP,0,,,N,0930
US1TXAG0001,20250315,PRCP,0,,,N,0930
US1TXAG0001,20250316,PRCP,76,,,N,0930
US1TXAG0001,20250317,PRCP,0,,,N,0930
US1TXAG0001,20250318,PRCP,0,,,N,0930
US1TXAG0001,20250319,PRCP,0,,,N,0930
US1TXAG0001,20250320,PRCP,0,,,N,0930
US1TXAG0001,20250321,PRCP,20,,,N,0930
US1TXAG0001,20250322,PRCP,0,,,N,0930
US1TXAG0001,20250323,PRCP,0,,,N,0930
US1TXAG0001,20250324,PRCP,89,,,N,0800
US1TXAG0001,20250325,PRCP,0,,,N,0930
US1TXAG0001,20250326,PRCP,0,,,N,0930
US1TXAG0001,20250327,PRCP,0,,,N,0930
US1TXAG0001,20250328,PRCP,20,,,N,0845
US1TXAG0001,20250329,PRCP,351,,,N,0910
US1TXAG0001,20250330,PRCP,3,,,N,0930
US1TXAG0001,20250331,PRCP,241,,,N,0800
US1TXAG0001,20250301,SNOW,0,,,N,0930
US1TXAG0001,20250302,SNOW,0,,,N,0930
US1TXAG0001,20250303,SNOW,0,,,N,0930
US1TXAG0001,20250306,SNOW,0,,,N,0930
US1TXAG0001,20250307,SNOW,0,,,N,0930
US1TXAG0001,20250308,SNOW,0,,,N,0930
US1TXAG0001,20250309,SNOW,0,,,N,0930
US1TXAG0001,20250310,SNOW,0,,,N,0930
US1TXAG0001,20250311,SNOW,0,,,N,0930
US1TXAG0001,20250312,SNOW,0,,,N,0930
US1TXAG0001,20250314,SNOW,0,,,N,0930
US1TXAG0001,20250315,SNOW,0,,,N,0930
US1TXAG0001,20250317,SNOW,0,,,N,0930
US1TXAG0001,20250318,SNOW,0,,,N,0930
US1TXAG0001,20250319,SNOW,0,,,N,0930
US1TXAG0001,20250320,SNOW,0,,,N,0930
US1TXAG0001,20250322,SNOW,0,,,N,0930
US1TXAG0001,20250323,SNOW,0,,,N,0930
US1TXAG0001,20250325,SNOW,0,,,N,0930
US1TXAG0001,20250326,SNOW,0,,,N,0930
US1TXAG0001,20250327,SNOW,0,,,N,0930
US1TXAG0001,20250401,PRCP,0,,,N,0930
US1TXAG0001,20250402,PRCP,0,,,N,0930
US1TXAG0001,20250403,PRCP,0,,,N,0930
US1TXAG0001,20250404,PRCP,36,,,N,0800
US1TXAG0001,20250406,PRCP,483,,,N,0800
US1TXAG0001,20250407,PRCP,0,,,N,0930
US1TXAG0001,20250408,PRCP,0,,,N,0930
US1TXAG0001,20250409,PRCP,0,,,N,0930
US1TXAG0001,20250410,PRCP,0,,,N,0930
US1TXAG0001,20250411,PRCP,0,,,N,0930
US1TXAG0001,20250412,PRCP,0,,,N,0930
US1TXAG0001,20250413,PRCP,0,,,N,0930
US1TXAG0001,20250414,PRCP,0,,,N,0930
US1TXAG0001,20250415,PRCP,0,,,N,0930
US1TXAG0001,20250416,PRCP,0,,,N,0930
US1TXAG0001,20250417,PRCP,0,,,N,0930
US1TXAG0001,20250418,PRCP,0,,,N,0930
US1TXAG0001,20250419,PRCP,0,,,N,0930
US1TXAG0001,20250420,PRCP,0,,,N,0930
US1TXAG0001,20250421,PRCP,292,,,N,0800
US1TXAG0001,20250422,PRCP,0,,,N,0930
US1TXAG0001,20250423,PRCP,0,,,N,0930
US1TXAG0001,20250424,PRCP,274,,,N,0800
US1TXAG0001,20250425,PRCP,142,,,N,0800
US1TXAG0001,20250426,PRCP,0,,,N,0930
US1TXAG0001,20250427,PRCP,0,,,N,0930
US1TXAG0001,20250428,PRCP,0,,,N,0930
US1TXAG0001,20250429,PRCP,0,,,N,0930
US1TXAG0001,20250430,PRCP,0,,,N,0930
US1TXAG0001,20250401,SNOW,0,,,N,0930
US1TXAG0001,20250402,SNOW,0,,,N,0930
US1TXAG0001,20250403,SNOW,0,,,N,0930
US1TXAG0001,20250407,SNOW,0,,,N,0930
US1TXAG0001,20250408,SNOW,0,,,N,0930
US1TXAG0001,20250409,SNOW,0,,,N,0930
US1TXAG0001,20250410,SNOW,0,,,N,0930
US1TXAG0001,20250411,SNOW,0,,,N,0930
US1TXAG0001,20250412,SNOW,0,,,N,0930
US1TXAG0001,20250413,SNOW,0,,,N,0930
US1TXAG0001,20250414,SNOW,0,,,N,0930
US1TXAG0001,20250415,SNOW,0,,,N,0930
US1TXAG0001,20250416,SNOW,0,,,N,0930
US1TXAG0001,20250417,SNOW,0,,,N,0930
US1TXAG0001,20250418,SNOW,0,,,N,0930
US1TXAG0001,20250419,SNOW,0,,,N,0930
US1TXAG0001,20250420,SNOW,0,,,N,0930
US1TXAG0001,20250422,SNOW,0,,,N,0930
US1TXAG0001,20250423,SNOW,0,,,N,0930
US1TXAG0001,20250426,SNOW,0,,,N,0930
US1TXAG0001,20250427,SNOW,0,,,N,0930
US1TXAG0001,20250428,SNOW,0,,,N,0930
US1TXAG0001,20250429,SNOW,0,,,N,0930
US1TXAG0001,20250430,SNOW,0,,,N,0930
US1TXAG0001,20250501,PRCP,145,,,N,0800
US1TXAG0001,20250502,PRCP,0,,,N,0930
US1TXAG0001,20250503,PRCP,1295,,,N,0800
US1TXAG0001,20250504,PRCP,0,,,N,0930
US1TXAG0001,20250505,PRCP,0,,,N,0930
US1TXAG0001,20250506,PRCP,183,,,N,0845
US1TXAG0001,20250507,PRCP,312,,,N,0800
US1TXAG0001,20250508,PRCP,0,,,N,0930
US1TXAG0001,20250509,PRCP,0,,,N,0930
US1TXAG0001,20250510,PRCP,53,,,N,0800
US1TXAG0001,20250511,PRCP,0,,,N,0930
US1TXAG0001,20250512,PRCP,58,,,N,0800
US1TXAG0001,20250513,PRCP,0,,,N,0930
US1TXAG0001,20250514,PRCP,0,,,N,0930
US1TXAG0001,20250515,PRCP,0,,,N,0930
US1TXAG0001,20250516,PRCP,0,,,N,0930
US1TXAG0001,20250517,PRCP,0,,,N,0930
US1TXAG0001,20250518,PRCP,0,,,N,0930
US1TXAG0001,20250519,PRCP,0,,,N,0930
US1TXAG0001,20250520,PRCP,0,,,N,0930
US1TXAG0001,20250521,PRCP,0,,,N,0930
US1TXAG0001,20250523,PRCP,0,,,N,0930
US1TXAG0001,20250524,PRCP,0,,,N,0930
US1TXAG0001,20250525,PRCP,0,,,N,0930
US1TXAG0001,20250526,PRCP,0,,,N,0930
US1TXAG0001,20250527,PRCP,602,,,N,0800
US1TXAG0001,20250528,PRCP,0,,,N,0930
US1TXAG0001,20250529,PRCP,320,,,N,0800
US1TXAG0001,20250530,PRCP,0,,,N,0930
US1TXAG0001,20250531,PRCP,20,,,N,0800
US1TXAG0001,20250502,SNOW,0,,,N,0930
US1TXAG0001,20250504,SNOW,0,,,N,0930
US1TXAG0001,20250505,SNOW,0,,,N,0930
US1TXAG0001,20250508,SNOW,0,,,N,0930
US1TXAG0001,20250509,SNOW,0,,,N,0930
US1TXAG0001,20250511,SNOW,0,,,N,0930
US1TXAG0001,20250513,SNOW,0,,,N,0930
US1TXAG0001,20250514,SNOW,0,,,N,0930
US1TXAG0001,20250515,SNOW,0,,,N,0930
US1TXAG0001,20250516,SNOW,0,,,N,0930
US1TXAG0001,20250517,SNOW,0,,,N,0930
US1TXAG0001,20250518,SNOW,0,,,N,0930
US1TXAG0001,20250519,SNOW,0,,,N,0930
US1TXAG0001,20250520,SNOW,0,,,N,0930
US1TXAG0001,20250521,SNOW,0,,,N,0930
US1TXAG0001,20250523,SNOW,0,,,N,0930
US1TXAG0001,20250524,SNOW,0,,,N,0930
US1TXAG0001,20250525,SNOW,0,,,N,0930
US1TXAG0001,20250526,SNOW,0,,,N,0930
US1TXAG0001,20250528,SNOW,0,,,N,0930
US1TXAG0001,20250530,SNOW,0,,,N,0930
US1TXAG0001,20250601,PRCP,0,,,N,0930
US1TXAG0001,20250602,PRCP,0,,,N,0930
US1TXAG0001,20250603,PRCP,0,,,N,0930
US1TXAG0001,20250604,PRCP,15,,,N,0800
US1TXAG0001,20250605,PRCP,544,,,N,0800
US1TXAG0001,20250606,PRCP,0,,,N,0930
US1TXAG0001,20250607,PRCP,41,,,N,0800
US1TXAG0001,20250608,PRCP,0,,,N,0930
US1TXAG0001,20250609,PRCP,3,,,N,0930
US1TXAG0001,20250610,PRCP,0,,,N,0930
US1TXAG0001,20250611,PRCP,429,,,N,0800
US1TXAG0001,20250612,PRCP,211,,,N,0830
US1TXAG0001,20250613,PRCP,10,,,N,0800
US1TXAG0001,20250614,PRCP,15,,,N,0800
US1TXAG0001,20250615,PRCP,13,,,N,0800
US1TXAG0001,20250616,PRCP,33,,,N,0800
US1TXAG0001,20250617,PRCP,0,,,N,0930
US1TXAG0001,20250618,PRCP,0,,,N,0930
US1TXAG0001,20250619,PRCP,0,,,N,0930
US1TXAG0001,20250620,PRCP,0,,,N,0930
US1TXAG0001,20250621,PRCP,33,,,N,0800
US1TXAG0001,20250622,PRCP,0,,,N,0930
US1TXAG0001,20250623,PRCP,0,,,N,0930
US1TXAG0001,20250624,PRCP,0,,,N,0930
US1TXAG0001,20250625,PRCP,117,,,N,0800
US1TXAG0001,20250626,PRCP,81,,,N,0800
US1TXAG0001,20250627,PRCP,0,,,N,0930
US1TXAG0001,20250628,PRCP,25,,,N,0800
US1TXAG0001,20250629,PRCP,0,,,N,0930
US1TXAG0001,20250630,PRCP,0,,,N,0930
US1TXAG0001,20250601,SNOW,0,,,N,0930
US1TXAG0001,20250602,SNOW,0,,,N,0930
US1TXAG0001,20250603,SNOW,0,,,N,0930
US1TXAG0001,20250606,SNOW,0,,,N,0930
US1TXAG0001,20250608,SNOW,0,,,N,0930
US1TXAG0001,20250610,SNOW,0,,,N,0930
US1TXAG0001,20250617,SNOW,0,,,N,0930
US1TXAG0001,20250618,SNOW,0,,,N,0930
US1TXAG0001,20250619,SNOW,0,,,N,0930
US1TXAG0001,20250620,SNOW,0,,,N,0930
US1TXAG0001,20250622,SNOW,0,,,N,0930
US1TXAG0001,20250623,SNOW,0,,,N,0930
US1TXAG0001,20250624,SNOW,0,,,N,0930
US1TXAG0001,20250627,SNOW,0,,,N,0930
US1TXAG0001,20250629,SNOW,0,,,N,0930
US1TXAG0001,20250630,SNOW,0,,,N,0930
US1TXAG0001,20250701,PRCP,0,,,N,0930
US1TXAG0001,20250702,PRCP,5,,,N,0800
US1TXAG0001,20250703,PRCP,0,,,N,0930
US1TXAG0001,20250704,PRCP,15,,,N,0800
US1TXAG0001,20250705,PRCP,0,,,N,0930
US1TXAG0001,20250706,PRCP,0,,,N,0930
US1TXAG0001,20250714,PRCP,10,,,N,0800
US1TXAG0001,20250715,PRCP,0,,,N,0930
US1TXAG0001,20250716,PRCP,0,,,N,0930
US1TXAG0001,20250717,PRCP,180,,,N,0800
US1TXAG0001,20250718,PRCP,0,,,N,0930
US1TXAG0001,20250719,PRCP,0,,,N,0930
US1TXAG0001,20250720,PRCP,3,,,N,0800
US1TXAG0001,20250721,PRCP,33,,,N,0800
US1TXAG0001,20250722,PRCP,0,,,N,0930
US1TXAG0001,20250723,PRCP,0,,,N,0930
US1TXAG0001,20250724,PRCP,0,,,N,0930
US1TXAG0001,20250725,PRCP,0,,,N,0930
US1TXAG0001,20250726,PRCP,10,,,N,0800
US1TXAG0001,20250727,PRCP,0,,,N,0930
US1TXAG0001,20250728,PRCP,117,,,N,0800
US1TXAG0001,20250729,PRCP,0,,,N,0930
US1TXAG0001,20250730,PRCP,0,,,N,0930
US1TXAG0001,20250731,PRCP,0,,,N,0930
US1TXAG0001,20250701,SNOW,0,,,N,0930
US1TXAG0001,20250703,SNOW,0,,,N,0930
US1TXAG0001,20250705,SNOW,0,,,N,0930
US1TXAG0001,20250706,SNOW,0,,,N,0930
US1TXAG0001,20250715,SNOW,0,,,N,0930
US1TXAG0001,20250716,SNOW,0,,,N,0930
US1TXAG0001,20250718,SNOW,0,,,N,0930
US1TXAG0001,20250719,SNOW,0,,,N,0930
US1TXAG0001,20250722,SNOW,0,,,N,0930
US1TXAG0001,20250723,SNOW,0,,,N,0930
US1TXAG0001,20250724,SNOW,0,,,N,0930
US1TXAG0001,20250725,SNOW,0,,,N,0930
US1TXAG0001,20250727,SNOW,0,,,N,0930
US1TXAG0001,20250729,SNOW,0,,,N,0930
US1TXAG0001,20250730,SNOW,0,,,N,0930
US1TXAG0001,20250731,SNOW,0,,,N,0930
US1TXAG0001,20250713,DAPR,7,,,N,0800
US1TXAG0001,20250713,MDPR,462,,,N,0800
US1TXAG0001,20250804,PRCP,0,,,N,0930
US1TXAG0001,20250805,PRCP,0,,,N,0930
US1TXAG0001,20250806,PRCP,0,,,N,0930
US1TXAG0001,20250807,PRCP,0,,,N,0930
US1TXAG0001,20250808,PRCP,0,,,N,0930
US1TXAG0001,20250809,PRCP,0,,,N,0930
US1TXAG0001,20250810,PRCP,0,,,N,0930
US1TXAG0001,20250811,PRCP,0,,,N,0930
US1TXAG0001,20250812,PRCP,0,,,N,0930
US1TXAG0001,20250813,PRCP,0,,,N,0930
US1TXAG0001,20250814,PRCP,0,,,N,0930
US1TXAG0001,20250815,PRCP,0,,,N,0930
US1TXAG0001,20250816,PRCP,0,,,N,0930
US1TXAG0001,20250817,PRCP,0,,,N,0930
US1TXAG0001,20250818,PRCP,0,,,N,0930
US1TXAG0001,20250819,PRCP,0,,,N,0930
US1TXAG0001,20250820,PRCP,0,,,N,0930
US1TXAG0001,20250821,PRCP,13,,,N,0800
US1TXAG0001,20250822,PRCP,0,,,N,0930
US1TXAG0001,20250823,PRCP,0,,,N,0930
US1TXAG0001,20250824,PRCP,0,,,N,0930
US1TXAG0001,20250825,PRCP,0,,,N,0930
US1TXAG0001,20250826,PRCP,0,,,N,0930
US1TXAG0001,20250827,PRCP,0,,,N,0930
US1TXAG0001,20250828,PRCP,25,,,N,0800
US1TXAG0001,20250829,PRCP,0,,,N,0930
US1TXAG0001,20250830,PRCP,8,,,N,0800
US1TXAG0001,20250831,PRCP,140,,,N,0700
US1TXAG0001,20250804,SNOW,0,,,N,0930
US1TXAG0001,20250805,SNOW,0,,,N,0930
US1TXAG0001,20250806,SNOW,0,,,N,0930
US1TXAG0001,20250807,SNOW,0,,,N,0930
US1TXAG0001,20250808,SNOW,0,,,N,0930
US1TXAG0001,20250809,SNOW,0,,,N,0930
US1TXAG0001,20250810,SNOW,0,,,N,0930
US1TXAG0001,20250811,SNOW,0,,,N,0930
US1TXAG0001,20250812,SNOW,0,,,N,0930
US1TXAG0001,20250813,SNOW,0,,,N,0930
US1TXAG0001,20250814,SNOW,0,,,N,0930
US1TXAG0001,20250815,SNOW,0,,,N,0930
US1TXAG0001,20250816,SNOW,0,,,N,0930
US1TXAG0001,20250817,SNOW,0,,,N,0930
US1TXAG0001,20250818,SNOW,0,,,N,0930
US1TXAG0001,20250819,SNOW,0,,,N,0930
US1TXAG0001,20250820,SNOW,0,,,N,0930
US1TXAG0001,20250822,SNOW,0,,,N,0930
US1TXAG0001,20250823,SNOW,0,,,N,0930
US1TXAG0001,20250824,SNOW,0,,,N,0930
US1TXAG0001,20250825,SNOW,0,,,N,0930
US1TXAG0001,20250826,SNOW,0,,,N,0930
US1TXAG0001,20250827,SNOW,0,,,N,0930
US1TXAG0001,20250829,SNOW,0,,,N,0930
US1TXAG0001,20250803,DAPR,3,,,N,0900
US1TXAG0001,20250803,MDPR,450,,,N,0900
US1TXAG0001,20250901,PRCP,157,,,N,0800
US1TXAG0001,20250902,PRCP,0,,,N,0930
US1TXAG0001,20250903,PRCP,0,,,N,0930
US1TXAG0001,20250904,PRCP,0,,,N,0930
US1TXAG0001,20250905,PRCP,0,,,N,0930
US1TXAG0001,20250906,PRCP,0,,,N,0930
US1TXAG0001,20250907,PRCP,0,,,N,0930
US1TXAG0001,20250908,PRCP,0,,,N,0930
US1TXAG0001,20250909,PRCP,0,,,N,0930
US1TXAG0001,20250910,PRCP,0,,,N,0930
US1TXAG0001,20250911,PRCP,0,,,N,0930
US1TXAG0001,20250912,PRCP,0,,,N,0930
US1TXAG0001,20250913,PRCP,0,,,N,0930
US1TXAG0001,20250914,PRCP,0,,,N,0930
US1TXAG0001,20250915,PRCP,0,,,N,0930
US1TXAG0001,20250916,PRCP,0,,,N,0930
US1TXAG0001,20250917,PRCP,0,,,N,0930
US1TXAG0001,20250918,PRCP,18,,,N,0800
US1TXAG0001,20250919,PRCP,0,,,N,0930
US1TXAG0001,20250920,PRCP,0,,,N,0930
US1TXAG0001,20250921,PRCP,0,,,N,0930
US1TXAG0001,20250922,PRCP,0,,,N,0930
US1TXAG0001,20250923,PRCP,0,,,N,0930
US1TXAG0001,20250925,PRCP,5,,,N,0930
US1TXAG0001,20250926,PRCP,0,,,N,0930
US1TXAG0001,20250927,PRCP,0,,,N,0930
US1TXAG0001,20250928,PRCP,0,,,N,0930
US1TXAG0001,20250929,PRCP,0,,,N,0930
US1TXAG0001,20250930,PRCP,0,,,N,0930
US1TXAG0001,20250901,SNOW,0,,,N,0800
US1TXAG0001,20250902,SNOW,0,,,N,0930
US1TXAG0001,20250903,SNOW,0,,,N,0930
US1TXAG0001,20250904,SNOW,0,,,N,0930
US1TXAG0001,20250905,SNOW,0,,,N,0930
US1TXAG0001,20250906,SNOW,0,,,N,0930
US1TXAG0001,20250907,SNOW,0,,,N,0930
US1TXAG0001,20250908,SNOW,0,,,N,0930
US1TXAG0001,20250909,SNOW,0,,,N,0930
US1TXAG0001,20250910,SNOW,0,,,N,0930
US1TXAG0001,20250911,SNOW,0,,,N,0930
US1TXAG0001,20250912,SNOW,0,,,N,0930
US1TXAG0001,20250913,SNOW,0,,,N,0930
US1TXAG0001,20250914,SNOW,0,,,N,0930
US1TXAG0001,20250915,SNOW,0,,,N,0930
US1TXAG0001,20250916,SNOW,0,,,N,0930
US1TXAG0001,20250917,SNOW,0,,,N,0930
US1TXAG0001,20250919,SNOW,0,,,N,0930
US1TXAG0001,20250920,SNOW,0,,,N,0930
US1TXAG0001,20250921,SNOW,0,,,N,0930
US1TXAG0001,20250922,SNOW,0,,,N,0930
US1TXAG0001,20250923,SNOW,0,,,N,0930
US1TXAG0001,20250926,SNOW,0,,,N,0930
US1TXAG0001,20250927,SNOW,0,,,N,0930
US1TXAG0001,20250928,SNOW,0,,,N,0930
US1TXAG0001,20250929,SNOW,0,,,N,0930
US1TXAG0001,20250930,SNOW,0,,,N,0930
US1TXAG0001,20251001,PRCP,0,,,N,0930
US1TXAG0001,20251002,PRCP,0,,,N,0930
US1TXAG0001,20251003,PRCP,0,,,N,0930
US1TXAG0001,20251004,PRCP,0,,,N,0930
US1TXAG0001,20251005,PRCP,0,,,N,0930
US1TXAG0001,20251006,PRCP,0,,,N,0930
US1TXAG0001,20251007,PRCP,0,,,N,0930
US1TXAG0001,20251008,PRCP,8,,,N,0930
US1TXAG0001,20251009,PRCP,0,,,N,0930
US1TXAG0001,20251010,PRCP,0,,,N,0930
US1TXAG0001,20251011,PRCP,0,,,N,0930
US1TXAG0001,20251012,PRCP,0,,,N,0930
US1TXAG0001,20251013,PRCP,0,,,N,0930
US1TXAG0001,20251014,PRCP,0,,,N,0930
US1TXAG0001,20251015,PRCP,0,,,N,0930
US1TXAG0001,20251016,PRCP,0,,,N,0930
US1TXAG0001,20251017,PRCP,0,,,N,0930
US1TXAG0001,20251018,PRCP,0,,,N,0930
US1TXAG0001,20251019,PRCP,206,,,N,0930
US1TXAG0001,20251020,PRCP,0,,,N,0930
US1TXAG0001,20251021,PRCP,0,,,N,0930
US1TXAG0001,20251022,PRCP,0,,,N,0930
US1TXAG0001,20251023,PRCP,0,,,N,0930
US1TXAG0001,20251024,PRCP,0,,,N,0930
US1TXAG0001,20251025,PRCP,249,,,N,0800
US1TXAG0001,20251026,PRCP,320,,,N,0800
US1TXAG0001,20251027,PRCP,0,,,N,0930
US1TXAG0001,20251028,PRCP,0,,,N,0930
US1TXAG0001,20251029,PRCP,3,,,N,0930
US1TXAG0001,20251030,PRCP,0,,,N,0930
US1TXAG0001,20251031,PRCP,0,,,N,0930
US1TXAG0001,20251001,SNOW,0,,,N,0930
US1TXAG0001,20251002,SNOW,0,,,N,0930
US1TXAG0001,20251003,SNOW,0,,,N,0930
US1TXAG0001,20251004,SNOW,0,,,N,0930
US1TXAG0001,20251005,SNOW,0,,,N,0930
US1TXAG0001,20251006,SNOW,0,,,N,0930
US1TXAG0001,20251007,SNOW,0,,,N,0930
US1TXAG0001,20251008,SNOW,0,,,N,0930
US1TXAG0001,20251009,SNOW,0,,,N,0930
US1TXAG0001,20251010,SNOW,0,,,N,0930
US1TXAG0001,20251011,SNOW,0,,,N,0930
US1TXAG0001,20251012,SNOW,0,,,N,0930
US1TXAG0001,20251013,SNOW,0,,,N,0930
US1TXAG0001,20251014,SNOW,0,,,N,0930
US1TXAG0001,20251015,SNOW,0,,,N,0930
US1TXAG0001,20251016,SNOW,0,,,N,0930
US1TXAG0001,20251017,SNOW,0,,,N,0930
US1TXAG0001,20251018,SNOW,0,,,N,0930
US1TXAG0001,20251020,SNOW,0,,,N,0930
US1TXAG0001,20251021,SNOW,0,,,N,0930
US1TXAG0001,20251022,SNOW,0,,,N,0930
US1TXAG0001,20251023,SNOW,0,,,N,0930
US1TXAG0001,20251024,SNOW,0,,,N,0930
US1TXAG0001,20251027,SNOW,0,,,N,0930
US1TXAG0001,20251028,SNOW,0,,,N,0930
US1TXAG0001,20251030,SNOW,0,,,N,0930
US1TXAG0001,20251031,SNOW,0,,,N,0930
US1TXAG0001,20251101,PRCP,0,,,N,0930
US1TXAG0001,20251102,PRCP,8,,,N,0800
US1TXAG0001,20251103,PRCP,0,,,N,0930
US1TXAG0001,20251104,PRCP,0,,,N,0930
US1TXAG0001,20251105,PRCP,0,,,N,0930
US1TXAG0001,20251106,PRCP,0,,,N,0930
US1TXAG0001,20251107,PRCP,0,,,N,0930
US1TXAG0001,20251108,PRCP,0,,,N,0930
US1TXAG0001,20251109,PRCP,0,,,N,0930
US1TXAG0001,20251110,PRCP,0,,,N,0930
US1TXAG0001,20251111,PRCP,0,,,N,0930
US1TXAG0001,20251112,PRCP,0,,,N,0930
US1TXAG0001,20251113,PRCP,0,,,N,0930
US1TXAG0001,20251114,PRCP,0,,,N,0930
US1TXAG0001,20251115,PRCP,0,,,N,0930
US1TXAG0001,20251116,PRCP,0,,,N,0930
US1TXAG0001,20251117,PRCP,0,,,N,0930
US1TXAG0001,20251118,PRCP,0,,,N,0930
US1TXAG0001,20251119,PRCP,0,,,N,0930
US1TXAG0001,20251120,PRCP,0,,,N,0930
US1TXAG0001,20251121,PRCP,0,,,N,0930
US1TXAG0001,20251122,PRCP,224,,,N,0800
US1TXAG0001,20251123,PRCP,0,,,N,0930
US1TXAG0001,20251124,PRCP,0,,,N,0930
US1TXAG0001,20251125,PRCP,592,,,N,0800
US1TXAG0001,20251126,PRCP,0,,,N,0930
US1TXAG0001,20251127,PRCP,0,,,N,0930
US1TXAG0001,20251128,PRCP,0,,,N,0930
US1TXAG0001,20251101,SNOW,0,,,N,0930
US1TXAG0001,20251103,SNOW,0,,,N,0930
US1TXAG0001,20251104,SNOW,0,,,N,0930
US1TXAG0001,20251105,SNOW,0,,,N,0930
US1TXAG0001,20251106,SNOW,0,,,N,0930
US1TXAG0001,20251107,SNOW,0,,,N,0930
US1TXAG0001,20251108,SNOW,0,,,N,0930
US1TXAG0001,20251109,SNOW,0,,,N,0930
US1TXAG0001,20251110,SNOW,0,,,N,0930
US1TXAG0001,20251111,SNOW,0,,,N,0930
US1TXAG0001,20251112,SNOW,0,,,N,0930
US1TXAG0001,20251113,SNOW,0,,,N,0930
US1TXAG0001,20251114,SNOW,0,,,N,0930
US1TXAG0001,20251115,SNOW,0,,,N,0930
US1TXAG0001,20251116,SNOW,0,,,N,0930
US1TXAG0001,20251117,SNOW,0,,,N,0930
US1TXAG0001,20251118,SNOW,0,,,N,0930
US1TXAG0001,20251119,SNOW,0,,,N,0930
US1TXAG0001,20251120,SNOW,0,,,N,0930
US1TXAG0001,20251121,SNOW,0,,,N,0930
US1TXAG0001,20251123,SNOW,0,,,N,0930
US1TXAG0001,20251124,SNOW,0,,,N,0930
US1TXAG0001,20251126,SNOW,0,,,N,0930
US1TXAG0001,20251127,SNOW,0,,,N,0930
US1TXAG0001,20251128,SNOW,0,,,N,0930
