ID,DATE,ELEMENT,DATA_VALUE,M_FLAG,Q_FLAG,S_FLAG,OBS_TIME
US1TXAG0003,20111101,PRCP,0,,,N,0800
US1TXAG0003,20111102,PRCP,0,,,N,0754
US1TXAG0003,20111103,PRCP,20,,,N,0835
US1TXAG0003,20111104,PRCP,0,,,N,0747
US1TXAG0003,20111105,PRCP,0,,,N,0800
US1TXAG0003,20111106,PRCP,0,,,N,0753
US1TXAG0003,20111107,PRCP,0,,,N,0735
US1TXAG0003,20111108,PRCP,0,T,,N,0735
US1TXAG0003,20111109,PRCP,511,,,N,0730
US1TXAG0003,20111110,PRCP,0,,,N,0730
US1TXAG0003,20111111,PRCP,0,,,N,0700
US1TXAG0003,20111112,PRCP,0,,,N,0700
US1TXAG0003,20111113,PRCP,0,,,N,0700
US1TXAG0003,20111114,PRCP,0,,,N,0715
US1TXAG0003,20111115,PRCP,0,,,N,0700
US1TXAG0003,20111116,PRCP,272,,,N,0715
US1TXAG0003,20111117,PRCP,3,,,N,0720
US1TXAG0003,20111118,PRCP,0,,,N,0715
US1TXAG0003,20111119,PRCP,0,,,N,0715
US1TXAG0003,20111120,PRCP,3,,,N,0720
US1TXAG0003,20111121,PRCP,0,,,N,0745
US1TXAG0003,20111122,PRCP,160,,,N,0730
US1TXAG0003,20111123,PRCP,178,,,N,0730
US1TXAG0003,20111128,PRCP,0,,,N,0715
US1TXAG0003,20111129,PRCP,0,,,N,0730
US1TXAG0003,20111130,PRCP,0,,,N,0745
US1TXAG0003,20111101,SNOW,0,,,N,0800
US1TXAG0003,20111102,SNOW,0,,,N,0754
US1TXAG0003,20111104,SNOW,0,,,N,0747
US1TXAG0003,20111105,SNOW,0,,,N,0800
US1TXAG0003,20111106,SNOW,0,,,N,0753
US1TXAG0003,20111107,SNOW,0,,,N,0735
US1TXAG0003,20111110,SNOW,0,,,N,0730
US1TXAG0003,20111111,SNOW,0,,,N,0700
US1TXAG0003,20111112,SNOW,0,,,N,0700
US1TXAG0003,20111113,SNOW,0,,,N,0700
US1TXAG0003,20111114,SNOW,0,,,N,0715
US1TXAG0003,20111115,SNOW,0,,,N,0700
US1TXAG0003,20111118,SNOW,0,,,N,0715
US1TXAG0003,20111119,SNOW,0,,,N,0715
US1TXAG0003,20111121,SNOW,0,,,N,0745
US1TXAG0003,20111128,SNOW,0,,,N,0715
US1TXAG0003,20111129,SNOW,0,,,N,0730
US1TXAG0003,20111130,SNOW,0,,,N,0745
US1TXAG0003,20111127,DAPR,4,,,N,0700
US1TXAG0003,20111127,MDPR,381,,,N,0700
US1TXAG0003,20111201,PRCP,0,,,N,0700
US1TXAG0003,20111202,PRCP,0,,,N,0715
US1TXAG0003,20111203,PRCP,0,,,N,0730
US1TXAG0003,20111204,PRCP,10,,,N,0700
US1TXAG0003,20111205,PRCP,432,,,N,0720
US1TXAG0003,20111206,PRCP,13,,,N,0730
US1TXAG0003,20111207,PRCP,3,,,N,0720
US1TXAG0003,20111208,PRCP,0,,,N,0730
US1TXAG0003,20111209,PRCP,0,,,N,0730
US1TXAG0003,20111210,PRCP,0,,,N,0745
US1TXAG0003,20111211,PRCP,0,,,N,0730
US1TXAG0003,20111212,PRCP,0,,,N,0730
US1TXAG0003,20111213,PRCP,0,,,N,0740
US1TXAG0003,20111214,PRCP,0,,,N,0730
US1TXAG0003,20111215,PRCP,0,,,N,0730
US1TXAG0003,20111216,PRCP,216,,,N,0730
US1TXAG0003,20111217,PRCP,3,,,N,0730
US1TXAG0003,20111218,PRCP,0,,,N,0730
US1TXAG0003,20111219,PRCP,0,,,N,0730
US1TXAG0003,20111220,PRCP,455,,,N,0730
US1TXAG0003,20111221,PRCP,5,,,N,0730
US1TXAG0003,20111222,PRCP,356,,,N,0730
US1TXAG0003,20111223,PRCP,3,,,N,0730
US1TXAG0003,20111224,PRCP,3,,,N,0745
US1TXAG0003,20111225,PRCP,302,,,N,0730
US1TXAG0003,20111226,PRCP,79,,,N,0745
US1TXAG0003,20111227,PRCP,33,,,N,0730
US1TXAG0003,20111228,PRCP,0,,,N,0730
US1TXAG0003,20111229,PRCP,0,,,N,0800
US1TXAG0003,20111230,PRCP,0,,,N,0730
US1TXAG0003,20111231,PRCP,0,,,N,0730
US1TXAG0003,20111201,SNOW,0,,,N,0700
US1TXAG0003,20111202,SNOW,0,,,N,0715
US1TXAG0003,20111203,SNOW,0,,,N,0730
US1TXAG0003,20111208,SNOW,0,,,N,0730
US1TXAG0003,20111209,SNOW,0,,,N,0730
US1TXAG0003,20111210,SNOW,0,,,N,0745
US1TXAG0003,20111211,SNOW,0,,,N,0730
US1TXAG0003,20111212,SNOW,0,,,N,0730
US1TXAG0003,20111213,SNOW,0,,,N,0740
US1TXAG0003,20111214,SNOW,0,,,N,0730
US1TXAG0003,20111215,SNOW,0,,,N,0730
US1TXAG0003,20111218,SNOW,0,,,N,0730
US1TXAG0003,20111219,SNOW,0,,,N,0730
US1TXAG0003,20111228,SNOW,0,,,N,0730
US1TXAG0003,20111229,SNOW,0,,,N,0800
US1TXAG0003,20111230,SNOW,0,,,N,0730
US1TXAG0003,20111231,SNOW,0,,,N,0730
US1TXAG0003,20120101,PRCP,3,,,N,0730
US1TXAG0003,20120102,PRCP,0,,,N,0730
US1TXAG0003,20120103,PRCP,0,,,N,0730
US1TXAG0003,20120104,PRCP,0,,,N,0730
US1TXAG0003,20120105,PRCP,0,,,N,0730
US1TXAG0003,20120106,PRCP,0,,,N,0745
US1TXAG0003,20120107,PRCP,0,,,N,0745
US1TXAG0003,20120108,PRCP,0,,,N,0730
US1TXAG0003,20120109,PRCP,381,,,N,0730
US1TXAG0003,20120110,PRCP,320,,,N,0730
US1TXAG0003,20120111,PRCP,5,,,N,0730
US1TXAG0003,20120112,PRCP,0,,,N,0730
US1TXAG0003,20120113,PRCP,0,,,N,0745
US1TXAG0003,20120114,PRCP,0,,,N,0745
US1TXAG0003,20120115,PRCP,0,,,N,0745
US1TXAG0003,20120116,PRCP,0,,,N,0730
US1TXAG0003,20120117,PRCP,3,,,N,0735
US1TXAG0003,20120118,PRCP,104,,,N,0735
US1TXAG0003,20120119,PRCP,0,,,N,0730
US1TXAG0003,20120120,PRCP,0,,,N,0740
US1TXAG0003,20120121,PRCP,0,,,N,0745
US1TXAG0003,20120122,PRCP,0,,,N,0745
US1TXAG0003,20120123,PRCP,0,,,N,0745
US1TXAG0003,20120124,PRCP,0,,,N,0730
US1TXAG0003,20120125,PRCP,13,,,N,0735
US1TXAG0003,20120126,PRCP,335,,,N,0735
US1TXAG0003,20120127,PRCP,5,,,N,0735
US1TXAG0003,20120128,PRCP,0,,,N,0745
US1TXAG0003,20120129,PRCP,0,,,N,0730
US1TXAG0003,20120130,PRCP,0,,,N,0735
US1TXAG0003,20120131,PRCP,0,,,N,0735
US1TXAG0003,20120102,SNOW,0,,,N,0730
US1TXAG0003,20120103,SNOW,0,,,N,0730
US1TXAG0003,20120104,SNOW,0,,,N,0730
US1TXAG0003,20120105,SNOW,0,,,N,0730
US1TXAG0003,20120106,SNOW,0,,,N,0745
US1TXAG0003,20120107,SNOW,0,,,N,0745
US1TXAG0003,20120108,SNOW,0,,,N,0730
US1TXAG0003,20120112,SNOW,0,,,N,0730
US1TXAG0003,20120113,SNOW,0,,,N,0745
US1TXAG0003,20120114,SNOW,0,,,N,0745
US1TXAG0003,20120115,SNOW,0,,,N,0745
US1TXAG0003,20120116,SNOW,0,,,N,0730
US1TXAG0003,20120119,SNOW,0,,,N,0730
US1TXAG0003,20120120,SNOW,0,,,N,0740
US1TXAG0003,20120121,SNOW,0,,,N,0745
US1TXAG0003,20120122,SNOW,0,,,N,0745
US1TXAG0003,20120123,SNOW,0,,,N,0745
US1TXAG0003,20120124,SNOW,0,,,N,0730
US1TXAG0003,20120128,SNOW,0,,,N,0745
US1TXAG0003,20120129,SNOW,0,,,N,0730
US1TXAG0003,20120130,SNOW,0,,,N,0735
US1TXAG0003,20120131,SNOW,0,,,N,0735
US1TXAG0003,20120201,PRCP,51,,,N,0735
US1TXAG0003,20120202,PRCP,3,,,N,0735
US1TXAG0003,20120203,PRCP,229,,,N,0735
US1TXAG0003,20120204,PRCP,457,,,N,0830
US1TXAG0003,20120205,PRCP,3,,,N,0700
US1TXAG0003,20120206,PRCP,0,,,N,0735
US1TXAG0003,20120207,PRCP,0,,,N,0735
US1TXAG0003,20120208,PRCP,0,,,N,0700
US1TXAG0003,20120209,PRCP,0,,,N,0740
US1TXAG0003,20120210,PRCP,15,,,N,0735
US1TXAG0003,20120211,PRCP,3,,,N,0745
US1TXAG0003,20120212,PRCP,0,,,N,0715
US1TXAG0003,20120213,PRCP,20,,,N,0730
US1TXAG0003,20120214,PRCP,69,,,N,0730
US1TXAG0003,20120215,PRCP,0,,,N,0735
US1TXAG0003,20120216,PRCP,244,,,N,0735
US1TXAG0003,20120217,PRCP,0,,,N,0730
US1TXAG0003,20120218,PRCP,363,,,N,0740
US1TXAG0003,20120219,PRCP,86,,,N,0735
US1TXAG0003,20120220,PRCP,0,,,N,0730
US1TXAG0003,20120221,PRCP,38,,,N,0730
US1TXAG0003,20120222,PRCP,0,,,N,0730
US1TXAG0003,20120223,PRCP,0,,,N,0745
US1TXAG0003,20120224,PRCP,0,,,N,0800
US1TXAG0003,20120225,PRCP,0,,,N,0745
US1TXAG0003,20120226,PRCP,0,,,N,0730
US1TXAG0003,20120227,PRCP,0,,,N,0730
US1TXAG0003,20120228,PRCP,0,,,N,0740
US1TXAG0003,20120229,PRCP,0,,,N,0800
US1TXAG0003,20120206,SNOW,0,,,N,0735
US1TXAG0003,20120207,SNOW,0,,,N,0735
US1TXAG0003,20120208,SNOW,0,,,N,0700
US1TXAG0003,20120209,SNOW,0,,,N,0740
US1TXAG0003,20120212,SNOW,0,,,N,0715
US1TXAG0003,20120215,SNOW,0,,,N,0735
US1TXAG0003,20120217,SNOW,0,,,N,0730
US1TXAG0003,20120220,SNOW,0,,,N,0730
US1TXAG0003,20120222,SNOW,0,,,N,0730
US1TXAG0003,20120223,SNOW,0,,,N,0745
US1TXAG0003,20120224,SNOW,0,,,N,0800
US1TXAG0003,20120225,SNOW,0,,,N,0745
US1TXAG0003,20120226,SNOW,0,,,N,0730
US1TXAG0003,20120227,SNOW,0,,,N,0730
US1TXAG0003,20120228,SNOW,0,,,N,0740
US1TXAG0003,20120229,SNOW,0,,,N,0800
US1TXAG0003,20120301,PRCP,5,,,N,0740
US1TXAG0003,20120302,PRCP,0,,,N,0735
US1TXAG0003,20120303,PRCP,43,,,N,0730
US1TXAG0003,20120304,PRCP,3,,,N,0730
US1TXAG0003,20120305,PRCP,0,,,N,0730
US1TXAG0003,20120306,PRCP,0,,,N,0730
US1TXAG0003,20120307,PRCP,0,,,N,0730
US1TXAG0003,20120308,PRCP,43,,,N,0740
US1TXAG0003,20120309,PRCP,1008,,,N,0730
US1TXAG0003,20120310,PRCP,48,,,N,0730
US1TXAG0003,20120311,PRCP,112,,,N,0840
US1TXAG0003,20120312,PRCP,683,,,N,0735
US1TXAG0003,20120313,PRCP,3,,,N,0735
US1TXAG0003,20120314,PRCP,0,,,N,0745
US1TXAG0003,20120315,PRCP,0,,,N,0750
US1TXAG0003,20120316,PRCP,0,,,N,0740
US1TXAG0003,20120317,PRCP,0,,,N,0800
US1TXAG0003,20120318,PRCP,0,,,N,0800
US1TXAG0003,20120319,PRCP,0,,,N,0730
US1TXAG0003,20120320,PRCP,13,,,N,0730
US1TXAG0003,20120321,PRCP,475,,,N,0730
US1TXAG0003,20120322,PRCP,5,,,N,0730
US1TXAG0003,20120323,PRCP,0,,,N,0730
US1TXAG0003,20120324,PRCP,0,,,N,0730
US1TXAG0003,20120325,PRCP,0,,,N,0800
US1TXAG0003,20120326,PRCP,0,,,N,0730
US1TXAG0003,20120327,PRCP,0,,,N,0740
US1TXAG0003,20120328,PRCP,0,,,N,0730
US1TXAG0003,20120329,PRCP,10,,,N,0730
US1TXAG0003,20120330,PRCP,183,,,N,0730
US1TXAG0003,20120331,PRCP,3,,,N,0730
US1TXAG0003,20120302,SNOW,0,,,N,0735
US1TXAG0003,20120305,SNOW,0,,,N,0730
US1TXAG0003,20120306,SNOW,0,,,N,0730
US1TXAG0003,20120307,SNOW,0,,,N,0730
US1TXAG0003,20120314,SNOW,0,,,N,0745
US1TXAG0003,20120315,SNOW,0,,,N,0750
US1TXAG0003,20120316,SNOW,0,,,N,0740
US1TXAG0003,20120317,SNOW,0,,,N,0800
US1TXAG0003,20120318,SNOW,0,,,N,0800
US1TXAG0003,20120319,SNOW,0,,,N,0730
US1TXAG0003,20120323,SNOW,0,,,N,0730
US1TXAG0003,20120324,SNOW,0,,,N,0730
US1TXAG0003,20120325,SNOW,0,,,N,0800
US1TXAG0003,20120326,SNOW,0,,,N,0730
US1TXAG0003,20120327,SNOW,0,,,N,0740
US1TXAG0003,20120328,SNOW,0,,,N,0730
US1TXAG0003,20120401,PRCP,0,,,N,0800
US1TXAG0003,20120402,PRCP,0,,,N,0730
US1TXAG0003,20120403,PRCP,173,,,N,0730
US1TXAG0003,20120404,PRCP,5,,,N,0730
US1TXAG0003,20120405,PRCP,0,,,N,0730
US1TXAG0003,20120406,PRCP,0,,,N,0700
US1TXAG0003,20120407,PRCP,0,,,N,0730
US1TXAG0003,20120408,PRCP,0,,,N,0730
US1TXAG0003,20120409,PRCP,0,,,N,0715
US1TXAG0003,20120410,PRCP,0,,,N,0730
US1TXAG0003,20120411,PRCP,0,,,N,0730
US1TXAG0003,20120412,PRCP,0,,,N,0700
US1TXAG0003,20120413,PRCP,0,,,N,0730
US1TXAG0003,20120414,PRCP,0,,,N,0715
US1TXAG0003,20120415,PRCP,0,,,N,0715
US1TXAG0003,20120416,PRCP,145,,,N,0730
US1TXAG0003,20120417,PRCP,8,,,N,0730
US1TXAG0003,20120418,PRCP,0,,,N,0730
US1TXAG0003,20120419,PRCP,0,,,N,0730
US1TXAG0003,20120420,PRCP,0,,,N,0730
US1TXAG0003,20120421,PRCP,76,,,N,0745
US1TXAG0003,20120422,PRCP,0,,,N,0800
US1TXAG0003,20120423,PRCP,0,,,N,0730
US1TXAG0003,20120424,PRCP,0,,,N,0730
US1TXAG0003,20120425,PRCP,0,,,N,0800
US1TXAG0003,20120426,PRCP,0,,,N,0730
US1TXAG0003,20120427,PRCP,0,,,N,0730
US1TXAG0003,20120428,PRCP,0,,,N,0640
US1TXAG0003,20120429,PRCP,0,,,N,0730
US1TXAG0003,20120430,PRCP,0,,,N,0730
US1TXAG0003,20120401,SNOW,0,,,N,0800
US1TXAG0003,20120402,SNOW,0,,,N,0730
US1TXAG0003,20120405,SNOW,0,,,N,0730
US1TXAG0003,20120406,SNOW,0,,,N,0700
US1TXAG0003,20120407,SNOW,0,,,N,0730
US1TXAG0003,20120408,SNOW,0,,,N,0730
US1TXAG0003,20120409,SNOW,0,,,N,0715
US1TXAG0003,20120410,SNOW,0,,,N,0730
US1TXAG0003,20120411,SNOW,0,,,N,0730
US1TXAG0003,20120412,SNOW,0,,,N,0700
US1TXAG0003,20120413,SNOW,0,,,N,0730
US1TXAG0003,20120414,SNOW,0,,,N,0715
US1TXAG0003,20120415,SNOW,0,,,N,0715
US1TXAG0003,20120418,SNOW,0,,,N,0730
US1TXAG0003,20120419,SNOW,0,,,N,0730
US1TXAG0003,20120420,SNOW,0,,,N,0730
US1TXAG0003,20120422,SNOW,0,,,N,0800
US1TXAG0003,20120423,SNOW,0,,,N,0730
US1TXAG0003,20120424,SNOW,0,,,N,0730
US1TXAG0003,20120425,SNOW,0,,,N,0800
US1TXAG0003,20120426,SNOW,0,,,N,0730
US1TXAG0003,20120427,SNOW,0,,,N,0730
US1TXAG0003,20120428,SNOW,0,,,N,0640
US1TXAG0003,20120429,SNOW,0,,,N,0730
US1TXAG0003,20120430,SNOW,0,,,N,0730
US1TXAG0003,20120501,PRCP,0,,,N,0730
US1TXAG0003,20120502,PRCP,0,,,N,0730
US1TXAG0003,20120503,PRCP,0,,,N,0735
US1TXAG0003,20120504,PRCP,0,,,N,0730
US1TXAG0003,20120505,PRCP,0,,,N,0730
US1TXAG0003,20120506,PRCP,0,,,N,0800
US1TXAG0003,20120507,PRCP,10,,,N,0730
US1TXAG0003,20120508,PRCP,127,,,N,0730
US1TXAG0003,20120509,PRCP,3,,,N,0730
US1TXAG0003,20120510,PRCP,0,,,N,0730
US1TXAG0003,20120511,PRCP,64,,,N,0730
US1TXAG0003,20120512,PRCP,221,,,N,0730
US1TXAG0003,20120513,PRCP,51,,,N,0745
US1TXAG0003,20120514,PRCP,0,,,N,0730
US1TXAG0003,20120515,PRCP,33,,,N,0730
US1TXAG0003,20120516,PRCP,140,,,N,0730
US1TXAG0003,20120517,PRCP,0,,,N,0730
US1TXAG0003,20120518,PRCP,0,,,N,0730
US1TXAG0003,20120519,PRCP,0,,,N,0730
US1TXAG0003,20120520,PRCP,0,,,N,0800
US1TXAG0003,20120521,PRCP,0,,,N,0730
US1TXAG0003,20120522,PRCP,0,,,N,0720
US1TXAG0003,20120523,PRCP,0,,,N,0720
US1TXAG0003,20120524,PRCP,0,,,N,0730
US1TXAG0003,20120525,PRCP,0,,,N,0730
US1TXAG0003,20120526,PRCP,0,,,N,0800
US1TXAG0003,20120527,PRCP,0,,,N,0700
US1TXAG0003,20120528,PRCP,0,,,N,0730
US1TXAG0003,20120529,PRCP,0,,,N,0730
US1TXAG0003,20120530,PRCP,0,T,,N,0730
US1TXAG0003,20120531,PRCP,0,,,N,0730
US1TXAG0003,20120501,SNOW,0,,,N,0730
US1TXAG0003,20120502,SNOW,0,,,N,0730
US1TXAG0003,20120503,SNOW,0,,,N,0735
US1TXAG0003,20120504,SNOW,0,,,N,0730
US1TXAG0003,20120505,SNOW,0,,,N,0730
US1TXAG0003,20120506,SNOW,0,,,N,0800
US1TXAG0003,20120510,SNOW,0,,,N,0730
US1TXAG0003,20120514,SNOW,0,,,N,0730
US1TXAG0003,20120517,SNOW,0,,,N,0730
US1TXAG0003,20120518,SNOW,0,,,N,0730
US1TXAG0003,20120519,SNOW,0,,,N,0730
US1TXAG0003,20120520,SNOW,0,,,N,0800
US1TXAG0003,20120521,SNOW,0,,,N,0730
US1TXAG0003,20120522,SNOW,0,,,N,0720
US1TXAG0003,20120523,SNOW,0,,,N,0720
US1TXAG0003,20120524,SNOW,0,,,N,0730
US1TXAG0003,20120525,SNOW,0,,,N,0730
US1TXAG0003,20120526,SNOW,0,,,N,0800
US1TXAG0003,20120527,SNOW,0,,,N,0700
US1TXAG0003,20120528,SNOW,0,,,N,0730
US1TXAG0003,20120529,SNOW,0,,,N,0730
US1TXAG0003,20120531,SNOW,0,,,N,0730
US1TXAG0003,20120601,PRCP,191,,,N,0700
US1TXAG0003,20120602,PRCP,0,,,N,0730
US1TXAG0003,20120603,PRCP,0,,,N,0730
US1TXAG0003,20120604,PRCP,0,,,N,0730
US1TXAG0003,20120605,PRCP,0,,,N,0730
US1TXAG0003,20120606,PRCP,0,,,N,0720
US1TXAG0003,20120607,PRCP,13,,,N,0720
US1TXAG0003,20120608,PRCP,0,,,N,0730
US1TXAG0003,20120609,PRCP,0,,,N,0800
US1TXAG0003,20120610,PRCP,0,,,N,0730
US1TXAG0003,20120611,PRCP,0,,,N,0720
US1TXAG0003,20120612,PRCP,0,,,N,0730
US1TXAG0003,20120613,PRCP,15,,,N,0720
US1TXAG0003,20120614,PRCP,231,,,N,0730
US1TXAG0003,20120615,PRCP,3,,,N,0725
US1TXAG0003,20120616,PRCP,53,,,N,0720
US1TXAG0003,20120617,PRCP,104,,,N,0740
US1TXAG0003,20120618,PRCP,3,,,N,0730
US1TXAG0003,20120619,PRCP,112,,,N,0720
US1TXAG0003,20120620,PRCP,38,,,N,0700
US1TXAG0003,20120621,PRCP,0,,,N,0730
US1TXAG0003,20120622,PRCP,0,,,N,0730
US1TXAG0003,20120623,PRCP,0,,,N,0800
US1TXAG0003,20120624,PRCP,0,,,N,0800
US1TXAG0003,20120625,PRCP,0,,,N,0730
US1TXAG0003,20120626,PRCP,0,,,N,0730
US1TXAG0003,20120627,PRCP,0,,,N,0730
US1TXAG0003,20120628,PRCP,0,,,N,0720
US1TXAG0003,20120629,PRCP,0,,,N,0740
US1TXAG0003,20120630,PRCP,0,,,N,0740
US1TXAG0003,20120602,SNOW,0,,,N,0730
US1TXAG0003,20120603,SNOW,0,,,N,0730
US1TXAG0003,20120604,SNOW,0,,,N,0730
US1TXAG0003,20120605,SNOW,0,,,N,0730
US1TXAG0003,20120606,SNOW,0,,,N,0720
US1TXAG0003,20120608,SNOW,0,,,N,0730
US1TXAG0003,20120609,SNOW,0,,,N,0800
US1TXAG0003,20120610,SNOW,0,,,N,0730
US1TXAG0003,20120611,SNOW,0,,,N,0720
US1TXAG0003,20120612,SNOW,0,,,N,0730
US1TXAG0003,20120621,SNOW,0,,,N,0730
US1TXAG0003,20120622,SNOW,0,,,N,0730
US1TXAG0003,20120623,SNOW,0,,,N,0800
US1TXAG0003,20120624,SNOW,0,,,N,0800
US1TXAG0003,20120625,SNOW,0,,,N,0730
US1TXAG0003,20120626,SNOW,0,,,N,0730
US1TXAG0003,20120627,SNOW,0,,,N,0730
US1TXAG0003,20120628,SNOW,0,,,N,0720
US1TXAG0003,20120629,SNOW,0,,,N,0740
US1TXAG0003,20120630,SNOW,0,,,N,0740
US1TXAG0003,20120701,PRCP,0,,,N,0700
US1TXAG0003,20120702,PRCP,53,,,N,0700
US1TXAG0003,20120703,PRCP,5,,,N,0700
US1TXAG0003,20120704,PRCP,3,,,N,0700
US1TXAG0003,20120705,PRCP,0,,,N,0730
US1TXAG0003,20120706,PRCP,0,,,N,0730
US1TXAG0003,20120707,PRCP,38,,,N,0700
US1TXAG0003,20120708,PRCP,0,,,N,0700
US1TXAG0003,20120709,PRCP,0,,,N,0730
US1TXAG0003,20120710,PRCP,338,,,N,0700
US1TXAG0003,20120711,PRCP,206,,,N,0730
US1TXAG0003,20120712,PRCP,5,,,N,0730
US1TXAG0003,20120713,PRCP,140,,,N,0730
US1TXAG0003,20120714,PRCP,38,,,N,0830
US1TXAG0003,20120715,PRCP,267,,,N,0700
US1TXAG0003,20120716,PRCP,277,,,N,0730
US1TXAG0003,20120717,PRCP,89,,,N,0700
US1TXAG0003,20120718,PRCP,0,,,N,0720
US1TXAG0003,20120719,PRCP,0,,,N,0730
US1TXAG0003,20120720,PRCP,0,,,N,0730
US1TXAG0003,20120721,PRCP,0,,,N,0740
US1TXAG0003,20120722,PRCP,295,,,N,0720
US1TXAG0003,20120723,PRCP,5,,,N,0700
US1TXAG0003,20120724,PRCP,8,,,N,0730
US1TXAG0003,20120725,PRCP,0,,,N,0730
US1TXAG0003,20120726,PRCP,0,,,N,0730
US1TXAG0003,20120727,PRCP,0,,,N,0800
US1TXAG0003,20120728,PRCP,0,,,N,0700
US1TXAG0003,20120729,PRCP,0,,,N,0800
US1TXAG0003,20120730,PRCP,0,,,N,0700
US1TXAG0003,20120731,PRCP,0,,,N,0700
US1TXAG0003,20120701,SNOW,0,,,N,0700
US1TXAG0003,20120705,SNOW,0,,,N,0730
US1TXAG0003,20120706,SNOW,0,,,N,0730
US1TXAG0003,20120708,SNOW,0,,,N,0700
US1TXAG0003,20120709,SNOW,0,,,N,0730
US1TXAG0003,20120714,SNOW,0,,,N,0830
US1TXAG0003,20120718,SNOW,0,,,N,0720
US1TXAG0003,20120719,SNOW,0,,,N,0730
US1TXAG0003,20120720,SNOW,0,,,N,0730
US1TXAG0003,20120721,SNOW,0,,,N,0740
US1TXAG0003,20120725,SNOW,0,,,N,0730
US1TXAG0003,20120726,SNOW,0,,,N,0730
US1TXAG0003,20120727,SNOW,0,,,N,0800
US1TXAG0003,20120728,SNOW,0,,,N,0700
US1TXAG0003,20120729,SNOW,0,,,N,0800
US1TXAG0003,20120730,SNOW,0,,,N,0700
US1TXAG0003,20120731,SNOW,0,,,N,0700
US1TXAG0003,20120801,PRCP,0,,,N,0700
US1TXAG0003,20120802,PRCP,0,,,N,0730
US1TXAG0003,20120803,PRCP,0,,,N,0730
US1TXAG0003,20120804,PRCP,0,,,N,0800
US1TXAG0003,20120805,PRCP,0,,,N,0800
US1TXAG0003,20120806,PRCP,0,,,N,0700
US1TXAG0003,20120807,PRCP,0,,,N,0700
US1TXAG0003,20120808,PRCP,323,,,N,0700
US1TXAG0003,20120809,PRCP,3,,,N,0700
US1TXAG0003,20120810,PRCP,0,,,N,0730
US1TXAG0003,20120811,PRCP,0,,,N,0800
US1TXAG0003,20120812,PRCP,0,,,N,0800
US1TXAG0003,20120813,PRCP,0,,,N,0700
US1TXAG0003,20120814,PRCP,0,,,N,0700
US1TXAG0003,20120815,PRCP,0,,,N,0700
US1TXAG0003,20120816,PRCP,0,,,N,0700
US1TXAG0003,20120817,PRCP,0,,,N,0700
US1TXAG0003,20120818,PRCP,5,,,N,0700
US1TXAG0003,20120819,PRCP,0,,,N,0700
US1TXAG0003,20120820,PRCP,0,,,N,0700
US1TXAG0003,20120821,PRCP,0,,,N,0700
US1TXAG0003,20120822,PRCP,13,,,N,0700
US1TXAG0003,20120823,PRCP,0,,,N,0730
US1TXAG0003,20120824,PRCP,0,,,N,0700
US1TXAG0003,20120825,PRCP,5,,,N,0700
US1TXAG0003,20120826,PRCP,0,,,N,0730
US1TXAG0003,20120827,PRCP,20,,,N,0700
US1TXAG0003,20120828,PRCP,0,,,N,0700
US1TXAG0003,20120829,PRCP,0,,,N,0700
US1TXAG0003,20120830,PRCP,0,,,N,0700
US1TXAG0003,20120831,PRCP,13,,,N,0700
US1TXAG0003,20120801,SNOW,0,,,N,0700
US1TXAG0003,20120802,SNOW,0,,,N,0730
US1TXAG0003,20120803,SNOW,0,,,N,0730
US1TXAG0003,20120804,SNOW,0,,,N,0800
US1TXAG0003,20120805,SNOW,0,,,N,0800
US1TXAG0003,20120806,SNOW,0,,,N,0700
US1TXAG0003,20120807,SNOW,0,,,N,0700
US1TXAG0003,20120810,SNOW,0,,,N,0730
US1TXAG0003,20120811,SNOW,0,,,N,0800
US1TXAG0003,20120812,SNOW,0,,,N,0800
US1TXAG0003,20120813,SNOW,0,,,N,0700
US1TXAG0003,20120814,SNOW,0,,,N,0700
US1TXAG0003,20120815,SNOW,0,,,N,0700
US1TXAG0003,20120816,SNOW,0,,,N,0700
US1TXAG0003,20120817,SNOW,0,,,N,0700
US1TXAG0003,20120819,SNOW,0,,,N,0700
US1TXAG0003,20120820,SNOW,0,,,N,0700
US1TXAG0003,20120821,SNOW,0,,,N,0700
US1TXAG0003,20120823,SNOW,0,,,N,0730
US1TXAG0003,20120824,SNOW,0,,,N,0700
US1TXAG0003,20120826,SNOW,0,,,N,0730
US1TXAG0003,20120828,SNOW,0,,,N,0700
US1TXAG0003,20120829,SNOW,0,,,N,0700
US1TXAG0003,20120830,SNOW,0,,,N,0700
US1TXAG0003,20120901,PRCP,307,,,N,0700
US1TXAG0003,20120902,PRCP,18,,,N,0730
US1TXAG0003,20120903,PRCP,3,,,N,0700
US1TXAG0003,20120904,PRCP,0,,,N,0700
US1TXAG0003,20120905,PRCP,0,,,N,0700
US1TXAG0003,20120906,PRCP,0,,,N,0730
US1TXAG0003,20120907,PRCP,0,,,N,0700
US1TXAG0003,20120908,PRCP,0,,,N,0700
US1TXAG0003,20120909,PRCP,0,,,N,0700
US1TXAG0003,20120910,PRCP,0,,,N,0700
US1TXAG0003,20120911,PRCP,0,,,N,0700
US1TXAG0003,20120912,PRCP,0,,,N,0700
US1TXAG0003,20120913,PRCP,0,,,N,0700
US1TXAG0003,20120914,PRCP,13,,,N,0700
US1TXAG0003,20120915,PRCP,71,,,N,0800
US1TXAG0003,20120916,PRCP,0,T,,N,0730
US1TXAG0003,20120917,PRCP,196,,,N,0730
US1TXAG0003,20120918,PRCP,51,,,N,0700
US1TXAG0003,20120919,PRCP,0,,,N,0730
US1TXAG0003,20120920,PRCP,0,,,N,0800
US1TXAG0003,20120921,PRCP,0,,,N,0730
US1TXAG0003,20120922,PRCP,0,,,N,0730
US1TXAG0003,20120923,PRCP,0,,,N,0700
US1TXAG0003,20120924,PRCP,0,,,N,0730
US1TXAG0003,20120925,PRCP,0,,,N,0730
US1TXAG0003,20120926,PRCP,0,,,N,0730
US1TXAG0003,20120927,PRCP,0,,,N,0730
US1TXAG0003,20120928,PRCP,0,,,N,0700
US1TXAG0003,20120929,PRCP,10,,,N,0800
US1TXAG0003,20120930,PRCP,1059,,,N,0730
US1TXAG0003,20120904,SNOW,0,,,N,0700
US1TXAG0003,20120905,SNOW,0,,,N,0700
US1TXAG0003,20120906,SNOW,0,,,N,0730
US1TXAG0003,20120907,SNOW,0,,,N,0700
US1TXAG0003,20120908,SNOW,0,,,N,0700
US1TXAG0003,20120909,SNOW,0,,,N,0700
US1TXAG0003,20120910,SNOW,0,,,N,0700
US1TXAG0003,20120911,SNOW,0,,,N,0700
US1TXAG0003,20120912,SNOW,0,,,N,0700
US1TXAG0003,20120913,SNOW,0,,,N,0700
US1TXAG0003,20120919,SNOW,0,,,N,0730
US1TXAG0003,20120920,SNOW,0,,,N,0800
US1TXAG0003,20120921,SNOW,0,,,N,0730
US1TXAG0003,20120922,SNOW,0,,,N,0730
US1TXAG0003,20120923,SNOW,0,,,N,0700
US1TXAG0003,20120924,SNOW,0,,,N,0730
US1TXAG0003,20120925,SNOW,0,,,N,0730
US1TXAG0003,20120926,SNOW,0,,,N,0730
US1TXAG0003,20120927,SNOW,0,,,N,0730
US1TXAG0003,20120928,SNOW,0,,,N,0700
US1TXAG0003,20121001,PRCP,102,,,N,0700
US1TXAG0003,20121002,PRCP,3,,,N,0800
US1TXAG0003,20121003,PRCP,0,,,N,0700
US1TXAG0003,20121004,PRCP,0,,,N,0700
US1TXAG0003,20121005,PRCP,0,,,N,0730
US1TXAG0003,20121006,PRCP,0,,,N,0730
US1TXAG0003,20121007,PRCP,0,,,N,0800
US1TXAG0003,20121008,PRCP,5,,,N,0800
US1TXAG0003,20121009,PRCP,0,,,N,0730
US1TXAG0003,20121010,PRCP,0,,,N,0730
US1TXAG0003,20121011,PRCP,0,,,N,0730
US1TXAG0003,20121012,PRCP,0,,,N,0700
US1TXAG0003,20121013,PRCP,0,,,N,0800
US1TXAG0003,20121014,PRCP,5,,,N,0800
US1TXAG0003,20121015,PRCP,10,,,N,0730
US1TXAG0003,20121016,PRCP,0,,,N,0730
US1TXAG0003,20121017,PRCP,25,,,N,0725
US1TXAG0003,20121018,PRCP,5,,,N,0700
US1TXAG0003,20121019,PRCP,0,,,N,0720
US1TXAG0003,20121020,PRCP,0,,,N,0800
US1TXAG0003,20121021,PRCP,0,,,N,0730
US1TXAG0003,20121022,PRCP,0,,,N,0730
US1TXAG0003,20121023,PRCP,0,,,N,0730
US1TXAG0003,20121024,PRCP,0,,,N,0800
US1TXAG0003,20121025,PRCP,0,,,N,0730
US1TXAG0003,20121026,PRCP,89,,,N,0730
US1TXAG0003,20121027,PRCP,15,,,N,0730
US1TXAG0003,20121028,PRCP,0,,,N,0800
US1TXAG0003,20121029,PRCP,0,,,N,0730
US1TXAG0003,20121030,PRCP,0,,,N,0730
US1TXAG0003,20121031,PRCP,0,,,N,0730
US1TXAG0003,20121003,SNOW,0,,,N,0700
US1TXAG0003,20121004,SNOW,0,,,N,0700
US1TXAG0003,20121005,SNOW,0,,,N,0730
US1TXAG0003,20121006,SNOW,0,,,N,0730
US1TXAG0003,20121007,SNOW,0,,,N,0800
US1TXAG0003,20121009,SNOW,0,,,N,0730
US1TXAG0003,20121010,SNOW,0,,,N,0730
US1TXAG0003,20121011,SNOW,0,,,N,0730
US1TXAG0003,20121012,SNOW,0,,,N,0700
US1TXAG0003,20121013,SNOW,0,,,N,0800
US1TXAG0003,20121016,SNOW,0,,,N,0730
US1TXAG0003,20121019,SNOW,0,,,N,0720
US1TXAG0003,20121020,SNOW,0,,,N,0800
US1TXAG0003,20121021,SNOW,0,,,N,0730
US1TXAG0003,20121022,SNOW,0,,,N,0730
US1TXAG0003,20121023,SNOW,0,,,N,0730
US1TXAG0003,20121024,SNOW,0,,,N,0800
US1TXAG0003,20121025,SNOW,0,,,N,0730
US1TXAG0003,20121028,SNOW,0,,,N,0800
US1TXAG0003,20121029,SNOW,0,,,N,0730
US1TXAG0003,20121030,SNOW,0,,,N,0730
US1TXAG0003,20121031,SNOW,0,,,N,0730
US1TXAG0003,20121101,PRCP,0,,,N,0730
US1TXAG0003,20121102,PRCP,0,,,N,0730
US1TXAG0003,20121103,PRCP,0,,,N,0700
US1TXAG0003,20121104,PRCP,391,,,N,0645
US1TXAG0003,20121105,PRCP,3,,,N,0700
US1TXAG0003,20121106,PRCP,0,,,N,0730
US1TXAG0003,20121107,PRCP,0,,,N,0700
US1TXAG0003,20121108,PRCP,0,,,N,0700
US1TXAG0003,20121109,PRCP,0,,,N,0700
US1TXAG0003,20121110,PRCP,0,,,N,0700
US1TXAG0003,20121111,PRCP,0,,,N,0700
US1TXAG0003,20121112,PRCP,41,,,N,0700
US1TXAG0003,20121113,PRCP,3,,,N,0730
US1TXAG0003,20121114,PRCP,0,,,N,0700
US1TXAG0003,20121115,PRCP,0,,,N,0700
US1TXAG0003,20121116,PRCP,0,,,N,0700
US1TXAG0003,20121117,PRCP,0,,,N,0730
US1TXAG0003,20121118,PRCP,0,,,N,0700
US1TXAG0003,20121119,PRCP,0,,,N,0800
US1TXAG0003,20121120,PRCP,0,,,N,0700
US1TXAG0003,20121121,PRCP,0,,,N,0620
US1TXAG0003,20121122,PRCP,0,,,N,0700
US1TXAG0003,20121123,PRCP,0,,,N,0700
US1TXAG0003,20121124,PRCP,0,,,N,0700
US1TXAG0003,20121125,PRCP,0,,,N,0700
US1TXAG0003,20121126,PRCP,0,,,N,0730
US1TXAG0003,20121127,PRCP,18,,,N,0800
US1TXAG0003,20121128,PRCP,0,,,N,0730
US1TXAG0003,20121129,PRCP,0,,,N,0700
US1TXAG0003,20121130,PRCP,3,,,N,0750
US1TXAG0003,20121101,SNOW,0,,,N,0730
US1TXAG0003,20121102,SNOW,0,,,N,0730
US1TXAG0003,20121103,SNOW,0,,,N,0700
US1TXAG0003,20121106,SNOW,0,,,N,0730
US1TXAG0003,20121107,SNOW,0,,,N,0700
US1TXAG0003,20121108,SNOW,0,,,N,0700
US1TXAG0003,20121109,SNOW,0,,,N,0700
US1TXAG0003,20121110,SNOW,0,,,N,0700
US1TXAG0003,20121111,SNOW,0,,,N,0700
US1TXAG0003,20121114,SNOW,0,,,N,0700
US1TXAG0003,20121115,SNOW,0,,,N,0700
US1TXAG0003,20121116,SNOW,0,,,N,0700
US1TXAG0003,20121117,SNOW,0,,,N,0730
US1TXAG0003,20121118,SNOW,0,,,N,0700
US1TXAG0003,20121119,SNOW,0,,,N,0800
US1TXAG0003,20121120,SNOW,0,,,N,0700
US1TXAG0003,20121121,SNOW,0,,,N,0620
US1TXAG0003,20121122,SNOW,0,,,N,0700
US1TXAG0003,20121123,SNOW,0,,,N,0700
US1TXAG0003,20121124,SNOW,0,,,N,0700
US1TXAG0003,20121125,SNOW,0,,,N,0700
US1TXAG0003,20121126,SNOW,0,,,N,0730
US1TXAG0003,20121128,SNOW,0,,,N,0730
US1TXAG0003,20121129,SNOW,0,,,N,0700
US1TXAG0003,20121201,PRCP,3,,,N,0730
US1TXAG0003,20121202,PRCP,0,,,N,0800
US1TXAG0003,20121203,PRCP,0,,,N,0730
US1TXAG0003,20121204,PRCP,5,,,N,0730
US1TXAG0003,20121205,PRCP,33,,,N,0730
US1TXAG0003,20121206,PRCP,8,,,N,0730
US1TXAG0003,20121207,PRCP,3,,,N,0700
US1TXAG0003,20121208,PRCP,0,,,N,0800
US1TXAG0003,20121209,PRCP,0,,,N,0730
US1TXAG0003,20121210,PRCP,249,,,N,0730
US1TXAG0003,20121211,PRCP,0,,,N,0730
US1TXAG0003,20121212,PRCP,0,,,N,0730
US1TXAG0003,20121213,PRCP,0,,,N,0730
US1TXAG0003,20121214,PRCP,0,,,N,0730
US1TXAG0003,20121215,PRCP,5,,,N,0730
US1TXAG0003,20121216,PRCP,160,,,N,0800
US1TXAG0003,20121217,PRCP,76,,,N,0730
US1TXAG0003,20121218,PRCP,0,,,N,0730
US1TXAG0003,20121219,PRCP,5,,,N,0730
US1TXAG0003,20121220,PRCP,51,,,N,0730
US1TXAG0003,20121221,PRCP,0,,,N,0730
US1TXAG0003,20121222,PRCP,0,,,N,0800
US1TXAG0003,20121223,PRCP,0,,,N,0800
US1TXAG0003,20121224,PRCP,0,,,N,0800
US1TXAG0003,20121225,PRCP,312,,,N,0800
US1TXAG0003,20121226,PRCP,0,,,N,0800
US1TXAG0003,20121227,PRCP,0,,,N,0800
US1TXAG0003,20121228,PRCP,38,,,N,0800
US1TXAG0003,20121229,PRCP,8,,,N,0730
US1TXAG0003,20121230,PRCP,0,,,N,0800
US1TXAG0003,20121231,PRCP,0,,,N,0800
US1TXAG0003,20121202,SNOW,0,,,N,0800
US1TXAG0003,20121203,SNOW,0,,,N,0730
US1TXAG0003,20121208,SNOW,0,,,N,0800
US1TXAG0003,20121209,SNOW,0,,,N,0730
US1TXAG0003,20121211,SNOW,0,,,N,0730
US1TXAG0003,20121212,SNOW,0,,,N,0730
US1TXAG0003,20121213,SNOW,0,,,N,0730
US1TXAG0003,20121214,SNOW,0,,,N,0730
US1TXAG0003,20121218,SNOW,0,,,N,0730
US1TXAG0003,20121221,SNOW,0,,,N,0730
US1TXAG0003,20121222,SNOW,0,,,N,0800
US1TXAG0003,20121223,SNOW,0,,,N,0800
US1TXAG0003,20121224,SNOW,0,,,N,0800
US1TXAG0003,20121225,SNOW,0,,,N,0800
US1TXAG0003,20121226,SNOW,0,,,N,0800
US1TXAG0003,20121227,SNOW,0,,,N,0800
US1TXAG0003,20121230,SNOW,0,,,N,0800
US1TXAG0003,20121231,SNOW,0,,,N,0800
US1TXAG0003,20130101,PRCP,323,,,N,0800
US1TXAG0003,20130102,PRCP,5,,,N,0730
US1TXAG0003,20130103,PRCP,0,,,N,0700
US1TXAG0003,20130104,PRCP,5,,,N,0730
US1TXAG0003,20130105,PRCP,64,,,N,0800
US1TXAG0003,20130106,PRCP,25,,,N,0730
US1TXAG0003,20130107,PRCP,0,,,N,0800
US1TXAG0003,20130108,PRCP,10,,,N,0730
US1TXAG0003,20130109,PRCP,272,,,N,0730
US1TXAG0003,20130110,PRCP,206,,,N,0730
US1TXAG0003,20130111,PRCP,5,,,N,0730
US1TXAG0003,20130112,PRCP,5,,,N,0730
US1TXAG0003,20130113,PRCP,457,,,N,0745
US1TXAG0003,20130114,PRCP,25,,,N,0730
US1TXAG0003,20130115,PRCP,15,,,N,0730
US1TXAG0003,20130116,PRCP,51,,,N,0730
US1TXAG0003,20130117,PRCP,3,,,N,0730
US1TXAG0003,20130118,PRCP,0,,,N,0720
US1TXAG0003,20130119,PRCP,3,,,N,0800
US1TXAG0003,20130120,PRCP,0,,,N,0800
US1TXAG0003,20130121,PRCP,0,,,N,0800
US1TXAG0003,20130122,PRCP,0,,,N,0745
US1TXAG0003,20130123,PRCP,0,,,N,0730
US1TXAG0003,20130124,PRCP,0,,,N,0730
US1TXAG0003,20130125,PRCP,0,,,N,0720
US1TXAG0003,20130126,PRCP,3,,,N,0800
US1TXAG0003,20130127,PRCP,0,,,N,0800
US1TXAG0003,20130128,PRCP,5,,,N,0700
US1TXAG0003,20130129,PRCP,0,,,N,0700
US1TXAG0003,20130130,PRCP,84,,,N,0700
US1TXAG0003,20130131,PRCP,0,,,N,0700
US1TXAG0003,20130103,SNOW,0,,,N,0700
US1TXAG0003,20130107,SNOW,0,,,N,0800
US1TXAG0003,20130118,SNOW,0,,,N,0720
US1TXAG0003,20130120,SNOW,0,,,N,0800
US1TXAG0003,20130121,SNOW,0,,,N,0800
US1TXAG0003,20130122,SNOW,0,,,N,0745
US1TXAG0003,20130123,SNOW,0,,,N,0730
US1TXAG0003,20130124,SNOW,0,,,N,0730
US1TXAG0003,20130125,SNOW,0,,,N,0720
US1TXAG0003,20130127,SNOW,0,,,N,0800
US1TXAG0003,20130129,SNOW,0,,,N,0700
US1TXAG0003,20130131,SNOW,0,,,N,0700
US1TXAG0003,20130201,PRCP,0,,,N,0700
US1TXAG0003,20130202,PRCP,0,,,N,0730
US1TXAG0003,20130203,PRCP,0,,,N,0700
US1TXAG0003,20130204,PRCP,0,,,N,0730
US1TXAG0003,20130205,PRCP,18,,,N,0730
US1TXAG0003,20130206,PRCP,10,,,N,0730
US1TXAG0003,20130207,PRCP,130,,,N,0700
US1TXAG0003,20130208,PRCP,0,,,N,0700
US1TXAG0003,20130209,PRCP,0,,,N,0800
US1TXAG0003,20130210,PRCP,5,,,N,0700
US1TXAG0003,20130211,PRCP,302,,,N,0700
US1TXAG0003,20130212,PRCP,71,,,N,0730
US1TXAG0003,20130213,PRCP,33,,,N,0730
US1TXAG0003,20130214,PRCP,0,,,N,0700
US1TXAG0003,20130215,PRCP,0,,,N,0730
US1TXAG0003,20130216,PRCP,3,,,N,0700
US1TXAG0003,20130217,PRCP,0,,,N,0800
US1TXAG0003,20130218,PRCP,0,,,N,0800
US1TXAG0003,20130219,PRCP,130,,,N,0700
US1TXAG0003,20130220,PRCP,0,,,N,0700
US1TXAG0003,20130221,PRCP,0,,,N,0900
US1TXAG0003,20130222,PRCP,84,,,N,0900
US1TXAG0003,20130223,PRCP,0,,,N,0730
US1TXAG0003,20130224,PRCP,0,,,N,0730
US1TXAG0003,20130225,PRCP,0,,,N,0730
US1TXAG0003,20130226,PRCP,5,,,N,0730
US1TXAG0003,20130227,PRCP,0,,,N,0730
US1TXAG0003,20130228,PRCP,0,,,N,0730
US1TXAG0003,20130201,SNOW,0,,,N,0700
US1TXAG0003,20130202,SNOW,0,,,N,0730
US1TXAG0003,20130203,SNOW,0,,,N,0700
US1TXAG0003,20130204,SNOW,0,,,N,0730
US1TXAG0003,20130208,SNOW,0,,,N,0700
US1TXAG0003,20130209,SNOW,0,,,N,0800
US1TXAG0003,20130214,SNOW,0,,,N,0700
US1TXAG0003,20130215,SNOW,0,,,N,0730
US1TXAG0003,20130217,SNOW,0,,,N,0800
US1TXAG0003,20130218,SNOW,0,,,N,0800
US1TXAG0003,20130220,SNOW,0,,,N,0700
US1TXAG0003,20130221,SNOW,0,,,N,0900
US1TXAG0003,20130223,SNOW,0,,,N,0730
US1TXAG0003,20130224,SNOW,0,,,N,0730
US1TXAG0003,20130225,SNOW,0,,,N,0730
US1TXAG0003,20130227,SNOW,0,,,N,0730
US1TXAG0003,20130228,SNOW,0,,,N,0730
US1TXAG0003,20130301,PRCP,0,,,N,0730
US1TXAG0003,20130302,PRCP,0,,,N,0700
US1TXAG0003,20130303,PRCP,0,,,N,0700
US1TXAG0003,20130304,PRCP,0,,,N,0700
US1TXAG0003,20130305,PRCP,0,,,N,0730
US1TXAG0003,20130306,PRCP,0,,,N,0730
US1TXAG0003,20130307,PRCP,0,,,N,0730
US1TXAG0003,20130308,PRCP,0,,,N,0730
US1TXAG0003,20130309,PRCP,0,,,N,0700
US1TXAG0003,20130310,PRCP,330,,,N,0800
US1TXAG0003,20130311,PRCP,86,,,N,0730
US1TXAG0003,20130312,PRCP,0,,,N,0730
US1TXAG0003,20130313,PRCP,0,,,N,0730
US1TXAG0003,20130314,PRCP,0,,,N,0730
US1TXAG0003,20130315,PRCP,0,,,N,0800
US1TXAG0003,20130316,PRCP,0,,,N,0800
US1TXAG0003,20130317,PRCP,0,,,N,0800
US1TXAG0003,20130318,PRCP,0,,,N,0730
US1TXAG0003,20130319,PRCP,0,,,N,0730
US1TXAG0003,20130320,PRCP,86,,,N,0730
US1TXAG0003,20130321,PRCP,5,,,N,0800
US1TXAG0003,20130322,PRCP,0,,,N,0700
US1TXAG0003,20130323,PRCP,0,,,N,0730
US1TXAG0003,20130324,PRCP,0,,,N,0800
US1TXAG0003,20130325,PRCP,0,,,N,0730
US1TXAG0003,20130326,PRCP,0,,,N,0700
US1TXAG0003,20130327,PRCP,0,,,N,0700
US1TXAG0003,20130328,PRCP,0,,,N,0730
US1TXAG0003,20130329,PRCP,0,,,N,0730
US1TXAG0003,20130330,PRCP,69,,,N,0800
US1TXAG0003,20130331,PRCP,0,,,N,0730
US1TXAG0003,20130301,SNOW,0,,,N,0730
US1TXAG0003,20130302,SNOW,0,,,N,0700
US1TXAG0003,20130303,SNOW,0,,,N,0700
US1TXAG0003,20130304,SNOW,0,,,N,0700
US1TXAG0003,20130305,SNOW,0,,,N,0730
US1TXAG0003,20130306,SNOW,0,,,N,0730
US1TXAG0003,20130307,SNOW,0,,,N,0730
US1TXAG0003,20130308,SNOW,0,,,N,0730
US1TXAG0003,20130309,SNOW,0,,,N,0700
US1TXAG0003,20130312,SNOW,0,,,N,0730
US1TXAG0003,20130313,SNOW,0,,,N,0730
US1TXAG0003,20130314,SNOW,0,,,N,0730
US1TXAG0003,20130315,SNOW,0,,,N,0800
US1TXAG0003,20130316,SNOW,0,,,N,0800
US1TXAG0003,20130317,SNOW,0,,,N,0800
US1TXAG0003,20130318,SNOW,0,,,N,0730
US1TXAG0003,20130319,SNOW,0,,,N,0730
US1TXAG0003,20130322,SNOW,0,,,N,0700
US1TXAG0003,20130323,SNOW,0,,,N,0730
US1TXAG0003,20130324,SNOW,0,,,N,0800
US1TXAG0003,20130325,SNOW,0,,,N,0730
US1TXAG0003,20130326,SNOW,0,,,N,0700
US1TXAG0003,20130327,SNOW,0,,,N,0700
US1TXAG0003,20130328,SNOW,0,,,N,0730
US1TXAG0003,20130329,SNOW,0,,,N,0730
US1TXAG0003,20130331,SNOW,0,,,N,0730
US1TXAG0003,20130401,PRCP,0,,,N,0730
US1TXAG0003,20130402,PRCP,0,,,N,0800
US1TXAG0003,20130403,PRCP,531,,,N,0900
US1TXAG0003,20130404,PRCP,5,,,N,0700
US1TXAG0003,20130405,PRCP,0,,,N,0730
US1TXAG0003,20130406,PRCP,0,,,N,0700
US1TXAG0003,20130407,PRCP,0,,,N,0730
US1TXAG0003,20130408,PRCP,0,,,N,0700
US1TXAG0003,20130409,PRCP,0,,,N,0800
US1TXAG0003,20130410,PRCP,0,,,N,0730
US1TXAG0003,20130411,PRCP,104,,,N,0730
US1TXAG0003,20130412,PRCP,18,,,N,0700
US1TXAG0003,20130413,PRCP,0,,,N,0700
US1TXAG0003,20130414,PRCP,0,,,N,0700
US1TXAG0003,20130415,PRCP,0,,,N,0730
US1TXAG0003,20130416,PRCP,0,,,N,0730
US1TXAG0003,20130417,PRCP,0,,,N,0800
US1TXAG0003,20130418,PRCP,0,,,N,0700
US1TXAG0003,20130419,PRCP,104,,,N,0700
US1TXAG0003,20130420,PRCP,0,,,N,0800
US1TXAG0003,20130421,PRCP,0,,,N,0715
US1TXAG0003,20130422,PRCP,0,,,N,0700
US1TXAG0003,20130423,PRCP,0,,,N,0730
US1TXAG0003,20130424,PRCP,0,,,N,0730
US1TXAG0003,20130425,PRCP,0,,,N,0800
US1TXAG0003,20130426,PRCP,0,,,N,0700
US1TXAG0003,20130427,PRCP,0,,,N,0700
US1TXAG0003,20130428,PRCP,13,,,N,2000
US1TXAG0003,20130429,PRCP,0,,,N,0700
US1TXAG0003,20130430,PRCP,0,,,N,0700
US1TXAG0003,20130401,SNOW,0,,,N,0730
US1TXAG0003,20130402,SNOW,0,,,N,0800
US1TXAG0003,20130405,SNOW,0,,,N,0730
US1TXAG0003,20130406,SNOW,0,,,N,0700
US1TXAG0003,20130407,SNOW,0,,,N,0730
US1TXAG0003,20130408,SNOW,0,,,N,0700
US1TXAG0003,20130409,SNOW,0,,,N,0800
US1TXAG0003,20130410,SNOW,0,,,N,0730
US1TXAG0003,20130413,SNOW,0,,,N,0700
US1TXAG0003,20130414,SNOW,0,,,N,0700
US1TXAG0003,20130415,SNOW,0,,,N,0730
US1TXAG0003,20130416,SNOW,0,,,N,0730
US1TXAG0003,20130417,SNOW,0,,,N,0800
US1TXAG0003,20130418,SNOW,0,,,N,0700
US1TXAG0003,20130420,SNOW,0,,,N,0800
US1TXAG0003,20130421,SNOW,0,,,N,0715
US1TXAG0003,20130422,SNOW,0,,,N,0700
US1TXAG0003,20130423,SNOW,0,,,N,0730
US1TXAG0003,20130424,SNOW,0,,,N,0730
US1TXAG0003,20130425,SNOW,0,,,N,0800
US1TXAG0003,20130426,SNOW,0,,,N,0700
US1TXAG0003,20130427,SNOW,0,,,N,0700
US1TXAG0003,20130429,SNOW,0,,,N,0700
US1TXAG0003,20130430,SNOW,0,,,N,0700
US1TXAG0003,20130501,PRCP,10,,,N,0700
US1TXAG0003,20130502,PRCP,0,,,N,0700
US1TXAG0003,20130503,PRCP,8,,,N,0700
US1TXAG0003,20130504,PRCP,0,,,N,0700
US1TXAG0003,20130505,PRCP,0,,,N,0800
US1TXAG0003,20130506,PRCP,0,,,N,0700
US1TXAG0003,20130507,PRCP,0,,,N,0730
US1TXAG0003,20130508,PRCP,0,,,N,0800
US1TXAG0003,20130509,PRCP,0,,,N,0800
US1TXAG0003,20130510,PRCP,155,,,N,0800
US1TXAG0003,20130511,PRCP,10,,,N,0700
US1TXAG0003,20130512,PRCP,0,,,N,0700
US1TXAG0003,20130513,PRCP,0,,,N,0700
US1TXAG0003,20130514,PRCP,0,,,N,0700
US1TXAG0003,20130515,PRCP,0,,,N,0700
US1TXAG0003,20130516,PRCP,185,,,N,0830
US1TXAG0003,20130517,PRCP,5,,,N,0700
US1TXAG0003,20130518,PRCP,0,,,N,0700
US1TXAG0003,20130519,PRCP,0,,,N,0730
US1TXAG0003,20130520,PRCP,0,,,N,0700
US1TXAG0003,20130521,PRCP,0,,,N,0700
US1TXAG0003,20130522,PRCP,318,,,N,0700
US1TXAG0003,20130523,PRCP,3,,,N,0700
US1TXAG0003,20130524,PRCP,0,,,N,0700
US1TXAG0003,20130525,PRCP,0,,,N,0800
US1TXAG0003,20130526,PRCP,51,,,N,0730
US1TXAG0003,20130527,PRCP,0,,,N,0800
US1TXAG0003,20130528,PRCP,0,,,N,0730
US1TXAG0003,20130529,PRCP,0,,,N,0700
US1TXAG0003,20130530,PRCP,0,,,N,0700
US1TXAG0003,20130531,PRCP,0,,,N,0700
US1TXAG0003,20130502,SNOW,0,,,N,0700
US1TXAG0003,20130504,SNOW,0,,,N,0700
US1TXAG0003,20130505,SNOW,0,,,N,0800
US1TXAG0003,20130506,SNOW,0,,,N,0700
US1TXAG0003,20130507,SNOW,0,,,N,0730
US1TXAG0003,20130508,SNOW,0,,,N,0800
US1TXAG0003,20130509,SNOW,0,,,N,0800
US1TXAG0003,20130512,SNOW,0,,,N,0700
US1TXAG0003,20130513,SNOW,0,,,N,0700
US1TXAG0003,20130514,SNOW,0,,,N,0700
US1TXAG0003,20130515,SNOW,0,,,N,0700
US1TXAG0003,20130518,SNOW,0,,,N,0700
US1TXAG0003,20130519,SNOW,0,,,N,0730
US1TXAG0003,20130520,SNOW,0,,,N,0700
US1TXAG0003,20130521,SNOW,0,,,N,0700
US1TXAG0003,20130524,SNOW,0,,,N,0700
US1TXAG0003,20130525,SNOW,0,,,N,0800
US1TXAG0003,20130527,SNOW,0,,,N,0800
US1TXAG0003,20130528,SNOW,0,,,N,0730
US1TXAG0003,20130529,SNOW,0,,,N,0700
US1TXAG0003,20130530,SNOW,0,,,N,0700
US1TXAG0003,20130531,SNOW,0,,,N,0700
US1TXAG0003,20130601,PRCP,0,,,N,0700
US1TXAG0003,20130602,PRCP,1184,,,N,0800
US1TXAG0003,20130603,PRCP,30,,,N,0700
US1TXAG0003,20130604,PRCP,0,,,N,0700
US1TXAG0003,20130605,PRCP,0,,,N,0700
US1TXAG0003,20130606,PRCP,0,,,N,0700
US1TXAG0003,20130607,PRCP,386,,,N,0700
US1TXAG0003,20130608,PRCP,0,,,N,0800
US1TXAG0003,20130609,PRCP,0,,,N,0800
US1TXAG0003,20130610,PRCP,145,,,N,0800
US1TXAG0003,20130611,PRCP,0,,,N,0700
US1TXAG0003,20130612,PRCP,10,,,N,0700
US1TXAG0003,20130613,PRCP,0,,,N,0730
US1TXAG0003,20130614,PRCP,0,,,N,0730
US1TXAG0003,20130615,PRCP,150,,,N,0730
US1TXAG0003,20130616,PRCP,3,,,N,0800
US1TXAG0003,20130617,PRCP,0,,,N,0700
US1TXAG0003,20130618,PRCP,0,,,N,0800
US1TXAG0003,20130619,PRCP,0,,,N,0800
US1TXAG0003,20130620,PRCP,81,,,N,0800
US1TXAG0003,20130621,PRCP,0,,,N,0730
US1TXAG0003,20130622,PRCP,0,,,N,0730
US1TXAG0003,20130623,PRCP,0,,,N,0800
US1TXAG0003,20130624,PRCP,0,,,N,0700
US1TXAG0003,20130625,PRCP,0,,,N,0700
US1TXAG0003,20130626,PRCP,0,,,N,0700
US1TXAG0003,20130627,PRCP,0,,,N,0700
US1TXAG0003,20130628,PRCP,0,,,N,0700
US1TXAG0003,20130629,PRCP,0,,,N,0700
US1TXAG0003,20130630,PRCP,0,,,N,0700
US1TXAG0003,20130601,SNOW,0,,,N,0700
US1TXAG0003,20130604,SNOW,0,,,N,0700
US1TXAG0003,20130605,SNOW,0,,,N,0700
US1TXAG0003,20130606,SNOW,0,,,N,0700
US1TXAG0003,20130608,SNOW,0,,,N,0800
US1TXAG0003,20130609,SNOW,0,,,N,0800
US1TXAG0003,20130611,SNOW,0,,,N,0700
US1TXAG0003,20130613,SNOW,0,,,N,0730
US1TXAG0003,20130614,SNOW,0,,,N,0730
US1TXAG0003,20130617,SNOW,0,,,N,0700
US1TXAG0003,20130618,SNOW,0,,,N,0800
US1TXAG0003,20130619,SNOW,0,,,N,0800
US1TXAG0003,20130621,SNOW,0,,,N,0730
US1TXAG0003,20130622,SNOW,0,,,N,0730
US1TXAG0003,20130623,SNOW,0,,,N,0800
US1TXAG0003,20130624,SNOW,0,,,N,0700
US1TXAG0003,20130625,SNOW,0,,,N,0700
US1TXAG0003,20130626,SNOW,0,,,N,0700
US1TXAG0003,20130627,SNOW,0,,,N,0700
US1TXAG0003,20130628,SNOW,0,,,N,0700
US1TXAG0003,20130629,SNOW,0,,,N,0700
US1TXAG0003,20130630,SNOW,0,,,N,0700
US1TXAG0003,20130701,PRCP,0,,,N,0700
US1TXAG0003,20130702,PRCP,0,,,N,0700
US1TXAG0003,20130703,PRCP,0,,,N,0700
US1TXAG0003,20130704,PRCP,0,,,N,0800
US1TXAG0003,20130705,PRCP,0,,,N,0700
US1TXAG0003,20130706,PRCP,0,,,N,0700
US1TXAG0003,20130707,PRCP,0,,,N,0700
US1TXAG0003,20130708,PRCP,282,,,N,0700
US1TXAG0003,20130709,PRCP,3,,,N,0700
US1TXAG0003,20130710,PRCP,0,,,N,0730
US1TXAG0003,20130711,PRCP,0,,,N,0730
US1TXAG0003,20130712,PRCP,0,,,N,0730
US1TXAG0003,20130713,PRCP,0,,,N,0800
US1TXAG0003,20130714,PRCP,0,,,N,0700
US1TXAG0003,20130715,PRCP,28,,,N,0700
US1TXAG0003,20130716,PRCP,180,,,N,0700
US1TXAG0003,20130717,PRCP,56,,,N,0700
US1TXAG0003,20130718,PRCP,69,,,N,0700
US1TXAG0003,20130719,PRCP,18,,,N,0730
US1TXAG0003,20130720,PRCP,74,,,N,0740
US1TXAG0003,20130721,PRCP,28,,,N,0745
US1TXAG0003,20130722,PRCP,8,,,N,0730
US1TXAG0003,20130723,PRCP,0,,,N,0730
US1TXAG0003,20130724,PRCP,0,,,N,0730
US1TXAG0003,20130725,PRCP,13,,,N,0730
US1TXAG0003,20130726,PRCP,0,,,N,0730
US1TXAG0003,20130727,PRCP,38,,,N,0700
US1TXAG0003,20130728,PRCP,0,,,N,0730
US1TXAG0003,20130729,PRCP,41,,,N,0730
US1TXAG0003,20130730,PRCP,0,,,N,0730
US1TXAG0003,20130731,PRCP,0,,,N,0730
US1TXAG0003,20130701,SNOW,0,,,N,0700
US1TXAG0003,20130702,SNOW,0,,,N,0700
US1TXAG0003,20130703,SNOW,0,,,N,0700
US1TXAG0003,20130704,SNOW,0,,,N,0800
US1TXAG0003,20130705,SNOW,0,,,N,0700
US1TXAG0003,20130706,SNOW,0,,,N,0700
US1TXAG0003,20130707,SNOW,0,,,N,0700
US1TXAG0003,20130710,SNOW,0,,,N,0730
US1TXAG0003,20130711,SNOW,0,,,N,0730
US1TXAG0003,20130712,SNOW,0,,,N,0730
US1TXAG0003,20130713,SNOW,0,,,N,0800
US1TXAG0003,20130714,SNOW,0,,,N,0700
US1TXAG0003,20130723,SNOW,0,,,N,0730
US1TXAG0003,20130724,SNOW,0,,,N,0730
US1TXAG0003,20130726,SNOW,0,,,N,0730
US1TXAG0003,20130728,SNOW,0,,,N,0730
US1TXAG0003,20130730,SNOW,0,,,N,0730
US1TXAG0003,20130731,SNOW,0,,,N,0730
US1TXAG0003,20130801,PRCP,0,,,N,0735
US1TXAG0003,20130802,PRCP,0,,,N,0730
US1TXAG0003,20130803,PRCP,0,,,N,0730
US1TXAG0003,20130804,PRCP,0,,,N,0800
US1TXAG0003,20130805,PRCP,0,,,N,0800
US1TXAG0003,20130806,PRCP,0,,,N,0800
US1TXAG0003,20130807,PRCP,0,,,N,0800
US1TXAG0003,20130808,PRCP,0,,,N,0800
US1TXAG0003,20130809,PRCP,0,,,N,0800
US1TXAG0003,20130810,PRCP,0,,,N,0700
US1TXAG0003,20130811,PRCP,206,,,N,0730
US1TXAG0003,20130812,PRCP,0,,,N,0730
US1TXAG0003,20130813,PRCP,3,,,N,0800
US1TXAG0003,20130814,PRCP,0,,,N,0800
US1TXAG0003,20130815,PRCP,193,,,N,0800
US1TXAG0003,20130816,PRCP,0,,,N,0800
US1TXAG0003,20130817,PRCP,0,,,N,0800
US1TXAG0003,20130818,PRCP,0,,,N,0800
US1TXAG0003,20130819,PRCP,0,,,N,0800
US1TXAG0003,20130820,PRCP,0,,,N,0800
US1TXAG0003,20130821,PRCP,0,,,N,0800
US1TXAG0003,20130822,PRCP,0,,,N,0800
US1TXAG0003,20130823,PRCP,0,,,N,0800
US1TXAG0003,20130824,PRCP,0,,,N,0700
US1TXAG0003,20130825,PRCP,0,,,N,0800
US1TXAG0003,20130826,PRCP,0,,,N,0800
US1TXAG0003,20130827,PRCP,41,,,N,0700
US1TXAG0003,20130828,PRCP,0,,,N,0700
US1TXAG0003,20130829,PRCP,0,,,N,0800
US1TXAG0003,20130830,PRCP,0,,,N,0800
US1TXAG0003,20130831,PRCP,0,,,N,0800
US1TXAG0003,20130801,SNOW,0,,,N,0735
US1TXAG0003,20130802,SNOW,0,,,N,0730
US1TXAG0003,20130803,SNOW,0,,,N,0730
US1TXAG0003,20130804,SNOW,0,,,N,0800
US1TXAG0003,20130805,SNOW,0,,,N,0800
US1TXAG0003,20130806,SNOW,0,,,N,0800
US1TXAG0003,20130807,SNOW,0,,,N,0800
US1TXAG0003,20130808,SNOW,0,,,N,0800
US1TXAG0003,20130809,SNOW,0,,,N,0800
US1TXAG0003,20130810,SNOW,0,,,N,0700
US1TXAG0003,20130812,SNOW,0,,,N,0730
US1TXAG0003,20130814,SNOW,0,,,N,0800
US1TXAG0003,20130816,SNOW,0,,,N,0800
US1TXAG0003,20130817,SNOW,0,,,N,0800
US1TXAG0003,20130818,SNOW,0,,,N,0800
US1TXAG0003,20130819,SNOW,0,,,N,0800
US1TXAG0003,20130820,SNOW,0,,,N,0800
US1TXAG0003,20130821,SNOW,0,,,N,0800
US1TXAG0003,20130822,SNOW,0,,,N,0800
US1TXAG0003,20130823,SNOW,0,,,N,0800
US1TXAG0003,20130824,SNOW,0,,,N,0700
US1TXAG0003,20130825,SNOW,0,,,N,0800
US1TXAG0003,20130826,SNOW,0,,,N,0800
US1TXAG0003,20130828,SNOW,0,,,N,0700
US1TXAG0003,20130829,SNOW,0,,,N,0800
US1TXAG0003,20130830,SNOW,0,,,N,0800
US1TXAG0003,20130831,SNOW,0,,,N,0800
US1TXAG0003,20130901,PRCP,0,,,N,0700
US1TXAG0003,20130902,PRCP,0,,,N,0800
US1TXAG0003,20130903,PRCP,0,,,N,0730
US1TXAG0003,20130904,PRCP,0,,,N,0700
US1TXAG0003,20130905,PRCP,221,,,N,0800
US1TXAG0003,20130906,PRCP,0,,,N,0800
US1TXAG0003,20130907,PRCP,0,,,N,0800
US1TXAG0003,20130908,PRCP,0,,,N,0800
US1TXAG0003,20130909,PRCP,0,,,N,0800
US1TXAG0003,20130910,PRCP,0,,,N,0800
US1TXAG0003,20130911,PRCP,0,,,N,0800
US1TXAG0003,20130912,PRCP,0,,,N,0700
US1TXAG0003,20130913,PRCP,0,,,N,0700
US1TXAG0003,20130914,PRCP,0,,,N,0800
US1TXAG0003,20130915,PRCP,0,,,N,0800
US1TXAG0003,20130916,PRCP,0,,,N,0800
US1TXAG0003,20130917,PRCP,0,,,N,0800
US1TXAG0003,20130918,PRCP,0,,,N,0800
US1TXAG0003,20130919,PRCP,0,,,N,0800
US1TXAG0003,20130920,PRCP,122,,,N,0730
US1TXAG0003,20130921,PRCP,953,,,N,0730
US1TXAG0003,20130922,PRCP,5,,,N,0800
US1TXAG0003,20130923,PRCP,0,,,N,0730
US1TXAG0003,20130924,PRCP,0,,,N,0700
US1TXAG0003,20130925,PRCP,0,,,N,0700
US1TXAG0003,20130926,PRCP,0,,,N,0700
US1TXAG0003,20130927,PRCP,0,,,N,0700
US1TXAG0003,20130928,PRCP,0,,,N,0800
US1TXAG0003,20130929,PRCP,94,,,N,0730
US1TXAG0003,20130930,PRCP,147,,,N,0730
US1TXAG0003,20130901,SNOW,0,,,N,0700
US1TXAG0003,20130902,SNOW,0,,,N,0800
US1TXAG0003,20130903,SNOW,0,,,N,0730
US1TXAG0003,20130904,SNOW,0,,,N,0700
US1TXAG0003,20130906,SNOW,0,,,N,0800
US1TXAG0003,20130907,SNOW,0,,,N,0800
US1TXAG0003,20130908,SNOW,0,,,N,0800
US1TXAG0003,20130909,SNOW,0,,,N,0800
US1TXAG0003,20130910,SNOW,0,,,N,0800
US1TXAG0003,20130911,SNOW,0,,,N,0800
US1TXAG0003,20130912,SNOW,0,,,N,0700
US1TXAG0003,20130913,SNOW,0,,,N,0700
US1TXAG0003,20130914,SNOW,0,,,N,0800
US1TXAG0003,20130915,SNOW,0,,,N,0800
US1TXAG0003,20130916,SNOW,0,,,N,0800
US1TXAG0003,20130917,SNOW,0,,,N,0800
US1TXAG0003,20130918,SNOW,0,,,N,0800
US1TXAG0003,20130919,SNOW,0,,,N,0800
US1TXAG0003,20130923,SNOW,0,,,N,0730
US1TXAG0003,20130924,SNOW,0,,,N,0700
US1TXAG0003,20130925,SNOW,0,,,N,0700
US1TXAG0003,20130926,SNOW,0,,,N,0700
US1TXAG0003,20130927,SNOW,0,,,N,0700
US1TXAG0003,20130928,SNOW,0,,,N,0800
US1TXAG0003,20131001,PRCP,0,,,N,0730
US1TXAG0003,20131002,PRCP,5,,,N,0730
US1TXAG0003,20131003,PRCP,0,,,N,0730
US1TXAG0003,20131004,PRCP,18,,,N,0730
US1TXAG0003,20131005,PRCP,0,,,N,0800
US1TXAG0003,20131006,PRCP,0,,,N,0800
US1TXAG0003,20131007,PRCP,0,,,N,0730
US1TXAG0003,20131008,PRCP,0,,,N,0730
US1TXAG0003,20131009,PRCP,0,,,N,0800
US1TXAG0003,20131010,PRCP,0,,,N,0730
US1TXAG0003,20131011,PRCP,0,,,N,0730
US1TXAG0003,20131012,PRCP,0,,,N,0800
US1TXAG0003,20131013,PRCP,191,,,N,0800
US1TXAG0003,20131014,PRCP,0,,,N,0800
US1TXAG0003,20131015,PRCP,0,,,N,0700
US1TXAG0003,20131016,PRCP,135,,,N,0730
US1TXAG0003,20131017,PRCP,33,,,N,0720
US1TXAG0003,20131018,PRCP,0,,,N,0700
US1TXAG0003,20131019,PRCP,8,,,N,0800
US1TXAG0003,20131020,PRCP,0,,,N,0800
US1TXAG0003,20131021,PRCP,0,,,N,0700
US1TXAG0003,20131022,PRCP,0,,,N,0700
US1TXAG0003,20131023,PRCP,0,,,N,0700
US1TXAG0003,20131024,PRCP,0,,,N,0700
US1TXAG0003,20131025,PRCP,0,,,N,0700
US1TXAG0003,20131026,PRCP,0,,,N,0800
US1TXAG0003,20131027,PRCP,267,,,N,0800
US1TXAG0003,20131028,PRCP,0,,,N,0700
US1TXAG0003,20131029,PRCP,0,,,N,0700
US1TXAG0003,20131030,PRCP,0,,,N,0700
US1TXAG0003,20131031,PRCP,937,,,N,0700
US1TXAG0003,20131001,SNOW,0,,,N,0730
US1TXAG0003,20131003,SNOW,0,,,N,0730
US1TXAG0003,20131005,SNOW,0,,,N,0800
US1TXAG0003,20131006,SNOW,0,,,N,0800
US1TXAG0003,20131007,SNOW,0,,,N,0730
US1TXAG0003,20131008,SNOW,0,,,N,0730
US1TXAG0003,20131009,SNOW,0,,,N,0800
US1TXAG0003,20131010,SNOW,0,,,N,0730
US1TXAG0003,20131011,SNOW,0,,,N,0730
US1TXAG0003,20131012,SNOW,0,,,N,0800
US1TXAG0003,20131014,SNOW,0,,,N,0800
US1TXAG0003,20131015,SNOW,0,,,N,0700
US1TXAG0003,20131018,SNOW,0,,,N,0700
US1TXAG0003,20131020,SNOW,0,,,N,0800
US1TXAG0003,20131021,SNOW,0,,,N,0700
US1TXAG0003,20131022,SNOW,0,,,N,0700
US1TXAG0003,20131023,SNOW,0,,,N,0700
US1TXAG0003,20131024,SNOW,0,,,N,0700
US1TXAG0003,20131025,SNOW,0,,,N,0700
US1TXAG0003,20131026,SNOW,0,,,N,0800
US1TXAG0003,20131028,SNOW,0,,,N,0700
US1TXAG0003,20131029,SNOW,0,,,N,0700
US1TXAG0003,20131030,SNOW,0,,,N,0700
US1TXAG0003,20131101,PRCP,23,,,N,0700
US1TXAG0003,20131102,PRCP,0,,,N,0800
US1TXAG0003,20131103,PRCP,0,,,N,0800
US1TXAG0003,20131104,PRCP,0,,,N,0700
US1TXAG0003,20131105,PRCP,0,,,N,0700
US1TXAG0003,20131106,PRCP,0,,,N,0700
US1TXAG0003,20131107,PRCP,30,,,N,0700
US1TXAG0003,20131108,PRCP,0,,,N,0700
US1TXAG0003,20131109,PRCP,5,,,N,0800
US1TXAG0003,20131110,PRCP,5,,,N,0800
US1TXAG0003,20131111,PRCP,0,,,N,0700
US1TXAG0003,20131112,PRCP,0,,,N,0700
US1TXAG0003,20131113,PRCP,0,,,N,0700
US1TXAG0003,20131114,PRCP,0,,,N,0700
US1TXAG0003,20131115,PRCP,8,,,N,0700
US1TXAG0003,20131116,PRCP,5,,,N,0700
US1TXAG0003,20131117,PRCP,13,,,N,0700
US1TXAG0003,20131118,PRCP,0,,,N,0700
US1TXAG0003,20131119,PRCP,0,,,N,0700
US1TXAG0003,20131120,PRCP,0,,,N,0800
US1TXAG0003,20131121,PRCP,8,,,N,0700
US1TXAG0003,20131122,PRCP,305,,,N,0700
US1TXAG0003,20131123,PRCP,74,,,N,0800
US1TXAG0003,20131124,PRCP,102,,,N,0800
US1TXAG0003,20131125,PRCP,117,,,N,0730
US1TXAG0003,20131126,PRCP,411,,,N,0800
US1TXAG0003,20131127,PRCP,104,,,N,0730
US1TXAG0003,20131128,PRCP,0,,,N,0800
US1TXAG0003,20131129,PRCP,0,,,N,0800
US1TXAG0003,20131130,PRCP,0,,,N,0800
US1TXAG0003,20131102,SNOW,0,,,N,0800
US1TXAG0003,20131103,SNOW,0,,,N,0800
US1TXAG0003,20131104,SNOW,0,,,N,0700
US1TXAG0003,20131105,SNOW,0,,,N,0700
US1TXAG0003,20131106,SNOW,0,,,N,0700
US1TXAG0003,20131108,SNOW,0,,,N,0700
US1TXAG0003,20131111,SNOW,0,,,N,0700
US1TXAG0003,20131112,SNOW,0,,,N,0700
US1TXAG0003,20131113,SNOW,0,,,N,0700
US1TXAG0003,20131114,SNOW,0,,,N,0700
US1TXAG0003,20131115,SNOW,0,,,N,0700
US1TXAG0003,20131118,SNOW,0,,,N,0700
US1TXAG0003,20131119,SNOW,0,,,N,0700
US1TXAG0003,20131120,SNOW,0,,,N,0800
US1TXAG0003,20131128,SNOW,0,,,N,0800
US1TXAG0003,20131129,SNOW,0,,,N,0800
US1TXAG0003,20131130,SNOW,0,,,N,0800
US1TXAG0003,20131201,PRCP,0,,,N,0830
US1TXAG0003,20131202,PRCP,0,,,N,0745
US1TXAG0003,20131203,PRCP,0,,,N,0730
US1TXAG0003,20131204,PRCP,0,,,N,0730
US1TXAG0003,20131205,PRCP,0,,,N,0730
US1TXAG0003,20131206,PRCP,33,,,N,0700
US1TXAG0003,20131207,PRCP,41,,,N,0800
US1TXAG0003,20131208,PRCP,5,,,N,0800
US1TXAG0003,20131209,PRCP,5,,,N,0730
US1TXAG0003,20131210,PRCP,46,,,N,0730
US1TXAG0003,20131211,PRCP,0,,,N,0800
US1TXAG0003,20131212,PRCP,0,,,N,0800
US1TXAG0003,20131213,PRCP,0,,,N,0730
US1TXAG0003,20131214,PRCP,170,,,N,0800
US1TXAG0003,20131215,PRCP,5,,,N,0800
US1TXAG0003,20131216,PRCP,0,,,N,0800
US1TXAG0003,20131217,PRCP,0,,,N,0800
US1TXAG0003,20131218,PRCP,0,,,N,0800
US1TXAG0003,20131219,PRCP,0,,,N,0800
US1TXAG0003,20131220,PRCP,0,,,N,0800
US1TXAG0003,20131221,PRCP,386,,,N,0800
US1TXAG0003,20131222,PRCP,5,,,N,0800
US1TXAG0003,20131223,PRCP,0,,,N,0730
US1TXAG0003,20131224,PRCP,0,,,N,0800
US1TXAG0003,20131225,PRCP,0,,,N,0800
US1TXAG0003,20131226,PRCP,0,,,N,0800
US1TXAG0003,20131227,PRCP,0,,,N,0700
US1TXAG0003,20131228,PRCP,0,,,N,0800
US1TXAG0003,20131229,PRCP,0,,,N,0800
US1TXAG0003,20131230,PRCP,0,,,N,0800
US1TXAG0003,20131231,PRCP,0,,,N,0700
US1TXAG0003,20131201,SNOW,0,,,N,0830
US1TXAG0003,20131202,SNOW,0,,,N,0745
US1TXAG0003,20131203,SNOW,0,,,N,0730
US1TXAG0003,20131204,SNOW,0,,,N,0730
US1TXAG0003,20131205,SNOW,0,,,N,0730
US1TXAG0003,20131211,SNOW,0,,,N,0800
US1TXAG0003,20131212,SNOW,0,,,N,0800
US1TXAG0003,20131213,SNOW,0,,,N,0730
US1TXAG0003,20131216,SNOW,0,,,N,0800
US1TXAG0003,20131217,SNOW,0,,,N,0800
US1TXAG0003,20131218,SNOW,0,,,N,0800
US1TXAG0003,20131219,SNOW,0,,,N,0800
US1TXAG0003,20131220,SNOW,0,,,N,0800
US1TXAG0003,20131223,SNOW,0,,,N,0730
US1TXAG0003,20131224,SNOW,0,,,N,0800
US1TXAG0003,20131225,SNOW,0,,,N,0800
US1TXAG0003,20131226,SNOW,0,,,N,0800
US1TXAG0003,20131227,SNOW,0,,,N,0700
US1TXAG0003,20131228,SNOW,0,,,N,0800
US1TXAG0003,20131229,SNOW,0,,,N,0800
US1TXAG0003,20131230,SNOW,0,,,N,0800
US1TXAG0003,20131231,SNOW,0,,,N,0700
US1TXAG0003,20140101,PRCP,0,,,N,0800
US1TXAG0003,20140102,PRCP,0,,,N,0700
US1TXAG0003,20140103,PRCP,0,,,N,0700
US1TXAG0003,20140104,PRCP,0,,,N,0700
US1TXAG0003,20140105,PRCP,15,,,N,0800
US1TXAG0003,20140106,PRCP,0,,,N,0700
US1TXAG0003,20140107,PRCP,0,,,N,0700
US1TXAG0003,20140108,PRCP,0,,,N,0700
US1TXAG0003,20140109,PRCP,10,,,N,0700
US1TXAG0003,20140110,PRCP,140,,,N,0700
US1TXAG0003,20140111,PRCP,15,,,N,0700
US1TXAG0003,20140112,PRCP,0,,,N,0800
US1TXAG0003,20140113,PRCP,13,,,N,0700
US1TXAG0003,20140114,PRCP,0,,,N,0700
US1TXAG0003,20140115,PRCP,0,,,N,0800
US1TXAG0003,20140116,PRCP,0,,,N,0700
US1TXAG0003,20140117,PRCP,0,,,N,0800
US1TXAG0003,20140118,PRCP,0,,,N,0800
US1TXAG0003,20140119,PRCP,0,,,N,0800
US1TXAG0003,20140120,PRCP,0,,,N,0800
US1TXAG0003,20140121,PRCP,0,,,N,0800
US1TXAG0003,20140122,PRCP,0,,,N,0700
US1TXAG0003,20140123,PRCP,5,,,N,0800
US1TXAG0003,20140124,PRCP,114,,,N,0700
US1TXAG0003,20140125,PRCP,0,,,N,0800
US1TXAG0003,20140126,PRCP,0,,,N,0800
US1TXAG0003,20140127,PRCP,0,,,N,0700
US1TXAG0003,20140128,PRCP,3,,,N,0800
US1TXAG0003,20140129,PRCP,0,,,N,0700
US1TXAG0003,20140130,PRCP,5,,,N,0800
US1TXAG0003,20140131,PRCP,0,,,N,0800
US1TXAG0003,20140101,SNOW,0,,,N,0800
US1TXAG0003,20140102,SNOW,0,,,N,0700
US1TXAG0003,20140103,SNOW,0,,,N,0700
US1TXAG0003,20140104,SNOW,0,,,N,0700
US1TXAG0003,20140106,SNOW,0,,,N,0700
US1TXAG0003,20140107,SNOW,0,,,N,0700
US1TXAG0003,20140108,SNOW,0,,,N,0700
US1TXAG0003,20140112,SNOW,0,,,N,0800
US1TXAG0003,20140114,SNOW,0,,,N,0700
US1TXAG0003,20140115,SNOW,0,,,N,0800
US1TXAG0003,20140116,SNOW,0,,,N,0700
US1TXAG0003,20140117,SNOW,0,,,N,0800
US1TXAG0003,20140118,SNOW,0,,,N,0800
US1TXAG0003,20140119,SNOW,0,,,N,0800
US1TXAG0003,20140120,SNOW,0,,,N,0800
US1TXAG0003,20140121,SNOW,0,,,N,0800
US1TXAG0003,20140122,SNOW,0,,,N,0700
US1TXAG0003,20140125,SNOW,0,,,N,0800
US1TXAG0003,20140126,SNOW,0,,,N,0800
US1TXAG0003,20140127,SNOW,0,,,N,0700
US1TXAG0003,20140128,SNOW,5,,,N,0800
US1TXAG0003,20140129,SNOW,0,,,N,0700
US1TXAG0003,20140131,SNOW,0,,,N,0800
US1TXAG0003,20140124,SNWD,64,,,N,0700
US1TXAG0003,20140201,PRCP,0,,,N,0800
US1TXAG0003,20140202,PRCP,23,,,N,0800
US1TXAG0003,20140203,PRCP,74,,,N,0700
US1TXAG0003,20140204,PRCP,94,,,N,0800
US1TXAG0003,20140205,PRCP,30,,,N,0800
US1TXAG0003,20140206,PRCP,5,,,N,0730
US1TXAG0003,20140207,PRCP,0,,,N,0730
US1TXAG0003,20140208,PRCP,36,,,N,0800
US1TXAG0003,20140209,PRCP,0,,,N,0800
US1TXAG0003,20140210,PRCP,33,,,N,0700
US1TXAG0003,20140211,PRCP,28,,,N,0700
US1TXAG0003,20140212,PRCP,102,,,N,0700
US1TXAG0003,20140213,PRCP,0,,,N,0800
US1TXAG0003,20140214,PRCP,0,,,N,0800
US1TXAG0003,20140215,PRCP,0,,,N,0800
US1TXAG0003,20140216,PRCP,0,,,N,0800
US1TXAG0003,20140217,PRCP,0,,,N,0800
US1TXAG0003,20140218,PRCP,0,,,N,0700
US1TXAG0003,20140219,PRCP,0,,,N,0800
US1TXAG0003,20140220,PRCP,0,,,N,0700
US1TXAG0003,20140221,PRCP,130,,,N,0800
US1TXAG0003,20140222,PRCP,0,,,N,0800
US1TXAG0003,20140223,PRCP,0,,,N,0800
US1TXAG0003,20140224,PRCP,0,,,N,0700
US1TXAG0003,20140225,PRCP,0,,,N,0700
US1TXAG0003,20140226,PRCP,84,,,N,0700
US1TXAG0003,20140227,PRCP,0,,,N,0700
US1TXAG0003,20140228,PRCP,0,,,N,0700
US1TXAG0003,20140201,SNOW,0,,,N,0800
US1TXAG0003,20140207,SNOW,0,,,N,0730
US1TXAG0003,20140209,SNOW,0,,,N,0800
US1TXAG0003,20140210,SNOW,0,,,N,0700
US1TXAG0003,20140213,SNOW,0,,,N,0800
US1TXAG0003,20140214,SNOW,0,,,N,0800
US1TXAG0003,20140215,SNOW,0,,,N,0800
US1TXAG0003,20140216,SNOW,0,,,N,0800
US1TXAG0003,20140217,SNOW,0,,,N,0800
US1TXAG0003,20140218,SNOW,0,,,N,0700
US1TXAG0003,20140219,SNOW,0,,,N,0800
US1TXAG0003,20140220,SNOW,0,,,N,0700
US1TXAG0003,20140222,SNOW,0,,,N,0800
US1TXAG0003,20140223,SNOW,0,,,N,0800
US1TXAG0003,20140224,SNOW,0,,,N,0700
US1TXAG0003,20140225,SNOW,0,,,N,0700
US1TXAG0003,20140227,SNOW,0,,,N,0700
US1TXAG0003,20140228,SNOW,0,,,N,0700
US1TXAG0003,20140301,PRCP,20,,,N,0700
US1TXAG0003,20140302,PRCP,0,,,N,0700
US1TXAG0003,20140303,PRCP,53,,,N,0700
US1TXAG0003,20140304,PRCP,0,,,N,0700
US1TXAG0003,20140305,PRCP,0,,,N,0700
US1TXAG0003,20140306,PRCP,20,,,N,0700
US1TXAG0003,20140307,PRCP,0,,,N,0700
US1TXAG0003,20140308,PRCP,0,,,N,0800
US1TXAG0003,20140309,PRCP,127,,,N,0800
US1TXAG0003,20140310,PRCP,0,,,N,0800
US1TXAG0003,20140311,PRCP,0,,,N,0800
US1TXAG0003,20140312,PRCP,0,,,N,0700
US1TXAG0003,20140313,PRCP,0,,,N,0700
US1TXAG0003,20140314,PRCP,0,,,N,0700
US1TXAG0003,20140315,PRCP,0,,,N,0800
US1TXAG0003,20140316,PRCP,460,,,N,0800
US1TXAG0003,20140317,PRCP,0,,,N,0700
US1TXAG0003,20140318,PRCP,0,,,N,0700
US1TXAG0003,20140319,PRCP,0,,,N,0700
US1TXAG0003,20140320,PRCP,0,,,N,0700
US1TXAG0003,20140321,PRCP,0,,,N,0700
US1TXAG0003,20140322,PRCP,0,,,N,0800
US1TXAG0003,20140323,PRCP,0,,,N,0700
US1TXAG0003,20140324,PRCP,3,,,N,0700
US1TXAG0003,20140325,PRCP,0,,,N,0700
US1TXAG0003,20140326,PRCP,0,,,N,0800
US1TXAG0003,20140327,PRCP,0,,,N,0700
US1TXAG0003,20140328,PRCP,33,,,N,0700
US1TXAG0003,20140329,PRCP,142,,,N,0800
US1TXAG0003,20140330,PRCP,0,,,N,0800
US1TXAG0003,20140331,PRCP,0,,,N,0700
US1TXAG0003,20140302,SNOW,0,,,N,0700
US1TXAG0003,20140304,SNOW,0,,,N,0700
US1TXAG0003,20140305,SNOW,0,,,N,0700
US1TXAG0003,20140306,SNOW,0,,,N,0700
US1TXAG0003,20140307,SNOW,0,,,N,0700
US1TXAG0003,20140308,SNOW,0,,,N,0800
US1TXAG0003,20140310,SNOW,0,,,N,0800
US1TXAG0003,20140311,SNOW,0,,,N,0800
US1TXAG0003,20140312,SNOW,0,,,N,0700
US1TXAG0003,20140313,SNOW,0,,,N,0700
US1TXAG0003,20140314,SNOW,0,,,N,0700
US1TXAG0003,20140315,SNOW,0,,,N,0800
US1TXAG0003,20140317,SNOW,0,,,N,0700
US1TXAG0003,20140318,SNOW,0,,,N,0700
US1TXAG0003,20140319,SNOW,0,,,N,0700
US1TXAG0003,20140320,SNOW,0,,,N,0700
US1TXAG0003,20140321,SNOW,0,,,N,0700
US1TXAG0003,20140322,SNOW,0,,,N,0800
US1TXAG0003,20140323,SNOW,0,,,N,0700
US1TXAG0003,20140325,SNOW,0,,,N,0700
US1TXAG0003,20140326,SNOW,0,,,N,0800
US1TXAG0003,20140327,SNOW,0,,,N,0700
US1TXAG0003,20140330,SNOW,0,,,N,0800
US1TXAG0003,20140331,SNOW,0,,,N,0700
US1TXAG0003,20140401,PRCP,0,,,N,0700
US1TXAG0003,20140402,PRCP,0,,,N,0700
US1TXAG0003,20140403,PRCP,0,,,N,0800
US1TXAG0003,20140404,PRCP,10,,,N,0730
US1TXAG0003,20140405,PRCP,0,,,N,0800
US1TXAG0003,20140406,PRCP,165,,,N,0800
US1TXAG0003,20140407,PRCP,460,,,N,0800
US1TXAG0003,20140408,PRCP,0,,,N,0730
US1TXAG0003,20140409,PRCP,0,,,N,0700
US1TXAG0003,20140410,PRCP,0,,,N,0700
US1TXAG0003,20140411,PRCP,0,,,N,0700
US1TXAG0003,20140412,PRCP,0,,,N,0700
US1TXAG0003,20140413,PRCP,0,,,N,0700
US1TXAG0003,20140414,PRCP,8,,,N,0700
US1TXAG0003,20140415,PRCP,66,,,N,0800
US1TXAG0003,20140416,PRCP,0,,,N,0700
US1TXAG0003,20140417,PRCP,0,,,N,0700
US1TXAG0003,20140418,PRCP,0,,,N,0700
US1TXAG0003,20140419,PRCP,0,,,N,0800
US1TXAG0003,20140420,PRCP,0,,,N,0800
US1TXAG0003,20140421,PRCP,0,,,N,0700
US1TXAG0003,20140422,PRCP,36,,,N,0700
US1TXAG0003,20140423,PRCP,0,,,N,0700
US1TXAG0003,20140424,PRCP,0,,,N,0700
US1TXAG0003,20140425,PRCP,8,,,N,0700
US1TXAG0003,20140426,PRCP,0,,,N,0700
US1TXAG0003,20140427,PRCP,0,,,N,0800
US1TXAG0003,20140428,PRCP,38,,,N,0700
US1TXAG0003,20140429,PRCP,3,,,N,0700
US1TXAG0003,20140430,PRCP,0,,,N,0700
US1TXAG0003,20140401,SNOW,0,,,N,0700
US1TXAG0003,20140402,SNOW,0,,,N,0700
US1TXAG0003,20140403,SNOW,0,,,N,0800
US1TXAG0003,20140405,SNOW,0,,,N,0800
US1TXAG0003,20140408,SNOW,0,,,N,0730
US1TXAG0003,20140409,SNOW,0,,,N,0700
US1TXAG0003,20140410,SNOW,0,,,N,0700
US1TXAG0003,20140411,SNOW,0,,,N,0700
US1TXAG0003,20140412,SNOW,0,,,N,0700
US1TXAG0003,20140413,SNOW,0,,,N,0700
US1TXAG0003,20140416,SNOW,0,,,N,0700
US1TXAG0003,20140417,SNOW,0,,,N,0700
US1TXAG0003,20140418,SNOW,0,,,N,0700
US1TXAG0003,20140419,SNOW,0,,,N,0800
US1TXAG0003,20140420,SNOW,0,,,N,0800
US1TXAG0003,20140421,SNOW,0,,,N,0700
US1TXAG0003,20140423,SNOW,0,,,N,0700
US1TXAG0003,20140424,SNOW,0,,,N,0700
US1TXAG0003,20140426,SNOW,0,,,N,0700
US1TXAG0003,20140427,SNOW,0,,,N,0800
US1TXAG0003,20140430,SNOW,0,,,N,0700
US1TXAG0003,20140501,PRCP,0,,,N,0700
US1TXAG0003,20140502,PRCP,0,,,N,0700
US1TXAG0003,20140503,PRCP,0,,,N,0800
US1TXAG0003,20140504,PRCP,0,,,N,0800
US1TXAG0003,20140505,PRCP,0,,,N,0700
US1TXAG0003,20140506,PRCP,0,,,N,0700
US1TXAG0003,20140507,PRCP,0,,,N,0700
US1TXAG0003,20140508,PRCP,0,,,N,0700
US1TXAG0003,20140509,PRCP,71,,,N,0700
US1TXAG0003,20140510,PRCP,5,,,N,0800
US1TXAG0003,20140511,PRCP,0,,,N,0800
US1TXAG0003,20140512,PRCP,0,,,N,0700
US1TXAG0003,20140513,PRCP,1334,,,N,0730
US1TXAG0003,20140514,PRCP,152,,,N,0700
US1TXAG0003,20140515,PRCP,5,,,N,0700
US1TXAG0003,20140516,PRCP,0,,,N,0700
US1TXAG0003,20140517,PRCP,0,,,N,0700
US1TXAG0003,20140518,PRCP,0,,,N,0700
US1TXAG0003,20140519,PRCP,0,,,N,0700
US1TXAG0003,20140520,PRCP,0,,,N,0700
US1TXAG0003,20140521,PRCP,0,,,N,0700
US1TXAG0003,20140522,PRCP,0,,,N,0700
US1TXAG0003,20140523,PRCP,0,,,N,0700
US1TXAG0003,20140524,PRCP,0,,,N,0800
US1TXAG0003,20140525,PRCP,0,,,N,0700
US1TXAG0003,20140526,PRCP,0,,,N,0700
US1TXAG0003,20140527,PRCP,457,,,N,0700
US1TXAG0003,20140528,PRCP,315,,,N,0700
US1TXAG0003,20140529,PRCP,5,,,N,0700
US1TXAG0003,20140530,PRCP,0,,,N,0700
US1TXAG0003,20140531,PRCP,25,,,N,0700
US1TXAG0003,20140501,SNOW,0,,,N,0700
US1TXAG0003,20140502,SNOW,0,,,N,0700
US1TXAG0003,20140503,SNOW,0,,,N,0800
US1TXAG0003,20140504,SNOW,0,,,N,0800
US1TXAG0003,20140505,SNOW,0,,,N,0700
US1TXAG0003,20140506,SNOW,0,,,N,0700
US1TXAG0003,20140507,SNOW,0,,,N,0700
US1TXAG0003,20140508,SNOW,0,,,N,0700
US1TXAG0003,20140511,SNOW,0,,,N,0800
US1TXAG0003,20140512,SNOW,0,,,N,0700
US1TXAG0003,20140516,SNOW,0,,,N,0700
US1TXAG0003,20140517,SNOW,0,,,N,0700
US1TXAG0003,20140518,SNOW,0,,,N,0700
US1TXAG0003,20140519,SNOW,0,,,N,0700
US1TXAG0003,20140520,SNOW,0,,,N,0700
US1TXAG0003,20140521,SNOW,0,,,N,0700
US1TXAG0003,20140522,SNOW,0,,,N,0700
US1TXAG0003,20140523,SNOW,0,,,N,0700
US1TXAG0003,20140524,SNOW,0,,,N,0800
US1TXAG0003,20140525,SNOW,0,,,N,0700
US1TXAG0003,20140526,SNOW,0,,,N,0700
US1TXAG0003,20140530,SNOW,0,,,N,0700
US1TXAG0003,20140601,PRCP,0,,,N,0800
US1TXAG0003,20140602,PRCP,0,,,N,0700
US1TXAG0003,20140603,PRCP,0,,,N,0700
US1TXAG0003,20140604,PRCP,0,,,N,0700
US1TXAG0003,20140605,PRCP,0,,,N,0700
US1TXAG0003,20140606,PRCP,0,,,N,0700
US1TXAG0003,20140607,PRCP,0,,,N,0800
US1TXAG0003,20140608,PRCP,0,,,N,0800
US1TXAG0003,20140609,PRCP,0,,,N,0700
US1TXAG0003,20140610,PRCP,739,,,N,0700
US1TXAG0003,20140611,PRCP,0,,,N,0700
US1TXAG0003,20140612,PRCP,0,,,N,0700
US1TXAG0003,20140613,PRCP,8,,,N,0700
US1TXAG0003,20140614,PRCP,0,,,N,0700
US1TXAG0003,20140615,PRCP,0,,,N,0800
US1TXAG0003,20140616,PRCP,0,,,N,0700
US1TXAG0003,20140617,PRCP,51,,,N,0700
US1TXAG0003,20140618,PRCP,0,,,N,0700
US1TXAG0003,20140619,PRCP,30,,,N,0700
US1TXAG0003,20140620,PRCP,0,,,N,0800
US1TXAG0003,20140621,PRCP,0,,,N,0700
US1TXAG0003,20140622,PRCP,0,,,N,0800
US1TXAG0003,20140623,PRCP,8,,,N,0700
US1TXAG0003,20140624,PRCP,30,,,N,0700
US1TXAG0003,20140625,PRCP,56,,,N,0700
US1TXAG0003,20140626,PRCP,15,,,N,0700
US1TXAG0003,20140627,PRCP,20,,,N,0700
US1TXAG0003,20140628,PRCP,0,,,N,0700
US1TXAG0003,20140629,PRCP,20,,,N,0700
US1TXAG0003,20140630,PRCP,0,,,N,0700
US1TXAG0003,20140601,SNOW,0,,,N,0800
US1TXAG0003,20140602,SNOW,0,,,N,0700
US1TXAG0003,20140603,SNOW,0,,,N,0700
US1TXAG0003,20140604,SNOW,0,,,N,0700
US1TXAG0003,20140605,SNOW,0,,,N,0700
US1TXAG0003,20140606,SNOW,0,,,N,0700
US1TXAG0003,20140607,SNOW,0,,,N,0800
US1TXAG0003,20140608,SNOW,0,,,N,0800
US1TXAG0003,20140609,SNOW,0,,,N,0700
US1TXAG0003,20140611,SNOW,0,,,N,0700
US1TXAG0003,20140612,SNOW,0,,,N,0700
US1TXAG0003,20140614,SNOW,0,,,N,0700
US1TXAG0003,20140615,SNOW,0,,,N,0800
US1TXAG0003,20140616,SNOW,0,,,N,0700
US1TXAG0003,20140618,SNOW,0,,,N,0700
US1TXAG0003,20140620,SNOW,0,,,N,0800
US1TXAG0003,20140621,SNOW,0,,,N,0700
US1TXAG0003,20140622,SNOW,0,,,N,0800
US1TXAG0003,20140628,SNOW,0,,,N,0700
US1TXAG0003,20140630,SNOW,0,,,N,0700
US1TXAG0003,20140701,PRCP,0,,,N,0700
US1TXAG0003,20140702,PRCP,0,,,N,0700
US1TXAG0003,20140703,PRCP,25,,,N,0800
US1TXAG0003,20140704,PRCP,160,,,N,0700
US1TXAG0003,20140705,PRCP,0,,,N,0700
US1TXAG0003,20140706,PRCP,0,,,N,0800
US1TXAG0003,20140707,PRCP,0,,,N,0700
US1TXAG0003,20140708,PRCP,0,,,N,0800
US1TXAG0003,20140709,PRCP,0,,,N,0800
US1TXAG0003,20140710,PRCP,0,,,N,0700
US1TXAG0003,20140711,PRCP,0,,,N,0700
US1TXAG0003,20140712,PRCP,0,,,N,0700
US1TXAG0003,20140713,PRCP,15,,,N,0730
US1TXAG0003,20140714,PRCP,0,,,N,0700
US1TXAG0003,20140715,PRCP,216,,,N,0700
US1TXAG0003,20140716,PRCP,175,,,N,0700
US1TXAG0003,20140717,PRCP,5,,,N,0800
US1TXAG0003,20140718,PRCP,1567,,,N,0700
US1TXAG0003,20140719,PRCP,102,,,N,0800
US1TXAG0003,20140720,PRCP,5,,,N,0800
US1TXAG0003,20140721,PRCP,0,,,N,0700
US1TXAG0003,20140722,PRCP,0,,,N,0800
US1TXAG0003,20140723,PRCP,0,,,N,0800
US1TXAG0003,20140724,PRCP,0,,,N,0700
US1TXAG0003,20140725,PRCP,0,,,N,0700
US1TXAG0003,20140726,PRCP,0,,,N,0700
US1TXAG0003,20140727,PRCP,0,,,N,0700
US1TXAG0003,20140728,PRCP,0,,,N,0700
US1TXAG0003,20140729,PRCP,41,,,N,0700
US1TXAG0003,20140730,PRCP,0,,,N,0700
US1TXAG0003,20140731,PRCP,3,,,N,0700
US1TXAG0003,20140701,SNOW,0,,,N,0700
US1TXAG0003,20140702,SNOW,0,,,N,0700
US1TXAG0003,20140705,SNOW,0,,,N,0700
US1TXAG0003,20140706,SNOW,0,,,N,0800
US1TXAG0003,20140707,SNOW,0,,,N,0700
US1TXAG0003,20140708,SNOW,0,,,N,0800
US1TXAG0003,20140709,SNOW,0,,,N,0800
US1TXAG0003,20140710,SNOW,0,,,N,0700
US1TXAG0003,20140711,SNOW,0,,,N,0700
US1TXAG0003,20140712,SNOW,0,,,N,0700
US1TXAG0003,20140714,SNOW,0,,,N,0700
US1TXAG0003,20140721,SNOW,0,,,N,0700
US1TXAG0003,20140722,SNOW,0,,,N,0800
US1TXAG0003,20140723,SNOW,0,,,N,0800
US1TXAG0003,20140724,SNOW,0,,,N,0700
US1TXAG0003,20140725,SNOW,0,,,N,0700
US1TXAG0003,20140726,SNOW,0,,,N,0700
US1TXAG0003,20140727,SNOW,0,,,N,0700
US1TXAG0003,20140728,SNOW,0,,,N,0700
US1TXAG0003,20140730,SNOW,0,,,N,0700
US1TXAG0003,20140801,PRCP,1811,,,N,0800
US1TXAG0003,20140802,PRCP,3,,,N,0800
US1TXAG0003,20140803,PRCP,0,,,N,0700
US1TXAG0003,20140804,PRCP,0,,,N,0700
US1TXAG0003,20140805,PRCP,0,,,N,0700
US1TXAG0003,20140806,PRCP,0,,,N,0700
US1TXAG0003,20140807,PRCP,0,,,N,0800
US1TXAG0003,20140808,PRCP,0,,,N,0700
US1TXAG0003,20140809,PRCP,0,,,N,0800
US1TXAG0003,20140810,PRCP,0,,,N,0800
US1TXAG0003,20140811,PRCP,0,,,N,0800
US1TXAG0003,20140812,PRCP,284,,,N,0700
US1TXAG0003,20140813,PRCP,0,,,N,0700
US1TXAG0003,20140814,PRCP,0,,,N,0800
US1TXAG0003,20140815,PRCP,0,,,N,0800
US1TXAG0003,20140816,PRCP,0,,,N,0800
US1TXAG0003,20140817,PRCP,0,,,N,0800
US1TXAG0003,20140818,PRCP,5,,,N,0700
US1TXAG0003,20140819,PRCP,0,,,N,0700
US1TXAG0003,20140820,PRCP,208,,,N,0800
US1TXAG0003,20140821,PRCP,61,,,N,0700
US1TXAG0003,20140822,PRCP,0,,,N,0800
US1TXAG0003,20140823,PRCP,0,,,N,0800
US1TXAG0003,20140824,PRCP,0,,,N,0800
US1TXAG0003,20140825,PRCP,0,,,N,0700
US1TXAG0003,20140826,PRCP,8,,,N,0700
US1TXAG0003,20140827,PRCP,3,,,N,0700
US1TXAG0003,20140828,PRCP,0,,,N,0800
US1TXAG0003,20140829,PRCP,3,,,N,0800
US1TXAG0003,20140830,PRCP,0,,,N,0700
US1TXAG0003,20140831,PRCP,13,,,N,0700
US1TXAG0003,20140803,SNOW,0,,,N,0700
US1TXAG0003,20140804,SNOW,0,,,N,0700
US1TXAG0003,20140805,SNOW,0,,,N,0700
US1TXAG0003,20140806,SNOW,0,,,N,0700
US1TXAG0003,20140807,SNOW,0,,,N,0800
US1TXAG0003,20140808,SNOW,0,,,N,0700
US1TXAG0003,20140809,SNOW,0,,,N,0800
US1TXAG0003,20140810,SNOW,0,,,N,0800
US1TXAG0003,20140811,SNOW,0,,,N,0800
US1TXAG0003,20140813,SNOW,0,,,N,0700
US1TXAG0003,20140814,SNOW,0,,,N,0800
US1TXAG0003,20140815,SNOW,0,,,N,0800
US1TXAG0003,20140816,SNOW,0,,,N,0800
US1TXAG0003,20140817,SNOW,0,,,N,0800
US1TXAG0003,20140819,SNOW,0,,,N,0700
US1TXAG0003,20140822,SNOW,0,,,N,0800
US1TXAG0003,20140823,SNOW,0,,,N,0800
US1TXAG0003,20140824,SNOW,0,,,N,0800
US1TXAG0003,20140825,SNOW,0,,,N,0700
US1TXAG0003,20140828,SNOW,0,,,N,0800
US1TXAG0003,20140830,SNOW,0,,,N,0700
US1TXAG0003,20140901,PRCP,0,,,N,0700
US1TXAG0003,20140902,PRCP,0,,,N,0700
US1TXAG0003,20140903,PRCP,18,,,N,0800
US1TXAG0003,20140904,PRCP,0,,,N,0800
US1TXAG0003,20140905,PRCP,0,,,N,0700
US1TXAG0003,20140906,PRCP,0,,,N,0800
US1TXAG0003,20140907,PRCP,66,,,N,0700
US1TXAG0003,20140908,PRCP,0,,,N,0700
US1TXAG0003,20140909,PRCP,0,,,N,0800
US1TXAG0003,20140910,PRCP,0,,,N,0800
US1TXAG0003,20140911,PRCP,0,,,N,0800
US1TXAG0003,20140912,PRCP,0,,,N,0700
US1TXAG0003,20140913,PRCP,612,,,N,0700
US1TXAG0003,20140914,PRCP,3,,,N,0800
US1TXAG0003,20140915,PRCP,0,,,N,0700
US1TXAG0003,20140916,PRCP,0,,,N,0800
US1TXAG0003,20140917,PRCP,20,,,N,0700
US1TXAG0003,20140918,PRCP,25,,,N,0700
US1TXAG0003,20140919,PRCP,33,,,N,0700
US1TXAG0003,20140920,PRCP,0,,,N,0700
US1TXAG0003,20140921,PRCP,0,,,N,0800
US1TXAG0003,20140922,PRCP,0,,,N,0700
US1TXAG0003,20140923,PRCP,0,,,N,0700
US1TXAG0003,20140924,PRCP,0,,,N,0700
US1TXAG0003,20140925,PRCP,0,,,N,0800
US1TXAG0003,20140926,PRCP,0,,,N,0800
US1TXAG0003,20140927,PRCP,0,,,N,0800
US1TXAG0003,20140928,PRCP,0,,,N,0800
US1TXAG0003,20140929,PRCP,0,,,N,0800
US1TXAG0003,20140930,PRCP,0,,,N,0800
US1TXAG0003,20140901,SNOW,0,,,N,0700
US1TXAG0003,20140902,SNOW,0,,,N,0700
US1TXAG0003,20140904,SNOW,0,,,N,0800
US1TXAG0003,20140905,SNOW,0,,,N,0700
US1TXAG0003,20140906,SNOW,0,,,N,0800
US1TXAG0003,20140908,SNOW,0,,,N,0700
US1TXAG0003,20140909,SNOW,0,,,N,0800
US1TXAG0003,20140910,SNOW,0,,,N,0800
US1TXAG0003,20140911,SNOW,0,,,N,0800
US1TXAG0003,20140912,SNOW,0,,,N,0700
US1TXAG0003,20140915,SNOW,0,,,N,0700
US1TXAG0003,20140916,SNOW,0,,,N,0800
US1TXAG0003,20140920,SNOW,0,,,N,0700
US1TXAG0003,20140921,SNOW,0,,,N,0800
US1TXAG0003,20140922,SNOW,0,,,N,0700
US1TXAG0003,20140923,SNOW,0,,,N,0700
US1TXAG0003,20140924,SNOW,0,,,N,0700
US1TXAG0003,20140926,SNOW,0,,,N,0800
US1TXAG0003,20140927,SNOW,0,,,N,0800
US1TXAG0003,20140928,SNOW,0,,,N,0800
US1TXAG0003,20141001,PRCP,0,,,N,0800
US1TXAG0003,20141002,PRCP,0,,,N,0800
US1TXAG0003,20141003,PRCP,191,,,N,0800
US1TXAG0003,20141004,PRCP,0,,,N,0800
US1TXAG0003,20141005,PRCP,0,,,N,0800
US1TXAG0003,20141006,PRCP,0,,,N,0800
US1TXAG0003,20141007,PRCP,320,,,N,0800
US1TXAG0003,20141008,PRCP,3,,,N,0800
US1TXAG0003,20141009,PRCP,0,,,N,0800
US1TXAG0003,20141010,PRCP,0,,,N,0800
US1TXAG0003,20141011,PRCP,8,,,N,0800
US1TXAG0003,20141012,PRCP,20,,,N,0700
US1TXAG0003,20141013,PRCP,25,,,N,0800
US1TXAG0003,20141014,PRCP,462,,,N,0700
US1TXAG0003,20141015,PRCP,0,,,N,0800
US1TXAG0003,20141016,PRCP,0,,,N,0800
US1TXAG0003,20141017,PRCP,0,,,N,0800
US1TXAG0003,20141018,PRCP,0,,,N,0800
US1TXAG0003,20141019,PRCP,0,,,N,0700
US1TXAG0003,20141020,PRCP,0,,,N,0800
US1TXAG0003,20141021,PRCP,0,,,N,0800
US1TXAG0003,20141022,PRCP,0,,,N,0800
US1TXAG0003,20141023,PRCP,0,,,N,0800
US1TXAG0003,20141024,PRCP,0,,,N,0800
US1TXAG0003,20141025,PRCP,0,,,N,0800
US1TXAG0003,20141026,PRCP,0,,,N,0800
US1TXAG0003,20141027,PRCP,0,,,N,0800
US1TXAG0003,20141028,PRCP,0,,,N,0800
US1TXAG0003,20141029,PRCP,0,,,N,0800
US1TXAG0003,20141030,PRCP,0,,,N,0800
US1TXAG0003,20141031,PRCP,0,,,N,0800
US1TXAG0003,20141005,SNOW,0,,,N,0800
US1TXAG0003,20141009,SNOW,0,,,N,0800
US1TXAG0003,20141016,SNOW,0,,,N,0800
US1TXAG0003,20141017,SNOW,0,,,N,0800
US1TXAG0003,20141018,SNOW,0,,,N,0800
US1TXAG0003,20141031,SNOW,0,,,N,0800
US1TXAG0003,20141101,PRCP,0,,,N,0800
US1TXAG0003,20141102,PRCP,0,,,N,0800
US1TXAG0003,20141103,PRCP,0,,,N,0800
US1TXAG0003,20141104,PRCP,0,,,N,0800
US1TXAG0003,20141105,PRCP,69,,,N,0800
US1TXAG0003,20141106,PRCP,246,,,N,0800
US1TXAG0003,20141107,PRCP,0,,,N,0800
US1TXAG0003,20141108,PRCP,0,,,N,0800
US1TXAG0003,20141109,PRCP,0,,,N,0800
US1TXAG0003,20141110,PRCP,0,,,N,0800
US1TXAG0003,20141111,PRCP,0,,,N,0800
US1TXAG0003,20141112,PRCP,0,,,N,0800
US1TXAG0003,20141113,PRCP,0,,,N,0800
US1TXAG0003,20141114,PRCP,0,,,N,0800
US1TXAG0003,20141115,PRCP,0,,,N,0800
US1TXAG0003,20141116,PRCP,343,,,N,0700
US1TXAG0003,20141117,PRCP,30,,,N,0800
US1TXAG0003,20141118,PRCP,0,,,N,0800
US1TXAG0003,20141119,PRCP,0,,,N,0800
US1TXAG0003,20141120,PRCP,0,,,N,0800
US1TXAG0003,20141121,PRCP,56,,,N,0800
US1TXAG0003,20141122,PRCP,145,,,N,0700
US1TXAG0003,20141123,PRCP,241,,,N,0800
US1TXAG0003,20141124,PRCP,5,,,N,0800
US1TXAG0003,20141125,PRCP,0,,,N,0800
US1TXAG0003,20141126,PRCP,0,,,N,0700
US1TXAG0003,20141127,PRCP,0,,,N,0700
US1TXAG0003,20141128,PRCP,0,,,N,0800
US1TXAG0003,20141129,PRCP,0,,,N,0800
US1TXAG0003,20141130,PRCP,0,,,N,0800
US1TXAG0003,20141101,SNOW,0,,,N,0800
US1TXAG0003,20141102,SNOW,0,,,N,0800
US1TXAG0003,20141103,SNOW,0,,,N,0800
US1TXAG0003,20141104,SNOW,0,,,N,0800
US1TXAG0003,20141107,SNOW,0,,,N,0800
US1TXAG0003,20141108,SNOW,0,,,N,0800
US1TXAG0003,20141109,SNOW,0,,,N,0800
US1TXAG0003,20141110,SNOW,0,,,N,0800
US1TXAG0003,20141111,SNOW,0,,,N,0800
US1TXAG0003,20141112,SNOW,0,,,N,0800
US1TXAG0003,20141113,SNOW,0,,,N,0800
US1TXAG0003,20141114,SNOW,0,,,N,0800
US1TXAG0003,20141115,SNOW,0,,,N,0800
US1TXAG0003,20141118,SNOW,0,,,N,0800
US1TXAG0003,20141126,SNOW,0,,,N,0700
US1TXAG0003,20141130,SNOW,0,,,N,0800
US1TXAG0003,20141201,PRCP,0,,,N,0800
US1TXAG0003,20141202,PRCP,5,,,N,0800
US1TXAG0003,20141203,PRCP,0,,,N,0800
US1TXAG0003,20141204,PRCP,0,,,N,0800
US1TXAG0003,20141205,PRCP,18,,,N,0800
US1TXAG0003,20141206,PRCP,5,,,N,0800
US1TXAG0003,20141207,PRCP,0,,,N,0700
US1TXAG0003,20141208,PRCP,0,,,N,0800
US1TXAG0003,20141209,PRCP,0,,,N,0800
US1TXAG0003,20141210,PRCP,0,,,N,0800
US1TXAG0003,20141211,PRCP,5,,,N,0800
US1TXAG0003,20141212,PRCP,25,,,N,0800
US1TXAG0003,20141213,PRCP,5,,,N,0800
US1TXAG0003,20141214,PRCP,0,,,N,0800
US1TXAG0003,20141215,PRCP,81,,,N,0756
US1TXAG0003,20141216,PRCP,0,,,N,0800
US1TXAG0003,20141217,PRCP,0,,,N,0800
US1TXAG0003,20141218,PRCP,0,,,N,0700
US1TXAG0003,20141219,PRCP,208,,,N,0800
US1TXAG0003,20141220,PRCP,30,,,N,0800
US1TXAG0003,20141221,PRCP,0,,,N,0730
US1TXAG0003,20141222,PRCP,0,,,N,0800
US1TXAG0003,20141223,PRCP,0,,,N,0800
US1TXAG0003,20141224,PRCP,0,,,N,0800
US1TXAG0003,20141225,PRCP,0,,,N,0800
US1TXAG0003,20141226,PRCP,0,,,N,0800
US1TXAG0003,20141227,PRCP,5,,,N,0700
US1TXAG0003,20141228,PRCP,427,,,N,0800
US1TXAG0003,20141229,PRCP,117,,,N,0700
US1TXAG0003,20141230,PRCP,0,,,N,0800
US1TXAG0003,20141231,PRCP,0,,,N,0800
US1TXAG0003,20141203,SNOW,0,,,N,0800
US1TXAG0003,20141207,SNOW,0,,,N,0700
US1TXAG0003,20141218,SNOW,0,,,N,0700
US1TXAG0003,20141224,SNOW,0,,,N,0800
US1TXAG0003,20150101,PRCP,84,,,N,0800
US1TXAG0003,20150102,PRCP,587,,,N,0800
US1TXAG0003,20150103,PRCP,848,,,N,0800
US1TXAG0003,20150104,PRCP,10,,,N,0800
US1TXAG0003,20150105,PRCP,0,,,N,0800
US1TXAG0003,20150106,PRCP,0,,,N,0800
US1TXAG0003,20150107,PRCP,0,,,N,0800
US1TXAG0003,20150108,PRCP,0,,,N,0800
US1TXAG0003,20150109,PRCP,51,,,N,0800
US1TXAG0003,20150110,PRCP,48,,,N,0800
US1TXAG0003,20150111,PRCP,127,,,N,0800
US1TXAG0003,20150112,PRCP,38,,,N,0800
US1TXAG0003,20150113,PRCP,0,,,N,0800
US1TXAG0003,20150114,PRCP,0,,,N,0751
US1TXAG0003,20150115,PRCP,0,,,N,0800
US1TXAG0003,20150116,PRCP,0,,,N,0800
US1TXAG0003,20150117,PRCP,0,,,N,0800
US1TXAG0003,20150118,PRCP,0,,,N,0800
US1TXAG0003,20150119,PRCP,0,,,N,0800
US1TXAG0003,20150120,PRCP,0,,,N,0800
US1TXAG0003,20150121,PRCP,0,,,N,0800
US1TXAG0003,20150122,PRCP,122,,,N,0800
US1TXAG0003,20150123,PRCP,371,,,N,0800
US1TXAG0003,20150124,PRCP,51,,,N,0800
US1TXAG0003,20150125,PRCP,0,,,N,0800
US1TXAG0003,20150126,PRCP,0,,,N,0800
US1TXAG0003,20150127,PRCP,0,,,N,0800
US1TXAG0003,20150128,PRCP,0,,,N,0800
US1TXAG0003,20150129,PRCP,0,,,N,0800
US1TXAG0003,20150130,PRCP,0,,,N,0800
US1TXAG0003,20150131,PRCP,0,,,N,0800
US1TXAG0003,20150131,SNOW,0,,,N,0800
US1TXAG0003,20150201,PRCP,10,,,N,0800
US1TXAG0003,20150202,PRCP,28,,,N,0800
US1TXAG0003,20150203,PRCP,0,,,N,0800
US1TXAG0003,20150204,PRCP,5,,,N,0800
US1TXAG0003,20150205,PRCP,8,,,N,0800
US1TXAG0003,20150206,PRCP,8,,,N,0800
US1TXAG0003,20150207,PRCP,0,,,N,0800
US1TXAG0003,20150208,PRCP,0,,,N,0800
US1TXAG0003,20150209,PRCP,0,,,N,0800
US1TXAG0003,20150210,PRCP,0,,,N,0800
US1TXAG0003,20150211,PRCP,0,,,N,0800
US1TXAG0003,20150212,PRCP,0,,,N,0800
US1TXAG0003,20150213,PRCP,0,,,N,0800
US1TXAG0003,20150214,PRCP,0,,,N,0800
US1TXAG0003,20150215,PRCP,0,,,N,0800
US1TXAG0003,20150216,PRCP,76,,,N,0800
US1TXAG0003,20150217,PRCP,102,,,N,0800
US1TXAG0003,20150218,PRCP,5,,,N,0800
US1TXAG0003,20150219,PRCP,0,,,N,0800
US1TXAG0003,20150220,PRCP,0,,,N,0800
US1TXAG0003,20150221,PRCP,3,,,N,0800
US1TXAG0003,20150222,PRCP,119,,,N,0800
US1TXAG0003,20150223,PRCP,53,,,N,0800
US1TXAG0003,20150224,PRCP,8,,,N,0800
US1TXAG0003,20150225,PRCP,51,,,N,0730
US1TXAG0003,20150226,PRCP,48,,,N,0800
US1TXAG0003,20150227,PRCP,0,,,N,0800
US1TXAG0003,20150228,PRCP,0,,,N,0800
US1TXAG0003,20150219,SNOW,0,,,N,0800
US1TXAG0003,20150227,SNOW,0,,,N,0800
US1TXAG0003,20150228,SNOW,0,,,N,0800
US1TXAG0003,20150301,PRCP,33,,,N,0700
US1TXAG0003,20150302,PRCP,33,,,N,0800
US1TXAG0003,20150303,PRCP,8,,,N,0800
US1TXAG0003,20150304,PRCP,3,,,N,0800
US1TXAG0003,20150305,PRCP,79,,,N,0800
US1TXAG0003,20150306,PRCP,13,,,N,0800
US1TXAG0003,20150307,PRCP,0,,,N,0800
US1TXAG0003,20150308,PRCP,79,,,N,0900
US1TXAG0003,20150309,PRCP,409,,,N,0800
US1TXAG0003,20150310,PRCP,358,,,N,0800
US1TXAG0003,20150311,PRCP,3,,,N,0800
US1TXAG0003,20150312,PRCP,51,,,N,0800
US1TXAG0003,20150313,PRCP,142,,,N,0800
US1TXAG0003,20150314,PRCP,5,,,N,0800
US1TXAG0003,20150315,PRCP,0,,,N,0800
US1TXAG0003,20150316,PRCP,0,,,N,0800
US1TXAG0003,20150317,PRCP,0,,,N,0800
US1TXAG0003,20150318,PRCP,0,,,N,0800
US1TXAG0003,20150319,PRCP,180,,,N,0800
US1TXAG0003,20150320,PRCP,15,,,N,0800
US1TXAG0003,20150321,PRCP,185,,,N,0800
US1TXAG0003,20150322,PRCP,218,,,N,0700
US1TXAG0003,20150323,PRCP,0,,,N,0800
US1TXAG0003,20150324,PRCP,0,,,N,0800
US1TXAG0003,20150325,PRCP,0,,,N,0800
US1TXAG0003,20150326,PRCP,0,,,N,0800
US1TXAG0003,20150327,PRCP,0,,,N,0800
US1TXAG0003,20150328,PRCP,0,,,N,0800
US1TXAG0003,20150329,PRCP,0,,,N,0800
US1TXAG0003,20150330,PRCP,0,,,N,0800
US1TXAG0003,20150331,PRCP,0,,,N,0800
US1TXAG0003,20150307,SNOW,0,,,N,0800
US1TXAG0003,20150315,SNOW,0,,,N,0800
US1TXAG0003,20150318,SNOW,0,,,N,0800
US1TXAG0003,20150331,SNOW,0,,,N,0800
US1TXAG0003,20150401,PRCP,0,,,N,0800
US1TXAG0003,20150402,PRCP,0,,,N,0800
US1TXAG0003,20150403,PRCP,0,,,N,0800
US1TXAG0003,20150404,PRCP,71,,,N,0800
US1TXAG0003,20150405,PRCP,25,,,N,0800
US1TXAG0003,20150406,PRCP,325,,,N,0800
US1TXAG0003,20150407,PRCP,0,,,N,0800
US1TXAG0003,20150408,PRCP,0,,,N,0800
US1TXAG0003,20150409,PRCP,0,,,N,0800
US1TXAG0003,20150410,PRCP,48,,,N,0800
US1TXAG0003,20150411,PRCP,0,,,N,0800
US1TXAG0003,20150412,PRCP,5,,,N,0800
US1TXAG0003,20150413,PRCP,81,,,N,0800
US1TXAG0003,20150414,PRCP,51,,,N,0800
US1TXAG0003,20150415,PRCP,13,,,N,0800
US1TXAG0003,20150416,PRCP,0,,,N,0800
US1TXAG0003,20150417,PRCP,157,,,N,0800
US1TXAG0003,20150418,PRCP,30,,,N,0700
US1TXAG0003,20150419,PRCP,132,,,N,0700
US1TXAG0003,20150420,PRCP,38,,,N,0800
US1TXAG0003,20150421,PRCP,5,,,N,0800
US1TXAG0003,20150422,PRCP,0,,,N,0800
US1TXAG0003,20150423,PRCP,58,,,N,0800
US1TXAG0003,20150424,PRCP,3,,,N,0800
US1TXAG0003,20150425,PRCP,86,,,N,0700
US1TXAG0003,20150426,PRCP,20,,,N,0800
US1TXAG0003,20150427,PRCP,467,,,N,0800
US1TXAG0003,20150428,PRCP,64,,,N,0800
US1TXAG0003,20150429,PRCP,5,,,N,0800
US1TXAG0003,20150430,PRCP,0,,,N,0800
US1TXAG0003,20150403,SNOW,0,,,N,0800
US1TXAG0003,20150411,SNOW,0,,,N,0800
US1TXAG0003,20150416,SNOW,0,,,N,0800
US1TXAG0003,20150430,SNOW,0,,,N,0800
US1TXAG0003,20150501,PRCP,0,,,N,0800
US1TXAG0003,20150502,PRCP,0,,,N,0800
US1TXAG0003,20150503,PRCP,0,,,N,0800
US1TXAG0003,20150504,PRCP,0,,,N,0800
US1TXAG0003,20150505,PRCP,25,,,N,0800
US1TXAG0003,20150506,PRCP,3,,,N,0800
US1TXAG0003,20150507,PRCP,23,,,N,0800
US1TXAG0003,20150508,PRCP,13,,,N,0800
US1TXAG0003,20150509,PRCP,3,,,N,0800
US1TXAG0003,20150510,PRCP,0,,,N,0800
US1TXAG0003,20150511,PRCP,876,,,N,0800
US1TXAG0003,20150512,PRCP,107,,,N,0800
US1TXAG0003,20150513,PRCP,89,,,N,0800
US1TXAG0003,20150514,PRCP,124,,,N,0800
US1TXAG0003,20150515,PRCP,5,,,N,0800
US1TXAG0003,20150516,PRCP,38,,,N,0800
US1TXAG0003,20150517,PRCP,0,,,N,0800
US1TXAG0003,20150518,PRCP,267,,,N,0800
US1TXAG0003,20150519,PRCP,699,,,N,0800
US1TXAG0003,20150520,PRCP,183,,,N,0800
US1TXAG0003,20150521,PRCP,447,,,N,0800
US1TXAG0003,20150522,PRCP,343,,,N,0800
US1TXAG0003,20150523,PRCP,5,,,N,0700
US1TXAG0003,20150524,PRCP,3,,,N,0800
US1TXAG0003,20150525,PRCP,64,,,N,0800
US1TXAG0003,20150526,PRCP,701,,,N,0800
US1TXAG0003,20150527,PRCP,333,,,N,0800
US1TXAG0003,20150528,PRCP,0,,,N,0800
US1TXAG0003,20150529,PRCP,0,,,N,0800
US1TXAG0003,20150530,PRCP,0,,,N,0800
US1TXAG0003,20150531,PRCP,361,,,N,0800
US1TXAG0003,20150503,SNOW,0,,,N,0800
US1TXAG0003,20150510,SNOW,0,,,N,0800
US1TXAG0003,20150517,SNOW,0,,,N,0800
US1TXAG0003,20150528,SNOW,0,,,N,0800
US1TXAG0003,20150529,SNOW,0,,,N,0800
US1TXAG0003,20150601,PRCP,0,,,N,0800
US1TXAG0003,20150602,PRCP,0,,,N,0800
US1TXAG0003,20150603,PRCP,0,,,N,0800
US1TXAG0003,20150604,PRCP,0,,,N,0800
US1TXAG0003,20150605,PRCP,0,,,N,0800
US1TXAG0003,20150606,PRCP,0,,,N,0800
US1TXAG0003,20150607,PRCP,0,,,N,0800
US1TXAG0003,20150608,PRCP,0,,,N,0800
US1TXAG0003,20150609,PRCP,0,,,N,0800
US1TXAG0003,20150610,PRCP,0,,,N,0800
US1TXAG0003,20150611,PRCP,0,,,N,0800
US1TXAG0003,20150612,PRCP,0,,,N,0800
US1TXAG0003,20150613,PRCP,5,,,N,0700
US1TXAG0003,20150614,PRCP,66,,,N,0800
US1TXAG0003,20150615,PRCP,43,,,N,0800
US1TXAG0003,20150616,PRCP,36,,,N,0800
US1TXAG0003,20150617,PRCP,310,,,N,0700
US1TXAG0003,20150618,PRCP,897,,,N,0800
US1TXAG0003,20150619,PRCP,130,,,N,0800
US1TXAG0003,20150620,PRCP,0,,,N,0800
US1TXAG0003,20150621,PRCP,20,,,N,0800
US1TXAG0003,20150622,PRCP,0,,,N,0800
US1TXAG0003,20150623,PRCP,0,,,N,0800
US1TXAG0003,20150624,PRCP,0,,,N,0800
US1TXAG0003,20150625,PRCP,0,,,N,0800
US1TXAG0003,20150626,PRCP,0,,,N,0800
US1TXAG0003,20150627,PRCP,0,,,N,0800
US1TXAG0003,20150628,PRCP,58,,,N,0800
US1TXAG0003,20150629,PRCP,0,,,N,0800
US1TXAG0003,20150630,PRCP,980,,,N,0800
US1TXAG0003,20150601,SNOW,0,,,N,0800
US1TXAG0003,20150606,SNOW,0,,,N,0800
US1TXAG0003,20150607,SNOW,0,,,N,0800
US1TXAG0003,20150609,SNOW,0,,,N,0800
US1TXAG0003,20150610,SNOW,0,,,N,0800
US1TXAG0003,20150611,SNOW,0,,,N,0800
US1TXAG0003,20150612,SNOW,0,,,N,0800
US1TXAG0003,20150620,SNOW,0,,,N,0800
US1TXAG0003,20150626,SNOW,0,,,N,0800
US1TXAG0003,20150627,SNOW,0,,,N,0800
US1TXAG0003,20150629,SNOW,0,,,N,0800
US1TXAG0003,20150701,PRCP,3,,,N,0800
US1TXAG0003,20150702,PRCP,0,,,N,0800
US1TXAG0003,20150703,PRCP,0,,,N,0800
US1TXAG0003,20150704,PRCP,0,,,N,0800
US1TXAG0003,20150705,PRCP,0,,,N,0800
US1TXAG0003,20150706,PRCP,0,,,N,0800
US1TXAG0003,20150707,PRCP,0,,,N,0800
US1TXAG0003,20150708,PRCP,0,,,N,0800
US1TXAG0003,20150709,PRCP,0,,,N,0800
US1TXAG0003,20150710,PRCP,0,,,N,0800
US1TXAG0003,20150711,PRCP,0,,,N,0700
US1TXAG0003,20150712,PRCP,0,,,N,0800
US1TXAG0003,20150713,PRCP,0,,,N,0800
US1TXAG0003,20150714,PRCP,0,,,N,0800
US1TXAG0003,20150715,PRCP,0,,,N,0800
US1TXAG0003,20150716,PRCP,0,,,N,0800
US1TXAG0003,20150717,PRCP,0,,,N,0800
US1TXAG0003,20150718,PRCP,0,,,N,0800
US1TXAG0003,20150719,PRCP,0,,,N,0800
US1TXAG0003,20150720,PRCP,0,,,N,0800
US1TXAG0003,20150721,PRCP,0,,,N,0800
US1TXAG0003,20150722,PRCP,0,,,N,0800
US1TXAG0003,20150723,PRCP,0,,,N,0800
US1TXAG0003,20150724,PRCP,0,,,N,0800
US1TXAG0003,20150725,PRCP,0,,,N,0800
US1TXAG0003,20150726,PRCP,0,,,N,0800
US1TXAG0003,20150727,PRCP,0,,,N,0800
US1TXAG0003,20150728,PRCP,0,,,N,0800
US1TXAG0003,20150729,PRCP,0,,,N,0800
US1TXAG0003,20150730,PRCP,0,,,N,0800
US1TXAG0003,20150731,PRCP,170,,,N,0800
US1TXAG0003,20150702,SNOW,0,,,N,0800
US1TXAG0003,20150703,SNOW,0,,,N,0800
US1TXAG0003,20150704,SNOW,0,,,N,0800
US1TXAG0003,20150705,SNOW,0,,,N,0800
US1TXAG0003,20150706,SNOW,0,,,N,0800
US1TXAG0003,20150708,SNOW,0,,,N,0800
US1TXAG0003,20150711,SNOW,0,,,N,0700
US1TXAG0003,20150715,SNOW,0,,,N,0800
US1TXAG0003,20150716,SNOW,0,,,N,0800
US1TXAG0003,20150717,SNOW,0,,,N,0800
US1TXAG0003,20150719,SNOW,0,,,N,0800
US1TXAG0003,20150724,SNOW,0,,,N,0800
US1TXAG0003,20150725,SNOW,0,,,N,0800
US1TXAG0003,20150726,SNOW,0,,,N,0800
US1TXAG0003,20150727,SNOW,0,,,N,0800
US1TXAG0003,20150728,SNOW,0,,,N,0800
US1TXAG0003,20150729,SNOW,0,,,N,0800
US1TXAG0003,20150730,SNOW,0,,,N,0800
US1TXAG0003,20150801,PRCP,0,,,N,0700
US1TXAG0003,20150802,PRCP,0,,,N,0800
US1TXAG0003,20150803,PRCP,0,,,N,0800
US1TXAG0003,20150804,PRCP,0,,,N,0800
US1TXAG0003,20150805,PRCP,0,,,N,0800
US1TXAG0003,20150806,PRCP,0,,,N,0800
US1TXAG0003,20150807,PRCP,0,,,N,0800
US1TXAG0003,20150808,PRCP,0,,,N,0800
US1TXAG0003,20150809,PRCP,0,,,N,0800
US1TXAG0003,20150810,PRCP,0,,,N,0800
US1TXAG0003,20150811,PRCP,0,,,N,0800
US1TXAG0003,20150812,PRCP,0,,,N,0800
US1TXAG0003,20150813,PRCP,0,,,N,0800
US1TXAG0003,20150814,PRCP,0,,,N,0800
US1TXAG0003,20150815,PRCP,0,,,N,0800
US1TXAG0003,20150816,PRCP,0,,,N,0800
US1TXAG0003,20150817,PRCP,0,,,N,0800
US1TXAG0003,20150818,PRCP,0,,,N,0800
US1TXAG0003,20150819,PRCP,0,,,N,0800
US1TXAG0003,20150820,PRCP,51,,,N,0800
US1TXAG0003,20150821,PRCP,13,,,N,0800
US1TXAG0003,20150822,PRCP,10,,,N,0800
US1TXAG0003,20150823,PRCP,307,,,N,0800
US1TXAG0003,20150824,PRCP,0,,,N,0800
US1TXAG0003,20150825,PRCP,0,,,N,0800
US1TXAG0003,20150826,PRCP,25,,,N,0800
US1TXAG0003,20150827,PRCP,0,,,N,0800
US1TXAG0003,20150828,PRCP,0,,,N,0800
US1TXAG0003,20150829,PRCP,0,,,N,0800
US1TXAG0003,20150830,PRCP,0,,,N,0800
US1TXAG0003,20150831,PRCP,0,,,N,0800
US1TXAG0003,20150801,SNOW,0,,,N,0700
US1TXAG0003,20150802,SNOW,0,,,N,0800
US1TXAG0003,20150803,SNOW,0,,,N,0800
US1TXAG0003,20150804,SNOW,0,,,N,0800
US1TXAG0003,20150805,SNOW,0,,,N,0800
US1TXAG0003,20150806,SNOW,0,,,N,0800
US1TXAG0003,20150807,SNOW,0,,,N,0800
US1TXAG0003,20150808,SNOW,0,,,N,0800
US1TXAG0003,20150809,SNOW,0,,,N,0800
US1TXAG0003,20150810,SNOW,0,,,N,0800
US1TXAG0003,20150811,SNOW,0,,,N,0800
US1TXAG0003,20150812,SNOW,0,,,N,0800
US1TXAG0003,20150813,SNOW,0,,,N,0800
US1TXAG0003,20150815,SNOW,0,,,N,0800
US1TXAG0003,20150816,SNOW,0,,,N,0800
US1TXAG0003,20150817,SNOW,0,,,N,0800
US1TXAG0003,20150818,SNOW,0,,,N,0800
US1TXAG0003,20150819,SNOW,0,,,N,0800
US1TXAG0003,20150830,SNOW,0,,,N,0800
US1TXAG0003,20150831,SNOW,0,,,N,0800
US1TXAG0003,20150901,PRCP,0,,,N,0800
US1TXAG0003,20150902,PRCP,5,,,N,0800
US1TXAG0003,20150903,PRCP,0,,,N,0800
US1TXAG0003,20150904,PRCP,0,,,N,0800
US1TXAG0003,20150905,PRCP,71,,,N,0800
US1TXAG0003,20150906,PRCP,0,,,N,0800
US1TXAG0003,20150907,PRCP,0,,,N,0800
US1TXAG0003,20150908,PRCP,13,,,N,0800
US1TXAG0003,20150909,PRCP,0,,,N,0800
US1TXAG0003,20150910,PRCP,0,,,N,0800
US1TXAG0003,20150911,PRCP,8,,,N,0800
US1TXAG0003,20150912,PRCP,86,,,N,0800
US1TXAG0003,20150913,PRCP,0,,,N,0800
US1TXAG0003,20150914,PRCP,0,,,N,0800
US1TXAG0003,20150915,PRCP,0,,,N,0800
US1TXAG0003,20150916,PRCP,5,,,N,0800
US1TXAG0003,20150917,PRCP,0,,,N,0800
US1TXAG0003,20150918,PRCP,0,,,N,0700
US1TXAG0003,20150919,PRCP,0,,,N,0800
US1TXAG0003,20150920,PRCP,0,,,N,0800
US1TXAG0003,20150921,PRCP,23,,,N,0800
US1TXAG0003,20150922,PRCP,0,,,N,0800
US1TXAG0003,20150923,PRCP,0,,,N,0800
US1TXAG0003,20150924,PRCP,0,,,N,0800
US1TXAG0003,20150925,PRCP,0,,,N,0700
US1TXAG0003,20150926,PRCP,0,,,N,0800
US1TXAG0003,20150927,PRCP,0,,,N,0700
US1TXAG0003,20150928,PRCP,279,,,N,0800
US1TXAG0003,20150929,PRCP,0,,,N,0800
US1TXAG0003,20150930,PRCP,0,,,N,0800
US1TXAG0003,20150901,SNOW,0,,,N,0800
US1TXAG0003,20150903,SNOW,0,,,N,0800
US1TXAG0003,20150906,SNOW,0,,,N,0800
US1TXAG0003,20150907,SNOW,0,,,N,0800
US1TXAG0003,20150913,SNOW,0,,,N,0800
US1TXAG0003,20150915,SNOW,0,,,N,0800
US1TXAG0003,20150917,SNOW,0,,,N,0800
US1TXAG0003,20150918,SNOW,0,,,N,0700
US1TXAG0003,20150919,SNOW,0,,,N,0800
US1TXAG0003,20150920,SNOW,0,,,N,0800
US1TXAG0003,20150922,SNOW,0,,,N,0800
US1TXAG0003,20150923,SNOW,0,,,N,0800
US1TXAG0003,20150924,SNOW,0,,,N,0800
US1TXAG0003,20150925,SNOW,0,,,N,0700
US1TXAG0003,20150926,SNOW,0,,,N,0800
US1TXAG0003,20150927,SNOW,0,,,N,0700
US1TXAG0003,20150929,SNOW,0,,,N,0800
US1TXAG0003,20151001,PRCP,0,,,N,0800
US1TXAG0003,20151002,PRCP,0,,,N,0800
US1TXAG0003,20151003,PRCP,0,,,N,0800
US1TXAG0003,20151004,PRCP,0,,,N,0800
US1TXAG0003,20151005,PRCP,0,,,N,0800
US1TXAG0003,20151006,PRCP,0,,,N,0800
US1TXAG0003,20151007,PRCP,0,,,N,0800
US1TXAG0003,20151008,PRCP,0,,,N,0800
US1TXAG0003,20151009,PRCP,0,,,N,0800
US1TXAG0003,20151010,PRCP,0,,,N,0800
US1TXAG0003,20151011,PRCP,0,,,N,0800
US1TXAG0003,20151012,PRCP,0,,,N,0800
US1TXAG0003,20151013,PRCP,0,,,N,0800
US1TXAG0003,20151014,PRCP,0,,,N,0800
US1TXAG0003,20151015,PRCP,0,,,N,0800
US1TXAG0003,20151016,PRCP,0,,,N,0800
US1TXAG0003,20151017,PRCP,0,,,N,0800
US1TXAG0003,20151018,PRCP,0,,,N,0800
US1TXAG0003,20151019,PRCP,0,,,N,0800
US1TXAG0003,20151020,PRCP,0,,,N,0800
US1TXAG0003,20151021,PRCP,0,,,N,0800
US1TXAG0003,20151022,PRCP,0,,,N,0800
US1TXAG0003,20151023,PRCP,30,,,N,0730
US1TXAG0003,20151024,PRCP,13,,,N,0800
US1TXAG0003,20151025,PRCP,521,,,N,0800
US1TXAG0003,20151026,PRCP,457,,,N,0800
US1TXAG0003,20151027,PRCP,0,,,N,0800
US1TXAG0003,20151028,PRCP,0,,,N,0800
US1TXAG0003,20151029,PRCP,0,,,N,0800
US1TXAG0003,20151030,PRCP,0,,,N,0800
US1TXAG0003,20151031,PRCP,290,,,N,0800
US1TXAG0003,20151011,SNOW,0,,,N,0800
US1TXAG0003,20151018,SNOW,0,,,N,0800
US1TXAG0003,20151019,SNOW,0,,,N,0800
US1TXAG0003,20151020,SNOW,0,,,N,0800
US1TXAG0003,20151021,SNOW,0,,,N,0800
US1TXAG0003,20151022,SNOW,0,,,N,0800
US1TXAG0003,20151101,PRCP,71,,,N,0800
US1TXAG0003,20151102,PRCP,188,,,N,0800
US1TXAG0003,20151103,PRCP,3,,,N,0800
US1TXAG0003,20151104,PRCP,0,,,N,0800
US1TXAG0003,20151105,PRCP,0,,,N,0800
US1TXAG0003,20151106,PRCP,102,,,N,0800
US1TXAG0003,20151107,PRCP,137,,,N,0800
US1TXAG0003,20151108,PRCP,117,,,N,0800
US1TXAG0003,20151109,PRCP,0,,,N,0800
US1TXAG0003,20151110,PRCP,0,,,N,0800
US1TXAG0003,20151111,PRCP,0,,,N,0800
US1TXAG0003,20151112,PRCP,94,,,N,0800
US1TXAG0003,20151113,PRCP,0,,,N,0800
US1TXAG0003,20151114,PRCP,0,,,N,0800
US1TXAG0003,20151115,PRCP,18,,,N,0800
US1TXAG0003,20151116,PRCP,0,,,N,0800
US1TXAG0003,20151117,PRCP,274,,,N,0730
US1TXAG0003,20151118,PRCP,658,,,N,0800
US1TXAG0003,20151119,PRCP,0,,,N,0800
US1TXAG0003,20151120,PRCP,0,,,N,0800
US1TXAG0003,20151121,PRCP,18,,,N,0800
US1TXAG0003,20151122,PRCP,0,,,N,0800
US1TXAG0003,20151123,PRCP,0,,,N,0800
US1TXAG0003,20151124,PRCP,0,,,N,0800
US1TXAG0003,20151125,PRCP,0,,,N,0800
US1TXAG0003,20151126,PRCP,0,,,N,0800
US1TXAG0003,20151127,PRCP,8,,,N,0800
US1TXAG0003,20151128,PRCP,46,,,N,0800
US1TXAG0003,20151129,PRCP,140,,,N,0800
US1TXAG0003,20151130,PRCP,66,,,N,0800
US1TXAG0003,20151109,SNOW,0,,,N,0800
US1TXAG0003,20151111,SNOW,0,,,N,0800
US1TXAG0003,20151122,SNOW,0,,,N,0800
US1TXAG0003,20151126,SNOW,0,,,N,0800
US1TXAG0003,20151201,PRCP,0,,,N,0800
US1TXAG0003,20151202,PRCP,0,,,N,0800
US1TXAG0003,20151203,PRCP,0,,,N,0800
US1TXAG0003,20151204,PRCP,0,,,N,0800
US1TXAG0003,20151205,PRCP,0,,,N,0800
US1TXAG0003,20151206,PRCP,0,,,N,0800
US1TXAG0003,20151207,PRCP,0,,,N,0800
US1TXAG0003,20151208,PRCP,0,,,N,0800
US1TXAG0003,20151209,PRCP,0,,,N,0800
US1TXAG0003,20151210,PRCP,0,,,N,0800
US1TXAG0003,20151211,PRCP,0,,,N,0800
US1TXAG0003,20151212,PRCP,0,,,N,0800
US1TXAG0003,20151213,PRCP,208,,,N,0800
US1TXAG0003,20151214,PRCP,437,,,N,0800
US1TXAG0003,20151215,PRCP,0,,,N,0800
US1TXAG0003,20151216,PRCP,0,,,N,0800
US1TXAG0003,20151217,PRCP,0,,,N,0800
US1TXAG0003,20151218,PRCP,0,,,N,0800
US1TXAG0003,20151219,PRCP,0,,,N,0800
US1TXAG0003,20151220,PRCP,0,,,N,0800
US1TXAG0003,20151221,PRCP,10,,,N,0800
US1TXAG0003,20151222,PRCP,23,,,N,0800
US1TXAG0003,20151223,PRCP,5,,,N,0800
US1TXAG0003,20151224,PRCP,0,,,N,0800
US1TXAG0003,20151225,PRCP,66,,,N,0800
US1TXAG0003,20151226,PRCP,18,,,N,0700
US1TXAG0003,20151227,PRCP,25,,,N,0800
US1TXAG0003,20151228,PRCP,551,,,N,0800
US1TXAG0003,20151229,PRCP,3,,,N,0800
US1TXAG0003,20151230,PRCP,0,,,N,0800
US1TXAG0003,20151231,PRCP,0,,,N,0800
US1TXAG0003,20151201,SNOW,0,,,N,0800
US1TXAG0003,20151202,SNOW,0,,,N,0800
US1TXAG0003,20151203,SNOW,0,,,N,0800
US1TXAG0003,20151204,SNOW,0,,,N,0800
US1TXAG0003,20151205,SNOW,0,,,N,0800
US1TXAG0003,20151206,SNOW,0,,,N,0800
US1TXAG0003,20151210,SNOW,0,,,N,0800
US1TXAG0003,20151212,SNOW,0,,,N,0800
US1TXAG0003,20151215,SNOW,0,,,N,0800
US1TXAG0003,20151216,SNOW,0,,,N,0800
US1TXAG0003,20151217,SNOW,0,,,N,0800
US1TXAG0003,20151218,SNOW,0,,,N,0800
US1TXAG0003,20151219,SNOW,0,,,N,0800
US1TXAG0003,20151230,SNOW,0,,,N,0800
US1TXAG0003,20160101,PRCP,0,,,N,0800
US1TXAG0003,20160102,PRCP,0,,,N,0800
US1TXAG0003,20160103,PRCP,0,,,N,0800
US1TXAG0003,20160104,PRCP,0,,,N,0800
US1TXAG0003,20160105,PRCP,0,,,N,0800
US1TXAG0003,20160106,PRCP,0,,,N,0800
US1TXAG0003,20160107,PRCP,221,,,N,0800
US1TXAG0003,20160108,PRCP,3,,,N,0800
US1TXAG0003,20160109,PRCP,277,,,N,0800
US1TXAG0003,20160110,PRCP,3,,,N,0800
US1TXAG0003,20160111,PRCP,0,,,N,0800
US1TXAG0003,20160112,PRCP,0,,,N,0800
US1TXAG0003,20160113,PRCP,0,,,N,0800
US1TXAG0003,20160114,PRCP,0,,,N,0800
US1TXAG0003,20160115,PRCP,0,,,N,0800
US1TXAG0003,20160116,PRCP,0,,,N,0800
US1TXAG0003,20160117,PRCP,15,,,N,0800
US1TXAG0003,20160118,PRCP,0,,,N,0700
US1TXAG0003,20160119,PRCP,0,,,N,0800
US1TXAG0003,20160120,PRCP,0,,,N,0800
US1TXAG0003,20160121,PRCP,0,,,N,0800
US1TXAG0003,20160122,PRCP,41,,,N,0800
US1TXAG0003,20160123,PRCP,3,,,N,0800
US1TXAG0003,20160124,PRCP,0,,,N,0800
US1TXAG0003,20160125,PRCP,0,,,N,0800
US1TXAG0003,20160126,PRCP,104,,,N,0800
US1TXAG0003,20160127,PRCP,0,,,N,0800
US1TXAG0003,20160128,PRCP,0,,,N,0800
US1TXAG0003,20160129,PRCP,0,,,N,0800
US1TXAG0003,20160130,PRCP,0,,,N,0800
US1TXAG0003,20160131,PRCP,0,,,N,0800
US1TXAG0003,20160103,SNOW,0,,,N,0800
US1TXAG0003,20160106,SNOW,0,,,N,0800
US1TXAG0003,20160112,SNOW,0,,,N,0800
US1TXAG0003,20160113,SNOW,0,,,N,0800
US1TXAG0003,20160114,SNOW,0,,,N,0800
US1TXAG0003,20160115,SNOW,0,,,N,0800
US1TXAG0003,20160118,SNOW,0,,,N,0700
US1TXAG0003,20160123,SNOW,0,,,N,0800
US1TXAG0003,20160124,SNOW,0,,,N,0800
US1TXAG0003,20160125,SNOW,0,,,N,0800
US1TXAG0003,20160127,SNOW,0,,,N,0800
US1TXAG0003,20160201,PRCP,0,,,N,0800
US1TXAG0003,20160202,PRCP,0,,,N,0800
US1TXAG0003,20160203,PRCP,0,,,N,0800
US1TXAG0003,20160204,PRCP,0,,,N,0800
US1TXAG0003,20160205,PRCP,0,,,N,0800
US1TXAG0003,20160206,PRCP,30,,,N,0800
US1TXAG0003,20160207,PRCP,0,,,N,0800
US1TXAG0003,20160208,PRCP,0,,,N,0800
US1TXAG0003,20160209,PRCP,0,,,N,0800
US1TXAG0003,20160210,PRCP,0,,,N,0800
US1TXAG0003,20160211,PRCP,0,,,N,0800
US1TXAG0003,20160212,PRCP,0,,,N,0800
US1TXAG0003,20160213,PRCP,0,,,N,0800
US1TXAG0003,20160214,PRCP,0,,,N,0800
US1TXAG0003,20160215,PRCP,0,,,N,0800
US1TXAG0003,20160216,PRCP,5,,,N,0800
US1TXAG0003,20160217,PRCP,0,,,N,0800
US1TXAG0003,20160218,PRCP,0,,,N,0800
US1TXAG0003,20160219,PRCP,0,,,N,0800
US1TXAG0003,20160220,PRCP,0,,,N,0800
US1TXAG0003,20160221,PRCP,0,,,N,0800
US1TXAG0003,20160222,PRCP,800,,,N,0800
US1TXAG0003,20160223,PRCP,155,,,N,0800
US1TXAG0003,20160224,PRCP,18,,,N,0800
US1TXAG0003,20160225,PRCP,0,,,N,0800
US1TXAG0003,20160226,PRCP,0,,,N,0800
US1TXAG0003,20160227,PRCP,0,,,N,0800
US1TXAG0003,20160228,PRCP,0,,,N,0800
US1TXAG0003,20160229,PRCP,0,,,N,0800
US1TXAG0003,20160203,SNOW,0,,,N,0800
US1TXAG0003,20160207,SNOW,0,,,N,0800
US1TXAG0003,20160209,SNOW,0,,,N,0800
US1TXAG0003,20160214,SNOW,0,,,N,0800
US1TXAG0003,20160215,SNOW,0,,,N,0800
US1TXAG0003,20160220,SNOW,0,,,N,0800
US1TXAG0003,20160221,SNOW,0,,,N,0800
US1TXAG0003,20160301,PRCP,0,,,N,0800
US1TXAG0003,20160302,PRCP,0,,,N,0800
US1TXAG0003,20160303,PRCP,3,,,N,0800
US1TXAG0003,20160304,PRCP,0,,,N,0800
US1TXAG0003,20160305,PRCP,0,,,N,0800
US1TXAG0003,20160306,PRCP,0,,,N,0800
US1TXAG0003,20160307,PRCP,0,,,N,0800
US1TXAG0003,20160308,PRCP,0,,,N,0800
US1TXAG0003,20160309,PRCP,170,,,N,0700
US1TXAG0003,20160310,PRCP,1168,,,N,0700
US1TXAG0003,20160311,PRCP,122,,,N,0800
US1TXAG0003,20160312,PRCP,5,,,N,0700
US1TXAG0003,20160313,PRCP,66,,,N,0800
US1TXAG0003,20160314,PRCP,0,,,N,0800
US1TXAG0003,20160315,PRCP,0,,,N,0800
US1TXAG0003,20160316,PRCP,0,,,N,0800
US1TXAG0003,20160317,PRCP,0,,,N,0800
US1TXAG0003,20160318,PRCP,0,,,N,0800
US1TXAG0003,20160319,PRCP,0,,,N,0800
US1TXAG0003,20160320,PRCP,0,,,N,0800
US1TXAG0003,20160321,PRCP,0,,,N,0800
US1TXAG0003,20160322,PRCP,0,,,N,0800
US1TXAG0003,20160323,PRCP,0,,,N,0800
US1TXAG0003,20160324,PRCP,81,,,N,0800
US1TXAG0003,20160325,PRCP,0,,,N,0800
US1TXAG0003,20160326,PRCP,0,,,N,0800
US1TXAG0003,20160327,PRCP,0,,,N,0800
US1TXAG0003,20160328,PRCP,0,,,N,0800
US1TXAG0003,20160329,PRCP,0,,,N,0800
US1TXAG0003,20160330,PRCP,3,,,N,0800
US1TXAG0003,20160331,PRCP,13,,,N,0800
US1TXAG0003,20160305,SNOW,0,,,N,0800
US1TXAG0003,20160306,SNOW,0,,,N,0800
US1TXAG0003,20160308,SNOW,0,,,N,0800
US1TXAG0003,20160314,SNOW,0,,,N,0800
US1TXAG0003,20160318,SNOW,0,,,N,0800
US1TXAG0003,20160319,SNOW,0,,,N,0800
US1TXAG0003,20160320,SNOW,0,,,N,0800
US1TXAG0003,20160325,SNOW,0,,,N,0800
US1TXAG0003,20160326,SNOW,0,,,N,0800
US1TXAG0003,20160329,SNOW,0,,,N,0800
US1TXAG0003,20160401,PRCP,0,,,N,0800
US1TXAG0003,20160402,PRCP,10,,,N,0700
US1TXAG0003,20160403,PRCP,0,,,N,0800
US1TXAG0003,20160404,PRCP,0,,,N,0800
US1TXAG0003,20160405,PRCP,0,,,N,0800
US1TXAG0003,20160406,PRCP,0,,,N,0800
US1TXAG0003,20160407,PRCP,0,,,N,0800
US1TXAG0003,20160408,PRCP,0,,,N,0800
US1TXAG0003,20160409,PRCP,0,,,N,0800
US1TXAG0003,20160410,PRCP,0,,,N,0800
US1TXAG0003,20160411,PRCP,18,,,N,0800
US1TXAG0003,20160412,PRCP,56,,,N,0700
US1TXAG0003,20160413,PRCP,81,,,N,0800
US1TXAG0003,20160414,PRCP,5,,,N,0800
US1TXAG0003,20160415,PRCP,5,,,N,0800
US1TXAG0003,20160416,PRCP,0,,,N,0800
US1TXAG0003,20160417,PRCP,0,,,N,0800
US1TXAG0003,20160418,PRCP,386,,,N,0800
US1TXAG0003,20160419,PRCP,244,,,N,0800
US1TXAG0003,20160420,PRCP,157,,,N,0800
US1TXAG0003,20160421,PRCP,203,,,N,0800
US1TXAG0003,20160422,PRCP,0,,,N,0800
US1TXAG0003,20160423,PRCP,0,,,N,0800
US1TXAG0003,20160424,PRCP,0,,,N,0800
US1TXAG0003,20160425,PRCP,0,,,N,0800
US1TXAG0003,20160426,PRCP,0,,,N,0800
US1TXAG0003,20160427,PRCP,221,,,N,0800
US1TXAG0003,20160428,PRCP,5,,,N,0800
US1TXAG0003,20160429,PRCP,0,,,N,0800
US1TXAG0003,20160430,PRCP,610,,,N,0800
US1TXAG0003,20160403,SNOW,0,,,N,0800
US1TXAG0003,20160406,SNOW,0,,,N,0800
US1TXAG0003,20160409,SNOW,0,,,N,0800
US1TXAG0003,20160410,SNOW,0,,,N,0800
US1TXAG0003,20160416,SNOW,0,,,N,0800
US1TXAG0003,20160417,SNOW,0,,,N,0800
US1TXAG0003,20160422,SNOW,0,,,N,0800
US1TXAG0003,20160423,SNOW,0,,,N,0800
US1TXAG0003,20160424,SNOW,0,,,N,0800
US1TXAG0003,20160425,SNOW,0,,,N,0800
US1TXAG0003,20160501,PRCP,25,,,N,0800
US1TXAG0003,20160502,PRCP,38,,,N,0800
US1TXAG0003,20160503,PRCP,3,,,N,0800
US1TXAG0003,20160504,PRCP,0,,,N,0800
US1TXAG0003,20160505,PRCP,0,,,N,0630
US1TXAG0003,20160506,PRCP,0,,,N,0800
US1TXAG0003,20160507,PRCP,0,,,N,0800
US1TXAG0003,20160508,PRCP,0,,,N,0800
US1TXAG0003,20160509,PRCP,0,,,N,0800
US1TXAG0003,20160510,PRCP,3,,,N,0800
US1TXAG0003,20160511,PRCP,0,,,N,0800
US1TXAG0003,20160512,PRCP,0,,,N,0800
US1TXAG0003,20160513,PRCP,0,,,N,0800
US1TXAG0003,20160514,PRCP,0,,,N,0800
US1TXAG0003,20160515,PRCP,211,,,N,0800
US1TXAG0003,20160516,PRCP,8,,,N,0800
US1TXAG0003,20160517,PRCP,28,,,N,0800
US1TXAG0003,20160518,PRCP,3,,,N,0800
US1TXAG0003,20160519,PRCP,0,,,N,0800
US1TXAG0003,20160520,PRCP,127,,,N,0800
US1TXAG0003,20160521,PRCP,0,,,N,0800
US1TXAG0003,20160522,PRCP,0,,,N,0800
US1TXAG0003,20160523,PRCP,0,,,N,0800
US1TXAG0003,20160524,PRCP,0,,,N,0800
US1TXAG0003,20160525,PRCP,0,,,N,0800
US1TXAG0003,20160526,PRCP,889,,,N,0800
US1TXAG0003,20160527,PRCP,673,,,N,0800
US1TXAG0003,20160528,PRCP,5,,,N,0800
US1TXAG0003,20160529,PRCP,0,,,N,0800
US1TXAG0003,20160530,PRCP,0,,,N,0700
US1TXAG0003,20160531,PRCP,0,,,N,0800
US1TXAG0003,20160505,SNOW,0,,,N,0630
US1TXAG0003,20160506,SNOW,0,,,N,0800
US1TXAG0003,20160507,SNOW,0,,,N,0800
US1TXAG0003,20160514,SNOW,0,,,N,0800
US1TXAG0003,20160523,SNOW,0,,,N,0800
US1TXAG0003,20160524,SNOW,0,,,N,0800
US1TXAG0003,20160525,SNOW,0,,,N,0800
US1TXAG0003,20160529,SNOW,0,,,N,0800
US1TXAG0003,20160530,SNOW,0,,,N,0700
US1TXAG0003,20160531,SNOW,0,,,N,0800
US1TXAG0003,20160601,PRCP,23,,,N,0800
US1TXAG0003,20160602,PRCP,69,,,N,0800
US1TXAG0003,20160603,PRCP,203,,,N,0800
US1TXAG0003,20160604,PRCP,43,,,N,0800
US1TXAG0003,20160605,PRCP,8,,,N,0800
US1TXAG0003,20160606,PRCP,23,,,N,0800
US1TXAG0003,20160607,PRCP,5,,,N,0800
US1TXAG0003,20160608,PRCP,0,,,N,0800
US1TXAG0003,20160609,PRCP,0,,,N,0700
US1TXAG0003,20160610,PRCP,0,,,N,0800
US1TXAG0003,20160611,PRCP,41,,,N,0800
US1TXAG0003,20160612,PRCP,5,,,N,0700
US1TXAG0003,20160613,PRCP,198,,,N,0800
US1TXAG0003,20160614,PRCP,43,,,N,0800
US1TXAG0003,20160615,PRCP,0,,,N,0800
US1TXAG0003,20160616,PRCP,0,,,N,0800
US1TXAG0003,20160617,PRCP,0,,,N,0800
US1TXAG0003,20160618,PRCP,0,,,N,0700
US1TXAG0003,20160619,PRCP,5,,,N,0800
US1TXAG0003,20160620,PRCP,18,,,N,0800
US1TXAG0003,20160621,PRCP,0,,,N,0800
US1TXAG0003,20160622,PRCP,0,,,N,0800
US1TXAG0003,20160623,PRCP,0,,,N,0800
US1TXAG0003,20160624,PRCP,0,,,N,0800
US1TXAG0003,20160625,PRCP,0,,,N,0800
US1TXAG0003,20160626,PRCP,0,,,N,0800
US1TXAG0003,20160627,PRCP,0,,,N,0800
US1TXAG0003,20160628,PRCP,23,,,N,0700
US1TXAG0003,20160629,PRCP,13,,,N,0700
US1TXAG0003,20160630,PRCP,0,,,N,0800
US1TXAG0003,20160608,SNOW,0,,,N,0800
US1TXAG0003,20160609,SNOW,0,,,N,0700
US1TXAG0003,20160615,SNOW,0,,,N,0800
US1TXAG0003,20160616,SNOW,0,,,N,0800
US1TXAG0003,20160618,SNOW,0,,,N,0700
US1TXAG0003,20160627,SNOW,0,,,N,0800
US1TXAG0003,20160701,PRCP,0,,,N,0800
US1TXAG0003,20160702,PRCP,0,,,N,0800
US1TXAG0003,20160703,PRCP,0,,,N,0800
US1TXAG0003,20160704,PRCP,0,,,N,0800
US1TXAG0003,20160705,PRCP,0,,,N,0800
US1TXAG0003,20160706,PRCP,0,,,N,0800
US1TXAG0003,20160707,PRCP,0,,,N,0800
US1TXAG0003,20160708,PRCP,0,,,N,0800
US1TXAG0003,20160709,PRCP,0,,,N,0800
US1TXAG0003,20160710,PRCP,0,,,N,0800
US1TXAG0003,20160711,PRCP,0,,,N,0800
US1TXAG0003,20160712,PRCP,0,,,N,0800
US1TXAG0003,20160713,PRCP,0,,,N,0800
US1TXAG0003,20160714,PRCP,0,,,N,0800
US1TXAG0003,20160715,PRCP,0,,,N,0800
US1TXAG0003,20160716,PRCP,0,,,N,0800
US1TXAG0003,20160717,PRCP,0,,,N,0800
US1TXAG0003,20160718,PRCP,0,,,N,0700
US1TXAG0003,20160719,PRCP,0,,,N,0800
US1TXAG0003,20160720,PRCP,0,,,N,0800
US1TXAG0003,20160721,PRCP,0,,,N,0800
US1TXAG0003,20160722,PRCP,0,,,N,0800
US1TXAG0003,20160723,PRCP,0,,,N,0800
US1TXAG0003,20160724,PRCP,0,,,N,0800
US1TXAG0003,20160725,PRCP,203,,,N,0800
US1TXAG0003,20160726,PRCP,15,,,N,0800
US1TXAG0003,20160727,PRCP,15,,,N,0800
US1TXAG0003,20160728,PRCP,10,,,N,0800
US1TXAG0003,20160729,PRCP,10,,,N,0800
US1TXAG0003,20160730,PRCP,28,,,N,0800
US1TXAG0003,20160731,PRCP,0,,,N,0800
US1TXAG0003,20160701,SNOW,0,,,N,0800
US1TXAG0003,20160704,SNOW,0,,,N,0800
US1TXAG0003,20160709,SNOW,0,,,N,0800
US1TXAG0003,20160710,SNOW,0,,,N,0800
US1TXAG0003,20160714,SNOW,0,,,N,0800
US1TXAG0003,20160801,PRCP,0,,,N,0800
US1TXAG0003,20160802,PRCP,0,,,N,0800
US1TXAG0003,20160803,PRCP,0,,,N,0800
US1TXAG0003,20160804,PRCP,0,,,N,0800
US1TXAG0003,20160805,PRCP,0,,,N,0800
US1TXAG0003,20160806,PRCP,0,,,N,0800
US1TXAG0003,20160807,PRCP,0,,,N,0800
US1TXAG0003,20160808,PRCP,203,,,N,0800
US1TXAG0003,20160809,PRCP,18,,,N,0800
US1TXAG0003,20160810,PRCP,0,,,N,0800
US1TXAG0003,20160811,PRCP,0,,,N,0800
US1TXAG0003,20160812,PRCP,0,,,N,0800
US1TXAG0003,20160813,PRCP,0,,,N,0800
US1TXAG0003,20160814,PRCP,3,,,N,0800
US1TXAG0003,20160815,PRCP,185,,,N,0800
US1TXAG0003,20160816,PRCP,279,,,N,0800
US1TXAG0003,20160817,PRCP,147,,,N,0800
US1TXAG0003,20160818,PRCP,28,,,N,0800
US1TXAG0003,20160819,PRCP,33,,,N,0800
US1TXAG0003,20160820,PRCP,18,,,N,0800
US1TXAG0003,20160821,PRCP,13,,,N,0800
US1TXAG0003,20160822,PRCP,48,,,N,0800
US1TXAG0003,20160823,PRCP,368,,,N,0800
US1TXAG0003,20160824,PRCP,3,,,N,0800
US1TXAG0003,20160825,PRCP,0,,,N,0800
US1TXAG0003,20160826,PRCP,43,,,N,0800
US1TXAG0003,20160827,PRCP,254,,,N,0800
US1TXAG0003,20160828,PRCP,3,,,N,0800
US1TXAG0003,20160829,PRCP,127,,,N,0800
US1TXAG0003,20160830,PRCP,3,,,N,0800
US1TXAG0003,20160831,PRCP,0,,,N,0800
US1TXAG0003,20160807,SNOW,0,,,N,0800
US1TXAG0003,20160901,PRCP,0,,,N,0800
US1TXAG0003,20160902,PRCP,0,,,N,0800
US1TXAG0003,20160903,PRCP,0,,,N,0800
US1TXAG0003,20160904,PRCP,0,,,N,0800
US1TXAG0003,20160905,PRCP,0,,,N,0800
US1TXAG0003,20160906,PRCP,23,,,N,0800
US1TXAG0003,20160907,PRCP,0,,,N,0800
US1TXAG0003,20160908,PRCP,0,,,N,0800
US1TXAG0003,20160909,PRCP,0,,,N,0800
US1TXAG0003,20160910,PRCP,0,,,N,0800
US1TXAG0003,20160911,PRCP,533,,,N,0800
US1TXAG0003,20160912,PRCP,3,,,N,0800
US1TXAG0003,20160913,PRCP,0,,,N,0800
US1TXAG0003,20160914,PRCP,0,,,N,0800
US1TXAG0003,20160915,PRCP,0,,,N,0800
US1TXAG0003,20160916,PRCP,0,,,N,0800
US1TXAG0003,20160917,PRCP,0,,,N,0800
US1TXAG0003,20160918,PRCP,0,,,N,0800
US1TXAG0003,20160919,PRCP,0,,,N,0800
US1TXAG0003,20160920,PRCP,0,,,N,0800
US1TXAG0003,20160921,PRCP,0,,,N,0800
US1TXAG0003,20160922,PRCP,0,,,N,0800
US1TXAG0003,20160923,PRCP,0,,,N,0800
US1TXAG0003,20160924,PRCP,0,,,N,0800
US1TXAG0003,20160925,PRCP,0,,,N,0800
US1TXAG0003,20160926,PRCP,127,,,N,0800
US1TXAG0003,20160927,PRCP,56,,,N,0800
US1TXAG0003,20160928,PRCP,25,,,N,0800
US1TXAG0003,20160929,PRCP,0,,,N,0800
US1TXAG0003,20160930,PRCP,0,,,N,0800
US1TXAG0003,20161001,PRCP,0,,,N,0800
US1TXAG0003,20161002,PRCP,0,,,N,0800
US1TXAG0003,20161003,PRCP,0,,,N,0800
US1TXAG0003,20161004,PRCP,0,,,N,0800
US1TXAG0003,20161005,PRCP,0,,,N,0800
US1TXAG0003,20161006,PRCP,0,,,N,0800
US1TXAG0003,20161007,PRCP,0,,,N,0800
US1TXAG0003,20161008,PRCP,0,,,N,0800
US1TXAG0003,20161009,PRCP,0,,,N,0800
US1TXAG0003,20161010,PRCP,0,,,N,0800
US1TXAG0003,20161011,PRCP,0,,,N,0800
US1TXAG0003,20161012,PRCP,10,,,N,0800
US1TXAG0003,20161013,PRCP,0,,,N,0800
US1TXAG0003,20161014,PRCP,0,,,N,0800
US1TXAG0003,20161015,PRCP,20,,,N,0800
US1TXAG0003,20161016,PRCP,0,,,N,0800
US1TXAG0003,20161017,PRCP,0,,,N,0800
US1TXAG0003,20161018,PRCP,0,,,N,0800
US1TXAG0003,20161019,PRCP,0,,,N,0800
US1TXAG0003,20161020,PRCP,0,,,N,0800
US1TXAG0003,20161021,PRCP,33,,,N,0800
US1TXAG0003,20161022,PRCP,0,,,N,0700
US1TXAG0003,20161023,PRCP,0,,,N,0800
US1TXAG0003,20161024,PRCP,0,,,N,0800
US1TXAG0003,20161025,PRCP,5,,,N,0800
US1TXAG0003,20161026,PRCP,0,,,N,0800
US1TXAG0003,20161027,PRCP,0,,,N,0800
US1TXAG0003,20161028,PRCP,0,,,N,0800
US1TXAG0003,20161029,PRCP,0,,,N,0800
US1TXAG0003,20161030,PRCP,0,,,N,0800
US1TXAG0003,20161031,PRCP,0,,,N,0800
US1TXAG0003,20161013,SNOW,0,,,N,0800
US1TXAG0003,20161022,SNOW,0,,,N,0700
US1TXAG0003,20161101,PRCP,0,,,N,0800
US1TXAG0003,20161102,PRCP,0,,,N,0800
US1TXAG0003,20161103,PRCP,0,,,N,0800
US1TXAG0003,20161104,PRCP,3,,,N,0800
US1TXAG0003,20161105,PRCP,0,,,N,0800
US1TXAG0003,20161106,PRCP,0,,,N,0800
US1TXAG0003,20161107,PRCP,198,,,N,0800
US1TXAG0003,20161108,PRCP,0,,,N,0800
US1TXAG0003,20161109,PRCP,5,,,N,0800
US1TXAG0003,20161110,PRCP,3,,,N,0800
US1TXAG0003,20161111,PRCP,0,,,N,0800
US1TXAG0003,20161112,PRCP,0,,,N,0800
US1TXAG0003,20161113,PRCP,0,,,N,0800
US1TXAG0003,20161114,PRCP,0,,,N,0800
US1TXAG0003,20161115,PRCP,0,,,N,0800
US1TXAG0003,20161116,PRCP,0,,,N,0800
US1TXAG0003,20161117,PRCP,0,,,N,0800
US1TXAG0003,20161118,PRCP,0,,,N,0800
US1TXAG0003,20161119,PRCP,43,,,N,0800
US1TXAG0003,20161120,PRCP,0,,,N,0800
US1TXAG0003,20161121,PRCP,0,,,N,0800
US1TXAG0003,20161122,PRCP,0,,,N,0800
US1TXAG0003,20161123,PRCP,244,,,N,0800
US1TXAG0003,20161124,PRCP,0,,,N,0800
US1TXAG0003,20161125,PRCP,0,,,N,0800
US1TXAG0003,20161126,PRCP,0,,,N,0800
US1TXAG0003,20161127,PRCP,0,,,N,0800
US1TXAG0003,20161128,PRCP,64,,,N,0800
US1TXAG0003,20161129,PRCP,13,,,N,0800
US1TXAG0003,20161130,PRCP,185,,,N,0800
US1TXAG0003,20161201,PRCP,3,,,N,0800
US1TXAG0003,20161202,PRCP,0,,,N,0800
US1TXAG0003,20161203,PRCP,879,,,N,0800
US1TXAG0003,20161204,PRCP,229,,,N,0800
US1TXAG0003,20161205,PRCP,140,,,N,0730
US1TXAG0003,20161206,PRCP,66,,,N,0800
US1TXAG0003,20161207,PRCP,8,,,N,0800
US1TXAG0003,20161208,PRCP,13,,,N,0800
US1TXAG0003,20161209,PRCP,3,,,N,0800
US1TXAG0003,20161210,PRCP,0,,,N,0800
US1TXAG0003,20161211,PRCP,0,,,N,0800
US1TXAG0003,20161212,PRCP,3,,,N,0800
US1TXAG0003,20161213,PRCP,0,,,N,0800
US1TXAG0003,20161214,PRCP,3,,,N,0800
US1TXAG0003,20161215,PRCP,0,,,N,0800
US1TXAG0003,20161216,PRCP,0,,,N,0800
US1TXAG0003,20161217,PRCP,0,,,N,0800
US1TXAG0003,20161218,PRCP,20,,,N,0800
US1TXAG0003,20161219,PRCP,0,,,N,0800
US1TXAG0003,20161220,PRCP,0,,,N,0800
US1TXAG0003,20161221,PRCP,0,,,N,0800
US1TXAG0003,20161222,PRCP,0,,,N,0800
US1TXAG0003,20161223,PRCP,8,,,N,0800
US1TXAG0003,20161224,PRCP,8,,,N,0800
US1TXAG0003,20161225,PRCP,0,,,N,0800
US1TXAG0003,20161226,PRCP,8,,,N,0800
US1TXAG0003,20161227,PRCP,0,,,N,0800
US1TXAG0003,20161228,PRCP,3,,,N,0800
US1TXAG0003,20161229,PRCP,0,,,N,0800
US1TXAG0003,20161230,PRCP,0,,,N,0800
US1TXAG0003,20161231,PRCP,13,,,N,0800
US1TXAG0003,20170101,PRCP,20,,,N,0800
US1TXAG0003,20170102,PRCP,56,,,N,0800
US1TXAG0003,20170103,PRCP,160,,,N,0800
US1TXAG0003,20170104,PRCP,3,,,N,0800
US1TXAG0003,20170105,PRCP,5,,,N,0800
US1TXAG0003,20170106,PRCP,5,,,N,0800
US1TXAG0003,20170107,PRCP,0,,,N,0800
US1TXAG0003,20170108,PRCP,0,,,N,0800
US1TXAG0003,20170109,PRCP,0,,,N,0800
US1TXAG0003,20170110,PRCP,0,,,N,0800
US1TXAG0003,20170111,PRCP,0,,,N,0800
US1TXAG0003,20170112,PRCP,0,,,N,0800
US1TXAG0003,20170113,PRCP,114,,,N,0800
US1TXAG0003,20170114,PRCP,13,,,N,0800
US1TXAG0003,20170115,PRCP,5,,,N,0800
US1TXAG0003,20170116,PRCP,51,,,N,0800
US1TXAG0003,20170117,PRCP,97,,,N,0800
US1TXAG0003,20170118,PRCP,503,,,N,0800
US1TXAG0003,20170119,PRCP,638,,,N,0800
US1TXAG0003,20170120,PRCP,28,,,N,0800
US1TXAG0003,20170121,PRCP,58,,,N,0800
US1TXAG0003,20170122,PRCP,10,,,N,0800
US1TXAG0003,20170123,PRCP,0,,,N,0800
US1TXAG0003,20170124,PRCP,0,,,N,0800
US1TXAG0003,20170125,PRCP,0,,,N,0800
US1TXAG0003,20170126,PRCP,0,,,N,0800
US1TXAG0003,20170127,PRCP,0,,,N,0800
US1TXAG0003,20170128,PRCP,0,,,N,0800
US1TXAG0003,20170129,PRCP,0,,,N,0800
US1TXAG0003,20170130,PRCP,0,,,N,0800
US1TXAG0003,20170131,PRCP,0,,,N,0800
US1TXAG0003,20170201,PRCP,0,,,N,0800
US1TXAG0003,20170202,PRCP,0,,,N,0800
US1TXAG0003,20170203,PRCP,0,,,N,0800
US1TXAG0003,20170204,PRCP,0,,,N,0800
US1TXAG0003,20170205,PRCP,13,,,N,0800
US1TXAG0003,20170206,PRCP,0,,,N,0800
US1TXAG0003,20170207,PRCP,0,,,N,0800
US1TXAG0003,20170208,PRCP,0,,,N,0800
US1TXAG0003,20170209,PRCP,0,,,N,0800
US1TXAG0003,20170210,PRCP,0,,,N,0800
US1TXAG0003,20170211,PRCP,0,,,N,0800
US1TXAG0003,20170212,PRCP,0,,,N,0800
US1TXAG0003,20170213,PRCP,0,,,N,0800
US1TXAG0003,20170214,PRCP,0,,,N,0800
US1TXAG0003,20170215,PRCP,307,,,N,0800
US1TXAG0003,20170216,PRCP,0,,,N,0800
US1TXAG0003,20170217,PRCP,0,,,N,0800
US1TXAG0003,20170218,PRCP,18,,,N,0800
US1TXAG0003,20170219,PRCP,0,,,N,0800
US1TXAG0003,20170220,PRCP,10,,,N,0800
US1TXAG0003,20170221,PRCP,234,,,N,0800
US1TXAG0003,20170222,PRCP,3,,,N,0800
US1TXAG0003,20170223,PRCP,0,,,N,0800
US1TXAG0003,20170224,PRCP,0,,,N,0800
US1TXAG0003,20170225,PRCP,0,,,N,0800
US1TXAG0003,20170226,PRCP,0,,,N,0800
US1TXAG0003,20170227,PRCP,0,,,N,0800
US1TXAG0003,20170228,PRCP,0,,,N,0800
US1TXAG0003,20170301,PRCP,0,,,N,0800
US1TXAG0003,20170302,PRCP,0,,,N,0800
US1TXAG0003,20170303,PRCP,0,,,N,0800
US1TXAG0003,20170304,PRCP,0,,,N,0800
US1TXAG0003,20170305,PRCP,122,,,N,0800
US1TXAG0003,20170306,PRCP,135,,,N,0800
US1TXAG0003,20170307,PRCP,56,,,N,0800
US1TXAG0003,20170308,PRCP,64,,,N,0800
US1TXAG0003,20170309,PRCP,3,,,N,0800
US1TXAG0003,20170310,PRCP,0,,,N,0800
US1TXAG0003,20170311,PRCP,18,,,N,0800
US1TXAG0003,20170312,PRCP,3,,,N,0800
US1TXAG0003,20170313,PRCP,0,,,N,0800
US1TXAG0003,20170314,PRCP,0,,,N,0800
US1TXAG0003,20170315,PRCP,0,,,N,0800
US1TXAG0003,20170316,PRCP,0,,,N,0800
US1TXAG0003,20170317,PRCP,0,,,N,0800
US1TXAG0003,20170318,PRCP,0,,,N,0800
US1TXAG0003,20170319,PRCP,0,,,N,0800
US1TXAG0003,20170320,PRCP,0,,,N,0800
US1TXAG0003,20170321,PRCP,0,,,N,0800
US1TXAG0003,20170322,PRCP,0,,,N,0800
US1TXAG0003,20170323,PRCP,0,,,N,0800
US1TXAG0003,20170324,PRCP,0,,,N,0800
US1TXAG0003,20170325,PRCP,191,,,N,0800
US1TXAG0003,20170326,PRCP,0,,,N,0800
US1TXAG0003,20170327,PRCP,0,,,N,0800
US1TXAG0003,20170328,PRCP,0,,,N,0800
US1TXAG0003,20170329,PRCP,20,,,N,0800
US1TXAG0003,20170330,PRCP,28,,,N,0800
US1TXAG0003,20170331,PRCP,0,,,N,0800
US1TXAG0003,20170401,PRCP,0,,,N,0800
US1TXAG0003,20170402,PRCP,0,,,N,0800
US1TXAG0003,20170403,PRCP,889,,,N,0800
US1TXAG0003,20170404,PRCP,0,,,N,0800
US1TXAG0003,20170405,PRCP,18,,,N,0800
US1TXAG0003,20170406,PRCP,0,,,N,0800
US1TXAG0003,20170407,PRCP,0,,,N,0800
US1TXAG0003,20170408,PRCP,0,,,N,0800
US1TXAG0003,20170409,PRCP,0,,,N,0800
US1TXAG0003,20170410,PRCP,0,,,N,0800
US1TXAG0003,20170411,PRCP,69,,,N,0800
US1TXAG0003,20170412,PRCP,175,,,N,0800
US1TXAG0003,20170413,PRCP,3,,,N,0800
US1TXAG0003,20170414,PRCP,0,,,N,0800
US1TXAG0003,20170415,PRCP,0,,,N,0800
US1TXAG0003,20170416,PRCP,0,,,N,0800
US1TXAG0003,20170417,PRCP,10,,,N,0800
US1TXAG0003,20170418,PRCP,56,,,N,0800
US1TXAG0003,20170419,PRCP,5,,,N,0800
US1TXAG0003,20170420,PRCP,56,,,N,0800
US1TXAG0003,20170421,PRCP,0,,,N,0800
US1TXAG0003,20170422,PRCP,0,,,N,0800
US1TXAG0003,20170423,PRCP,0,,,N,0800
US1TXAG0003,20170424,PRCP,0,,,N,0800
US1TXAG0003,20170425,PRCP,0,,,N,0800
US1TXAG0003,20170426,PRCP,0,,,N,0800
US1TXAG0003,20170427,PRCP,84,,,N,0800
US1TXAG0003,20170428,PRCP,0,,,N,0800
US1TXAG0003,20170429,PRCP,0,,,N,0800
US1TXAG0003,20170430,PRCP,43,,,N,0800
US1TXAG0003,20170408,SNOW,0,,,N,0800
US1TXAG0003,20170501,PRCP,0,,,N,0800
US1TXAG0003,20170502,PRCP,0,,,N,0800
US1TXAG0003,20170503,PRCP,0,,,N,0800
US1TXAG0003,20170504,PRCP,574,,,N,0800
US1TXAG0003,20170505,PRCP,0,,,N,0800
US1TXAG0003,20170506,PRCP,0,,,N,0800
US1TXAG0003,20170507,PRCP,0,,,N,0800
US1TXAG0003,20170508,PRCP,0,,,N,0800
US1TXAG0003,20170509,PRCP,0,,,N,0800
US1TXAG0003,20170510,PRCP,0,,,N,0800
US1TXAG0003,20170511,PRCP,0,,,N,0800
US1TXAG0003,20170512,PRCP,79,,,N,0800
US1TXAG0003,20170513,PRCP,0,,,N,0800
US1TXAG0003,20170514,PRCP,0,,,N,0800
US1TXAG0003,20170515,PRCP,0,,,N,0800
US1TXAG0003,20170516,PRCP,0,,,N,0800
US1TXAG0003,20170517,PRCP,8,,,N,0800
US1TXAG0003,20170518,PRCP,0,,,N,0800
US1TXAG0003,20170519,PRCP,3,,,N,0800
US1TXAG0003,20170520,PRCP,0,,,N,0800
US1TXAG0003,20170521,PRCP,361,,,N,0800
US1TXAG0003,20170522,PRCP,102,,,N,0800
US1TXAG0003,20170523,PRCP,462,,,N,0800
US1TXAG0003,20170524,PRCP,89,,,N,0800
US1TXAG0003,20170525,PRCP,0,,,N,0800
US1TXAG0003,20170526,PRCP,0,,,N,0800
US1TXAG0003,20170527,PRCP,0,,,N,0800
US1TXAG0003,20170528,PRCP,0,,,N,0800
US1TXAG0003,20170529,PRCP,284,,,N,0800
US1TXAG0003,20170530,PRCP,0,,,N,0800
US1TXAG0003,20170531,PRCP,0,,,N,0800
US1TXAG0003,20170503,SNOW,0,,,N,0800
US1TXAG0003,20170601,PRCP,8,,,N,0800
US1TXAG0003,20170602,PRCP,25,,,N,0800
US1TXAG0003,20170603,PRCP,15,,,N,0800
US1TXAG0003,20170604,PRCP,406,,,N,0700
US1TXAG0003,20170605,PRCP,20,,,N,0800
US1TXAG0003,20170606,PRCP,508,,,N,0800
US1TXAG0003,20170607,PRCP,36,,,N,0800
US1TXAG0003,20170608,PRCP,0,,,N,0800
US1TXAG0003,20170609,PRCP,0,,,N,0800
US1TXAG0003,20170610,PRCP,0,,,N,0800
US1TXAG0003,20170611,PRCP,0,,,N,0800
US1TXAG0003,20170612,PRCP,8,,,N,0800
US1TXAG0003,20170613,PRCP,25,,,N,0800
US1TXAG0003,20170614,PRCP,15,,,N,0800
US1TXAG0003,20170615,PRCP,0,,,N,0800
US1TXAG0003,20170616,PRCP,0,,,N,0800
US1TXAG0003,20170617,PRCP,0,,,N,0800
US1TXAG0003,20170618,PRCP,0,,,N,0800
US1TXAG0003,20170619,PRCP,0,,,N,0800
US1TXAG0003,20170620,PRCP,0,,,N,0800
US1TXAG0003,20170621,PRCP,0,,,N,0800
US1TXAG0003,20170622,PRCP,216,,,N,0800
US1TXAG0003,20170623,PRCP,178,,,N,0800
US1TXAG0003,20170624,PRCP,10,,,N,0800
US1TXAG0003,20170625,PRCP,0,,,N,0800
US1TXAG0003,20170626,PRCP,0,,,N,0800
US1TXAG0003,20170627,PRCP,0,,,N,0800
US1TXAG0003,20170628,PRCP,51,,,N,0800
US1TXAG0003,20170629,PRCP,0,,,N,0800
US1TXAG0003,20170630,PRCP,0,,,N,0800
US1TXAG0003,20170701,PRCP,0,,,N,0800
US1TXAG0003,20170702,PRCP,0,,,N,0800
US1TXAG0003,20170703,PRCP,0,,,N,0800
US1TXAG0003,20170704,PRCP,0,,,N,0800
US1TXAG0003,20170705,PRCP,104,,,N,0800
US1TXAG0003,20170706,PRCP,0,,,N,0800
US1TXAG0003,20170707,PRCP,10,,,N,0800
US1TXAG0003,20170708,PRCP,0,,,N,0800
US1TXAG0003,20170709,PRCP,10,,,N,0800
US1TXAG0003,20170710,PRCP,462,,,N,0800
US1TXAG0003,20170711,PRCP,0,,,N,0800
US1TXAG0003,20170712,PRCP,0,,,N,0800
US1TXAG0003,20170713,PRCP,25,,,N,0800
US1TXAG0003,20170714,PRCP,0,,,N,0800
US1TXAG0003,20170715,PRCP,86,,,N,0800
US1TXAG0003,20170716,PRCP,109,,,N,0800
US1TXAG0003,20170717,PRCP,249,,,N,0800
US1TXAG0003,20170718,PRCP,51,,,N,0800
US1TXAG0003,20170719,PRCP,0,,,N,0800
US1TXAG0003,20170720,PRCP,0,,,N,0800
US1TXAG0003,20170721,PRCP,0,,,N,0800
US1TXAG0003,20170722,PRCP,0,,,N,0800
US1TXAG0003,20170723,PRCP,0,,,N,0800
US1TXAG0003,20170724,PRCP,160,,,N,0800
US1TXAG0003,20170725,PRCP,229,,,N,0800
US1TXAG0003,20170726,PRCP,0,,,N,0800
US1TXAG0003,20170727,PRCP,0,,,N,0800
US1TXAG0003,20170728,PRCP,0,,,N,0800
US1TXAG0003,20170729,PRCP,0,,,N,0800
US1TXAG0003,20170730,PRCP,0,,,N,0800
US1TXAG0003,20170731,PRCP,0,,,N,0800
US1TXAG0003,20170801,PRCP,0,,,N,0800
US1TXAG0003,20170802,PRCP,0,,,N,0800
US1TXAG0003,20170803,PRCP,71,,,N,0800
US1TXAG0003,20170804,PRCP,3,,,N,0800
US1TXAG0003,20170805,PRCP,0,,,N,0800
US1TXAG0003,20170806,PRCP,0,,,N,0800
US1TXAG0003,20170807,PRCP,0,,,N,0800
US1TXAG0003,20170808,PRCP,384,,,N,0800
US1TXAG0003,20170809,PRCP,64,,,N,0800
US1TXAG0003,20170810,PRCP,10,,,N,0800
US1TXAG0003,20170811,PRCP,0,,,N,0800
US1TXAG0003,20170812,PRCP,3,,,N,0800
US1TXAG0003,20170813,PRCP,0,,,N,0800
US1TXAG0003,20170814,PRCP,0,,,N,0800
US1TXAG0003,20170815,PRCP,0,,,N,0800
US1TXAG0003,20170816,PRCP,0,,,N,0800
US1TXAG0003,20170817,PRCP,0,,,N,0800
US1TXAG0003,20170818,PRCP,0,,,N,0800
US1TXAG0003,20170819,PRCP,0,,,N,0800
US1TXAG0003,20170820,PRCP,0,,,N,0800
US1TXAG0003,20170821,PRCP,56,,,N,0800
US1TXAG0003,20170822,PRCP,0,,,N,0800
US1TXAG0003,20170823,PRCP,0,,,N,0800
US1TXAG0003,20170824,PRCP,0,,,N,0800
US1TXAG0003,20170825,PRCP,0,,,N,0800
US1TXAG0003,20170826,PRCP,0,,,N,0800
US1TXAG0003,20170827,PRCP,592,,,N,0702
US1TXAG0003,20170828,PRCP,1123,,,N,0800
US1TXAG0003,20170829,PRCP,267,,,N,0800
US1TXAG0003,20170830,PRCP,579,,,N,0800
US1TXAG0003,20170831,PRCP,422,,,N,0800
US1TXAG0003,20170901,PRCP,0,,,N,0800
US1TXAG0003,20170902,PRCP,0,,,N,0800
US1TXAG0003,20170903,PRCP,0,,,N,0800
US1TXAG0003,20170904,PRCP,0,,,N,0800
US1TXAG0003,20170905,PRCP,0,,,N,0800
US1TXAG0003,20170906,PRCP,472,,,N,0800
US1TXAG0003,20170907,PRCP,0,,,N,0800
US1TXAG0003,20170908,PRCP,0,,,N,0800
US1TXAG0003,20170909,PRCP,0,,,N,0800
US1TXAG0003,20170910,PRCP,0,,,N,0800
US1TXAG0003,20170911,PRCP,0,,,N,0800
US1TXAG0003,20170912,PRCP,0,,,N,0800
US1TXAG0003,20170913,PRCP,0,,,N,0800
US1TXAG0003,20170914,PRCP,0,,,N,0800
US1TXAG0003,20170915,PRCP,0,,,N,0800
US1TXAG0003,20170916,PRCP,0,,,N,0800
US1TXAG0003,20170917,PRCP,0,,,N,0800
US1TXAG0003,20170918,PRCP,0,,,N,0800
US1TXAG0003,20170919,PRCP,30,,,N,0800
US1TXAG0003,20170920,PRCP,0,,,N,0800
US1TXAG0003,20170921,PRCP,0,,,N,0800
US1TXAG0003,20170922,PRCP,241,,,N,0800
US1TXAG0003,20170923,PRCP,5,,,N,0800
US1TXAG0003,20170924,PRCP,0,,,N,0800
US1TXAG0003,20170925,PRCP,0,,,N,0800
US1TXAG0003,20170926,PRCP,0,,,N,0800
US1TXAG0003,20170927,PRCP,0,,,N,0800
US1TXAG0003,20170928,PRCP,0,,,N,0800
US1TXAG0003,20170929,PRCP,0,,,N,0800
US1TXAG0003,20170930,PRCP,0,,,N,0800
US1TXAG0003,20171001,PRCP,0,,,N,0800
US1TXAG0003,20171002,PRCP,0,,,N,0800
US1TXAG0003,20171003,PRCP,15,,,N,0800
US1TXAG0003,20171004,PRCP,25,,,N,0800
US1TXAG0003,20171005,PRCP,0,,,N,0800
US1TXAG0003,20171006,PRCP,0,,,N,0800
US1TXAG0003,20171007,PRCP,0,,,N,0800
US1TXAG0003,20171008,PRCP,8,,,N,0800
US1TXAG0003,20171009,PRCP,0,,,N,0800
US1TXAG0003,20171010,PRCP,0,,,N,0800
US1TXAG0003,20171011,PRCP,0,,,N,0800
US1TXAG0003,20171012,PRCP,0,,,N,0800
US1TXAG0003,20171013,PRCP,0,,,N,0800
US1TXAG0003,20171014,PRCP,0,,,N,0800
US1TXAG0003,20171015,PRCP,0,,,N,0800
US1TXAG0003,20171016,PRCP,0,,,N,0800
US1TXAG0003,20171017,PRCP,0,,,N,0800
US1TXAG0003,20171018,PRCP,0,,,N,0800
US1TXAG0003,20171019,PRCP,0,,,N,0800
US1TXAG0003,20171020,PRCP,3,,,N,0800
US1TXAG0003,20171021,PRCP,8,,,N,0800
US1TXAG0003,20171022,PRCP,249,,,N,0800
US1TXAG0003,20171023,PRCP,28,,,N,0800
US1TXAG0003,20171024,PRCP,3,,,N,0800
US1TXAG0003,20171025,PRCP,0,,,N,0800
US1TXAG0003,20171026,PRCP,0,,,N,0800
US1TXAG0003,20171027,PRCP,0,,,N,0800
US1TXAG0003,20171028,PRCP,0,,,N,0800
US1TXAG0003,20171029,PRCP,0,,,N,0800
US1TXAG0003,20171030,PRCP,0,,,N,0800
US1TXAG0003,20171031,PRCP,8,,,N,0800
US1TXAG0003,20171101,PRCP,610,,,N,0700
US1TXAG0003,20171102,PRCP,97,,,N,0800
US1TXAG0003,20171103,PRCP,0,,,N,0800
US1TXAG0003,20171104,PRCP,0,,,N,0800
US1TXAG0003,20171105,PRCP,0,,,N,0800
US1TXAG0003,20171106,PRCP,0,,,N,0800
US1TXAG0003,20171107,PRCP,0,,,N,0800
US1TXAG0003,20171108,PRCP,3,,,N,0800
US1TXAG0003,20171109,PRCP,99,,,N,0700
US1TXAG0003,20171110,PRCP,3,,,N,0800
US1TXAG0003,20171111,PRCP,0,,,N,0800
US1TXAG0003,20171112,PRCP,0,,,N,0800
US1TXAG0003,20171113,PRCP,0,,,N,0800
US1TXAG0003,20171114,PRCP,0,,,N,0800
US1TXAG0003,20171115,PRCP,0,,,N,0800
US1TXAG0003,20171116,PRCP,0,,,N,0800
US1TXAG0003,20171117,PRCP,0,,,N,0800
US1TXAG0003,20171118,PRCP,0,,,N,0800
US1TXAG0003,20171119,PRCP,0,,,N,0800
US1TXAG0003,20171120,PRCP,0,,,N,0800
US1TXAG0003,20171121,PRCP,0,,,N,0800
US1TXAG0003,20171122,PRCP,8,,,N,0800
US1TXAG0003,20171123,PRCP,0,,,N,0800
US1TXAG0003,20171124,PRCP,0,,,N,0800
US1TXAG0003,20171125,PRCP,0,,,N,0800
US1TXAG0003,20171126,PRCP,0,,,N,0800
US1TXAG0003,20171127,PRCP,0,,,N,0800
US1TXAG0003,20171128,PRCP,0,,,N,0800
US1TXAG0003,20171129,PRCP,0,,,N,0800
US1TXAG0003,20171130,PRCP,0,,,N,0800
US1TXAG0003,20171124,SNOW,0,,,N,0800
US1TXAG0003,20171125,SNOW,0,,,N,0800
US1TXAG0003,20171129,SNOW,0,,,N,0800
US1TXAG0003,20171130,SNOW,0,,,N,0800
US1TXAG0003,20171201,PRCP,0,,,N,0800
US1TXAG0003,20171202,PRCP,0,,,N,0800
US1TXAG0003,20171203,PRCP,0,,,N,0800
US1TXAG0003,20171204,PRCP,76,,,N,0800
US1TXAG0003,20171205,PRCP,51,,,N,0800
US1TXAG0003,20171206,PRCP,38,,,N,0800
US1TXAG0003,20171207,PRCP,36,,,N,0800
US1TXAG0003,20171208,PRCP,15,,,N,0800
US1TXAG0003,20171209,PRCP,0,,,N,0800
US1TXAG0003,20171210,PRCP,0,,,N,0800
US1TXAG0003,20171211,PRCP,0,,,N,0800
US1TXAG0003,20171212,PRCP,0,,,N,0800
US1TXAG0003,20171213,PRCP,0,,,N,0800
US1TXAG0003,20171214,PRCP,0,,,N,0800
US1TXAG0003,20171215,PRCP,0,,,N,0800
US1TXAG0003,20171216,PRCP,0,,,N,0800
US1TXAG0003,20171217,PRCP,277,,,N,0800
US1TXAG0003,20171218,PRCP,0,,,N,0800
US1TXAG0003,20171219,PRCP,56,,,N,0700
US1TXAG0003,20171220,PRCP,178,,,N,0800
US1TXAG0003,20171221,PRCP,5,,,N,0800
US1TXAG0003,20171222,PRCP,3,,,N,0800
US1TXAG0003,20171223,PRCP,28,,,N,0800
US1TXAG0003,20171224,PRCP,0,,,N,0800
US1TXAG0003,20171225,PRCP,0,,,N,0800
US1TXAG0003,20171226,PRCP,23,,,N,0800
US1TXAG0003,20171227,PRCP,140,,,N,0800
US1TXAG0003,20171228,PRCP,5,,,N,0800
US1TXAG0003,20171229,PRCP,0,,,N,0800
US1TXAG0003,20171230,PRCP,8,,,N,0800
US1TXAG0003,20171231,PRCP,8,,,N,0800
US1TXAG0003,20171224,SNOW,0,,,N,0800
US1TXAG0003,20171208,SNWD,0,,,N,0800
US1TXAG0003,20180101,PRCP,0,,,N,0800
US1TXAG0003,20180102,PRCP,0,,,N,0800
US1TXAG0003,20180103,PRCP,0,,,N,0800
US1TXAG0003,20180104,PRCP,0,,,N,0800
US1TXAG0003,20180105,PRCP,0,,,N,0800
US1TXAG0003,20180106,PRCP,0,,,N,0800
US1TXAG0003,20180107,PRCP,0,,,N,0800
US1TXAG0003,20180108,PRCP,102,,,N,0800
US1TXAG0003,20180109,PRCP,0,,,N,0800
US1TXAG0003,20180110,PRCP,5,,,N,0800
US1TXAG0003,20180111,PRCP,51,,,N,0800
US1TXAG0003,20180112,PRCP,254,,,N,0800
US1TXAG0003,20180113,PRCP,0,,,N,0800
US1TXAG0003,20180114,PRCP,0,,,N,0800
US1TXAG0003,20180115,PRCP,0,,,N,0800
US1TXAG0003,20180116,PRCP,38,,,N,0800
US1TXAG0003,20180117,PRCP,0,,,N,0800
US1TXAG0003,20180118,PRCP,0,,,N,0800
US1TXAG0003,20180119,PRCP,0,,,N,0800
US1TXAG0003,20180120,PRCP,0,,,N,0800
US1TXAG0003,20180121,PRCP,3,,,N,0800
US1TXAG0003,20180122,PRCP,15,,,N,0800
US1TXAG0003,20180123,PRCP,0,,,N,0800
US1TXAG0003,20180124,PRCP,0,,,N,0800
US1TXAG0003,20180125,PRCP,0,,,N,0800
US1TXAG0003,20180126,PRCP,0,,,N,0800
US1TXAG0003,20180127,PRCP,132,,,N,0800
US1TXAG0003,20180128,PRCP,81,,,N,0800
US1TXAG0003,20180129,PRCP,0,,,N,0800
US1TXAG0003,20180130,PRCP,0,,,N,0800
US1TXAG0003,20180131,PRCP,0,,,N,0800
US1TXAG0003,20180201,PRCP,0,,,N,0800
US1TXAG0003,20180202,PRCP,0,,,N,0800
US1TXAG0003,20180203,PRCP,0,,,N,0800
US1TXAG0003,20180204,PRCP,58,,,N,0800
US1TXAG0003,20180205,PRCP,5,,,N,0800
US1TXAG0003,20180206,PRCP,28,,,N,0800
US1TXAG0003,20180207,PRCP,76,,,N,0800
US1TXAG0003,20180208,PRCP,28,,,N,0800
US1TXAG0003,20180209,PRCP,0,,,N,0800
US1TXAG0003,20180210,PRCP,254,,,N,0800
US1TXAG0003,20180211,PRCP,64,,,N,0800
US1TXAG0003,20180212,PRCP,3,,,N,0800
US1TXAG0003,20180213,PRCP,0,,,N,0800
US1TXAG0003,20180214,PRCP,117,,,N,0800
US1TXAG0003,20180215,PRCP,3,,,N,0800
US1TXAG0003,20180216,PRCP,0,,,N,0800
US1TXAG0003,20180217,PRCP,3,,,N,0800
US1TXAG0003,20180218,PRCP,56,,,N,0800
US1TXAG0003,20180219,PRCP,0,,,N,0800
US1TXAG0003,20180220,PRCP,3,,,N,0800
US1TXAG0003,20180221,PRCP,196,,,N,0800
US1TXAG0003,20180222,PRCP,411,,,N,0800
US1TXAG0003,20180223,PRCP,33,,,N,0800
US1TXAG0003,20180224,PRCP,5,,,N,0800
US1TXAG0003,20180225,PRCP,25,,,N,0800
US1TXAG0003,20180226,PRCP,345,,,N,0800
US1TXAG0003,20180227,PRCP,0,,,N,0800
US1TXAG0003,20180228,PRCP,3,,,N,0800
US1TXAG0003,20180301,PRCP,18,,,N,0800
US1TXAG0003,20180302,PRCP,0,,,N,0800
US1TXAG0003,20180303,PRCP,0,,,N,0800
US1TXAG0003,20180304,PRCP,0,,,N,0800
US1TXAG0003,20180305,PRCP,0,,,N,0800
US1TXAG0003,20180306,PRCP,51,,,N,0800
US1TXAG0003,20180307,PRCP,0,,,N,0800
US1TXAG0003,20180308,PRCP,0,,,N,0800
US1TXAG0003,20180309,PRCP,0,,,N,0800
US1TXAG0003,20180310,PRCP,0,,,N,0800
US1TXAG0003,20180311,PRCP,0,,,N,0800
US1TXAG0003,20180312,PRCP,3,,,N,0800
US1TXAG0003,20180313,PRCP,0,,,N,0800
US1TXAG0003,20180314,PRCP,0,,,N,0800
US1TXAG0003,20180315,PRCP,0,,,N,0800
US1TXAG0003,20180316,PRCP,0,,,N,0800
US1TXAG0003,20180317,PRCP,0,,,N,0800
US1TXAG0003,20180318,PRCP,127,,,N,0800
US1TXAG0003,20180319,PRCP,333,,,N,0800
US1TXAG0003,20180320,PRCP,0,,,N,0800
US1TXAG0003,20180321,PRCP,0,,,N,0800
US1TXAG0003,20180322,PRCP,0,,,N,0800
US1TXAG0003,20180323,PRCP,0,,,N,0800
US1TXAG0003,20180324,PRCP,0,,,N,0800
US1TXAG0003,20180325,PRCP,0,,,N,0800
US1TXAG0003,20180326,PRCP,0,,,N,0800
US1TXAG0003,20180327,PRCP,0,,,N,0800
US1TXAG0003,20180328,PRCP,0,,,N,0800
US1TXAG0003,20180329,PRCP,1537,,,N,0800
US1TXAG0003,20180330,PRCP,5,,,N,0800
US1TXAG0003,20180331,PRCP,0,,,N,0800
US1TXAG0003,20180401,PRCP,0,,,N,0800
US1TXAG0003,20180402,PRCP,0,,,N,0800
US1TXAG0003,20180403,PRCP,0,,,N,0800
US1TXAG0003,20180404,PRCP,112,,,N,0800
US1TXAG0003,20180405,PRCP,0,,,N,0800
US1TXAG0003,20180406,PRCP,0,,,N,0800
US1TXAG0003,20180407,PRCP,363,,,N,0800
US1TXAG0003,20180408,PRCP,8,,,N,0800
US1TXAG0003,20180409,PRCP,0,,,N,0800
US1TXAG0003,20180410,PRCP,0,,,N,0800
US1TXAG0003,20180411,PRCP,0,,,N,0800
US1TXAG0003,20180412,PRCP,0,,,N,0800
US1TXAG0003,20180413,PRCP,0,,,N,0800
US1TXAG0003,20180414,PRCP,264,,,N,0800
US1TXAG0003,20180415,PRCP,5,,,N,0800
US1TXAG0003,20180416,PRCP,0,,,N,0800
US1TXAG0003,20180417,PRCP,0,,,N,0800
US1TXAG0003,20180418,PRCP,0,,,N,0800
US1TXAG0003,20180419,PRCP,0,,,N,0800
US1TXAG0003,20180420,PRCP,0,,,N,0800
US1TXAG0003,20180421,PRCP,0,,,N,0800
US1TXAG0003,20180422,PRCP,61,,,N,0800
US1TXAG0003,20180423,PRCP,0,,,N,0800
US1TXAG0003,20180424,PRCP,0,,,N,0800
US1TXAG0003,20180425,PRCP,0,,,N,0800
US1TXAG0003,20180426,PRCP,0,,,N,0800
US1TXAG0003,20180427,PRCP,0,,,N,0800
US1TXAG0003,20180428,PRCP,0,,,N,0800
US1TXAG0003,20180429,PRCP,0,,,N,0800
US1TXAG0003,20180430,PRCP,0,,,N,0800
US1TXAG0003,20180501,PRCP,0,,,N,0800
US1TXAG0003,20180502,PRCP,3,,,N,0800
US1TXAG0003,20180503,PRCP,0,,,N,0800
US1TXAG0003,20180504,PRCP,0,,,N,0800
US1TXAG0003,20180505,PRCP,76,,,N,0800
US1TXAG0003,20180506,PRCP,0,,,N,0800
US1TXAG0003,20180507,PRCP,0,,,N,0800
US1TXAG0003,20180508,PRCP,0,,,N,0800
US1TXAG0003,20180509,PRCP,0,,,N,0800
US1TXAG0003,20180510,PRCP,0,,,N,0800
US1TXAG0003,20180511,PRCP,0,,,N,0800
US1TXAG0003,20180512,PRCP,0,,,N,0800
US1TXAG0003,20180513,PRCP,0,,,N,0800
US1TXAG0003,20180514,PRCP,0,,,N,0800
US1TXAG0003,20180515,PRCP,0,,,N,0800
US1TXAG0003,20180516,PRCP,0,,,N,0800
US1TXAG0003,20180517,PRCP,0,,,N,0800
US1TXAG0003,20180518,PRCP,0,,,N,0800
US1TXAG0003,20180519,PRCP,0,,,N,0800
US1TXAG0003,20180520,PRCP,0,,,N,0800
US1TXAG0003,20180521,PRCP,86,,,N,0800
US1TXAG0003,20180522,PRCP,84,,,N,0800
US1TXAG0003,20180523,PRCP,0,,,N,0800
US1TXAG0003,20180524,PRCP,0,,,N,0800
US1TXAG0003,20180525,PRCP,0,,,N,0800
US1TXAG0003,20180526,PRCP,3,,,N,0800
US1TXAG0003,20180527,PRCP,0,,,N,0800
US1TXAG0003,20180528,PRCP,3,,,N,0931
US1TXAG0003,20180529,PRCP,0,,,N,0800
US1TXAG0003,20180530,PRCP,0,,,N,0800
US1TXAG0003,20180531,PRCP,0,,,N,0800
US1TXAG0003,20180523,SNOW,0,,,N,0800
US1TXAG0003,20180524,SNOW,0,,,N,0800
US1TXAG0003,20180525,SNOW,0,,,N,0800
US1TXAG0003,20180601,PRCP,0,,,N,0800
US1TXAG0003,20180602,PRCP,0,,,N,0800
US1TXAG0003,20180603,PRCP,0,,,N,0800
US1TXAG0003,20180604,PRCP,0,,,N,0800
US1TXAG0003,20180605,PRCP,13,,,N,0800
US1TXAG0003,20180606,PRCP,3,,,N,0800
US1TXAG0003,20180607,PRCP,0,,,N,0800
US1TXAG0003,20180608,PRCP,0,,,N,0800
US1TXAG0003,20180609,PRCP,0,,,N,0800
US1TXAG0003,20180610,PRCP,0,,,N,0800
US1TXAG0003,20180611,PRCP,33,,,N,0800
US1TXAG0003,20180612,PRCP,0,,,N,0800
US1TXAG0003,20180613,PRCP,0,,,N,0800
US1TXAG0003,20180614,PRCP,0,,,N,0800
US1TXAG0003,20180615,PRCP,0,,,N,0800
US1TXAG0003,20180616,PRCP,0,,,N,0800
US1TXAG0003,20180617,PRCP,0,,,N,0800
US1TXAG0003,20180618,PRCP,25,,,N,0800
US1TXAG0003,20180619,PRCP,38,,,N,0800
US1TXAG0003,20180620,PRCP,15,,,N,0800
US1TXAG0003,20180621,PRCP,165,,,N,0800
US1TXAG0003,20180622,PRCP,3,,,N,0800
US1TXAG0003,20180623,PRCP,0,,,N,0800
US1TXAG0003,20180624,PRCP,0,,,N,0800
US1TXAG0003,20180625,PRCP,0,,,N,0800
US1TXAG0003,20180626,PRCP,79,,,N,0800
US1TXAG0003,20180627,PRCP,0,,,N,0800
US1TXAG0003,20180628,PRCP,0,,,N,0800
US1TXAG0003,20180629,PRCP,0,,,N,0800
US1TXAG0003,20180630,PRCP,0,,,N,0800
US1TXAG0003,20180701,PRCP,0,,,N,0800
US1TXAG0003,20180702,PRCP,0,,,N,0800
US1TXAG0003,20180703,PRCP,0,,,N,0800
US1TXAG0003,20180704,PRCP,81,,,N,0800
US1TXAG0003,20180705,PRCP,56,,,N,0800
US1TXAG0003,20180706,PRCP,5,,,N,0800
US1TXAG0003,20180707,PRCP,0,,,N,0800
US1TXAG0003,20180708,PRCP,48,,,N,0800
US1TXAG0003,20180709,PRCP,264,,,N,0800
US1TXAG0003,20180710,PRCP,74,,,N,0800
US1TXAG0003,20180711,PRCP,3,,,N,0800
US1TXAG0003,20180712,PRCP,5,,,N,0800
US1TXAG0003,20180713,PRCP,79,,,N,0800
US1TXAG0003,20180714,PRCP,0,,,N,0800
US1TXAG0003,20180715,PRCP,0,,,N,0800
US1TXAG0003,20180716,PRCP,0,,,N,0800
US1TXAG0003,20180717,PRCP,0,,,N,0800
US1TXAG0003,20180718,PRCP,0,,,N,0800
US1TXAG0003,20180719,PRCP,0,,,N,0800
US1TXAG0003,20180720,PRCP,0,,,N,0800
US1TXAG0003,20180721,PRCP,0,,,N,0800
US1TXAG0003,20180722,PRCP,0,,,N,0800
US1TXAG0003,20180723,PRCP,0,,,N,0800
US1TXAG0003,20180724,PRCP,0,,,N,0800
US1TXAG0003,20180725,PRCP,0,,,N,0800
US1TXAG0003,20180726,PRCP,0,,,N,0800
US1TXAG0003,20180727,PRCP,0,,,N,0800
US1TXAG0003,20180728,PRCP,0,,,N,0800
US1TXAG0003,20180729,PRCP,0,,,N,0800
US1TXAG0003,20180730,PRCP,3,,,N,0800
US1TXAG0003,20180731,PRCP,770,,,N,0800
US1TXAG0003,20180801,PRCP,46,,,N,0800
US1TXAG0003,20180802,PRCP,0,,,N,0800
US1TXAG0003,20180803,PRCP,0,,,N,0800
US1TXAG0003,20180804,PRCP,0,,,N,0800
US1TXAG0003,20180805,PRCP,0,,,N,0800
US1TXAG0003,20180806,PRCP,0,,,N,0800
US1TXAG0003,20180807,PRCP,3,,,N,0800
US1TXAG0003,20180808,PRCP,0,,,N,0800
US1TXAG0003,20180809,PRCP,0,,,N,0800
US1TXAG0003,20180810,PRCP,0,,,N,0800
US1TXAG0003,20180811,PRCP,0,,,N,0800
US1TXAG0003,20180812,PRCP,28,,,N,0800
US1TXAG0003,20180813,PRCP,48,,,N,0800
US1TXAG0003,20180814,PRCP,0,,,N,0800
US1TXAG0003,20180815,PRCP,0,,,N,0800
US1TXAG0003,20180816,PRCP,0,,,N,0800
US1TXAG0003,20180817,PRCP,0,,,N,0800
US1TXAG0003,20180818,PRCP,0,,,N,0800
US1TXAG0003,20180819,PRCP,0,,,N,0800
US1TXAG0003,20180820,PRCP,0,,,N,0800
US1TXAG0003,20180821,PRCP,46,,,N,0800
US1TXAG0003,20180822,PRCP,0,,,N,0800
US1TXAG0003,20180823,PRCP,0,,,N,0800
US1TXAG0003,20180824,PRCP,0,,,N,0800
US1TXAG0003,20180825,PRCP,0,,,N,0800
US1TXAG0003,20180826,PRCP,0,,,N,0800
US1TXAG0003,20180827,PRCP,0,,,N,0800
US1TXAG0003,20180828,PRCP,0,,,N,0800
US1TXAG0003,20180829,PRCP,13,,,N,0800
US1TXAG0003,20180830,PRCP,0,,,N,0800
US1TXAG0003,20180831,PRCP,0,,,N,0800
US1TXAG0003,20180901,PRCP,0,,,N,0800
US1TXAG0003,20180902,PRCP,0,,,N,0800
US1TXAG0003,20180903,PRCP,178,,,N,0800
US1TXAG0003,20180904,PRCP,13,,,N,0800
US1TXAG0003,20180905,PRCP,132,,,N,0800
US1TXAG0003,20180906,PRCP,3,,,N,0800
US1TXAG0003,20180907,PRCP,0,,,N,0800
US1TXAG0003,20180908,PRCP,0,,,N,0800
US1TXAG0003,20180909,PRCP,193,,,N,0800
US1TXAG0003,20180910,PRCP,25,,,N,0800
US1TXAG0003,20180911,PRCP,318,,,N,0800
US1TXAG0003,20180912,PRCP,10,,,N,0800
US1TXAG0003,20180913,PRCP,91,,,N,0800
US1TXAG0003,20180914,PRCP,38,,,N,0800
US1TXAG0003,20180915,PRCP,13,,,N,0800
US1TXAG0003,20180916,PRCP,155,,,N,0800
US1TXAG0003,20180917,PRCP,0,,,N,0800
US1TXAG0003,20180918,PRCP,0,,,N,0800
US1TXAG0003,20180919,PRCP,0,,,N,0800
US1TXAG0003,20180920,PRCP,0,,,N,0800
US1TXAG0003,20180921,PRCP,38,,,N,0800
US1TXAG0003,20180922,PRCP,300,,,N,0800
US1TXAG0003,20180923,PRCP,193,,,N,0800
US1TXAG0003,20180924,PRCP,0,,,N,0800
US1TXAG0003,20180925,PRCP,5,,,N,0800
US1TXAG0003,20180926,PRCP,124,,,N,0800
US1TXAG0003,20180927,PRCP,188,,,N,0800
US1TXAG0003,20180928,PRCP,5,,,N,0800
US1TXAG0003,20180929,PRCP,58,,,N,0800
US1TXAG0003,20180930,PRCP,15,,,N,0800
US1TXAG0003,20181001,PRCP,178,,,N,0800
US1TXAG0003,20181002,PRCP,5,,,N,0800
US1TXAG0003,20181003,PRCP,0,,,N,0800
US1TXAG0003,20181004,PRCP,0,,,N,0800
US1TXAG0003,20181005,PRCP,0,,,N,0800
US1TXAG0003,20181006,PRCP,0,,,N,0800
US1TXAG0003,20181007,PRCP,0,,,N,0800
US1TXAG0003,20181008,PRCP,43,,,N,0800
US1TXAG0003,20181009,PRCP,99,,,N,0800
US1TXAG0003,20181010,PRCP,368,,,N,0800
US1TXAG0003,20181011,PRCP,3,,,N,0800
US1TXAG0003,20181012,PRCP,0,,,N,0800
US1TXAG0003,20181013,PRCP,0,,,N,0800
US1TXAG0003,20181014,PRCP,569,,,N,0800
US1TXAG0003,20181015,PRCP,0,,,N,0800
US1TXAG0003,20181016,PRCP,1557,,,N,0800
US1TXAG0003,20181017,PRCP,109,,,N,0800
US1TXAG0003,20181018,PRCP,8,,,N,0800
US1TXAG0003,20181019,PRCP,3,,,N,0800
US1TXAG0003,20181020,PRCP,323,,,N,0800
US1TXAG0003,20181021,PRCP,0,,,N,0800
US1TXAG0003,20181022,PRCP,0,,,N,0800
US1TXAG0003,20181023,PRCP,20,,,N,0800
US1TXAG0003,20181024,PRCP,20,,,N,0800
US1TXAG0003,20181025,PRCP,528,,,N,0800
US1TXAG0003,20181026,PRCP,0,,,N,0800
US1TXAG0003,20181027,PRCP,0,,,N,0800
US1TXAG0003,20181028,PRCP,0,,,N,0800
US1TXAG0003,20181029,PRCP,0,,,N,0800
US1TXAG0003,20181030,PRCP,0,,,N,0800
US1TXAG0003,20181031,PRCP,0,,,N,0800
US1TXAG0003,20181101,PRCP,363,,,N,0800
US1TXAG0003,20181102,PRCP,0,,,N,0800
US1TXAG0003,20181103,PRCP,0,,,N,0800
US1TXAG0003,20181104,PRCP,150,,,N,0800
US1TXAG0003,20181105,PRCP,0,,,N,0800
US1TXAG0003,20181106,PRCP,38,,,N,0800
US1TXAG0003,20181107,PRCP,0,,,N,0800
US1TXAG0003,20181108,PRCP,0,,,N,0800
US1TXAG0003,20181109,PRCP,168,,,N,0800
US1TXAG0003,20181110,PRCP,5,,,N,0800
US1TXAG0003,20181111,PRCP,0,,,N,0800
US1TXAG0003,20181112,PRCP,445,,,N,0800
US1TXAG0003,20181113,PRCP,33,,,N,0800
US1TXAG0003,20181114,PRCP,0,,,N,0800
US1TXAG0003,20181115,PRCP,0,,,N,0800
US1TXAG0003,20181116,PRCP,0,,,N,0800
US1TXAG0003,20181117,PRCP,0,,,N,0800
US1TXAG0003,20181118,PRCP,0,,,N,0800
US1TXAG0003,20181119,PRCP,193,,,N,0800
US1TXAG0003,20181120,PRCP,36,,,N,0800
US1TXAG0003,20181121,PRCP,0,,,N,0800
US1TXAG0003,20181122,PRCP,5,,,N,0800
US1TXAG0003,20181123,PRCP,0,,,N,0800
US1TXAG0003,20181124,PRCP,0,,,N,0800
US1TXAG0003,20181125,PRCP,0,,,N,0800
US1TXAG0003,20181126,PRCP,0,,,N,0800
US1TXAG0003,20181127,PRCP,0,,,N,0800
US1TXAG0003,20181128,PRCP,0,,,N,0800
US1TXAG0003,20181129,PRCP,0,,,N,0800
US1TXAG0003,20181130,PRCP,8,,,N,0800
US1TXAG0003,20181201,PRCP,36,,,N,0800
US1TXAG0003,20181202,PRCP,0,,,N,0800
US1TXAG0003,20181203,PRCP,0,,,N,0800
US1TXAG0003,20181204,PRCP,0,,,N,0800
US1TXAG0003,20181205,PRCP,0,,,N,0800
US1TXAG0003,20181206,PRCP,0,,,N,0800
US1TXAG0003,20181207,PRCP,38,,,N,0800
US1TXAG0003,20181208,PRCP,1529,,,N,0800
US1TXAG0003,20181209,PRCP,8,,,N,0800
US1TXAG0003,20181210,PRCP,0,,,N,0800
US1TXAG0003,20181211,PRCP,0,,,N,0800
US1TXAG0003,20181212,PRCP,0,,,N,0800
US1TXAG0003,20181213,PRCP,117,,,N,0800
US1TXAG0003,20181214,PRCP,51,,,N,0800
US1TXAG0003,20181215,PRCP,48,,,N,0800
US1TXAG0003,20181216,PRCP,3,,,N,0800
US1TXAG0003,20181217,PRCP,0,,,N,0800
US1TXAG0003,20181218,PRCP,3,,,N,0800
US1TXAG0003,20181219,PRCP,127,,,N,0800
US1TXAG0003,20181220,PRCP,188,,,N,0800
US1TXAG0003,20181221,PRCP,0,,,N,0800
US1TXAG0003,20181222,PRCP,0,,,N,0800
US1TXAG0003,20181223,PRCP,0,,,N,0800
US1TXAG0003,20181224,PRCP,0,,,N,0800
US1TXAG0003,20181225,PRCP,0,,,N,0800
US1TXAG0003,20181226,PRCP,0,,,N,0800
US1TXAG0003,20181227,PRCP,826,,,N,0800
US1TXAG0003,20181228,PRCP,0,,,N,0800
US1TXAG0003,20181229,PRCP,0,,,N,0800
US1TXAG0003,20181230,PRCP,0,,,N,0800
US1TXAG0003,20181231,PRCP,185,,,N,0800
US1TXAG0003,20190101,PRCP,5,,,N,0800
US1TXAG0003,20190102,PRCP,10,,,N,0800
US1TXAG0003,20190103,PRCP,389,,,N,0800
US1TXAG0003,20190104,PRCP,117,,,N,0800
US1TXAG0003,20190105,PRCP,0,,,N,0800
US1TXAG0003,20190106,PRCP,0,,,N,0800
US1TXAG0003,20190107,PRCP,0,,,N,0800
US1TXAG0003,20190108,PRCP,0,,,N,0800
US1TXAG0003,20190109,PRCP,0,,,N,0800
US1TXAG0003,20190110,PRCP,0,,,N,0800
US1TXAG0003,20190111,PRCP,0,,,N,0800
US1TXAG0003,20190112,PRCP,124,,,N,0800
US1TXAG0003,20190113,PRCP,0,,,N,0800
US1TXAG0003,20190114,PRCP,0,,,N,0800
US1TXAG0003,20190115,PRCP,0,,,N,0800
US1TXAG0003,20190116,PRCP,0,,,N,0800
US1TXAG0003,20190117,PRCP,15,,,N,0800
US1TXAG0003,20190118,PRCP,0,,,N,0800
US1TXAG0003,20190119,PRCP,46,,,N,0800
US1TXAG0003,20190120,PRCP,0,,,N,0800
US1TXAG0003,20190121,PRCP,0,,,N,0800
US1TXAG0003,20190122,PRCP,0,,,N,0800
US1TXAG0003,20190123,PRCP,533,,,N,0800
US1TXAG0003,20190124,PRCP,0,,,N,0800
US1TXAG0003,20190125,PRCP,0,,,N,0800
US1TXAG0003,20190126,PRCP,0,,,N,0800
US1TXAG0003,20190127,PRCP,10,,,N,0800
US1TXAG0003,20190128,PRCP,0,,,N,0800
US1TXAG0003,20190129,PRCP,0,,,N,0800
US1TXAG0003,20190130,PRCP,0,,,N,0800
US1TXAG0003,20190131,PRCP,0,,,N,0800
US1TXAG0003,20190120,SNOW,0,,,N,0800
US1TXAG0003,20190201,PRCP,0,,,N,0800
US1TXAG0003,20190202,PRCP,3,,,N,0800
US1TXAG0003,20190203,PRCP,8,,,N,0800
US1TXAG0003,20190204,PRCP,10,,,N,0800
US1TXAG0003,20190205,PRCP,0,,,N,0800
US1TXAG0003,20190206,PRCP,5,,,N,0800
US1TXAG0003,20190207,PRCP,0,,,N,0800
US1TXAG0003,20190208,PRCP,79,,,N,0800
US1TXAG0003,20190209,PRCP,13,,,N,0800
US1TXAG0003,20190210,PRCP,0,,,N,0800
US1TXAG0003,20190211,PRCP,23,,,N,0800
US1TXAG0003,20190212,PRCP,107,,,N,0800
US1TXAG0003,20190213,PRCP,0,,,N,0800
US1TXAG0003,20190214,PRCP,0,,,N,0800
US1TXAG0003,20190215,PRCP,0,,,N,0800
US1TXAG0003,20190216,PRCP,0,,,N,0800
US1TXAG0003,20190217,PRCP,0,,,N,0800
US1TXAG0003,20190218,PRCP,0,,,N,0800
US1TXAG0003,20190219,PRCP,25,,,N,0800
US1TXAG0003,20190220,PRCP,79,,,N,0800
US1TXAG0003,20190221,PRCP,53,,,N,0800
US1TXAG0003,20190222,PRCP,107,,,N,0800
US1TXAG0003,20190223,PRCP,18,,,N,0800
US1TXAG0003,20190224,PRCP,25,,,N,0800
US1TXAG0003,20190225,PRCP,0,,,N,0800
US1TXAG0003,20190226,PRCP,10,,,N,0800
US1TXAG0003,20190227,PRCP,23,,,N,0800
US1TXAG0003,20190228,PRCP,20,,,N,0800
US1TXAG0003,20190301,PRCP,0,,,N,0800
US1TXAG0003,20190302,PRCP,5,,,N,0800
US1TXAG0003,20190303,PRCP,28,,,N,0800
US1TXAG0003,20190304,PRCP,13,,,N,0800
US1TXAG0003,20190305,PRCP,0,,,N,0800
US1TXAG0003,20190306,PRCP,0,,,N,0800
US1TXAG0003,20190307,PRCP,0,,,N,0800
US1TXAG0003,20190308,PRCP,0,,,N,0800
US1TXAG0003,20190309,PRCP,0,,,N,0800
US1TXAG0003,20190310,PRCP,3,,,N,0800
US1TXAG0003,20190311,PRCP,33,,,N,0800
US1TXAG0003,20190312,PRCP,8,,,N,0800
US1TXAG0003,20190313,PRCP,0,,,N,0800
US1TXAG0003,20190314,PRCP,297,,,N,0800
US1TXAG0003,20190315,PRCP,0,,,N,0800
US1TXAG0003,20190316,PRCP,0,,,N,0800
US1TXAG0003,20190317,PRCP,0,,,N,0800
US1TXAG0003,20190318,PRCP,0,,,N,0800
US1TXAG0003,20190319,PRCP,0,,,N,0800
US1TXAG0003,20190320,PRCP,0,,,N,0800
US1TXAG0003,20190321,PRCP,0,,,N,0800
US1TXAG0003,20190322,PRCP,0,,,N,0800
US1TXAG0003,20190323,PRCP,0,,,N,0800
US1TXAG0003,20190324,PRCP,0,,,N,0800
US1TXAG0003,20190325,PRCP,25,,,N,0800
US1TXAG0003,20190326,PRCP,0,,,N,0800
US1TXAG0003,20190327,PRCP,0,,,N,0800
US1TXAG0003,20190328,PRCP,0,,,N,0800
US1TXAG0003,20190329,PRCP,0,,,N,0800
US1TXAG0003,20190330,PRCP,5,,,N,0800
US1TXAG0003,20190331,PRCP,10,,,N,0800
US1TXAG0003,20190401,PRCP,0,,,N,0800
US1TXAG0003,20190402,PRCP,0,,,N,0800
US1TXAG0003,20190403,PRCP,0,,,N,0800
US1TXAG0003,20190404,PRCP,3,,,N,0800
US1TXAG0003,20190405,PRCP,13,,,N,0800
US1TXAG0003,20190406,PRCP,5,,,N,0800
US1TXAG0003,20190407,PRCP,140,,,N,0800
US1TXAG0003,20190408,PRCP,310,,,N,0800
US1TXAG0003,20190409,PRCP,5,,,N,0800
US1TXAG0003,20190410,PRCP,0,,,N,0800
US1TXAG0003,20190411,PRCP,0,,,N,0800
US1TXAG0003,20190412,PRCP,8,,,N,0800
US1TXAG0003,20190413,PRCP,8,,,N,0800
US1TXAG0003,20190414,PRCP,150,,,N,0800
US1TXAG0003,20190415,PRCP,0,,,N,0800
US1TXAG0003,20190416,PRCP,0,,,N,0800
US1TXAG0003,20190417,PRCP,0,,,N,0800
US1TXAG0003,20190418,PRCP,343,,,N,0800
US1TXAG0003,20190419,PRCP,117,,,N,0800
US1TXAG0003,20190420,PRCP,0,,,N,0800
US1TXAG0003,20190421,PRCP,0,,,N,0800
US1TXAG0003,20190422,PRCP,0,,,N,0800
US1TXAG0003,20190423,PRCP,0,,,N,0800
US1TXAG0003,20190424,PRCP,0,,,N,0800
US1TXAG0003,20190425,PRCP,218,,,N,0800
US1TXAG0003,20190426,PRCP,0,,,N,0800
US1TXAG0003,20190427,PRCP,0,,,N,0800
US1TXAG0003,20190428,PRCP,0,,,N,0800
US1TXAG0003,20190429,PRCP,0,,,N,0800
US1TXAG0003,20190430,PRCP,0,,,N,0800
US1TXAG0003,20190501,PRCP,0,,,N,0800
US1TXAG0003,20190502,PRCP,300,,,N,0800
US1TXAG0003,20190503,PRCP,196,,,N,0800
US1TXAG0003,20190504,PRCP,170,,,N,0800
US1TXAG0003,20190505,PRCP,3,,,N,0800
US1TXAG0003,20190506,PRCP,0,,,N,0800
US1TXAG0003,20190507,PRCP,0,,,N,0800
US1TXAG0003,20190508,PRCP,0,,,N,0800
US1TXAG0003,20190509,PRCP,310,,,N,0800
US1TXAG0003,20190510,PRCP,206,,,N,0800
US1TXAG0003,20190511,PRCP,3,,,N,0800
US1TXAG0003,20190512,PRCP,117,,,N,0800
US1TXAG0003,20190513,PRCP,0,,,N,0800
US1TXAG0003,20190514,PRCP,0,,,N,0800
US1TXAG0003,20190515,PRCP,0,,,N,0800
US1TXAG0003,20190516,PRCP,0,,,N,0800
US1TXAG0003,20190517,PRCP,0,,,N,0800
US1TXAG0003,20190518,PRCP,0,,,N,0800
US1TXAG0003,20190519,PRCP,33,,,N,0800
US1TXAG0003,20190520,PRCP,274,,,N,0800
US1TXAG0003,20190521,PRCP,0,,,N,0800
US1TXAG0003,20190522,PRCP,25,,,N,0800
US1TXAG0003,20190523,PRCP,0,,,N,0800
US1TXAG0003,20190524,PRCP,0,,,N,0800
US1TXAG0003,20190525,PRCP,0,,,N,0800
US1TXAG0003,20190526,PRCP,0,,,N,0800
US1TXAG0003,20190527,PRCP,0,,,N,0800
US1TXAG0003,20190528,PRCP,0,,,N,0800
US1TXAG0003,20190529,PRCP,0,,,N,0800
US1TXAG0003,20190530,PRCP,272,,,N,0800
US1TXAG0003,20190531,PRCP,3,,,N,0800
US1TXAG0003,20190601,PRCP,124,,,N,0800
US1TXAG0003,20190602,PRCP,0,,,N,0800
US1TXAG0003,20190603,PRCP,10,,,N,0800
US1TXAG0003,20190604,PRCP,0,,,N,0800
US1TXAG0003,20190605,PRCP,28,,,N,0800
US1TXAG0003,20190606,PRCP,203,,,N,0800
US1TXAG0003,20190607,PRCP,10,,,N,0800
US1TXAG0003,20190608,PRCP,0,,,N,0800
US1TXAG0003,20190609,PRCP,0,,,N,0800
US1TXAG0003,20190610,PRCP,0,,,N,0800
US1TXAG0003,20190611,PRCP,0,,,N,0800
US1TXAG0003,20190612,PRCP,0,,,N,0800
US1TXAG0003,20190613,PRCP,0,,,N,0800
US1TXAG0003,20190614,PRCP,0,,,N,0800
US1TXAG0003,20190615,PRCP,0,,,N,0800
US1TXAG0003,20190616,PRCP,0,,,N,0800
US1TXAG0003,20190617,PRCP,818,,,N,0800
US1TXAG0003,20190618,PRCP,0,,,N,0800
US1TXAG0003,20190619,PRCP,0,,,N,0800
US1TXAG0003,20190621,PRCP,0,,,N,0800
US1TXAG0003,20190622,PRCP,0,,,N,0800
US1TXAG0003,20190623,PRCP,0,,,N,0800
US1TXAG0003,20190624,PRCP,381,,,N,0800
US1TXAG0003,20190625,PRCP,13,,,N,0800
US1TXAG0003,20190626,PRCP,0,,,N,0800
US1TXAG0003,20190628,PRCP,102,,,N,0800
US1TXAG0003,20190629,PRCP,0,,,N,0800
US1TXAG0003,20190630,PRCP,48,,,N,0800
US1TXAG0003,20190701,PRCP,69,,,N,0800
US1TXAG0003,20190702,PRCP,3,,,N,0800
US1TXAG0003,20190703,PRCP,0,,,N,0800
US1TXAG0003,20190704,PRCP,30,,,N,0800
US1TXAG0003,20190705,PRCP,0,,,N,0800
US1TXAG0003,20190706,PRCP,0,,,N,0800
US1TXAG0003,20190707,PRCP,0,,,N,0800
US1TXAG0003,20190708,PRCP,0,,,N,0800
US1TXAG0003,20190709,PRCP,0,,,N,0800
US1TXAG0003,20190710,PRCP,0,,,N,0800
US1TXAG0003,20190711,PRCP,0,,,N,0800
US1TXAG0003,20190712,PRCP,0,,,N,0800
US1TXAG0003,20190713,PRCP,0,,,N,0800
US1TXAG0003,20190714,PRCP,41,,,N,0800
US1TXAG0003,20190715,PRCP,30,,,N,0800
US1TXAG0003,20190716,PRCP,0,,,N,0800
US1TXAG0003,20190717,PRCP,0,,,N,0800
US1TXAG0003,20190718,PRCP,0,,,N,0800
US1TXAG0003,20190719,PRCP,0,,,N,0800
US1TXAG0003,20190720,PRCP,0,,,N,0800
US1TXAG0003,20190721,PRCP,53,,,N,0800
US1TXAG0003,20190722,PRCP,0,,,N,0800
US1TXAG0003,20190723,PRCP,53,,,N,0800
US1TXAG0003,20190724,PRCP,0,,,N,0800
US1TXAG0003,20190725,PRCP,0,,,N,0800
US1TXAG0003,20190726,PRCP,0,,,N,0800
US1TXAG0003,20190727,PRCP,0,,,N,0800
US1TXAG0003,20190728,PRCP,0,,,N,0800
US1TXAG0003,20190729,PRCP,0,,,N,0800
US1TXAG0003,20190730,PRCP,0,,,N,0800
US1TXAG0003,20190731,PRCP,267,,,N,0800
US1TXAG0003,20190801,PRCP,0,,,N,0800
US1TXAG0003,20190802,PRCP,0,,,N,0800
US1TXAG0003,20190803,PRCP,8,,,N,0800
US1TXAG0003,20190804,PRCP,0,,,N,0800
US1TXAG0003,20190805,PRCP,386,,,N,0800
US1TXAG0003,20190806,PRCP,0,,,N,0800
US1TXAG0003,20190807,PRCP,0,,,N,0800
US1TXAG0003,20190808,PRCP,0,,,N,0800
US1TXAG0003,20190809,PRCP,0,,,N,0800
US1TXAG0003,20190810,PRCP,0,,,N,0800
US1TXAG0003,20190811,PRCP,0,,,N,0800
US1TXAG0003,20190812,PRCP,0,,,N,0800
US1TXAG0003,20190813,PRCP,0,,,N,0800
US1TXAG0003,20190814,PRCP,0,,,N,0800
US1TXAG0003,20190815,PRCP,23,,,N,0800
US1TXAG0003,20190816,PRCP,0,,,N,0800
US1TXAG0003,20190817,PRCP,0,,,N,0800
US1TXAG0003,20190818,PRCP,0,,,N,0800
US1TXAG0003,20190819,PRCP,0,,,N,0800
US1TXAG0003,20190820,PRCP,0,,,N,0800
US1TXAG0003,20190821,PRCP,48,,,N,0800
US1TXAG0003,20190822,PRCP,0,,,N,0800
US1TXAG0003,20190823,PRCP,0,,,N,0800
US1TXAG0003,20190824,PRCP,0,,,N,0800
US1TXAG0003,20190825,PRCP,5,,,N,0800
US1TXAG0003,20190826,PRCP,3,,,N,0800
US1TXAG0003,20190827,PRCP,0,,,N,0800
US1TXAG0003,20190828,PRCP,23,,,N,0800
US1TXAG0003,20190829,PRCP,102,,,N,0800
US1TXAG0003,20190830,PRCP,0,,,N,0800
US1TXAG0003,20190831,PRCP,3,,,N,0800
US1TXAG0003,20190901,PRCP,0,,,N,0800
US1TXAG0003,20190902,PRCP,0,,,N,0800
US1TXAG0003,20190903,PRCP,0,,,N,0800
US1TXAG0003,20190904,PRCP,0,,,N,0800
US1TXAG0003,20190905,PRCP,0,,,N,0800
US1TXAG0003,20190906,PRCP,0,,,N,0800
US1TXAG0003,20190907,PRCP,0,,,N,0800
US1TXAG0003,20190908,PRCP,0,,,N,0800
US1TXAG0003,20190909,PRCP,0,,,N,0800
US1TXAG0003,20190910,PRCP,18,,,N,0800
US1TXAG0003,20190911,PRCP,0,,,N,0800
US1TXAG0003,20190912,PRCP,20,,,N,0800
US1TXAG0003,20190913,PRCP,0,,,N,0800
US1TXAG0003,20190914,PRCP,0,,,N,0800
US1TXAG0003,20190915,PRCP,0,,,N,0800
US1TXAG0003,20190916,PRCP,0,,,N,0800
US1TXAG0003,20190917,PRCP,0,,,N,0800
US1TXAG0003,20190918,PRCP,81,,,N,0800
US1TXAG0003,20190919,PRCP,1044,,,N,0800
US1TXAG0003,20190920,PRCP,137,,,N,0800
US1TXAG0003,20190921,PRCP,0,,,N,0800
US1TXAG0003,20190922,PRCP,0,,,N,0800
US1TXAG0003,20190923,PRCP,3,,,N,0800
US1TXAG0003,20190924,PRCP,51,,,N,0800
US1TXAG0003,20190925,PRCP,0,,,N,0800
US1TXAG0003,20190926,PRCP,0,,,N,0800
US1TXAG0003,20190927,PRCP,0,,,N,0800
US1TXAG0003,20190928,PRCP,0,,,N,0800
US1TXAG0003,20190929,PRCP,0,,,N,0800
US1TXAG0003,20190930,PRCP,0,,,N,0800
US1TXAG0003,20191001,PRCP,0,,,N,0800
US1TXAG0003,20191002,PRCP,0,,,N,0800
US1TXAG0003,20191003,PRCP,0,,,N,0800
US1TXAG0003,20191004,PRCP,10,,,N,0800
US1TXAG0003,20191005,PRCP,0,,,N,0800
US1TXAG0003,20191006,PRCP,0,,,N,0800
US1TXAG0003,20191007,PRCP,0,,,N,0800
US1TXAG0003,20191008,PRCP,0,,,N,0800
US1TXAG0003,20191009,PRCP,0,,,N,0800
US1TXAG0003,20191010,PRCP,0,,,N,0800
US1TXAG0003,20191011,PRCP,102,,,N,0800
US1TXAG0003,20191012,PRCP,99,,,N,0800
US1TXAG0003,20191013,PRCP,0,,,N,0800
US1TXAG0003,20191014,PRCP,0,,,N,0800
US1TXAG0003,20191015,PRCP,305,,,N,0800
US1TXAG0003,20191016,PRCP,94,,,N,0800
US1TXAG0003,20191017,PRCP,3,,,N,0800
US1TXAG0003,20191018,PRCP,0,,,N,0800
US1TXAG0003,20191019,PRCP,0,,,N,0800
US1TXAG0003,20191020,PRCP,0,,,N,0800
US1TXAG0003,20191021,PRCP,180,,,N,0800
US1TXAG0003,20191022,PRCP,5,,,N,0800
US1TXAG0003,20191023,PRCP,0,,,N,0800
US1TXAG0003,20191024,PRCP,0,,,N,0800
US1TXAG0003,20191025,PRCP,297,,,N,0800
US1TXAG0003,20191026,PRCP,56,,,N,0800
US1TXAG0003,20191027,PRCP,0,,,N,0800
US1TXAG0003,20191028,PRCP,0,,,N,0800
US1TXAG0003,20191029,PRCP,0,,,N,0800
US1TXAG0003,20191030,PRCP,132,,,N,0800
US1TXAG0003,20191031,PRCP,152,,,N,0800
US1TXAG0003,20191101,PRCP,0,,,N,0800
US1TXAG0003,20191102,PRCP,0,,,N,0800
US1TXAG0003,20191103,PRCP,0,,,N,0800
US1TXAG0003,20191104,PRCP,0,,,N,0800
US1TXAG0003,20191105,PRCP,0,,,N,0800
US1TXAG0003,20191106,PRCP,0,,,N,0800
US1TXAG0003,20191107,PRCP,0,,,N,0800
US1TXAG0003,20191108,PRCP,8,,,N,0800
US1TXAG0003,20191109,PRCP,0,,,N,0800
US1TXAG0003,20191110,PRCP,0,,,N,0800
US1TXAG0003,20191111,PRCP,0,,,N,0800
US1TXAG0003,20191112,PRCP,38,,,N,0800
US1TXAG0003,20191113,PRCP,0,,,N,0800
US1TXAG0003,20191114,PRCP,5,,,N,0800
US1TXAG0003,20191115,PRCP,112,,,N,0800
US1TXAG0003,20191116,PRCP,0,,,N,0800
US1TXAG0003,20191117,PRCP,0,,,N,0800
US1TXAG0003,20191118,PRCP,0,,,N,0800
US1TXAG0003,20191119,PRCP,0,,,N,0800
US1TXAG0003,20191120,PRCP,0,,,N,0800
US1TXAG0003,20191121,PRCP,0,,,N,0800
US1TXAG0003,20191122,PRCP,157,,,N,0800
US1TXAG0003,20191123,PRCP,61,,,N,0800
US1TXAG0003,20191124,PRCP,0,,,N,0800
US1TXAG0003,20191125,PRCP,0,,,N,0800
US1TXAG0003,20191126,PRCP,0,,,N,0800
US1TXAG0003,20191127,PRCP,0,,,N,0800
US1TXAG0003,20191128,PRCP,0,,,N,0800
US1TXAG0003,20191129,PRCP,0,,,N,0800
US1TXAG0003,20191130,PRCP,0,,,N,0800
US1TXAG0003,20191201,PRCP,28,,,N,0800
US1TXAG0003,20191202,PRCP,0,,,N,0800
US1TXAG0003,20191203,PRCP,0,,,N,0800
US1TXAG0003,20191204,PRCP,0,,,N,0800
US1TXAG0003,20191205,PRCP,0,,,N,0800
US1TXAG0003,20191206,PRCP,0,,,N,0800
US1TXAG0003,20191207,PRCP,0,,,N,0800
US1TXAG0003,20191208,PRCP,0,,,N,0800
US1TXAG0003,20191209,PRCP,0,,,N,0800
US1TXAG0003,20191210,PRCP,269,,,N,0800
US1TXAG0003,20191211,PRCP,201,,,N,0800
US1TXAG0003,20191212,PRCP,0,,,N,0800
US1TXAG0003,20191213,PRCP,0,,,N,0800
US1TXAG0003,20191214,PRCP,0,,,N,0800
US1TXAG0003,20191215,PRCP,0,,,N,0800
US1TXAG0003,20191216,PRCP,3,,,N,0800
US1TXAG0003,20191217,PRCP,25,,,N,0800
US1TXAG0003,20191218,PRCP,0,,,N,0800
US1TXAG0003,20191219,PRCP,0,,,N,0800
US1TXAG0003,20191220,PRCP,0,,,N,0800
US1TXAG0003,20191221,PRCP,20,,,N,0800
US1TXAG0003,20191222,PRCP,0,,,N,0800
US1TXAG0003,20191223,PRCP,0,,,N,0800
US1TXAG0003,20191224,PRCP,0,,,N,0800
US1TXAG0003,20191225,PRCP,0,,,N,0800
US1TXAG0003,20191226,PRCP,0,,,N,0800
US1TXAG0003,20191227,PRCP,0,,,N,0800
US1TXAG0003,20191228,PRCP,5,,,N,0800
US1TXAG0003,20191229,PRCP,216,,,N,0800
US1TXAG0003,20191230,PRCP,33,,,N,0800
US1TXAG0003,20191231,PRCP,0,,,N,0800
US1TXAG0003,20200101,PRCP,0,,,N,0800
US1TXAG0003,20200102,PRCP,236,,,N,0800
US1TXAG0003,20200103,PRCP,94,,,N,0800
US1TXAG0003,20200104,PRCP,0,,,N,0800
US1TXAG0003,20200105,PRCP,0,,,N,0800
US1TXAG0003,20200106,PRCP,0,,,N,0800
US1TXAG0003,20200107,PRCP,0,,,N,0800
US1TXAG0003,20200108,PRCP,0,,,N,0800
US1TXAG0003,20200109,PRCP,0,,,N,0800
US1TXAG0003,20200110,PRCP,0,,,N,0800
US1TXAG0003,20200111,PRCP,249,,,N,0800
US1TXAG0003,20200112,PRCP,0,,,N,0800
US1TXAG0003,20200113,PRCP,0,,,N,0800
US1TXAG0003,20200114,PRCP,244,,,N,0800
US1TXAG0003,20200115,PRCP,145,,,N,0800
US1TXAG0003,20200116,PRCP,5,,,N,0800
US1TXAG0003,20200117,PRCP,0,,,N,0800
US1TXAG0003,20200118,PRCP,25,,,N,0800
US1TXAG0003,20200119,PRCP,10,,,N,0800
US1TXAG0003,20200120,PRCP,0,,,N,0800
US1TXAG0003,20200121,PRCP,0,,,N,0800
US1TXAG0003,20200122,PRCP,25,,,N,0800
US1TXAG0003,20200123,PRCP,292,,,N,0800
US1TXAG0003,20200124,PRCP,0,,,N,0800
US1TXAG0003,20200125,PRCP,0,,,N,0800
US1TXAG0003,20200126,PRCP,53,,,N,0800
US1TXAG0003,20200127,PRCP,0,,,N,0800
US1TXAG0003,20200128,PRCP,13,,,N,0800
US1TXAG0003,20200129,PRCP,76,,,N,0800
US1TXAG0003,20200130,PRCP,0,,,N,0800
US1TXAG0003,20200131,PRCP,3,,,N,0800
US1TXAG0003,20200112,SNOW,0,,,N,0800
US1TXAG0003,20200201,PRCP,0,,,N,0800
US1TXAG0003,20200202,PRCP,0,,,N,0800
US1TXAG0003,20200203,PRCP,0,,,N,0800
US1TXAG0003,20200204,PRCP,0,,,N,0800
US1TXAG0003,20200205,PRCP,10,,,N,0800
US1TXAG0003,20200206,PRCP,0,,,N,0800
US1TXAG0003,20200207,PRCP,0,,,N,0800
US1TXAG0003,20200208,PRCP,0,,,N,0800
US1TXAG0003,20200209,PRCP,0,,,N,0800
US1TXAG0003,20200210,PRCP,46,,,N,0800
US1TXAG0003,20200211,PRCP,109,,,N,0800
US1TXAG0003,20200212,PRCP,112,,,N,0800
US1TXAG0003,20200213,PRCP,66,,,N,0800
US1TXAG0003,20200214,PRCP,0,,,N,0800
US1TXAG0003,20200215,PRCP,0,,,N,0800
US1TXAG0003,20200216,PRCP,10,,,N,0800
US1TXAG0003,20200217,PRCP,0,,,N,0800
US1TXAG0003,20200218,PRCP,0,,,N,0800
US1TXAG0003,20200219,PRCP,140,,,N,0800
US1TXAG0003,20200220,PRCP,274,,,N,0800
US1TXAG0003,20200221,PRCP,13,,,N,0800
US1TXAG0003,20200222,PRCP,0,,,N,0800
US1TXAG0003,20200223,PRCP,0,,,N,0800
US1TXAG0003,20200224,PRCP,53,,,N,0800
US1TXAG0003,20200225,PRCP,0,,,N,0800
US1TXAG0003,20200226,PRCP,0,,,N,0800
US1TXAG0003,20200227,PRCP,0,,,N,0800
US1TXAG0003,20200228,PRCP,0,,,N,0800
US1TXAG0003,20200229,PRCP,0,,,N,0800
US1TXAG0003,20200301,PRCP,0,,,N,0800
US1TXAG0003,20200302,PRCP,0,,,N,0800
US1TXAG0003,20200303,PRCP,0,,,N,0800
US1TXAG0003,20200304,PRCP,33,,,N,0800
US1TXAG0003,20200305,PRCP,231,,,N,0800
US1TXAG0003,20200306,PRCP,0,,,N,0800
US1TXAG0003,20200307,PRCP,0,,,N,0800
US1TXAG0003,20200308,PRCP,0,,,N,0800
US1TXAG0003,20200309,PRCP,0,,,N,0800
US1TXAG0003,20200310,PRCP,53,,,N,0800
US1TXAG0003,20200311,PRCP,0,,,N,0800
US1TXAG0003,20200312,PRCP,0,,,N,0800
US1TXAG0003,20200313,PRCP,0,,,N,0800
US1TXAG0003,20200314,PRCP,0,,,N,0800
US1TXAG0003,20200315,PRCP,0,,,N,0800
US1TXAG0003,20200316,PRCP,0,,,N,0800
US1TXAG0003,20200317,PRCP,0,,,N,0800
US1TXAG0003,20200318,PRCP,107,,,N,0800
US1TXAG0003,20200319,PRCP,30,,,N,0800
US1TXAG0003,20200320,PRCP,81,,,N,0800
US1TXAG0003,20200321,PRCP,178,,,N,0800
US1TXAG0003,20200322,PRCP,445,,,N,0800
US1TXAG0003,20200323,PRCP,8,,,N,0800
US1TXAG0003,20200324,PRCP,0,,,N,0800
US1TXAG0003,20200325,PRCP,0,,,N,0800
US1TXAG0003,20200326,PRCP,0,,,N,0800
US1TXAG0003,20200327,PRCP,0,,,N,0800
US1TXAG0003,20200328,PRCP,0,,,N,0800
US1TXAG0003,20200329,PRCP,48,,,N,0800
US1TXAG0003,20200330,PRCP,15,,,N,0800
US1TXAG0003,20200331,PRCP,23,,,N,0800
US1TXAG0003,20200401,PRCP,0,,,N,0800
US1TXAG0003,20200402,PRCP,0,,,N,0800
US1TXAG0003,20200403,PRCP,43,,,N,0800
US1TXAG0003,20200404,PRCP,25,,,N,0800
US1TXAG0003,20200405,PRCP,66,,,N,0800
US1TXAG0003,20200406,PRCP,0,,,N,0800
US1TXAG0003,20200407,PRCP,0,,,N,0800
US1TXAG0003,20200408,PRCP,0,,,N,0800
US1TXAG0003,20200409,PRCP,0,,,N,0800
US1TXAG0003,20200410,PRCP,389,,,N,0800
US1TXAG0003,20200411,PRCP,0,,,N,0800
US1TXAG0003,20200412,PRCP,8,,,N,0800
US1TXAG0003,20200413,PRCP,107,,,N,0800
US1TXAG0003,20200414,PRCP,0,,,N,0800
US1TXAG0003,20200415,PRCP,0,,,N,0800
US1TXAG0003,20200416,PRCP,0,,,N,0800
US1TXAG0003,20200417,PRCP,0,,,N,0800
US1TXAG0003,20200418,PRCP,23,,,N,0800
US1TXAG0003,20200419,PRCP,5,,,N,0800
US1TXAG0003,20200420,PRCP,556,,,N,0800
US1TXAG0003,20200421,PRCP,0,,,N,0800
US1TXAG0003,20200422,PRCP,0,,,N,0800
US1TXAG0003,20200423,PRCP,46,,,N,0800
US1TXAG0003,20200424,PRCP,0,,,N,0800
US1TXAG0003,20200425,PRCP,5,,,N,0800
US1TXAG0003,20200426,PRCP,0,,,N,0800
US1TXAG0003,20200427,PRCP,0,,,N,0800
US1TXAG0003,20200428,PRCP,0,,,N,0800
US1TXAG0003,20200429,PRCP,356,,,N,0800
US1TXAG0003,20200430,PRCP,0,,,N,0800
US1TXAG0003,20200501,PRCP,0,,,N,0800
US1TXAG0003,20200502,PRCP,0,,,N,0800
US1TXAG0003,20200503,PRCP,0,,,N,0800
US1TXAG0003,20200504,PRCP,0,,,N,0800
US1TXAG0003,20200505,PRCP,0,,,N,0800
US1TXAG0003,20200506,PRCP,18,,,N,0800
US1TXAG0003,20200507,PRCP,0,,,N,0800
US1TXAG0003,20200508,PRCP,0,,,N,0800
US1TXAG0003,20200509,PRCP,53,,,N,0800
US1TXAG0003,20200510,PRCP,0,,,N,0800
US1TXAG0003,20200511,PRCP,0,,,N,0800
US1TXAG0003,20200512,PRCP,0,,,N,0800
US1TXAG0003,20200513,PRCP,38,,,N,0800
US1TXAG0003,20200514,PRCP,0,,,N,0800
US1TXAG0003,20200515,PRCP,8,,,N,0800
US1TXAG0003,20200516,PRCP,51,,,N,0800
US1TXAG0003,20200517,PRCP,69,,,N,0800
US1TXAG0003,20200518,PRCP,15,,,N,0800
US1TXAG0003,20200519,PRCP,0,,,N,0800
US1TXAG0003,20200520,PRCP,0,,,N,0800
US1TXAG0003,20200521,PRCP,0,,,N,0800
US1TXAG0003,20200522,PRCP,0,,,N,0800
US1TXAG0003,20200523,PRCP,0,,,N,0800
US1TXAG0003,20200524,PRCP,15,,,N,0800
US1TXAG0003,20200525,PRCP,241,,,N,0800
US1TXAG0003,20200526,PRCP,0,,,N,0800
US1TXAG0003,20200527,PRCP,0,,,N,0800
US1TXAG0003,20200528,PRCP,0,,,N,0800
US1TXAG0003,20200529,PRCP,71,,,N,0800
US1TXAG0003,20200530,PRCP,0,,,N,0800
US1TXAG0003,20200531,PRCP,0,,,N,0800
US1TXAG0003,20200601,PRCP,0,,,N,0800
US1TXAG0003,20200602,PRCP,0,,,N,0800
US1TXAG0003,20200603,PRCP,0,,,N,0800
US1TXAG0003,20200604,PRCP,0,,,N,0800
US1TXAG0003,20200605,PRCP,0,,,N,0800
US1TXAG0003,20200606,PRCP,0,,,N,0800
US1TXAG0003,20200607,PRCP,0,,,N,0800
US1TXAG0003,20200608,PRCP,0,,,N,0800
US1TXAG0003,20200609,PRCP,0,,,N,0800
US1TXAG0003,20200610,PRCP,0,,,N,0800
US1TXAG0003,20200611,PRCP,0,,,N,0800
US1TXAG0003,20200612,PRCP,0,,,N,0800
US1TXAG0003,20200613,PRCP,0,,,N,0800
US1TXAG0003,20200614,PRCP,0,,,N,0800
US1TXAG0003,20200615,PRCP,0,,,N,0800
US1TXAG0003,20200616,PRCP,0,,,N,0800
US1TXAG0003,20200617,PRCP,79,,,N,0800
US1TXAG0003,20200618,PRCP,0,,,N,0800
US1TXAG0003,20200619,PRCP,0,,,N,0800
US1TXAG0003,20200620,PRCP,0,,,N,0800
US1TXAG0003,20200621,PRCP,0,,,N,0800
US1TXAG0003,20200622,PRCP,38,,,N,0800
US1TXAG0003,20200623,PRCP,0,,,N,0800
US1TXAG0003,20200624,PRCP,165,,,N,0800
US1TXAG0003,20200625,PRCP,97,,,N,0800
US1TXAG0003,20200626,PRCP,0,,,N,0800
US1TXAG0003,20200627,PRCP,0,,,N,0800
US1TXAG0003,20200628,PRCP,0,,,N,0800
US1TXAG0003,20200629,PRCP,0,,,N,0800
US1TXAG0003,20200630,PRCP,0,,,N,0800
US1TXAG0003,20200701,PRCP,0,,,N,0800
US1TXAG0003,20200702,PRCP,0,,,N,0800
US1TXAG0003,20200703,PRCP,0,,,N,0800
US1TXAG0003,20200704,PRCP,251,,,N,0800
US1TXAG0003,20200705,PRCP,3,,,N,0800
US1TXAG0003,20200706,PRCP,130,,,N,0800
US1TXAG0003,20200707,PRCP,13,,,N,0800
US1TXAG0003,20200708,PRCP,206,,,N,0800
US1TXAG0003,20200709,PRCP,0,,,N,0800
US1TXAG0003,20200710,PRCP,0,,,N,0800
US1TXAG0003,20200711,PRCP,0,,,N,0800
US1TXAG0003,20200712,PRCP,0,,,N,0800
US1TXAG0003,20200713,PRCP,0,,,N,0800
US1TXAG0003,20200714,PRCP,0,,,N,0800
US1TXAG0003,20200715,PRCP,0,,,N,0800
US1TXAG0003,20200716,PRCP,0,,,N,0800
US1TXAG0003,20200717,PRCP,0,,,N,0800
US1TXAG0003,20200718,PRCP,0,,,N,0800
US1TXAG0003,20200719,PRCP,0,,,N,0800
US1TXAG0003,20200720,PRCP,0,,,N,0800
US1TXAG0003,20200721,PRCP,0,,,N,0800
US1TXAG0003,20200722,PRCP,43,,,N,0800
US1TXAG0003,20200723,PRCP,91,,,N,0800
US1TXAG0003,20200724,PRCP,0,,,N,0800
US1TXAG0003,20200725,PRCP,18,,,N,0800
US1TXAG0003,20200726,PRCP,30,,,N,0800
US1TXAG0003,20200727,PRCP,114,,,N,0800
US1TXAG0003,20200728,PRCP,0,,,N,0800
US1TXAG0003,20200729,PRCP,0,,,N,0800
US1TXAG0003,20200730,PRCP,41,,,N,0800
US1TXAG0003,20200731,PRCP,0,,,N,0800
US1TXAG0003,20200801,PRCP,208,,,N,0800
US1TXAG0003,20200802,PRCP,3,,,N,0800
US1TXAG0003,20200803,PRCP,0,,,N,0800
US1TXAG0003,20200804,PRCP,0,,,N,0800
US1TXAG0003,20200805,PRCP,0,,,N,0800
US1TXAG0003,20200806,PRCP,0,,,N,0800
US1TXAG0003,20200807,PRCP,0,,,N,0800
US1TXAG0003,20200808,PRCP,0,,,N,0800
US1TXAG0003,20200809,PRCP,0,,,N,0800
US1TXAG0003,20200810,PRCP,0,,,N,0800
US1TXAG0003,20200811,PRCP,0,,,N,0800
US1TXAG0003,20200812,PRCP,0,,,N,0800
US1TXAG0003,20200813,PRCP,0,,,N,0800
US1TXAG0003,20200814,PRCP,0,,,N,0800
US1TXAG0003,20200815,PRCP,0,,,N,0800
US1TXAG0003,20200816,PRCP,0,,,N,0800
US1TXAG0003,20200817,PRCP,102,,,N,0800
US1TXAG0003,20200818,PRCP,0,,,N,0800
US1TXAG0003,20200819,PRCP,0,,,N,0800
US1TXAG0003,20200820,PRCP,0,,,N,0800
US1TXAG0003,20200821,PRCP,0,,,N,0800
US1TXAG0003,20200822,PRCP,0,,,N,0800
US1TXAG0003,20200823,PRCP,0,,,N,0800
US1TXAG0003,20200824,PRCP,0,,,N,0800
US1TXAG0003,20200825,PRCP,0,,,N,0800
US1TXAG0003,20200826,PRCP,0,,,N,0800
US1TXAG0003,20200827,PRCP,135,,,N,0800
US1TXAG0003,20200828,PRCP,0,,,N,0800
US1TXAG0003,20200829,PRCP,114,,,N,0800
US1TXAG0003,20200830,PRCP,0,,,N,0800
US1TXAG0003,20200831,PRCP,0,,,N,0800
US1TXAG0003,20200901,PRCP,71,,,N,0800
US1TXAG0003,20200902,PRCP,97,,,N,0800
US1TXAG0003,20200903,PRCP,64,,,N,0800
US1TXAG0003,20200904,PRCP,0,,,N,0800
US1TXAG0003,20200905,PRCP,30,,,N,0800
US1TXAG0003,20200906,PRCP,46,,,N,0800
US1TXAG0003,20200907,PRCP,0,,,N,0800
US1TXAG0003,20200908,PRCP,0,,,N,0800
US1TXAG0003,20200909,PRCP,20,,,N,0800
US1TXAG0003,20200910,PRCP,8,,,N,0800
US1TXAG0003,20200911,PRCP,117,,,N,0800
US1TXAG0003,20200912,PRCP,13,,,N,0800
US1TXAG0003,20200913,PRCP,0,,,N,0800
US1TXAG0003,20200914,PRCP,10,,,N,0800
US1TXAG0003,20200915,PRCP,0,,,N,0800
US1TXAG0003,20200916,PRCP,0,,,N,0800
US1TXAG0003,20200917,PRCP,0,,,N,0800
US1TXAG0003,20200918,PRCP,0,,,N,0800
US1TXAG0003,20200919,PRCP,0,,,N,0800
US1TXAG0003,20200920,PRCP,0,,,N,0800
US1TXAG0003,20200921,PRCP,178,,,N,0800
US1TXAG0003,20200922,PRCP,89,,,N,0800
US1TXAG0003,20200923,PRCP,279,,,N,0800
US1TXAG0003,20200924,PRCP,36,,,N,0800
US1TXAG0003,20200925,PRCP,0,,,N,0800
US1TXAG0003,20200926,PRCP,0,,,N,0800
US1TXAG0003,20200927,PRCP,0,,,N,0800
US1TXAG0003,20200928,PRCP,23,,,N,0800
US1TXAG0003,20200929,PRCP,0,,,N,0800
US1TXAG0003,20200930,PRCP,0,,,N,0800
US1TXAG0003,20201001,PRCP,0,,,N,0800
US1TXAG0003,20201002,PRCP,0,,,N,0800
US1TXAG0003,20201003,PRCP,0,,,N,0800
US1TXAG0003,20201004,PRCP,0,,,N,0800
US1TXAG0003,20201005,PRCP,0,,,N,0800
US1TXAG0003,20201006,PRCP,0,,,N,0800
US1TXAG0003,20201007,PRCP,0,,,N,0800
US1TXAG0003,20201008,PRCP,0,,,N,0800
US1TXAG0003,20201009,PRCP,102,,,N,0800
US1TXAG0003,20201010,PRCP,180,,,N,0800
US1TXAG0003,20201011,PRCP,0,,,N,0800
US1TXAG0003,20201012,PRCP,0,,,N,0800
US1TXAG0003,20201013,PRCP,0,,,N,0800
US1TXAG0003,20201014,PRCP,0,,,N,0800
US1TXAG0003,20201015,PRCP,0,,,N,0800
US1TXAG0003,20201016,PRCP,0,,,N,0800
US1TXAG0003,20201017,PRCP,0,,,N,0800
US1TXAG0003,20201018,PRCP,0,,,N,0800
US1TXAG0003,20201019,PRCP,0,,,N,0800
US1TXAG0003,20201020,PRCP,0,,,N,0800
US1TXAG0003,20201021,PRCP,0,,,N,0800
US1TXAG0003,20201022,PRCP,0,,,N,0800
US1TXAG0003,20201023,PRCP,0,,,N,0800
US1TXAG0003,20201024,PRCP,109,,,N,0800
US1TXAG0003,20201025,PRCP,5,,,N,0800
US1TXAG0003,20201026,PRCP,3,,,N,0800
US1TXAG0003,20201027,PRCP,0,,,N,0800
US1TXAG0003,20201028,PRCP,38,,,N,0800
US1TXAG0003,20201029,PRCP,99,,,N,0800
US1TXAG0003,20201030,PRCP,0,,,N,0800
US1TXAG0003,20201031,PRCP,0,,,N,0800
US1TXAG0003,20201101,PRCP,0,,,N,0800
US1TXAG0003,20201102,PRCP,0,,,N,0800
US1TXAG0003,20201103,PRCP,0,,,N,0800
US1TXAG0003,20201104,PRCP,0,,,N,0800
US1TXAG0003,20201105,PRCP,0,,,N,0800
US1TXAG0003,20201106,PRCP,0,,,N,0800
US1TXAG0003,20201107,PRCP,0,,,N,0800
US1TXAG0003,20201108,PRCP,0,,,N,0800
US1TXAG0003,20201109,PRCP,0,,,N,0800
US1TXAG0003,20201110,PRCP,0,,,N,0800
US1TXAG0003,20201111,PRCP,8,,,N,0800
US1TXAG0003,20201112,PRCP,0,,,N,0800
US1TXAG0003,20201113,PRCP,0,,,N,0800
US1TXAG0003,20201114,PRCP,0,,,N,0800
US1TXAG0003,20201115,PRCP,51,,,N,0800
US1TXAG0003,20201116,PRCP,0,,,N,0800
US1TXAG0003,20201117,PRCP,0,,,N,0800
US1TXAG0003,20201118,PRCP,0,,,N,0800
US1TXAG0003,20201119,PRCP,0,,,N,0800
US1TXAG0003,20201120,PRCP,0,,,N,0800
US1TXAG0003,20201121,PRCP,0,,,N,0800
US1TXAG0003,20201122,PRCP,0,,,N,0800
US1TXAG0003,20201123,PRCP,0,,,N,0800
US1TXAG0003,20201124,PRCP,0,,,N,0800
US1TXAG0003,20201125,PRCP,218,,,N,0800
US1TXAG0003,20201126,PRCP,0,,,N,0800
US1TXAG0003,20201127,PRCP,53,,,N,0800
US1TXAG0003,20201128,PRCP,211,,,N,0800
US1TXAG0003,20201129,PRCP,130,,,N,0800
US1TXAG0003,20201130,PRCP,5,,,N,0800
US1TXAG0003,20201201,PRCP,0,,,N,0800
US1TXAG0003,20201202,PRCP,15,,,N,0800
US1TXAG0003,20201203,PRCP,424,,,N,0800
US1TXAG0003,20201204,PRCP,0,,,N,0800
US1TXAG0003,20201205,PRCP,0,,,N,0800
US1TXAG0003,20201206,PRCP,8,,,N,0800
US1TXAG0003,20201207,PRCP,0,,,N,0800
US1TXAG0003,20201208,PRCP,0,,,N,0800
US1TXAG0003,20201209,PRCP,0,,,N,0800
US1TXAG0003,20201210,PRCP,0,,,N,0800
US1TXAG0003,20201211,PRCP,0,,,N,0800
US1TXAG0003,20201212,PRCP,592,,,N,0800
US1TXAG0003,20201213,PRCP,3,,,N,0800
US1TXAG0003,20201214,PRCP,58,,,N,0800
US1TXAG0003,20201215,PRCP,0,,,N,0800
US1TXAG0003,20201216,PRCP,84,,,N,0800
US1TXAG0003,20201217,PRCP,0,,,N,0800
US1TXAG0003,20201218,PRCP,0,,,N,0800
US1TXAG0003,20201219,PRCP,0,,,N,0800
US1TXAG0003,20201220,PRCP,353,,,N,0800
US1TXAG0003,20201221,PRCP,0,,,N,0800
US1TXAG0003,20201222,PRCP,0,,,N,0800
US1TXAG0003,20201223,PRCP,0,,,N,0800
US1TXAG0003,20201224,PRCP,28,,,N,0800
US1TXAG0003,20201225,PRCP,0,,,N,0800
US1TXAG0003,20201226,PRCP,0,,,N,0800
US1TXAG0003,20201227,PRCP,0,,,N,0800
US1TXAG0003,20201228,PRCP,0,,,N,0800
US1TXAG0003,20201229,PRCP,0,,,N,0800
US1TXAG0003,20201230,PRCP,0,,,N,0800
US1TXAG0003,20201231,PRCP,495,,,N,0800
US1TXAG0003,20210101,PRCP,356,,,N,0800
US1TXAG0003,20210102,PRCP,0,,,N,0800
US1TXAG0003,20210103,PRCP,0,,,N,0800
US1TXAG0003,20210104,PRCP,0,,,N,0800
US1TXAG0003,20210105,PRCP,0,,,N,0800
US1TXAG0003,20210106,PRCP,0,,,N,0800
US1TXAG0003,20210107,PRCP,302,,,N,0800
US1TXAG0003,20210108,PRCP,0,,,N,0800
US1TXAG0003,20210109,PRCP,0,,,N,0800
US1TXAG0003,20210110,PRCP,8,,,N,0800
US1TXAG0003,20210111,PRCP,56,,,N,0800
US1TXAG0003,20210112,PRCP,0,,,N,0800
US1TXAG0003,20210113,PRCP,0,,,N,0800
US1TXAG0003,20210114,PRCP,0,,,N,0800
US1TXAG0003,20210115,PRCP,0,,,N,0800
US1TXAG0003,20210116,PRCP,0,,,N,0800
US1TXAG0003,20210117,PRCP,0,,,N,0800
US1TXAG0003,20210118,PRCP,0,,,N,0800
US1TXAG0003,20210119,PRCP,0,,,N,0800
US1TXAG0003,20210120,PRCP,5,,,N,0800
US1TXAG0003,20210121,PRCP,10,,,N,0800
US1TXAG0003,20210122,PRCP,0,,,N,0800
US1TXAG0003,20210123,PRCP,10,,,N,0800
US1TXAG0003,20210124,PRCP,5,,,N,0800
US1TXAG0003,20210125,PRCP,25,,,N,0800
US1TXAG0003,20210126,PRCP,5,,,N,0800
US1TXAG0003,20210127,PRCP,0,,,N,0800
US1TXAG0003,20210128,PRCP,0,,,N,0800
US1TXAG0003,20210129,PRCP,0,,,N,0800
US1TXAG0003,20210130,PRCP,0,,,N,0800
US1TXAG0003,20210131,PRCP,28,,,N,0800
US1TXAG0003,20210111,SNOW,0,,,N,0800
US1TXAG0003,20210127,SNOW,0,,,N,0800
US1TXAG0003,20210128,SNOW,0,,,N,0800
US1TXAG0003,20210129,SNOW,0,,,N,0800
US1TXAG0003,20210130,SNOW,0,,,N,0800
US1TXAG0003,20210111,SNWD,56,,,N,0800
US1TXAG0003,20210201,PRCP,0,,,N,0800
US1TXAG0003,20210202,PRCP,0,,,N,0800
US1TXAG0003,20210203,PRCP,0,,,N,0800
US1TXAG0003,20210204,PRCP,0,,,N,0800
US1TXAG0003,20210205,PRCP,0,,,N,0800
US1TXAG0003,20210206,PRCP,28,,,N,0800
US1TXAG0003,20210207,PRCP,0,,,N,0800
US1TXAG0003,20210208,PRCP,0,,,N,0800
US1TXAG0003,20210209,PRCP,3,,,N,0800
US1TXAG0003,20210210,PRCP,3,,,N,0800
US1TXAG0003,20210211,PRCP,18,,,N,0800
US1TXAG0003,20210212,PRCP,36,,,N,0800
US1TXAG0003,20210213,PRCP,0,,,N,0800
US1TXAG0003,20210214,PRCP,3,,,N,0800
US1TXAG0003,20210215,PRCP,193,,,N,0800
US1TXAG0003,20210216,PRCP,0,,,N,0700
US1TXAG0003,20210217,PRCP,168,,,N,0700
US1TXAG0003,20210218,PRCP,356,,,N,0730
US1TXAG0003,20210219,PRCP,0,,,N,0800
US1TXAG0003,20210220,PRCP,0,,,N,0800
US1TXAG0003,20210221,PRCP,0,,,N,0800
US1TXAG0003,20210222,PRCP,5,,,N,0800
US1TXAG0003,20210223,PRCP,0,,,N,0800
US1TXAG0003,20210224,PRCP,0,,,N,0800
US1TXAG0003,20210225,PRCP,0,,,N,0800
US1TXAG0003,20210226,PRCP,66,,,N,0800
US1TXAG0003,20210227,PRCP,3,,,N,0800
US1TXAG0003,20210228,PRCP,0,,,N,0800
US1TXAG0003,20210201,SNOW,0,,,N,0800
US1TXAG0003,20210202,SNOW,0,,,N,0800
US1TXAG0003,20210203,SNOW,0,,,N,0800
US1TXAG0003,20210204,SNOW,0,,,N,0800
US1TXAG0003,20210205,SNOW,0,,,N,0800
US1TXAG0003,20210207,SNOW,0,,,N,0800
US1TXAG0003,20210208,SNOW,0,,,N,0800
US1TXAG0003,20210213,SNOW,0,,,N,0800
US1TXAG0003,20210216,SNOW,0,,,N,0700
US1TXAG0003,20210219,SNOW,0,,,N,0800
US1TXAG0003,20210220,SNOW,0,,,N,0800
US1TXAG0003,20210221,SNOW,0,,,N,0800
US1TXAG0003,20210223,SNOW,0,,,N,0800
US1TXAG0003,20210224,SNOW,0,,,N,0800
US1TXAG0003,20210225,SNOW,0,,,N,0800
US1TXAG0003,20210228,SNOW,0,,,N,0800
US1TXAG0003,20210215,SNWD,102,,,N,0800
US1TXAG0003,20210216,SNWD,51,,,N,0700
US1TXAG0003,20210217,SNWD,38,,,N,0700
US1TXAG0003,20210218,SNWD,25,,,N,0730
US1TXAG0003,20210215,WESD,152,,,N,0800
US1TXAG0003,20210216,WESD,69,,,N,0700
US1TXAG0003,20210217,WESD,104,,,N,0700
US1TXAG0003,20210218,WESD,89,,,N,0730
US1TXAG0003,20210301,PRCP,0,,,N,0800
US1TXAG0003,20210302,PRCP,165,,,N,0800
US1TXAG0003,20210303,PRCP,0,,,N,0800
US1TXAG0003,20210304,PRCP,0,,,N,0800
US1TXAG0003,20210305,PRCP,0,,,N,0800
US1TXAG0003,20210306,PRCP,0,,,N,0800
US1TXAG0003,20210307,PRCP,0,,,N,0800
US1TXAG0003,20210308,PRCP,0,,,N,0800
US1TXAG0003,20210309,PRCP,0,,,N,0800
US1TXAG0003,20210310,PRCP,0,,,N,0800
US1TXAG0003,20210311,PRCP,0,,,N,0800
US1TXAG0003,20210312,PRCP,0,,,N,0800
US1TXAG0003,20210313,PRCP,0,,,N,0800
US1TXAG0003,20210314,PRCP,23,,,N,0800
US1TXAG0003,20210315,PRCP,97,,,N,0800
US1TXAG0003,20210316,PRCP,3,,,N,0800
US1TXAG0003,20210317,PRCP,0,,,N,0800
US1TXAG0003,20210318,PRCP,91,,,N,0800
US1TXAG0003,20210319,PRCP,0,,,N,0800
US1TXAG0003,20210320,PRCP,0,,,N,0800
US1TXAG0003,20210321,PRCP,0,,,N,0800
US1TXAG0003,20210322,PRCP,0,,,N,0800
US1TXAG0003,20210323,PRCP,66,,,N,0800
US1TXAG0003,20210324,PRCP,0,,,N,0800
US1TXAG0003,20210325,PRCP,5,,,N,0800
US1TXAG0003,20210326,PRCP,0,,,N,0800
US1TXAG0003,20210327,PRCP,0,,,N,0800
US1TXAG0003,20210328,PRCP,5,,,N,0800
US1TXAG0003,20210329,PRCP,0,,,N,0800
US1TXAG0003,20210330,PRCP,0,,,N,0800
US1TXAG0003,20210331,PRCP,0,,,N,0800
US1TXAG0003,20210301,SNOW,0,,,N,0800
US1TXAG0003,20210303,SNOW,0,,,N,0800
US1TXAG0003,20210304,SNOW,0,,,N,0800
US1TXAG0003,20210305,SNOW,0,,,N,0800
US1TXAG0003,20210306,SNOW,0,,,N,0800
US1TXAG0003,20210307,SNOW,0,,,N,0800
US1TXAG0003,20210308,SNOW,0,,,N,0800
US1TXAG0003,20210309,SNOW,0,,,N,0800
US1TXAG0003,20210310,SNOW,0,,,N,0800
US1TXAG0003,20210311,SNOW,0,,,N,0800
US1TXAG0003,20210312,SNOW,0,,,N,0800
US1TXAG0003,20210313,SNOW,0,,,N,0800
US1TXAG0003,20210317,SNOW,0,,,N,0800
US1TXAG0003,20210319,SNOW,0,,,N,0800
US1TXAG0003,20210320,SNOW,0,,,N,0800
US1TXAG0003,20210321,SNOW,0,,,N,0800
US1TXAG0003,20210322,SNOW,0,,,N,0800
US1TXAG0003,20210324,SNOW,0,,,N,0800
US1TXAG0003,20210326,SNOW,0,,,N,0800
US1TXAG0003,20210327,SNOW,0,,,N,0800
US1TXAG0003,20210329,SNOW,0,,,N,0800
US1TXAG0003,20210330,SNOW,0,,,N,0800
US1TXAG0003,20210331,SNOW,0,,,N,0800
US1TXAG0003,20210401,PRCP,0,,,N,0800
US1TXAG0003,20210402,PRCP,0,,,N,0800
US1TXAG0003,20210403,PRCP,0,,,N,0800
US1TXAG0003,20210404,PRCP,0,,,N,0800
US1TXAG0003,20210405,PRCP,0,,,N,0800
US1TXAG0003,20210406,PRCP,0,,,N,0800
US1TXAG0003,20210407,PRCP,0,,,N,0800
US1TXAG0003,20210408,PRCP,221,,,N,0800
US1TXAG0003,20210409,PRCP,0,,,N,0800
US1TXAG0003,20210410,PRCP,325,,,N,0800
US1TXAG0003,20210411,PRCP,0,,,N,0800
US1TXAG0003,20210412,PRCP,0,,,N,0800
US1TXAG0003,20210413,PRCP,0,,,N,0800
US1TXAG0003,20210414,PRCP,0,,,N,0800
US1TXAG0003,20210415,PRCP,0,,,N,0800
US1TXAG0003,20210416,PRCP,152,,,N,0800
US1TXAG0003,20210417,PRCP,152,,,N,0800
US1TXAG0003,20210418,PRCP,0,,,N,0800
US1TXAG0003,20210419,PRCP,0,,,N,0800
US1TXAG0003,20210420,PRCP,0,,,N,0800
US1TXAG0003,20210421,PRCP,0,,,N,0800
US1TXAG0003,20210422,PRCP,0,,,N,0800
US1TXAG0003,20210423,PRCP,0,,,N,0800
US1TXAG0003,20210424,PRCP,254,,,N,0800
US1TXAG0003,20210425,PRCP,0,,,N,0800
US1TXAG0003,20210426,PRCP,0,,,N,0800
US1TXAG0003,20210427,PRCP,0,,,N,0800
US1TXAG0003,20210428,PRCP,0,,,N,0800
US1TXAG0003,20210429,PRCP,0,,,N,0800
US1TXAG0003,20210430,PRCP,1181,,,N,0800
US1TXAG0003,20210401,SNOW,0,,,N,0800
US1TXAG0003,20210402,SNOW,0,,,N,0800
US1TXAG0003,20210403,SNOW,0,,,N,0800
US1TXAG0003,20210404,SNOW,0,,,N,0800
US1TXAG0003,20210405,SNOW,0,,,N,0800
US1TXAG0003,20210406,SNOW,0,,,N,0800
US1TXAG0003,20210407,SNOW,0,,,N,0800
US1TXAG0003,20210409,SNOW,0,,,N,0800
US1TXAG0003,20210411,SNOW,0,,,N,0800
US1TXAG0003,20210412,SNOW,0,,,N,0800
US1TXAG0003,20210413,SNOW,0,,,N,0800
US1TXAG0003,20210414,SNOW,0,,,N,0800
US1TXAG0003,20210415,SNOW,0,,,N,0800
US1TXAG0003,20210418,SNOW,0,,,N,0800
US1TXAG0003,20210419,SNOW,0,,,N,0800
US1TXAG0003,20210420,SNOW,0,,,N,0800
US1TXAG0003,20210421,SNOW,0,,,N,0800
US1TXAG0003,20210422,SNOW,0,,,N,0800
US1TXAG0003,20210423,SNOW,0,,,N,0800
US1TXAG0003,20210425,SNOW,0,,,N,0800
US1TXAG0003,20210426,SNOW,0,,,N,0800
US1TXAG0003,20210427,SNOW,0,,,N,0800
US1TXAG0003,20210428,SNOW,0,,,N,0800
US1TXAG0003,20210429,SNOW,0,,,N,0800
US1TXAG0003,20210501,PRCP,30,,,N,0800
US1TXAG0003,20210502,PRCP,168,,,N,0800
US1TXAG0003,20210503,PRCP,18,,,N,0800
US1TXAG0003,20210504,PRCP,0,,,N,0800
US1TXAG0003,20210505,PRCP,102,,,N,0800
US1TXAG0003,20210506,PRCP,0,,,N,0800
US1TXAG0003,20210507,PRCP,0,,,N,0800
US1TXAG0003,20210508,PRCP,0,,,N,0800
US1TXAG0003,20210509,PRCP,0,,,N,0800
US1TXAG0003,20210510,PRCP,1085,,,N,0800
US1TXAG0003,20210511,PRCP,188,,,N,0800
US1TXAG0003,20210512,PRCP,544,,,N,0800
US1TXAG0003,20210513,PRCP,5,,,N,0800
US1TXAG0003,20210514,PRCP,0,,,N,0800
US1TXAG0003,20210515,PRCP,0,,,N,0800
US1TXAG0003,20210516,PRCP,0,,,N,0800
US1TXAG0003,20210517,PRCP,58,,,N,0800
US1TXAG0003,20210518,PRCP,48,,,N,0800
US1TXAG0003,20210519,PRCP,437,,,N,0800
US1TXAG0003,20210520,PRCP,234,,,N,0800
US1TXAG0003,20210521,PRCP,13,,,N,0800
US1TXAG0003,20210522,PRCP,277,,,N,0800
US1TXAG0003,20210523,PRCP,3,,,N,0800
US1TXAG0003,20210524,PRCP,0,,,N,0800
US1TXAG0003,20210525,PRCP,23,,,N,0800
US1TXAG0003,20210526,PRCP,394,,,N,0800
US1TXAG0003,20210527,PRCP,3,,,N,0800
US1TXAG0003,20210528,PRCP,188,,,N,0800
US1TXAG0003,20210529,PRCP,66,,,N,0800
US1TXAG0003,20210530,PRCP,0,,,N,0800
US1TXAG0003,20210531,PRCP,0,,,N,0800
US1TXAG0003,20210504,SNOW,0,,,N,0800
US1TXAG0003,20210506,SNOW,0,,,N,0800
US1TXAG0003,20210507,SNOW,0,,,N,0800
US1TXAG0003,20210508,SNOW,0,,,N,0800
US1TXAG0003,20210509,SNOW,0,,,N,0800
US1TXAG0003,20210514,SNOW,0,,,N,0800
US1TXAG0003,20210515,SNOW,0,,,N,0800
US1TXAG0003,20210516,SNOW,0,,,N,0800
US1TXAG0003,20210524,SNOW,0,,,N,0800
US1TXAG0003,20210530,SNOW,0,,,N,0800
US1TXAG0003,20210531,SNOW,0,,,N,0800
US1TXAG0003,20210601,PRCP,109,,,N,0800
US1TXAG0003,20210602,PRCP,61,,,N,0800
US1TXAG0003,20210603,PRCP,0,,,N,0800
US1TXAG0003,20210604,PRCP,36,,,N,0800
US1TXAG0003,20210605,PRCP,188,,,N,0800
US1TXAG0003,20210606,PRCP,140,,,N,0800
US1TXAG0003,20210607,PRCP,15,,,N,0800
US1TXAG0003,20210608,PRCP,429,,,N,0800
US1TXAG0003,20210609,PRCP,0,,,N,0800
US1TXAG0003,20210610,PRCP,0,,,N,0800
US1TXAG0003,20210611,PRCP,0,,,N,0800
US1TXAG0003,20210612,PRCP,0,,,N,0800
US1TXAG0003,20210613,PRCP,0,,,N,0800
US1TXAG0003,20210614,PRCP,0,,,N,0800
US1TXAG0003,20210615,PRCP,0,,,N,0800
US1TXAG0003,20210616,PRCP,0,,,N,0800
US1TXAG0003,20210617,PRCP,0,,,N,0800
US1TXAG0003,20210618,PRCP,0,,,N,0800
US1TXAG0003,20210619,PRCP,0,,,N,0800
US1TXAG0003,20210620,PRCP,0,,,N,0800
US1TXAG0003,20210621,PRCP,0,,,N,0800
US1TXAG0003,20210622,PRCP,8,,,N,0800
US1TXAG0003,20210623,PRCP,0,,,N,0800
US1TXAG0003,20210624,PRCP,0,,,N,0800
US1TXAG0003,20210625,PRCP,0,,,N,0800
US1TXAG0003,20210626,PRCP,0,,,N,0800
US1TXAG0003,20210627,PRCP,0,,,N,0800
US1TXAG0003,20210628,PRCP,13,,,N,0800
US1TXAG0003,20210629,PRCP,36,,,N,0800
US1TXAG0003,20210630,PRCP,5,,,N,0800
US1TXAG0003,20210603,SNOW,0,,,N,0800
US1TXAG0003,20210609,SNOW,0,,,N,0800
US1TXAG0003,20210610,SNOW,0,,,N,0800
US1TXAG0003,20210611,SNOW,0,,,N,0800
US1TXAG0003,20210612,SNOW,0,,,N,0800
US1TXAG0003,20210613,SNOW,0,,,N,0800
US1TXAG0003,20210614,SNOW,0,,,N,0800
US1TXAG0003,20210615,SNOW,0,,,N,0800
US1TXAG0003,20210616,SNOW,0,,,N,0800
US1TXAG0003,20210617,SNOW,0,,,N,0800
US1TXAG0003,20210618,SNOW,0,,,N,0800
US1TXAG0003,20210619,SNOW,0,,,N,0800
US1TXAG0003,20210620,SNOW,0,,,N,0800
US1TXAG0003,20210621,SNOW,0,,,N,0800
US1TXAG0003,20210623,SNOW,0,,,N,0800
US1TXAG0003,20210624,SNOW,0,,,N,0800
US1TXAG0003,20210625,SNOW,0,,,N,0800
US1TXAG0003,20210626,SNOW,0,,,N,0800
US1TXAG0003,20210627,SNOW,0,,,N,0800
US1TXAG0003,20210701,PRCP,0,,,N,0800
US1TXAG0003,20210702,PRCP,0,,,N,0800
US1TXAG0003,20210703,PRCP,13,,,N,0800
US1TXAG0003,20210704,PRCP,0,,,N,0800
US1TXAG0003,20210705,PRCP,0,,,N,0800
US1TXAG0003,20210706,PRCP,302,,,N,0800
US1TXAG0003,20210707,PRCP,71,,,N,0800
US1TXAG0003,20210708,PRCP,8,,,N,0800
US1TXAG0003,20210709,PRCP,5,,,N,0800
US1TXAG0003,20210710,PRCP,13,,,N,0800
US1TXAG0003,20210711,PRCP,8,,,N,0800
US1TXAG0003,20210712,PRCP,183,,,N,0800
US1TXAG0003,20210713,PRCP,71,,,N,0800
US1TXAG0003,20210714,PRCP,366,,,N,0800
US1TXAG0003,20210715,PRCP,18,,,N,0800
US1TXAG0003,20210716,PRCP,114,,,N,0800
US1TXAG0003,20210717,PRCP,3,,,N,0800
US1TXAG0003,20210718,PRCP,0,,,N,0800
US1TXAG0003,20210719,PRCP,0,,,N,0800
US1TXAG0003,20210720,PRCP,122,,,N,0800
US1TXAG0003,20210721,PRCP,3,,,N,0800
US1TXAG0003,20210722,PRCP,25,,,N,0800
US1TXAG0003,20210723,PRCP,0,,,N,0800
US1TXAG0003,20210724,PRCP,0,,,N,0800
US1TXAG0003,20210725,PRCP,0,,,N,0800
US1TXAG0003,20210726,PRCP,0,,,N,0800
US1TXAG0003,20210727,PRCP,0,,,N,0800
US1TXAG0003,20210728,PRCP,0,,,N,0800
US1TXAG0003,20210729,PRCP,0,,,N,0800
US1TXAG0003,20210730,PRCP,0,,,N,0800
US1TXAG0003,20210731,PRCP,0,,,N,0800
US1TXAG0003,20210701,SNOW,0,,,N,0800
US1TXAG0003,20210702,SNOW,0,,,N,0800
US1TXAG0003,20210704,SNOW,0,,,N,0800
US1TXAG0003,20210705,SNOW,0,,,N,0800
US1TXAG0003,20210718,SNOW,0,,,N,0800
US1TXAG0003,20210719,SNOW,0,,,N,0800
US1TXAG0003,20210723,SNOW,0,,,N,0800
US1TXAG0003,20210724,SNOW,0,,,N,0800
US1TXAG0003,20210725,SNOW,0,,,N,0800
US1TXAG0003,20210726,SNOW,0,,,N,0800
US1TXAG0003,20210727,SNOW,0,,,N,0800
US1TXAG0003,20210728,SNOW,0,,,N,0800
US1TXAG0003,20210729,SNOW,0,,,N,0800
US1TXAG0003,20210730,SNOW,0,,,N,0800
US1TXAG0003,20210731,SNOW,0,,,N,0800
US1TXAG0003,20210801,PRCP,0,,,N,0800
US1TXAG0003,20210802,PRCP,74,,,N,0800
US1TXAG0003,20210803,PRCP,533,,,N,0800
US1TXAG0003,20210804,PRCP,13,,,N,0800
US1TXAG0003,20210805,PRCP,0,,,N,0800
US1TXAG0003,20210806,PRCP,0,,,N,0800
US1TXAG0003,20210807,PRCP,0,,,N,0800
US1TXAG0003,20210808,PRCP,0,,,N,0800
US1TXAG0003,20210809,PRCP,0,,,N,0800
US1TXAG0003,20210810,PRCP,0,,,N,0800
US1TXAG0003,20210811,PRCP,0,,,N,0800
US1TXAG0003,20210812,PRCP,0,,,N,0800
US1TXAG0003,20210813,PRCP,99,,,N,0800
US1TXAG0003,20210814,PRCP,0,,,N,0800
US1TXAG0003,20210815,PRCP,3,,,N,0800
US1TXAG0003,20210816,PRCP,0,,,N,0800
US1TXAG0003,20210817,PRCP,0,,,N,0800
US1TXAG0003,20210818,PRCP,28,,,N,0800
US1TXAG0003,20210819,PRCP,51,,,N,0800
US1TXAG0003,20210820,PRCP,28,,,N,0800
US1TXAG0003,20210821,PRCP,0,,,N,0800
US1TXAG0003,20210822,PRCP,0,,,N,0800
US1TXAG0003,20210823,PRCP,0,,,N,0800
US1TXAG0003,20210824,PRCP,0,,,N,0800
US1TXAG0003,20210825,PRCP,0,,,N,0800
US1TXAG0003,20210826,PRCP,3,,,N,0800
US1TXAG0003,20210827,PRCP,74,,,N,0800
US1TXAG0003,20210828,PRCP,0,,,N,0800
US1TXAG0003,20210829,PRCP,43,,,N,0800
US1TXAG0003,20210830,PRCP,0,,,N,0800
US1TXAG0003,20210831,PRCP,0,,,N,0800
US1TXAG0003,20210801,SNOW,0,,,N,0800
US1TXAG0003,20210805,SNOW,0,,,N,0800
US1TXAG0003,20210806,SNOW,0,,,N,0800
US1TXAG0003,20210807,SNOW,0,,,N,0800
US1TXAG0003,20210808,SNOW,0,,,N,0800
US1TXAG0003,20210809,SNOW,0,,,N,0800
US1TXAG0003,20210810,SNOW,0,,,N,0800
US1TXAG0003,20210811,SNOW,0,,,N,0800
US1TXAG0003,20210812,SNOW,0,,,N,0800
US1TXAG0003,20210814,SNOW,0,,,N,0800
US1TXAG0003,20210816,SNOW,0,,,N,0800
US1TXAG0003,20210817,SNOW,0,,,N,0800
US1TXAG0003,20210821,SNOW,0,,,N,0800
US1TXAG0003,20210822,SNOW,0,,,N,0800
US1TXAG0003,20210823,SNOW,0,,,N,0800
US1TXAG0003,20210824,SNOW,0,,,N,0800
US1TXAG0003,20210825,SNOW,0,,,N,0800
US1TXAG0003,20210828,SNOW,0,,,N,0800
US1TXAG0003,20210830,SNOW,0,,,N,0800
US1TXAG0003,20210831,SNOW,0,,,N,0800
US1TXAG0003,20210901,PRCP,0,,,N,0800
US1TXAG0003,20210902,PRCP,0,,,N,0800
US1TXAG0003,20210903,PRCP,396,,,N,0800
US1TXAG0003,20210904,PRCP,3,,,N,0800
US1TXAG0003,20210905,PRCP,0,,,N,0800
US1TXAG0003,20210906,PRCP,0,,,N,0800
US1TXAG0003,20210907,PRCP,0,,,N,0800
US1TXAG0003,20210908,PRCP,0,,,N,0800
US1TXAG0003,20210909,PRCP,0,,,N,0800
US1TXAG0003,20210910,PRCP,0,,,N,0800
US1TXAG0003,20210911,PRCP,0,,,N,0800
US1TXAG0003,20210912,PRCP,0,,,N,0800
US1TXAG0003,20210913,PRCP,10,,,N,0800
US1TXAG0003,20210914,PRCP,147,,,N,0800
US1TXAG0003,20210915,PRCP,25,,,N,0800
US1TXAG0003,20210916,PRCP,0,,,N,0800
US1TXAG0003,20210917,PRCP,0,,,N,0800
US1TXAG0003,20210918,PRCP,0,,,N,0800
US1TXAG0003,20210919,PRCP,0,,,N,0800
US1TXAG0003,20210920,PRCP,0,,,N,0800
US1TXAG0003,20210921,PRCP,0,,,N,0800
US1TXAG0003,20210922,PRCP,0,,,N,0800
US1TXAG0003,20210923,PRCP,0,,,N,0800
US1TXAG0003,20210924,PRCP,0,,,N,0800
US1TXAG0003,20210925,PRCP,0,,,N,0800
US1TXAG0003,20210926,PRCP,0,,,N,0800
US1TXAG0003,20210927,PRCP,0,,,N,0800
US1TXAG0003,20210928,PRCP,0,,,N,0800
US1TXAG0003,20210929,PRCP,8,,,N,0800
US1TXAG0003,20210930,PRCP,0,,,N,0800
US1TXAG0003,20210901,SNOW,0,,,N,0800
US1TXAG0003,20210902,SNOW,0,,,N,0800
US1TXAG0003,20210905,SNOW,0,,,N,0800
US1TXAG0003,20210906,SNOW,0,,,N,0800
US1TXAG0003,20210907,SNOW,0,,,N,0800
US1TXAG0003,20210908,SNOW,0,,,N,0800
US1TXAG0003,20210909,SNOW,0,,,N,0800
US1TXAG0003,20210910,SNOW,0,,,N,0800
US1TXAG0003,20210911,SNOW,0,,,N,0800
US1TXAG0003,20210912,SNOW,0,,,N,0800
US1TXAG0003,20210916,SNOW,0,,,N,0800
US1TXAG0003,20210917,SNOW,0,,,N,0800
US1TXAG0003,20210918,SNOW,0,,,N,0800
US1TXAG0003,20210919,SNOW,0,,,N,0800
US1TXAG0003,20210920,SNOW,0,,,N,0800
US1TXAG0003,20210921,SNOW,0,,,N,0800
US1TXAG0003,20210922,SNOW,0,,,N,0800
US1TXAG0003,20210923,SNOW,0,,,N,0800
US1TXAG0003,20210924,SNOW,0,,,N,0800
US1TXAG0003,20210925,SNOW,0,,,N,0800
US1TXAG0003,20210926,SNOW,0,,,N,0800
US1TXAG0003,20210927,SNOW,0,,,N,0800
US1TXAG0003,20210928,SNOW,0,,,N,0800
US1TXAG0003,20210930,SNOW,0,,,N,0800
US1TXAG0003,20211001,PRCP,38,,,N,0800
US1TXAG0003,20211002,PRCP,127,,,N,0800
US1TXAG0003,20211003,PRCP,3,,,N,0800
US1TXAG0003,20211004,PRCP,0,,,N,0800
US1TXAG0003,20211005,PRCP,0,,,N,0800
US1TXAG0003,20211006,PRCP,0,,,N,0800
US1TXAG0003,20211007,PRCP,0,,,N,0800
US1TXAG0003,20211008,PRCP,0,,,N,0800
US1TXAG0003,20211009,PRCP,0,,,N,0800
US1TXAG0003,20211010,PRCP,0,,,N,0800
US1TXAG0003,20211011,PRCP,224,,,N,0800
US1TXAG0003,20211012,PRCP,0,,,N,0800
US1TXAG0003,20211013,PRCP,10,,,N,0800
US1TXAG0003,20211014,PRCP,20,,,N,0800
US1TXAG0003,20211015,PRCP,13,,,N,0800
US1TXAG0003,20211016,PRCP,0,,,N,0800
US1TXAG0003,20211017,PRCP,0,,,N,0800
US1TXAG0003,20211018,PRCP,0,,,N,0800
US1TXAG0003,20211019,PRCP,0,,,N,0800
US1TXAG0003,20211020,PRCP,0,,,N,0800
US1TXAG0003,20211021,PRCP,0,,,N,0800
US1TXAG0003,20211022,PRCP,0,,,N,0800
US1TXAG0003,20211023,PRCP,0,,,N,0800
US1TXAG0003,20211024,PRCP,109,,,N,0800
US1TXAG0003,20211025,PRCP,0,,,N,0800
US1TXAG0003,20211026,PRCP,0,,,N,0800
US1TXAG0003,20211027,PRCP,18,,,N,0800
US1TXAG0003,20211028,PRCP,206,,,N,0800
US1TXAG0003,20211029,PRCP,0,,,N,0800
US1TXAG0003,20211030,PRCP,0,,,N,0800
US1TXAG0003,20211031,PRCP,0,,,N,0800
US1TXAG0003,20211004,SNOW,0,,,N,0800
US1TXAG0003,20211005,SNOW,0,,,N,0800
US1TXAG0003,20211006,SNOW,0,,,N,0800
US1TXAG0003,20211007,SNOW,0,,,N,0800
US1TXAG0003,20211008,SNOW,0,,,N,0800
US1TXAG0003,20211009,SNOW,0,,,N,0800
US1TXAG0003,20211010,SNOW,0,,,N,0800
US1TXAG0003,20211012,SNOW,0,,,N,0800
US1TXAG0003,20211016,SNOW,0,,,N,0800
US1TXAG0003,20211017,SNOW,0,,,N,0800
US1TXAG0003,20211018,SNOW,0,,,N,0800
US1TXAG0003,20211019,SNOW,0,,,N,0800
US1TXAG0003,20211020,SNOW,0,,,N,0800
US1TXAG0003,20211021,SNOW,0,,,N,0800
US1TXAG0003,20211022,SNOW,0,,,N,0800
US1TXAG0003,20211023,SNOW,0,,,N,0800
US1TXAG0003,20211025,SNOW,0,,,N,0800
US1TXAG0003,20211026,SNOW,0,,,N,0800
US1TXAG0003,20211029,SNOW,0,,,N,0800
US1TXAG0003,20211030,SNOW,0,,,N,0800
US1TXAG0003,20211031,SNOW,0,,,N,0800
US1TXAG0003,20211101,PRCP,0,,,N,0800
US1TXAG0003,20211102,PRCP,0,,,N,0800
US1TXAG0003,20211103,PRCP,0,,,N,0800
US1TXAG0003,20211104,PRCP,170,,,N,0800
US1TXAG0003,20211105,PRCP,0,,,N,0800
US1TXAG0003,20211106,PRCP,0,,,N,0800
US1TXAG0003,20211107,PRCP,0,,,N,0800
US1TXAG0003,20211108,PRCP,0,,,N,0800
US1TXAG0003,20211109,PRCP,0,,,N,0800
US1TXAG0003,20211110,PRCP,0,,,N,0800
US1TXAG0003,20211111,PRCP,208,,,N,0800
US1TXAG0003,20211112,PRCP,0,,,N,0800
US1TXAG0003,20211113,PRCP,0,,,N,0800
US1TXAG0003,20211114,PRCP,0,,,N,0800
US1TXAG0003,20211115,PRCP,0,,,N,0800
US1TXAG0003,20211116,PRCP,0,,,N,0800
US1TXAG0003,20211117,PRCP,0,,,N,0800
US1TXAG0003,20211118,PRCP,0,,,N,0800
US1TXAG0003,20211119,PRCP,0,,,N,0800
US1TXAG0003,20211120,PRCP,0,,,N,0800
US1TXAG0003,20211121,PRCP,0,,,N,0800
US1TXAG0003,20211122,PRCP,15,,,N,0800
US1TXAG0003,20211123,PRCP,0,,,N,0800
US1TXAG0003,20211124,PRCP,0,,,N,0800
US1TXAG0003,20211125,PRCP,191,,,N,0800
US1TXAG0003,20211126,PRCP,0,,,N,0800
US1TXAG0003,20211127,PRCP,0,,,N,0800
US1TXAG0003,20211128,PRCP,142,,,N,0800
US1TXAG0003,20211129,PRCP,0,,,N,0800
US1TXAG0003,20211130,PRCP,0,,,N,0800
US1TXAG0003,20211101,SNOW,0,,,N,0800
US1TXAG0003,20211102,SNOW,0,,,N,0800
US1TXAG0003,20211103,SNOW,0,,,N,0800
US1TXAG0003,20211105,SNOW,0,,,N,0800
US1TXAG0003,20211106,SNOW,0,,,N,0800
US1TXAG0003,20211107,SNOW,0,,,N,0800
US1TXAG0003,20211108,SNOW,0,,,N,0800
US1TXAG0003,20211109,SNOW,0,,,N,0800
US1TXAG0003,20211110,SNOW,0,,,N,0800
US1TXAG0003,20211112,SNOW,0,,,N,0800
US1TXAG0003,20211113,SNOW,0,,,N,0800
US1TXAG0003,20211114,SNOW,0,,,N,0800
US1TXAG0003,20211115,SNOW,0,,,N,0800
US1TXAG0003,20211116,SNOW,0,,,N,0800
US1TXAG0003,20211117,SNOW,0,,,N,0800
US1TXAG0003,20211118,SNOW,0,,,N,0800
US1TXAG0003,20211119,SNOW,0,,,N,0800
US1TXAG0003,20211120,SNOW,0,,,N,0800
US1TXAG0003,20211121,SNOW,0,,,N,0800
US1TXAG0003,20211123,SNOW,0,,,N,0800
US1TXAG0003,20211124,SNOW,0,,,N,0800
US1TXAG0003,20211126,SNOW,0,,,N,0800
US1TXAG0003,20211127,SNOW,0,,,N,0800
US1TXAG0003,20211129,SNOW,0,,,N,0800
US1TXAG0003,20211130,SNOW,0,,,N,0800
US1TXAG0003,20211201,PRCP,0,,,N,0800
US1TXAG0003,20211202,PRCP,0,,,N,0800
US1TXAG0003,20211203,PRCP,0,,,N,0800
US1TXAG0003,20211204,PRCP,0,,,N,0800
US1TXAG0003,20211205,PRCP,0,,,N,0800
US1TXAG0003,20211207,PRCP,381,,,N,0800
US1TXAG0003,20211201,SNOW,0,,,N,0800
US1TXAG0003,20211202,SNOW,0,,,N,0800
US1TXAG0003,20211203,SNOW,0,,,N,0800
US1TXAG0003,20211204,SNOW,0,,,N,0800
US1TXAG0003,20211205,SNOW,0,,,N,0800
