ID,DATE,ELEMENT,DATA_VALUE,M_FLAG,Q_FLAG,S_FLAG,OBS_TIME
US1TXAG0002,20090922,PRCP,104,,,N,0700
US1TXAG0002,20090923,PRCP,107,,L,N,0700
US1TXAG0002,20090924,PRCP,0,,L,N,0700
US1TXAG0002,20090925,PRCP,41,,L,N,0700
US1TXAG0002,20090924,SNOW,0,,,N,0700
US1TXAG0002,20091007,PRCP,43,,,N,0745
US1TXAG0002,20091020,PRCP,0,,,N,0700
US1TXAG0002,20091021,PRCP,0,,,N,0700
US1TXAG0002,20091020,SNOW,0,,,N,0700
US1TXAG0002,20091021,SNOW,0,,,N,0700
US1TXAG0002,20091006,DAPR,14,,L,N,0000
US1TXAG0002,20091019,DAPR,12,,,N,0000
US1TXAG0002,20091006,MDPR,333,,L,N,0000
US1TXAG0002,20091019,MDPR,1052,,,N,0000
US1TXAG0002,20091116,PRCP,216,,,N,0700
US1TXAG0002,20091117,PRCP,5,,,N,0700
US1TXAG0002,20091118,PRCP,0,,,N,0700
US1TXAG0002,20091118,SNOW,0,,,N,0700
US1TXAG0002,20091115,DAPR,40,,L,N,0000
US1TXAG0002,20091115,MDPR,2319,,L,N,0000
US1TXAG0002,20091202,PRCP,239,,,N,0700
US1TXAG0002,20091203,PRCP,0,T,,N,0700
US1TXAG0002,20091204,PRCP,0,,,N,0700
US1TXAG0002,20091205,PRCP,5,,,N,0800
US1TXAG0002,20091206,PRCP,0,,,N,0700
US1TXAG0002,20091207,PRCP,28,,,N,0700
US1TXAG0002,20091208,PRCP,48,,,N,0700
US1TXAG0002,20091220,PRCP,0,,,N,0700
US1TXAG0002,20091231,PRCP,48,,,N,0700
US1TXAG0002,20091204,SNOW,0,,,N,0700
US1TXAG0002,20091206,SNOW,0,,,N,0700
US1TXAG0002,20091220,SNOW,0,,,N,0700
US1TXAG0002,20091201,DAPR,13,,,N,0000
US1TXAG0002,20091219,DAPR,11,,,N,0000
US1TXAG0002,20091230,DAPR,10,,,N,0700
US1TXAG0002,20091201,MDPR,302,,,N,0000
US1TXAG0002,20091219,MDPR,561,,,N,0000
US1TXAG0002,20091230,MDPR,1427,,,N,0700
US1TXAG0002,20100101,PRCP,33,,,N,0700
US1TXAG0002,20100102,PRCP,0,,,N,0800
US1TXAG0002,20100103,PRCP,0,,,N,0705
US1TXAG0002,20100104,PRCP,0,,,N,0830
US1TXAG0002,20100105,PRCP,0,,,N,0740
US1TXAG0002,20100109,PRCP,0,,,N,0700
US1TXAG0002,20100110,PRCP,0,,,N,0728
US1TXAG0002,20100111,PRCP,0,,,N,0705
US1TXAG0002,20100119,PRCP,0,,,N,0700
US1TXAG0002,20100120,PRCP,5,,,N,0700
US1TXAG0002,20100121,PRCP,53,,,N,0700
US1TXAG0002,20100122,PRCP,0,,,N,0700
US1TXAG0002,20100102,SNOW,0,,,N,0800
US1TXAG0002,20100103,SNOW,0,,,N,0705
US1TXAG0002,20100104,SNOW,0,,,N,0830
US1TXAG0002,20100105,SNOW,0,,,N,0740
US1TXAG0002,20100109,SNOW,0,,,N,0700
US1TXAG0002,20100110,SNOW,0,,,N,0728
US1TXAG0002,20100111,SNOW,0,,,N,0705
US1TXAG0002,20100119,SNOW,0,,,N,0700
US1TXAG0002,20100122,SNOW,0,,,N,0700
US1TXAG0002,20100108,DAPR,3,,,N,0700
US1TXAG0002,20100118,DAPR,7,,,N,0800
US1TXAG0002,20100131,DAPR,9,,,N,0700
US1TXAG0002,20100108,MDPR,64,,,N,0700
US1TXAG0002,20100118,MDPR,20,,,N,0800
US1TXAG0002,20100131,MDPR,287,,,N,0700
US1TXAG0002,20100201,PRCP,3,,,N,0700
US1TXAG0002,20100221,PRCP,0,,,N,0745
US1TXAG0002,20100222,PRCP,8,,,N,0700
US1TXAG0002,20100223,PRCP,0,,,N,0700
US1TXAG0002,20100224,PRCP,102,,,N,0700
US1TXAG0002,20100225,PRCP,0,,,N,0700
US1TXAG0002,20100226,PRCP,10,,,N,0700
US1TXAG0002,20100227,PRCP,64,,,N,0700
US1TXAG0002,20100228,PRCP,0,,,N,0700
US1TXAG0002,20100221,SNOW,0,,,N,0745
US1TXAG0002,20100223,SNOW,0,,,N,0700
US1TXAG0002,20100224,SNOW,0,T,,N,0700
US1TXAG0002,20100225,SNOW,0,,,N,0700
US1TXAG0002,20100228,SNOW,0,,,N,0700
US1TXAG0002,20100209,DAPR,8,,,N,0700
US1TXAG0002,20100217,DAPR,15,,,N,0700
US1TXAG0002,20100220,DAPR,3,,,N,0700
US1TXAG0002,20100209,MDPR,566,,,N,0700
US1TXAG0002,20100217,MDPR,297,,,N,0700
US1TXAG0002,20100220,MDPR,0,,,N,0700
US1TXAG0002,20100301,PRCP,15,,,N,0700
US1TXAG0002,20100302,PRCP,218,,,N,0700
US1TXAG0002,20100303,PRCP,0,,,N,0700
US1TXAG0002,20100304,PRCP,0,,,N,0652
US1TXAG0002,20100305,PRCP,0,,,N,0700
US1TXAG0002,20100306,PRCP,0,,,N,0700
US1TXAG0002,20100307,PRCP,0,,,N,0700
US1TXAG0002,20100308,PRCP,0,,,N,0718
US1TXAG0002,20100309,PRCP,208,,,N,0700
US1TXAG0002,20100310,PRCP,0,T,,N,0715
US1TXAG0002,20100311,PRCP,0,T,,N,0700
US1TXAG0002,20100312,PRCP,8,,,N,0700
US1TXAG0002,20100313,PRCP,0,,,N,0700
US1TXAG0002,20100314,PRCP,0,,,N,0700
US1TXAG0002,20100315,PRCP,0,,,N,0700
US1TXAG0002,20100316,PRCP,0,,,N,0710
US1TXAG0002,20100317,PRCP,61,,,N,0700
US1TXAG0002,20100318,PRCP,0,,,N,0700
US1TXAG0002,20100319,PRCP,0,,,N,0728
US1TXAG0002,20100320,PRCP,0,,,N,0700
US1TXAG0002,20100321,PRCP,104,,,N,0710
US1TXAG0002,20100322,PRCP,28,,,N,0700
US1TXAG0002,20100323,PRCP,0,,,N,0700
US1TXAG0002,20100324,PRCP,0,,,N,0700
US1TXAG0002,20100325,PRCP,20,,,N,0700
US1TXAG0002,20100326,PRCP,0,,,N,0700
US1TXAG0002,20100327,PRCP,0,,,N,0700
US1TXAG0002,20100328,PRCP,0,,,N,0700
US1TXAG0002,20100329,PRCP,0,,,N,0700
US1TXAG0002,20100330,PRCP,0,,,N,0700
US1TXAG0002,20100331,PRCP,0,,,N,0728
US1TXAG0002,20100303,SNOW,0,,,N,0700
US1TXAG0002,20100304,SNOW,0,,,N,0652
US1TXAG0002,20100305,SNOW,0,,,N,0700
US1TXAG0002,20100306,SNOW,0,,,N,0700
US1TXAG0002,20100307,SNOW,0,,,N,0700
US1TXAG0002,20100308,SNOW,0,,,N,0718
US1TXAG0002,20100313,SNOW,0,,,N,0700
US1TXAG0002,20100314,SNOW,0,,,N,0700
US1TXAG0002,20100315,SNOW,0,,,N,0700
US1TXAG0002,20100316,SNOW,0,,,N,0710
US1TXAG0002,20100318,SNOW,0,,,N,0700
US1TXAG0002,20100319,SNOW,0,,,N,0728
US1TXAG0002,20100320,SNOW,0,,,N,0700
US1TXAG0002,20100323,SNOW,0,,,N,0700
US1TXAG0002,20100324,SNOW,0,,,N,0700
US1TXAG0002,20100326,SNOW,0,,,N,0700
US1TXAG0002,20100327,SNOW,0,,,N,0700
US1TXAG0002,20100328,SNOW,0,,,N,0700
US1TXAG0002,20100329,SNOW,0,,,N,0700
US1TXAG0002,20100330,SNOW,0,,,N,0700
US1TXAG0002,20100331,SNOW,0,,,N,0728
US1TXAG0002,20100401,PRCP,0,,,N,0719
US1TXAG0002,20100402,PRCP,0,,,N,0710
US1TXAG0002,20100403,PRCP,0,,,N,0700
US1TXAG0002,20100404,PRCP,0,,,N,0700
US1TXAG0002,20100405,PRCP,0,T,,N,0700
US1TXAG0002,20100406,PRCP,0,,,N,0700
US1TXAG0002,20100407,PRCP,0,,,N,0700
US1TXAG0002,20100408,PRCP,307,,,N,0700
US1TXAG0002,20100409,PRCP,0,,,N,0700
US1TXAG0002,20100410,PRCP,0,,,N,0745
US1TXAG0002,20100411,PRCP,0,,,N,0715
US1TXAG0002,20100412,PRCP,0,,,N,0700
US1TXAG0002,20100413,PRCP,0,,,N,0718
US1TXAG0002,20100414,PRCP,0,,,N,0700
US1TXAG0002,20100415,PRCP,0,,,N,0700
US1TXAG0002,20100416,PRCP,0,,,N,0700
US1TXAG0002,20100417,PRCP,0,,,N,0700
US1TXAG0002,20100418,PRCP,8,,,N,0700
US1TXAG0002,20100419,PRCP,13,,,N,0700
US1TXAG0002,20100420,PRCP,0,T,,N,0745
US1TXAG0002,20100421,PRCP,0,,,N,0700
US1TXAG0002,20100422,PRCP,0,,,N,0700
US1TXAG0002,20100423,PRCP,5,,,N,0700
US1TXAG0002,20100424,PRCP,89,,,N,0730
US1TXAG0002,20100425,PRCP,0,,,N,0700
US1TXAG0002,20100426,PRCP,0,,,N,0700
US1TXAG0002,20100427,PRCP,23,,,N,0700
US1TXAG0002,20100428,PRCP,0,,,N,0700
US1TXAG0002,20100429,PRCP,0,,,N,0700
US1TXAG0002,20100430,PRCP,8,,,N,0705
US1TXAG0002,20100401,SNOW,0,,,N,0719
US1TXAG0002,20100402,SNOW,0,,,N,0710
US1TXAG0002,20100403,SNOW,0,,,N,0700
US1TXAG0002,20100404,SNOW,0,,,N,0700
US1TXAG0002,20100406,SNOW,0,,,N,0700
US1TXAG0002,20100407,SNOW,0,,,N,0700
US1TXAG0002,20100409,SNOW,0,,,N,0700
US1TXAG0002,20100410,SNOW,0,,,N,0745
US1TXAG0002,20100411,SNOW,0,,,N,0715
US1TXAG0002,20100412,SNOW,0,,,N,0700
US1TXAG0002,20100413,SNOW,0,,,N,0718
US1TXAG0002,20100414,SNOW,0,,,N,0700
US1TXAG0002,20100415,SNOW,0,,,N,0700
US1TXAG0002,20100416,SNOW,0,,,N,0700
US1TXAG0002,20100417,SNOW,0,,,N,0700
US1TXAG0002,20100421,SNOW,0,,,N,0700
US1TXAG0002,20100422,SNOW,0,,,N,0700
US1TXAG0002,20100425,SNOW,0,,,N,0700
US1TXAG0002,20100426,SNOW,0,,,N,0700
US1TXAG0002,20100428,SNOW,0,,,N,0700
US1TXAG0002,20100429,SNOW,0,,,N,0700
US1TXAG0002,20100501,PRCP,8,,,N,0700
US1TXAG0002,20100502,PRCP,0,,,N,0714
US1TXAG0002,20100503,PRCP,0,,,N,0708
US1TXAG0002,20100504,PRCP,0,,,N,0700
US1TXAG0002,20100505,PRCP,0,,,N,0700
US1TXAG0002,20100506,PRCP,0,,,N,0700
US1TXAG0002,20100507,PRCP,0,,,N,0705
US1TXAG0002,20100508,PRCP,0,,,N,0700
US1TXAG0002,20100509,PRCP,28,,,N,1632
US1TXAG0002,20100510,PRCP,0,,,N,0714
US1TXAG0002,20100511,PRCP,0,,,N,0700
US1TXAG0002,20100512,PRCP,0,,,N,0700
US1TXAG0002,20100513,PRCP,0,,,N,0705
US1TXAG0002,20100514,PRCP,0,,,N,0708
US1TXAG0002,20100515,PRCP,114,,,N,0700
US1TXAG0002,20100516,PRCP,0,,,N,0700
US1TXAG0002,20100517,PRCP,0,,,N,0700
US1TXAG0002,20100518,PRCP,201,,,N,0700
US1TXAG0002,20100519,PRCP,0,,,N,0700
US1TXAG0002,20100520,PRCP,0,,,N,0652
US1TXAG0002,20100521,PRCP,0,,,N,0700
US1TXAG0002,20100522,PRCP,0,,,N,0700
US1TXAG0002,20100523,PRCP,0,,,N,0650
US1TXAG0002,20100524,PRCP,0,,,N,0700
US1TXAG0002,20100525,PRCP,0,,,N,0700
US1TXAG0002,20100526,PRCP,0,,,N,0716
US1TXAG0002,20100527,PRCP,112,,,N,0652
US1TXAG0002,20100528,PRCP,0,,,N,0700
US1TXAG0002,20100529,PRCP,15,,,N,0700
US1TXAG0002,20100530,PRCP,0,,,N,0700
US1TXAG0002,20100531,PRCP,163,,,N,0700
US1TXAG0002,20100502,SNOW,0,,,N,0714
US1TXAG0002,20100503,SNOW,0,,,N,0708
US1TXAG0002,20100504,SNOW,0,,,N,0700
US1TXAG0002,20100505,SNOW,0,,,N,0700
US1TXAG0002,20100506,SNOW,0,,,N,0700
US1TXAG0002,20100507,SNOW,0,,,N,0705
US1TXAG0002,20100508,SNOW,0,,,N,0700
US1TXAG0002,20100510,SNOW,0,,,N,0714
US1TXAG0002,20100511,SNOW,0,,,N,0700
US1TXAG0002,20100512,SNOW,0,,,N,0700
US1TXAG0002,20100513,SNOW,0,,,N,0705
US1TXAG0002,20100514,SNOW,0,,,N,0708
US1TXAG0002,20100516,SNOW,0,,,N,0700
US1TXAG0002,20100517,SNOW,0,,,N,0700
US1TXAG0002,20100519,SNOW,0,,,N,0700
US1TXAG0002,20100520,SNOW,0,,,N,0652
US1TXAG0002,20100521,SNOW,0,,,N,0700
US1TXAG0002,20100522,SNOW,0,,,N,0700
US1TXAG0002,20100523,SNOW,0,,,N,0650
US1TXAG0002,20100524,SNOW,0,,,N,0700
US1TXAG0002,20100525,SNOW,0,,,N,0700
US1TXAG0002,20100526,SNOW,0,,,N,0716
US1TXAG0002,20100528,SNOW,0,,,N,0700
US1TXAG0002,20100530,SNOW,0,,,N,0700
US1TXAG0002,20100601,PRCP,10,,,N,0700
US1TXAG0002,20100602,PRCP,0,,,N,0700
US1TXAG0002,20100603,PRCP,0,,,N,0700
US1TXAG0002,20100604,PRCP,561,,,N,0700
US1TXAG0002,20100605,PRCP,5,,,N,0700
US1TXAG0002,20100606,PRCP,0,,,N,0700
US1TXAG0002,20100607,PRCP,0,,,N,0620
US1TXAG0002,20100608,PRCP,3,,,N,0700
US1TXAG0002,20100609,PRCP,155,,,N,0700
US1TXAG0002,20100610,PRCP,79,,,N,0745
US1TXAG0002,20100611,PRCP,8,,,N,0650
US1TXAG0002,20100612,PRCP,0,,,N,0700
US1TXAG0002,20100613,PRCP,0,,,N,0700
US1TXAG0002,20100614,PRCP,0,,,N,0650
US1TXAG0002,20100615,PRCP,0,,,N,0700
US1TXAG0002,20100616,PRCP,48,,,N,0715
US1TXAG0002,20100617,PRCP,8,,,N,0700
US1TXAG0002,20100618,PRCP,48,,,N,0719
US1TXAG0002,20100619,PRCP,0,,,N,0700
US1TXAG0002,20100620,PRCP,0,,,N,0736
US1TXAG0002,20100621,PRCP,0,,,N,0655
US1TXAG0002,20100622,PRCP,0,,,N,0700
US1TXAG0002,20100623,PRCP,0,,,N,0700
US1TXAG0002,20100624,PRCP,0,,,N,0700
US1TXAG0002,20100625,PRCP,3,,,N,0700
US1TXAG0002,20100626,PRCP,81,,,N,0700
US1TXAG0002,20100627,PRCP,0,,,N,0653
US1TXAG0002,20100628,PRCP,0,,,N,0700
US1TXAG0002,20100629,PRCP,211,,,N,0800
US1TXAG0002,20100630,PRCP,0,,,N,0705
US1TXAG0002,20100602,SNOW,0,,,N,0700
US1TXAG0002,20100603,SNOW,0,,,N,0700
US1TXAG0002,20100605,SNOW,0,,,N,0700
US1TXAG0002,20100606,SNOW,0,,,N,0700
US1TXAG0002,20100607,SNOW,0,,,N,0620
US1TXAG0002,20100612,SNOW,0,,,N,0700
US1TXAG0002,20100613,SNOW,0,,,N,0700
US1TXAG0002,20100614,SNOW,0,,,N,0650
US1TXAG0002,20100615,SNOW,0,,,N,0700
US1TXAG0002,20100619,SNOW,0,,,N,0700
US1TXAG0002,20100620,SNOW,0,,,N,0736
US1TXAG0002,20100621,SNOW,0,,,N,0655
US1TXAG0002,20100622,SNOW,0,,,N,0700
US1TXAG0002,20100623,SNOW,0,,,N,0700
US1TXAG0002,20100624,SNOW,0,,,N,0700
US1TXAG0002,20100627,SNOW,0,,,N,0653
US1TXAG0002,20100628,SNOW,0,,,N,0700
US1TXAG0002,20100630,SNOW,0,,,N,0705
US1TXAG0002,20100701,PRCP,56,,,N,0700
US1TXAG0002,20100702,PRCP,371,,,N,0700
US1TXAG0002,20100703,PRCP,310,,,N,0645
US1TXAG0002,20100704,PRCP,3,,,N,0700
US1TXAG0002,20100705,PRCP,0,,,N,0700
US1TXAG0002,20100706,PRCP,0,,,N,0700
US1TXAG0002,20100707,PRCP,10,,,N,0700
US1TXAG0002,20100708,PRCP,206,,,N,0730
US1TXAG0002,20100709,PRCP,3,,,N,0545
US1TXAG0002,20100710,PRCP,0,,,N,0700
US1TXAG0002,20100711,PRCP,0,,,N,0700
US1TXAG0002,20100712,PRCP,0,,,N,0700
US1TXAG0002,20100713,PRCP,0,,,N,0700
US1TXAG0002,20100714,PRCP,0,,,N,0720
US1TXAG0002,20100715,PRCP,0,,,N,0700
US1TXAG0002,20100716,PRCP,0,,,N,0700
US1TXAG0002,20100717,PRCP,0,,,N,0700
US1TXAG0002,20100718,PRCP,30,,,N,0700
US1TXAG0002,20100719,PRCP,0,,,N,0625
US1TXAG0002,20100720,PRCP,48,,,N,0700
US1TXAG0002,20100721,PRCP,0,,,N,0600
US1TXAG0002,20100722,PRCP,8,,,N,0700
US1TXAG0002,20100723,PRCP,0,T,,N,0700
US1TXAG0002,20100724,PRCP,0,,,N,0700
US1TXAG0002,20100725,PRCP,0,T,,N,0710
US1TXAG0002,20100726,PRCP,0,,,N,0700
US1TXAG0002,20100727,PRCP,178,,,N,0700
US1TXAG0002,20100728,PRCP,5,,,N,0700
US1TXAG0002,20100729,PRCP,8,,,N,0600
US1TXAG0002,20100730,PRCP,0,,,N,0700
US1TXAG0002,20100731,PRCP,0,,,N,0700
US1TXAG0002,20100705,SNOW,0,,,N,0700
US1TXAG0002,20100706,SNOW,0,,,N,0700
US1TXAG0002,20100710,SNOW,0,,,N,0700
US1TXAG0002,20100711,SNOW,0,,,N,0700
US1TXAG0002,20100712,SNOW,0,,,N,0700
US1TXAG0002,20100713,SNOW,0,,,N,0700
US1TXAG0002,20100714,SNOW,0,,,N,0720
US1TXAG0002,20100715,SNOW,0,,,N,0700
US1TXAG0002,20100716,SNOW,0,,,N,0700
US1TXAG0002,20100717,SNOW,0,,,N,0700
US1TXAG0002,20100719,SNOW,0,,,N,0625
US1TXAG0002,20100721,SNOW,0,,,N,0600
US1TXAG0002,20100724,SNOW,0,,,N,0700
US1TXAG0002,20100726,SNOW,0,,,N,0700
US1TXAG0002,20100730,SNOW,0,,,N,0700
US1TXAG0002,20100731,SNOW,0,,,N,0700
US1TXAG0002,20100801,PRCP,0,,,N,0759
US1TXAG0002,20100802,PRCP,0,,,N,0700
US1TXAG0002,20100803,PRCP,0,,,N,0730
US1TXAG0002,20100804,PRCP,0,,,N,0700
US1TXAG0002,20100805,PRCP,0,,,N,0700
US1TXAG0002,20100806,PRCP,0,,,N,0700
US1TXAG0002,20100807,PRCP,450,,,N,0700
US1TXAG0002,20100808,PRCP,0,,,N,0700
US1TXAG0002,20100809,PRCP,0,,,N,0700
US1TXAG0002,20100810,PRCP,0,,,N,1600
US1TXAG0002,20100811,PRCP,0,,,N,0630
US1TXAG0002,20100812,PRCP,0,,,N,0700
US1TXAG0002,20100813,PRCP,0,,,N,0730
US1TXAG0002,20100814,PRCP,0,,,N,0700
US1TXAG0002,20100815,PRCP,0,,,N,0700
US1TXAG0002,20100816,PRCP,0,,,N,0700
US1TXAG0002,20100817,PRCP,127,,,N,0630
US1TXAG0002,20100818,PRCP,0,,,N,0615
US1TXAG0002,20100819,PRCP,0,,,N,0636
US1TXAG0002,20100820,PRCP,5,,,N,0658
US1TXAG0002,20100821,PRCP,0,,,N,0700
US1TXAG0002,20100823,PRCP,0,,,N,0640
US1TXAG0002,20100824,PRCP,13,,,N,0626
US1TXAG0002,20100825,PRCP,0,,,N,0700
US1TXAG0002,20100826,PRCP,0,,,N,0630
US1TXAG0002,20100827,PRCP,0,,,N,0630
US1TXAG0002,20100828,PRCP,0,,,N,0700
US1TXAG0002,20100829,PRCP,0,,,N,0708
US1TXAG0002,20100830,PRCP,3,,,N,0700
US1TXAG0002,20100831,PRCP,3,,,N,0700
US1TXAG0002,20100801,SNOW,0,,,N,0759
US1TXAG0002,20100802,SNOW,0,,,N,0700
US1TXAG0002,20100803,SNOW,0,,,N,0730
US1TXAG0002,20100804,SNOW,0,,,N,0700
US1TXAG0002,20100805,SNOW,0,,,N,0700
US1TXAG0002,20100806,SNOW,0,,,N,0700
US1TXAG0002,20100808,SNOW,0,,,N,0700
US1TXAG0002,20100809,SNOW,0,,,N,0700
US1TXAG0002,20100810,SNOW,0,,,N,1600
US1TXAG0002,20100811,SNOW,0,,,N,0630
US1TXAG0002,20100812,SNOW,0,,,N,0700
US1TXAG0002,20100813,SNOW,0,,,N,0730
US1TXAG0002,20100814,SNOW,0,,,N,0700
US1TXAG0002,20100815,SNOW,0,,,N,0700
US1TXAG0002,20100816,SNOW,0,,,N,0700
US1TXAG0002,20100818,SNOW,0,,,N,0615
US1TXAG0002,20100819,SNOW,0,,,N,0636
US1TXAG0002,20100821,SNOW,0,,,N,0700
US1TXAG0002,20100823,SNOW,0,,,N,0640
US1TXAG0002,20100825,SNOW,0,,,N,0700
US1TXAG0002,20100826,SNOW,0,,,N,0630
US1TXAG0002,20100827,SNOW,0,,,N,0630
US1TXAG0002,20100828,SNOW,0,,,N,0700
US1TXAG0002,20100829,SNOW,0,,,N,0708
US1TXAG0002,20100901,PRCP,36,,,N,0700
US1TXAG0002,20100907,PRCP,64,,,N,0727
US1TXAG0002,20100908,PRCP,23,,,N,0630
US1TXAG0002,20100909,PRCP,41,,,N,0700
US1TXAG0002,20100910,PRCP,0,,,N,0716
US1TXAG0002,20100911,PRCP,0,,,N,0700
US1TXAG0002,20100912,PRCP,0,,,N,0733
US1TXAG0002,20100913,PRCP,8,,,N,0700
US1TXAG0002,20100914,PRCP,0,,,N,0700
US1TXAG0002,20100915,PRCP,0,,,N,0618
US1TXAG0002,20100917,PRCP,0,,,N,0652
US1TXAG0002,20100919,PRCP,0,,,N,0625
US1TXAG0002,20100920,PRCP,5,,,N,0700
US1TXAG0002,20100921,PRCP,0,,,N,0700
US1TXAG0002,20100922,PRCP,5,,,N,0700
US1TXAG0002,20100923,PRCP,0,,,N,0700
US1TXAG0002,20100924,PRCP,124,,,N,0625
US1TXAG0002,20100925,PRCP,0,,,N,0600
US1TXAG0002,20100926,PRCP,0,,,N,0700
US1TXAG0002,20100927,PRCP,0,,,N,0700
US1TXAG0002,20100928,PRCP,0,,,N,0718
US1TXAG0002,20100929,PRCP,0,,,N,0700
US1TXAG0002,20100930,PRCP,0,,,N,0700
US1TXAG0002,20100910,SNOW,0,,,N,0716
US1TXAG0002,20100911,SNOW,0,,,N,0700
US1TXAG0002,20100912,SNOW,0,,,N,0733
US1TXAG0002,20100914,SNOW,0,,,N,0700
US1TXAG0002,20100915,SNOW,0,,,N,0618
US1TXAG0002,20100917,SNOW,0,,,N,0652
US1TXAG0002,20100919,SNOW,0,,,N,0625
US1TXAG0002,20100921,SNOW,0,,,N,0700
US1TXAG0002,20100923,SNOW,0,,,N,0700
US1TXAG0002,20100925,SNOW,0,,,N,0600
US1TXAG0002,20100926,SNOW,0,,,N,0700
US1TXAG0002,20100927,SNOW,0,,,N,0700
US1TXAG0002,20100928,SNOW,0,,,N,0718
US1TXAG0002,20100929,SNOW,0,,,N,0700
US1TXAG0002,20100930,SNOW,0,,,N,0700
US1TXAG0002,20100906,DAPR,5,,,N,0650
US1TXAG0002,20100906,MDPR,490,,,N,0650
US1TXAG0002,20101001,PRCP,0,,,N,0700
US1TXAG0002,20101002,PRCP,0,,,N,0700
US1TXAG0002,20101003,PRCP,0,,,N,0629
US1TXAG0002,20101004,PRCP,0,,,N,0615
US1TXAG0002,20101005,PRCP,0,,,N,0710
US1TXAG0002,20101006,PRCP,0,,,N,0710
US1TXAG0002,20101007,PRCP,0,,,N,0700
US1TXAG0002,20101008,PRCP,0,,,N,0700
US1TXAG0002,20101009,PRCP,0,,,N,0700
US1TXAG0002,20101010,PRCP,0,,,N,0750
US1TXAG0002,20101011,PRCP,0,,,N,0700
US1TXAG0002,20101012,PRCP,124,,,N,0645
US1TXAG0002,20101013,PRCP,0,,,N,0700
US1TXAG0002,20101014,PRCP,0,,,N,0700
US1TXAG0002,20101015,PRCP,0,,,N,0700
US1TXAG0002,20101016,PRCP,0,,,N,0700
US1TXAG0002,20101017,PRCP,0,,,N,0534
US1TXAG0002,20101018,PRCP,0,,,N,0700
US1TXAG0002,20101019,PRCP,0,,,N,0700
US1TXAG0002,20101020,PRCP,0,,,N,0710
US1TXAG0002,20101021,PRCP,0,,,N,0710
US1TXAG0002,20101022,PRCP,0,,,N,0734
US1TXAG0002,20101023,PRCP,0,,,N,0658
US1TXAG0002,20101024,PRCP,0,,,N,0700
US1TXAG0002,20101025,PRCP,0,,,N,0625
US1TXAG0002,20101026,PRCP,0,,,N,0656
US1TXAG0002,20101027,PRCP,0,,,N,0700
US1TXAG0002,20101028,PRCP,0,,,N,0700
US1TXAG0002,20101029,PRCP,0,,,N,0745
US1TXAG0002,20101030,PRCP,0,,,N,0645
US1TXAG0002,20101031,PRCP,0,,,N,0734
US1TXAG0002,20101001,SNOW,0,,,N,0700
US1TXAG0002,20101002,SNOW,0,,,N,0700
US1TXAG0002,20101003,SNOW,0,,,N,0629
US1TXAG0002,20101004,SNOW,0,,,N,0615
US1TXAG0002,20101005,SNOW,0,,,N,0710
US1TXAG0002,20101006,SNOW,0,,,N,0710
US1TXAG0002,20101007,SNOW,0,,,N,0700
US1TXAG0002,20101008,SNOW,0,,,N,0700
US1TXAG0002,20101009,SNOW,0,,,N,0700
US1TXAG0002,20101010,SNOW,0,,,N,0750
US1TXAG0002,20101011,SNOW,0,,,N,0700
US1TXAG0002,20101013,SNOW,0,,,N,0700
US1TXAG0002,20101014,SNOW,0,,,N,0700
US1TXAG0002,20101015,SNOW,0,,,N,0700
US1TXAG0002,20101016,SNOW,0,,,N,0700
US1TXAG0002,20101017,SNOW,0,,,N,0534
US1TXAG0002,20101018,SNOW,0,,,N,0700
US1TXAG0002,20101019,SNOW,0,,,N,0700
US1TXAG0002,20101020,SNOW,0,,,N,0710
US1TXAG0002,20101021,SNOW,0,,,N,0710
US1TXAG0002,20101022,SNOW,0,,,N,0734
US1TXAG0002,20101023,SNOW,0,,,N,0658
US1TXAG0002,20101024,SNOW,0,,,N,0700
US1TXAG0002,20101025,SNOW,0,,,N,0625
US1TXAG0002,20101026,SNOW,0,,,N,0656
US1TXAG0002,20101027,SNOW,0,,,N,0700
US1TXAG0002,20101028,SNOW,0,,,N,0700
US1TXAG0002,20101029,SNOW,0,,,N,0745
US1TXAG0002,20101030,SNOW,0,,,N,0645
US1TXAG0002,20101031,SNOW,0,,,N,0734
US1TXAG0002,20101101,PRCP,0,,,N,0630
US1TXAG0002,20101102,PRCP,76,,,N,0715
US1TXAG0002,20101103,PRCP,107,,,N,0700
US1TXAG0002,20101104,PRCP,38,,,N,0700
US1TXAG0002,20101105,PRCP,0,,,N,0700
US1TXAG0002,20101106,PRCP,0,,,N,0700
US1TXAG0002,20101108,PRCP,0,,,N,0700
US1TXAG0002,20101109,PRCP,0,,,N,0640
US1TXAG0002,20101110,PRCP,0,,,N,0700
US1TXAG0002,20101111,PRCP,13,,,N,0731
US1TXAG0002,20101112,PRCP,0,,,N,0620
US1TXAG0002,20101113,PRCP,53,,,N,0700
US1TXAG0002,20101114,PRCP,28,,,N,0530
US1TXAG0002,20101115,PRCP,208,,,N,0700
US1TXAG0002,20101116,PRCP,25,,,N,0700
US1TXAG0002,20101117,PRCP,0,,,N,0650
US1TXAG0002,20101118,PRCP,3,,,N,0700
US1TXAG0002,20101119,PRCP,0,,,N,0738
US1TXAG0002,20101120,PRCP,0,,,N,0640
US1TXAG0002,20101121,PRCP,0,,,N,0700
US1TXAG0002,20101122,PRCP,0,,,N,0700
US1TXAG0002,20101123,PRCP,0,,,N,0700
US1TXAG0002,20101124,PRCP,0,,,N,0630
US1TXAG0002,20101125,PRCP,18,,,N,0700
US1TXAG0002,20101126,PRCP,46,,,N,0640
US1TXAG0002,20101127,PRCP,10,,,N,0640
US1TXAG0002,20101128,PRCP,0,,,N,0650
US1TXAG0002,20101129,PRCP,0,,,N,0640
US1TXAG0002,20101130,PRCP,427,,,N,0700
US1TXAG0002,20101101,SNOW,0,,,N,0630
US1TXAG0002,20101105,SNOW,0,,,N,0700
US1TXAG0002,20101106,SNOW,0,,,N,0700
US1TXAG0002,20101108,SNOW,0,,,N,0700
US1TXAG0002,20101109,SNOW,0,,,N,0640
US1TXAG0002,20101110,SNOW,0,,,N,0700
US1TXAG0002,20101112,SNOW,0,,,N,0620
US1TXAG0002,20101117,SNOW,0,,,N,0650
US1TXAG0002,20101119,SNOW,0,,,N,0738
US1TXAG0002,20101120,SNOW,0,,,N,0640
US1TXAG0002,20101121,SNOW,0,,,N,0700
US1TXAG0002,20101122,SNOW,0,,,N,0700
US1TXAG0002,20101123,SNOW,0,,,N,0700
US1TXAG0002,20101124,SNOW,0,,,N,0630
US1TXAG0002,20101128,SNOW,0,,,N,0650
US1TXAG0002,20101129,SNOW,0,,,N,0640
US1TXAG0002,20101201,PRCP,0,,,N,0800
US1TXAG0002,20101202,PRCP,0,,,N,0650
US1TXAG0002,20101203,PRCP,0,,,N,0700
US1TXAG0002,20101204,PRCP,0,,,N,0620
US1TXAG0002,20101205,PRCP,0,,,N,0700
US1TXAG0002,20101206,PRCP,0,,,N,0730
US1TXAG0002,20101207,PRCP,0,,,N,0700
US1TXAG0002,20101208,PRCP,81,,,N,0700
US1TXAG0002,20101209,PRCP,3,,,N,0730
US1TXAG0002,20101210,PRCP,0,,,N,0700
US1TXAG0002,20101211,PRCP,0,,,N,0700
US1TXAG0002,20101212,PRCP,0,,,N,0700
US1TXAG0002,20101213,PRCP,0,,,N,0700
US1TXAG0002,20101214,PRCP,0,,,N,0700
US1TXAG0002,20101215,PRCP,0,,,N,0700
US1TXAG0002,20101216,PRCP,0,,,N,0700
US1TXAG0002,20101217,PRCP,0,,,N,0720
US1TXAG0002,20101218,PRCP,0,,,N,0700
US1TXAG0002,20101219,PRCP,0,,,N,0700
US1TXAG0002,20101220,PRCP,0,,,N,0700
US1TXAG0002,20101221,PRCP,0,,,N,0700
US1TXAG0002,20101222,PRCP,0,,,N,0820
US1TXAG0002,20101223,PRCP,0,,,N,0700
US1TXAG0002,20101224,PRCP,0,,,N,0650
US1TXAG0002,20101225,PRCP,84,,,N,0720
US1TXAG0002,20101226,PRCP,5,,,N,0700
US1TXAG0002,20101227,PRCP,0,,,N,0700
US1TXAG0002,20101228,PRCP,0,,,N,0700
US1TXAG0002,20101229,PRCP,0,,,N,0700
US1TXAG0002,20101230,PRCP,178,,,N,0700
US1TXAG0002,20101231,PRCP,5,,,N,0700
US1TXAG0002,20101201,SNOW,0,,,N,0800
US1TXAG0002,20101202,SNOW,0,,,N,0650
US1TXAG0002,20101203,SNOW,0,,,N,0700
US1TXAG0002,20101204,SNOW,0,,,N,0620
US1TXAG0002,20101205,SNOW,0,,,N,0700
US1TXAG0002,20101206,SNOW,0,,,N,0730
US1TXAG0002,20101207,SNOW,0,,,N,0700
US1TXAG0002,20101210,SNOW,0,,,N,0700
US1TXAG0002,20101211,SNOW,0,,,N,0700
US1TXAG0002,20101212,SNOW,0,,,N,0700
US1TXAG0002,20101213,SNOW,0,,,N,0700
US1TXAG0002,20101214,SNOW,0,,,N,0700
US1TXAG0002,20101215,SNOW,0,,,N,0700
US1TXAG0002,20101216,SNOW,0,,,N,0700
US1TXAG0002,20101217,SNOW,0,,,N,0720
US1TXAG0002,20101218,SNOW,0,,,N,0700
US1TXAG0002,20101219,SNOW,0,,,N,0700
US1TXAG0002,20101220,SNOW,0,,,N,0700
US1TXAG0002,20101221,SNOW,0,,,N,0700
US1TXAG0002,20101222,SNOW,0,,,N,0820
US1TXAG0002,20101223,SNOW,0,,,N,0700
US1TXAG0002,20101224,SNOW,0,,,N,0650
US1TXAG0002,20101227,SNOW,0,,,N,0700
US1TXAG0002,20101228,SNOW,0,,,N,0700
US1TXAG0002,20101229,SNOW,0,,,N,0700
US1TXAG0002,20110101,PRCP,15,,,N,0720
US1TXAG0002,20110102,PRCP,0,,,N,0700
US1TXAG0002,20110103,PRCP,0,,,N,0624
US1TXAG0002,20110104,PRCP,0,,,N,0710
US1TXAG0002,20110105,PRCP,104,,,N,0740
US1TXAG0002,20110106,PRCP,0,,,N,0750
US1TXAG0002,20110107,PRCP,0,,,N,0720
US1TXAG0002,20110108,PRCP,0,,,N,0840
US1TXAG0002,20110109,PRCP,58,,,N,0720
US1TXAG0002,20110110,PRCP,84,,,N,0700
US1TXAG0002,20110111,PRCP,5,,,N,0709
US1TXAG0002,20110112,PRCP,0,,,N,0650
US1TXAG0002,20110113,PRCP,0,,,N,0720
US1TXAG0002,20110114,PRCP,0,,,N,0730
US1TXAG0002,20110115,PRCP,5,,,N,0650
US1TXAG0002,20110116,PRCP,36,,,N,0650
US1TXAG0002,20110117,PRCP,351,,,N,0700
US1TXAG0002,20110118,PRCP,3,,,N,0520
US1TXAG0002,20110119,PRCP,0,,,N,0720
US1TXAG0002,20110120,PRCP,0,,,N,0640
US1TXAG0002,20110121,PRCP,23,,,N,0700
US1TXAG0002,20110122,PRCP,0,,,N,0630
US1TXAG0002,20110123,PRCP,0,,,N,0800
US1TXAG0002,20110124,PRCP,10,,,N,0700
US1TXAG0002,20110125,PRCP,0,,,N,0650
US1TXAG0002,20110126,PRCP,0,,,N,0700
US1TXAG0002,20110127,PRCP,0,,,N,0730
US1TXAG0002,20110128,PRCP,0,,,N,0700
US1TXAG0002,20110129,PRCP,0,,,N,0650
US1TXAG0002,20110130,PRCP,0,T,,N,0700
US1TXAG0002,20110131,PRCP,226,,,N,0638
US1TXAG0002,20110102,SNOW,0,,,N,0700
US1TXAG0002,20110103,SNOW,0,,,N,0624
US1TXAG0002,20110104,SNOW,0,,,N,0710
US1TXAG0002,20110106,SNOW,0,,,N,0750
US1TXAG0002,20110107,SNOW,0,,,N,0720
US1TXAG0002,20110108,SNOW,0,,,N,0840
US1TXAG0002,20110111,SNOW,0,,,N,0709
US1TXAG0002,20110112,SNOW,0,,,N,0650
US1TXAG0002,20110113,SNOW,0,,,N,0720
US1TXAG0002,20110114,SNOW,0,,,N,0730
US1TXAG0002,20110119,SNOW,0,,,N,0720
US1TXAG0002,20110120,SNOW,0,,,N,0640
US1TXAG0002,20110122,SNOW,0,,,N,0630
US1TXAG0002,20110123,SNOW,0,,,N,0800
US1TXAG0002,20110125,SNOW,0,,,N,0650
US1TXAG0002,20110126,SNOW,0,,,N,0700
US1TXAG0002,20110127,SNOW,0,,,N,0730
US1TXAG0002,20110128,SNOW,0,,,N,0700
US1TXAG0002,20110129,SNOW,0,,,N,0650
US1TXAG0002,20110201,PRCP,8,,,N,0700
US1TXAG0002,20110202,PRCP,91,,,N,0700
US1TXAG0002,20110203,PRCP,0,T,,N,0730
US1TXAG0002,20110204,PRCP,33,,,N,0700
US1TXAG0002,20110205,PRCP,3,,,N,0640
US1TXAG0002,20110206,PRCP,0,,,N,0720
US1TXAG0002,20110207,PRCP,0,,,N,1400
US1TXAG0002,20110208,PRCP,0,,,N,0700
US1TXAG0002,20110209,PRCP,0,,,N,0640
US1TXAG0002,20110210,PRCP,66,,,N,0700
US1TXAG0002,20110211,PRCP,0,,,N,0700
US1TXAG0002,20110212,PRCP,0,,,N,0715
US1TXAG0002,20110213,PRCP,0,,,N,0700
US1TXAG0002,20110214,PRCP,0,,,N,0654
US1TXAG0002,20110215,PRCP,0,,,N,0700
US1TXAG0002,20110216,PRCP,0,,,N,0710
US1TXAG0002,20110217,PRCP,0,,,N,0730
US1TXAG0002,20110218,PRCP,0,,,N,0716
US1TXAG0002,20110219,PRCP,0,,,N,0700
US1TXAG0002,20110220,PRCP,0,,,N,0700
US1TXAG0002,20110221,PRCP,0,,,N,0700
US1TXAG0002,20110222,PRCP,0,,,N,0640
US1TXAG0002,20110223,PRCP,0,,,N,0720
US1TXAG0002,20110224,PRCP,5,,,N,0700
US1TXAG0002,20110225,PRCP,15,,,N,0700
US1TXAG0002,20110226,PRCP,0,,,N,0700
US1TXAG0002,20110227,PRCP,3,,,N,0700
US1TXAG0002,20110228,PRCP,5,,,N,0700
US1TXAG0002,20110206,SNOW,0,,,N,0720
US1TXAG0002,20110207,SNOW,0,,,N,1400
US1TXAG0002,20110208,SNOW,0,,,N,0700
US1TXAG0002,20110209,SNOW,0,,,N,0640
US1TXAG0002,20110211,SNOW,0,,,N,0700
US1TXAG0002,20110212,SNOW,0,,,N,0715
US1TXAG0002,20110213,SNOW,0,,,N,0700
US1TXAG0002,20110214,SNOW,0,,,N,0654
US1TXAG0002,20110215,SNOW,0,,,N,0700
US1TXAG0002,20110216,SNOW,0,,,N,0710
US1TXAG0002,20110217,SNOW,0,,,N,0730
US1TXAG0002,20110218,SNOW,0,,,N,0716
US1TXAG0002,20110219,SNOW,0,,,N,0700
US1TXAG0002,20110220,SNOW,0,,,N,0700
US1TXAG0002,20110221,SNOW,0,,,N,0700
US1TXAG0002,20110222,SNOW,0,,,N,0640
US1TXAG0002,20110223,SNOW,0,,,N,0720
US1TXAG0002,20110226,SNOW,0,,,N,0700
US1TXAG0002,20110301,PRCP,0,,,N,0700
US1TXAG0002,20110302,PRCP,0,,,N,0700
US1TXAG0002,20110303,PRCP,0,,,N,0700
US1TXAG0002,20110304,PRCP,0,,,N,0700
US1TXAG0002,20110305,PRCP,5,,,N,0700
US1TXAG0002,20110306,PRCP,5,,,N,0700
US1TXAG0002,20110307,PRCP,0,,,N,0645
US1TXAG0002,20110308,PRCP,5,,,N,0700
US1TXAG0002,20110309,PRCP,86,,,N,0700
US1TXAG0002,20110310,PRCP,0,,,N,0700
US1TXAG0002,20110311,PRCP,0,,,N,0700
US1TXAG0002,20110312,PRCP,0,,,N,0700
US1TXAG0002,20110313,PRCP,0,,,N,0830
US1TXAG0002,20110314,PRCP,0,,,N,0700
US1TXAG0002,20110315,PRCP,0,,,N,0700
US1TXAG0002,20110316,PRCP,0,,,N,0700
US1TXAG0002,20110317,PRCP,0,,,N,0700
US1TXAG0002,20110318,PRCP,0,,,N,1100
US1TXAG0002,20110319,PRCP,0,,,N,0730
US1TXAG0002,20110320,PRCP,0,,,N,0655
US1TXAG0002,20110321,PRCP,0,,,N,0900
US1TXAG0002,20110322,PRCP,0,,,N,0730
US1TXAG0002,20110323,PRCP,0,,,N,0700
US1TXAG0002,20110324,PRCP,0,,,N,0730
US1TXAG0002,20110325,PRCP,0,,,N,0700
US1TXAG0002,20110326,PRCP,0,,,N,0800
US1TXAG0002,20110327,PRCP,0,,,N,0730
US1TXAG0002,20110328,PRCP,0,,,N,0745
US1TXAG0002,20110329,PRCP,0,,,N,0700
US1TXAG0002,20110330,PRCP,0,,,N,0710
US1TXAG0002,20110331,PRCP,0,,,N,0700
US1TXAG0002,20110301,SNOW,0,,,N,0700
US1TXAG0002,20110302,SNOW,0,,,N,0700
US1TXAG0002,20110303,SNOW,0,,,N,0700
US1TXAG0002,20110304,SNOW,0,,,N,0700
US1TXAG0002,20110307,SNOW,0,,,N,0645
US1TXAG0002,20110310,SNOW,0,,,N,0700
US1TXAG0002,20110311,SNOW,0,,,N,0700
US1TXAG0002,20110312,SNOW,0,,,N,0700
US1TXAG0002,20110313,SNOW,0,,,N,0830
US1TXAG0002,20110314,SNOW,0,,,N,0700
US1TXAG0002,20110315,SNOW,0,,,N,0700
US1TXAG0002,20110316,SNOW,0,,,N,0700
US1TXAG0002,20110317,SNOW,0,,,N,0700
US1TXAG0002,20110318,SNOW,0,,,N,1100
US1TXAG0002,20110319,SNOW,0,,,N,0730
US1TXAG0002,20110320,SNOW,0,,,N,0655
US1TXAG0002,20110321,SNOW,0,,,N,0900
US1TXAG0002,20110322,SNOW,0,,,N,0730
US1TXAG0002,20110323,SNOW,0,,,N,0700
US1TXAG0002,20110324,SNOW,0,,,N,0730
US1TXAG0002,20110325,SNOW,0,,,N,0700
US1TXAG0002,20110326,SNOW,0,,,N,0800
US1TXAG0002,20110327,SNOW,0,,,N,0730
US1TXAG0002,20110328,SNOW,0,,,N,0745
US1TXAG0002,20110329,SNOW,0,,,N,0700
US1TXAG0002,20110330,SNOW,0,,,N,0710
US1TXAG0002,20110331,SNOW,0,,,N,0700
US1TXAG0002,20110401,PRCP,0,,,N,0600
US1TXAG0002,20110402,PRCP,0,,,N,0700
US1TXAG0002,20110403,PRCP,0,,,N,0700
US1TXAG0002,20110404,PRCP,0,,,N,0700
US1TXAG0002,20110405,PRCP,5,,,N,0700
US1TXAG0002,20110406,PRCP,0,,,N,0700
US1TXAG0002,20110407,PRCP,0,,,N,0700
US1TXAG0002,20110408,PRCP,0,,,N,0700
US1TXAG0002,20110409,PRCP,0,,,N,0700
US1TXAG0002,20110410,PRCP,0,,,N,0700
US1TXAG0002,20110411,PRCP,0,,,N,0700
US1TXAG0002,20110412,PRCP,30,,,N,0700
US1TXAG0002,20110413,PRCP,0,,,N,0700
US1TXAG0002,20110414,PRCP,0,,,N,0700
US1TXAG0002,20110415,PRCP,0,,,N,0700
US1TXAG0002,20110416,PRCP,0,,,N,0800
US1TXAG0002,20110417,PRCP,0,,,N,0700
US1TXAG0002,20110418,PRCP,0,,,N,0700
US1TXAG0002,20110419,PRCP,0,,,N,0700
US1TXAG0002,20110420,PRCP,0,,,N,0700
US1TXAG0002,20110421,PRCP,0,,,N,0700
US1TXAG0002,20110422,PRCP,0,,,N,0700
US1TXAG0002,20110423,PRCP,0,,,N,0700
US1TXAG0002,20110424,PRCP,0,,,N,0800
US1TXAG0002,20110425,PRCP,0,,,N,0700
US1TXAG0002,20110426,PRCP,338,,,N,0700
US1TXAG0002,20110427,PRCP,147,,,N,0700
US1TXAG0002,20110428,PRCP,0,,,N,0730
US1TXAG0002,20110429,PRCP,0,,,N,0700
US1TXAG0002,20110430,PRCP,0,T,,N,0700
US1TXAG0002,20110401,SNOW,0,,,N,0600
US1TXAG0002,20110402,SNOW,0,,,N,0700
US1TXAG0002,20110403,SNOW,0,,,N,0700
US1TXAG0002,20110404,SNOW,0,,,N,0700
US1TXAG0002,20110406,SNOW,0,,,N,0700
US1TXAG0002,20110407,SNOW,0,,,N,0700
US1TXAG0002,20110408,SNOW,0,,,N,0700
US1TXAG0002,20110409,SNOW,0,,,N,0700
US1TXAG0002,20110410,SNOW,0,,,N,0700
US1TXAG0002,20110411,SNOW,0,,,N,0700
US1TXAG0002,20110413,SNOW,0,,,N,0700
US1TXAG0002,20110414,SNOW,0,,,N,0700
US1TXAG0002,20110415,SNOW,0,,,N,0700
US1TXAG0002,20110416,SNOW,0,,,N,0800
US1TXAG0002,20110417,SNOW,0,,,N,0700
US1TXAG0002,20110418,SNOW,0,,,N,0700
US1TXAG0002,20110419,SNOW,0,,,N,0700
US1TXAG0002,20110420,SNOW,0,,,N,0700
US1TXAG0002,20110421,SNOW,0,,,N,0700
US1TXAG0002,20110422,SNOW,0,,,N,0700
US1TXAG0002,20110423,SNOW,0,,,N,0700
US1TXAG0002,20110424,SNOW,0,,,N,0800
US1TXAG0002,20110425,SNOW,0,,,N,0700
US1TXAG0002,20110428,SNOW,0,,,N,0730
US1TXAG0002,20110429,SNOW,0,,,N,0700
US1TXAG0002,20110501,PRCP,0,,,N,0730
US1TXAG0002,20110502,PRCP,5,,,N,0700
US1TXAG0002,20110503,PRCP,5,,,N,0700
US1TXAG0002,20110504,PRCP,0,,,N,0730
US1TXAG0002,20110505,PRCP,0,,,N,0740
US1TXAG0002,20110506,PRCP,0,,,N,0740
US1TXAG0002,20110507,PRCP,0,,,N,0700
US1TXAG0002,20110508,PRCP,0,,,N,0700
US1TXAG0002,20110509,PRCP,0,,,N,0800
US1TXAG0002,20110510,PRCP,0,,,N,0700
US1TXAG0002,20110511,PRCP,0,,,N,0700
US1TXAG0002,20110512,PRCP,419,,,N,0640
US1TXAG0002,20110513,PRCP,38,,,N,0700
US1TXAG0002,20110514,PRCP,0,,,N,0700
US1TXAG0002,20110515,PRCP,0,,,N,0700
US1TXAG0002,20110516,PRCP,0,,,N,0700
US1TXAG0002,20110517,PRCP,0,,,N,0700
US1TXAG0002,20110518,PRCP,0,,,N,0700
US1TXAG0002,20110519,PRCP,0,,,N,0700
US1TXAG0002,20110520,PRCP,5,,,N,0700
US1TXAG0002,20110521,PRCP,254,,,N,0649
US1TXAG0002,20110522,PRCP,170,,,N,0700
US1TXAG0002,20110523,PRCP,0,,,N,0631
US1TXAG0002,20110524,PRCP,0,,,N,0730
US1TXAG0002,20110525,PRCP,0,,,N,0630
US1TXAG0002,20110526,PRCP,23,,,N,0600
US1TXAG0002,20110527,PRCP,0,,,N,0900
US1TXAG0002,20110528,PRCP,0,,,N,0700
US1TXAG0002,20110529,PRCP,0,,,N,0700
US1TXAG0002,20110530,PRCP,0,,,N,0700
US1TXAG0002,20110531,PRCP,0,,,N,0700
US1TXAG0002,20110501,SNOW,0,,,N,0730
US1TXAG0002,20110502,SNOW,0,,,N,0700
US1TXAG0002,20110503,SNOW,0,,,N,0700
US1TXAG0002,20110504,SNOW,0,,,N,0730
US1TXAG0002,20110505,SNOW,0,,,N,0740
US1TXAG0002,20110506,SNOW,0,,,N,0740
US1TXAG0002,20110507,SNOW,0,,,N,0700
US1TXAG0002,20110508,SNOW,0,,,N,0700
US1TXAG0002,20110509,SNOW,0,,,N,0800
US1TXAG0002,20110510,SNOW,0,,,N,0700
US1TXAG0002,20110511,SNOW,0,,,N,0700
US1TXAG0002,20110514,SNOW,0,,,N,0700
US1TXAG0002,20110515,SNOW,0,,,N,0700
US1TXAG0002,20110516,SNOW,0,,,N,0700
US1TXAG0002,20110517,SNOW,0,,,N,0700
US1TXAG0002,20110518,SNOW,0,,,N,0700
US1TXAG0002,20110519,SNOW,0,,,N,0700
US1TXAG0002,20110523,SNOW,0,,,N,0631
US1TXAG0002,20110524,SNOW,0,,,N,0730
US1TXAG0002,20110525,SNOW,0,,,N,0630
US1TXAG0002,20110527,SNOW,0,,,N,0900
US1TXAG0002,20110528,SNOW,0,,,N,0700
US1TXAG0002,20110529,SNOW,0,,,N,0700
US1TXAG0002,20110530,SNOW,0,,,N,0700
US1TXAG0002,20110531,SNOW,0,,,N,0700
US1TXAG0002,20110601,PRCP,0,,,N,0630
US1TXAG0002,20110602,PRCP,0,,,N,0700
US1TXAG0002,20110603,PRCP,0,,,N,0630
US1TXAG0002,20110604,PRCP,0,,,N,0700
US1TXAG0002,20110605,PRCP,0,,,N,0740
US1TXAG0002,20110606,PRCP,0,,,N,0650
US1TXAG0002,20110607,PRCP,0,,,N,0730
US1TXAG0002,20110608,PRCP,0,,,N,0700
US1TXAG0002,20110609,PRCP,0,,,N,0700
US1TXAG0002,20110610,PRCP,0,,,N,0800
US1TXAG0002,20110611,PRCP,0,,,N,0700
US1TXAG0002,20110612,PRCP,0,,,N,0700
US1TXAG0002,20110613,PRCP,0,,,N,0730
US1TXAG0002,20110614,PRCP,0,,,N,0700
US1TXAG0002,20110615,PRCP,0,,,N,0700
US1TXAG0002,20110616,PRCP,0,,,N,0615
US1TXAG0002,20110617,PRCP,0,,,N,0623
US1TXAG0002,20110618,PRCP,0,,,N,0700
US1TXAG0002,20110619,PRCP,0,,,N,0700
US1TXAG0002,20110620,PRCP,0,,,N,0700
US1TXAG0002,20110621,PRCP,0,,,N,0700
US1TXAG0002,20110622,PRCP,434,,,N,0700
US1TXAG0002,20110623,PRCP,43,,,N,0700
US1TXAG0002,20110624,PRCP,0,,,N,0700
US1TXAG0002,20110625,PRCP,0,,,N,0700
US1TXAG0002,20110626,PRCP,0,,,N,0700
US1TXAG0002,20110627,PRCP,0,,,N,0600
US1TXAG0002,20110628,PRCP,0,,,N,0645
US1TXAG0002,20110629,PRCP,0,,,N,0700
US1TXAG0002,20110630,PRCP,0,,,N,1100
US1TXAG0002,20110601,SNOW,0,,,N,0630
US1TXAG0002,20110602,SNOW,0,,,N,0700
US1TXAG0002,20110603,SNOW,0,,,N,0630
US1TXAG0002,20110604,SNOW,0,,,N,0700
US1TXAG0002,20110605,SNOW,0,,,N,0740
US1TXAG0002,20110606,SNOW,0,,,N,0650
US1TXAG0002,20110607,SNOW,0,,,N,0730
US1TXAG0002,20110608,SNOW,0,,,N,0700
US1TXAG0002,20110609,SNOW,0,,,N,0700
US1TXAG0002,20110610,SNOW,0,,,N,0800
US1TXAG0002,20110611,SNOW,0,,,N,0700
US1TXAG0002,20110612,SNOW,0,,,N,0700
US1TXAG0002,20110613,SNOW,0,,,N,0730
US1TXAG0002,20110614,SNOW,0,,,N,0700
US1TXAG0002,20110615,SNOW,0,,,N,0700
US1TXAG0002,20110616,SNOW,0,,,N,0615
US1TXAG0002,20110617,SNOW,0,,,N,0623
US1TXAG0002,20110618,SNOW,0,,,N,0700
US1TXAG0002,20110619,SNOW,0,,,N,0700
US1TXAG0002,20110620,SNOW,0,,,N,0700
US1TXAG0002,20110621,SNOW,0,,,N,0700
US1TXAG0002,20110624,SNOW,0,,,N,0700
US1TXAG0002,20110625,SNOW,0,,,N,0700
US1TXAG0002,20110626,SNOW,0,,,N,0700
US1TXAG0002,20110627,SNOW,0,,,N,0600
US1TXAG0002,20110628,SNOW,0,,,N,0645
US1TXAG0002,20110629,SNOW,0,,,N,0700
US1TXAG0002,20110630,SNOW,0,,,N,1100
US1TXAG0002,20110701,PRCP,0,,,N,0700
US1TXAG0002,20110702,PRCP,0,,,N,0700
US1TXAG0002,20110703,PRCP,0,,,N,0800
US1TXAG0002,20110704,PRCP,0,,,N,1100
US1TXAG0002,20110705,PRCP,0,,,N,0700
US1TXAG0002,20110706,PRCP,0,,,N,0700
US1TXAG0002,20110707,PRCP,0,,,N,0700
US1TXAG0002,20110708,PRCP,0,,,N,0700
US1TXAG0002,20110709,PRCP,0,,,N,0700
US1TXAG0002,20110710,PRCP,0,,,N,0700
US1TXAG0002,20110711,PRCP,0,,,N,0700
US1TXAG0002,20110712,PRCP,0,,,N,0700
US1TXAG0002,20110713,PRCP,0,,,N,0700
US1TXAG0002,20110714,PRCP,0,,,N,0700
US1TXAG0002,20110715,PRCP,69,,,N,0600
US1TXAG0002,20110716,PRCP,0,,,N,0700
US1TXAG0002,20110717,PRCP,53,,,N,0700
US1TXAG0002,20110718,PRCP,10,,,N,0700
US1TXAG0002,20110719,PRCP,51,,,N,0655
US1TXAG0002,20110720,PRCP,0,,,N,0640
US1TXAG0002,20110721,PRCP,0,,,N,0720
US1TXAG0002,20110722,PRCP,0,,,N,0647
US1TXAG0002,20110723,PRCP,0,,,N,0830
US1TXAG0002,20110724,PRCP,0,,,N,0600
US1TXAG0002,20110725,PRCP,0,,,N,0700
US1TXAG0002,20110726,PRCP,0,,,N,0700
US1TXAG0002,20110727,PRCP,0,,,N,0500
US1TXAG0002,20110728,PRCP,0,,,N,0800
US1TXAG0002,20110729,PRCP,5,,,N,0700
US1TXAG0002,20110730,PRCP,0,,,N,0700
US1TXAG0002,20110731,PRCP,0,,,N,0800
US1TXAG0002,20110701,SNOW,0,,,N,0700
US1TXAG0002,20110702,SNOW,0,,,N,0700
US1TXAG0002,20110703,SNOW,0,,,N,0800
US1TXAG0002,20110704,SNOW,0,,,N,1100
US1TXAG0002,20110705,SNOW,0,,,N,0700
US1TXAG0002,20110706,SNOW,0,,,N,0700
US1TXAG0002,20110707,SNOW,0,,,N,0700
US1TXAG0002,20110708,SNOW,0,,,N,0700
US1TXAG0002,20110709,SNOW,0,,,N,0700
US1TXAG0002,20110710,SNOW,0,,,N,0700
US1TXAG0002,20110711,SNOW,0,,,N,0700
US1TXAG0002,20110712,SNOW,0,,,N,0700
US1TXAG0002,20110713,SNOW,0,,,N,0700
US1TXAG0002,20110714,SNOW,0,,,N,0700
US1TXAG0002,20110716,SNOW,0,,,N,0700
US1TXAG0002,20110720,SNOW,0,,,N,0640
US1TXAG0002,20110721,SNOW,0,,,N,0720
US1TXAG0002,20110722,SNOW,0,,,N,0647
US1TXAG0002,20110723,SNOW,0,,,N,0830
US1TXAG0002,20110724,SNOW,0,,,N,0600
US1TXAG0002,20110725,SNOW,0,,,N,0700
US1TXAG0002,20110726,SNOW,0,,,N,0700
US1TXAG0002,20110727,SNOW,0,,,N,0500
US1TXAG0002,20110728,SNOW,0,,,N,0800
US1TXAG0002,20110730,SNOW,0,,,N,0700
US1TXAG0002,20110731,SNOW,0,,,N,0800
US1TXAG0002,20110801,PRCP,0,,,N,0700
US1TXAG0002,20110802,PRCP,0,,,N,0750
US1TXAG0002,20110803,PRCP,0,,,N,0700
US1TXAG0002,20110804,PRCP,0,,,N,0700
US1TXAG0002,20110805,PRCP,0,,,N,1439
US1TXAG0002,20110806,PRCP,0,,,N,0700
US1TXAG0002,20110807,PRCP,0,,,N,0800
US1TXAG0002,20110808,PRCP,0,,,N,0700
US1TXAG0002,20110809,PRCP,0,,,N,0700
US1TXAG0002,20110810,PRCP,0,,,N,0600
US1TXAG0002,20110811,PRCP,0,,,N,0700
US1TXAG0002,20110812,PRCP,0,,,N,0700
US1TXAG0002,20110813,PRCP,0,,,N,0600
US1TXAG0002,20110814,PRCP,0,,,N,0700
US1TXAG0002,20110815,PRCP,5,,,N,0700
US1TXAG0002,20110816,PRCP,0,,,N,0700
US1TXAG0002,20110817,PRCP,0,,,N,0700
US1TXAG0002,20110818,PRCP,0,,,N,1300
US1TXAG0002,20110819,PRCP,0,,,N,0600
US1TXAG0002,20110820,PRCP,0,,,N,0700
US1TXAG0002,20110821,PRCP,0,,,N,0700
US1TXAG0002,20110822,PRCP,0,,,N,0700
US1TXAG0002,20110823,PRCP,0,,,N,0700
US1TXAG0002,20110824,PRCP,0,,,N,0648
US1TXAG0002,20110825,PRCP,46,,,N,0700
US1TXAG0002,20110826,PRCP,0,,,N,0630
US1TXAG0002,20110827,PRCP,0,,,N,0700
US1TXAG0002,20110828,PRCP,0,,,N,0700
US1TXAG0002,20110829,PRCP,0,,,N,0700
US1TXAG0002,20110830,PRCP,0,,,N,0700
US1TXAG0002,20110831,PRCP,0,,,N,0630
US1TXAG0002,20110801,SNOW,0,,,N,0700
US1TXAG0002,20110802,SNOW,0,,,N,0750
US1TXAG0002,20110803,SNOW,0,,,N,0700
US1TXAG0002,20110804,SNOW,0,,,N,0700
US1TXAG0002,20110805,SNOW,0,,,N,1439
US1TXAG0002,20110806,SNOW,0,,,N,0700
US1TXAG0002,20110807,SNOW,0,,,N,0800
US1TXAG0002,20110808,SNOW,0,,,N,0700
US1TXAG0002,20110809,SNOW,0,,,N,0700
US1TXAG0002,20110810,SNOW,0,,,N,0600
US1TXAG0002,20110811,SNOW,0,,,N,0700
US1TXAG0002,20110812,SNOW,0,,,N,0700
US1TXAG0002,20110813,SNOW,0,,,N,0600
US1TXAG0002,20110814,SNOW,0,,,N,0700
US1TXAG0002,20110816,SNOW,0,,,N,0700
US1TXAG0002,20110817,SNOW,0,,,N,0700
US1TXAG0002,20110818,SNOW,0,,,N,1300
US1TXAG0002,20110819,SNOW,0,,,N,0600
US1TXAG0002,20110820,SNOW,0,,,N,0700
US1TXAG0002,20110821,SNOW,0,,,N,0700
US1TXAG0002,20110822,SNOW,0,,,N,0700
US1TXAG0002,20110823,SNOW,0,,,N,0700
US1TXAG0002,20110824,SNOW,0,,,N,0648
US1TXAG0002,20110826,SNOW,0,,,N,0630
US1TXAG0002,20110827,SNOW,0,,,N,0700
US1TXAG0002,20110828,SNOW,0,,,N,0700
US1TXAG0002,20110829,SNOW,0,,,N,0700
US1TXAG0002,20110830,SNOW,0,,,N,0700
US1TXAG0002,20110831,SNOW,0,,,N,0630
US1TXAG0002,20110901,PRCP,0,,,N,0700
US1TXAG0002,20110902,PRCP,0,,,N,0700
US1TXAG0002,20110903,PRCP,358,,,N,0700
US1TXAG0002,20110904,PRCP,0,,,N,0700
US1TXAG0002,20110905,PRCP,358,,,N,0800
US1TXAG0002,20110906,PRCP,0,,,N,0700
US1TXAG0002,20110907,PRCP,0,,,N,0700
US1TXAG0002,20110908,PRCP,0,,,N,0630
US1TXAG0002,20110909,PRCP,0,,,N,0700
US1TXAG0002,20110910,PRCP,0,,,N,0700
US1TXAG0002,20110911,PRCP,0,,,N,0550
US1TXAG0002,20110912,PRCP,0,,,N,0700
US1TXAG0002,20110913,PRCP,0,,,N,0700
US1TXAG0002,20110914,PRCP,0,,,N,0630
US1TXAG0002,20110915,PRCP,0,,,N,0645
US1TXAG0002,20110916,PRCP,0,,,N,0700
US1TXAG0002,20110917,PRCP,0,,,N,0600
US1TXAG0002,20110918,PRCP,41,,,N,0735
US1TXAG0002,20110919,PRCP,297,,,N,0700
US1TXAG0002,20110920,PRCP,0,,,N,0700
US1TXAG0002,20110921,PRCP,0,,,N,0700
US1TXAG0002,20110922,PRCP,0,,,N,0614
US1TXAG0002,20110923,PRCP,0,,,N,0700
US1TXAG0002,20110924,PRCP,0,,,N,0700
US1TXAG0002,20110925,PRCP,0,,,N,0700
US1TXAG0002,20110926,PRCP,0,,,N,0700
US1TXAG0002,20110927,PRCP,0,,,N,0700
US1TXAG0002,20110928,PRCP,0,,,N,0700
US1TXAG0002,20110929,PRCP,0,,,N,0700
US1TXAG0002,20110930,PRCP,0,,,N,0900
US1TXAG0002,20110901,SNOW,0,,,N,0700
US1TXAG0002,20110902,SNOW,0,,,N,0700
US1TXAG0002,20110904,SNOW,0,,,N,0700
US1TXAG0002,20110905,SNOW,0,,,N,0800
US1TXAG0002,20110906,SNOW,0,,,N,0700
US1TXAG0002,20110907,SNOW,0,,,N,0700
US1TXAG0002,20110908,SNOW,0,,,N,0630
US1TXAG0002,20110909,SNOW,0,,,N,0700
US1TXAG0002,20110910,SNOW,0,,,N,0700
US1TXAG0002,20110911,SNOW,0,,,N,0550
US1TXAG0002,20110912,SNOW,0,,,N,0700
US1TXAG0002,20110913,SNOW,0,,,N,0700
US1TXAG0002,20110914,SNOW,0,,,N,0630
US1TXAG0002,20110915,SNOW,0,,,N,0645
US1TXAG0002,20110916,SNOW,0,,,N,0700
US1TXAG0002,20110917,SNOW,0,,,N,0600
US1TXAG0002,20110920,SNOW,0,,,N,0700
US1TXAG0002,20110921,SNOW,0,,,N,0700
US1TXAG0002,20110922,SNOW,0,,,N,0614
US1TXAG0002,20110923,SNOW,0,,,N,0700
US1TXAG0002,20110924,SNOW,0,,,N,0700
US1TXAG0002,20110925,SNOW,0,,,N,0700
US1TXAG0002,20110926,SNOW,0,,,N,0700
US1TXAG0002,20110927,SNOW,0,,,N,0700
US1TXAG0002,20110928,SNOW,0,,,N,0700
US1TXAG0002,20110929,SNOW,0,,,N,0700
US1TXAG0002,20110930,SNOW,0,,,N,0900
US1TXAG0002,20111001,PRCP,0,,,N,0700
US1TXAG0002,20111002,PRCP,0,,,N,0700
US1TXAG0002,20111003,PRCP,0,,,N,0700
US1TXAG0002,20111004,PRCP,0,,,N,0700
US1TXAG0002,20111005,PRCP,0,,,N,0700
US1TXAG0002,20111006,PRCP,0,,,N,0649
US1TXAG0002,20111007,PRCP,0,,,N,0700
US1TXAG0002,20111008,PRCP,0,,,N,0550
US1TXAG0002,20111009,PRCP,0,,,N,0700
US1TXAG0002,20111010,PRCP,25,,,N,0700
US1TXAG0002,20111011,PRCP,0,,,N,0700
US1TXAG0002,20111012,PRCP,0,,,N,0630
US1TXAG0002,20111013,PRCP,18,,,N,0700
US1TXAG0002,20111014,PRCP,0,,,N,0600
US1TXAG0002,20111015,PRCP,0,,,N,0800
US1TXAG0002,20111016,PRCP,0,,,N,0700
US1TXAG0002,20111017,PRCP,0,,,N,0635
US1TXAG0002,20111018,PRCP,13,,,N,0700
US1TXAG0002,20111019,PRCP,0,,,N,0700
US1TXAG0002,20111020,PRCP,0,,,N,0700
US1TXAG0002,20111021,PRCP,0,,,N,0700
US1TXAG0002,20111022,PRCP,0,,,N,0700
US1TXAG0002,20111023,PRCP,127,,,N,0700
US1TXAG0002,20111024,PRCP,23,,,N,0700
US1TXAG0002,20111025,PRCP,0,,,N,0700
US1TXAG0002,20111026,PRCP,0,,,N,0700
US1TXAG0002,20111027,PRCP,0,,,N,0700
US1TXAG0002,20111028,PRCP,284,,,N,0700
US1TXAG0002,20111029,PRCP,0,,,N,0700
US1TXAG0002,20111030,PRCP,0,,,N,0645
US1TXAG0002,20111031,PRCP,0,,,N,0700
US1TXAG0002,20111001,SNOW,0,,,N,0700
US1TXAG0002,20111002,SNOW,0,,,N,0700
US1TXAG0002,20111003,SNOW,0,,,N,0700
US1TXAG0002,20111004,SNOW,0,,,N,0700
US1TXAG0002,20111005,SNOW,0,,,N,0700
US1TXAG0002,20111006,SNOW,0,,,N,0649
US1TXAG0002,20111007,SNOW,0,,,N,0700
US1TXAG0002,20111008,SNOW,0,,,N,0550
US1TXAG0002,20111009,SNOW,0,,,N,0700
US1TXAG0002,20111011,SNOW,0,,,N,0700
US1TXAG0002,20111012,SNOW,0,,,N,0630
US1TXAG0002,20111014,SNOW,0,,,N,0600
US1TXAG0002,20111015,SNOW,0,,,N,0800
US1TXAG0002,20111016,SNOW,0,,,N,0700
US1TXAG0002,20111017,SNOW,0,,,N,0635
US1TXAG0002,20111019,SNOW,0,,,N,0700
US1TXAG0002,20111020,SNOW,0,,,N,0700
US1TXAG0002,20111021,SNOW,0,,,N,0700
US1TXAG0002,20111022,SNOW,0,,,N,0700
US1TXAG0002,20111025,SNOW,0,,,N,0700
US1TXAG0002,20111026,SNOW,0,,,N,0700
US1TXAG0002,20111027,SNOW,0,,,N,0700
US1TXAG0002,20111029,SNOW,0,,,N,0700
US1TXAG0002,20111030,SNOW,0,,,N,0645
US1TXAG0002,20111031,SNOW,0,,,N,0700
US1TXAG0002,20111101,PRCP,0,,,N,0700
US1TXAG0002,20111102,PRCP,0,,,N,0700
US1TXAG0002,20111103,PRCP,23,,,N,0700
US1TXAG0002,20111104,PRCP,0,,,N,0600
US1TXAG0002,20111105,PRCP,0,,,N,0700
US1TXAG0002,20111106,PRCP,0,,,N,0700
US1TXAG0002,20111107,PRCP,0,,,N,0700
US1TXAG0002,20111108,PRCP,0,,,N,0630
US1TXAG0002,20111109,PRCP,333,,,N,0700
US1TXAG0002,20111110,PRCP,0,,,N,0700
US1TXAG0002,20111111,PRCP,0,,,N,0700
US1TXAG0002,20111112,PRCP,0,,,N,0700
US1TXAG0002,20111113,PRCP,0,,,N,0640
US1TXAG0002,20111114,PRCP,0,,,N,0540
US1TXAG0002,20111115,PRCP,0,,,N,0700
US1TXAG0002,20111116,PRCP,318,,,N,0700
US1TXAG0002,20111117,PRCP,5,,,N,0700
US1TXAG0002,20111118,PRCP,0,,,N,0700
US1TXAG0002,20111119,PRCP,0,,,N,0633
US1TXAG0002,20111120,PRCP,3,,,N,0700
US1TXAG0002,20111121,PRCP,0,T,,N,0624
US1TXAG0002,20111122,PRCP,173,,,N,0700
US1TXAG0002,20111123,PRCP,142,,,N,0700
US1TXAG0002,20111124,PRCP,0,,,N,0700
US1TXAG0002,20111125,PRCP,0,,,N,0700
US1TXAG0002,20111126,PRCP,13,,,N,0700
US1TXAG0002,20111127,PRCP,284,,,N,0700
US1TXAG0002,20111128,PRCP,0,,,N,0700
US1TXAG0002,20111129,PRCP,0,,,N,0700
US1TXAG0002,20111130,PRCP,0,,,N,0700
US1TXAG0002,20111101,SNOW,0,,,N,0700
US1TXAG0002,20111102,SNOW,0,,,N,0700
US1TXAG0002,20111104,SNOW,0,,,N,0600
US1TXAG0002,20111105,SNOW,0,,,N,0700
US1TXAG0002,20111106,SNOW,0,,,N,0700
US1TXAG0002,20111107,SNOW,0,,,N,0700
US1TXAG0002,20111108,SNOW,0,,,N,0630
US1TXAG0002,20111110,SNOW,0,,,N,0700
US1TXAG0002,20111111,SNOW,0,,,N,0700
US1TXAG0002,20111112,SNOW,0,,,N,0700
US1TXAG0002,20111113,SNOW,0,,,N,0640
US1TXAG0002,20111114,SNOW,0,,,N,0540
US1TXAG0002,20111115,SNOW,0,,,N,0700
US1TXAG0002,20111118,SNOW,0,,,N,0700
US1TXAG0002,20111119,SNOW,0,,,N,0633
US1TXAG0002,20111124,SNOW,0,,,N,0700
US1TXAG0002,20111125,SNOW,0,,,N,0700
US1TXAG0002,20111128,SNOW,0,,,N,0700
US1TXAG0002,20111129,SNOW,0,,,N,0700
US1TXAG0002,20111130,SNOW,0,,,N,0700
US1TXAG0002,20111201,PRCP,0,,,N,0700
US1TXAG0002,20111202,PRCP,0,,,N,0700
US1TXAG0002,20111203,PRCP,0,,,N,0700
US1TXAG0002,20111204,PRCP,0,,,N,0700
US1TXAG0002,20111205,PRCP,597,,,N,0700
US1TXAG0002,20111206,PRCP,25,,,N,0700
US1TXAG0002,20111207,PRCP,0,T,,N,0700
US1TXAG0002,20111208,PRCP,0,,,N,0700
US1TXAG0002,20111209,PRCP,0,,,N,0700
US1TXAG0002,20111210,PRCP,0,,,N,0700
US1TXAG0002,20111211,PRCP,0,,,N,0800
US1TXAG0002,20111212,PRCP,0,,,N,0700
US1TXAG0002,20111213,PRCP,0,,,N,0700
US1TXAG0002,20111214,PRCP,0,,,N,0700
US1TXAG0002,20111215,PRCP,0,,,N,0700
US1TXAG0002,20111216,PRCP,41,,,N,0700
US1TXAG0002,20111217,PRCP,0,,,N,0700
US1TXAG0002,20111218,PRCP,0,,,N,0700
US1TXAG0002,20111219,PRCP,0,,,N,0700
US1TXAG0002,20111220,PRCP,417,,,N,0700
US1TXAG0002,20111221,PRCP,3,,,N,0700
US1TXAG0002,20111222,PRCP,511,,,N,0700
US1TXAG0002,20111223,PRCP,0,,,N,0700
US1TXAG0002,20111224,PRCP,0,,,N,0700
US1TXAG0002,20111225,PRCP,348,,,N,0700
US1TXAG0002,20111226,PRCP,43,,,N,0700
US1TXAG0002,20111227,PRCP,18,,,N,0700
US1TXAG0002,20111228,PRCP,0,,,N,0700
US1TXAG0002,20111229,PRCP,0,,,N,0733
US1TXAG0002,20111230,PRCP,0,,,N,0700
US1TXAG0002,20111231,PRCP,0,,,N,0700
US1TXAG0002,20111201,SNOW,0,,,N,0700
US1TXAG0002,20111202,SNOW,0,,,N,0700
US1TXAG0002,20111203,SNOW,0,,,N,0700
US1TXAG0002,20111204,SNOW,0,,,N,0700
US1TXAG0002,20111208,SNOW,0,,,N,0700
US1TXAG0002,20111209,SNOW,0,,,N,0700
US1TXAG0002,20111210,SNOW,0,,,N,0700
US1TXAG0002,20111211,SNOW,0,,,N,0800
US1TXAG0002,20111212,SNOW,0,,,N,0700
US1TXAG0002,20111213,SNOW,0,,,N,0700
US1TXAG0002,20111214,SNOW,0,,,N,0700
US1TXAG0002,20111215,SNOW,0,,,N,0700
US1TXAG0002,20111217,SNOW,0,,,N,0700
US1TXAG0002,20111218,SNOW,0,,,N,0700
US1TXAG0002,20111219,SNOW,0,,,N,0700
US1TXAG0002,20111221,SNOW,0,,,N,0700
US1TXAG0002,20111223,SNOW,0,,,N,0700
US1TXAG0002,20111224,SNOW,0,,,N,0700
US1TXAG0002,20111228,SNOW,0,,,N,0700
US1TXAG0002,20111229,SNOW,0,,,N,0733
US1TXAG0002,20111230,SNOW,0,,,N,0700
US1TXAG0002,20111231,SNOW,0,,,N,0700
US1TXAG0002,20120101,PRCP,0,,,N,0700
US1TXAG0002,20120102,PRCP,0,,,N,0700
US1TXAG0002,20120103,PRCP,0,,,N,0700
US1TXAG0002,20120104,PRCP,0,,,N,0700
US1TXAG0002,20120105,PRCP,0,,,N,0700
US1TXAG0002,20120106,PRCP,0,,,N,0730
US1TXAG0002,20120107,PRCP,0,,,N,0700
US1TXAG0002,20120108,PRCP,0,,,N,0800
US1TXAG0002,20120109,PRCP,112,,,N,0700
US1TXAG0002,20120110,PRCP,963,,,N,0700
US1TXAG0002,20120111,PRCP,5,,,N,0700
US1TXAG0002,20120112,PRCP,0,,,N,0700
US1TXAG0002,20120113,PRCP,0,,,N,0700
US1TXAG0002,20120114,PRCP,0,,,N,0700
US1TXAG0002,20120115,PRCP,0,,,N,0730
US1TXAG0002,20120116,PRCP,0,,,N,0700
US1TXAG0002,20120117,PRCP,5,,,N,0700
US1TXAG0002,20120118,PRCP,196,,,N,0700
US1TXAG0002,20120119,PRCP,0,,,N,0700
US1TXAG0002,20120120,PRCP,3,,,N,0700
US1TXAG0002,20120121,PRCP,0,,,N,0700
US1TXAG0002,20120122,PRCP,0,,,N,0700
US1TXAG0002,20120123,PRCP,0,,,N,0700
US1TXAG0002,20120124,PRCP,0,,,N,0700
US1TXAG0002,20120125,PRCP,46,,,N,0700
US1TXAG0002,20120126,PRCP,457,,,N,0700
US1TXAG0002,20120127,PRCP,0,,,N,0700
US1TXAG0002,20120128,PRCP,0,,,N,0800
US1TXAG0002,20120129,PRCP,0,,,N,0700
US1TXAG0002,20120130,PRCP,0,,,N,0700
US1TXAG0002,20120131,PRCP,0,,,N,0730
US1TXAG0002,20120101,SNOW,0,,,N,0700
US1TXAG0002,20120102,SNOW,0,,,N,0700
US1TXAG0002,20120103,SNOW,0,,,N,0700
US1TXAG0002,20120104,SNOW,0,,,N,0700
US1TXAG0002,20120105,SNOW,0,,,N,0700
US1TXAG0002,20120106,SNOW,0,,,N,0730
US1TXAG0002,20120107,SNOW,0,,,N,0700
US1TXAG0002,20120108,SNOW,0,,,N,0800
US1TXAG0002,20120112,SNOW,0,,,N,0700
US1TXAG0002,20120113,SNOW,0,,,N,0700
US1TXAG0002,20120114,SNOW,0,,,N,0700
US1TXAG0002,20120115,SNOW,0,,,N,0730
US1TXAG0002,20120116,SNOW,0,,,N,0700
US1TXAG0002,20120119,SNOW,0,,,N,0700
US1TXAG0002,20120121,SNOW,0,,,N,0700
US1TXAG0002,20120122,SNOW,0,,,N,0700
US1TXAG0002,20120123,SNOW,0,,,N,0700
US1TXAG0002,20120124,SNOW,0,,,N,0700
US1TXAG0002,20120127,SNOW,0,,,N,0700
US1TXAG0002,20120128,SNOW,0,,,N,0800
US1TXAG0002,20120129,SNOW,0,,,N,0700
US1TXAG0002,20120130,SNOW,0,,,N,0700
US1TXAG0002,20120131,SNOW,0,,,N,0730
US1TXAG0002,20120201,PRCP,8,,,N,0700
US1TXAG0002,20120202,PRCP,0,T,,N,0700
US1TXAG0002,20120203,PRCP,145,,,N,0700
US1TXAG0002,20120204,PRCP,330,,,N,0643
US1TXAG0002,20120205,PRCP,142,,,N,0700
US1TXAG0002,20120206,PRCP,0,,,N,0700
US1TXAG0002,20120207,PRCP,0,,,N,0700
US1TXAG0002,20120208,PRCP,0,,,N,0700
US1TXAG0002,20120209,PRCP,0,,,N,0700
US1TXAG0002,20120210,PRCP,13,,,N,0700
US1TXAG0002,20120211,PRCP,10,,,N,0700
US1TXAG0002,20120212,PRCP,0,,,N,0700
US1TXAG0002,20120213,PRCP,15,,,N,0700
US1TXAG0002,20120214,PRCP,206,,,N,0700
US1TXAG0002,20120215,PRCP,5,,,N,0700
US1TXAG0002,20120216,PRCP,267,,,N,0700
US1TXAG0002,20120217,PRCP,0,,,N,0700
US1TXAG0002,20120218,PRCP,272,,,N,0700
US1TXAG0002,20120219,PRCP,119,,,N,0700
US1TXAG0002,20120220,PRCP,0,,,N,0700
US1TXAG0002,20120221,PRCP,18,,,N,0700
US1TXAG0002,20120222,PRCP,0,,,N,0700
US1TXAG0002,20120223,PRCP,0,,,N,0600
US1TXAG0002,20120224,PRCP,0,,,N,0800
US1TXAG0002,20120225,PRCP,0,,,N,0630
US1TXAG0002,20120226,PRCP,0,,,N,0700
US1TXAG0002,20120227,PRCP,0,,,N,0700
US1TXAG0002,20120228,PRCP,0,,,N,0800
US1TXAG0002,20120229,PRCP,0,,,N,0700
US1TXAG0002,20120206,SNOW,0,,,N,0700
US1TXAG0002,20120207,SNOW,0,,,N,0700
US1TXAG0002,20120208,SNOW,0,,,N,0700
US1TXAG0002,20120209,SNOW,0,,,N,0700
US1TXAG0002,20120212,SNOW,0,,,N,0700
US1TXAG0002,20120217,SNOW,0,,,N,0700
US1TXAG0002,20120220,SNOW,0,,,N,0700
US1TXAG0002,20120222,SNOW,0,,,N,0700
US1TXAG0002,20120223,SNOW,0,,,N,0600
US1TXAG0002,20120224,SNOW,0,,,N,0800
US1TXAG0002,20120225,SNOW,0,,,N,0630
US1TXAG0002,20120226,SNOW,0,,,N,0700
US1TXAG0002,20120227,SNOW,0,,,N,0700
US1TXAG0002,20120228,SNOW,0,,,N,0800
US1TXAG0002,20120229,SNOW,0,,,N,0700
US1TXAG0002,20120301,PRCP,0,T,,N,0700
US1TXAG0002,20120302,PRCP,0,,,N,0700
US1TXAG0002,20120303,PRCP,3,,,N,0700
US1TXAG0002,20120304,PRCP,25,,,N,0700
US1TXAG0002,20120305,PRCP,0,,,N,0645
US1TXAG0002,20120306,PRCP,0,,,N,0700
US1TXAG0002,20120307,PRCP,0,,,N,0700
US1TXAG0002,20120308,PRCP,15,,,N,0800
US1TXAG0002,20120309,PRCP,1100,,,N,0700
US1TXAG0002,20120310,PRCP,36,,,N,0700
US1TXAG0002,20120311,PRCP,25,,,N,0700
US1TXAG0002,20120312,PRCP,1026,,,N,0700
US1TXAG0002,20120313,PRCP,0,,,N,0730
US1TXAG0002,20120314,PRCP,0,,,N,0700
US1TXAG0002,20120315,PRCP,0,,,N,0700
US1TXAG0002,20120316,PRCP,0,,,N,0700
US1TXAG0002,20120317,PRCP,0,,,N,0700
US1TXAG0002,20120318,PRCP,0,,,N,0800
US1TXAG0002,20120319,PRCP,0,,,N,0700
US1TXAG0002,20120320,PRCP,0,T,,N,0700
US1TXAG0002,20120321,PRCP,480,,,N,0700
US1TXAG0002,20120322,PRCP,8,,,N,0700
US1TXAG0002,20120323,PRCP,0,,,N,0700
US1TXAG0002,20120324,PRCP,0,,,N,0700
US1TXAG0002,20120325,PRCP,0,,,N,0700
US1TXAG0002,20120326,PRCP,0,,,N,0700
US1TXAG0002,20120327,PRCP,0,,,N,0700
US1TXAG0002,20120328,PRCP,0,,,N,0700
US1TXAG0002,20120329,PRCP,0,,,N,0700
US1TXAG0002,20120330,PRCP,147,,,N,0700
US1TXAG0002,20120331,PRCP,0,,,N,0700
US1TXAG0002,20120302,SNOW,0,,,N,0700
US1TXAG0002,20120305,SNOW,0,,,N,0645
US1TXAG0002,20120306,SNOW,0,,,N,0700
US1TXAG0002,20120307,SNOW,0,,,N,0700
US1TXAG0002,20120313,SNOW,0,,,N,0730
US1TXAG0002,20120314,SNOW,0,,,N,0700
US1TXAG0002,20120315,SNOW,0,,,N,0700
US1TXAG0002,20120316,SNOW,0,,,N,0700
US1TXAG0002,20120317,SNOW,0,,,N,0700
US1TXAG0002,20120318,SNOW,0,,,N,0800
US1TXAG0002,20120319,SNOW,0,,,N,0700
US1TXAG0002,20120323,SNOW,0,,,N,0700
US1TXAG0002,20120324,SNOW,0,,,N,0700
US1TXAG0002,20120325,SNOW,0,,,N,0700
US1TXAG0002,20120326,SNOW,0,,,N,0700
US1TXAG0002,20120327,SNOW,0,,,N,0700
US1TXAG0002,20120328,SNOW,0,,,N,0700
US1TXAG0002,20120329,SNOW,0,,,N,0700
US1TXAG0002,20120331,SNOW,0,,,N,0700
US1TXAG0002,20120401,PRCP,0,,,N,0700
US1TXAG0002,20120402,PRCP,0,,,N,0700
US1TXAG0002,20120403,PRCP,130,,,N,0700
US1TXAG0002,20120404,PRCP,51,,,N,0700
US1TXAG0002,20120405,PRCP,0,,,N,0700
US1TXAG0002,20120406,PRCP,0,,,N,0700
US1TXAG0002,20120407,PRCP,0,,,N,0700
US1TXAG0002,20120408,PRCP,0,,,N,0700
US1TXAG0002,20120409,PRCP,0,,,N,0700
US1TXAG0002,20120410,PRCP,0,,,N,0700
US1TXAG0002,20120411,PRCP,0,,,N,0800
US1TXAG0002,20120412,PRCP,0,,,N,0700
US1TXAG0002,20120413,PRCP,0,,,N,0700
US1TXAG0002,20120414,PRCP,0,,,N,0700
US1TXAG0002,20120415,PRCP,0,,,N,0800
US1TXAG0002,20120416,PRCP,559,,,N,0700
US1TXAG0002,20120417,PRCP,58,,,N,0700
US1TXAG0002,20120418,PRCP,0,,,N,0700
US1TXAG0002,20120419,PRCP,0,,,N,0700
US1TXAG0002,20120420,PRCP,0,,,N,0700
US1TXAG0002,20120421,PRCP,663,,,N,0700
US1TXAG0002,20120422,PRCP,0,,,N,0700
US1TXAG0002,20120423,PRCP,0,,,N,0700
US1TXAG0002,20120424,PRCP,0,,,N,0845
US1TXAG0002,20120425,PRCP,0,,,N,0700
US1TXAG0002,20120426,PRCP,0,,,N,0700
US1TXAG0002,20120427,PRCP,0,,,N,0800
US1TXAG0002,20120428,PRCP,0,,,N,0800
US1TXAG0002,20120429,PRCP,0,,,N,0650
US1TXAG0002,20120430,PRCP,0,,,N,0530
US1TXAG0002,20120401,SNOW,0,,,N,0700
US1TXAG0002,20120402,SNOW,0,,,N,0700
US1TXAG0002,20120405,SNOW,0,,,N,0700
US1TXAG0002,20120406,SNOW,0,,,N,0700
US1TXAG0002,20120407,SNOW,0,,,N,0700
US1TXAG0002,20120408,SNOW,0,,,N,0700
US1TXAG0002,20120409,SNOW,0,,,N,0700
US1TXAG0002,20120410,SNOW,0,,,N,0700
US1TXAG0002,20120411,SNOW,0,,,N,0800
US1TXAG0002,20120412,SNOW,0,,,N,0700
US1TXAG0002,20120413,SNOW,0,,,N,0700
US1TXAG0002,20120414,SNOW,0,,,N,0700
US1TXAG0002,20120415,SNOW,0,,,N,0800
US1TXAG0002,20120418,SNOW,0,,,N,0700
US1TXAG0002,20120419,SNOW,0,,,N,0700
US1TXAG0002,20120420,SNOW,0,,,N,0700
US1TXAG0002,20120422,SNOW,0,,,N,0700
US1TXAG0002,20120423,SNOW,0,,,N,0700
US1TXAG0002,20120424,SNOW,0,,,N,0845
US1TXAG0002,20120425,SNOW,0,,,N,0700
US1TXAG0002,20120426,SNOW,0,,,N,0700
US1TXAG0002,20120427,SNOW,0,,,N,0800
US1TXAG0002,20120428,SNOW,0,,,N,0800
US1TXAG0002,20120429,SNOW,0,,,N,0650
US1TXAG0002,20120430,SNOW,0,,,N,0530
US1TXAG0002,20120501,PRCP,0,,,N,0622
US1TXAG0002,20120502,PRCP,0,,,N,0810
US1TXAG0002,20120503,PRCP,0,,,N,0700
US1TXAG0002,20120504,PRCP,0,,,N,0630
US1TXAG0002,20120505,PRCP,0,,,N,0630
US1TXAG0002,20120506,PRCP,0,,,N,0700
US1TXAG0002,20120507,PRCP,58,,,N,0700
US1TXAG0002,20120508,PRCP,157,,,N,0700
US1TXAG0002,20120509,PRCP,3,,,N,0700
US1TXAG0002,20120510,PRCP,0,,,N,0630
US1TXAG0002,20120511,PRCP,107,,,N,0700
US1TXAG0002,20120512,PRCP,226,,,N,0700
US1TXAG0002,20120513,PRCP,8,,,N,0700
US1TXAG0002,20120514,PRCP,0,,,N,0645
US1TXAG0002,20120515,PRCP,0,,,N,0630
US1TXAG0002,20120516,PRCP,13,,,N,0700
US1TXAG0002,20120517,PRCP,0,,,N,0700
US1TXAG0002,20120518,PRCP,0,,,N,0615
US1TXAG0002,20120519,PRCP,0,,,N,0500
US1TXAG0002,20120520,PRCP,0,,,N,0800
US1TXAG0002,20120521,PRCP,0,,,N,0600
US1TXAG0002,20120522,PRCP,0,,,N,0600
US1TXAG0002,20120523,PRCP,0,,,N,0700
US1TXAG0002,20120524,PRCP,0,,,N,0600
US1TXAG0002,20120525,PRCP,0,,,N,0700
US1TXAG0002,20120526,PRCP,0,,,N,0700
US1TXAG0002,20120527,PRCP,0,,,N,0800
US1TXAG0002,20120528,PRCP,0,,,N,0655
US1TXAG0002,20120529,PRCP,0,,,N,0700
US1TXAG0002,20120530,PRCP,0,,,N,0700
US1TXAG0002,20120531,PRCP,0,,,N,0700
US1TXAG0002,20120501,SNOW,0,,,N,0622
US1TXAG0002,20120502,SNOW,0,,,N,0810
US1TXAG0002,20120503,SNOW,0,,,N,0700
US1TXAG0002,20120504,SNOW,0,,,N,0630
US1TXAG0002,20120505,SNOW,0,,,N,0630
US1TXAG0002,20120506,SNOW,0,,,N,0700
US1TXAG0002,20120510,SNOW,0,,,N,0630
US1TXAG0002,20120514,SNOW,0,,,N,0645
US1TXAG0002,20120515,SNOW,0,,,N,0630
US1TXAG0002,20120517,SNOW,0,,,N,0700
US1TXAG0002,20120518,SNOW,0,,,N,0615
US1TXAG0002,20120519,SNOW,0,,,N,0500
US1TXAG0002,20120520,SNOW,0,,,N,0800
US1TXAG0002,20120521,SNOW,0,,,N,0600
US1TXAG0002,20120522,SNOW,0,,,N,0600
US1TXAG0002,20120523,SNOW,0,,,N,0700
US1TXAG0002,20120524,SNOW,0,,,N,0600
US1TXAG0002,20120525,SNOW,0,,,N,0700
US1TXAG0002,20120526,SNOW,0,,,N,0700
US1TXAG0002,20120527,SNOW,0,,,N,0800
US1TXAG0002,20120528,SNOW,0,,,N,0655
US1TXAG0002,20120529,SNOW,0,,,N,0700
US1TXAG0002,20120530,SNOW,0,,,N,0700
US1TXAG0002,20120531,SNOW,0,,,N,0700
US1TXAG0002,20120601,PRCP,109,,,N,0700
US1TXAG0002,20120602,PRCP,0,,,N,0600
US1TXAG0002,20120603,PRCP,0,,,N,0800
US1TXAG0002,20120604,PRCP,0,,,N,0700
US1TXAG0002,20120605,PRCP,0,,,N,0700
US1TXAG0002,20120606,PRCP,0,,,N,0700
US1TXAG0002,20120607,PRCP,284,,,N,0700
US1TXAG0002,20120608,PRCP,3,,,N,0700
US1TXAG0002,20120609,PRCP,99,,,N,0700
US1TXAG0002,20120610,PRCP,0,,,N,0700
US1TXAG0002,20120611,PRCP,0,,,N,0700
US1TXAG0002,20120612,PRCP,0,,,N,0700
US1TXAG0002,20120613,PRCP,417,,,N,0700
US1TXAG0002,20120614,PRCP,66,,,N,0800
US1TXAG0002,20120615,PRCP,43,,,N,0700
US1TXAG0002,20120616,PRCP,0,,,N,0700
US1TXAG0002,20120617,PRCP,307,,,N,0700
US1TXAG0002,20120618,PRCP,0,,,N,0800
US1TXAG0002,20120619,PRCP,38,,,N,0700
US1TXAG0002,20120620,PRCP,157,,,N,0700
US1TXAG0002,20120621,PRCP,0,,,N,0800
US1TXAG0002,20120622,PRCP,0,,,N,0700
US1TXAG0002,20120623,PRCP,0,,,N,0700
US1TXAG0002,20120624,PRCP,0,,,N,0700
US1TXAG0002,20120625,PRCP,0,,,N,0630
US1TXAG0002,20120626,PRCP,0,,,N,0700
US1TXAG0002,20120627,PRCP,0,,,N,0700
US1TXAG0002,20120628,PRCP,0,,,N,0700
US1TXAG0002,20120629,PRCP,0,,,N,0700
US1TXAG0002,20120630,PRCP,0,,,N,0700
US1TXAG0002,20120602,SNOW,0,,,N,0600
US1TXAG0002,20120603,SNOW,0,,,N,0800
US1TXAG0002,20120604,SNOW,0,,,N,0700
US1TXAG0002,20120605,SNOW,0,,,N,0700
US1TXAG0002,20120606,SNOW,0,,,N,0700
US1TXAG0002,20120610,SNOW,0,,,N,0700
US1TXAG0002,20120611,SNOW,0,,,N,0700
US1TXAG0002,20120612,SNOW,0,,,N,0700
US1TXAG0002,20120616,SNOW,0,,,N,0700
US1TXAG0002,20120618,SNOW,0,,,N,0800
US1TXAG0002,20120621,SNOW,0,,,N,0800
US1TXAG0002,20120622,SNOW,0,,,N,0700
US1TXAG0002,20120623,SNOW,0,,,N,0700
US1TXAG0002,20120624,SNOW,0,,,N,0700
US1TXAG0002,20120625,SNOW,0,,,N,0630
US1TXAG0002,20120626,SNOW,0,,,N,0700
US1TXAG0002,20120627,SNOW,0,,,N,0700
US1TXAG0002,20120628,SNOW,0,,,N,0700
US1TXAG0002,20120629,SNOW,0,,,N,0700
US1TXAG0002,20120630,SNOW,0,,,N,0700
US1TXAG0002,20120701,PRCP,0,,,N,0700
US1TXAG0002,20120702,PRCP,0,,,N,0700
US1TXAG0002,20120703,PRCP,0,,,N,0630
US1TXAG0002,20120704,PRCP,0,,,N,0700
US1TXAG0002,20120705,PRCP,0,,,N,0745
US1TXAG0002,20120706,PRCP,0,,,N,0700
US1TXAG0002,20120707,PRCP,20,,,N,0700
US1TXAG0002,20120708,PRCP,48,,,N,0700
US1TXAG0002,20120709,PRCP,74,,,N,0700
US1TXAG0002,20120710,PRCP,163,,,N,0700
US1TXAG0002,20120711,PRCP,38,,,N,0700
US1TXAG0002,20120712,PRCP,333,,,N,0700
US1TXAG0002,20120713,PRCP,43,,,N,0700
US1TXAG0002,20120714,PRCP,345,,,N,0700
US1TXAG0002,20120715,PRCP,259,,,N,0700
US1TXAG0002,20120716,PRCP,23,,,N,0444
US1TXAG0002,20120717,PRCP,0,,,N,0700
US1TXAG0002,20120718,PRCP,0,,,N,0700
US1TXAG0002,20120719,PRCP,0,,,N,0700
US1TXAG0002,20120720,PRCP,0,,,N,0700
US1TXAG0002,20120721,PRCP,0,,,N,0700
US1TXAG0002,20120722,PRCP,538,,,N,0700
US1TXAG0002,20120723,PRCP,0,,,N,0530
US1TXAG0002,20120724,PRCP,160,,,N,0900
US1TXAG0002,20120725,PRCP,0,,,N,0700
US1TXAG0002,20120726,PRCP,0,,,N,0630
US1TXAG0002,20120727,PRCP,0,,,N,0700
US1TXAG0002,20120728,PRCP,0,,,N,0700
US1TXAG0002,20120729,PRCP,0,,,N,0700
US1TXAG0002,20120730,PRCP,0,,,N,0700
US1TXAG0002,20120731,PRCP,0,,,N,0700
US1TXAG0002,20120701,SNOW,0,,,N,0700
US1TXAG0002,20120702,SNOW,0,,,N,0700
US1TXAG0002,20120703,SNOW,0,,,N,0630
US1TXAG0002,20120704,SNOW,0,,,N,0700
US1TXAG0002,20120705,SNOW,0,,,N,0745
US1TXAG0002,20120706,SNOW,0,,,N,0700
US1TXAG0002,20120717,SNOW,0,,,N,0700
US1TXAG0002,20120718,SNOW,0,,,N,0700
US1TXAG0002,20120719,SNOW,0,,,N,0700
US1TXAG0002,20120720,SNOW,0,,,N,0700
US1TXAG0002,20120721,SNOW,0,,,N,0700
US1TXAG0002,20120723,SNOW,0,,,N,0530
US1TXAG0002,20120725,SNOW,0,,,N,0700
US1TXAG0002,20120726,SNOW,0,,,N,0630
US1TXAG0002,20120727,SNOW,0,,,N,0700
US1TXAG0002,20120728,SNOW,0,,,N,0700
US1TXAG0002,20120729,SNOW,0,,,N,0700
US1TXAG0002,20120730,SNOW,0,,,N,0700
US1TXAG0002,20120731,SNOW,0,,,N,0700
US1TXAG0002,20120801,PRCP,0,,,N,0700
US1TXAG0002,20120802,PRCP,0,,,N,0500
US1TXAG0002,20120803,PRCP,0,,,N,0700
US1TXAG0002,20120804,PRCP,0,,,N,0700
US1TXAG0002,20120805,PRCP,0,,,N,0700
US1TXAG0002,20120806,PRCP,0,,,N,0700
US1TXAG0002,20120807,PRCP,0,,,N,0630
US1TXAG0002,20120808,PRCP,0,,,N,0630
US1TXAG0002,20120809,PRCP,0,,,N,0700
US1TXAG0002,20120810,PRCP,18,,,N,0700
US1TXAG0002,20120811,PRCP,0,,,N,0630
US1TXAG0002,20120812,PRCP,0,,,N,0800
US1TXAG0002,20120813,PRCP,3,,,N,0700
US1TXAG0002,20120814,PRCP,0,,,N,0630
US1TXAG0002,20120815,PRCP,0,,,N,0700
US1TXAG0002,20120816,PRCP,0,,,N,0900
US1TXAG0002,20120817,PRCP,0,,,N,0630
US1TXAG0002,20120818,PRCP,0,,,N,0700
US1TXAG0002,20120819,PRCP,0,,,N,0615
US1TXAG0002,20120820,PRCP,0,,,N,0700
US1TXAG0002,20120821,PRCP,0,,,N,0700
US1TXAG0002,20120822,PRCP,0,T,,N,0800
US1TXAG0002,20120823,PRCP,0,,,N,0700
US1TXAG0002,20120824,PRCP,0,,,N,0600
US1TXAG0002,20120825,PRCP,142,,,N,0700
US1TXAG0002,20120826,PRCP,36,,,N,0700
US1TXAG0002,20120827,PRCP,0,,,N,0700
US1TXAG0002,20120828,PRCP,0,,,N,0700
US1TXAG0002,20120829,PRCP,0,,,N,0630
US1TXAG0002,20120830,PRCP,0,,,N,0700
US1TXAG0002,20120831,PRCP,38,,,N,0700
US1TXAG0002,20120801,SNOW,0,,,N,0700
US1TXAG0002,20120802,SNOW,0,,,N,0500
US1TXAG0002,20120803,SNOW,0,,,N,0700
US1TXAG0002,20120804,SNOW,0,,,N,0700
US1TXAG0002,20120805,SNOW,0,,,N,0700
US1TXAG0002,20120806,SNOW,0,,,N,0700
US1TXAG0002,20120807,SNOW,0,,,N,0630
US1TXAG0002,20120808,SNOW,0,,,N,0630
US1TXAG0002,20120809,SNOW,0,,,N,0700
US1TXAG0002,20120811,SNOW,0,,,N,0630
US1TXAG0002,20120812,SNOW,0,,,N,0800
US1TXAG0002,20120814,SNOW,0,,,N,0630
US1TXAG0002,20120815,SNOW,0,,,N,0700
US1TXAG0002,20120816,SNOW,0,,,N,0900
US1TXAG0002,20120817,SNOW,0,,,N,0630
US1TXAG0002,20120818,SNOW,0,,,N,0700
US1TXAG0002,20120819,SNOW,0,,,N,0615
US1TXAG0002,20120820,SNOW,0,,,N,0700
US1TXAG0002,20120821,SNOW,0,,,N,0700
US1TXAG0002,20120823,SNOW,0,,,N,0700
US1TXAG0002,20120824,SNOW,0,,,N,0600
US1TXAG0002,20120827,SNOW,0,,,N,0700
US1TXAG0002,20120828,SNOW,0,,,N,0700
US1TXAG0002,20120829,SNOW,0,,,N,0630
US1TXAG0002,20120830,SNOW,0,,,N,0700
US1TXAG0002,20120901,PRCP,0,,,N,0700
US1TXAG0002,20120902,PRCP,0,,,N,0700
US1TXAG0002,20120903,PRCP,0,,,N,0700
US1TXAG0002,20120904,PRCP,0,,,N,0600
US1TXAG0002,20120905,PRCP,0,,,N,0700
US1TXAG0002,20120906,PRCP,0,,,N,0600
US1TXAG0002,20120907,PRCP,0,,,N,0700
US1TXAG0002,20120908,PRCP,0,,,N,0700
US1TXAG0002,20120909,PRCP,10,,,N,0700
US1TXAG0002,20120910,PRCP,0,,,N,2100
US1TXAG0002,20120911,PRCP,0,,,N,0500
US1TXAG0002,20120912,PRCP,0,,,N,0600
US1TXAG0002,20120913,PRCP,0,,,N,0600
US1TXAG0002,20120914,PRCP,38,,,N,0700
US1TXAG0002,20120915,PRCP,41,,,N,0700
US1TXAG0002,20120916,PRCP,191,,,N,0700
US1TXAG0002,20120917,PRCP,117,,,N,0700
US1TXAG0002,20120918,PRCP,109,,,N,0700
US1TXAG0002,20120919,PRCP,0,,,N,0630
US1TXAG0002,20120920,PRCP,0,,,N,0600
US1TXAG0002,20120921,PRCP,0,,,N,0700
US1TXAG0002,20120922,PRCP,0,,,N,0700
US1TXAG0002,20120923,PRCP,0,,,N,0700
US1TXAG0002,20120924,PRCP,0,,,N,0700
US1TXAG0002,20120925,PRCP,0,,,N,0700
US1TXAG0002,20120926,PRCP,0,,,N,0700
US1TXAG0002,20120927,PRCP,0,,,N,0700
US1TXAG0002,20120928,PRCP,0,,,N,0700
US1TXAG0002,20120929,PRCP,119,,,N,0700
US1TXAG0002,20120930,PRCP,1209,,,N,0700
US1TXAG0002,20120901,SNOW,0,,,N,0700
US1TXAG0002,20120902,SNOW,0,,,N,0700
US1TXAG0002,20120903,SNOW,0,,,N,0700
US1TXAG0002,20120904,SNOW,0,,,N,0600
US1TXAG0002,20120905,SNOW,0,,,N,0700
US1TXAG0002,20120906,SNOW,0,,,N,0600
US1TXAG0002,20120907,SNOW,0,,,N,0700
US1TXAG0002,20120908,SNOW,0,,,N,0700
US1TXAG0002,20120910,SNOW,0,,,N,2100
US1TXAG0002,20120911,SNOW,0,,,N,0500
US1TXAG0002,20120912,SNOW,0,,,N,0600
US1TXAG0002,20120913,SNOW,0,,,N,0600
US1TXAG0002,20120919,SNOW,0,,,N,0630
US1TXAG0002,20120920,SNOW,0,,,N,0600
US1TXAG0002,20120921,SNOW,0,,,N,0700
US1TXAG0002,20120922,SNOW,0,,,N,0700
US1TXAG0002,20120923,SNOW,0,,,N,0700
US1TXAG0002,20120924,SNOW,0,,,N,0700
US1TXAG0002,20120925,SNOW,0,,,N,0700
US1TXAG0002,20120926,SNOW,0,,,N,0700
US1TXAG0002,20120927,SNOW,0,,,N,0700
US1TXAG0002,20120928,SNOW,0,,,N,0700
US1TXAG0002,20121001,PRCP,53,,,N,0700
US1TXAG0002,20121002,PRCP,0,,,N,0700
US1TXAG0002,20121003,PRCP,0,T,,N,0700
US1TXAG0002,20121004,PRCP,0,,,N,0700
US1TXAG0002,20121005,PRCP,0,,,N,0700
US1TXAG0002,20121006,PRCP,0,,,N,0700
US1TXAG0002,20121007,PRCP,0,,,N,0730
US1TXAG0002,20121008,PRCP,5,,,N,0700
US1TXAG0002,20121009,PRCP,0,,,N,0700
US1TXAG0002,20121010,PRCP,0,,,N,0700
US1TXAG0002,20121011,PRCP,0,,,N,0700
US1TXAG0002,20121012,PRCP,0,,,N,0900
US1TXAG0002,20121013,PRCP,0,,,N,0700
US1TXAG0002,20121014,PRCP,5,,,N,0700
US1TXAG0002,20121015,PRCP,66,,,N,0700
US1TXAG0002,20121016,PRCP,0,,,N,0700
US1TXAG0002,20121017,PRCP,18,,,N,0700
US1TXAG0002,20121018,PRCP,33,,,N,0700
US1TXAG0002,20121019,PRCP,0,,,N,0700
US1TXAG0002,20121020,PRCP,0,,,N,0700
US1TXAG0002,20121021,PRCP,0,,,N,0700
US1TXAG0002,20121022,PRCP,0,,,N,0700
US1TXAG0002,20121023,PRCP,0,,,N,0700
US1TXAG0002,20121024,PRCP,0,,,N,0700
US1TXAG0002,20121025,PRCP,0,,,N,0700
US1TXAG0002,20121026,PRCP,0,,,N,0700
US1TXAG0002,20121027,PRCP,0,,,N,0700
US1TXAG0002,20121028,PRCP,0,,,N,0700
US1TXAG0002,20121029,PRCP,0,,,N,0700
US1TXAG0002,20121030,PRCP,0,,,N,0700
US1TXAG0002,20121031,PRCP,0,,,N,0700
US1TXAG0002,20121002,SNOW,0,,,N,0700
US1TXAG0002,20121004,SNOW,0,,,N,0700
US1TXAG0002,20121005,SNOW,0,,,N,0700
US1TXAG0002,20121006,SNOW,0,,,N,0700
US1TXAG0002,20121007,SNOW,0,,,N,0730
US1TXAG0002,20121009,SNOW,0,,,N,0700
US1TXAG0002,20121010,SNOW,0,,,N,0700
US1TXAG0002,20121011,SNOW,0,,,N,0700
US1TXAG0002,20121012,SNOW,0,,,N,0900
US1TXAG0002,20121013,SNOW,0,,,N,0700
US1TXAG0002,20121016,SNOW,0,,,N,0700
US1TXAG0002,20121019,SNOW,0,,,N,0700
US1TXAG0002,20121020,SNOW,0,,,N,0700
US1TXAG0002,20121021,SNOW,0,,,N,0700
US1TXAG0002,20121022,SNOW,0,,,N,0700
US1TXAG0002,20121023,SNOW,0,,,N,0700
US1TXAG0002,20121024,SNOW,0,,,N,0700
US1TXAG0002,20121025,SNOW,0,,,N,0700
US1TXAG0002,20121026,SNOW,0,,,N,0700
US1TXAG0002,20121027,SNOW,0,,,N,0700
US1TXAG0002,20121028,SNOW,0,,,N,0700
US1TXAG0002,20121029,SNOW,0,,,N,0700
US1TXAG0002,20121030,SNOW,0,,,N,0700
US1TXAG0002,20121031,SNOW,0,,,N,0700
US1TXAG0002,20121101,PRCP,0,,,N,0700
US1TXAG0002,20121102,PRCP,0,,,N,0700
US1TXAG0002,20121103,PRCP,0,,,N,0700
US1TXAG0002,20121104,PRCP,64,,,N,0700
US1TXAG0002,20121105,PRCP,0,,,N,0700
US1TXAG0002,20121106,PRCP,0,,,N,0700
US1TXAG0002,20121107,PRCP,0,,,N,0700
US1TXAG0002,20121108,PRCP,0,,,N,0700
US1TXAG0002,20121109,PRCP,0,,,N,0700
US1TXAG0002,20121110,PRCP,0,,,N,0700
US1TXAG0002,20121111,PRCP,0,,,N,0700
US1TXAG0002,20121112,PRCP,74,,,N,0700
US1TXAG0002,20121113,PRCP,0,,,N,0700
US1TXAG0002,20121114,PRCP,0,,,N,0700
US1TXAG0002,20121115,PRCP,0,,,N,0700
US1TXAG0002,20121116,PRCP,0,,,N,0700
US1TXAG0002,20121117,PRCP,0,,,N,0630
US1TXAG0002,20121118,PRCP,0,,,N,0700
US1TXAG0002,20121119,PRCP,0,,,N,0700
US1TXAG0002,20121120,PRCP,0,,,N,0700
US1TXAG0002,20121121,PRCP,0,,,N,0700
US1TXAG0002,20121122,PRCP,0,,,N,0620
US1TXAG0002,20121123,PRCP,3,,,N,0700
US1TXAG0002,20121124,PRCP,8,,,N,0700
US1TXAG0002,20121125,PRCP,0,,,N,0700
US1TXAG0002,20121126,PRCP,0,,,N,0700
US1TXAG0002,20121127,PRCP,0,,,N,0700
US1TXAG0002,20121128,PRCP,0,,,N,0700
US1TXAG0002,20121129,PRCP,0,,,N,0700
US1TXAG0002,20121130,PRCP,0,,,N,0700
US1TXAG0002,20121101,SNOW,0,,,N,0700
US1TXAG0002,20121102,SNOW,0,,,N,0700
US1TXAG0002,20121103,SNOW,0,,,N,0700
US1TXAG0002,20121105,SNOW,0,,,N,0700
US1TXAG0002,20121106,SNOW,0,,,N,0700
US1TXAG0002,20121107,SNOW,0,,,N,0700
US1TXAG0002,20121108,SNOW,0,,,N,0700
US1TXAG0002,20121109,SNOW,0,,,N,0700
US1TXAG0002,20121110,SNOW,0,,,N,0700
US1TXAG0002,20121111,SNOW,0,,,N,0700
US1TXAG0002,20121113,SNOW,0,,,N,0700
US1TXAG0002,20121114,SNOW,0,,,N,0700
US1TXAG0002,20121115,SNOW,0,,,N,0700
US1TXAG0002,20121116,SNOW,0,,,N,0700
US1TXAG0002,20121117,SNOW,0,,,N,0630
US1TXAG0002,20121118,SNOW,0,,,N,0700
US1TXAG0002,20121119,SNOW,0,,,N,0700
US1TXAG0002,20121120,SNOW,0,,,N,0700
US1TXAG0002,20121121,SNOW,0,,,N,0700
US1TXAG0002,20121122,SNOW,0,,,N,0620
US1TXAG0002,20121125,SNOW,0,,,N,0700
US1TXAG0002,20121126,SNOW,0,,,N,0700
US1TXAG0002,20121127,SNOW,0,,,N,0700
US1TXAG0002,20121128,SNOW,0,,,N,0700
US1TXAG0002,20121129,SNOW,0,,,N,0700
US1TXAG0002,20121130,SNOW,0,,,N,0700
US1TXAG0002,20121201,PRCP,0,,,N,0700
US1TXAG0002,20121202,PRCP,0,,,N,0900
US1TXAG0002,20121203,PRCP,0,,,N,0700
US1TXAG0002,20121204,PRCP,25,,,N,0700
US1TXAG0002,20121205,PRCP,25,,,N,0700
US1TXAG0002,20121206,PRCP,8,,,N,0700
US1TXAG0002,20121207,PRCP,5,,,N,0700
US1TXAG0002,20121208,PRCP,3,,,N,0700
US1TXAG0002,20121209,PRCP,13,,,N,0700
US1TXAG0002,20121210,PRCP,135,,,N,0700
US1TXAG0002,20121211,PRCP,0,,,N,0700
US1TXAG0002,20121212,PRCP,0,,,N,0700
US1TXAG0002,20121213,PRCP,0,,,N,0700
US1TXAG0002,20121214,PRCP,0,,,N,0700
US1TXAG0002,20121218,PRCP,0,,,N,0700
US1TXAG0002,20121219,PRCP,0,,,N,0700
US1TXAG0002,20121220,PRCP,23,,,N,0700
US1TXAG0002,20121221,PRCP,0,,,N,0700
US1TXAG0002,20121222,PRCP,0,,,N,0600
US1TXAG0002,20121223,PRCP,0,,,N,0700
US1TXAG0002,20121224,PRCP,0,,,N,0800
US1TXAG0002,20121225,PRCP,66,,,N,0700
US1TXAG0002,20121226,PRCP,170,,,N,0700
US1TXAG0002,20121227,PRCP,0,,,N,0700
US1TXAG0002,20121228,PRCP,48,,,N,0700
US1TXAG0002,20121229,PRCP,10,,,N,0700
US1TXAG0002,20121230,PRCP,0,,,N,0700
US1TXAG0002,20121231,PRCP,0,,,N,0700
US1TXAG0002,20121201,SNOW,0,,,N,0700
US1TXAG0002,20121202,SNOW,0,,,N,0900
US1TXAG0002,20121203,SNOW,0,,,N,0700
US1TXAG0002,20121207,SNOW,0,,,N,0700
US1TXAG0002,20121208,SNOW,0,,,N,0700
US1TXAG0002,20121211,SNOW,0,,,N,0700
US1TXAG0002,20121212,SNOW,0,,,N,0700
US1TXAG0002,20121213,SNOW,0,,,N,0700
US1TXAG0002,20121214,SNOW,0,,,N,0700
US1TXAG0002,20121218,SNOW,0,,,N,0700
US1TXAG0002,20121219,SNOW,0,,,N,0700
US1TXAG0002,20121221,SNOW,0,,,N,0700
US1TXAG0002,20121222,SNOW,0,,,N,0600
US1TXAG0002,20121223,SNOW,0,,,N,0700
US1TXAG0002,20121224,SNOW,0,,,N,0800
US1TXAG0002,20121227,SNOW,0,,,N,0700
US1TXAG0002,20121230,SNOW,0,,,N,0700
US1TXAG0002,20121231,SNOW,0,,,N,0700
US1TXAG0002,20121217,DAPR,3,,,N,0000
US1TXAG0002,20121217,MDPR,343,,,N,0000
US1TXAG0002,20130101,PRCP,104,,,N,0745
US1TXAG0002,20130102,PRCP,5,,,N,0700
US1TXAG0002,20130103,PRCP,0,,,N,0700
US1TXAG0002,20130104,PRCP,0,,,N,0700
US1TXAG0002,20130105,PRCP,66,,,N,0700
US1TXAG0002,20130106,PRCP,51,,,N,0700
US1TXAG0002,20130107,PRCP,0,,,N,0700
US1TXAG0002,20130108,PRCP,0,T,,N,0700
US1TXAG0002,20130109,PRCP,323,,,N,0700
US1TXAG0002,20130110,PRCP,307,,,N,0700
US1TXAG0002,20130111,PRCP,0,,,N,0700
US1TXAG0002,20130112,PRCP,5,,,N,0700
US1TXAG0002,20130113,PRCP,168,,,N,0800
US1TXAG0002,20130114,PRCP,8,,,N,0700
US1TXAG0002,20130115,PRCP,86,,,N,0700
US1TXAG0002,20130116,PRCP,38,,,N,0700
US1TXAG0002,20130117,PRCP,0,,,N,0700
US1TXAG0002,20130118,PRCP,0,,,N,0830
US1TXAG0002,20130119,PRCP,5,,,N,0700
US1TXAG0002,20130120,PRCP,0,,,N,0700
US1TXAG0002,20130121,PRCP,0,,,N,0800
US1TXAG0002,20130122,PRCP,0,,,N,0700
US1TXAG0002,20130123,PRCP,0,,,N,0700
US1TXAG0002,20130124,PRCP,0,,,N,0700
US1TXAG0002,20130125,PRCP,0,,,N,0900
US1TXAG0002,20130126,PRCP,0,,,N,0700
US1TXAG0002,20130127,PRCP,0,,,N,0800
US1TXAG0002,20130128,PRCP,3,,,N,0700
US1TXAG0002,20130129,PRCP,5,,,N,0700
US1TXAG0002,20130130,PRCP,104,,,N,0700
US1TXAG0002,20130131,PRCP,0,,,N,0700
US1TXAG0002,20130103,SNOW,0,,,N,0700
US1TXAG0002,20130104,SNOW,0,,,N,0700
US1TXAG0002,20130107,SNOW,0,,,N,0700
US1TXAG0002,20130111,SNOW,0,,,N,0700
US1TXAG0002,20130117,SNOW,0,,,N,0700
US1TXAG0002,20130118,SNOW,0,,,N,0830
US1TXAG0002,20130119,SNOW,0,,,N,0700
US1TXAG0002,20130120,SNOW,0,,,N,0700
US1TXAG0002,20130121,SNOW,0,,,N,0800
US1TXAG0002,20130122,SNOW,0,,,N,0700
US1TXAG0002,20130123,SNOW,0,,,N,0700
US1TXAG0002,20130124,SNOW,0,,,N,0700
US1TXAG0002,20130125,SNOW,0,,,N,0900
US1TXAG0002,20130126,SNOW,0,,,N,0700
US1TXAG0002,20130127,SNOW,0,,,N,0800
US1TXAG0002,20130131,SNOW,0,,,N,0700
US1TXAG0002,20130201,PRCP,0,,,N,0700
US1TXAG0002,20130202,PRCP,0,,,N,0700
US1TXAG0002,20130203,PRCP,0,,,N,0700
US1TXAG0002,20130204,PRCP,0,,,N,0700
US1TXAG0002,20130205,PRCP,23,,,N,0700
US1TXAG0002,20130206,PRCP,0,T,,N,0700
US1TXAG0002,20130207,PRCP,20,,,N,0700
US1TXAG0002,20130208,PRCP,0,,,N,0700
US1TXAG0002,20130209,PRCP,0,,,N,0700
US1TXAG0002,20130210,PRCP,3,,,N,0700
US1TXAG0002,20130211,PRCP,465,,,N,0700
US1TXAG0002,20130212,PRCP,86,,,N,0700
US1TXAG0002,20130213,PRCP,216,,,N,0600
US1TXAG0002,20130214,PRCP,0,,,N,0700
US1TXAG0002,20130215,PRCP,0,,,N,0700
US1TXAG0002,20130216,PRCP,0,,,N,0700
US1TXAG0002,20130217,PRCP,0,,,N,0700
US1TXAG0002,20130218,PRCP,0,,,N,0700
US1TXAG0002,20130219,PRCP,340,,,N,0700
US1TXAG0002,20130220,PRCP,0,,,N,0700
US1TXAG0002,20130221,PRCP,0,,,N,0700
US1TXAG0002,20130222,PRCP,264,,,N,0700
US1TXAG0002,20130223,PRCP,0,,,N,0600
US1TXAG0002,20130224,PRCP,0,,,N,0700
US1TXAG0002,20130225,PRCP,0,,,N,0700
US1TXAG0002,20130226,PRCP,0,T,,N,0700
US1TXAG0002,20130227,PRCP,0,,,N,0700
US1TXAG0002,20130228,PRCP,0,,,N,0700
US1TXAG0002,20130201,SNOW,0,,,N,0700
US1TXAG0002,20130202,SNOW,0,,,N,0700
US1TXAG0002,20130203,SNOW,0,,,N,0700
US1TXAG0002,20130204,SNOW,0,,,N,0700
US1TXAG0002,20130208,SNOW,0,,,N,0700
US1TXAG0002,20130209,SNOW,0,,,N,0700
US1TXAG0002,20130214,SNOW,0,,,N,0700
US1TXAG0002,20130215,SNOW,0,,,N,0700
US1TXAG0002,20130216,SNOW,0,,,N,0700
US1TXAG0002,20130217,SNOW,0,,,N,0700
US1TXAG0002,20130218,SNOW,0,,,N,0700
US1TXAG0002,20130220,SNOW,0,,,N,0700
US1TXAG0002,20130221,SNOW,0,,,N,0700
US1TXAG0002,20130223,SNOW,0,,,N,0600
US1TXAG0002,20130224,SNOW,0,,,N,0700
US1TXAG0002,20130225,SNOW,0,,,N,0700
US1TXAG0002,20130227,SNOW,0,,,N,0700
US1TXAG0002,20130228,SNOW,0,,,N,0700
US1TXAG0002,20130301,PRCP,0,,,N,0700
US1TXAG0002,20130302,PRCP,0,,,N,0700
US1TXAG0002,20130303,PRCP,0,,,N,0700
US1TXAG0002,20130304,PRCP,0,,,N,0700
US1TXAG0002,20130305,PRCP,0,,,N,0700
US1TXAG0002,20130306,PRCP,0,,,N,0700
US1TXAG0002,20130307,PRCP,0,,,N,0700
US1TXAG0002,20130308,PRCP,0,,,N,0700
US1TXAG0002,20130309,PRCP,0,,,N,0700
US1TXAG0002,20130310,PRCP,0,,,N,0700
US1TXAG0002,20130311,PRCP,163,,,N,0700
US1TXAG0002,20130312,PRCP,0,,,N,0800
US1TXAG0002,20130313,PRCP,0,,,N,0700
US1TXAG0002,20130314,PRCP,0,,,N,0700
US1TXAG0002,20130315,PRCP,0,,,N,0700
US1TXAG0002,20130316,PRCP,0,,,N,0800
US1TXAG0002,20130317,PRCP,0,,,N,0700
US1TXAG0002,20130318,PRCP,0,,,N,0700
US1TXAG0002,20130319,PRCP,0,,,N,0735
US1TXAG0002,20130320,PRCP,107,,,N,0700
US1TXAG0002,20130321,PRCP,0,,,N,0700
US1TXAG0002,20130322,PRCP,0,,,N,0700
US1TXAG0002,20130323,PRCP,0,,,N,0630
US1TXAG0002,20130324,PRCP,0,,,N,0700
US1TXAG0002,20130325,PRCP,0,T,,N,0700
US1TXAG0002,20130326,PRCP,0,,,N,0700
US1TXAG0002,20130327,PRCP,0,,,N,0620
US1TXAG0002,20130328,PRCP,0,,,N,0700
US1TXAG0002,20130329,PRCP,0,,,N,0700
US1TXAG0002,20130330,PRCP,0,T,,N,0700
US1TXAG0002,20130331,PRCP,48,,,N,0700
US1TXAG0002,20130301,SNOW,0,,,N,0700
US1TXAG0002,20130302,SNOW,0,,,N,0700
US1TXAG0002,20130303,SNOW,0,,,N,0700
US1TXAG0002,20130304,SNOW,0,,,N,0700
US1TXAG0002,20130305,SNOW,0,,,N,0700
US1TXAG0002,20130306,SNOW,0,,,N,0700
US1TXAG0002,20130307,SNOW,0,,,N,0700
US1TXAG0002,20130308,SNOW,0,,,N,0700
US1TXAG0002,20130309,SNOW,0,,,N,0700
US1TXAG0002,20130310,SNOW,0,,,N,0700
US1TXAG0002,20130312,SNOW,0,,,N,0800
US1TXAG0002,20130313,SNOW,0,,,N,0700
US1TXAG0002,20130314,SNOW,0,,,N,0700
US1TXAG0002,20130315,SNOW,0,,,N,0700
US1TXAG0002,20130316,SNOW,0,,,N,0800
US1TXAG0002,20130317,SNOW,0,,,N,0700
US1TXAG0002,20130318,SNOW,0,,,N,0700
US1TXAG0002,20130319,SNOW,0,,,N,0735
US1TXAG0002,20130321,SNOW,0,,,N,0700
US1TXAG0002,20130322,SNOW,0,,,N,0700
US1TXAG0002,20130323,SNOW,0,,,N,0630
US1TXAG0002,20130324,SNOW,0,,,N,0700
US1TXAG0002,20130325,SNOW,0,,,N,0700
US1TXAG0002,20130326,SNOW,0,,,N,0700
US1TXAG0002,20130327,SNOW,0,,,N,0620
US1TXAG0002,20130328,SNOW,0,,,N,0700
US1TXAG0002,20130329,SNOW,0,,,N,0700
US1TXAG0002,20130401,PRCP,185,,,N,0700
US1TXAG0002,20130402,PRCP,0,,,N,0700
US1TXAG0002,20130403,PRCP,312,,,N,0700
US1TXAG0002,20130404,PRCP,10,,,N,0700
US1TXAG0002,20130405,PRCP,0,,,N,0700
US1TXAG0002,20130406,PRCP,0,,,N,0700
US1TXAG0002,20130407,PRCP,0,,,N,0700
US1TXAG0002,20130408,PRCP,0,,,N,0700
US1TXAG0002,20130409,PRCP,0,,,N,0700
US1TXAG0002,20130410,PRCP,0,,,N,0700
US1TXAG0002,20130411,PRCP,386,,,N,0700
US1TXAG0002,20130412,PRCP,48,,,N,0700
US1TXAG0002,20130413,PRCP,0,,,N,0700
US1TXAG0002,20130414,PRCP,0,,,N,0700
US1TXAG0002,20130415,PRCP,0,,,N,0700
US1TXAG0002,20130416,PRCP,0,,,N,0700
US1TXAG0002,20130417,PRCP,3,,,N,0700
US1TXAG0002,20130418,PRCP,0,,,N,0700
US1TXAG0002,20130419,PRCP,155,,,N,0700
US1TXAG0002,20130420,PRCP,0,,,N,0700
US1TXAG0002,20130421,PRCP,0,,,N,0600
US1TXAG0002,20130422,PRCP,0,,,N,0700
US1TXAG0002,20130423,PRCP,0,,,N,0700
US1TXAG0002,20130424,PRCP,8,,,N,0700
US1TXAG0002,20130425,PRCP,0,,,N,0700
US1TXAG0002,20130426,PRCP,0,,,N,0700
US1TXAG0002,20130427,PRCP,0,,,N,0700
US1TXAG0002,20130428,PRCP,5,,,N,0700
US1TXAG0002,20130429,PRCP,0,,,N,0700
US1TXAG0002,20130430,PRCP,0,,,N,0700
US1TXAG0002,20130402,SNOW,0,,,N,0700
US1TXAG0002,20130405,SNOW,0,,,N,0700
US1TXAG0002,20130406,SNOW,0,,,N,0700
US1TXAG0002,20130407,SNOW,0,,,N,0700
US1TXAG0002,20130408,SNOW,0,,,N,0700
US1TXAG0002,20130409,SNOW,0,,,N,0700
US1TXAG0002,20130410,SNOW,0,,,N,0700
US1TXAG0002,20130413,SNOW,0,,,N,0700
US1TXAG0002,20130414,SNOW,0,,,N,0700
US1TXAG0002,20130415,SNOW,0,,,N,0700
US1TXAG0002,20130416,SNOW,0,,,N,0700
US1TXAG0002,20130418,SNOW,0,,,N,0700
US1TXAG0002,20130420,SNOW,0,,,N,0700
US1TXAG0002,20130421,SNOW,0,,,N,0600
US1TXAG0002,20130422,SNOW,0,,,N,0700
US1TXAG0002,20130423,SNOW,0,,,N,0700
US1TXAG0002,20130425,SNOW,0,,,N,0700
US1TXAG0002,20130426,SNOW,0,,,N,0700
US1TXAG0002,20130427,SNOW,0,,,N,0700
US1TXAG0002,20130429,SNOW,0,,,N,0700
US1TXAG0002,20130430,SNOW,0,,,N,0700
US1TXAG0002,20130501,PRCP,0,,,N,0700
US1TXAG0002,20130502,PRCP,0,,,N,0700
US1TXAG0002,20130503,PRCP,0,T,,N,0700
US1TXAG0002,20130504,PRCP,0,,,N,0700
US1TXAG0002,20130505,PRCP,0,,,N,0700
US1TXAG0002,20130506,PRCP,0,,,N,0630
US1TXAG0002,20130507,PRCP,0,,,N,0700
US1TXAG0002,20130508,PRCP,0,,,N,0700
US1TXAG0002,20130509,PRCP,0,,,N,0700
US1TXAG0002,20130510,PRCP,531,,,N,0700
US1TXAG0002,20130511,PRCP,8,,,N,0700
US1TXAG0002,20130512,PRCP,0,,,N,0700
US1TXAG0002,20130513,PRCP,0,,,N,0700
US1TXAG0002,20130514,PRCP,0,,,N,0700
US1TXAG0002,20130515,PRCP,0,,,N,0700
US1TXAG0002,20130516,PRCP,84,,,N,0700
US1TXAG0002,20130517,PRCP,13,,,N,0700
US1TXAG0002,20130518,PRCP,0,,,N,0700
US1TXAG0002,20130519,PRCP,0,,,N,0700
US1TXAG0002,20130520,PRCP,0,,,N,0700
US1TXAG0002,20130521,PRCP,0,,,N,0700
US1TXAG0002,20130522,PRCP,399,,,N,0700
US1TXAG0002,20130523,PRCP,8,,,N,0700
US1TXAG0002,20130524,PRCP,5,,,N,0700
US1TXAG0002,20130525,PRCP,127,,,N,0700
US1TXAG0002,20130526,PRCP,239,,,N,0700
US1TXAG0002,20130527,PRCP,10,,,N,0700
US1TXAG0002,20130528,PRCP,0,,,N,0700
US1TXAG0002,20130529,PRCP,0,,,N,0700
US1TXAG0002,20130530,PRCP,0,,,N,0700
US1TXAG0002,20130531,PRCP,0,,,N,0630
US1TXAG0002,20130501,SNOW,0,,,N,0700
US1TXAG0002,20130502,SNOW,0,,,N,0700
US1TXAG0002,20130504,SNOW,0,,,N,0700
US1TXAG0002,20130505,SNOW,0,,,N,0700
US1TXAG0002,20130506,SNOW,0,,,N,0630
US1TXAG0002,20130507,SNOW,0,,,N,0700
US1TXAG0002,20130508,SNOW,0,,,N,0700
US1TXAG0002,20130509,SNOW,0,,,N,0700
US1TXAG0002,20130511,SNOW,0,,,N,0700
US1TXAG0002,20130512,SNOW,0,,,N,0700
US1TXAG0002,20130513,SNOW,0,,,N,0700
US1TXAG0002,20130514,SNOW,0,,,N,0700
US1TXAG0002,20130515,SNOW,0,,,N,0700
US1TXAG0002,20130518,SNOW,0,,,N,0700
US1TXAG0002,20130519,SNOW,0,,,N,0700
US1TXAG0002,20130520,SNOW,0,,,N,0700
US1TXAG0002,20130521,SNOW,0,,,N,0700
US1TXAG0002,20130523,SNOW,0,,,N,0700
US1TXAG0002,20130528,SNOW,0,,,N,0700
US1TXAG0002,20130529,SNOW,0,,,N,0700
US1TXAG0002,20130530,SNOW,0,,,N,0700
US1TXAG0002,20130531,SNOW,0,,,N,0630
US1TXAG0002,20130601,PRCP,0,,,N,0645
US1TXAG0002,20130602,PRCP,508,,,N,0700
US1TXAG0002,20130603,PRCP,41,,,N,0700
US1TXAG0002,20130604,PRCP,0,,,N,0700
US1TXAG0002,20130605,PRCP,0,,,N,0700
US1TXAG0002,20130606,PRCP,0,,,N,0700
US1TXAG0002,20130607,PRCP,284,,,N,0700
US1TXAG0002,20130608,PRCP,0,,,N,0700
US1TXAG0002,20130609,PRCP,0,,,N,0600
US1TXAG0002,20130610,PRCP,124,,,N,0700
US1TXAG0002,20130611,PRCP,0,,,N,0700
US1TXAG0002,20130612,PRCP,0,,,N,0700
US1TXAG0002,20130613,PRCP,0,,,N,0629
US1TXAG0002,20130614,PRCP,0,,,N,0700
US1TXAG0002,20130615,PRCP,56,,,N,0700
US1TXAG0002,20130616,PRCP,48,,,N,0700
US1TXAG0002,20130617,PRCP,0,,,N,0700
US1TXAG0002,20130618,PRCP,0,,,N,0700
US1TXAG0002,20130619,PRCP,41,,,N,0700
US1TXAG0002,20130620,PRCP,10,,,N,0700
US1TXAG0002,20130621,PRCP,0,,,N,0700
US1TXAG0002,20130622,PRCP,0,,,N,0700
US1TXAG0002,20130623,PRCP,0,,,N,0700
US1TXAG0002,20130624,PRCP,0,,,N,0700
US1TXAG0002,20130625,PRCP,3,,,N,0700
US1TXAG0002,20130626,PRCP,0,,,N,0700
US1TXAG0002,20130627,PRCP,0,,,N,0700
US1TXAG0002,20130628,PRCP,0,,,N,0700
US1TXAG0002,20130629,PRCP,0,,,N,0700
US1TXAG0002,20130630,PRCP,0,,,N,0700
US1TXAG0002,20130601,SNOW,0,,,N,0645
US1TXAG0002,20130604,SNOW,0,,,N,0700
US1TXAG0002,20130605,SNOW,0,,,N,0700
US1TXAG0002,20130606,SNOW,0,,,N,0700
US1TXAG0002,20130608,SNOW,0,,,N,0700
US1TXAG0002,20130609,SNOW,0,,,N,0600
US1TXAG0002,20130611,SNOW,0,,,N,0700
US1TXAG0002,20130612,SNOW,0,,,N,0700
US1TXAG0002,20130613,SNOW,0,,,N,0629
US1TXAG0002,20130614,SNOW,0,,,N,0700
US1TXAG0002,20130617,SNOW,0,,,N,0700
US1TXAG0002,20130618,SNOW,0,,,N,0700
US1TXAG0002,20130621,SNOW,0,,,N,0700
US1TXAG0002,20130622,SNOW,0,,,N,0700
US1TXAG0002,20130623,SNOW,0,,,N,0700
US1TXAG0002,20130624,SNOW,0,,,N,0700
US1TXAG0002,20130626,SNOW,0,,,N,0700
US1TXAG0002,20130627,SNOW,0,,,N,0700
US1TXAG0002,20130628,SNOW,0,,,N,0700
US1TXAG0002,20130629,SNOW,0,,,N,0700
US1TXAG0002,20130630,SNOW,0,,,N,0700
US1TXAG0002,20130701,PRCP,0,,,N,0630
US1TXAG0002,20130702,PRCP,0,,,N,0700
US1TXAG0002,20130703,PRCP,0,,,N,0700
US1TXAG0002,20130704,PRCP,0,,,N,0700
US1TXAG0002,20130705,PRCP,0,,,N,0700
US1TXAG0002,20130706,PRCP,0,,,N,0700
US1TXAG0002,20130707,PRCP,0,,,N,0700
US1TXAG0002,20130708,PRCP,0,,,N,0700
US1TXAG0002,20130709,PRCP,86,,,N,0630
US1TXAG0002,20130710,PRCP,0,,,N,0600
US1TXAG0002,20130711,PRCP,0,,,N,0700
US1TXAG0002,20130712,PRCP,0,,,N,0600
US1TXAG0002,20130713,PRCP,0,,,N,0700
US1TXAG0002,20130714,PRCP,0,,,N,0700
US1TXAG0002,20130715,PRCP,10,,,N,0700
US1TXAG0002,20130716,PRCP,79,,,N,0700
US1TXAG0002,20130717,PRCP,61,,,N,0700
US1TXAG0002,20130718,PRCP,0,,,N,0700
US1TXAG0002,20130719,PRCP,48,,,N,0700
US1TXAG0002,20130720,PRCP,5,,,N,0700
US1TXAG0002,20130721,PRCP,13,,,N,0700
US1TXAG0002,20130722,PRCP,53,,,N,0700
US1TXAG0002,20130723,PRCP,0,,,N,0700
US1TXAG0002,20130724,PRCP,0,,,N,0700
US1TXAG0002,20130725,PRCP,0,,,N,0700
US1TXAG0002,20130726,PRCP,0,,,N,0700
US1TXAG0002,20130727,PRCP,147,,,N,0700
US1TXAG0002,20130728,PRCP,10,,,N,0700
US1TXAG0002,20130729,PRCP,0,,,N,0700
US1TXAG0002,20130730,PRCP,0,,,N,0700
US1TXAG0002,20130731,PRCP,0,,,N,0700
US1TXAG0002,20130701,SNOW,0,,,N,0630
US1TXAG0002,20130702,SNOW,0,,,N,0700
US1TXAG0002,20130703,SNOW,0,,,N,0700
US1TXAG0002,20130704,SNOW,0,,,N,0700
US1TXAG0002,20130705,SNOW,0,,,N,0700
US1TXAG0002,20130706,SNOW,0,,,N,0700
US1TXAG0002,20130707,SNOW,0,,,N,0700
US1TXAG0002,20130708,SNOW,0,,,N,0700
US1TXAG0002,20130710,SNOW,0,,,N,0600
US1TXAG0002,20130711,SNOW,0,,,N,0700
US1TXAG0002,20130712,SNOW,0,,,N,0600
US1TXAG0002,20130713,SNOW,0,,,N,0700
US1TXAG0002,20130714,SNOW,0,,,N,0700
US1TXAG0002,20130718,SNOW,0,,,N,0700
US1TXAG0002,20130723,SNOW,0,,,N,0700
US1TXAG0002,20130724,SNOW,0,,,N,0700
US1TXAG0002,20130725,SNOW,0,,,N,0700
US1TXAG0002,20130726,SNOW,0,,,N,0700
US1TXAG0002,20130729,SNOW,0,,,N,0700
US1TXAG0002,20130730,SNOW,0,,,N,0700
US1TXAG0002,20130731,SNOW,0,,,N,0700
US1TXAG0002,20130801,PRCP,0,,,N,0700
US1TXAG0002,20130802,PRCP,0,T,,N,0700
US1TXAG0002,20130803,PRCP,0,,,N,0700
US1TXAG0002,20130804,PRCP,0,,,N,0700
US1TXAG0002,20130805,PRCP,0,,,N,0700
US1TXAG0002,20130806,PRCP,0,,,N,0700
US1TXAG0002,20130807,PRCP,0,,,N,0700
US1TXAG0002,20130808,PRCP,0,,,N,0630
US1TXAG0002,20130809,PRCP,0,,,N,0700
US1TXAG0002,20130810,PRCP,0,,,N,0700
US1TXAG0002,20130811,PRCP,0,,,N,0700
US1TXAG0002,20130812,PRCP,0,,,N,0700
US1TXAG0002,20130813,PRCP,0,,,N,0700
US1TXAG0002,20130814,PRCP,0,,,N,0700
US1TXAG0002,20130815,PRCP,43,,,N,0700
US1TXAG0002,20130816,PRCP,0,,,N,0700
US1TXAG0002,20130817,PRCP,0,,,N,0700
US1TXAG0002,20130818,PRCP,0,,,N,0700
US1TXAG0002,20130819,PRCP,0,,,N,0700
US1TXAG0002,20130820,PRCP,0,,,N,0700
US1TXAG0002,20130821,PRCP,0,,,N,0700
US1TXAG0002,20130822,PRCP,0,,,N,0600
US1TXAG0002,20130823,PRCP,0,,,N,0700
US1TXAG0002,20130824,PRCP,0,,,N,0630
US1TXAG0002,20130825,PRCP,0,,,N,0700
US1TXAG0002,20130826,PRCP,13,,,N,0700
US1TXAG0002,20130827,PRCP,41,,,N,0700
US1TXAG0002,20130828,PRCP,0,,,N,0700
US1TXAG0002,20130829,PRCP,0,,,N,0700
US1TXAG0002,20130830,PRCP,0,,,N,0600
US1TXAG0002,20130831,PRCP,0,,,N,0700
US1TXAG0002,20130801,SNOW,0,,,N,0700
US1TXAG0002,20130803,SNOW,0,,,N,0700
US1TXAG0002,20130804,SNOW,0,,,N,0700
US1TXAG0002,20130805,SNOW,0,,,N,0700
US1TXAG0002,20130806,SNOW,0,,,N,0700
US1TXAG0002,20130807,SNOW,0,,,N,0700
US1TXAG0002,20130808,SNOW,0,,,N,0630
US1TXAG0002,20130809,SNOW,0,,,N,0700
US1TXAG0002,20130810,SNOW,0,,,N,0700
US1TXAG0002,20130811,SNOW,0,,,N,0700
US1TXAG0002,20130812,SNOW,0,,,N,0700
US1TXAG0002,20130813,SNOW,0,,,N,0700
US1TXAG0002,20130814,SNOW,0,,,N,0700
US1TXAG0002,20130816,SNOW,0,,,N,0700
US1TXAG0002,20130817,SNOW,0,,,N,0700
US1TXAG0002,20130818,SNOW,0,,,N,0700
US1TXAG0002,20130819,SNOW,0,,,N,0700
US1TXAG0002,20130820,SNOW,0,,,N,0700
US1TXAG0002,20130821,SNOW,0,,,N,0700
US1TXAG0002,20130822,SNOW,0,,,N,0600
US1TXAG0002,20130823,SNOW,0,,,N,0700
US1TXAG0002,20130824,SNOW,0,,,N,0630
US1TXAG0002,20130825,SNOW,0,,,N,0700
US1TXAG0002,20130828,SNOW,0,,,N,0700
US1TXAG0002,20130829,SNOW,0,,,N,0700
US1TXAG0002,20130830,SNOW,0,,,N,0600
US1TXAG0002,20130831,SNOW,0,,,N,0700
US1TXAG0002,20130901,PRCP,0,,,N,0700
US1TXAG0002,20130902,PRCP,0,,,N,0700
US1TXAG0002,20130903,PRCP,0,,,N,0700
US1TXAG0002,20130904,PRCP,211,,,N,0700
US1TXAG0002,20130905,PRCP,0,,,N,0700
US1TXAG0002,20130906,PRCP,0,,,N,0600
US1TXAG0002,20130907,PRCP,0,,,N,0700
US1TXAG0002,20130908,PRCP,0,,,N,0700
US1TXAG0002,20130909,PRCP,0,,,N,0700
US1TXAG0002,20130910,PRCP,0,,,N,0700
US1TXAG0002,20130911,PRCP,0,,,N,0600
US1TXAG0002,20130912,PRCP,0,,,N,0700
US1TXAG0002,20130913,PRCP,0,,,N,0700
US1TXAG0002,20130914,PRCP,0,,,N,0700
US1TXAG0002,20130915,PRCP,0,,,N,0645
US1TXAG0002,20130916,PRCP,0,,,N,0700
US1TXAG0002,20130917,PRCP,0,,,N,0600
US1TXAG0002,20130918,PRCP,0,,,N,0700
US1TXAG0002,20130919,PRCP,0,,,N,0700
US1TXAG0002,20130925,PRCP,0,,,N,0700
US1TXAG0002,20130926,PRCP,0,,,N,0700
US1TXAG0002,20130927,PRCP,0,,,N,0700
US1TXAG0002,20130928,PRCP,0,,,N,0630
US1TXAG0002,20130929,PRCP,18,,,N,0700
US1TXAG0002,20130930,PRCP,1026,,,N,0700
US1TXAG0002,20130901,SNOW,0,,,N,0700
US1TXAG0002,20130902,SNOW,0,,,N,0700
US1TXAG0002,20130903,SNOW,0,,,N,0700
US1TXAG0002,20130905,SNOW,0,,,N,0700
US1TXAG0002,20130906,SNOW,0,,,N,0600
US1TXAG0002,20130907,SNOW,0,,,N,0700
US1TXAG0002,20130908,SNOW,0,,,N,0700
US1TXAG0002,20130909,SNOW,0,,,N,0700
US1TXAG0002,20130910,SNOW,0,,,N,0700
US1TXAG0002,20130911,SNOW,0,,,N,0600
US1TXAG0002,20130912,SNOW,0,,,N,0700
US1TXAG0002,20130913,SNOW,0,,,N,0700
US1TXAG0002,20130914,SNOW,0,,,N,0700
US1TXAG0002,20130915,SNOW,0,,,N,0645
US1TXAG0002,20130916,SNOW,0,,,N,0700
US1TXAG0002,20130917,SNOW,0,,,N,0600
US1TXAG0002,20130918,SNOW,0,,,N,0700
US1TXAG0002,20130919,SNOW,0,,,N,0700
US1TXAG0002,20130925,SNOW,0,,,N,0700
US1TXAG0002,20130926,SNOW,0,,,N,0700
US1TXAG0002,20130927,SNOW,0,,,N,0700
US1TXAG0002,20130928,SNOW,0,,,N,0630
US1TXAG0002,20130924,DAPR,5,,,N,0700
US1TXAG0002,20130924,MDPR,1118,,,N,0700
US1TXAG0002,20131001,PRCP,0,,,N,0600
US1TXAG0002,20131002,PRCP,18,,,N,0700
US1TXAG0002,20131003,PRCP,3,,,N,0700
US1TXAG0002,20131004,PRCP,0,,,N,0700
US1TXAG0002,20131005,PRCP,0,,,N,0700
US1TXAG0002,20131006,PRCP,0,,,N,0700
US1TXAG0002,20131007,PRCP,0,,,N,0700
US1TXAG0002,20131008,PRCP,0,,,N,0700
US1TXAG0002,20131009,PRCP,0,,,N,0700
US1TXAG0002,20131010,PRCP,0,,,N,0600
US1TXAG0002,20131011,PRCP,0,,,N,0700
US1TXAG0002,20131012,PRCP,0,,,N,0700
US1TXAG0002,20131013,PRCP,94,,,N,0700
US1TXAG0002,20131014,PRCP,0,,,N,0700
US1TXAG0002,20131015,PRCP,5,,,N,0700
US1TXAG0002,20131016,PRCP,0,,,N,0700
US1TXAG0002,20131017,PRCP,30,,,N,0700
US1TXAG0002,20131018,PRCP,0,,,N,0700
US1TXAG0002,20131019,PRCP,0,,,N,0700
US1TXAG0002,20131020,PRCP,0,,,N,0700
US1TXAG0002,20131021,PRCP,0,,,N,0700
US1TXAG0002,20131022,PRCP,0,,,N,0700
US1TXAG0002,20131023,PRCP,0,,,N,0700
US1TXAG0002,20131024,PRCP,0,,,N,0700
US1TXAG0002,20131025,PRCP,0,,,N,0700
US1TXAG0002,20131026,PRCP,0,,,N,0700
US1TXAG0002,20131027,PRCP,142,,,N,0700
US1TXAG0002,20131028,PRCP,3,,,N,0700
US1TXAG0002,20131029,PRCP,0,,,N,0600
US1TXAG0002,20131030,PRCP,0,,,N,0700
US1TXAG0002,20131031,PRCP,803,,,N,0700
US1TXAG0002,20131001,SNOW,0,,,N,0600
US1TXAG0002,20131004,SNOW,0,,,N,0700
US1TXAG0002,20131005,SNOW,0,,,N,0700
US1TXAG0002,20131006,SNOW,0,,,N,0700
US1TXAG0002,20131007,SNOW,0,,,N,0700
US1TXAG0002,20131008,SNOW,0,,,N,0700
US1TXAG0002,20131009,SNOW,0,,,N,0700
US1TXAG0002,20131010,SNOW,0,,,N,0600
US1TXAG0002,20131011,SNOW,0,,,N,0700
US1TXAG0002,20131012,SNOW,0,,,N,0700
US1TXAG0002,20131013,SNOW,0,,,N,0700
US1TXAG0002,20131014,SNOW,0,,,N,0700
US1TXAG0002,20131016,SNOW,0,,,N,0700
US1TXAG0002,20131018,SNOW,0,,,N,0700
US1TXAG0002,20131019,SNOW,0,,,N,0700
US1TXAG0002,20131020,SNOW,0,,,N,0700
US1TXAG0002,20131021,SNOW,0,,,N,0700
US1TXAG0002,20131022,SNOW,0,,,N,0700
US1TXAG0002,20131023,SNOW,0,,,N,0700
US1TXAG0002,20131024,SNOW,0,,,N,0700
US1TXAG0002,20131025,SNOW,0,,,N,0700
US1TXAG0002,20131026,SNOW,0,,,N,0700
US1TXAG0002,20131029,SNOW,0,,,N,0600
US1TXAG0002,20131030,SNOW,0,,,N,0700
US1TXAG0002,20131101,PRCP,81,,,N,0600
US1TXAG0002,20131102,PRCP,0,,,N,0700
US1TXAG0002,20131103,PRCP,0,,,N,0600
US1TXAG0002,20131104,PRCP,0,,,N,0700
US1TXAG0002,20131105,PRCP,0,,,N,0700
US1TXAG0002,20131106,PRCP,0,,,N,0700
US1TXAG0002,20131107,PRCP,15,,,N,0700
US1TXAG0002,20131108,PRCP,0,,,N,0700
US1TXAG0002,20131109,PRCP,0,,,N,0700
US1TXAG0002,20131110,PRCP,0,,,N,0700
US1TXAG0002,20131111,PRCP,0,,,N,0700
US1TXAG0002,20131112,PRCP,0,,,N,0700
US1TXAG0002,20131113,PRCP,0,,,N,0700
US1TXAG0002,20131114,PRCP,0,,,N,0540
US1TXAG0002,20131115,PRCP,10,,,N,0700
US1TXAG0002,20131116,PRCP,3,,,N,0700
US1TXAG0002,20131117,PRCP,124,,,N,0700
US1TXAG0002,20131118,PRCP,5,,,N,0700
US1TXAG0002,20131119,PRCP,0,,,N,0700
US1TXAG0002,20131120,PRCP,0,,,N,0600
US1TXAG0002,20131121,PRCP,0,,,N,0700
US1TXAG0002,20131122,PRCP,20,,,N,0700
US1TXAG0002,20131123,PRCP,124,,,N,0700
US1TXAG0002,20131124,PRCP,48,,,N,0700
US1TXAG0002,20131125,PRCP,104,,,N,0700
US1TXAG0002,20131126,PRCP,462,,,N,0700
US1TXAG0002,20131127,PRCP,157,,,N,0700
US1TXAG0002,20131128,PRCP,0,,,N,0700
US1TXAG0002,20131129,PRCP,0,,,N,0700
US1TXAG0002,20131130,PRCP,0,,,N,0700
US1TXAG0002,20131102,SNOW,0,,,N,0700
US1TXAG0002,20131103,SNOW,0,,,N,0600
US1TXAG0002,20131104,SNOW,0,,,N,0700
US1TXAG0002,20131105,SNOW,0,,,N,0700
US1TXAG0002,20131106,SNOW,0,,,N,0700
US1TXAG0002,20131107,SNOW,0,,,N,0700
US1TXAG0002,20131108,SNOW,0,,,N,0700
US1TXAG0002,20131109,SNOW,0,,,N,0700
US1TXAG0002,20131110,SNOW,0,,,N,0700
US1TXAG0002,20131111,SNOW,0,,,N,0700
US1TXAG0002,20131112,SNOW,0,,,N,0700
US1TXAG0002,20131113,SNOW,0,,,N,0700
US1TXAG0002,20131114,SNOW,0,,,N,0540
US1TXAG0002,20131119,SNOW,0,,,N,0700
US1TXAG0002,20131120,SNOW,0,,,N,0600
US1TXAG0002,20131121,SNOW,0,,,N,0700
US1TXAG0002,20131128,SNOW,0,,,N,0700
US1TXAG0002,20131129,SNOW,0,,,N,0700
US1TXAG0002,20131130,SNOW,0,,,N,0700
US1TXAG0002,20131201,PRCP,0,,,N,0700
US1TXAG0002,20131202,PRCP,0,,,N,0700
US1TXAG0002,20131203,PRCP,0,,,N,0700
US1TXAG0002,20131204,PRCP,0,,,N,0700
US1TXAG0002,20131205,PRCP,0,,,N,0700
US1TXAG0002,20131206,PRCP,23,,,N,0700
US1TXAG0002,20131207,PRCP,20,,,N,0700
US1TXAG0002,20131208,PRCP,0,,,N,0700
US1TXAG0002,20131209,PRCP,8,,,N,0700
US1TXAG0002,20131210,PRCP,20,,,N,0700
US1TXAG0002,20131211,PRCP,0,,,N,0700
US1TXAG0002,20131212,PRCP,0,,,N,0700
US1TXAG0002,20131213,PRCP,0,,,N,0700
US1TXAG0002,20131214,PRCP,122,,,N,0700
US1TXAG0002,20131215,PRCP,0,,,N,0700
US1TXAG0002,20131216,PRCP,0,,,N,0700
US1TXAG0002,20131217,PRCP,0,,,N,0700
US1TXAG0002,20131218,PRCP,0,,,N,0700
US1TXAG0002,20131219,PRCP,0,,,N,0700
US1TXAG0002,20131220,PRCP,3,,,N,0700
US1TXAG0002,20131221,PRCP,460,,,N,0700
US1TXAG0002,20131222,PRCP,0,,,N,0700
US1TXAG0002,20131223,PRCP,0,,,N,0700
US1TXAG0002,20131224,PRCP,0,,,N,0700
US1TXAG0002,20131225,PRCP,0,,,N,0700
US1TXAG0002,20131226,PRCP,0,,,N,0700
US1TXAG0002,20131227,PRCP,0,,,N,0700
US1TXAG0002,20131228,PRCP,0,,,N,0700
US1TXAG0002,20131229,PRCP,0,,,N,0700
US1TXAG0002,20131230,PRCP,0,,,N,0700
US1TXAG0002,20131231,PRCP,0,,,N,0700
US1TXAG0002,20131201,SNOW,0,,,N,0700
US1TXAG0002,20131202,SNOW,0,,,N,0700
US1TXAG0002,20131203,SNOW,0,,,N,0700
US1TXAG0002,20131204,SNOW,0,,,N,0700
US1TXAG0002,20131205,SNOW,0,,,N,0700
US1TXAG0002,20131208,SNOW,0,,,N,0700
US1TXAG0002,20131211,SNOW,0,,,N,0700
US1TXAG0002,20131212,SNOW,0,,,N,0700
US1TXAG0002,20131213,SNOW,0,,,N,0700
US1TXAG0002,20131215,SNOW,0,,,N,0700
US1TXAG0002,20131216,SNOW,0,,,N,0700
US1TXAG0002,20131217,SNOW,0,,,N,0700
US1TXAG0002,20131218,SNOW,0,,,N,0700
US1TXAG0002,20131219,SNOW,0,,,N,0700
US1TXAG0002,20131222,SNOW,0,,,N,0700
US1TXAG0002,20131223,SNOW,0,,,N,0700
US1TXAG0002,20131224,SNOW,0,,,N,0700
US1TXAG0002,20131225,SNOW,0,,,N,0700
US1TXAG0002,20131226,SNOW,0,,,N,0700
US1TXAG0002,20131227,SNOW,0,,,N,0700
US1TXAG0002,20131228,SNOW,0,,,N,0700
US1TXAG0002,20131229,SNOW,0,,,N,0700
US1TXAG0002,20131230,SNOW,0,,,N,0700
US1TXAG0002,20131231,SNOW,0,,,N,0700
US1TXAG0002,20140101,PRCP,0,,,N,0700
US1TXAG0002,20140102,PRCP,0,,,N,0700
US1TXAG0002,20140103,PRCP,0,,,N,0700
US1TXAG0002,20140104,PRCP,0,,,N,0700
US1TXAG0002,20140105,PRCP,0,,,N,0700
US1TXAG0002,20140106,PRCP,0,,,N,0700
US1TXAG0002,20140107,PRCP,0,,,N,0700
US1TXAG0002,20140108,PRCP,0,,,N,0700
US1TXAG0002,20140109,PRCP,0,,,N,0700
US1TXAG0002,20140110,PRCP,58,,,N,0700
US1TXAG0002,20140111,PRCP,0,,,N,0700
US1TXAG0002,20140112,PRCP,0,,,N,0700
US1TXAG0002,20140113,PRCP,277,,,N,0700
US1TXAG0002,20140114,PRCP,0,,,N,0700
US1TXAG0002,20140115,PRCP,0,,,N,0630
US1TXAG0002,20140116,PRCP,0,,,N,0700
US1TXAG0002,20140117,PRCP,0,,,N,0700
US1TXAG0002,20140118,PRCP,0,,,N,0700
US1TXAG0002,20140119,PRCP,0,,,N,0700
US1TXAG0002,20140120,PRCP,0,,,N,0700
US1TXAG0002,20140121,PRCP,0,,,N,0700
US1TXAG0002,20140122,PRCP,0,,,N,0600
US1TXAG0002,20140123,PRCP,0,,,N,0700
US1TXAG0002,20140124,PRCP,130,,,N,0700
US1TXAG0002,20140125,PRCP,0,,,N,0700
US1TXAG0002,20140126,PRCP,0,,,N,0700
US1TXAG0002,20140127,PRCP,0,,,N,0630
US1TXAG0002,20140128,PRCP,23,,,N,0700
US1TXAG0002,20140129,PRCP,0,T,,N,0700
US1TXAG0002,20140130,PRCP,0,,,N,0700
US1TXAG0002,20140131,PRCP,0,,,N,0700
US1TXAG0002,20140101,SNOW,0,,,N,0700
US1TXAG0002,20140102,SNOW,0,,,N,0700
US1TXAG0002,20140103,SNOW,0,,,N,0700
US1TXAG0002,20140104,SNOW,0,,,N,0700
US1TXAG0002,20140105,SNOW,0,,,N,0700
US1TXAG0002,20140106,SNOW,0,,,N,0700
US1TXAG0002,20140107,SNOW,0,,,N,0700
US1TXAG0002,20140108,SNOW,0,,,N,0700
US1TXAG0002,20140109,SNOW,0,,,N,0700
US1TXAG0002,20140111,SNOW,0,,,N,0700
US1TXAG0002,20140112,SNOW,0,,,N,0700
US1TXAG0002,20140114,SNOW,0,,,N,0700
US1TXAG0002,20140115,SNOW,0,,,N,0630
US1TXAG0002,20140116,SNOW,0,,,N,0700
US1TXAG0002,20140117,SNOW,0,,,N,0700
US1TXAG0002,20140118,SNOW,0,,,N,0700
US1TXAG0002,20140119,SNOW,0,,,N,0700
US1TXAG0002,20140120,SNOW,0,,,N,0700
US1TXAG0002,20140121,SNOW,0,,,N,0700
US1TXAG0002,20140122,SNOW,0,,,N,0600
US1TXAG0002,20140123,SNOW,0,,,N,0700
US1TXAG0002,20140124,SNOW,69,,,N,0700
US1TXAG0002,20140125,SNOW,0,,,N,0700
US1TXAG0002,20140126,SNOW,0,,,N,0700
US1TXAG0002,20140127,SNOW,0,,,N,0630
US1TXAG0002,20140130,SNOW,0,,,N,0700
US1TXAG0002,20140131,SNOW,0,,,N,0700
US1TXAG0002,20140124,SNWD,69,,,N,0700
US1TXAG0002,20140124,WESD,56,,,N,0700
US1TXAG0002,20140124,WESF,56,,,N,0700
US1TXAG0002,20140201,PRCP,0,,,N,0630
US1TXAG0002,20140202,PRCP,10,,,N,0700
US1TXAG0002,20140203,PRCP,183,,,N,0700
US1TXAG0002,20140204,PRCP,18,,,N,0700
US1TXAG0002,20140205,PRCP,117,,,N,0700
US1TXAG0002,20140206,PRCP,0,,,N,0700
US1TXAG0002,20140207,PRCP,15,,,N,0700
US1TXAG0002,20140208,PRCP,33,,,N,0700
US1TXAG0002,20140209,PRCP,0,,,N,0700
US1TXAG0002,20140210,PRCP,0,,,N,0700
US1TXAG0002,20140211,PRCP,117,,,N,0700
US1TXAG0002,20140212,PRCP,15,,,N,0700
US1TXAG0002,20140213,PRCP,0,,,N,0700
US1TXAG0002,20140214,PRCP,0,,,N,0700
US1TXAG0002,20140215,PRCP,0,,,N,0700
US1TXAG0002,20140216,PRCP,0,,,N,0700
US1TXAG0002,20140217,PRCP,0,,,N,0700
US1TXAG0002,20140218,PRCP,0,,,N,0700
US1TXAG0002,20140219,PRCP,0,,,N,0700
US1TXAG0002,20140220,PRCP,0,,,N,0700
US1TXAG0002,20140221,PRCP,188,,,N,0700
US1TXAG0002,20140222,PRCP,0,,,N,0700
US1TXAG0002,20140223,PRCP,0,,,N,0700
US1TXAG0002,20140224,PRCP,0,,,N,0700
US1TXAG0002,20140225,PRCP,0,,,N,0700
US1TXAG0002,20140226,PRCP,122,,,N,0700
US1TXAG0002,20140227,PRCP,0,,,N,0700
US1TXAG0002,20140228,PRCP,0,,,N,0700
US1TXAG0002,20140201,SNOW,0,,,N,0630
US1TXAG0002,20140206,SNOW,0,,,N,0700
US1TXAG0002,20140209,SNOW,0,,,N,0700
US1TXAG0002,20140210,SNOW,0,,,N,0700
US1TXAG0002,20140213,SNOW,0,,,N,0700
US1TXAG0002,20140214,SNOW,0,,,N,0700
US1TXAG0002,20140215,SNOW,0,,,N,0700
US1TXAG0002,20140216,SNOW,0,,,N,0700
US1TXAG0002,20140217,SNOW,0,,,N,0700
US1TXAG0002,20140218,SNOW,0,,,N,0700
US1TXAG0002,20140219,SNOW,0,,,N,0700
US1TXAG0002,20140220,SNOW,0,,,N,0700
US1TXAG0002,20140222,SNOW,0,,,N,0700
US1TXAG0002,20140223,SNOW,0,,,N,0700
US1TXAG0002,20140224,SNOW,0,,,N,0700
US1TXAG0002,20140225,SNOW,0,,,N,0700
US1TXAG0002,20140227,SNOW,0,,,N,0700
US1TXAG0002,20140228,SNOW,0,,,N,0700
US1TXAG0002,20140301,PRCP,28,,,N,0700
US1TXAG0002,20140302,PRCP,0,,,N,0700
US1TXAG0002,20140303,PRCP,36,,,N,0700
US1TXAG0002,20140304,PRCP,0,,,N,0700
US1TXAG0002,20140305,PRCP,5,,,N,0600
US1TXAG0002,20140306,PRCP,18,,,N,0700
US1TXAG0002,20140307,PRCP,0,,,N,0700
US1TXAG0002,20140308,PRCP,86,,,N,0700
US1TXAG0002,20140309,PRCP,0,,,N,0700
US1TXAG0002,20140310,PRCP,0,,,N,0700
US1TXAG0002,20140311,PRCP,0,,,N,0700
US1TXAG0002,20140312,PRCP,0,,,N,0700
US1TXAG0002,20140313,PRCP,0,,,N,0700
US1TXAG0002,20140314,PRCP,0,,,N,0700
US1TXAG0002,20140315,PRCP,0,,,N,0700
US1TXAG0002,20140316,PRCP,457,,,N,0700
US1TXAG0002,20140317,PRCP,0,,,N,0700
US1TXAG0002,20140318,PRCP,0,,,N,0700
US1TXAG0002,20140319,PRCP,0,,,N,0700
US1TXAG0002,20140320,PRCP,0,,,N,0700
US1TXAG0002,20140321,PRCP,0,,,N,0700
US1TXAG0002,20140322,PRCP,0,,,N,0700
US1TXAG0002,20140323,PRCP,10,,,N,0700
US1TXAG0002,20140324,PRCP,5,,,N,0700
US1TXAG0002,20140325,PRCP,0,,,N,0700
US1TXAG0002,20140326,PRCP,0,,,N,0700
US1TXAG0002,20140327,PRCP,0,,,N,0700
US1TXAG0002,20140328,PRCP,97,,,N,0700
US1TXAG0002,20140329,PRCP,119,,,N,0700
US1TXAG0002,20140330,PRCP,0,,,N,0700
US1TXAG0002,20140331,PRCP,0,,,N,0700
US1TXAG0002,20140302,SNOW,0,,,N,0700
US1TXAG0002,20140304,SNOW,0,,,N,0700
US1TXAG0002,20140307,SNOW,0,,,N,0700
US1TXAG0002,20140309,SNOW,0,,,N,0700
US1TXAG0002,20140310,SNOW,0,,,N,0700
US1TXAG0002,20140311,SNOW,0,,,N,0700
US1TXAG0002,20140312,SNOW,0,,,N,0700
US1TXAG0002,20140313,SNOW,0,,,N,0700
US1TXAG0002,20140314,SNOW,0,,,N,0700
US1TXAG0002,20140315,SNOW,0,,,N,0700
US1TXAG0002,20140316,SNOW,0,,,N,0700
US1TXAG0002,20140317,SNOW,0,,,N,0700
US1TXAG0002,20140318,SNOW,0,,,N,0700
US1TXAG0002,20140319,SNOW,0,,,N,0700
US1TXAG0002,20140320,SNOW,0,,,N,0700
US1TXAG0002,20140321,SNOW,0,,,N,0700
US1TXAG0002,20140322,SNOW,0,,,N,0700
US1TXAG0002,20140325,SNOW,0,,,N,0700
US1TXAG0002,20140326,SNOW,0,,,N,0700
US1TXAG0002,20140327,SNOW,0,,,N,0700
US1TXAG0002,20140330,SNOW,0,,,N,0700
US1TXAG0002,20140331,SNOW,0,,,N,0700
US1TXAG0002,20140401,PRCP,0,,,N,0700
US1TXAG0002,20140402,PRCP,0,,,N,0530
US1TXAG0002,20140403,PRCP,0,,,N,0700
US1TXAG0002,20140404,PRCP,51,,,N,0700
US1TXAG0002,20140405,PRCP,0,,,N,0700
US1TXAG0002,20140406,PRCP,33,,,N,0700
US1TXAG0002,20140407,PRCP,124,,,N,0700
US1TXAG0002,20140408,PRCP,5,,,N,0700
US1TXAG0002,20140409,PRCP,0,,,N,0700
US1TXAG0002,20140410,PRCP,0,,,N,0700
US1TXAG0002,20140411,PRCP,0,,,N,0700
US1TXAG0002,20140412,PRCP,0,,,N,0700
US1TXAG0002,20140413,PRCP,0,,,N,0700
US1TXAG0002,20140414,PRCP,8,,,N,0700
US1TXAG0002,20140415,PRCP,69,,,N,0700
US1TXAG0002,20140416,PRCP,0,,,N,0700
US1TXAG0002,20140417,PRCP,0,,,N,0700
US1TXAG0002,20140418,PRCP,0,,,N,0700
US1TXAG0002,20140419,PRCP,0,,,N,0700
US1TXAG0002,20140420,PRCP,0,,,N,0700
US1TXAG0002,20140421,PRCP,0,,,N,0700
US1TXAG0002,20140422,PRCP,23,,,N,0700
US1TXAG0002,20140423,PRCP,0,,,N,0700
US1TXAG0002,20140424,PRCP,0,,,N,0700
US1TXAG0002,20140425,PRCP,0,,,N,0700
US1TXAG0002,20140426,PRCP,0,,,N,0700
US1TXAG0002,20140427,PRCP,0,,,N,0700
US1TXAG0002,20140428,PRCP,173,,,N,0700
US1TXAG0002,20140429,PRCP,0,,,N,0700
US1TXAG0002,20140430,PRCP,0,,,N,0700
US1TXAG0002,20140401,SNOW,0,,,N,0700
US1TXAG0002,20140402,SNOW,0,,,N,0530
US1TXAG0002,20140403,SNOW,0,,,N,0700
US1TXAG0002,20140405,SNOW,0,,,N,0700
US1TXAG0002,20140409,SNOW,0,,,N,0700
US1TXAG0002,20140410,SNOW,0,,,N,0700
US1TXAG0002,20140411,SNOW,0,,,N,0700
US1TXAG0002,20140412,SNOW,0,,,N,0700
US1TXAG0002,20140413,SNOW,0,,,N,0700
US1TXAG0002,20140416,SNOW,0,,,N,0700
US1TXAG0002,20140417,SNOW,0,,,N,0700
US1TXAG0002,20140418,SNOW,0,,,N,0700
US1TXAG0002,20140419,SNOW,0,,,N,0700
US1TXAG0002,20140420,SNOW,0,,,N,0700
US1TXAG0002,20140421,SNOW,0,,,N,0700
US1TXAG0002,20140423,SNOW,0,,,N,0700
US1TXAG0002,20140424,SNOW,0,,,N,0700
US1TXAG0002,20140425,SNOW,0,,,N,0700
US1TXAG0002,20140426,SNOW,0,,,N,0700
US1TXAG0002,20140427,SNOW,0,,,N,0700
US1TXAG0002,20140429,SNOW,0,,,N,0700
US1TXAG0002,20140430,SNOW,0,,,N,0700
US1TXAG0002,20140501,PRCP,0,,,N,0430
US1TXAG0002,20140502,PRCP,0,,,N,0700
US1TXAG0002,20140503,PRCP,0,,,N,0700
US1TXAG0002,20140504,PRCP,0,,,N,0700
US1TXAG0002,20140505,PRCP,0,,,N,0700
US1TXAG0002,20140506,PRCP,0,,,N,0700
US1TXAG0002,20140507,PRCP,0,,,N,0700
US1TXAG0002,20140508,PRCP,0,,,N,0700
US1TXAG0002,20140509,PRCP,20,,,N,0700
US1TXAG0002,20140510,PRCP,33,,,N,0700
US1TXAG0002,20140511,PRCP,0,,,N,0700
US1TXAG0002,20140512,PRCP,8,,,N,0700
US1TXAG0002,20140513,PRCP,475,,,N,0700
US1TXAG0002,20140514,PRCP,165,,,N,0700
US1TXAG0002,20140515,PRCP,53,,,N,0700
US1TXAG0002,20140516,PRCP,0,,,N,0700
US1TXAG0002,20140517,PRCP,0,,,N,0700
US1TXAG0002,20140518,PRCP,0,,,N,0700
US1TXAG0002,20140519,PRCP,0,,,N,0600
US1TXAG0002,20140520,PRCP,0,,,N,0700
US1TXAG0002,20140521,PRCP,0,,,N,0700
US1TXAG0002,20140522,PRCP,0,,,N,0700
US1TXAG0002,20140523,PRCP,0,,,N,0700
US1TXAG0002,20140524,PRCP,0,,,N,0700
US1TXAG0002,20140525,PRCP,0,,,N,0700
US1TXAG0002,20140526,PRCP,0,,,N,0700
US1TXAG0002,20140527,PRCP,132,,,N,0700
US1TXAG0002,20140528,PRCP,592,,,N,0700
US1TXAG0002,20140529,PRCP,5,,,N,0700
US1TXAG0002,20140530,PRCP,0,,,N,0700
US1TXAG0002,20140531,PRCP,13,,,N,0700
US1TXAG0002,20140501,SNOW,0,,,N,0430
US1TXAG0002,20140502,SNOW,0,,,N,0700
US1TXAG0002,20140503,SNOW,0,,,N,0700
US1TXAG0002,20140504,SNOW,0,,,N,0700
US1TXAG0002,20140505,SNOW,0,,,N,0700
US1TXAG0002,20140506,SNOW,0,,,N,0700
US1TXAG0002,20140507,SNOW,0,,,N,0700
US1TXAG0002,20140508,SNOW,0,,,N,0700
US1TXAG0002,20140509,SNOW,0,,,N,0700
US1TXAG0002,20140511,SNOW,0,,,N,0700
US1TXAG0002,20140516,SNOW,0,,,N,0700
US1TXAG0002,20140517,SNOW,0,,,N,0700
US1TXAG0002,20140518,SNOW,0,,,N,0700
US1TXAG0002,20140519,SNOW,0,,,N,0600
US1TXAG0002,20140520,SNOW,0,,,N,0700
US1TXAG0002,20140521,SNOW,0,,,N,0700
US1TXAG0002,20140522,SNOW,0,,,N,0700
US1TXAG0002,20140523,SNOW,0,,,N,0700
US1TXAG0002,20140524,SNOW,0,,,N,0700
US1TXAG0002,20140525,SNOW,0,,,N,0700
US1TXAG0002,20140526,SNOW,0,,,N,0700
US1TXAG0002,20140530,SNOW,0,,,N,0700
US1TXAG0002,20140531,SNOW,0,,,N,0700
US1TXAG0002,20140601,PRCP,64,,,N,0700
US1TXAG0002,20140602,PRCP,69,,,N,0700
US1TXAG0002,20140603,PRCP,3,,,N,0700
US1TXAG0002,20140604,PRCP,0,,,N,0700
US1TXAG0002,20140605,PRCP,0,,,N,0700
US1TXAG0002,20140606,PRCP,0,,,N,0700
US1TXAG0002,20140607,PRCP,0,,,N,0700
US1TXAG0002,20140608,PRCP,0,,,N,0700
US1TXAG0002,20140609,PRCP,0,,,N,0700
US1TXAG0002,20140610,PRCP,965,,,N,0700
US1TXAG0002,20140611,PRCP,0,,,N,0700
US1TXAG0002,20140612,PRCP,0,,,N,0700
US1TXAG0002,20140613,PRCP,0,,,N,0700
US1TXAG0002,20140614,PRCP,0,,,N,0700
US1TXAG0002,20140615,PRCP,0,,,N,0700
US1TXAG0002,20140616,PRCP,0,,,N,0700
US1TXAG0002,20140617,PRCP,10,,,N,0700
US1TXAG0002,20140618,PRCP,46,,,N,0500
US1TXAG0002,20140619,PRCP,5,,,N,0700
US1TXAG0002,20140620,PRCP,0,,,N,0700
US1TXAG0002,20140621,PRCP,0,,,N,0600
US1TXAG0002,20140622,PRCP,0,,,N,0700
US1TXAG0002,20140623,PRCP,112,,,N,0700
US1TXAG0002,20140624,PRCP,0,,,N,0700
US1TXAG0002,20140625,PRCP,46,,,N,0700
US1TXAG0002,20140626,PRCP,23,,,N,0700
US1TXAG0002,20140627,PRCP,30,,,N,0700
US1TXAG0002,20140628,PRCP,0,,,N,0700
US1TXAG0002,20140629,PRCP,0,,,N,0700
US1TXAG0002,20140630,PRCP,0,,,N,0700
US1TXAG0002,20140604,SNOW,0,,,N,0700
US1TXAG0002,20140605,SNOW,0,,,N,0700
US1TXAG0002,20140606,SNOW,0,,,N,0700
US1TXAG0002,20140607,SNOW,0,,,N,0700
US1TXAG0002,20140608,SNOW,0,,,N,0700
US1TXAG0002,20140609,SNOW,0,,,N,0700
US1TXAG0002,20140613,SNOW,0,,,N,0700
US1TXAG0002,20140614,SNOW,0,,,N,0700
US1TXAG0002,20140615,SNOW,0,,,N,0700
US1TXAG0002,20140616,SNOW,0,,,N,0700
US1TXAG0002,20140619,SNOW,0,,,N,0700
US1TXAG0002,20140620,SNOW,0,,,N,0700
US1TXAG0002,20140621,SNOW,0,,,N,0600
US1TXAG0002,20140622,SNOW,0,,,N,0700
US1TXAG0002,20140624,SNOW,0,,,N,0700
US1TXAG0002,20140628,SNOW,0,,,N,0700
US1TXAG0002,20140629,SNOW,0,,,N,0700
US1TXAG0002,20140630,SNOW,0,,,N,0700
US1TXAG0002,20140701,PRCP,0,,,N,0700
US1TXAG0002,20140702,PRCP,0,,,N,0700
US1TXAG0002,20140703,PRCP,145,,,N,0700
US1TXAG0002,20140704,PRCP,168,,,N,0700
US1TXAG0002,20140705,PRCP,0,,,N,0700
US1TXAG0002,20140706,PRCP,0,,,N,0700
US1TXAG0002,20140707,PRCP,0,,,N,0700
US1TXAG0002,20140708,PRCP,0,,,N,0600
US1TXAG0002,20140709,PRCP,0,,,N,0700
US1TXAG0002,20140710,PRCP,0,,,N,0600
US1TXAG0002,20140711,PRCP,0,,,N,0700
US1TXAG0002,20140712,PRCP,0,,,N,0700
US1TXAG0002,20140713,PRCP,0,,,N,0700
US1TXAG0002,20140714,PRCP,0,,,N,0700
US1TXAG0002,20140715,PRCP,0,T,,N,0700
US1TXAG0002,20140716,PRCP,465,,,N,0700
US1TXAG0002,20140717,PRCP,0,,,N,0630
US1TXAG0002,20140718,PRCP,391,,,N,0700
US1TXAG0002,20140719,PRCP,23,,,N,0700
US1TXAG0002,20140720,PRCP,0,,,N,0700
US1TXAG0002,20140721,PRCP,0,,,N,0700
US1TXAG0002,20140722,PRCP,0,,,N,0700
US1TXAG0002,20140723,PRCP,0,,,N,0700
US1TXAG0002,20140724,PRCP,0,,,N,0700
US1TXAG0002,20140725,PRCP,0,,,N,0700
US1TXAG0002,20140726,PRCP,0,,,N,0630
US1TXAG0002,20140727,PRCP,0,,,N,0700
US1TXAG0002,20140728,PRCP,0,,,N,0530
US1TXAG0002,20140729,PRCP,0,,,N,0700
US1TXAG0002,20140730,PRCP,0,,,N,0700
US1TXAG0002,20140731,PRCP,0,,,N,0700
US1TXAG0002,20140701,SNOW,0,,,N,0700
US1TXAG0002,20140702,SNOW,0,,,N,0700
US1TXAG0002,20140705,SNOW,0,,,N,0700
US1TXAG0002,20140706,SNOW,0,,,N,0700
US1TXAG0002,20140707,SNOW,0,,,N,0700
US1TXAG0002,20140708,SNOW,0,,,N,0600
US1TXAG0002,20140709,SNOW,0,,,N,0700
US1TXAG0002,20140710,SNOW,0,,,N,0600
US1TXAG0002,20140711,SNOW,0,,,N,0700
US1TXAG0002,20140712,SNOW,0,,,N,0700
US1TXAG0002,20140713,SNOW,0,,,N,0700
US1TXAG0002,20140714,SNOW,0,,,N,0700
US1TXAG0002,20140717,SNOW,0,,,N,0630
US1TXAG0002,20140720,SNOW,0,,,N,0700
US1TXAG0002,20140721,SNOW,0,,,N,0700
US1TXAG0002,20140722,SNOW,0,,,N,0700
US1TXAG0002,20140723,SNOW,0,,,N,0700
US1TXAG0002,20140724,SNOW,0,,,N,0700
US1TXAG0002,20140725,SNOW,0,,,N,0700
US1TXAG0002,20140726,SNOW,0,,,N,0630
US1TXAG0002,20140727,SNOW,0,,,N,0700
US1TXAG0002,20140728,SNOW,0,,,N,0530
US1TXAG0002,20140730,SNOW,0,,,N,0700
US1TXAG0002,20140731,SNOW,0,,,N,0700
US1TXAG0002,20140801,PRCP,373,,,N,0700
US1TXAG0002,20140802,PRCP,8,,,N,0700
US1TXAG0002,20140803,PRCP,0,,,N,0700
US1TXAG0002,20140804,PRCP,0,,,N,0700
US1TXAG0002,20140805,PRCP,0,,,N,0700
US1TXAG0002,20140806,PRCP,0,,,N,0700
US1TXAG0002,20140807,PRCP,8,,,N,0600
US1TXAG0002,20140808,PRCP,0,,,N,0700
US1TXAG0002,20140809,PRCP,0,,,N,0700
US1TXAG0002,20140810,PRCP,0,,,N,0700
US1TXAG0002,20140811,PRCP,0,,,N,0700
US1TXAG0002,20140812,PRCP,33,,,N,0700
US1TXAG0002,20140813,PRCP,0,,,N,0700
US1TXAG0002,20140814,PRCP,0,,,N,0700
US1TXAG0002,20140815,PRCP,0,,,N,0700
US1TXAG0002,20140816,PRCP,0,,,N,0700
US1TXAG0002,20140817,PRCP,0,,,N,0600
US1TXAG0002,20140818,PRCP,18,,,N,0700
US1TXAG0002,20140819,PRCP,0,,,N,0700
US1TXAG0002,20140820,PRCP,137,,,N,0700
US1TXAG0002,20140821,PRCP,0,,,N,0700
US1TXAG0002,20140822,PRCP,0,,,N,0700
US1TXAG0002,20140823,PRCP,0,,,N,0700
US1TXAG0002,20140824,PRCP,0,,,N,0700
US1TXAG0002,20140825,PRCP,0,,,N,0700
US1TXAG0002,20140826,PRCP,8,,,N,0700
US1TXAG0002,20140827,PRCP,0,,,N,0700
US1TXAG0002,20140828,PRCP,0,,,N,0700
US1TXAG0002,20140829,PRCP,0,,,N,0700
US1TXAG0002,20140830,PRCP,5,,,N,0700
US1TXAG0002,20140831,PRCP,5,,,N,0700
US1TXAG0002,20140803,SNOW,0,,,N,0700
US1TXAG0002,20140804,SNOW,0,,,N,0700
US1TXAG0002,20140805,SNOW,0,,,N,0700
US1TXAG0002,20140806,SNOW,0,,,N,0700
US1TXAG0002,20140807,SNOW,0,,,N,0600
US1TXAG0002,20140808,SNOW,0,,,N,0700
US1TXAG0002,20140809,SNOW,0,,,N,0700
US1TXAG0002,20140810,SNOW,0,,,N,0700
US1TXAG0002,20140811,SNOW,0,,,N,0700
US1TXAG0002,20140813,SNOW,0,,,N,0700
US1TXAG0002,20140814,SNOW,0,,,N,0700
US1TXAG0002,20140815,SNOW,0,,,N,0700
US1TXAG0002,20140816,SNOW,0,,,N,0700
US1TXAG0002,20140817,SNOW,0,,,N,0600
US1TXAG0002,20140819,SNOW,0,,,N,0700
US1TXAG0002,20140821,SNOW,0,,,N,0700
US1TXAG0002,20140822,SNOW,0,,,N,0700
US1TXAG0002,20140823,SNOW,0,,,N,0700
US1TXAG0002,20140824,SNOW,0,,,N,0700
US1TXAG0002,20140825,SNOW,0,,,N,0700
US1TXAG0002,20140827,SNOW,0,,,N,0700
US1TXAG0002,20140828,SNOW,0,,,N,0700
US1TXAG0002,20140829,SNOW,0,,,N,0700
US1TXAG0002,20140901,PRCP,254,,,N,0700
US1TXAG0002,20140902,PRCP,13,,,N,0700
US1TXAG0002,20140903,PRCP,13,,,N,0700
US1TXAG0002,20140904,PRCP,0,,,N,0700
US1TXAG0002,20140905,PRCP,0,,,N,0700
US1TXAG0002,20140906,PRCP,0,,,N,0700
US1TXAG0002,20140907,PRCP,0,,,N,0600
US1TXAG0002,20140908,PRCP,79,,,N,0700
US1TXAG0002,20140909,PRCP,0,,,N,0700
US1TXAG0002,20140910,PRCP,0,,,N,0700
US1TXAG0002,20140911,PRCP,0,,,N,0700
US1TXAG0002,20140912,PRCP,0,,,N,0700
US1TXAG0002,20140913,PRCP,112,,,N,0700
US1TXAG0002,20140914,PRCP,0,,,N,0700
US1TXAG0002,20140915,PRCP,0,,,N,0700
US1TXAG0002,20140916,PRCP,0,,,N,0700
US1TXAG0002,20140917,PRCP,25,,,N,0700
US1TXAG0002,20140918,PRCP,5,,,N,0700
US1TXAG0002,20140919,PRCP,211,,,N,0700
US1TXAG0002,20140920,PRCP,0,,,N,0700
US1TXAG0002,20140921,PRCP,0,,,N,0610
US1TXAG0002,20140922,PRCP,0,,,N,0610
US1TXAG0002,20140923,PRCP,0,,,N,0700
US1TXAG0002,20140924,PRCP,0,,,N,0700
US1TXAG0002,20140925,PRCP,0,,,N,0600
US1TXAG0002,20140926,PRCP,0,,,N,0600
US1TXAG0002,20140927,PRCP,0,,,N,0700
US1TXAG0002,20140928,PRCP,0,,,N,0600
US1TXAG0002,20140929,PRCP,0,,,N,0700
US1TXAG0002,20140930,PRCP,0,,,N,0700
US1TXAG0002,20140904,SNOW,0,,,N,0700
US1TXAG0002,20140905,SNOW,0,,,N,0700
US1TXAG0002,20140906,SNOW,0,,,N,0700
US1TXAG0002,20140907,SNOW,0,,,N,0600
US1TXAG0002,20140909,SNOW,0,,,N,0700
US1TXAG0002,20140910,SNOW,0,,,N,0700
US1TXAG0002,20140911,SNOW,0,,,N,0700
US1TXAG0002,20140920,SNOW,0,,,N,0700
US1TXAG0002,20140923,SNOW,0,,,N,0700
US1TXAG0002,20140924,SNOW,0,,,N,0700
US1TXAG0002,20140925,SNOW,0,,,N,0600
US1TXAG0002,20140926,SNOW,0,,,N,0600
US1TXAG0002,20140928,SNOW,0,,,N,0600
US1TXAG0002,20140929,SNOW,0,,,N,0700
US1TXAG0002,20140930,SNOW,0,,,N,0700
US1TXAG0002,20141001,PRCP,0,,,N,0700
US1TXAG0002,20141002,PRCP,277,,,N,0700
US1TXAG0002,20141003,PRCP,201,,,N,0700
US1TXAG0002,20141004,PRCP,0,,,N,0700
US1TXAG0002,20141005,PRCP,0,,,N,0700
US1TXAG0002,20141006,PRCP,0,,,N,0700
US1TXAG0002,20141007,PRCP,246,,,N,0700
US1TXAG0002,20141008,PRCP,0,,,N,0700
US1TXAG0002,20141009,PRCP,0,,,N,0700
US1TXAG0002,20141010,PRCP,33,,,N,0700
US1TXAG0002,20141011,PRCP,8,,,N,0700
US1TXAG0002,20141012,PRCP,0,,,N,0700
US1TXAG0002,20141013,PRCP,58,,,N,0700
US1TXAG0002,20141014,PRCP,589,,,N,0700
US1TXAG0002,20141015,PRCP,0,,,N,0700
US1TXAG0002,20141016,PRCP,0,,,N,0700
US1TXAG0002,20141017,PRCP,0,,,N,0700
US1TXAG0002,20141018,PRCP,0,,,N,0700
US1TXAG0002,20141019,PRCP,0,,,N,0700
US1TXAG0002,20141020,PRCP,0,,,N,0700
US1TXAG0002,20141021,PRCP,0,,,N,0700
US1TXAG0002,20141022,PRCP,0,,,N,0700
US1TXAG0002,20141023,PRCP,0,,,N,0700
US1TXAG0002,20141024,PRCP,0,,,N,0700
US1TXAG0002,20141025,PRCP,0,,,N,0700
US1TXAG0002,20141026,PRCP,0,,,N,0700
US1TXAG0002,20141027,PRCP,0,,,N,0700
US1TXAG0002,20141028,PRCP,0,,,N,0700
US1TXAG0002,20141029,PRCP,0,,,N,0700
US1TXAG0002,20141030,PRCP,0,,,N,0700
US1TXAG0002,20141031,PRCP,0,,,N,0700
US1TXAG0002,20141001,SNOW,0,,,N,0700
US1TXAG0002,20141002,SNOW,0,,,N,0700
US1TXAG0002,20141004,SNOW,0,,,N,0700
US1TXAG0002,20141005,SNOW,0,,,N,0700
US1TXAG0002,20141006,SNOW,0,,,N,0700
US1TXAG0002,20141008,SNOW,0,,,N,0700
US1TXAG0002,20141009,SNOW,0,,,N,0700
US1TXAG0002,20141012,SNOW,0,,,N,0700
US1TXAG0002,20141015,SNOW,0,,,N,0700
US1TXAG0002,20141016,SNOW,0,,,N,0700
US1TXAG0002,20141017,SNOW,0,,,N,0700
US1TXAG0002,20141018,SNOW,0,,,N,0700
US1TXAG0002,20141019,SNOW,0,,,N,0700
US1TXAG0002,20141020,SNOW,0,,,N,0700
US1TXAG0002,20141021,SNOW,0,,,N,0700
US1TXAG0002,20141022,SNOW,0,,,N,0700
US1TXAG0002,20141023,SNOW,0,,,N,0700
US1TXAG0002,20141024,SNOW,0,,,N,0700
US1TXAG0002,20141025,SNOW,0,,,N,0700
US1TXAG0002,20141026,SNOW,0,,,N,0700
US1TXAG0002,20141027,SNOW,0,,,N,0700
US1TXAG0002,20141028,SNOW,0,,,N,0700
US1TXAG0002,20141029,SNOW,0,,,N,0700
US1TXAG0002,20141030,SNOW,0,,,N,0700
US1TXAG0002,20141031,SNOW,0,,,N,0700
US1TXAG0002,20141101,PRCP,0,,,N,0700
US1TXAG0002,20141102,PRCP,0,,,N,0700
US1TXAG0002,20141103,PRCP,0,,,N,0700
US1TXAG0002,20141104,PRCP,0,,,N,0700
US1TXAG0002,20141105,PRCP,8,,,N,0700
US1TXAG0002,20141106,PRCP,150,,,N,0700
US1TXAG0002,20141107,PRCP,0,,,N,0700
US1TXAG0002,20141108,PRCP,0,,,N,0700
US1TXAG0002,20141109,PRCP,0,,,N,0700
US1TXAG0002,20141110,PRCP,0,,,N,0700
US1TXAG0002,20141111,PRCP,0,,,N,0626
US1TXAG0002,20141112,PRCP,10,,,N,0700
US1TXAG0002,20141113,PRCP,0,,,N,0700
US1TXAG0002,20141114,PRCP,0,,,N,0600
US1TXAG0002,20141115,PRCP,0,,,N,0700
US1TXAG0002,20141116,PRCP,401,,,N,0700
US1TXAG0002,20141117,PRCP,79,,,N,0700
US1TXAG0002,20141118,PRCP,0,,,N,0700
US1TXAG0002,20141119,PRCP,0,,,N,0700
US1TXAG0002,20141120,PRCP,0,,,N,0700
US1TXAG0002,20141121,PRCP,15,,,N,0700
US1TXAG0002,20141122,PRCP,18,,,N,0700
US1TXAG0002,20141123,PRCP,188,,,N,0700
US1TXAG0002,20141124,PRCP,25,,,N,0700
US1TXAG0002,20141125,PRCP,0,,,N,0700
US1TXAG0002,20141126,PRCP,0,,,N,0700
US1TXAG0002,20141127,PRCP,0,,,N,0700
US1TXAG0002,20141128,PRCP,0,,,N,0700
US1TXAG0002,20141129,PRCP,0,,,N,0700
US1TXAG0002,20141130,PRCP,0,,,N,0700
US1TXAG0002,20141101,SNOW,0,,,N,0700
US1TXAG0002,20141102,SNOW,0,,,N,0700
US1TXAG0002,20141103,SNOW,0,,,N,0700
US1TXAG0002,20141104,SNOW,0,,,N,0700
US1TXAG0002,20141107,SNOW,0,,,N,0700
US1TXAG0002,20141108,SNOW,0,,,N,0700
US1TXAG0002,20141109,SNOW,0,,,N,0700
US1TXAG0002,20141110,SNOW,0,,,N,0700
US1TXAG0002,20141111,SNOW,0,,,N,0626
US1TXAG0002,20141113,SNOW,0,,,N,0700
US1TXAG0002,20141114,SNOW,0,,,N,0600
US1TXAG0002,20141115,SNOW,0,,,N,0700
US1TXAG0002,20141118,SNOW,0,,,N,0700
US1TXAG0002,20141119,SNOW,0,,,N,0700
US1TXAG0002,20141120,SNOW,0,,,N,0700
US1TXAG0002,20141125,SNOW,0,,,N,0700
US1TXAG0002,20141126,SNOW,0,,,N,0700
US1TXAG0002,20141127,SNOW,0,,,N,0700
US1TXAG0002,20141128,SNOW,0,,,N,0700
US1TXAG0002,20141201,PRCP,0,,,N,0700
US1TXAG0002,20141202,PRCP,213,,,N,0700
US1TXAG0002,20141203,PRCP,0,,,N,0700
US1TXAG0002,20141204,PRCP,0,,,N,0700
US1TXAG0002,20141205,PRCP,0,,,N,0700
US1TXAG0002,20141206,PRCP,86,,,N,0700
US1TXAG0002,20141207,PRCP,0,,,N,0700
US1TXAG0002,20141208,PRCP,0,,,N,0700
US1TXAG0002,20141209,PRCP,0,,,N,0700
US1TXAG0002,20141210,PRCP,0,,,N,0700
US1TXAG0002,20141211,PRCP,5,,,N,0700
US1TXAG0002,20141212,PRCP,0,,,N,0700
US1TXAG0002,20141213,PRCP,0,,,N,0700
US1TXAG0002,20141214,PRCP,0,,,N,0700
US1TXAG0002,20141215,PRCP,43,,,N,0700
US1TXAG0002,20141216,PRCP,0,,,N,0700
US1TXAG0002,20141217,PRCP,0,,,N,0700
US1TXAG0002,20141218,PRCP,0,,,N,0700
US1TXAG0002,20141219,PRCP,137,,,N,0700
US1TXAG0002,20141220,PRCP,165,,,N,0700
US1TXAG0002,20141221,PRCP,0,,,N,0700
US1TXAG0002,20141222,PRCP,5,,,N,0700
US1TXAG0002,20141223,PRCP,0,,,N,0700
US1TXAG0002,20141224,PRCP,0,,,N,0700
US1TXAG0002,20141225,PRCP,0,,,N,0700
US1TXAG0002,20141226,PRCP,0,,,N,0700
US1TXAG0002,20141227,PRCP,81,,,N,0700
US1TXAG0002,20141228,PRCP,338,,,N,0700
US1TXAG0002,20141229,PRCP,109,,,N,0700
US1TXAG0002,20141230,PRCP,0,,,N,0700
US1TXAG0002,20141231,PRCP,8,,,N,0700
US1TXAG0002,20141217,SNOW,0,,,N,0700
US1TXAG0002,20141218,SNOW,0,,,N,0700
US1TXAG0002,20141221,SNOW,0,,,N,0700
US1TXAG0002,20141223,SNOW,0,,,N,0700
US1TXAG0002,20141224,SNOW,0,,,N,0700
US1TXAG0002,20141226,SNOW,0,,,N,0700
US1TXAG0002,20141230,SNOW,0,,,N,0700
US1TXAG0002,20150101,PRCP,30,,,N,0700
US1TXAG0002,20150102,PRCP,307,,,N,0700
US1TXAG0002,20150103,PRCP,726,,,N,0700
US1TXAG0002,20150104,PRCP,279,,,N,0700
US1TXAG0002,20150105,PRCP,0,,,N,0700
US1TXAG0002,20150106,PRCP,0,,,N,0700
US1TXAG0002,20150107,PRCP,0,,,N,0630
US1TXAG0002,20150108,PRCP,0,,,N,0700
US1TXAG0002,20150109,PRCP,74,,,N,0700
US1TXAG0002,20150110,PRCP,43,,,N,0700
US1TXAG0002,20150111,PRCP,43,,,N,0700
US1TXAG0002,20150112,PRCP,84,,,N,0700
US1TXAG0002,20150113,PRCP,0,,,N,0700
US1TXAG0002,20150114,PRCP,0,,,N,0700
US1TXAG0002,20150115,PRCP,0,,,N,0700
US1TXAG0002,20150116,PRCP,0,,,N,0700
US1TXAG0002,20150117,PRCP,0,,,N,0700
US1TXAG0002,20150118,PRCP,0,,,N,0700
US1TXAG0002,20150119,PRCP,0,,,N,0700
US1TXAG0002,20150120,PRCP,0,,,N,0700
US1TXAG0002,20150121,PRCP,0,,,N,0700
US1TXAG0002,20150122,PRCP,74,,,N,0700
US1TXAG0002,20150123,PRCP,549,,,N,0700
US1TXAG0002,20150124,PRCP,36,,,N,0700
US1TXAG0002,20150125,PRCP,0,,,N,0700
US1TXAG0002,20150126,PRCP,0,,,N,0700
US1TXAG0002,20150127,PRCP,0,,,N,0700
US1TXAG0002,20150128,PRCP,0,,,N,0700
US1TXAG0002,20150129,PRCP,0,,,N,0700
US1TXAG0002,20150130,PRCP,0,,,N,0700
US1TXAG0002,20150131,PRCP,0,,,N,0500
US1TXAG0002,20150105,SNOW,0,,,N,0700
US1TXAG0002,20150106,SNOW,0,,,N,0700
US1TXAG0002,20150107,SNOW,0,,,N,0630
US1TXAG0002,20150108,SNOW,0,,,N,0700
US1TXAG0002,20150110,SNOW,0,,,N,0700
US1TXAG0002,20150113,SNOW,0,,,N,0700
US1TXAG0002,20150114,SNOW,0,,,N,0700
US1TXAG0002,20150115,SNOW,0,,,N,0700
US1TXAG0002,20150116,SNOW,0,,,N,0700
US1TXAG0002,20150117,SNOW,0,,,N,0700
US1TXAG0002,20150118,SNOW,0,,,N,0700
US1TXAG0002,20150119,SNOW,0,,,N,0700
US1TXAG0002,20150120,SNOW,0,,,N,0700
US1TXAG0002,20150121,SNOW,0,,,N,0700
US1TXAG0002,20150125,SNOW,0,,,N,0700
US1TXAG0002,20150126,SNOW,0,,,N,0700
US1TXAG0002,20150127,SNOW,0,,,N,0700
US1TXAG0002,20150128,SNOW,0,,,N,0700
US1TXAG0002,20150129,SNOW,0,,,N,0700
US1TXAG0002,20150130,SNOW,0,,,N,0700
US1TXAG0002,20150131,SNOW,0,,,N,0500
US1TXAG0002,20150201,PRCP,8,,,N,0700
US1TXAG0002,20150202,PRCP,58,,,N,0700
US1TXAG0002,20150203,PRCP,0,,,N,0700
US1TXAG0002,20150204,PRCP,13,,,N,0700
US1TXAG0002,20150205,PRCP,8,,,N,0700
US1TXAG0002,20150206,PRCP,3,,,N,0700
US1TXAG0002,20150207,PRCP,0,,,N,0700
US1TXAG0002,20150208,PRCP,0,,,N,0700
US1TXAG0002,20150209,PRCP,0,,,N,0700
US1TXAG0002,20150210,PRCP,0,,,N,0700
US1TXAG0002,20150211,PRCP,0,,,N,0700
US1TXAG0002,20150212,PRCP,0,,,N,0700
US1TXAG0002,20150213,PRCP,0,,,N,0700
US1TXAG0002,20150214,PRCP,0,,,N,0700
US1TXAG0002,20150215,PRCP,0,,,N,0700
US1TXAG0002,20150216,PRCP,66,,,N,0700
US1TXAG0002,20150217,PRCP,104,,,N,0700
US1TXAG0002,20150218,PRCP,0,,,N,0700
US1TXAG0002,20150219,PRCP,0,,,N,0700
US1TXAG0002,20150220,PRCP,0,,,N,0700
US1TXAG0002,20150221,PRCP,5,,,N,0700
US1TXAG0002,20150222,PRCP,48,,,N,0700
US1TXAG0002,20150223,PRCP,23,,,N,0700
US1TXAG0002,20150224,PRCP,13,,,N,0700
US1TXAG0002,20150225,PRCP,43,,,N,0700
US1TXAG0002,20150226,PRCP,36,,,N,0700
US1TXAG0002,20150227,PRCP,0,,,N,0700
US1TXAG0002,20150228,PRCP,0,,,N,0700
US1TXAG0002,20150203,SNOW,0,,,N,0700
US1TXAG0002,20150207,SNOW,0,,,N,0700
US1TXAG0002,20150208,SNOW,0,,,N,0700
US1TXAG0002,20150209,SNOW,0,,,N,0700
US1TXAG0002,20150210,SNOW,0,,,N,0700
US1TXAG0002,20150211,SNOW,0,,,N,0700
US1TXAG0002,20150212,SNOW,0,,,N,0700
US1TXAG0002,20150213,SNOW,0,,,N,0700
US1TXAG0002,20150214,SNOW,0,,,N,0700
US1TXAG0002,20150215,SNOW,0,,,N,0700
US1TXAG0002,20150218,SNOW,0,,,N,0700
US1TXAG0002,20150219,SNOW,0,,,N,0700
US1TXAG0002,20150220,SNOW,0,,,N,0700
US1TXAG0002,20150227,SNOW,0,,,N,0700
US1TXAG0002,20150228,SNOW,0,,,N,0700
US1TXAG0002,20150301,PRCP,13,,,N,0700
US1TXAG0002,20150302,PRCP,69,,,N,0700
US1TXAG0002,20150303,PRCP,5,,,N,0700
US1TXAG0002,20150304,PRCP,8,,,N,0700
US1TXAG0002,20150305,PRCP,124,,,N,0700
US1TXAG0002,20150306,PRCP,5,,,N,0700
US1TXAG0002,20150307,PRCP,0,,,N,0700
US1TXAG0002,20150308,PRCP,0,,,N,0700
US1TXAG0002,20150309,PRCP,434,,,N,0700
US1TXAG0002,20150310,PRCP,325,,,N,0700
US1TXAG0002,20150311,PRCP,0,,,N,0700
US1TXAG0002,20150312,PRCP,157,,,N,0700
US1TXAG0002,20150313,PRCP,447,,,N,0700
US1TXAG0002,20150314,PRCP,20,,,N,0700
US1TXAG0002,20150315,PRCP,0,,,N,0643
US1TXAG0002,20150316,PRCP,0,,,N,0630
US1TXAG0002,20150317,PRCP,0,,,N,0700
US1TXAG0002,20150318,PRCP,0,,,N,0700
US1TXAG0002,20150319,PRCP,234,,,N,0700
US1TXAG0002,20150320,PRCP,0,,,N,0700
US1TXAG0002,20150321,PRCP,411,,,N,0700
US1TXAG0002,20150322,PRCP,500,,,N,0700
US1TXAG0002,20150323,PRCP,0,,,N,0700
US1TXAG0002,20150324,PRCP,0,,,N,0700
US1TXAG0002,20150325,PRCP,0,,,N,0700
US1TXAG0002,20150326,PRCP,5,,,N,0700
US1TXAG0002,20150327,PRCP,0,,,N,0700
US1TXAG0002,20150328,PRCP,0,,,N,0700
US1TXAG0002,20150329,PRCP,0,,,N,0700
US1TXAG0002,20150330,PRCP,0,,,N,0700
US1TXAG0002,20150331,PRCP,0,,,N,0700
US1TXAG0002,20150307,SNOW,0,,,N,0700
US1TXAG0002,20150308,SNOW,0,,,N,0700
US1TXAG0002,20150311,SNOW,0,,,N,0700
US1TXAG0002,20150315,SNOW,0,,,N,0643
US1TXAG0002,20150316,SNOW,0,,,N,0630
US1TXAG0002,20150317,SNOW,0,,,N,0700
US1TXAG0002,20150318,SNOW,0,,,N,0700
US1TXAG0002,20150320,SNOW,0,,,N,0700
US1TXAG0002,20150323,SNOW,0,,,N,0700
US1TXAG0002,20150324,SNOW,0,,,N,0700
US1TXAG0002,20150325,SNOW,0,,,N,0700
US1TXAG0002,20150327,SNOW,0,,,N,0700
US1TXAG0002,20150328,SNOW,0,,,N,0700
US1TXAG0002,20150329,SNOW,0,,,N,0700
US1TXAG0002,20150330,SNOW,0,,,N,0700
US1TXAG0002,20150331,SNOW,0,,,N,0700
US1TXAG0002,20150401,PRCP,0,,,N,0700
US1TXAG0002,20150402,PRCP,0,,,N,0700
US1TXAG0002,20150403,PRCP,0,,,N,0700
US1TXAG0002,20150404,PRCP,28,,,N,0700
US1TXAG0002,20150405,PRCP,28,,,N,0700
US1TXAG0002,20150406,PRCP,419,,,N,0700
US1TXAG0002,20150407,PRCP,0,,,N,0700
US1TXAG0002,20150408,PRCP,0,,,N,0700
US1TXAG0002,20150409,PRCP,0,,,N,0700
US1TXAG0002,20150410,PRCP,8,,,N,0700
US1TXAG0002,20150411,PRCP,0,,,N,0700
US1TXAG0002,20150412,PRCP,0,,,N,0700
US1TXAG0002,20150413,PRCP,262,,,N,0700
US1TXAG0002,20150414,PRCP,241,,,N,0700
US1TXAG0002,20150415,PRCP,137,,,N,0700
US1TXAG0002,20150416,PRCP,0,,,N,0700
US1TXAG0002,20150417,PRCP,196,,,N,0700
US1TXAG0002,20150418,PRCP,69,,,N,0700
US1TXAG0002,20150419,PRCP,23,,,N,0700
US1TXAG0002,20150420,PRCP,3,,,N,0700
US1TXAG0002,20150421,PRCP,0,,,N,0700
US1TXAG0002,20150422,PRCP,0,,,N,0700
US1TXAG0002,20150423,PRCP,0,,,N,0700
US1TXAG0002,20150424,PRCP,0,,,N,0700
US1TXAG0002,20150425,PRCP,74,,,N,0700
US1TXAG0002,20150426,PRCP,0,,,N,0700
US1TXAG0002,20150427,PRCP,508,,,N,0700
US1TXAG0002,20150428,PRCP,23,,,N,0700
US1TXAG0002,20150429,PRCP,0,,,N,0700
US1TXAG0002,20150430,PRCP,0,,,N,0700
US1TXAG0002,20150401,SNOW,0,,,N,0700
US1TXAG0002,20150402,SNOW,0,,,N,0700
US1TXAG0002,20150403,SNOW,0,,,N,0700
US1TXAG0002,20150407,SNOW,0,,,N,0700
US1TXAG0002,20150408,SNOW,0,,,N,0700
US1TXAG0002,20150409,SNOW,0,,,N,0700
US1TXAG0002,20150411,SNOW,0,,,N,0700
US1TXAG0002,20150412,SNOW,0,,,N,0700
US1TXAG0002,20150416,SNOW,0,,,N,0700
US1TXAG0002,20150421,SNOW,0,,,N,0700
US1TXAG0002,20150422,SNOW,0,,,N,0700
US1TXAG0002,20150423,SNOW,0,,,N,0700
US1TXAG0002,20150424,SNOW,0,,,N,0700
US1TXAG0002,20150426,SNOW,0,,,N,0700
US1TXAG0002,20150429,SNOW,0,,,N,0700
US1TXAG0002,20150430,SNOW,0,,,N,0700
US1TXAG0002,20150501,PRCP,0,,,N,0700
US1TXAG0002,20150502,PRCP,0,,,N,0500
US1TXAG0002,20150503,PRCP,0,,,N,0700
US1TXAG0002,20150504,PRCP,0,,,N,0700
US1TXAG0002,20150505,PRCP,0,,,N,0700
US1TXAG0002,20150506,PRCP,0,,,N,0700
US1TXAG0002,20150507,PRCP,33,,,N,0700
US1TXAG0002,20150508,PRCP,0,,,N,0700
US1TXAG0002,20150512,PRCP,241,,,N,0700
US1TXAG0002,20150513,PRCP,277,,,N,0700
US1TXAG0002,20150514,PRCP,102,,,N,0700
US1TXAG0002,20150515,PRCP,10,,,N,0700
US1TXAG0002,20150516,PRCP,99,,,N,0700
US1TXAG0002,20150517,PRCP,5,,,N,0700
US1TXAG0002,20150518,PRCP,226,,,N,0700
US1TXAG0002,20150519,PRCP,224,,,N,0700
US1TXAG0002,20150520,PRCP,30,,,N,0700
US1TXAG0002,20150521,PRCP,5,,,N,0700
US1TXAG0002,20150522,PRCP,53,,,N,0700
US1TXAG0002,20150523,PRCP,5,,,N,0700
US1TXAG0002,20150524,PRCP,0,T,,N,0700
US1TXAG0002,20150525,PRCP,25,,,N,0700
US1TXAG0002,20150526,PRCP,424,,,N,0700
US1TXAG0002,20150527,PRCP,361,,,N,0700
US1TXAG0002,20150528,PRCP,43,,,N,0700
US1TXAG0002,20150529,PRCP,0,,,N,0700
US1TXAG0002,20150530,PRCP,0,,,N,0530
US1TXAG0002,20150531,PRCP,28,,,N,0700
US1TXAG0002,20150501,SNOW,0,,,N,0700
US1TXAG0002,20150502,SNOW,0,,,N,0500
US1TXAG0002,20150503,SNOW,0,,,N,0700
US1TXAG0002,20150504,SNOW,0,,,N,0700
US1TXAG0002,20150505,SNOW,0,,,N,0700
US1TXAG0002,20150506,SNOW,0,,,N,0700
US1TXAG0002,20150508,SNOW,0,,,N,0700
US1TXAG0002,20150523,SNOW,0,,,N,0700
US1TXAG0002,20150529,SNOW,0,,,N,0700
US1TXAG0002,20150530,SNOW,0,,,N,0530
US1TXAG0002,20150511,DAPR,3,,,N,0700
US1TXAG0002,20150511,MDPR,272,,,N,0700
US1TXAG0002,20150601,PRCP,0,,,N,0700
US1TXAG0002,20150602,PRCP,0,,,N,0700
US1TXAG0002,20150603,PRCP,0,,,N,0700
US1TXAG0002,20150604,PRCP,0,,,N,0700
US1TXAG0002,20150605,PRCP,0,,,N,0700
US1TXAG0002,20150606,PRCP,0,,,N,0700
US1TXAG0002,20150607,PRCP,0,,,N,0700
US1TXAG0002,20150608,PRCP,0,,,N,0600
US1TXAG0002,20150609,PRCP,0,,,N,0630
US1TXAG0002,20150610,PRCP,0,,,N,0700
US1TXAG0002,20150611,PRCP,5,,,N,0700
US1TXAG0002,20150612,PRCP,0,,,N,0700
US1TXAG0002,20150613,PRCP,0,,,N,0700
US1TXAG0002,20150614,PRCP,0,,,N,0700
US1TXAG0002,20150615,PRCP,33,,,N,0700
US1TXAG0002,20150616,PRCP,36,,,N,0700
US1TXAG0002,20150617,PRCP,127,,,N,0700
US1TXAG0002,20150618,PRCP,650,,,N,0700
US1TXAG0002,20150619,PRCP,18,,,N,0700
US1TXAG0002,20150620,PRCP,43,,,N,0700
US1TXAG0002,20150621,PRCP,36,,,N,0700
US1TXAG0002,20150622,PRCP,0,,,N,0700
US1TXAG0002,20150623,PRCP,0,,,N,0700
US1TXAG0002,20150624,PRCP,0,,,N,0700
US1TXAG0002,20150625,PRCP,8,,,N,0700
US1TXAG0002,20150626,PRCP,0,,,N,0700
US1TXAG0002,20150627,PRCP,0,,,N,0700
US1TXAG0002,20150628,PRCP,20,,,N,0700
US1TXAG0002,20150629,PRCP,0,,,N,0700
US1TXAG0002,20150630,PRCP,193,,,N,0700
US1TXAG0002,20150601,SNOW,0,,,N,0700
US1TXAG0002,20150602,SNOW,0,,,N,0700
US1TXAG0002,20150603,SNOW,0,,,N,0700
US1TXAG0002,20150604,SNOW,0,,,N,0700
US1TXAG0002,20150605,SNOW,0,,,N,0700
US1TXAG0002,20150606,SNOW,0,,,N,0700
US1TXAG0002,20150607,SNOW,0,,,N,0700
US1TXAG0002,20150608,SNOW,0,,,N,0600
US1TXAG0002,20150609,SNOW,0,,,N,0630
US1TXAG0002,20150610,SNOW,0,,,N,0700
US1TXAG0002,20150611,SNOW,0,,,N,0700
US1TXAG0002,20150612,SNOW,0,,,N,0700
US1TXAG0002,20150613,SNOW,0,,,N,0700
US1TXAG0002,20150614,SNOW,0,,,N,0700
US1TXAG0002,20150622,SNOW,0,,,N,0700
US1TXAG0002,20150623,SNOW,0,,,N,0700
US1TXAG0002,20150624,SNOW,0,,,N,0700
US1TXAG0002,20150626,SNOW,0,,,N,0700
US1TXAG0002,20150627,SNOW,0,,,N,0700
US1TXAG0002,20150629,SNOW,0,,,N,0700
US1TXAG0002,20150701,PRCP,20,,,N,0700
US1TXAG0002,20150702,PRCP,0,,,N,0700
US1TXAG0002,20150703,PRCP,0,,,N,0700
US1TXAG0002,20150704,PRCP,0,,,N,0700
US1TXAG0002,20150705,PRCP,20,,,N,0700
US1TXAG0002,20150706,PRCP,0,,,N,0700
US1TXAG0002,20150707,PRCP,0,,,N,0700
US1TXAG0002,20150708,PRCP,0,,,N,0700
US1TXAG0002,20150709,PRCP,0,,,N,0700
US1TXAG0002,20150710,PRCP,0,,,N,0600
US1TXAG0002,20150711,PRCP,0,,,N,0700
US1TXAG0002,20150712,PRCP,0,,,N,0700
US1TXAG0002,20150713,PRCP,0,,,N,0700
US1TXAG0002,20150714,PRCP,0,,,N,0700
US1TXAG0002,20150715,PRCP,0,,,N,0700
US1TXAG0002,20150716,PRCP,0,,,N,0700
US1TXAG0002,20150717,PRCP,0,,,N,0700
US1TXAG0002,20150718,PRCP,0,,,N,0700
US1TXAG0002,20150719,PRCP,0,,,N,0700
US1TXAG0002,20150720,PRCP,0,,,N,0700
US1TXAG0002,20150721,PRCP,0,,,N,0700
US1TXAG0002,20150722,PRCP,0,,,N,0700
US1TXAG0002,20150723,PRCP,0,,,N,0700
US1TXAG0002,20150724,PRCP,0,,,N,0700
US1TXAG0002,20150725,PRCP,0,,,N,0700
US1TXAG0002,20150726,PRCP,0,,,N,0700
US1TXAG0002,20150727,PRCP,0,,,N,0700
US1TXAG0002,20150728,PRCP,0,,,N,0700
US1TXAG0002,20150729,PRCP,0,,,N,0700
US1TXAG0002,20150730,PRCP,0,,,N,0700
US1TXAG0002,20150731,PRCP,114,,,N,0700
US1TXAG0002,20150702,SNOW,0,,,N,0700
US1TXAG0002,20150703,SNOW,0,,,N,0700
US1TXAG0002,20150704,SNOW,0,,,N,0700
US1TXAG0002,20150706,SNOW,0,,,N,0700
US1TXAG0002,20150707,SNOW,0,,,N,0700
US1TXAG0002,20150708,SNOW,0,,,N,0700
US1TXAG0002,20150709,SNOW,0,,,N,0700
US1TXAG0002,20150710,SNOW,0,,,N,0600
US1TXAG0002,20150711,SNOW,0,,,N,0700
US1TXAG0002,20150712,SNOW,0,,,N,0700
US1TXAG0002,20150713,SNOW,0,,,N,0700
US1TXAG0002,20150714,SNOW,0,,,N,0700
US1TXAG0002,20150715,SNOW,0,,,N,0700
US1TXAG0002,20150716,SNOW,0,,,N,0700
US1TXAG0002,20150717,SNOW,0,,,N,0700
US1TXAG0002,20150718,SNOW,0,,,N,0700
US1TXAG0002,20150719,SNOW,0,,,N,0700
US1TXAG0002,20150720,SNOW,0,,,N,0700
US1TXAG0002,20150721,SNOW,0,,,N,0700
US1TXAG0002,20150722,SNOW,0,,,N,0700
US1TXAG0002,20150723,SNOW,0,,,N,0700
US1TXAG0002,20150724,SNOW,0,,,N,0700
US1TXAG0002,20150725,SNOW,0,,,N,0700
US1TXAG0002,20150726,SNOW,0,,,N,0700
US1TXAG0002,20150727,SNOW,0,,,N,0700
US1TXAG0002,20150728,SNOW,0,,,N,0700
US1TXAG0002,20150729,SNOW,0,,,N,0700
US1TXAG0002,20150730,SNOW,0,,,N,0700
US1TXAG0002,20150801,PRCP,0,,,N,0700
US1TXAG0002,20150802,PRCP,0,,,N,0700
US1TXAG0002,20150803,PRCP,0,,,N,0600
US1TXAG0002,20150804,PRCP,0,,,N,0700
US1TXAG0002,20150805,PRCP,0,,,N,0430
US1TXAG0002,20150806,PRCP,0,,,N,0700
US1TXAG0002,20150807,PRCP,0,,,N,0700
US1TXAG0002,20150808,PRCP,0,,,N,0700
US1TXAG0002,20150809,PRCP,0,,,N,0700
US1TXAG0002,20150810,PRCP,0,,,N,0700
US1TXAG0002,20150811,PRCP,0,,,N,0700
US1TXAG0002,20150812,PRCP,38,,,N,0600
US1TXAG0002,20150813,PRCP,0,,,N,0600
US1TXAG0002,20150814,PRCP,0,,,N,0700
US1TXAG0002,20150815,PRCP,0,,,N,0700
US1TXAG0002,20150816,PRCP,0,,,N,0700
US1TXAG0002,20150817,PRCP,213,,,N,0700
US1TXAG0002,20150818,PRCP,0,,,N,0700
US1TXAG0002,20150819,PRCP,0,,,N,0700
US1TXAG0002,20150820,PRCP,0,,,N,0700
US1TXAG0002,20150821,PRCP,8,,,N,0700
US1TXAG0002,20150822,PRCP,0,T,,N,0700
US1TXAG0002,20150823,PRCP,74,,,N,0700
US1TXAG0002,20150824,PRCP,0,,,N,0700
US1TXAG0002,20150825,PRCP,0,,,N,0700
US1TXAG0002,20150826,PRCP,0,,,N,0700
US1TXAG0002,20150827,PRCP,0,,,N,0700
US1TXAG0002,20150828,PRCP,0,,,N,0700
US1TXAG0002,20150829,PRCP,0,,,N,0700
US1TXAG0002,20150830,PRCP,0,,,N,0700
US1TXAG0002,20150831,PRCP,0,,,N,0700
US1TXAG0002,20150801,SNOW,0,,,N,0700
US1TXAG0002,20150802,SNOW,0,,,N,0700
US1TXAG0002,20150803,SNOW,0,,,N,0600
US1TXAG0002,20150804,SNOW,0,,,N,0700
US1TXAG0002,20150805,SNOW,0,,,N,0430
US1TXAG0002,20150806,SNOW,0,,,N,0700
US1TXAG0002,20150807,SNOW,0,,,N,0700
US1TXAG0002,20150808,SNOW,0,,,N,0700
US1TXAG0002,20150809,SNOW,0,,,N,0700
US1TXAG0002,20150810,SNOW,0,,,N,0700
US1TXAG0002,20150811,SNOW,0,,,N,0700
US1TXAG0002,20150813,SNOW,0,,,N,0600
US1TXAG0002,20150814,SNOW,0,,,N,0700
US1TXAG0002,20150815,SNOW,0,,,N,0700
US1TXAG0002,20150816,SNOW,0,,,N,0700
US1TXAG0002,20150818,SNOW,0,,,N,0700
US1TXAG0002,20150819,SNOW,0,,,N,0700
US1TXAG0002,20150820,SNOW,0,,,N,0700
US1TXAG0002,20150824,SNOW,0,,,N,0700
US1TXAG0002,20150825,SNOW,0,,,N,0700
US1TXAG0002,20150826,SNOW,0,,,N,0700
US1TXAG0002,20150827,SNOW,0,,,N,0700
US1TXAG0002,20150828,SNOW,0,,,N,0700
US1TXAG0002,20150829,SNOW,0,,,N,0700
US1TXAG0002,20150830,SNOW,0,,,N,0700
US1TXAG0002,20150831,SNOW,0,,,N,0700
US1TXAG0002,20150901,PRCP,0,,,N,0700
US1TXAG0002,20150902,PRCP,0,,,N,0700
US1TXAG0002,20150903,PRCP,0,,,N,0700
US1TXAG0002,20150909,PRCP,0,,,N,0600
US1TXAG0002,20150910,PRCP,0,,,N,0700
US1TXAG0002,20150911,PRCP,0,,,N,0700
US1TXAG0002,20150912,PRCP,18,,,N,0700
US1TXAG0002,20150913,PRCP,168,,,N,0700
US1TXAG0002,20150914,PRCP,0,,,N,0700
US1TXAG0002,20150915,PRCP,0,,,N,0600
US1TXAG0002,20150916,PRCP,46,,,N,0700
US1TXAG0002,20150917,PRCP,0,,,N,0700
US1TXAG0002,20150918,PRCP,0,,,N,0630
US1TXAG0002,20150919,PRCP,0,,,N,0700
US1TXAG0002,20150920,PRCP,0,,,N,0700
US1TXAG0002,20150921,PRCP,8,,,N,0700
US1TXAG0002,20150922,PRCP,0,,,N,0700
US1TXAG0002,20150923,PRCP,0,,,N,0600
US1TXAG0002,20150924,PRCP,0,,,N,0700
US1TXAG0002,20150925,PRCP,0,,,N,0700
US1TXAG0002,20150926,PRCP,0,,,N,0600
US1TXAG0002,20150927,PRCP,0,,,N,0700
US1TXAG0002,20150928,PRCP,104,,,N,0700
US1TXAG0002,20150929,PRCP,282,,,N,0700
US1TXAG0002,20150930,PRCP,0,,,N,0700
US1TXAG0002,20150901,SNOW,0,,,N,0700
US1TXAG0002,20150902,SNOW,0,,,N,0700
US1TXAG0002,20150903,SNOW,0,,,N,0700
US1TXAG0002,20150909,SNOW,0,,,N,0600
US1TXAG0002,20150910,SNOW,0,,,N,0700
US1TXAG0002,20150911,SNOW,0,,,N,0700
US1TXAG0002,20150914,SNOW,0,,,N,0700
US1TXAG0002,20150915,SNOW,0,,,N,0600
US1TXAG0002,20150917,SNOW,0,,,N,0700
US1TXAG0002,20150918,SNOW,0,,,N,0630
US1TXAG0002,20150919,SNOW,0,,,N,0700
US1TXAG0002,20150920,SNOW,0,,,N,0700
US1TXAG0002,20150922,SNOW,0,,,N,0700
US1TXAG0002,20150923,SNOW,0,,,N,0600
US1TXAG0002,20150924,SNOW,0,,,N,0700
US1TXAG0002,20150925,SNOW,0,,,N,0700
US1TXAG0002,20150926,SNOW,0,,,N,0600
US1TXAG0002,20150927,SNOW,0,,,N,0700
US1TXAG0002,20150930,SNOW,0,,,N,0700
US1TXAG0002,20150908,DAPR,5,,,N,0630
US1TXAG0002,20150908,MDPR,18,,,N,0630
US1TXAG0002,20151001,PRCP,0,,,N,0700
US1TXAG0002,20151002,PRCP,0,,,N,0700
US1TXAG0002,20151003,PRCP,0,,,N,0700
US1TXAG0002,20151004,PRCP,0,,,N,0700
US1TXAG0002,20151005,PRCP,0,,,N,0700
US1TXAG0002,20151006,PRCP,0,,,N,0700
US1TXAG0002,20151007,PRCP,0,,,N,0700
US1TXAG0002,20151008,PRCP,0,,,N,0700
US1TXAG0002,20151009,PRCP,0,,,N,0700
US1TXAG0002,20151010,PRCP,0,T,,N,0700
US1TXAG0002,20151011,PRCP,0,,,N,0700
US1TXAG0002,20151012,PRCP,0,,,N,0700
US1TXAG0002,20151013,PRCP,0,,,N,0700
US1TXAG0002,20151014,PRCP,0,,,N,0700
US1TXAG0002,20151015,PRCP,0,,,N,0700
US1TXAG0002,20151016,PRCP,0,,,N,0700
US1TXAG0002,20151017,PRCP,0,,,N,0700
US1TXAG0002,20151018,PRCP,0,,,N,0700
US1TXAG0002,20151019,PRCP,0,,,N,0700
US1TXAG0002,20151020,PRCP,0,,,N,0700
US1TXAG0002,20151021,PRCP,0,,,N,0700
US1TXAG0002,20151022,PRCP,0,,,N,0700
US1TXAG0002,20151023,PRCP,5,,,N,0700
US1TXAG0002,20151024,PRCP,23,,,N,0700
US1TXAG0002,20151025,PRCP,0,,,N,0700
US1TXAG0002,20151026,PRCP,686,,,N,0700
US1TXAG0002,20151027,PRCP,15,,,N,0700
US1TXAG0002,20151028,PRCP,0,,,N,0700
US1TXAG0002,20151029,PRCP,0,,,N,0700
US1TXAG0002,20151030,PRCP,140,,,N,0700
US1TXAG0002,20151031,PRCP,544,,,N,0700
US1TXAG0002,20151001,SNOW,0,,,N,0700
US1TXAG0002,20151002,SNOW,0,,,N,0700
US1TXAG0002,20151003,SNOW,0,,,N,0700
US1TXAG0002,20151004,SNOW,0,,,N,0700
US1TXAG0002,20151005,SNOW,0,,,N,0700
US1TXAG0002,20151006,SNOW,0,,,N,0700
US1TXAG0002,20151007,SNOW,0,,,N,0700
US1TXAG0002,20151008,SNOW,0,,,N,0700
US1TXAG0002,20151009,SNOW,0,,,N,0700
US1TXAG0002,20151011,SNOW,0,,,N,0700
US1TXAG0002,20151012,SNOW,0,,,N,0700
US1TXAG0002,20151013,SNOW,0,,,N,0700
US1TXAG0002,20151014,SNOW,0,,,N,0700
US1TXAG0002,20151015,SNOW,0,,,N,0700
US1TXAG0002,20151017,SNOW,0,,,N,0700
US1TXAG0002,20151018,SNOW,0,,,N,0700
US1TXAG0002,20151019,SNOW,0,,,N,0700
US1TXAG0002,20151020,SNOW,0,,,N,0700
US1TXAG0002,20151021,SNOW,0,,,N,0700
US1TXAG0002,20151022,SNOW,0,,,N,0700
US1TXAG0002,20151025,SNOW,0,,,N,0700
US1TXAG0002,20151028,SNOW,0,,,N,0700
US1TXAG0002,20151029,SNOW,0,,,N,0700
US1TXAG0002,20151030,SNOW,0,,,N,0700
US1TXAG0002,20151101,PRCP,20,,,N,0700
US1TXAG0002,20151102,PRCP,348,,,N,0700
US1TXAG0002,20151103,PRCP,5,,,N,0700
US1TXAG0002,20151104,PRCP,0,,,N,0700
US1TXAG0002,20151105,PRCP,0,,,N,0700
US1TXAG0002,20151106,PRCP,5,,,N,0700
US1TXAG0002,20151107,PRCP,53,,,N,0700
US1TXAG0002,20151108,PRCP,254,,,N,0700
US1TXAG0002,20151109,PRCP,0,,,N,0700
US1TXAG0002,20151110,PRCP,0,,,N,0700
US1TXAG0002,20151111,PRCP,0,,,N,0700
US1TXAG0002,20151112,PRCP,94,,,N,0700
US1TXAG0002,20151113,PRCP,8,,,N,0700
US1TXAG0002,20151114,PRCP,0,,,N,0700
US1TXAG0002,20151115,PRCP,0,,,N,0700
US1TXAG0002,20151116,PRCP,0,,,N,0700
US1TXAG0002,20151117,PRCP,5,,,N,0700
US1TXAG0002,20151118,PRCP,587,,,N,0700
US1TXAG0002,20151119,PRCP,0,,,N,0700
US1TXAG0002,20151120,PRCP,0,,,N,0700
US1TXAG0002,20151121,PRCP,0,,,N,0700
US1TXAG0002,20151122,PRCP,48,,,N,0700
US1TXAG0002,20151123,PRCP,0,,,N,0700
US1TXAG0002,20151124,PRCP,0,,,N,0700
US1TXAG0002,20151125,PRCP,0,,,N,0700
US1TXAG0002,20151126,PRCP,0,,,N,0700
US1TXAG0002,20151127,PRCP,0,,,N,0700
US1TXAG0002,20151128,PRCP,13,,,N,0700
US1TXAG0002,20151129,PRCP,102,,,N,0700
US1TXAG0002,20151130,PRCP,56,,,N,0700
US1TXAG0002,20151104,SNOW,0,,,N,0700
US1TXAG0002,20151105,SNOW,0,,,N,0700
US1TXAG0002,20151109,SNOW,0,,,N,0700
US1TXAG0002,20151110,SNOW,0,,,N,0700
US1TXAG0002,20151111,SNOW,0,,,N,0700
US1TXAG0002,20151114,SNOW,0,,,N,0700
US1TXAG0002,20151115,SNOW,0,,,N,0700
US1TXAG0002,20151116,SNOW,0,,,N,0700
US1TXAG0002,20151119,SNOW,0,,,N,0700
US1TXAG0002,20151120,SNOW,0,,,N,0700
US1TXAG0002,20151121,SNOW,0,,,N,0700
US1TXAG0002,20151123,SNOW,0,,,N,0700
US1TXAG0002,20151124,SNOW,0,,,N,0700
US1TXAG0002,20151125,SNOW,0,,,N,0700
US1TXAG0002,20151126,SNOW,0,,,N,0700
US1TXAG0002,20151127,SNOW,0,,,N,0700
US1TXAG0002,20151201,PRCP,20,,,N,0700
US1TXAG0002,20151202,PRCP,5,,,N,0700
US1TXAG0002,20151203,PRCP,0,,,N,0700
US1TXAG0002,20151204,PRCP,0,,,N,0700
US1TXAG0002,20151205,PRCP,0,,,N,0700
US1TXAG0002,20151206,PRCP,0,,,N,0700
US1TXAG0002,20151207,PRCP,0,,,N,0700
US1TXAG0002,20151208,PRCP,0,,,N,0700
US1TXAG0002,20151209,PRCP,0,,,N,0700
US1TXAG0002,20151210,PRCP,0,,,N,0700
US1TXAG0002,20151211,PRCP,0,,,N,0700
US1TXAG0002,20151212,PRCP,0,,,N,0700
US1TXAG0002,20151213,PRCP,43,,,N,0700
US1TXAG0002,20151214,PRCP,493,,,N,0700
US1TXAG0002,20151215,PRCP,0,,,N,0700
US1TXAG0002,20151216,PRCP,109,,,N,0700
US1TXAG0002,20151217,PRCP,0,,,N,0700
US1TXAG0002,20151218,PRCP,0,,,N,0700
US1TXAG0002,20151219,PRCP,0,,,N,0700
US1TXAG0002,20151220,PRCP,0,,,N,0700
US1TXAG0002,20151221,PRCP,8,,,N,0700
US1TXAG0002,20151222,PRCP,15,,,N,0700
US1TXAG0002,20151223,PRCP,15,,,N,0700
US1TXAG0002,20151224,PRCP,8,,,N,0700
US1TXAG0002,20151225,PRCP,3,,,N,0700
US1TXAG0002,20151226,PRCP,10,,,N,0700
US1TXAG0002,20151227,PRCP,132,,,N,0700
US1TXAG0002,20151228,PRCP,521,,,N,0700
US1TXAG0002,20151229,PRCP,0,,,N,0700
US1TXAG0002,20151230,PRCP,5,,,N,0700
US1TXAG0002,20151231,PRCP,0,,,N,0700
US1TXAG0002,20151203,SNOW,0,,,N,0700
US1TXAG0002,20151204,SNOW,0,,,N,0700
US1TXAG0002,20151205,SNOW,0,,,N,0700
US1TXAG0002,20151206,SNOW,0,,,N,0700
US1TXAG0002,20151207,SNOW,0,,,N,0700
US1TXAG0002,20151208,SNOW,0,,,N,0700
US1TXAG0002,20151209,SNOW,0,,,N,0700
US1TXAG0002,20151210,SNOW,0,,,N,0700
US1TXAG0002,20151211,SNOW,0,,,N,0700
US1TXAG0002,20151212,SNOW,0,,,N,0700
US1TXAG0002,20151215,SNOW,0,,,N,0700
US1TXAG0002,20151217,SNOW,0,,,N,0700
US1TXAG0002,20151218,SNOW,0,,,N,0700
US1TXAG0002,20151219,SNOW,0,,,N,0700
US1TXAG0002,20151220,SNOW,0,,,N,0700
US1TXAG0002,20151221,SNOW,0,,,N,0700
US1TXAG0002,20151229,SNOW,0,,,N,0700
US1TXAG0002,20151231,SNOW,0,,,N,0700
US1TXAG0002,20160101,PRCP,33,,,N,0700
US1TXAG0002,20160102,PRCP,0,,,N,0700
US1TXAG0002,20160103,PRCP,0,,,N,0700
US1TXAG0002,20160104,PRCP,0,,,N,0700
US1TXAG0002,20160105,PRCP,0,,,N,0700
US1TXAG0002,20160106,PRCP,0,,,N,0700
US1TXAG0002,20160107,PRCP,366,,,N,0700
US1TXAG0002,20160108,PRCP,0,,,N,0700
US1TXAG0002,20160109,PRCP,391,,,N,0700
US1TXAG0002,20160110,PRCP,5,,,N,0700
US1TXAG0002,20160111,PRCP,0,,,N,0700
US1TXAG0002,20160112,PRCP,0,,,N,0700
US1TXAG0002,20160113,PRCP,0,,,N,0700
US1TXAG0002,20160114,PRCP,0,,,N,0700
US1TXAG0002,20160115,PRCP,0,,,N,0700
US1TXAG0002,20160116,PRCP,0,,,N,0700
US1TXAG0002,20160117,PRCP,28,,,N,0700
US1TXAG0002,20160118,PRCP,0,,,N,0700
US1TXAG0002,20160119,PRCP,0,,,N,0700
US1TXAG0002,20160120,PRCP,0,T,,N,0700
US1TXAG0002,20160121,PRCP,0,,,N,0700
US1TXAG0002,20160122,PRCP,165,,,N,0700
US1TXAG0002,20160123,PRCP,0,,,N,0700
US1TXAG0002,20160124,PRCP,0,,,N,0700
US1TXAG0002,20160125,PRCP,0,,,N,0700
US1TXAG0002,20160126,PRCP,99,,,N,0700
US1TXAG0002,20160127,PRCP,3,,,N,0700
US1TXAG0002,20160128,PRCP,0,,,N,0700
US1TXAG0002,20160129,PRCP,0,,,N,0700
US1TXAG0002,20160130,PRCP,0,,,N,0700
US1TXAG0002,20160131,PRCP,0,,,N,0700
US1TXAG0002,20160102,SNOW,0,,,N,0700
US1TXAG0002,20160103,SNOW,0,,,N,0700
US1TXAG0002,20160104,SNOW,0,,,N,0700
US1TXAG0002,20160105,SNOW,0,,,N,0700
US1TXAG0002,20160106,SNOW,0,,,N,0700
US1TXAG0002,20160108,SNOW,0,,,N,0700
US1TXAG0002,20160111,SNOW,0,,,N,0700
US1TXAG0002,20160112,SNOW,0,,,N,0700
US1TXAG0002,20160113,SNOW,0,,,N,0700
US1TXAG0002,20160114,SNOW,0,,,N,0700
US1TXAG0002,20160115,SNOW,0,,,N,0700
US1TXAG0002,20160116,SNOW,0,,,N,0700
US1TXAG0002,20160118,SNOW,0,,,N,0700
US1TXAG0002,20160119,SNOW,0,,,N,0700
US1TXAG0002,20160121,SNOW,0,,,N,0700
US1TXAG0002,20160123,SNOW,0,,,N,0700
US1TXAG0002,20160124,SNOW,0,,,N,0700
US1TXAG0002,20160125,SNOW,0,,,N,0700
US1TXAG0002,20160127,SNOW,0,,,N,0700
US1TXAG0002,20160128,SNOW,0,,,N,0700
US1TXAG0002,20160129,SNOW,0,,,N,0700
US1TXAG0002,20160130,SNOW,0,,,N,0700
US1TXAG0002,20160131,SNOW,0,,,N,0700
US1TXAG0002,20160201,PRCP,0,,,N,0700
US1TXAG0002,20160202,PRCP,0,,,N,0700
US1TXAG0002,20160203,PRCP,0,,,N,0700
US1TXAG0002,20160204,PRCP,0,,,N,0700
US1TXAG0002,20160205,PRCP,0,,,N,0700
US1TXAG0002,20160206,PRCP,33,,,N,0700
US1TXAG0002,20160207,PRCP,0,,,N,0700
US1TXAG0002,20160208,PRCP,0,,,N,0700
US1TXAG0002,20160209,PRCP,0,,,N,0700
US1TXAG0002,20160210,PRCP,0,,,N,0700
US1TXAG0002,20160211,PRCP,0,,,N,0700
US1TXAG0002,20160212,PRCP,0,,,N,0700
US1TXAG0002,20160213,PRCP,0,,,N,0700
US1TXAG0002,20160214,PRCP,0,,,N,0700
US1TXAG0002,20160215,PRCP,0,T,,N,0700
US1TXAG0002,20160216,PRCP,0,T,,N,0700
US1TXAG0002,20160217,PRCP,0,,,N,0700
US1TXAG0002,20160218,PRCP,0,,,N,0700
US1TXAG0002,20160219,PRCP,0,,,N,0700
US1TXAG0002,20160220,PRCP,0,,,N,0700
US1TXAG0002,20160221,PRCP,0,,,N,0700
US1TXAG0002,20160222,PRCP,130,,,N,0700
US1TXAG0002,20160223,PRCP,178,,,N,0700
US1TXAG0002,20160224,PRCP,97,,,N,0630
US1TXAG0002,20160225,PRCP,0,,,N,0700
US1TXAG0002,20160226,PRCP,0,,,N,0700
US1TXAG0002,20160227,PRCP,0,,,N,0700
US1TXAG0002,20160228,PRCP,0,,,N,0700
US1TXAG0002,20160229,PRCP,0,,,N,0700
US1TXAG0002,20160201,SNOW,0,,,N,0700
US1TXAG0002,20160202,SNOW,0,,,N,0700
US1TXAG0002,20160203,SNOW,0,,,N,0700
US1TXAG0002,20160208,SNOW,0,,,N,0700
US1TXAG0002,20160209,SNOW,0,,,N,0700
US1TXAG0002,20160210,SNOW,0,,,N,0700
US1TXAG0002,20160211,SNOW,0,,,N,0700
US1TXAG0002,20160212,SNOW,0,,,N,0700
US1TXAG0002,20160213,SNOW,0,,,N,0700
US1TXAG0002,20160214,SNOW,0,,,N,0700
US1TXAG0002,20160217,SNOW,0,,,N,0700
US1TXAG0002,20160218,SNOW,0,,,N,0700
US1TXAG0002,20160219,SNOW,0,,,N,0700
US1TXAG0002,20160220,SNOW,0,,,N,0700
US1TXAG0002,20160221,SNOW,0,,,N,0700
US1TXAG0002,20160225,SNOW,0,,,N,0700
US1TXAG0002,20160226,SNOW,0,,,N,0700
US1TXAG0002,20160227,SNOW,0,,,N,0700
US1TXAG0002,20160228,SNOW,0,,,N,0700
US1TXAG0002,20160229,SNOW,0,,,N,0700
US1TXAG0002,20160301,PRCP,0,,,N,0700
US1TXAG0002,20160302,PRCP,0,,,N,0700
US1TXAG0002,20160303,PRCP,0,,,N,0700
US1TXAG0002,20160304,PRCP,8,,,N,0700
US1TXAG0002,20160305,PRCP,0,,,N,0700
US1TXAG0002,20160306,PRCP,0,,,N,0700
US1TXAG0002,20160307,PRCP,0,,,N,0700
US1TXAG0002,20160308,PRCP,0,,,N,0700
US1TXAG0002,20160309,PRCP,508,,,N,0700
US1TXAG0002,20160310,PRCP,1824,,,N,0700
US1TXAG0002,20160311,PRCP,122,,,N,0700
US1TXAG0002,20160312,PRCP,10,,,N,0700
US1TXAG0002,20160313,PRCP,51,,,N,0700
US1TXAG0002,20160314,PRCP,0,,,N,0700
US1TXAG0002,20160315,PRCP,0,,,N,0700
US1TXAG0002,20160316,PRCP,0,,,N,0700
US1TXAG0002,20160317,PRCP,0,,,N,0700
US1TXAG0002,20160318,PRCP,0,,,N,0700
US1TXAG0002,20160319,PRCP,0,,,N,0700
US1TXAG0002,20160320,PRCP,0,,,N,0700
US1TXAG0002,20160321,PRCP,0,,,N,0700
US1TXAG0002,20160322,PRCP,0,,,N,0700
US1TXAG0002,20160323,PRCP,0,,,N,0700
US1TXAG0002,20160324,PRCP,170,,,N,0700
US1TXAG0002,20160325,PRCP,30,,,N,0700
US1TXAG0002,20160326,PRCP,0,,,N,0700
US1TXAG0002,20160327,PRCP,0,,,N,0700
US1TXAG0002,20160328,PRCP,0,,,N,0700
US1TXAG0002,20160329,PRCP,0,,,N,0700
US1TXAG0002,20160330,PRCP,0,T,,N,0700
US1TXAG0002,20160331,PRCP,33,,,N,0700
US1TXAG0002,20160301,SNOW,0,,,N,0700
US1TXAG0002,20160302,SNOW,0,,,N,0700
US1TXAG0002,20160303,SNOW,0,,,N,0700
US1TXAG0002,20160304,SNOW,0,,,N,0700
US1TXAG0002,20160305,SNOW,0,,,N,0700
US1TXAG0002,20160306,SNOW,0,,,N,0700
US1TXAG0002,20160307,SNOW,0,,,N,0700
US1TXAG0002,20160308,SNOW,0,,,N,0700
US1TXAG0002,20160314,SNOW,0,,,N,0700
US1TXAG0002,20160315,SNOW,0,,,N,0700
US1TXAG0002,20160316,SNOW,0,,,N,0700
US1TXAG0002,20160317,SNOW,0,,,N,0700
US1TXAG0002,20160318,SNOW,0,,,N,0700
US1TXAG0002,20160319,SNOW,0,,,N,0700
US1TXAG0002,20160320,SNOW,0,,,N,0700
US1TXAG0002,20160321,SNOW,0,,,N,0700
US1TXAG0002,20160322,SNOW,0,,,N,0700
US1TXAG0002,20160323,SNOW,0,,,N,0700
US1TXAG0002,20160326,SNOW,0,,,N,0700
US1TXAG0002,20160327,SNOW,0,,,N,0700
US1TXAG0002,20160328,SNOW,0,,,N,0700
US1TXAG0002,20160329,SNOW,0,,,N,0700
US1TXAG0002,20160401,PRCP,0,,,N,0700
US1TXAG0002,20160402,PRCP,10,,,N,0700
US1TXAG0002,20160403,PRCP,0,,,N,0700
US1TXAG0002,20160404,PRCP,0,,,N,0700
US1TXAG0002,20160405,PRCP,0,,,N,0700
US1TXAG0002,20160406,PRCP,0,,,N,0700
US1TXAG0002,20160407,PRCP,0,,,N,0700
US1TXAG0002,20160408,PRCP,0,,,N,0700
US1TXAG0002,20160409,PRCP,0,,,N,0700
US1TXAG0002,20160410,PRCP,0,,,N,0700
US1TXAG0002,20160411,PRCP,5,,,N,0700
US1TXAG0002,20160412,PRCP,15,,,N,0700
US1TXAG0002,20160413,PRCP,84,,,N,0700
US1TXAG0002,20160414,PRCP,10,,,N,0700
US1TXAG0002,20160415,PRCP,91,,,N,0700
US1TXAG0002,20160416,PRCP,0,,,N,0700
US1TXAG0002,20160417,PRCP,8,,,N,0700
US1TXAG0002,20160418,PRCP,137,,,N,0700
US1TXAG0002,20160419,PRCP,404,,,N,0700
US1TXAG0002,20160420,PRCP,699,,,N,0700
US1TXAG0002,20160421,PRCP,358,,,N,0700
US1TXAG0002,20160422,PRCP,0,,,N,0700
US1TXAG0002,20160423,PRCP,0,,,N,0700
US1TXAG0002,20160424,PRCP,0,,,N,0700
US1TXAG0002,20160425,PRCP,0,,,N,0700
US1TXAG0002,20160426,PRCP,0,,,N,0700
US1TXAG0002,20160427,PRCP,384,,,N,0700
US1TXAG0002,20160428,PRCP,8,,,N,0700
US1TXAG0002,20160429,PRCP,0,,,N,0700
US1TXAG0002,20160430,PRCP,645,,,N,0700
US1TXAG0002,20160401,SNOW,0,,,N,0700
US1TXAG0002,20160403,SNOW,0,,,N,0700
US1TXAG0002,20160404,SNOW,0,,,N,0700
US1TXAG0002,20160405,SNOW,0,,,N,0700
US1TXAG0002,20160406,SNOW,0,,,N,0700
US1TXAG0002,20160407,SNOW,0,,,N,0700
US1TXAG0002,20160408,SNOW,0,,,N,0700
US1TXAG0002,20160409,SNOW,0,,,N,0700
US1TXAG0002,20160410,SNOW,0,,,N,0700
US1TXAG0002,20160416,SNOW,0,,,N,0700
US1TXAG0002,20160422,SNOW,0,,,N,0700
US1TXAG0002,20160423,SNOW,0,,,N,0700
US1TXAG0002,20160424,SNOW,0,,,N,0700
US1TXAG0002,20160425,SNOW,0,,,N,0700
US1TXAG0002,20160426,SNOW,0,,,N,0700
US1TXAG0002,20160427,SNOW,0,,,N,0700
US1TXAG0002,20160429,SNOW,0,,,N,0700
US1TXAG0002,20160501,PRCP,0,,,N,0700
US1TXAG0002,20160502,PRCP,173,,,N,0700
US1TXAG0002,20160503,PRCP,5,,,N,0700
US1TXAG0002,20160504,PRCP,0,,,N,0700
US1TXAG0002,20160505,PRCP,0,,,N,0700
US1TXAG0002,20160506,PRCP,0,,,N,0700
US1TXAG0002,20160507,PRCP,0,,,N,0700
US1TXAG0002,20160508,PRCP,0,,,N,0700
US1TXAG0002,20160509,PRCP,0,,,N,0700
US1TXAG0002,20160510,PRCP,0,,,N,0700
US1TXAG0002,20160511,PRCP,0,,,N,0700
US1TXAG0002,20160512,PRCP,0,,,N,0700
US1TXAG0002,20160513,PRCP,0,,,N,0700
US1TXAG0002,20160514,PRCP,0,,,N,0700
US1TXAG0002,20160515,PRCP,58,,,N,0700
US1TXAG0002,20160516,PRCP,0,,,N,0700
US1TXAG0002,20160517,PRCP,25,,,N,0700
US1TXAG0002,20160518,PRCP,0,,,N,0700
US1TXAG0002,20160519,PRCP,0,,,N,0700
US1TXAG0002,20160520,PRCP,84,,,N,0700
US1TXAG0002,20160521,PRCP,0,,,N,0700
US1TXAG0002,20160522,PRCP,0,,,N,0700
US1TXAG0002,20160523,PRCP,0,,,N,0700
US1TXAG0002,20160524,PRCP,0,,,N,0700
US1TXAG0002,20160525,PRCP,5,,,N,0700
US1TXAG0002,20160526,PRCP,0,,,N,0700
US1TXAG0002,20160527,PRCP,538,,,N,0700
US1TXAG0002,20160528,PRCP,978,,,N,0700
US1TXAG0002,20160529,PRCP,0,,,N,0700
US1TXAG0002,20160531,PRCP,0,,,N,0700
US1TXAG0002,20160501,SNOW,0,,,N,0700
US1TXAG0002,20160504,SNOW,0,,,N,0700
US1TXAG0002,20160505,SNOW,0,,,N,0700
US1TXAG0002,20160506,SNOW,0,,,N,0700
US1TXAG0002,20160507,SNOW,0,,,N,0700
US1TXAG0002,20160508,SNOW,0,,,N,0700
US1TXAG0002,20160509,SNOW,0,,,N,0700
US1TXAG0002,20160510,SNOW,0,,,N,0700
US1TXAG0002,20160511,SNOW,0,,,N,0700
US1TXAG0002,20160512,SNOW,0,,,N,0700
US1TXAG0002,20160513,SNOW,0,,,N,0700
US1TXAG0002,20160514,SNOW,0,,,N,0700
US1TXAG0002,20160516,SNOW,0,,,N,0700
US1TXAG0002,20160519,SNOW,0,,,N,0700
US1TXAG0002,20160521,SNOW,0,,,N,0700
US1TXAG0002,20160526,SNOW,0,,,N,0700
US1TXAG0002,20160531,SNOW,0,,,N,0700
US1TXAG0002,20160601,PRCP,0,,,N,0700
US1TXAG0002,20160602,PRCP,53,,,N,0700
US1TXAG0002,20160603,PRCP,198,,,N,0700
US1TXAG0002,20160604,PRCP,107,,,N,0700
US1TXAG0002,20160605,PRCP,13,,,N,0700
US1TXAG0002,20160606,PRCP,117,,,N,0700
US1TXAG0002,20160607,PRCP,0,,,N,0700
US1TXAG0002,20160608,PRCP,0,,,N,0700
US1TXAG0002,20160609,PRCP,0,,,N,0700
US1TXAG0002,20160610,PRCP,0,,,N,0700
US1TXAG0002,20160614,PRCP,25,,,N,0700
US1TXAG0002,20160615,PRCP,0,,,N,0700
US1TXAG0002,20160616,PRCP,0,,,N,0700
US1TXAG0002,20160617,PRCP,0,,,N,0700
US1TXAG0002,20160618,PRCP,0,,,N,0700
US1TXAG0002,20160619,PRCP,48,,,N,0700
US1TXAG0002,20160620,PRCP,69,,,N,0700
US1TXAG0002,20160621,PRCP,0,,,N,0700
US1TXAG0002,20160622,PRCP,0,,,N,0700
US1TXAG0002,20160623,PRCP,0,,,N,0700
US1TXAG0002,20160624,PRCP,0,,,N,0700
US1TXAG0002,20160625,PRCP,0,,,N,0700
US1TXAG0002,20160626,PRCP,0,,,N,0700
US1TXAG0002,20160627,PRCP,0,,,N,0700
US1TXAG0002,20160628,PRCP,0,,,N,0700
US1TXAG0002,20160629,PRCP,0,T,,N,0700
US1TXAG0002,20160630,PRCP,58,,,N,0700
US1TXAG0002,20160601,SNOW,0,,,N,0700
US1TXAG0002,20160611,SNOW,0,,,N,0700
US1TXAG0002,20160612,SNOW,0,,,N,0700
US1TXAG0002,20160613,DAPR,3,,,N,0700
US1TXAG0002,20160613,MDPR,104,,,N,0700
US1TXAG0002,20160701,PRCP,0,,,N,0500
US1TXAG0002,20160702,PRCP,0,,,N,0700
US1TXAG0002,20160703,PRCP,56,,,N,0700
US1TXAG0002,20160704,PRCP,0,,,N,0700
US1TXAG0002,20160705,PRCP,0,T,,N,0700
US1TXAG0002,20160706,PRCP,0,,,N,0700
US1TXAG0002,20160708,PRCP,0,,,N,0700
US1TXAG0002,20160709,PRCP,0,,,N,0700
US1TXAG0002,20160710,PRCP,0,,,N,0700
US1TXAG0002,20160711,PRCP,0,,,N,0700
US1TXAG0002,20160712,PRCP,0,,,N,0700
US1TXAG0002,20160713,PRCP,0,,,N,0700
US1TXAG0002,20160714,PRCP,0,,,N,0700
US1TXAG0002,20160715,PRCP,0,,,N,0700
US1TXAG0002,20160716,PRCP,0,,,N,0700
US1TXAG0002,20160717,PRCP,0,T,,N,0700
US1TXAG0002,20160718,PRCP,0,,,N,0700
US1TXAG0002,20160719,PRCP,0,,,N,0700
US1TXAG0002,20160720,PRCP,0,,,N,0700
US1TXAG0002,20160721,PRCP,0,,,N,0700
US1TXAG0002,20160722,PRCP,0,,,N,0700
US1TXAG0002,20160723,PRCP,0,,,N,0700
US1TXAG0002,20160724,PRCP,0,,,N,0700
US1TXAG0002,20160725,PRCP,0,,,N,0700
US1TXAG0002,20160726,PRCP,15,,,N,0700
US1TXAG0002,20160727,PRCP,0,,,N,0700
US1TXAG0002,20160728,PRCP,48,,,N,0605
US1TXAG0002,20160729,PRCP,56,,,N,0700
US1TXAG0002,20160730,PRCP,0,,,N,0700
US1TXAG0002,20160731,PRCP,0,,,N,0700
US1TXAG0002,20160801,PRCP,0,,,N,0700
US1TXAG0002,20160802,PRCP,0,,,N,0700
US1TXAG0002,20160803,PRCP,0,,,N,0700
US1TXAG0002,20160804,PRCP,0,,,N,0700
US1TXAG0002,20160805,PRCP,0,,,N,0700
US1TXAG0002,20160806,PRCP,0,,,N,0700
US1TXAG0002,20160807,PRCP,10,,,N,0700
US1TXAG0002,20160808,PRCP,0,,,N,0700
US1TXAG0002,20160809,PRCP,0,,,N,0700
US1TXAG0002,20160810,PRCP,0,,,N,0700
US1TXAG0002,20160811,PRCP,0,,,N,0700
US1TXAG0002,20160812,PRCP,0,,,N,0700
US1TXAG0002,20160813,PRCP,13,,,N,0700
US1TXAG0002,20160814,PRCP,315,,,N,0700
US1TXAG0002,20160815,PRCP,554,,,N,0700
US1TXAG0002,20160816,PRCP,384,,,N,0700
US1TXAG0002,20160817,PRCP,274,,,N,0700
US1TXAG0002,20160818,PRCP,84,,,N,0700
US1TXAG0002,20160819,PRCP,10,,,N,0700
US1TXAG0002,20160820,PRCP,10,,,N,0700
US1TXAG0002,20160821,PRCP,130,,,N,0700
US1TXAG0002,20160822,PRCP,163,,,N,0700
US1TXAG0002,20160823,PRCP,86,,,N,0700
US1TXAG0002,20160824,PRCP,0,,,N,0700
US1TXAG0002,20160825,PRCP,0,,,N,0700
US1TXAG0002,20160826,PRCP,18,,,N,0700
US1TXAG0002,20160827,PRCP,18,,,N,0700
US1TXAG0002,20160828,PRCP,20,,,N,0700
US1TXAG0002,20160829,PRCP,198,,,N,0700
US1TXAG0002,20160830,PRCP,3,,,N,0700
US1TXAG0002,20160831,PRCP,0,,,N,0700
US1TXAG0002,20160901,PRCP,0,,,N,0700
US1TXAG0002,20160902,PRCP,0,,,N,0700
US1TXAG0002,20160903,PRCP,0,,,N,0700
US1TXAG0002,20160904,PRCP,0,,,N,0700
US1TXAG0002,20160905,PRCP,0,,,N,0700
US1TXAG0002,20160906,PRCP,0,,,N,0700
US1TXAG0002,20160907,PRCP,13,,,N,0700
US1TXAG0002,20160908,PRCP,0,,,N,0700
US1TXAG0002,20160909,PRCP,0,,,N,0700
US1TXAG0002,20160910,PRCP,5,,,N,0700
US1TXAG0002,20160911,PRCP,0,,,N,0700
US1TXAG0002,20160912,PRCP,0,,,N,0700
US1TXAG0002,20160913,PRCP,0,,,N,0700
US1TXAG0002,20160914,PRCP,0,,,N,0700
US1TXAG0002,20160915,PRCP,0,,,N,0700
US1TXAG0002,20160916,PRCP,0,,,N,0700
US1TXAG0002,20160917,PRCP,0,,,N,0700
US1TXAG0002,20160918,PRCP,0,,,N,0700
US1TXAG0002,20160919,PRCP,0,,,N,0700
US1TXAG0002,20160920,PRCP,0,,,N,0700
US1TXAG0002,20160922,PRCP,0,,,N,0700
US1TXAG0002,20160923,PRCP,0,,,N,0700
US1TXAG0002,20160924,PRCP,0,,,N,0700
US1TXAG0002,20160925,PRCP,0,,,N,0700
US1TXAG0002,20160926,PRCP,18,,,N,0700
US1TXAG0002,20160927,PRCP,8,,,N,0700
US1TXAG0002,20160928,PRCP,0,,,N,0700
US1TXAG0002,20160929,PRCP,0,,,N,0700
US1TXAG0002,20160930,PRCP,0,,,N,0700
US1TXAG0002,20161001,PRCP,0,,,N,0700
US1TXAG0002,20161002,PRCP,0,,,N,0700
US1TXAG0002,20161003,PRCP,0,,,N,0629
US1TXAG0002,20161004,PRCP,0,,,N,0700
US1TXAG0002,20161005,PRCP,0,,,N,0700
US1TXAG0002,20161006,PRCP,0,,,N,0700
US1TXAG0002,20161007,PRCP,0,,,N,0700
US1TXAG0002,20161008,PRCP,0,,,N,0700
US1TXAG0002,20161009,PRCP,0,,,N,0700
US1TXAG0002,20161010,PRCP,0,,,N,0700
US1TXAG0002,20161011,PRCP,10,,,N,0700
US1TXAG0002,20161012,PRCP,86,,,N,0700
US1TXAG0002,20161013,PRCP,0,,,N,0700
US1TXAG0002,20161014,PRCP,0,,,N,0700
US1TXAG0002,20161015,PRCP,10,,,N,0700
US1TXAG0002,20161016,PRCP,0,,,N,0700
US1TXAG0002,20161017,PRCP,0,,,N,0700
US1TXAG0002,20161018,PRCP,0,,,N,0700
US1TXAG0002,20161019,PRCP,0,,,N,0700
US1TXAG0002,20161020,PRCP,0,,,N,0700
US1TXAG0002,20161021,PRCP,36,,,N,0700
US1TXAG0002,20161022,PRCP,0,,,N,0700
US1TXAG0002,20161023,PRCP,0,,,N,0700
US1TXAG0002,20161024,PRCP,0,,,N,0700
US1TXAG0002,20161025,PRCP,0,,,N,0700
US1TXAG0002,20161026,PRCP,0,,,N,0700
US1TXAG0002,20161027,PRCP,0,,,N,0700
US1TXAG0002,20161028,PRCP,0,,,N,0700
US1TXAG0002,20161029,PRCP,0,,,N,0700
US1TXAG0002,20161030,PRCP,0,,,N,0700
US1TXAG0002,20161031,PRCP,0,,,N,0700
US1TXAG0002,20161101,PRCP,0,,,N,0700
US1TXAG0002,20161102,PRCP,0,,,N,0700
US1TXAG0002,20161103,PRCP,0,,,N,0700
US1TXAG0002,20161104,PRCP,0,,,N,0700
US1TXAG0002,20161105,PRCP,0,T,,N,0700
US1TXAG0002,20161106,PRCP,8,,,N,0700
US1TXAG0002,20161107,PRCP,102,,,N,0700
US1TXAG0002,20161108,PRCP,0,,,N,0700
US1TXAG0002,20161109,PRCP,10,,,N,0700
US1TXAG0002,20161110,PRCP,0,,,N,0700
US1TXAG0002,20161111,PRCP,0,,,N,0700
US1TXAG0002,20161112,PRCP,0,,,N,0700
US1TXAG0002,20161113,PRCP,0,,,N,0700
US1TXAG0002,20161114,PRCP,0,,,N,0700
US1TXAG0002,20161115,PRCP,0,,,N,0700
US1TXAG0002,20161116,PRCP,0,,,N,0700
US1TXAG0002,20161117,PRCP,0,,,N,0700
US1TXAG0002,20161118,PRCP,0,,,N,0700
US1TXAG0002,20161119,PRCP,8,,,N,0700
US1TXAG0002,20161120,PRCP,0,,,N,0700
US1TXAG0002,20161121,PRCP,0,,,N,0700
US1TXAG0002,20161122,PRCP,0,,,N,0700
US1TXAG0002,20161123,PRCP,378,,,N,0700
US1TXAG0002,20161124,PRCP,0,,,N,0700
US1TXAG0002,20161125,PRCP,0,,,N,0700
US1TXAG0002,20161126,PRCP,0,,,N,0700
US1TXAG0002,20161127,PRCP,0,,,N,0700
US1TXAG0002,20161128,PRCP,43,,,N,0700
US1TXAG0002,20161129,PRCP,132,,,N,0700
US1TXAG0002,20161130,PRCP,0,,,N,0700
US1TXAG0002,20161201,PRCP,0,,,N,0700
US1TXAG0002,20161202,PRCP,0,,,N,0700
US1TXAG0002,20161203,PRCP,356,,,N,0700
US1TXAG0002,20161204,PRCP,513,,,N,0700
US1TXAG0002,20161205,PRCP,163,,,N,0700
US1TXAG0002,20161206,PRCP,61,,,N,0700
US1TXAG0002,20161207,PRCP,8,,,N,0700
US1TXAG0002,20161208,PRCP,5,,,N,0700
US1TXAG0002,20161209,PRCP,0,,,N,0700
US1TXAG0002,20161210,PRCP,0,,,N,0700
US1TXAG0002,20161211,PRCP,0,,,N,0700
US1TXAG0002,20161212,PRCP,84,,,N,0700
US1TXAG0002,20161213,PRCP,3,,,N,0700
US1TXAG0002,20161214,PRCP,8,,,N,0700
US1TXAG0002,20161215,PRCP,0,,,N,0700
US1TXAG0002,20161216,PRCP,0,,,N,0700
US1TXAG0002,20161217,PRCP,0,,,N,0700
US1TXAG0002,20161218,PRCP,30,,,N,0700
US1TXAG0002,20161219,PRCP,0,,,N,0700
US1TXAG0002,20161220,PRCP,0,,,N,0700
US1TXAG0002,20161221,PRCP,0,,,N,0700
US1TXAG0002,20161222,PRCP,0,,,N,0700
US1TXAG0002,20161223,PRCP,8,,,N,0700
US1TXAG0002,20161224,PRCP,15,,,N,0700
US1TXAG0002,20161225,PRCP,15,,,N,0700
US1TXAG0002,20161226,PRCP,0,,,N,0700
US1TXAG0002,20161227,PRCP,0,,,N,0700
US1TXAG0002,20161228,PRCP,10,,,N,0700
US1TXAG0002,20161229,PRCP,0,,,N,0700
US1TXAG0002,20161230,PRCP,0,,,N,0700
US1TXAG0002,20170101,PRCP,46,,,N,0700
US1TXAG0002,20170102,PRCP,20,,,N,0700
US1TXAG0002,20170103,PRCP,254,,,N,0700
US1TXAG0002,20170104,PRCP,0,,,N,0700
US1TXAG0002,20170105,PRCP,0,,,N,0700
US1TXAG0002,20170106,PRCP,23,,,N,0700
US1TXAG0002,20170107,PRCP,18,,,N,0700
US1TXAG0002,20170108,PRCP,0,,,N,0700
US1TXAG0002,20170109,PRCP,0,,,N,0700
US1TXAG0002,20170110,PRCP,0,,,N,0700
US1TXAG0002,20170111,PRCP,0,,,N,0700
US1TXAG0002,20170112,PRCP,0,,,N,0700
US1TXAG0002,20170113,PRCP,3,,,N,0700
US1TXAG0002,20170114,PRCP,0,,,N,0700
US1TXAG0002,20170115,PRCP,5,,,N,0700
US1TXAG0002,20170117,PRCP,137,,,N,0700
US1TXAG0002,20170118,PRCP,391,,,N,0700
US1TXAG0002,20170119,PRCP,610,,,N,0700
US1TXAG0002,20170120,PRCP,53,,,N,0700
US1TXAG0002,20170121,PRCP,94,,,N,0700
US1TXAG0002,20170122,PRCP,8,,,N,0700
US1TXAG0002,20170123,PRCP,0,,,N,0700
US1TXAG0002,20170124,PRCP,0,,,N,0700
US1TXAG0002,20170125,PRCP,0,,,N,0700
US1TXAG0002,20170126,PRCP,5,,,N,0700
US1TXAG0002,20170127,PRCP,0,,,N,0700
US1TXAG0002,20170128,PRCP,0,,,N,0700
US1TXAG0002,20170129,PRCP,0,,,N,0700
US1TXAG0002,20170130,PRCP,0,,,N,0700
US1TXAG0002,20170131,PRCP,0,,,N,0700
US1TXAG0002,20170201,PRCP,0,,,N,0700
US1TXAG0002,20170202,PRCP,0,,,N,0700
US1TXAG0002,20170203,PRCP,0,,,N,0700
US1TXAG0002,20170204,PRCP,0,,,N,0700
US1TXAG0002,20170205,PRCP,0,,,N,0700
US1TXAG0002,20170206,PRCP,0,,,N,0700
US1TXAG0002,20170207,PRCP,0,,,N,0700
US1TXAG0002,20170208,PRCP,0,,,N,0700
US1TXAG0002,20170209,PRCP,0,,,N,0700
US1TXAG0002,20170210,PRCP,0,,,N,0700
US1TXAG0002,20170211,PRCP,0,,,N,0700
US1TXAG0002,20170212,PRCP,0,,,N,0700
US1TXAG0002,20170213,PRCP,0,,,N,0700
US1TXAG0002,20170214,PRCP,0,,,N,0700
US1TXAG0002,20170215,PRCP,145,,,N,0700
US1TXAG0002,20170216,PRCP,0,,,N,0700
US1TXAG0002,20170217,PRCP,0,,,N,0700
US1TXAG0002,20170218,PRCP,0,T,,N,0700
US1TXAG0002,20170219,PRCP,0,,,N,0700
US1TXAG0002,20170220,PRCP,0,,,N,0700
US1TXAG0002,20170221,PRCP,277,,,N,0700
US1TXAG0002,20170222,PRCP,0,,,N,0700
US1TXAG0002,20170223,PRCP,0,,,N,0700
US1TXAG0002,20170224,PRCP,0,,,N,0700
US1TXAG0002,20170225,PRCP,0,,,N,0700
US1TXAG0002,20170226,PRCP,0,,,N,0700
US1TXAG0002,20170227,PRCP,0,,,N,0700
US1TXAG0002,20170228,PRCP,10,,,N,0700
US1TXAG0002,20170301,PRCP,5,,,N,0700
US1TXAG0002,20170302,PRCP,0,,,N,0700
US1TXAG0002,20170303,PRCP,0,,,N,0700
US1TXAG0002,20170304,PRCP,0,,,N,0700
US1TXAG0002,20170305,PRCP,91,,,N,0700
US1TXAG0002,20170306,PRCP,28,,,N,0700
US1TXAG0002,20170307,PRCP,74,,,N,0700
US1TXAG0002,20170308,PRCP,18,,,N,0700
US1TXAG0002,20170309,PRCP,0,,,N,0700
US1TXAG0002,20170310,PRCP,0,,,N,0700
US1TXAG0002,20170311,PRCP,94,,,N,0700
US1TXAG0002,20170312,PRCP,3,,,N,0700
US1TXAG0002,20170313,PRCP,0,,,N,0700
US1TXAG0002,20170314,PRCP,0,,,N,0700
US1TXAG0002,20170315,PRCP,0,,,N,0700
US1TXAG0002,20170316,PRCP,0,,,N,0700
US1TXAG0002,20170317,PRCP,0,T,,N,0700
US1TXAG0002,20170318,PRCP,0,,,N,0700
US1TXAG0002,20170319,PRCP,0,,,N,0700
US1TXAG0002,20170320,PRCP,0,,,N,0700
US1TXAG0002,20170321,PRCP,0,,,N,0700
US1TXAG0002,20170322,PRCP,0,,,N,0700
US1TXAG0002,20170323,PRCP,0,,,N,0700
US1TXAG0002,20170324,PRCP,0,,,N,0700
US1TXAG0002,20170325,PRCP,798,,,N,0700
US1TXAG0002,20170326,PRCP,8,,,N,0700
US1TXAG0002,20170327,PRCP,0,,,N,0700
US1TXAG0002,20170328,PRCP,0,,,N,0700
US1TXAG0002,20170329,PRCP,0,,,N,0700
US1TXAG0002,20170330,PRCP,114,,,N,0700
US1TXAG0002,20170331,PRCP,0,,,N,0700
US1TXAG0002,20170401,PRCP,0,,,N,0700
US1TXAG0002,20170402,PRCP,0,,,N,0700
US1TXAG0002,20170403,PRCP,218,,,N,0700
US1TXAG0002,20170404,PRCP,0,,,N,0700
US1TXAG0002,20170405,PRCP,38,,,N,0700
US1TXAG0002,20170406,PRCP,0,,,N,0700
US1TXAG0002,20170407,PRCP,0,,,N,0700
US1TXAG0002,20170408,PRCP,0,,,N,0700
US1TXAG0002,20170409,PRCP,0,,,N,0700
US1TXAG0002,20170410,PRCP,0,,,N,0700
US1TXAG0002,20170411,PRCP,3,,,N,0700
US1TXAG0002,20170412,PRCP,130,,,N,0700
US1TXAG0002,20170413,PRCP,0,,,N,0700
US1TXAG0002,20170414,PRCP,0,,,N,0700
US1TXAG0002,20170415,PRCP,0,T,,N,0700
US1TXAG0002,20170416,PRCP,0,,,N,0700
US1TXAG0002,20170417,PRCP,109,,,N,0700
US1TXAG0002,20170418,PRCP,41,,,N,0700
US1TXAG0002,20170419,PRCP,754,,,N,0700
US1TXAG0002,20170420,PRCP,0,,,N,0700
US1TXAG0002,20170421,PRCP,0,,,N,0700
US1TXAG0002,20170422,PRCP,0,,,N,0700
US1TXAG0002,20170423,PRCP,0,,,N,0700
US1TXAG0002,20170424,PRCP,0,,,N,0700
US1TXAG0002,20170425,PRCP,0,,,N,0700
US1TXAG0002,20170426,PRCP,0,,,N,0700
US1TXAG0002,20170427,PRCP,145,,,N,0700
US1TXAG0002,20170428,PRCP,0,,,N,0700
US1TXAG0002,20170429,PRCP,10,,,N,0700
US1TXAG0002,20170430,PRCP,193,,,N,0700
US1TXAG0002,20170418,SNOW,0,,,N,0700
US1TXAG0002,20170420,SNOW,0,,,N,0700
US1TXAG0002,20170501,PRCP,0,,,N,0700
US1TXAG0002,20170502,PRCP,0,,,N,0700
US1TXAG0002,20170503,PRCP,0,,,N,0700
US1TXAG0002,20170504,PRCP,544,,,N,0700
US1TXAG0002,20170505,PRCP,0,,,N,0700
US1TXAG0002,20170506,PRCP,0,,,N,0700
US1TXAG0002,20170507,PRCP,0,,,N,0700
US1TXAG0002,20170508,PRCP,0,,,N,0700
US1TXAG0002,20170509,PRCP,0,,,N,0700
US1TXAG0002,20170510,PRCP,0,,,N,0700
US1TXAG0002,20170511,PRCP,0,,,N,0700
US1TXAG0002,20170512,PRCP,122,,,N,0700
US1TXAG0002,20170513,PRCP,0,,,N,0700
US1TXAG0002,20170514,PRCP,0,,,N,0700
US1TXAG0002,20170515,PRCP,0,,,N,0700
US1TXAG0002,20170516,PRCP,0,,,N,0700
US1TXAG0002,20170517,PRCP,0,,,N,0700
US1TXAG0002,20170518,PRCP,0,,,N,0700
US1TXAG0002,20170519,PRCP,0,,,N,0700
US1TXAG0002,20170520,PRCP,0,,,N,0700
US1TXAG0002,20170521,PRCP,211,,,N,0700
US1TXAG0002,20170522,PRCP,20,,,N,0700
US1TXAG0002,20170523,PRCP,640,,,N,0700
US1TXAG0002,20170524,PRCP,163,,,N,0700
US1TXAG0002,20170525,PRCP,0,,,N,0700
US1TXAG0002,20170526,PRCP,0,,,N,0700
US1TXAG0002,20170527,PRCP,0,,,N,0700
US1TXAG0002,20170528,PRCP,0,,,N,0700
US1TXAG0002,20170529,PRCP,323,,,N,0700
US1TXAG0002,20170530,PRCP,0,,,N,0700
US1TXAG0002,20170531,PRCP,48,,,N,0700
US1TXAG0002,20170601,PRCP,43,,,N,0700
US1TXAG0002,20170602,PRCP,5,,,N,0700
US1TXAG0002,20170603,PRCP,8,,,N,0700
US1TXAG0002,20170604,PRCP,142,,,N,0700
US1TXAG0002,20170605,PRCP,10,,,N,0700
US1TXAG0002,20170606,PRCP,147,,,N,0700
US1TXAG0002,20170607,PRCP,132,,,N,0700
US1TXAG0002,20170608,PRCP,0,,,N,0700
US1TXAG0002,20170609,PRCP,0,,,N,0700
US1TXAG0002,20170610,PRCP,0,,,N,0700
US1TXAG0002,20170611,PRCP,0,,,N,0700
US1TXAG0002,20170612,PRCP,0,,,N,0700
US1TXAG0002,20170613,PRCP,114,,,N,0700
US1TXAG0002,20170614,PRCP,0,,,N,0700
US1TXAG0002,20170615,PRCP,0,,,N,0700
US1TXAG0002,20170616,PRCP,0,,,N,0700
US1TXAG0002,20170617,PRCP,0,,,N,0700
US1TXAG0002,20170618,PRCP,0,,,N,0700
US1TXAG0002,20170619,PRCP,0,,,N,0700
US1TXAG0002,20170620,PRCP,0,,,N,0700
US1TXAG0002,20170621,PRCP,0,,,N,0700
US1TXAG0002,20170622,PRCP,292,,,N,0700
US1TXAG0002,20170623,PRCP,160,,,N,0700
US1TXAG0002,20170624,PRCP,0,,,N,0700
US1TXAG0002,20170625,PRCP,168,,,N,0700
US1TXAG0002,20170626,PRCP,8,,,N,0700
US1TXAG0002,20170627,PRCP,0,,,N,0700
US1TXAG0002,20170628,PRCP,191,,,N,0700
US1TXAG0002,20170629,PRCP,0,,,N,0700
US1TXAG0002,20170630,PRCP,0,,,N,0700
US1TXAG0002,20170701,PRCP,10,,,N,0700
US1TXAG0002,20170702,PRCP,0,,,N,0700
US1TXAG0002,20170703,PRCP,0,,,N,0700
US1TXAG0002,20170704,PRCP,0,,,N,0700
US1TXAG0002,20170705,PRCP,0,,,N,0700
US1TXAG0002,20170706,PRCP,0,,,N,0700
US1TXAG0002,20170707,PRCP,0,,,N,0700
US1TXAG0002,20170708,PRCP,0,,,N,0700
US1TXAG0002,20170709,PRCP,112,,,N,0700
US1TXAG0002,20170710,PRCP,71,,,N,0700
US1TXAG0002,20170711,PRCP,0,,,N,0700
US1TXAG0002,20170712,PRCP,0,,,N,0700
US1TXAG0002,20170715,PRCP,43,,,N,0700
US1TXAG0002,20170716,PRCP,30,,,N,0700
US1TXAG0002,20170717,PRCP,318,,,N,0700
US1TXAG0002,20170718,PRCP,0,,,N,0700
US1TXAG0002,20170719,PRCP,0,,,N,0700
US1TXAG0002,20170720,PRCP,0,,,N,0700
US1TXAG0002,20170721,PRCP,0,,,N,0700
US1TXAG0002,20170722,PRCP,0,,,N,0700
US1TXAG0002,20170723,PRCP,76,,,N,0700
US1TXAG0002,20170724,PRCP,74,,,N,0700
US1TXAG0002,20170725,PRCP,137,,,N,0700
US1TXAG0002,20170726,PRCP,0,,,N,0700
US1TXAG0002,20170727,PRCP,0,,,N,0700
US1TXAG0002,20170728,PRCP,0,,,N,0700
US1TXAG0002,20170729,PRCP,0,,,N,0700
US1TXAG0002,20170730,PRCP,0,,,N,0700
US1TXAG0002,20170731,PRCP,0,,,N,0700
US1TXAG0002,20170801,PRCP,0,,,N,0700
US1TXAG0002,20170802,PRCP,0,,,N,0700
US1TXAG0002,20170803,PRCP,23,,,N,0700
US1TXAG0002,20170804,PRCP,0,,,N,0700
US1TXAG0002,20170805,PRCP,0,,,N,0700
US1TXAG0002,20170806,PRCP,0,,,N,0700
US1TXAG0002,20170807,PRCP,0,,,N,0700
US1TXAG0002,20170808,PRCP,269,,,N,0700
US1TXAG0002,20170809,PRCP,401,,,N,0700
US1TXAG0002,20170810,PRCP,69,,,N,0700
US1TXAG0002,20170811,PRCP,5,,,N,0700
US1TXAG0002,20170812,PRCP,0,,,N,0700
US1TXAG0002,20170813,PRCP,0,,,N,0700
US1TXAG0002,20170814,PRCP,0,,,N,0700
US1TXAG0002,20170815,PRCP,0,,,N,0700
US1TXAG0002,20170816,PRCP,0,,,N,0700
US1TXAG0002,20170817,PRCP,0,,,N,0700
US1TXAG0002,20170818,PRCP,0,,,N,0700
US1TXAG0002,20170819,PRCP,0,,,N,0700
US1TXAG0002,20170820,PRCP,0,,,N,0700
US1TXAG0002,20170821,PRCP,0,,,N,0700
US1TXAG0002,20170822,PRCP,0,,,N,0700
US1TXAG0002,20170823,PRCP,0,,,N,0700
US1TXAG0002,20170824,PRCP,0,,,N,0700
US1TXAG0002,20170825,PRCP,0,,,N,0700
US1TXAG0002,20170826,PRCP,0,,,N,0700
US1TXAG0002,20170827,PRCP,747,,,N,0700
US1TXAG0002,20170828,PRCP,1377,,,N,0700
US1TXAG0002,20170829,PRCP,732,,,N,0700
US1TXAG0002,20170830,PRCP,1163,,,N,0700
US1TXAG0002,20170831,PRCP,1130,,,N,0700
US1TXAG0002,20170901,PRCP,0,,,N,0700
US1TXAG0002,20170902,PRCP,0,,,N,0700
US1TXAG0002,20170903,PRCP,0,,,N,0700
US1TXAG0002,20170904,PRCP,0,,,N,0700
US1TXAG0002,20170905,PRCP,0,,,N,0700
US1TXAG0002,20170906,PRCP,76,,,N,0700
US1TXAG0002,20170907,PRCP,0,,,N,0700
US1TXAG0002,20170908,PRCP,0,,,N,0700
US1TXAG0002,20170909,PRCP,0,,,N,0700
US1TXAG0002,20170910,PRCP,0,,,N,0700
US1TXAG0002,20170911,PRCP,0,,,N,0700
US1TXAG0002,20170912,PRCP,0,,,N,0700
US1TXAG0002,20170913,PRCP,0,,,N,0700
US1TXAG0002,20170914,PRCP,0,,,N,0700
US1TXAG0002,20170915,PRCP,0,,,N,0700
US1TXAG0002,20170916,PRCP,0,,,N,0700
US1TXAG0002,20170917,PRCP,0,,,N,0700
US1TXAG0002,20170918,PRCP,0,,,N,0700
US1TXAG0002,20170919,PRCP,104,,,N,0700
US1TXAG0002,20170920,PRCP,5,,,N,0700
US1TXAG0002,20170921,PRCP,38,,,N,0700
US1TXAG0002,20170922,PRCP,234,,,N,0700
US1TXAG0002,20170923,PRCP,0,,,N,0700
US1TXAG0002,20170924,PRCP,0,,,N,0700
US1TXAG0002,20170925,PRCP,0,,,N,0700
US1TXAG0002,20170926,PRCP,0,,,N,0700
US1TXAG0002,20170927,PRCP,0,,,N,0700
US1TXAG0002,20170928,PRCP,0,,,N,0700
US1TXAG0002,20170929,PRCP,0,,,N,0700
US1TXAG0002,20170930,PRCP,0,,,N,0700
US1TXAG0002,20171001,PRCP,0,,,N,0700
US1TXAG0002,20171002,PRCP,0,,,N,0700
US1TXAG0002,20171003,PRCP,0,,,N,0700
US1TXAG0002,20171004,PRCP,5,,,N,0700
US1TXAG0002,20171005,PRCP,0,,,N,0700
US1TXAG0002,20171006,PRCP,0,,,N,0700
US1TXAG0002,20171007,PRCP,0,,,N,0700
US1TXAG0002,20171008,PRCP,51,,,N,0700
US1TXAG0002,20171009,PRCP,0,,,N,0700
US1TXAG0002,20171010,PRCP,0,,,N,0700
US1TXAG0002,20171011,PRCP,0,,,N,0700
US1TXAG0002,20171012,PRCP,0,,,N,0700
US1TXAG0002,20171013,PRCP,0,,,N,0700
US1TXAG0002,20171014,PRCP,0,,,N,0700
US1TXAG0002,20171015,PRCP,0,,,N,0700
US1TXAG0002,20171016,PRCP,0,,,N,0700
US1TXAG0002,20171017,PRCP,0,,,N,0700
US1TXAG0002,20171018,PRCP,0,,,N,0700
US1TXAG0002,20171019,PRCP,0,,,N,0700
US1TXAG0002,20171020,PRCP,0,,,N,0700
US1TXAG0002,20171021,PRCP,13,,,N,0700
US1TXAG0002,20171022,PRCP,84,,,N,0700
US1TXAG0002,20171023,PRCP,150,,,N,0700
US1TXAG0002,20171024,PRCP,0,,,N,0700
US1TXAG0002,20171025,PRCP,0,,,N,0700
US1TXAG0002,20171026,PRCP,0,,,N,0700
US1TXAG0002,20171027,PRCP,0,,,N,0700
US1TXAG0002,20171028,PRCP,8,,,N,0700
US1TXAG0002,20171029,PRCP,0,,,N,0700
US1TXAG0002,20171030,PRCP,0,,,N,0700
US1TXAG0002,20171031,PRCP,0,,,N,0700
US1TXAG0002,20171101,PRCP,290,,,N,0700
US1TXAG0002,20171102,PRCP,10,,,N,0700
US1TXAG0002,20171103,PRCP,0,,,N,0700
US1TXAG0002,20171104,PRCP,0,,,N,0700
US1TXAG0002,20171105,PRCP,0,,,N,0700
US1TXAG0002,20171106,PRCP,0,,,N,0700
US1TXAG0002,20171107,PRCP,0,,,N,0700
US1TXAG0002,20171108,PRCP,0,,,N,0700
US1TXAG0002,20171109,PRCP,102,,,N,0700
US1TXAG0002,20171110,PRCP,0,,,N,0700
US1TXAG0002,20171111,PRCP,0,,,N,0700
US1TXAG0002,20171112,PRCP,0,,,N,0700
US1TXAG0002,20171113,PRCP,0,,,N,0700
US1TXAG0002,20171114,PRCP,0,,,N,0700
US1TXAG0002,20171115,PRCP,0,,,N,0700
US1TXAG0002,20171116,PRCP,0,,,N,0700
US1TXAG0002,20171117,PRCP,0,,,N,0700
US1TXAG0002,20171118,PRCP,0,,,N,0700
US1TXAG0002,20171119,PRCP,0,,,N,0700
US1TXAG0002,20171120,PRCP,0,,,N,0700
US1TXAG0002,20171121,PRCP,0,,,N,0645
US1TXAG0002,20171122,PRCP,0,,,N,0700
US1TXAG0002,20171123,PRCP,0,,,N,0700
US1TXAG0002,20171124,PRCP,0,,,N,0700
US1TXAG0002,20171125,PRCP,0,,,N,0700
US1TXAG0002,20171127,PRCP,0,,,N,0700
US1TXAG0002,20171128,PRCP,0,,,N,0700
US1TXAG0002,20171129,PRCP,0,,,N,0700
US1TXAG0002,20171130,PRCP,0,,,N,0700
US1TXAG0002,20171201,PRCP,0,,,N,0700
US1TXAG0002,20171202,PRCP,0,,,N,0700
US1TXAG0002,20171203,PRCP,0,,,N,0700
US1TXAG0002,20171204,PRCP,41,,,N,0700
US1TXAG0002,20171205,PRCP,165,,,N,0700
US1TXAG0002,20171206,PRCP,25,,,N,0700
US1TXAG0002,20171207,PRCP,58,,,N,0700
US1TXAG0002,20171209,PRCP,0,,,N,0700
US1TXAG0002,20171210,PRCP,0,,,N,0700
US1TXAG0002,20171211,PRCP,0,,,N,0700
US1TXAG0002,20171212,PRCP,0,,,N,0700
US1TXAG0002,20171213,PRCP,0,,,N,0700
US1TXAG0002,20171214,PRCP,0,,,N,0700
US1TXAG0002,20171215,PRCP,0,,,N,0700
US1TXAG0002,20171216,PRCP,0,,,N,0700
US1TXAG0002,20171217,PRCP,274,,,N,0700
US1TXAG0002,20171218,PRCP,0,,,N,0700
US1TXAG0002,20171219,PRCP,18,,,N,0700
US1TXAG0002,20171220,PRCP,155,,,N,0700
US1TXAG0002,20171221,PRCP,0,,,N,0700
US1TXAG0002,20171222,PRCP,0,,,N,0700
US1TXAG0002,20171223,PRCP,10,,,N,0700
US1TXAG0002,20171224,PRCP,0,,,N,0700
US1TXAG0002,20171225,PRCP,0,,,N,0700
US1TXAG0002,20171226,PRCP,61,,,N,0700
US1TXAG0002,20171227,PRCP,226,,,N,0700
US1TXAG0002,20171228,PRCP,8,,,N,0700
US1TXAG0002,20171230,PRCP,0,T,,N,0700
US1TXAG0002,20171231,PRCP,13,,,N,0700
US1TXAG0002,20171208,SNOW,13,,,N,0700
US1TXAG0002,20180101,PRCP,0,,,N,0700
US1TXAG0002,20180102,PRCP,0,,,N,0700
US1TXAG0002,20180103,PRCP,0,,,N,0700
US1TXAG0002,20180104,PRCP,0,,,N,0700
US1TXAG0002,20180105,PRCP,0,,,N,0700
US1TXAG0002,20180106,PRCP,0,,,N,0700
US1TXAG0002,20180107,PRCP,0,,,N,0700
US1TXAG0002,20180108,PRCP,290,,,N,0700
US1TXAG0002,20180109,PRCP,0,,,N,0700
US1TXAG0002,20180110,PRCP,5,,,N,0700
US1TXAG0002,20180111,PRCP,13,,,N,0700
US1TXAG0002,20180112,PRCP,328,,,N,0700
US1TXAG0002,20180113,PRCP,0,,,N,0700
US1TXAG0002,20180114,PRCP,0,,,N,0700
US1TXAG0002,20180115,PRCP,0,,,N,0700
US1TXAG0002,20180116,PRCP,0,,,N,0700
US1TXAG0002,20180117,PRCP,0,,,N,0700
US1TXAG0002,20180118,PRCP,0,,,N,0700
US1TXAG0002,20180119,PRCP,0,,,N,0600
US1TXAG0002,20180120,PRCP,0,,,N,0700
US1TXAG0002,20180121,PRCP,48,,,N,0700
US1TXAG0002,20180122,PRCP,236,,,N,0700
US1TXAG0002,20180123,PRCP,0,,,N,0700
US1TXAG0002,20180124,PRCP,0,,,N,0700
US1TXAG0002,20180125,PRCP,0,,,N,0700
US1TXAG0002,20180126,PRCP,0,,,N,0700
US1TXAG0002,20180127,PRCP,132,,,N,0700
US1TXAG0002,20180128,PRCP,137,,,N,0700
US1TXAG0002,20180129,PRCP,0,,,N,0700
US1TXAG0002,20180130,PRCP,0,,,N,0700
US1TXAG0002,20180131,PRCP,0,,,N,0700
US1TXAG0002,20180201,PRCP,0,,,N,0700
US1TXAG0002,20180202,PRCP,0,,,N,0700
US1TXAG0002,20180203,PRCP,0,,,N,0700
US1TXAG0002,20180204,PRCP,124,,,N,0700
US1TXAG0002,20180205,PRCP,8,,,N,0700
US1TXAG0002,20180206,PRCP,30,,,N,0700
US1TXAG0002,20180207,PRCP,38,,,N,0700
US1TXAG0002,20180208,PRCP,112,,,N,0700
US1TXAG0002,20180209,PRCP,0,,,N,0700
US1TXAG0002,20180210,PRCP,378,,,N,0700
US1TXAG0002,20180211,PRCP,178,,,N,0700
US1TXAG0002,20180212,PRCP,8,,,N,0700
US1TXAG0002,20180213,PRCP,0,,,N,0700
US1TXAG0002,20180214,PRCP,43,,,N,0700
US1TXAG0002,20180215,PRCP,0,,,N,0700
US1TXAG0002,20180216,PRCP,0,,,N,0700
US1TXAG0002,20180217,PRCP,0,,,N,0700
US1TXAG0002,20180218,PRCP,5,,,N,0700
US1TXAG0002,20180219,PRCP,0,,,N,0700
US1TXAG0002,20180221,PRCP,104,,,N,0700
US1TXAG0002,20180222,PRCP,996,,,N,0700
US1TXAG0002,20180223,PRCP,112,,,N,0700
US1TXAG0002,20180224,PRCP,5,,,N,0700
US1TXAG0002,20180225,PRCP,155,,,N,0700
US1TXAG0002,20180226,PRCP,772,,,N,0700
US1TXAG0002,20180227,PRCP,0,,,N,0700
US1TXAG0002,20180228,PRCP,0,,,N,0700
US1TXAG0002,20180301,PRCP,23,,,N,0700
US1TXAG0002,20180302,PRCP,0,,,N,0700
US1TXAG0002,20180303,PRCP,0,,,N,0700
US1TXAG0002,20180304,PRCP,0,,,N,0700
US1TXAG0002,20180305,PRCP,0,,,N,0700
US1TXAG0002,20180306,PRCP,124,,,N,0700
US1TXAG0002,20180307,PRCP,0,,,N,0700
US1TXAG0002,20180308,PRCP,0,,,N,0700
US1TXAG0002,20180309,PRCP,0,,,N,0700
US1TXAG0002,20180310,PRCP,0,,,N,0700
US1TXAG0002,20180311,PRCP,0,,,N,0700
US1TXAG0002,20180312,PRCP,0,T,,N,0700
US1TXAG0002,20180313,PRCP,0,,,N,0700
US1TXAG0002,20180314,PRCP,0,,,N,0700
US1TXAG0002,20180315,PRCP,0,,,N,0700
US1TXAG0002,20180316,PRCP,0,,,N,0700
US1TXAG0002,20180317,PRCP,10,,,N,0700
US1TXAG0002,20180318,PRCP,15,,,N,0700
US1TXAG0002,20180319,PRCP,114,,,N,0700
US1TXAG0002,20180320,PRCP,0,,,N,0700
US1TXAG0002,20180321,PRCP,0,,,N,0700
US1TXAG0002,20180322,PRCP,0,,,N,0700
US1TXAG0002,20180323,PRCP,0,,,N,0700
US1TXAG0002,20180324,PRCP,0,,,N,0700
US1TXAG0002,20180325,PRCP,0,,,N,0700
US1TXAG0002,20180326,PRCP,0,,,N,0700
US1TXAG0002,20180327,PRCP,0,,,N,0700
US1TXAG0002,20180328,PRCP,5,,,N,0700
US1TXAG0002,20180329,PRCP,1588,,,N,0700
US1TXAG0002,20180330,PRCP,0,,,N,0700
US1TXAG0002,20180331,PRCP,0,,,N,0700
US1TXAG0002,20180401,PRCP,0,,,N,0700
US1TXAG0002,20180402,PRCP,0,,,N,0700
US1TXAG0002,20180403,PRCP,0,,,N,0700
US1TXAG0002,20180404,PRCP,71,,,N,0700
US1TXAG0002,20180405,PRCP,0,,,N,0700
US1TXAG0002,20180406,PRCP,0,,,N,0700
US1TXAG0002,20180407,PRCP,254,,,N,0700
US1TXAG0002,20180408,PRCP,18,,,N,0700
US1TXAG0002,20180409,PRCP,0,,,N,0700
US1TXAG0002,20180410,PRCP,0,,,N,0700
US1TXAG0002,20180411,PRCP,0,,,N,0700
US1TXAG0002,20180412,PRCP,0,,,N,0700
US1TXAG0002,20180413,PRCP,0,,,N,0700
US1TXAG0002,20180414,PRCP,257,,,N,0700
US1TXAG0002,20180415,PRCP,48,,,N,0700
US1TXAG0002,20180416,PRCP,0,,,N,0700
US1TXAG0002,20180417,PRCP,0,,,N,0700
US1TXAG0002,20180418,PRCP,0,,,N,0700
US1TXAG0002,20180419,PRCP,0,,,N,0700
US1TXAG0002,20180420,PRCP,0,,,N,0700
US1TXAG0002,20180421,PRCP,0,,,N,0700
US1TXAG0002,20180422,PRCP,132,,,N,0700
US1TXAG0002,20180423,PRCP,0,,,N,0700
US1TXAG0002,20180424,PRCP,0,,,N,0700
US1TXAG0002,20180425,PRCP,0,,,N,0700
US1TXAG0002,20180426,PRCP,0,,,N,0700
US1TXAG0002,20180427,PRCP,0,,,N,0700
US1TXAG0002,20180428,PRCP,0,,,N,0700
US1TXAG0002,20180429,PRCP,0,,,N,0700
US1TXAG0002,20180430,PRCP,0,,,N,0700
US1TXAG0002,20180501,PRCP,0,,,N,0700
US1TXAG0002,20180502,PRCP,5,,,N,0700
US1TXAG0002,20180503,PRCP,0,,,N,0700
US1TXAG0002,20180504,PRCP,0,,,N,0700
US1TXAG0002,20180505,PRCP,56,,,N,0700
US1TXAG0002,20180506,PRCP,0,,,N,0700
US1TXAG0002,20180507,PRCP,0,,,N,0700
US1TXAG0002,20180508,PRCP,0,,,N,0700
US1TXAG0002,20180509,PRCP,0,,,N,0700
US1TXAG0002,20180510,PRCP,0,,,N,0700
US1TXAG0002,20180511,PRCP,0,,,N,0700
US1TXAG0002,20180512,PRCP,0,,,N,0700
US1TXAG0002,20180513,PRCP,0,,,N,0700
US1TXAG0002,20180514,PRCP,0,,,N,0700
US1TXAG0002,20180515,PRCP,0,,,N,0700
US1TXAG0002,20180516,PRCP,0,,,N,0700
US1TXAG0002,20180517,PRCP,0,,,N,0700
US1TXAG0002,20180518,PRCP,0,,,N,0700
US1TXAG0002,20180519,PRCP,0,,,N,0700
US1TXAG0002,20180520,PRCP,0,,,N,0700
US1TXAG0002,20180521,PRCP,119,,,N,0700
US1TXAG0002,20180522,PRCP,0,,,N,0700
US1TXAG0002,20180523,PRCP,0,,,N,0700
US1TXAG0002,20180524,PRCP,259,,,N,0700
US1TXAG0002,20180525,PRCP,0,,,N,0700
US1TXAG0002,20180526,PRCP,0,,,N,0700
US1TXAG0002,20180527,PRCP,89,,,N,0700
US1TXAG0002,20180528,PRCP,0,,,N,0700
US1TXAG0002,20180529,PRCP,0,,,N,0700
US1TXAG0002,20180530,PRCP,0,,,N,0700
US1TXAG0002,20180531,PRCP,0,,,N,0700
US1TXAG0002,20180601,PRCP,0,,,N,0700
US1TXAG0002,20180602,PRCP,0,,,N,0700
US1TXAG0002,20180603,PRCP,0,,,N,0700
US1TXAG0002,20180604,PRCP,0,,,N,0700
US1TXAG0002,20180605,PRCP,43,,,N,0700
US1TXAG0002,20180606,PRCP,0,,,N,0700
US1TXAG0002,20180607,PRCP,0,,,N,0700
US1TXAG0002,20180608,PRCP,0,,,N,0700
US1TXAG0002,20180609,PRCP,0,,,N,0700
US1TXAG0002,20180610,PRCP,0,,,N,0700
US1TXAG0002,20180611,PRCP,221,,,N,0700
US1TXAG0002,20180612,PRCP,20,,,N,0700
US1TXAG0002,20180613,PRCP,0,,,N,0700
US1TXAG0002,20180614,PRCP,8,,,N,0700
US1TXAG0002,20180615,PRCP,0,,,N,0700
US1TXAG0002,20180616,PRCP,0,,,N,0700
US1TXAG0002,20180617,PRCP,0,,,N,0700
US1TXAG0002,20180618,PRCP,94,,,N,0700
US1TXAG0002,20180619,PRCP,0,,,N,0700
US1TXAG0002,20180620,PRCP,25,,,N,0700
US1TXAG0002,20180621,PRCP,211,,,N,0700
US1TXAG0002,20180622,PRCP,5,,,N,0700
US1TXAG0002,20180623,PRCP,0,,,N,0700
US1TXAG0002,20180624,PRCP,0,,,N,0700
US1TXAG0002,20180625,PRCP,0,T,,N,0700
US1TXAG0002,20180626,PRCP,8,,,N,0700
US1TXAG0002,20180627,PRCP,0,,,N,0700
US1TXAG0002,20180628,PRCP,0,,,N,0700
US1TXAG0002,20180629,PRCP,0,,,N,0700
US1TXAG0002,20180630,PRCP,0,,,N,0700
US1TXAG0002,20180701,PRCP,0,,,N,0700
US1TXAG0002,20180702,PRCP,0,,,N,0700
US1TXAG0002,20180703,PRCP,0,,,N,0700
US1TXAG0002,20180704,PRCP,267,,,N,0700
US1TXAG0002,20180705,PRCP,157,,,N,0700
US1TXAG0002,20180706,PRCP,8,,,N,0700
US1TXAG0002,20180707,PRCP,333,,,N,0700
US1TXAG0002,20180708,PRCP,58,,,N,0700
US1TXAG0002,20180709,PRCP,20,,,N,0700
US1TXAG0002,20180710,PRCP,582,,,N,0700
US1TXAG0002,20180711,PRCP,0,,,N,0700
US1TXAG0002,20180712,PRCP,13,,,N,0700
US1TXAG0002,20180713,PRCP,48,,,N,0700
US1TXAG0002,20180714,PRCP,0,,,N,0700
US1TXAG0002,20180715,PRCP,0,,,N,0700
US1TXAG0002,20180716,PRCP,0,,,N,0700
US1TXAG0002,20180717,PRCP,0,,,N,0700
US1TXAG0002,20180718,PRCP,0,,,N,0700
US1TXAG0002,20180719,PRCP,0,,,N,0700
US1TXAG0002,20180720,PRCP,0,,,N,0700
US1TXAG0002,20180721,PRCP,0,,,N,0700
US1TXAG0002,20180722,PRCP,0,,,N,0700
US1TXAG0002,20180723,PRCP,0,,,N,0700
US1TXAG0002,20180724,PRCP,0,,,N,0700
US1TXAG0002,20180725,PRCP,0,,,N,0700
US1TXAG0002,20180726,PRCP,0,,,N,0700
US1TXAG0002,20180727,PRCP,0,,,N,0700
US1TXAG0002,20180728,PRCP,0,,,N,0700
US1TXAG0002,20180729,PRCP,0,,,N,0700
US1TXAG0002,20180730,PRCP,150,,,N,0700
US1TXAG0002,20180731,PRCP,894,,,N,0700
US1TXAG0002,20180801,PRCP,279,,,N,0700
US1TXAG0002,20180802,PRCP,0,,,N,0700
US1TXAG0002,20180803,PRCP,0,,,N,0700
US1TXAG0002,20180804,PRCP,0,,,N,0700
US1TXAG0002,20180805,PRCP,0,,,N,0700
US1TXAG0002,20180806,PRCP,0,,,N,0700
US1TXAG0002,20180807,PRCP,254,,,N,0700
US1TXAG0002,20180808,PRCP,8,,,N,0700
US1TXAG0002,20180809,PRCP,0,,,N,0700
US1TXAG0002,20180810,PRCP,0,,,N,0700
US1TXAG0002,20180811,PRCP,69,,,N,0700
US1TXAG0002,20180812,PRCP,61,,,N,0700
US1TXAG0002,20180813,PRCP,5,,,N,0700
US1TXAG0002,20180814,PRCP,0,,,N,0700
US1TXAG0002,20180815,PRCP,0,,,N,0700
US1TXAG0002,20180816,PRCP,0,,,N,0700
US1TXAG0002,20180817,PRCP,0,,,N,0700
US1TXAG0002,20180818,PRCP,0,,,N,0700
US1TXAG0002,20180819,PRCP,0,,,N,0700
US1TXAG0002,20180820,PRCP,0,,,N,0700
US1TXAG0002,20180821,PRCP,0,,,N,0700
US1TXAG0002,20180822,PRCP,0,,,N,0700
US1TXAG0002,20180823,PRCP,0,,,N,0700
US1TXAG0002,20180824,PRCP,0,,,N,0700
US1TXAG0002,20180825,PRCP,0,,,N,0700
US1TXAG0002,20180826,PRCP,0,,,N,0700
US1TXAG0002,20180827,PRCP,0,,,N,0700
US1TXAG0002,20180828,PRCP,287,,,N,0700
US1TXAG0002,20180829,PRCP,10,,,N,0700
US1TXAG0002,20180830,PRCP,0,T,,N,0700
US1TXAG0002,20180905,PRCP,122,,,N,0700
US1TXAG0002,20180906,PRCP,0,,,N,0700
US1TXAG0002,20180907,PRCP,0,,,N,0700
US1TXAG0002,20180908,PRCP,0,,,N,0700
US1TXAG0002,20180909,PRCP,267,,,N,0700
US1TXAG0002,20180910,PRCP,30,,,N,0700
US1TXAG0002,20180911,PRCP,490,,,N,0700
US1TXAG0002,20180912,PRCP,5,,,N,0700
US1TXAG0002,20180913,PRCP,683,,,N,0700
US1TXAG0002,20180914,PRCP,262,,,N,0700
US1TXAG0002,20180915,PRCP,295,,,N,0700
US1TXAG0002,20180916,PRCP,302,,,N,0700
US1TXAG0002,20180917,PRCP,0,,,N,0700
US1TXAG0002,20180918,PRCP,0,,,N,0700
US1TXAG0002,20180919,PRCP,0,,,N,0700
US1TXAG0002,20180920,PRCP,10,,,N,0700
US1TXAG0002,20180921,PRCP,0,,,N,0700
US1TXAG0002,20180922,PRCP,381,,,N,0700
US1TXAG0002,20180923,PRCP,274,,,N,0700
US1TXAG0002,20180924,PRCP,46,,,N,0700
US1TXAG0002,20180925,PRCP,0,,,N,0700
US1TXAG0002,20180926,PRCP,0,,,N,0700
US1TXAG0002,20180927,PRCP,249,,,N,0700
US1TXAG0002,20180928,PRCP,0,,,N,0700
US1TXAG0002,20180929,PRCP,28,,,N,0700
US1TXAG0002,20180930,PRCP,5,,,N,0700
US1TXAG0002,20180904,DAPR,5,,,N,0700
US1TXAG0002,20180904,MDPR,521,,,N,0700
US1TXAG0002,20181001,PRCP,650,,,N,0700
US1TXAG0002,20181002,PRCP,0,,,N,0700
US1TXAG0002,20181003,PRCP,0,,,N,0700
US1TXAG0002,20181004,PRCP,0,,,N,0700
US1TXAG0002,20181005,PRCP,0,,,N,0700
US1TXAG0002,20181006,PRCP,0,,,N,0700
US1TXAG0002,20181007,PRCP,0,,,N,0700
US1TXAG0002,20181008,PRCP,28,,,N,0700
US1TXAG0002,20181009,PRCP,25,,,N,0700
US1TXAG0002,20181010,PRCP,51,,,N,0700
US1TXAG0002,20181011,PRCP,10,,,N,0700
US1TXAG0002,20181012,PRCP,0,,,N,0700
US1TXAG0002,20181013,PRCP,0,,,N,0700
US1TXAG0002,20181014,PRCP,8,,,N,0700
US1TXAG0002,20181015,PRCP,0,,,N,0700
US1TXAG0002,20181016,PRCP,368,,,N,0700
US1TXAG0002,20181017,PRCP,20,,,N,0700
US1TXAG0002,20181018,PRCP,5,,,N,0700
US1TXAG0002,20181019,PRCP,0,T,,N,0700
US1TXAG0002,20181020,PRCP,107,,,N,0700
US1TXAG0002,20181021,PRCP,15,,,N,0700
US1TXAG0002,20181022,PRCP,0,,,N,0700
US1TXAG0002,20181023,PRCP,25,,,N,0700
US1TXAG0002,20181024,PRCP,5,,,N,0700
US1TXAG0002,20181025,PRCP,462,,,N,0700
US1TXAG0002,20181026,PRCP,8,,,N,0700
US1TXAG0002,20181027,PRCP,0,,,N,0700
US1TXAG0002,20181028,PRCP,0,,,N,0700
US1TXAG0002,20181029,PRCP,0,,,N,0700
US1TXAG0002,20181030,PRCP,0,,,N,0700
US1TXAG0002,20181031,PRCP,0,,,N,0700
US1TXAG0002,20181101,PRCP,340,,,N,0700
US1TXAG0002,20181102,PRCP,0,,,N,0700
US1TXAG0002,20181103,PRCP,0,,,N,0700
US1TXAG0002,20181104,PRCP,213,,,N,0700
US1TXAG0002,20181105,PRCP,0,,,N,0700
US1TXAG0002,20181106,PRCP,10,,,N,0700
US1TXAG0002,20181107,PRCP,3,,,N,0700
US1TXAG0002,20181108,PRCP,0,,,N,0700
US1TXAG0002,20181109,PRCP,112,,,N,0700
US1TXAG0002,20181110,PRCP,13,,,N,0700
US1TXAG0002,20181111,PRCP,8,,,N,0700
US1TXAG0002,20181112,PRCP,290,,,N,0700
US1TXAG0002,20181113,PRCP,36,,,N,0700
US1TXAG0002,20181114,PRCP,5,,,N,0700
US1TXAG0002,20181115,PRCP,0,,,N,0700
US1TXAG0002,20181116,PRCP,0,,,N,0700
US1TXAG0002,20181117,PRCP,0,,,N,0700
US1TXAG0002,20181118,PRCP,0,,,N,0700
US1TXAG0002,20181119,PRCP,124,,,N,0700
US1TXAG0002,20181120,PRCP,124,,,N,0700
US1TXAG0002,20181121,PRCP,0,,,N,0700
US1TXAG0002,20181122,PRCP,48,,,N,0700
US1TXAG0002,20181123,PRCP,0,,,N,0700
US1TXAG0002,20181124,PRCP,5,,,N,0700
US1TXAG0002,20181125,PRCP,0,,,N,0700
US1TXAG0002,20181126,PRCP,0,,,N,0700
US1TXAG0002,20181127,PRCP,0,,,N,0700
US1TXAG0002,20181128,PRCP,0,,,N,0700
US1TXAG0002,20181129,PRCP,0,T,,N,0700
US1TXAG0002,20181130,PRCP,5,,,N,0700
US1TXAG0002,20181201,PRCP,30,,,N,0700
US1TXAG0002,20181202,PRCP,0,,,N,0700
US1TXAG0002,20181203,PRCP,0,,,N,0700
US1TXAG0002,20181204,PRCP,0,,,N,0700
US1TXAG0002,20181205,PRCP,0,,,N,0700
US1TXAG0002,20181206,PRCP,0,,,N,0700
US1TXAG0002,20181207,PRCP,30,,,N,0700
US1TXAG0002,20181208,PRCP,1245,,,N,0700
US1TXAG0002,20181209,PRCP,38,,,N,0700
US1TXAG0002,20181210,PRCP,0,,,N,0700
US1TXAG0002,20181211,PRCP,0,,,N,0700
US1TXAG0002,20181212,PRCP,0,,,N,0700
US1TXAG0002,20181213,PRCP,259,,,N,0700
US1TXAG0002,20181214,PRCP,28,,,N,0700
US1TXAG0002,20181215,PRCP,114,,,N,0700
US1TXAG0002,20181216,PRCP,0,,,N,0700
US1TXAG0002,20181217,PRCP,0,,,N,0700
US1TXAG0002,20181218,PRCP,0,,,N,0700
US1TXAG0002,20181219,PRCP,239,,,N,0700
US1TXAG0002,20181220,PRCP,163,,,N,0700
US1TXAG0002,20181221,PRCP,5,,,N,0700
US1TXAG0002,20181222,PRCP,0,,,N,0700
US1TXAG0002,20181223,PRCP,0,,,N,0700
US1TXAG0002,20181224,PRCP,0,,,N,0700
US1TXAG0002,20181225,PRCP,0,T,,N,0700
US1TXAG0002,20181226,PRCP,0,,,N,0700
US1TXAG0002,20181227,PRCP,734,,,N,0700
US1TXAG0002,20181228,PRCP,30,,,N,0700
US1TXAG0002,20181229,PRCP,0,,,N,0700
US1TXAG0002,20181230,PRCP,0,,,N,0700
US1TXAG0002,20181231,PRCP,376,,,N,0700
US1TXAG0002,20181221,SNOW,0,,,N,0700
US1TXAG0002,20190101,PRCP,48,,,N,0700
US1TXAG0002,20190102,PRCP,8,,,N,0700
US1TXAG0002,20190103,PRCP,536,,,N,0700
US1TXAG0002,20190104,PRCP,279,,,N,0700
US1TXAG0002,20190105,PRCP,0,,,N,0700
US1TXAG0002,20190106,PRCP,0,,,N,0700
US1TXAG0002,20190107,PRCP,0,,,N,0700
US1TXAG0002,20190108,PRCP,0,,,N,0700
US1TXAG0002,20190109,PRCP,0,,,N,0700
US1TXAG0002,20190110,PRCP,0,,,N,0700
US1TXAG0002,20190111,PRCP,0,,,N,0700
US1TXAG0002,20190112,PRCP,208,,,N,0700
US1TXAG0002,20190113,PRCP,0,,,N,0700
US1TXAG0002,20190114,PRCP,0,,,N,0700
US1TXAG0002,20190115,PRCP,0,,,N,0700
US1TXAG0002,20190116,PRCP,0,,,N,0700
US1TXAG0002,20190117,PRCP,5,,,N,0700
US1TXAG0002,20190119,PRCP,404,,,N,0700
US1TXAG0002,20190120,PRCP,0,,,N,0700
US1TXAG0002,20190121,PRCP,0,,,N,0700
US1TXAG0002,20190122,PRCP,0,,,N,0700
US1TXAG0002,20190123,PRCP,518,,,N,0700
US1TXAG0002,20190124,PRCP,48,,,N,0700
US1TXAG0002,20190125,PRCP,0,,,N,0700
US1TXAG0002,20190126,PRCP,0,,,N,0700
US1TXAG0002,20190127,PRCP,13,,,N,0700
US1TXAG0002,20190128,PRCP,0,,,N,0700
US1TXAG0002,20190129,PRCP,23,,,N,0700
US1TXAG0002,20190130,PRCP,0,,,N,0700
US1TXAG0002,20190131,PRCP,0,,,N,0700
US1TXAG0002,20190201,PRCP,0,,,N,0700
US1TXAG0002,20190202,PRCP,0,,,N,0700
US1TXAG0002,20190203,PRCP,0,,,N,0700
US1TXAG0002,20190204,PRCP,0,,,N,0700
US1TXAG0002,20190205,PRCP,5,,,N,0700
US1TXAG0002,20190206,PRCP,0,,,N,0700
US1TXAG0002,20190207,PRCP,0,,,N,0700
US1TXAG0002,20190208,PRCP,46,,,N,0700
US1TXAG0002,20190209,PRCP,23,,,N,0700
US1TXAG0002,20190210,PRCP,0,,,N,0700
US1TXAG0002,20190211,PRCP,5,,,N,0700
US1TXAG0002,20190212,PRCP,307,,,N,0700
US1TXAG0002,20190213,PRCP,0,,,N,0700
US1TXAG0002,20190214,PRCP,0,,,N,0700
US1TXAG0002,20190215,PRCP,0,,,N,0700
US1TXAG0002,20190216,PRCP,0,,,N,0700
US1TXAG0002,20190217,PRCP,10,,,N,0700
US1TXAG0002,20190218,PRCP,0,,,N,0700
US1TXAG0002,20190219,PRCP,8,,,N,0700
US1TXAG0002,20190220,PRCP,315,,,N,0700
US1TXAG0002,20190221,PRCP,53,,,N,0700
US1TXAG0002,20190222,PRCP,198,,,N,0700
US1TXAG0002,20190223,PRCP,13,,,N,0700
US1TXAG0002,20190224,PRCP,20,,,N,0700
US1TXAG0002,20190225,PRCP,0,,,N,0700
US1TXAG0002,20190226,PRCP,5,,,N,0700
US1TXAG0002,20190227,PRCP,15,,,N,0700
US1TXAG0002,20190228,PRCP,23,,,N,0700
US1TXAG0002,20190301,PRCP,3,,,N,0700
US1TXAG0002,20190303,PRCP,15,,,N,0700
US1TXAG0002,20190304,PRCP,8,,,N,0700
US1TXAG0002,20190305,PRCP,0,,,N,0700
US1TXAG0002,20190307,PRCP,0,,,N,0700
US1TXAG0002,20190308,PRCP,5,,,N,0700
US1TXAG0002,20190309,PRCP,0,,,N,0700
US1TXAG0002,20190310,PRCP,66,,,N,0700
US1TXAG0002,20190311,PRCP,5,,,N,0700
US1TXAG0002,20190312,PRCP,0,,,N,0700
US1TXAG0002,20190313,PRCP,0,,,N,0700
US1TXAG0002,20190314,PRCP,587,,,N,0700
US1TXAG0002,20190315,PRCP,0,,,N,0700
US1TXAG0002,20190316,PRCP,0,,,N,0700
US1TXAG0002,20190317,PRCP,0,,,N,0700
US1TXAG0002,20190318,PRCP,0,,,N,0700
US1TXAG0002,20190319,PRCP,0,,,N,0700
US1TXAG0002,20190320,PRCP,0,,,N,0700
US1TXAG0002,20190321,PRCP,0,,,N,0700
US1TXAG0002,20190322,PRCP,0,,,N,0700
US1TXAG0002,20190323,PRCP,0,,,N,0700
US1TXAG0002,20190324,PRCP,0,,,N,0700
US1TXAG0002,20190325,PRCP,0,T,,N,0700
US1TXAG0002,20190326,PRCP,61,,,N,0700
US1TXAG0002,20190327,PRCP,0,,,N,0700
US1TXAG0002,20190328,PRCP,0,,,N,0700
US1TXAG0002,20190329,PRCP,0,,,N,0700
US1TXAG0002,20190330,PRCP,8,,,N,0700
US1TXAG0002,20190331,PRCP,15,,,N,0700
US1TXAG0002,20190401,PRCP,0,,,N,0700
US1TXAG0002,20190402,PRCP,0,,,N,0700
US1TXAG0002,20190403,PRCP,0,,,N,0700
US1TXAG0002,20190404,PRCP,0,,,N,0700
US1TXAG0002,20190405,PRCP,119,,,N,0700
US1TXAG0002,20190406,PRCP,5,,,N,0700
US1TXAG0002,20190407,PRCP,51,,,N,0700
US1TXAG0002,20190408,PRCP,345,,,N,0700
US1TXAG0002,20190409,PRCP,30,,,N,0700
US1TXAG0002,20190410,PRCP,0,,,N,0700
US1TXAG0002,20190411,PRCP,0,,,N,0700
US1TXAG0002,20190412,PRCP,10,,,N,0700
US1TXAG0002,20190413,PRCP,30,,,N,0700
US1TXAG0002,20190414,PRCP,150,,,N,0700
US1TXAG0002,20190416,PRCP,0,,,N,0700
US1TXAG0002,20190418,PRCP,168,,,N,0700
US1TXAG0002,20190419,PRCP,216,,,N,0700
US1TXAG0002,20190420,PRCP,0,,,N,0700
US1TXAG0002,20190421,PRCP,0,,,N,0700
US1TXAG0002,20190422,PRCP,0,,,N,0700
US1TXAG0002,20190423,PRCP,0,,,N,0700
US1TXAG0002,20190424,PRCP,0,,,N,0700
US1TXAG0002,20190425,PRCP,470,,,N,0700
US1TXAG0002,20190426,PRCP,0,,,N,0700
US1TXAG0002,20190427,PRCP,0,,,N,0700
US1TXAG0002,20190428,PRCP,0,,,N,0700
US1TXAG0002,20190429,PRCP,0,,,N,0700
US1TXAG0002,20190430,PRCP,0,,,N,0700
US1TXAG0002,20190501,PRCP,0,,,N,0700
US1TXAG0002,20190502,PRCP,213,,,N,0700
US1TXAG0002,20190503,PRCP,254,,,N,0700
US1TXAG0002,20190504,PRCP,145,,,N,0700
US1TXAG0002,20190505,PRCP,46,,,N,0700
US1TXAG0002,20190506,PRCP,8,,,N,0700
US1TXAG0002,20190507,PRCP,0,,,N,0700
US1TXAG0002,20190508,PRCP,0,,,N,0700
US1TXAG0002,20190509,PRCP,340,,,N,0700
US1TXAG0002,20190510,PRCP,234,,,N,0700
US1TXAG0002,20190511,PRCP,0,,,N,0700
US1TXAG0002,20190512,PRCP,165,,,N,0700
US1TXAG0002,20190513,PRCP,0,,,N,0700
US1TXAG0002,20190514,PRCP,0,,,N,0700
US1TXAG0002,20190515,PRCP,0,,,N,0700
US1TXAG0002,20190516,PRCP,0,,,N,0700
US1TXAG0002,20190518,PRCP,10,,,N,0700
US1TXAG0002,20190519,PRCP,163,,,N,0700
US1TXAG0002,20190520,PRCP,132,,,N,0700
US1TXAG0002,20190521,PRCP,0,,,N,0700
US1TXAG0002,20190522,PRCP,0,,,N,0700
US1TXAG0002,20190523,PRCP,0,,,N,0700
US1TXAG0002,20190524,PRCP,0,,,N,0700
US1TXAG0002,20190525,PRCP,0,,,N,0700
US1TXAG0002,20190526,PRCP,0,,,N,0700
US1TXAG0002,20190527,PRCP,0,,,N,0700
US1TXAG0002,20190528,PRCP,0,,,N,0700
US1TXAG0002,20190529,PRCP,5,,,N,0700
US1TXAG0002,20190530,PRCP,193,,,N,0700
US1TXAG0002,20190531,PRCP,10,,,N,0700
US1TXAG0002,20190601,PRCP,51,,,N,0700
US1TXAG0002,20190602,PRCP,0,,,N,0700
US1TXAG0002,20190603,PRCP,25,,,N,0700
US1TXAG0002,20190604,PRCP,0,,,N,0700
US1TXAG0002,20190605,PRCP,46,,,N,0700
US1TXAG0002,20190606,PRCP,140,,,N,0700
US1TXAG0002,20190607,PRCP,0,,,N,0700
US1TXAG0002,20190608,PRCP,0,,,N,0700
US1TXAG0002,20190609,PRCP,0,,,N,0700
US1TXAG0002,20190610,PRCP,0,,,N,0700
US1TXAG0002,20190611,PRCP,0,,,N,0700
US1TXAG0002,20190612,PRCP,0,,,N,0700
US1TXAG0002,20190613,PRCP,0,,,N,0700
US1TXAG0002,20190614,PRCP,0,,,N,0700
US1TXAG0002,20190615,PRCP,0,,,N,0700
US1TXAG0002,20190616,PRCP,25,,,N,0700
US1TXAG0002,20190617,PRCP,828,,,N,0700
US1TXAG0002,20190618,PRCP,0,,,N,0700
US1TXAG0002,20190619,PRCP,0,,,N,0700
US1TXAG0002,20190620,PRCP,0,,,N,0700
US1TXAG0002,20190621,PRCP,0,,,N,0700
US1TXAG0002,20190622,PRCP,0,,,N,0700
US1TXAG0002,20190623,PRCP,0,,,N,0700
US1TXAG0002,20190624,PRCP,574,,,N,0700
US1TXAG0002,20190625,PRCP,74,,,N,0700
US1TXAG0002,20190626,PRCP,5,,,N,0700
US1TXAG0002,20190627,PRCP,5,,,N,0700
US1TXAG0002,20190628,PRCP,48,,,N,0700
US1TXAG0002,20190629,PRCP,0,,,N,0700
US1TXAG0002,20190630,PRCP,427,,,N,0700
US1TXAG0002,20190701,PRCP,0,,,N,0700
US1TXAG0002,20190702,PRCP,0,,,N,0700
US1TXAG0002,20190703,PRCP,0,,,N,0700
US1TXAG0002,20190704,PRCP,10,,,N,0700
US1TXAG0002,20190705,PRCP,23,,,N,0700
US1TXAG0002,20190706,PRCP,0,,,N,0700
US1TXAG0002,20190707,PRCP,0,,,N,0700
US1TXAG0002,20190708,PRCP,0,,,N,0700
US1TXAG0002,20190709,PRCP,0,,,N,0700
US1TXAG0002,20190710,PRCP,0,,,N,0700
US1TXAG0002,20190711,PRCP,0,,,N,0700
US1TXAG0002,20190712,PRCP,0,,,N,0700
US1TXAG0002,20190713,PRCP,53,,,N,0700
US1TXAG0002,20190714,PRCP,38,,,N,0700
US1TXAG0002,20190715,PRCP,28,,,N,0700
US1TXAG0002,20190716,PRCP,0,,,N,0700
US1TXAG0002,20190718,PRCP,20,,,N,0700
US1TXAG0002,20190719,PRCP,0,,,N,0700
US1TXAG0002,20190720,PRCP,0,,,N,0700
US1TXAG0002,20190721,PRCP,0,,,N,0700
US1TXAG0002,20190722,PRCP,10,,,N,0700
US1TXAG0002,20190723,PRCP,5,,,N,0700
US1TXAG0002,20190724,PRCP,0,,,N,0700
US1TXAG0002,20190725,PRCP,0,,,N,0700
US1TXAG0002,20190726,PRCP,0,,,N,0700
US1TXAG0002,20190727,PRCP,0,,,N,0700
US1TXAG0002,20190728,PRCP,0,,,N,0700
US1TXAG0002,20190729,PRCP,0,,,N,0700
US1TXAG0002,20190730,PRCP,25,,,N,0700
US1TXAG0002,20190731,PRCP,0,,,N,0700
US1TXAG0002,20190801,PRCP,0,,,N,0700
US1TXAG0002,20190802,PRCP,0,,,N,0700
US1TXAG0002,20190803,PRCP,0,,,N,0700
US1TXAG0002,20190804,PRCP,0,,,N,0700
US1TXAG0002,20190805,PRCP,8,,,N,0700
US1TXAG0002,20190806,PRCP,0,,,N,0600
US1TXAG0002,20190807,PRCP,0,,,N,0700
US1TXAG0002,20190808,PRCP,0,,,N,0700
US1TXAG0002,20190809,PRCP,0,,,N,0700
US1TXAG0002,20190810,PRCP,0,,,N,0700
US1TXAG0002,20190811,PRCP,0,,,N,0700
US1TXAG0002,20190812,PRCP,0,,,N,0700
US1TXAG0002,20190813,PRCP,0,,,N,0700
US1TXAG0002,20190814,PRCP,0,,,N,0700
US1TXAG0002,20190815,PRCP,20,,,N,0700
US1TXAG0002,20190816,PRCP,318,,,N,0700
US1TXAG0002,20190817,PRCP,0,,,N,0700
US1TXAG0002,20190818,PRCP,20,,,N,0700
US1TXAG0002,20190819,PRCP,0,,,N,0700
US1TXAG0002,20190820,PRCP,0,,,N,0700
US1TXAG0002,20190821,PRCP,0,,,N,0700
US1TXAG0002,20190822,PRCP,0,,,N,0700
US1TXAG0002,20190823,PRCP,0,,,N,0700
US1TXAG0002,20190824,PRCP,102,,,N,0700
US1TXAG0002,20190825,PRCP,3,,,N,0700
US1TXAG0002,20190826,PRCP,0,,,N,0700
US1TXAG0002,20190827,PRCP,0,,,N,0700
US1TXAG0002,20190828,PRCP,0,,,N,0700
US1TXAG0002,20190829,PRCP,0,,,N,0700
US1TXAG0002,20190830,PRCP,0,,,N,0700
US1TXAG0002,20190831,PRCP,33,,,N,0700
US1TXAG0002,20190901,PRCP,0,,,N,0700
US1TXAG0002,20190902,PRCP,0,,,N,0700
US1TXAG0002,20190903,PRCP,0,,,N,0700
US1TXAG0002,20190904,PRCP,0,,,N,0700
US1TXAG0002,20190905,PRCP,0,,,N,0700
US1TXAG0002,20190906,PRCP,0,,,N,0700
US1TXAG0002,20190907,PRCP,0,,,N,0700
US1TXAG0002,20190908,PRCP,0,,,N,0700
US1TXAG0002,20190909,PRCP,0,,,N,0700
US1TXAG0002,20190910,PRCP,0,,,N,0700
US1TXAG0002,20190911,PRCP,13,,,N,0700
US1TXAG0002,20190912,PRCP,137,,,N,0700
US1TXAG0002,20190913,PRCP,0,,,N,0700
US1TXAG0002,20190914,PRCP,0,,,N,0700
US1TXAG0002,20190915,PRCP,0,,,N,0700
US1TXAG0002,20190916,PRCP,0,,,N,0700
US1TXAG0002,20190917,PRCP,0,,,N,0700
US1TXAG0002,20190918,PRCP,206,,,N,0700
US1TXAG0002,20190919,PRCP,843,,,N,0700
US1TXAG0002,20190920,PRCP,287,,,N,0700
US1TXAG0002,20190921,PRCP,5,,,N,0700
US1TXAG0002,20190922,PRCP,0,,,N,0700
US1TXAG0002,20190923,PRCP,0,,,N,0700
US1TXAG0002,20190924,PRCP,23,,,N,0700
US1TXAG0002,20190925,PRCP,0,,,N,0700
US1TXAG0002,20190926,PRCP,0,,,N,0700
US1TXAG0002,20190927,PRCP,0,,,N,0700
US1TXAG0002,20190928,PRCP,0,,,N,0700
US1TXAG0002,20190929,PRCP,0,,,N,0700
US1TXAG0002,20190930,PRCP,0,,,N,0700
US1TXAG0002,20191001,PRCP,0,,,N,0700
US1TXAG0002,20191002,PRCP,0,,,N,0700
US1TXAG0002,20191003,PRCP,0,,,N,0700
US1TXAG0002,20191004,PRCP,102,,,N,0700
US1TXAG0002,20191005,PRCP,0,,,N,0700
US1TXAG0002,20191006,PRCP,0,,,N,0700
US1TXAG0002,20191007,PRCP,0,,,N,0700
US1TXAG0002,20191008,PRCP,0,,,N,0700
US1TXAG0002,20191009,PRCP,0,,,N,0700
US1TXAG0002,20191010,PRCP,0,,,N,0700
US1TXAG0002,20191011,PRCP,0,,,N,0700
US1TXAG0002,20191012,PRCP,211,,,N,0700
US1TXAG0002,20191013,PRCP,0,,,N,0700
US1TXAG0002,20191014,PRCP,3,,,N,0700
US1TXAG0002,20191015,PRCP,335,,,N,0700
US1TXAG0002,20191016,PRCP,51,,,N,0700
US1TXAG0002,20191017,PRCP,10,,,N,0700
US1TXAG0002,20191018,PRCP,0,,,N,0700
US1TXAG0002,20191019,PRCP,0,,,N,0700
US1TXAG0002,20191020,PRCP,18,,,N,0700
US1TXAG0002,20191021,PRCP,147,,,N,0700
US1TXAG0002,20191022,PRCP,43,,,N,0700
US1TXAG0002,20191023,PRCP,0,,,N,0700
US1TXAG0002,20191024,PRCP,0,,,N,0700
US1TXAG0002,20191025,PRCP,180,,,N,0700
US1TXAG0002,20191026,PRCP,175,,,N,0700
US1TXAG0002,20191027,PRCP,0,,,N,0700
US1TXAG0002,20191028,PRCP,0,,,N,0700
US1TXAG0002,20191029,PRCP,0,,,N,0700
US1TXAG0002,20191030,PRCP,130,,,N,0700
US1TXAG0002,20191031,PRCP,206,,,N,0700
US1TXAG0002,20191101,PRCP,0,,,N,0700
US1TXAG0002,20191102,PRCP,0,,,N,0700
US1TXAG0002,20191103,PRCP,0,,,N,0700
US1TXAG0002,20191104,PRCP,0,,,N,0700
US1TXAG0002,20191105,PRCP,0,,,N,0700
US1TXAG0002,20191106,PRCP,0,,,N,0700
US1TXAG0002,20191107,PRCP,0,,,N,0700
US1TXAG0002,20191108,PRCP,10,,,N,0700
US1TXAG0002,20191109,PRCP,0,,,N,0700
US1TXAG0002,20191110,PRCP,0,,,N,0700
US1TXAG0002,20191111,PRCP,0,,,N,0700
US1TXAG0002,20191112,PRCP,23,,,N,0700
US1TXAG0002,20191113,PRCP,0,,,N,0700
US1TXAG0002,20191114,PRCP,10,,,N,0700
US1TXAG0002,20191115,PRCP,117,,,N,0700
US1TXAG0002,20191116,PRCP,0,,,N,0700
US1TXAG0002,20191117,PRCP,0,,,N,0700
US1TXAG0002,20191118,PRCP,0,,,N,0700
US1TXAG0002,20191119,PRCP,0,,,N,0700
US1TXAG0002,20191120,PRCP,0,,,N,0700
US1TXAG0002,20191121,PRCP,0,,,N,0700
US1TXAG0002,20191122,PRCP,56,,,N,0700
US1TXAG0002,20191123,PRCP,0,,,N,0700
US1TXAG0002,20191124,PRCP,0,,,N,0700
US1TXAG0002,20191125,PRCP,0,,,N,0700
US1TXAG0002,20191126,PRCP,0,,,N,0700
US1TXAG0002,20191127,PRCP,0,,,N,0700
US1TXAG0002,20191128,PRCP,0,,,N,0700
US1TXAG0002,20191129,PRCP,0,,,N,0700
US1TXAG0002,20191130,PRCP,0,,,N,0700
US1TXAG0002,20191201,PRCP,13,,,N,0700
US1TXAG0002,20191202,PRCP,0,,,N,0700
US1TXAG0002,20191203,PRCP,0,,,N,0700
US1TXAG0002,20191204,PRCP,0,,,N,0700
US1TXAG0002,20191205,PRCP,0,,,N,0700
US1TXAG0002,20191206,PRCP,0,,,N,0700
US1TXAG0002,20191207,PRCP,0,,,N,0700
US1TXAG0002,20191208,PRCP,0,,,N,0700
US1TXAG0002,20191209,PRCP,0,,,N,0700
US1TXAG0002,20191210,PRCP,20,,,N,0700
US1TXAG0002,20191211,PRCP,135,,,N,0700
US1TXAG0002,20191212,PRCP,0,,,N,0700
US1TXAG0002,20191213,PRCP,0,,,N,0700
US1TXAG0002,20191214,PRCP,0,,,N,0700
US1TXAG0002,20191215,PRCP,0,,,N,0700
US1TXAG0002,20191216,PRCP,0,,,N,0700
US1TXAG0002,20191217,PRCP,53,,,N,0700
US1TXAG0002,20191218,PRCP,0,,,N,0700
US1TXAG0002,20191219,PRCP,0,,,N,0700
US1TXAG0002,20191220,PRCP,0,,,N,0700
US1TXAG0002,20191221,PRCP,15,,,N,0700
US1TXAG0002,20191222,PRCP,0,,,N,0700
US1TXAG0002,20191223,PRCP,0,,,N,0700
US1TXAG0002,20191224,PRCP,0,,,N,0700
US1TXAG0002,20191225,PRCP,0,,,N,0700
US1TXAG0002,20191226,PRCP,0,,,N,0700
US1TXAG0002,20191227,PRCP,0,,,N,0700
US1TXAG0002,20191228,PRCP,0,T,,N,0700
US1TXAG0002,20191229,PRCP,180,,,N,0700
US1TXAG0002,20191230,PRCP,117,,,N,0700
US1TXAG0002,20191231,PRCP,0,,,N,0700
US1TXAG0002,20200101,PRCP,0,,,N,0700
US1TXAG0002,20200102,PRCP,102,,,N,0700
US1TXAG0002,20200103,PRCP,89,,,N,0700
US1TXAG0002,20200104,PRCP,0,,,N,0700
US1TXAG0002,20200105,PRCP,0,,,N,0700
US1TXAG0002,20200106,PRCP,0,,,N,0700
US1TXAG0002,20200107,PRCP,0,,,N,0700
US1TXAG0002,20200108,PRCP,0,,,N,0700
US1TXAG0002,20200109,PRCP,0,,,N,0700
US1TXAG0002,20200110,PRCP,5,,,N,0700
US1TXAG0002,20200111,PRCP,353,,,N,0700
US1TXAG0002,20200112,PRCP,0,,,N,0700
US1TXAG0002,20200113,PRCP,0,,,N,0700
US1TXAG0002,20200114,PRCP,99,,,N,0700
US1TXAG0002,20200115,PRCP,353,,,N,0700
US1TXAG0002,20200116,PRCP,0,,,N,0700
US1TXAG0002,20200117,PRCP,5,,,N,0700
US1TXAG0002,20200118,PRCP,104,,,N,0700
US1TXAG0002,20200119,PRCP,5,,,N,0700
US1TXAG0002,20200120,PRCP,0,,,N,0700
US1TXAG0002,20200121,PRCP,0,,,N,0700
US1TXAG0002,20200122,PRCP,10,,,N,0700
US1TXAG0002,20200123,PRCP,173,,,N,0700
US1TXAG0002,20200124,PRCP,0,,,N,0700
US1TXAG0002,20200125,PRCP,0,,,N,0700
US1TXAG0002,20200126,PRCP,109,,,N,0700
US1TXAG0002,20200127,PRCP,5,,,N,0700
US1TXAG0002,20200128,PRCP,0,T,,N,0700
US1TXAG0002,20200129,PRCP,127,,,N,0700
US1TXAG0002,20200130,PRCP,0,,,N,0700
US1TXAG0002,20200131,PRCP,0,,,N,0700
US1TXAG0002,20200201,PRCP,0,,,N,0700
US1TXAG0002,20200202,PRCP,0,,,N,0700
US1TXAG0002,20200203,PRCP,0,,,N,0700
US1TXAG0002,20200204,PRCP,0,,,N,0700
US1TXAG0002,20200205,PRCP,0,,,N,0700
US1TXAG0002,20200206,PRCP,71,,,N,0700
US1TXAG0002,20200207,PRCP,0,,,N,0700
US1TXAG0002,20200208,PRCP,0,,,N,0700
US1TXAG0002,20200209,PRCP,0,,,N,0700
US1TXAG0002,20200210,PRCP,53,,,N,0700
US1TXAG0002,20200211,PRCP,43,,,N,0700
US1TXAG0002,20200212,PRCP,76,,,N,0700
US1TXAG0002,20200213,PRCP,114,,,N,0700
US1TXAG0002,20200214,PRCP,0,,,N,0700
US1TXAG0002,20200215,PRCP,0,,,N,0700
US1TXAG0002,20200216,PRCP,3,,,N,0700
US1TXAG0002,20200217,PRCP,0,,,N,0700
US1TXAG0002,20200218,PRCP,0,,,N,0700
US1TXAG0002,20200220,PRCP,267,,,N,0700
US1TXAG0002,20200221,PRCP,0,,,N,0700
US1TXAG0002,20200222,PRCP,0,,,N,0700
US1TXAG0002,20200223,PRCP,0,,,N,0700
US1TXAG0002,20200224,PRCP,170,,,N,0700
US1TXAG0002,20200225,PRCP,0,,,N,0700
US1TXAG0002,20200226,PRCP,0,,,N,0700
US1TXAG0002,20200227,PRCP,0,,,N,0700
US1TXAG0002,20200228,PRCP,0,,,N,0700
US1TXAG0002,20200229,PRCP,0,,,N,0625
US1TXAG0002,20200301,PRCP,0,,,N,0700
US1TXAG0002,20200302,PRCP,0,,,N,0700
US1TXAG0002,20200303,PRCP,0,,,N,0700
US1TXAG0002,20200304,PRCP,18,,,N,0700
US1TXAG0002,20200305,PRCP,173,,,N,0700
US1TXAG0002,20200306,PRCP,0,,,N,0700
US1TXAG0002,20200307,PRCP,0,,,N,0700
US1TXAG0002,20200308,PRCP,0,,,N,0700
US1TXAG0002,20200309,PRCP,0,,,N,0700
US1TXAG0002,20200310,PRCP,36,,,N,0700
US1TXAG0002,20200311,PRCP,0,,,N,0700
US1TXAG0002,20200312,PRCP,0,,,N,0700
US1TXAG0002,20200313,PRCP,0,,,N,0700
US1TXAG0002,20200314,PRCP,0,,,N,0700
US1TXAG0002,20200315,PRCP,5,,,N,0700
US1TXAG0002,20200316,PRCP,0,,,N,0700
US1TXAG0002,20200317,PRCP,0,,,N,0700
US1TXAG0002,20200318,PRCP,61,,,N,0700
US1TXAG0002,20200319,PRCP,5,,,N,0700
US1TXAG0002,20200320,PRCP,8,,,N,0700
US1TXAG0002,20200321,PRCP,368,,,N,0700
US1TXAG0002,20200322,PRCP,330,,,N,0700
US1TXAG0002,20200323,PRCP,0,,,N,0700
US1TXAG0002,20200324,PRCP,0,,,N,0700
US1TXAG0002,20200325,PRCP,0,,,N,0700
US1TXAG0002,20200326,PRCP,0,,,N,0700
US1TXAG0002,20200327,PRCP,0,,,N,0700
US1TXAG0002,20200328,PRCP,0,,,N,0700
US1TXAG0002,20200329,PRCP,28,,,N,0700
US1TXAG0002,20200330,PRCP,0,,,N,0700
US1TXAG0002,20200331,PRCP,38,,,N,0700
US1TXAG0002,20200401,PRCP,0,,,N,0700
US1TXAG0002,20200402,PRCP,0,,,N,0700
US1TXAG0002,20200403,PRCP,10,,,N,0700
US1TXAG0002,20200404,PRCP,0,,,N,0700
US1TXAG0002,20200405,PRCP,74,,,N,0700
US1TXAG0002,20200406,PRCP,0,,,N,0700
US1TXAG0002,20200407,PRCP,0,,,N,0700
US1TXAG0002,20200408,PRCP,5,,,N,0700
US1TXAG0002,20200409,PRCP,0,,,N,0700
US1TXAG0002,20200410,PRCP,224,,,N,0700
US1TXAG0002,20200411,PRCP,0,,,N,0700
US1TXAG0002,20200412,PRCP,0,,,N,0700
US1TXAG0002,20200413,PRCP,15,,,N,0700
US1TXAG0002,20200414,PRCP,0,,,N,0700
US1TXAG0002,20200415,PRCP,0,,,N,0700
US1TXAG0002,20200416,PRCP,0,,,N,0700
US1TXAG0002,20200417,PRCP,0,,,N,0700
US1TXAG0002,20200418,PRCP,61,,,N,0700
US1TXAG0002,20200419,PRCP,0,,,N,0700
US1TXAG0002,20200420,PRCP,389,,,N,0700
US1TXAG0002,20200421,PRCP,0,,,N,0700
US1TXAG0002,20200422,PRCP,0,,,N,0700
US1TXAG0002,20200423,PRCP,150,,,N,0700
US1TXAG0002,20200424,PRCP,0,,,N,0700
US1TXAG0002,20200425,PRCP,0,T,,N,0700
US1TXAG0002,20200426,PRCP,0,,,N,0700
US1TXAG0002,20200427,PRCP,0,,,N,0700
US1TXAG0002,20200428,PRCP,0,,,N,0700
US1TXAG0002,20200429,PRCP,579,,,N,0700
US1TXAG0002,20200430,PRCP,0,,,N,0700
US1TXAG0002,20200501,PRCP,0,,,N,0700
US1TXAG0002,20200502,PRCP,0,,,N,0700
US1TXAG0002,20200503,PRCP,0,,,N,0700
US1TXAG0002,20200504,PRCP,0,,,N,0700
US1TXAG0002,20200505,PRCP,0,,,N,0700
US1TXAG0002,20200506,PRCP,81,,,N,0700
US1TXAG0002,20200507,PRCP,0,,,N,0700
US1TXAG0002,20200508,PRCP,0,,,N,0700
US1TXAG0002,20200509,PRCP,64,,,N,0700
US1TXAG0002,20200510,PRCP,0,,,N,0700
US1TXAG0002,20200511,PRCP,0,,,N,0700
US1TXAG0002,20200512,PRCP,0,,,N,0700
US1TXAG0002,20200513,PRCP,8,,,N,0700
US1TXAG0002,20200514,PRCP,20,,,N,0700
US1TXAG0002,20200515,PRCP,170,,,N,0700
US1TXAG0002,20200516,PRCP,13,,,N,0700
US1TXAG0002,20200517,PRCP,99,,,N,0700
US1TXAG0002,20200518,PRCP,0,,,N,0700
US1TXAG0002,20200519,PRCP,0,,,N,0700
US1TXAG0002,20200520,PRCP,0,,,N,0700
US1TXAG0002,20200521,PRCP,0,,,N,0700
US1TXAG0002,20200522,PRCP,0,,,N,0700
US1TXAG0002,20200523,PRCP,0,,,N,0700
US1TXAG0002,20200524,PRCP,8,,,N,0700
US1TXAG0002,20200525,PRCP,897,,,N,0700
US1TXAG0002,20200526,PRCP,18,,,N,0700
US1TXAG0002,20200527,PRCP,0,,,N,0700
US1TXAG0002,20200528,PRCP,0,,,N,0700
US1TXAG0002,20200529,PRCP,36,,,N,0700
US1TXAG0002,20200530,PRCP,0,,,N,0700
US1TXAG0002,20200531,PRCP,0,,,N,0700
US1TXAG0002,20200601,PRCP,0,,,N,0700
US1TXAG0002,20200602,PRCP,0,,,N,0700
US1TXAG0002,20200603,PRCP,0,T,,N,0700
US1TXAG0002,20200604,PRCP,0,,,N,0700
US1TXAG0002,20200605,PRCP,0,,,N,0700
US1TXAG0002,20200606,PRCP,0,,,N,0700
US1TXAG0002,20200607,PRCP,0,,,N,0700
US1TXAG0002,20200608,PRCP,13,,,N,0700
US1TXAG0002,20200609,PRCP,0,,,N,0700
US1TXAG0002,20200610,PRCP,0,,,N,0700
US1TXAG0002,20200611,PRCP,0,,,N,0700
US1TXAG0002,20200612,PRCP,0,,,N,0700
US1TXAG0002,20200613,PRCP,0,,,N,0700
US1TXAG0002,20200614,PRCP,0,,,N,0700
US1TXAG0002,20200615,PRCP,0,,,N,0700
US1TXAG0002,20200616,PRCP,0,,,N,0700
US1TXAG0002,20200617,PRCP,0,,,N,0700
US1TXAG0002,20200618,PRCP,0,,,N,0700
US1TXAG0002,20200619,PRCP,0,,,N,0700
US1TXAG0002,20200620,PRCP,0,,,N,0700
US1TXAG0002,20200621,PRCP,0,T,,N,0700
US1TXAG0002,20200622,PRCP,0,,,N,0700
US1TXAG0002,20200623,PRCP,8,,,N,0700
US1TXAG0002,20200624,PRCP,117,,,N,0700
US1TXAG0002,20200625,PRCP,442,,,N,0700
US1TXAG0002,20200626,PRCP,516,,,N,0700
US1TXAG0002,20200627,PRCP,13,,,N,0700
US1TXAG0002,20200628,PRCP,0,,,N,0700
US1TXAG0002,20200629,PRCP,0,,,N,0700
US1TXAG0002,20200630,PRCP,0,,,N,0700
US1TXAG0002,20200601,SNOW,0,,,N,0700
US1TXAG0002,20200602,SNOW,0,,,N,0700
US1TXAG0002,20200701,PRCP,5,,,N,0700
US1TXAG0002,20200702,PRCP,0,,,N,0700
US1TXAG0002,20200703,PRCP,0,,,N,0700
US1TXAG0002,20200704,PRCP,61,,,N,0700
US1TXAG0002,20200705,PRCP,0,,,N,0700
US1TXAG0002,20200706,PRCP,117,,,N,0700
US1TXAG0002,20200707,PRCP,28,,,N,0700
US1TXAG0002,20200708,PRCP,218,,,N,0700
US1TXAG0002,20200709,PRCP,0,,,N,0700
US1TXAG0002,20200710,PRCP,0,,,N,0700
US1TXAG0002,20200711,PRCP,0,,,N,0700
US1TXAG0002,20200712,PRCP,0,,,N,0700
US1TXAG0002,20200713,PRCP,0,,,N,0700
US1TXAG0002,20200714,PRCP,0,,,N,0700
US1TXAG0002,20200715,PRCP,0,,,N,0700
US1TXAG0002,20200716,PRCP,0,,,N,0700
US1TXAG0002,20200717,PRCP,0,,,N,0700
US1TXAG0002,20200718,PRCP,0,,,N,0700
US1TXAG0002,20200719,PRCP,0,,,N,0700
US1TXAG0002,20200720,PRCP,0,,,N,0700
US1TXAG0002,20200721,PRCP,0,,,N,0700
US1TXAG0002,20200722,PRCP,79,,,N,0700
US1TXAG0002,20200723,PRCP,84,,,N,0700
US1TXAG0002,20200724,PRCP,0,,,N,0700
US1TXAG0002,20200725,PRCP,23,,,N,0700
US1TXAG0002,20200726,PRCP,61,,,N,0700
US1TXAG0002,20200727,PRCP,15,,,N,0700
US1TXAG0002,20200729,PRCP,8,,,N,0700
US1TXAG0002,20200730,PRCP,10,,,N,0700
US1TXAG0002,20200731,PRCP,0,,,N,0700
US1TXAG0002,20200801,PRCP,300,,,N,0700
US1TXAG0002,20200802,PRCP,0,,,N,0700
US1TXAG0002,20200803,PRCP,102,,,N,0700
US1TXAG0002,20200804,PRCP,0,,,N,0700
US1TXAG0002,20200805,PRCP,0,,,N,0700
US1TXAG0002,20200806,PRCP,38,,,N,0700
US1TXAG0002,20200807,PRCP,0,,,N,0700
US1TXAG0002,20200808,PRCP,0,,,N,0700
US1TXAG0002,20200809,PRCP,0,,,N,0700
US1TXAG0002,20200810,PRCP,163,,,N,0700
US1TXAG0002,20200811,PRCP,0,,,N,0700
US1TXAG0002,20200812,PRCP,0,,,N,0700
US1TXAG0002,20200813,PRCP,0,,,N,0700
US1TXAG0002,20200814,PRCP,0,,,N,0700
US1TXAG0002,20200815,PRCP,0,,,N,0700
US1TXAG0002,20200816,PRCP,0,,,N,0700
US1TXAG0002,20200817,PRCP,25,,,N,0700
US1TXAG0002,20200818,PRCP,0,,,N,0700
US1TXAG0002,20200819,PRCP,0,,,N,0700
US1TXAG0002,20200820,PRCP,0,,,N,0700
US1TXAG0002,20200821,PRCP,0,,,N,0700
US1TXAG0002,20200822,PRCP,0,,,N,0700
US1TXAG0002,20200823,PRCP,0,,,N,0700
US1TXAG0002,20200824,PRCP,0,,,N,0700
US1TXAG0002,20200825,PRCP,0,,,N,0700
US1TXAG0002,20200826,PRCP,0,,,N,0700
US1TXAG0002,20200827,PRCP,264,,,N,0700
US1TXAG0002,20200828,PRCP,46,,,N,0700
US1TXAG0002,20200829,PRCP,64,,,N,0700
US1TXAG0002,20200830,PRCP,0,,,N,0700
US1TXAG0002,20200831,PRCP,0,,,N,0700
US1TXAG0002,20200901,PRCP,198,,,N,0700
US1TXAG0002,20200902,PRCP,0,,,N,0700
US1TXAG0002,20200903,PRCP,0,,,N,0700
US1TXAG0002,20200909,PRCP,13,,,N,0700
US1TXAG0002,20200910,PRCP,23,,,N,0700
US1TXAG0002,20200911,PRCP,3,,,N,0700
US1TXAG0002,20200912,PRCP,0,,,N,0700
US1TXAG0002,20200913,PRCP,0,,,N,0700
US1TXAG0002,20200914,PRCP,178,,,N,0700
US1TXAG0002,20200915,PRCP,0,,,N,0700
US1TXAG0002,20200916,PRCP,0,,,N,0700
US1TXAG0002,20200917,PRCP,0,,,N,0700
US1TXAG0002,20200918,PRCP,0,,,N,0700
US1TXAG0002,20200919,PRCP,0,,,N,0700
US1TXAG0002,20200920,PRCP,0,,,N,0700
US1TXAG0002,20200921,PRCP,20,,,N,0700
US1TXAG0002,20200922,PRCP,127,,,N,0700
US1TXAG0002,20200923,PRCP,409,,,N,0700
US1TXAG0002,20200924,PRCP,53,,,N,0700
US1TXAG0002,20200925,PRCP,0,,,N,0700
US1TXAG0002,20200926,PRCP,0,,,N,0700
US1TXAG0002,20200927,PRCP,0,,,N,0700
US1TXAG0002,20200928,PRCP,8,,,N,0700
US1TXAG0002,20200929,PRCP,15,,,N,0700
US1TXAG0002,20200930,PRCP,0,,,N,0700
US1TXAG0002,20200908,DAPR,5,,,N,0700
US1TXAG0002,20200908,MDPR,71,,,N,0700
US1TXAG0002,20201001,PRCP,0,,,N,0700
US1TXAG0002,20201002,PRCP,0,,,N,0700
US1TXAG0002,20201003,PRCP,0,,,N,0700
US1TXAG0002,20201004,PRCP,0,,,N,0700
US1TXAG0002,20201005,PRCP,0,,,N,0700
US1TXAG0002,20201006,PRCP,0,,,N,0700
US1TXAG0002,20201007,PRCP,0,,,N,0700
US1TXAG0002,20201008,PRCP,0,,,N,0700
US1TXAG0002,20201009,PRCP,61,,,N,0700
US1TXAG0002,20201010,PRCP,312,,,N,0700
US1TXAG0002,20201011,PRCP,0,,,N,0700
US1TXAG0002,20201012,PRCP,0,,,N,0700
US1TXAG0002,20201013,PRCP,0,,,N,0700
US1TXAG0002,20201014,PRCP,0,,,N,0700
US1TXAG0002,20201015,PRCP,0,,,N,0700
US1TXAG0002,20201016,PRCP,15,,,N,0700
US1TXAG0002,20201017,PRCP,0,,,N,0700
US1TXAG0002,20201018,PRCP,0,,,N,0700
US1TXAG0002,20201019,PRCP,0,,,N,0700
US1TXAG0002,20201020,PRCP,36,,,N,0700
US1TXAG0002,20201021,PRCP,0,,,N,0700
US1TXAG0002,20201022,PRCP,0,,,N,0700
US1TXAG0002,20201023,PRCP,0,,,N,0700
US1TXAG0002,20201024,PRCP,71,,,N,0700
US1TXAG0002,20201025,PRCP,0,,,N,0700
US1TXAG0002,20201026,PRCP,0,,,N,0700
US1TXAG0002,20201027,PRCP,0,,,N,0700
US1TXAG0002,20201028,PRCP,0,T,,N,0700
US1TXAG0002,20201029,PRCP,122,,,N,0700
US1TXAG0002,20201030,PRCP,0,,,N,0700
US1TXAG0002,20201101,PRCP,0,,,N,0700
US1TXAG0002,20201102,PRCP,0,,,N,0700
US1TXAG0002,20201103,PRCP,0,,,N,0700
US1TXAG0002,20201104,PRCP,0,,,N,0700
US1TXAG0002,20201105,PRCP,0,,,N,0700
US1TXAG0002,20201106,PRCP,0,,,N,0700
US1TXAG0002,20201107,PRCP,0,,,N,0700
US1TXAG0002,20201108,PRCP,0,,,N,0700
US1TXAG0002,20201109,PRCP,15,,,N,0700
US1TXAG0002,20201110,PRCP,8,,,N,0700
US1TXAG0002,20201111,PRCP,0,,,N,0700
US1TXAG0002,20201112,PRCP,0,,,N,0700
US1TXAG0002,20201113,PRCP,0,,,N,0700
US1TXAG0002,20201114,PRCP,0,,,N,0700
US1TXAG0002,20201115,PRCP,66,,,N,0700
US1TXAG0002,20201116,PRCP,0,,,N,0700
US1TXAG0002,20201117,PRCP,0,,,N,0700
US1TXAG0002,20201118,PRCP,0,,,N,0700
US1TXAG0002,20201119,PRCP,0,,,N,0700
US1TXAG0002,20201120,PRCP,0,,,N,0700
US1TXAG0002,20201121,PRCP,0,,,N,0700
US1TXAG0002,20201122,PRCP,0,,,N,0700
US1TXAG0002,20201123,PRCP,0,,,N,0700
US1TXAG0002,20201124,PRCP,0,,,N,0700
US1TXAG0002,20201125,PRCP,218,,,N,0700
US1TXAG0002,20201126,PRCP,0,,,N,0700
US1TXAG0002,20201127,PRCP,13,,,N,0700
US1TXAG0002,20201128,PRCP,490,,,N,0700
US1TXAG0002,20201129,PRCP,130,,,N,0700
US1TXAG0002,20201130,PRCP,13,,,N,0700
US1TXAG0002,20201201,PRCP,0,,,N,0700
US1TXAG0002,20201202,PRCP,0,,,N,0700
US1TXAG0002,20201203,PRCP,351,,,N,0700
US1TXAG0002,20201204,PRCP,0,,,N,0700
US1TXAG0002,20201205,PRCP,0,,,N,0700
US1TXAG0002,20201206,PRCP,0,,,N,0700
US1TXAG0002,20201207,PRCP,8,,,N,0700
US1TXAG0002,20201208,PRCP,0,,,N,0700
US1TXAG0002,20201209,PRCP,0,,,N,0700
US1TXAG0002,20201210,PRCP,0,,,N,0700
US1TXAG0002,20201211,PRCP,0,,,N,0700
US1TXAG0002,20201212,PRCP,279,,,N,0700
US1TXAG0002,20201213,PRCP,0,,,N,0700
US1TXAG0002,20201214,PRCP,132,,,N,0700
US1TXAG0002,20201215,PRCP,0,,,N,0700
US1TXAG0002,20201216,PRCP,33,,,N,0700
US1TXAG0002,20201217,PRCP,0,,,N,0700
US1TXAG0002,20201218,PRCP,0,,,N,0700
US1TXAG0002,20201219,PRCP,0,,,N,0700
US1TXAG0002,20201220,PRCP,274,,,N,0700
US1TXAG0002,20201221,PRCP,0,,,N,0655
US1TXAG0002,20201222,PRCP,0,,,N,0700
US1TXAG0002,20201223,PRCP,0,,,N,0700
US1TXAG0002,20201224,PRCP,46,,,N,0700
US1TXAG0002,20201225,PRCP,0,,,N,0700
US1TXAG0002,20201226,PRCP,0,,,N,0700
US1TXAG0002,20201227,PRCP,0,,,N,0700
US1TXAG0002,20201228,PRCP,0,,,N,0700
US1TXAG0002,20201229,PRCP,0,,,N,0700
US1TXAG0002,20201230,PRCP,0,,,N,0700
US1TXAG0002,20201231,PRCP,94,,,N,0700
US1TXAG0002,20210101,PRCP,572,,,N,0700
US1TXAG0002,20210102,PRCP,0,,,N,0700
US1TXAG0002,20210103,PRCP,0,,,N,0700
US1TXAG0002,20210104,PRCP,0,,,N,0700
US1TXAG0002,20210105,PRCP,0,,,N,0700
US1TXAG0002,20210106,PRCP,0,,,N,0700
US1TXAG0002,20210107,PRCP,221,,,N,0700
US1TXAG0002,20210108,PRCP,0,,,N,0700
US1TXAG0002,20210109,PRCP,0,,,N,0700
US1TXAG0002,20210110,PRCP,0,,,N,0700
US1TXAG0002,20210111,PRCP,269,,,N,0700
US1TXAG0002,20210112,PRCP,0,,,N,0700
US1TXAG0002,20210113,PRCP,0,,,N,0700
US1TXAG0002,20210114,PRCP,0,,,N,0700
US1TXAG0002,20210115,PRCP,0,,,N,0700
US1TXAG0002,20210116,PRCP,0,,,N,0700
US1TXAG0002,20210117,PRCP,0,,,N,0700
US1TXAG0002,20210118,PRCP,0,,,N,0700
US1TXAG0002,20210119,PRCP,0,,,N,0700
US1TXAG0002,20210120,PRCP,5,,,N,0700
US1TXAG0002,20210121,PRCP,8,,,N,0700
US1TXAG0002,20210122,PRCP,272,,,N,0700
US1TXAG0002,20210123,PRCP,18,,,N,0700
US1TXAG0002,20210124,PRCP,10,,,N,0700
US1TXAG0002,20210125,PRCP,10,,,N,0700
US1TXAG0002,20210126,PRCP,10,,,N,0700
US1TXAG0002,20210127,PRCP,0,,,N,0700
US1TXAG0002,20210128,PRCP,0,,,N,0700
US1TXAG0002,20210129,PRCP,0,,,N,0700
US1TXAG0002,20210130,PRCP,0,,,N,0700
US1TXAG0002,20210131,PRCP,5,,,N,0700
US1TXAG0002,20210111,SNOW,79,,,N,0700
US1TXAG0002,20210112,SNOW,0,,,N,0700
US1TXAG0002,20210127,SNOW,0,,,N,0700
US1TXAG0002,20210128,SNOW,0,,,N,0700
US1TXAG0002,20210129,SNOW,0,,,N,0700
US1TXAG0002,20210130,SNOW,0,,,N,0700
US1TXAG0002,20210111,WESF,269,,,N,0700
US1TXAG0002,20210201,PRCP,0,,,N,0700
US1TXAG0002,20210202,PRCP,0,,,N,0700
US1TXAG0002,20210203,PRCP,0,,,N,0700
US1TXAG0002,20210204,PRCP,0,,,N,0700
US1TXAG0002,20210205,PRCP,0,,,N,0700
US1TXAG0002,20210206,PRCP,43,,,N,0700
US1TXAG0002,20210207,PRCP,0,,,N,0700
US1TXAG0002,20210208,PRCP,0,,,N,0700
US1TXAG0002,20210209,PRCP,0,,,N,0700
US1TXAG0002,20210210,PRCP,8,,,N,0700
US1TXAG0002,20210211,PRCP,71,,,N,0700
US1TXAG0002,20210212,PRCP,36,,,N,0700
US1TXAG0002,20210213,PRCP,0,,,N,0700
US1TXAG0002,20210214,PRCP,0,,,N,0700
US1TXAG0002,20210217,PRCP,15,,,N,0700
US1TXAG0002,20210218,PRCP,465,,,N,0700
US1TXAG0002,20210220,PRCP,0,,,N,0700
US1TXAG0002,20210221,PRCP,0,,,N,0700
US1TXAG0002,20210222,PRCP,0,,,N,0700
US1TXAG0002,20210223,PRCP,0,,,N,0700
US1TXAG0002,20210224,PRCP,0,,,N,0700
US1TXAG0002,20210225,PRCP,0,,,N,0700
US1TXAG0002,20210226,PRCP,30,,,N,0700
US1TXAG0002,20210227,PRCP,66,,,N,0700
US1TXAG0002,20210228,PRCP,0,,,N,0700
US1TXAG0002,20210201,SNOW,0,,,N,0700
US1TXAG0002,20210202,SNOW,0,,,N,0700
US1TXAG0002,20210203,SNOW,0,,,N,0700
US1TXAG0002,20210204,SNOW,0,,,N,0700
US1TXAG0002,20210205,SNOW,0,,,N,0700
US1TXAG0002,20210207,SNOW,0,,,N,0700
US1TXAG0002,20210208,SNOW,0,,,N,0700
US1TXAG0002,20210209,SNOW,0,,,N,0700
US1TXAG0002,20210213,SNOW,0,,,N,0700
US1TXAG0002,20210214,SNOW,0,,,N,0700
US1TXAG0002,20210220,SNOW,0,,,N,0700
US1TXAG0002,20210221,SNOW,0,,,N,0700
US1TXAG0002,20210222,SNOW,0,,,N,0700
US1TXAG0002,20210223,SNOW,0,,,N,0700
US1TXAG0002,20210224,SNOW,0,,,N,0700
US1TXAG0002,20210225,SNOW,0,,,N,0700
US1TXAG0002,20210228,SNOW,0,,,N,0700
US1TXAG0002,20210216,DAPR,2,,,N,0700
US1TXAG0002,20210216,MDPR,135,,,N,0700
US1TXAG0002,20210301,PRCP,18,,,N,0700
US1TXAG0002,20210302,PRCP,287,,,N,0700
US1TXAG0002,20210303,PRCP,10,,,N,0700
US1TXAG0002,20210304,PRCP,0,,,N,0700
US1TXAG0002,20210305,PRCP,0,,,N,0700
US1TXAG0002,20210306,PRCP,36,,,N,0700
US1TXAG0002,20210307,PRCP,0,,,N,0700
US1TXAG0002,20210308,PRCP,0,,,N,0700
US1TXAG0002,20210309,PRCP,0,,,N,0700
US1TXAG0002,20210310,PRCP,0,,,N,0700
US1TXAG0002,20210311,PRCP,0,,,N,0700
US1TXAG0002,20210312,PRCP,0,,,N,0700
US1TXAG0002,20210313,PRCP,0,,,N,0700
US1TXAG0002,20210314,PRCP,15,,,N,0700
US1TXAG0002,20210315,PRCP,58,,,N,0700
US1TXAG0002,20210316,PRCP,0,,,N,0700
US1TXAG0002,20210317,PRCP,0,,,N,0700
US1TXAG0002,20210318,PRCP,130,,,N,0700
US1TXAG0002,20210319,PRCP,0,,,N,0700
US1TXAG0002,20210320,PRCP,0,,,N,0700
US1TXAG0002,20210321,PRCP,0,,,N,0700
US1TXAG0002,20210322,PRCP,0,,,N,0700
US1TXAG0002,20210323,PRCP,226,,,N,0700
US1TXAG0002,20210324,PRCP,0,,,N,0700
US1TXAG0002,20210325,PRCP,5,,,N,0700
US1TXAG0002,20210326,PRCP,0,,,N,0700
US1TXAG0002,20210327,PRCP,0,,,N,0700
US1TXAG0002,20210328,PRCP,0,,,N,0700
US1TXAG0002,20210329,PRCP,0,,,N,0700
US1TXAG0002,20210330,PRCP,0,T,,N,0700
US1TXAG0002,20210331,PRCP,0,T,,N,0700
US1TXAG0002,20210304,SNOW,0,,,N,0700
US1TXAG0002,20210305,SNOW,0,,,N,0700
US1TXAG0002,20210307,SNOW,0,,,N,0700
US1TXAG0002,20210308,SNOW,0,,,N,0700
US1TXAG0002,20210309,SNOW,0,,,N,0700
US1TXAG0002,20210310,SNOW,0,,,N,0700
US1TXAG0002,20210311,SNOW,0,,,N,0700
US1TXAG0002,20210312,SNOW,0,,,N,0700
US1TXAG0002,20210313,SNOW,0,,,N,0700
US1TXAG0002,20210316,SNOW,0,,,N,0700
US1TXAG0002,20210317,SNOW,0,,,N,0700
US1TXAG0002,20210319,SNOW,0,,,N,0700
US1TXAG0002,20210320,SNOW,0,,,N,0700
US1TXAG0002,20210321,SNOW,0,,,N,0700
US1TXAG0002,20210322,SNOW,0,,,N,0700
US1TXAG0002,20210324,SNOW,0,,,N,0700
US1TXAG0002,20210326,SNOW,0,,,N,0700
US1TXAG0002,20210327,SNOW,0,,,N,0700
US1TXAG0002,20210328,SNOW,0,,,N,0700
US1TXAG0002,20210329,SNOW,0,,,N,0700
US1TXAG0002,20210401,PRCP,8,,,N,0700
US1TXAG0002,20210402,PRCP,0,,,N,0700
US1TXAG0002,20210403,PRCP,10,,,N,0700
US1TXAG0002,20210404,PRCP,13,,,N,0700
US1TXAG0002,20210405,PRCP,0,,,N,0700
US1TXAG0002,20210406,PRCP,0,,,N,0700
US1TXAG0002,20210407,PRCP,0,,,N,0700
US1TXAG0002,20210408,PRCP,597,,,N,0700
US1TXAG0002,20210409,PRCP,0,,,N,0700
US1TXAG0002,20210410,PRCP,48,,,N,0700
US1TXAG0002,20210411,PRCP,0,,,N,0700
US1TXAG0002,20210412,PRCP,0,,,N,0700
US1TXAG0002,20210414,PRCP,0,,,N,0700
US1TXAG0002,20210415,PRCP,66,,,N,0700
US1TXAG0002,20210416,PRCP,493,,,N,0700
US1TXAG0002,20210417,PRCP,5,,,N,0700
US1TXAG0002,20210418,PRCP,0,,,N,0700
US1TXAG0002,20210419,PRCP,0,,,N,0700
US1TXAG0002,20210420,PRCP,0,,,N,0700
US1TXAG0002,20210421,PRCP,0,,,N,0700
US1TXAG0002,20210422,PRCP,0,,,N,0700
US1TXAG0002,20210423,PRCP,0,,,N,0700
US1TXAG0002,20210424,PRCP,1095,,,N,0700
US1TXAG0002,20210425,PRCP,0,,,N,0700
US1TXAG0002,20210426,PRCP,0,,,N,0700
US1TXAG0002,20210427,PRCP,0,,,N,0700
US1TXAG0002,20210428,PRCP,5,,,N,0700
US1TXAG0002,20210429,PRCP,0,T,,N,0700
US1TXAG0002,20210402,SNOW,0,,,N,0700
US1TXAG0002,20210405,SNOW,0,,,N,0700
US1TXAG0002,20210406,SNOW,0,,,N,0700
US1TXAG0002,20210407,SNOW,0,,,N,0700
US1TXAG0002,20210409,SNOW,0,,,N,0700
US1TXAG0002,20210411,SNOW,0,,,N,0700
US1TXAG0002,20210412,SNOW,0,,,N,0700
US1TXAG0002,20210414,SNOW,0,,,N,0700
US1TXAG0002,20210418,SNOW,0,,,N,0700
US1TXAG0002,20210419,SNOW,0,,,N,0700
US1TXAG0002,20210420,SNOW,0,,,N,0700
US1TXAG0002,20210421,SNOW,0,,,N,0700
US1TXAG0002,20210422,SNOW,0,,,N,0700
US1TXAG0002,20210423,SNOW,0,,,N,0700
US1TXAG0002,20210425,SNOW,0,,,N,0700
US1TXAG0002,20210426,SNOW,0,,,N,0700
US1TXAG0002,20210427,SNOW,0,,,N,0700
US1TXAG0002,20210428,SNOW,0,,,N,0700
US1TXAG0002,20210504,PRCP,0,,,N,0700
US1TXAG0002,20210505,PRCP,51,,,N,0700
US1TXAG0002,20210506,PRCP,0,,,N,0700
US1TXAG0002,20210507,PRCP,0,,,N,0700
US1TXAG0002,20210508,PRCP,0,,,N,0700
US1TXAG0002,20210509,PRCP,0,,,N,0700
US1TXAG0002,20210510,PRCP,968,,,N,0700
US1TXAG0002,20210511,PRCP,58,,,N,0700
US1TXAG0002,20210512,PRCP,241,,,N,0700
US1TXAG0002,20210513,PRCP,5,,,N,0700
US1TXAG0002,20210514,PRCP,0,,,N,0700
US1TXAG0002,20210515,PRCP,0,,,N,0700
US1TXAG0002,20210516,PRCP,0,,,N,0700
US1TXAG0002,20210517,PRCP,124,,,N,0700
US1TXAG0002,20210518,PRCP,86,,,N,0700
US1TXAG0002,20210519,PRCP,411,,,N,0700
US1TXAG0002,20210520,PRCP,378,,,N,0700
US1TXAG0002,20210521,PRCP,36,,,N,0700
US1TXAG0002,20210522,PRCP,323,,,N,0700
US1TXAG0002,20210523,PRCP,10,,,N,0700
US1TXAG0002,20210524,PRCP,13,,,N,0700
US1TXAG0002,20210525,PRCP,10,,,N,0700
US1TXAG0002,20210526,PRCP,376,,,N,0700
US1TXAG0002,20210527,PRCP,0,,,N,0700
US1TXAG0002,20210528,PRCP,84,,,N,0700
US1TXAG0002,20210529,PRCP,48,,,N,0700
US1TXAG0002,20210530,PRCP,0,,,N,0700
US1TXAG0002,20210531,PRCP,76,,,N,0700
US1TXAG0002,20210504,SNOW,0,,,N,0700
US1TXAG0002,20210506,SNOW,0,,,N,0700
US1TXAG0002,20210507,SNOW,0,,,N,0700
US1TXAG0002,20210508,SNOW,0,,,N,0700
US1TXAG0002,20210509,SNOW,0,,,N,0700
US1TXAG0002,20210514,SNOW,0,,,N,0700
US1TXAG0002,20210515,SNOW,0,,,N,0700
US1TXAG0002,20210516,SNOW,0,,,N,0700
US1TXAG0002,20210527,SNOW,0,,,N,0700
US1TXAG0002,20210530,SNOW,0,,,N,0700
US1TXAG0002,20210503,DAPR,4,,,N,0600
US1TXAG0002,20210503,MDPR,988,,,N,0600
US1TXAG0002,20210601,PRCP,30,,,N,0700
US1TXAG0002,20210602,PRCP,211,,,N,0700
US1TXAG0002,20210603,PRCP,5,,,N,0700
US1TXAG0002,20210604,PRCP,0,,,N,0700
US1TXAG0002,20210605,PRCP,10,,,N,0700
US1TXAG0002,20210606,PRCP,8,,,N,0700
US1TXAG0002,20210607,PRCP,10,,,N,0700
US1TXAG0002,20210608,PRCP,356,,,N,0700
US1TXAG0002,20210609,PRCP,30,,,N,0700
US1TXAG0002,20210610,PRCP,0,,,N,0700
US1TXAG0002,20210611,PRCP,0,,,N,0700
US1TXAG0002,20210612,PRCP,0,,,N,0700
US1TXAG0002,20210613,PRCP,0,,,N,0700
US1TXAG0002,20210614,PRCP,117,,,N,0700
US1TXAG0002,20210615,PRCP,0,,,N,0700
US1TXAG0002,20210616,PRCP,0,,,N,0700
US1TXAG0002,20210617,PRCP,0,,,N,0700
US1TXAG0002,20210618,PRCP,0,,,N,0700
US1TXAG0002,20210619,PRCP,0,,,N,0700
US1TXAG0002,20210620,PRCP,0,,,N,0700
US1TXAG0002,20210621,PRCP,152,,,N,0700
US1TXAG0002,20210622,PRCP,239,,,N,0700
US1TXAG0002,20210623,PRCP,0,,,N,0700
US1TXAG0002,20210624,PRCP,0,,,N,0700
US1TXAG0002,20210625,PRCP,0,,,N,0700
US1TXAG0002,20210627,PRCP,89,,,N,0700
US1TXAG0002,20210628,PRCP,18,,,N,0700
US1TXAG0002,20210629,PRCP,99,,,N,0700
US1TXAG0002,20210630,PRCP,386,,,N,0700
US1TXAG0002,20210604,SNOW,0,,,N,0700
US1TXAG0002,20210610,SNOW,0,,,N,0700
US1TXAG0002,20210611,SNOW,0,,,N,0700
US1TXAG0002,20210612,SNOW,0,,,N,0700
US1TXAG0002,20210613,SNOW,0,,,N,0700
US1TXAG0002,20210615,SNOW,0,,,N,0700
US1TXAG0002,20210616,SNOW,0,,,N,0700
US1TXAG0002,20210617,SNOW,0,,,N,0700
US1TXAG0002,20210618,SNOW,0,,,N,0700
US1TXAG0002,20210619,SNOW,0,,,N,0700
US1TXAG0002,20210620,SNOW,0,,,N,0700
US1TXAG0002,20210623,SNOW,0,,,N,0700
US1TXAG0002,20210624,SNOW,0,,,N,0700
US1TXAG0002,20210625,SNOW,0,,,N,0700
US1TXAG0002,20210701,PRCP,0,,,N,0700
US1TXAG0002,20210702,PRCP,0,,,N,0700
US1TXAG0002,20210703,PRCP,122,,,N,0700
US1TXAG0002,20210704,PRCP,0,,,N,0700
US1TXAG0002,20210705,PRCP,0,,,N,0700
US1TXAG0002,20210706,PRCP,61,,,N,0700
US1TXAG0002,20210707,PRCP,218,,,N,0700
US1TXAG0002,20210708,PRCP,262,,,N,0700
US1TXAG0002,20210709,PRCP,5,,,N,0700
US1TXAG0002,20210710,PRCP,0,,,N,0700
US1TXAG0002,20210711,PRCP,13,,,N,0700
US1TXAG0002,20210712,PRCP,64,,,N,0700
US1TXAG0002,20210713,PRCP,0,,,N,0700
US1TXAG0002,20210714,PRCP,56,,,N,0700
US1TXAG0002,20210715,PRCP,0,,,N,0700
US1TXAG0002,20210716,PRCP,41,,,N,0700
US1TXAG0002,20210717,PRCP,48,,,N,0700
US1TXAG0002,20210718,PRCP,0,,,N,0700
US1TXAG0002,20210719,PRCP,0,,,N,0700
US1TXAG0002,20210720,PRCP,318,,,N,0700
US1TXAG0002,20210721,PRCP,0,,,N,0700
US1TXAG0002,20210722,PRCP,0,,,N,0700
US1TXAG0002,20210723,PRCP,20,,,N,0700
US1TXAG0002,20210724,PRCP,0,,,N,0700
US1TXAG0002,20210725,PRCP,0,,,N,0700
US1TXAG0002,20210726,PRCP,0,,,N,0700
US1TXAG0002,20210727,PRCP,0,,,N,0700
US1TXAG0002,20210728,PRCP,46,,,N,0700
US1TXAG0002,20210729,PRCP,0,,,N,0700
US1TXAG0002,20210730,PRCP,0,,,N,0700
US1TXAG0002,20210731,PRCP,0,,,N,0700
US1TXAG0002,20210701,SNOW,0,,,N,0700
US1TXAG0002,20210702,SNOW,0,,,N,0700
US1TXAG0002,20210704,SNOW,0,,,N,0700
US1TXAG0002,20210705,SNOW,0,,,N,0700
US1TXAG0002,20210710,SNOW,0,,,N,0700
US1TXAG0002,20210713,SNOW,0,,,N,0700
US1TXAG0002,20210715,SNOW,0,,,N,0700
US1TXAG0002,20210718,SNOW,0,,,N,0700
US1TXAG0002,20210719,SNOW,0,,,N,0700
US1TXAG0002,20210721,SNOW,0,,,N,0700
US1TXAG0002,20210722,SNOW,0,,,N,0700
US1TXAG0002,20210724,SNOW,0,,,N,0700
US1TXAG0002,20210725,SNOW,0,,,N,0700
US1TXAG0002,20210726,SNOW,0,,,N,0700
US1TXAG0002,20210727,SNOW,0,,,N,0700
US1TXAG0002,20210728,SNOW,0,,,N,0700
US1TXAG0002,20210729,SNOW,0,,,N,0700
US1TXAG0002,20210730,SNOW,0,,,N,0700
US1TXAG0002,20210731,SNOW,0,,,N,0700
US1TXAG0002,20210801,PRCP,0,,,N,0700
US1TXAG0002,20210802,PRCP,0,,,N,0700
US1TXAG0002,20210803,PRCP,36,,,N,0700
US1TXAG0002,20210804,PRCP,0,T,,N,0700
US1TXAG0002,20210805,PRCP,0,,,N,0700
US1TXAG0002,20210806,PRCP,0,,,N,0700
US1TXAG0002,20210807,PRCP,0,,,N,0700
US1TXAG0002,20210808,PRCP,0,,,N,0700
US1TXAG0002,20210809,PRCP,0,,,N,0700
US1TXAG0002,20210810,PRCP,36,,,N,0700
US1TXAG0002,20210811,PRCP,0,,,N,0700
US1TXAG0002,20210812,PRCP,0,,,N,0700
US1TXAG0002,20210813,PRCP,150,,,N,0700
US1TXAG0002,20210814,PRCP,66,,,N,0700
US1TXAG0002,20210815,PRCP,5,,,N,0700
US1TXAG0002,20210816,PRCP,0,,,N,0700
US1TXAG0002,20210817,PRCP,36,,,N,0700
US1TXAG0002,20210818,PRCP,3,,,N,0700
US1TXAG0002,20210819,PRCP,213,,,N,0700
US1TXAG0002,20210820,PRCP,20,,,N,0700
US1TXAG0002,20210821,PRCP,5,,,N,0700
US1TXAG0002,20210822,PRCP,0,,,N,0700
US1TXAG0002,20210823,PRCP,0,,,N,0700
US1TXAG0002,20210824,PRCP,0,,,N,0700
US1TXAG0002,20210825,PRCP,0,,,N,0700
US1TXAG0002,20210826,PRCP,0,,,N,0700
US1TXAG0002,20210827,PRCP,28,,,N,0700
US1TXAG0002,20210828,PRCP,0,,,N,0700
US1TXAG0002,20210829,PRCP,79,,,N,0700
US1TXAG0002,20210830,PRCP,5,,,N,0700
US1TXAG0002,20210831,PRCP,0,,,N,0700
US1TXAG0002,20210801,SNOW,0,,,N,0700
US1TXAG0002,20210802,SNOW,0,,,N,0700
US1TXAG0002,20210805,SNOW,0,,,N,0700
US1TXAG0002,20210806,SNOW,0,,,N,0700
US1TXAG0002,20210807,SNOW,0,,,N,0700
US1TXAG0002,20210808,SNOW,0,,,N,0700
US1TXAG0002,20210809,SNOW,0,,,N,0700
US1TXAG0002,20210810,SNOW,0,,,N,0700
US1TXAG0002,20210811,SNOW,0,,,N,0700
US1TXAG0002,20210812,SNOW,0,,,N,0700
US1TXAG0002,20210816,SNOW,0,,,N,0700
US1TXAG0002,20210822,SNOW,0,,,N,0700
US1TXAG0002,20210823,SNOW,0,,,N,0700
US1TXAG0002,20210824,SNOW,0,,,N,0700
US1TXAG0002,20210825,SNOW,0,,,N,0700
US1TXAG0002,20210826,SNOW,0,,,N,0700
US1TXAG0002,20210828,SNOW,0,,,N,0700
US1TXAG0002,20210831,SNOW,0,,,N,0700
US1TXAG0002,20210901,PRCP,0,,,N,0700
US1TXAG0002,20210902,PRCP,0,,,N,0700
US1TXAG0002,20210903,PRCP,10,,,N,0700
US1TXAG0002,20210904,PRCP,0,,,N,0700
US1TXAG0002,20210905,PRCP,0,,,N,0700
US1TXAG0002,20210906,PRCP,160,,,N,0700
US1TXAG0002,20210907,PRCP,0,,,N,0700
US1TXAG0002,20210908,PRCP,0,,,N,0700
US1TXAG0002,20210909,PRCP,0,,,N,0700
US1TXAG0002,20210910,PRCP,0,,,N,0700
US1TXAG0002,20210911,PRCP,0,,,N,0700
US1TXAG0002,20210912,PRCP,0,,,N,0700
US1TXAG0002,20210913,PRCP,10,,,N,0700
US1TXAG0002,20210914,PRCP,64,,,N,0700
US1TXAG0002,20210915,PRCP,79,,,N,0700
US1TXAG0002,20210916,PRCP,0,,,N,0700
US1TXAG0002,20210917,PRCP,28,,,N,0700
US1TXAG0002,20210918,PRCP,13,,,N,0700
US1TXAG0002,20210919,PRCP,0,,,N,0700
US1TXAG0002,20210920,PRCP,0,,,N,0700
US1TXAG0002,20210921,PRCP,0,,,N,0700
US1TXAG0002,20210922,PRCP,0,,,N,0700
US1TXAG0002,20210923,PRCP,0,,,N,0700
US1TXAG0002,20210924,PRCP,0,,,N,0700
US1TXAG0002,20210925,PRCP,0,,,N,0700
US1TXAG0002,20210926,PRCP,0,,,N,0700
US1TXAG0002,20210927,PRCP,0,,,N,0700
US1TXAG0002,20210928,PRCP,0,T,,N,0700
US1TXAG0002,20210929,PRCP,0,,,N,0700
US1TXAG0002,20210930,PRCP,0,,,N,0700
US1TXAG0002,20210901,SNOW,0,,,N,0700
US1TXAG0002,20210902,SNOW,0,,,N,0700
US1TXAG0002,20210904,SNOW,0,,,N,0700
US1TXAG0002,20210905,SNOW,0,,,N,0700
US1TXAG0002,20210907,SNOW,0,,,N,0700
US1TXAG0002,20210908,SNOW,0,,,N,0700
US1TXAG0002,20210909,SNOW,0,,,N,0700
US1TXAG0002,20210910,SNOW,0,,,N,0700
US1TXAG0002,20210911,SNOW,0,,,N,0700
US1TXAG0002,20210912,SNOW,0,,,N,0700
US1TXAG0002,20210916,SNOW,0,,,N,0700
US1TXAG0002,20210919,SNOW,0,,,N,0700
US1TXAG0002,20210920,SNOW,0,,,N,0700
US1TXAG0002,20210921,SNOW,0,,,N,0700
US1TXAG0002,20210922,SNOW,0,,,N,0700
US1TXAG0002,20210923,SNOW,0,,,N,0700
US1TXAG0002,20210924,SNOW,0,,,N,0700
US1TXAG0002,20210925,SNOW,0,,,N,0700
US1TXAG0002,20210926,SNOW,0,,,N,0700
US1TXAG0002,20210927,SNOW,0,,,N,0700
US1TXAG0002,20210929,SNOW,0,,,N,0700
US1TXAG0002,20210930,SNOW,0,,,N,0700
US1TXAG0002,20211001,PRCP,13,,,N,0700
US1TXAG0002,20211002,PRCP,74,,,N,0700
US1TXAG0002,20211003,PRCP,84,,,N,0700
US1TXAG0002,20211004,PRCP,0,,,N,0700
US1TXAG0002,20211005,PRCP,0,,,N,0700
US1TXAG0002,20211006,PRCP,0,,,N,0700
US1TXAG0002,20211007,PRCP,0,,,N,0700
US1TXAG0002,20211008,PRCP,0,,,N,0700
US1TXAG0002,20211009,PRCP,0,,,N,0700
US1TXAG0002,20211010,PRCP,0,,,N,0700
US1TXAG0002,20211011,PRCP,254,,,N,0700
US1TXAG0002,20211012,PRCP,8,,,N,0700
US1TXAG0002,20211013,PRCP,25,,,N,0700
US1TXAG0002,20211014,PRCP,0,,,N,0700
US1TXAG0002,20211015,PRCP,58,,,N,0700
US1TXAG0002,20211016,PRCP,0,,,N,0700
US1TXAG0002,20211017,PRCP,0,,,N,0700
US1TXAG0002,20211018,PRCP,0,,,N,0700
US1TXAG0002,20211019,PRCP,0,,,N,0700
US1TXAG0002,20211020,PRCP,0,,,N,0700
US1TXAG0002,20211021,PRCP,0,,,N,0700
US1TXAG0002,20211022,PRCP,0,,,N,0700
US1TXAG0002,20211023,PRCP,0,,,N,0700
US1TXAG0002,20211024,PRCP,66,,,N,0700
US1TXAG0002,20211025,PRCP,0,,,N,0700
US1TXAG0002,20211026,PRCP,0,,,N,0700
US1TXAG0002,20211027,PRCP,0,,,N,0700
US1TXAG0002,20211028,PRCP,328,,,N,0700
US1TXAG0002,20211029,PRCP,0,,,N,0700
US1TXAG0002,20211030,PRCP,0,,,N,0700
US1TXAG0002,20211031,PRCP,0,,,N,0700
US1TXAG0002,20211004,SNOW,0,,,N,0700
US1TXAG0002,20211005,SNOW,0,,,N,0700
US1TXAG0002,20211006,SNOW,0,,,N,0700
US1TXAG0002,20211007,SNOW,0,,,N,0700
US1TXAG0002,20211008,SNOW,0,,,N,0700
US1TXAG0002,20211009,SNOW,0,,,N,0700
US1TXAG0002,20211010,SNOW,0,,,N,0700
US1TXAG0002,20211014,SNOW,0,,,N,0700
US1TXAG0002,20211016,SNOW,0,,,N,0700
US1TXAG0002,20211017,SNOW,0,,,N,0700
US1TXAG0002,20211018,SNOW,0,,,N,0700
US1TXAG0002,20211019,SNOW,0,,,N,0700
US1TXAG0002,20211020,SNOW,0,,,N,0700
US1TXAG0002,20211021,SNOW,0,,,N,0700
US1TXAG0002,20211022,SNOW,0,,,N,0700
US1TXAG0002,20211023,SNOW,0,,,N,0700
US1TXAG0002,20211025,SNOW,0,,,N,0700
US1TXAG0002,20211026,SNOW,0,,,N,0700
US1TXAG0002,20211027,SNOW,0,,,N,0700
US1TXAG0002,20211029,SNOW,0,,,N,0700
US1TXAG0002,20211030,SNOW,0,,,N,0700
US1TXAG0002,20211031,SNOW,0,,,N,0700
US1TXAG0002,20211101,PRCP,0,,,N,0700
US1TXAG0002,20211102,PRCP,0,,,N,0700
US1TXAG0002,20211103,PRCP,0,,,N,0700
US1TXAG0002,20211104,PRCP,173,,,N,0700
US1TXAG0002,20211105,PRCP,0,,,N,0700
US1TXAG0002,20211106,PRCP,0,,,N,0700
US1TXAG0002,20211107,PRCP,0,,,N,0700
US1TXAG0002,20211108,PRCP,0,,,N,0700
US1TXAG0002,20211109,PRCP,0,,,N,0700
US1TXAG0002,20211111,PRCP,284,,,N,0700
US1TXAG0002,20211112,PRCP,0,,,N,0700
US1TXAG0002,20211113,PRCP,0,,,N,0700
US1TXAG0002,20211114,PRCP,0,,,N,0700
US1TXAG0002,20211115,PRCP,0,,,N,0700
US1TXAG0002,20211116,PRCP,0,,,N,0700
US1TXAG0002,20211117,PRCP,0,,,N,0700
US1TXAG0002,20211118,PRCP,0,,,N,0700
US1TXAG0002,20211119,PRCP,0,,,N,0700
US1TXAG0002,20211120,PRCP,0,,,N,0700
US1TXAG0002,20211121,PRCP,0,,,N,0700
US1TXAG0002,20211122,PRCP,0,,,N,0700
US1TXAG0002,20211123,PRCP,0,,,N,0700
US1TXAG0002,20211124,PRCP,0,,,N,0700
US1TXAG0002,20211125,PRCP,46,,,N,0700
US1TXAG0002,20211126,PRCP,66,,,N,0700
US1TXAG0002,20211127,PRCP,0,,,N,0700
US1TXAG0002,20211128,PRCP,109,,,N,0700
US1TXAG0002,20211129,PRCP,5,,,N,0700
US1TXAG0002,20211130,PRCP,0,,,N,0700
US1TXAG0002,20211101,SNOW,0,,,N,0700
US1TXAG0002,20211102,SNOW,0,,,N,0700
US1TXAG0002,20211103,SNOW,0,,,N,0700
US1TXAG0002,20211105,SNOW,0,,,N,0700
US1TXAG0002,20211106,SNOW,0,,,N,0700
US1TXAG0002,20211107,SNOW,0,,,N,0700
US1TXAG0002,20211108,SNOW,0,,,N,0700
US1TXAG0002,20211109,SNOW,0,,,N,0700
US1TXAG0002,20211112,SNOW,0,,,N,0700
US1TXAG0002,20211113,SNOW,0,,,N,0700
US1TXAG0002,20211114,SNOW,0,,,N,0700
US1TXAG0002,20211115,SNOW,0,,,N,0700
US1TXAG0002,20211116,SNOW,0,,,N,0700
US1TXAG0002,20211117,SNOW,0,,,N,0700
US1TXAG0002,20211118,SNOW,0,,,N,0700
US1TXAG0002,20211119,SNOW,0,,,N,0700
US1TXAG0002,20211120,SNOW,0,,,N,0700
US1TXAG0002,20211121,SNOW,0,,,N,0700
US1TXAG0002,20211122,SNOW,0,,,N,0700
US1TXAG0002,20211123,SNOW,0,,,N,0700
US1TXAG0002,20211124,SNOW,0,,,N,0700
US1TXAG0002,20211127,SNOW,0,,,N,0700
US1TXAG0002,20211130,SNOW,0,,,N,0700
US1TXAG0002,20211201,PRCP,0,,,N,0700
US1TXAG0002,20211202,PRCP,0,,,N,0700
US1TXAG0002,20211203,PRCP,0,,,N,0700
US1TXAG0002,20211204,PRCP,0,,,N,0700
US1TXAG0002,20211205,PRCP,0,,,N,0700
US1TXAG0002,20211206,PRCP,10,,,N,0700
US1TXAG0002,20211207,PRCP,66,,,N,0700
US1TXAG0002,20211208,PRCP,0,,,N,0700
US1TXAG0002,20211209,PRCP,0,,,N,0700
US1TXAG0002,20211210,PRCP,0,,,N,0700
US1TXAG0002,20211211,PRCP,140,,,N,0700
US1TXAG0002,20211212,PRCP,0,,,N,0700
US1TXAG0002,20211213,PRCP,0,,,N,0700
US1TXAG0002,20211214,PRCP,10,,,N,0700
US1TXAG0002,20211215,PRCP,3,,,N,0700
US1TXAG0002,20211216,PRCP,8,,,N,0700
US1TXAG0002,20211217,PRCP,0,,,N,0700
US1TXAG0002,20211218,PRCP,0,,,N,0700
US1TXAG0002,20211219,PRCP,345,,,N,0700
US1TXAG0002,20211220,PRCP,15,,,N,0700
US1TXAG0002,20211221,PRCP,0,,,N,0700
US1TXAG0002,20211222,PRCP,0,,,N,0700
US1TXAG0002,20211223,PRCP,0,,,N,0700
US1TXAG0002,20211224,PRCP,0,,,N,0700
US1TXAG0002,20211225,PRCP,0,,,N,0700
US1TXAG0002,20211226,PRCP,0,,,N,0700
US1TXAG0002,20211227,PRCP,0,,,N,0700
US1TXAG0002,20211228,PRCP,0,,,N,0700
US1TXAG0002,20211229,PRCP,8,,,N,0700
US1TXAG0002,20211230,PRCP,0,,,N,0700
US1TXAG0002,20211231,PRCP,0,,,N,0700
US1TXAG0002,20211201,SNOW,0,,,N,0700
US1TXAG0002,20211202,SNOW,0,,,N,0700
US1TXAG0002,20211203,SNOW,0,,,N,0700
US1TXAG0002,20211204,SNOW,0,,,N,0700
US1TXAG0002,20211205,SNOW,0,,,N,0700
US1TXAG0002,20211208,SNOW,0,,,N,0700
US1TXAG0002,20211209,SNOW,0,,,N,0700
US1TXAG0002,20211210,SNOW,0,,,N,0700
US1TXAG0002,20211212,SNOW,0,,,N,0700
US1TXAG0002,20211213,SNOW,0,,,N,0700
US1TXAG0002,20211217,SNOW,0,,,N,0700
US1TXAG0002,20211218,SNOW,0,,,N,0700
US1TXAG0002,20211221,SNOW,0,,,N,0700
US1TXAG0002,20211222,SNOW,0,,,N,0700
US1TXAG0002,20211223,SNOW,0,,,N,0700
US1TXAG0002,20211224,SNOW,0,,,N,0700
US1TXAG0002,20211225,SNOW,0,,,N,0700
US1TXAG0002,20211226,SNOW,0,,,N,0700
US1TXAG0002,20211227,SNOW,0,,,N,0700
US1TXAG0002,20211228,SNOW,0,,,N,0700
US1TXAG0002,20211230,SNOW,0,,,N,0700
US1TXAG0002,20211231,SNOW,0,,,N,0700
US1TXAG0002,20220101,PRCP,0,,,N,0700
US1TXAG0002,20220102,PRCP,56,,,N,0700
US1TXAG0002,20220103,PRCP,5,,,N,0700
US1TXAG0002,20220104,PRCP,0,,,N,0700
US1TXAG0002,20220105,PRCP,0,,,N,0700
US1TXAG0002,20220106,PRCP,0,,,N,0700
US1TXAG0002,20220107,PRCP,0,,,N,0700
US1TXAG0002,20220108,PRCP,0,,,N,0700
US1TXAG0002,20220109,PRCP,622,,,N,0700
US1TXAG0002,20220110,PRCP,0,,,N,0700
US1TXAG0002,20220111,PRCP,0,,,N,0700
US1TXAG0002,20220112,PRCP,0,,,N,0700
US1TXAG0002,20220113,PRCP,0,,,N,0700
US1TXAG0002,20220114,PRCP,0,,,N,0700
US1TXAG0002,20220115,PRCP,0,,,N,0700
US1TXAG0002,20220116,PRCP,0,,,N,0700
US1TXAG0002,20220117,PRCP,0,,,N,0700
US1TXAG0002,20220118,PRCP,0,,,N,0700
US1TXAG0002,20220119,PRCP,0,,,N,0700
US1TXAG0002,20220120,PRCP,20,,,N,0700
US1TXAG0002,20220121,PRCP,0,,,N,0700
US1TXAG0002,20220122,PRCP,0,,,N,0700
US1TXAG0002,20220123,PRCP,0,,,N,0700
US1TXAG0002,20220124,PRCP,0,,,N,0700
US1TXAG0002,20220125,PRCP,178,,,N,0700
US1TXAG0002,20220126,PRCP,5,,,N,0700
US1TXAG0002,20220127,PRCP,0,,,N,0700
US1TXAG0002,20220128,PRCP,0,,,N,0700
US1TXAG0002,20220129,PRCP,0,,,N,0700
US1TXAG0002,20220130,PRCP,0,,,N,0700
US1TXAG0002,20220131,PRCP,0,,,N,0700
US1TXAG0002,20220101,SNOW,0,,,N,0700
US1TXAG0002,20220104,SNOW,0,,,N,0700
US1TXAG0002,20220105,SNOW,0,,,N,0700
US1TXAG0002,20220106,SNOW,0,,,N,0700
US1TXAG0002,20220107,SNOW,0,,,N,0700
US1TXAG0002,20220108,SNOW,0,,,N,0700
US1TXAG0002,20220110,SNOW,0,,,N,0700
US1TXAG0002,20220111,SNOW,0,,,N,0700
US1TXAG0002,20220112,SNOW,0,,,N,0700
US1TXAG0002,20220113,SNOW,0,,,N,0700
US1TXAG0002,20220114,SNOW,0,,,N,0700
US1TXAG0002,20220115,SNOW,0,,,N,0700
US1TXAG0002,20220116,SNOW,0,,,N,0700
US1TXAG0002,20220117,SNOW,0,,,N,0700
US1TXAG0002,20220118,SNOW,0,,,N,0700
US1TXAG0002,20220119,SNOW,0,,,N,0700
US1TXAG0002,20220121,SNOW,0,,,N,0700
US1TXAG0002,20220122,SNOW,0,,,N,0700
US1TXAG0002,20220123,SNOW,0,,,N,0700
US1TXAG0002,20220124,SNOW,0,,,N,0700
US1TXAG0002,20220127,SNOW,0,,,N,0700
US1TXAG0002,20220128,SNOW,0,,,N,0700
US1TXAG0002,20220129,SNOW,0,,,N,0700
US1TXAG0002,20220130,SNOW,0,,,N,0700
US1TXAG0002,20220131,SNOW,0,,,N,0700
US1TXAG0002,20220201,PRCP,0,,,N,0700
US1TXAG0002,20220202,PRCP,0,T,,N,0700
US1TXAG0002,20220203,PRCP,269,,,N,0700
US1TXAG0002,20220204,PRCP,43,,,N,0700
US1TXAG0002,20220205,PRCP,0,,,N,0700
US1TXAG0002,20220206,PRCP,0,,,N,0700
US1TXAG0002,20220207,PRCP,0,,,N,0700
US1TXAG0002,20220208,PRCP,0,,,N,0700
US1TXAG0002,20220209,PRCP,0,,,N,0700
US1TXAG0002,20220210,PRCP,0,,,N,0700
US1TXAG0002,20220211,PRCP,0,,,N,0700
US1TXAG0002,20220212,PRCP,0,,,N,0700
US1TXAG0002,20220213,PRCP,25,,,N,0700
US1TXAG0002,20220214,PRCP,0,,,N,0700
US1TXAG0002,20220215,PRCP,0,,,N,0700
US1TXAG0002,20220216,PRCP,0,,,N,0700
US1TXAG0002,20220217,PRCP,36,,,N,0700
US1TXAG0002,20220218,PRCP,51,,,N,0700
US1TXAG0002,20220219,PRCP,0,,,N,0700
US1TXAG0002,20220220,PRCP,0,,,N,0700
US1TXAG0002,20220221,PRCP,25,,,N,0700
US1TXAG0002,20220222,PRCP,8,,,N,0700
US1TXAG0002,20220223,PRCP,0,,,N,0700
US1TXAG0002,20220224,PRCP,10,,,N,0700
US1TXAG0002,20220225,PRCP,18,,,N,0700
US1TXAG0002,20220226,PRCP,13,,,N,0700
US1TXAG0002,20220227,PRCP,145,,,N,0700
US1TXAG0002,20220228,PRCP,0,,,N,0700
US1TXAG0002,20220201,SNOW,0,,,N,0700
US1TXAG0002,20220205,SNOW,0,,,N,0700
US1TXAG0002,20220206,SNOW,0,,,N,0700
US1TXAG0002,20220207,SNOW,0,,,N,0700
US1TXAG0002,20220208,SNOW,0,,,N,0700
US1TXAG0002,20220209,SNOW,0,,,N,0700
US1TXAG0002,20220210,SNOW,0,,,N,0700
US1TXAG0002,20220211,SNOW,0,,,N,0700
US1TXAG0002,20220212,SNOW,0,,,N,0700
US1TXAG0002,20220214,SNOW,0,,,N,0700
US1TXAG0002,20220215,SNOW,0,,,N,0700
US1TXAG0002,20220216,SNOW,0,,,N,0700
US1TXAG0002,20220219,SNOW,0,,,N,0700
US1TXAG0002,20220220,SNOW,0,,,N,0700
US1TXAG0002,20220223,SNOW,0,,,N,0700
US1TXAG0002,20220228,SNOW,0,,,N,0700
US1TXAG0002,20220301,PRCP,0,,,N,0700
US1TXAG0002,20220302,PRCP,0,,,N,0700
US1TXAG0002,20220303,PRCP,0,,,N,0700
US1TXAG0002,20220304,PRCP,0,,,N,0700
US1TXAG0002,20220305,PRCP,0,,,N,0700
US1TXAG0002,20220306,PRCP,0,,,N,0700
US1TXAG0002,20220307,PRCP,23,,,N,0700
US1TXAG0002,20220308,PRCP,20,,,N,0700
US1TXAG0002,20220309,PRCP,249,,,N,0700
US1TXAG0002,20220310,PRCP,0,,,N,0700
US1TXAG0002,20220311,PRCP,0,,,N,0700
US1TXAG0002,20220312,PRCP,8,,,N,0700
US1TXAG0002,20220313,PRCP,0,,,N,0700
US1TXAG0002,20220314,PRCP,0,,,N,0700
US1TXAG0002,20220315,PRCP,48,,,N,0700
US1TXAG0002,20220316,PRCP,0,,,N,0700
US1TXAG0002,20220317,PRCP,0,,,N,0700
US1TXAG0002,20220318,PRCP,69,,,N,0700
US1TXAG0002,20220319,PRCP,0,,,N,0700
US1TXAG0002,20220320,PRCP,0,,,N,0700
US1TXAG0002,20220321,PRCP,0,,,N,0700
US1TXAG0002,20220322,PRCP,417,,,N,0700
US1TXAG0002,20220323,PRCP,0,,,N,0700
US1TXAG0002,20220324,PRCP,0,,,N,0700
US1TXAG0002,20220325,PRCP,0,,,N,0700
US1TXAG0002,20220326,PRCP,0,,,N,0700
US1TXAG0002,20220327,PRCP,0,,,N,0700
US1TXAG0002,20220328,PRCP,0,,,N,0700
US1TXAG0002,20220329,PRCP,0,,,N,0700
US1TXAG0002,20220330,PRCP,0,,,N,0641
US1TXAG0002,20220331,PRCP,114,,,N,0700
US1TXAG0002,20220301,SNOW,0,,,N,0700
US1TXAG0002,20220302,SNOW,0,,,N,0700
US1TXAG0002,20220303,SNOW,0,,,N,0700
US1TXAG0002,20220304,SNOW,0,,,N,0700
US1TXAG0002,20220305,SNOW,0,,,N,0700
US1TXAG0002,20220306,SNOW,0,,,N,0700
US1TXAG0002,20220310,SNOW,0,,,N,0700
US1TXAG0002,20220311,SNOW,0,,,N,0700
US1TXAG0002,20220313,SNOW,0,,,N,0700
US1TXAG0002,20220314,SNOW,0,,,N,0700
US1TXAG0002,20220316,SNOW,0,,,N,0700
US1TXAG0002,20220317,SNOW,0,,,N,0700
US1TXAG0002,20220319,SNOW,0,,,N,0700
US1TXAG0002,20220320,SNOW,0,,,N,0700
US1TXAG0002,20220321,SNOW,0,,,N,0700
US1TXAG0002,20220323,SNOW,0,,,N,0700
US1TXAG0002,20220324,SNOW,0,,,N,0700
US1TXAG0002,20220325,SNOW,0,,,N,0700
US1TXAG0002,20220326,SNOW,0,,,N,0700
US1TXAG0002,20220327,SNOW,0,,,N,0700
US1TXAG0002,20220328,SNOW,0,,,N,0700
US1TXAG0002,20220329,SNOW,0,,,N,0700
US1TXAG0002,20220330,SNOW,0,,,N,0641
US1TXAG0002,20220401,PRCP,0,,,N,0700
US1TXAG0002,20220402,PRCP,0,,,N,0700
US1TXAG0002,20220403,PRCP,0,,,N,0700
US1TXAG0002,20220404,PRCP,0,,,N,0700
US1TXAG0002,20220405,PRCP,56,,,N,0700
US1TXAG0002,20220406,PRCP,48,,,N,0700
US1TXAG0002,20220407,PRCP,0,,,N,0700
US1TXAG0002,20220408,PRCP,0,,,N,0700
US1TXAG0002,20220409,PRCP,0,,,N,0700
US1TXAG0002,20220410,PRCP,0,,,N,0700
US1TXAG0002,20220411,PRCP,0,,,N,0700
US1TXAG0002,20220412,PRCP,0,,,N,0700
US1TXAG0002,20220413,PRCP,8,,,N,0700
US1TXAG0002,20220414,PRCP,97,,,N,0700
US1TXAG0002,20220415,PRCP,0,,,N,0700
US1TXAG0002,20220416,PRCP,0,,,N,0700
US1TXAG0002,20220417,PRCP,0,,,N,0700
US1TXAG0002,20220418,PRCP,0,,,N,0700
US1TXAG0002,20220419,PRCP,0,,,N,0700
US1TXAG0002,20220420,PRCP,0,,,N,0700
US1TXAG0002,20220421,PRCP,0,,,N,0700
US1TXAG0002,20220422,PRCP,0,,,N,0700
US1TXAG0002,20220423,PRCP,0,,,N,0700
US1TXAG0002,20220424,PRCP,0,,,N,0700
US1TXAG0002,20220425,PRCP,0,,,N,0700
US1TXAG0002,20220426,PRCP,348,,,N,0700
US1TXAG0002,20220427,PRCP,0,,,N,0700
US1TXAG0002,20220428,PRCP,0,,,N,0700
US1TXAG0002,20220429,PRCP,0,,,N,0700
US1TXAG0002,20220430,PRCP,0,,,N,0700
US1TXAG0002,20220401,SNOW,0,,,N,0700
US1TXAG0002,20220402,SNOW,0,,,N,0700
US1TXAG0002,20220403,SNOW,0,,,N,0700
US1TXAG0002,20220404,SNOW,0,,,N,0700
US1TXAG0002,20220407,SNOW,0,,,N,0700
US1TXAG0002,20220408,SNOW,0,,,N,0700
US1TXAG0002,20220409,SNOW,0,,,N,0700
US1TXAG0002,20220410,SNOW,0,,,N,0700
US1TXAG0002,20220411,SNOW,0,,,N,0700
US1TXAG0002,20220412,SNOW,0,,,N,0700
US1TXAG0002,20220415,SNOW,0,,,N,0700
US1TXAG0002,20220416,SNOW,0,,,N,0700
US1TXAG0002,20220417,SNOW,0,,,N,0700
US1TXAG0002,20220418,SNOW,0,,,N,0700
US1TXAG0002,20220419,SNOW,0,,,N,0700
US1TXAG0002,20220420,SNOW,0,,,N,0700
US1TXAG0002,20220421,SNOW,0,,,N,0700
US1TXAG0002,20220422,SNOW,0,,,N,0700
US1TXAG0002,20220423,SNOW,0,,,N,0700
US1TXAG0002,20220424,SNOW,0,,,N,0700
US1TXAG0002,20220425,SNOW,0,,,N,0700
US1TXAG0002,20220427,SNOW,0,,,N,0700
US1TXAG0002,20220428,SNOW,0,,,N,0700
US1TXAG0002,20220429,SNOW,0,,,N,0700
US1TXAG0002,20220430,SNOW,0,,,N,0700
US1TXAG0002,20220501,PRCP,30,,,N,0700
US1TXAG0002,20220502,PRCP,0,,,N,0700
US1TXAG0002,20220503,PRCP,0,,,N,0700
US1TXAG0002,20220504,PRCP,137,,,N,0700
US1TXAG0002,20220505,PRCP,0,,,N,0700
US1TXAG0002,20220506,PRCP,320,,,N,0700
US1TXAG0002,20220507,PRCP,5,,,N,0700
US1TXAG0002,20220508,PRCP,0,,,N,0700
US1TXAG0002,20220509,PRCP,0,,,N,0700
US1TXAG0002,20220510,PRCP,0,,,N,0700
US1TXAG0002,20220511,PRCP,0,,,N,0700
US1TXAG0002,20220512,PRCP,0,,,N,0700
US1TXAG0002,20220513,PRCP,0,,,N,0700
US1TXAG0002,20220514,PRCP,0,,,N,0700
US1TXAG0002,20220515,PRCP,0,,,N,0630
US1TXAG0002,20220516,PRCP,0,,,N,0700
US1TXAG0002,20220517,PRCP,0,,,N,0700
US1TXAG0002,20220518,PRCP,0,,,N,0700
US1TXAG0002,20220520,PRCP,0,,,N,0700
US1TXAG0002,20220521,PRCP,0,,,N,0700
US1TXAG0002,20220522,PRCP,602,,,N,0700
US1TXAG0002,20220523,PRCP,74,,,N,0700
US1TXAG0002,20220524,PRCP,0,,,N,0700
US1TXAG0002,20220525,PRCP,168,,,N,0700
US1TXAG0002,20220526,PRCP,0,,,N,0700
US1TXAG0002,20220527,PRCP,0,,,N,0700
US1TXAG0002,20220528,PRCP,0,,,N,0700
US1TXAG0002,20220529,PRCP,0,,,N,0700
US1TXAG0002,20220530,PRCP,0,,,N,0700
US1TXAG0002,20220531,PRCP,0,,,N,0700
US1TXAG0002,20220502,SNOW,0,,,N,0700
US1TXAG0002,20220503,SNOW,0,,,N,0700
US1TXAG0002,20220505,SNOW,0,,,N,0700
US1TXAG0002,20220508,SNOW,0,,,N,0700
US1TXAG0002,20220509,SNOW,0,,,N,0700
US1TXAG0002,20220510,SNOW,0,,,N,0700
US1TXAG0002,20220511,SNOW,0,,,N,0700
US1TXAG0002,20220512,SNOW,0,,,N,0700
US1TXAG0002,20220513,SNOW,0,,,N,0700
US1TXAG0002,20220514,SNOW,0,,,N,0700
US1TXAG0002,20220515,SNOW,0,,,N,0630
US1TXAG0002,20220516,SNOW,0,,,N,0700
US1TXAG0002,20220517,SNOW,0,,,N,0700
US1TXAG0002,20220518,SNOW,0,,,N,0700
US1TXAG0002,20220520,SNOW,0,,,N,0700
US1TXAG0002,20220521,SNOW,0,,,N,0700
US1TXAG0002,20220524,SNOW,0,,,N,0700
US1TXAG0002,20220526,SNOW,0,,,N,0700
US1TXAG0002,20220527,SNOW,0,,,N,0700
US1TXAG0002,20220528,SNOW,0,,,N,0700
US1TXAG0002,20220529,SNOW,0,,,N,0700
US1TXAG0002,20220530,SNOW,0,,,N,0700
US1TXAG0002,20220531,SNOW,0,,,N,0700
US1TXAG0002,20220601,PRCP,0,,,N,0700
US1TXAG0002,20220602,PRCP,46,,,N,0700
US1TXAG0002,20220603,PRCP,0,,,N,0700
US1TXAG0002,20220604,PRCP,0,,,N,0700
US1TXAG0002,20220605,PRCP,0,,,N,0700
US1TXAG0002,20220606,PRCP,0,,,N,0700
US1TXAG0002,20220607,PRCP,0,,,N,0700
US1TXAG0002,20220608,PRCP,0,,,N,0700
US1TXAG0002,20220609,PRCP,0,,,N,0700
US1TXAG0002,20220610,PRCP,0,,,N,0700
US1TXAG0002,20220611,PRCP,0,,,N,0700
US1TXAG0002,20220612,PRCP,0,,,N,0700
US1TXAG0002,20220613,PRCP,0,,,N,0700
US1TXAG0002,20220614,PRCP,0,,,N,0700
US1TXAG0002,20220615,PRCP,0,,,N,0700
US1TXAG0002,20220616,PRCP,0,,,N,0700
US1TXAG0002,20220617,PRCP,0,,,N,0700
US1TXAG0002,20220619,PRCP,0,,,N,0700
US1TXAG0002,20220620,PRCP,0,,,N,0700
US1TXAG0002,20220621,PRCP,0,,,N,0700
US1TXAG0002,20220622,PRCP,0,,,N,0700
US1TXAG0002,20220623,PRCP,0,,,N,0700
US1TXAG0002,20220624,PRCP,0,,,N,0700
US1TXAG0002,20220625,PRCP,0,,,N,0700
US1TXAG0002,20220626,PRCP,0,,,N,0700
US1TXAG0002,20220627,PRCP,0,,,N,0700
US1TXAG0002,20220628,PRCP,0,,,N,0700
US1TXAG0002,20220629,PRCP,0,,,N,0700
US1TXAG0002,20220630,PRCP,0,,,N,0700
US1TXAG0002,20220601,SNOW,0,,,N,0700
US1TXAG0002,20220603,SNOW,0,,,N,0700
US1TXAG0002,20220604,SNOW,0,,,N,0700
US1TXAG0002,20220605,SNOW,0,,,N,0700
US1TXAG0002,20220606,SNOW,0,,,N,0700
US1TXAG0002,20220607,SNOW,0,,,N,0700
US1TXAG0002,20220608,SNOW,0,,,N,0700
US1TXAG0002,20220609,SNOW,0,,,N,0700
US1TXAG0002,20220610,SNOW,0,,,N,0700
US1TXAG0002,20220611,SNOW,0,,,N,0700
US1TXAG0002,20220612,SNOW,0,,,N,0700
US1TXAG0002,20220613,SNOW,0,,,N,0700
US1TXAG0002,20220614,SNOW,0,,,N,0700
US1TXAG0002,20220615,SNOW,0,,,N,0700
US1TXAG0002,20220616,SNOW,0,,,N,0700
US1TXAG0002,20220617,SNOW,0,,,N,0700
US1TXAG0002,20220619,SNOW,0,,,N,0700
US1TXAG0002,20220620,SNOW,0,,,N,0700
US1TXAG0002,20220621,SNOW,0,,,N,0700
US1TXAG0002,20220622,SNOW,0,,,N,0700
US1TXAG0002,20220623,SNOW,0,,,N,0700
US1TXAG0002,20220624,SNOW,0,,,N,0700
US1TXAG0002,20220625,SNOW,0,,,N,0700
US1TXAG0002,20220626,SNOW,0,,,N,0700
US1TXAG0002,20220627,SNOW,0,,,N,0700
US1TXAG0002,20220628,SNOW,0,,,N,0700
US1TXAG0002,20220629,SNOW,0,,,N,0700
US1TXAG0002,20220630,SNOW,0,,,N,0700
US1TXAG0002,20220701,PRCP,0,T,,N,0700
US1TXAG0002,20220702,PRCP,356,,,N,0700
US1TXAG0002,20220703,PRCP,71,,,N,0700
US1TXAG0002,20220704,PRCP,0,,,N,0700
US1TXAG0002,20220705,PRCP,0,,,N,0700
US1TXAG0002,20220707,PRCP,0,,,N,0700
US1TXAG0002,20220708,PRCP,0,,,N,0700
US1TXAG0002,20220709,PRCP,0,,,N,0700
US1TXAG0002,20220710,PRCP,0,,,N,0700
US1TXAG0002,20220711,PRCP,13,,,N,0700
US1TXAG0002,20220712,PRCP,0,,,N,0700
US1TXAG0002,20220713,PRCP,0,,,N,0700
US1TXAG0002,20220714,PRCP,104,,,N,0700
US1TXAG0002,20220715,PRCP,0,,,N,0700
US1TXAG0002,20220716,PRCP,8,,,N,0700
US1TXAG0002,20220717,PRCP,0,,,N,0700
US1TXAG0002,20220718,PRCP,0,,,N,0700
US1TXAG0002,20220719,PRCP,0,,,N,0700
US1TXAG0002,20220720,PRCP,0,,,N,0700
US1TXAG0002,20220721,PRCP,0,,,N,0700
US1TXAG0002,20220722,PRCP,0,,,N,0700
US1TXAG0002,20220723,PRCP,124,,,N,0700
US1TXAG0002,20220724,PRCP,0,,,N,0700
US1TXAG0002,20220725,PRCP,0,,,N,0700
US1TXAG0002,20220726,PRCP,0,,,N,0700
US1TXAG0002,20220727,PRCP,0,,,N,0700
US1TXAG0002,20220728,PRCP,0,,,N,0700
US1TXAG0002,20220729,PRCP,0,,,N,0700
US1TXAG0002,20220730,PRCP,0,,,N,0700
US1TXAG0002,20220731,PRCP,0,,,N,0700
US1TXAG0002,20220704,SNOW,0,,,N,0700
US1TXAG0002,20220705,SNOW,0,,,N,0700
US1TXAG0002,20220707,SNOW,0,,,N,0700
US1TXAG0002,20220708,SNOW,0,,,N,0700
US1TXAG0002,20220709,SNOW,0,,,N,0700
US1TXAG0002,20220710,SNOW,0,,,N,0700
US1TXAG0002,20220712,SNOW,0,,,N,0700
US1TXAG0002,20220713,SNOW,0,,,N,0700
US1TXAG0002,20220715,SNOW,0,,,N,0700
US1TXAG0002,20220717,SNOW,0,,,N,0700
US1TXAG0002,20220718,SNOW,0,,,N,0700
US1TXAG0002,20220719,SNOW,0,,,N,0700
US1TXAG0002,20220720,SNOW,0,,,N,0700
US1TXAG0002,20220721,SNOW,0,,,N,0700
US1TXAG0002,20220722,SNOW,0,,,N,0700
US1TXAG0002,20220724,SNOW,0,,,N,0700
US1TXAG0002,20220725,SNOW,0,,,N,0700
US1TXAG0002,20220726,SNOW,0,,,N,0700
US1TXAG0002,20220727,SNOW,0,,,N,0700
US1TXAG0002,20220728,SNOW,0,,,N,0700
US1TXAG0002,20220729,SNOW,0,,,N,0700
US1TXAG0002,20220730,SNOW,0,,,N,0700
US1TXAG0002,20220731,SNOW,0,,,N,0700
US1TXAG0002,20220801,PRCP,0,,,N,0700
US1TXAG0002,20220802,PRCP,338,,,N,0700
US1TXAG0002,20220803,PRCP,0,,,N,0700
US1TXAG0002,20220805,PRCP,0,,,N,0700
US1TXAG0002,20220806,PRCP,0,,,N,0700
US1TXAG0002,20220807,PRCP,0,,,N,0700
US1TXAG0002,20220808,PRCP,8,,,N,0700
US1TXAG0002,20220809,PRCP,127,,,N,0700
US1TXAG0002,20220811,PRCP,13,,,N,0700
US1TXAG0002,20220812,PRCP,8,,,N,0700
US1TXAG0002,20220813,PRCP,20,,,N,0700
US1TXAG0002,20220814,PRCP,0,,,N,0700
US1TXAG0002,20220815,PRCP,0,,,N,0700
US1TXAG0002,20220816,PRCP,0,,,N,0700
US1TXAG0002,20220817,PRCP,0,,,N,0700
US1TXAG0002,20220818,PRCP,318,,,N,0700
US1TXAG0002,20220819,PRCP,114,,,N,0700
US1TXAG0002,20220820,PRCP,8,,,N,0700
US1TXAG0002,20220821,PRCP,0,,,N,0700
US1TXAG0002,20220822,PRCP,147,,,N,0700
US1TXAG0002,20220823,PRCP,2967,,,N,0700
US1TXAG0002,20220824,PRCP,20,,,N,0700
US1TXAG0002,20220825,PRCP,396,,,N,0700
US1TXAG0002,20220826,PRCP,0,,,N,0700
US1TXAG0002,20220827,PRCP,0,,,N,0700
US1TXAG0002,20220828,PRCP,0,,,N,0700
US1TXAG0002,20220829,PRCP,0,,,N,0700
US1TXAG0002,20220830,PRCP,86,,,N,0700
US1TXAG0002,20220831,PRCP,0,,,N,0700
US1TXAG0002,20220801,SNOW,0,,,N,0700
US1TXAG0002,20220803,SNOW,0,,,N,0700
US1TXAG0002,20220805,SNOW,0,,,N,0700
US1TXAG0002,20220806,SNOW,0,,,N,0700
US1TXAG0002,20220807,SNOW,0,,,N,0700
US1TXAG0002,20220814,SNOW,0,,,N,0700
US1TXAG0002,20220815,SNOW,0,,,N,0700
US1TXAG0002,20220816,SNOW,0,,,N,0700
US1TXAG0002,20220817,SNOW,0,,,N,0700
US1TXAG0002,20220821,SNOW,0,,,N,0700
US1TXAG0002,20220826,SNOW,0,,,N,0700
US1TXAG0002,20220827,SNOW,0,,,N,0700
US1TXAG0002,20220828,SNOW,0,,,N,0700
US1TXAG0002,20220829,SNOW,0,,,N,0700
US1TXAG0002,20220831,SNOW,0,,,N,0700
US1TXAG0002,20220901,PRCP,0,,,N,0700
US1TXAG0002,20220902,PRCP,3,,,N,0700
US1TXAG0002,20220903,PRCP,297,,,N,0700
US1TXAG0002,20220904,PRCP,318,,,N,0700
US1TXAG0002,20220905,PRCP,28,,,N,0700
US1TXAG0002,20220906,PRCP,0,,,N,0700
US1TXAG0002,20220907,PRCP,0,,,N,0700
US1TXAG0002,20220908,PRCP,0,,,N,0700
US1TXAG0002,20220909,PRCP,0,,,N,0700
US1TXAG0002,20220910,PRCP,0,,,N,0700
US1TXAG0002,20220911,PRCP,0,,,N,0700
US1TXAG0002,20220912,PRCP,0,,,N,0700
US1TXAG0002,20220913,PRCP,0,,,N,0700
US1TXAG0002,20220914,PRCP,0,,,N,0700
US1TXAG0002,20220915,PRCP,0,,,N,0700
US1TXAG0002,20220916,PRCP,0,,,N,0700
US1TXAG0002,20220917,PRCP,0,,,N,0700
US1TXAG0002,20220918,PRCP,0,,,N,0700
US1TXAG0002,20220919,PRCP,0,,,N,0700
US1TXAG0002,20220920,PRCP,0,,,N,0700
US1TXAG0002,20220921,PRCP,0,,,N,0700
US1TXAG0002,20220922,PRCP,0,,,N,0700
US1TXAG0002,20220923,PRCP,0,,,N,0700
US1TXAG0002,20220924,PRCP,0,,,N,0700
US1TXAG0002,20220925,PRCP,0,,,N,0700
US1TXAG0002,20220926,PRCP,0,,,N,0700
US1TXAG0002,20220927,PRCP,0,,,N,0700
US1TXAG0002,20220928,PRCP,0,,,N,0700
US1TXAG0002,20220929,PRCP,0,,,N,0700
US1TXAG0002,20220930,PRCP,0,,,N,0700
US1TXAG0002,20220901,SNOW,0,,,N,0700
US1TXAG0002,20220906,SNOW,0,,,N,0700
US1TXAG0002,20220907,SNOW,0,,,N,0700
US1TXAG0002,20220908,SNOW,0,,,N,0700
US1TXAG0002,20220909,SNOW,0,,,N,0700
US1TXAG0002,20220910,SNOW,0,,,N,0700
US1TXAG0002,20220911,SNOW,0,,,N,0700
US1TXAG0002,20220912,SNOW,0,,,N,0700
US1TXAG0002,20220913,SNOW,0,,,N,0700
US1TXAG0002,20220914,SNOW,0,,,N,0700
US1TXAG0002,20220915,SNOW,0,,,N,0700
US1TXAG0002,20220916,SNOW,0,,,N,0700
US1TXAG0002,20220917,SNOW,0,,,N,0700
US1TXAG0002,20220918,SNOW,0,,,N,0700
US1TXAG0002,20220919,SNOW,0,,,N,0700
US1TXAG0002,20220921,SNOW,0,,,N,0700
US1TXAG0002,20220922,SNOW,0,,,N,0700
US1TXAG0002,20220923,SNOW,0,,,N,0700
US1TXAG0002,20220924,SNOW,0,,,N,0700
US1TXAG0002,20220925,SNOW,0,,,N,0700
US1TXAG0002,20220926,SNOW,0,,,N,0700
US1TXAG0002,20220927,SNOW,0,,,N,0700
US1TXAG0002,20220928,SNOW,0,,,N,0700
US1TXAG0002,20220929,SNOW,0,,,N,0700
US1TXAG0002,20220930,SNOW,0,,,N,0700
US1TXAG0002,20221001,PRCP,0,,,N,0700
US1TXAG0002,20221002,PRCP,0,,,N,0700
US1TXAG0002,20221003,PRCP,0,,,N,0700
US1TXAG0002,20221004,PRCP,0,,,N,0700
US1TXAG0002,20221005,PRCP,0,,,N,0700
US1TXAG0002,20221006,PRCP,0,,,N,0700
US1TXAG0002,20221007,PRCP,0,,,N,0700
US1TXAG0002,20221008,PRCP,0,,,N,0700
US1TXAG0002,20221009,PRCP,0,,,N,0700
US1TXAG0002,20221010,PRCP,0,,,N,0700
US1TXAG0002,20221011,PRCP,0,,,N,0700
US1TXAG0002,20221012,PRCP,0,,,N,0700
US1TXAG0002,20221013,PRCP,5,,,N,0700
US1TXAG0002,20221014,PRCP,0,,,N,0700
US1TXAG0002,20221015,PRCP,0,,,N,0700
US1TXAG0002,20221016,PRCP,0,,,N,0700
US1TXAG0002,20221017,PRCP,130,,,N,0700
US1TXAG0002,20221018,PRCP,0,,,N,0700
US1TXAG0002,20221019,PRCP,0,,,N,0700
US1TXAG0002,20221020,PRCP,0,,,N,0700
US1TXAG0002,20221021,PRCP,0,,,N,0700
US1TXAG0002,20221022,PRCP,0,,,N,0700
US1TXAG0002,20221023,PRCP,0,,,N,0700
US1TXAG0002,20221024,PRCP,0,,,N,0700
US1TXAG0002,20221025,PRCP,84,,,N,0700
US1TXAG0002,20221026,PRCP,0,,,N,0700
US1TXAG0002,20221027,PRCP,0,,,N,0700
US1TXAG0002,20221028,PRCP,81,,,N,0700
US1TXAG0002,20221030,PRCP,5,,,N,0700
US1TXAG0002,20221031,PRCP,0,,,N,0642
US1TXAG0002,20221001,SNOW,0,,,N,0700
US1TXAG0002,20221002,SNOW,0,,,N,0700
US1TXAG0002,20221003,SNOW,0,,,N,0700
US1TXAG0002,20221004,SNOW,0,,,N,0700
US1TXAG0002,20221005,SNOW,0,,,N,0700
US1TXAG0002,20221006,SNOW,0,,,N,0700
US1TXAG0002,20221007,SNOW,0,,,N,0700
US1TXAG0002,20221008,SNOW,0,,,N,0700
US1TXAG0002,20221009,SNOW,0,,,N,0700
US1TXAG0002,20221010,SNOW,0,,,N,0700
US1TXAG0002,20221011,SNOW,0,,,N,0700
US1TXAG0002,20221012,SNOW,0,,,N,0700
US1TXAG0002,20221013,SNOW,0,,,N,0700
US1TXAG0002,20221014,SNOW,0,,,N,0700
US1TXAG0002,20221015,SNOW,0,,,N,0700
US1TXAG0002,20221016,SNOW,0,,,N,0700
US1TXAG0002,20221018,SNOW,0,,,N,0700
US1TXAG0002,20221019,SNOW,0,,,N,0700
US1TXAG0002,20221020,SNOW,0,,,N,0700
US1TXAG0002,20221021,SNOW,0,,,N,0700
US1TXAG0002,20221022,SNOW,0,,,N,0700
US1TXAG0002,20221023,SNOW,0,,,N,0700
US1TXAG0002,20221024,SNOW,0,,,N,0700
US1TXAG0002,20221026,SNOW,0,,,N,0700
US1TXAG0002,20221027,SNOW,0,,,N,0700
US1TXAG0002,20221031,SNOW,0,,,N,0642
US1TXAG0002,20221101,PRCP,0,T,,N,0700
US1TXAG0002,20221102,PRCP,25,,,N,0700
US1TXAG0002,20221103,PRCP,0,,,N,0700
US1TXAG0002,20221104,PRCP,0,,,N,0700
US1TXAG0002,20221105,PRCP,1125,,,N,0700
US1TXAG0002,20221106,PRCP,0,,,N,0700
US1TXAG0002,20221107,PRCP,0,,,N,0700
US1TXAG0002,20221108,PRCP,0,,,N,0700
US1TXAG0002,20221109,PRCP,0,,,N,0700
US1TXAG0002,20221110,PRCP,0,,,N,0700
US1TXAG0002,20221111,PRCP,0,,,N,0700
US1TXAG0002,20221112,PRCP,445,,,N,0700
US1TXAG0002,20221113,PRCP,0,,,N,0700
US1TXAG0002,20221114,PRCP,0,,,N,0700
US1TXAG0002,20221115,PRCP,249,,,N,0700
US1TXAG0002,20221116,PRCP,0,,,N,0700
US1TXAG0002,20221117,PRCP,0,,,N,0700
US1TXAG0002,20221118,PRCP,0,,,N,0700
US1TXAG0002,20221119,PRCP,0,,,N,0700
US1TXAG0002,20221120,PRCP,10,,,N,0700
US1TXAG0002,20221121,PRCP,0,,,N,0700
US1TXAG0002,20221122,PRCP,46,,,N,0700
US1TXAG0002,20221123,PRCP,0,,,N,0700
US1TXAG0002,20221124,PRCP,0,,,N,0700
US1TXAG0002,20221125,PRCP,279,,,N,0700
US1TXAG0002,20221126,PRCP,64,,,N,0700
US1TXAG0002,20221127,PRCP,119,,,N,0700
US1TXAG0002,20221128,PRCP,0,,,N,0700
US1TXAG0002,20221129,PRCP,8,,,N,0700
US1TXAG0002,20221130,PRCP,5,,,N,0700
US1TXAG0002,20221103,SNOW,0,,,N,0700
US1TXAG0002,20221104,SNOW,0,,,N,0700
US1TXAG0002,20221106,SNOW,0,,,N,0700
US1TXAG0002,20221107,SNOW,0,,,N,0700
US1TXAG0002,20221108,SNOW,0,,,N,0700
US1TXAG0002,20221109,SNOW,0,,,N,0700
US1TXAG0002,20221110,SNOW,0,,,N,0700
US1TXAG0002,20221111,SNOW,0,,,N,0700
US1TXAG0002,20221113,SNOW,0,,,N,0700
US1TXAG0002,20221114,SNOW,0,,,N,0700
US1TXAG0002,20221116,SNOW,0,,,N,0700
US1TXAG0002,20221117,SNOW,0,,,N,0700
US1TXAG0002,20221118,SNOW,0,,,N,0700
US1TXAG0002,20221119,SNOW,0,,,N,0700
US1TXAG0002,20221121,SNOW,0,,,N,0700
US1TXAG0002,20221123,SNOW,0,,,N,0700
US1TXAG0002,20221124,SNOW,0,,,N,0700
US1TXAG0002,20221128,SNOW,0,,,N,0700
US1TXAG0002,20221201,PRCP,0,,,N,0700
US1TXAG0002,20221202,PRCP,0,,,N,0700
US1TXAG0002,20221203,PRCP,0,,,N,0700
US1TXAG0002,20221204,PRCP,0,,,N,0700
US1TXAG0002,20221205,PRCP,0,,,N,0700
US1TXAG0002,20221206,PRCP,0,,,N,0700
US1TXAG0002,20221208,PRCP,0,,,N,0700
US1TXAG0002,20221209,PRCP,0,,,N,0700
US1TXAG0002,20221210,PRCP,0,,,N,0700
US1TXAG0002,20221211,PRCP,541,,,N,0700
US1TXAG0002,20221212,PRCP,10,,,N,0700
US1TXAG0002,20221213,PRCP,0,,,N,0700
US1TXAG0002,20221214,PRCP,30,,,N,0700
US1TXAG0002,20221215,PRCP,0,,,N,0700
US1TXAG0002,20221216,PRCP,0,,,N,0700
US1TXAG0002,20221217,PRCP,23,,,N,0700
US1TXAG0002,20221218,PRCP,0,,,N,0700
US1TXAG0002,20221219,PRCP,5,,,N,0700
US1TXAG0002,20221220,PRCP,734,,,N,0700
US1TXAG0002,20221221,PRCP,15,,,N,0700
US1TXAG0002,20221222,PRCP,0,,,N,0700
US1TXAG0002,20221223,PRCP,0,,,N,0700
US1TXAG0002,20221224,PRCP,0,,,N,0700
US1TXAG0002,20221225,PRCP,0,,,N,0700
US1TXAG0002,20221226,PRCP,0,,,N,0700
US1TXAG0002,20221227,PRCP,0,,,N,0700
US1TXAG0002,20221228,PRCP,0,,,N,0700
US1TXAG0002,20221229,PRCP,0,,,N,0700
US1TXAG0002,20221230,PRCP,396,,,N,0700
US1TXAG0002,20221231,PRCP,0,,,N,0700
US1TXAG0002,20221201,SNOW,0,,,N,0700
US1TXAG0002,20221202,SNOW,0,,,N,0700
US1TXAG0002,20221203,SNOW,0,,,N,0700
US1TXAG0002,20221204,SNOW,0,,,N,0700
US1TXAG0002,20221205,SNOW,0,,,N,0700
US1TXAG0002,20221206,SNOW,0,,,N,0700
US1TXAG0002,20221208,SNOW,0,,,N,0700
US1TXAG0002,20221209,SNOW,0,,,N,0700
US1TXAG0002,20221210,SNOW,0,,,N,0700
US1TXAG0002,20221213,SNOW,0,,,N,0700
US1TXAG0002,20221215,SNOW,0,,,N,0700
US1TXAG0002,20221216,SNOW,0,,,N,0700
US1TXAG0002,20221218,SNOW,0,,,N,0700
US1TXAG0002,20221222,SNOW,0,,,N,0700
US1TXAG0002,20221223,SNOW,0,,,N,0700
US1TXAG0002,20221224,SNOW,0,,,N,0700
US1TXAG0002,20221225,SNOW,0,,,N,0700
US1TXAG0002,20221226,SNOW,0,,,N,0700
US1TXAG0002,20221227,SNOW,0,,,N,0700
US1TXAG0002,20221228,SNOW,0,,,N,0700
US1TXAG0002,20221229,SNOW,0,,,N,0700
US1TXAG0002,20221231,SNOW,0,,,N,0700
US1TXAG0002,20230101,PRCP,0,,,N,0700
US1TXAG0002,20230102,PRCP,0,,,N,0700
US1TXAG0002,20230103,PRCP,640,,,N,0700
US1TXAG0002,20230104,PRCP,0,,,N,0700
US1TXAG0002,20230105,PRCP,0,,,N,0700
US1TXAG0002,20230106,PRCP,0,,,N,0700
US1TXAG0002,20230107,PRCP,0,,,N,0700
US1TXAG0002,20230108,PRCP,295,,,N,0700
US1TXAG0002,20230109,PRCP,0,,,N,0700
US1TXAG0002,20230110,PRCP,0,,,N,0700
US1TXAG0002,20230111,PRCP,0,,,N,0700
US1TXAG0002,20230112,PRCP,0,,,N,0700
US1TXAG0002,20230113,PRCP,0,,,N,0700
US1TXAG0002,20230114,PRCP,0,,,N,0700
US1TXAG0002,20230115,PRCP,0,,,N,0700
US1TXAG0002,20230116,PRCP,0,,,N,0700
US1TXAG0002,20230117,PRCP,0,,,N,0700
US1TXAG0002,20230118,PRCP,0,,,N,0700
US1TXAG0002,20230119,PRCP,135,,,N,0700
US1TXAG0002,20230120,PRCP,0,,,N,0700
US1TXAG0002,20230121,PRCP,41,,,N,0700
US1TXAG0002,20230122,PRCP,28,,,N,0700
US1TXAG0002,20230123,PRCP,0,,,N,0700
US1TXAG0002,20230124,PRCP,13,,,N,0700
US1TXAG0002,20230125,PRCP,470,,,N,0700
US1TXAG0002,20230126,PRCP,0,,,N,0700
US1TXAG0002,20230127,PRCP,0,,,N,0700
US1TXAG0002,20230128,PRCP,0,,,N,0700
US1TXAG0002,20230129,PRCP,8,,,N,0700
US1TXAG0002,20230130,PRCP,356,,,N,0700
US1TXAG0002,20230131,PRCP,10,,,N,0700
US1TXAG0002,20230101,SNOW,0,,,N,0700
US1TXAG0002,20230102,SNOW,0,,,N,0700
US1TXAG0002,20230104,SNOW,0,,,N,0700
US1TXAG0002,20230105,SNOW,0,,,N,0700
US1TXAG0002,20230106,SNOW,0,,,N,0700
US1TXAG0002,20230107,SNOW,0,,,N,0700
US1TXAG0002,20230109,SNOW,0,,,N,0700
US1TXAG0002,20230110,SNOW,0,,,N,0700
US1TXAG0002,20230111,SNOW,0,,,N,0700
US1TXAG0002,20230112,SNOW,0,,,N,0700
US1TXAG0002,20230113,SNOW,0,,,N,0700
US1TXAG0002,20230114,SNOW,0,,,N,0700
US1TXAG0002,20230115,SNOW,0,,,N,0700
US1TXAG0002,20230116,SNOW,0,,,N,0700
US1TXAG0002,20230117,SNOW,0,,,N,0700
US1TXAG0002,20230118,SNOW,0,,,N,0700
US1TXAG0002,20230120,SNOW,0,,,N,0700
US1TXAG0002,20230123,SNOW,0,,,N,0700
US1TXAG0002,20230126,SNOW,0,,,N,0700
US1TXAG0002,20230127,SNOW,0,,,N,0700
US1TXAG0002,20230128,SNOW,0,,,N,0700
US1TXAG0002,20230201,PRCP,25,,,N,0700
US1TXAG0002,20230202,PRCP,361,,,N,0700
US1TXAG0002,20230203,PRCP,290,,,N,0700
US1TXAG0002,20230204,PRCP,0,,,N,0700
US1TXAG0002,20230205,PRCP,0,,,N,0700
US1TXAG0002,20230206,PRCP,0,,,N,0700
US1TXAG0002,20230207,PRCP,0,,,N,0700
US1TXAG0002,20230208,PRCP,0,,,N,0700
US1TXAG0002,20230209,PRCP,28,,,N,0700
US1TXAG0002,20230210,PRCP,0,,,N,0700
US1TXAG0002,20230211,PRCP,0,,,N,0700
US1TXAG0002,20230212,PRCP,5,,,N,0700
US1TXAG0002,20230213,PRCP,0,,,N,0700
US1TXAG0002,20230214,PRCP,0,T,,N,0700
US1TXAG0002,20230215,PRCP,28,,,N,0700
US1TXAG0002,20230216,PRCP,8,,,N,0700
US1TXAG0002,20230217,PRCP,0,,,N,0700
US1TXAG0002,20230218,PRCP,0,,,N,0700
US1TXAG0002,20230219,PRCP,0,,,N,0700
US1TXAG0002,20230220,PRCP,0,,,N,0700
US1TXAG0002,20230221,PRCP,0,,,N,0700
US1TXAG0002,20230222,PRCP,0,,,N,0700
US1TXAG0002,20230223,PRCP,10,,,N,0700
US1TXAG0002,20230224,PRCP,13,,,N,0700
US1TXAG0002,20230225,PRCP,10,,,N,0700
US1TXAG0002,20230226,PRCP,0,,,N,0700
US1TXAG0002,20230227,PRCP,0,,,N,0700
US1TXAG0002,20230228,PRCP,0,,,N,0700
US1TXAG0002,20230204,SNOW,0,,,N,0700
US1TXAG0002,20230205,SNOW,0,,,N,0700
US1TXAG0002,20230206,SNOW,0,,,N,0700
US1TXAG0002,20230207,SNOW,0,,,N,0700
US1TXAG0002,20230208,SNOW,0,,,N,0700
US1TXAG0002,20230210,SNOW,0,,,N,0700
US1TXAG0002,20230211,SNOW,0,,,N,0700
US1TXAG0002,20230213,SNOW,0,,,N,0700
US1TXAG0002,20230217,SNOW,0,,,N,0700
US1TXAG0002,20230218,SNOW,0,,,N,0700
US1TXAG0002,20230219,SNOW,0,,,N,0700
US1TXAG0002,20230220,SNOW,0,,,N,0700
US1TXAG0002,20230221,SNOW,0,,,N,0700
US1TXAG0002,20230222,SNOW,0,,,N,0700
US1TXAG0002,20230226,SNOW,0,,,N,0700
US1TXAG0002,20230227,SNOW,0,,,N,0700
US1TXAG0002,20230228,SNOW,0,,,N,0700
US1TXAG0002,20230301,PRCP,0,,,N,0700
US1TXAG0002,20230302,PRCP,0,,,N,0700
US1TXAG0002,20230303,PRCP,69,,,N,0700
US1TXAG0002,20230304,PRCP,0,,,N,0700
US1TXAG0002,20230305,PRCP,0,,,N,0700
US1TXAG0002,20230306,PRCP,0,,,N,0700
US1TXAG0002,20230307,PRCP,0,,,N,0700
US1TXAG0002,20230308,PRCP,0,,,N,0700
US1TXAG0002,20230309,PRCP,0,,,N,0700
US1TXAG0002,20230310,PRCP,0,,,N,0700
US1TXAG0002,20230311,PRCP,0,,,N,0700
US1TXAG0002,20230312,PRCP,0,,,N,0700
US1TXAG0002,20230313,PRCP,0,,,N,0700
US1TXAG0002,20230314,PRCP,0,,,N,0700
US1TXAG0002,20230315,PRCP,18,,,N,0700
US1TXAG0002,20230316,PRCP,0,,,N,0700
US1TXAG0002,20230317,PRCP,353,,,N,0700
US1TXAG0002,20230318,PRCP,13,,,N,0700
US1TXAG0002,20230319,PRCP,0,,,N,0700
US1TXAG0002,20230320,PRCP,0,,,N,0700
US1TXAG0002,20230321,PRCP,0,,,N,0700
US1TXAG0002,20230322,PRCP,0,,,N,0700
US1TXAG0002,20230323,PRCP,0,,,N,0700
US1TXAG0002,20230324,PRCP,0,,,N,0700
US1TXAG0002,20230325,PRCP,107,,,N,0700
US1TXAG0002,20230326,PRCP,0,,,N,0700
US1TXAG0002,20230327,PRCP,150,,,N,0700
US1TXAG0002,20230328,PRCP,0,,,N,0700
US1TXAG0002,20230331,PRCP,10,,,N,0700
US1TXAG0002,20230301,SNOW,0,,,N,0700
US1TXAG0002,20230302,SNOW,0,,,N,0700
US1TXAG0002,20230304,SNOW,0,,,N,0700
US1TXAG0002,20230305,SNOW,0,,,N,0700
US1TXAG0002,20230306,SNOW,0,,,N,0700
US1TXAG0002,20230307,SNOW,0,,,N,0700
US1TXAG0002,20230308,SNOW,0,,,N,0700
US1TXAG0002,20230309,SNOW,0,,,N,0700
US1TXAG0002,20230310,SNOW,0,,,N,0700
US1TXAG0002,20230311,SNOW,0,,,N,0700
US1TXAG0002,20230312,SNOW,0,,,N,0700
US1TXAG0002,20230313,SNOW,0,,,N,0700
US1TXAG0002,20230314,SNOW,0,,,N,0700
US1TXAG0002,20230316,SNOW,0,,,N,0700
US1TXAG0002,20230319,SNOW,0,,,N,0700
US1TXAG0002,20230320,SNOW,0,,,N,0700
US1TXAG0002,20230321,SNOW,0,,,N,0700
US1TXAG0002,20230322,SNOW,0,,,N,0700
US1TXAG0002,20230323,SNOW,0,,,N,0700
US1TXAG0002,20230324,SNOW,0,,,N,0700
US1TXAG0002,20230326,SNOW,0,,,N,0700
US1TXAG0002,20230328,SNOW,0,,,N,0700
US1TXAG0002,20230330,DAPR,2,,,N,0700
US1TXAG0002,20230330,MDPR,38,,,N,0700
US1TXAG0002,20230401,PRCP,5,,,N,0700
US1TXAG0002,20230402,PRCP,0,,,N,0700
US1TXAG0002,20230403,PRCP,0,,,N,0700
US1TXAG0002,20230404,PRCP,0,,,N,0700
US1TXAG0002,20230405,PRCP,5,,,N,0700
US1TXAG0002,20230406,PRCP,533,,,N,0700
US1TXAG0002,20230407,PRCP,721,,,N,0700
US1TXAG0002,20230408,PRCP,76,,,N,0700
US1TXAG0002,20230409,PRCP,0,,,N,0700
US1TXAG0002,20230410,PRCP,0,,,N,0700
US1TXAG0002,20230411,PRCP,0,,,N,0700
US1TXAG0002,20230412,PRCP,0,,,N,0700
US1TXAG0002,20230413,PRCP,0,,,N,0700
US1TXAG0002,20230414,PRCP,0,,,N,0700
US1TXAG0002,20230415,PRCP,0,,,N,0700
US1TXAG0002,20230416,PRCP,0,,,N,0700
US1TXAG0002,20230417,PRCP,0,,,N,0700
US1TXAG0002,20230418,PRCP,8,,,N,0700
US1TXAG0002,20230419,PRCP,8,,,N,0700
US1TXAG0002,20230420,PRCP,0,,,N,0700
US1TXAG0002,20230421,PRCP,180,,,N,0700
US1TXAG0002,20230422,PRCP,0,,,N,0700
US1TXAG0002,20230423,PRCP,0,,,N,0700
US1TXAG0002,20230424,PRCP,20,,,N,0700
US1TXAG0002,20230425,PRCP,0,,,N,0700
US1TXAG0002,20230426,PRCP,8,,,N,0700
US1TXAG0002,20230427,PRCP,544,,,N,0700
US1TXAG0002,20230428,PRCP,0,,,N,0700
US1TXAG0002,20230429,PRCP,56,,,N,0700
US1TXAG0002,20230430,PRCP,0,,,N,0700
US1TXAG0002,20230401,SNOW,0,,,N,0700
US1TXAG0002,20230402,SNOW,0,,,N,0700
US1TXAG0002,20230403,SNOW,0,,,N,0700
US1TXAG0002,20230404,SNOW,0,,,N,0700
US1TXAG0002,20230409,SNOW,0,,,N,0700
US1TXAG0002,20230410,SNOW,0,,,N,0700
US1TXAG0002,20230411,SNOW,0,,,N,0700
US1TXAG0002,20230412,SNOW,0,,,N,0700
US1TXAG0002,20230413,SNOW,0,,,N,0700
US1TXAG0002,20230414,SNOW,0,,,N,0700
US1TXAG0002,20230415,SNOW,0,,,N,0700
US1TXAG0002,20230416,SNOW,0,,,N,0700
US1TXAG0002,20230417,SNOW,0,,,N,0700
US1TXAG0002,20230420,SNOW,0,,,N,0700
US1TXAG0002,20230422,SNOW,0,,,N,0700
US1TXAG0002,20230423,SNOW,0,,,N,0700
US1TXAG0002,20230424,SNOW,0,,,N,0700
US1TXAG0002,20230425,SNOW,0,,,N,0700
US1TXAG0002,20230428,SNOW,0,,,N,0700
US1TXAG0002,20230430,SNOW,0,,,N,0700
US1TXAG0002,20230501,PRCP,0,,,N,0700
US1TXAG0002,20230502,PRCP,0,,,N,0700
US1TXAG0002,20230503,PRCP,0,,,N,0700
US1TXAG0002,20230504,PRCP,0,,,N,0700
US1TXAG0002,20230505,PRCP,236,,,N,0700
US1TXAG0002,20230506,PRCP,51,,,N,0700
US1TXAG0002,20230507,PRCP,5,,,N,0700
US1TXAG0002,20230508,PRCP,0,,,N,0700
US1TXAG0002,20230509,PRCP,0,,,N,0700
US1TXAG0002,20230510,PRCP,53,,,N,0700
US1TXAG0002,20230511,PRCP,356,,,N,0700
US1TXAG0002,20230512,PRCP,0,,,N,0700
US1TXAG0002,20230514,PRCP,25,,,N,0700
US1TXAG0002,20230515,PRCP,378,,,N,0700
US1TXAG0002,20230516,PRCP,0,,,N,0700
US1TXAG0002,20230517,PRCP,0,,,N,0700
US1TXAG0002,20230518,PRCP,0,,,N,0700
US1TXAG0002,20230519,PRCP,0,,,N,0700
US1TXAG0002,20230520,PRCP,0,,,N,0700
US1TXAG0002,20230521,PRCP,0,,,N,0700
US1TXAG0002,20230522,PRCP,0,,,N,0700
US1TXAG0002,20230523,PRCP,0,,,N,0700
US1TXAG0002,20230524,PRCP,0,,,N,0700
US1TXAG0002,20230525,PRCP,0,,,N,0700
US1TXAG0002,20230526,PRCP,0,,,N,0700
US1TXAG0002,20230527,PRCP,0,,,N,0700
US1TXAG0002,20230528,PRCP,0,,,N,0700
US1TXAG0002,20230529,PRCP,0,,,N,0700
US1TXAG0002,20230530,PRCP,0,,,N,0700
US1TXAG0002,20230531,PRCP,0,,,N,0700
US1TXAG0002,20230501,SNOW,0,,,N,0700
US1TXAG0002,20230502,SNOW,0,,,N,0700
US1TXAG0002,20230503,SNOW,0,,,N,0700
US1TXAG0002,20230504,SNOW,0,,,N,0700
US1TXAG0002,20230508,SNOW,0,,,N,0700
US1TXAG0002,20230509,SNOW,0,,,N,0700
US1TXAG0002,20230512,SNOW,0,,,N,0700
US1TXAG0002,20230516,SNOW,0,,,N,0700
US1TXAG0002,20230517,SNOW,0,,,N,0700
US1TXAG0002,20230518,SNOW,0,,,N,0700
US1TXAG0002,20230519,SNOW,0,,,N,0700
US1TXAG0002,20230520,SNOW,0,,,N,0700
US1TXAG0002,20230521,SNOW,0,,,N,0700
US1TXAG0002,20230522,SNOW,0,,,N,0700
US1TXAG0002,20230523,SNOW,0,,,N,0700
US1TXAG0002,20230524,SNOW,0,,,N,0700
US1TXAG0002,20230525,SNOW,0,,,N,0700
US1TXAG0002,20230526,SNOW,0,,,N,0700
US1TXAG0002,20230527,SNOW,0,,,N,0700
US1TXAG0002,20230528,SNOW,0,,,N,0700
US1TXAG0002,20230529,SNOW,0,,,N,0700
US1TXAG0002,20230530,SNOW,0,,,N,0700
US1TXAG0002,20230531,SNOW,0,,,N,0700
US1TXAG0002,20230601,PRCP,0,,,N,0700
US1TXAG0002,20230602,PRCP,0,,,N,0700
US1TXAG0002,20230603,PRCP,0,,,N,0700
US1TXAG0002,20230604,PRCP,5,,,N,0700
US1TXAG0002,20230605,PRCP,0,,,N,0700
US1TXAG0002,20230606,PRCP,97,,,N,0700
US1TXAG0002,20230607,PRCP,0,,,N,0700
US1TXAG0002,20230608,PRCP,0,,,N,0700
US1TXAG0002,20230609,PRCP,0,,,N,0700
US1TXAG0002,20230611,PRCP,452,,,N,0700
US1TXAG0002,20230612,PRCP,0,,,N,0700
US1TXAG0002,20230613,PRCP,0,,,N,0700
US1TXAG0002,20230614,PRCP,0,,,N,0700
US1TXAG0002,20230616,PRCP,0,,,N,0700
US1TXAG0002,20230617,PRCP,0,,,N,0700
US1TXAG0002,20230618,PRCP,0,,,N,0700
US1TXAG0002,20230619,PRCP,0,,,N,0700
US1TXAG0002,20230620,PRCP,0,,,N,0700
US1TXAG0002,20230621,PRCP,3,,,N,0700
US1TXAG0002,20230622,PRCP,0,,,N,0700
US1TXAG0002,20230623,PRCP,33,,,N,0700
US1TXAG0002,20230624,PRCP,0,,,N,0700
US1TXAG0002,20230625,PRCP,0,,,N,0700
US1TXAG0002,20230626,PRCP,0,,,N,0700
US1TXAG0002,20230627,PRCP,0,,,N,0700
US1TXAG0002,20230628,PRCP,0,,,N,0700
US1TXAG0002,20230629,PRCP,0,,,N,0700
US1TXAG0002,20230630,PRCP,0,,,N,0700
US1TXAG0002,20230601,SNOW,0,,,N,0700
US1TXAG0002,20230602,SNOW,0,,,N,0700
US1TXAG0002,20230603,SNOW,0,,,N,0700
US1TXAG0002,20230605,SNOW,0,,,N,0700
US1TXAG0002,20230606,SNOW,0,,,N,0700
US1TXAG0002,20230607,SNOW,0,,,N,0700
US1TXAG0002,20230608,SNOW,0,,,N,0700
US1TXAG0002,20230609,SNOW,0,,,N,0700
US1TXAG0002,20230612,SNOW,0,,,N,0700
US1TXAG0002,20230613,SNOW,0,,,N,0700
US1TXAG0002,20230614,SNOW,0,,,N,0700
US1TXAG0002,20230616,SNOW,0,,,N,0700
US1TXAG0002,20230617,SNOW,0,,,N,0700
US1TXAG0002,20230618,SNOW,0,,,N,0700
US1TXAG0002,20230619,SNOW,0,,,N,0700
US1TXAG0002,20230620,SNOW,0,,,N,0700
US1TXAG0002,20230622,SNOW,0,,,N,0700
US1TXAG0002,20230624,SNOW,0,,,N,0700
US1TXAG0002,20230625,SNOW,0,,,N,0700
US1TXAG0002,20230626,SNOW,0,,,N,0700
US1TXAG0002,20230627,SNOW,0,,,N,0700
US1TXAG0002,20230628,SNOW,0,,,N,0700
US1TXAG0002,20230629,SNOW,0,,,N,0700
US1TXAG0002,20230630,SNOW,0,,,N,0700
US1TXAG0002,20230701,PRCP,0,,,N,0700
US1TXAG0002,20230702,PRCP,0,,,N,0700
US1TXAG0002,20230703,PRCP,0,,,N,0700
US1TXAG0002,20230704,PRCP,89,,,N,0700
US1TXAG0002,20230705,PRCP,15,,,N,0700
US1TXAG0002,20230706,PRCP,23,,,N,0700
US1TXAG0002,20230707,PRCP,8,,,N,0700
US1TXAG0002,20230708,PRCP,0,,,N,0700
US1TXAG0002,20230709,PRCP,0,,,N,0700
US1TXAG0002,20230710,PRCP,0,,,N,0700
US1TXAG0002,20230711,PRCP,0,,,N,0700
US1TXAG0002,20230712,PRCP,0,,,N,0700
US1TXAG0002,20230713,PRCP,0,,,N,0700
US1TXAG0002,20230714,PRCP,0,,,N,0700
US1TXAG0002,20230715,PRCP,0,,,N,0700
US1TXAG0002,20230716,PRCP,0,,,N,0700
US1TXAG0002,20230717,PRCP,74,,,N,0700
US1TXAG0002,20230718,PRCP,0,,,N,0700
US1TXAG0002,20230719,PRCP,0,,,N,0700
US1TXAG0002,20230720,PRCP,0,,,N,0700
US1TXAG0002,20230721,PRCP,0,,,N,0700
US1TXAG0002,20230722,PRCP,0,,,N,0700
US1TXAG0002,20230723,PRCP,0,,,N,0700
US1TXAG0002,20230724,PRCP,0,,,N,0700
US1TXAG0002,20230725,PRCP,0,,,N,0700
US1TXAG0002,20230726,PRCP,0,,,N,0700
US1TXAG0002,20230728,PRCP,0,,,N,0700
US1TXAG0002,20230729,PRCP,0,,,N,0700
US1TXAG0002,20230730,PRCP,0,,,N,0700
US1TXAG0002,20230731,PRCP,0,,,N,0700
US1TXAG0002,20230701,SNOW,0,,,N,0700
US1TXAG0002,20230702,SNOW,0,,,N,0700
US1TXAG0002,20230703,SNOW,0,,,N,0700
US1TXAG0002,20230708,SNOW,0,,,N,0700
US1TXAG0002,20230709,SNOW,0,,,N,0700
US1TXAG0002,20230710,SNOW,0,,,N,0700
US1TXAG0002,20230711,SNOW,0,,,N,0700
US1TXAG0002,20230712,SNOW,0,,,N,0700
US1TXAG0002,20230713,SNOW,0,,,N,0700
US1TXAG0002,20230714,SNOW,0,,,N,0700
US1TXAG0002,20230715,SNOW,0,,,N,0700
US1TXAG0002,20230716,SNOW,0,,,N,0700
US1TXAG0002,20230718,SNOW,0,,,N,0700
US1TXAG0002,20230719,SNOW,0,,,N,0700
US1TXAG0002,20230720,SNOW,0,,,N,0700
US1TXAG0002,20230721,SNOW,0,,,N,0700
US1TXAG0002,20230722,SNOW,0,,,N,0700
US1TXAG0002,20230723,SNOW,0,,,N,0700
US1TXAG0002,20230724,SNOW,0,,,N,0700
US1TXAG0002,20230725,SNOW,0,,,N,0700
US1TXAG0002,20230726,SNOW,0,,,N,0700
US1TXAG0002,20230728,SNOW,0,,,N,0700
US1TXAG0002,20230729,SNOW,0,,,N,0700
US1TXAG0002,20230730,SNOW,0,,,N,0700
US1TXAG0002,20230731,SNOW,0,,,N,0700
US1TXAG0002,20230801,PRCP,0,,,N,0700
US1TXAG0002,20230802,PRCP,0,,,N,0700
US1TXAG0002,20230804,PRCP,0,,,N,0700
US1TXAG0002,20230805,PRCP,0,,,N,0700
US1TXAG0002,20230806,PRCP,0,,,N,0700
US1TXAG0002,20230807,PRCP,0,,,N,0700
US1TXAG0002,20230808,PRCP,0,,,N,0700
US1TXAG0002,20230809,PRCP,0,,,N,0700
US1TXAG0002,20230810,PRCP,0,,,N,0700
US1TXAG0002,20230811,PRCP,0,,,N,0700
US1TXAG0002,20230812,PRCP,0,,,N,0700
US1TXAG0002,20230813,PRCP,0,,,N,0700
US1TXAG0002,20230814,PRCP,0,,,N,0700
US1TXAG0002,20230815,PRCP,0,,,N,0700
US1TXAG0002,20230816,PRCP,0,,,N,0700
US1TXAG0002,20230818,PRCP,0,,,N,0700
US1TXAG0002,20230819,PRCP,0,,,N,0700
US1TXAG0002,20230820,PRCP,0,,,N,0700
US1TXAG0002,20230821,PRCP,0,,,N,0700
US1TXAG0002,20230822,PRCP,0,,,N,0700
US1TXAG0002,20230823,PRCP,0,,,N,0700
US1TXAG0002,20230824,PRCP,0,,,N,0700
US1TXAG0002,20230825,PRCP,0,,,N,0700
US1TXAG0002,20230826,PRCP,0,T,,N,0700
US1TXAG0002,20230827,PRCP,0,,,N,0700
US1TXAG0002,20230828,PRCP,236,,,N,0700
US1TXAG0002,20230829,PRCP,0,,,N,0700
US1TXAG0002,20230830,PRCP,0,,,N,0700
US1TXAG0002,20230831,PRCP,0,,,N,0700
US1TXAG0002,20230801,SNOW,0,,,N,0700
US1TXAG0002,20230802,SNOW,0,,,N,0700
US1TXAG0002,20230804,SNOW,0,,,N,0700
US1TXAG0002,20230805,SNOW,0,,,N,0700
US1TXAG0002,20230806,SNOW,0,,,N,0700
US1TXAG0002,20230807,SNOW,0,,,N,0700
US1TXAG0002,20230808,SNOW,0,,,N,0700
US1TXAG0002,20230809,SNOW,0,,,N,0700
US1TXAG0002,20230810,SNOW,0,,,N,0700
US1TXAG0002,20230811,SNOW,0,,,N,0700
US1TXAG0002,20230812,SNOW,0,,,N,0700
US1TXAG0002,20230813,SNOW,0,,,N,0700
US1TXAG0002,20230814,SNOW,0,,,N,0700
US1TXAG0002,20230815,SNOW,0,,,N,0700
US1TXAG0002,20230816,SNOW,0,,,N,0700
US1TXAG0002,20230818,SNOW,0,,,N,0700
US1TXAG0002,20230819,SNOW,0,,,N,0700
US1TXAG0002,20230820,SNOW,0,,,N,0700
US1TXAG0002,20230821,SNOW,0,,,N,0700
US1TXAG0002,20230822,SNOW,0,,,N,0700
US1TXAG0002,20230823,SNOW,0,,,N,0700
US1TXAG0002,20230824,SNOW,0,,,N,0700
US1TXAG0002,20230825,SNOW,0,,,N,0700
US1TXAG0002,20230827,SNOW,0,,,N,0700
US1TXAG0002,20230829,SNOW,0,,,N,0700
US1TXAG0002,20230830,SNOW,0,,,N,0700
US1TXAG0002,20230831,SNOW,0,,,N,0700
US1TXAG0002,20230901,PRCP,0,,,N,0700
US1TXAG0002,20230902,PRCP,0,,,N,0700
US1TXAG0002,20230903,PRCP,0,,,N,0700
US1TXAG0002,20230904,PRCP,0,,,N,0700
US1TXAG0002,20230905,PRCP,20,,,N,0700
US1TXAG0002,20230906,PRCP,191,,,N,0700
US1TXAG0002,20230908,PRCP,0,,,N,0700
US1TXAG0002,20230909,PRCP,150,,,N,0700
US1TXAG0002,20230910,PRCP,5,,,N,0700
US1TXAG0002,20230911,PRCP,0,,,N,0700
US1TXAG0002,20230912,PRCP,0,,,N,0700
US1TXAG0002,20230913,PRCP,10,,,N,0700
US1TXAG0002,20230914,PRCP,0,,,N,0700
US1TXAG0002,20230915,PRCP,221,,,N,0700
US1TXAG0002,20230916,PRCP,147,,,N,0700
US1TXAG0002,20230917,PRCP,0,,,N,0700
US1TXAG0002,20230918,PRCP,0,,,N,0700
US1TXAG0002,20230919,PRCP,0,,,N,0700
US1TXAG0002,20230920,PRCP,0,,,N,0700
US1TXAG0002,20230921,PRCP,0,,,N,0700
US1TXAG0002,20230922,PRCP,0,,,N,0700
US1TXAG0002,20230923,PRCP,0,,,N,0700
US1TXAG0002,20230924,PRCP,0,,,N,0700
US1TXAG0002,20230925,PRCP,188,,,N,0700
US1TXAG0002,20230926,PRCP,43,,,N,0700
US1TXAG0002,20230927,PRCP,0,,,N,0700
US1TXAG0002,20230928,PRCP,8,,,N,0700
US1TXAG0002,20230930,PRCP,0,,,N,0700
US1TXAG0002,20230901,SNOW,0,,,N,0700
US1TXAG0002,20230902,SNOW,0,,,N,0700
US1TXAG0002,20230903,SNOW,0,,,N,0700
US1TXAG0002,20230904,SNOW,0,,,N,0700
US1TXAG0002,20230908,SNOW,0,,,N,0700
US1TXAG0002,20230911,SNOW,0,,,N,0700
US1TXAG0002,20230912,SNOW,0,,,N,0700
US1TXAG0002,20230914,SNOW,0,,,N,0700
US1TXAG0002,20230917,SNOW,0,,,N,0700
US1TXAG0002,20230918,SNOW,0,,,N,0700
US1TXAG0002,20230919,SNOW,0,,,N,0700
US1TXAG0002,20230920,SNOW,0,,,N,0700
US1TXAG0002,20230921,SNOW,0,,,N,0700
US1TXAG0002,20230922,SNOW,0,,,N,0700
US1TXAG0002,20230923,SNOW,0,,,N,0700
US1TXAG0002,20230924,SNOW,0,,,N,0700
US1TXAG0002,20230927,SNOW,0,,,N,0700
US1TXAG0002,20230930,SNOW,0,,,N,0700
US1TXAG0002,20231001,PRCP,0,,,N,0700
US1TXAG0002,20231002,PRCP,0,,,N,0700
US1TXAG0002,20231003,PRCP,0,,,N,0700
US1TXAG0002,20231004,PRCP,10,,,N,0700
US1TXAG0002,20231005,PRCP,239,,,N,0700
US1TXAG0002,20231006,PRCP,41,,,N,0700
US1TXAG0002,20231007,PRCP,0,,,N,0700
US1TXAG0002,20231009,PRCP,0,,,N,0700
US1TXAG0002,20231010,PRCP,0,,,N,0700
US1TXAG0002,20231011,PRCP,15,,,N,0700
US1TXAG0002,20231012,PRCP,36,,,N,0700
US1TXAG0002,20231013,PRCP,0,,,N,0700
US1TXAG0002,20231014,PRCP,0,,,N,0700
US1TXAG0002,20231015,PRCP,0,,,N,0700
US1TXAG0002,20231016,PRCP,0,,,N,0700
US1TXAG0002,20231017,PRCP,0,,,N,0700
US1TXAG0002,20231018,PRCP,0,,,N,0700
US1TXAG0002,20231019,PRCP,0,,,N,0700
US1TXAG0002,20231020,PRCP,0,,,N,0700
US1TXAG0002,20231021,PRCP,0,,,N,0700
US1TXAG0002,20231022,PRCP,0,,,N,0700
US1TXAG0002,20231023,PRCP,0,,,N,0700
US1TXAG0002,20231024,PRCP,0,,,N,0700
US1TXAG0002,20231025,PRCP,0,,,N,0700
US1TXAG0002,20231026,PRCP,0,,,N,0700
US1TXAG0002,20231027,PRCP,175,,,N,0700
US1TXAG0002,20231028,PRCP,0,,,N,0700
US1TXAG0002,20231029,PRCP,0,,,N,0700
US1TXAG0002,20231030,PRCP,0,,,N,0700
US1TXAG0002,20231031,PRCP,104,,,N,0700
US1TXAG0002,20231001,SNOW,0,,,N,0700
US1TXAG0002,20231002,SNOW,0,,,N,0700
US1TXAG0002,20231003,SNOW,0,,,N,0700
US1TXAG0002,20231007,SNOW,0,,,N,0700
US1TXAG0002,20231009,SNOW,0,,,N,0700
US1TXAG0002,20231010,SNOW,0,,,N,0700
US1TXAG0002,20231013,SNOW,0,,,N,0700
US1TXAG0002,20231014,SNOW,0,,,N,0700
US1TXAG0002,20231015,SNOW,0,,,N,0700
US1TXAG0002,20231016,SNOW,0,,,N,0700
US1TXAG0002,20231017,SNOW,0,,,N,0700
US1TXAG0002,20231018,SNOW,0,,,N,0700
US1TXAG0002,20231019,SNOW,0,,,N,0700
US1TXAG0002,20231020,SNOW,0,,,N,0700
US1TXAG0002,20231021,SNOW,0,,,N,0700
US1TXAG0002,20231022,SNOW,0,,,N,0700
US1TXAG0002,20231023,SNOW,0,,,N,0700
US1TXAG0002,20231024,SNOW,0,,,N,0700
US1TXAG0002,20231025,SNOW,0,,,N,0700
US1TXAG0002,20231026,SNOW,0,,,N,0700
US1TXAG0002,20231028,SNOW,0,,,N,0700
US1TXAG0002,20231029,SNOW,0,,,N,0700
US1TXAG0002,20231030,SNOW,0,,,N,0700
US1TXAG0002,20231102,PRCP,0,,,N,0700
US1TXAG0002,20231103,PRCP,0,,,N,0700
US1TXAG0002,20231104,PRCP,0,,,N,0700
US1TXAG0002,20231105,PRCP,0,,,N,0700
US1TXAG0002,20231106,PRCP,0,,,N,0700
US1TXAG0002,20231107,PRCP,0,,,N,0700
US1TXAG0002,20231108,PRCP,0,,,N,0700
US1TXAG0002,20231109,PRCP,0,,,N,0700
US1TXAG0002,20231110,PRCP,231,,,N,0700
US1TXAG0002,20231111,PRCP,89,,,N,0700
US1TXAG0002,20231112,PRCP,8,,,N,0700
US1TXAG0002,20231115,PRCP,0,,,N,0700
US1TXAG0002,20231116,PRCP,15,,,N,0700
US1TXAG0002,20231117,PRCP,8,,,N,0700
US1TXAG0002,20231118,PRCP,0,,,N,0700
US1TXAG0002,20231119,PRCP,0,,,N,0700
US1TXAG0002,20231120,PRCP,0,,,N,0700
US1TXAG0002,20231121,PRCP,0,,,N,0700
US1TXAG0002,20231122,PRCP,0,,,N,0700
US1TXAG0002,20231123,PRCP,0,,,N,0700
US1TXAG0002,20231124,PRCP,18,,,N,0700
US1TXAG0002,20231125,PRCP,0,,,N,0700
US1TXAG0002,20231126,PRCP,8,,,N,0700
US1TXAG0002,20231127,PRCP,0,,,N,0700
US1TXAG0002,20231128,PRCP,0,,,N,0700
US1TXAG0002,20231129,PRCP,0,,,N,0700
US1TXAG0002,20231130,PRCP,28,,,N,0700
US1TXAG0002,20231102,SNOW,0,,,N,0700
US1TXAG0002,20231103,SNOW,0,,,N,0700
US1TXAG0002,20231104,SNOW,0,,,N,0700
US1TXAG0002,20231105,SNOW,0,,,N,0700
US1TXAG0002,20231106,SNOW,0,,,N,0700
US1TXAG0002,20231107,SNOW,0,,,N,0700
US1TXAG0002,20231108,SNOW,0,,,N,0700
US1TXAG0002,20231109,SNOW,0,,,N,0700
US1TXAG0002,20231115,SNOW,0,,,N,0700
US1TXAG0002,20231118,SNOW,0,,,N,0700
US1TXAG0002,20231119,SNOW,0,,,N,0700
US1TXAG0002,20231120,SNOW,0,,,N,0700
US1TXAG0002,20231121,SNOW,0,,,N,0700
US1TXAG0002,20231122,SNOW,0,,,N,0700
US1TXAG0002,20231123,SNOW,0,,,N,0700
US1TXAG0002,20231125,SNOW,0,,,N,0700
US1TXAG0002,20231127,SNOW,0,,,N,0700
US1TXAG0002,20231128,SNOW,0,,,N,0700
US1TXAG0002,20231129,SNOW,0,,,N,0700
US1TXAG0002,20231114,DAPR,2,,,N,0700
US1TXAG0002,20231114,MDPR,79,,,N,0700
US1TXAG0002,20231201,PRCP,64,,,N,0700
US1TXAG0002,20231202,PRCP,124,,,N,0700
US1TXAG0002,20231203,PRCP,5,,,N,0700
US1TXAG0002,20231204,PRCP,0,,,N,0700
US1TXAG0002,20231205,PRCP,0,,,N,0700
US1TXAG0002,20231206,PRCP,0,,,N,0700
US1TXAG0002,20231207,PRCP,0,,,N,0700
US1TXAG0002,20231208,PRCP,10,,,N,0700
US1TXAG0002,20231209,PRCP,13,,,N,0700
US1TXAG0002,20231210,PRCP,0,,,N,0700
US1TXAG0002,20231211,PRCP,0,,,N,0700
US1TXAG0002,20231212,PRCP,0,,,N,0700
US1TXAG0002,20231213,PRCP,0,,,N,0700
US1TXAG0002,20231214,PRCP,0,,,N,0700
US1TXAG0002,20231215,PRCP,0,,,N,0700
US1TXAG0002,20231216,PRCP,244,,,N,0700
US1TXAG0002,20231217,PRCP,0,,,N,0700
US1TXAG0002,20231218,PRCP,0,,,N,0700
US1TXAG0002,20231219,PRCP,0,,,N,0700
US1TXAG0002,20231220,PRCP,0,,,N,0700
US1TXAG0002,20231221,PRCP,0,,,N,0700
US1TXAG0002,20231222,PRCP,0,,,N,0700
US1TXAG0002,20231223,PRCP,13,,,N,0700
US1TXAG0002,20231227,PRCP,0,,,N,0700
US1TXAG0002,20231228,PRCP,0,,,N,0700
US1TXAG0002,20231229,PRCP,0,,,N,0700
US1TXAG0002,20231230,PRCP,0,,,N,0700
US1TXAG0002,20231231,PRCP,0,,,N,0700
US1TXAG0002,20231204,SNOW,0,,,N,0700
US1TXAG0002,20231205,SNOW,0,,,N,0700
US1TXAG0002,20231206,SNOW,0,,,N,0700
US1TXAG0002,20231207,SNOW,0,,,N,0700
US1TXAG0002,20231210,SNOW,0,,,N,0700
US1TXAG0002,20231211,SNOW,0,,,N,0700
US1TXAG0002,20231212,SNOW,0,,,N,0700
US1TXAG0002,20231213,SNOW,0,,,N,0700
US1TXAG0002,20231214,SNOW,0,,,N,0700
US1TXAG0002,20231215,SNOW,0,,,N,0700
US1TXAG0002,20231217,SNOW,0,,,N,0700
US1TXAG0002,20231218,SNOW,0,,,N,0700
US1TXAG0002,20231219,SNOW,0,,,N,0700
US1TXAG0002,20231220,SNOW,0,,,N,0700
US1TXAG0002,20231221,SNOW,0,,,N,0700
US1TXAG0002,20231222,SNOW,0,,,N,0700
US1TXAG0002,20231227,SNOW,0,,,N,0700
US1TXAG0002,20231228,SNOW,0,,,N,0700
US1TXAG0002,20231229,SNOW,0,,,N,0700
US1TXAG0002,20231230,SNOW,0,,,N,0700
US1TXAG0002,20231231,SNOW,0,,,N,0700
US1TXAG0002,20231225,DAPR,2,,,N,0700
US1TXAG0002,20231225,MDPR,269,,,N,0700
US1TXAG0002,20240101,PRCP,43,,,N,0700
US1TXAG0002,20240102,PRCP,0,,,N,0700
US1TXAG0002,20240103,PRCP,216,,,N,0700
US1TXAG0002,20240104,PRCP,0,,,N,0700
US1TXAG0002,20240105,PRCP,140,,,N,0700
US1TXAG0002,20240106,PRCP,254,,,N,0700
US1TXAG0002,20240107,PRCP,0,,,N,0700
US1TXAG0002,20240108,PRCP,0,,,N,0700
US1TXAG0002,20240109,PRCP,340,,,N,0700
US1TXAG0002,20240110,PRCP,0,,,N,0700
US1TXAG0002,20240111,PRCP,0,,,N,0700
US1TXAG0002,20240112,PRCP,13,,,N,0700
US1TXAG0002,20240113,PRCP,0,,,N,0700
US1TXAG0002,20240114,PRCP,0,,,N,0700
US1TXAG0002,20240115,PRCP,0,,,N,0700
US1TXAG0002,20240116,PRCP,8,,,N,0700
US1TXAG0002,20240117,PRCP,0,,,N,0700
US1TXAG0002,20240118,PRCP,0,,,N,0700
US1TXAG0002,20240119,PRCP,0,,,N,0700
US1TXAG0002,20240120,PRCP,0,,,N,0700
US1TXAG0002,20240121,PRCP,0,,,N,0700
US1TXAG0002,20240122,PRCP,213,,,N,0700
US1TXAG0002,20240123,PRCP,404,,,N,0700
US1TXAG0002,20240124,PRCP,1354,,,N,0700
US1TXAG0002,20240125,PRCP,452,,,N,0700
US1TXAG0002,20240126,PRCP,8,,,N,0700
US1TXAG0002,20240127,PRCP,147,,,N,0700
US1TXAG0002,20240128,PRCP,0,,,N,0700
US1TXAG0002,20240129,PRCP,0,,,N,0700
US1TXAG0002,20240130,PRCP,0,,,N,0700
US1TXAG0002,20240131,PRCP,0,,,N,0700
US1TXAG0002,20240102,SNOW,0,,,N,0700
US1TXAG0002,20240104,SNOW,0,,,N,0700
US1TXAG0002,20240107,SNOW,0,,,N,0700
US1TXAG0002,20240108,SNOW,0,,,N,0700
US1TXAG0002,20240110,SNOW,0,,,N,0700
US1TXAG0002,20240111,SNOW,0,,,N,0700
US1TXAG0002,20240113,SNOW,0,,,N,0700
US1TXAG0002,20240114,SNOW,0,,,N,0700
US1TXAG0002,20240115,SNOW,0,,,N,0700
US1TXAG0002,20240117,SNOW,0,,,N,0700
US1TXAG0002,20240118,SNOW,0,,,N,0700
US1TXAG0002,20240119,SNOW,0,,,N,0700
US1TXAG0002,20240120,SNOW,0,,,N,0700
US1TXAG0002,20240121,SNOW,0,,,N,0700
US1TXAG0002,20240128,SNOW,0,,,N,0700
US1TXAG0002,20240129,SNOW,0,,,N,0700
US1TXAG0002,20240130,SNOW,0,,,N,0700
US1TXAG0002,20240131,SNOW,0,,,N,0700
US1TXAG0002,20240201,PRCP,0,,,N,0700
US1TXAG0002,20240202,PRCP,0,,,N,0700
US1TXAG0002,20240203,PRCP,404,,,N,0700
US1TXAG0002,20240204,PRCP,170,,,N,0700
US1TXAG0002,20240205,PRCP,0,,,N,0700
US1TXAG0002,20240206,PRCP,0,,,N,0700
US1TXAG0002,20240207,PRCP,0,,,N,0700
US1TXAG0002,20240208,PRCP,8,,,N,0700
US1TXAG0002,20240209,PRCP,0,,,N,0700
US1TXAG0002,20240210,PRCP,8,,,N,0700
US1TXAG0002,20240211,PRCP,620,,,N,0700
US1TXAG0002,20240212,PRCP,150,,,N,0700
US1TXAG0002,20240213,PRCP,0,,,N,0700
US1TXAG0002,20240214,PRCP,0,,,N,0700
US1TXAG0002,20240215,PRCP,0,,,N,0700
US1TXAG0002,20240216,PRCP,0,,,N,0700
US1TXAG0002,20240217,PRCP,0,,,N,0700
US1TXAG0002,20240218,PRCP,0,,,N,0700
US1TXAG0002,20240219,PRCP,0,,,N,0700
US1TXAG0002,20240220,PRCP,0,,,N,0700
US1TXAG0002,20240221,PRCP,0,,,N,0700
US1TXAG0002,20240222,PRCP,0,,,N,0700
US1TXAG0002,20240223,PRCP,0,,,N,0700
US1TXAG0002,20240224,PRCP,0,,,N,0700
US1TXAG0002,20240225,PRCP,0,,,N,0700
US1TXAG0002,20240226,PRCP,0,,,N,0700
US1TXAG0002,20240227,PRCP,0,,,N,0700
US1TXAG0002,20240228,PRCP,0,,,N,0700
US1TXAG0002,20240229,PRCP,5,,,N,0700
US1TXAG0002,20240201,SNOW,0,,,N,0700
US1TXAG0002,20240202,SNOW,0,,,N,0700
US1TXAG0002,20240205,SNOW,0,,,N,0700
US1TXAG0002,20240206,SNOW,0,,,N,0700
US1TXAG0002,20240207,SNOW,0,,,N,0700
US1TXAG0002,20240209,SNOW,0,,,N,0700
US1TXAG0002,20240213,SNOW,0,,,N,0700
US1TXAG0002,20240214,SNOW,0,,,N,0700
US1TXAG0002,20240215,SNOW,0,,,N,0700
US1TXAG0002,20240216,SNOW,0,,,N,0700
US1TXAG0002,20240217,SNOW,0,,,N,0700
US1TXAG0002,20240218,SNOW,0,,,N,0700
US1TXAG0002,20240219,SNOW,0,,,N,0700
US1TXAG0002,20240220,SNOW,0,,,N,0700
US1TXAG0002,20240221,SNOW,0,,,N,0700
US1TXAG0002,20240222,SNOW,0,,,N,0700
US1TXAG0002,20240223,SNOW,0,,,N,0700
US1TXAG0002,20240224,SNOW,0,,,N,0700
US1TXAG0002,20240225,SNOW,0,,,N,0700
US1TXAG0002,20240226,SNOW,0,,,N,0700
US1TXAG0002,20240227,SNOW,0,,,N,0700
US1TXAG0002,20240228,SNOW,0,,,N,0700
US1TXAG0002,20240301,PRCP,0,T,,N,0700
US1TXAG0002,20240302,PRCP,0,,,N,0700
US1TXAG0002,20240303,PRCP,0,,,N,0700
US1TXAG0002,20240304,PRCP,0,,,N,0700
US1TXAG0002,20240305,PRCP,117,,,N,0700
US1TXAG0002,20240306,PRCP,234,,,N,0700
US1TXAG0002,20240307,PRCP,15,,,N,0700
US1TXAG0002,20240308,PRCP,10,,,N,0700
US1TXAG0002,20240309,PRCP,28,,,N,0700
US1TXAG0002,20240310,PRCP,0,,,N,0700
US1TXAG0002,20240311,PRCP,0,,,N,0700
US1TXAG0002,20240312,PRCP,0,,,N,0700
US1TXAG0002,20240313,PRCP,0,,,N,0700
US1TXAG0002,20240314,PRCP,0,,,N,0700
US1TXAG0002,20240315,PRCP,0,,,N,0700
US1TXAG0002,20240316,PRCP,69,,,N,0700
US1TXAG0002,20240319,PRCP,0,,,N,0700
US1TXAG0002,20240320,PRCP,0,,,N,0700
US1TXAG0002,20240321,PRCP,0,,,N,0700
US1TXAG0002,20240322,PRCP,284,,,N,0700
US1TXAG0002,20240323,PRCP,10,,,N,0700
US1TXAG0002,20240324,PRCP,0,,,N,0700
US1TXAG0002,20240325,PRCP,0,,,N,0700
US1TXAG0002,20240326,PRCP,33,,,N,0700
US1TXAG0002,20240327,PRCP,0,,,N,0700
US1TXAG0002,20240328,PRCP,0,,,N,0700
US1TXAG0002,20240329,PRCP,0,,,N,0700
US1TXAG0002,20240330,PRCP,0,,,N,0700
US1TXAG0002,20240331,PRCP,0,,,N,0700
US1TXAG0002,20240302,SNOW,0,,,N,0700
US1TXAG0002,20240303,SNOW,0,,,N,0700
US1TXAG0002,20240304,SNOW,0,,,N,0700
US1TXAG0002,20240310,SNOW,0,,,N,0700
US1TXAG0002,20240311,SNOW,0,,,N,0700
US1TXAG0002,20240312,SNOW,0,,,N,0700
US1TXAG0002,20240313,SNOW,0,,,N,0700
US1TXAG0002,20240314,SNOW,0,,,N,0700
US1TXAG0002,20240315,SNOW,0,,,N,0700
US1TXAG0002,20240319,SNOW,0,,,N,0700
US1TXAG0002,20240320,SNOW,0,,,N,0700
US1TXAG0002,20240321,SNOW,0,,,N,0700
US1TXAG0002,20240324,SNOW,0,,,N,0700
US1TXAG0002,20240325,SNOW,0,,,N,0700
US1TXAG0002,20240326,SNOW,0,,,N,0700
US1TXAG0002,20240327,SNOW,0,,,N,0700
US1TXAG0002,20240328,SNOW,0,,,N,0700
US1TXAG0002,20240329,SNOW,0,,,N,0700
US1TXAG0002,20240330,SNOW,0,,,N,0700
US1TXAG0002,20240331,SNOW,0,,,N,0700
US1TXAG0002,20240318,DAPR,2,,,N,0700
US1TXAG0002,20240318,MDPR,292,,,N,0700
US1TXAG0002,20240401,PRCP,0,,,N,0700
US1TXAG0002,20240402,PRCP,33,,,N,0700
US1TXAG0002,20240403,PRCP,0,,,N,0700
US1TXAG0002,20240404,PRCP,0,,,N,0700
US1TXAG0002,20240405,PRCP,0,,,N,0700
US1TXAG0002,20240406,PRCP,0,,,N,0700
US1TXAG0002,20240407,PRCP,0,,,N,0700
US1TXAG0002,20240408,PRCP,0,,,N,0700
US1TXAG0002,20240409,PRCP,478,,,N,0700
US1TXAG0002,20240410,PRCP,521,,,N,0700
US1TXAG0002,20240411,PRCP,66,,,N,0700
US1TXAG0002,20240412,PRCP,0,,,N,0700
US1TXAG0002,20240413,PRCP,0,,,N,0700
US1TXAG0002,20240414,PRCP,0,,,N,0700
US1TXAG0002,20240415,PRCP,0,,,N,0700
US1TXAG0002,20240416,PRCP,0,,,N,0700
US1TXAG0002,20240417,PRCP,0,,,N,0700
US1TXAG0002,20240418,PRCP,0,,,N,0700
US1TXAG0002,20240419,PRCP,0,,,N,0700
US1TXAG0002,20240420,PRCP,0,,,N,0700
US1TXAG0002,20240421,PRCP,648,,,N,0700
US1TXAG0002,20240422,PRCP,0,,,N,0700
US1TXAG0002,20240423,PRCP,0,,,N,0700
US1TXAG0002,20240424,PRCP,0,,,N,0700
US1TXAG0002,20240425,PRCP,0,,,N,0700
US1TXAG0002,20240426,PRCP,0,,,N,0700
US1TXAG0002,20240427,PRCP,0,,,N,0700
US1TXAG0002,20240428,PRCP,0,,,N,0700
US1TXAG0002,20240429,PRCP,516,,,N,0700
US1TXAG0002,20240430,PRCP,0,,,N,0700
US1TXAG0002,20240401,SNOW,0,,,N,0700
US1TXAG0002,20240403,SNOW,0,,,N,0700
US1TXAG0002,20240404,SNOW,0,,,N,0700
US1TXAG0002,20240405,SNOW,0,,,N,0700
US1TXAG0002,20240406,SNOW,0,,,N,0700
US1TXAG0002,20240407,SNOW,0,,,N,0700
US1TXAG0002,20240408,SNOW,0,,,N,0700
US1TXAG0002,20240412,SNOW,0,,,N,0700
US1TXAG0002,20240413,SNOW,0,,,N,0700
US1TXAG0002,20240414,SNOW,0,,,N,0700
US1TXAG0002,20240415,SNOW,0,,,N,0700
US1TXAG0002,20240416,SNOW,0,,,N,0700
US1TXAG0002,20240417,SNOW,0,,,N,0700
US1TXAG0002,20240418,SNOW,0,,,N,0700
US1TXAG0002,20240419,SNOW,0,,,N,0700
US1TXAG0002,20240420,SNOW,0,,,N,0700
US1TXAG0002,20240422,SNOW,0,,,N,0700
US1TXAG0002,20240423,SNOW,0,,,N,0700
US1TXAG0002,20240424,SNOW,0,,,N,0700
US1TXAG0002,20240425,SNOW,0,,,N,0700
US1TXAG0002,20240426,SNOW,0,,,N,0700
US1TXAG0002,20240427,SNOW,0,,,N,0700
US1TXAG0002,20240428,SNOW,0,,,N,0700
US1TXAG0002,20240430,SNOW,0,,,N,0700
US1TXAG0002,20240501,PRCP,0,,,N,0700
US1TXAG0002,20240502,PRCP,490,,,N,0700
US1TXAG0002,20240503,PRCP,277,,,N,0700
US1TXAG0002,20240504,PRCP,15,,,N,0700
US1TXAG0002,20240505,PRCP,130,,,N,0700
US1TXAG0002,20240506,PRCP,213,,,N,0700
US1TXAG0002,20240507,PRCP,0,,,N,0700
US1TXAG0002,20240508,PRCP,0,,,N,0700
US1TXAG0002,20240509,PRCP,0,,,N,0700
US1TXAG0002,20240510,PRCP,64,,,N,0700
US1TXAG0002,20240511,PRCP,0,,,N,0700
US1TXAG0002,20240512,PRCP,86,,,N,0700
US1TXAG0002,20240513,PRCP,790,,,N,0700
US1TXAG0002,20240514,PRCP,262,,,N,0700
US1TXAG0002,20240515,PRCP,0,,,N,0700
US1TXAG0002,20240516,PRCP,0,,,N,0700
US1TXAG0002,20240517,PRCP,353,,,N,0700
US1TXAG0002,20240518,PRCP,0,,,N,0700
US1TXAG0002,20240519,PRCP,0,,,N,0700
US1TXAG0002,20240520,PRCP,0,,,N,0700
US1TXAG0002,20240521,PRCP,0,,,N,0700
US1TXAG0002,20240522,PRCP,0,,,N,0700
US1TXAG0002,20240523,PRCP,10,,,N,0700
US1TXAG0002,20240524,PRCP,10,,,N,0700
US1TXAG0002,20240525,PRCP,0,,,N,0700
US1TXAG0002,20240526,PRCP,0,,,N,0700
US1TXAG0002,20240527,PRCP,0,,,N,0700
US1TXAG0002,20240528,PRCP,0,,,N,0700
US1TXAG0002,20240529,PRCP,91,,,N,0700
US1TXAG0002,20240530,PRCP,191,,,N,0700
US1TXAG0002,20240531,PRCP,434,,,N,0700
US1TXAG0002,20240501,SNOW,0,,,N,0700
US1TXAG0002,20240507,SNOW,0,,,N,0700
US1TXAG0002,20240508,SNOW,0,,,N,0700
US1TXAG0002,20240509,SNOW,0,,,N,0700
US1TXAG0002,20240511,SNOW,0,,,N,0700
US1TXAG0002,20240515,SNOW,0,,,N,0700
US1TXAG0002,20240516,SNOW,0,,,N,0700
US1TXAG0002,20240518,SNOW,0,,,N,0700
US1TXAG0002,20240519,SNOW,0,,,N,0700
US1TXAG0002,20240520,SNOW,0,,,N,0700
US1TXAG0002,20240521,SNOW,0,,,N,0700
US1TXAG0002,20240522,SNOW,0,,,N,0700
US1TXAG0002,20240525,SNOW,0,,,N,0700
US1TXAG0002,20240526,SNOW,0,,,N,0700
US1TXAG0002,20240527,SNOW,0,,,N,0700
US1TXAG0002,20240528,SNOW,0,,,N,0700
US1TXAG0002,20240601,PRCP,165,,,N,0700
US1TXAG0002,20240602,PRCP,79,,,N,0700
US1TXAG0002,20240603,PRCP,437,,,N,0700
US1TXAG0002,20240605,PRCP,226,,,N,0700
US1TXAG0002,20240606,PRCP,74,,,N,0700
US1TXAG0002,20240607,PRCP,0,,,N,0700
US1TXAG0002,20240608,PRCP,0,,,N,0700
US1TXAG0002,20240609,PRCP,0,,,N,0700
US1TXAG0002,20240610,PRCP,0,,,N,0700
US1TXAG0002,20240611,PRCP,0,,,N,0700
US1TXAG0002,20240612,PRCP,0,,,N,0700
US1TXAG0002,20240613,PRCP,0,,,N,0700
US1TXAG0002,20240614,PRCP,0,,,N,0700
US1TXAG0002,20240615,PRCP,0,,,N,0700
US1TXAG0002,20240616,PRCP,0,,,N,0700
US1TXAG0002,20240617,PRCP,0,,,N,0700
US1TXAG0002,20240618,PRCP,0,,,N,0700
US1TXAG0002,20240619,PRCP,48,,,N,0700
US1TXAG0002,20240620,PRCP,8,,,N,0700
US1TXAG0002,20240621,PRCP,0,,,N,0700
US1TXAG0002,20240622,PRCP,0,,,N,0700
US1TXAG0002,20240623,PRCP,0,,,N,0700
US1TXAG0002,20240624,PRCP,0,,,N,0700
US1TXAG0002,20240625,PRCP,0,,,N,0700
US1TXAG0002,20240626,PRCP,0,,,N,0700
US1TXAG0002,20240627,PRCP,46,,,N,0700
US1TXAG0002,20240628,PRCP,0,,,N,0700
US1TXAG0002,20240629,PRCP,0,,,N,0700
US1TXAG0002,20240630,PRCP,0,,,N,0700
US1TXAG0002,20240607,SNOW,0,,,N,0700
US1TXAG0002,20240608,SNOW,0,,,N,0700
US1TXAG0002,20240609,SNOW,0,,,N,0700
US1TXAG0002,20240610,SNOW,0,,,N,0700
US1TXAG0002,20240611,SNOW,0,,,N,0700
US1TXAG0002,20240612,SNOW,0,,,N,0700
US1TXAG0002,20240613,SNOW,0,,,N,0700
US1TXAG0002,20240614,SNOW,0,,,N,0700
US1TXAG0002,20240615,SNOW,0,,,N,0700
US1TXAG0002,20240616,SNOW,0,,,N,0700
US1TXAG0002,20240617,SNOW,0,,,N,0700
US1TXAG0002,20240618,SNOW,0,,,N,0700
US1TXAG0002,20240621,SNOW,0,,,N,0700
US1TXAG0002,20240622,SNOW,0,,,N,0700
US1TXAG0002,20240623,SNOW,0,,,N,0700
US1TXAG0002,20240624,SNOW,0,,,N,0700
US1TXAG0002,20240625,SNOW,0,,,N,0700
US1TXAG0002,20240626,SNOW,0,,,N,0700
US1TXAG0002,20240628,SNOW,0,,,N,0700
US1TXAG0002,20240629,SNOW,0,,,N,0700
US1TXAG0002,20240630,SNOW,0,,,N,0700
US1TXAG0002,20240701,PRCP,0,,,N,0700
US1TXAG0002,20240702,PRCP,193,,,N,0700
US1TXAG0002,20240703,PRCP,0,,,N,0700
US1TXAG0002,20240705,PRCP,0,,,N,0700
US1TXAG0002,20240706,PRCP,5,,,N,0700
US1TXAG0002,20240707,PRCP,0,,,N,0700
US1TXAG0002,20240708,PRCP,185,,,N,0700
US1TXAG0002,20240709,PRCP,912,,,N,0700
US1TXAG0002,20240710,PRCP,0,,,N,0700
US1TXAG0002,20240711,PRCP,0,,,N,0700
US1TXAG0002,20240712,PRCP,0,,,N,0700
US1TXAG0002,20240714,PRCP,53,,,N,0700
US1TXAG0002,20240716,PRCP,0,,,N,0700
US1TXAG0002,20240717,PRCP,0,,,N,0700
US1TXAG0002,20240718,PRCP,399,,,N,0700
US1TXAG0002,20240719,PRCP,97,,,N,0700
US1TXAG0002,20240720,PRCP,0,,,N,0700
US1TXAG0002,20240721,PRCP,0,,,N,0700
US1TXAG0002,20240722,PRCP,30,,,N,0700
US1TXAG0002,20240723,PRCP,91,,,N,0700
US1TXAG0002,20240724,PRCP,475,,,N,0700
US1TXAG0002,20240726,PRCP,671,,,N,0700
US1TXAG0002,20240727,PRCP,523,,,N,0700
US1TXAG0002,20240728,PRCP,25,,,N,0700
US1TXAG0002,20240729,PRCP,0,T,,N,0700
US1TXAG0002,20240730,PRCP,0,,,N,0700
US1TXAG0002,20240731,PRCP,0,,,N,0700
US1TXAG0002,20240701,SNOW,0,,,N,0700
US1TXAG0002,20240703,SNOW,0,,,N,0700
US1TXAG0002,20240705,SNOW,0,,,N,0700
US1TXAG0002,20240707,SNOW,0,,,N,0700
US1TXAG0002,20240710,SNOW,0,,,N,0700
US1TXAG0002,20240711,SNOW,0,,,N,0700
US1TXAG0002,20240712,SNOW,0,,,N,0700
US1TXAG0002,20240716,SNOW,0,,,N,0700
US1TXAG0002,20240717,SNOW,0,,,N,0700
US1TXAG0002,20240720,SNOW,0,,,N,0700
US1TXAG0002,20240721,SNOW,0,,,N,0700
US1TXAG0002,20240730,SNOW,0,,,N,0700
US1TXAG0002,20240731,SNOW,0,,,N,0700
US1TXAG0002,20240801,PRCP,0,,,N,0700
US1TXAG0002,20240802,PRCP,0,,,N,0700
US1TXAG0002,20240803,PRCP,0,,,N,0700
US1TXAG0002,20240804,PRCP,71,,,N,0700
US1TXAG0002,20240805,PRCP,0,,,N,0700
US1TXAG0002,20240806,PRCP,0,,,N,0700
US1TXAG0002,20240807,PRCP,0,,,N,0700
US1TXAG0002,20240808,PRCP,0,,,N,0700
US1TXAG0002,20240809,PRCP,0,,,N,0700
US1TXAG0002,20240810,PRCP,0,,,N,0700
US1TXAG0002,20240811,PRCP,0,,,N,0700
US1TXAG0002,20240812,PRCP,0,,,N,0700
US1TXAG0002,20240813,PRCP,0,,,N,0700
US1TXAG0002,20240814,PRCP,0,,,N,0700
US1TXAG0002,20240815,PRCP,0,,,N,0700
US1TXAG0002,20240816,PRCP,0,,,N,0700
US1TXAG0002,20240817,PRCP,0,,,N,0700
US1TXAG0002,20240818,PRCP,0,,,N,0700
US1TXAG0002,20240819,PRCP,0,,,N,0700
US1TXAG0002,20240820,PRCP,0,,,N,0700
US1TXAG0002,20240821,PRCP,0,,,N,0700
US1TXAG0002,20240822,PRCP,0,,,N,0700
US1TXAG0002,20240823,PRCP,0,,,N,0700
US1TXAG0002,20240824,PRCP,0,,,N,0700
US1TXAG0002,20240825,PRCP,0,,,N,0700
US1TXAG0002,20240826,PRCP,0,,,N,0700
US1TXAG0002,20240827,PRCP,0,,,N,0700
US1TXAG0002,20240828,PRCP,0,,,N,0700
US1TXAG0002,20240829,PRCP,13,,,N,0700
US1TXAG0002,20240801,SNOW,0,,,N,0700
US1TXAG0002,20240802,SNOW,0,,,N,0700
US1TXAG0002,20240803,SNOW,0,,,N,0700
US1TXAG0002,20240804,SNOW,0,,,N,0700
US1TXAG0002,20240805,SNOW,0,,,N,0700
US1TXAG0002,20240806,SNOW,0,,,N,0700
US1TXAG0002,20240807,SNOW,0,,,N,0700
US1TXAG0002,20240808,SNOW,0,,,N,0700
US1TXAG0002,20240809,SNOW,0,,,N,0700
US1TXAG0002,20240810,SNOW,0,,,N,0700
US1TXAG0002,20240811,SNOW,0,,,N,0700
US1TXAG0002,20240812,SNOW,0,,,N,0700
US1TXAG0002,20240813,SNOW,0,,,N,0700
US1TXAG0002,20240814,SNOW,0,,,N,0700
US1TXAG0002,20240815,SNOW,0,,,N,0700
US1TXAG0002,20240816,SNOW,0,,,N,0700
US1TXAG0002,20240817,SNOW,0,,,N,0700
US1TXAG0002,20240818,SNOW,0,,,N,0700
US1TXAG0002,20240819,SNOW,0,,,N,0700
US1TXAG0002,20240820,SNOW,0,,,N,0700
US1TXAG0002,20240821,SNOW,0,,,N,0700
US1TXAG0002,20240822,SNOW,0,,,N,0700
US1TXAG0002,20240823,SNOW,0,,,N,0700
US1TXAG0002,20240824,SNOW,0,,,N,0700
US1TXAG0002,20240825,SNOW,0,,,N,0700
US1TXAG0002,20240826,SNOW,0,,,N,0700
US1TXAG0002,20240827,SNOW,0,,,N,0700
US1TXAG0002,20240828,SNOW,0,,,N,0700
US1TXAG0002,20240904,PRCP,0,,,N,0700
US1TXAG0002,20240905,PRCP,33,,,N,0700
US1TXAG0002,20240906,PRCP,119,,,N,0700
US1TXAG0002,20240907,PRCP,38,,,N,0700
US1TXAG0002,20240908,PRCP,0,,,N,0700
US1TXAG0002,20240909,PRCP,0,,,N,0700
US1TXAG0002,20240910,PRCP,0,,,N,0700
US1TXAG0002,20240911,PRCP,122,,,N,0700
US1TXAG0002,20240912,PRCP,485,,,N,0700
US1TXAG0002,20240913,PRCP,0,,,N,0700
US1TXAG0002,20240914,PRCP,0,,,N,0700
US1TXAG0002,20240915,PRCP,0,,,N,0700
US1TXAG0002,20240916,PRCP,0,,,N,0700
US1TXAG0002,20240917,PRCP,0,,,N,0700
US1TXAG0002,20240918,PRCP,0,,,N,0700
US1TXAG0002,20240919,PRCP,0,,,N,0700
US1TXAG0002,20240920,PRCP,0,,,N,0700
US1TXAG0002,20240921,PRCP,0,,,N,0700
US1TXAG0002,20240922,PRCP,0,,,N,0700
US1TXAG0002,20240923,PRCP,0,,,N,0700
US1TXAG0002,20240924,PRCP,0,,,N,0700
US1TXAG0002,20240925,PRCP,0,,,N,0700
US1TXAG0002,20240926,PRCP,188,,,N,0700
US1TXAG0002,20240927,PRCP,0,,,N,0700
US1TXAG0002,20240928,PRCP,0,,,N,0700
US1TXAG0002,20240929,PRCP,0,,,N,0700
US1TXAG0002,20240904,SNOW,0,,,N,0700
US1TXAG0002,20240908,SNOW,0,,,N,0700
US1TXAG0002,20240909,SNOW,0,,,N,0700
US1TXAG0002,20240910,SNOW,0,,,N,0700
US1TXAG0002,20240913,SNOW,0,,,N,0700
US1TXAG0002,20240914,SNOW,0,,,N,0700
US1TXAG0002,20240915,SNOW,0,,,N,0700
US1TXAG0002,20240916,SNOW,0,,,N,0700
US1TXAG0002,20240917,SNOW,0,,,N,0700
US1TXAG0002,20240918,SNOW,0,,,N,0700
US1TXAG0002,20240919,SNOW,0,,,N,0700
US1TXAG0002,20240920,SNOW,0,,,N,0700
US1TXAG0002,20240921,SNOW,0,,,N,0700
US1TXAG0002,20240922,SNOW,0,,,N,0700
US1TXAG0002,20240923,SNOW,0,,,N,0700
US1TXAG0002,20240924,SNOW,0,,,N,0700
US1TXAG0002,20240925,SNOW,0,,,N,0700
US1TXAG0002,20240927,SNOW,0,,,N,0700
US1TXAG0002,20240928,SNOW,0,,,N,0700
US1TXAG0002,20240929,SNOW,0,,,N,0700
US1TXAG0002,20240902,DAPR,4,,,N,0700
US1TXAG0002,20240902,MDPR,523,,,N,0700
US1TXAG0002,20241001,PRCP,0,,,N,0700
US1TXAG0002,20241002,PRCP,0,,,N,0700
US1TXAG0002,20241003,PRCP,0,,,N,0700
US1TXAG0002,20241004,PRCP,0,,,N,0700
US1TXAG0002,20241005,PRCP,0,,,N,0700
US1TXAG0002,20241006,PRCP,0,,,N,0700
US1TXAG0002,20241007,PRCP,0,,,N,0700
US1TXAG0002,20241009,PRCP,0,,,N,0700
US1TXAG0002,20241010,PRCP,0,,,N,0700
US1TXAG0002,20241011,PRCP,0,,,N,0700
US1TXAG0002,20241012,PRCP,0,,,N,0700
US1TXAG0002,20241013,PRCP,0,,,N,0700
US1TXAG0002,20241014,PRCP,0,,,N,0700
US1TXAG0002,20241015,PRCP,0,,,N,0700
US1TXAG0002,20241016,PRCP,0,,,N,0700
US1TXAG0002,20241017,PRCP,0,,,N,0700
US1TXAG0002,20241018,PRCP,0,,,N,0700
US1TXAG0002,20241019,PRCP,0,,,N,0700
US1TXAG0002,20241020,PRCP,0,,,N,0700
US1TXAG0002,20241021,PRCP,0,,,N,0700
US1TXAG0002,20241022,PRCP,0,,,N,0700
US1TXAG0002,20241023,PRCP,0,,,N,0700
US1TXAG0002,20241024,PRCP,0,,,N,0700
US1TXAG0002,20241025,PRCP,0,,,N,0700
US1TXAG0002,20241026,PRCP,0,,,N,0700
US1TXAG0002,20241027,PRCP,0,,,N,0700
US1TXAG0002,20241028,PRCP,0,,,N,0700
US1TXAG0002,20241029,PRCP,0,,,N,0700
US1TXAG0002,20241030,PRCP,0,,,N,0700
US1TXAG0002,20241031,PRCP,0,,,N,0700
US1TXAG0002,20241001,SNOW,0,,,N,0700
US1TXAG0002,20241002,SNOW,0,,,N,0700
US1TXAG0002,20241003,SNOW,0,,,N,0700
US1TXAG0002,20241004,SNOW,0,,,N,0700
US1TXAG0002,20241005,SNOW,0,,,N,0700
US1TXAG0002,20241006,SNOW,0,,,N,0700
US1TXAG0002,20241007,SNOW,0,,,N,0700
US1TXAG0002,20241009,SNOW,0,,,N,0700
US1TXAG0002,20241010,SNOW,0,,,N,0700
US1TXAG0002,20241011,SNOW,0,,,N,0700
US1TXAG0002,20241012,SNOW,0,,,N,0700
US1TXAG0002,20241013,SNOW,0,,,N,0700
US1TXAG0002,20241014,SNOW,0,,,N,0700
US1TXAG0002,20241015,SNOW,0,,,N,0700
US1TXAG0002,20241016,SNOW,0,,,N,0700
US1TXAG0002,20241017,SNOW,0,,,N,0700
US1TXAG0002,20241018,SNOW,0,,,N,0700
US1TXAG0002,20241019,SNOW,0,,,N,0700
US1TXAG0002,20241020,SNOW,0,,,N,0700
US1TXAG0002,20241021,SNOW,0,,,N,0700
US1TXAG0002,20241022,SNOW,0,,,N,0700
US1TXAG0002,20241023,SNOW,0,,,N,0700
US1TXAG0002,20241024,SNOW,0,,,N,0700
US1TXAG0002,20241025,SNOW,0,,,N,0700
US1TXAG0002,20241026,SNOW,0,,,N,0700
US1TXAG0002,20241027,SNOW,0,,,N,0700
US1TXAG0002,20241028,SNOW,0,,,N,0700
US1TXAG0002,20241029,SNOW,0,,,N,0700
US1TXAG0002,20241030,SNOW,0,,,N,0700
US1TXAG0002,20241031,SNOW,0,,,N,0700
US1TXAG0002,20241101,PRCP,122,,,N,0700
US1TXAG0002,20241102,PRCP,15,,,N,0700
US1TXAG0002,20241103,PRCP,79,,,N,0700
US1TXAG0002,20241104,PRCP,15,,,N,0700
US1TXAG0002,20241105,PRCP,13,,,N,0700
US1TXAG0002,20241106,PRCP,160,,,N,0700
US1TXAG0002,20241107,PRCP,0,,,N,0700
US1TXAG0002,20241108,PRCP,23,,,N,0700
US1TXAG0002,20241109,PRCP,208,,,N,0700
US1TXAG0002,20241110,PRCP,10,,,N,0700
US1TXAG0002,20241111,PRCP,0,,,N,0700
US1TXAG0002,20241112,PRCP,0,,,N,0700
US1TXAG0002,20241113,PRCP,0,,,N,0700
US1TXAG0002,20241114,PRCP,0,,,N,0700
US1TXAG0002,20241115,PRCP,0,,,N,0700
US1TXAG0002,20241116,PRCP,0,,,N,0700
US1TXAG0002,20241117,PRCP,0,,,N,0700
US1TXAG0002,20241118,PRCP,20,,,N,0700
US1TXAG0002,20241119,PRCP,81,,,N,0700
US1TXAG0002,20241120,PRCP,0,,,N,0700
US1TXAG0002,20241121,PRCP,0,,,N,0700
US1TXAG0002,20241122,PRCP,0,,,N,0700
US1TXAG0002,20241123,PRCP,0,,,N,0700
US1TXAG0002,20241124,PRCP,0,,,N,0700
US1TXAG0002,20241125,PRCP,0,,,N,0700
US1TXAG0002,20241126,PRCP,0,,,N,0700
US1TXAG0002,20241127,PRCP,0,,,N,0700
US1TXAG0002,20241128,PRCP,0,,,N,0700
US1TXAG0002,20241129,PRCP,0,,,N,0700
US1TXAG0002,20241130,PRCP,0,,,N,0700
US1TXAG0002,20241107,SNOW,0,,,N,0700
US1TXAG0002,20241111,SNOW,0,,,N,0700
US1TXAG0002,20241112,SNOW,0,,,N,0700
US1TXAG0002,20241113,SNOW,0,,,N,0700
US1TXAG0002,20241114,SNOW,0,,,N,0700
US1TXAG0002,20241115,SNOW,0,,,N,0700
US1TXAG0002,20241116,SNOW,0,,,N,0700
US1TXAG0002,20241117,SNOW,0,,,N,0700
US1TXAG0002,20241120,SNOW,0,,,N,0700
US1TXAG0002,20241121,SNOW,0,,,N,0700
US1TXAG0002,20241122,SNOW,0,,,N,0700
US1TXAG0002,20241123,SNOW,0,,,N,0700
US1TXAG0002,20241124,SNOW,0,,,N,0700
US1TXAG0002,20241125,SNOW,0,,,N,0700
US1TXAG0002,20241126,SNOW,0,,,N,0700
US1TXAG0002,20241127,SNOW,0,,,N,0700
US1TXAG0002,20241128,SNOW,0,,,N,0700
US1TXAG0002,20241129,SNOW,0,,,N,0700
US1TXAG0002,20241130,SNOW,0,,,N,0700
US1TXAG0002,20241201,PRCP,0,,,N,0700
US1TXAG0002,20241202,PRCP,0,,,N,0700
US1TXAG0002,20241203,PRCP,0,,,N,0700
US1TXAG0002,20241204,PRCP,13,,,N,0700
US1TXAG0002,20241205,PRCP,1125,,,N,0700
US1TXAG0002,20241206,PRCP,0,,,N,0700
US1TXAG0002,20241207,PRCP,48,,,N,0700
US1TXAG0002,20241208,PRCP,81,,,N,0700
US1TXAG0002,20241209,PRCP,38,,,N,0700
US1TXAG0002,20241210,PRCP,0,,,N,0700
US1TXAG0002,20241211,PRCP,0,,,N,0700
US1TXAG0002,20241212,PRCP,0,,,N,0700
US1TXAG0002,20241213,PRCP,0,,,N,0700
US1TXAG0002,20241214,PRCP,0,,,N,0700
US1TXAG0002,20241215,PRCP,109,,,N,0700
US1TXAG0002,20241216,PRCP,0,,,N,0700
US1TXAG0002,20241217,PRCP,0,,,N,0700
US1TXAG0002,20241218,PRCP,0,,,N,0700
US1TXAG0002,20241219,PRCP,15,,,N,0700
US1TXAG0002,20241220,PRCP,0,,,N,0700
US1TXAG0002,20241221,PRCP,0,,,N,0700
US1TXAG0002,20241222,PRCP,0,,,N,0700
US1TXAG0002,20241223,PRCP,0,,,N,0700
US1TXAG0002,20241224,PRCP,0,,,N,0700
US1TXAG0002,20241225,PRCP,500,,,N,0700
US1TXAG0002,20241226,PRCP,10,,,N,0700
US1TXAG0002,20241227,PRCP,462,,,N,0700
US1TXAG0002,20241228,PRCP,10,,,N,0700
US1TXAG0002,20241229,PRCP,300,,,N,0700
US1TXAG0002,20241230,PRCP,0,,,N,0700
US1TXAG0002,20241231,PRCP,0,,,N,0700
US1TXAG0002,20241201,SNOW,0,,,N,0700
US1TXAG0002,20241202,SNOW,0,,,N,0700
US1TXAG0002,20241203,SNOW,0,,,N,0700
US1TXAG0002,20241206,SNOW,0,,,N,0700
US1TXAG0002,20241210,SNOW,0,,,N,0700
US1TXAG0002,20241211,SNOW,0,,,N,0700
US1TXAG0002,20241212,SNOW,0,,,N,0700
US1TXAG0002,20241213,SNOW,0,,,N,0700
US1TXAG0002,20241214,SNOW,0,,,N,0700
US1TXAG0002,20241216,SNOW,0,,,N,0700
US1TXAG0002,20241217,SNOW,0,,,N,0700
US1TXAG0002,20241218,SNOW,0,,,N,0700
US1TXAG0002,20241220,SNOW,0,,,N,0700
US1TXAG0002,20241221,SNOW,0,,,N,0700
US1TXAG0002,20241222,SNOW,0,,,N,0700
US1TXAG0002,20241223,SNOW,0,,,N,0700
US1TXAG0002,20241224,SNOW,0,,,N,0700
US1TXAG0002,20241230,SNOW,0,,,N,0700
US1TXAG0002,20241231,SNOW,0,,,N,0700
US1TXAG0002,20250101,PRCP,0,,,N,0700
US1TXAG0002,20250102,PRCP,0,,,N,0700
US1TXAG0002,20250103,PRCP,0,,,N,0700
US1TXAG0002,20250104,PRCP,0,,,N,0700
US1TXAG0002,20250105,PRCP,8,,,N,0700
US1TXAG0002,20250106,PRCP,112,,,N,0700
US1TXAG0002,20250107,PRCP,0,,,N,0700
US1TXAG0002,20250108,PRCP,0,,,N,0700
US1TXAG0002,20250110,PRCP,615,,,N,0700
US1TXAG0002,20250111,PRCP,0,,,N,0700
US1TXAG0002,20250112,PRCP,0,,,N,0700
US1TXAG0002,20250113,PRCP,23,,,N,0700
US1TXAG0002,20250114,PRCP,0,,,N,0700
US1TXAG0002,20250115,PRCP,10,,,N,0700
US1TXAG0002,20250116,PRCP,0,,,N,0700
US1TXAG0002,20250117,PRCP,0,,,N,0700
US1TXAG0002,20250118,PRCP,8,,,N,0700
US1TXAG0002,20250119,PRCP,0,,,N,0700
US1TXAG0002,20250120,PRCP,0,,,N,0700
US1TXAG0002,20250121,PRCP,8,,,N,0700
US1TXAG0002,20250122,PRCP,0,,,N,0700
US1TXAG0002,20250123,PRCP,0,,,N,0700
US1TXAG0002,20250124,PRCP,0,,,N,0700
US1TXAG0002,20250125,PRCP,0,,,N,0700
US1TXAG0002,20250126,PRCP,8,,,N,0700
US1TXAG0002,20250127,PRCP,170,,,N,0700
US1TXAG0002,20250128,PRCP,23,,,N,0700
US1TXAG0002,20250129,PRCP,20,,,N,0700
US1TXAG0002,20250130,PRCP,0,T,,N,0700
US1TXAG0002,20250131,PRCP,61,,,N,0700
US1TXAG0002,20250101,SNOW,0,,,N,0700
US1TXAG0002,20250102,SNOW,0,,,N,0700
US1TXAG0002,20250103,SNOW,0,,,N,0700
US1TXAG0002,20250104,SNOW,0,,,N,0700
US1TXAG0002,20250107,SNOW,0,,,N,0700
US1TXAG0002,20250108,SNOW,0,,,N,0700
US1TXAG0002,20250111,SNOW,0,,,N,0700
US1TXAG0002,20250112,SNOW,0,,,N,0700
US1TXAG0002,20250114,SNOW,0,,,N,0700
US1TXAG0002,20250116,SNOW,0,,,N,0700
US1TXAG0002,20250117,SNOW,0,,,N,0700
US1TXAG0002,20250119,SNOW,0,,,N,0700
US1TXAG0002,20250120,SNOW,0,,,N,0700
US1TXAG0002,20250122,SNOW,0,,,N,0700
US1TXAG0002,20250123,SNOW,0,,,N,0700
US1TXAG0002,20250124,SNOW,0,,,N,0700
US1TXAG0002,20250125,SNOW,0,,,N,0700
US1TXAG0002,20250121,WESF,8,,,N,0700
US1TXAG0002,20250201,PRCP,0,,,N,0700
US1TXAG0002,20250202,PRCP,0,,,N,0700
US1TXAG0002,20250203,PRCP,0,,,N,0700
US1TXAG0002,20250204,PRCP,8,,,N,0700
US1TXAG0002,20250205,PRCP,0,,,N,0700
US1TXAG0002,20250206,PRCP,0,,,N,0700
US1TXAG0002,20250207,PRCP,0,,,N,0700
US1TXAG0002,20250208,PRCP,0,,,N,0700
US1TXAG0002,20250209,PRCP,0,,,N,0700
US1TXAG0002,20250210,PRCP,0,,,N,0700
US1TXAG0002,20250211,PRCP,13,,,N,0700
US1TXAG0002,20250212,PRCP,328,,,N,0700
US1TXAG0002,20250213,PRCP,335,,,N,0700
US1TXAG0002,20250214,PRCP,0,,,N,0700
US1TXAG0002,20250215,PRCP,15,,,N,0700
US1TXAG0002,20250216,PRCP,163,,,N,0700
US1TXAG0002,20250217,PRCP,0,,,N,0700
US1TXAG0002,20250218,PRCP,0,,,N,0700
US1TXAG0002,20250219,PRCP,183,,,N,0700
US1TXAG0002,20250220,PRCP,0,,,N,0700
US1TXAG0002,20250221,PRCP,0,,,N,0700
US1TXAG0002,20250222,PRCP,10,,,N,0700
US1TXAG0002,20250223,PRCP,358,,,N,0700
US1TXAG0002,20250224,PRCP,43,,,N,0700
US1TXAG0002,20250225,PRCP,0,,,N,0700
US1TXAG0002,20250226,PRCP,0,,,N,0700
US1TXAG0002,20250227,PRCP,0,,,N,0700
US1TXAG0002,20250228,PRCP,0,,,N,0700
US1TXAG0002,20250201,SNOW,0,,,N,0700
US1TXAG0002,20250202,SNOW,0,,,N,0700
US1TXAG0002,20250203,SNOW,0,,,N,0700
US1TXAG0002,20250205,SNOW,0,,,N,0700
US1TXAG0002,20250206,SNOW,0,,,N,0700
US1TXAG0002,20250207,SNOW,0,,,N,0700
US1TXAG0002,20250208,SNOW,0,,,N,0700
US1TXAG0002,20250209,SNOW,0,,,N,0700
US1TXAG0002,20250210,SNOW,0,,,N,0700
US1TXAG0002,20250214,SNOW,0,,,N,0700
US1TXAG0002,20250217,SNOW,0,,,N,0700
US1TXAG0002,20250218,SNOW,0,,,N,0700
US1TXAG0002,20250220,SNOW,0,,,N,0700
US1TXAG0002,20250221,SNOW,0,,,N,0700
US1TXAG0002,20250225,SNOW,0,,,N,0700
US1TXAG0002,20250226,SNOW,0,,,N,0700
US1TXAG0002,20250227,SNOW,0,,,N,0700
US1TXAG0002,20250228,SNOW,0,,,N,0700
US1TXAG0002,20250301,PRCP,0,,,N,0700
US1TXAG0002,20250302,PRCP,0,,,N,0700
US1TXAG0002,20250303,PRCP,0,,,N,0700
US1TXAG0002,20250304,PRCP,13,,,N,0700
US1TXAG0002,20250305,PRCP,254,,,N,0700
US1TXAG0002,20250306,PRCP,0,,,N,0700
US1TXAG0002,20250307,PRCP,0,,,N,0700
US1TXAG0002,20250308,PRCP,0,,,N,0700
US1TXAG0002,20250309,PRCP,66,,,N,0700
US1TXAG0002,20250310,PRCP,5,,,N,0700
US1TXAG0002,20250311,PRCP,0,,,N,0700
US1TXAG0002,20250312,PRCP,0,,,N,0700
US1TXAG0002,20250313,PRCP,58,,,N,0700
US1TXAG0002,20250314,PRCP,0,,,N,0700
US1TXAG0002,20250315,PRCP,0,,,N,0700
US1TXAG0002,20250316,PRCP,0,,,N,0700
US1TXAG0002,20250317,PRCP,0,,,N,0700
US1TXAG0002,20250318,PRCP,0,,,N,0745
US1TXAG0002,20250319,PRCP,0,,,N,0700
US1TXAG0002,20250321,PRCP,0,,,N,0700
US1TXAG0002,20250322,PRCP,0,,,N,0700
US1TXAG0002,20250323,PRCP,0,,,N,0800
US1TXAG0002,20250324,PRCP,18,,,N,0700
US1TXAG0002,20250325,PRCP,0,,,N,0700
US1TXAG0002,20250326,PRCP,0,,,N,0700
US1TXAG0002,20250327,PRCP,0,,,N,0700
US1TXAG0002,20250328,PRCP,18,,,N,0700
US1TXAG0002,20250329,PRCP,378,,,N,0700
US1TXAG0002,20250330,PRCP,8,,,N,0700
US1TXAG0002,20250331,PRCP,20,,,N,0700
US1TXAG0002,20250301,SNOW,0,,,N,0700
US1TXAG0002,20250302,SNOW,0,,,N,0700
US1TXAG0002,20250303,SNOW,0,,,N,0700
US1TXAG0002,20250305,SNOW,0,,,N,0700
US1TXAG0002,20250306,SNOW,0,,,N,0700
US1TXAG0002,20250307,SNOW,0,,,N,0700
US1TXAG0002,20250308,SNOW,0,,,N,0700
US1TXAG0002,20250311,SNOW,0,,,N,0700
US1TXAG0002,20250312,SNOW,0,,,N,0700
US1TXAG0002,20250314,SNOW,0,,,N,0700
US1TXAG0002,20250315,SNOW,0,,,N,0700
US1TXAG0002,20250316,SNOW,0,,,N,0700
US1TXAG0002,20250317,SNOW,0,,,N,0700
US1TXAG0002,20250318,SNOW,0,,,N,0745
US1TXAG0002,20250319,SNOW,0,,,N,0700
US1TXAG0002,20250321,SNOW,0,,,N,0700
US1TXAG0002,20250322,SNOW,0,,,N,0700
US1TXAG0002,20250323,SNOW,0,,,N,0800
US1TXAG0002,20250325,SNOW,0,,,N,0700
US1TXAG0002,20250326,SNOW,0,,,N,0700
US1TXAG0002,20250327,SNOW,0,,,N,0700
US1TXAG0002,20250305,SNWD,0,,,N,0700
US1TXAG0002,20250305,WESD,0,,,N,0700
US1TXAG0002,20250305,WESF,0,,,N,0700
US1TXAG0002,20250401,PRCP,0,,,N,0700
US1TXAG0002,20250402,PRCP,0,,,N,0700
US1TXAG0002,20250403,PRCP,20,,,N,0700
US1TXAG0002,20250404,PRCP,28,,,N,0700
US1TXAG0002,20250405,PRCP,0,,,N,0700
US1TXAG0002,20250406,PRCP,312,,,N,0700
US1TXAG0002,20250407,PRCP,13,,,N,0700
US1TXAG0002,20250408,PRCP,0,,,N,0700
US1TXAG0002,20250409,PRCP,0,,,N,0700
US1TXAG0002,20250410,PRCP,0,,,N,0700
US1TXAG0002,20250411,PRCP,0,,,N,0700
US1TXAG0002,20250412,PRCP,0,,,N,0700
US1TXAG0002,20250413,PRCP,0,,,N,0700
US1TXAG0002,20250414,PRCP,0,,,N,0700
US1TXAG0002,20250415,PRCP,0,,,N,0700
US1TXAG0002,20250416,PRCP,0,,,N,0700
US1TXAG0002,20250417,PRCP,0,,,N,0700
US1TXAG0002,20250418,PRCP,0,,,N,0700
US1TXAG0002,20250419,PRCP,0,,,N,0700
US1TXAG0002,20250420,PRCP,0,,,N,0700
US1TXAG0002,20250421,PRCP,48,,,N,0700
US1TXAG0002,20250422,PRCP,13,,,N,0700
US1TXAG0002,20250423,PRCP,8,,,N,0700
US1TXAG0002,20250425,PRCP,147,,,N,0700
US1TXAG0002,20250426,PRCP,0,,,N,0700
US1TXAG0002,20250428,PRCP,0,,,N,0700
US1TXAG0002,20250429,PRCP,0,,,N,0700
US1TXAG0002,20250430,PRCP,0,,,N,0700
US1TXAG0002,20250401,SNOW,0,,,N,0700
US1TXAG0002,20250402,SNOW,0,,,N,0700
US1TXAG0002,20250405,SNOW,0,,,N,0700
US1TXAG0002,20250408,SNOW,0,,,N,0700
US1TXAG0002,20250409,SNOW,0,,,N,0700
US1TXAG0002,20250410,SNOW,0,,,N,0700
US1TXAG0002,20250411,SNOW,0,,,N,0700
US1TXAG0002,20250412,SNOW,0,,,N,0700
US1TXAG0002,20250413,SNOW,0,,,N,0700
US1TXAG0002,20250414,SNOW,0,,,N,0700
US1TXAG0002,20250415,SNOW,0,,,N,0700
US1TXAG0002,20250416,SNOW,0,,,N,0700
US1TXAG0002,20250417,SNOW,0,,,N,0700
US1TXAG0002,20250418,SNOW,0,,,N,0700
US1TXAG0002,20250419,SNOW,0,,,N,0700
US1TXAG0002,20250420,SNOW,0,,,N,0700
US1TXAG0002,20250426,SNOW,0,,,N,0700
US1TXAG0002,20250428,SNOW,0,,,N,0700
US1TXAG0002,20250429,SNOW,0,,,N,0700
US1TXAG0002,20250430,SNOW,0,,,N,0700
US1TXAG0002,20250501,PRCP,145,,,N,0700
US1TXAG0002,20250502,PRCP,13,,,N,0700
US1TXAG0002,20250503,PRCP,704,,,N,0700
US1TXAG0002,20250504,PRCP,0,,,N,0700
US1TXAG0002,20250506,PRCP,99,,,N,0700
US1TXAG0002,20250507,PRCP,394,,,N,0700
US1TXAG0002,20250508,PRCP,0,,,N,0700
US1TXAG0002,20250509,PRCP,0,,,N,0700
US1TXAG0002,20250510,PRCP,13,,,N,0700
US1TXAG0002,20250511,PRCP,0,,,N,0700
US1TXAG0002,20250512,PRCP,46,,,N,0700
US1TXAG0002,20250513,PRCP,0,,,N,0700
US1TXAG0002,20250514,PRCP,0,,,N,0700
US1TXAG0002,20250515,PRCP,0,,,N,0700
US1TXAG0002,20250516,PRCP,0,,,N,0700
US1TXAG0002,20250517,PRCP,0,,,N,0700
US1TXAG0002,20250518,PRCP,0,,,N,0700
US1TXAG0002,20250519,PRCP,0,,,N,0700
US1TXAG0002,20250520,PRCP,0,,,N,0700
US1TXAG0002,20250521,PRCP,0,T,,N,0700
US1TXAG0002,20250522,PRCP,0,,,N,0700
US1TXAG0002,20250523,PRCP,0,,,N,0700
US1TXAG0002,20250524,PRCP,0,,,N,0700
US1TXAG0002,20250525,PRCP,0,,,N,0700
US1TXAG0002,20250526,PRCP,5,,,N,0700
US1TXAG0002,20250527,PRCP,749,,,N,0700
US1TXAG0002,20250528,PRCP,0,,,N,0700
US1TXAG0002,20250529,PRCP,246,,,N,0700
US1TXAG0002,20250530,PRCP,0,,,N,0700
US1TXAG0002,20250531,PRCP,25,,,N,0700
US1TXAG0002,20250504,SNOW,0,,,N,0700
US1TXAG0002,20250508,SNOW,0,,,N,0700
US1TXAG0002,20250509,SNOW,0,,,N,0700
US1TXAG0002,20250511,SNOW,0,,,N,0700
US1TXAG0002,20250513,SNOW,0,,,N,0700
US1TXAG0002,20250514,SNOW,0,,,N,0700
US1TXAG0002,20250515,SNOW,0,,,N,0700
US1TXAG0002,20250516,SNOW,0,,,N,0700
US1TXAG0002,20250517,SNOW,0,,,N,0700
US1TXAG0002,20250518,SNOW,0,,,N,0700
US1TXAG0002,20250519,SNOW,0,,,N,0700
US1TXAG0002,20250520,SNOW,0,,,N,0700
US1TXAG0002,20250522,SNOW,0,,,N,0700
US1TXAG0002,20250523,SNOW,0,,,N,0700
US1TXAG0002,20250524,SNOW,0,,,N,0700
US1TXAG0002,20250525,SNOW,0,,,N,0700
US1TXAG0002,20250528,SNOW,0,,,N,0700
US1TXAG0002,20250530,SNOW,0,,,N,0700
US1TXAG0002,20250601,PRCP,0,,,N,0700
US1TXAG0002,20250602,PRCP,198,,,N,0700
US1TXAG0002,20250603,PRCP,18,,,N,0700
US1TXAG0002,20250604,PRCP,0,,,N,0700
US1TXAG0002,20250605,PRCP,0,,,N,0700
US1TXAG0002,20250606,PRCP,0,,,N,0700
US1TXAG0002,20250607,PRCP,0,,,N,0700
US1TXAG0002,20250608,PRCP,0,,,N,0700
US1TXAG0002,20250609,PRCP,0,,,N,0700
US1TXAG0002,20250610,PRCP,0,,,N,0700
US1TXAG0002,20250611,PRCP,147,,,N,0700
US1TXAG0002,20250612,PRCP,140,,,N,0700
US1TXAG0002,20250613,PRCP,140,,,N,0700
US1TXAG0002,20250614,PRCP,33,,,N,0700
US1TXAG0002,20250615,PRCP,0,,,N,0700
US1TXAG0002,20250616,PRCP,30,,,N,0700
US1TXAG0002,20250617,PRCP,0,,,N,0700
US1TXAG0002,20250618,PRCP,0,,,N,0700
US1TXAG0002,20250619,PRCP,15,,,N,0700
US1TXAG0002,20250620,PRCP,0,,,N,0700
US1TXAG0002,20250623,PRCP,13,,,N,0700
US1TXAG0002,20250624,PRCP,0,,,N,0700
US1TXAG0002,20250625,PRCP,168,,,N,0700
US1TXAG0002,20250626,PRCP,0,,,N,0700
US1TXAG0002,20250630,PRCP,61,,,N,0700
US1TXAG0002,20250601,SNOW,0,,,N,0700
US1TXAG0002,20250604,SNOW,0,,,N,0700
US1TXAG0002,20250605,SNOW,0,,,N,0700
US1TXAG0002,20250606,SNOW,0,,,N,0700
US1TXAG0002,20250607,SNOW,0,,,N,0700
US1TXAG0002,20250608,SNOW,0,,,N,0700
US1TXAG0002,20250609,SNOW,0,,,N,0700
US1TXAG0002,20250610,SNOW,0,,,N,0700
US1TXAG0002,20250615,SNOW,0,,,N,0700
US1TXAG0002,20250617,SNOW,0,,,N,0700
US1TXAG0002,20250618,SNOW,0,,,N,0700
US1TXAG0002,20250620,SNOW,0,,,N,0700
US1TXAG0002,20250624,SNOW,0,,,N,0700
US1TXAG0002,20250626,SNOW,0,,,N,0700
US1TXAG0002,20250701,PRCP,0,,,N,0700
US1TXAG0002,20250702,PRCP,0,,,N,0700
US1TXAG0002,20250703,PRCP,0,,,N,0700
US1TXAG0002,20250704,PRCP,18,,,N,0700
US1TXAG0002,20250705,PRCP,381,,,N,0700
US1TXAG0002,20250706,PRCP,0,,,N,0700
US1TXAG0002,20250707,PRCP,18,,,N,0700
US1TXAG0002,20250708,PRCP,5,,,N,0700
US1TXAG0002,20250709,PRCP,0,,,N,0700
US1TXAG0002,20250710,PRCP,89,,,N,0700
US1TXAG0002,20250711,PRCP,0,,,N,0700
US1TXAG0002,20250712,PRCP,81,,,N,0700
US1TXAG0002,20250713,PRCP,130,,,N,0700
US1TXAG0002,20250714,PRCP,114,,,N,0700
US1TXAG0002,20250715,PRCP,15,,,N,0700
US1TXAG0002,20250716,PRCP,0,,,N,0700
US1TXAG0002,20250717,PRCP,0,,,N,0700
US1TXAG0002,20250718,PRCP,79,,,N,0700
US1TXAG0002,20250719,PRCP,157,,,N,0700
US1TXAG0002,20250720,PRCP,0,,,N,0700
US1TXAG0002,20250721,PRCP,5,,,N,0700
US1TXAG0002,20250722,PRCP,0,,,N,0700
US1TXAG0002,20250723,PRCP,0,,,N,0700
US1TXAG0002,20250724,PRCP,0,,,N,0700
US1TXAG0002,20250725,PRCP,0,,,N,0700
US1TXAG0002,20250726,PRCP,0,,,N,0700
US1TXAG0002,20250727,PRCP,284,,,N,0700
US1TXAG0002,20250728,PRCP,0,,,N,0700
US1TXAG0002,20250729,PRCP,0,,,N,0700
US1TXAG0002,20250730,PRCP,0,,,N,0700
US1TXAG0002,20250731,PRCP,0,,,N,0700
US1TXAG0002,20250701,SNOW,0,,,N,0700
US1TXAG0002,20250702,SNOW,0,,,N,0700
US1TXAG0002,20250703,SNOW,0,,,N,0700
US1TXAG0002,20250706,SNOW,0,,,N,0700
US1TXAG0002,20250708,SNOW,0,,,N,0700
US1TXAG0002,20250709,SNOW,0,,,N,0700
US1TXAG0002,20250711,SNOW,0,,,N,0700
US1TXAG0002,20250716,SNOW,0,,,N,0700
US1TXAG0002,20250717,SNOW,0,,,N,0700
US1TXAG0002,20250720,SNOW,0,,,N,0700
US1TXAG0002,20250722,SNOW,0,,,N,0700
US1TXAG0002,20250723,SNOW,0,,,N,0700
US1TXAG0002,20250724,SNOW,0,,,N,0700
US1TXAG0002,20250725,SNOW,0,,,N,0700
US1TXAG0002,20250726,SNOW,0,,,N,0700
US1TXAG0002,20250728,SNOW,0,,,N,0700
US1TXAG0002,20250729,SNOW,0,,,N,0700
US1TXAG0002,20250730,SNOW,0,,,N,0700
US1TXAG0002,20250731,SNOW,0,,,N,0700
US1TXAG0002,20250801,PRCP,71,,,N,0700
US1TXAG0002,20250802,PRCP,780,,,N,0700
US1TXAG0002,20250803,PRCP,79,,,N,0700
US1TXAG0002,20250804,PRCP,0,,,N,0700
US1TXAG0002,20250805,PRCP,0,,,N,0700
US1TXAG0002,20250806,PRCP,0,,,N,0700
US1TXAG0002,20250807,PRCP,0,,,N,0700
US1TXAG0002,20250808,PRCP,0,,,N,0700
US1TXAG0002,20250809,PRCP,0,,,N,0700
US1TXAG0002,20250810,PRCP,0,,,N,0700
US1TXAG0002,20250811,PRCP,0,,,N,0700
US1TXAG0002,20250812,PRCP,0,,,N,0700
US1TXAG0002,20250813,PRCP,0,,,N,0700
US1TXAG0002,20250814,PRCP,0,,,N,0700
US1TXAG0002,20250815,PRCP,0,,,N,0700
US1TXAG0002,20250816,PRCP,0,,,N,0700
US1TXAG0002,20250817,PRCP,0,,,N,0700
US1TXAG0002,20250818,PRCP,0,,,N,0700
US1TXAG0002,20250819,PRCP,0,,,N,0700
US1TXAG0002,20250820,PRCP,0,,,N,0700
US1TXAG0002,20250821,PRCP,0,,,N,0700
US1TXAG0002,20250822,PRCP,0,,,N,0700
US1TXAG0002,20250823,PRCP,28,,,N,0700
US1TXAG0002,20250824,PRCP,0,,,N,0700
US1TXAG0002,20250825,PRCP,0,,,N,0700
US1TXAG0002,20250826,PRCP,0,,,N,0700
US1TXAG0002,20250827,PRCP,0,,,N,0700
US1TXAG0002,20250828,PRCP,0,,,N,0700
US1TXAG0002,20250829,PRCP,0,,,N,0700
US1TXAG0002,20250830,PRCP,33,,,N,0700
US1TXAG0002,20250831,PRCP,963,,,N,0700
US1TXAG0002,20250804,SNOW,0,,,N,0700
US1TXAG0002,20250805,SNOW,0,,,N,0700
US1TXAG0002,20250806,SNOW,0,,,N,0700
US1TXAG0002,20250807,SNOW,0,,,N,0700
US1TXAG0002,20250808,SNOW,0,,,N,0700
US1TXAG0002,20250809,SNOW,0,,,N,0700
US1TXAG0002,20250810,SNOW,0,,,N,0700
US1TXAG0002,20250811,SNOW,0,,,N,0700
US1TXAG0002,20250812,SNOW,0,,,N,0700
US1TXAG0002,20250813,SNOW,0,,,N,0700
US1TXAG0002,20250814,SNOW,0,,,N,0700
US1TXAG0002,20250815,SNOW,0,,,N,0700
US1TXAG0002,20250816,SNOW,0,,,N,0700
US1TXAG0002,20250817,SNOW,0,,,N,0700
US1TXAG0002,20250818,SNOW,0,,,N,0700
US1TXAG0002,20250819,SNOW,0,,,N,0700
US1TXAG0002,20250820,SNOW,0,,,N,0700
US1TXAG0002,20250821,SNOW,0,,,N,0700
US1TXAG0002,20250822,SNOW,0,,,N,0700
US1TXAG0002,20250824,SNOW,0,,,N,0700
US1TXAG0002,20250825,SNOW,0,,,N,0700
US1TXAG0002,20250826,SNOW,0,,,N,0700
US1TXAG0002,20250827,SNOW,0,,,N,0700
US1TXAG0002,20250828,SNOW,0,,,N,0700
US1TXAG0002,20250829,SNOW,0,,,N,0700
US1TXAG0002,20250901,PRCP,18,,,N,0700
US1TXAG0002,20250902,PRCP,0,,,N,0700
US1TXAG0002,20250903,PRCP,0,,,N,0700
US1TXAG0002,20250904,PRCP,46,,,N,0700
US1TXAG0002,20250905,PRCP,0,,,N,0700
US1TXAG0002,20250906,PRCP,0,,,N,0700
US1TXAG0002,20250907,PRCP,0,,,N,0700
US1TXAG0002,20250908,PRCP,0,,,N,0700
US1TXAG0002,20250909,PRCP,0,,,N,0700
US1TXAG0002,20250910,PRCP,0,,,N,0700
US1TXAG0002,20250911,PRCP,0,,,N,0700
US1TXAG0002,20250912,PRCP,0,,,N,0700
US1TXAG0002,20250913,PRCP,0,,,N,0700
US1TXAG0002,20250914,PRCP,0,,,N,0700
US1TXAG0002,20250915,PRCP,0,,,N,0700
US1TXAG0002,20250916,PRCP,0,,,N,0700
US1TXAG0002,20250917,PRCP,0,,,N,0700
US1TXAG0002,20250918,PRCP,0,,,N,0700
US1TXAG0002,20250919,PRCP,0,,,N,0700
US1TXAG0002,20250920,PRCP,0,,,N,0700
US1TXAG0002,20250921,PRCP,0,,,N,0700
US1TXAG0002,20250922,PRCP,69,,,N,0700
US1TXAG0002,20250923,PRCP,8,,,N,0700
US1TXAG0002,20250924,PRCP,5,,,N,0700
US1TXAG0002,20250925,PRCP,15,,,N,0700
US1TXAG0002,20250926,PRCP,0,,,N,0700
US1TXAG0002,20250927,PRCP,0,,,N,0700
US1TXAG0002,20250928,PRCP,0,,,N,0700
US1TXAG0002,20250929,PRCP,0,,,N,0700
US1TXAG0002,20250930,PRCP,0,,,N,0700
US1TXAG0002,20250902,SNOW,0,,,N,0700
US1TXAG0002,20250903,SNOW,0,,,N,0700
US1TXAG0002,20250905,SNOW,0,,,N,0700
US1TXAG0002,20250906,SNOW,0,,,N,0700
US1TXAG0002,20250907,SNOW,0,,,N,0700
US1TXAG0002,20250908,SNOW,0,,,N,0700
US1TXAG0002,20250909,SNOW,0,,,N,0700
US1TXAG0002,20250910,SNOW,0,,,N,0700
US1TXAG0002,20250911,SNOW,0,,,N,0700
US1TXAG0002,20250912,SNOW,0,,,N,0700
US1TXAG0002,20250913,SNOW,0,,,N,0700
US1TXAG0002,20250914,SNOW,0,,,N,0700
US1TXAG0002,20250915,SNOW,0,,,N,0700
US1TXAG0002,20250916,SNOW,0,,,N,0700
US1TXAG0002,20250917,SNOW,0,,,N,0700
US1TXAG0002,20250918,SNOW,0,,,N,0700
US1TXAG0002,20250919,SNOW,0,,,N,0700
US1TXAG0002,20250920,SNOW,0,,,N,0700
US1TXAG0002,20250921,SNOW,0,,,N,0700
US1TXAG0002,20250926,SNOW,0,,,N,0700
US1TXAG0002,20250927,SNOW,0,,,N,0700
US1TXAG0002,20250928,SNOW,0,,,N,0700
US1TXAG0002,20250929,SNOW,0,,,N,0700
US1TXAG0002,20250930,SNOW,0,,,N,0700
US1TXAG0002,20251001,PRCP,0,,,N,0700
US1TXAG0002,20251002,PRCP,0,,,N,0700
US1TXAG0002,20251003,PRCP,0,,,N,0700
US1TXAG0002,20251004,PRCP,0,,,N,0700
US1TXAG0002,20251005,PRCP,0,,,N,0700
US1TXAG0002,20251006,PRCP,0,,,N,0700
US1TXAG0002,20251007,PRCP,0,,,N,0700
US1TXAG0002,20251008,PRCP,0,,,N,0700
US1TXAG0002,20251009,PRCP,0,,,N,0700
US1TXAG0002,20251010,PRCP,0,,,N,0700
US1TXAG0002,20251011,PRCP,0,,,N,0700
US1TXAG0002,20251012,PRCP,0,,,N,0700
US1TXAG0002,20251013,PRCP,0,,,N,0700
US1TXAG0002,20251014,PRCP,0,,,N,0700
US1TXAG0002,20251015,PRCP,0,,,N,0700
US1TXAG0002,20251016,PRCP,0,,,N,0700
US1TXAG0002,20251017,PRCP,0,,,N,0700
US1TXAG0002,20251018,PRCP,0,,,N,0700
US1TXAG0002,20251019,PRCP,338,,,N,0700
US1TXAG0002,20251020,PRCP,0,,,N,0700
US1TXAG0002,20251021,PRCP,0,,,N,0700
US1TXAG0002,20251022,PRCP,13,,,N,0700
US1TXAG0002,20251023,PRCP,0,,,N,0700
US1TXAG0002,20251024,PRCP,0,,,N,0700
US1TXAG0002,20251025,PRCP,79,,,N,0700
US1TXAG0002,20251026,PRCP,185,,,N,0700
US1TXAG0002,20251027,PRCP,0,,,N,0700
US1TXAG0002,20251028,PRCP,0,,,N,0700
US1TXAG0002,20251029,PRCP,56,,,N,0700
US1TXAG0002,20251031,PRCP,0,,,N,0700
US1TXAG0002,20251001,SNOW,0,,,N,0700
US1TXAG0002,20251002,SNOW,0,,,N,0700
US1TXAG0002,20251003,SNOW,0,,,N,0700
US1TXAG0002,20251004,SNOW,0,,,N,0700
US1TXAG0002,20251005,SNOW,0,,,N,0700
US1TXAG0002,20251006,SNOW,0,,,N,0700
US1TXAG0002,20251007,SNOW,0,,,N,0700
US1TXAG0002,20251008,SNOW,0,,,N,0700
US1TXAG0002,20251009,SNOW,0,,,N,0700
US1TXAG0002,20251010,SNOW,0,,,N,0700
US1TXAG0002,20251011,SNOW,0,,,N,0700
US1TXAG0002,20251012,SNOW,0,,,N,0700
US1TXAG0002,20251013,SNOW,0,,,N,0700
US1TXAG0002,20251014,SNOW,0,,,N,0700
US1TXAG0002,20251015,SNOW,0,,,N,0700
US1TXAG0002,20251016,SNOW,0,,,N,0700
US1TXAG0002,20251017,SNOW,0,,,N,0700
US1TXAG0002,20251018,SNOW,0,,,N,0700
US1TXAG0002,20251020,SNOW,0,,,N,0700
US1TXAG0002,20251021,SNOW,0,,,N,0700
US1TXAG0002,20251022,SNOW,0,,,N,0700
US1TXAG0002,20251023,SNOW,0,,,N,0700
US1TXAG0002,20251024,SNOW,0,,,N,0700
US1TXAG0002,20251027,SNOW,0,,,N,0700
US1TXAG0002,20251028,SNOW,0,,,N,0700
US1TXAG0002,20251029,SNOW,0,,,N,0700
US1TXAG0002,20251031,SNOW,0,,,N,0700
US1TXAG0002,20251101,PRCP,0,,,N,0700
US1TXAG0002,20251102,PRCP,10,,,N,0700
US1TXAG0002,20251103,PRCP,0,,,N,0700
US1TXAG0002,20251104,PRCP,0,,,N,0700
US1TXAG0002,20251105,PRCP,0,,,N,0700
US1TXAG0002,20251106,PRCP,0,,,N,0700
US1TXAG0002,20251107,PRCP,0,,,N,0700
US1TXAG0002,20251108,PRCP,0,,,N,0700
US1TXAG0002,20251109,PRCP,0,,,N,0700
US1TXAG0002,20251110,PRCP,0,,,N,0700
US1TXAG0002,20251111,PRCP,0,,,N,0700
US1TXAG0002,20251112,PRCP,0,,,N,0700
US1TXAG0002,20251113,PRCP,0,,,N,0700
US1TXAG0002,20251114,PRCP,0,,,N,0700
US1TXAG0002,20251115,PRCP,0,,,N,0700
US1TXAG0002,20251116,PRCP,0,,,N,0700
US1TXAG0002,20251117,PRCP,0,,,N,0700
US1TXAG0002,20251118,PRCP,0,,,N,0700
US1TXAG0002,20251119,PRCP,0,,,N,0700
US1TXAG0002,20251120,PRCP,0,,,N,0700
US1TXAG0002,20251121,PRCP,8,,,N,0700
US1TXAG0002,20251122,PRCP,114,,,N,0700
US1TXAG0002,20251123,PRCP,0,,,N,0700
US1TXAG0002,20251124,PRCP,0,,,N,0700
US1TXAG0002,20251125,PRCP,310,,,N,0700
US1TXAG0002,20251126,PRCP,0,,,N,0700
US1TXAG0002,20251127,PRCP,0,,,N,0700
US1TXAG0002,20251128,PRCP,0,,,N,0700
US1TXAG0002,20251129,PRCP,20,,,N,0700
US1TXAG0002,20251130,PRCP,109,,,N,0700
US1TXAG0002,20251101,SNOW,0,,,N,0700
US1TXAG0002,20251103,SNOW,0,,,N,0700
US1TXAG0002,20251104,SNOW,0,,,N,0700
US1TXAG0002,20251105,SNOW,0,,,N,0700
US1TXAG0002,20251106,SNOW,0,,,N,0700
US1TXAG0002,20251107,SNOW,0,,,N,0700
US1TXAG0002,20251108,SNOW,0,,,N,0700
US1TXAG0002,20251109,SNOW,0,,,N,0700
US1TXAG0002,20251110,SNOW,0,,,N,0700
US1TXAG0002,20251111,SNOW,0,,,N,0700
US1TXAG0002,20251112,SNOW,0,,,N,0700
US1TXAG0002,20251113,SNOW,0,,,N,0700
US1TXAG0002,20251114,SNOW,0,,,N,0700
US1TXAG0002,20251115,SNOW,0,,,N,0700
US1TXAG0002,20251116,SNOW,0,,,N,0700
US1TXAG0002,20251117,SNOW,0,,,N,0700
US1TXAG0002,20251118,SNOW,0,,,N,0700
US1TXAG0002,20251119,SNOW,0,,,N,0700
US1TXAG0002,20251120,SNOW,0,,,N,0700
US1TXAG0002,20251121,SNOW,0,,,N,0700
US1TXAG0002,20251123,SNOW,0,,,N,0700
US1TXAG0002,20251124,SNOW,0,,,N,0700
US1TXAG0002,20251126,SNOW,0,,,N,0700
US1TXAG0002,20251127,SNOW,0,,,N,0700
US1TXAG0002,20251128,SNOW,0,,,N,0700
US1TXAG0002,20251201,PRCP,0,,,N,0700
US1TXAG0002,20251202,PRCP,64,,,N,0700
US1TXAG0002,20251203,PRCP,0,,,N,0700
US1TXAG0002,20251204,PRCP,302,,,N,0700
US1TXAG0002,20251205,PRCP,74,,,N,0700
US1TXAG0002,20251206,PRCP,0,,,N,0700
US1TXAG0002,20251207,PRCP,0,,,N,0700
US1TXAG0002,20251208,PRCP,0,,,N,0700
US1TXAG0002,20251209,PRCP,0,,,N,0700
US1TXAG0002,20251210,PRCP,0,,,N,0700
US1TXAG0002,20251211,PRCP,0,,,N,0700
US1TXAG0002,20251212,PRCP,0,,,N,0700
US1TXAG0002,20251213,PRCP,0,,,N,0700
US1TXAG0002,20251214,PRCP,442,,,N,0700
US1TXAG0002,20251215,PRCP,0,,,N,0700
US1TXAG0002,20251216,PRCP,0,,,N,0700
US1TXAG0002,20251217,PRCP,43,,,N,0700
US1TXAG0002,20251218,PRCP,0,,,N,0700
US1TXAG0002,20251219,PRCP,0,,,N,0700
US1TXAG0002,20251220,PRCP,0,,,N,0700
US1TXAG0002,20251221,PRCP,0,,,N,0700
US1TXAG0002,20251222,PRCP,0,,,N,0700
US1TXAG0002,20251223,PRCP,0,,,N,0700
US1TXAG0002,20251224,PRCP,0,,,N,0700
US1TXAG0002,20251225,PRCP,0,,,N,0700
US1TXAG0002,20251226,PRCP,0,,,N,0700
US1TXAG0002,20251227,PRCP,0,,,N,0700
US1TXAG0002,20251228,PRCP,0,,,N,0700
US1TXAG0002,20251229,PRCP,0,,,N,0700
US1TXAG0002,20251230,PRCP,0,,,N,0700
US1TXAG0002,20251231,PRCP,0,,,N,0700
US1TXAG0002,20251201,SNOW,0,,,N,0700
US1TXAG0002,20251203,SNOW,0,,,N,0700
US1TXAG0002,20251206,SNOW,0,,,N,0700
US1TXAG0002,20251207,SNOW,0,,,N,0700
US1TXAG0002,20251208,SNOW,0,,,N,0700
US1TXAG0002,20251209,SNOW,0,,,N,0700
US1TXAG0002,20251210,SNOW,0,,,N,0700
US1TXAG0002,20251211,SNOW,0,,,N,0700
US1TXAG0002,20251212,SNOW,0,,,N,0700
US1TXAG0002,20251213,SNOW,0,,,N,0700
US1TXAG0002,20251215,SNOW,0,,,N,0700
US1TXAG0002,20251216,SNOW,0,,,N,0700
US1TXAG0002,20251217,SNOW,0,,,N,0700
US1TXAG0002,20251220,SNOW,0,,,N,0700
US1TXAG0002,20251221,SNOW,0,,,N,0700
US1TXAG0002,20251222,SNOW,0,,,N,0700
US1TXAG0002,20251223,SNOW,0,,,N,0700
US1TXAG0002,20251224,SNOW,0,,,N,0700
US1TXAG0002,20251225,SNOW,0,,,N,0700
US1TXAG0002,20251226,SNOW,0,,,N,0700
US1TXAG0002,20251227,SNOW,0,,,N,0700
US1TXAG0002,20251228,SNOW,0,,,N,0700
US1TXAG0002,20251229,SNOW,0,,,N,0700
US1TXAG0002,20251230,SNOW,0,,,N,0700
US1TXAG0002,20251231,SNOW,0,,,N,0700
US1TXAG0002,20260101,PRCP,0,,,N,0700
US1TXAG0002,20260102,PRCP,0,,,N,0700
US1TXAG0002,20260103,PRCP,0,,,N,0700
US1TXAG0002,20260104,PRCP,0,,,N,0700
US1TXAG0002,20260105,PRCP,0,,,N,0700
US1TXAG0002,20260106,PRCP,0,,,N,0700
US1TXAG0002,20260107,PRCP,0,,,N,0800
US1TXAG0002,20260108,PRCP,0,,,N,0700
US1TXAG0002,20260109,PRCP,0,,,N,0700
US1TXAG0002,20260110,PRCP,221,,,N,0700
US1TXAG0002,20260112,PRCP,0,,,N,0700
US1TXAG0002,20260113,PRCP,0,,,N,0700
US1TXAG0002,20260114,PRCP,10,,,N,0700
US1TXAG0002,20260115,PRCP,0,,,N,0700
US1TXAG0002,20260116,PRCP,0,,,N,0700
US1TXAG0002,20260117,PRCP,0,,,N,0700
US1TXAG0002,20260118,PRCP,0,,,N,0700
US1TXAG0002,20260119,PRCP,0,,,N,0700
US1TXAG0002,20260120,PRCP,0,,,N,0700
US1TXAG0002,20260121,PRCP,38,,,N,0700
US1TXAG0002,20260122,PRCP,170,,,N,0700
US1TXAG0002,20260123,PRCP,8,,,N,0700
US1TXAG0002,20260124,PRCP,137,,,N,0700
US1TXAG0002,20260125,PRCP,277,,,N,0700
US1TXAG0002,20260126,PRCP,0,,,N,0700
US1TXAG0002,20260127,PRCP,0,,,N,0700
US1TXAG0002,20260128,PRCP,0,,,N,0700
US1TXAG0002,20260129,PRCP,0,,,N,0700
US1TXAG0002,20260130,PRCP,0,,,N,0700
US1TXAG0002,20260131,PRCP,0,,,N,0700
US1TXAG0002,20260101,SNOW,0,,,N,0700
US1TXAG0002,20260102,SNOW,0,,,N,0700
US1TXAG0002,20260103,SNOW,0,,,N,0700
US1TXAG0002,20260104,SNOW,0,,,N,0700
US1TXAG0002,20260105,SNOW,0,,,N,0700
US1TXAG0002,20260106,SNOW,0,,,N,0700
US1TXAG0002,20260107,SNOW,0,,,N,0800
US1TXAG0002,20260108,SNOW,0,,,N,0700
US1TXAG0002,20260109,SNOW,0,,,N,0700
US1TXAG0002,20260112,SNOW,0,,,N,0700
US1TXAG0002,20260113,SNOW,0,,,N,0700
US1TXAG0002,20260115,SNOW,0,,,N,0700
US1TXAG0002,20260116,SNOW,0,,,N,0700
US1TXAG0002,20260117,SNOW,0,,,N,0700
US1TXAG0002,20260118,SNOW,0,,,N,0700
US1TXAG0002,20260119,SNOW,0,,,N,0700
US1TXAG0002,20260120,SNOW,0,,,N,0700
US1TXAG0002,20260126,SNOW,0,,,N,0700
US1TXAG0002,20260127,SNOW,0,,,N,0700
US1TXAG0002,20260128,SNOW,0,,,N,0700
US1TXAG0002,20260129,SNOW,0,,,N,0700
US1TXAG0002,20260130,SNOW,0,,,N,0700
US1TXAG0002,20260131,SNOW,0,,,N,0700
US1TXAG0002,20260202,PRCP,0,,,N,0700
US1TXAG0002,20260203,PRCP,0,T,,N,0700
US1TXAG0002,20260204,PRCP,188,,,N,0700
US1TXAG0002,20260205,PRCP,0,,,N,0700
US1TXAG0002,20260206,PRCP,0,,,N,0700
US1TXAG0002,20260207,PRCP,0,,,N,0700
US1TXAG0002,20260208,PRCP,0,,,N,0700
US1TXAG0002,20260209,PRCP,0,,,N,0700
US1TXAG0002,20260210,PRCP,0,,,N,0700
US1TXAG0002,20260211,PRCP,0,,,N,0700
US1TXAG0002,20260212,PRCP,0,,,N,0700
US1TXAG0002,20260213,PRCP,0,,,N,0700
US1TXAG0002,20260214,PRCP,0,,,N,0700
US1TXAG0002,20260215,PRCP,340,,,N,0700
US1TXAG0002,20260216,PRCP,0,,,N,0700
US1TXAG0002,20260217,PRCP,0,,,N,0700
US1TXAG0002,20260219,PRCP,0,,,N,0700
US1TXAG0002,20260220,PRCP,10,,,N,0700
US1TXAG0002,20260221,PRCP,0,,,N,0700
US1TXAG0002,20260222,PRCP,0,,,N,0700
US1TXAG0002,20260223,PRCP,0,,,N,0700
US1TXAG0002,20260224,PRCP,0,,,N,0700
US1TXAG0002,20260225,PRCP,0,,,N,0700
US1TXAG0002,20260226,PRCP,0,,,N,0700
US1TXAG0002,20260227,PRCP,0,,,N,0700
US1TXAG0002,20260228,PRCP,0,,,N,0700
US1TXAG0002,20260202,SNOW,0,,,N,0700
US1TXAG0002,20260203,SNOW,0,,,N,0700
US1TXAG0002,20260205,SNOW,0,,,N,0700
US1TXAG0002,20260206,SNOW,0,,,N,0700
US1TXAG0002,20260207,SNOW,0,,,N,0700
US1TXAG0002,20260208,SNOW,0,,,N,0700
US1TXAG0002,20260209,SNOW,0,,,N,0700
US1TXAG0002,20260210,SNOW,0,,,N,0700
US1TXAG0002,20260211,SNOW,0,,,N,0700
US1TXAG0002,20260212,SNOW,0,,,N,0700
US1TXAG0002,20260213,SNOW,0,,,N,0700
US1TXAG0002,20260214,SNOW,0,,,N,0700
US1TXAG0002,20260216,SNOW,0,,,N,0700
US1TXAG0002,20260217,SNOW,0,,,N,0700
US1TXAG0002,20260219,SNOW,0,,,N,0700
US1TXAG0002,20260221,SNOW,0,,,N,0700
US1TXAG0002,20260222,SNOW,0,,,N,0700
US1TXAG0002,20260223,SNOW,0,,,N,0700
US1TXAG0002,20260224,SNOW,0,,,N,0700
US1TXAG0002,20260225,SNOW,0,,,N,0700
US1TXAG0002,20260226,SNOW,0,,,N,0700
US1TXAG0002,20260227,SNOW,0,,,N,0700
US1TXAG0002,20260228,SNOW,0,,,N,0700
US1TXAG0002,20260301,PRCP,0,,,N,0700
US1TXAG0002,20260302,PRCP,0,,,N,0700
US1TXAG0002,20260303,PRCP,0,,,N,0700
US1TXAG0002,20260304,PRCP,0,,,N,0700
US1TXAG0002,20260305,PRCP,0,,,N,0700
US1TXAG0002,20260306,PRCP,0,,,N,0700
US1TXAG0002,20260307,PRCP,0,,,N,0700
US1TXAG0002,20260308,PRCP,69,,,N,0700
US1TXAG0002,20260309,PRCP,8,,,N,0700
US1TXAG0002,20260310,PRCP,0,,,N,0700
US1TXAG0002,20260311,PRCP,15,,,N,0700
US1TXAG0002,20260312,PRCP,366,,,N,0700
US1TXAG0002,20260313,PRCP,0,,,N,0700
US1TXAG0002,20260314,PRCP,0,,,N,0700
US1TXAG0002,20260315,PRCP,0,,,N,0700
US1TXAG0002,20260316,PRCP,10,,,N,0700
US1TXAG0002,20260317,PRCP,0,,,N,0700
US1TXAG0002,20260318,PRCP,0,,,N,0700
US1TXAG0002,20260319,PRCP,0,,,N,0700
US1TXAG0002,20260320,PRCP,0,,,N,0700
US1TXAG0002,20260321,PRCP,0,,,N,0700
US1TXAG0002,20260322,PRCP,0,,,N,0700
US1TXAG0002,20260323,PRCP,0,,,N,0700
US1TXAG0002,20260324,PRCP,0,,,N,0700
US1TXAG0002,20260325,PRCP,0,,,N,0800
US1TXAG0002,20260326,PRCP,0,,,N,0700
US1TXAG0002,20260327,PRCP,0,,,N,0700
US1TXAG0002,20260328,PRCP,0,,,N,0700
US1TXAG0002,20260329,PRCP,0,,,N,0700
US1TXAG0002,20260330,PRCP,0,,,N,0700
US1TXAG0002,20260331,PRCP,0,,,N,0700
US1TXAG0002,20260301,SNOW,0,,,N,0700
US1TXAG0002,20260302,SNOW,0,,,N,0700
US1TXAG0002,20260303,SNOW,0,,,N,0700
US1TXAG0002,20260304,SNOW,0,,,N,0700
US1TXAG0002,20260305,SNOW,0,,,N,0700
US1TXAG0002,20260306,SNOW,0,,,N,0700
US1TXAG0002,20260307,SNOW,0,,,N,0700
US1TXAG0002,20260310,SNOW,0,,,N,0700
US1TXAG0002,20260313,SNOW,0,,,N,0700
US1TXAG0002,20260314,SNOW,0,,,N,0700
US1TXAG0002,20260315,SNOW,0,,,N,0700
US1TXAG0002,20260317,SNOW,0,,,N,0700
US1TXAG0002,20260318,SNOW,0,,,N,0700
US1TXAG0002,20260319,SNOW,0,,,N,0700
US1TXAG0002,20260320,SNOW,0,,,N,0700
US1TXAG0002,20260321,SNOW,0,,,N,0700
US1TXAG0002,20260322,SNOW,0,,,N,0700
US1TXAG0002,20260323,SNOW,0,,,N,0700
US1TXAG0002,20260324,SNOW,0,,,N,0700
US1TXAG0002,20260325,SNOW,0,,,N,0800
US1TXAG0002,20260326,SNOW,0,,,N,0700
US1TXAG0002,20260327,SNOW,0,,,N,0700
US1TXAG0002,20260328,SNOW,0,,,N,0700
US1TXAG0002,20260329,SNOW,0,,,N,0700
US1TXAG0002,20260330,SNOW,0,,,N,0700
US1TXAG0002,20260331,SNOW,0,,,N,0700
US1TXAG0002,20260401,PRCP,0,,,N,0700
US1TXAG0002,20260402,PRCP,0,,,N,0700
US1TXAG0002,20260403,PRCP,132,,,N,0700
US1TXAG0002,20260404,PRCP,5,,,N,0700
US1TXAG0002,20260405,PRCP,89,,,N,0700
US1TXAG0002,20260406,PRCP,0,,,N,0700
US1TXAG0002,20260407,PRCP,0,,,N,0700
US1TXAG0002,20260408,PRCP,0,,,N,0700
US1TXAG0002,20260409,PRCP,0,,,N,0700
US1TXAG0002,20260410,PRCP,0,,,N,0700
US1TXAG0002,20260411,PRCP,13,,,N,0700
US1TXAG0002,20260412,PRCP,0,,,N,0700
US1TXAG0002,20260413,PRCP,69,,,N,0700
US1TXAG0002,20260414,PRCP,0,,,N,0700
US1TXAG0002,20260415,PRCP,0,,,N,0700
US1TXAG0002,20260416,PRCP,0,,,N,0700
US1TXAG0002,20260417,PRCP,0,,,N,0700
US1TXAG0002,20260418,PRCP,0,,,N,0700
US1TXAG0002,20260419,PRCP,53,,,N,0700
US1TXAG0002,20260420,PRCP,0,,,N,0700
US1TXAG0002,20260421,PRCP,0,T,,N,0700
US1TXAG0002,20260422,PRCP,43,,,N,0700
US1TXAG0002,20260423,PRCP,89,,,N,0700
US1TXAG0002,20260424,PRCP,0,,,N,0700
US1TXAG0002,20260425,PRCP,0,,,N,0700
US1TXAG0002,20260426,PRCP,0,,,N,0700
US1TXAG0002,20260427,PRCP,0,,,N,0700
US1TXAG0002,20260428,PRCP,0,,,N,0700
US1TXAG0002,20260429,PRCP,0,,,N,0700
US1TXAG0002,20260430,PRCP,366,,,N,0700
US1TXAG0002,20260401,SNOW,0,,,N,0700
US1TXAG0002,20260402,SNOW,0,,,N,0700
US1TXAG0002,20260406,SNOW,0,,,N,0700
US1TXAG0002,20260407,SNOW,0,,,N,0700
US1TXAG0002,20260408,SNOW,0,,,N,0700
US1TXAG0002,20260409,SNOW,0,,,N,0700
US1TXAG0002,20260410,SNOW,0,,,N,0700
US1TXAG0002,20260412,SNOW,0,,,N,0700
US1TXAG0002,20260414,SNOW,0,,,N,0700
US1TXAG0002,20260415,SNOW,0,,,N,0700
US1TXAG0002,20260416,SNOW,0,,,N,0700
US1TXAG0002,20260417,SNOW,0,,,N,0700
US1TXAG0002,20260418,SNOW,0,,,N,0700
US1TXAG0002,20260420,SNOW,0,,,N,0700
US1TXAG0002,20260424,SNOW,0,,,N,0700
US1TXAG0002,20260425,SNOW,0,,,N,0700
US1TXAG0002,20260426,SNOW,0,,,N,0700
US1TXAG0002,20260427,SNOW,0,,,N,0700
US1TXAG0002,20260428,SNOW,0,,,N,0700
US1TXAG0002,20260429,SNOW,0,,,N,0700
US1TXAG0002,20260501,PRCP,193,,,N,0700
US1TXAG0002,20260502,PRCP,208,,,N,0700
US1TXAG0002,20260503,PRCP,0,,,N,0700
US1TXAG0002,20260504,PRCP,0,,,N,0700
US1TXAG0002,20260505,PRCP,0,,,N,0700
US1TXAG0002,20260506,PRCP,0,,,N,0700
US1TXAG0002,20260507,PRCP,0,,,N,0700
US1TXAG0002,20260508,PRCP,0,,,N,0700
US1TXAG0002,20260509,PRCP,30,,,N,0700
US1TXAG0002,20260510,PRCP,0,,,N,0700
US1TXAG0002,20260511,PRCP,91,,,N,0700
US1TXAG0002,20260512,PRCP,8,,,N,0700
US1TXAG0002,20260513,PRCP,0,,,N,0700
US1TXAG0002,20260514,PRCP,0,,,N,0700
US1TXAG0002,20260515,PRCP,0,,,N,0700
US1TXAG0002,20260516,PRCP,0,,,N,0700
US1TXAG0002,20260517,PRCP,0,,,N,0700
US1TXAG0002,20260518,PRCP,15,,,N,0700
US1TXAG0002,20260519,PRCP,5,,,N,0700
US1TXAG0002,20260520,PRCP,683,,,N,0700
US1TXAG0002,20260521,PRCP,0,,,N,0700
US1TXAG0002,20260522,PRCP,15,,,N,0700
US1TXAG0002,20260523,PRCP,0,,,N,0700
US1TXAG0002,20260524,PRCP,196,,,N,0700
US1TXAG0002,20260525,PRCP,0,,,N,0700
US1TXAG0002,20260526,PRCP,0,,,N,0700
US1TXAG0002,20260527,PRCP,183,,,N,0700
US1TXAG0002,20260528,PRCP,10,,,N,0700
US1TXAG0002,20260529,PRCP,0,,,N,0700
US1TXAG0002,20260530,PRCP,0,,,N,0700
US1TXAG0002,20260531,PRCP,0,,,N,0700
US1TXAG0002,20260503,SNOW,0,,,N,0700
US1TXAG0002,20260504,SNOW,0,,,N,0700
US1TXAG0002,20260505,SNOW,0,,,N,0700
US1TXAG0002,20260506,SNOW,0,,,N,0700
US1TXAG0002,20260507,SNOW,0,,,N,0700
US1TXAG0002,20260508,SNOW,0,,,N,0700
US1TXAG0002,20260510,SNOW,0,,,N,0700
US1TXAG0002,20260513,SNOW,0,,,N,0700
US1TXAG0002,20260514,SNOW,0,,,N,0700
US1TXAG0002,20260515,SNOW,0,,,N,0700
US1TXAG0002,20260516,SNOW,0,,,N,0700
US1TXAG0002,20260517,SNOW,0,,,N,0700
US1TXAG0002,20260521,SNOW,0,,,N,0700
US1TXAG0002,20260522,SNOW,0,,,N,0700
US1TXAG0002,20260523,SNOW,0,,,N,0700
US1TXAG0002,20260525,SNOW,0,,,N,0700
US1TXAG0002,20260526,SNOW,0,,,N,0700
US1TXAG0002,20260527,SNOW,0,,,N,0700
US1TXAG0002,20260529,SNOW,0,,,N,0700
US1TXAG0002,20260530,SNOW,0,,,N,0700
US1TXAG0002,20260531,SNOW,0,,,N,0700
US1TXAG0002,20260601,PRCP,0,,,N,0700
US1TXAG0002,20260602,PRCP,0,,,N,0700
US1TXAG0002,20260603,PRCP,394,,,N,0700
US1TXAG0002,20260604,PRCP,8,,,N,0700
US1TXAG0002,20260605,PRCP,117,,,N,0700
US1TXAG0002,20260606,PRCP,132,,,N,0700
US1TXAG0002,20260607,PRCP,38,,,N,0700
US1TXAG0002,20260608,PRCP,0,,,N,0700
US1TXAG0002,20260609,PRCP,10,,,N,0700
US1TXAG0002,20260610,PRCP,0,T,,N,0700
US1TXAG0002,20260611,PRCP,0,,,N,0700
US1TXAG0002,20260612,PRCP,0,,,N,0700
US1TXAG0002,20260613,PRCP,10,,,N,0700
US1TXAG0002,20260614,PRCP,0,,,N,0700
US1TXAG0002,20260615,PRCP,318,,,N,0700
US1TXAG0002,20260616,PRCP,467,,,N,0700
US1TXAG0002,20260617,PRCP,272,,,N,0700
US1TXAG0002,20260618,PRCP,8,,,N,0700
US1TXAG0002,20260619,PRCP,0,,,N,0700
US1TXAG0002,20260620,PRCP,61,,,N,0700
US1TXAG0002,20260621,PRCP,30,,,N,0700
US1TXAG0002,20260622,PRCP,417,,,N,0700
US1TXAG0002,20260623,PRCP,0,,,N,0700
US1TXAG0002,20260624,PRCP,0,,,N,0700
US1TXAG0002,20260625,PRCP,0,,,N,0700
US1TXAG0002,20260626,PRCP,0,,,N,0700
US1TXAG0002,20260627,PRCP,0,,,N,0700
US1TXAG0002,20260628,PRCP,0,,,N,0700
US1TXAG0002,20260629,PRCP,0,,,N,0700
US1TXAG0002,20260630,PRCP,0,,,N,0700
US1TXAG0002,20260601,SNOW,0,,,N,0700
US1TXAG0002,20260602,SNOW,0,,,N,0700
US1TXAG0002,20260606,SNOW,0,,,N,0700
US1TXAG0002,20260608,SNOW,0,,,N,0700
US1TXAG0002,20260611,SNOW,0,,,N,0700
US1TXAG0002,20260612,SNOW,0,,,N,0700
US1TXAG0002,20260614,SNOW,0,,,N,0700
US1TXAG0002,20260619,SNOW,0,,,N,0700
US1TXAG0002,20260623,SNOW,0,,,N,0700
US1TXAG0002,20260624,SNOW,0,,,N,0700
US1TXAG0002,20260625,SNOW,0,,,N,0700
US1TXAG0002,20260626,SNOW,0,,,N,0700
US1TXAG0002,20260627,SNOW,0,,,N,0700
US1TXAG0002,20260628,SNOW,0,,,N,0700
US1TXAG0002,20260629,SNOW,0,,,N,0700
US1TXAG0002,20260630,SNOW,0,,,N,0700
US1TXAG0002,20260701,PRCP,0,,,N,0700
US1TXAG0002,20260702,PRCP,178,,,N,0700
US1TXAG0002,20260703,PRCP,0,,,N,0700
US1TXAG0002,20260704,PRCP,0,,,N,0700
US1TXAG0002,20260705,PRCP,0,,,N,0700
US1TXAG0002,20260706,PRCP,0,,,N,0700
US1TXAG0002,20260707,PRCP,0,,,N,0700
US1TXAG0002,20260708,PRCP,0,,,N,0700
US1TXAG0002,20260709,PRCP,0,,,N,0700
US1TXAG0002,20260710,PRCP,0,,,N,0700
US1TXAG0002,20260711,PRCP,8,,,N,0700
US1TXAG0002,20260712,PRCP,8,,,N,0700
US1TXAG0002,20260713,PRCP,25,,,N,0700
US1TXAG0002,20260714,PRCP,1295,,,N,0700
US1TXAG0002,20260715,PRCP,8,,,N,0700
US1TXAG0002,20260716,PRCP,0,,,N,0700
US1TXAG0002,20260717,PRCP,0,,,N,0700
US1TXAG0002,20260718,PRCP,0,,,N,0700
US1TXAG0002,20260719,PRCP,0,,,N,0700
US1TXAG0002,20260720,PRCP,0,,,N,0700
US1TXAG0002,20260721,PRCP,0,,,N,0700
US1TXAG0002,20260722,PRCP,0,,,N,0700
US1TXAG0002,20260723,PRCP,0,,,N,0700
US1TXAG0002,20260724,PRCP,0,T,,N,0700
US1TXAG0002,20260725,PRCP,0,,,N,0700
US1TXAG0002,20260726,PRCP,0,,,N,0700
US1TXAG0002,20260727,PRCP,0,,,N,0700
US1TXAG0002,20260728,PRCP,0,,,N,0700
US1TXAG0002,20260729,PRCP,0,,,N,0700
US1TXAG0002,20260730,PRCP,0,,,N,0700
US1TXAG0002,20260731,PRCP,0,,,N,0700
US1TXAG0002,20260701,SNOW,0,,,N,0700
US1TXAG0002,20260703,SNOW,0,,,N,0700
US1TXAG0002,20260704,SNOW,0,,,N,0700
US1TXAG0002,20260705,SNOW,0,,,N,0700
US1TXAG0002,20260706,SNOW,0,,,N,0700
US1TXAG0002,20260707,SNOW,0,,,N,0700
US1TXAG0002,20260708,SNOW,0,,,N,0700
US1TXAG0002,20260709,SNOW,0,,,N,0700
US1TXAG0002,20260710,SNOW,0,,,N,0700
US1TXAG0002,20260716,SNOW,0,,,N,0700
US1TXAG0002,20260717,SNOW,0,,,N,0700
US1TXAG0002,20260718,SNOW,0,,,N,0700
US1TXAG0002,20260719,SNOW,0,,,N,0700
US1TXAG0002,20260720,SNOW,0,,,N,0700
US1TXAG0002,20260721,SNOW,0,,,N,0700
US1TXAG0002,20260722,SNOW,0,,,N,0700
US1TXAG0002,20260723,SNOW,0,,,N,0700
US1TXAG0002,20260725,SNOW,0,,,N,0700
US1TXAG0002,20260726,SNOW,0,,,N,0700
US1TXAG0002,20260727,SNOW,0,,,N,0700
US1TXAG0002,20260728,SNOW,0,,,N,0700
US1TXAG0002,20260729,SNOW,0,,,N,0700
US1TXAG0002,20260730,SNOW,0,,,N,0700
US1TXAG0002,20260731,SNOW,0,,,N,0700
US1TXAG0002,20260801,PRCP,0,,,N,0700
US1TXAG0002,20260802,PRCP,0,,,N,0700
US1TXAG0002,20260803,PRCP,0,,,N,0700
US1TXAG0002,20260804,PRCP,0,,,N,0700
US1TXAG0002,20260805,PRCP,0,,,N,0700
US1TXAG0002,20260806,PRCP,0,,,N,0700
US1TXAG0002,20260807,PRCP,0,,,N,0700
US1TXAG0002,20260808,PRCP,0,,,N,0700
US1TXAG0002,20260809,PRCP,0,,,N,0700
US1TXAG0002,20260810,PRCP,89,,,N,0700
US1TXAG0002,20260811,PRCP,0,,,N,0700
US1TXAG0002,20260812,PRCP,0,,,N,0700
US1TXAG0002,20260813,PRCP,0,,,N,0700
US1TXAG0002,20260814,PRCP,0,,,N,0700
US1TXAG0002,20260815,PRCP,0,,,N,0700
US1TXAG0002,20260816,PRCP,0,,,N,0700
US1TXAG0002,20260817,PRCP,0,,,N,0700
US1TXAG0002,20260818,PRCP,0,,,N,0700
US1TXAG0002,20260819,PRCP,0,,,N,0700
US1TXAG0002,20260820,PRCP,0,,,N,0700
US1TXAG0002,20260821,PRCP,0,,,N,0700
US1TXAG0002,20260822,PRCP,0,,,N,0700
US1TXAG0002,20260823,PRCP,23,,,N,0700
US1TXAG0002,20260824,PRCP,0,,,N,0700
US1TXAG0002,20260825,PRCP,0,,,N,0700
US1TXAG0002,20260826,PRCP,0,,,N,0700
US1TXAG0002,20260827,PRCP,61,,,N,0700
US1TXAG0002,20260828,PRCP,0,,,N,0700
US1TXAG0002,20260829,PRCP,0,,,N,0700
US1TXAG0002,20260830,PRCP,0,,,N,0700
US1TXAG0002,20260831,PRCP,0,,,N,0700
US1TXAG0002,20260801,SNOW,0,,,N,0700
US1TXAG0002,20260802,SNOW,0,,,N,0700
US1TXAG0002,20260803,SNOW,0,,,N,0700
US1TXAG0002,20260804,SNOW,0,,,N,0700
US1TXAG0002,20260805,SNOW,0,,,N,0700
US1TXAG0002,20260806,SNOW,0,,,N,0700
US1TXAG0002,20260807,SNOW,0,,,N,0700
US1TXAG0002,20260808,SNOW,0,,,N,0700
US1TXAG0002,20260809,SNOW,0,,,N,0700
US1TXAG0002,20260811,SNOW,0,,,N,0700
US1TXAG0002,20260812,SNOW,0,,,N,0700
US1TXAG0002,20260813,SNOW,0,,,N,0700
US1TXAG0002,20260814,SNOW,0,,,N,0700
US1TXAG0002,20260815,SNOW,0,,,N,0700
US1TXAG0002,20260816,SNOW,0,,,N,0700
US1TXAG0002,20260817,SNOW,0,,,N,0700
US1TXAG0002,20260818,SNOW,0,,,N,0700
US1TXAG0002,20260819,SNOW,0,,,N,0700
US1TXAG0002,20260820,SNOW,0,,,N,0700
US1TXAG0002,20260821,SNOW,0,,,N,0700
US1TXAG0002,20260822,SNOW,0,,,N,0700
US1TXAG0002,20260824,SNOW,0,,,N,0700
US1TXAG0002,20260825,SNOW,0,,,N,0700
US1TXAG0002,20260826,SNOW,0,,,N,0700
US1TXAG0002,20260828,SNOW,0,,,N,0700
US1TXAG0002,20260829,SNOW,0,,,N,0700
US1TXAG0002,20260830,SNOW,0,,,N,0700
US1TXAG0002,20260831,SNOW,0,,,N,0700
US1TXAG0002,20260901,PRCP,0,,,N,0700
US1TXAG0002,20260902,PRCP,239,,,N,0700
US1TXAG0002,20260903,PRCP,813,,,N,0700
US1TXAG0002,20260904,PRCP,8,,,N,0700
US1TXAG0002,20260905,PRCP,0,,,N,
US1TXAG0002,20260906,PRCP,86,,,N,
US1TXAG0002,20260907,PRCP,0,,,N,
US1TXAG0002,20260908,PRCP,0,,,N,
US1TXAG0002,20260909,PRCP,216,,,N,
US1TXAG0002,20260901,SNOW,0,,,N,0700
US1TXAG0002,20260905,SNOW,0,,,N,
US1TXAG0002,20260907,SNOW,0,,,N,
US1TXAG0002,20260908,SNOW,0,,,N,
