ID,DATE,ELEMENT,DATA_VALUE,M_FLAG,Q_FLAG,S_FLAG,OBS_TIME
US1TXAR0014,20180323,PRCP,0,,,N,0900
US1TXAR0014,20180324,PRCP,0,,,N,0900
US1TXAR0014,20180325,PRCP,0,,,N,0900
US1TXAR0014,20180326,PRCP,0,,,N,0900
US1TXAR0014,20180327,PRCP,0,,,N,0900
US1TXAR0014,20180328,PRCP,0,,,N,0900
US1TXAR0014,20180329,PRCP,447,,,N,0900
US1TXAR0014,20180330,PRCP,0,,,N,0900
US1TXAR0014,20180331,PRCP,0,,,N,0900
US1TXAR0014,20180323,SNOW,0,,,N,0900
US1TXAR0014,20180324,SNOW,0,,,N,0900
US1TXAR0014,20180325,SNOW,0,,,N,0900
US1TXAR0014,20180326,SNOW,0,,,N,0900
US1TXAR0014,20180327,SNOW,0,,,N,0900
US1TXAR0014,20180328,SNOW,0,,,N,0900
US1TXAR0014,20180330,SNOW,0,,,N,0900
US1TXAR0014,20180331,SNOW,0,,,N,0900
US1TXAR0014,20180401,PRCP,0,,,N,0900
US1TXAR0014,20180402,PRCP,0,,,N,0900
US1TXAR0014,20180403,PRCP,0,,,N,0900
US1TXAR0014,20180404,PRCP,3,,,N,0730
US1TXAR0014,20180405,PRCP,5,,,N,0800
US1TXAR0014,20180406,PRCP,5,,,N,0900
US1TXAR0014,20180407,PRCP,0,T,,N,0900
US1TXAR0014,20180408,PRCP,0,,,N,0900
US1TXAR0014,20180409,PRCP,18,,,N,0900
US1TXAR0014,20180410,PRCP,8,,,N,0900
US1TXAR0014,20180411,PRCP,0,,,N,0900
US1TXAR0014,20180413,PRCP,0,,,N,0900
US1TXAR0014,20180414,PRCP,38,,,N,0900
US1TXAR0014,20180415,PRCP,3,,,N,0700
US1TXAR0014,20180416,PRCP,0,,,N,0900
US1TXAR0014,20180417,PRCP,0,,,N,0900
US1TXAR0014,20180418,PRCP,0,,,N,0900
US1TXAR0014,20180419,PRCP,0,T,,N,0900
US1TXAR0014,20180420,PRCP,0,,,N,0900
US1TXAR0014,20180421,PRCP,0,,,N,0900
US1TXAR0014,20180422,PRCP,64,,,N,0750
US1TXAR0014,20180423,PRCP,0,,,N,0900
US1TXAR0014,20180424,PRCP,0,,,N,0900
US1TXAR0014,20180401,SNOW,0,,,N,0900
US1TXAR0014,20180402,SNOW,0,,,N,0900
US1TXAR0014,20180403,SNOW,0,,,N,0900
US1TXAR0014,20180408,SNOW,0,,,N,0900
US1TXAR0014,20180411,SNOW,0,,,N,0900
US1TXAR0014,20180413,SNOW,0,,,N,0900
US1TXAR0014,20180416,SNOW,0,,,N,0900
US1TXAR0014,20180417,SNOW,0,,,N,0900
US1TXAR0014,20180418,SNOW,0,,,N,0900
US1TXAR0014,20180420,SNOW,0,,,N,0900
US1TXAR0014,20180421,SNOW,0,,,N,0900
US1TXAR0014,20180423,SNOW,0,,,N,0900
US1TXAR0014,20180424,SNOW,0,,,N,0900
US1TXAR0014,20180501,PRCP,0,,,N,0900
US1TXAR0014,20180502,PRCP,0,,,N,0900
US1TXAR0014,20180503,PRCP,0,,,N,0900
US1TXAR0014,20180504,PRCP,0,,,N,0900
US1TXAR0014,20180506,PRCP,3,,,N,0900
US1TXAR0014,20180507,PRCP,0,,,N,0900
US1TXAR0014,20180508,PRCP,0,,,N,0900
US1TXAR0014,20180509,PRCP,0,,,N,0900
US1TXAR0014,20180510,PRCP,0,,,N,1000
US1TXAR0014,20180511,PRCP,0,,,N,0900
US1TXAR0014,20180512,PRCP,0,,,N,0900
US1TXAR0014,20180513,PRCP,0,,,N,0900
US1TXAR0014,20180514,PRCP,0,,,N,0900
US1TXAR0014,20180515,PRCP,0,,,N,0900
US1TXAR0014,20180516,PRCP,0,,,N,0900
US1TXAR0014,20180517,PRCP,0,,,N,0900
US1TXAR0014,20180518,PRCP,0,,,N,0900
US1TXAR0014,20180519,PRCP,0,,,N,0900
US1TXAR0014,20180520,PRCP,3,,,N,0900
US1TXAR0014,20180521,PRCP,61,,,N,0900
US1TXAR0014,20180522,PRCP,119,,,N,0730
US1TXAR0014,20180523,PRCP,0,,,N,0900
US1TXAR0014,20180524,PRCP,0,,,N,0900
US1TXAR0014,20180525,PRCP,0,,,N,0900
US1TXAR0014,20180526,PRCP,0,,,N,0900
US1TXAR0014,20180527,PRCP,0,,,N,0900
US1TXAR0014,20180528,PRCP,0,,,N,0900
US1TXAR0014,20180529,PRCP,0,,,N,0900
US1TXAR0014,20180530,PRCP,0,,,N,0900
US1TXAR0014,20180531,PRCP,0,,,N,0900
US1TXAR0014,20180501,SNOW,0,,,N,0900
US1TXAR0014,20180502,SNOW,0,,,N,0900
US1TXAR0014,20180503,SNOW,0,,,N,0900
US1TXAR0014,20180504,SNOW,0,,,N,0900
US1TXAR0014,20180507,SNOW,0,,,N,0900
US1TXAR0014,20180508,SNOW,0,,,N,0900
US1TXAR0014,20180509,SNOW,0,,,N,0900
US1TXAR0014,20180510,SNOW,0,,,N,1000
US1TXAR0014,20180511,SNOW,0,,,N,0900
US1TXAR0014,20180512,SNOW,0,,,N,0900
US1TXAR0014,20180513,SNOW,0,,,N,0900
US1TXAR0014,20180514,SNOW,0,,,N,0900
US1TXAR0014,20180515,SNOW,0,,,N,0900
US1TXAR0014,20180516,SNOW,0,,,N,0900
US1TXAR0014,20180517,SNOW,0,,,N,0900
US1TXAR0014,20180518,SNOW,0,,,N,0900
US1TXAR0014,20180519,SNOW,0,,,N,0900
US1TXAR0014,20180523,SNOW,0,,,N,0900
US1TXAR0014,20180524,SNOW,0,,,N,0900
US1TXAR0014,20180525,SNOW,0,,,N,0900
US1TXAR0014,20180526,SNOW,0,,,N,0900
US1TXAR0014,20180527,SNOW,0,,,N,0900
US1TXAR0014,20180528,SNOW,0,,,N,0900
US1TXAR0014,20180529,SNOW,0,,,N,0900
US1TXAR0014,20180530,SNOW,0,,,N,0900
US1TXAR0014,20180531,SNOW,0,,,N,0900
US1TXAR0014,20180601,PRCP,0,,,N,0900
US1TXAR0014,20180602,PRCP,0,,,N,0900
US1TXAR0014,20180603,PRCP,0,,,N,0900
US1TXAR0014,20180604,PRCP,0,,,N,0900
US1TXAR0014,20180605,PRCP,0,,,N,0900
US1TXAR0014,20180606,PRCP,0,,,N,0900
US1TXAR0014,20180607,PRCP,0,,,N,0900
US1TXAR0014,20180608,PRCP,10,,,N,0900
US1TXAR0014,20180609,PRCP,0,,,N,0800
US1TXAR0014,20180610,PRCP,0,,,N,0900
US1TXAR0014,20180611,PRCP,0,,,N,0900
US1TXAR0014,20180612,PRCP,0,,,N,0900
US1TXAR0014,20180613,PRCP,0,,,N,0900
US1TXAR0014,20180614,PRCP,0,,,N,0730
US1TXAR0014,20180615,PRCP,0,,,N,0900
US1TXAR0014,20180616,PRCP,0,,,N,0900
US1TXAR0014,20180617,PRCP,3,,,N,0700
US1TXAR0014,20180618,PRCP,25,,,N,0900
US1TXAR0014,20180619,PRCP,254,,,N,0900
US1TXAR0014,20180620,PRCP,1384,,,N,0900
US1TXAR0014,20180621,PRCP,546,,,N,0900
US1TXAR0014,20180622,PRCP,140,,,N,0630
US1TXAR0014,20180623,PRCP,0,,,N,0900
US1TXAR0014,20180624,PRCP,0,,,N,0900
US1TXAR0014,20180625,PRCP,0,,,N,0900
US1TXAR0014,20180626,PRCP,0,,,N,0900
US1TXAR0014,20180627,PRCP,0,,,N,0900
US1TXAR0014,20180628,PRCP,0,,,N,0900
US1TXAR0014,20180630,PRCP,0,,,N,0900
US1TXAR0014,20180601,SNOW,0,,,N,0900
US1TXAR0014,20180602,SNOW,0,,,N,0900
US1TXAR0014,20180603,SNOW,0,,,N,0900
US1TXAR0014,20180604,SNOW,0,,,N,0900
US1TXAR0014,20180605,SNOW,0,,,N,0900
US1TXAR0014,20180606,SNOW,0,,,N,0900
US1TXAR0014,20180607,SNOW,0,,,N,0900
US1TXAR0014,20180609,SNOW,0,,,N,0800
US1TXAR0014,20180610,SNOW,0,,,N,0900
US1TXAR0014,20180611,SNOW,0,,,N,0900
US1TXAR0014,20180612,SNOW,0,,,N,0900
US1TXAR0014,20180613,SNOW,0,,,N,0900
US1TXAR0014,20180614,SNOW,0,,,N,0730
US1TXAR0014,20180615,SNOW,0,,,N,0900
US1TXAR0014,20180616,SNOW,0,,,N,0900
US1TXAR0014,20180623,SNOW,0,,,N,0900
US1TXAR0014,20180624,SNOW,0,,,N,0900
US1TXAR0014,20180625,SNOW,0,,,N,0900
US1TXAR0014,20180626,SNOW,0,,,N,0900
US1TXAR0014,20180627,SNOW,0,,,N,0900
US1TXAR0014,20180628,SNOW,0,,,N,0900
US1TXAR0014,20180630,SNOW,0,,,N,0900
US1TXAR0014,20180702,PRCP,0,,,N,0900
US1TXAR0014,20180703,PRCP,0,,,N,0900
US1TXAR0014,20180704,PRCP,0,,,N,0900
US1TXAR0014,20180705,PRCP,46,,,N,0900
US1TXAR0014,20180706,PRCP,0,T,,N,0900
US1TXAR0014,20180707,PRCP,284,,,N,0900
US1TXAR0014,20180708,PRCP,10,,,N,0815
US1TXAR0014,20180709,PRCP,74,,,N,0805
US1TXAR0014,20180710,PRCP,0,,,N,0900
US1TXAR0014,20180711,PRCP,0,,,N,1215
US1TXAR0014,20180712,PRCP,0,,,N,0900
US1TXAR0014,20180713,PRCP,0,,,N,0900
US1TXAR0014,20180714,PRCP,0,,,N,0900
US1TXAR0014,20180715,PRCP,0,,,N,0808
US1TXAR0014,20180716,PRCP,0,,,N,0900
US1TXAR0014,20180717,PRCP,0,,,N,0900
US1TXAR0014,20180718,PRCP,0,,,N,0900
US1TXAR0014,20180719,PRCP,0,,,N,0900
US1TXAR0014,20180720,PRCP,0,,,N,0900
US1TXAR0014,20180721,PRCP,0,,,N,0900
US1TXAR0014,20180722,PRCP,0,,,N,0900
US1TXAR0014,20180723,PRCP,0,,,N,1200
US1TXAR0014,20180724,PRCP,0,,,N,0900
US1TXAR0014,20180725,PRCP,0,,,N,0900
US1TXAR0014,20180726,PRCP,0,,,N,0900
US1TXAR0014,20180727,PRCP,0,,,N,0900
US1TXAR0014,20180728,PRCP,0,,,N,0900
US1TXAR0014,20180729,PRCP,0,,,N,0722
US1TXAR0014,20180730,PRCP,0,,,N,0900
US1TXAR0014,20180731,PRCP,0,,,N,0900
US1TXAR0014,20180702,SNOW,0,,,N,0900
US1TXAR0014,20180703,SNOW,0,,,N,0900
US1TXAR0014,20180704,SNOW,0,,,N,0900
US1TXAR0014,20180710,SNOW,0,,,N,0900
US1TXAR0014,20180711,SNOW,0,,,N,1215
US1TXAR0014,20180712,SNOW,0,,,N,0900
US1TXAR0014,20180713,SNOW,0,,,N,0900
US1TXAR0014,20180714,SNOW,0,,,N,0900
US1TXAR0014,20180715,SNOW,0,,,N,0808
US1TXAR0014,20180716,SNOW,0,,,N,0900
US1TXAR0014,20180717,SNOW,0,,,N,0900
US1TXAR0014,20180718,SNOW,0,,,N,0900
US1TXAR0014,20180719,SNOW,0,,,N,0900
US1TXAR0014,20180720,SNOW,0,,,N,0900
US1TXAR0014,20180721,SNOW,0,,,N,0900
US1TXAR0014,20180722,SNOW,0,,,N,0900
US1TXAR0014,20180723,SNOW,0,,,N,1200
US1TXAR0014,20180724,SNOW,0,,,N,0900
US1TXAR0014,20180725,SNOW,0,,,N,0900
US1TXAR0014,20180726,SNOW,0,,,N,0900
US1TXAR0014,20180727,SNOW,0,,,N,0900
US1TXAR0014,20180728,SNOW,0,,,N,0900
US1TXAR0014,20180729,SNOW,0,,,N,0722
US1TXAR0014,20180730,SNOW,0,,,N,0900
US1TXAR0014,20180731,SNOW,0,,,N,0900
US1TXAR0014,20180801,PRCP,43,,,N,0645
US1TXAR0014,20180802,PRCP,0,,,N,0900
US1TXAR0014,20180803,PRCP,0,,,N,0900
US1TXAR0014,20180804,PRCP,0,,,N,0900
US1TXAR0014,20180805,PRCP,0,,,N,0900
US1TXAR0014,20180806,PRCP,0,,,N,0900
US1TXAR0014,20180807,PRCP,429,,,N,0900
US1TXAR0014,20180808,PRCP,0,,,N,0900
US1TXAR0014,20180809,PRCP,0,,,N,0900
US1TXAR0014,20180810,PRCP,0,,,N,0900
US1TXAR0014,20180811,PRCP,0,,,N,0900
US1TXAR0014,20180812,PRCP,0,,,N,0715
US1TXAR0014,20180813,PRCP,0,,,N,0900
US1TXAR0014,20180814,PRCP,0,,,N,1100
US1TXAR0014,20180815,PRCP,0,,,N,0900
US1TXAR0014,20180816,PRCP,0,,,N,0900
US1TXAR0014,20180817,PRCP,0,,,N,0900
US1TXAR0014,20180818,PRCP,0,,,N,0900
US1TXAR0014,20180819,PRCP,0,,,N,0800
US1TXAR0014,20180820,PRCP,0,,,N,0900
US1TXAR0014,20180821,PRCP,0,,,N,0900
US1TXAR0014,20180822,PRCP,0,,,N,0900
US1TXAR0014,20180823,PRCP,0,,,N,0900
US1TXAR0014,20180824,PRCP,0,,,N,0900
US1TXAR0014,20180825,PRCP,0,,,N,0900
US1TXAR0014,20180826,PRCP,0,,,N,0900
US1TXAR0014,20180827,PRCP,0,,,N,0900
US1TXAR0014,20180828,PRCP,0,,,N,0900
US1TXAR0014,20180829,PRCP,0,,,N,1000
US1TXAR0014,20180830,PRCP,0,,,N,0900
US1TXAR0014,20180831,PRCP,0,,,N,0900
US1TXAR0014,20180802,SNOW,0,,,N,0900
US1TXAR0014,20180803,SNOW,0,,,N,0900
US1TXAR0014,20180804,SNOW,0,,,N,0900
US1TXAR0014,20180805,SNOW,0,,,N,0900
US1TXAR0014,20180806,SNOW,0,,,N,0900
US1TXAR0014,20180808,SNOW,0,,,N,0900
US1TXAR0014,20180809,SNOW,0,,,N,0900
US1TXAR0014,20180810,SNOW,0,,,N,0900
US1TXAR0014,20180811,SNOW,0,,,N,0900
US1TXAR0014,20180812,SNOW,0,,,N,0715
US1TXAR0014,20180813,SNOW,0,,,N,0900
US1TXAR0014,20180814,SNOW,0,,,N,1100
US1TXAR0014,20180815,SNOW,0,,,N,0900
US1TXAR0014,20180816,SNOW,0,,,N,0900
US1TXAR0014,20180817,SNOW,0,,,N,0900
US1TXAR0014,20180818,SNOW,0,,,N,0900
US1TXAR0014,20180819,SNOW,0,,,N,0800
US1TXAR0014,20180820,SNOW,0,,,N,0900
US1TXAR0014,20180821,SNOW,0,,,N,0900
US1TXAR0014,20180822,SNOW,0,,,N,0900
US1TXAR0014,20180823,SNOW,0,,,N,0900
US1TXAR0014,20180824,SNOW,0,,,N,0900
US1TXAR0014,20180825,SNOW,0,,,N,0900
US1TXAR0014,20180826,SNOW,0,,,N,0900
US1TXAR0014,20180827,SNOW,0,,,N,0900
US1TXAR0014,20180828,SNOW,0,,,N,0900
US1TXAR0014,20180829,SNOW,0,,,N,1000
US1TXAR0014,20180830,SNOW,0,,,N,0900
US1TXAR0014,20180831,SNOW,0,,,N,0900
US1TXAR0014,20180901,PRCP,33,,,N,0900
US1TXAR0014,20180902,PRCP,157,,,N,0900
US1TXAR0014,20180903,PRCP,84,,,N,0900
US1TXAR0014,20180904,PRCP,10,,,N,0900
US1TXAR0014,20180905,PRCP,79,,,N,0730
US1TXAR0014,20180906,PRCP,58,,,N,1000
US1TXAR0014,20180907,PRCP,58,,,N,0900
US1TXAR0014,20180908,PRCP,0,,,N,0900
US1TXAR0014,20180909,PRCP,10,,,N,0900
US1TXAR0014,20180910,PRCP,1588,,,N,0900
US1TXAR0014,20180911,PRCP,284,,,N,0900
US1TXAR0014,20180912,PRCP,632,,,N,0900
US1TXAR0014,20180913,PRCP,107,,,N,0900
US1TXAR0014,20180914,PRCP,102,,,N,0900
US1TXAR0014,20180915,PRCP,1605,,,N,0900
US1TXAR0014,20180916,PRCP,851,,,N,0900
US1TXAR0014,20180917,PRCP,239,,,N,0900
US1TXAR0014,20180918,PRCP,0,,,N,0900
US1TXAR0014,20180919,PRCP,0,,,N,0900
US1TXAR0014,20180920,PRCP,15,,,N,0900
US1TXAR0014,20180921,PRCP,0,T,,N,0900
US1TXAR0014,20180922,PRCP,13,,,N,0900
US1TXAR0014,20180923,PRCP,0,T,,N,0900
US1TXAR0014,20180924,PRCP,0,,,N,0900
US1TXAR0014,20180925,PRCP,0,T,,N,0900
US1TXAR0014,20180926,PRCP,0,,,N,0900
US1TXAR0014,20180927,PRCP,739,,,N,0900
US1TXAR0014,20180928,PRCP,5,,,N,0900
US1TXAR0014,20180929,PRCP,25,,,N,0900
US1TXAR0014,20180908,SNOW,0,,,N,0900
US1TXAR0014,20180918,SNOW,0,,,N,0900
US1TXAR0014,20180919,SNOW,0,,,N,0900
US1TXAR0014,20180924,SNOW,0,,,N,0900
US1TXAR0014,20180926,SNOW,0,,,N,0900
US1TXAR0014,20181001,PRCP,53,,,N,0900
US1TXAR0014,20181002,PRCP,0,T,,N,0900
US1TXAR0014,20181003,PRCP,3,,,N,0900
US1TXAR0014,20181004,PRCP,0,T,,N,0900
US1TXAR0014,20181005,PRCP,0,,,N,0900
US1TXAR0014,20181006,PRCP,0,,,N,0900
US1TXAR0014,20181007,PRCP,18,,,N,0730
US1TXAR0014,20181008,PRCP,20,,,N,0900
US1TXAR0014,20181009,PRCP,99,,,N,0900
US1TXAR0014,20181010,PRCP,241,,,N,0900
US1TXAR0014,20181011,PRCP,0,,,N,0900
US1TXAR0014,20181012,PRCP,0,,,N,0900
US1TXAR0014,20181013,PRCP,48,,,N,0900
US1TXAR0014,20181014,PRCP,0,T,,N,0900
US1TXAR0014,20181015,PRCP,0,,,N,0900
US1TXAR0014,20181016,PRCP,28,,,N,0900
US1TXAR0014,20181017,PRCP,0,T,,N,0900
US1TXAR0014,20181018,PRCP,0,,,N,0900
US1TXAR0014,20181019,PRCP,429,,,N,0900
US1TXAR0014,20181020,PRCP,145,,,N,0900
US1TXAR0014,20181021,PRCP,5,,,N,0700
US1TXAR0014,20181022,PRCP,3,,,N,0900
US1TXAR0014,20181023,PRCP,8,,,N,0800
US1TXAR0014,20181024,PRCP,28,,,N,0900
US1TXAR0014,20181025,PRCP,51,,,N,0930
US1TXAR0014,20181026,PRCP,0,T,,N,0900
US1TXAR0014,20181027,PRCP,0,,,N,0900
US1TXAR0014,20181030,PRCP,0,,,N,0900
US1TXAR0014,20181031,PRCP,0,T,,N,0900
US1TXAR0014,20181005,SNOW,0,,,N,0900
US1TXAR0014,20181006,SNOW,0,,,N,0900
US1TXAR0014,20181011,SNOW,0,,,N,0900
US1TXAR0014,20181012,SNOW,0,,,N,0900
US1TXAR0014,20181015,SNOW,0,,,N,0900
US1TXAR0014,20181018,SNOW,0,,,N,0900
US1TXAR0014,20181027,SNOW,0,,,N,0900
US1TXAR0014,20181030,SNOW,0,,,N,0900
US1TXAR0014,20181029,DAPR,2,,,N,0900
US1TXAR0014,20181029,MDPR,0,,,N,0900
US1TXAR0014,20181029,WESD,0,,,N,0900
US1TXAR0014,20181101,PRCP,13,,,N,0900
US1TXAR0014,20181102,PRCP,0,,,N,0900
US1TXAR0014,20181104,PRCP,0,,,N,0900
US1TXAR0014,20181105,PRCP,3,,,N,0900
US1TXAR0014,20181106,PRCP,0,,,N,0900
US1TXAR0014,20181107,PRCP,3,,,N,0900
US1TXAR0014,20181109,PRCP,0,T,,N,0900
US1TXAR0014,20181110,PRCP,368,,,N,0900
US1TXAR0014,20181111,PRCP,0,T,,N,0900
US1TXAR0014,20181112,PRCP,58,,,N,0900
US1TXAR0014,20181113,PRCP,0,T,,N,0900
US1TXAR0014,20181114,PRCP,0,,,N,0900
US1TXAR0014,20181115,PRCP,0,,,N,0900
US1TXAR0014,20181116,PRCP,0,,,N,0900
US1TXAR0014,20181117,PRCP,0,,,N,0900
US1TXAR0014,20181118,PRCP,8,,,N,0650
US1TXAR0014,20181119,PRCP,302,,,N,0900
US1TXAR0014,20181120,PRCP,0,T,,N,0900
US1TXAR0014,20181121,PRCP,0,T,,N,0900
US1TXAR0014,20181122,PRCP,61,,,N,0900
US1TXAR0014,20181123,PRCP,3,,,N,0900
US1TXAR0014,20181124,PRCP,0,T,,N,0900
US1TXAR0014,20181125,PRCP,0,T,,N,0700
US1TXAR0014,20181126,PRCP,0,,,N,0900
US1TXAR0014,20181127,PRCP,0,,,N,0900
US1TXAR0014,20181128,PRCP,0,,,N,0900
US1TXAR0014,20181129,PRCP,0,,,N,0900
US1TXAR0014,20181130,PRCP,3,,,N,0900
US1TXAR0014,20181102,SNOW,0,,,N,0900
US1TXAR0014,20181104,SNOW,0,,,N,0900
US1TXAR0014,20181106,SNOW,0,,,N,0900
US1TXAR0014,20181114,SNOW,0,,,N,0900
US1TXAR0014,20181115,SNOW,0,,,N,0900
US1TXAR0014,20181116,SNOW,0,,,N,0900
US1TXAR0014,20181117,SNOW,0,,,N,0900
US1TXAR0014,20181120,SNOW,0,,,N,0900
US1TXAR0014,20181126,SNOW,0,,,N,0900
US1TXAR0014,20181127,SNOW,0,,,N,0900
US1TXAR0014,20181128,SNOW,0,,,N,0900
US1TXAR0014,20181129,SNOW,0,,,N,0900
US1TXAR0014,20181201,PRCP,0,T,,N,0900
US1TXAR0014,20181202,PRCP,0,T,,N,0900
US1TXAR0014,20181203,PRCP,0,,,N,0900
US1TXAR0014,20181204,PRCP,0,,,N,0900
US1TXAR0014,20181205,PRCP,0,,,N,0900
US1TXAR0014,20181206,PRCP,0,,,N,0900
US1TXAR0014,20181207,PRCP,0,T,,N,0900
US1TXAR0014,20181208,PRCP,124,,,N,0700
US1TXAR0014,20181209,PRCP,36,,,N,0900
US1TXAR0014,20181210,PRCP,0,,,N,0900
US1TXAR0014,20181211,PRCP,0,,,N,0900
US1TXAR0014,20181212,PRCP,0,,,N,0900
US1TXAR0014,20181213,PRCP,5,,,N,0900
US1TXAR0014,20181214,PRCP,0,,,N,0900
US1TXAR0014,20181215,PRCP,0,,,N,0900
US1TXAR0014,20181216,PRCP,0,,,N,0900
US1TXAR0014,20181217,PRCP,0,,,N,0900
US1TXAR0014,20181218,PRCP,0,,,N,0900
US1TXAR0014,20181219,PRCP,3,,,N,0900
US1TXAR0014,20181220,PRCP,3,,,N,0900
US1TXAR0014,20181221,PRCP,0,,,N,0900
US1TXAR0014,20181222,PRCP,0,,,N,0900
US1TXAR0014,20181223,PRCP,0,,,N,0900
US1TXAR0014,20181224,PRCP,0,,,N,0730
US1TXAR0014,20181225,PRCP,0,,,N,0900
US1TXAR0014,20181226,PRCP,0,,,N,0900
US1TXAR0014,20181227,PRCP,0,T,,N,0730
US1TXAR0014,20181228,PRCP,0,,,N,0900
US1TXAR0014,20181229,PRCP,0,,,N,0900
US1TXAR0014,20181230,PRCP,0,,,N,0900
US1TXAR0014,20181231,PRCP,18,,,N,0900
US1TXAR0014,20181203,SNOW,0,,,N,0900
US1TXAR0014,20181204,SNOW,0,,,N,0900
US1TXAR0014,20181205,SNOW,0,,,N,0900
US1TXAR0014,20181206,SNOW,0,,,N,0900
US1TXAR0014,20181210,SNOW,0,,,N,0900
US1TXAR0014,20181211,SNOW,0,,,N,0900
US1TXAR0014,20181212,SNOW,0,,,N,0900
US1TXAR0014,20181214,SNOW,0,,,N,0900
US1TXAR0014,20181215,SNOW,0,,,N,0900
US1TXAR0014,20181216,SNOW,0,,,N,0900
US1TXAR0014,20181217,SNOW,0,,,N,0900
US1TXAR0014,20181218,SNOW,0,,,N,0900
US1TXAR0014,20181221,SNOW,0,,,N,0900
US1TXAR0014,20181222,SNOW,0,,,N,0900
US1TXAR0014,20181223,SNOW,0,,,N,0900
US1TXAR0014,20181224,SNOW,0,,,N,0730
US1TXAR0014,20181225,SNOW,0,,,N,0900
US1TXAR0014,20181226,SNOW,0,,,N,0900
US1TXAR0014,20181228,SNOW,0,,,N,0900
US1TXAR0014,20181229,SNOW,0,,,N,0900
US1TXAR0014,20181230,SNOW,0,,,N,0900
US1TXAR0014,20190101,PRCP,0,T,,N,0900
US1TXAR0014,20190102,PRCP,28,,,N,0745
US1TXAR0014,20190103,PRCP,48,,,N,0900
US1TXAR0014,20190104,PRCP,0,,,N,0900
US1TXAR0014,20190105,PRCP,0,,,N,0900
US1TXAR0014,20190106,PRCP,0,,,N,0900
US1TXAR0014,20190107,PRCP,0,,,N,0900
US1TXAR0014,20190108,PRCP,0,,,N,0900
US1TXAR0014,20190112,PRCP,244,,,N,0900
US1TXAR0014,20190113,PRCP,0,,,N,0715
US1TXAR0014,20190114,PRCP,0,,,N,0900
US1TXAR0014,20190115,PRCP,0,,,N,0700
US1TXAR0014,20190116,PRCP,122,,,N,0900
US1TXAR0014,20190117,PRCP,3,,,N,0900
US1TXAR0014,20190118,PRCP,5,,,N,0800
US1TXAR0014,20190119,PRCP,5,,,N,0700
US1TXAR0014,20190120,PRCP,0,,,N,0700
US1TXAR0014,20190121,PRCP,0,,,N,0700
US1TXAR0014,20190122,PRCP,0,,,N,0800
US1TXAR0014,20190123,PRCP,152,,,N,0800
US1TXAR0014,20190124,PRCP,0,,,N,0700
US1TXAR0014,20190125,PRCP,0,,,N,0800
US1TXAR0014,20190126,PRCP,0,,,N,0700
US1TXAR0014,20190127,PRCP,36,,,N,0700
US1TXAR0014,20190128,PRCP,8,,,N,0700
US1TXAR0014,20190129,PRCP,0,,,N,0700
US1TXAR0014,20190130,PRCP,0,,,N,0900
US1TXAR0014,20190131,PRCP,5,,,N,0800
US1TXAR0014,20190104,SNOW,0,,,N,0900
US1TXAR0014,20190105,SNOW,0,,,N,0900
US1TXAR0014,20190106,SNOW,0,,,N,0900
US1TXAR0014,20190107,SNOW,0,,,N,0900
US1TXAR0014,20190108,SNOW,0,,,N,0900
US1TXAR0014,20190113,SNOW,0,,,N,0715
US1TXAR0014,20190114,SNOW,0,,,N,0900
US1TXAR0014,20190115,SNOW,0,,,N,0700
US1TXAR0014,20190117,SNOW,0,,,N,0900
US1TXAR0014,20190120,SNOW,0,,,N,0700
US1TXAR0014,20190121,SNOW,0,,,N,0700
US1TXAR0014,20190122,SNOW,0,,,N,0800
US1TXAR0014,20190124,SNOW,0,,,N,0700
US1TXAR0014,20190125,SNOW,0,,,N,0800
US1TXAR0014,20190126,SNOW,0,,,N,0700
US1TXAR0014,20190129,SNOW,0,,,N,0700
US1TXAR0014,20190130,SNOW,0,,,N,0900
US1TXAR0014,20190201,PRCP,104,,,N,0800
US1TXAR0014,20190202,PRCP,0,,,N,0900
US1TXAR0014,20190203,PRCP,137,,,N,0900
US1TXAR0014,20190204,PRCP,0,T,,N,0800
US1TXAR0014,20190205,PRCP,0,,,N,0900
US1TXAR0014,20190206,PRCP,0,,,N,0900
US1TXAR0014,20190207,PRCP,0,,,N,0800
US1TXAR0014,20190208,PRCP,13,,,N,0900
US1TXAR0014,20190209,PRCP,18,,,N,0900
US1TXAR0014,20190210,PRCP,36,,,N,0700
US1TXAR0014,20190211,PRCP,0,T,,N,0800
US1TXAR0014,20190212,PRCP,15,,,N,0900
US1TXAR0014,20190213,PRCP,0,,,N,0500
US1TXAR0014,20190215,PRCP,0,,,N,0900
US1TXAR0014,20190216,PRCP,0,,,N,0700
US1TXAR0014,20190217,PRCP,0,T,,N,0700
US1TXAR0014,20190218,PRCP,13,,,N,0900
US1TXAR0014,20190219,PRCP,13,,,N,0700
US1TXAR0014,20190220,PRCP,10,,,N,0900
US1TXAR0014,20190221,PRCP,0,,,N,0800
US1TXAR0014,20190222,PRCP,0,T,,N,0900
US1TXAR0014,20190223,PRCP,5,,,N,0700
US1TXAR0014,20190224,PRCP,0,,,N,0700
US1TXAR0014,20190225,PRCP,0,,,N,0800
US1TXAR0014,20190226,PRCP,18,,,N,0700
US1TXAR0014,20190227,PRCP,10,,,N,0700
US1TXAR0014,20190228,PRCP,0,T,,N,0700
US1TXAR0014,20190202,SNOW,0,,,N,0900
US1TXAR0014,20190205,SNOW,0,,,N,0900
US1TXAR0014,20190206,SNOW,0,,,N,0900
US1TXAR0014,20190207,SNOW,0,,,N,0800
US1TXAR0014,20190213,SNOW,0,,,N,0500
US1TXAR0014,20190215,SNOW,0,,,N,0900
US1TXAR0014,20190216,SNOW,0,,,N,0700
US1TXAR0014,20190221,SNOW,0,,,N,0800
US1TXAR0014,20190224,SNOW,0,,,N,0700
US1TXAR0014,20190225,SNOW,0,,,N,0800
US1TXAR0014,20190301,PRCP,8,,,N,0700
US1TXAR0014,20190302,PRCP,5,,,N,0900
US1TXAR0014,20190303,PRCP,3,,,N,0900
US1TXAR0014,20190304,PRCP,5,,,N,0700
US1TXAR0014,20190305,PRCP,0,,,N,0900
US1TXAR0014,20190306,PRCP,0,,,N,0700
US1TXAR0014,20190307,PRCP,0,,,N,0800
US1TXAR0014,20190308,PRCP,10,,,N,0700
US1TXAR0014,20190309,PRCP,0,,,N,0800
US1TXAR0014,20190310,PRCP,0,T,,N,0700
US1TXAR0014,20190311,PRCP,3,,,N,0900
US1TXAR0014,20190312,PRCP,0,T,,N,0800
US1TXAR0014,20190313,PRCP,0,,,N,0700
US1TXAR0014,20190314,PRCP,0,,,N,0900
US1TXAR0014,20190315,PRCP,0,,,N,0700
US1TXAR0014,20190316,PRCP,0,,,N,0700
US1TXAR0014,20190317,PRCP,41,,,N,0700
US1TXAR0014,20190318,PRCP,5,,,N,0700
US1TXAR0014,20190319,PRCP,0,T,,N,0700
US1TXAR0014,20190320,PRCP,0,,,N,0700
US1TXAR0014,20190321,PRCP,0,T,,N,0900
US1TXAR0014,20190322,PRCP,0,,,N,0700
US1TXAR0014,20190323,PRCP,0,,,N,0900
US1TXAR0014,20190324,PRCP,0,,,N,0700
US1TXAR0014,20190325,PRCP,3,,,N,0700
US1TXAR0014,20190326,PRCP,0,,,N,0800
US1TXAR0014,20190327,PRCP,0,,,N,0800
US1TXAR0014,20190328,PRCP,0,,,N,0700
US1TXAR0014,20190329,PRCP,0,,,N,0800
US1TXAR0014,20190331,PRCP,84,,,N,0700
US1TXAR0014,20190305,SNOW,0,,,N,0900
US1TXAR0014,20190306,SNOW,0,,,N,0700
US1TXAR0014,20190307,SNOW,0,,,N,0800
US1TXAR0014,20190309,SNOW,0,,,N,0800
US1TXAR0014,20190313,SNOW,0,,,N,0700
US1TXAR0014,20190314,SNOW,0,,,N,0900
US1TXAR0014,20190315,SNOW,0,,,N,0700
US1TXAR0014,20190316,SNOW,0,,,N,0700
US1TXAR0014,20190320,SNOW,0,,,N,0700
US1TXAR0014,20190322,SNOW,0,,,N,0700
US1TXAR0014,20190323,SNOW,0,,,N,0900
US1TXAR0014,20190324,SNOW,0,,,N,0700
US1TXAR0014,20190326,SNOW,0,,,N,0800
US1TXAR0014,20190327,SNOW,0,,,N,0800
US1TXAR0014,20190328,SNOW,0,,,N,0700
US1TXAR0014,20190329,SNOW,0,,,N,0800
US1TXAR0014,20190401,PRCP,112,,,N,0700
US1TXAR0014,20190402,PRCP,3,,,N,0900
US1TXAR0014,20190403,PRCP,0,,,N,0900
US1TXAR0014,20190404,PRCP,5,,,N,0900
US1TXAR0014,20190405,PRCP,5,,,N,0700
US1TXAR0014,20190406,PRCP,0,T,,N,0700
US1TXAR0014,20190407,PRCP,10,,,N,0700
US1TXAR0014,20190408,PRCP,328,,,N,0900
US1TXAR0014,20190409,PRCP,0,,,N,0900
US1TXAR0014,20190410,PRCP,0,,,N,0700
US1TXAR0014,20190411,PRCP,0,,,N,0600
US1TXAR0014,20190412,PRCP,8,,,N,0700
US1TXAR0014,20190413,PRCP,0,,,N,0700
US1TXAR0014,20190414,PRCP,0,,,N,0700
US1TXAR0014,20190415,PRCP,0,,,N,0700
US1TXAR0014,20190417,PRCP,0,,,N,0700
US1TXAR0014,20190418,PRCP,312,,,N,0900
US1TXAR0014,20190419,PRCP,0,,,N,0900
US1TXAR0014,20190420,PRCP,0,,,N,0900
US1TXAR0014,20190421,PRCP,0,,,N,0700
US1TXAR0014,20190422,PRCP,0,,,N,0800
US1TXAR0014,20190423,PRCP,0,,,N,0800
US1TXAR0014,20190424,PRCP,0,,,N,0800
US1TXAR0014,20190425,PRCP,8,,,N,0900
US1TXAR0014,20190426,PRCP,0,,,N,0700
US1TXAR0014,20190427,PRCP,0,,,N,0800
US1TXAR0014,20190429,PRCP,0,,,N,0700
US1TXAR0014,20190430,PRCP,0,,,N,0900
US1TXAR0014,20190403,SNOW,0,,,N,0900
US1TXAR0014,20190409,SNOW,0,,,N,0900
US1TXAR0014,20190410,SNOW,0,,,N,0700
US1TXAR0014,20190411,SNOW,0,,,N,0600
US1TXAR0014,20190413,SNOW,0,,,N,0700
US1TXAR0014,20190414,SNOW,0,,,N,0700
US1TXAR0014,20190415,SNOW,0,,,N,0700
US1TXAR0014,20190417,SNOW,0,,,N,0700
US1TXAR0014,20190419,SNOW,0,,,N,0900
US1TXAR0014,20190420,SNOW,0,,,N,0900
US1TXAR0014,20190421,SNOW,0,,,N,0700
US1TXAR0014,20190422,SNOW,0,,,N,0800
US1TXAR0014,20190423,SNOW,0,,,N,0800
US1TXAR0014,20190424,SNOW,0,,,N,0800
US1TXAR0014,20190426,SNOW,0,,,N,0700
US1TXAR0014,20190427,SNOW,0,,,N,0800
US1TXAR0014,20190429,SNOW,0,,,N,0700
US1TXAR0014,20190430,SNOW,0,,,N,0900
US1TXAR0014,20190501,PRCP,0,,,N,0700
US1TXAR0014,20190503,PRCP,0,,,N,0900
US1TXAR0014,20190504,PRCP,284,,,N,0900
US1TXAR0014,20190505,PRCP,0,,,N,0900
US1TXAR0014,20190507,PRCP,58,,,N,0900
US1TXAR0014,20190508,PRCP,0,,,N,0900
US1TXAR0014,20190510,PRCP,889,,,N,0900
US1TXAR0014,20190511,PRCP,8,,,N,0900
US1TXAR0014,20190512,PRCP,20,,,N,0700
US1TXAR0014,20190513,PRCP,0,,,N,0900
US1TXAR0014,20190515,PRCP,0,,,N,0900
US1TXAR0014,20190516,PRCP,0,,,N,0900
US1TXAR0014,20190517,PRCP,0,,,N,0900
US1TXAR0014,20190518,PRCP,0,,,N,0900
US1TXAR0014,20190519,PRCP,0,,,N,0700
US1TXAR0014,20190520,PRCP,0,,,N,0900
US1TXAR0014,20190523,PRCP,0,T,,N,0900
US1TXAR0014,20190524,PRCP,0,,,N,0900
US1TXAR0014,20190525,PRCP,0,T,,N,0900
US1TXAR0014,20190526,PRCP,0,,,N,0900
US1TXAR0014,20190527,PRCP,0,,,N,0900
US1TXAR0014,20190528,PRCP,0,,,N,0900
US1TXAR0014,20190529,PRCP,0,,,N,0900
US1TXAR0014,20190530,PRCP,0,T,,N,0800
US1TXAR0014,20190531,PRCP,0,,,N,0900
US1TXAR0014,20190501,SNOW,0,,,N,0700
US1TXAR0014,20190503,SNOW,0,,,N,0900
US1TXAR0014,20190505,SNOW,0,,,N,0900
US1TXAR0014,20190508,SNOW,0,,,N,0900
US1TXAR0014,20190513,SNOW,0,,,N,0900
US1TXAR0014,20190515,SNOW,0,,,N,0900
US1TXAR0014,20190516,SNOW,0,,,N,0900
US1TXAR0014,20190517,SNOW,0,,,N,0900
US1TXAR0014,20190518,SNOW,0,,,N,0900
US1TXAR0014,20190519,SNOW,0,,,N,0700
US1TXAR0014,20190520,SNOW,0,,,N,0900
US1TXAR0014,20190524,SNOW,0,,,N,0900
US1TXAR0014,20190526,SNOW,0,,,N,0900
US1TXAR0014,20190527,SNOW,0,,,N,0900
US1TXAR0014,20190528,SNOW,0,,,N,0900
US1TXAR0014,20190529,SNOW,0,,,N,0900
US1TXAR0014,20190531,SNOW,0,,,N,0900
US1TXAR0014,20190602,PRCP,3,,,N,0900
US1TXAR0014,20190603,PRCP,0,,,N,0900
US1TXAR0014,20190604,PRCP,0,,,N,0900
US1TXAR0014,20190605,PRCP,719,,,N,0900
US1TXAR0014,20190609,PRCP,0,,,N,0900
US1TXAR0014,20190610,PRCP,0,,,N,0900
US1TXAR0014,20190611,PRCP,0,,,N,0900
US1TXAR0014,20190612,PRCP,117,,,N,0700
US1TXAR0014,20190613,PRCP,15,,,N,0900
US1TXAR0014,20190615,PRCP,0,,,N,0900
US1TXAR0014,20190616,PRCP,0,T,,N,0900
US1TXAR0014,20190617,PRCP,191,,,N,0900
US1TXAR0014,20190618,PRCP,0,,,N,0900
US1TXAR0014,20190619,PRCP,0,,,N,0900
US1TXAR0014,20190620,PRCP,0,,,N,0900
US1TXAR0014,20190622,PRCP,0,,,N,0900
US1TXAR0014,20190623,PRCP,0,,,N,0900
US1TXAR0014,20190624,PRCP,0,,,N,0900
US1TXAR0014,20190625,PRCP,71,,,N,0900
US1TXAR0014,20190626,PRCP,20,,,N,0900
US1TXAR0014,20190627,PRCP,0,,,N,0900
US1TXAR0014,20190628,PRCP,0,,,N,0900
US1TXAR0014,20190629,PRCP,0,,,N,0900
US1TXAR0014,20190630,PRCP,0,,,N,0800
US1TXAR0014,20190603,SNOW,0,,,N,0900
US1TXAR0014,20190604,SNOW,0,,,N,0900
US1TXAR0014,20190609,SNOW,0,,,N,0900
US1TXAR0014,20190610,SNOW,0,,,N,0900
US1TXAR0014,20190611,SNOW,0,,,N,0900
US1TXAR0014,20190615,SNOW,0,,,N,0900
US1TXAR0014,20190618,SNOW,0,,,N,0900
US1TXAR0014,20190619,SNOW,0,,,N,0900
US1TXAR0014,20190620,SNOW,0,,,N,0900
US1TXAR0014,20190622,SNOW,0,,,N,0900
US1TXAR0014,20190623,SNOW,0,,,N,0900
US1TXAR0014,20190624,SNOW,0,,,N,0900
US1TXAR0014,20190627,SNOW,0,,,N,0900
US1TXAR0014,20190628,SNOW,0,,,N,0900
US1TXAR0014,20190629,SNOW,0,,,N,0900
US1TXAR0014,20190630,SNOW,0,,,N,0800
US1TXAR0014,20190702,PRCP,5,,,N,0900
US1TXAR0014,20190703,PRCP,18,,,N,0900
US1TXAR0014,20190704,PRCP,3,,,N,0900
US1TXAR0014,20190705,PRCP,0,,,N,0900
US1TXAR0014,20190706,PRCP,0,,,N,0900
US1TXAR0014,20190707,PRCP,0,,,N,0840
US1TXAR0014,20190708,PRCP,0,,,N,0900
US1TXAR0014,20190709,PRCP,0,,,N,0900
US1TXAR0014,20190710,PRCP,0,,,N,0900
US1TXAR0014,20190711,PRCP,0,,,N,0900
US1TXAR0014,20190712,PRCP,0,,,N,0900
US1TXAR0014,20190713,PRCP,0,,,N,0900
US1TXAR0014,20190714,PRCP,0,,,N,0900
US1TXAR0014,20190715,PRCP,0,,,N,0900
US1TXAR0014,20190716,PRCP,0,,,N,0900
US1TXAR0014,20190718,PRCP,0,,,N,0900
US1TXAR0014,20190719,PRCP,0,,,N,0900
US1TXAR0014,20190720,PRCP,0,,,N,0900
US1TXAR0014,20190722,PRCP,0,,,N,0900
US1TXAR0014,20190723,PRCP,0,,,N,0900
US1TXAR0014,20190724,PRCP,61,,,N,0800
US1TXAR0014,20190725,PRCP,0,,,N,0900
US1TXAR0014,20190726,PRCP,0,,,N,0900
US1TXAR0014,20190727,PRCP,0,,,N,0900
US1TXAR0014,20190728,PRCP,0,,,N,0900
US1TXAR0014,20190729,PRCP,3,,,N,0900
US1TXAR0014,20190730,PRCP,0,,,N,0900
US1TXAR0014,20190731,PRCP,0,,,N,0900
US1TXAR0014,20190705,SNOW,0,,,N,0900
US1TXAR0014,20190706,SNOW,0,,,N,0900
US1TXAR0014,20190707,SNOW,0,,,N,0840
US1TXAR0014,20190708,SNOW,0,,,N,0900
US1TXAR0014,20190709,SNOW,0,,,N,0900
US1TXAR0014,20190710,SNOW,0,,,N,0900
US1TXAR0014,20190711,SNOW,0,,,N,0900
US1TXAR0014,20190712,SNOW,0,,,N,0900
US1TXAR0014,20190713,SNOW,0,,,N,0900
US1TXAR0014,20190714,SNOW,0,,,N,0900
US1TXAR0014,20190715,SNOW,0,,,N,0900
US1TXAR0014,20190716,SNOW,0,,,N,0900
US1TXAR0014,20190718,SNOW,0,,,N,0900
US1TXAR0014,20190719,SNOW,0,,,N,0900
US1TXAR0014,20190720,SNOW,0,,,N,0900
US1TXAR0014,20190722,SNOW,0,,,N,0900
US1TXAR0014,20190723,SNOW,0,,,N,0900
US1TXAR0014,20190725,SNOW,0,,,N,0900
US1TXAR0014,20190726,SNOW,0,,,N,0900
US1TXAR0014,20190727,SNOW,0,,,N,0900
US1TXAR0014,20190728,SNOW,0,,,N,0900
US1TXAR0014,20190730,SNOW,0,,,N,0900
US1TXAR0014,20190731,SNOW,0,,,N,0900
US1TXAR0014,20190801,PRCP,0,,,N,0900
US1TXAR0014,20190802,PRCP,0,,,N,0900
US1TXAR0014,20190803,PRCP,0,,,N,0900
US1TXAR0014,20190804,PRCP,0,,,N,0800
US1TXAR0014,20190805,PRCP,0,,,N,0800
US1TXAR0014,20190806,PRCP,3,,,N,0900
US1TXAR0014,20190807,PRCP,0,,,N,0900
US1TXAR0014,20190808,PRCP,0,,,N,0900
US1TXAR0014,20190810,PRCP,0,,,N,0900
US1TXAR0014,20190811,PRCP,0,,,N,0800
US1TXAR0014,20190813,PRCP,0,,,N,0900
US1TXAR0014,20190814,PRCP,0,,,N,0900
US1TXAR0014,20190815,PRCP,0,,,N,0900
US1TXAR0014,20190816,PRCP,0,,,N,0900
US1TXAR0014,20190817,PRCP,0,,,N,0900
US1TXAR0014,20190819,PRCP,0,,,N,0900
US1TXAR0014,20190820,PRCP,0,,,N,0900
US1TXAR0014,20190821,PRCP,0,,,N,0900
US1TXAR0014,20190822,PRCP,0,,,N,0700
US1TXAR0014,20190823,PRCP,20,,,N,0800
US1TXAR0014,20190825,PRCP,8,,,N,0700
US1TXAR0014,20190826,PRCP,0,,,N,0900
US1TXAR0014,20190827,PRCP,0,,,N,0900
US1TXAR0014,20190828,PRCP,0,T,,N,0900
US1TXAR0014,20190829,PRCP,0,T,,N,0900
US1TXAR0014,20190830,PRCP,0,T,,N,0900
US1TXAR0014,20190831,PRCP,15,,,N,0800
US1TXAR0014,20190801,SNOW,0,,,N,0900
US1TXAR0014,20190802,SNOW,0,,,N,0900
US1TXAR0014,20190803,SNOW,0,,,N,0900
US1TXAR0014,20190804,SNOW,0,,,N,0800
US1TXAR0014,20190805,SNOW,0,,,N,0800
US1TXAR0014,20190807,SNOW,0,,,N,0900
US1TXAR0014,20190808,SNOW,0,,,N,0900
US1TXAR0014,20190810,SNOW,0,,,N,0900
US1TXAR0014,20190811,SNOW,0,,,N,0800
US1TXAR0014,20190813,SNOW,0,,,N,0900
US1TXAR0014,20190814,SNOW,0,,,N,0900
US1TXAR0014,20190815,SNOW,0,,,N,0900
US1TXAR0014,20190816,SNOW,0,,,N,0900
US1TXAR0014,20190817,SNOW,0,,,N,0900
US1TXAR0014,20190819,SNOW,0,,,N,0900
US1TXAR0014,20190820,SNOW,0,,,N,0900
US1TXAR0014,20190821,SNOW,0,,,N,0900
US1TXAR0014,20190822,SNOW,0,,,N,0700
US1TXAR0014,20190826,SNOW,0,,,N,0900
US1TXAR0014,20190827,SNOW,0,,,N,0900
US1TXAR0014,20190901,PRCP,0,,,N,0800
US1TXAR0014,20190902,PRCP,0,,,N,0900
US1TXAR0014,20190903,PRCP,13,,,N,0900
US1TXAR0014,20190904,PRCP,48,,,N,0900
US1TXAR0014,20190905,PRCP,516,,,N,0800
US1TXAR0014,20190906,PRCP,10,,,N,0800
US1TXAR0014,20190907,PRCP,0,,,N,0900
US1TXAR0014,20190909,PRCP,0,,,N,0900
US1TXAR0014,20190910,PRCP,3,,,N,0800
US1TXAR0014,20190911,PRCP,66,,,N,0900
US1TXAR0014,20190912,PRCP,251,,,N,0800
US1TXAR0014,20190913,PRCP,79,,,N,0900
US1TXAR0014,20190914,PRCP,0,,,N,0900
US1TXAR0014,20190915,PRCP,43,,,N,0900
US1TXAR0014,20190916,PRCP,0,,,N,0900
US1TXAR0014,20190917,PRCP,0,,,N,0900
US1TXAR0014,20190918,PRCP,0,,,N,0900
US1TXAR0014,20190919,PRCP,0,,,N,0800
US1TXAR0014,20190920,PRCP,0,,,N,0900
US1TXAR0014,20190921,PRCP,0,T,,N,0900
US1TXAR0014,20190922,PRCP,5,,,N,0900
US1TXAR0014,20190923,PRCP,0,,,N,0900
US1TXAR0014,20190924,PRCP,0,,,N,0900
US1TXAR0014,20190925,PRCP,0,,,N,0900
US1TXAR0014,20190926,PRCP,0,,,N,0900
US1TXAR0014,20190928,PRCP,8,,,N,0900
US1TXAR0014,20190929,PRCP,8,,,N,0900
US1TXAR0014,20190930,PRCP,30,,,N,0900
US1TXAR0014,20190901,SNOW,0,,,N,0800
US1TXAR0014,20190902,SNOW,0,,,N,0900
US1TXAR0014,20190907,SNOW,0,,,N,0900
US1TXAR0014,20190909,SNOW,0,,,N,0900
US1TXAR0014,20190914,SNOW,0,,,N,0900
US1TXAR0014,20190916,SNOW,0,,,N,0900
US1TXAR0014,20190917,SNOW,0,,,N,0900
US1TXAR0014,20190918,SNOW,0,,,N,0900
US1TXAR0014,20190919,SNOW,0,,,N,0800
US1TXAR0014,20190920,SNOW,0,,,N,0900
US1TXAR0014,20190923,SNOW,0,,,N,0900
US1TXAR0014,20190924,SNOW,0,,,N,0900
US1TXAR0014,20190925,SNOW,0,,,N,0900
US1TXAR0014,20190926,SNOW,0,,,N,0900
US1TXAR0014,20191001,PRCP,0,,,N,0900
US1TXAR0014,20191002,PRCP,0,,,N,0900
US1TXAR0014,20191003,PRCP,0,,,N,0900
US1TXAR0014,20191004,PRCP,0,,,N,0900
US1TXAR0014,20191005,PRCP,25,,,N,0900
US1TXAR0014,20191006,PRCP,0,T,,N,0700
US1TXAR0014,20191007,PRCP,0,,,N,0900
US1TXAR0014,20191008,PRCP,0,,,N,0900
US1TXAR0014,20191009,PRCP,0,,,N,0900
US1TXAR0014,20191010,PRCP,0,,,N,0900
US1TXAR0014,20191011,PRCP,0,,,N,0900
US1TXAR0014,20191012,PRCP,0,,,N,0900
US1TXAR0014,20191013,PRCP,0,,,N,0800
US1TXAR0014,20191014,PRCP,0,,,N,0900
US1TXAR0014,20191016,PRCP,13,,,N,0800
US1TXAR0014,20191018,PRCP,13,,,N,0800
US1TXAR0014,20191019,PRCP,0,,,N,0900
US1TXAR0014,20191020,PRCP,0,,,N,0800
US1TXAR0014,20191021,PRCP,10,,,N,0900
US1TXAR0014,20191023,PRCP,0,,,N,0800
US1TXAR0014,20191024,PRCP,0,,,N,0900
US1TXAR0014,20191025,PRCP,295,,,N,0900
US1TXAR0014,20191026,PRCP,0,,,N,0900
US1TXAR0014,20191027,PRCP,0,,,N,0900
US1TXAR0014,20191028,PRCP,0,,,N,0900
US1TXAR0014,20191029,PRCP,20,,,N,0900
US1TXAR0014,20191030,PRCP,0,,,N,0900
US1TXAR0014,20191031,PRCP,107,,,N,0900
US1TXAR0014,20191001,SNOW,0,,,N,0900
US1TXAR0014,20191002,SNOW,0,,,N,0900
US1TXAR0014,20191003,SNOW,0,,,N,0900
US1TXAR0014,20191004,SNOW,0,,,N,0900
US1TXAR0014,20191007,SNOW,0,,,N,0900
US1TXAR0014,20191008,SNOW,0,,,N,0900
US1TXAR0014,20191009,SNOW,0,,,N,0900
US1TXAR0014,20191010,SNOW,0,,,N,0900
US1TXAR0014,20191011,SNOW,0,,,N,0900
US1TXAR0014,20191012,SNOW,0,,,N,0900
US1TXAR0014,20191013,SNOW,0,,,N,0800
US1TXAR0014,20191014,SNOW,0,,,N,0900
US1TXAR0014,20191019,SNOW,0,,,N,0900
US1TXAR0014,20191020,SNOW,0,,,N,0800
US1TXAR0014,20191023,SNOW,0,,,N,0800
US1TXAR0014,20191024,SNOW,0,,,N,0900
US1TXAR0014,20191026,SNOW,0,,,N,0900
US1TXAR0014,20191027,SNOW,0,,,N,0900
US1TXAR0014,20191028,SNOW,0,,,N,0900
US1TXAR0014,20191030,SNOW,0,,,N,0900
US1TXAR0014,20191101,PRCP,0,,,N,0900
US1TXAR0014,20191104,PRCP,0,,,N,0900
US1TXAR0014,20191105,PRCP,0,,,N,0900
US1TXAR0014,20191106,PRCP,0,,,N,0900
US1TXAR0014,20191107,PRCP,0,,,N,0900
US1TXAR0014,20191108,PRCP,239,,,N,0900
US1TXAR0014,20191109,PRCP,13,,,N,0900
US1TXAR0014,20191110,PRCP,0,,,N,0900
US1TXAR0014,20191111,PRCP,0,,,N,0800
US1TXAR0014,20191112,PRCP,102,,,N,0900
US1TXAR0014,20191113,PRCP,13,,,N,0900
US1TXAR0014,20191114,PRCP,51,,,N,0900
US1TXAR0014,20191115,PRCP,10,,,N,0900
US1TXAR0014,20191116,PRCP,0,,,N,0900
US1TXAR0014,20191117,PRCP,0,,,N,0700
US1TXAR0014,20191118,PRCP,0,,,N,0900
US1TXAR0014,20191119,PRCP,0,,,N,0900
US1TXAR0014,20191120,PRCP,3,,,N,0900
US1TXAR0014,20191121,PRCP,10,,,N,0900
US1TXAR0014,20191122,PRCP,5,,,N,0900
US1TXAR0014,20191123,PRCP,3,,,N,0900
US1TXAR0014,20191124,PRCP,0,,,N,0850
US1TXAR0014,20191126,PRCP,0,,,N,0900
US1TXAR0014,20191127,PRCP,3,,,N,0900
US1TXAR0014,20191128,PRCP,117,,,N,0900
US1TXAR0014,20191129,PRCP,8,,,N,0800
US1TXAR0014,20191130,PRCP,3,,,N,0900
US1TXAR0014,20191101,SNOW,0,,,N,0900
US1TXAR0014,20191104,SNOW,0,,,N,0900
US1TXAR0014,20191105,SNOW,0,,,N,0900
US1TXAR0014,20191106,SNOW,0,,,N,0900
US1TXAR0014,20191107,SNOW,0,,,N,0900
US1TXAR0014,20191110,SNOW,0,,,N,0900
US1TXAR0014,20191111,SNOW,0,,,N,0800
US1TXAR0014,20191116,SNOW,0,,,N,0900
US1TXAR0014,20191117,SNOW,0,,,N,0700
US1TXAR0014,20191118,SNOW,0,,,N,0900
US1TXAR0014,20191119,SNOW,0,,,N,0900
US1TXAR0014,20191124,SNOW,0,,,N,0850
US1TXAR0014,20191126,SNOW,0,,,N,0900
US1TXAR0014,20191201,PRCP,0,,,N,0900
US1TXAR0014,20191202,PRCP,0,,,N,0900
US1TXAR0014,20191203,PRCP,0,,,N,0900
US1TXAR0014,20191204,PRCP,0,,,N,0900
US1TXAR0014,20191205,PRCP,0,,,N,0900
US1TXAR0014,20191206,PRCP,3,,,N,0900
US1TXAR0014,20191207,PRCP,0,,,N,0900
US1TXAR0014,20191208,PRCP,0,,,N,0700
US1TXAR0014,20191209,PRCP,0,,,N,0900
US1TXAR0014,20191210,PRCP,3,,,N,0900
US1TXAR0014,20191211,PRCP,25,,,N,0900
US1TXAR0014,20191212,PRCP,0,,,N,0800
US1TXAR0014,20191213,PRCP,5,,,N,0900
US1TXAR0014,20191214,PRCP,0,,,N,0900
US1TXAR0014,20191215,PRCP,0,,,N,0800
US1TXAR0014,20191216,PRCP,0,,,N,0900
US1TXAR0014,20191217,PRCP,0,,,N,0900
US1TXAR0014,20191218,PRCP,0,,,N,0900
US1TXAR0014,20191219,PRCP,0,,,N,0900
US1TXAR0014,20191220,PRCP,13,,,N,0700
US1TXAR0014,20191221,PRCP,803,,,N,0900
US1TXAR0014,20191222,PRCP,5,,,N,0800
US1TXAR0014,20191223,PRCP,0,,,N,0900
US1TXAR0014,20191224,PRCP,0,,,N,0900
US1TXAR0014,20191225,PRCP,0,,,N,0900
US1TXAR0014,20191226,PRCP,0,,,N,0900
US1TXAR0014,20191227,PRCP,0,,,N,0900
US1TXAR0014,20191228,PRCP,0,,,N,0900
US1TXAR0014,20191229,PRCP,0,,,N,0800
US1TXAR0014,20191230,PRCP,0,,,N,0900
US1TXAR0014,20191231,PRCP,0,,,N,0900
US1TXAR0014,20191201,SNOW,0,,,N,0900
US1TXAR0014,20191202,SNOW,0,,,N,0900
US1TXAR0014,20191203,SNOW,0,,,N,0900
US1TXAR0014,20191204,SNOW,0,,,N,0900
US1TXAR0014,20191205,SNOW,0,,,N,0900
US1TXAR0014,20191207,SNOW,0,,,N,0900
US1TXAR0014,20191208,SNOW,0,,,N,0700
US1TXAR0014,20191209,SNOW,0,,,N,0900
US1TXAR0014,20191212,SNOW,0,,,N,0800
US1TXAR0014,20191214,SNOW,0,,,N,0900
US1TXAR0014,20191215,SNOW,0,,,N,0800
US1TXAR0014,20191216,SNOW,0,,,N,0900
US1TXAR0014,20191217,SNOW,0,,,N,0900
US1TXAR0014,20191218,SNOW,0,,,N,0900
US1TXAR0014,20191219,SNOW,0,,,N,0900
US1TXAR0014,20191223,SNOW,0,,,N,0900
US1TXAR0014,20191224,SNOW,0,,,N,0900
US1TXAR0014,20191225,SNOW,0,,,N,0900
US1TXAR0014,20191226,SNOW,0,,,N,0900
US1TXAR0014,20191227,SNOW,0,,,N,0900
US1TXAR0014,20191228,SNOW,0,,,N,0900
US1TXAR0014,20191229,SNOW,0,,,N,0800
US1TXAR0014,20191230,SNOW,0,,,N,0900
US1TXAR0014,20191231,SNOW,0,,,N,0900
US1TXAR0014,20200101,PRCP,3,,,N,0900
US1TXAR0014,20200102,PRCP,107,,,N,0900
US1TXAR0014,20200103,PRCP,13,,,N,0900
US1TXAR0014,20200104,PRCP,0,,,N,0900
US1TXAR0014,20200106,PRCP,0,,,N,0900
US1TXAR0014,20200107,PRCP,0,,,N,0900
US1TXAR0014,20200108,PRCP,0,,,N,0900
US1TXAR0014,20200109,PRCP,13,,,N,0900
US1TXAR0014,20200111,PRCP,25,,,N,0900
US1TXAR0014,20200112,PRCP,0,,,N,0900
US1TXAR0014,20200113,PRCP,23,,,N,0900
US1TXAR0014,20200114,PRCP,5,,,N,0900
US1TXAR0014,20200115,PRCP,0,,,N,0900
US1TXAR0014,20200116,PRCP,0,,,N,0900
US1TXAR0014,20200117,PRCP,0,,,N,0900
US1TXAR0014,20200118,PRCP,8,,,N,0900
US1TXAR0014,20200119,PRCP,43,,,N,0700
US1TXAR0014,20200120,PRCP,0,,,N,0900
US1TXAR0014,20200121,PRCP,0,,,N,0900
US1TXAR0014,20200122,PRCP,36,,,N,0900
US1TXAR0014,20200123,PRCP,244,,,N,0900
US1TXAR0014,20200124,PRCP,0,,,N,0900
US1TXAR0014,20200125,PRCP,0,,,N,0900
US1TXAR0014,20200126,PRCP,15,,,N,0700
US1TXAR0014,20200127,PRCP,5,,,N,0800
US1TXAR0014,20200128,PRCP,5,,,N,0900
US1TXAR0014,20200129,PRCP,10,,,N,0800
US1TXAR0014,20200130,PRCP,0,,,N,0800
US1TXAR0014,20200131,PRCP,0,,,N,0800
US1TXAR0014,20200104,SNOW,0,,,N,0900
US1TXAR0014,20200106,SNOW,0,,,N,0900
US1TXAR0014,20200107,SNOW,0,,,N,0900
US1TXAR0014,20200108,SNOW,0,,,N,0900
US1TXAR0014,20200112,SNOW,0,,,N,0900
US1TXAR0014,20200115,SNOW,0,,,N,0900
US1TXAR0014,20200116,SNOW,0,,,N,0900
US1TXAR0014,20200117,SNOW,0,,,N,0900
US1TXAR0014,20200120,SNOW,0,,,N,0900
US1TXAR0014,20200121,SNOW,0,,,N,0900
US1TXAR0014,20200124,SNOW,0,,,N,0900
US1TXAR0014,20200125,SNOW,0,,,N,0900
US1TXAR0014,20200130,SNOW,0,,,N,0800
US1TXAR0014,20200131,SNOW,0,,,N,0800
US1TXAR0014,20200201,PRCP,0,,,N,0900
US1TXAR0014,20200203,PRCP,0,,,N,0900
US1TXAR0014,20200204,PRCP,0,,,N,0900
US1TXAR0014,20200205,PRCP,3,,,N,0900
US1TXAR0014,20200206,PRCP,0,T,,N,0900
US1TXAR0014,20200207,PRCP,0,,,N,0900
US1TXAR0014,20200208,PRCP,0,,,N,0900
US1TXAR0014,20200209,PRCP,0,,,N,0700
US1TXAR0014,20200210,PRCP,0,T,,N,0800
US1TXAR0014,20200211,PRCP,0,,,N,0900
US1TXAR0014,20200212,PRCP,5,,,N,0900
US1TXAR0014,20200213,PRCP,0,,,N,0900
US1TXAR0014,20200214,PRCP,0,,,N,0900
US1TXAR0014,20200215,PRCP,0,,,N,0900
US1TXAR0014,20200216,PRCP,0,,,N,0700
US1TXAR0014,20200217,PRCP,5,,,N,0900
US1TXAR0014,20200218,PRCP,0,,,N,0700
US1TXAR0014,20200221,PRCP,15,,,N,0900
US1TXAR0014,20200222,PRCP,0,,,N,0900
US1TXAR0014,20200223,PRCP,0,,,N,0900
US1TXAR0014,20200224,PRCP,15,,,N,0900
US1TXAR0014,20200225,PRCP,0,,,N,0700
US1TXAR0014,20200226,PRCP,0,,,N,0900
US1TXAR0014,20200227,PRCP,0,,,N,0900
US1TXAR0014,20200228,PRCP,0,,,N,0800
US1TXAR0014,20200229,PRCP,0,,,N,0900
US1TXAR0014,20200201,SNOW,0,,,N,0900
US1TXAR0014,20200203,SNOW,0,,,N,0900
US1TXAR0014,20200204,SNOW,0,,,N,0900
US1TXAR0014,20200207,SNOW,0,,,N,0900
US1TXAR0014,20200208,SNOW,0,,,N,0900
US1TXAR0014,20200209,SNOW,0,,,N,0700
US1TXAR0014,20200211,SNOW,0,,,N,0900
US1TXAR0014,20200213,SNOW,0,,,N,0900
US1TXAR0014,20200214,SNOW,0,,,N,0900
US1TXAR0014,20200215,SNOW,0,,,N,0900
US1TXAR0014,20200216,SNOW,0,,,N,0700
US1TXAR0014,20200218,SNOW,0,,,N,0700
US1TXAR0014,20200222,SNOW,0,,,N,0900
US1TXAR0014,20200223,SNOW,0,,,N,0900
US1TXAR0014,20200225,SNOW,0,,,N,0700
US1TXAR0014,20200226,SNOW,0,,,N,0900
US1TXAR0014,20200227,SNOW,0,,,N,0900
US1TXAR0014,20200228,SNOW,0,,,N,0800
US1TXAR0014,20200229,SNOW,0,,,N,0900
US1TXAR0014,20200220,DAPR,2,,,N,0900
US1TXAR0014,20200220,MDPR,13,,,N,0900
US1TXAR0014,20200301,PRCP,0,,,N,0700
US1TXAR0014,20200302,PRCP,0,,,N,0800
US1TXAR0014,20200303,PRCP,0,,,N,0900
US1TXAR0014,20200304,PRCP,0,,,N,0800
US1TXAR0014,20200305,PRCP,13,,,N,0700
US1TXAR0014,20200306,PRCP,0,,,N,0900
US1TXAR0014,20200307,PRCP,0,,,N,0900
US1TXAR0014,20200308,PRCP,0,T,,N,0700
US1TXAR0014,20200309,PRCP,0,,,N,0900
US1TXAR0014,20200310,PRCP,8,,,N,0900
US1TXAR0014,20200311,PRCP,0,T,,N,0900
US1TXAR0014,20200312,PRCP,0,,,N,0900
US1TXAR0014,20200315,PRCP,0,,,N,0900
US1TXAR0014,20200316,PRCP,0,T,,N,0900
US1TXAR0014,20200317,PRCP,0,,,N,0900
US1TXAR0014,20200318,PRCP,0,T,,N,0900
US1TXAR0014,20200319,PRCP,0,,,N,0900
US1TXAR0014,20200320,PRCP,0,,,N,0900
US1TXAR0014,20200321,PRCP,0,,,N,0900
US1TXAR0014,20200322,PRCP,43,,,N,0800
US1TXAR0014,20200323,PRCP,3,,,N,0900
US1TXAR0014,20200326,PRCP,0,,,N,0900
US1TXAR0014,20200327,PRCP,0,,,N,0900
US1TXAR0014,20200329,PRCP,0,T,,N,0800
US1TXAR0014,20200330,PRCP,13,,,N,0900
US1TXAR0014,20200331,PRCP,0,,,N,0900
US1TXAR0014,20200301,SNOW,0,,,N,0700
US1TXAR0014,20200302,SNOW,0,,,N,0800
US1TXAR0014,20200303,SNOW,0,,,N,0900
US1TXAR0014,20200304,SNOW,0,,,N,0800
US1TXAR0014,20200306,SNOW,0,,,N,0900
US1TXAR0014,20200307,SNOW,0,,,N,0900
US1TXAR0014,20200309,SNOW,0,,,N,0900
US1TXAR0014,20200312,SNOW,0,,,N,0900
US1TXAR0014,20200315,SNOW,0,,,N,0900
US1TXAR0014,20200317,SNOW,0,,,N,0900
US1TXAR0014,20200319,SNOW,0,,,N,0900
US1TXAR0014,20200320,SNOW,0,,,N,0900
US1TXAR0014,20200321,SNOW,0,,,N,0900
US1TXAR0014,20200326,SNOW,0,,,N,0900
US1TXAR0014,20200327,SNOW,0,,,N,0900
US1TXAR0014,20200331,SNOW,0,,,N,0900
US1TXAR0014,20200314,DAPR,2,,,N,0900
US1TXAR0014,20200325,DAPR,2,,,N,0900
US1TXAR0014,20200314,MDPR,0,,,N,0900
US1TXAR0014,20200325,MDPR,0,,,N,0900
US1TXAR0014,20200401,PRCP,0,,,N,0800
US1TXAR0014,20200402,PRCP,0,,,N,0900
US1TXAR0014,20200403,PRCP,0,T,,N,0900
US1TXAR0014,20200404,PRCP,114,,,N,0900
US1TXAR0014,20200405,PRCP,241,,,N,0800
US1TXAR0014,20200406,PRCP,10,,,N,0900
US1TXAR0014,20200407,PRCP,23,,,N,0900
US1TXAR0014,20200408,PRCP,3,,,N,0900
US1TXAR0014,20200409,PRCP,0,,,N,0900
US1TXAR0014,20200410,PRCP,20,,,N,0900
US1TXAR0014,20200411,PRCP,5,,,N,0900
US1TXAR0014,20200412,PRCP,0,,,N,0900
US1TXAR0014,20200413,PRCP,0,,,N,0900
US1TXAR0014,20200416,PRCP,0,,,N,0900
US1TXAR0014,20200417,PRCP,0,,,N,0900
US1TXAR0014,20200418,PRCP,18,,,N,0900
US1TXAR0014,20200419,PRCP,8,,,N,0800
US1TXAR0014,20200420,PRCP,5,,,N,0900
US1TXAR0014,20200421,PRCP,0,,,N,0900
US1TXAR0014,20200424,PRCP,0,,,N,0900
US1TXAR0014,20200426,PRCP,0,,,N,0800
US1TXAR0014,20200427,PRCP,0,,,N,0900
US1TXAR0014,20200428,PRCP,0,,,N,0900
US1TXAR0014,20200429,PRCP,20,,,N,0900
US1TXAR0014,20200430,PRCP,0,,,N,0900
US1TXAR0014,20200401,SNOW,0,,,N,0800
US1TXAR0014,20200402,SNOW,0,,,N,0900
US1TXAR0014,20200409,SNOW,0,,,N,0900
US1TXAR0014,20200412,SNOW,0,,,N,0900
US1TXAR0014,20200413,SNOW,0,,,N,0900
US1TXAR0014,20200416,SNOW,0,,,N,0900
US1TXAR0014,20200417,SNOW,0,,,N,0900
US1TXAR0014,20200421,SNOW,0,,,N,0900
US1TXAR0014,20200424,SNOW,0,,,N,0900
US1TXAR0014,20200426,SNOW,0,,,N,0800
US1TXAR0014,20200427,SNOW,0,,,N,0900
US1TXAR0014,20200428,SNOW,0,,,N,0900
US1TXAR0014,20200430,SNOW,0,,,N,0900
US1TXAR0014,20200501,PRCP,0,,,N,0900
US1TXAR0014,20200502,PRCP,0,,,N,0900
US1TXAR0014,20200503,PRCP,0,,,N,0800
US1TXAR0014,20200504,PRCP,0,,,N,0900
US1TXAR0014,20200505,PRCP,0,,,N,0900
US1TXAR0014,20200507,PRCP,0,,,N,0900
US1TXAR0014,20200508,PRCP,0,,,N,0800
US1TXAR0014,20200509,PRCP,130,,,N,0900
US1TXAR0014,20200510,PRCP,0,,,N,0900
US1TXAR0014,20200512,PRCP,0,,,N,0900
US1TXAR0014,20200513,PRCP,13,,,N,0700
US1TXAR0014,20200514,PRCP,218,,,N,0900
US1TXAR0014,20200515,PRCP,18,,,N,0900
US1TXAR0014,20200516,PRCP,452,,,N,0900
US1TXAR0014,20200517,PRCP,0,,,N,0900
US1TXAR0014,20200518,PRCP,0,,,N,0900
US1TXAR0014,20200519,PRCP,0,,,N,0900
US1TXAR0014,20200520,PRCP,0,,,N,0900
US1TXAR0014,20200521,PRCP,0,,,N,0900
US1TXAR0014,20200522,PRCP,0,,,N,0900
US1TXAR0014,20200523,PRCP,0,,,N,0900
US1TXAR0014,20200524,PRCP,0,T,,N,0800
US1TXAR0014,20200525,PRCP,345,,,N,0900
US1TXAR0014,20200526,PRCP,127,,,N,1000
US1TXAR0014,20200527,PRCP,0,,,N,0900
US1TXAR0014,20200528,PRCP,8,,,N,0900
US1TXAR0014,20200529,PRCP,0,T,,N,0900
US1TXAR0014,20200530,PRCP,0,,,N,0900
US1TXAR0014,20200531,PRCP,0,,,N,0800
US1TXAR0014,20200501,SNOW,0,,,N,0900
US1TXAR0014,20200502,SNOW,0,,,N,0900
US1TXAR0014,20200503,SNOW,0,,,N,0800
US1TXAR0014,20200504,SNOW,0,,,N,0900
US1TXAR0014,20200505,SNOW,0,,,N,0900
US1TXAR0014,20200507,SNOW,0,,,N,0900
US1TXAR0014,20200508,SNOW,0,,,N,0800
US1TXAR0014,20200510,SNOW,0,,,N,0900
US1TXAR0014,20200512,SNOW,0,,,N,0900
US1TXAR0014,20200517,SNOW,0,,,N,0900
US1TXAR0014,20200518,SNOW,0,,,N,0900
US1TXAR0014,20200519,SNOW,0,,,N,0900
US1TXAR0014,20200520,SNOW,0,,,N,0900
US1TXAR0014,20200521,SNOW,0,,,N,0900
US1TXAR0014,20200522,SNOW,0,,,N,0900
US1TXAR0014,20200523,SNOW,0,,,N,0900
US1TXAR0014,20200527,SNOW,0,,,N,0900
US1TXAR0014,20200530,SNOW,0,,,N,0900
US1TXAR0014,20200531,SNOW,0,,,N,0800
US1TXAR0014,20200601,PRCP,165,,,N,0900
US1TXAR0014,20200602,PRCP,1222,,,N,0900
US1TXAR0014,20200603,PRCP,5,,,N,0900
US1TXAR0014,20200604,PRCP,0,,,N,0900
US1TXAR0014,20200605,PRCP,0,,,N,0900
US1TXAR0014,20200606,PRCP,0,,,N,0900
US1TXAR0014,20200608,PRCP,0,,,N,0900
US1TXAR0014,20200609,PRCP,0,,,N,0900
US1TXAR0014,20200610,PRCP,0,,,N,0900
US1TXAR0014,20200611,PRCP,0,,,N,0900
US1TXAR0014,20200612,PRCP,0,,,N,0900
US1TXAR0014,20200615,PRCP,0,,,N,0900
US1TXAR0014,20200616,PRCP,23,,,N,0900
US1TXAR0014,20200617,PRCP,0,,,N,0900
US1TXAR0014,20200618,PRCP,0,,,N,0900
US1TXAR0014,20200619,PRCP,193,,,N,0900
US1TXAR0014,20200620,PRCP,66,,,N,0900
US1TXAR0014,20200621,PRCP,0,,,N,0700
US1TXAR0014,20200622,PRCP,5,,,N,0900
US1TXAR0014,20200623,PRCP,0,,,N,0900
US1TXAR0014,20200624,PRCP,0,,,N,0900
US1TXAR0014,20200625,PRCP,0,,,N,0900
US1TXAR0014,20200626,PRCP,0,,,N,0900
US1TXAR0014,20200627,PRCP,122,,,N,0900
US1TXAR0014,20200628,PRCP,0,,,N,0900
US1TXAR0014,20200629,PRCP,0,,,N,0900
US1TXAR0014,20200604,SNOW,0,,,N,0900
US1TXAR0014,20200605,SNOW,0,,,N,0900
US1TXAR0014,20200606,SNOW,0,,,N,0900
US1TXAR0014,20200608,SNOW,0,,,N,0900
US1TXAR0014,20200609,SNOW,0,,,N,0900
US1TXAR0014,20200610,SNOW,0,,,N,0900
US1TXAR0014,20200611,SNOW,0,,,N,0900
US1TXAR0014,20200612,SNOW,0,,,N,0900
US1TXAR0014,20200615,SNOW,0,,,N,0900
US1TXAR0014,20200617,SNOW,0,,,N,0900
US1TXAR0014,20200618,SNOW,0,,,N,0900
US1TXAR0014,20200621,SNOW,0,,,N,0700
US1TXAR0014,20200623,SNOW,0,,,N,0900
US1TXAR0014,20200624,SNOW,0,,,N,0900
US1TXAR0014,20200625,SNOW,0,,,N,0900
US1TXAR0014,20200626,SNOW,0,,,N,0900
US1TXAR0014,20200628,SNOW,0,,,N,0900
US1TXAR0014,20200629,SNOW,0,,,N,0900
US1TXAR0014,20200701,PRCP,0,,,N,0900
US1TXAR0014,20200702,PRCP,0,,,N,0900
US1TXAR0014,20200703,PRCP,0,,,N,0900
US1TXAR0014,20200705,PRCP,0,,,N,0800
US1TXAR0014,20200706,PRCP,0,,,N,0900
US1TXAR0014,20200708,PRCP,0,,,N,0900
US1TXAR0014,20200709,PRCP,0,,,N,0900
US1TXAR0014,20200712,PRCP,0,,,N,0900
US1TXAR0014,20200713,PRCP,0,,,N,0900
US1TXAR0014,20200714,PRCP,0,,,N,0900
US1TXAR0014,20200715,PRCP,0,,,N,0900
US1TXAR0014,20200716,PRCP,0,,,N,0900
US1TXAR0014,20200717,PRCP,0,,,N,0900
US1TXAR0014,20200718,PRCP,0,T,,N,0900
US1TXAR0014,20200719,PRCP,0,,,N,0900
US1TXAR0014,20200720,PRCP,0,,,N,0900
US1TXAR0014,20200721,PRCP,0,,,N,0900
US1TXAR0014,20200722,PRCP,0,,,N,0900
US1TXAR0014,20200723,PRCP,0,,,N,0900
US1TXAR0014,20200724,PRCP,86,,,N,0900
US1TXAR0014,20200725,PRCP,173,,,N,0900
US1TXAR0014,20200726,PRCP,323,,,N,0900
US1TXAR0014,20200727,PRCP,5,,,N,0900
US1TXAR0014,20200728,PRCP,0,,,N,0900
US1TXAR0014,20200729,PRCP,0,,,N,0900
US1TXAR0014,20200730,PRCP,84,,,N,0900
US1TXAR0014,20200731,PRCP,0,,,N,0900
US1TXAR0014,20200701,SNOW,0,,,N,0900
US1TXAR0014,20200702,SNOW,0,,,N,0900
US1TXAR0014,20200703,SNOW,0,,,N,0900
US1TXAR0014,20200705,SNOW,0,,,N,0800
US1TXAR0014,20200706,SNOW,0,,,N,0900
US1TXAR0014,20200708,SNOW,0,,,N,0900
US1TXAR0014,20200709,SNOW,0,,,N,0900
US1TXAR0014,20200712,SNOW,0,,,N,0900
US1TXAR0014,20200713,SNOW,0,,,N,0900
US1TXAR0014,20200714,SNOW,0,,,N,0900
US1TXAR0014,20200715,SNOW,0,,,N,0900
US1TXAR0014,20200716,SNOW,0,,,N,0900
US1TXAR0014,20200717,SNOW,0,,,N,0900
US1TXAR0014,20200719,SNOW,0,,,N,0900
US1TXAR0014,20200720,SNOW,0,,,N,0900
US1TXAR0014,20200721,SNOW,0,,,N,0900
US1TXAR0014,20200722,SNOW,0,,,N,0900
US1TXAR0014,20200723,SNOW,0,,,N,0900
US1TXAR0014,20200728,SNOW,0,,,N,0900
US1TXAR0014,20200729,SNOW,0,,,N,0900
US1TXAR0014,20200731,SNOW,0,,,N,0900
US1TXAR0014,20200801,PRCP,0,,,N,0900
US1TXAR0014,20200802,PRCP,51,,,N,0800
US1TXAR0014,20200803,PRCP,0,,,N,0900
US1TXAR0014,20200804,PRCP,0,,,N,0900
US1TXAR0014,20200805,PRCP,0,,,N,0900
US1TXAR0014,20200806,PRCP,0,,,N,0900
US1TXAR0014,20200807,PRCP,0,,,N,0900
US1TXAR0014,20200808,PRCP,0,,,N,0900
US1TXAR0014,20200810,PRCP,0,,,N,0900
US1TXAR0014,20200812,PRCP,0,,,N,0900
US1TXAR0014,20200813,PRCP,0,,,N,0900
US1TXAR0014,20200814,PRCP,0,,,N,0900
US1TXAR0014,20200815,PRCP,0,,,N,0900
US1TXAR0014,20200816,PRCP,0,,,N,0800
US1TXAR0014,20200817,PRCP,0,,,N,0900
US1TXAR0014,20200818,PRCP,0,,,N,0900
US1TXAR0014,20200819,PRCP,5,,,N,0900
US1TXAR0014,20200820,PRCP,0,,,N,0900
US1TXAR0014,20200821,PRCP,0,T,,N,0900
US1TXAR0014,20200822,PRCP,0,,,N,0900
US1TXAR0014,20200823,PRCP,0,,,N,0800
US1TXAR0014,20200824,PRCP,0,,,N,0900
US1TXAR0014,20200825,PRCP,109,,,N,0900
US1TXAR0014,20200826,PRCP,0,,,N,0900
US1TXAR0014,20200827,PRCP,36,,,N,0900
US1TXAR0014,20200830,PRCP,0,,,N,0800
US1TXAR0014,20200831,PRCP,5,,,N,0900
US1TXAR0014,20200801,SNOW,0,,,N,0900
US1TXAR0014,20200803,SNOW,0,,,N,0900
US1TXAR0014,20200804,SNOW,0,,,N,0900
US1TXAR0014,20200805,SNOW,0,,,N,0900
US1TXAR0014,20200806,SNOW,0,,,N,0900
US1TXAR0014,20200807,SNOW,0,,,N,0900
US1TXAR0014,20200808,SNOW,0,,,N,0900
US1TXAR0014,20200810,SNOW,0,,,N,0900
US1TXAR0014,20200812,SNOW,0,,,N,0900
US1TXAR0014,20200813,SNOW,0,,,N,0900
US1TXAR0014,20200814,SNOW,0,,,N,0900
US1TXAR0014,20200815,SNOW,0,,,N,0900
US1TXAR0014,20200816,SNOW,0,,,N,0800
US1TXAR0014,20200817,SNOW,0,,,N,0900
US1TXAR0014,20200818,SNOW,0,,,N,0900
US1TXAR0014,20200820,SNOW,0,,,N,0900
US1TXAR0014,20200822,SNOW,0,,,N,0900
US1TXAR0014,20200823,SNOW,0,,,N,0800
US1TXAR0014,20200824,SNOW,0,,,N,0900
US1TXAR0014,20200826,SNOW,0,,,N,0900
US1TXAR0014,20200830,SNOW,0,,,N,0800
US1TXAR0014,20200901,PRCP,0,,,N,0900
US1TXAR0014,20200902,PRCP,0,,,N,0900
US1TXAR0014,20200903,PRCP,0,,,N,0900
US1TXAR0014,20200904,PRCP,0,,,N,0900
US1TXAR0014,20200905,PRCP,160,,,N,0900
US1TXAR0014,20200906,PRCP,8,,,N,0800
US1TXAR0014,20200907,PRCP,0,,,N,0900
US1TXAR0014,20200908,PRCP,5,,,N,0900
US1TXAR0014,20200909,PRCP,150,,,N,0900
US1TXAR0014,20200910,PRCP,5,,,N,0900
US1TXAR0014,20200911,PRCP,0,T,,N,0900
US1TXAR0014,20200912,PRCP,3,,,N,0900
US1TXAR0014,20200913,PRCP,0,,,N,0800
US1TXAR0014,20200914,PRCP,0,,,N,0900
US1TXAR0014,20200915,PRCP,33,,,N,0900
US1TXAR0014,20200916,PRCP,0,,,N,0900
US1TXAR0014,20200917,PRCP,124,,,N,0900
US1TXAR0014,20200918,PRCP,13,,,N,0900
US1TXAR0014,20200919,PRCP,0,T,,N,0900
US1TXAR0014,20200920,PRCP,0,,,N,0900
US1TXAR0014,20200921,PRCP,391,,,N,0900
US1TXAR0014,20200922,PRCP,112,,,N,0900
US1TXAR0014,20200923,PRCP,0,,,N,0900
US1TXAR0014,20200924,PRCP,0,,,N,0900
US1TXAR0014,20200925,PRCP,0,,,N,0900
US1TXAR0014,20200926,PRCP,0,,,N,0900
US1TXAR0014,20200927,PRCP,0,,,N,0900
US1TXAR0014,20200928,PRCP,0,,,N,0900
US1TXAR0014,20200929,PRCP,0,,,N,0900
US1TXAR0014,20200930,PRCP,0,,,N,0900
US1TXAR0014,20200901,SNOW,0,,,N,0900
US1TXAR0014,20200902,SNOW,0,,,N,0900
US1TXAR0014,20200903,SNOW,0,,,N,0900
US1TXAR0014,20200904,SNOW,0,,,N,0900
US1TXAR0014,20200907,SNOW,0,,,N,0900
US1TXAR0014,20200913,SNOW,0,,,N,0800
US1TXAR0014,20200914,SNOW,0,,,N,0900
US1TXAR0014,20200916,SNOW,0,,,N,0900
US1TXAR0014,20200920,SNOW,0,,,N,0900
US1TXAR0014,20200923,SNOW,0,,,N,0900
US1TXAR0014,20200924,SNOW,0,,,N,0900
US1TXAR0014,20200925,SNOW,0,,,N,0900
US1TXAR0014,20200926,SNOW,0,,,N,0900
US1TXAR0014,20200927,SNOW,0,,,N,0900
US1TXAR0014,20200928,SNOW,0,,,N,0900
US1TXAR0014,20200929,SNOW,0,,,N,0900
US1TXAR0014,20200930,SNOW,0,,,N,0900
US1TXAR0014,20201001,PRCP,0,,,N,0900
US1TXAR0014,20201002,PRCP,0,,,N,0900
US1TXAR0014,20201003,PRCP,0,,,N,0900
US1TXAR0014,20201004,PRCP,0,,,N,0800
US1TXAR0014,20201005,PRCP,0,,,N,0900
US1TXAR0014,20201006,PRCP,0,,,N,0900
US1TXAR0014,20201007,PRCP,0,,,N,0900
US1TXAR0014,20201008,PRCP,0,,,N,0900
US1TXAR0014,20201009,PRCP,30,,,N,0900
US1TXAR0014,20201010,PRCP,0,,,N,0900
US1TXAR0014,20201011,PRCP,0,,,N,0800
US1TXAR0014,20201012,PRCP,0,,,N,0900
US1TXAR0014,20201013,PRCP,0,,,N,0900
US1TXAR0014,20201014,PRCP,0,,,N,0900
US1TXAR0014,20201015,PRCP,0,,,N,0900
US1TXAR0014,20201016,PRCP,0,,,N,0900
US1TXAR0014,20201017,PRCP,0,,,N,0900
US1TXAR0014,20201018,PRCP,0,,,N,0800
US1TXAR0014,20201019,PRCP,0,T,,N,0900
US1TXAR0014,20201020,PRCP,0,,,N,0900
US1TXAR0014,20201021,PRCP,0,,,N,0900
US1TXAR0014,20201022,PRCP,0,,,N,0900
US1TXAR0014,20201023,PRCP,0,,,N,0900
US1TXAR0014,20201024,PRCP,0,,,N,0900
US1TXAR0014,20201025,PRCP,0,,,N,0700
US1TXAR0014,20201026,PRCP,0,T,,N,0900
US1TXAR0014,20201027,PRCP,0,,,N,0900
US1TXAR0014,20201028,PRCP,18,,,N,0900
US1TXAR0014,20201029,PRCP,5,,,N,0900
US1TXAR0014,20201030,PRCP,0,,,N,0800
US1TXAR0014,20201001,SNOW,0,,,N,0900
US1TXAR0014,20201002,SNOW,0,,,N,0900
US1TXAR0014,20201003,SNOW,0,,,N,0900
US1TXAR0014,20201004,SNOW,0,,,N,0800
US1TXAR0014,20201005,SNOW,0,,,N,0900
US1TXAR0014,20201006,SNOW,0,,,N,0900
US1TXAR0014,20201007,SNOW,0,,,N,0900
US1TXAR0014,20201008,SNOW,0,,,N,0900
US1TXAR0014,20201010,SNOW,0,,,N,0900
US1TXAR0014,20201011,SNOW,0,,,N,0800
US1TXAR0014,20201012,SNOW,0,,,N,0900
US1TXAR0014,20201013,SNOW,0,,,N,0900
US1TXAR0014,20201014,SNOW,0,,,N,0900
US1TXAR0014,20201015,SNOW,0,,,N,0900
US1TXAR0014,20201016,SNOW,0,,,N,0900
US1TXAR0014,20201017,SNOW,0,,,N,0900
US1TXAR0014,20201018,SNOW,0,,,N,0800
US1TXAR0014,20201020,SNOW,0,,,N,0900
US1TXAR0014,20201021,SNOW,0,,,N,0900
US1TXAR0014,20201022,SNOW,0,,,N,0900
US1TXAR0014,20201023,SNOW,0,,,N,0900
US1TXAR0014,20201024,SNOW,0,,,N,0900
US1TXAR0014,20201025,SNOW,0,,,N,0700
US1TXAR0014,20201027,SNOW,0,,,N,0900
US1TXAR0014,20201030,SNOW,0,,,N,0800
US1TXAR0014,20201102,PRCP,0,,,N,0900
US1TXAR0014,20201103,PRCP,0,,,N,0900
US1TXAR0014,20201104,PRCP,0,,,N,0900
US1TXAR0014,20201105,PRCP,0,,,N,0900
US1TXAR0014,20201106,PRCP,0,,,N,0900
US1TXAR0014,20201107,PRCP,0,,,N,0900
US1TXAR0014,20201108,PRCP,0,,,N,0800
US1TXAR0014,20201109,PRCP,0,,,N,0900
US1TXAR0014,20201110,PRCP,0,,,N,0900
US1TXAR0014,20201111,PRCP,0,,,N,0700
US1TXAR0014,20201112,PRCP,0,,,N,0900
US1TXAR0014,20201113,PRCP,0,,,N,0900
US1TXAR0014,20201114,PRCP,0,,,N,0900
US1TXAR0014,20201115,PRCP,0,,,N,0700
US1TXAR0014,20201116,PRCP,5,,,N,0900
US1TXAR0014,20201117,PRCP,0,,,N,0900
US1TXAR0014,20201121,PRCP,0,,,N,0900
US1TXAR0014,20201122,PRCP,0,,,N,0700
US1TXAR0014,20201123,PRCP,0,,,N,0900
US1TXAR0014,20201124,PRCP,0,T,,N,0900
US1TXAR0014,20201125,PRCP,0,,,N,0900
US1TXAR0014,20201126,PRCP,0,,,N,0900
US1TXAR0014,20201127,PRCP,0,,,N,0900
US1TXAR0014,20201128,PRCP,160,,,N,0900
US1TXAR0014,20201129,PRCP,544,,,N,0800
US1TXAR0014,20201130,PRCP,0,,,N,0900
US1TXAR0014,20201102,SNOW,0,,,N,0900
US1TXAR0014,20201103,SNOW,0,,,N,0900
US1TXAR0014,20201104,SNOW,0,,,N,0900
US1TXAR0014,20201105,SNOW,0,,,N,0900
US1TXAR0014,20201106,SNOW,0,,,N,0900
US1TXAR0014,20201107,SNOW,0,,,N,0900
US1TXAR0014,20201108,SNOW,0,,,N,0800
US1TXAR0014,20201109,SNOW,0,,,N,0900
US1TXAR0014,20201110,SNOW,0,,,N,0900
US1TXAR0014,20201111,SNOW,0,,,N,0700
US1TXAR0014,20201112,SNOW,0,,,N,0900
US1TXAR0014,20201113,SNOW,0,,,N,0900
US1TXAR0014,20201114,SNOW,0,,,N,0900
US1TXAR0014,20201115,SNOW,0,,,N,0700
US1TXAR0014,20201117,SNOW,0,,,N,0900
US1TXAR0014,20201121,SNOW,0,,,N,0900
US1TXAR0014,20201122,SNOW,0,,,N,0700
US1TXAR0014,20201123,SNOW,0,,,N,0900
US1TXAR0014,20201125,SNOW,0,,,N,0900
US1TXAR0014,20201126,SNOW,0,,,N,0900
US1TXAR0014,20201127,SNOW,0,,,N,0900
US1TXAR0014,20201130,SNOW,0,,,N,0900
US1TXAR0014,20201101,DAPR,2,,L,N,0800
US1TXAR0014,20201201,PRCP,0,,,N,0900
US1TXAR0014,20201202,PRCP,0,,,N,0900
US1TXAR0014,20201203,PRCP,0,,,N,0900
US1TXAR0014,20201204,PRCP,0,,,N,0900
US1TXAR0014,20201205,PRCP,0,,,N,0900
US1TXAR0014,20201206,PRCP,38,,,N,0800
US1TXAR0014,20201207,PRCP,0,,,N,0900
US1TXAR0014,20201208,PRCP,0,,,N,0900
US1TXAR0014,20201209,PRCP,0,,,N,0900
US1TXAR0014,20201210,PRCP,0,,,N,0900
US1TXAR0014,20201211,PRCP,0,,,N,0900
US1TXAR0014,20201212,PRCP,0,,,N,0900
US1TXAR0014,20201213,PRCP,0,,,N,0800
US1TXAR0014,20201214,PRCP,0,T,,N,0900
US1TXAR0014,20201215,PRCP,0,,,N,0900
US1TXAR0014,20201216,PRCP,0,,,N,0900
US1TXAR0014,20201217,PRCP,0,,,N,0900
US1TXAR0014,20201218,PRCP,0,,,N,0900
US1TXAR0014,20201219,PRCP,53,,,N,0900
US1TXAR0014,20201220,PRCP,51,,,N,0800
US1TXAR0014,20201221,PRCP,0,,,N,0900
US1TXAR0014,20201222,PRCP,0,,,N,0900
US1TXAR0014,20201223,PRCP,0,,,N,0900
US1TXAR0014,20201224,PRCP,0,,,N,0900
US1TXAR0014,20201225,PRCP,0,,,N,0900
US1TXAR0014,20201226,PRCP,0,,,N,0900
US1TXAR0014,20201227,PRCP,0,,,N,0800
US1TXAR0014,20201228,PRCP,0,,,N,0900
US1TXAR0014,20201229,PRCP,0,,,N,0900
US1TXAR0014,20201230,PRCP,0,,,N,0900
US1TXAR0014,20201231,PRCP,620,,,N,0900
US1TXAR0014,20201201,SNOW,0,,,N,0900
US1TXAR0014,20201202,SNOW,0,,,N,0900
US1TXAR0014,20201203,SNOW,0,,,N,0900
US1TXAR0014,20201204,SNOW,0,,,N,0900
US1TXAR0014,20201205,SNOW,0,,,N,0900
US1TXAR0014,20201207,SNOW,0,,,N,0900
US1TXAR0014,20201208,SNOW,0,,,N,0900
US1TXAR0014,20201209,SNOW,0,,,N,0900
US1TXAR0014,20201210,SNOW,0,,,N,0900
US1TXAR0014,20201211,SNOW,0,,,N,0900
US1TXAR0014,20201212,SNOW,0,,,N,0900
US1TXAR0014,20201213,SNOW,0,,,N,0800
US1TXAR0014,20201215,SNOW,0,,,N,0900
US1TXAR0014,20201216,SNOW,0,,,N,0900
US1TXAR0014,20201217,SNOW,0,,,N,0900
US1TXAR0014,20201218,SNOW,0,,,N,0900
US1TXAR0014,20201221,SNOW,0,,,N,0900
US1TXAR0014,20201222,SNOW,0,,,N,0900
US1TXAR0014,20201223,SNOW,0,,,N,0900
US1TXAR0014,20201224,SNOW,0,,,N,0900
US1TXAR0014,20201225,SNOW,0,,,N,0900
US1TXAR0014,20201226,SNOW,0,,,N,0900
US1TXAR0014,20201227,SNOW,0,,,N,0800
US1TXAR0014,20201228,SNOW,0,,,N,0900
US1TXAR0014,20201229,SNOW,0,,,N,0900
US1TXAR0014,20201230,SNOW,0,,,N,0900
US1TXAR0014,20210101,PRCP,8,,,N,0900
US1TXAR0014,20210102,PRCP,0,,,N,0900
US1TXAR0014,20210103,PRCP,0,,,N,0800
US1TXAR0014,20210104,PRCP,0,,,N,0900
US1TXAR0014,20210105,PRCP,0,,,N,0900
US1TXAR0014,20210106,PRCP,5,,,N,0900
US1TXAR0014,20210107,PRCP,0,T,,N,0900
US1TXAR0014,20210108,PRCP,0,,,N,0900
US1TXAR0014,20210109,PRCP,0,,,N,0900
US1TXAR0014,20210110,PRCP,51,,,N,0800
US1TXAR0014,20210111,PRCP,272,,,N,0900
US1TXAR0014,20210112,PRCP,0,,,N,0900
US1TXAR0014,20210113,PRCP,0,,,N,0900
US1TXAR0014,20210114,PRCP,0,,,N,0900
US1TXAR0014,20210115,PRCP,0,,,N,0900
US1TXAR0014,20210116,PRCP,0,,,N,0900
US1TXAR0014,20210117,PRCP,0,,,N,0700
US1TXAR0014,20210118,PRCP,0,,,N,0900
US1TXAR0014,20210119,PRCP,0,,,N,0800
US1TXAR0014,20210120,PRCP,0,,,N,0900
US1TXAR0014,20210121,PRCP,15,,,N,0700
US1TXAR0014,20210122,PRCP,15,,,N,0900
US1TXAR0014,20210123,PRCP,0,T,,N,0900
US1TXAR0014,20210124,PRCP,0,T,,N,0700
US1TXAR0014,20210125,PRCP,0,,,N,0900
US1TXAR0014,20210126,PRCP,0,,,N,0900
US1TXAR0014,20210127,PRCP,0,,,N,0900
US1TXAR0014,20210128,PRCP,0,,,N,0900
US1TXAR0014,20210129,PRCP,0,,,N,0900
US1TXAR0014,20210130,PRCP,0,,,N,0900
US1TXAR0014,20210131,PRCP,0,,,N,0700
US1TXAR0014,20210102,SNOW,0,,,N,0900
US1TXAR0014,20210103,SNOW,0,,,N,0800
US1TXAR0014,20210104,SNOW,0,,,N,0900
US1TXAR0014,20210105,SNOW,0,,,N,0900
US1TXAR0014,20210108,SNOW,0,,,N,0900
US1TXAR0014,20210109,SNOW,0,,,N,0900
US1TXAR0014,20210112,SNOW,0,,,N,0900
US1TXAR0014,20210113,SNOW,0,,,N,0900
US1TXAR0014,20210114,SNOW,0,,,N,0900
US1TXAR0014,20210115,SNOW,0,,,N,0900
US1TXAR0014,20210116,SNOW,0,,,N,0900
US1TXAR0014,20210117,SNOW,0,,,N,0700
US1TXAR0014,20210118,SNOW,0,,,N,0900
US1TXAR0014,20210119,SNOW,0,,,N,0800
US1TXAR0014,20210120,SNOW,0,,,N,0900
US1TXAR0014,20210123,SNOW,0,,,N,0900
US1TXAR0014,20210125,SNOW,0,,,N,0900
US1TXAR0014,20210126,SNOW,0,,,N,0900
US1TXAR0014,20210127,SNOW,0,,,N,0900
US1TXAR0014,20210128,SNOW,0,,,N,0900
US1TXAR0014,20210129,SNOW,0,,,N,0900
US1TXAR0014,20210130,SNOW,0,,,N,0900
US1TXAR0014,20210131,SNOW,0,,,N,0700
US1TXAR0014,20210201,PRCP,0,,,N,0900
US1TXAR0014,20210202,PRCP,0,,,N,0900
US1TXAR0014,20210203,PRCP,0,,,N,0900
US1TXAR0014,20210204,PRCP,0,,,N,0900
US1TXAR0014,20210205,PRCP,0,,,N,0900
US1TXAR0014,20210206,PRCP,3,,,N,0900
US1TXAR0014,20210207,PRCP,0,T,,N,0700
US1TXAR0014,20210208,PRCP,0,,,N,0900
US1TXAR0014,20210209,PRCP,0,,,N,0900
US1TXAR0014,20210210,PRCP,5,,,N,0900
US1TXAR0014,20210211,PRCP,5,,,N,0900
US1TXAR0014,20210212,PRCP,8,,,N,0900
US1TXAR0014,20210213,PRCP,0,T,,N,0900
US1TXAR0014,20210214,PRCP,10,,,N,0700
US1TXAR0014,20210215,PRCP,41,,,N,0900
US1TXAR0014,20210218,PRCP,5,,,N,0900
US1TXAR0014,20210219,PRCP,0,,,N,0900
US1TXAR0014,20210220,PRCP,0,,,N,0900
US1TXAR0014,20210221,PRCP,0,,,N,0730
US1TXAR0014,20210222,PRCP,0,,,N,0900
US1TXAR0014,20210223,PRCP,0,,,N,0900
US1TXAR0014,20210224,PRCP,0,,,N,0900
US1TXAR0014,20210225,PRCP,0,,,N,0900
US1TXAR0014,20210226,PRCP,0,,,N,0900
US1TXAR0014,20210227,PRCP,0,,,N,0900
US1TXAR0014,20210228,PRCP,0,,,N,0800
US1TXAR0014,20210201,SNOW,0,,,N,0900
US1TXAR0014,20210202,SNOW,0,,,N,0900
US1TXAR0014,20210203,SNOW,0,,,N,0900
US1TXAR0014,20210204,SNOW,0,,,N,0900
US1TXAR0014,20210205,SNOW,0,,,N,0900
US1TXAR0014,20210208,SNOW,0,,,N,0900
US1TXAR0014,20210209,SNOW,0,,,N,0900
US1TXAR0014,20210219,SNOW,0,,,N,0900
US1TXAR0014,20210220,SNOW,0,,,N,0900
US1TXAR0014,20210221,SNOW,0,,,N,0730
US1TXAR0014,20210222,SNOW,0,,,N,0900
US1TXAR0014,20210223,SNOW,0,,,N,0900
US1TXAR0014,20210224,SNOW,0,,,N,0900
US1TXAR0014,20210225,SNOW,0,,,N,0900
US1TXAR0014,20210226,SNOW,0,,,N,0900
US1TXAR0014,20210227,SNOW,0,,,N,0900
US1TXAR0014,20210228,SNOW,0,,,N,0800
US1TXAR0014,20210301,PRCP,0,,,N,0700
US1TXAR0014,20210302,PRCP,104,,,N,0900
US1TXAR0014,20210303,PRCP,0,,,N,0900
US1TXAR0014,20210304,PRCP,0,,,N,0900
US1TXAR0014,20210305,PRCP,5,,,N,0900
US1TXAR0014,20210306,PRCP,0,,,N,0900
US1TXAR0014,20210307,PRCP,0,,,N,0700
US1TXAR0014,20210308,PRCP,0,,,N,0900
US1TXAR0014,20210309,PRCP,3,,,N,0900
US1TXAR0014,20210310,PRCP,0,,,N,0900
US1TXAR0014,20210311,PRCP,0,,,N,0900
US1TXAR0014,20210312,PRCP,0,,,N,0900
US1TXAR0014,20210313,PRCP,0,,,N,0900
US1TXAR0014,20210314,PRCP,0,,,N,0700
US1TXAR0014,20210315,PRCP,28,,,N,0900
US1TXAR0014,20210316,PRCP,8,,,N,0900
US1TXAR0014,20210317,PRCP,10,,,N,0900
US1TXAR0014,20210318,PRCP,13,,,N,0900
US1TXAR0014,20210319,PRCP,0,,,N,0900
US1TXAR0014,20210320,PRCP,0,,,N,0900
US1TXAR0014,20210321,PRCP,0,,,N,0700
US1TXAR0014,20210324,PRCP,0,,,N,0900
US1TXAR0014,20210325,PRCP,0,,,N,0900
US1TXAR0014,20210326,PRCP,0,,,N,0900
US1TXAR0014,20210327,PRCP,0,,,N,0900
US1TXAR0014,20210328,PRCP,3,,,N,0700
US1TXAR0014,20210329,PRCP,5,,,N,0900
US1TXAR0014,20210330,PRCP,0,T,,N,0600
US1TXAR0014,20210331,PRCP,0,,,N,0900
US1TXAR0014,20210301,SNOW,0,,,N,0700
US1TXAR0014,20210303,SNOW,0,,,N,0900
US1TXAR0014,20210304,SNOW,0,,,N,0900
US1TXAR0014,20210306,SNOW,0,,,N,0900
US1TXAR0014,20210307,SNOW,0,,,N,0700
US1TXAR0014,20210308,SNOW,0,,,N,0900
US1TXAR0014,20210310,SNOW,0,,,N,0900
US1TXAR0014,20210311,SNOW,0,,,N,0900
US1TXAR0014,20210312,SNOW,0,,,N,0900
US1TXAR0014,20210313,SNOW,0,,,N,0900
US1TXAR0014,20210314,SNOW,0,,,N,0700
US1TXAR0014,20210319,SNOW,0,,,N,0900
US1TXAR0014,20210320,SNOW,0,,,N,0900
US1TXAR0014,20210321,SNOW,0,,,N,0700
US1TXAR0014,20210324,SNOW,0,,,N,0900
US1TXAR0014,20210325,SNOW,0,,,N,0900
US1TXAR0014,20210326,SNOW,0,,,N,0900
US1TXAR0014,20210327,SNOW,0,,,N,0900
US1TXAR0014,20210331,SNOW,0,,,N,0900
US1TXAR0014,20210323,DAPR,2,,,N,0900
US1TXAR0014,20210323,MDPR,0,T,,N,0900
US1TXAR0014,20210401,PRCP,18,,,N,0900
US1TXAR0014,20210402,PRCP,0,,,N,0900
US1TXAR0014,20210403,PRCP,0,,,N,0900
US1TXAR0014,20210404,PRCP,0,,,N,0700
US1TXAR0014,20210405,PRCP,0,,,N,0700
US1TXAR0014,20210406,PRCP,0,,,N,0900
US1TXAR0014,20210407,PRCP,0,,,N,0900
US1TXAR0014,20210408,PRCP,0,,,N,0900
US1TXAR0014,20210409,PRCP,0,,,N,0900
US1TXAR0014,20210410,PRCP,3,,,N,0900
US1TXAR0014,20210411,PRCP,0,,,N,0700
US1TXAR0014,20210412,PRCP,0,,,N,0900
US1TXAR0014,20210413,PRCP,0,,,N,0600
US1TXAR0014,20210414,PRCP,0,T,,N,0900
US1TXAR0014,20210415,PRCP,13,,,N,0900
US1TXAR0014,20210416,PRCP,5,,,N,0900
US1TXAR0014,20210417,PRCP,5,,,N,0900
US1TXAR0014,20210418,PRCP,18,,,N,0700
US1TXAR0014,20210419,PRCP,3,,,N,0900
US1TXAR0014,20210420,PRCP,0,,,N,0900
US1TXAR0014,20210421,PRCP,0,,,N,0900
US1TXAR0014,20210422,PRCP,0,,,N,0900
US1TXAR0014,20210423,PRCP,0,,,N,0900
US1TXAR0014,20210424,PRCP,3,,,N,0900
US1TXAR0014,20210425,PRCP,0,,,N,0700
US1TXAR0014,20210426,PRCP,0,,,N,0900
US1TXAR0014,20210427,PRCP,0,,,N,0900
US1TXAR0014,20210428,PRCP,0,,,N,0900
US1TXAR0014,20210429,PRCP,0,,,N,0900
US1TXAR0014,20210430,PRCP,411,,,N,0900
US1TXAR0014,20210402,SNOW,0,,,N,0900
US1TXAR0014,20210403,SNOW,0,,,N,0900
US1TXAR0014,20210404,SNOW,0,,,N,0700
US1TXAR0014,20210405,SNOW,0,,,N,0700
US1TXAR0014,20210406,SNOW,0,,,N,0900
US1TXAR0014,20210407,SNOW,0,,,N,0900
US1TXAR0014,20210408,SNOW,0,,,N,0900
US1TXAR0014,20210409,SNOW,0,,,N,0900
US1TXAR0014,20210411,SNOW,0,,,N,0700
US1TXAR0014,20210412,SNOW,0,,,N,0900
US1TXAR0014,20210413,SNOW,0,,,N,0600
US1TXAR0014,20210420,SNOW,0,,,N,0900
US1TXAR0014,20210421,SNOW,0,,,N,0900
US1TXAR0014,20210422,SNOW,0,,,N,0900
US1TXAR0014,20210423,SNOW,0,,,N,0900
US1TXAR0014,20210425,SNOW,0,,,N,0700
US1TXAR0014,20210426,SNOW,0,,,N,0900
US1TXAR0014,20210427,SNOW,0,,,N,0900
US1TXAR0014,20210428,SNOW,0,,,N,0900
US1TXAR0014,20210429,SNOW,0,,,N,0900
US1TXAR0014,20210501,PRCP,1519,,,N,0900
US1TXAR0014,20210502,PRCP,140,,,N,0700
US1TXAR0014,20210503,PRCP,0,,,N,0700
US1TXAR0014,20210504,PRCP,0,,,N,0900
US1TXAR0014,20210505,PRCP,0,T,,N,0900
US1TXAR0014,20210506,PRCP,0,,,N,0900
US1TXAR0014,20210507,PRCP,0,,,N,0900
US1TXAR0014,20210508,PRCP,0,,,N,0900
US1TXAR0014,20210509,PRCP,0,,,N,0800
US1TXAR0014,20210510,PRCP,0,,,N,0900
US1TXAR0014,20210511,PRCP,8,,,N,0900
US1TXAR0014,20210512,PRCP,46,,,N,0800
US1TXAR0014,20210513,PRCP,0,,,N,0900
US1TXAR0014,20210514,PRCP,0,,,N,0900
US1TXAR0014,20210515,PRCP,0,,,N,0900
US1TXAR0014,20210516,PRCP,132,,,N,0800
US1TXAR0014,20210517,PRCP,726,,,N,0900
US1TXAR0014,20210518,PRCP,102,,,N,0900
US1TXAR0014,20210519,PRCP,851,,,N,0900
US1TXAR0014,20210520,PRCP,488,,,N,0900
US1TXAR0014,20210521,PRCP,0,,,N,0900
US1TXAR0014,20210522,PRCP,33,,,N,0900
US1TXAR0014,20210523,PRCP,5,,,N,0800
US1TXAR0014,20210524,PRCP,0,,,N,0900
US1TXAR0014,20210525,PRCP,5,,,N,0900
US1TXAR0014,20210526,PRCP,0,,,N,0900
US1TXAR0014,20210527,PRCP,0,,,N,0900
US1TXAR0014,20210528,PRCP,0,,,N,0900
US1TXAR0014,20210529,PRCP,13,,,N,0900
US1TXAR0014,20210530,PRCP,5,,,N,0900
US1TXAR0014,20210531,PRCP,0,,,N,0900
US1TXAR0014,20210503,SNOW,0,,,N,0700
US1TXAR0014,20210504,SNOW,0,,,N,0900
US1TXAR0014,20210506,SNOW,0,,,N,0900
US1TXAR0014,20210507,SNOW,0,,,N,0900
US1TXAR0014,20210508,SNOW,0,,,N,0900
US1TXAR0014,20210509,SNOW,0,,,N,0800
US1TXAR0014,20210510,SNOW,0,,,N,0900
US1TXAR0014,20210513,SNOW,0,,,N,0900
US1TXAR0014,20210514,SNOW,0,,,N,0900
US1TXAR0014,20210515,SNOW,0,,,N,0900
US1TXAR0014,20210521,SNOW,0,,,N,0900
US1TXAR0014,20210524,SNOW,0,,,N,0900
US1TXAR0014,20210526,SNOW,0,,,N,0900
US1TXAR0014,20210527,SNOW,0,,,N,0900
US1TXAR0014,20210528,SNOW,0,,,N,0900
US1TXAR0014,20210531,SNOW,0,,,N,0900
US1TXAR0014,20210601,PRCP,102,,,N,0900
US1TXAR0014,20210602,PRCP,0,T,,N,0900
US1TXAR0014,20210603,PRCP,0,,,N,0900
US1TXAR0014,20210604,PRCP,386,,,N,0900
US1TXAR0014,20210614,PRCP,0,,,N,0900
US1TXAR0014,20210615,PRCP,0,,,N,0900
US1TXAR0014,20210616,PRCP,0,,,N,0900
US1TXAR0014,20210617,PRCP,0,,,N,0900
US1TXAR0014,20210618,PRCP,0,,,N,0900
US1TXAR0014,20210619,PRCP,0,,,N,0900
US1TXAR0014,20210620,PRCP,0,,,N,0800
US1TXAR0014,20210621,PRCP,0,T,,N,0900
US1TXAR0014,20210622,PRCP,18,,,N,0900
US1TXAR0014,20210623,PRCP,394,,,N,0700
US1TXAR0014,20210624,PRCP,5,,,N,0900
US1TXAR0014,20210625,PRCP,0,,,N,0900
US1TXAR0014,20210626,PRCP,0,,,N,0900
US1TXAR0014,20210627,PRCP,20,,,N,0800
US1TXAR0014,20210628,PRCP,5,,,N,0900
US1TXAR0014,20210629,PRCP,114,,,N,0900
US1TXAR0014,20210630,PRCP,20,,,N,0900
US1TXAR0014,20210603,SNOW,0,,,N,0900
US1TXAR0014,20210614,SNOW,0,,,N,0900
US1TXAR0014,20210615,SNOW,0,,,N,0900
US1TXAR0014,20210616,SNOW,0,,,N,0900
US1TXAR0014,20210617,SNOW,0,,,N,0900
US1TXAR0014,20210618,SNOW,0,,,N,0900
US1TXAR0014,20210619,SNOW,0,,,N,0900
US1TXAR0014,20210620,SNOW,0,,,N,0800
US1TXAR0014,20210625,SNOW,0,,,N,0900
US1TXAR0014,20210626,SNOW,0,,,N,0900
US1TXAR0014,20210701,PRCP,23,,,N,0900
US1TXAR0014,20210702,PRCP,20,,,N,0900
US1TXAR0014,20210703,PRCP,51,,,N,0900
US1TXAR0014,20210704,PRCP,0,,,N,0800
US1TXAR0014,20210705,PRCP,168,,,N,0900
US1TXAR0014,20210706,PRCP,1593,,,N,1000
US1TXAR0014,20210707,PRCP,864,,,N,0900
US1TXAR0014,20210708,PRCP,831,,,N,0900
US1TXAR0014,20210709,PRCP,541,,,N,0900
US1TXAR0014,20210710,PRCP,5,,,N,0900
US1TXAR0014,20210711,PRCP,0,T,,N,0800
US1TXAR0014,20210712,PRCP,0,,,N,0900
US1TXAR0014,20210713,PRCP,0,,,N,0900
US1TXAR0014,20210714,PRCP,20,,,N,0900
US1TXAR0014,20210715,PRCP,41,,,N,0900
US1TXAR0014,20210716,PRCP,0,,,N,0900
US1TXAR0014,20210717,PRCP,0,,,N,0900
US1TXAR0014,20210718,PRCP,0,,,N,0800
US1TXAR0014,20210719,PRCP,0,,,N,0900
US1TXAR0014,20210720,PRCP,211,,,N,1040
US1TXAR0014,20210721,PRCP,25,,,N,0900
US1TXAR0014,20210722,PRCP,53,,,N,0900
US1TXAR0014,20210723,PRCP,3,,,N,0900
US1TXAR0014,20210724,PRCP,0,,,N,0900
US1TXAR0014,20210725,PRCP,0,,,N,0700
US1TXAR0014,20210726,PRCP,0,,,N,0900
US1TXAR0014,20210727,PRCP,0,,,N,0900
US1TXAR0014,20210728,PRCP,0,,,N,0900
US1TXAR0014,20210729,PRCP,0,,,N,0900
US1TXAR0014,20210730,PRCP,66,,,N,0900
US1TXAR0014,20210731,PRCP,0,,,N,1000
US1TXAR0014,20210704,SNOW,0,,,N,0800
US1TXAR0014,20210712,SNOW,0,,,N,0900
US1TXAR0014,20210713,SNOW,0,,,N,0900
US1TXAR0014,20210716,SNOW,0,,,N,0900
US1TXAR0014,20210717,SNOW,0,,,N,0900
US1TXAR0014,20210718,SNOW,0,,,N,0800
US1TXAR0014,20210719,SNOW,0,,,N,0900
US1TXAR0014,20210724,SNOW,0,,,N,0900
US1TXAR0014,20210725,SNOW,0,,,N,0700
US1TXAR0014,20210726,SNOW,0,,,N,0900
US1TXAR0014,20210727,SNOW,0,,,N,0900
US1TXAR0014,20210728,SNOW,0,,,N,0900
US1TXAR0014,20210729,SNOW,0,,,N,0900
US1TXAR0014,20210731,SNOW,0,,,N,1000
US1TXAR0014,20210801,PRCP,0,,,N,0800
US1TXAR0014,20210802,PRCP,0,,,N,0800
US1TXAR0014,20210803,PRCP,0,,,N,0900
US1TXAR0014,20210804,PRCP,0,,,N,0900
US1TXAR0014,20210805,PRCP,23,,,N,0900
US1TXAR0014,20210806,PRCP,15,,,N,0700
US1TXAR0014,20210807,PRCP,3,,,N,0900
US1TXAR0014,20210808,PRCP,0,,,N,0800
US1TXAR0014,20210809,PRCP,0,,,N,0900
US1TXAR0014,20210810,PRCP,0,,,N,0900
US1TXAR0014,20210811,PRCP,0,,,N,0900
US1TXAR0014,20210812,PRCP,0,T,,N,0900
US1TXAR0014,20210813,PRCP,0,,,N,0900
US1TXAR0014,20210814,PRCP,0,,,N,0900
US1TXAR0014,20210815,PRCP,0,,,N,0700
US1TXAR0014,20210816,PRCP,0,,,N,0900
US1TXAR0014,20210817,PRCP,8,,,N,0900
US1TXAR0014,20210818,PRCP,38,,,N,0900
US1TXAR0014,20210819,PRCP,23,,,N,0900
US1TXAR0014,20210820,PRCP,0,,,N,0830
US1TXAR0014,20210821,PRCP,0,,,N,0900
US1TXAR0014,20210822,PRCP,0,,,N,0800
US1TXAR0014,20210823,PRCP,0,,,N,0900
US1TXAR0014,20210824,PRCP,0,,,N,0900
US1TXAR0014,20210825,PRCP,0,,,N,0900
US1TXAR0014,20210826,PRCP,0,,,N,0900
US1TXAR0014,20210827,PRCP,8,,,N,0900
US1TXAR0014,20210828,PRCP,18,,,N,0900
US1TXAR0014,20210829,PRCP,23,,,N,0800
US1TXAR0014,20210830,PRCP,0,,,N,0900
US1TXAR0014,20210831,PRCP,0,,,N,0900
US1TXAR0014,20210801,SNOW,0,,,N,0800
US1TXAR0014,20210802,SNOW,0,,,N,0800
US1TXAR0014,20210803,SNOW,0,,,N,0900
US1TXAR0014,20210804,SNOW,0,,,N,0900
US1TXAR0014,20210808,SNOW,0,,,N,0800
US1TXAR0014,20210809,SNOW,0,,,N,0900
US1TXAR0014,20210810,SNOW,0,,,N,0900
US1TXAR0014,20210811,SNOW,0,,,N,0900
US1TXAR0014,20210813,SNOW,0,,,N,0900
US1TXAR0014,20210814,SNOW,0,,,N,0900
US1TXAR0014,20210815,SNOW,0,,,N,0700
US1TXAR0014,20210816,SNOW,0,,,N,0900
US1TXAR0014,20210820,SNOW,0,,,N,0830
US1TXAR0014,20210821,SNOW,0,,,N,0900
US1TXAR0014,20210822,SNOW,0,,,N,0800
US1TXAR0014,20210823,SNOW,0,,,N,0900
US1TXAR0014,20210824,SNOW,0,,,N,0900
US1TXAR0014,20210825,SNOW,0,,,N,0900
US1TXAR0014,20210826,SNOW,0,,,N,0900
US1TXAR0014,20210830,SNOW,0,,,N,0900
US1TXAR0014,20210831,SNOW,0,,,N,0900
US1TXAR0014,20210901,PRCP,0,,,N,0900
US1TXAR0014,20210902,PRCP,0,,,N,0900
US1TXAR0014,20210903,PRCP,8,,,N,0900
US1TXAR0014,20210904,PRCP,13,,,N,0900
US1TXAR0014,20210905,PRCP,0,,,N,0800
US1TXAR0014,20210906,PRCP,0,,,N,0900
US1TXAR0014,20210907,PRCP,0,,,N,0900
US1TXAR0014,20210908,PRCP,0,,,N,0900
US1TXAR0014,20210909,PRCP,0,,,N,0800
US1TXAR0014,20210910,PRCP,0,,,N,0900
US1TXAR0014,20210911,PRCP,0,,,N,0900
US1TXAR0014,20210912,PRCP,13,,,N,0800
US1TXAR0014,20210913,PRCP,145,,,N,0900
US1TXAR0014,20210914,PRCP,13,,,N,0900
US1TXAR0014,20210915,PRCP,0,,,N,0900
US1TXAR0014,20210916,PRCP,0,,,N,0900
US1TXAR0014,20210917,PRCP,0,,,N,0900
US1TXAR0014,20210918,PRCP,0,,,N,0900
US1TXAR0014,20210919,PRCP,0,,,N,0800
US1TXAR0014,20210920,PRCP,0,,,N,0900
US1TXAR0014,20210921,PRCP,0,,,N,0900
US1TXAR0014,20210922,PRCP,41,,,N,0900
US1TXAR0014,20210923,PRCP,0,,,N,0900
US1TXAR0014,20210924,PRCP,0,,,N,0900
US1TXAR0014,20210925,PRCP,0,,,N,0900
US1TXAR0014,20210926,PRCP,0,,,N,0800
US1TXAR0014,20210927,PRCP,0,,,N,0900
US1TXAR0014,20210928,PRCP,0,,,N,0700
US1TXAR0014,20210929,PRCP,203,,,N,0800
US1TXAR0014,20210930,PRCP,373,,,N,0900
US1TXAR0014,20210901,SNOW,0,,,N,0900
US1TXAR0014,20210902,SNOW,0,,,N,0900
US1TXAR0014,20210905,SNOW,0,,,N,0800
US1TXAR0014,20210906,SNOW,0,,,N,0900
US1TXAR0014,20210907,SNOW,0,,,N,0900
US1TXAR0014,20210908,SNOW,0,,,N,0900
US1TXAR0014,20210909,SNOW,0,,,N,0800
US1TXAR0014,20210910,SNOW,0,,,N,0900
US1TXAR0014,20210911,SNOW,0,,,N,0900
US1TXAR0014,20210915,SNOW,0,,,N,0900
US1TXAR0014,20210916,SNOW,0,,,N,0900
US1TXAR0014,20210917,SNOW,0,,,N,0900
US1TXAR0014,20210918,SNOW,0,,,N,0900
US1TXAR0014,20210919,SNOW,0,,,N,0800
US1TXAR0014,20210920,SNOW,0,,,N,0900
US1TXAR0014,20210921,SNOW,0,,,N,0900
US1TXAR0014,20210923,SNOW,0,,,N,0900
US1TXAR0014,20210924,SNOW,0,,,N,0900
US1TXAR0014,20210925,SNOW,0,,,N,0900
US1TXAR0014,20210926,SNOW,0,,,N,0800
US1TXAR0014,20210927,SNOW,0,,,N,0900
US1TXAR0014,20210928,SNOW,0,,,N,0700
US1TXAR0014,20211001,PRCP,1072,,,N,0900
US1TXAR0014,20211002,PRCP,71,,,N,0900
US1TXAR0014,20211003,PRCP,5,,,N,0800
US1TXAR0014,20211004,PRCP,0,,,N,0900
US1TXAR0014,20211005,PRCP,0,,,N,0900
US1TXAR0014,20211006,PRCP,0,,,N,0900
US1TXAR0014,20211007,PRCP,0,,,N,0800
US1TXAR0014,20211008,PRCP,0,,,N,0900
US1TXAR0014,20211009,PRCP,0,,,N,0900
US1TXAR0014,20211010,PRCP,0,,,N,0800
US1TXAR0014,20211011,PRCP,5,,,N,0900
US1TXAR0014,20211012,PRCP,0,,,N,0900
US1TXAR0014,20211013,PRCP,0,,,N,0900
US1TXAR0014,20211014,PRCP,0,,,N,0900
US1TXAR0014,20211015,PRCP,795,,,N,0900
US1TXAR0014,20211016,PRCP,5,,,N,0900
US1TXAR0014,20211017,PRCP,0,,,N,0800
US1TXAR0014,20211018,PRCP,0,,,N,0900
US1TXAR0014,20211019,PRCP,0,,,N,0900
US1TXAR0014,20211020,PRCP,0,,,N,0800
US1TXAR0014,20211021,PRCP,0,,,N,0900
US1TXAR0014,20211022,PRCP,0,,,N,0900
US1TXAR0014,20211023,PRCP,38,,,N,0900
US1TXAR0014,20211024,PRCP,0,,,N,0800
US1TXAR0014,20211025,PRCP,0,,,N,0900
US1TXAR0014,20211026,PRCP,0,,,N,0900
US1TXAR0014,20211027,PRCP,8,,,N,0900
US1TXAR0014,20211028,PRCP,10,,,N,0900
US1TXAR0014,20211029,PRCP,0,,,N,0900
US1TXAR0014,20211030,PRCP,0,,,N,0900
US1TXAR0014,20211031,PRCP,0,,,N,0800
US1TXAR0014,20211004,SNOW,0,,,N,0900
US1TXAR0014,20211005,SNOW,0,,,N,0900
US1TXAR0014,20211006,SNOW,0,,,N,0900
US1TXAR0014,20211007,SNOW,0,,,N,0800
US1TXAR0014,20211008,SNOW,0,,,N,0900
US1TXAR0014,20211009,SNOW,0,,,N,0900
US1TXAR0014,20211010,SNOW,0,,,N,0800
US1TXAR0014,20211012,SNOW,0,,,N,0900
US1TXAR0014,20211013,SNOW,0,,,N,0900
US1TXAR0014,20211014,SNOW,0,,,N,0900
US1TXAR0014,20211017,SNOW,0,,,N,0800
US1TXAR0014,20211018,SNOW,0,,,N,0900
US1TXAR0014,20211019,SNOW,0,,,N,0900
US1TXAR0014,20211020,SNOW,0,,,N,0800
US1TXAR0014,20211021,SNOW,0,,,N,0900
US1TXAR0014,20211022,SNOW,0,,,N,0900
US1TXAR0014,20211024,SNOW,0,,,N,0800
US1TXAR0014,20211025,SNOW,0,,,N,0900
US1TXAR0014,20211026,SNOW,0,,,N,0900
US1TXAR0014,20211029,SNOW,0,,,N,0900
US1TXAR0014,20211030,SNOW,0,,,N,0900
US1TXAR0014,20211031,SNOW,0,,,N,0800
US1TXAR0014,20211101,PRCP,0,,,N,0900
US1TXAR0014,20211102,PRCP,0,,,N,0800
US1TXAR0014,20211103,PRCP,0,,,N,0900
US1TXAR0014,20211104,PRCP,323,,,N,0900
US1TXAR0014,20211105,PRCP,0,,,N,0900
US1TXAR0014,20211106,PRCP,0,,,N,0900
US1TXAR0014,20211107,PRCP,0,,,N,0800
US1TXAR0014,20211108,PRCP,0,,,N,0900
US1TXAR0014,20211109,PRCP,0,,,N,0900
US1TXAR0014,20211110,PRCP,0,,,N,0900
US1TXAR0014,20211111,PRCP,0,,,N,0900
US1TXAR0014,20211112,PRCP,0,,,N,0900
US1TXAR0014,20211113,PRCP,0,,,N,0900
US1TXAR0014,20211114,PRCP,0,,,N,0800
US1TXAR0014,20211115,PRCP,0,,,N,0900
US1TXAR0014,20211116,PRCP,0,,,N,0900
US1TXAR0014,20211117,PRCP,0,,,N,0900
US1TXAR0014,20211119,PRCP,5,,,N,0900
US1TXAR0014,20211120,PRCP,0,,,N,0900
US1TXAR0014,20211121,PRCP,0,,,N,0800
US1TXAR0014,20211122,PRCP,0,,,N,0900
US1TXAR0014,20211123,PRCP,0,,,N,0900
US1TXAR0014,20211124,PRCP,0,,,N,0900
US1TXAR0014,20211125,PRCP,0,T,,N,0900
US1TXAR0014,20211126,PRCP,193,,,N,0900
US1TXAR0014,20211127,PRCP,5,,,N,0900
US1TXAR0014,20211128,PRCP,10,,,N,0700
US1TXAR0014,20211129,PRCP,3,,,N,0900
US1TXAR0014,20211130,PRCP,0,,,N,0900
US1TXAR0014,20211101,SNOW,0,,,N,0900
US1TXAR0014,20211102,SNOW,0,,,N,0800
US1TXAR0014,20211103,SNOW,0,,,N,0900
US1TXAR0014,20211105,SNOW,0,,,N,0900
US1TXAR0014,20211106,SNOW,0,,,N,0900
US1TXAR0014,20211107,SNOW,0,,,N,0800
US1TXAR0014,20211108,SNOW,0,,,N,0900
US1TXAR0014,20211109,SNOW,0,,,N,0900
US1TXAR0014,20211110,SNOW,0,,,N,0900
US1TXAR0014,20211111,SNOW,0,,,N,0900
US1TXAR0014,20211112,SNOW,0,,,N,0900
US1TXAR0014,20211113,SNOW,0,,,N,0900
US1TXAR0014,20211114,SNOW,0,,,N,0800
US1TXAR0014,20211115,SNOW,0,,,N,0900
US1TXAR0014,20211116,SNOW,0,,,N,0900
US1TXAR0014,20211117,SNOW,0,,,N,0900
US1TXAR0014,20211120,SNOW,0,,,N,0900
US1TXAR0014,20211121,SNOW,0,,,N,0800
US1TXAR0014,20211122,SNOW,0,,,N,0900
US1TXAR0014,20211123,SNOW,0,,,N,0900
US1TXAR0014,20211124,SNOW,0,,,N,0900
US1TXAR0014,20211130,SNOW,0,,,N,0900
US1TXAR0014,20211201,PRCP,0,,,N,0900
US1TXAR0014,20211202,PRCP,0,,,N,0700
US1TXAR0014,20211203,PRCP,0,,,N,0900
US1TXAR0014,20211204,PRCP,0,,,N,0900
US1TXAR0014,20211205,PRCP,0,,,N,0700
US1TXAR0014,20211206,PRCP,0,,,N,0900
US1TXAR0014,20211207,PRCP,0,T,,N,0900
US1TXAR0014,20211208,PRCP,0,,,N,0900
US1TXAR0014,20211209,PRCP,0,,,N,0900
US1TXAR0014,20211210,PRCP,0,,,N,0900
US1TXAR0014,20211211,PRCP,0,,,N,0900
US1TXAR0014,20211212,PRCP,0,,,N,0700
US1TXAR0014,20211213,PRCP,13,,,N,0900
US1TXAR0014,20211214,PRCP,25,,,N,0900
US1TXAR0014,20211215,PRCP,5,,,N,0900
US1TXAR0014,20211216,PRCP,0,,,N,0700
US1TXAR0014,20211217,PRCP,0,,,N,0900
US1TXAR0014,20211218,PRCP,0,,,N,0900
US1TXAR0014,20211219,PRCP,10,,,N,0700
US1TXAR0014,20211220,PRCP,46,,,N,0900
US1TXAR0014,20211221,PRCP,0,,,N,0900
US1TXAR0014,20211222,PRCP,0,,,N,0900
US1TXAR0014,20211223,PRCP,0,,,N,0900
US1TXAR0014,20211224,PRCP,0,,,N,0900
US1TXAR0014,20211225,PRCP,0,,,N,0900
US1TXAR0014,20211226,PRCP,0,,,N,0700
US1TXAR0014,20211227,PRCP,0,,,N,0900
US1TXAR0014,20211228,PRCP,0,,,N,0900
US1TXAR0014,20211229,PRCP,0,,,N,0700
US1TXAR0014,20211230,PRCP,0,,,N,0900
US1TXAR0014,20211231,PRCP,0,,,N,0900
US1TXAR0014,20211201,SNOW,0,,,N,0900
US1TXAR0014,20211202,SNOW,0,,,N,0700
US1TXAR0014,20211203,SNOW,0,,,N,0900
US1TXAR0014,20211204,SNOW,0,,,N,0900
US1TXAR0014,20211205,SNOW,0,,,N,0700
US1TXAR0014,20211206,SNOW,0,,,N,0900
US1TXAR0014,20211208,SNOW,0,,,N,0900
US1TXAR0014,20211209,SNOW,0,,,N,0900
US1TXAR0014,20211210,SNOW,0,,,N,0900
US1TXAR0014,20211211,SNOW,0,,,N,0900
US1TXAR0014,20211212,SNOW,0,,,N,0700
US1TXAR0014,20211216,SNOW,0,,,N,0700
US1TXAR0014,20211217,SNOW,0,,,N,0900
US1TXAR0014,20211218,SNOW,0,,,N,0900
US1TXAR0014,20211221,SNOW,0,,,N,0900
US1TXAR0014,20211222,SNOW,0,,,N,0900
US1TXAR0014,20211223,SNOW,0,,,N,0900
US1TXAR0014,20211224,SNOW,0,,,N,0900
US1TXAR0014,20211225,SNOW,0,,,N,0900
US1TXAR0014,20211226,SNOW,0,,,N,0700
US1TXAR0014,20211227,SNOW,0,,,N,0900
US1TXAR0014,20211228,SNOW,0,,,N,0900
US1TXAR0014,20211229,SNOW,0,,,N,0700
US1TXAR0014,20211230,SNOW,0,,,N,0900
US1TXAR0014,20211231,SNOW,0,,,N,0900
US1TXAR0014,20220101,PRCP,0,,,N,0700
US1TXAR0014,20220102,PRCP,0,,,N,0700
US1TXAR0014,20220103,PRCP,0,,,N,0900
US1TXAR0014,20220104,PRCP,0,,,N,0900
US1TXAR0014,20220105,PRCP,0,,,N,0900
US1TXAR0014,20220106,PRCP,5,,,N,0900
US1TXAR0014,20220107,PRCP,0,,,N,0900
US1TXAR0014,20220108,PRCP,71,,,N,0900
US1TXAR0014,20220109,PRCP,3,,,N,0700
US1TXAR0014,20220110,PRCP,13,,,N,0900
US1TXAR0014,20220111,PRCP,0,,,N,0900
US1TXAR0014,20220112,PRCP,0,T,,N,0900
US1TXAR0014,20220113,PRCP,0,T,,N,0900
US1TXAR0014,20220114,PRCP,0,,,N,0700
US1TXAR0014,20220115,PRCP,0,,,N,0900
US1TXAR0014,20220116,PRCP,0,T,,N,0700
US1TXAR0014,20220117,PRCP,0,,,N,0900
US1TXAR0014,20220118,PRCP,0,,,N,0900
US1TXAR0014,20220119,PRCP,0,,,N,0700
US1TXAR0014,20220120,PRCP,0,,,N,0600
US1TXAR0014,20220121,PRCP,13,,,N,0900
US1TXAR0014,20220122,PRCP,0,,,N,0900
US1TXAR0014,20220123,PRCP,0,,,N,0700
US1TXAR0014,20220124,PRCP,28,,,N,0900
US1TXAR0014,20220125,PRCP,206,,,N,0900
US1TXAR0014,20220126,PRCP,0,,,N,0900
US1TXAR0014,20220127,PRCP,0,,,N,0900
US1TXAR0014,20220128,PRCP,41,,,N,0900
US1TXAR0014,20220129,PRCP,3,,,N,0900
US1TXAR0014,20220130,PRCP,0,,,N,0700
US1TXAR0014,20220131,PRCP,18,,,N,0900
US1TXAR0014,20220101,SNOW,0,,,N,0700
US1TXAR0014,20220102,SNOW,0,,,N,0700
US1TXAR0014,20220103,SNOW,0,,,N,0900
US1TXAR0014,20220104,SNOW,0,,,N,0900
US1TXAR0014,20220105,SNOW,0,,,N,0900
US1TXAR0014,20220107,SNOW,0,,,N,0900
US1TXAR0014,20220111,SNOW,0,,,N,0900
US1TXAR0014,20220114,SNOW,0,,,N,0700
US1TXAR0014,20220115,SNOW,0,,,N,0900
US1TXAR0014,20220117,SNOW,0,,,N,0900
US1TXAR0014,20220118,SNOW,0,,,N,0900
US1TXAR0014,20220119,SNOW,0,,,N,0700
US1TXAR0014,20220120,SNOW,0,,,N,0600
US1TXAR0014,20220122,SNOW,0,,,N,0900
US1TXAR0014,20220123,SNOW,0,,,N,0700
US1TXAR0014,20220126,SNOW,0,,,N,0900
US1TXAR0014,20220127,SNOW,0,,,N,0900
US1TXAR0014,20220130,SNOW,0,,,N,0700
US1TXAR0014,20220201,PRCP,272,,,N,0900
US1TXAR0014,20220202,PRCP,0,,,N,0700
US1TXAR0014,20220203,PRCP,13,,,N,0900
US1TXAR0014,20220204,PRCP,5,,,N,0900
US1TXAR0014,20220205,PRCP,0,,,N,0900
US1TXAR0014,20220206,PRCP,0,,,N,0700
US1TXAR0014,20220207,PRCP,23,,,N,0900
US1TXAR0014,20220208,PRCP,0,,,N,0900
US1TXAR0014,20220209,PRCP,0,,,N,0700
US1TXAR0014,20220210,PRCP,0,,,N,0900
US1TXAR0014,20220211,PRCP,0,,,N,0900
US1TXAR0014,20220212,PRCP,0,,,N,0900
US1TXAR0014,20220213,PRCP,0,,,N,0700
US1TXAR0014,20220214,PRCP,0,,,N,0900
US1TXAR0014,20220215,PRCP,0,,,N,0900
US1TXAR0014,20220216,PRCP,0,,,N,0900
US1TXAR0014,20220217,PRCP,0,,,N,0700
US1TXAR0014,20220218,PRCP,0,,,N,0900
US1TXAR0014,20220219,PRCP,0,,,N,0900
US1TXAR0014,20220220,PRCP,0,,,N,0700
US1TXAR0014,20220221,PRCP,5,,,N,0700
US1TXAR0014,20220222,PRCP,0,,,N,0700
US1TXAR0014,20220223,PRCP,0,T,,N,0900
US1TXAR0014,20220224,PRCP,5,,,N,0900
US1TXAR0014,20220225,PRCP,18,,,N,0900
US1TXAR0014,20220226,PRCP,20,,,N,0900
US1TXAR0014,20220227,PRCP,10,,,N,0700
US1TXAR0014,20220228,PRCP,3,,,N,0900
US1TXAR0014,20220202,SNOW,0,,,N,0700
US1TXAR0014,20220205,SNOW,0,,,N,0900
US1TXAR0014,20220206,SNOW,0,,,N,0700
US1TXAR0014,20220208,SNOW,0,,,N,0900
US1TXAR0014,20220209,SNOW,0,,,N,0700
US1TXAR0014,20220210,SNOW,0,,,N,0900
US1TXAR0014,20220211,SNOW,0,,,N,0900
US1TXAR0014,20220212,SNOW,0,,,N,0900
US1TXAR0014,20220213,SNOW,0,,,N,0700
US1TXAR0014,20220214,SNOW,0,,,N,0900
US1TXAR0014,20220215,SNOW,0,,,N,0900
US1TXAR0014,20220216,SNOW,0,,,N,0900
US1TXAR0014,20220217,SNOW,0,,,N,0700
US1TXAR0014,20220218,SNOW,0,,,N,0900
US1TXAR0014,20220219,SNOW,0,,,N,0900
US1TXAR0014,20220220,SNOW,0,,,N,0700
US1TXAR0014,20220221,SNOW,0,,,N,0700
US1TXAR0014,20220222,SNOW,0,,,N,0700
US1TXAR0014,20220301,PRCP,0,,,N,0900
US1TXAR0014,20220302,PRCP,0,,,N,0900
US1TXAR0014,20220303,PRCP,0,,,N,0900
US1TXAR0014,20220304,PRCP,0,,,N,0700
US1TXAR0014,20220305,PRCP,0,,,N,0900
US1TXAR0014,20220306,PRCP,3,,,N,0700
US1TXAR0014,20220307,PRCP,0,,,N,0700
US1TXAR0014,20220308,PRCP,5,,,N,0900
US1TXAR0014,20220309,PRCP,3,,,N,0900
US1TXAR0014,20220310,PRCP,0,,,N,0900
US1TXAR0014,20220311,PRCP,0,,,N,0900
US1TXAR0014,20220312,PRCP,168,,,N,0900
US1TXAR0014,20220313,PRCP,0,,,N,0600
US1TXAR0014,20220314,PRCP,0,,,N,0900
US1TXAR0014,20220315,PRCP,0,,,N,0900
US1TXAR0014,20220316,PRCP,0,,,N,0613
US1TXAR0014,20220317,PRCP,0,,,N,0600
US1TXAR0014,20220318,PRCP,0,T,,N,0900
US1TXAR0014,20220319,PRCP,0,,,N,0900
US1TXAR0014,20220320,PRCP,0,,,N,0800
US1TXAR0014,20220321,PRCP,8,,,N,0600
US1TXAR0014,20220322,PRCP,76,,,N,0900
US1TXAR0014,20220323,PRCP,0,,,N,0800
US1TXAR0014,20220324,PRCP,0,,,N,0800
US1TXAR0014,20220325,PRCP,0,,,N,0700
US1TXAR0014,20220326,PRCP,0,,,N,0900
US1TXAR0014,20220327,PRCP,0,,,N,0700
US1TXAR0014,20220328,PRCP,0,,,N,0900
US1TXAR0014,20220329,PRCP,0,,,N,0900
US1TXAR0014,20220330,PRCP,5,,,N,0900
US1TXAR0014,20220331,PRCP,0,,,N,0800
US1TXAR0014,20220301,SNOW,0,,,N,0900
US1TXAR0014,20220302,SNOW,0,,,N,0900
US1TXAR0014,20220303,SNOW,0,,,N,0900
US1TXAR0014,20220304,SNOW,0,,,N,0700
US1TXAR0014,20220305,SNOW,0,,,N,0900
US1TXAR0014,20220307,SNOW,0,,,N,0700
US1TXAR0014,20220310,SNOW,0,,,N,0900
US1TXAR0014,20220311,SNOW,0,,,N,0900
US1TXAR0014,20220313,SNOW,0,,,N,0600
US1TXAR0014,20220314,SNOW,0,,,N,0900
US1TXAR0014,20220315,SNOW,0,,,N,0900
US1TXAR0014,20220316,SNOW,0,,,N,0613
US1TXAR0014,20220317,SNOW,0,,,N,0600
US1TXAR0014,20220319,SNOW,0,,,N,0900
US1TXAR0014,20220320,SNOW,0,,,N,0800
US1TXAR0014,20220323,SNOW,0,,,N,0800
US1TXAR0014,20220324,SNOW,0,,,N,0800
US1TXAR0014,20220325,SNOW,0,,,N,0700
US1TXAR0014,20220326,SNOW,0,,,N,0900
US1TXAR0014,20220327,SNOW,0,,,N,0700
US1TXAR0014,20220328,SNOW,0,,,N,0900
US1TXAR0014,20220329,SNOW,0,,,N,0900
US1TXAR0014,20220331,SNOW,0,,,N,0800
US1TXAR0014,20220401,PRCP,0,,,N,0900
US1TXAR0014,20220402,PRCP,0,,,N,0800
US1TXAR0014,20220403,PRCP,0,,,N,0700
US1TXAR0014,20220404,PRCP,0,T,,N,0900
US1TXAR0014,20220405,PRCP,0,,,N,0900
US1TXAR0014,20220406,PRCP,0,,,N,0900
US1TXAR0014,20220407,PRCP,0,,,N,0900
US1TXAR0014,20220408,PRCP,0,,,N,0900
US1TXAR0014,20220409,PRCP,0,,,N,0900
US1TXAR0014,20220410,PRCP,0,,,N,0700
US1TXAR0014,20220413,PRCP,0,,,N,0900
US1TXAR0014,20220414,PRCP,0,,,N,0900
US1TXAR0014,20220415,PRCP,0,,,N,0900
US1TXAR0014,20220416,PRCP,3,,,N,0900
US1TXAR0014,20220417,PRCP,0,,,N,0700
US1TXAR0014,20220418,PRCP,0,,,N,0900
US1TXAR0014,20220419,PRCP,0,,,N,0700
US1TXAR0014,20220420,PRCP,0,,,N,0800
US1TXAR0014,20220421,PRCP,0,,,N,0800
US1TXAR0014,20220422,PRCP,0,,,N,0900
US1TXAR0014,20220423,PRCP,0,,,N,0900
US1TXAR0014,20220424,PRCP,0,,,N,0800
US1TXAR0014,20220425,PRCP,0,,,N,0900
US1TXAR0014,20220426,PRCP,5,,,N,0900
US1TXAR0014,20220427,PRCP,0,,,N,0900
US1TXAR0014,20220428,PRCP,0,,,N,0900
US1TXAR0014,20220429,PRCP,0,,,N,0900
US1TXAR0014,20220430,PRCP,0,,,N,0900
US1TXAR0014,20220401,SNOW,0,,,N,0900
US1TXAR0014,20220402,SNOW,0,,,N,0800
US1TXAR0014,20220403,SNOW,0,,,N,0700
US1TXAR0014,20220405,SNOW,0,,,N,0900
US1TXAR0014,20220406,SNOW,0,,,N,0900
US1TXAR0014,20220407,SNOW,0,,,N,0900
US1TXAR0014,20220408,SNOW,0,,,N,0900
US1TXAR0014,20220409,SNOW,0,,,N,0900
US1TXAR0014,20220410,SNOW,0,,,N,0700
US1TXAR0014,20220413,SNOW,0,,,N,0900
US1TXAR0014,20220414,SNOW,0,,,N,0900
US1TXAR0014,20220415,SNOW,0,,,N,0900
US1TXAR0014,20220417,SNOW,0,,,N,0700
US1TXAR0014,20220418,SNOW,0,,,N,0900
US1TXAR0014,20220419,SNOW,0,,,N,0700
US1TXAR0014,20220420,SNOW,0,,,N,0800
US1TXAR0014,20220421,SNOW,0,,,N,0800
US1TXAR0014,20220422,SNOW,0,,,N,0900
US1TXAR0014,20220423,SNOW,0,,,N,0900
US1TXAR0014,20220424,SNOW,0,,,N,0800
US1TXAR0014,20220425,SNOW,0,,,N,0900
US1TXAR0014,20220427,SNOW,0,,,N,0900
US1TXAR0014,20220428,SNOW,0,,,N,0900
US1TXAR0014,20220429,SNOW,0,,,N,0900
US1TXAR0014,20220430,SNOW,0,,,N,0900
US1TXAR0014,20220412,DAPR,2,,,N,0900
US1TXAR0014,20220412,MDPR,5,,,N,0900
US1TXAR0014,20220501,PRCP,0,,,N,0800
US1TXAR0014,20220502,PRCP,0,,,N,0800
US1TXAR0014,20220503,PRCP,0,,,N,0900
US1TXAR0014,20220504,PRCP,0,,,N,0900
US1TXAR0014,20220505,PRCP,0,,,N,0700
US1TXAR0014,20220506,PRCP,0,T,,N,0900
US1TXAR0014,20220507,PRCP,0,,,N,0900
US1TXAR0014,20220508,PRCP,0,,,N,0800
US1TXAR0014,20220509,PRCP,0,,,N,0900
US1TXAR0014,20220510,PRCP,0,,,N,0700
US1TXAR0014,20220511,PRCP,0,,,N,0900
US1TXAR0014,20220512,PRCP,0,,,N,0900
US1TXAR0014,20220513,PRCP,0,,,N,0900
US1TXAR0014,20220514,PRCP,0,,,N,0900
US1TXAR0014,20220515,PRCP,0,,,N,0700
US1TXAR0014,20220516,PRCP,0,,,N,0900
US1TXAR0014,20220517,PRCP,0,,,N,0700
US1TXAR0014,20220518,PRCP,0,,,N,0900
US1TXAR0014,20220519,PRCP,0,,,N,0900
US1TXAR0014,20220520,PRCP,0,,,N,0900
US1TXAR0014,20220521,PRCP,0,T,,N,0900
US1TXAR0014,20220522,PRCP,13,,,N,0700
US1TXAR0014,20220523,PRCP,18,,,N,0900
US1TXAR0014,20220524,PRCP,79,,,N,0900
US1TXAR0014,20220525,PRCP,122,,,N,0900
US1TXAR0014,20220526,PRCP,0,,,N,0800
US1TXAR0014,20220527,PRCP,0,,,N,0900
US1TXAR0014,20220528,PRCP,0,,,N,0900
US1TXAR0014,20220529,PRCP,0,,,N,0900
US1TXAR0014,20220530,PRCP,0,,,N,0900
US1TXAR0014,20220531,PRCP,0,,,N,0800
US1TXAR0014,20220501,SNOW,0,,,N,0800
US1TXAR0014,20220502,SNOW,0,,,N,0800
US1TXAR0014,20220503,SNOW,0,,,N,0900
US1TXAR0014,20220504,SNOW,0,,,N,0900
US1TXAR0014,20220505,SNOW,0,,,N,0700
US1TXAR0014,20220507,SNOW,0,,,N,0900
US1TXAR0014,20220508,SNOW,0,,,N,0800
US1TXAR0014,20220509,SNOW,0,,,N,0900
US1TXAR0014,20220510,SNOW,0,,,N,0700
US1TXAR0014,20220511,SNOW,0,,,N,0900
US1TXAR0014,20220512,SNOW,0,,,N,0900
US1TXAR0014,20220513,SNOW,0,,,N,0900
US1TXAR0014,20220514,SNOW,0,,,N,0900
US1TXAR0014,20220515,SNOW,0,,,N,0700
US1TXAR0014,20220516,SNOW,0,,,N,0900
US1TXAR0014,20220517,SNOW,0,,,N,0700
US1TXAR0014,20220518,SNOW,0,,,N,0900
US1TXAR0014,20220519,SNOW,0,,,N,0900
US1TXAR0014,20220520,SNOW,0,,,N,0900
US1TXAR0014,20220526,SNOW,0,,,N,0800
US1TXAR0014,20220527,SNOW,0,,,N,0900
US1TXAR0014,20220528,SNOW,0,,,N,0900
US1TXAR0014,20220529,SNOW,0,,,N,0900
US1TXAR0014,20220530,SNOW,0,,,N,0900
US1TXAR0014,20220531,SNOW,0,,,N,0800
US1TXAR0014,20220601,PRCP,5,,,N,0900
US1TXAR0014,20220602,PRCP,0,,,N,0700
US1TXAR0014,20220603,PRCP,0,,,N,0900
US1TXAR0014,20220604,PRCP,0,,,N,0900
US1TXAR0014,20220605,PRCP,20,,,N,0700
US1TXAR0014,20220606,PRCP,0,,,N,0900
US1TXAR0014,20220607,PRCP,0,,,N,0900
US1TXAR0014,20220608,PRCP,0,,,N,0800
US1TXAR0014,20220609,PRCP,0,,,N,0900
US1TXAR0014,20220610,PRCP,0,,,N,0900
US1TXAR0014,20220611,PRCP,0,,,N,0900
US1TXAR0014,20220612,PRCP,0,,,N,0900
US1TXAR0014,20220613,PRCP,0,,,N,0900
US1TXAR0014,20220614,PRCP,0,,,N,0900
US1TXAR0014,20220615,PRCP,0,,,N,0900
US1TXAR0014,20220616,PRCP,0,,,N,0900
US1TXAR0014,20220617,PRCP,0,,,N,0900
US1TXAR0014,20220618,PRCP,0,T,,N,0900
US1TXAR0014,20220619,PRCP,0,,,N,0700
US1TXAR0014,20220620,PRCP,0,,,N,0900
US1TXAR0014,20220621,PRCP,0,,,N,0900
US1TXAR0014,20220622,PRCP,0,,,N,0800
US1TXAR0014,20220623,PRCP,0,,,N,0900
US1TXAR0014,20220624,PRCP,0,,,N,0900
US1TXAR0014,20220625,PRCP,0,,,N,0900
US1TXAR0014,20220626,PRCP,0,,,N,0800
US1TXAR0014,20220627,PRCP,0,,,N,0900
US1TXAR0014,20220628,PRCP,0,T,,N,0700
US1TXAR0014,20220629,PRCP,53,,,N,0900
US1TXAR0014,20220630,PRCP,0,,,N,0900
US1TXAR0014,20220602,SNOW,0,,,N,0700
US1TXAR0014,20220603,SNOW,0,,,N,0900
US1TXAR0014,20220604,SNOW,0,,,N,0900
US1TXAR0014,20220606,SNOW,0,,,N,0900
US1TXAR0014,20220607,SNOW,0,,,N,0900
US1TXAR0014,20220608,SNOW,0,,,N,0800
US1TXAR0014,20220609,SNOW,0,,,N,0900
US1TXAR0014,20220610,SNOW,0,,,N,0900
US1TXAR0014,20220611,SNOW,0,,,N,0900
US1TXAR0014,20220612,SNOW,0,,,N,0900
US1TXAR0014,20220613,SNOW,0,,,N,0900
US1TXAR0014,20220614,SNOW,0,,,N,0900
US1TXAR0014,20220615,SNOW,0,,,N,0900
US1TXAR0014,20220616,SNOW,0,,,N,0900
US1TXAR0014,20220617,SNOW,0,,,N,0900
US1TXAR0014,20220619,SNOW,0,,,N,0700
US1TXAR0014,20220620,SNOW,0,,,N,0900
US1TXAR0014,20220621,SNOW,0,,,N,0900
US1TXAR0014,20220622,SNOW,0,,,N,0800
US1TXAR0014,20220623,SNOW,0,,,N,0900
US1TXAR0014,20220624,SNOW,0,,,N,0900
US1TXAR0014,20220625,SNOW,0,,,N,0900
US1TXAR0014,20220626,SNOW,0,,,N,0800
US1TXAR0014,20220627,SNOW,0,,,N,0900
US1TXAR0014,20220630,SNOW,0,,,N,0900
US1TXAR0014,20220701,PRCP,0,,,N,0900
US1TXAR0014,20220702,PRCP,0,,,N,0900
US1TXAR0014,20220703,PRCP,0,,,N,0700
US1TXAR0014,20220704,PRCP,0,,,N,0900
US1TXAR0014,20220705,PRCP,0,,,N,0900
US1TXAR0014,20220706,PRCP,0,,,N,0900
US1TXAR0014,20220707,PRCP,0,,,N,0900
US1TXAR0014,20220708,PRCP,0,,,N,0900
US1TXAR0014,20220709,PRCP,0,,,N,0900
US1TXAR0014,20220710,PRCP,0,,,N,0700
US1TXAR0014,20220711,PRCP,0,,,N,0900
US1TXAR0014,20220712,PRCP,0,,,N,0900
US1TXAR0014,20220713,PRCP,0,,,N,0900
US1TXAR0014,20220714,PRCP,0,,,N,0900
US1TXAR0014,20220715,PRCP,64,,,N,0900
US1TXAR0014,20220716,PRCP,10,,,N,0900
US1TXAR0014,20220717,PRCP,0,,,N,0700
US1TXAR0014,20220718,PRCP,0,,,N,0900
US1TXAR0014,20220719,PRCP,0,,,N,0900
US1TXAR0014,20220720,PRCP,0,,,N,0900
US1TXAR0014,20220723,PRCP,0,,,N,0900
US1TXAR0014,20220724,PRCP,0,,,N,0700
US1TXAR0014,20220725,PRCP,0,,,N,0900
US1TXAR0014,20220726,PRCP,0,,,N,0900
US1TXAR0014,20220727,PRCP,0,,,N,0900
US1TXAR0014,20220728,PRCP,0,,,N,0900
US1TXAR0014,20220729,PRCP,0,,,N,0900
US1TXAR0014,20220730,PRCP,0,,,N,0900
US1TXAR0014,20220731,PRCP,0,,,N,0700
US1TXAR0014,20220701,SNOW,0,,,N,0900
US1TXAR0014,20220702,SNOW,0,,,N,0900
US1TXAR0014,20220703,SNOW,0,,,N,0700
US1TXAR0014,20220704,SNOW,0,,,N,0900
US1TXAR0014,20220705,SNOW,0,,,N,0900
US1TXAR0014,20220706,SNOW,0,,,N,0900
US1TXAR0014,20220707,SNOW,0,,,N,0900
US1TXAR0014,20220708,SNOW,0,,,N,0900
US1TXAR0014,20220709,SNOW,0,,,N,0900
US1TXAR0014,20220710,SNOW,0,,,N,0700
US1TXAR0014,20220711,SNOW,0,,,N,0900
US1TXAR0014,20220712,SNOW,0,,,N,0900
US1TXAR0014,20220713,SNOW,0,,,N,0900
US1TXAR0014,20220714,SNOW,0,,,N,0900
US1TXAR0014,20220717,SNOW,0,,,N,0700
US1TXAR0014,20220718,SNOW,0,,,N,0900
US1TXAR0014,20220719,SNOW,0,,,N,0900
US1TXAR0014,20220720,SNOW,0,,,N,0900
US1TXAR0014,20220723,SNOW,0,,,N,0900
US1TXAR0014,20220724,SNOW,0,,,N,0700
US1TXAR0014,20220725,SNOW,0,,,N,0900
US1TXAR0014,20220726,SNOW,0,,,N,0900
US1TXAR0014,20220727,SNOW,0,,,N,0900
US1TXAR0014,20220728,SNOW,0,,,N,0900
US1TXAR0014,20220729,SNOW,0,,,N,0900
US1TXAR0014,20220730,SNOW,0,,,N,0900
US1TXAR0014,20220731,SNOW,0,,,N,0700
US1TXAR0014,20220722,DAPR,2,,,N,0900
US1TXAR0014,20220722,MDPR,0,,,N,0900
US1TXAR0014,20220801,PRCP,0,,,N,0700
US1TXAR0014,20220802,PRCP,0,,,N,0700
US1TXAR0014,20220803,PRCP,0,,,N,0900
US1TXAR0014,20220804,PRCP,0,,,N,0900
US1TXAR0014,20220805,PRCP,0,,,N,0900
US1TXAR0014,20220806,PRCP,0,,,N,0900
US1TXAR0014,20220807,PRCP,0,,,N,0700
US1TXAR0014,20220808,PRCP,0,,,N,0900
US1TXAR0014,20220809,PRCP,0,,,N,0900
US1TXAR0014,20220810,PRCP,0,,,N,0900
US1TXAR0014,20220811,PRCP,0,,,N,0900
US1TXAR0014,20220812,PRCP,0,,,N,0900
US1TXAR0014,20220813,PRCP,0,T,,N,0900
US1TXAR0014,20220814,PRCP,132,,,N,0700
US1TXAR0014,20220815,PRCP,681,,,N,0700
US1TXAR0014,20220816,PRCP,0,,,N,0900
US1TXAR0014,20220817,PRCP,0,,,N,0900
US1TXAR0014,20220818,PRCP,0,,,N,0900
US1TXAR0014,20220819,PRCP,0,,,N,0900
US1TXAR0014,20220820,PRCP,0,,,N,0900
US1TXAR0014,20220821,PRCP,229,,,N,0700
US1TXAR0014,20220822,PRCP,0,,,N,0900
US1TXAR0014,20220823,PRCP,13,,,N,0900
US1TXAR0014,20220824,PRCP,0,,,N,0900
US1TXAR0014,20220825,PRCP,64,,,N,0900
US1TXAR0014,20220826,PRCP,208,,,N,0900
US1TXAR0014,20220827,PRCP,147,,,N,0900
US1TXAR0014,20220828,PRCP,38,,,N,0700
US1TXAR0014,20220829,PRCP,81,,,N,0900
US1TXAR0014,20220830,PRCP,102,,,N,0800
US1TXAR0014,20220831,PRCP,28,,,N,0900
US1TXAR0014,20220801,SNOW,0,,,N,0700
US1TXAR0014,20220802,SNOW,0,,,N,0700
US1TXAR0014,20220803,SNOW,0,,,N,0900
US1TXAR0014,20220804,SNOW,0,,,N,0900
US1TXAR0014,20220805,SNOW,0,,,N,0900
US1TXAR0014,20220806,SNOW,0,,,N,0900
US1TXAR0014,20220807,SNOW,0,,,N,0700
US1TXAR0014,20220808,SNOW,0,,,N,0900
US1TXAR0014,20220809,SNOW,0,,,N,0900
US1TXAR0014,20220810,SNOW,0,,,N,0900
US1TXAR0014,20220811,SNOW,0,,,N,0900
US1TXAR0014,20220812,SNOW,0,,,N,0900
US1TXAR0014,20220816,SNOW,0,,,N,0900
US1TXAR0014,20220817,SNOW,0,,,N,0900
US1TXAR0014,20220818,SNOW,0,,,N,0900
US1TXAR0014,20220819,SNOW,0,,,N,0900
US1TXAR0014,20220820,SNOW,0,,,N,0900
US1TXAR0014,20220822,SNOW,0,,,N,0900
US1TXAR0014,20220824,SNOW,0,,,N,0900
US1TXAR0014,20220901,PRCP,0,T,,N,0900
US1TXAR0014,20220902,PRCP,109,,,N,0900
US1TXAR0014,20220903,PRCP,38,,,N,0800
US1TXAR0014,20220904,PRCP,528,,,N,0700
US1TXAR0014,20220905,PRCP,333,,,N,0800
US1TXAR0014,20220906,PRCP,284,,,N,0900
US1TXAR0014,20220907,PRCP,15,,,N,0900
US1TXAR0014,20220908,PRCP,0,,,N,0900
US1TXAR0014,20220909,PRCP,30,,,N,0900
US1TXAR0014,20220910,PRCP,0,,,N,0900
US1TXAR0014,20220911,PRCP,0,,,N,0800
US1TXAR0014,20220912,PRCP,0,,,N,0900
US1TXAR0014,20220913,PRCP,0,,,N,0700
US1TXAR0014,20220914,PRCP,0,,,N,0900
US1TXAR0014,20220915,PRCP,0,,,N,0900
US1TXAR0014,20220916,PRCP,48,,,N,0900
US1TXAR0014,20220917,PRCP,0,,,N,0900
US1TXAR0014,20220918,PRCP,0,,,N,0800
US1TXAR0014,20220919,PRCP,43,,,N,0900
US1TXAR0014,20220920,PRCP,0,,,N,0900
US1TXAR0014,20220921,PRCP,0,,,N,0900
US1TXAR0014,20220922,PRCP,0,,,N,0900
US1TXAR0014,20220923,PRCP,0,,,N,0900
US1TXAR0014,20220924,PRCP,81,,,N,0900
US1TXAR0014,20220925,PRCP,46,,,N,0900
US1TXAR0014,20220926,PRCP,10,,,N,0900
US1TXAR0014,20220927,PRCP,64,,,N,0900
US1TXAR0014,20220928,PRCP,0,,,N,0900
US1TXAR0014,20220929,PRCP,0,,,N,0900
US1TXAR0014,20220930,PRCP,0,,,N,0900
US1TXAR0014,20220908,SNOW,0,,,N,0900
US1TXAR0014,20220910,SNOW,0,,,N,0900
US1TXAR0014,20220911,SNOW,0,,,N,0800
US1TXAR0014,20220912,SNOW,0,,,N,0900
US1TXAR0014,20220913,SNOW,0,,,N,0700
US1TXAR0014,20220914,SNOW,0,,,N,0900
US1TXAR0014,20220915,SNOW,0,,,N,0900
US1TXAR0014,20220917,SNOW,0,,,N,0900
US1TXAR0014,20220918,SNOW,0,,,N,0800
US1TXAR0014,20220920,SNOW,0,,,N,0900
US1TXAR0014,20220921,SNOW,0,,,N,0900
US1TXAR0014,20220922,SNOW,0,,,N,0900
US1TXAR0014,20220923,SNOW,0,,,N,0900
US1TXAR0014,20220928,SNOW,0,,,N,0900
US1TXAR0014,20220929,SNOW,0,,,N,0900
US1TXAR0014,20220930,SNOW,0,,,N,0900
US1TXAR0014,20221001,PRCP,0,,,N,0900
US1TXAR0014,20221002,PRCP,0,,,N,0800
US1TXAR0014,20221003,PRCP,0,,,N,0900
US1TXAR0014,20221004,PRCP,0,,,N,0900
US1TXAR0014,20221005,PRCP,0,,,N,0900
US1TXAR0014,20221006,PRCP,0,,,N,0700
US1TXAR0014,20221007,PRCP,0,,,N,0900
US1TXAR0014,20221008,PRCP,0,T,,N,0900
US1TXAR0014,20221009,PRCP,0,,,N,0800
US1TXAR0014,20221010,PRCP,0,,,N,1000
US1TXAR0014,20221011,PRCP,0,,,N,0900
US1TXAR0014,20221012,PRCP,0,,,N,0900
US1TXAR0014,20221013,PRCP,0,,,N,0700
US1TXAR0014,20221014,PRCP,76,,,N,0900
US1TXAR0014,20221015,PRCP,0,,,N,0900
US1TXAR0014,20221016,PRCP,0,,,N,0700
US1TXAR0014,20221017,PRCP,0,,,N,0900
US1TXAR0014,20221018,PRCP,89,,,N,0900
US1TXAR0014,20221019,PRCP,13,,,N,0900
US1TXAR0014,20221020,PRCP,0,,,N,0800
US1TXAR0014,20221021,PRCP,0,,,N,0900
US1TXAR0014,20221022,PRCP,0,,,N,0900
US1TXAR0014,20221023,PRCP,0,,,N,0800
US1TXAR0014,20221024,PRCP,0,,,N,0700
US1TXAR0014,20221025,PRCP,89,,,N,0900
US1TXAR0014,20221026,PRCP,0,,,N,0900
US1TXAR0014,20221027,PRCP,0,,,N,0900
US1TXAR0014,20221028,PRCP,15,,,N,0900
US1TXAR0014,20221029,PRCP,5,,,N,0900
US1TXAR0014,20221030,PRCP,0,,,N,0700
US1TXAR0014,20221031,PRCP,0,,,N,0900
US1TXAR0014,20221001,SNOW,0,,,N,0900
US1TXAR0014,20221002,SNOW,0,,,N,0800
US1TXAR0014,20221003,SNOW,0,,,N,0900
US1TXAR0014,20221004,SNOW,0,,,N,0900
US1TXAR0014,20221005,SNOW,0,,,N,0900
US1TXAR0014,20221006,SNOW,0,,,N,0700
US1TXAR0014,20221007,SNOW,0,,,N,0900
US1TXAR0014,20221009,SNOW,0,,,N,0800
US1TXAR0014,20221010,SNOW,0,,,N,1000
US1TXAR0014,20221011,SNOW,0,,,N,0900
US1TXAR0014,20221012,SNOW,0,,,N,0900
US1TXAR0014,20221013,SNOW,0,,,N,0700
US1TXAR0014,20221015,SNOW,0,,,N,0900
US1TXAR0014,20221016,SNOW,0,,,N,0700
US1TXAR0014,20221017,SNOW,0,,,N,0900
US1TXAR0014,20221020,SNOW,0,,,N,0800
US1TXAR0014,20221021,SNOW,0,,,N,0900
US1TXAR0014,20221022,SNOW,0,,,N,0900
US1TXAR0014,20221023,SNOW,0,,,N,0800
US1TXAR0014,20221024,SNOW,0,,,N,0700
US1TXAR0014,20221026,SNOW,0,,,N,0900
US1TXAR0014,20221027,SNOW,0,,,N,0900
US1TXAR0014,20221030,SNOW,0,,,N,0700
US1TXAR0014,20221031,SNOW,0,,,N,0900
US1TXAR0014,20221101,PRCP,892,,,N,0900
US1TXAR0014,20221102,PRCP,300,,,N,0900
US1TXAR0014,20221103,PRCP,0,,,N,0800
US1TXAR0014,20221104,PRCP,0,,,N,0900
US1TXAR0014,20221105,PRCP,38,,,N,0900
US1TXAR0014,20221106,PRCP,0,,,N,0700
US1TXAR0014,20221107,PRCP,0,T,,N,0900
US1TXAR0014,20221108,PRCP,0,,,N,0900
US1TXAR0014,20221109,PRCP,3,,,N,0700
US1TXAR0014,20221110,PRCP,0,T,,N,0900
US1TXAR0014,20221111,PRCP,0,,,N,0900
US1TXAR0014,20221112,PRCP,0,,,N,0900
US1TXAR0014,20221113,PRCP,0,,,N,0700
US1TXAR0014,20221114,PRCP,10,,,N,0900
US1TXAR0014,20221115,PRCP,30,,,N,0900
US1TXAR0014,20221116,PRCP,0,,,N,0900
US1TXAR0014,20221117,PRCP,5,,,N,0900
US1TXAR0014,20221118,PRCP,3,,,N,0900
US1TXAR0014,20221119,PRCP,58,,,N,0900
US1TXAR0014,20221120,PRCP,71,,,N,0700
US1TXAR0014,20221121,PRCP,10,,,N,0900
US1TXAR0014,20221122,PRCP,132,,,N,0900
US1TXAR0014,20221123,PRCP,3,,,N,0900
US1TXAR0014,20221124,PRCP,5,,,N,0900
US1TXAR0014,20221125,PRCP,0,,,N,0900
US1TXAR0014,20221126,PRCP,76,,,N,0900
US1TXAR0014,20221127,PRCP,0,,,N,0700
US1TXAR0014,20221128,PRCP,8,,,N,0900
US1TXAR0014,20221129,PRCP,0,T,,N,0700
US1TXAR0014,20221130,PRCP,0,,,N,0900
US1TXAR0014,20221103,SNOW,0,,,N,0800
US1TXAR0014,20221104,SNOW,0,,,N,0900
US1TXAR0014,20221106,SNOW,0,,,N,0700
US1TXAR0014,20221108,SNOW,0,,,N,0900
US1TXAR0014,20221111,SNOW,0,,,N,0900
US1TXAR0014,20221112,SNOW,0,,,N,0900
US1TXAR0014,20221113,SNOW,0,,,N,0700
US1TXAR0014,20221116,SNOW,0,,,N,0900
US1TXAR0014,20221125,SNOW,0,,,N,0900
US1TXAR0014,20221127,SNOW,0,,,N,0700
US1TXAR0014,20221130,SNOW,0,,,N,0900
US1TXAR0014,20221201,PRCP,0,,,N,0900
US1TXAR0014,20221202,PRCP,23,,,N,0900
US1TXAR0014,20221203,PRCP,5,,,N,0900
US1TXAR0014,20221204,PRCP,0,,,N,0700
US1TXAR0014,20221205,PRCP,3,,,N,0900
US1TXAR0014,20221206,PRCP,0,,,N,0900
US1TXAR0014,20221207,PRCP,5,,,N,0700
US1TXAR0014,20221208,PRCP,0,,,N,0800
US1TXAR0014,20221209,PRCP,5,,,N,0900
US1TXAR0014,20221210,PRCP,23,,,N,0900
US1TXAR0014,20221211,PRCP,3,,,N,0700
US1TXAR0014,20221212,PRCP,15,,,N,0900
US1TXAR0014,20221213,PRCP,30,,,N,0900
US1TXAR0014,20221214,PRCP,0,T,,N,0900
US1TXAR0014,20221215,PRCP,0,,,N,0900
US1TXAR0014,20221216,PRCP,0,,,N,0900
US1TXAR0014,20221217,PRCP,0,T,,N,0900
US1TXAR0014,20221218,PRCP,0,,,N,0600
US1TXAR0014,20221219,PRCP,152,,,N,0900
US1TXAR0014,20221220,PRCP,56,,,N,0900
US1TXAR0014,20221221,PRCP,0,,,N,0900
US1TXAR0014,20221222,PRCP,0,,,N,0900
US1TXAR0014,20221223,PRCP,0,,,N,0900
US1TXAR0014,20221224,PRCP,0,,,N,0900
US1TXAR0014,20221225,PRCP,0,,,N,0700
US1TXAR0014,20221226,PRCP,0,,,N,0900
US1TXAR0014,20221227,PRCP,0,,,N,0900
US1TXAR0014,20221228,PRCP,0,,,N,0900
US1TXAR0014,20221229,PRCP,5,,,N,0900
US1TXAR0014,20221230,PRCP,5,,,N,0900
US1TXAR0014,20221231,PRCP,5,,,N,0900
US1TXAR0014,20221201,SNOW,0,,,N,0900
US1TXAR0014,20221204,SNOW,0,,,N,0700
US1TXAR0014,20221206,SNOW,0,,,N,0900
US1TXAR0014,20221208,SNOW,0,,,N,0800
US1TXAR0014,20221215,SNOW,0,,,N,0900
US1TXAR0014,20221216,SNOW,0,,,N,0900
US1TXAR0014,20221218,SNOW,0,,,N,0600
US1TXAR0014,20221221,SNOW,0,,,N,0900
US1TXAR0014,20221222,SNOW,0,,,N,0900
US1TXAR0014,20221223,SNOW,0,,,N,0900
US1TXAR0014,20221224,SNOW,0,,,N,0900
US1TXAR0014,20221225,SNOW,0,,,N,0700
US1TXAR0014,20221226,SNOW,0,,,N,0900
US1TXAR0014,20221227,SNOW,0,,,N,0900
US1TXAR0014,20221228,SNOW,0,,,N,0900
US1TXAR0014,20221229,SNOW,0,,,N,0900
US1TXAR0014,20230101,PRCP,5,,,N,0700
US1TXAR0014,20230102,PRCP,3,,,N,0900
US1TXAR0014,20230103,PRCP,5,,,N,0900
US1TXAR0014,20230104,PRCP,0,,,N,0900
US1TXAR0014,20230106,PRCP,0,,,N,0900
US1TXAR0014,20230107,PRCP,0,,,N,0900
US1TXAR0014,20230108,PRCP,8,,,N,0800
US1TXAR0014,20230109,PRCP,0,,,N,0800
US1TXAR0014,20230110,PRCP,5,,,N,0800
US1TXAR0014,20230111,PRCP,5,,,N,0900
US1TXAR0014,20230112,PRCP,3,,,N,0900
US1TXAR0014,20230113,PRCP,0,,,N,0900
US1TXAR0014,20230114,PRCP,0,,,N,0900
US1TXAR0014,20230115,PRCP,0,,,N,0700
US1TXAR0014,20230116,PRCP,0,,,N,0900
US1TXAR0014,20230117,PRCP,3,,,N,0900
US1TXAR0014,20230118,PRCP,0,,,N,0900
US1TXAR0014,20230119,PRCP,5,,,N,0700
US1TXAR0014,20230120,PRCP,3,,,N,0900
US1TXAR0014,20230121,PRCP,0,,,N,0900
US1TXAR0014,20230122,PRCP,0,T,,N,0700
US1TXAR0014,20230123,PRCP,0,,,N,0900
US1TXAR0014,20230124,PRCP,38,,,N,0900
US1TXAR0014,20230125,PRCP,64,,,N,0900
US1TXAR0014,20230126,PRCP,0,,,N,0900
US1TXAR0014,20230127,PRCP,0,,,N,0900
US1TXAR0014,20230128,PRCP,25,,,N,0900
US1TXAR0014,20230129,PRCP,89,,,N,0700
US1TXAR0014,20230130,PRCP,8,,,N,0900
US1TXAR0014,20230131,PRCP,5,,,N,0900
US1TXAR0014,20230104,SNOW,0,,,N,0900
US1TXAR0014,20230106,SNOW,0,,,N,0900
US1TXAR0014,20230107,SNOW,0,,,N,0900
US1TXAR0014,20230109,SNOW,0,,,N,0800
US1TXAR0014,20230113,SNOW,0,,,N,0900
US1TXAR0014,20230114,SNOW,0,,,N,0900
US1TXAR0014,20230115,SNOW,0,,,N,0700
US1TXAR0014,20230116,SNOW,0,,,N,0900
US1TXAR0014,20230118,SNOW,0,,,N,0900
US1TXAR0014,20230121,SNOW,0,,,N,0900
US1TXAR0014,20230123,SNOW,0,,,N,0900
US1TXAR0014,20230126,SNOW,0,,,N,0900
US1TXAR0014,20230127,SNOW,0,,,N,0900
US1TXAR0014,20230201,PRCP,10,,,N,0900
US1TXAR0014,20230202,PRCP,20,,,N,0900
US1TXAR0014,20230203,PRCP,5,,,N,0900
US1TXAR0014,20230204,PRCP,0,,,N,0900
US1TXAR0014,20230205,PRCP,5,,,N,0700
US1TXAR0014,20230206,PRCP,0,,,N,0900
US1TXAR0014,20230207,PRCP,0,,,N,0900
US1TXAR0014,20230208,PRCP,13,,,N,0800
US1TXAR0014,20230209,PRCP,64,,,N,0900
US1TXAR0014,20230210,PRCP,0,,,N,0900
US1TXAR0014,20230211,PRCP,0,,,N,0900
US1TXAR0014,20230212,PRCP,0,,,N,0700
US1TXAR0014,20230213,PRCP,0,,,N,0800
US1TXAR0014,20230214,PRCP,0,,,N,0800
US1TXAR0014,20230215,PRCP,0,,,N,0700
US1TXAR0014,20230216,PRCP,5,,,N,0800
US1TXAR0014,20230217,PRCP,3,,,N,0900
US1TXAR0014,20230218,PRCP,0,,,N,0900
US1TXAR0014,20230219,PRCP,0,T,,N,0600
US1TXAR0014,20230220,PRCP,0,T,,N,0800
US1TXAR0014,20230221,PRCP,3,,,N,0700
US1TXAR0014,20230222,PRCP,0,,,N,0900
US1TXAR0014,20230223,PRCP,3,,,N,0900
US1TXAR0014,20230224,PRCP,0,T,,N,0900
US1TXAR0014,20230225,PRCP,0,,,N,0900
US1TXAR0014,20230226,PRCP,0,,,N,0700
US1TXAR0014,20230227,PRCP,0,,,N,0900
US1TXAR0014,20230228,PRCP,0,,,N,0800
US1TXAR0014,20230204,SNOW,0,,,N,0900
US1TXAR0014,20230206,SNOW,0,,,N,0900
US1TXAR0014,20230207,SNOW,0,,,N,0900
US1TXAR0014,20230210,SNOW,0,,,N,0900
US1TXAR0014,20230211,SNOW,0,,,N,0900
US1TXAR0014,20230212,SNOW,0,,,N,0700
US1TXAR0014,20230213,SNOW,0,,,N,0800
US1TXAR0014,20230214,SNOW,0,,,N,0800
US1TXAR0014,20230215,SNOW,0,,,N,0700
US1TXAR0014,20230218,SNOW,0,,,N,0900
US1TXAR0014,20230222,SNOW,0,,,N,0900
US1TXAR0014,20230225,SNOW,0,,,N,0900
US1TXAR0014,20230226,SNOW,0,,,N,0700
US1TXAR0014,20230227,SNOW,0,,,N,0900
US1TXAR0014,20230228,SNOW,0,,,N,0800
US1TXAR0014,20230301,PRCP,0,,,N,0900
US1TXAR0014,20230302,PRCP,0,,,N,0900
US1TXAR0014,20230303,PRCP,5,,,N,0900
US1TXAR0014,20230304,PRCP,0,,,N,0900
US1TXAR0014,20230305,PRCP,0,T,,N,0700
US1TXAR0014,20230306,PRCP,0,T,,N,0900
US1TXAR0014,20230307,PRCP,0,,,N,0900
US1TXAR0014,20230308,PRCP,0,,,N,0900
US1TXAR0014,20230309,PRCP,0,,,N,0700
US1TXAR0014,20230310,PRCP,0,,,N,0900
US1TXAR0014,20230311,PRCP,0,,,N,0900
US1TXAR0014,20230312,PRCP,0,,,N,0700
US1TXAR0014,20230313,PRCP,0,,,N,0900
US1TXAR0014,20230314,PRCP,8,,,N,0900
US1TXAR0014,20230315,PRCP,0,,,N,0900
US1TXAR0014,20230316,PRCP,0,,,N,0900
US1TXAR0014,20230317,PRCP,91,,,N,0900
US1TXAR0014,20230318,PRCP,3,,,N,0900
US1TXAR0014,20230319,PRCP,3,,,N,0700
US1TXAR0014,20230320,PRCP,0,,,N,0900
US1TXAR0014,20230321,PRCP,5,,,N,0900
US1TXAR0014,20230322,PRCP,8,,,N,0700
US1TXAR0014,20230323,PRCP,0,,,N,0900
US1TXAR0014,20230324,PRCP,0,,,N,0900
US1TXAR0014,20230325,PRCP,0,T,,N,0900
US1TXAR0014,20230326,PRCP,0,,,N,0700
US1TXAR0014,20230327,PRCP,0,,,N,0900
US1TXAR0014,20230328,PRCP,71,,,N,0900
US1TXAR0014,20230329,PRCP,0,,,N,0900
US1TXAR0014,20230330,PRCP,5,,,N,0800
US1TXAR0014,20230331,PRCP,0,,,N,0900
US1TXAR0014,20230301,SNOW,0,,,N,0900
US1TXAR0014,20230302,SNOW,0,,,N,0900
US1TXAR0014,20230304,SNOW,0,,,N,0900
US1TXAR0014,20230307,SNOW,0,,,N,0900
US1TXAR0014,20230308,SNOW,0,,,N,0900
US1TXAR0014,20230309,SNOW,0,,,N,0700
US1TXAR0014,20230310,SNOW,0,,,N,0900
US1TXAR0014,20230311,SNOW,0,,,N,0900
US1TXAR0014,20230312,SNOW,0,,,N,0700
US1TXAR0014,20230313,SNOW,0,,,N,0900
US1TXAR0014,20230315,SNOW,0,,,N,0900
US1TXAR0014,20230316,SNOW,0,,,N,0900
US1TXAR0014,20230320,SNOW,0,,,N,0900
US1TXAR0014,20230323,SNOW,0,,,N,0900
US1TXAR0014,20230324,SNOW,0,,,N,0900
US1TXAR0014,20230326,SNOW,0,,,N,0700
US1TXAR0014,20230327,SNOW,0,,,N,0900
US1TXAR0014,20230329,SNOW,0,,,N,0900
US1TXAR0014,20230331,SNOW,0,,,N,0900
US1TXAR0014,20230401,PRCP,0,,,N,0900
US1TXAR0014,20230402,PRCP,0,,,N,0700
US1TXAR0014,20230403,PRCP,0,,,N,0600
US1TXAR0014,20230404,PRCP,0,,,N,0900
US1TXAR0014,20230405,PRCP,0,,,N,0900
US1TXAR0014,20230406,PRCP,84,,,N,0900
US1TXAR0014,20230407,PRCP,257,,,N,0900
US1TXAR0014,20230408,PRCP,244,,,N,0900
US1TXAR0014,20230409,PRCP,3,,,N,0700
US1TXAR0014,20230410,PRCP,0,,,N,0900
US1TXAR0014,20230411,PRCP,0,,,N,0900
US1TXAR0014,20230412,PRCP,0,,,N,0700
US1TXAR0014,20230413,PRCP,0,,,N,0900
US1TXAR0014,20230414,PRCP,0,,,N,0900
US1TXAR0014,20230415,PRCP,0,,,N,0900
US1TXAR0014,20230416,PRCP,0,,,N,0700
US1TXAR0014,20230417,PRCP,0,,,N,0900
US1TXAR0014,20230421,PRCP,5,,,N,0700
US1TXAR0014,20230422,PRCP,0,,,N,0900
US1TXAR0014,20230423,PRCP,0,,,N,0700
US1TXAR0014,20230424,PRCP,716,,,N,0900
US1TXAR0014,20230425,PRCP,15,,,N,0900
US1TXAR0014,20230426,PRCP,0,,,N,0900
US1TXAR0014,20230427,PRCP,28,,,N,0900
US1TXAR0014,20230428,PRCP,3,,,N,0900
US1TXAR0014,20230429,PRCP,99,,,N,0900
US1TXAR0014,20230430,PRCP,0,,,N,0800
US1TXAR0014,20230401,SNOW,0,,,N,0900
US1TXAR0014,20230402,SNOW,0,,,N,0700
US1TXAR0014,20230403,SNOW,0,,,N,0600
US1TXAR0014,20230404,SNOW,0,,,N,0900
US1TXAR0014,20230405,SNOW,0,,,N,0900
US1TXAR0014,20230410,SNOW,0,,,N,0900
US1TXAR0014,20230411,SNOW,0,,,N,0900
US1TXAR0014,20230412,SNOW,0,,,N,0700
US1TXAR0014,20230413,SNOW,0,,,N,0900
US1TXAR0014,20230414,SNOW,0,,,N,0900
US1TXAR0014,20230415,SNOW,0,,,N,0900
US1TXAR0014,20230416,SNOW,0,,,N,0700
US1TXAR0014,20230417,SNOW,0,,,N,0900
US1TXAR0014,20230422,SNOW,0,,,N,0900
US1TXAR0014,20230423,SNOW,0,,,N,0700
US1TXAR0014,20230426,SNOW,0,,,N,0900
US1TXAR0014,20230430,SNOW,0,,,N,0800
US1TXAR0014,20230501,PRCP,0,,,N,0700
US1TXAR0014,20230502,PRCP,0,,,N,0900
US1TXAR0014,20230503,PRCP,0,,,N,0900
US1TXAR0014,20230504,PRCP,0,,,N,0900
US1TXAR0014,20230505,PRCP,0,T,,N,0900
US1TXAR0014,20230506,PRCP,0,,,N,0900
US1TXAR0014,20230507,PRCP,0,T,,N,0800
US1TXAR0014,20230508,PRCP,0,,,N,0900
US1TXAR0014,20230509,PRCP,13,,,N,0900
US1TXAR0014,20230510,PRCP,744,,,N,0900
US1TXAR0014,20230511,PRCP,5,,,N,0900
US1TXAR0014,20230512,PRCP,0,,,N,0900
US1TXAR0014,20230513,PRCP,107,,,N,0900
US1TXAR0014,20230514,PRCP,30,,,N,0700
US1TXAR0014,20230515,PRCP,0,,,N,0900
US1TXAR0014,20230516,PRCP,0,,,N,0900
US1TXAR0014,20230517,PRCP,15,,,N,0700
US1TXAR0014,20230518,PRCP,0,,,N,0700
US1TXAR0014,20230519,PRCP,0,,,N,0900
US1TXAR0014,20230520,PRCP,0,,,N,0900
US1TXAR0014,20230521,PRCP,145,,,N,0700
US1TXAR0014,20230522,PRCP,0,,,N,0900
US1TXAR0014,20230523,PRCP,0,,,N,0900
US1TXAR0014,20230524,PRCP,0,,,N,0900
US1TXAR0014,20230525,PRCP,0,,,N,0900
US1TXAR0014,20230526,PRCP,0,,,N,0700
US1TXAR0014,20230527,PRCP,0,,,N,0900
US1TXAR0014,20230528,PRCP,0,,,N,0700
US1TXAR0014,20230529,PRCP,0,,,N,0900
US1TXAR0014,20230530,PRCP,0,,,N,0900
US1TXAR0014,20230531,PRCP,0,,,N,0900
US1TXAR0014,20230501,SNOW,0,,,N,0700
US1TXAR0014,20230502,SNOW,0,,,N,0900
US1TXAR0014,20230503,SNOW,0,,,N,0900
US1TXAR0014,20230504,SNOW,0,,,N,0900
US1TXAR0014,20230506,SNOW,0,,,N,0900
US1TXAR0014,20230508,SNOW,0,,,N,0900
US1TXAR0014,20230512,SNOW,0,,,N,0900
US1TXAR0014,20230515,SNOW,0,,,N,0900
US1TXAR0014,20230516,SNOW,0,,,N,0900
US1TXAR0014,20230518,SNOW,0,,,N,0700
US1TXAR0014,20230519,SNOW,0,,,N,0900
US1TXAR0014,20230520,SNOW,0,,,N,0900
US1TXAR0014,20230522,SNOW,0,,,N,0900
US1TXAR0014,20230523,SNOW,0,,,N,0900
US1TXAR0014,20230524,SNOW,0,,,N,0900
US1TXAR0014,20230525,SNOW,0,,,N,0900
US1TXAR0014,20230526,SNOW,0,,,N,0700
US1TXAR0014,20230527,SNOW,0,,,N,0900
US1TXAR0014,20230528,SNOW,0,,,N,0700
US1TXAR0014,20230529,SNOW,0,,,N,0900
US1TXAR0014,20230530,SNOW,0,,,N,0900
US1TXAR0014,20230531,SNOW,0,,,N,0900
US1TXAR0014,20230601,PRCP,0,,,N,0900
US1TXAR0014,20230602,PRCP,0,,,N,0700
US1TXAR0014,20230603,PRCP,0,,,N,0900
US1TXAR0014,20230604,PRCP,0,,,N,0900
US1TXAR0014,20230605,PRCP,51,,,N,0900
US1TXAR0014,20230606,PRCP,58,,,N,0900
US1TXAR0014,20230607,PRCP,0,,,N,0900
US1TXAR0014,20230608,PRCP,0,,,N,0900
US1TXAR0014,20230609,PRCP,0,,,N,0700
US1TXAR0014,20230610,PRCP,0,,,N,0900
US1TXAR0014,20230611,PRCP,0,,,N,0700
US1TXAR0014,20230612,PRCP,0,,,N,0900
US1TXAR0014,20230613,PRCP,0,,,N,0700
US1TXAR0014,20230617,PRCP,0,,L,N,0900
US1TXAR0014,20230618,PRCP,0,,,N,0800
US1TXAR0014,20230619,PRCP,0,,,N,0900
US1TXAR0014,20230620,PRCP,0,,,N,0700
US1TXAR0014,20230621,PRCP,0,,,N,0900
US1TXAR0014,20230622,PRCP,0,,,N,0900
US1TXAR0014,20230623,PRCP,0,,,N,0900
US1TXAR0014,20230624,PRCP,0,,,N,0900
US1TXAR0014,20230625,PRCP,0,,,N,0900
US1TXAR0014,20230626,PRCP,0,,,N,0900
US1TXAR0014,20230627,PRCP,0,,,N,0900
US1TXAR0014,20230628,PRCP,0,,,N,0900
US1TXAR0014,20230630,PRCP,0,,L,N,0800
US1TXAR0014,20230601,SNOW,0,,,N,0900
US1TXAR0014,20230602,SNOW,0,,,N,0700
US1TXAR0014,20230603,SNOW,0,,,N,0900
US1TXAR0014,20230604,SNOW,0,,,N,0900
US1TXAR0014,20230607,SNOW,0,,,N,0900
US1TXAR0014,20230608,SNOW,0,,,N,0900
US1TXAR0014,20230609,SNOW,0,,,N,0700
US1TXAR0014,20230610,SNOW,0,,,N,0900
US1TXAR0014,20230611,SNOW,0,,,N,0700
US1TXAR0014,20230612,SNOW,0,,,N,0900
US1TXAR0014,20230613,SNOW,0,,,N,0700
US1TXAR0014,20230617,SNOW,0,,,N,0900
US1TXAR0014,20230618,SNOW,0,,,N,0800
US1TXAR0014,20230619,SNOW,0,,,N,0900
US1TXAR0014,20230620,SNOW,0,,,N,0700
US1TXAR0014,20230621,SNOW,0,,,N,0900
US1TXAR0014,20230622,SNOW,0,,,N,0900
US1TXAR0014,20230623,SNOW,0,,,N,0900
US1TXAR0014,20230624,SNOW,0,,,N,0900
US1TXAR0014,20230625,SNOW,0,,,N,0900
US1TXAR0014,20230626,SNOW,0,,,N,0900
US1TXAR0014,20230627,SNOW,0,,,N,0900
US1TXAR0014,20230628,SNOW,0,,,N,0900
US1TXAR0014,20230630,SNOW,0,,,N,0800
US1TXAR0014,20230617,DAPR,4,,L,N,0900
US1TXAR0014,20230630,DAPR,2,,L,N,0800
US1TXAR0014,20230617,MDPR,0,,L,N,0900
US1TXAR0014,20230630,MDPR,0,,L,N,0800
US1TXAR0014,20230701,PRCP,0,,,N,0700
US1TXAR0014,20230702,PRCP,0,,,N,0900
US1TXAR0014,20230703,PRCP,0,,,N,0900
US1TXAR0014,20230704,PRCP,0,,,N,0900
US1TXAR0014,20230705,PRCP,0,,,N,0700
US1TXAR0014,20230706,PRCP,33,,,N,0900
US1TXAR0014,20230707,PRCP,351,,,N,0900
US1TXAR0014,20230708,PRCP,0,,,N,0900
US1TXAR0014,20230709,PRCP,0,,,N,0900
US1TXAR0014,20230710,PRCP,0,,,N,0900
US1TXAR0014,20230711,PRCP,0,,,N,0900
US1TXAR0014,20230712,PRCP,0,,,N,0600
US1TXAR0014,20230713,PRCP,0,,,N,0900
US1TXAR0014,20230714,PRCP,0,,,N,0900
US1TXAR0014,20230715,PRCP,0,,,N,0900
US1TXAR0014,20230716,PRCP,0,,,N,0900
US1TXAR0014,20230717,PRCP,0,,,N,0900
US1TXAR0014,20230720,PRCP,0,,,N,0900
US1TXAR0014,20230721,PRCP,0,,,N,0900
US1TXAR0014,20230722,PRCP,0,,,N,0900
US1TXAR0014,20230723,PRCP,0,,,N,0900
US1TXAR0014,20230724,PRCP,0,,,N,0900
US1TXAR0014,20230725,PRCP,0,,,N,0800
US1TXAR0014,20230726,PRCP,0,,,N,0900
US1TXAR0014,20230727,PRCP,0,,,N,0900
US1TXAR0014,20230728,PRCP,0,,,N,0800
US1TXAR0014,20230729,PRCP,0,,,N,0900
US1TXAR0014,20230730,PRCP,0,,,N,0900
US1TXAR0014,20230731,PRCP,0,,,N,0900
US1TXAR0014,20230701,SNOW,0,,,N,0700
US1TXAR0014,20230702,SNOW,0,,,N,0900
US1TXAR0014,20230703,SNOW,0,,,N,0900
US1TXAR0014,20230704,SNOW,0,,,N,0900
US1TXAR0014,20230705,SNOW,0,,,N,0700
US1TXAR0014,20230708,SNOW,0,,,N,0900
US1TXAR0014,20230709,SNOW,0,,,N,0900
US1TXAR0014,20230710,SNOW,0,,,N,0900
US1TXAR0014,20230711,SNOW,0,,,N,0900
US1TXAR0014,20230712,SNOW,0,,,N,0600
US1TXAR0014,20230713,SNOW,0,,,N,0900
US1TXAR0014,20230714,SNOW,0,,,N,0900
US1TXAR0014,20230715,SNOW,0,,,N,0900
US1TXAR0014,20230716,SNOW,0,,,N,0900
US1TXAR0014,20230717,SNOW,0,,,N,0900
US1TXAR0014,20230720,SNOW,0,,,N,0900
US1TXAR0014,20230721,SNOW,0,,,N,0900
US1TXAR0014,20230722,SNOW,0,,,N,0900
US1TXAR0014,20230723,SNOW,0,,,N,0900
US1TXAR0014,20230724,SNOW,0,,,N,0900
US1TXAR0014,20230725,SNOW,0,,,N,0800
US1TXAR0014,20230726,SNOW,0,,,N,0900
US1TXAR0014,20230727,SNOW,0,,,N,0900
US1TXAR0014,20230728,SNOW,0,,,N,0800
US1TXAR0014,20230729,SNOW,0,,,N,0900
US1TXAR0014,20230730,SNOW,0,,,N,0900
US1TXAR0014,20230731,SNOW,0,,,N,0900
US1TXAR0014,20230719,DAPR,2,,,N,0900
US1TXAR0014,20230719,MDPR,0,,,N,0900
US1TXAR0014,20230801,PRCP,0,,,N,0800
US1TXAR0014,20230802,PRCP,0,,,N,0800
US1TXAR0014,20230803,PRCP,0,,,N,0700
US1TXAR0014,20230804,PRCP,0,,,N,0900
US1TXAR0014,20230805,PRCP,0,,,N,0900
US1TXAR0014,20230806,PRCP,0,,,N,0800
US1TXAR0014,20230807,PRCP,0,,,N,0900
US1TXAR0014,20230808,PRCP,0,,,N,0900
US1TXAR0014,20230809,PRCP,0,,,N,0900
US1TXAR0014,20230810,PRCP,0,,,N,0900
US1TXAR0014,20230811,PRCP,0,,,N,0900
US1TXAR0014,20230812,PRCP,0,,,N,0900
US1TXAR0014,20230813,PRCP,0,,,N,0900
US1TXAR0014,20230814,PRCP,0,,,N,0900
US1TXAR0014,20230815,PRCP,0,,,N,0900
US1TXAR0014,20230816,PRCP,0,,,N,0900
US1TXAR0014,20230817,PRCP,0,,,N,0800
US1TXAR0014,20230818,PRCP,0,,,N,0700
US1TXAR0014,20230819,PRCP,0,,,N,0800
US1TXAR0014,20230820,PRCP,0,,,N,0900
US1TXAR0014,20230821,PRCP,0,,,N,0800
US1TXAR0014,20230822,PRCP,114,,,N,0900
US1TXAR0014,20230823,PRCP,163,,,N,0900
US1TXAR0014,20230824,PRCP,0,,,N,0800
US1TXAR0014,20230825,PRCP,0,,,N,0900
US1TXAR0014,20230826,PRCP,0,,,N,0900
US1TXAR0014,20230827,PRCP,0,,,N,0900
US1TXAR0014,20230828,PRCP,0,,,N,0900
US1TXAR0014,20230829,PRCP,0,,,N,0800
US1TXAR0014,20230830,PRCP,0,,,N,0900
US1TXAR0014,20230831,PRCP,0,,,N,0900
US1TXAR0014,20230801,SNOW,0,,,N,0800
US1TXAR0014,20230802,SNOW,0,,,N,0800
US1TXAR0014,20230803,SNOW,0,,,N,0700
US1TXAR0014,20230804,SNOW,0,,,N,0900
US1TXAR0014,20230805,SNOW,0,,,N,0900
US1TXAR0014,20230806,SNOW,0,,,N,0800
US1TXAR0014,20230807,SNOW,0,,,N,0900
US1TXAR0014,20230808,SNOW,0,,,N,0900
US1TXAR0014,20230809,SNOW,0,,,N,0900
US1TXAR0014,20230810,SNOW,0,,,N,0900
US1TXAR0014,20230811,SNOW,0,,,N,0900
US1TXAR0014,20230812,SNOW,0,,,N,0900
US1TXAR0014,20230813,SNOW,0,,,N,0900
US1TXAR0014,20230814,SNOW,0,,,N,0900
US1TXAR0014,20230815,SNOW,0,,,N,0900
US1TXAR0014,20230816,SNOW,0,,,N,0900
US1TXAR0014,20230817,SNOW,0,,,N,0800
US1TXAR0014,20230818,SNOW,0,,,N,0700
US1TXAR0014,20230819,SNOW,0,,,N,0800
US1TXAR0014,20230820,SNOW,0,,,N,0900
US1TXAR0014,20230821,SNOW,0,,,N,0800
US1TXAR0014,20230824,SNOW,0,,,N,0800
US1TXAR0014,20230825,SNOW,0,,,N,0900
US1TXAR0014,20230826,SNOW,0,,,N,0900
US1TXAR0014,20230827,SNOW,0,,,N,0900
US1TXAR0014,20230828,SNOW,0,,,N,0900
US1TXAR0014,20230829,SNOW,0,,,N,0800
US1TXAR0014,20230830,SNOW,0,,,N,0900
US1TXAR0014,20230831,SNOW,0,,,N,0900
US1TXAR0014,20230901,PRCP,0,,,N,0900
US1TXAR0014,20230902,PRCP,0,,,N,0900
US1TXAR0014,20230903,PRCP,0,,,N,0900
US1TXAR0014,20230904,PRCP,0,,,N,0900
US1TXAR0014,20230905,PRCP,3,,,N,0900
US1TXAR0014,20230906,PRCP,0,,,N,0800
US1TXAR0014,20230907,PRCP,0,,,N,0900
US1TXAR0014,20230908,PRCP,0,,,N,0900
US1TXAR0014,20230909,PRCP,0,,,N,0900
US1TXAR0014,20230910,PRCP,0,,,N,0900
US1TXAR0014,20230913,PRCP,0,,,N,0900
US1TXAR0014,20230914,PRCP,0,,,N,0900
US1TXAR0014,20230915,PRCP,0,,,N,0900
US1TXAR0014,20230916,PRCP,33,,,N,0900
US1TXAR0014,20230917,PRCP,335,,,N,0900
US1TXAR0014,20230918,PRCP,0,,,N,0900
US1TXAR0014,20230919,PRCP,0,,,N,0900
US1TXAR0014,20230920,PRCP,0,,,N,0900
US1TXAR0014,20230921,PRCP,0,,,N,0900
US1TXAR0014,20230922,PRCP,0,,,N,0900
US1TXAR0014,20230923,PRCP,0,,,N,0900
US1TXAR0014,20230924,PRCP,0,,,N,0800
US1TXAR0014,20230925,PRCP,0,,,N,0900
US1TXAR0014,20230926,PRCP,10,,,N,0800
US1TXAR0014,20230927,PRCP,0,,,N,0800
US1TXAR0014,20230928,PRCP,0,,,N,0800
US1TXAR0014,20230929,PRCP,10,,,N,0900
US1TXAR0014,20230930,PRCP,89,,,N,0900
US1TXAR0014,20230901,SNOW,0,,,N,0900
US1TXAR0014,20230902,SNOW,0,,,N,0900
US1TXAR0014,20230903,SNOW,0,,,N,0900
US1TXAR0014,20230904,SNOW,0,,,N,0900
US1TXAR0014,20230906,SNOW,0,,,N,0800
US1TXAR0014,20230907,SNOW,0,,,N,0900
US1TXAR0014,20230908,SNOW,0,,,N,0900
US1TXAR0014,20230909,SNOW,0,,,N,0900
US1TXAR0014,20230910,SNOW,0,,,N,0900
US1TXAR0014,20230913,SNOW,0,,,N,0900
US1TXAR0014,20230914,SNOW,0,,,N,0900
US1TXAR0014,20230915,SNOW,0,,,N,0900
US1TXAR0014,20230918,SNOW,0,,,N,0900
US1TXAR0014,20230919,SNOW,0,,,N,0900
US1TXAR0014,20230920,SNOW,0,,,N,0900
US1TXAR0014,20230921,SNOW,0,,,N,0900
US1TXAR0014,20230922,SNOW,0,,,N,0900
US1TXAR0014,20230923,SNOW,0,,,N,0900
US1TXAR0014,20230924,SNOW,0,,,N,0800
US1TXAR0014,20230925,SNOW,0,,,N,0900
US1TXAR0014,20230927,SNOW,0,,,N,0800
US1TXAR0014,20230928,SNOW,0,,,N,0800
US1TXAR0014,20230912,DAPR,2,,,N,0800
US1TXAR0014,20230912,MDPR,0,,,N,0800
US1TXAR0014,20231001,PRCP,5,,,N,0900
US1TXAR0014,20231002,PRCP,295,,,N,0800
US1TXAR0014,20231003,PRCP,175,,,N,0900
US1TXAR0014,20231004,PRCP,0,,,N,0900
US1TXAR0014,20231005,PRCP,20,,,N,0800
US1TXAR0014,20231006,PRCP,470,,,N,0900
US1TXAR0014,20231007,PRCP,0,,,N,0900
US1TXAR0014,20231008,PRCP,0,,,N,0900
US1TXAR0014,20231009,PRCP,0,,,N,0900
US1TXAR0014,20231010,PRCP,25,,,N,0900
US1TXAR0014,20231011,PRCP,79,,,N,0900
US1TXAR0014,20231012,PRCP,5,,,N,0902
US1TXAR0014,20231013,PRCP,0,,,N,0900
US1TXAR0014,20231014,PRCP,0,,,N,0900
US1TXAR0014,20231015,PRCP,0,,,N,0900
US1TXAR0014,20231016,PRCP,0,,,N,0900
US1TXAR0014,20231017,PRCP,0,,,N,0900
US1TXAR0014,20231018,PRCP,0,,,N,0900
US1TXAR0014,20231019,PRCP,0,,,N,0900
US1TXAR0014,20231022,PRCP,0,,,N,0900
US1TXAR0014,20231023,PRCP,0,,,N,0900
US1TXAR0014,20231024,PRCP,38,,,N,0900
US1TXAR0014,20231025,PRCP,0,,,N,0900
US1TXAR0014,20231026,PRCP,0,,,N,0800
US1TXAR0014,20231027,PRCP,0,,,N,0900
US1TXAR0014,20231028,PRCP,0,T,,N,0900
US1TXAR0014,20231029,PRCP,5,,,N,0800
US1TXAR0014,20231030,PRCP,15,,,N,0800
US1TXAR0014,20231031,PRCP,30,,,N,0900
US1TXAR0014,20231004,SNOW,0,,,N,0900
US1TXAR0014,20231007,SNOW,0,,,N,0900
US1TXAR0014,20231008,SNOW,0,,,N,0900
US1TXAR0014,20231009,SNOW,0,,,N,0900
US1TXAR0014,20231012,SNOW,0,,,N,0902
US1TXAR0014,20231013,SNOW,0,,,N,0900
US1TXAR0014,20231014,SNOW,0,,,N,0900
US1TXAR0014,20231015,SNOW,0,,,N,0900
US1TXAR0014,20231016,SNOW,0,,,N,0900
US1TXAR0014,20231017,SNOW,0,,,N,0900
US1TXAR0014,20231018,SNOW,0,,,N,0900
US1TXAR0014,20231019,SNOW,0,,,N,0900
US1TXAR0014,20231022,SNOW,0,,,N,0900
US1TXAR0014,20231023,SNOW,0,,,N,0900
US1TXAR0014,20231025,SNOW,0,,,N,0900
US1TXAR0014,20231026,SNOW,0,,,N,0800
US1TXAR0014,20231027,SNOW,0,,,N,0900
US1TXAR0014,20231021,DAPR,2,,,N,0900
US1TXAR0014,20231021,MDPR,0,,,N,0900
US1TXAR0014,20231101,PRCP,0,T,,N,0900
US1TXAR0014,20231102,PRCP,0,,,N,0900
US1TXAR0014,20231103,PRCP,0,,,N,0900
US1TXAR0014,20231104,PRCP,0,,,N,0900
US1TXAR0014,20231105,PRCP,0,,,N,0700
US1TXAR0014,20231106,PRCP,0,,,N,0800
US1TXAR0014,20231107,PRCP,0,,,N,0900
US1TXAR0014,20231109,PRCP,0,,,N,0900
US1TXAR0014,20231110,PRCP,119,,,N,0900
US1TXAR0014,20231111,PRCP,150,,,N,0900
US1TXAR0014,20231112,PRCP,81,,,N,0800
US1TXAR0014,20231113,PRCP,617,,,N,0800
US1TXAR0014,20231114,PRCP,140,,,N,0900
US1TXAR0014,20231115,PRCP,0,,,N,0900
US1TXAR0014,20231116,PRCP,0,,,N,0900
US1TXAR0014,20231117,PRCP,0,,,N,0900
US1TXAR0014,20231118,PRCP,0,,,N,0900
US1TXAR0014,20231119,PRCP,0,,,N,0700
US1TXAR0014,20231120,PRCP,0,,,N,0900
US1TXAR0014,20231121,PRCP,3,,,N,0800
US1TXAR0014,20231127,PRCP,0,,,N,0900
US1TXAR0014,20231128,PRCP,0,,,N,0900
US1TXAR0014,20231129,PRCP,0,,,N,0900
US1TXAR0014,20231130,PRCP,64,,,N,0900
US1TXAR0014,20231102,SNOW,0,,,N,0900
US1TXAR0014,20231103,SNOW,0,,,N,0900
US1TXAR0014,20231104,SNOW,0,,,N,0900
US1TXAR0014,20231105,SNOW,0,,,N,0700
US1TXAR0014,20231106,SNOW,0,,,N,0800
US1TXAR0014,20231107,SNOW,0,,,N,0900
US1TXAR0014,20231109,SNOW,0,,,N,0900
US1TXAR0014,20231115,SNOW,0,,,N,0900
US1TXAR0014,20231116,SNOW,0,,,N,0900
US1TXAR0014,20231117,SNOW,0,,,N,0900
US1TXAR0014,20231118,SNOW,0,,,N,0900
US1TXAR0014,20231119,SNOW,0,,,N,0700
US1TXAR0014,20231120,SNOW,0,,,N,0900
US1TXAR0014,20231127,SNOW,0,,,N,0900
US1TXAR0014,20231128,SNOW,0,,,N,0900
US1TXAR0014,20231129,SNOW,0,,,N,0900
US1TXAR0014,20231126,DAPR,5,,,N,0900
US1TXAR0014,20231126,MDPR,8,,,N,0900
US1TXAR0014,20231201,PRCP,0,T,,N,0900
US1TXAR0014,20231202,PRCP,13,,,N,0700
US1TXAR0014,20231203,PRCP,0,,,N,0800
US1TXAR0014,20231204,PRCP,0,,,N,0800
US1TXAR0014,20231205,PRCP,0,,,N,0900
US1TXAR0014,20231206,PRCP,0,,,N,0900
US1TXAR0014,20231207,PRCP,0,,,N,0800
US1TXAR0014,20231208,PRCP,0,,,N,0800
US1TXAR0014,20231209,PRCP,0,,,N,0900
US1TXAR0014,20231210,PRCP,38,,,N,0800
US1TXAR0014,20231211,PRCP,0,,,N,0900
US1TXAR0014,20231212,PRCP,0,,,N,0900
US1TXAR0014,20231213,PRCP,33,,,N,0900
US1TXAR0014,20231218,PRCP,0,,,N,0900
US1TXAR0014,20231219,PRCP,0,,,N,0900
US1TXAR0014,20231220,PRCP,0,,,N,0900
US1TXAR0014,20231221,PRCP,5,,,N,0900
US1TXAR0014,20231222,PRCP,13,,,N,0900
US1TXAR0014,20231223,PRCP,5,,,N,0900
US1TXAR0014,20231224,PRCP,28,,,N,0800
US1TXAR0014,20231225,PRCP,0,,,N,0900
US1TXAR0014,20231226,PRCP,0,,,N,0900
US1TXAR0014,20231227,PRCP,0,,,N,0800
US1TXAR0014,20231231,PRCP,0,,,N,0900
US1TXAR0014,20231203,SNOW,0,,,N,0800
US1TXAR0014,20231204,SNOW,0,,,N,0800
US1TXAR0014,20231205,SNOW,0,,,N,0900
US1TXAR0014,20231206,SNOW,0,,,N,0900
US1TXAR0014,20231207,SNOW,0,,,N,0800
US1TXAR0014,20231208,SNOW,0,,,N,0800
US1TXAR0014,20231209,SNOW,0,,,N,0900
US1TXAR0014,20231211,SNOW,0,,,N,0900
US1TXAR0014,20231212,SNOW,0,,,N,0900
US1TXAR0014,20231218,SNOW,0,,,N,0900
US1TXAR0014,20231219,SNOW,0,,,N,0900
US1TXAR0014,20231220,SNOW,0,,,N,0900
US1TXAR0014,20231225,SNOW,0,,,N,0900
US1TXAR0014,20231226,SNOW,0,,,N,0900
US1TXAR0014,20231227,SNOW,0,,,N,0800
US1TXAR0014,20231231,SNOW,0,,,N,0900
US1TXAR0014,20231217,DAPR,4,,,N,0900
US1TXAR0014,20231230,DAPR,3,,,N,0900
US1TXAR0014,20231217,MDPR,28,,,N,0900
US1TXAR0014,20231230,MDPR,0,,,N,0900
US1TXAR0014,20240101,PRCP,0,,,N,0900
US1TXAR0014,20240102,PRCP,0,,,N,0900
US1TXAR0014,20240103,PRCP,175,,,N,0900
US1TXAR0014,20240104,PRCP,0,,,N,0900
US1TXAR0014,20240105,PRCP,178,,,N,0900
US1TXAR0014,20240106,PRCP,0,,,N,0900
US1TXAR0014,20240107,PRCP,0,,,N,0800
US1TXAR0014,20240108,PRCP,5,,,N,0900
US1TXAR0014,20240109,PRCP,3,,,N,0900
US1TXAR0014,20240110,PRCP,0,,,N,0900
US1TXAR0014,20240111,PRCP,0,,,N,0900
US1TXAR0014,20240112,PRCP,0,,,N,0900
US1TXAR0014,20240113,PRCP,0,,,N,0900
US1TXAR0014,20240114,PRCP,0,,,N,0800
US1TXAR0014,20240115,PRCP,3,,,N,0900
US1TXAR0014,20240116,PRCP,0,T,,N,0800
US1TXAR0014,20240117,PRCP,0,,,N,0900
US1TXAR0014,20240118,PRCP,0,,,N,0900
US1TXAR0014,20240119,PRCP,0,,,N,0800
US1TXAR0014,20240120,PRCP,0,,,N,0900
US1TXAR0014,20240121,PRCP,3,,,N,0800
US1TXAR0014,20240122,PRCP,531,,,N,0900
US1TXAR0014,20240123,PRCP,3,,,N,0900
US1TXAR0014,20240124,PRCP,10,,,N,0800
US1TXAR0014,20240125,PRCP,396,,,N,0900
US1TXAR0014,20240126,PRCP,0,,,N,0800
US1TXAR0014,20240127,PRCP,10,,,N,0900
US1TXAR0014,20240128,PRCP,0,,,N,0800
US1TXAR0014,20240129,PRCP,0,,,N,0900
US1TXAR0014,20240130,PRCP,0,,,N,0900
US1TXAR0014,20240131,PRCP,0,,,N,0900
US1TXAR0014,20240101,SNOW,0,,,N,0900
US1TXAR0014,20240102,SNOW,0,,,N,0900
US1TXAR0014,20240104,SNOW,0,,,N,0900
US1TXAR0014,20240106,SNOW,0,,,N,0900
US1TXAR0014,20240107,SNOW,0,,,N,0800
US1TXAR0014,20240110,SNOW,0,,,N,0900
US1TXAR0014,20240111,SNOW,0,,,N,0900
US1TXAR0014,20240112,SNOW,0,,,N,0900
US1TXAR0014,20240113,SNOW,0,,,N,0900
US1TXAR0014,20240114,SNOW,0,,,N,0800
US1TXAR0014,20240117,SNOW,0,,,N,0900
US1TXAR0014,20240118,SNOW,0,,,N,0900
US1TXAR0014,20240119,SNOW,0,,,N,0800
US1TXAR0014,20240120,SNOW,0,,,N,0900
US1TXAR0014,20240126,SNOW,0,,,N,0800
US1TXAR0014,20240128,SNOW,0,,,N,0800
US1TXAR0014,20240129,SNOW,0,,,N,0900
US1TXAR0014,20240130,SNOW,0,,,N,0900
US1TXAR0014,20240131,SNOW,0,,,N,0900
US1TXAR0014,20240201,PRCP,0,,,N,0800
US1TXAR0014,20240202,PRCP,0,,,N,0900
US1TXAR0014,20240203,PRCP,389,,,N,0900
US1TXAR0014,20240204,PRCP,0,,,N,0800
US1TXAR0014,20240205,PRCP,0,,,N,0800
US1TXAR0014,20240206,PRCP,0,,,N,0900
US1TXAR0014,20240207,PRCP,0,,,N,0900
US1TXAR0014,20240208,PRCP,0,,,N,0900
US1TXAR0014,20240209,PRCP,0,,,N,0900
US1TXAR0014,20240210,PRCP,5,,,N,0900
US1TXAR0014,20240211,PRCP,0,T,,N,0900
US1TXAR0014,20240212,PRCP,0,,,N,0900
US1TXAR0014,20240213,PRCP,0,,,N,0900
US1TXAR0014,20240214,PRCP,0,,,N,0900
US1TXAR0014,20240215,PRCP,0,T,,N,0900
US1TXAR0014,20240216,PRCP,25,,,N,0800
US1TXAR0014,20240217,PRCP,43,,,N,0900
US1TXAR0014,20240218,PRCP,5,,,N,0800
US1TXAR0014,20240219,PRCP,0,,,N,0900
US1TXAR0014,20240220,PRCP,0,,,N,0900
US1TXAR0014,20240221,PRCP,0,,,N,0800
US1TXAR0014,20240222,PRCP,0,,,N,0900
US1TXAR0014,20240223,PRCP,0,,,N,0900
US1TXAR0014,20240224,PRCP,0,,,N,0800
US1TXAR0014,20240225,PRCP,0,,,N,0800
US1TXAR0014,20240226,PRCP,0,,,N,0900
US1TXAR0014,20240227,PRCP,0,,,N,1000
US1TXAR0014,20240228,PRCP,0,,,N,0900
US1TXAR0014,20240229,PRCP,0,,,N,0900
US1TXAR0014,20240201,SNOW,0,,,N,0800
US1TXAR0014,20240202,SNOW,0,,,N,0900
US1TXAR0014,20240204,SNOW,0,,,N,0800
US1TXAR0014,20240205,SNOW,0,,,N,0800
US1TXAR0014,20240206,SNOW,0,,,N,0900
US1TXAR0014,20240207,SNOW,0,,,N,0900
US1TXAR0014,20240208,SNOW,0,,,N,0900
US1TXAR0014,20240209,SNOW,0,,,N,0900
US1TXAR0014,20240212,SNOW,0,,,N,0900
US1TXAR0014,20240213,SNOW,0,,,N,0900
US1TXAR0014,20240214,SNOW,0,,,N,0900
US1TXAR0014,20240219,SNOW,0,,,N,0900
US1TXAR0014,20240220,SNOW,0,,,N,0900
US1TXAR0014,20240221,SNOW,0,,,N,0800
US1TXAR0014,20240222,SNOW,0,,,N,0900
US1TXAR0014,20240223,SNOW,0,,,N,0900
US1TXAR0014,20240224,SNOW,0,,,N,0800
US1TXAR0014,20240225,SNOW,0,,,N,0800
US1TXAR0014,20240226,SNOW,0,,,N,0900
US1TXAR0014,20240227,SNOW,0,,,N,1000
US1TXAR0014,20240228,SNOW,0,,,N,0900
US1TXAR0014,20240229,SNOW,0,,,N,0900
US1TXAR0014,20240301,PRCP,0,T,,N,0900
US1TXAR0014,20240302,PRCP,0,,,N,0900
US1TXAR0014,20240303,PRCP,0,,,N,0800
US1TXAR0014,20240304,PRCP,0,,,N,0900
US1TXAR0014,20240305,PRCP,0,,,N,0700
US1TXAR0014,20240306,PRCP,0,,,N,0900
US1TXAR0014,20240307,PRCP,0,,,N,0900
US1TXAR0014,20240308,PRCP,5,,,N,0900
US1TXAR0014,20240309,PRCP,0,,,N,0900
US1TXAR0014,20240310,PRCP,0,,,N,0900
US1TXAR0014,20240311,PRCP,5,,,N,0700
US1TXAR0014,20240312,PRCP,0,,,N,0900
US1TXAR0014,20240313,PRCP,0,,,N,0900
US1TXAR0014,20240314,PRCP,0,,,N,0900
US1TXAR0014,20240315,PRCP,0,,,N,0900
US1TXAR0014,20240316,PRCP,56,,,N,1100
US1TXAR0014,20240317,PRCP,142,,,N,0800
US1TXAR0014,20240318,PRCP,0,T,,N,0700
US1TXAR0014,20240319,PRCP,0,T,,N,0900
US1TXAR0014,20240320,PRCP,36,,,N,0900
US1TXAR0014,20240321,PRCP,272,,,N,0900
US1TXAR0014,20240322,PRCP,15,,,N,0800
US1TXAR0014,20240323,PRCP,0,,,N,0900
US1TXAR0014,20240324,PRCP,0,,,N,0900
US1TXAR0014,20240325,PRCP,0,,,N,0900
US1TXAR0014,20240326,PRCP,0,,,N,0900
US1TXAR0014,20240327,PRCP,0,,,N,0900
US1TXAR0014,20240328,PRCP,0,,,N,0900
US1TXAR0014,20240329,PRCP,0,,,N,0900
US1TXAR0014,20240330,PRCP,0,,,N,0900
US1TXAR0014,20240331,PRCP,0,,,N,0800
US1TXAR0014,20240302,SNOW,0,,,N,0900
US1TXAR0014,20240303,SNOW,0,,,N,0800
US1TXAR0014,20240304,SNOW,0,,,N,0900
US1TXAR0014,20240305,SNOW,0,,,N,0700
US1TXAR0014,20240306,SNOW,0,,,N,0900
US1TXAR0014,20240307,SNOW,0,,,N,0900
US1TXAR0014,20240309,SNOW,0,,,N,0900
US1TXAR0014,20240310,SNOW,0,,,N,0900
US1TXAR0014,20240312,SNOW,0,,,N,0900
US1TXAR0014,20240313,SNOW,0,,,N,0900
US1TXAR0014,20240314,SNOW,0,,,N,0900
US1TXAR0014,20240315,SNOW,0,,,N,0900
US1TXAR0014,20240323,SNOW,0,,,N,0900
US1TXAR0014,20240324,SNOW,0,,,N,0900
US1TXAR0014,20240325,SNOW,0,,,N,0900
US1TXAR0014,20240326,SNOW,0,,,N,0900
US1TXAR0014,20240327,SNOW,0,,,N,0900
US1TXAR0014,20240328,SNOW,0,,,N,0900
US1TXAR0014,20240329,SNOW,0,,,N,0900
US1TXAR0014,20240330,SNOW,0,,,N,0900
US1TXAR0014,20240331,SNOW,0,,,N,0800
US1TXAR0014,20240401,PRCP,0,,,N,0900
US1TXAR0014,20240402,PRCP,0,,,N,0900
US1TXAR0014,20240403,PRCP,0,,,N,0900
US1TXAR0014,20240404,PRCP,0,,,N,0900
US1TXAR0014,20240405,PRCP,0,,,N,0800
US1TXAR0014,20240406,PRCP,0,,,N,0800
US1TXAR0014,20240407,PRCP,0,,,N,0800
US1TXAR0014,20240408,PRCP,0,,,N,0900
US1TXAR0014,20240409,PRCP,0,,,N,0900
US1TXAR0014,20240410,PRCP,203,,,N,0900
US1TXAR0014,20240411,PRCP,0,,,N,0900
US1TXAR0014,20240412,PRCP,0,,,N,0900
US1TXAR0014,20240413,PRCP,0,,,N,0900
US1TXAR0014,20240414,PRCP,0,,,N,0800
US1TXAR0014,20240415,PRCP,0,,,N,0900
US1TXAR0014,20240416,PRCP,0,,,N,0900
US1TXAR0014,20240417,PRCP,0,T,,N,0900
US1TXAR0014,20240418,PRCP,0,,,N,0900
US1TXAR0014,20240419,PRCP,0,,,N,0900
US1TXAR0014,20240420,PRCP,8,,,N,0900
US1TXAR0014,20240421,PRCP,89,,,N,0900
US1TXAR0014,20240422,PRCP,0,,,N,0900
US1TXAR0014,20240423,PRCP,13,,,N,0900
US1TXAR0014,20240424,PRCP,0,T,,N,0800
US1TXAR0014,20240425,PRCP,0,,,N,0900
US1TXAR0014,20240426,PRCP,0,,,N,0900
US1TXAR0014,20240427,PRCP,8,,,N,0900
US1TXAR0014,20240428,PRCP,0,,,N,0900
US1TXAR0014,20240429,PRCP,0,T,,N,0900
US1TXAR0014,20240430,PRCP,0,,,N,0900
US1TXAR0014,20240401,SNOW,0,,,N,0900
US1TXAR0014,20240402,SNOW,0,,,N,0900
US1TXAR0014,20240403,SNOW,0,,,N,0900
US1TXAR0014,20240404,SNOW,0,,,N,0900
US1TXAR0014,20240405,SNOW,0,,,N,0800
US1TXAR0014,20240406,SNOW,0,,,N,0800
US1TXAR0014,20240407,SNOW,0,,,N,0800
US1TXAR0014,20240408,SNOW,0,,,N,0900
US1TXAR0014,20240409,SNOW,0,,,N,0900
US1TXAR0014,20240411,SNOW,0,,,N,0900
US1TXAR0014,20240412,SNOW,0,,,N,0900
US1TXAR0014,20240413,SNOW,0,,,N,0900
US1TXAR0014,20240414,SNOW,0,,,N,0800
US1TXAR0014,20240415,SNOW,0,,,N,0900
US1TXAR0014,20240416,SNOW,0,,,N,0900
US1TXAR0014,20240418,SNOW,0,,,N,0900
US1TXAR0014,20240419,SNOW,0,,,N,0900
US1TXAR0014,20240422,SNOW,0,,,N,0900
US1TXAR0014,20240425,SNOW,0,,,N,0900
US1TXAR0014,20240426,SNOW,0,,,N,0900
US1TXAR0014,20240428,SNOW,0,,,N,0900
US1TXAR0014,20240430,SNOW,0,,,N,0900
US1TXAR0014,20240501,PRCP,10,,,N,0900
US1TXAR0014,20240502,PRCP,0,T,,N,0900
US1TXAR0014,20240503,PRCP,0,,,N,0900
US1TXAR0014,20240504,PRCP,0,,,N,0700
US1TXAR0014,20240505,PRCP,0,,,N,0900
US1TXAR0014,20240506,PRCP,0,T,,N,0900
US1TXAR0014,20240507,PRCP,0,,,N,0900
US1TXAR0014,20240508,PRCP,0,,,N,0900
US1TXAR0014,20240509,PRCP,0,,,N,0900
US1TXAR0014,20240510,PRCP,0,,,N,0900
US1TXAR0014,20240511,PRCP,0,,,N,0900
US1TXAR0014,20240512,PRCP,0,T,,N,0800
US1TXAR0014,20240513,PRCP,0,,,N,0900
US1TXAR0014,20240514,PRCP,0,T,,N,0900
US1TXAR0014,20240515,PRCP,0,,,N,0900
US1TXAR0014,20240516,PRCP,0,,,N,0900
US1TXAR0014,20240517,PRCP,0,T,,N,0900
US1TXAR0014,20240518,PRCP,48,,,N,0900
US1TXAR0014,20240519,PRCP,0,,,N,0900
US1TXAR0014,20240520,PRCP,0,,,N,0900
US1TXAR0014,20240521,PRCP,0,,,N,0900
US1TXAR0014,20240522,PRCP,0,,,N,0900
US1TXAR0014,20240523,PRCP,0,,,N,0900
US1TXAR0014,20240524,PRCP,0,,,N,0900
US1TXAR0014,20240525,PRCP,0,,,N,0900
US1TXAR0014,20240526,PRCP,0,,,N,0900
US1TXAR0014,20240527,PRCP,0,,,N,0900
US1TXAR0014,20240528,PRCP,0,,,N,0900
US1TXAR0014,20240529,PRCP,48,,,N,0900
US1TXAR0014,20240530,PRCP,0,,,N,0900
US1TXAR0014,20240531,PRCP,0,,,N,0700
US1TXAR0014,20240503,SNOW,0,,,N,0900
US1TXAR0014,20240504,SNOW,0,,,N,0700
US1TXAR0014,20240505,SNOW,0,,,N,0900
US1TXAR0014,20240507,SNOW,0,,,N,0900
US1TXAR0014,20240508,SNOW,0,,,N,0900
US1TXAR0014,20240509,SNOW,0,,,N,0900
US1TXAR0014,20240510,SNOW,0,,,N,0900
US1TXAR0014,20240511,SNOW,0,,,N,0900
US1TXAR0014,20240513,SNOW,0,,,N,0900
US1TXAR0014,20240515,SNOW,0,,,N,0900
US1TXAR0014,20240516,SNOW,0,,,N,0900
US1TXAR0014,20240519,SNOW,0,,,N,0900
US1TXAR0014,20240520,SNOW,0,,,N,0900
US1TXAR0014,20240521,SNOW,0,,,N,0900
US1TXAR0014,20240522,SNOW,0,,,N,0900
US1TXAR0014,20240523,SNOW,0,,,N,0900
US1TXAR0014,20240524,SNOW,0,,,N,0900
US1TXAR0014,20240525,SNOW,0,,,N,0900
US1TXAR0014,20240526,SNOW,0,,,N,0900
US1TXAR0014,20240527,SNOW,0,,,N,0900
US1TXAR0014,20240528,SNOW,0,,,N,0900
US1TXAR0014,20240530,SNOW,0,,,N,0900
US1TXAR0014,20240531,SNOW,0,,,N,0700
US1TXAR0014,20240601,PRCP,41,,,N,0900
US1TXAR0014,20240602,PRCP,0,,,N,0900
US1TXAR0014,20240603,PRCP,0,,,N,0900
US1TXAR0014,20240604,PRCP,0,,,N,0900
US1TXAR0014,20240605,PRCP,0,,,N,0900
US1TXAR0014,20240606,PRCP,61,,,N,0900
US1TXAR0014,20240607,PRCP,0,,,N,0900
US1TXAR0014,20240608,PRCP,0,,,N,0900
US1TXAR0014,20240609,PRCP,0,,,N,0900
US1TXAR0014,20240610,PRCP,0,,,N,0900
US1TXAR0014,20240611,PRCP,0,,,N,0900
US1TXAR0014,20240612,PRCP,0,,,N,0500
US1TXAR0014,20240613,PRCP,46,,,N,0900
US1TXAR0014,20240614,PRCP,0,T,,N,0900
US1TXAR0014,20240615,PRCP,0,,,N,0900
US1TXAR0014,20240616,PRCP,165,,,N,0900
US1TXAR0014,20240617,PRCP,0,T,,N,0900
US1TXAR0014,20240618,PRCP,5,,,N,0900
US1TXAR0014,20240619,PRCP,259,,,N,0900
US1TXAR0014,20240620,PRCP,1417,,,N,0900
US1TXAR0014,20240621,PRCP,10,,,N,0900
US1TXAR0014,20240622,PRCP,0,,,N,0900
US1TXAR0014,20240623,PRCP,0,,,N,0900
US1TXAR0014,20240624,PRCP,66,,,N,0900
US1TXAR0014,20240625,PRCP,0,T,,N,0900
US1TXAR0014,20240626,PRCP,0,,,N,0500
US1TXAR0014,20240627,PRCP,0,,,N,0900
US1TXAR0014,20240628,PRCP,0,,,N,0900
US1TXAR0014,20240629,PRCP,18,,,N,0900
US1TXAR0014,20240630,PRCP,0,,,N,0900
US1TXAR0014,20240602,SNOW,0,,,N,0900
US1TXAR0014,20240603,SNOW,0,,,N,0900
US1TXAR0014,20240604,SNOW,0,,,N,0900
US1TXAR0014,20240605,SNOW,0,,,N,0900
US1TXAR0014,20240607,SNOW,0,,,N,0900
US1TXAR0014,20240608,SNOW,0,,,N,0900
US1TXAR0014,20240609,SNOW,0,,,N,0900
US1TXAR0014,20240610,SNOW,0,,,N,0900
US1TXAR0014,20240611,SNOW,0,,,N,0900
US1TXAR0014,20240612,SNOW,0,,,N,0500
US1TXAR0014,20240615,SNOW,0,,,N,0900
US1TXAR0014,20240622,SNOW,0,,,N,0900
US1TXAR0014,20240623,SNOW,0,,,N,0900
US1TXAR0014,20240626,SNOW,0,,,N,0500
US1TXAR0014,20240627,SNOW,0,,,N,0900
US1TXAR0014,20240628,SNOW,0,,,N,0900
US1TXAR0014,20240630,SNOW,0,,,N,0900
US1TXAR0014,20240701,PRCP,0,,,N,0900
US1TXAR0014,20240702,PRCP,0,,,N,0900
US1TXAR0014,20240703,PRCP,0,,,N,0700
US1TXAR0014,20240704,PRCP,0,,,N,0900
US1TXAR0014,20240705,PRCP,0,,,N,0900
US1TXAR0014,20240706,PRCP,0,,,N,0800
US1TXAR0014,20240707,PRCP,0,,,N,0700
US1TXAR0014,20240708,PRCP,8,,,N,0900
US1TXAR0014,20240709,PRCP,0,,,N,0900
US1TXAR0014,20240710,PRCP,5,,,N,0900
US1TXAR0014,20240711,PRCP,86,,,N,0900
US1TXAR0014,20240712,PRCP,495,,,N,0900
US1TXAR0014,20240713,PRCP,20,,,N,0900
US1TXAR0014,20240714,PRCP,23,,,N,0900
US1TXAR0014,20240715,PRCP,0,,,N,0800
US1TXAR0014,20240716,PRCP,0,,,N,0900
US1TXAR0014,20240717,PRCP,0,,,N,0900
US1TXAR0014,20240718,PRCP,0,,,N,0900
US1TXAR0014,20240719,PRCP,0,,,N,0900
US1TXAR0014,20240720,PRCP,0,,,N,0900
US1TXAR0014,20240721,PRCP,0,,,N,0900
US1TXAR0014,20240722,PRCP,91,,,N,0900
US1TXAR0014,20240723,PRCP,3,,,N,0800
US1TXAR0014,20240724,PRCP,5,,,N,0900
US1TXAR0014,20240725,PRCP,130,,,N,0800
US1TXAR0014,20240726,PRCP,157,,,N,0900
US1TXAR0014,20240727,PRCP,188,,,N,0900
US1TXAR0014,20240728,PRCP,64,,,N,0900
US1TXAR0014,20240729,PRCP,0,T,,N,0800
US1TXAR0014,20240730,PRCP,0,,,N,0900
US1TXAR0014,20240731,PRCP,0,,,N,0900
US1TXAR0014,20240701,SNOW,0,,,N,0900
US1TXAR0014,20240702,SNOW,0,,,N,0900
US1TXAR0014,20240703,SNOW,0,,,N,0700
US1TXAR0014,20240704,SNOW,0,,,N,0900
US1TXAR0014,20240705,SNOW,0,,,N,0900
US1TXAR0014,20240706,SNOW,0,,,N,0800
US1TXAR0014,20240707,SNOW,0,,,N,0700
US1TXAR0014,20240709,SNOW,0,,,N,0900
US1TXAR0014,20240715,SNOW,0,,,N,0800
US1TXAR0014,20240716,SNOW,0,,,N,0900
US1TXAR0014,20240717,SNOW,0,,,N,0900
US1TXAR0014,20240718,SNOW,0,,,N,0900
US1TXAR0014,20240719,SNOW,0,,,N,0900
US1TXAR0014,20240720,SNOW,0,,,N,0900
US1TXAR0014,20240721,SNOW,0,,,N,0900
US1TXAR0014,20240730,SNOW,0,,,N,0900
US1TXAR0014,20240731,SNOW,0,,,N,0900
US1TXAR0014,20240801,PRCP,0,,,N,0900
US1TXAR0014,20240802,PRCP,0,,,N,0700
US1TXAR0014,20240803,PRCP,0,,,N,0900
US1TXAR0014,20240804,PRCP,0,,,N,0900
US1TXAR0014,20240805,PRCP,0,,,N,0900
US1TXAR0014,20240806,PRCP,0,,,N,0900
US1TXAR0014,20240807,PRCP,0,,,N,0900
US1TXAR0014,20240808,PRCP,0,,,N,0900
US1TXAR0014,20240809,PRCP,0,,,N,0900
US1TXAR0014,20240810,PRCP,0,,,N,0800
US1TXAR0014,20240811,PRCP,0,,,N,0900
US1TXAR0014,20240812,PRCP,0,,,N,0800
US1TXAR0014,20240813,PRCP,0,,,N,0900
US1TXAR0014,20240814,PRCP,0,,,N,0900
US1TXAR0014,20240815,PRCP,0,,,N,0900
US1TXAR0014,20240816,PRCP,0,,,N,0800
US1TXAR0014,20240817,PRCP,0,,,N,0900
US1TXAR0014,20240818,PRCP,0,,,N,0900
US1TXAR0014,20240819,PRCP,0,,,N,0900
US1TXAR0014,20240820,PRCP,0,,,N,0900
US1TXAR0014,20240821,PRCP,0,,,N,0900
US1TXAR0014,20240822,PRCP,0,,,N,0900
US1TXAR0014,20240823,PRCP,0,,,N,0900
US1TXAR0014,20240824,PRCP,23,,,N,0800
US1TXAR0014,20240825,PRCP,81,,,N,0900
US1TXAR0014,20240826,PRCP,0,,,N,0900
US1TXAR0014,20240827,PRCP,3,,,N,0900
US1TXAR0014,20240828,PRCP,0,,,N,0900
US1TXAR0014,20240829,PRCP,56,,,N,0800
US1TXAR0014,20240830,PRCP,0,T,,N,0800
US1TXAR0014,20240831,PRCP,71,,,N,0900
US1TXAR0014,20240801,SNOW,0,,,N,0900
US1TXAR0014,20240802,SNOW,0,,,N,0700
US1TXAR0014,20240803,SNOW,0,,,N,0900
US1TXAR0014,20240804,SNOW,0,,,N,0900
US1TXAR0014,20240805,SNOW,0,,,N,0900
US1TXAR0014,20240806,SNOW,0,,,N,0900
US1TXAR0014,20240807,SNOW,0,,,N,0900
US1TXAR0014,20240808,SNOW,0,,,N,0900
US1TXAR0014,20240809,SNOW,0,,,N,0900
US1TXAR0014,20240810,SNOW,0,,,N,0800
US1TXAR0014,20240811,SNOW,0,,,N,0900
US1TXAR0014,20240812,SNOW,0,,,N,0800
US1TXAR0014,20240813,SNOW,0,,,N,0900
US1TXAR0014,20240814,SNOW,0,,,N,0900
US1TXAR0014,20240815,SNOW,0,,,N,0900
US1TXAR0014,20240816,SNOW,0,,,N,0800
US1TXAR0014,20240817,SNOW,0,,,N,0900
US1TXAR0014,20240818,SNOW,0,,,N,0900
US1TXAR0014,20240819,SNOW,0,,,N,0900
US1TXAR0014,20240820,SNOW,0,,,N,0900
US1TXAR0014,20240821,SNOW,0,,,N,0900
US1TXAR0014,20240822,SNOW,0,,,N,0900
US1TXAR0014,20240823,SNOW,0,,,N,0900
US1TXAR0014,20240826,SNOW,0,,,N,0900
US1TXAR0014,20240828,SNOW,0,,,N,0900
US1TXAR0014,20240901,PRCP,0,,,N,0900
US1TXAR0014,20240902,PRCP,0,,,N,0900
US1TXAR0014,20240903,PRCP,399,,,N,0800
US1TXAR0014,20240904,PRCP,597,,,N,0900
US1TXAR0014,20240905,PRCP,46,,,N,0900
US1TXAR0014,20240906,PRCP,41,,,N,0900
US1TXAR0014,20240907,PRCP,3,,,N,0900
US1TXAR0014,20240908,PRCP,0,,,N,0900
US1TXAR0014,20240909,PRCP,0,,,N,0900
US1TXAR0014,20240910,PRCP,0,,,N,0900
US1TXAR0014,20240911,PRCP,0,,,N,0900
US1TXAR0014,20240912,PRCP,0,,,N,0900
US1TXAR0014,20240913,PRCP,0,,,N,0900
US1TXAR0014,20240914,PRCP,0,,,N,0800
US1TXAR0014,20240915,PRCP,0,T,,N,0900
US1TXAR0014,20240916,PRCP,0,,,N,0800
US1TXAR0014,20240917,PRCP,0,,,N,0900
US1TXAR0014,20240918,PRCP,0,,,N,0900
US1TXAR0014,20240919,PRCP,0,,,N,0900
US1TXAR0014,20240920,PRCP,0,,,N,0900
US1TXAR0014,20240921,PRCP,0,,,N,0900
US1TXAR0014,20240922,PRCP,0,,,N,0900
US1TXAR0014,20240923,PRCP,0,,,N,0800
US1TXAR0014,20240924,PRCP,0,,,N,0900
US1TXAR0014,20240925,PRCP,0,T,,N,0900
US1TXAR0014,20240926,PRCP,13,,,N,0900
US1TXAR0014,20240927,PRCP,0,,,N,0900
US1TXAR0014,20240928,PRCP,0,,,N,0900
US1TXAR0014,20240929,PRCP,0,,,N,0900
US1TXAR0014,20240930,PRCP,0,,,N,0900
US1TXAR0014,20240901,SNOW,0,,,N,0900
US1TXAR0014,20240902,SNOW,0,,,N,0900
US1TXAR0014,20240908,SNOW,0,,,N,0900
US1TXAR0014,20240909,SNOW,0,,,N,0900
US1TXAR0014,20240910,SNOW,0,,,N,0900
US1TXAR0014,20240911,SNOW,0,,,N,0900
US1TXAR0014,20240912,SNOW,0,,,N,0900
US1TXAR0014,20240913,SNOW,0,,,N,0900
US1TXAR0014,20240914,SNOW,0,,,N,0800
US1TXAR0014,20240916,SNOW,0,,,N,0800
US1TXAR0014,20240917,SNOW,0,,,N,0900
US1TXAR0014,20240918,SNOW,0,,,N,0900
US1TXAR0014,20240919,SNOW,0,,,N,0900
US1TXAR0014,20240920,SNOW,0,,,N,0900
US1TXAR0014,20240921,SNOW,0,,,N,0900
US1TXAR0014,20240922,SNOW,0,,,N,0900
US1TXAR0014,20240923,SNOW,0,,,N,0800
US1TXAR0014,20240924,SNOW,0,,,N,0900
US1TXAR0014,20240927,SNOW,0,,,N,0900
US1TXAR0014,20240928,SNOW,0,,,N,0900
US1TXAR0014,20240929,SNOW,0,,,N,0900
US1TXAR0014,20240930,SNOW,0,,,N,0900
US1TXAR0014,20241001,PRCP,0,,,N,0900
US1TXAR0014,20241002,PRCP,0,,,N,0900
US1TXAR0014,20241003,PRCP,0,,,N,0800
US1TXAR0014,20241004,PRCP,0,,,N,0900
US1TXAR0014,20241005,PRCP,69,,,N,0900
US1TXAR0014,20241006,PRCP,5,,,N,0900
US1TXAR0014,20241007,PRCP,0,,,N,1000
US1TXAR0014,20241008,PRCP,0,,,N,0900
US1TXAR0014,20241009,PRCP,0,,,N,0900
US1TXAR0014,20241010,PRCP,0,,,N,0900
US1TXAR0014,20241011,PRCP,0,,,N,0900
US1TXAR0014,20241012,PRCP,0,,,N,0900
US1TXAR0014,20241013,PRCP,0,,,N,0900
US1TXAR0014,20241014,PRCP,0,,,N,0900
US1TXAR0014,20241015,PRCP,0,,,N,0700
US1TXAR0014,20241016,PRCP,10,,,N,0900
US1TXAR0014,20241017,PRCP,0,,,N,0700
US1TXAR0014,20241018,PRCP,0,,,N,0800
US1TXAR0014,20241019,PRCP,0,,,N,0900
US1TXAR0014,20241020,PRCP,8,,,N,0900
US1TXAR0014,20241021,PRCP,0,,,N,0900
US1TXAR0014,20241022,PRCP,0,,,N,0900
US1TXAR0014,20241023,PRCP,0,,,N,1200
US1TXAR0014,20241024,PRCP,0,,,N,0900
US1TXAR0014,20241025,PRCP,0,,,N,0900
US1TXAR0014,20241026,PRCP,0,,,N,0900
US1TXAR0014,20241027,PRCP,0,,,N,0900
US1TXAR0014,20241028,PRCP,0,,,N,0900
US1TXAR0014,20241029,PRCP,3,,,N,0900
US1TXAR0014,20241030,PRCP,0,T,,N,0900
US1TXAR0014,20241031,PRCP,3,,,N,0900
US1TXAR0014,20241001,SNOW,0,,,N,0900
US1TXAR0014,20241002,SNOW,0,,,N,0900
US1TXAR0014,20241003,SNOW,0,,,N,0800
US1TXAR0014,20241004,SNOW,0,,,N,0900
US1TXAR0014,20241007,SNOW,0,,,N,1000
US1TXAR0014,20241008,SNOW,0,,,N,0900
US1TXAR0014,20241009,SNOW,0,,,N,0900
US1TXAR0014,20241010,SNOW,0,,,N,0900
US1TXAR0014,20241011,SNOW,0,,,N,0900
US1TXAR0014,20241012,SNOW,0,,,N,0900
US1TXAR0014,20241013,SNOW,0,,,N,0900
US1TXAR0014,20241014,SNOW,0,,,N,0900
US1TXAR0014,20241015,SNOW,0,,,N,0700
US1TXAR0014,20241017,SNOW,0,,,N,0700
US1TXAR0014,20241018,SNOW,0,,,N,0800
US1TXAR0014,20241019,SNOW,0,,,N,0900
US1TXAR0014,20241021,SNOW,0,,,N,0900
US1TXAR0014,20241022,SNOW,0,,,N,0900
US1TXAR0014,20241023,SNOW,0,,,N,1200
US1TXAR0014,20241024,SNOW,0,,,N,0900
US1TXAR0014,20241025,SNOW,0,,,N,0900
US1TXAR0014,20241026,SNOW,0,,,N,0900
US1TXAR0014,20241027,SNOW,0,,,N,0900
US1TXAR0014,20241028,SNOW,0,,,N,0900
US1TXAR0014,20241101,PRCP,0,T,,N,0900
US1TXAR0014,20241102,PRCP,28,,,N,0800
US1TXAR0014,20241103,PRCP,5,,,N,0800
US1TXAR0014,20241104,PRCP,0,,,N,0900
US1TXAR0014,20241105,PRCP,114,,,N,0900
US1TXAR0014,20241106,PRCP,0,,,N,0900
US1TXAR0014,20241107,PRCP,0,,,N,0800
US1TXAR0014,20241108,PRCP,0,,,N,0900
US1TXAR0014,20241109,PRCP,0,,,N,0900
US1TXAR0014,20241110,PRCP,0,,,N,0900
US1TXAR0014,20241111,PRCP,0,,,N,0900
US1TXAR0014,20241112,PRCP,0,,,N,0900
US1TXAR0014,20241113,PRCP,0,,,N,0900
US1TXAR0014,20241114,PRCP,0,,,N,0900
US1TXAR0014,20241115,PRCP,0,,,N,0900
US1TXAR0014,20241116,PRCP,0,,,N,0900
US1TXAR0014,20241117,PRCP,0,,,N,0800
US1TXAR0014,20241118,PRCP,0,T,,N,0900
US1TXAR0014,20241119,PRCP,5,,,N,0900
US1TXAR0014,20241120,PRCP,0,,,N,0900
US1TXAR0014,20241121,PRCP,0,,,N,0900
US1TXAR0014,20241122,PRCP,0,,,N,0900
US1TXAR0014,20241123,PRCP,0,,,N,0900
US1TXAR0014,20241124,PRCP,0,,,N,0900
US1TXAR0014,20241125,PRCP,0,,,N,0900
US1TXAR0014,20241126,PRCP,0,,,N,0900
US1TXAR0014,20241127,PRCP,0,,,N,0900
US1TXAR0014,20241128,PRCP,0,,,N,0900
US1TXAR0014,20241129,PRCP,0,,,N,0900
US1TXAR0014,20241130,PRCP,0,,,N,0800
US1TXAR0014,20241104,SNOW,0,,,N,0900
US1TXAR0014,20241106,SNOW,0,,,N,0900
US1TXAR0014,20241107,SNOW,0,,,N,0800
US1TXAR0014,20241108,SNOW,0,,,N,0900
US1TXAR0014,20241109,SNOW,0,,,N,0900
US1TXAR0014,20241110,SNOW,0,,,N,0900
US1TXAR0014,20241111,SNOW,0,,,N,0900
US1TXAR0014,20241112,SNOW,0,,,N,0900
US1TXAR0014,20241113,SNOW,0,,,N,0900
US1TXAR0014,20241114,SNOW,0,,,N,0900
US1TXAR0014,20241115,SNOW,0,,,N,0900
US1TXAR0014,20241116,SNOW,0,,,N,0900
US1TXAR0014,20241117,SNOW,0,,,N,0800
US1TXAR0014,20241120,SNOW,0,,,N,0900
US1TXAR0014,20241121,SNOW,0,,,N,0900
US1TXAR0014,20241122,SNOW,0,,,N,0900
US1TXAR0014,20241123,SNOW,0,,,N,0900
US1TXAR0014,20241124,SNOW,0,,,N,0900
US1TXAR0014,20241125,SNOW,0,,,N,0900
US1TXAR0014,20241126,SNOW,0,,,N,0900
US1TXAR0014,20241127,SNOW,0,,,N,0900
US1TXAR0014,20241128,SNOW,0,,,N,0900
US1TXAR0014,20241129,SNOW,0,,,N,0900
US1TXAR0014,20241130,SNOW,0,,,N,0800
US1TXAR0014,20241201,PRCP,0,,,N,0900
US1TXAR0014,20241202,PRCP,0,,,N,0900
US1TXAR0014,20241203,PRCP,0,,,N,0900
US1TXAR0014,20241204,PRCP,64,,,N,0900
US1TXAR0014,20241205,PRCP,5,,,N,0900
US1TXAR0014,20241206,PRCP,5,,,N,0900
US1TXAR0014,20241207,PRCP,0,T,,N,0900
US1TXAR0014,20241208,PRCP,15,,,N,0900
US1TXAR0014,20241209,PRCP,5,,,N,0900
US1TXAR0014,20241210,PRCP,0,,,N,0900
US1TXAR0014,20241211,PRCP,0,,,N,0900
US1TXAR0014,20241212,PRCP,0,,,N,0900
US1TXAR0014,20241213,PRCP,0,T,,N,0900
US1TXAR0014,20241214,PRCP,64,,,N,0900
US1TXAR0014,20241215,PRCP,0,,,N,0900
US1TXAR0014,20241216,PRCP,0,,,N,0900
US1TXAR0014,20241217,PRCP,0,,,N,0900
US1TXAR0014,20241218,PRCP,0,T,,N,0900
US1TXAR0014,20241219,PRCP,0,,,N,0900
US1TXAR0014,20241220,PRCP,0,,,N,0900
US1TXAR0014,20241221,PRCP,0,,,N,0900
US1TXAR0014,20241222,PRCP,0,,,N,0900
US1TXAR0014,20241223,PRCP,0,,,N,0900
US1TXAR0014,20241224,PRCP,0,,,N,0900
US1TXAR0014,20241225,PRCP,0,,,N,0900
US1TXAR0014,20241226,PRCP,5,,,N,0900
US1TXAR0014,20241227,PRCP,5,,,N,0800
US1TXAR0014,20241228,PRCP,0,,,N,0900
US1TXAR0014,20241229,PRCP,0,,,N,0900
US1TXAR0014,20241230,PRCP,0,,,N,0900
US1TXAR0014,20241231,PRCP,0,,,N,0800
US1TXAR0014,20241201,SNOW,0,,,N,0900
US1TXAR0014,20241202,SNOW,0,,,N,0900
US1TXAR0014,20241203,SNOW,0,,,N,0900
US1TXAR0014,20241208,SNOW,0,,,N,0900
US1TXAR0014,20241210,SNOW,0,,,N,0900
US1TXAR0014,20241211,SNOW,0,,,N,0900
US1TXAR0014,20241212,SNOW,0,,,N,0900
US1TXAR0014,20241215,SNOW,0,,,N,0900
US1TXAR0014,20241216,SNOW,0,,,N,0900
US1TXAR0014,20241217,SNOW,0,,,N,0900
US1TXAR0014,20241219,SNOW,0,,,N,0900
US1TXAR0014,20241220,SNOW,0,,,N,0900
US1TXAR0014,20241221,SNOW,0,,,N,0900
US1TXAR0014,20241222,SNOW,0,,,N,0900
US1TXAR0014,20241223,SNOW,0,,,N,0900
US1TXAR0014,20241224,SNOW,0,,,N,0900
US1TXAR0014,20241225,SNOW,0,,,N,0900
US1TXAR0014,20241228,SNOW,0,,,N,0900
US1TXAR0014,20241229,SNOW,0,,,N,0900
US1TXAR0014,20241230,SNOW,0,,,N,0900
US1TXAR0014,20241231,SNOW,0,,,N,0800
US1TXAR0014,20250101,PRCP,0,,,N,0900
US1TXAR0014,20250102,PRCP,5,,,N,0900
US1TXAR0014,20250103,PRCP,5,,,N,0800
US1TXAR0014,20250104,PRCP,0,,,N,0900
US1TXAR0014,20250105,PRCP,33,,,N,0900
US1TXAR0014,20250106,PRCP,0,,,N,0900
US1TXAR0014,20250107,PRCP,0,,,N,0900
US1TXAR0014,20250108,PRCP,0,,,N,0900
US1TXAR0014,20250109,PRCP,0,,,N,0800
US1TXAR0014,20250110,PRCP,472,,,N,0900
US1TXAR0014,20250111,PRCP,0,,,N,0900
US1TXAR0014,20250112,PRCP,0,,,N,0900
US1TXAR0014,20250113,PRCP,0,,,N,0900
US1TXAR0014,20250114,PRCP,0,,,N,0900
US1TXAR0014,20250115,PRCP,28,,,N,0900
US1TXAR0014,20250116,PRCP,10,,,N,0800
US1TXAR0014,20250117,PRCP,0,,,N,0800
US1TXAR0014,20250118,PRCP,0,,,N,0900
US1TXAR0014,20250119,PRCP,0,,,N,0900
US1TXAR0014,20250120,PRCP,0,,,N,0900
US1TXAR0014,20250121,PRCP,48,,,N,0900
US1TXAR0014,20250122,PRCP,0,,,N,0900
US1TXAR0014,20250123,PRCP,0,,,N,0900
US1TXAR0014,20250124,PRCP,0,,,N,0900
US1TXAR0014,20250125,PRCP,0,,,N,0900
US1TXAR0014,20250126,PRCP,43,,,N,0900
US1TXAR0014,20250127,PRCP,13,,,N,0900
US1TXAR0014,20250128,PRCP,3,,,N,0800
US1TXAR0014,20250129,PRCP,8,,,N,0900
US1TXAR0014,20250130,PRCP,0,T,,N,0900
US1TXAR0014,20250131,PRCP,8,,,N,0900
US1TXAR0014,20250101,SNOW,0,,,N,0900
US1TXAR0014,20250104,SNOW,0,,,N,0900
US1TXAR0014,20250106,SNOW,0,,,N,0900
US1TXAR0014,20250107,SNOW,0,,,N,0900
US1TXAR0014,20250108,SNOW,0,,,N,0900
US1TXAR0014,20250109,SNOW,0,,,N,0800
US1TXAR0014,20250111,SNOW,0,,,N,0900
US1TXAR0014,20250112,SNOW,0,,,N,0900
US1TXAR0014,20250113,SNOW,0,,,N,0900
US1TXAR0014,20250114,SNOW,0,,,N,0900
US1TXAR0014,20250117,SNOW,0,,,N,0800
US1TXAR0014,20250118,SNOW,0,,,N,0900
US1TXAR0014,20250119,SNOW,0,,,N,0900
US1TXAR0014,20250120,SNOW,0,,,N,0900
US1TXAR0014,20250122,SNOW,0,,,N,0900
US1TXAR0014,20250123,SNOW,0,,,N,0900
US1TXAR0014,20250124,SNOW,0,,,N,0900
US1TXAR0014,20250125,SNOW,0,,,N,0900
US1TXAR0014,20250201,PRCP,0,,,N,0800
US1TXAR0014,20250202,PRCP,0,,,N,0900
US1TXAR0014,20250203,PRCP,0,,,N,0900
US1TXAR0014,20250204,PRCP,0,,,N,0900
US1TXAR0014,20250205,PRCP,0,,,N,0800
US1TXAR0014,20250206,PRCP,0,,,N,0900
US1TXAR0014,20250207,PRCP,0,,,N,0900
US1TXAR0014,20250208,PRCP,0,,,N,0900
US1TXAR0014,20250209,PRCP,0,,,N,0900
US1TXAR0014,20250210,PRCP,0,,,N,0900
US1TXAR0014,20250211,PRCP,3,,,N,0900
US1TXAR0014,20250212,PRCP,5,,,N,0900
US1TXAR0014,20250213,PRCP,0,,,N,0900
US1TXAR0014,20250214,PRCP,0,,,N,0900
US1TXAR0014,20250215,PRCP,0,,,N,0900
US1TXAR0014,20250216,PRCP,0,,,N,0900
US1TXAR0014,20250217,PRCP,0,,,N,0900
US1TXAR0014,20250218,PRCP,0,,,N,0300
US1TXAR0014,20250221,PRCP,0,,,N,1000
US1TXAR0014,20250222,PRCP,0,,,N,0900
US1TXAR0014,20250223,PRCP,18,,,N,0900
US1TXAR0014,20250224,PRCP,0,,,N,0900
US1TXAR0014,20250225,PRCP,0,,,N,0900
US1TXAR0014,20250226,PRCP,0,,,N,0900
US1TXAR0014,20250227,PRCP,0,,,N,0900
US1TXAR0014,20250228,PRCP,0,,,N,0900
US1TXAR0014,20250201,SNOW,0,,,N,0800
US1TXAR0014,20250202,SNOW,0,,,N,0900
US1TXAR0014,20250203,SNOW,0,,,N,0900
US1TXAR0014,20250204,SNOW,0,,,N,0900
US1TXAR0014,20250205,SNOW,0,,,N,0800
US1TXAR0014,20250206,SNOW,0,,,N,0900
US1TXAR0014,20250207,SNOW,0,,,N,0900
US1TXAR0014,20250208,SNOW,0,,,N,0900
US1TXAR0014,20250209,SNOW,0,,,N,0900
US1TXAR0014,20250210,SNOW,0,,,N,0900
US1TXAR0014,20250213,SNOW,0,,,N,0900
US1TXAR0014,20250214,SNOW,0,,,N,0900
US1TXAR0014,20250215,SNOW,0,,,N,0900
US1TXAR0014,20250216,SNOW,0,,,N,0900
US1TXAR0014,20250217,SNOW,0,,,N,0900
US1TXAR0014,20250218,SNOW,0,,,N,0300
US1TXAR0014,20250221,SNOW,0,,,N,1000
US1TXAR0014,20250222,SNOW,0,,,N,0900
US1TXAR0014,20250224,SNOW,0,,,N,0900
US1TXAR0014,20250225,SNOW,0,,,N,0900
US1TXAR0014,20250226,SNOW,0,,,N,0900
US1TXAR0014,20250227,SNOW,0,,,N,0900
US1TXAR0014,20250228,SNOW,0,,,N,0900
US1TXAR0014,20250220,DAPR,2,,,N,0900
US1TXAR0014,20250220,MDPR,5,,,N,0900
US1TXAR0014,20250301,PRCP,0,,,N,0900
US1TXAR0014,20250302,PRCP,0,,,N,0900
US1TXAR0014,20250303,PRCP,0,,,N,0900
US1TXAR0014,20250304,PRCP,0,,,N,0900
US1TXAR0014,20250305,PRCP,0,T,,N,0900
US1TXAR0014,20250306,PRCP,0,,,N,0900
US1TXAR0014,20250307,PRCP,0,,,N,0900
US1TXAR0014,20250308,PRCP,0,,,N,0900
US1TXAR0014,20250309,PRCP,0,,,N,0800
US1TXAR0014,20250310,PRCP,0,,,N,0900
US1TXAR0014,20250311,PRCP,0,,,N,0900
US1TXAR0014,20250312,PRCP,0,,,N,0900
US1TXAR0014,20250313,PRCP,0,,,N,0900
US1TXAR0014,20250314,PRCP,0,,,N,0900
US1TXAR0014,20250315,PRCP,0,,,N,0900
US1TXAR0014,20250316,PRCP,0,,,N,0900
US1TXAR0014,20250317,PRCP,0,,,N,0900
US1TXAR0014,20250318,PRCP,0,,,N,0800
US1TXAR0014,20250319,PRCP,0,,,N,0900
US1TXAR0014,20250320,PRCP,0,,,N,0900
US1TXAR0014,20250321,PRCP,0,,,N,0800
US1TXAR0014,20250322,PRCP,0,,,N,0900
US1TXAR0014,20250323,PRCP,0,,,N,0900
US1TXAR0014,20250324,PRCP,0,,,N,0900
US1TXAR0014,20250325,PRCP,0,,,N,0900
US1TXAR0014,20250326,PRCP,0,,,N,0900
US1TXAR0014,20250327,PRCP,340,,,N,0700
US1TXAR0014,20250328,PRCP,439,,,N,0000
US1TXAR0014,20250329,PRCP,0,,,N,0900
US1TXAR0014,20250330,PRCP,0,,,N,0900
US1TXAR0014,20250331,PRCP,0,,,N,0900
US1TXAR0014,20250301,SNOW,0,,,N,0900
US1TXAR0014,20250302,SNOW,0,,,N,0900
US1TXAR0014,20250303,SNOW,0,,,N,0900
US1TXAR0014,20250304,SNOW,0,,,N,0900
US1TXAR0014,20250306,SNOW,0,,,N,0900
US1TXAR0014,20250307,SNOW,0,,,N,0900
US1TXAR0014,20250308,SNOW,0,,,N,0900
US1TXAR0014,20250309,SNOW,0,,,N,0800
US1TXAR0014,20250310,SNOW,0,,,N,0900
US1TXAR0014,20250311,SNOW,0,,,N,0900
US1TXAR0014,20250312,SNOW,0,,,N,0900
US1TXAR0014,20250313,SNOW,0,,,N,0900
US1TXAR0014,20250314,SNOW,0,,,N,0900
US1TXAR0014,20250315,SNOW,0,,,N,0900
US1TXAR0014,20250316,SNOW,0,,,N,0900
US1TXAR0014,20250317,SNOW,0,,,N,0900
US1TXAR0014,20250318,SNOW,0,,,N,0800
US1TXAR0014,20250319,SNOW,0,,,N,0900
US1TXAR0014,20250320,SNOW,0,,,N,0900
US1TXAR0014,20250321,SNOW,0,,,N,0800
US1TXAR0014,20250322,SNOW,0,,,N,0900
US1TXAR0014,20250323,SNOW,0,,,N,0900
US1TXAR0014,20250324,SNOW,0,,,N,0900
US1TXAR0014,20250325,SNOW,0,,,N,0900
US1TXAR0014,20250326,SNOW,0,,,N,0900
US1TXAR0014,20250329,SNOW,0,,,N,0900
US1TXAR0014,20250330,SNOW,0,,,N,0900
US1TXAR0014,20250331,SNOW,0,,,N,0900
US1TXAR0014,20250401,PRCP,0,,,N,0900
US1TXAR0014,20250402,PRCP,0,,,N,0900
US1TXAR0014,20250403,PRCP,0,,,N,0800
US1TXAR0014,20250404,PRCP,0,,,N,0900
US1TXAR0014,20250405,PRCP,0,,,N,0900
US1TXAR0014,20250406,PRCP,0,,,N,0900
US1TXAR0014,20250407,PRCP,0,,,N,0900
US1TXAR0014,20250408,PRCP,0,,,N,0900
US1TXAR0014,20250409,PRCP,0,,,N,0900
US1TXAR0014,20250410,PRCP,0,,,N,0900
US1TXAR0014,20250411,PRCP,0,,,N,0900
US1TXAR0014,20250412,PRCP,0,,,N,0900
US1TXAR0014,20250413,PRCP,0,,,N,0900
US1TXAR0014,20250414,PRCP,0,,,N,0900
US1TXAR0014,20250415,PRCP,0,,,N,0900
US1TXAR0014,20250416,PRCP,0,,,N,0900
US1TXAR0014,20250417,PRCP,0,,,N,0900
US1TXAR0014,20250418,PRCP,0,,,N,0900
US1TXAR0014,20250419,PRCP,0,,,N,0900
US1TXAR0014,20250420,PRCP,0,,,N,0900
US1TXAR0014,20250421,PRCP,244,,,N,0900
US1TXAR0014,20250422,PRCP,394,,,N,0800
US1TXAR0014,20250423,PRCP,119,,,N,0900
US1TXAR0014,20250424,PRCP,0,T,,N,0900
US1TXAR0014,20250425,PRCP,0,,,N,0900
US1TXAR0014,20250426,PRCP,0,,,N,0800
US1TXAR0014,20250427,PRCP,0,,,N,0900
US1TXAR0014,20250428,PRCP,0,,,N,0900
US1TXAR0014,20250429,PRCP,0,,,N,0900
US1TXAR0014,20250430,PRCP,0,,,N,0900
US1TXAR0014,20250401,SNOW,0,,,N,0900
US1TXAR0014,20250402,SNOW,0,,,N,0900
US1TXAR0014,20250403,SNOW,0,,,N,0800
US1TXAR0014,20250404,SNOW,0,,,N,0900
US1TXAR0014,20250405,SNOW,0,,,N,0900
US1TXAR0014,20250406,SNOW,0,,,N,0900
US1TXAR0014,20250407,SNOW,0,,,N,0900
US1TXAR0014,20250408,SNOW,0,,,N,0900
US1TXAR0014,20250409,SNOW,0,,,N,0900
US1TXAR0014,20250410,SNOW,0,,,N,0900
US1TXAR0014,20250411,SNOW,0,,,N,0900
US1TXAR0014,20250412,SNOW,0,,,N,0900
US1TXAR0014,20250413,SNOW,0,,,N,0900
US1TXAR0014,20250414,SNOW,0,,,N,0900
US1TXAR0014,20250415,SNOW,0,,,N,0900
US1TXAR0014,20250416,SNOW,0,,,N,0900
US1TXAR0014,20250417,SNOW,0,,,N,0900
US1TXAR0014,20250418,SNOW,0,,,N,0900
US1TXAR0014,20250419,SNOW,0,,,N,0900
US1TXAR0014,20250420,SNOW,0,,,N,0900
US1TXAR0014,20250425,SNOW,0,,,N,0900
US1TXAR0014,20250426,SNOW,0,,,N,0800
US1TXAR0014,20250427,SNOW,0,,,N,0900
US1TXAR0014,20250428,SNOW,0,,,N,0900
US1TXAR0014,20250429,SNOW,0,,,N,0900
US1TXAR0014,20250430,SNOW,0,,,N,0900
US1TXAR0014,20250503,PRCP,0,T,,N,0900
US1TXAR0014,20250504,PRCP,8,,,N,0900
US1TXAR0014,20250505,PRCP,0,,,N,0900
US1TXAR0014,20250506,PRCP,8,,,N,0900
US1TXAR0014,20250507,PRCP,33,,,N,0900
US1TXAR0014,20250508,PRCP,0,,,N,0900
US1TXAR0014,20250509,PRCP,201,,,N,0800
US1TXAR0014,20250510,PRCP,0,,,N,0900
US1TXAR0014,20250511,PRCP,0,T,,N,0900
US1TXAR0014,20250512,PRCP,0,,,N,0800
US1TXAR0014,20250513,PRCP,0,,,N,0900
US1TXAR0014,20250514,PRCP,0,,,N,0900
US1TXAR0014,20250515,PRCP,0,,,N,0900
US1TXAR0014,20250516,PRCP,0,,,N,0900
US1TXAR0014,20250517,PRCP,0,,,N,0900
US1TXAR0014,20250518,PRCP,0,,,N,0900
US1TXAR0014,20250519,PRCP,0,,,N,0900
US1TXAR0014,20250520,PRCP,0,,,N,0900
US1TXAR0014,20250521,PRCP,0,,,N,0900
US1TXAR0014,20250522,PRCP,0,,,N,0900
US1TXAR0014,20250523,PRCP,0,,,N,0900
US1TXAR0014,20250524,PRCP,0,,,N,0900
US1TXAR0014,20250525,PRCP,0,,,N,0900
US1TXAR0014,20250526,PRCP,0,,,N,0900
US1TXAR0014,20250527,PRCP,391,,,N,0900
US1TXAR0014,20250528,PRCP,876,,,N,0800
US1TXAR0014,20250529,PRCP,58,,,N,0900
US1TXAR0014,20250530,PRCP,0,,,N,0900
US1TXAR0014,20250531,PRCP,0,T,,N,0900
US1TXAR0014,20250505,SNOW,0,,,N,0900
US1TXAR0014,20250508,SNOW,0,,,N,0900
US1TXAR0014,20250510,SNOW,0,,,N,0900
US1TXAR0014,20250512,SNOW,0,,,N,0800
US1TXAR0014,20250513,SNOW,0,,,N,0900
US1TXAR0014,20250514,SNOW,0,,,N,0900
US1TXAR0014,20250515,SNOW,0,,,N,0900
US1TXAR0014,20250516,SNOW,0,,,N,0900
US1TXAR0014,20250517,SNOW,0,,,N,0900
US1TXAR0014,20250518,SNOW,0,,,N,0900
US1TXAR0014,20250519,SNOW,0,,,N,0900
US1TXAR0014,20250520,SNOW,0,,,N,0900
US1TXAR0014,20250521,SNOW,0,,,N,0900
US1TXAR0014,20250522,SNOW,0,,,N,0900
US1TXAR0014,20250523,SNOW,0,,,N,0900
US1TXAR0014,20250524,SNOW,0,,,N,0900
US1TXAR0014,20250525,SNOW,0,,,N,0900
US1TXAR0014,20250526,SNOW,0,,,N,0900
US1TXAR0014,20250530,SNOW,0,,,N,0900
US1TXAR0014,20250502,DAPR,2,,,N,0800
US1TXAR0014,20250502,MDPR,0,,,N,0800
US1TXAR0014,20250601,PRCP,0,,,N,0900
US1TXAR0014,20250602,PRCP,0,,,N,0900
US1TXAR0014,20250603,PRCP,0,,,N,0900
US1TXAR0014,20250604,PRCP,0,,,N,0900
US1TXAR0014,20250605,PRCP,130,,,N,0900
US1TXAR0014,20250606,PRCP,8,,,N,0900
US1TXAR0014,20250607,PRCP,0,,,N,0900
US1TXAR0014,20250608,PRCP,0,,,N,0900
US1TXAR0014,20250609,PRCP,0,,,N,0900
US1TXAR0014,20250610,PRCP,0,,,N,0900
US1TXAR0014,20250611,PRCP,312,,,N,0900
US1TXAR0014,20250612,PRCP,81,,,N,0900
US1TXAR0014,20250613,PRCP,51,,,N,0900
US1TXAR0014,20250614,PRCP,0,,,N,0900
US1TXAR0014,20250615,PRCP,0,,,N,0900
US1TXAR0014,20250616,PRCP,142,,,N,0900
US1TXAR0014,20250617,PRCP,0,,,N,0900
US1TXAR0014,20250618,PRCP,0,,,N,0900
US1TXAR0014,20250619,PRCP,0,,,N,0900
US1TXAR0014,20250620,PRCP,10,,,N,0900
US1TXAR0014,20250621,PRCP,69,,,N,0900
US1TXAR0014,20250622,PRCP,0,,,N,0900
US1TXAR0014,20250623,PRCP,0,,,N,0900
US1TXAR0014,20250624,PRCP,0,,,N,0800
US1TXAR0014,20250625,PRCP,0,,,N,1400
US1TXAR0014,20250626,PRCP,0,,,N,0900
US1TXAR0014,20250627,PRCP,0,T,,N,0900
US1TXAR0014,20250628,PRCP,8,,,N,0900
US1TXAR0014,20250629,PRCP,15,,,N,0900
US1TXAR0014,20250630,PRCP,114,,,N,0900
US1TXAR0014,20250601,SNOW,0,,,N,0900
US1TXAR0014,20250602,SNOW,0,,,N,0900
US1TXAR0014,20250603,SNOW,0,,,N,0900
US1TXAR0014,20250604,SNOW,0,,,N,0900
US1TXAR0014,20250607,SNOW,0,,,N,0900
US1TXAR0014,20250608,SNOW,0,,,N,0900
US1TXAR0014,20250609,SNOW,0,,,N,0900
US1TXAR0014,20250610,SNOW,0,,,N,0900
US1TXAR0014,20250614,SNOW,0,,,N,0900
US1TXAR0014,20250615,SNOW,0,,,N,0900
US1TXAR0014,20250617,SNOW,0,,,N,0900
US1TXAR0014,20250618,SNOW,0,,,N,0900
US1TXAR0014,20250619,SNOW,0,,,N,0900
US1TXAR0014,20250622,SNOW,0,,,N,0900
US1TXAR0014,20250623,SNOW,0,,,N,0900
US1TXAR0014,20250624,SNOW,0,,,N,0800
US1TXAR0014,20250625,SNOW,0,,,N,1400
US1TXAR0014,20250626,SNOW,0,,,N,0900
US1TXAR0014,20250701,PRCP,259,,,N,0800
US1TXAR0014,20250702,PRCP,8,,,N,0900
US1TXAR0014,20250703,PRCP,0,,,N,0900
US1TXAR0014,20250704,PRCP,0,,,N,0900
US1TXAR0014,20250705,PRCP,0,,,N,0900
US1TXAR0014,20250706,PRCP,0,T,,N,0900
US1TXAR0014,20250707,PRCP,0,,,N,0800
US1TXAR0014,20250708,PRCP,0,,,N,0900
US1TXAR0014,20250709,PRCP,0,,,N,0900
US1TXAR0014,20250710,PRCP,0,,,N,0900
US1TXAR0014,20250711,PRCP,0,,,N,0700
US1TXAR0014,20250712,PRCP,0,,,N,0900
US1TXAR0014,20250713,PRCP,0,,,N,0900
US1TXAR0014,20250714,PRCP,0,,,N,0900
US1TXAR0014,20250715,PRCP,0,,,N,0900
US1TXAR0014,20250716,PRCP,0,,,N,0900
US1TXAR0014,20250717,PRCP,0,,,N,0900
US1TXAR0014,20250718,PRCP,0,,,N,0900
US1TXAR0014,20250719,PRCP,0,,,N,0900
US1TXAR0014,20250720,PRCP,0,,,N,0800
US1TXAR0014,20250721,PRCP,0,,,N,0900
US1TXAR0014,20250722,PRCP,0,,,N,0300
US1TXAR0014,20250723,PRCP,0,,,N,0900
US1TXAR0014,20250724,PRCP,0,,,N,0900
US1TXAR0014,20250725,PRCP,0,,,N,0900
US1TXAR0014,20250726,PRCP,38,,,N,0900
US1TXAR0014,20250727,PRCP,5,,,N,0900
US1TXAR0014,20250728,PRCP,3,,,N,0900
US1TXAR0014,20250729,PRCP,0,,,N,0900
US1TXAR0014,20250730,PRCP,0,,,N,0900
US1TXAR0014,20250731,PRCP,0,,,N,0800
US1TXAR0014,20250703,SNOW,0,,,N,0900
US1TXAR0014,20250704,SNOW,0,,,N,0900
US1TXAR0014,20250705,SNOW,0,,,N,0900
US1TXAR0014,20250707,SNOW,0,,,N,0800
US1TXAR0014,20250708,SNOW,0,,,N,0900
US1TXAR0014,20250709,SNOW,0,,,N,0900
US1TXAR0014,20250710,SNOW,0,,,N,0900
US1TXAR0014,20250711,SNOW,0,,,N,0700
US1TXAR0014,20250712,SNOW,0,,,N,0900
US1TXAR0014,20250713,SNOW,0,,,N,0900
US1TXAR0014,20250714,SNOW,0,,,N,0900
US1TXAR0014,20250715,SNOW,0,,,N,0900
US1TXAR0014,20250716,SNOW,0,,,N,0900
US1TXAR0014,20250717,SNOW,0,,,N,0900
US1TXAR0014,20250718,SNOW,0,,,N,0900
US1TXAR0014,20250719,SNOW,0,,,N,0900
US1TXAR0014,20250720,SNOW,0,,,N,0800
US1TXAR0014,20250721,SNOW,0,,,N,0900
US1TXAR0014,20250722,SNOW,0,,,N,0300
US1TXAR0014,20250723,SNOW,0,,,N,0900
US1TXAR0014,20250724,SNOW,0,,,N,0900
US1TXAR0014,20250725,SNOW,0,,,N,0900
US1TXAR0014,20250729,SNOW,0,,,N,0900
US1TXAR0014,20250730,SNOW,0,,,N,0900
US1TXAR0014,20250731,SNOW,0,,,N,0800
US1TXAR0014,20250801,PRCP,0,,,N,0900
US1TXAR0014,20250802,PRCP,0,,,N,0900
US1TXAR0014,20250803,PRCP,0,,,N,0900
US1TXAR0014,20250804,PRCP,0,,,N,0900
US1TXAR0014,20250805,PRCP,0,,,N,0900
US1TXAR0014,20250806,PRCP,0,,,N,0900
US1TXAR0014,20250807,PRCP,0,,,N,0900
US1TXAR0014,20250808,PRCP,0,,,N,0900
US1TXAR0014,20250809,PRCP,0,,,N,0900
US1TXAR0014,20250810,PRCP,0,,,N,0900
US1TXAR0014,20250811,PRCP,0,,,N,0900
US1TXAR0014,20250812,PRCP,0,T,,N,0900
US1TXAR0014,20250813,PRCP,0,,,N,0900
US1TXAR0014,20250814,PRCP,0,,,N,0900
US1TXAR0014,20250815,PRCP,0,,,N,0900
US1TXAR0014,20250816,PRCP,0,T,,N,0900
US1TXAR0014,20250817,PRCP,0,,,N,0900
US1TXAR0014,20250818,PRCP,0,,,N,0900
US1TXAR0014,20250819,PRCP,0,T,,N,0900
US1TXAR0014,20250820,PRCP,10,,,N,0900
US1TXAR0014,20250821,PRCP,0,,,N,0900
US1TXAR0014,20250822,PRCP,0,,,N,0800
US1TXAR0014,20250823,PRCP,13,,,N,0900
US1TXAR0014,20250824,PRCP,0,,,N,0900
US1TXAR0014,20250825,PRCP,0,,,N,0900
US1TXAR0014,20250826,PRCP,0,,,N,0900
US1TXAR0014,20250827,PRCP,0,T,,N,0900
US1TXAR0014,20250828,PRCP,0,,,N,0900
US1TXAR0014,20250829,PRCP,0,,,N,0900
US1TXAR0014,20250830,PRCP,0,,,N,0900
US1TXAR0014,20250831,PRCP,0,,,N,0900
US1TXAR0014,20250801,SNOW,0,,,N,0900
US1TXAR0014,20250802,SNOW,0,,,N,0900
US1TXAR0014,20250803,SNOW,0,,,N,0900
US1TXAR0014,20250804,SNOW,0,,,N,0900
US1TXAR0014,20250805,SNOW,0,,,N,0900
US1TXAR0014,20250806,SNOW,0,,,N,0900
US1TXAR0014,20250807,SNOW,0,,,N,0900
US1TXAR0014,20250808,SNOW,0,,,N,0900
US1TXAR0014,20250809,SNOW,0,,,N,0900
US1TXAR0014,20250810,SNOW,0,,,N,0900
US1TXAR0014,20250811,SNOW,0,,,N,0900
US1TXAR0014,20250813,SNOW,0,,,N,0900
US1TXAR0014,20250814,SNOW,0,,,N,0900
US1TXAR0014,20250815,SNOW,0,,,N,0900
US1TXAR0014,20250817,SNOW,0,,,N,0900
US1TXAR0014,20250818,SNOW,0,,,N,0900
US1TXAR0014,20250821,SNOW,0,,,N,0900
US1TXAR0014,20250822,SNOW,0,,,N,0800
US1TXAR0014,20250824,SNOW,0,,,N,0900
US1TXAR0014,20250825,SNOW,0,,,N,0900
US1TXAR0014,20250826,SNOW,0,,,N,0900
US1TXAR0014,20250828,SNOW,0,,,N,0900
US1TXAR0014,20250829,SNOW,0,,,N,0900
US1TXAR0014,20250830,SNOW,0,,,N,0900
US1TXAR0014,20250831,SNOW,0,,,N,0900
US1TXAR0014,20250901,PRCP,3,,,N,0900
US1TXAR0014,20250902,PRCP,5,,,N,0900
US1TXAR0014,20250903,PRCP,0,,,N,0900
US1TXAR0014,20250904,PRCP,0,,,N,0700
US1TXAR0014,20250905,PRCP,0,,,N,0900
US1TXAR0014,20250906,PRCP,0,,,N,0900
US1TXAR0014,20250907,PRCP,104,,,N,0900
US1TXAR0014,20250908,PRCP,180,,,N,0900
US1TXAR0014,20250909,PRCP,0,T,,N,0900
US1TXAR0014,20250910,PRCP,0,,,N,0900
US1TXAR0014,20250911,PRCP,0,,,N,0900
US1TXAR0014,20250912,PRCP,56,,,N,0900
US1TXAR0014,20250913,PRCP,0,,,N,0900
US1TXAR0014,20250914,PRCP,0,,,N,0900
US1TXAR0014,20250915,PRCP,0,,,N,0900
US1TXAR0014,20250916,PRCP,8,,,N,0900
US1TXAR0014,20250917,PRCP,0,T,,N,0900
US1TXAR0014,20250918,PRCP,0,,,N,0900
US1TXAR0014,20250919,PRCP,0,,,N,0900
US1TXAR0014,20250920,PRCP,0,,,N,0900
US1TXAR0014,20250921,PRCP,0,,,N,0900
US1TXAR0014,20250922,PRCP,8,,,N,0900
US1TXAR0014,20250923,PRCP,0,,,N,0900
US1TXAR0014,20250924,PRCP,0,T,,N,0900
US1TXAR0014,20250925,PRCP,599,,,N,0900
US1TXAR0014,20250926,PRCP,5,,,N,0900
US1TXAR0014,20250927,PRCP,0,,,N,0900
US1TXAR0014,20250928,PRCP,0,,,N,0900
US1TXAR0014,20250929,PRCP,0,,,N,0900
US1TXAR0014,20250930,PRCP,0,,,N,0900
US1TXAR0014,20250903,SNOW,0,,,N,0900
US1TXAR0014,20250904,SNOW,0,,,N,0700
US1TXAR0014,20250905,SNOW,0,,,N,0900
US1TXAR0014,20250906,SNOW,0,,,N,0900
US1TXAR0014,20250907,SNOW,0,,,N,0900
US1TXAR0014,20250910,SNOW,0,,,N,0900
US1TXAR0014,20250911,SNOW,0,,,N,0900
US1TXAR0014,20250913,SNOW,0,,,N,0900
US1TXAR0014,20250914,SNOW,0,,,N,0900
US1TXAR0014,20250915,SNOW,0,,,N,0900
US1TXAR0014,20250918,SNOW,0,,,N,0900
US1TXAR0014,20250919,SNOW,0,,,N,0900
US1TXAR0014,20250920,SNOW,0,,,N,0900
US1TXAR0014,20250921,SNOW,0,,,N,0900
US1TXAR0014,20250923,SNOW,0,,,N,0900
US1TXAR0014,20250927,SNOW,0,,,N,0900
US1TXAR0014,20250928,SNOW,0,,,N,0900
US1TXAR0014,20250929,SNOW,0,,,N,0900
US1TXAR0014,20250930,SNOW,0,,,N,0900
US1TXAR0014,20251001,PRCP,0,,,N,0900
US1TXAR0014,20251002,PRCP,0,,,N,0900
US1TXAR0014,20251003,PRCP,0,,,N,0900
US1TXAR0014,20251004,PRCP,0,,,N,0900
US1TXAR0014,20251005,PRCP,89,,,N,0900
US1TXAR0014,20251006,PRCP,81,,,N,0900
US1TXAR0014,20251007,PRCP,0,,,N,0900
US1TXAR0014,20251008,PRCP,0,,,N,0900
US1TXAR0014,20251009,PRCP,0,,,N,0900
US1TXAR0014,20251010,PRCP,0,,,N,0900
US1TXAR0014,20251011,PRCP,0,,,N,0900
US1TXAR0014,20251012,PRCP,0,,,N,0900
US1TXAR0014,20251013,PRCP,0,,,N,0900
US1TXAR0014,20251014,PRCP,0,,,N,0900
US1TXAR0014,20251015,PRCP,0,,,N,0900
US1TXAR0014,20251016,PRCP,0,,,N,0900
US1TXAR0014,20251017,PRCP,0,T,,N,0900
US1TXAR0014,20251018,PRCP,0,,,N,0900
US1TXAR0014,20251019,PRCP,0,,,N,0900
US1TXAR0014,20251020,PRCP,0,,,N,0900
US1TXAR0014,20251021,PRCP,0,,,N,0900
US1TXAR0014,20251022,PRCP,0,,,N,0900
US1TXAR0014,20251023,PRCP,0,,,N,0900
US1TXAR0014,20251024,PRCP,0,,,N,0900
US1TXAR0014,20251025,PRCP,48,,,N,0800
US1TXAR0014,20251026,PRCP,13,,,N,0900
US1TXAR0014,20251027,PRCP,0,,,N,0900
US1TXAR0014,20251028,PRCP,0,,,N,0900
US1TXAR0014,20251029,PRCP,0,,,N,0900
US1TXAR0014,20251030,PRCP,0,,,N,0900
US1TXAR0014,20251031,PRCP,0,,,N,0900
US1TXAR0014,20251001,SNOW,0,,,N,0900
US1TXAR0014,20251002,SNOW,0,,,N,0900
US1TXAR0014,20251003,SNOW,0,,,N,0900
US1TXAR0014,20251004,SNOW,0,,,N,0900
US1TXAR0014,20251007,SNOW,0,,,N,0900
US1TXAR0014,20251008,SNOW,0,,,N,0900
US1TXAR0014,20251009,SNOW,0,,,N,0900
US1TXAR0014,20251010,SNOW,0,,,N,0900
US1TXAR0014,20251011,SNOW,0,,,N,0900
US1TXAR0014,20251012,SNOW,0,,,N,0900
US1TXAR0014,20251013,SNOW,0,,,N,0900
US1TXAR0014,20251014,SNOW,0,,,N,0900
US1TXAR0014,20251015,SNOW,0,,,N,0900
US1TXAR0014,20251016,SNOW,0,,,N,0900
US1TXAR0014,20251018,SNOW,0,,,N,0900
US1TXAR0014,20251019,SNOW,0,,,N,0900
US1TXAR0014,20251020,SNOW,0,,,N,0900
US1TXAR0014,20251021,SNOW,0,,,N,0900
US1TXAR0014,20251022,SNOW,0,,,N,0900
US1TXAR0014,20251023,SNOW,0,,,N,0900
US1TXAR0014,20251024,SNOW,0,,,N,0900
US1TXAR0014,20251027,SNOW,0,,,N,0900
US1TXAR0014,20251028,SNOW,0,,,N,0900
US1TXAR0014,20251029,SNOW,0,,,N,0900
US1TXAR0014,20251030,SNOW,0,,,N,0900
US1TXAR0014,20251031,SNOW,0,,,N,0900
US1TXAR0014,20251101,PRCP,0,,,N,0900
US1TXAR0014,20251102,PRCP,41,,,N,0900
US1TXAR0014,20251103,PRCP,0,,,N,0900
US1TXAR0014,20251104,PRCP,0,,,N,0900
US1TXAR0014,20251105,PRCP,0,,,N,0900
US1TXAR0014,20251106,PRCP,0,,,N,0900
US1TXAR0014,20251107,PRCP,0,,,N,0900
US1TXAR0014,20251108,PRCP,0,,,N,0900
US1TXAR0014,20251109,PRCP,0,,,N,0900
US1TXAR0014,20251110,PRCP,0,,,N,0900
US1TXAR0014,20251111,PRCP,0,,,N,0900
US1TXAR0014,20251112,PRCP,0,,,N,0900
US1TXAR0014,20251113,PRCP,0,,,N,0900
US1TXAR0014,20251114,PRCP,0,,,N,0900
US1TXAR0014,20251115,PRCP,0,,,N,0900
US1TXAR0014,20251116,PRCP,0,,,N,0900
US1TXAR0014,20251117,PRCP,0,,,N,0900
US1TXAR0014,20251118,PRCP,0,,,N,0900
US1TXAR0014,20251119,PRCP,0,,,N,0900
US1TXAR0014,20251120,PRCP,0,,,N,0900
US1TXAR0014,20251121,PRCP,0,,,N,0900
US1TXAR0014,20251122,PRCP,0,,,N,0900
US1TXAR0014,20251123,PRCP,23,,,N,0800
US1TXAR0014,20251124,PRCP,935,,,N,0900
US1TXAR0014,20251125,PRCP,0,,,N,0900
US1TXAR0014,20251126,PRCP,15,,,N,0900
US1TXAR0014,20251127,PRCP,0,,,N,0900
US1TXAR0014,20251128,PRCP,0,,,N,0900
US1TXAR0014,20251129,PRCP,13,,,N,0900
US1TXAR0014,20251130,PRCP,28,,,N,0800
US1TXAR0014,20251101,SNOW,0,,,N,0900
US1TXAR0014,20251103,SNOW,0,,,N,0900
US1TXAR0014,20251104,SNOW,0,,,N,0900
US1TXAR0014,20251105,SNOW,0,,,N,0900
US1TXAR0014,20251106,SNOW,0,,,N,0900
US1TXAR0014,20251107,SNOW,0,,,N,0900
US1TXAR0014,20251108,SNOW,0,,,N,0900
US1TXAR0014,20251109,SNOW,0,,,N,0900
US1TXAR0014,20251110,SNOW,0,,,N,0900
US1TXAR0014,20251111,SNOW,0,,,N,0900
US1TXAR0014,20251112,SNOW,0,,,N,0900
US1TXAR0014,20251113,SNOW,0,,,N,0900
US1TXAR0014,20251114,SNOW,0,,,N,0900
US1TXAR0014,20251115,SNOW,0,,,N,0900
US1TXAR0014,20251116,SNOW,0,,,N,0900
US1TXAR0014,20251117,SNOW,0,,,N,0900
US1TXAR0014,20251118,SNOW,0,,,N,0900
US1TXAR0014,20251119,SNOW,0,,,N,0900
US1TXAR0014,20251120,SNOW,0,,,N,0900
US1TXAR0014,20251121,SNOW,0,,,N,0900
US1TXAR0014,20251122,SNOW,0,,,N,0900
US1TXAR0014,20251125,SNOW,0,,,N,0900
US1TXAR0014,20251127,SNOW,0,,,N,0900
US1TXAR0014,20251128,SNOW,0,,,N,0900
US1TXAR0014,20251201,PRCP,46,,,N,0800
US1TXAR0014,20251202,PRCP,10,,,N,0900
US1TXAR0014,20251203,PRCP,0,,,N,0900
US1TXAR0014,20251204,PRCP,10,,,N,0800
US1TXAR0014,20251205,PRCP,5,,,N,0900
US1TXAR0014,20251206,PRCP,46,,,N,0900
US1TXAR0014,20251207,PRCP,0,T,,N,0900
US1TXAR0014,20251208,PRCP,0,,,N,0900
US1TXAR0014,20251209,PRCP,0,,,N,0900
US1TXAR0014,20251210,PRCP,0,,,N,0900
US1TXAR0014,20251211,PRCP,0,,,N,0900
US1TXAR0014,20251212,PRCP,0,,,N,0900
US1TXAR0014,20251213,PRCP,0,,,N,0900
US1TXAR0014,20251214,PRCP,0,,,N,0900
US1TXAR0014,20251215,PRCP,0,,,N,0900
US1TXAR0014,20251216,PRCP,0,,,N,0900
US1TXAR0014,20251217,PRCP,38,,,N,0800
US1TXAR0014,20251218,PRCP,53,,,N,0900
US1TXAR0014,20251219,PRCP,0,,,N,0900
US1TXAR0014,20251220,PRCP,0,,,N,0900
US1TXAR0014,20251221,PRCP,0,,,N,0900
US1TXAR0014,20251222,PRCP,0,,,N,0900
US1TXAR0014,20251223,PRCP,0,,,N,0900
US1TXAR0014,20251224,PRCP,0,,,N,0900
US1TXAR0014,20251225,PRCP,0,,,N,0900
US1TXAR0014,20251226,PRCP,0,,,N,0900
US1TXAR0014,20251227,PRCP,0,,,N,0900
US1TXAR0014,20251228,PRCP,0,,,N,0900
US1TXAR0014,20251229,PRCP,0,,,N,0900
US1TXAR0014,20251230,PRCP,0,,,N,0800
US1TXAR0014,20251231,PRCP,0,,,N,0900
US1TXAR0014,20251203,SNOW,0,,,N,0900
US1TXAR0014,20251208,SNOW,0,,,N,0900
US1TXAR0014,20251209,SNOW,0,,,N,0900
US1TXAR0014,20251210,SNOW,0,,,N,0900
US1TXAR0014,20251211,SNOW,0,,,N,0900
US1TXAR0014,20251212,SNOW,0,,,N,0900
US1TXAR0014,20251213,SNOW,0,,,N,0900
US1TXAR0014,20251214,SNOW,0,,,N,0900
US1TXAR0014,20251215,SNOW,0,,,N,0900
US1TXAR0014,20251216,SNOW,0,,,N,0900
US1TXAR0014,20251219,SNOW,0,,,N,0900
US1TXAR0014,20251220,SNOW,0,,,N,0900
US1TXAR0014,20251221,SNOW,0,,,N,0900
US1TXAR0014,20251222,SNOW,0,,,N,0900
US1TXAR0014,20251223,SNOW,0,,,N,0900
US1TXAR0014,20251224,SNOW,0,,,N,0900
US1TXAR0014,20251225,SNOW,0,,,N,0900
US1TXAR0014,20251226,SNOW,0,,,N,0900
US1TXAR0014,20251227,SNOW,0,,,N,0900
US1TXAR0014,20251228,SNOW,0,,,N,0900
US1TXAR0014,20251229,SNOW,0,,,N,0900
US1TXAR0014,20251230,SNOW,0,,,N,0800
US1TXAR0014,20251231,SNOW,0,,,N,0900
US1TXAR0014,20260101,PRCP,0,,,N,0900
US1TXAR0014,20260102,PRCP,0,,,N,0900
US1TXAR0014,20260103,PRCP,0,,,N,0900
US1TXAR0014,20260104,PRCP,0,,,N,0900
US1TXAR0014,20260105,PRCP,0,,,N,0900
US1TXAR0014,20260106,PRCP,0,,,N,0900
US1TXAR0014,20260107,PRCP,0,,,N,0900
US1TXAR0014,20260108,PRCP,0,,,N,0900
US1TXAR0014,20260109,PRCP,0,,,N,0900
US1TXAR0014,20260110,PRCP,0,,,N,0900
US1TXAR0014,20260111,PRCP,0,,,N,0900
US1TXAR0014,20260112,PRCP,0,,,N,0900
US1TXAR0014,20260113,PRCP,5,,,N,0900
US1TXAR0014,20260114,PRCP,3,,,N,0900
US1TXAR0014,20260115,PRCP,0,,,N,0900
US1TXAR0014,20260116,PRCP,0,,,N,0900
US1TXAR0014,20260117,PRCP,0,,,N,0900
US1TXAR0014,20260118,PRCP,0,,,N,0900
US1TXAR0014,20260119,PRCP,0,,,N,0900
US1TXAR0014,20260120,PRCP,0,,,N,0600
US1TXAR0014,20260121,PRCP,5,,,N,0900
US1TXAR0014,20260122,PRCP,0,T,,N,0900
US1TXAR0014,20260123,PRCP,0,,,N,0900
US1TXAR0014,20260124,PRCP,25,,,N,0900
US1TXAR0014,20260125,PRCP,97,,,N,0900
US1TXAR0014,20260126,PRCP,0,,,N,0900
US1TXAR0014,20260127,PRCP,0,,,N,0900
US1TXAR0014,20260128,PRCP,0,,,N,0900
US1TXAR0014,20260129,PRCP,0,,,N,0900
US1TXAR0014,20260130,PRCP,0,,,N,0900
US1TXAR0014,20260131,PRCP,0,,,N,0900
US1TXAR0014,20260101,SNOW,0,,,N,0900
US1TXAR0014,20260102,SNOW,0,,,N,0900
US1TXAR0014,20260103,SNOW,0,,,N,0900
US1TXAR0014,20260104,SNOW,0,,,N,0900
US1TXAR0014,20260105,SNOW,0,,,N,0900
US1TXAR0014,20260106,SNOW,0,,,N,0900
US1TXAR0014,20260107,SNOW,0,,,N,0900
US1TXAR0014,20260108,SNOW,0,,,N,0900
US1TXAR0014,20260109,SNOW,0,,,N,0900
US1TXAR0014,20260110,SNOW,0,,,N,0900
US1TXAR0014,20260111,SNOW,0,,,N,0900
US1TXAR0014,20260112,SNOW,0,,,N,0900
US1TXAR0014,20260115,SNOW,0,,,N,0900
US1TXAR0014,20260116,SNOW,0,,,N,0900
US1TXAR0014,20260117,SNOW,0,,,N,0900
US1TXAR0014,20260118,SNOW,0,,,N,0900
US1TXAR0014,20260119,SNOW,0,,,N,0900
US1TXAR0014,20260120,SNOW,0,,,N,0600
US1TXAR0014,20260123,SNOW,0,,,N,0900
US1TXAR0014,20260126,SNOW,0,,,N,0900
US1TXAR0014,20260127,SNOW,0,,,N,0900
US1TXAR0014,20260128,SNOW,0,,,N,0900
US1TXAR0014,20260129,SNOW,0,,,N,0900
US1TXAR0014,20260130,SNOW,0,,,N,0900
US1TXAR0014,20260131,SNOW,0,,,N,0900
US1TXAR0014,20260201,PRCP,0,,,N,0900
US1TXAR0014,20260202,PRCP,0,,,N,0900
US1TXAR0014,20260203,PRCP,0,T,,N,0900
US1TXAR0014,20260204,PRCP,0,,,N,0900
US1TXAR0014,20260205,PRCP,0,,,N,0900
US1TXAR0014,20260206,PRCP,0,,,N,0900
US1TXAR0014,20260207,PRCP,0,,,N,0900
US1TXAR0014,20260208,PRCP,0,,,N,0900
US1TXAR0014,20260209,PRCP,0,,,N,0900
US1TXAR0014,20260210,PRCP,0,,,N,0900
US1TXAR0014,20260211,PRCP,0,,,N,0900
US1TXAR0014,20260212,PRCP,5,,,N,0900
US1TXAR0014,20260213,PRCP,0,,,N,0900
US1TXAR0014,20260214,PRCP,0,,,N,0900
US1TXAR0014,20260215,PRCP,20,,,N,0900
US1TXAR0014,20260216,PRCP,0,,,N,0900
US1TXAR0014,20260217,PRCP,0,,,N,0900
US1TXAR0014,20260218,PRCP,0,,,N,0900
US1TXAR0014,20260219,PRCP,0,,,N,0800
US1TXAR0014,20260220,PRCP,0,,,N,0900
US1TXAR0014,20260221,PRCP,0,,,N,0900
US1TXAR0014,20260222,PRCP,0,,,N,0900
US1TXAR0014,20260223,PRCP,0,,,N,0900
US1TXAR0014,20260224,PRCP,0,,,N,0900
US1TXAR0014,20260225,PRCP,0,,,N,0900
US1TXAR0014,20260226,PRCP,0,,,N,0900
US1TXAR0014,20260227,PRCP,0,,,N,0900
US1TXAR0014,20260228,PRCP,0,,,N,0900
US1TXAR0014,20260201,SNOW,0,,,N,0900
US1TXAR0014,20260202,SNOW,0,,,N,0900
US1TXAR0014,20260204,SNOW,0,,,N,0900
US1TXAR0014,20260205,SNOW,0,,,N,0900
US1TXAR0014,20260206,SNOW,0,,,N,0900
US1TXAR0014,20260207,SNOW,0,,,N,0900
US1TXAR0014,20260208,SNOW,0,,,N,0900
US1TXAR0014,20260209,SNOW,0,,,N,0900
US1TXAR0014,20260210,SNOW,0,,,N,0900
US1TXAR0014,20260211,SNOW,0,,,N,0900
US1TXAR0014,20260213,SNOW,0,,,N,0900
US1TXAR0014,20260214,SNOW,0,,,N,0900
US1TXAR0014,20260216,SNOW,0,,,N,0900
US1TXAR0014,20260217,SNOW,0,,,N,0900
US1TXAR0014,20260218,SNOW,0,,,N,0900
US1TXAR0014,20260219,SNOW,0,,,N,0800
US1TXAR0014,20260220,SNOW,0,,,N,0900
US1TXAR0014,20260221,SNOW,0,,,N,0900
US1TXAR0014,20260222,SNOW,0,,,N,0900
US1TXAR0014,20260223,SNOW,0,,,N,0900
US1TXAR0014,20260224,SNOW,0,,,N,0900
US1TXAR0014,20260225,SNOW,0,,,N,0900
US1TXAR0014,20260226,SNOW,0,,,N,0900
US1TXAR0014,20260227,SNOW,0,,,N,0900
US1TXAR0014,20260228,SNOW,0,,,N,0900
US1TXAR0014,20260301,PRCP,0,,,N,0900
US1TXAR0014,20260302,PRCP,0,,,N,0900
US1TXAR0014,20260303,PRCP,0,,,N,0900
US1TXAR0014,20260304,PRCP,0,,,N,0900
US1TXAR0014,20260305,PRCP,0,,,N,0900
US1TXAR0014,20260306,PRCP,0,,,N,0900
US1TXAR0014,20260307,PRCP,0,,,N,0900
US1TXAR0014,20260308,PRCP,74,,,N,0900
US1TXAR0014,20260309,PRCP,25,,,N,0900
US1TXAR0014,20260310,PRCP,0,,,N,0900
US1TXAR0014,20260311,PRCP,10,,,N,0900
US1TXAR0014,20260312,PRCP,0,,,N,0900
US1TXAR0014,20260313,PRCP,0,,,N,0900
US1TXAR0014,20260314,PRCP,0,,,N,0900
US1TXAR0014,20260315,PRCP,0,,,N,0900
US1TXAR0014,20260316,PRCP,0,,,N,0900
US1TXAR0014,20260317,PRCP,0,,,N,0900
US1TXAR0014,20260318,PRCP,0,,,N,0900
US1TXAR0014,20260319,PRCP,0,,,N,0900
US1TXAR0014,20260320,PRCP,0,,,N,0900
US1TXAR0014,20260321,PRCP,0,,,N,0900
US1TXAR0014,20260322,PRCP,0,,,N,0900
US1TXAR0014,20260323,PRCP,0,,,N,0900
US1TXAR0014,20260324,PRCP,0,,,N,0900
US1TXAR0014,20260325,PRCP,0,,,N,0900
US1TXAR0014,20260326,PRCP,0,,,N,0900
US1TXAR0014,20260327,PRCP,0,,,N,0900
US1TXAR0014,20260328,PRCP,0,,,N,0900
US1TXAR0014,20260329,PRCP,0,,,N,0900
US1TXAR0014,20260330,PRCP,0,,,N,0800
US1TXAR0014,20260331,PRCP,0,,,N,0900
US1TXAR0014,20260301,SNOW,0,,,N,0900
US1TXAR0014,20260302,SNOW,0,,,N,0900
US1TXAR0014,20260303,SNOW,0,,,N,0900
US1TXAR0014,20260304,SNOW,0,,,N,0900
US1TXAR0014,20260305,SNOW,0,,,N,0900
US1TXAR0014,20260306,SNOW,0,,,N,0900
US1TXAR0014,20260307,SNOW,0,,,N,0900
US1TXAR0014,20260310,SNOW,0,,,N,0900
US1TXAR0014,20260312,SNOW,0,,,N,0900
US1TXAR0014,20260313,SNOW,0,,,N,0900
US1TXAR0014,20260314,SNOW,0,,,N,0900
US1TXAR0014,20260315,SNOW,0,,,N,0900
US1TXAR0014,20260316,SNOW,0,,,N,0900
US1TXAR0014,20260317,SNOW,0,,,N,0900
US1TXAR0014,20260318,SNOW,0,,,N,0900
US1TXAR0014,20260319,SNOW,0,,,N,0900
US1TXAR0014,20260320,SNOW,0,,,N,0900
US1TXAR0014,20260321,SNOW,0,,,N,0900
US1TXAR0014,20260322,SNOW,0,,,N,0900
US1TXAR0014,20260323,SNOW,0,,,N,0900
US1TXAR0014,20260324,SNOW,0,,,N,0900
US1TXAR0014,20260325,SNOW,0,,,N,0900
US1TXAR0014,20260326,SNOW,0,,,N,0900
US1TXAR0014,20260327,SNOW,0,,,N,0900
US1TXAR0014,20260328,SNOW,0,,,N,0900
US1TXAR0014,20260329,SNOW,0,,,N,0900
US1TXAR0014,20260330,SNOW,0,,,N,0800
US1TXAR0014,20260331,SNOW,0,,,N,0900
US1TXAR0014,20260401,PRCP,0,,,N,0900
US1TXAR0014,20260402,PRCP,0,,,N,0900
US1TXAR0014,20260403,PRCP,0,,,N,0900
US1TXAR0014,20260404,PRCP,0,,,N,0900
US1TXAR0014,20260405,PRCP,18,,,N,0900
US1TXAR0014,20260406,PRCP,208,,,N,0900
US1TXAR0014,20260407,PRCP,0,,,N,0900
US1TXAR0014,20260408,PRCP,0,,,N,0900
US1TXAR0014,20260409,PRCP,0,T,,N,0900
US1TXAR0014,20260410,PRCP,46,,,N,0900
US1TXAR0014,20260411,PRCP,5,,,N,0900
US1TXAR0014,20260412,PRCP,0,,,N,0900
US1TXAR0014,20260413,PRCP,0,T,,N,0900
US1TXAR0014,20260414,PRCP,0,,,N,0900
US1TXAR0014,20260415,PRCP,0,,,N,0900
US1TXAR0014,20260416,PRCP,0,,,N,0900
US1TXAR0014,20260417,PRCP,0,,,N,0900
US1TXAR0014,20260418,PRCP,0,,,N,0900
US1TXAR0014,20260419,PRCP,8,,,N,0900
US1TXAR0014,20260420,PRCP,28,,,N,0900
US1TXAR0014,20260421,PRCP,292,,,N,0900
US1TXAR0014,20260422,PRCP,8,,,N,0900
US1TXAR0014,20260423,PRCP,0,,,N,0900
US1TXAR0014,20260424,PRCP,0,,,N,0900
US1TXAR0014,20260425,PRCP,0,,,N,0900
US1TXAR0014,20260426,PRCP,0,,,N,0900
US1TXAR0014,20260427,PRCP,0,,,N,0900
US1TXAR0014,20260428,PRCP,0,,,N,0900
US1TXAR0014,20260429,PRCP,0,,,N,0900
US1TXAR0014,20260430,PRCP,0,,,N,0900
US1TXAR0014,20260401,SNOW,0,,,N,0900
US1TXAR0014,20260402,SNOW,0,,,N,0900
US1TXAR0014,20260403,SNOW,0,,,N,0900
US1TXAR0014,20260404,SNOW,0,,,N,0900
US1TXAR0014,20260407,SNOW,0,,,N,0900
US1TXAR0014,20260408,SNOW,0,,,N,0900
US1TXAR0014,20260412,SNOW,0,,,N,0900
US1TXAR0014,20260414,SNOW,0,,,N,0900
US1TXAR0014,20260415,SNOW,0,,,N,0900
US1TXAR0014,20260416,SNOW,0,,,N,0900
US1TXAR0014,20260417,SNOW,0,,,N,0900
US1TXAR0014,20260418,SNOW,0,,,N,0900
US1TXAR0014,20260423,SNOW,0,,,N,0900
US1TXAR0014,20260424,SNOW,0,,,N,0900
US1TXAR0014,20260425,SNOW,0,,,N,0900
US1TXAR0014,20260426,SNOW,0,,,N,0900
US1TXAR0014,20260427,SNOW,0,,,N,0900
US1TXAR0014,20260428,SNOW,0,,,N,0900
US1TXAR0014,20260429,SNOW,0,,,N,0900
US1TXAR0014,20260430,SNOW,0,,,N,0900
US1TXAR0014,20260501,PRCP,13,,,N,0900
US1TXAR0014,20260502,PRCP,140,,,N,0900
US1TXAR0014,20260503,PRCP,3,,,N,0900
US1TXAR0014,20260504,PRCP,0,,,N,0900
US1TXAR0014,20260505,PRCP,0,,,N,0900
US1TXAR0014,20260506,PRCP,5,,,N,0900
US1TXAR0014,20260507,PRCP,0,,,N,0900
US1TXAR0014,20260508,PRCP,0,,,N,0900
US1TXAR0014,20260509,PRCP,76,,,N,0900
US1TXAR0014,20260510,PRCP,0,,,N,0900
US1TXAR0014,20260511,PRCP,91,,,N,0900
US1TXAR0014,20260512,PRCP,0,,,N,0900
US1TXAR0014,20260513,PRCP,0,,,N,0900
US1TXAR0014,20260514,PRCP,0,,,N,0900
US1TXAR0014,20260515,PRCP,0,,,N,0900
US1TXAR0014,20260516,PRCP,0,,,N,0900
US1TXAR0014,20260517,PRCP,0,,,N,0900
US1TXAR0014,20260518,PRCP,23,,,N,0900
US1TXAR0014,20260519,PRCP,343,,,N,0900
US1TXAR0014,20260520,PRCP,823,,,N,0900
US1TXAR0014,20260521,PRCP,320,,,N,0900
US1TXAR0014,20260522,PRCP,5,,,N,0900
US1TXAR0014,20260523,PRCP,0,,,N,0900
US1TXAR0014,20260524,PRCP,135,,,N,0900
US1TXAR0014,20260525,PRCP,0,,,N,0900
US1TXAR0014,20260526,PRCP,0,,,N,0900
US1TXAR0014,20260527,PRCP,625,,,N,0900
US1TXAR0014,20260528,PRCP,8,,,N,0900
US1TXAR0014,20260529,PRCP,0,,,N,0900
US1TXAR0014,20260530,PRCP,0,,,N,0900
US1TXAR0014,20260531,PRCP,0,,,N,0900
US1TXAR0014,20260504,SNOW,0,,,N,0900
US1TXAR0014,20260505,SNOW,0,,,N,0900
US1TXAR0014,20260506,SNOW,0,,,N,0900
US1TXAR0014,20260507,SNOW,0,,,N,0900
US1TXAR0014,20260508,SNOW,0,,,N,0900
US1TXAR0014,20260510,SNOW,0,,,N,0900
US1TXAR0014,20260512,SNOW,0,,,N,0900
US1TXAR0014,20260513,SNOW,0,,,N,0900
US1TXAR0014,20260514,SNOW,0,,,N,0900
US1TXAR0014,20260515,SNOW,0,,,N,0900
US1TXAR0014,20260516,SNOW,0,,,N,0900
US1TXAR0014,20260517,SNOW,0,,,N,0900
US1TXAR0014,20260523,SNOW,0,,,N,0900
US1TXAR0014,20260525,SNOW,0,,,N,0900
US1TXAR0014,20260526,SNOW,0,,,N,0900
US1TXAR0014,20260529,SNOW,0,,,N,0900
US1TXAR0014,20260530,SNOW,0,,,N,0900
US1TXAR0014,20260531,SNOW,0,,,N,0900
US1TXAR0014,20260601,PRCP,0,,,N,0900
US1TXAR0014,20260602,PRCP,0,,,N,0900
US1TXAR0014,20260603,PRCP,0,,,N,0900
US1TXAR0014,20260604,PRCP,10,,,N,0900
US1TXAR0014,20260605,PRCP,30,,,N,0900
US1TXAR0014,20260606,PRCP,69,,,N,0900
US1TXAR0014,20260607,PRCP,0,,,N,0900
US1TXAR0014,20260608,PRCP,0,,,N,0900
US1TXAR0014,20260609,PRCP,0,T,,N,0900
US1TXAR0014,20260610,PRCP,0,,,N,0900
US1TXAR0014,20260611,PRCP,0,,,N,0900
US1TXAR0014,20260612,PRCP,0,T,,N,0900
US1TXAR0014,20260613,PRCP,0,,,N,0900
US1TXAR0014,20260614,PRCP,180,,,N,0900
US1TXAR0014,20260615,PRCP,124,,,N,0900
US1TXAR0014,20260616,PRCP,180,,,N,0900
US1TXAR0014,20260617,PRCP,1140,,,N,0900
US1TXAR0014,20260618,PRCP,0,,,N,0900
US1TXAR0014,20260619,PRCP,0,,,N,0900
US1TXAR0014,20260620,PRCP,94,,,N,0900
US1TXAR0014,20260621,PRCP,472,,,N,0900
US1TXAR0014,20260622,PRCP,10,,,N,0900
US1TXAR0014,20260623,PRCP,0,,,N,0900
US1TXAR0014,20260624,PRCP,0,,,N,0900
US1TXAR0014,20260625,PRCP,0,,,N,0900
US1TXAR0014,20260626,PRCP,0,,,N,0900
US1TXAR0014,20260627,PRCP,0,,,N,0900
US1TXAR0014,20260628,PRCP,0,,,N,0900
US1TXAR0014,20260629,PRCP,0,,,N,0900
US1TXAR0014,20260630,PRCP,0,,,N,0900
US1TXAR0014,20260601,SNOW,0,,,N,0900
US1TXAR0014,20260602,SNOW,0,,,N,0900
US1TXAR0014,20260603,SNOW,0,,,N,0900
US1TXAR0014,20260607,SNOW,0,,,N,0900
US1TXAR0014,20260608,SNOW,0,,,N,0900
US1TXAR0014,20260610,SNOW,0,,,N,0900
US1TXAR0014,20260611,SNOW,0,,,N,0900
US1TXAR0014,20260613,SNOW,0,,,N,0900
US1TXAR0014,20260618,SNOW,0,,,N,0900
US1TXAR0014,20260619,SNOW,0,,,N,0900
US1TXAR0014,20260623,SNOW,0,,,N,0900
US1TXAR0014,20260624,SNOW,0,,,N,0900
US1TXAR0014,20260625,SNOW,0,,,N,0900
US1TXAR0014,20260626,SNOW,0,,,N,0900
US1TXAR0014,20260627,SNOW,0,,,N,0900
US1TXAR0014,20260628,SNOW,0,,,N,0900
US1TXAR0014,20260629,SNOW,0,,,N,0900
US1TXAR0014,20260630,SNOW,0,,,N,0900
US1TXAR0014,20260701,PRCP,0,,,N,0900
US1TXAR0014,20260702,PRCP,0,,,N,0900
US1TXAR0014,20260703,PRCP,5,,,N,0900
US1TXAR0014,20260704,PRCP,0,,,N,0900
US1TXAR0014,20260705,PRCP,0,,,N,0900
US1TXAR0014,20260706,PRCP,0,,,N,0900
US1TXAR0014,20260707,PRCP,0,,,N,0900
US1TXAR0014,20260708,PRCP,8,,,N,0900
US1TXAR0014,20260709,PRCP,0,,,N,0700
US1TXAR0014,20260710,PRCP,8,,,N,0900
US1TXAR0014,20260711,PRCP,5,,,N,0900
US1TXAR0014,20260712,PRCP,0,,,N,0900
US1TXAR0014,20260713,PRCP,0,,,N,0900
US1TXAR0014,20260714,PRCP,0,,,N,0900
US1TXAR0014,20260715,PRCP,66,,,N,0900
US1TXAR0014,20260716,PRCP,86,,,N,0700
US1TXAR0014,20260717,PRCP,0,T,,N,0900
US1TXAR0014,20260718,PRCP,0,,,N,0900
US1TXAR0014,20260719,PRCP,0,,,N,0900
US1TXAR0014,20260720,PRCP,0,,,N,0900
US1TXAR0014,20260721,PRCP,0,,,N,0900
US1TXAR0014,20260722,PRCP,0,,,N,0900
US1TXAR0014,20260723,PRCP,0,,,N,0900
US1TXAR0014,20260724,PRCP,79,,,N,0900
US1TXAR0014,20260725,PRCP,0,,,N,0900
US1TXAR0014,20260726,PRCP,0,,,N,0900
US1TXAR0014,20260727,PRCP,0,,,N,0900
US1TXAR0014,20260728,PRCP,0,,,N,0900
US1TXAR0014,20260729,PRCP,0,,,N,0900
US1TXAR0014,20260730,PRCP,0,,,N,0900
US1TXAR0014,20260731,PRCP,0,,,N,0900
US1TXAR0014,20260701,SNOW,0,,,N,0900
US1TXAR0014,20260702,SNOW,0,,,N,0900
US1TXAR0014,20260704,SNOW,0,,,N,0900
US1TXAR0014,20260705,SNOW,0,,,N,0900
US1TXAR0014,20260706,SNOW,0,,,N,0900
US1TXAR0014,20260707,SNOW,0,,,N,0900
US1TXAR0014,20260709,SNOW,0,,,N,0700
US1TXAR0014,20260712,SNOW,0,,,N,0900
US1TXAR0014,20260713,SNOW,0,,,N,0900
US1TXAR0014,20260714,SNOW,0,,,N,0900
US1TXAR0014,20260718,SNOW,0,,,N,0900
US1TXAR0014,20260719,SNOW,0,,,N,0900
US1TXAR0014,20260720,SNOW,0,,,N,0900
US1TXAR0014,20260721,SNOW,0,,,N,0900
US1TXAR0014,20260722,SNOW,0,,,N,0900
US1TXAR0014,20260723,SNOW,0,,,N,0900
US1TXAR0014,20260725,SNOW,0,,,N,0900
US1TXAR0014,20260726,SNOW,0,,,N,0900
US1TXAR0014,20260727,SNOW,0,,,N,0900
US1TXAR0014,20260728,SNOW,0,,,N,0900
US1TXAR0014,20260729,SNOW,0,,,N,0900
US1TXAR0014,20260730,SNOW,0,,,N,0900
US1TXAR0014,20260731,SNOW,0,,,N,0900
US1TXAR0014,20260801,PRCP,0,,,N,0900
US1TXAR0014,20260802,PRCP,25,,,N,0900
US1TXAR0014,20260803,PRCP,765,,,N,0900
US1TXAR0014,20260804,PRCP,0,,,N,0800
US1TXAR0014,20260805,PRCP,0,,,N,0900
US1TXAR0014,20260806,PRCP,0,,,N,0800
US1TXAR0014,20260807,PRCP,0,,,N,0900
US1TXAR0014,20260808,PRCP,0,,,N,0900
US1TXAR0014,20260809,PRCP,102,,,N,0900
US1TXAR0014,20260810,PRCP,20,,,N,0900
US1TXAR0014,20260811,PRCP,0,,,N,0800
US1TXAR0014,20260812,PRCP,0,,,N,0900
US1TXAR0014,20260813,PRCP,0,,,N,0900
US1TXAR0014,20260814,PRCP,0,,,N,0900
US1TXAR0014,20260815,PRCP,0,,,N,0900
US1TXAR0014,20260816,PRCP,0,,,N,0900
US1TXAR0014,20260817,PRCP,0,,,N,0800
US1TXAR0014,20260818,PRCP,0,,,N,0900
US1TXAR0014,20260819,PRCP,0,,,N,0700
US1TXAR0014,20260820,PRCP,0,,,N,0900
US1TXAR0014,20260821,PRCP,0,,,N,0900
US1TXAR0014,20260822,PRCP,0,,,N,0900
US1TXAR0014,20260823,PRCP,0,,,N,0900
US1TXAR0014,20260824,PRCP,0,,,N,0900
US1TXAR0014,20260825,PRCP,0,,,N,0900
US1TXAR0014,20260826,PRCP,0,,,N,0900
US1TXAR0014,20260827,PRCP,0,,,N,0900
US1TXAR0014,20260828,PRCP,0,,,N,0900
US1TXAR0014,20260829,PRCP,0,,,N,0900
US1TXAR0014,20260830,PRCP,0,,,N,0900
US1TXAR0014,20260831,PRCP,0,,,N,0900
US1TXAR0014,20260801,SNOW,0,,,N,0900
US1TXAR0014,20260804,SNOW,0,,,N,0800
US1TXAR0014,20260805,SNOW,0,,,N,0900
US1TXAR0014,20260806,SNOW,0,,,N,0800
US1TXAR0014,20260807,SNOW,0,,,N,0900
US1TXAR0014,20260808,SNOW,0,,,N,0900
US1TXAR0014,20260811,SNOW,0,,,N,0800
US1TXAR0014,20260812,SNOW,0,,,N,0900
US1TXAR0014,20260813,SNOW,0,,,N,0900
US1TXAR0014,20260814,SNOW,0,,,N,0900
US1TXAR0014,20260815,SNOW,0,,,N,0900
US1TXAR0014,20260816,SNOW,0,,,N,0900
US1TXAR0014,20260817,SNOW,0,,,N,0800
US1TXAR0014,20260818,SNOW,0,,,N,0900
US1TXAR0014,20260819,SNOW,0,,,N,0700
US1TXAR0014,20260820,SNOW,0,,,N,0900
US1TXAR0014,20260821,SNOW,0,,,N,0900
US1TXAR0014,20260822,SNOW,0,,,N,0900
US1TXAR0014,20260823,SNOW,0,,,N,0900
US1TXAR0014,20260824,SNOW,0,,,N,0900
US1TXAR0014,20260825,SNOW,0,,,N,0900
US1TXAR0014,20260826,SNOW,0,,,N,0900
US1TXAR0014,20260827,SNOW,0,,,N,0900
US1TXAR0014,20260828,SNOW,0,,,N,0900
US1TXAR0014,20260829,SNOW,0,,,N,0900
US1TXAR0014,20260830,SNOW,0,,,N,0900
US1TXAR0014,20260831,SNOW,0,,,N,0900
US1TXAR0014,20260901,PRCP,0,,,N,0900
US1TXAR0014,20260902,PRCP,0,,,N,0900
US1TXAR0014,20260903,PRCP,0,,,N,0900
US1TXAR0014,20260904,PRCP,0,,,N,0900
US1TXAR0014,20260905,PRCP,0,,,N,
US1TXAR0014,20260906,PRCP,0,,,N,
US1TXAR0014,20260907,PRCP,0,,,N,
US1TXAR0014,20260908,PRCP,0,,,N,
US1TXAR0014,20260909,PRCP,0,,,N,
US1TXAR0014,20260901,SNOW,0,,,N,0900
US1TXAR0014,20260902,SNOW,0,,,N,0900
US1TXAR0014,20260903,SNOW,0,,,N,0900
US1TXAR0014,20260904,SNOW,0,,,N,0900
US1TXAR0014,20260905,SNOW,0,,,N,
US1TXAR0014,20260906,SNOW,0,,,N,
US1TXAR0014,20260907,SNOW,0,,,N,
US1TXAR0014,20260908,SNOW,0,,,N,
US1TXAR0014,20260909,SNOW,0,,,N,
