ID,DATE,ELEMENT,DATA_VALUE,M_FLAG,Q_FLAG,S_FLAG,OBS_TIME
US1TXAT0021,20120328,PRCP,18,,,N,0700
US1TXAT0021,20120329,PRCP,124,,,N,0700
US1TXAT0021,20120330,PRCP,0,T,,N,0700
US1TXAT0021,20120412,PRCP,3,,,N,0700
US1TXAT0021,20120417,PRCP,0,T,,N,0700
US1TXAT0021,20120418,PRCP,0,,,N,0700
US1TXAT0021,20120419,PRCP,0,,,N,0700
US1TXAT0021,20120420,PRCP,0,,,N,0700
US1TXAT0021,20120421,PRCP,18,,,N,0700
US1TXAT0021,20120422,PRCP,0,,,N,0700
US1TXAT0021,20120423,PRCP,0,,,N,0700
US1TXAT0021,20120424,PRCP,0,,,N,0700
US1TXAT0021,20120425,PRCP,0,,,N,0700
US1TXAT0021,20120427,PRCP,0,,,N,0700
US1TXAT0021,20120428,PRCP,0,,,N,0700
US1TXAT0021,20120430,PRCP,0,,,N,0700
US1TXAT0021,20120418,SNOW,0,,,N,0700
US1TXAT0021,20120419,SNOW,0,,,N,0700
US1TXAT0021,20120420,SNOW,0,,,N,0700
US1TXAT0021,20120422,SNOW,0,,,N,0700
US1TXAT0021,20120423,SNOW,0,,,N,0700
US1TXAT0021,20120424,SNOW,0,,,N,0700
US1TXAT0021,20120425,SNOW,0,,,N,0700
US1TXAT0021,20120427,SNOW,0,,,N,0700
US1TXAT0021,20120428,SNOW,0,,,N,0700
US1TXAT0021,20120430,SNOW,0,,,N,0700
US1TXAT0021,20120402,DAPR,2,,,N,0700
US1TXAT0021,20120402,MDPR,3,,,N,0700
US1TXAT0021,20120501,PRCP,0,,,N,0700
US1TXAT0021,20120502,PRCP,0,,,N,0700
US1TXAT0021,20120503,PRCP,0,,,N,0700
US1TXAT0021,20120504,PRCP,0,,,N,0700
US1TXAT0021,20120505,PRCP,0,,,N,0700
US1TXAT0021,20120506,PRCP,274,,,N,0700
US1TXAT0021,20120507,PRCP,0,,,N,0700
US1TXAT0021,20120508,PRCP,64,,,N,0700
US1TXAT0021,20120509,PRCP,267,,,N,0700
US1TXAT0021,20120510,PRCP,0,,,N,0700
US1TXAT0021,20120511,PRCP,518,,,N,0700
US1TXAT0021,20120512,PRCP,0,,,N,0700
US1TXAT0021,20120513,PRCP,0,,,N,0700
US1TXAT0021,20120514,PRCP,0,,,N,0700
US1TXAT0021,20120515,PRCP,183,,,N,0700
US1TXAT0021,20120516,PRCP,0,T,,N,0700
US1TXAT0021,20120517,PRCP,0,,,N,0700
US1TXAT0021,20120518,PRCP,0,,,N,0700
US1TXAT0021,20120519,PRCP,0,,,N,0700
US1TXAT0021,20120520,PRCP,0,,,N,0700
US1TXAT0021,20120521,PRCP,0,,,N,0700
US1TXAT0021,20120522,PRCP,0,,,N,0700
US1TXAT0021,20120523,PRCP,0,,,N,0700
US1TXAT0021,20120524,PRCP,0,,,N,0700
US1TXAT0021,20120525,PRCP,0,,,N,0700
US1TXAT0021,20120526,PRCP,0,,,N,0700
US1TXAT0021,20120527,PRCP,0,,,N,0700
US1TXAT0021,20120528,PRCP,0,,,N,0700
US1TXAT0021,20120529,PRCP,0,,,N,0700
US1TXAT0021,20120530,PRCP,0,,,N,0700
US1TXAT0021,20120531,PRCP,0,,,N,0700
US1TXAT0021,20120501,SNOW,0,,,N,0700
US1TXAT0021,20120502,SNOW,0,,,N,0700
US1TXAT0021,20120503,SNOW,0,,,N,0700
US1TXAT0021,20120504,SNOW,0,,,N,0700
US1TXAT0021,20120505,SNOW,0,,,N,0700
US1TXAT0021,20120507,SNOW,0,,,N,0700
US1TXAT0021,20120510,SNOW,0,,,N,0700
US1TXAT0021,20120512,SNOW,0,,,N,0700
US1TXAT0021,20120513,SNOW,0,,,N,0700
US1TXAT0021,20120514,SNOW,0,,,N,0700
US1TXAT0021,20120517,SNOW,0,,,N,0700
US1TXAT0021,20120518,SNOW,0,,,N,0700
US1TXAT0021,20120519,SNOW,0,,,N,0700
US1TXAT0021,20120520,SNOW,0,,,N,0700
US1TXAT0021,20120521,SNOW,0,,,N,0700
US1TXAT0021,20120522,SNOW,0,,,N,0700
US1TXAT0021,20120523,SNOW,0,,,N,0700
US1TXAT0021,20120524,SNOW,0,,,N,0700
US1TXAT0021,20120525,SNOW,0,,,N,0700
US1TXAT0021,20120526,SNOW,0,,,N,0700
US1TXAT0021,20120527,SNOW,0,,,N,0700
US1TXAT0021,20120528,SNOW,0,,,N,0700
US1TXAT0021,20120529,SNOW,0,,,N,0700
US1TXAT0021,20120530,SNOW,0,,,N,0700
US1TXAT0021,20120531,SNOW,0,,,N,0700
US1TXAT0021,20120601,PRCP,0,,,N,0700
US1TXAT0021,20120602,PRCP,0,,,N,0700
US1TXAT0021,20120603,PRCP,0,,,N,0700
US1TXAT0021,20120604,PRCP,0,,,N,0700
US1TXAT0021,20120605,PRCP,0,,,N,0700
US1TXAT0021,20120606,PRCP,0,,,N,0700
US1TXAT0021,20120607,PRCP,0,,,N,0700
US1TXAT0021,20120608,PRCP,5,,,N,0700
US1TXAT0021,20120609,PRCP,0,,,N,0700
US1TXAT0021,20120610,PRCP,0,,,N,0700
US1TXAT0021,20120611,PRCP,0,,,N,0700
US1TXAT0021,20120612,PRCP,0,,,N,0700
US1TXAT0021,20120613,PRCP,0,,,N,0700
US1TXAT0021,20120614,PRCP,0,,,N,0700
US1TXAT0021,20120615,PRCP,0,,,N,0700
US1TXAT0021,20120616,PRCP,0,,,N,0700
US1TXAT0021,20120617,PRCP,0,,,N,0700
US1TXAT0021,20120618,PRCP,0,,,N,0700
US1TXAT0021,20120619,PRCP,0,,,N,0700
US1TXAT0021,20120620,PRCP,0,,,N,0700
US1TXAT0021,20120621,PRCP,0,,,N,0700
US1TXAT0021,20120622,PRCP,0,,,N,0700
US1TXAT0021,20120623,PRCP,0,,,N,0700
US1TXAT0021,20120624,PRCP,0,,,N,0700
US1TXAT0021,20120625,PRCP,0,,,N,0700
US1TXAT0021,20120626,PRCP,0,,,N,0700
US1TXAT0021,20120627,PRCP,18,,,N,0700
US1TXAT0021,20120628,PRCP,0,,,N,0700
US1TXAT0021,20120629,PRCP,0,,,N,0700
US1TXAT0021,20120630,PRCP,0,,,N,0700
US1TXAT0021,20120601,SNOW,0,,,N,0700
US1TXAT0021,20120602,SNOW,0,,,N,0700
US1TXAT0021,20120603,SNOW,0,,,N,0700
US1TXAT0021,20120604,SNOW,0,,,N,0700
US1TXAT0021,20120605,SNOW,0,,,N,0700
US1TXAT0021,20120606,SNOW,0,,,N,0700
US1TXAT0021,20120607,SNOW,0,,,N,0700
US1TXAT0021,20120609,SNOW,0,,,N,0700
US1TXAT0021,20120610,SNOW,0,,,N,0700
US1TXAT0021,20120611,SNOW,0,,,N,0700
US1TXAT0021,20120612,SNOW,0,,,N,0700
US1TXAT0021,20120613,SNOW,0,,,N,0700
US1TXAT0021,20120614,SNOW,0,,,N,0700
US1TXAT0021,20120615,SNOW,0,,,N,0700
US1TXAT0021,20120616,SNOW,0,,,N,0700
US1TXAT0021,20120617,SNOW,0,,,N,0700
US1TXAT0021,20120618,SNOW,0,,,N,0700
US1TXAT0021,20120619,SNOW,0,,,N,0700
US1TXAT0021,20120620,SNOW,0,,,N,0700
US1TXAT0021,20120621,SNOW,0,,,N,0700
US1TXAT0021,20120622,SNOW,0,,,N,0700
US1TXAT0021,20120623,SNOW,0,,,N,0700
US1TXAT0021,20120624,SNOW,0,,,N,0700
US1TXAT0021,20120625,SNOW,0,,,N,0700
US1TXAT0021,20120626,SNOW,0,,,N,0700
US1TXAT0021,20120628,SNOW,0,,,N,0700
US1TXAT0021,20120629,SNOW,0,,,N,0700
US1TXAT0021,20120630,SNOW,0,,,N,0700
US1TXAT0021,20120701,PRCP,0,,,N,0700
US1TXAT0021,20120702,PRCP,15,,,N,0700
US1TXAT0021,20120703,PRCP,0,,,N,0700
US1TXAT0021,20120704,PRCP,0,,,N,0700
US1TXAT0021,20120705,PRCP,0,,,N,0700
US1TXAT0021,20120706,PRCP,0,,,N,0700
US1TXAT0021,20120707,PRCP,0,,,N,0700
US1TXAT0021,20120708,PRCP,0,,,N,0700
US1TXAT0021,20120709,PRCP,0,T,,N,0700
US1TXAT0021,20120710,PRCP,201,,,N,0700
US1TXAT0021,20120711,PRCP,0,T,,N,0700
US1TXAT0021,20120712,PRCP,71,,,N,0700
US1TXAT0021,20120713,PRCP,112,,,N,0700
US1TXAT0021,20120714,PRCP,0,,,N,0700
US1TXAT0021,20120715,PRCP,0,,,N,0700
US1TXAT0021,20120716,PRCP,3,,,N,0700
US1TXAT0021,20120717,PRCP,0,,,N,0700
US1TXAT0021,20120718,PRCP,0,T,,N,0700
US1TXAT0021,20120719,PRCP,25,,,N,0700
US1TXAT0021,20120720,PRCP,5,,,N,0700
US1TXAT0021,20120721,PRCP,0,,,N,0700
US1TXAT0021,20120722,PRCP,0,,,N,0700
US1TXAT0021,20120701,SNOW,0,,,N,0700
US1TXAT0021,20120703,SNOW,0,,,N,0700
US1TXAT0021,20120704,SNOW,0,,,N,0700
US1TXAT0021,20120705,SNOW,0,,,N,0700
US1TXAT0021,20120706,SNOW,0,,,N,0700
US1TXAT0021,20120707,SNOW,0,,,N,0700
US1TXAT0021,20120708,SNOW,0,,,N,0700
US1TXAT0021,20120714,SNOW,0,,,N,0700
US1TXAT0021,20120715,SNOW,0,,,N,0700
US1TXAT0021,20120717,SNOW,0,,,N,0700
US1TXAT0021,20120721,SNOW,0,,,N,0700
US1TXAT0021,20120722,SNOW,0,,,N,0700
US1TXAT0021,20120806,PRCP,0,T,,N,0700
US1TXAT0021,20120807,PRCP,0,,,N,0700
US1TXAT0021,20120808,PRCP,0,,,N,0700
US1TXAT0021,20120809,PRCP,0,,,N,0700
US1TXAT0021,20120810,PRCP,0,,,N,0700
US1TXAT0021,20120811,PRCP,0,,,N,0700
US1TXAT0021,20120812,PRCP,0,,,N,0700
US1TXAT0021,20120813,PRCP,0,,,N,0700
US1TXAT0021,20120814,PRCP,0,,,N,0700
US1TXAT0021,20120815,PRCP,0,,,N,0700
US1TXAT0021,20120816,PRCP,0,,,N,0700
US1TXAT0021,20120817,PRCP,0,,,N,0700
US1TXAT0021,20120818,PRCP,0,,,N,0700
US1TXAT0021,20120819,PRCP,231,,,N,0700
US1TXAT0021,20120820,PRCP,18,,,N,0700
US1TXAT0021,20120821,PRCP,0,,,N,0700
US1TXAT0021,20120822,PRCP,0,,,N,0700
US1TXAT0021,20120823,PRCP,0,,,N,0700
US1TXAT0021,20120824,PRCP,0,,,N,0700
US1TXAT0021,20120825,PRCP,0,,,N,0700
US1TXAT0021,20120826,PRCP,0,,,N,0700
US1TXAT0021,20120827,PRCP,0,,,N,0700
US1TXAT0021,20120828,PRCP,0,,,N,0700
US1TXAT0021,20120829,PRCP,0,,,N,0700
US1TXAT0021,20120830,PRCP,0,,,N,0700
US1TXAT0021,20120831,PRCP,0,,,N,0700
US1TXAT0021,20120807,SNOW,0,,,N,0700
US1TXAT0021,20120808,SNOW,0,,,N,0700
US1TXAT0021,20120809,SNOW,0,,,N,0700
US1TXAT0021,20120810,SNOW,0,,,N,0700
US1TXAT0021,20120811,SNOW,0,,,N,0700
US1TXAT0021,20120812,SNOW,0,,,N,0700
US1TXAT0021,20120813,SNOW,0,,,N,0700
US1TXAT0021,20120814,SNOW,0,,,N,0700
US1TXAT0021,20120815,SNOW,0,,,N,0700
US1TXAT0021,20120816,SNOW,0,,,N,0700
US1TXAT0021,20120817,SNOW,0,,,N,0700
US1TXAT0021,20120818,SNOW,0,,,N,0700
US1TXAT0021,20120821,SNOW,0,,,N,0700
US1TXAT0021,20120822,SNOW,0,,,N,0700
US1TXAT0021,20120823,SNOW,0,,,N,0700
US1TXAT0021,20120824,SNOW,0,,,N,0700
US1TXAT0021,20120825,SNOW,0,,,N,0700
US1TXAT0021,20120826,SNOW,0,,,N,0700
US1TXAT0021,20120827,SNOW,0,,,N,0700
US1TXAT0021,20120828,SNOW,0,,,N,0700
US1TXAT0021,20120829,SNOW,0,,,N,0700
US1TXAT0021,20120830,SNOW,0,,,N,0700
US1TXAT0021,20120831,SNOW,0,,,N,0700
US1TXAT0021,20120805,DAPR,14,,,N,0000
US1TXAT0021,20120805,MDPR,0,,,N,0000
US1TXAT0021,20120901,PRCP,8,,,N,0700
US1TXAT0021,20120902,PRCP,0,,,N,0700
US1TXAT0021,20120903,PRCP,0,,,N,0700
US1TXAT0021,20120904,PRCP,0,,,N,0700
US1TXAT0021,20120905,PRCP,0,,,N,0700
US1TXAT0021,20120906,PRCP,0,,,N,0700
US1TXAT0021,20120907,PRCP,0,,,N,0700
US1TXAT0021,20120908,PRCP,0,,,N,0700
US1TXAT0021,20120909,PRCP,0,,,N,0700
US1TXAT0021,20120910,PRCP,0,,,N,0700
US1TXAT0021,20120911,PRCP,0,,,N,0700
US1TXAT0021,20120912,PRCP,0,,,N,0700
US1TXAT0021,20120913,PRCP,0,,,N,0700
US1TXAT0021,20120918,PRCP,0,,,N,0700
US1TXAT0021,20120919,PRCP,0,,,N,0700
US1TXAT0021,20120920,PRCP,0,,,N,0700
US1TXAT0021,20120921,PRCP,0,,,N,0700
US1TXAT0021,20120922,PRCP,0,,,N,0700
US1TXAT0021,20120923,PRCP,0,,,N,0700
US1TXAT0021,20120924,PRCP,0,,,N,0700
US1TXAT0021,20120925,PRCP,0,,,N,0700
US1TXAT0021,20120926,PRCP,0,,,N,0700
US1TXAT0021,20120927,PRCP,0,,,N,0700
US1TXAT0021,20120902,SNOW,0,,,N,0700
US1TXAT0021,20120903,SNOW,0,,,N,0700
US1TXAT0021,20120904,SNOW,0,,,N,0700
US1TXAT0021,20120905,SNOW,0,,,N,0700
US1TXAT0021,20120906,SNOW,0,,,N,0700
US1TXAT0021,20120907,SNOW,0,,,N,0700
US1TXAT0021,20120908,SNOW,0,,,N,0700
US1TXAT0021,20120909,SNOW,0,,,N,0700
US1TXAT0021,20120910,SNOW,0,,,N,0700
US1TXAT0021,20120911,SNOW,0,,,N,0700
US1TXAT0021,20120912,SNOW,0,,,N,0700
US1TXAT0021,20120913,SNOW,0,,,N,0700
US1TXAT0021,20120918,SNOW,0,,,N,0700
US1TXAT0021,20120919,SNOW,0,,,N,0700
US1TXAT0021,20120920,SNOW,0,,,N,0700
US1TXAT0021,20120921,SNOW,0,,,N,0700
US1TXAT0021,20120922,SNOW,0,,,N,0700
US1TXAT0021,20120923,SNOW,0,,,N,0700
US1TXAT0021,20120924,SNOW,0,,,N,0700
US1TXAT0021,20120925,SNOW,0,,,N,0700
US1TXAT0021,20120926,SNOW,0,,,N,0700
US1TXAT0021,20120927,SNOW,0,,,N,0700
US1TXAT0021,20120917,DAPR,4,,,N,0700
US1TXAT0021,20120917,MDPR,1359,,,N,0700
US1TXAT0021,20121002,PRCP,20,,,N,0700
US1TXAT0021,20121003,PRCP,0,,,N,0700
US1TXAT0021,20121004,PRCP,0,,,N,0700
US1TXAT0021,20121005,PRCP,0,,,N,0700
US1TXAT0021,20121006,PRCP,0,,,N,0700
US1TXAT0021,20121007,PRCP,0,,,N,0700
US1TXAT0021,20121008,PRCP,0,,,N,0700
US1TXAT0021,20121009,PRCP,0,,,N,0700
US1TXAT0021,20121010,PRCP,0,,,N,0700
US1TXAT0021,20121011,PRCP,0,,,N,0700
US1TXAT0021,20121012,PRCP,0,,,N,0700
US1TXAT0021,20121013,PRCP,0,T,,N,0700
US1TXAT0021,20121014,PRCP,0,,,N,0700
US1TXAT0021,20121015,PRCP,0,T,,N,0700
US1TXAT0021,20121016,PRCP,0,,,N,0700
US1TXAT0021,20121017,PRCP,0,T,,N,0700
US1TXAT0021,20121018,PRCP,0,,,N,0700
US1TXAT0021,20121003,SNOW,0,,,N,0700
US1TXAT0021,20121004,SNOW,0,,,N,0700
US1TXAT0021,20121005,SNOW,0,,,N,0700
US1TXAT0021,20121006,SNOW,0,,,N,0700
US1TXAT0021,20121007,SNOW,0,,,N,0700
US1TXAT0021,20121008,SNOW,0,,,N,0700
US1TXAT0021,20121009,SNOW,0,,,N,0700
US1TXAT0021,20121010,SNOW,0,,,N,0700
US1TXAT0021,20121011,SNOW,0,,,N,0700
US1TXAT0021,20121012,SNOW,0,,,N,0700
US1TXAT0021,20121014,SNOW,0,,,N,0700
US1TXAT0021,20121016,SNOW,0,,,N,0700
US1TXAT0021,20121018,SNOW,0,,,N,0700
US1TXAT0021,20121001,DAPR,4,,,N,0700
US1TXAT0021,20121001,MDPR,643,,,N,0700
US1TXAT0021,20121105,PRCP,0,,,N,0700
US1TXAT0021,20121106,PRCP,0,,,N,0700
US1TXAT0021,20121107,PRCP,0,,,N,0700
US1TXAT0021,20121108,PRCP,0,,,N,0700
US1TXAT0021,20121109,PRCP,0,,,N,0700
US1TXAT0021,20121110,PRCP,0,,,N,0700
US1TXAT0021,20121111,PRCP,0,,,N,0700
US1TXAT0021,20121112,PRCP,0,,,N,0700
US1TXAT0021,20121113,PRCP,0,,,N,0700
US1TXAT0021,20121114,PRCP,3,,,N,0700
US1TXAT0021,20121115,PRCP,0,,,N,0700
US1TXAT0021,20121116,PRCP,0,,,N,0700
US1TXAT0021,20121117,PRCP,0,,,N,0700
US1TXAT0021,20121118,PRCP,0,,,N,0700
US1TXAT0021,20121119,PRCP,0,,,N,0700
US1TXAT0021,20121120,PRCP,0,,,N,0700
US1TXAT0021,20121121,PRCP,0,,,N,0700
US1TXAT0021,20121122,PRCP,0,,,N,0700
US1TXAT0021,20121123,PRCP,0,,,N,0700
US1TXAT0021,20121124,PRCP,0,,,N,0700
US1TXAT0021,20121125,PRCP,0,,,N,0700
US1TXAT0021,20121126,PRCP,0,,,N,0700
US1TXAT0021,20121127,PRCP,18,,,N,0700
US1TXAT0021,20121128,PRCP,0,,,N,0700
US1TXAT0021,20121129,PRCP,0,,,N,0700
US1TXAT0021,20121130,PRCP,0,,,N,0700
US1TXAT0021,20121105,SNOW,0,,,N,0700
US1TXAT0021,20121106,SNOW,0,,,N,0700
US1TXAT0021,20121107,SNOW,0,,,N,0700
US1TXAT0021,20121108,SNOW,0,,,N,0700
US1TXAT0021,20121109,SNOW,0,,,N,0700
US1TXAT0021,20121110,SNOW,0,,,N,0700
US1TXAT0021,20121111,SNOW,0,,,N,0700
US1TXAT0021,20121112,SNOW,0,,,N,0700
US1TXAT0021,20121113,SNOW,0,,,N,0700
US1TXAT0021,20121115,SNOW,0,,,N,0700
US1TXAT0021,20121116,SNOW,0,,,N,0700
US1TXAT0021,20121117,SNOW,0,,,N,0700
US1TXAT0021,20121118,SNOW,0,,,N,0700
US1TXAT0021,20121119,SNOW,0,,,N,0700
US1TXAT0021,20121120,SNOW,0,,,N,0700
US1TXAT0021,20121121,SNOW,0,,,N,0700
US1TXAT0021,20121122,SNOW,0,,,N,0700
US1TXAT0021,20121123,SNOW,0,,,N,0700
US1TXAT0021,20121124,SNOW,0,,,N,0700
US1TXAT0021,20121125,SNOW,0,,,N,0700
US1TXAT0021,20121126,SNOW,0,,,N,0700
US1TXAT0021,20121128,SNOW,0,,,N,0700
US1TXAT0021,20121129,SNOW,0,,,N,0700
US1TXAT0021,20121130,SNOW,0,,,N,0700
US1TXAT0021,20121104,DAPR,17,,,N,1600
US1TXAT0021,20121104,MDPR,419,,,N,1600
US1TXAT0021,20121201,PRCP,0,,,N,0700
US1TXAT0021,20121202,PRCP,0,,,N,0700
US1TXAT0021,20121203,PRCP,0,,,N,0700
US1TXAT0021,20121204,PRCP,0,,,N,0700
US1TXAT0021,20121205,PRCP,3,,,N,0700
US1TXAT0021,20121206,PRCP,0,,,N,0700
US1TXAT0021,20121207,PRCP,0,,,N,0700
US1TXAT0021,20121208,PRCP,0,,,N,0700
US1TXAT0021,20121209,PRCP,0,,,N,0700
US1TXAT0021,20121210,PRCP,0,,,N,0700
US1TXAT0021,20121211,PRCP,0,,,N,0700
US1TXAT0021,20121212,PRCP,0,,,N,0700
US1TXAT0021,20121213,PRCP,0,,,N,0700
US1TXAT0021,20121214,PRCP,0,,,N,0700
US1TXAT0021,20121215,PRCP,3,,,N,0700
US1TXAT0021,20121216,PRCP,10,,,N,0700
US1TXAT0021,20121217,PRCP,3,,,N,0700
US1TXAT0021,20121218,PRCP,0,,,N,0700
US1TXAT0021,20121219,PRCP,0,,,N,0700
US1TXAT0021,20121220,PRCP,0,,,N,0700
US1TXAT0021,20121221,PRCP,0,,,N,0700
US1TXAT0021,20121222,PRCP,0,,,N,0700
US1TXAT0021,20121223,PRCP,0,,,N,0700
US1TXAT0021,20121224,PRCP,0,,,N,0700
US1TXAT0021,20121225,PRCP,0,,,N,0700
US1TXAT0021,20121226,PRCP,0,,,N,0700
US1TXAT0021,20121227,PRCP,0,,,N,0700
US1TXAT0021,20121228,PRCP,0,,,N,0700
US1TXAT0021,20121229,PRCP,0,,,N,0700
US1TXAT0021,20121230,PRCP,0,,,N,0700
US1TXAT0021,20121231,PRCP,8,,,N,0700
US1TXAT0021,20121201,SNOW,0,,,N,0700
US1TXAT0021,20121202,SNOW,0,,,N,0700
US1TXAT0021,20121203,SNOW,0,,,N,0700
US1TXAT0021,20121204,SNOW,0,,,N,0700
US1TXAT0021,20121206,SNOW,0,,,N,0700
US1TXAT0021,20121207,SNOW,0,,,N,0700
US1TXAT0021,20121208,SNOW,0,,,N,0700
US1TXAT0021,20121209,SNOW,0,,,N,0700
US1TXAT0021,20121210,SNOW,0,,,N,0700
US1TXAT0021,20121211,SNOW,0,,,N,0700
US1TXAT0021,20121212,SNOW,0,,,N,0700
US1TXAT0021,20121213,SNOW,0,,,N,0700
US1TXAT0021,20121214,SNOW,0,,,N,0700
US1TXAT0021,20121218,SNOW,0,,,N,0700
US1TXAT0021,20121219,SNOW,0,,,N,0700
US1TXAT0021,20121220,SNOW,0,,,N,0700
US1TXAT0021,20121221,SNOW,0,,,N,0700
US1TXAT0021,20121222,SNOW,0,,,N,0700
US1TXAT0021,20121223,SNOW,0,,,N,0700
US1TXAT0021,20121224,SNOW,0,,,N,0700
US1TXAT0021,20121225,SNOW,0,,,N,0700
US1TXAT0021,20121226,SNOW,0,,,N,0700
US1TXAT0021,20121227,SNOW,0,,,N,0700
US1TXAT0021,20121228,SNOW,0,,,N,0700
US1TXAT0021,20121229,SNOW,0,,,N,0700
US1TXAT0021,20121230,SNOW,0,,,N,0700
US1TXAT0021,20130101,PRCP,18,,,N,0700
US1TXAT0021,20130102,PRCP,0,T,,N,0700
US1TXAT0021,20130103,PRCP,0,,,N,0700
US1TXAT0021,20130104,PRCP,3,,,N,0700
US1TXAT0021,20130105,PRCP,51,,,N,0700
US1TXAT0021,20130106,PRCP,3,,,N,0700
US1TXAT0021,20130107,PRCP,0,,,N,0700
US1TXAT0021,20130108,PRCP,18,,,N,0700
US1TXAT0021,20130109,PRCP,892,,,N,0700
US1TXAT0021,20130110,PRCP,38,,,N,0700
US1TXAT0021,20130111,PRCP,0,,,N,0700
US1TXAT0021,20130112,PRCP,3,,,N,0700
US1TXAT0021,20130113,PRCP,0,,,N,0700
US1TXAT0021,20130114,PRCP,0,,,N,0700
US1TXAT0021,20130115,PRCP,5,,,N,0700
US1TXAT0021,20130116,PRCP,0,,,N,0700
US1TXAT0021,20130117,PRCP,0,,,N,0700
US1TXAT0021,20130118,PRCP,0,,,N,0700
US1TXAT0021,20130119,PRCP,0,,,N,0700
US1TXAT0021,20130120,PRCP,0,,,N,0700
US1TXAT0021,20130121,PRCP,0,,,N,0700
US1TXAT0021,20130122,PRCP,0,,,N,0700
US1TXAT0021,20130123,PRCP,0,,,N,0700
US1TXAT0021,20130124,PRCP,0,,,N,0700
US1TXAT0021,20130125,PRCP,0,,,N,0700
US1TXAT0021,20130126,PRCP,0,,,N,0700
US1TXAT0021,20130127,PRCP,0,,,N,0700
US1TXAT0021,20130128,PRCP,0,,,N,0700
US1TXAT0021,20130129,PRCP,0,,,N,0700
US1TXAT0021,20130130,PRCP,0,,,N,0700
US1TXAT0021,20130131,PRCP,0,,,N,0700
US1TXAT0021,20130103,SNOW,0,,,N,0700
US1TXAT0021,20130107,SNOW,0,,,N,0700
US1TXAT0021,20130111,SNOW,0,,,N,0700
US1TXAT0021,20130113,SNOW,0,,,N,0700
US1TXAT0021,20130114,SNOW,0,,,N,0700
US1TXAT0021,20130116,SNOW,0,,,N,0700
US1TXAT0021,20130117,SNOW,0,,,N,0700
US1TXAT0021,20130118,SNOW,0,,,N,0700
US1TXAT0021,20130119,SNOW,0,,,N,0700
US1TXAT0021,20130120,SNOW,0,,,N,0700
US1TXAT0021,20130121,SNOW,0,,,N,0700
US1TXAT0021,20130122,SNOW,0,,,N,0700
US1TXAT0021,20130123,SNOW,0,,,N,0700
US1TXAT0021,20130124,SNOW,0,,,N,0700
US1TXAT0021,20130125,SNOW,0,,,N,0700
US1TXAT0021,20130126,SNOW,0,,,N,0700
US1TXAT0021,20130127,SNOW,0,,,N,0700
US1TXAT0021,20130128,SNOW,0,,,N,0700
US1TXAT0021,20130129,SNOW,0,,,N,0700
US1TXAT0021,20130130,SNOW,0,,,N,0700
US1TXAT0021,20130131,SNOW,0,,,N,0700
US1TXAT0021,20130201,PRCP,0,,,N,0700
US1TXAT0021,20130202,PRCP,0,,,N,0700
US1TXAT0021,20130212,PRCP,3,,,N,0700
US1TXAT0021,20130213,PRCP,3,,,N,0700
US1TXAT0021,20130214,PRCP,0,,,N,0700
US1TXAT0021,20130215,PRCP,0,,,N,0700
US1TXAT0021,20130216,PRCP,0,,,N,0700
US1TXAT0021,20130217,PRCP,0,,,N,0700
US1TXAT0021,20130218,PRCP,0,,,N,0700
US1TXAT0021,20130219,PRCP,0,,,N,0700
US1TXAT0021,20130220,PRCP,8,,,N,0700
US1TXAT0021,20130221,PRCP,3,,,N,0700
US1TXAT0021,20130222,PRCP,0,,,N,0700
US1TXAT0021,20130223,PRCP,0,,,N,0700
US1TXAT0021,20130224,PRCP,0,,,N,0700
US1TXAT0021,20130225,PRCP,3,,,N,0700
US1TXAT0021,20130226,PRCP,0,,,N,0700
US1TXAT0021,20130227,PRCP,0,,,N,0700
US1TXAT0021,20130228,PRCP,0,,,N,0700
US1TXAT0021,20130201,SNOW,0,,,N,0700
US1TXAT0021,20130202,SNOW,0,,,N,0700
US1TXAT0021,20130214,SNOW,0,,,N,0700
US1TXAT0021,20130215,SNOW,0,,,N,0700
US1TXAT0021,20130216,SNOW,0,,,N,0700
US1TXAT0021,20130217,SNOW,0,,,N,0700
US1TXAT0021,20130218,SNOW,0,,,N,0700
US1TXAT0021,20130219,SNOW,0,,,N,0700
US1TXAT0021,20130222,SNOW,0,,,N,0700
US1TXAT0021,20130223,SNOW,0,,,N,0700
US1TXAT0021,20130224,SNOW,0,,,N,0700
US1TXAT0021,20130226,SNOW,0,,,N,0700
US1TXAT0021,20130227,SNOW,0,,,N,0700
US1TXAT0021,20130228,SNOW,0,,,N,0700
US1TXAT0021,20130211,DAPR,9,,,N,1800
US1TXAT0021,20130211,MDPR,198,,,N,1800
US1TXAT0021,20130301,PRCP,0,,,N,0700
US1TXAT0021,20130302,PRCP,0,,,N,0700
US1TXAT0021,20130303,PRCP,0,,,N,0700
US1TXAT0021,20130304,PRCP,0,,,N,0700
US1TXAT0021,20130305,PRCP,0,,,N,0700
US1TXAT0021,20130306,PRCP,0,,,N,0700
US1TXAT0021,20130307,PRCP,0,,,N,0700
US1TXAT0021,20130308,PRCP,0,,,N,0700
US1TXAT0021,20130309,PRCP,0,T,,N,0700
US1TXAT0021,20130310,PRCP,8,,,N,0700
US1TXAT0021,20130311,PRCP,0,,,N,0700
US1TXAT0021,20130312,PRCP,0,,,N,0700
US1TXAT0021,20130313,PRCP,0,,,N,0700
US1TXAT0021,20130314,PRCP,0,,,N,0700
US1TXAT0021,20130315,PRCP,0,,,N,0700
US1TXAT0021,20130316,PRCP,0,,,N,0700
US1TXAT0021,20130317,PRCP,0,,,N,0700
US1TXAT0021,20130318,PRCP,0,,,N,0700
US1TXAT0021,20130319,PRCP,0,,,N,0700
US1TXAT0021,20130320,PRCP,0,,,N,0700
US1TXAT0021,20130321,PRCP,0,,,N,0700
US1TXAT0021,20130322,PRCP,0,,,N,0700
US1TXAT0021,20130323,PRCP,0,,,N,0700
US1TXAT0021,20130324,PRCP,0,,,N,0700
US1TXAT0021,20130325,PRCP,0,,,N,0700
US1TXAT0021,20130326,PRCP,0,,,N,0700
US1TXAT0021,20130327,PRCP,0,,,N,0700
US1TXAT0021,20130328,PRCP,0,,,N,0700
US1TXAT0021,20130329,PRCP,0,,,N,0700
US1TXAT0021,20130330,PRCP,0,,,N,0700
US1TXAT0021,20130301,SNOW,0,,,N,0700
US1TXAT0021,20130302,SNOW,0,,,N,0700
US1TXAT0021,20130303,SNOW,0,,,N,0700
US1TXAT0021,20130304,SNOW,0,,,N,0700
US1TXAT0021,20130305,SNOW,0,,,N,0700
US1TXAT0021,20130306,SNOW,0,,,N,0700
US1TXAT0021,20130307,SNOW,0,,,N,0700
US1TXAT0021,20130308,SNOW,0,,,N,0700
US1TXAT0021,20130311,SNOW,0,,,N,0700
US1TXAT0021,20130312,SNOW,0,,,N,0700
US1TXAT0021,20130313,SNOW,0,,,N,0700
US1TXAT0021,20130314,SNOW,0,,,N,0700
US1TXAT0021,20130315,SNOW,0,,,N,0700
US1TXAT0021,20130316,SNOW,0,,,N,0700
US1TXAT0021,20130317,SNOW,0,,,N,0700
US1TXAT0021,20130318,SNOW,0,,,N,0700
US1TXAT0021,20130319,SNOW,0,,,N,0700
US1TXAT0021,20130320,SNOW,0,,,N,0700
US1TXAT0021,20130321,SNOW,0,,,N,0700
US1TXAT0021,20130322,SNOW,0,,,N,0700
US1TXAT0021,20130323,SNOW,0,,,N,0700
US1TXAT0021,20130324,SNOW,0,,,N,0700
US1TXAT0021,20130325,SNOW,0,,,N,0700
US1TXAT0021,20130326,SNOW,0,,,N,0700
US1TXAT0021,20130327,SNOW,0,,,N,0700
US1TXAT0021,20130328,SNOW,0,,,N,0700
US1TXAT0021,20130329,SNOW,0,,,N,0700
US1TXAT0021,20130330,SNOW,0,,,N,0700
US1TXAT0021,20130401,PRCP,0,,,N,0700
US1TXAT0021,20130402,PRCP,0,,,N,0700
US1TXAT0021,20130403,PRCP,69,,,N,0700
US1TXAT0021,20130404,PRCP,58,,,N,0700
US1TXAT0021,20130405,PRCP,0,,,N,0700
US1TXAT0021,20130406,PRCP,0,,,N,0700
US1TXAT0021,20130407,PRCP,0,,,N,0700
US1TXAT0021,20130408,PRCP,0,,,N,0700
US1TXAT0021,20130409,PRCP,0,,,N,0700
US1TXAT0021,20130410,PRCP,0,T,,N,0700
US1TXAT0021,20130411,PRCP,102,,,N,0700
US1TXAT0021,20130412,PRCP,0,,,N,0700
US1TXAT0021,20130413,PRCP,0,,,N,0700
US1TXAT0021,20130414,PRCP,0,,,N,0700
US1TXAT0021,20130415,PRCP,0,,,N,0700
US1TXAT0021,20130416,PRCP,0,,,N,0700
US1TXAT0021,20130417,PRCP,0,,,N,0700
US1TXAT0021,20130418,PRCP,0,,,N,0700
US1TXAT0021,20130419,PRCP,36,,,N,0700
US1TXAT0021,20130420,PRCP,0,,,N,0700
US1TXAT0021,20130421,PRCP,0,,,N,0700
US1TXAT0021,20130422,PRCP,0,,,N,0700
US1TXAT0021,20130423,PRCP,0,,,N,0700
US1TXAT0021,20130424,PRCP,8,,,N,0700
US1TXAT0021,20130426,PRCP,3,,,N,0700
US1TXAT0021,20130427,PRCP,3,,,N,0700
US1TXAT0021,20130428,PRCP,221,,,N,0700
US1TXAT0021,20130429,PRCP,0,,,N,0700
US1TXAT0021,20130430,PRCP,66,,,N,0700
US1TXAT0021,20130401,SNOW,0,,,N,0700
US1TXAT0021,20130402,SNOW,0,,,N,0700
US1TXAT0021,20130405,SNOW,0,,,N,0700
US1TXAT0021,20130406,SNOW,0,,,N,0700
US1TXAT0021,20130407,SNOW,0,,,N,0700
US1TXAT0021,20130408,SNOW,0,,,N,0700
US1TXAT0021,20130409,SNOW,0,,,N,0700
US1TXAT0021,20130412,SNOW,0,,,N,0700
US1TXAT0021,20130413,SNOW,0,,,N,0700
US1TXAT0021,20130414,SNOW,0,,,N,0700
US1TXAT0021,20130415,SNOW,0,,,N,0700
US1TXAT0021,20130416,SNOW,0,,,N,0700
US1TXAT0021,20130417,SNOW,0,,,N,0700
US1TXAT0021,20130418,SNOW,0,,,N,0700
US1TXAT0021,20130420,SNOW,0,,,N,0700
US1TXAT0021,20130421,SNOW,0,,,N,0700
US1TXAT0021,20130422,SNOW,0,,,N,0700
US1TXAT0021,20130423,SNOW,0,,,N,0700
US1TXAT0021,20130429,SNOW,0,,,N,0700
US1TXAT0021,20130508,PRCP,0,,,N,0700
US1TXAT0021,20130509,PRCP,0,,,N,0700
US1TXAT0021,20130510,PRCP,0,,,N,0700
US1TXAT0021,20130511,PRCP,18,,,N,0700
US1TXAT0021,20130512,PRCP,3,,,N,0700
US1TXAT0021,20130513,PRCP,0,,,N,0700
US1TXAT0021,20130514,PRCP,0,,,N,0700
US1TXAT0021,20130515,PRCP,0,T,,N,0700
US1TXAT0021,20130516,PRCP,0,,,N,0700
US1TXAT0021,20130517,PRCP,0,,,N,0700
US1TXAT0021,20130518,PRCP,0,,,N,0700
US1TXAT0021,20130519,PRCP,0,,,N,0700
US1TXAT0021,20130520,PRCP,0,,,N,0700
US1TXAT0021,20130521,PRCP,0,,,N,0700
US1TXAT0021,20130522,PRCP,0,,,N,0700
US1TXAT0021,20130523,PRCP,0,,,N,0700
US1TXAT0021,20130524,PRCP,0,,,N,0700
US1TXAT0021,20130525,PRCP,254,,,N,0700
US1TXAT0021,20130526,PRCP,66,,,N,0700
US1TXAT0021,20130527,PRCP,5,,,N,0700
US1TXAT0021,20130528,PRCP,0,,,N,0700
US1TXAT0021,20130529,PRCP,0,,,N,0700
US1TXAT0021,20130530,PRCP,0,,,N,0700
US1TXAT0021,20130508,SNOW,0,,,N,0700
US1TXAT0021,20130509,SNOW,0,,,N,0700
US1TXAT0021,20130510,SNOW,0,,,N,0700
US1TXAT0021,20130513,SNOW,0,,,N,0700
US1TXAT0021,20130514,SNOW,0,,,N,0700
US1TXAT0021,20130516,SNOW,0,,,N,0700
US1TXAT0021,20130517,SNOW,0,,,N,0700
US1TXAT0021,20130518,SNOW,0,,,N,0700
US1TXAT0021,20130519,SNOW,0,,,N,0700
US1TXAT0021,20130520,SNOW,0,,,N,0700
US1TXAT0021,20130521,SNOW,0,,,N,0700
US1TXAT0021,20130522,SNOW,0,,,N,0700
US1TXAT0021,20130523,SNOW,0,,,N,0700
US1TXAT0021,20130524,SNOW,0,,,N,0700
US1TXAT0021,20130528,SNOW,0,,,N,0700
US1TXAT0021,20130529,SNOW,0,,,N,0700
US1TXAT0021,20130530,SNOW,0,,,N,0700
US1TXAT0021,20130507,DAPR,7,,,N,1500
US1TXAT0021,20130507,MDPR,5,,,N,1500
US1TXAT0021,20130601,PRCP,0,,,N,0700
US1TXAT0021,20130602,PRCP,0,,,N,0700
US1TXAT0021,20130603,PRCP,99,,,N,0700
US1TXAT0021,20130604,PRCP,0,,,N,0700
US1TXAT0021,20130605,PRCP,0,,,N,0700
US1TXAT0021,20130606,PRCP,0,,,N,0700
US1TXAT0021,20130607,PRCP,0,,,N,0700
US1TXAT0021,20130608,PRCP,61,,,N,0700
US1TXAT0021,20130609,PRCP,0,,,N,0700
US1TXAT0021,20130610,PRCP,0,,,N,0700
US1TXAT0021,20130611,PRCP,0,,,N,0700
US1TXAT0021,20130612,PRCP,196,,,N,0700
US1TXAT0021,20130613,PRCP,41,,,N,0700
US1TXAT0021,20130614,PRCP,307,,,N,0700
US1TXAT0021,20130615,PRCP,107,,,N,0700
US1TXAT0021,20130616,PRCP,0,,,N,0700
US1TXAT0021,20130617,PRCP,0,,,N,0700
US1TXAT0021,20130618,PRCP,0,,,N,0700
US1TXAT0021,20130619,PRCP,0,,,N,0700
US1TXAT0021,20130620,PRCP,0,,,N,0700
US1TXAT0021,20130621,PRCP,0,,,N,0700
US1TXAT0021,20130622,PRCP,0,,,N,0700
US1TXAT0021,20130623,PRCP,0,,,N,0700
US1TXAT0021,20130624,PRCP,0,,,N,0700
US1TXAT0021,20130625,PRCP,0,,,N,0700
US1TXAT0021,20130626,PRCP,0,,,N,0700
US1TXAT0021,20130627,PRCP,0,,,N,0700
US1TXAT0021,20130628,PRCP,0,,,N,0700
US1TXAT0021,20130629,PRCP,0,,,N,0700
US1TXAT0021,20130630,PRCP,0,,,N,0700
US1TXAT0021,20130601,SNOW,0,,,N,0700
US1TXAT0021,20130602,SNOW,0,,,N,0700
US1TXAT0021,20130604,SNOW,0,,,N,0700
US1TXAT0021,20130605,SNOW,0,,,N,0700
US1TXAT0021,20130606,SNOW,0,,,N,0700
US1TXAT0021,20130607,SNOW,0,,,N,0700
US1TXAT0021,20130609,SNOW,0,,,N,0700
US1TXAT0021,20130610,SNOW,0,,,N,0700
US1TXAT0021,20130611,SNOW,0,,,N,0700
US1TXAT0021,20130616,SNOW,0,,,N,0700
US1TXAT0021,20130617,SNOW,0,,,N,0700
US1TXAT0021,20130618,SNOW,0,,,N,0700
US1TXAT0021,20130619,SNOW,0,,,N,0700
US1TXAT0021,20130620,SNOW,0,,,N,0700
US1TXAT0021,20130621,SNOW,0,,,N,0700
US1TXAT0021,20130622,SNOW,0,,,N,0700
US1TXAT0021,20130623,SNOW,0,,,N,0700
US1TXAT0021,20130624,SNOW,0,,,N,0700
US1TXAT0021,20130625,SNOW,0,,,N,0700
US1TXAT0021,20130626,SNOW,0,,,N,0700
US1TXAT0021,20130627,SNOW,0,,,N,0700
US1TXAT0021,20130628,SNOW,0,,,N,0700
US1TXAT0021,20130629,SNOW,0,,,N,0700
US1TXAT0021,20130630,SNOW,0,,,N,0700
US1TXAT0021,20130701,PRCP,358,,,N,0700
US1TXAT0021,20130702,PRCP,0,,,N,0700
US1TXAT0021,20130703,PRCP,0,,,N,0700
US1TXAT0021,20130704,PRCP,0,,,N,0700
US1TXAT0021,20130705,PRCP,0,,,N,0700
US1TXAT0021,20130706,PRCP,0,,,N,0700
US1TXAT0021,20130707,PRCP,0,,,N,0700
US1TXAT0021,20130708,PRCP,0,,,N,0700
US1TXAT0021,20130709,PRCP,0,,,N,0700
US1TXAT0021,20130710,PRCP,0,,,N,0700
US1TXAT0021,20130711,PRCP,0,,,N,0700
US1TXAT0021,20130712,PRCP,0,,,N,0700
US1TXAT0021,20130713,PRCP,0,,,N,0700
US1TXAT0021,20130714,PRCP,0,,,N,0700
US1TXAT0021,20130715,PRCP,0,,,N,0700
US1TXAT0021,20130716,PRCP,81,,,N,0700
US1TXAT0021,20130717,PRCP,28,,,N,0700
US1TXAT0021,20130718,PRCP,84,,,N,0700
US1TXAT0021,20130719,PRCP,25,,,N,0700
US1TXAT0021,20130720,PRCP,0,,,N,0700
US1TXAT0021,20130721,PRCP,0,,,N,0700
US1TXAT0021,20130722,PRCP,0,T,,N,0700
US1TXAT0021,20130723,PRCP,0,,,N,0700
US1TXAT0021,20130724,PRCP,0,,,N,0700
US1TXAT0021,20130725,PRCP,0,,,N,0700
US1TXAT0021,20130726,PRCP,0,,,N,0700
US1TXAT0021,20130727,PRCP,0,,,N,0700
US1TXAT0021,20130728,PRCP,0,,,N,0700
US1TXAT0021,20130729,PRCP,0,,,N,0700
US1TXAT0021,20130730,PRCP,0,,,N,0700
US1TXAT0021,20130731,PRCP,0,,,N,0700
US1TXAT0021,20130702,SNOW,0,,,N,0700
US1TXAT0021,20130703,SNOW,0,,,N,0700
US1TXAT0021,20130704,SNOW,0,,,N,0700
US1TXAT0021,20130705,SNOW,0,,,N,0700
US1TXAT0021,20130706,SNOW,0,,,N,0700
US1TXAT0021,20130707,SNOW,0,,,N,0700
US1TXAT0021,20130708,SNOW,0,,,N,0700
US1TXAT0021,20130709,SNOW,0,,,N,0700
US1TXAT0021,20130710,SNOW,0,,,N,0700
US1TXAT0021,20130711,SNOW,0,,,N,0700
US1TXAT0021,20130712,SNOW,0,,,N,0700
US1TXAT0021,20130713,SNOW,0,,,N,0700
US1TXAT0021,20130714,SNOW,0,,,N,0700
US1TXAT0021,20130715,SNOW,0,,,N,0700
US1TXAT0021,20130720,SNOW,0,,,N,0700
US1TXAT0021,20130721,SNOW,0,,,N,0700
US1TXAT0021,20130723,SNOW,0,,,N,0700
US1TXAT0021,20130724,SNOW,0,,,N,0700
US1TXAT0021,20130725,SNOW,0,,,N,0700
US1TXAT0021,20130726,SNOW,0,,,N,0700
US1TXAT0021,20130727,SNOW,0,,,N,0700
US1TXAT0021,20130728,SNOW,0,,,N,0700
US1TXAT0021,20130729,SNOW,0,,,N,0700
US1TXAT0021,20130730,SNOW,0,,,N,0700
US1TXAT0021,20130731,SNOW,0,,,N,0700
US1TXAT0021,20130801,PRCP,0,,,N,0700
US1TXAT0021,20130802,PRCP,0,,,N,0700
US1TXAT0021,20130803,PRCP,0,,,N,0700
US1TXAT0021,20130804,PRCP,0,,,N,0700
US1TXAT0021,20130805,PRCP,0,,,N,0700
US1TXAT0021,20130806,PRCP,0,,,N,0700
US1TXAT0021,20130807,PRCP,0,,,N,0700
US1TXAT0021,20130808,PRCP,0,,,N,0700
US1TXAT0021,20130809,PRCP,0,,,N,0700
US1TXAT0021,20130810,PRCP,0,,,N,0700
US1TXAT0021,20130811,PRCP,0,T,,N,0700
US1TXAT0021,20130812,PRCP,18,,,N,0700
US1TXAT0021,20130813,PRCP,0,,,N,0700
US1TXAT0021,20130814,PRCP,0,,,N,0700
US1TXAT0021,20130815,PRCP,0,,,N,0700
US1TXAT0021,20130816,PRCP,0,,,N,0700
US1TXAT0021,20130817,PRCP,0,,,N,0700
US1TXAT0021,20130818,PRCP,0,,,N,0700
US1TXAT0021,20130819,PRCP,0,,,N,0700
US1TXAT0021,20130820,PRCP,0,,,N,0700
US1TXAT0021,20130821,PRCP,0,T,,N,0700
US1TXAT0021,20130822,PRCP,10,,,N,0700
US1TXAT0021,20130823,PRCP,0,,,N,0700
US1TXAT0021,20130824,PRCP,3,,,N,0700
US1TXAT0021,20130825,PRCP,0,,,N,0700
US1TXAT0021,20130826,PRCP,33,,,N,0700
US1TXAT0021,20130827,PRCP,28,,,N,0700
US1TXAT0021,20130828,PRCP,0,,,N,0700
US1TXAT0021,20130829,PRCP,0,,,N,0700
US1TXAT0021,20130830,PRCP,0,,,N,0700
US1TXAT0021,20130831,PRCP,0,,,N,0700
US1TXAT0021,20130801,SNOW,0,,,N,0700
US1TXAT0021,20130802,SNOW,0,,,N,0700
US1TXAT0021,20130803,SNOW,0,,,N,0700
US1TXAT0021,20130804,SNOW,0,,,N,0700
US1TXAT0021,20130805,SNOW,0,,,N,0700
US1TXAT0021,20130806,SNOW,0,,,N,0700
US1TXAT0021,20130807,SNOW,0,,,N,0700
US1TXAT0021,20130808,SNOW,0,,,N,0700
US1TXAT0021,20130809,SNOW,0,,,N,0700
US1TXAT0021,20130810,SNOW,0,,,N,0700
US1TXAT0021,20130813,SNOW,0,,,N,0700
US1TXAT0021,20130814,SNOW,0,,,N,0700
US1TXAT0021,20130815,SNOW,0,,,N,0700
US1TXAT0021,20130816,SNOW,0,,,N,0700
US1TXAT0021,20130817,SNOW,0,,,N,0700
US1TXAT0021,20130818,SNOW,0,,,N,0700
US1TXAT0021,20130819,SNOW,0,,,N,0700
US1TXAT0021,20130820,SNOW,0,,,N,0700
US1TXAT0021,20130823,SNOW,0,,,N,0700
US1TXAT0021,20130825,SNOW,0,,,N,0700
US1TXAT0021,20130828,SNOW,0,,,N,0700
US1TXAT0021,20130829,SNOW,0,,,N,0700
US1TXAT0021,20130830,SNOW,0,,,N,0700
US1TXAT0021,20130831,SNOW,0,,,N,0700
US1TXAT0021,20130901,PRCP,0,,,N,0700
US1TXAT0021,20130902,PRCP,0,,,N,0700
US1TXAT0021,20130903,PRCP,0,,,N,0700
US1TXAT0021,20130904,PRCP,0,,,N,0700
US1TXAT0021,20130905,PRCP,3,,,N,0700
US1TXAT0021,20130906,PRCP,23,,,N,0700
US1TXAT0021,20130907,PRCP,0,T,,N,0700
US1TXAT0021,20130908,PRCP,0,T,,N,0700
US1TXAT0021,20130909,PRCP,5,,,N,0700
US1TXAT0021,20130910,PRCP,23,,,N,0700
US1TXAT0021,20130911,PRCP,20,,,N,0700
US1TXAT0021,20130912,PRCP,15,,,N,0700
US1TXAT0021,20130913,PRCP,0,,,N,0700
US1TXAT0021,20130914,PRCP,0,,,N,0700
US1TXAT0021,20130915,PRCP,0,,,N,0700
US1TXAT0021,20130916,PRCP,0,,,N,0700
US1TXAT0021,20130917,PRCP,41,,,N,0700
US1TXAT0021,20130918,PRCP,3,,,N,0700
US1TXAT0021,20130923,PRCP,0,,,N,0700
US1TXAT0021,20130924,PRCP,0,,,N,0700
US1TXAT0021,20130925,PRCP,0,,,N,0700
US1TXAT0021,20130926,PRCP,0,,,N,0700
US1TXAT0021,20130927,PRCP,0,,,N,0700
US1TXAT0021,20130928,PRCP,0,T,,N,0700
US1TXAT0021,20130929,PRCP,617,,,N,0700
US1TXAT0021,20130930,PRCP,0,,,N,0700
US1TXAT0021,20130901,SNOW,0,,,N,0700
US1TXAT0021,20130902,SNOW,0,,,N,0700
US1TXAT0021,20130903,SNOW,0,,,N,0700
US1TXAT0021,20130904,SNOW,0,,,N,0700
US1TXAT0021,20130913,SNOW,0,,,N,0700
US1TXAT0021,20130914,SNOW,0,,,N,0700
US1TXAT0021,20130915,SNOW,0,,,N,0700
US1TXAT0021,20130916,SNOW,0,,,N,0700
US1TXAT0021,20130923,SNOW,0,,,N,0700
US1TXAT0021,20130924,SNOW,0,,,N,0700
US1TXAT0021,20130925,SNOW,0,,,N,0700
US1TXAT0021,20130926,SNOW,0,,,N,0700
US1TXAT0021,20130927,SNOW,0,,,N,0700
US1TXAT0021,20130930,SNOW,0,,,N,0700
US1TXAT0021,20130922,DAPR,4,,,N,0700
US1TXAT0021,20130922,MDPR,18,,,N,0700
US1TXAT0021,20131001,PRCP,0,,,N,0700
US1TXAT0021,20131002,PRCP,0,,,N,0700
US1TXAT0021,20131003,PRCP,0,,,N,0700
US1TXAT0021,20131004,PRCP,0,,,N,0700
US1TXAT0021,20131005,PRCP,0,,,N,0700
US1TXAT0021,20131006,PRCP,434,,,N,1530
US1TXAT0021,20131007,PRCP,0,,,N,0700
US1TXAT0021,20131008,PRCP,0,,,N,0700
US1TXAT0021,20131009,PRCP,0,,,N,0700
US1TXAT0021,20131010,PRCP,0,,,N,0700
US1TXAT0021,20131011,PRCP,0,,,N,0700
US1TXAT0021,20131012,PRCP,0,,,N,0700
US1TXAT0021,20131013,PRCP,0,,,N,0700
US1TXAT0021,20131014,PRCP,345,,,N,0700
US1TXAT0021,20131015,PRCP,3,,,N,0700
US1TXAT0021,20131016,PRCP,13,,,N,0700
US1TXAT0021,20131017,PRCP,51,,,N,0700
US1TXAT0021,20131018,PRCP,0,,,N,0700
US1TXAT0021,20131019,PRCP,23,,,N,0700
US1TXAT0021,20131020,PRCP,0,,,N,0700
US1TXAT0021,20131021,PRCP,0,,,N,0700
US1TXAT0021,20131022,PRCP,0,,,N,0700
US1TXAT0021,20131023,PRCP,0,,,N,0700
US1TXAT0021,20131024,PRCP,0,,,N,0700
US1TXAT0021,20131025,PRCP,0,,,N,0700
US1TXAT0021,20131026,PRCP,0,,,N,0700
US1TXAT0021,20131027,PRCP,0,,,N,0700
US1TXAT0021,20131028,PRCP,0,,,N,0700
US1TXAT0021,20131029,PRCP,0,,,N,0700
US1TXAT0021,20131030,PRCP,0,,,N,0700
US1TXAT0021,20131031,PRCP,18,,,N,0700
US1TXAT0021,20131001,SNOW,0,,,N,0700
US1TXAT0021,20131002,SNOW,0,,,N,0700
US1TXAT0021,20131003,SNOW,0,,,N,0700
US1TXAT0021,20131004,SNOW,0,,,N,0700
US1TXAT0021,20131005,SNOW,0,,,N,0700
US1TXAT0021,20131007,SNOW,0,,,N,0700
US1TXAT0021,20131008,SNOW,0,,,N,0700
US1TXAT0021,20131009,SNOW,0,,,N,0700
US1TXAT0021,20131010,SNOW,0,,,N,0700
US1TXAT0021,20131011,SNOW,0,,,N,0700
US1TXAT0021,20131012,SNOW,0,,,N,0700
US1TXAT0021,20131013,SNOW,0,,,N,0700
US1TXAT0021,20131018,SNOW,0,,,N,0700
US1TXAT0021,20131020,SNOW,0,,,N,0700
US1TXAT0021,20131021,SNOW,0,,,N,0700
US1TXAT0021,20131022,SNOW,0,,,N,0700
US1TXAT0021,20131023,SNOW,0,,,N,0700
US1TXAT0021,20131024,SNOW,0,,,N,0700
US1TXAT0021,20131025,SNOW,0,,,N,0700
US1TXAT0021,20131026,SNOW,0,,,N,0700
US1TXAT0021,20131027,SNOW,0,,,N,0700
US1TXAT0021,20131028,SNOW,0,,,N,0700
US1TXAT0021,20131029,SNOW,0,,,N,0700
US1TXAT0021,20131030,SNOW,0,,,N,0700
US1TXAT0021,20131101,PRCP,8,,,N,0700
US1TXAT0021,20131102,PRCP,0,,,N,0700
US1TXAT0021,20131103,PRCP,0,,,N,0700
US1TXAT0021,20131104,PRCP,0,,,N,0700
US1TXAT0021,20131105,PRCP,0,,,N,0700
US1TXAT0021,20131106,PRCP,0,,,N,0700
US1TXAT0021,20131107,PRCP,0,,,N,0700
US1TXAT0021,20131108,PRCP,0,,,N,0700
US1TXAT0021,20131109,PRCP,3,,,N,0700
US1TXAT0021,20131110,PRCP,0,,,N,0700
US1TXAT0021,20131111,PRCP,0,,,N,0700
US1TXAT0021,20131112,PRCP,0,,,N,0700
US1TXAT0021,20131113,PRCP,0,,,N,0700
US1TXAT0021,20131114,PRCP,0,,,N,0700
US1TXAT0021,20131115,PRCP,0,,,N,0700
US1TXAT0021,20131116,PRCP,0,,,N,0700
US1TXAT0021,20131117,PRCP,0,,,N,0700
US1TXAT0021,20131118,PRCP,0,T,,N,0700
US1TXAT0021,20131119,PRCP,0,,,N,0700
US1TXAT0021,20131120,PRCP,0,,,N,0700
US1TXAT0021,20131121,PRCP,5,,,N,0700
US1TXAT0021,20131122,PRCP,51,,,N,0700
US1TXAT0021,20131123,PRCP,8,,,N,0700
US1TXAT0021,20131124,PRCP,36,,,N,0700
US1TXAT0021,20131125,PRCP,150,,,N,0700
US1TXAT0021,20131126,PRCP,25,,,N,0700
US1TXAT0021,20131128,PRCP,0,,,N,0700
US1TXAT0021,20131129,PRCP,0,,,N,0700
US1TXAT0021,20131102,SNOW,0,,,N,0700
US1TXAT0021,20131103,SNOW,0,,,N,0700
US1TXAT0021,20131104,SNOW,0,,,N,0700
US1TXAT0021,20131105,SNOW,0,,,N,0700
US1TXAT0021,20131106,SNOW,0,,,N,0700
US1TXAT0021,20131107,SNOW,0,,,N,0700
US1TXAT0021,20131108,SNOW,0,,,N,0700
US1TXAT0021,20131110,SNOW,0,,,N,0700
US1TXAT0021,20131111,SNOW,0,,,N,0700
US1TXAT0021,20131112,SNOW,0,,,N,0700
US1TXAT0021,20131113,SNOW,0,,,N,0700
US1TXAT0021,20131114,SNOW,0,,,N,0700
US1TXAT0021,20131115,SNOW,0,,,N,0700
US1TXAT0021,20131116,SNOW,0,,,N,0700
US1TXAT0021,20131117,SNOW,0,,,N,0700
US1TXAT0021,20131119,SNOW,0,,,N,0700
US1TXAT0021,20131120,SNOW,0,,,N,0700
US1TXAT0021,20131128,SNOW,0,,,N,0700
US1TXAT0021,20131129,SNOW,0,,,N,0700
US1TXAT0021,20131201,PRCP,0,T,,N,0700
US1TXAT0021,20131202,PRCP,0,,,N,0700
US1TXAT0021,20131203,PRCP,0,,,N,0700
US1TXAT0021,20131204,PRCP,3,,,N,0700
US1TXAT0021,20131205,PRCP,3,,,N,0700
US1TXAT0021,20131206,PRCP,13,,,N,0700
US1TXAT0021,20131207,PRCP,0,,,N,0700
US1TXAT0021,20131208,PRCP,0,,,N,0700
US1TXAT0021,20131209,PRCP,0,T,,N,0700
US1TXAT0021,20131210,PRCP,10,,,N,0700
US1TXAT0021,20131211,PRCP,0,,,N,0700
US1TXAT0021,20131212,PRCP,0,,,N,0700
US1TXAT0021,20131213,PRCP,0,,,N,0700
US1TXAT0021,20131214,PRCP,3,,,N,0700
US1TXAT0021,20131215,PRCP,0,,,N,0700
US1TXAT0021,20131216,PRCP,0,,,N,0700
US1TXAT0021,20131217,PRCP,0,,,N,0700
US1TXAT0021,20131218,PRCP,0,,,N,0700
US1TXAT0021,20131219,PRCP,0,,,N,0700
US1TXAT0021,20131220,PRCP,0,,,N,0700
US1TXAT0021,20131221,PRCP,0,,,N,0700
US1TXAT0021,20131222,PRCP,51,,,N,0700
US1TXAT0021,20131223,PRCP,0,,,N,0700
US1TXAT0021,20131224,PRCP,0,,,N,0700
US1TXAT0021,20131225,PRCP,0,,,N,0700
US1TXAT0021,20131226,PRCP,0,T,,N,0700
US1TXAT0021,20131227,PRCP,81,,,N,0700
US1TXAT0021,20131228,PRCP,56,,,N,0700
US1TXAT0021,20131229,PRCP,5,,,N,0700
US1TXAT0021,20131231,PRCP,0,,,N,0700
US1TXAT0021,20131202,SNOW,0,,,N,0700
US1TXAT0021,20131203,SNOW,0,,,N,0700
US1TXAT0021,20131207,SNOW,0,,,N,0700
US1TXAT0021,20131208,SNOW,0,,,N,0700
US1TXAT0021,20131211,SNOW,0,,,N,0700
US1TXAT0021,20131212,SNOW,0,,,N,0700
US1TXAT0021,20131213,SNOW,0,,,N,0700
US1TXAT0021,20131215,SNOW,0,,,N,0700
US1TXAT0021,20131216,SNOW,0,,,N,0700
US1TXAT0021,20131217,SNOW,0,,,N,0700
US1TXAT0021,20131218,SNOW,0,,,N,0700
US1TXAT0021,20131219,SNOW,0,,,N,0700
US1TXAT0021,20131220,SNOW,0,,,N,0700
US1TXAT0021,20131221,SNOW,0,,,N,0700
US1TXAT0021,20131223,SNOW,0,,,N,0700
US1TXAT0021,20131224,SNOW,0,,,N,0700
US1TXAT0021,20131225,SNOW,0,,,N,0700
US1TXAT0021,20131231,SNOW,0,,,N,0700
US1TXAT0021,20140101,PRCP,0,,,N,0700
US1TXAT0021,20140102,PRCP,0,,,N,0700
US1TXAT0021,20140103,PRCP,0,,,N,0700
US1TXAT0021,20140104,PRCP,0,,,N,0700
US1TXAT0021,20140105,PRCP,0,,,N,0700
US1TXAT0021,20140106,PRCP,0,,,N,0700
US1TXAT0021,20140107,PRCP,0,,,N,0700
US1TXAT0021,20140108,PRCP,8,,,N,0700
US1TXAT0021,20140109,PRCP,5,,,N,0700
US1TXAT0021,20140110,PRCP,3,,,N,0700
US1TXAT0021,20140111,PRCP,0,,,N,0700
US1TXAT0021,20140112,PRCP,0,,,N,0700
US1TXAT0021,20140113,PRCP,3,,,N,0700
US1TXAT0021,20140114,PRCP,0,,,N,0700
US1TXAT0021,20140115,PRCP,0,,,N,0700
US1TXAT0021,20140116,PRCP,0,,,N,0700
US1TXAT0021,20140117,PRCP,0,,,N,0700
US1TXAT0021,20140118,PRCP,0,,,N,0700
US1TXAT0021,20140119,PRCP,0,,,N,0700
US1TXAT0021,20140120,PRCP,0,,,N,0700
US1TXAT0021,20140121,PRCP,0,,,N,0700
US1TXAT0021,20140122,PRCP,0,,,N,0700
US1TXAT0021,20140123,PRCP,0,,,N,0700
US1TXAT0021,20140124,PRCP,36,,,N,0700
US1TXAT0021,20140125,PRCP,0,,,N,0700
US1TXAT0021,20140126,PRCP,0,,,N,0700
US1TXAT0021,20140127,PRCP,0,,,N,0700
US1TXAT0021,20140128,PRCP,0,,,N,0700
US1TXAT0021,20140129,PRCP,0,T,,N,0700
US1TXAT0021,20140130,PRCP,0,,,N,0700
US1TXAT0021,20140131,PRCP,0,,,N,0700
US1TXAT0021,20140101,SNOW,0,,,N,0700
US1TXAT0021,20140102,SNOW,0,,,N,0700
US1TXAT0021,20140103,SNOW,0,,,N,0700
US1TXAT0021,20140104,SNOW,0,,,N,0700
US1TXAT0021,20140105,SNOW,0,,,N,0700
US1TXAT0021,20140106,SNOW,0,,,N,0700
US1TXAT0021,20140107,SNOW,0,,,N,0700
US1TXAT0021,20140111,SNOW,0,,,N,0700
US1TXAT0021,20140112,SNOW,0,,,N,0700
US1TXAT0021,20140114,SNOW,0,,,N,0700
US1TXAT0021,20140115,SNOW,0,,,N,0700
US1TXAT0021,20140116,SNOW,0,,,N,0700
US1TXAT0021,20140117,SNOW,0,,,N,0700
US1TXAT0021,20140118,SNOW,0,,,N,0700
US1TXAT0021,20140119,SNOW,0,,,N,0700
US1TXAT0021,20140120,SNOW,0,,,N,0700
US1TXAT0021,20140121,SNOW,0,,,N,0700
US1TXAT0021,20140122,SNOW,0,,,N,0700
US1TXAT0021,20140123,SNOW,0,,,N,0700
US1TXAT0021,20140125,SNOW,0,,,N,0700
US1TXAT0021,20140126,SNOW,0,,,N,0700
US1TXAT0021,20140127,SNOW,0,,,N,0700
US1TXAT0021,20140128,SNOW,0,,,N,0700
US1TXAT0021,20140130,SNOW,0,,,N,0700
US1TXAT0021,20140131,SNOW,0,,,N,0700
US1TXAT0021,20140201,PRCP,0,,,N,0700
US1TXAT0021,20140223,PRCP,0,,,N,0700
US1TXAT0021,20140224,PRCP,0,,,N,0700
US1TXAT0021,20140225,PRCP,0,,,N,0700
US1TXAT0021,20140226,PRCP,5,,,N,0700
US1TXAT0021,20140227,PRCP,23,,,N,0700
US1TXAT0021,20140228,PRCP,0,,,N,0700
US1TXAT0021,20140201,SNOW,0,,,N,0700
US1TXAT0021,20140223,SNOW,0,,,N,0700
US1TXAT0021,20140224,SNOW,0,,,N,0700
US1TXAT0021,20140225,SNOW,0,,,N,0700
US1TXAT0021,20140228,SNOW,0,,,N,0700
US1TXAT0021,20140222,DAPR,21,,,N,0700
US1TXAT0021,20140222,MDPR,74,,,N,0700
US1TXAT0021,20140301,PRCP,3,,,N,0700
US1TXAT0021,20140302,PRCP,0,,,N,0700
US1TXAT0021,20140303,PRCP,0,T,,N,0700
US1TXAT0021,20140304,PRCP,3,,,N,0700
US1TXAT0021,20140305,PRCP,0,,,N,0700
US1TXAT0021,20140306,PRCP,0,,,N,0700
US1TXAT0021,20140307,PRCP,0,,,N,0700
US1TXAT0021,20140308,PRCP,0,,,N,0700
US1TXAT0021,20140309,PRCP,43,,,N,0700
US1TXAT0021,20140310,PRCP,5,,,N,0700
US1TXAT0021,20140311,PRCP,81,,,N,0700
US1TXAT0021,20140312,PRCP,0,,,N,0700
US1TXAT0021,20140313,PRCP,0,,,N,0700
US1TXAT0021,20140314,PRCP,0,,,N,0700
US1TXAT0021,20140315,PRCP,0,,,N,0700
US1TXAT0021,20140316,PRCP,36,,,N,0700
US1TXAT0021,20140317,PRCP,3,,,N,0700
US1TXAT0021,20140318,PRCP,0,,,N,0700
US1TXAT0021,20140319,PRCP,0,,,N,0700
US1TXAT0021,20140320,PRCP,0,,,N,0700
US1TXAT0021,20140321,PRCP,0,,,N,0700
US1TXAT0021,20140323,PRCP,0,T,,N,0700
US1TXAT0021,20140324,PRCP,5,,,N,0700
US1TXAT0021,20140325,PRCP,3,,,N,0700
US1TXAT0021,20140326,PRCP,0,,,N,0700
US1TXAT0021,20140327,PRCP,84,,,N,0700
US1TXAT0021,20140328,PRCP,5,,,N,0700
US1TXAT0021,20140302,SNOW,0,,,N,0700
US1TXAT0021,20140305,SNOW,0,,,N,0700
US1TXAT0021,20140306,SNOW,0,,,N,0700
US1TXAT0021,20140307,SNOW,0,,,N,0700
US1TXAT0021,20140308,SNOW,0,,,N,0700
US1TXAT0021,20140312,SNOW,0,,,N,0700
US1TXAT0021,20140313,SNOW,0,,,N,0700
US1TXAT0021,20140314,SNOW,0,,,N,0700
US1TXAT0021,20140315,SNOW,0,,,N,0700
US1TXAT0021,20140318,SNOW,0,,,N,0700
US1TXAT0021,20140319,SNOW,0,,,N,0700
US1TXAT0021,20140320,SNOW,0,,,N,0700
US1TXAT0021,20140321,SNOW,0,,,N,0700
US1TXAT0021,20140326,SNOW,0,,,N,0700
US1TXAT0021,20140401,PRCP,0,,,N,0700
US1TXAT0021,20140402,PRCP,3,,,N,0700
US1TXAT0021,20140403,PRCP,0,,,N,0700
US1TXAT0021,20140404,PRCP,81,,,N,0700
US1TXAT0021,20140405,PRCP,0,,,N,0700
US1TXAT0021,20140406,PRCP,15,,,N,0700
US1TXAT0021,20140407,PRCP,8,,,N,0700
US1TXAT0021,20140408,PRCP,8,,,N,0700
US1TXAT0021,20140409,PRCP,0,,,N,0700
US1TXAT0021,20140410,PRCP,0,,,N,0700
US1TXAT0021,20140411,PRCP,0,,,N,0700
US1TXAT0021,20140412,PRCP,0,,,N,0700
US1TXAT0021,20140413,PRCP,0,,,N,0700
US1TXAT0021,20140414,PRCP,0,,,N,0700
US1TXAT0021,20140415,PRCP,66,,,N,0700
US1TXAT0021,20140416,PRCP,0,,,N,0700
US1TXAT0021,20140417,PRCP,0,,,N,0700
US1TXAT0021,20140422,PRCP,0,,,N,0700
US1TXAT0021,20140425,PRCP,0,T,,N,0700
US1TXAT0021,20140401,SNOW,0,,,N,0700
US1TXAT0021,20140403,SNOW,0,,,N,0700
US1TXAT0021,20140405,SNOW,0,,,N,0700
US1TXAT0021,20140409,SNOW,0,,,N,0700
US1TXAT0021,20140410,SNOW,0,,,N,0700
US1TXAT0021,20140411,SNOW,0,,,N,0700
US1TXAT0021,20140412,SNOW,0,,,N,0700
US1TXAT0021,20140413,SNOW,0,,,N,0700
US1TXAT0021,20140414,SNOW,0,,,N,0700
US1TXAT0021,20140416,SNOW,0,,,N,0700
US1TXAT0021,20140417,SNOW,0,,,N,0700
US1TXAT0021,20140422,SNOW,0,,,N,0700
US1TXAT0021,20140501,PRCP,0,,,N,0700
US1TXAT0021,20140502,PRCP,0,,,N,0700
US1TXAT0021,20140503,PRCP,0,,,N,0700
US1TXAT0021,20140504,PRCP,0,,,N,0700
US1TXAT0021,20140505,PRCP,0,,,N,0700
US1TXAT0021,20140506,PRCP,0,,,N,0700
US1TXAT0021,20140507,PRCP,0,,,N,0700
US1TXAT0021,20140508,PRCP,5,,,N,0700
US1TXAT0021,20140509,PRCP,262,,,N,0700
US1TXAT0021,20140510,PRCP,114,,,N,0700
US1TXAT0021,20140511,PRCP,0,,,N,0700
US1TXAT0021,20140512,PRCP,0,,,N,0700
US1TXAT0021,20140513,PRCP,437,,,N,0700
US1TXAT0021,20140514,PRCP,30,,,N,0700
US1TXAT0021,20140515,PRCP,0,,,N,0700
US1TXAT0021,20140516,PRCP,0,,,N,0700
US1TXAT0021,20140517,PRCP,0,,,N,0700
US1TXAT0021,20140518,PRCP,0,,,N,0700
US1TXAT0021,20140519,PRCP,0,,,N,0700
US1TXAT0021,20140520,PRCP,0,,,N,0700
US1TXAT0021,20140521,PRCP,0,,,N,0700
US1TXAT0021,20140522,PRCP,0,,,N,0700
US1TXAT0021,20140523,PRCP,0,,,N,0700
US1TXAT0021,20140524,PRCP,5,,,N,0700
US1TXAT0021,20140525,PRCP,20,,,N,0700
US1TXAT0021,20140526,PRCP,632,,,N,0700
US1TXAT0021,20140527,PRCP,401,,,N,0700
US1TXAT0021,20140528,PRCP,8,,,N,0700
US1TXAT0021,20140529,PRCP,0,,,N,0700
US1TXAT0021,20140530,PRCP,0,,,N,0700
US1TXAT0021,20140531,PRCP,0,,,N,0700
US1TXAT0021,20140501,SNOW,0,,,N,0700
US1TXAT0021,20140502,SNOW,0,,,N,0700
US1TXAT0021,20140503,SNOW,0,,,N,0700
US1TXAT0021,20140504,SNOW,0,,,N,0700
US1TXAT0021,20140505,SNOW,0,,,N,0700
US1TXAT0021,20140506,SNOW,0,,,N,0700
US1TXAT0021,20140507,SNOW,0,,,N,0700
US1TXAT0021,20140511,SNOW,0,,,N,0700
US1TXAT0021,20140512,SNOW,0,,,N,0700
US1TXAT0021,20140515,SNOW,0,,,N,0700
US1TXAT0021,20140516,SNOW,0,,,N,0700
US1TXAT0021,20140517,SNOW,0,,,N,0700
US1TXAT0021,20140518,SNOW,0,,,N,0700
US1TXAT0021,20140519,SNOW,0,,,N,0700
US1TXAT0021,20140520,SNOW,0,,,N,0700
US1TXAT0021,20140521,SNOW,0,,,N,0700
US1TXAT0021,20140522,SNOW,0,,,N,0700
US1TXAT0021,20140523,SNOW,0,,,N,0700
US1TXAT0021,20140529,SNOW,0,,,N,0700
US1TXAT0021,20140530,SNOW,0,,,N,0700
US1TXAT0021,20140531,SNOW,0,,,N,0700
US1TXAT0021,20140601,PRCP,0,,,N,0700
US1TXAT0021,20140602,PRCP,0,,,N,0700
US1TXAT0021,20140603,PRCP,0,,,N,0700
US1TXAT0021,20140604,PRCP,0,,,N,0700
US1TXAT0021,20140605,PRCP,0,,,N,0700
US1TXAT0021,20140606,PRCP,0,,,N,0700
US1TXAT0021,20140607,PRCP,0,,,N,0700
US1TXAT0021,20140608,PRCP,0,,,N,0700
US1TXAT0021,20140609,PRCP,28,,,N,0700
US1TXAT0021,20140610,PRCP,0,T,,N,0700
US1TXAT0021,20140611,PRCP,0,,,N,0700
US1TXAT0021,20140612,PRCP,0,,,N,0700
US1TXAT0021,20140613,PRCP,8,,,N,0700
US1TXAT0021,20140614,PRCP,0,,,N,0700
US1TXAT0021,20140615,PRCP,0,,,N,0700
US1TXAT0021,20140616,PRCP,0,,,N,0700
US1TXAT0021,20140617,PRCP,0,,,N,0700
US1TXAT0021,20140618,PRCP,0,,,N,0700
US1TXAT0021,20140619,PRCP,0,T,,N,0700
US1TXAT0021,20140620,PRCP,0,,,N,0700
US1TXAT0021,20140621,PRCP,0,,,N,0700
US1TXAT0021,20140622,PRCP,0,,,N,0700
US1TXAT0021,20140623,PRCP,0,,,N,0700
US1TXAT0021,20140624,PRCP,0,,,N,0700
US1TXAT0021,20140625,PRCP,94,,,N,0700
US1TXAT0021,20140626,PRCP,43,,,N,0700
US1TXAT0021,20140627,PRCP,3,,,N,0700
US1TXAT0021,20140601,SNOW,0,,,N,0700
US1TXAT0021,20140602,SNOW,0,,,N,0700
US1TXAT0021,20140603,SNOW,0,,,N,0700
US1TXAT0021,20140604,SNOW,0,,,N,0700
US1TXAT0021,20140605,SNOW,0,,,N,0700
US1TXAT0021,20140606,SNOW,0,,,N,0700
US1TXAT0021,20140607,SNOW,0,,,N,0700
US1TXAT0021,20140608,SNOW,0,,,N,0700
US1TXAT0021,20140611,SNOW,0,,,N,0700
US1TXAT0021,20140612,SNOW,0,,,N,0700
US1TXAT0021,20140614,SNOW,0,,,N,0700
US1TXAT0021,20140615,SNOW,0,,,N,0700
US1TXAT0021,20140616,SNOW,0,,,N,0700
US1TXAT0021,20140617,SNOW,0,,,N,0700
US1TXAT0021,20140618,SNOW,0,,,N,0700
US1TXAT0021,20140620,SNOW,0,,,N,0700
US1TXAT0021,20140621,SNOW,0,,,N,0700
US1TXAT0021,20140622,SNOW,0,,,N,0700
US1TXAT0021,20140623,SNOW,0,,,N,0700
US1TXAT0021,20140624,SNOW,0,,,N,0700
US1TXAT0021,20140701,PRCP,0,,,N,0700
US1TXAT0021,20140702,PRCP,0,,,N,0700
US1TXAT0021,20140703,PRCP,0,,,N,0700
US1TXAT0021,20140704,PRCP,0,,,N,0700
US1TXAT0021,20140705,PRCP,0,,,N,0700
US1TXAT0021,20140706,PRCP,0,,,N,0700
US1TXAT0021,20140707,PRCP,0,,,N,0700
US1TXAT0021,20140708,PRCP,0,,,N,0700
US1TXAT0021,20140709,PRCP,15,,,N,0700
US1TXAT0021,20140710,PRCP,0,T,,N,0700
US1TXAT0021,20140711,PRCP,0,,,N,0700
US1TXAT0021,20140712,PRCP,0,,,N,0700
US1TXAT0021,20140713,PRCP,0,,,N,0700
US1TXAT0021,20140714,PRCP,0,,,N,0700
US1TXAT0021,20140715,PRCP,0,,,N,0700
US1TXAT0021,20140716,PRCP,0,,,N,0700
US1TXAT0021,20140717,PRCP,0,,,N,0700
US1TXAT0021,20140718,PRCP,470,,,N,0700
US1TXAT0021,20140719,PRCP,8,,,N,0700
US1TXAT0021,20140720,PRCP,0,,,N,0700
US1TXAT0021,20140721,PRCP,0,,,N,0700
US1TXAT0021,20140722,PRCP,0,,,N,0700
US1TXAT0021,20140723,PRCP,0,,,N,0700
US1TXAT0021,20140724,PRCP,0,,,N,0700
US1TXAT0021,20140725,PRCP,0,,,N,0700
US1TXAT0021,20140726,PRCP,0,,,N,0700
US1TXAT0021,20140727,PRCP,0,,,N,0700
US1TXAT0021,20140728,PRCP,0,,,N,0700
US1TXAT0021,20140729,PRCP,0,,,N,0700
US1TXAT0021,20140730,PRCP,0,,,N,0700
US1TXAT0021,20140731,PRCP,0,,,N,0700
US1TXAT0021,20140701,SNOW,0,,,N,0700
US1TXAT0021,20140702,SNOW,0,,,N,0700
US1TXAT0021,20140703,SNOW,0,,,N,0700
US1TXAT0021,20140704,SNOW,0,,,N,0700
US1TXAT0021,20140705,SNOW,0,,,N,0700
US1TXAT0021,20140706,SNOW,0,,,N,0700
US1TXAT0021,20140707,SNOW,0,,,N,0700
US1TXAT0021,20140708,SNOW,0,,,N,0700
US1TXAT0021,20140711,SNOW,0,,,N,0700
US1TXAT0021,20140712,SNOW,0,,,N,0700
US1TXAT0021,20140713,SNOW,0,,,N,0700
US1TXAT0021,20140714,SNOW,0,,,N,0700
US1TXAT0021,20140715,SNOW,0,,,N,0700
US1TXAT0021,20140716,SNOW,0,,,N,0700
US1TXAT0021,20140717,SNOW,0,,,N,0700
US1TXAT0021,20140720,SNOW,0,,,N,0700
US1TXAT0021,20140721,SNOW,0,,,N,0700
US1TXAT0021,20140722,SNOW,0,,,N,0700
US1TXAT0021,20140723,SNOW,0,,,N,0700
US1TXAT0021,20140724,SNOW,0,,,N,0700
US1TXAT0021,20140725,SNOW,0,,,N,0700
US1TXAT0021,20140726,SNOW,0,,,N,0700
US1TXAT0021,20140727,SNOW,0,,,N,0700
US1TXAT0021,20140728,SNOW,0,,,N,0700
US1TXAT0021,20140729,SNOW,0,,,N,0700
US1TXAT0021,20140730,SNOW,0,,,N,0700
US1TXAT0021,20140731,SNOW,0,,,N,0700
US1TXAT0021,20140801,PRCP,0,,,N,0700
US1TXAT0021,20140802,PRCP,0,,,N,0700
US1TXAT0021,20140803,PRCP,0,,,N,0700
US1TXAT0021,20140804,PRCP,0,,,N,0700
US1TXAT0021,20140805,PRCP,0,,,N,0700
US1TXAT0021,20140806,PRCP,0,,,N,0700
US1TXAT0021,20140807,PRCP,0,,,N,0700
US1TXAT0021,20140808,PRCP,0,,,N,0700
US1TXAT0021,20140809,PRCP,0,,,N,0700
US1TXAT0021,20140810,PRCP,0,,,N,0700
US1TXAT0021,20140811,PRCP,0,,,N,0700
US1TXAT0021,20140812,PRCP,0,,,N,0700
US1TXAT0021,20140813,PRCP,8,,,N,0700
US1TXAT0021,20140814,PRCP,0,,,N,0700
US1TXAT0021,20140815,PRCP,0,,,N,0700
US1TXAT0021,20140816,PRCP,0,,,N,0700
US1TXAT0021,20140817,PRCP,0,,,N,0700
US1TXAT0021,20140819,PRCP,0,,,N,0700
US1TXAT0021,20140820,PRCP,0,,,N,0700
US1TXAT0021,20140801,SNOW,0,,,N,0700
US1TXAT0021,20140802,SNOW,0,,,N,0700
US1TXAT0021,20140803,SNOW,0,,,N,0700
US1TXAT0021,20140804,SNOW,0,,,N,0700
US1TXAT0021,20140805,SNOW,0,,,N,0700
US1TXAT0021,20140806,SNOW,0,,,N,0700
US1TXAT0021,20140807,SNOW,0,,,N,0700
US1TXAT0021,20140808,SNOW,0,,,N,0700
US1TXAT0021,20140809,SNOW,0,,,N,0700
US1TXAT0021,20140810,SNOW,0,,,N,0700
US1TXAT0021,20140811,SNOW,0,,,N,0700
US1TXAT0021,20140812,SNOW,0,,,N,0700
US1TXAT0021,20140814,SNOW,0,,,N,0700
US1TXAT0021,20140815,SNOW,0,,,N,0700
US1TXAT0021,20140816,SNOW,0,,,N,0700
US1TXAT0021,20140817,SNOW,0,,,N,0700
US1TXAT0021,20140819,SNOW,0,,,N,0700
US1TXAT0021,20140820,SNOW,0,,,N,0700
US1TXAT0021,20140901,PRCP,3,,,N,0700
US1TXAT0021,20140902,PRCP,0,,,N,0700
US1TXAT0021,20140903,PRCP,0,,,N,0700
US1TXAT0021,20140904,PRCP,5,,,N,0700
US1TXAT0021,20140905,PRCP,124,,,N,0700
US1TXAT0021,20140906,PRCP,3,,,N,0700
US1TXAT0021,20140907,PRCP,0,,,N,0700
US1TXAT0021,20140908,PRCP,3,,,N,0700
US1TXAT0021,20140909,PRCP,0,,,N,0700
US1TXAT0021,20140910,PRCP,0,,,N,0700
US1TXAT0021,20140911,PRCP,0,,,N,0700
US1TXAT0021,20140912,PRCP,8,,,N,0700
US1TXAT0021,20140913,PRCP,15,,,N,0700
US1TXAT0021,20140914,PRCP,0,,,N,0700
US1TXAT0021,20140915,PRCP,0,,,N,0700
US1TXAT0021,20140916,PRCP,0,,,N,0700
US1TXAT0021,20140917,PRCP,25,,,N,0700
US1TXAT0021,20140918,PRCP,3,,,N,0700
US1TXAT0021,20140919,PRCP,13,,,N,0700
US1TXAT0021,20140920,PRCP,0,,,N,0700
US1TXAT0021,20140921,PRCP,0,T,,N,0700
US1TXAT0021,20140922,PRCP,0,,,N,0700
US1TXAT0021,20140923,PRCP,0,,,N,0700
US1TXAT0021,20140924,PRCP,0,,,N,0700
US1TXAT0021,20140925,PRCP,0,,,N,0700
US1TXAT0021,20140926,PRCP,0,,,N,0700
US1TXAT0021,20140927,PRCP,305,,,N,0700
US1TXAT0021,20140928,PRCP,76,,,N,0700
US1TXAT0021,20140929,PRCP,0,,,N,0700
US1TXAT0021,20140930,PRCP,0,,,N,0700
US1TXAT0021,20140902,SNOW,0,,,N,0700
US1TXAT0021,20140903,SNOW,0,,,N,0700
US1TXAT0021,20140907,SNOW,0,,,N,0700
US1TXAT0021,20140909,SNOW,0,,,N,0700
US1TXAT0021,20140910,SNOW,0,,,N,0700
US1TXAT0021,20140911,SNOW,0,,,N,0700
US1TXAT0021,20140914,SNOW,0,,,N,0700
US1TXAT0021,20140915,SNOW,0,,,N,0700
US1TXAT0021,20140916,SNOW,0,,,N,0700
US1TXAT0021,20140920,SNOW,0,,,N,0700
US1TXAT0021,20140922,SNOW,0,,,N,0700
US1TXAT0021,20140923,SNOW,0,,,N,0700
US1TXAT0021,20140924,SNOW,0,,,N,0700
US1TXAT0021,20140925,SNOW,0,,,N,0700
US1TXAT0021,20140926,SNOW,0,,,N,0700
US1TXAT0021,20140929,SNOW,0,,,N,0700
US1TXAT0021,20140930,SNOW,0,,,N,0700
US1TXAT0021,20141001,PRCP,0,,,N,0700
US1TXAT0021,20141002,PRCP,0,,,N,0700
US1TXAT0021,20141003,PRCP,198,,,N,0700
US1TXAT0021,20141004,PRCP,0,,,N,0700
US1TXAT0021,20141005,PRCP,0,,,N,0700
US1TXAT0021,20141006,PRCP,0,,,N,0700
US1TXAT0021,20141007,PRCP,0,,,N,0700
US1TXAT0021,20141008,PRCP,0,,,N,0700
US1TXAT0021,20141009,PRCP,0,,,N,0700
US1TXAT0021,20141010,PRCP,0,,,N,0700
US1TXAT0021,20141011,PRCP,0,,,N,0700
US1TXAT0021,20141012,PRCP,196,,,N,0700
US1TXAT0021,20141013,PRCP,0,,,N,0700
US1TXAT0021,20141014,PRCP,0,,,N,0700
US1TXAT0021,20141015,PRCP,0,,,N,0700
US1TXAT0021,20141016,PRCP,0,,,N,0700
US1TXAT0021,20141017,PRCP,0,,,N,0700
US1TXAT0021,20141018,PRCP,0,,,N,0700
US1TXAT0021,20141019,PRCP,0,,,N,0700
US1TXAT0021,20141020,PRCP,0,,,N,0700
US1TXAT0021,20141021,PRCP,0,,,N,0700
US1TXAT0021,20141022,PRCP,0,,,N,0700
US1TXAT0021,20141023,PRCP,5,,,N,0700
US1TXAT0021,20141024,PRCP,0,,,N,0700
US1TXAT0021,20141025,PRCP,0,,,N,0700
US1TXAT0021,20141026,PRCP,0,,,N,0700
US1TXAT0021,20141027,PRCP,0,,,N,0700
US1TXAT0021,20141028,PRCP,0,,,N,0700
US1TXAT0021,20141029,PRCP,0,,,N,0700
US1TXAT0021,20141030,PRCP,0,,,N,0700
US1TXAT0021,20141031,PRCP,163,,,N,0700
US1TXAT0021,20141001,SNOW,0,,,N,0700
US1TXAT0021,20141002,SNOW,0,,,N,0700
US1TXAT0021,20141004,SNOW,0,,,N,0700
US1TXAT0021,20141005,SNOW,0,,,N,0700
US1TXAT0021,20141006,SNOW,0,,,N,0700
US1TXAT0021,20141007,SNOW,0,,,N,0700
US1TXAT0021,20141008,SNOW,0,,,N,0700
US1TXAT0021,20141009,SNOW,0,,,N,0700
US1TXAT0021,20141010,SNOW,0,,,N,0700
US1TXAT0021,20141011,SNOW,0,,,N,0700
US1TXAT0021,20141013,SNOW,0,,,N,0700
US1TXAT0021,20141014,SNOW,0,,,N,0700
US1TXAT0021,20141015,SNOW,0,,,N,0700
US1TXAT0021,20141016,SNOW,0,,,N,0700
US1TXAT0021,20141017,SNOW,0,,,N,0700
US1TXAT0021,20141018,SNOW,0,,,N,0700
US1TXAT0021,20141019,SNOW,0,,,N,0700
US1TXAT0021,20141020,SNOW,0,,,N,0700
US1TXAT0021,20141021,SNOW,0,,,N,0700
US1TXAT0021,20141022,SNOW,0,,,N,0700
US1TXAT0021,20141024,SNOW,0,,,N,0700
US1TXAT0021,20141025,SNOW,0,,,N,0700
US1TXAT0021,20141026,SNOW,0,,,N,0700
US1TXAT0021,20141027,SNOW,0,,,N,0700
US1TXAT0021,20141028,SNOW,0,,,N,0700
US1TXAT0021,20141029,SNOW,0,,,N,0700
US1TXAT0021,20141030,SNOW,0,,,N,0700
US1TXAT0021,20141101,PRCP,0,,,N,0700
US1TXAT0021,20141102,PRCP,0,,,N,0700
US1TXAT0021,20141103,PRCP,0,,,N,0700
US1TXAT0021,20141104,PRCP,0,T,,N,0700
US1TXAT0021,20141105,PRCP,389,,,N,0700
US1TXAT0021,20141106,PRCP,450,,,N,0700
US1TXAT0021,20141107,PRCP,38,,,N,0700
US1TXAT0021,20141108,PRCP,0,,,N,0700
US1TXAT0021,20141109,PRCP,0,,,N,0700
US1TXAT0021,20141110,PRCP,0,,,N,0700
US1TXAT0021,20141111,PRCP,0,T,,N,0700
US1TXAT0021,20141112,PRCP,0,,,N,0700
US1TXAT0021,20141113,PRCP,0,,,N,0700
US1TXAT0021,20141114,PRCP,0,,,N,0700
US1TXAT0021,20141115,PRCP,0,,,N,0700
US1TXAT0021,20141116,PRCP,18,,,N,0700
US1TXAT0021,20141117,PRCP,3,,,N,0700
US1TXAT0021,20141118,PRCP,0,,,N,0700
US1TXAT0021,20141119,PRCP,0,,,N,0700
US1TXAT0021,20141120,PRCP,5,,,N,0700
US1TXAT0021,20141121,PRCP,15,,,N,0700
US1TXAT0021,20141122,PRCP,53,,,N,0700
US1TXAT0021,20141123,PRCP,36,,,N,0700
US1TXAT0021,20141124,PRCP,0,,,N,0700
US1TXAT0021,20141125,PRCP,0,,,N,0700
US1TXAT0021,20141126,PRCP,0,,,N,0700
US1TXAT0021,20141127,PRCP,0,,,N,0700
US1TXAT0021,20141128,PRCP,0,,,N,0700
US1TXAT0021,20141129,PRCP,0,,,N,0700
US1TXAT0021,20141130,PRCP,0,,,N,0700
US1TXAT0021,20141101,SNOW,0,,,N,0700
US1TXAT0021,20141102,SNOW,0,,,N,0700
US1TXAT0021,20141103,SNOW,0,,,N,0700
US1TXAT0021,20141108,SNOW,0,,,N,0700
US1TXAT0021,20141109,SNOW,0,,,N,0700
US1TXAT0021,20141110,SNOW,0,,,N,0700
US1TXAT0021,20141112,SNOW,0,,,N,0700
US1TXAT0021,20141113,SNOW,0,,,N,0700
US1TXAT0021,20141114,SNOW,0,,,N,0700
US1TXAT0021,20141115,SNOW,0,,,N,0700
US1TXAT0021,20141118,SNOW,0,,,N,0700
US1TXAT0021,20141119,SNOW,0,,,N,0700
US1TXAT0021,20141124,SNOW,0,,,N,0700
US1TXAT0021,20141125,SNOW,0,,,N,0700
US1TXAT0021,20141126,SNOW,0,,,N,0700
US1TXAT0021,20141127,SNOW,0,,,N,0700
US1TXAT0021,20141128,SNOW,0,,,N,0700
US1TXAT0021,20141129,SNOW,0,,,N,0700
US1TXAT0021,20141130,SNOW,0,,,N,0700
US1TXAT0021,20141201,PRCP,3,,,N,0700
US1TXAT0021,20141202,PRCP,3,,,N,0700
US1TXAT0021,20141203,PRCP,0,T,,N,0700
US1TXAT0021,20141204,PRCP,5,,,N,0700
US1TXAT0021,20141205,PRCP,8,,,N,0700
US1TXAT0021,20141206,PRCP,3,,,N,0700
US1TXAT0021,20141207,PRCP,0,,,N,0700
US1TXAT0021,20141208,PRCP,3,,,N,0700
US1TXAT0021,20141209,PRCP,0,,,N,0700
US1TXAT0021,20141210,PRCP,0,,,N,0700
US1TXAT0021,20141211,PRCP,5,,,N,0700
US1TXAT0021,20141212,PRCP,18,,,N,0700
US1TXAT0021,20141213,PRCP,3,,,N,0700
US1TXAT0021,20141214,PRCP,0,,,N,0700
US1TXAT0021,20141215,PRCP,0,,,N,0700
US1TXAT0021,20141216,PRCP,0,,,N,0700
US1TXAT0021,20141217,PRCP,0,,,N,0700
US1TXAT0021,20141218,PRCP,0,T,,N,0700
US1TXAT0021,20141219,PRCP,150,,,N,0700
US1TXAT0021,20141220,PRCP,3,,,N,0700
US1TXAT0021,20141221,PRCP,0,T,,N,0700
US1TXAT0021,20141222,PRCP,5,,,N,0700
US1TXAT0021,20141223,PRCP,0,,,N,0700
US1TXAT0021,20141224,PRCP,0,,,N,0700
US1TXAT0021,20141225,PRCP,0,,,N,0700
US1TXAT0021,20141226,PRCP,0,,,N,0700
US1TXAT0021,20141227,PRCP,0,,,N,0700
US1TXAT0021,20141228,PRCP,46,,,N,0700
US1TXAT0021,20141229,PRCP,28,,,N,0700
US1TXAT0021,20141230,PRCP,5,,,N,0700
US1TXAT0021,20141231,PRCP,5,,,N,0700
US1TXAT0021,20141207,SNOW,0,,,N,0700
US1TXAT0021,20141209,SNOW,0,,,N,0700
US1TXAT0021,20141210,SNOW,0,,,N,0700
US1TXAT0021,20141214,SNOW,0,,,N,0700
US1TXAT0021,20141215,SNOW,0,,,N,0700
US1TXAT0021,20141216,SNOW,0,,,N,0700
US1TXAT0021,20141217,SNOW,0,,,N,0700
US1TXAT0021,20141223,SNOW,0,,,N,0700
US1TXAT0021,20141224,SNOW,0,,,N,0700
US1TXAT0021,20141225,SNOW,0,,,N,0700
US1TXAT0021,20141226,SNOW,0,,,N,0700
US1TXAT0021,20141227,SNOW,0,,,N,0700
US1TXAT0021,20150101,PRCP,38,,,N,0700
US1TXAT0021,20150102,PRCP,33,,,N,0700
US1TXAT0021,20150103,PRCP,36,,,N,0700
US1TXAT0021,20150104,PRCP,0,,,N,0700
US1TXAT0021,20150105,PRCP,0,,,N,0700
US1TXAT0021,20150106,PRCP,0,,,N,0700
US1TXAT0021,20150107,PRCP,0,,,N,0700
US1TXAT0021,20150108,PRCP,0,,,N,0700
US1TXAT0021,20150109,PRCP,0,,,N,0700
US1TXAT0021,20150110,PRCP,46,,,N,0700
US1TXAT0021,20150111,PRCP,61,,,N,0700
US1TXAT0021,20150112,PRCP,3,,,N,0700
US1TXAT0021,20150113,PRCP,5,,,N,0700
US1TXAT0021,20150114,PRCP,3,,,N,0700
US1TXAT0021,20150115,PRCP,10,,,N,0700
US1TXAT0021,20150116,PRCP,0,,,N,0700
US1TXAT0021,20150117,PRCP,0,,,N,0700
US1TXAT0021,20150118,PRCP,0,,,N,0700
US1TXAT0021,20150119,PRCP,0,,,N,0700
US1TXAT0021,20150120,PRCP,0,,,N,0700
US1TXAT0021,20150121,PRCP,0,,,N,0700
US1TXAT0021,20150122,PRCP,41,,,N,0700
US1TXAT0021,20150123,PRCP,89,,,N,0700
US1TXAT0021,20150124,PRCP,5,,,N,0700
US1TXAT0021,20150125,PRCP,0,,,N,0700
US1TXAT0021,20150126,PRCP,0,,,N,0700
US1TXAT0021,20150127,PRCP,0,,,N,0700
US1TXAT0021,20150128,PRCP,0,,,N,0700
US1TXAT0021,20150129,PRCP,3,,,N,0700
US1TXAT0021,20150130,PRCP,0,,,N,0700
US1TXAT0021,20150131,PRCP,13,,,N,0700
US1TXAT0021,20150104,SNOW,0,,,N,0700
US1TXAT0021,20150105,SNOW,0,,,N,0700
US1TXAT0021,20150106,SNOW,0,,,N,0700
US1TXAT0021,20150107,SNOW,0,,,N,0700
US1TXAT0021,20150108,SNOW,0,,,N,0700
US1TXAT0021,20150109,SNOW,0,,,N,0700
US1TXAT0021,20150116,SNOW,0,,,N,0700
US1TXAT0021,20150117,SNOW,0,,,N,0700
US1TXAT0021,20150118,SNOW,0,,,N,0700
US1TXAT0021,20150119,SNOW,0,,,N,0700
US1TXAT0021,20150120,SNOW,0,,,N,0700
US1TXAT0021,20150121,SNOW,0,,,N,0700
US1TXAT0021,20150125,SNOW,0,,,N,0700
US1TXAT0021,20150126,SNOW,0,,,N,0700
US1TXAT0021,20150127,SNOW,0,,,N,0700
US1TXAT0021,20150128,SNOW,0,,,N,0700
US1TXAT0021,20150201,PRCP,28,,,N,0700
US1TXAT0021,20150202,PRCP,0,,,N,0700
US1TXAT0021,20150203,PRCP,10,,,N,0700
US1TXAT0021,20150204,PRCP,76,,,N,0700
US1TXAT0021,20150205,PRCP,3,,,N,0700
US1TXAT0021,20150206,PRCP,0,,,N,0700
US1TXAT0021,20150207,PRCP,0,,,N,0700
US1TXAT0021,20150208,PRCP,0,,,N,0700
US1TXAT0021,20150209,PRCP,0,,,N,0700
US1TXAT0021,20150210,PRCP,0,,,N,0700
US1TXAT0021,20150211,PRCP,0,,,N,0700
US1TXAT0021,20150212,PRCP,0,,,N,0700
US1TXAT0021,20150213,PRCP,0,,,N,0700
US1TXAT0021,20150214,PRCP,0,,,N,0700
US1TXAT0021,20150215,PRCP,0,,,N,0700
US1TXAT0021,20150216,PRCP,10,,,N,0700
US1TXAT0021,20150217,PRCP,30,,,N,0700
US1TXAT0021,20150218,PRCP,0,,,N,0700
US1TXAT0021,20150219,PRCP,0,,,N,0700
US1TXAT0021,20150220,PRCP,0,,,N,0700
US1TXAT0021,20150221,PRCP,0,,,N,0700
US1TXAT0021,20150222,PRCP,8,,,N,0700
US1TXAT0021,20150223,PRCP,3,,,N,0700
US1TXAT0021,20150224,PRCP,0,T,,N,0700
US1TXAT0021,20150225,PRCP,3,,,N,0700
US1TXAT0021,20150226,PRCP,0,,,N,0700
US1TXAT0021,20150227,PRCP,0,,,N,0700
US1TXAT0021,20150228,PRCP,18,,,N,0700
US1TXAT0021,20150202,SNOW,0,,,N,0700
US1TXAT0021,20150206,SNOW,0,,,N,0700
US1TXAT0021,20150207,SNOW,0,,,N,0700
US1TXAT0021,20150208,SNOW,0,,,N,0700
US1TXAT0021,20150209,SNOW,0,,,N,0700
US1TXAT0021,20150210,SNOW,0,,,N,0700
US1TXAT0021,20150211,SNOW,0,,,N,0700
US1TXAT0021,20150212,SNOW,0,,,N,0700
US1TXAT0021,20150213,SNOW,0,,,N,0700
US1TXAT0021,20150214,SNOW,0,,,N,0700
US1TXAT0021,20150215,SNOW,0,,,N,0700
US1TXAT0021,20150218,SNOW,0,,,N,0700
US1TXAT0021,20150219,SNOW,0,,,N,0700
US1TXAT0021,20150220,SNOW,0,,,N,0700
US1TXAT0021,20150221,SNOW,0,,,N,0700
US1TXAT0021,20150226,SNOW,0,,,N,0700
US1TXAT0021,20150227,SNOW,0,,,N,0700
US1TXAT0021,20150301,PRCP,28,,,N,0700
US1TXAT0021,20150302,PRCP,8,,,N,0700
US1TXAT0021,20150303,PRCP,15,,,N,0700
US1TXAT0021,20150304,PRCP,3,,,N,0700
US1TXAT0021,20150305,PRCP,20,,,N,0700
US1TXAT0021,20150306,PRCP,3,,,N,0700
US1TXAT0021,20150307,PRCP,0,,,N,0700
US1TXAT0021,20150308,PRCP,147,,,N,0700
US1TXAT0021,20150309,PRCP,124,,,N,0700
US1TXAT0021,20150310,PRCP,140,,,N,0700
US1TXAT0021,20150311,PRCP,3,,,N,0700
US1TXAT0021,20150312,PRCP,0,,,N,0700
US1TXAT0021,20150313,PRCP,0,,,N,0700
US1TXAT0021,20150314,PRCP,0,,,N,0700
US1TXAT0021,20150315,PRCP,0,,,N,0700
US1TXAT0021,20150316,PRCP,0,,,N,0700
US1TXAT0021,20150317,PRCP,0,,,N,0700
US1TXAT0021,20150318,PRCP,81,,,N,0700
US1TXAT0021,20150319,PRCP,5,,,N,0700
US1TXAT0021,20150320,PRCP,0,,,N,0700
US1TXAT0021,20150321,PRCP,564,,,N,0700
US1TXAT0021,20150322,PRCP,30,,,N,0700
US1TXAT0021,20150323,PRCP,0,,,N,0700
US1TXAT0021,20150324,PRCP,0,,,N,0700
US1TXAT0021,20150325,PRCP,0,,,N,0700
US1TXAT0021,20150326,PRCP,0,,,N,0700
US1TXAT0021,20150327,PRCP,0,T,,N,0700
US1TXAT0021,20150328,PRCP,0,,,N,0700
US1TXAT0021,20150329,PRCP,0,,,N,0700
US1TXAT0021,20150330,PRCP,0,,,N,0700
US1TXAT0021,20150331,PRCP,0,,,N,0700
US1TXAT0021,20150307,SNOW,0,,,N,0700
US1TXAT0021,20150312,SNOW,0,,,N,0700
US1TXAT0021,20150313,SNOW,0,,,N,0700
US1TXAT0021,20150314,SNOW,0,,,N,0700
US1TXAT0021,20150315,SNOW,0,,,N,0700
US1TXAT0021,20150316,SNOW,0,,,N,0700
US1TXAT0021,20150317,SNOW,0,,,N,0700
US1TXAT0021,20150320,SNOW,0,,,N,0700
US1TXAT0021,20150323,SNOW,0,,,N,0700
US1TXAT0021,20150324,SNOW,0,,,N,0700
US1TXAT0021,20150325,SNOW,0,,,N,0700
US1TXAT0021,20150326,SNOW,0,,,N,0700
US1TXAT0021,20150328,SNOW,0,,,N,0700
US1TXAT0021,20150329,SNOW,0,,,N,0700
US1TXAT0021,20150330,SNOW,0,,,N,0700
US1TXAT0021,20150331,SNOW,0,,,N,0700
US1TXAT0021,20150401,PRCP,0,,,N,0700
US1TXAT0021,20150402,PRCP,36,,,N,0700
US1TXAT0021,20150403,PRCP,0,,,N,0700
US1TXAT0021,20150404,PRCP,0,,,N,0700
US1TXAT0021,20150405,PRCP,3,,,N,0700
US1TXAT0021,20150406,PRCP,0,,,N,0700
US1TXAT0021,20150407,PRCP,0,,,N,0700
US1TXAT0021,20150408,PRCP,0,,,N,0700
US1TXAT0021,20150409,PRCP,0,,,N,0700
US1TXAT0021,20150410,PRCP,81,,,N,0700
US1TXAT0021,20150411,PRCP,0,,,N,0700
US1TXAT0021,20150412,PRCP,117,,,N,0700
US1TXAT0021,20150413,PRCP,135,,,N,0700
US1TXAT0021,20150414,PRCP,13,,,N,0700
US1TXAT0021,20150415,PRCP,3,,,N,0700
US1TXAT0021,20150416,PRCP,0,,,N,0700
US1TXAT0021,20150417,PRCP,66,,,N,0700
US1TXAT0021,20150418,PRCP,721,,,N,0700
US1TXAT0021,20150419,PRCP,3,,,N,0700
US1TXAT0021,20150420,PRCP,0,,,N,0700
US1TXAT0021,20150421,PRCP,0,,,N,0700
US1TXAT0021,20150422,PRCP,0,,,N,0700
US1TXAT0021,20150423,PRCP,381,,,N,0700
US1TXAT0021,20150424,PRCP,51,,,N,0700
US1TXAT0021,20150425,PRCP,119,,,N,0700
US1TXAT0021,20150426,PRCP,18,,,N,0700
US1TXAT0021,20150427,PRCP,244,,,N,0700
US1TXAT0021,20150428,PRCP,0,,,N,0700
US1TXAT0021,20150429,PRCP,0,,,N,0700
US1TXAT0021,20150430,PRCP,0,,,N,0700
US1TXAT0021,20150401,SNOW,0,,,N,0700
US1TXAT0021,20150403,SNOW,0,,,N,0700
US1TXAT0021,20150404,SNOW,0,,,N,0700
US1TXAT0021,20150406,SNOW,0,,,N,0700
US1TXAT0021,20150407,SNOW,0,,,N,0700
US1TXAT0021,20150408,SNOW,0,,,N,0700
US1TXAT0021,20150409,SNOW,0,,,N,0700
US1TXAT0021,20150411,SNOW,0,,,N,0700
US1TXAT0021,20150416,SNOW,0,,,N,0700
US1TXAT0021,20150420,SNOW,0,,,N,0700
US1TXAT0021,20150421,SNOW,0,,,N,0700
US1TXAT0021,20150422,SNOW,0,,,N,0700
US1TXAT0021,20150428,SNOW,0,,,N,0700
US1TXAT0021,20150429,SNOW,0,,,N,0700
US1TXAT0021,20150430,SNOW,0,,,N,0700
US1TXAT0021,20150501,PRCP,0,,,N,0700
US1TXAT0021,20150502,PRCP,0,,,N,0700
US1TXAT0021,20150503,PRCP,0,,,N,0700
US1TXAT0021,20150504,PRCP,0,,,N,0700
US1TXAT0021,20150505,PRCP,0,,,N,0700
US1TXAT0021,20150506,PRCP,5,,,N,0700
US1TXAT0021,20150507,PRCP,3,,,N,0700
US1TXAT0021,20150508,PRCP,3,,,N,0700
US1TXAT0021,20150509,PRCP,0,T,,N,0700
US1TXAT0021,20150510,PRCP,0,,,N,0700
US1TXAT0021,20150511,PRCP,8,,,N,0700
US1TXAT0021,20150512,PRCP,76,,,N,0700
US1TXAT0021,20150513,PRCP,5,,,N,0700
US1TXAT0021,20150514,PRCP,615,,,N,0700
US1TXAT0021,20150515,PRCP,617,,,N,0700
US1TXAT0021,20150516,PRCP,505,,,N,0700
US1TXAT0021,20150517,PRCP,0,,,N,0700
US1TXAT0021,20150518,PRCP,467,,,N,0700
US1TXAT0021,20150519,PRCP,0,T,,N,0700
US1TXAT0021,20150520,PRCP,0,T,,N,0700
US1TXAT0021,20150521,PRCP,48,,,N,0700
US1TXAT0021,20150522,PRCP,8,,,N,0700
US1TXAT0021,20150523,PRCP,3,,,N,0700
US1TXAT0021,20150524,PRCP,244,,,N,0700
US1TXAT0021,20150525,PRCP,0,T,,N,0700
US1TXAT0021,20150526,PRCP,10,,,N,0700
US1TXAT0021,20150527,PRCP,0,T,,N,0700
US1TXAT0021,20150528,PRCP,0,,,N,0700
US1TXAT0021,20150529,PRCP,363,,,N,0700
US1TXAT0021,20150530,PRCP,0,T,,N,0700
US1TXAT0021,20150531,PRCP,8,,,N,0700
US1TXAT0021,20150501,SNOW,0,,,N,0700
US1TXAT0021,20150502,SNOW,0,,,N,0700
US1TXAT0021,20150503,SNOW,0,,,N,0700
US1TXAT0021,20150504,SNOW,0,,,N,0700
US1TXAT0021,20150505,SNOW,0,,,N,0700
US1TXAT0021,20150510,SNOW,0,,,N,0700
US1TXAT0021,20150517,SNOW,0,,,N,0700
US1TXAT0021,20150528,SNOW,0,,,N,0700
US1TXAT0021,20150601,PRCP,0,,,N,0700
US1TXAT0021,20150602,PRCP,0,,,N,0700
US1TXAT0021,20150603,PRCP,0,,,N,0700
US1TXAT0021,20150604,PRCP,0,,,N,0700
US1TXAT0021,20150605,PRCP,0,,,N,0700
US1TXAT0021,20150606,PRCP,0,,,N,0700
US1TXAT0021,20150607,PRCP,0,,,N,0700
US1TXAT0021,20150608,PRCP,0,,,N,0700
US1TXAT0021,20150609,PRCP,0,,,N,0700
US1TXAT0021,20150610,PRCP,0,,,N,0700
US1TXAT0021,20150611,PRCP,0,,,N,0700
US1TXAT0021,20150612,PRCP,0,,,N,0700
US1TXAT0021,20150613,PRCP,0,,,N,0700
US1TXAT0021,20150614,PRCP,0,,,N,0700
US1TXAT0021,20150615,PRCP,5,,,N,0700
US1TXAT0021,20150616,PRCP,0,,,N,0700
US1TXAT0021,20150617,PRCP,10,,,N,0700
US1TXAT0021,20150618,PRCP,69,,,N,0700
US1TXAT0021,20150619,PRCP,20,,,N,0700
US1TXAT0021,20150620,PRCP,5,,,N,0700
US1TXAT0021,20150621,PRCP,15,,,N,0700
US1TXAT0021,20150622,PRCP,229,,,N,0700
US1TXAT0021,20150623,PRCP,3,,,N,0700
US1TXAT0021,20150624,PRCP,0,,,N,0700
US1TXAT0021,20150630,PRCP,0,,,N,0700
US1TXAT0021,20150601,SNOW,0,,,N,0700
US1TXAT0021,20150602,SNOW,0,,,N,0700
US1TXAT0021,20150603,SNOW,0,,,N,0700
US1TXAT0021,20150605,SNOW,0,,,N,0700
US1TXAT0021,20150606,SNOW,0,,,N,0700
US1TXAT0021,20150607,SNOW,0,,,N,0700
US1TXAT0021,20150608,SNOW,0,,,N,0700
US1TXAT0021,20150609,SNOW,0,,,N,0700
US1TXAT0021,20150610,SNOW,0,,,N,0700
US1TXAT0021,20150611,SNOW,0,,,N,0700
US1TXAT0021,20150612,SNOW,0,,,N,0700
US1TXAT0021,20150613,SNOW,0,,,N,0700
US1TXAT0021,20150614,SNOW,0,,,N,0700
US1TXAT0021,20150616,SNOW,0,,,N,0700
US1TXAT0021,20150624,SNOW,0,,,N,0700
US1TXAT0021,20150630,SNOW,0,,,N,0700
US1TXAT0021,20150629,DAPR,5,,,N,0700
US1TXAT0021,20150629,MDPR,13,,,N,0700
US1TXAT0021,20150701,PRCP,109,,,N,0700
US1TXAT0021,20150702,PRCP,53,,,N,0700
US1TXAT0021,20150703,PRCP,8,,,N,0700
US1TXAT0021,20150704,PRCP,0,,,N,0700
US1TXAT0021,20150705,PRCP,0,,,N,0700
US1TXAT0021,20150706,PRCP,0,,,N,0700
US1TXAT0021,20150707,PRCP,0,,,N,0700
US1TXAT0021,20150708,PRCP,0,,,N,0700
US1TXAT0021,20150709,PRCP,0,,,N,0700
US1TXAT0021,20150710,PRCP,0,,,N,0700
US1TXAT0021,20150711,PRCP,0,,,N,0700
US1TXAT0021,20150712,PRCP,0,,,N,0700
US1TXAT0021,20150713,PRCP,0,,,N,0700
US1TXAT0021,20150714,PRCP,0,,,N,0700
US1TXAT0021,20150715,PRCP,0,,,N,0700
US1TXAT0021,20150716,PRCP,0,,,N,0700
US1TXAT0021,20150717,PRCP,0,,,N,0700
US1TXAT0021,20150718,PRCP,0,,,N,0700
US1TXAT0021,20150719,PRCP,0,,,N,0700
US1TXAT0021,20150720,PRCP,0,,,N,0700
US1TXAT0021,20150721,PRCP,0,,,N,0700
US1TXAT0021,20150722,PRCP,0,,,N,0700
US1TXAT0021,20150723,PRCP,0,,,N,0700
US1TXAT0021,20150724,PRCP,0,,,N,0700
US1TXAT0021,20150725,PRCP,0,,,N,0700
US1TXAT0021,20150726,PRCP,0,,,N,0700
US1TXAT0021,20150727,PRCP,0,,,N,0700
US1TXAT0021,20150728,PRCP,0,,,N,0700
US1TXAT0021,20150729,PRCP,0,,,N,0700
US1TXAT0021,20150730,PRCP,0,,,N,0700
US1TXAT0021,20150731,PRCP,0,,,N,0700
US1TXAT0021,20150704,SNOW,0,,,N,0700
US1TXAT0021,20150705,SNOW,0,,,N,0700
US1TXAT0021,20150706,SNOW,0,,,N,0700
US1TXAT0021,20150707,SNOW,0,,,N,0700
US1TXAT0021,20150708,SNOW,0,,,N,0700
US1TXAT0021,20150709,SNOW,0,,,N,0700
US1TXAT0021,20150710,SNOW,0,,,N,0700
US1TXAT0021,20150711,SNOW,0,,,N,0700
US1TXAT0021,20150712,SNOW,0,,,N,0700
US1TXAT0021,20150713,SNOW,0,,,N,0700
US1TXAT0021,20150714,SNOW,0,,,N,0700
US1TXAT0021,20150715,SNOW,0,,,N,0700
US1TXAT0021,20150716,SNOW,0,,,N,0700
US1TXAT0021,20150717,SNOW,0,,,N,0700
US1TXAT0021,20150718,SNOW,0,,,N,0700
US1TXAT0021,20150719,SNOW,0,,,N,0700
US1TXAT0021,20150720,SNOW,0,,,N,0700
US1TXAT0021,20150721,SNOW,0,,,N,0700
US1TXAT0021,20150722,SNOW,0,,,N,0700
US1TXAT0021,20150723,SNOW,0,,,N,0700
US1TXAT0021,20150724,SNOW,0,,,N,0700
US1TXAT0021,20150725,SNOW,0,,,N,0700
US1TXAT0021,20150726,SNOW,0,,,N,0700
US1TXAT0021,20150727,SNOW,0,,,N,0700
US1TXAT0021,20150728,SNOW,0,,,N,0700
US1TXAT0021,20150729,SNOW,0,,,N,0700
US1TXAT0021,20150730,SNOW,0,,,N,0700
US1TXAT0021,20150731,SNOW,0,,,N,0700
US1TXAT0021,20150801,PRCP,15,,,N,0700
US1TXAT0021,20150802,PRCP,0,,,N,0700
US1TXAT0021,20150803,PRCP,0,,,N,0700
US1TXAT0021,20150804,PRCP,0,,,N,0700
US1TXAT0021,20150805,PRCP,0,,,N,0700
US1TXAT0021,20150806,PRCP,0,,,N,0700
US1TXAT0021,20150807,PRCP,0,,,N,0700
US1TXAT0021,20150808,PRCP,0,,,N,0700
US1TXAT0021,20150809,PRCP,0,,,N,0700
US1TXAT0021,20150810,PRCP,0,,,N,0700
US1TXAT0021,20150811,PRCP,0,,,N,0700
US1TXAT0021,20150812,PRCP,0,,,N,0700
US1TXAT0021,20150813,PRCP,13,,,N,0700
US1TXAT0021,20150814,PRCP,0,,,N,0700
US1TXAT0021,20150815,PRCP,0,,,N,0700
US1TXAT0021,20150816,PRCP,5,,,N,0700
US1TXAT0021,20150817,PRCP,0,,,N,0700
US1TXAT0021,20150818,PRCP,0,,,N,0700
US1TXAT0021,20150819,PRCP,0,,,N,0700
US1TXAT0021,20150820,PRCP,0,,,N,0700
US1TXAT0021,20150821,PRCP,180,,,N,0700
US1TXAT0021,20150822,PRCP,0,,,N,0700
US1TXAT0021,20150823,PRCP,0,,,N,0700
US1TXAT0021,20150824,PRCP,0,,,N,0700
US1TXAT0021,20150825,PRCP,0,,,N,0700
US1TXAT0021,20150826,PRCP,0,,,N,0700
US1TXAT0021,20150827,PRCP,0,,,N,0700
US1TXAT0021,20150828,PRCP,0,,,N,0700
US1TXAT0021,20150829,PRCP,0,,,N,0700
US1TXAT0021,20150830,PRCP,0,,,N,0700
US1TXAT0021,20150831,PRCP,0,,,N,0700
US1TXAT0021,20150802,SNOW,0,,,N,0700
US1TXAT0021,20150803,SNOW,0,,,N,0700
US1TXAT0021,20150804,SNOW,0,,,N,0700
US1TXAT0021,20150805,SNOW,0,,,N,0700
US1TXAT0021,20150806,SNOW,0,,,N,0700
US1TXAT0021,20150807,SNOW,0,,,N,0700
US1TXAT0021,20150808,SNOW,0,,,N,0700
US1TXAT0021,20150809,SNOW,0,,,N,0700
US1TXAT0021,20150810,SNOW,0,,,N,0700
US1TXAT0021,20150811,SNOW,0,,,N,0700
US1TXAT0021,20150812,SNOW,0,,,N,0700
US1TXAT0021,20150814,SNOW,0,,,N,0700
US1TXAT0021,20150815,SNOW,0,,,N,0700
US1TXAT0021,20150817,SNOW,0,,,N,0700
US1TXAT0021,20150818,SNOW,0,,,N,0700
US1TXAT0021,20150819,SNOW,0,,,N,0700
US1TXAT0021,20150820,SNOW,0,,,N,0700
US1TXAT0021,20150822,SNOW,0,,,N,0700
US1TXAT0021,20150823,SNOW,0,,,N,0700
US1TXAT0021,20150824,SNOW,0,,,N,0700
US1TXAT0021,20150825,SNOW,0,,,N,0700
US1TXAT0021,20150826,SNOW,0,,,N,0700
US1TXAT0021,20150827,SNOW,0,,,N,0700
US1TXAT0021,20150828,SNOW,0,,,N,0700
US1TXAT0021,20150829,SNOW,0,,,N,0700
US1TXAT0021,20150830,SNOW,0,,,N,0700
US1TXAT0021,20150831,SNOW,0,,,N,0700
US1TXAT0021,20150901,PRCP,0,,,N,0700
US1TXAT0021,20150902,PRCP,0,T,,N,0700
US1TXAT0021,20150903,PRCP,0,,,N,0700
US1TXAT0021,20150904,PRCP,0,,,N,0700
US1TXAT0021,20150905,PRCP,0,T,,N,0700
US1TXAT0021,20150906,PRCP,0,,,N,0700
US1TXAT0021,20150907,PRCP,0,,,N,0700
US1TXAT0021,20150908,PRCP,0,,,N,0700
US1TXAT0021,20150909,PRCP,0,,,N,0700
US1TXAT0021,20150910,PRCP,0,,,N,0700
US1TXAT0021,20150911,PRCP,368,,,N,0700
US1TXAT0021,20150912,PRCP,0,,,N,0700
US1TXAT0021,20150913,PRCP,0,,,N,0700
US1TXAT0021,20150914,PRCP,0,,,N,0700
US1TXAT0021,20150915,PRCP,0,,,N,0700
US1TXAT0021,20150916,PRCP,0,T,,N,0700
US1TXAT0021,20150917,PRCP,0,T,,N,0700
US1TXAT0021,20150918,PRCP,0,,,N,0700
US1TXAT0021,20150919,PRCP,0,,,N,0700
US1TXAT0021,20150920,PRCP,0,,,N,0700
US1TXAT0021,20150921,PRCP,0,,,N,0700
US1TXAT0021,20150922,PRCP,0,,,N,0700
US1TXAT0021,20150923,PRCP,0,,,N,0700
US1TXAT0021,20150924,PRCP,0,,,N,0700
US1TXAT0021,20150925,PRCP,0,,,N,0700
US1TXAT0021,20150926,PRCP,10,,,N,0700
US1TXAT0021,20150927,PRCP,3,,,N,0700
US1TXAT0021,20150928,PRCP,0,,,N,0700
US1TXAT0021,20150929,PRCP,0,,,N,0700
US1TXAT0021,20150930,PRCP,0,,,N,0700
US1TXAT0021,20150901,SNOW,0,,,N,0700
US1TXAT0021,20150903,SNOW,0,,,N,0700
US1TXAT0021,20150904,SNOW,0,,,N,0700
US1TXAT0021,20150906,SNOW,0,,,N,0700
US1TXAT0021,20150907,SNOW,0,,,N,0700
US1TXAT0021,20150908,SNOW,0,,,N,0700
US1TXAT0021,20150909,SNOW,0,,,N,0700
US1TXAT0021,20150910,SNOW,0,,,N,0700
US1TXAT0021,20150912,SNOW,0,,,N,0700
US1TXAT0021,20150913,SNOW,0,,,N,0700
US1TXAT0021,20150914,SNOW,0,,,N,0700
US1TXAT0021,20150915,SNOW,0,,,N,0700
US1TXAT0021,20150918,SNOW,0,,,N,0700
US1TXAT0021,20150919,SNOW,0,,,N,0700
US1TXAT0021,20150920,SNOW,0,,,N,0700
US1TXAT0021,20150921,SNOW,0,,,N,0700
US1TXAT0021,20150922,SNOW,0,,,N,0700
US1TXAT0021,20150923,SNOW,0,,,N,0700
US1TXAT0021,20150924,SNOW,0,,,N,0700
US1TXAT0021,20150925,SNOW,0,,,N,0700
US1TXAT0021,20150928,SNOW,0,,,N,0700
US1TXAT0021,20150929,SNOW,0,,,N,0700
US1TXAT0021,20150930,SNOW,0,,,N,0700
US1TXAT0021,20151001,PRCP,0,,,N,0700
US1TXAT0021,20151002,PRCP,0,,,N,0700
US1TXAT0021,20151003,PRCP,0,,,N,0700
US1TXAT0021,20151004,PRCP,0,,,N,0700
US1TXAT0021,20151005,PRCP,0,,,N,0700
US1TXAT0021,20151006,PRCP,0,,,N,0700
US1TXAT0021,20151007,PRCP,0,,,N,0700
US1TXAT0021,20151008,PRCP,0,,,N,0700
US1TXAT0021,20151009,PRCP,0,,,N,0700
US1TXAT0021,20151010,PRCP,66,,,N,0700
US1TXAT0021,20151011,PRCP,0,,,N,0700
US1TXAT0021,20151012,PRCP,0,,,N,0700
US1TXAT0021,20151013,PRCP,0,,,N,0700
US1TXAT0021,20151014,PRCP,0,,,N,0700
US1TXAT0021,20151015,PRCP,0,,,N,0700
US1TXAT0021,20151016,PRCP,0,,,N,0700
US1TXAT0021,20151017,PRCP,0,,,N,0700
US1TXAT0021,20151018,PRCP,0,,,N,0700
US1TXAT0021,20151019,PRCP,0,,,N,0700
US1TXAT0021,20151020,PRCP,0,,,N,0700
US1TXAT0021,20151021,PRCP,0,,,N,0700
US1TXAT0021,20151022,PRCP,10,,,N,0700
US1TXAT0021,20151023,PRCP,28,,,N,0700
US1TXAT0021,20151024,PRCP,208,,,N,0700
US1TXAT0021,20151025,PRCP,678,,,N,0700
US1TXAT0021,20151026,PRCP,0,,,N,0700
US1TXAT0021,20151027,PRCP,0,,,N,0700
US1TXAT0021,20151028,PRCP,0,,,N,0700
US1TXAT0021,20151029,PRCP,0,,,N,0700
US1TXAT0021,20151030,PRCP,107,,,N,0700
US1TXAT0021,20151031,PRCP,66,,,N,0700
US1TXAT0021,20151001,SNOW,0,,,N,0700
US1TXAT0021,20151002,SNOW,0,,,N,0700
US1TXAT0021,20151003,SNOW,0,,,N,0700
US1TXAT0021,20151004,SNOW,0,,,N,0700
US1TXAT0021,20151005,SNOW,0,,,N,0700
US1TXAT0021,20151006,SNOW,0,,,N,0700
US1TXAT0021,20151007,SNOW,0,,,N,0700
US1TXAT0021,20151008,SNOW,0,,,N,0700
US1TXAT0021,20151009,SNOW,0,,,N,0700
US1TXAT0021,20151011,SNOW,0,,,N,0700
US1TXAT0021,20151012,SNOW,0,,,N,0700
US1TXAT0021,20151013,SNOW,0,,,N,0700
US1TXAT0021,20151014,SNOW,0,,,N,0700
US1TXAT0021,20151015,SNOW,0,,,N,0700
US1TXAT0021,20151016,SNOW,0,,,N,0700
US1TXAT0021,20151017,SNOW,0,,,N,0700
US1TXAT0021,20151018,SNOW,0,,,N,0700
US1TXAT0021,20151019,SNOW,0,,,N,0700
US1TXAT0021,20151020,SNOW,0,,,N,0700
US1TXAT0021,20151021,SNOW,0,,,N,0700
US1TXAT0021,20151026,SNOW,0,,,N,0700
US1TXAT0021,20151027,SNOW,0,,,N,0700
US1TXAT0021,20151028,SNOW,0,,,N,0700
US1TXAT0021,20151029,SNOW,0,,,N,0700
US1TXAT0021,20151101,PRCP,36,,,N,0700
US1TXAT0021,20151102,PRCP,0,,,N,0700
US1TXAT0021,20151103,PRCP,0,,,N,0700
US1TXAT0021,20151104,PRCP,0,,,N,0700
US1TXAT0021,20151105,PRCP,0,T,,N,0700
US1TXAT0021,20151106,PRCP,20,,,N,0700
US1TXAT0021,20151107,PRCP,48,,,N,0700
US1TXAT0021,20151108,PRCP,3,,,N,0700
US1TXAT0021,20151109,PRCP,0,,,N,0700
US1TXAT0021,20151110,PRCP,0,,,N,0700
US1TXAT0021,20151111,PRCP,0,,,N,0700
US1TXAT0021,20151112,PRCP,0,,,N,0700
US1TXAT0021,20151113,PRCP,0,,,N,0700
US1TXAT0021,20151114,PRCP,0,,,N,0700
US1TXAT0021,20151115,PRCP,3,,,N,0700
US1TXAT0021,20151116,PRCP,0,,,N,0700
US1TXAT0021,20151117,PRCP,3,,,N,0700
US1TXAT0021,20151118,PRCP,30,,,N,0700
US1TXAT0021,20151119,PRCP,0,,,N,0700
US1TXAT0021,20151120,PRCP,0,,,N,0700
US1TXAT0021,20151121,PRCP,3,,,N,0700
US1TXAT0021,20151122,PRCP,0,T,,N,0700
US1TXAT0021,20151123,PRCP,0,,,N,0700
US1TXAT0021,20151124,PRCP,0,,,N,0700
US1TXAT0021,20151125,PRCP,0,,,N,0700
US1TXAT0021,20151126,PRCP,8,,,N,0700
US1TXAT0021,20151127,PRCP,8,,,N,0700
US1TXAT0021,20151128,PRCP,582,,,N,0700
US1TXAT0021,20151129,PRCP,10,,,N,0700
US1TXAT0021,20151130,PRCP,5,,,N,0700
US1TXAT0021,20151102,SNOW,0,,,N,0700
US1TXAT0021,20151103,SNOW,0,,,N,0700
US1TXAT0021,20151104,SNOW,0,,,N,0700
US1TXAT0021,20151109,SNOW,0,,,N,0700
US1TXAT0021,20151110,SNOW,0,,,N,0700
US1TXAT0021,20151111,SNOW,0,,,N,0700
US1TXAT0021,20151112,SNOW,0,,,N,0700
US1TXAT0021,20151113,SNOW,0,,,N,0700
US1TXAT0021,20151114,SNOW,0,,,N,0700
US1TXAT0021,20151116,SNOW,0,,,N,0700
US1TXAT0021,20151119,SNOW,0,,,N,0700
US1TXAT0021,20151120,SNOW,0,,,N,0700
US1TXAT0021,20151123,SNOW,0,,,N,0700
US1TXAT0021,20151124,SNOW,0,,,N,0700
US1TXAT0021,20151125,SNOW,0,,,N,0700
US1TXAT0021,20151201,PRCP,0,,,N,0700
US1TXAT0021,20151202,PRCP,0,,,N,0700
US1TXAT0021,20151203,PRCP,0,,,N,0700
US1TXAT0021,20151204,PRCP,0,,,N,0700
US1TXAT0021,20151205,PRCP,0,,,N,0700
US1TXAT0021,20151206,PRCP,0,,,N,0700
US1TXAT0021,20151207,PRCP,0,,,N,0700
US1TXAT0021,20151208,PRCP,0,,,N,0700
US1TXAT0021,20151209,PRCP,0,,,N,0700
US1TXAT0021,20151210,PRCP,0,,,N,0700
US1TXAT0021,20151211,PRCP,3,,,N,0700
US1TXAT0021,20151212,PRCP,0,,,N,0700
US1TXAT0021,20151213,PRCP,124,,,N,0700
US1TXAT0021,20151214,PRCP,0,,,N,0700
US1TXAT0021,20151215,PRCP,0,,,N,0700
US1TXAT0021,20151216,PRCP,0,,,N,0700
US1TXAT0021,20151217,PRCP,0,,,N,0700
US1TXAT0021,20151218,PRCP,0,,,N,0700
US1TXAT0021,20151219,PRCP,0,,,N,0700
US1TXAT0021,20151220,PRCP,0,,,N,0700
US1TXAT0021,20151221,PRCP,0,,,N,0700
US1TXAT0021,20151222,PRCP,0,,,N,0700
US1TXAT0021,20151223,PRCP,0,,,N,0700
US1TXAT0021,20151224,PRCP,0,,,N,0700
US1TXAT0021,20151225,PRCP,0,,,N,0700
US1TXAT0021,20151226,PRCP,0,,,N,0700
US1TXAT0021,20151227,PRCP,0,,,N,0700
US1TXAT0021,20151228,PRCP,41,,,N,0700
US1TXAT0021,20151229,PRCP,0,,,N,0700
US1TXAT0021,20151230,PRCP,38,,,N,0700
US1TXAT0021,20151201,SNOW,0,,,N,0700
US1TXAT0021,20151202,SNOW,0,,,N,0700
US1TXAT0021,20151203,SNOW,0,,,N,0700
US1TXAT0021,20151204,SNOW,0,,,N,0700
US1TXAT0021,20151205,SNOW,0,,,N,0700
US1TXAT0021,20151206,SNOW,0,,,N,0700
US1TXAT0021,20151207,SNOW,0,,,N,0700
US1TXAT0021,20151208,SNOW,0,,,N,0700
US1TXAT0021,20151209,SNOW,0,,,N,0700
US1TXAT0021,20151210,SNOW,0,,,N,0700
US1TXAT0021,20151212,SNOW,0,,,N,0700
US1TXAT0021,20151214,SNOW,0,,,N,0700
US1TXAT0021,20151215,SNOW,0,,,N,0700
US1TXAT0021,20151216,SNOW,0,,,N,0700
US1TXAT0021,20151217,SNOW,0,,,N,0700
US1TXAT0021,20151218,SNOW,0,,,N,0700
US1TXAT0021,20151219,SNOW,0,,,N,0700
US1TXAT0021,20151220,SNOW,0,,,N,0700
US1TXAT0021,20151221,SNOW,0,,,N,0700
US1TXAT0021,20151222,SNOW,0,,,N,0700
US1TXAT0021,20151223,SNOW,0,,,N,0700
US1TXAT0021,20151224,SNOW,0,,,N,0700
US1TXAT0021,20151225,SNOW,0,,,N,0700
US1TXAT0021,20151226,SNOW,0,,,N,0700
US1TXAT0021,20151227,SNOW,0,,,N,0700
US1TXAT0021,20151229,SNOW,0,,,N,0700
US1TXAT0021,20160101,PRCP,8,,,N,0700
US1TXAT0021,20160102,PRCP,173,,,N,0700
US1TXAT0021,20160103,PRCP,262,,,N,0700
US1TXAT0021,20160104,PRCP,0,,,N,0700
US1TXAT0021,20160105,PRCP,0,,,N,0700
US1TXAT0021,20160106,PRCP,3,,,N,0700
US1TXAT0021,20160107,PRCP,25,,,N,0700
US1TXAT0021,20160108,PRCP,3,,,N,0700
US1TXAT0021,20160109,PRCP,0,,,N,0700
US1TXAT0021,20160110,PRCP,0,,,N,0700
US1TXAT0021,20160111,PRCP,0,,,N,0700
US1TXAT0021,20160112,PRCP,0,,,N,0700
US1TXAT0021,20160113,PRCP,0,,,N,0700
US1TXAT0021,20160114,PRCP,0,,,N,0700
US1TXAT0021,20160115,PRCP,0,,,N,0700
US1TXAT0021,20160116,PRCP,0,,,N,0700
US1TXAT0021,20160117,PRCP,0,T,,N,0700
US1TXAT0021,20160118,PRCP,0,,,N,0700
US1TXAT0021,20160119,PRCP,0,,,N,0700
US1TXAT0021,20160120,PRCP,5,,,N,0700
US1TXAT0021,20160121,PRCP,5,,,N,0700
US1TXAT0021,20160122,PRCP,0,,,N,0700
US1TXAT0021,20160123,PRCP,0,,,N,0700
US1TXAT0021,20160124,PRCP,0,,,N,0700
US1TXAT0021,20160125,PRCP,0,,,N,0700
US1TXAT0021,20160126,PRCP,0,,,N,0700
US1TXAT0021,20160127,PRCP,74,,,N,0700
US1TXAT0021,20160128,PRCP,0,,,N,0700
US1TXAT0021,20160129,PRCP,0,,,N,0700
US1TXAT0021,20160130,PRCP,0,,,N,0700
US1TXAT0021,20160131,PRCP,0,,,N,0700
US1TXAT0021,20160104,SNOW,0,,,N,0700
US1TXAT0021,20160105,SNOW,0,,,N,0700
US1TXAT0021,20160109,SNOW,0,,,N,0700
US1TXAT0021,20160110,SNOW,0,,,N,0700
US1TXAT0021,20160111,SNOW,0,,,N,0700
US1TXAT0021,20160112,SNOW,0,,,N,0700
US1TXAT0021,20160113,SNOW,0,,,N,0700
US1TXAT0021,20160114,SNOW,0,,,N,0700
US1TXAT0021,20160115,SNOW,0,,,N,0700
US1TXAT0021,20160116,SNOW,0,,,N,0700
US1TXAT0021,20160118,SNOW,0,,,N,0700
US1TXAT0021,20160119,SNOW,0,,,N,0700
US1TXAT0021,20160122,SNOW,0,,,N,0700
US1TXAT0021,20160123,SNOW,0,,,N,0700
US1TXAT0021,20160124,SNOW,0,,,N,0700
US1TXAT0021,20160125,SNOW,0,,,N,0700
US1TXAT0021,20160126,SNOW,0,,,N,0700
US1TXAT0021,20160128,SNOW,0,,,N,0700
US1TXAT0021,20160129,SNOW,0,,,N,0700
US1TXAT0021,20160130,SNOW,0,,,N,0700
US1TXAT0021,20160131,SNOW,0,,,N,0700
US1TXAT0021,20160201,PRCP,0,,,N,0700
US1TXAT0021,20160202,PRCP,0,,,N,0700
US1TXAT0021,20160203,PRCP,0,,,N,0700
US1TXAT0021,20160204,PRCP,0,,,N,0700
US1TXAT0021,20160205,PRCP,0,,,N,0700
US1TXAT0021,20160206,PRCP,0,,,N,0700
US1TXAT0021,20160207,PRCP,0,,,N,0700
US1TXAT0021,20160208,PRCP,0,,,N,0700
US1TXAT0021,20160209,PRCP,0,,,N,0700
US1TXAT0021,20160210,PRCP,0,,,N,0700
US1TXAT0021,20160211,PRCP,0,,,N,0700
US1TXAT0021,20160215,PRCP,3,,,N,0700
US1TXAT0021,20160222,PRCP,409,,,N,0700
US1TXAT0021,20160223,PRCP,361,,,N,0700
US1TXAT0021,20160201,SNOW,0,,,N,0700
US1TXAT0021,20160202,SNOW,0,,,N,0700
US1TXAT0021,20160203,SNOW,0,,,N,0700
US1TXAT0021,20160204,SNOW,0,,,N,0700
US1TXAT0021,20160205,SNOW,0,,,N,0700
US1TXAT0021,20160206,SNOW,0,,,N,0700
US1TXAT0021,20160207,SNOW,0,,,N,0700
US1TXAT0021,20160208,SNOW,0,,,N,0700
US1TXAT0021,20160209,SNOW,0,,,N,0700
US1TXAT0021,20160210,SNOW,0,,,N,0700
US1TXAT0021,20160301,PRCP,0,,,N,0700
US1TXAT0021,20160302,PRCP,0,,,N,0700
US1TXAT0021,20160303,PRCP,0,,,N,0700
US1TXAT0021,20160304,PRCP,0,,,N,0700
US1TXAT0021,20160305,PRCP,0,,,N,0700
US1TXAT0021,20160306,PRCP,0,,,N,0700
US1TXAT0021,20160307,PRCP,0,,,N,0700
US1TXAT0021,20160308,PRCP,0,T,,N,0700
US1TXAT0021,20160309,PRCP,46,,,N,0700
US1TXAT0021,20160310,PRCP,168,,,N,0700
US1TXAT0021,20160311,PRCP,89,,,N,0700
US1TXAT0021,20160312,PRCP,234,,,N,0700
US1TXAT0021,20160313,PRCP,3,,,N,0700
US1TXAT0021,20160314,PRCP,0,,,N,0700
US1TXAT0021,20160315,PRCP,0,,,N,0700
US1TXAT0021,20160316,PRCP,0,,,N,0700
US1TXAT0021,20160317,PRCP,3,,,N,0700
US1TXAT0021,20160318,PRCP,3,,,N,0700
US1TXAT0021,20160319,PRCP,315,,,N,0700
US1TXAT0021,20160320,PRCP,0,,,N,0700
US1TXAT0021,20160321,PRCP,0,,,N,0700
US1TXAT0021,20160322,PRCP,0,,,N,0700
US1TXAT0021,20160323,PRCP,0,,,N,0700
US1TXAT0021,20160324,PRCP,13,,,N,0700
US1TXAT0021,20160325,PRCP,0,,,N,0700
US1TXAT0021,20160326,PRCP,0,,,N,0700
US1TXAT0021,20160327,PRCP,5,,,N,0700
US1TXAT0021,20160328,PRCP,0,,,N,0700
US1TXAT0021,20160329,PRCP,0,,,N,0700
US1TXAT0021,20160330,PRCP,13,,,N,0700
US1TXAT0021,20160331,PRCP,0,,,N,0700
US1TXAT0021,20160301,SNOW,0,,,N,0700
US1TXAT0021,20160302,SNOW,0,,,N,0700
US1TXAT0021,20160303,SNOW,0,,,N,0700
US1TXAT0021,20160304,SNOW,0,,,N,0700
US1TXAT0021,20160305,SNOW,0,,,N,0700
US1TXAT0021,20160306,SNOW,0,,,N,0700
US1TXAT0021,20160307,SNOW,0,,,N,0700
US1TXAT0021,20160314,SNOW,0,,,N,0700
US1TXAT0021,20160315,SNOW,0,,,N,0700
US1TXAT0021,20160316,SNOW,0,,,N,0700
US1TXAT0021,20160320,SNOW,0,,,N,0700
US1TXAT0021,20160321,SNOW,0,,,N,0700
US1TXAT0021,20160322,SNOW,0,,,N,0700
US1TXAT0021,20160323,SNOW,0,,,N,0700
US1TXAT0021,20160325,SNOW,0,,,N,0700
US1TXAT0021,20160326,SNOW,0,,,N,0700
US1TXAT0021,20160328,SNOW,0,,,N,0700
US1TXAT0021,20160329,SNOW,0,,,N,0700
US1TXAT0021,20160331,SNOW,0,,,N,0700
US1TXAT0021,20160401,PRCP,0,,,N,0700
US1TXAT0021,20160402,PRCP,0,,,N,0700
US1TXAT0021,20160403,PRCP,0,,,N,0700
US1TXAT0021,20160404,PRCP,0,,,N,0700
US1TXAT0021,20160405,PRCP,0,,,N,0700
US1TXAT0021,20160406,PRCP,0,,,N,0700
US1TXAT0021,20160407,PRCP,0,,,N,0700
US1TXAT0021,20160408,PRCP,0,,,N,0700
US1TXAT0021,20160409,PRCP,0,,,N,0700
US1TXAT0021,20160410,PRCP,0,,,N,0700
US1TXAT0021,20160411,PRCP,33,,,N,0700
US1TXAT0021,20160412,PRCP,5,,,N,0700
US1TXAT0021,20160413,PRCP,56,,,N,0700
US1TXAT0021,20160414,PRCP,0,,,N,0700
US1TXAT0021,20160415,PRCP,0,,,N,0700
US1TXAT0021,20160416,PRCP,0,,,N,0700
US1TXAT0021,20160417,PRCP,23,,,N,0700
US1TXAT0021,20160418,PRCP,97,,,N,0700
US1TXAT0021,20160419,PRCP,84,,,N,0700
US1TXAT0021,20160420,PRCP,0,,,N,0700
US1TXAT0021,20160421,PRCP,0,,,N,0700
US1TXAT0021,20160422,PRCP,5,,,N,0700
US1TXAT0021,20160423,PRCP,0,,,N,0700
US1TXAT0021,20160424,PRCP,0,,,N,0700
US1TXAT0021,20160425,PRCP,0,,,N,0700
US1TXAT0021,20160426,PRCP,5,,,N,0700
US1TXAT0021,20160427,PRCP,216,,,N,0700
US1TXAT0021,20160428,PRCP,0,,,N,0700
US1TXAT0021,20160429,PRCP,0,,,N,0700
US1TXAT0021,20160430,PRCP,41,,,N,0700
US1TXAT0021,20160401,SNOW,0,,,N,0700
US1TXAT0021,20160402,SNOW,0,,,N,0700
US1TXAT0021,20160403,SNOW,0,,,N,0700
US1TXAT0021,20160404,SNOW,0,,,N,0700
US1TXAT0021,20160405,SNOW,0,,,N,0700
US1TXAT0021,20160406,SNOW,0,,,N,0700
US1TXAT0021,20160407,SNOW,0,,,N,0700
US1TXAT0021,20160408,SNOW,0,,,N,0700
US1TXAT0021,20160409,SNOW,0,,,N,0700
US1TXAT0021,20160410,SNOW,0,,,N,0700
US1TXAT0021,20160414,SNOW,0,,,N,0700
US1TXAT0021,20160415,SNOW,0,,,N,0700
US1TXAT0021,20160416,SNOW,0,,,N,0700
US1TXAT0021,20160420,SNOW,0,,,N,0700
US1TXAT0021,20160421,SNOW,0,,,N,0700
US1TXAT0021,20160423,SNOW,0,,,N,0700
US1TXAT0021,20160424,SNOW,0,,,N,0700
US1TXAT0021,20160425,SNOW,0,,,N,0700
US1TXAT0021,20160428,SNOW,0,,,N,0700
US1TXAT0021,20160429,SNOW,0,,,N,0700
US1TXAT0021,20160501,PRCP,3,,,N,0700
US1TXAT0021,20160502,PRCP,0,,,N,0700
US1TXAT0021,20160503,PRCP,0,,,N,0700
US1TXAT0021,20160504,PRCP,0,,,N,0700
US1TXAT0021,20160505,PRCP,0,,,N,0700
US1TXAT0021,20160506,PRCP,0,,,N,0700
US1TXAT0021,20160507,PRCP,0,,,N,0700
US1TXAT0021,20160508,PRCP,0,,,N,0700
US1TXAT0021,20160509,PRCP,5,,,N,0700
US1TXAT0021,20160510,PRCP,0,,,N,0700
US1TXAT0021,20160511,PRCP,0,,,N,0700
US1TXAT0021,20160512,PRCP,0,,,N,0700
US1TXAT0021,20160513,PRCP,0,,,N,0700
US1TXAT0021,20160514,PRCP,0,,,N,0700
US1TXAT0021,20160515,PRCP,236,,,N,0700
US1TXAT0021,20160516,PRCP,112,,,N,0700
US1TXAT0021,20160517,PRCP,23,,,N,0700
US1TXAT0021,20160518,PRCP,427,,,N,0700
US1TXAT0021,20160519,PRCP,3,,,N,0700
US1TXAT0021,20160520,PRCP,422,,,N,0700
US1TXAT0021,20160521,PRCP,0,,,N,0700
US1TXAT0021,20160522,PRCP,0,,,N,0700
US1TXAT0021,20160523,PRCP,0,,,N,0700
US1TXAT0021,20160524,PRCP,0,,,N,0700
US1TXAT0021,20160525,PRCP,0,,,N,0700
US1TXAT0021,20160526,PRCP,0,,,N,0700
US1TXAT0021,20160527,PRCP,0,,,N,0700
US1TXAT0021,20160528,PRCP,0,,,N,0700
US1TXAT0021,20160529,PRCP,10,,,N,0700
US1TXAT0021,20160530,PRCP,51,,,N,0700
US1TXAT0021,20160531,PRCP,46,,,N,0700
US1TXAT0021,20160502,SNOW,0,,,N,0700
US1TXAT0021,20160503,SNOW,0,,,N,0700
US1TXAT0021,20160504,SNOW,0,,,N,0700
US1TXAT0021,20160505,SNOW,0,,,N,0700
US1TXAT0021,20160506,SNOW,0,,,N,0700
US1TXAT0021,20160507,SNOW,0,,,N,0700
US1TXAT0021,20160508,SNOW,0,,,N,0700
US1TXAT0021,20160510,SNOW,0,,,N,0700
US1TXAT0021,20160511,SNOW,0,,,N,0700
US1TXAT0021,20160512,SNOW,0,,,N,0700
US1TXAT0021,20160513,SNOW,0,,,N,0700
US1TXAT0021,20160514,SNOW,0,,,N,0700
US1TXAT0021,20160521,SNOW,0,,,N,0700
US1TXAT0021,20160522,SNOW,0,,,N,0700
US1TXAT0021,20160523,SNOW,0,,,N,0700
US1TXAT0021,20160524,SNOW,0,,,N,0700
US1TXAT0021,20160525,SNOW,0,,,N,0700
US1TXAT0021,20160526,SNOW,0,,,N,0700
US1TXAT0021,20160527,SNOW,0,,,N,0700
US1TXAT0021,20160528,SNOW,0,,,N,0700
US1TXAT0021,20160601,PRCP,104,,,N,0700
US1TXAT0021,20160602,PRCP,178,,,N,0700
US1TXAT0021,20160603,PRCP,208,,,N,0700
US1TXAT0021,20160604,PRCP,20,,,N,0700
US1TXAT0021,20160605,PRCP,33,,,N,0700
US1TXAT0021,20160606,PRCP,0,,,N,0700
US1TXAT0021,20160607,PRCP,0,,,N,0700
US1TXAT0021,20160608,PRCP,0,,,N,0700
US1TXAT0021,20160609,PRCP,20,,,N,0700
US1TXAT0021,20160610,PRCP,0,,,N,0700
US1TXAT0021,20160611,PRCP,0,,,N,0700
US1TXAT0021,20160612,PRCP,0,,,N,0700
US1TXAT0021,20160613,PRCP,0,,,N,0700
US1TXAT0021,20160614,PRCP,0,,,N,0700
US1TXAT0021,20160615,PRCP,0,,,N,0700
US1TXAT0021,20160616,PRCP,0,,,N,0700
US1TXAT0021,20160617,PRCP,0,,,N,0700
US1TXAT0021,20160618,PRCP,0,,,N,0700
US1TXAT0021,20160619,PRCP,0,,,N,0700
US1TXAT0021,20160620,PRCP,0,,,N,0700
US1TXAT0021,20160621,PRCP,0,T,,N,0700
US1TXAT0021,20160622,PRCP,0,,,N,0700
US1TXAT0021,20160623,PRCP,0,,,N,0700
US1TXAT0021,20160624,PRCP,0,,,N,0700
US1TXAT0021,20160625,PRCP,0,,,N,0700
US1TXAT0021,20160626,PRCP,38,,,N,0700
US1TXAT0021,20160627,PRCP,10,,,N,0700
US1TXAT0021,20160628,PRCP,0,,,N,0700
US1TXAT0021,20160629,PRCP,0,,,N,0700
US1TXAT0021,20160630,PRCP,0,,,N,0700
US1TXAT0021,20160606,SNOW,0,,,N,0700
US1TXAT0021,20160607,SNOW,0,,,N,0700
US1TXAT0021,20160608,SNOW,0,,,N,0700
US1TXAT0021,20160610,SNOW,0,,,N,0700
US1TXAT0021,20160611,SNOW,0,,,N,0700
US1TXAT0021,20160612,SNOW,0,,,N,0700
US1TXAT0021,20160613,SNOW,0,,,N,0700
US1TXAT0021,20160614,SNOW,0,,,N,0700
US1TXAT0021,20160615,SNOW,0,,,N,0700
US1TXAT0021,20160616,SNOW,0,,,N,0700
US1TXAT0021,20160617,SNOW,0,,,N,0700
US1TXAT0021,20160618,SNOW,0,,,N,0700
US1TXAT0021,20160619,SNOW,0,,,N,0700
US1TXAT0021,20160620,SNOW,0,,,N,0700
US1TXAT0021,20160622,SNOW,0,,,N,0700
US1TXAT0021,20160623,SNOW,0,,,N,0700
US1TXAT0021,20160624,SNOW,0,,,N,0700
US1TXAT0021,20160625,SNOW,0,,,N,0700
US1TXAT0021,20160628,SNOW,0,,,N,0700
US1TXAT0021,20160629,SNOW,0,,,N,0700
US1TXAT0021,20160630,SNOW,0,,,N,0700
US1TXAT0021,20160701,PRCP,0,,,N,0700
US1TXAT0021,20160702,PRCP,0,,,N,0700
US1TXAT0021,20160703,PRCP,0,,,N,0700
US1TXAT0021,20160704,PRCP,0,,,N,0700
US1TXAT0021,20160705,PRCP,0,,,N,0700
US1TXAT0021,20160706,PRCP,0,,,N,0700
US1TXAT0021,20160707,PRCP,0,,,N,0700
US1TXAT0021,20160708,PRCP,0,,,N,0700
US1TXAT0021,20160709,PRCP,0,,,N,0700
US1TXAT0021,20160710,PRCP,0,,,N,0700
US1TXAT0021,20160711,PRCP,0,,,N,0700
US1TXAT0021,20160712,PRCP,0,,,N,0700
US1TXAT0021,20160713,PRCP,0,,,N,0700
US1TXAT0021,20160714,PRCP,0,,,N,0700
US1TXAT0021,20160715,PRCP,0,,,N,0700
US1TXAT0021,20160716,PRCP,0,,,N,0700
US1TXAT0021,20160717,PRCP,0,,,N,0700
US1TXAT0021,20160718,PRCP,0,,,N,0700
US1TXAT0021,20160719,PRCP,0,,,N,0700
US1TXAT0021,20160720,PRCP,0,,,N,0700
US1TXAT0021,20160721,PRCP,0,,,N,0700
US1TXAT0021,20160722,PRCP,0,,,N,0700
US1TXAT0021,20160723,PRCP,0,,,N,0700
US1TXAT0021,20160724,PRCP,0,,,N,0700
US1TXAT0021,20160725,PRCP,0,,,N,0700
US1TXAT0021,20160726,PRCP,615,,,N,0700
US1TXAT0021,20160727,PRCP,3,,,N,0700
US1TXAT0021,20160728,PRCP,150,,,N,0700
US1TXAT0021,20160729,PRCP,18,,,N,0700
US1TXAT0021,20160730,PRCP,0,,,N,0700
US1TXAT0021,20160731,PRCP,0,,,N,0700
US1TXAT0021,20160701,SNOW,0,,,N,0700
US1TXAT0021,20160702,SNOW,0,,,N,0700
US1TXAT0021,20160703,SNOW,0,,,N,0700
US1TXAT0021,20160704,SNOW,0,,,N,0700
US1TXAT0021,20160705,SNOW,0,,,N,0700
US1TXAT0021,20160706,SNOW,0,,,N,0700
US1TXAT0021,20160707,SNOW,0,,,N,0700
US1TXAT0021,20160708,SNOW,0,,,N,0700
US1TXAT0021,20160709,SNOW,0,,,N,0700
US1TXAT0021,20160710,SNOW,0,,,N,0700
US1TXAT0021,20160711,SNOW,0,,,N,0700
US1TXAT0021,20160712,SNOW,0,,,N,0700
US1TXAT0021,20160713,SNOW,0,,,N,0700
US1TXAT0021,20160714,SNOW,0,,,N,0700
US1TXAT0021,20160715,SNOW,0,,,N,0700
US1TXAT0021,20160716,SNOW,0,,,N,0700
US1TXAT0021,20160717,SNOW,0,,,N,0700
US1TXAT0021,20160718,SNOW,0,,,N,0700
US1TXAT0021,20160719,SNOW,0,,,N,0700
US1TXAT0021,20160720,SNOW,0,,,N,0700
US1TXAT0021,20160721,SNOW,0,,,N,0700
US1TXAT0021,20160722,SNOW,0,,,N,0700
US1TXAT0021,20160723,SNOW,0,,,N,0700
US1TXAT0021,20160724,SNOW,0,,,N,0700
US1TXAT0021,20160725,SNOW,0,,,N,0700
US1TXAT0021,20160730,SNOW,0,,,N,0700
US1TXAT0021,20160731,SNOW,0,,,N,0700
US1TXAT0021,20160801,PRCP,0,,,N,0700
US1TXAT0021,20160802,PRCP,0,,,N,0700
US1TXAT0021,20160803,PRCP,0,,,N,0700
US1TXAT0021,20160804,PRCP,0,,,N,0700
US1TXAT0021,20160805,PRCP,0,,,N,0700
US1TXAT0021,20160806,PRCP,0,,,N,0700
US1TXAT0021,20160807,PRCP,0,,,N,0700
US1TXAT0021,20160808,PRCP,0,,,N,0700
US1TXAT0021,20160809,PRCP,0,,,N,0700
US1TXAT0021,20160810,PRCP,0,,,N,0700
US1TXAT0021,20160811,PRCP,0,,,N,0700
US1TXAT0021,20160812,PRCP,0,,,N,0700
US1TXAT0021,20160813,PRCP,0,,,N,0700
US1TXAT0021,20160814,PRCP,53,,,N,0700
US1TXAT0021,20160815,PRCP,411,,,N,0700
US1TXAT0021,20160816,PRCP,76,,,N,0700
US1TXAT0021,20160817,PRCP,38,,,N,0700
US1TXAT0021,20160818,PRCP,53,,,N,0700
US1TXAT0021,20160819,PRCP,5,,,N,0700
US1TXAT0021,20160820,PRCP,0,,,N,0700
US1TXAT0021,20160821,PRCP,754,,,N,0700
US1TXAT0021,20160825,PRCP,0,,,N,0700
US1TXAT0021,20160826,PRCP,0,,,N,0700
US1TXAT0021,20160827,PRCP,0,,,N,0700
US1TXAT0021,20160828,PRCP,0,,,N,0700
US1TXAT0021,20160829,PRCP,0,,,N,0700
US1TXAT0021,20160830,PRCP,0,,,N,0700
US1TXAT0021,20160831,PRCP,203,,,N,0700
US1TXAT0021,20160801,SNOW,0,,,N,0700
US1TXAT0021,20160802,SNOW,0,,,N,0700
US1TXAT0021,20160803,SNOW,0,,,N,0700
US1TXAT0021,20160804,SNOW,0,,,N,0700
US1TXAT0021,20160805,SNOW,0,,,N,0700
US1TXAT0021,20160806,SNOW,0,,,N,0700
US1TXAT0021,20160807,SNOW,0,,,N,0700
US1TXAT0021,20160808,SNOW,0,,,N,0700
US1TXAT0021,20160809,SNOW,0,,,N,0700
US1TXAT0021,20160810,SNOW,0,,,N,0700
US1TXAT0021,20160811,SNOW,0,,,N,0700
US1TXAT0021,20160812,SNOW,0,,,N,0700
US1TXAT0021,20160813,SNOW,0,,,N,0700
US1TXAT0021,20160820,SNOW,0,,,N,0700
US1TXAT0021,20160825,SNOW,0,,,N,0700
US1TXAT0021,20160826,SNOW,0,,,N,0700
US1TXAT0021,20160827,SNOW,0,,,N,0700
US1TXAT0021,20160828,SNOW,0,,,N,0700
US1TXAT0021,20160829,SNOW,0,,,N,0700
US1TXAT0021,20160830,SNOW,0,,,N,0700
US1TXAT0021,20160824,DAPR,3,,,N,0700
US1TXAT0021,20160824,MDPR,130,,,N,0700
US1TXAT0021,20160901,PRCP,5,,,N,0700
US1TXAT0021,20160902,PRCP,0,,,N,0700
US1TXAT0021,20160903,PRCP,3,,,N,0700
US1TXAT0021,20160904,PRCP,0,,,N,0700
US1TXAT0021,20160905,PRCP,3,,,N,0700
US1TXAT0021,20160906,PRCP,0,,,N,0700
US1TXAT0021,20160907,PRCP,0,,,N,0700
US1TXAT0021,20160908,PRCP,0,,,N,0700
US1TXAT0021,20160909,PRCP,0,,,N,0700
US1TXAT0021,20160910,PRCP,0,,,N,0700
US1TXAT0021,20160911,PRCP,0,,,N,0700
US1TXAT0021,20160912,PRCP,0,,,N,0700
US1TXAT0021,20160913,PRCP,0,,,N,0700
US1TXAT0021,20160914,PRCP,0,,,N,0700
US1TXAT0021,20160915,PRCP,0,,,N,0700
US1TXAT0021,20160916,PRCP,0,,,N,0700
US1TXAT0021,20160917,PRCP,0,,,N,0700
US1TXAT0021,20160918,PRCP,0,,,N,0700
US1TXAT0021,20160919,PRCP,0,,,N,0700
US1TXAT0021,20160920,PRCP,0,,,N,0700
US1TXAT0021,20160921,PRCP,0,,,N,0700
US1TXAT0021,20160922,PRCP,0,,,N,0700
US1TXAT0021,20160923,PRCP,0,,,N,0700
US1TXAT0021,20160924,PRCP,0,,,N,0700
US1TXAT0021,20160925,PRCP,0,,,N,0700
US1TXAT0021,20160926,PRCP,505,,,N,0700
US1TXAT0021,20160927,PRCP,0,T,,N,0700
US1TXAT0021,20160928,PRCP,0,,,N,0700
US1TXAT0021,20160929,PRCP,0,,,N,0700
US1TXAT0021,20160930,PRCP,0,,,N,0700
US1TXAT0021,20160902,SNOW,0,,,N,0700
US1TXAT0021,20160904,SNOW,0,,,N,0700
US1TXAT0021,20160907,SNOW,0,,,N,0700
US1TXAT0021,20160908,SNOW,0,,,N,0700
US1TXAT0021,20160909,SNOW,0,,,N,0700
US1TXAT0021,20160910,SNOW,0,,,N,0700
US1TXAT0021,20160911,SNOW,0,,,N,0700
US1TXAT0021,20160912,SNOW,0,,,N,0700
US1TXAT0021,20160913,SNOW,0,,,N,0700
US1TXAT0021,20160914,SNOW,0,,,N,0700
US1TXAT0021,20160915,SNOW,0,,,N,0700
US1TXAT0021,20160916,SNOW,0,,,N,0700
US1TXAT0021,20160917,SNOW,0,,,N,0700
US1TXAT0021,20160918,SNOW,0,,,N,0700
US1TXAT0021,20160919,SNOW,0,,,N,0700
US1TXAT0021,20160920,SNOW,0,,,N,0700
US1TXAT0021,20160921,SNOW,0,,,N,0700
US1TXAT0021,20160922,SNOW,0,,,N,0700
US1TXAT0021,20160923,SNOW,0,,,N,0700
US1TXAT0021,20160924,SNOW,0,,,N,0700
US1TXAT0021,20160925,SNOW,0,,,N,0700
US1TXAT0021,20160928,SNOW,0,,,N,0700
US1TXAT0021,20160929,SNOW,0,,,N,0700
US1TXAT0021,20160930,SNOW,0,,,N,0700
US1TXAT0021,20161001,PRCP,0,,,N,0700
US1TXAT0021,20161002,PRCP,0,,,N,0700
US1TXAT0021,20161003,PRCP,0,,,N,0700
US1TXAT0021,20161004,PRCP,0,,,N,0700
US1TXAT0021,20161005,PRCP,0,,,N,0700
US1TXAT0021,20161006,PRCP,0,,,N,0700
US1TXAT0021,20161007,PRCP,0,,,N,0700
US1TXAT0021,20161008,PRCP,15,,,N,0700
US1TXAT0021,20161009,PRCP,0,,,N,0700
US1TXAT0021,20161010,PRCP,0,,,N,0700
US1TXAT0021,20161011,PRCP,0,,,N,0700
US1TXAT0021,20161012,PRCP,0,,,N,0700
US1TXAT0021,20161013,PRCP,0,,,N,0700
US1TXAT0021,20161014,PRCP,0,,,N,0700
US1TXAT0021,20161015,PRCP,0,,,N,0700
US1TXAT0021,20161016,PRCP,0,,,N,0700
US1TXAT0021,20161017,PRCP,0,,,N,0700
US1TXAT0021,20161018,PRCP,0,,,N,0700
US1TXAT0021,20161019,PRCP,0,,,N,0700
US1TXAT0021,20161020,PRCP,0,,,N,0700
US1TXAT0021,20161021,PRCP,0,,,N,0700
US1TXAT0021,20161022,PRCP,0,,,N,0700
US1TXAT0021,20161023,PRCP,0,,,N,0700
US1TXAT0021,20161024,PRCP,0,,,N,0700
US1TXAT0021,20161025,PRCP,3,,,N,0700
US1TXAT0021,20161001,SNOW,0,,,N,0700
US1TXAT0021,20161002,SNOW,0,,,N,0700
US1TXAT0021,20161003,SNOW,0,,,N,0700
US1TXAT0021,20161004,SNOW,0,,,N,0700
US1TXAT0021,20161005,SNOW,0,,,N,0700
US1TXAT0021,20161006,SNOW,0,,,N,0700
US1TXAT0021,20161007,SNOW,0,,,N,0700
US1TXAT0021,20161009,SNOW,0,,,N,0700
US1TXAT0021,20161010,SNOW,0,,,N,0700
US1TXAT0021,20161011,SNOW,0,,,N,0700
US1TXAT0021,20161012,SNOW,0,,,N,0700
US1TXAT0021,20161013,SNOW,0,,,N,0700
US1TXAT0021,20161014,SNOW,0,,,N,0700
US1TXAT0021,20161015,SNOW,0,,,N,0700
US1TXAT0021,20161016,SNOW,0,,,N,0700
US1TXAT0021,20161017,SNOW,0,,,N,0700
US1TXAT0021,20161018,SNOW,0,,,N,0700
US1TXAT0021,20161019,SNOW,0,,,N,0700
US1TXAT0021,20161020,SNOW,0,,,N,0700
US1TXAT0021,20161021,SNOW,0,,,N,0700
US1TXAT0021,20161022,SNOW,0,,,N,0700
US1TXAT0021,20161023,SNOW,0,,,N,0700
US1TXAT0021,20161024,SNOW,0,,,N,0700
US1TXAT0021,20161108,PRCP,191,,,N,0700
US1TXAT0021,20161109,PRCP,86,,,N,0700
US1TXAT0021,20161110,PRCP,8,,,N,0700
US1TXAT0021,20161112,PRCP,5,,,N,0700
US1TXAT0021,20161107,DAPR,13,,,N,0700
US1TXAT0021,20161107,MDPR,41,,,N,0700
US1TXAT0021,20161201,PRCP,0,,,N,0700
US1TXAT0021,20161202,PRCP,0,,,N,0700
US1TXAT0021,20161203,PRCP,325,,,N,0700
US1TXAT0021,20161204,PRCP,249,,,N,0700
US1TXAT0021,20161205,PRCP,432,,,N,0700
US1TXAT0021,20161206,PRCP,5,,,N,0700
US1TXAT0021,20161207,PRCP,0,,,N,0700
US1TXAT0021,20161208,PRCP,0,,,N,0700
US1TXAT0021,20161209,PRCP,0,,,N,0700
US1TXAT0021,20161210,PRCP,0,,,N,0700
US1TXAT0021,20161211,PRCP,5,,,N,0700
US1TXAT0021,20161212,PRCP,0,T,,N,0700
US1TXAT0021,20161213,PRCP,3,,,N,0700
US1TXAT0021,20161214,PRCP,0,,,N,0700
US1TXAT0021,20161215,PRCP,0,,,N,0700
US1TXAT0021,20161216,PRCP,0,,,N,0700
US1TXAT0021,20161217,PRCP,5,,,N,0700
US1TXAT0021,20161218,PRCP,0,,,N,0700
US1TXAT0021,20161219,PRCP,0,,,N,0700
US1TXAT0021,20161220,PRCP,0,,,N,0700
US1TXAT0021,20161221,PRCP,0,,,N,0700
US1TXAT0021,20161222,PRCP,0,,,N,0700
US1TXAT0021,20161223,PRCP,0,,,N,0700
US1TXAT0021,20161224,PRCP,5,,,N,0700
US1TXAT0021,20161225,PRCP,0,,,N,0700
US1TXAT0021,20161226,PRCP,0,,,N,0700
US1TXAT0021,20161227,PRCP,0,T,,N,0700
US1TXAT0021,20161228,PRCP,0,,,N,0700
US1TXAT0021,20161229,PRCP,0,,,N,0700
US1TXAT0021,20161230,PRCP,0,,,N,0700
US1TXAT0021,20161231,PRCP,15,,,N,0700
US1TXAT0021,20161201,SNOW,0,,,N,0700
US1TXAT0021,20161202,SNOW,0,,,N,0700
US1TXAT0021,20161207,SNOW,0,,,N,0700
US1TXAT0021,20161208,SNOW,0,,,N,0700
US1TXAT0021,20161209,SNOW,0,,,N,0700
US1TXAT0021,20161210,SNOW,0,,,N,0700
US1TXAT0021,20161214,SNOW,0,,,N,0700
US1TXAT0021,20161215,SNOW,0,,,N,0700
US1TXAT0021,20161216,SNOW,0,,,N,0700
US1TXAT0021,20161218,SNOW,0,,,N,0700
US1TXAT0021,20161219,SNOW,0,,,N,0700
US1TXAT0021,20161220,SNOW,0,,,N,0700
US1TXAT0021,20161221,SNOW,0,,,N,0700
US1TXAT0021,20161222,SNOW,0,,,N,0700
US1TXAT0021,20161223,SNOW,0,,,N,0700
US1TXAT0021,20161226,SNOW,0,,,N,0700
US1TXAT0021,20161228,SNOW,0,,,N,0700
US1TXAT0021,20161229,SNOW,0,,,N,0700
US1TXAT0021,20161230,SNOW,0,,,N,0700
US1TXAT0021,20170101,PRCP,0,,,N,0700
US1TXAT0021,20170102,PRCP,3,,,N,0700
US1TXAT0021,20170103,PRCP,0,,,N,0700
US1TXAT0021,20170104,PRCP,0,,,N,0700
US1TXAT0021,20170105,PRCP,0,,,N,0700
US1TXAT0021,20170106,PRCP,0,,,N,0700
US1TXAT0021,20170107,PRCP,0,,,N,0700
US1TXAT0021,20170108,PRCP,0,,,N,0700
US1TXAT0021,20170109,PRCP,0,,,N,0700
US1TXAT0021,20170110,PRCP,0,,,N,0700
US1TXAT0021,20170111,PRCP,0,,,N,0700
US1TXAT0021,20170112,PRCP,0,,,N,0700
US1TXAT0021,20170113,PRCP,0,,,N,0700
US1TXAT0021,20170114,PRCP,0,,,N,0700
US1TXAT0021,20170115,PRCP,0,,,N,0700
US1TXAT0021,20170116,PRCP,5,,,N,0700
US1TXAT0021,20170117,PRCP,5,,,N,0700
US1TXAT0021,20170118,PRCP,48,,,N,0700
US1TXAT0021,20170119,PRCP,38,,,N,0700
US1TXAT0021,20170120,PRCP,5,,,N,0700
US1TXAT0021,20170121,PRCP,0,,,N,0700
US1TXAT0021,20170122,PRCP,0,,,N,0700
US1TXAT0021,20170123,PRCP,0,,,N,0700
US1TXAT0021,20170124,PRCP,0,,,N,0700
US1TXAT0021,20170125,PRCP,0,,,N,0700
US1TXAT0021,20170126,PRCP,0,,,N,0700
US1TXAT0021,20170127,PRCP,0,,,N,0700
US1TXAT0021,20170128,PRCP,25,,,N,0700
US1TXAT0021,20170129,PRCP,3,,,N,0700
US1TXAT0021,20170130,PRCP,0,,,N,0700
US1TXAT0021,20170131,PRCP,0,,,N,0700
US1TXAT0021,20170101,SNOW,0,,,N,0700
US1TXAT0021,20170103,SNOW,0,,,N,0700
US1TXAT0021,20170104,SNOW,0,,,N,0700
US1TXAT0021,20170105,SNOW,0,,,N,0700
US1TXAT0021,20170106,SNOW,0,,,N,0700
US1TXAT0021,20170107,SNOW,0,,,N,0700
US1TXAT0021,20170108,SNOW,0,,,N,0700
US1TXAT0021,20170109,SNOW,0,,,N,0700
US1TXAT0021,20170110,SNOW,0,,,N,0700
US1TXAT0021,20170111,SNOW,0,,,N,0700
US1TXAT0021,20170112,SNOW,0,,,N,0700
US1TXAT0021,20170113,SNOW,0,,,N,0700
US1TXAT0021,20170114,SNOW,0,,,N,0700
US1TXAT0021,20170115,SNOW,0,,,N,0700
US1TXAT0021,20170121,SNOW,0,,,N,0700
US1TXAT0021,20170122,SNOW,0,,,N,0700
US1TXAT0021,20170123,SNOW,0,,,N,0700
US1TXAT0021,20170124,SNOW,0,,,N,0700
US1TXAT0021,20170125,SNOW,0,,,N,0700
US1TXAT0021,20170126,SNOW,0,,,N,0700
US1TXAT0021,20170127,SNOW,0,,,N,0700
US1TXAT0021,20170130,SNOW,0,,,N,0700
US1TXAT0021,20170131,SNOW,0,,,N,0700
US1TXAT0021,20170201,PRCP,0,,,N,0700
US1TXAT0021,20170202,PRCP,0,,,N,0700
US1TXAT0021,20170203,PRCP,0,,,N,0700
US1TXAT0021,20170204,PRCP,10,,,N,0700
US1TXAT0021,20170205,PRCP,5,,,N,0700
US1TXAT0021,20170206,PRCP,0,,,N,0700
US1TXAT0021,20170207,PRCP,0,,,N,0700
US1TXAT0021,20170208,PRCP,0,,,N,0700
US1TXAT0021,20170209,PRCP,0,,,N,0700
US1TXAT0021,20170210,PRCP,0,,,N,0700
US1TXAT0021,20170211,PRCP,0,,,N,0700
US1TXAT0021,20170212,PRCP,0,,,N,0700
US1TXAT0021,20170213,PRCP,0,,,N,0700
US1TXAT0021,20170214,PRCP,140,,,N,0700
US1TXAT0021,20170215,PRCP,0,,,N,0700
US1TXAT0021,20170216,PRCP,0,,,N,0700
US1TXAT0021,20170217,PRCP,0,,,N,0700
US1TXAT0021,20170218,PRCP,0,,,N,0700
US1TXAT0021,20170219,PRCP,0,,,N,0700
US1TXAT0021,20170220,PRCP,493,,,N,0700
US1TXAT0021,20170221,PRCP,0,,,N,0700
US1TXAT0021,20170222,PRCP,0,,,N,0700
US1TXAT0021,20170223,PRCP,0,,,N,0700
US1TXAT0021,20170224,PRCP,0,,,N,0700
US1TXAT0021,20170225,PRCP,0,,,N,0700
US1TXAT0021,20170226,PRCP,0,,,N,0700
US1TXAT0021,20170227,PRCP,0,,,N,0700
US1TXAT0021,20170228,PRCP,0,,,N,0700
US1TXAT0021,20170201,SNOW,0,,,N,0700
US1TXAT0021,20170202,SNOW,0,,,N,0700
US1TXAT0021,20170203,SNOW,0,,,N,0700
US1TXAT0021,20170206,SNOW,0,,,N,0700
US1TXAT0021,20170207,SNOW,0,,,N,0700
US1TXAT0021,20170208,SNOW,0,,,N,0700
US1TXAT0021,20170209,SNOW,0,,,N,0700
US1TXAT0021,20170210,SNOW,0,,,N,0700
US1TXAT0021,20170211,SNOW,0,,,N,0700
US1TXAT0021,20170212,SNOW,0,,,N,0700
US1TXAT0021,20170213,SNOW,0,,,N,0700
US1TXAT0021,20170215,SNOW,0,,,N,0700
US1TXAT0021,20170216,SNOW,0,,,N,0700
US1TXAT0021,20170217,SNOW,0,,,N,0700
US1TXAT0021,20170218,SNOW,0,,,N,0700
US1TXAT0021,20170219,SNOW,0,,,N,0700
US1TXAT0021,20170221,SNOW,0,,,N,0700
US1TXAT0021,20170222,SNOW,0,,,N,0700
US1TXAT0021,20170223,SNOW,0,,,N,0700
US1TXAT0021,20170224,SNOW,0,,,N,0700
US1TXAT0021,20170225,SNOW,0,,,N,0700
US1TXAT0021,20170226,SNOW,0,,,N,0700
US1TXAT0021,20170227,SNOW,0,,,N,0700
US1TXAT0021,20170228,SNOW,0,,,N,0700
US1TXAT0021,20170301,PRCP,0,,,N,0700
US1TXAT0021,20170302,PRCP,0,,,N,0700
US1TXAT0021,20170303,PRCP,0,,,N,0700
US1TXAT0021,20170304,PRCP,0,,,N,0700
US1TXAT0021,20170305,PRCP,287,,,N,0700
US1TXAT0021,20170306,PRCP,0,,,N,0700
US1TXAT0021,20170307,PRCP,0,,,N,0700
US1TXAT0021,20170308,PRCP,0,,,N,0700
US1TXAT0021,20170309,PRCP,5,,,N,0700
US1TXAT0021,20170310,PRCP,254,,,N,0700
US1TXAT0021,20170311,PRCP,64,,,N,0700
US1TXAT0021,20170312,PRCP,8,,,N,0700
US1TXAT0021,20170313,PRCP,5,,,N,0700
US1TXAT0021,20170314,PRCP,0,,,N,0700
US1TXAT0021,20170315,PRCP,0,,,N,0700
US1TXAT0021,20170316,PRCP,0,,,N,0700
US1TXAT0021,20170317,PRCP,0,,,N,0700
US1TXAT0021,20170318,PRCP,0,,,N,0700
US1TXAT0021,20170319,PRCP,0,,,N,0700
US1TXAT0021,20170320,PRCP,0,,,N,0700
US1TXAT0021,20170321,PRCP,0,,,N,0700
US1TXAT0021,20170322,PRCP,0,,,N,0700
US1TXAT0021,20170323,PRCP,0,,,N,0700
US1TXAT0021,20170324,PRCP,0,,,N,0700
US1TXAT0021,20170325,PRCP,0,,,N,0700
US1TXAT0021,20170326,PRCP,0,,,N,0700
US1TXAT0021,20170327,PRCP,0,,,N,0700
US1TXAT0021,20170328,PRCP,0,,,N,0700
US1TXAT0021,20170329,PRCP,79,,,N,0700
US1TXAT0021,20170330,PRCP,0,,,N,0700
US1TXAT0021,20170331,PRCP,0,,,N,0700
US1TXAT0021,20170301,SNOW,0,,,N,0700
US1TXAT0021,20170302,SNOW,0,,,N,0700
US1TXAT0021,20170303,SNOW,0,,,N,0700
US1TXAT0021,20170304,SNOW,0,,,N,0700
US1TXAT0021,20170306,SNOW,0,,,N,0700
US1TXAT0021,20170307,SNOW,0,,,N,0700
US1TXAT0021,20170308,SNOW,0,,,N,0700
US1TXAT0021,20170314,SNOW,0,,,N,0700
US1TXAT0021,20170315,SNOW,0,,,N,0700
US1TXAT0021,20170316,SNOW,0,,,N,0700
US1TXAT0021,20170317,SNOW,0,,,N,0700
US1TXAT0021,20170318,SNOW,0,,,N,0700
US1TXAT0021,20170319,SNOW,0,,,N,0700
US1TXAT0021,20170320,SNOW,0,,,N,0700
US1TXAT0021,20170321,SNOW,0,,,N,0700
US1TXAT0021,20170322,SNOW,0,,,N,0700
US1TXAT0021,20170323,SNOW,0,,,N,0700
US1TXAT0021,20170324,SNOW,0,,,N,0700
US1TXAT0021,20170325,SNOW,0,,,N,0700
US1TXAT0021,20170326,SNOW,0,,,N,0700
US1TXAT0021,20170327,SNOW,0,,,N,0700
US1TXAT0021,20170328,SNOW,0,,,N,0700
US1TXAT0021,20170330,SNOW,0,,,N,0700
US1TXAT0021,20170331,SNOW,0,,,N,0700
US1TXAT0021,20170401,PRCP,0,,,N,0700
US1TXAT0021,20170402,PRCP,0,,,N,0700
US1TXAT0021,20170403,PRCP,107,,,N,0700
US1TXAT0021,20170404,PRCP,0,,,N,0700
US1TXAT0021,20170405,PRCP,0,,,N,0700
US1TXAT0021,20170406,PRCP,0,,,N,0700
US1TXAT0021,20170407,PRCP,0,,,N,0700
US1TXAT0021,20170408,PRCP,0,,,N,0700
US1TXAT0021,20170409,PRCP,0,,,N,0700
US1TXAT0021,20170410,PRCP,0,,,N,0700
US1TXAT0021,20170411,PRCP,0,T,,N,0700
US1TXAT0021,20170412,PRCP,163,,,N,0700
US1TXAT0021,20170413,PRCP,18,,,N,0700
US1TXAT0021,20170414,PRCP,0,,,N,0700
US1TXAT0021,20170415,PRCP,0,,,N,0700
US1TXAT0021,20170416,PRCP,0,,,N,0700
US1TXAT0021,20170417,PRCP,38,,,N,0700
US1TXAT0021,20170418,PRCP,8,,,N,0700
US1TXAT0021,20170419,PRCP,0,,,N,0700
US1TXAT0021,20170420,PRCP,0,,,N,0700
US1TXAT0021,20170421,PRCP,0,,,N,0700
US1TXAT0021,20170422,PRCP,0,,,N,0700
US1TXAT0021,20170423,PRCP,0,,,N,0700
US1TXAT0021,20170424,PRCP,0,,,N,0700
US1TXAT0021,20170425,PRCP,0,,,N,0700
US1TXAT0021,20170426,PRCP,0,,,N,0700
US1TXAT0021,20170427,PRCP,0,,,N,0700
US1TXAT0021,20170428,PRCP,0,,,N,0700
US1TXAT0021,20170429,PRCP,0,,,N,0700
US1TXAT0021,20170430,PRCP,13,,,N,0700
US1TXAT0021,20170401,SNOW,0,,,N,0700
US1TXAT0021,20170402,SNOW,0,,,N,0700
US1TXAT0021,20170404,SNOW,0,,,N,0700
US1TXAT0021,20170405,SNOW,0,,,N,0700
US1TXAT0021,20170406,SNOW,0,,,N,0700
US1TXAT0021,20170407,SNOW,0,,,N,0700
US1TXAT0021,20170408,SNOW,0,,,N,0700
US1TXAT0021,20170409,SNOW,0,,,N,0700
US1TXAT0021,20170410,SNOW,0,,,N,0700
US1TXAT0021,20170415,SNOW,0,,,N,0700
US1TXAT0021,20170416,SNOW,0,,,N,0700
US1TXAT0021,20170419,SNOW,0,,,N,0700
US1TXAT0021,20170420,SNOW,0,,,N,0700
US1TXAT0021,20170421,SNOW,0,,,N,0700
US1TXAT0021,20170422,SNOW,0,,,N,0700
US1TXAT0021,20170423,SNOW,0,,,N,0700
US1TXAT0021,20170424,SNOW,0,,,N,0700
US1TXAT0021,20170425,SNOW,0,,,N,0700
US1TXAT0021,20170426,SNOW,0,,,N,0700
US1TXAT0021,20170427,SNOW,0,,,N,0700
US1TXAT0021,20170428,SNOW,0,,,N,0700
US1TXAT0021,20170429,SNOW,0,,,N,0700
US1TXAT0021,20170501,PRCP,0,,,N,0700
US1TXAT0021,20170502,PRCP,0,,,N,0700
US1TXAT0021,20170503,PRCP,0,,,N,0700
US1TXAT0021,20170504,PRCP,0,,,N,0700
US1TXAT0021,20170505,PRCP,0,,,N,0700
US1TXAT0021,20170506,PRCP,0,,,N,0700
US1TXAT0021,20170507,PRCP,0,,,N,0700
US1TXAT0021,20170508,PRCP,0,,,N,0700
US1TXAT0021,20170509,PRCP,0,,,N,0700
US1TXAT0021,20170510,PRCP,3,,,N,0700
US1TXAT0021,20170511,PRCP,0,,,N,0700
US1TXAT0021,20170512,PRCP,0,,,N,0700
US1TXAT0021,20170513,PRCP,0,,,N,0700
US1TXAT0021,20170514,PRCP,0,,,N,0700
US1TXAT0021,20170515,PRCP,0,,,N,0700
US1TXAT0021,20170516,PRCP,0,T,,N,0700
US1TXAT0021,20170517,PRCP,0,,,N,0700
US1TXAT0021,20170518,PRCP,8,,,N,0700
US1TXAT0021,20170519,PRCP,0,,,N,0700
US1TXAT0021,20170520,PRCP,0,,,N,0700
US1TXAT0021,20170521,PRCP,5,,,N,0700
US1TXAT0021,20170522,PRCP,183,,,N,0700
US1TXAT0021,20170523,PRCP,0,,,N,0700
US1TXAT0021,20170524,PRCP,107,,,N,0700
US1TXAT0021,20170525,PRCP,0,,,N,0700
US1TXAT0021,20170526,PRCP,0,,,N,0700
US1TXAT0021,20170527,PRCP,0,,,N,0700
US1TXAT0021,20170528,PRCP,0,,,N,0700
US1TXAT0021,20170529,PRCP,18,,,N,0700
US1TXAT0021,20170530,PRCP,3,,,N,0700
US1TXAT0021,20170531,PRCP,0,,,N,0700
US1TXAT0021,20170501,SNOW,0,,,N,0700
US1TXAT0021,20170502,SNOW,0,,,N,0700
US1TXAT0021,20170503,SNOW,0,,,N,0700
US1TXAT0021,20170504,SNOW,0,,,N,0700
US1TXAT0021,20170505,SNOW,0,,,N,0700
US1TXAT0021,20170506,SNOW,0,,,N,0700
US1TXAT0021,20170507,SNOW,0,,,N,0700
US1TXAT0021,20170508,SNOW,0,,,N,0700
US1TXAT0021,20170509,SNOW,0,,,N,0700
US1TXAT0021,20170511,SNOW,0,,,N,0700
US1TXAT0021,20170512,SNOW,0,,,N,0700
US1TXAT0021,20170513,SNOW,0,,,N,0700
US1TXAT0021,20170514,SNOW,0,,,N,0700
US1TXAT0021,20170515,SNOW,0,,,N,0700
US1TXAT0021,20170517,SNOW,0,,,N,0700
US1TXAT0021,20170519,SNOW,0,,,N,0700
US1TXAT0021,20170520,SNOW,0,,,N,0700
US1TXAT0021,20170523,SNOW,0,,,N,0700
US1TXAT0021,20170525,SNOW,0,,,N,0700
US1TXAT0021,20170526,SNOW,0,,,N,0700
US1TXAT0021,20170527,SNOW,0,,,N,0700
US1TXAT0021,20170528,SNOW,0,,,N,0700
US1TXAT0021,20170531,SNOW,0,,,N,0700
US1TXAT0021,20170601,PRCP,122,,,N,0700
US1TXAT0021,20170602,PRCP,3,,,N,0700
US1TXAT0021,20170603,PRCP,0,,,N,0700
US1TXAT0021,20170604,PRCP,0,,,N,0700
US1TXAT0021,20170605,PRCP,13,,,N,0700
US1TXAT0021,20170606,PRCP,145,,,N,0700
US1TXAT0021,20170607,PRCP,0,,,N,0700
US1TXAT0021,20170608,PRCP,0,,,N,0700
US1TXAT0021,20170609,PRCP,0,,,N,0700
US1TXAT0021,20170610,PRCP,0,,,N,0700
US1TXAT0021,20170611,PRCP,0,,,N,0700
US1TXAT0021,20170612,PRCP,0,,,N,0700
US1TXAT0021,20170613,PRCP,0,,,N,0700
US1TXAT0021,20170614,PRCP,0,,,N,0700
US1TXAT0021,20170615,PRCP,0,,,N,0700
US1TXAT0021,20170616,PRCP,0,,,N,0700
US1TXAT0021,20170617,PRCP,0,,,N,0700
US1TXAT0021,20170618,PRCP,0,,,N,0700
US1TXAT0021,20170619,PRCP,0,,,N,0700
US1TXAT0021,20170620,PRCP,0,,,N,0700
US1TXAT0021,20170621,PRCP,0,,,N,0700
US1TXAT0021,20170622,PRCP,0,,,N,0700
US1TXAT0021,20170623,PRCP,0,,,N,0700
US1TXAT0021,20170624,PRCP,0,,,N,0700
US1TXAT0021,20170625,PRCP,168,,,N,0700
US1TXAT0021,20170626,PRCP,0,,,N,0700
US1TXAT0021,20170627,PRCP,41,,,N,0700
US1TXAT0021,20170628,PRCP,114,,,N,0700
US1TXAT0021,20170629,PRCP,0,,,N,0700
US1TXAT0021,20170630,PRCP,0,,,N,0700
US1TXAT0021,20170603,SNOW,0,,,N,0700
US1TXAT0021,20170604,SNOW,0,,,N,0700
US1TXAT0021,20170607,SNOW,0,,,N,0700
US1TXAT0021,20170608,SNOW,0,,,N,0700
US1TXAT0021,20170609,SNOW,0,,,N,0700
US1TXAT0021,20170610,SNOW,0,,,N,0700
US1TXAT0021,20170611,SNOW,0,,,N,0700
US1TXAT0021,20170613,SNOW,0,,,N,0700
US1TXAT0021,20170614,SNOW,0,,,N,0700
US1TXAT0021,20170615,SNOW,0,,,N,0700
US1TXAT0021,20170616,SNOW,0,,,N,0700
US1TXAT0021,20170617,SNOW,0,,,N,0700
US1TXAT0021,20170618,SNOW,0,,,N,0700
US1TXAT0021,20170619,SNOW,0,,,N,0700
US1TXAT0021,20170620,SNOW,0,,,N,0700
US1TXAT0021,20170621,SNOW,0,,,N,0700
US1TXAT0021,20170622,SNOW,0,,,N,0700
US1TXAT0021,20170623,SNOW,0,,,N,0700
US1TXAT0021,20170624,SNOW,0,,,N,0700
US1TXAT0021,20170626,SNOW,0,,,N,0700
US1TXAT0021,20170629,SNOW,0,,,N,0700
US1TXAT0021,20170630,SNOW,0,,,N,0700
US1TXAT0021,20170701,PRCP,0,,,N,0700
US1TXAT0021,20170702,PRCP,0,,,N,0700
US1TXAT0021,20170703,PRCP,0,,,N,0700
US1TXAT0021,20170704,PRCP,0,,,N,0700
US1TXAT0021,20170705,PRCP,0,,,N,0700
US1TXAT0021,20170706,PRCP,0,,,N,0700
US1TXAT0021,20170707,PRCP,0,,,N,0700
US1TXAT0021,20170708,PRCP,0,,,N,0700
US1TXAT0021,20170709,PRCP,0,,,N,0700
US1TXAT0021,20170710,PRCP,0,,,N,0700
US1TXAT0021,20170711,PRCP,0,,,N,0700
US1TXAT0021,20170712,PRCP,0,,,N,0700
US1TXAT0021,20170713,PRCP,38,,,N,0700
US1TXAT0021,20170714,PRCP,38,,,N,0700
US1TXAT0021,20170716,PRCP,0,T,,N,0700
US1TXAT0021,20170717,PRCP,0,,,N,0700
US1TXAT0021,20170718,PRCP,0,,,N,0700
US1TXAT0021,20170719,PRCP,0,,,N,0700
US1TXAT0021,20170720,PRCP,0,,,N,0700
US1TXAT0021,20170721,PRCP,0,,,N,0700
US1TXAT0021,20170722,PRCP,0,,,N,0700
US1TXAT0021,20170701,SNOW,0,,,N,0700
US1TXAT0021,20170702,SNOW,0,,,N,0700
US1TXAT0021,20170703,SNOW,0,,,N,0700
US1TXAT0021,20170704,SNOW,0,,,N,0700
US1TXAT0021,20170705,SNOW,0,,,N,0700
US1TXAT0021,20170706,SNOW,0,,,N,0700
US1TXAT0021,20170707,SNOW,0,,,N,0700
US1TXAT0021,20170708,SNOW,0,,,N,0700
US1TXAT0021,20170709,SNOW,0,,,N,0700
US1TXAT0021,20170710,SNOW,0,,,N,0700
US1TXAT0021,20170711,SNOW,0,,,N,0700
US1TXAT0021,20170712,SNOW,0,,,N,0700
US1TXAT0021,20170717,SNOW,0,,,N,0700
US1TXAT0021,20170718,SNOW,0,,,N,0700
US1TXAT0021,20170719,SNOW,0,,,N,0700
US1TXAT0021,20170720,SNOW,0,,,N,0700
US1TXAT0021,20170721,SNOW,0,,,N,0700
US1TXAT0021,20170722,SNOW,0,,,N,0700
US1TXAT0021,20170816,PRCP,0,,,N,0700
US1TXAT0021,20170817,PRCP,0,,,N,0700
US1TXAT0021,20170818,PRCP,0,,,N,0700
US1TXAT0021,20170819,PRCP,0,,,N,0700
US1TXAT0021,20170820,PRCP,0,,,N,0700
US1TXAT0021,20170821,PRCP,0,,,N,0700
US1TXAT0021,20170822,PRCP,0,,,N,0700
US1TXAT0021,20170823,PRCP,0,,,N,0700
US1TXAT0021,20170824,PRCP,41,,,N,0700
US1TXAT0021,20170825,PRCP,0,,,N,0700
US1TXAT0021,20170826,PRCP,48,,,N,0700
US1TXAT0021,20170827,PRCP,155,,,N,0700
US1TXAT0021,20170828,PRCP,10,,,N,0700
US1TXAT0021,20170816,SNOW,0,,,N,0700
US1TXAT0021,20170817,SNOW,0,,,N,0700
US1TXAT0021,20170818,SNOW,0,,,N,0700
US1TXAT0021,20170819,SNOW,0,,,N,0700
US1TXAT0021,20170820,SNOW,0,,,N,0700
US1TXAT0021,20170821,SNOW,0,,,N,0700
US1TXAT0021,20170822,SNOW,0,,,N,0700
US1TXAT0021,20170823,SNOW,0,,,N,0700
US1TXAT0021,20170825,SNOW,0,,,N,0700
US1TXAT0021,20170815,DAPR,24,,,N,1900
US1TXAT0021,20170815,MDPR,513,,,N,1900
US1TXAT0021,20171014,PRCP,0,,,N,0700
US1TXAT0021,20171015,PRCP,0,,,N,0700
US1TXAT0021,20171016,PRCP,0,,,N,0700
US1TXAT0021,20171017,PRCP,0,,,N,0700
US1TXAT0021,20171018,PRCP,0,,,N,0700
US1TXAT0021,20171019,PRCP,0,,,N,0700
US1TXAT0021,20171020,PRCP,0,,,N,0700
US1TXAT0021,20171021,PRCP,0,,,N,0700
US1TXAT0021,20171022,PRCP,0,,,N,0700
US1TXAT0021,20171023,PRCP,5,,,N,0700
US1TXAT0021,20171024,PRCP,0,,,N,0700
US1TXAT0021,20171025,PRCP,0,,,N,0700
US1TXAT0021,20171026,PRCP,0,,,N,0700
US1TXAT0021,20171027,PRCP,0,,,N,0700
US1TXAT0021,20171028,PRCP,0,,,N,0700
US1TXAT0021,20171029,PRCP,0,,,N,0700
US1TXAT0021,20171030,PRCP,0,,,N,0700
US1TXAT0021,20171031,PRCP,0,,,N,0700
US1TXAT0021,20171014,SNOW,0,,,N,0700
US1TXAT0021,20171015,SNOW,0,,,N,0700
US1TXAT0021,20171016,SNOW,0,,,N,0700
US1TXAT0021,20171017,SNOW,0,,,N,0700
US1TXAT0021,20171018,SNOW,0,,,N,0700
US1TXAT0021,20171019,SNOW,0,,,N,0700
US1TXAT0021,20171020,SNOW,0,,,N,0700
US1TXAT0021,20171021,SNOW,0,,,N,0700
US1TXAT0021,20171022,SNOW,0,,,N,0700
US1TXAT0021,20171024,SNOW,0,,,N,0700
US1TXAT0021,20171025,SNOW,0,,,N,0700
US1TXAT0021,20171026,SNOW,0,,,N,0700
US1TXAT0021,20171027,SNOW,0,,,N,0700
US1TXAT0021,20171028,SNOW,0,,,N,0700
US1TXAT0021,20171029,SNOW,0,,,N,0700
US1TXAT0021,20171030,SNOW,0,,,N,0700
US1TXAT0021,20171031,SNOW,0,,,N,0700
US1TXAT0021,20171013,DAPR,46,,L,N,0700
US1TXAT0021,20171013,MDPR,1123,,L,N,0700
US1TXAT0021,20171101,PRCP,18,,,N,0700
US1TXAT0021,20171102,PRCP,0,,,N,0700
US1TXAT0021,20171103,PRCP,0,,,N,0700
US1TXAT0021,20171104,PRCP,0,,,N,0700
US1TXAT0021,20171105,PRCP,0,,,N,0700
US1TXAT0021,20171106,PRCP,0,,,N,0700
US1TXAT0021,20171107,PRCP,0,,,N,0700
US1TXAT0021,20171108,PRCP,0,,,N,0700
US1TXAT0021,20171109,PRCP,10,,,N,0700
US1TXAT0021,20171110,PRCP,0,,,N,0700
US1TXAT0021,20171111,PRCP,0,,,N,0700
US1TXAT0021,20171112,PRCP,30,,,N,0700
US1TXAT0021,20171113,PRCP,33,,,N,0700
US1TXAT0021,20171114,PRCP,0,,,N,0700
US1TXAT0021,20171115,PRCP,0,,,N,0700
US1TXAT0021,20171116,PRCP,0,,,N,0700
US1TXAT0021,20171117,PRCP,0,,,N,0700
US1TXAT0021,20171118,PRCP,0,,,N,0700
US1TXAT0021,20171119,PRCP,0,,,N,0700
US1TXAT0021,20171120,PRCP,0,,,N,0700
US1TXAT0021,20171121,PRCP,0,,,N,0700
US1TXAT0021,20171122,PRCP,0,,,N,0700
US1TXAT0021,20171123,PRCP,0,,,N,0700
US1TXAT0021,20171124,PRCP,0,,,N,0700
US1TXAT0021,20171125,PRCP,0,,,N,0700
US1TXAT0021,20171126,PRCP,0,,,N,0700
US1TXAT0021,20171127,PRCP,0,,,N,0700
US1TXAT0021,20171128,PRCP,0,,,N,0700
US1TXAT0021,20171129,PRCP,0,,,N,0700
US1TXAT0021,20171130,PRCP,0,,,N,0700
US1TXAT0021,20171102,SNOW,0,,,N,0700
US1TXAT0021,20171103,SNOW,0,,,N,0700
US1TXAT0021,20171104,SNOW,0,,,N,0700
US1TXAT0021,20171105,SNOW,0,,,N,0700
US1TXAT0021,20171106,SNOW,0,,,N,0700
US1TXAT0021,20171107,SNOW,0,,,N,0700
US1TXAT0021,20171108,SNOW,0,,,N,0700
US1TXAT0021,20171110,SNOW,0,,,N,0700
US1TXAT0021,20171111,SNOW,0,,,N,0700
US1TXAT0021,20171114,SNOW,0,,,N,0700
US1TXAT0021,20171115,SNOW,0,,,N,0700
US1TXAT0021,20171116,SNOW,0,,,N,0700
US1TXAT0021,20171117,SNOW,0,,,N,0700
US1TXAT0021,20171118,SNOW,0,,,N,0700
US1TXAT0021,20171119,SNOW,0,,,N,0700
US1TXAT0021,20171120,SNOW,0,,,N,0700
US1TXAT0021,20171121,SNOW,0,,,N,0700
US1TXAT0021,20171122,SNOW,0,,,N,0700
US1TXAT0021,20171123,SNOW,0,,,N,0700
US1TXAT0021,20171124,SNOW,0,,,N,0700
US1TXAT0021,20171125,SNOW,0,,,N,0700
US1TXAT0021,20171126,SNOW,0,,,N,0700
US1TXAT0021,20171127,SNOW,0,,,N,0700
US1TXAT0021,20171128,SNOW,0,,,N,0700
US1TXAT0021,20171129,SNOW,0,,,N,0700
US1TXAT0021,20171130,SNOW,0,,,N,0700
US1TXAT0021,20171201,PRCP,0,,,N,0700
US1TXAT0021,20171202,PRCP,0,,,N,0700
US1TXAT0021,20171203,PRCP,0,,,N,0700
US1TXAT0021,20171204,PRCP,0,,,N,0700
US1TXAT0021,20171205,PRCP,0,,,N,0700
US1TXAT0021,20171206,PRCP,15,,,N,0700
US1TXAT0021,20171207,PRCP,249,,,N,0700
US1TXAT0021,20171208,PRCP,135,,,N,0700
US1TXAT0021,20171209,PRCP,0,,,N,0700
US1TXAT0021,20171210,PRCP,0,,,N,0700
US1TXAT0021,20171211,PRCP,0,,,N,0700
US1TXAT0021,20171212,PRCP,0,,,N,0700
US1TXAT0021,20171213,PRCP,0,,,N,0700
US1TXAT0021,20171214,PRCP,0,,,N,0700
US1TXAT0021,20171215,PRCP,5,,,N,0700
US1TXAT0021,20171216,PRCP,0,,,N,0700
US1TXAT0021,20171217,PRCP,234,,,N,0700
US1TXAT0021,20171218,PRCP,5,,,N,0700
US1TXAT0021,20171219,PRCP,135,,,N,0700
US1TXAT0021,20171220,PRCP,10,,,N,0700
US1TXAT0021,20171221,PRCP,0,,,N,0700
US1TXAT0021,20171222,PRCP,0,,,N,0700
US1TXAT0021,20171223,PRCP,0,,,N,0700
US1TXAT0021,20171224,PRCP,0,,,N,0700
US1TXAT0021,20171225,PRCP,0,,,N,0700
US1TXAT0021,20171226,PRCP,0,,,N,0700
US1TXAT0021,20171227,PRCP,0,,,N,0700
US1TXAT0021,20171228,PRCP,8,,,N,0700
US1TXAT0021,20171229,PRCP,0,,,N,0700
US1TXAT0021,20171230,PRCP,0,,,N,0700
US1TXAT0021,20171231,PRCP,0,,,N,0700
US1TXAT0021,20171201,SNOW,0,,,N,0700
US1TXAT0021,20171202,SNOW,0,,,N,0700
US1TXAT0021,20171203,SNOW,0,,,N,0700
US1TXAT0021,20171204,SNOW,0,,,N,0700
US1TXAT0021,20171205,SNOW,0,,,N,0700
US1TXAT0021,20171209,SNOW,0,,,N,0700
US1TXAT0021,20171210,SNOW,0,,,N,0700
US1TXAT0021,20171211,SNOW,0,,,N,0700
US1TXAT0021,20171212,SNOW,0,,,N,0700
US1TXAT0021,20171213,SNOW,0,,,N,0700
US1TXAT0021,20171214,SNOW,0,,,N,0700
US1TXAT0021,20171216,SNOW,0,,,N,0700
US1TXAT0021,20171221,SNOW,0,,,N,0700
US1TXAT0021,20171222,SNOW,0,,,N,0700
US1TXAT0021,20171223,SNOW,0,,,N,0700
US1TXAT0021,20171224,SNOW,0,,,N,0700
US1TXAT0021,20171225,SNOW,0,,,N,0700
US1TXAT0021,20171226,SNOW,0,,,N,0700
US1TXAT0021,20171227,SNOW,0,,,N,0700
US1TXAT0021,20171229,SNOW,0,,,N,0700
US1TXAT0021,20171230,SNOW,0,,,N,0700
US1TXAT0021,20171231,SNOW,0,,,N,0700
US1TXAT0021,20180101,PRCP,0,,,N,0700
US1TXAT0021,20180102,PRCP,0,,,N,0700
US1TXAT0021,20180103,PRCP,0,,,N,0700
US1TXAT0021,20180104,PRCP,0,,,N,0700
US1TXAT0021,20180105,PRCP,0,,,N,0700
US1TXAT0021,20180106,PRCP,0,,,N,0700
US1TXAT0021,20180107,PRCP,0,,,N,0700
US1TXAT0021,20180108,PRCP,0,,,N,0700
US1TXAT0021,20180109,PRCP,0,,,N,0700
US1TXAT0021,20180110,PRCP,0,,,N,0700
US1TXAT0021,20180111,PRCP,0,,,N,0700
US1TXAT0021,20180112,PRCP,0,,,N,0700
US1TXAT0021,20180113,PRCP,0,,,N,0700
US1TXAT0021,20180114,PRCP,0,,,N,0700
US1TXAT0021,20180115,PRCP,0,,,N,0700
US1TXAT0021,20180116,PRCP,36,,,N,0700
US1TXAT0021,20180117,PRCP,0,T,,N,0700
US1TXAT0021,20180118,PRCP,0,,,N,0700
US1TXAT0021,20180119,PRCP,0,T,,N,0700
US1TXAT0021,20180120,PRCP,18,,,N,0700
US1TXAT0021,20180121,PRCP,0,,,N,0700
US1TXAT0021,20180122,PRCP,0,,,N,0700
US1TXAT0021,20180123,PRCP,0,,,N,0700
US1TXAT0021,20180124,PRCP,0,,,N,0700
US1TXAT0021,20180125,PRCP,0,,,N,0700
US1TXAT0021,20180126,PRCP,0,,,N,0700
US1TXAT0021,20180127,PRCP,15,,,N,0700
US1TXAT0021,20180128,PRCP,0,,,N,0700
US1TXAT0021,20180129,PRCP,0,,,N,0700
US1TXAT0021,20180101,SNOW,0,,,N,0700
US1TXAT0021,20180102,SNOW,0,,,N,0700
US1TXAT0021,20180103,SNOW,0,,,N,0700
US1TXAT0021,20180104,SNOW,0,,,N,0700
US1TXAT0021,20180105,SNOW,0,,,N,0700
US1TXAT0021,20180106,SNOW,0,,,N,0700
US1TXAT0021,20180107,SNOW,0,,,N,0700
US1TXAT0021,20180108,SNOW,0,,,N,0700
US1TXAT0021,20180109,SNOW,0,,,N,0700
US1TXAT0021,20180110,SNOW,0,,,N,0700
US1TXAT0021,20180111,SNOW,0,,,N,0700
US1TXAT0021,20180112,SNOW,0,,,N,0700
US1TXAT0021,20180113,SNOW,0,,,N,0700
US1TXAT0021,20180114,SNOW,0,,,N,0700
US1TXAT0021,20180115,SNOW,0,,,N,0700
US1TXAT0021,20180118,SNOW,0,,,N,0700
US1TXAT0021,20180121,SNOW,0,,,N,0700
US1TXAT0021,20180122,SNOW,0,,,N,0700
US1TXAT0021,20180123,SNOW,0,,,N,0700
US1TXAT0021,20180124,SNOW,0,,,N,0700
US1TXAT0021,20180125,SNOW,0,,,N,0700
US1TXAT0021,20180126,SNOW,0,,,N,0700
US1TXAT0021,20180128,SNOW,0,,,N,0700
US1TXAT0021,20180129,SNOW,0,,,N,0700
US1TXAT0021,20180211,PRCP,3,,,N,0700
US1TXAT0021,20180212,PRCP,0,,,N,0700
US1TXAT0021,20180213,PRCP,5,,,N,0700
US1TXAT0021,20180214,PRCP,25,,,N,0700
US1TXAT0021,20180215,PRCP,10,,,N,0700
US1TXAT0021,20180216,PRCP,0,,,N,0700
US1TXAT0021,20180217,PRCP,5,,,N,0700
US1TXAT0021,20180218,PRCP,0,,,N,0700
US1TXAT0021,20180219,PRCP,0,,,N,0700
US1TXAT0021,20180220,PRCP,3,,,N,0700
US1TXAT0021,20180221,PRCP,5,,,N,0700
US1TXAT0021,20180222,PRCP,41,,,N,0700
US1TXAT0021,20180223,PRCP,61,,,N,0700
US1TXAT0021,20180224,PRCP,8,,,N,0700
US1TXAT0021,20180225,PRCP,114,,,N,0700
US1TXAT0021,20180226,PRCP,13,,,N,0700
US1TXAT0021,20180227,PRCP,5,,,N,0700
US1TXAT0021,20180228,PRCP,0,,,N,0700
US1TXAT0021,20180212,SNOW,0,,,N,0700
US1TXAT0021,20180216,SNOW,0,,,N,0700
US1TXAT0021,20180218,SNOW,0,,,N,0700
US1TXAT0021,20180219,SNOW,0,,,N,0700
US1TXAT0021,20180228,SNOW,0,,,N,0700
US1TXAT0021,20180210,DAPR,12,,,N,1800
US1TXAT0021,20180210,MDPR,33,,,N,1800
US1TXAT0021,20180301,PRCP,0,,,N,0700
US1TXAT0021,20180302,PRCP,0,,,N,0700
US1TXAT0021,20180303,PRCP,0,,,N,0700
US1TXAT0021,20180304,PRCP,18,,,N,0700
US1TXAT0021,20180305,PRCP,0,,,N,0700
US1TXAT0021,20180306,PRCP,0,,,N,0700
US1TXAT0021,20180307,PRCP,0,,,N,0700
US1TXAT0021,20180308,PRCP,0,,,N,0700
US1TXAT0021,20180309,PRCP,0,,,N,0700
US1TXAT0021,20180310,PRCP,0,T,,N,0700
US1TXAT0021,20180311,PRCP,0,,,N,0700
US1TXAT0021,20180312,PRCP,0,,,N,0700
US1TXAT0021,20180313,PRCP,0,,,N,0700
US1TXAT0021,20180314,PRCP,0,,,N,0700
US1TXAT0021,20180315,PRCP,0,,,N,0700
US1TXAT0021,20180316,PRCP,0,,,N,0700
US1TXAT0021,20180317,PRCP,0,,,N,0700
US1TXAT0021,20180318,PRCP,0,,,N,0700
US1TXAT0021,20180328,PRCP,170,,,N,0700
US1TXAT0021,20180329,PRCP,229,,,N,0700
US1TXAT0021,20180301,SNOW,0,,,N,0700
US1TXAT0021,20180302,SNOW,0,,,N,0700
US1TXAT0021,20180303,SNOW,0,,,N,0700
US1TXAT0021,20180305,SNOW,0,,,N,0700
US1TXAT0021,20180306,SNOW,0,,,N,0700
US1TXAT0021,20180307,SNOW,0,,,N,0700
US1TXAT0021,20180308,SNOW,0,,,N,0700
US1TXAT0021,20180309,SNOW,0,,,N,0700
US1TXAT0021,20180311,SNOW,0,,,N,0700
US1TXAT0021,20180312,SNOW,0,,,N,0700
US1TXAT0021,20180313,SNOW,0,,,N,0700
US1TXAT0021,20180314,SNOW,0,,,N,0700
US1TXAT0021,20180315,SNOW,0,,,N,0700
US1TXAT0021,20180316,SNOW,0,,,N,0700
US1TXAT0021,20180317,SNOW,0,,,N,0700
US1TXAT0021,20180318,SNOW,0,,,N,0700
US1TXAT0021,20180404,PRCP,38,,,N,0700
US1TXAT0021,20180410,PRCP,5,,,N,0700
US1TXAT0021,20180414,PRCP,91,,,N,0700
US1TXAT0021,20180421,PRCP,3,,,N,0700
US1TXAT0021,20180422,PRCP,20,,,N,0700
US1TXAT0021,20180426,PRCP,74,,,N,0700
US1TXAT0021,20180505,PRCP,53,,,N,0700
US1TXAT0021,20180520,PRCP,5,,,N,0700
US1TXAT0021,20181011,PRCP,0,,,N,0700
US1TXAT0021,20181012,PRCP,0,,,N,0700
US1TXAT0021,20181013,PRCP,0,,,N,0700
US1TXAT0021,20181014,PRCP,0,,,N,0700
US1TXAT0021,20181015,PRCP,417,,,N,1000
US1TXAT0021,20181016,PRCP,104,,,N,0700
US1TXAT0021,20181017,PRCP,0,,,N,0700
US1TXAT0021,20181018,PRCP,0,,,N,0700
US1TXAT0021,20181019,PRCP,170,,,N,0700
US1TXAT0021,20181020,PRCP,0,,,N,0700
US1TXAT0021,20181021,PRCP,0,,,N,0700
US1TXAT0021,20181022,PRCP,0,,,N,0700
US1TXAT0021,20181023,PRCP,175,,,N,0700
US1TXAT0021,20181024,PRCP,18,,,N,0700
US1TXAT0021,20181025,PRCP,107,,,N,0700
US1TXAT0021,20181026,PRCP,0,,,N,0700
US1TXAT0021,20181027,PRCP,0,,,N,0700
US1TXAT0021,20181028,PRCP,0,,,N,0700
US1TXAT0021,20181029,PRCP,0,,,N,0700
US1TXAT0021,20181030,PRCP,0,,,N,0700
US1TXAT0021,20181031,PRCP,0,,,N,0700
US1TXAT0021,20181011,SNOW,0,,,N,0700
US1TXAT0021,20181012,SNOW,0,,,N,0700
US1TXAT0021,20181013,SNOW,0,,,N,0700
US1TXAT0021,20181014,SNOW,0,,,N,0700
US1TXAT0021,20181017,SNOW,0,,,N,0700
US1TXAT0021,20181018,SNOW,0,,,N,0700
US1TXAT0021,20181020,SNOW,0,,,N,0700
US1TXAT0021,20181021,SNOW,0,,,N,0700
US1TXAT0021,20181022,SNOW,0,,,N,0700
US1TXAT0021,20181026,SNOW,0,,,N,0700
US1TXAT0021,20181027,SNOW,0,,,N,0700
US1TXAT0021,20181028,SNOW,0,,,N,0700
US1TXAT0021,20181029,SNOW,0,,,N,0700
US1TXAT0021,20181030,SNOW,0,,,N,0700
US1TXAT0021,20181031,SNOW,0,,,N,0700
US1TXAT0021,20181101,PRCP,13,,,N,0700
US1TXAT0021,20181102,PRCP,0,,,N,0700
US1TXAT0021,20181103,PRCP,0,,,N,0700
US1TXAT0021,20181104,PRCP,0,,,N,0700
US1TXAT0021,20181105,PRCP,0,T,,N,0700
US1TXAT0021,20181106,PRCP,5,,,N,0700
US1TXAT0021,20181107,PRCP,0,,,N,0700
US1TXAT0021,20181108,PRCP,0,,,N,0700
US1TXAT0021,20181109,PRCP,279,,,N,0700
US1TXAT0021,20181110,PRCP,130,,,N,0700
US1TXAT0021,20181111,PRCP,3,,,N,0700
US1TXAT0021,20181112,PRCP,36,,,N,0700
US1TXAT0021,20181113,PRCP,3,,,N,0700
US1TXAT0021,20181114,PRCP,0,,,N,0700
US1TXAT0021,20181115,PRCP,0,,,N,0700
US1TXAT0021,20181116,PRCP,0,,,N,0700
US1TXAT0021,20181117,PRCP,0,,,N,0700
US1TXAT0021,20181118,PRCP,10,,,N,0700
US1TXAT0021,20181119,PRCP,3,,,N,0700
US1TXAT0021,20181120,PRCP,0,,,N,0700
US1TXAT0021,20181121,PRCP,0,,,N,0700
US1TXAT0021,20181122,PRCP,0,,,N,0700
US1TXAT0021,20181123,PRCP,3,,,N,0700
US1TXAT0021,20181124,PRCP,0,,,N,0700
US1TXAT0021,20181125,PRCP,0,,,N,0700
US1TXAT0021,20181126,PRCP,0,,,N,0700
US1TXAT0021,20181127,PRCP,0,,,N,0700
US1TXAT0021,20181128,PRCP,0,,,N,0700
US1TXAT0021,20181129,PRCP,0,,,N,0700
US1TXAT0021,20181130,PRCP,0,,,N,0700
US1TXAT0021,20181102,SNOW,0,,,N,0700
US1TXAT0021,20181103,SNOW,0,,,N,0700
US1TXAT0021,20181104,SNOW,0,,,N,0700
US1TXAT0021,20181107,SNOW,0,,,N,0700
US1TXAT0021,20181108,SNOW,0,,,N,0700
US1TXAT0021,20181114,SNOW,0,,,N,0700
US1TXAT0021,20181115,SNOW,0,,,N,0700
US1TXAT0021,20181116,SNOW,0,,,N,0700
US1TXAT0021,20181117,SNOW,0,,,N,0700
US1TXAT0021,20181120,SNOW,0,,,N,0700
US1TXAT0021,20181121,SNOW,0,,,N,0700
US1TXAT0021,20181122,SNOW,0,,,N,0700
US1TXAT0021,20181124,SNOW,0,,,N,0700
US1TXAT0021,20181125,SNOW,0,,,N,0700
US1TXAT0021,20181126,SNOW,0,,,N,0700
US1TXAT0021,20181127,SNOW,0,,,N,0700
US1TXAT0021,20181128,SNOW,0,,,N,0700
US1TXAT0021,20181129,SNOW,0,,,N,0700
US1TXAT0021,20181130,SNOW,0,,,N,0700
US1TXAT0021,20181201,PRCP,0,,,N,0700
US1TXAT0021,20181202,PRCP,0,,,N,0700
US1TXAT0021,20181203,PRCP,0,,,N,0700
US1TXAT0021,20181204,PRCP,0,,,N,0700
US1TXAT0021,20181205,PRCP,0,,,N,0700
US1TXAT0021,20181206,PRCP,0,,,N,0700
US1TXAT0021,20181207,PRCP,23,,,N,0700
US1TXAT0021,20181208,PRCP,302,,,N,0700
US1TXAT0021,20181209,PRCP,0,,,N,0700
US1TXAT0021,20181210,PRCP,0,,,N,0700
US1TXAT0021,20181211,PRCP,0,,,N,0700
US1TXAT0021,20181212,PRCP,0,,,N,0700
US1TXAT0021,20181213,PRCP,0,,,N,0700
US1TXAT0021,20181214,PRCP,0,,,N,0700
US1TXAT0021,20181215,PRCP,0,,,N,0700
US1TXAT0021,20181216,PRCP,0,,,N,0700
US1TXAT0021,20181217,PRCP,0,,,N,0700
US1TXAT0021,20181218,PRCP,3,,,N,0700
US1TXAT0021,20181219,PRCP,0,T,,N,0700
US1TXAT0021,20181220,PRCP,0,,,N,0700
US1TXAT0021,20181221,PRCP,0,,,N,0700
US1TXAT0021,20181222,PRCP,0,,,N,0700
US1TXAT0021,20181223,PRCP,0,,,N,0700
US1TXAT0021,20181224,PRCP,0,,,N,0700
US1TXAT0021,20181225,PRCP,0,,,N,0700
US1TXAT0021,20181226,PRCP,41,,,N,0700
US1TXAT0021,20181227,PRCP,64,,,N,0700
US1TXAT0021,20181228,PRCP,0,,,N,0700
US1TXAT0021,20181229,PRCP,0,,,N,0700
US1TXAT0021,20181231,PRCP,23,,,N,0700
US1TXAT0021,20181201,SNOW,0,,,N,0700
US1TXAT0021,20181202,SNOW,0,,,N,0700
US1TXAT0021,20181203,SNOW,0,,,N,0700
US1TXAT0021,20181204,SNOW,0,,,N,0700
US1TXAT0021,20181205,SNOW,0,,,N,0700
US1TXAT0021,20181206,SNOW,0,,,N,0700
US1TXAT0021,20181209,SNOW,0,,,N,0700
US1TXAT0021,20181210,SNOW,0,,,N,0700
US1TXAT0021,20181211,SNOW,0,,,N,0700
US1TXAT0021,20181212,SNOW,0,,,N,0700
US1TXAT0021,20181213,SNOW,0,,,N,0700
US1TXAT0021,20181214,SNOW,0,,,N,0700
US1TXAT0021,20181215,SNOW,0,,,N,0700
US1TXAT0021,20181216,SNOW,0,,,N,0700
US1TXAT0021,20181217,SNOW,0,,,N,0700
US1TXAT0021,20181220,SNOW,0,,,N,0700
US1TXAT0021,20181221,SNOW,0,,,N,0700
US1TXAT0021,20181222,SNOW,0,,,N,0700
US1TXAT0021,20181223,SNOW,0,,,N,0700
US1TXAT0021,20181224,SNOW,0,,,N,0700
US1TXAT0021,20181225,SNOW,0,,,N,0700
US1TXAT0021,20181228,SNOW,0,,,N,0700
US1TXAT0021,20181229,SNOW,0,,,N,0700
US1TXAT0021,20190101,PRCP,0,,,N,0700
US1TXAT0021,20190102,PRCP,18,,,N,0700
US1TXAT0021,20190103,PRCP,51,,,N,0700
US1TXAT0021,20190104,PRCP,0,,,N,0700
US1TXAT0021,20190105,PRCP,0,,,N,0700
US1TXAT0021,20190106,PRCP,0,,,N,0700
US1TXAT0021,20190107,PRCP,0,,,N,0700
US1TXAT0021,20190108,PRCP,3,,,N,0700
US1TXAT0021,20190109,PRCP,0,,,N,0700
US1TXAT0021,20190110,PRCP,0,,,N,0700
US1TXAT0021,20190111,PRCP,0,,,N,0700
US1TXAT0021,20190112,PRCP,99,,,N,0700
US1TXAT0021,20190113,PRCP,0,,,N,0700
US1TXAT0021,20190114,PRCP,0,,,N,0700
US1TXAT0021,20190115,PRCP,0,,,N,0700
US1TXAT0021,20190116,PRCP,25,,,N,0700
US1TXAT0021,20190117,PRCP,5,,,N,0700
US1TXAT0021,20190118,PRCP,0,T,,N,0700
US1TXAT0021,20190123,PRCP,0,T,,N,0700
US1TXAT0021,20190127,PRCP,102,,,N,0700
US1TXAT0021,20190101,SNOW,0,,,N,0700
US1TXAT0021,20190104,SNOW,0,,,N,0700
US1TXAT0021,20190105,SNOW,0,,,N,0700
US1TXAT0021,20190106,SNOW,0,,,N,0700
US1TXAT0021,20190107,SNOW,0,,,N,0700
US1TXAT0021,20190109,SNOW,0,,,N,0700
US1TXAT0021,20190110,SNOW,0,,,N,0700
US1TXAT0021,20190111,SNOW,0,,,N,0700
US1TXAT0021,20190113,SNOW,0,,,N,0700
US1TXAT0021,20190114,SNOW,0,,,N,0700
US1TXAT0021,20190115,SNOW,0,,,N,0700
US1TXAT0021,20190201,PRCP,13,,,N,0700
US1TXAT0021,20190202,PRCP,3,,,N,0700
US1TXAT0021,20190203,PRCP,3,,,N,0700
US1TXAT0021,20190204,PRCP,0,T,,N,0700
US1TXAT0021,20190205,PRCP,3,,,N,0700
US1TXAT0021,20190206,PRCP,0,,,N,0700
US1TXAT0021,20190207,PRCP,5,,,N,0700
US1TXAT0021,20190211,PRCP,3,,,N,0700
US1TXAT0021,20190212,PRCP,5,,,N,0700
US1TXAT0021,20190213,PRCP,0,,,N,0700
US1TXAT0021,20190214,PRCP,0,,,N,0700
US1TXAT0021,20190215,PRCP,0,,,N,0700
US1TXAT0021,20190216,PRCP,0,,,N,0700
US1TXAT0021,20190217,PRCP,5,,,N,0700
US1TXAT0021,20190218,PRCP,0,,,N,0700
US1TXAT0021,20190219,PRCP,0,,,N,0700
US1TXAT0021,20190220,PRCP,10,,,N,0700
US1TXAT0021,20190221,PRCP,0,,,N,0700
US1TXAT0021,20190222,PRCP,0,,,N,0700
US1TXAT0021,20190223,PRCP,8,,,N,0700
US1TXAT0021,20190224,PRCP,0,,,N,0700
US1TXAT0021,20190225,PRCP,0,,,N,0700
US1TXAT0021,20190226,PRCP,5,,,N,0700
US1TXAT0021,20190227,PRCP,3,,,N,0700
US1TXAT0021,20190228,PRCP,0,,,N,0700
US1TXAT0021,20190206,SNOW,0,,,N,0700
US1TXAT0021,20190213,SNOW,0,,,N,0700
US1TXAT0021,20190214,SNOW,0,,,N,0700
US1TXAT0021,20190215,SNOW,0,,,N,0700
US1TXAT0021,20190216,SNOW,0,,,N,0700
US1TXAT0021,20190218,SNOW,0,,,N,0700
US1TXAT0021,20190219,SNOW,0,,,N,0700
US1TXAT0021,20190221,SNOW,0,,,N,0700
US1TXAT0021,20190222,SNOW,0,,,N,0700
US1TXAT0021,20190224,SNOW,0,,,N,0700
US1TXAT0021,20190225,SNOW,0,,,N,0700
US1TXAT0021,20190228,SNOW,0,,,N,0700
US1TXAT0021,20190210,DAPR,3,,,N,0700
US1TXAT0021,20190210,MDPR,33,,,N,0700
US1TXAT0021,20190301,PRCP,5,,,N,0700
US1TXAT0021,20190302,PRCP,3,,,N,0700
US1TXAT0021,20190303,PRCP,3,,,N,0700
US1TXAT0021,20190304,PRCP,0,T,,N,0700
US1TXAT0021,20190305,PRCP,0,,,N,0700
US1TXAT0021,20190306,PRCP,0,,,N,0700
US1TXAT0021,20190307,PRCP,0,,,N,0700
US1TXAT0021,20190308,PRCP,0,,,N,0700
US1TXAT0021,20190309,PRCP,0,,,N,0700
US1TXAT0021,20190310,PRCP,0,T,,N,0700
US1TXAT0021,20190311,PRCP,0,T,,N,0700
US1TXAT0021,20190312,PRCP,0,T,,N,0700
US1TXAT0021,20190313,PRCP,5,,,N,0700
US1TXAT0021,20190314,PRCP,3,,,N,0700
US1TXAT0021,20190305,SNOW,0,,,N,0700
US1TXAT0021,20190306,SNOW,0,,,N,0700
US1TXAT0021,20190307,SNOW,0,,,N,0700
US1TXAT0021,20190308,SNOW,0,,,N,0700
US1TXAT0021,20190309,SNOW,0,,,N,0700
US1TXAT0021,20190401,PRCP,0,,,N,0700
US1TXAT0021,20190402,PRCP,0,,,N,0700
US1TXAT0021,20190403,PRCP,0,,,N,0700
US1TXAT0021,20190404,PRCP,0,,,N,0700
US1TXAT0021,20190405,PRCP,0,,,N,0700
US1TXAT0021,20190406,PRCP,8,,,N,0700
US1TXAT0021,20190407,PRCP,493,,,N,0700
US1TXAT0021,20190408,PRCP,0,,,N,0700
US1TXAT0021,20190409,PRCP,0,,,N,0700
US1TXAT0021,20190410,PRCP,0,,,N,0700
US1TXAT0021,20190411,PRCP,0,,,N,0700
US1TXAT0021,20190412,PRCP,0,,,N,0700
US1TXAT0021,20190413,PRCP,0,,,N,0700
US1TXAT0021,20190414,PRCP,51,,,N,0700
US1TXAT0021,20190415,PRCP,0,,,N,0700
US1TXAT0021,20190416,PRCP,0,,,N,0700
US1TXAT0021,20190417,PRCP,0,,,N,0700
US1TXAT0021,20190418,PRCP,246,,,N,0700
US1TXAT0021,20190419,PRCP,0,,,N,0700
US1TXAT0021,20190420,PRCP,0,,,N,0700
US1TXAT0021,20190421,PRCP,0,,,N,0700
US1TXAT0021,20190422,PRCP,0,,,N,0700
US1TXAT0021,20190423,PRCP,0,,,N,0700
US1TXAT0021,20190424,PRCP,0,,,N,0700
US1TXAT0021,20190425,PRCP,147,,,N,0700
US1TXAT0021,20190426,PRCP,0,,,N,0700
US1TXAT0021,20190427,PRCP,0,,,N,0700
US1TXAT0021,20190428,PRCP,0,,,N,0700
US1TXAT0021,20190429,PRCP,0,,,N,0700
US1TXAT0021,20190430,PRCP,0,,,N,0700
US1TXAT0021,20190401,SNOW,0,,,N,0700
US1TXAT0021,20190402,SNOW,0,,,N,0700
US1TXAT0021,20190403,SNOW,0,,,N,0700
US1TXAT0021,20190404,SNOW,0,,,N,0700
US1TXAT0021,20190405,SNOW,0,,,N,0700
US1TXAT0021,20190408,SNOW,0,,,N,0700
US1TXAT0021,20190409,SNOW,0,,,N,0700
US1TXAT0021,20190410,SNOW,0,,,N,0700
US1TXAT0021,20190411,SNOW,0,,,N,0700
US1TXAT0021,20190412,SNOW,0,,,N,0700
US1TXAT0021,20190413,SNOW,0,,,N,0700
US1TXAT0021,20190415,SNOW,0,,,N,0700
US1TXAT0021,20190416,SNOW,0,,,N,0700
US1TXAT0021,20190417,SNOW,0,,,N,0700
US1TXAT0021,20190419,SNOW,0,,,N,0700
US1TXAT0021,20190420,SNOW,0,,,N,0700
US1TXAT0021,20190421,SNOW,0,,,N,0700
US1TXAT0021,20190422,SNOW,0,,,N,0700
US1TXAT0021,20190423,SNOW,0,,,N,0700
US1TXAT0021,20190424,SNOW,0,,,N,0700
US1TXAT0021,20190426,SNOW,0,,,N,0700
US1TXAT0021,20190427,SNOW,0,,,N,0700
US1TXAT0021,20190428,SNOW,0,,,N,0700
US1TXAT0021,20190429,SNOW,0,,,N,0700
US1TXAT0021,20190430,SNOW,0,,,N,0700
US1TXAT0021,20190501,PRCP,5,,,N,0700
US1TXAT0021,20190506,PRCP,0,,,N,0700
US1TXAT0021,20190507,PRCP,79,,,N,0700
US1TXAT0021,20190508,PRCP,8,,,N,0700
US1TXAT0021,20190509,PRCP,8,,,N,0700
US1TXAT0021,20190510,PRCP,102,,,N,0700
US1TXAT0021,20190511,PRCP,8,,,N,0700
US1TXAT0021,20190512,PRCP,13,,,N,0700
US1TXAT0021,20190513,PRCP,0,,,N,0700
US1TXAT0021,20190514,PRCP,0,,,N,0700
US1TXAT0021,20190515,PRCP,0,,,N,0700
US1TXAT0021,20190516,PRCP,0,,,N,0700
US1TXAT0021,20190517,PRCP,0,,,N,0700
US1TXAT0021,20190518,PRCP,0,T,,N,0700
US1TXAT0021,20190519,PRCP,5,,,N,0900
US1TXAT0021,20190520,PRCP,0,,,N,0700
US1TXAT0021,20190521,PRCP,0,,,N,0700
US1TXAT0021,20190522,PRCP,0,,,N,0700
US1TXAT0021,20190523,PRCP,0,,,N,0700
US1TXAT0021,20190506,SNOW,0,,,N,0700
US1TXAT0021,20190513,SNOW,0,,,N,0700
US1TXAT0021,20190514,SNOW,0,,,N,0700
US1TXAT0021,20190515,SNOW,0,,,N,0700
US1TXAT0021,20190516,SNOW,0,,,N,0700
US1TXAT0021,20190520,SNOW,0,,,N,0700
US1TXAT0021,20190521,SNOW,0,,,N,0700
US1TXAT0021,20190522,SNOW,0,,,N,0700
US1TXAT0021,20190523,SNOW,0,,,N,0700
US1TXAT0021,20190505,DAPR,4,,,N,1630
US1TXAT0021,20190505,MDPR,373,,,N,1630
US1TXAT0021,20190619,PRCP,0,,,N,0700
US1TXAT0021,20190620,PRCP,0,,,N,0700
US1TXAT0021,20190621,PRCP,0,,,N,0700
US1TXAT0021,20190624,PRCP,0,,,N,0700
US1TXAT0021,20190625,PRCP,10,,,N,0700
US1TXAT0021,20190626,PRCP,0,,,N,0700
US1TXAT0021,20190627,PRCP,109,,,N,0700
US1TXAT0021,20190628,PRCP,282,,,N,0700
US1TXAT0021,20190629,PRCP,5,,,N,0700
US1TXAT0021,20190630,PRCP,226,,,N,0700
US1TXAT0021,20190619,SNOW,0,,,N,0700
US1TXAT0021,20190620,SNOW,0,,,N,0700
US1TXAT0021,20190621,SNOW,0,,,N,0700
US1TXAT0021,20190624,SNOW,0,,,N,0700
US1TXAT0021,20190626,SNOW,0,,,N,0700
US1TXAT0021,20190618,DAPR,26,,,N,1400
US1TXAT0021,20190623,DAPR,2,,,N,1300
US1TXAT0021,20190618,MDPR,523,,,N,1400
US1TXAT0021,20190623,MDPR,79,,,N,1300
US1TXAT0021,20190701,PRCP,0,,,N,0700
US1TXAT0021,20190702,PRCP,0,,,N,0700
US1TXAT0021,20190703,PRCP,10,,,N,0700
US1TXAT0021,20190704,PRCP,0,,,N,0700
US1TXAT0021,20190705,PRCP,0,,,N,0700
US1TXAT0021,20190706,PRCP,0,,,N,0700
US1TXAT0021,20190707,PRCP,0,,,N,0700
US1TXAT0021,20190708,PRCP,0,,,N,0700
US1TXAT0021,20190709,PRCP,0,,,N,0700
US1TXAT0021,20190710,PRCP,0,,,N,0700
US1TXAT0021,20190711,PRCP,0,,,N,0700
US1TXAT0021,20190712,PRCP,0,,,N,0700
US1TXAT0021,20190713,PRCP,0,,,N,0700
US1TXAT0021,20190714,PRCP,0,,,N,0700
US1TXAT0021,20190715,PRCP,28,,,N,0700
US1TXAT0021,20190716,PRCP,0,,,N,0700
US1TXAT0021,20190717,PRCP,0,,,N,0700
US1TXAT0021,20190718,PRCP,0,,,N,0700
US1TXAT0021,20190719,PRCP,0,,,N,0700
US1TXAT0021,20190720,PRCP,0,,,N,0700
US1TXAT0021,20190721,PRCP,0,,,N,0700
US1TXAT0021,20190722,PRCP,0,,,N,0700
US1TXAT0021,20190723,PRCP,0,,,N,0700
US1TXAT0021,20190724,PRCP,0,,,N,0700
US1TXAT0021,20190725,PRCP,0,,,N,0700
US1TXAT0021,20190726,PRCP,0,,,N,0700
US1TXAT0021,20190727,PRCP,0,,,N,0700
US1TXAT0021,20190728,PRCP,0,,,N,0700
US1TXAT0021,20190729,PRCP,0,,,N,0700
US1TXAT0021,20190730,PRCP,0,,,N,0700
US1TXAT0021,20190731,PRCP,0,,,N,0700
US1TXAT0021,20190701,SNOW,0,,,N,0700
US1TXAT0021,20190702,SNOW,0,,,N,0700
US1TXAT0021,20190704,SNOW,0,,,N,0700
US1TXAT0021,20190705,SNOW,0,,,N,0700
US1TXAT0021,20190706,SNOW,0,,,N,0700
US1TXAT0021,20190707,SNOW,0,,,N,0700
US1TXAT0021,20190708,SNOW,0,,,N,0700
US1TXAT0021,20190709,SNOW,0,,,N,0700
US1TXAT0021,20190710,SNOW,0,,,N,0700
US1TXAT0021,20190711,SNOW,0,,,N,0700
US1TXAT0021,20190712,SNOW,0,,,N,0700
US1TXAT0021,20190713,SNOW,0,,,N,0700
US1TXAT0021,20190714,SNOW,0,,,N,0700
US1TXAT0021,20190716,SNOW,0,,,N,0700
US1TXAT0021,20190717,SNOW,0,,,N,0700
US1TXAT0021,20190718,SNOW,0,,,N,0700
US1TXAT0021,20190719,SNOW,0,,,N,0700
US1TXAT0021,20190720,SNOW,0,,,N,0700
US1TXAT0021,20190721,SNOW,0,,,N,0700
US1TXAT0021,20190722,SNOW,0,,,N,0700
US1TXAT0021,20190723,SNOW,0,,,N,0700
US1TXAT0021,20190724,SNOW,0,,,N,0700
US1TXAT0021,20190725,SNOW,0,,,N,0700
US1TXAT0021,20190726,SNOW,0,,,N,0700
US1TXAT0021,20190727,SNOW,0,,,N,0700
US1TXAT0021,20190728,SNOW,0,,,N,0700
US1TXAT0021,20190729,SNOW,0,,,N,0700
US1TXAT0021,20190730,SNOW,0,,,N,0700
US1TXAT0021,20190731,SNOW,0,,,N,0700
US1TXAT0021,20190801,PRCP,0,,,N,0700
US1TXAT0021,20190802,PRCP,0,,,N,0700
US1TXAT0021,20190803,PRCP,0,,,N,0700
US1TXAT0021,20190804,PRCP,0,,,N,0700
US1TXAT0021,20190805,PRCP,0,,,N,0700
US1TXAT0021,20190806,PRCP,0,,,N,0700
US1TXAT0021,20190807,PRCP,0,,,N,0700
US1TXAT0021,20190808,PRCP,0,,,N,0700
US1TXAT0021,20190809,PRCP,0,,,N,0700
US1TXAT0021,20190810,PRCP,0,,,N,0700
US1TXAT0021,20190811,PRCP,0,,,N,0700
US1TXAT0021,20190812,PRCP,0,,,N,0700
US1TXAT0021,20190813,PRCP,0,,,N,0700
US1TXAT0021,20190814,PRCP,0,,,N,0700
US1TXAT0021,20190815,PRCP,0,,,N,0700
US1TXAT0021,20190816,PRCP,0,,,N,0700
US1TXAT0021,20190817,PRCP,0,,,N,0700
US1TXAT0021,20190818,PRCP,0,,,N,0700
US1TXAT0021,20190819,PRCP,0,,,N,0700
US1TXAT0021,20190820,PRCP,0,,,N,0700
US1TXAT0021,20190821,PRCP,0,,,N,0700
US1TXAT0021,20190822,PRCP,0,,,N,0700
US1TXAT0021,20190823,PRCP,0,,,N,0700
US1TXAT0021,20190824,PRCP,0,,,N,0700
US1TXAT0021,20190825,PRCP,10,,,N,0700
US1TXAT0021,20190826,PRCP,0,,,N,0700
US1TXAT0021,20190827,PRCP,0,,,N,0700
US1TXAT0021,20190828,PRCP,0,,,N,0700
US1TXAT0021,20190829,PRCP,0,T,,N,0700
US1TXAT0021,20190830,PRCP,0,,,N,0700
US1TXAT0021,20190831,PRCP,0,,,N,0700
US1TXAT0021,20190801,SNOW,0,,,N,0700
US1TXAT0021,20190802,SNOW,0,,,N,0700
US1TXAT0021,20190803,SNOW,0,,,N,0700
US1TXAT0021,20190804,SNOW,0,,,N,0700
US1TXAT0021,20190805,SNOW,0,,,N,0700
US1TXAT0021,20190806,SNOW,0,,,N,0700
US1TXAT0021,20190807,SNOW,0,,,N,0700
US1TXAT0021,20190808,SNOW,0,,,N,0700
US1TXAT0021,20190809,SNOW,0,,,N,0700
US1TXAT0021,20190810,SNOW,0,,,N,0700
US1TXAT0021,20190811,SNOW,0,,,N,0700
US1TXAT0021,20190812,SNOW,0,,,N,0700
US1TXAT0021,20190813,SNOW,0,,,N,0700
US1TXAT0021,20190814,SNOW,0,,,N,0700
US1TXAT0021,20190815,SNOW,0,,,N,0700
US1TXAT0021,20190816,SNOW,0,,,N,0700
US1TXAT0021,20190817,SNOW,0,,,N,0700
US1TXAT0021,20190818,SNOW,0,,,N,0700
US1TXAT0021,20190819,SNOW,0,,,N,0700
US1TXAT0021,20190820,SNOW,0,,,N,0700
US1TXAT0021,20190821,SNOW,0,,,N,0700
US1TXAT0021,20190822,SNOW,0,,,N,0700
US1TXAT0021,20190823,SNOW,0,,,N,0700
US1TXAT0021,20190824,SNOW,0,,,N,0700
US1TXAT0021,20190826,SNOW,0,,,N,0700
US1TXAT0021,20190827,SNOW,0,,,N,0700
US1TXAT0021,20190828,SNOW,0,,,N,0700
US1TXAT0021,20190830,SNOW,0,,,N,0700
US1TXAT0021,20190831,SNOW,0,,,N,0700
US1TXAT0021,20190901,PRCP,53,,,N,0700
US1TXAT0021,20190902,PRCP,0,,,N,0700
US1TXAT0021,20190903,PRCP,0,,,N,0700
US1TXAT0021,20190904,PRCP,0,,,N,0700
US1TXAT0021,20190905,PRCP,0,,,N,0700
US1TXAT0021,20190906,PRCP,56,,,N,0700
US1TXAT0021,20190907,PRCP,0,,,N,0700
US1TXAT0021,20190908,PRCP,0,,,N,0700
US1TXAT0021,20190909,PRCP,0,T,,N,0700
US1TXAT0021,20190910,PRCP,0,,,N,0700
US1TXAT0021,20190911,PRCP,3,,,N,0700
US1TXAT0021,20190912,PRCP,3,,,N,0700
US1TXAT0021,20190913,PRCP,0,T,,N,0700
US1TXAT0021,20190914,PRCP,0,,,N,0700
US1TXAT0021,20190915,PRCP,0,,,N,0700
US1TXAT0021,20190916,PRCP,0,,,N,0700
US1TXAT0021,20190917,PRCP,0,,,N,0700
US1TXAT0021,20190918,PRCP,0,,,N,0700
US1TXAT0021,20190919,PRCP,0,,,N,0700
US1TXAT0021,20190920,PRCP,0,,,N,0700
US1TXAT0021,20190921,PRCP,0,,,N,0700
US1TXAT0021,20190922,PRCP,0,,,N,0700
US1TXAT0021,20190923,PRCP,0,,,N,0700
US1TXAT0021,20190924,PRCP,0,,,N,0700
US1TXAT0021,20190925,PRCP,0,,,N,0700
US1TXAT0021,20190926,PRCP,0,,,N,0700
US1TXAT0021,20190927,PRCP,0,,,N,0700
US1TXAT0021,20190928,PRCP,0,,,N,0700
US1TXAT0021,20190929,PRCP,0,,,N,0700
US1TXAT0021,20190930,PRCP,0,,,N,0700
US1TXAT0021,20190902,SNOW,0,,,N,0700
US1TXAT0021,20190903,SNOW,0,,,N,0700
US1TXAT0021,20190904,SNOW,0,,,N,0700
US1TXAT0021,20190905,SNOW,0,,,N,0700
US1TXAT0021,20190907,SNOW,0,,,N,0700
US1TXAT0021,20190908,SNOW,0,,,N,0700
US1TXAT0021,20190910,SNOW,0,,,N,0700
US1TXAT0021,20190914,SNOW,0,,,N,0700
US1TXAT0021,20190915,SNOW,0,,,N,0700
US1TXAT0021,20190916,SNOW,0,,,N,0700
US1TXAT0021,20190917,SNOW,0,,,N,0700
US1TXAT0021,20190918,SNOW,0,,,N,0700
US1TXAT0021,20190919,SNOW,0,,,N,0700
US1TXAT0021,20190920,SNOW,0,,,N,0700
US1TXAT0021,20190921,SNOW,0,,,N,0700
US1TXAT0021,20190922,SNOW,0,,,N,0700
US1TXAT0021,20190923,SNOW,0,,,N,0700
US1TXAT0021,20190924,SNOW,0,,,N,0700
US1TXAT0021,20190925,SNOW,0,,,N,0700
US1TXAT0021,20190926,SNOW,0,,,N,0700
US1TXAT0021,20190927,SNOW,0,,,N,0700
US1TXAT0021,20190928,SNOW,0,,,N,0700
US1TXAT0021,20190929,SNOW,0,,,N,0700
US1TXAT0021,20190930,SNOW,0,,,N,0700
US1TXAT0021,20191001,PRCP,0,T,,N,0700
US1TXAT0021,20191002,PRCP,0,,,N,0700
US1TXAT0021,20191003,PRCP,0,,,N,0700
US1TXAT0021,20191004,PRCP,0,,,N,0700
US1TXAT0021,20191005,PRCP,0,T,,N,0700
US1TXAT0021,20191006,PRCP,0,,,N,0700
US1TXAT0021,20191007,PRCP,0,,,N,0700
US1TXAT0021,20191008,PRCP,0,,,N,0700
US1TXAT0021,20191009,PRCP,0,,,N,0700
US1TXAT0021,20191010,PRCP,0,,,N,0700
US1TXAT0021,20191011,PRCP,0,,,N,0700
US1TXAT0021,20191012,PRCP,0,T,,N,0700
US1TXAT0021,20191013,PRCP,0,,,N,0700
US1TXAT0021,20191014,PRCP,0,,,N,0700
US1TXAT0021,20191015,PRCP,0,,,N,0700
US1TXAT0021,20191016,PRCP,386,,,N,0700
US1TXAT0021,20191017,PRCP,13,,,N,0700
US1TXAT0021,20191018,PRCP,0,,,N,0700
US1TXAT0021,20191019,PRCP,0,,,N,0700
US1TXAT0021,20191020,PRCP,0,,,N,0700
US1TXAT0021,20191021,PRCP,5,,,N,0700
US1TXAT0021,20191022,PRCP,0,,,N,0700
US1TXAT0021,20191023,PRCP,0,,,N,0700
US1TXAT0021,20191024,PRCP,0,,,N,0700
US1TXAT0021,20191025,PRCP,259,,,N,0700
US1TXAT0021,20191026,PRCP,0,,,N,0700
US1TXAT0021,20191027,PRCP,0,,,N,0700
US1TXAT0021,20191028,PRCP,0,,,N,0700
US1TXAT0021,20191029,PRCP,20,,,N,0700
US1TXAT0021,20191030,PRCP,48,,,N,0700
US1TXAT0021,20191031,PRCP,0,T,,N,0700
US1TXAT0021,20191002,SNOW,0,,,N,0700
US1TXAT0021,20191003,SNOW,0,,,N,0700
US1TXAT0021,20191004,SNOW,0,,,N,0700
US1TXAT0021,20191006,SNOW,0,,,N,0700
US1TXAT0021,20191007,SNOW,0,,,N,0700
US1TXAT0021,20191008,SNOW,0,,,N,0700
US1TXAT0021,20191009,SNOW,0,,,N,0700
US1TXAT0021,20191010,SNOW,0,,,N,0700
US1TXAT0021,20191011,SNOW,0,,,N,0700
US1TXAT0021,20191013,SNOW,0,,,N,0700
US1TXAT0021,20191014,SNOW,0,,,N,0700
US1TXAT0021,20191015,SNOW,0,,,N,0700
US1TXAT0021,20191018,SNOW,0,,,N,0700
US1TXAT0021,20191019,SNOW,0,,,N,0700
US1TXAT0021,20191020,SNOW,0,,,N,0700
US1TXAT0021,20191022,SNOW,0,,,N,0700
US1TXAT0021,20191023,SNOW,0,,,N,0700
US1TXAT0021,20191024,SNOW,0,,,N,0700
US1TXAT0021,20191026,SNOW,0,,,N,0700
US1TXAT0021,20191027,SNOW,0,,,N,0700
US1TXAT0021,20191028,SNOW,0,,,N,0700
US1TXAT0021,20191101,PRCP,0,,,N,0700
US1TXAT0021,20191102,PRCP,0,,,N,0700
US1TXAT0021,20191103,PRCP,0,,,N,0700
US1TXAT0021,20191104,PRCP,0,,,N,0700
US1TXAT0021,20191105,PRCP,0,,,N,0700
US1TXAT0021,20191106,PRCP,0,,,N,0700
US1TXAT0021,20191107,PRCP,3,,,N,0700
US1TXAT0021,20191108,PRCP,86,,,N,0700
US1TXAT0021,20191109,PRCP,18,,,N,0700
US1TXAT0021,20191110,PRCP,0,,,N,0700
US1TXAT0021,20191111,PRCP,0,,,N,0700
US1TXAT0021,20191112,PRCP,8,,,N,0700
US1TXAT0021,20191113,PRCP,3,,,N,0700
US1TXAT0021,20191114,PRCP,20,,,N,0700
US1TXAT0021,20191115,PRCP,3,,,N,0700
US1TXAT0021,20191116,PRCP,0,,,N,0700
US1TXAT0021,20191117,PRCP,0,,,N,0700
US1TXAT0021,20191118,PRCP,0,,,N,0700
US1TXAT0021,20191119,PRCP,0,,,N,0700
US1TXAT0021,20191120,PRCP,0,,,N,0700
US1TXAT0021,20191121,PRCP,0,,,N,0700
US1TXAT0021,20191122,PRCP,3,,,N,0700
US1TXAT0021,20191125,PRCP,0,,,N,0700
US1TXAT0021,20191126,PRCP,0,,,N,0700
US1TXAT0021,20191127,PRCP,0,,,N,0700
US1TXAT0021,20191128,PRCP,0,,,N,0700
US1TXAT0021,20191129,PRCP,0,,,N,0700
US1TXAT0021,20191130,PRCP,8,,,N,0700
US1TXAT0021,20191101,SNOW,0,,,N,0700
US1TXAT0021,20191102,SNOW,0,,,N,0700
US1TXAT0021,20191103,SNOW,0,,,N,0700
US1TXAT0021,20191104,SNOW,0,,,N,0700
US1TXAT0021,20191105,SNOW,0,,,N,0700
US1TXAT0021,20191106,SNOW,0,,,N,0700
US1TXAT0021,20191110,SNOW,0,,,N,0700
US1TXAT0021,20191111,SNOW,0,,,N,0700
US1TXAT0021,20191116,SNOW,0,,,N,0700
US1TXAT0021,20191117,SNOW,0,,,N,0700
US1TXAT0021,20191118,SNOW,0,,,N,0700
US1TXAT0021,20191120,SNOW,0,,,N,0700
US1TXAT0021,20191121,SNOW,0,,,N,0700
US1TXAT0021,20191125,SNOW,0,,,N,0700
US1TXAT0021,20191126,SNOW,0,,,N,0700
US1TXAT0021,20191127,SNOW,0,,,N,0700
US1TXAT0021,20191128,SNOW,0,,,N,0700
US1TXAT0021,20191129,SNOW,0,,,N,0700
US1TXAT0021,20191124,DAPR,2,,,N,0700
US1TXAT0021,20191124,MDPR,15,,,N,0700
US1TXAT0021,20191201,PRCP,0,,,N,0700
US1TXAT0021,20191202,PRCP,0,,,N,0700
US1TXAT0021,20191203,PRCP,0,,,N,0700
US1TXAT0021,20191204,PRCP,0,,,N,0700
US1TXAT0021,20191205,PRCP,0,,,N,0700
US1TXAT0021,20191206,PRCP,0,,,N,0700
US1TXAT0021,20191207,PRCP,0,,,N,0700
US1TXAT0021,20191208,PRCP,0,,,N,0700
US1TXAT0021,20191209,PRCP,0,,,N,0700
US1TXAT0021,20191210,PRCP,25,,,N,0700
US1TXAT0021,20191211,PRCP,8,,,N,0700
US1TXAT0021,20191212,PRCP,0,,,N,0700
US1TXAT0021,20191213,PRCP,0,,,N,0700
US1TXAT0021,20191214,PRCP,0,,,N,0700
US1TXAT0021,20191215,PRCP,0,,,N,0700
US1TXAT0021,20191216,PRCP,0,,,N,0700
US1TXAT0021,20191217,PRCP,0,,,N,0700
US1TXAT0021,20191218,PRCP,0,,,N,0700
US1TXAT0021,20191219,PRCP,0,,,N,0700
US1TXAT0021,20191220,PRCP,30,,,N,0700
US1TXAT0021,20191221,PRCP,28,,,N,0700
US1TXAT0021,20191222,PRCP,0,,,N,0700
US1TXAT0021,20191223,PRCP,0,,,N,0700
US1TXAT0021,20191224,PRCP,0,,,N,0700
US1TXAT0021,20191225,PRCP,0,,,N,0700
US1TXAT0021,20191226,PRCP,0,,,N,0700
US1TXAT0021,20191227,PRCP,0,,,N,0700
US1TXAT0021,20191228,PRCP,5,,,N,0700
US1TXAT0021,20191229,PRCP,3,,,N,0700
US1TXAT0021,20191230,PRCP,0,,,N,0700
US1TXAT0021,20191231,PRCP,0,,,N,0700
US1TXAT0021,20191201,SNOW,0,,,N,0700
US1TXAT0021,20191202,SNOW,0,,,N,0700
US1TXAT0021,20191203,SNOW,0,,,N,0700
US1TXAT0021,20191204,SNOW,0,,,N,0700
US1TXAT0021,20191206,SNOW,0,,,N,0700
US1TXAT0021,20191207,SNOW,0,,,N,0700
US1TXAT0021,20191208,SNOW,0,,,N,0700
US1TXAT0021,20191209,SNOW,0,,,N,0700
US1TXAT0021,20191213,SNOW,0,,,N,0700
US1TXAT0021,20191214,SNOW,0,,,N,0700
US1TXAT0021,20191215,SNOW,0,,,N,0700
US1TXAT0021,20191216,SNOW,0,,,N,0700
US1TXAT0021,20191217,SNOW,0,,,N,0700
US1TXAT0021,20191218,SNOW,0,,,N,0700
US1TXAT0021,20191219,SNOW,0,,,N,0700
US1TXAT0021,20191222,SNOW,0,,,N,0700
US1TXAT0021,20191223,SNOW,0,,,N,0700
US1TXAT0021,20191224,SNOW,0,,,N,0700
US1TXAT0021,20191225,SNOW,0,,,N,0700
US1TXAT0021,20191226,SNOW,0,,,N,0700
US1TXAT0021,20191227,SNOW,0,,,N,0700
US1TXAT0021,20191230,SNOW,0,,,N,0700
US1TXAT0021,20191231,SNOW,0,,,N,0700
US1TXAT0021,20200101,PRCP,0,,,N,0700
US1TXAT0021,20200102,PRCP,5,,,N,0700
US1TXAT0021,20200103,PRCP,0,,,N,0700
US1TXAT0021,20200104,PRCP,0,,,N,0700
US1TXAT0021,20200105,PRCP,0,,,N,0700
US1TXAT0021,20200106,PRCP,0,,,N,0700
US1TXAT0021,20200107,PRCP,0,,,N,0700
US1TXAT0021,20200108,PRCP,0,,,N,0700
US1TXAT0021,20200109,PRCP,0,,,N,0700
US1TXAT0021,20200110,PRCP,0,,,N,0700
US1TXAT0021,20200111,PRCP,8,,,N,0700
US1TXAT0021,20200112,PRCP,0,,,N,0700
US1TXAT0021,20200113,PRCP,8,,,N,0700
US1TXAT0021,20200114,PRCP,5,,,N,0700
US1TXAT0021,20200115,PRCP,0,,,N,0700
US1TXAT0021,20200116,PRCP,5,,,N,0700
US1TXAT0021,20200117,PRCP,109,,,N,0700
US1TXAT0021,20200118,PRCP,13,,,N,0700
US1TXAT0021,20200119,PRCP,13,,,N,0700
US1TXAT0021,20200120,PRCP,0,,,N,0700
US1TXAT0021,20200121,PRCP,0,,,N,0700
US1TXAT0021,20200122,PRCP,97,,,N,0700
US1TXAT0021,20200123,PRCP,28,,,N,0700
US1TXAT0021,20200124,PRCP,0,,,N,0700
US1TXAT0021,20200125,PRCP,0,,,N,0700
US1TXAT0021,20200126,PRCP,5,,,N,0700
US1TXAT0021,20200127,PRCP,0,,,N,0700
US1TXAT0021,20200128,PRCP,0,,,N,0700
US1TXAT0021,20200129,PRCP,0,,,N,0700
US1TXAT0021,20200130,PRCP,0,,,N,0700
US1TXAT0021,20200131,PRCP,0,,,N,0700
US1TXAT0021,20200101,SNOW,0,,,N,0700
US1TXAT0021,20200103,SNOW,0,,,N,0700
US1TXAT0021,20200104,SNOW,0,,,N,0700
US1TXAT0021,20200105,SNOW,0,,,N,0700
US1TXAT0021,20200106,SNOW,0,,,N,0700
US1TXAT0021,20200107,SNOW,0,,,N,0700
US1TXAT0021,20200108,SNOW,0,,,N,0700
US1TXAT0021,20200109,SNOW,0,,,N,0700
US1TXAT0021,20200110,SNOW,0,,,N,0700
US1TXAT0021,20200112,SNOW,0,,,N,0700
US1TXAT0021,20200115,SNOW,0,,,N,0700
US1TXAT0021,20200120,SNOW,0,,,N,0700
US1TXAT0021,20200121,SNOW,0,,,N,0700
US1TXAT0021,20200124,SNOW,0,,,N,0700
US1TXAT0021,20200125,SNOW,0,,,N,0700
US1TXAT0021,20200127,SNOW,0,,,N,0700
US1TXAT0021,20200128,SNOW,0,,,N,0700
US1TXAT0021,20200129,SNOW,0,,,N,0700
US1TXAT0021,20200130,SNOW,0,,,N,0700
US1TXAT0021,20200131,SNOW,0,,,N,0700
US1TXAT0021,20200201,PRCP,0,,,N,0700
US1TXAT0021,20200202,PRCP,0,,,N,0700
US1TXAT0021,20200203,PRCP,0,,,N,0700
US1TXAT0021,20200204,PRCP,0,,,N,0700
US1TXAT0021,20200205,PRCP,0,,,N,0700
US1TXAT0021,20200206,PRCP,0,,,N,0700
US1TXAT0021,20200207,PRCP,0,,,N,0700
US1TXAT0021,20200208,PRCP,0,,,N,0700
US1TXAT0021,20200209,PRCP,0,,,N,0700
US1TXAT0021,20200210,PRCP,0,,,N,0700
US1TXAT0021,20200211,PRCP,0,,,N,0700
US1TXAT0021,20200212,PRCP,71,,,N,0700
US1TXAT0021,20200213,PRCP,3,,,N,0700
US1TXAT0021,20200214,PRCP,0,,,N,0700
US1TXAT0021,20200215,PRCP,0,,,N,0700
US1TXAT0021,20200216,PRCP,0,,,N,0700
US1TXAT0021,20200217,PRCP,0,,,N,0700
US1TXAT0021,20200218,PRCP,0,,,N,0700
US1TXAT0021,20200219,PRCP,8,,,N,0700
US1TXAT0021,20200220,PRCP,15,,,N,0700
US1TXAT0021,20200221,PRCP,5,,,N,0700
US1TXAT0021,20200222,PRCP,0,,,N,0700
US1TXAT0021,20200223,PRCP,0,,,N,0700
US1TXAT0021,20200224,PRCP,0,,,N,0700
US1TXAT0021,20200225,PRCP,0,,,N,0700
US1TXAT0021,20200226,PRCP,0,,,N,0700
US1TXAT0021,20200227,PRCP,0,,,N,0700
US1TXAT0021,20200228,PRCP,0,,,N,0700
US1TXAT0021,20200229,PRCP,0,,,N,0700
US1TXAT0021,20200201,SNOW,0,,,N,0700
US1TXAT0021,20200202,SNOW,0,,,N,0700
US1TXAT0021,20200203,SNOW,0,,,N,0700
US1TXAT0021,20200204,SNOW,0,,,N,0700
US1TXAT0021,20200205,SNOW,0,,,N,0700
US1TXAT0021,20200206,SNOW,0,,,N,0700
US1TXAT0021,20200207,SNOW,0,,,N,0700
US1TXAT0021,20200208,SNOW,0,,,N,0700
US1TXAT0021,20200209,SNOW,0,,,N,0700
US1TXAT0021,20200210,SNOW,0,,,N,0700
US1TXAT0021,20200214,SNOW,0,,,N,0700
US1TXAT0021,20200215,SNOW,0,,,N,0700
US1TXAT0021,20200216,SNOW,0,,,N,0700
US1TXAT0021,20200218,SNOW,0,,,N,0700
US1TXAT0021,20200222,SNOW,0,,,N,0700
US1TXAT0021,20200223,SNOW,0,,,N,0700
US1TXAT0021,20200224,SNOW,0,,,N,0700
US1TXAT0021,20200225,SNOW,0,,,N,0700
US1TXAT0021,20200226,SNOW,0,,,N,0700
US1TXAT0021,20200227,SNOW,0,,,N,0700
US1TXAT0021,20200228,SNOW,0,,,N,0700
US1TXAT0021,20200229,SNOW,0,,,N,0700
US1TXAT0021,20200301,PRCP,0,,,N,0700
US1TXAT0021,20200302,PRCP,0,,,N,0700
US1TXAT0021,20200303,PRCP,0,,,N,0700
US1TXAT0021,20200304,PRCP,30,,,N,0700
US1TXAT0021,20200305,PRCP,0,,,N,0700
US1TXAT0021,20200306,PRCP,0,,,N,0700
US1TXAT0021,20200307,PRCP,0,,,N,0700
US1TXAT0021,20200308,PRCP,0,,,N,0700
US1TXAT0021,20200309,PRCP,8,,,N,0700
US1TXAT0021,20200310,PRCP,0,T,,N,0700
US1TXAT0021,20200311,PRCP,0,,,N,0700
US1TXAT0021,20200312,PRCP,0,,,N,0700
US1TXAT0021,20200313,PRCP,0,,,N,0700
US1TXAT0021,20200314,PRCP,0,,,N,0700
US1TXAT0021,20200315,PRCP,3,,,N,0700
US1TXAT0021,20200316,PRCP,3,,,N,0700
US1TXAT0021,20200317,PRCP,0,T,,N,0700
US1TXAT0021,20200318,PRCP,5,,,N,0700
US1TXAT0021,20200319,PRCP,3,,,N,0700
US1TXAT0021,20200320,PRCP,201,,,N,0700
US1TXAT0021,20200321,PRCP,414,,,N,0700
US1TXAT0021,20200322,PRCP,203,,,N,0700
US1TXAT0021,20200323,PRCP,5,,,N,0700
US1TXAT0021,20200324,PRCP,0,,,N,0700
US1TXAT0021,20200325,PRCP,0,,,N,0700
US1TXAT0021,20200326,PRCP,0,,,N,0700
US1TXAT0021,20200327,PRCP,0,,,N,0700
US1TXAT0021,20200328,PRCP,0,,,N,0700
US1TXAT0021,20200329,PRCP,18,,,N,0700
US1TXAT0021,20200330,PRCP,0,T,,N,0700
US1TXAT0021,20200331,PRCP,5,,,N,0700
US1TXAT0021,20200301,SNOW,0,,,N,0700
US1TXAT0021,20200302,SNOW,0,,,N,0700
US1TXAT0021,20200303,SNOW,0,,,N,0700
US1TXAT0021,20200305,SNOW,0,,,N,0700
US1TXAT0021,20200306,SNOW,0,,,N,0700
US1TXAT0021,20200307,SNOW,0,,,N,0700
US1TXAT0021,20200308,SNOW,0,,,N,0700
US1TXAT0021,20200311,SNOW,0,,,N,0700
US1TXAT0021,20200312,SNOW,0,,,N,0700
US1TXAT0021,20200313,SNOW,0,,,N,0700
US1TXAT0021,20200314,SNOW,0,,,N,0700
US1TXAT0021,20200324,SNOW,0,,,N,0700
US1TXAT0021,20200326,SNOW,0,,,N,0700
US1TXAT0021,20200327,SNOW,0,,,N,0700
US1TXAT0021,20200328,SNOW,0,,,N,0700
US1TXAT0021,20200401,PRCP,0,,,N,0700
US1TXAT0021,20200402,PRCP,0,,,N,0700
US1TXAT0021,20200403,PRCP,33,,,N,0700
US1TXAT0021,20200404,PRCP,84,,,N,0700
US1TXAT0021,20200405,PRCP,272,,,N,0700
US1TXAT0021,20200406,PRCP,0,T,,N,0700
US1TXAT0021,20200407,PRCP,0,,,N,0700
US1TXAT0021,20200408,PRCP,0,,,N,0700
US1TXAT0021,20200409,PRCP,0,,,N,0700
US1TXAT0021,20200410,PRCP,282,,,N,0700
US1TXAT0021,20200411,PRCP,0,,,N,0700
US1TXAT0021,20200412,PRCP,0,,,N,0700
US1TXAT0021,20200413,PRCP,0,,,N,0700
US1TXAT0021,20200414,PRCP,0,,,N,0700
US1TXAT0021,20200415,PRCP,0,,,N,0700
US1TXAT0021,20200416,PRCP,0,,,N,0700
US1TXAT0021,20200417,PRCP,0,,,N,0700
US1TXAT0021,20200418,PRCP,0,,,N,0700
US1TXAT0021,20200419,PRCP,3,,,N,0700
US1TXAT0021,20200420,PRCP,0,,,N,0700
US1TXAT0021,20200421,PRCP,0,,,N,0700
US1TXAT0021,20200422,PRCP,0,,,N,0700
US1TXAT0021,20200423,PRCP,0,,,N,0700
US1TXAT0021,20200424,PRCP,0,,,N,0700
US1TXAT0021,20200425,PRCP,0,,,N,0700
US1TXAT0021,20200426,PRCP,0,,,N,0700
US1TXAT0021,20200427,PRCP,0,,,N,0700
US1TXAT0021,20200428,PRCP,10,,,N,0700
US1TXAT0021,20200429,PRCP,0,,,N,0700
US1TXAT0021,20200430,PRCP,0,,,N,0700
US1TXAT0021,20200401,SNOW,0,,,N,0700
US1TXAT0021,20200402,SNOW,0,,,N,0700
US1TXAT0021,20200407,SNOW,0,,,N,0700
US1TXAT0021,20200408,SNOW,0,,,N,0700
US1TXAT0021,20200409,SNOW,0,,,N,0700
US1TXAT0021,20200412,SNOW,0,,,N,0700
US1TXAT0021,20200413,SNOW,0,,,N,0700
US1TXAT0021,20200414,SNOW,0,,,N,0700
US1TXAT0021,20200415,SNOW,0,,,N,0700
US1TXAT0021,20200416,SNOW,0,,,N,0700
US1TXAT0021,20200417,SNOW,0,,,N,0700
US1TXAT0021,20200420,SNOW,0,,,N,0700
US1TXAT0021,20200421,SNOW,0,,,N,0700
US1TXAT0021,20200422,SNOW,0,,,N,0700
US1TXAT0021,20200423,SNOW,0,,,N,0700
US1TXAT0021,20200424,SNOW,0,,,N,0700
US1TXAT0021,20200425,SNOW,0,,,N,0700
US1TXAT0021,20200426,SNOW,0,,,N,0700
US1TXAT0021,20200427,SNOW,0,,,N,0700
US1TXAT0021,20200430,SNOW,0,,,N,0700
US1TXAT0021,20200501,PRCP,0,,,N,0700
US1TXAT0021,20200502,PRCP,0,,,N,0700
US1TXAT0021,20200503,PRCP,0,,,N,0700
US1TXAT0021,20200504,PRCP,0,,,N,0700
US1TXAT0021,20200505,PRCP,0,,,N,0700
US1TXAT0021,20200506,PRCP,0,,,N,0700
US1TXAT0021,20200507,PRCP,0,,,N,0700
US1TXAT0021,20200508,PRCP,0,,,N,0700
US1TXAT0021,20200509,PRCP,0,,,N,0700
US1TXAT0021,20200510,PRCP,0,,,N,0700
US1TXAT0021,20200511,PRCP,0,,,N,0700
US1TXAT0021,20200512,PRCP,28,,,N,0700
US1TXAT0021,20200513,PRCP,76,,,N,0700
US1TXAT0021,20200514,PRCP,0,,,N,0700
US1TXAT0021,20200515,PRCP,0,,,N,0700
US1TXAT0021,20200516,PRCP,414,,,N,0700
US1TXAT0021,20200517,PRCP,0,,,N,0700
US1TXAT0021,20200518,PRCP,0,,,N,0700
US1TXAT0021,20200519,PRCP,0,,,N,0700
US1TXAT0021,20200520,PRCP,0,,,N,0700
US1TXAT0021,20200521,PRCP,0,,,N,0700
US1TXAT0021,20200522,PRCP,0,,,N,0700
US1TXAT0021,20200524,PRCP,3,,,N,0700
US1TXAT0021,20200525,PRCP,386,,,N,0700
US1TXAT0021,20200526,PRCP,132,,,N,0700
US1TXAT0021,20200528,PRCP,0,,,N,0700
US1TXAT0021,20200501,SNOW,0,,,N,0700
US1TXAT0021,20200502,SNOW,0,,,N,0700
US1TXAT0021,20200503,SNOW,0,,,N,0700
US1TXAT0021,20200504,SNOW,0,,,N,0700
US1TXAT0021,20200505,SNOW,0,,,N,0700
US1TXAT0021,20200506,SNOW,0,,,N,0700
US1TXAT0021,20200507,SNOW,0,,,N,0700
US1TXAT0021,20200508,SNOW,0,,,N,0700
US1TXAT0021,20200509,SNOW,0,,,N,0700
US1TXAT0021,20200510,SNOW,0,,,N,0700
US1TXAT0021,20200511,SNOW,0,,,N,0700
US1TXAT0021,20200514,SNOW,0,,,N,0700
US1TXAT0021,20200515,SNOW,0,,,N,0700
US1TXAT0021,20200517,SNOW,0,,,N,0700
US1TXAT0021,20200518,SNOW,0,,,N,0700
US1TXAT0021,20200519,SNOW,0,,,N,0700
US1TXAT0021,20200520,SNOW,0,,,N,0700
US1TXAT0021,20200521,SNOW,0,,,N,0700
US1TXAT0021,20200522,SNOW,0,,,N,0700
US1TXAT0021,20200601,PRCP,94,,,N,0700
US1TXAT0021,20200602,PRCP,3,,,N,0700
US1TXAT0021,20200603,PRCP,33,,,N,0700
US1TXAT0021,20200604,PRCP,0,,,N,0700
US1TXAT0021,20200605,PRCP,0,,,N,0700
US1TXAT0021,20200606,PRCP,0,,,N,0700
US1TXAT0021,20200607,PRCP,0,,,N,0700
US1TXAT0021,20200608,PRCP,0,,,N,0700
US1TXAT0021,20200609,PRCP,0,,,N,0700
US1TXAT0021,20200610,PRCP,0,,,N,0700
US1TXAT0021,20200611,PRCP,0,,,N,0700
US1TXAT0021,20200612,PRCP,0,,,N,0700
US1TXAT0021,20200613,PRCP,0,,,N,0700
US1TXAT0021,20200614,PRCP,0,,,N,0700
US1TXAT0021,20200615,PRCP,0,,,N,0700
US1TXAT0021,20200616,PRCP,165,,,N,0700
US1TXAT0021,20200617,PRCP,69,,,N,0700
US1TXAT0021,20200618,PRCP,0,T,,N,0700
US1TXAT0021,20200619,PRCP,0,,,N,0700
US1TXAT0021,20200620,PRCP,0,,,N,0700
US1TXAT0021,20200621,PRCP,0,,,N,0700
US1TXAT0021,20200622,PRCP,0,,,N,0700
US1TXAT0021,20200623,PRCP,0,,,N,0700
US1TXAT0021,20200624,PRCP,112,,,N,0700
US1TXAT0021,20200625,PRCP,0,,,N,0700
US1TXAT0021,20200626,PRCP,0,,,N,0700
US1TXAT0021,20200627,PRCP,450,,,N,0700
US1TXAT0021,20200628,PRCP,0,,,N,0700
US1TXAT0021,20200629,PRCP,0,,,N,0700
US1TXAT0021,20200630,PRCP,0,,,N,0700
US1TXAT0021,20200604,SNOW,0,,,N,0700
US1TXAT0021,20200605,SNOW,0,,,N,0700
US1TXAT0021,20200606,SNOW,0,,,N,0700
US1TXAT0021,20200607,SNOW,0,,,N,0700
US1TXAT0021,20200608,SNOW,0,,,N,0700
US1TXAT0021,20200609,SNOW,0,,,N,0700
US1TXAT0021,20200610,SNOW,0,,,N,0700
US1TXAT0021,20200611,SNOW,0,,,N,0700
US1TXAT0021,20200612,SNOW,0,,,N,0700
US1TXAT0021,20200613,SNOW,0,,,N,0700
US1TXAT0021,20200614,SNOW,0,,,N,0700
US1TXAT0021,20200615,SNOW,0,,,N,0700
US1TXAT0021,20200619,SNOW,0,,,N,0700
US1TXAT0021,20200620,SNOW,0,,,N,0700
US1TXAT0021,20200621,SNOW,0,,,N,0700
US1TXAT0021,20200622,SNOW,0,,,N,0700
US1TXAT0021,20200623,SNOW,0,,,N,0700
US1TXAT0021,20200625,SNOW,0,,,N,0700
US1TXAT0021,20200626,SNOW,0,,,N,0700
US1TXAT0021,20200628,SNOW,0,,,N,0700
US1TXAT0021,20200629,SNOW,0,,,N,0700
US1TXAT0021,20200630,SNOW,0,,,N,0700
US1TXAT0021,20200701,PRCP,0,,,N,0700
US1TXAT0021,20200702,PRCP,0,,,N,0700
US1TXAT0021,20200703,PRCP,0,,,N,0700
US1TXAT0021,20200704,PRCP,0,,,N,0700
US1TXAT0021,20200705,PRCP,0,,,N,0700
US1TXAT0021,20200706,PRCP,0,,,N,0700
US1TXAT0021,20200707,PRCP,0,,,N,0700
US1TXAT0021,20200708,PRCP,0,,,N,0700
US1TXAT0021,20200709,PRCP,0,,,N,0700
US1TXAT0021,20200710,PRCP,0,,,N,0700
US1TXAT0021,20200711,PRCP,0,,,N,0700
US1TXAT0021,20200712,PRCP,0,,,N,0700
US1TXAT0021,20200713,PRCP,0,,,N,0700
US1TXAT0021,20200714,PRCP,0,,,N,0700
US1TXAT0021,20200715,PRCP,0,,,N,0700
US1TXAT0021,20200716,PRCP,0,,,N,0700
US1TXAT0021,20200717,PRCP,0,,,N,0700
US1TXAT0021,20200718,PRCP,0,,,N,0700
US1TXAT0021,20200719,PRCP,0,,,N,0700
US1TXAT0021,20200720,PRCP,0,,,N,0700
US1TXAT0021,20200721,PRCP,0,,,N,0700
US1TXAT0021,20200722,PRCP,0,,,N,0700
US1TXAT0021,20200723,PRCP,0,,,N,0700
US1TXAT0021,20200724,PRCP,0,,,N,0700
US1TXAT0021,20200725,PRCP,0,,,N,0700
US1TXAT0021,20200726,PRCP,48,,,N,0700
US1TXAT0021,20200727,PRCP,114,,,N,0700
US1TXAT0021,20200728,PRCP,0,,,N,0700
US1TXAT0021,20200729,PRCP,0,,,N,0700
US1TXAT0021,20200730,PRCP,13,,,N,0700
US1TXAT0021,20200701,SNOW,0,,,N,0700
US1TXAT0021,20200702,SNOW,0,,,N,0700
US1TXAT0021,20200703,SNOW,0,,,N,0700
US1TXAT0021,20200704,SNOW,0,,,N,0700
US1TXAT0021,20200705,SNOW,0,,,N,0700
US1TXAT0021,20200706,SNOW,0,,,N,0700
US1TXAT0021,20200707,SNOW,0,,,N,0700
US1TXAT0021,20200708,SNOW,0,,,N,0700
US1TXAT0021,20200709,SNOW,0,,,N,0700
US1TXAT0021,20200710,SNOW,0,,,N,0700
US1TXAT0021,20200711,SNOW,0,,,N,0700
US1TXAT0021,20200712,SNOW,0,,,N,0700
US1TXAT0021,20200713,SNOW,0,,,N,0700
US1TXAT0021,20200714,SNOW,0,,,N,0700
US1TXAT0021,20200715,SNOW,0,,,N,0700
US1TXAT0021,20200716,SNOW,0,,,N,0700
US1TXAT0021,20200717,SNOW,0,,,N,0700
US1TXAT0021,20200718,SNOW,0,,,N,0700
US1TXAT0021,20200719,SNOW,0,,,N,0700
US1TXAT0021,20200720,SNOW,0,,,N,0700
US1TXAT0021,20200721,SNOW,0,,,N,0700
US1TXAT0021,20200722,SNOW,0,,,N,0700
US1TXAT0021,20200723,SNOW,0,,,N,0700
US1TXAT0021,20200724,SNOW,0,,,N,0700
US1TXAT0021,20200725,SNOW,0,,,N,0700
US1TXAT0021,20200728,SNOW,0,,,N,0700
US1TXAT0021,20200729,SNOW,0,,,N,0700
US1TXAT0021,20200801,PRCP,114,,,N,0700
US1TXAT0021,20200802,PRCP,0,,,N,0700
US1TXAT0021,20200803,PRCP,0,,,N,0700
US1TXAT0021,20200804,PRCP,10,,,N,0700
US1TXAT0021,20200805,PRCP,0,,,N,0700
US1TXAT0021,20200806,PRCP,0,,,N,0700
US1TXAT0021,20200807,PRCP,0,,,N,0700
US1TXAT0021,20200808,PRCP,0,,,N,0700
US1TXAT0021,20200809,PRCP,0,,,N,0700
US1TXAT0021,20200810,PRCP,0,,,N,0700
US1TXAT0021,20200811,PRCP,0,,,N,0700
US1TXAT0021,20200812,PRCP,0,,,N,0700
US1TXAT0021,20200813,PRCP,0,,,N,0700
US1TXAT0021,20200814,PRCP,0,,,N,0700
US1TXAT0021,20200815,PRCP,0,,,N,0700
US1TXAT0021,20200816,PRCP,0,,,N,0700
US1TXAT0021,20200817,PRCP,0,,,N,0700
US1TXAT0021,20200818,PRCP,10,,,N,0700
US1TXAT0021,20200819,PRCP,5,,,N,0700
US1TXAT0021,20200820,PRCP,0,,,N,0700
US1TXAT0021,20200821,PRCP,0,,,N,0700
US1TXAT0021,20200822,PRCP,0,,,N,0700
US1TXAT0021,20200823,PRCP,18,,,N,0700
US1TXAT0021,20200824,PRCP,0,,,N,0700
US1TXAT0021,20200825,PRCP,0,,,N,0700
US1TXAT0021,20200826,PRCP,0,,,N,0700
US1TXAT0021,20200827,PRCP,0,,,N,0700
US1TXAT0021,20200828,PRCP,0,,,N,0700
US1TXAT0021,20200829,PRCP,0,,,N,0700
US1TXAT0021,20200830,PRCP,0,,,N,0700
US1TXAT0021,20200831,PRCP,0,,,N,0700
US1TXAT0021,20200802,SNOW,0,,,N,0700
US1TXAT0021,20200803,SNOW,0,,,N,0700
US1TXAT0021,20200805,SNOW,0,,,N,0700
US1TXAT0021,20200806,SNOW,0,,,N,0700
US1TXAT0021,20200807,SNOW,0,,,N,0700
US1TXAT0021,20200808,SNOW,0,,,N,0700
US1TXAT0021,20200809,SNOW,0,,,N,0700
US1TXAT0021,20200810,SNOW,0,,,N,0700
US1TXAT0021,20200811,SNOW,0,,,N,0700
US1TXAT0021,20200812,SNOW,0,,,N,0700
US1TXAT0021,20200813,SNOW,0,,,N,0700
US1TXAT0021,20200814,SNOW,0,,,N,0700
US1TXAT0021,20200815,SNOW,0,,,N,0700
US1TXAT0021,20200816,SNOW,0,,,N,0700
US1TXAT0021,20200817,SNOW,0,,,N,0700
US1TXAT0021,20200820,SNOW,0,,,N,0700
US1TXAT0021,20200821,SNOW,0,,,N,0700
US1TXAT0021,20200822,SNOW,0,,,N,0700
US1TXAT0021,20200824,SNOW,0,,,N,0700
US1TXAT0021,20200825,SNOW,0,,,N,0700
US1TXAT0021,20200826,SNOW,0,,,N,0700
US1TXAT0021,20200827,SNOW,0,,,N,0700
US1TXAT0021,20200828,SNOW,0,,,N,0700
US1TXAT0021,20200829,SNOW,0,,,N,0700
US1TXAT0021,20200830,SNOW,0,,,N,0700
US1TXAT0021,20200831,SNOW,0,,,N,0700
US1TXAT0021,20200901,PRCP,0,,,N,0700
US1TXAT0021,20200902,PRCP,3,,,N,0700
US1TXAT0021,20200903,PRCP,0,,,N,0700
US1TXAT0021,20200904,PRCP,5,,,N,0700
US1TXAT0021,20200905,PRCP,152,,,N,0700
US1TXAT0021,20200906,PRCP,8,,,N,0700
US1TXAT0021,20200907,PRCP,0,,,N,0700
US1TXAT0021,20200908,PRCP,0,,,N,0700
US1TXAT0021,20200909,PRCP,3,,,N,0700
US1TXAT0021,20200910,PRCP,1252,,,N,0700
US1TXAT0021,20200911,PRCP,0,,,N,0700
US1TXAT0021,20200912,PRCP,0,,,N,0700
US1TXAT0021,20200913,PRCP,0,,,N,0700
US1TXAT0021,20200914,PRCP,0,,,N,0700
US1TXAT0021,20200915,PRCP,0,,,N,0700
US1TXAT0021,20200916,PRCP,3,,,N,0700
US1TXAT0021,20200917,PRCP,5,,,N,0700
US1TXAT0021,20200918,PRCP,5,,,N,0700
US1TXAT0021,20200919,PRCP,0,,,N,0700
US1TXAT0021,20200920,PRCP,0,,,N,0700
US1TXAT0021,20200921,PRCP,10,,,N,0700
US1TXAT0021,20200922,PRCP,135,,,N,0700
US1TXAT0021,20200923,PRCP,0,,,N,0700
US1TXAT0021,20200924,PRCP,0,,,N,0700
US1TXAT0021,20200925,PRCP,0,,,N,0700
US1TXAT0021,20200926,PRCP,0,,,N,0700
US1TXAT0021,20200927,PRCP,0,,,N,0700
US1TXAT0021,20200928,PRCP,0,,,N,0700
US1TXAT0021,20200929,PRCP,0,,,N,0700
US1TXAT0021,20200930,PRCP,0,,,N,0700
US1TXAT0021,20200901,SNOW,0,,,N,0700
US1TXAT0021,20200907,SNOW,0,,,N,0700
US1TXAT0021,20200908,SNOW,0,,,N,0700
US1TXAT0021,20200911,SNOW,0,,,N,0700
US1TXAT0021,20200912,SNOW,0,,,N,0700
US1TXAT0021,20200913,SNOW,0,,,N,0700
US1TXAT0021,20200914,SNOW,0,,,N,0700
US1TXAT0021,20200915,SNOW,0,,,N,0700
US1TXAT0021,20200919,SNOW,0,,,N,0700
US1TXAT0021,20200920,SNOW,0,,,N,0700
US1TXAT0021,20200923,SNOW,0,,,N,0700
US1TXAT0021,20200924,SNOW,0,,,N,0700
US1TXAT0021,20200925,SNOW,0,,,N,0700
US1TXAT0021,20200926,SNOW,0,,,N,0700
US1TXAT0021,20200927,SNOW,0,,,N,0700
US1TXAT0021,20200928,SNOW,0,,,N,0700
US1TXAT0021,20200929,SNOW,0,,,N,0700
US1TXAT0021,20200930,SNOW,0,,,N,0700
US1TXAT0021,20201001,PRCP,0,,,N,0700
US1TXAT0021,20201002,PRCP,0,,,N,0700
US1TXAT0021,20201003,PRCP,0,,,N,0700
US1TXAT0021,20201004,PRCP,0,,,N,0700
US1TXAT0021,20201005,PRCP,0,,,N,0700
US1TXAT0021,20201006,PRCP,0,,,N,0700
US1TXAT0021,20201007,PRCP,0,,,N,0700
US1TXAT0021,20201008,PRCP,0,,,N,0700
US1TXAT0021,20201009,PRCP,0,,,N,0700
US1TXAT0021,20201010,PRCP,0,,,N,0700
US1TXAT0021,20201011,PRCP,0,,,N,0700
US1TXAT0021,20201012,PRCP,0,,,N,0700
US1TXAT0021,20201013,PRCP,0,,,N,0700
US1TXAT0021,20201014,PRCP,0,,,N,0700
US1TXAT0021,20201015,PRCP,0,,,N,0700
US1TXAT0021,20201016,PRCP,0,,,N,0700
US1TXAT0021,20201017,PRCP,10,,,N,0700
US1TXAT0021,20201018,PRCP,8,,,N,0700
US1TXAT0021,20201019,PRCP,0,,,N,0700
US1TXAT0021,20201020,PRCP,0,,,N,0700
US1TXAT0021,20201021,PRCP,5,,,N,0700
US1TXAT0021,20201022,PRCP,0,T,,N,0700
US1TXAT0021,20201023,PRCP,13,,,N,0700
US1TXAT0021,20201024,PRCP,0,,,N,0700
US1TXAT0021,20201025,PRCP,0,,,N,0700
US1TXAT0021,20201026,PRCP,0,,,N,0700
US1TXAT0021,20201027,PRCP,0,,,N,0700
US1TXAT0021,20201028,PRCP,15,,,N,0700
US1TXAT0021,20201029,PRCP,0,,,N,0700
US1TXAT0021,20201030,PRCP,0,,,N,0700
US1TXAT0021,20201031,PRCP,0,,,N,0700
US1TXAT0021,20201001,SNOW,0,,,N,0700
US1TXAT0021,20201002,SNOW,0,,,N,0700
US1TXAT0021,20201003,SNOW,0,,,N,0700
US1TXAT0021,20201004,SNOW,0,,,N,0700
US1TXAT0021,20201005,SNOW,0,,,N,0700
US1TXAT0021,20201006,SNOW,0,,,N,0700
US1TXAT0021,20201007,SNOW,0,,,N,0700
US1TXAT0021,20201008,SNOW,0,,,N,0700
US1TXAT0021,20201009,SNOW,0,,,N,0700
US1TXAT0021,20201010,SNOW,0,,,N,0700
US1TXAT0021,20201011,SNOW,0,,,N,0700
US1TXAT0021,20201012,SNOW,0,,,N,0700
US1TXAT0021,20201013,SNOW,0,,,N,0700
US1TXAT0021,20201014,SNOW,0,,,N,0700
US1TXAT0021,20201015,SNOW,0,,,N,0700
US1TXAT0021,20201016,SNOW,0,,,N,0700
US1TXAT0021,20201019,SNOW,0,,,N,0700
US1TXAT0021,20201020,SNOW,0,,,N,0700
US1TXAT0021,20201024,SNOW,0,,,N,0700
US1TXAT0021,20201025,SNOW,0,,,N,0700
US1TXAT0021,20201026,SNOW,0,,,N,0700
US1TXAT0021,20201027,SNOW,0,,,N,0700
US1TXAT0021,20201029,SNOW,0,,,N,0700
US1TXAT0021,20201030,SNOW,0,,,N,0700
US1TXAT0021,20201031,SNOW,0,,,N,0700
US1TXAT0021,20201101,PRCP,0,,,N,0700
US1TXAT0021,20201102,PRCP,0,,,N,0700
US1TXAT0021,20201103,PRCP,0,,,N,0700
US1TXAT0021,20201104,PRCP,0,,,N,0700
US1TXAT0021,20201105,PRCP,0,,,N,0700
US1TXAT0021,20201106,PRCP,0,,,N,0700
US1TXAT0021,20201107,PRCP,0,,,N,0700
US1TXAT0021,20201108,PRCP,0,,,N,0700
US1TXAT0021,20201109,PRCP,0,,,N,0700
US1TXAT0021,20201110,PRCP,0,,,N,0700
US1TXAT0021,20201111,PRCP,5,,,N,0700
US1TXAT0021,20201112,PRCP,0,,,N,0700
US1TXAT0021,20201113,PRCP,0,,,N,0700
US1TXAT0021,20201114,PRCP,0,,,N,0700
US1TXAT0021,20201115,PRCP,0,,,N,0700
US1TXAT0021,20201116,PRCP,0,,,N,0700
US1TXAT0021,20201117,PRCP,0,,,N,0700
US1TXAT0021,20201118,PRCP,0,,,N,0700
US1TXAT0021,20201119,PRCP,0,,,N,0700
US1TXAT0021,20201120,PRCP,0,,,N,0700
US1TXAT0021,20201121,PRCP,0,,,N,0700
US1TXAT0021,20201122,PRCP,0,,,N,0700
US1TXAT0021,20201123,PRCP,0,,,N,0700
US1TXAT0021,20201124,PRCP,0,,,N,0700
US1TXAT0021,20201125,PRCP,0,T,,N,0700
US1TXAT0021,20201126,PRCP,0,,,N,0700
US1TXAT0021,20201127,PRCP,0,,,N,0700
US1TXAT0021,20201128,PRCP,178,,,N,0700
US1TXAT0021,20201129,PRCP,391,,,N,0700
US1TXAT0021,20201130,PRCP,0,,,N,0700
US1TXAT0021,20201101,SNOW,0,,,N,0700
US1TXAT0021,20201102,SNOW,0,,,N,0700
US1TXAT0021,20201103,SNOW,0,,,N,0700
US1TXAT0021,20201104,SNOW,0,,,N,0700
US1TXAT0021,20201105,SNOW,0,,,N,0700
US1TXAT0021,20201106,SNOW,0,,,N,0700
US1TXAT0021,20201107,SNOW,0,,,N,0700
US1TXAT0021,20201108,SNOW,0,,,N,0700
US1TXAT0021,20201109,SNOW,0,,,N,0700
US1TXAT0021,20201110,SNOW,0,,,N,0700
US1TXAT0021,20201112,SNOW,0,,,N,0700
US1TXAT0021,20201113,SNOW,0,,,N,0700
US1TXAT0021,20201114,SNOW,0,,,N,0700
US1TXAT0021,20201115,SNOW,0,,,N,0700
US1TXAT0021,20201116,SNOW,0,,,N,0700
US1TXAT0021,20201117,SNOW,0,,,N,0700
US1TXAT0021,20201118,SNOW,0,,,N,0700
US1TXAT0021,20201119,SNOW,0,,,N,0700
US1TXAT0021,20201120,SNOW,0,,,N,0700
US1TXAT0021,20201121,SNOW,0,,,N,0700
US1TXAT0021,20201122,SNOW,0,,,N,0700
US1TXAT0021,20201123,SNOW,0,,,N,0700
US1TXAT0021,20201124,SNOW,0,,,N,0700
US1TXAT0021,20201126,SNOW,0,,,N,0700
US1TXAT0021,20201127,SNOW,0,,,N,0700
US1TXAT0021,20201130,SNOW,0,,,N,0700
US1TXAT0021,20201201,PRCP,0,,,N,0700
US1TXAT0021,20201202,PRCP,0,,,N,0700
US1TXAT0021,20201203,PRCP,0,,,N,0700
US1TXAT0021,20201204,PRCP,0,,,N,0700
US1TXAT0021,20201205,PRCP,36,,,N,0700
US1TXAT0021,20201206,PRCP,18,,,N,0700
US1TXAT0021,20201207,PRCP,0,,,N,0700
US1TXAT0021,20201208,PRCP,0,,,N,0700
US1TXAT0021,20201209,PRCP,0,,,N,0700
US1TXAT0021,20201210,PRCP,0,,,N,0700
US1TXAT0021,20201211,PRCP,0,,,N,0700
US1TXAT0021,20201212,PRCP,0,,,N,0700
US1TXAT0021,20201213,PRCP,0,,,N,0700
US1TXAT0021,20201214,PRCP,0,,,N,0700
US1TXAT0021,20201215,PRCP,0,,,N,0700
US1TXAT0021,20201216,PRCP,0,,,N,0700
US1TXAT0021,20201217,PRCP,0,,,N,0700
US1TXAT0021,20201218,PRCP,0,,,N,0700
US1TXAT0021,20201219,PRCP,3,,,N,0700
US1TXAT0021,20201220,PRCP,0,,,N,0700
US1TXAT0021,20201224,PRCP,0,T,,N,0700
US1TXAT0021,20201231,PRCP,112,,,N,0700
US1TXAT0021,20201201,SNOW,0,,,N,0700
US1TXAT0021,20201202,SNOW,0,,,N,0700
US1TXAT0021,20201203,SNOW,0,,,N,0700
US1TXAT0021,20201204,SNOW,0,,,N,0700
US1TXAT0021,20201207,SNOW,0,,,N,0700
US1TXAT0021,20201208,SNOW,0,,,N,0700
US1TXAT0021,20201209,SNOW,0,,,N,0700
US1TXAT0021,20201210,SNOW,0,,,N,0700
US1TXAT0021,20201211,SNOW,0,,,N,0700
US1TXAT0021,20201212,SNOW,0,,,N,0700
US1TXAT0021,20201213,SNOW,0,,,N,0700
US1TXAT0021,20201214,SNOW,0,,,N,0700
US1TXAT0021,20201215,SNOW,0,,,N,0700
US1TXAT0021,20201216,SNOW,0,,,N,0700
US1TXAT0021,20201217,SNOW,0,,,N,0700
US1TXAT0021,20201218,SNOW,0,,,N,0700
US1TXAT0021,20201220,SNOW,0,,,N,0700
US1TXAT0021,20210103,PRCP,0,,,N,0700
US1TXAT0021,20210104,PRCP,0,,,N,0700
US1TXAT0021,20210105,PRCP,0,,,N,0700
US1TXAT0021,20210108,PRCP,0,,,N,0700
US1TXAT0021,20210109,PRCP,0,,,N,0700
US1TXAT0021,20210110,PRCP,53,,,N,0700
US1TXAT0021,20210111,PRCP,107,,,N,0700
US1TXAT0021,20210112,PRCP,0,,,N,0700
US1TXAT0021,20210113,PRCP,0,,,N,0700
US1TXAT0021,20210114,PRCP,0,,,N,0700
US1TXAT0021,20210115,PRCP,0,,,N,0700
US1TXAT0021,20210116,PRCP,0,,,N,0700
US1TXAT0021,20210117,PRCP,0,,,N,0700
US1TXAT0021,20210118,PRCP,0,,,N,0700
US1TXAT0021,20210119,PRCP,0,,,N,0700
US1TXAT0021,20210120,PRCP,3,,,N,0700
US1TXAT0021,20210121,PRCP,15,,,N,0700
US1TXAT0021,20210122,PRCP,15,,,N,0700
US1TXAT0021,20210123,PRCP,0,,,N,0700
US1TXAT0021,20210124,PRCP,5,,,N,0700
US1TXAT0021,20210125,PRCP,5,,,N,0700
US1TXAT0021,20210126,PRCP,0,,,N,0700
US1TXAT0021,20210127,PRCP,0,,,N,0700
US1TXAT0021,20210128,PRCP,0,,,N,0700
US1TXAT0021,20210129,PRCP,0,,,N,0700
US1TXAT0021,20210130,PRCP,0,,,N,0700
US1TXAT0021,20210131,PRCP,0,,,N,0700
US1TXAT0021,20210103,SNOW,0,,,N,0700
US1TXAT0021,20210104,SNOW,0,,,N,0700
US1TXAT0021,20210105,SNOW,0,,,N,0700
US1TXAT0021,20210108,SNOW,0,,,N,0700
US1TXAT0021,20210109,SNOW,0,,,N,0700
US1TXAT0021,20210112,SNOW,0,,,N,0700
US1TXAT0021,20210113,SNOW,0,,,N,0700
US1TXAT0021,20210114,SNOW,0,,,N,0700
US1TXAT0021,20210115,SNOW,0,,,N,0700
US1TXAT0021,20210116,SNOW,0,,,N,0700
US1TXAT0021,20210117,SNOW,0,,,N,0700
US1TXAT0021,20210118,SNOW,0,,,N,0700
US1TXAT0021,20210119,SNOW,0,,,N,0700
US1TXAT0021,20210123,SNOW,0,,,N,0700
US1TXAT0021,20210126,SNOW,0,,,N,0700
US1TXAT0021,20210127,SNOW,0,,,N,0700
US1TXAT0021,20210128,SNOW,0,,,N,0700
US1TXAT0021,20210129,SNOW,0,,,N,0700
US1TXAT0021,20210130,SNOW,0,,,N,0700
US1TXAT0021,20210131,SNOW,0,,,N,0700
US1TXAT0021,20210102,DAPR,2,,,N,0700
US1TXAT0021,20210107,DAPR,2,,,N,0700
US1TXAT0021,20210102,MDPR,33,,,N,0700
US1TXAT0021,20210107,MDPR,3,,,N,0700
US1TXAT0021,20210201,PRCP,0,,,N,0700
US1TXAT0021,20210202,PRCP,0,,,N,0700
US1TXAT0021,20210203,PRCP,0,,,N,0700
US1TXAT0021,20210204,PRCP,0,,,N,0700
US1TXAT0021,20210205,PRCP,0,,,N,0700
US1TXAT0021,20210206,PRCP,0,,,N,0700
US1TXAT0021,20210207,PRCP,0,,,N,0700
US1TXAT0021,20210208,PRCP,0,,,N,0700
US1TXAT0021,20210209,PRCP,0,,,N,0700
US1TXAT0021,20210210,PRCP,0,,,N,0700
US1TXAT0021,20210211,PRCP,0,,,N,0700
US1TXAT0021,20210212,PRCP,373,,,N,0700
US1TXAT0021,20210220,PRCP,0,,,N,0700
US1TXAT0021,20210221,PRCP,0,,,N,0700
US1TXAT0021,20210222,PRCP,0,,,N,0700
US1TXAT0021,20210223,PRCP,0,,,N,0700
US1TXAT0021,20210224,PRCP,0,,,N,0700
US1TXAT0021,20210225,PRCP,0,,,N,0700
US1TXAT0021,20210226,PRCP,3,,,N,0700
US1TXAT0021,20210227,PRCP,3,,,N,0700
US1TXAT0021,20210228,PRCP,0,,,N,0700
US1TXAT0021,20210201,SNOW,0,,,N,0700
US1TXAT0021,20210202,SNOW,0,,,N,0700
US1TXAT0021,20210203,SNOW,0,,,N,0700
US1TXAT0021,20210204,SNOW,0,,,N,0700
US1TXAT0021,20210205,SNOW,0,,,N,0700
US1TXAT0021,20210206,SNOW,0,,,N,0700
US1TXAT0021,20210207,SNOW,0,,,N,0700
US1TXAT0021,20210208,SNOW,0,,,N,0700
US1TXAT0021,20210209,SNOW,0,,,N,0700
US1TXAT0021,20210210,SNOW,0,,,N,0700
US1TXAT0021,20210211,SNOW,0,,,N,0700
US1TXAT0021,20210220,SNOW,0,,,N,0700
US1TXAT0021,20210221,SNOW,0,,,N,0700
US1TXAT0021,20210222,SNOW,0,,,N,0700
US1TXAT0021,20210223,SNOW,0,,,N,0700
US1TXAT0021,20210224,SNOW,0,,,N,0700
US1TXAT0021,20210225,SNOW,0,,,N,0700
US1TXAT0021,20210228,SNOW,0,,,N,0700
US1TXAT0021,20210219,DAPR,7,,,N,0700
US1TXAT0021,20210219,MDPR,53,,,N,0700
US1TXAT0021,20210301,PRCP,3,,,N,0700
US1TXAT0021,20210302,PRCP,0,,,N,0700
US1TXAT0021,20210303,PRCP,0,,,N,0700
US1TXAT0021,20210304,PRCP,0,,,N,0700
US1TXAT0021,20210305,PRCP,0,,,N,0700
US1TXAT0021,20210306,PRCP,0,,,N,0700
US1TXAT0021,20210307,PRCP,0,,,N,0700
US1TXAT0021,20210308,PRCP,0,,,N,0700
US1TXAT0021,20210309,PRCP,0,,,N,0700
US1TXAT0021,20210310,PRCP,0,,,N,0700
US1TXAT0021,20210311,PRCP,0,,,N,0700
US1TXAT0021,20210312,PRCP,0,,,N,0700
US1TXAT0021,20210313,PRCP,5,,,N,0700
US1TXAT0021,20210314,PRCP,36,,,N,0700
US1TXAT0021,20210315,PRCP,0,,,N,0700
US1TXAT0021,20210316,PRCP,0,,,N,0700
US1TXAT0021,20210317,PRCP,3,,,N,0700
US1TXAT0021,20210318,PRCP,0,,,N,0700
US1TXAT0021,20210319,PRCP,0,,,N,0700
US1TXAT0021,20210320,PRCP,0,,,N,0700
US1TXAT0021,20210321,PRCP,0,,,N,0700
US1TXAT0021,20210322,PRCP,0,,,N,0700
US1TXAT0021,20210323,PRCP,3,,,N,0700
US1TXAT0021,20210324,PRCP,0,T,,N,0700
US1TXAT0021,20210325,PRCP,0,,,N,0700
US1TXAT0021,20210326,PRCP,0,,,N,0700
US1TXAT0021,20210327,PRCP,0,,,N,0700
US1TXAT0021,20210328,PRCP,0,,,N,0700
US1TXAT0021,20210329,PRCP,28,,,N,0700
US1TXAT0021,20210330,PRCP,0,T,,N,0700
US1TXAT0021,20210331,PRCP,0,,,N,0700
US1TXAT0021,20210302,SNOW,0,,,N,0700
US1TXAT0021,20210303,SNOW,0,,,N,0700
US1TXAT0021,20210304,SNOW,0,,,N,0700
US1TXAT0021,20210305,SNOW,0,,,N,0700
US1TXAT0021,20210306,SNOW,0,,,N,0700
US1TXAT0021,20210307,SNOW,0,,,N,0700
US1TXAT0021,20210308,SNOW,0,,,N,0700
US1TXAT0021,20210309,SNOW,0,,,N,0700
US1TXAT0021,20210310,SNOW,0,,,N,0700
US1TXAT0021,20210311,SNOW,0,,,N,0700
US1TXAT0021,20210312,SNOW,0,,,N,0700
US1TXAT0021,20210315,SNOW,0,,,N,0700
US1TXAT0021,20210316,SNOW,0,,,N,0700
US1TXAT0021,20210318,SNOW,0,,,N,0700
US1TXAT0021,20210319,SNOW,0,,,N,0700
US1TXAT0021,20210320,SNOW,0,,,N,0700
US1TXAT0021,20210321,SNOW,0,,,N,0700
US1TXAT0021,20210322,SNOW,0,,,N,0700
US1TXAT0021,20210325,SNOW,0,,,N,0700
US1TXAT0021,20210326,SNOW,0,,,N,0700
US1TXAT0021,20210327,SNOW,0,,,N,0700
US1TXAT0021,20210328,SNOW,0,,,N,0700
US1TXAT0021,20210331,SNOW,0,,,N,0700
US1TXAT0021,20210401,PRCP,0,,,N,0700
US1TXAT0021,20210402,PRCP,0,,,N,0700
US1TXAT0021,20210403,PRCP,0,,,N,0700
US1TXAT0021,20210404,PRCP,0,T,,N,0700
US1TXAT0021,20210405,PRCP,0,,,N,0700
US1TXAT0021,20210406,PRCP,0,,,N,0700
US1TXAT0021,20210407,PRCP,0,,,N,0700
US1TXAT0021,20210408,PRCP,0,,,N,0700
US1TXAT0021,20210409,PRCP,0,,,N,0700
US1TXAT0021,20210410,PRCP,0,,,N,0700
US1TXAT0021,20210411,PRCP,0,,,N,0700
US1TXAT0021,20210412,PRCP,0,,,N,0700
US1TXAT0021,20210413,PRCP,0,,,N,0700
US1TXAT0021,20210414,PRCP,0,,,N,0700
US1TXAT0021,20210415,PRCP,0,,,N,0700
US1TXAT0021,20210416,PRCP,3,,,N,0700
US1TXAT0021,20210417,PRCP,8,,,N,0700
US1TXAT0021,20210418,PRCP,0,,,N,0700
US1TXAT0021,20210419,PRCP,0,,,N,0700
US1TXAT0021,20210420,PRCP,0,,,N,0700
US1TXAT0021,20210421,PRCP,0,,,N,0700
US1TXAT0021,20210422,PRCP,0,,,N,0700
US1TXAT0021,20210423,PRCP,0,T,,N,0700
US1TXAT0021,20210424,PRCP,33,,,N,0700
US1TXAT0021,20210425,PRCP,0,,,N,0700
US1TXAT0021,20210426,PRCP,0,,,N,0700
US1TXAT0021,20210427,PRCP,0,,,N,0700
US1TXAT0021,20210428,PRCP,0,T,,N,0700
US1TXAT0021,20210429,PRCP,76,,,N,0700
US1TXAT0021,20210401,SNOW,0,,,N,0700
US1TXAT0021,20210402,SNOW,0,,,N,0700
US1TXAT0021,20210403,SNOW,0,,,N,0700
US1TXAT0021,20210405,SNOW,0,,,N,0700
US1TXAT0021,20210406,SNOW,0,,,N,0700
US1TXAT0021,20210407,SNOW,0,,,N,0700
US1TXAT0021,20210408,SNOW,0,,,N,0700
US1TXAT0021,20210409,SNOW,0,,,N,0700
US1TXAT0021,20210410,SNOW,0,,,N,0700
US1TXAT0021,20210411,SNOW,0,,,N,0700
US1TXAT0021,20210412,SNOW,0,,,N,0700
US1TXAT0021,20210413,SNOW,0,,,N,0700
US1TXAT0021,20210414,SNOW,0,,,N,0700
US1TXAT0021,20210415,SNOW,0,,,N,0700
US1TXAT0021,20210418,SNOW,0,,,N,0700
US1TXAT0021,20210419,SNOW,0,,,N,0700
US1TXAT0021,20210420,SNOW,0,,,N,0700
US1TXAT0021,20210421,SNOW,0,,,N,0700
US1TXAT0021,20210422,SNOW,0,,,N,0700
US1TXAT0021,20210425,SNOW,0,,,N,0700
US1TXAT0021,20210426,SNOW,0,,,N,0700
US1TXAT0021,20210427,SNOW,0,,,N,0700
US1TXAT0021,20210503,PRCP,0,,,N,0700
US1TXAT0021,20210504,PRCP,0,,,N,0700
US1TXAT0021,20210505,PRCP,0,T,,N,0700
US1TXAT0021,20210506,PRCP,0,,,N,0700
US1TXAT0021,20210507,PRCP,0,,,N,0700
US1TXAT0021,20210508,PRCP,0,,,N,0700
US1TXAT0021,20210509,PRCP,0,,,N,0700
US1TXAT0021,20210510,PRCP,0,,,N,0700
US1TXAT0021,20210516,PRCP,287,,,N,0700
US1TXAT0021,20210517,PRCP,0,,,N,0700
US1TXAT0021,20210518,PRCP,25,,,N,0700
US1TXAT0021,20210519,PRCP,122,,,N,0700
US1TXAT0021,20210520,PRCP,5,,,N,0700
US1TXAT0021,20210521,PRCP,0,,,N,0700
US1TXAT0021,20210522,PRCP,5,,,N,0700
US1TXAT0021,20210523,PRCP,10,,,N,0700
US1TXAT0021,20210524,PRCP,20,,,N,0700
US1TXAT0021,20210525,PRCP,0,,,N,0700
US1TXAT0021,20210526,PRCP,0,,,N,0700
US1TXAT0021,20210527,PRCP,0,,,N,0700
US1TXAT0021,20210528,PRCP,0,,,N,0700
US1TXAT0021,20210529,PRCP,229,,,N,0700
US1TXAT0021,20210530,PRCP,0,,,N,0700
US1TXAT0021,20210531,PRCP,30,,,N,0700
US1TXAT0021,20210503,SNOW,0,,,N,0700
US1TXAT0021,20210504,SNOW,0,,,N,0700
US1TXAT0021,20210506,SNOW,0,,,N,0700
US1TXAT0021,20210507,SNOW,0,,,N,0700
US1TXAT0021,20210508,SNOW,0,,,N,0700
US1TXAT0021,20210509,SNOW,0,,,N,0700
US1TXAT0021,20210510,SNOW,0,,,N,0700
US1TXAT0021,20210517,SNOW,0,,,N,0700
US1TXAT0021,20210521,SNOW,0,,,N,0700
US1TXAT0021,20210525,SNOW,0,,,N,0700
US1TXAT0021,20210526,SNOW,0,,,N,0700
US1TXAT0021,20210527,SNOW,0,,,N,0700
US1TXAT0021,20210528,SNOW,0,,,N,0700
US1TXAT0021,20210530,SNOW,0,,,N,0700
US1TXAT0021,20210502,DAPR,3,,,N,0700
US1TXAT0021,20210515,DAPR,5,,,N,0700
US1TXAT0021,20210502,MDPR,1537,,,N,0700
US1TXAT0021,20210515,MDPR,185,,,N,0700
US1TXAT0021,20210601,PRCP,460,,,N,0700
US1TXAT0021,20210602,PRCP,0,,,N,0700
US1TXAT0021,20210603,PRCP,0,,,N,0700
US1TXAT0021,20210604,PRCP,417,,,N,0700
US1TXAT0021,20210605,PRCP,0,,,N,0700
US1TXAT0021,20210606,PRCP,0,,,N,0700
US1TXAT0021,20210607,PRCP,0,,,N,0700
US1TXAT0021,20210608,PRCP,0,,,N,0700
US1TXAT0021,20210609,PRCP,0,,,N,0700
US1TXAT0021,20210610,PRCP,0,,,N,0700
US1TXAT0021,20210611,PRCP,0,,,N,0700
US1TXAT0021,20210612,PRCP,0,,,N,0700
US1TXAT0021,20210613,PRCP,0,,,N,0700
US1TXAT0021,20210614,PRCP,0,,,N,0700
US1TXAT0021,20210615,PRCP,0,,,N,0700
US1TXAT0021,20210616,PRCP,0,,,N,0700
US1TXAT0021,20210617,PRCP,0,,,N,0700
US1TXAT0021,20210618,PRCP,0,,,N,0700
US1TXAT0021,20210619,PRCP,0,,,N,0700
US1TXAT0021,20210620,PRCP,0,,,N,0700
US1TXAT0021,20210621,PRCP,0,,,N,0700
US1TXAT0021,20210622,PRCP,10,,,N,0700
US1TXAT0021,20210623,PRCP,0,,,N,0700
US1TXAT0021,20210624,PRCP,0,,,N,0700
US1TXAT0021,20210625,PRCP,0,,,N,0700
US1TXAT0021,20210626,PRCP,0,,,N,0700
US1TXAT0021,20210627,PRCP,0,,,N,0700
US1TXAT0021,20210628,PRCP,3,,,N,0700
US1TXAT0021,20210629,PRCP,10,,,N,0700
US1TXAT0021,20210630,PRCP,112,,,N,0700
US1TXAT0021,20210602,SNOW,0,,,N,0700
US1TXAT0021,20210603,SNOW,0,,,N,0700
US1TXAT0021,20210605,SNOW,0,,,N,0700
US1TXAT0021,20210606,SNOW,0,,,N,0700
US1TXAT0021,20210607,SNOW,0,,,N,0700
US1TXAT0021,20210608,SNOW,0,,,N,0700
US1TXAT0021,20210609,SNOW,0,,,N,0700
US1TXAT0021,20210610,SNOW,0,,,N,0700
US1TXAT0021,20210611,SNOW,0,,,N,0700
US1TXAT0021,20210612,SNOW,0,,,N,0700
US1TXAT0021,20210613,SNOW,0,,,N,0700
US1TXAT0021,20210614,SNOW,0,,,N,0700
US1TXAT0021,20210615,SNOW,0,,,N,0700
US1TXAT0021,20210616,SNOW,0,,,N,0700
US1TXAT0021,20210617,SNOW,0,,,N,0700
US1TXAT0021,20210618,SNOW,0,,,N,0700
US1TXAT0021,20210619,SNOW,0,,,N,0700
US1TXAT0021,20210620,SNOW,0,,,N,0700
US1TXAT0021,20210621,SNOW,0,,,N,0700
US1TXAT0021,20210623,SNOW,0,,,N,0700
US1TXAT0021,20210624,SNOW,0,,,N,0700
US1TXAT0021,20210625,SNOW,0,,,N,0700
US1TXAT0021,20210626,SNOW,0,,,N,0700
US1TXAT0021,20210627,SNOW,0,,,N,0700
US1TXAT0021,20210701,PRCP,10,,,N,0700
US1TXAT0021,20210702,PRCP,0,,,N,0700
US1TXAT0021,20210703,PRCP,0,,,N,0700
US1TXAT0021,20210704,PRCP,0,,,N,0700
US1TXAT0021,20210705,PRCP,13,,,N,0700
US1TXAT0021,20210706,PRCP,1118,,,N,0700
US1TXAT0021,20210707,PRCP,107,,,N,0700
US1TXAT0021,20210708,PRCP,8,,,N,0700
US1TXAT0021,20210709,PRCP,284,,,N,0700
US1TXAT0021,20210710,PRCP,229,,,N,0700
US1TXAT0021,20210711,PRCP,18,,,N,0700
US1TXAT0021,20210712,PRCP,0,,,N,0700
US1TXAT0021,20210713,PRCP,0,,,N,0700
US1TXAT0021,20210714,PRCP,0,,,N,0700
US1TXAT0021,20210715,PRCP,0,,,N,0700
US1TXAT0021,20210716,PRCP,0,,,N,0700
US1TXAT0021,20210717,PRCP,0,,,N,0700
US1TXAT0021,20210718,PRCP,0,,,N,0700
US1TXAT0021,20210719,PRCP,0,,,N,0700
US1TXAT0021,20210720,PRCP,0,,,N,0700
US1TXAT0021,20210721,PRCP,0,,,N,0700
US1TXAT0021,20210722,PRCP,5,,,N,0700
US1TXAT0021,20210723,PRCP,277,,,N,0700
US1TXAT0021,20210724,PRCP,0,,,N,0700
US1TXAT0021,20210725,PRCP,0,,,N,0700
US1TXAT0021,20210726,PRCP,0,,,N,0700
US1TXAT0021,20210727,PRCP,0,,,N,0700
US1TXAT0021,20210728,PRCP,0,,,N,0700
US1TXAT0021,20210729,PRCP,0,,,N,0700
US1TXAT0021,20210730,PRCP,0,,,N,0700
US1TXAT0021,20210731,PRCP,0,,,N,0700
US1TXAT0021,20210702,SNOW,0,,,N,0700
US1TXAT0021,20210703,SNOW,0,,,N,0700
US1TXAT0021,20210704,SNOW,0,,,N,0700
US1TXAT0021,20210712,SNOW,0,,,N,0700
US1TXAT0021,20210713,SNOW,0,,,N,0700
US1TXAT0021,20210714,SNOW,0,,,N,0700
US1TXAT0021,20210715,SNOW,0,,,N,0700
US1TXAT0021,20210716,SNOW,0,,,N,0700
US1TXAT0021,20210717,SNOW,0,,,N,0700
US1TXAT0021,20210718,SNOW,0,,,N,0700
US1TXAT0021,20210719,SNOW,0,,,N,0700
US1TXAT0021,20210720,SNOW,0,,,N,0700
US1TXAT0021,20210721,SNOW,0,,,N,0700
US1TXAT0021,20210724,SNOW,0,,,N,0700
US1TXAT0021,20210725,SNOW,0,,,N,0700
US1TXAT0021,20210726,SNOW,0,,,N,0700
US1TXAT0021,20210727,SNOW,0,,,N,0700
US1TXAT0021,20210728,SNOW,0,,,N,0700
US1TXAT0021,20210729,SNOW,0,,,N,0700
US1TXAT0021,20210730,SNOW,0,,,N,0700
US1TXAT0021,20210731,SNOW,0,,,N,0700
US1TXAT0021,20210801,PRCP,0,,,N,0700
US1TXAT0021,20210802,PRCP,0,,,N,0700
US1TXAT0021,20210803,PRCP,3,,,N,0700
US1TXAT0021,20210804,PRCP,10,,,N,0700
US1TXAT0021,20210805,PRCP,152,,,N,0700
US1TXAT0021,20210806,PRCP,91,,,N,0700
US1TXAT0021,20210807,PRCP,3,,,N,0700
US1TXAT0021,20210808,PRCP,0,,,N,0700
US1TXAT0021,20210809,PRCP,0,,,N,0700
US1TXAT0021,20210810,PRCP,0,,,N,0700
US1TXAT0021,20210811,PRCP,0,,,N,0700
US1TXAT0021,20210812,PRCP,0,,,N,0700
US1TXAT0021,20210813,PRCP,0,,,N,0700
US1TXAT0021,20210814,PRCP,0,,,N,0700
US1TXAT0021,20210815,PRCP,0,,,N,0700
US1TXAT0021,20210816,PRCP,0,,,N,0700
US1TXAT0021,20210817,PRCP,0,,,N,0700
US1TXAT0021,20210818,PRCP,0,,,N,0700
US1TXAT0021,20210819,PRCP,0,,,N,0700
US1TXAT0021,20210820,PRCP,0,,,N,0700
US1TXAT0021,20210821,PRCP,0,,,N,0700
US1TXAT0021,20210822,PRCP,0,,,N,0700
US1TXAT0021,20210823,PRCP,0,,,N,0700
US1TXAT0021,20210824,PRCP,0,,,N,0700
US1TXAT0021,20210825,PRCP,0,,,N,0700
US1TXAT0021,20210826,PRCP,0,T,,N,0700
US1TXAT0021,20210827,PRCP,3,,,N,0700
US1TXAT0021,20210829,PRCP,28,,,N,0700
US1TXAT0021,20210801,SNOW,0,,,N,0700
US1TXAT0021,20210802,SNOW,0,,,N,0700
US1TXAT0021,20210808,SNOW,0,,,N,0700
US1TXAT0021,20210809,SNOW,0,,,N,0700
US1TXAT0021,20210810,SNOW,0,,,N,0700
US1TXAT0021,20210811,SNOW,0,,,N,0700
US1TXAT0021,20210812,SNOW,0,,,N,0700
US1TXAT0021,20210813,SNOW,0,,,N,0700
US1TXAT0021,20210814,SNOW,0,,,N,0700
US1TXAT0021,20210815,SNOW,0,,,N,0700
US1TXAT0021,20210816,SNOW,0,,,N,0700
US1TXAT0021,20210817,SNOW,0,,,N,0700
US1TXAT0021,20210818,SNOW,0,,,N,0700
US1TXAT0021,20210819,SNOW,0,,,N,0700
US1TXAT0021,20210820,SNOW,0,,,N,0700
US1TXAT0021,20210821,SNOW,0,,,N,0700
US1TXAT0021,20210822,SNOW,0,,,N,0700
US1TXAT0021,20210823,SNOW,0,,,N,0700
US1TXAT0021,20210824,SNOW,0,,,N,0700
US1TXAT0021,20210825,SNOW,0,,,N,0700
US1TXAT0021,20210901,PRCP,0,,,N,0700
US1TXAT0021,20210902,PRCP,0,,,N,0700
US1TXAT0021,20210903,PRCP,0,,,N,0700
US1TXAT0021,20210904,PRCP,0,,,N,0700
US1TXAT0021,20210905,PRCP,0,,,N,0700
US1TXAT0021,20210906,PRCP,0,,,N,0700
US1TXAT0021,20210907,PRCP,0,,,N,0700
US1TXAT0021,20210908,PRCP,0,,,N,0700
US1TXAT0021,20210909,PRCP,0,,,N,0700
US1TXAT0021,20210910,PRCP,0,,,N,0700
US1TXAT0021,20210911,PRCP,0,,,N,0700
US1TXAT0021,20210912,PRCP,0,,,N,0700
US1TXAT0021,20210913,PRCP,0,,,N,0700
US1TXAT0021,20210914,PRCP,5,,,N,0700
US1TXAT0021,20210915,PRCP,0,,,N,0700
US1TXAT0021,20210916,PRCP,0,,,N,0700
US1TXAT0021,20210917,PRCP,0,,,N,0700
US1TXAT0021,20210918,PRCP,0,,,N,0700
US1TXAT0021,20210919,PRCP,0,,,N,0700
US1TXAT0021,20210920,PRCP,0,,,N,0700
US1TXAT0021,20210921,PRCP,0,,,N,0700
US1TXAT0021,20210922,PRCP,0,,,N,0700
US1TXAT0021,20210923,PRCP,0,,,N,0700
US1TXAT0021,20210924,PRCP,0,,,N,0700
US1TXAT0021,20210925,PRCP,0,,,N,0700
US1TXAT0021,20210926,PRCP,0,,,N,0700
US1TXAT0021,20210927,PRCP,0,,,N,0700
US1TXAT0021,20210928,PRCP,0,,,N,0700
US1TXAT0021,20210929,PRCP,437,,,N,0700
US1TXAT0021,20210901,SNOW,0,,,N,0700
US1TXAT0021,20210902,SNOW,0,,,N,0700
US1TXAT0021,20210903,SNOW,0,,,N,0700
US1TXAT0021,20210904,SNOW,0,,,N,0700
US1TXAT0021,20210905,SNOW,0,,,N,0700
US1TXAT0021,20210906,SNOW,0,,,N,0700
US1TXAT0021,20210907,SNOW,0,,,N,0700
US1TXAT0021,20210908,SNOW,0,,,N,0700
US1TXAT0021,20210909,SNOW,0,,,N,0700
US1TXAT0021,20210910,SNOW,0,,,N,0700
US1TXAT0021,20210911,SNOW,0,,,N,0700
US1TXAT0021,20210912,SNOW,0,,,N,0700
US1TXAT0021,20210913,SNOW,0,,,N,0700
US1TXAT0021,20210915,SNOW,0,,,N,0700
US1TXAT0021,20210916,SNOW,0,,,N,0700
US1TXAT0021,20210917,SNOW,0,,,N,0700
US1TXAT0021,20210918,SNOW,0,,,N,0700
US1TXAT0021,20210919,SNOW,0,,,N,0700
US1TXAT0021,20210920,SNOW,0,,,N,0700
US1TXAT0021,20210921,SNOW,0,,,N,0700
US1TXAT0021,20210922,SNOW,0,,,N,0700
US1TXAT0021,20210923,SNOW,0,,,N,0700
US1TXAT0021,20210924,SNOW,0,,,N,0700
US1TXAT0021,20210925,SNOW,0,,,N,0700
US1TXAT0021,20210926,SNOW,0,,,N,0700
US1TXAT0021,20210927,SNOW,0,,,N,0700
US1TXAT0021,20210928,SNOW,0,,,N,0700
US1TXAT0021,20211003,PRCP,0,,,N,0700
US1TXAT0021,20211004,PRCP,0,,,N,0700
US1TXAT0021,20211005,PRCP,0,,,N,0700
US1TXAT0021,20211006,PRCP,0,,,N,0700
US1TXAT0021,20211007,PRCP,0,,,N,0700
US1TXAT0021,20211008,PRCP,0,,,N,0700
US1TXAT0021,20211009,PRCP,0,,,N,0700
US1TXAT0021,20211010,PRCP,0,,,N,0700
US1TXAT0021,20211011,PRCP,0,,,N,0700
US1TXAT0021,20211012,PRCP,5,,,N,0700
US1TXAT0021,20211013,PRCP,46,,,N,0700
US1TXAT0021,20211014,PRCP,119,,,N,0700
US1TXAT0021,20211015,PRCP,0,,,N,0700
US1TXAT0021,20211016,PRCP,5,,,N,0700
US1TXAT0021,20211017,PRCP,0,,,N,0700
US1TXAT0021,20211018,PRCP,0,,,N,0700
US1TXAT0021,20211019,PRCP,0,,,N,0700
US1TXAT0021,20211020,PRCP,0,,,N,0700
US1TXAT0021,20211021,PRCP,0,,,N,0700
US1TXAT0021,20211022,PRCP,0,,,N,0700
US1TXAT0021,20211023,PRCP,0,,,N,0700
US1TXAT0021,20211024,PRCP,0,,,N,0700
US1TXAT0021,20211025,PRCP,0,,,N,0700
US1TXAT0021,20211026,PRCP,0,,,N,0700
US1TXAT0021,20211027,PRCP,0,,,N,0700
US1TXAT0021,20211028,PRCP,8,,,N,0700
US1TXAT0021,20211029,PRCP,0,,,N,0700
US1TXAT0021,20211030,PRCP,0,,,N,0700
US1TXAT0021,20211031,PRCP,0,,,N,0700
US1TXAT0021,20211003,SNOW,0,,,N,0700
US1TXAT0021,20211004,SNOW,0,,,N,0700
US1TXAT0021,20211005,SNOW,0,,,N,0700
US1TXAT0021,20211006,SNOW,0,,,N,0700
US1TXAT0021,20211007,SNOW,0,,,N,0700
US1TXAT0021,20211008,SNOW,0,,,N,0700
US1TXAT0021,20211009,SNOW,0,,,N,0700
US1TXAT0021,20211010,SNOW,0,,,N,0700
US1TXAT0021,20211011,SNOW,0,,,N,0700
US1TXAT0021,20211015,SNOW,0,,,N,0700
US1TXAT0021,20211017,SNOW,0,,,N,0700
US1TXAT0021,20211018,SNOW,0,,,N,0700
US1TXAT0021,20211019,SNOW,0,,,N,0700
US1TXAT0021,20211020,SNOW,0,,,N,0700
US1TXAT0021,20211021,SNOW,0,,,N,0700
US1TXAT0021,20211022,SNOW,0,,,N,0700
US1TXAT0021,20211023,SNOW,0,,,N,0700
US1TXAT0021,20211024,SNOW,0,,,N,0700
US1TXAT0021,20211025,SNOW,0,,,N,0700
US1TXAT0021,20211026,SNOW,0,,,N,0700
US1TXAT0021,20211027,SNOW,0,,,N,0700
US1TXAT0021,20211029,SNOW,0,,,N,0700
US1TXAT0021,20211030,SNOW,0,,,N,0700
US1TXAT0021,20211031,SNOW,0,,,N,0700
US1TXAT0021,20211002,DAPR,2,,,N,0700
US1TXAT0021,20211002,MDPR,348,,,N,0700
US1TXAT0021,20211101,PRCP,0,,,N,0700
US1TXAT0021,20211102,PRCP,0,,,N,0700
US1TXAT0021,20211103,PRCP,0,,,N,0700
US1TXAT0021,20211108,PRCP,0,,,N,0700
US1TXAT0021,20211109,PRCP,0,,,N,0700
US1TXAT0021,20211110,PRCP,0,,,N,0700
US1TXAT0021,20211111,PRCP,0,,,N,0700
US1TXAT0021,20211112,PRCP,0,,,N,0700
US1TXAT0021,20211113,PRCP,0,,,N,0700
US1TXAT0021,20211114,PRCP,0,,,N,0700
US1TXAT0021,20211115,PRCP,0,,,N,0700
US1TXAT0021,20211116,PRCP,0,,,N,0700
US1TXAT0021,20211117,PRCP,0,,,N,0700
US1TXAT0021,20211118,PRCP,8,,,N,0700
US1TXAT0021,20211119,PRCP,0,,,N,0700
US1TXAT0021,20211120,PRCP,0,,,N,0700
US1TXAT0021,20211121,PRCP,0,,,N,0700
US1TXAT0021,20211122,PRCP,0,,,N,0700
US1TXAT0021,20211123,PRCP,0,,,N,0700
US1TXAT0021,20211124,PRCP,0,,,N,0700
US1TXAT0021,20211125,PRCP,0,,,N,0700
US1TXAT0021,20211126,PRCP,33,,,N,0700
US1TXAT0021,20211127,PRCP,127,,,N,0700
US1TXAT0021,20211128,PRCP,8,,,N,0700
US1TXAT0021,20211129,PRCP,0,,,N,0700
US1TXAT0021,20211130,PRCP,0,,,N,0700
US1TXAT0021,20211101,SNOW,0,,,N,0700
US1TXAT0021,20211102,SNOW,0,,,N,0700
US1TXAT0021,20211103,SNOW,0,,,N,0700
US1TXAT0021,20211108,SNOW,0,,,N,0700
US1TXAT0021,20211109,SNOW,0,,,N,0700
US1TXAT0021,20211110,SNOW,0,,,N,0700
US1TXAT0021,20211111,SNOW,0,,,N,0700
US1TXAT0021,20211112,SNOW,0,,,N,0700
US1TXAT0021,20211113,SNOW,0,,,N,0700
US1TXAT0021,20211114,SNOW,0,,,N,0700
US1TXAT0021,20211115,SNOW,0,,,N,0700
US1TXAT0021,20211116,SNOW,0,,,N,0700
US1TXAT0021,20211117,SNOW,0,,,N,0700
US1TXAT0021,20211119,SNOW,0,,,N,0700
US1TXAT0021,20211120,SNOW,0,,,N,0700
US1TXAT0021,20211121,SNOW,0,,,N,0700
US1TXAT0021,20211122,SNOW,0,,,N,0700
US1TXAT0021,20211123,SNOW,0,,,N,0700
US1TXAT0021,20211124,SNOW,0,,,N,0700
US1TXAT0021,20211125,SNOW,0,,,N,0700
US1TXAT0021,20211129,SNOW,0,,,N,0700
US1TXAT0021,20211130,SNOW,0,,,N,0700
US1TXAT0021,20211107,DAPR,4,,,N,0700
US1TXAT0021,20211107,MDPR,163,,,N,0700
US1TXAT0021,20211201,PRCP,0,,,N,0700
US1TXAT0021,20211202,PRCP,0,,,N,0700
US1TXAT0021,20211203,PRCP,5,,,N,0700
US1TXAT0021,20211204,PRCP,0,,,N,0700
US1TXAT0021,20211205,PRCP,0,,,N,0700
US1TXAT0021,20211206,PRCP,0,T,,N,0700
US1TXAT0021,20211207,PRCP,0,,,N,0700
US1TXAT0021,20211208,PRCP,0,,,N,0700
US1TXAT0021,20211209,PRCP,0,,,N,0700
US1TXAT0021,20211210,PRCP,0,,,N,0700
US1TXAT0021,20211211,PRCP,0,,,N,0700
US1TXAT0021,20211212,PRCP,0,,,N,0700
US1TXAT0021,20211213,PRCP,0,,,N,0700
US1TXAT0021,20211214,PRCP,0,,,N,0700
US1TXAT0021,20211215,PRCP,0,,,N,0700
US1TXAT0021,20211216,PRCP,0,,,N,0700
US1TXAT0021,20211217,PRCP,0,,,N,0700
US1TXAT0021,20211218,PRCP,0,,,N,0700
US1TXAT0021,20211219,PRCP,84,,,N,0700
US1TXAT0021,20211220,PRCP,61,,,N,0700
US1TXAT0021,20211221,PRCP,0,,,N,0700
US1TXAT0021,20211222,PRCP,0,,,N,0700
US1TXAT0021,20211223,PRCP,0,,,N,0700
US1TXAT0021,20211224,PRCP,0,,,N,0700
US1TXAT0021,20211225,PRCP,0,,,N,0700
US1TXAT0021,20211226,PRCP,0,,,N,0700
US1TXAT0021,20211227,PRCP,0,,,N,0700
US1TXAT0021,20211228,PRCP,0,,,N,0700
US1TXAT0021,20211229,PRCP,0,,,N,0700
US1TXAT0021,20211230,PRCP,0,,,N,0700
US1TXAT0021,20211231,PRCP,0,,,N,0700
US1TXAT0021,20211201,SNOW,0,,,N,0700
US1TXAT0021,20211202,SNOW,0,,,N,0700
US1TXAT0021,20211204,SNOW,0,,,N,0700
US1TXAT0021,20211205,SNOW,0,,,N,0700
US1TXAT0021,20211207,SNOW,0,,,N,0700
US1TXAT0021,20211208,SNOW,0,,,N,0700
US1TXAT0021,20211209,SNOW,0,,,N,0700
US1TXAT0021,20211210,SNOW,0,,,N,0700
US1TXAT0021,20211211,SNOW,0,,,N,0700
US1TXAT0021,20211212,SNOW,0,,,N,0700
US1TXAT0021,20211213,SNOW,0,,,N,0700
US1TXAT0021,20211214,SNOW,0,,,N,0700
US1TXAT0021,20211215,SNOW,0,,,N,0700
US1TXAT0021,20211216,SNOW,0,,,N,0700
US1TXAT0021,20211217,SNOW,0,,,N,0700
US1TXAT0021,20211218,SNOW,0,,,N,0700
US1TXAT0021,20211221,SNOW,0,,,N,0700
US1TXAT0021,20211222,SNOW,0,,,N,0700
US1TXAT0021,20211223,SNOW,0,,,N,0700
US1TXAT0021,20211224,SNOW,0,,,N,0700
US1TXAT0021,20211225,SNOW,0,,,N,0700
US1TXAT0021,20211226,SNOW,0,,,N,0700
US1TXAT0021,20211227,SNOW,0,,,N,0700
US1TXAT0021,20211228,SNOW,0,,,N,0700
US1TXAT0021,20211229,SNOW,0,,,N,0700
US1TXAT0021,20211230,SNOW,0,,,N,0700
US1TXAT0021,20211231,SNOW,0,,,N,0700
US1TXAT0021,20220101,PRCP,0,,,N,0700
US1TXAT0021,20220102,PRCP,0,,,N,0700
US1TXAT0021,20220103,PRCP,0,,,N,0700
US1TXAT0021,20220104,PRCP,0,,,N,0700
US1TXAT0021,20220105,PRCP,0,,,N,0700
US1TXAT0021,20220106,PRCP,0,,,N,0700
US1TXAT0021,20220107,PRCP,0,,,N,0700
US1TXAT0021,20220108,PRCP,15,,,N,0700
US1TXAT0021,20220109,PRCP,5,,,N,0700
US1TXAT0021,20220110,PRCP,0,,,N,0700
US1TXAT0021,20220111,PRCP,0,,,N,0700
US1TXAT0021,20220112,PRCP,0,,,N,0700
US1TXAT0021,20220113,PRCP,0,,,N,0700
US1TXAT0021,20220114,PRCP,0,,,N,0700
US1TXAT0021,20220115,PRCP,0,,,N,0700
US1TXAT0021,20220116,PRCP,0,,,N,0700
US1TXAT0021,20220117,PRCP,0,,,N,0700
US1TXAT0021,20220118,PRCP,0,,,N,0700
US1TXAT0021,20220119,PRCP,0,,,N,0700
US1TXAT0021,20220120,PRCP,0,,,N,0700
US1TXAT0021,20220121,PRCP,0,,,N,0700
US1TXAT0021,20220122,PRCP,0,,,N,0700
US1TXAT0021,20220123,PRCP,0,,,N,0700
US1TXAT0021,20220124,PRCP,13,,,N,0700
US1TXAT0021,20220125,PRCP,8,,,N,0700
US1TXAT0021,20220126,PRCP,0,,,N,0700
US1TXAT0021,20220127,PRCP,0,,,N,0700
US1TXAT0021,20220128,PRCP,10,,,N,0700
US1TXAT0021,20220129,PRCP,0,T,,N,0700
US1TXAT0021,20220131,PRCP,8,,,N,0700
US1TXAT0021,20220101,SNOW,0,,,N,0700
US1TXAT0021,20220102,SNOW,0,,,N,0700
US1TXAT0021,20220103,SNOW,0,,,N,0700
US1TXAT0021,20220104,SNOW,0,,,N,0700
US1TXAT0021,20220105,SNOW,0,,,N,0700
US1TXAT0021,20220106,SNOW,0,,,N,0700
US1TXAT0021,20220107,SNOW,0,,,N,0700
US1TXAT0021,20220110,SNOW,0,,,N,0700
US1TXAT0021,20220111,SNOW,0,,,N,0700
US1TXAT0021,20220112,SNOW,0,,,N,0700
US1TXAT0021,20220113,SNOW,0,,,N,0700
US1TXAT0021,20220114,SNOW,0,,,N,0700
US1TXAT0021,20220115,SNOW,0,,,N,0700
US1TXAT0021,20220116,SNOW,0,,,N,0700
US1TXAT0021,20220117,SNOW,0,,,N,0700
US1TXAT0021,20220118,SNOW,0,,,N,0700
US1TXAT0021,20220119,SNOW,0,,,N,0700
US1TXAT0021,20220120,SNOW,0,,,N,0700
US1TXAT0021,20220121,SNOW,0,,,N,0700
US1TXAT0021,20220122,SNOW,0,,,N,0700
US1TXAT0021,20220123,SNOW,0,,,N,0700
US1TXAT0021,20220126,SNOW,0,,,N,0700
US1TXAT0021,20220127,SNOW,0,,,N,0700
US1TXAT0021,20220201,PRCP,0,T,,N,0700
US1TXAT0021,20220202,PRCP,0,,,N,0700
US1TXAT0021,20220203,PRCP,79,,,N,0700
US1TXAT0021,20220204,PRCP,30,,,N,0700
US1TXAT0021,20220205,PRCP,0,,,N,0700
US1TXAT0021,20220206,PRCP,0,,,N,0700
US1TXAT0021,20220207,PRCP,0,,,N,0700
US1TXAT0021,20220208,PRCP,0,,,N,0700
US1TXAT0021,20220209,PRCP,0,,,N,0700
US1TXAT0021,20220210,PRCP,0,,,N,0700
US1TXAT0021,20220211,PRCP,0,,,N,0700
US1TXAT0021,20220212,PRCP,0,,,N,0700
US1TXAT0021,20220213,PRCP,0,,,N,0700
US1TXAT0021,20220214,PRCP,0,,,N,0700
US1TXAT0021,20220215,PRCP,0,,,N,0700
US1TXAT0021,20220216,PRCP,0,,,N,0700
US1TXAT0021,20220217,PRCP,0,,,N,0700
US1TXAT0021,20220218,PRCP,0,,,N,0700
US1TXAT0021,20220219,PRCP,0,,,N,0700
US1TXAT0021,20220220,PRCP,0,,,N,0700
US1TXAT0021,20220221,PRCP,3,,,N,0700
US1TXAT0021,20220222,PRCP,0,,,N,0700
US1TXAT0021,20220223,PRCP,0,,,N,0700
US1TXAT0021,20220224,PRCP,0,,,N,0700
US1TXAT0021,20220225,PRCP,0,T,,N,0700
US1TXAT0021,20220226,PRCP,8,,,N,0700
US1TXAT0021,20220227,PRCP,10,,,N,0700
US1TXAT0021,20220228,PRCP,0,,,N,0700
US1TXAT0021,20220202,SNOW,0,,,N,0700
US1TXAT0021,20220205,SNOW,0,,,N,0700
US1TXAT0021,20220206,SNOW,0,,,N,0700
US1TXAT0021,20220207,SNOW,0,,,N,0700
US1TXAT0021,20220208,SNOW,0,,,N,0700
US1TXAT0021,20220209,SNOW,0,,,N,0700
US1TXAT0021,20220210,SNOW,0,,,N,0700
US1TXAT0021,20220211,SNOW,0,,,N,0700
US1TXAT0021,20220212,SNOW,0,,,N,0700
US1TXAT0021,20220213,SNOW,0,,,N,0700
US1TXAT0021,20220214,SNOW,0,,,N,0700
US1TXAT0021,20220215,SNOW,0,,,N,0700
US1TXAT0021,20220216,SNOW,0,,,N,0700
US1TXAT0021,20220217,SNOW,0,,,N,0700
US1TXAT0021,20220218,SNOW,0,,,N,0700
US1TXAT0021,20220219,SNOW,0,,,N,0700
US1TXAT0021,20220220,SNOW,0,,,N,0700
US1TXAT0021,20220222,SNOW,0,,,N,0700
US1TXAT0021,20220223,SNOW,0,,,N,0700
US1TXAT0021,20220224,SNOW,0,,,N,0700
US1TXAT0021,20220228,SNOW,0,,,N,0700
US1TXAT0021,20220301,PRCP,0,,,N,0700
US1TXAT0021,20220302,PRCP,0,,,N,0700
US1TXAT0021,20220303,PRCP,0,,,N,0700
US1TXAT0021,20220304,PRCP,0,,,N,0700
US1TXAT0021,20220305,PRCP,0,,,N,0700
US1TXAT0021,20220306,PRCP,0,,,N,0700
US1TXAT0021,20220307,PRCP,0,,,N,0700
US1TXAT0021,20220308,PRCP,0,,,N,0700
US1TXAT0021,20220309,PRCP,0,,,N,0700
US1TXAT0021,20220310,PRCP,0,,,N,0700
US1TXAT0021,20220311,PRCP,0,,,N,0700
US1TXAT0021,20220312,PRCP,5,,,N,0700
US1TXAT0021,20220313,PRCP,0,,,N,0700
US1TXAT0021,20220314,PRCP,0,,,N,0700
US1TXAT0021,20220315,PRCP,0,,,N,0700
US1TXAT0021,20220316,PRCP,0,,,N,0700
US1TXAT0021,20220317,PRCP,0,,,N,0700
US1TXAT0021,20220318,PRCP,0,,,N,0700
US1TXAT0021,20220319,PRCP,0,,,N,0700
US1TXAT0021,20220320,PRCP,0,,,N,0700
US1TXAT0021,20220321,PRCP,8,,,N,0700
US1TXAT0021,20220322,PRCP,36,,,N,0700
US1TXAT0021,20220323,PRCP,0,,,N,0700
US1TXAT0021,20220324,PRCP,0,,,N,0700
US1TXAT0021,20220325,PRCP,0,,,N,0700
US1TXAT0021,20220326,PRCP,0,,,N,0700
US1TXAT0021,20220327,PRCP,0,,,N,0700
US1TXAT0021,20220328,PRCP,0,,,N,0700
US1TXAT0021,20220329,PRCP,0,,,N,0700
US1TXAT0021,20220330,PRCP,10,,,N,0700
US1TXAT0021,20220331,PRCP,0,,,N,0700
US1TXAT0021,20220301,SNOW,0,,,N,0700
US1TXAT0021,20220302,SNOW,0,,,N,0700
US1TXAT0021,20220303,SNOW,0,,,N,0700
US1TXAT0021,20220304,SNOW,0,,,N,0700
US1TXAT0021,20220305,SNOW,0,,,N,0700
US1TXAT0021,20220306,SNOW,0,,,N,0700
US1TXAT0021,20220307,SNOW,0,,,N,0700
US1TXAT0021,20220308,SNOW,0,,,N,0700
US1TXAT0021,20220309,SNOW,0,,,N,0700
US1TXAT0021,20220310,SNOW,0,,,N,0700
US1TXAT0021,20220311,SNOW,0,,,N,0700
US1TXAT0021,20220313,SNOW,0,,,N,0700
US1TXAT0021,20220314,SNOW,0,,,N,0700
US1TXAT0021,20220315,SNOW,0,,,N,0700
US1TXAT0021,20220316,SNOW,0,,,N,0700
US1TXAT0021,20220317,SNOW,0,,,N,0700
US1TXAT0021,20220318,SNOW,0,,,N,0700
US1TXAT0021,20220319,SNOW,0,,,N,0700
US1TXAT0021,20220320,SNOW,0,,,N,0700
US1TXAT0021,20220323,SNOW,0,,,N,0700
US1TXAT0021,20220324,SNOW,0,,,N,0700
US1TXAT0021,20220325,SNOW,0,,,N,0700
US1TXAT0021,20220326,SNOW,0,,,N,0700
US1TXAT0021,20220327,SNOW,0,,,N,0700
US1TXAT0021,20220328,SNOW,0,,,N,0700
US1TXAT0021,20220329,SNOW,0,,,N,0700
US1TXAT0021,20220331,SNOW,0,,,N,0700
US1TXAT0021,20220401,PRCP,0,,,N,0700
US1TXAT0021,20220402,PRCP,0,,,N,0700
US1TXAT0021,20220403,PRCP,0,,,N,0700
US1TXAT0021,20220404,PRCP,0,,,N,0700
US1TXAT0021,20220405,PRCP,0,,,N,0700
US1TXAT0021,20220406,PRCP,0,,,N,0700
US1TXAT0021,20220407,PRCP,0,,,N,0700
US1TXAT0021,20220408,PRCP,0,,,N,0700
US1TXAT0021,20220409,PRCP,0,,,N,0700
US1TXAT0021,20220410,PRCP,0,,,N,0700
US1TXAT0021,20220411,PRCP,0,,,N,0700
US1TXAT0021,20220412,PRCP,0,,,N,0700
US1TXAT0021,20220413,PRCP,0,,,N,0700
US1TXAT0021,20220414,PRCP,0,,,N,0700
US1TXAT0021,20220415,PRCP,0,,,N,0700
US1TXAT0021,20220416,PRCP,0,,,N,0700
US1TXAT0021,20220417,PRCP,0,,,N,0700
US1TXAT0021,20220418,PRCP,0,,,N,0700
US1TXAT0021,20220419,PRCP,0,,,N,0700
US1TXAT0021,20220420,PRCP,8,,,N,0700
US1TXAT0021,20220421,PRCP,0,,,N,0700
US1TXAT0021,20220422,PRCP,0,,,N,0700
US1TXAT0021,20220423,PRCP,0,,,N,0700
US1TXAT0021,20220424,PRCP,0,,,N,0700
US1TXAT0021,20220425,PRCP,5,,,N,0700
US1TXAT0021,20220426,PRCP,8,,,N,0700
US1TXAT0021,20220427,PRCP,0,,,N,0700
US1TXAT0021,20220428,PRCP,0,,,N,0700
US1TXAT0021,20220429,PRCP,0,,,N,0700
US1TXAT0021,20220430,PRCP,0,T,,N,0700
US1TXAT0021,20220401,SNOW,0,,,N,0700
US1TXAT0021,20220402,SNOW,0,,,N,0700
US1TXAT0021,20220403,SNOW,0,,,N,0700
US1TXAT0021,20220404,SNOW,0,,,N,0700
US1TXAT0021,20220405,SNOW,0,,,N,0700
US1TXAT0021,20220406,SNOW,0,,,N,0700
US1TXAT0021,20220407,SNOW,0,,,N,0700
US1TXAT0021,20220408,SNOW,0,,,N,0700
US1TXAT0021,20220409,SNOW,0,,,N,0700
US1TXAT0021,20220410,SNOW,0,,,N,0700
US1TXAT0021,20220411,SNOW,0,,,N,0700
US1TXAT0021,20220412,SNOW,0,,,N,0700
US1TXAT0021,20220413,SNOW,0,,,N,0700
US1TXAT0021,20220414,SNOW,0,,,N,0700
US1TXAT0021,20220415,SNOW,0,,,N,0700
US1TXAT0021,20220416,SNOW,0,,,N,0700
US1TXAT0021,20220417,SNOW,0,,,N,0700
US1TXAT0021,20220418,SNOW,0,,,N,0700
US1TXAT0021,20220419,SNOW,0,,,N,0700
US1TXAT0021,20220421,SNOW,0,,,N,0700
US1TXAT0021,20220422,SNOW,0,,,N,0700
US1TXAT0021,20220423,SNOW,0,,,N,0700
US1TXAT0021,20220424,SNOW,0,,,N,0700
US1TXAT0021,20220427,SNOW,0,,,N,0700
US1TXAT0021,20220428,SNOW,0,,,N,0700
US1TXAT0021,20220429,SNOW,0,,,N,0700
US1TXAT0021,20220501,PRCP,0,,,N,0700
US1TXAT0021,20220502,PRCP,107,,,N,0700
US1TXAT0021,20220503,PRCP,0,,,N,0700
US1TXAT0021,20220504,PRCP,0,,,N,0700
US1TXAT0021,20220505,PRCP,0,,,N,0700
US1TXAT0021,20220506,PRCP,0,,,N,0700
US1TXAT0021,20220507,PRCP,0,,,N,0700
US1TXAT0021,20220508,PRCP,0,,,N,0700
US1TXAT0021,20220509,PRCP,0,,,N,0700
US1TXAT0021,20220510,PRCP,0,,,N,0700
US1TXAT0021,20220511,PRCP,0,,,N,0700
US1TXAT0021,20220512,PRCP,0,,,N,0700
US1TXAT0021,20220513,PRCP,0,,,N,0700
US1TXAT0021,20220514,PRCP,0,,,N,0700
US1TXAT0021,20220515,PRCP,0,,,N,0700
US1TXAT0021,20220516,PRCP,0,,,N,0700
US1TXAT0021,20220517,PRCP,0,,,N,0700
US1TXAT0021,20220518,PRCP,0,,,N,0700
US1TXAT0021,20220519,PRCP,0,,,N,0700
US1TXAT0021,20220520,PRCP,0,,,N,0700
US1TXAT0021,20220521,PRCP,0,,,N,0700
US1TXAT0021,20220522,PRCP,13,,,N,0700
US1TXAT0021,20220523,PRCP,0,,,N,0700
US1TXAT0021,20220524,PRCP,81,,,N,0700
US1TXAT0021,20220525,PRCP,81,,,N,0700
US1TXAT0021,20220526,PRCP,0,,,N,0700
US1TXAT0021,20220527,PRCP,0,,,N,0700
US1TXAT0021,20220528,PRCP,0,,,N,0700
US1TXAT0021,20220529,PRCP,0,,,N,0700
US1TXAT0021,20220530,PRCP,0,,,N,0700
US1TXAT0021,20220531,PRCP,0,T,,N,0700
US1TXAT0021,20220501,SNOW,0,,,N,0700
US1TXAT0021,20220503,SNOW,0,,,N,0700
US1TXAT0021,20220504,SNOW,0,,,N,0700
US1TXAT0021,20220505,SNOW,0,,,N,0700
US1TXAT0021,20220506,SNOW,0,,,N,0700
US1TXAT0021,20220507,SNOW,0,,,N,0700
US1TXAT0021,20220508,SNOW,0,,,N,0700
US1TXAT0021,20220509,SNOW,0,,,N,0700
US1TXAT0021,20220510,SNOW,0,,,N,0700
US1TXAT0021,20220511,SNOW,0,,,N,0700
US1TXAT0021,20220512,SNOW,0,,,N,0700
US1TXAT0021,20220513,SNOW,0,,,N,0700
US1TXAT0021,20220514,SNOW,0,,,N,0700
US1TXAT0021,20220515,SNOW,0,,,N,0700
US1TXAT0021,20220516,SNOW,0,,,N,0700
US1TXAT0021,20220517,SNOW,0,,,N,0700
US1TXAT0021,20220518,SNOW,0,,,N,0700
US1TXAT0021,20220519,SNOW,0,,,N,0700
US1TXAT0021,20220520,SNOW,0,,,N,0700
US1TXAT0021,20220521,SNOW,0,,,N,0700
US1TXAT0021,20220523,SNOW,0,,,N,0700
US1TXAT0021,20220526,SNOW,0,,,N,0700
US1TXAT0021,20220527,SNOW,0,,,N,0700
US1TXAT0021,20220528,SNOW,0,,,N,0700
US1TXAT0021,20220529,SNOW,0,,,N,0700
US1TXAT0021,20220530,SNOW,0,,,N,0700
US1TXAT0021,20220601,PRCP,0,,,N,0700
US1TXAT0021,20220602,PRCP,0,,,N,0700
US1TXAT0021,20220603,PRCP,5,,,N,0700
US1TXAT0021,20220604,PRCP,0,,,N,0700
US1TXAT0021,20220605,PRCP,0,,,N,0700
US1TXAT0021,20220606,PRCP,0,,,N,0700
US1TXAT0021,20220607,PRCP,0,,,N,0700
US1TXAT0021,20220608,PRCP,0,,,N,0700
US1TXAT0021,20220609,PRCP,0,,,N,0700
US1TXAT0021,20220610,PRCP,0,,,N,0700
US1TXAT0021,20220611,PRCP,0,,,N,0700
US1TXAT0021,20220612,PRCP,0,,,N,0700
US1TXAT0021,20220613,PRCP,0,,,N,0700
US1TXAT0021,20220614,PRCP,0,,,N,0700
US1TXAT0021,20220615,PRCP,0,,,N,0700
US1TXAT0021,20220616,PRCP,0,,,N,0700
US1TXAT0021,20220617,PRCP,0,,,N,0700
US1TXAT0021,20220618,PRCP,0,,,N,0700
US1TXAT0021,20220619,PRCP,0,,,N,0700
US1TXAT0021,20220620,PRCP,0,,,N,0700
US1TXAT0021,20220621,PRCP,0,,,N,0700
US1TXAT0021,20220622,PRCP,0,,,N,0700
US1TXAT0021,20220623,PRCP,0,,,N,0700
US1TXAT0021,20220624,PRCP,0,,,N,0700
US1TXAT0021,20220625,PRCP,0,,,N,0700
US1TXAT0021,20220626,PRCP,0,,,N,0700
US1TXAT0021,20220627,PRCP,0,,,N,0700
US1TXAT0021,20220628,PRCP,0,,,N,0700
US1TXAT0021,20220629,PRCP,117,,,N,0700
US1TXAT0021,20220630,PRCP,0,,,N,0700
US1TXAT0021,20220601,SNOW,0,,,N,0700
US1TXAT0021,20220602,SNOW,0,,,N,0700
US1TXAT0021,20220604,SNOW,0,,,N,0700
US1TXAT0021,20220605,SNOW,0,,,N,0700
US1TXAT0021,20220606,SNOW,0,,,N,0700
US1TXAT0021,20220607,SNOW,0,,,N,0700
US1TXAT0021,20220608,SNOW,0,,,N,0700
US1TXAT0021,20220609,SNOW,0,,,N,0700
US1TXAT0021,20220610,SNOW,0,,,N,0700
US1TXAT0021,20220611,SNOW,0,,,N,0700
US1TXAT0021,20220612,SNOW,0,,,N,0700
US1TXAT0021,20220613,SNOW,0,,,N,0700
US1TXAT0021,20220614,SNOW,0,,,N,0700
US1TXAT0021,20220615,SNOW,0,,,N,0700
US1TXAT0021,20220616,SNOW,0,,,N,0700
US1TXAT0021,20220617,SNOW,0,,,N,0700
US1TXAT0021,20220618,SNOW,0,,,N,0700
US1TXAT0021,20220619,SNOW,0,,,N,0700
US1TXAT0021,20220620,SNOW,0,,,N,0700
US1TXAT0021,20220621,SNOW,0,,,N,0700
US1TXAT0021,20220622,SNOW,0,,,N,0700
US1TXAT0021,20220623,SNOW,0,,,N,0700
US1TXAT0021,20220624,SNOW,0,,,N,0700
US1TXAT0021,20220625,SNOW,0,,,N,0700
US1TXAT0021,20220626,SNOW,0,,,N,0700
US1TXAT0021,20220627,SNOW,0,,,N,0700
US1TXAT0021,20220628,SNOW,0,,,N,0700
US1TXAT0021,20220630,SNOW,0,,,N,0700
US1TXAT0021,20220701,PRCP,0,,,N,0700
US1TXAT0021,20220702,PRCP,0,,,N,0700
US1TXAT0021,20220703,PRCP,0,,,N,0700
US1TXAT0021,20220704,PRCP,0,,,N,0700
US1TXAT0021,20220705,PRCP,0,,,N,0700
US1TXAT0021,20220706,PRCP,0,,,N,0700
US1TXAT0021,20220707,PRCP,0,,,N,0700
US1TXAT0021,20220708,PRCP,0,,,N,0700
US1TXAT0021,20220709,PRCP,0,,,N,0700
US1TXAT0021,20220710,PRCP,0,,,N,0700
US1TXAT0021,20220711,PRCP,0,,,N,0700
US1TXAT0021,20220712,PRCP,0,,,N,0700
US1TXAT0021,20220713,PRCP,0,,,N,0700
US1TXAT0021,20220714,PRCP,0,,,N,0700
US1TXAT0021,20220715,PRCP,64,,,N,0700
US1TXAT0021,20220716,PRCP,0,,,N,0700
US1TXAT0021,20220717,PRCP,0,,,N,0700
US1TXAT0021,20220718,PRCP,0,,,N,0700
US1TXAT0021,20220719,PRCP,0,,,N,0700
US1TXAT0021,20220720,PRCP,0,,,N,0700
US1TXAT0021,20220721,PRCP,0,,,N,0700
US1TXAT0021,20220722,PRCP,0,,,N,0700
US1TXAT0021,20220723,PRCP,0,,,N,0700
US1TXAT0021,20220724,PRCP,0,,,N,0700
US1TXAT0021,20220725,PRCP,0,,,N,0700
US1TXAT0021,20220726,PRCP,0,,,N,0700
US1TXAT0021,20220727,PRCP,0,,,N,0700
US1TXAT0021,20220728,PRCP,0,,,N,0700
US1TXAT0021,20220729,PRCP,0,,,N,0700
US1TXAT0021,20220730,PRCP,0,,,N,0700
US1TXAT0021,20220731,PRCP,0,,,N,0700
US1TXAT0021,20220701,SNOW,0,,,N,0700
US1TXAT0021,20220702,SNOW,0,,,N,0700
US1TXAT0021,20220703,SNOW,0,,,N,0700
US1TXAT0021,20220704,SNOW,0,,,N,0700
US1TXAT0021,20220705,SNOW,0,,,N,0700
US1TXAT0021,20220706,SNOW,0,,,N,0700
US1TXAT0021,20220707,SNOW,0,,,N,0700
US1TXAT0021,20220708,SNOW,0,,,N,0700
US1TXAT0021,20220709,SNOW,0,,,N,0700
US1TXAT0021,20220710,SNOW,0,,,N,0700
US1TXAT0021,20220711,SNOW,0,,,N,0700
US1TXAT0021,20220712,SNOW,0,,,N,0700
US1TXAT0021,20220713,SNOW,0,,,N,0700
US1TXAT0021,20220714,SNOW,0,,,N,0700
US1TXAT0021,20220716,SNOW,0,,,N,0700
US1TXAT0021,20220717,SNOW,0,,,N,0700
US1TXAT0021,20220718,SNOW,0,,,N,0700
US1TXAT0021,20220719,SNOW,0,,,N,0700
US1TXAT0021,20220720,SNOW,0,,,N,0700
US1TXAT0021,20220721,SNOW,0,,,N,0700
US1TXAT0021,20220722,SNOW,0,,,N,0700
US1TXAT0021,20220723,SNOW,0,,,N,0700
US1TXAT0021,20220724,SNOW,0,,,N,0700
US1TXAT0021,20220725,SNOW,0,,,N,0700
US1TXAT0021,20220726,SNOW,0,,,N,0700
US1TXAT0021,20220727,SNOW,0,,,N,0700
US1TXAT0021,20220728,SNOW,0,,,N,0700
US1TXAT0021,20220729,SNOW,0,,,N,0700
US1TXAT0021,20220730,SNOW,0,,,N,0700
US1TXAT0021,20220731,SNOW,0,,,N,0700
US1TXAT0021,20220801,PRCP,0,,,N,0700
US1TXAT0021,20220802,PRCP,0,,,N,0700
US1TXAT0021,20220803,PRCP,0,,,N,0700
US1TXAT0021,20220804,PRCP,0,,,N,0700
US1TXAT0021,20220805,PRCP,0,,,N,0700
US1TXAT0021,20220806,PRCP,0,,,N,0700
US1TXAT0021,20220807,PRCP,0,,,N,0700
US1TXAT0021,20220808,PRCP,0,,,N,0700
US1TXAT0021,20220809,PRCP,0,T,,N,0700
US1TXAT0021,20220810,PRCP,0,,,N,0700
US1TXAT0021,20220811,PRCP,0,,,N,0700
US1TXAT0021,20220812,PRCP,0,,,N,0700
US1TXAT0021,20220813,PRCP,0,T,,N,0700
US1TXAT0021,20220814,PRCP,0,,,N,0700
US1TXAT0021,20220815,PRCP,71,,,N,0700
US1TXAT0021,20220816,PRCP,221,,,N,0700
US1TXAT0021,20220817,PRCP,0,,,N,0700
US1TXAT0021,20220818,PRCP,0,,,N,0700
US1TXAT0021,20220819,PRCP,0,,,N,0700
US1TXAT0021,20220820,PRCP,0,,,N,0700
US1TXAT0021,20220821,PRCP,0,,,N,0700
US1TXAT0021,20220822,PRCP,0,T,,N,0700
US1TXAT0021,20220823,PRCP,91,,,N,0700
US1TXAT0021,20220824,PRCP,554,,,N,0700
US1TXAT0021,20220825,PRCP,0,,,N,0700
US1TXAT0021,20220826,PRCP,414,,,N,0700
US1TXAT0021,20220827,PRCP,3,,,N,0700
US1TXAT0021,20220828,PRCP,0,,,N,0700
US1TXAT0021,20220829,PRCP,0,,,N,0700
US1TXAT0021,20220830,PRCP,3,,,N,0700
US1TXAT0021,20220831,PRCP,76,,,N,0700
US1TXAT0021,20220801,SNOW,0,,,N,0700
US1TXAT0021,20220802,SNOW,0,,,N,0700
US1TXAT0021,20220803,SNOW,0,,,N,0700
US1TXAT0021,20220804,SNOW,0,,,N,0700
US1TXAT0021,20220805,SNOW,0,,,N,0700
US1TXAT0021,20220806,SNOW,0,,,N,0700
US1TXAT0021,20220807,SNOW,0,,,N,0700
US1TXAT0021,20220808,SNOW,0,,,N,0700
US1TXAT0021,20220810,SNOW,0,,,N,0700
US1TXAT0021,20220811,SNOW,0,,,N,0700
US1TXAT0021,20220812,SNOW,0,,,N,0700
US1TXAT0021,20220814,SNOW,0,,,N,0700
US1TXAT0021,20220817,SNOW,0,,,N,0700
US1TXAT0021,20220818,SNOW,0,,,N,0700
US1TXAT0021,20220819,SNOW,0,,,N,0700
US1TXAT0021,20220820,SNOW,0,,,N,0700
US1TXAT0021,20220821,SNOW,0,,,N,0700
US1TXAT0021,20220825,SNOW,0,,,N,0700
US1TXAT0021,20220828,SNOW,0,,,N,0700
US1TXAT0021,20220829,SNOW,0,,,N,0700
US1TXAT0021,20220901,PRCP,46,,,N,0700
US1TXAT0021,20220902,PRCP,0,,,N,0700
US1TXAT0021,20220903,PRCP,0,,,N,0700
US1TXAT0021,20220904,PRCP,102,,,N,0700
US1TXAT0021,20220905,PRCP,0,,,N,0700
US1TXAT0021,20220906,PRCP,0,,,N,0700
US1TXAT0021,20220907,PRCP,0,,,N,0700
US1TXAT0021,20220908,PRCP,15,,,N,0700
US1TXAT0021,20220909,PRCP,0,,,N,0700
US1TXAT0021,20220910,PRCP,0,,,N,0700
US1TXAT0021,20220911,PRCP,0,,,N,0700
US1TXAT0021,20220912,PRCP,0,,,N,0700
US1TXAT0021,20220913,PRCP,0,,,N,0700
US1TXAT0021,20220914,PRCP,0,,,N,0700
US1TXAT0021,20220915,PRCP,0,,,N,0700
US1TXAT0021,20220916,PRCP,0,,,N,0700
US1TXAT0021,20220917,PRCP,0,,,N,0700
US1TXAT0021,20220918,PRCP,0,,,N,0700
US1TXAT0021,20220919,PRCP,0,,,N,0700
US1TXAT0021,20220920,PRCP,0,T,,N,0700
US1TXAT0021,20220921,PRCP,0,,,N,0700
US1TXAT0021,20220922,PRCP,0,,,N,0700
US1TXAT0021,20220923,PRCP,0,,,N,0700
US1TXAT0021,20220924,PRCP,0,,,N,0700
US1TXAT0021,20220925,PRCP,0,,,N,0700
US1TXAT0021,20220926,PRCP,0,,,N,0700
US1TXAT0021,20220927,PRCP,0,,,N,0700
US1TXAT0021,20220928,PRCP,0,,,N,0700
US1TXAT0021,20220929,PRCP,0,,,N,0700
US1TXAT0021,20220930,PRCP,0,,,N,0700
US1TXAT0021,20220902,SNOW,0,,,N,0700
US1TXAT0021,20220903,SNOW,0,,,N,0700
US1TXAT0021,20220905,SNOW,0,,,N,0700
US1TXAT0021,20220906,SNOW,0,,,N,0700
US1TXAT0021,20220907,SNOW,0,,,N,0700
US1TXAT0021,20220909,SNOW,0,,,N,0700
US1TXAT0021,20220910,SNOW,0,,,N,0700
US1TXAT0021,20220911,SNOW,0,,,N,0700
US1TXAT0021,20220912,SNOW,0,,,N,0700
US1TXAT0021,20220913,SNOW,0,,,N,0700
US1TXAT0021,20220914,SNOW,0,,,N,0700
US1TXAT0021,20220915,SNOW,0,,,N,0700
US1TXAT0021,20220916,SNOW,0,,,N,0700
US1TXAT0021,20220917,SNOW,0,,,N,0700
US1TXAT0021,20220918,SNOW,0,,,N,0700
US1TXAT0021,20220919,SNOW,0,,,N,0700
US1TXAT0021,20220921,SNOW,0,,,N,0700
US1TXAT0021,20220922,SNOW,0,,,N,0700
US1TXAT0021,20220923,SNOW,0,,,N,0700
US1TXAT0021,20220924,SNOW,0,,,N,0700
US1TXAT0021,20220925,SNOW,0,,,N,0700
US1TXAT0021,20220926,SNOW,0,,,N,0700
US1TXAT0021,20220927,SNOW,0,,,N,0700
US1TXAT0021,20220928,SNOW,0,,,N,0700
US1TXAT0021,20220929,SNOW,0,,,N,0700
US1TXAT0021,20220930,SNOW,0,,,N,0700
US1TXAT0021,20221001,PRCP,0,,,N,0700
US1TXAT0021,20221002,PRCP,0,,,N,0700
US1TXAT0021,20221003,PRCP,0,,,N,0700
US1TXAT0021,20221004,PRCP,0,,,N,0700
US1TXAT0021,20221005,PRCP,0,,,N,0700
US1TXAT0021,20221006,PRCP,0,,,N,0700
US1TXAT0021,20221007,PRCP,0,,,N,0700
US1TXAT0021,20221008,PRCP,0,,,N,0700
US1TXAT0021,20221009,PRCP,0,,,N,0700
US1TXAT0021,20221010,PRCP,0,,,N,0700
US1TXAT0021,20221011,PRCP,0,,,N,0700
US1TXAT0021,20221012,PRCP,0,,,N,0700
US1TXAT0021,20221013,PRCP,0,,,N,0700
US1TXAT0021,20221014,PRCP,0,,,N,0700
US1TXAT0021,20221015,PRCP,0,,,N,0700
US1TXAT0021,20221016,PRCP,0,,,N,0700
US1TXAT0021,20221017,PRCP,0,T,,N,0700
US1TXAT0021,20221018,PRCP,124,,,N,0700
US1TXAT0021,20221019,PRCP,0,,,N,0700
US1TXAT0021,20221020,PRCP,0,,,N,0700
US1TXAT0021,20221021,PRCP,0,,,N,0700
US1TXAT0021,20221022,PRCP,0,,,N,0700
US1TXAT0021,20221023,PRCP,0,,,N,0700
US1TXAT0021,20221024,PRCP,0,,,N,0700
US1TXAT0021,20221028,PRCP,0,,,N,0700
US1TXAT0021,20221029,PRCP,168,,,N,0700
US1TXAT0021,20221030,PRCP,0,,,N,0700
US1TXAT0021,20221031,PRCP,0,,,N,0700
US1TXAT0021,20221001,SNOW,0,,,N,0700
US1TXAT0021,20221002,SNOW,0,,,N,0700
US1TXAT0021,20221003,SNOW,0,,,N,0700
US1TXAT0021,20221004,SNOW,0,,,N,0700
US1TXAT0021,20221005,SNOW,0,,,N,0700
US1TXAT0021,20221006,SNOW,0,,,N,0700
US1TXAT0021,20221007,SNOW,0,,,N,0700
US1TXAT0021,20221008,SNOW,0,,,N,0700
US1TXAT0021,20221009,SNOW,0,,,N,0700
US1TXAT0021,20221010,SNOW,0,,,N,0700
US1TXAT0021,20221011,SNOW,0,,,N,0700
US1TXAT0021,20221012,SNOW,0,,,N,0700
US1TXAT0021,20221013,SNOW,0,,,N,0700
US1TXAT0021,20221014,SNOW,0,,,N,0700
US1TXAT0021,20221015,SNOW,0,,,N,0700
US1TXAT0021,20221016,SNOW,0,,,N,0700
US1TXAT0021,20221019,SNOW,0,,,N,0700
US1TXAT0021,20221020,SNOW,0,,,N,0700
US1TXAT0021,20221021,SNOW,0,,,N,0700
US1TXAT0021,20221022,SNOW,0,,,N,0700
US1TXAT0021,20221023,SNOW,0,,,N,0700
US1TXAT0021,20221024,SNOW,0,,,N,0700
US1TXAT0021,20221028,SNOW,0,,,N,0700
US1TXAT0021,20221030,SNOW,0,,,N,0700
US1TXAT0021,20221031,SNOW,0,,,N,0700
US1TXAT0021,20221027,DAPR,3,,,N,1500
US1TXAT0021,20221027,MDPR,124,,,N,1500
US1TXAT0021,20221101,PRCP,33,,,N,0700
US1TXAT0021,20221102,PRCP,0,T,,N,0700
US1TXAT0021,20221103,PRCP,0,,,N,0700
US1TXAT0021,20221104,PRCP,0,,,N,0700
US1TXAT0021,20221105,PRCP,0,,,N,0700
US1TXAT0021,20221106,PRCP,0,,,N,0700
US1TXAT0021,20221107,PRCP,0,,,N,0700
US1TXAT0021,20221108,PRCP,0,T,,N,0700
US1TXAT0021,20221109,PRCP,5,,,N,0700
US1TXAT0021,20221110,PRCP,0,,,N,0700
US1TXAT0021,20221111,PRCP,0,,,N,0700
US1TXAT0021,20221112,PRCP,0,,,N,0700
US1TXAT0021,20221113,PRCP,0,,,N,0700
US1TXAT0021,20221114,PRCP,30,,,N,0700
US1TXAT0021,20221115,PRCP,20,,,N,0700
US1TXAT0021,20221116,PRCP,0,,,N,0700
US1TXAT0021,20221117,PRCP,0,,,N,0700
US1TXAT0021,20221118,PRCP,0,,,N,0700
US1TXAT0021,20221119,PRCP,18,,,N,0700
US1TXAT0021,20221120,PRCP,28,,,N,0700
US1TXAT0021,20221121,PRCP,20,,,N,0700
US1TXAT0021,20221122,PRCP,36,,,N,0700
US1TXAT0021,20221123,PRCP,25,,,N,0700
US1TXAT0021,20221124,PRCP,13,,,N,0700
US1TXAT0021,20221125,PRCP,30,,,N,0700
US1TXAT0021,20221126,PRCP,282,,,N,0700
US1TXAT0021,20221127,PRCP,0,,,N,0700
US1TXAT0021,20221128,PRCP,0,,,N,0700
US1TXAT0021,20221129,PRCP,0,,,N,0700
US1TXAT0021,20221130,PRCP,0,,,N,0700
US1TXAT0021,20221103,SNOW,0,,,N,0700
US1TXAT0021,20221104,SNOW,0,,,N,0700
US1TXAT0021,20221105,SNOW,0,,,N,0700
US1TXAT0021,20221106,SNOW,0,,,N,0700
US1TXAT0021,20221107,SNOW,0,,,N,0700
US1TXAT0021,20221110,SNOW,0,,,N,0700
US1TXAT0021,20221111,SNOW,0,,,N,0700
US1TXAT0021,20221112,SNOW,0,,,N,0700
US1TXAT0021,20221113,SNOW,0,,,N,0700
US1TXAT0021,20221116,SNOW,0,,,N,0700
US1TXAT0021,20221117,SNOW,0,,,N,0700
US1TXAT0021,20221118,SNOW,0,,,N,0700
US1TXAT0021,20221127,SNOW,0,,,N,0700
US1TXAT0021,20221128,SNOW,0,,,N,0700
US1TXAT0021,20221129,SNOW,0,,,N,0700
US1TXAT0021,20221130,SNOW,0,,,N,0700
US1TXAT0021,20221201,PRCP,0,,,N,0700
US1TXAT0021,20221205,PRCP,0,,,N,0700
US1TXAT0021,20221206,PRCP,0,,,N,0700
US1TXAT0021,20221207,PRCP,0,,,N,0700
US1TXAT0021,20221208,PRCP,0,,,N,0700
US1TXAT0021,20221209,PRCP,0,,,N,0700
US1TXAT0021,20221210,PRCP,0,,,N,0700
US1TXAT0021,20221211,PRCP,0,,,N,0700
US1TXAT0021,20221212,PRCP,0,,,N,0700
US1TXAT0021,20221213,PRCP,0,,,N,0700
US1TXAT0021,20221214,PRCP,0,,,N,0700
US1TXAT0021,20221215,PRCP,0,,,N,0700
US1TXAT0021,20221216,PRCP,0,,,N,0700
US1TXAT0021,20221217,PRCP,0,,,N,0700
US1TXAT0021,20221218,PRCP,0,,,N,0700
US1TXAT0021,20221219,PRCP,18,,,N,0700
US1TXAT0021,20221220,PRCP,84,,,N,0700
US1TXAT0021,20221221,PRCP,0,,,N,0700
US1TXAT0021,20221222,PRCP,0,,,N,0700
US1TXAT0021,20221223,PRCP,0,,,N,0700
US1TXAT0021,20221224,PRCP,0,,,N,0700
US1TXAT0021,20221225,PRCP,0,,,N,0700
US1TXAT0021,20221226,PRCP,0,,,N,0700
US1TXAT0021,20221227,PRCP,0,,,N,0700
US1TXAT0021,20221228,PRCP,0,,,N,0700
US1TXAT0021,20221229,PRCP,0,,,N,0700
US1TXAT0021,20221230,PRCP,0,,,N,0700
US1TXAT0021,20221231,PRCP,0,,,N,0700
US1TXAT0021,20221201,SNOW,0,,,N,0700
US1TXAT0021,20221205,SNOW,0,,,N,0700
US1TXAT0021,20221206,SNOW,0,,,N,0700
US1TXAT0021,20221207,SNOW,0,,,N,0700
US1TXAT0021,20221208,SNOW,0,,,N,0700
US1TXAT0021,20221209,SNOW,0,,,N,0700
US1TXAT0021,20221210,SNOW,0,,,N,0700
US1TXAT0021,20221211,SNOW,0,,,N,0700
US1TXAT0021,20221212,SNOW,0,,,N,0700
US1TXAT0021,20221213,SNOW,0,,,N,0700
US1TXAT0021,20221214,SNOW,0,,,N,0700
US1TXAT0021,20221215,SNOW,0,,,N,0700
US1TXAT0021,20221216,SNOW,0,,,N,0700
US1TXAT0021,20221217,SNOW,0,,,N,0700
US1TXAT0021,20221218,SNOW,0,,,N,0700
US1TXAT0021,20221221,SNOW,0,,,N,0700
US1TXAT0021,20221222,SNOW,0,,,N,0700
US1TXAT0021,20221223,SNOW,0,,,N,0700
US1TXAT0021,20221224,SNOW,0,,,N,0700
US1TXAT0021,20221225,SNOW,0,,,N,0700
US1TXAT0021,20221226,SNOW,0,,,N,0700
US1TXAT0021,20221227,SNOW,0,,,N,0700
US1TXAT0021,20221228,SNOW,0,,,N,0700
US1TXAT0021,20221229,SNOW,0,,,N,0700
US1TXAT0021,20221230,SNOW,0,,,N,0700
US1TXAT0021,20221231,SNOW,0,,,N,0700
US1TXAT0021,20221204,DAPR,3,,,N,1330
US1TXAT0021,20221204,MDPR,10,,,N,1330
US1TXAT0021,20230101,PRCP,0,,,N,0700
US1TXAT0021,20230102,PRCP,0,,,N,0700
US1TXAT0021,20230103,PRCP,0,T,,N,0700
US1TXAT0021,20230104,PRCP,0,,,N,0700
US1TXAT0021,20230105,PRCP,0,,,N,0700
US1TXAT0021,20230106,PRCP,0,,,N,0700
US1TXAT0021,20230107,PRCP,0,,,N,0700
US1TXAT0021,20230108,PRCP,8,,,N,0700
US1TXAT0021,20230109,PRCP,0,,,N,0700
US1TXAT0021,20230110,PRCP,0,,,N,0700
US1TXAT0021,20230111,PRCP,5,,,N,0700
US1TXAT0021,20230116,PRCP,0,,,N,0700
US1TXAT0021,20230121,PRCP,0,T,,N,0700
US1TXAT0021,20230124,PRCP,25,,,N,0700
US1TXAT0021,20230125,PRCP,51,,,N,0700
US1TXAT0021,20230126,PRCP,0,,,N,0700
US1TXAT0021,20230128,PRCP,25,,,N,0700
US1TXAT0021,20230129,PRCP,3,,,N,0700
US1TXAT0021,20230131,PRCP,15,,,N,0700
US1TXAT0021,20230101,SNOW,0,,,N,0700
US1TXAT0021,20230102,SNOW,0,,,N,0700
US1TXAT0021,20230104,SNOW,0,,,N,0700
US1TXAT0021,20230105,SNOW,0,,,N,0700
US1TXAT0021,20230106,SNOW,0,,,N,0700
US1TXAT0021,20230107,SNOW,0,,,N,0700
US1TXAT0021,20230109,SNOW,0,,,N,0700
US1TXAT0021,20230110,SNOW,0,,,N,0700
US1TXAT0021,20230116,SNOW,0,,,N,0700
US1TXAT0021,20230126,SNOW,0,,,N,0700
US1TXAT0021,20230201,PRCP,152,,,N,0700
US1TXAT0021,20230202,PRCP,33,,,N,0700
US1TXAT0021,20230203,PRCP,3,,,N,0700
US1TXAT0021,20230204,PRCP,0,,,N,0700
US1TXAT0021,20230205,PRCP,0,,,N,0700
US1TXAT0021,20230206,PRCP,0,,,N,0700
US1TXAT0021,20230207,PRCP,0,,,N,0700
US1TXAT0021,20230208,PRCP,64,,,N,0700
US1TXAT0021,20230209,PRCP,25,,,N,0700
US1TXAT0021,20230210,PRCP,0,,,N,0700
US1TXAT0021,20230211,PRCP,0,,,N,0700
US1TXAT0021,20230212,PRCP,0,,,N,0700
US1TXAT0021,20230213,PRCP,0,,,N,0700
US1TXAT0021,20230214,PRCP,0,,,N,0700
US1TXAT0021,20230215,PRCP,0,,,N,0700
US1TXAT0021,20230216,PRCP,0,,,N,0700
US1TXAT0021,20230217,PRCP,0,,,N,0700
US1TXAT0021,20230218,PRCP,0,,,N,0700
US1TXAT0021,20230219,PRCP,0,,,N,0700
US1TXAT0021,20230220,PRCP,0,,,N,0700
US1TXAT0021,20230221,PRCP,0,,,N,0700
US1TXAT0021,20230222,PRCP,0,,,N,0700
US1TXAT0021,20230223,PRCP,0,,,N,0700
US1TXAT0021,20230224,PRCP,0,,,N,0700
US1TXAT0021,20230225,PRCP,0,,,N,0700
US1TXAT0021,20230226,PRCP,0,,,N,0700
US1TXAT0021,20230227,PRCP,0,,,N,0700
US1TXAT0021,20230228,PRCP,0,,,N,0700
US1TXAT0021,20230204,SNOW,0,,,N,0700
US1TXAT0021,20230205,SNOW,0,,,N,0700
US1TXAT0021,20230206,SNOW,0,,,N,0700
US1TXAT0021,20230207,SNOW,0,,,N,0700
US1TXAT0021,20230210,SNOW,0,,,N,0700
US1TXAT0021,20230211,SNOW,0,,,N,0700
US1TXAT0021,20230212,SNOW,0,,,N,0700
US1TXAT0021,20230213,SNOW,0,,,N,0700
US1TXAT0021,20230214,SNOW,0,,,N,0700
US1TXAT0021,20230215,SNOW,0,,,N,0700
US1TXAT0021,20230216,SNOW,0,,,N,0700
US1TXAT0021,20230217,SNOW,0,,,N,0700
US1TXAT0021,20230218,SNOW,0,,,N,0700
US1TXAT0021,20230219,SNOW,0,,,N,0700
US1TXAT0021,20230220,SNOW,0,,,N,0700
US1TXAT0021,20230221,SNOW,0,,,N,0700
US1TXAT0021,20230222,SNOW,0,,,N,0700
US1TXAT0021,20230223,SNOW,0,,,N,0700
US1TXAT0021,20230224,SNOW,0,,,N,0700
US1TXAT0021,20230225,SNOW,0,,,N,0700
US1TXAT0021,20230226,SNOW,0,,,N,0700
US1TXAT0021,20230227,SNOW,0,,,N,0700
US1TXAT0021,20230228,SNOW,0,,,N,0700
US1TXAT0021,20230301,PRCP,0,,,N,0700
US1TXAT0021,20230302,PRCP,267,,,N,0700
US1TXAT0021,20230303,PRCP,5,,,N,0700
US1TXAT0021,20230304,PRCP,0,,,N,0700
US1TXAT0021,20230305,PRCP,0,,,N,0700
US1TXAT0021,20230306,PRCP,0,,,N,0700
US1TXAT0021,20230307,PRCP,0,,,N,0700
US1TXAT0021,20230308,PRCP,0,,,N,0700
US1TXAT0021,20230309,PRCP,0,,,N,0700
US1TXAT0021,20230310,PRCP,0,,,N,0700
US1TXAT0021,20230311,PRCP,0,,,N,0700
US1TXAT0021,20230312,PRCP,0,,,N,0700
US1TXAT0021,20230313,PRCP,0,,,N,0700
US1TXAT0021,20230314,PRCP,0,,,N,0700
US1TXAT0021,20230315,PRCP,0,,,N,0700
US1TXAT0021,20230316,PRCP,3,,,N,0700
US1TXAT0021,20230317,PRCP,43,,,N,0700
US1TXAT0021,20230318,PRCP,56,,,N,0700
US1TXAT0021,20230319,PRCP,99,,,N,0700
US1TXAT0021,20230320,PRCP,3,,,N,0700
US1TXAT0021,20230321,PRCP,10,,,N,0700
US1TXAT0021,20230322,PRCP,36,,,N,0700
US1TXAT0021,20230323,PRCP,0,,,N,0700
US1TXAT0021,20230324,PRCP,0,,,N,0700
US1TXAT0021,20230325,PRCP,0,,,N,0700
US1TXAT0021,20230326,PRCP,0,,,N,0700
US1TXAT0021,20230327,PRCP,3,,,N,0700
US1TXAT0021,20230328,PRCP,0,,,N,0700
US1TXAT0021,20230329,PRCP,18,,,N,0700
US1TXAT0021,20230330,PRCP,43,,,N,0700
US1TXAT0021,20230331,PRCP,5,,,N,0700
US1TXAT0021,20230301,SNOW,0,,,N,0700
US1TXAT0021,20230304,SNOW,0,,,N,0700
US1TXAT0021,20230305,SNOW,0,,,N,0700
US1TXAT0021,20230306,SNOW,0,,,N,0700
US1TXAT0021,20230307,SNOW,0,,,N,0700
US1TXAT0021,20230308,SNOW,0,,,N,0700
US1TXAT0021,20230309,SNOW,0,,,N,0700
US1TXAT0021,20230310,SNOW,0,,,N,0700
US1TXAT0021,20230311,SNOW,0,,,N,0700
US1TXAT0021,20230312,SNOW,0,,,N,0700
US1TXAT0021,20230313,SNOW,0,,,N,0700
US1TXAT0021,20230314,SNOW,0,,,N,0700
US1TXAT0021,20230315,SNOW,0,,,N,0700
US1TXAT0021,20230323,SNOW,0,,,N,0700
US1TXAT0021,20230324,SNOW,0,,,N,0700
US1TXAT0021,20230325,SNOW,0,,,N,0700
US1TXAT0021,20230326,SNOW,0,,,N,0700
US1TXAT0021,20230328,SNOW,0,,,N,0700
US1TXAT0021,20230401,PRCP,0,,,N,0700
US1TXAT0021,20230402,PRCP,0,,,N,0700
US1TXAT0021,20230403,PRCP,0,,,N,0700
US1TXAT0021,20230404,PRCP,0,,,N,0700
US1TXAT0021,20230405,PRCP,0,,,N,0700
US1TXAT0021,20230406,PRCP,216,,,N,0700
US1TXAT0021,20230407,PRCP,25,,,N,0700
US1TXAT0021,20230408,PRCP,48,,,N,0700
US1TXAT0021,20230409,PRCP,0,,,N,0700
US1TXAT0021,20230410,PRCP,0,,,N,0700
US1TXAT0021,20230411,PRCP,0,,,N,0700
US1TXAT0021,20230412,PRCP,0,,,N,0700
US1TXAT0021,20230413,PRCP,0,,,N,0700
US1TXAT0021,20230414,PRCP,0,,,N,0700
US1TXAT0021,20230415,PRCP,0,,,N,0700
US1TXAT0021,20230416,PRCP,10,,,N,0700
US1TXAT0021,20230417,PRCP,0,,,N,0700
US1TXAT0021,20230418,PRCP,0,,,N,0700
US1TXAT0021,20230419,PRCP,15,,,N,0700
US1TXAT0021,20230421,PRCP,198,,,N,0700
US1TXAT0021,20230423,PRCP,340,,,N,0845
US1TXAT0021,20230424,PRCP,48,,,N,0845
US1TXAT0021,20230429,PRCP,13,,,N,0700
US1TXAT0021,20230401,SNOW,0,,,N,0700
US1TXAT0021,20230402,SNOW,0,,,N,0700
US1TXAT0021,20230403,SNOW,0,,,N,0700
US1TXAT0021,20230404,SNOW,0,,,N,0700
US1TXAT0021,20230405,SNOW,0,,,N,0700
US1TXAT0021,20230409,SNOW,0,,,N,0700
US1TXAT0021,20230410,SNOW,0,,,N,0700
US1TXAT0021,20230411,SNOW,0,,,N,0700
US1TXAT0021,20230412,SNOW,0,,,N,0700
US1TXAT0021,20230413,SNOW,0,,,N,0700
US1TXAT0021,20230414,SNOW,0,,,N,0700
US1TXAT0021,20230415,SNOW,0,,,N,0700
US1TXAT0021,20230417,SNOW,0,,,N,0700
US1TXAT0021,20230418,SNOW,0,,,N,0700
US1TXAT0021,20230501,PRCP,0,,,N,0700
US1TXAT0021,20230502,PRCP,0,,,N,0700
US1TXAT0021,20230503,PRCP,0,,,N,0700
US1TXAT0021,20230504,PRCP,0,,,N,0700
US1TXAT0021,20230505,PRCP,3,,,N,0700
US1TXAT0021,20230506,PRCP,0,,,N,0700
US1TXAT0021,20230507,PRCP,10,,,N,0700
US1TXAT0021,20230508,PRCP,0,,,N,0700
US1TXAT0021,20230509,PRCP,61,,,N,0700
US1TXAT0021,20230510,PRCP,107,,,N,0700
US1TXAT0021,20230511,PRCP,0,,,N,0700
US1TXAT0021,20230512,PRCP,0,,,N,0700
US1TXAT0021,20230513,PRCP,394,,,N,0700
US1TXAT0021,20230514,PRCP,8,,,N,0700
US1TXAT0021,20230515,PRCP,0,,,N,0700
US1TXAT0021,20230516,PRCP,81,,,N,0700
US1TXAT0021,20230517,PRCP,0,,,N,0700
US1TXAT0021,20230518,PRCP,0,,,N,0700
US1TXAT0021,20230519,PRCP,0,,,N,0700
US1TXAT0021,20230523,PRCP,0,,,N,0700
US1TXAT0021,20230524,PRCP,10,,,N,0700
US1TXAT0021,20230525,PRCP,0,,,N,0700
US1TXAT0021,20230526,PRCP,0,,,N,0700
US1TXAT0021,20230527,PRCP,0,,,N,0700
US1TXAT0021,20230528,PRCP,0,,,N,0700
US1TXAT0021,20230529,PRCP,0,,,N,0700
US1TXAT0021,20230530,PRCP,15,,,N,0700
US1TXAT0021,20230531,PRCP,0,,,N,0700
US1TXAT0021,20230501,SNOW,0,,,N,0700
US1TXAT0021,20230502,SNOW,0,,,N,0700
US1TXAT0021,20230503,SNOW,0,,,N,0700
US1TXAT0021,20230504,SNOW,0,,,N,0700
US1TXAT0021,20230506,SNOW,0,,,N,0700
US1TXAT0021,20230508,SNOW,0,,,N,0700
US1TXAT0021,20230511,SNOW,0,,,N,0700
US1TXAT0021,20230512,SNOW,0,,,N,0700
US1TXAT0021,20230515,SNOW,0,,,N,0700
US1TXAT0021,20230517,SNOW,0,,,N,0700
US1TXAT0021,20230518,SNOW,0,,,N,0700
US1TXAT0021,20230519,SNOW,0,,,N,0700
US1TXAT0021,20230523,SNOW,0,,,N,0700
US1TXAT0021,20230525,SNOW,0,,,N,0700
US1TXAT0021,20230526,SNOW,0,,,N,0700
US1TXAT0021,20230527,SNOW,0,,,N,0700
US1TXAT0021,20230528,SNOW,0,,,N,0700
US1TXAT0021,20230529,SNOW,0,,,N,0700
US1TXAT0021,20230531,SNOW,0,,,N,0700
US1TXAT0021,20230522,DAPR,3,,,N,0700
US1TXAT0021,20230522,MDPR,742,,,N,0700
US1TXAT0021,20230601,PRCP,0,,,N,0700
US1TXAT0021,20230602,PRCP,0,,,N,0700
US1TXAT0021,20230603,PRCP,76,,,N,0700
US1TXAT0021,20230604,PRCP,33,,,N,0700
US1TXAT0021,20230605,PRCP,41,,,N,0700
US1TXAT0021,20230606,PRCP,15,,,N,0700
US1TXAT0021,20230607,PRCP,0,T,,N,0700
US1TXAT0021,20230608,PRCP,0,,,N,0700
US1TXAT0021,20230609,PRCP,0,,,N,0700
US1TXAT0021,20230610,PRCP,0,,,N,0700
US1TXAT0021,20230611,PRCP,0,,,N,0700
US1TXAT0021,20230612,PRCP,0,,,N,0700
US1TXAT0021,20230613,PRCP,0,,,N,0700
US1TXAT0021,20230614,PRCP,0,,,N,0700
US1TXAT0021,20230615,PRCP,0,,,N,0700
US1TXAT0021,20230616,PRCP,0,,,N,0700
US1TXAT0021,20230617,PRCP,0,,,N,0700
US1TXAT0021,20230618,PRCP,0,,,N,0700
US1TXAT0021,20230619,PRCP,0,,,N,0700
US1TXAT0021,20230620,PRCP,0,,,N,0700
US1TXAT0021,20230621,PRCP,0,,,N,0700
US1TXAT0021,20230622,PRCP,3,,,N,0700
US1TXAT0021,20230623,PRCP,0,,,N,0700
US1TXAT0021,20230624,PRCP,0,,,N,0700
US1TXAT0021,20230625,PRCP,0,,,N,0700
US1TXAT0021,20230626,PRCP,0,,,N,0700
US1TXAT0021,20230627,PRCP,0,,,N,0700
US1TXAT0021,20230628,PRCP,0,,,N,0700
US1TXAT0021,20230629,PRCP,0,,,N,0700
US1TXAT0021,20230630,PRCP,0,,,N,0700
US1TXAT0021,20230601,SNOW,0,,,N,0700
US1TXAT0021,20230602,SNOW,0,,,N,0700
US1TXAT0021,20230608,SNOW,0,,,N,0700
US1TXAT0021,20230609,SNOW,0,,,N,0700
US1TXAT0021,20230610,SNOW,0,,,N,0700
US1TXAT0021,20230611,SNOW,0,,,N,0700
US1TXAT0021,20230612,SNOW,0,,,N,0700
US1TXAT0021,20230613,SNOW,0,,,N,0700
US1TXAT0021,20230614,SNOW,0,,,N,0700
US1TXAT0021,20230615,SNOW,0,,,N,0700
US1TXAT0021,20230616,SNOW,0,,,N,0700
US1TXAT0021,20230617,SNOW,0,,,N,0700
US1TXAT0021,20230618,SNOW,0,,,N,0700
US1TXAT0021,20230619,SNOW,0,,,N,0700
US1TXAT0021,20230620,SNOW,0,,,N,0700
US1TXAT0021,20230621,SNOW,0,,,N,0700
US1TXAT0021,20230623,SNOW,0,,,N,0700
US1TXAT0021,20230624,SNOW,0,,,N,0700
US1TXAT0021,20230625,SNOW,0,,,N,0700
US1TXAT0021,20230626,SNOW,0,,,N,0700
US1TXAT0021,20230627,SNOW,0,,,N,0700
US1TXAT0021,20230628,SNOW,0,,,N,0700
US1TXAT0021,20230629,SNOW,0,,,N,0700
US1TXAT0021,20230630,SNOW,0,,,N,0700
US1TXAT0021,20230701,PRCP,0,,,N,0700
US1TXAT0021,20230702,PRCP,0,,,N,0700
US1TXAT0021,20230703,PRCP,0,,,N,0700
US1TXAT0021,20230704,PRCP,0,,,N,0700
US1TXAT0021,20230705,PRCP,0,,,N,0700
US1TXAT0021,20230706,PRCP,0,T,,N,0700
US1TXAT0021,20230707,PRCP,8,,,N,0700
US1TXAT0021,20230708,PRCP,0,T,,N,0700
US1TXAT0021,20230709,PRCP,0,,,N,0700
US1TXAT0021,20230710,PRCP,0,,,N,0700
US1TXAT0021,20230711,PRCP,0,,,N,0700
US1TXAT0021,20230712,PRCP,0,,,N,0700
US1TXAT0021,20230713,PRCP,0,,,N,0700
US1TXAT0021,20230714,PRCP,0,,,N,0700
US1TXAT0021,20230715,PRCP,0,,,N,0700
US1TXAT0021,20230716,PRCP,0,,,N,0700
US1TXAT0021,20230717,PRCP,0,,,N,0700
US1TXAT0021,20230718,PRCP,0,,,N,0700
US1TXAT0021,20230719,PRCP,0,,,N,0700
US1TXAT0021,20230720,PRCP,0,,,N,0700
US1TXAT0021,20230721,PRCP,0,,,N,0700
US1TXAT0021,20230722,PRCP,0,,,N,0700
US1TXAT0021,20230723,PRCP,0,,,N,0700
US1TXAT0021,20230724,PRCP,163,,,N,0700
US1TXAT0021,20230725,PRCP,0,,,N,0700
US1TXAT0021,20230726,PRCP,0,,,N,0700
US1TXAT0021,20230727,PRCP,0,,,N,0700
US1TXAT0021,20230728,PRCP,0,,,N,0700
US1TXAT0021,20230729,PRCP,0,,,N,0700
US1TXAT0021,20230730,PRCP,0,,,N,0700
US1TXAT0021,20230731,PRCP,0,,,N,0700
US1TXAT0021,20230701,SNOW,0,,,N,0700
US1TXAT0021,20230702,SNOW,0,,,N,0700
US1TXAT0021,20230703,SNOW,0,,,N,0700
US1TXAT0021,20230704,SNOW,0,,,N,0700
US1TXAT0021,20230705,SNOW,0,,,N,0700
US1TXAT0021,20230709,SNOW,0,,,N,0700
US1TXAT0021,20230710,SNOW,0,,,N,0700
US1TXAT0021,20230711,SNOW,0,,,N,0700
US1TXAT0021,20230712,SNOW,0,,,N,0700
US1TXAT0021,20230713,SNOW,0,,,N,0700
US1TXAT0021,20230714,SNOW,0,,,N,0700
US1TXAT0021,20230715,SNOW,0,,,N,0700
US1TXAT0021,20230716,SNOW,0,,,N,0700
US1TXAT0021,20230717,SNOW,0,,,N,0700
US1TXAT0021,20230718,SNOW,0,,,N,0700
US1TXAT0021,20230719,SNOW,0,,,N,0700
US1TXAT0021,20230720,SNOW,0,,,N,0700
US1TXAT0021,20230721,SNOW,0,,,N,0700
US1TXAT0021,20230722,SNOW,0,,,N,0700
US1TXAT0021,20230723,SNOW,0,,,N,0700
US1TXAT0021,20230725,SNOW,0,,,N,0700
US1TXAT0021,20230726,SNOW,0,,,N,0700
US1TXAT0021,20230727,SNOW,0,,,N,0700
US1TXAT0021,20230728,SNOW,0,,,N,0700
US1TXAT0021,20230729,SNOW,0,,,N,0700
US1TXAT0021,20230730,SNOW,0,,,N,0700
US1TXAT0021,20230731,SNOW,0,,,N,0700
US1TXAT0021,20230801,PRCP,0,,,N,0700
US1TXAT0021,20230802,PRCP,0,,,N,0700
US1TXAT0021,20230803,PRCP,0,,,N,0700
US1TXAT0021,20230804,PRCP,0,,,N,0700
US1TXAT0021,20230805,PRCP,0,,,N,0700
US1TXAT0021,20230806,PRCP,0,,,N,0700
US1TXAT0021,20230807,PRCP,0,,,N,0700
US1TXAT0021,20230808,PRCP,0,,,N,0700
US1TXAT0021,20230809,PRCP,0,,,N,0700
US1TXAT0021,20230810,PRCP,0,,,N,0700
US1TXAT0021,20230811,PRCP,0,,,N,0700
US1TXAT0021,20230812,PRCP,0,,,N,0700
US1TXAT0021,20230813,PRCP,0,,,N,0700
US1TXAT0021,20230814,PRCP,0,,,N,0700
US1TXAT0021,20230815,PRCP,0,,,N,0700
US1TXAT0021,20230816,PRCP,0,,,N,0700
US1TXAT0021,20230817,PRCP,0,,,N,0700
US1TXAT0021,20230818,PRCP,0,,,N,0700
US1TXAT0021,20230819,PRCP,0,,,N,0700
US1TXAT0021,20230820,PRCP,0,,,N,0700
US1TXAT0021,20230821,PRCP,0,,,N,0700
US1TXAT0021,20230822,PRCP,0,,,N,0700
US1TXAT0021,20230823,PRCP,302,,,N,0700
US1TXAT0021,20230824,PRCP,185,,,N,0700
US1TXAT0021,20230825,PRCP,0,,,N,0700
US1TXAT0021,20230826,PRCP,0,,,N,0700
US1TXAT0021,20230827,PRCP,0,,,N,0700
US1TXAT0021,20230828,PRCP,0,,,N,0700
US1TXAT0021,20230829,PRCP,0,,,N,0700
US1TXAT0021,20230830,PRCP,0,,,N,0700
US1TXAT0021,20230831,PRCP,0,,,N,0700
US1TXAT0021,20230801,SNOW,0,,,N,0700
US1TXAT0021,20230802,SNOW,0,,,N,0700
US1TXAT0021,20230803,SNOW,0,,,N,0700
US1TXAT0021,20230804,SNOW,0,,,N,0700
US1TXAT0021,20230805,SNOW,0,,,N,0700
US1TXAT0021,20230806,SNOW,0,,,N,0700
US1TXAT0021,20230807,SNOW,0,,,N,0700
US1TXAT0021,20230808,SNOW,0,,,N,0700
US1TXAT0021,20230809,SNOW,0,,,N,0700
US1TXAT0021,20230810,SNOW,0,,,N,0700
US1TXAT0021,20230811,SNOW,0,,,N,0700
US1TXAT0021,20230812,SNOW,0,,,N,0700
US1TXAT0021,20230813,SNOW,0,,,N,0700
US1TXAT0021,20230814,SNOW,0,,,N,0700
US1TXAT0021,20230815,SNOW,0,,,N,0700
US1TXAT0021,20230816,SNOW,0,,,N,0700
US1TXAT0021,20230817,SNOW,0,,,N,0700
US1TXAT0021,20230818,SNOW,0,,,N,0700
US1TXAT0021,20230819,SNOW,0,,,N,0700
US1TXAT0021,20230820,SNOW,0,,,N,0700
US1TXAT0021,20230821,SNOW,0,,,N,0700
US1TXAT0021,20230822,SNOW,0,,,N,0700
US1TXAT0021,20230825,SNOW,0,,,N,0700
US1TXAT0021,20230826,SNOW,0,,,N,0700
US1TXAT0021,20230827,SNOW,0,,,N,0700
US1TXAT0021,20230828,SNOW,0,,,N,0700
US1TXAT0021,20230829,SNOW,0,,,N,0700
US1TXAT0021,20230830,SNOW,0,,,N,0700
US1TXAT0021,20230831,SNOW,0,,,N,0700
US1TXAT0021,20230901,PRCP,0,,,N,0700
US1TXAT0021,20230902,PRCP,0,,,N,0700
US1TXAT0021,20230903,PRCP,0,,,N,0700
US1TXAT0021,20230904,PRCP,0,,,N,0700
US1TXAT0021,20230905,PRCP,0,,,N,0700
US1TXAT0021,20230906,PRCP,0,,,N,0700
US1TXAT0021,20230907,PRCP,0,,,N,0700
US1TXAT0021,20230908,PRCP,0,,,N,0700
US1TXAT0021,20230909,PRCP,0,,,N,0700
US1TXAT0021,20230910,PRCP,0,,,N,0700
US1TXAT0021,20230911,PRCP,0,,,N,0700
US1TXAT0021,20230912,PRCP,0,,,N,0700
US1TXAT0021,20230913,PRCP,0,,,N,0700
US1TXAT0021,20230914,PRCP,0,,,N,0700
US1TXAT0021,20230915,PRCP,0,T,,N,0700
US1TXAT0021,20230916,PRCP,5,,,N,0700
US1TXAT0021,20230917,PRCP,0,,,N,0700
US1TXAT0021,20230918,PRCP,0,,,N,0700
US1TXAT0021,20230919,PRCP,0,,,N,0700
US1TXAT0021,20230920,PRCP,0,,,N,0700
US1TXAT0021,20230921,PRCP,0,,,N,0700
US1TXAT0021,20230922,PRCP,0,,,N,0700
US1TXAT0021,20230923,PRCP,0,,,N,0700
US1TXAT0021,20230924,PRCP,0,,,N,0700
US1TXAT0021,20230925,PRCP,0,T,,N,0700
US1TXAT0021,20230926,PRCP,0,,,N,0700
US1TXAT0021,20230927,PRCP,0,,,N,0700
US1TXAT0021,20230928,PRCP,0,,,N,0700
US1TXAT0021,20230929,PRCP,0,,,N,0700
US1TXAT0021,20230930,PRCP,0,,,N,0700
US1TXAT0021,20230901,SNOW,0,,,N,0700
US1TXAT0021,20230902,SNOW,0,,,N,0700
US1TXAT0021,20230903,SNOW,0,,,N,0700
US1TXAT0021,20230904,SNOW,0,,,N,0700
US1TXAT0021,20230905,SNOW,0,,,N,0700
US1TXAT0021,20230906,SNOW,0,,,N,0700
US1TXAT0021,20230907,SNOW,0,,,N,0700
US1TXAT0021,20230908,SNOW,0,,,N,0700
US1TXAT0021,20230909,SNOW,0,,,N,0700
US1TXAT0021,20230910,SNOW,0,,,N,0700
US1TXAT0021,20230911,SNOW,0,,,N,0700
US1TXAT0021,20230912,SNOW,0,,,N,0700
US1TXAT0021,20230913,SNOW,0,,,N,0700
US1TXAT0021,20230914,SNOW,0,,,N,0700
US1TXAT0021,20230917,SNOW,0,,,N,0700
US1TXAT0021,20230918,SNOW,0,,,N,0700
US1TXAT0021,20230919,SNOW,0,,,N,0700
US1TXAT0021,20230920,SNOW,0,,,N,0700
US1TXAT0021,20230921,SNOW,0,,,N,0700
US1TXAT0021,20230922,SNOW,0,,,N,0700
US1TXAT0021,20230923,SNOW,0,,,N,0700
US1TXAT0021,20230924,SNOW,0,,,N,0700
US1TXAT0021,20230926,SNOW,0,,,N,0700
US1TXAT0021,20230927,SNOW,0,,,N,0700
US1TXAT0021,20230928,SNOW,0,,,N,0700
US1TXAT0021,20230929,SNOW,0,,,N,0700
US1TXAT0021,20230930,SNOW,0,,,N,0700
US1TXAT0021,20231001,PRCP,0,,,N,0700
US1TXAT0021,20231002,PRCP,10,,,N,0700
US1TXAT0021,20231003,PRCP,81,,,N,0700
US1TXAT0021,20231004,PRCP,0,,,N,0700
US1TXAT0021,20231005,PRCP,0,,,N,0700
US1TXAT0021,20231006,PRCP,102,,,N,0700
US1TXAT0021,20231007,PRCP,0,,,N,0700
US1TXAT0021,20231008,PRCP,0,,,N,0700
US1TXAT0021,20231009,PRCP,0,,,N,0700
US1TXAT0021,20231010,PRCP,0,,,N,0700
US1TXAT0021,20231011,PRCP,157,,,N,0700
US1TXAT0021,20231012,PRCP,13,,,N,0700
US1TXAT0021,20231013,PRCP,0,,,N,0700
US1TXAT0021,20231014,PRCP,0,,,N,0700
US1TXAT0021,20231015,PRCP,0,,,N,0700
US1TXAT0021,20231016,PRCP,0,,,N,0700
US1TXAT0021,20231017,PRCP,0,,,N,0700
US1TXAT0021,20231018,PRCP,0,,,N,0700
US1TXAT0021,20231019,PRCP,0,,,N,0700
US1TXAT0021,20231020,PRCP,0,,,N,0700
US1TXAT0021,20231021,PRCP,0,,,N,0700
US1TXAT0021,20231022,PRCP,0,,,N,0700
US1TXAT0021,20231023,PRCP,0,,,N,0700
US1TXAT0021,20231024,PRCP,0,,,N,0700
US1TXAT0021,20231025,PRCP,18,,,N,0700
US1TXAT0021,20231026,PRCP,10,,,N,0700
US1TXAT0021,20231027,PRCP,404,,,N,0700
US1TXAT0021,20231028,PRCP,28,,,N,0700
US1TXAT0021,20231029,PRCP,5,,,N,0700
US1TXAT0021,20231030,PRCP,23,,,N,0700
US1TXAT0021,20231031,PRCP,18,,,N,0700
US1TXAT0021,20231001,SNOW,0,,,N,0700
US1TXAT0021,20231004,SNOW,0,,,N,0700
US1TXAT0021,20231005,SNOW,0,,,N,0700
US1TXAT0021,20231007,SNOW,0,,,N,0700
US1TXAT0021,20231008,SNOW,0,,,N,0700
US1TXAT0021,20231009,SNOW,0,,,N,0700
US1TXAT0021,20231010,SNOW,0,,,N,0700
US1TXAT0021,20231013,SNOW,0,,,N,0700
US1TXAT0021,20231014,SNOW,0,,,N,0700
US1TXAT0021,20231015,SNOW,0,,,N,0700
US1TXAT0021,20231016,SNOW,0,,,N,0700
US1TXAT0021,20231017,SNOW,0,,,N,0700
US1TXAT0021,20231018,SNOW,0,,,N,0700
US1TXAT0021,20231019,SNOW,0,,,N,0700
US1TXAT0021,20231020,SNOW,0,,,N,0700
US1TXAT0021,20231021,SNOW,0,,,N,0700
US1TXAT0021,20231022,SNOW,0,,,N,0700
US1TXAT0021,20231023,SNOW,0,,,N,0700
US1TXAT0021,20231024,SNOW,0,,,N,0700
US1TXAT0021,20231101,PRCP,3,,,N,0700
US1TXAT0021,20231102,PRCP,0,,,N,0700
US1TXAT0021,20231103,PRCP,0,,,N,0700
US1TXAT0021,20231104,PRCP,0,,,N,0700
US1TXAT0021,20231105,PRCP,0,,,N,0700
US1TXAT0021,20231106,PRCP,0,,,N,0700
US1TXAT0021,20231107,PRCP,0,,,N,0700
US1TXAT0021,20231108,PRCP,0,,,N,0700
US1TXAT0021,20231109,PRCP,0,,,N,0700
US1TXAT0021,20231110,PRCP,46,,,N,0700
US1TXAT0021,20231111,PRCP,3,,,N,0700
US1TXAT0021,20231112,PRCP,18,,,N,0700
US1TXAT0021,20231113,PRCP,104,,,N,0700
US1TXAT0021,20231114,PRCP,8,,,N,0700
US1TXAT0021,20231115,PRCP,0,,,N,0700
US1TXAT0021,20231116,PRCP,0,,,N,0700
US1TXAT0021,20231117,PRCP,0,,,N,0700
US1TXAT0021,20231118,PRCP,0,,,N,0700
US1TXAT0021,20231119,PRCP,5,,,N,0700
US1TXAT0021,20231120,PRCP,5,,,N,0700
US1TXAT0021,20231121,PRCP,0,,,N,0700
US1TXAT0021,20231122,PRCP,0,,,N,0700
US1TXAT0021,20231123,PRCP,5,,,N,0700
US1TXAT0021,20231124,PRCP,20,,,N,0700
US1TXAT0021,20231125,PRCP,0,,,N,0700
US1TXAT0021,20231126,PRCP,0,,,N,0700
US1TXAT0021,20231127,PRCP,3,,,N,0700
US1TXAT0021,20231128,PRCP,0,,,N,0700
US1TXAT0021,20231129,PRCP,0,,,N,0700
US1TXAT0021,20231130,PRCP,25,,,N,0700
US1TXAT0021,20231102,SNOW,0,,,N,0700
US1TXAT0021,20231103,SNOW,0,,,N,0700
US1TXAT0021,20231104,SNOW,0,,,N,0700
US1TXAT0021,20231105,SNOW,0,,,N,0700
US1TXAT0021,20231106,SNOW,0,,,N,0700
US1TXAT0021,20231107,SNOW,0,,,N,0700
US1TXAT0021,20231108,SNOW,0,,,N,0700
US1TXAT0021,20231109,SNOW,0,,,N,0700
US1TXAT0021,20231115,SNOW,0,,,N,0700
US1TXAT0021,20231116,SNOW,0,,,N,0700
US1TXAT0021,20231117,SNOW,0,,,N,0700
US1TXAT0021,20231118,SNOW,0,,,N,0700
US1TXAT0021,20231121,SNOW,0,,,N,0700
US1TXAT0021,20231122,SNOW,0,,,N,0700
US1TXAT0021,20231125,SNOW,0,,,N,0700
US1TXAT0021,20231126,SNOW,0,,,N,0700
US1TXAT0021,20231128,SNOW,0,,,N,0700
US1TXAT0021,20231129,SNOW,0,,,N,0700
US1TXAT0021,20231201,PRCP,8,,,N,0700
US1TXAT0021,20231202,PRCP,0,,,N,0700
US1TXAT0021,20231203,PRCP,0,,,N,0700
US1TXAT0021,20231204,PRCP,0,,,N,0700
US1TXAT0021,20231205,PRCP,0,,,N,0700
US1TXAT0021,20231206,PRCP,0,,,N,0700
US1TXAT0021,20231207,PRCP,0,,,N,0700
US1TXAT0021,20231208,PRCP,0,,,N,0700
US1TXAT0021,20231209,PRCP,0,,,N,0700
US1TXAT0021,20231210,PRCP,0,,,N,0700
US1TXAT0021,20231211,PRCP,0,,,N,0700
US1TXAT0021,20231212,PRCP,0,,,N,0700
US1TXAT0021,20231213,PRCP,0,T,,N,0700
US1TXAT0021,20231214,PRCP,43,,,N,0700
US1TXAT0021,20231215,PRCP,5,,,N,0700
US1TXAT0021,20231216,PRCP,5,,,N,0700
US1TXAT0021,20231217,PRCP,0,,,N,0700
US1TXAT0021,20231218,PRCP,0,,,N,0700
US1TXAT0021,20231219,PRCP,0,,,N,0700
US1TXAT0021,20231220,PRCP,0,,,N,0700
US1TXAT0021,20231221,PRCP,0,,,N,0700
US1TXAT0021,20231222,PRCP,36,,,N,0700
US1TXAT0021,20231223,PRCP,0,,,N,0700
US1TXAT0021,20231224,PRCP,28,,,N,0700
US1TXAT0021,20231225,PRCP,0,,,N,0700
US1TXAT0021,20231226,PRCP,0,,,N,0700
US1TXAT0021,20231227,PRCP,0,,,N,0700
US1TXAT0021,20231228,PRCP,0,,,N,0700
US1TXAT0021,20231229,PRCP,0,,,N,0700
US1TXAT0021,20231230,PRCP,0,,,N,0700
US1TXAT0021,20231231,PRCP,0,,,N,0700
US1TXAT0021,20231202,SNOW,0,,,N,0700
US1TXAT0021,20231203,SNOW,0,,,N,0700
US1TXAT0021,20231204,SNOW,0,,,N,0700
US1TXAT0021,20231205,SNOW,0,,,N,0700
US1TXAT0021,20231206,SNOW,0,,,N,0700
US1TXAT0021,20231207,SNOW,0,,,N,0700
US1TXAT0021,20231208,SNOW,0,,,N,0700
US1TXAT0021,20231209,SNOW,0,,,N,0700
US1TXAT0021,20231210,SNOW,0,,,N,0700
US1TXAT0021,20231211,SNOW,0,,,N,0700
US1TXAT0021,20231212,SNOW,0,,,N,0700
US1TXAT0021,20231217,SNOW,0,,,N,0700
US1TXAT0021,20231218,SNOW,0,,,N,0700
US1TXAT0021,20231219,SNOW,0,,,N,0700
US1TXAT0021,20231220,SNOW,0,,,N,0700
US1TXAT0021,20231221,SNOW,0,,,N,0700
US1TXAT0021,20231223,SNOW,0,,,N,0700
US1TXAT0021,20231225,SNOW,0,,,N,0700
US1TXAT0021,20231226,SNOW,0,,,N,0700
US1TXAT0021,20231227,SNOW,0,,,N,0700
US1TXAT0021,20231228,SNOW,0,,,N,0700
US1TXAT0021,20231229,SNOW,0,,,N,0700
US1TXAT0021,20231230,SNOW,0,,,N,0700
US1TXAT0021,20231231,SNOW,0,,,N,0700
US1TXAT0021,20240101,PRCP,0,,,N,0700
US1TXAT0021,20240102,PRCP,0,,,N,0700
US1TXAT0021,20240103,PRCP,10,,,N,0700
US1TXAT0021,20240104,PRCP,0,,,N,0700
US1TXAT0021,20240105,PRCP,3,,,N,0700
US1TXAT0021,20240106,PRCP,0,,,N,0700
US1TXAT0021,20240107,PRCP,0,,,N,0700
US1TXAT0021,20240108,PRCP,3,,,N,0700
US1TXAT0021,20240109,PRCP,0,,,N,0700
US1TXAT0021,20240110,PRCP,0,,,N,0700
US1TXAT0021,20240111,PRCP,0,,,N,0700
US1TXAT0021,20240112,PRCP,0,,,N,0700
US1TXAT0021,20240113,PRCP,0,,,N,0700
US1TXAT0021,20240114,PRCP,0,,,N,0700
US1TXAT0021,20240115,PRCP,0,,,N,0700
US1TXAT0021,20240116,PRCP,0,,,N,0700
US1TXAT0021,20240117,PRCP,0,,,N,0700
US1TXAT0021,20240118,PRCP,0,,,N,0700
US1TXAT0021,20240119,PRCP,0,,,N,0700
US1TXAT0021,20240120,PRCP,0,,,N,0700
US1TXAT0021,20240121,PRCP,0,,,N,0700
US1TXAT0021,20240122,PRCP,198,,,N,0700
US1TXAT0021,20240123,PRCP,33,,,N,0700
US1TXAT0021,20240124,PRCP,124,,,N,0700
US1TXAT0021,20240125,PRCP,130,,,N,0700
US1TXAT0021,20240126,PRCP,0,,,N,0700
US1TXAT0021,20240127,PRCP,0,,,N,0700
US1TXAT0021,20240128,PRCP,0,,,N,0700
US1TXAT0021,20240129,PRCP,0,,,N,0700
US1TXAT0021,20240130,PRCP,0,,,N,0700
US1TXAT0021,20240131,PRCP,0,,,N,0700
US1TXAT0021,20240101,SNOW,0,,,N,0700
US1TXAT0021,20240102,SNOW,0,,,N,0700
US1TXAT0021,20240104,SNOW,0,,,N,0700
US1TXAT0021,20240106,SNOW,0,,,N,0700
US1TXAT0021,20240107,SNOW,0,,,N,0700
US1TXAT0021,20240109,SNOW,0,,,N,0700
US1TXAT0021,20240110,SNOW,0,,,N,0700
US1TXAT0021,20240111,SNOW,0,,,N,0700
US1TXAT0021,20240112,SNOW,0,,,N,0700
US1TXAT0021,20240113,SNOW,0,,,N,0700
US1TXAT0021,20240114,SNOW,0,,,N,0700
US1TXAT0021,20240115,SNOW,0,,,N,0700
US1TXAT0021,20240116,SNOW,0,,,N,0700
US1TXAT0021,20240117,SNOW,0,,,N,0700
US1TXAT0021,20240118,SNOW,0,,,N,0700
US1TXAT0021,20240119,SNOW,0,,,N,0700
US1TXAT0021,20240120,SNOW,0,,,N,0700
US1TXAT0021,20240121,SNOW,0,,,N,0700
US1TXAT0021,20240126,SNOW,0,,,N,0700
US1TXAT0021,20240127,SNOW,0,,,N,0700
US1TXAT0021,20240128,SNOW,0,,,N,0700
US1TXAT0021,20240129,SNOW,0,,,N,0700
US1TXAT0021,20240130,SNOW,0,,,N,0700
US1TXAT0021,20240131,SNOW,0,,,N,0700
US1TXAT0021,20240201,PRCP,0,,,N,0700
US1TXAT0021,20240202,PRCP,0,,,N,0700
US1TXAT0021,20240203,PRCP,269,,,N,0700
US1TXAT0021,20240204,PRCP,0,,,N,0700
US1TXAT0021,20240205,PRCP,0,,,N,0700
US1TXAT0021,20240206,PRCP,0,,,N,0700
US1TXAT0021,20240207,PRCP,0,,,N,0700
US1TXAT0021,20240208,PRCP,0,,,N,0700
US1TXAT0021,20240209,PRCP,0,,,N,0700
US1TXAT0021,20240210,PRCP,0,,,N,0700
US1TXAT0021,20240211,PRCP,3,,,N,0700
US1TXAT0021,20240212,PRCP,0,,,N,0700
US1TXAT0021,20240214,PRCP,0,,,N,0700
US1TXAT0021,20240215,PRCP,0,,,N,0700
US1TXAT0021,20240216,PRCP,36,,,N,0700
US1TXAT0021,20240217,PRCP,0,,,N,0700
US1TXAT0021,20240218,PRCP,0,,,N,0700
US1TXAT0021,20240219,PRCP,0,,,N,0700
US1TXAT0021,20240220,PRCP,0,,,N,0700
US1TXAT0021,20240221,PRCP,0,,,N,0700
US1TXAT0021,20240222,PRCP,0,,,N,0700
US1TXAT0021,20240223,PRCP,0,,,N,0700
US1TXAT0021,20240224,PRCP,0,,,N,0700
US1TXAT0021,20240225,PRCP,0,,,N,0700
US1TXAT0021,20240226,PRCP,0,,,N,0700
US1TXAT0021,20240227,PRCP,0,,,N,0700
US1TXAT0021,20240228,PRCP,0,,,N,0700
US1TXAT0021,20240229,PRCP,0,,,N,0700
US1TXAT0021,20240201,SNOW,0,,,N,0700
US1TXAT0021,20240202,SNOW,0,,,N,0700
US1TXAT0021,20240204,SNOW,0,,,N,0700
US1TXAT0021,20240205,SNOW,0,,,N,0700
US1TXAT0021,20240206,SNOW,0,,,N,0700
US1TXAT0021,20240207,SNOW,0,,,N,0700
US1TXAT0021,20240208,SNOW,0,,,N,0700
US1TXAT0021,20240209,SNOW,0,,,N,0700
US1TXAT0021,20240210,SNOW,0,,,N,0700
US1TXAT0021,20240212,SNOW,0,,,N,0700
US1TXAT0021,20240214,SNOW,0,,,N,0700
US1TXAT0021,20240215,SNOW,0,,,N,0700
US1TXAT0021,20240217,SNOW,0,,,N,0700
US1TXAT0021,20240218,SNOW,0,,,N,0700
US1TXAT0021,20240219,SNOW,0,,,N,0700
US1TXAT0021,20240220,SNOW,0,,,N,0700
US1TXAT0021,20240221,SNOW,0,,,N,0700
US1TXAT0021,20240222,SNOW,0,,,N,0700
US1TXAT0021,20240223,SNOW,0,,,N,0700
US1TXAT0021,20240224,SNOW,0,,,N,0700
US1TXAT0021,20240225,SNOW,0,,,N,0700
US1TXAT0021,20240226,SNOW,0,,,N,0700
US1TXAT0021,20240227,SNOW,0,,,N,0700
US1TXAT0021,20240228,SNOW,0,,,N,0700
US1TXAT0021,20240229,SNOW,0,,,N,0700
US1TXAT0021,20240301,PRCP,0,,,N,0700
US1TXAT0021,20240302,PRCP,0,,,N,0700
US1TXAT0021,20240303,PRCP,0,,,N,0700
US1TXAT0021,20240304,PRCP,0,,,N,0700
US1TXAT0021,20240305,PRCP,0,,,N,0700
US1TXAT0021,20240306,PRCP,0,,,N,0700
US1TXAT0021,20240307,PRCP,0,,,N,0700
US1TXAT0021,20240308,PRCP,0,,,N,0700
US1TXAT0021,20240309,PRCP,28,,,N,0700
US1TXAT0021,20240310,PRCP,0,,,N,0700
US1TXAT0021,20240311,PRCP,0,,,N,0700
US1TXAT0021,20240312,PRCP,0,,,N,0700
US1TXAT0021,20240313,PRCP,0,,,N,0700
US1TXAT0021,20240314,PRCP,0,,,N,0700
US1TXAT0021,20240315,PRCP,3,,,N,0700
US1TXAT0021,20240316,PRCP,3,,,N,0700
US1TXAT0021,20240317,PRCP,330,,,N,0700
US1TXAT0021,20240318,PRCP,30,,,N,0700
US1TXAT0021,20240319,PRCP,5,,,N,0700
US1TXAT0021,20240320,PRCP,3,,,N,0700
US1TXAT0021,20240321,PRCP,20,,,N,0700
US1TXAT0021,20240322,PRCP,48,,,N,0700
US1TXAT0021,20240323,PRCP,0,,,N,0700
US1TXAT0021,20240324,PRCP,0,,,N,0700
US1TXAT0021,20240325,PRCP,0,T,,N,0700
US1TXAT0021,20240326,PRCP,5,,,N,0700
US1TXAT0021,20240328,PRCP,8,,,N,0700
US1TXAT0021,20240301,SNOW,0,,,N,0700
US1TXAT0021,20240302,SNOW,0,,,N,0700
US1TXAT0021,20240303,SNOW,0,,,N,0700
US1TXAT0021,20240304,SNOW,0,,,N,0700
US1TXAT0021,20240305,SNOW,0,,,N,0700
US1TXAT0021,20240306,SNOW,0,,,N,0700
US1TXAT0021,20240307,SNOW,0,,,N,0700
US1TXAT0021,20240308,SNOW,0,,,N,0700
US1TXAT0021,20240310,SNOW,0,,,N,0700
US1TXAT0021,20240311,SNOW,0,,,N,0700
US1TXAT0021,20240312,SNOW,0,,,N,0700
US1TXAT0021,20240313,SNOW,0,,,N,0700
US1TXAT0021,20240314,SNOW,0,,,N,0700
US1TXAT0021,20240323,SNOW,0,,,N,0700
US1TXAT0021,20240324,SNOW,0,,,N,0700
US1TXAT0021,20240401,PRCP,0,,,N,0700
US1TXAT0021,20240402,PRCP,0,,,N,0700
US1TXAT0021,20240403,PRCP,0,,,N,0700
US1TXAT0021,20240404,PRCP,0,,,N,0700
US1TXAT0021,20240405,PRCP,0,,,N,0700
US1TXAT0021,20240406,PRCP,0,,,N,0700
US1TXAT0021,20240407,PRCP,0,,,N,0700
US1TXAT0021,20240408,PRCP,0,,,N,0700
US1TXAT0021,20240409,PRCP,0,T,,N,0700
US1TXAT0021,20240410,PRCP,231,,,N,0700
US1TXAT0021,20240411,PRCP,0,,,N,0700
US1TXAT0021,20240412,PRCP,0,,,N,0700
US1TXAT0021,20240413,PRCP,0,,,N,0700
US1TXAT0021,20240414,PRCP,0,,,N,0700
US1TXAT0021,20240415,PRCP,0,,,N,0700
US1TXAT0021,20240416,PRCP,0,,,N,0700
US1TXAT0021,20240417,PRCP,3,,,N,0700
US1TXAT0021,20240418,PRCP,0,,,N,0700
US1TXAT0021,20240419,PRCP,0,,,N,0700
US1TXAT0021,20240420,PRCP,0,,,N,0700
US1TXAT0021,20240421,PRCP,140,,,N,0700
US1TXAT0021,20240422,PRCP,0,,,N,0700
US1TXAT0021,20240423,PRCP,0,,,N,0700
US1TXAT0021,20240424,PRCP,0,,,N,0700
US1TXAT0021,20240425,PRCP,0,,,N,0700
US1TXAT0021,20240426,PRCP,0,T,,N,0700
US1TXAT0021,20240427,PRCP,0,,,N,0700
US1TXAT0021,20240428,PRCP,0,,,N,0700
US1TXAT0021,20240429,PRCP,1087,,,N,0700
US1TXAT0021,20240401,SNOW,0,,,N,0700
US1TXAT0021,20240402,SNOW,0,,,N,0700
US1TXAT0021,20240403,SNOW,0,,,N,0700
US1TXAT0021,20240404,SNOW,0,,,N,0700
US1TXAT0021,20240405,SNOW,0,,,N,0700
US1TXAT0021,20240406,SNOW,0,,,N,0700
US1TXAT0021,20240407,SNOW,0,,,N,0700
US1TXAT0021,20240408,SNOW,0,,,N,0700
US1TXAT0021,20240411,SNOW,0,,,N,0700
US1TXAT0021,20240412,SNOW,0,,,N,0700
US1TXAT0021,20240413,SNOW,0,,,N,0700
US1TXAT0021,20240414,SNOW,0,,,N,0700
US1TXAT0021,20240415,SNOW,0,,,N,0700
US1TXAT0021,20240416,SNOW,0,,,N,0700
US1TXAT0021,20240418,SNOW,0,,,N,0700
US1TXAT0021,20240419,SNOW,0,,,N,0700
US1TXAT0021,20240420,SNOW,0,,,N,0700
US1TXAT0021,20240422,SNOW,0,,,N,0700
US1TXAT0021,20240423,SNOW,0,,,N,0700
US1TXAT0021,20240424,SNOW,0,,,N,0700
US1TXAT0021,20240425,SNOW,0,,,N,0700
US1TXAT0021,20240427,SNOW,0,,,N,0700
US1TXAT0021,20240428,SNOW,0,,,N,0700
US1TXAT0021,20240501,PRCP,5,,,N,0700
US1TXAT0021,20240502,PRCP,5,,,N,0700
US1TXAT0021,20240503,PRCP,23,,,N,0700
US1TXAT0021,20240504,PRCP,3,,,N,0700
US1TXAT0021,20240505,PRCP,0,T,,N,0700
US1TXAT0021,20240506,PRCP,3,,,N,0700
US1TXAT0021,20240507,PRCP,0,,,N,0700
US1TXAT0021,20240508,PRCP,0,,,N,0700
US1TXAT0021,20240509,PRCP,0,,,N,0700
US1TXAT0021,20240510,PRCP,0,,,N,0700
US1TXAT0021,20240511,PRCP,0,,,N,0700
US1TXAT0021,20240512,PRCP,0,,,N,0700
US1TXAT0021,20240513,PRCP,0,,,N,0700
US1TXAT0021,20240514,PRCP,325,,,N,0700
US1TXAT0021,20240515,PRCP,0,,,N,0700
US1TXAT0021,20240516,PRCP,0,,,N,0700
US1TXAT0021,20240517,PRCP,10,,,N,0700
US1TXAT0021,20240518,PRCP,0,,,N,0700
US1TXAT0021,20240519,PRCP,0,,,N,0700
US1TXAT0021,20240520,PRCP,0,,,N,0700
US1TXAT0021,20240521,PRCP,0,,,N,0700
US1TXAT0021,20240522,PRCP,0,,,N,0700
US1TXAT0021,20240523,PRCP,0,,,N,0700
US1TXAT0021,20240524,PRCP,0,,,N,0700
US1TXAT0021,20240525,PRCP,0,,,N,0700
US1TXAT0021,20240526,PRCP,0,,,N,0700
US1TXAT0021,20240527,PRCP,0,,,N,0700
US1TXAT0021,20240528,PRCP,0,,,N,0700
US1TXAT0021,20240529,PRCP,20,,,N,0700
US1TXAT0021,20240530,PRCP,0,,,N,0700
US1TXAT0021,20240531,PRCP,0,,,N,0700
US1TXAT0021,20240507,SNOW,0,,,N,0700
US1TXAT0021,20240508,SNOW,0,,,N,0700
US1TXAT0021,20240509,SNOW,0,,,N,0700
US1TXAT0021,20240510,SNOW,0,,,N,0700
US1TXAT0021,20240511,SNOW,0,,,N,0700
US1TXAT0021,20240512,SNOW,0,,,N,0700
US1TXAT0021,20240513,SNOW,0,,,N,0700
US1TXAT0021,20240515,SNOW,0,,,N,0700
US1TXAT0021,20240516,SNOW,0,,,N,0700
US1TXAT0021,20240518,SNOW,0,,,N,0700
US1TXAT0021,20240519,SNOW,0,,,N,0700
US1TXAT0021,20240520,SNOW,0,,,N,0700
US1TXAT0021,20240521,SNOW,0,,,N,0700
US1TXAT0021,20240522,SNOW,0,,,N,0700
US1TXAT0021,20240523,SNOW,0,,,N,0700
US1TXAT0021,20240524,SNOW,0,,,N,0700
US1TXAT0021,20240525,SNOW,0,,,N,0700
US1TXAT0021,20240526,SNOW,0,,,N,0700
US1TXAT0021,20240527,SNOW,0,,,N,0700
US1TXAT0021,20240528,SNOW,0,,,N,0700
US1TXAT0021,20240530,SNOW,0,,,N,0700
US1TXAT0021,20240531,SNOW,0,,,N,0700
US1TXAT0021,20240601,PRCP,0,,,N,0700
US1TXAT0021,20240602,PRCP,13,,,N,0700
US1TXAT0021,20240603,PRCP,0,,,N,0700
US1TXAT0021,20240604,PRCP,0,,,N,0700
US1TXAT0021,20240605,PRCP,0,,,N,0700
US1TXAT0021,20240606,PRCP,0,,,N,0700
US1TXAT0021,20240607,PRCP,0,,,N,0700
US1TXAT0021,20240608,PRCP,0,,,N,0700
US1TXAT0021,20240609,PRCP,0,,,N,0700
US1TXAT0021,20240610,PRCP,0,,,N,0700
US1TXAT0021,20240611,PRCP,165,,,N,0700
US1TXAT0021,20240612,PRCP,0,,,N,0700
US1TXAT0021,20240613,PRCP,0,,,N,0700
US1TXAT0021,20240614,PRCP,0,,,N,0700
US1TXAT0021,20240615,PRCP,0,,,N,0700
US1TXAT0021,20240616,PRCP,0,,,N,0700
US1TXAT0021,20240617,PRCP,0,,,N,0700
US1TXAT0021,20240618,PRCP,0,,,N,0700
US1TXAT0021,20240619,PRCP,0,,,N,0700
US1TXAT0021,20240620,PRCP,373,,,N,0700
US1TXAT0021,20240621,PRCP,15,,,N,0700
US1TXAT0021,20240622,PRCP,0,,,N,0700
US1TXAT0021,20240623,PRCP,0,,,N,0700
US1TXAT0021,20240624,PRCP,0,,,N,0700
US1TXAT0021,20240625,PRCP,0,,,N,0700
US1TXAT0021,20240626,PRCP,0,,,N,0700
US1TXAT0021,20240627,PRCP,0,,,N,0700
US1TXAT0021,20240628,PRCP,0,,,N,0700
US1TXAT0021,20240629,PRCP,0,,,N,0700
US1TXAT0021,20240630,PRCP,0,,,N,0700
US1TXAT0021,20240601,SNOW,0,,,N,0700
US1TXAT0021,20240603,SNOW,0,,,N,0700
US1TXAT0021,20240604,SNOW,0,,,N,0700
US1TXAT0021,20240605,SNOW,0,,,N,0700
US1TXAT0021,20240606,SNOW,0,,,N,0700
US1TXAT0021,20240607,SNOW,0,,,N,0700
US1TXAT0021,20240608,SNOW,0,,,N,0700
US1TXAT0021,20240609,SNOW,0,,,N,0700
US1TXAT0021,20240610,SNOW,0,,,N,0700
US1TXAT0021,20240612,SNOW,0,,,N,0700
US1TXAT0021,20240613,SNOW,0,,,N,0700
US1TXAT0021,20240614,SNOW,0,,,N,0700
US1TXAT0021,20240615,SNOW,0,,,N,0700
US1TXAT0021,20240616,SNOW,0,,,N,0700
US1TXAT0021,20240617,SNOW,0,,,N,0700
US1TXAT0021,20240618,SNOW,0,,,N,0700
US1TXAT0021,20240619,SNOW,0,,,N,0700
US1TXAT0021,20240622,SNOW,0,,,N,0700
US1TXAT0021,20240623,SNOW,0,,,N,0700
US1TXAT0021,20240624,SNOW,0,,,N,0700
US1TXAT0021,20240625,SNOW,0,,,N,0700
US1TXAT0021,20240626,SNOW,0,,,N,0700
US1TXAT0021,20240627,SNOW,0,,,N,0700
US1TXAT0021,20240628,SNOW,0,,,N,0700
US1TXAT0021,20240629,SNOW,0,,,N,0700
US1TXAT0021,20240630,SNOW,0,,,N,0700
US1TXAT0021,20240701,PRCP,0,,,N,0700
US1TXAT0021,20240702,PRCP,0,,,N,0700
US1TXAT0021,20240703,PRCP,0,,,N,0700
US1TXAT0021,20240704,PRCP,0,,,N,0700
US1TXAT0021,20240705,PRCP,0,,,N,0700
US1TXAT0021,20240706,PRCP,0,,,N,0700
US1TXAT0021,20240707,PRCP,163,,,N,0700
US1TXAT0021,20240708,PRCP,0,,,N,0700
US1TXAT0021,20240709,PRCP,0,,,N,0700
US1TXAT0021,20240710,PRCP,0,,,N,0700
US1TXAT0021,20240711,PRCP,0,T,,N,0700
US1TXAT0021,20240712,PRCP,0,,,N,0700
US1TXAT0021,20240713,PRCP,490,,,N,0700
US1TXAT0021,20240714,PRCP,5,,,N,0700
US1TXAT0021,20240715,PRCP,0,,,N,0700
US1TXAT0021,20240716,PRCP,0,,,N,0700
US1TXAT0021,20240717,PRCP,0,,,N,0700
US1TXAT0021,20240718,PRCP,0,,,N,0700
US1TXAT0021,20240719,PRCP,0,,,N,0700
US1TXAT0021,20240720,PRCP,30,,,N,0700
US1TXAT0021,20240721,PRCP,0,,,N,0700
US1TXAT0021,20240722,PRCP,0,,,N,0700
US1TXAT0021,20240723,PRCP,0,,,N,0700
US1TXAT0021,20240724,PRCP,315,,,N,0700
US1TXAT0021,20240725,PRCP,5,,,N,0700
US1TXAT0021,20240726,PRCP,0,,,N,0700
US1TXAT0021,20240727,PRCP,0,,,N,0700
US1TXAT0021,20240728,PRCP,43,,,N,0700
US1TXAT0021,20240729,PRCP,8,,,N,0700
US1TXAT0021,20240730,PRCP,0,,,N,0700
US1TXAT0021,20240731,PRCP,0,,,N,0700
US1TXAT0021,20240701,SNOW,0,,,N,0700
US1TXAT0021,20240702,SNOW,0,,,N,0700
US1TXAT0021,20240703,SNOW,0,,,N,0700
US1TXAT0021,20240704,SNOW,0,,,N,0700
US1TXAT0021,20240705,SNOW,0,,,N,0700
US1TXAT0021,20240706,SNOW,0,,,N,0700
US1TXAT0021,20240708,SNOW,0,,,N,0700
US1TXAT0021,20240709,SNOW,0,,,N,0700
US1TXAT0021,20240710,SNOW,0,,,N,0700
US1TXAT0021,20240712,SNOW,0,,,N,0700
US1TXAT0021,20240715,SNOW,0,,,N,0700
US1TXAT0021,20240716,SNOW,0,,,N,0700
US1TXAT0021,20240717,SNOW,0,,,N,0700
US1TXAT0021,20240718,SNOW,0,,,N,0700
US1TXAT0021,20240719,SNOW,0,,,N,0700
US1TXAT0021,20240721,SNOW,0,,,N,0700
US1TXAT0021,20240722,SNOW,0,,,N,0700
US1TXAT0021,20240723,SNOW,0,,,N,0700
US1TXAT0021,20240726,SNOW,0,,,N,0700
US1TXAT0021,20240727,SNOW,0,,,N,0700
US1TXAT0021,20240730,SNOW,0,,,N,0700
US1TXAT0021,20240731,SNOW,0,,,N,0700
US1TXAT0021,20240801,PRCP,0,,,N,0700
US1TXAT0021,20240802,PRCP,0,,,N,0700
US1TXAT0021,20240803,PRCP,0,,,N,0700
US1TXAT0021,20240804,PRCP,0,,,N,0700
US1TXAT0021,20240805,PRCP,0,,,N,0700
US1TXAT0021,20240806,PRCP,0,,,N,0700
US1TXAT0021,20240807,PRCP,0,,,N,0700
US1TXAT0021,20240808,PRCP,0,,,N,0700
US1TXAT0021,20240809,PRCP,0,,,N,0700
US1TXAT0021,20240810,PRCP,0,,,N,0700
US1TXAT0021,20240811,PRCP,0,,,N,0700
US1TXAT0021,20240812,PRCP,0,,,N,0700
US1TXAT0021,20240813,PRCP,0,,,N,0700
US1TXAT0021,20240814,PRCP,0,,,N,0700
US1TXAT0021,20240815,PRCP,0,,,N,0700
US1TXAT0021,20240816,PRCP,0,,,N,0700
US1TXAT0021,20240817,PRCP,0,,,N,0700
US1TXAT0021,20240818,PRCP,0,,,N,0700
US1TXAT0021,20240819,PRCP,0,,,N,0700
US1TXAT0021,20240820,PRCP,0,,,N,0700
US1TXAT0021,20240821,PRCP,0,,,N,0700
US1TXAT0021,20240822,PRCP,0,,,N,0700
US1TXAT0021,20240823,PRCP,0,,,N,0700
US1TXAT0021,20240824,PRCP,0,,,N,0700
US1TXAT0021,20240825,PRCP,0,,,N,0700
US1TXAT0021,20240826,PRCP,15,,,N,0700
US1TXAT0021,20240827,PRCP,38,,,N,0700
US1TXAT0021,20240828,PRCP,5,,,N,0700
US1TXAT0021,20240829,PRCP,36,,,N,0700
US1TXAT0021,20240831,PRCP,0,,,N,0700
US1TXAT0021,20240801,SNOW,0,,,N,0700
US1TXAT0021,20240802,SNOW,0,,,N,0700
US1TXAT0021,20240803,SNOW,0,,,N,0700
US1TXAT0021,20240804,SNOW,0,,,N,0700
US1TXAT0021,20240805,SNOW,0,,,N,0700
US1TXAT0021,20240806,SNOW,0,,,N,0700
US1TXAT0021,20240807,SNOW,0,,,N,0700
US1TXAT0021,20240808,SNOW,0,,,N,0700
US1TXAT0021,20240809,SNOW,0,,,N,0700
US1TXAT0021,20240810,SNOW,0,,,N,0700
US1TXAT0021,20240811,SNOW,0,,,N,0700
US1TXAT0021,20240812,SNOW,0,,,N,0700
US1TXAT0021,20240813,SNOW,0,,,N,0700
US1TXAT0021,20240814,SNOW,0,,,N,0700
US1TXAT0021,20240815,SNOW,0,,,N,0700
US1TXAT0021,20240816,SNOW,0,,,N,0700
US1TXAT0021,20240817,SNOW,0,,,N,0700
US1TXAT0021,20240818,SNOW,0,,,N,0700
US1TXAT0021,20240819,SNOW,0,,,N,0700
US1TXAT0021,20240820,SNOW,0,,,N,0700
US1TXAT0021,20240821,SNOW,0,,,N,0700
US1TXAT0021,20240822,SNOW,0,,,N,0700
US1TXAT0021,20240823,SNOW,0,,,N,0700
US1TXAT0021,20240824,SNOW,0,,,N,0700
US1TXAT0021,20240825,SNOW,0,,,N,0700
US1TXAT0021,20240831,SNOW,0,,,N,0700
US1TXAT0021,20240901,PRCP,0,,,N,0700
US1TXAT0021,20240903,PRCP,5,,,N,0700
US1TXAT0021,20240906,PRCP,0,,,N,0700
US1TXAT0021,20240907,PRCP,0,,,N,0700
US1TXAT0021,20240908,PRCP,0,,,N,0700
US1TXAT0021,20240909,PRCP,0,,,N,0700
US1TXAT0021,20240910,PRCP,0,,,N,0700
US1TXAT0021,20240911,PRCP,0,,,N,0700
US1TXAT0021,20240912,PRCP,0,,,N,0700
US1TXAT0021,20240913,PRCP,0,,,N,0700
US1TXAT0021,20240914,PRCP,0,,,N,0700
US1TXAT0021,20240915,PRCP,0,,,N,0700
US1TXAT0021,20240916,PRCP,0,,,N,0700
US1TXAT0021,20240917,PRCP,0,,,N,0700
US1TXAT0021,20240918,PRCP,0,,,N,0700
US1TXAT0021,20240919,PRCP,0,,,N,0700
US1TXAT0021,20240921,PRCP,18,,,N,0700
US1TXAT0021,20240922,PRCP,0,,,N,0700
US1TXAT0021,20240923,PRCP,0,,,N,0700
US1TXAT0021,20240924,PRCP,0,,,N,0700
US1TXAT0021,20240925,PRCP,0,,,N,0700
US1TXAT0021,20240926,PRCP,0,,,N,0700
US1TXAT0021,20240927,PRCP,0,,,N,0700
US1TXAT0021,20240928,PRCP,0,,,N,0700
US1TXAT0021,20240929,PRCP,0,,,N,0700
US1TXAT0021,20240930,PRCP,0,,,N,0700
US1TXAT0021,20240901,SNOW,0,,,N,0700
US1TXAT0021,20240906,SNOW,0,,,N,0700
US1TXAT0021,20240907,SNOW,0,,,N,0700
US1TXAT0021,20240908,SNOW,0,,,N,0700
US1TXAT0021,20240909,SNOW,0,,,N,0700
US1TXAT0021,20240910,SNOW,0,,,N,0700
US1TXAT0021,20240911,SNOW,0,,,N,0700
US1TXAT0021,20240912,SNOW,0,,,N,0700
US1TXAT0021,20240913,SNOW,0,,,N,0700
US1TXAT0021,20240914,SNOW,0,,,N,0700
US1TXAT0021,20240915,SNOW,0,,,N,0700
US1TXAT0021,20240916,SNOW,0,,,N,0700
US1TXAT0021,20240917,SNOW,0,,,N,0700
US1TXAT0021,20240918,SNOW,0,,,N,0700
US1TXAT0021,20240919,SNOW,0,,,N,0700
US1TXAT0021,20240922,SNOW,0,,,N,0700
US1TXAT0021,20240923,SNOW,0,,,N,0700
US1TXAT0021,20240924,SNOW,0,,,N,0700
US1TXAT0021,20240925,SNOW,0,,,N,0700
US1TXAT0021,20240926,SNOW,0,,,N,0700
US1TXAT0021,20240927,SNOW,0,,,N,0700
US1TXAT0021,20240928,SNOW,0,,,N,0700
US1TXAT0021,20240929,SNOW,0,,,N,0700
US1TXAT0021,20240930,SNOW,0,,,N,0700
US1TXAT0021,20240905,DAPR,2,,,N,0700
US1TXAT0021,20240905,MDPR,546,,,N,0700
US1TXAT0021,20241001,PRCP,0,,,N,0700
US1TXAT0021,20241002,PRCP,0,,,N,0700
US1TXAT0021,20241003,PRCP,0,,,N,0700
US1TXAT0021,20241004,PRCP,0,,,N,0700
US1TXAT0021,20241005,PRCP,0,,,N,0700
US1TXAT0021,20241006,PRCP,0,,,N,0700
US1TXAT0021,20241007,PRCP,0,,,N,0700
US1TXAT0021,20241008,PRCP,0,,,N,0700
US1TXAT0021,20241009,PRCP,0,,,N,0700
US1TXAT0021,20241010,PRCP,0,,,N,0700
US1TXAT0021,20241011,PRCP,0,,,N,0700
US1TXAT0021,20241012,PRCP,0,,,N,0700
US1TXAT0021,20241013,PRCP,0,,,N,0700
US1TXAT0021,20241014,PRCP,0,,,N,0700
US1TXAT0021,20241015,PRCP,0,,,N,0700
US1TXAT0021,20241016,PRCP,0,,,N,0700
US1TXAT0021,20241017,PRCP,0,,,N,0700
US1TXAT0021,20241018,PRCP,0,,,N,0700
US1TXAT0021,20241019,PRCP,0,,,N,0700
US1TXAT0021,20241020,PRCP,0,,,N,0700
US1TXAT0021,20241021,PRCP,0,,,N,0700
US1TXAT0021,20241022,PRCP,0,,,N,0700
US1TXAT0021,20241023,PRCP,0,,,N,0700
US1TXAT0021,20241024,PRCP,0,,,N,0700
US1TXAT0021,20241025,PRCP,0,,,N,0700
US1TXAT0021,20241026,PRCP,0,,,N,0700
US1TXAT0021,20241027,PRCP,0,,,N,0700
US1TXAT0021,20241028,PRCP,0,,,N,0700
US1TXAT0021,20241029,PRCP,0,,,N,0700
US1TXAT0021,20241030,PRCP,0,T,,N,0700
US1TXAT0021,20241031,PRCP,5,,,N,0700
US1TXAT0021,20241001,SNOW,0,,,N,0700
US1TXAT0021,20241002,SNOW,0,,,N,0700
US1TXAT0021,20241003,SNOW,0,,,N,0700
US1TXAT0021,20241004,SNOW,0,,,N,0700
US1TXAT0021,20241005,SNOW,0,,,N,0700
US1TXAT0021,20241006,SNOW,0,,,N,0700
US1TXAT0021,20241007,SNOW,0,,,N,0700
US1TXAT0021,20241008,SNOW,0,,,N,0700
US1TXAT0021,20241009,SNOW,0,,,N,0700
US1TXAT0021,20241010,SNOW,0,,,N,0700
US1TXAT0021,20241011,SNOW,0,,,N,0700
US1TXAT0021,20241012,SNOW,0,,,N,0700
US1TXAT0021,20241013,SNOW,0,,,N,0700
US1TXAT0021,20241014,SNOW,0,,,N,0700
US1TXAT0021,20241015,SNOW,0,,,N,0700
US1TXAT0021,20241016,SNOW,0,,,N,0700
US1TXAT0021,20241017,SNOW,0,,,N,0700
US1TXAT0021,20241018,SNOW,0,,,N,0700
US1TXAT0021,20241019,SNOW,0,,,N,0700
US1TXAT0021,20241020,SNOW,0,,,N,0700
US1TXAT0021,20241021,SNOW,0,,,N,0700
US1TXAT0021,20241022,SNOW,0,,,N,0700
US1TXAT0021,20241023,SNOW,0,,,N,0700
US1TXAT0021,20241024,SNOW,0,,,N,0700
US1TXAT0021,20241025,SNOW,0,,,N,0700
US1TXAT0021,20241026,SNOW,0,,,N,0700
US1TXAT0021,20241027,SNOW,0,,,N,0700
US1TXAT0021,20241028,SNOW,0,,,N,0700
US1TXAT0021,20241029,SNOW,0,,,N,0700
US1TXAT0021,20241101,PRCP,0,,,N,0700
US1TXAT0021,20241102,PRCP,0,,,N,0700
US1TXAT0021,20241103,PRCP,36,,,N,0700
US1TXAT0021,20241104,PRCP,0,,,N,0700
US1TXAT0021,20241105,PRCP,325,,,N,0700
US1TXAT0021,20241106,PRCP,0,,,N,0700
US1TXAT0021,20241107,PRCP,0,,,N,0700
US1TXAT0021,20241108,PRCP,0,,,N,0700
US1TXAT0021,20241109,PRCP,0,,,N,0700
US1TXAT0021,20241110,PRCP,0,,,N,0700
US1TXAT0021,20241111,PRCP,0,,,N,0700
US1TXAT0021,20241112,PRCP,0,,,N,0700
US1TXAT0021,20241113,PRCP,0,,,N,0700
US1TXAT0021,20241114,PRCP,0,,,N,0700
US1TXAT0021,20241115,PRCP,0,,,N,0700
US1TXAT0021,20241116,PRCP,0,,,N,0700
US1TXAT0021,20241117,PRCP,0,,,N,0700
US1TXAT0021,20241118,PRCP,0,,,N,0700
US1TXAT0021,20241119,PRCP,18,,,N,0700
US1TXAT0021,20241120,PRCP,0,,,N,0700
US1TXAT0021,20241121,PRCP,0,,,N,0700
US1TXAT0021,20241122,PRCP,0,,,N,0700
US1TXAT0021,20241123,PRCP,0,,,N,0700
US1TXAT0021,20241124,PRCP,0,,,N,0700
US1TXAT0021,20241125,PRCP,0,,,N,0700
US1TXAT0021,20241126,PRCP,0,,,N,0700
US1TXAT0021,20241127,PRCP,0,,,N,0700
US1TXAT0021,20241128,PRCP,0,,,N,0700
US1TXAT0021,20241129,PRCP,0,,,N,0700
US1TXAT0021,20241130,PRCP,0,,,N,0700
US1TXAT0021,20241101,SNOW,0,,,N,0700
US1TXAT0021,20241102,SNOW,0,,,N,0700
US1TXAT0021,20241104,SNOW,0,,,N,0700
US1TXAT0021,20241106,SNOW,0,,,N,0700
US1TXAT0021,20241107,SNOW,0,,,N,0700
US1TXAT0021,20241108,SNOW,0,,,N,0700
US1TXAT0021,20241109,SNOW,0,,,N,0700
US1TXAT0021,20241110,SNOW,0,,,N,0700
US1TXAT0021,20241111,SNOW,0,,,N,0700
US1TXAT0021,20241112,SNOW,0,,,N,0700
US1TXAT0021,20241113,SNOW,0,,,N,0700
US1TXAT0021,20241114,SNOW,0,,,N,0700
US1TXAT0021,20241115,SNOW,0,,,N,0700
US1TXAT0021,20241116,SNOW,0,,,N,0700
US1TXAT0021,20241117,SNOW,0,,,N,0700
US1TXAT0021,20241118,SNOW,0,,,N,0700
US1TXAT0021,20241120,SNOW,0,,,N,0700
US1TXAT0021,20241121,SNOW,0,,,N,0700
US1TXAT0021,20241122,SNOW,0,,,N,0700
US1TXAT0021,20241123,SNOW,0,,,N,0700
US1TXAT0021,20241124,SNOW,0,,,N,0700
US1TXAT0021,20241125,SNOW,0,,,N,0700
US1TXAT0021,20241126,SNOW,0,,,N,0700
US1TXAT0021,20241127,SNOW,0,,,N,0700
US1TXAT0021,20241128,SNOW,0,,,N,0700
US1TXAT0021,20241129,SNOW,0,,,N,0700
US1TXAT0021,20241130,SNOW,0,,,N,0700
US1TXAT0021,20241201,PRCP,0,,,N,0700
US1TXAT0021,20241202,PRCP,0,,,N,0700
US1TXAT0021,20241203,PRCP,25,,,N,0700
US1TXAT0021,20241204,PRCP,69,,,N,0700
US1TXAT0021,20241205,PRCP,3,,,N,0700
US1TXAT0021,20241206,PRCP,0,,,N,0700
US1TXAT0021,20241207,PRCP,18,,,N,0700
US1TXAT0021,20241208,PRCP,33,,,N,0700
US1TXAT0021,20241209,PRCP,3,,,N,0700
US1TXAT0021,20241210,PRCP,0,,,N,0700
US1TXAT0021,20241211,PRCP,0,,,N,0700
US1TXAT0021,20241212,PRCP,0,,,N,0700
US1TXAT0021,20241213,PRCP,0,,,N,0700
US1TXAT0021,20241214,PRCP,10,,,N,0700
US1TXAT0021,20241215,PRCP,8,,,N,0700
US1TXAT0021,20241216,PRCP,3,,,N,0700
US1TXAT0021,20241217,PRCP,0,,,N,0700
US1TXAT0021,20241218,PRCP,0,,,N,0700
US1TXAT0021,20241221,PRCP,0,,,N,0700
US1TXAT0021,20241222,PRCP,0,,,N,0700
US1TXAT0021,20241223,PRCP,0,,,N,0700
US1TXAT0021,20241224,PRCP,0,,,N,0700
US1TXAT0021,20241225,PRCP,0,,,N,0700
US1TXAT0021,20241226,PRCP,0,,,N,0700
US1TXAT0021,20241227,PRCP,3,,,N,0700
US1TXAT0021,20241228,PRCP,0,,,N,0700
US1TXAT0021,20241229,PRCP,0,,,N,0700
US1TXAT0021,20241230,PRCP,0,,,N,0700
US1TXAT0021,20241231,PRCP,0,,,N,0700
US1TXAT0021,20241201,SNOW,0,,,N,0700
US1TXAT0021,20241202,SNOW,0,,,N,0700
US1TXAT0021,20241206,SNOW,0,,,N,0700
US1TXAT0021,20241210,SNOW,0,,,N,0700
US1TXAT0021,20241211,SNOW,0,,,N,0700
US1TXAT0021,20241212,SNOW,0,,,N,0700
US1TXAT0021,20241213,SNOW,0,,,N,0700
US1TXAT0021,20241217,SNOW,0,,,N,0700
US1TXAT0021,20241218,SNOW,0,,,N,0700
US1TXAT0021,20241221,SNOW,0,,,N,0700
US1TXAT0021,20241222,SNOW,0,,,N,0700
US1TXAT0021,20241223,SNOW,0,,,N,0700
US1TXAT0021,20241224,SNOW,0,,,N,0700
US1TXAT0021,20241225,SNOW,0,,,N,0700
US1TXAT0021,20241226,SNOW,0,,,N,0700
US1TXAT0021,20241228,SNOW,0,,,N,0700
US1TXAT0021,20241229,SNOW,0,,,N,0700
US1TXAT0021,20241230,SNOW,0,,,N,0700
US1TXAT0021,20241231,SNOW,0,,,N,0700
US1TXAT0021,20241220,DAPR,2,,,N,0700
US1TXAT0021,20241220,MDPR,13,,,N,0700
US1TXAT0021,20250101,PRCP,0,,,N,0700
US1TXAT0021,20250102,PRCP,0,,,N,0700
US1TXAT0021,20250103,PRCP,0,,,N,0700
US1TXAT0021,20250104,PRCP,0,,,N,0700
US1TXAT0021,20250105,PRCP,0,,,N,0700
US1TXAT0021,20250106,PRCP,0,,,N,0700
US1TXAT0021,20250107,PRCP,0,,,N,0700
US1TXAT0021,20250108,PRCP,0,,,N,0700
US1TXAT0021,20250109,PRCP,0,,,N,0700
US1TXAT0021,20250110,PRCP,229,,,N,0700
US1TXAT0021,20250119,PRCP,0,,,N,0700
US1TXAT0021,20250120,PRCP,0,,,N,0700
US1TXAT0021,20250121,PRCP,20,,,N,0700
US1TXAT0021,20250122,PRCP,0,,,N,0700
US1TXAT0021,20250123,PRCP,0,,,N,0700
US1TXAT0021,20250124,PRCP,0,,,N,0700
US1TXAT0021,20250125,PRCP,0,,,N,0700
US1TXAT0021,20250126,PRCP,0,,,N,0700
US1TXAT0021,20250127,PRCP,0,,,N,0700
US1TXAT0021,20250128,PRCP,23,,,N,0700
US1TXAT0021,20250129,PRCP,3,,,N,0700
US1TXAT0021,20250130,PRCP,28,,,N,0700
US1TXAT0021,20250101,SNOW,0,,,N,0700
US1TXAT0021,20250102,SNOW,0,,,N,0700
US1TXAT0021,20250103,SNOW,0,,,N,0700
US1TXAT0021,20250104,SNOW,0,,,N,0700
US1TXAT0021,20250105,SNOW,0,,,N,0700
US1TXAT0021,20250106,SNOW,0,,,N,0700
US1TXAT0021,20250107,SNOW,0,,,N,0700
US1TXAT0021,20250108,SNOW,0,,,N,0700
US1TXAT0021,20250109,SNOW,0,,,N,0700
US1TXAT0021,20250119,SNOW,0,,,N,0700
US1TXAT0021,20250120,SNOW,0,,,N,0700
US1TXAT0021,20250122,SNOW,0,,,N,0700
US1TXAT0021,20250123,SNOW,0,,,N,0700
US1TXAT0021,20250124,SNOW,0,,,N,0700
US1TXAT0021,20250125,SNOW,0,,,N,0700
US1TXAT0021,20250126,SNOW,0,,,N,0700
US1TXAT0021,20250127,SNOW,0,,,N,0700
US1TXAT0021,20250118,DAPR,8,,,N,0700
US1TXAT0021,20250118,MDPR,5,,,N,0700
US1TXAT0021,20250201,PRCP,0,,,N,0700
US1TXAT0021,20250202,PRCP,0,,,N,0700
US1TXAT0021,20250203,PRCP,0,,,N,0700
US1TXAT0021,20250204,PRCP,0,,,N,0700
US1TXAT0021,20250205,PRCP,0,,,N,0700
US1TXAT0021,20250206,PRCP,0,,,N,0700
US1TXAT0021,20250207,PRCP,0,,,N,0700
US1TXAT0021,20250208,PRCP,0,,,N,0700
US1TXAT0021,20250209,PRCP,0,,,N,0700
US1TXAT0021,20250210,PRCP,0,,,N,0700
US1TXAT0021,20250211,PRCP,0,T,,N,0700
US1TXAT0021,20250212,PRCP,23,,,N,0700
US1TXAT0021,20250213,PRCP,0,,,N,0700
US1TXAT0021,20250214,PRCP,0,,,N,0700
US1TXAT0021,20250215,PRCP,8,,,N,0700
US1TXAT0021,20250216,PRCP,3,,,N,0700
US1TXAT0021,20250217,PRCP,0,,,N,0700
US1TXAT0021,20250218,PRCP,0,,,N,0700
US1TXAT0021,20250219,PRCP,0,,,N,0700
US1TXAT0021,20250220,PRCP,0,,,N,0700
US1TXAT0021,20250221,PRCP,0,,,N,0700
US1TXAT0021,20250222,PRCP,20,,,N,0700
US1TXAT0021,20250223,PRCP,18,,,N,0700
US1TXAT0021,20250224,PRCP,0,,,N,0700
US1TXAT0021,20250225,PRCP,0,,,N,0700
US1TXAT0021,20250226,PRCP,0,,,N,0700
US1TXAT0021,20250227,PRCP,0,,,N,0700
US1TXAT0021,20250228,PRCP,0,,,N,0700
US1TXAT0021,20250201,SNOW,0,,,N,0700
US1TXAT0021,20250202,SNOW,0,,,N,0700
US1TXAT0021,20250203,SNOW,0,,,N,0700
US1TXAT0021,20250204,SNOW,0,,,N,0700
US1TXAT0021,20250205,SNOW,0,,,N,0700
US1TXAT0021,20250206,SNOW,0,,,N,0700
US1TXAT0021,20250207,SNOW,0,,,N,0700
US1TXAT0021,20250208,SNOW,0,,,N,0700
US1TXAT0021,20250209,SNOW,0,,,N,0700
US1TXAT0021,20250210,SNOW,0,,,N,0700
US1TXAT0021,20250213,SNOW,0,,,N,0700
US1TXAT0021,20250214,SNOW,0,,,N,0700
US1TXAT0021,20250217,SNOW,0,,,N,0700
US1TXAT0021,20250218,SNOW,0,,,N,0700
US1TXAT0021,20250219,SNOW,0,,,N,0700
US1TXAT0021,20250220,SNOW,0,,,N,0700
US1TXAT0021,20250221,SNOW,0,,,N,0700
US1TXAT0021,20250224,SNOW,0,,,N,0700
US1TXAT0021,20250225,SNOW,0,,,N,0700
US1TXAT0021,20250226,SNOW,0,,,N,0700
US1TXAT0021,20250227,SNOW,0,,,N,0700
US1TXAT0021,20250228,SNOW,0,,,N,0700
US1TXAT0021,20250301,PRCP,0,,,N,0700
US1TXAT0021,20250302,PRCP,0,,,N,0700
US1TXAT0021,20250303,PRCP,0,,,N,0700
US1TXAT0021,20250304,PRCP,0,,,N,0700
US1TXAT0021,20250305,PRCP,0,T,,N,0700
US1TXAT0021,20250306,PRCP,0,,,N,0700
US1TXAT0021,20250307,PRCP,0,,,N,0700
US1TXAT0021,20250308,PRCP,0,,,N,0700
US1TXAT0021,20250309,PRCP,0,,,N,0700
US1TXAT0021,20250310,PRCP,0,,,N,0700
US1TXAT0021,20250311,PRCP,0,,,N,0700
US1TXAT0021,20250312,PRCP,0,,,N,0700
US1TXAT0021,20250313,PRCP,0,,,N,0700
US1TXAT0021,20250314,PRCP,0,,,N,0700
US1TXAT0021,20250315,PRCP,0,,,N,0700
US1TXAT0021,20250316,PRCP,0,,,N,0700
US1TXAT0021,20250317,PRCP,0,,,N,0700
US1TXAT0021,20250318,PRCP,0,,,N,0700
US1TXAT0021,20250319,PRCP,0,,,N,0700
US1TXAT0021,20250320,PRCP,0,,,N,0700
US1TXAT0021,20250321,PRCP,0,,,N,0700
US1TXAT0021,20250322,PRCP,0,,,N,0700
US1TXAT0021,20250323,PRCP,0,,,N,0700
US1TXAT0021,20250324,PRCP,0,,,N,0700
US1TXAT0021,20250325,PRCP,0,,,N,0700
US1TXAT0021,20250326,PRCP,0,,,N,0700
US1TXAT0021,20250327,PRCP,274,,,N,0700
US1TXAT0021,20250328,PRCP,10,,,N,0700
US1TXAT0021,20250329,PRCP,5,,,N,0700
US1TXAT0021,20250330,PRCP,0,,,N,0700
US1TXAT0021,20250331,PRCP,0,T,,N,0700
US1TXAT0021,20250301,SNOW,0,,,N,0700
US1TXAT0021,20250302,SNOW,0,,,N,0700
US1TXAT0021,20250303,SNOW,0,,,N,0700
US1TXAT0021,20250304,SNOW,0,,,N,0700
US1TXAT0021,20250306,SNOW,0,,,N,0700
US1TXAT0021,20250307,SNOW,0,,,N,0700
US1TXAT0021,20250308,SNOW,0,,,N,0700
US1TXAT0021,20250309,SNOW,0,,,N,0700
US1TXAT0021,20250310,SNOW,0,,,N,0700
US1TXAT0021,20250311,SNOW,0,,,N,0700
US1TXAT0021,20250312,SNOW,0,,,N,0700
US1TXAT0021,20250313,SNOW,0,,,N,0700
US1TXAT0021,20250314,SNOW,0,,,N,0700
US1TXAT0021,20250315,SNOW,0,,,N,0700
US1TXAT0021,20250316,SNOW,0,,,N,0700
US1TXAT0021,20250317,SNOW,0,,,N,0700
US1TXAT0021,20250318,SNOW,0,,,N,0700
US1TXAT0021,20250319,SNOW,0,,,N,0700
US1TXAT0021,20250320,SNOW,0,,,N,0700
US1TXAT0021,20250321,SNOW,0,,,N,0700
US1TXAT0021,20250322,SNOW,0,,,N,0700
US1TXAT0021,20250323,SNOW,0,,,N,0700
US1TXAT0021,20250324,SNOW,0,,,N,0700
US1TXAT0021,20250325,SNOW,0,,,N,0700
US1TXAT0021,20250326,SNOW,0,,,N,0700
US1TXAT0021,20250330,SNOW,0,,,N,0700
US1TXAT0021,20250401,PRCP,0,,,N,0700
US1TXAT0021,20250402,PRCP,0,,,N,0700
US1TXAT0021,20250403,PRCP,0,,,N,0700
US1TXAT0021,20250404,PRCP,0,,,N,0700
US1TXAT0021,20250405,PRCP,3,,,N,0700
US1TXAT0021,20250406,PRCP,0,,,N,0700
US1TXAT0021,20250407,PRCP,0,,,N,0700
US1TXAT0021,20250408,PRCP,0,,,N,0700
US1TXAT0021,20250409,PRCP,0,,,N,0700
US1TXAT0021,20250410,PRCP,0,,,N,0700
US1TXAT0021,20250411,PRCP,0,,,N,0700
US1TXAT0021,20250412,PRCP,0,,,N,0700
US1TXAT0021,20250413,PRCP,0,,,N,0700
US1TXAT0021,20250414,PRCP,0,,,N,0700
US1TXAT0021,20250415,PRCP,0,,,N,0700
US1TXAT0021,20250416,PRCP,0,,,N,0700
US1TXAT0021,20250417,PRCP,0,,,N,0700
US1TXAT0021,20250418,PRCP,0,,,N,0700
US1TXAT0021,20250419,PRCP,0,,,N,0700
US1TXAT0021,20250420,PRCP,0,,,N,0700
US1TXAT0021,20250421,PRCP,61,,,N,0700
US1TXAT0021,20250422,PRCP,0,,,N,0700
US1TXAT0021,20250401,SNOW,0,,,N,0700
US1TXAT0021,20250402,SNOW,0,,,N,0700
US1TXAT0021,20250403,SNOW,0,,,N,0700
US1TXAT0021,20250404,SNOW,0,,,N,0700
US1TXAT0021,20250406,SNOW,0,,,N,0700
US1TXAT0021,20250407,SNOW,0,,,N,0700
US1TXAT0021,20250408,SNOW,0,,,N,0700
US1TXAT0021,20250409,SNOW,0,,,N,0700
US1TXAT0021,20250410,SNOW,0,,,N,0700
US1TXAT0021,20250411,SNOW,0,,,N,0700
US1TXAT0021,20250412,SNOW,0,,,N,0700
US1TXAT0021,20250413,SNOW,0,,,N,0700
US1TXAT0021,20250414,SNOW,0,,,N,0700
US1TXAT0021,20250415,SNOW,0,,,N,0700
US1TXAT0021,20250416,SNOW,0,,,N,0700
US1TXAT0021,20250417,SNOW,0,,,N,0700
US1TXAT0021,20250418,SNOW,0,,,N,0700
US1TXAT0021,20250419,SNOW,0,,,N,0700
US1TXAT0021,20250420,SNOW,0,,,N,0700
US1TXAT0021,20250422,SNOW,0,,,N,0700
US1TXAT0021,20250424,DAPR,2,,,N,0600
US1TXAT0021,20250424,MDPR,264,,,N,0600
US1TXAT0021,20250523,PRCP,89,,,N,0700
US1TXAT0021,20250524,PRCP,0,,,N,0700
US1TXAT0021,20250525,PRCP,0,,,N,0700
US1TXAT0021,20250526,PRCP,0,,,N,0700
US1TXAT0021,20250527,PRCP,287,,,N,0700
US1TXAT0021,20250528,PRCP,15,,,N,0700
US1TXAT0021,20250529,PRCP,0,,,N,0700
US1TXAT0021,20250530,PRCP,328,,,N,0700
US1TXAT0021,20250531,PRCP,0,,,N,0700
US1TXAT0021,20250524,SNOW,0,,,N,0700
US1TXAT0021,20250525,SNOW,0,,,N,0700
US1TXAT0021,20250526,SNOW,0,,,N,0700
US1TXAT0021,20250529,SNOW,0,,,N,0700
US1TXAT0021,20250531,SNOW,0,,,N,0700
US1TXAT0021,20250522,DAPR,28,,,N,0700
US1TXAT0021,20250522,MDPR,315,,,N,0700
US1TXAT0021,20250601,PRCP,0,,,N,0700
US1TXAT0021,20250602,PRCP,0,,,N,0700
US1TXAT0021,20250603,PRCP,0,,,N,0700
US1TXAT0021,20250604,PRCP,0,,,N,0700
US1TXAT0021,20250605,PRCP,0,,,N,0700
US1TXAT0021,20250606,PRCP,0,,,N,0700
US1TXAT0021,20250607,PRCP,0,,,N,0700
US1TXAT0021,20250608,PRCP,0,,,N,0700
US1TXAT0021,20250609,PRCP,0,,,N,0700
US1TXAT0021,20250610,PRCP,0,,,N,0700
US1TXAT0021,20250611,PRCP,122,,,N,0700
US1TXAT0021,20250612,PRCP,0,,,N,0700
US1TXAT0021,20250613,PRCP,848,,,N,0700
US1TXAT0021,20250614,PRCP,0,,,N,0700
US1TXAT0021,20250615,PRCP,140,,,N,0700
US1TXAT0021,20250616,PRCP,180,,,N,0700
US1TXAT0021,20250617,PRCP,0,,,N,0700
US1TXAT0021,20250618,PRCP,0,,,N,0700
US1TXAT0021,20250619,PRCP,0,,,N,0700
US1TXAT0021,20250620,PRCP,0,,,N,0700
US1TXAT0021,20250621,PRCP,0,,,N,0700
US1TXAT0021,20250622,PRCP,112,,,N,0700
US1TXAT0021,20250623,PRCP,0,,,N,0700
US1TXAT0021,20250624,PRCP,0,,,N,0700
US1TXAT0021,20250625,PRCP,0,,,N,0700
US1TXAT0021,20250626,PRCP,0,,,N,0700
US1TXAT0021,20250627,PRCP,0,,,N,0700
US1TXAT0021,20250628,PRCP,0,,,N,0700
US1TXAT0021,20250629,PRCP,0,,,N,0700
US1TXAT0021,20250630,PRCP,28,,,N,0700
US1TXAT0021,20250601,SNOW,0,,,N,0700
US1TXAT0021,20250602,SNOW,0,,,N,0700
US1TXAT0021,20250603,SNOW,0,,,N,0700
US1TXAT0021,20250604,SNOW,0,,,N,0700
US1TXAT0021,20250605,SNOW,0,,,N,0700
US1TXAT0021,20250606,SNOW,0,,,N,0700
US1TXAT0021,20250607,SNOW,0,,,N,0700
US1TXAT0021,20250608,SNOW,0,,,N,0700
US1TXAT0021,20250609,SNOW,0,,,N,0700
US1TXAT0021,20250610,SNOW,0,,,N,0700
US1TXAT0021,20250612,SNOW,0,,,N,0700
US1TXAT0021,20250614,SNOW,0,,,N,0700
US1TXAT0021,20250617,SNOW,0,,,N,0700
US1TXAT0021,20250618,SNOW,0,,,N,0700
US1TXAT0021,20250619,SNOW,0,,,N,0700
US1TXAT0021,20250620,SNOW,0,,,N,0700
US1TXAT0021,20250621,SNOW,0,,,N,0700
US1TXAT0021,20250623,SNOW,0,,,N,0700
US1TXAT0021,20250624,SNOW,0,,,N,0700
US1TXAT0021,20250625,SNOW,0,,,N,0700
US1TXAT0021,20250626,SNOW,0,,,N,0700
US1TXAT0021,20250627,SNOW,0,,,N,0700
US1TXAT0021,20250628,SNOW,0,,,N,0700
US1TXAT0021,20250629,SNOW,0,,,N,0700
US1TXAT0021,20250701,PRCP,61,,,N,0700
US1TXAT0021,20250702,PRCP,5,,,N,0700
US1TXAT0021,20250703,PRCP,3,,,N,0700
US1TXAT0021,20250704,PRCP,0,,,N,0700
US1TXAT0021,20250705,PRCP,3,,,N,0700
US1TXAT0021,20250706,PRCP,18,,,N,0700
US1TXAT0021,20250707,PRCP,56,,,N,0700
US1TXAT0021,20250708,PRCP,287,,,N,0700
US1TXAT0021,20250709,PRCP,0,,,N,0700
US1TXAT0021,20250710,PRCP,0,,,N,0700
US1TXAT0021,20250711,PRCP,0,,,N,0700
US1TXAT0021,20250712,PRCP,13,,,N,0700
US1TXAT0021,20250713,PRCP,0,T,,N,0700
US1TXAT0021,20250714,PRCP,23,,,N,0700
US1TXAT0021,20250717,PRCP,0,,,N,0700
US1TXAT0021,20250718,PRCP,0,,,N,0700
US1TXAT0021,20250719,PRCP,0,,,N,0700
US1TXAT0021,20250720,PRCP,0,,,N,0700
US1TXAT0021,20250721,PRCP,0,,,N,0700
US1TXAT0021,20250722,PRCP,0,,,N,0700
US1TXAT0021,20250723,PRCP,0,,,N,0700
US1TXAT0021,20250724,PRCP,0,,,N,0700
US1TXAT0021,20250725,PRCP,0,,,N,0700
US1TXAT0021,20250726,PRCP,0,,,N,0700
US1TXAT0021,20250727,PRCP,81,,,N,0700
US1TXAT0021,20250728,PRCP,0,,,N,0700
US1TXAT0021,20250729,PRCP,0,,,N,0700
US1TXAT0021,20250730,PRCP,0,,,N,0700
US1TXAT0021,20250731,PRCP,0,,,N,0700
US1TXAT0021,20250704,SNOW,0,,,N,0700
US1TXAT0021,20250709,SNOW,0,,,N,0700
US1TXAT0021,20250710,SNOW,0,,,N,0700
US1TXAT0021,20250711,SNOW,0,,,N,0700
US1TXAT0021,20250717,SNOW,0,,,N,0700
US1TXAT0021,20250718,SNOW,0,,,N,0700
US1TXAT0021,20250719,SNOW,0,,,N,0700
US1TXAT0021,20250720,SNOW,0,,,N,0700
US1TXAT0021,20250721,SNOW,0,,,N,0700
US1TXAT0021,20250722,SNOW,0,,,N,0700
US1TXAT0021,20250723,SNOW,0,,,N,0700
US1TXAT0021,20250724,SNOW,0,,,N,0700
US1TXAT0021,20250725,SNOW,0,,,N,0700
US1TXAT0021,20250726,SNOW,0,,,N,0700
US1TXAT0021,20250728,SNOW,0,,,N,0700
US1TXAT0021,20250729,SNOW,0,,,N,0700
US1TXAT0021,20250730,SNOW,0,,,N,0700
US1TXAT0021,20250731,SNOW,0,,,N,0700
US1TXAT0021,20250716,DAPR,2,,,N,0700
US1TXAT0021,20250716,MDPR,5,,,N,0700
US1TXAT0021,20250801,PRCP,0,,,N,0700
US1TXAT0021,20250802,PRCP,0,,,N,0700
US1TXAT0021,20250803,PRCP,0,,,N,0700
US1TXAT0021,20250804,PRCP,0,,,N,0700
US1TXAT0021,20250805,PRCP,0,,,N,0700
US1TXAT0021,20250806,PRCP,0,,,N,0700
US1TXAT0021,20250807,PRCP,0,,,N,0700
US1TXAT0021,20250808,PRCP,0,,,N,0700
US1TXAT0021,20250809,PRCP,0,,,N,0700
US1TXAT0021,20250810,PRCP,0,,,N,0700
US1TXAT0021,20250811,PRCP,3,,,N,0700
US1TXAT0021,20250812,PRCP,0,,,N,0700
US1TXAT0021,20250813,PRCP,0,,,N,0700
US1TXAT0021,20250814,PRCP,0,,,N,0700
US1TXAT0021,20250815,PRCP,0,,,N,0700
US1TXAT0021,20250816,PRCP,175,,,N,0700
US1TXAT0021,20250817,PRCP,0,,,N,0700
US1TXAT0021,20250818,PRCP,0,,,N,0700
US1TXAT0021,20250819,PRCP,0,,,N,0700
US1TXAT0021,20250820,PRCP,0,,,N,0700
US1TXAT0021,20250821,PRCP,0,,,N,0700
US1TXAT0021,20250822,PRCP,23,,,N,0700
US1TXAT0021,20250823,PRCP,0,,,N,0700
US1TXAT0021,20250824,PRCP,0,,,N,0700
US1TXAT0021,20250825,PRCP,0,,,N,0700
US1TXAT0021,20250826,PRCP,0,,,N,0700
US1TXAT0021,20250827,PRCP,0,,,N,0700
US1TXAT0021,20250828,PRCP,0,,,N,0700
US1TXAT0021,20250829,PRCP,0,,,N,0700
US1TXAT0021,20250830,PRCP,0,,,N,0700
US1TXAT0021,20250831,PRCP,0,,,N,0700
US1TXAT0021,20250801,SNOW,0,,,N,0700
US1TXAT0021,20250802,SNOW,0,,,N,0700
US1TXAT0021,20250803,SNOW,0,,,N,0700
US1TXAT0021,20250804,SNOW,0,,,N,0700
US1TXAT0021,20250805,SNOW,0,,,N,0700
US1TXAT0021,20250806,SNOW,0,,,N,0700
US1TXAT0021,20250807,SNOW,0,,,N,0700
US1TXAT0021,20250808,SNOW,0,,,N,0700
US1TXAT0021,20250809,SNOW,0,,,N,0700
US1TXAT0021,20250810,SNOW,0,,,N,0700
US1TXAT0021,20250812,SNOW,0,,,N,0700
US1TXAT0021,20250813,SNOW,0,,,N,0700
US1TXAT0021,20250814,SNOW,0,,,N,0700
US1TXAT0021,20250815,SNOW,0,,,N,0700
US1TXAT0021,20250817,SNOW,0,,,N,0700
US1TXAT0021,20250818,SNOW,0,,,N,0700
US1TXAT0021,20250819,SNOW,0,,,N,0700
US1TXAT0021,20250820,SNOW,0,,,N,0700
US1TXAT0021,20250821,SNOW,0,,,N,0700
US1TXAT0021,20250823,SNOW,0,,,N,0700
US1TXAT0021,20250824,SNOW,0,,,N,0700
US1TXAT0021,20250825,SNOW,0,,,N,0700
US1TXAT0021,20250826,SNOW,0,,,N,0700
US1TXAT0021,20250827,SNOW,0,,,N,0700
US1TXAT0021,20250828,SNOW,0,,,N,0700
US1TXAT0021,20250829,SNOW,0,,,N,0700
US1TXAT0021,20250830,SNOW,0,,,N,0700
US1TXAT0021,20250831,SNOW,0,,,N,0700
US1TXAT0021,20250901,PRCP,173,,,N,0700
US1TXAT0021,20250902,PRCP,13,,,N,0700
US1TXAT0021,20250903,PRCP,0,,,N,0700
US1TXAT0021,20250904,PRCP,0,,,N,0700
US1TXAT0021,20250905,PRCP,0,,,N,0700
US1TXAT0021,20250906,PRCP,0,,,N,0700
US1TXAT0021,20250907,PRCP,0,,,N,0700
US1TXAT0021,20250908,PRCP,33,,,N,0700
US1TXAT0021,20250909,PRCP,0,,,N,0700
US1TXAT0021,20250910,PRCP,0,,,N,0700
US1TXAT0021,20250911,PRCP,0,,,N,0700
US1TXAT0021,20250912,PRCP,0,,,N,0700
US1TXAT0021,20250913,PRCP,0,,,N,0700
US1TXAT0021,20250914,PRCP,0,,,N,0700
US1TXAT0021,20250915,PRCP,0,,,N,0700
US1TXAT0021,20250916,PRCP,0,,,N,0700
US1TXAT0021,20250917,PRCP,0,,,N,0700
US1TXAT0021,20250918,PRCP,0,,,N,0700
US1TXAT0021,20250919,PRCP,0,,,N,0700
US1TXAT0021,20250920,PRCP,0,,,N,0700
US1TXAT0021,20250921,PRCP,0,,,N,0700
US1TXAT0021,20250922,PRCP,0,,,N,0700
US1TXAT0021,20250923,PRCP,0,,,N,0700
US1TXAT0021,20250924,PRCP,0,,,N,0700
US1TXAT0021,20250925,PRCP,0,,,N,0700
US1TXAT0021,20250926,PRCP,0,,,N,0700
US1TXAT0021,20250927,PRCP,0,,,N,0700
US1TXAT0021,20250928,PRCP,0,,,N,0700
US1TXAT0021,20250929,PRCP,0,,,N,0700
US1TXAT0021,20250930,PRCP,0,,,N,0700
US1TXAT0021,20250903,SNOW,0,,,N,0700
US1TXAT0021,20250904,SNOW,0,,,N,0700
US1TXAT0021,20250905,SNOW,0,,,N,0700
US1TXAT0021,20250906,SNOW,0,,,N,0700
US1TXAT0021,20250907,SNOW,0,,,N,0700
US1TXAT0021,20250909,SNOW,0,,,N,0700
US1TXAT0021,20250910,SNOW,0,,,N,0700
US1TXAT0021,20250911,SNOW,0,,,N,0700
US1TXAT0021,20250912,SNOW,0,,,N,0700
US1TXAT0021,20250913,SNOW,0,,,N,0700
US1TXAT0021,20250914,SNOW,0,,,N,0700
US1TXAT0021,20250915,SNOW,0,,,N,0700
US1TXAT0021,20250916,SNOW,0,,,N,0700
US1TXAT0021,20250917,SNOW,0,,,N,0700
US1TXAT0021,20250918,SNOW,0,,,N,0700
US1TXAT0021,20250919,SNOW,0,,,N,0700
US1TXAT0021,20250920,SNOW,0,,,N,0700
US1TXAT0021,20250921,SNOW,0,,,N,0700
US1TXAT0021,20250922,SNOW,0,,,N,0700
US1TXAT0021,20250923,SNOW,0,,,N,0700
US1TXAT0021,20250924,SNOW,0,,,N,0700
US1TXAT0021,20250925,SNOW,0,,,N,0700
US1TXAT0021,20250926,SNOW,0,,,N,0700
US1TXAT0021,20250927,SNOW,0,,,N,0700
US1TXAT0021,20250928,SNOW,0,,,N,0700
US1TXAT0021,20250929,SNOW,0,,,N,0700
US1TXAT0021,20250930,SNOW,0,,,N,0700
US1TXAT0021,20251001,PRCP,0,,,N,0700
US1TXAT0021,20251002,PRCP,0,,,N,0700
US1TXAT0021,20251003,PRCP,0,,,N,0700
US1TXAT0021,20251004,PRCP,0,,,N,0700
US1TXAT0021,20251005,PRCP,0,,,N,0700
US1TXAT0021,20251006,PRCP,0,,,N,0700
US1TXAT0021,20251026,PRCP,0,,,N,0700
US1TXAT0021,20251027,PRCP,0,,,N,0700
US1TXAT0021,20251028,PRCP,0,,,N,0700
US1TXAT0021,20251029,PRCP,0,,,N,0700
US1TXAT0021,20251030,PRCP,0,,,N,0700
US1TXAT0021,20251031,PRCP,0,,,N,0700
US1TXAT0021,20251001,SNOW,0,,,N,0700
US1TXAT0021,20251002,SNOW,0,,,N,0700
US1TXAT0021,20251003,SNOW,0,,,N,0700
US1TXAT0021,20251004,SNOW,0,,,N,0700
US1TXAT0021,20251005,SNOW,0,,,N,0700
US1TXAT0021,20251006,SNOW,0,,,N,0700
US1TXAT0021,20251026,SNOW,0,,,N,0700
US1TXAT0021,20251027,SNOW,0,,,N,0700
US1TXAT0021,20251028,SNOW,0,,,N,0700
US1TXAT0021,20251029,SNOW,0,,,N,0700
US1TXAT0021,20251030,SNOW,0,,,N,0700
US1TXAT0021,20251031,SNOW,0,,,N,0700
US1TXAT0021,20251101,PRCP,0,,,N,0700
US1TXAT0021,20251102,PRCP,0,,,N,0700
US1TXAT0021,20251103,PRCP,0,,,N,0700
US1TXAT0021,20251104,PRCP,0,,,N,0700
US1TXAT0021,20251105,PRCP,0,,,N,0700
US1TXAT0021,20251106,PRCP,0,,,N,0700
US1TXAT0021,20251107,PRCP,0,,,N,0700
US1TXAT0021,20251108,PRCP,0,,,N,0700
US1TXAT0021,20251109,PRCP,0,,,N,0700
US1TXAT0021,20251110,PRCP,0,,,N,0700
US1TXAT0021,20251111,PRCP,0,,,N,0700
US1TXAT0021,20251112,PRCP,0,,,N,0700
US1TXAT0021,20251113,PRCP,0,,,N,0700
US1TXAT0021,20251114,PRCP,0,,,N,0700
US1TXAT0021,20251115,PRCP,0,,,N,0700
US1TXAT0021,20251116,PRCP,0,,,N,0700
US1TXAT0021,20251117,PRCP,0,,,N,0700
US1TXAT0021,20251118,PRCP,0,,,N,0700
US1TXAT0021,20251119,PRCP,0,,,N,0700
US1TXAT0021,20251120,PRCP,0,,,N,0700
US1TXAT0021,20251121,PRCP,0,,,N,0700
US1TXAT0021,20251122,PRCP,0,,,N,0700
US1TXAT0021,20251125,PRCP,5,,,N,0700
US1TXAT0021,20251126,PRCP,0,,,N,0700
US1TXAT0021,20251127,PRCP,0,,,N,0700
US1TXAT0021,20251128,PRCP,0,,,N,0700
US1TXAT0021,20251129,PRCP,0,,,N,0700
US1TXAT0021,20251130,PRCP,0,,,N,0700
US1TXAT0021,20251101,SNOW,0,,,N,0700
US1TXAT0021,20251102,SNOW,0,,,N,0700
US1TXAT0021,20251103,SNOW,0,,,N,0700
US1TXAT0021,20251104,SNOW,0,,,N,0700
US1TXAT0021,20251105,SNOW,0,,,N,0700
US1TXAT0021,20251106,SNOW,0,,,N,0700
US1TXAT0021,20251107,SNOW,0,,,N,0700
US1TXAT0021,20251108,SNOW,0,,,N,0700
US1TXAT0021,20251109,SNOW,0,,,N,0700
US1TXAT0021,20251110,SNOW,0,,,N,0700
US1TXAT0021,20251111,SNOW,0,,,N,0700
US1TXAT0021,20251112,SNOW,0,,,N,0700
US1TXAT0021,20251113,SNOW,0,,,N,0700
US1TXAT0021,20251114,SNOW,0,,,N,0700
US1TXAT0021,20251115,SNOW,0,,,N,0700
US1TXAT0021,20251116,SNOW,0,,,N,0700
US1TXAT0021,20251117,SNOW,0,,,N,0700
US1TXAT0021,20251118,SNOW,0,,,N,0700
US1TXAT0021,20251119,SNOW,0,,,N,0700
US1TXAT0021,20251120,SNOW,0,,,N,0700
US1TXAT0021,20251121,SNOW,0,,,N,0700
US1TXAT0021,20251122,SNOW,0,,,N,0700
US1TXAT0021,20251126,SNOW,0,,,N,0700
US1TXAT0021,20251127,SNOW,0,,,N,0700
US1TXAT0021,20251128,SNOW,0,,,N,0700
US1TXAT0021,20251129,SNOW,0,,,N,0700
US1TXAT0021,20251130,SNOW,0,,,N,0700
US1TXAT0021,20251124,DAPR,2,,,N,0700
US1TXAT0021,20251124,MDPR,69,,,N,0700
US1TXAT0021,20251201,PRCP,0,T,,N,0700
US1TXAT0021,20251206,PRCP,0,,,N,0700
US1TXAT0021,20251207,PRCP,0,,,N,0700
US1TXAT0021,20251208,PRCP,0,,,N,0700
US1TXAT0021,20251209,PRCP,0,,,N,0700
US1TXAT0021,20251210,PRCP,0,,,N,0700
US1TXAT0021,20251211,PRCP,0,,,N,0700
US1TXAT0021,20251212,PRCP,0,,,N,0700
US1TXAT0021,20251213,PRCP,0,,,N,0700
US1TXAT0021,20251214,PRCP,0,,,N,0700
US1TXAT0021,20251215,PRCP,0,,,N,0700
US1TXAT0021,20251216,PRCP,0,,,N,0700
US1TXAT0021,20251217,PRCP,25,,,N,0700
US1TXAT0021,20251218,PRCP,25,,,N,0700
US1TXAT0021,20251219,PRCP,0,,,N,0700
US1TXAT0021,20251220,PRCP,0,,,N,0700
US1TXAT0021,20251221,PRCP,0,,,N,0700
US1TXAT0021,20251222,PRCP,0,,,N,0700
US1TXAT0021,20251223,PRCP,0,,,N,0700
US1TXAT0021,20251224,PRCP,0,,,N,0700
US1TXAT0021,20251225,PRCP,0,,,N,0700
US1TXAT0021,20251226,PRCP,0,,,N,0700
US1TXAT0021,20251227,PRCP,0,,,N,0700
US1TXAT0021,20251228,PRCP,0,,,N,0700
US1TXAT0021,20251229,PRCP,0,,,N,0700
US1TXAT0021,20251230,PRCP,0,,,N,0700
US1TXAT0021,20251231,PRCP,0,,,N,0700
US1TXAT0021,20251206,SNOW,0,,,N,0700
US1TXAT0021,20251207,SNOW,0,,,N,0700
US1TXAT0021,20251208,SNOW,0,,,N,0700
US1TXAT0021,20251209,SNOW,0,,,N,0700
US1TXAT0021,20251210,SNOW,0,,,N,0700
US1TXAT0021,20251211,SNOW,0,,,N,0700
US1TXAT0021,20251212,SNOW,0,,,N,0700
US1TXAT0021,20251213,SNOW,0,,,N,0700
US1TXAT0021,20251214,SNOW,0,,,N,0700
US1TXAT0021,20251215,SNOW,0,,,N,0700
US1TXAT0021,20251216,SNOW,0,,,N,0700
US1TXAT0021,20251219,SNOW,0,,,N,0700
US1TXAT0021,20251220,SNOW,0,,,N,0700
US1TXAT0021,20251221,SNOW,0,,,N,0700
US1TXAT0021,20251222,SNOW,0,,,N,0700
US1TXAT0021,20251223,SNOW,0,,,N,0700
US1TXAT0021,20251224,SNOW,0,,,N,0700
US1TXAT0021,20251225,SNOW,0,,,N,0700
US1TXAT0021,20251226,SNOW,0,,,N,0700
US1TXAT0021,20251227,SNOW,0,,,N,0700
US1TXAT0021,20251228,SNOW,0,,,N,0700
US1TXAT0021,20251229,SNOW,0,,,N,0700
US1TXAT0021,20251230,SNOW,0,,,N,0700
US1TXAT0021,20251231,SNOW,0,,,N,0700
US1TXAT0021,20251205,DAPR,4,,,N,0700
US1TXAT0021,20251205,MDPR,28,,,N,0700
US1TXAT0021,20260101,PRCP,0,,,N,0700
US1TXAT0021,20260102,PRCP,0,,,N,0700
US1TXAT0021,20260103,PRCP,0,,,N,0700
US1TXAT0021,20260104,PRCP,0,,,N,0700
US1TXAT0021,20260105,PRCP,0,,,N,0700
US1TXAT0021,20260106,PRCP,0,,,N,0700
US1TXAT0021,20260107,PRCP,0,,,N,0700
US1TXAT0021,20260108,PRCP,0,,,N,0700
US1TXAT0021,20260109,PRCP,0,,,N,0700
US1TXAT0021,20260110,PRCP,0,,,N,0700
US1TXAT0021,20260111,PRCP,0,,,N,0700
US1TXAT0021,20260112,PRCP,0,,,N,0700
US1TXAT0021,20260113,PRCP,8,,,N,0700
US1TXAT0021,20260114,PRCP,0,,,N,0700
US1TXAT0021,20260115,PRCP,0,,,N,0700
US1TXAT0021,20260116,PRCP,0,,,N,0700
US1TXAT0021,20260117,PRCP,0,,,N,0700
US1TXAT0021,20260118,PRCP,0,,,N,0700
US1TXAT0021,20260119,PRCP,0,,,N,0700
US1TXAT0021,20260120,PRCP,0,,,N,0700
US1TXAT0021,20260121,PRCP,0,T,,N,0700
US1TXAT0021,20260122,PRCP,0,,,N,0700
US1TXAT0021,20260123,PRCP,0,,,N,0700
US1TXAT0021,20260124,PRCP,119,,,N,0700
US1TXAT0021,20260125,PRCP,20,,,N,0700
US1TXAT0021,20260126,PRCP,0,,,N,0700
US1TXAT0021,20260127,PRCP,0,,,N,0700
US1TXAT0021,20260128,PRCP,0,,,N,0700
US1TXAT0021,20260129,PRCP,0,,,N,0700
US1TXAT0021,20260130,PRCP,0,,,N,0700
US1TXAT0021,20260131,PRCP,0,,,N,0700
US1TXAT0021,20260101,SNOW,0,,,N,0700
US1TXAT0021,20260102,SNOW,0,,,N,0700
US1TXAT0021,20260103,SNOW,0,,,N,0700
US1TXAT0021,20260104,SNOW,0,,,N,0700
US1TXAT0021,20260105,SNOW,0,,,N,0700
US1TXAT0021,20260106,SNOW,0,,,N,0700
US1TXAT0021,20260107,SNOW,0,,,N,0700
US1TXAT0021,20260108,SNOW,0,,,N,0700
US1TXAT0021,20260109,SNOW,0,,,N,0700
US1TXAT0021,20260110,SNOW,0,,,N,0700
US1TXAT0021,20260111,SNOW,0,,,N,0700
US1TXAT0021,20260112,SNOW,0,,,N,0700
US1TXAT0021,20260114,SNOW,0,,,N,0700
US1TXAT0021,20260115,SNOW,0,,,N,0700
US1TXAT0021,20260116,SNOW,0,,,N,0700
US1TXAT0021,20260117,SNOW,0,,,N,0700
US1TXAT0021,20260118,SNOW,0,,,N,0700
US1TXAT0021,20260119,SNOW,0,,,N,0700
US1TXAT0021,20260120,SNOW,0,,,N,0700
US1TXAT0021,20260122,SNOW,0,,,N,0700
US1TXAT0021,20260123,SNOW,0,,,N,0700
US1TXAT0021,20260126,SNOW,0,,,N,0700
US1TXAT0021,20260127,SNOW,0,,,N,0700
US1TXAT0021,20260128,SNOW,0,,,N,0700
US1TXAT0021,20260129,SNOW,0,,,N,0700
US1TXAT0021,20260130,SNOW,0,,,N,0700
US1TXAT0021,20260131,SNOW,0,,,N,0700
US1TXAT0021,20260201,PRCP,0,,,N,0700
US1TXAT0021,20260202,PRCP,0,,,N,0700
US1TXAT0021,20260203,PRCP,0,,,N,0700
US1TXAT0021,20260204,PRCP,0,,,N,0700
US1TXAT0021,20260205,PRCP,0,,,N,0700
US1TXAT0021,20260206,PRCP,0,,,N,0700
US1TXAT0021,20260207,PRCP,0,,,N,0700
US1TXAT0021,20260208,PRCP,0,,,N,0700
US1TXAT0021,20260209,PRCP,0,,,N,0700
US1TXAT0021,20260210,PRCP,0,,,N,0700
US1TXAT0021,20260211,PRCP,0,T,,N,0700
US1TXAT0021,20260212,PRCP,0,,,N,0700
US1TXAT0021,20260213,PRCP,0,,,N,0700
US1TXAT0021,20260214,PRCP,23,,,N,0700
US1TXAT0021,20260215,PRCP,132,,,N,0700
US1TXAT0021,20260216,PRCP,0,,,N,0700
US1TXAT0021,20260217,PRCP,0,,,N,0700
US1TXAT0021,20260218,PRCP,0,,,N,0700
US1TXAT0021,20260219,PRCP,0,,,N,0700
US1TXAT0021,20260220,PRCP,0,,,N,0700
US1TXAT0021,20260221,PRCP,0,,,N,0700
US1TXAT0021,20260222,PRCP,0,,,N,0700
US1TXAT0021,20260223,PRCP,0,,,N,0700
US1TXAT0021,20260224,PRCP,0,,,N,0700
US1TXAT0021,20260225,PRCP,0,,,N,0700
US1TXAT0021,20260226,PRCP,0,,,N,0700
US1TXAT0021,20260201,SNOW,0,,,N,0700
US1TXAT0021,20260202,SNOW,0,,,N,0700
US1TXAT0021,20260203,SNOW,0,,,N,0700
US1TXAT0021,20260204,SNOW,0,,,N,0700
US1TXAT0021,20260205,SNOW,0,,,N,0700
US1TXAT0021,20260206,SNOW,0,,,N,0700
US1TXAT0021,20260207,SNOW,0,,,N,0700
US1TXAT0021,20260208,SNOW,0,,,N,0700
US1TXAT0021,20260209,SNOW,0,,,N,0700
US1TXAT0021,20260210,SNOW,0,,,N,0700
US1TXAT0021,20260212,SNOW,0,,,N,0700
US1TXAT0021,20260213,SNOW,0,,,N,0700
US1TXAT0021,20260216,SNOW,0,,,N,0700
US1TXAT0021,20260217,SNOW,0,,,N,0700
US1TXAT0021,20260218,SNOW,0,,,N,0700
US1TXAT0021,20260219,SNOW,0,,,N,0700
US1TXAT0021,20260220,SNOW,0,,,N,0700
US1TXAT0021,20260221,SNOW,0,,,N,0700
US1TXAT0021,20260222,SNOW,0,,,N,0700
US1TXAT0021,20260223,SNOW,0,,,N,0700
US1TXAT0021,20260224,SNOW,0,,,N,0700
US1TXAT0021,20260225,SNOW,0,,,N,0700
US1TXAT0021,20260226,SNOW,0,,,N,0700
US1TXAT0021,20260301,PRCP,0,,,N,0700
US1TXAT0021,20260302,PRCP,0,,,N,0700
US1TXAT0021,20260303,PRCP,0,,,N,0700
US1TXAT0021,20260304,PRCP,0,,,N,0700
US1TXAT0021,20260305,PRCP,0,,,N,0700
US1TXAT0021,20260306,PRCP,0,,,N,0700
US1TXAT0021,20260307,PRCP,0,,,N,0700
US1TXAT0021,20260308,PRCP,30,,,N,0700
US1TXAT0021,20260309,PRCP,122,,,N,0700
US1TXAT0021,20260310,PRCP,0,T,,N,0700
US1TXAT0021,20260311,PRCP,18,,,N,0700
US1TXAT0021,20260312,PRCP,0,,,N,0700
US1TXAT0021,20260313,PRCP,0,,,N,0700
US1TXAT0021,20260314,PRCP,0,,,N,0700
US1TXAT0021,20260315,PRCP,0,,,N,0700
US1TXAT0021,20260316,PRCP,0,,,N,0700
US1TXAT0021,20260317,PRCP,0,,,N,0700
US1TXAT0021,20260318,PRCP,0,,,N,0700
US1TXAT0021,20260319,PRCP,0,,,N,0700
US1TXAT0021,20260320,PRCP,0,,,N,0700
US1TXAT0021,20260321,PRCP,0,,,N,0700
US1TXAT0021,20260322,PRCP,0,,,N,0700
US1TXAT0021,20260323,PRCP,0,,,N,0700
US1TXAT0021,20260324,PRCP,0,,,N,0700
US1TXAT0021,20260325,PRCP,0,,,N,0700
US1TXAT0021,20260326,PRCP,0,,,N,0700
US1TXAT0021,20260327,PRCP,0,,,N,0700
US1TXAT0021,20260328,PRCP,0,,,N,0700
US1TXAT0021,20260329,PRCP,0,,,N,0700
US1TXAT0021,20260330,PRCP,0,,,N,0700
US1TXAT0021,20260331,PRCP,0,,,N,0700
US1TXAT0021,20260301,SNOW,0,,,N,0700
US1TXAT0021,20260302,SNOW,0,,,N,0700
US1TXAT0021,20260303,SNOW,0,,,N,0700
US1TXAT0021,20260304,SNOW,0,,,N,0700
US1TXAT0021,20260305,SNOW,0,,,N,0700
US1TXAT0021,20260306,SNOW,0,,,N,0700
US1TXAT0021,20260307,SNOW,0,,,N,0700
US1TXAT0021,20260312,SNOW,0,,,N,0700
US1TXAT0021,20260313,SNOW,0,,,N,0700
US1TXAT0021,20260314,SNOW,0,,,N,0700
US1TXAT0021,20260315,SNOW,0,,,N,0700
US1TXAT0021,20260316,SNOW,0,,,N,0700
US1TXAT0021,20260317,SNOW,0,,,N,0700
US1TXAT0021,20260318,SNOW,0,,,N,0700
US1TXAT0021,20260319,SNOW,0,,,N,0700
US1TXAT0021,20260320,SNOW,0,,,N,0700
US1TXAT0021,20260321,SNOW,0,,,N,0700
US1TXAT0021,20260322,SNOW,0,,,N,0700
US1TXAT0021,20260323,SNOW,0,,,N,0700
US1TXAT0021,20260324,SNOW,0,,,N,0700
US1TXAT0021,20260325,SNOW,0,,,N,0700
US1TXAT0021,20260326,SNOW,0,,,N,0700
US1TXAT0021,20260327,SNOW,0,,,N,0700
US1TXAT0021,20260328,SNOW,0,,,N,0700
US1TXAT0021,20260329,SNOW,0,,,N,0700
US1TXAT0021,20260330,SNOW,0,,,N,0700
US1TXAT0021,20260331,SNOW,0,,,N,0700
US1TXAT0021,20260401,PRCP,0,,,N,0700
US1TXAT0021,20260402,PRCP,0,,,N,0700
US1TXAT0021,20260403,PRCP,0,,,N,0700
US1TXAT0021,20260404,PRCP,0,,,N,0700
US1TXAT0021,20260405,PRCP,84,,,N,0800
US1TXAT0021,20260406,PRCP,20,,,N,0700
US1TXAT0021,20260407,PRCP,0,,,N,0700
US1TXAT0021,20260408,PRCP,0,,,N,0700
US1TXAT0021,20260409,PRCP,0,,,N,0700
US1TXAT0021,20260410,PRCP,0,,,N,0700
US1TXAT0021,20260411,PRCP,41,,,N,0700
US1TXAT0021,20260412,PRCP,28,,,N,0700
US1TXAT0021,20260413,PRCP,10,,,N,0700
US1TXAT0021,20260418,PRCP,0,,,N,0700
US1TXAT0021,20260419,PRCP,330,,,N,0700
US1TXAT0021,20260420,PRCP,208,,,N,0700
US1TXAT0021,20260421,PRCP,244,,,N,0700
US1TXAT0021,20260422,PRCP,114,,,N,0700
US1TXAT0021,20260423,PRCP,0,,,N,0700
US1TXAT0021,20260424,PRCP,0,,,N,0700
US1TXAT0021,20260425,PRCP,0,,,N,0700
US1TXAT0021,20260426,PRCP,0,,,N,0700
US1TXAT0021,20260427,PRCP,0,,,N,0700
US1TXAT0021,20260428,PRCP,0,,,N,0700
US1TXAT0021,20260429,PRCP,0,,,N,0700
US1TXAT0021,20260430,PRCP,0,,,N,0700
US1TXAT0021,20260401,SNOW,0,,,N,0700
US1TXAT0021,20260402,SNOW,0,,,N,0700
US1TXAT0021,20260403,SNOW,0,,,N,0700
US1TXAT0021,20260404,SNOW,0,,,N,0700
US1TXAT0021,20260407,SNOW,0,,,N,0700
US1TXAT0021,20260408,SNOW,0,,,N,0700
US1TXAT0021,20260409,SNOW,0,,,N,0700
US1TXAT0021,20260410,SNOW,0,,,N,0700
US1TXAT0021,20260418,SNOW,0,,,N,0700
US1TXAT0021,20260423,SNOW,0,,,N,0700
US1TXAT0021,20260424,SNOW,0,,,N,0700
US1TXAT0021,20260425,SNOW,0,,,N,0700
US1TXAT0021,20260426,SNOW,0,,,N,0700
US1TXAT0021,20260427,SNOW,0,,,N,0700
US1TXAT0021,20260428,SNOW,0,,,N,0700
US1TXAT0021,20260429,SNOW,0,,,N,0700
US1TXAT0021,20260430,SNOW,0,,,N,0700
US1TXAT0021,20260417,DAPR,4,,,N,1100
US1TXAT0021,20260417,MDPR,8,,,N,1100
US1TXAT0021,20260501,PRCP,429,,,N,0700
US1TXAT0021,20260502,PRCP,513,,,N,0700
US1TXAT0021,20260503,PRCP,0,,,N,0700
US1TXAT0021,20260504,PRCP,0,,,N,0700
US1TXAT0021,20260505,PRCP,0,,,N,0700
US1TXAT0021,20260506,PRCP,0,,,N,0700
US1TXAT0021,20260507,PRCP,0,,,N,0700
US1TXAT0021,20260508,PRCP,0,,,N,0700
US1TXAT0021,20260509,PRCP,0,,,N,0700
US1TXAT0021,20260510,PRCP,0,,,N,0700
US1TXAT0021,20260511,PRCP,221,,,N,0700
US1TXAT0021,20260512,PRCP,0,,,N,0700
US1TXAT0021,20260513,PRCP,0,,,N,0700
US1TXAT0021,20260514,PRCP,0,,,N,0700
US1TXAT0021,20260515,PRCP,0,,,N,0700
US1TXAT0021,20260516,PRCP,0,,,N,0700
US1TXAT0021,20260517,PRCP,0,,,N,0700
US1TXAT0021,20260518,PRCP,3,,,N,0700
US1TXAT0021,20260522,PRCP,0,,,N,0700
US1TXAT0021,20260523,PRCP,10,,,N,0700
US1TXAT0021,20260524,PRCP,191,,,N,0700
US1TXAT0021,20260525,PRCP,0,,,N,0700
US1TXAT0021,20260526,PRCP,0,,,N,0700
US1TXAT0021,20260527,PRCP,351,,,N,0700
US1TXAT0021,20260528,PRCP,3,,,N,0700
US1TXAT0021,20260531,PRCP,0,,,N,0700
US1TXAT0021,20260503,SNOW,0,,,N,0700
US1TXAT0021,20260504,SNOW,0,,,N,0700
US1TXAT0021,20260505,SNOW,0,,,N,0700
US1TXAT0021,20260506,SNOW,0,,,N,0700
US1TXAT0021,20260507,SNOW,0,,,N,0700
US1TXAT0021,20260508,SNOW,0,,,N,0700
US1TXAT0021,20260509,SNOW,0,,,N,0700
US1TXAT0021,20260510,SNOW,0,,,N,0700
US1TXAT0021,20260512,SNOW,0,,,N,0700
US1TXAT0021,20260513,SNOW,0,,,N,0700
US1TXAT0021,20260514,SNOW,0,,,N,0700
US1TXAT0021,20260515,SNOW,0,,,N,0700
US1TXAT0021,20260516,SNOW,0,,,N,0700
US1TXAT0021,20260517,SNOW,0,,,N,0700
US1TXAT0021,20260522,SNOW,0,,,N,0700
US1TXAT0021,20260525,SNOW,0,,,N,0700
US1TXAT0021,20260526,SNOW,0,,,N,0700
US1TXAT0021,20260531,SNOW,0,,,N,0700
US1TXAT0021,20260521,DAPR,3,,,N,1334
US1TXAT0021,20260521,MDPR,516,,,N,1334
US1TXAT0021,20260601,PRCP,0,,,N,0700
US1TXAT0021,20260602,PRCP,0,,,N,0700
US1TXAT0021,20260603,PRCP,0,,,N,0700
US1TXAT0021,20260604,PRCP,0,,,N,0700
US1TXAT0021,20260605,PRCP,3,,,N,0700
US1TXAT0021,20260606,PRCP,46,,,N,0700
US1TXAT0021,20260607,PRCP,28,,,N,0700
US1TXAT0021,20260608,PRCP,0,,,N,0700
US1TXAT0021,20260609,PRCP,127,,,N,0700
US1TXAT0021,20260610,PRCP,0,,,N,0700
US1TXAT0021,20260611,PRCP,0,,,N,0700
US1TXAT0021,20260612,PRCP,0,,,N,0700
US1TXAT0021,20260613,PRCP,0,,,N,0700
US1TXAT0021,20260614,PRCP,8,,,N,0700
US1TXAT0021,20260615,PRCP,79,,,N,0700
US1TXAT0021,20260616,PRCP,269,,,N,0700
US1TXAT0021,20260617,PRCP,107,,,N,0700
US1TXAT0021,20260618,PRCP,0,,,N,0700
US1TXAT0021,20260619,PRCP,0,,,N,0700
US1TXAT0021,20260620,PRCP,147,,,N,0700
US1TXAT0021,20260621,PRCP,0,T,,N,0700
US1TXAT0021,20260622,PRCP,0,,,N,0700
US1TXAT0021,20260623,PRCP,0,,,N,0700
US1TXAT0021,20260624,PRCP,0,,,N,0700
US1TXAT0021,20260625,PRCP,0,,,N,0700
US1TXAT0021,20260626,PRCP,0,,,N,0700
US1TXAT0021,20260627,PRCP,0,,,N,0700
US1TXAT0021,20260628,PRCP,0,,,N,0700
US1TXAT0021,20260629,PRCP,0,,,N,0700
US1TXAT0021,20260630,PRCP,0,,,N,0700
US1TXAT0021,20260601,SNOW,0,,,N,0700
US1TXAT0021,20260602,SNOW,0,,,N,0700
US1TXAT0021,20260603,SNOW,0,,,N,0700
US1TXAT0021,20260604,SNOW,0,,,N,0700
US1TXAT0021,20260608,SNOW,0,,,N,0700
US1TXAT0021,20260610,SNOW,0,,,N,0700
US1TXAT0021,20260611,SNOW,0,,,N,0700
US1TXAT0021,20260612,SNOW,0,,,N,0700
US1TXAT0021,20260613,SNOW,0,,,N,0700
US1TXAT0021,20260618,SNOW,0,,,N,0700
US1TXAT0021,20260619,SNOW,0,,,N,0700
US1TXAT0021,20260622,SNOW,0,,,N,0700
US1TXAT0021,20260623,SNOW,0,,,N,0700
US1TXAT0021,20260624,SNOW,0,,,N,0700
US1TXAT0021,20260625,SNOW,0,,,N,0700
US1TXAT0021,20260626,SNOW,0,,,N,0700
US1TXAT0021,20260627,SNOW,0,,,N,0700
US1TXAT0021,20260628,SNOW,0,,,N,0700
US1TXAT0021,20260629,SNOW,0,,,N,0700
US1TXAT0021,20260630,SNOW,0,,,N,0700
US1TXAT0021,20260701,PRCP,0,,,N,0700
US1TXAT0021,20260702,PRCP,0,,,N,0700
US1TXAT0021,20260703,PRCP,0,,,N,0700
US1TXAT0021,20260704,PRCP,0,,,N,0700
US1TXAT0021,20260705,PRCP,0,,,N,0700
US1TXAT0021,20260706,PRCP,0,,,N,0700
US1TXAT0021,20260707,PRCP,0,,,N,0700
US1TXAT0021,20260708,PRCP,8,,,N,0700
US1TXAT0021,20260709,PRCP,0,,,N,0700
US1TXAT0021,20260710,PRCP,0,,,N,0700
US1TXAT0021,20260711,PRCP,0,,,N,0700
US1TXAT0021,20260712,PRCP,107,,,N,0700
US1TXAT0021,20260713,PRCP,66,,,N,0700
US1TXAT0021,20260714,PRCP,122,,,N,0700
US1TXAT0021,20260715,PRCP,28,,,N,0700
US1TXAT0021,20260716,PRCP,0,,,N,0700
US1TXAT0021,20260717,PRCP,38,,,N,0700
US1TXAT0021,20260718,PRCP,0,,,N,0700
US1TXAT0021,20260719,PRCP,0,,,N,0700
US1TXAT0021,20260720,PRCP,0,,,N,0700
US1TXAT0021,20260721,PRCP,0,,,N,0700
US1TXAT0021,20260722,PRCP,0,,,N,0700
US1TXAT0021,20260723,PRCP,0,,,N,0700
US1TXAT0021,20260724,PRCP,163,,,N,0700
US1TXAT0021,20260725,PRCP,0,,,N,0700
US1TXAT0021,20260726,PRCP,0,,,N,0700
US1TXAT0021,20260727,PRCP,0,,,N,0700
US1TXAT0021,20260728,PRCP,0,,,N,0700
US1TXAT0021,20260729,PRCP,0,,,N,0700
US1TXAT0021,20260730,PRCP,0,,,N,0700
US1TXAT0021,20260731,PRCP,0,,,N,0700
US1TXAT0021,20260701,SNOW,0,,,N,0700
US1TXAT0021,20260702,SNOW,0,,,N,0700
US1TXAT0021,20260703,SNOW,0,,,N,0700
US1TXAT0021,20260704,SNOW,0,,,N,0700
US1TXAT0021,20260705,SNOW,0,,,N,0700
US1TXAT0021,20260706,SNOW,0,,,N,0700
US1TXAT0021,20260707,SNOW,0,,,N,0700
US1TXAT0021,20260709,SNOW,0,,,N,0700
US1TXAT0021,20260710,SNOW,0,,,N,0700
US1TXAT0021,20260711,SNOW,0,,,N,0700
US1TXAT0021,20260716,SNOW,0,,,N,0700
US1TXAT0021,20260718,SNOW,0,,,N,0700
US1TXAT0021,20260719,SNOW,0,,,N,0700
US1TXAT0021,20260720,SNOW,0,,,N,0700
US1TXAT0021,20260721,SNOW,0,,,N,0700
US1TXAT0021,20260722,SNOW,0,,,N,0700
US1TXAT0021,20260723,SNOW,0,,,N,0700
US1TXAT0021,20260725,SNOW,0,,,N,0700
US1TXAT0021,20260726,SNOW,0,,,N,0700
US1TXAT0021,20260727,SNOW,0,,,N,0700
US1TXAT0021,20260728,SNOW,0,,,N,0700
US1TXAT0021,20260729,SNOW,0,,,N,0700
US1TXAT0021,20260730,SNOW,0,,,N,0700
US1TXAT0021,20260731,SNOW,0,,,N,0700
US1TXAT0021,20260801,PRCP,0,,,N,0700
US1TXAT0021,20260802,PRCP,0,,,N,0700
US1TXAT0021,20260803,PRCP,0,,,N,0700
US1TXAT0021,20260804,PRCP,0,,,N,0700
US1TXAT0021,20260805,PRCP,0,,,N,0700
US1TXAT0021,20260806,PRCP,0,,,N,0700
US1TXAT0021,20260807,PRCP,0,,,N,0700
US1TXAT0021,20260808,PRCP,0,,,N,0700
US1TXAT0021,20260809,PRCP,0,,,N,0700
US1TXAT0021,20260810,PRCP,0,,,N,0700
US1TXAT0021,20260811,PRCP,0,,,N,0700
US1TXAT0021,20260812,PRCP,0,,,N,0700
US1TXAT0021,20260813,PRCP,0,,,N,0700
US1TXAT0021,20260814,PRCP,0,,,N,0700
US1TXAT0021,20260815,PRCP,0,,,N,0700
US1TXAT0021,20260816,PRCP,0,,,N,0700
US1TXAT0021,20260817,PRCP,0,,,N,0700
US1TXAT0021,20260818,PRCP,0,,,N,0700
US1TXAT0021,20260819,PRCP,0,,,N,0700
US1TXAT0021,20260820,PRCP,0,,,N,0700
US1TXAT0021,20260821,PRCP,0,,,N,0700
US1TXAT0021,20260822,PRCP,0,,,N,0700
US1TXAT0021,20260823,PRCP,0,,,N,0700
US1TXAT0021,20260824,PRCP,0,,,N,0700
US1TXAT0021,20260825,PRCP,0,,,N,0700
US1TXAT0021,20260826,PRCP,0,,,N,0700
US1TXAT0021,20260827,PRCP,0,,,N,0700
US1TXAT0021,20260828,PRCP,290,,,N,0700
US1TXAT0021,20260829,PRCP,3,,,N,0700
US1TXAT0021,20260830,PRCP,0,,,N,0700
US1TXAT0021,20260831,PRCP,0,,,N,0700
US1TXAT0021,20260801,SNOW,0,,,N,0700
US1TXAT0021,20260802,SNOW,0,,,N,0700
US1TXAT0021,20260803,SNOW,0,,,N,0700
US1TXAT0021,20260804,SNOW,0,,,N,0700
US1TXAT0021,20260805,SNOW,0,,,N,0700
US1TXAT0021,20260806,SNOW,0,,,N,0700
US1TXAT0021,20260807,SNOW,0,,,N,0700
US1TXAT0021,20260808,SNOW,0,,,N,0700
US1TXAT0021,20260809,SNOW,0,,,N,0700
US1TXAT0021,20260810,SNOW,0,,,N,0700
US1TXAT0021,20260811,SNOW,0,,,N,0700
US1TXAT0021,20260812,SNOW,0,,,N,0700
US1TXAT0021,20260813,SNOW,0,,,N,0700
US1TXAT0021,20260814,SNOW,0,,,N,0700
US1TXAT0021,20260815,SNOW,0,,,N,0700
US1TXAT0021,20260816,SNOW,0,,,N,0700
US1TXAT0021,20260817,SNOW,0,,,N,0700
US1TXAT0021,20260818,SNOW,0,,,N,0700
US1TXAT0021,20260819,SNOW,0,,,N,0700
US1TXAT0021,20260820,SNOW,0,,,N,0700
US1TXAT0021,20260821,SNOW,0,,,N,0700
US1TXAT0021,20260822,SNOW,0,,,N,0700
US1TXAT0021,20260823,SNOW,0,,,N,0700
US1TXAT0021,20260824,SNOW,0,,,N,0700
US1TXAT0021,20260825,SNOW,0,,,N,0700
US1TXAT0021,20260826,SNOW,0,,,N,0700
US1TXAT0021,20260827,SNOW,0,,,N,0700
US1TXAT0021,20260830,SNOW,0,,,N,0700
US1TXAT0021,20260831,SNOW,0,,,N,0700
US1TXAT0021,20260901,PRCP,0,T,,N,0700
US1TXAT0021,20260902,PRCP,0,,,N,
US1TXAT0021,20260903,PRCP,0,,,N,
US1TXAT0021,20260904,PRCP,0,,,N,
US1TXAT0021,20260905,PRCP,0,,,N,
US1TXAT0021,20260902,SNOW,0,,,N,
US1TXAT0021,20260903,SNOW,0,,,N,
US1TXAT0021,20260904,SNOW,0,,,N,
US1TXAT0021,20260905,SNOW,0,,,N,
